課名,教師,流水號,課號,課程識別碼,必選修,開課系所,上課時間,上課地點,加簽類別,授課語言,學分,修課人數上限,詳情頁URL
服務學習甲,黃玉萍,17067,AC0006,603001G0,必帶,,,,1 類,,1,,https://course.ntu.edu.tw/courses/114-2/17067
服務學習乙,羅凱尹,52063,AC0007,603001H0,必帶,,,,1 類,,1,,https://course.ntu.edu.tw/courses/114-2/52063
普通微生物學,吳蕙芬,18496,AC2005,60323100,必帶,,"一 3,4 / 四 1",農化一第五,2 類,,3,,https://course.ntu.edu.tw/courses/114-2/18496
普通微生物學實驗,羅凱尹,25078,AC2008,60323200,必帶,,"二 6,7,8,9",農化二110-1,2 類,,1,,https://course.ntu.edu.tw/courses/114-2/25078
普通微生物學實驗,羅凱尹,10972,AC2008,60323200,必帶,,"四 6,7,8,9",農化二110-1,2 類,,1,,https://course.ntu.edu.tw/courses/114-2/10972
農業化學專業發展,黃玉萍,25857,AC2009,60320300,必帶,,五 6,共104,2 類,,1,,https://course.ntu.edu.tw/courses/114-2/25857
植物營養學,洪傳揚,19093,AC3035,60339100,必帶 / 選修,,"四 3,4",農化二B10,2 類,,2,,https://course.ntu.edu.tw/courses/114-2/19093
植物營養學實驗,洪傳揚,16900,AC3036,60339200,必帶,,"三 7,8,9",農化二211,2 類,,1,,https://course.ntu.edu.tw/courses/114-2/16900
植物營養學實驗,洪傳揚,17524,AC3036,60339200,必帶,,"四 7,8,9",農化二211,2 類,,1,,https://course.ntu.edu.tw/courses/114-2/17524
專題研究一,顏瑞泓,40033,AC4012,60349610,選修,,,,2 類,,2,,https://course.ntu.edu.tw/courses/114-2/40033
專題研究一,賴喜美,12308,AC4012,60349610,選修,,,,2 類,,2,,https://course.ntu.edu.tw/courses/114-2/12308
專題研究一,蘇南維,43291,AC4012,60349610,選修,,,,1 類,,2,,https://course.ntu.edu.tw/courses/114-2/43291
專題研究一,王尚禮,24985,AC4012,60349610,選修,,,,1 類,,2,,https://course.ntu.edu.tw/courses/114-2/24985
專題研究一,施養信,19493,AC4012,60349610,選修,,,,1 類,,2,,https://course.ntu.edu.tw/courses/114-2/19493
專題研究一,羅凱尹,38055,AC4012,60349610,選修,,,,1 類,,2,,https://course.ntu.edu.tw/courses/114-2/38055
專題研究一,盧  毅,59608,AC4012,60349610,選修,,,,1 類,,2,,https://course.ntu.edu.tw/courses/114-2/59608
專題研究一,黃玉萍,17856,AC4012,60349610,選修,,,,1 類,,2,,https://course.ntu.edu.tw/courses/114-2/17856
專題研究二,賴喜美,38944,AC4013,60349620,選修,,,,2 類,,2,,https://course.ntu.edu.tw/courses/114-2/38944
專題研究二,王尚禮,39209,AC4013,60349620,選修,,,,1 類,,2,,https://course.ntu.edu.tw/courses/114-2/39209
專題研究二,施養信,21303,AC4013,60349620,選修,,,,1 類,,2,,https://course.ntu.edu.tw/courses/114-2/21303
專題研究二,徐駿森,51470,AC4013,60349620,選修,,,,1 類,,2,,https://course.ntu.edu.tw/courses/114-2/51470
專題研究二,盧  毅,31697,AC4013,60349620,選修,,,,1 類,,2,,https://course.ntu.edu.tw/courses/114-2/31697
專題研究與討論,盧  毅,38930,AC4019,60349130,必帶,,"二 8,9",農化二B10,1 類,,1,,https://course.ntu.edu.tw/courses/114-2/38930
學士論文下,賴喜美,46482,AC4024,60349502,選修,,,,2 類,,1,,https://course.ntu.edu.tw/courses/114-2/46482
學士論文下,洪傳揚,19897,AC4024,60349502,選修,,,,1 類,,1,,https://course.ntu.edu.tw/courses/114-2/19897
學士論文下,盧  毅,47795,AC4024,60349502,選修,,,,1 類,,1,,https://course.ntu.edu.tw/courses/114-2/47795
食品化學二,蘇南維,24544,AC5007,623U0530,必修,,"一 6,7",農化二B10,3 類,,2,,https://course.ntu.edu.tw/courses/114-2/24544
穀物原料及加工,賴喜美,38810,AC5034,623U3550,選修,,"四 1,2",農化一第六-1,2 類,,3,,https://course.ntu.edu.tw/courses/114-2/38810
生物資源化學,賴喜美,20754,AC5048,623U4130,選修,,"二 6,7",農化一第六-1,2 類,,2,,https://course.ntu.edu.tw/courses/114-2/20754
土壤物理化學,王尚禮,46397,AC5054,623U4210,選修,,"五 1,2",農化二105,2 類,,2,,https://course.ntu.edu.tw/courses/114-2/46397
微生物遺傳學,吳蕙芬,46944,AC5064,623U4320,必修 / 選修,,"三 5,6",農化二106,1 類,,2,,https://course.ntu.edu.tw/courses/114-2/46944
細胞分子機制及調控,羅凱尹,53312,AC5082,623U4490,選修,,"四 3,4",農化二B11-1,1 類,,2,,https://course.ntu.edu.tw/courses/114-2/53312
環境微生物學特論,林乃君,35980,AC5100,623U5070,選修,,"二 A,B,C",農化二B10,1 類,,2,,https://course.ntu.edu.tw/courses/114-2/35980
生物資訊於微生物學之應用,陳宜龍,34307,AC5102,623U5090,選修,,"三 3,4",農化一第五,1 類,,2,,https://course.ntu.edu.tw/courses/114-2/34307
環境化學,陳佩貞,51792,AC5103,623U5100,必修,,"五 3,4",農化二B10,2 類,,2,,https://course.ntu.edu.tw/courses/114-2/51792
農產與食品質譜學概論,黃玉萍,13026,AC5104,623U5110,選修,,"四 3,4",農化一第五,2 類,,2,,https://course.ntu.edu.tw/courses/114-2/13026
專題討論,施養信,12626,AC7001,623M0030,必修,,"五 8,9",農化二B10,1 類,,1,,https://course.ntu.edu.tw/courses/114-2/12626
專題討論,吳蕙芬,30258,AC7001,623M0030,必修,,"五 8,9",農化一第五,1 類,,1,,https://course.ntu.edu.tw/courses/114-2/30258
專題研究二,顏瑞泓,14703,AC7003,623M1020,必修,,,,2 類,,2,,https://course.ntu.edu.tw/courses/114-2/14703
專題研究二,蘇南維,36840,AC7003,623M1020,必修,,,,1 類,,2,,https://course.ntu.edu.tw/courses/114-2/36840
專題研究二,王尚禮,33184,AC7003,623M1020,必修,,,,1 類,,2,,https://course.ntu.edu.tw/courses/114-2/33184
專題研究二,徐駿森,31676,AC7003,623M1020,必修,,,,1 類,,2,,https://course.ntu.edu.tw/courses/114-2/31676
專題研究二,吳蕙芬,16946,AC7003,623M1020,必修,,,,1 類,,2,,https://course.ntu.edu.tw/courses/114-2/16946
專題研究二,林乃君,24557,AC7003,623M1020,必修,,,,1 類,,2,,https://course.ntu.edu.tw/courses/114-2/24557
專題研究二,陳佩貞,53377,AC7003,623M1020,必修,,,,1 類,,2,,https://course.ntu.edu.tw/courses/114-2/53377
專題研究二,羅凱尹,25156,AC7003,623M1020,必修,,,,1 類,,2,,https://course.ntu.edu.tw/courses/114-2/25156
專題研究二,盧  毅,49458,AC7003,623M1020,必修,,,,1 類,,2,,https://course.ntu.edu.tw/courses/114-2/49458
專題研究二,陳宜龍,58724,AC7003,623M1020,必修,,,,1 類,,2,,https://course.ntu.edu.tw/courses/114-2/58724
環境有機化學二,施養信,39200,AC7031,623M2930,選修,,"二 3,4",農化一第五,1 類,,2,,https://course.ntu.edu.tw/courses/114-2/39200
農業化學儀器分析二,洪傳揚,55633,AC7033,623M1620,必修,,,,1 類,,1,,https://course.ntu.edu.tw/courses/114-2/55633
農業化學儀器分析三,洪傳揚,34911,AC7034,623M1630,選修,,,,1 類,,1,,https://course.ntu.edu.tw/courses/114-2/34911
碩士論文,,36066,AC7999,623M0010,必修,,,,1 類,,0,,https://course.ntu.edu.tw/courses/114-2/36066
專題討論,施養信,25470,AC8001,623D0030,必修,,"五 8,9",,1 類,,1,,https://course.ntu.edu.tw/courses/114-2/25470
專題討論,羅凱尹,20763,AC8001,623D0030,必修,,"五 8,9",,1 類,,1,,https://course.ntu.edu.tw/courses/114-2/20763
專題研究二,王尚禮,44486,AC8003,623D1020,必修,,,,1 類,,2,,https://course.ntu.edu.tw/courses/114-2/44486
專題研究二,許正一,53712,AC8003,623D1020,必修,,,,1 類,,2,,https://course.ntu.edu.tw/courses/114-2/53712
專題研究二,林乃君,39791,AC8003,623D1020,必修,,,,1 類,,2,,https://course.ntu.edu.tw/courses/114-2/39791
專題研究二,羅凱尹,57292,AC8003,623D1020,必修,,,,1 類,,2,,https://course.ntu.edu.tw/courses/114-2/57292
專題研究二,陳宜龍,37409,AC8003,623D1020,必修,,,,1 類,,2,,https://course.ntu.edu.tw/courses/114-2/37409
專題研究四,許正一,33670,AC8005,623D1040,必修,,,,1 類,,2,,https://course.ntu.edu.tw/courses/114-2/33670
專題研究四,洪傳揚,30362,AC8005,623D1040,必修,,,,1 類,,2,,https://course.ntu.edu.tw/courses/114-2/30362
專題研究四,林乃君,21375,AC8005,623D1040,必修,,,,1 類,,2,,https://course.ntu.edu.tw/courses/114-2/21375
專題研究四,羅凱尹,53983,AC8005,623D1040,必修,,,,1 類,,2,,https://course.ntu.edu.tw/courses/114-2/53983
專題研究四,盧  毅,23323,AC8005,623D1040,必修,,,,1 類,,2,,https://course.ntu.edu.tw/courses/114-2/23323
農業化學儀器分析二,洪傳揚,40289,AC8027,623D1620,選修,,,,1 類,,1,,https://course.ntu.edu.tw/courses/114-2/40289
農業化學儀器分析三,洪傳揚,20287,AC8028,623D1630,選修,,,,1 類,,1,,https://course.ntu.edu.tw/courses/114-2/20287
博士論文,,10765,AC8999,623D0010,必修,,,,1 類,,0,,https://course.ntu.edu.tw/courses/114-2/10765
會計學甲一下,陳坤志,28798,Acc1004,70210112,必帶,,"一 A,B,C,D / 四 5,6",共105,2 類,,3,,https://course.ntu.edu.tw/courses/114-2/28798
會計學甲一下,陳坤志,37229,Acc1004,70210112,必帶,,"一 A,B,C,D / 四 5,6",共203,2 類,,3,,https://course.ntu.edu.tw/courses/114-2/37229
會計學甲一下,陳坤志,12686,Acc1004,70210112,選修,,"一 A,B,C,D / 二 5,6",共301,2 類,,3,,https://course.ntu.edu.tw/courses/114-2/12686
會計學甲一下,陳坤志,13613,Acc1004,70210112,選修,,"一 A,B,C,D / 三 5,6",共204,2 類,,3,,https://course.ntu.edu.tw/courses/114-2/13613
會計學甲一下,陳坤志,52145,Acc1004,70210112,選修,,"一 A,B,C,D / 三 5,6",共205,2 類,,3,,https://course.ntu.edu.tw/courses/114-2/52145
商事法,游啓璋,39580,Acc2011,70228100,必帶,,"四 2,3,4",管一103,3 類,,3,,https://course.ntu.edu.tw/courses/114-2/39580
商業應用軟體,王春笙,16315,Acc2012,70212020,選修,,"五 2,3,4",管一大電腦,3 類,,3,,https://course.ntu.edu.tw/courses/114-2/16315
中級會計學下,廖芝嫻,25224,Acc2019,70220662,必修,,"二 2,3,4",管二202,2 類,,3,,https://course.ntu.edu.tw/courses/114-2/25224
中級會計學下,王全三,49646,Acc2019,70220662,必修,,"一 A,B,C",管一101,2 類,,3,,https://course.ntu.edu.tw/courses/114-2/49646
高等會計學下,黃盈綺,41666,Acc3002,70230102,必修,,"一 2,3,4",管二102,2 類,,3,,https://course.ntu.edu.tw/courses/114-2/41666
高等會計學下,許文馨,20243,Acc3002,70230102,必修,,"五 7,8,9",管二305,2 類,,3,,https://course.ntu.edu.tw/courses/114-2/20243
審計學下,陳思帆,24820,Acc3004,70240102,必修,,"一 7,8,9",管二205,2 類,,3,,https://course.ntu.edu.tw/courses/114-2/24820
審計學下,朱玉芳,38104,Acc3004,70240102,必修,,"三 7,8,9",管二101,2 類,,3,,https://course.ntu.edu.tw/courses/114-2/38104
中級會計專題,朱玉芳,25123,Acc3005,70220640,必修,,"二 2,3,4",管一101,2 類,,3,,https://course.ntu.edu.tw/courses/114-2/25123
政府會計,陳慶財,54625,Acc3008,70243120,選修,,"一 10,A,B",管一102,2 類,,3,,https://course.ntu.edu.tw/courses/114-2/54625
會計資訊系統與數據分析,謝昇峯,57778,Acc3013,70231120,必修,,"四 7,8,9",管一103,2 類,,3,,https://course.ntu.edu.tw/courses/114-2/57778
管理會計與數據分析下,高偉娟,25643,Acc3016,70230502,必修,,"一 2,3,4",管二201,2 類,,3,,https://course.ntu.edu.tw/courses/114-2/25643
管理會計與數據分析下,曾智揚,18238,Acc3016,70230502,必修,,"一 2,3,4",管二305,2 類,,3,,https://course.ntu.edu.tw/courses/114-2/18238
稅務法規,陳衍任,25570,Acc4006,70240610,必修,,"二 7,8,9",管一104,2 類,,3,,https://course.ntu.edu.tw/courses/114-2/25570
稅務法規應用,林世銘,23605,Acc4007,70240620,選修,,"三 A,B,C",管一101,2 類,,3,,https://course.ntu.edu.tw/courses/114-2/23605
證券交易法,謝易宏,29735,Acc5023,722U4510,選修,,"一 7,8,9",管二102,2 類,,2,,https://course.ntu.edu.tw/courses/114-2/29735
會計師業務實戰研討,柯志賢,42168,Acc5034,722U4440,選修,,"四 7,8,9",管二201,2 類,,3,,https://course.ntu.edu.tw/courses/114-2/42168
全球化趨勢下之會計專業新視界,于紀隆,45450,Acc5043,722U4330,選修,,"三 2,3,4",管二305,2 類,,3,,https://course.ntu.edu.tw/courses/114-2/45450
商管程式設計,孔令傑,48315,Acc5050,722U9030,選修,,"一 A,B,C",,2 類,,3,,https://course.ntu.edu.tw/courses/114-2/48315
策略性財報分析與企業評價,陳坤志,47727,Acc5052,722U0930,選修,,"三 7,8,9",管二103,2 類,,3,,https://course.ntu.edu.tw/courses/114-2/47727
確信服務與公司治理研討,陳思帆,59679,Acc5054,722U4010,必修 / 選修,,"二 7,8,9",管二301,3 類,,3,,https://course.ntu.edu.tw/courses/114-2/59679
企業併購實務,劉博文,54079,Acc7010,722M5090,選修,,"四 A,B,C",管一102,2 類,,3,,https://course.ntu.edu.tw/courses/114-2/54079
會計專業之法律個案研討,王全三,10218,Acc7012,722M1100,選修,,"五 A,B,C",管二研六,2 類,,3,,https://course.ntu.edu.tw/courses/114-2/10218
商業智慧與數據分析企業實作,劉順仁,35360,Acc7015,722M1600,必修,,"五 2,3,4",管二303,2 類,,3,,https://course.ntu.edu.tw/courses/114-2/35360
會計資訊系統與數據分析研討,謝昇峯,29925,Acc7016,722M3320,必修,,"三 7,8,9",管二304,2 類,,3,,https://course.ntu.edu.tw/courses/114-2/29925
會計實證研究二,劉啟群,11141,Acc8002,722D5120,必修,,"三 2,3,4",管二研十,1 類,,3,,https://course.ntu.edu.tw/courses/114-2/11141
分析及行為研究,廖珮真,10856,Acc8003,722D5040,必修,,"一 2,3,4 / 四 7,8,9 / 五 7,8,9",,1 類,,3,,https://course.ntu.edu.tw/courses/114-2/10856
論文寫作一,劉啟群,53725,Acc8004,722D7000,必修,,,,1 類,,3,,https://course.ntu.edu.tw/courses/114-2/53725
論文寫作二,劉啟群,29797,Acc8005,722D7010,必修,,,,1 類,,3,,https://course.ntu.edu.tw/courses/114-2/29797
會計學專題研究討論二,尤琳蕙,32214,Acc8007,722D6020,必修,,四 5,管一405,1 類,,1,,https://course.ntu.edu.tw/courses/114-2/32214
會計學專題研究討論四,尤琳蕙,42920,Acc8009,722D6040,必修,,四 6,管一405,1 類,,1,,https://course.ntu.edu.tw/courses/114-2/42920
博士論文,,50831,Acc8999,722D0010,必修,,,,1 類,,0,,https://course.ntu.edu.tw/courses/114-2/50831
進階英語二(綜合),王珊珊,15744,AdvEng2002,00420120,必帶,,"二 6,7",外教203,2 類,,0,,https://course.ntu.edu.tw/courses/114-2/15744
進階英語二(聽力),林皓輿,47073,AdvEng2006,00420320,必帶,,"四 9,10",外教201,3 類,,0,,https://course.ntu.edu.tw/courses/114-2/47073
進階英語二(聽力),莊世全,58427,AdvEng2006,00420320,必帶,,"四 8,9",外教104,2 類,,0,,https://course.ntu.edu.tw/courses/114-2/58427
進階英語二(口說),林皓輿,15962,AdvEng2010,00420420,必帶,,"一 3,4",外教201,3 類,,0,,https://course.ntu.edu.tw/courses/114-2/15962
進階英語二(綜合思辨),鍾玉玨,41345,AdvEng2014,00420620,必帶,,"一 8,9",共404,2 類,,0,,https://course.ntu.edu.tw/courses/114-2/41345
進階英語二(綜合思辨),林荷鍹,25531,AdvEng2014,00420620,必帶,,"三 6,7",普406,2 類,,0,,https://course.ntu.edu.tw/courses/114-2/25531
進階英語二(綜合思辨),周佳宜,20386,AdvEng2014,00420620,必帶,,"三 8,9",普406,2 類,,0,,https://course.ntu.edu.tw/courses/114-2/20386
進階英語二(綜合科技),陳逸軒,25949,AdvEng2016,00420720,必帶,,"三 8,9",共308,3 類,,0,,https://course.ntu.edu.tw/courses/114-2/25949
進階英語二(綜合科技),陳逸軒,35553,AdvEng2016,00420720,必帶,,"四 6,7",外教202,3 類,,0,,https://course.ntu.edu.tw/courses/114-2/35553
進階英語二(綜合科技),陳逸軒,54182,AdvEng2016,00420720,必帶,,"一 8,9",外教103,3 類,,0,,https://course.ntu.edu.tw/courses/114-2/54182
進階英語二(綜合學術),鍾玉玨,11530,AdvEng2018,00420820,必帶,,"一 3,4",共302,3 類,,0,,https://course.ntu.edu.tw/courses/114-2/11530
進階英語二(綜合學術),鍾玉玨,31925,AdvEng2018,00420820,必修,,"二 3,4",共204,3 類,,0,,https://course.ntu.edu.tw/courses/114-2/31925
印尼文一下,王麗蘭,50862,AdvEng3202,00430212,選修,,"一 3,4,5",新504,2 類,,3,,https://course.ntu.edu.tw/courses/114-2/50862
印尼文二下,王麗蘭,15762,AdvEng3203,00430222,選修,,"一 6,7,8",新301,2 類,,3,,https://course.ntu.edu.tw/courses/114-2/15762
韓文一下,李相美,37883,AdvEng3204,00430312,選修,,"二 2,3,4",共304,3 類,,3,,https://course.ntu.edu.tw/courses/114-2/37883
韓文一下,李相美,11929,AdvEng3204,00430312,選修,,"二 5,6,7",共304,3 類,,3,,https://course.ntu.edu.tw/courses/114-2/11929
韓文一下,李相美,18580,AdvEng3204,00430312,選修,,"二 8,9,10",共304,3 類,,3,,https://course.ntu.edu.tw/courses/114-2/18580
韓文一下,李相美,52660,AdvEng3204,00430312,選修,,"三 5,6,7",共403,3 類,,3,,https://course.ntu.edu.tw/courses/114-2/52660
韓文一下,李承珍,39734,AdvEng3204,00430312,選修,,"一 5,6,7",共303,3 類,,3,,https://course.ntu.edu.tw/courses/114-2/39734
韓文一下,李承珍,13351,AdvEng3204,00430312,選修,,"一 8,9,10",共303,3 類,,3,,https://course.ntu.edu.tw/courses/114-2/13351
馬來文一下,顏聖錝,41118,AdvEng3206,00430412,選修,,"二 6,7,8",新504,2 類,,3,,https://course.ntu.edu.tw/courses/114-2/41118
泰文一下,張君松,42407,AdvEng3207,00430512,選修,,"三 5,6,7",綜602,2 類,,3,,https://course.ntu.edu.tw/courses/114-2/42407
泰文一下,張君松,48816,AdvEng3207,00430512,選修,,"三 8,9,10",綜602,2 類,,3,,https://course.ntu.edu.tw/courses/114-2/48816
泰文一下,張君松,54245,AdvEng3207,00430512,選修,,"四 6,7,8",綜603,2 類,,3,,https://course.ntu.edu.tw/courses/114-2/54245
泰文二下,張君松,41342,AdvEng3208,00430522,選修,,"四 2,3,4",綜402,2 類,,3,,https://course.ntu.edu.tw/courses/114-2/41342
泰文三下,張君松,11085,AdvEng3209,00430532,選修,,"三 2,3,4",綜601,2 類,,3,,https://course.ntu.edu.tw/courses/114-2/11085
越南文一下,阮蓮香,10800,AdvEng3210,00430612,選修,,"三 2,3,4",共405,2 類,,3,,https://course.ntu.edu.tw/courses/114-2/10800
越南文一下,阮蓮香,47489,AdvEng3210,00430612,選修,,"四 2,3,4",共403,2 類,,3,,https://course.ntu.edu.tw/courses/114-2/47489
越南文二下,阮蓮香,39450,AdvEng3211,00430622,選修,,"四 6,7,8",共403,2 類,,3,,https://course.ntu.edu.tw/courses/114-2/39450
越南文二下,阮蓮香,46349,AdvEng3211,00430622,選修,,"三 6,7,8",共405,2 類,,3,,https://course.ntu.edu.tw/courses/114-2/46349
韓文三下,李相美,46101,AdvEng3212,00430332,選修,,"三 8,9,10",共403,2 類,,3,,https://course.ntu.edu.tw/courses/114-2/46101
馬來文二下,顏聖錝,19425,AdvEng3213,00430422,選修,,"二 2,3,4",新404,2 類,,3,,https://course.ntu.edu.tw/courses/114-2/19425
越南文三下,阮蓮香,45387,AdvEng3215,00430632,選修,,"一 6,7,8",共405,2 類,,3,,https://course.ntu.edu.tw/courses/114-2/45387
線上高階英語二,一 7,46709,AdvEng4011,00440230,選修,,,,2 類,,1,,https://course.ntu.edu.tw/courses/114-2/46709
線上學術英語二,五 6,28189,AdvEng4014,00440320,選修,,,,2 類,,1,,https://course.ntu.edu.tw/courses/114-2/28189
線上職場英語,一 6,17429,AdvEng4016,00440340,選修,,,,2 類,,1,,https://course.ntu.edu.tw/courses/114-2/17429
EMI口說與討論訓練,莊世全,34645,AdvEng5003,00450030,選修,,"五 5,6,7",外教203,2 類,,1,,https://course.ntu.edu.tw/courses/114-2/34645
EMI課程過渡與口說技巧強化班,陳逸軒,26889,AdvEng5005,00450040,選修,,"五 7,8,9",外教201,2 類,,1,,https://course.ntu.edu.tw/courses/114-2/26889
研究生線上英文一,,24115,AdvEng7001,004M0110,選修,,,,2 類,,0,,https://course.ntu.edu.tw/courses/114-2/24115
研究生線上英文二,,39039,AdvEng7002,004M0120,選修,,,,2 類,,0,,https://course.ntu.edu.tw/courses/114-2/39039
研究生線上英文三,,17393,AdvEng7003,004M0130,選修,,,,2 類,,0,,https://course.ntu.edu.tw/courses/114-2/17393
研究生線上英文四(人文社科),,51083,AdvEng7004,004M0140,選修,,,,2 類,,0,,https://course.ntu.edu.tw/courses/114-2/51083
研究生線上英文四-科技與醫學,,33650,AdvEng7005,004M0150,選修,,,,2 類,,0,,https://course.ntu.edu.tw/courses/114-2/33650
研究生線上英文四-經濟與商業,,18096,AdvEng7006,004M0160,選修,,,,2 類,,0,,https://course.ntu.edu.tw/courses/114-2/18096
農村服務學習,陳郁蕙,52634,AGEC0006,607001C0,必帶,,,,1 類,,0,,https://course.ntu.edu.tw/courses/114-2/52634
經濟學原理下,陳  暐,14282,AGEC1006,60710202,必帶,,"一 5 / 二 3,4,5 / 三 5",農經大講堂,1 類,,3,,https://course.ntu.edu.tw/courses/114-2/14282
農企業管理學,雷立芬,50601,AGEC3017,60731310,必帶 / 選修,,"四 2,3,4",農經大講堂,3 類,,3,,https://course.ntu.edu.tw/courses/114-2/50601
消費經濟論,何率慈,21271,AGEC3030,627U1300,選修,,"二 2,3,4",農經會議室,1 類,,3,,https://course.ntu.edu.tw/courses/114-2/21271
農業發展,魏敏芳,23797,AGEC4004,60745100,必帶,,"二 7,8,9",農經大講堂,1 類,,3,,https://course.ntu.edu.tw/courses/114-2/23797
農產運銷實務個案研究,雷立芬,57440,AGEC4016,60749490,選修,,"三 2,3,4",農經會議室,3 類,,3,,https://course.ntu.edu.tw/courses/114-2/57440
中國經濟,羅竹平,38645,AGEC4017,60749510,選修,,"四 2,3,4",農經二,1 類,,3,,https://course.ntu.edu.tw/courses/114-2/38645
農業經濟問題討論下,陳郁蕙,35095,AGEC4020,60749102,必帶,,"五 3,4",農經大講堂,2 類,,2,,https://course.ntu.edu.tw/courses/114-2/35095
環境與自然資源經濟學,石曜合,59357,AGEC5001,60751000,必修 / 選修,,"一 3,4,5",農經四,2 類,,3,,https://course.ntu.edu.tw/courses/114-2/59357
環境與自然資源經濟學,林柏熊,19747,AGEC5001,60751000,必帶,,"二 5,6,7",農經二,2 類,,3,,https://course.ntu.edu.tw/courses/114-2/19747
專題研究二,雷立芬,51808,AGEC5035,627U1150,選修,,,,1 類,,2,,https://course.ntu.edu.tw/courses/114-2/51808
專題研究二,魏敏芳,44313,AGEC5035,627U1150,選修,,,,2 類,,2,,https://course.ntu.edu.tw/courses/114-2/44313
專題研究二,巫凱琳,27268,AGEC5035,627U1150,選修,,,,2 類,,2,,https://course.ntu.edu.tw/courses/114-2/27268
專題研究二,張宏浩,39552,AGEC5035,627U1150,選修,,,,1 類,,2,,https://course.ntu.edu.tw/courses/114-2/39552
專題研究二,劉  鋼,39877,AGEC5035,627U1150,選修,,,,2 類,,2,,https://course.ntu.edu.tw/courses/114-2/39877
專題研究二,楊豐安,44361,AGEC5035,627U1150,選修,,,,2 類,,2,,https://course.ntu.edu.tw/courses/114-2/44361
專題研究二,石曜合,50726,AGEC5035,627U1150,選修,,,,2 類,,2,,https://course.ntu.edu.tw/courses/114-2/50726
專題研究二,何率慈,28913,AGEC5035,627U1150,選修,,,,3 類,,2,,https://course.ntu.edu.tw/courses/114-2/28913
全球環境與資源安全,楊之遠,17036,AGEC5037,627U1170,選修,,"三 8,9",農經大講堂,1 類,,2,,https://course.ntu.edu.tw/courses/114-2/17036
應用選擇資料分析,石曜合,10734,AGEC5045,627U1200,選修,,"五 3,4,5",農經四,2 類,,3,,https://course.ntu.edu.tw/courses/114-2/10734
碳定價：理論與實務應用,劉哲良,48123,AGEC5051,627U1380,選修,,"五 3,4",農經二,1 類,,2,,https://course.ntu.edu.tw/courses/114-2/48123
循環經濟之理論與實務,李叢禎,58110,AGEC5054,627U1400,選修,,"二 6,7,8",農經三,1 類,,3,,https://course.ntu.edu.tw/courses/114-2/58110
應用一般均衡分析一,劉瑞文,15153,AGEC5056,627U1420,選修,,"二 7,8,9",農經會議室,1 類,,3,,https://course.ntu.edu.tw/courses/114-2/15153
發展經濟學,柏靖峰,36846,AGEC5058,627U1440,選修,,"一 6,7,8",農經二,3 類,,3,,https://course.ntu.edu.tw/courses/114-2/36846
專題討論一,楊豐安,31285,AGEC7001,627M0030,必修,,"五 7,8",一樓研討室,1 類,,1,,https://course.ntu.edu.tw/courses/114-2/31285
專題討論二,陳郁蕙,59249,AGEC7002,627M0040,必修,,,,1 類,,1,,https://course.ntu.edu.tw/courses/114-2/59249
專題演講一,楊豐安,42739,AGEC7003,627M0050,必修,,"五 7,8",,1 類,,0,,https://course.ntu.edu.tw/courses/114-2/42739
個體經濟理論二,陳  暐,21635,AGEC7021,627M1660,必修,,"五 3,4,5",農經三,2 類,,3,,https://course.ntu.edu.tw/courses/114-2/21635
總體經濟理論,林雅淇,18699,AGEC7022,627M1670,必修,,"一 3,4,5",農經三,1 類,,3,,https://course.ntu.edu.tw/courses/114-2/18699
專題研究四,雷立芬,29676,AGEC7070,627M4640,選修,,,,1 類,,2,,https://course.ntu.edu.tw/courses/114-2/29676
專題研究四,林柏熊,38274,AGEC7070,627M4640,選修,,,,2 類,,2,,https://course.ntu.edu.tw/courses/114-2/38274
專題研究四,張宏浩,10814,AGEC7070,627M4640,選修,,,,1 類,,2,,https://course.ntu.edu.tw/courses/114-2/10814
專題研究四,羅竹平,57674,AGEC7070,627M4640,選修,,,,2 類,,2,,https://course.ntu.edu.tw/courses/114-2/57674
專題研究四,何率慈,29796,AGEC7070,627M4640,選修,,,,3 類,,2,,https://course.ntu.edu.tw/courses/114-2/29796
專題研究四,陳  暐,19193,AGEC7070,627M4640,選修,,,,2 類,,2,,https://course.ntu.edu.tw/courses/114-2/19193
專題研究四,魏敏芳,15342,AGEC7070,627M4640,選修,,,,2 類,,2,,https://course.ntu.edu.tw/courses/114-2/15342
專題研究四,雷立芬,45176,AGEC7070,627M4640,選修,,,,1 類,,2,,https://course.ntu.edu.tw/courses/114-2/45176
專題研究四,魏敏芳,37863,AGEC7070,627M4640,選修,,,,2 類,,2,,https://course.ntu.edu.tw/courses/114-2/37863
專題研究四,劉  鋼,10903,AGEC7070,627M4640,選修,,,,2 類,,2,,https://course.ntu.edu.tw/courses/114-2/10903
專題研究四,何率慈,33519,AGEC7070,627M4640,選修,,,,3 類,,2,,https://course.ntu.edu.tw/courses/114-2/33519
國際農業合作,李栢浡,32896,AGEC7090,627M4860,選修,,"四 A,B,C",農經會議室,1 類,,3,,https://course.ntu.edu.tw/courses/114-2/32896
國際農業體驗二,雷立芬,14961,AGEC7109,627M9600,選修,,,,1 類,,3,,https://course.ntu.edu.tw/courses/114-2/14961
產業經濟學與公平交易法,張宏浩,30554,AGEC7110,627M5030,選修,,,,1 類,,3,,https://course.ntu.edu.tw/courses/114-2/30554
中國經濟,羅竹平,39384,AGEC7111,627M9700,選修,,"四 2,3,4",,1 類,,3,,https://course.ntu.edu.tw/courses/114-2/39384
產業經濟實證專題,巫凱琳,28971,AGEC7119,627M5100,選修,,"三 6,7,8",農經四,1 類,,3,,https://course.ntu.edu.tw/courses/114-2/28971
應用統計學,陳郁蕙,32750,AGEC7126,627M5160,必修,,,,1 類,,3,,https://course.ntu.edu.tw/courses/114-2/32750
專題研究四,雷立芬,43324,AGEC7136,627M5210,選修,,,,1 類,,1,,https://course.ntu.edu.tw/courses/114-2/43324
專題研究四,巫凱琳,24241,AGEC7136,627M5210,選修,,,,2 類,,1,,https://course.ntu.edu.tw/courses/114-2/24241
專題研究四,陳郁蕙,58616,AGEC7136,627M5210,選修,,,,2 類,,1,,https://course.ntu.edu.tw/courses/114-2/58616
專題研究四,張宏浩,57932,AGEC7136,627M5210,選修,,,,1 類,,1,,https://course.ntu.edu.tw/courses/114-2/57932
專題研究四,楊豐安,44022,AGEC7136,627M5210,選修,,,,2 類,,1,,https://course.ntu.edu.tw/courses/114-2/44022
專題研究四,石曜合,42890,AGEC7136,627M5210,選修,,,,2 類,,1,,https://course.ntu.edu.tw/courses/114-2/42890
專題研究四,陳  暐,29694,AGEC7136,627M5210,選修,,,,2 類,,1,,https://course.ntu.edu.tw/courses/114-2/29694
應用選擇資料分析,石曜合,36177,AGEC7144,627M5290,選修,,"五 3,4,5",,2 類,,3,,https://course.ntu.edu.tw/courses/114-2/36177
消費經濟論,何率慈,18329,AGEC7146,627M5320,選修,,"二 2,3,4",,1 類,,3,,https://course.ntu.edu.tw/courses/114-2/18329
農業與經濟發展,魏敏芳,55846,AGEC7153,627M1270,選修,,"二 7,8,9",,2 類,,3,,https://course.ntu.edu.tw/courses/114-2/55846
當前農業經濟問題,張文棟,95135,AGEC7154,627M1240,選修,,"一 9,10 / 三 9,10 / 五 9,10",農經四,3 類,,2,,https://course.ntu.edu.tw/courses/114-2/95135
生產經濟學一,張宏浩,31899,AGEC8010,627D1770,選修,,,,2 類,,3,,https://course.ntu.edu.tw/courses/114-2/31899
生產經濟學二,巫凱琳,51785,AGEC8011,627D1780,選修,,"四 6,7,8",農經會議室,2 類,,3,,https://course.ntu.edu.tw/courses/114-2/51785
高級農產運銷學,雷立芬,50268,AGEC8016,627D1830,選修,,"五 2,3,4",,3 類,,3,,https://course.ntu.edu.tw/courses/114-2/50268
勞動經濟專論,魏敏芳,47390,AGEC8024,627D1180,選修,,"四 2,3,4",農經會議室,2 類,,3,,https://course.ntu.edu.tw/courses/114-2/47390
計量經濟學專論一,楊子霆,25229,AGEC8032,627D1860,必修,,,,3 類,,3,,https://course.ntu.edu.tw/courses/114-2/25229
博士論文,,27764,AGEC8999,627D0010,必修,,,,1 類,,0,,https://course.ntu.edu.tw/courses/114-2/27764
服務學習甲,林香君,52216,Agron0006,601001G0,必修,,四 5,,2 類,,1,,https://course.ntu.edu.tw/courses/114-2/52216
服務學習乙,林彥蓉,13084,Agron0008,601001H0,必修,,"四 6,7",,2 類,,1,,https://course.ntu.edu.tw/courses/114-2/13084
作物生產概論,莊汶博,14265,Agron1005,60110200,必帶 / 選修,,"二 6,7 / 五 2",農藝112,2 類,,3,,https://course.ntu.edu.tw/courses/114-2/14265
現代農業體驗一,董致韡,42704,Agron1010,60110810,選修,,"四 7,8,9",,2 類,,1,,https://course.ntu.edu.tw/courses/114-2/42704
現代農業體驗一,林淑怡,37399,Agron1010,60110810,必修 / 選修,,"四 7,8,9",,2 類,,1,,https://course.ntu.edu.tw/courses/114-2/37399
現代農業體驗一,陳靜宜,53043,Agron1010,60110810,必修 / 選修,,"四 7,8,9",,2 類,,1,,https://course.ntu.edu.tw/courses/114-2/53043
現代農業體驗一,石曜合,56359,Agron1010,60110810,選修,,"四 7,8,9",,2 類,,1,,https://course.ntu.edu.tw/courses/114-2/56359
現代農業體驗一,張宏浩,11410,Agron1010,60110810,選修,,"四 7,8,9",,1 類,,1,,https://course.ntu.edu.tw/courses/114-2/11410
現代農業體驗一,莊汶博,16832,Agron1010,60110810,必修 / 選修,,"四 7,8,9",,2 類,,1,,https://course.ntu.edu.tw/courses/114-2/16832
現代農業體驗二,張育森,38380,Agron1011,60110820,必修 / 選修,,"四 7,8,9",,2 類,,1,,https://course.ntu.edu.tw/courses/114-2/38380
現代農業體驗二,林雅芬,43011,Agron1011,60110820,必修 / 選修,,"四 7,8,9",,2 類,,1,,https://course.ntu.edu.tw/courses/114-2/43011
現代農業體驗二,賴喜美,40052,Agron1011,60110820,選修,,"四 6,7,8",,2 類,,1,,https://course.ntu.edu.tw/courses/114-2/40052
現代農業體驗二,廖國基,38332,Agron1011,60110820,必修 / 選修,,"四 7,8,9",,2 類,,1,,https://course.ntu.edu.tw/courses/114-2/38332
現代農業體驗二,林書妍,50748,Agron1011,60110820,必修 / 選修,,,,2 類,,1,,https://course.ntu.edu.tw/courses/114-2/50748
現代農業體驗二,顏炳郎,44543,Agron1011,60110820,必修 / 選修,,"四 7,8,9",,2 類,,1,,https://course.ntu.edu.tw/courses/114-2/44543
現代農業體驗二,蔡明哲,13696,Agron1011,60110820,必修 / 選修,,,,2 類,,1,,https://course.ntu.edu.tw/courses/114-2/13696
田園生活體驗一,董致韡,47917,Agron1013,60110910,選修,,"四 7,8,9",,2 類,,1,,https://course.ntu.edu.tw/courses/114-2/47917
田園生活體驗一,林淑怡,40981,Agron1013,60110910,選修,,"四 7,8,9",,2 類,,1,,https://course.ntu.edu.tw/courses/114-2/40981
田園生活體驗一,陳靜宜,39691,Agron1013,60110910,選修,,"四 7,8,9",,2 類,,1,,https://course.ntu.edu.tw/courses/114-2/39691
田園生活體驗一,石曜合,19027,Agron1013,60110910,選修,,"四 7,8,9",,2 類,,1,,https://course.ntu.edu.tw/courses/114-2/19027
田園生活體驗二,賴喜美,21839,Agron1014,60110920,選修,,"四 6,7,8",,2 類,,1,,https://course.ntu.edu.tw/courses/114-2/21839
田園生活體驗二,廖國基,59496,Agron1014,60110920,選修,,"四 7,8,9",,2 類,,1,,https://course.ntu.edu.tw/courses/114-2/59496
田園生活體驗二,林書妍,51630,Agron1014,60110920,選修,,,,2 類,,1,,https://course.ntu.edu.tw/courses/114-2/51630
田園生活體驗二,顏炳郎,16932,Agron1014,60110920,選修,,"四 7,8,9",,2 類,,1,,https://course.ntu.edu.tw/courses/114-2/16932
田園生活體驗二,蔡明哲,49500,Agron1014,60110920,選修,,,,2 類,,1,,https://course.ntu.edu.tw/courses/114-2/49500
學士論文下,林彥蓉,42784,Agron1025,60149502,選修,,,,1 類,,1,,https://course.ntu.edu.tw/courses/114-2/42784
學士論文下,蔡政安,10054,Agron1025,60149502,選修,,,,1 類,,1,,https://course.ntu.edu.tw/courses/114-2/10054
學士論文下,林香君,44704,Agron1025,60149502,選修,,,,1 類,,1,,https://course.ntu.edu.tw/courses/114-2/44704
遺傳學,陳凱儀,51666,Agron2001,60120000,必帶,,"一 6 / 三 3,4",農藝206,2 類,,3,,https://course.ntu.edu.tw/courses/114-2/51666
遺傳學,董致韡,50332,Agron2001,60120000,必修,,"一 6 / 三 3,4",農藝304,2 類,,3,,https://course.ntu.edu.tw/courses/114-2/50332
統計學,蔡欣甫,16231,Agron2002,60120020,必帶 / 必修 / 選修,,"一 6,7,8",共203,2 類,,3,,https://course.ntu.edu.tw/courses/114-2/16231
統計學,邱春火,45320,Agron2002,60120020,必帶 / 必修 / 選修,,"二 3,4,5",新302,3 類,,3,,https://course.ntu.edu.tw/courses/114-2/45320
統計學,吳泓熹,17309,Agron2002,60120020,必修 / 選修,,"一 7,8,9",新103,1 類,,3,,https://course.ntu.edu.tw/courses/114-2/17309
作物學甲,常玉強,11747,Agron2004,601202A0,必帶 / 選修,,"五 7,8,9",農經二,1 類,,3,,https://course.ntu.edu.tw/courses/114-2/11747
遺傳學實驗,陳凱儀,41726,Agron2009,60123200,必帶,,"一 7,8,9",農藝108,2 類,,1,,https://course.ntu.edu.tw/courses/114-2/41726
遺傳學實驗,陳凱儀,21873,Agron2009,60123200,必帶,,"三 7,8,9",農藝108,2 類,,1,,https://course.ntu.edu.tw/courses/114-2/21873
作物學各論二,蔡育彰,29091,Agron3002,60130210,必帶 / 選修,,"一 2 / 二 8,9",農藝112,2 類,,3,,https://course.ntu.edu.tw/courses/114-2/29091
作物學實習二,林維怡,13033,Agron3004,60130320,必帶 / 選修,,"五 6,7,8",農場考種館,2 類,,1,,https://course.ntu.edu.tw/courses/114-2/13033
作物育種學,黃永芬,25015,Agron3005,60133300,必帶,,"二 3,4,7",農藝206,2 類,,3,,https://course.ntu.edu.tw/courses/114-2/25015
茶作學,邱垂豐,26468,Agron4003,60141400,選修,,"五 9,10",農藝206,3 類,,2,,https://course.ntu.edu.tw/courses/114-2/26468
專題討論下,蔡政安,27357,Agron4011,60149102,必帶,,"四 3,4",農藝112,1 類,,1,,https://course.ntu.edu.tw/courses/114-2/27357
專題研究二,廖振鐸,51963,Agron4014,60149820,選修,,,,1 類,,2,,https://course.ntu.edu.tw/courses/114-2/51963
專題研究二,劉力瑜,12780,Agron4014,60149820,選修,,,,1 類,,2,,https://course.ntu.edu.tw/courses/114-2/12780
專題研究二,董致韡,10556,Agron4014,60149820,選修,,,,1 類,,2,,https://course.ntu.edu.tw/courses/114-2/10556
專題研究二,蔡育彰,36677,Agron4014,60149820,選修,,,,1 類,,2,,https://course.ntu.edu.tw/courses/114-2/36677
專題研究二,莊汶博,17673,Agron4014,60149820,選修,,,,1 類,,2,,https://course.ntu.edu.tw/courses/114-2/17673
專題研究二,林香君,27739,Agron4014,60149820,選修,,,,1 類,,2,,https://course.ntu.edu.tw/courses/114-2/27739
應用線性代數,邱春火,26999,Agron4023,60149910,選修,,"四 6,7,8",農藝112,3 類,,3,,https://course.ntu.edu.tw/courses/114-2/26999
學士論文上,劉力瑜,11341,Agron4024,60149501,選修,,,,1 類,,1,,https://course.ntu.edu.tw/courses/114-2/11341
學士論文上,蔡育彰,40080,Agron4024,60149501,選修,,,,1 類,,1,,https://course.ntu.edu.tw/courses/114-2/40080
學士論文上,林維怡,55823,Agron4024,60149501,選修,,,,1 類,,1,,https://course.ntu.edu.tw/courses/114-2/55823
高等生物統計法二,蔡政安,34592,Agron5003,621U1950,選修,,"一 2,3,4",農藝206,2 類,,3,,https://course.ntu.edu.tw/courses/114-2/34592
種子生理學,王淑珍,21717,Agron5006,621U4780,選修,,"五 6,7",農藝108,3 類,,2,,https://course.ntu.edu.tw/courses/114-2/21717
作物分子育種學,林彥蓉,31483,Agron5019,621U6070,選修,,"三 3,4,6",農藝108,1 類,,3,,https://course.ntu.edu.tw/courses/114-2/31483
稻作學,林香君,33627,Agron5055,621U6440,選修,,"二 6,7",農藝108,3 類,,2,,https://course.ntu.edu.tw/courses/114-2/33627
農藝學統計方法,廖振鐸,25532,Agron5074,621U6620,選修,,"三 2,6,7",農藝206,3 類,,3,,https://course.ntu.edu.tw/courses/114-2/25532
作物基因工程,林維怡,29926,Agron5076,621U5400,選修,,"三 6,7",農藝112,1 類,,2,,https://course.ntu.edu.tw/courses/114-2/29926
牧草管理與實務,黃永芬,18923,Agron5085,621U6710,選修,,,,2 類,,3,,https://course.ntu.edu.tw/courses/114-2/18923
作物與昆蟲的交互作用,莊汶博,47110,Agron5091,621U6760,選修,,"一 3,4",農藝112,2 類,,2,,https://course.ntu.edu.tw/courses/114-2/47110
當代農藝論壇,黃文達,24088,Agron5099,621U6990,選修,,"五 6,7",農藝112,3 類,,2,,https://course.ntu.edu.tw/courses/114-2/24088
作物抗病育種實務,王肇芬,11297,Agron5104,621U7050,選修,,,,2 類,,1,,https://course.ntu.edu.tw/courses/114-2/11297
生物數據分析的計算技能,吳泓熹,16589,Agron5106,621U7070,選修,,"二 6,7,8",,1 類,,3,,https://course.ntu.edu.tw/courses/114-2/16589
專題研究,廖振鐸,42769,Agron7001,621M0050,選修,,,,1 類,,2,,https://course.ntu.edu.tw/courses/114-2/42769
專題研究,黃文達,12828,Agron7001,621M0050,選修,,,,1 類,,2,,https://course.ntu.edu.tw/courses/114-2/12828
專題研究,王淑珍,51169,Agron7001,621M0050,選修,,,,1 類,,2,,https://course.ntu.edu.tw/courses/114-2/51169
專題研究,劉力瑜,50340,Agron7001,621M0050,選修,,,,1 類,,2,,https://course.ntu.edu.tw/courses/114-2/50340
專題研究,陳凱儀,33532,Agron7001,621M0050,選修,,,,1 類,,2,,https://course.ntu.edu.tw/courses/114-2/33532
專題研究,蔡政安,25985,Agron7001,621M0050,選修,,,,1 類,,2,,https://course.ntu.edu.tw/courses/114-2/25985
專題研究,董致韡,45019,Agron7001,621M0050,選修,,,,1 類,,2,,https://course.ntu.edu.tw/courses/114-2/45019
專題研究,蔡育彰,11710,Agron7001,621M0050,選修,,,,1 類,,2,,https://course.ntu.edu.tw/courses/114-2/11710
專題研究,莊汶博,19559,Agron7001,621M0050,選修,,,,1 類,,2,,https://course.ntu.edu.tw/courses/114-2/19559
專題研究,林雅芬,27909,Agron7001,621M0050,選修,,,,1 類,,2,,https://course.ntu.edu.tw/courses/114-2/27909
專題研究,林香君,45544,Agron7001,621M0050,選修,,,,1 類,,2,,https://course.ntu.edu.tw/courses/114-2/45544
專題討論,常玉強,58629,Agron7002,621M0070,必修,,"五 3,4",農藝112,2 類,,1,,https://course.ntu.edu.tw/courses/114-2/58629
專題討論,陳虹諺,23054,Agron7002,621M0070,必修,,"五 3,4",農藝304,1 類,,1,,https://course.ntu.edu.tw/courses/114-2/23054
高等作物生理學,蔡育彰,58162,Agron7004,621M1020,必修,,"三 2,3,4",農藝212,1 類,,3,,https://course.ntu.edu.tw/courses/114-2/58162
高等作物育種學,黃永芬,38586,Agron7005,621M1340,必修,,"一 2,3,4",農藝304,1 類,,3,,https://course.ntu.edu.tw/courses/114-2/38586
高等試驗設計一,蔡欣甫,36053,Agron7039,621M1790,選修,,"二 6,7",生統教室,3 類,,2,,https://course.ntu.edu.tw/courses/114-2/36053
高等試驗設計一實習,蔡欣甫,56875,Agron7040,621M1800,選修,,二 8,生統教室,3 類,,1,,https://course.ntu.edu.tw/courses/114-2/56875
碩士論文,,36939,Agron7999,621M0010,必修,,,,1 類,,0,,https://course.ntu.edu.tw/courses/114-2/36939
專題研究,陳凱儀,43036,Agron8001,621D0060,選修,,,,1 類,,2,,https://course.ntu.edu.tw/courses/114-2/43036
專題研究,林彥蓉,43064,Agron8001,621D0060,選修,,,,1 類,,2,,https://course.ntu.edu.tw/courses/114-2/43064
專題研究,林雅芬,25969,Agron8001,621D0060,選修,,,,1 類,,2,,https://course.ntu.edu.tw/courses/114-2/25969
專題討論,常玉強,50117,Agron8002,621D0070,必修,,"五 3,4",,2 類,,1,,https://course.ntu.edu.tw/courses/114-2/50117
專題討論,陳虹諺,20454,Agron8002,621D0070,必修,,"五 3,4",,1 類,,1,,https://course.ntu.edu.tw/courses/114-2/20454
博士論文,,35601,Agron8999,621D0010,必修,,,,1 類,,0,,https://course.ntu.edu.tw/courses/114-2/35601
機率與統計,葉丙成,44007,AIA1340,L0111340,選修,,"四 7,8,9",,3 類,,3,,https://course.ntu.edu.tw/courses/114-2/44007
人工智慧倫理,孔令傑,26823,AIA1360,L0111360,選修,,"二 8,9,10",博雅204,2 類,,3,,https://course.ntu.edu.tw/courses/114-2/26823
生成式AI應用系統與工程,"三 7,8,9",12166,AIA5310,L01U1310,選修,,,,3 類,,3,,https://course.ntu.edu.tw/courses/114-2/12166
深度學習,"四 5,6,7",24884,AIA5350,L01U1350,選修,,,,3 類,,3,,https://course.ntu.edu.tw/courses/114-2/24884
機器導航與探索,李濬屹,17554,AIA5380,L01U1380,選修,,"一 A,B,C",資105,3 類,,3,,https://course.ntu.edu.tw/courses/114-2/17554
智慧製造執行系統,"一 7,8,9",16142,AIA5400,L01U1400,選修,,,,3 類,,3,,https://course.ntu.edu.tw/courses/114-2/16142
大型語言模型與資訊安全系統,"一 2,3,4",41055,AIA7000,L01M1300,選修,,,,3 類,,3,,https://course.ntu.edu.tw/courses/114-2/41055
壓電振動能量擷取導論,舒貽忠,43835,AM5007,543U5460,選修,,"三 7,8,9",應113,3 類,,3,,https://course.ntu.edu.tw/courses/114-2/43835
能源科學故事(二)：化石與再生能源,陳發林,49710,AM5035,54330020,,,"一 7,8,9",應113,3 類,,3,,https://course.ntu.edu.tw/courses/114-2/49710
專題討論一,張建成,36949,AM7001,543M0020,必修,,"一 7,8,9",,1 類,,1,,https://course.ntu.edu.tw/courses/114-2/36949
專題討論一,周佳靚,45831,AM7001,543M0020,必修,,"一 7,8,9",,1 類,,1,,https://course.ntu.edu.tw/courses/114-2/45831
專題研究,陳瑞琳,27326,AM7003,543M0070,選修,,,,1 類,,0,,https://course.ntu.edu.tw/courses/114-2/27326
專題研究,吳光鐘,54207,AM7003,543M0070,選修,,,,1 類,,0,,https://course.ntu.edu.tw/courses/114-2/54207
專題研究,劉佩玲,23781,AM7003,543M0070,選修,,,,1 類,,0,,https://course.ntu.edu.tw/courses/114-2/23781
專題研究,胡文聰,25700,AM7003,543M0070,選修,,,,1 類,,0,,https://course.ntu.edu.tw/courses/114-2/25700
專題研究,王立昇,22893,AM7003,543M0070,選修,,,,1 類,,0,,https://course.ntu.edu.tw/courses/114-2/22893
專題研究,沈弘俊,31214,AM7003,543M0070,選修,,,,1 類,,0,,https://course.ntu.edu.tw/courses/114-2/31214
專題研究,張培仁,34266,AM7003,543M0070,選修,,,,1 類,,0,,https://course.ntu.edu.tw/courses/114-2/34266
專題研究,王安邦,32903,AM7003,543M0070,選修,,,,1 類,,0,,https://course.ntu.edu.tw/courses/114-2/32903
專題研究,舒貽忠,54108,AM7003,543M0070,選修,,,,1 類,,0,,https://course.ntu.edu.tw/courses/114-2/54108
專題研究,陳國慶,34581,AM7003,543M0070,選修,,,,1 類,,0,,https://course.ntu.edu.tw/courses/114-2/34581
專題研究,趙聖德,30979,AM7003,543M0070,選修,,,,1 類,,0,,https://course.ntu.edu.tw/courses/114-2/30979
專題研究,陳建彰,37713,AM7003,543M0070,選修,,,,1 類,,0,,https://course.ntu.edu.tw/courses/114-2/37713
專題研究,周逸儒,51956,AM7003,543M0070,選修,,,,1 類,,0,,https://course.ntu.edu.tw/courses/114-2/51956
專題研究,陳建甫,10154,AM7003,543M0070,選修,,,,1 類,,0,,https://course.ntu.edu.tw/courses/114-2/10154
專題研究,江宏仁,37735,AM7003,543M0070,選修,,,,1 類,,0,,https://course.ntu.edu.tw/courses/114-2/37735
專題研究,許聿翔,35084,AM7003,543M0070,選修,,,,1 類,,0,,https://course.ntu.edu.tw/courses/114-2/35084
專題研究,李尉彰,19104,AM7003,543M0070,選修,,,,1 類,,0,,https://course.ntu.edu.tw/courses/114-2/19104
專題研究,陳志鴻,37897,AM7003,543M0070,選修,,,,1 類,,0,,https://course.ntu.edu.tw/courses/114-2/37897
專題研究,林哲宇,27700,AM7003,543M0070,選修,,,,1 類,,0,,https://course.ntu.edu.tw/courses/114-2/27700
專題研究,周佳靚,49292,AM7003,543M0070,選修,,,,1 類,,0,,https://course.ntu.edu.tw/courses/114-2/49292
專題研究,林子恩,15054,AM7003,543M0070,選修,,,,1 類,,0,,https://course.ntu.edu.tw/courses/114-2/15054
專題研究,覺元彙,33494,AM7003,543M0070,選修,,,,1 類,,0,,https://course.ntu.edu.tw/courses/114-2/33494
專題研究,劉治綸,15681,AM7003,543M0070,選修,,,,1 類,,0,,https://course.ntu.edu.tw/courses/114-2/15681
應用數學一,吳光鐘,18814,AM7006,543M1020,必修,,"二 2 / 四 3,4",應113,1 類,,3,,https://course.ntu.edu.tw/courses/114-2/18814
工程科學數值方法,周逸儒,57785,AM7008,543M1110,選修,,"二 6,7,8",應111,3 類,,3,,https://course.ntu.edu.tw/courses/114-2/57785
應用力學實驗一,胡文聰,23000,AM7012,543M3020,必修,,,,2 類,,3,,https://course.ntu.edu.tw/courses/114-2/23000
應用力學實驗一,沈弘俊,44899,AM7012,543M3020,必修,,,,2 類,,3,,https://course.ntu.edu.tw/courses/114-2/44899
應用力學實驗一,江宏仁,13774,AM7012,543M3020,必修,,,,2 類,,3,,https://course.ntu.edu.tw/courses/114-2/13774
應用力學實驗二,林哲宇,11267,AM7013,543M3030,必修,,,,2 類,,3,,https://course.ntu.edu.tw/courses/114-2/11267
電子學實驗特論,張培仁,32654,AM7018,543M3160,選修,,"五 8,9,10",應107,2 類,,3,,https://course.ntu.edu.tw/courses/114-2/32654
電磁學,陳建彰,55474,AM7034,543M4730,選修,,"五 2,3,4",應111,3 類,,3,,https://course.ntu.edu.tw/courses/114-2/55474
應用量子力學,趙聖德,18081,AM7035,543M4740,選修,,"二 7,8,9",應113,3 類,,3,,https://course.ntu.edu.tw/courses/114-2/18081
彈性力學一,劉佩玲,26324,AM7050,543M5110,必修,,"一 3,4 / 三 2",應111,2 類,,3,,https://course.ntu.edu.tw/courses/114-2/26324
流體力學導論,劉治綸,35137,AM7097,543M6110,必修,,"一 2 / 三 3,4",應111,2 類,,3,,https://course.ntu.edu.tw/courses/114-2/35137
現代熱流量測技術,王安邦,45893,AM7131,543M6830,選修,,"三 7,8,9",應231,3 類,,3,,https://course.ntu.edu.tw/courses/114-2/45893
細胞微機電及微流體導論,許聿翔,30862,AM7166,543M5310,必修 / 選修,,"四 7,8,9",應233,3 類,,3,,https://course.ntu.edu.tw/courses/114-2/30862
壓電系統設計與製造,李世光,19665,AM7171,543M5340,選修,,"三 7,8,9",應111,2 類,,3,,https://course.ntu.edu.tw/courses/114-2/19665
黏彈性力學,林哲宇,56911,AM7181,543M5180,選修,,"二 7,8,9",應233,3 類,,3,,https://course.ntu.edu.tw/courses/114-2/56911
奈米科技導論,陳建甫,15804,AM7183,543M6460,必修 / 選修,,"四 7,8,9",應111,2 類,,3,,https://course.ntu.edu.tw/courses/114-2/15804
微感測器實務,李尉彰,54531,AM7187,543M5430,選修,,"二 6,7,8",,2 類,,3,,https://course.ntu.edu.tw/courses/114-2/54531
飛航和太空系統設計模擬與整合,傅鶴齡,15001,AM7193,543M5170,選修,,"二 7,8,9",應109,3 類,,3,,https://course.ntu.edu.tw/courses/114-2/15001
材料分析檢測導論,林子恩,57187,AM7199,543M5100,選修,,"五 6,7,8",應231,2 類,,3,,https://course.ntu.edu.tw/courses/114-2/57187
積層製造學,覺元彙,41977,AM7201,543M8170,選修,,"五 2,3,4",應113,3 類,,3,,https://course.ntu.edu.tw/courses/114-2/41977
碩士論文,,11224,AM7999,543M0010,必修,,,,1 類,,0,,https://course.ntu.edu.tw/courses/114-2/11224
專題討論,陳瑞琳,28240,AM8001,543D0040,必修,,"一 7,8,9",,1 類,,1,,https://course.ntu.edu.tw/courses/114-2/28240
博士論文,,17467,AM8999,543D0010,必修,,,,1 類,,0,,https://course.ntu.edu.tw/courses/114-2/17467
臨床腹腔手術解剖學,張銘峰,41584,Anat5003,446U4190,選修,,,,2 類,,1,,https://course.ntu.edu.tw/courses/114-2/41584
專題討論,張銘峰,28923,Anat7001,446M0030,必修,,"一 6,7",基醫304,3 類,,1,,https://course.ntu.edu.tw/courses/114-2/28923
解剖學專題研究,黃敏銓,20838,Anat7002,446M0060,選修,,"五 1,2",,3 類,,1,,https://course.ntu.edu.tw/courses/114-2/20838
神經科學專題討論,李立仁,53627,Anat7003,446M0070,選修,,"四 1,2",,2 類,,2,,https://course.ntu.edu.tw/courses/114-2/53627
細胞生物學專題討論,陳玉怜,34700,Anat7004,446M0080,選修,,"四 6,7",,2 類,,2,,https://course.ntu.edu.tw/courses/114-2/34700
神經解剖學,張銘峰,38098,Anat7011,446M1400,選修,,"一 1,2,3,4",,2 類,,2,,https://course.ntu.edu.tw/courses/114-2/38098
細胞生物學研究法,許書豪,38850,Anat7016,446M2500,選修,,"三 6,7,8,9",,2 類,,2,,https://course.ntu.edu.tw/courses/114-2/38850
細胞生物學導論,黃敏銓,45752,Anat7017,446M2550,必修,,"一 8,9",,2 類,,2,,https://course.ntu.edu.tw/courses/114-2/45752
人體發生學二,王淑慧,18350,Anat7024,446M1512,選修,,"二 6,7",,2 類,,1,,https://course.ntu.edu.tw/courses/114-2/18350
人體解剖學二,廖孟琳,31135,Anat7025,446M4172,必修,,"二 1,2,3,4,5",一東實驗室,2 類,,3,,https://course.ntu.edu.tw/courses/114-2/31135
顯微解剖學二,廖孟琳,15432,Anat7026,446M1212,必修,,"二 8,9",三東實驗室,2 類,,1,,https://course.ntu.edu.tw/courses/114-2/15432
碩士論文,黃敏銓,53994,Anat7999,446M0010,必修,,,,1 類,,0,,https://course.ntu.edu.tw/courses/114-2/53994
遺傳學,王佩華,25574,AniSci2001,60620000,必帶,,"一 6 / 三 3,4",畜一,2 類,,3,,https://course.ntu.edu.tw/courses/114-2/25574
遺傳學實習,朱有田,52607,AniSci2003,60621000,必帶,,"一 7,8,9",生理研,2 類,,1,,https://course.ntu.edu.tw/courses/114-2/52607
動物解剖生理學下,黃  謙,50672,AniSci2005,60661022,必帶,,"五 3,4",畜一,2 類,,2,,https://course.ntu.edu.tw/courses/114-2/50672
動物解剖生理學實習下,黃  謙,35748,AniSci2007,60661302,必帶,,"四 7,8,9",生理研,2 類,,1,,https://course.ntu.edu.tw/courses/114-2/35748
豬營養學甲,魏恒巍,36576,AniSci2014,606252A0,選修,,"一 7,8,9",畜二,2 類,,3,,https://course.ntu.edu.tw/courses/114-2/36576
寵物營養,林原佑,52368,AniSci2015,60625400,選修,,"三 8,9",畜一,2 類,,2,,https://course.ntu.edu.tw/courses/114-2/52368
動物育種學,林恩仲,42220,AniSci2022,60662050,必帶,,"五 2,3,4",加工204室,2 類,,3,,https://course.ntu.edu.tw/courses/114-2/42220
乳牛學,王佩華,52167,AniSci3013,60634100,必帶,,"三 2,3,4",畜三,2 類,,3,,https://course.ntu.edu.tw/courses/114-2/52167
豬學,林恩仲,37246,AniSci3015,60634300,必帶,,"一 2,3,4",畜一,2 類,,3,,https://course.ntu.edu.tw/courses/114-2/37246
肉品學,王聖耀,59370,AniSci3022,60636900,必帶 / 選修,,"二 3,4",畜一,2 類,,2,,https://course.ntu.edu.tw/courses/114-2/59370
蛋品加工學,王聖耀,31395,AniSci3035,60631500,選修,,"四 8,9",加工105室,2 類,,2,,https://course.ntu.edu.tw/courses/114-2/31395
肉品學實習,王聖耀,34013,AniSci3042,60637000,必帶,,"二 7,8,9",加工204室,2 類,,1,,https://course.ntu.edu.tw/courses/114-2/34013
飼料學,魏恒巍,42232,AniSci3045,60632700,選修,,"五 2,3,4",畜二,2 類,,3,,https://course.ntu.edu.tw/courses/114-2/42232
牧場實務技術二,吳信志,33403,AniSci3048,60634010,必帶,,"四 7,8,9",加工204室,2 類,,3,,https://course.ntu.edu.tw/courses/114-2/33403
牧場實務技術三,王佩華,38370,AniSci3049,60634020,必帶,,"三 7,8,9",生理研,2 類,,3,,https://course.ntu.edu.tw/courses/114-2/38370
動物衛生學,邱智賢,47363,AniSci4007,60664060,必帶,,"一 3,4",畜二,2 類,,2,,https://course.ntu.edu.tw/courses/114-2/47363
動物資源經營學,蘇忠楨,58401,AniSci4008,60664070,必帶 / 選修,,"二 7,8,9",畜一,2 類,,3,,https://course.ntu.edu.tw/courses/114-2/58401
專題研究,陳明汝,53650,AniSci4018,60649000,選修,,,,1 類,,1,,https://course.ntu.edu.tw/courses/114-2/53650
專題研究,王佩華,58743,AniSci4018,60649000,選修,,,,1 類,,1,,https://course.ntu.edu.tw/courses/114-2/58743
專題研究,黃  謙,18874,AniSci4018,60649000,選修,,,,1 類,,1,,https://course.ntu.edu.tw/courses/114-2/18874
專題討論下,王佩華,10756,AniSci4020,60649102,選修,,,,1 類,,1,,https://course.ntu.edu.tw/courses/114-2/10756
專題討論下,王聖耀,50372,AniSci4020,60649102,選修,,,,1 類,,1,,https://course.ntu.edu.tw/courses/114-2/50372
專題討論下,黃  謙,56062,AniSci4020,60649102,選修,,,,1 類,,1,,https://course.ntu.edu.tw/courses/114-2/56062
伴侶動物學,魏恒巍,25019,AniSci4027,60645000,選修,,"二 7,8,9",畜三,2 類,,3,,https://course.ntu.edu.tw/courses/114-2/25019
動物議題討論,王翰聰,22280,AniSci4028,60645100,必帶,,"五 7,8",畜一,2 類,,1,,https://course.ntu.edu.tw/courses/114-2/22280
學士論文下,宋麗英,21284,AniSci4999,60649502,選修,,,,1 類,,2,,https://course.ntu.edu.tw/courses/114-2/21284
生物資料處理與分析,辛坤鎰,39438,AniSci5036,626U0410,選修,,,,2 類,,2,,https://course.ntu.edu.tw/courses/114-2/39438
專題討論,丁詩同,14500,AniSci7001,626M0030,必修,,,,1 類,,1,,https://course.ntu.edu.tw/courses/114-2/14500
專題討論,邱智賢,36556,AniSci7001,626M0030,必修,,,,1 類,,1,,https://course.ntu.edu.tw/courses/114-2/36556
專題討論,王佩華,41859,AniSci7001,626M0030,必修,,,,1 類,,1,,https://course.ntu.edu.tw/courses/114-2/41859
專題討論,吳信志,19656,AniSci7001,626M0030,必修,,,,1 類,,1,,https://course.ntu.edu.tw/courses/114-2/19656
專題討論,朱有田,43305,AniSci7001,626M0030,必修,,,,1 類,,1,,https://course.ntu.edu.tw/courses/114-2/43305
專題討論,陳靜宜,34893,AniSci7001,626M0030,必修,,,,1 類,,1,,https://course.ntu.edu.tw/courses/114-2/34893
專題討論,王翰聰,31060,AniSci7001,626M0030,必修,,,,1 類,,1,,https://course.ntu.edu.tw/courses/114-2/31060
專題討論,蘇忠楨,10884,AniSci7001,626M0030,必修,,,,1 類,,1,,https://course.ntu.edu.tw/courses/114-2/10884
專題討論,林恩仲,57180,AniSci7001,626M0030,必修,,,,1 類,,1,,https://course.ntu.edu.tw/courses/114-2/57180
專題討論,魏恒巍,22738,AniSci7001,626M0030,必修,,,,1 類,,1,,https://course.ntu.edu.tw/courses/114-2/22738
專題討論,王聖耀,49905,AniSci7001,626M0030,必修,,,,1 類,,1,,https://course.ntu.edu.tw/courses/114-2/49905
專題討論,林原佑,43597,AniSci7001,626M0030,必修,,,,1 類,,1,,https://course.ntu.edu.tw/courses/114-2/43597
專題討論,黃  謙,52535,AniSci7001,626M0030,必修,,,,1 類,,1,,https://course.ntu.edu.tw/courses/114-2/52535
專題討論,張家駿,22973,AniSci7001,626M0030,必修,,,,1 類,,1,,https://course.ntu.edu.tw/courses/114-2/22973
動物之代謝調節,陳靜宜,54202,AniSci7008,626M1300,選修,,"二 2,3,4",畜三,2 類,,3,,https://course.ntu.edu.tw/courses/114-2/54202
乳品生物技術,陳明汝,46734,AniSci7022,626M1580,選修,,"二 7,8,9",會議室,2 類,,3,,https://course.ntu.edu.tw/courses/114-2/46734
幹細胞學,吳信志,37912,AniSci7024,626M1600,選修,,"二 2,3,4",畜二,2 類,,3,,https://course.ntu.edu.tw/courses/114-2/37912
動物產品微生物特論,劉嚞睿,42779,AniSci7027,626M1630,選修,,"一 2,3,4",加工105室,2 類,,3,,https://course.ntu.edu.tw/courses/114-2/42779
動物科學研究法乙,陳明汝,35461,AniSci7033,626M60B0,必修,,"三 2,3,4",畜二,1 類,,3,,https://course.ntu.edu.tw/courses/114-2/35461
智慧化動物生產,蘇忠楨,43887,AniSci7047,626M1700,選修,,"二 2,3,4",加工204室,2 類,,3,,https://course.ntu.edu.tw/courses/114-2/43887
維生素營養特論,陳靜宜,57158,AniSci7048,626M1710,選修,,"一 7,8,9",畜三,2 類,,3,,https://course.ntu.edu.tw/courses/114-2/57158
細胞生理學特論,張家駿,13074,AniSci7050,626M1730,選修,,,,2 類,,3,,https://course.ntu.edu.tw/courses/114-2/13074
碩士論文,,55266,AniSci7999,626M0010,必修,,,,1 類,,0,,https://course.ntu.edu.tw/courses/114-2/55266
專題討論,陳明汝,10979,AniSci8002,626D0030,必修,,,,1 類,,1,,https://course.ntu.edu.tw/courses/114-2/10979
專題討論,陳靜宜,46133,AniSci8002,626D0030,必修,,,,1 類,,1,,https://course.ntu.edu.tw/courses/114-2/46133
專題討論,林恩仲,27296,AniSci8002,626D0030,必修,,,,1 類,,1,,https://course.ntu.edu.tw/courses/114-2/27296
服務學習乙,蔡哲嫻,10360,Anth0009,105001H0,選修,,一 5,,2 類,,1,,https://course.ntu.edu.tw/courses/114-2/10360
體質人類學,江芝華,22877,Anth1012,10520300,必帶,,"五 2,3,4",普305,2 類,,3,,https://course.ntu.edu.tw/courses/114-2/22877
文化人類學丙,羅素玫,30065,Anth2003,105201C0,,,"二 7,8,9",共101,2 類,,3,,https://course.ntu.edu.tw/courses/114-2/30065
語言學,陳柏亨,20155,Anth2013,10521400,必帶,,"四 2,3,4",綜602,2 類,,3,,https://course.ntu.edu.tw/courses/114-2/20155
人類學史,王梅霞,19554,Anth2065,10524500,必帶,,"二 7,8,9",共301,2 類,,3,,https://course.ntu.edu.tw/courses/114-2/19554
文化田野實習與方法下,黃郁茜,33492,Anth3010,10530402,必修,,"三 3,4",人文B106,2 類,,3,,https://course.ntu.edu.tw/courses/114-2/33492
考古田野實習與方法下,盧柔君,19636,Anth3012,10530502,必修,,"三 3,4",人文B111,2 類,,3,,https://course.ntu.edu.tw/courses/114-2/19636
台灣考古學,盧柔君,12927,Anth3013,10532000,必修 / 選修,,"三 7,8,9",文18,2 類,,3,,https://course.ntu.edu.tw/courses/114-2/12927
台灣民俗文化,葉春榮,25625,Anth4013,10542020,選修,,"三 7,8,9",人文B111,2 類,,3,,https://course.ntu.edu.tw/courses/114-2/25625
類型民族誌選讀,黃郁茜,35393,Anth4040,10542290,選修,,"二 3,4,5",博雅303,2 類,,3,,https://course.ntu.edu.tw/courses/114-2/35393
青銅器時代的文明：愛琴海和近東,蔡哲嫻,43524,Anth4048,10542370,選修,,"二 3,4,5",人文B106-2,2 類,,3,,https://course.ntu.edu.tw/courses/114-2/43524
學士論文下,陳有貝,32216,Anth4999,10540102,選修,,"一 A,B",,2 類,,4,,https://course.ntu.edu.tw/courses/114-2/32216
學士論文下,江芝華,39250,Anth4999,10540102,選修,,"一 A,B",,2 類,,4,,https://course.ntu.edu.tw/courses/114-2/39250
歷史考古學,鄭玠甫,27822,Anth5046,125U2350,選修,,"四 7,8,9",人文B106,2 類,,3,,https://course.ntu.edu.tw/courses/114-2/27822
文化資產保存的理論與實踐,陳東和,32933,Anth5073,125U2680,選修,,"四 7,8,9",綜201,2 類,,3,,https://course.ntu.edu.tw/courses/114-2/32933
當代環境主義專題,呂欣怡,35519,Anth5087,125U2800,選修,,"二 6,7,8",人文B106-2,2 類,,3,,https://course.ntu.edu.tw/courses/114-2/35519
東亞與東南亞考古文化遺產中的政治與國家主義,高  德,30359,Anth5109,125U3020,選修,,"一 3,4,5",人文B106,2 類,,3,,https://course.ntu.edu.tw/courses/114-2/30359
中國史前考古專題,高  德,30077,Anth5138,125U3300,選修,,"三 3,4,5",人文B106-2,2 類,,3,,https://course.ntu.edu.tw/courses/114-2/30077
海洋與漁業人類學,呂欣怡,57094,Anth5156,125U3480,選修,,"一 6,7,8",人文B106,2 類,,3,,https://course.ntu.edu.tw/courses/114-2/57094
考古材料的介紹與科學分析,蔡哲嫻,43111,Anth5157,125U3490,選修,,"一 7,8,9",人文B111,2 類,,3,,https://course.ntu.edu.tw/courses/114-2/43111
飲食考古學,鄭玠甫,53303,Anth5172,125U3640,選修,,"二 7,8,9",綜505,2 類,,3,,https://course.ntu.edu.tw/courses/114-2/53303
文明與想像,江芝華,58067,Anth5179,125U3710,必修 / 選修,,"四 2,3,4",博雅203,2 類,,3,,https://course.ntu.edu.tw/courses/114-2/58067
臺灣史前史研究,陳有貝,37444,Anth5180,125U3720,選修,,"四 6,7",人文B111,2 類,,2,,https://course.ntu.edu.tw/courses/114-2/37444
醫療人類學與全球衛生,艾理克,45413,Anth5181,125U3730,選修,,"二 2,3,4",博雅305,2 類,,3,,https://course.ntu.edu.tw/courses/114-2/45413
運動：樂趣與暴力，競爭與社會性,白思寧,32166,Anth5182,125U3740,選修,,"二 2,3,4",人文B111,2 類,,3,,https://course.ntu.edu.tw/courses/114-2/32166
數位人類學,李梅君,36892,Anth5183,125U3760,選修,,"五 2,3,4",人文B106,2 類,,3,,https://course.ntu.edu.tw/courses/114-2/36892
墓葬考古學,吳牧錞,46125,Anth5184,125U3770,必修 / 選修,,"三 8,9,10",人文B106,2 類,,3,,https://course.ntu.edu.tw/courses/114-2/46125
資料選讀,黃郁茜,38199,Anth7004,125M1000,必修,,"一 A,B",,2 類,,2,,https://course.ntu.edu.tw/courses/114-2/38199
資料選讀,陳有貝,35520,Anth7004,125M1000,必修,,"二 A,B",,2 類,,2,,https://course.ntu.edu.tw/courses/114-2/35520
資料選讀,艾理克,41126,Anth7004,125M1000,必修,,"一 A,B",,2 類,,2,,https://course.ntu.edu.tw/courses/114-2/41126
資料選讀,陳有貝,95012,Anth7004,125M1000,必修,,"三 A,B",,2 類,,2,,https://course.ntu.edu.tw/courses/114-2/95012
身體人類學,艾理克,57514,Anth7139,125M3380,選修,,"一 7,8,9",人文B106-2,2 類,,3,,https://course.ntu.edu.tw/courses/114-2/57514
全球化情境下的語言與互動,白思寧,56296,Anth7142,125M3410,選修,,"四 2,3,4",人文B106,2 類,,3,,https://course.ntu.edu.tw/courses/114-2/56296
語言與文化：以南島語族為基礎,齊莉莎,36606,Anth7143,125M3420,選修,,"五 7,8",人文B106-2,2 類,,2,,https://course.ntu.edu.tw/courses/114-2/36606
儀式與展演,羅素玫,56981,Anth7144,125M3430,選修,,"四 7,8,9",人文B106-2,2 類,,3,,https://course.ntu.edu.tw/courses/114-2/56981
碩士論文,,44138,Anth7999,125M0010,必修,,,,1 類,,0,,https://course.ntu.edu.tw/courses/114-2/44138
基礎文獻評論,王梅霞,21903,Anth8001,125D0030,選修,,"一 A,B",,2 類,,2,,https://course.ntu.edu.tw/courses/114-2/21903
基礎文獻評論,吳牧錞,55980,Anth8001,125D0030,選修,,"一 A,B",,2 類,,2,,https://course.ntu.edu.tw/courses/114-2/55980
博士論文,,16630,Anth8999,125D0010,必修,,,,1 類,,0,,https://course.ntu.edu.tw/courses/114-2/16630
應用物理專題討論二,黃斯衍,34631,ApPhys7002,245M0050,必修,,"二 7,8",,2 類,,1,,https://course.ntu.edu.tw/courses/114-2/34631
碩士論文,,28510,ApPhys7999,245M0010,必修,,,,1 類,,0,,https://course.ntu.edu.tw/courses/114-2/28510
高等應用物理專題討論二,黃斯衍,22567,ApPhys8002,245D0050,必修,,"二 7,8",,2 類,,1,,https://course.ntu.edu.tw/courses/114-2/22567
博士論文,,44736,ApPhys8999,245D0010,選修,,,,1 類,,0,,https://course.ntu.edu.tw/courses/114-2/44736
中國書法史,盧慧紋,56688,ARHY1009,14110900,,,"三 3,4,5",新103,2 類,,3,,https://course.ntu.edu.tw/courses/114-2/56688
東亞陶瓷文化史,施靜菲,30215,ARHY1011,14111100,,,"四 3,4,5",博雅201,2 類,,3,,https://course.ntu.edu.tw/courses/114-2/30215
日本建築史導論,堀込憲二,23143,ARHY1018,14111800,,,"三 7,8,9",普405,2 類,,3,,https://course.ntu.edu.tw/courses/114-2/23143
藝術經典,陳韻如,47018,ARHY1022,14112200,,,"二 6,7,8",博雅406,2 類,,3,,https://course.ntu.edu.tw/courses/114-2/47018
墓葬中的中國藝術史,林郡儀,18883,ARHY1029,14112900,,,"二 8,9,10",綜501,2 類,,3,,https://course.ntu.edu.tw/courses/114-2/18883
台灣近代美術史,邱函妮,39056,ARHY5011,141U0500,選修,,"三 3,4,5",綜203,2 類,,3,,https://course.ntu.edu.tw/courses/114-2/39056
明畫專題研究,陳韻如,41866,ARHY7004,141M0200,選修,,"一 6,7,8",樂學205,2 類,,3,,https://course.ntu.edu.tw/courses/114-2/41866
美術史學及批評,盧慧紋,42656,ARHY7005,141M0300,必修,,"四 6,7,8",樂學205,1 類,,3,,https://course.ntu.edu.tw/courses/114-2/42656
貿易陶磁史專題研究,謝明良,37174,ARHY7014,141M0530,選修,,"三 6,7,8",樂學205,2 類,,3,,https://course.ntu.edu.tw/courses/114-2/37174
東亞建築史專題研究,黃蘭翔,45850,ARHY7067,141M1250,選修,,"二 2,3,4",樂學館211,2 類,,3,,https://course.ntu.edu.tw/courses/114-2/45850
魏晉南北朝書法專題,盧慧紋,54919,ARHY7078,141M1360,選修,,"二 6,7,8",樂學205,2 類,,3,,https://course.ntu.edu.tw/courses/114-2/54919
清代宮廷工藝造作,施靜菲,40217,ARHY7080,141M1380,選修,,"三 3,4,5",樂學205,2 類,,3,,https://course.ntu.edu.tw/courses/114-2/40217
絲路藝術與考古專題,林郡儀,37626,ARHY7114,141M1670,選修,,"一 3,4,5",樂學館211,2 類,,3,,https://course.ntu.edu.tw/courses/114-2/37626
碩士論文,,52366,ARHY7999,141M0010,必修,,,,1 類,,0,,https://course.ntu.edu.tw/courses/114-2/52366
博士論文,,25051,ARHY8999,141D0010,必修,,,,1 類,,0,,https://course.ntu.edu.tw/courses/114-2/25051
專題討論二,黃斯衍,29195,AsPhys7007,244M0090,必修,,"二 7,8",,2 類,,0,,https://course.ntu.edu.tw/courses/114-2/29195
碩士論文,,19921,AsPhys7999,244M0010,必修,,,,1 類,,0,,https://course.ntu.edu.tw/courses/114-2/19921
高等專題研究,陳丕燊,58267,AsPhys8001,244D0020,選修,,,,1 類,,1,,https://course.ntu.edu.tw/courses/114-2/58267
高等專題討論二,黃斯衍,55580,AsPhys8003,244D0050,選修,,"二 7,8",,2 類,,1,,https://course.ntu.edu.tw/courses/114-2/55580
粒子天文物理學,裴思達,41388,AsPhys8011,244D1040,選修,,"四 7,8,9",,2 類,,3,,https://course.ntu.edu.tw/courses/114-2/41388
天文輻射物理,胡德邦,21672,AsPhys8026,244D1210,選修,,"二 9,10,A",天數812,2 類,,3,,https://course.ntu.edu.tw/courses/114-2/21672
星系天文物理,藍鼎文,43576,AsPhys8027,244D1220,必修,,"一 3,4 / 四 3,4",天數812,2 類,,4,,https://course.ntu.edu.tw/courses/114-2/43576
星際瀰漫物質,胡家瑜,23767,AsPhys8029,244D1240,選修,,"二 2,3,4",天數812,2 類,,3,,https://course.ntu.edu.tw/courses/114-2/23767
計算天文物理,薛熙于,30888,AsPhys8030,244D1250,選修,,"五 6,7,8",天數812,2 類,,3,,https://course.ntu.edu.tw/courses/114-2/30888
博士論文,,23723,AsPhys8999,244D0010,必修,,,,1 類,,0,,https://course.ntu.edu.tw/courses/114-2/23723
進階植物分子生物技術在作物中的應用,謝旭亮,42447,ATGS5260,H43U5260,選修,,"四 2,3,4",綜505,2 類,,3,,https://course.ntu.edu.tw/courses/114-2/42447
碩士論文,,39581,ATGS7001,H43M0010,必修,,,,1 類,,0,,https://course.ntu.edu.tw/courses/114-2/39581
專題討論,伊藤剛,36473,ATGS7100,H43M7100,必修,,"五 3,4",綜607,2 類,,1,,https://course.ntu.edu.tw/courses/114-2/36473
植物工廠：理論與實踐,方  煒,28944,ATGS7140,H43M7140,選修,,"一 6,7,8",,2 類,,3,,https://course.ntu.edu.tw/courses/114-2/28944
實驗科學的實用生物資訊學,伊藤剛,30642,ATGS7180,H43M7180,選修,,"一 3,4",博雅408,2 類,,2,,https://course.ntu.edu.tw/courses/114-2/30642
專題研究,劉力瑜,36889,ATGS7210,H43M7210,必修,,,,2 類,,1,,https://course.ntu.edu.tw/courses/114-2/36889
專題研究,杜宜殷,54377,ATGS7210,H43M7210,必修,,,,2 類,,1,,https://course.ntu.edu.tw/courses/114-2/54377
專題研究,伊藤剛,11596,ATGS7210,H43M7210,必修,,,,2 類,,1,,https://course.ntu.edu.tw/courses/114-2/11596
校外實習,楊雯如,57261,ATGS7220,H43M7220,選修,,,,2 類,,2,,https://course.ntu.edu.tw/courses/114-2/57261
農業科學中的數據分析應用,伊藤剛,25193,ATGS7230,H43M7230,選修,,"五 7,8",博雅409,2 類,,2,,https://course.ntu.edu.tw/courses/114-2/25193
服務學習甲,黃彥婷,95111,AtmSci0006,209001G0,必修,,,,1 類,,1,,https://course.ntu.edu.tw/courses/114-2/95111
服務學習乙,陳維婷,95112,AtmSci0007,209001H0,必修,,,,1 類,,1,,https://course.ntu.edu.tw/courses/114-2/95112
天氣與氣候,吳明進,44122,AtmSci1007,20912000,,,"四 8,9",大氣B105,2 類,,2,,https://course.ntu.edu.tw/courses/114-2/44122
大氣熱力學,吳健銘,14908,AtmSci2002,20920200,必修,,"二 3,4 / 四 3",大氣B105,2 類,,3,,https://course.ntu.edu.tw/courses/114-2/14908
大氣輻射學,林依依,28589,AtmSci2017,20949500,必修,,"五 6,7",共105,3 類,,2,,https://course.ntu.edu.tw/courses/114-2/28589
天氣學二,游政谷,41299,AtmSci3004,20930320,必修 / 選修,,"三 3,4",大氣B105,2 類,,2,,https://course.ntu.edu.tw/courses/114-2/41299
物理海洋概論,陳世楠,33406,AtmSci3006,20932600,選修,,"三 6,7",大氣A108,1 類,,2,,https://course.ntu.edu.tw/courses/114-2/33406
天氣學實習二,游政谷,21525,AtmSci3010,20940120,必修 / 選修,,"五 7,8,9",大氣B105,2 類,,1,,https://course.ntu.edu.tw/courses/114-2/21525
獨立研究二,陳維婷,14320,AtmSci4002,20946200,選修,,,,2 類,,2,,https://course.ntu.edu.tw/courses/114-2/14320
氣候學,黃彥婷,16978,AtmSci4004,20923100,必修 / 選修,,"二 3,4 / 五 3,4",大氣A104,2 類,,3,,https://course.ntu.edu.tw/courses/114-2/16978
學士論文,羅敏輝,15685,AtmSci4009,20949680,選修,,,,2 類,,2,,https://course.ntu.edu.tw/courses/114-2/15685
航空氣象學,王寶貫,26691,AtmSci5036,229U5300,選修,,"四 8,9,10",大氣系A100,3 類,,3,,https://course.ntu.edu.tw/courses/114-2/26691
生地化循環與氣候,洪惠敏,17704,AtmSci5058,229U5560,必修 / 選修,,"一 3,4 / 四 7",大氣A104,2 類,,3,,https://course.ntu.edu.tw/courses/114-2/17704
數值天氣預報,楊明仁,38181,AtmSci5092,229U1000,必修,,"四 3,4 / 五 6",大氣系A100,3 類,,3,,https://course.ntu.edu.tw/courses/114-2/38181
大氣環境概論,谷邁世,10962,AtmSci5103,229U5970,,,"三 2,3,4",大氣系A100,3 類,,3,,https://course.ntu.edu.tw/courses/114-2/10962
大氣化學測量學,谷邁世,45673,AtmSci5105,229U5990,選修,,"一 6,7,8",大氣A108,3 類,,3,,https://course.ntu.edu.tw/courses/114-2/45673
大氣熱力學實作,吳健銘,53755,AtmSci5110,229U6130,選修,,四 4,大氣B105,2 類,,1,,https://course.ntu.edu.tw/courses/114-2/53755
地球系統科學概論,羅敏輝,39761,AtmSci5114,229U6160,選修,,"五 8,9",大氣A104,3 類,,2,,https://course.ntu.edu.tw/courses/114-2/39761
氣候學實作,張瓊尹,53834,AtmSci5116,229U6180,選修,,"五 3,4",大氣A104,2 類,,1,,https://course.ntu.edu.tw/courses/114-2/53834
數值天氣預報實作,楊明仁,26795,AtmSci5118,229U6200,選修,,五 5,大氣系A100,3 類,,1,,https://course.ntu.edu.tw/courses/114-2/26795
專題討論,梁禹喬,22771,AtmSci7002,229M0050,必修,,"二 6,7",,1 類,,0,,https://course.ntu.edu.tw/courses/114-2/22771
專題討論,曾開治,17210,AtmSci7002,229M0050,選修,,"二 6,7",,1 類,,0,,https://course.ntu.edu.tw/courses/114-2/17210
專題討論,張瓊尹,57664,AtmSci7002,229M0050,選修,,"二 6,7",,1 類,,0,,https://course.ntu.edu.tw/courses/114-2/57664
高等大氣動力學,郭鴻基,41174,AtmSci7003,229M1010,選修,,"一 2,3,4",大氣A108,3 類,,3,,https://course.ntu.edu.tw/courses/114-2/41174
專題討論,游政谷,54612,AtmSci7053,229M0070,必修,,"二 6,7",,1 類,,2,,https://course.ntu.edu.tw/courses/114-2/54612
專題討論,陳維婷,27942,AtmSci7053,229M0070,必修,,"二 6,7",,1 類,,2,,https://course.ntu.edu.tw/courses/114-2/27942
專題討論,吳健銘,35682,AtmSci7053,229M0070,必修,,"二 6,7",,1 類,,2,,https://course.ntu.edu.tw/courses/114-2/35682
專題討論,谷邁世,24418,AtmSci7053,229M0070,必修,,"二 6,7",,1 類,,2,,https://course.ntu.edu.tw/courses/114-2/24418
資料同化,連國淵,17941,AtmSci7056,229M8150,選修,,"四 8,9,10",大氣A108,2 類,,3,,https://course.ntu.edu.tw/courses/114-2/17941
氣候變遷科學,陳維婷,51319,AtmSci7072,229M8300,選修,,"一 9,10",大氣B105,3 類,,2,,https://course.ntu.edu.tw/courses/114-2/51319
雙偏極雷達專題,周仲島,59123,AtmSci7095,229M8510,選修,,"一 5,6",大氣A206,3 類,,2,,https://course.ntu.edu.tw/courses/114-2/59123
颱風動力,郭鴻基,39256,AtmSci7118,229M8740,選修,,"三 6,7,8",大氣A104,3 類,,3,,https://course.ntu.edu.tw/courses/114-2/39256
熱帶氣旋,吳俊傑,35767,AtmSci7126,229M8820,選修,,,,2 類,,2,,https://course.ntu.edu.tw/courses/114-2/35767
碩士論文,游政谷,53688,AtmSci7999,229M0010,必修,,,,1 類,,0,,https://course.ntu.edu.tw/courses/114-2/53688
專題討論,陳正平,36877,AtmSci8001,229D0030,必修,,"二 6,7",大氣B105,3 類,,0,,https://course.ntu.edu.tw/courses/114-2/36877
專題討論,羅敏輝,25811,AtmSci8002,229D0050,必修,,"二 6,7",,3 類,,1,,https://course.ntu.edu.tw/courses/114-2/25811
颱風雨帶獨立研究二,游政谷,11522,AtmSci8056,229D3170,選修,,,,2 類,,2,,https://course.ntu.edu.tw/courses/114-2/11522
獨立研究三十,曾開治,95128,AtmSci8060,229D4290,選修,,,,2 類,,2,,https://course.ntu.edu.tw/courses/114-2/95128
博士論文,游政谷,24210,AtmSci8999,229D0010,必修,,,,1 類,,0,,https://course.ntu.edu.tw/courses/114-2/24210
服務學習乙,簡怡雯,29979,BA0007,701001H0,選修,,,,2 類,,1,,https://course.ntu.edu.tw/courses/114-2/29979
服務學習乙,劉怡靖,50176,BA0007,701001H0,選修,,,,2 類,,1,,https://course.ntu.edu.tw/courses/114-2/50176
服務學習乙,柯冠州,35944,BA0007,701001H0,選修,,,,2 類,,1,,https://course.ntu.edu.tw/courses/114-2/35944
服務學習甲,廖振男,25315,BA0008,701001G0,選修,,,,2 類,,1,,https://course.ntu.edu.tw/courses/114-2/25315
服務學習甲,秦時雋,16794,BA0008,701001G0,選修,,,,2 類,,1,,https://course.ntu.edu.tw/courses/114-2/16794
服務學習甲,林嘉薇,13827,BA0008,701001G0,選修,,,,2 類,,1,,https://course.ntu.edu.tw/courses/114-2/13827
程式設計,郭耀仁,29049,BA1009,70120900,必帶,,"二 6,7,8",管一103,2 類,,3,,https://course.ntu.edu.tw/courses/114-2/29049
企業管理,朱文儀,15802,BA1010,70121000,必帶 / 必修,,"一 2,3,4",管一103,2 類,,3,,https://course.ntu.edu.tw/courses/114-2/15802
作業管理,郭佳瑋,28234,BA2005,70121500,必修,,"二 2,3,4",管二201,2 類,,3,,https://course.ntu.edu.tw/courses/114-2/28234
作業管理,陳家麟,10597,BA2005,70121500,選修,,"三 7,8,9",管二202,2 類,,3,,https://course.ntu.edu.tw/courses/114-2/10597
組織行為學,劉怡靖,18190,BA2006,70121700,必修 / 選修,,"二 7,8,9",管二201,2 類,,3,,https://course.ntu.edu.tw/courses/114-2/18190
管理科學模式,余峻瑜,59135,BA2007,70119000,必修,,"五 2,3,4",管二201,2 類,,3,,https://course.ntu.edu.tw/courses/114-2/59135
商事法,蕭富山,15574,BA2010,70128100,必帶,,"二 A,B,C",管一103,2 類,,3,,https://course.ntu.edu.tw/courses/114-2/15574
行銷管理,簡怡雯,25871,BA3001,70130200,必修,,"二 6,7,8",管二303,2 類,,3,,https://course.ntu.edu.tw/courses/114-2/25871
行銷管理,林嘉薇,48637,BA3001,70130200,必修,,"二 7,8,9",管二204,2 類,,3,,https://course.ntu.edu.tw/courses/114-2/48637
供應鏈管理,蔣明晃,56729,BA3006,70131900,選修,,"一 2,3,4",管二104,2 類,,3,,https://course.ntu.edu.tw/courses/114-2/56729
視覺化與現代資料科學,郭耀仁,40482,BA4009,70141110,選修,,"一 6,7,8",管一104,2 類,,3,,https://course.ntu.edu.tw/courses/114-2/40482
生物化學乙下,管永恕,35288,BChem3008,B46301B2,必帶 / 必修 / 選修,,"二 1,2",普103,3 類,,2,,https://course.ntu.edu.tw/courses/114-2/35288
生物化學甲下,余榮熾,26732,BChem3013,B46303A2,必修 / 選修,,"二 3,4 / 四 1,2",新204,3 類,,4,,https://course.ntu.edu.tw/courses/114-2/26732
生化專題研究實作(一),徐尚德,52744,BChem5057,B46U1170,選修,,,,2 類,,3,,https://course.ntu.edu.tw/courses/114-2/52744
生化專題研究實作(二),陳世勳,48178,BChem5058,B46U1180,選修,,,,2 類,,3,,https://course.ntu.edu.tw/courses/114-2/48178
生化專題研究實作(二),翁瑞霞,37611,BChem5058,B46U1180,選修,,,,2 類,,3,,https://course.ntu.edu.tw/courses/114-2/37611
結構生化學,徐尚德,42883,BChem5065,B46U1250,必修,,"一 3,4",新204,3 類,,2,,https://course.ntu.edu.tw/courses/114-2/42883
高等電子顯微鏡於生物研究之應用,何孟樵,58638,BChem5067,B46U1270,選修,,"二 6,7",,3 類,,2,,https://course.ntu.edu.tw/courses/114-2/58638
天然物化學,林曉青,15317,BChem5068,B46U1280,選修,,,,2 類,,1,,https://course.ntu.edu.tw/courses/114-2/15317
藥物化學,呂桐睿,46128,BChem5069,B46U1290,選修,,,,2 類,,1,,https://course.ntu.edu.tw/courses/114-2/46128
專題研究,余榮熾,12202,BChem7000,B46M0020,必修,,,,1 類,,1,,https://course.ntu.edu.tw/courses/114-2/12202
專題研究,冀宏源,13776,BChem7000,B46M0020,必修,,,,1 類,,1,,https://course.ntu.edu.tw/courses/114-2/13776
專題研究,張茂山,12779,BChem7000,B46M0020,必修,,,,1 類,,1,,https://course.ntu.edu.tw/courses/114-2/12779
專題研究,管永恕,42567,BChem7000,B46M0020,必修 / 選修,,,,1 類,,1,,https://course.ntu.edu.tw/courses/114-2/42567
專題研究,蕭超隆,10445,BChem7000,B46M0020,必修,,,,1 類,,1,,https://course.ntu.edu.tw/courses/114-2/10445
專題研究,許家維,48206,BChem7000,B46M0020,必修,,,,1 類,,1,,https://course.ntu.edu.tw/courses/114-2/48206
專題研究,陳世勳,25711,BChem7000,B46M0020,必修,,,,1 類,,1,,https://course.ntu.edu.tw/courses/114-2/25711
專題研究,凌嘉鴻,59296,BChem7000,B46M0020,必修,,,,1 類,,1,,https://course.ntu.edu.tw/courses/114-2/59296
專題研究,吳昆峰,29943,BChem7000,B46M0020,必修,,,,1 類,,1,,https://course.ntu.edu.tw/courses/114-2/29943
專題研究,楊維元,38357,BChem7000,B46M0020,必修,,,,1 類,,1,,https://course.ntu.edu.tw/courses/114-2/38357
專題研究,徐尚德,54033,BChem7000,B46M0020,必修,,,,1 類,,1,,https://course.ntu.edu.tw/courses/114-2/54033
專題研究,陳光超,31176,BChem7000,B46M0020,必修,,,,1 類,,1,,https://course.ntu.edu.tw/courses/114-2/31176
專題研究,陳宏文,16546,BChem7000,B46M0020,必修,,,,1 類,,1,,https://course.ntu.edu.tw/courses/114-2/16546
專題研究,何孟樵,29176,BChem7000,B46M0020,必修,,,,1 類,,1,,https://course.ntu.edu.tw/courses/114-2/29176
專題研究,呂桐睿,18124,BChem7000,B46M0020,必修,,,,1 類,,1,,https://course.ntu.edu.tw/courses/114-2/18124
專題研究,林俊宏,20533,BChem7000,B46M0020,必修,,,,1 類,,1,,https://course.ntu.edu.tw/courses/114-2/20533
專題討論,許家維,31780,BChem7001,B46M0030,必修,,,,3 類,,1,,https://course.ntu.edu.tw/courses/114-2/31780
專題討論,張茂山,37571,BChem7001,B46M0030,必修,,,,3 類,,1,,https://course.ntu.edu.tw/courses/114-2/37571
專題討論,梁博煌,31238,BChem7001,B46M0030,必修,,,,3 類,,1,,https://course.ntu.edu.tw/courses/114-2/31238
專題討論,楊維元,23608,BChem7001,B46M0030,必修,,,,3 類,,1,,https://course.ntu.edu.tw/courses/114-2/23608
書報討論,陳宏文,35169,BChem7002,B46M0040,必修,,"三 3,4",,3 類,,1,,https://course.ntu.edu.tw/courses/114-2/35169
醣質生物學,邱繼輝,57740,BChem7019,B46M1240,選修,,"三 8,9",,3 類,,2,,https://course.ntu.edu.tw/courses/114-2/57740
碩士論文,,27364,BChem7999,B46M0010,必修,,,,1 類,,0,,https://course.ntu.edu.tw/courses/114-2/27364
專題研究,余榮熾,48474,BChem8000,B46D0020,必修,,,,1 類,,1,,https://course.ntu.edu.tw/courses/114-2/48474
專題研究,冀宏源,16340,BChem8000,B46D0020,必修,,,,1 類,,1,,https://course.ntu.edu.tw/courses/114-2/16340
專題研究,張茂山,36136,BChem8000,B46D0020,必修,,,,1 類,,1,,https://course.ntu.edu.tw/courses/114-2/36136
專題研究,管永恕,24455,BChem8000,B46D0020,必修,,,,1 類,,1,,https://course.ntu.edu.tw/courses/114-2/24455
專題研究,蕭超隆,39593,BChem8000,B46D0020,必修,,,,1 類,,1,,https://course.ntu.edu.tw/courses/114-2/39593
專題研究,許家維,16801,BChem8000,B46D0020,必修,,,,1 類,,1,,https://course.ntu.edu.tw/courses/114-2/16801
專題研究,陳世勳,57302,BChem8000,B46D0020,必修,,,,1 類,,1,,https://course.ntu.edu.tw/courses/114-2/57302
專題研究,凌嘉鴻,53789,BChem8000,B46D0020,必修,,,,1 類,,1,,https://course.ntu.edu.tw/courses/114-2/53789
專題研究,吳昆峰,56304,BChem8000,B46D0020,必修,,,,1 類,,1,,https://course.ntu.edu.tw/courses/114-2/56304
專題研究,楊維元,56528,BChem8000,B46D0020,必修,,,,1 類,,1,,https://course.ntu.edu.tw/courses/114-2/56528
專題研究,徐尚德,18389,BChem8000,B46D0020,必修,,,,1 類,,1,,https://course.ntu.edu.tw/courses/114-2/18389
專題研究,陳光超,43239,BChem8000,B46D0020,必修,,,,1 類,,1,,https://course.ntu.edu.tw/courses/114-2/43239
專題研究,陳宏文,13746,BChem8000,B46D0020,必修,,,,1 類,,1,,https://course.ntu.edu.tw/courses/114-2/13746
專題研究,何孟樵,36370,BChem8000,B46D0020,必修,,,,1 類,,1,,https://course.ntu.edu.tw/courses/114-2/36370
專題研究,呂桐睿,45600,BChem8000,B46D0020,必修,,,,1 類,,1,,https://course.ntu.edu.tw/courses/114-2/45600
專題研究,林俊宏,28165,BChem8000,B46D0020,必修,,,,1 類,,1,,https://course.ntu.edu.tw/courses/114-2/28165
專題討論,許家維,29139,BChem8001,B46D0030,必修,,,,3 類,,1,,https://course.ntu.edu.tw/courses/114-2/29139
專題討論,張茂山,37079,BChem8001,B46D0030,必修,,,,3 類,,1,,https://course.ntu.edu.tw/courses/114-2/37079
專題討論,梁博煌,43450,BChem8001,B46D0030,必修,,,,3 類,,1,,https://course.ntu.edu.tw/courses/114-2/43450
專題討論,楊維元,36041,BChem8001,B46D0030,必修,,,,3 類,,1,,https://course.ntu.edu.tw/courses/114-2/36041
書報討論,張茂山,27509,BChem8008,B46D0110,必修,,,,3 類,,1,,https://course.ntu.edu.tw/courses/114-2/27509
書報討論,張瀞仁,49688,BChem8008,B46D0110,必修,,,,3 類,,1,,https://course.ntu.edu.tw/courses/114-2/49688
書報討論,那須雄介,13917,BChem8008,B46D0110,必修,,,,3 類,,1,,https://course.ntu.edu.tw/courses/114-2/13917
書報討論,陳宏文,53238,BChem8008,B46D0110,必修,,,,3 類,,1,,https://course.ntu.edu.tw/courses/114-2/53238
實驗分子生物物理學,凌嘉鴻,33557,BChem8021,B46D0220,選修,,"二 7,8,9",,2 類,,3,,https://course.ntu.edu.tw/courses/114-2/33557
專題演講,陳瑞華,38991,BChem8027,B46D0280,選修,,,,3 類,,1,,https://course.ntu.edu.tw/courses/114-2/38991
博士論文,,28123,BChem8999,B46D0010,必修,,,,1 類,,0,,https://course.ntu.edu.tw/courses/114-2/28123
生醫微機電與微流道系統,黃念祖,13707,BEBI5005,945U2950,選修,,"五 2,3,4",明達203,1 類,,3,,https://course.ntu.edu.tw/courses/114-2/13707
技術創新與科技創業,李光斌,20147,BEBI5010,945U3000,選修,,"五 6,7,8",電二104,2 類,,3,,https://course.ntu.edu.tw/courses/114-2/20147
技術創新與科技創業,林宗男,47973,BEBI5010,945U3000,選修,,"三 7,8,9",電二145,2 類,,3,,https://course.ntu.edu.tw/courses/114-2/47973
生物能量與代謝工程,魏安祺,52892,BEBI5012,945U3020,選修,,"五 6,7,8",明達203,2 類,,3,,https://course.ntu.edu.tw/courses/114-2/52892
超解析顯微技術,楊東霖,25796,BEBI5014,945U3030,選修,,"三 2,3,4",明達203,3 類,,3,,https://course.ntu.edu.tw/courses/114-2/25796
深度學習於醫學超音波影像應用,郭柏齡,15894,BEBI5017,945U3060,選修,,"四 2,3,4",明達303,2 類,,3,,https://course.ntu.edu.tw/courses/114-2/15894
次世代電子病歷與智慧醫療生態系,李建璋,36398,BEBI5018,945U3070,選修,,"五 3,4",資111,2 類,,2,,https://course.ntu.edu.tw/courses/114-2/36398
生物融合：學術到生物科技應用,蔡承翰,37274,BEBI5019,945U0310,選修,,"三 7,8,9",電二101,2 類,,3,,https://course.ntu.edu.tw/courses/114-2/37274
人工智慧驅動的科技生醫創新,劉子毓,44873,BEBI5020,945U0320,選修,,"二 3,4,5",,2 類,,3,,https://course.ntu.edu.tw/courses/114-2/44873
專題討論,柯宗瑋,21864,BEBI7001,945M0040,必修,,"一 6,7",,1 類,,0,,https://course.ntu.edu.tw/courses/114-2/21864
專題研究,李百祺,31993,BEBI7002,945M1910,必修,,,,1 類,,1,,https://course.ntu.edu.tw/courses/114-2/31993
專題研究,莊曜宇,18693,BEBI7002,945M1910,必修,,,,1 類,,1,,https://course.ntu.edu.tw/courses/114-2/18693
專題研究,鍾孝文,32423,BEBI7002,945M1910,必修,,,,1 類,,1,,https://course.ntu.edu.tw/courses/114-2/32423
專題研究,宋孔彬,16362,BEBI7002,945M1910,必修,,,,1 類,,1,,https://course.ntu.edu.tw/courses/114-2/16362
專題研究,黃念祖,36567,BEBI7002,945M1910,必修,,,,1 類,,1,,https://course.ntu.edu.tw/courses/114-2/36567
專題研究,劉浩澧,21217,BEBI7002,945M1910,必修 / 選修,,,,1 類,,1,,https://course.ntu.edu.tw/courses/114-2/21217
專題研究,林致廷,31908,BEBI7002,945M1910,必修,,,,1 類,,1,,https://course.ntu.edu.tw/courses/114-2/31908
專題研究,孫啟光,45289,BEBI7002,945M1910,必修,,,,1 類,,1,,https://course.ntu.edu.tw/courses/114-2/45289
專題研究,陳中平,54974,BEBI7002,945M1910,必修,,,,1 類,,1,,https://course.ntu.edu.tw/courses/114-2/54974
專題研究,林啟萬,26847,BEBI7002,945M1910,必修,,,,1 類,,1,,https://course.ntu.edu.tw/courses/114-2/26847
專題研究,魏安祺,33909,BEBI7002,945M1910,必修,,,,1 類,,1,,https://course.ntu.edu.tw/courses/114-2/33909
專題研究,楊東霖,48409,BEBI7002,945M1910,必修,,,,1 類,,1,,https://course.ntu.edu.tw/courses/114-2/48409
專題研究,劉子毓,38004,BEBI7002,945M1910,必修,,,,1 類,,1,,https://course.ntu.edu.tw/courses/114-2/38004
專題研究,曾宇鳳,23383,BEBI7002,945M1910,必修 / 選修,,,,1 類,,1,,https://course.ntu.edu.tw/courses/114-2/23383
專題研究,傅楸善,20060,BEBI7002,945M1910,必修,,,,1 類,,1,,https://course.ntu.edu.tw/courses/114-2/20060
專題研究,阮雪芬,14272,BEBI7002,945M1910,必修 / 選修,,,,1 類,,1,,https://course.ntu.edu.tw/courses/114-2/14272
專題演講,林  風,25420,BEBI7003,945M9000,必修,,"一 8,9",,1 類,,1,,https://course.ntu.edu.tw/courses/114-2/25420
碩士論文,,56002,BEBI7999,945M0010,必修,,,,1 類,,0,,https://course.ntu.edu.tw/courses/114-2/56002
專題討論,柯宗瑋,47163,BEBI8001,945D0040,必修,,"一 6,7",,1 類,,0,,https://course.ntu.edu.tw/courses/114-2/47163
專題研究,李百祺,18086,BEBI8002,945D1910,必修,,,,1 類,,1,,https://course.ntu.edu.tw/courses/114-2/18086
專題研究,莊曜宇,25660,BEBI8002,945D1910,必修,,,,1 類,,1,,https://course.ntu.edu.tw/courses/114-2/25660
專題研究,鍾孝文,31427,BEBI8002,945D1910,必修,,,,1 類,,1,,https://course.ntu.edu.tw/courses/114-2/31427
專題研究,陳志宏,54431,BEBI8002,945D1910,必修,,,,1 類,,1,,https://course.ntu.edu.tw/courses/114-2/54431
專題研究,黃念祖,39801,BEBI8002,945D1910,必修,,,,1 類,,1,,https://course.ntu.edu.tw/courses/114-2/39801
專題研究,劉浩澧,18742,BEBI8002,945D1910,必修,,,,1 類,,1,,https://course.ntu.edu.tw/courses/114-2/18742
專題研究,林致廷,56417,BEBI8002,945D1910,必修,,,,1 類,,1,,https://course.ntu.edu.tw/courses/114-2/56417
專題研究,陳中平,53963,BEBI8002,945D1910,必修,,,,1 類,,1,,https://course.ntu.edu.tw/courses/114-2/53963
專題研究,林啟萬,41753,BEBI8002,945D1910,必修,,,,1 類,,1,,https://course.ntu.edu.tw/courses/114-2/41753
專題研究,郭柏齡,50892,BEBI8002,945D1910,必修,,,,1 類,,1,,https://course.ntu.edu.tw/courses/114-2/50892
專題研究,魏安祺,13438,BEBI8002,945D1910,必修,,,,1 類,,1,,https://course.ntu.edu.tw/courses/114-2/13438
專題研究,楊東霖,42141,BEBI8002,945D1910,必修,,,,1 類,,1,,https://course.ntu.edu.tw/courses/114-2/42141
專題研究,曾宇鳳,10035,BEBI8002,945D1910,必修,,,,1 類,,1,,https://course.ntu.edu.tw/courses/114-2/10035
專題研究,張瑞峰,53434,BEBI8002,945D1910,必修,,,,1 類,,1,,https://course.ntu.edu.tw/courses/114-2/53434
專題研究,歐陽彥正,48218,BEBI8002,945D1910,必修,,,,1 類,,1,,https://course.ntu.edu.tw/courses/114-2/48218
專題研究,阮雪芬,13184,BEBI8002,945D1910,必修,,,,1 類,,1,,https://course.ntu.edu.tw/courses/114-2/13184
專題研究,柯宗瑋,53032,BEBI8002,945D1910,必修,,,,1 類,,1,,https://course.ntu.edu.tw/courses/114-2/53032
專題演講,林  風,53731,BEBI8003,945D9000,必修,,"一 8,9",,1 類,,1,,https://course.ntu.edu.tw/courses/114-2/53731
博士論文,,33940,BEBI8999,945D0010,必修,,,,1 類,,0,,https://course.ntu.edu.tw/courses/114-2/33940
生物科技概論,李欣瑾,59144,BFN1001,61510010,必帶,,"三 6,7",,2 類,,2,,https://course.ntu.edu.tw/courses/114-2/59144
專題討論一,李欣瑾,42114,BFN3001,61530010,必帶,,"四 6,7",共401,3 類,,1,,https://course.ntu.edu.tw/courses/114-2/42114
專題討論一,劉嚞睿,35927,BFN3001,61530010,必修,,"四 6,7",,3 類,,1,,https://course.ntu.edu.tw/courses/114-2/35927
專題研究一,李欣瑾,42147,BFN3003,61530020,必修,,,,3 類,,1,,https://course.ntu.edu.tw/courses/114-2/42147
專題研究一,吳偉愷,52065,BFN3003,61530020,必修,,,,3 類,,1,,https://course.ntu.edu.tw/courses/114-2/52065
專題研究一,劉啟德,39891,BFN3003,61530020,必修,,,,3 類,,1,,https://course.ntu.edu.tw/courses/114-2/39891
專題研究一,林詩舜,14454,BFN3003,61530020,必修,,,,3 類,,1,,https://course.ntu.edu.tw/courses/114-2/14454
專題研究一,林劭品,46604,BFN3003,61530020,必修,,,,3 類,,1,,https://course.ntu.edu.tw/courses/114-2/46604
專題研究一,羅翊禎,48161,BFN3003,61530020,必修,,,,3 類,,1,,https://course.ntu.edu.tw/courses/114-2/48161
專題研究一,謝淑貞,31292,BFN3003,61530020,必修,,,,3 類,,1,,https://course.ntu.edu.tw/courses/114-2/31292
專題研究一,丁俞文,15157,BFN3003,61530020,必修,,,,3 類,,1,,https://course.ntu.edu.tw/courses/114-2/15157
專題研究一,陳宏彰,10366,BFN3003,61530020,必修,,,,3 類,,1,,https://course.ntu.edu.tw/courses/114-2/10366
專題研究一,陳韻如,45653,BFN3003,61530020,必修,,,,3 類,,1,,https://course.ntu.edu.tw/courses/114-2/45653
專題研究一,李士傑,33191,BFN3003,61530020,必修,,,,3 類,,1,,https://course.ntu.edu.tw/courses/114-2/33191
動物生物技術,宋麗英,42066,BFN5010,615U0110,必修 / 選修,,"五 2,3,4",,3 類,,3,,https://course.ntu.edu.tw/courses/114-2/42066
營養生物化學,謝淑貞,44959,BFN5011,615U0120,必修,,"三 8,9",食研222,3 類,,2,,https://course.ntu.edu.tw/courses/114-2/44959
品牌、策略與傳播企劃,吳世家,55443,BFN5012,615U0130,必修,,"五 8,9",共306,3 類,,2,,https://course.ntu.edu.tw/courses/114-2/55443
媒介概論,許詩嫺,58526,BICD1021,61019110,選修,,"五 6,7,8",生傳520室,2 類,,3,,https://course.ntu.edu.tw/courses/114-2/58526
鄉村農業體驗（二）,闕河嘉,45368,BICD1031,61010820,選修,,"六 2,3,4",,2 類,,2,,https://course.ntu.edu.tw/courses/114-2/45368
農業與鄉村概論,王俊豪,23892,BICD1033,61011000,必帶,,"二 6,7,8",生傳402室,2 類,,3,,https://course.ntu.edu.tw/courses/114-2/23892
人口與發展,陳玉華,34407,BICD2025,61049780,選修,,"二 7,8,9",生傳520室,2 類,,3,,https://course.ntu.edu.tw/courses/114-2/34407
社區營造與區域規劃,陳玉華,30975,BICD2050,61029660,必帶,,"四 7,8,9",生傳418室,2 類,,3,,https://course.ntu.edu.tw/courses/114-2/30975
社群行銷傳播,劉桂君,20814,BICD2051,61020600,必帶,,"二 6,7,8",生傳418室,2 類,,3,,https://course.ntu.edu.tw/courses/114-2/20814
消費者行為,王淑美,33823,BICD3029,61039910,必帶,,"一 6,7,8",生傳418室,2 類,,3,,https://course.ntu.edu.tw/courses/114-2/33823
整合行銷傳播,郭文隆,34486,BICD3030,61039920,選修,,"三 7,8,9",綜201,2 類,,3,,https://course.ntu.edu.tw/courses/114-2/34486
數位行銷,王俊傑,22570,BICD3043,61039110,選修,,"四 6,7,8",生傳427室,2 類,,3,,https://course.ntu.edu.tw/courses/114-2/22570
企劃與評估,闕河嘉,18331,BICD3051,61030060,必帶,,"四 2,3,4",生傳402室,2 類,,3,,https://course.ntu.edu.tw/courses/114-2/18331
實習,陳玉華,15915,BICD4006,61041300,選修,,,,2 類,,2,,https://course.ntu.edu.tw/courses/114-2/15915
專題研究二,彭立沛,10582,BICD4017,61049720,選修,,,,2 類,,2,,https://course.ntu.edu.tw/courses/114-2/10582
專題研究二,闕河嘉,50427,BICD4017,61049720,選修,,,,2 類,,2,,https://course.ntu.edu.tw/courses/114-2/50427
專題研究二,劉桂君,34446,BICD4017,61049720,選修,,,,2 類,,2,,https://course.ntu.edu.tw/courses/114-2/34446
專題研究二,李明道,31255,BICD4017,61049720,選修,,,,2 類,,2,,https://course.ntu.edu.tw/courses/114-2/31255
農業生態與永續性,郭蕙如,47545,BICD5083,630U1290,選修,,"五 2,3,4",生傳402室,2 類,,3,,https://course.ntu.edu.tw/courses/114-2/47545
數位媒體製作專題一,許詩嫺,38367,BICD5087,630U0450,選修,,"三 6,7",生傳520室,2 類,,2,,https://course.ntu.edu.tw/courses/114-2/38367
數位媒體製作專題一,劉桂君,22395,BICD5087,630U0450,選修,,"三 6,7",生傳418室,2 類,,2,,https://course.ntu.edu.tw/courses/114-2/22395
地理資訊系統與全球糧食經濟視覺化分析,王驥懋,15412,BICD6001,61061010,選修,,"四 6,7,8",,2 類,,3,,https://course.ntu.edu.tw/courses/114-2/15412
專題討論下,闕河嘉,38128,BICD7002,630M0042,必修,,"五 3,4",,2 類,,2,,https://course.ntu.edu.tw/courses/114-2/38128
專題研究二,陳玉華,25030,BICD7066,630M2920,選修,,,,2 類,,2,,https://course.ntu.edu.tw/courses/114-2/25030
專題研究二,岳修平,29880,BICD7066,630M2920,選修,,,,2 類,,2,,https://course.ntu.edu.tw/courses/114-2/29880
專題研究二,梁朝雲,43734,BICD7066,630M2920,選修,,,,2 類,,2,,https://course.ntu.edu.tw/courses/114-2/43734
專題研究二,黃麗君,15482,BICD7066,630M2920,選修,,,,2 類,,2,,https://course.ntu.edu.tw/courses/114-2/15482
專題研究二,彭立沛,54655,BICD7066,630M2920,選修,,,,2 類,,2,,https://course.ntu.edu.tw/courses/114-2/54655
專題研究二,邱玉蟬,41600,BICD7066,630M2920,選修,,,,2 類,,2,,https://course.ntu.edu.tw/courses/114-2/41600
專題研究二,闕河嘉,33858,BICD7066,630M2920,選修,,,,2 類,,2,,https://course.ntu.edu.tw/courses/114-2/33858
專題研究二,王淑美,30859,BICD7066,630M2920,選修,,,,2 類,,2,,https://course.ntu.edu.tw/courses/114-2/30859
專題研究二,王驥懋,40148,BICD7066,630M2920,選修,,,,2 類,,2,,https://course.ntu.edu.tw/courses/114-2/40148
專題研究二,郭蕙如,39969,BICD7066,630M2920,選修,,,,2 類,,2,,https://course.ntu.edu.tw/courses/114-2/39969
專題研究二,劉桂君,47614,BICD7066,630M2920,選修,,,,2 類,,2,,https://course.ntu.edu.tw/courses/114-2/47614
量化研究寫作專題,王俊豪,18125,BICD7107,630M3310,選修,,"一 6,7,8",生傳515室,2 類,,3,,https://course.ntu.edu.tw/courses/114-2/18125
認知取向行銷研究,岳修平,14858,BICD7136,630M2500,選修,,"六 2,3,4",,2 類,,3,,https://course.ntu.edu.tw/courses/114-2/14858
六級產業鏈專題,王淑美,27490,BICD7148,630M8080,選修,,,,2 類,,3,,https://course.ntu.edu.tw/courses/114-2/27490
農業智財策略及研究方法,王俊傑,30080,BICD7150,630M4000,選修,,"三 6,7,8",生傳427室,2 類,,3,,https://course.ntu.edu.tw/courses/114-2/30080
綠色健康養生專題,余家斌,13951,BICD7154,630M8120,選修,,,,2 類,,3,,https://course.ntu.edu.tw/courses/114-2/13951
研究方法與論文規劃,王俊豪,35457,BICD7156,630M9010,必修,,,,2 類,,3,,https://course.ntu.edu.tw/courses/114-2/35457
數位基礎設施與鄉村發展,王驥懋,21664,BICD7197,630M1590,選修,,"二 2,3,4",生傳427室,2 類,,3,,https://course.ntu.edu.tw/courses/114-2/21664
碩士論文,,53679,BICD7999,630M0010,必修,,,,1 類,,0,,https://course.ntu.edu.tw/courses/114-2/53679
專題討論下,岳修平,15430,BICD8002,630D0042,必修,,"五 3,4",綜601,2 類,,2,,https://course.ntu.edu.tw/courses/114-2/15430
專題研究二,黃麗君,48080,BICD8011,630D2920,選修,,,,2 類,,2,,https://course.ntu.edu.tw/courses/114-2/48080
專題研究二,彭立沛,52571,BICD8011,630D2920,選修,,,,2 類,,2,,https://course.ntu.edu.tw/courses/114-2/52571
發展策略研究,彭立沛,34548,BICD8018,630D2990,選修,,"三 5,6,7",生傳527室,2 類,,3,,https://course.ntu.edu.tw/courses/114-2/34548
質量整合研究方法,梁朝雲,23992,BICD8032,630D1230,選修,,"六 5,6,7,8,9,10",生傳525室,2 類,,3,,https://course.ntu.edu.tw/courses/114-2/23992
農企業管理個案撰寫與教學,梁朝雲,21260,BICD8033,630D3130,選修,,"五 5,6,7,8,9,10",生傳527室,2 類,,3,,https://course.ntu.edu.tw/courses/114-2/21260
博士論文,,58184,BICD8999,630D0010,必修,,,,1 類,,0,,https://course.ntu.edu.tw/courses/114-2/58184
蛋白質結構專題討論,詹迺立,44863,BioMol5004,442U0540,選修,,,,2 類,,1,,https://course.ntu.edu.tw/courses/114-2/44863
蛋白與癌症專題討論(二),李明學,15133,BioMol5008,442U0640,選修,,,,2 類,,1,,https://course.ntu.edu.tw/courses/114-2/15133
免疫與感染症專題討論,顏伯勳,37010,BioMol5030,442U2630,選修,,,,2 類,,1,,https://course.ntu.edu.tw/courses/114-2/37010
上皮系統生物學專題討論,余明俊,17125,BioMol5033,442U2800,選修,,,,2 類,,1,,https://course.ntu.edu.tw/courses/114-2/17125
染色體穩定專題討論,林敬哲,51685,BioMol5036,442U2900,選修,,,,2 類,,1,,https://course.ntu.edu.tw/courses/114-2/51685
蛋白質動力學專題討論 II,曾秀如,35016,BioMol5041,442U3010,選修,,,,2 類,,1,,https://course.ntu.edu.tw/courses/114-2/35016
分子神經發育專題討論,歐展言,44148,BioMol5043,442U3020,選修,,,,2 類,,1,,https://course.ntu.edu.tw/courses/114-2/44148
先天性免疫學特論,劉旻禕,31528,BioMol5044,442U3030,選修,,,,2 類,,1,,https://course.ntu.edu.tw/courses/114-2/31528
囊泡運輸專題討論,陳炳宏,59305,BioMol5045,442U3040,選修,,,,2 類,,1,,https://course.ntu.edu.tw/courses/114-2/59305
免疫代謝學專題討論,陳秉民,16414,BioMol5050,442U3090,選修,,,,2 類,,1,,https://course.ntu.edu.tw/courses/114-2/16414
轉譯醫學與生技產業發展二,余明俊,50964,BioMol5052,442U3110,選修,,"三 8,9",基醫201,2 類,,2,,https://course.ntu.edu.tw/courses/114-2/50964
生化專題討論,余明俊,15686,BioMol7001,442M0030,必修,,"四 2,3,4",基醫104,2 類,,1,,https://course.ntu.edu.tw/courses/114-2/15686
碩士論文,余明俊,14738,BioMol7999,442M0010,必修,,,,1 類,,0,,https://course.ntu.edu.tw/courses/114-2/14738
生化及分生專題討論,余明俊,17568,BioMol8002,442D0050,必修,,"四 2,3,4",,2 類,,2,,https://course.ntu.edu.tw/courses/114-2/17568
博士論文,余明俊,10359,BioMol8999,442D0010,必修,,,,1 類,,0,,https://course.ntu.edu.tw/courses/114-2/10359
環境永續微生物學特論,劉啟德,22218,Biot5010,642U0160,選修,,"四 6,7,8",,2 類,,3,,https://course.ntu.edu.tw/courses/114-2/22218
跨越知識橋樑：與世界學者的跨領域對話,林劭品,52307,Biot5012,642U0170,選修,,"一 6,7,8",,2 類,,3,,https://course.ntu.edu.tw/courses/114-2/52307
植物病毒學與生物技術新知,林詩舜,19800,Biot7007,642M0080,選修,,"一 6,7",,2 類,,2,,https://course.ntu.edu.tw/courses/114-2/19800
生物科技進階實務 2,林詩舜,12248,Biot7011,642M0120,選修,,,,2 類,,3,,https://course.ntu.edu.tw/courses/114-2/12248
應用暨食品微生物論文研究與寫作,鄭光成,18792,Biot7012,642M0130,選修,,"三 1,2",,2 類,,2,,https://course.ntu.edu.tw/courses/114-2/18792
生物科技管理與產業分析,孫智麗,25622,Biot7013,642M0140,選修,,"三 8,9",,2 類,,2,,https://course.ntu.edu.tw/courses/114-2/25622
專題討論,劉嚞睿,13850,Biot7016,642M0170,選修,,"二 6,7",,2 類,,1,,https://course.ntu.edu.tw/courses/114-2/13850
專題討論,林劭品,36902,Biot7016,642M0170,選修,,"二 6,7",,2 類,,1,,https://course.ntu.edu.tw/courses/114-2/36902
專題討論,劉啟德,22008,Biot7016,642M0170,選修,,"二 6,7",,2 類,,1,,https://course.ntu.edu.tw/courses/114-2/22008
專題討論,游舒涵,20864,Biot7016,642M0170,選修,,"二 6,7",,2 類,,1,,https://course.ntu.edu.tw/courses/114-2/20864
專題討論,鄭光成,53264,Biot7016,642M0170,選修,,,,2 類,,1,,https://course.ntu.edu.tw/courses/114-2/53264
胚胎顯微操作與應用,宋麗英,24704,Biot7022,642M0230,選修,,"三 2,3,4",生技所415,2 類,,3,,https://course.ntu.edu.tw/courses/114-2/24704
免疫腫瘤學新知,游舒涵,52769,Biot7028,642M0290,選修,,"二 8,9",生技所415,2 類,,2,,https://course.ntu.edu.tw/courses/114-2/52769
腫瘤實驗新知,游舒涵,50342,Biot7032,642M0330,選修,,"一 3,4",,2 類,,2,,https://course.ntu.edu.tw/courses/114-2/50342
碩士論文,,17858,Biot7999,642M0010,選修,,,,1 類,,0,,https://course.ntu.edu.tw/courses/114-2/17858
植物生物技術學特論,陳仁治,32831,Biot8006,642D0070,選修,,"一 2,3,4",生技所415,2 類,,3,,https://course.ntu.edu.tw/courses/114-2/32831
微生物學特論,劉啟德,19258,Biot8007,642D0080,選修,,"三 6,7,8",,2 類,,3,,https://course.ntu.edu.tw/courses/114-2/19258
專題研究,劉嚞睿,50724,Biot8008,642D0090,選修,,,,2 類,,1,,https://course.ntu.edu.tw/courses/114-2/50724
專題研究,蔡孟勳,47565,Biot8008,642D0090,選修,,,,2 類,,1,,https://course.ntu.edu.tw/courses/114-2/47565
專題研究,林劭品,55105,Biot8008,642D0090,選修,,,,2 類,,1,,https://course.ntu.edu.tw/courses/114-2/55105
專題研究,陳仁治,26332,Biot8008,642D0090,選修,,,,2 類,,1,,https://course.ntu.edu.tw/courses/114-2/26332
專題研究,宋麗英,50303,Biot8008,642D0090,選修,,,,2 類,,1,,https://course.ntu.edu.tw/courses/114-2/50303
專題研究,林詩舜,39598,Biot8008,642D0090,選修,,,,2 類,,1,,https://course.ntu.edu.tw/courses/114-2/39598
專題研究,劉啟德,33516,Biot8008,642D0090,選修,,,,2 類,,1,,https://course.ntu.edu.tw/courses/114-2/33516
專題研究,游舒涵,45564,Biot8008,642D0090,選修,,,,2 類,,1,,https://course.ntu.edu.tw/courses/114-2/45564
專題研究,鄭光成,49353,Biot8008,642D0090,選修,,,,2 類,,1,,https://course.ntu.edu.tw/courses/114-2/49353
專題討論,劉嚞睿,22380,Biot8009,642D0100,選修,,"二 6,7",,2 類,,1,,https://course.ntu.edu.tw/courses/114-2/22380
專題討論,蔡孟勳,36585,Biot8009,642D0100,選修,,"二 6,7",,2 類,,1,,https://course.ntu.edu.tw/courses/114-2/36585
專題討論,林劭品,24195,Biot8009,642D0100,選修,,"二 6,7",,2 類,,1,,https://course.ntu.edu.tw/courses/114-2/24195
專題討論,陳仁治,12651,Biot8009,642D0100,選修,,"二 6,7",,2 類,,1,,https://course.ntu.edu.tw/courses/114-2/12651
專題討論,宋麗英,27717,Biot8009,642D0100,選修,,"二 6,7",,2 類,,1,,https://course.ntu.edu.tw/courses/114-2/27717
專題討論,林詩舜,43532,Biot8009,642D0100,選修,,"二 6,7",,2 類,,1,,https://course.ntu.edu.tw/courses/114-2/43532
專題討論,劉啟德,40944,Biot8009,642D0100,選修,,"二 6,7",,2 類,,1,,https://course.ntu.edu.tw/courses/114-2/40944
專題討論,游舒涵,34315,Biot8009,642D0100,選修,,"二 6,7",,2 類,,1,,https://course.ntu.edu.tw/courses/114-2/34315
專題討論,鄭光成,12478,Biot8009,642D0100,選修,,"二 6,7",,2 類,,1,,https://course.ntu.edu.tw/courses/114-2/12478
功能性Non-Coding RNA新知,林劭品,35445,Biot8014,642D0160,選修,,"四 8,9",生技所415,2 類,,2,,https://course.ntu.edu.tw/courses/114-2/35445
高等食品微生物學特論,鄭光成,13243,Biot8024,642D0260,選修,,"一 2,3,4",,2 類,,3,,https://course.ntu.edu.tw/courses/114-2/13243
博士論文,,18333,Biot8999,642D0010,必修,,,,1 類,,0,,https://course.ntu.edu.tw/courses/114-2/18333
微控制器原理與應用-機電整合(一),郭彥甫,24949,BME1107,61117100,必帶,,"一 8,9,10",電電實驗室,2 類,,3,,https://course.ntu.edu.tw/courses/114-2/24949
工程用生物學,侯詠德,28430,BME1110,61119200,必帶,,"四 7,8,9",知207,1 類,,3,,https://course.ntu.edu.tw/courses/114-2/28430
服務學習甲,周呈霙,17908,BME1115,611001G0,必帶,,"一 3,4",知203,1 類,,1,,https://course.ntu.edu.tw/courses/114-2/17908
工程數學二,江昭皚,51409,BME2104,61121220,必帶,,"二 7,8,9",知207,3 類,,3,,https://course.ntu.edu.tw/courses/114-2/51409
應用力學上,陳世芳,43328,BME2105,61122401,必修,,"二 6,7",生機101,3 類,,2,,https://course.ntu.edu.tw/courses/114-2/43328
材料力學,陳世芳,14865,BME2108,61122500,必帶,,"三 6,7,8,9",知207,3 類,,3,,https://course.ntu.edu.tw/courses/114-2/14865
電子學與實習,吳筱梅,40952,BME2116,61136480,必帶,,"一 2,3,4 / 三 3,4",知207,3 類,,3,,https://course.ntu.edu.tw/courses/114-2/40952
物理化學,陳林祈,31943,BME2117,61129700,必帶,,"四 7,8,9",知武會議室,3 類,,3,,https://course.ntu.edu.tw/courses/114-2/31943
服務學習乙,丁健芳,58102,BME2122,611001H0,必修,,,,1 類,,1,,https://course.ntu.edu.tw/courses/114-2/58102
機械設計,丁健芳,32911,BME3009,61134800,必帶,,"三 7,8,9",生機101,1 類,,3,,https://course.ntu.edu.tw/courses/114-2/32911
生機整合設計專題討論,陳倩瑜,47732,BME3115,61130100,必帶,,"二 8,9",知武會議室,1 類,,1,,https://course.ntu.edu.tw/courses/114-2/47732
學士專題一,陳倩瑜,47834,BME4102,61149210,必修,,,,2 類,,1,,https://course.ntu.edu.tw/courses/114-2/47834
學士專題一,周呈霙,95141,BME4102,61149210,必修,,,,2 類,,1,,https://course.ntu.edu.tw/courses/114-2/95141
學士專題一,顏炳郎,95144,BME4102,61149210,必修,,,,2 類,,1,,https://course.ntu.edu.tw/courses/114-2/95144
學士專題二,郭彥甫,33642,BME4103,61149220,選修,,,,1 類,,1,,https://course.ntu.edu.tw/courses/114-2/33642
學士專題二,丁健芳,48893,BME4103,61149220,選修,,,,2 類,,1,,https://course.ntu.edu.tw/courses/114-2/48893
專題研究,林達德,19495,BME4201,61149100,選修,,,,1 類,,2,,https://course.ntu.edu.tw/courses/114-2/19495
專題研究,江昭皚,44250,BME4201,61149100,選修,,,,1 類,,2,,https://course.ntu.edu.tw/courses/114-2/44250
專題研究,陳倩瑜,38993,BME4201,61149100,選修,,,,1 類,,2,,https://course.ntu.edu.tw/courses/114-2/38993
專題研究,陳林祈,41310,BME4201,61149100,選修,,,,1 類,,2,,https://course.ntu.edu.tw/courses/114-2/41310
專題研究,顏炳郎,16731,BME4201,61149100,選修,,,,1 類,,2,,https://course.ntu.edu.tw/courses/114-2/16731
專題研究,郭彥甫,43465,BME4201,61149100,選修,,,,1 類,,2,,https://course.ntu.edu.tw/courses/114-2/43465
專題研究,侯詠德,35995,BME4201,61149100,選修,,,,1 類,,2,,https://course.ntu.edu.tw/courses/114-2/35995
專題研究,陳世芳,16000,BME4201,61149100,選修,,,,1 類,,2,,https://course.ntu.edu.tw/courses/114-2/16000
專題研究,丁健芳,59310,BME4201,61149100,選修,,,,1 類,,2,,https://course.ntu.edu.tw/courses/114-2/59310
專題研究,謝秉翰,21132,BME4201,61149100,選修,,,,1 類,,2,,https://course.ntu.edu.tw/courses/114-2/21132
機械製造,丁健芳,29532,BME5109,631U4610,選修,,"五 2,3,4",知207,3 類,,3,,https://course.ntu.edu.tw/courses/114-2/29532
生物系統模擬與分析,林達德,49729,BME5113,631U7860,選修,,"四 7,8,9",電電實驗室,1 類,,3,,https://course.ntu.edu.tw/courses/114-2/49729
生物產業機械,黃振康,19266,BME5123,631U5400,選修,,"四 7,8,9",生機101,1 類,,3,,https://course.ntu.edu.tw/courses/114-2/19266
人工智慧實作,李明達,21070,BME5301,631U4530,選修,,"二 2,3,4",,3 類,,3,,https://course.ntu.edu.tw/courses/114-2/21070
醫療器材設計概念,鄭宗記,30638,BME5416,631U9440,選修,,"四 7,8,9",生機201,3 類,,3,,https://course.ntu.edu.tw/courses/114-2/30638
適應控制系統,江明理,31170,BME5430,631U9650,選修,,"一 6,7,8",知203,3 類,,3,,https://course.ntu.edu.tw/courses/114-2/31170
食品安全感測技術特論,謝博全,24395,BME5730,631U7720,選修,,"一 9,10,A",,2 類,,3,,https://course.ntu.edu.tw/courses/114-2/24395
器官晶片之原理應用與實作,侯詠德,38025,BME5900,631U9630,選修,,"二 2,3,4",知207,3 類,,3,,https://course.ntu.edu.tw/courses/114-2/38025
能源工程概論,陳洵毅,49622,BME5920,631U7980,,,"五 7,8,9",知207,2 類,,3,,https://course.ntu.edu.tw/courses/114-2/49622
生物化學概論,陳力騏,17637,BME5925,631U7750,選修,,"三 10 / 四 5,6",知207,3 類,,3,,https://course.ntu.edu.tw/courses/114-2/17637
次世代定序、生物資訊學與基因體醫學,陳倩瑜,47713,BME5935,631U1190,選修,,"二 2,3,4",,2 類,,3,,https://course.ntu.edu.tw/courses/114-2/47713
專題討論,陳倩瑜,39744,BME7011,631M0030,必修,,"四 3,4",知武會議室,1 類,,1,,https://course.ntu.edu.tw/courses/114-2/39744
專題討論,陳倩瑜,57806,BME7011,631M0030,必修,,"四 3,4",,1 類,,1,,https://course.ntu.edu.tw/courses/114-2/57806
專題研究,林達德,26383,BME7012,631M0040,必修 / 選修,,,,1 類,,2,,https://course.ntu.edu.tw/courses/114-2/26383
專題研究,江昭皚,10045,BME7012,631M0040,必修,,,,1 類,,2,,https://course.ntu.edu.tw/courses/114-2/10045
專題研究,鄭宗記,50578,BME7012,631M0040,必修,,,,1 類,,2,,https://course.ntu.edu.tw/courses/114-2/50578
專題研究,陳倩瑜,59783,BME7012,631M0040,必修,,,,1 類,,2,,https://course.ntu.edu.tw/courses/114-2/59783
專題研究,陳林祈,12998,BME7012,631M0040,必修,,,,1 類,,2,,https://course.ntu.edu.tw/courses/114-2/12998
專題研究,黃振康,51291,BME7012,631M0040,必修,,,,1 類,,2,,https://course.ntu.edu.tw/courses/114-2/51291
專題研究,周呈霙,41043,BME7012,631M0040,必修,,,,1 類,,2,,https://course.ntu.edu.tw/courses/114-2/41043
專題研究,廖國基,18568,BME7012,631M0040,必修,,,,1 類,,2,,https://course.ntu.edu.tw/courses/114-2/18568
專題研究,盧彥文,31166,BME7012,631M0040,必修,,,,1 類,,2,,https://course.ntu.edu.tw/courses/114-2/31166
專題研究,顏炳郎,53223,BME7012,631M0040,必修,,,,1 類,,2,,https://course.ntu.edu.tw/courses/114-2/53223
專題研究,郭彥甫,34524,BME7012,631M0040,必修,,,,1 類,,2,,https://course.ntu.edu.tw/courses/114-2/34524
專題研究,陳洵毅,56933,BME7012,631M0040,必修,,,,1 類,,2,,https://course.ntu.edu.tw/courses/114-2/56933
專題研究,侯詠德,21140,BME7012,631M0040,必修,,,,1 類,,2,,https://course.ntu.edu.tw/courses/114-2/21140
專題研究,謝博全,47755,BME7012,631M0040,必修,,,,1 類,,2,,https://course.ntu.edu.tw/courses/114-2/47755
專題研究,吳筱梅,21709,BME7012,631M0040,必修,,,,1 類,,2,,https://course.ntu.edu.tw/courses/114-2/21709
專題研究,謝秉翰,11321,BME7012,631M0040,必修,,,,1 類,,2,,https://course.ntu.edu.tw/courses/114-2/11321
科學研究與寫作,簡士捷,25395,BME7016,631M0500,必修,,"五 5,6",生機201,2 類,,1,,https://course.ntu.edu.tw/courses/114-2/25395
科學研究與寫作,簡士捷,47848,BME7016,631M0500,必修,,"五 5,6",生機201,2 類,,1,,https://course.ntu.edu.tw/courses/114-2/47848
生物材料學,鄭宗記,34210,BME7055,631M7800,選修,,"五 2,3,4",知203,1 類,,3,,https://course.ntu.edu.tw/courses/114-2/34210
圖類神經網路理論基礎,謝秉翰,32589,BME7418,631M9490,選修,,"五 3,4",生機101,2 類,,2,,https://course.ntu.edu.tw/courses/114-2/32589
試驗設計之工程應用,周呈霙,55162,BME7902,631M3100,選修,,"一 7,8,9",知207,1 類,,3,,https://course.ntu.edu.tw/courses/114-2/55162
生物微機電工程之外國文獻導讀 一,盧彥文,11322,BME7910,631M0510,選修,,一 2,知203,3 類,,1,,https://course.ntu.edu.tw/courses/114-2/11322
碩士論文,,33055,BME7999,631M0010,必修,,,,1 類,,0,,https://course.ntu.edu.tw/courses/114-2/33055
專題討論,陳倩瑜,44518,BME8011,631D0030,必修,,"四 3,4",,1 類,,1,,https://course.ntu.edu.tw/courses/114-2/44518
專題討論,陳倩瑜,52492,BME8011,631D0030,必修,,"四 3,4",,1 類,,1,,https://course.ntu.edu.tw/courses/114-2/52492
專題研究,林達德,43091,BME8012,631D0040,必修,,,,1 類,,2,,https://course.ntu.edu.tw/courses/114-2/43091
專題研究,江昭皚,20435,BME8012,631D0040,必修,,,,1 類,,2,,https://course.ntu.edu.tw/courses/114-2/20435
專題研究,鄭宗記,51332,BME8012,631D0040,必修,,,,1 類,,2,,https://course.ntu.edu.tw/courses/114-2/51332
專題研究,陳倩瑜,11634,BME8012,631D0040,必修,,,,1 類,,2,,https://course.ntu.edu.tw/courses/114-2/11634
專題研究,陳林祈,28561,BME8012,631D0040,必修,,,,1 類,,2,,https://course.ntu.edu.tw/courses/114-2/28561
專題研究,黃振康,55274,BME8012,631D0040,必修,,,,1 類,,2,,https://course.ntu.edu.tw/courses/114-2/55274
專題研究,周呈霙,34179,BME8012,631D0040,必修,,,,1 類,,2,,https://course.ntu.edu.tw/courses/114-2/34179
專題研究,廖國基,58591,BME8012,631D0040,必修,,,,1 類,,2,,https://course.ntu.edu.tw/courses/114-2/58591
專題研究,盧彥文,35576,BME8012,631D0040,必修,,,,1 類,,2,,https://course.ntu.edu.tw/courses/114-2/35576
專題研究,顏炳郎,56583,BME8012,631D0040,必修,,,,1 類,,2,,https://course.ntu.edu.tw/courses/114-2/56583
專題研究,郭彥甫,20489,BME8012,631D0040,必修,,,,1 類,,2,,https://course.ntu.edu.tw/courses/114-2/20489
專題研究,陳洵毅,23925,BME8012,631D0040,必修,,,,1 類,,2,,https://course.ntu.edu.tw/courses/114-2/23925
專題研究,侯詠德,38502,BME8012,631D0040,必修,,,,1 類,,2,,https://course.ntu.edu.tw/courses/114-2/38502
專題研究,陳世芳,48524,BME8012,631D0040,必修,,,,1 類,,2,,https://course.ntu.edu.tw/courses/114-2/48524
專題研究,丁健芳,59489,BME8012,631D0040,必修,,,,1 類,,2,,https://course.ntu.edu.tw/courses/114-2/59489
專題研究,吳筱梅,34782,BME8012,631D0040,必修,,,,1 類,,2,,https://course.ntu.edu.tw/courses/114-2/34782
無線感測器網路技術特論,江昭皚,29934,BME8403,631D3310,選修,,"四 7,8,9",知203,3 類,,3,,https://course.ntu.edu.tw/courses/114-2/29934
建築設計 (四),林家暉,25853,BP5053,544U2080,選修,,"五 6,7,8,9,10",工綜207,3 類,,4,,https://course.ntu.edu.tw/courses/114-2/25853
環境規劃設計實習一下,邱啟新,36970,BP7017,544M0382,必修,,"二 6,7,8,9 / 五 6,7,8,9",工綜313,3 類,,6,,https://course.ntu.edu.tw/courses/114-2/36970
環境規劃設計實習一下,陳良治,10561,BP7017,544M0382,必修,,"二 6,7,8,9 / 五 6,7,8,9",工綜305,3 類,,6,,https://course.ntu.edu.tw/courses/114-2/10561
環境規劃設計實習一下,郭怡君,18535,BP7017,544M0382,必修,,"二 6,7,8,9 / 五 6,7,8,9",工綜302,3 類,,6,,https://course.ntu.edu.tw/courses/114-2/18535
性別與環境,王志弘,25925,BP7041,544M3090,選修,,"四 7,8,9",工綜313,3 類,,3,,https://course.ntu.edu.tw/courses/114-2/25925
文化創意產業專題,高郁婷,16740,BP7121,544M4200,選修,,"三 7,8,9",工綜209,3 類,,3,,https://course.ntu.edu.tw/courses/114-2/16740
空間的社會分析,王志弘,44383,BP7138,544M4360,選修,,"一 7,8,9",工綜313,3 類,,3,,https://course.ntu.edu.tw/courses/114-2/44383
社會住宅研究專題,黃麗玲,55620,BP7141,544M4390,選修,,"三 A,B,C",工綜313,3 類,,3,,https://course.ntu.edu.tw/courses/114-2/55620
文化襲產研究,黃舒楣,58207,BP7150,544M4460,選修,,"二 2,3,4",工綜313,3 類,,3,,https://course.ntu.edu.tw/courses/114-2/58207
都市聚落與地景,康旻杰,44033,BP7155,544M4500,選修,,"三 A,B,C",公館101,3 類,,3,,https://course.ntu.edu.tw/courses/114-2/44033
現代主義與戰後台灣建築,賴仕堯,40379,BP7163,544M4580,選修,,"三 2,3,4",公館101,3 類,,3,,https://course.ntu.edu.tw/courses/114-2/40379
當代亞洲的後殖民空間再現,林家暉,38115,BP7221,544M4910,選修,,"四 2,3,4",工綜313,3 類,,3,,https://course.ntu.edu.tw/courses/114-2/38115
建築、環境與社會,邱啟新,36577,BP7229,544M4950,選修,,"四 2,3,4",工綜209,3 類,,3,,https://course.ntu.edu.tw/courses/114-2/36577
臺灣城鄉與住宅問題專論,徐燕興,46110,BP7239,544M5060,選修,,"四 A,B,C",工綜313,3 類,,3,,https://course.ntu.edu.tw/courses/114-2/46110
環境規劃設計實習四A3,康旻杰,34014,BP7249,544M5160,選修,,"四 6,7,8",公館101,3 類,,3,,https://course.ntu.edu.tw/courses/114-2/34014
環境規劃設計實習四B3,黃舒楣,43615,BP7250,544M5170,選修,,"四 2,3,4",工綜305,2 類,,3,,https://course.ntu.edu.tw/courses/114-2/43615
環境規劃設計實習四A4,張聖琳,54291,BP7251,544M5180,選修,,"一 A,B",,3 類,,4,,https://course.ntu.edu.tw/courses/114-2/54291
環境規劃設計實習四A2,郭怡君,53134,BP7252,544M5190,選修,,,,2 類,,2,,https://course.ntu.edu.tw/courses/114-2/53134
智慧城市與數位民主,黃麗玲,11126,BP7253,544M5200,選修,,"四 6,7,8",工綜209,3 類,,3,,https://course.ntu.edu.tw/courses/114-2/11126
碩士論文,,48000,BP7999,544M0010,必修,,,,1 類,,0,,https://course.ntu.edu.tw/courses/114-2/48000
博士論文,,48874,BP8999,544D0010,必修,,,,1 類,,0,,https://course.ntu.edu.tw/courses/114-2/48874
服務學習乙,魏均珩,10209,BPISA0004,H04001H0,必修,,,,2 類,,1,,https://course.ntu.edu.tw/courses/114-2/10209
世界運動史,陳信全,39503,BPISA1002,H0410310,必修,,"五 7,8,9",綜館R247,2 類,,3,,https://course.ntu.edu.tw/courses/114-2/39503
國家體育政策,蔡秀華,15614,BPISA1003,H0410410,必修,,"四 2,3,4",綜館R247,2 類,,3,,https://course.ntu.edu.tw/courses/114-2/15614
運動社會學導論,曾郁嫻,11517,BPISA1004,H0410510,必修,,"一 2,3,4",綜館R247,2 類,,3,,https://course.ntu.edu.tw/courses/114-2/11517
運動設施規劃與管理,林聯喜,25401,BPISA1006,H0410320,選修,,"二 2,3,4",綜館R247,2 類,,3,,https://course.ntu.edu.tw/courses/114-2/25401
體育運動與性別議題探討,曾郁嫻,95087,BPISA1007,H0410520,選修,,"三 3,4",,2 類,,2,,https://course.ntu.edu.tw/courses/114-2/95087
運動心理學,洪巧菱,30564,BPISA2007,H0420240,選修,,"五 6,7",,2 類,,2,,https://course.ntu.edu.tw/courses/114-2/30564
體育運動專題講座下,連玉輝,26402,BPISA3003,H0430212,必修,,"三 6,7",綜館R247,2 類,,2,,https://course.ntu.edu.tw/courses/114-2/26402
競技運動專題,康正男,32119,BPISA3007,H0430400,選修,,,,2 類,,2,,https://course.ntu.edu.tw/courses/114-2/32119
服務學習甲-生工,謝正義,44179,BSE0006,602001G0,必帶,,三 5,農工九,2 類,,1,,https://course.ntu.edu.tw/courses/114-2/44179
服務學習乙-生工,江莉琦,40546,BSE0007,602001H0,必修,,五 10,農工繪圖室,2 類,,1,,https://course.ntu.edu.tw/courses/114-2/40546
水資源概論,張斐章,28424,BSE1011,60216040,,,"五 3,4",普103,2 類,,2,,https://course.ntu.edu.tw/courses/114-2/28424
工程數學二,胡明哲,40335,BSE2004,60220320,必帶,,"四 2,3,4",農工繪圖室,2 類,,3,,https://course.ntu.edu.tw/courses/114-2/40335
空間資訊,余化龍,52667,BSE2009,60221400,必帶,,"二 2,3,4",農工繪圖室,2 類,,3,,https://course.ntu.edu.tw/courses/114-2/52667
流體力學試驗,許少瑜,20291,BSE2016,60222800,必帶,,"一 2,3,4",,2 類,,1,,https://course.ntu.edu.tw/courses/114-2/20291
流體力學試驗,游晟暐,25412,BSE2016,60222800,必帶,,"五 2,3,4",,2 類,,1,,https://course.ntu.edu.tw/courses/114-2/25412
環境化學,潘述元,32808,BSE2017,60222900,必帶,,"二 6,7,8",農工繪圖室,2 類,,3,,https://course.ntu.edu.tw/courses/114-2/32808
水文學,張斐章,26780,BSE2020,60227600,必帶,,"三 2,3,4",農工繪圖室,2 類,,3,,https://course.ntu.edu.tw/courses/114-2/26780
生態學,任秀慧,22106,BSE2029,60227800,必帶 / 必修 / 選修,,"五 7,8,9",共104,2 類,,3,,https://course.ntu.edu.tw/courses/114-2/22106
水資源工程,江莉琦,47314,BSE3002,60230900,必帶,,"五 7,8,9",農工繪圖室,2 類,,3,,https://course.ntu.edu.tw/courses/114-2/47314
土壤力學試驗,蔡瑞彬,31773,BSE3006,60231500,必帶,,"三 7,8,9",,2 類,,1,,https://course.ntu.edu.tw/courses/114-2/31773
土壤力學試驗,王昱力,13215,BSE3006,60231500,必帶,,"三 2,3,4",,2 類,,1,,https://course.ntu.edu.tw/courses/114-2/13215
土壤力學試驗,蔡瑞彬,44339,BSE3006,60231500,必帶,,"一 7,8,9",,2 類,,1,,https://course.ntu.edu.tw/courses/114-2/44339
土壤力學試驗,王昱力,58936,BSE3006,60231500,必帶,,"一 2,3,4",,2 類,,1,,https://course.ntu.edu.tw/courses/114-2/58936
專題研究二,廖國偉,36275,BSE4002,60241720,選修,,,,2 類,,2,,https://course.ntu.edu.tw/courses/114-2/36275
專題研究二,張斐章,41479,BSE4002,60241720,選修,,,,2 類,,2,,https://course.ntu.edu.tw/courses/114-2/41479
專題研究二,王昱力,58990,BSE4002,60241720,選修,,,,2 類,,2,,https://course.ntu.edu.tw/courses/114-2/58990
專題研究二,江莉琦,24119,BSE4002,60241720,選修,,,,2 類,,2,,https://course.ntu.edu.tw/courses/114-2/24119
專題研究二,胡明哲,11313,BSE4002,60241720,選修,,,,2 類,,2,,https://course.ntu.edu.tw/courses/114-2/11313
專題研究二,潘述元,20011,BSE4002,60241720,選修,,,,2 類,,2,,https://course.ntu.edu.tw/courses/114-2/20011
專題研究二,張倉榮,49493,BSE4002,60241720,選修,,,,2 類,,2,,https://course.ntu.edu.tw/courses/114-2/49493
專題研究二,童慶斌,10011,BSE4002,60241720,選修,,,,2 類,,2,,https://course.ntu.edu.tw/courses/114-2/10011
專題研究二,蔡瑞彬,53098,BSE4002,60241720,選修,,,,2 類,,2,,https://course.ntu.edu.tw/courses/114-2/53098
專題研究二,張峰勲,22655,BSE4002,60241720,選修,,,,2 類,,2,,https://course.ntu.edu.tw/courses/114-2/22655
專題研究二,傅群,40272,BSE4002,60241720,選修,,,,2 類,,2,,https://course.ntu.edu.tw/courses/114-2/40272
專題研究二,任秀慧,47815,BSE4002,60241720,選修,,,,2 類,,2,,https://course.ntu.edu.tw/courses/114-2/47815
專題研究二,謝正義,20333,BSE4002,60241720,選修,,,,2 類,,2,,https://course.ntu.edu.tw/courses/114-2/20333
專題研究二,廖秀娟,14524,BSE4002,60241720,選修,,,,2 類,,2,,https://course.ntu.edu.tw/courses/114-2/14524
專題研究二,余化龍,53373,BSE4002,60241720,選修,,,,2 類,,2,,https://course.ntu.edu.tw/courses/114-2/53373
專題研究二,黃國倉,10074,BSE4002,60241720,選修,,,,2 類,,2,,https://course.ntu.edu.tw/courses/114-2/10074
專題研究二,范致豪,11662,BSE4002,60241720,選修,,,,2 類,,2,,https://course.ntu.edu.tw/courses/114-2/11662
專題研究二,許少瑜,52383,BSE4002,60241720,選修,,,,2 類,,2,,https://course.ntu.edu.tw/courses/114-2/52383
環境工程一,范致豪,33609,BSE5003,622U2660,必帶,,"三 7,8,9",共204,2 類,,3,,https://course.ntu.edu.tw/courses/114-2/33609
環境工程二,范致豪,22350,BSE5004,622U2670,選修,,"二 2,3,4",農工九,2 類,,3,,https://course.ntu.edu.tw/courses/114-2/22350
生物流體力學,張倉榮,26759,BSE5017,622U2270,選修,,"二 2,3,4",農工十,2 類,,3,,https://course.ntu.edu.tw/courses/114-2/26759
濕地生態與工程,蕭友晉,30375,BSE5025,622U2100,選修,,"三 7,8,9",農工九,2 類,,3,,https://course.ntu.edu.tw/courses/114-2/30375
水土保持工程,廖國偉,49003,BSE5064,622U2630,必帶,,"二 5,6,7",綜301,2 類,,3,,https://course.ntu.edu.tw/courses/114-2/49003
環境系統分析,胡明哲,30715,BSE5091,622U2240,必帶 / 選修,,"一 2,3,4",農工繪圖室,2 類,,3,,https://course.ntu.edu.tw/courses/114-2/30715
微氣候學,謝正義,11773,BSE5094,622U2940,選修,,"三 6 / 四 6,7",共305/共302,2 類,,3,,https://course.ntu.edu.tw/courses/114-2/11773
河川形貌與棲地復育,吳富春,21121,BSE5095,622U2950,選修,,"五 2,3,4",農工九,2 類,,3,,https://course.ntu.edu.tw/courses/114-2/21121
建築環境控制,黃國倉,25157,BSE5149,622U4880,選修,,"二 10,A,B",農工九,2 類,,3,,https://course.ntu.edu.tw/courses/114-2/25157
地下水流數值模擬,蔡瑞彬,17299,BSE5163,622U5180,選修,,"四 2,3,4",農工十,2 類,,3,,https://course.ntu.edu.tw/courses/114-2/17299
流域分析與模擬,江莉琦,24442,BSE5164,622U5210,選修,,"三 7,8,9",農工金城,2 類,,3,,https://course.ntu.edu.tw/courses/114-2/24442
建築能源與環境模擬(二),黃國倉,33504,BSE5166,622U5230,選修,,"五 2,3,4",生工202,2 類,,3,,https://course.ntu.edu.tw/courses/114-2/33504
水質保護與流域管理,范致豪,13688,BSE5181,602U3220,選修,,"一 6,7,8",農工九,2 類,,3,,https://course.ntu.edu.tw/courses/114-2/13688
基於物聯網的機率風險分析,廖國偉,11011,BSE5184,602U3250,選修,,"五 2,3,4",農工金城,2 類,,3,,https://course.ntu.edu.tw/courses/114-2/11011
水文歷程與水會計,許少瑜,56481,BSE5196,622U5280,選修,,"一 7,8,9",共103,2 類,,3,,https://course.ntu.edu.tw/courses/114-2/56481
水文水理模式分析與運用,游晟暐,44183,BSE5197,622U5290,選修,,"四 2,3,4",,2 類,,3,,https://course.ntu.edu.tw/courses/114-2/44183
工程生態檢核,黃宏斌,33783,BSE5198,622U5310,選修,,"五 2,3,4",農工十,2 類,,3,,https://course.ntu.edu.tw/courses/114-2/33783
工程實務與應用一,廖國偉,11439,BSE5205,622U3310,選修,,五 7,農工九,2 類,,1,,https://course.ntu.edu.tw/courses/114-2/11439
工程實務與應用二,廖國偉,54301,BSE5206,622U3320,選修,,五 8,農工九,2 類,,1,,https://course.ntu.edu.tw/courses/114-2/54301
開放水域生態系統中物理過程與生物之交互作用,張峰勲,19004,BSE5215,622U5610,選修,,"四 3,4",共207,2 類,,2,,https://course.ntu.edu.tw/courses/114-2/19004
水庫環境與泥砂,賴進松,22646,BSE5216,622U5620,選修,,"二 7,8",農工金城,2 類,,2,,https://course.ntu.edu.tw/courses/114-2/22646
統計計算,胡明哲,54743,BSE5217,622U5380,選修,,"二 2,3,4",綜602,2 類,,3,,https://course.ntu.edu.tw/courses/114-2/54743
農業工程實務與應用,譚智宏,18118,BSE5218,622U5630,選修,,"三 3,4",農工十,2 類,,2,,https://course.ntu.edu.tw/courses/114-2/18118
淨零建築概論與模擬實作,傅群,33944,BSE5219,622U5640,選修,,"四 2,3,4",生工202,2 類,,3,,https://course.ntu.edu.tw/courses/114-2/33944
環境與能源的資料科學,傅群,26719,BSE5220,622U5650,選修,,"三 2,3,4",博雅302,2 類,,3,,https://course.ntu.edu.tw/courses/114-2/26719
專題討論,張峰勲,34812,BSE7001,622M0030,必修,,"四 8,9",新303,2 類,,1,,https://course.ntu.edu.tw/courses/114-2/34812
專題討論,蕭友晉,11699,BSE7001,622M0030,必修,,"四 8,9",農工十,2 類,,1,,https://course.ntu.edu.tw/courses/114-2/11699
專題討論,游晟暐,40351,BSE7001,622M0030,必修,,"四 8,9",農工九,2 類,,1,,https://course.ntu.edu.tw/courses/114-2/40351
專題討論,王昱力,51110,BSE7001,622M0030,必修,,"四 8,9",農工繪圖室,2 類,,1,,https://course.ntu.edu.tw/courses/114-2/51110
書報研讀二,張斐章,40206,BSE7003,622M1720,必修,,,,2 類,,2,,https://course.ntu.edu.tw/courses/114-2/40206
書報研讀二,王昱力,28372,BSE7003,622M1720,必修,,,,2 類,,2,,https://course.ntu.edu.tw/courses/114-2/28372
書報研讀二,江莉琦,45567,BSE7003,622M1720,必修,,,,2 類,,2,,https://course.ntu.edu.tw/courses/114-2/45567
書報研讀二,潘述元,40758,BSE7003,622M1720,必修,,,,2 類,,2,,https://course.ntu.edu.tw/courses/114-2/40758
書報研讀二,廖秀娟,28463,BSE7003,622M1720,必修,,,,2 類,,2,,https://course.ntu.edu.tw/courses/114-2/28463
書報研讀二,余化龍,39614,BSE7003,622M1720,必修,,,,2 類,,2,,https://course.ntu.edu.tw/courses/114-2/39614
書報研讀二,任秀慧,48967,BSE7003,622M1720,必修,,,,2 類,,2,,https://course.ntu.edu.tw/courses/114-2/48967
書報研讀二,蔡瑞彬,32054,BSE7003,622M1720,必修,,,,2 類,,2,,https://course.ntu.edu.tw/courses/114-2/32054
書報研讀二,蕭友晉,27627,BSE7003,622M1720,必修,,,,2 類,,2,,https://course.ntu.edu.tw/courses/114-2/27627
書報研讀二,張峰勲,58682,BSE7003,622M1720,選修,,,,2 類,,2,,https://course.ntu.edu.tw/courses/114-2/58682
書報研讀二,游晟暐,57219,BSE7003,622M1720,必修,,,,2 類,,2,,https://course.ntu.edu.tw/courses/114-2/57219
書報研讀二,童慶斌,21440,BSE7003,622M1720,必修,,,,2 類,,2,,https://course.ntu.edu.tw/courses/114-2/21440
書報研讀二,張倉榮,33979,BSE7003,622M1720,必修,,,,2 類,,2,,https://course.ntu.edu.tw/courses/114-2/33979
書報研讀二,林裕彬,18709,BSE7003,622M1720,必修,,,,2 類,,2,,https://course.ntu.edu.tw/courses/114-2/18709
書報研讀二,傅群,58485,BSE7003,622M1720,必修,,,,2 類,,2,,https://course.ntu.edu.tw/courses/114-2/58485
書報研讀二,謝正義,13050,BSE7003,622M1720,必修,,,,2 類,,2,,https://course.ntu.edu.tw/courses/114-2/13050
書報研讀二,胡明哲,16664,BSE7003,622M1720,必修,,,,2 類,,2,,https://course.ntu.edu.tw/courses/114-2/16664
書報研讀二,黃國倉,28958,BSE7003,622M1720,必修,,,,2 類,,2,,https://course.ntu.edu.tw/courses/114-2/28958
書報研讀二,廖國偉,57636,BSE7003,622M1720,必修,,,,2 類,,2,,https://course.ntu.edu.tw/courses/114-2/57636
農業與環境,潘述元,29317,BSE7032,622M3100,選修,,"五 2,3,4",共404,2 類,,3,,https://course.ntu.edu.tw/courses/114-2/29317
碩士論文,,55024,BSE7999,622M0010,必修,,,,1 類,,0,,https://course.ntu.edu.tw/courses/114-2/55024
專題討論,廖國偉,38120,BSE8001,622D0020,必修,,"四 9,10",博雅406,2 類,,1,,https://course.ntu.edu.tw/courses/114-2/38120
高等水文特論,張斐章,28379,BSE8002,622D0200,選修,,"三 7,8,9",生工202,2 類,,3,,https://course.ntu.edu.tw/courses/114-2/28379
生物環境系統模擬特論一,廖中明,17008,BSE8012,622D0400,選修,,"二 2,3,4",,2 類,,3,,https://course.ntu.edu.tw/courses/114-2/17008
學術英文寫作,黃翊之,57366,BSE8028,622D0550,選修,,"二 2,3,4",農工金城,2 類,,3,,https://course.ntu.edu.tw/courses/114-2/57366
博士論文,,25894,BSE8999,622D0010,必修,,,,1 類,,0,,https://course.ntu.edu.tw/courses/114-2/25894
基本護理學,王慧珍,22936,BSN2002,41220100,必帶,,"一 1,2,3,4",,3 類,,2,,https://course.ntu.edu.tw/courses/114-2/22936
基本護理學實習,王慧珍,57743,BSN2003,41220200,必帶,,"一 6,7,8,9",,3 類,,2,,https://course.ntu.edu.tw/courses/114-2/57743
內外科護理學實習一,謝慧玲,55972,BSN3002,41230440,必修,,,,3 類,,3,,https://course.ntu.edu.tw/courses/114-2/55972
內外科護理學實習一,謝慧玲,27458,BSN3002,41230440,必修,,,,3 類,,3,,https://course.ntu.edu.tw/courses/114-2/27458
內外科護理學實習一,謝慧玲,18744,BSN3002,41230440,必修,,,,3 類,,3,,https://course.ntu.edu.tw/courses/114-2/18744
內外科護理學實習一,謝慧玲,32901,BSN3002,41230440,必修,,,,3 類,,3,,https://course.ntu.edu.tw/courses/114-2/32901
內外科護理學實習二,盧怜君,35480,BSN3004,41230460,必修,,,,3 類,,3,,https://course.ntu.edu.tw/courses/114-2/35480
內外科護理學實習二,盧怜君,52305,BSN3004,41230460,必修,,,,3 類,,3,,https://course.ntu.edu.tw/courses/114-2/52305
內外科護理學實習二,方圓媛,51037,BSN3004,41230460,必修,,,,3 類,,3,,https://course.ntu.edu.tw/courses/114-2/51037
內外科護理學實習二,方圓媛,15871,BSN3004,41230460,必修,,,,3 類,,3,,https://course.ntu.edu.tw/courses/114-2/15871
產科護理學實習,楊承芳,48036,BSN3006,41231020,必修,,,,3 類,,3,,https://course.ntu.edu.tw/courses/114-2/48036
產科護理學實習,楊承芳,58603,BSN3006,41231020,必修,,,,3 類,,3,,https://course.ntu.edu.tw/courses/114-2/58603
兒科護理學實習,王慧珍,33583,BSN3008,41231220,必修,,,,3 類,,3,,https://course.ntu.edu.tw/courses/114-2/33583
兒科護理學實習,王慧珍,55322,BSN3008,41231220,必修,,,,3 類,,3,,https://course.ntu.edu.tw/courses/114-2/55322
兒科護理學實習,王慧珍,29205,BSN3008,41231220,必修,,,,3 類,,3,,https://course.ntu.edu.tw/courses/114-2/29205
兒科護理學實習,王慧珍,29976,BSN3008,41231220,必修,,,,3 類,,3,,https://course.ntu.edu.tw/courses/114-2/29976
社區衛生護理學實習,方圓媛,21042,BSN4005,41241910,必修,,,,3 類,,3,,https://course.ntu.edu.tw/courses/114-2/21042
社區衛生護理學實習,方圓媛,16369,BSN4005,41241910,必修,,,,3 類,,3,,https://course.ntu.edu.tw/courses/114-2/16369
精神衛生護理學實習,孫凡軻,22081,BSN4007,41242010,必修,,,,3 類,,3,,https://course.ntu.edu.tw/courses/114-2/22081
基礎醫學護理的整合應用,楊承芳,40304,BSN4010,41242030,必帶,,"四 1,2",護智能教室,3 類,,2,,https://course.ntu.edu.tw/courses/114-2/40304
精進基礎醫學(下),王慧珍,50803,BSN4013,41246420,選修,,"四 6,7",護智能教室,3 類,,2,,https://course.ntu.edu.tw/courses/114-2/50803
服務學習甲,張世宗,34033,BST0006,B02001G0,必帶,,四 5,,3 類,,1,,https://course.ntu.edu.tw/courses/114-2/34033
服務學習乙,李家瑋,13771,BST0007,B02001H0,必修,,,,3 類,,1,,https://course.ntu.edu.tw/courses/114-2/13771
食品營養概論,林璧鳳,17208,BST1006,B0211010,,,"四 6,7",普101,3 類,,2,,https://course.ntu.edu.tw/courses/114-2/17208
生化科學與生化科技基礎,楊啟伸,16806,BST1010,B0211100,選修,,"五 3,4",綜201,3 類,,2,,https://course.ntu.edu.tw/courses/114-2/16806
生物化學實驗,黃楓婷,30167,BST2003,B0220110,必帶,,"一 6,7,8,9,10",農化二106-1,3 類,,2,,https://course.ntu.edu.tw/courses/114-2/30167
生物化學實驗,黃楓婷,15909,BST2003,B0220110,必帶,,"三 6,7,8,9,10",農化二B10-1,3 類,,2,,https://course.ntu.edu.tw/courses/114-2/15909
微生物學下,黃慶璨,11930,BST2007,B0220302,,,"三 3,4",新204,3 類,,2,,https://course.ntu.edu.tw/courses/114-2/11930
微生物學實驗,張麗冠,14899,BST2009,B0220320,必帶,,"二 6,7,8,9",,2 類,,2,,https://course.ntu.edu.tw/courses/114-2/14899
微生物學實驗,張麗冠,58255,BST2009,B0220320,必帶,,"四 6,7,8,9",,2 類,,2,,https://course.ntu.edu.tw/courses/114-2/58255
生化科技專研,李家瑋,42158,BST2010,B0220330,必帶,,二 2,農化二B10-1,3 類,,1,,https://course.ntu.edu.tw/courses/114-2/42158
營養生化學實驗,林甫容,59586,BST3010,B0230100,必修,,"五 6,7,8,9",農化一第六,3 類,,2,,https://course.ntu.edu.tw/courses/114-2/59586
生物化學乙下,楊健志,58459,BST3015,B02301B2,必帶 / 必修,,"三 1,2",普103,3 類,,2,,https://course.ntu.edu.tw/courses/114-2/58459
生化科技專案設計與實務一,陳彥榮,32768,BST3020,B0230180,選修,,"三 A,B",農化二B10-1,2 類,,2,,https://course.ntu.edu.tw/courses/114-2/32768
生物化學二,廖憶純,55745,BST3022,B0230000,必帶 / 選修,,"一 3,4 / 四 3,4",共104,3 類,,4,,https://course.ntu.edu.tw/courses/114-2/55745
專題討論二,李昆達,17537,BST4001,B0240010,必修,,"三 8,9",農化一第六,2 類,,1,,https://course.ntu.edu.tw/courses/114-2/17537
專題討論二,廖憶純,13294,BST4001,B0240010,必修,,"四 8,9",農化二B10-1,2 類,,1,,https://course.ntu.edu.tw/courses/114-2/13294
專題討論二,林甫容,45012,BST4001,B0240010,必修,,一 4,農化一第六,2 類,,1,,https://course.ntu.edu.tw/courses/114-2/45012
專題討論二,林晉玄,47153,BST4001,B0240010,必修,,二 9,農化一第六,2 類,,1,,https://course.ntu.edu.tw/courses/114-2/47153
專題研究二,陳進庭,41552,BST4007,B0241020,選修,,,,2 類,,2,,https://course.ntu.edu.tw/courses/114-2/41552
專題研究二,陳韻如,37359,BST4007,B0241020,選修,,,,2 類,,2,,https://course.ntu.edu.tw/courses/114-2/37359
專題研究二,林建達,30581,BST4007,B0241020,選修,,,,2 類,,2,,https://course.ntu.edu.tw/courses/114-2/30581
專題研究二,李家瑋,42065,BST4007,B0241020,選修,,,,2 類,,2,,https://course.ntu.edu.tw/courses/114-2/42065
專題研究二,蘇南維,29200,BST4007,B0241020,選修,,,,2 類,,2,,https://course.ntu.edu.tw/courses/114-2/29200
專題研究二,吳亘承,47287,BST4018,B0241110,選修,,,,2 類,,2,,https://course.ntu.edu.tw/courses/114-2/47287
專題研究二,楊健志,35658,BST4019,B0241120,選修,,,,2 類,,2,,https://course.ntu.edu.tw/courses/114-2/35658
專題研究二,陳俊任,37659,BST4032,B0241250,選修,,,,2 類,,2,,https://course.ntu.edu.tw/courses/114-2/37659
細胞生物學,陳彥榮,54930,BST5024,B22U0340,必修,,"三 5,6,7",博雅302,3 類,,3,,https://course.ntu.edu.tw/courses/114-2/54930
生醫分析,何佳安,20636,BST5026,B22U0380,必修,,"三 2,3,4",農化一第六,3 類,,3,,https://course.ntu.edu.tw/courses/114-2/20636
幹細胞與再生醫學前瞻,陳彥榮,16734,BST5034,B22U0410,必修 / 選修,,"五 3,4",農化二B11,2 類,,2,,https://course.ntu.edu.tw/courses/114-2/16734
再生醫學導論,陳彥榮,23945,BST5040,B22U0470,必修 / 選修,,"三 3,4",新405,3 類,,2,,https://course.ntu.edu.tw/courses/114-2/23945
生物技術基礎與前瞻,李昆達,42676,BST5041,B02U1040,必修,,"一 3,4,5",綜302,3 類,,3,,https://course.ntu.edu.tw/courses/114-2/42676
蛋白質化學,楊健志,14558,BST5055,B22U0590,必修 / 選修,,"四 3,4",農化二106-1,3 類,,2,,https://course.ntu.edu.tw/courses/114-2/14558
抗體生產與應用,張世宗,27835,BST5059,B22U0630,必修,,,,2 類,,3,,https://course.ntu.edu.tw/courses/114-2/27835
酵素純化方法,張世宗,31726,BST5060,B22U0640,必修,,"一 6,7",農化一第六,2 類,,2,,https://course.ntu.edu.tw/courses/114-2/31726
免疫學與免疫治療前瞻,陳俊任,35087,BST5063,B22U0670,選修,,"五 3,4",農化二106-1,2 類,,2,,https://course.ntu.edu.tw/courses/114-2/35087
基礎單細胞定序資料分析實作,林建達,40726,BST5065,B22U0690,必修,,"二 7,8,9",共103,3 類,,3,,https://course.ntu.edu.tw/courses/114-2/40726
生物資訊學實作,林建達,42155,BST5068,B22U0710,選修,,"五 6,7",生科419,2 類,,2,,https://course.ntu.edu.tw/courses/114-2/42155
專題討論,陳彥榮,19451,BST7000,B22M0020,必修,,"五 8,9",,3 類,,1,,https://course.ntu.edu.tw/courses/114-2/19451
專題討論,廖憶純,19672,BST7000,B22M0020,必修,,"四 8,9",,3 類,,1,,https://course.ntu.edu.tw/courses/114-2/19672
專題討論,謝佳倩,15687,BST7000,B22M0020,必修,,一 3,農化一第六,3 類,,1,,https://course.ntu.edu.tw/courses/114-2/15687
專題討論,張麗冠,24761,BST7000,B22M0020,必修,,"一 8,9",農化一第六,3 類,,1,,https://course.ntu.edu.tw/courses/114-2/24761
生化科技實驗法二,李昆達,33708,BST7002,B22M0040,必修,,,,2 類,,1,,https://course.ntu.edu.tw/courses/114-2/33708
植物之二級代謝,鄭梅君,19876,BST7007,B22M0140,必修,,"四 3,4",農化一第六,3 類,,2,,https://course.ntu.edu.tw/courses/114-2/19876
蛋白質養晶概論與實作,楊啟伸,50507,BST7008,B22M0150,必修,,"三 6,7",農化二B11,3 類,,1,,https://course.ntu.edu.tw/courses/114-2/50507
專題研究二,楊健志,11174,BST7011,B22M1020,選修,,,,3 類,,2,,https://course.ntu.edu.tw/courses/114-2/11174
專題研究二,李昆達,14940,BST7011,B22M1020,選修,,,,3 類,,2,,https://course.ntu.edu.tw/courses/114-2/14940
專題研究二,楊啟伸,57489,BST7011,B22M1020,選修,,,,3 類,,2,,https://course.ntu.edu.tw/courses/114-2/57489
專題研究二,張麗冠,57007,BST7011,B22M1020,選修,,,,3 類,,2,,https://course.ntu.edu.tw/courses/114-2/57007
專題研究二,黃楓婷,43206,BST7011,B22M1020,選修,,,,3 類,,2,,https://course.ntu.edu.tw/courses/114-2/43206
專題研究二,張世宗,20285,BST7011,B22M1020,選修,,,,3 類,,2,,https://course.ntu.edu.tw/courses/114-2/20285
專題研究二,陳俊任,44688,BST7011,B22M1020,選修,,,,3 類,,2,,https://course.ntu.edu.tw/courses/114-2/44688
專題研究二,陳進庭,22880,BST7011,B22M1020,選修,,,,3 類,,2,,https://course.ntu.edu.tw/courses/114-2/22880
專題研究二,林晉玄,46882,BST7011,B22M1020,選修,,,,3 類,,2,,https://course.ntu.edu.tw/courses/114-2/46882
專題研究二,吳亘承,21643,BST7011,B22M1020,選修,,,,3 類,,2,,https://course.ntu.edu.tw/courses/114-2/21643
專題研究二,鄭梅君,19822,BST7011,B22M1020,選修,,,,3 類,,2,,https://course.ntu.edu.tw/courses/114-2/19822
專題研究二,林建達,26905,BST7011,B22M1020,選修,,,,3 類,,2,,https://course.ntu.edu.tw/courses/114-2/26905
專題研究二,謝佳倩,14580,BST7011,B22M1020,選修,,,,3 類,,2,,https://course.ntu.edu.tw/courses/114-2/14580
專題研究二,李家瑋,17522,BST7011,B22M1020,選修,,,,3 類,,2,,https://course.ntu.edu.tw/courses/114-2/17522
專題研究二,賴喜美,14383,BST7011,B22M1020,選修,,,,3 類,,2,,https://course.ntu.edu.tw/courses/114-2/14383
生化科技教學實習,黃楓婷,58210,BST7012,B22M1030,選修,,,,3 類,,2,,https://course.ntu.edu.tw/courses/114-2/58210
生化科技教學實習,林甫容,23016,BST7012,B22M1030,選修,,,,3 類,,2,,https://course.ntu.edu.tw/courses/114-2/23016
碩士論文,,43739,BST7999,B22M0010,必修,,,,1 類,,0,,https://course.ntu.edu.tw/courses/114-2/43739
專題討論,陳彥榮,22024,BST8000,B22D0020,必修,,"五 8,9",,3 類,,1,,https://course.ntu.edu.tw/courses/114-2/22024
專題討論,廖憶純,50750,BST8000,B22D0020,必修,,"四 8,9",,3 類,,1,,https://course.ntu.edu.tw/courses/114-2/50750
專題討論,林璧鳳,14257,BST8000,B22D0020,必修,,一 4,農化一第六-1,1 類,,1,,https://course.ntu.edu.tw/courses/114-2/14257
專題研究二,林璧鳳,95044,BST8003,B22D1020,選修,,,,3 類,,2,,https://course.ntu.edu.tw/courses/114-2/95044
專題研究二,李昆達,22310,BST8003,B22D1020,選修,,,,3 類,,2,,https://course.ntu.edu.tw/courses/114-2/22310
專題研究四,李昆達,54254,BST8005,B22D1040,選修,,,,3 類,,2,,https://course.ntu.edu.tw/courses/114-2/54254
專題研究四,張世宗,50840,BST8005,B22D1040,選修,,,,3 類,,2,,https://course.ntu.edu.tw/courses/114-2/50840
專題研究四,林建達,14356,BST8005,B22D1040,選修,,,,3 類,,2,,https://course.ntu.edu.tw/courses/114-2/14356
生技博士論文精研三,李昆達,51613,BST8006,B22D1080,選修,,,,3 類,,1,,https://course.ntu.edu.tw/courses/114-2/51613
生技博士論文精研四,李昆達,43440,BST8007,B22D1090,選修,,,,3 類,,1,,https://course.ntu.edu.tw/courses/114-2/43440
博士論文,,52530,BST8999,B22D0010,必修,,,,1 類,,0,,https://course.ntu.edu.tw/courses/114-2/52530
臺灣農業,范致豪,55283,CBA5001,600U0010,選修,,"四 3,4",新405,3 類,,2,,https://course.ntu.edu.tw/courses/114-2/55283
臺灣農業,范致豪,10636,CBA5001,600U0010,必修 / 選修,,"四 3,4",,2 類,,2,,https://course.ntu.edu.tw/courses/114-2/10636
臺灣農業,范致豪,24328,CBA5001,600U0010,必帶 / 必修 / 選修,,"四 3,4",,3 類,,2,,https://course.ntu.edu.tw/courses/114-2/24328
微生物學,林乃君,53936,CBA5051,600U0510,必修 / 選修,,"三 2,3,4",,3 類,,3,,https://course.ntu.edu.tw/courses/114-2/53936
淨零碳排農業概論,王尚禮,58557,CBA5078,600U0780,選修,,"一 2,3,4",,2 類,,3,,https://course.ntu.edu.tw/courses/114-2/58557
研究論文討論下,姚宗珍,45467,CDent7003,422M0022,選修,,四 1,,1 類,,0,,https://course.ntu.edu.tw/courses/114-2/45467
口顏肌神經生理學,陳韻之,12594,CDent7014,422M1090,選修,,,,1 類,,1,,https://course.ntu.edu.tw/courses/114-2/12594
矯正治療成果討論二,陳羿貞,17340,CDent7017,422M1120,選修,,一 5,,1 類,,1,,https://course.ntu.edu.tw/courses/114-2/17340
矯正治療成果討論四,姚宗珍,36527,CDent7019,422M1140,選修,,一 6,,1 類,,1,,https://course.ntu.edu.tw/courses/114-2/36527
齒顎矯正診斷治療學二,陳羿貞,30204,CDent7029,422M1420,選修,,二 4,,1 類,,1,,https://course.ntu.edu.tw/courses/114-2/30204
醫院兒童牙科學二,張曉華,21911,CDent7037,422M1810,選修,,一 8,,1 類,,1,,https://course.ntu.edu.tw/courses/114-2/21911
兒童牙科學臨床實習四,張曉華,23394,CDent7040,422M2240,必修,,,,1 類,,3,,https://course.ntu.edu.tw/courses/114-2/23394
兒童牙科學臨床實習二,張曉華,23692,CDent7042,422M2260,必修,,,,1 類,,3,,https://course.ntu.edu.tw/courses/114-2/23692
兒童牙科診斷治療學二,張曉華,52364,CDent7044,422M2420,選修,,一 6,,1 類,,1,,https://course.ntu.edu.tw/courses/114-2/52364
兒童牙科診斷治療學四,張曉華,37920,CDent7046,422M2440,選修,,一 6,,1 類,,1,,https://course.ntu.edu.tw/courses/114-2/37920
兒童發育生長學,張曉華,44160,CDent7047,422M2520,選修,,,,1 類,,1,,https://course.ntu.edu.tw/courses/114-2/44160
齒顎矯正學臨床實習二,張瑞青,18174,CDent7050,422M3020,必修,,,,1 類,,3,,https://course.ntu.edu.tw/courses/114-2/18174
齒顎矯正學臨床實習四,張瑞青,17056,CDent7051,422M3040,必修,,,,1 類,,3,,https://course.ntu.edu.tw/courses/114-2/17056
高級齒顎矯正學臨床實習二,張瑞青,25597,CDent7053,422M3060,選修,,,,1 類,,3,,https://course.ntu.edu.tw/courses/114-2/25597
齒顎矯正診斷治療學四,姚宗珍,45862,CDent7054,422M3140,選修,,二 4,,1 類,,1,,https://course.ntu.edu.tw/courses/114-2/45862
手術正顎學專題討論,姚宗珍,52410,CDent7055,422M3240,選修,,一 1,,1 類,,1,,https://course.ntu.edu.tw/courses/114-2/52410
齒顎矯正學專題討論二,陳羿貞,39697,CDent7057,422M3320,必修,,三 1,,1 類,,1,,https://course.ntu.edu.tw/courses/114-2/39697
齒顎矯正學專題討論四,姚宗珍,25681,CDent7059,422M3340,必修,,三 1,,1 類,,1,,https://course.ntu.edu.tw/courses/114-2/25681
口腔外科臨床實習二,鄭世榮,25995,CDent7069,422M4070,必修,,,,1 類,,3,,https://course.ntu.edu.tw/courses/114-2/25995
口腔外科臨床實習四,鄭世榮,52850,CDent7070,422M4090,必修,,,,1 類,,3,,https://course.ntu.edu.tw/courses/114-2/52850
口腔外科病例討論二,鄭世榮,14503,CDent7073,422M4170,選修,,三 1,,1 類,,1,,https://course.ntu.edu.tw/courses/114-2/14503
口腔外科病例討論四,鄭世榮,52319,CDent7074,422M4190,選修,,三 1,,1 類,,1,,https://course.ntu.edu.tw/courses/114-2/52319
口腔外科專題討論二,鄭世榮,37693,CDent7077,422M4270,必修,,一 10,,1 類,,1,,https://course.ntu.edu.tw/courses/114-2/37693
口腔外科專題討論四,鄭世榮,31970,CDent7078,422M4290,必修,,一 10,,1 類,,1,,https://course.ntu.edu.tw/courses/114-2/31970
口腔外科病理專討二,張玉芳,58767,CDent7080,422M4370,選修,,一 7,,1 類,,1,,https://course.ntu.edu.tw/courses/114-2/58767
口腔顎面外科學特論二,鄭世榮,17114,CDent7083,422M4420,必修,,,,1 類,,1,,https://course.ntu.edu.tw/courses/114-2/17114
口腔診斷學實習四,張玉芳,38541,CDent7094,422M5040,必修,,,,1 類,,3,,https://course.ntu.edu.tw/courses/114-2/38541
口腔病理學特論四,張玉芳,57037,CDent7102,422M5240,選修,,,,1 類,,1,,https://course.ntu.edu.tw/courses/114-2/57037
牙周病學臨床實習二,張博鈞,17490,CDent7142,422M8020,必修,,,,1 類,,3,,https://course.ntu.edu.tw/courses/114-2/17490
牙周病學臨床實習四,張博鈞,33135,CDent7144,422M8040,必修,,,,1 類,,3,,https://course.ntu.edu.tw/courses/114-2/33135
牙周病治療專題討論二,張博鈞,16185,CDent7150,422M8220,必修,,,,1 類,,1,,https://course.ntu.edu.tw/courses/114-2/16185
牙周病治療專題討論四,張博鈞,22563,CDent7152,422M8240,必修,,,,1 類,,1,,https://course.ntu.edu.tw/courses/114-2/22563
最新文獻專題討論一下,張博鈞,39261,CDent7154,422M8312,必修,,三 1,,1 類,,1,,https://course.ntu.edu.tw/courses/114-2/39261
最新文獻專題討論二下,張博鈞,15966,CDent7157,422M8322,必修,,三 1,,1 類,,1,,https://course.ntu.edu.tw/courses/114-2/15966
牙周手術專題討論二,張博鈞,33951,CDent7159,422M8420,必修,,,,1 類,,1,,https://course.ntu.edu.tw/courses/114-2/33951
牙周手術專題討論四,張博鈞,49479,CDent7161,422M8440,必修,,,,1 類,,1,,https://course.ntu.edu.tw/courses/114-2/49479
補綴學臨床實習二,王東美,59177,CDent7167,422M9020,必修,,,,1 類,,3,,https://course.ntu.edu.tw/courses/114-2/59177
高級補綴學臨床實習,王東美,57173,CDent7170,422M9060,選修,,,,1 類,,4,,https://course.ntu.edu.tw/courses/114-2/57173
全口重建補綴學二,王東美,53055,CDent7172,422M9080,必修,,"五 6,7",,1 類,,2,,https://course.ntu.edu.tw/courses/114-2/53055
臨床補綴學專題討論一下,王東美,56370,CDent7178,422M9652,選修,,五 10,,1 類,,1,,https://course.ntu.edu.tw/courses/114-2/56370
高級補綴學病例討論一下,楊宗傑,47349,CDent7182,422M9672,選修,,三 1,,1 類,,1,,https://course.ntu.edu.tw/courses/114-2/47349
美容牙科學（二）,曾琬瑜,14191,CDent7186,422M6060,選修,,三 3,,1 類,,1,,https://course.ntu.edu.tw/courses/114-2/14191
口腔藥理學毒理學特論（二）,張曉華,26931,CDent7189,422M7060,選修,,五 3,,1 類,,1,,https://course.ntu.edu.tw/courses/114-2/26931
兒童牙科學專題討論二,張曉華,12302,CDent7196,422M2530,必修,,一 5,,1 類,,1,,https://course.ntu.edu.tw/courses/114-2/12302
兒童牙科學專題討論四,張曉華,32709,CDent7198,422M2550,必修,,一 5,,1 類,,1,,https://course.ntu.edu.tw/courses/114-2/32709
口腔藥理學毒理學專題討論二,張曉華,16429,CDent7203,422M0170,選修,,五 2,,1 類,,1,,https://course.ntu.edu.tw/courses/114-2/16429
口腔藥理學毒理學專題討論四,張曉華,23994,CDent7205,422M0210,選修,,五 2,,1 類,,1,,https://course.ntu.edu.tw/courses/114-2/23994
高級補綴學病例討論二下,楊宗傑,20634,CDent7207,422M9642,選修,,三 2,,1 類,,1,,https://course.ntu.edu.tw/courses/114-2/20634
臨床補綴學專題討論二下,王東美,25150,CDent7209,422M9632,選修,,,,1 類,,1,,https://course.ntu.edu.tw/courses/114-2/25150
口腔藥理學毒理學特論（四）,張曉華,18905,CDent7211,422M9130,選修,,五 3,,1 類,,1,,https://course.ntu.edu.tw/courses/114-2/18905
牙科經濟工程和創新創業二,陳敏慧,56388,CDent7216,422M0250,選修,,五 5,,1 類,,1,,https://course.ntu.edu.tw/courses/114-2/56388
數位美容牙科學,姜昱至,27630,CDent7217,422M0260,選修,,"四 6,7",,1 類,,2,,https://course.ntu.edu.tw/courses/114-2/27630
進階牙髓病治療器材學四,李苑玲,36919,CDent7223,422M1190,選修,,"六 2,3,4",,1 類,,1,,https://course.ntu.edu.tw/courses/114-2/36919
牙科植體治療專題討論二,張博鈞,39699,CDent7225,422M8160,必修,,,,1 類,,1,,https://course.ntu.edu.tw/courses/114-2/39699
牙科植體治療專題討論四,張博鈞,21007,CDent7227,422M8180,必修,,,,1 類,,1,,https://course.ntu.edu.tw/courses/114-2/21007
碩士論文,,44608,CDent7999,422M0010,必修,,,,1 類,,0,,https://course.ntu.edu.tw/courses/114-2/44608
高級口腔藥理學特論（二）,張曉華,18904,CDent8021,422D1620,選修,,,,1 類,,1,,https://course.ntu.edu.tw/courses/114-2/18904
高級口腔毒理學特論（二）,張曉華,56197,CDent8023,422D1640,選修,,,,1 類,,1,,https://course.ntu.edu.tw/courses/114-2/56197
博士論文,,43255,CDent8999,422D0010,必修,,,,1 類,,0,,https://course.ntu.edu.tw/courses/114-2/43255
服務學習甲,李弘文,41105,Chem0008,203001G0,必修,,三 5,,2 類,,1,,https://course.ntu.edu.tw/courses/114-2/41105
服務學習乙,林至闓,28529,Chem0009,203001H0,必修,,五 5,,2 類,,1,,https://course.ntu.edu.tw/courses/114-2/28529
服務學習乙,鄭原忠,38252,Chem0009,203001H0,必修,,五 5,,2 類,,1,,https://course.ntu.edu.tw/courses/114-2/38252
化學專業與職涯,彭之皓,53002,Chem1001,20310010,選修,,三 7,化121,2 類,,1,,https://course.ntu.edu.tw/courses/114-2/53002
普通化學二,鄭原忠,47066,Chem1004,20310120,必帶,,"三 3,4 / 五 3,4",化217,2 類,,3,,https://course.ntu.edu.tw/courses/114-2/47066
普通化學甲下,蔡蘊明,33429,Chem1006,203101A2,,,"三 3,4 / 五 3,4",共201,2 類,,3,,https://course.ntu.edu.tw/courses/114-2/33429
普通化學甲下,金必耀,34414,Chem1006,203101A2,,,"三 3,4 / 五 3,4",博雅201,2 類,,3,,https://course.ntu.edu.tw/courses/114-2/34414
普通化學丙,林至闓,23949,Chem1009,203101C0,,,"一 3,4 / 四 3,4",博雅301/博雅302,2 類,,3,,https://course.ntu.edu.tw/courses/114-2/23949
普通化學丙,陸駿逸,44781,Chem1009,203101C0,,,"一 3,4 / 四 3,4",共205,2 類,,3,,https://course.ntu.edu.tw/courses/114-2/44781
普通化學丙,鍾博文,53446,Chem1009,203101C0,,,"三 3,4 / 四 3,4",新505,2 類,,3,,https://course.ntu.edu.tw/courses/114-2/53446
普通化學實驗,陸駿逸,39460,Chem1010,20310500,必帶,,"一 7,8,9",思亮106,2 類,,1,,https://course.ntu.edu.tw/courses/114-2/39460
普通化學實驗,李弘文,43723,Chem1010,20310500,必帶,,"四 7,8,9",思亮106,2 類,,1,,https://course.ntu.edu.tw/courses/114-2/43723
普通化學實驗,林至闓,40934,Chem1010,20310500,必帶,,"五 7,8,9",思亮106,2 類,,1,,https://course.ntu.edu.tw/courses/114-2/40934
普通化學實驗,林至闓,57630,Chem1010,20310500,必修,,"二 2,3,4",思亮103,2 類,,1,,https://course.ntu.edu.tw/courses/114-2/57630
普通化學實驗,劉如熹,51386,Chem1010,20310500,必修,,"二 2,3,4",思亮104,2 類,,1,,https://course.ntu.edu.tw/courses/114-2/51386
普通化學實驗,李弘文,31318,Chem1010,20310500,必修,,"二 2,3,4",思亮106,2 類,,1,,https://course.ntu.edu.tw/courses/114-2/31318
普通化學實驗,林至闓,46721,Chem1010,20310500,必帶,,"一 7,8,9",思亮104,2 類,,1,,https://course.ntu.edu.tw/courses/114-2/46721
普通化學實驗,林至闓,23402,Chem1010,20310500,必帶,,"三 7,8,9",思亮106,2 類,,1,,https://course.ntu.edu.tw/courses/114-2/23402
普通化學實驗,林至闓,49067,Chem1010,20310500,必修,,"二 2,3,4",,2 類,,1,,https://course.ntu.edu.tw/courses/114-2/49067
普通化學實驗,林至闓,43516,Chem1010,20310500,必帶,,"二 6,7,8",思亮106,2 類,,1,,https://course.ntu.edu.tw/courses/114-2/43516
普通化學實驗下,李弘文,19804,Chem1012,20310502,必帶,,"五 7,8,9",思亮103,2 類,,1,,https://course.ntu.edu.tw/courses/114-2/19804
普通化學實驗下,彭之皓,35033,Chem1012,20310502,必帶,,"五 7,8,9",思亮104,2 類,,1,,https://course.ntu.edu.tw/courses/114-2/35033
化學實驗二,姜昌明,22347,Chem1014,20311520,必修,,"二 6,7,8",思亮104,2 類,,1,,https://course.ntu.edu.tw/courses/114-2/22347
分析化學二,陳俊顯,44537,Chem2008,20321220,必帶,,"一 3,4 / 四 2",化217,2 類,,3,,https://course.ntu.edu.tw/courses/114-2/44537
分析化學乙下,谷邁世,53541,Chem2012,203211B2,必帶 / 必修 / 選修,,"五 3,4",普504,2 類,,2,,https://course.ntu.edu.tw/courses/114-2/53541
分析化學實驗乙下,林至闓,44481,Chem2018,203215B2,必帶 / 必修,,"三 2,3,4",思亮204,2 類,,1,,https://course.ntu.edu.tw/courses/114-2/44481
分析化學實驗,陳俊顯,10434,Chem2019,20321500,必帶,,"四 7,8,9",思亮204,2 類,,1,,https://course.ntu.edu.tw/courses/114-2/10434
分析化學實驗,鄭修偉,51102,Chem2019,20321500,必帶,,"一 7,8,9",思亮204,2 類,,1,,https://course.ntu.edu.tw/courses/114-2/51102
有機化學,陳  平,45306,Chem2020,20322200,必帶,,"二 3,4 / 四 1,2",共201,2 類,,3,,https://course.ntu.edu.tw/courses/114-2/45306
有機化學,王宗興,55493,Chem2020,20322200,必帶,,"二 3,4 / 四 3,4",普101/博雅101/華南講堂,2 類,,3,,https://course.ntu.edu.tw/courses/114-2/55493
有機化學,汪根欉,55438,Chem2020,20322200,必帶,,"一 3,4 / 四 3,4",普103/普101,2 類,,3,,https://course.ntu.edu.tw/courses/114-2/55438
有機化學,羅禮強,42413,Chem2020,20322200,必帶,,"一 3,4 / 四 3,4",新102,2 類,,3,,https://course.ntu.edu.tw/courses/114-2/42413
有機化學,方頡睿,45134,Chem2020,20322200,必帶 / 必修,,"一 3,4 / 四 3,4",新103/新302,2 類,,3,,https://course.ntu.edu.tw/courses/114-2/45134
有機化學二,邱勝賢,20558,Chem2022,20322220,必帶,,"二 2 / 四 3,4",化210室,2 類,,3,,https://course.ntu.edu.tw/courses/114-2/20558
有機化學乙下,詹益慈,38293,Chem2026,203222B2,必帶,,"二 2 / 四 3,4",普505/普504,2 類,,3,,https://course.ntu.edu.tw/courses/114-2/38293
有機化學乙下,梁文傑,17911,Chem2026,203222B2,必帶 / 必修 / 選修,,"二 2 / 四 3,4",新303,2 類,,3,,https://course.ntu.edu.tw/courses/114-2/17911
化學實驗四,詹益慈,57682,Chem2030,20322520,必修,,"一 6,7,8,9,10",思亮305,2 類,,2,,https://course.ntu.edu.tw/courses/114-2/57682
化學實驗四,廖尉斯,32595,Chem2030,20322520,必修,,"二 6,7,8,9,10",思亮207,2 類,,2,,https://course.ntu.edu.tw/courses/114-2/32595
化學實驗四,陳俊顯,11325,Chem2030,20322520,必修,,"一 6,7,8,9,10",思亮207,2 類,,2,,https://course.ntu.edu.tw/courses/114-2/11325
化學實驗四,邱勝賢,26967,Chem2030,20322520,必修,,"二 6,7,8,9,10",思亮305,2 類,,2,,https://course.ntu.edu.tw/courses/114-2/26967
有機化學實驗乙下,詹益慈,16725,Chem2034,203225B2,必帶 / 選修,,"五 7,8,9",思亮305,2 類,,1,,https://course.ntu.edu.tw/courses/114-2/16725
有機化學實驗乙下,朱忠瀚,59499,Chem2034,203225B2,必帶 / 必修,,"三 7,8,9",思亮305,2 類,,1,,https://course.ntu.edu.tw/courses/114-2/59499
有機化學實驗,陳  平,47454,Chem2035,203225B0,必帶,,"三 7,8,9",思亮308,2 類,,1,,https://course.ntu.edu.tw/courses/114-2/47454
有機化學實驗,陳  平,14726,Chem2035,203225B0,必帶 / 必修,,"一 7,8,9",思亮308,2 類,,1,,https://course.ntu.edu.tw/courses/114-2/14726
有機化學實驗,王宗興,56983,Chem2035,203225B0,必帶,,"三 7,8,9",思亮309,2 類,,1,,https://course.ntu.edu.tw/courses/114-2/56983
有機化學實驗,汪根欉,27922,Chem2035,203225B0,必帶,,"五 2,3,4",思亮309,2 類,,1,,https://course.ntu.edu.tw/courses/114-2/27922
有機化學實驗,楊吉水,43414,Chem2035,203225B0,必帶,,"五 7,8,9",思亮308,2 類,,1,,https://course.ntu.edu.tw/courses/114-2/43414
有機化學實驗,汪根欉,47310,Chem2035,203225B0,必帶,,"五 7,8,9",思亮309,2 類,,1,,https://course.ntu.edu.tw/courses/114-2/47310
有機化學實驗,柳玗珍,57974,Chem2035,203225B0,必帶,,"二 2,3,4",思亮308,2 類,,1,,https://course.ntu.edu.tw/courses/114-2/57974
物理化學二-量子化學,周必泰,39362,Chem2039,20333170,必帶,,"二 3,4 / 五 2",化210室,2 類,,3,,https://course.ntu.edu.tw/courses/114-2/39362
分析化學,陳玉如,35000,Chem2040,20323100,必帶,,"五 2,3,4",新202,2 類,,3,,https://course.ntu.edu.tw/courses/114-2/35000
分析化學,吳恆良,41034,Chem2040,20323100,必帶,,"五 2,3,4",普203,2 類,,3,,https://course.ntu.edu.tw/courses/114-2/41034
物理化學下,馬左仲,34030,Chem3008,20333102,必帶,,"二 3,4 / 四 2",普404,2 類,,3,,https://course.ntu.edu.tw/courses/114-2/34030
化學實驗五,姜昌明,13267,Chem3015,20333510,必修,,"一 6,7,8,9,10",思亮201,2 類,,2,,https://course.ntu.edu.tw/courses/114-2/13267
從化學看世界,劉如熹,18626,Chem3020,20334130,,,"四 6,7",普406,2 類,,2,,https://course.ntu.edu.tw/courses/114-2/18626
無機化學二,邱靜雯,50339,Chem3024,20334220,必帶,,"一 2 / 三 3,4",化210室,2 類,,3,,https://course.ntu.edu.tw/courses/114-2/50339
物理化學三-動力學,陳振中,45575,Chem3032,20333180,選修,,"三 1,2 / 五 3,4",新302,2 類,,3,,https://course.ntu.edu.tw/courses/114-2/45575
大三專題討論二,李弘文,51155,Chem3040,20339140,選修,,,,1 類,,1,,https://course.ntu.edu.tw/courses/114-2/51155
大三專題討論二,劉如熹,30201,Chem3040,20339140,選修,,,,1 類,,1,,https://course.ntu.edu.tw/courses/114-2/30201
大三專題討論二,陳昭岑,27876,Chem3040,20339140,選修,,,,1 類,,1,,https://course.ntu.edu.tw/courses/114-2/27876
大三專題討論二,汪根欉,35606,Chem3040,20339140,選修,,,,1 類,,1,,https://course.ntu.edu.tw/courses/114-2/35606
大三專題討論二,周必泰,31007,Chem3040,20339140,選修,,,,1 類,,1,,https://course.ntu.edu.tw/courses/114-2/31007
大三專題討論二,邱勝賢,35062,Chem3040,20339140,選修,,,,1 類,,1,,https://course.ntu.edu.tw/courses/114-2/35062
大三專題討論二,楊吉水,26578,Chem3040,20339140,選修,,,,1 類,,1,,https://course.ntu.edu.tw/courses/114-2/26578
大三專題討論二,陳俊顯,18450,Chem3040,20339140,選修,,,,1 類,,1,,https://course.ntu.edu.tw/courses/114-2/18450
大三專題討論二,陳  平,34535,Chem3040,20339140,選修,,,,1 類,,1,,https://course.ntu.edu.tw/courses/114-2/34535
大三專題討論二,鄭原忠,46660,Chem3040,20339140,選修,,,,1 類,,1,,https://course.ntu.edu.tw/courses/114-2/46660
大三專題討論二,邱靜雯,13135,Chem3040,20339140,選修,,,,1 類,,1,,https://course.ntu.edu.tw/courses/114-2/13135
大三專題討論二,廖尉斯,30530,Chem3040,20339140,選修,,,,1 類,,1,,https://course.ntu.edu.tw/courses/114-2/30530
大三專題討論二,陳浩銘,33527,Chem3040,20339140,選修,,,,1 類,,1,,https://course.ntu.edu.tw/courses/114-2/33527
大三專題討論二,朱忠瀚,53530,Chem3040,20339140,選修,,,,1 類,,1,,https://course.ntu.edu.tw/courses/114-2/53530
大三專題討論二,柳玗珍,34325,Chem3040,20339140,選修,,,,1 類,,1,,https://course.ntu.edu.tw/courses/114-2/34325
大三專題討論二,姜昌明,58368,Chem3040,20339140,選修,,,,1 類,,1,,https://course.ntu.edu.tw/courses/114-2/58368
大三專題討論二,鄭修偉,20028,Chem3040,20339140,選修,,,,1 類,,1,,https://course.ntu.edu.tw/courses/114-2/20028
大三專題討論二,方頡睿,17955,Chem3040,20339140,選修,,,,1 類,,1,,https://course.ntu.edu.tw/courses/114-2/17955
大三專題討論二,馬左仲,17988,Chem3040,20339140,選修,,,,1 類,,1,,https://course.ntu.edu.tw/courses/114-2/17988
大三專題研究二,李弘文,19409,Chem3042,20339240,選修,,,,2 類,,3,,https://course.ntu.edu.tw/courses/114-2/19409
合成與材料化學專題研究,陳浩銘,49543,Chem3047,20339340,選修,,,,2 類,,3,,https://course.ntu.edu.tw/courses/114-2/49543
書報討論,張哲政,33485,Chem4000,20340330,必修,,"一 8,9",化121,2 類,,1,,https://course.ntu.edu.tw/courses/114-2/33485
書報討論,梁文傑,12051,Chem4000,20340330,必修,,"一 8,9",,2 類,,1,,https://course.ntu.edu.tw/courses/114-2/12051
書報討論,馬左仲,18042,Chem4000,20340330,必修,,"一 8,9",化217,2 類,,1,,https://course.ntu.edu.tw/courses/114-2/18042
書報討論,江建文,54228,Chem4000,20340330,必修,,"一 8,9",,2 類,,1,,https://course.ntu.edu.tw/courses/114-2/54228
書報討論,楊吉水,48973,Chem4000,20340330,必修,,"二 8,9",化121,2 類,,1,,https://course.ntu.edu.tw/courses/114-2/48973
書報討論,陳振中,30120,Chem4000,20340330,必修,,"二 8,9",,2 類,,1,,https://course.ntu.edu.tw/courses/114-2/30120
書報討論,柳玗珍,52042,Chem4000,20340330,必修,,"二 8,9",化217,2 類,,1,,https://course.ntu.edu.tw/courses/114-2/52042
書報討論,鄭修偉,36546,Chem4000,20340330,必修,,"二 8,9",,2 類,,1,,https://course.ntu.edu.tw/courses/114-2/36546
大四專題討論二,劉如熹,48842,Chem4008,20349140,選修,,,,1 類,,1,,https://course.ntu.edu.tw/courses/114-2/48842
大四專題討論二,汪根欉,17326,Chem4008,20349140,選修,,,,1 類,,1,,https://course.ntu.edu.tw/courses/114-2/17326
大四專題討論二,周必泰,43682,Chem4008,20349140,選修,,,,1 類,,1,,https://course.ntu.edu.tw/courses/114-2/43682
大四專題討論二,陳振中,34639,Chem4008,20349140,選修,,,,1 類,,1,,https://course.ntu.edu.tw/courses/114-2/34639
大四專題討論二,楊吉水,23834,Chem4008,20349140,選修,,,,1 類,,1,,https://course.ntu.edu.tw/courses/114-2/23834
大四專題討論二,陳  平,18467,Chem4008,20349140,選修,,,,1 類,,1,,https://course.ntu.edu.tw/courses/114-2/18467
大四專題討論二,鄭原忠,16780,Chem4008,20349140,選修,,,,1 類,,1,,https://course.ntu.edu.tw/courses/114-2/16780
大四專題討論二,廖尉斯,36778,Chem4008,20349140,選修,,,,1 類,,1,,https://course.ntu.edu.tw/courses/114-2/36778
大四專題討論二,朱忠瀚,42712,Chem4008,20349140,選修,,,,1 類,,1,,https://course.ntu.edu.tw/courses/114-2/42712
大四專題討論二,姜昌明,52092,Chem4008,20349140,選修,,,,1 類,,1,,https://course.ntu.edu.tw/courses/114-2/52092
大四專題討論二,方頡睿,36553,Chem4008,20349140,選修,,,,1 類,,1,,https://course.ntu.edu.tw/courses/114-2/36553
大四專題討論二,彭之皓,47678,Chem4008,20349140,選修,,,,1 類,,1,,https://course.ntu.edu.tw/courses/114-2/47678
大四專題討論二,陳玉如,54051,Chem4008,20349140,選修,,,,1 類,,1,,https://course.ntu.edu.tw/courses/114-2/54051
大四專題討論二,許良彥,55506,Chem4008,20349140,選修,,,,1 類,,1,,https://course.ntu.edu.tw/courses/114-2/55506
大四專題研究二,劉如熹,56533,Chem4010,20349240,選修,,,,1 類,,3,,https://course.ntu.edu.tw/courses/114-2/56533
大四專題研究二,羅禮強,48175,Chem4010,20349240,選修,,,,1 類,,3,,https://course.ntu.edu.tw/courses/114-2/48175
大四專題研究二,汪根欉,20523,Chem4010,20349240,選修,,,,1 類,,3,,https://course.ntu.edu.tw/courses/114-2/20523
大四專題研究二,陳振中,11166,Chem4010,20349240,選修,,,,1 類,,3,,https://course.ntu.edu.tw/courses/114-2/11166
大四專題研究二,朱忠瀚,45177,Chem4010,20349240,選修,,,,1 類,,3,,https://course.ntu.edu.tw/courses/114-2/45177
大四專題研究二,姜昌明,28089,Chem4010,20349240,選修,,,,1 類,,3,,https://course.ntu.edu.tw/courses/114-2/28089
大四專題研究二,陳玉如,16938,Chem4010,20349240,選修,,,,1 類,,3,,https://course.ntu.edu.tw/courses/114-2/16938
學士論文,李弘文,37442,Chem4012,20340200,選修,,,,2 類,,1,,https://course.ntu.edu.tw/courses/114-2/37442
同步輻射相關研究,莊裕鈞,58061,Chem5022,223U0770,選修,,"三 6,7",化210室,2 類,,2,,https://course.ntu.edu.tw/courses/114-2/58061
國際化學研習一,廖尉斯,37461,Chem5082,223U9010,選修,,,,2 類,,1,,https://course.ntu.edu.tw/courses/114-2/37461
高分子化學概論,彭之皓,40418,Chem5097,223U0930,選修,,"四 6,7,8",化210室,2 類,,3,,https://course.ntu.edu.tw/courses/114-2/40418
永續化學科技導論二 (國際學程),陳玉如,45796,Chem5098,223U9280,選修,,"三 2,3,4",,1 類,,3,,https://course.ntu.edu.tw/courses/114-2/45796
天然物化學,朱忠瀚,13645,Chem5118,223U2780,選修,,"二 3,4",新304,2 類,,2,,https://course.ntu.edu.tw/courses/114-2/13645
高分子晶體學與自組裝,王建隆,20348,Chem5130,223U1470,選修,,"二 2,3,4",化121,2 類,,3,,https://course.ntu.edu.tw/courses/114-2/20348
分子與表面作用力,鄭修偉,43976,Chem5138,223U1550,選修,,"一 3,4",化121,2 類,,2,,https://course.ntu.edu.tw/courses/114-2/43976
程式計算與化學,鄭原忠,52930,Chem5139,223U1560,選修,,"三 8,9,10",化121,2 類,,1,,https://course.ntu.edu.tw/courses/114-2/52930
化學史中值得思考的科學,林志民,47064,Chem5142,223U1590,選修,,"三 8,9,10",化210室,2 類,,3,,https://course.ntu.edu.tw/courses/114-2/47064
專題研究,李弘文,45914,Chem7000,223M0020,必修,,,,1 類,,1,,https://course.ntu.edu.tw/courses/114-2/45914
專題研究,金必耀,16422,Chem7000,223M0020,必修,,,,1 類,,1,,https://course.ntu.edu.tw/courses/114-2/16422
專題研究,梁文傑,32861,Chem7000,223M0020,必修,,,,1 類,,1,,https://course.ntu.edu.tw/courses/114-2/32861
專題研究,劉如熹,54687,Chem7000,223M0020,必修,,,,1 類,,1,,https://course.ntu.edu.tw/courses/114-2/54687
專題研究,羅禮強,45155,Chem7000,223M0020,必修,,,,1 類,,1,,https://course.ntu.edu.tw/courses/114-2/45155
專題研究,陳昭岑,35549,Chem7000,223M0020,必修,,,,1 類,,1,,https://course.ntu.edu.tw/courses/114-2/35549
專題研究,汪根欉,41214,Chem7000,223M0020,必修,,,,1 類,,1,,https://course.ntu.edu.tw/courses/114-2/41214
專題研究,周必泰,18786,Chem7000,223M0020,必修,,,,1 類,,1,,https://course.ntu.edu.tw/courses/114-2/18786
專題研究,邱勝賢,32666,Chem7000,223M0020,必修,,,,1 類,,1,,https://course.ntu.edu.tw/courses/114-2/32666
專題研究,陳振中,54383,Chem7000,223M0020,必修,,,,1 類,,1,,https://course.ntu.edu.tw/courses/114-2/54383
專題研究,陸駿逸,50467,Chem7000,223M0020,必修,,,,1 類,,1,,https://course.ntu.edu.tw/courses/114-2/50467
專題研究,楊吉水,51861,Chem7000,223M0020,必修,,,,1 類,,1,,https://course.ntu.edu.tw/courses/114-2/51861
專題研究,陳俊顯,10782,Chem7000,223M0020,必修,,,,1 類,,1,,https://course.ntu.edu.tw/courses/114-2/10782
專題研究,陳  平,32769,Chem7000,223M0020,必修,,,,1 類,,1,,https://course.ntu.edu.tw/courses/114-2/32769
專題研究,鄭原忠,42939,Chem7000,223M0020,必修,,,,1 類,,1,,https://course.ntu.edu.tw/courses/114-2/42939
專題研究,王宗興,27666,Chem7000,223M0020,必修,,,,1 類,,1,,https://course.ntu.edu.tw/courses/114-2/27666
專題研究,廖尉斯,27832,Chem7000,223M0020,必修,,,,1 類,,1,,https://course.ntu.edu.tw/courses/114-2/27832
專題研究,陳浩銘,51226,Chem7000,223M0020,必修,,,,1 類,,1,,https://course.ntu.edu.tw/courses/114-2/51226
專題研究,江建文,19346,Chem7000,223M0020,必修,,,,1 類,,1,,https://course.ntu.edu.tw/courses/114-2/19346
專題研究,徐丞志,45819,Chem7000,223M0020,必修,,,,1 類,,1,,https://course.ntu.edu.tw/courses/114-2/45819
專題研究,朱忠瀚,41849,Chem7000,223M0020,必修,,,,1 類,,1,,https://course.ntu.edu.tw/courses/114-2/41849
專題研究,柳玗珍,22549,Chem7000,223M0020,必修,,,,1 類,,1,,https://course.ntu.edu.tw/courses/114-2/22549
專題研究,姜昌明,59658,Chem7000,223M0020,必修,,,,1 類,,1,,https://course.ntu.edu.tw/courses/114-2/59658
專題研究,方頡睿,36493,Chem7000,223M0020,必修,,,,1 類,,1,,https://course.ntu.edu.tw/courses/114-2/36493
專題研究,彭之皓,36631,Chem7000,223M0020,必修,,,,1 類,,1,,https://course.ntu.edu.tw/courses/114-2/36631
專題研究,馬左仲,40079,Chem7000,223M0020,必修,,,,1 類,,1,,https://course.ntu.edu.tw/courses/114-2/40079
專題研究,王建隆,55728,Chem7000,223M0020,必修,,,,1 類,,1,,https://course.ntu.edu.tw/courses/114-2/55728
專題研究,林志民,27986,Chem7000,223M0020,必修,,,,1 類,,1,,https://course.ntu.edu.tw/courses/114-2/27986
專題研究,陳玉如,49010,Chem7000,223M0020,必修,,,,1 類,,1,,https://course.ntu.edu.tw/courses/114-2/49010
專題研究,許良彥,45203,Chem7000,223M0020,必修,,,,1 類,,1,,https://course.ntu.edu.tw/courses/114-2/45203
專題研究,吳恆良,57263,Chem7000,223M0020,必修,,,,1 類,,1,,https://course.ntu.edu.tw/courses/114-2/57263
專題研究,何佳安,11764,Chem7000,223M0020,必修,,,,1 類,,1,,https://course.ntu.edu.tw/courses/114-2/11764
專題研究,林俊宏,57148,Chem7000,223M0020,必修,,,,1 類,,1,,https://course.ntu.edu.tw/courses/114-2/57148
專題研究,李弘文,22274,Chem7000,223M0020,必修,,,,1 類,,1,,https://course.ntu.edu.tw/courses/114-2/22274
專題研究,羅禮強,47405,Chem7000,223M0020,必修,,,,1 類,,1,,https://course.ntu.edu.tw/courses/114-2/47405
專題研究,陳昭岑,13964,Chem7000,223M0020,必修,,,,1 類,,1,,https://course.ntu.edu.tw/courses/114-2/13964
專題研究,周必泰,27511,Chem7000,223M0020,必修,,,,1 類,,1,,https://course.ntu.edu.tw/courses/114-2/27511
專題研究,邱勝賢,27625,Chem7000,223M0020,必修,,,,1 類,,1,,https://course.ntu.edu.tw/courses/114-2/27625
專題研究,陳振中,57850,Chem7000,223M0020,必修,,,,1 類,,1,,https://course.ntu.edu.tw/courses/114-2/57850
專題研究,陳  平,49716,Chem7000,223M0020,必修,,,,1 類,,1,,https://course.ntu.edu.tw/courses/114-2/49716
專題研究,詹益慈,32236,Chem7000,223M0020,必修,,,,1 類,,1,,https://course.ntu.edu.tw/courses/114-2/32236
專題研究,王宗興,33962,Chem7000,223M0020,必修,,,,1 類,,1,,https://course.ntu.edu.tw/courses/114-2/33962
專題研究,廖尉斯,19169,Chem7000,223M0020,必修,,,,1 類,,1,,https://course.ntu.edu.tw/courses/114-2/19169
專題研究,陳玉如,31254,Chem7000,223M0020,必修,,,,1 類,,1,,https://course.ntu.edu.tw/courses/114-2/31254
專題研究,吳恆良,15584,Chem7000,223M0020,必修,,,,1 類,,1,,https://course.ntu.edu.tw/courses/114-2/15584
專題研究,何佳安,52820,Chem7000,223M0020,必修,,,,1 類,,1,,https://course.ntu.edu.tw/courses/114-2/52820
專題研究,林俊宏,18846,Chem7000,223M0020,必修,,,,1 類,,1,,https://course.ntu.edu.tw/courses/114-2/18846
專題研究,翁啟惠,95017,Chem7000,223M0020,必修,,,,2 類,,1,,https://course.ntu.edu.tw/courses/114-2/95017
當代化學導讀,李弘文,25034,Chem7002,223M0090,必修,,"六 3,4",,1 類,,1,,https://course.ntu.edu.tw/courses/114-2/25034
當代化學導讀,金必耀,50330,Chem7002,223M0090,必修,,"五 8,9",,1 類,,1,,https://course.ntu.edu.tw/courses/114-2/50330
當代化學導讀,梁文傑,11796,Chem7002,223M0090,必修,,"五 8,9",,1 類,,1,,https://course.ntu.edu.tw/courses/114-2/11796
當代化學導讀,劉如熹,34758,Chem7002,223M0090,必修,,"五 8,9",,1 類,,1,,https://course.ntu.edu.tw/courses/114-2/34758
當代化學導讀,羅禮強,39708,Chem7002,223M0090,必修,,"五 8,9",,1 類,,1,,https://course.ntu.edu.tw/courses/114-2/39708
當代化學導讀,陳昭岑,54425,Chem7002,223M0090,必修,,"五 8,9",,1 類,,1,,https://course.ntu.edu.tw/courses/114-2/54425
當代化學導讀,汪根欉,42374,Chem7002,223M0090,必修,,"四 8,9",,1 類,,1,,https://course.ntu.edu.tw/courses/114-2/42374
當代化學導讀,周必泰,16755,Chem7002,223M0090,必修,,"四 8,9",,1 類,,1,,https://course.ntu.edu.tw/courses/114-2/16755
當代化學導讀,邱勝賢,43379,Chem7002,223M0090,必修,,"五 8,9",,1 類,,1,,https://course.ntu.edu.tw/courses/114-2/43379
當代化學導讀,陳振中,47456,Chem7002,223M0090,必修,,"四 8,9",,1 類,,1,,https://course.ntu.edu.tw/courses/114-2/47456
當代化學導讀,陸駿逸,20747,Chem7002,223M0090,必修,,"四 8,9",,1 類,,1,,https://course.ntu.edu.tw/courses/114-2/20747
當代化學導讀,楊吉水,47315,Chem7002,223M0090,必修,,"四 8,9",,1 類,,1,,https://course.ntu.edu.tw/courses/114-2/47315
當代化學導讀,陳俊顯,21662,Chem7002,223M0090,必修,,"五 8,9",,1 類,,1,,https://course.ntu.edu.tw/courses/114-2/21662
當代化學導讀,陳  平,18473,Chem7002,223M0090,必修,,"五 8,9",,1 類,,1,,https://course.ntu.edu.tw/courses/114-2/18473
當代化學導讀,鄭原忠,46157,Chem7002,223M0090,必修,,"四 8,9",,1 類,,1,,https://course.ntu.edu.tw/courses/114-2/46157
當代化學導讀,邱靜雯,10837,Chem7002,223M0090,必修,,"五 8,9",,1 類,,1,,https://course.ntu.edu.tw/courses/114-2/10837
當代化學導讀,詹益慈,37823,Chem7002,223M0090,必修,,"四 8,9",,1 類,,1,,https://course.ntu.edu.tw/courses/114-2/37823
當代化學導讀,王宗興,44418,Chem7002,223M0090,必修,,"六 3,4",,1 類,,1,,https://course.ntu.edu.tw/courses/114-2/44418
當代化學導讀,廖尉斯,35782,Chem7002,223M0090,必修,,"四 8,9",,1 類,,1,,https://course.ntu.edu.tw/courses/114-2/35782
當代化學導讀,陳浩銘,46647,Chem7002,223M0090,必修,,"五 A,B",,1 類,,1,,https://course.ntu.edu.tw/courses/114-2/46647
當代化學導讀,江建文,14577,Chem7002,223M0090,必修,,"五 8,9",,1 類,,1,,https://course.ntu.edu.tw/courses/114-2/14577
當代化學導讀,姜昌明,24906,Chem7002,223M0090,必修,,"四 8,9",,1 類,,1,,https://course.ntu.edu.tw/courses/114-2/24906
當代化學導讀,方頡睿,35494,Chem7002,223M0090,必修,,"五 8,9",,1 類,,1,,https://course.ntu.edu.tw/courses/114-2/35494
當代化學導讀,彭之皓,35005,Chem7002,223M0090,必修,,"六 3,4",,1 類,,1,,https://course.ntu.edu.tw/courses/114-2/35005
當代化學導讀,馬左仲,33778,Chem7002,223M0090,必修,,"四 8,9",,1 類,,1,,https://course.ntu.edu.tw/courses/114-2/33778
當代化學導讀,王建隆,56540,Chem7002,223M0090,必修,,"四 8,9",,1 類,,1,,https://course.ntu.edu.tw/courses/114-2/56540
高等分析化學二,廖尉斯,30721,Chem7026,223M1140,必修,,"二 3,4 / 五 2",化217,2 類,,3,,https://course.ntu.edu.tw/courses/114-2/30721
高等有機化學一,柳玗珍,30744,Chem7027,223M1230,必修,,"一 3,4 / 五 3,4",化210室,2 類,,4,,https://course.ntu.edu.tw/courses/114-2/30744
高等無機化學二,陳浩銘,42928,Chem7030,223M1420,必修,,"二 6 / 四 3,4",化121,2 類,,3,,https://course.ntu.edu.tw/courses/114-2/42928
高等物理化學二,陳玉如,24938,Chem7032,223M1320,必修 / 選修,,"一 2 / 三 3,4",,2 類,,3,,https://course.ntu.edu.tw/courses/114-2/24938
高等化學生物學二,林俊宏,28122,Chem7036,223M1620,必修,,"五 2,3,4",化121,2 類,,3,,https://course.ntu.edu.tw/courses/114-2/28122
碩士班化學教學法與實習二,林至闓,52178,Chem7040,223M0330,必修,,,,2 類,,1,,https://course.ntu.edu.tw/courses/114-2/52178
碩士班化學教學法與實習二,江建文,43973,Chem7040,223M0330,必修,,,,2 類,,1,,https://course.ntu.edu.tw/courses/114-2/43973
碩士班化學教學法與實習二,王宗興,22344,Chem7040,223M0330,必修,,,,2 類,,1,,https://course.ntu.edu.tw/courses/114-2/22344
碩士班化學教學法與實習二,鄭修偉,22161,Chem7040,223M0330,必修,,,,2 類,,1,,https://course.ntu.edu.tw/courses/114-2/22161
碩士班化學教學法與實習二,姜昌明,15209,Chem7040,223M0330,必修,,,,2 類,,1,,https://course.ntu.edu.tw/courses/114-2/15209
碩士班化學教學法與實習二,陸駿逸,56917,Chem7040,223M0330,必修,,,,2 類,,1,,https://course.ntu.edu.tw/courses/114-2/56917
碩士班化學教學法與實習二,李弘文,31597,Chem7040,223M0330,必修,,,,2 類,,1,,https://course.ntu.edu.tw/courses/114-2/31597
碩士班化學教學法與實習二,王建隆,53268,Chem7040,223M0330,必修,,,,2 類,,1,,https://course.ntu.edu.tw/courses/114-2/53268
碩士班化學教學法與實習二,陳浩銘,18753,Chem7040,223M0330,必修,,,,2 類,,1,,https://course.ntu.edu.tw/courses/114-2/18753
碩士班化學教學法與實習二,邱靜雯,33367,Chem7040,223M0330,必修,,,,2 類,,1,,https://course.ntu.edu.tw/courses/114-2/33367
碩士班化學教學法與實習二,江建文,45587,Chem7040,223M0330,必修,,,,2 類,,1,,https://course.ntu.edu.tw/courses/114-2/45587
碩士班化學教學法與實習二,楊吉水,45328,Chem7040,223M0330,必修,,,,2 類,,1,,https://course.ntu.edu.tw/courses/114-2/45328
碩士班化學教學法與實習二,朱忠瀚,27805,Chem7040,223M0330,必修,,,,2 類,,1,,https://course.ntu.edu.tw/courses/114-2/27805
進階化學論文寫作,姜昌明,11867,Chem7041,223M1710,選修,,"三 8,9,10",化217,2 類,,3,,https://course.ntu.edu.tw/courses/114-2/11867
碩士論文,李弘文,56595,Chem7999,223M0010,必修,,,,1 類,,0,,https://course.ntu.edu.tw/courses/114-2/56595
專題研究,金必耀,12440,Chem8000,223D0020,必修,,,,1 類,,1,,https://course.ntu.edu.tw/courses/114-2/12440
專題研究,梁文傑,48098,Chem8000,223D0020,必修,,,,1 類,,1,,https://course.ntu.edu.tw/courses/114-2/48098
專題研究,劉如熹,26199,Chem8000,223D0020,必修,,,,1 類,,1,,https://course.ntu.edu.tw/courses/114-2/26199
專題研究,周必泰,19849,Chem8000,223D0020,必修,,,,1 類,,1,,https://course.ntu.edu.tw/courses/114-2/19849
專題研究,邱勝賢,35957,Chem8000,223D0020,必修,,,,1 類,,1,,https://course.ntu.edu.tw/courses/114-2/35957
專題研究,陳振中,13091,Chem8000,223D0020,必修,,,,1 類,,1,,https://course.ntu.edu.tw/courses/114-2/13091
專題研究,楊吉水,37029,Chem8000,223D0020,必修,,,,1 類,,1,,https://course.ntu.edu.tw/courses/114-2/37029
專題研究,鄭原忠,58911,Chem8000,223D0020,必修,,,,1 類,,1,,https://course.ntu.edu.tw/courses/114-2/58911
專題研究,邱靜雯,49016,Chem8000,223D0020,必修,,,,1 類,,1,,https://course.ntu.edu.tw/courses/114-2/49016
專題研究,王宗興,49806,Chem8000,223D0020,必修,,,,1 類,,1,,https://course.ntu.edu.tw/courses/114-2/49806
專題研究,廖尉斯,45126,Chem8000,223D0020,必修,,,,1 類,,1,,https://course.ntu.edu.tw/courses/114-2/45126
專題研究,陳浩銘,37339,Chem8000,223D0020,必修,,,,1 類,,1,,https://course.ntu.edu.tw/courses/114-2/37339
專題研究,江建文,55001,Chem8000,223D0020,必修,,,,1 類,,1,,https://course.ntu.edu.tw/courses/114-2/55001
專題研究,徐丞志,50202,Chem8000,223D0020,必修,,,,1 類,,1,,https://course.ntu.edu.tw/courses/114-2/50202
專題研究,朱忠瀚,17218,Chem8000,223D0020,必修,,,,1 類,,1,,https://course.ntu.edu.tw/courses/114-2/17218
專題研究,鄭修偉,55770,Chem8000,223D0020,必修,,,,1 類,,1,,https://course.ntu.edu.tw/courses/114-2/55770
專題研究,方頡睿,54682,Chem8000,223D0020,必修,,,,1 類,,1,,https://course.ntu.edu.tw/courses/114-2/54682
專題研究,彭之皓,23017,Chem8000,223D0020,必修,,,,1 類,,1,,https://course.ntu.edu.tw/courses/114-2/23017
專題研究,馬左仲,40921,Chem8000,223D0020,必修,,,,1 類,,1,,https://course.ntu.edu.tw/courses/114-2/40921
專題研究,王建隆,55532,Chem8000,223D0020,必修,,,,1 類,,1,,https://course.ntu.edu.tw/courses/114-2/55532
專題研究,林志民,57602,Chem8000,223D0020,必修,,,,1 類,,1,,https://course.ntu.edu.tw/courses/114-2/57602
專題研究,陳玉如,43885,Chem8000,223D0020,必修,,,,1 類,,1,,https://course.ntu.edu.tw/courses/114-2/43885
專題研究,林俊宏,20179,Chem8000,223D0020,必修,,,,1 類,,1,,https://course.ntu.edu.tw/courses/114-2/20179
專題研究,廖尉斯,13762,Chem8000,223D0020,必修,,,,1 類,,1,,https://course.ntu.edu.tw/courses/114-2/13762
專題研究,朱忠瀚,25805,Chem8000,223D0020,必修,,,,1 類,,1,,https://course.ntu.edu.tw/courses/114-2/25805
專題研究,鄭修偉,43764,Chem8000,223D0020,必修,,,,1 類,,1,,https://course.ntu.edu.tw/courses/114-2/43764
專題研究,馬左仲,46249,Chem8000,223D0020,必修,,,,1 類,,1,,https://course.ntu.edu.tw/courses/114-2/46249
專題研究,林俊宏,10811,Chem8000,223D0020,必修,,,,1 類,,1,,https://course.ntu.edu.tw/courses/114-2/10811
專題研究,翁啟惠,95051,Chem8000,223D0020,必修,,,,2 類,,1,,https://course.ntu.edu.tw/courses/114-2/95051
當代化學研讀,李弘文,42678,Chem8002,223D0090,必修,,"六 3,4",,1 類,,1,,https://course.ntu.edu.tw/courses/114-2/42678
當代化學研讀,梁文傑,13860,Chem8002,223D0090,必修,,"五 8,9",,1 類,,1,,https://course.ntu.edu.tw/courses/114-2/13860
當代化學研讀,周必泰,23871,Chem8002,223D0090,必修,,"四 8,9",,1 類,,1,,https://course.ntu.edu.tw/courses/114-2/23871
當代化學研讀,邱勝賢,17689,Chem8002,223D0090,必修,,"五 8,9",,1 類,,1,,https://course.ntu.edu.tw/courses/114-2/17689
當代化學研讀,陳振中,43094,Chem8002,223D0090,必修,,"四 8,9",,1 類,,1,,https://course.ntu.edu.tw/courses/114-2/43094
當代化學研讀,楊吉水,27933,Chem8002,223D0090,必修,,"四 8,9",,1 類,,1,,https://course.ntu.edu.tw/courses/114-2/27933
當代化學研讀,鄭原忠,47725,Chem8002,223D0090,必修,,"四 8,9",,1 類,,1,,https://course.ntu.edu.tw/courses/114-2/47725
當代化學研讀,邱靜雯,50857,Chem8002,223D0090,必修,,"五 8,9",,1 類,,1,,https://course.ntu.edu.tw/courses/114-2/50857
當代化學研讀,廖尉斯,14950,Chem8002,223D0090,必修,,"四 8,9",,1 類,,1,,https://course.ntu.edu.tw/courses/114-2/14950
當代化學研讀,陳浩銘,29622,Chem8002,223D0090,必修,,"六 3,4",,1 類,,1,,https://course.ntu.edu.tw/courses/114-2/29622
當代化學研讀,江建文,40488,Chem8002,223D0090,必修,,"五 8,9",,1 類,,1,,https://course.ntu.edu.tw/courses/114-2/40488
當代化學研讀,朱忠瀚,55089,Chem8002,223D0090,必修,,"五 8,9",,1 類,,1,,https://course.ntu.edu.tw/courses/114-2/55089
當代化學研讀,鄭修偉,46443,Chem8002,223D0090,必修,,"四 8,9",,1 類,,1,,https://course.ntu.edu.tw/courses/114-2/46443
當代化學研讀,方頡睿,25189,Chem8002,223D0090,必修,,"五 8,9",,1 類,,1,,https://course.ntu.edu.tw/courses/114-2/25189
當代化學研讀,彭之皓,20154,Chem8002,223D0090,必修,,"六 3,4",,1 類,,1,,https://course.ntu.edu.tw/courses/114-2/20154
當代化學研讀,馬左仲,14898,Chem8002,223D0090,必修,,"四 8,9",,1 類,,1,,https://course.ntu.edu.tw/courses/114-2/14898
當代化學研讀,王建隆,39899,Chem8002,223D0090,必修,,"四 8,9",,1 類,,1,,https://course.ntu.edu.tw/courses/114-2/39899
高等分析化學專論二,廖尉斯,41257,Chem8026,223D1140,必修,,"二 3,4 / 五 2",,2 類,,3,,https://course.ntu.edu.tw/courses/114-2/41257
高等有機化學專論一,柳玗珍,33692,Chem8027,223D1230,必修,,"一 3,4 / 五 3,4",,2 類,,4,,https://course.ntu.edu.tw/courses/114-2/33692
高等無機化學專論二,陳浩銘,47663,Chem8030,223D1420,必修,,"二 6 / 四 3,4",,2 類,,3,,https://course.ntu.edu.tw/courses/114-2/47663
高等物理化學專論二,陳玉如,53908,Chem8032,223D1320,必修,,"一 2 / 三 3,4",,2 類,,3,,https://course.ntu.edu.tw/courses/114-2/53908
高等化學生物學專論二,林俊宏,22922,Chem8036,223D1620,必修 / 選修,,"五 2,3,4",,2 類,,3,,https://course.ntu.edu.tw/courses/114-2/22922
高等有機化學一-國際學程,陳玉如,43422,Chem8041,223D9110,選修,,"二 2,3,4",,1 類,,3,,https://course.ntu.edu.tw/courses/114-2/43422
高等分析化學一-國際學程,陳玉如,34330,Chem8045,223D9150,選修,,"四 2,3,4",,1 類,,3,,https://course.ntu.edu.tw/courses/114-2/34330
專題研究(國際學程),陳玉如,28963,Chem8048,223D9220,必修,,,,1 類,,1,,https://course.ntu.edu.tw/courses/114-2/28963
博士班化學教學法與實習二,周必泰,54823,Chem8054,223D0330,必修,,,,2 類,,1,,https://course.ntu.edu.tw/courses/114-2/54823
博士班化學教學法與實習二,金必耀,44215,Chem8054,223D0330,必修,,,,2 類,,1,,https://course.ntu.edu.tw/courses/114-2/44215
博士班化學教學法與實習二,王建隆,53915,Chem8054,223D0330,必修,,,,2 類,,1,,https://course.ntu.edu.tw/courses/114-2/53915
博士班化學教學法與實習二,邱靜雯,39397,Chem8054,223D0330,必修,,,,2 類,,1,,https://course.ntu.edu.tw/courses/114-2/39397
博士論文,李弘文,47235,Chem8999,223D0010,必修,,,,1 類,,0,,https://course.ntu.edu.tw/courses/114-2/47235
服務學習甲,廖英志,42281,ChemE0006,504001G0,必帶,,,,2 類,,1,,https://course.ntu.edu.tw/courses/114-2/42281
服務學習甲,林立強,31613,ChemE0006,504001G0,必帶,,,,2 類,,1,,https://course.ntu.edu.tw/courses/114-2/31613
服務學習甲,余柏毅,10720,ChemE0006,504001G0,必帶,,,,2 類,,1,,https://course.ntu.edu.tw/courses/114-2/10720
服務學習乙,趙  玲,57534,ChemE0007,504001H0,必帶,,,,2 類,,1,,https://course.ntu.edu.tw/courses/114-2/57534
服務學習乙,崔宏瑋,50875,ChemE0007,504001H0,必帶,,,,2 類,,1,,https://course.ntu.edu.tw/courses/114-2/50875
服務學習乙,杜育銘,13574,ChemE0007,504001H0,必帶,,,,2 類,,1,,https://course.ntu.edu.tw/courses/114-2/13574
服務學習乙,謝學真,52711,ChemE0007,504001H0,必帶,,,,2 類,,1,,https://course.ntu.edu.tw/courses/114-2/52711
質能平衡,陳誠亮,14317,ChemE1007,50410600,必修,,"二 6,7 / 四 6",普402,2 類,,3,,https://course.ntu.edu.tw/courses/114-2/14317
質能平衡,游文岳,41170,ChemE1007,50410600,必修,,"二 6,7 / 四 6",綜501,2 類,,3,,https://course.ntu.edu.tw/courses/114-2/41170
物理化學二,陳立仁,48927,ChemE2006,50426120,必修,,"一 3,4 / 四 2",綜301/綜604,2 類,,3,,https://course.ntu.edu.tw/courses/114-2/48927
物理化學二,游琇伃,59339,ChemE2006,50426120,必修,,"一 3,4 / 四 2",綜504,2 類,,3,,https://course.ntu.edu.tw/courses/114-2/59339
工程數學二,吳紀聖,25305,ChemE2008,50427120,必修,,"一 2 / 三 3,4",綜301,3 類,,3,,https://course.ntu.edu.tw/courses/114-2/25305
工程數學二,蔡偉博,27969,ChemE2008,50427120,必修,,"一 2 / 三 3,4",綜302,3 類,,3,,https://course.ntu.edu.tw/courses/114-2/27969
流體力學及操作,廖英志,25334,ChemE2010,50427140,必修,,"二 2 / 四 3,4",綜501,3 類,,3,,https://course.ntu.edu.tw/courses/114-2/25334
流體力學及操作,趙  玲,31625,ChemE2010,50427140,必修,,"二 2 / 四 3,4",綜504,3 類,,3,,https://course.ntu.edu.tw/courses/114-2/31625
化學工程實驗一,崔宏瑋,49601,ChemE3010,50432210,必帶,,"一 6,7,8,9",,2 類,,1,,https://course.ntu.edu.tw/courses/114-2/49601
化學工程實驗一,郭修伯,30276,ChemE3010,50432210,必帶,,"二 6,7,8,9",,2 類,,1,,https://course.ntu.edu.tw/courses/114-2/30276
化學工程實驗一,歐德理,17796,ChemE3010,50432210,必帶,,"三 6,7,8,9",,2 類,,1,,https://course.ntu.edu.tw/courses/114-2/17796
化學工程實驗一,陳賢燁,51214,ChemE3010,50432210,必帶,,"四 6,7,8,9",,2 類,,1,,https://course.ntu.edu.tw/courses/114-2/51214
分離程序,陳賢燁,33061,ChemE3018,50432150,必修,,"二 2 / 四 3,4",普406,3 類,,3,,https://course.ntu.edu.tw/courses/114-2/33061
分離程序,杜育銘,23725,ChemE3018,50432150,必修,,"二 2 / 四 3,4",綜604,3 類,,3,,https://course.ntu.edu.tw/courses/114-2/23725
科學文獻閱讀與報告技巧,康敦彥,15751,ChemE3021,50430700,選修,,"三 8,9",綜403,2 類,,2,,https://course.ntu.edu.tw/courses/114-2/15751
學士專題研究丙,吳乃立,15534,ChemE4002,504400C0,選修,,,,2 類,,1,,https://course.ntu.edu.tw/courses/114-2/15534
學士專題研究丙,呂宗昕,21105,ChemE4002,504400C0,選修,,,,2 類,,1,,https://course.ntu.edu.tw/courses/114-2/21105
學士專題研究丙,吳紀聖,48121,ChemE4002,504400C0,選修,,,,2 類,,1,,https://course.ntu.edu.tw/courses/114-2/48121
學士專題研究丙,諶玉真,49821,ChemE4002,504400C0,選修,,,,2 類,,1,,https://course.ntu.edu.tw/courses/114-2/49821
學士專題研究丙,王勝仕,23884,ChemE4002,504400C0,選修,,,,2 類,,1,,https://course.ntu.edu.tw/courses/114-2/23884
學士專題研究丙,謝之真,57207,ChemE4002,504400C0,選修,,,,2 類,,1,,https://course.ntu.edu.tw/courses/114-2/57207
學士專題研究丙,廖英志,34092,ChemE4002,504400C0,選修,,,,2 類,,1,,https://course.ntu.edu.tw/courses/114-2/34092
學士專題研究丙,游佳欣,32790,ChemE4002,504400C0,選修,,,,2 類,,1,,https://course.ntu.edu.tw/courses/114-2/32790
學士專題研究丙,趙  玲,56261,ChemE4002,504400C0,選修,,,,2 類,,1,,https://course.ntu.edu.tw/courses/114-2/56261
學士專題研究丙,闕居振,38145,ChemE4002,504400C0,選修,,,,2 類,,1,,https://course.ntu.edu.tw/courses/114-2/38145
學士專題研究丙,游文岳,16151,ChemE4002,504400C0,選修,,,,2 類,,1,,https://course.ntu.edu.tw/courses/114-2/16151
學士專題研究丙,李奕霈,44460,ChemE4002,504400C0,選修,,,,2 類,,1,,https://course.ntu.edu.tw/courses/114-2/44460
學士專題研究丙,郭修伯,46320,ChemE4002,504400C0,選修,,,,2 類,,1,,https://course.ntu.edu.tw/courses/114-2/46320
學士專題研究丙,陳嘉晉,58226,ChemE4002,504400C0,選修,,,,2 類,,1,,https://course.ntu.edu.tw/courses/114-2/58226
學士專題研究丙,林立強,57859,ChemE4002,504400C0,選修,,,,2 類,,1,,https://course.ntu.edu.tw/courses/114-2/57859
學士專題研究丙,余柏毅,56305,ChemE4002,504400C0,選修,,,,2 類,,1,,https://course.ntu.edu.tw/courses/114-2/56305
學士專題研究丙,崔宏瑋,38891,ChemE4002,504400C0,選修,,,,2 類,,1,,https://course.ntu.edu.tw/courses/114-2/38891
學士專題研究丙,歐德理,44252,ChemE4002,504400C0,選修,,,,2 類,,1,,https://course.ntu.edu.tw/courses/114-2/44252
學士專題研究丙,杜育銘,47043,ChemE4002,504400C0,選修,,,,2 類,,1,,https://course.ntu.edu.tw/courses/114-2/47043
化學反應工程,吳乃立,30679,ChemE4005,50442000,必修,,"一 2 / 三 3,4",普301/普302,3 類,,3,,https://course.ntu.edu.tw/courses/114-2/30679
化學反應工程,王勝仕,47825,ChemE4005,50442000,必修,,"一 2 / 三 3,4",綜403,3 類,,3,,https://course.ntu.edu.tw/courses/114-2/47825
化學反應工程,游佳欣,17360,ChemE4005,50442000,必修,,"一 2 / 三 3,4",綜503,2 類,,3,,https://course.ntu.edu.tw/courses/114-2/17360
程序控制,錢義隆,47176,ChemE4007,50443100,必修,,"四 8,9,10",綜402,3 類,,3,,https://course.ntu.edu.tw/courses/114-2/47176
化學工業程序,康敦彥,38459,ChemE4013,50449000,必修,,"五 3,4",信義講堂,2 類,,2,,https://course.ntu.edu.tw/courses/114-2/38459
化工程序設計,吳哲夫,45942,ChemE4014,50444200,必修,,"一 3,4",普101,2 類,,2,,https://course.ntu.edu.tw/courses/114-2/45942
學士專題研究甲,諶玉真,33082,ChemE4017,504410A0,選修,,,,2 類,,2,,https://course.ntu.edu.tw/courses/114-2/33082
學士專題研究甲,王勝仕,33083,ChemE4017,504410A0,選修,,,,2 類,,2,,https://course.ntu.edu.tw/courses/114-2/33083
學士專題研究甲,林祥泰,53410,ChemE4017,504410A0,選修,,,,2 類,,2,,https://course.ntu.edu.tw/courses/114-2/53410
學士專題研究甲,吳嘉文,22528,ChemE4017,504410A0,選修,,,,2 類,,2,,https://course.ntu.edu.tw/courses/114-2/22528
學士專題研究甲,游佳欣,52867,ChemE4017,504410A0,選修,,,,2 類,,2,,https://course.ntu.edu.tw/courses/114-2/52867
學士專題研究甲,趙  玲,56536,ChemE4017,504410A0,選修,,,,2 類,,2,,https://course.ntu.edu.tw/courses/114-2/56536
學士專題研究甲,闕居振,29150,ChemE4017,504410A0,選修,,,,2 類,,2,,https://course.ntu.edu.tw/courses/114-2/29150
學士專題研究甲,歐德理,11864,ChemE4017,504410A0,選修,,,,2 類,,2,,https://course.ntu.edu.tw/courses/114-2/11864
學士專題研究甲,杜育銘,32130,ChemE4017,504410A0,選修,,,,2 類,,2,,https://course.ntu.edu.tw/courses/114-2/32130
半導體製程概論,陳嘉晉,30537,ChemE5004,524U0280,選修,,"一 6,7,8",綜602,2 類,,3,,https://course.ntu.edu.tw/courses/114-2/30537
生物化學概論,蔡偉博,25932,ChemE5016,524U0850,選修,,"五 5,6,7",綜301,2 類,,3,,https://course.ntu.edu.tw/courses/114-2/25932
電化學工程,顏溪成,21263,ChemE5018,524U0920,選修,,"二 8,9,10",綜602,2 類,,3,,https://course.ntu.edu.tw/courses/114-2/21263
材料科學概論,呂宗昕,24628,ChemE5027,524U1200,選修,,"二 6,7,8",綜403,2 類,,3,,https://course.ntu.edu.tw/courses/114-2/24628
石化工業程序,張良志,29079,ChemE5034,524U2040,選修,,"二 6,7,8",綜603,2 類,,3,,https://course.ntu.edu.tw/courses/114-2/29079
化工原理與生物現象,謝之真,52155,ChemE5049,524U2150,選修,,"一 6,7,8",綜301,2 類,,3,,https://course.ntu.edu.tw/courses/114-2/52155
生化分離及生物程序工程,王勝仕,24027,ChemE5054,524U2190,選修,,"三 7,8,9",綜301,2 類,,3,,https://course.ntu.edu.tw/courses/114-2/24027
化工產品之開發與管理,陳松興,30196,ChemE5061,524U2230,選修,,"一 6,7,8",共101,2 類,,3,,https://course.ntu.edu.tw/courses/114-2/30196
物化特論-統計熱力學,游琇伃,44589,ChemE5066,524U1060,選修,,"四 6,7,8",綜503,2 類,,3,,https://course.ntu.edu.tw/courses/114-2/44589
高分子材料科學,鄒海雄,26433,ChemE5068,524U2270,選修,,"四 7,8,9",綜403,2 類,,3,,https://course.ntu.edu.tw/courses/114-2/26433
AI在化工的應用,李奕霈,31384,ChemE5072,524U2310,選修,,"五 6,7,8",,2 類,,3,,https://course.ntu.edu.tw/courses/114-2/31384
生物工程專題,趙  玲,46200,ChemE5075,524U2330,選修,,"四 6,7,8",綜302,2 類,,3,,https://course.ntu.edu.tw/courses/114-2/46200
專題討論,吳乃立,43552,ChemE7001,524M0030,必修,,"五 8,9,10",信義講堂,2 類,,1,,https://course.ntu.edu.tw/courses/114-2/43552
高等化工熱力學,康敦彥,53376,ChemE7003,524M1110,必修,,"二 3,4 / 四 3",楊斌彥廳,2 類,,3,,https://course.ntu.edu.tw/courses/114-2/53376
高等化工熱力學,闕居振,38384,ChemE7003,524M1110,必修,,"二 3,4 / 四 3",慶琅廳,2 類,,3,,https://course.ntu.edu.tw/courses/114-2/38384
高等熱質量傳遞,藍崇文,34585,ChemE7006,524M1200,必修,,"一 2 / 三 3,4",楊斌彥廳,2 類,,3,,https://course.ntu.edu.tw/courses/114-2/34585
高等熱質量傳遞,崔宏瑋,10983,ChemE7006,524M1200,必修,,"一 2 / 三 3,4",慶琅廳,2 類,,3,,https://course.ntu.edu.tw/courses/114-2/10983
高等程序控制,吳哲夫,48848,ChemE7011,524M1340,選修,,"二 6,7 / 四 7",聯電講堂,2 類,,3,,https://course.ntu.edu.tw/courses/114-2/48848
電腦輔助程序設計,錢義隆,18339,ChemE7012,524M1350,選修,,"一 8,9,10",聯電講堂,2 類,,3,,https://course.ntu.edu.tw/courses/114-2/18339
碩士專題研究二,吳乃立,30400,ChemE7025,524M6020,必修,,,,3 類,,1,,https://course.ntu.edu.tw/courses/114-2/30400
碩士專題研究二,陳誠亮,17389,ChemE7025,524M6020,必修,,,,3 類,,1,,https://course.ntu.edu.tw/courses/114-2/17389
碩士專題研究二,呂宗昕,38878,ChemE7025,524M6020,必修,,,,3 類,,1,,https://course.ntu.edu.tw/courses/114-2/38878
碩士專題研究二,藍崇文,44220,ChemE7025,524M6020,必修,,,,3 類,,1,,https://course.ntu.edu.tw/courses/114-2/44220
碩士專題研究二,陳文章,17826,ChemE7025,524M6020,必修,,,,3 類,,1,,https://course.ntu.edu.tw/courses/114-2/17826
碩士專題研究二,吳紀聖,36542,ChemE7025,524M6020,必修,,,,3 類,,1,,https://course.ntu.edu.tw/courses/114-2/36542
碩士專題研究二,戴子安,41536,ChemE7025,524M6020,必修,,,,3 類,,1,,https://course.ntu.edu.tw/courses/114-2/41536
碩士專題研究二,王勝仕,35521,ChemE7025,524M6020,必修,,,,3 類,,1,,https://course.ntu.edu.tw/courses/114-2/35521
碩士專題研究二,林祥泰,21719,ChemE7025,524M6020,必修,,,,3 類,,1,,https://course.ntu.edu.tw/courses/114-2/21719
碩士專題研究二,徐振哲,58438,ChemE7025,524M6020,必修,,,,3 類,,1,,https://course.ntu.edu.tw/courses/114-2/58438
碩士專題研究二,吳嘉文,47749,ChemE7025,524M6020,必修,,,,3 類,,1,,https://course.ntu.edu.tw/courses/114-2/47749
碩士專題研究二,吳哲夫,40678,ChemE7025,524M6020,必修,,,,3 類,,1,,https://course.ntu.edu.tw/courses/114-2/40678
碩士專題研究二,謝之真,46666,ChemE7025,524M6020,必修,,,,3 類,,1,,https://course.ntu.edu.tw/courses/114-2/46666
碩士專題研究二,廖英志,34425,ChemE7025,524M6020,必修,,,,3 類,,1,,https://course.ntu.edu.tw/courses/114-2/34425
碩士專題研究二,陳賢燁,24662,ChemE7025,524M6020,必修,,,,3 類,,1,,https://course.ntu.edu.tw/courses/114-2/24662
碩士專題研究二,游佳欣,51916,ChemE7025,524M6020,必修,,,,3 類,,1,,https://course.ntu.edu.tw/courses/114-2/51916
碩士專題研究二,趙  玲,43843,ChemE7025,524M6020,必修,,,,3 類,,1,,https://course.ntu.edu.tw/courses/114-2/43843
碩士專題研究二,康敦彥,31584,ChemE7025,524M6020,必修,,,,3 類,,1,,https://course.ntu.edu.tw/courses/114-2/31584
碩士專題研究二,游琇伃,47697,ChemE7025,524M6020,必修,,,,3 類,,1,,https://course.ntu.edu.tw/courses/114-2/47697
碩士專題研究二,闕居振,54868,ChemE7025,524M6020,必修,,,,3 類,,1,,https://course.ntu.edu.tw/courses/114-2/54868
碩士專題研究二,游文岳,46437,ChemE7025,524M6020,必修,,,,3 類,,1,,https://course.ntu.edu.tw/courses/114-2/46437
碩士專題研究二,李奕霈,33730,ChemE7025,524M6020,必修,,,,3 類,,1,,https://course.ntu.edu.tw/courses/114-2/33730
碩士專題研究二,郭修伯,31755,ChemE7025,524M6020,必修,,,,3 類,,1,,https://course.ntu.edu.tw/courses/114-2/31755
碩士專題研究二,陳嘉晉,20442,ChemE7025,524M6020,必修,,,,3 類,,1,,https://course.ntu.edu.tw/courses/114-2/20442
碩士專題研究二,林立強,25176,ChemE7025,524M6020,必修,,,,3 類,,1,,https://course.ntu.edu.tw/courses/114-2/25176
碩士專題研究二,謝依芸,29067,ChemE7025,524M6020,必修,,,,3 類,,1,,https://course.ntu.edu.tw/courses/114-2/29067
碩士專題研究二,吳台偉,59426,ChemE7025,524M6020,必修,,,,3 類,,1,,https://course.ntu.edu.tw/courses/114-2/59426
碩士專題研究二,余柏毅,10643,ChemE7025,524M6020,必修,,,,3 類,,1,,https://course.ntu.edu.tw/courses/114-2/10643
碩士專題研究二,崔宏瑋,51541,ChemE7025,524M6020,必修,,,,3 類,,1,,https://course.ntu.edu.tw/courses/114-2/51541
碩士專題研究二,歐德理,34176,ChemE7025,524M6020,必修,,,,3 類,,1,,https://course.ntu.edu.tw/courses/114-2/34176
碩士專題研究二,杜育銘,11097,ChemE7025,524M6020,必修,,,,3 類,,1,,https://course.ntu.edu.tw/courses/114-2/11097
碩士專題研究二,吳恆良,56798,ChemE7025,524M6020,必修,,,,3 類,,1,,https://course.ntu.edu.tw/courses/114-2/56798
碩士專題研究四,吳乃立,24971,ChemE7027,524M6040,必修,,,,3 類,,1,,https://course.ntu.edu.tw/courses/114-2/24971
碩士專題研究四,陳誠亮,12671,ChemE7027,524M6040,必修,,,,3 類,,1,,https://course.ntu.edu.tw/courses/114-2/12671
碩士專題研究四,藍崇文,54048,ChemE7027,524M6040,必修,,,,3 類,,1,,https://course.ntu.edu.tw/courses/114-2/54048
碩士專題研究四,陳文章,21498,ChemE7027,524M6040,必修,,,,3 類,,1,,https://course.ntu.edu.tw/courses/114-2/21498
碩士專題研究四,吳紀聖,44665,ChemE7027,524M6040,必修,,,,3 類,,1,,https://course.ntu.edu.tw/courses/114-2/44665
碩士專題研究四,王大銘,44722,ChemE7027,524M6040,必修,,,,3 類,,1,,https://course.ntu.edu.tw/courses/114-2/44722
碩士專題研究四,謝學真,23516,ChemE7027,524M6040,必修,,,,3 類,,1,,https://course.ntu.edu.tw/courses/114-2/23516
碩士專題研究四,諶玉真,23287,ChemE7027,524M6040,必修,,,,3 類,,1,,https://course.ntu.edu.tw/courses/114-2/23287
碩士專題研究四,蔡偉博,53081,ChemE7027,524M6040,必修,,,,3 類,,1,,https://course.ntu.edu.tw/courses/114-2/53081
碩士專題研究四,戴子安,13340,ChemE7027,524M6040,必修,,,,3 類,,1,,https://course.ntu.edu.tw/courses/114-2/13340
碩士專題研究四,林祥泰,56291,ChemE7027,524M6040,必修,,,,3 類,,1,,https://course.ntu.edu.tw/courses/114-2/56291
碩士專題研究四,徐振哲,41093,ChemE7027,524M6040,必修,,,,3 類,,1,,https://course.ntu.edu.tw/courses/114-2/41093
碩士專題研究四,吳嘉文,51790,ChemE7027,524M6040,必修,,,,3 類,,1,,https://course.ntu.edu.tw/courses/114-2/51790
碩士專題研究四,吳哲夫,29270,ChemE7027,524M6040,必修,,,,3 類,,1,,https://course.ntu.edu.tw/courses/114-2/29270
碩士專題研究四,謝之真,33735,ChemE7027,524M6040,必修,,,,3 類,,1,,https://course.ntu.edu.tw/courses/114-2/33735
碩士專題研究四,廖英志,20937,ChemE7027,524M6040,必修,,,,3 類,,1,,https://course.ntu.edu.tw/courses/114-2/20937
碩士專題研究四,陳賢燁,51357,ChemE7027,524M6040,必修,,,,3 類,,1,,https://course.ntu.edu.tw/courses/114-2/51357
碩士專題研究四,游佳欣,10215,ChemE7027,524M6040,必修,,,,3 類,,1,,https://course.ntu.edu.tw/courses/114-2/10215
碩士專題研究四,趙  玲,45189,ChemE7027,524M6040,必修,,,,3 類,,1,,https://course.ntu.edu.tw/courses/114-2/45189
碩士專題研究四,康敦彥,24357,ChemE7027,524M6040,必修,,,,3 類,,1,,https://course.ntu.edu.tw/courses/114-2/24357
碩士專題研究四,游琇伃,57449,ChemE7027,524M6040,必修,,,,3 類,,1,,https://course.ntu.edu.tw/courses/114-2/57449
碩士專題研究四,闕居振,49497,ChemE7027,524M6040,必修,,,,3 類,,1,,https://course.ntu.edu.tw/courses/114-2/49497
碩士專題研究四,游文岳,34303,ChemE7027,524M6040,必修,,,,3 類,,1,,https://course.ntu.edu.tw/courses/114-2/34303
碩士專題研究四,李奕霈,58589,ChemE7027,524M6040,必修,,,,3 類,,1,,https://course.ntu.edu.tw/courses/114-2/58589
碩士專題研究四,郭修伯,42832,ChemE7027,524M6040,必修,,,,3 類,,1,,https://course.ntu.edu.tw/courses/114-2/42832
碩士專題研究四,陳嘉晉,20035,ChemE7027,524M6040,必修,,,,3 類,,1,,https://course.ntu.edu.tw/courses/114-2/20035
碩士專題研究四,林立強,53569,ChemE7027,524M6040,必修,,,,3 類,,1,,https://course.ntu.edu.tw/courses/114-2/53569
碩士專題研究四,謝依芸,30026,ChemE7027,524M6040,必修,,,,3 類,,1,,https://course.ntu.edu.tw/courses/114-2/30026
碩士專題研究四,吳台偉,59281,ChemE7027,524M6040,必修,,,,3 類,,1,,https://course.ntu.edu.tw/courses/114-2/59281
碩士專題研究四,余柏毅,17396,ChemE7027,524M6040,必修,,,,3 類,,1,,https://course.ntu.edu.tw/courses/114-2/17396
碩士專題研究四,杜育銘,34793,ChemE7027,524M6040,必修,,,,3 類,,1,,https://course.ntu.edu.tw/courses/114-2/34793
高等物化特論,吳台偉,27489,ChemE7041,524M6180,選修,,"三 7,8,9",聯電講堂,2 類,,3,,https://course.ntu.edu.tw/courses/114-2/27489
碩士論文,,55230,ChemE7999,524M0010,必修,,,,1 類,,0,,https://course.ntu.edu.tw/courses/114-2/55230
博士專題研究,吳乃立,40544,ChemE8001,524D8000,必修,,,,3 類,,1,,https://course.ntu.edu.tw/courses/114-2/40544
博士專題研究,陳立仁,48931,ChemE8001,524D8000,必修,,,,3 類,,1,,https://course.ntu.edu.tw/courses/114-2/48931
博士專題研究,呂宗昕,33301,ChemE8001,524D8000,必修,,,,3 類,,1,,https://course.ntu.edu.tw/courses/114-2/33301
博士專題研究,藍崇文,46629,ChemE8001,524D8000,必修,,,,3 類,,1,,https://course.ntu.edu.tw/courses/114-2/46629
博士專題研究,陳文章,54965,ChemE8001,524D8000,必修,,,,3 類,,1,,https://course.ntu.edu.tw/courses/114-2/54965
博士專題研究,吳紀聖,35006,ChemE8001,524D8000,必修,,,,3 類,,1,,https://course.ntu.edu.tw/courses/114-2/35006
博士專題研究,王大銘,13560,ChemE8001,524D8000,必修,,,,3 類,,1,,https://course.ntu.edu.tw/courses/114-2/13560
博士專題研究,諶玉真,54085,ChemE8001,524D8000,必修,,,,3 類,,1,,https://course.ntu.edu.tw/courses/114-2/54085
博士專題研究,蔡偉博,10889,ChemE8001,524D8000,必修,,,,3 類,,1,,https://course.ntu.edu.tw/courses/114-2/10889
博士專題研究,戴子安,21018,ChemE8001,524D8000,必修,,,,3 類,,1,,https://course.ntu.edu.tw/courses/114-2/21018
博士專題研究,林祥泰,48434,ChemE8001,524D8000,必修,,,,3 類,,1,,https://course.ntu.edu.tw/courses/114-2/48434
博士專題研究,徐振哲,51046,ChemE8001,524D8000,必修,,,,3 類,,1,,https://course.ntu.edu.tw/courses/114-2/51046
博士專題研究,吳嘉文,56159,ChemE8001,524D8000,必修,,,,3 類,,1,,https://course.ntu.edu.tw/courses/114-2/56159
博士專題研究,吳哲夫,41693,ChemE8001,524D8000,必修,,,,3 類,,1,,https://course.ntu.edu.tw/courses/114-2/41693
博士專題研究,謝之真,20737,ChemE8001,524D8000,必修,,,,3 類,,1,,https://course.ntu.edu.tw/courses/114-2/20737
博士專題研究,廖英志,41983,ChemE8001,524D8000,必修,,,,3 類,,1,,https://course.ntu.edu.tw/courses/114-2/41983
博士專題研究,陳賢燁,56608,ChemE8001,524D8000,必修,,,,3 類,,1,,https://course.ntu.edu.tw/courses/114-2/56608
博士專題研究,游佳欣,50492,ChemE8001,524D8000,必修,,,,3 類,,1,,https://course.ntu.edu.tw/courses/114-2/50492
博士專題研究,趙  玲,14920,ChemE8001,524D8000,必修,,,,3 類,,1,,https://course.ntu.edu.tw/courses/114-2/14920
博士專題研究,康敦彥,59366,ChemE8001,524D8000,必修,,,,3 類,,1,,https://course.ntu.edu.tw/courses/114-2/59366
博士專題研究,游琇伃,37567,ChemE8001,524D8000,必修,,,,3 類,,1,,https://course.ntu.edu.tw/courses/114-2/37567
博士專題研究,闕居振,26881,ChemE8001,524D8000,必修,,,,3 類,,1,,https://course.ntu.edu.tw/courses/114-2/26881
博士專題研究,游文岳,33903,ChemE8001,524D8000,必修,,,,3 類,,1,,https://course.ntu.edu.tw/courses/114-2/33903
博士專題研究,李奕霈,34914,ChemE8001,524D8000,必修,,,,3 類,,1,,https://course.ntu.edu.tw/courses/114-2/34914
博士專題研究,吳台偉,46180,ChemE8001,524D8000,必修,,,,3 類,,1,,https://course.ntu.edu.tw/courses/114-2/46180
博士專題研究,余柏毅,42568,ChemE8001,524D8000,必修,,,,3 類,,1,,https://course.ntu.edu.tw/courses/114-2/42568
博士專題研究,歐德理,35982,ChemE8001,524D8000,必修,,,,3 類,,1,,https://course.ntu.edu.tw/courses/114-2/35982
博士專題研究,杜育銘,54694,ChemE8001,524D8000,必修,,,,3 類,,1,,https://course.ntu.edu.tw/courses/114-2/54694
博士論文,,50655,ChemE8999,524D0010,必修,,,,1 類,,0,,https://course.ntu.edu.tw/courses/114-2/50655
服務學習甲,蔡  瑜,59898,CHIN0006,101001G0,必修,,一 5,,2 類,,1,,https://course.ntu.edu.tw/courses/114-2/59898
服務學習甲,陳志信,23872,CHIN0006,101001G0,必修,,,,2 類,,1,,https://course.ntu.edu.tw/courses/114-2/23872
服務學習乙,黃奕珍,17563,CHIN0007,101001H0,選修,,,,2 類,,1,,https://course.ntu.edu.tw/courses/114-2/17563
服務學習乙,謝佩芬,53832,CHIN0007,101001H0,選修,,,,2 類,,1,,https://course.ntu.edu.tw/courses/114-2/53832
國學導讀下,史甄陶,40582,CHIN1004,10114102,必帶,,"一 3,4",普401,2 類,,2,,https://course.ntu.edu.tw/courses/114-2/40582
國學導讀下,羅聖堡,23325,CHIN1004,10114102,必帶,,"一 3,4",普301,2 類,,2,,https://course.ntu.edu.tw/courses/114-2/23325
文學概論下,陳昭瑛,11881,CHIN1006,10118102,必帶,,"五 6,7",普202,2 類,,2,,https://course.ntu.edu.tw/courses/114-2/11881
文學概論下,潘少瑜,10324,CHIN1006,10118102,必帶,,"五 6,7",普205,2 類,,2,,https://course.ntu.edu.tw/courses/114-2/10324
語言學概論甲下,巫雪如,48540,CHIN1008,101212A2,必帶 / 選修,,"三 3,4",普402,2 類,,2,,https://course.ntu.edu.tw/courses/114-2/48540
語言學概論甲下,巫雪如,52059,CHIN1008,101212A2,必帶 / 選修,,"四 3,4",普202,2 類,,2,,https://course.ntu.edu.tw/courses/114-2/52059
現代詩選下,劉正忠,57686,CHIN1014,10127702,必修,,"二 6,7",普303,3 類,,2,,https://course.ntu.edu.tw/courses/114-2/57686
音樂作品欣賞二,蔡世豪,14613,CHIN1050,10128320,,,"四 3,4",外教劇場,3 類,,2,,https://course.ntu.edu.tw/courses/114-2/14613
音樂作品欣賞二,蔡世豪,46117,CHIN1050,10128320,,,"四 6,7",外教劇場,3 類,,2,,https://course.ntu.edu.tw/courses/114-2/46117
中國歷史與文化下,楊芳燕,37147,CHIN1064,10114202,必帶,,"五 6,7",綜502,2 類,,2,,https://course.ntu.edu.tw/courses/114-2/37147
華語口語與表達,竺靜華,21828,CHIN1068,10119780,選修,,"一 6,7",共202,3 類,,2,,https://course.ntu.edu.tw/courses/114-2/21828
近現代文學史下,高嘉謙,11370,CHIN1072,10118702,必修,,"二 6,7",普501,2 類,,2,,https://course.ntu.edu.tw/courses/114-2/11370
大學國文：先秦兩漢文選下,丁  亮,01065,CHIN1084,10181012,必帶,,"一 7,8,9",文18,2 類,,3,,https://course.ntu.edu.tw/courses/114-2/01065
大學國文：先秦兩漢文選下,張素卿,01066,CHIN1084,10181012,必帶,,"一 7,8,9",文16,2 類,,3,,https://course.ntu.edu.tw/courses/114-2/01066
大學國文：文言文導讀下,簡凱廷,01067,CHIN1086,10181022,必帶,,"一 7,8,9",普505,2 類,,3,,https://course.ntu.edu.tw/courses/114-2/01067
人文科技的交響：新趨勢與新素養（二）,鄭毓瑜,33291,CHIN1100,10111240,,,"四 7,8,9",博雅301,2 類,,3,,https://course.ntu.edu.tw/courses/114-2/33291
中國經典與現代文明,梅家玲,54527,CHIN1103,10111260,,,"五 3,4,5",普404,3 類,,3,,https://course.ntu.edu.tw/courses/114-2/54527
佛教．禪與人生,羅鈴沛,49992,CHIN1107,10111280,,,"一 7,8,9",綜404,2 類,,3,,https://course.ntu.edu.tw/courses/114-2/49992
文字學乙下,林宏佳,10471,CHIN2002,101211B2,必帶,,"四 3,4",普306,2 類,,2,,https://course.ntu.edu.tw/courses/114-2/10471
文字學乙下,張宇衛,20161,CHIN2002,101211B2,必帶,,"三 3,4",普405,2 類,,2,,https://course.ntu.edu.tw/courses/114-2/20161
中國文學史下,黃奕珍,35134,CHIN2004,10125102,必帶,,"四 7,8,9",普302,2 類,,3,,https://course.ntu.edu.tw/courses/114-2/35134
中國文學史下,吳旻旻,53031,CHIN2004,10125102,必帶,,"四 7,8,9",普303,2 類,,3,,https://course.ntu.edu.tw/courses/114-2/53031
歷代文選及習作下,劉柏正,22429,CHIN2006,10126002,必帶,,"二 3,4",普306,2 類,,2,,https://course.ntu.edu.tw/courses/114-2/22429
歷代文選及習作下,陳志信,15248,CHIN2006,10126002,必帶,,"二 5,6",普306,2 類,,2,,https://course.ntu.edu.tw/courses/114-2/15248
詩選及習作甲下,李文鈺,54936,CHIN2008,101271A2,必帶,,"二 8,9",共305,2 類,,2,,https://course.ntu.edu.tw/courses/114-2/54936
詩選及習作甲下,歐麗娟,23150,CHIN2008,101271A2,必帶,,"二 8,9",普202,2 類,,2,,https://course.ntu.edu.tw/courses/114-2/23150
詞選及習作下,劉少雄,35701,CHIN2018,10137402,必修,,"二 8,9",普303,2 類,,2,,https://course.ntu.edu.tw/courses/114-2/35701
小說選下,康韻梅,38634,CHIN2020,10136202,必修,,"四 8,9",普203,2 類,,2,,https://course.ntu.edu.tw/courses/114-2/38634
戲曲選下,汪詩珮,55969,CHIN2022,101373B2,必修,,"五 6,7",普306,2 類,,2,,https://course.ntu.edu.tw/courses/114-2/55969
尚書甲下,曹美秀,19584,CHIN2026,101322A2,必修,,"二 3,4",共207,2 類,,2,,https://course.ntu.edu.tw/courses/114-2/19584
詩經甲下,林宏佳,32876,CHIN2028,101321A2,必修,,"四 8,9",普401,2 類,,2,,https://course.ntu.edu.tw/courses/114-2/32876
禮記甲下,黃啟書,28600,CHIN2030,101323A2,必修,,"二 1,2",普205,2 類,,2,,https://course.ntu.edu.tw/courses/114-2/28600
左傳乙下,李隆獻,30397,CHIN2032,101222B2,必修,,"三 8,9",文17,2 類,,2,,https://course.ntu.edu.tw/courses/114-2/30397
史記甲下,張素卿,54644,CHIN2036,101255A2,必修,,"二 3,4",普505,3 類,,2,,https://course.ntu.edu.tw/courses/114-2/54644
莊子甲下,徐聖心,50049,CHIN2038,101332A2,必修,,"二 3,4",普205,2 類,,2,,https://course.ntu.edu.tw/courses/114-2/50049
荀子甲下,陳昭瑛,34726,CHIN2040,101334A2,必修,,"五 8,9",普202,2 類,,2,,https://course.ntu.edu.tw/courses/114-2/34726
楚辭甲下,吳旻旻,23717,CHIN2042,101372A2,必修,,"五 3,4",普204,2 類,,2,,https://course.ntu.edu.tw/courses/114-2/23717
中國園林文學,曹淑娟,40470,CHIN2070,10118500,選修,,"一 7,8,9",普402,3 類,,3,,https://course.ntu.edu.tw/courses/114-2/40470
世說新語下,趙飛鵬,50818,CHIN2144,10136402,必修,,"二 6,7",普304,2 類,,2,,https://course.ntu.edu.tw/courses/114-2/50818
稼軒詞,劉少雄,49644,CHIN2151,101376A0,選修,,"三 3,4,5",普201,2 類,,3,,https://course.ntu.edu.tw/courses/114-2/49644
中國古代藏書史,趙飛鵬,57221,CHIN2180,10144200,選修,,"二 8,9",普304,2 類,,2,,https://course.ntu.edu.tw/courses/114-2/57221
國學概說下,狄君宏,49849,CHIN2226,10122702,必帶,,"三 3,4",普501,2 類,,2,,https://course.ntu.edu.tw/courses/114-2/49849
老子甲下,丁  亮,27802,CHIN2233,101331A2,必修,,"一 3,4",普403,3 類,,2,,https://course.ntu.edu.tw/courses/114-2/27802
中國文學史概說二,蔡祝青,47050,CHIN2238,10124920,必修,,"四 7,8,9",博雅206,2 類,,3,,https://course.ntu.edu.tw/courses/114-2/47050
臺灣社會與文化,高嘉謙,21667,CHIN2282,10122920,必帶 / 選修,,"一 3,4,5",普204,2 類,,3,,https://course.ntu.edu.tw/courses/114-2/21667
中國文學史下,葉叡宸,36830,CHIN2286,10125112,必帶,,"四 5,6",普403,2 類,,2,,https://course.ntu.edu.tw/courses/114-2/36830
聲韻學甲下,李存智,36387,CHIN3002,101311A2,必帶,,"一 3,4",普201,2 類,,2,,https://course.ntu.edu.tw/courses/114-2/36387
聲韻學甲下,徐芳敏,36978,CHIN3002,101311A2,必帶,,"一 3,4",文17,2 類,,2,,https://course.ntu.edu.tw/courses/114-2/36978
中國思想史下,蔡振豐,13980,CHIN3004,10141202,必帶,,"三 2,3,4",普403,2 類,,3,,https://course.ntu.edu.tw/courses/114-2/13980
中國思想史下,徐聖心,11717,CHIN3004,10141202,必帶,,"三 2,3,4",普303,2 類,,3,,https://course.ntu.edu.tw/courses/114-2/11717
中國文學史二下,劉柏正,31711,CHIN3010,10125222,必帶,,"四 6,7",普305,2 類,,2,,https://course.ntu.edu.tw/courses/114-2/31711
歷代詩選下,佘筠珺,28116,CHIN3016,10134002,必帶,,"二 3,4",普401,2 類,,2,,https://course.ntu.edu.tw/courses/114-2/28116
謝靈運詩,蔡  瑜,13204,CHIN3020,10135800,選修,,"一 7,8,9",普201,2 類,,3,,https://course.ntu.edu.tw/courses/114-2/13204
清儒名著選讀,曹美秀,29555,CHIN3022,10134600,選修,,"一 2,3,4",共304,2 類,,3,,https://course.ntu.edu.tw/courses/114-2/29555
玉臺新詠,沈凡玉,45269,CHIN3054,10139410,選修,,"二 8,9",普405,2 類,,2,,https://course.ntu.edu.tw/courses/114-2/45269
李杜詩選,佘筠珺,46957,CHIN3057,10137740,選修,,"二 8,9",普501,2 類,,2,,https://course.ntu.edu.tw/courses/114-2/46957
渡海文學選讀,梅家玲,54695,CHIN3069,10139710,選修,,"五 8,9",文17,2 類,,2,,https://course.ntu.edu.tw/courses/114-2/54695
清詩話選讀,曾守仁,30729,CHIN3070,10138610,選修,,"二 3,4,5",普303,2 類,,3,,https://course.ntu.edu.tw/courses/114-2/30729
訓詁學下,劉文清,18167,CHIN4002,10141102,必帶,,"二 6,7",普301,2 類,,2,,https://course.ntu.edu.tw/courses/114-2/18167
訓詁學下,張宇衛,37819,CHIN4002,10141102,必帶,,"四 3,4",普502,2 類,,2,,https://course.ntu.edu.tw/courses/114-2/37819
中國思想概說下,林永勝,10432,CHIN4020,10145602,必帶,,"一 3,4",共206,2 類,,2,,https://course.ntu.edu.tw/courses/114-2/10432
初級臺灣客語二,楊名龍,45869,CHIN4024,10142920,選修,,"一 6,7",普306,2 類,,2,,https://course.ntu.edu.tw/courses/114-2/45869
應用文及習作,黃啟書,33269,CHIN4027,10142000,選修,,"二 7,8,9",普503,2 類,,3,,https://course.ntu.edu.tw/courses/114-2/33269
蘇軾文,方  介,51311,CHIN4029,10142700,選修,,"五 7,8,9",文18,2 類,,3,,https://course.ntu.edu.tw/courses/114-2/51311
花間詞選,李文鈺,45166,CHIN4060,10148300,選修,,"四 8,9",共304,2 類,,2,,https://course.ntu.edu.tw/courses/114-2/45166
東亞儒學,陳威瑨,34214,CHIN4063,10140910,選修,,"五 3,4,5",普401,2 類,,3,,https://course.ntu.edu.tw/courses/114-2/34214
華語演講入門,林家妃,32652,CHIN4076,10142190,選修,,"三 3,4",普406,2 類,,2,,https://course.ntu.edu.tw/courses/114-2/32652
東坡詞,劉少雄,33466,CHIN4096,10142800,,,"二 3,4,5",普103,2 類,,3,,https://course.ntu.edu.tw/courses/114-2/33466
滿文一,莊吉發,16212,CHIN5007,10151510,選修,,"五 6,7",文19,2 類,,2,,https://course.ntu.edu.tw/courses/114-2/16212
滿文二,莊吉發,38063,CHIN5008,10151520,選修,,"五 8,9",文19,2 類,,2,,https://course.ntu.edu.tw/courses/114-2/38063
八思巴漢語文獻選讀,蕭素英,45878,CHIN5041,10151900,選修,,"二 3,4",共202,2 類,,2,,https://course.ntu.edu.tw/courses/114-2/45878
蒙文二,蕭素英,23025,CHIN5044,10151120,選修,,"二 6,7",共402,2 類,,2,,https://course.ntu.edu.tw/courses/114-2/23025
學術研究與寫作初階,陳志信,48061,CHIN5046,10151500,選修,,"五 3,4",新201,2 類,,2,,https://course.ntu.edu.tw/courses/114-2/48061
宋代學術思想專題甲,蔡振豐,52004,CHIN7216,121M26A0,選修,,"二 2,3,4",中文研討,2 類,,3,,https://course.ntu.edu.tw/courses/114-2/52004
專題研究二,梅家玲,40672,CHIN7322,121M0960,選修,,,,2 類,,1,,https://course.ntu.edu.tw/courses/114-2/40672
專題研究二,劉少雄,19242,CHIN7322,121M0960,選修,,,,2 類,,1,,https://course.ntu.edu.tw/courses/114-2/19242
專題研究二,陳昭瑛,47541,CHIN7322,121M0960,選修,,,,2 類,,1,,https://course.ntu.edu.tw/courses/114-2/47541
專題研究二,蔡  瑜,49464,CHIN7322,121M0960,選修,,,,2 類,,1,,https://course.ntu.edu.tw/courses/114-2/49464
專題研究二,黃奕珍,95126,CHIN7322,121M0960,選修,,,,2 類,,1,,https://course.ntu.edu.tw/courses/114-2/95126
專題研究二,康韻梅,33011,CHIN7322,121M0960,選修,,,,2 類,,1,,https://course.ntu.edu.tw/courses/114-2/33011
專題研究二,李存智,26419,CHIN7322,121M0960,選修,,,,2 類,,1,,https://course.ntu.edu.tw/courses/114-2/26419
專題研究二,徐聖心,40028,CHIN7322,121M0960,選修,,,,2 類,,1,,https://course.ntu.edu.tw/courses/114-2/40028
專題研究二,歐麗娟,18818,CHIN7322,121M0960,選修,,,,2 類,,1,,https://course.ntu.edu.tw/courses/114-2/18818
專題研究二,汪詩珮,16031,CHIN7322,121M0960,選修,,,,2 類,,1,,https://course.ntu.edu.tw/courses/114-2/16031
專題研究二,謝佩芬,28764,CHIN7322,121M0960,選修,,,,2 類,,1,,https://course.ntu.edu.tw/courses/114-2/28764
專題研究二,林宏佳,56664,CHIN7322,121M0960,選修,,,,2 類,,1,,https://course.ntu.edu.tw/courses/114-2/56664
專題研究二,劉正忠,23220,CHIN7322,121M0960,選修,,,,2 類,,1,,https://course.ntu.edu.tw/courses/114-2/23220
專題研究二,曹淑娟,13021,CHIN7322,121M0960,選修,,,,2 類,,1,,https://course.ntu.edu.tw/courses/114-2/13021
專題研究二,高嘉謙,57528,CHIN7322,121M0960,選修,,,,2 類,,1,,https://course.ntu.edu.tw/courses/114-2/57528
專題研究二,楊芳燕,23625,CHIN7322,121M0960,選修,,,,2 類,,1,,https://course.ntu.edu.tw/courses/114-2/23625
專題研究二,劉文清,35931,CHIN7322,121M0960,選修,,,,2 類,,1,,https://course.ntu.edu.tw/courses/114-2/35931
專題研究二,張宇衛,26249,CHIN7322,121M0960,選修,,,,2 類,,1,,https://course.ntu.edu.tw/courses/114-2/26249
自然詩學專題一,蔡  瑜,39293,CHIN7335,121M6080,選修,,"二 7,8,9",博雅311,2 類,,3,,https://course.ntu.edu.tw/courses/114-2/39293
尚書研究下,蔣秋華,20745,CHIN7376,121M3162,選修,,"三 8,9",文16,2 類,,2,,https://course.ntu.edu.tw/courses/114-2/20745
中國思想中的身體論研究,林永勝,51456,CHIN7424,121M0880,選修,,"五 2,3,4",博雅310,2 類,,3,,https://course.ntu.edu.tw/courses/114-2/51456
《春秋》三傳專題討論,張素卿,35554,CHIN7446,121M3450,選修,,"三 2,3,4",中文研討,2 類,,3,,https://course.ntu.edu.tw/courses/114-2/35554
古文字學專題討論,徐富昌,26822,CHIN7460,121M22A0,選修,,"二 7,8,9",中文研討,2 類,,3,,https://course.ntu.edu.tw/courses/114-2/26822
中國園林物質文化專題,曹淑娟,15138,CHIN7542,121M3230,選修,,"四 7,8,9",博雅311,2 類,,3,,https://course.ntu.edu.tw/courses/114-2/15138
宋代碑誌文專題,謝佩芬,27946,CHIN7543,121M1470,選修,,"二 5,6,7",文17,2 類,,3,,https://course.ntu.edu.tw/courses/114-2/27946
中國宗教文學專題研究,廖肇亨,23204,CHIN7546,121M1630,選修,,"二 2,3,4",文19,2 類,,3,,https://course.ntu.edu.tw/courses/114-2/23204
韓、柳以外唐代古文名家專題,何寄澎,52596,CHIN7547,121M0540,選修,,"五 3,4",中文研討,2 類,,2,,https://course.ntu.edu.tw/courses/114-2/52596
碩士論文,,49897,CHIN7999,121M0010,必修,,,,1 類,,0,,https://course.ntu.edu.tw/courses/114-2/49897
大學國文：文學鑑賞與寫作（二）,吳旻旻,01001,CHIN8013,10180210,必修,,"五 7,8,9",普204,2 類,,3,,https://course.ntu.edu.tw/courses/114-2/01001
大學國文：文學鑑賞與寫作（二）,康韻梅,01002,CHIN8013,10180210,必修,,"五 7,8,9",普301,2 類,,3,,https://course.ntu.edu.tw/courses/114-2/01002
大學國文：文學鑑賞與寫作（二）,李文鈺,01003,CHIN8013,10180210,必修,,"五 7,8,9",共402,2 類,,3,,https://course.ntu.edu.tw/courses/114-2/01003
大學國文：文學鑑賞與寫作（二）,陳雀倩,01004,CHIN8013,10180210,必修,,"五 7,8,9",普502,2 類,,3,,https://course.ntu.edu.tw/courses/114-2/01004
大學國文：文學鑑賞與寫作（二）,張宇衛,01005,CHIN8013,10180210,必修,,"五 7,8,9",普402,2 類,,3,,https://course.ntu.edu.tw/courses/114-2/01005
大學國文：文學鑑賞與寫作（二）,吳佩熏,01006,CHIN8013,10180210,必修,,"五 7,8,9",普303,2 類,,3,,https://course.ntu.edu.tw/courses/114-2/01006
大學國文：文學鑑賞與寫作（二）,蔡瑩瑩,01007,CHIN8013,10180210,必修,,"五 7,8,9",普404,2 類,,3,,https://course.ntu.edu.tw/courses/114-2/01007
大學國文：文學鑑賞與寫作（二）,陳建男,01008,CHIN8013,10180210,必修,,"一 7,8,9",新501,2 類,,3,,https://course.ntu.edu.tw/courses/114-2/01008
大學國文：文學鑑賞與寫作（二）,曾守仁,01009,CHIN8013,10180210,必修,,"一 7,8,9",普504,2 類,,3,,https://course.ntu.edu.tw/courses/114-2/01009
大學國文：文學鑑賞與寫作（二）,潘少瑜,01010,CHIN8013,10180210,必修,,"一 7,8,9",普302,2 類,,3,,https://course.ntu.edu.tw/courses/114-2/01010
大學國文：文學鑑賞與寫作（二）,陳昭瑛,01011,CHIN8013,10180210,必修,,"一 7,8,9",普301,2 類,,3,,https://course.ntu.edu.tw/courses/114-2/01011
大學國文：文學鑑賞與寫作（二）,李存智,01012,CHIN8013,10180210,必修,,"一 7,8,9",普205,2 類,,3,,https://course.ntu.edu.tw/courses/114-2/01012
大學國文：文學鑑賞與寫作（二）,劉柏正,01013,CHIN8013,10180210,必修,,"一 7,8,9",普303,2 類,,3,,https://course.ntu.edu.tw/courses/114-2/01013
大學國文：文學鑑賞與寫作（二）,蔡祝青,01014,CHIN8013,10180210,必修,,"一 7,8,9",普305,2 類,,3,,https://course.ntu.edu.tw/courses/114-2/01014
大學國文：文學鑑賞與寫作（二）,蔡佩含,01015,CHIN8013,10180210,必修,,"一 7,8,9",普406,2 類,,3,,https://course.ntu.edu.tw/courses/114-2/01015
大學國文：文學鑑賞與寫作（二）,歐麗娟,01016,CHIN8013,10180210,必修,,"四 7,8,9",普403,2 類,,3,,https://course.ntu.edu.tw/courses/114-2/01016
大學國文：文學鑑賞與寫作（二）,梁偉賢,01017,CHIN8013,10180210,必修,,"四 7,8,9",新402,2 類,,3,,https://course.ntu.edu.tw/courses/114-2/01017
大學國文：文學鑑賞與寫作（二）,汪詩珮,01018,CHIN8013,10180210,必修,,"四 7,8,9",普304,2 類,,3,,https://course.ntu.edu.tw/courses/114-2/01018
大學國文：文學鑑賞與寫作（二）,張麗麗,01019,CHIN8013,10180210,必修,,"四 7,8,9",普306,2 類,,3,,https://course.ntu.edu.tw/courses/114-2/01019
大學國文：文學鑑賞與寫作（二）,簡凱廷,01020,CHIN8013,10180210,必修,,"二 8,9,10",普403,2 類,,3,,https://course.ntu.edu.tw/courses/114-2/01020
大學國文：文學鑑賞與寫作（二）,賴佩暄,01021,CHIN8013,10180210,必修,,"二 8,9,10",普402,2 類,,3,,https://course.ntu.edu.tw/courses/114-2/01021
大學國文：文學鑑賞與寫作（二）,謝佩芬,01022,CHIN8013,10180210,必修,,"二 8,9,10",普204,2 類,,3,,https://course.ntu.edu.tw/courses/114-2/01022
大學國文：文學鑑賞與寫作（二）,楊芳燕,01023,CHIN8013,10180210,必修,,"一 3,4,5",普202,2 類,,3,,https://course.ntu.edu.tw/courses/114-2/01023
大學國文：文學鑑賞與寫作（二）,葉常泓,01024,CHIN8013,10180210,必修,,"一 3,4,5",共202,2 類,,3,,https://course.ntu.edu.tw/courses/114-2/01024
大學國文：文學鑑賞與寫作（二）,簡凱廷,01025,CHIN8013,10180210,必修,,"一 3,4,5",普302,2 類,,3,,https://course.ntu.edu.tw/courses/114-2/01025
大學國文：文學鑑賞與寫作（二）,沈凡玉,01028,CHIN8013,10180210,必修,,"二 3,4,5",普302,2 類,,3,,https://course.ntu.edu.tw/courses/114-2/01028
大學國文：文學鑑賞與寫作（二）,張斯翔,01029,CHIN8013,10180210,必修,,"三 7,8,9",普306,2 類,,3,,https://course.ntu.edu.tw/courses/114-2/01029
大學國文：文化思想與寫作（二）,黃奕珍,01030,CHIN8015,10180220,必修,,"五 7,8,9",普305,2 類,,3,,https://course.ntu.edu.tw/courses/114-2/01030
大學國文：文化思想與寫作（二）,侯潔之,01031,CHIN8015,10180220,必修,,"五 7,8,9",普302,2 類,,3,,https://course.ntu.edu.tw/courses/114-2/01031
大學國文：文化思想與寫作（二）,姜義泰,01032,CHIN8015,10180220,必修,,"五 7,8,9",新201,2 類,,3,,https://course.ntu.edu.tw/courses/114-2/01032
大學國文：文化思想與寫作（二）,曹美秀,01033,CHIN8015,10180220,必修,,"五 7,8,9",共403,2 類,,3,,https://course.ntu.edu.tw/courses/114-2/01033
大學國文：文化思想與寫作（二）,林家妃,01034,CHIN8015,10180220,必修,,"五 7,8,9",普403,2 類,,3,,https://course.ntu.edu.tw/courses/114-2/01034
大學國文：文化思想與寫作（二）,林永勝,01035,CHIN8015,10180220,必修,,"一 7,8,9",新402,2 類,,3,,https://course.ntu.edu.tw/courses/114-2/01035
大學國文：文化思想與寫作（二）,王士銓,01036,CHIN8015,10180220,必修,,"一 7,8,9",共102,2 類,,3,,https://course.ntu.edu.tw/courses/114-2/01036
大學國文：文化思想與寫作（二）,黃啟書,01037,CHIN8015,10180220,必修,,"一 7,8,9",普401,2 類,,3,,https://course.ntu.edu.tw/courses/114-2/01037
大學國文：文化思想與寫作（二）,方韻慈,01038,CHIN8015,10180220,必修,,"一 7,8,9",新403,2 類,,3,,https://course.ntu.edu.tw/courses/114-2/01038
大學國文：文化思想與寫作（二）,林家妃,01039,CHIN8015,10180220,必修,,"四 7,8,9",普501,2 類,,3,,https://course.ntu.edu.tw/courses/114-2/01039
大學國文：文化思想與寫作（二）,羅鈴沛,01040,CHIN8015,10180220,必修,,"四 7,8,9",共205,2 類,,3,,https://course.ntu.edu.tw/courses/114-2/01040
大學國文：文化思想與寫作（二）,巫雪如,01041,CHIN8015,10180220,必修,,"四 7,8,9",新403,2 類,,3,,https://course.ntu.edu.tw/courses/114-2/01041
大學國文：文化思想與寫作（二）,賴昶亘,01042,CHIN8015,10180220,必修,,"二 8,9,10",普205,2 類,,3,,https://course.ntu.edu.tw/courses/114-2/01042
大學國文：文化思想與寫作（二）,史甄陶,01043,CHIN8015,10180220,必修,,"二 3,4,5",普202,2 類,,3,,https://course.ntu.edu.tw/courses/114-2/01043
大學國文：閱讀與寫作（二）,沈芳如,01044,CHIN8017,10180230,必修,,"一 1,2 / 四 1,2",普204,2 類,,3,,https://course.ntu.edu.tw/courses/114-2/01044
大學國文：閱讀與寫作（二）,羅聖堡,01045,CHIN8017,10180230,必修,,"一 7,8,9",普404,2 類,,3,,https://course.ntu.edu.tw/courses/114-2/01045
大學國文：閱讀與寫作（二）,李馥名,01046,CHIN8017,10180230,必修,,"四 7,8,9",普402,2 類,,3,,https://course.ntu.edu.tw/courses/114-2/01046
大學國文：閱讀與寫作（二）,楊晉綺,01068,CHIN8017,10180230,必修,,"四 7,8,9",普404,2 類,,3,,https://course.ntu.edu.tw/courses/114-2/01068
大學國文：閱讀與寫作（二）,羅聖堡,01047,CHIN8017,10180230,必修,,"二 8,9,10",普406,2 類,,3,,https://course.ntu.edu.tw/courses/114-2/01047
大學國文：閱讀與寫作（二）,許育嘉,01048,CHIN8017,10180230,必修,,"二 3,4,5",普504,2 類,,3,,https://course.ntu.edu.tw/courses/114-2/01048
大學國文：閱讀與寫作（二）,魏千鈞,01049,CHIN8017,10180230,必修,,"三 7,8,9",普304,2 類,,3,,https://course.ntu.edu.tw/courses/114-2/01049
大學國文：閱讀與寫作（二）,林貝珊,01050,CHIN8017,10180230,必修,,"三 7,8,9",普504,2 類,,3,,https://course.ntu.edu.tw/courses/114-2/01050
大學國文：進階語文下,葉叡宸,01051,CHIN8019,10181112,必修,,"五 7,8,9",普505,3 類,,3,,https://course.ntu.edu.tw/courses/114-2/01051
大學國文：進階語文下,尹子玉,01052,CHIN8019,10181112,必修,,"五 7,8,9",普401,3 類,,3,,https://course.ntu.edu.tw/courses/114-2/01052
大學國文：進階語文下,蕭旭府,01053,CHIN8019,10181112,必修,,"一 1,2 / 四 1,2",新201,3 類,,3,,https://course.ntu.edu.tw/courses/114-2/01053
大學國文：進階語文下,黃  翔,01054,CHIN8019,10181112,必修,,"一 1,2 / 四 1,2",普503,3 類,,3,,https://course.ntu.edu.tw/courses/114-2/01054
大學國文：中階語文下,蘇仁和,01058,CHIN8021,10181122,必修,,"一 1,2 / 四 1,2",普306,3 類,,3,,https://course.ntu.edu.tw/courses/114-2/01058
大學國文：中階語文下,吳佳鴻,01059,CHIN8021,10181122,必修,,"一 7,8,9",共306,3 類,,3,,https://course.ntu.edu.tw/courses/114-2/01059
大學國文：中階語文下,狄君宏,01060,CHIN8021,10181122,必修,,"四 7,8,9",普405,3 類,,3,,https://course.ntu.edu.tw/courses/114-2/01060
大學國文：初階語文下,李天祥,01061,CHIN8023,10181132,必修,,"三 A,B,C",普201,2 類,,3,,https://course.ntu.edu.tw/courses/114-2/01061
大學國文：初階語文下,魏千鈞,01062,CHIN8023,10181132,必修,,"三 A,B,C",普203,2 類,,3,,https://course.ntu.edu.tw/courses/114-2/01062
大學國文：初階語文下,黃國華,01063,CHIN8023,10181132,必修,,"三 A,B,C",普301,2 類,,3,,https://course.ntu.edu.tw/courses/114-2/01063
大學國文：初階語文下,李松駿,01064,CHIN8023,10181132,必修,,"三 A,B,C",普306,2 類,,3,,https://course.ntu.edu.tw/courses/114-2/01064
博士論文,,51039,CHIN8999,121D0010,選修,,,,1 類,,0,,https://course.ntu.edu.tw/courses/114-2/51039
計算機程式,陳柏華,58281,CIE1008,50110800,必修,,"一 2,3,4,5",,2 類,,3,,https://course.ntu.edu.tw/courses/114-2/58281
計算機程式,汪立本,47327,CIE1008,50110800,必修,,"一 2,3,4,5",,2 類,,3,,https://course.ntu.edu.tw/courses/114-2/47327
計算機程式,陳俊杉,59648,CIE1008,50110800,必修,,"一 2,3,4,5",,2 類,,3,,https://course.ntu.edu.tw/courses/114-2/59648
土木工程基本實作,賴晉達,54402,CIE1011,50110710,必修,,"四 2,3,4",,2 類,,2,,https://course.ntu.edu.tw/courses/114-2/54402
土木工程基本實作,科  林,47647,CIE1011,50110710,必修,,"五 2,3,4",,2 類,,2,,https://course.ntu.edu.tw/courses/114-2/47647
土木工程基本實作,陶默德,54223,CIE1011,50110710,必修,,"五 7,8,9",,2 類,,2,,https://course.ntu.edu.tw/courses/114-2/54223
土木工程基本實作,陳彥向,55973,CIE1011,50110710,必修,,"四 2,3,4",,2 類,,2,,https://course.ntu.edu.tw/courses/114-2/55973
土木工程基本實作,陶默德,58793,CIE1011,50110710,必修,,"五 2,3,4",,2 類,,2,,https://course.ntu.edu.tw/courses/114-2/58793
土木工程基本實作,汪立本,39306,CIE1011,50110710,必修,,"五 7,8,9",,2 類,,2,,https://course.ntu.edu.tw/courses/114-2/39306
應用力學1,陶默德,95014,CIE1013,50111010,必修,,"一 8,9",共307,2 類,,2,,https://course.ntu.edu.tw/courses/114-2/95014
應用力學2,張家銘,50695,CIE1014,50111020,必修,,"一 7,8",新201,2 類,,2,,https://course.ntu.edu.tw/courses/114-2/50695
應用力學2,黃尹男,44864,CIE1014,50111020,必修,,"一 7,8",綜401,2 類,,2,,https://course.ntu.edu.tw/courses/114-2/44864
應用力學2,吳日騰,46253,CIE1014,50111020,必修,,"一 7,8",普405,2 類,,2,,https://course.ntu.edu.tw/courses/114-2/46253
工程數學2,陶默德,58203,CIE1016,50112020,必修,,"二 6,7",普502,2 類,,2,,https://course.ntu.edu.tw/courses/114-2/58203
工程數學2,張書瑋,37154,CIE1016,50112020,必修,,"二 6,7",新302,2 類,,2,,https://course.ntu.edu.tw/courses/114-2/37154
工程數學2,詹益齊,43593,CIE1016,50112020,必修,,"二 6,7",普302,2 類,,2,,https://course.ntu.edu.tw/courses/114-2/43593
材料力學,葛宇甯,95015,CIE2006,50121210,必修,,"二 3,4 / 四 3,4",綜201/綜203,2 類,,4,,https://course.ntu.edu.tw/courses/114-2/95015
流體力學,何昊哲,27669,CIE2009,50123000,必修,,"二 3,4,5",新203,2 類,,3,,https://course.ntu.edu.tw/courses/114-2/27669
流體力學,黃世勳,20119,CIE2009,50123000,必修,,"二 3,4,5",新402,2 類,,3,,https://course.ntu.edu.tw/courses/114-2/20119
工程材料學與土壤力學實驗,詹穎雯,22541,CIE2012,50123300,必修,,"四 7,8,9",,2 類,,1,,https://course.ntu.edu.tw/courses/114-2/22541
工程材料學與土壤力學實驗,黃郁惟,57361,CIE2012,50123300,必修,,"一 7,8,9",,2 類,,1,,https://course.ntu.edu.tw/courses/114-2/57361
工程材料學與土壤力學實驗,邱俊翔,54074,CIE2012,50123300,必修,,"二 7,8,9",,2 類,,1,,https://course.ntu.edu.tw/courses/114-2/54074
工程材料學與土壤力學實驗,葛宇甯,21125,CIE2012,50123300,必修,,"四 7,8,9",,2 類,,1,,https://course.ntu.edu.tw/courses/114-2/21125
工程材料學與土壤力學實驗,黃郁惟,56906,CIE2012,50123300,必修,,"一 2,3,4",,2 類,,1,,https://course.ntu.edu.tw/courses/114-2/56906
運輸系統,朱致遠,41171,CIE2014,50125020,選修,,"五 2,3,4",新103,2 類,,3,,https://course.ntu.edu.tw/courses/114-2/41171
工程材料學,胡瑋秀,32904,CIE2019,50127900,必修,,"三 3,4",新502,2 類,,2,,https://course.ntu.edu.tw/courses/114-2/32904
工程材料學,詹穎雯,38508,CIE2019,50127900,必修,,"三 3,4",新302,2 類,,2,,https://course.ntu.edu.tw/courses/114-2/38508
鋼筋混凝土學及設計二,黃世建,38582,CIE3006,50132220,選修,,"五 7,8,9",新405,2 類,,3,,https://course.ntu.edu.tw/courses/114-2/38582
結構學一,柯俊宇,58763,CIE3010,50132410,必修,,"二 2 / 四 3,4",土220,2 類,,3,,https://course.ntu.edu.tw/courses/114-2/58763
結構學一,周中哲,21417,CIE3010,50132410,必修,,"二 2 / 四 3,4",新501,2 類,,3,,https://course.ntu.edu.tw/courses/114-2/21417
結構學一,胡瑋秀,22960,CIE3010,50132410,必修,,"二 2 / 四 3,4",普404/普401,2 類,,3,,https://course.ntu.edu.tw/courses/114-2/22960
水利工程,何昊哲,25276,CIE3013,50133360,必修,,"四 3,4",普402,2 類,,2,,https://course.ntu.edu.tw/courses/114-2/25276
水利工程,施上粟,52626,CIE3013,50133360,必修,,"四 3,4",普305,2 類,,2,,https://course.ntu.edu.tw/courses/114-2/52626
水利工程,吳映昕,25744,CIE3013,50133360,必修,,"四 3,4",普505,2 類,,2,,https://course.ntu.edu.tw/courses/114-2/25744
建築導論,呂欽文,38766,CIE3021,50134250,,,"五 7,8,9",博雅103,3 類,,3,,https://course.ntu.edu.tw/courses/114-2/38766
工程經濟,謝依芸,23942,CIE3025,50135700,必修,,"三 7,8",普402,2 類,,2,,https://course.ntu.edu.tw/courses/114-2/23942
工程經濟,荷世平,21335,CIE3025,50135700,必修,,"三 7,8",普401,2 類,,2,,https://course.ntu.edu.tw/courses/114-2/21335
工程經濟,許聿廷,20449,CIE3025,50135700,必修,,"三 7,8",普404,2 類,,2,,https://course.ntu.edu.tw/courses/114-2/20449
土壤力學,葛宇甯,34920,CIE3026,50136000,必修,,"三 7,8,9 / 四 6",普502,2 類,,3,,https://course.ntu.edu.tw/courses/114-2/34920
土壤力學,黃郁惟,17538,CIE3026,50136000,必修,,"三 7,8,9 / 四 6",普503/土224,2 類,,3,,https://course.ntu.edu.tw/courses/114-2/17538
土壤力學,邱俊翔,42612,CIE3026,50136000,必修,,"三 7,8,9 / 四 6",新405,2 類,,3,,https://course.ntu.edu.tw/courses/114-2/42612
營建管理,林之謙,42172,CIE3030,50137800,必修,,"三 2,3,4",新304,2 類,,3,,https://course.ntu.edu.tw/courses/114-2/42172
營建管理,詹瀅潔,41695,CIE3030,50137800,必修,,"三 2,3,4",新202,2 類,,3,,https://course.ntu.edu.tw/courses/114-2/41695
營建管理,林偲妘,28533,CIE3030,50137800,必修,,"三 2,3,4",新201,2 類,,3,,https://course.ntu.edu.tw/courses/114-2/28533
工程地質與應用,翁孟嘉,57372,CIE3038,50139960,必修,,"二 7,8,9",土220,2 類,,3,,https://course.ntu.edu.tw/courses/114-2/57372
土木工程設計實務,游景雲,34366,CIE3048,50134130,必修,,"二 7,8,9",,2 類,,3,,https://course.ntu.edu.tw/courses/114-2/34366
土木工程實務與暑期實習,游景雲,57502,CIE3051,50137600,選修,,"二 2,3,4",土224,2 類,,3,,https://course.ntu.edu.tw/courses/114-2/57502
預力混凝土,歐昱辰,37439,CIE4003,50142100,選修,,"一 7,8,9",新302,2 類,,3,,https://course.ntu.edu.tw/courses/114-2/37439
結構耐震設計導論,吳東諭,56335,CIE4020,50149640,選修,,"三 7,8,9",土研402,2 類,,3,,https://course.ntu.edu.tw/courses/114-2/56335
木構造設計,冨田匡俊,33549,CIE4022,50149660,選修,,"三 A,B,C",土研407,2 類,,3,,https://course.ntu.edu.tw/courses/114-2/33549
土木工程專業實習,游景雲,33278,CIE4023,50147600,選修,,,,2 類,,6,,https://course.ntu.edu.tw/courses/114-2/33278
寰宇測繪,科  林,20573,CIE4025,50149670,,,"三 3,4",普301,2 類,,2,,https://course.ntu.edu.tw/courses/114-2/20573
學士論文下,吳東諭,35107,CIE4999,50149502,選修,,,,2 類,,2,,https://course.ntu.edu.tw/courses/114-2/35107
學士論文下,柯俊宇,38119,CIE4999,50149502,選修,,,,2 類,,2,,https://course.ntu.edu.tw/courses/114-2/38119
學士論文下,胡瑋秀,53061,CIE4999,50149502,選修,,,,2 類,,2,,https://course.ntu.edu.tw/courses/114-2/53061
學士論文下,張家銘,10357,CIE4999,50149502,選修,,,,2 類,,2,,https://course.ntu.edu.tw/courses/114-2/10357
學士論文下,黃尹男,26644,CIE4999,50149502,選修,,,,2 類,,2,,https://course.ntu.edu.tw/courses/114-2/26644
學士論文下,施上粟,48837,CIE4999,50149502,選修,,,,2 類,,2,,https://course.ntu.edu.tw/courses/114-2/48837
學士論文下,陳慈愔,24825,CIE4999,50149502,選修,,,,2 類,,2,,https://course.ntu.edu.tw/courses/114-2/24825
學士論文下,蔡宛珊,52070,CIE4999,50149502,選修,,,,2 類,,2,,https://course.ntu.edu.tw/courses/114-2/52070
學士論文下,許聿廷,42596,CIE4999,50149502,選修,,,,2 類,,2,,https://course.ntu.edu.tw/courses/114-2/42596
學士論文下,陳彥向,39418,CIE4999,50149502,選修,,,,2 類,,2,,https://course.ntu.edu.tw/courses/114-2/39418
學士論文下,陳柏華,30757,CIE4999,50149502,選修,,,,2 類,,2,,https://course.ntu.edu.tw/courses/114-2/30757
學士論文下,林之謙,41435,CIE4999,50149502,選修,,,,2 類,,2,,https://course.ntu.edu.tw/courses/114-2/41435
學士論文下,林偲妘,29415,CIE4999,50149502,選修,,,,2 類,,2,,https://course.ntu.edu.tw/courses/114-2/29415
學士論文下,曾惠斌,17899,CIE4999,50149502,選修,,,,2 類,,2,,https://course.ntu.edu.tw/courses/114-2/17899
學士論文下,詹瀅潔,55297,CIE4999,50149502,選修,,,,2 類,,2,,https://course.ntu.edu.tw/courses/114-2/55297
學士論文下,謝依芸,52528,CIE4999,50149502,選修,,,,2 類,,2,,https://course.ntu.edu.tw/courses/114-2/52528
大地工程之數值分析法,王泰典,20487,CIE5004,521U0070,選修,,"五 2,3,4",土224,2 類,,3,,https://course.ntu.edu.tw/courses/114-2/20487
中等流體力學,郭志禹,25255,CIE5010,521U0290,選修,,"三 2,3,4",新501,2 類,,3,,https://course.ntu.edu.tw/courses/114-2/25255
岩石力學,翁孟嘉,46062,CIE5034,521U3270,選修,,"二 2,3,4",土320,2 類,,3,,https://course.ntu.edu.tw/courses/114-2/46062
軌道工程,鍾志成,23839,CIE5058,521U3710,選修,,"四 2,3,4",新304,2 類,,3,,https://course.ntu.edu.tw/courses/114-2/23839
高速鐵路工程,賴勇成,95032,CIE5079,521U8810,選修,,"四 7,8,9",綜202,2 類,,3,,https://course.ntu.edu.tw/courses/114-2/95032
岩石邊坡工程,王泰典,59247,CIE5102,521U3860,選修,,"二 7,8,9",普401,2 類,,3,,https://course.ntu.edu.tw/courses/114-2/59247
旅行者行為分析,許聿廷,39613,CIE5104,521U8850,選修,,"二 2,3,4",新301,2 類,,3,,https://course.ntu.edu.tw/courses/114-2/39613
建築物理與永續設計,詹瀅潔,55316,CIE5116,521U9060,必修 / 選修,,"二 2,3,4",普502,2 類,,3,,https://course.ntu.edu.tw/courses/114-2/55316
水利工程實務,龔誠山,49164,CIE5126,521U8980,選修,,"一 2,3,4",土研405,2 類,,3,,https://course.ntu.edu.tw/courses/114-2/49164
水利災害案例與防治,張志新,22051,CIE5128,521U9180,選修,,"四 7,8,9",新401,2 類,,3,,https://course.ntu.edu.tw/courses/114-2/22051
施工學,林培元,58732,CIE5134,521U9240,選修,,"五 2,3,4",共105,2 類,,3,,https://course.ntu.edu.tw/courses/114-2/58732
深開挖設計與分析,謝旭昇,59800,CIE5136,521U9250,選修,,"四 2,3,4",土224,2 類,,3,,https://course.ntu.edu.tw/courses/114-2/59800
高科技廠房設施營建,林之謙,46501,CIE5139,521U3870,選修,,"四 A,B,C",土研402,2 類,,3,,https://course.ntu.edu.tw/courses/114-2/46501
科學計算與人工智慧平臺導論,張慰慈,57485,CIE5142,521U9290,選修,,"二 2,3,4",,2 類,,3,,https://course.ntu.edu.tw/courses/114-2/57485
遙測與空間資訊之分析與應用,蘇文瑞,57966,CIE5150,521U2680,選修,,"二 7,8,9",,2 類,,3,,https://course.ntu.edu.tw/courses/114-2/57966
深度學習應用於電腦視覺,吳日騰,17712,CIE5151,521U9310,選修,,"一 6 / 四 5,6",普405,2 類,,3,,https://course.ntu.edu.tw/courses/114-2/17712
巨量環境資料應用實務,汪立本,56437,CIE5158,521U9350,選修,,"四 7,8,9",博雅305,2 類,,1,,https://course.ntu.edu.tw/courses/114-2/56437
機器人的數學與實務,賴晉達,16259,CIE5159,521U9360,選修,,"一 2,3,4",土研407,2 類,,3,,https://course.ntu.edu.tw/courses/114-2/16259
工程敘事與專業表達,謝依芸,11696,CIE5160,521U9370,選修,,三 6,土320,2 類,,1,,https://course.ntu.edu.tw/courses/114-2/11696
水利工程專題討論,陳慈愔,20956,CIE7001,521M0040,必修,,"三 7,8,9",土220,1 類,,1,,https://course.ntu.edu.tw/courses/114-2/20956
運輸工程專題討論,許聿廷,10060,CIE7009,521M0320,必修,,"一 7,8,9",土220,1 類,,1,,https://course.ntu.edu.tw/courses/114-2/10060
塑性力學,劉立偉,51948,CIE7015,521M1160,選修,,"五 2,3,4",土研405,2 類,,3,,https://course.ntu.edu.tw/courses/114-2/51948
有限元素法,吳東諭,14201,CIE7017,521M1210,選修,,"三 2,3,4",土研402,2 類,,3,,https://course.ntu.edu.tw/courses/114-2/14201
地震工程學,黃震興,52823,CIE7027,521M1960,選修,,"五 7,8,9",土研402,2 類,,3,,https://course.ntu.edu.tw/courses/114-2/52823
大地地震工程,郭安妮,43046,CIE7030,521M2210,選修,,"四 7,8,9",土320,2 類,,3,,https://course.ntu.edu.tw/courses/114-2/43046
高等水文分析,陳慈愔,42485,CIE7033,521M2410,必修,,"四 7,8,9",綜501,2 類,,3,,https://course.ntu.edu.tw/courses/114-2/42485
營建財務,曾惠斌,36347,CIE7054,521M5900,選修,,"三 7,8,9",土研405,2 類,,3,,https://course.ntu.edu.tw/courses/114-2/36347
營建管理專題討論,林之謙,16114,CIE7059,521M5950,必修,,"三 A,B,C",土研402,2 類,,1,,https://course.ntu.edu.tw/courses/114-2/16114
交通安全設計與分析,陳彥向,38242,CIE7070,521M6180,選修,,"三 2,3,4",土220,2 類,,3,,https://course.ntu.edu.tw/courses/114-2/38242
結構力學專題討論,吳日騰,47921,CIE7071,521M6200,必修,,"四 7,8,9",土220,1 類,,1,,https://course.ntu.edu.tw/courses/114-2/47921
電腦輔助工程專題討論,吳日騰,57429,CIE7074,521M6230,必修,,"二 7,8,9",土研402,1 類,,1,,https://course.ntu.edu.tw/courses/114-2/57429
攝影測量特論,趙鍵哲,12305,CIE7092,521M6420,選修,,"一 2,3,4",土320,2 類,,3,,https://course.ntu.edu.tw/courses/114-2/12305
測量專題討論,趙鍵哲,15205,CIE7093,521M6430,必修,,"五 2,3,4",土220,1 類,,1,,https://course.ntu.edu.tw/courses/114-2/15205
土木工程專題討論,許聿廷,25162,CIE7111,521M6640,選修,,"二 5,6",土220,2 類,,1,,https://course.ntu.edu.tw/courses/114-2/25162
工程契約與規範,曾大仁,42998,CIE7113,521M7000,選修,,"六 3,4",土研402,3 類,,2,,https://course.ntu.edu.tw/courses/114-2/42998
工程統計在營建管理之應用,林國峰,45220,CIE7114,521M7010,選修,,"一 B,C",土320,2 類,,2,,https://course.ntu.edu.tw/courses/114-2/45220
工程與法律實務,曾惠斌,34763,CIE7120,521M7070,選修,,"六 6,7",土研401,2 類,,2,,https://course.ntu.edu.tw/courses/114-2/34763
鋼結構耐震設計,周中哲,28801,CIE7131,521M7180,選修,,"一 7,8,9",土研401,2 類,,3,,https://course.ntu.edu.tw/courses/114-2/28801
計量研究與應用,荷世平,49151,CIE7135,521M7230,選修,,"二 B,C",土研401,2 類,,2,,https://course.ntu.edu.tw/courses/114-2/49151
衛星大地測量學,韓仁毓,34874,CIE7140,521M7280,選修,,"三 2,3,4",土224,3 類,,3,,https://course.ntu.edu.tw/courses/114-2/34874
智慧型結構系統,張家銘,13045,CIE7143,521M7310,選修,,"二 7,8,9",土研401,2 類,,3,,https://course.ntu.edu.tw/courses/114-2/13045
衛星大地測量學特論,韓仁毓,32986,CIE7144,521M7320,選修,,"三 7,8,9",土320,2 類,,3,,https://course.ntu.edu.tw/courses/114-2/32986
營建業國際化與策略理論,荷世平,17479,CIE7163,521M7520,選修,,"四 6,7,8",土研401,2 類,,3,,https://course.ntu.edu.tw/courses/114-2/17479
地貌水力學,卡艾瑋,53582,CIE7166,521M7550,選修,,"五 7,8,9",土研407,2 類,,3,,https://course.ntu.edu.tw/courses/114-2/53582
物業管理實務,黃世孟,27574,CIE7184,521M7660,選修,,"五 B,C",土研401,2 類,,2,,https://course.ntu.edu.tw/courses/114-2/27574
跨領域聯合專題討論,曾惠斌,25090,CIE7186,521M6590,必修,,"三 A,B,C",,2 類,,1,,https://course.ntu.edu.tw/courses/114-2/25090
序率泥砂運動學,蔡宛珊,11636,CIE7199,521M5230,選修,,"二 7,8,9",土研405,2 類,,3,,https://course.ntu.edu.tw/courses/114-2/11636
運輸工程特論,朱致遠,41540,CIE7204,521M5280,選修,,"三 7,8,9",土224,2 類,,3,,https://course.ntu.edu.tw/courses/114-2/41540
人工智慧工程應用專題討論,陳俊杉,59027,CIE7206,521M0330,選修,,"二 A,B,C",土研407,2 類,,1,,https://course.ntu.edu.tw/courses/114-2/59027
基礎設計與分析,邱俊翔,54262,CIE7208,521M3700,選修,,"一 2,3,4",土224,2 類,,3,,https://course.ntu.edu.tw/courses/114-2/54262
工程科學研究方法,汪立本,25503,CIE7214,521M1080,選修,,"四 3,4,5",土320,2 類,,3,,https://course.ntu.edu.tw/courses/114-2/25503
鋼筋混凝土構材之剪力分析與設計,黃世建,38483,CIE7215,521M1090,選修,,"二 2,3,4",土研402,2 類,,3,,https://course.ntu.edu.tw/courses/114-2/38483
大地工程案例分析,楊國鑫,21624,CIE7217,521M8010,選修,,"六 3,4",土320,2 類,,2,,https://course.ntu.edu.tw/courses/114-2/21624
水砂災害防減災實務,游景雲,57551,CIE7221,521M8050,選修,,"二 A,B",土研402,2 類,,2,,https://course.ntu.edu.tw/courses/114-2/57551
前瞻結構工程技術,張家銘,55491,CIE7223,521M8070,選修,,"四 A,B",土研405,2 類,,2,,https://course.ntu.edu.tw/courses/114-2/55491
大地工程專題討論,卿建業,19265,CIE7231,521M0360,選修,,"五 7,8,9",土220,1 類,,1,,https://course.ntu.edu.tw/courses/114-2/19265
水利爭訟案件與相關法律制度,王文祿,48648,CIE7232,521M5350,選修,,"一 7,8,9",土研402,2 類,,3,,https://course.ntu.edu.tw/courses/114-2/48648
營建公司的經營管理,王明德,38952,CIE7233,521M6870,選修,,"四 B,C",土研401,2 類,,2,,https://course.ntu.edu.tw/courses/114-2/38952
碩士論文,,27429,CIE7999,521M0010,必修,,,,1 類,,0,,https://course.ntu.edu.tw/courses/114-2/27429
水力學特論,吳映昕,20188,CIE8008,521D2320,選修,,"二 7,8,9",土224,2 類,,3,,https://course.ntu.edu.tw/courses/114-2/20188
服務學習乙,廖淑貞,22468,CliLab0007,404001H0,必帶,,,,1 類,,1,,https://course.ntu.edu.tw/courses/114-2/22468
醫技導論,方偉宏,26818,CliLab1004,40410200,必帶,,"二 8,9",檢506教室,2 類,,2,,https://course.ntu.edu.tw/courses/114-2/26818
專題研究一,俞松良,24802,CliLab1006,40410300,選修,,,,2 類,,1,,https://course.ntu.edu.tw/courses/114-2/24802
專題研究二,俞松良,12273,CliLab1007,40410310,選修,,,,2 類,,1,,https://course.ntu.edu.tw/courses/114-2/12273
專題研究三,俞松良,17200,CliLab1008,40410320,選修,,,,2 類,,1,,https://course.ntu.edu.tw/courses/114-2/17200
專題研究四,俞松良,26750,CliLab1009,40410330,選修,,,,2 類,,1,,https://course.ntu.edu.tw/courses/114-2/26750
專題研究五,俞松良,27967,CliLab1010,40410340,選修,,,,2 類,,1,,https://course.ntu.edu.tw/courses/114-2/27967
專題研究六,俞松良,43704,CliLab1011,40410350,選修,,,,2 類,,1,,https://course.ntu.edu.tw/courses/114-2/43704
專題研究七,俞松良,14636,CliLab1012,40410360,選修,,,,2 類,,1,,https://course.ntu.edu.tw/courses/114-2/14636
醫學檢驗海外實習,林靜宜,95107,CliLab2008,40422070,選修,,,,2 類,,4,,https://course.ntu.edu.tw/courses/114-2/95107
臨床鏡檢學,楊雅倩,22822,CliLab3001,40431300,必帶,,一 6,第十講堂,1 類,,1,,https://course.ntu.edu.tw/courses/114-2/22822
臨床鏡檢學實驗,楊雅倩,44905,CliLab3002,40431400,必帶,,"一 7,8,9",,1 類,,1,,https://course.ntu.edu.tw/courses/114-2/44905
組織及病理切片技術實驗,黃佩欣,45799,CliLab3010,40438410,必帶,,"二 6,7,8",基醫303,1 類,,2,,https://course.ntu.edu.tw/courses/114-2/45799
血液學與臨床血液學下,陳政彰,22473,CliLab3014,40436362,必帶,,"三 6 / 五 3,4",第十講堂,1 類,,3,,https://course.ntu.edu.tw/courses/114-2/22473
血液學實驗下,陳政彰,59735,CliLab3016,40436432,必帶,,"三 7,8,9",第一實驗室,1 類,,1,,https://course.ntu.edu.tw/courses/114-2/59735
臨床細菌及黴菌學,吳師誠,11298,CliLab4012,40444710,必帶,,四 6 / 五 7,第十講堂,1 類,,2,,https://course.ntu.edu.tw/courses/114-2/11298
臨床血清免疫學,莊雅惠,30386,CliLab4021,40445300,必帶,,二 2,基醫508,1 類,,1,,https://course.ntu.edu.tw/courses/114-2/30386
血庫學,林亮音,59120,CliLab4027,40446600,必帶,,五 2,第十講堂,1 類,,1,,https://course.ntu.edu.tw/courses/114-2/59120
臨床病毒學,張淑媛,16708,CliLab4029,40447500,必帶 / 選修,,二 3,基醫508,1 類,,1,,https://course.ntu.edu.tw/courses/114-2/16708
醫學檢驗小班教學,方偉宏,44759,CliLab4040,40440200,選修,,"四 6,7",,2 類,,2,,https://course.ntu.edu.tw/courses/114-2/44759
臨床微生物檢驗及生物技術實驗,吳師誠,51638,CliLab4041,40444940,必帶,,"四 7,8,9 / 五 8,9",第一實驗室,1 類,,2,,https://course.ntu.edu.tw/courses/114-2/51638
細胞生物學,陳政彰,32258,CliLab5008,424U2100,必修 / 選修,,"二 6,7",第十講堂,3 類,,2,,https://course.ntu.edu.tw/courses/114-2/32258
醫學分子檢驗學上,蘇剛毅,39879,CliLab5102,424U1131,必帶,,五 6,第十講堂,1 類,,1,,https://course.ntu.edu.tw/courses/114-2/39879
醫學分子檢驗學下,郭靜穎,31812,CliLab5103,424U1132,必帶,,五 2,基醫303,1 類,,1,,https://course.ntu.edu.tw/courses/114-2/31812
醫學實驗室實務與認證,蘇剛毅,47947,CliLab5112,424U5110,選修,,"五 8,9",基醫405,3 類,,2,,https://course.ntu.edu.tw/courses/114-2/47947
病毒學總論二,張淑媛,33426,CliLab5115,424U3130,選修,,"一 6,7,8",檢403,2 類,,2,,https://course.ntu.edu.tw/courses/114-2/33426
醫學檢驗跨科系小班教學,方偉宏,30410,CliLab5121,424U1140,選修,,"四 6,7",,2 類,,1,,https://course.ntu.edu.tw/courses/114-2/30410
免疫調控特論四,莊雅惠,16533,CliLab5142,424U6140,選修,,"一 2,3",檢403,2 類,,1,,https://course.ntu.edu.tw/courses/114-2/16533
新興病毒新知技術概論四,林靜宜,51034,CliLab5148,424U3190,選修,,"一 2,3",小班教室01,2 類,,1,,https://course.ntu.edu.tw/courses/114-2/51034
細菌致病因子表現之探討三,廖淑貞,38732,CliLab5151,424U6170,選修,,三 2,檢403,2 類,,1,,https://course.ntu.edu.tw/courses/114-2/38732
內溶小體離子通道特論二,陳政彰,50864,CliLab5153,424U6190,選修,,一 9,,2 類,,1,,https://course.ntu.edu.tw/courses/114-2/50864
果蠅遺傳學應用概論二,吳師誠,22284,CliLab5155,424U6210,選修,,三 7,檢403,2 類,,1,,https://course.ntu.edu.tw/courses/114-2/22284
專題討論,吳師誠,30416,CliLab7001,424M0020,必修,,"四 2,3,4",基醫508,1 類,,2,,https://course.ntu.edu.tw/courses/114-2/30416
生物晶片,俞松良,27528,CliLab7026,424M7000,選修,,"一 8,9",基醫503,1 類,,1,,https://course.ntu.edu.tw/courses/114-2/27528
實驗室教學實習,俞松良,36314,CliLab7027,424M5900,必修,,,,2 類,,1,,https://course.ntu.edu.tw/courses/114-2/36314
臨床細菌學特論,吳師誠,45149,CliLab7030,424M2110,選修,,"三 3,4",第十講堂,1 類,,1,,https://course.ntu.edu.tw/courses/114-2/45149
碩士論文,俞松良,42305,CliLab7999,424M0010,必修,,,,1 類,,0,,https://course.ntu.edu.tw/courses/114-2/42305
專題討論,陳政彰,14954,CliLab8001,424D1000,必修,,"二 2,3",第十講堂,1 類,,2,,https://course.ntu.edu.tw/courses/114-2/14954
血液凝固學特論六,林淑華,29516,CliLab8018,424D4060,選修,,"三 6,7",,1 類,,1,,https://course.ntu.edu.tw/courses/114-2/29516
博士論文,俞松良,13179,CliLab8999,424D0010,必修,,,,1 類,,0,,https://course.ntu.edu.tw/courses/114-2/13179
醫學研究與論文發表,林家齊,45262,ClinMD5008,421U0400,必修 / 選修,,五 10,基醫104,3 類,,1,,https://course.ntu.edu.tw/courses/114-2/45262
疾病概論：未解決的問題,黃凱文,57340,ClinMD5009,421U0500,必帶 / 選修,,三 3,基醫101,3 類,,1,,https://course.ntu.edu.tw/courses/114-2/57340
演化醫學,楊偉勛,41134,ClinMD5011,421U7000,選修,,一 3,基醫402,3 類,,1,,https://course.ntu.edu.tw/courses/114-2/41134
當代醫學與生技產業趨勢,樹金忠,33340,ClinMD5012,421U0600,必修 / 選修,,五 10,基醫102,3 類,,1,,https://course.ntu.edu.tw/courses/114-2/33340
臨床研究方法(二),陳祈玲,12247,ClinMD7002,421M0110,必修,,"六 8,9,10",基醫303,2 類,,3,,https://course.ntu.edu.tw/courses/114-2/12247
基礎與臨床醫學整合課程,林家齊,12554,ClinMD7042,421M3000,必修,,"六 6,7",基醫303,2 類,,2,,https://course.ntu.edu.tw/courses/114-2/12554
實驗研究,林家齊,55495,ClinMD7044,421M3200,選修,,,,3 類,,2,,https://course.ntu.edu.tw/courses/114-2/55495
書報討論(二),林家齊,36225,ClinMD7051,421M0920,必修,,"六 6,7",基醫304,1 類,,1,,https://course.ntu.edu.tw/courses/114-2/36225
專題討論,林家齊,19662,ClinMD7052,421M0000,必修 / 選修,,,,1 類,,0,,https://course.ntu.edu.tw/courses/114-2/19662
臨床試驗執行,林家齊,15130,ClinMD7057,421M4420,必修 / 選修,,"六 5,6,7",基醫402,2 類,,2,,https://course.ntu.edu.tw/courses/114-2/15130
英文寫作與表達,簡士捷,58434,ClinMD7061,421M4320,必修,,"五 9,10",基醫505,2 類,,2,,https://course.ntu.edu.tw/courses/114-2/58434
臨床試驗計畫書二,林家齊,10777,ClinMD7062,421M4412,必修,,"六 5,6",基醫405,2 類,,1,,https://course.ntu.edu.tw/courses/114-2/10777
臨床試驗實務實習與見習乙,林家齊,56397,ClinMD7063,421M4402,必修,,六 7,基醫405,2 類,,1,,https://course.ntu.edu.tw/courses/114-2/56397
臨床試驗組專題討論,林家齊,29047,ClinMD7066,421M4440,必修,,,,2 類,,0,,https://course.ntu.edu.tw/courses/114-2/29047
醫學新知專題討論(一),林家齊,47907,ClinMD8352,421D9380,必修,,"三 5,6,7",,1 類,,2,,https://course.ntu.edu.tw/courses/114-2/47907
醫學新知專題討論(二),林家齊,30852,ClinMD8353,421D9390,必修,,"三 5,6,7",基醫201,2 類,,2,,https://course.ntu.edu.tw/courses/114-2/30852
臨床研究方法書報討論,陳祈玲,32718,ClinMD8354,421D9400,必修,,"三 8,9",基醫505,2 類,,2,,https://course.ntu.edu.tw/courses/114-2/32718
學術論文寫作與口頭表達,歐墨然,37766,ClinMD8355,421D9440,必修,,"三 3,4",基醫507,2 類,,2,,https://course.ntu.edu.tw/courses/114-2/37766
博士論文,林家齊,19211,ClinMD8999,421D0010,必修,,,,1 類,,0,,https://course.ntu.edu.tw/courses/114-2/19211
藥物經濟學,蕭斐元,50474,CliPhm5007,451U0710,必修,,"二 8,9",,2 類,,2,,https://course.ntu.edu.tw/courses/114-2/50474
藥物治療學乙,黃彥銘,42107,CliPhm5008,451U0800,必修 / 選修,,"三 2,3,4",,2 類,,3,,https://course.ntu.edu.tw/courses/114-2/42107
健康資料分析與應用,林芳如,32473,CliPhm5012,451U1000,選修,,"二 3,4",,2 類,,2,,https://course.ntu.edu.tw/courses/114-2/32473
藥物研發之法規科學,何蘊芳,41157,CliPhm5014,451U2010,必修,,"五 3,4",水森305,2 類,,1,,https://course.ntu.edu.tw/courses/114-2/41157
藥與疾病專論,沈麗娟,43368,CliPhm5016,451U2100,選修,,,,2 類,,1,,https://course.ntu.edu.tw/courses/114-2/43368
專題討論,林淑文,36938,CliPhm7001,451M0030,必修,,"一 6,7",,2 類,,1,,https://course.ntu.edu.tw/courses/114-2/36938
書報討論,沈麗娟,11554,CliPhm7002,451M0040,必修,,"二 6,7",,2 類,,1,,https://course.ntu.edu.tw/courses/114-2/11554
研究書報專論,蕭斐元,19796,CliPhm7025,451M0050,選修,,,,2 類,,1,,https://course.ntu.edu.tw/courses/114-2/19796
研究書報專論,林淑文,35971,CliPhm7025,451M0050,選修,,,,2 類,,1,,https://course.ntu.edu.tw/courses/114-2/35971
研究書報專論,林芳如,55049,CliPhm7025,451M0050,選修,,,,2 類,,1,,https://course.ntu.edu.tw/courses/114-2/55049
研究書報專論,黃彥銘,12550,CliPhm7025,451M0050,選修,,,,2 類,,1,,https://course.ntu.edu.tw/courses/114-2/12550
研究書報專論,王繼娟,54955,CliPhm7025,451M0050,選修,,,,2 類,,1,,https://course.ntu.edu.tw/courses/114-2/54955
研究書報專論,徐莞曾,58317,CliPhm7025,451M0050,選修,,,,2 類,,1,,https://course.ntu.edu.tw/courses/114-2/58317
碩士論文,黃織芬,33320,CliPhm7999,451M0010,必修,,,,1 類,,0,,https://course.ntu.edu.tw/courses/114-2/33320
博士論文,黃織芬,20587,CliPhm8001,451D0010,必修,,,,1 類,,0,,https://course.ntu.edu.tw/courses/114-2/20587
專題討論,林淑文,40749,CliPhm8003,451D0030,必修,,"一 6,7",,2 類,,1,,https://course.ntu.edu.tw/courses/114-2/40749
書報討論,沈麗娟,28524,CliPhm8004,451D0040,必修,,"二 6,7",,2 類,,1,,https://course.ntu.edu.tw/courses/114-2/28524
程式設計與生命科學,陳啟煌,50958,CLS2001,B0020010,選修,,"一 2,3,4",,2 類,,3,,https://course.ntu.edu.tw/courses/114-2/50958
學術英文寫作,邱崇賢,32793,CLS5004,B00U0120,選修,,"三 2,3,4",共301,2 類,,3,,https://course.ntu.edu.tw/courses/114-2/32793
綠色工程導論,謝依芸,30813,COE5001,500U0010,選修,,"三 2,3,4",共105,2 類,,3,,https://course.ntu.edu.tw/courses/114-2/30813
綠色工程專案研究,謝依芸,45359,COE5002,500U0020,選修,,"二 A,B,C",普504,2 類,,3,,https://course.ntu.edu.tw/courses/114-2/45359
微波積體電路專題,林坤佑,14436,CommE5002,942U0120,選修,,"四 7,8,9",電二101,2 類,,3,,https://course.ntu.edu.tw/courses/114-2/14436
物聯網應用系統專題,賴怡吉,17981,CommE5048,942U0620,選修,,"二 6,7,8",,3 類,,3,,https://course.ntu.edu.tw/courses/114-2/17981
凸函數最佳化,蔡坤諭,47356,CommE5050,942U0640,選修,,"二 7,8,9",電二101,2 類,,3,,https://course.ntu.edu.tw/courses/114-2/47356
機器學習與核方法,吳沛遠,27494,CommE5053,942U0670,選修,,"二 2,3,4",博理103,2 類,,3,,https://course.ntu.edu.tw/courses/114-2/27494
深度學習與人類語言處理,李宏毅,44378,CommE5054,942U0680,選修,,"二 7,8,9",電二145,2 類,,3,,https://course.ntu.edu.tw/courses/114-2/44378
工程數學特論,丁建均,45518,CommE5055,942U0690,選修,,"二 7,8,9",明達205,1 類,,3,,https://course.ntu.edu.tw/courses/114-2/45518
量子資訊與計算,鄭皓中,37669,CommE5061,942U0750,選修,,"一 2,3,4",電二143,2 類,,3,,https://course.ntu.edu.tw/courses/114-2/37669
太赫茲積體電路與系統,李俊興,22734,CommE5062,942U0760,選修,,"四 2,3,4",電二143,1 類,,3,,https://course.ntu.edu.tw/courses/114-2/22734
先進編碼理論與技術,王新博,34355,CommE5065,942U0790,選修,,"二 2,3,4",電二104,1 類,,3,,https://course.ntu.edu.tw/courses/114-2/34355
相控陣列雷達演算法設計,黃彥銘,27860,CommE5068,942U0820,選修,,"三 A,B,C",博理112,2 類,,3,,https://course.ntu.edu.tw/courses/114-2/27860
專題演講,魏宏宇,28797,CommE7001,942M0020,必修,,一 9,,2 類,,1,,https://course.ntu.edu.tw/courses/114-2/28797
專題研究,吳瑞北,39375,CommE7002,942M0040,必修,,,,1 類,,1,,https://course.ntu.edu.tw/courses/114-2/39375
專題研究,陳銘憲,16236,CommE7002,942M0040,必修,,,,1 類,,1,,https://course.ntu.edu.tw/courses/114-2/16236
專題研究,王  暉,32001,CommE7002,942M0040,必修,,,,1 類,,1,,https://course.ntu.edu.tw/courses/114-2/32001
專題研究,陳宏銘,46590,CommE7002,942M0040,必修,,,,1 類,,1,,https://course.ntu.edu.tw/courses/114-2/46590
專題研究,鐘嘉德,44919,CommE7002,942M0040,必修,,,,1 類,,1,,https://course.ntu.edu.tw/courses/114-2/44919
專題研究,廖婉君,49357,CommE7002,942M0040,必修,,,,1 類,,1,,https://course.ntu.edu.tw/courses/114-2/49357
專題研究,馮世邁,52123,CommE7002,942M0040,必修,,,,1 類,,1,,https://course.ntu.edu.tw/courses/114-2/52123
專題研究,吳宗霖,26364,CommE7002,942M0040,必修,,,,1 類,,1,,https://course.ntu.edu.tw/courses/114-2/26364
專題研究,黃天偉,48642,CommE7002,942M0040,必修,,,,1 類,,1,,https://course.ntu.edu.tw/courses/114-2/48642
專題研究,林宗男,35717,CommE7002,942M0040,必修,,,,1 類,,1,,https://course.ntu.edu.tw/courses/114-2/35717
專題研究,蘇炫榮,25835,CommE7002,942M0040,必修,,,,1 類,,1,,https://course.ntu.edu.tw/courses/114-2/25835
專題研究,毛紹綱,33908,CommE7002,942M0040,必修,,,,1 類,,1,,https://course.ntu.edu.tw/courses/114-2/33908
專題研究,林怡成,58761,CommE7002,942M0040,必修,,,,1 類,,1,,https://course.ntu.edu.tw/courses/114-2/58761
專題研究,陳士元,43127,CommE7002,942M0040,必修,,,,1 類,,1,,https://course.ntu.edu.tw/courses/114-2/43127
專題研究,邱奕鵬,56218,CommE7002,942M0040,必修,,,,1 類,,1,,https://course.ntu.edu.tw/courses/114-2/56218
專題研究,葉丙成,48768,CommE7002,942M0040,必修,,,,1 類,,1,,https://course.ntu.edu.tw/courses/114-2/48768
專題研究,魏宏宇,59787,CommE7002,942M0040,必修,,,,1 類,,1,,https://course.ntu.edu.tw/courses/114-2/59787
專題研究,周錫增,13356,CommE7002,942M0040,必修,,,,1 類,,1,,https://course.ntu.edu.tw/courses/114-2/13356
專題研究,黃俊郎,56302,CommE7002,942M0040,必修,,,,1 類,,1,,https://course.ntu.edu.tw/courses/114-2/56302
專題研究,林  澤,42039,CommE7002,942M0040,必修,,,,1 類,,1,,https://course.ntu.edu.tw/courses/114-2/42039
專題研究,王奕翔,39742,CommE7002,942M0040,必修,,,,1 類,,1,,https://course.ntu.edu.tw/courses/114-2/39742
專題研究,楊奕軒,20815,CommE7002,942M0040,必修,,,,1 類,,1,,https://course.ntu.edu.tw/courses/114-2/20815
專題研究,盧信嘉,45348,CommE7002,942M0040,必修,,,,1 類,,1,,https://course.ntu.edu.tw/courses/114-2/45348
專題研究,李宏毅,35223,CommE7002,942M0040,必修,,,,1 類,,1,,https://course.ntu.edu.tw/courses/114-2/35223
專題研究,林士駿,18380,CommE7002,942M0040,必修,,,,1 類,,1,,https://course.ntu.edu.tw/courses/114-2/18380
專題研究,李俊興,44933,CommE7002,942M0040,必修,,,,1 類,,1,,https://course.ntu.edu.tw/courses/114-2/44933
專題研究,林坤佑,56658,CommE7002,942M0040,必修,,,,1 類,,1,,https://course.ntu.edu.tw/courses/114-2/56658
專題研究,周俊廷,10223,CommE7002,942M0040,必修,,,,1 類,,1,,https://course.ntu.edu.tw/courses/114-2/10223
專題研究,蘇柏青,49289,CommE7002,942M0040,必修,,,,1 類,,1,,https://course.ntu.edu.tw/courses/114-2/49289
專題研究,吳沛遠,17879,CommE7002,942M0040,必修,,,,1 類,,1,,https://course.ntu.edu.tw/courses/114-2/17879
專題研究,劉俊麟,27704,CommE7002,942M0040,必修,,,,1 類,,1,,https://course.ntu.edu.tw/courses/114-2/27704
專題研究,吳宗澤,50452,CommE7002,942M0040,必修,,,,1 類,,1,,https://course.ntu.edu.tw/courses/114-2/50452
專題研究,鄭皓中,29420,CommE7002,942M0040,必修,,,,1 類,,1,,https://course.ntu.edu.tw/courses/114-2/29420
專題研究,鄭宇翔,47723,CommE7002,942M0040,必修,,,,1 類,,1,,https://course.ntu.edu.tw/courses/114-2/47723
專題研究,孫紹華,34288,CommE7002,942M0040,必修,,,,1 類,,1,,https://course.ntu.edu.tw/courses/114-2/34288
專題研究,葉佳宜,35309,CommE7002,942M0040,必修,,,,1 類,,1,,https://course.ntu.edu.tw/courses/114-2/35309
專題研究,王新博,46593,CommE7002,942M0040,必修,,,,1 類,,1,,https://course.ntu.edu.tw/courses/114-2/46593
專題研究,黃楚翔,57344,CommE7002,942M0040,必修,,,,1 類,,1,,https://course.ntu.edu.tw/courses/114-2/57344
專題研究,李琳山,22355,CommE7002,942M0040,必修,,,,1 類,,1,,https://course.ntu.edu.tw/courses/114-2/22355
專題研究,江簡富,10913,CommE7002,942M0040,必修,,,,1 類,,1,,https://course.ntu.edu.tw/courses/114-2/10913
專題研究,林茂昭,29894,CommE7002,942M0040,必修,,,,1 類,,1,,https://course.ntu.edu.tw/courses/114-2/29894
專題研究,蔡志宏,11051,CommE7002,942M0040,必修,,,,1 類,,1,,https://course.ntu.edu.tw/courses/114-2/11051
專題研究,賴怡吉,21877,CommE7002,942M0040,必修,,,,1 類,,1,,https://course.ntu.edu.tw/courses/114-2/21877
專題討論,毛紹綱,27217,CommE7003,942M0050,必修,,"三 6,7",,1 類,,0,,https://course.ntu.edu.tw/courses/114-2/27217
專題討論,丁建均,56105,CommE7003,942M0050,必修,,一 7,,1 類,,0,,https://course.ntu.edu.tw/courses/114-2/56105
專題討論,孫紹華,31362,CommE7003,942M0050,必修,,一 6,,1 類,,0,,https://course.ntu.edu.tw/courses/114-2/31362
隱私維護機器學習概論,張致恩,26990,CommE7008,942M0350,選修,,"一 9,10,A / 四 9,10,A",博理103,1 類,,1,,https://course.ntu.edu.tw/courses/114-2/26990
碩士論文,,40694,CommE7999,942M0010,必修,,,,1 類,,0,,https://course.ntu.edu.tw/courses/114-2/40694
專題研究,吳瑞北,36968,CommE8001,942D0040,必修,,,,1 類,,1,,https://course.ntu.edu.tw/courses/114-2/36968
專題研究,陳銘憲,24030,CommE8001,942D0040,必修,,,,1 類,,1,,https://course.ntu.edu.tw/courses/114-2/24030
專題研究,王  暉,13153,CommE8001,942D0040,必修,,,,1 類,,1,,https://course.ntu.edu.tw/courses/114-2/13153
專題研究,鐘嘉德,47934,CommE8001,942D0040,必修,,,,1 類,,1,,https://course.ntu.edu.tw/courses/114-2/47934
專題研究,廖婉君,34781,CommE8001,942D0040,必修,,,,1 類,,1,,https://course.ntu.edu.tw/courses/114-2/34781
專題研究,吳宗霖,43225,CommE8001,942D0040,必修,,,,1 類,,1,,https://course.ntu.edu.tw/courses/114-2/43225
專題研究,黃天偉,23587,CommE8001,942D0040,必修,,,,1 類,,1,,https://course.ntu.edu.tw/courses/114-2/23587
專題研究,林宗男,27423,CommE8001,942D0040,必修,,,,1 類,,1,,https://course.ntu.edu.tw/courses/114-2/27423
專題研究,蘇炫榮,58984,CommE8001,942D0040,必修,,,,1 類,,1,,https://course.ntu.edu.tw/courses/114-2/58984
專題研究,毛紹綱,58618,CommE8001,942D0040,必修,,,,1 類,,1,,https://course.ntu.edu.tw/courses/114-2/58618
專題研究,林怡成,42962,CommE8001,942D0040,必修,,,,1 類,,1,,https://course.ntu.edu.tw/courses/114-2/42962
專題研究,陳士元,39435,CommE8001,942D0040,必修,,,,1 類,,1,,https://course.ntu.edu.tw/courses/114-2/39435
專題研究,邱奕鵬,17785,CommE8001,942D0040,必修,,,,1 類,,1,,https://course.ntu.edu.tw/courses/114-2/17785
專題研究,葉丙成,52121,CommE8001,942D0040,必修,,,,1 類,,1,,https://course.ntu.edu.tw/courses/114-2/52121
專題研究,魏宏宇,47575,CommE8001,942D0040,必修,,,,1 類,,1,,https://course.ntu.edu.tw/courses/114-2/47575
專題研究,周錫增,27328,CommE8001,942D0040,必修,,,,1 類,,1,,https://course.ntu.edu.tw/courses/114-2/27328
專題研究,謝宏昀,15453,CommE8001,942D0040,必修,,,,1 類,,1,,https://course.ntu.edu.tw/courses/114-2/15453
專題研究,丁建均,53235,CommE8001,942D0040,必修,,,,1 類,,1,,https://course.ntu.edu.tw/courses/114-2/53235
專題研究,王鈺強,18754,CommE8001,942D0040,必修,,,,1 類,,1,,https://course.ntu.edu.tw/courses/114-2/18754
專題研究,林  澤,54651,CommE8001,942D0040,必修,,,,1 類,,1,,https://course.ntu.edu.tw/courses/114-2/54651
專題研究,王奕翔,48744,CommE8001,942D0040,必修,,,,1 類,,1,,https://course.ntu.edu.tw/courses/114-2/48744
專題研究,楊奕軒,15030,CommE8001,942D0040,必修,,,,1 類,,1,,https://course.ntu.edu.tw/courses/114-2/15030
專題研究,李宏毅,24077,CommE8001,942D0040,必修,,,,1 類,,1,,https://course.ntu.edu.tw/courses/114-2/24077
專題研究,林士駿,26509,CommE8001,942D0040,必修,,,,1 類,,1,,https://course.ntu.edu.tw/courses/114-2/26509
專題研究,李俊興,32756,CommE8001,942D0040,必修,,,,1 類,,1,,https://course.ntu.edu.tw/courses/114-2/32756
專題研究,林坤佑,39528,CommE8001,942D0040,必修,,,,1 類,,1,,https://course.ntu.edu.tw/courses/114-2/39528
專題研究,劉俊麟,41017,CommE8001,942D0040,必修,,,,1 類,,1,,https://course.ntu.edu.tw/courses/114-2/41017
專題研究,吳宗澤,30995,CommE8001,942D0040,必修,,,,1 類,,1,,https://course.ntu.edu.tw/courses/114-2/30995
專題研究,鄭皓中,14785,CommE8001,942D0040,必修,,,,1 類,,1,,https://course.ntu.edu.tw/courses/114-2/14785
專題研究,鄭宇翔,35659,CommE8001,942D0040,必修,,,,1 類,,1,,https://course.ntu.edu.tw/courses/114-2/35659
專題研究,孫紹華,46239,CommE8001,942D0040,必修,,,,1 類,,1,,https://course.ntu.edu.tw/courses/114-2/46239
專題研究,黃楚翔,22443,CommE8001,942D0040,必修,,,,1 類,,1,,https://course.ntu.edu.tw/courses/114-2/22443
專題研究,李琳山,38963,CommE8001,942D0040,必修,,,,1 類,,1,,https://course.ntu.edu.tw/courses/114-2/38963
專題研究,江簡富,26594,CommE8001,942D0040,必修,,,,1 類,,1,,https://course.ntu.edu.tw/courses/114-2/26594
專題研究,瞿大雄,18020,CommE8001,942D0040,必修,,,,1 類,,1,,https://course.ntu.edu.tw/courses/114-2/18020
專題研究,陳光禎,21455,CommE8001,942D0040,必修,,,,1 類,,1,,https://course.ntu.edu.tw/courses/114-2/21455
專題討論,毛紹綱,24286,CommE8002,942D0050,必修,,"三 6,7",,1 類,,0,,https://course.ntu.edu.tw/courses/114-2/24286
專題討論,丁建均,35742,CommE8002,942D0050,必修,,一 7,,1 類,,0,,https://course.ntu.edu.tw/courses/114-2/35742
專題討論,孫紹華,39000,CommE8002,942D0050,必修,,一 6,,1 類,,0,,https://course.ntu.edu.tw/courses/114-2/39000
博士論文,,32297,CommE8999,942D0010,必修,,,,1 類,,0,,https://course.ntu.edu.tw/courses/114-2/32297
跨文化非營利組織服務實作與方案評估,傅從喜,95076,COSS1009,30010200,選修,,"六 6,7,8,9",社科306,2 類,,2,,https://course.ntu.edu.tw/courses/114-2/95076
資料結構與演算法,林軒田,24828,CSIE1212,90210750,必帶 / 選修,,"二 6,7,8",,1 類,,3,,https://course.ntu.edu.tw/courses/114-2/24828
資料結構與演算法,蔡欣穆,14016,CSIE1212,90210750,必帶 / 選修,,"二 6,7,8",,1 類,,3,,https://course.ntu.edu.tw/courses/114-2/14016
服務學習甲,張原豪,95055,CSIE1913,902001G0,必帶,,,,1 類,,1,,https://course.ntu.edu.tw/courses/114-2/95055
服務學習甲,羅紹元,95056,CSIE1913,902001G0,必帶,,,,1 類,,1,,https://course.ntu.edu.tw/courses/114-2/95056
服務學習甲,鄧善元,95057,CSIE1913,902001G0,必帶,,,,1 類,,1,,https://course.ntu.edu.tw/courses/114-2/95057
服務學習甲,張傑帆,95058,CSIE1913,902001G0,必帶,,,,1 類,,1,,https://course.ntu.edu.tw/courses/114-2/95058
服務學習甲,柯宗瑋,95059,CSIE1913,902001G0,必帶,,,,1 類,,1,,https://course.ntu.edu.tw/courses/114-2/95059
服務學習乙,陳尚澤,95060,CSIE1914,902001H0,必帶,,,,1 類,,1,,https://course.ntu.edu.tw/courses/114-2/95060
服務學習乙,林軒田,95061,CSIE1914,902001H0,必帶,,,,1 類,,1,,https://course.ntu.edu.tw/courses/114-2/95061
服務學習乙,林靖茹,95062,CSIE1914,902001H0,必帶,,,,1 類,,1,,https://course.ntu.edu.tw/courses/114-2/95062
服務學習乙,傅立成,95063,CSIE1914,902001H0,必帶,,,,1 類,,1,,https://course.ntu.edu.tw/courses/114-2/95063
服務學習乙,陳祝嵩,95064,CSIE1914,902001H0,必帶,,,,1 類,,1,,https://course.ntu.edu.tw/courses/114-2/95064
Python 計算機程式設計,張傑帆,42196,CSIE1929,90248160,,,"一 8,9,10",普503,2 類,,3,,https://course.ntu.edu.tw/courses/114-2/42196
機率,林守德,19160,CSIE2121,90225600,必帶,,"四 7,8,9",資104,3 類,,3,,https://course.ntu.edu.tw/courses/114-2/19160
機率,洪一平,39279,CSIE2121,90225600,必帶,,"四 7,8,9",資102,2 類,,3,,https://course.ntu.edu.tw/courses/114-2/39279
離散數學,呂育道,51263,CSIE2122,90225200,選修,,"四 7,8,9",資103,3 類,,3,,https://course.ntu.edu.tw/courses/114-2/51263
數位系統與實驗,林忠緯,19743,CSIE2344,90221610,選修,,"一 10,A,B",資103,3 類,,3,,https://course.ntu.edu.tw/courses/114-2/19743
人工智慧導論,陳尚澤,55080,CSIE3005,90230100,必帶,,"三 2,3,4",資102,3 類,,3,,https://course.ntu.edu.tw/courses/114-2/55080
人工智慧導論,陳縕儂,11206,CSIE3005,90230100,必帶,,"三 2,3,4",資103,3 類,,3,,https://course.ntu.edu.tw/courses/114-2/11206
型別與程式語言,王柏堯,28676,CSIE3220,90234010,選修,,"三 2,3,4",資111,2 類,,3,,https://course.ntu.edu.tw/courses/114-2/28676
作業系統,施吉昇,58039,CSIE3310,90236700,必帶,,"二 2,3,4",資103,2 類,,3,,https://course.ntu.edu.tw/courses/114-2/58039
作業系統,巫芳璟,46054,CSIE3310,90236700,必帶,,"二 2,3,4",資104,2 類,,3,,https://course.ntu.edu.tw/courses/114-2/46054
計算機系統實驗,鄭龍磻,26209,CSIE3311,90239110,選修,,"三 7,8,9",,2 類,,2,,https://course.ntu.edu.tw/courses/114-2/26209
計算機網路實驗,林  風,21947,CSIE3511,90239120,必修,,"三 7,8,9",,2 類,,2,,https://course.ntu.edu.tw/courses/114-2/21947
專題研究,傅立成,37153,CSIE3512,90237000,必修,,,,2 類,,2,,https://course.ntu.edu.tw/courses/114-2/37153
專題研究,陳信希,12924,CSIE3512,90237000,必修,,,,2 類,,2,,https://course.ntu.edu.tw/courses/114-2/12924
專題研究,呂育道,29193,CSIE3512,90237000,必修,,,,2 類,,2,,https://course.ntu.edu.tw/courses/114-2/29193
專題研究,林智仁,45188,CSIE3512,90237000,必修,,,,2 類,,2,,https://course.ntu.edu.tw/courses/114-2/45188
專題研究,楊佳玲,54739,CSIE3512,90237000,必修,,,,2 類,,2,,https://course.ntu.edu.tw/courses/114-2/54739
專題研究,洪一平,48246,CSIE3512,90237000,必修,,,,2 類,,2,,https://course.ntu.edu.tw/courses/114-2/48246
專題研究,周承復,16625,CSIE3512,90237000,必修,,,,2 類,,2,,https://course.ntu.edu.tw/courses/114-2/16625
專題研究,逄愛君,52970,CSIE3512,90237000,必修,,,,2 類,,2,,https://course.ntu.edu.tw/courses/114-2/52970
專題研究,施吉昇,35853,CSIE3512,90237000,必修,,,,2 類,,2,,https://course.ntu.edu.tw/courses/114-2/35853
專題研究,莊永裕,51317,CSIE3512,90237000,必修,,,,2 類,,2,,https://course.ntu.edu.tw/courses/114-2/51317
專題研究,洪士灝,21413,CSIE3512,90237000,必修,,,,2 類,,2,,https://course.ntu.edu.tw/courses/114-2/21413
專題研究,薛智文,43238,CSIE3512,90237000,必修,,,,2 類,,2,,https://course.ntu.edu.tw/courses/114-2/43238
專題研究,張瑞峰,52635,CSIE3512,90237000,必修,,,,2 類,,2,,https://course.ntu.edu.tw/courses/114-2/52635
專題研究,曾宇鳳,14612,CSIE3512,90237000,必修 / 選修,,,,2 類,,2,,https://course.ntu.edu.tw/courses/114-2/14612
專題研究,林守德,38122,CSIE3512,90237000,必修,,,,2 類,,2,,https://course.ntu.edu.tw/courses/114-2/38122
專題研究,李明穗,37483,CSIE3512,90237000,必修,,,,2 類,,2,,https://course.ntu.edu.tw/courses/114-2/37483
專題研究,蔡欣穆,21097,CSIE3512,90237000,必修,,,,2 類,,2,,https://course.ntu.edu.tw/courses/114-2/21097
專題研究,陳彥仰,29251,CSIE3512,90237000,必修,,,,2 類,,2,,https://course.ntu.edu.tw/courses/114-2/29251
專題研究,李允中,14987,CSIE3512,90237000,必修,,,,2 類,,2,,https://course.ntu.edu.tw/courses/114-2/14987
專題研究,蕭旭君,30901,CSIE3512,90237000,必修,,,,2 類,,2,,https://course.ntu.edu.tw/courses/114-2/30901
專題研究,陳縕儂,27815,CSIE3512,90237000,必修,,,,2 類,,2,,https://course.ntu.edu.tw/courses/114-2/27815
專題研究,林忠緯,22157,CSIE3512,90237000,必修,,,,2 類,,2,,https://course.ntu.edu.tw/courses/114-2/22157
專題研究,李彥寰,38782,CSIE3512,90237000,必修,,,,2 類,,2,,https://course.ntu.edu.tw/courses/114-2/38782
專題研究,陳尚澤,58945,CSIE3512,90237000,必修,,,,2 類,,2,,https://course.ntu.edu.tw/courses/114-2/58945
專題研究,陳祝嵩,17863,CSIE3512,90237000,必修,,,,2 類,,2,,https://course.ntu.edu.tw/courses/114-2/17863
專題研究,張傑帆,42735,CSIE3512,90237000,必修,,,,2 類,,2,,https://course.ntu.edu.tw/courses/114-2/42735
專題研究,黎士瑋,29182,CSIE3512,90237000,必修,,,,2 類,,2,,https://course.ntu.edu.tw/courses/114-2/29182
專題研究,鄭文皇,51222,CSIE3512,90237000,必修,,,,2 類,,2,,https://course.ntu.edu.tw/courses/114-2/51222
專題研究,李濬屹,23497,CSIE3512,90237000,必修,,,,2 類,,2,,https://course.ntu.edu.tw/courses/114-2/23497
專題研究,黃上恩,38076,CSIE3512,90237000,必修,,,,2 類,,2,,https://course.ntu.edu.tw/courses/114-2/38076
專題研究,柯宗瑋,55942,CSIE3512,90237000,必修,,,,2 類,,2,,https://course.ntu.edu.tw/courses/114-2/55942
專題研究,張原豪,23991,CSIE3512,90237000,必修,,,,2 類,,2,,https://course.ntu.edu.tw/courses/114-2/23991
專題研究,羅紹元,35224,CSIE3512,90237000,必修,,,,2 類,,2,,https://course.ntu.edu.tw/courses/114-2/35224
專題研究,鄧善元,31542,CSIE3512,90237000,必修,,,,2 類,,2,,https://course.ntu.edu.tw/courses/114-2/31542
前瞻資訊科技二,蔡欣穆,10458,CSIE4004,90239900,選修,,"五 7,8,9",資104,2 類,,3,,https://course.ntu.edu.tw/courses/114-2/10458
預測、學習、與賽局,李彥寰,24719,CSIE5002,922U4550,選修,,"四 7,8,9",資110,3 類,,3,,https://course.ntu.edu.tw/courses/114-2/24719
科技英文寫作,朱浩華,10848,CSIE5016,922U4650,選修,,"二 6,7",資310,1 類,,2,,https://course.ntu.edu.tw/courses/114-2/10848
歷史研究數位人文資源的介紹與實作,項  潔,12225,CSIE5025,922U4670,,,"四 7,8,9",,2 類,,3,,https://course.ntu.edu.tw/courses/114-2/12225
生物資訊學,曾宇鳳,53152,CSIE5036,922U0370,必修 / 選修,,"三 6,7,8",資103,2 類,,3,,https://course.ntu.edu.tw/courses/114-2/53152
現代密碼學的理論基礎,鐘楷閔,30202,CSIE5037,922U4710,選修,,"五 3,4,5",資105,2 類,,3,,https://course.ntu.edu.tw/courses/114-2/30202
軟體工程,李允中,41735,CSIE5040,922U0410,選修,,"二 1,2,3",資110,2 類,,3,,https://course.ntu.edu.tw/courses/114-2/41735
自然語言處理,陳信希,10508,CSIE5042,922U0670,選修,,"四 2,3,4",資105,2 類,,3,,https://course.ntu.edu.tw/courses/114-2/10508
數位訊號處理導論,陳祝嵩,21547,CSIE5045,922U1020,選修,,"一 7,8,9",資105,2 類,,3,,https://course.ntu.edu.tw/courses/114-2/21547
分散式系統,薛智文,48414,CSIE5061,922U1580,選修,,"一 6,7,8",資110,1 類,,3,,https://course.ntu.edu.tw/courses/114-2/48414
通訊複雜度概論,呂學一,18420,CSIE5118,922U4400,選修,,"二 7,8,9",資101,3 類,,3,,https://course.ntu.edu.tw/courses/114-2/18420
數值方法,林智仁,41472,CSIE5123,922U0280,選修,,"一 3,4,5",資102,1 類,,3,,https://course.ntu.edu.tw/courses/114-2/41472
多媒體安全,吳家麟,45024,CSIE5135,922U3620,選修,,"一 6,7,8",資101,1 類,,3,,https://course.ntu.edu.tw/courses/114-2/45024
圖論與應用,黃上恩,25074,CSIE5136,922U1730,選修,,"一 2,3,4",資101,2 類,,3,,https://course.ntu.edu.tw/courses/114-2/25074
Web程式設計與應用,張傑帆,54952,CSIE5210,922U4150,選修,,"三 2,3,4",,2 類,,3,,https://course.ntu.edu.tw/courses/114-2/54952
雲原生應用程式開發,陳炳宇,59419,CSIE5217,922U4870,選修,,"二 7,8,9",,2 類,,3,,https://course.ntu.edu.tw/courses/114-2/59419
虛擬機器,黎士瑋,51006,CSIE5310,922U4140,選修,,"四 7,8,9",資107,3 類,,3,,https://course.ntu.edu.tw/courses/114-2/51006
比特幣及數據分析,廖世偉,19278,CSIE5315,922U4260,選修,,"五 B,C,D",,3 類,,3,,https://course.ntu.edu.tw/courses/114-2/19278
分散式機器學習系統,周承復,32945,CSIE5319,922U4430,選修,,"一 7,8,9",資107,2 類,,3,,https://course.ntu.edu.tw/courses/114-2/32945
巨量資料系統,廖世偉,18468,CSIE5322,922U4120,選修,,"五 5,6,A",,3 類,,3,,https://course.ntu.edu.tw/courses/114-2/18468
進階網路管理與系統管理,黃上恩,16748,CSIE5371,922U4470,選修,,,,2 類,,2,,https://course.ntu.edu.tw/courses/114-2/16748
智慧感測系統設計,施吉昇,24953,CSIE5375,922U4880,選修,,"四 2,3,4",,2 類,,3,,https://course.ntu.edu.tw/courses/114-2/24953
系統架構師的維運與效能,黃泰一,28959,CSIE5376,922U5050,選修,,"一 3,4",資310,2 類,,2,,https://course.ntu.edu.tw/courses/114-2/28959
量子設計自動化特論,黃鐘揚,95145,CSIE5390,922U4940,選修,,"四 2,3,4",,1 類,,3,,https://course.ntu.edu.tw/courses/114-2/95145
電腦系統專題,張原豪,22044,CSIE5391,922U5040,選修,,"一 3,4,5",資111,2 類,,3,,https://course.ntu.edu.tw/courses/114-2/22044
人工智慧,鄭文皇,48733,CSIE5400,922U3020,選修,,"五 2,3,4",資103,2 類,,3,,https://course.ntu.edu.tw/courses/114-2/48733
最佳化演算法,李彥寰,29572,CSIE5410,922U4500,選修,,"二 7,8,9",資107,3 類,,3,,https://course.ntu.edu.tw/courses/114-2/29572
具形視覺,柯宗瑋,18128,CSIE5421,922U4970,選修,,"一 2,3,4",資104,2 類,,3,,https://course.ntu.edu.tw/courses/114-2/18128
深度強化學習,李濬屹,53087,CSIE5439,922U4960,選修,,"一 2,3,4",資103,2 類,,3,,https://course.ntu.edu.tw/courses/114-2/53087
智慧型汽車導論,林忠緯,41050,CSIE5452,922U4490,選修,,"一 6,7,8",資103,3 類,,3,,https://course.ntu.edu.tw/courses/114-2/41050
具身感知與決策,徐宏民,25905,CSIE5453,922U5030,選修,,"一 7,8,9",,3 類,,3,,https://course.ntu.edu.tw/courses/114-2/25905
資料中心網路與系統,林靖茹,95036,CSIE5511,922U5060,選修,,"二 6,7,8",資110,2 類,,3,,https://course.ntu.edu.tw/courses/114-2/95036
軟體工程設計,李允中,42529,CSIE5734,922U0830,選修,,"四 1,2,3",資110,2 類,,3,,https://course.ntu.edu.tw/courses/114-2/42529
深度學習於醫學影像,張瑞峰,34993,CSIE5743,922U4700,選修,,"三 3,4,5",資107,3 類,,3,,https://course.ntu.edu.tw/courses/114-2/34993
專題討論,鄭龍磻,29767,CSIE7000,922M0030,必修,,,,1 類,,1,,https://course.ntu.edu.tw/courses/114-2/29767
專題討論,陳彥仰,20880,CSIE7000,922M0030,必修,,,,1 類,,1,,https://course.ntu.edu.tw/courses/114-2/20880
平行與分散式程式設計,洪士灝,56948,CSIE7210,922U3970,選修,,"五 2,3,4",資102,2 類,,3,,https://course.ntu.edu.tw/courses/114-2/56948
生成式人工智慧安全,羅紹元,45688,CSIE7411,922M1510,選修,,"三 7,8,9",資101,2 類,,3,,https://course.ntu.edu.tw/courses/114-2/45688
高等電腦視覺,傅楸善,14278,CSIE7421,922U3910,選修,,"二 7,8,9",資105,1 類,,3,,https://course.ntu.edu.tw/courses/114-2/14278
高等深度學習,陳縕儂,27042,CSIE7430,922U4420,選修,,"四 2,3,4",資111,2 類,,3,,https://course.ntu.edu.tw/courses/114-2/27042
腦理論,劉長遠,57937,CSIE7434,922U0100,選修,,"三 7,8,9",資310,1 類,,3,,https://course.ntu.edu.tw/courses/114-2/57937
次世代無線網路,逄愛君,59784,CSIE7523,922U3890,選修,,"三 7,8,9",資107,2 類,,3,,https://course.ntu.edu.tw/courses/114-2/59784
多模態人機互動,鄧善元,45813,CSIE7641,922M1520,選修,,"二 7,8,9",,2 類,,3,,https://course.ntu.edu.tw/courses/114-2/45813
高等人機互動介面,陳彥仰,53298,CSIE7644,922U3740,選修,,"二 2,3,4",,2 類,,3,,https://course.ntu.edu.tw/courses/114-2/53298
數位視覺效果,莊永裕,41232,CSIE7694,922U3150,選修,,"三 7,8,9",資111,3 類,,3,,https://course.ntu.edu.tw/courses/114-2/41232
專題研究,吳家麟,26131,CSIE7990,922M0020,必修,,,,2 類,,1,,https://course.ntu.edu.tw/courses/114-2/26131
專題研究,傅立成,12317,CSIE7990,922M0020,必修,,,,2 類,,1,,https://course.ntu.edu.tw/courses/114-2/12317
專題研究,陳信希,31065,CSIE7990,922M0020,必修,,,,2 類,,1,,https://course.ntu.edu.tw/courses/114-2/31065
專題研究,歐陽彥正,25706,CSIE7990,922M0020,必修,,,,2 類,,1,,https://course.ntu.edu.tw/courses/114-2/25706
專題研究,傅楸善,58796,CSIE7990,922M0020,必修,,,,1 類,,1,,https://course.ntu.edu.tw/courses/114-2/58796
專題研究,呂育道,52303,CSIE7990,922M0020,必修,,,,2 類,,1,,https://course.ntu.edu.tw/courses/114-2/52303
專題研究,林智仁,19785,CSIE7990,922M0020,必修,,,,2 類,,1,,https://course.ntu.edu.tw/courses/114-2/19785
專題研究,劉邦鋒,25013,CSIE7990,922M0020,必修,,,,2 類,,1,,https://course.ntu.edu.tw/courses/114-2/25013
專題研究,林  風,53626,CSIE7990,922M0020,必修,,,,2 類,,1,,https://course.ntu.edu.tw/courses/114-2/53626
專題研究,楊佳玲,10111,CSIE7990,922M0020,必修,,,,2 類,,1,,https://course.ntu.edu.tw/courses/114-2/10111
專題研究,洪一平,29822,CSIE7990,922M0020,必修,,,,2 類,,1,,https://course.ntu.edu.tw/courses/114-2/29822
專題研究,趙坤茂,11362,CSIE7990,922M0020,必修 / 選修,,,,2 類,,1,,https://course.ntu.edu.tw/courses/114-2/11362
專題研究,周承復,32726,CSIE7990,922M0020,必修,,,,2 類,,1,,https://course.ntu.edu.tw/courses/114-2/32726
專題研究,逄愛君,28024,CSIE7990,922M0020,必修,,,,2 類,,1,,https://course.ntu.edu.tw/courses/114-2/28024
專題研究,施吉昇,54912,CSIE7990,922M0020,必修,,,,2 類,,1,,https://course.ntu.edu.tw/courses/114-2/54912
專題研究,莊永裕,10433,CSIE7990,922M0020,必修,,,,2 類,,1,,https://course.ntu.edu.tw/courses/114-2/10433
專題研究,洪士灝,22345,CSIE7990,922M0020,必修,,,,2 類,,1,,https://course.ntu.edu.tw/courses/114-2/22345
專題研究,薛智文,18235,CSIE7990,922M0020,必修,,,,2 類,,1,,https://course.ntu.edu.tw/courses/114-2/18235
專題研究,張瑞峰,31839,CSIE7990,922M0020,必修,,,,2 類,,1,,https://course.ntu.edu.tw/courses/114-2/31839
專題研究,李明穗,18227,CSIE7990,922M0020,必修,,,,2 類,,1,,https://course.ntu.edu.tw/courses/114-2/18227
專題研究,徐宏民,27285,CSIE7990,922M0020,必修,,,,2 類,,1,,https://course.ntu.edu.tw/courses/114-2/27285
專題研究,廖世偉,10088,CSIE7990,922M0020,必修,,,,2 類,,1,,https://course.ntu.edu.tw/courses/114-2/10088
專題研究,陳炳宇,11556,CSIE7990,922M0020,選修,,,,1 類,,1,,https://course.ntu.edu.tw/courses/114-2/11556
專題研究,林軒田,17517,CSIE7990,922M0020,必修,,,,2 類,,1,,https://course.ntu.edu.tw/courses/114-2/17517
專題研究,蔡欣穆,31994,CSIE7990,922M0020,必修,,,,2 類,,1,,https://course.ntu.edu.tw/courses/114-2/31994
專題研究,陳彥仰,51550,CSIE7990,922M0020,必修,,,,2 類,,1,,https://course.ntu.edu.tw/courses/114-2/51550
專題研究,李允中,20958,CSIE7990,922M0020,必修,,,,2 類,,1,,https://course.ntu.edu.tw/courses/114-2/20958
專題研究,蕭旭君,26133,CSIE7990,922M0020,必修,,,,2 類,,1,,https://course.ntu.edu.tw/courses/114-2/26133
專題研究,陳縕儂,58970,CSIE7990,922M0020,必修,,,,2 類,,1,,https://course.ntu.edu.tw/courses/114-2/58970
專題研究,林忠緯,22833,CSIE7990,922M0020,必修,,,,2 類,,1,,https://course.ntu.edu.tw/courses/114-2/22833
專題研究,李彥寰,28910,CSIE7990,922M0020,必修,,,,2 類,,1,,https://course.ntu.edu.tw/courses/114-2/28910
專題研究,鄭龍磻,33993,CSIE7990,922M0020,必修,,,,2 類,,1,,https://course.ntu.edu.tw/courses/114-2/33993
專題研究,陳尚澤,21324,CSIE7990,922M0020,必修,,,,2 類,,1,,https://course.ntu.edu.tw/courses/114-2/21324
專題研究,陳祝嵩,22699,CSIE7990,922M0020,必修,,,,2 類,,1,,https://course.ntu.edu.tw/courses/114-2/22699
專題研究,黎士瑋,26277,CSIE7990,922M0020,必修,,,,2 類,,1,,https://course.ntu.edu.tw/courses/114-2/26277
專題研究,鄭文皇,52654,CSIE7990,922M0020,必修,,,,2 類,,1,,https://course.ntu.edu.tw/courses/114-2/52654
專題研究,巫芳璟,46851,CSIE7990,922M0020,必修,,,,2 類,,1,,https://course.ntu.edu.tw/courses/114-2/46851
專題研究,李濬屹,34594,CSIE7990,922M0020,必修,,,,2 類,,1,,https://course.ntu.edu.tw/courses/114-2/34594
專題研究,黃上恩,45783,CSIE7990,922M0020,必修,,,,2 類,,1,,https://course.ntu.edu.tw/courses/114-2/45783
專題研究,柯宗瑋,35207,CSIE7990,922M0020,必修,,,,2 類,,1,,https://course.ntu.edu.tw/courses/114-2/35207
專題研究,張原豪,52542,CSIE7990,922M0020,必修,,,,2 類,,1,,https://course.ntu.edu.tw/courses/114-2/52542
專題研究,羅紹元,24922,CSIE7990,922M0020,必修,,,,2 類,,1,,https://course.ntu.edu.tw/courses/114-2/24922
碩士論文,,35711,CSIE7999,922M0010,必修,,,,1 類,,0,,https://course.ntu.edu.tw/courses/114-2/35711
專題討論,張瑞峰,32785,CSIE8000,922D0030,必修,,,,1 類,,1,,https://course.ntu.edu.tw/courses/114-2/32785
專題研究,李琳山,20418,CSIE8990,922D0100,必修,,,,2 類,,1,,https://course.ntu.edu.tw/courses/114-2/20418
專題研究,吳家麟,15523,CSIE8990,922D0100,必修,,,,2 類,,1,,https://course.ntu.edu.tw/courses/114-2/15523
專題研究,傅立成,25107,CSIE8990,922D0100,必修,,,,2 類,,1,,https://course.ntu.edu.tw/courses/114-2/25107
專題研究,歐陽彥正,29798,CSIE8990,922D0100,必修,,,,2 類,,1,,https://course.ntu.edu.tw/courses/114-2/29798
專題研究,傅楸善,54600,CSIE8990,922D0100,必修,,,,1 類,,1,,https://course.ntu.edu.tw/courses/114-2/54600
專題研究,呂育道,23380,CSIE8990,922D0100,必修,,,,2 類,,1,,https://course.ntu.edu.tw/courses/114-2/23380
專題研究,林智仁,37772,CSIE8990,922D0100,必修,,,,2 類,,1,,https://course.ntu.edu.tw/courses/114-2/37772
專題研究,楊佳玲,13196,CSIE8990,922D0100,必修,,,,2 類,,1,,https://course.ntu.edu.tw/courses/114-2/13196
專題研究,洪一平,42201,CSIE8990,922D0100,必修,,,,2 類,,1,,https://course.ntu.edu.tw/courses/114-2/42201
專題研究,周承復,30125,CSIE8990,922D0100,必修,,,,2 類,,1,,https://course.ntu.edu.tw/courses/114-2/30125
專題研究,逄愛君,42533,CSIE8990,922D0100,必修,,,,2 類,,1,,https://course.ntu.edu.tw/courses/114-2/42533
專題研究,施吉昇,23344,CSIE8990,922D0100,必修,,,,2 類,,1,,https://course.ntu.edu.tw/courses/114-2/23344
專題研究,莊永裕,23419,CSIE8990,922D0100,必修,,,,2 類,,1,,https://course.ntu.edu.tw/courses/114-2/23419
專題研究,洪士灝,21720,CSIE8990,922D0100,必修,,,,2 類,,1,,https://course.ntu.edu.tw/courses/114-2/21720
專題研究,呂學一,40269,CSIE8990,922D0100,必修,,,,2 類,,1,,https://course.ntu.edu.tw/courses/114-2/40269
專題研究,薛智文,32688,CSIE8990,922D0100,必修,,,,2 類,,1,,https://course.ntu.edu.tw/courses/114-2/32688
專題研究,張瑞峰,37290,CSIE8990,922D0100,必修,,,,2 類,,1,,https://course.ntu.edu.tw/courses/114-2/37290
專題研究,曾宇鳳,13176,CSIE8990,922D0100,必修,,,,2 類,,1,,https://course.ntu.edu.tw/courses/114-2/13176
專題研究,鄭卜壬,39123,CSIE8990,922D0100,必修,,,,2 類,,1,,https://course.ntu.edu.tw/courses/114-2/39123
專題研究,林守德,41328,CSIE8990,922D0100,必修,,,,2 類,,1,,https://course.ntu.edu.tw/courses/114-2/41328
專題研究,徐宏民,14959,CSIE8990,922D0100,必修,,,,2 類,,1,,https://course.ntu.edu.tw/courses/114-2/14959
專題研究,廖世偉,32307,CSIE8990,922D0100,必修,,,,2 類,,1,,https://course.ntu.edu.tw/courses/114-2/32307
專題研究,林軒田,31418,CSIE8990,922D0100,必修,,,,2 類,,1,,https://course.ntu.edu.tw/courses/114-2/31418
專題研究,陳彥仰,39897,CSIE8990,922D0100,必修,,,,2 類,,1,,https://course.ntu.edu.tw/courses/114-2/39897
專題研究,蕭旭君,51171,CSIE8990,922D0100,必修,,,,2 類,,1,,https://course.ntu.edu.tw/courses/114-2/51171
專題研究,陳縕儂,34336,CSIE8990,922D0100,必修,,,,2 類,,1,,https://course.ntu.edu.tw/courses/114-2/34336
專題研究,林忠緯,16883,CSIE8990,922D0100,必修,,,,2 類,,1,,https://course.ntu.edu.tw/courses/114-2/16883
專題研究,陳尚澤,35263,CSIE8990,922D0100,必修,,,,2 類,,1,,https://course.ntu.edu.tw/courses/114-2/35263
專題研究,陳祝嵩,27678,CSIE8990,922D0100,必修,,,,2 類,,1,,https://course.ntu.edu.tw/courses/114-2/27678
專題研究,鄭文皇,15604,CSIE8990,922D0100,必修,,,,2 類,,1,,https://course.ntu.edu.tw/courses/114-2/15604
專題研究,李濬屹,29955,CSIE8990,922D0100,必修,,,,2 類,,1,,https://course.ntu.edu.tw/courses/114-2/29955
Python程式設計,林澤佑,30230,Data5006,946U0060,,,"二 7,8,9",新103,3 類,,3,,https://course.ntu.edu.tw/courses/114-2/30230
Python程式設計,林澤佑,46879,Data5006,946U0060,,,"三 4,5,6",新503,2 類,,3,,https://course.ntu.edu.tw/courses/114-2/46879
自然語言與資訊檢索於社群網路之應用,楊得年,57726,Data5014,946U0140,選修,,"四 7,8,9",,2 類,,3,,https://course.ntu.edu.tw/courses/114-2/57726
專題研究,王偉仲,26142,Data7002,946M0020,必修,,,,2 類,,1,,https://course.ntu.edu.tw/courses/114-2/26142
專題研究,林  澤,58020,Data7002,946M0020,必修,,,,2 類,,1,,https://course.ntu.edu.tw/courses/114-2/58020
專題研究,林澤佑,55115,Data7002,946M0020,必修,,,,2 類,,1,,https://course.ntu.edu.tw/courses/114-2/55115
專題研究,陳銘憲,18484,Data7002,946M0020,必修,,,,2 類,,1,,https://course.ntu.edu.tw/courses/114-2/18484
專題研究,吳沛遠,53718,Data7002,946M0020,必修,,,,2 類,,1,,https://course.ntu.edu.tw/courses/114-2/53718
專題研究,張耀文,56629,Data7002,946M0020,必修,,,,2 類,,1,,https://course.ntu.edu.tw/courses/114-2/56629
專題研究,楊鈞澔,49390,Data7002,946M0020,必修,,,,2 類,,1,,https://course.ntu.edu.tw/courses/114-2/49390
專題研究,孫紹華,52724,Data7002,946M0020,必修,,,,2 類,,1,,https://course.ntu.edu.tw/courses/114-2/52724
專題研究,江介宏,57281,Data7002,946M0020,必修,,,,2 類,,1,,https://course.ntu.edu.tw/courses/114-2/57281
專題研究,劉子毓,25217,Data7002,946M0020,必修,,,,2 類,,1,,https://course.ntu.edu.tw/courses/114-2/25217
專題討論,陳定立,56175,Data7003,946M0030,必修,,五 6,,1 類,,1,,https://course.ntu.edu.tw/courses/114-2/56175
碩士論文,,31660,Data7999,946M0010,必修,,,,1 類,,0,,https://course.ntu.edu.tw/courses/114-2/31660
專題研究,王偉仲,55280,Data8002,946D0020,必修,,,,2 類,,1,,https://course.ntu.edu.tw/courses/114-2/55280
專題研究,崔茂培,45148,Data8002,946D0020,必修,,,,2 類,,1,,https://course.ntu.edu.tw/courses/114-2/45148
專題研究,沈俊嚴,45374,Data8002,946D0020,必修,,,,2 類,,1,,https://course.ntu.edu.tw/courses/114-2/45374
專題研究,林  澤,38940,Data8002,946D0020,必修,,,,2 類,,1,,https://course.ntu.edu.tw/courses/114-2/38940
專題研究,林澤佑,58435,Data8002,946D0020,必修,,,,2 類,,1,,https://course.ntu.edu.tw/courses/114-2/58435
專題研究,吳沛遠,15810,Data8002,946D0020,必修,,,,2 類,,1,,https://course.ntu.edu.tw/courses/114-2/15810
專題研究,張耀文,11254,Data8002,946D0020,必修,,,,2 類,,1,,https://course.ntu.edu.tw/courses/114-2/11254
專題研究,孫紹華,55148,Data8002,946D0020,必修,,,,2 類,,1,,https://course.ntu.edu.tw/courses/114-2/55148
專題研究,楊奕軒,37133,Data8002,946D0020,必修,,,,2 類,,1,,https://course.ntu.edu.tw/courses/114-2/37133
專題研究,江介宏,11507,Data8002,946D0020,必修,,,,2 類,,1,,https://course.ntu.edu.tw/courses/114-2/11507
專題討論,潘建興,10892,Data8003,946D0030,必修,,五 6,,1 類,,1,,https://course.ntu.edu.tw/courses/114-2/10892
博士論文,,23448,Data8999,946D0010,必修,,,,1 類,,0,,https://course.ntu.edu.tw/courses/114-2/23448
生物醫學工程導論下,林頌然,43004,DBME1003,50810102,必帶,,"二 7,8",,2 類,,1,,https://course.ntu.edu.tw/courses/114-2/43004
電路學暨實驗,趙福杉,24312,DBME1009,50811500,必帶,,"三 2,3,4",共403,2 類,,3,,https://course.ntu.edu.tw/courses/114-2/24312
工程數學下,林啟萬,22258,DBME2005,50820102,必帶,,"三 7,8,9",,2 類,,3,,https://course.ntu.edu.tw/courses/114-2/22258
生物化學,林宗宏,52664,DBME2010,50821500,必帶,,"二 7,8,9",,2 類,,3,,https://course.ntu.edu.tw/courses/114-2/52664
細胞與分子生物學,趙本秀,43492,DBME2011,50821600,必帶,,"三 2,3,4",,2 類,,3,,https://course.ntu.edu.tw/courses/114-2/43492
材料科學概論,趙本秀,22779,DBME2014,50821800,必帶,,"二 2,3,4",,2 類,,3,,https://course.ntu.edu.tw/courses/114-2/22779
數位生醫訊號處理,駱  遠,20697,DBME2017,50821900,選修,,"五 6,7,8",,2 類,,3,,https://course.ntu.edu.tw/courses/114-2/20697
電子學二暨實驗,周資傑,53653,DBME2020,50822200,選修,,"四 7,8,9",,2 類,,3,,https://course.ntu.edu.tw/courses/114-2/53653
資料結構,陳中明,25546,DBME2021,50822300,選修,,"四 2,3,4",,2 類,,3,,https://course.ntu.edu.tw/courses/114-2/25546
學士專題研究一,楊台鴻,37829,DBME2022,50820200,必修 / 選修,,,,2 類,,1,,https://course.ntu.edu.tw/courses/114-2/37829
學士專題研究一,王兆麟,19619,DBME2022,50820200,必修,,,,2 類,,1,,https://course.ntu.edu.tw/courses/114-2/19619
學士專題研究一,呂東武,28410,DBME2022,50820200,必修,,,,2 類,,1,,https://course.ntu.edu.tw/courses/114-2/28410
學士專題研究一,林啟萬,28768,DBME2022,50820200,必修,,,,2 類,,1,,https://course.ntu.edu.tw/courses/114-2/28768
學士專題研究一,陳中明,36785,DBME2022,50820200,必修,,,,2 類,,1,,https://course.ntu.edu.tw/courses/114-2/36785
學士專題研究一,林頌然,54820,DBME2022,50820200,必修,,,,2 類,,1,,https://course.ntu.edu.tw/courses/114-2/54820
學士專題研究一,趙本秀,13000,DBME2022,50820200,必修,,,,2 類,,1,,https://course.ntu.edu.tw/courses/114-2/13000
學士專題研究一,施博仁,45755,DBME2022,50820200,必修,,,,3 類,,1,,https://course.ntu.edu.tw/courses/114-2/45755
學士專題研究一,梁祥光,51794,DBME2022,50820200,必修,,,,2 類,,1,,https://course.ntu.edu.tw/courses/114-2/51794
學士專題研究一,程子翔,52620,DBME2022,50820200,必修,,,,2 類,,1,,https://course.ntu.edu.tw/courses/114-2/52620
學士專題研究一,林宗宏,39838,DBME2022,50820200,必修,,,,2 類,,1,,https://course.ntu.edu.tw/courses/114-2/39838
學士專題研究一,林靜嫻,28066,DBME2022,50820200,必修,,,,2 類,,1,,https://course.ntu.edu.tw/courses/114-2/28066
學士專題研究一,朱麗安,41523,DBME2022,50820200,必修,,,,2 類,,1,,https://course.ntu.edu.tw/courses/114-2/41523
學士專題研究一,周資傑,33402,DBME2022,50820200,必修,,,,2 類,,1,,https://course.ntu.edu.tw/courses/114-2/33402
醫學工程實驗,施博仁,37929,DBME2023,50820250,必帶,,"一 7,8,9",,3 類,,1,,https://course.ntu.edu.tw/courses/114-2/37929
醫療器材創新設計,王兆麟,30583,DBME3002,50831100,必帶,,"五 6,7,8",共103,2 類,,3,,https://course.ntu.edu.tw/courses/114-2/30583
學士醫學工程專題討論下,呂東武,32498,DBME3006,50830130,必帶,,"二 7,8",,2 類,,1,,https://course.ntu.edu.tw/courses/114-2/32498
學士專題研究二,王兆麟,35043,DBME4001,50840110,必修,,,,2 類,,1,,https://course.ntu.edu.tw/courses/114-2/35043
學士專題研究二,林啟萬,48234,DBME4001,50840110,必修,,,,2 類,,1,,https://course.ntu.edu.tw/courses/114-2/48234
學士專題研究二,趙本秀,55938,DBME4001,50840110,必修,,,,2 類,,1,,https://course.ntu.edu.tw/courses/114-2/55938
學士專題研究二,施博仁,31764,DBME4001,50840110,必修,,,,2 類,,1,,https://course.ntu.edu.tw/courses/114-2/31764
學士專題研究二,程子翔,37295,DBME4001,50840110,必修,,,,2 類,,1,,https://course.ntu.edu.tw/courses/114-2/37295
學士專題研究二,林宗宏,46912,DBME4001,50840110,必修,,,,2 類,,1,,https://course.ntu.edu.tw/courses/114-2/46912
學士專題研究二,黃韻如,56270,DBME4001,50840110,必修,,,,2 類,,1,,https://course.ntu.edu.tw/courses/114-2/56270
學士專題研究二,朱麗安,41009,DBME4001,50840110,必修,,,,2 類,,1,,https://course.ntu.edu.tw/courses/114-2/41009
學士專題研究二,周資傑,21003,DBME4001,50840110,必修,,,,2 類,,1,,https://course.ntu.edu.tw/courses/114-2/21003
疾病導向之臨床與基礎科學跨領域課程,梁祥光,11763,DBME5008,528U0030,選修,,"三 2,3,4",,2 類,,3,,https://course.ntu.edu.tw/courses/114-2/11763
微算機應用,趙福杉,32842,DBME5010,528U0050,選修,,"二 2,3,4",展書樓506,2 類,,3,,https://course.ntu.edu.tw/courses/114-2/32842
電腦輔助設計與製造,施博仁,36555,DBME5016,528U0140,選修,,"五 2,3,4",,3 類,,3,,https://course.ntu.edu.tw/courses/114-2/36555
感覺神經生理,趙福杉,42460,DBME5025,528U0540,選修,,"四 2,3,4",展書樓506,2 類,,3,,https://course.ntu.edu.tw/courses/114-2/42460
生醫光電導論,程子翔,18842,DBME5031,528U0180,選修,,"三 6,7,8",,2 類,,3,,https://course.ntu.edu.tw/courses/114-2/18842
醫用電子系統設計,趙福杉,30576,DBME5032,528U0530,選修,,"一 2,3,4",展書樓506,2 類,,3,,https://course.ntu.edu.tw/courses/114-2/30576
放射治療原理與應用,梁祥光,49857,DBME5035,528U0210,選修,,"三 7,8,9",,2 類,,3,,https://course.ntu.edu.tw/courses/114-2/49857
生醫感測器,林宗宏,16402,DBME5037,528U2010,選修,,"五 6,7,8",綜203,2 類,,3,,https://course.ntu.edu.tw/courses/114-2/16402
機器學習在人體動作分析之應用,呂東武,58345,DBME5040,528U1050,選修,,"四 6,7,8",,2 類,,3,,https://course.ntu.edu.tw/courses/114-2/58345
醫用微感測器,林啟萬,56317,DBME5042,528U0630,選修,,"二 2,3,4",,2 類,,3,,https://course.ntu.edu.tw/courses/114-2/56317
生醫機械系統之最佳化,呂東武,56714,DBME5043,528U0910,選修,,"五 2,3,4",,2 類,,3,,https://course.ntu.edu.tw/courses/114-2/56714
進階顯微影像技術,朱麗安,49408,DBME5047,528U2060,選修,,"三 3,4",,2 類,,2,,https://course.ntu.edu.tw/courses/114-2/49408
專題研究,楊台鴻,57586,DBME7002,528M0040,必修 / 選修,,,,1 類,,1,,https://course.ntu.edu.tw/courses/114-2/57586
專題研究,王兆麟,47994,DBME7002,528M0040,必修,,,,2 類,,1,,https://course.ntu.edu.tw/courses/114-2/47994
專題研究,呂東武,21847,DBME7002,528M0040,必修 / 選修,,,,2 類,,1,,https://course.ntu.edu.tw/courses/114-2/21847
專題研究,林啟萬,35129,DBME7002,528M0040,必修,,,,2 類,,1,,https://course.ntu.edu.tw/courses/114-2/35129
專題研究,趙福杉,46756,DBME7002,528M0040,必修 / 選修,,,,1 類,,1,,https://course.ntu.edu.tw/courses/114-2/46756
專題研究,陳中明,36948,DBME7002,528M0040,必修,,,,1 類,,1,,https://course.ntu.edu.tw/courses/114-2/36948
專題研究,林頌然,14445,DBME7002,528M0040,必修,,,,3 類,,1,,https://course.ntu.edu.tw/courses/114-2/14445
專題研究,吳文超,54412,DBME7002,528M0040,必修 / 選修,,,,3 類,,1,,https://course.ntu.edu.tw/courses/114-2/54412
專題研究,駱  遠,24990,DBME7002,528M0040,必修,,,,3 類,,1,,https://course.ntu.edu.tw/courses/114-2/24990
專題研究,劉浩澧,37296,DBME7002,528M0040,必修 / 選修,,,,3 類,,1,,https://course.ntu.edu.tw/courses/114-2/37296
專題研究,林宗宏,41176,DBME7002,528M0040,必修,,,,3 類,,1,,https://course.ntu.edu.tw/courses/114-2/41176
專題研究,林靜嫻,28626,DBME7002,528M0040,必修,,,,3 類,,1,,https://course.ntu.edu.tw/courses/114-2/28626
專題研究,朱麗安,52576,DBME7002,528M0040,必修,,,,3 類,,1,,https://course.ntu.edu.tw/courses/114-2/52576
專題研究,周資傑,27873,DBME7002,528M0040,必修,,,,3 類,,1,,https://course.ntu.edu.tw/courses/114-2/27873
醫學工程專題討論,周資傑,31319,DBME7003,528M0050,必修,,"二 7,8",基醫302,3 類,,1,,https://course.ntu.edu.tw/courses/114-2/31319
高分子材料分析,楊台鴻,31824,DBME7009,528M0140,選修,,"五 1,2,3",基醫507,3 類,,3,,https://course.ntu.edu.tw/courses/114-2/31824
數學在醫工上之應用下,程子翔,13966,DBME7032,528M0552,必修,,"四 2,3,4",,3 類,,3,,https://course.ntu.edu.tw/courses/114-2/13966
超音波於神經科學應用專題研究,王兆麟,55882,DBME7068,528M1870,選修,,"五 2,3,4",,2 類,,3,,https://course.ntu.edu.tw/courses/114-2/55882
生理與解剖在醫工之應用二,林頌然,21991,DBME7094,528M1440,選修,,"二 2,3,4",基醫504,3 類,,3,,https://course.ntu.edu.tw/courses/114-2/21991
細胞分子生物學,趙本秀,23964,DBME7099,528M1540,選修,,"三 2,3,4",,2 類,,3,,https://course.ntu.edu.tw/courses/114-2/23964
碩士論文,,35588,DBME7999,528M0010,必修,,,,1 類,,0,,https://course.ntu.edu.tw/courses/114-2/35588
博士專題研究,楊台鴻,23261,DBME8001,528D0020,必修,,,,1 類,,1,,https://course.ntu.edu.tw/courses/114-2/23261
博士專題研究,王兆麟,53916,DBME8001,528D0020,必修,,,,2 類,,1,,https://course.ntu.edu.tw/courses/114-2/53916
博士專題研究,呂東武,19759,DBME8001,528D0020,必修,,,,2 類,,1,,https://course.ntu.edu.tw/courses/114-2/19759
博士專題研究,林啟萬,29363,DBME8001,528D0020,必修,,,,2 類,,1,,https://course.ntu.edu.tw/courses/114-2/29363
博士專題研究,趙福杉,30237,DBME8001,528D0020,必修,,,,1 類,,1,,https://course.ntu.edu.tw/courses/114-2/30237
博士專題研究,陳中明,27833,DBME8001,528D0020,必修,,,,1 類,,1,,https://course.ntu.edu.tw/courses/114-2/27833
博士專題研究,林頌然,15536,DBME8001,528D0020,必修,,,,3 類,,1,,https://course.ntu.edu.tw/courses/114-2/15536
博士專題研究,趙本秀,44314,DBME8001,528D0020,必修,,,,1 類,,1,,https://course.ntu.edu.tw/courses/114-2/44314
博士專題研究,施博仁,48347,DBME8001,528D0020,必修,,,,1 類,,1,,https://course.ntu.edu.tw/courses/114-2/48347
博士專題研究,梁祥光,31873,DBME8001,528D0020,必修,,,,3 類,,1,,https://course.ntu.edu.tw/courses/114-2/31873
博士專題研究,程子翔,21478,DBME8001,528D0020,必修,,,,3 類,,1,,https://course.ntu.edu.tw/courses/114-2/21478
博士專題研究,林宗宏,59440,DBME8001,528D0020,必修,,,,3 類,,1,,https://course.ntu.edu.tw/courses/114-2/59440
博士專題研究,駱  遠,45163,DBME8001,528D0020,必修,,,,3 類,,1,,https://course.ntu.edu.tw/courses/114-2/45163
高等醫學工程專題討論,林頌然,28795,DBME8002,528D0030,必修,,"二 7,8",,3 類,,1,,https://course.ntu.edu.tw/courses/114-2/28795
博士論文,,10679,DBME8999,528D0010,必修,,,,1 類,,0,,https://course.ntu.edu.tw/courses/114-2/10679
服務學習甲,王姻麟,38678,Dent0006,402001G0,必帶,,,,3 類,,1,,https://course.ntu.edu.tw/courses/114-2/38678
服務學習乙,陳漪紋,21459,Dent0007,402001H0,必帶,,,,3 類,,1,,https://course.ntu.edu.tw/courses/114-2/21459
口腔醫學導論,章浩宏,14801,Dent1002,40213000,必帶,,三 10,第八講堂,3 類,,1,,https://course.ntu.edu.tw/courses/114-2/14801
牙科公共衛生學,陳信銘,23816,Dent2007,40247100,必帶,,"四 6,7",第八講堂,3 類,,1,,https://course.ntu.edu.tw/courses/114-2/23816
牙體復形學實驗一,姜昱至,28120,Dent2013,40222010,必帶,,二 4 / 四 4,,3 類,,1,,https://course.ntu.edu.tw/courses/114-2/28120
解剖及生理小組討論,章浩宏,22684,Dent3004,40230900,必帶,,"一 10,A",教室405,3 類,,2,,https://course.ntu.edu.tw/courses/114-2/22684
牙科放射線學,陳韻之,34254,Dent3005,40241500,必帶,,"四 8,9",教室405,3 類,,2,,https://course.ntu.edu.tw/courses/114-2/34254
咬合學,陳韻之,42654,Dent3008,40248200,必帶,,"四 6,7",教室405,3 類,,2,,https://course.ntu.edu.tw/courses/114-2/42654
牙科器材學一,姜昱至,45338,Dent3010,40231510,必帶,,二 2 / 四 2,教室405,3 類,,1,,https://course.ntu.edu.tw/courses/114-2/45338
固定補綴學及實驗一,王東美,19245,Dent3013,40233910,必帶,,"三 1,2,3,4",教室403,3 類,,2,,https://course.ntu.edu.tw/courses/114-2/19245
基礎牙周病學,張博鈞,40416,Dent3014,40232610,必帶,,"四 3,4",教室403,3 類,,2,,https://course.ntu.edu.tw/courses/114-2/40416
口腔解剖學下,章浩宏,40973,Dent3016,40230702,必帶,,一 9,教室405,2 類,,1,,https://course.ntu.edu.tw/courses/114-2/40973
大體解剖學及實驗下,林能裕,57091,Dent3018,40231002,必帶,,"二 1,2,3,4,5",,2 類,,3,,https://course.ntu.edu.tw/courses/114-2/57091
牙科藥理學,章浩宏,32994,Dent4006,40240900,必帶,,四 6,教室403,3 類,,1,,https://course.ntu.edu.tw/courses/114-2/32994
牙髓病學,李苑玲,45127,Dent4007,40242200,必帶,,"二 6,7,8",教室403,3 類,,3,,https://course.ntu.edu.tw/courses/114-2/45127
牙髓病學實驗,李苑玲,24040,Dent4008,40242800,必帶,,"一 6,7,8,9",,3 類,,2,,https://course.ntu.edu.tw/courses/114-2/24040
牙體復形學一,姜昱至,40300,Dent4022,40242010,必帶,,二 3 / 四 3,教室405,3 類,,1,,https://course.ntu.edu.tw/courses/114-2/40300
固定補綴學及實驗二,王東美,19787,Dent4024,40243920,必帶,,"五 6,7,8,9",教室405,3 類,,2,,https://course.ntu.edu.tw/courses/114-2/19787
臨床牙周病學,陳漪紋,50704,Dent4025,40242620,必帶,,"四 7,8,9",教室403,3 類,,3,,https://course.ntu.edu.tw/courses/114-2/50704
口腔病理診斷學暨實驗二,張玉芳,15347,Dent4027,40241120,必帶,,"三 1,2,3,4",教室405,3 類,,4,,https://course.ntu.edu.tw/courses/114-2/15347
藥理學實驗,楊鎧鍵,48007,Dent4028,40240020,必帶,,"三 7,8,9,10",,3 類,,2,,https://course.ntu.edu.tw/courses/114-2/48007
口腔顎面外科學二,郭生興,39825,Dent5008,40254330,必帶,,"一 8,9 / 二 8,9",第八講堂,3 類,,4,,https://course.ntu.edu.tw/courses/114-2/39825
牙科矯正學實驗,張瑞青,30238,Dent5010,40255500,必帶,,"四 6,7",,3 類,,1,,https://course.ntu.edu.tw/courses/114-2/30238
牙科放射線臨床實習下,李苑玲,46291,Dent5012,40261502,必帶,,,,3 類,,1,,https://course.ntu.edu.tw/courses/114-2/46291
口腔診斷學臨床實習下,張玉芳,15595,Dent5013,40261202,必帶,,,,3 類,,1,,https://course.ntu.edu.tw/courses/114-2/15595
初階牙髓病學臨床實習,李苑玲,42163,Dent5028,40259700,必修,,,,3 類,,2,,https://course.ntu.edu.tw/courses/114-2/42163
局部補綴學二,陳韻之,25580,Dent5033,40255320,必帶,,五 6,教室403,3 類,,1,,https://course.ntu.edu.tw/courses/114-2/25580
局部補綴學實驗二,陳韻之,31616,Dent5035,40255420,必帶,,"五 7,8,9",,3 類,,1,,https://course.ntu.edu.tw/courses/114-2/31616
咀嚼機能障礙與口顏面疼痛學,陳韻之,53944,Dent5038,40259900,必帶,,"二 6,7",第八講堂,3 類,,1,,https://course.ntu.edu.tw/courses/114-2/53944
臨床實習前訓練課程下,章浩宏,55581,Dent5082,40259802,必帶,,"三 6,7,8",,3 類,,1,,https://course.ntu.edu.tw/courses/114-2/55581
口腔植體學,張博鈞,53049,Dent5101,40258100,必帶,,"四 8,9",第八講堂,3 類,,2,,https://course.ntu.edu.tw/courses/114-2/53049
兒童牙科臨床實習,張曉華,45469,Dent6021,40266100,必修,,,,3 類,,2,,https://course.ntu.edu.tw/courses/114-2/45469
牙體復形學臨床實習,姜昱至,56186,Dent6025,40262000,必修,,,,3 類,,6,,https://course.ntu.edu.tw/courses/114-2/56186
牙髓病學臨床實習,李苑玲,30223,Dent6027,40262400,必修,,,,3 類,,6,,https://course.ntu.edu.tw/courses/114-2/30223
牙周病學臨床實習,陳漪紋,31599,Dent6029,40262600,必修,,,,3 類,,6,,https://course.ntu.edu.tw/courses/114-2/31599
固定補綴學臨床實習,王東美,24266,Dent6030,40263100,必修,,,,3 類,,6,,https://course.ntu.edu.tw/courses/114-2/24266
局部補綴學臨床實習,陳韻之,38880,Dent6031,40263500,必修,,,,3 類,,6,,https://course.ntu.edu.tw/courses/114-2/38880
全口補綴學臨床實習,楊宗傑,56272,Dent6033,40263800,必修,,,,3 類,,2,,https://course.ntu.edu.tw/courses/114-2/56272
口腔顎面外科臨床實習,鄭世榮,14188,Dent6034,40264300,必修,,,,3 類,,8,,https://course.ntu.edu.tw/courses/114-2/14188
牙科矯正學臨床實習,張瑞青,52511,Dent6035,40265100,必修,,,,3 類,,2,,https://course.ntu.edu.tw/courses/114-2/52511
牙科臨床病例暨專題研究討論下,李伯訓,34002,Dent6037,40268312,必帶,,"一 10,A",第八講堂,3 類,,1,,https://course.ntu.edu.tw/courses/114-2/34002
博士論文,,11846,DGH8001,854D0010,必修,,,,1 類,,0,,https://course.ntu.edu.tw/courses/114-2/11846
量性研究方法於全球衛生之應用,張慶國,33169,DGH8002,854D0020,必修 / 選修,,"三 3,4",公衛105,3 類,,2,,https://course.ntu.edu.tw/courses/114-2/33169
質性研究方法於全球衛生之應用,李柏翰,20715,DGH8003,854D0030,必修 / 選修,,"四 8,9,10",公衛210,3 類,,2,,https://course.ntu.edu.tw/courses/114-2/20715
全球衛生博士專題討論一,郭年真,23468,DGH8005,854D0050,必修,,"一 8,9",,2 類,,2,,https://course.ntu.edu.tw/courses/114-2/23468
圖解 MOS 元件,劉致為,44372,DMHI5001,K43U1000,選修,,"六 7,8",,1 類,,2,,https://course.ntu.edu.tw/courses/114-2/44372
先進積體電路元件及技術,劉致為,53224,DMHI5003,K43U0030,選修,,"一 2,3,4",,1 類,,3,,https://course.ntu.edu.tw/courses/114-2/53224
鐵電材料與元件技術,李敏鴻,29480,DMHI5006,K43U0060,必修 / 選修,,"五 7,8,9",,1 類,,3,,https://course.ntu.edu.tw/courses/114-2/29480
專題討論,李敏鴻,35921,DMHI7001,K43M2000,必修,,一 8,,1 類,,1,,https://course.ntu.edu.tw/courses/114-2/35921
研發實習,李敏鴻,59525,DMHI7002,K43M0030,必修,,,,2 類,,3,,https://course.ntu.edu.tw/courses/114-2/59525
專題研究,胡振國,58821,DMHI7003,K43M0020,必修,,,,1 類,,1,,https://course.ntu.edu.tw/courses/114-2/58821
專題研究,吳忠幟,26409,DMHI7003,K43M0020,必修,,,,1 類,,1,,https://course.ntu.edu.tw/courses/114-2/26409
專題研究,吳志毅,37030,DMHI7003,K43M0020,必修,,,,1 類,,1,,https://course.ntu.edu.tw/courses/114-2/37030
專題研究,林致廷,58714,DMHI7003,K43M0020,必修,,,,1 類,,1,,https://course.ntu.edu.tw/courses/114-2/58714
專題研究,吳肇欣,17174,DMHI7003,K43M0020,必修,,,,1 類,,1,,https://course.ntu.edu.tw/courses/114-2/17174
專題研究,李峻霣,33190,DMHI7003,K43M0020,必修,,,,1 類,,1,,https://course.ntu.edu.tw/courses/114-2/33190
專題研究,胡璧合,40081,DMHI7003,K43M0020,必修,,,,1 類,,1,,https://course.ntu.edu.tw/courses/114-2/40081
專題研究,張子璿,16346,DMHI7003,K43M0020,必修,,,,1 類,,1,,https://course.ntu.edu.tw/courses/114-2/16346
專題研究,高振宏,27915,DMHI7003,K43M0020,必修,,,,1 類,,1,,https://course.ntu.edu.tw/courses/114-2/27915
專題研究,陳敏璋,11683,DMHI7003,K43M0020,必修,,,,1 類,,1,,https://course.ntu.edu.tw/courses/114-2/11683
專題研究,顏鴻威,37114,DMHI7003,K43M0020,必修,,,,1 類,,1,,https://course.ntu.edu.tw/courses/114-2/37114
專題研究,薛景中,38250,DMHI7003,K43M0020,必修,,,,1 類,,1,,https://course.ntu.edu.tw/courses/114-2/38250
專題研究,吳瑞北,20462,DMHI7003,K43M0020,必修,,,,1 類,,1,,https://course.ntu.edu.tw/courses/114-2/20462
專題研究,吳宗霖,49244,DMHI7003,K43M0020,必修,,,,1 類,,1,,https://course.ntu.edu.tw/courses/114-2/49244
專題研究,李坤彥,40769,DMHI7003,K43M0020,必修,,,,1 類,,1,,https://course.ntu.edu.tw/courses/114-2/40769
專題研究,李敏鴻,56502,DMHI7003,K43M0020,必修,,,,1 類,,1,,https://course.ntu.edu.tw/courses/114-2/56502
碩士論文,,17506,DMHI7999,K43M0010,必修,,,,1 類,,0,,https://course.ntu.edu.tw/courses/114-2/17506
專題討論,李敏鴻,38016,DMHI8001,K44D2000,必修,,一 8,,1 類,,1,,https://course.ntu.edu.tw/courses/114-2/38016
研發實習,李敏鴻,40183,DMHI8002,K44D0030,必修,,,,2 類,,3,,https://course.ntu.edu.tw/courses/114-2/40183
專題研究,林浩雄,45445,DMHI8003,K44D0020,必修,,,,1 類,,1,,https://course.ntu.edu.tw/courses/114-2/45445
專題研究,劉致為,35194,DMHI8003,K44D0020,必修,,,,1 類,,1,,https://course.ntu.edu.tw/courses/114-2/35194
專題研究,吳志毅,44936,DMHI8003,K44D0020,必修,,,,1 類,,1,,https://course.ntu.edu.tw/courses/114-2/44936
專題研究,林致廷,17580,DMHI8003,K44D0020,必修,,,,1 類,,1,,https://course.ntu.edu.tw/courses/114-2/17580
專題研究,吳肇欣,40728,DMHI8003,K44D0020,必修,,,,1 類,,1,,https://course.ntu.edu.tw/courses/114-2/40728
專題研究,李峻霣,48186,DMHI8003,K44D0020,必修,,,,1 類,,1,,https://course.ntu.edu.tw/courses/114-2/48186
專題研究,胡璧合,52394,DMHI8003,K44D0020,必修,,,,1 類,,1,,https://course.ntu.edu.tw/courses/114-2/52394
專題研究,張子璿,12027,DMHI8003,K44D0020,必修,,,,1 類,,1,,https://course.ntu.edu.tw/courses/114-2/12027
專題研究,高振宏,48425,DMHI8003,K44D0020,必修,,,,1 類,,1,,https://course.ntu.edu.tw/courses/114-2/48425
專題研究,陳敏璋,54151,DMHI8003,K44D0020,必修,,,,1 類,,1,,https://course.ntu.edu.tw/courses/114-2/54151
博士論文,,40213,DMHI8999,K44D0010,必修,,,,1 類,,0,,https://course.ntu.edu.tw/courses/114-2/40213
人機互動與人本運算,袁千雯,57906,DS5602,Z00U0020,選修,,"二 6,7,8",卓R505,2 類,,3,,https://course.ntu.edu.tw/courses/114-2/57906
在地展齡：「家文化」專題,陳懷萱,50092,DS5608,Z00U0080,選修,,,,2 類,,3,,https://course.ntu.edu.tw/courses/114-2/50092
社會設計導論,黃書緯,10070,DS5611,Z00U0110,選修,,"二 2,3,4",卓R508,2 類,,3,,https://course.ntu.edu.tw/courses/114-2/10070
看電影學愛情,黃韻如,49150,DS5617,Z00U0170,,,"四 A,B,C,D",普101,2 類,,2,,https://course.ntu.edu.tw/courses/114-2/49150
美學創意人生設計,余峻瑜,41891,DS5619,Z00U0190,選修,,"二 2,3,4",,2 類,,3,,https://course.ntu.edu.tw/courses/114-2/41891
思考未來,宋玫玫,54379,DS5620,Z00U0200,選修,,"三 3,4",卓R508,2 類,,2,,https://course.ntu.edu.tw/courses/114-2/54379
設計你的人生,朱士維,11914,DS5623,Z00U0230,選修,,"三 7,8,9",卓R505,2 類,,3,,https://course.ntu.edu.tw/courses/114-2/11914
設計人生引導員培育暨專案實作,陳品豪,12309,DS5625,Z00U0250,選修,,,,2 類,,3,,https://course.ntu.edu.tw/courses/114-2/12309
設計思考入門1T,李宗興,53899,DS5626,Z00U0260,選修,,,,2 類,,1,,https://course.ntu.edu.tw/courses/114-2/53899
設計思考入門2T,李宗興,34547,DS5627,Z00U0270,選修,,,,2 類,,1,,https://course.ntu.edu.tw/courses/114-2/34547
設計思考教練人才培育課程,黃書緯,49781,DS5628,Z00U0280,選修,,"二 A,B,C",卓R505,2 類,,3,,https://course.ntu.edu.tw/courses/114-2/49781
循環城事專題,黃書緯,42005,DS5633,Z00U0330,選修,,,,2 類,,1,,https://course.ntu.edu.tw/courses/114-2/42005
跨域創新設計開箱體驗,李宗興,27526,DS5636,Z00U0360,選修,,"二 2,3,4",新401,2 類,,1,,https://course.ntu.edu.tw/courses/114-2/27526
包皮與割禮：文化、醫學與權力的跨域探究,賴育宏,12597,DS5647,Z00U0470,,,"二 6,7",博雅102,2 類,,2,,https://course.ntu.edu.tw/courses/114-2/12597
探索學習一,黃韻如,42304,DS5701,Z00U7010,選修,,,,2 類,,2,,https://course.ntu.edu.tw/courses/114-2/42304
探索學習二,黃韻如,23920,DS5702,Z00U7020,選修,,,,2 類,,2,,https://course.ntu.edu.tw/courses/114-2/23920
探索學習三,黃韻如,47560,DS5703,Z00U7030,選修,,,,2 類,,2,,https://course.ntu.edu.tw/courses/114-2/47560
探索學習四,黃韻如,58058,DS5704,Z00U7040,選修,,,,2 類,,2,,https://course.ntu.edu.tw/courses/114-2/58058
服務學習甲,李佳穗,23999,ECON0006,303001G0,必修,,,,1 類,,1,,https://course.ntu.edu.tw/courses/114-2/23999
服務學習甲,小松利明,18217,ECON0006,303001G0,必修,,,,1 類,,1,,https://course.ntu.edu.tw/courses/114-2/18217
服務學習甲,朴聖民,20567,ECON0006,303001G0,必修,,,,1 類,,1,,https://course.ntu.edu.tw/courses/114-2/20567
服務學習甲,陳由常,54808,ECON0006,303001G0,必修,,,,1 類,,1,,https://course.ntu.edu.tw/courses/114-2/54808
服務學習乙,李佳穗,35314,ECON0007,303001H0,必修,,,,1 類,,1,,https://course.ntu.edu.tw/courses/114-2/35314
服務學習乙,朴聖民,21715,ECON0007,303001H0,必修,,,,1 類,,1,,https://course.ntu.edu.tw/courses/114-2/21715
服務學習乙,劉育辰,32975,ECON0007,303001H0,必修,,,,1 類,,1,,https://course.ntu.edu.tw/courses/114-2/32975
總體經濟學原理與實習,廖珮如,16996,ECON1021,30310120,,,"一 5 / 三 5 / 五 2,3,4",博雅102,2 類,,4,,https://course.ntu.edu.tw/courses/114-2/16996
總體經濟學原理與實習,樊家忠,48908,ECON1021,30310120,,,"一 5 / 三 5 / 五 2,3,4",博雅101/華南講堂,2 類,,4,,https://course.ntu.edu.tw/courses/114-2/48908
總體經濟學原理與實習,高恩琵,41900,ECON1021,30310120,,,"一 5 / 三 5 / 五 3,4,5",社科403,2 類,,4,,https://course.ntu.edu.tw/courses/114-2/41900
個體經濟學原理,駱明慶,26524,ECON1022,30310130,,,"五 3,4,5",社科503,3 類,,3,,https://course.ntu.edu.tw/courses/114-2/26524
個體經濟學原理,李顯峰,33302,ECON1022,30310130,,,"二 7,8,9",社科201,2 類,,3,,https://course.ntu.edu.tw/courses/114-2/33302
總體經濟學原理,朱敬一,27852,ECON1023,30310140,,,"五 2,3,4",博雅103,2 類,,3,,https://course.ntu.edu.tw/courses/114-2/27852
總體經濟學原理,吳中書,14195,ECON1023,30310140,,,"一 7,8,9",博雅101/華南講堂,2 類,,3,,https://course.ntu.edu.tw/courses/114-2/14195
總體經濟學原理,謝德宗,54747,ECON1023,30310140,,,"二 2,3,4",社科202,2 類,,3,,https://course.ntu.edu.tw/courses/114-2/54747
程式設計,魏聖倫,44595,ECON1024,30317000,選修,,"一 6,7,8",社科303,2 類,,3,,https://course.ntu.edu.tw/courses/114-2/44595
英文作文一下,李佳穗,13365,ECON1026,30311112,選修,,"三 8,9",社科305,2 類,,2,,https://course.ntu.edu.tw/courses/114-2/13365
個體經濟學下,黃貞穎,42134,ECON2019,30320012,必修,,"三 6,7,8",社科102,2 類,,3,,https://course.ntu.edu.tw/courses/114-2/42134
個體經濟學下,蔡崇聖,54586,ECON2019,30320012,必修 / 選修,,"一 6,7,8",社科502,3 類,,3,,https://course.ntu.edu.tw/courses/114-2/54586
個體經濟學下,陳  儀,16987,ECON2019,30320012,必修,,"五 3,4,5",社科405,2 類,,3,,https://course.ntu.edu.tw/courses/114-2/16987
個體經濟學下,賴建宇,46838,ECON2019,30320012,必修 / 選修,,"一 2,3,4",社科502,3 類,,3,,https://course.ntu.edu.tw/courses/114-2/46838
總體經濟學下,毛慶生,18731,ECON2021,30320022,必修 / 選修,,"五 7,8,9",社科201,2 類,,3,,https://course.ntu.edu.tw/courses/114-2/18731
總體經濟學下,蔡宜展,57905,ECON2021,30320022,必修 / 選修,,"五 2,3,4",社科102,2 類,,3,,https://course.ntu.edu.tw/courses/114-2/57905
總體經濟學下,朱玉琦,39808,ECON2021,30320022,必修 / 選修,,"二 3,4,5",社科507,3 類,,3,,https://course.ntu.edu.tw/courses/114-2/39808
總體經濟學下,梁卓誠,27066,ECON2021,30320022,必修,,"四 2,3,4",社科202,1 類,,3,,https://course.ntu.edu.tw/courses/114-2/27066
計量經濟學導論暨實習,張勝凱,13205,ECON2023,30320060,必修 / 選修,,"二 3,4 / 三 3,4,5",社科303,2 類,,4,,https://course.ntu.edu.tw/courses/114-2/13205
計量經濟學導論暨實習,陳冠銘,51174,ECON2023,30320060,必修 / 選修,,"二 2,3,4 / 六 A,B",社科研607,2 類,,4,,https://course.ntu.edu.tw/courses/114-2/51174
計量經濟學導論暨實習,李宗穎,33354,ECON2023,30320060,必修 / 選修,,"二 6,7 / 三 2,3,4",社科502,2 類,,4,,https://course.ntu.edu.tw/courses/114-2/33354
深造預備英文寫作與口語表達,李佳穗,43455,ECON2025,30324720,選修,,"五 6,7,8",社科305,2 類,,3,,https://course.ntu.edu.tw/courses/114-2/43455
深造預備英文寫作與口語表達,李佳穗,51822,ECON2025,30324720,選修,,"五 7,8,9",,2 類,,3,,https://course.ntu.edu.tw/courses/114-2/51822
英文寫作入門與演練,李佳穗,29279,ECON2028,30324750,選修,,"四 7,8,9",社科305,2 類,,3,,https://course.ntu.edu.tw/courses/114-2/29279
英文作文二下,李佳穗,58228,ECON2030,30324770,選修,,"三 6,7",社科305,2 類,,2,,https://course.ntu.edu.tw/courses/114-2/58228
貨幣銀行學二,李怡庭,59883,ECON3004,30336020,選修,,"三 6,7",社科201,2 類,,2,,https://course.ntu.edu.tw/courses/114-2/59883
貨幣銀行學二,陳南光,14582,ECON3004,30336020,選修,,"五 6,7",社科102,2 類,,2,,https://course.ntu.edu.tw/courses/114-2/14582
經濟史一,魏凱立,10645,ECON3007,30320010,,,"一 7,8,9",社科202,3 類,,3,,https://course.ntu.edu.tw/courses/114-2/10645
教育經濟學,駱明慶,46920,ECON3025,30323200,選修,,"四 3,4",社科研609,3 類,,2,,https://course.ntu.edu.tw/courses/114-2/46920
賽局與訊息,蔡崇聖,55516,ECON3030,30322040,選修,,"三 6,7,8",社科506,3 類,,3,,https://course.ntu.edu.tw/courses/114-2/55516
財政學專題,宋玉生,59106,ECON3041,30335100,選修,,"五 2,3,4",社科406,2 類,,3,,https://course.ntu.edu.tw/courses/114-2/59106
商事法總論及公司法,楊岳平,13220,ECON3050,30319030,選修,,"四 7,8,9",社科502,2 類,,3,,https://course.ntu.edu.tw/courses/114-2/13220
貿易理論,小松利明,53145,ECON4001,30347300,選修,,"一 6,7,8",社科506,3 類,,3,,https://course.ntu.edu.tw/courses/114-2/53145
國際金融,曹添旺,44377,ECON4003,30347500,選修,,"四 2,3,4",社科405,3 類,,3,,https://course.ntu.edu.tw/courses/114-2/44377
賽局論,古慧雯,43606,ECON4031,30346500,選修,,"五 2,3",社科402,3 類,,2,,https://course.ntu.edu.tw/courses/114-2/43606
從個人到社會的創傷與韌性 - 由經濟學視角出發,蘇軒立,37159,ECON4039,30340090,,,"一 6,7,8",社科405,3 類,,3,,https://course.ntu.edu.tw/courses/114-2/37159
學士論文下,,26543,ECON4999,30340102,選修,,,,2 類,,2,,https://course.ntu.edu.tw/courses/114-2/26543
學士論文下,陳冠銘,19112,ECON4999,30340102,選修,,,,2 類,,2,,https://course.ntu.edu.tw/courses/114-2/19112
學士論文下,王泓仁,39372,ECON4999,30340102,選修,,,,2 類,,2,,https://course.ntu.edu.tw/courses/114-2/39372
市場與臺灣經濟發展一,吳聰敏,42068,ECON5002,323U0190,選修,,"二 A,B",社科202,3 類,,2,,https://course.ntu.edu.tw/courses/114-2/42068
經濟成長理論一,陳明郎,55727,ECON5020,323U1310,選修,,"五 2,3,4",社科302,2 類,,3,,https://course.ntu.edu.tw/courses/114-2/55727
台灣產業經濟政策,鄭秀玲,43996,ECON5069,323U8000,選修,,"三 6,7,8,9,10",社科研609,2 類,,2,,https://course.ntu.edu.tw/courses/114-2/43996
神經經濟學專題,黃貞穎,23639,ECON5077,323U8100,選修,,"四 3,4",社科403,1 類,,2,,https://course.ntu.edu.tw/courses/114-2/23639
公平配置機制,葉俊顯,54271,ECON5078,323U2700,選修,,"三 8,9",社科302,1 類,,2,,https://course.ntu.edu.tw/courses/114-2/54271
經濟學學術英文寫作,江介維,19893,ECON5092,323U0320,選修,,"三 3,4,5",社科302,2 類,,3,,https://course.ntu.edu.tw/courses/114-2/19893
動態最適化與動態賽局,周建富,43135,ECON5119,323U7510,選修,,"三 7,8,9",社科307,3 類,,3,,https://course.ntu.edu.tw/courses/114-2/43135
頤賢講座-臺灣政經社問題與對策 (二),林惠玲,15131,ECON5134,323U0120,選修,,"四 8,9",社科303,2 類,,2,,https://course.ntu.edu.tw/courses/114-2/15131
財務管理,姜堯民,48487,ECON5144,323U7010,選修,,"一 7,8,9",,2 類,,3,,https://course.ntu.edu.tw/courses/114-2/48487
管理經濟學,薛  琦,30519,ECON5147,323U5400,選修,,"二 6,7,8",社科301,1 類,,2,,https://course.ntu.edu.tw/courses/114-2/30519
金融與產業實務課程二,林明仁,17545,ECON5149,323U1570,選修,,"五 6,7",社科202,3 類,,2,,https://course.ntu.edu.tw/courses/114-2/17545
貨幣金融專題,許嘉棟,33327,ECON5152,323U1590,選修,,"二 6,7",社科202,2 類,,2,,https://course.ntu.edu.tw/courses/114-2/33327
資料科學與社會研究總整課程,陳由常,24242,ECON5157,323U8500,選修,,"二 6,7,8",社科研608,2 類,,3,,https://course.ntu.edu.tw/courses/114-2/24242
創意產業專題,馮勃翰,11098,ECON5162,323U0270,選修,,"一 2,3,4",社科302,2 類,,3,,https://course.ntu.edu.tw/courses/114-2/11098
勞動經濟學專題: 實證方法與應用,楊子霆,22575,ECON5163,323U4100,選修,,"三 3,4",社科研609,3 類,,2,,https://course.ntu.edu.tw/courses/114-2/22575
計量經濟學二,劉錦添,39141,ECON5164,323U4220,選修,,"四 2,3,4,5",社科406,3 類,,3,,https://course.ntu.edu.tw/courses/114-2/39141
經濟計量數值方法導論,王泓仁,49476,ECON5187,323U1070,選修,,"一 7,8",社科306,2 類,,2,,https://course.ntu.edu.tw/courses/114-2/49476
人口與經濟成長,廖珮如,12365,ECON5201,323U0980,選修,,"一 2,3,4",社科402,3 類,,3,,https://course.ntu.edu.tw/courses/114-2/12365
機制設計專題,陳慶池,20710,ECON5205,323U2750,選修,,"三 2,3,4",社科402,3 類,,3,,https://course.ntu.edu.tw/courses/114-2/20710
總體經濟理論與實務,林建甫,49213,ECON5210,323U1150,選修,,"一 8,9",社科102,1 類,,1,,https://course.ntu.edu.tw/courses/114-2/49213
媒體，政治，與科技,江淳芳,52314,ECON5214,323U7230,選修,,"二 3,4",社科研609,2 類,,2,,https://course.ntu.edu.tw/courses/114-2/52314
經濟學政策分析,梁卓誠,48519,ECON5215,323U1880,選修,,"三 3,4,5",社科506,1 類,,3,,https://course.ntu.edu.tw/courses/114-2/48519
市場與策略,李宗穎,35244,ECON5216,323U2410,選修,,"二 3,4",社科502,2 類,,2,,https://course.ntu.edu.tw/courses/114-2/35244
生產力和市場力量的實證分析,洪俊教,12324,ECON5221,323U2820,選修,,"二 2,3,4",社科研606,3 類,,3,,https://course.ntu.edu.tw/courses/114-2/12324
進階公司理財二,吳儀玲,10574,ECON5222,323U6960,選修,,"四 2,3,4",社科研607,2 類,,3,,https://course.ntu.edu.tw/courses/114-2/10574
進階總體：跨期選擇與疊代模型之理論與應用,朱玉琦,12148,ECON5224,323U1190,選修,,"三 3,4",社科研607,3 類,,2,,https://course.ntu.edu.tw/courses/114-2/12148
產業組織實證方法,黃景沂,44139,ECON5228,323U2830,選修,,"五 2,3",社科研608,2 類,,2,,https://course.ntu.edu.tw/courses/114-2/44139
臺灣經濟史—現代經濟的建構,葉淑貞,24671,ECON5231,323U0070,選修,,"二 6,7",社科402,2 類,,2,,https://course.ntu.edu.tw/courses/114-2/24671
實驗經濟學二：重複實驗,王道一,49317,ECON5233,323U8450,選修,,"五 7,8",社科研608,1 類,,2,,https://course.ntu.edu.tw/courses/114-2/49317
進階總體：國際總體經濟學,劉育辰,38015,ECON5235,323U1160,選修,,"二 6,7,8",社科研602,3 類,,3,,https://course.ntu.edu.tw/courses/114-2/38015
微課程: 金融拍賣理論,謝志昇,23825,ECON5236,323U2340,選修,,,,2 類,,1,,https://course.ntu.edu.tw/courses/114-2/23825
實驗經濟學導論二：現場實驗,賴建宇,49266,ECON5238,323U8470,選修,,"一 6,7,8",社科研604,2 類,,3,,https://course.ntu.edu.tw/courses/114-2/49266
微課程：風險分攤-家庭、政府與NPO的角色,廖珮如,44221,ECON5239,323U1860,選修,,,,2 類,,1,,https://course.ntu.edu.tw/courses/114-2/44221
微課程：理解大型語言模型於應用經濟學,黃景沂,95129,ECON5240,323U7270,選修,,,,1 類,,1,,https://course.ntu.edu.tw/courses/114-2/95129
家庭經濟學,駱明慶,23388,ECON7061,323M3300,選修,,"四 B,C",社科研609,1 類,,2,,https://course.ntu.edu.tw/courses/114-2/23388
專題討論-個體經濟、產業組織與貿易二,羅珮瑜,32796,ECON7100,323M0090,必修,,"四 6,7",社科研608,3 類,,1,,https://course.ntu.edu.tw/courses/114-2/32796
貨幣理論與政策一,陳南光,18104,ECON7109,323M1150,選修,,"五 2,3,4",社科研603,2 類,,3,,https://course.ntu.edu.tw/courses/114-2/18104
賽局實證分析,洪俊教,43429,ECON7153,323M3720,選修,,"二 7,8",社科研603,3 類,,2,,https://course.ntu.edu.tw/courses/114-2/43429
專題討論─經濟計量二,郭漢豪,17205,ECON7185,323M0210,必修,,"四 6,7",社科研607,3 類,,1,,https://course.ntu.edu.tw/courses/114-2/17205
專題討論─貨幣與總體二,和田健司,25624,ECON7193,323M0250,必修,,"四 6,7",社科302,3 類,,1,,https://course.ntu.edu.tw/courses/114-2/25624
貨幣經濟專題,李怡庭,54275,ECON7206,323M2770,選修,,"一 6,7,8",社科研603,3 類,,3,,https://course.ntu.edu.tw/courses/114-2/54275
社會網絡的經濟學分析,謝志昇,49615,ECON7217,323M3760,選修,,"二 2,3,4",社科506,2 類,,3,,https://course.ntu.edu.tw/courses/114-2/49615
機器學習與經濟計量,楊睿中,34516,ECON7225,323M1790,選修,,"二 2,3,4",社科研605,1 類,,3,,https://course.ntu.edu.tw/courses/114-2/34516
專題討論,樊家忠,27673,ECON7914,323M0020,必修,,"三 B,C",,1 類,,1,,https://course.ntu.edu.tw/courses/114-2/27673
價格分析二,樊家忠,16640,ECON7921,323M7220,必修,,"六 2,3,4",社科研608,1 類,,2,,https://course.ntu.edu.tw/courses/114-2/16640
所得與就業理論二,毛慶生,59359,ECON7922,323M7320,必修,,"六 7,8,9",社科研608,1 類,,2,,https://course.ntu.edu.tw/courses/114-2/59359
經濟實證與預測二,駱明慶,39499,ECON7923,323M7120,必修,,"五 A,B,C",社科研608,1 類,,2,,https://course.ntu.edu.tw/courses/114-2/39499
市場與台灣經濟發展,吳聰敏,42019,ECON7929,323M7760,選修,,"二 A,B",,1 類,,2,,https://course.ntu.edu.tw/courses/114-2/42019
產業經濟與政策分析,陳正倉,11945,ECON7941,323M7470,選修,,"六 3,4",社科研609,1 類,,2,,https://course.ntu.edu.tw/courses/114-2/11945
國際金融理論與政策,林宗耀,47958,ECON7947,323M7660,選修,,"一 A,B",社科102,1 類,,2,,https://course.ntu.edu.tw/courses/114-2/47958
如何進行實證研究,連賢明,17924,ECON7950,323M7900,選修,,"六 6,7",社科研609,1 類,,2,,https://course.ntu.edu.tw/courses/114-2/17924
財務管理,謝德宗,31789,ECON7954,323M7490,選修,,"五 A,B",社科102,1 類,,2,,https://course.ntu.edu.tw/courses/114-2/31789
應用總體與財務計量方法,陳旭昇,30118,ECON7961,323M6550,選修,,"六 3,4",社科研605,1 類,,2,,https://course.ntu.edu.tw/courses/114-2/30118
碩士論文,,34206,ECON7999,323M0010,必修,,,,1 類,,0,,https://course.ntu.edu.tw/courses/114-2/34206
經濟學研究方法,蔡宜展,52586,ECON8007,323M6540,必修,,"二 2,3,4",社科研608,2 類,,2,,https://course.ntu.edu.tw/courses/114-2/52586
個體經濟理論二A,朴聖民,27115,ECON8812,323M0830,必修,,"一 7,8,9 / 三 9,10",社科研607,1 類,,2,,https://course.ntu.edu.tw/courses/114-2/27115
個體經濟理論二B,朴埻錄,29754,ECON8813,323M0840,選修,,"一 7,8,9 / 三 9,10",社科研607,1 類,,2,,https://course.ntu.edu.tw/courses/114-2/29754
計量經濟理論二A,黃景沂,18858,ECON8820,323M0930,必修,,"二 9,10 / 三 6,7,8",社科研607,1 類,,2,,https://course.ntu.edu.tw/courses/114-2/18858
計量經濟理論二B,張勝凱,43827,ECON8821,323M0940,必修,,"二 9,10 / 五 6,7,8",社科研605,1 類,,2,,https://course.ntu.edu.tw/courses/114-2/43827
博士論文,,54002,ECON8999,323D0010,必修,,,,1 類,,0,,https://course.ntu.edu.tw/courses/114-2/54002
教育實踐課程（一）中學服務,符碧真,29803,EduTch3002,P0100340,必修,,"五 6,7",,2 類,,2,,https://course.ntu.edu.tw/courses/114-2/29803
教育實踐課程（二）中學服務,洪承宇,43182,EduTch3003,P0100350,必修,,"三 6,7",,2 類,,2,,https://course.ntu.edu.tw/courses/114-2/43182
教育實踐課程（三）教育服務隊（上）,王秀槐,45868,EduTch3004,P0100360,必修,,,,2 類,,2,,https://course.ntu.edu.tw/courses/114-2/45868
教育實踐課程（四）國際交流,許育萍,44692,EduTch3006,P0100380,必修,,,,2 類,,2,,https://course.ntu.edu.tw/courses/114-2/44692
英語文/領域教學實習,張心瑜,10690,EduTch5004,P01U4610,必修,,"二 A,B",普203,3 類,,2,,https://course.ntu.edu.tw/courses/114-2/10690
教育心理學,王秀槐,21596,EduTch5102,P01U0020,必修,,"二 8,9",,2 類,,2,,https://course.ntu.edu.tw/courses/114-2/21596
教育社會學,符碧真,32413,EduTch5103,P01U0080,必修,,"三 8,9",,2 類,,2,,https://course.ntu.edu.tw/courses/114-2/32413
教育哲學,許育萍,19322,EduTch5104,P01U0110,必修,,"四 3,4",,2 類,,2,,https://course.ntu.edu.tw/courses/114-2/19322
輔導原理與實務,王秀槐,16675,EduTch5201,P01U0070,必修 / 選修,,"一 8,9",,2 類,,2,,https://course.ntu.edu.tw/courses/114-2/16675
班級經營,洪承宇,36883,EduTch5202,P01U0090,必修,,"二 6,7",,2 類,,2,,https://course.ntu.edu.tw/courses/114-2/36883
教育政策與法令,楊雅妃,42761,EduTch5310,P01U2180,選修,,"四 3,4",,3 類,,2,,https://course.ntu.edu.tw/courses/114-2/42761
閱讀理解策略教學,符碧真,27925,EduTch5328,P01U2430,選修,,"一 8,9",,2 類,,2,,https://course.ntu.edu.tw/courses/114-2/27925
教育議題專題,洪承宇,52318,EduTch5330,P01U2450,必修,,"一 6,7",,2 類,,2,,https://course.ntu.edu.tw/courses/114-2/52318
比較教育,許育萍,57101,EduTch5333,P01U2480,選修,,"二 6,7",,2 類,,2,,https://course.ntu.edu.tw/courses/114-2/57101
補救教學,許育萍,57559,EduTch5334,P01U2490,選修,,"三 6,7",,2 類,,2,,https://course.ntu.edu.tw/courses/114-2/57559
多元文化教育,楊雅妃,31209,EduTch5342,P01U2550,選修,,"四 8,9",,2 類,,2,,https://course.ntu.edu.tw/courses/114-2/31209
第二外國語教材教法,黃鈺涵,18038,EduTch5449,P01U1600,必修,,"二 3,4",博雅304,2 類,,2,,https://course.ntu.edu.tw/courses/114-2/18038
物理科/自然領域教學實習,傅昭銘,59917,EduTch5559,P01U4400,必修,,"四 A,B",,2 類,,2,,https://course.ntu.edu.tw/courses/114-2/59917
化學科/自然領域教學實習,梁文傑,24024,EduTch5560,P01U4410,必修,,"四 1,2",博雅307,2 類,,2,,https://course.ntu.edu.tw/courses/114-2/24024
地球科學/領域教學實習,吳育雅,45350,EduTch5561,P01U4420,必修,,"四 6,7",博雅204,3 類,,2,,https://course.ntu.edu.tw/courses/114-2/45350
生物科/自然領域教學實習,董桂書,34261,EduTch5562,P01U4430,必修,,"五 10,A",,3 類,,2,,https://course.ntu.edu.tw/courses/114-2/34261
歷史科/社會領域教學實習,柯景棋,45022,EduTch5563,P01U4440,必修,,"一 A,B",普202,3 類,,2,,https://course.ntu.edu.tw/courses/114-2/45022
表演戲劇/領域教學實習,朱靜美,52486,EduTch5566,P01U4470,必修,,"一 9,10",總一館114,3 類,,2,,https://course.ntu.edu.tw/courses/114-2/52486
土木與建築群教學實習,朱元南,48604,EduTch5570,P01U4510,必修,,"四 3,4",,3 類,,2,,https://course.ntu.edu.tw/courses/114-2/48604
資訊科技概論科教學實習,朱元南,57643,EduTch5573,P01U4540,必修,,"四 3,4",,3 類,,2,,https://course.ntu.edu.tw/courses/114-2/57643
農業群教學實習,黃文達,37886,EduTch5574,P01U4550,必修,,"一 5,6",農藝108,3 類,,2,,https://course.ntu.edu.tw/courses/114-2/37886
中等學校-公民與社會科教學實習,莊易霖,19578,EduTch5576,P01U4570,必修,,"四 10,A",普202,3 類,,2,,https://course.ntu.edu.tw/courses/114-2/19578
國文/語文領域教學實習,侯潔之,54299,EduTch5577,P01U4580,必修,,"五 1,2",普201,3 類,,2,,https://course.ntu.edu.tw/courses/114-2/54299
數學/領域教學實習,蔡雅如,44167,EduTch5579,P01U4600,必修,,二 10 / 四 2,,3 類,,2,,https://course.ntu.edu.tw/courses/114-2/44167
教育實習(生物科),董桂書,10513,EduTch5604,P01U9020,必修,,,,2 類,,0,,https://course.ntu.edu.tw/courses/114-2/10513
教育實習(國文/語文領域),吳靜宜,58193,EduTch5642,P01U9410,必修,,,,2 類,,0,,https://course.ntu.edu.tw/courses/114-2/58193
教育實習(英語文/領域),廖彥棻,43861,EduTch5643,P01U9420,必修,,,,2 類,,0,,https://course.ntu.edu.tw/courses/114-2/43861
教育實習(地理科/社會領域),黃倬英,53184,EduTch5651,P01U9490,必修,,,,2 類,,0,,https://course.ntu.edu.tw/courses/114-2/53184
教育實習（中等學校公民與社會科）,李瑞清,56025,EduTch5662,P01U9600,必修,,,,2 類,,0,,https://course.ntu.edu.tw/courses/114-2/56025
教育實習輔導,徐式寬,36456,EduTch5690,P01U9900,選修,,,,2 類,,0,,https://course.ntu.edu.tw/courses/114-2/36456
服務學習甲,廖婉君,11435,EE0006,901001G0,必修,,,,1 類,,1,,https://course.ntu.edu.tw/courses/114-2/11435
服務學習甲,劉宗德,32528,EE0006,901001G0,必修,,,,1 類,,1,,https://course.ntu.edu.tw/courses/114-2/32528
服務學習甲,黃奕騰,10327,EE0006,901001G0,必修,,,,1 類,,1,,https://course.ntu.edu.tw/courses/114-2/10327
服務學習甲,黃念祖,15425,EE0006,901001G0,必修,,,,1 類,,1,,https://course.ntu.edu.tw/courses/114-2/15425
服務學習甲,李念澤,21524,EE0006,901001G0,必修,,,,1 類,,1,,https://course.ntu.edu.tw/courses/114-2/21524
服務學習甲,林士駿,46930,EE0006,901001G0,必修,,,,1 類,,1,,https://course.ntu.edu.tw/courses/114-2/46930
服務學習甲,魏安祺,14518,EE0006,901001G0,必修,,,,1 類,,1,,https://course.ntu.edu.tw/courses/114-2/14518
服務學習甲,劉志文,23294,EE0006,901001G0,必修,,,,1 類,,1,,https://course.ntu.edu.tw/courses/114-2/23294
服務學習甲,楊奕軒,38721,EE0006,901001G0,必修,,,,1 類,,1,,https://course.ntu.edu.tw/courses/114-2/38721
服務學習甲,鄭皓中,37014,EE0006,901001G0,必修,,,,1 類,,1,,https://course.ntu.edu.tw/courses/114-2/37014
服務學習甲,宋孔彬,13456,EE0006,901001G0,必修,,,,1 類,,1,,https://course.ntu.edu.tw/courses/114-2/13456
服務學習乙,洪士涵,45151,EE0007,901001H0,必修,,,,1 類,,1,,https://course.ntu.edu.tw/courses/114-2/45151
服務學習乙,葉佳宜,30758,EE0007,901001H0,必修,,,,1 類,,1,,https://course.ntu.edu.tw/courses/114-2/30758
服務學習乙,魏宏宇,34259,EE0007,901001H0,必修,,,,1 類,,1,,https://course.ntu.edu.tw/courses/114-2/34259
服務學習乙,江蕙如,52256,EE0007,901001H0,必修,,,,1 類,,1,,https://course.ntu.edu.tw/courses/114-2/52256
服務學習乙,劉浩澧,38684,EE0007,901001H0,必修,,,,1 類,,1,,https://course.ntu.edu.tw/courses/114-2/38684
服務學習乙,陳信樹,18738,EE0007,901001H0,必修,,,,1 類,,1,,https://course.ntu.edu.tw/courses/114-2/18738
服務學習乙,吳沛遠,18831,EE0007,901001H0,必修,,,,1 類,,1,,https://course.ntu.edu.tw/courses/114-2/18831
服務學習乙,林建中,48509,EE0007,901001H0,必修,,,,1 類,,1,,https://course.ntu.edu.tw/courses/114-2/48509
服務學習乙,楊奕軒,10453,EE0007,901001H0,必修,,,,1 類,,1,,https://course.ntu.edu.tw/courses/114-2/10453
服務學習乙,劉致為,21538,EE0007,901001H0,必修,,,,1 類,,1,,https://course.ntu.edu.tw/courses/114-2/21538
服務學習乙,黃天偉,10646,EE0007,901001H0,必修,,,,1 類,,1,,https://course.ntu.edu.tw/courses/114-2/10646
服務學習乙,楊奕軒,46899,EE0007,901001H0,必修,,,,2 類,,1,,https://course.ntu.edu.tw/courses/114-2/46899
服務學習乙,鄭皓中,47616,EE0007,901001H0,必修,,,,1 類,,1,,https://course.ntu.edu.tw/courses/114-2/47616
服務學習乙,宋孔彬,44711,EE0007,901001H0,必修,,,,1 類,,1,,https://course.ntu.edu.tw/courses/114-2/44711
電路學實驗,李泰成,54038,EE1005,90110090,必修,,,,1 類,,1,,https://course.ntu.edu.tw/courses/114-2/54038
電資工程入門設計與實作,林坤佑,31771,EE1006,90111000,選修,,"一 2,3,4",,2 類,,3,,https://course.ntu.edu.tw/courses/114-2/31771
電資工程入門設計與實作,陳士元,23814,EE1006,90111000,選修,,"一 6,7,8",,2 類,,3,,https://course.ntu.edu.tw/courses/114-2/23814
電資工程入門設計與實作,陳和麟,41830,EE1006,90111000,選修,,"三 8,9,10",,2 類,,3,,https://course.ntu.edu.tw/courses/114-2/41830
工程數學-複變,王  暉,55874,EE2003,90110040,必修,,"三 3,4",電二145,1 類,,2,,https://course.ntu.edu.tw/courses/114-2/55874
電路學,陳怡然,29510,EE2004,90120100,必修,,"三 2,3,4",電二144,2 類,,3,,https://course.ntu.edu.tw/courses/114-2/29510
電路學,陳奕君,21011,EE2004,90120100,必修,,"三 2,3,4",電二143,2 類,,3,,https://course.ntu.edu.tw/courses/114-2/21011
電路學,劉宗德,12856,EE2004,90120100,必修,,"三 2,3,4",明達205,2 類,,3,,https://course.ntu.edu.tw/courses/114-2/12856
機率與統計,謝宏昀,55449,EE2007,90121000,必修,,"四 7,8,9",電二229,2 類,,3,,https://course.ntu.edu.tw/courses/114-2/55449
機率與統計,葉丙成,31501,EE2007,90121000,必修,,"四 7,8,9",電二143,2 類,,3,,https://course.ntu.edu.tw/courses/114-2/31501
機率與統計,宋孔彬,49379,EE2007,90121000,必修,,"四 7,8,9",明達205,2 類,,3,,https://course.ntu.edu.tw/courses/114-2/49379
機率與統計,洪士涵,19041,EE2007,90121000,必修,,"四 7,8,9",電二145,2 類,,3,,https://course.ntu.edu.tw/courses/114-2/19041
機率與統計,簡翌,42099,EE2007,90121000,必修,,"四 7,8,9",電二104,2 類,,3,,https://course.ntu.edu.tw/courses/114-2/42099
離散數學,于天立,12152,EE2008,90121100,必修,,"四 3,4",明達205,3 類,,2,,https://course.ntu.edu.tw/courses/114-2/12152
信號與系統,王鈺強,41864,EE2011,90131400,必修,,"一 2,3,4",電二229,2 類,,3,,https://course.ntu.edu.tw/courses/114-2/41864
信號與系統,楊奕軒,44129,EE2011,90131400,必修,,"一 2,3,4",電二106,2 類,,3,,https://course.ntu.edu.tw/courses/114-2/44129
信號與系統,陳宏銘,46650,EE2011,90131400,必修,,"一 2,3,4",博理113,2 類,,3,,https://course.ntu.edu.tw/courses/114-2/46650
信號與系統,劉俊麟,38294,EE2011,90131400,必修,,"一 2,3,4",電二104,2 類,,3,,https://course.ntu.edu.tw/courses/114-2/38294
信號與系統,劉子毓,29605,EE2011,90131400,必修,,"一 2,3,4",電二146,2 類,,3,,https://course.ntu.edu.tw/courses/114-2/29605
電子學（二）,呂良鴻,24066,EE2023,90120150,必修,,"二 3,4 / 三 6,7",電二143,2 類,,4,,https://course.ntu.edu.tw/courses/114-2/24066
電子學（二）,鍾孝文,58016,EE2023,90120150,必修,,"二 3,4 / 三 6,7",明達205,2 類,,4,,https://course.ntu.edu.tw/courses/114-2/58016
電子學（二）,林宗賢,50988,EE2023,90120150,必修,,"二 3,4 / 三 6,7",博理112,2 類,,4,,https://course.ntu.edu.tw/courses/114-2/50988
電子學實驗(二),劉宗德,56694,EE2025,90120170,必修,,,,1 類,,1,,https://course.ntu.edu.tw/courses/114-2/56694
計算機概論,陳銘憲,11525,EE2027,90122200,選修,,"二 2,3,4",博理113,2 類,,3,,https://course.ntu.edu.tw/courses/114-2/11525
電工實驗(網路與多媒體),林宗男,16765,EE3002,90110080,必修,,,,2 類,,2,,https://course.ntu.edu.tw/courses/114-2/16765
電磁學二,吳瑞北,40936,EE3004,90125120,必修,,"五 2,3,4",電二146,2 類,,3,,https://course.ntu.edu.tw/courses/114-2/40936
電磁學二,吳宗霖,40718,EE3004,90125120,必修,,"五 2,3,4",電二143,2 類,,3,,https://course.ntu.edu.tw/courses/114-2/40718
電磁學二,李翔傑,13116,EE3004,90125120,必修,,"五 2,3,4",電二225,2 類,,3,,https://course.ntu.edu.tw/courses/114-2/13116
電磁學二,毛紹綱,37645,EE3004,90125120,必修,,"五 2,3,4",電二144,2 類,,3,,https://course.ntu.edu.tw/courses/114-2/37645
電磁學二,吳宗澤,50269,EE3004,90125120,必修,,"五 2,3,4",電二101,2 類,,3,,https://course.ntu.edu.tw/courses/114-2/50269
電工實驗(電磁波),盧信嘉,39079,EE3006,90130150,必修,,,,2 類,,2,,https://course.ntu.edu.tw/courses/114-2/39079
通信原理,蘇炫榮,20933,EE3007,90131000,選修,,"四 6,7,8",博理103,1 類,,3,,https://course.ntu.edu.tw/courses/114-2/20933
電子設計自動化導論,江介宏,18281,EE3012,90133700,選修,,"五 7,8,9",電二229,2 類,,3,,https://course.ntu.edu.tw/courses/114-2/18281
固態電子學,林致廷,43000,EE3013,90137300,選修,,"二 2,3,4",電二146,1 類,,3,,https://course.ntu.edu.tw/courses/114-2/43000
固態電子學,胡璧合,37311,EE3013,90137300,選修,,"一 2,3,4",明達205,1 類,,3,,https://course.ntu.edu.tw/courses/114-2/37311
光電導論,彭隆瀚,49420,EE3014,90137500,選修,,"五 2,3,4",電二104,2 類,,3,,https://course.ntu.edu.tw/courses/114-2/49420
近代物理,藍嘉雅,51324,EE3015,90138100,選修,,"一 2,3,4",電二102,1 類,,3,,https://course.ntu.edu.tw/courses/114-2/51324
近代物理,吳志毅,39436,EE3015,90138100,選修,,"二 2,3,4",明達231,1 類,,3,,https://course.ntu.edu.tw/courses/114-2/39436
電工實驗(數位電路),楊家驤,36148,EE3016,90139500,必修,,,,2 類,,2,,https://course.ntu.edu.tw/courses/114-2/36148
電工實驗(半導體),劉致為,13629,EE3017,90139700,必修,,,,2 類,,2,,https://course.ntu.edu.tw/courses/114-2/13629
電工實驗(通信專題),葉佳宜,39251,EE3018,90139800,必修,,"三 3,4",明達303,2 類,,2,,https://course.ntu.edu.tw/courses/114-2/39251
電工實驗(自動控制),陳永耀,35358,EE3019,90140000,必修,,,,2 類,,2,,https://course.ntu.edu.tw/courses/114-2/35358
積體電路設計,盧奕璋,17970,EE3020,90140500,選修,,"四 7,8,9",電二106,2 類,,3,,https://course.ntu.edu.tw/courses/114-2/17970
電工實驗(嵌入式系統),王勝德,37313,EE3021,90140600,必修,,"四 7,8,9",明達303,2 類,,2,,https://course.ntu.edu.tw/courses/114-2/37313
電工實驗(電力電子),陳耀銘,32285,EE3022,90130160,必修,,,,2 類,,2,,https://course.ntu.edu.tw/courses/114-2/32285
控制系統,蔡坤諭,52796,EE3024,90143100,選修,,"五 7,8,9",電二101,2 類,,3,,https://course.ntu.edu.tw/courses/114-2/52796
光電科技入門與實作,林晃巖,43924,EE3039,90133960,選修,,,,2 類,,3,,https://course.ntu.edu.tw/courses/114-2/43924
永續發展之工程設計與實作,李紋霞,37799,EE3044,90134140,選修,,"四 2,3,4",綜401,2 類,,3,,https://course.ntu.edu.tw/courses/114-2/37799
積體電路設計實驗,闕志達,24254,EE4003,90110060,選修,,"三 7,8",,2 類,,2,,https://course.ntu.edu.tw/courses/114-2/24254
電力電子概論,陳耀銘,56727,EE4010,90124120,選修,,"二 7,8,9",電二144,1 類,,3,,https://course.ntu.edu.tw/courses/114-2/56727
電腦網路導論,廖婉君,39860,EE4020,90131110,選修,,"四 7,8,9",博理113,1 類,,3,,https://course.ntu.edu.tw/courses/114-2/39860
電腦網路導論,黃寶儀,15382,EE4020,90131110,選修,,"二 6 / 三 3,4",,2 類,,3,,https://course.ntu.edu.tw/courses/114-2/15382
數值方法,曾雪峰,46464,EE4021,90132000,選修,,"二 2,3,4",博理216,1 類,,3,,https://course.ntu.edu.tw/courses/114-2/46464
資料結構,劉智弘,19571,EE4022,90132500,選修,,"一 7,8,9",電二229,2 類,,3,,https://course.ntu.edu.tw/courses/114-2/19571
微處理機及應用,鄭雲謙,36158,EE4029,90135700,選修,,"五 7,8,9",,2 類,,3,,https://course.ntu.edu.tw/courses/114-2/36158
半導體工程,林致廷,14082,EE4032,90137000,選修,,"五 2,3,4",博理112,2 類,,3,,https://course.ntu.edu.tw/courses/114-2/14082
演算法,孫紹華,53176,EE4033,90139000,必修,,"四 2,3,4",,2 類,,3,,https://course.ntu.edu.tw/courses/114-2/53176
演算法,江蕙如,27812,EE4033,90139000,必修,,"四 2,3,4",博理112,2 類,,3,,https://course.ntu.edu.tw/courses/114-2/27812
電子電路設計,李泰成,29558,EE4036,90140400,選修,,"三 2,3,4",電二106,1 類,,3,,https://course.ntu.edu.tw/courses/114-2/29558
專題研究,吳瑞北,29785,EE4049,90149550,選修,,,,2 類,,2,,https://course.ntu.edu.tw/courses/114-2/29785
專題研究,王勝德,33725,EE4049,90149550,選修,,,,2 類,,2,,https://course.ntu.edu.tw/courses/114-2/33725
專題研究,傅立成,13163,EE4049,90149550,選修,,,,2 類,,2,,https://course.ntu.edu.tw/courses/114-2/13163
專題研究,林浩雄,53525,EE4049,90149550,選修,,,,2 類,,2,,https://course.ntu.edu.tw/courses/114-2/53525
專題研究,闕志達,34910,EE4049,90149550,選修,,,,2 類,,2,,https://course.ntu.edu.tw/courses/114-2/34910
專題研究,劉深淵,43675,EE4049,90149550,選修,,,,2 類,,2,,https://course.ntu.edu.tw/courses/114-2/43675
專題研究,王  倫,16954,EE4049,90149550,選修,,,,2 類,,2,,https://course.ntu.edu.tw/courses/114-2/16954
專題研究,劉致為,12705,EE4049,90149550,選修,,,,2 類,,2,,https://course.ntu.edu.tw/courses/114-2/12705
專題研究,彭隆瀚,54083,EE4049,90149550,選修,,,,2 類,,2,,https://course.ntu.edu.tw/courses/114-2/54083
專題研究,陳宏銘,28880,EE4049,90149550,選修,,,,2 類,,2,,https://course.ntu.edu.tw/courses/114-2/28880
專題研究,張耀文,23453,EE4049,90149550,選修,,,,2 類,,2,,https://course.ntu.edu.tw/courses/114-2/23453
專題研究,廖婉君,54865,EE4049,90149550,選修,,,,2 類,,2,,https://course.ntu.edu.tw/courses/114-2/54865
專題研究,吳安宇,48892,EE4049,90149550,選修,,,,2 類,,2,,https://course.ntu.edu.tw/courses/114-2/48892
專題研究,吳宗霖,11403,EE4049,90149550,選修,,,,2 類,,2,,https://course.ntu.edu.tw/courses/114-2/11403
專題研究,黃天偉,38591,EE4049,90149550,選修,,,,2 類,,2,,https://course.ntu.edu.tw/courses/114-2/38591
專題研究,林宗男,19195,EE4049,90149550,選修,,,,2 類,,2,,https://course.ntu.edu.tw/courses/114-2/19195
專題研究,李泰成,57156,EE4049,90149550,選修,,,,2 類,,2,,https://course.ntu.edu.tw/courses/114-2/57156
專題研究,黃寶儀,26126,EE4049,90149550,選修,,,,2 類,,2,,https://course.ntu.edu.tw/courses/114-2/26126
專題研究,黃建璋,52833,EE4049,90149550,選修,,,,2 類,,2,,https://course.ntu.edu.tw/courses/114-2/52833
專題研究,林宗賢,13642,EE4049,90149550,選修,,,,2 類,,2,,https://course.ntu.edu.tw/courses/114-2/13642
專題研究,陳耀銘,30390,EE4049,90149550,選修,,,,2 類,,2,,https://course.ntu.edu.tw/courses/114-2/30390
專題研究,簡韶逸,39345,EE4049,90149550,選修,,,,2 類,,2,,https://course.ntu.edu.tw/courses/114-2/39345
專題研究,林晃巖,52390,EE4049,90149550,選修,,,,2 類,,2,,https://course.ntu.edu.tw/courses/114-2/52390
專題研究,毛紹綱,52611,EE4049,90149550,選修,,,,2 類,,2,,https://course.ntu.edu.tw/courses/114-2/52611
專題研究,連豊力,20208,EE4049,90149550,選修,,,,2 類,,2,,https://course.ntu.edu.tw/courses/114-2/20208
專題研究,林怡成,52081,EE4049,90149550,選修,,,,2 類,,2,,https://course.ntu.edu.tw/courses/114-2/52081
專題研究,江介宏,13685,EE4049,90149550,選修,,,,2 類,,2,,https://course.ntu.edu.tw/courses/114-2/13685
專題研究,李建模,15559,EE4049,90149550,選修,,,,2 類,,2,,https://course.ntu.edu.tw/courses/114-2/15559
專題研究,黃鐘揚,40927,EE4049,90149550,選修,,,,2 類,,2,,https://course.ntu.edu.tw/courses/114-2/40927
專題研究,吳育任,40426,EE4049,90149550,選修,,,,2 類,,2,,https://course.ntu.edu.tw/courses/114-2/40426
專題研究,林致廷,57650,EE4049,90149550,選修,,,,2 類,,2,,https://course.ntu.edu.tw/courses/114-2/57650
專題研究,丁建均,52463,EE4049,90149550,選修,,,,2 類,,2,,https://course.ntu.edu.tw/courses/114-2/52463
專題研究,江蕙如,15127,EE4049,90149550,選修,,,,2 類,,2,,https://course.ntu.edu.tw/courses/114-2/15127
專題研究,楊家驤,43416,EE4049,90149550,選修,,,,2 類,,2,,https://course.ntu.edu.tw/courses/114-2/43416
專題研究,王鈺強,49652,EE4049,90149550,選修,,,,2 類,,2,,https://course.ntu.edu.tw/courses/114-2/49652
專題研究,盧奕璋,41110,EE4049,90149550,選修,,,,2 類,,2,,https://course.ntu.edu.tw/courses/114-2/41110
專題研究,吳肇欣,59831,EE4049,90149550,選修,,,,2 類,,2,,https://course.ntu.edu.tw/courses/114-2/59831
專題研究,劉浩澧,57903,EE4049,90149550,選修,,,,2 類,,2,,https://course.ntu.edu.tw/courses/114-2/57903
專題研究,林  澤,27305,EE4049,90149550,選修,,,,2 類,,2,,https://course.ntu.edu.tw/courses/114-2/27305
專題研究,李峻霣,15169,EE4049,90149550,選修,,,,2 類,,2,,https://course.ntu.edu.tw/courses/114-2/15169
專題研究,黃念祖,50134,EE4049,90149550,選修,,,,2 類,,2,,https://course.ntu.edu.tw/courses/114-2/50134
專題研究,王奕翔,48261,EE4049,90149550,選修,,,,2 類,,2,,https://course.ntu.edu.tw/courses/114-2/48261
專題研究,楊奕軒,54579,EE4049,90149550,選修,,,,2 類,,2,,https://course.ntu.edu.tw/courses/114-2/54579
專題研究,盧信嘉,31335,EE4049,90149550,選修,,,,2 類,,2,,https://course.ntu.edu.tw/courses/114-2/31335
專題研究,李宏毅,18948,EE4049,90149550,選修,,,,2 類,,2,,https://course.ntu.edu.tw/courses/114-2/18948
專題研究,陳景然,26139,EE4049,90149550,選修,,,,2 類,,2,,https://course.ntu.edu.tw/courses/114-2/26139
專題研究,劉宗德,19895,EE4049,90149550,選修,,,,2 類,,2,,https://course.ntu.edu.tw/courses/114-2/19895
專題研究,林士駿,20691,EE4049,90149550,選修,,,,2 類,,2,,https://course.ntu.edu.tw/courses/114-2/20691
專題研究,陳和麟,10169,EE4049,90149550,選修,,,,2 類,,2,,https://course.ntu.edu.tw/courses/114-2/10169
專題研究,金藝璘,23744,EE4049,90149550,選修,,,,2 類,,2,,https://course.ntu.edu.tw/courses/114-2/23744
專題研究,李俊興,51710,EE4049,90149550,選修,,,,2 類,,2,,https://course.ntu.edu.tw/courses/114-2/51710
專題研究,胡璧合,51878,EE4049,90149550,選修,,,,2 類,,2,,https://course.ntu.edu.tw/courses/114-2/51878
專題研究,林坤佑,29690,EE4049,90149550,選修,,,,2 類,,2,,https://course.ntu.edu.tw/courses/114-2/29690
專題研究,于天立,40764,EE4049,90149550,選修,,,,2 類,,2,,https://course.ntu.edu.tw/courses/114-2/40764
專題研究,郭柏齡,58632,EE4049,90149550,選修,,,,2 類,,2,,https://course.ntu.edu.tw/courses/114-2/58632
專題研究,陳政維,28224,EE4049,90149550,選修,,,,2 類,,2,,https://course.ntu.edu.tw/courses/114-2/28224
專題研究,劉俊麟,47817,EE4049,90149550,選修,,,,2 類,,2,,https://course.ntu.edu.tw/courses/114-2/47817
專題研究,劉子毓,48602,EE4049,90149550,選修,,,,2 類,,2,,https://course.ntu.edu.tw/courses/114-2/48602
專題研究,吳宗澤,45314,EE4049,90149550,選修,,,,2 類,,2,,https://course.ntu.edu.tw/courses/114-2/45314
專題研究,楊東霖,26251,EE4049,90149550,選修,,,,2 類,,2,,https://course.ntu.edu.tw/courses/114-2/26251
專題研究,鄭皓中,50947,EE4049,90149550,選修,,,,2 類,,2,,https://course.ntu.edu.tw/courses/114-2/50947
專題研究,鄭宇翔,40284,EE4049,90149550,選修,,,,2 類,,2,,https://course.ntu.edu.tw/courses/114-2/40284
專題研究,孫紹華,34063,EE4049,90149550,選修,,,,2 類,,2,,https://course.ntu.edu.tw/courses/114-2/34063
專題研究,王新博,46500,EE4049,90149550,選修,,,,2 類,,2,,https://course.ntu.edu.tw/courses/114-2/46500
專題研究,黃楚翔,56587,EE4049,90149550,選修,,,,2 類,,2,,https://course.ntu.edu.tw/courses/114-2/56587
專題研究,葉佳宜,43690,EE4049,90149550,選修,,,,2 類,,2,,https://course.ntu.edu.tw/courses/114-2/43690
專題研究,李念澤,56712,EE4049,90149550,選修,,,,2 類,,2,,https://course.ntu.edu.tw/courses/114-2/56712
專題研究,簡翌,19735,EE4049,90149550,選修,,,,2 類,,2,,https://course.ntu.edu.tw/courses/114-2/19735
計算機程式設計,黃俊郎,48389,EE4052,90160200,,,"五 2,3,4",,3 類,,2,,https://course.ntu.edu.tw/courses/114-2/48389
平面顯示技術通論,黃建璋,13603,EE4056,90150200,選修,,"二 7,8,9",電二104,1 類,,3,,https://course.ntu.edu.tw/courses/114-2/13603
電工實驗(生醫工程),劉浩澧,57127,EE4057,90140700,必修,,,,2 類,,2,,https://course.ntu.edu.tw/courses/114-2/57127
電工實驗(光電),彭隆瀚,58668,EE4058,90140800,必修,,,,2 類,,2,,https://course.ntu.edu.tw/courses/114-2/58668
數位訊號處理,鐘嘉德,16541,EE5004,921U0110,選修,,"五 7,8,9",博理113,1 類,,3,,https://course.ntu.edu.tw/courses/114-2/16541
固態物理學一,黃奕騰,30484,EE5018,921U0880,選修,,"二 2,3,4",電二144,1 類,,3,,https://course.ntu.edu.tw/courses/114-2/30484
行動通訊,黃楚翔,54322,EE5033,921U1450,選修,,"五 2,3,4",電二145,2 類,,3,,https://course.ntu.edu.tw/courses/114-2/54322
通訊積體電路設計,李致毅,44727,EE5036,921U1560,選修,,"四 7,8,9",電二102,2 類,,3,,https://course.ntu.edu.tw/courses/114-2/44727
鎖相迴路原理及應用,劉深淵,30025,EE5038,921U1660,選修,,"二 2,3,4",電二106,1 類,,3,,https://course.ntu.edu.tw/courses/114-2/30025
電腦輔助分析與最佳化,陳中平,53158,EE5043,921U1980,選修,,"四 7,8,9",博理212,1 類,,3,,https://course.ntu.edu.tw/courses/114-2/53158
演算法,廖崇碩,37683,EE5048,921U2110,選修,,"三 2,3,4",電二229,2 類,,3,,https://course.ntu.edu.tw/courses/114-2/37683
最佳控制,連豊力,12636,EE5051,921U2330,選修,,"五 6,7,8",,1 類,,3,,https://course.ntu.edu.tw/courses/114-2/12636
控制技術專題,連豊力,49496,EE5052,921U2450,選修,,"二 6,7,8",明達303,2 類,,3,,https://course.ntu.edu.tw/courses/114-2/49496
微感測器,林致廷,12646,EE5055,921U2510,選修,,"一 2,3,4,A,B,C / 三 2,3,4 / 四 2,3,4",博理214,2 類,,3,,https://course.ntu.edu.tw/courses/114-2/12646
密碼學,林宗男,48085,EE5060,921U2780,選修,,"四 7,8,9",電二141,2 類,,3,,https://course.ntu.edu.tw/courses/114-2/48085
天線專題,周錫增,14644,EE5094,921U5080,選修,,"五 7,8,9",電二146,1 類,,3,,https://course.ntu.edu.tw/courses/114-2/14644
電磁理論,林怡成,43466,EE5095,921U5090,選修,,"一 2,3,4",博理112,3 類,,3,,https://course.ntu.edu.tw/courses/114-2/43466
積體電路工程,吳肇欣,59533,EE5114,921U7120,必修 / 選修,,"四 7,8,9",明達231,2 類,,3,,https://course.ntu.edu.tw/courses/114-2/59533
光電半導體技術,林浩雄,28760,EE5115,921U7150,選修,,"四 2,3,4",電二145,1 類,,3,,https://course.ntu.edu.tw/courses/114-2/28760
積體光學,黃定洧,44283,EE5118,921U7190,選修,,"三 2,3,4",明達231,2 類,,3,,https://course.ntu.edu.tw/courses/114-2/44283
正規方法,李念澤,34352,EE5122,921U7600,選修,,"二 7,8,9",電二225,3 類,,3,,https://course.ntu.edu.tw/courses/114-2/34352
車用疊加層網路之普及運算,魏宏宇,14045,EE5134,921U8910,選修,,"五 7,8,9",電二141,2 類,,3,,https://course.ntu.edu.tw/courses/114-2/14045
傅氏轉換與傅氏光學,鄭宇翔,11619,EE5136,921U9000,選修,,"二 7,8,9",電二106,1 類,,3,,https://course.ntu.edu.tw/courses/114-2/11619
光電電磁學,林晃巖,49435,EE5137,921U9090,選修,,"四 2,3,4",電二102,1 類,,3,,https://course.ntu.edu.tw/courses/114-2/49435
生物物理,郭柏齡,26913,EE5149,921U9750,選修,,"一 2,3,4",明達203,1 類,,3,,https://course.ntu.edu.tw/courses/114-2/26913
專題演講,葉丙成,37603,EE5161,90150100,必修,,"五 8,9",,1 類,,1,,https://course.ntu.edu.tw/courses/114-2/37603
高等數位訊號處理,丁建均,52450,EE5163,921U1930,選修,,"三 8,9,10",明達205,1 類,,3,,https://course.ntu.edu.tw/courses/114-2/52450
破密學專題,楊柏因,22487,EE5172,921U9570,選修,,"一 2,3,4",博理103,2 類,,3,,https://course.ntu.edu.tw/courses/114-2/22487
電力電子與積體電路控制,陳景然,18676,EE5174,921U9590,選修,,"四 2,3,4",電二144,2 類,,3,,https://course.ntu.edu.tw/courses/114-2/18676
資料庫系統-從SQL到NoSQL,駱明凌,19535,EE5178,921U2560,選修,,"二 6,7,8",電二229,2 類,,3,,https://course.ntu.edu.tw/courses/114-2/19535
高等演算法,陳和麟,23418,EE5182,921U2590,選修,,"五 2,3,4",明達231,3 類,,3,,https://course.ntu.edu.tw/courses/114-2/23418
金融科技,林  澤,47649,EE5183,921U2610,選修,,"三 7,8,9",共103,2 類,,3,,https://course.ntu.edu.tw/courses/114-2/47649
機器學習,李宏毅,26696,EE5184,921U2620,選修,,"五 7,8,9,10",博理112,2 類,,4,,https://course.ntu.edu.tw/courses/114-2/26696
網路攻防實習,林宗男,30475,EE5188,921U2660,選修,,"二 7,8,9",電二143,2 類,,3,,https://course.ntu.edu.tw/courses/114-2/30475
軟體測試與資安檢測,王  凡,14567,EE5191,921U2690,選修,,"五 2,3,4",博理212,1 類,,3,,https://course.ntu.edu.tw/courses/114-2/14567
專題討論,陳永耀,23006,EE7001,921M0040,必修,,"三 8,9",,1 類,,0,,https://course.ntu.edu.tw/courses/114-2/23006
專題討論,陳景然,11503,EE7001,921M0040,必修,,三 7,,1 類,,0,,https://course.ntu.edu.tw/courses/114-2/11503
專題討論,洪士涵,40688,EE7001,921M0040,必修,,一 7,,1 類,,0,,https://course.ntu.edu.tw/courses/114-2/40688
專題討論,林宗男,23879,EE7001,921M0040,必修,,一 7,,1 類,,0,,https://course.ntu.edu.tw/courses/114-2/23879
適應控制系統,江明理,26729,EE7005,921M1380,選修,,"一 6,7,8",,1 類,,3,,https://course.ntu.edu.tw/courses/114-2/26729
專題研究,傅立成,29122,EE7010,921M1910,必修,,,,1 類,,1,,https://course.ntu.edu.tw/courses/114-2/29122
專題研究,陳永耀,49231,EE7010,921M1910,必修,,,,1 類,,1,,https://course.ntu.edu.tw/courses/114-2/49231
專題研究,連豊力,37106,EE7010,921M1910,必修,,,,1 類,,1,,https://course.ntu.edu.tw/courses/114-2/37106
專題研究,陳政維,33531,EE7010,921M1910,必修,,,,1 類,,1,,https://course.ntu.edu.tw/courses/114-2/33531
專題研究,劉志文,22232,EE7010,921M1910,必修,,,,1 類,,1,,https://course.ntu.edu.tw/courses/114-2/22232
專題研究,陳耀銘,21075,EE7010,921M1910,必修,,,,1 類,,1,,https://course.ntu.edu.tw/courses/114-2/21075
專題研究,金藝璘,17716,EE7010,921M1910,必修,,,,1 類,,1,,https://course.ntu.edu.tw/courses/114-2/17716
專題研究,陳景然,12742,EE7010,921M1910,必修,,,,1 類,,1,,https://course.ntu.edu.tw/courses/114-2/12742
專題研究,王勝德,23657,EE7010,921M1910,必修,,,,1 類,,1,,https://course.ntu.edu.tw/courses/114-2/23657
專題研究,顏嗣鈞,41129,EE7010,921M1910,必修,,,,1 類,,1,,https://course.ntu.edu.tw/courses/114-2/41129
專題研究,郭斯彥,49628,EE7010,921M1910,必修,,,,1 類,,1,,https://course.ntu.edu.tw/courses/114-2/49628
專題研究,陳銘憲,46577,EE7010,921M1910,必修,,,,1 類,,1,,https://course.ntu.edu.tw/courses/114-2/46577
專題研究,張耀文,35031,EE7010,921M1910,必修,,,,1 類,,1,,https://course.ntu.edu.tw/courses/114-2/35031
專題研究,廖婉君,50829,EE7010,921M1910,必修,,,,1 類,,1,,https://course.ntu.edu.tw/courses/114-2/50829
專題研究,王  凡,17896,EE7010,921M1910,必修,,,,1 類,,1,,https://course.ntu.edu.tw/courses/114-2/17896
專題研究,黃俊郎,13478,EE7010,921M1910,必修,,,,1 類,,1,,https://course.ntu.edu.tw/courses/114-2/13478
專題研究,魏宏宇,31619,EE7010,921M1910,必修,,,,1 類,,1,,https://course.ntu.edu.tw/courses/114-2/31619
專題研究,黃鐘揚,16465,EE7010,921M1910,必修,,,,1 類,,1,,https://course.ntu.edu.tw/courses/114-2/16465
專題研究,于天立,43247,EE7010,921M1910,必修,,,,1 類,,1,,https://course.ntu.edu.tw/courses/114-2/43247
專題研究,陳和麟,18416,EE7010,921M1910,必修,,,,1 類,,1,,https://course.ntu.edu.tw/courses/114-2/18416
專題研究,李宏毅,14128,EE7010,921M1910,必修,,,,1 類,,1,,https://course.ntu.edu.tw/courses/114-2/14128
專題研究,劉智弘,50308,EE7010,921M1910,必修,,,,2 類,,1,,https://course.ntu.edu.tw/courses/114-2/50308
專題研究,洪士涵,30379,EE7010,921M1910,必修,,,,1 類,,1,,https://course.ntu.edu.tw/courses/114-2/30379
專題研究,廖崇碩,17967,EE7010,921M1910,必修,,,,1 類,,1,,https://course.ntu.edu.tw/courses/114-2/17967
專題研究,林宗男,11238,EE7010,921M1910,必修,,,,1 類,,1,,https://course.ntu.edu.tw/courses/114-2/11238
專題研究,謝宏昀,51157,EE7010,921M1910,必修,,,,1 類,,1,,https://course.ntu.edu.tw/courses/114-2/51157
專題研究,吳沛遠,51957,EE7010,921M1910,必修,,,,1 類,,1,,https://course.ntu.edu.tw/courses/114-2/51957
基因晶片方法與數據分析,莊曜宇,34574,EE7012,921M3100,選修,,"四 6,7,8",明達203,2 類,,3,,https://course.ntu.edu.tw/courses/114-2/34574
醫用超音波專題,劉浩澧,59371,EE7015,921M6020,選修,,"二 2,3,4",電二102,1 類,,3,,https://course.ntu.edu.tw/courses/114-2/59371
專題演講,陳景然,30183,EE7017,921M9000,必修,,一 9,博理113,1 類,,1,,https://course.ntu.edu.tw/courses/114-2/30183
專題討論,陳景然,31229,EE8001,921D0040,必修,,三 7,電二225,1 類,,0,,https://course.ntu.edu.tw/courses/114-2/31229
專題討論,洪士涵,25958,EE8001,921D0040,必修,,一 7,明達231,1 類,,0,,https://course.ntu.edu.tw/courses/114-2/25958
專題討論,林宗男,17900,EE8001,921D0040,選修,,一 7,電二144,1 類,,0,,https://course.ntu.edu.tw/courses/114-2/17900
專題研究,傅立成,58278,EE8002,921D1910,必修,,,,1 類,,1,,https://course.ntu.edu.tw/courses/114-2/58278
專題研究,連豊力,28982,EE8002,921D1910,必修,,,,1 類,,1,,https://course.ntu.edu.tw/courses/114-2/28982
專題研究,蔡坤諭,13764,EE8002,921D1910,必修,,,,1 類,,1,,https://course.ntu.edu.tw/courses/114-2/13764
專題研究,許源浴,48594,EE8002,921D1910,必修,,,,1 類,,1,,https://course.ntu.edu.tw/courses/114-2/48594
專題研究,劉志文,47536,EE8002,921D1910,必修,,,,1 類,,1,,https://course.ntu.edu.tw/courses/114-2/47536
專題研究,陳耀銘,30821,EE8002,921D1910,必修,,,,1 類,,1,,https://course.ntu.edu.tw/courses/114-2/30821
專題研究,金藝璘,39264,EE8002,921D1910,必修,,,,1 類,,1,,https://course.ntu.edu.tw/courses/114-2/39264
專題研究,陳景然,49475,EE8002,921D1910,必修,,,,1 類,,1,,https://course.ntu.edu.tw/courses/114-2/49475
專題研究,王勝德,26165,EE8002,921D1910,必修,,,,1 類,,1,,https://course.ntu.edu.tw/courses/114-2/26165
專題研究,郭斯彥,51718,EE8002,921D1910,必修,,,,1 類,,1,,https://course.ntu.edu.tw/courses/114-2/51718
專題研究,雷欽隆,32194,EE8002,921D1910,必修,,,,1 類,,1,,https://course.ntu.edu.tw/courses/114-2/32194
專題研究,陳銘憲,30651,EE8002,921D1910,必修,,,,1 類,,1,,https://course.ntu.edu.tw/courses/114-2/30651
專題研究,廖婉君,58309,EE8002,921D1910,必修,,,,1 類,,1,,https://course.ntu.edu.tw/courses/114-2/58309
專題研究,王  凡,23161,EE8002,921D1910,必修,,,,1 類,,1,,https://course.ntu.edu.tw/courses/114-2/23161
專題研究,黃俊郎,47367,EE8002,921D1910,必修,,,,1 類,,1,,https://course.ntu.edu.tw/courses/114-2/47367
專題研究,魏宏宇,53482,EE8002,921D1910,必修,,,,1 類,,1,,https://course.ntu.edu.tw/courses/114-2/53482
專題研究,于天立,28040,EE8002,921D1910,必修,,,,1 類,,1,,https://course.ntu.edu.tw/courses/114-2/28040
專題研究,李宏毅,45978,EE8002,921D1910,必修,,,,1 類,,1,,https://course.ntu.edu.tw/courses/114-2/45978
專題研究,劉智弘,22152,EE8002,921D1910,必修,,,,2 類,,1,,https://course.ntu.edu.tw/courses/114-2/22152
專題研究,洪士涵,35296,EE8002,921D1910,必修,,,,1 類,,1,,https://course.ntu.edu.tw/courses/114-2/35296
專題研究,廖崇碩,11229,EE8002,921D1910,必修,,,,1 類,,1,,https://course.ntu.edu.tw/courses/114-2/11229
專題研究,林宗男,57405,EE8002,921D1910,必修,,,,1 類,,1,,https://course.ntu.edu.tw/courses/114-2/57405
博士論文,,28471,EE8999,921D0010,必修,,,,1 類,,0,,https://course.ntu.edu.tw/courses/114-2/28471
植物演化專題討論,王俊能,21338,EEB5032,B44U1380,選修,,,,3 類,,1,,https://course.ntu.edu.tw/courses/114-2/21338
菌類學,朱宇敏,17577,EEB5036,B44U1440,選修,,"二 3,4",生科4C,2 類,,2,,https://course.ntu.edu.tw/courses/114-2/17577
群聚生態學分析方法,澤大衛,15763,EEB5083,B44U1950,選修,,"四 7,8,9",綜602,2 類,,3,,https://course.ntu.edu.tw/courses/114-2/15763
分子演化: 理論與實作,李承叡,48945,EEB5087,B44U1990,選修,,"四 2,3,4",生科419,3 類,,3,,https://course.ntu.edu.tw/courses/114-2/48945
永續未來與生態學二,柯佳吟,45522,EEB5092,B44U2040,選修,,"五 6,7,8",綜402,2 類,,3,,https://course.ntu.edu.tw/courses/114-2/45522
鯨豚、人類、海洋、保育,楊瑋誠,46193,EEB5099,B44U2110,,,"二 3,4,5",綜401,3 類,,3,,https://course.ntu.edu.tw/courses/114-2/46193
自然史博物館實習(I),郭典翰,50886,EEB5102,B44U2140,選修,,"一 2,3,4",生科3A,2 類,,3,,https://course.ntu.edu.tw/courses/114-2/50886
自然史博物館實習(I),曾惠芸,56193,EEB5102,B44U2140,選修,,"一 2,3,4",,2 類,,3,,https://course.ntu.edu.tw/courses/114-2/56193
網絡生態學,何熙誠,45448,EEB5104,B44U2160,選修,,"四 3,4",生科3A,2 類,,2,,https://course.ntu.edu.tw/courses/114-2/45448
演化思維,沈聖峰,44371,EEB5105,B44U2170,選修,,"三 2,3,4",生科4B,3 類,,3,,https://course.ntu.edu.tw/courses/114-2/44371
蘭科植物保育生物學,李勇毅,47443,EEB5107,B44U2190,選修,,"四 8,9",生科735,2 類,,2,,https://course.ntu.edu.tw/courses/114-2/47443
公民科學於生物多樣性保育的應用,林大利,40869,EEB5109,B44U2210,選修,,"四 6,7,8",生科3C,3 類,,3,,https://course.ntu.edu.tw/courses/114-2/40869
多樣性與分布,林大利,56287,EEB5112,B44U2240,選修,,"四 2,3,4",生科4A,3 類,,3,,https://course.ntu.edu.tw/courses/114-2/56287
碩士班專題討論,李承叡,30461,EEB7001,B44M0020,必修,,"五 3,4",生科4A,1 類,,1,,https://course.ntu.edu.tw/courses/114-2/30461
碩士班專題討論,柯柏如,42351,EEB7001,B44M0020,必修,,"五 1,2",生科632,1 類,,1,,https://course.ntu.edu.tw/courses/114-2/42351
專題研究,胡哲明,29859,EEB7002,B44M0030,必修,,,,1 類,,1,,https://course.ntu.edu.tw/courses/114-2/29859
專題研究,王俊能,12553,EEB7002,B44M0030,必修,,,,1 類,,1,,https://course.ntu.edu.tw/courses/114-2/12553
專題研究,丁照棣,17727,EEB7002,B44M0030,必修,,,,1 類,,1,,https://course.ntu.edu.tw/courses/114-2/17727
專題研究,何傳愷,20012,EEB7002,B44M0030,必修,,,,1 類,,1,,https://course.ntu.edu.tw/courses/114-2/20012
專題研究,沈聖峰,17070,EEB7002,B44M0030,必修,,,,1 類,,1,,https://course.ntu.edu.tw/courses/114-2/17070
專題研究,澤大衛,42964,EEB7002,B44M0030,必修,,,,1 類,,1,,https://course.ntu.edu.tw/courses/114-2/42964
專題研究,王弘毅,42363,EEB7002,B44M0030,必修,,,,1 類,,1,,https://course.ntu.edu.tw/courses/114-2/42363
專題研究,李承叡,29814,EEB7002,B44M0030,必修,,,,1 類,,1,,https://course.ntu.edu.tw/courses/114-2/29814
專題研究,張智涵,21968,EEB7002,B44M0030,必修,,,,1 類,,1,,https://course.ntu.edu.tw/courses/114-2/21968
專題研究,楊瑋誠,43288,EEB7002,B44M0030,必修,,,,1 類,,1,,https://course.ntu.edu.tw/courses/114-2/43288
專題研究,顧  銓,33414,EEB7002,B44M0030,必修,,,,1 類,,1,,https://course.ntu.edu.tw/courses/114-2/33414
專題研究,柯柏如,32212,EEB7002,B44M0030,必修,,,,1 類,,1,,https://course.ntu.edu.tw/courses/114-2/32212
專題研究,李勇毅,31514,EEB7002,B44M0030,必修,,,,1 類,,1,,https://course.ntu.edu.tw/courses/114-2/31514
專題研究,柯佳吟,38834,EEB7002,B44M0030,必修,,,,1 類,,1,,https://course.ntu.edu.tw/courses/114-2/38834
專題研究,何熙誠,16735,EEB7002,B44M0030,必修,,,,1 類,,1,,https://course.ntu.edu.tw/courses/114-2/16735
專題研究,林大利,42128,EEB7002,B44M0030,必修,,,,1 類,,1,,https://course.ntu.edu.tw/courses/114-2/42128
碩士班論文專題報告,李承叡,14609,EEB7003,B44M0040,必修,,,,1 類,,1,,https://course.ntu.edu.tw/courses/114-2/14609
碩士論文,,11863,EEB7999,B44M0010,必修,,,,1 類,,0,,https://course.ntu.edu.tw/courses/114-2/11863
博士班專題討論,李承叡,19182,EEB8001,B44D0020,必修,,,,1 類,,1,,https://course.ntu.edu.tw/courses/114-2/19182
博士班專題討論,柯柏如,36964,EEB8001,B44D0020,選修,,,,1 類,,1,,https://course.ntu.edu.tw/courses/114-2/36964
專題研究,胡哲明,59481,EEB8002,B44D0030,必修,,,,1 類,,1,,https://course.ntu.edu.tw/courses/114-2/59481
專題研究,王俊能,13479,EEB8002,B44D0030,必修,,,,1 類,,1,,https://course.ntu.edu.tw/courses/114-2/13479
專題研究,丁照棣,16199,EEB8002,B44D0030,必修,,,,1 類,,1,,https://course.ntu.edu.tw/courses/114-2/16199
專題研究,陳國勤,59892,EEB8002,B44D0030,必修,,,,1 類,,1,,https://course.ntu.edu.tw/courses/114-2/59892
專題研究,謝志豪,27046,EEB8002,B44D0030,必修,,,,1 類,,1,,https://course.ntu.edu.tw/courses/114-2/27046
專題研究,何傳愷,36544,EEB8002,B44D0030,必修,,,,1 類,,1,,https://course.ntu.edu.tw/courses/114-2/36544
專題研究,澤大衛,52147,EEB8002,B44D0030,必修,,,,1 類,,1,,https://course.ntu.edu.tw/courses/114-2/52147
專題研究,王弘毅,17312,EEB8002,B44D0030,必修,,,,1 類,,1,,https://course.ntu.edu.tw/courses/114-2/17312
專題研究,李承叡,31396,EEB8002,B44D0030,必修,,,,1 類,,1,,https://course.ntu.edu.tw/courses/114-2/31396
專題研究,張智涵,13524,EEB8002,B44D0030,必修,,,,1 類,,1,,https://course.ntu.edu.tw/courses/114-2/13524
專題研究,柯柏如,28796,EEB8002,B44D0030,必修,,,,1 類,,1,,https://course.ntu.edu.tw/courses/114-2/28796
專題研究,柯佳吟,43583,EEB8002,B44D0030,必修,,,,1 類,,1,,https://course.ntu.edu.tw/courses/114-2/43583
專題研究,何熙誠,35992,EEB8002,B44D0030,必修,,,,1 類,,1,,https://course.ntu.edu.tw/courses/114-2/35992
專題研究,林展蔚,32319,EEB8002,B44D0030,必修,,,,1 類,,1,,https://course.ntu.edu.tw/courses/114-2/32319
博士論文,,54664,EEB8999,B44D0010,必修,,,,1 類,,0,,https://course.ntu.edu.tw/courses/114-2/54664
積體電路測試,李建模,54126,EEE5001,943U0010,選修,,"二 2,3,4",博理114,2 類,,3,,https://course.ntu.edu.tw/courses/114-2/54126
高等類比積體電路,陳信樹,22506,EEE5004,943U0040,選修,,"四 2,3,4",電二225,2 類,,3,,https://course.ntu.edu.tw/courses/114-2/22506
系統晶片驗證,黃鐘揚,12612,EEE5023,943U0250,選修,,"三 2,3,4",電二104,1 類,,3,,https://course.ntu.edu.tw/courses/114-2/12612
光通訊積體電路,李致毅,17372,EEE5024,943U0260,選修,,"四 2,3,4",電二104,2 類,,3,,https://course.ntu.edu.tw/courses/114-2/17372
奈米積體電路實體設計,張耀文,43294,EEE5026,943U0280,選修,,"四 7,8,9",博理112,1 類,,3,,https://course.ntu.edu.tw/courses/114-2/43294
電腦視覺,簡韶逸,45935,EEE5053,943U0550,選修,,"五 7,8,9",電二143,2 類,,3,,https://course.ntu.edu.tw/courses/114-2/45935
半導體電子產品工程,潘正聖,58764,EEE5054,943U0560,選修,,"三 6,7,8",電二141,2 類,,3,,https://course.ntu.edu.tw/courses/114-2/58764
薄膜可撓性電子,張子璿,16261,EEE5055,943U0570,選修,,"三 2,3,4",,1 類,,3,,https://course.ntu.edu.tw/courses/114-2/16261
量子設計自動化特論,黃鐘揚,27754,EEE5065,943U0670,選修,,"四 2,3,4",電二146,1 類,,3,,https://course.ntu.edu.tw/courses/114-2/27754
先進積體電路元件及技術,劉致為,58407,EEE5066,943U0680,選修,,"一 2,3,4",,1 類,,3,,https://course.ntu.edu.tw/courses/114-2/58407
圖解MOS元件,劉致為,20020,EEE5067,943U0690,選修,,"六 7,8",,1 類,,2,,https://course.ntu.edu.tw/courses/114-2/20020
科技創新管理,曾欽平,19947,EEE5070,943U0720,選修,,"二 6,7,8,9",,2 類,,2,,https://course.ntu.edu.tw/courses/114-2/19947
高等電腦輔助積體電路系統設計,楊家驤,20451,EEE5071,943U0730,選修,,"二 7,8,9",明達231,2 類,,3,,https://course.ntu.edu.tw/courses/114-2/20451
電子設計自動化專題,江介宏,30828,EEE5072,943U0740,選修,,"三 7,8",電二144,1 類,,2,,https://course.ntu.edu.tw/courses/114-2/30828
專題研究,胡振國,32220,EEE7002,943M0030,必修,,,,1 類,,1,,https://course.ntu.edu.tw/courses/114-2/32220
專題研究,林浩雄,26565,EEE7002,943M0030,必修,,,,1 類,,1,,https://course.ntu.edu.tw/courses/114-2/26565
專題研究,闕志達,10682,EEE7002,943M0030,必修,,,,1 類,,1,,https://course.ntu.edu.tw/courses/114-2/10682
專題研究,劉深淵,31329,EEE7002,943M0030,必修,,,,1 類,,1,,https://course.ntu.edu.tw/courses/114-2/31329
專題研究,劉致為,15848,EEE7002,943M0030,必修,,,,1 類,,1,,https://course.ntu.edu.tw/courses/114-2/15848
專題研究,張耀文,44558,EEE7002,943M0030,必修,,,,1 類,,1,,https://course.ntu.edu.tw/courses/114-2/44558
專題研究,吳安宇,27897,EEE7002,943M0030,必修,,,,1 類,,1,,https://course.ntu.edu.tw/courses/114-2/27897
專題研究,吳忠幟,33923,EEE7002,943M0030,必修,,,,1 類,,1,,https://course.ntu.edu.tw/courses/114-2/33923
專題研究,陳中平,16488,EEE7002,943M0030,必修,,,,1 類,,1,,https://course.ntu.edu.tw/courses/114-2/16488
專題研究,呂良鴻,31604,EEE7002,943M0030,必修,,,,1 類,,1,,https://course.ntu.edu.tw/courses/114-2/31604
專題研究,楊佳玲,52567,EEE7002,943M0030,必修,,,,1 類,,1,,https://course.ntu.edu.tw/courses/114-2/52567
專題研究,李泰成,52893,EEE7002,943M0030,必修,,,,1 類,,1,,https://course.ntu.edu.tw/courses/114-2/52893
專題研究,林宗賢,13344,EEE7002,943M0030,必修,,,,1 類,,1,,https://course.ntu.edu.tw/courses/114-2/13344
專題研究,李致毅,37629,EEE7002,943M0030,必修,,,,1 類,,1,,https://course.ntu.edu.tw/courses/114-2/37629
專題研究,陳怡然,50119,EEE7002,943M0030,必修,,,,1 類,,1,,https://course.ntu.edu.tw/courses/114-2/50119
專題研究,簡韶逸,29201,EEE7002,943M0030,必修,,,,1 類,,1,,https://course.ntu.edu.tw/courses/114-2/29201
專題研究,江介宏,44555,EEE7002,943M0030,必修,,,,1 類,,1,,https://course.ntu.edu.tw/courses/114-2/44555
專題研究,李建模,24015,EEE7002,943M0030,必修,,,,1 類,,1,,https://course.ntu.edu.tw/courses/114-2/24015
專題研究,黃俊郎,22010,EEE7002,943M0030,必修,,,,1 類,,1,,https://course.ntu.edu.tw/courses/114-2/22010
專題研究,陳信樹,45588,EEE7002,943M0030,必修,,,,1 類,,1,,https://course.ntu.edu.tw/courses/114-2/45588
專題研究,黃鐘揚,23941,EEE7002,943M0030,必修,,,,1 類,,1,,https://course.ntu.edu.tw/courses/114-2/23941
專題研究,林致廷,18993,EEE7002,943M0030,必修,,,,1 類,,1,,https://course.ntu.edu.tw/courses/114-2/18993
專題研究,吳肇欣,29432,EEE7002,943M0030,必修,,,,1 類,,1,,https://course.ntu.edu.tw/courses/114-2/29432
專題研究,李峻霣,54036,EEE7002,943M0030,必修,,,,1 類,,1,,https://course.ntu.edu.tw/courses/114-2/54036
專題研究,盧信嘉,41426,EEE7002,943M0030,必修,,,,1 類,,1,,https://course.ntu.edu.tw/courses/114-2/41426
專題研究,陳景然,26304,EEE7002,943M0030,必修,,,,1 類,,1,,https://course.ntu.edu.tw/courses/114-2/26304
專題研究,劉宗德,38351,EEE7002,943M0030,必修,,,,1 類,,1,,https://course.ntu.edu.tw/courses/114-2/38351
專題研究,李俊興,30528,EEE7002,943M0030,必修,,,,1 類,,1,,https://course.ntu.edu.tw/courses/114-2/30528
專題研究,胡璧合,11672,EEE7002,943M0030,必修,,,,1 類,,1,,https://course.ntu.edu.tw/courses/114-2/11672
專題研究,張子璿,10424,EEE7002,943M0030,必修,,,,1 類,,1,,https://course.ntu.edu.tw/courses/114-2/10424
專題研究,李念澤,20248,EEE7002,943M0030,必修,,,,1 類,,1,,https://course.ntu.edu.tw/courses/114-2/20248
專題研究,郭斯彥,31213,EEE7002,943M0030,必修,,,,1 類,,1,,https://course.ntu.edu.tw/courses/114-2/31213
專題演講二,吳肇欣,10351,EEE7004,943M0050,必修,,"一 6,7",,1 類,,1,,https://course.ntu.edu.tw/courses/114-2/10351
專題討論(積體電路與系統),盧信嘉,57296,EEE7005,943M0060,必修,,一 9,明達231,1 類,,0,,https://course.ntu.edu.tw/courses/114-2/57296
專題討論(奈米電子),張子璿,42202,EEE7006,943M0070,必修,,一 8,博理113,1 類,,0,,https://course.ntu.edu.tw/courses/114-2/42202
專題討論(電子設計自動化),李建模,51101,EEE7007,943M0080,必修,,一 8,博理112,1 類,,0,,https://course.ntu.edu.tw/courses/114-2/51101
碩士論文,,32141,EEE7999,943M0010,必修,,,,1 類,,0,,https://course.ntu.edu.tw/courses/114-2/32141
專題研究,胡振國,30916,EEE8002,943D0030,必修,,,,1 類,,1,,https://course.ntu.edu.tw/courses/114-2/30916
專題研究,林浩雄,25129,EEE8002,943D0030,必修,,,,1 類,,1,,https://course.ntu.edu.tw/courses/114-2/25129
專題研究,闕志達,58218,EEE8002,943D0030,必修,,,,1 類,,1,,https://course.ntu.edu.tw/courses/114-2/58218
專題研究,劉深淵,14643,EEE8002,943D0030,必修,,,,1 類,,1,,https://course.ntu.edu.tw/courses/114-2/14643
專題研究,劉致為,12565,EEE8002,943D0030,必修,,,,1 類,,1,,https://course.ntu.edu.tw/courses/114-2/12565
專題研究,張耀文,27116,EEE8002,943D0030,必修,,,,1 類,,1,,https://course.ntu.edu.tw/courses/114-2/27116
專題研究,吳安宇,47231,EEE8002,943D0030,必修,,,,1 類,,1,,https://course.ntu.edu.tw/courses/114-2/47231
專題研究,吳忠幟,27463,EEE8002,943D0030,必修,,,,1 類,,1,,https://course.ntu.edu.tw/courses/114-2/27463
專題研究,陳中平,18829,EEE8002,943D0030,必修,,,,1 類,,1,,https://course.ntu.edu.tw/courses/114-2/18829
專題研究,呂良鴻,37840,EEE8002,943D0030,必修,,,,1 類,,1,,https://course.ntu.edu.tw/courses/114-2/37840
專題研究,林宗賢,41970,EEE8002,943D0030,必修,,,,1 類,,1,,https://course.ntu.edu.tw/courses/114-2/41970
專題研究,簡韶逸,53287,EEE8002,943D0030,必修,,,,1 類,,1,,https://course.ntu.edu.tw/courses/114-2/53287
專題研究,江介宏,39676,EEE8002,943D0030,必修,,,,1 類,,1,,https://course.ntu.edu.tw/courses/114-2/39676
專題研究,林致廷,15159,EEE8002,943D0030,必修,,,,1 類,,1,,https://course.ntu.edu.tw/courses/114-2/15159
專題研究,楊家驤,10709,EEE8002,943D0030,必修,,,,1 類,,1,,https://course.ntu.edu.tw/courses/114-2/10709
專題研究,吳肇欣,31713,EEE8002,943D0030,必修,,,,1 類,,1,,https://course.ntu.edu.tw/courses/114-2/31713
專題研究,李峻霣,54154,EEE8002,943D0030,必修,,,,1 類,,1,,https://course.ntu.edu.tw/courses/114-2/54154
專題研究,陳景然,11718,EEE8002,943D0030,必修,,,,1 類,,1,,https://course.ntu.edu.tw/courses/114-2/11718
專題研究,劉宗德,50778,EEE8002,943D0030,必修,,,,1 類,,1,,https://course.ntu.edu.tw/courses/114-2/50778
專題研究,李俊興,20728,EEE8002,943D0030,必修,,,,1 類,,1,,https://course.ntu.edu.tw/courses/114-2/20728
專題研究,胡璧合,43951,EEE8002,943D0030,必修,,,,1 類,,1,,https://course.ntu.edu.tw/courses/114-2/43951
專題研究,蔡坤諭,49515,EEE8002,943D0030,必修,,,,1 類,,1,,https://course.ntu.edu.tw/courses/114-2/49515
專題研究,張子璿,37510,EEE8002,943D0030,必修,,,,1 類,,1,,https://course.ntu.edu.tw/courses/114-2/37510
專題演講二,吳肇欣,54941,EEE8004,943D0050,必修,,"一 6,7",,1 類,,1,,https://course.ntu.edu.tw/courses/114-2/54941
專題討論(積體電路與系統),盧信嘉,36912,EEE8005,943D0060,必修,,一 9,,1 類,,0,,https://course.ntu.edu.tw/courses/114-2/36912
專題討論(奈米電子),張子璿,50349,EEE8006,943D0070,必修,,一 8,,1 類,,0,,https://course.ntu.edu.tw/courses/114-2/50349
專題討論(電子設計自動化),李建模,11067,EEE8007,943D0080,必修,,一 8,,1 類,,0,,https://course.ntu.edu.tw/courses/114-2/11067
博士論文,,29712,EEE8999,943D0010,必修,,,,1 類,,0,,https://course.ntu.edu.tw/courses/114-2/29712
創意與設計思考,郭瑞祥,27705,EiMBA7003,751M0130,必修,,"二 A,B,C",玉山廳,2 類,,3,,https://course.ntu.edu.tw/courses/114-2/27705
資訊科技與應用,莊裕澤,55690,EiMBA7004,751M0140,必修,,"五 A,B,C",冠德講堂,2 類,,3,,https://course.ntu.edu.tw/courses/114-2/55690
創業專題(2),李家岩,48498,EiMBA7008,751M0180,必修,,"二 A,B,C",冠德講堂,2 類,,3,,https://course.ntu.edu.tw/courses/114-2/48498
創業財務,胡星陽,53428,EiMBA7009,751M0190,必修,,"三 A,B,C",玉山廳,2 類,,3,,https://course.ntu.edu.tw/courses/114-2/53428
領導與組織,陳俊忠,16481,EiMBA7012,751M0220,必修,,"一 A,B,C",冠德講堂,2 類,,3,,https://course.ntu.edu.tw/courses/114-2/16481
全球創業創新管理實務,李家岩,13306,EiMBA7013,751M0230,選修,,,,2 類,,2,,https://course.ntu.edu.tw/courses/114-2/13306
商業數據分析導論,孔令傑,38516,EiMBA7017,751M0270,選修,,,,2 類,,2,,https://course.ntu.edu.tw/courses/114-2/38516
碩士論文,,24981,EiMBA7999,751M0010,必修,,,,1 類,,0,,https://course.ntu.edu.tw/courses/114-2/24981
服務學習甲,曾書萍,17404,ENT0008,612001G0,選修,,,,1 類,,1,,https://course.ntu.edu.tw/courses/114-2/17404
服務學習乙,黃榮南,26378,ENT0009,612001H0,選修,,,,3 類,,1,,https://course.ntu.edu.tw/courses/114-2/26378
服務學習乙,曾惠芸,23065,ENT0009,612001H0,選修,,,,1 類,,1,,https://course.ntu.edu.tw/courses/114-2/23065
普通昆蟲學下,蔡志偉,17256,ENT1010,61210102,必帶 / 必修,,"二 6,7",學新614,3 類,,2,,https://course.ntu.edu.tw/courses/114-2/17256
普通昆蟲學實習下,蔡志偉,18665,ENT1012,61210202,必帶 / 必修,,"三 2,3,4",學新607,3 類,,1,,https://course.ntu.edu.tw/courses/114-2/18665
昆蟲分類學下,邱名鍾,39197,ENT3011,61232102,選修,,,,2 類,,2,,https://course.ntu.edu.tw/courses/114-2/39197
昆蟲分類學下,蕭旭峰,28888,ENT3011,61232102,必修,,"三 3,4",學新614,3 類,,2,,https://course.ntu.edu.tw/courses/114-2/28888
昆蟲分類學實習下,蕭旭峰,41267,ENT3013,61232202,必修,,"三 6,7,8",學新607,3 類,,1,,https://course.ntu.edu.tw/courses/114-2/41267
整合生物學專題討論,吳岳隆,14742,ENT4003,61242400,選修,,二 4,,3 類,,1,,https://course.ntu.edu.tw/courses/114-2/14742
專題研究,張俊哲,17519,ENT4010,61249200,選修,,,,2 類,,2,,https://course.ntu.edu.tw/courses/114-2/17519
專題研究,許如君,17009,ENT4010,61249200,選修,,,,2 類,,2,,https://course.ntu.edu.tw/courses/114-2/17009
專題研究,蔡志偉,30013,ENT4010,61249200,選修,,,,2 類,,2,,https://course.ntu.edu.tw/courses/114-2/30013
專題研究,吳岳隆,44946,ENT4010,61249200,選修,,,,2 類,,2,,https://course.ntu.edu.tw/courses/114-2/44946
專題研究,曾惠芸,34790,ENT4010,61249200,選修,,,,2 類,,2,,https://course.ntu.edu.tw/courses/114-2/34790
專題研究,曾書萍,12534,ENT4010,61249200,選修,,,,2 類,,2,,https://course.ntu.edu.tw/courses/114-2/12534
蟲害管理,許如君,24495,ENT4013,61240400,必修 / 選修,,"三 2,3,4",學新705,2 類,,3,,https://course.ntu.edu.tw/courses/114-2/24495
學士論文下,許如君,33536,ENT4999,61249502,選修,,,,2 類,,1,,https://course.ntu.edu.tw/courses/114-2/33536
學士論文下,曾惠芸,14933,ENT4999,61249502,選修,,,,2 類,,1,,https://course.ntu.edu.tw/courses/114-2/14933
學士論文下,曾書萍,47086,ENT4999,61249502,選修,,,,2 類,,1,,https://course.ntu.edu.tw/courses/114-2/47086
學士論文下,林柏安,15174,ENT4999,61249502,選修,,,,2 類,,1,,https://course.ntu.edu.tw/courses/114-2/15174
學士論文下,王弘毅,41844,ENT4999,61249502,選修,,,,2 類,,1,,https://course.ntu.edu.tw/courses/114-2/41844
都市昆蟲學,曾書萍,59098,ENT5009,632U0250,選修,,"五 6,7,8",學新609,3 類,,3,,https://course.ntu.edu.tw/courses/114-2/59098
昆蟲行為,邱名鍾,45272,ENT5017,632U0470,選修,,"四 6,7,8",學新705,3 類,,3,,https://course.ntu.edu.tw/courses/114-2/45272
昆蟲生物技術,張俊哲,33752,ENT5037,632U0870,選修,,,,2 類,,2,,https://course.ntu.edu.tw/courses/114-2/33752
科學研究計畫管理,張俊哲,24414,ENT5045,632U1070,選修,,"二 2,3",學新609,2 類,,2,,https://course.ntu.edu.tw/courses/114-2/24414
生態研究法,奧山利規,36529,ENT5053,632U1150,選修,,"四 2,3,4",學新603,3 類,,3,,https://course.ntu.edu.tw/courses/114-2/36529
食用昆蟲學,薛馬坦,39285,ENT5069,632U1270,,,"三 3,4",普101,3 類,,2,,https://course.ntu.edu.tw/courses/114-2/39285
昆蟲–微生物相互作用,薛馬坦,27648,ENT5071,632U1290,選修,,"一 6,7",學新609,3 類,,2,,https://course.ntu.edu.tw/courses/114-2/27648
昆蟲學概論下,薛馬坦,42265,ENT5073,632U1302,選修,,"四 6,7",學新603,2 類,,2,,https://course.ntu.edu.tw/courses/114-2/42265
田野生態學,曾惠芸,10470,ENT5074,632U1310,選修,,"四 9,10",學新705,2 類,,2,,https://course.ntu.edu.tw/courses/114-2/10470
桿狀病毒基因工程與實驗,吳岳隆,58095,ENT5078,632U1350,選修,,"三 6,7",昆蟲201,2 類,,2,,https://course.ntu.edu.tw/courses/114-2/58095
科學研究計畫管理實務,張俊哲,49790,ENT5083,632U1400,必修 / 選修,,"三 3,4,5",學新609,2 類,,3,,https://course.ntu.edu.tw/courses/114-2/49790
分子遺傳學,張俊哲,35501,ENT5084,632U1410,選修,,"四 8,9,10",學新614,2 類,,3,,https://course.ntu.edu.tw/courses/114-2/35501
整合生物學專題討論,吳岳隆,15010,ENT7003,632M0040,必修,,二 4,,3 類,,1,,https://course.ntu.edu.tw/courses/114-2/15010
碩士論文,蔡志偉,24386,ENT7999,632M0010,必修,,,,1 類,,0,,https://course.ntu.edu.tw/courses/114-2/24386
專題討論,薛馬坦,11230,ENT8002,632D0030,必修,,"五 3,4",,2 類,,1,,https://course.ntu.edu.tw/courses/114-2/11230
整合生物學專題討論,吳岳隆,47696,ENT8003,632D0040,必修,,二 4,,3 類,,1,,https://course.ntu.edu.tw/courses/114-2/47696
博士論文,蔡志偉,23413,ENT8999,632D0010,必修,,,,1 類,,0,,https://course.ntu.edu.tw/courses/114-2/23413
水庫及河口生態系統管理,吳先琪,58175,EnvE5004,541U0340,選修,,"三 2,3,4",環工102,1 類,,3,,https://course.ntu.edu.tw/courses/114-2/58175
綠色生產與消費,駱尚廉,53791,EnvE5007,541U0160,,,"四 3,4",環工103,2 類,,2,,https://course.ntu.edu.tw/courses/114-2/53791
環境、社會與治理(ESG),蔣本基,28448,EnvE5014,541U0260,選修,,"二 1,2",環工103,1 類,,2,,https://course.ntu.edu.tw/courses/114-2/28448
專題討論,蕭大智,34238,EnvE7001,541M0040,選修,,"二 3,4",環工103,1 類,,1,,https://course.ntu.edu.tw/courses/114-2/34238
環境數學,駱尚廉,47925,EnvE7008,541M0190,選修,,"一 7,8,9",環工103,1 類,,3,,https://course.ntu.edu.tw/courses/114-2/47925
環境生態學,童心欣,50626,EnvE7012,541M0230,選修,,"二 7,8,9",環工102,1 類,,3,,https://course.ntu.edu.tw/courses/114-2/50626
粒狀物控制理論,蕭大智,18935,EnvE7019,541M0450,選修,,"五 2,3,4",環工102,1 類,,3,,https://course.ntu.edu.tw/courses/114-2/18935
環境政策與管理,王興睿,41373,EnvE7020,541M0460,選修,,"五 3,4",環工101,2 類,,2,,https://course.ntu.edu.tw/courses/114-2/41373
環境風險分析與實習,于昌平,12321,EnvE7023,541M0490,選修,,"三 7,8,9,10",環工103,1 類,,3,,https://course.ntu.edu.tw/courses/114-2/12321
環境影響評估及實習,闕蓓德,28254,EnvE7024,541M0500,選修,,"一 2,3,4,6",環工103,1 類,,3,,https://course.ntu.edu.tw/courses/114-2/28254
生物處理方法,于昌平,25283,EnvE7032,541M1050,選修,,"四 7,8,9,10,A",,2 類,,3,,https://course.ntu.edu.tw/courses/114-2/25283
空氣污染控制設計,席行正,23690,EnvE7045,541M1360,選修,,"一 1,2",環工101,1 類,,2,,https://course.ntu.edu.tw/courses/114-2/23690
生態工法概論,林鎮洋,11480,EnvE7048,541M1740,選修,,"四 2,3,4",環工101,1 類,,3,,https://course.ntu.edu.tw/courses/114-2/11480
環境趨勢與策略,鄒  倫,16078,EnvE7072,541M0600,選修,,"二 10,A,B",環工102,1 類,,3,,https://course.ntu.edu.tw/courses/114-2/16078
環境工程單元操作,林逸彬,55425,EnvE7076,541M0630,選修,,"二 1,2 / 三 A,B,C",環工102,2 類,,3,,https://course.ntu.edu.tw/courses/114-2/55425
空氣污染概論,丁育頡,35395,EnvE7081,541M0680,選修,,"三 2,3,4",環工101,1 類,,3,,https://course.ntu.edu.tw/courses/114-2/35395
環境污染物分析,林郁真,15253,EnvE7084,541M0710,選修,,"三 6,7,8,9",環工102,2 類,,3,,https://course.ntu.edu.tw/courses/114-2/15253
環境污染物分析,林郁真,45228,EnvE7084,541M0710,選修,,"二 6,7,8,9",環工104,2 類,,3,,https://course.ntu.edu.tw/courses/114-2/45228
環境規劃與管理,王興睿,57818,EnvE7090,541M4050,必修 / 選修,,"一 7,8,9",環工102,3 類,,3,,https://course.ntu.edu.tw/courses/114-2/57818
污水工程設計,陳立儒,25954,EnvE7091,541M1540,選修,,"一 10,A",環工101,2 類,,2,,https://course.ntu.edu.tw/courses/114-2/25954
應用機器學習,郭大孚,58188,EnvE7097,541M0820,選修,,"五 7,8,9",環工101,3 類,,3,,https://course.ntu.edu.tw/courses/114-2/58188
半導體綠色工程,闕蓓德,30350,EnvE7099,541M0830,選修,,"四 7,8,9",環工101,2 類,,3,,https://course.ntu.edu.tw/courses/114-2/30350
專題討論,丁育頡,55746,EnvE8001,541D0030,選修,,"二 3,4",環工101,1 類,,1,,https://course.ntu.edu.tw/courses/114-2/55746
空氣污染化學,丁育頡,54082,EnvE8018,541D0130,選修,,"四 2,3,4",環工102,2 類,,3,,https://course.ntu.edu.tw/courses/114-2/54082
博士論文,,47062,EnvE8999,541D0010,必修,,,,1 類,,0,,https://course.ntu.edu.tw/courses/114-2/47062
醫學昆蟲學,蔡坤憲,21826,EOHS5002,852U0020,選修,,"三 6,7",公衛209,2 類,,2,,https://course.ntu.edu.tw/courses/114-2/21826
水質管理,王根樹,22200,EOHS5003,852U0030,選修,,"一 8,9",公衛207,2 類,,2,,https://course.ntu.edu.tw/courses/114-2/22200
生物偵測,蔡詩偉,44479,EOHS5005,852U0050,選修,,"四 8,9",公衛207,2 類,,2,,https://course.ntu.edu.tw/courses/114-2/44479
環境衛生與蟲媒傳染病,蔡坤憲,44634,EOHS5008,852U0080,選修,,"一 3,4",公衛207,2 類,,2,,https://course.ntu.edu.tw/courses/114-2/44634
蚊蟲生物學特論,蔡坤憲,53435,EOHS5009,852U0090,選修,,,,2 類,,1,,https://course.ntu.edu.tw/courses/114-2/53435
環境職業健康科學專題討論,吳章甫,12108,EOHS7001,852M0720,必修,,"四 6,7",公衛201,2 類,,1,,https://course.ntu.edu.tw/courses/114-2/12108
環境與職業毒理學,林靖愉,18951,EOHS7006,852M0060,必修 / 選修,,"二 6,7",公衛201,2 類,,2,,https://course.ntu.edu.tw/courses/114-2/18951
暴露評估,吳章甫,47709,EOHS7007,852M0070,必修 / 選修,,"二 8,9",公衛201,2 類,,2,,https://course.ntu.edu.tw/courses/114-2/47709
環境衛生政策,蔡玲儀,10028,EOHS7011,852M0110,選修,,"二 3,4",公衛212,2 類,,2,,https://course.ntu.edu.tw/courses/114-2/10028
環境微生物學,張靜文,39681,EOHS7012,852M0120,選修,,"三 3,4",公衛208,3 類,,2,,https://course.ntu.edu.tw/courses/114-2/39681
職業衛生,楊孝友,47864,EOHS7016,852M0160,選修,,"四 3,4",公衛210,2 類,,2,,https://course.ntu.edu.tw/courses/114-2/47864
環境職業醫學研究法,楊孝友,30752,EOHS7019,852M0190,選修,,"二 3,4",公衛208,2 類,,2,,https://course.ntu.edu.tw/courses/114-2/30752
衛生管理實務一,陳佳堃,32539,EOHS7021,852M0210,選修,,,,2 類,,1,,https://course.ntu.edu.tw/courses/114-2/32539
作業環境測定二,黃耀輝,50322,EOHS7025,852M0250,選修,,"三 6,7",公衛212,2 類,,2,,https://course.ntu.edu.tw/courses/114-2/50322
個人防護設備,黃盛修,51189,EOHS7027,852M0270,選修,,"一 2,3,4",公衛212,2 類,,2,,https://course.ntu.edu.tw/courses/114-2/51189
人因工程,黃耀輝,11393,EOHS7030,852M0300,選修,,"二 1,2",公衛211,2 類,,2,,https://course.ntu.edu.tw/courses/114-2/11393
健康風險評估實務,吳焜裕,20473,EOHS7031,852M0310,選修,,"一 8,9",公衛210,2 類,,2,,https://course.ntu.edu.tw/courses/114-2/20473
毒理基因體學特論,林靖愉,35516,EOHS7037,852M0370,選修,,"一 6,7",公衛105,2 類,,2,,https://course.ntu.edu.tw/courses/114-2/35516
環境基因與表基因,劉貞佑,38022,EOHS7038,852M0380,選修,,"三 3,4",公衛203,2 類,,2,,https://course.ntu.edu.tw/courses/114-2/38022
健康與疾病發展起源下,陳保中,24688,EOHS7046,852M0460,選修,,"三 9,10",公衛207,2 類,,2,,https://course.ntu.edu.tw/courses/114-2/24688
局部排氣：進階技術與實用,陳佳堃,59982,EOHS7052,852M0520,選修,,"一 6,7,8",公衛203,2 類,,3,,https://course.ntu.edu.tw/courses/114-2/59982
環境職業性肺病研究專題討論二,楊孝友,44744,EOHS7054,852M0540,選修,,"四 8,9",,2 類,,1,,https://course.ntu.edu.tw/courses/114-2/44744
永續科技-室內環境品質與健康,陳佳堃,16368,EOHS7055,852M0550,選修,,"四 8,9,10",公衛203,2 類,,3,,https://course.ntu.edu.tw/courses/114-2/16368
氣膠專題討論下,黃盛修,50192,EOHS7059,852M0590,選修,,"三 1,2",,2 類,,1,,https://course.ntu.edu.tw/courses/114-2/50192
生殖危害專題討論下,陳保中,47120,EOHS7061,852M0610,選修,,"四 3,4",,2 類,,1,,https://course.ntu.edu.tw/courses/114-2/47120
氣候變遷與健康衝擊及災害防治,陳保中,34983,EOHS7071,852M0710,選修,,"五 3,4",公衛210,2 類,,2,,https://course.ntu.edu.tw/courses/114-2/34983
碩士論文,蔡坤憲,41207,EOHS7999,852M0010,必修,,,,1 類,,0,,https://course.ntu.edu.tw/courses/114-2/41207
環境職業健康科學專題討論一,蔡坤憲,95142,EOHS8002,852D0020,選修,,"四 6,7",,2 類,,1,,https://course.ntu.edu.tw/courses/114-2/95142
環境職業健康科學專題討論二,蔡坤憲,45951,EOHS8003,852D0030,選修,,"四 6,7",公衛209,2 類,,1,,https://course.ntu.edu.tw/courses/114-2/45951
環境職業衛生特論二,蔡坤憲,50927,EOHS8007,852D0070,必修,,"四 8,9",公衛209,2 類,,2,,https://course.ntu.edu.tw/courses/114-2/50927
博士論文,蔡坤憲,46498,EOHS8999,852D0010,必修,,,,1 類,,0,,https://course.ntu.edu.tw/courses/114-2/46498
傳染病防治: 倫理與法律實務II,詹珮君,43384,EPM5014,849U0420,必修 / 選修,,"三 10,A",公衛215,2 類,,1,,https://course.ntu.edu.tw/courses/114-2/43384
老化及老人流行病學,程蘊菁,13095,EPM5020,849U0480,必修 / 選修,,"一 8,9",公衛213,3 類,,2,,https://course.ntu.edu.tw/courses/114-2/13095
傳染病分子流行病學,范怡琴,56047,EPM5024,849U0520,選修,,"一 6,7",公衛208,3 類,,2,,https://course.ntu.edu.tw/courses/114-2/56047
族群健康中的基因學與醫學,盧子彬,43978,EPM5028,849U0560,選修,,"一 8,9",公衛208,2 類,,2,,https://course.ntu.edu.tw/courses/114-2/43978
營養流行病學,曾翎威,18357,EPM5034,849U0050,選修,,"四 8,9",公衛213,2 類,,2,,https://course.ntu.edu.tw/courses/114-2/18357
臨床流行病學,方啟泰,25356,EPM5040,849U0110,選修,,"一 8,9",,2 類,,2,,https://course.ntu.edu.tw/courses/114-2/25356
通報傳染病之檢驗實務,施惟量,38907,EPM5043,849U0140,必修 / 選修,,"四 6,7",公衛213,2 類,,2,,https://course.ntu.edu.tw/courses/114-2/38907
傳染病流行病學數理模式,方啟泰,51156,EPM5044,849U0150,選修,,"三 8,9",公衛215,2 類,,2,,https://course.ntu.edu.tw/courses/114-2/51156
疫苗政策與接種實務,劉定萍,56226,EPM5058,849U0580,必修 / 選修,,"三 6,7",公衛213,2 類,,2,,https://course.ntu.edu.tw/courses/114-2/56226
健康數據分析實務,王  睿,30311,EPM5059,849U0590,選修,,"三 6,7",公衛215,3 類,,2,,https://course.ntu.edu.tw/courses/114-2/30311
R程式語言在公共衛生資料的應用,安莉達,47904,EPM5060,849U0600,選修,,"四 2,3,4",公衛212,2 類,,3,,https://course.ntu.edu.tw/courses/114-2/47904
高等預防醫學理論,簡國龍,47406,EPM7011,849M0950,必修,,"二 8,9",公衛505,3 類,,2,,https://course.ntu.edu.tw/courses/114-2/47406
預防醫學文獻批判,張慶國,25121,EPM7013,849M0970,必修,,"二 3,4",公衛213,3 類,,2,,https://course.ntu.edu.tw/courses/114-2/25121
高等統合分析方法,杜裕康,10190,EPM7014,849M0980,選修,,"三 6,7",公衛210,2 類,,2,,https://course.ntu.edu.tw/courses/114-2/10190
流行病學研究專題討論,方啟泰,47679,EPM7017,849M1100,必修,,"一 3,4",公衛215,3 類,,1,,https://course.ntu.edu.tw/courses/114-2/47679
預防醫學專題討論(二),簡國龍,57488,EPM7019,849M1300,必修,,"二 6,7",公衛213,3 類,,1,,https://course.ntu.edu.tw/courses/114-2/57488
流行病學特論,林先和,13903,EPM7111,849M0050,必修 / 選修,,"二 8,9",公衛213,2 類,,2,,https://course.ntu.edu.tw/courses/114-2/13903
癌症流行病學,于明暉,39181,EPM7142,849M0370,選修,,"三 8,9",公衛209,3 類,,2,,https://course.ntu.edu.tw/courses/114-2/39181
專題研究,簡國龍,52238,EPM7162,849M0570,選修,,"一 10,A",,3 類,,1,,https://course.ntu.edu.tw/courses/114-2/52238
專題研究,程蘊菁,14484,EPM7162,849M0570,選修,,"一 10,A",公衛505,3 類,,1,,https://course.ntu.edu.tw/courses/114-2/14484
緊急救護與災害應變系統,馬惠明,33784,EPM7168,849M0630,選修,,"一 8,9",公衛209,3 類,,2,,https://course.ntu.edu.tw/courses/114-2/33784
疾病篩檢統計,陳秀熙,38700,EPM7189,849M0840,選修,,"一 8,9",公衛211,2 類,,2,,https://course.ntu.edu.tw/courses/114-2/38700
碩士論文,,50293,EPM7999,849M0010,必修,,,,1 類,,0,,https://course.ntu.edu.tw/courses/114-2/50293
流行病學研究專題討論一,方啟泰,45137,EPM8005,849D0420,必修,,"一 3,4",,3 類,,1,,https://course.ntu.edu.tw/courses/114-2/45137
流行病學研究專題討論二,方啟泰,12625,EPM8006,849D0430,必修,,"一 3,4",,3 類,,1,,https://course.ntu.edu.tw/courses/114-2/12625
高等預防醫學專題討論二,簡國龍,38621,EPM8057,849D0240,必修,,"二 6,7",,3 類,,1,,https://course.ntu.edu.tw/courses/114-2/38621
高等預防醫學專題討論四,簡國龍,50661,EPM8059,849D0260,必修,,"二 6,7",,3 類,,1,,https://course.ntu.edu.tw/courses/114-2/50661
流行病學議題回顧,方啟泰,23123,EPM8071,849D0060,必修,,"四 8,9",公衛208,3 類,,2,,https://course.ntu.edu.tw/courses/114-2/23123
生物醫學統計專題討論D2,馮嬿臻,50445,EPM8086,849D0210,必修,,"二 3,4",,3 類,,1,,https://course.ntu.edu.tw/courses/114-2/50445
生物醫學統計專題討論D4,馮嬿臻,33594,EPM8087,849D0220,必修,,"二 3,4",,3 類,,1,,https://course.ntu.edu.tw/courses/114-2/33594
應用隨機過程二,陳秀熙,43013,EPM8091,849D0370,選修,,"三 10,A",公衛213,2 類,,2,,https://course.ntu.edu.tw/courses/114-2/43013
博士論文,,49207,EPM8999,849D0010,必修,,,,1 類,,0,,https://course.ntu.edu.tw/courses/114-2/49207
書報討論II,劉千義,39241,ES8012,249D0030,必修,,三 5,,2 類,,1,,https://course.ntu.edu.tw/courses/114-2/39241
人類圈與永續性,陳于高,37500,ES8013,249D0080,選修,,"一 2,3,4",,2 類,,3,,https://course.ntu.edu.tw/courses/114-2/37500
大氣科學,林傳堯,27465,ES8014,249D0090,選修,,"一 6,7,8",,2 類,,3,,https://course.ntu.edu.tw/courses/114-2/27465
板塊構造地質學,李建成,27449,ES8016,249D1090,選修,,"二 5,6,7",,2 類,,3,,https://course.ntu.edu.tw/courses/114-2/27449
環境同位素地球化學,黃國芳,13954,ES8027,249D1180,選修,,"三 2,3,4",,2 類,,3,,https://course.ntu.edu.tw/courses/114-2/13954
數位影像與社會變遷,劉說安,45210,ES8033,249D1240,選修,,"三 6,7,8",,2 類,,3,,https://course.ntu.edu.tw/courses/114-2/45210
低頻地震學,洪淑蕙,58421,ES8037,249D1280,選修,,"一 6,7,8",,2 類,,3,,https://course.ntu.edu.tw/courses/114-2/58421
實用科學寫作,彭君能,13446,ES8047,249D1380,選修,,"四 3,4",,2 類,,2,,https://course.ntu.edu.tw/courses/114-2/13446
地球系統模式,陳毅軒,19623,ES8048,249D1390,選修,,"四 6,7",,2 類,,2,,https://course.ntu.edu.tw/courses/114-2/19623
海洋微體古生物學,何亞倫,59306,ES8049,249D1400,選修,,"三 6,7",,2 類,,2,,https://course.ntu.edu.tw/courses/114-2/59306
博士論文,,13065,ES8999,249D0010,必修,,,,1 類,,0,,https://course.ntu.edu.tw/courses/114-2/13065
計算機概論與程式設計下,陳彥廷,20116,ESOE1026,50510522,必帶,,"二 6,7",,2 類,,2,,https://course.ntu.edu.tw/courses/114-2/20116
結構學,黃心豪,59629,ESOE2001,50533000,必修,,"三 6,7,8",工科202,2 類,,3,,https://course.ntu.edu.tw/courses/114-2/59629
物件導向程式語言,黃乾綱,10895,ESOE2013,50522250,必修,,"一 7,8,9",工科視聽室,2 類,,3,,https://course.ntu.edu.tw/courses/114-2/10895
工程數學二,林宗岳,36851,ESOE2022,50528120,必帶 / 必修,,"二 6 / 三 3,4",工科206,2 類,,3,,https://course.ntu.edu.tw/courses/114-2/36851
電子電路二,陳昭宏,35643,ESOE2031,50521650,必修,,"二 7,8 / 四 3,4",工科206,2 類,,3,,https://course.ntu.edu.tw/courses/114-2/35643
複變函數,丁肇隆,44140,ESOE3044,50532800,選修,,"二 3,4",工科202,2 類,,2,,https://course.ntu.edu.tw/courses/114-2/44140
專題研究,戴璽恆,29886,ESOE5001,525U0010,選修,,,,2 類,,1,,https://course.ntu.edu.tw/courses/114-2/29886
專題研究,李岳聯,45175,ESOE5001,525U0010,選修,,,,2 類,,1,,https://course.ntu.edu.tw/courses/114-2/45175
專題研究,蔡武廷,12172,ESOE5001,525U0010,選修,,,,2 類,,1,,https://course.ntu.edu.tw/courses/114-2/12172
專題研究,楊舜涵,11055,ESOE5001,525U0010,選修,,,,2 類,,1,,https://course.ntu.edu.tw/courses/114-2/11055
專題研究,薛文証,40189,ESOE5001,525U0010,選修,,,,1 類,,1,,https://course.ntu.edu.tw/courses/114-2/40189
專題研究,張瑞益,21827,ESOE5001,525U0010,選修,,,,2 類,,1,,https://course.ntu.edu.tw/courses/114-2/21827
專題研究,吳文中,38842,ESOE5001,525U0010,選修,,,,2 類,,1,,https://course.ntu.edu.tw/courses/114-2/38842
專題研究,黃乾綱,43569,ESOE5001,525U0010,選修,,,,2 類,,1,,https://course.ntu.edu.tw/courses/114-2/43569
專題研究,李佳翰,12240,ESOE5001,525U0010,選修,,,,2 類,,1,,https://course.ntu.edu.tw/courses/114-2/12240
專題研究,江茂雄,46235,ESOE5001,525U0010,選修,,,,2 類,,1,,https://course.ntu.edu.tw/courses/114-2/46235
專題研究,張恆華,43214,ESOE5001,525U0010,選修,,,,1 類,,1,,https://course.ntu.edu.tw/courses/114-2/43214
專題研究,趙修武,48295,ESOE5001,525U0010,選修,,,,2 類,,1,,https://course.ntu.edu.tw/courses/114-2/48295
專題研究,馬開東,26153,ESOE5001,525U0010,選修,,,,1 類,,1,,https://course.ntu.edu.tw/courses/114-2/26153
專題研究,黃心豪,24110,ESOE5001,525U0010,選修,,,,2 類,,1,,https://course.ntu.edu.tw/courses/114-2/24110
專題研究,陳彥廷,21319,ESOE5001,525U0010,選修,,,,2 類,,1,,https://course.ntu.edu.tw/courses/114-2/21319
專題研究,羅弘岳,20049,ESOE5001,525U0010,選修,,,,2 類,,1,,https://course.ntu.edu.tw/courses/114-2/20049
專題研究,李坤彥,57131,ESOE5001,525U0010,選修,,,,2 類,,1,,https://course.ntu.edu.tw/courses/114-2/57131
專題研究,李炯輝,95133,ESOE5001,525U0010,選修,,,,2 類,,1,,https://course.ntu.edu.tw/courses/114-2/95133
專題研究,丁肇隆,14875,ESOE5001,525U0010,選修,,,,2 類,,1,,https://course.ntu.edu.tw/courses/114-2/14875
數位控制系統,江茂雄,24650,ESOE5019,525U0290,選修,,"二 2,3,4",工科視聽室,2 類,,3,,https://course.ntu.edu.tw/courses/114-2/24650
現代液氣壓伺服控制,江茂雄,24582,ESOE5026,525U1600,選修,,"四 A,B,C",工科視聽室,2 類,,3,,https://course.ntu.edu.tw/courses/114-2/24582
水下聲學,陳琪芳,32371,ESOE5037,525U2210,選修,,"三 7,8,9",工科201,2 類,,3,,https://course.ntu.edu.tw/courses/114-2/32371
船舶推進,辛敬業,58554,ESOE5043,525U2310,選修,,"二 7,8 / 三 4",工科203,3 類,,3,,https://course.ntu.edu.tw/courses/114-2/58554
微機電系統,李炯輝,95134,ESOE5047,525U2510,選修,,"三 7,8,9",工科204,2 類,,3,,https://course.ntu.edu.tw/courses/114-2/95134
半導體製程及IC封裝,李坤彥,95116,ESOE5056,525U4150,選修,,"五 2,3,4",工科視聽室,2 類,,3,,https://course.ntu.edu.tw/courses/114-2/95116
資料庫系統,張瑞益,41762,ESOE5070,525U6060,選修,,"一 7,8,9",工科201,2 類,,3,,https://course.ntu.edu.tw/courses/114-2/41762
虛擬儀控之設計與應用,吳文中,36135,ESOE5089,525U8030,選修,,"二 2,3,4",,2 類,,3,,https://course.ntu.edu.tw/courses/114-2/36135
信號與系統,李坤彥,30547,ESOE5110,525U3050,必修 / 選修,,"五 6,7,8",工科206,2 類,,3,,https://course.ntu.edu.tw/courses/114-2/30547
近岸海洋傳輸過程,戴璽恆,56183,ESOE5112,525U2340,選修,,"三 6,7,8",工科視聽室,2 類,,3,,https://course.ntu.edu.tw/courses/114-2/56183
造船原理,趙修武,36998,ESOE5115,525U3080,必修 / 選修,,"二 7,8,9",工科201,2 類,,3,,https://course.ntu.edu.tw/courses/114-2/36998
工科海工專論,羅弘岳,32043,ESOE5117,525U4630,必修,,"四 7,8,9",工科202,2 類,,3,,https://course.ntu.edu.tw/courses/114-2/32043
工科海工專論,郭振華,15137,ESOE5117,525U4630,必修,,"四 2,3,4",工科203,2 類,,3,,https://course.ntu.edu.tw/courses/114-2/15137
工科海工專論,陳彥廷,39646,ESOE5117,525U4630,必修,,"五 2,3,4",工科202,2 類,,3,,https://course.ntu.edu.tw/courses/114-2/39646
港灣、海洋工程設計、施工實例,陳吉紀,58982,ESOE5124,525U4570,選修,,"二 3,4",工科204,3 類,,2,,https://course.ntu.edu.tw/courses/114-2/58982
船舶海洋結構學,楊舜涵,15187,ESOE5127,525U3160,選修,,"四 2,3,4",工科視聽室,2 類,,3,,https://course.ntu.edu.tw/courses/114-2/15187
風力發電機原理,江茂雄,24101,ESOE5132,525U9140,選修,,"二 A,B,C",工科視聽室,2 類,,3,,https://course.ntu.edu.tw/courses/114-2/24101
淺水波之計算方法,羅弘岳,59519,ESOE5136,525U3130,選修,,"一 6,7,8",工科202,2 類,,3,,https://course.ntu.edu.tw/courses/114-2/59519
離岸浮動式平台之繫泊系統,馬開東,30426,ESOE5137,525U9150,選修,,,,2 類,,3,,https://course.ntu.edu.tw/courses/114-2/30426
船模實驗,蔡進發,34557,ESOE5143,525U4500,選修,,"一 7,8,9",,2 類,,3,,https://course.ntu.edu.tw/courses/114-2/34557
振動學,劉定朋,48350,ESOE5145,525U9620,必修,,"一 2,3,4",工科202,2 類,,3,,https://course.ntu.edu.tw/courses/114-2/48350
奈米光子學,蕭惠心,22863,ESOE5152,525U9080,選修,,"三 6,7,8",,2 類,,3,,https://course.ntu.edu.tw/courses/114-2/22863
嵌入式系統概論,陳昭宏,53105,ESOE5156,525U9110,選修,,"二 3,4 / 三 3,4",工科實驗室,2 類,,3,,https://course.ntu.edu.tw/courses/114-2/53105
離岸風場運轉維護及實務,江茂雄,95139,ESOE5157,525U9170,選修,,"三 A,B,C",工科視聽室,2 類,,3,,https://course.ntu.edu.tw/courses/114-2/95139
專題研究,江茂雄,43051,ESOE7002,525M0090,選修,,,,2 類,,1,,https://course.ntu.edu.tw/courses/114-2/43051
專題研究,李世光,39073,ESOE7002,525M0090,選修,,,,1 類,,1,,https://course.ntu.edu.tw/courses/114-2/39073
專題研究,薛文証,33146,ESOE7002,525M0090,選修,,,,1 類,,1,,https://course.ntu.edu.tw/courses/114-2/33146
專題研究,陳琪芳,50389,ESOE7002,525M0090,選修,,,,1 類,,1,,https://course.ntu.edu.tw/courses/114-2/50389
專題研究,郭振華,23656,ESOE7002,525M0090,選修,,,,1 類,,1,,https://course.ntu.edu.tw/courses/114-2/23656
專題研究,丁肇隆,10238,ESOE7002,525M0090,選修,,,,1 類,,1,,https://course.ntu.edu.tw/courses/114-2/10238
專題研究,張瑞益,18519,ESOE7002,525M0090,選修,,,,1 類,,1,,https://course.ntu.edu.tw/courses/114-2/18519
專題研究,吳文中,16257,ESOE7002,525M0090,選修,,,,1 類,,1,,https://course.ntu.edu.tw/courses/114-2/16257
專題研究,黃乾綱,19639,ESOE7002,525M0090,選修,,,,1 類,,1,,https://course.ntu.edu.tw/courses/114-2/19639
專題研究,李佳翰,50196,ESOE7002,525M0090,選修,,,,1 類,,1,,https://course.ntu.edu.tw/courses/114-2/50196
專題研究,陳昭宏,43106,ESOE7002,525M0090,選修,,,,1 類,,1,,https://course.ntu.edu.tw/courses/114-2/43106
專題研究,蔡武廷,43309,ESOE7002,525M0090,選修,,,,1 類,,1,,https://course.ntu.edu.tw/courses/114-2/43309
專題研究,黃心豪,30493,ESOE7002,525M0090,選修,,,,1 類,,1,,https://course.ntu.edu.tw/courses/114-2/30493
專題研究,李岳聯,48704,ESOE7002,525M0090,選修,,,,1 類,,1,,https://course.ntu.edu.tw/courses/114-2/48704
專題研究,戴璽恆,40023,ESOE7002,525M0090,選修,,,,1 類,,1,,https://course.ntu.edu.tw/courses/114-2/40023
專題研究,趙修武,17003,ESOE7002,525M0090,選修,,,,1 類,,1,,https://course.ntu.edu.tw/courses/114-2/17003
專題研究,羅弘岳,11757,ESOE7002,525M0090,選修,,,,1 類,,1,,https://course.ntu.edu.tw/courses/114-2/11757
專題研究,楊舜涵,54118,ESOE7002,525M0090,選修,,,,1 類,,1,,https://course.ntu.edu.tw/courses/114-2/54118
專題研究,林宗岳,56003,ESOE7002,525M0090,選修,,,,1 類,,1,,https://course.ntu.edu.tw/courses/114-2/56003
專題研究,馬開東,58109,ESOE7002,525M0090,選修,,,,1 類,,1,,https://course.ntu.edu.tw/courses/114-2/58109
專題研究,蕭惠心,30417,ESOE7002,525M0090,選修,,,,2 類,,1,,https://course.ntu.edu.tw/courses/114-2/30417
專題研究,陳彥廷,31459,ESOE7002,525M0090,選修,,,,1 類,,1,,https://course.ntu.edu.tw/courses/114-2/31459
數位影像分析,張恆華,30079,ESOE7033,525M2700,選修,,"四 2,3,4",工科204,2 類,,3,,https://course.ntu.edu.tw/courses/114-2/30079
有限體積法於計算流體力學與熱傳學之應用,趙修武,31790,ESOE7035,525M2730,選修,,"四 7,8,9",工科201,1 類,,3,,https://course.ntu.edu.tw/courses/114-2/31790
基礎光學,李佳翰,47354,ESOE7040,525M5170,選修,,"五 2,3,4",工科203,2 類,,3,,https://course.ntu.edu.tw/courses/114-2/47354
專題討論(二),陳彥廷,21693,ESOE7047,525M3000,選修,,"五 6,7,8",工科203,2 類,,1,,https://course.ntu.edu.tw/courses/114-2/21693
專題討論(二),林宗岳,59343,ESOE7047,525M3000,選修,,"五 7,8,9",工科204,2 類,,1,,https://course.ntu.edu.tw/courses/114-2/59343
碩士論文,,59015,ESOE7999,525M0010,必修,,,,1 類,,0,,https://course.ntu.edu.tw/courses/114-2/59015
專題討論,楊舜涵,31932,ESOE8001,525D0030,必修,,"五 7,8,9",工科202,2 類,,1,,https://course.ntu.edu.tw/courses/114-2/31932
專題研究,郭振華,42555,ESOE8002,525D0090,選修,,,,2 類,,1,,https://course.ntu.edu.tw/courses/114-2/42555
專題研究,黃乾綱,52726,ESOE8002,525D0090,選修,,,,2 類,,1,,https://course.ntu.edu.tw/courses/114-2/52726
專題研究,陳彥廷,11687,ESOE8002,525D0090,選修,,,,2 類,,1,,https://course.ntu.edu.tw/courses/114-2/11687
專題研究,薛文証,49279,ESOE8002,525D0090,選修,,,,2 類,,1,,https://course.ntu.edu.tw/courses/114-2/49279
專題研究,陳琪芳,50054,ESOE8002,525D0090,選修,,,,1 類,,1,,https://course.ntu.edu.tw/courses/114-2/50054
專題研究,張瑞益,49480,ESOE8002,525D0090,選修,,,,1 類,,1,,https://course.ntu.edu.tw/courses/114-2/49480
專題研究,羅弘岳,21321,ESOE8002,525D0090,選修,,,,2 類,,1,,https://course.ntu.edu.tw/courses/114-2/21321
專題研究,李佳翰,41453,ESOE8002,525D0090,選修,,,,1 類,,1,,https://course.ntu.edu.tw/courses/114-2/41453
專題研究,陳昭宏,48759,ESOE8002,525D0090,選修,,,,1 類,,1,,https://course.ntu.edu.tw/courses/114-2/48759
專題研究,蔡武廷,26032,ESOE8002,525D0090,選修,,,,1 類,,1,,https://course.ntu.edu.tw/courses/114-2/26032
博士論文,,24177,ESOE8999,525D0010,必修,,,,1 類,,0,,https://course.ntu.edu.tw/courses/114-2/24177
服務學習乙,姜堯民,43041,Fin0007,703001H0,選修,,"一 2,3,4",管一403,2 類,,1,,https://course.ntu.edu.tw/courses/114-2/43041
總體經濟學,和田健司,36384,Fin2006,70331600,必修,,"五 7,8,9",管二101,3 類,,3,,https://course.ntu.edu.tw/courses/114-2/36384
總體經濟學,劉憶如,24019,Fin2006,70331600,必修,,"五 7,8,9",管二104,2 類,,3,,https://course.ntu.edu.tw/courses/114-2/24019
投資學,陳聖賢,25828,Fin2008,70322600,必修 / 選修,,"三 2,3,4",管二101,2 類,,3,,https://course.ntu.edu.tw/courses/114-2/25828
投資學,莊文議,58811,Fin2008,70322600,必修 / 選修,,"二 2,3,4",管二104,2 類,,3,,https://course.ntu.edu.tw/courses/114-2/58811
投資學,蕭湛東,36560,Fin2008,70322600,必修 / 選修,,"一 2,3,4",管二206,2 類,,3,,https://course.ntu.edu.tw/courses/114-2/36560
商事法,陳俊元,45255,Fin2011,70328100,選修,,"三 A,B,C",管一104,2 類,,3,,https://course.ntu.edu.tw/courses/114-2/45255
中級會計學下,劉心才,12932,Fin2015,70321712,必修,,"三 2,3,4",管二201,2 類,,3,,https://course.ntu.edu.tw/courses/114-2/12932
中級會計學下,廖芝嫻,52221,Fin2015,70321712,必修,,"三 2,3,4",管二202,2 類,,3,,https://course.ntu.edu.tw/courses/114-2/52221
計量導論,王衍智,45104,Fin2016,70320200,必修,,"三 7,8,9",管二201,2 類,,3,,https://course.ntu.edu.tw/courses/114-2/45104
計量導論,劉博瑀,32973,Fin2016,70320200,必修,,"四 2,3,4",管二206,2 類,,3,,https://course.ntu.edu.tw/courses/114-2/32973
財務管理,姜堯民,49495,Fin3001,70330600,必修,,"一 7,8,9",管二206,2 類,,3,,https://course.ntu.edu.tw/courses/114-2/49495
財務報告分析,陳明賢,31021,Fin3002,70330900,必修,,"一 2,3,4",管一104,2 類,,3,,https://course.ntu.edu.tw/courses/114-2/31021
財務報告分析,吳瑞萱,18918,Fin3002,70330900,必修,,"五 2,3,4",管二305,3 類,,3,,https://course.ntu.edu.tw/courses/114-2/18918
企業管理,林博文,44971,Fin3003,70332200,必修,,"四 7,8,9",管二101,2 類,,3,,https://course.ntu.edu.tw/courses/114-2/44971
高等統計下,林岳祥,10791,Fin3008,70333602,選修,,"五 2,3,4",管二302,3 類,,3,,https://course.ntu.edu.tw/courses/114-2/10791
風險管理與保險,曾郁仁,22629,Fin3025,70333100,必修,,"四 2,3,4",管二205,2 類,,3,,https://course.ntu.edu.tw/courses/114-2/22629
財務計量,洪志清,32095,Fin3026,70333500,必修,,"一 7,8,9",管二303,2 類,,3,,https://course.ntu.edu.tw/courses/114-2/32095
財金學術研究入門,姜堯民,11749,Fin4003,70348000,選修,,"二 2,3,4",管二203,2 類,,3,,https://course.ntu.edu.tw/courses/114-2/11749
財務個案分析,何耕宇,37741,Fin5001,723U1100,選修,,"二 7,8,9",管一204,2 類,,3,,https://course.ntu.edu.tw/courses/114-2/37741
金控經營管理實務,張森林,38139,Fin5003,723U1400,選修,,"四 7,8,9",管一101,2 類,,3,,https://course.ntu.edu.tw/courses/114-2/38139
保險財務管理,林姿婷,45333,Fin5007,723U2400,選修,,"三 7,8,9",管二204,2 類,,3,,https://course.ntu.edu.tw/courses/114-2/45333
風險管理,蔡志鴻,16743,Fin5011,723U2900,選修,,"四 2,3,4",管二303,2 類,,3,,https://course.ntu.edu.tw/courses/114-2/16743
金融產業管理-理論與實務,管中閔,48309,Fin5061,723U1450,選修,,"三 7,8,9",管二303,2 類,,3,,https://course.ntu.edu.tw/courses/114-2/48309
職場素養與菁英力,陳嫦芬,21845,Fin5067,723U1630,選修,,"二 6,7,8,9 / 五 6,7,8,9",冠德講堂,2 類,,2,,https://course.ntu.edu.tw/courses/114-2/21845
財金獨立研究與論文寫作,曾郁仁,15992,Fin7003,723M0040,選修,,,,2 類,,3,,https://course.ntu.edu.tw/courses/114-2/15992
財金獨立研究與論文寫作,陳明賢,47865,Fin7003,723M0040,選修,,,,2 類,,3,,https://course.ntu.edu.tw/courses/114-2/47865
財金獨立研究與論文寫作,廖咸興,42389,Fin7003,723M0040,選修,,,,2 類,,3,,https://course.ntu.edu.tw/courses/114-2/42389
財金獨立研究與論文寫作,管中閔,26226,Fin7003,723M0040,選修,,,,2 類,,3,,https://course.ntu.edu.tw/courses/114-2/26226
財金獨立研究與論文寫作,王衍智,11703,Fin7003,723M0040,選修,,,,2 類,,3,,https://course.ntu.edu.tw/courses/114-2/11703
財金獨立研究與論文寫作,賴淑青,10079,Fin7003,723M0040,選修,,,,2 類,,3,,https://course.ntu.edu.tw/courses/114-2/10079
財金獨立研究與論文寫作,陳彥行,33575,Fin7003,723M0040,選修,,,,2 類,,3,,https://course.ntu.edu.tw/courses/114-2/33575
財金獨立研究與論文寫作,莊文議,13548,Fin7003,723M0040,選修,,,,2 類,,3,,https://course.ntu.edu.tw/courses/114-2/13548
財金獨立研究與論文寫作,林軒馳,55678,Fin7003,723M0040,選修,,,,2 類,,3,,https://course.ntu.edu.tw/courses/114-2/55678
財金獨立研究與論文寫作,劉博瑀,24579,Fin7003,723M0040,選修,,,,2 類,,3,,https://course.ntu.edu.tw/courses/114-2/24579
財金獨立研究與論文寫作,蔡易達,46607,Fin7003,723M0040,選修,,,,2 類,,3,,https://course.ntu.edu.tw/courses/114-2/46607
管理經濟,林軒馳,34623,Fin7008,723M1060,選修,,"一 2,3,4",管二302,2 類,,3,,https://course.ntu.edu.tw/courses/114-2/34623
信用風險專題研討,廖咸興,34084,Fin7019,723M1900,選修,,"一 7,8,9",管二203,2 類,,3,,https://course.ntu.edu.tw/courses/114-2/34084
財務理論,蔡易達,40876,Fin7020,723M2000,選修,,"四 7,8,9",管二303,2 類,,3,,https://course.ntu.edu.tw/courses/114-2/40876
投資管理,陳彥行,24954,Fin7021,723M2200,必修,,"三 2,3,4",管二102,2 類,,3,,https://course.ntu.edu.tw/courses/114-2/24954
期貨與選擇權市場,張森林,54677,Fin7027,723M4400,選修,,"二 7,8,9",管二205,3 類,,3,,https://course.ntu.edu.tw/courses/114-2/54677
金融機構與市場,石百達,19533,Fin7030,723M5200,選修,,"四 2,3,4",管二201,2 類,,3,,https://course.ntu.edu.tw/courses/114-2/19533
公司理財專題研討,陳聖賢,59114,Fin7046,723M8500,選修,,"四 2,3,4",管一403,2 類,,3,,https://course.ntu.edu.tw/courses/114-2/59114
連續時間財務,顏廣杰,50220,Fin7053,723M9700,選修,,"二 2,3,4",管二303,2 類,,3,,https://course.ntu.edu.tw/courses/114-2/50220
利率衍生性商品市場,李賢源,47369,Fin7065,723M4230,選修,,"三 7,8,9",管二302,2 類,,3,,https://course.ntu.edu.tw/courses/114-2/47369
行為財務學,張晏誠,36634,Fin7066,723M2160,選修,,"二 7,8,9",管二302,2 類,,3,,https://course.ntu.edu.tw/courses/114-2/36634
碩士論文,,40779,Fin7999,723M0010,必修,,,,1 類,,0,,https://course.ntu.edu.tw/courses/114-2/40779
財務金融研討,曾俊凱,43085,Fin8002,723D0500,必修,,"五 3,4,5",管一405,2 類,,3,,https://course.ntu.edu.tw/courses/114-2/43085
資本市場研討二,石百達,10170,Fin8031,723D4610,必修,,"四 8,9,10",管二研六,2 類,,3,,https://course.ntu.edu.tw/courses/114-2/10170
計量經濟學二,陳宜廷,57115,Fin8037,723D6100,必修 / 選修,,"四 2,3,4",管二102,2 類,,3,,https://course.ntu.edu.tw/courses/114-2/57115
公司理財一,張景宏,52461,Fin8052,723D5110,必修,,"三 2,3,4",管一403,2 類,,3,,https://course.ntu.edu.tw/courses/114-2/52461
公司理財實證研究,陳聖賢,51381,Fin8054,723D5120,選修,,"四 2,3,4",,2 類,,3,,https://course.ntu.edu.tw/courses/114-2/51381
博士論文,,41591,Fin8999,723D0010,必修,,,,1 類,,0,,https://course.ntu.edu.tw/courses/114-2/41591
水產養殖學,王永松,22961,FishSc5033,B45U1340,必修 / 選修,,"三 7,8,9",生科3C,3 類,,3,,https://course.ntu.edu.tw/courses/114-2/22961
洄游性魚類專題討論,韓玉山,32475,FishSc5035,B45U1360,選修,,"四 10,A",漁科407A,2 類,,2,,https://course.ntu.edu.tw/courses/114-2/32475
水產概論,韓玉山,12777,FishSc5049,B45U1500,選修,,"四 3,4",漁科302B,3 類,,2,,https://course.ntu.edu.tw/courses/114-2/12777
生物有機波譜解析,李宗徽,37337,FishSc5060,B45U1620,選修,,"二 3,4",漁科107,3 類,,2,,https://course.ntu.edu.tw/courses/114-2/37337
病毒免疫學專題討論,吳育騏,22783,FishSc5073,B45U1760,選修,,"二 10,A",漁科302B,3 類,,2,,https://course.ntu.edu.tw/courses/114-2/22783
湖沼學導論,張俊偉,39922,FishSc5074,B45U1770,選修,,"三 6,7",漁科302B,3 類,,2,,https://course.ntu.edu.tw/courses/114-2/39922
水產養殖益生微生物專題討論,陳立涵,42506,FishSc5075,B45U1780,選修,,"四 10,A",漁科302B,3 類,,2,,https://course.ntu.edu.tw/courses/114-2/42506
實驗疫苗學,吳育騏,31629,FishSc5076,B45U1790,選修,,"二 6,7",漁科302B,2 類,,3,,https://course.ntu.edu.tw/courses/114-2/31629
碩士班專題討論,楊姍樺,46816,FishSc7001,B45M0020,必修,,"四 8,9",漁科107,3 類,,1,,https://course.ntu.edu.tw/courses/114-2/46816
專題研究,王永松,17881,FishSc7002,B45M0030,選修,,二 6,,3 類,,1,,https://course.ntu.edu.tw/courses/114-2/17881
專題研究,韓玉山,57852,FishSc7002,B45M0030,選修,,一 1,漁科407A,2 類,,1,,https://course.ntu.edu.tw/courses/114-2/57852
專題研究,柯佳吟,36383,FishSc7002,B45M0030,選修,,三 5,,3 類,,1,,https://course.ntu.edu.tw/courses/114-2/36383
專題研究,楊姍樺,49141,FishSc7002,B45M0030,選修,,四 10,,3 類,,1,,https://course.ntu.edu.tw/courses/114-2/49141
專題研究,陳立涵,50489,FishSc7002,B45M0030,選修,,三 10,漁科407A,3 類,,1,,https://course.ntu.edu.tw/courses/114-2/50489
專題研究,吳育騏,58851,FishSc7002,B45M0030,選修,,三 A,漁科407A,3 類,,1,,https://course.ntu.edu.tw/courses/114-2/58851
專題研究,張俊偉,43072,FishSc7002,B45M0030,選修,,一 A,漁科407A,3 類,,1,,https://course.ntu.edu.tw/courses/114-2/43072
碩士論文,,50816,FishSc7999,B45M0010,必修,,,,1 類,,0,,https://course.ntu.edu.tw/courses/114-2/50816
博士班專題討論,柯佳吟,34155,FishSc8001,B45D0020,必修,,"四 6,7",漁科302B,3 類,,1,,https://course.ntu.edu.tw/courses/114-2/34155
博士論文,,16318,FishSc8999,B45D0010,必修,,,,1 類,,0,,https://course.ntu.edu.tw/courses/114-2/16318
服務學習甲,陳重仁,18692,FL0008,102001G0,必修,,,,2 類,,1,,https://course.ntu.edu.tw/courses/114-2/18692
服務學習甲,許以心,26875,FL0008,102001G0,必修,,,,2 類,,1,,https://course.ntu.edu.tw/courses/114-2/26875
服務學習甲,劉雅詩,45402,FL0008,102001G0,必修,,,,2 類,,1,,https://course.ntu.edu.tw/courses/114-2/45402
服務學習甲,王莉思,41954,FL0008,102001G0,必修,,,,2 類,,1,,https://course.ntu.edu.tw/courses/114-2/41954
服務學習甲,曼紐爾,25201,FL0008,102001G0,必修,,,,2 類,,1,,https://course.ntu.edu.tw/courses/114-2/25201
服務學習乙,林湘漪,35164,FL0009,102001H0,必修,,,,2 類,,1,,https://course.ntu.edu.tw/courses/114-2/35164
服務學習乙,王珊珊,49542,FL0009,102001H0,必修,,,,2 類,,1,,https://course.ntu.edu.tw/courses/114-2/49542
英文二,李寧,03005,FL1004,10283030,必修,,"二 2,3,4",普503,2 類,,3,,https://course.ntu.edu.tw/courses/114-2/03005
英文二,鄺慧琪,03006,FL1004,10283030,必修,,"二 2,3,4",新502,2 類,,3,,https://course.ntu.edu.tw/courses/114-2/03006
英文二,曾麟筌,03041,FL1004,10283030,必修,,"二 5,6,7",共203,2 類,,3,,https://course.ntu.edu.tw/courses/114-2/03041
英文二,林婉瑜,03024,FL1004,10283030,必修,,"二 8,9,10",共302,2 類,,3,,https://course.ntu.edu.tw/courses/114-2/03024
英文二,鍾玉玨,03043,FL1004,10283030,必修,,"二 8,9,10",普504,2 類,,3,,https://course.ntu.edu.tw/courses/114-2/03043
英文二,鍾玉玨,03052,FL1004,10283030,必修,,"三 2,3,4",共102,2 類,,3,,https://course.ntu.edu.tw/courses/114-2/03052
英文二,李鴻瓊,03053,FL1004,10283030,必修,,"三 2,3,4",共302,2 類,,3,,https://course.ntu.edu.tw/courses/114-2/03053
英文二,傅友祥,03030,FL1004,10283030,必修,,"四 8,9,10",共102,2 類,,3,,https://course.ntu.edu.tw/courses/114-2/03030
英文二,劉亮雅,03031,FL1004,10283030,必修,,"四 8,9,10",普305,2 類,,3,,https://course.ntu.edu.tw/courses/114-2/03031
英文二,朱偉誠,03032,FL1004,10283030,必修,,"四 8,9,10",共202,3 類,,3,,https://course.ntu.edu.tw/courses/114-2/03032
英文二,柏逸嘉,03033,FL1004,10283030,必修,,"四 8,9,10",新502,2 類,,3,,https://course.ntu.edu.tw/courses/114-2/03033
英文二,張小虹,03034,FL1004,10283030,必修,,"四 8,9,10",普406,2 類,,3,,https://course.ntu.edu.tw/courses/114-2/03034
英文二,趙恬儀,03035,FL1004,10283030,必修,,"四 8,9,10",共305,2 類,,3,,https://course.ntu.edu.tw/courses/114-2/03035
英文(附一小時英聽)二,陶漢威,03001,FL1008,10283320,必修,,"一 A,B,C",普201,2 類,,3,,https://course.ntu.edu.tw/courses/114-2/03001
英文(附一小時英聽)二,陶漢威,03002,FL1008,10283320,必修,,"三 A,B,C",普205,2 類,,3,,https://course.ntu.edu.tw/courses/114-2/03002
英文(附一小時英聽)二,陳逸軒,03003,FL1008,10283320,必修,,"一 A,B,C",外教101,2 類,,3,,https://course.ntu.edu.tw/courses/114-2/03003
英文(附一小時英聽)二,陳逸軒,03004,FL1008,10283320,必修,,"三 A,B,C",普204,2 類,,3,,https://course.ntu.edu.tw/courses/114-2/03004
英文(附一小時英聽)二,陳逸軒,03012,FL1008,10283320,必修,,"一 3,4,5",普303,2 類,,3,,https://course.ntu.edu.tw/courses/114-2/03012
英文(附一小時英聽)二,黃馨瑩,03013,FL1008,10283320,必修,,"一 3,4,5",共403,2 類,,3,,https://course.ntu.edu.tw/courses/114-2/03013
英文(附一小時英聽)二,廖彥棻,03014,FL1008,10283320,必修,,"一 3,4,5",外教203,2 類,,3,,https://course.ntu.edu.tw/courses/114-2/03014
英文(附一小時英聽)二,許以心,03025,FL1008,10283320,必修,,"一 10,A,B",外教103,2 類,,3,,https://course.ntu.edu.tw/courses/114-2/03025
英文(附一小時英聽)二,黃允蔚,03026,FL1008,10283320,必修,,"一 10,A,B",普305,2 類,,3,,https://course.ntu.edu.tw/courses/114-2/03026
英文(附一小時英聽)二,劉威辰,03027,FL1008,10283320,必修,,"一 10,A,B",外教203,2 類,,3,,https://course.ntu.edu.tw/courses/114-2/03027
英文(附一小時英聽)二,楊乃冬,03015,FL1008,10283320,必修,,"一 3,4,5",外教202,2 類,,3,,https://course.ntu.edu.tw/courses/114-2/03015
英文(附一小時英聽)二,周昱翔,03007,FL1008,10283320,必修,,"二 2,3,4",共203,2 類,,3,,https://course.ntu.edu.tw/courses/114-2/03007
英文(附一小時英聽)二,翁家傑,03008,FL1008,10283320,必修,,"二 3,4,5",共205,2 類,,3,,https://course.ntu.edu.tw/courses/114-2/03008
英文(附一小時英聽)二,廖彥棻,03009,FL1008,10283320,必修,,"二 2,3,4",外教101,2 類,,3,,https://course.ntu.edu.tw/courses/114-2/03009
英文(附一小時英聽)二,蔡自青,03020,FL1008,10283320,必修,,"二 5,6,7",外教101,2 類,,3,,https://course.ntu.edu.tw/courses/114-2/03020
英文(附一小時英聽)二,陶漢威,03042,FL1008,10283320,必帶 / 必修,,"二 5,6,7",新301,2 類,,3,,https://course.ntu.edu.tw/courses/114-2/03042
英文(附一小時英聽)二,廖勇超,03021,FL1008,10283320,必修,,"二 5,6,7",普406,2 類,,3,,https://course.ntu.edu.tw/courses/114-2/03021
英文(附一小時英聽)二,陶漢威,03045,FL1008,10283320,必修,,"二 8,9,10",新301,2 類,,3,,https://course.ntu.edu.tw/courses/114-2/03045
英文(附一小時英聽)二,林皓輿,03046,FL1008,10283320,必修,,"二 8,9,10",共203,2 類,,3,,https://course.ntu.edu.tw/courses/114-2/03046
英文(附一小時英聽)二,周昱翔,03047,FL1008,10283320,必修,,"二 8,9,10",共204,2 類,,3,,https://course.ntu.edu.tw/courses/114-2/03047
英文(附一小時英聽)二,簡瑞碧,03048,FL1008,10283320,必修,,"二 8,9,10",新204,2 類,,3,,https://course.ntu.edu.tw/courses/114-2/03048
英文(附一小時英聽)二,陶漢威,03054,FL1008,10283320,必修,,"三 2,3,4",共404,2 類,,3,,https://course.ntu.edu.tw/courses/114-2/03054
英文(附一小時英聽)二,陳逸軒,03055,FL1008,10283320,必修,,"三 2,3,4",外教102,2 類,,3,,https://course.ntu.edu.tw/courses/114-2/03055
英文(附一小時英聽)二,楊乃冬,03056,FL1008,10283320,必修,,"三 2,3,4",外教103,2 類,,3,,https://course.ntu.edu.tw/courses/114-2/03056
英文(附一小時英聽)二,王珊珊,03057,FL1008,10283320,必修,,"三 2,3,4",外教201,2 類,,3,,https://course.ntu.edu.tw/courses/114-2/03057
英文(附一小時英聽)二,陳信彰,03036,FL1008,10283320,必修,,"四 8,9,10",共401,2 類,,3,,https://course.ntu.edu.tw/courses/114-2/03036
英文(附一小時英聽)二,簡瑞碧,03037,FL1008,10283320,必修,,"四 8,9,10",新304,2 類,,3,,https://course.ntu.edu.tw/courses/114-2/03037
英文(附一小時英聽)二,陳逸軒,03038,FL1008,10283320,必修,,"四 8,9,10",外教101,2 類,,3,,https://course.ntu.edu.tw/courses/114-2/03038
英文(附一小時英聽)二,林肇基,03016,FL1008,10283320,必修,,"一 3,4,5",普405,2 類,,3,,https://course.ntu.edu.tw/courses/114-2/03016
英文(附一小時英聽)二,李立聖,03028,FL1008,10283320,必修,,"一 10,A,B",普304,2 類,,3,,https://course.ntu.edu.tw/courses/114-2/03028
英文(附一小時英聽)二,黃子岳,03010,FL1008,10283320,必修,,"二 2,3,4",外教102,2 類,,3,,https://course.ntu.edu.tw/courses/114-2/03010
英文(附一小時英聽)二,黃子岳,03022,FL1008,10283320,必修,,"二 5,6,7",外教102,2 類,,3,,https://course.ntu.edu.tw/courses/114-2/03022
英文(附一小時英聽)二,郭貞秀,03049,FL1008,10283320,必修,,"二 8,9,10",普302,2 類,,3,,https://course.ntu.edu.tw/courses/114-2/03049
英文(附一小時英聽)二,黃恆綜,03058,FL1008,10283320,必修,,"三 2,3,4",普306,2 類,,3,,https://course.ntu.edu.tw/courses/114-2/03058
英文(附一小時英聽)二,陳瑋婕,03059,FL1008,10283320,必修,,"三 2,3,4",外教202,2 類,,3,,https://course.ntu.edu.tw/courses/114-2/03059
英文(附一小時英聽)二,陳瑋婕,03039,FL1008,10283320,必修,,"四 8,9,10",外教103,2 類,,3,,https://course.ntu.edu.tw/courses/114-2/03039
英文(附二小時英聽)二,高照明,03029,FL1010,10283420,必修,,"一 10,A,B",外教104,2 類,,3,,https://course.ntu.edu.tw/courses/114-2/03029
英文(附二小時英聽)二,陳信彰,03017,FL1010,10283420,必修,,"一 3,4,5",外教103,2 類,,3,,https://course.ntu.edu.tw/courses/114-2/03017
英文(附二小時英聽)二,胥嘉陵,03040,FL1010,10283420,必修,,"四 8,9,10",外教102,2 類,,3,,https://course.ntu.edu.tw/courses/114-2/03040
英文(附二小時英聽)二,高照明,03050,FL1010,10283420,必修,,"二 8,9,10",外教104,2 類,,3,,https://course.ntu.edu.tw/courses/114-2/03050
英文(附二小時英聽)二,黃宗慧,03051,FL1010,10283420,必修,,"二 8,9,10",外教201,2 類,,3,,https://course.ntu.edu.tw/courses/114-2/03051
文學作品讀法下,王沐嵐,24367,FL1014,10214202,必帶 / 必修,,"一 2,3,4",普203,2 類,,3,,https://course.ntu.edu.tw/courses/114-2/24367
西洋文學概論二,孟克禮,21316,FL1016,10214120,必修,,"四 2,3,4",普301,2 類,,3,,https://course.ntu.edu.tw/courses/114-2/21316
西洋文學概論二,凱羅榮,46928,FL1016,10214120,必修,,"四 2,3,4",普203,2 類,,3,,https://course.ntu.edu.tw/courses/114-2/46928
英文作文一下,張雅筑,33624,FL1020,10249112,必修,,"二 2,3,4",博雅311,2 類,,2,,https://course.ntu.edu.tw/courses/114-2/33624
英文作文一下,辜炳達,34610,FL1020,10249112,必修,,"二 2,3,4",綜601,2 類,,2,,https://course.ntu.edu.tw/courses/114-2/34610
英文作文一下,石書豪,36327,FL1020,10249112,必修,,"二 2,3,4",博雅203,2 類,,2,,https://course.ntu.edu.tw/courses/114-2/36327
英文作文一下,曾琦智,51952,FL1020,10249112,必修,,"二 2,3,4",博雅205,2 類,,2,,https://course.ntu.edu.tw/courses/114-2/51952
英文作文一下,胥嘉陵,49064,FL1020,10249112,必修,,"二 8,9,10",博雅205,2 類,,2,,https://course.ntu.edu.tw/courses/114-2/49064
英文作文一下,曾麟筌,44118,FL1020,10249112,必修,,"二 8,9,10",博雅305,2 類,,2,,https://course.ntu.edu.tw/courses/114-2/44118
英文作文一下,施純宜,35268,FL1020,10249112,必修,,"二 8,9,10",外教101,2 類,,2,,https://course.ntu.edu.tw/courses/114-2/35268
英文作文一下,曼紐爾,36175,FL1020,10249112,必修,,"二 2,3,4",博雅309,2 類,,2,,https://course.ntu.edu.tw/courses/114-2/36175
英文作文一下,施純宜,19049,FL1020,10249112,必修,,"一 8,9,10",外教101,2 類,,2,,https://course.ntu.edu.tw/courses/114-2/19049
英文作文一下,陳逸軒,40497,FL1020,10249112,必修,,"二 2,3,4",博雅206,2 類,,2,,https://course.ntu.edu.tw/courses/114-2/40497
英語口語訓練一下,黃恆綜,55223,FL1022,10250112,必修,,"二 5,6,7",人文B208,2 類,,2,,https://course.ntu.edu.tw/courses/114-2/55223
英語口語訓練一下,陳重仁,10184,FL1022,10250112,必修,,"四 5,6,7",博雅205,2 類,,2,,https://course.ntu.edu.tw/courses/114-2/10184
英語口語訓練一下,曾琦智,12481,FL1022,10250112,必修,,"一 5,6,7",共204,2 類,,2,,https://course.ntu.edu.tw/courses/114-2/12481
英語口語訓練一下,黃馨瑩,19341,FL1022,10250112,必修,,"四 5,6,7",共406,2 類,,2,,https://course.ntu.edu.tw/courses/114-2/19341
英語口語訓練一下,王沐嵐,55569,FL1022,10250112,必修,,"一 5,6,7",博雅205,2 類,,2,,https://course.ntu.edu.tw/courses/114-2/55569
英語口語訓練一下,王莉思,35374,FL1022,10250112,必修,,"二 6,7 / 四 6",博雅205/博雅206,2 類,,2,,https://course.ntu.edu.tw/courses/114-2/35374
英語口語訓練一下,蔡嘉瑩,38945,FL1022,10250112,必修,,"二 5,6,7",博雅306,2 類,,2,,https://course.ntu.edu.tw/courses/114-2/38945
英語口語訓練一下,莊世全,29759,FL1022,10250112,必修,,"一 6,7 / 四 5",外教101/外教201,2 類,,2,,https://course.ntu.edu.tw/courses/114-2/29759
英語口語訓練一下,陳春燕,45454,FL1022,10250112,必修,,"二 6,7 / 四 6",人文B109/博雅305,2 類,,2,,https://course.ntu.edu.tw/courses/114-2/45454
感染與思想,陳重仁,22838,FL1054,10212050,,,"三 2,3,4",博雅102,2 類,,3,,https://course.ntu.edu.tw/courses/114-2/22838
精神分析與大眾文化,黃宗慧,21023,FL1069,10212080,必修,,"一 7,8,9",博雅305,2 類,,3,,https://course.ntu.edu.tw/courses/114-2/21023
世界同性文學選讀,朱偉誠,20987,FL1074,10212310,必修,,"一 7,8,9",共205,3 類,,3,,https://course.ntu.edu.tw/courses/114-2/20987
中世紀英國文學,劉雅詩,37032,FL2002,10223140,必修 / 選修,,"五 6,7,8",普304,2 類,,3,,https://course.ntu.edu.tw/courses/114-2/37032
十七與十八世紀英國文學,奇邁可,37731,FL2004,10223160,必修 / 選修,,"二 8,9 / 五 6",新302,2 類,,3,,https://course.ntu.edu.tw/courses/114-2/37731
英文作文二下,翁怡錚,47853,FL2010,10249122,必修,,"一 3,4,5",綜607,2 類,,2,,https://course.ntu.edu.tw/courses/114-2/47853
英文作文二下,張心瑜,41262,FL2010,10249122,必修,,"一 2,3,4",博雅311,2 類,,2,,https://course.ntu.edu.tw/courses/114-2/41262
英文作文二下,曾琦智,49124,FL2010,10249122,必修,,"二 5,6,7",博雅204,2 類,,2,,https://course.ntu.edu.tw/courses/114-2/49124
英文作文二下,翁怡錚,46932,FL2010,10249122,必修,,"二 5,6,7",綜607,2 類,,2,,https://course.ntu.edu.tw/courses/114-2/46932
英文作文二下,周昱翔,50459,FL2010,10249122,必修,,"一 2,3,4",博雅205,2 類,,2,,https://course.ntu.edu.tw/courses/114-2/50459
英文作文二下,曾琦智,28426,FL2010,10249122,必修,,"三 6,7,8",共208,2 類,,2,,https://course.ntu.edu.tw/courses/114-2/28426
英文作文二下,張心瑜,23217,FL2010,10249122,必修,,"二 5,6,7",博雅304,2 類,,2,,https://course.ntu.edu.tw/courses/114-2/23217
英文作文二下,賴  煦,46120,FL2010,10249122,必修,,"二 5,6,7",綜606,2 類,,2,,https://course.ntu.edu.tw/courses/114-2/46120
英文作文二下,于昌民,13834,FL2010,10249122,必修,,"二 5,6,7",人文B107,2 類,,2,,https://course.ntu.edu.tw/courses/114-2/13834
英語口語訓練二下,奇邁可,26279,FL2012,10250122,必修,,"四 6,7",博雅308,2 類,,2,,https://course.ntu.edu.tw/courses/114-2/26279
英語口語訓練二下,黃恆綜,21385,FL2012,10250122,必修,,"二 3,4",人文B208,2 類,,2,,https://course.ntu.edu.tw/courses/114-2/21385
英語口語訓練二下,吳敏嘉,10736,FL2012,10250122,必修,,"四 3,4",外教305,2 類,,2,,https://course.ntu.edu.tw/courses/114-2/10736
英語口語訓練二下,侯淇齡,38164,FL2012,10250122,必修,,"二 3,4",共402,2 類,,2,,https://course.ntu.edu.tw/courses/114-2/38164
英語口語訓練二下,林皓輿,37732,FL2012,10250122,必修,,"四 3,4",博雅205,2 類,,2,,https://course.ntu.edu.tw/courses/114-2/37732
英語口語訓練二下,曾琦智,17172,FL2012,10250122,必修,,"四 3,4",外教205,2 類,,2,,https://course.ntu.edu.tw/courses/114-2/17172
英語口語訓練二下,葉德蘭,12287,FL2012,10250122,必修,,"四 3,4",博雅307,2 類,,2,,https://course.ntu.edu.tw/courses/114-2/12287
英語口語訓練二下,林皓輿,51969,FL2012,10250122,必修,,"四 1,2",博雅205,2 類,,2,,https://course.ntu.edu.tw/courses/114-2/51969
英語口語訓練二下,莊世全,58897,FL2012,10250122,必修,,"四 3,4",外教201,2 類,,2,,https://course.ntu.edu.tw/courses/114-2/58897
法文一下,達力安,34693,FL2014,10222112,選修,,"一 4,5 / 三 4,5",新404/新401,2 類,,3,,https://course.ntu.edu.tw/courses/114-2/34693
法文一下,達力安,20202,FL2014,10222112,選修,,"二 4,5 / 三 8,9",新403/新401,2 類,,3,,https://course.ntu.edu.tw/courses/114-2/20202
法文一下,達力安,40386,FL2014,10222112,選修,,"二 6,7 / 四 6,7",新403/新201,2 類,,3,,https://course.ntu.edu.tw/courses/114-2/40386
法文一下,謝艾米,24127,FL2014,10222112,選修,,"二 3,4 / 四 3,4",外教103,2 類,,3,,https://course.ntu.edu.tw/courses/114-2/24127
法文一下,林湘漪,51770,FL2014,10222112,必修,,"三 3,4 / 五 3,4",外教101/外教102,2 類,,3,,https://course.ntu.edu.tw/courses/114-2/51770
法文一下,陳素麗,49392,FL2014,10222112,選修,,"三 6,7 / 五 6,7",共401,2 類,,3,,https://course.ntu.edu.tw/courses/114-2/49392
法文一下,陳素麗,12493,FL2014,10222112,選修,,"三 8,9 / 五 8,9",共401,2 類,,3,,https://course.ntu.edu.tw/courses/114-2/12493
法文一下,樂詩涵,17038,FL2014,10222112,選修,,"三 6,7 / 五 6,7",新201/外教103,2 類,,3,,https://course.ntu.edu.tw/courses/114-2/17038
法文一下,葉麗儀,53472,FL2014,10222112,必修 / 選修,,"三 1,2 / 五 1,2",共304/共102,2 類,,3,,https://course.ntu.edu.tw/courses/114-2/53472
德文一下,拉貝明契,37131,FL2016,10222212,必修 / 選修,,"三 3,4 / 五 3,4",共203/共205,2 類,,3,,https://course.ntu.edu.tw/courses/114-2/37131
德文一下,林倩君,20635,FL2016,10222212,必修,,"三 3,4 / 五 3,4",綜402/綜602,2 類,,3,,https://course.ntu.edu.tw/courses/114-2/20635
德文一下,林倩君,31083,FL2016,10222212,選修,,"三 8,9 / 五 6,7",新301/綜603,2 類,,3,,https://course.ntu.edu.tw/courses/114-2/31083
德文一下,漢駿緯,23786,FL2016,10222212,選修,,"一 3,4 / 四 3,4",綜502/新103,2 類,,3,,https://course.ntu.edu.tw/courses/114-2/23786
德文一下,拉貝明契,23292,FL2016,10222212,選修,,"三 5,6 / 五 5,6",共203/共205,2 類,,3,,https://course.ntu.edu.tw/courses/114-2/23292
西班牙文一下,張雯媛,43495,FL2018,10222312,必修 / 選修,,"三 3,4 / 五 3,4",綜604,2 類,,3,,https://course.ntu.edu.tw/courses/114-2/43495
西班牙文一下,鄭燕玲,23009,FL2018,10222312,選修,,"一 8,9 / 五 8,9",普306/共105,2 類,,3,,https://course.ntu.edu.tw/courses/114-2/23009
西班牙文一下,安志偉,18365,FL2018,10222312,選修,,"二 6,7 / 四 6,7",共305,2 類,,3,,https://course.ntu.edu.tw/courses/114-2/18365
西班牙文一下,劉姿妤,53413,FL2018,10222312,選修,,"二 3,4 / 五 3,4",共302,2 類,,3,,https://course.ntu.edu.tw/courses/114-2/53413
西班牙文一下,鄭燕玲,14508,FL2018,10222312,選修,,"二 1,2 / 四 1,2",共102/共104,2 類,,3,,https://course.ntu.edu.tw/courses/114-2/14508
西班牙文一下,安志偉,48231,FL2018,10222312,選修,,"三 6,7 / 五 6,7",共102/共304,2 類,,3,,https://course.ntu.edu.tw/courses/114-2/48231
西班牙文一下,柯孟德,56453,FL2018,10222312,選修,,"一 6,7 / 四 6,7",共105/綜401,2 類,,3,,https://course.ntu.edu.tw/courses/114-2/56453
西班牙文一下,馬德睿,34717,FL2018,10222312,必修,,"三 1,2 / 五 1,2",共203/共104,2 類,,3,,https://course.ntu.edu.tw/courses/114-2/34717
西班牙文一下,張淑英,25606,FL2018,10222312,選修,,"一 3,4 / 四 3,4",綜403/綜201,2 類,,3,,https://course.ntu.edu.tw/courses/114-2/25606
俄文一下,熊宗慧,41950,FL2020,10222412,必修 / 選修,,"三 3,4 / 五 3,4",綜602/綜603,2 類,,3,,https://course.ntu.edu.tw/courses/114-2/41950
拉丁文一下,李佑金,58441,FL2022,10222612,必修 / 選修,,"一 8,9 / 三 8,9",綜604/綜502,2 類,,3,,https://course.ntu.edu.tw/courses/114-2/58441
古希臘文一下,范吉歐,28108,FL2024,10222812,必修 / 選修,,"一 6,7 / 四 6,7",外教205,1 類,,3,,https://course.ntu.edu.tw/courses/114-2/28108
葡萄牙文一下,林祖誠,45821,FL2028,10222832,選修,,"二 6,7 / 四 6,7",共407/共402,2 類,,3,,https://course.ntu.edu.tw/courses/114-2/45821
荷蘭文一下,敖馨郁,16126,FL2030,10222842,選修,,"一 3,4 / 四 3,4",普404/普503,3 類,,3,,https://course.ntu.edu.tw/courses/114-2/16126
土耳其文一下,初雅士,58150,FL2032,10222852,選修,,"一 A,B,C,D",普204,2 類,,3,,https://course.ntu.edu.tw/courses/114-2/58150
阿拉伯文一下,初雅士,59541,FL2126,10222712,選修,,"二 8,9 / 五 3,4",博雅306/共202,2 類,,3,,https://course.ntu.edu.tw/courses/114-2/59541
法語發音與聽力訓練二,林湘漪,18443,FL2127,10242360,選修,,"四 3,4",外教203,2 類,,2,,https://course.ntu.edu.tw/courses/114-2/18443
波蘭文一下,陳音卉,31028,FL2132,10222862,選修,,"三 5,6 / 四 5,6",普401/共205,2 類,,3,,https://course.ntu.edu.tw/courses/114-2/31028
阿拉伯文二下,初雅士,39034,FL2137,10222722,選修,,"二 A,B,C,D",普201,2 類,,3,,https://course.ntu.edu.tw/courses/114-2/39034
當代英美劇場中的精神失能,施純宜,33073,FL2159,10225010,必修 / 選修,,"五 6,7",外教101,2 類,,2,,https://course.ntu.edu.tw/courses/114-2/33073
捷克文一下,林學紀,59081,FL2170,10222882,選修,,"二 5,6 / 五 5,6",共102,2 類,,3,,https://course.ntu.edu.tw/courses/114-2/59081
成長小說,黃山耘,50608,FL2181,10224820,必修,,"一 6,7,8",新503,2 類,,3,,https://course.ntu.edu.tw/courses/114-2/50608
藝術觀視與創造中的能動性,簡瑞碧,41963,FL2232,10224950,必修 / 選修,,"四 3,4,5",博雅306,1 類,,3,,https://course.ntu.edu.tw/courses/114-2/41963
浪漫時期英國文學,吳雅鳳,27219,FL3002,10223170,必修 / 選修,,"三 2,3,4",普503,2 類,,3,,https://course.ntu.edu.tw/courses/114-2/27219
浪漫時期英國文學,翁家傑,43920,FL3002,10223170,必修 / 選修,,"五 7,8,9",外教202,2 類,,3,,https://course.ntu.edu.tw/courses/114-2/43920
法文二下,歐德尼,24369,FL3012,10232122,選修,,"二 3,4 / 四 3,4",共102/共202,2 類,,3,,https://course.ntu.edu.tw/courses/114-2/24369
法文二下,林湘漪,53342,FL3012,10232122,必修,,"一 6,7 / 四 6,7",外教203,2 類,,3,,https://course.ntu.edu.tw/courses/114-2/53342
法文二下,謝艾米,29764,FL3012,10232122,必修,,"一 6,7 / 四 6,7",外教103,2 類,,3,,https://course.ntu.edu.tw/courses/114-2/29764
法文二下,葉麗儀,48286,FL3012,10232122,選修,,"三 3,4 / 五 3,4",共304/共102,2 類,,3,,https://course.ntu.edu.tw/courses/114-2/48286
法文二下,達力安,48240,FL3012,10232122,選修,,"一 8,9 / 四 8,9",新405/新201,2 類,,3,,https://course.ntu.edu.tw/courses/114-2/48240
德文二下,吳沃剛,43913,FL3014,10232222,選修,,"二 2,3 / 四 1,2",共105/綜302,2 類,,3,,https://course.ntu.edu.tw/courses/114-2/43913
德文二下,簡  潔,48378,FL3014,10232222,必修,,"一 6,7 / 四 6,7",普202,2 類,,3,,https://course.ntu.edu.tw/courses/114-2/48378
德文二下,漢駿緯,20083,FL3014,10232222,必修,,"一 8,9 / 四 8,9",綜603/綜502,2 類,,3,,https://course.ntu.edu.tw/courses/114-2/20083
德文二下,文海格,16169,FL3014,10232222,選修,,"三 10,A / 五 10,A",普302/普203,2 類,,3,,https://course.ntu.edu.tw/courses/114-2/16169
德文二下,林倩君,57249,FL3014,10232222,選修,,"一 6,7 / 三 6,7",綜402/綜403,2 類,,3,,https://course.ntu.edu.tw/courses/114-2/57249
西班牙文二下,劉姿妤,37765,FL3016,10232322,選修,,"二 6,7 / 五 6,7",共302,2 類,,3,,https://course.ntu.edu.tw/courses/114-2/37765
西班牙文二下,丹  倪,37340,FL3016,10232322,選修,,"二 10,A / 四 10,A",普301,2 類,,3,,https://course.ntu.edu.tw/courses/114-2/37340
西班牙文二下,張雯媛,36763,FL3016,10232322,必修,,"一 10,A / 四 10,A",普302/普205,2 類,,3,,https://course.ntu.edu.tw/courses/114-2/36763
西班牙文二下,柯孟德,41800,FL3016,10232322,必修,,"一 8,9 / 四 8,9",共105/綜401,2 類,,3,,https://course.ntu.edu.tw/courses/114-2/41800
西班牙文二下,安志偉,11548,FL3016,10232322,選修,,"三 8,9 / 五 8,9",共102/共304,2 類,,3,,https://course.ntu.edu.tw/courses/114-2/11548
俄文二下,李麗薩,31969,FL3018,10232422,必修 / 選修,,"一 10,A / 四 10,A",普301/普303,2 類,,3,,https://course.ntu.edu.tw/courses/114-2/31969
拉丁文二下,凱羅榮,28542,FL3020,10232622,必修 / 選修,,"三 10,A / 五 6,7",人文B109/博雅310,2 類,,3,,https://course.ntu.edu.tw/courses/114-2/28542
葡萄牙文二下,林祖誠,28672,FL3026,10232842,選修,,"二 8,9 / 四 8,9",共407/共402,2 類,,3,,https://course.ntu.edu.tw/courses/114-2/28672
視譯,王啟安,19029,FL3040,10253680,選修,,"三 8,9",博雅311,2 類,,2,,https://course.ntu.edu.tw/courses/114-2/19029
逐步口譯二,蔡自青,28364,FL3168,10253700,選修,,"四 6,7",外教201,2 類,,2,,https://course.ntu.edu.tw/courses/114-2/28364
逐步口譯二,王啟安,16473,FL3168,10253700,選修,,"五 3,4",外教305,2 類,,2,,https://course.ntu.edu.tw/courses/114-2/16473
荷蘭文二下,敖馨郁,26903,FL3196,10232852,選修,,"二 A,B,C,D",普202,3 類,,3,,https://course.ntu.edu.tw/courses/114-2/26903
土耳其文二下,初雅士,24456,FL3198,10232862,選修,,"三 A,B,C,D",普202,2 類,,3,,https://course.ntu.edu.tw/courses/114-2/24456
新聞媒體與文化,鍾玉玨,21858,FL3202,10230490,必修,,"五 1,2",共208,2 類,,2,,https://course.ntu.edu.tw/courses/114-2/21858
翻譯實作下,馬耀民,28117,FL3250,10231362,選修,,"二 2,3,4",外教204,2 類,,2,,https://course.ntu.edu.tw/courses/114-2/28117
翻譯實作下,陳榮彬,53578,FL3250,10231362,選修,,"四 7,8,9",博雅309,2 類,,2,,https://course.ntu.edu.tw/courses/114-2/53578
翻譯實作下,王啟安,29380,FL3250,10231362,選修,,"二 2,3,4",外教206,2 類,,2,,https://course.ntu.edu.tw/courses/114-2/29380
捷克文二下,林學紀,31237,FL3253,10232892,選修,,"二 A,B,C,D",普204,2 類,,3,,https://course.ntu.edu.tw/courses/114-2/31237
法文兒童故事二,謝艾米,31109,FL3256,10234450,必修 / 選修,,"三 3,4",綜404,2 類,,2,,https://course.ntu.edu.tw/courses/114-2/31109
現代歐洲戲劇,王寶祥,13516,FL3258,10245740,必修,,"五 2,3,4",外教101,2 類,,3,,https://course.ntu.edu.tw/courses/114-2/13516
閱讀古希臘各語類下,范吉歐,27821,FL3266,10232902,選修,,"一 8,9 / 四 8,9",人文B107,2 類,,3,,https://course.ntu.edu.tw/courses/114-2/27821
埃德加·愛倫·坡與你,曼紐爾,46618,FL3278,10230560,必修 / 選修,,"四 6,7,8",共104,2 類,,3,,https://course.ntu.edu.tw/courses/114-2/46618
電影研究導論,于昌民,56853,FL3281,10237710,,,"一 10,A,B,C / 二 3,4",普203,2 類,,3,,https://course.ntu.edu.tw/courses/114-2/56853
搖滾詩：狄倫，柯恩及其他,王寶祥,55669,FL3284,10233530,,,"一 3,4,5",新302,2 類,,3,,https://course.ntu.edu.tw/courses/114-2/55669
音韻學二,石書豪,43303,FL3299,10230030,選修,,"二 6,7,8",博雅310,2 類,,3,,https://course.ntu.edu.tw/courses/114-2/43303
翻譯及習作,蔡毓芬,45356,FL3307,10231370,必修,,"一 2,3,4",博雅406,2 類,,2,,https://course.ntu.edu.tw/courses/114-2/45356
翻譯及習作,王珊珊,52055,FL3307,10231370,必修,,"二 2,3,4",人文B107,2 類,,2,,https://course.ntu.edu.tw/courses/114-2/52055
翻譯及習作,莊世全,10555,FL3307,10231370,必修,,"二 2,3,4",外教203,2 類,,2,,https://course.ntu.edu.tw/courses/114-2/10555
翻譯及習作,蔡自青,12425,FL3307,10231370,必修,,"二 2,3,4",外教202,2 類,,2,,https://course.ntu.edu.tw/courses/114-2/12425
翻譯及習作,吳敏嘉,19574,FL3307,10231370,必修,,"二 2,3,4",人文B109,2 類,,2,,https://course.ntu.edu.tw/courses/114-2/19574
翻譯及習作,蔡嘉瑩,46165,FL3307,10231370,必修,,"二 2,3,4",博雅308,2 類,,2,,https://course.ntu.edu.tw/courses/114-2/46165
生成式人工智慧在人文學科的應用,高照明,47811,FL3310,10231840,選修,,"二 5,6,7",外教104,2 類,,3,,https://course.ntu.edu.tw/courses/114-2/47811
高階寫作－風格與書寫,黃山耘,15349,FL3312,10231520,必修,,"二 6,7,8",綜601,2 類,,2,,https://course.ntu.edu.tw/courses/114-2/15349
高階寫作－研究報告,齊東耿,35371,FL3313,10231530,必修,,"四 2,3,4",博雅204,2 類,,2,,https://course.ntu.edu.tw/courses/114-2/35371
高階寫作－新聞英文,奇邁可,28495,FL3314,10231540,必修,,"二 5,6 / 五 5",新204,2 類,,2,,https://course.ntu.edu.tw/courses/114-2/28495
當代藝術與多元共生,陳春燕,95009,FL3319,10237120,必修,,"五 2,3,4",新403,2 類,,3,,https://course.ntu.edu.tw/courses/114-2/95009
普希金和俄國文學,熊宗慧,95010,FL3323,10239940,必修,,"二 8,9,10",普502,2 類,,3,,https://course.ntu.edu.tw/courses/114-2/95010
德國文學導讀二,文海格,29023,FL3326,10235780,必修 / 選修,,"五 7,8",博雅205,2 類,,2,,https://course.ntu.edu.tw/courses/114-2/29023
十九世紀美國文學,李欣穎,24988,FL4004,10243040,必修,,"一 2,3,4",新304,3 類,,3,,https://course.ntu.edu.tw/courses/114-2/24988
德國文化概述下,漢駿緯,52759,FL4040,10246102,必修 / 選修,,"一 6,7 / 四 6,7",綜603/綜502,2 類,,4,,https://course.ntu.edu.tw/courses/114-2/52759
外語教學概論,楊乃冬,57419,FL4082,10240930,選修,,"四 2,3,4",博雅312,2 類,,3,,https://course.ntu.edu.tw/courses/114-2/57419
法文三下,樂詩涵,24553,FL4139,10242132,選修,,"三 3,4 / 五 3,4",新403/外教103,2 類,,3,,https://course.ntu.edu.tw/courses/114-2/24553
法文三下,達力安,34576,FL4139,10242132,選修,,"一 6,7 / 三 6,7",新404/新401,2 類,,3,,https://course.ntu.edu.tw/courses/114-2/34576
德文三下,林倩君,40358,FL4142,10242232,選修,,"一 8,9 / 四 8,9",綜402/共105,2 類,,3,,https://course.ntu.edu.tw/courses/114-2/40358
德文三下,漢駿緯,59483,FL4142,10242232,選修,,"一 1,2 / 四 2",綜502/新103,2 類,,3,,https://course.ntu.edu.tw/courses/114-2/59483
德文三下,吳沃剛,50060,FL4142,10242232,選修,,"二 6,7 / 四 3,4",共306/綜601,2 類,,3,,https://course.ntu.edu.tw/courses/114-2/50060
西班牙文三下,鄭燕玲,56501,FL4144,10242332,選修,,"一 10,A,B",普306,2 類,,3,,https://course.ntu.edu.tw/courses/114-2/56501
俄文三下,李麗薩,53555,FL4146,10242432,選修,,"二 10,A,B",普303,2 類,,3,,https://course.ntu.edu.tw/courses/114-2/53555
西班牙文四下,鄭燕玲,11817,FL4153,10242552,選修,,"三 7,8,9",共206,2 類,,3,,https://course.ntu.edu.tw/courses/114-2/11817
二十世紀愛爾蘭戲劇,高維泓,39441,FL4154,10245720,必修 / 選修,,"五 6,7,8",綜504,2 類,,3,,https://course.ntu.edu.tw/courses/114-2/39441
波蘭文三下,陳音卉,32496,FL4162,10242462,選修,,"二 10,A,B,C",普304,2 類,,3,,https://course.ntu.edu.tw/courses/114-2/32496
荷蘭文三下,敖馨郁,10753,FL4166,10242482,選修,,"四 A,B,C,D",普204,2 類,,3,,https://course.ntu.edu.tw/courses/114-2/10753
英文聽讀綜合訓練,曾琦智,31189,FL4169,10240010,必修,,"四 6,7",外教204,2 類,,0,,https://course.ntu.edu.tw/courses/114-2/31189
認識法國當代社會二,歐德尼,48991,FL4170,10246430,必修 / 選修,,"二 8,9,10",共102,2 類,,3,,https://course.ntu.edu.tw/courses/114-2/48991
法文四下,謝艾米,32590,FL4183,10242522,選修,,"二 6,7 / 五 6,7",外教103/外教102,2 類,,3,,https://course.ntu.edu.tw/courses/114-2/32590
捷克文三下,林學紀,40957,FL4188,10242492,選修,,"一 A,B,C,D",人文B114-1,2 類,,3,,https://course.ntu.edu.tw/courses/114-2/40957
藝術與精神分析,沈志中,56340,FL4199,10246310,,,"四 6,7,8",新505,2 類,,3,,https://course.ntu.edu.tw/courses/114-2/56340
法文媒體二,達力安,95072,FL4204,10242640,選修,,"二 8,9",新403,2 類,,2,,https://course.ntu.edu.tw/courses/114-2/95072
德國新聞二,林倩君,34663,FL4207,10246490,必修 / 選修,,"一 3,4 / 四 4",綜402/共208,2 類,,3,,https://course.ntu.edu.tw/courses/114-2/34663
創意敘事實作,黃山耘,95011,FL4210,10240210,選修,,"四 6,7,8",博雅310,2 類,,3,,https://course.ntu.edu.tw/courses/114-2/95011
翻譯概論,馬耀民,17731,FL5039,122U1190,必修 / 選修,,"二 5,6,7",外教202,2 類,,3,,https://course.ntu.edu.tw/courses/114-2/17731
法國文學名著選讀二,沈志中,26320,FL5072,122U0760,必修 / 選修,,"二 6,7,8",人文B114-1,2 類,,3,,https://course.ntu.edu.tw/courses/114-2/26320
西班牙文學名著選讀二,張淑英,46322,FL5076,122U0740,必修 / 選修,,"一 5,6,7",博雅206,2 類,,3,,https://course.ntu.edu.tw/courses/114-2/46322
西班牙流行文化,丹  倪,59556,FL5102,122U2290,必修 / 選修,,"四 6,7",博雅306,2 類,,2,,https://course.ntu.edu.tw/courses/114-2/59556
德國文學名著選讀二,簡  潔,29202,FL5104,122U0780,必修 / 選修,,"四 8,9,10",博雅205,2 類,,3,,https://course.ntu.edu.tw/courses/114-2/29202
財經議題口譯,蔡自青,57337,FL5117,10254030,選修,,"三 2,3,4",外教305,2 類,,3,,https://course.ntu.edu.tw/courses/114-2/57337
筆譯實習：《上報》國際新聞翻譯,馬耀民,40429,FL5140,10254090,選修,,,,2 類,,1,,https://course.ntu.edu.tw/courses/114-2/40429
筆譯實習：《運動視界》國際體育新聞編譯,陳榮彬,24474,FL5147,10254170,選修,,,,2 類,,1,,https://course.ntu.edu.tw/courses/114-2/24474
臺灣小說與文化研究,劉亮雅,43687,FL5166,122U3260,必修 / 選修,,"一 6,7,8",博雅203,2 類,,3,,https://course.ntu.edu.tw/courses/114-2/43687
兒童文學翻譯與研究,黃筱茵,39028,FL5168,10255120,選修,,"一 3,4",博雅308,2 類,,2,,https://course.ntu.edu.tw/courses/114-2/39028
筆譯實習：中華民國筆會英文季刊,吳敏嘉,21576,FL5170,10254590,選修,,,,2 類,,2,,https://course.ntu.edu.tw/courses/114-2/21576
進階字幕翻譯實作,莊世全,38579,FL5172,10255150,選修,,"一 3,4,5",外教104,2 類,,3,,https://course.ntu.edu.tw/courses/114-2/38579
筆譯實習：台灣冤獄平反協會,蔡毓芬,49713,FL5174,10254610,選修,,,,2 類,,1,,https://course.ntu.edu.tw/courses/114-2/49713
筆譯實習：二二八國家紀念館,陳榮彬,37390,FL5175,10254620,選修,,,,2 類,,1,,https://course.ntu.edu.tw/courses/114-2/37390
AI與翻譯工具入門,蔡毓芬,13506,FL5176,10254240,選修,,"一 5,6",博雅406,2 類,,2,,https://course.ntu.edu.tw/courses/114-2/13506
高級英文下,劉雅詩,46738,FL7022,122M1042,必修,,"一 6,7,8",博雅309,2 類,,0,,https://course.ntu.edu.tw/courses/114-2/46738
研究方法與學術英文寫作二,李紀舍,35910,FL7202,122M0080,必修,,"三 3,4,5",人文B109,2 類,,2,,https://course.ntu.edu.tw/courses/114-2/35910
研究方法與學術英文寫作二,孟克禮,17743,FL7202,122M0080,必修,,"三 3,4,5",人文B114-1,2 類,,2,,https://course.ntu.edu.tw/courses/114-2/17743
當西方遇見東方：敘事與物質,吳雅鳳,36571,FL7303,122M3730,選修,,"四 2,3,4",人文B109,2 類,,3,,https://course.ntu.edu.tw/courses/114-2/36571
專題研究,曼紐爾,54581,FL7321,122M8800,選修,,,,2 類,,1,,https://course.ntu.edu.tw/courses/114-2/54581
專題研究,王莉思,27674,FL7321,122M8800,選修,,,,2 類,,1,,https://course.ntu.edu.tw/courses/114-2/27674
專題研究,齊東耿,59379,FL7321,122M8800,選修,,,,2 類,,1,,https://course.ntu.edu.tw/courses/114-2/59379
專題研究,賴  煦,44272,FL7321,122M8800,選修,,,,2 類,,1,,https://course.ntu.edu.tw/courses/114-2/44272
跨太平洋研究,柏逸嘉,56407,FL7358,122M4060,選修,,"一 8,9,10",人文B109,2 類,,3,,https://course.ntu.edu.tw/courses/114-2/56407
外星生命與科幻專題,廖勇超,55695,FL7366,122M5680,選修,,"四 6,7,8",人文B109,2 類,,3,,https://course.ntu.edu.tw/courses/114-2/55695
跨性別麻煩,張小虹,25479,FL7373,122M5760,選修,,"五 3,4,5",人文B109,2 類,,3,,https://course.ntu.edu.tw/courses/114-2/25479
全球酷兒文學,王莉思,27075,FL7380,122M5810,選修,,"二 8,9,10",人文B109,2 類,,3,,https://course.ntu.edu.tw/courses/114-2/27075
物質、生態與理論,李鴻瓊,14837,FL7384,122M5830,選修,,"五 8,9,10",人文B109,2 類,,3,,https://course.ntu.edu.tw/courses/114-2/14837
福克納風格作品,齊東耿,12174,FL7385,122M5840,選修,,"五 2,3,4",人文B114-1,2 類,,3,,https://course.ntu.edu.tw/courses/114-2/12174
早期現代科幻小說,賴  煦,10185,FL7386,122M5850,選修,,"四 8,9,10",人文B114-1,2 類,,3,,https://course.ntu.edu.tw/courses/114-2/10185
閱讀拉丁文羅馬散文,凱羅榮,40506,FL7387,122M5860,選修,,"二 2,3,4",人文B114-1,2 類,,3,,https://course.ntu.edu.tw/courses/114-2/40506
公開閱讀：文學與社群媒體,李麗薩,16910,FL7388,122M5880,選修,,"一 3,4,5",人文B109,2 類,,3,,https://course.ntu.edu.tw/courses/114-2/16910
書寫建築,辜炳達,25587,FL7389,122M5890,選修,,"五 6,7,8",人文B114-1,2 類,,3,,https://course.ntu.edu.tw/courses/114-2/25587
碩士論文,,12100,FL7999,122M0010,必修,,,,1 類,,0,,https://course.ntu.edu.tw/courses/114-2/12100
博士論文,,56739,FL8999,122D0010,必修,,,,1 類,,0,,https://course.ntu.edu.tw/courses/114-2/56739
食品與健康,沈立言,44803,FOOD1001,64110100,,,"二 6,7",普101,2 類,,2,,https://course.ntu.edu.tw/courses/114-2/44803
食品工廠管理,陳勁初,12517,FOOD5310,641U3090,選修,,"三 8,9",食科102,3 類,,2,,https://course.ntu.edu.tw/courses/114-2/12517
食品包裝學,陳政雄,51560,FOOD5311,641U3100,選修,,"一 6,7",食科102,3 類,,2,,https://course.ntu.edu.tw/courses/114-2/51560
食品加工製程,陳明煦,54706,FOOD5315,641U3230,選修,,"五 6,7,8",食科102,3 類,,3,,https://course.ntu.edu.tw/courses/114-2/54706
食品加工工程,陳明煦,27187,FOOD5317,641U3270,必修 / 選修,,"四 8,9",食科102,3 類,,2,,https://course.ntu.edu.tw/courses/114-2/27187
食物學原理,羅翊禎,13144,FOOD5405,641U3120,選修,,"二 6,7",食科102,3 類,,2,,https://course.ntu.edu.tw/courses/114-2/13144
專題研究二,鄭光成,18243,FOOD7003,641M0070,必修,,,,1 類,,1,,https://course.ntu.edu.tw/courses/114-2/18243
專題研究二,潘敏雄,18344,FOOD7003,641M0070,必修,,,,1 類,,1,,https://course.ntu.edu.tw/courses/114-2/18344
專題研究二,呂廷璋,27408,FOOD7003,641M0070,必修,,,,1 類,,1,,https://course.ntu.edu.tw/courses/114-2/27408
專題研究二,沈立言,22671,FOOD7003,641M0070,必修,,,,1 類,,1,,https://course.ntu.edu.tw/courses/114-2/22671
專題研究二,羅翊禎,14122,FOOD7003,641M0070,必修,,,,1 類,,1,,https://course.ntu.edu.tw/courses/114-2/14122
專題研究二,謝淑貞,19116,FOOD7003,641M0070,必修,,,,1 類,,1,,https://course.ntu.edu.tw/courses/114-2/19116
專題研究二,陳時欣,36253,FOOD7003,641M0070,必修,,,,1 類,,1,,https://course.ntu.edu.tw/courses/114-2/36253
專題研究二,丁俞文,43213,FOOD7003,641M0070,必修,,,,1 類,,1,,https://course.ntu.edu.tw/courses/114-2/43213
專題研究二,陳明煦,55529,FOOD7003,641M0070,必修,,,,1 類,,1,,https://course.ntu.edu.tw/courses/114-2/55529
專題研究二,李月嘉,27395,FOOD7003,641M0070,必修,,,,1 類,,1,,https://course.ntu.edu.tw/courses/114-2/27395
專題研究二,吳偉愷,25695,FOOD7003,641M0070,必修,,,,1 類,,1,,https://course.ntu.edu.tw/courses/114-2/25695
食品科技研究實驗法二,丁俞文,32368,FOOD7005,641M1720,必修,,,,2 類,,1,,https://course.ntu.edu.tw/courses/114-2/32368
專題討論一,李月嘉,50234,FOOD7006,641M0080,必修,,,,2 類,,1,,https://course.ntu.edu.tw/courses/114-2/50234
專題討論二,李月嘉,38589,FOOD7007,641M0090,必修,,,,1 類,,1,,https://course.ntu.edu.tw/courses/114-2/38589
專題討論三,李月嘉,51987,FOOD7008,641M0100,必修,,,,1 類,,1,,https://course.ntu.edu.tw/courses/114-2/51987
專題討論四,李月嘉,28413,FOOD7009,641M0110,必修,,,,1 類,,1,,https://course.ntu.edu.tw/courses/114-2/28413
食品科技講座一,羅翊禎,25077,FOOD7010,641M0120,選修,,,,2 類,,1,,https://course.ntu.edu.tw/courses/114-2/25077
食品科技講座二,羅翊禎,31640,FOOD7011,641M0130,選修,,,,2 類,,1,,https://course.ntu.edu.tw/courses/114-2/31640
微生物醱酵工程,鄭光成,54927,FOOD7104,641M3110,選修,,"三 3,4",食研222,3 類,,2,,https://course.ntu.edu.tw/courses/114-2/54927
食品安全衛生管理法規,鄭維智,53612,FOOD7107,641M3150,必修 / 選修,,"五 A,B",食科102,2 類,,2,,https://course.ntu.edu.tw/courses/114-2/53612
食品物性學,陳時欣,40626,FOOD7207,641M2110,選修,,"四 3,4",食研222,3 類,,2,,https://course.ntu.edu.tw/courses/114-2/40626
質譜技術於食品科技之應用,陳宏彰,29920,FOOD7211,641M3210,選修,,"三 3,4",食科102,3 類,,2,,https://course.ntu.edu.tw/courses/114-2/29920
氣相層析質譜分析方法,周繼中,17753,FOOD7213,641M3240,選修,,,,2 類,,1,,https://course.ntu.edu.tw/courses/114-2/17753
食品安全與企業永續發展,黃蘊璞,23734,FOOD7314,641M3280,選修,,"二 8,9",食科102,2 類,,2,,https://course.ntu.edu.tw/courses/114-2/23734
分子營養學:基因體、代謝與健康,羅翊禎,51702,FOOD7407,641M1470,選修,,"一 1,2 / 五 1,2",食研222,3 類,,2,,https://course.ntu.edu.tw/courses/114-2/51702
食品細胞分子生物方法學,謝淑貞,25860,FOOD7410,641M3060,選修,,"四 3,4",食科102,3 類,,2,,https://course.ntu.edu.tw/courses/114-2/25860
臨床營養與食療學,鄭金寶,36833,FOOD7411,641M3120,選修,,"四 6,7",食科102,2 類,,2,,https://course.ntu.edu.tw/courses/114-2/36833
碩士論文,羅翊禎,14092,FOOD7999,641M0010,必修,,,,1 類,,0,,https://course.ntu.edu.tw/courses/114-2/14092
專題討論,陳明煦,31253,FOOD8001,641D0030,必修,,,,1 類,,1,,https://course.ntu.edu.tw/courses/114-2/31253
專題討論,陳明煦,14172,FOOD8001,641D0030,必修,,,,1 類,,1,,https://course.ntu.edu.tw/courses/114-2/14172
專題研究二,潘敏雄,16494,FOOD8003,641D0100,必修,,,,1 類,,1,,https://course.ntu.edu.tw/courses/114-2/16494
專題研究二,呂廷璋,46567,FOOD8003,641D0100,必修,,,,1 類,,1,,https://course.ntu.edu.tw/courses/114-2/46567
專題研究二,沈立言,18739,FOOD8003,641D0100,必修,,,,1 類,,1,,https://course.ntu.edu.tw/courses/114-2/18739
專題研究二,吳偉愷,40115,FOOD8003,641D0100,必修,,,,1 類,,1,,https://course.ntu.edu.tw/courses/114-2/40115
專題研究四,鄭光成,22379,FOOD8005,641D0120,必修,,,,1 類,,1,,https://course.ntu.edu.tw/courses/114-2/22379
專題研究四,潘敏雄,35352,FOOD8005,641D0120,必修,,,,1 類,,1,,https://course.ntu.edu.tw/courses/114-2/35352
專題研究四,羅翊禎,17794,FOOD8005,641D0120,必修,,,,1 類,,1,,https://course.ntu.edu.tw/courses/114-2/17794
專題研究四,陳時欣,28504,FOOD8005,641D0120,必修,,,,1 類,,1,,https://course.ntu.edu.tw/courses/114-2/28504
專題研究四,丁俞文,39752,FOOD8005,641D0120,必修,,,,1 類,,1,,https://course.ntu.edu.tw/courses/114-2/39752
專題研究四,李月嘉,38630,FOOD8005,641D0120,必修,,,,1 類,,1,,https://course.ntu.edu.tw/courses/114-2/38630
食品多醣特論,呂廷璋,52453,FOOD8201,641D1150,選修,,"二 8,9",食研222,3 類,,2,,https://course.ntu.edu.tw/courses/114-2/52453
機能性食品特論,潘敏雄,49028,FOOD8401,641D1140,選修,,"四 8,9",食研222,3 類,,2,,https://course.ntu.edu.tw/courses/114-2/49028
食品科技教學實務,鄭光成,31587,FOOD8502,641D1260,選修,,,,2 類,,2,,https://course.ntu.edu.tw/courses/114-2/31587
食品科技教學實務,謝淑貞,22011,FOOD8502,641D1260,選修,,,,2 類,,2,,https://course.ntu.edu.tw/courses/114-2/22011
食品科技教學實務,李月嘉,28460,FOOD8502,641D1260,選修,,,,2 類,,2,,https://course.ntu.edu.tw/courses/114-2/28460
博士論文,羅翊禎,34679,FOOD8999,641D0010,必修,,,,1 類,,0,,https://course.ntu.edu.tw/courses/114-2/34679
服務學習甲,張庭維,25703,Forest0006,605001G0,選修,,,,2 類,,1,,https://course.ntu.edu.tw/courses/114-2/25703
服務學習乙,吳家禎,39262,Forest0007,605001H0,選修,,,,2 類,,1,,https://course.ntu.edu.tw/courses/114-2/39262
樹木學及實習,林政道,55471,Forest2001,60510200,必修 / 選修,,"五 6,7,8,9,10",新501,2 類,,3,,https://course.ntu.edu.tw/courses/114-2/55471
統計學,張庭維,40584,Forest2031,60526210,必修,,"一 2,3,4",新405,2 類,,3,,https://course.ntu.edu.tw/courses/114-2/40584
統計學二,王  仁,54996,Forest2032,60526220,必修 / 選修,,"二 8,9,10",新401,2 類,,3,,https://course.ntu.edu.tw/courses/114-2/54996
森林土壤學實驗,鄭智馨,46270,Forest2040,60521520,必修,,"四 8,9,10",林303,2 類,,1,,https://course.ntu.edu.tw/courses/114-2/46270
森林生態與育林學概論,曲芳華,34725,Forest2045,60526110,必帶,,"二 2,3,4",新505,2 類,,3,,https://course.ntu.edu.tw/courses/114-2/34725
空間資訊概論,林政道,48256,Forest2047,60520450,必修,,"三 6,7,8",新501,2 類,,3,,https://course.ntu.edu.tw/courses/114-2/48256
永續林業環境共效益,張庭維,29371,Forest2050,60526280,選修,,"二 3,4",林五,2 類,,2,,https://course.ntu.edu.tw/courses/114-2/29371
木材物理學及實驗,林法勤,28397,Forest3008,60530320,必修,,"一 6,7 / 五 8,9,10",林三/林四,2 類,,3,,https://course.ntu.edu.tw/courses/114-2/28397
台灣傳統木建築概論,蔡明哲,54304,Forest3010,60530350,必修 / 選修,,"三 6,7,8",林一,2 類,,3,,https://course.ntu.edu.tw/courses/114-2/54304
森林生物多樣性概論,丁宗蘇,13671,Forest3031,60539460,,,"六 2,3,4,6,7,8,9",,2 類,,3,,https://course.ntu.edu.tw/courses/114-2/13671
森林生物多樣性概論,丁宗蘇,48373,Forest3031,60539460,,,"六 2,3,4,6,7,8,9",,2 類,,3,,https://course.ntu.edu.tw/courses/114-2/48373
森林生物多樣性概論,丁宗蘇,48676,Forest3031,60539460,,,"六 2,3,4,6,7,8,9",,2 類,,3,,https://course.ntu.edu.tw/courses/114-2/48676
森林生物多樣性概論,丁宗蘇,16224,Forest3031,60539460,,,"六 2,3,4,6,7,8,9",,2 類,,3,,https://course.ntu.edu.tw/courses/114-2/16224
森林生物多樣性概論,丁宗蘇,19217,Forest3031,60539460,,,"六 2,3,4,6,7,8,9",,2 類,,3,,https://course.ntu.edu.tw/courses/114-2/19217
森林生物多樣性概論,丁宗蘇,33420,Forest3031,60539460,,,"六 2,3,4,6,7,8,9",,2 類,,3,,https://course.ntu.edu.tw/courses/114-2/33420
森林水文學,梁偉立,39771,Forest3040,60543300,必修 / 選修,,"一 8,9,10",林四,2 類,,3,,https://course.ntu.edu.tw/courses/114-2/39771
野生動物學,袁孝維,10495,Forest3043,60543900,必修 / 選修,,"一 7,8,9",林一,2 類,,3,,https://course.ntu.edu.tw/courses/114-2/10495
林場實習生物材料,官崇煜,42325,Forest3060,60530010,必帶,,,,2 類,,1,,https://course.ntu.edu.tw/courses/114-2/42325
森林生態學,丁宗蘇,35484,Forest3071,60539570,必帶 / 選修,,"二 6,7,8,9",林一,2 類,,3,,https://course.ntu.edu.tw/courses/114-2/35484
林場實習森林生態系建構,吳家禎,50535,Forest3074,60530030,必帶,,,,2 類,,2,,https://course.ntu.edu.tw/courses/114-2/50535
現代育林學,吳家禎,22046,Forest3077,60530070,必修,,"五 2,3,4",林三,2 類,,3,,https://course.ntu.edu.tw/courses/114-2/22046
木材防腐與生命週期延長,官崇煜,23661,Forest3079,60539600,必修,,"二 6,7,8",新402,2 類,,3,,https://course.ntu.edu.tw/courses/114-2/23661
森林環境模式,張庭維,27345,Forest3080,60539610,選修,,"四 6,7,8",木性,2 類,,3,,https://course.ntu.edu.tw/courses/114-2/27345
森林經營暨林政學,鄭舒婷,50378,Forest3081,60539620,必帶,,"一 2,3,4",新203,2 類,,3,,https://course.ntu.edu.tw/courses/114-2/50378
專題討論二,丁宗蘇,51640,Forest4022,60549120,必修,,"三 3,4",林二,2 類,,1,,https://course.ntu.edu.tw/courses/114-2/51640
專題討論二,張庭維,55238,Forest4022,60549120,必修,,"三 3,4",木性,2 類,,1,,https://course.ntu.edu.tw/courses/114-2/55238
專題討論二,林法勤,27550,Forest4022,60549120,必修,,"三 A,B",林一,2 類,,1,,https://course.ntu.edu.tw/courses/114-2/27550
專題討論二,余家斌,46449,Forest4022,60549120,必修,,"三 3,4",林四,2 類,,1,,https://course.ntu.edu.tw/courses/114-2/46449
專題討論二,吳家禎,38329,Forest4022,60549120,必修,,"三 3,4",林三,2 類,,1,,https://course.ntu.edu.tw/courses/114-2/38329
林業環境資源實務,鄭舒婷,45451,Forest4025,60549300,必修,,,,2 類,,1,,https://course.ntu.edu.tw/courses/114-2/45451
學士論文下,官崇煜,23335,Forest4999,60549502,必修,,,,2 類,,1,,https://course.ntu.edu.tw/courses/114-2/23335
學士論文下,王  仁,15047,Forest4999,60549502,必修,,,,2 類,,1,,https://course.ntu.edu.tw/courses/114-2/15047
社區保育的議題與個案,盧道杰,21045,Forest5013,625U1610,必修 / 選修,,"四 6,7,8",林二,2 類,,3,,https://course.ntu.edu.tw/courses/114-2/21045
木質構造建築設計與施工二,林法勤,40323,Forest5018,625U1720,必修,,"四 6,7,8",林四,2 類,,3,,https://course.ntu.edu.tw/courses/114-2/40323
木質家具工程學,林法勤,34697,Forest5020,625U1740,必修,,"二 2,3,4",林三,2 類,,3,,https://course.ntu.edu.tw/courses/114-2/34697
陸域生物地球化學概論,鄭智馨,26297,Forest5024,625U1800,必修 / 選修,,"二 2,3,4",博雅306,2 類,,3,,https://course.ntu.edu.tw/courses/114-2/26297
森林環境物理學,中井太郎,32782,Forest5027,625U1850,必修 / 選修,,"四 6,7,8",新404,2 類,,3,,https://course.ntu.edu.tw/courses/114-2/32782
土壤物理學,梁偉立,15338,Forest5031,625U1890,必修 / 選修,,"三 8,9,10",林二,2 類,,3,,https://course.ntu.edu.tw/courses/114-2/15338
探索臺灣:自然環境與資源,袁孝維,16897,Forest5035,625U1900,,,"三 8,9",新203,2 類,,2,,https://course.ntu.edu.tw/courses/114-2/16897
探索臺灣:自然環境與資源,袁孝維,18980,Forest5035,625U1900,,,"三 8,9",,2 類,,2,,https://course.ntu.edu.tw/courses/114-2/18980
木質產品設計與製作,林法勤,20632,Forest5046,625U2010,選修,,"一 A,B,C / 二 A",林五,2 類,,2,,https://course.ntu.edu.tw/courses/114-2/20632
環境教育實務,劉奇璋,21970,Forest5050,625U2050,選修,,"二 6,7",綜202,2 類,,2,,https://course.ntu.edu.tw/courses/114-2/21970
植物系統分類學與多樣性,鍾國芳,49129,Forest5054,625U2090,必修,,"五 3,4",林一,2 類,,2,,https://course.ntu.edu.tw/courses/114-2/49129
人文與自然資源,盧道杰,18111,Forest5061,625U2150,必修 / 選修,,"三 6,7,8",綜402,2 類,,3,,https://course.ntu.edu.tw/courses/114-2/18111
森林生物技術概論,曲芳華,44661,Forest5062,625U2160,必修,,"五 6,7,8",林二,2 類,,3,,https://course.ntu.edu.tw/courses/114-2/44661
森林生態水文學,中井太郎,39819,Forest5063,625U2170,必修 / 選修,,"五 2,3,4",新405,2 類,,3,,https://course.ntu.edu.tw/courses/114-2/39819
森林測計學,王  仁,43102,Forest5069,625U2230,必修 / 選修,,"五 2,3,4",新501,2 類,,3,,https://course.ntu.edu.tw/courses/114-2/43102
探索臺灣：自然資源保育與經營管理,劉奇璋,14028,Forest5071,625U2250,,,"四 6,7",博雅202,2 類,,2,,https://course.ntu.edu.tw/courses/114-2/14028
探索臺灣：自然資源保育與經營管理,劉奇璋,10270,Forest5071,625U2250,,,"四 6,7",,2 類,,2,,https://course.ntu.edu.tw/courses/114-2/10270
生物材料生活應用,柯淳涵,36334,Forest5076,625U2300,選修,,"二 6,7,8",共206,2 類,,3,,https://course.ntu.edu.tw/courses/114-2/36334
生物材料碳匯與能源,柯淳涵,32134,Forest5078,625U2320,選修,,"二 2,3,4",綜505,2 類,,3,,https://course.ntu.edu.tw/courses/114-2/32134
森林療癒與身心健康,余家斌,34364,Forest5086,625U2400,選修,,"四 2,3,4",綜202,2 類,,3,,https://course.ntu.edu.tw/courses/114-2/34364
森林療癒實務,余家斌,47183,Forest5088,625U2420,選修,,"四 6,7,8",新302,2 類,,3,,https://course.ntu.edu.tw/courses/114-2/47183
山域生態調查安全管理,林政道,46562,Forest5092,625U2460,選修,,,,2 類,,3,,https://course.ntu.edu.tw/courses/114-2/46562
iOS SwiftUI 手機應用程式設計入門,余家斌,24281,Forest5095,625U2490,,,"二 2,3,4",共103,2 類,,3,,https://course.ntu.edu.tw/courses/114-2/24281
森林碳匯自願減量專案,林俊成,17292,Forest5097,625U2510,選修,,"一 8,9",木性,2 類,,2,,https://course.ntu.edu.tw/courses/114-2/17292
專題討論,林政道,10408,Forest7000,625M0020,必修,,"三 3,4",,2 類,,1,,https://course.ntu.edu.tw/courses/114-2/10408
專題研究,袁孝維,10960,Forest7001,625M0120,必修,,,,2 類,,1,,https://course.ntu.edu.tw/courses/114-2/10960
專題研究,蔡明哲,14699,Forest7001,625M0120,必修,,,,2 類,,1,,https://course.ntu.edu.tw/courses/114-2/14699
專題研究,柯淳涵,34204,Forest7001,625M0120,必修,,,,2 類,,1,,https://course.ntu.edu.tw/courses/114-2/34204
專題研究,丁宗蘇,22362,Forest7001,625M0120,必修,,,,2 類,,1,,https://course.ntu.edu.tw/courses/114-2/22362
專題研究,曲芳華,36323,Forest7001,625M0120,必修,,,,2 類,,1,,https://course.ntu.edu.tw/courses/114-2/36323
專題研究,張惠婷,51873,Forest7001,625M0120,必修,,,,2 類,,1,,https://course.ntu.edu.tw/courses/114-2/51873
專題研究,鄭智馨,50291,Forest7001,625M0120,必修,,,,2 類,,1,,https://course.ntu.edu.tw/courses/114-2/50291
專題研究,張豐丞,39502,Forest7001,625M0120,必修,,,,2 類,,1,,https://course.ntu.edu.tw/courses/114-2/39502
專題研究,余家斌,19019,Forest7001,625M0120,必修,,,,2 類,,1,,https://course.ntu.edu.tw/courses/114-2/19019
專題研究,劉奇璋,53585,Forest7001,625M0120,必修,,,,2 類,,1,,https://course.ntu.edu.tw/courses/114-2/53585
專題研究,鄭舒婷,37132,Forest7001,625M0120,必修,,,,2 類,,1,,https://course.ntu.edu.tw/courses/114-2/37132
專題研究,中井太郎,22132,Forest7001,625M0120,必修,,,,2 類,,1,,https://course.ntu.edu.tw/courses/114-2/22132
專題研究,羅南德,19598,Forest7001,625M0120,必修,,,,2 類,,1,,https://course.ntu.edu.tw/courses/114-2/19598
專題研究,林政道,55395,Forest7001,625M0120,必修,,,,2 類,,1,,https://course.ntu.edu.tw/courses/114-2/55395
專題研究,官崇煜,46393,Forest7001,625M0120,必修,,,,2 類,,1,,https://course.ntu.edu.tw/courses/114-2/46393
專題研究,張庭維,59632,Forest7001,625M0120,必修,,,,2 類,,1,,https://course.ntu.edu.tw/courses/114-2/59632
專題研究,吳家禎,28843,Forest7001,625M0120,必修,,,,2 類,,1,,https://course.ntu.edu.tw/courses/114-2/28843
自然保護區的議題與研究,盧道杰,54811,Forest7010,625M1260,選修,,"四 2,3,4",林二,2 類,,3,,https://course.ntu.edu.tw/courses/114-2/54811
科學論文寫作與發表,丁宗蘇,95118,Forest7017,625M1540,選修,,"五 2,3,4",木性,2 類,,3,,https://course.ntu.edu.tw/courses/114-2/95118
森林食植行為,鹿兒陽,56161,Forest7018,625M1550,選修,,"五 6,7,8",新403,2 類,,3,,https://course.ntu.edu.tw/courses/114-2/56161
木質環境學,蔡明哲,57017,Forest7022,625M1590,選修,,"三 9,10",林一,2 類,,2,,https://course.ntu.edu.tw/courses/114-2/57017
木質纖維資源利用特論,張惠婷,42185,Forest7035,625M2440,選修,,"四 6,7,8",林三,2 類,,3,,https://course.ntu.edu.tw/courses/114-2/42185
生物材料物性研究分析,張豐丞,26205,Forest7059,625M2590,選修,,,,2 類,,3,,https://course.ntu.edu.tw/courses/114-2/26205
森林療癒研究特論,余家斌,40495,Forest7063,625M2630,選修,,"三 6,7,8",林四,2 類,,3,,https://course.ntu.edu.tw/courses/114-2/40495
環境教育特論,劉奇璋,25957,Forest7066,625M2660,選修,,"二 2,3,4",林四,2 類,,3,,https://course.ntu.edu.tw/courses/114-2/25957
熱帶真菌特論,羅南德,19014,Forest7074,625M2740,選修,,,,2 類,,3,,https://course.ntu.edu.tw/courses/114-2/19014
黏菌DNA分子條碼之創建與剖析,羅南德,59341,Forest7083,625M2820,選修,,,,2 類,,1,,https://course.ntu.edu.tw/courses/114-2/59341
碩士論文,,14557,Forest7999,625M0010,必修,,,,1 類,,0,,https://course.ntu.edu.tw/courses/114-2/14557
專題討論,袁孝維,48869,Forest8000,625D0030,必修,,,,2 類,,1,,https://course.ntu.edu.tw/courses/114-2/48869
專題討論,蔡明哲,37933,Forest8000,625D0030,必修,,,,2 類,,1,,https://course.ntu.edu.tw/courses/114-2/37933
專題討論,劉奇璋,48221,Forest8000,625D0030,必修,,,,2 類,,1,,https://course.ntu.edu.tw/courses/114-2/48221
專題討論,林政道,21800,Forest8000,625D0030,必修,,,,2 類,,1,,https://course.ntu.edu.tw/courses/114-2/21800
專題討論,官崇煜,25440,Forest8000,625D0030,必修,,,,2 類,,1,,https://course.ntu.edu.tw/courses/114-2/25440
氣候危機與生物多樣性喪失專論,蔡明哲,24350,Forest8018,625D1970,選修,,,,2 類,,3,,https://course.ntu.edu.tw/courses/114-2/24350
生物信用額度專論,蔡明哲,56448,Forest8019,625D1980,選修,,,,2 類,,3,,https://course.ntu.edu.tw/courses/114-2/56448
全球生物多樣性框架專論,蔡明哲,53987,Forest8020,625D1990,選修,,,,2 類,,3,,https://course.ntu.edu.tw/courses/114-2/53987
生物材料之生命週期評估專論,官崇煜,47919,Forest8021,625D2000,選修,,,,2 類,,3,,https://course.ntu.edu.tw/courses/114-2/47919
生物材料之綠色能源專論,官崇煜,53549,Forest8022,625D2010,選修,,,,2 類,,3,,https://course.ntu.edu.tw/courses/114-2/53549
博士論文,,19290,Forest8999,625D0010,必修,,,,1 類,,0,,https://course.ntu.edu.tw/courses/114-2/19290
法醫病理學及實習二,翁德怡,51722,ForMed7009,452M0220,必修,,"二 1,2,3,4",,2 類,,4,,https://course.ntu.edu.tw/courses/114-2/51722
法醫分子生物學及實習,李俊億,55880,ForMed7011,452M0240,必修,,"二 6,7,8",,2 類,,2,,https://course.ntu.edu.tw/courses/114-2/55880
法醫學專題討論二,陳冠元,13599,ForMed7014,452M0270,必修,,二 5,,2 類,,1,,https://course.ntu.edu.tw/courses/114-2/13599
法醫物證及刑事偵察及實習,翁德怡,11780,ForMed7017,452M0300,必修,,"五 1,2",,2 類,,2,,https://course.ntu.edu.tw/courses/114-2/11780
刑法及刑事訴訟法,蘇凱平,22346,ForMed7021,452M0340,必修,,"四 1,2,3,4",,2 類,,2,,https://course.ntu.edu.tw/courses/114-2/22346
臨床實習下,翁德怡,42290,ForMed7024,452M0362,必修,,,,2 類,,20,,https://course.ntu.edu.tw/courses/114-2/42290
法醫學專題討論四,蘇志文,13114,ForMed7031,452M0430,必修,,三 5,,2 類,,1,,https://course.ntu.edu.tw/courses/114-2/13114
法醫學實務實習課程,翁德怡,32077,ForMed7032,452M0440,必修,,,,2 類,,16,,https://course.ntu.edu.tw/courses/114-2/32077
國民法官必備之基礎鑑識科學,翁德怡,40296,ForMed7037,452M0490,,,"一 8,9",共201,2 類,,2,,https://course.ntu.edu.tw/courses/114-2/40296
法醫學專題討論,翁德怡,34088,ForMed7040,452M0520,必修,,四 5,,2 類,,0,,https://course.ntu.edu.tw/courses/114-2/34088
碩士論文,翁德怡,42179,ForMed7999,452M0010,必修,,,,1 類,,0,,https://course.ntu.edu.tw/courses/114-2/42179
新生專題,顧記華,13996,GenEdu1000,H0210100,選修,,"三 A,B",大1女A,2 類,,2,,https://course.ntu.edu.tw/courses/114-2/13996
新生專題,李宥霆,56220,GenEdu1000,H0210100,選修,,"三 A,B",女5舍C,2 類,,2,,https://course.ntu.edu.tw/courses/114-2/56220
新生專題,鄭秋萍,25088,GenEdu1000,H0210100,選修,,"一 A,B",,2 類,,2,,https://course.ntu.edu.tw/courses/114-2/25088
新生專題,賴亮全,51281,GenEdu1000,H0210100,選修,,"三 10,A",,2 類,,2,,https://course.ntu.edu.tw/courses/114-2/51281
新生專題,楊馥菱,50093,GenEdu1000,H0210100,選修,,"四 5,6",,3 類,,2,,https://course.ntu.edu.tw/courses/114-2/50093
新生專題,陳琪芳,20518,GenEdu1000,H0210100,選修,,"一 10,A",,3 類,,2,,https://course.ntu.edu.tw/courses/114-2/20518
中文學術寫作入門,李冠穎,27028,GenEdu1009,H0210600,選修,,"二 6,7",綜602,2 類,,2,,https://course.ntu.edu.tw/courses/114-2/27028
新生講座-活出精彩,孫效智,58236,GenEdu2009,H0220090,選修,,"二 8,9,10",博雅102,2 類,,2,,https://course.ntu.edu.tw/courses/114-2/58236
程式設計與網路資料搜集,魏聖倫,54273,GenEdu5010,H0250070,,,"二 3,4,5",博雅201,2 類,,3,,https://course.ntu.edu.tw/courses/114-2/54273
電影、信仰與道德,張毅民,10446,GenEdu5018,H0250150,,,"二 2,3,4",博雅301,3 類,,3,,https://course.ntu.edu.tw/courses/114-2/10446
電影、信仰與道德,張毅民,53775,GenEdu5018,H0250150,,,"三 7,8,9",普501,3 類,,3,,https://course.ntu.edu.tw/courses/114-2/53775
AI與宗教,張毅民,48382,GenEdu5019,H0250160,,,"四 7,8,9",新504,3 類,,3,,https://course.ntu.edu.tw/courses/114-2/48382
世界文明：宗教文化與藝術,張毅民,48610,GenEdu5020,H0250170,,,"四 2,3,4",新504,3 類,,3,,https://course.ntu.edu.tw/courses/114-2/48610
超前部署你的職涯,周漾沂,46785,GenEdu5022,H0250190,選修,,"一 7,8",共301,2 類,,2,,https://course.ntu.edu.tw/courses/114-2/46785
南亞社會與樂舞表演,黃佩玲,29257,GenEdu5023,H0250210,,,"一 7,8,9",博雅406,3 類,,3,,https://course.ntu.edu.tw/courses/114-2/29257
人類世的應用音樂學,黃佩玲,33794,GenEdu5024,H0250220,,,"二 5,6,7",綜503,3 類,,3,,https://course.ntu.edu.tw/courses/114-2/33794
探索臺灣：聆聽臺灣的樂動,黃佩玲,21692,GenEdu5036,H0250340,,,"三 7,8,9",綜503,3 類,,3,,https://course.ntu.edu.tw/courses/114-2/21692
國際NGO職涯培訓,袁孝維,25586,GenEdu5038,H0250360,選修,,,,2 類,,2,,https://course.ntu.edu.tw/courses/114-2/25586
學術英語：社科領域,李立聖,26779,GenEdu5039,H0250370,選修,,"三 7,8",新503,2 類,,2,,https://course.ntu.edu.tw/courses/114-2/26779
學術英語：理工領域 - 溝通與表達,陳沛蓉,48649,GenEdu5040,H0250380,選修,,"三 10,A",普303,2 類,,2,,https://course.ntu.edu.tw/courses/114-2/48649
學術英語：理工領域 - 閱讀能力與圖表分析,郭貞秀,53939,GenEdu5041,H0250390,選修,,"三 10,A",普304,2 類,,2,,https://course.ntu.edu.tw/courses/114-2/53939
讀劇,馮翊綱,33722,GenEdu5042,H0250400,,,"三 3,4",綜201,3 類,,2,,https://course.ntu.edu.tw/courses/114-2/33722
學術英語：生農領域,林肇基,12313,GenEdu5044,H0250420,選修,,"一 9,10",普405,2 類,,2,,https://course.ntu.edu.tw/courses/114-2/12313
學術英語：管理領域,李立聖,38614,GenEdu5045,H0250430,選修,,"二 7,8",綜201,2 類,,2,,https://course.ntu.edu.tw/courses/114-2/38614
癌症生物學,洪維廷,17150,Genom5003,455U0030,選修,,"一 8,9",基醫508,3 類,,2,,https://course.ntu.edu.tw/courses/114-2/17150
碩士論文,陳佑宗,11589,Genom7001,455M0010,必修,,,,1 類,,0,,https://course.ntu.edu.tw/courses/114-2/11589
碩士班書報討論II,張以承,29022,Genom7003,455M0030,必修,,四 3,基醫201,3 類,,1,,https://course.ntu.edu.tw/courses/114-2/29022
碩士班書報討論IV,陳佑宗,26061,Genom7005,455M0050,必修,,四 4,基醫201,3 類,,1,,https://course.ntu.edu.tw/courses/114-2/26061
碩士班專題研究實習II,黃祥博,27683,Genom7007,455M0070,必修,,,,3 類,,1,,https://course.ntu.edu.tw/courses/114-2/27683
腫瘤演化樹的秘密,洪維廷,22767,Genom7021,455M0210,選修,,"三 6,7",基醫508,3 類,,2,,https://course.ntu.edu.tw/courses/114-2/22767
基因體與蛋白體醫學書報討論Ⅱ,陳沛隆,23422,Genom8002,455D0030,必修,,四 1,,3 類,,1,,https://course.ntu.edu.tw/courses/114-2/23422
基因體與蛋白體醫學專題討論,許書睿,52910,Genom8005,455D0060,必修,,,,3 類,,2,,https://course.ntu.edu.tw/courses/114-2/52910
基因體與蛋白體醫學書報討論Ⅳ,陳沛隆,39015,Genom8006,455D0070,必修,,四 2,基醫201,3 類,,1,,https://course.ntu.edu.tw/courses/114-2/39015
再生醫學之原理與應用,黃祥博,42695,Genom8013,455D0140,必修 / 選修,,"三 3,4",基醫201,3 類,,2,,https://course.ntu.edu.tw/courses/114-2/42695
基因體與蛋白體專題研究實習II,許書睿,10073,Genom8015,455D0160,必修,,,,3 類,,2,,https://course.ntu.edu.tw/courses/114-2/10073
博士論文,陳佑宗,45972,Genom8999,455D0010,必修,,,,1 類,,0,,https://course.ntu.edu.tw/courses/114-2/45972
基因體與系統生物學專題討論,林友瑜,11640,GenSys5005,B48U0130,必修,,"三 6,7",生科4C,3 類,,2,,https://course.ntu.edu.tw/courses/114-2/11640
學術研究的專業素養與倫理養成,林倩伶,10488,GenSys5019,B48U0370,選修,,"四 7,8",,3 類,,2,,https://course.ntu.edu.tw/courses/114-2/10488
生物資訊學,林友瑜,59358,GenSys5020,B48U0380,選修,,"二 2,3,4",生科4B,3 類,,3,,https://course.ntu.edu.tw/courses/114-2/59358
以Excel進行資料分析,林友瑜,16985,GenSys5023,B48U0420,,,"一 6,7",共201,3 類,,2,,https://course.ntu.edu.tw/courses/114-2/16985
以Excel進行資料分析,林友瑜,24403,GenSys5023,B48U0420,,,"一 3,4",共204,3 類,,2,,https://course.ntu.edu.tw/courses/114-2/24403
生活中的生物資訊,林友瑜,16053,GenSys5026,B48U0440,,,"二 6,7",生科735,2 類,,2,,https://course.ntu.edu.tw/courses/114-2/16053
生活中的生物資訊,林友瑜,25309,GenSys5026,B48U0440,,,"二 8,9",生科735,2 類,,2,,https://course.ntu.edu.tw/courses/114-2/25309
碩士班專題研究,邱澗庚,15400,GenSys7002,B48M0210,必修,,,,3 類,,1,,https://course.ntu.edu.tw/courses/114-2/15400
碩士班專題研究,吳玉威,17638,GenSys7002,B48M0210,必修,,,,3 類,,1,,https://course.ntu.edu.tw/courses/114-2/17638
碩士班專題研究,莊樹諄,28675,GenSys7002,B48M0210,必修,,,,3 類,,1,,https://course.ntu.edu.tw/courses/114-2/28675
碩士班專題研究,陳佑宗,55254,GenSys7002,B48M0210,必修,,,,3 類,,1,,https://course.ntu.edu.tw/courses/114-2/55254
碩士班專題研究,蔡怡陞,20598,GenSys7002,B48M0210,必修,,,,3 類,,1,,https://course.ntu.edu.tw/courses/114-2/20598
碩士班專題研究,曾宇鳳,54470,GenSys7002,B48M0210,必修,,,,3 類,,1,,https://course.ntu.edu.tw/courses/114-2/54470
碩士班專題研究,顧  銓,20356,GenSys7002,B48M0210,必修,,,,3 類,,1,,https://course.ntu.edu.tw/courses/114-2/20356
碩士班專題研究,林劭品,51441,GenSys7002,B48M0210,必修,,,,3 類,,1,,https://course.ntu.edu.tw/courses/114-2/51441
碩士班專題研究,王維樂,34026,GenSys7002,B48M0210,必修,,,,3 類,,1,,https://course.ntu.edu.tw/courses/114-2/34026
碩士班專題研究,呂俊毅,26736,GenSys7002,B48M0210,選修,,,,3 類,,1,,https://course.ntu.edu.tw/courses/114-2/26736
碩士班專題討論,朱雪萍,15668,GenSys7003,B48M0220,必修,,"四 6,7",,3 類,,1,,https://course.ntu.edu.tw/courses/114-2/15668
碩士論文,,51294,GenSys7004,B48M0010,必修,,,,1 類,,0,,https://course.ntu.edu.tw/courses/114-2/51294
博士班專題研究,林頌然,17029,GenSys8003,B48D0210,選修,,,,3 類,,1,,https://course.ntu.edu.tw/courses/114-2/17029
博士班專題研究,林耿慧,30696,GenSys8003,B48D0210,必修,,,,3 類,,1,,https://course.ntu.edu.tw/courses/114-2/30696
博士班專題研究,蔡孟勳,47992,GenSys8003,B48D0210,必修,,,,3 類,,1,,https://course.ntu.edu.tw/courses/114-2/47992
博士班專題研究,陳璿宇,18171,GenSys8003,B48D0210,必修,,,,3 類,,1,,https://course.ntu.edu.tw/courses/114-2/18171
博士班專題研究,陳倩瑜,26367,GenSys8003,B48D0210,選修,,,,3 類,,1,,https://course.ntu.edu.tw/courses/114-2/26367
博士班專題研究,吳亭穎,95086,GenSys8003,B48D0210,必修,,,,3 類,,1,,https://course.ntu.edu.tw/courses/114-2/95086
博士班專題研究,沈湯龍,95108,GenSys8003,B48D0210,必修,,,,3 類,,1,,https://course.ntu.edu.tw/courses/114-2/95108
博士班專題研究,陳柏仰,30092,GenSys8003,B48D0210,必修,,,,3 類,,1,,https://course.ntu.edu.tw/courses/114-2/30092
博士班專題研究,林友瑜,27406,GenSys8003,B48D0210,必修,,,,3 類,,1,,https://course.ntu.edu.tw/courses/114-2/27406
博士班專題研究,陳俊安,25183,GenSys8003,B48D0210,必修,,,,3 類,,1,,https://course.ntu.edu.tw/courses/114-2/25183
博士班專題研究,陳世淯,17539,GenSys8003,B48D0210,必修,,,,3 類,,1,,https://course.ntu.edu.tw/courses/114-2/17539
博士班專題研究,莊曜宇,13343,GenSys8003,B48D0210,必修,,,,3 類,,1,,https://course.ntu.edu.tw/courses/114-2/13343
博士班專題研究,陳律佑,48923,GenSys8003,B48D0210,必修,,,,3 類,,1,,https://course.ntu.edu.tw/courses/114-2/48923
博士班專題研究,蘇剛毅,43337,GenSys8003,B48D0210,必修,,,,3 類,,1,,https://course.ntu.edu.tw/courses/114-2/43337
博士班專題討論,潘思樺,39065,GenSys8004,B48D0220,必修,,"四 6,7",生科4C,3 類,,1,,https://course.ntu.edu.tw/courses/114-2/39065
服務學習甲,朱美妃,95102,Geo0006,204001G0,選修,,,,3 類,,1,,https://course.ntu.edu.tw/courses/114-2/95102
地質科學導論下,曾泰琳,29319,Geo1002,20449002,必帶,,"二 8,9,10",中庭大講堂,2 類,,3,,https://course.ntu.edu.tw/courses/114-2/29319
地質調查導論一,陳奕維,55653,Geo1007,20422500,選修,,,,2 類,,2,,https://course.ntu.edu.tw/courses/114-2/55653
地質調查導論一,曾泰琳,59089,Geo1007,20422500,選修,,,,2 類,,2,,https://course.ntu.edu.tw/courses/114-2/59089
地質調查導論一,朱美妃,43771,Geo1007,20422500,選修,,,,2 類,,2,,https://course.ntu.edu.tw/courses/114-2/43771
地質調查導論一,郭陳澔,38089,Geo1007,20422500,選修,,,,2 類,,2,,https://course.ntu.edu.tw/courses/114-2/38089
地質調查導論一,吳宗叡,40978,Geo1007,20422500,選修,,,,2 類,,2,,https://course.ntu.edu.tw/courses/114-2/40978
地質調查導論一,沈川洲,41293,Geo1007,20422500,選修,,,,2 類,,2,,https://course.ntu.edu.tw/courses/114-2/41293
地質調查導論二,陳于高,39232,Geo1008,20422600,選修,,,,2 類,,2,,https://course.ntu.edu.tw/courses/114-2/39232
地質調查導論二,吳逸民,51348,Geo1008,20422600,選修,,,,2 類,,2,,https://course.ntu.edu.tw/courses/114-2/51348
地質調查導論二,王  昱,23930,Geo1008,20422600,選修,,,,2 類,,2,,https://course.ntu.edu.tw/courses/114-2/23930
地質調查導論二,施路易,43925,Geo1008,20422600,選修,,,,2 類,,2,,https://course.ntu.edu.tw/courses/114-2/43925
地球物理原理(含實習),洪淑蕙,23401,Geo2006,20449080,必帶 / 選修,,"三 2,3,4",中庭大講堂,1 類,,3,,https://course.ntu.edu.tw/courses/114-2/23401
專題研究二,林日白,17047,Geo2008,20449290,選修,,,,1 類,,1,,https://course.ntu.edu.tw/courses/114-2/17047
專題研究二,郭陳澔,41917,Geo2008,20449290,選修,,,,1 類,,1,,https://course.ntu.edu.tw/courses/114-2/41917
專題研究二,陳奕維,49459,Geo2008,20449290,選修,,,,1 類,,1,,https://course.ntu.edu.tw/courses/114-2/49459
地質調查二,王  昱,13615,Geo2013,20420800,選修,,,,2 類,,2,,https://course.ntu.edu.tw/courses/114-2/13615
地質調查二,林日白,18478,Geo2013,20420800,選修,,,,2 類,,2,,https://course.ntu.edu.tw/courses/114-2/18478
野外地質學,王  昱,54450,Geo3002,20433100,必帶 / 選修,,"四 3,4",中庭大講堂,1 類,,2,,https://course.ntu.edu.tw/courses/114-2/54450
野外地質學實習,徐澔德,33417,Geo3003,20433200,必帶 / 選修,,,,1 類,,1,,https://course.ntu.edu.tw/courses/114-2/33417
環境與工程地質,劉雅瑄,23623,Geo3005,20449100,必帶,,"三 8,9",中庭大講堂,1 類,,2,,https://course.ntu.edu.tw/courses/114-2/23623
地質調查四,胡植慶,42035,Geo3010,20434840,選修,,,,3 類,,2,,https://course.ntu.edu.tw/courses/114-2/42035
地質調查四,徐澔德,49171,Geo3010,20434840,選修,,,,2 類,,2,,https://course.ntu.edu.tw/courses/114-2/49171
專題討論,羅清華,10423,Geo4003,20449130,必帶,,"四 8,9",中庭大講堂,2 類,,2,,https://course.ntu.edu.tw/courses/114-2/10423
地質調查五,宇都宮聡,95089,Geo4012,20449350,選修,,,,2 類,,2,,https://course.ntu.edu.tw/courses/114-2/95089
學士論文下,,95149,Geo4998,20440102,選修,,,,1 類,,4,,https://course.ntu.edu.tw/courses/114-2/95149
地球化學資料分析,朱美妃,45736,Geo5008,224U0190,選修,,"四 6,7",地質212,2 類,,2,,https://course.ntu.edu.tw/courses/114-2/45736
石油及天然氣資源導論,吳榮章,11894,Geo5014,224U0290,選修,,"二 A,B",中庭大講堂,3 類,,2,,https://course.ntu.edu.tw/courses/114-2/11894
地球動力學,譚  諤,50432,Geo5022,224U0420,選修,,"二 7,8,9",,3 類,,3,,https://course.ntu.edu.tw/courses/114-2/50432
工程地質學,陳麒文,33640,Geo5029,224U0910,選修,,"四 6,7",地質313,3 類,,2,,https://course.ntu.edu.tw/courses/114-2/33640
同位素地球化學,王國龍,20056,Geo5033,224U1440,選修,,"二 3,4",地質313,2 類,,2,,https://course.ntu.edu.tw/courses/114-2/20056
地震學原理,龔源成,39640,Geo5074,224U2110,選修,,"二 2,3,4",全變403,3 類,,3,,https://course.ntu.edu.tw/courses/114-2/39640
地震學書報討論二,洪淑蕙,95120,Geo5096,224U2350,選修,,,,3 類,,2,,https://course.ntu.edu.tw/courses/114-2/95120
地球化學與岩石成因,朱美妃,46649,Geo5103,224U2420,選修,,"三 6,7",中庭大講堂,3 類,,2,,https://course.ntu.edu.tw/courses/114-2/46649
變質岩石學,羅清華,33039,Geo5108,224U2480,選修,,,,3 類,,3,,https://course.ntu.edu.tw/courses/114-2/33039
地質微生物原理與技術,林立虹,30187,Geo5114,224U2530,選修,,,,3 類,,3,,https://course.ntu.edu.tw/courses/114-2/30187
埋藏學：陰曹地府的秘密,林日白,57799,Geo5125,224U2640,選修,,"三 A,B",,3 類,,2,,https://course.ntu.edu.tw/courses/114-2/57799
地球科學繪圖,胡植慶,53386,Geo5128,224U2660,選修,,"三 2,3,4",全變403,3 類,,3,,https://course.ntu.edu.tw/courses/114-2/53386
水質分析,溫良碩,54489,Geo5153,224U2910,選修,,"四 8,9",地質212,3 類,,2,,https://course.ntu.edu.tw/courses/114-2/54489
沉積學,徐澔德,21882,Geo5159,224U2970,選修,,"二 8,9",地質212,2 類,,2,,https://course.ntu.edu.tw/courses/114-2/21882
高等地熱學,郭陳澔,25986,Geo5182,224U3200,選修,,"一 10,A,B",中庭大講堂,3 類,,3,,https://course.ntu.edu.tw/courses/114-2/25986
地震層析成像的板塊三維構造重建與解釋（含實習）,陳奕維,49658,Geo5183,224U3210,選修,,"二 6,7",,3 類,,2,,https://course.ntu.edu.tw/courses/114-2/49658
化石清修、復原與薄片製作,林日白,20742,Geo5184,224U3220,選修,,,,3 類,,1,,https://course.ntu.edu.tw/courses/114-2/20742
板塊運動與地球演化,吳宗叡,46853,Geo5185,224U3230,選修,,"三 3,4,5",地質212,2 類,,3,,https://course.ntu.edu.tw/courses/114-2/46853
受污染環境中水–岩相互作用之地球化學,宇都宮聡,95121,Geo5186,224U3240,選修,,"二 3,4",地質212,3 類,,2,,https://course.ntu.edu.tw/courses/114-2/95121
專題討論二,龔源成,37379,Geo7008,224M0130,必修,,"五 6,7",中庭大講堂,1 類,,1,,https://course.ntu.edu.tw/courses/114-2/37379
高等野外地質學,洪淑蕙,14986,Geo7027,224M1410,選修,,,,1 類,,2,,https://course.ntu.edu.tw/courses/114-2/14986
高等野外地質學,羅清華,95143,Geo7027,224M1410,選修,,,,2 類,,2,,https://course.ntu.edu.tw/courses/114-2/95143
碩士論文,,29401,Geo7999,224M0010,必修,,,,1 類,,0,,https://course.ntu.edu.tw/courses/114-2/29401
專題討論二,陳奕維,43040,Geo8002,224D0050,必修,,"五 3,4",,1 類,,1,,https://course.ntu.edu.tw/courses/114-2/43040
礦物學特論一,洪淑蕙,29944,Geo8003,224D1210,選修,,,,1 類,,3,,https://course.ntu.edu.tw/courses/114-2/29944
構造地質學特論二,洪淑蕙,48131,Geo8014,224D1720,選修,,,,1 類,,3,,https://course.ntu.edu.tw/courses/114-2/48131
地球物理學特論二,洪淑蕙,40757,Geo8018,224D1920,選修,,,,3 類,,3,,https://course.ntu.edu.tw/courses/114-2/40757
地震預警特論,吳逸民,58701,Geo8022,224D1960,選修,,,,3 類,,3,,https://course.ntu.edu.tw/courses/114-2/58701
碳酸鹽鈾系定年特論,沈川洲,10975,Geo8024,224D1980,選修,,,,1 類,,3,,https://course.ntu.edu.tw/courses/114-2/10975
博士論文,,31438,Geo8999,224D0010,必修,,,,1 類,,0,,https://course.ntu.edu.tw/courses/114-2/31438
地圖與地理資訊系統,莊昀叡,17366,Geog1026,20811610,必帶 / 選修,,"五 7,8,9",地理電腦室,2 類,,3,,https://course.ntu.edu.tw/courses/114-2/17366
程式設計,亞歷山卓,16172,Geog1027,20811510,必帶 / 必修,,"四 7,8,9",地理電腦室,2 類,,3,,https://course.ntu.edu.tw/courses/114-2/16172
氣候學及實習,莊振義,34624,Geog2002,20821500,必帶 / 必修,,"一 2,3,4",地理305,2 類,,3,,https://course.ntu.edu.tw/courses/114-2/34624
文化、社會與自然,黃宗儀,11027,Geog2015,20826820,必帶,,"二 7,8,9",地理305,2 類,,3,,https://course.ntu.edu.tw/courses/114-2/11027
空間分析,溫在弘,40222,Geog2017,20826830,必帶 / 選修,,"一 7,8,9",地理305,2 類,,3,,https://course.ntu.edu.tw/courses/114-2/40222
區域地理,簡旭伸,16365,Geog3024,20834150,必帶,,"五 7,8,9",地理一教室,2 類,,3,,https://course.ntu.edu.tw/courses/114-2/16365
環境生態學,李美慧,20521,Geog3026,20839500,選修,,"五 7,8,9",地理二教室,2 類,,3,,https://course.ntu.edu.tw/courses/114-2/20521
學士論文下,黃誌川,26859,Geog4023,20840402,選修,,,,2 類,,1,,https://course.ntu.edu.tw/courses/114-2/26859
學士論文下,黃倬英,18483,Geog4023,20840402,選修,,,,2 類,,1,,https://course.ntu.edu.tw/courses/114-2/18483
學士論文下,洪伯邑,52593,Geog4023,20840402,選修,,,,2 類,,1,,https://course.ntu.edu.tw/courses/114-2/52593
學士論文下,翁  葳,18849,Geog4023,20840402,選修,,,,2 類,,1,,https://course.ntu.edu.tw/courses/114-2/18849
環境變遷與疾病,李美慧,26073,Geog5032,228U1650,選修,,"二 7,8,9",地理二教室,2 類,,3,,https://course.ntu.edu.tw/courses/114-2/26073
雷達遙測一,莊昀叡,32956,Geog5052,228U2500,選修,,,,2 類,,3,,https://course.ntu.edu.tw/courses/114-2/32956
政治生態學概論,洪伯邑,42445,Geog5088,228U3130,選修,,"四 7,8,9",地理二教室,2 類,,3,,https://course.ntu.edu.tw/courses/114-2/42445
環境史導論,洪廣冀,48392,Geog5098,228U3180,選修,,"三 7,8,9",地理二教室,2 類,,3,,https://course.ntu.edu.tw/courses/114-2/48392
自然災害專題與海外實察,莊昀叡,42975,Geog5141,228U3540,選修,,,,2 類,,3,,https://course.ntu.edu.tw/courses/114-2/42975
經濟地理,陳良治,35354,Geog5142,228U3560,選修,,"四 7,8,9",地理一教室,2 類,,3,,https://course.ntu.edu.tw/courses/114-2/35354
環境水文學及實習,黃誌川,11490,Geog5147,228U3600,選修,,"三 2,3,4",地理405,2 類,,3,,https://course.ntu.edu.tw/courses/114-2/11490
野外地形學,楊啟見,51190,Geog5157,228U3700,選修,,"一 A,B,C",地理二教室,2 類,,3,,https://course.ntu.edu.tw/courses/114-2/51190
地緣政治學導論,徐進鈺,49430,Geog5158,228U3710,選修,,"一 7,8,9",地理405,2 類,,3,,https://course.ntu.edu.tw/courses/114-2/49430
都市地理學,徐進鈺,49177,Geog5159,228U3720,選修,,"五 2,3,4",地理405,2 類,,3,,https://course.ntu.edu.tw/courses/114-2/49177
專題討論二,黃誌川,54104,Geog7002,228M0060,必修,,"二 2,3,4",地理305,2 類,,1,,https://course.ntu.edu.tw/courses/114-2/54104
臺灣地形野外調查,莊昀叡,57600,Geog7129,228M9720,選修,,,,2 類,,3,,https://course.ntu.edu.tw/courses/114-2/57600
空間分析,溫在弘,11899,Geog7130,228M9730,選修,,"一 7,8,9",,2 類,,3,,https://course.ntu.edu.tw/courses/114-2/11899
碩士論文,,17375,Geog7999,228M0010,必修,,,,1 類,,0,,https://course.ntu.edu.tw/courses/114-2/17375
專題討論二,黃誌川,38166,Geog8003,228D0080,選修,,"二 2,3,4",,2 類,,1,,https://course.ntu.edu.tw/courses/114-2/38166
博士論文,,52995,Geog8999,228D0010,必修,,,,1 類,,0,,https://course.ntu.edu.tw/courses/114-2/52995
腦與心智專題討論,黃憲松,52695,GIBMS7001,454M0020,必修 / 選修,,"二 3,4",基醫403,2 類,,1,,https://course.ntu.edu.tw/courses/114-2/52695
碩士論文,,49401,GIBMS7006,454M0010,必修,,,,1 類,,0,,https://course.ntu.edu.tw/courses/114-2/49401
體感覺神經科學,曾明宗,59474,GIBMS7010,454M0320,選修,,,,2 類,,2,,https://course.ntu.edu.tw/courses/114-2/59474
神經網路,吳恩賜,13315,GIBMS7015,454M0390,選修,,"五 2,3,4",基醫508,3 類,,3,,https://course.ntu.edu.tw/courses/114-2/13315
神經迴路與行為-進階篇,姚皓傑,14161,GIBMS7017,454M0420,選修,,"四 3,4",基1203,3 類,,2,,https://course.ntu.edu.tw/courses/114-2/14161
神經迴路研究：新進展與新觀點下,姚皓傑,55375,GIBMS7019,454M0432,選修,,四 A,基1203,2 類,,1,,https://course.ntu.edu.tw/courses/114-2/55375
腦數據分析技術,吳恩賜,30656,GIBMS7021,454M0100,選修,,"五 6,7,8",基醫508,3 類,,3,,https://course.ntu.edu.tw/courses/114-2/30656
小腦神經科學,趙元新,11466,GIBMS7023,454M0510,選修,,"一 7,8",共104,1 類,,2,,https://course.ntu.edu.tw/courses/114-2/11466
老化分子神經生物學,王培育,35195,GIBMS7110,454M0110,選修,,"一 3,4",基1203,2 類,,2,,https://course.ntu.edu.tw/courses/114-2/35195
神經表觀遺傳學,黃憲松,14390,GIBMS7111,454M0210,選修,,"五 3,4",基1203,2 類,,2,,https://course.ntu.edu.tw/courses/114-2/14390
專題研究下,黃憲松,22137,GIBMS7113,454M0322,選修,,,,2 類,,2,,https://course.ntu.edu.tw/courses/114-2/22137
認知科學書報討論,吳恩賜,42094,GIBMS7114,454M0330,選修,,"二 6,7",基1203,3 類,,2,,https://course.ntu.edu.tw/courses/114-2/42094
健康政策,吳舜文,27337,GIPA5006,343U0180,選修,,"五 3,4",社科研606,2 類,,2,,https://course.ntu.edu.tw/courses/114-2/27337
公共管理,劉康慧,32587,GIPA7006,343M0060,必修,,"四 6,7",社科306,2 類,,2,,https://course.ntu.edu.tw/courses/114-2/32587
公共預算與財政專題,郭乃菱,55861,GIPA7010,343M0110,必修,,"三 6,7",社科306,2 類,,2,,https://course.ntu.edu.tw/courses/114-2/55861
都市永續發展治理專題,黃建實,48336,GIPA7019,343M0200,選修,,"一 6,7",,2 類,,2,,https://course.ntu.edu.tw/courses/114-2/48336
政策網絡與環境治理專題,黃建實,35969,GIPA7020,343M0210,選修,,"二 6,7,8",,2 類,,3,,https://course.ntu.edu.tw/courses/114-2/35969
政策網絡與環境治理專題,黃建實,12538,GIPA7020,343M0210,選修,,"二 6,7,8",,2 類,,3,,https://course.ntu.edu.tw/courses/114-2/12538
全球氣候政治與能源轉型治理,林子倫,21164,GIPA7021,343M0220,選修,,"二 3,4",社科研604,1 類,,2,,https://course.ntu.edu.tw/courses/114-2/21164
法管制理論專題,李仲軒,20591,GIPA7022,343M0230,選修,,"五 6,7",社科研607,1 類,,2,,https://course.ntu.edu.tw/courses/114-2/20591
碩士論文,,19530,GIPA7999,343M0010,必修,,,,1 類,,0,,https://course.ntu.edu.tw/courses/114-2/19530
碩士論文,沈湯龍,53460,Gipntu7018,459M0010,必修,,,,1 類,,0,,https://course.ntu.edu.tw/courses/114-2/53460
生物創業培訓,饒梓明,31227,Gipntu7019,459M0190,選修,,"一 3,4",基醫505,2 類,,2,,https://course.ntu.edu.tw/courses/114-2/31227
生醫與農業科技專討 II,饒梓明,18919,Gipntu7020,459M0200,選修,,一 2,,2 類,,1,,https://course.ntu.edu.tw/courses/114-2/18919
生醫與農業科技之研發II,沈湯龍,29066,Gipntu7021,459M0210,選修,,,,2 類,,2,,https://course.ntu.edu.tw/courses/114-2/29066
生化轉譯訓練營,李財坤,20719,Gipntu7022,459M0220,選修,,"三 9,10",綜401,1 類,,2,,https://course.ntu.edu.tw/courses/114-2/20719
場域與實驗室研究之融合,沈湯龍,31606,Gipntu7023,459M0230,選修,,,,2 類,,3,,https://course.ntu.edu.tw/courses/114-2/31606
實習課(臺灣) I,沈湯龍,32149,Gipntu7024,459M0240,選修,,,,2 類,,3,,https://course.ntu.edu.tw/courses/114-2/32149
實習一,沈湯龍,48747,Gipntu7038,459M0380,選修,,,,1 類,,3,,https://course.ntu.edu.tw/courses/114-2/48747
實習二,沈湯龍,35785,Gipntu7039,459M0390,選修,,,,1 類,,3,,https://course.ntu.edu.tw/courses/114-2/35785
實習三,沈湯龍,50171,Gipntu7040,459M0400,選修,,,,1 類,,3,,https://course.ntu.edu.tw/courses/114-2/50171
實習四,沈湯龍,10598,Gipntu7041,459M0410,選修,,,,1 類,,3,,https://course.ntu.edu.tw/courses/114-2/10598
實習五,沈湯龍,59678,Gipntu7042,459M0420,選修,,,,1 類,,3,,https://course.ntu.edu.tw/courses/114-2/59678
人工智慧及深度機器學習之生醫藥產業應用,李財坤,10255,Gipntu7045,459M0450,選修,,"五 8,9,10",基醫402,1 類,,3,,https://course.ntu.edu.tw/courses/114-2/10255
諾貝爾生醫獎得主的啟示,饒梓明,21391,Gipntu7053,459M0530,,,"二 2,3,4",綜301,3 類,,3,,https://course.ntu.edu.tw/courses/114-2/21391
生活中的科技原理,饒梓明,17132,Gipntu7054,459M0540,,,"四 2,3,4",共204,3 類,,3,,https://course.ntu.edu.tw/courses/114-2/17132
生物科技與道德反思,饒梓明,41817,Gipntu7055,459M0550,,,"四 6,7,8",共101,3 類,,3,,https://course.ntu.edu.tw/courses/114-2/41817
投資分析實務,陳敏晴,58498,GMBA5026,749U0190,選修,,"六 6,7,8,9",,2 類,,1,,https://course.ntu.edu.tw/courses/114-2/58498
全球創業資金與永續經營,謝源弘,38665,GMBA5032,749U0250,選修,,"一 7,8,9",管一102,2 類,,3,,https://course.ntu.edu.tw/courses/114-2/38665
創業與創新,曹承礎,25291,GMBA7032,749M0580,選修,,"三 2,3,4",管二303,2 類,,3,,https://course.ntu.edu.tw/courses/114-2/25291
策略管理,韓廷允,57870,GMBA7100,749M1220,必修,,"三 A,B,C",重光講堂,2 類,,3,,https://course.ntu.edu.tw/courses/114-2/57870
全球觀點之策略結盟管理,韓廷允,14489,GMBA7113,749M1350,選修,,"四 7,8,9",管一203,2 類,,3,,https://course.ntu.edu.tw/courses/114-2/14489
平臺策略,孔令傑,56895,GMBA7129,749M1480,選修,,"六 6,7,8,9",,2 類,,2,,https://course.ntu.edu.tw/courses/114-2/56895
賽局理論與商業決策,馮勃翰,24891,GMBA7130,749M1490,選修,,,,2 類,,2,,https://course.ntu.edu.tw/courses/114-2/24891
危機處理,堯里昂,18487,GMBA7132,749M1510,選修,,"四 2,3,4",管一402,2 類,,3,,https://course.ntu.edu.tw/courses/114-2/18487
葡萄酒與烈酒文化產業,陳千浩,25002,GMBA7137,749M1560,選修,,,,2 類,,2,,https://course.ntu.edu.tw/courses/114-2/25002
從財務到策略,李鐘培,25188,GMBA7140,749M1590,選修,,"六 2,3,4,5",,2 類,,1,,https://course.ntu.edu.tw/courses/114-2/25188
亞洲半導體產業於全球晶片競賽之致勝策略,謝冠雄,12231,GMBA7143,749M1620,選修,,"六 2,3,4,5",管一402,2 類,,1,,https://course.ntu.edu.tw/courses/114-2/12231
全球品牌策略與管理,簡睿哲,53660,GMBA7145,749M1640,選修,,"三 7,8,9",管一402,2 類,,3,,https://course.ntu.edu.tw/courses/114-2/53660
AI商業應用,金聖洙,21856,GMBA7150,749M1690,選修,,"五 2,3,4",管一402,2 類,,3,,https://course.ntu.edu.tw/courses/114-2/21856
ESG投資,堯里昂,44645,GMBA7152,749M1710,選修,,"二 7,8,9",管一402,2 類,,3,,https://course.ntu.edu.tw/courses/114-2/44645
管理實務講座,簡睿哲,49014,GMBA7155,749M1740,選修,,"六 2,3,4,5,6,7,8,9",,2 類,,3,,https://course.ntu.edu.tw/courses/114-2/49014
文化多樣性與跨文化管理,何春盛,30822,GMBA7156,749M1750,選修,,,,2 類,,1,,https://course.ntu.edu.tw/courses/114-2/30822
碩士論文,,27062,GMBA7999,749M0010,必修,,,,1 類,,0,,https://course.ntu.edu.tw/courses/114-2/27062
科幻文本翻譯與評析,趙恬儀,23189,GPTI5002,147U0020,選修,,"二 7,8,9",博雅307,2 類,,3,,https://course.ntu.edu.tw/courses/114-2/23189
英中科學翻譯,潘信宇,11114,GPTI5036,147U0360,選修,,"三 6,7",博雅307,2 類,,2,,https://course.ntu.edu.tw/courses/114-2/11114
財經與國際新聞翻譯,潘信宇,28361,GPTI5039,147U0390,選修,,"三 3,4",博雅307,2 類,,2,,https://course.ntu.edu.tw/courses/114-2/28361
文學翻譯實務,馬耀民,10806,GPTI5040,147U0400,選修,,"一 7,8,9",博雅204,2 類,,3,,https://course.ntu.edu.tw/courses/114-2/10806
碩士論文,,46070,GPTI7001,147M0010,必修,,,,1 類,,0,,https://course.ntu.edu.tw/courses/114-2/46070
專題研究,孔思文,43785,GPTI7005,147M0050,必修,,,,2 類,,1,,https://course.ntu.edu.tw/courses/114-2/43785
專題研究,孔思文,52874,GPTI7005,147M0050,必修,,,,2 類,,1,,https://course.ntu.edu.tw/courses/114-2/52874
專題研究,劉敏華,43582,GPTI7005,147M0050,必修,,,,2 類,,1,,https://course.ntu.edu.tw/courses/114-2/43582
專題研究,陳榮彬,39353,GPTI7005,147M0050,必修,,,,2 類,,1,,https://course.ntu.edu.tw/courses/114-2/39353
專題研究,范家銘,16728,GPTI7005,147M0050,必修,,,,2 類,,1,,https://course.ntu.edu.tw/courses/114-2/16728
翻譯產業概論,范家銘,40338,GPTI7006,147M0060,必修,,"五 7,8,9",博雅406,2 類,,3,,https://course.ntu.edu.tw/courses/114-2/40338
專業翻譯實習(二),孔思文,27047,GPTI7106,147M1060,必修,,,,2 類,,1,,https://course.ntu.edu.tw/courses/114-2/27047
專業翻譯實習(二),陳榮彬,29272,GPTI7106,147M1060,必修,,,,2 類,,1,,https://course.ntu.edu.tw/courses/114-2/29272
專業翻譯實習(二),蔡毓芬,50227,GPTI7106,147M1060,必修,,,,2 類,,1,,https://course.ntu.edu.tw/courses/114-2/50227
專業翻譯實習(三),孔思文,41169,GPTI7107,147M1070,必修,,,,2 類,,1,,https://course.ntu.edu.tw/courses/114-2/41169
專業翻譯實習(三),陳榮彬,15748,GPTI7107,147M1070,必修,,,,2 類,,1,,https://course.ntu.edu.tw/courses/114-2/15748
專業翻譯實習(三),趙恬儀,36694,GPTI7107,147M1070,必修,,,,2 類,,1,,https://course.ntu.edu.tw/courses/114-2/36694
同步口譯入門,吳敏嘉,53516,GPTI7204,147M2040,必修,,"四 7,8,9",外教305,2 類,,2,,https://course.ntu.edu.tw/courses/114-2/53516
口譯研究方法,吳茵茵,39309,GPTI7207,147M2070,必修,,"三 7,8,9",文19,2 類,,3,,https://course.ntu.edu.tw/courses/114-2/39309
基礎逐步口譯(英譯中),吳茵茵,24213,GPTI7213,147M2130,必修,,"三 2,3,4",博雅309,2 類,,3,,https://course.ntu.edu.tw/courses/114-2/24213
基礎逐步口譯(中譯英),范家銘,56553,GPTI7214,147M2140,必修,,"一 2,3,4",人文B208,2 類,,3,,https://course.ntu.edu.tw/courses/114-2/56553
社科翻譯,孔思文,51540,GPTI7318,147M3180,選修,,"四 7,8,9",綜606,2 類,,3,,https://course.ntu.edu.tw/courses/114-2/51540
筆譯實習(一),孔思文,46686,GPTI7415,147M4150,選修,,,,2 類,,1,,https://course.ntu.edu.tw/courses/114-2/46686
筆譯實習(一),吳敏嘉,31895,GPTI7415,147M4150,選修,,,,2 類,,1,,https://course.ntu.edu.tw/courses/114-2/31895
筆譯實習(一),蔡毓芬,45241,GPTI7415,147M4150,選修,,,,2 類,,1,,https://course.ntu.edu.tw/courses/114-2/45241
筆譯實習(二),蔡毓芬,42996,GPTI7416,147M4160,選修,,,,2 類,,1,,https://course.ntu.edu.tw/courses/114-2/42996
筆譯實習(二),陳榮彬,10813,GPTI7416,147M4160,選修,,,,2 類,,1,,https://course.ntu.edu.tw/courses/114-2/10813
口譯專題：專業考試,范家銘,34400,GPTI7417,147M4170,選修,,"一 8,9",外教305,2 類,,2,,https://course.ntu.edu.tw/courses/114-2/34400
進階逐步口譯,范家銘,22661,GPTI7421,147M4210,選修,,"一 7 / 二 7,8,9",外教305,2 類,,4,,https://course.ntu.edu.tw/courses/114-2/22661
進階同步口譯,范家銘,58507,GPTI7422,147M4220,選修,,"一 6 / 二 2,3,4",外教305,2 類,,4,,https://course.ntu.edu.tw/courses/114-2/58507
翻譯科技：語料庫,徐嘉煜,53388,GPTI7502,147M5020,選修,,"三 3,4",人文B208,2 類,,2,,https://course.ntu.edu.tw/courses/114-2/53388
翻譯科技：專案管理,蔡毓芬,24561,GPTI7503,147M5030,選修,,"五 5,6",博雅406,2 類,,2,,https://course.ntu.edu.tw/courses/114-2/24561
電路學,金藝璘,31808,GUPS1003,H0610030,必帶,,"一 2,3,4",綜201,2 類,,3,,https://course.ntu.edu.tw/courses/114-2/31808
電路學實驗,金藝璘,33361,GUPS1004,H0610040,必帶,,"三 2,3,4",,2 類,,1,,https://course.ntu.edu.tw/courses/114-2/33361
固態電子學,秦逸群,32609,GUPS2005,H0620050,必帶,,"二 2,3,4",綜202,2 類,,3,,https://course.ntu.edu.tw/courses/114-2/32609
積體電路設計,王信博,50297,GUPS2006,H0620060,必修,,"四 6,7,8",博雅307,2 類,,3,,https://course.ntu.edu.tw/courses/114-2/50297
材料科學導論,阮俊興,24663,GUPS2007,H0620070,必修,,"五 6,7,8",綜202,2 類,,3,,https://course.ntu.edu.tw/courses/114-2/24663
青少年健康及健康行為,張齡尹,50300,HBCS5006,850U0060,選修,,"一 3,4",公衛209,1 類,,2,,https://course.ntu.edu.tw/courses/114-2/50300
多階層研究方法與設計,陳端容,34443,HBCS7006,850M0070,選修,,"三 3,4",公衛209,1 類,,2,,https://course.ntu.edu.tw/courses/114-2/34443
社區健康營造,陳端容,44775,HBCS7016,850M0170,必修 / 選修,,"二 6,7,8",公衛209,1 類,,3,,https://course.ntu.edu.tw/courses/114-2/44775
公共衛生質性研究,官晨怡,48595,HBCS7021,850M0220,選修,,"四 6,7,8",公衛648(原601,2 類,,3,,https://course.ntu.edu.tw/courses/114-2/48595
社群媒體與健康,黃柏堯,49815,HBCS7031,850M0320,選修,,"二 3,4",公衛210,2 類,,2,,https://course.ntu.edu.tw/courses/114-2/49815
碩士論文,,13090,HBCS7999,850M0010,必修,,,,1 類,,0,,https://course.ntu.edu.tw/courses/114-2/13090
遺傳資料統計分析,馮嬿臻,39233,HDAS5001,855U0010,選修,,"二 6,7",公衛105,3 類,,2,,https://course.ntu.edu.tw/courses/114-2/39233
重複測量統計分析,林菀俞,23058,HDAS5002,855U0020,選修,,"四 6,7",公衛212,2 類,,2,,https://course.ntu.edu.tw/courses/114-2/23058
遺傳資料統計分析實作,馮嬿臻,21557,HDAS5006,855U0060,選修,,二 8,公衛105,3 類,,1,,https://course.ntu.edu.tw/courses/114-2/21557
碩士論文,,58568,HDAS7001,855M0010,必修,,,,1 類,,0,,https://course.ntu.edu.tw/courses/114-2/58568
健康數據拓析統計專題討論 M2,馮嬿臻,29907,HDAS7003,855M0030,必修,,"二 3,4",公衛215,3 類,,1,,https://course.ntu.edu.tw/courses/114-2/29907
統計與機器學習,王彥雯,41767,HDAS7004,855M0040,必修 / 選修,,"三 2,3,4",公衛211,2 類,,3,,https://course.ntu.edu.tw/courses/114-2/41767
精準健康拓析統計方法,盧子彬,17868,HDAS7005,855M0050,選修,,"四 3,4",公衛214,3 類,,2,,https://course.ntu.edu.tw/courses/114-2/17868
服務學習甲,陳慧宏,59226,Hist0007,103001G0,選修,,四 6,文18,2 類,,1,,https://course.ntu.edu.tw/courses/114-2/59226
服務學習乙,陳慧宏,19039,Hist0008,103001H0,選修,,,,2 類,,1,,https://course.ntu.edu.tw/courses/114-2/19039
史學導論,許雅惠,33761,Hist1004,10314100,必帶,,"五 2,3,4",普301,2 類,,3,,https://course.ntu.edu.tw/courses/114-2/33761
史學導論,傅  揚,51726,Hist1004,10314100,必帶,,"五 2,3,4",普306,2 類,,3,,https://course.ntu.edu.tw/courses/114-2/51726
中國史二,韓承樺,14841,Hist1010,10310140,必帶,,"一 6,7,8",普203,2 類,,3,,https://course.ntu.edu.tw/courses/114-2/14841
世界史二,陳慧宏,47205,Hist1014,10310160,必帶,,"三 2,3,4",博雅202,2 類,,3,,https://course.ntu.edu.tw/courses/114-2/47205
臺灣史二,陳翠蓮,32860,Hist1016,10310180,必帶 / 選修,,"二 7,8,9",普203,2 類,,3,,https://course.ntu.edu.tw/courses/114-2/32860
歷史、醫療與社會,張嘉鳳,14622,Hist1511,10340270,,,"五 7,8",文16,2 類,,2,,https://course.ntu.edu.tw/courses/114-2/14622
海峽兩岸關係史二,李君山,16960,Hist1537,10351150,,,"二 6,7",博雅101/華南講堂,2 類,,2,,https://course.ntu.edu.tw/courses/114-2/16960
海峽兩岸關係史二,李君山,34837,Hist1537,10351150,,,"五 3,4",博雅202,2 類,,2,,https://course.ntu.edu.tw/courses/114-2/34837
臺灣歷史與人物,歐素瑛,24289,Hist1541,10351230,,,"三 8,9",博雅201,3 類,,2,,https://course.ntu.edu.tw/courses/114-2/24289
東亞海域與臺灣,李文良,12469,Hist1570,10351820,,,"二 3,4",普102,3 類,,2,,https://course.ntu.edu.tw/courses/114-2/12469
現代中國與世界：1911-1979,王遠義,40513,Hist1591,10351860,,,"二 8,9,10",博雅101/華南講堂,2 類,,3,,https://course.ntu.edu.tw/courses/114-2/40513
中國古代思想史,吳展良,52072,Hist1621,10353210,,,"二 8,9",普101,3 類,,2,,https://course.ntu.edu.tw/courses/114-2/52072
與莎士比亞一起學英國史,林美香,22634,Hist1622,10353220,,,"二 6,7,8",博雅103,2 類,,3,,https://course.ntu.edu.tw/courses/114-2/22634
戰後臺灣史與轉型正義,吳俊瑩,15275,Hist1632,10353360,,,"三 6,7,8",普103,3 類,,3,,https://course.ntu.edu.tw/courses/114-2/15275
歷史理論入門,宋家復,35936,Hist2049,10325850,選修,,"四 2,3,4",歷史研討室,2 類,,3,,https://course.ntu.edu.tw/courses/114-2/35936
中國傳統法律、文化與社會,陳俊強,17453,Hist2104,10351660,,,"四 7,8,9",博雅102,2 類,,3,,https://course.ntu.edu.tw/courses/114-2/17453
戰後台灣史,歐素瑛,14555,Hist2109,10351890,,,"三 6,7",博雅201,3 類,,2,,https://course.ntu.edu.tw/courses/114-2/14555
中國經濟史,傅  揚,48335,Hist2123,10310490,必修 / 選修,,"二 2,3,4",普204,2 類,,3,,https://course.ntu.edu.tw/courses/114-2/48335
中國史學史,閻鴻中,25279,Hist2125,10310510,必修 / 選修,,"四 6,7,8",博雅201,2 類,,3,,https://course.ntu.edu.tw/courses/114-2/25279
日本史,郭珮君,16245,Hist2140,10310660,必修 / 選修,,"四 3,4,5",綜502,2 類,,3,,https://course.ntu.edu.tw/courses/114-2/16245
近代臺灣城市史,呂紹理,22351,Hist2152,10310770,必修 / 選修,,"三 2,3,4",博雅312,2 類,,3,,https://course.ntu.edu.tw/courses/114-2/22351
清代臺灣開發史,李文良,30820,Hist2153,10310780,必修 / 選修,,"三 3,4",普404,3 類,,2,,https://course.ntu.edu.tw/courses/114-2/30820
日治臺灣社會文化史,顏杏如,26866,Hist2154,10310790,必修 / 選修,,"三 7,8,9",普303,2 類,,3,,https://course.ntu.edu.tw/courses/114-2/26866
戰後臺灣政治史,吳俊瑩,25524,Hist2155,10310800,必修 / 選修,,"二 6,7,8",普102,2 類,,3,,https://course.ntu.edu.tw/courses/114-2/25524
義大利文藝復興藝術史二,花亦芬,48971,Hist2157,10325820,選修,,"二 6,7",博雅206,2 類,,2,,https://course.ntu.edu.tw/courses/114-2/48971
中國古代的醫療與文化,張嘉鳳,21490,Hist2158,10325830,選修,,"五 3,4",文19,2 類,,2,,https://course.ntu.edu.tw/courses/114-2/21490
中國近代史,羅士傑,54578,Hist2174,10320200,必修 / 選修,,"一 6,7,8",博雅302,2 類,,3,,https://course.ntu.edu.tw/courses/114-2/54578
二十世紀德國史,花亦芬,34245,Hist2190,10310910,選修,,"一 6,7,8",博雅312,2 類,,3,,https://course.ntu.edu.tw/courses/114-2/34245
宋遼金史,方震華,13392,Hist2225,10310450,必修 / 選修,,"五 2,3,4",普406,2 類,,3,,https://course.ntu.edu.tw/courses/114-2/13392
數位時代的歷史敘事,陳翠蓮,24415,Hist2237,10353350,必修 / 選修,,"三 7,8,9",普204,2 類,,3,,https://course.ntu.edu.tw/courses/114-2/24415
婦女與性別研究導論,衣若蘭,22566,Hist2239,10333610,選修,,"五 6,7,8",,2 類,,3,,https://course.ntu.edu.tw/courses/114-2/22566
近代早期法國婦女史,秦曼儀,34064,Hist3133,10352770,選修,,"三 4,5",博雅305,2 類,,2,,https://course.ntu.edu.tw/courses/114-2/34064
韓國近代史,長谷川正人,59976,Hist3145,10353020,選修,,"四 3,4,5",博雅305,2 類,,3,,https://course.ntu.edu.tw/courses/114-2/59976
社會領域課程概論,衣若蘭,44374,Hist4201,10370100,選修,,"五 3,4",文18,2 類,,2,,https://course.ntu.edu.tw/courses/114-2/44374
專題討論二,呂紹理,22458,Hist4992,10300520,選修,,,,2 類,,1,,https://course.ntu.edu.tw/courses/114-2/22458
專題討論二,張嘉鳳,20429,Hist4992,10300520,選修,,,,2 類,,1,,https://course.ntu.edu.tw/courses/114-2/20429
專題討論二,方震華,19415,Hist4992,10300520,選修,,,,2 類,,1,,https://course.ntu.edu.tw/courses/114-2/19415
專題討論二,許雅惠,20253,Hist4992,10300520,選修,,,,2 類,,1,,https://course.ntu.edu.tw/courses/114-2/20253
專題討論二,顏杏如,34946,Hist4992,10300520,選修,,,,2 類,,1,,https://course.ntu.edu.tw/courses/114-2/34946
專題討論二,秦曼儀,56468,Hist4992,10300520,選修,,,,2 類,,1,,https://course.ntu.edu.tw/courses/114-2/56468
專題討論二,劉巧楣,95100,Hist4992,10300520,選修,,,,2 類,,1,,https://course.ntu.edu.tw/courses/114-2/95100
學士論文,,56782,Hist4997,10300500,選修,,,,1 類,,4,,https://course.ntu.edu.tw/courses/114-2/56782
文史通義選讀,宋家復,48368,Hist5093,123U9100,選修,,"三 2,3,4",歷史研討室,2 類,,3,,https://course.ntu.edu.tw/courses/114-2/48368
中國司法社會史,長谷川正人,33334,Hist5126,123U9420,選修,,"五 3,4,5",博雅305,2 類,,3,,https://course.ntu.edu.tw/courses/114-2/33334
漢文世界的歷史,甘懷真,20666,Hist5407,123U9480,選修,,"二 8,9",博雅203,2 類,,2,,https://course.ntu.edu.tw/courses/114-2/20666
文化資產的歷史學,陳冠妃,39271,Hist5413,123U9540,必修 / 選修,,"二 7,8,9",博雅309,2 類,,3,,https://course.ntu.edu.tw/courses/114-2/39271
十九世紀藝術二,劉巧楣,36108,Hist5418,123U9590,選修,,"五 2,3,4",博雅308,2 類,,3,,https://course.ntu.edu.tw/courses/114-2/36108
東亞佛教史,郭珮君,12195,Hist5424,123U9650,必修 / 選修,,"二 3,4,5",博雅302,2 類,,3,,https://course.ntu.edu.tw/courses/114-2/12195
二十世紀歐洲史專題,劉巧楣,44150,Hist5435,123U9770,選修,,"五 6,7,8",博雅308,2 類,,3,,https://course.ntu.edu.tw/courses/114-2/44150
專題研究,陳慧宏,30168,Hist7001,123M0040,選修,,,,2 類,,1,,https://course.ntu.edu.tw/courses/114-2/30168
專題研究,甘懷真,36873,Hist7001,123M0040,選修,,,,2 類,,1,,https://course.ntu.edu.tw/courses/114-2/36873
專題研究,甘懷真,44157,Hist7001,123M0040,選修,,,,2 類,,1,,https://course.ntu.edu.tw/courses/114-2/44157
專題研究,呂紹理,31385,Hist7001,123M0040,選修,,,,2 類,,1,,https://course.ntu.edu.tw/courses/114-2/31385
專題研究,陳翠蓮,29013,Hist7001,123M0040,選修,,,,2 類,,1,,https://course.ntu.edu.tw/courses/114-2/29013
專題研究,陳翠蓮,21365,Hist7001,123M0040,選修,,,,2 類,,1,,https://course.ntu.edu.tw/courses/114-2/21365
專題研究,張嘉鳳,41855,Hist7001,123M0040,選修,,,,2 類,,1,,https://course.ntu.edu.tw/courses/114-2/41855
專題研究,方震華,37362,Hist7001,123M0040,選修,,,,2 類,,1,,https://course.ntu.edu.tw/courses/114-2/37362
專題研究,方震華,29387,Hist7001,123M0040,選修,,,,2 類,,1,,https://course.ntu.edu.tw/courses/114-2/29387
專題研究,衣若蘭,28008,Hist7001,123M0040,選修,,,,2 類,,1,,https://course.ntu.edu.tw/courses/114-2/28008
專題研究,劉巧楣,56344,Hist7001,123M0040,選修,,,,2 類,,1,,https://course.ntu.edu.tw/courses/114-2/56344
專題研究,王遠義,52440,Hist7001,123M0040,選修,,,,2 類,,1,,https://course.ntu.edu.tw/courses/114-2/52440
專題研究,許雅惠,15243,Hist7001,123M0040,選修,,,,2 類,,1,,https://course.ntu.edu.tw/courses/114-2/15243
專題研究,許雅惠,59954,Hist7001,123M0040,選修,,,,2 類,,1,,https://course.ntu.edu.tw/courses/114-2/59954
專題研究,羅士傑,34256,Hist7001,123M0040,選修,,,,2 類,,1,,https://course.ntu.edu.tw/courses/114-2/34256
專題研究,羅士傑,44300,Hist7001,123M0040,選修,,,,2 類,,1,,https://course.ntu.edu.tw/courses/114-2/44300
專題研究,顏杏如,45990,Hist7001,123M0040,選修,,,,2 類,,1,,https://course.ntu.edu.tw/courses/114-2/45990
專題研究,宋家復,15814,Hist7001,123M0040,選修,,,,2 類,,1,,https://course.ntu.edu.tw/courses/114-2/15814
專題研究,傅  揚,10328,Hist7001,123M0040,選修,,,,2 類,,1,,https://course.ntu.edu.tw/courses/114-2/10328
專題研究,長谷川正人,54648,Hist7001,123M0040,選修,,,,2 類,,1,,https://course.ntu.edu.tw/courses/114-2/54648
專題研究,陳冠妃,12284,Hist7001,123M0040,選修,,,,2 類,,1,,https://course.ntu.edu.tw/courses/114-2/12284
專題研究,韓承樺,26164,Hist7001,123M0040,選修,,,,2 類,,1,,https://course.ntu.edu.tw/courses/114-2/26164
專題研究,韓承樺,10776,Hist7001,123M0040,選修,,,,2 類,,1,,https://course.ntu.edu.tw/courses/114-2/10776
專題研究,曾寶滿,20441,Hist7001,123M0040,選修,,,,2 類,,1,,https://course.ntu.edu.tw/courses/114-2/20441
唐宋史專題,方震華,27320,Hist7038,123M1000,選修,,"二 2,3,4",歷史研討室,2 類,,3,,https://course.ntu.edu.tw/courses/114-2/27320
中國中古文化與思想專題,陳弱水,22604,Hist7119,123M6140,選修,,"二 8,9,10",歷史研討室,2 類,,3,,https://course.ntu.edu.tw/courses/114-2/22604
臺灣總督府檔案選讀,鍾淑敏,16924,Hist7155,123M6460,選修,,"三 6,7",博雅309,2 類,,2,,https://course.ntu.edu.tw/courses/114-2/16924
近代臺灣社會生活史,呂紹理,22455,Hist7185,123M6730,選修,,"二 2,3,4",人文530,2 類,,3,,https://course.ntu.edu.tw/courses/114-2/22455
西方現代性危機與中國二,王遠義,28671,Hist7235,123M7440,選修,,"一 8,9,10",博雅308,2 類,,3,,https://course.ntu.edu.tw/courses/114-2/28671
日文史學名著選讀,顏杏如,10845,Hist7254,123M0070,選修,,"五 7,8,9",博雅312,2 類,,3,,https://course.ntu.edu.tw/courses/114-2/10845
婦女、性別與歷史研究,李貞德,25722,Hist7256,123M7630,選修,,"五 3,4",文17,2 類,,2,,https://course.ntu.edu.tw/courses/114-2/25722
碩士論文,,10511,Hist7999,123M0010,必修,,,,1 類,,0,,https://course.ntu.edu.tw/courses/114-2/10511
專題研究,陳慧宏,28555,Hist8007,123D0040,選修,,,,2 類,,1,,https://course.ntu.edu.tw/courses/114-2/28555
專題研究,甘懷真,18597,Hist8007,123D0040,選修,,,,2 類,,1,,https://course.ntu.edu.tw/courses/114-2/18597
專題研究,陳弱水,56821,Hist8007,123D0040,選修,,,,2 類,,1,,https://course.ntu.edu.tw/courses/114-2/56821
專題研究,李文良,52484,Hist8007,123D0040,選修,,,,2 類,,1,,https://course.ntu.edu.tw/courses/114-2/52484
專題研究,呂紹理,15705,Hist8007,123D0040,選修,,,,2 類,,1,,https://course.ntu.edu.tw/courses/114-2/15705
專題研究,陳翠蓮,26687,Hist8007,123D0040,選修,,,,2 類,,1,,https://course.ntu.edu.tw/courses/114-2/26687
專題研究,張嘉鳳,40382,Hist8007,123D0040,選修,,,,2 類,,1,,https://course.ntu.edu.tw/courses/114-2/40382
專題研究,方震華,58294,Hist8007,123D0040,選修,,,,2 類,,1,,https://course.ntu.edu.tw/courses/114-2/58294
專題研究,衣若蘭,38647,Hist8007,123D0040,選修,,,,2 類,,1,,https://course.ntu.edu.tw/courses/114-2/38647
專題研究,王遠義,25032,Hist8007,123D0040,選修,,,,2 類,,1,,https://course.ntu.edu.tw/courses/114-2/25032
專題研究,羅士傑,25020,Hist8007,123D0040,選修,,,,2 類,,1,,https://course.ntu.edu.tw/courses/114-2/25020
專題研究,秦曼儀,28264,Hist8007,123D0040,選修,,,,2 類,,1,,https://course.ntu.edu.tw/courses/114-2/28264
專題研究,傅  揚,40011,Hist8007,123D0040,選修,,,,2 類,,1,,https://course.ntu.edu.tw/courses/114-2/40011
當代史學,秦曼儀,14600,Hist8039,123D0060,必修,,"三 7,8,9",歷史研討室,2 類,,3,,https://course.ntu.edu.tw/courses/114-2/14600
博士論文,,56486,Hist8999,123D0010,必修,,,,1 類,,0,,https://course.ntu.edu.tw/courses/114-2/56486
園場操作與經營二,官彥州,14115,HORT1005,60810320,選修,,,,2 類,,2,,https://course.ntu.edu.tw/courses/114-2/14115
造園學,鄭佳昆,39171,HORT1012,60810330,必修,,"二 3,4",造園館R101,2 類,,2,,https://course.ntu.edu.tw/courses/114-2/39171
造園學實習,鄭佳昆,39136,HORT1013,60810340,必修,,"五 3,4,5",造園館R101,2 類,,1,,https://course.ntu.edu.tw/courses/114-2/39136
果樹學,李國譚,35609,HORT1014,60810350,必修,,"三 1,2",園藝R106,2 類,,2,,https://course.ntu.edu.tw/courses/114-2/35609
果樹學實習,李國譚,55257,HORT1015,60810360,必修,,"三 3,4,5",園藝R106,2 類,,1,,https://course.ntu.edu.tw/courses/114-2/55257
景觀學,陳惠美,56234,HORT2008,60828100,必修,,"四 3,4",造園館R102,1 類,,2,,https://course.ntu.edu.tw/courses/114-2/56234
花卉學實習,葉德銘,55143,HORT2017,60828140,必修,,"四 7,8,9",花卉F-B1,2 類,,1,,https://course.ntu.edu.tw/courses/114-2/55143
園產品加工學,許  輔,30665,HORT2018,60820260,必修 / 選修,,"一 6,7",造園館R101,2 類,,2,,https://course.ntu.edu.tw/courses/114-2/30665
園產品加工學實習,吳思節,23400,HORT2019,60826670,必修 / 選修,,"一 8,9,10",,2 類,,1,,https://course.ntu.edu.tw/courses/114-2/23400
景觀設計及實習一,林寶秀,37824,HORT2020,60827710,必修,,"三 1,2,3,4,5,6",造園館R107,2 類,,4,,https://course.ntu.edu.tw/courses/114-2/37824
園產品處理學,吳俊達,95117,HORT3011,60834200,必修,,"三 3,4",園藝R205,2 類,,2,,https://course.ntu.edu.tw/courses/114-2/95117
植栽設計及實習,陳惠美,32557,HORT3013,60836710,選修,,"五 5,6,7,8,9",造園館R104,1 類,,3,,https://course.ntu.edu.tw/courses/114-2/32557
景觀工程學及實習二,鄭佳昆,47605,HORT3016,60837900,必修,,"二 7,8,9",造園館R101,2 類,,3,,https://course.ntu.edu.tw/courses/114-2/47605
園藝作物育種學,許富鈞,32982,HORT3021,60847200,必修,,"四 2,3,4",園藝R106,2 類,,3,,https://course.ntu.edu.tw/courses/114-2/32982
園藝作物育種學實習,許富鈞,11716,HORT3022,60847300,必修,,"四 6,7,8",園藝R106,2 類,,1,,https://course.ntu.edu.tw/courses/114-2/11716
園藝科學前瞻,張耀乾,51583,HORT3024,60850000,必修,,"二 6,7",共104,2 類,,2,,https://course.ntu.edu.tw/courses/114-2/51583
景觀設計及實習三,張伯茹,12925,HORT3028,60831150,必修,,"一 5,6,7,8,9,10",造園館R107,1 類,,4,,https://course.ntu.edu.tw/courses/114-2/12925
學士專題研究二,張育森,38548,HORT3032,60831200,必修,,,,2 類,,1,,https://course.ntu.edu.tw/courses/114-2/38548
學士專題研究二,葉德銘,23794,HORT3032,60831200,必修,,,,2 類,,1,,https://course.ntu.edu.tw/courses/114-2/23794
學士專題研究二,張耀乾,13234,HORT3032,60831200,必修,,,,2 類,,1,,https://course.ntu.edu.tw/courses/114-2/13234
學士專題研究二,李國譚,46369,HORT3032,60831200,必修,,,,2 類,,1,,https://course.ntu.edu.tw/courses/114-2/46369
學士專題研究二,林寶秀,24621,HORT3032,60831200,必修,,,,2 類,,1,,https://course.ntu.edu.tw/courses/114-2/24621
學士專題研究二,吳思節,26805,HORT3032,60831200,必修,,,,2 類,,1,,https://course.ntu.edu.tw/courses/114-2/26805
學士專題研究二,鄭佳昆,32294,HORT3032,60831200,必修,,,,2 類,,1,,https://course.ntu.edu.tw/courses/114-2/32294
學士專題研究二,林書妍,23706,HORT3032,60831200,必修,,,,2 類,,1,,https://course.ntu.edu.tw/courses/114-2/23706
學士專題研究二,官彥州,22641,HORT3032,60831200,必修,,,,2 類,,1,,https://course.ntu.edu.tw/courses/114-2/22641
學士專題實作二,張育森,19981,HORT3034,60831220,選修,,,,2 類,,1,,https://course.ntu.edu.tw/courses/114-2/19981
學士專題實作二,葉德銘,31112,HORT3034,60831220,必修,,,,2 類,,1,,https://course.ntu.edu.tw/courses/114-2/31112
學士專題實作二,林書妍,14157,HORT3034,60831220,必修,,,,2 類,,1,,https://course.ntu.edu.tw/courses/114-2/14157
專題討論下,杜宜殷,13928,HORT4006,60849102,必修,,"一 7,8,9",轉溫101,2 類,,1,,https://course.ntu.edu.tw/courses/114-2/13928
專題討論下,官彥州,43802,HORT4006,60849102,必修,,"一 7,8,9",園藝R106,2 類,,1,,https://course.ntu.edu.tw/courses/114-2/43802
畢業設計二,張俊彥,37163,HORT4008,60849402,必修,,,,1 類,,2,,https://course.ntu.edu.tw/courses/114-2/37163
畢業設計二,陳惠美,45929,HORT4008,60849402,必修,,,,1 類,,2,,https://course.ntu.edu.tw/courses/114-2/45929
畢業設計二,鄭佳昆,47279,HORT4008,60849402,必修,,,,1 類,,2,,https://course.ntu.edu.tw/courses/114-2/47279
畢業設計二,林寶秀,19302,HORT4008,60849402,必修,,,,1 類,,2,,https://course.ntu.edu.tw/courses/114-2/19302
畢業設計二,張伯茹,54569,HORT4008,60849402,必修,,,,1 類,,2,,https://course.ntu.edu.tw/courses/114-2/54569
專業實習二,鄭佳昆,52163,HORT4014,60847900,選修,,,,2 類,,2,,https://course.ntu.edu.tw/courses/114-2/52163
植物分子生物學,杜宜殷,54042,HORT5014,628U1190,必修 / 選修,,"五 7,8,9",轉溫101,2 類,,3,,https://course.ntu.edu.tw/courses/114-2/54042
重組DNA技術,杜宜殷,17992,HORT5031,628U1640,選修,,"二 A,B / 三 A,B,C",轉溫101,2 類,,3,,https://course.ntu.edu.tw/courses/114-2/17992
國家公園規劃與管理,陳惠美,37235,HORT5044,628U1780,選修,,"二 2,3,4",造園館R104,1 類,,3,,https://course.ntu.edu.tw/courses/114-2/37235
蘭花學,張耀乾,18798,HORT5045,628U1800,必修 / 選修,,"五 2,3,4",花卉F-B1,2 類,,3,,https://course.ntu.edu.tw/courses/114-2/18798
園產品處理技術,吳俊達,12918,HORT5046,628U1810,必修 / 選修,,"一 2,3,4",園藝R106,1 類,,3,,https://course.ntu.edu.tw/courses/114-2/12918
景觀生態學,林寶秀,55485,HORT5050,628U1850,必修,,"四 7,8,9",造園館R101,1 類,,3,,https://course.ntu.edu.tw/courses/114-2/55485
作物栽培特論,李國譚,14740,HORT5065,628U2020,必修 / 選修,,"五 7,8,9",園藝R205,2 類,,3,,https://course.ntu.edu.tw/courses/114-2/14740
茶葉栽培與生產,林書妍,35465,HORT5089,628U0660,選修,,"二 3,4",園藝R204,2 類,,2,,https://course.ntu.edu.tw/courses/114-2/35465
園藝治療與療癒景觀,張伯茹,28160,HORT5091,628U2260,選修,,"三 2,3,4",造園館R101,1 類,,3,,https://course.ntu.edu.tw/courses/114-2/28160
園產品採收後生化學,官彥州,35578,HORT5095,628U2220,必修 / 選修,,"三 2,3,4",園藝R204,1 類,,3,,https://course.ntu.edu.tw/courses/114-2/35578
落葉果樹二,李國譚,28891,HORT5097,628U2240,選修,,"一 1,2 / 三 6",園藝R204,2 類,,3,,https://course.ntu.edu.tw/courses/114-2/28891
茶葉風味學,林書妍,33815,HORT5103,628U0700,選修,,,,2 類,,1,,https://course.ntu.edu.tw/courses/114-2/33815
園產利用研發與創新,吳思節,48146,HORT5104,628U1180,選修,,"四 2,3,4,5",加工館B1,2 類,,2,,https://course.ntu.edu.tw/courses/114-2/48146
專題討論一,許富鈞,12221,HORT7001,628M0040,必修,,"三 7,8,9",園藝R204,1 類,,1,,https://course.ntu.edu.tw/courses/114-2/12221
專題討論一,葉德銘,25128,HORT7001,628M0040,必修,,"三 7,8,9",花卉F-B1,3 類,,1,,https://course.ntu.edu.tw/courses/114-2/25128
專題討論一,吳俊達,34090,HORT7001,628M0040,必修,,"三 7,8,9",園藝R106,3 類,,1,,https://course.ntu.edu.tw/courses/114-2/34090
專題討論一,官彥州,10826,HORT7001,628M0040,必修,,"三 7,8,9",,3 類,,1,,https://course.ntu.edu.tw/courses/114-2/10826
專題討論一,吳思節,19359,HORT7001,628M0040,必修,,"三 7,8,9",,1 類,,1,,https://course.ntu.edu.tw/courses/114-2/19359
專題討論一,林寶秀,51912,HORT7001,628M0040,必修,,"三 7,8,9",,1 類,,1,,https://course.ntu.edu.tw/courses/114-2/51912
專題討論二,吳俊達,45274,HORT7002,628M0050,必修,,"三 7,8,9",,1 類,,1,,https://course.ntu.edu.tw/courses/114-2/45274
專題討論二,官彥州,25885,HORT7002,628M0050,必修,,"三 7,8,9",,1 類,,1,,https://course.ntu.edu.tw/courses/114-2/25885
專題討論二,吳思節,21441,HORT7002,628M0050,必修,,"三 7,8,9",,2 類,,1,,https://course.ntu.edu.tw/courses/114-2/21441
專題討論二,林寶秀,47715,HORT7002,628M0050,必修,,"三 7,8,9",,1 類,,1,,https://course.ntu.edu.tw/courses/114-2/47715
高級果樹學一,李國譚,11113,HORT7003,628M1110,必修,,"四 7,8,9",園藝R205,2 類,,3,,https://course.ntu.edu.tw/courses/114-2/11113
高級花卉學,張耀乾,38096,HORT7006,628M1310,必修,,"三 2,3,4",花卉F-B1,1 類,,3,,https://course.ntu.edu.tw/courses/114-2/38096
高級園產品處理學,吳俊達,27099,HORT7007,628M1410,必修,,"四 2,3,4",園藝R205,1 類,,3,,https://course.ntu.edu.tw/courses/114-2/27099
高級造園學,陳惠美,59355,HORT7009,628M1610,必修,,"一 2,3,4",造園館R102,2 類,,3,,https://course.ntu.edu.tw/courses/114-2/59355
專題研究二,張育森,22335,HORT7014,628M1850,必修,,,,1 類,,1,,https://course.ntu.edu.tw/courses/114-2/22335
專題研究二,葉德銘,44800,HORT7014,628M1850,必修,,,,1 類,,1,,https://course.ntu.edu.tw/courses/114-2/44800
專題研究二,張俊彥,58044,HORT7014,628M1850,必修,,,,1 類,,1,,https://course.ntu.edu.tw/courses/114-2/58044
專題研究二,許  輔,37051,HORT7014,628M1850,必修,,,,1 類,,1,,https://course.ntu.edu.tw/courses/114-2/37051
專題研究二,張耀乾,31233,HORT7014,628M1850,必修,,,,1 類,,1,,https://course.ntu.edu.tw/courses/114-2/31233
專題研究二,楊雯如,37451,HORT7014,628M1850,必修,,,,1 類,,1,,https://course.ntu.edu.tw/courses/114-2/37451
專題研究二,杜宜殷,16622,HORT7014,628M1850,必修,,,,1 類,,1,,https://course.ntu.edu.tw/courses/114-2/16622
專題研究二,陳惠美,44109,HORT7014,628M1850,必修,,,,1 類,,1,,https://course.ntu.edu.tw/courses/114-2/44109
專題研究二,李國譚,35475,HORT7014,628M1850,必修,,,,1 類,,1,,https://course.ntu.edu.tw/courses/114-2/35475
專題研究二,林寶秀,28970,HORT7014,628M1850,必修,,,,1 類,,1,,https://course.ntu.edu.tw/courses/114-2/28970
專題研究二,吳思節,48257,HORT7014,628M1850,必修,,,,1 類,,1,,https://course.ntu.edu.tw/courses/114-2/48257
專題研究二,吳俊達,57657,HORT7014,628M1850,必修,,,,1 類,,1,,https://course.ntu.edu.tw/courses/114-2/57657
專題研究二,鄭佳昆,32479,HORT7014,628M1850,必修,,,,1 類,,1,,https://course.ntu.edu.tw/courses/114-2/32479
專題研究二,林淑怡,50668,HORT7014,628M1850,必修,,,,1 類,,1,,https://course.ntu.edu.tw/courses/114-2/50668
專題研究二,許富鈞,27874,HORT7014,628M1850,必修,,,,1 類,,1,,https://course.ntu.edu.tw/courses/114-2/27874
專題研究二,張伯茹,43896,HORT7014,628M1850,必修,,,,1 類,,1,,https://course.ntu.edu.tw/courses/114-2/43896
專題研究二,林書妍,58051,HORT7014,628M1850,必修,,,,1 類,,1,,https://course.ntu.edu.tw/courses/114-2/58051
專題研究二,官彥州,29854,HORT7014,628M1850,必修,,,,1 類,,1,,https://course.ntu.edu.tw/courses/114-2/29854
專題研究四,張育森,39687,HORT7016,628M1870,必修,,,,1 類,,1,,https://course.ntu.edu.tw/courses/114-2/39687
專題研究四,葉德銘,32706,HORT7016,628M1870,必修,,,,1 類,,1,,https://course.ntu.edu.tw/courses/114-2/32706
專題研究四,李國譚,22306,HORT7016,628M1870,必修,,,,1 類,,1,,https://course.ntu.edu.tw/courses/114-2/22306
專題研究四,林寶秀,32642,HORT7016,628M1870,必修,,,,1 類,,1,,https://course.ntu.edu.tw/courses/114-2/32642
專題研究四,吳思節,40125,HORT7016,628M1870,必修,,,,1 類,,1,,https://course.ntu.edu.tw/courses/114-2/40125
專題研究四,吳俊達,50826,HORT7016,628M1870,必修,,,,1 類,,1,,https://course.ntu.edu.tw/courses/114-2/50826
專題研究四,鄭佳昆,54810,HORT7016,628M1870,必修,,,,1 類,,1,,https://course.ntu.edu.tw/courses/114-2/54810
專題研究四,林淑怡,35544,HORT7016,628M1870,必修,,,,1 類,,1,,https://course.ntu.edu.tw/courses/114-2/35544
專題研究四,許富鈞,18019,HORT7016,628M1870,必修,,,,1 類,,1,,https://course.ntu.edu.tw/courses/114-2/18019
專題研究四,張伯茹,28280,HORT7016,628M1870,必修,,,,1 類,,1,,https://course.ntu.edu.tw/courses/114-2/28280
專題研究四,林書妍,55933,HORT7016,628M1870,必修,,,,1 類,,1,,https://course.ntu.edu.tw/courses/114-2/55933
專題研究四,官彥州,29128,HORT7016,628M1870,必修,,,,1 類,,1,,https://course.ntu.edu.tw/courses/114-2/29128
景觀研究計量方法,鄭佳昆,45875,HORT7017,628M1890,選修,,"三 2,3,4",造園館R102,1 類,,3,,https://course.ntu.edu.tw/courses/114-2/45875
園藝學研究法二,吳俊達,26012,HORT7024,628M2040,必修,,"一 6,7,8,9,10",園藝R204,2 類,,3,,https://course.ntu.edu.tw/courses/114-2/26012
園產品鑑別技術特論二,曾文聖,19690,HORT7028,628M2140,選修,,"四 10,A,B",加工館B1,2 類,,3,,https://course.ntu.edu.tw/courses/114-2/19690
農產加工產業實務特論二,吳思節,19587,HORT7036,628M2230,選修,,"六 1,2",,2 類,,2,,https://course.ntu.edu.tw/courses/114-2/19587
碩士論文,,47046,HORT7999,628M0010,必修,,,,1 類,,0,,https://course.ntu.edu.tw/courses/114-2/47046
專題討論一,許富鈞,42929,HORT8001,628D0030,必修,,"三 7,8,9",,1 類,,1,,https://course.ntu.edu.tw/courses/114-2/42929
專題討論一,葉德銘,51158,HORT8001,628D0030,必修,,"三 7,8,9",,1 類,,1,,https://course.ntu.edu.tw/courses/114-2/51158
專題討論一,吳俊達,46663,HORT8001,628D0030,必修,,"三 7,8,9",,1 類,,1,,https://course.ntu.edu.tw/courses/114-2/46663
專題討論一,官彥州,53230,HORT8001,628D0030,必修,,"三 7,8,9",,1 類,,1,,https://course.ntu.edu.tw/courses/114-2/53230
專題討論一,林寶秀,19779,HORT8001,628D0030,必修,,"三 7,8,9",,1 類,,1,,https://course.ntu.edu.tw/courses/114-2/19779
專題討論二,葉德銘,40325,HORT8002,628D0040,必修,,"三 7,8,9",,1 類,,1,,https://course.ntu.edu.tw/courses/114-2/40325
專題討論二,吳俊達,40198,HORT8002,628D0040,必修,,"三 7,8,9",,1 類,,1,,https://course.ntu.edu.tw/courses/114-2/40198
專題討論二,吳思節,45913,HORT8002,628D0040,必修,,"三 7,8,9",,1 類,,1,,https://course.ntu.edu.tw/courses/114-2/45913
書報研讀二,杜宜殷,19550,HORT8004,628D1020,選修,,,,1 類,,1,,https://course.ntu.edu.tw/courses/114-2/19550
專題研究二,張育森,32128,HORT8022,628D1680,必修,,,,1 類,,1,,https://course.ntu.edu.tw/courses/114-2/32128
專題研究二,葉德銘,57275,HORT8022,628D1680,必修,,,,1 類,,1,,https://course.ntu.edu.tw/courses/114-2/57275
專題研究二,杜宜殷,44262,HORT8022,628D1680,必修,,,,1 類,,1,,https://course.ntu.edu.tw/courses/114-2/44262
專題研究四,葉德銘,51428,HORT8024,628D1700,必修,,,,1 類,,1,,https://course.ntu.edu.tw/courses/114-2/51428
專題研究四,張俊彥,34454,HORT8024,628D1700,必修,,,,1 類,,1,,https://course.ntu.edu.tw/courses/114-2/34454
專題研究四,李國譚,56138,HORT8024,628D1700,必修,,,,1 類,,1,,https://course.ntu.edu.tw/courses/114-2/56138
專題研究四,吳思節,59796,HORT8024,628D1700,必修,,,,1 類,,1,,https://course.ntu.edu.tw/courses/114-2/59796
博士論文,,15422,HORT8999,628D0010,必修,,,,1 類,,0,,https://course.ntu.edu.tw/courses/114-2/15422
健康保險學,董鈺琪,27240,HPM5020,848U2050,選修,,"三 6,7",公衛211,1 類,,2,,https://course.ntu.edu.tw/courses/114-2/27240
衛生政策與健康保險,郭年真,21108,HPM5022,848U0020,必帶 / 必修 / 選修,,三 7,公衛101,2 類,,1,,https://course.ntu.edu.tw/courses/114-2/21108
健康經濟學概論,林青青,23774,HPM5025,848U1180,選修,,"四 6,7",公衛118,1 類,,2,,https://course.ntu.edu.tw/courses/114-2/23774
健康正義選讀,葉明叡,10915,HPM5026,848U1190,選修,,"四 3,4",公衛209,1 類,,2,,https://course.ntu.edu.tw/courses/114-2/10915
童年、政策與健康,張弘潔,50526,HPM5027,848U1200,,,"四 6,7",公衛210,2 類,,2,,https://course.ntu.edu.tw/courses/114-2/50526
長期照顧服務的執行與評估,游曉微,57677,HPM5029,848U2060,選修,,"四 8,9",公衛212,1 類,,2,,https://course.ntu.edu.tw/courses/114-2/57677
健康政策與管理專題討論一,林青青,10019,HPM7008,848M0080,必修,,"三 8,9",公衛603(原601,1 類,,1,,https://course.ntu.edu.tw/courses/114-2/10019
健康產業與政策發展,張睿詒,22845,HPM7043,848M2180,選修,,"四 10,A,B",公衛211,1 類,,3,,https://course.ntu.edu.tw/courses/114-2/22845
醫療照護支付制度,郭年真,25787,HPM7061,848M2350,選修,,"一 6,7",公衛211,1 類,,2,,https://course.ntu.edu.tw/courses/114-2/25787
健康政策、照護管理與產業講座(I),董鈺琪,18996,HPM7082,848M2440,選修,,"六 10,A",公衛603(原601,1 類,,1,,https://course.ntu.edu.tw/courses/114-2/18996
長期照護體系與政策,陳雅美,18750,HPM7084,848M0230,選修,,"二 6,7",公衛211,2 類,,2,,https://course.ntu.edu.tw/courses/114-2/18750
健康照護財務管理,張睿詒,24006,HPM7086,848M0250,選修,,"四 3,4",公衛211,1 類,,2,,https://course.ntu.edu.tw/courses/114-2/24006
健康照護機構品質管理,鍾國彪,40888,HPM7087,848M0260,選修,,"二 8,9",公衛210,1 類,,2,,https://course.ntu.edu.tw/courses/114-2/40888
健康服務之計畫與評估,楊銘欽,20583,HPM7088,848M2450,必修,,"六 1,2,3,4",公衛648(原601,1 類,,2,,https://course.ntu.edu.tw/courses/114-2/20583
醫院評鑑與病人安全,鍾國彪,15688,HPM7091,848M2460,選修,,"六 1,2,3,4",公衛648(原601,1 類,,2,,https://course.ntu.edu.tw/courses/114-2/15688
健康服務研究方法,郭年真,25852,HPM7095,848M0290,必修,,"六 1,2,3,4",公衛603(原601,1 類,,2,,https://course.ntu.edu.tw/courses/114-2/25852
健康政策分析,葉明叡,38598,HPM7100,848M0320,必修 / 選修,,"二 3,4",公衛211,1 類,,2,,https://course.ntu.edu.tw/courses/114-2/38598
健康政策分析:理論與實務,鄭守夏,17239,HPM7101,848M0330,必修,,"六 6,7,8,9",公衛603(原601,1 類,,2,,https://course.ntu.edu.tw/courses/114-2/17239
健康產業財務分析與決策,張睿詒,10657,HPM7104,848M0360,必修,,"六 1,2,3,4",公衛603(原601,1 類,,2,,https://course.ntu.edu.tw/courses/114-2/10657
健康產業財務管理實務對話,張睿詒,39725,HPM7105,848M0370,選修,,"六 6,7,8,9",公衛648(原601,1 類,,2,,https://course.ntu.edu.tw/courses/114-2/39725
健康政策與管理高階經營專班專題研究,鄭守夏,55732,HPM7110,848M0410,選修,,,,1 類,,1,,https://course.ntu.edu.tw/courses/114-2/55732
健康政策與管理高階經營專班專題研究,鍾國彪,19973,HPM7110,848M0410,選修,,,,1 類,,1,,https://course.ntu.edu.tw/courses/114-2/19973
健康政策與管理高階經營專班專題研究,鄭雅文,34643,HPM7110,848M0410,選修,,,,1 類,,1,,https://course.ntu.edu.tw/courses/114-2/34643
健康政策與管理高階經營專班專題研究,郭年真,58917,HPM7110,848M0410,選修,,,,1 類,,1,,https://course.ntu.edu.tw/courses/114-2/58917
健康政策與管理高階經營專班專題研究,李達宇,47307,HPM7110,848M0410,選修,,,,1 類,,1,,https://course.ntu.edu.tw/courses/114-2/47307
健康政策與管理高階經營專班專題研究,李柏翰,47687,HPM7110,848M0410,選修,,,,1 類,,1,,https://course.ntu.edu.tw/courses/114-2/47687
健康政策與管理高階經營專班專題研究,林青青,39716,HPM7110,848M0410,選修,,,,1 類,,1,,https://course.ntu.edu.tw/courses/114-2/39716
健康政策與管理高階經營專班專題研究,游曉微,17806,HPM7110,848M0410,選修,,,,1 類,,1,,https://course.ntu.edu.tw/courses/114-2/17806
健康計量經濟學,林青青,56091,HPM7112,848M0430,選修,,"三 3,4",公衛118,1 類,,2,,https://course.ntu.edu.tw/courses/114-2/56091
長期照顧政策與管理導論,陳雅美,23417,HPM7114,848M0450,必修,,"六 6,7,8,9",公衛648(原601,1 類,,2,,https://course.ntu.edu.tw/courses/114-2/23417
健康領域的自我修練與領導,鄭守夏,19295,HPM7115,848M0460,選修,,"一 8,9,10,A",公衛603(原601,2 類,,2,,https://course.ntu.edu.tw/courses/114-2/19295
人工智慧在健康照護概論,李達宇,41422,HPM7117,848M0480,選修,,"一 3,4",公衛213,1 類,,2,,https://course.ntu.edu.tw/courses/114-2/41422
健康經濟學：理論與實務,李達宇,47483,HPM7118,848M0490,必修,,"六 6,7,8,9",公衛603(原601,1 類,,2,,https://course.ntu.edu.tw/courses/114-2/47483
碩士論文,,53570,HPM7999,848M0010,必修,,,,1 類,,0,,https://course.ntu.edu.tw/courses/114-2/53570
健康政策與管理專題討論一,鍾國彪,12394,HPM8004,848D0040,必修,,"三 6,7",公衛603(原601,1 類,,1,,https://course.ntu.edu.tw/courses/114-2/12394
健康政策與管理獨立研究,陳雅美,28683,HPM8006,848D0060,選修,,,,2 類,,2,,https://course.ntu.edu.tw/courses/114-2/28683
健康政策與管理獨立研究,李達宇,51766,HPM8006,848D0060,選修,,,,2 類,,2,,https://course.ntu.edu.tw/courses/114-2/51766
健康政策與管理獨立研究,葉明叡,43742,HPM8006,848D0060,選修,,,,2 類,,2,,https://course.ntu.edu.tw/courses/114-2/43742
健康政策與管理獨立研究,林青青,25350,HPM8006,848D0060,選修,,,,2 類,,2,,https://course.ntu.edu.tw/courses/114-2/25350
健康政策與管理獨立研究,張書森,21945,HPM8006,848D0060,選修,,,,2 類,,2,,https://course.ntu.edu.tw/courses/114-2/21945
健康政策與管理獨立研究,張齡尹,50943,HPM8006,848D0060,選修,,,,2 類,,2,,https://course.ntu.edu.tw/courses/114-2/50943
博士論文,,56156,HPM8999,848D0010,必修,,,,1 類,,0,,https://course.ntu.edu.tw/courses/114-2/56156
碩士論文,,37157,IAMS7001,246M0010,必修,,,,1 類,,0,,https://course.ntu.edu.tw/courses/114-2/37157
國際企業導論,吳政衛,28612,IB1006,70411400,必帶,,"五 6,7,8",管一405,2 類,,3,,https://course.ntu.edu.tw/courses/114-2/28612
國際企業導論,何筱文,12164,IB1006,70411400,必帶,,"五 6,7,8",管一103,2 類,,3,,https://course.ntu.edu.tw/courses/114-2/12164
行銷管理,謝明慧,26794,IB2008,70420600,必修,,"三 2,3,4",管一102,2 類,,3,,https://course.ntu.edu.tw/courses/114-2/26794
行銷管理,陳譽仁,51202,IB2008,70420600,必修,,"五 5,6,7",管二301,2 類,,3,,https://course.ntu.edu.tw/courses/114-2/51202
國際企業管理,連勇智,16235,IB2010,70421610,必修,,"五 7,8,9",管二202,2 類,,3,,https://course.ntu.edu.tw/courses/114-2/16235
國際企業管理,何筱文,50898,IB2010,70421610,必修,,"四 6,7,8",管二305,2 類,,3,,https://course.ntu.edu.tw/courses/114-2/50898
財務管理,盧秋玲,44420,IB2012,70422600,必修,,"二 2,3,4",管二305,2 類,,3,,https://course.ntu.edu.tw/courses/114-2/44420
商事法,洪瑞燦,16451,IB2013,70428100,必修,,"五 2,3,4",管二104,2 類,,3,,https://course.ntu.edu.tw/courses/114-2/16451
國際企業經營策略,簡睿哲,47724,IB3008,70441100,必修,,"四 7,8,9",管二202,2 類,,3,,https://course.ntu.edu.tw/courses/114-2/47724
國際企業經營策略,莊正民,22319,IB3008,70441100,必修,,"五 2,3,4",管二304,2 類,,3,,https://course.ntu.edu.tw/courses/114-2/22319
全球品牌管理,黃恆獎,58810,IB3010,70430810,必修,,"三 7,8,9",管二205,2 類,,3,,https://course.ntu.edu.tw/courses/114-2/58810
策略管理,傅浚映,28646,IB4004,70449600,必修,,"五 7,8,9",管二303,2 類,,3,,https://course.ntu.edu.tw/courses/114-2/28646
總體經濟學,趙捷謙,40640,IB5005,724U0180,選修,,"二 2,3,4",管二301,2 類,,3,,https://course.ntu.edu.tw/courses/114-2/40640
金融計算,王之彥,34985,IB5017,724U0580,選修,,"二 7,8,9",管二305,2 類,,3,,https://course.ntu.edu.tw/courses/114-2/34985
個案研討,陳俊忠,45647,IB5036,724U3200,選修,,"三 2,3,4",管二203,2 類,,3,,https://course.ntu.edu.tw/courses/114-2/45647
知識經濟與人力分析,盧信昌,23095,IB5053,724U9600,選修,,"三 2,3,4",管二301,2 類,,3,,https://course.ntu.edu.tw/courses/114-2/23095
國際企業經營策略,邱宏仁,12222,IB5059,724U2400,選修,,"二 2,3,4",管二205,2 類,,3,,https://course.ntu.edu.tw/courses/114-2/12222
國際併購與重組管理,邱宏仁,45803,IB5063,724U1670,選修,,"二 7,8,9",管二102,2 類,,3,,https://course.ntu.edu.tw/courses/114-2/45803
財務報表分析,林修葳,11646,IB5081,724U0800,選修,,"五 2,3,4",管二202,2 類,,3,,https://course.ntu.edu.tw/courses/114-2/11646
大數據行銷,任立中,11523,IB5082,724U4610,選修,,"一 A,B,C",,2 類,,3,,https://course.ntu.edu.tw/courses/114-2/11523
創業家思維與創業實務管理,林益全,47133,IB5088,724U9840,選修,,"六 2,3,4,5,6,7,8,9,10",,2 類,,3,,https://course.ntu.edu.tw/courses/114-2/47133
國際行銷與策略實務管理,郭重松,28890,IB5092,724U9880,選修,,"三 10,A,B,C",管一103,2 類,,3,,https://course.ntu.edu.tw/courses/114-2/28890
國際財務管理,連振廷,38027,IB5101,724U9170,選修,,"一 7,8,9",,2 類,,3,,https://course.ntu.edu.tw/courses/114-2/38027
資產配置與風險控管實務,高一誠,52292,IB5106,724U9730,選修,,"二 A,B,C",管一104,2 類,,3,,https://course.ntu.edu.tw/courses/114-2/52292
國際經濟學,黃志典,28441,IB7012,724M0200,必修,,"二 7,8,9",管二103,2 類,,3,,https://course.ntu.edu.tw/courses/114-2/28441
國際經濟學,盧信昌,41430,IB7012,724M0200,必修,,"二 2,3,4",管二304,2 類,,3,,https://course.ntu.edu.tw/courses/114-2/41430
國際經濟學,紀鈞哲,39074,IB7012,724M0200,必修,,"四 2,3,4",管二301,2 類,,3,,https://course.ntu.edu.tw/courses/114-2/39074
國際企業經營策略,吳政衛,12529,IB7018,724M0460,必修,,"三 7,8,9",管一405,2 類,,3,,https://course.ntu.edu.tw/courses/114-2/12529
國際金融投資,洪茂蔚,15502,IB7030,724M1270,必修,,"一 7,8,9",管二202,2 類,,3,,https://course.ntu.edu.tw/courses/114-2/15502
隨機定價模型,許耀文,50151,IB7032,724M1350,選修,,"五 2,3,4",管二204,2 類,,3,,https://course.ntu.edu.tw/courses/114-2/50151
財務工程二,李志偉,50022,IB7045,724M1990,選修,,"三 2,3,4",管二204,2 類,,3,,https://course.ntu.edu.tw/courses/114-2/50022
商業解析與研究方法,許耀文,55968,IB7092,724M9700,選修,,"五 7,8,9",管二203,2 類,,3,,https://course.ntu.edu.tw/courses/114-2/55968
全球品牌管理,林俊昇,53108,IB7095,724M0310,必修,,"四 7,8,9",管一102,2 類,,3,,https://course.ntu.edu.tw/courses/114-2/53108
行為實驗方法,陳譽仁,31267,IB7098,724M9720,選修,,"五 10,A,B",,2 類,,3,,https://course.ntu.edu.tw/courses/114-2/31267
行銷專題研究四,謝明慧,95097,IB8031,724D4120,選修,,"二 A,B,C",管二研九,2 類,,3,,https://course.ntu.edu.tw/courses/114-2/95097
行銷專題研究五,林俊昇,40257,IB8032,724D4130,選修,,"四 A,B,C",管二研十,2 類,,3,,https://course.ntu.edu.tw/courses/114-2/40257
國際企業專題研究二,簡睿哲,53418,IB8036,724D5130,選修,,"四 2,3,4",管二研六,2 類,,3,,https://course.ntu.edu.tw/courses/114-2/53418
國際企業專題研究三,連勇智,95098,IB8037,724D5140,選修,,"五 A,B,C",管二研七,2 類,,3,,https://course.ntu.edu.tw/courses/114-2/95098
國際經濟研討,張銘仁,52619,IB8038,724D6020,必修,,"二 7,8,9",管一401,2 類,,3,,https://course.ntu.edu.tw/courses/114-2/52619
產業經濟學,盧信昌,25918,IB8042,724D6300,選修,,"五 2,3,4",管二203,2 類,,3,,https://course.ntu.edu.tw/courses/114-2/25918
組織理論與策略決策研討,陳俊忠,33883,IB8047,724D8040,必修,,"三 7,8,9",管二研六,2 類,,3,,https://course.ntu.edu.tw/courses/114-2/33883
策略專題研究一,吳學良,33227,IB8050,724D9040,選修,,"三 A,B,C",管二研九,2 類,,3,,https://course.ntu.edu.tw/courses/114-2/33227
科技創新與興業策略研討,吳學良,15532,IB8057,724D9200,必修,,"一 A,B,C",管二研九,2 類,,3,,https://course.ntu.edu.tw/courses/114-2/15532
策略研究之前瞻議題研討,傅浚映,50938,IB8059,724D9220,選修,,"五 2,3,4",管二研八,2 類,,3,,https://course.ntu.edu.tw/courses/114-2/50938
計量經濟學,陳聿宏,17211,IB8063,724D6500,必修,,"一 2,3,4",管二204,2 類,,3,,https://course.ntu.edu.tw/courses/114-2/17211
獨立研究,陳聿宏,44829,IB8064,724D1090,選修,,一 1,,2 類,,1,,https://course.ntu.edu.tw/courses/114-2/44829
投資管理專題研究一,洪茂蔚,32755,IB8075,724D2520,選修,,"一 A,B,C",管二研十一,2 類,,3,,https://course.ntu.edu.tw/courses/114-2/32755
博士論文,,14081,IB8999,724D0010,必修,,,,1 類,,0,,https://course.ntu.edu.tw/courses/114-2/14081
數位訊號處理架構設計,蔡佩芸,30988,ICDA5003,K41U0030,選修,,"三 6,7,8",,2 類,,3,,https://course.ntu.edu.tw/courses/114-2/30988
電路模擬、分析與最佳化,張耀文,95146,ICDA5004,K41U0040,選修,,"二 7,8,9",博理112,1 類,,1,,https://course.ntu.edu.tw/courses/114-2/95146
專題討論,黃俊郎,57142,ICDA7001,K41M1000,必修,,一 8,,1 類,,1,,https://course.ntu.edu.tw/courses/114-2/57142
研發實習,黃俊郎,55796,ICDA7002,K41M0030,必修,,,,2 類,,3,,https://course.ntu.edu.tw/courses/114-2/55796
專題研究,郭斯彥,40819,ICDA7003,K41M0020,必修,,,,1 類,,1,,https://course.ntu.edu.tw/courses/114-2/40819
專題研究,闕志達,51370,ICDA7003,K41M0020,必修,,,,1 類,,1,,https://course.ntu.edu.tw/courses/114-2/51370
專題研究,劉深淵,32281,ICDA7003,K41M0020,必修,,,,1 類,,1,,https://course.ntu.edu.tw/courses/114-2/32281
專題研究,張耀文,21148,ICDA7003,K41M0020,必修,,,,1 類,,1,,https://course.ntu.edu.tw/courses/114-2/21148
專題研究,吳安宇,24086,ICDA7003,K41M0020,必修,,,,1 類,,1,,https://course.ntu.edu.tw/courses/114-2/24086
專題研究,陳中平,22928,ICDA7003,K41M0020,必修,,,,1 類,,1,,https://course.ntu.edu.tw/courses/114-2/22928
專題研究,呂良鴻,46116,ICDA7003,K41M0020,必修,,,,1 類,,1,,https://course.ntu.edu.tw/courses/114-2/46116
專題研究,李泰成,14868,ICDA7003,K41M0020,必修,,,,1 類,,1,,https://course.ntu.edu.tw/courses/114-2/14868
專題研究,林宗賢,33625,ICDA7003,K41M0020,必修,,,,1 類,,1,,https://course.ntu.edu.tw/courses/114-2/33625
專題研究,簡韶逸,21427,ICDA7003,K41M0020,必修,,,,1 類,,1,,https://course.ntu.edu.tw/courses/114-2/21427
專題研究,江介宏,16696,ICDA7003,K41M0020,必修,,,,1 類,,1,,https://course.ntu.edu.tw/courses/114-2/16696
專題研究,李建模,22388,ICDA7003,K41M0020,必修,,,,1 類,,1,,https://course.ntu.edu.tw/courses/114-2/22388
專題研究,黃俊郎,28308,ICDA7003,K41M0020,必修,,,,1 類,,1,,https://course.ntu.edu.tw/courses/114-2/28308
專題研究,陳信樹,46674,ICDA7003,K41M0020,必修,,,,1 類,,1,,https://course.ntu.edu.tw/courses/114-2/46674
專題研究,黃鐘揚,53336,ICDA7003,K41M0020,必修,,,,1 類,,1,,https://course.ntu.edu.tw/courses/114-2/53336
專題研究,江蕙如,24482,ICDA7003,K41M0020,必修,,,,1 類,,1,,https://course.ntu.edu.tw/courses/114-2/24482
專題研究,楊家驤,35482,ICDA7003,K41M0020,必修,,,,1 類,,1,,https://course.ntu.edu.tw/courses/114-2/35482
專題研究,盧奕璋,18043,ICDA7003,K41M0020,必修,,,,1 類,,1,,https://course.ntu.edu.tw/courses/114-2/18043
專題研究,陳景然,43537,ICDA7003,K41M0020,必修,,,,1 類,,1,,https://course.ntu.edu.tw/courses/114-2/43537
專題研究,劉宗德,31114,ICDA7003,K41M0020,必修,,,,1 類,,1,,https://course.ntu.edu.tw/courses/114-2/31114
專題研究,李俊興,27689,ICDA7003,K41M0020,必修,,,,1 類,,1,,https://course.ntu.edu.tw/courses/114-2/27689
專題研究,蔡佩芸,53600,ICDA7003,K41M0020,必修,,,,1 類,,1,,https://course.ntu.edu.tw/courses/114-2/53600
碩士論文,,41060,ICDA7999,K41M0010,必修,,,,1 類,,0,,https://course.ntu.edu.tw/courses/114-2/41060
專題討論,黃俊郎,47142,ICDA8001,K42D1000,必修,,一 8,,1 類,,1,,https://course.ntu.edu.tw/courses/114-2/47142
專題研究,張耀文,23387,ICDA8003,K42D0020,必修,,,,1 類,,1,,https://course.ntu.edu.tw/courses/114-2/23387
專題研究,吳安宇,12362,ICDA8003,K42D0020,必修,,,,1 類,,1,,https://course.ntu.edu.tw/courses/114-2/12362
專題研究,李致毅,38679,ICDA8003,K42D0020,必修,,,,1 類,,1,,https://course.ntu.edu.tw/courses/114-2/38679
專題研究,黃俊郎,48366,ICDA8003,K42D0020,必修,,,,1 類,,1,,https://course.ntu.edu.tw/courses/114-2/48366
專題研究,楊家驤,13160,ICDA8003,K42D0020,必修,,,,1 類,,1,,https://course.ntu.edu.tw/courses/114-2/13160
專題研究,陳景然,56808,ICDA8003,K42D0020,必修,,,,1 類,,1,,https://course.ntu.edu.tw/courses/114-2/56808
專題研究,蔡佩芸,42255,ICDA8003,K42D0020,必修,,,,1 類,,1,,https://course.ntu.edu.tw/courses/114-2/42255
博士論文,,51872,ICDA8999,K42D0010,必修,,,,1 類,,0,,https://course.ntu.edu.tw/courses/114-2/51872
動態規劃與應用,吳政鴻,23607,IE5038,546U6080,選修,,"一 6,7,8",國青101,2 類,,3,,https://course.ntu.edu.tw/courses/114-2/23607
生產與作業排程,黃奎隆,32117,IE5041,546U6110,必修 / 選修,,"三 2,3,4",國青101,2 類,,3,,https://course.ntu.edu.tw/courses/114-2/32117
統計管制與最佳化方法概論,陳正剛,58730,IE5049,546U6130,選修,,"二 7,8,9",共205,2 類,,3,,https://course.ntu.edu.tw/courses/114-2/58730
資料分析方法,藍俊宏,51699,IE5054,546U4040,必修 / 選修,,"一 2,3,4",綜604,2 類,,3,,https://course.ntu.edu.tw/courses/114-2/51699
模擬分析,洪英超,33530,IE5060,546U4060,選修,,"二 2,3,4",國青101,2 類,,3,,https://course.ntu.edu.tw/courses/114-2/33530
數位孿生系統與應用,高鈺婷,47099,IE5066,546U2050,選修,,"四 2,3,4",國青101,2 類,,3,,https://course.ntu.edu.tw/courses/114-2/47099
次級資料分析與運用,傅耀葦,58677,IE5067,546U0730,選修,,"四 5,6,7",綜402,2 類,,2,,https://course.ntu.edu.tw/courses/114-2/58677
專題研究,陳正剛,57660,IE7004,546M0070,必修,,,,1 類,,1,,https://course.ntu.edu.tw/courses/114-2/57660
專題研究,藍俊宏,22479,IE7004,546M0070,必修,,,,1 類,,1,,https://course.ntu.edu.tw/courses/114-2/22479
專題研究,洪英超,27696,IE7004,546M0070,必修,,,,1 類,,1,,https://course.ntu.edu.tw/courses/114-2/27696
專題研究,郭瑞祥,59924,IE7004,546M0070,必修,,,,1 類,,1,,https://course.ntu.edu.tw/courses/114-2/59924
專題研究,黃道宏,37662,IE7004,546M0070,必修,,,,1 類,,1,,https://course.ntu.edu.tw/courses/114-2/37662
專題研究,吳政鴻,27207,IE7004,546M0070,必修,,,,1 類,,1,,https://course.ntu.edu.tw/courses/114-2/27207
專題研究,洪一薰,15522,IE7004,546M0070,必修,,,,2 類,,1,,https://course.ntu.edu.tw/courses/114-2/15522
專題研究,黃奎隆,26480,IE7004,546M0070,必修,,,,1 類,,1,,https://course.ntu.edu.tw/courses/114-2/26480
專題研究,高鈺婷,95005,IE7004,546M0070,必修,,,,1 類,,1,,https://course.ntu.edu.tw/courses/114-2/95005
專題討論,陳正剛,39526,IE7005,546M0080,必修,,"三 7,8,9",國青101,2 類,,1,,https://course.ntu.edu.tw/courses/114-2/39526
跨領域專題討論,陳正剛,36180,IE7023,546M0090,必修,,"三 A,B,C",,1 類,,1,,https://course.ntu.edu.tw/courses/114-2/36180
跨領域專案與新產品管理,陳正剛,59520,IE7035,546M3190,必修,,,,1 類,,3,,https://course.ntu.edu.tw/courses/114-2/59520
智能轉型與數位治理,藍俊宏,53191,IE7059,546M3340,必修,,,,1 類,,3,,https://course.ntu.edu.tw/courses/114-2/53191
碩士論文,,56546,IE7999,546M0010,必修,,,,1 類,,0,,https://course.ntu.edu.tw/courses/114-2/56546
博士論文,,19401,IE8000,546D0010,必修,,,,1 類,,0,,https://course.ntu.edu.tw/courses/114-2/19401
博士專題研究,陳正剛,20713,IE8001,546D0070,必修,,,,1 類,,1,,https://course.ntu.edu.tw/courses/114-2/20713
博士專題研究,洪一薰,27038,IE8001,546D0070,必修,,,,2 類,,1,,https://course.ntu.edu.tw/courses/114-2/27038
博士專題研究,吳政鴻,18147,IE8001,546D0070,必修,,,,1 類,,1,,https://course.ntu.edu.tw/courses/114-2/18147
博士專題研究,藍俊宏,52230,IE8001,546D0070,必修,,,,1 類,,1,,https://course.ntu.edu.tw/courses/114-2/52230
博士專題研究,黃道宏,39798,IE8001,546D0070,必修,,,,1 類,,1,,https://course.ntu.edu.tw/courses/114-2/39798
博士專題研究,高鈺婷,95004,IE8001,546D0070,必修,,,,1 類,,1,,https://course.ntu.edu.tw/courses/114-2/95004
科技前瞻與創新管理實務,朱曉萍,50725,IET5001,509U0010,選修,,"五 2,3,4",共401,1 類,,3,,https://course.ntu.edu.tw/courses/114-2/50725
學士專題研究一,葛宇甯,38338,IET5003,509U0040,必修,,,,2 類,,2,,https://course.ntu.edu.tw/courses/114-2/38338
學士專題研究一,汪立本,34046,IET5003,509U0040,必修,,,,2 類,,2,,https://course.ntu.edu.tw/courses/114-2/34046
學士專題研究一,洪一薰,41393,IET5003,509U0040,必修,,,,2 類,,2,,https://course.ntu.edu.tw/courses/114-2/41393
學士專題研究一,洪英超,43140,IET5003,509U0040,必修,,,,2 類,,2,,https://course.ntu.edu.tw/courses/114-2/43140
學士專題研究一,蘇偉儁,35836,IET5003,509U0040,必修,,,,2 類,,2,,https://course.ntu.edu.tw/courses/114-2/35836
學士專題研究一,蔡孟勳,51425,IET5003,509U0040,必修,,,,2 類,,2,,https://course.ntu.edu.tw/courses/114-2/51425
學士專題研究一,黃瀅瑛,46435,IET5003,509U0040,必修,,,,2 類,,2,,https://course.ntu.edu.tw/courses/114-2/46435
學士專題研究一,王興睿,56932,IET5003,509U0040,必修,,,,2 類,,2,,https://course.ntu.edu.tw/courses/114-2/56932
學士專題研究一,林郁真,44082,IET5003,509U0040,必修,,,,2 類,,2,,https://course.ntu.edu.tw/courses/114-2/44082
當代食品安全議題,羅宇軒,42538,IFSH5002,851U0020,,,"二 6,7",共202,2 類,,2,,https://course.ntu.edu.tw/courses/114-2/42538
食品功效性暨安全性評估,魏嘉徵,52165,Ifsh7006,851M1060,選修,,"一 8,9",公衛105,2 類,,2,,https://course.ntu.edu.tw/courses/114-2/52165
食品微生物實驗,魏嘉徵,19524,Ifsh7012,851M1120,選修,,"三 6,7,8,9",公衛203,2 類,,2,,https://course.ntu.edu.tw/courses/114-2/19524
農產品供應鏈食品安全危害,陳昱彤,26434,IFSH7014,851M1140,選修,,"四 2,3,4",公衛105,2 類,,3,,https://course.ntu.edu.tw/courses/114-2/26434
生物感測科技,王如邦,16678,IFSH7017,851M1170,選修,,"五 6,7",公衛209,2 類,,2,,https://course.ntu.edu.tw/courses/114-2/16678
質譜技術應用,羅宇軒,43506,IFSH7019,851M1190,必修 / 選修,,"一 3,4",公衛211,2 類,,2,,https://course.ntu.edu.tw/courses/114-2/43506
食品安全與健康專題討論,蔡詩偉,40021,IFSH7020,851M1200,必修,,"四 6,7",公衛211,2 類,,1,,https://course.ntu.edu.tw/courses/114-2/40021
風險管理與溝通,吳焜裕,19692,IFSH7021,851M1210,必修 / 選修,,"三 8,9",公衛208,2 類,,2,,https://course.ntu.edu.tw/courses/114-2/19692
微生物生物技術與風險評估,王如邦,58390,IFSH7022,851M1220,選修,,"五 3,4",公衛209,2 類,,2,,https://course.ntu.edu.tw/courses/114-2/58390
碩士論文,蔡詩偉,48210,Ifsh7999,851M0010,必修,,,,1 類,,0,,https://course.ntu.edu.tw/courses/114-2/48210
服務學習甲,孔令傑,38390,IM0004,705001G0,選修,,,,2 類,,1,,https://course.ntu.edu.tw/courses/114-2/38390
服務學習乙,孔令傑,48269,IM0005,705001H0,選修,,,,2 類,,1,,https://course.ntu.edu.tw/courses/114-2/48269
資料結構與進階程式設計,李根逸,26546,IM1010,70510600,必帶,,"二 7,8,9",管一101,2 類,,3,,https://course.ntu.edu.tw/courses/114-2/26546
Python資料分析與機器學習應用,何承遠,50628,IM1013,70514200,,,"一 2,3,4",管一B01,2 類,,3,,https://course.ntu.edu.tw/courses/114-2/50628
Python資料分析與機器學習應用,何承遠,52089,IM1013,70514200,,,"一 7,8,9",管一B01,2 類,,3,,https://course.ntu.edu.tw/courses/114-2/52089
Python資料分析與機器學習應用,何承遠,21724,IM1013,70514200,,,"二 2,3,4",管一B01,2 類,,3,,https://course.ntu.edu.tw/courses/114-2/21724
Python資料分析與機器學習應用,何承遠,56371,IM1013,70514200,,,"二 7,8,9",管一B01,2 類,,3,,https://course.ntu.edu.tw/courses/114-2/56371
線性代數,李家岩,20829,IM1014,70510700,必帶,,"二 6 / 三 2,3,4",管一101/管一103,2 類,,3,,https://course.ntu.edu.tw/courses/114-2/20829
作業系統,陳建錦,17476,IM2003,70520300,必帶,,"一 2,3,4",管二101,2 類,,3,,https://course.ntu.edu.tw/courses/114-2/17476
資訊管理導論,彭志宏,49131,IM2008,70522100,必帶,,"五 7,8,9",管二201,2 類,,3,,https://course.ntu.edu.tw/courses/114-2/49131
作業研究,孔令傑,17595,IM2010,70532100,選修,,"一 7,8,9",管二201,2 類,,3,,https://course.ntu.edu.tw/courses/114-2/17595
跨文化溝通與管理,畢南怡,20068,IM2014,70523700,,,"五 6,7",管二304,2 類,,2,,https://course.ntu.edu.tw/courses/114-2/20068
資管專題一,莊裕澤,15445,IM3009,70531600,必修,,,,2 類,,2,,https://course.ntu.edu.tw/courses/114-2/15445
資管專題一,曹承礎,41611,IM3009,70531600,必修,,,,2 類,,2,,https://course.ntu.edu.tw/courses/114-2/41611
資管專題一,孫雅麗,41478,IM3009,70531600,必修,,,,2 類,,2,,https://course.ntu.edu.tw/courses/114-2/41478
資管專題一,蔡益坤,10343,IM3009,70531600,必修,,,,2 類,,2,,https://course.ntu.edu.tw/courses/114-2/10343
資管專題一,黃明蕙,40998,IM3009,70531600,必修,,"三 10,A",管二研十,2 類,,2,,https://course.ntu.edu.tw/courses/114-2/40998
資管專題一,吳玲玲,41683,IM3009,70531600,必修,,,,2 類,,2,,https://course.ntu.edu.tw/courses/114-2/41683
資管專題一,林永松,39738,IM3009,70531600,必修,,,,2 類,,2,,https://course.ntu.edu.tw/courses/114-2/39738
資管專題一,魏志平,39698,IM3009,70531600,必修,,,,2 類,,2,,https://course.ntu.edu.tw/courses/114-2/39698
資管專題一,盧信銘,10787,IM3009,70531600,必修,,,,2 類,,2,,https://course.ntu.edu.tw/courses/114-2/10787
資管專題一,孔令傑,20949,IM3009,70531600,必修,,,,2 類,,2,,https://course.ntu.edu.tw/courses/114-2/20949
資管專題一,李家岩,24050,IM3009,70531600,必修,,,,2 類,,2,,https://course.ntu.edu.tw/courses/114-2/24050
資管專題一,彭志宏,25169,IM3009,70531600,必修,,,,2 類,,2,,https://course.ntu.edu.tw/courses/114-2/25169
資管專題一,畢南怡,13443,IM3009,70531600,必修,,,,2 類,,2,,https://course.ntu.edu.tw/courses/114-2/13443
資管專題討論二,陳靜枝,47276,IM4003,725U1120,選修,,"五 7,8",管二206,2 類,,1,,https://course.ntu.edu.tw/courses/114-2/47276
軟體開發方法,蔡益坤,15680,IM5027,725U3340,選修,,"三 7,8,9",管二203,2 類,,3,,https://course.ntu.edu.tw/courses/114-2/15680
軟體專案管理,陳仲儼,13482,IM5028,725U3350,選修,,"四 2,3,4",管一405,2 類,,3,,https://course.ntu.edu.tw/courses/114-2/13482
資訊法與資訊政策專題,劉靜怡,53068,IM5037,725U3470,選修,,"五 8,9,10",,1 類,,3,,https://course.ntu.edu.tw/courses/114-2/53068
大數據與商業分析,楊立偉,30020,IM5047,725U3580,選修,,"三 2,3,4",管二206,2 類,,3,,https://course.ntu.edu.tw/courses/114-2/30020
資訊系統規劃與策略,彭志宏,20134,IM5052,725U3630,選修,,"三 7,8,9",管二研十,2 類,,3,,https://course.ntu.edu.tw/courses/114-2/20134
製造數據科學,李家岩,50755,IM5055,725U3660,選修,,"二 2,3,4",管一103,2 類,,3,,https://course.ntu.edu.tw/courses/114-2/50755
社群媒體分析,魏志平,49262,IM5060,725U3700,選修,,"二 7,8,9",管二206,2 類,,3,,https://course.ntu.edu.tw/courses/114-2/49262
資訊科技與商業模式創新,莊裕澤,14352,IM5061,725U3800,選修,,"四 7,8,9",管二302,2 類,,3,,https://course.ntu.edu.tw/courses/114-2/14352
深度學習實作與應用,黃意婷,46713,IM5062,725U3900,選修,,"二 2,3,4",管二102,2 類,,3,,https://course.ntu.edu.tw/courses/114-2/46713
資訊經濟與賽局理論,孔令傑,30313,IM5066,725U3940,選修,,"二 2,3,4",管一405,2 類,,3,,https://course.ntu.edu.tw/courses/114-2/30313
Web APP開發,何承遠,44280,IM5068,725U3960,選修,,"一 A,B,C",管一104,2 類,,3,,https://course.ntu.edu.tw/courses/114-2/44280
人機互動與使用者研究,畢南怡,21516,IM5071,725U3990,選修,,"一 7,8,9",管二304,2 類,,3,,https://course.ntu.edu.tw/courses/114-2/21516
雲原生應用程式開發,陳炳宇,38223,IM5072,725U4000,選修,,"二 7,8,9",管二104,2 類,,3,,https://course.ntu.edu.tw/courses/114-2/38223
文字檢索與探勘論文研討,陳建錦,33732,IM7041,725M3370,選修,,,,2 類,,2,,https://course.ntu.edu.tw/courses/114-2/33732
分散式系統論文研討二,莊裕澤,37724,IM7052,725M3480,選修,,,,2 類,,2,,https://course.ntu.edu.tw/courses/114-2/37724
資料探勘論文研討二,魏志平,29019,IM7073,725M3680,選修,,,,2 類,,2,,https://course.ntu.edu.tw/courses/114-2/29019
資管專題討論,陳靜枝,26768,IM7075,725U2340,必修,,"五 7,8",,2 類,,1,,https://course.ntu.edu.tw/courses/114-2/26768
資訊系統研發,曹承礎,27171,IM7076,725U2410,選修,,,,2 類,,3,,https://course.ntu.edu.tw/courses/114-2/27171
資訊經濟與最佳化論文研討二,孔令傑,30773,IM7094,725M3720,選修,,,,2 類,,2,,https://course.ntu.edu.tw/courses/114-2/30773
生產力最佳化與數據科學論文研討二,李家岩,37486,IM7101,725M3780,選修,,"二 10,A",管二研八,2 類,,2,,https://course.ntu.edu.tw/courses/114-2/37486
人機互動與電腦圖學論文研討二,陳炳宇,53106,IM7106,725M3820,選修,,,,2 類,,2,,https://course.ntu.edu.tw/courses/114-2/53106
人機互動與社群運算論文研討 二,畢南怡,32183,IM7109,725M3840,選修,,,,2 類,,2,,https://course.ntu.edu.tw/courses/114-2/32183
資訊管理論文研討,彭志宏,57415,IM7110,725M3850,選修,,,,2 類,,2,,https://course.ntu.edu.tw/courses/114-2/57415
資訊安全與人工智慧論文研討,孫雅麗,95119,IM7111,725M3860,必修,,"五 10,A,B",管二研八,2 類,,2,,https://course.ntu.edu.tw/courses/114-2/95119
碩士論文,,46242,IM7999,725M0010,必修,,,,1 類,,0,,https://course.ntu.edu.tw/courses/114-2/46242
資管博士論壇二,陳靜枝,45554,IM8027,725D3160,必修,,"五 7,8",,2 類,,1,,https://course.ntu.edu.tw/courses/114-2/45554
無線寬頻網路規劃與管理,林永松,14218,IM8033,725D3500,選修,,"四 10,A,B",管一403,2 類,,3,,https://course.ntu.edu.tw/courses/114-2/14218
博士論文,,36482,IM8999,725D0010,必修,,,,1 類,,0,,https://course.ntu.edu.tw/courses/114-2/36482
免疫學專題討論,柯俊榮,15768,Immuno7002,449M1080,必修,,"五 2,3,4",基醫505,1 類,,2,,https://course.ntu.edu.tw/courses/114-2/15768
細胞激素訊息傳遞專討下,李建國,19709,Immuno7009,449M1212,選修,,"二 2,3,4",R557,1 類,,2,,https://course.ntu.edu.tw/courses/114-2/19709
感染症免疫致病機制專題討論下,林志萱,24153,Immuno7019,449M1262,選修,,"三 6,7",R557,1 類,,2,,https://course.ntu.edu.tw/courses/114-2/24153
臨床免疫學,李建國,34867,Immuno7022,449M1290,必修,,"五 6,7",基醫505,1 類,,2,,https://course.ntu.edu.tw/courses/114-2/34867
疹病毒免疫專討下,顧家綺,16511,Immuno7026,449M1332,選修,,"二 2,3,4,5",小班教室01,1 類,,2,,https://course.ntu.edu.tw/courses/114-2/16511
腫瘤免疫學專題討論下,柯俊榮,36942,Immuno7029,449M1342,選修,,"一 2,3,4",R557,1 類,,2,,https://course.ntu.edu.tw/courses/114-2/36942
感染免疫學專題討論下,黃冠穎,22107,Immuno7031,449M1352,選修,,"四 6,7",R557,1 類,,2,,https://course.ntu.edu.tw/courses/114-2/22107
T細胞與巨噬細胞免疫專題討論下,繆希椿,57767,Immuno7033,449M1362,選修,,"二 2,3,4",,1 類,,2,,https://course.ntu.edu.tw/courses/114-2/57767
碩士論文,黃冠穎,56254,Immuno7999,449M0010,必修,,,,1 類,,0,,https://course.ntu.edu.tw/courses/114-2/56254
高等免疫學專題討論,黃冠穎,54611,Immuno8008,449D0030,必修,,"三 2,3,4",基醫505,1 類,,2,,https://course.ntu.edu.tw/courses/114-2/54611
博士論文,黃冠穎,24867,Immuno8999,449D0010,必修,,,,1 類,,0,,https://course.ntu.edu.tw/courses/114-2/24867
智慧醫療程式設計 (01)、(02),吳沛遠,38999,IMP5006,P56U9050,必修,,"三 7,8,9",,2 類,,3,,https://course.ntu.edu.tw/courses/114-2/38999
醫學電資整合創意專題(二),林忠緯,25161,IMP5007,P56U9060,必修 / 選修,,"二 10,A,B",基醫303,2 類,,3,,https://course.ntu.edu.tw/courses/114-2/25161
Python人工智慧程式設計入門,陳彥賓,35842,IMPS1004,H4110040,,,"三 7,8,9",綜302,2 類,,3,,https://course.ntu.edu.tw/courses/114-2/35842
跨領域實驗設計與統計方法,蘇士詠,95016,IMPS1005,H4110050,,,"四 2,3,4",普405,2 類,,3,,https://course.ntu.edu.tw/courses/114-2/95016
跨領域統計數據分析入門,陳彥賓,18823,IMPS5012,H41U0140,,,"二 7,8,9",博雅201,2 類,,3,,https://course.ntu.edu.tw/courses/114-2/18823
碩士論文,,55418,IMPS7005,H41M0010,必修,,,,1 類,,0,,https://course.ntu.edu.tw/courses/114-2/55418
專題討論,蘇士詠,39206,IMPS7006,H41M0020,必修,,四 9,,2 類,,1,,https://course.ntu.edu.tw/courses/114-2/39206
Python程式設計與實務應用,張佑成,13475,IMPS7007,H41M0090,必修 / 選修,,"五 7,8,9",,2 類,,3,,https://course.ntu.edu.tw/courses/114-2/13475
認識全球與在地國際化,袁孝維,14424,INTL2200,I0022000,,,"四 8,9",普103,2 類,,2,,https://course.ntu.edu.tw/courses/114-2/14424
理解氣候變遷,任昊佳,55036,IPCS1003,24710030,,,"五 3,4",全變中心G202,2 類,,2,,https://course.ntu.edu.tw/courses/114-2/55036
氣候變遷對策：地球急轉彎,陳怡秀,28131,IPCS1005,24710050,,,"三 5,6,7",綜401,2 類,,3,,https://course.ntu.edu.tw/courses/114-2/28131
氣候變遷與人居環境議題實作,謝宜桓,29214,IPCS5013,247U0060,必修,,"三 8,9,10",全變中心G202,2 類,,3,,https://course.ntu.edu.tw/courses/114-2/29214
環境變遷下的行為生態學,孫烜駿,24387,IPCS5051,247U2270,選修,,"三 6,7",全變中心G202,2 類,,2,,https://course.ntu.edu.tw/courses/114-2/24387
空間生態學與保育應用分析I,陳怡秀,41957,IPCS5065,247U2390,選修,,"二 6,7,8",全變中心G202,2 類,,3,,https://course.ntu.edu.tw/courses/114-2/41957
空間生態學與保育應用分析II,陳怡秀,28294,IPCS5066,247U2400,選修,,"四 6,7,8",全變中心G202,2 類,,3,,https://course.ntu.edu.tw/courses/114-2/28294
海洋魚群永續之調查與評估,王慧瑜,58992,IPCS5067,247U2410,選修,,"五 6,7",全變中心G202,2 類,,2,,https://course.ntu.edu.tw/courses/114-2/58992
氣候變遷與宗教,簡旭伸,46776,IPCS5068,247U2420,選修,,"三 A,B",全變中心G202,2 類,,2,,https://course.ntu.edu.tw/courses/114-2/46776
專題討論二,孫烜駿,22871,IPCS7011,247M0060,必修,,"六 10,A",,1 類,,1,,https://course.ntu.edu.tw/courses/114-2/22871
專題討論三,孫烜駿,42250,IPCS7012,247M0070,必修,,"一 6,7",全變中心G202,1 類,,1,,https://course.ntu.edu.tw/courses/114-2/42250
專題討論四,孫烜駿,52190,IPCS7013,247M0080,必修,,"一 6,7",,1 類,,1,,https://course.ntu.edu.tw/courses/114-2/52190
前瞻議題III & IV: 微型感測與災害治理,謝宜桓,43141,IPCS7041,247M0330,必修 / 選修,,"五 8,9",全變中心G202,2 類,,1,,https://course.ntu.edu.tw/courses/114-2/43141
永續轉型理論與應用,趙家緯,41933,IPCS7045,247M2080,選修,,"四 10,A",全變中心G202,2 類,,2,,https://course.ntu.edu.tw/courses/114-2/41933
環境變遷下的行為生態學實習,孫烜駿,18103,IPCS7047,247M2110,選修,,"六 7,8,9",全變中心G202,2 類,,3,,https://course.ntu.edu.tw/courses/114-2/18103
多樣化人類世,廖昱凱,56829,IPCS7049,247M2130,選修,,"三 2,3,4",全變中心G202,2 類,,3,,https://course.ntu.edu.tw/courses/114-2/56829
氣候變遷下的極端事件,徐辛,55360,IPCS7050,247M2140,選修,,"二 3,4",全變中心G202,2 類,,1,,https://course.ntu.edu.tw/courses/114-2/55360
探索CMIP6：從概念到實務資料分析,徐辛,51205,IPCS7051,247M2150,選修,,"四 3,4",全變中心G202,2 類,,2,,https://course.ntu.edu.tw/courses/114-2/51205
碩士論文,羅敏輝,52279,IPCS7999,247M0010,必修,,,,1 類,,0,,https://course.ntu.edu.tw/courses/114-2/52279
專題討論二,孫烜駿,34056,IPCS8002,247D0040,必修,,"六 10,A",全變中心G202,1 類,,1,,https://course.ntu.edu.tw/courses/114-2/34056
專題討論五,羅敏輝,42577,IPCS8005,247D0070,必修,,"一 6,7",,1 類,,1,,https://course.ntu.edu.tw/courses/114-2/42577
獨立研究,林子倫,15950,IPCS8007,247D0090,選修,,,,2 類,,2,,https://course.ntu.edu.tw/courses/114-2/15950
獨立研究,謝宜桓,95075,IPCS8007,247D0090,選修,,,,2 類,,2,,https://course.ntu.edu.tw/courses/114-2/95075
博士論文,羅敏輝,10876,IPCS8008,248D0010,必修,,,,1 類,,0,,https://course.ntu.edu.tw/courses/114-2/10876
博士論文,羅敏輝,95074,IPCS8999,247D0010,必修,,,,1 類,,0,,https://course.ntu.edu.tw/courses/114-2/95074
新聞寫作,劉力仁,38388,JOUR3001,34230010,,,"五 7,8,9",新聞401,2 類,,3,,https://course.ntu.edu.tw/courses/114-2/38388
媒體素養,洪貞玲,17934,JOUR3003,34230030,,,"二 7,8,9",新聞103,2 類,,3,,https://course.ntu.edu.tw/courses/114-2/17934
當代媒體實務講座,詹怡宜,33444,JOUR3004,34230040,,,"五 3,4",普101,2 類,,2,,https://course.ntu.edu.tw/courses/114-2/33444
資訊科技與資訊社會,徐洛文,15720,JOUR5004,342U1110,選修,,"一 2,3,4",新聞401,2 類,,3,,https://course.ntu.edu.tw/courses/114-2/15720
新聞資料處理與視覺呈現,謝吉隆,59895,JOUR5014,342U1250,選修,,"一 2,3,4",新聞103,2 類,,3,,https://course.ntu.edu.tw/courses/114-2/59895
言論自由與社會,徐洛文,44132,JOUR5023,342U1330,選修,,"三 7,8,9",新聞401,2 類,,3,,https://course.ntu.edu.tw/courses/114-2/44132
時事論壇製作實務,詹怡宜,26075,JOUR5024,342U1340,選修,,"五 8,9,10",新聞103,2 類,,3,,https://course.ntu.edu.tw/courses/114-2/26075
傳播研究方法,劉好迪,16276,JOUR7012,342M1380,選修,,"二 7,8,9",新聞308,3 類,,3,,https://course.ntu.edu.tw/courses/114-2/16276
英文新聞寫作,谷玲玲,31600,JOUR7025,342M2290,選修,,"四 6,7,8,9,10",新聞304,2 類,,3,,https://course.ntu.edu.tw/courses/114-2/31600
採訪寫作二,梁玉芳,34750,JOUR7079,342M2950,選修,,"四 5,6,7,8,9,10",新聞308,2 類,,3,,https://course.ntu.edu.tw/courses/114-2/34750
影像報導二,詹怡宜,35487,JOUR7081,342M2970,選修,,"二 10,A,B,C,D",新聞103,2 類,,3,,https://course.ntu.edu.tw/courses/114-2/35487
新聞編輯與資訊設計,李彥甫,13312,JOUR7083,342M2990,必修,,"三 1,2,3,4,5",新聞401,2 類,,3,,https://course.ntu.edu.tw/courses/114-2/13312
社群媒介輿論分析,謝吉隆,12216,JOUR7088,342M3040,選修,,"五 2,3,4",新聞315,2 類,,3,,https://course.ntu.edu.tw/courses/114-2/12216
社群媒體與社會網絡分析,劉好迪,28289,JOUR7094,342M3100,選修,,"一 7,8,9",新聞315,2 類,,3,,https://course.ntu.edu.tw/courses/114-2/28289
傳播與文化研究專題,蔡蕙如,15112,JOUR7097,342M3130,選修,,"二 2,3,4",新聞313,2 類,,3,,https://course.ntu.edu.tw/courses/114-2/15112
數位創新與媒體管理,吳琬瑜,26675,JOUR7098,342M3140,選修,,"一 10,A,B",新聞304,2 類,,3,,https://course.ntu.edu.tw/courses/114-2/26675
科技、社會與傳播研究,蔡蕙如,56644,JOUR7099,342M3150,選修,,"一 7,8,9",新聞313,2 類,,3,,https://course.ntu.edu.tw/courses/114-2/56644
碩士論文,,41672,JOUR7999,342M0010,必修,,,,1 類,,0,,https://course.ntu.edu.tw/courses/114-2/41672
服務學習甲,田世民,11005,JpnL0001,107001G0,選修,,,,2 類,,1,,https://course.ntu.edu.tw/courses/114-2/11005
服務學習甲,守時愛里,39784,JpnL0001,107001G0,選修,,,,2 類,,1,,https://course.ntu.edu.tw/courses/114-2/39784
服務學習甲,洪瑟君,44846,JpnL0001,107001G0,選修,,,,2 類,,1,,https://course.ntu.edu.tw/courses/114-2/44846
服務學習乙,王憶雲,55887,JpnL0002,107001H0,選修,,,,2 類,,1,,https://course.ntu.edu.tw/courses/114-2/55887
服務學習乙,陳昭心,33023,JpnL0002,107001H0,選修,,,,2 類,,1,,https://course.ntu.edu.tw/courses/114-2/33023
服務學習乙,王憶雲,53265,JpnL0002,107001H0,選修,,,,2 類,,1,,https://course.ntu.edu.tw/courses/114-2/53265
日文下,劉沅華,02002,JpnL1002,10780012,必修,,"一 3,4,5",共307,2 類,,3,,https://course.ntu.edu.tw/courses/114-2/02002
日文下,李欣倫,02003,JpnL1002,10780012,必修,,"二 5,6,7",普201,2 類,,3,,https://course.ntu.edu.tw/courses/114-2/02003
日文下,黃意婷,02007,JpnL1002,10780012,必修,,"三 2,3,4",共407,2 類,,3,,https://course.ntu.edu.tw/courses/114-2/02007
日文下,村上理奈,02004,JpnL1002,10780012,必修,,"四 8,9,10",共307,2 類,,3,,https://course.ntu.edu.tw/courses/114-2/02004
日文下,李禹錫,02005,JpnL1002,10780012,必修,,"四 8,9,10",共406,2 類,,3,,https://course.ntu.edu.tw/courses/114-2/02005
日文下,楊又儒,02006,JpnL1002,10780012,必修,,"二 8,9,10",共306,2 類,,3,,https://course.ntu.edu.tw/courses/114-2/02006
日文下,曾寶儀,02008,JpnL1002,10780012,必修,,"三 2,3,4",共308,2 類,,3,,https://course.ntu.edu.tw/courses/114-2/02008
初級日語下,林立萍,41939,JpnL1008,10710112,必帶,,"二 6,7 / 四 8,9",普405/普202,2 類,,4,,https://course.ntu.edu.tw/courses/114-2/41939
日語會話一下,林欣慧,46231,JpnL1012,10710222,必帶,,"一 3,4 / 四 3,4",普306/共402,2 類,,4,,https://course.ntu.edu.tw/courses/114-2/46231
日語會話一下,服部美貴,35117,JpnL1012,10710222,必帶,,"一 6,7 / 四 3,4",普304/共304,2 類,,4,,https://course.ntu.edu.tw/courses/114-2/35117
日語會話一下,黃鈺涵,49502,JpnL1012,10710222,必帶,,"一 3,4 / 三 3,4",普406/普505,2 類,,4,,https://course.ntu.edu.tw/courses/114-2/49502
日文習作一下,田世民,49326,JpnL1014,10710312,必帶,,"三 3,4",普401,2 類,,2,,https://course.ntu.edu.tw/courses/114-2/49326
日文習作一下,洪瑟君,45463,JpnL1014,10710312,必帶,,"三 8,9",普301,2 類,,2,,https://course.ntu.edu.tw/courses/114-2/45463
日文習作一下,陳昭心,23237,JpnL1014,10710312,必帶,,"四 6,7",共307,2 類,,2,,https://course.ntu.edu.tw/courses/114-2/23237
日語聽講實習下,陳昭心,50020,JpnL1016,10710402,必帶,,"五 3,4",普202,2 類,,2,,https://course.ntu.edu.tw/courses/114-2/50020
日語聽講實習下,黃鈺涵,28351,JpnL1016,10710402,必帶,,"四 6,7",普204,2 類,,2,,https://course.ntu.edu.tw/courses/114-2/28351
日語聽講實習下,洪瑟君,49700,JpnL1016,10710402,必帶,,"四 3,4",共306,2 類,,2,,https://course.ntu.edu.tw/courses/114-2/49700
中級日語下,林慧君,17811,JpnL2002,10720102,必帶,,"四 3,4,5",普204,2 類,,3,,https://course.ntu.edu.tw/courses/114-2/17811
中級日語下,陳昭心,18644,JpnL2002,10720102,必帶,,"一 2,3,4",普304,2 類,,3,,https://course.ntu.edu.tw/courses/114-2/18644
日語會話二下,堀越和男,21783,JpnL2004,10720222,必帶,,"三 8,9,10",共202,2 類,,3,,https://course.ntu.edu.tw/courses/114-2/21783
日語會話二下,守時愛里,50356,JpnL2004,10720222,必帶,,"四 8,9,10",普201,2 類,,3,,https://course.ntu.edu.tw/courses/114-2/50356
日語會話二下,服部美貴,29988,JpnL2004,10720222,必帶,,"二 8,9,10",普201,2 類,,3,,https://course.ntu.edu.tw/courses/114-2/29988
日語語法下,林慧君,16190,JpnL2006,10720302,必帶,,"三 2,3,4",普205,2 類,,3,,https://course.ntu.edu.tw/courses/114-2/16190
日文習作二下,守時愛里,29260,JpnL2010,10720422,必帶,,"一 3,4",普504,2 類,,2,,https://course.ntu.edu.tw/courses/114-2/29260
日文習作二下,服部美貴,19673,JpnL2010,10720422,必帶,,"四 1,2",共304,2 類,,2,,https://course.ntu.edu.tw/courses/114-2/19673
日文翻譯一下,朱秋而,41429,JpnL2012,10720502,必帶,,"二 8,9",普505,2 類,,2,,https://course.ntu.edu.tw/courses/114-2/41429
日文翻譯一下,王憶雲,16776,JpnL2012,10720502,必帶,,"五 3,4",普303,2 類,,2,,https://course.ntu.edu.tw/courses/114-2/16776
日文一下,劉伊涵,18203,JpnL2018,10722512,選修,,"一 2,3,4",共305,2 類,,3,,https://course.ntu.edu.tw/courses/114-2/18203
日文一下,彭誼芝,48725,JpnL2018,10722512,選修,,"一 3,4,5",共406,2 類,,3,,https://course.ntu.edu.tw/courses/114-2/48725
日文一下,李禹錫,53603,JpnL2018,10722512,選修,,"一 8,9,10",共305,2 類,,3,,https://course.ntu.edu.tw/courses/114-2/53603
日文一下,林姿妙,45271,JpnL2018,10722512,必修,,"五 2,3,4",共407,2 類,,3,,https://course.ntu.edu.tw/courses/114-2/45271
日文一下,村上理奈,39313,JpnL2018,10722512,選修,,"一 2,3,4",共303,2 類,,3,,https://course.ntu.edu.tw/courses/114-2/39313
日文一下,李禹錫,55228,JpnL2018,10722512,選修,,"一 5,6,7",共302,2 類,,3,,https://course.ntu.edu.tw/courses/114-2/55228
日文一下,林姿妙,11308,JpnL2018,10722512,選修,,"二 3,4,5",共306,2 類,,3,,https://course.ntu.edu.tw/courses/114-2/11308
日文一下,劉伊涵,57121,JpnL2018,10722512,選修,,"一 5,6,7",共305,2 類,,3,,https://course.ntu.edu.tw/courses/114-2/57121
日文一下,江佩璇,48168,JpnL2018,10722512,選修,,"二 2,3,4",共307,2 類,,3,,https://course.ntu.edu.tw/courses/114-2/48168
日文一下,彭誼芝,13851,JpnL2018,10722512,選修,,"二 3,4,5",共407,2 類,,3,,https://course.ntu.edu.tw/courses/114-2/13851
日文一下,許惠晴,14654,JpnL2018,10722512,選修,,"二 5,6,7",共403,2 類,,3,,https://course.ntu.edu.tw/courses/114-2/14654
日文一下,李禹錫,33450,JpnL2018,10722512,選修,,"二 5,6,7",共404,2 類,,3,,https://course.ntu.edu.tw/courses/114-2/33450
日文一下,江佩璇,36463,JpnL2018,10722512,選修,,"二 5,6,7",共405,2 類,,3,,https://course.ntu.edu.tw/courses/114-2/36463
日文一下,李禹錫,11275,JpnL2018,10722512,選修,,"二 8,9,10",共404,2 類,,3,,https://course.ntu.edu.tw/courses/114-2/11275
日文一下,楊又儒,59669,JpnL2018,10722512,選修,,"二 3,4,5",共305,2 類,,3,,https://course.ntu.edu.tw/courses/114-2/59669
日文一下,賴建樺,10439,JpnL2018,10722512,選修,,"二 5,6,7",共308,2 類,,3,,https://course.ntu.edu.tw/courses/114-2/10439
日文一下,村上理奈,47351,JpnL2018,10722512,選修,,"三 3,4,5",共307,2 類,,3,,https://course.ntu.edu.tw/courses/114-2/47351
日文一下,洪淑娟,15722,JpnL2018,10722512,選修,,"三 5,6,7",共303,2 類,,3,,https://course.ntu.edu.tw/courses/114-2/15722
日文一下,張鈞竹,39276,JpnL2018,10722512,選修,,"三 5,6,7",共302,2 類,,3,,https://course.ntu.edu.tw/courses/114-2/39276
日文一下,黃意婷,11859,JpnL2018,10722512,選修,,"三 5,6,7",共407,2 類,,3,,https://course.ntu.edu.tw/courses/114-2/11859
日文一下,曾寶儀,20319,JpnL2018,10722512,選修,,"三 5,6,7",共308,2 類,,3,,https://course.ntu.edu.tw/courses/114-2/20319
日文一下,池田晶子,40140,JpnL2018,10722512,選修,,"三 8,9,10",共304,2 類,,3,,https://course.ntu.edu.tw/courses/114-2/40140
日文一下,村上理奈,51302,JpnL2018,10722512,選修,,"三 8,9,10",共306,2 類,,3,,https://course.ntu.edu.tw/courses/114-2/51302
日文一下,楊又儒,30023,JpnL2018,10722512,選修,,"三 8,9,10",共305,2 類,,3,,https://course.ntu.edu.tw/courses/114-2/30023
日文一下,彭誼芝,21558,JpnL2018,10722512,選修,,"四 3,4,5",共404,2 類,,3,,https://course.ntu.edu.tw/courses/114-2/21558
日文一下,劉沅華,13073,JpnL2018,10722512,選修,,"四 3,4,5",共305,2 類,,3,,https://course.ntu.edu.tw/courses/114-2/13073
日文一下,李欣倫,30358,JpnL2018,10722512,選修,,"四 5,6,7",共202,2 類,,3,,https://course.ntu.edu.tw/courses/114-2/30358
日文一下,林姿妙,21188,JpnL2018,10722512,選修,,"四 3,4,5",共302,2 類,,3,,https://course.ntu.edu.tw/courses/114-2/21188
日文一下,張鈞竹,27910,JpnL2018,10722512,選修,,"四 8,9,10",共303,2 類,,3,,https://course.ntu.edu.tw/courses/114-2/27910
日文一下,賴建樺,39554,JpnL2018,10722512,選修,,"四 8,9,10",共308,2 類,,3,,https://course.ntu.edu.tw/courses/114-2/39554
日文一下,楊又儒,24222,JpnL2018,10722512,選修,,"三 2,3,4",共402,2 類,,3,,https://course.ntu.edu.tw/courses/114-2/24222
日文一下,池田晶子,36977,JpnL2018,10722512,選修,,"一 8,9,10",共308,2 類,,3,,https://course.ntu.edu.tw/courses/114-2/36977
日文一下,許惠晴,43938,JpnL2018,10722512,選修,,"四 5,6,7",共306,2 類,,3,,https://course.ntu.edu.tw/courses/114-2/43938
日文一下,洪淑娟,34424,JpnL2018,10722512,選修,,"五 2,3,4",共306,2 類,,3,,https://course.ntu.edu.tw/courses/114-2/34424
日文一下,洪淑娟,56819,JpnL2018,10722512,選修,,"五 5,6,7",共306,2 類,,3,,https://course.ntu.edu.tw/courses/114-2/56819
日文一下,張鈞竹,52409,JpnL2018,10722512,選修,,"五 5,6,7",共303,2 類,,3,,https://course.ntu.edu.tw/courses/114-2/52409
日本文學與文化導讀,朱秋而,31331,JpnL2019,10720800,選修,,"一 8,9",普403,2 類,,2,,https://course.ntu.edu.tw/courses/114-2/31331
日本語言學概論下,林立萍,54411,JpnL3002,10730102,必帶,,"二 8,9",普306,2 類,,2,,https://course.ntu.edu.tw/courses/114-2/54411
日本文學史下,曹景惠,22598,JpnL3004,10730202,必帶,,"二 3,4,5",普501,2 類,,3,,https://course.ntu.edu.tw/courses/114-2/22598
日本文學名著選讀下,洪瑟君,50863,JpnL3008,10730302,必帶,,"五 3,4",普201,2 類,,2,,https://course.ntu.edu.tw/courses/114-2/50863
日文翻譯二下,服部美貴,18572,JpnL3010,10730422,必帶,,"一 3,4",普402,2 類,,2,,https://course.ntu.edu.tw/courses/114-2/18572
日文翻譯二下,服部美貴,18877,JpnL3010,10730422,必帶,,"三 3,4",普202,2 類,,2,,https://course.ntu.edu.tw/courses/114-2/18877
高級日語下,田世民,16513,JpnL3012,10730502,必帶,,"四 3,4",普501,2 類,,2,,https://course.ntu.edu.tw/courses/114-2/16513
高級日語下,朱秋而,37609,JpnL3012,10730502,必帶,,"四 3,4",共102,2 類,,2,,https://course.ntu.edu.tw/courses/114-2/37609
日文二下,曾寶儀,16940,JpnL3048,10732522,選修,,"一 2,3,4",共407,2 類,,3,,https://course.ntu.edu.tw/courses/114-2/16940
日文二下,江佩璇,21820,JpnL3048,10732522,選修,,"一 3,4,5",共306,2 類,,3,,https://course.ntu.edu.tw/courses/114-2/21820
日文二下,李欣倫,20995,JpnL3048,10732522,選修,,"一 5,6,7",共304,2 類,,3,,https://course.ntu.edu.tw/courses/114-2/20995
日文二下,曾寶儀,15257,JpnL3048,10732522,選修,,"一 5,6,7",共407,2 類,,3,,https://course.ntu.edu.tw/courses/114-2/15257
日文二下,石川隆男,33812,JpnL3048,10732522,選修,,"二 2,3,4",共303,2 類,,3,,https://course.ntu.edu.tw/courses/114-2/33812
日文二下,劉沅華,14798,JpnL3048,10732522,選修,,"一 8,9,10",共407,2 類,,3,,https://course.ntu.edu.tw/courses/114-2/14798
日文二下,石川隆男,50062,JpnL3048,10732522,選修,,"二 5,6,7",共303,2 類,,3,,https://course.ntu.edu.tw/courses/114-2/50062
日文二下,李欣倫,28669,JpnL3048,10732522,選修,,"一 8,9,10",共304,2 類,,3,,https://course.ntu.edu.tw/courses/114-2/28669
日文二下,許惠晴,29774,JpnL3048,10732522,選修,,"三 5,6,7",共202,2 類,,3,,https://course.ntu.edu.tw/courses/114-2/29774
日文二下,江佩璇,32837,JpnL3048,10732522,選修,,"三 5,6,7",共404,2 類,,3,,https://course.ntu.edu.tw/courses/114-2/32837
日文二下,張鈞竹,59256,JpnL3048,10732522,選修,,"三 8,9,10",共302,2 類,,3,,https://course.ntu.edu.tw/courses/114-2/59256
日文二下,劉伊涵,47606,JpnL3048,10732522,選修,,"四 2,3,4",共407,2 類,,3,,https://course.ntu.edu.tw/courses/114-2/47606
日文二下,洪淑娟,50132,JpnL3048,10732522,選修,,"三 8,9,10",共303,2 類,,3,,https://course.ntu.edu.tw/courses/114-2/50132
日文二下,劉伊涵,33983,JpnL3048,10732522,選修,,"四 5,6,7",共407,2 類,,3,,https://course.ntu.edu.tw/courses/114-2/33983
日文二下,黃意婷,11017,JpnL3048,10732522,必修,,"四 7,8,9",共404,2 類,,3,,https://course.ntu.edu.tw/courses/114-2/11017
日文二下,賴建樺,57404,JpnL3048,10732522,選修,,"五 3,4,5",共305,2 類,,3,,https://course.ntu.edu.tw/courses/114-2/57404
日文二下,劉沅華,36603,JpnL3048,10732522,選修,,"四 8,9,10",共306,2 類,,3,,https://course.ntu.edu.tw/courses/114-2/36603
日文二下,黃意婷,42023,JpnL3048,10732522,選修,,"四 3,4,5",共307,2 類,,3,,https://course.ntu.edu.tw/courses/114-2/42023
日文二下,池田晶子,30925,JpnL3048,10732522,選修,,"五 5,6,7",共307,2 類,,3,,https://course.ntu.edu.tw/courses/114-2/30925
日文二下,彭誼芝,23559,JpnL3048,10732522,選修,,"五 3,4,5",共308,2 類,,3,,https://course.ntu.edu.tw/courses/114-2/23559
商用日文,石川隆男,29228,JpnL3050,10710520,必修 / 選修,,"三 6,7",普201,2 類,,2,,https://course.ntu.edu.tw/courses/114-2/29228
日本思想名著選讀下,田世民,19343,JpnL3058,10732402,選修,,"三 8,9",普202,2 類,,2,,https://course.ntu.edu.tw/courses/114-2/19343
日文研究文獻導讀二,林慧君,46995,JpnL3069,10733120,選修,,"二 6,7",普202,2 類,,2,,https://course.ntu.edu.tw/courses/114-2/46995
日本戲劇導讀與多媒體下,王憶雲,35678,JpnL3071,10732312,選修,,"四 8,9",普204,2 類,,2,,https://course.ntu.edu.tw/courses/114-2/35678
日語教學設計與實踐,黃鈺涵,12369,JpnL3076,10733020,選修,,"一 6,7",普204,2 類,,2,,https://course.ntu.edu.tw/courses/114-2/12369
日本近現代文學選讀下,王憶雲,32579,JpnL4004,10740112,選修,,"四 3,4",普404,2 類,,2,,https://course.ntu.edu.tw/courses/114-2/32579
日本古典文學選讀下,朱秋而,51364,JpnL4021,10741002,必帶,,"四 8,9",普503,2 類,,2,,https://course.ntu.edu.tw/courses/114-2/51364
日文三下,守時愛里,18095,JpnL4030,10742532,選修,,"二 3,4,5",普405,2 類,,3,,https://course.ntu.edu.tw/courses/114-2/18095
日文三下,黃意婷,37308,JpnL4030,10742532,選修,,"五 2,3,4",共203,2 類,,3,,https://course.ntu.edu.tw/courses/114-2/37308
日文三下,劉沅華,27126,JpnL4030,10742532,選修,,"三 2,3,4",共104,2 類,,3,,https://course.ntu.edu.tw/courses/114-2/27126
日文三下,曾寶儀,47242,JpnL4030,10742532,選修,,"四 2,3,4",共303,2 類,,3,,https://course.ntu.edu.tw/courses/114-2/47242
日文三下,石川隆男,28130,JpnL4030,10742532,選修,,"三 8,9,10",普201,2 類,,3,,https://course.ntu.edu.tw/courses/114-2/28130
日文三下,劉伊涵,38366,JpnL4030,10742532,選修,,"二 5,6,7",普505,2 類,,3,,https://course.ntu.edu.tw/courses/114-2/38366
專題討論下,黃鈺涵,39442,JpnL4035,10741502,選修,,,,2 類,,1,,https://course.ntu.edu.tw/courses/114-2/39442
中日詩歌比較研究下,朱秋而,13513,JpnL7001,127M0812,選修,,"二 6,7",,2 類,,2,,https://course.ntu.edu.tw/courses/114-2/13513
日本近現代文學研究下,王憶雲,58980,JpnL7050,127M0902,選修,,"三 8,9",,2 類,,2,,https://course.ntu.edu.tw/courses/114-2/58980
日語教育學研究下,黃鈺涵,35209,JpnL7056,127M1802,選修,,"四 3,4",,2 類,,2,,https://course.ntu.edu.tw/courses/114-2/35209
日本語彙與表現之研究下,林立萍,19097,JpnL7062,127M1712,選修,,"四 6,7",,2 類,,2,,https://course.ntu.edu.tw/courses/114-2/19097
近代中日文化思想交流史研究下,徐興慶,15109,JpnL7064,127M2112,選修,,"一 3,4",,2 類,,2,,https://course.ntu.edu.tw/courses/114-2/15109
近代日本的中國認識與亞洲論下,何思慎,45835,JpnL7070,127M2312,選修,,"一 6,7",,2 類,,2,,https://course.ntu.edu.tw/courses/114-2/45835
日本近代南洋文學研究下,洪瑟君,27988,JpnL7072,127M0312,選修,,"三 3,4",,2 類,,2,,https://course.ntu.edu.tw/courses/114-2/27988
日語語法學專題研究二,林慧君,19109,JpnL7074,127M2020,選修,,"二 3,4",,2 類,,2,,https://course.ntu.edu.tw/courses/114-2/19109
日語對比語言學專題研究二,陳昭心,20543,JpnL7076,127M1920,選修,,"一 8,9",,2 類,,2,,https://course.ntu.edu.tw/courses/114-2/20543
日本物語文學研究二,林欣慧,58624,JpnL7084,127M0120,選修,,"一 6,7",,2 類,,2,,https://course.ntu.edu.tw/courses/114-2/58624
近代日本思想專題研究二,田世民,56580,JpnL7088,127M2620,選修,,"二 8,9",,2 類,,2,,https://course.ntu.edu.tw/courses/114-2/56580
碩士論文,,25946,JpnL7999,127M0010,必修,,,,1 類,,0,,https://course.ntu.edu.tw/courses/114-2/25946
服務學習甲,林春元,39117,LAW0004,A01001G0,選修,,,,1 類,,1,,https://course.ntu.edu.tw/courses/114-2/39117
服務學習甲,陳皓芸,18205,LAW0004,A01001G0,選修,,,,1 類,,1,,https://course.ntu.edu.tw/courses/114-2/18205
服務學習甲,張譯文,18280,LAW0004,A01001G0,選修,,,,1 類,,1,,https://course.ntu.edu.tw/courses/114-2/18280
服務學習甲,陳衍任,40798,LAW0004,A01001G0,選修,,,,1 類,,1,,https://course.ntu.edu.tw/courses/114-2/40798
服務學習甲,黃種甲,20365,LAW0004,A01001G0,選修,,,,1 類,,1,,https://course.ntu.edu.tw/courses/114-2/20365
服務學習甲,羅懋緯,42059,LAW0004,A01001G0,選修,,,,1 類,,1,,https://course.ntu.edu.tw/courses/114-2/42059
服務學習乙,王皇玉,17701,LAW0005,A01001H0,選修,,,,1 類,,1,,https://course.ntu.edu.tw/courses/114-2/17701
服務學習乙,吳從周,24793,LAW0005,A01001H0,選修,,,,1 類,,1,,https://course.ntu.edu.tw/courses/114-2/24793
服務學習乙,黃詩淳,45817,LAW0005,A01001H0,選修,,,,1 類,,1,,https://course.ntu.edu.tw/courses/114-2/45817
民法物權,黃詩淳,23729,LAW1077,A0116140,必修,,"四 2,3,4",萬2311,2 類,,3,,https://course.ntu.edu.tw/courses/114-2/23729
法理學,莊世同,49069,LAW2011,A0120130,必修,,"四 6,7",萬2311,2 類,,2,,https://course.ntu.edu.tw/courses/114-2/49069
刑法總則二,周漾沂,24261,LAW2054,A0125240,必修,,"五 6,7,8",萬2201,2 類,,3,,https://course.ntu.edu.tw/courses/114-2/24261
刑法總則二,謝煜偉,18338,LAW2054,A0125240,必修,,"一 2,3,4",萬2201,3 類,,3,,https://course.ntu.edu.tw/courses/114-2/18338
刑法總則二,黃種甲,37101,LAW2054,A0125240,必修,,"二 6,7,8",霖1304,2 類,,3,,https://course.ntu.edu.tw/courses/114-2/37101
刑法分則,王皇玉,24160,LAW2055,A0125200,必修,,"一 8,9 / 三 3,4",萬2311,2 類,,4,,https://course.ntu.edu.tw/courses/114-2/24160
刑法分則進階,許恒達,19437,LAW2057,A0125310,選修,,"一 3,4",萬2101,2 類,,2,,https://course.ntu.edu.tw/courses/114-2/19437
民法專題討論,張譯文,51936,LAW2071,A0127710,選修,,"五 6,7",霖研五1702,2 類,,2,,https://course.ntu.edu.tw/courses/114-2/51936
票據及支付工具法,邵慶平,22035,LAW2087,A0128140,選修,,"一 8,9",霖1403,2 類,,2,,https://course.ntu.edu.tw/courses/114-2/22035
勞動法,徐婉寧,44575,LAW2088,A0128150,選修,,"一 3,4",萬2311,2 類,,2,,https://course.ntu.edu.tw/courses/114-2/44575
國際公法,姜皇池,46145,LAW2090,A0128200,必修,,"二 3,4",霖1401,2 類,,2,,https://course.ntu.edu.tw/courses/114-2/46145
英美法導論,張文貞,45500,LAW2120,A0129100,選修,,"二 8,9",霖1303,2 類,,2,,https://course.ntu.edu.tw/courses/114-2/45500
刑事憲法學導論,薛智仁,23836,LAW3011,A0130590,選修,,"一 3,4",霖1401,3 類,,2,,https://course.ntu.edu.tw/courses/114-2/23836
地方自治法,孫迺翊,21345,LAW3050,A0130570,選修,,"二 3,4",霖1403,2 類,,2,,https://course.ntu.edu.tw/courses/114-2/21345
財稅法,葛克昌,40157,LAW3085,A0131350,選修,,"五 7,8",霖1403,2 類,,2,,https://course.ntu.edu.tw/courses/114-2/40157
信託與退休金法,余雪明,25390,LAW3110,A0131700,選修,,"一 8,9",霖1506,2 類,,2,,https://course.ntu.edu.tw/courses/114-2/25390
行政法,林明鏘,32504,LAW3160,A0133100,必修,,"一 6,7 / 二 3,4",萬2101,2 類,,4,,https://course.ntu.edu.tw/courses/114-2/32504
行政救濟法,李建良,55303,LAW3161,A0133120,必修,,"一 8,9",萬2201,2 類,,2,,https://course.ntu.edu.tw/courses/114-2/55303
行政救濟法,陳衍任,26775,LAW3161,A0133120,必修,,"一 6,7",萬2201,2 類,,2,,https://course.ntu.edu.tw/courses/114-2/26775
勞工法專題討論一,王能君,36416,LAW3185,A0133460,選修,,"二 8,9",霖研四1701,2 類,,2,,https://course.ntu.edu.tw/courses/114-2/36416
憲法訴訟法,蘇慧婕,31349,LAW3187,A0137990,選修,,"五 6,7",萬2101,2 類,,2,,https://course.ntu.edu.tw/courses/114-2/31349
刑事政策,謝煜偉,23321,LAW3230,A0134200,選修,,"二 3,4",萬2311,3 類,,2,,https://course.ntu.edu.tw/courses/114-2/23321
刑事訴訟法,林鈺雄,27079,LAW3260,A0135310,必修,,"二 6,7,8,9",萬2311,2 類,,4,,https://course.ntu.edu.tw/courses/114-2/27079
民事訴訟法甲下,沈冠伶,45611,LAW3272,A01361A2,必修,,"三 3,4 / 五 3,4",萬2101,2 類,,3,,https://course.ntu.edu.tw/courses/114-2/45611
民事訴訟法甲下,吳從周,22381,LAW3272,A01361A2,必修,,"四 6,7,9,10",萬2201,3 類,,3,,https://course.ntu.edu.tw/courses/114-2/22381
民事訴訟法甲下,陳瑋佑,34616,LAW3272,A01361A2,必修,,"三 3,4 / 五 3,4",霖1401,2 類,,3,,https://course.ntu.edu.tw/courses/114-2/34616
民法債編各論,吳從周,41575,LAW3281,A0137210,必修,,"二 9,10,A",霖1401,2 類,,3,,https://course.ntu.edu.tw/courses/114-2/41575
民法債編各論,陳皓芸,14768,LAW3281,A0137210,必修,,"四 6,7,8",萬2101,2 類,,3,,https://course.ntu.edu.tw/courses/114-2/14768
民法身分法,陳韻如,31576,LAW3282,A0131440,必修,,"二 6,7,8",萬2101,2 類,,3,,https://course.ntu.edu.tw/courses/114-2/31576
保險法,陳肇鴻,20944,LAW3301,A0138300,必修,,"一 6,7",霖1401,2 類,,2,,https://course.ntu.edu.tw/courses/114-2/20944
海商法,汪信君,42448,LAW3308,A0138400,選修,,"一 6,7",霖1403,2 類,,2,,https://course.ntu.edu.tw/courses/114-2/42448
海商法,蔡英欣,42628,LAW3308,A0138400,選修,,"二 3,4",霖1303,2 類,,2,,https://course.ntu.edu.tw/courses/114-2/42628
法律實習一下,林明鏘,52862,LAW3402,A0147702,選修,,"六 6,7,8,9",霖1401,2 類,,2,,https://course.ntu.edu.tw/courses/114-2/52862
法律實習一下,陳瑋佑,19661,LAW3402,A0147702,選修,,"六 6,7,8,9",,2 類,,2,,https://course.ntu.edu.tw/courses/114-2/19661
德文法學名著選讀一,周漾沂,47421,LAW4015,A0140510,選修,,"四 6,7",霖研六1703,2 類,,2,,https://course.ntu.edu.tw/courses/114-2/47421
德文法學名著選讀一,蘇慧婕,36616,LAW4015,A0140510,選修,,"四 6,7",霖研七1709,2 類,,2,,https://course.ntu.edu.tw/courses/114-2/36616
德文法學名著選讀二,周漾沂,21567,LAW4016,A0140520,選修,,"四 6,7",,2 類,,2,,https://course.ntu.edu.tw/courses/114-2/21567
德文法學名著選讀二,蘇慧婕,20532,LAW4016,A0140520,選修,,"四 6,7",,2 類,,2,,https://course.ntu.edu.tw/courses/114-2/20532
德文法學名著選讀三,周漾沂,31026,LAW4017,A0140530,選修,,"四 6,7",,2 類,,2,,https://course.ntu.edu.tw/courses/114-2/31026
德文法學名著選讀三,蘇慧婕,59813,LAW4017,A0140530,選修,,"四 6,7",,2 類,,2,,https://course.ntu.edu.tw/courses/114-2/59813
德文法學名著選讀四,周漾沂,26581,LAW4018,A0140540,選修,,"四 6,7",,2 類,,2,,https://course.ntu.edu.tw/courses/114-2/26581
德文法學名著選讀四,蘇慧婕,37270,LAW4018,A0140540,選修,,"四 6,7",,2 類,,2,,https://course.ntu.edu.tw/courses/114-2/37270
法律史,王泰升,29346,LAW4050,A0142100,必修 / 選修,,"二 3,4",萬2201,2 類,,2,,https://course.ntu.edu.tw/courses/114-2/29346
社會安全制度與法律,孫迺翊,41371,LAW4069,A21U3170,選修,,"一 3,4",霖1403,2 類,,2,,https://course.ntu.edu.tw/courses/114-2/41371
法律實習三,陳瑋佑,35618,LAW4283,A0147620,選修,,"六 6,7,8,9",,2 類,,2,,https://course.ntu.edu.tw/courses/114-2/35618
證券交易法,曾宛如,95042,LAW5030,A21U0620,選修,,"一 6,7",萬2311,2 類,,2,,https://course.ntu.edu.tw/courses/114-2/95042
證券交易法,邵慶平,95043,LAW5030,A21U0620,選修,,"二 1,2",霖1403,2 類,,2,,https://course.ntu.edu.tw/courses/114-2/95043
憲法專題討論,林春元,36142,LAW5071,A21U1330,選修,,"三 3,4",霖研二1502,2 類,,2,,https://course.ntu.edu.tw/courses/114-2/36142
經濟行政法專題研究一,林明昕,15457,LAW5145,A21M9980,選修,,"三 10,A",霖研四1701,2 類,,2,,https://course.ntu.edu.tw/courses/114-2/15457
保險法專題研究一,汪信君,33800,LAW5147,A21M6000,選修,,"一 8,9",霖研四1701,2 類,,2,,https://course.ntu.edu.tw/courses/114-2/33800
保險法專題研究二,汪信君,13075,LAW5148,A21M6200,選修,,"一 8,9",,2 類,,2,,https://course.ntu.edu.tw/courses/114-2/13075
國際爭端解決專題研究一,羅懋緯,16134,LAW5153,A21M5800,選修,,"五 3,4",霖研五1702,2 類,,2,,https://course.ntu.edu.tw/courses/114-2/16134
國際經貿法,羅懋緯,27436,LAW5194,A21U3880,選修,,"二 6,7",霖1401,2 類,,2,,https://course.ntu.edu.tw/courses/114-2/27436
所得稅法,柯格鐘,42600,LAW5207,A21U4400,選修,,"二 8,9",萬2201,2 類,,2,,https://course.ntu.edu.tw/courses/114-2/42600
醫療民事法專題討論,吳志正,59938,LAW5218,A21U4470,選修,,"二 3,4",霖研六1703,2 類,,2,,https://course.ntu.edu.tw/courses/114-2/59938
家事事件法,沈冠伶,51048,LAW5224,A21U1390,選修,,"五 1,2",萬2101,2 類,,2,,https://course.ntu.edu.tw/courses/114-2/51048
當代國際金融法制專題研究三,楊岳平,49680,LAW5241,A21M6590,選修,,"三 3,4",,2 類,,2,,https://course.ntu.edu.tw/courses/114-2/49680
亞洲憲法專題討論,張文貞,45082,LAW5245,A21U5080,選修,,"二 3,4",霖研一1501,2 類,,2,,https://course.ntu.edu.tw/courses/114-2/45082
國家學專題研究,蔡宗珍,44288,LAW5265,A21M5600,選修,,"一 10,A",霖研四1701,2 類,,2,,https://course.ntu.edu.tw/courses/114-2/44288
國家學專題研究二,蔡宗珍,41073,LAW5266,A21M5700,選修,,"一 10,A",,2 類,,2,,https://course.ntu.edu.tw/courses/114-2/41073
醫療民事法專題討論二,吳志正,27583,LAW5268,A21U4570,選修,,"二 3,4",,2 類,,2,,https://course.ntu.edu.tw/courses/114-2/27583
計算機概論,張傑帆,44413,LAW5328,A21U6610,選修,,"四 8,9",霖1402,2 類,,2,,https://course.ntu.edu.tw/courses/114-2/44413
國際法專題討論一,姜皇池,42767,LAW5392,A21U2670,選修,,"二 8,9",霖研二1502,2 類,,2,,https://course.ntu.edu.tw/courses/114-2/42767
行政訴訟審判實務與裁判寫作,梁哲瑋,14491,LAW5415,A21U1130,選修,,"四 A,B",霖研四1701,2 類,,2,,https://course.ntu.edu.tw/courses/114-2/14491
財務會計(二),繆文娟,12666,LAW5439,A21U6660,選修,,"五 8,9",霖1303,2 類,,2,,https://course.ntu.edu.tw/courses/114-2/12666
刑事司法與社會專題討論一,蘇凱平,25204,LAW5451,A21U3840,選修,,"三 3,4",霖研五1702,2 類,,2,,https://course.ntu.edu.tw/courses/114-2/25204
台日比較法入門,黃詩淳,23390,LAW5467,A21U3740,選修,,,,2 類,,1,,https://course.ntu.edu.tw/courses/114-2/23390
所得稅法專題研究一,柯格鐘,23763,LAW5475,A21M2370,選修,,"四 8,9",霖研四1701,2 類,,2,,https://course.ntu.edu.tw/courses/114-2/23763
財務管理,黃承祖,30905,LAW5494,A21U6670,選修,,"一 8,9",霖1304,2 類,,2,,https://course.ntu.edu.tw/courses/114-2/30905
檢察實務-檢察官之偵查,黃謀信,58514,LAW5495,A21U6680,選修,,"三 3,4",霖1402,2 類,,2,,https://course.ntu.edu.tw/courses/114-2/58514
華人法律傳統專題討論,陳韻如,41752,LAW5518,A21U3490,選修,,"一 8,9",霖研七1709,2 類,,2,,https://course.ntu.edu.tw/courses/114-2/41752
民事審判實務與法律文書寫作,李國增,27963,LAW5534,A21U4140,選修,,"四 9,10",霖1302,2 類,,2,,https://course.ntu.edu.tw/courses/114-2/27963
刑事審判實務與法律文書寫作,劉元斐,16226,LAW5535,A21U4150,選修,,"五 8,9",霖研六1703,2 類,,2,,https://course.ntu.edu.tw/courses/114-2/16226
基本人權專題研究一,蘇慧婕,31360,LAW5538,A21M4260,選修,,"四 3,4",霖研七1709,2 類,,2,,https://course.ntu.edu.tw/courses/114-2/31360
基本人權專題研究二,蘇慧婕,20394,LAW5539,A21M4270,選修,,"四 3,4",,2 類,,2,,https://course.ntu.edu.tw/courses/114-2/20394
WTO專題討論,洪德欽,42170,LAW5543,A21U3610,選修,,"三 3,4",霖1302,1 類,,2,,https://course.ntu.edu.tw/courses/114-2/42170
中國法制及兩岸關係法律,王泰銓,26013,LAW5563,A21U3660,選修,,"四 7,8,9",霖研二1502,1 類,,2,,https://course.ntu.edu.tw/courses/114-2/26013
最高法院裁判與民法理論發展,詹森林,43334,LAW5564,A21U3920,選修,,"三 8,9",霖1403,3 類,,1,,https://course.ntu.edu.tw/courses/114-2/43334
最高法院裁判與民法理論發展二,詹森林,42341,LAW5565,A21U3930,選修,,"三 8,9",,3 類,,1,,https://course.ntu.edu.tw/courses/114-2/42341
用臺語學民法,詹森林,51023,LAW5568,A21U3960,選修,,"三 8,9",霖1403,3 類,,1,,https://course.ntu.edu.tw/courses/114-2/51023
用臺語學民法二,詹森林,47670,LAW5569,A21U3970,選修,,"三 8,9",,3 類,,1,,https://course.ntu.edu.tw/courses/114-2/47670
比較公司法專題討論,蔡英欣,20025,LAW5600,A21U1780,選修,,"二 6,7",霖1303,2 類,,2,,https://course.ntu.edu.tw/courses/114-2/20025
國際投資法與投資仲裁專題討論一,羅懋緯,25374,LAW5615,A21U5370,選修,,"五 6,7",霖1506,2 類,,2,,https://course.ntu.edu.tw/courses/114-2/25374
刑事政策專題研究,李茂生,17062,LAW5620,A21U0920,選修,,"四 3,4",霖1401,2 類,,2,,https://course.ntu.edu.tw/courses/114-2/17062
工程法律專題研究一,吳從周,38175,LAW7006,A21M5170,選修,,"四 3,4",霖研四1701,2 類,,2,,https://course.ntu.edu.tw/courses/114-2/38175
法律史專題研究一,王泰升,28303,LAW7011,A21M1100,選修,,"三 3,4",霖研六1703,1 類,,2,,https://course.ntu.edu.tw/courses/114-2/28303
法律史專題研究二,王泰升,34573,LAW7012,A21M1110,選修,,"三 3,4",,1 類,,2,,https://course.ntu.edu.tw/courses/114-2/34573
比較公法專題研究二,許宗力,10564,LAW7072,A21M4160,選修,,"四 A,B",,2 類,,2,,https://course.ntu.edu.tw/courses/114-2/10564
理論刑法學專題研究一,許恒達,17978,LAW7130,A21M2570,選修,,"一 6,7",霖研五1702,2 類,,2,,https://course.ntu.edu.tw/courses/114-2/17978
經濟法專題研究一,廖義男,12407,LAW7141,A21M5310,選修,,"二 3,4",霖研二1502,2 類,,2,,https://course.ntu.edu.tw/courses/114-2/12407
經濟法專題研究二,廖義男,48801,LAW7142,A21M5320,選修,,"二 3,4",,2 類,,2,,https://course.ntu.edu.tw/courses/114-2/48801
資本市場法制專題研究一,曾宛如,59037,LAW7151,A21M5450,選修,,"一 3,4",霖研六1703,2 類,,2,,https://course.ntu.edu.tw/courses/114-2/59037
比較勞動法專題研究一,王能君,10976,LAW7161,A21M5660,選修,,"二 6,7",霖研四1701,2 類,,2,,https://course.ntu.edu.tw/courses/114-2/10976
比較勞動法專題研究二,王能君,16153,LAW7162,A21M5670,選修,,"二 6,7",,2 類,,2,,https://course.ntu.edu.tw/courses/114-2/16153
環境法專題研究一,林春元,40919,LAW7165,A21M5710,選修,,"四 8,9",霖研六1703,2 類,,2,,https://course.ntu.edu.tw/courses/114-2/40919
環境法專題研究二,林春元,42631,LAW7166,A21M5720,選修,,"四 8,9",,2 類,,2,,https://course.ntu.edu.tw/courses/114-2/42631
民法專題研究一財產法,顏佑紘,42868,LAW7191,A21M6110,選修,,"四 8,9",霖研五1702,2 類,,2,,https://course.ntu.edu.tw/courses/114-2/42868
民法專題研究二財產法,顏佑紘,53616,LAW7192,A21M6120,選修,,"四 8,9",,2 類,,2,,https://course.ntu.edu.tw/courses/114-2/53616
警察法專題研究一,林明鏘,21740,LAW7209,A21M3780,選修,,"二 6,7",霖研六1703,2 類,,2,,https://course.ntu.edu.tw/courses/114-2/21740
警察法專題研究二,林明鏘,15334,LAW7210,A21M3790,選修,,"二 6,7",,2 類,,2,,https://course.ntu.edu.tw/courses/114-2/15334
比較民事程序法專題研究一,沈冠伶,10309,LAW7215,A21M6560,選修,,"二 8,9",霖研五1702,2 類,,2,,https://course.ntu.edu.tw/courses/114-2/10309
比較民事程序法專題研究二,沈冠伶,37042,LAW7216,A21M6570,選修,,"二 8,9",,2 類,,2,,https://course.ntu.edu.tw/courses/114-2/37042
契約法專題研究一,陳聰富,11119,LAW7229,A21M6690,選修,,"二 8,9",霖研六1703,2 類,,2,,https://course.ntu.edu.tw/courses/114-2/11119
契約法專題研究二,陳聰富,49108,LAW7230,A21M6700,選修,,"二 8,9",,2 類,,2,,https://course.ntu.edu.tw/courses/114-2/49108
證券交易法專題研究一,邵慶平,16195,LAW7241,A21M6910,選修,,"二 3,4",霖研五1702,2 類,,2,,https://course.ntu.edu.tw/courses/114-2/16195
證券交易法專題研究二,邵慶平,32350,LAW7246,A21M6920,選修,,"二 3,4",,2 類,,2,,https://course.ntu.edu.tw/courses/114-2/32350
智慧權法專題研究一,蔡明誠,36990,LAW7275,A21M7790,選修,,"一 A,B",霖研二1502,2 類,,2,,https://course.ntu.edu.tw/courses/114-2/36990
智慧權法專題研究二,蔡明誠,29178,LAW7276,A21M7860,選修,,"一 A,B",,2 類,,2,,https://course.ntu.edu.tw/courses/114-2/29178
智慧權法專題研究三,蔡明誠,11479,LAW7277,A21M7870,選修,,"一 A,B",,2 類,,2,,https://course.ntu.edu.tw/courses/114-2/11479
刑法專題研究一,黃種甲,48284,LAW7321,A21M8710,選修,,"一 8,9",霖研二1502,2 類,,2,,https://course.ntu.edu.tw/courses/114-2/48284
刑法專題研究二,黃種甲,31657,LAW7322,A21M8720,選修,,"一 8,9",,2 類,,2,,https://course.ntu.edu.tw/courses/114-2/31657
刑事法學專題研究一,謝煜偉,49134,LAW7325,A21M8750,選修,,"四 3,4",霖研二1502,2 類,,2,,https://course.ntu.edu.tw/courses/114-2/49134
刑事法學專題研究二,謝煜偉,22791,LAW7326,A21M8760,選修,,"四 3,4",,2 類,,2,,https://course.ntu.edu.tw/courses/114-2/22791
冤罪救援實務,羅秉成,19347,LAW7422,A21M1450,選修,,"五 6,7,8",霖研二1502,2 類,,3,,https://course.ntu.edu.tw/courses/114-2/19347
理論刑法學專題研究二,許恒達,15387,LAW7539,A21M2580,選修,,"一 6,7",,2 類,,2,,https://course.ntu.edu.tw/courses/114-2/15387
企業稅法專題研究一,陳衍任,57949,LAW7548,A21M0660,選修,,"一 8,9",霖研六1703,2 類,,2,,https://course.ntu.edu.tw/courses/114-2/57949
稅法專題一,柯格鐘,43607,LAW7556,A21M1850,選修,,"四 3,4",霖1402,2 類,,2,,https://course.ntu.edu.tw/courses/114-2/43607
智慧財產權法案例專題二,陳皓芸,21330,LAW7558,A21M7680,選修,,"三 3,4",,2 類,,2,,https://course.ntu.edu.tw/courses/114-2/21330
當代國際金融法制專題研究一,楊岳平,53146,LAW7625,A21M6890,選修,,"三 3,4",霖研四1701,2 類,,2,,https://course.ntu.edu.tw/courses/114-2/53146
當代國際金融法制專題研究二,楊岳平,22687,LAW7626,A21M6900,選修,,"三 3,4",,2 類,,2,,https://course.ntu.edu.tw/courses/114-2/22687
創投交易架構法律與實務,顧奎夫,40754,LAW7817,A21M34A0,選修,,"二 3,4",霖1402,2 類,,2,,https://course.ntu.edu.tw/courses/114-2/40754
美國刑事司法之當代論爭,陸梅吉,33214,LAW7830,A21M47A0,選修,,"一 1,2 / 二 1,2 / 三 1,2 / 四 1,2 / 五 1,2",霖研六1703,2 類,,1,,https://course.ntu.edu.tw/courses/114-2/33214
普通法行政法導論,莊偉耀,42590,LAW7854,A21M71A0,選修,,"二 10,A,B",霖1402,2 類,,1,,https://course.ntu.edu.tw/courses/114-2/42590
日本智慧財產法,田村善之,17824,LAW7855,A21M72A0,選修,,"一 10,A,B / 二 10,A,B / 三 10,A,B / 四 10,A,B / 五 1,2,5",霖1402,2 類,,1,,https://course.ntu.edu.tw/courses/114-2/17824
美國商標法,柏吉恩,14617,LAW7856,A21M73A0,選修,,"二 1,2,5 / 三 1,2,5 / 四 1,2,5 / 五 1,2,5",霖研二1502,2 類,,1,,https://course.ntu.edu.tw/courses/114-2/14617
比較司法行為,魏凱倫,36011,LAW7857,A21M74A0,選修,,"一 1,2,5 / 二 1,2,5 / 三 1,2,5 / 四 1,2,5 / 五 1,2,5",霖研六1703,2 類,,1,,https://course.ntu.edu.tw/courses/114-2/36011
日本法史導論,原田央,34680,LAW7858,A21M75A0,選修,,"一 10,A / 二 10,A / 三 10,A / 四 10,A",霖研五1702,2 類,,2,,https://course.ntu.edu.tw/courses/114-2/34680
信託法：跨國比較之觀點,溜箭將之,11035,LAW7859,A21M76A0,選修,,"二 2 / 三 1,2 / 四 1,2",霖研二1502,2 類,,1,,https://course.ntu.edu.tw/courses/114-2/11035
德國刑法新近議題研究,韓柏恩,36119,LAW7860,A21M77A0,選修,,"二 1,2,5 / 三 1,2,5,10,A,B / 四 1,2,5 / 五 1,2,5",霖研五1702,2 類,,1,,https://course.ntu.edu.tw/courses/114-2/36119
荷蘭民事訴訟之原則與特色,柯跋特,21403,LAW7861,A21M78A0,選修,,"二 10,A,B / 四 10,A,B / 五 10,A,B",霖研五1702,2 類,,1,,https://course.ntu.edu.tw/courses/114-2/21403
全球法律史,王飛仙,17362,LAW7862,A21M79A0,選修,,"一 10,A,B / 二 10,A,B / 三 10,A,B / 四 10,A,B / 五 10,A,B",霖研五1702,2 類,,1,,https://course.ntu.edu.tw/courses/114-2/17362
碩士論文,,20572,LAW7999,A21M0010,必修,,,,1 類,,0,,https://course.ntu.edu.tw/courses/114-2/20572
國際民事程序法專題研究,陳瑋佑,22543,LAW8002,A21M8410,選修,,"五 6,7",霖研四1701,2 類,,2,,https://course.ntu.edu.tw/courses/114-2/22543
博士論文,,55723,LAW8999,A21D0010,必修,,,,1 類,,0,,https://course.ntu.edu.tw/courses/114-2/55723
法律實習專題研究,陳瑋佑,52991,LawILS7000,A41M0020,選修,,"六 6,7,8,9",,2 類,,2,,https://course.ntu.edu.tw/courses/114-2/52991
心智科學與法律專題研究一,吳建昌,44322,LawILS7006,A41M1270,選修,,"四 3,4",霖研六1703,2 類,,2,,https://course.ntu.edu.tw/courses/114-2/44322
心智科學與法律專題研究二,吳建昌,21222,LawILS7007,A41M1280,選修,,"四 3,4",,2 類,,2,,https://course.ntu.edu.tw/courses/114-2/21222
民法債編各論,吳從周,23396,LawILS7022,A41M0180,必修,,"二 9,10,A",,2 類,,3,,https://course.ntu.edu.tw/courses/114-2/23396
民法債編各論,陳皓芸,38358,LawILS7022,A41M0180,必修,,"四 6,7,8",,2 類,,3,,https://course.ntu.edu.tw/courses/114-2/38358
民法物權,黃詩淳,49356,LawILS7023,A41M0190,必修,,"四 2,3,4",,2 類,,3,,https://course.ntu.edu.tw/courses/114-2/49356
刑法總則二,黃種甲,23659,LawILS7044,A41M0240,必修,,"二 6,7,8",,2 類,,3,,https://course.ntu.edu.tw/courses/114-2/23659
刑法分則,王皇玉,46072,LawILS7045,A41M0210,必修,,"一 8,9 / 三 3,4",,2 類,,4,,https://course.ntu.edu.tw/courses/114-2/46072
刑事訴訟法,林鈺雄,13590,LawILS7048,A41M0220,必修,,"二 6,7,8,9",,2 類,,4,,https://course.ntu.edu.tw/courses/114-2/13590
行政法,林明鏘,29962,LawILS7060,A41M0310,必修,,"一 6,7 / 二 3,4",,2 類,,4,,https://course.ntu.edu.tw/courses/114-2/29962
民事訴訟法下,沈冠伶,19446,LawILS7062,A41M0142,必修,,"三 3,4 / 五 3,4",,2 類,,3,,https://course.ntu.edu.tw/courses/114-2/19446
民事訴訟法下,吳從周,18458,LawILS7062,A41M0142,必修,,"四 6,7,9,10",,3 類,,3,,https://course.ntu.edu.tw/courses/114-2/18458
民事訴訟法下,陳瑋佑,16576,LawILS7062,A41M0142,必修,,"三 3,4 / 五 3,4",,2 類,,3,,https://course.ntu.edu.tw/courses/114-2/16576
碩士論文,,34010,LawILS7999,A41M0010,必修,,,,1 類,,0,,https://course.ntu.edu.tw/courses/114-2/34010
鋼琴作品與演奏欣賞,張欽全,49491,LibEdu1020,H0102000,,,"四 8,9",外教劇場,2 類,,2,,https://course.ntu.edu.tw/courses/114-2/49491
邏輯,傅皓政,58156,LibEdu1021,H0102100,,,"一 6,7",博雅102,3 類,,2,,https://course.ntu.edu.tw/courses/114-2/58156
當代基督教歷史與文化,鄭仰恩,15557,LibEdu1044,H0104400,,,"一 8,9,10",普103,2 類,,3,,https://course.ntu.edu.tw/courses/114-2/15557
探索臺灣:臺灣電影與臺灣社會,郭任峯,22921,LibEdu1050,H0105000,,,"二 3,4",博雅103,2 類,,2,,https://course.ntu.edu.tw/courses/114-2/22921
你所不知道的昆蟲學,曹順成,45645,LibEdu1067,H0106700,,,"五 7,8,9",新505,3 類,,3,,https://course.ntu.edu.tw/courses/114-2/45645
探索臺灣：女性與臺灣社會,郭任峯,13965,LibEdu1078,H0107800,,,"一 3,4",博雅202,2 類,,2,,https://course.ntu.edu.tw/courses/114-2/13965
協調溝通與衝突管理,徐顯國,21750,LibEdu1104,H0110600,,,"三 6,7,8",新404,2 類,,2,,https://course.ntu.edu.tw/courses/114-2/21750
職場倫理與職場精神,洪英正,57608,LibEdu1106,H0110800,,,"一 7,8,9",博雅301,3 類,,3,,https://course.ntu.edu.tw/courses/114-2/57608
傳統中國人文思想與自然,唐格理,11545,LibEdu1108,H0111300,,,"五 7,8,9",新301,3 類,,3,,https://course.ntu.edu.tw/courses/114-2/11545
戲說生物學,曹順成,50784,LibEdu1110,H0111500,,,"五 2,3,4",新203,3 類,,3,,https://course.ntu.edu.tw/courses/114-2/50784
歷史學的空間與網絡分析,林牧之,50975,LibEdu1114,H0111900,,,"四 3,4",普302,2 類,,2,,https://course.ntu.edu.tw/courses/114-2/50975
人文與科技的對話,袁孝維,11992,LibEdu1115,H0112000,,,"三 6,7",綜合大講堂,2 類,,2,,https://course.ntu.edu.tw/courses/114-2/11992
邏輯思考與應用,王銀國,41808,LibEdu1119,H0112400,,,"三 8,9",博雅103,2 類,,2,,https://course.ntu.edu.tw/courses/114-2/41808
數位素養導航,許恒達,19089,LibEdu1120,H0112500,,,"四 3,4",博雅102,3 類,,2,,https://course.ntu.edu.tw/courses/114-2/19089
科學的歷史進展對宗教信仰與形上學的影響,梁明義,40989,LibEdu1121,H0112600,,,"四 8,9,10",博雅202,2 類,,3,,https://course.ntu.edu.tw/courses/114-2/40989
通識A3領域綜觀課程：世界文明與全球化,陳慧宏,35143,LibEdu1125,H0113000,,,"一 8,9",博雅102,2 類,,2,,https://course.ntu.edu.tw/courses/114-2/35143
理想職涯與財富規劃,林家振,37136,LibEdu1126,H0113100,,,"五 7,8,9",博雅101/華南講堂,2 類,,3,,https://course.ntu.edu.tw/courses/114-2/37136
半導體製程與科技,徐振哲,28035,LibEdu1128,H0113300,,,"四 7,8,9",新103,3 類,,3,,https://course.ntu.edu.tw/courses/114-2/28035
半導體基礎物理與製程入門,石明豐,52919,LibEdu1132,H0113700,,,"三 5,6,7",普102,3 類,,3,,https://course.ntu.edu.tw/courses/114-2/52919
半導體科技綜觀通識,陳林祈,13910,LibEdu1133,H0113800,,,"五 6,7",普101,2 類,,2,,https://course.ntu.edu.tw/courses/114-2/13910
對話諾貝爾獎得主(三),吳俊輝,95110,LibEdu1134,H0113900,,,"三 6,7,8",新204,2 類,,1,,https://course.ntu.edu.tw/courses/114-2/95110
生成式AI 的人文導論,謝舒凱,27225,LING5004,142U1050,選修,,"五 3,4,5",綜403,2 類,,3,,https://course.ntu.edu.tw/courses/114-2/27225
越南語的語言結構與文化(2),阮清華,20351,LING5208,142U0960,選修,,"三 6,7,8",博雅204,2 類,,3,,https://course.ntu.edu.tw/courses/114-2/20351
阿美族語的語言結構與文化(2),張裕龍,50319,LING5212,142U1000,選修,,"一 7,8,9",文19,2 類,,3,,https://course.ntu.edu.tw/courses/114-2/50319
動漫語言學,呂佳蓉,45124,LING5301,142U0730,選修,,"二 2,3,4",人文337,2 類,,3,,https://course.ntu.edu.tw/courses/114-2/45124
語言與文化,呂佳蓉,23592,LING5310,142U0670,選修,,"四 6,7,8",人文336,2 類,,3,,https://course.ntu.edu.tw/courses/114-2/23592
臺灣語言與社會,江文瑜,13347,LING5410,142U0840,,,"四 7,8,9",共201,2 類,,3,,https://course.ntu.edu.tw/courses/114-2/13347
專題研究,李佳霖,27685,LING5414,142U0890,選修,,,,2 類,,2,,https://course.ntu.edu.tw/courses/114-2/27685
台語與台文,江文瑜,48713,LING5905,142U0580,選修,,"五 7,8,9",共308,2 類,,3,,https://course.ntu.edu.tw/courses/114-2/48713
語言田野調查,宋麗梅,31797,LING7007,142M0210,必修,,"二 6,7,8",人文336,2 類,,3,,https://course.ntu.edu.tw/courses/114-2/31797
語言學學術論文寫作,李佳霖,11106,LING7015,142M1320,選修,,,,2 類,,2,,https://course.ntu.edu.tw/courses/114-2/11106
語音學,馮怡蓁,10046,LING7106,142M0750,選修,,"三 6,7 / 五 3,4",人文336,2 類,,3,,https://course.ntu.edu.tw/courses/114-2/10046
語音學專題獨立研究,馮怡蓁,47233,LING7108,142M0800,選修,,"五 6,7,8",人文336,2 類,,3,,https://course.ntu.edu.tw/courses/114-2/47233
台灣南島語言的語法,宋麗梅,30264,LING7210,142M0540,選修,,"三 6,7,8",,2 類,,3,,https://course.ntu.edu.tw/courses/114-2/30264
語言類型學專題研究,謝舒凱,42082,LING7216,142M0760,選修,,"四 6,7,8",人文337,1 類,,3,,https://course.ntu.edu.tw/courses/114-2/42082
語言與文化專題研究,呂佳蓉,15277,LING7320,142M1210,選修,,"二 6,7,8",人文337,2 類,,3,,https://course.ntu.edu.tw/courses/114-2/15277
認知語言學與心理學專題研究,李佳霖,37224,LING7425,142M1100,選修,,"三 3,4,5",人文336,2 類,,1,,https://course.ntu.edu.tw/courses/114-2/37224
神經語言學專題研究,李佳霖,59870,LING7430,142M1180,選修,,"四 A,B,C",,2 類,,3,,https://course.ntu.edu.tw/courses/114-2/59870
碩士論文,,49756,LING7999,142M0010,必修,,,,1 類,,0,,https://course.ntu.edu.tw/courses/114-2/49756
博士論文,,27007,LING8999,142D0010,必修,,,,1 類,,0,,https://course.ntu.edu.tw/courses/114-2/27007
服務學習甲,黃麗珉,45698,LIS0006,106001G0,必帶,,,,2 類,,1,,https://course.ntu.edu.tw/courses/114-2/45698
資訊科學導論,林奇秀,40691,LIS1008,10613400,必帶,,"一 6,7",圖資視聽室,2 類,,2,,https://course.ntu.edu.tw/courses/114-2/40691
圖書資訊機構實務二,黃麗珉,10868,LIS1018,10614220,選修,,,,2 類,,1,,https://course.ntu.edu.tw/courses/114-2/10868
資訊資源與圖書館,羅思嘉,47693,LIS1019,10612300,,,"三 3,4",圖資資訊室,2 類,,2,,https://course.ntu.edu.tw/courses/114-2/47693
電子計算機概論,陳光華,58023,LIS2004,10626110,必帶,,"一 2,3,4",共203,2 類,,3,,https://course.ntu.edu.tw/courses/114-2/58023
專題研究二,黃麗珉,43152,LIS3029,10637710,選修,,,,2 類,,2,,https://course.ntu.edu.tw/courses/114-2/43152
專題研究一,陳光華,45756,LIS3030,10637720,選修,,,,2 類,,2,,https://course.ntu.edu.tw/courses/114-2/45756
專題研究一,林維真,25393,LIS3030,10637720,選修,,,,2 類,,2,,https://course.ntu.edu.tw/courses/114-2/25393
專題研究一,楊東謀,46672,LIS3030,10637720,選修,,,,2 類,,2,,https://course.ntu.edu.tw/courses/114-2/46672
專題研究一,蔡天怡,28191,LIS3030,10637720,選修,,,,2 類,,2,,https://course.ntu.edu.tw/courses/114-2/28191
科技資訊資源與服務,羅思嘉,42064,LIS3036,10635310,必修 / 選修,,"二 8,9,10",圖資視聽室,2 類,,3,,https://course.ntu.edu.tw/courses/114-2/42064
檔案學導論,林奇秀,22110,LIS3037,10634230,必修 / 選修,,"四 2,3,4",圖資編目室,2 類,,3,,https://course.ntu.edu.tw/courses/114-2/22110
資訊行為概論,蔡天怡,19752,LIS3041,10636910,必帶,,"三 6,7,8",圖資視聽室,2 類,,3,,https://course.ntu.edu.tw/courses/114-2/19752
圖書館管理,蔡天怡,46336,LIS4002,10642100,必帶,,"二 6,7",圖資視聽室,2 類,,2,,https://course.ntu.edu.tw/courses/114-2/46336
圖書館統計學,林維真,45762,LIS4011,10646400,必帶,,"一 8,9,10",圖資視聽室,2 類,,3,,https://course.ntu.edu.tw/courses/114-2/45762
研究方法與論文寫作,鄭  瑋,38984,LIS4015,10647500,必帶,,"二 3,4",圖資視聽室,2 類,,2,,https://course.ntu.edu.tw/courses/114-2/38984
兒童讀物,劉鳳芯,14330,LIS4016,10649800,必修 / 選修,,"一 2,3,4",圖資編目室,2 類,,3,,https://course.ntu.edu.tw/courses/114-2/14330
生物醫學資訊資源,邱子恒,35935,LIS5003,10650200,必修 / 選修,,"四 3,4",圖資視聽室,2 類,,2,,https://course.ntu.edu.tw/courses/114-2/35935
圖書館建築,吳可久,58809,LIS5019,126U0620,必修 / 選修,,"四 6,7",圖資編目室,2 類,,2,,https://course.ntu.edu.tw/courses/114-2/58809
管理心理學,陳書梅,40254,LIS5039,126U1030,必修 / 選修,,"一 7,8,9",圖資會議室,2 類,,3,,https://course.ntu.edu.tw/courses/114-2/40254
量化研究與統計分析,黃元鶴,12143,LIS5045,126U1100,必修 / 選修,,"五 2,3,4",,2 類,,3,,https://course.ntu.edu.tw/courses/114-2/12143
公共圖書館研討,盧秀菊,33664,LIS5058,126U1270,選修,,"一 2,3,4",圖資研討3A,2 類,,3,,https://course.ntu.edu.tw/courses/114-2/33664
書目療法專題,陳書梅,41418,LIS5065,126U1340,必修 / 選修,,"二 7,8,9",圖資會議室,2 類,,3,,https://course.ntu.edu.tw/courses/114-2/41418
資訊視覺化,蔡天怡,20329,LIS5079,126U1440,,,"二 2,3,4",圖資資訊室,2 類,,3,,https://course.ntu.edu.tw/courses/114-2/20329
知識管理概論,唐牧群,50765,LIS5080,126U1450,必修 / 選修,,"二 6,7,8",圖資資訊室,2 類,,3,,https://course.ntu.edu.tw/courses/114-2/50765
數位人文概論,陳光華,27569,LIS5085,126U1490,必修 / 選修,,"四 6,7,8",,2 類,,3,,https://course.ntu.edu.tw/courses/114-2/27569
中文資訊處理專題,陳光華,18337,LIS5086,126U1500,選修,,"三 2,3,4",圖資編目室,2 類,,3,,https://course.ntu.edu.tw/courses/114-2/18337
數位敘事與視覺資訊,林廷宜,19988,LIS5091,126U1540,必修 / 選修,,"三 6,7,8",博雅406,2 類,,3,,https://course.ntu.edu.tw/courses/114-2/19988
高齡社會與圖書資訊服務,林珊如,22171,LIS5092,126U1550,必修 / 選修,,"四 6,7,8",圖資視聽室,2 類,,3,,https://course.ntu.edu.tw/courses/114-2/22171
資訊素養課程設計與評估,羅思嘉,14844,LIS5094,126U1570,必修 / 選修,,"四 8,9,10",圖資研討3A,2 類,,3,,https://course.ntu.edu.tw/courses/114-2/14844
資訊計量分析前沿議題研究,羅思嘉,15132,LIS5097,126U1600,選修,,"三 A,B,C / 四 A,B,C / 五 A,B,C",圖資會議室,2 類,,1,,https://course.ntu.edu.tw/courses/114-2/15132
專題研究一,林珊如,58272,LIS7011,126M0550,選修,,,,2 類,,1,,https://course.ntu.edu.tw/courses/114-2/58272
專題研究一,林維真,10796,LIS7011,126M0550,選修,,,,2 類,,1,,https://course.ntu.edu.tw/courses/114-2/10796
資訊組織研討,黃麗珉,22664,LIS7013,126M0570,必修,,"二 2,3,4",圖資編目室,2 類,,3,,https://course.ntu.edu.tw/courses/114-2/22664
研究方法,林珊如,54384,LIS7014,126M0580,必修,,"一 6,7,8",圖資編目室,2 類,,3,,https://course.ntu.edu.tw/courses/114-2/54384
中國目錄學專題研究,藍文欽,45536,LIS7019,126M0640,選修,,"五 2,3,4",圖資編目室,2 類,,3,,https://course.ntu.edu.tw/courses/114-2/45536
資訊與科技管理專題,楊東謀,52784,LIS7025,126M0690,選修,,"二 2,3,4",圖資研討3A,2 類,,3,,https://course.ntu.edu.tw/courses/114-2/52784
碩士論文,黃慕萱,22640,LIS7999,126M0010,必修,,,,2 類,,0,,https://course.ntu.edu.tw/courses/114-2/22640
碩士論文,林珊如,25119,LIS7999,126M0010,必修,,,,2 類,,0,,https://course.ntu.edu.tw/courses/114-2/25119
碩士論文,陳光華,44806,LIS7999,126M0010,必修,,,,2 類,,0,,https://course.ntu.edu.tw/courses/114-2/44806
碩士論文,唐牧群,15641,LIS7999,126M0010,必修,,,,2 類,,0,,https://course.ntu.edu.tw/courses/114-2/15641
碩士論文,林奇秀,33091,LIS7999,126M0010,必修,,,,2 類,,0,,https://course.ntu.edu.tw/courses/114-2/33091
碩士論文,張郁蔚,41906,LIS7999,126M0010,必修,,,,2 類,,0,,https://course.ntu.edu.tw/courses/114-2/41906
碩士論文,林維真,51067,LIS7999,126M0010,必修,,,,2 類,,0,,https://course.ntu.edu.tw/courses/114-2/51067
碩士論文,楊東謀,51473,LIS7999,126M0010,必修,,,,2 類,,0,,https://course.ntu.edu.tw/courses/114-2/51473
碩士論文,羅思嘉,25138,LIS7999,126M0010,必修,,,,2 類,,0,,https://course.ntu.edu.tw/courses/114-2/25138
碩士論文,蔡天怡,37484,LIS7999,126M0010,必修,,,,2 類,,0,,https://course.ntu.edu.tw/courses/114-2/37484
碩士論文,鄭  瑋,44636,LIS7999,126M0010,必修,,,,2 類,,0,,https://course.ntu.edu.tw/courses/114-2/44636
碩士論文,黃麗珉,39977,LIS7999,126M0010,必修,,,,2 類,,0,,https://course.ntu.edu.tw/courses/114-2/39977
碩士論文,,20414,LIS7999,126M0010,必修,,,,2 類,,0,,https://course.ntu.edu.tw/courses/114-2/20414
博士論文,黃慕萱,25362,LIS8999,126D0010,必修,,,,2 類,,0,,https://course.ntu.edu.tw/courses/114-2/25362
博士論文,林珊如,36671,LIS8999,126D0010,必修,,,,2 類,,0,,https://course.ntu.edu.tw/courses/114-2/36671
博士論文,陳光華,18606,LIS8999,126D0010,必修,,,,2 類,,0,,https://course.ntu.edu.tw/courses/114-2/18606
博士論文,唐牧群,42150,LIS8999,126D0010,必修,,,,2 類,,0,,https://course.ntu.edu.tw/courses/114-2/42150
博士論文,林奇秀,21994,LIS8999,126D0010,必修,,,,2 類,,0,,https://course.ntu.edu.tw/courses/114-2/21994
博士論文,張郁蔚,29649,LIS8999,126D0010,必修,,,,2 類,,0,,https://course.ntu.edu.tw/courses/114-2/29649
博士論文,林維真,41139,LIS8999,126D0010,必修,,,,2 類,,0,,https://course.ntu.edu.tw/courses/114-2/41139
博士論文,楊東謀,42464,LIS8999,126D0010,必修,,,,2 類,,0,,https://course.ntu.edu.tw/courses/114-2/42464
博士論文,羅思嘉,32788,LIS8999,126D0010,必修,,,,2 類,,0,,https://course.ntu.edu.tw/courses/114-2/32788
博士論文,鄭  瑋,40224,LIS8999,126D0010,必修,,,,2 類,,0,,https://course.ntu.edu.tw/courses/114-2/40224
博士論文,黃麗珉,49509,LIS8999,126D0010,必修,,,,2 類,,0,,https://course.ntu.edu.tw/courses/114-2/49509
博士論文,,39933,LIS8999,126D0010,必修,,,,2 類,,0,,https://course.ntu.edu.tw/courses/114-2/39933
普通生物學甲下,呂昕煒,20743,LS1005,B01101A2,必帶 / 選修,,"三 6,7 / 四 6,7",生科4B,3 類,,3,,https://course.ntu.edu.tw/courses/114-2/20743
普通生物學乙下,蔡素宜,18725,LS1008,B01101B2,必帶 / 選修,,"三 8,9",共205,3 類,,2,,https://course.ntu.edu.tw/courses/114-2/18725
普通生物學乙下,陳香君,57828,LS1008,B01101B2,必帶,,"一 3,4",普102,3 類,,2,,https://course.ntu.edu.tw/courses/114-2/57828
普通生物學乙下,郭典翰,41867,LS1008,B01101B2,必帶 / 選修,,"二 1,2",普102,3 類,,2,,https://course.ntu.edu.tw/courses/114-2/41867
普通生物學乙下,李士傑,14298,LS1008,B01101B2,必帶 / 必修 / 選修,,"三 8,9",共104,3 類,,2,,https://course.ntu.edu.tw/courses/114-2/14298
普通生物學丙,鄭石通,31715,LS1009,B01101C0,,,"一 3 / 四 3,4",共105,3 類,,3,,https://course.ntu.edu.tw/courses/114-2/31715
普通生物學丙,潘建源,41161,LS1009,B01101C0,,,"二 2,3,4",北館視聽,3 類,,3,,https://course.ntu.edu.tw/courses/114-2/41161
普通動物學,林展蔚,52217,LS1010,B0110200,,,"一 3,4 / 四 6",共201,3 類,,3,,https://course.ntu.edu.tw/courses/114-2/52217
普通生物學實驗甲下,郭典翰,13322,LS1013,B01106A2,必帶,,"五 2,3,4",思亮405,2 類,,1,,https://course.ntu.edu.tw/courses/114-2/13322
普通生物學實驗甲下,郭典翰,48782,LS1013,B01106A2,必帶,,"五 2,3,4",思亮406,2 類,,1,,https://course.ntu.edu.tw/courses/114-2/48782
普通生物學實驗乙下,蔡素宜,57831,LS1016,B01106B2,必帶,,"二 2,3,4",思亮405,2 類,,1,,https://course.ntu.edu.tw/courses/114-2/57831
普通生物學實驗乙下,蔡素宜,32120,LS1016,B01106B2,必帶,,"二 2,3,4",思亮406,2 類,,1,,https://course.ntu.edu.tw/courses/114-2/32120
普通生物學實驗乙下,陳香君,48549,LS1016,B01106B2,必帶 / 必修,,"四 2,3,4",思亮409,2 類,,1,,https://course.ntu.edu.tw/courses/114-2/48549
普通生物學實驗乙下,陳香君,29601,LS1016,B01106B2,必帶 / 必修,,"四 2,3,4",思亮410,2 類,,1,,https://course.ntu.edu.tw/courses/114-2/29601
普通生物學實驗乙下,丁照棣,34228,LS1016,B01106B2,必修,,"一 7,8,9",思亮409,2 類,,1,,https://course.ntu.edu.tw/courses/114-2/34228
普通生物學實驗丙,潘建源,16282,LS1017,B01106C0,必帶,,"四 7,8,9",思亮409,2 類,,1,,https://course.ntu.edu.tw/courses/114-2/16282
普通生物學實驗丙,潘建源,37900,LS1017,B01106C0,必帶,,"四 7,8,9",思亮410,2 類,,1,,https://course.ntu.edu.tw/courses/114-2/37900
普通生物學實驗丙,潘建源,55930,LS1017,B01106C0,必帶,,"三 2,3,4",思亮409,2 類,,1,,https://course.ntu.edu.tw/courses/114-2/55930
普通生物學實驗丙,潘建源,37980,LS1017,B01106C0,必帶,,"三 2,3,4",思亮410,2 類,,1,,https://course.ntu.edu.tw/courses/114-2/37980
普通生物學實驗丙,郭典翰,27557,LS1017,B01106C0,必帶,,"二 6,7,8",思亮405,2 類,,1,,https://course.ntu.edu.tw/courses/114-2/27557
普通生物學實驗丙,郭典翰,51910,LS1017,B01106C0,必帶,,"二 6,7,8",思亮406,2 類,,1,,https://course.ntu.edu.tw/courses/114-2/51910
普通生物學實驗丙,郭典翰,16233,LS1017,B01106C0,必帶,,"三 6,7,8",思亮405,2 類,,1,,https://course.ntu.edu.tw/courses/114-2/16233
普通生物學實驗丙,郭典翰,50967,LS1017,B01106C0,必帶,,"三 6,7,8",思亮406,2 類,,1,,https://course.ntu.edu.tw/courses/114-2/50967
普通動物學實驗,吳高逸,33087,LS1018,B0110700,必修,,"一 7,8,9",,2 類,,1,,https://course.ntu.edu.tw/courses/114-2/33087
古生物學概論,蔡政修,36250,LS1044,B0117600,,,"二 3,4",博雅101/華南講堂,3 類,,2,,https://course.ntu.edu.tw/courses/114-2/36250
本地植物認識-多樣性與永續文明,王俊能,44169,LS1046,B0117700,,,"五 6,7,8",生科1217,3 類,,3,,https://course.ntu.edu.tw/courses/114-2/44169
細胞生物學,吳益群,41820,LS2001,B0121110,必帶,,"三 2,3,4",共101,3 類,,3,,https://course.ntu.edu.tw/courses/114-2/41820
動物組織學,黃偉邦,40463,LS2004,B0122010,必修 / 選修,,"二 5,6,7",生科4B,2 類,,3,,https://course.ntu.edu.tw/courses/114-2/40463
動物組織學實驗,黃偉邦,28414,LS2005,B0122020,必修,,"二 8,9,10",生科419,2 類,,1,,https://course.ntu.edu.tw/courses/114-2/28414
脊椎動物學,蔡政修,30338,LS2015,B0123100,必修,,"四 6,7",生科3A,3 類,,2,,https://course.ntu.edu.tw/courses/114-2/30338
綠色生物科技,鄭秋萍,37809,LS2032,B0125060,選修,,"五 6,7",生科3C,3 類,,2,,https://course.ntu.edu.tw/courses/114-2/37809
量化生物學概論,陳昇宏,38262,LS2043,B0125110,選修,,四 5,生科4C,2 類,,1,,https://course.ntu.edu.tw/courses/114-2/38262
動物生理學,周銘翊,31842,LS3014,B0132310,必修,,"五 2,3,4",生科4B,3 類,,3,,https://course.ntu.edu.tw/courses/114-2/31842
動物生理學實驗,周銘翊,29029,LS3015,B0132320,選修,,"四 7,8,9",生科415,2 類,,1,,https://course.ntu.edu.tw/courses/114-2/29029
植物生理學,楊淑怡,59981,LS3016,B0132410,必帶,,"三 2,3,4",共204,3 類,,3,,https://course.ntu.edu.tw/courses/114-2/59981
植物生理學實驗,楊淑怡,47264,LS3017,B0132420,必帶,,"一 7,8,9",思亮301,2 類,,1,,https://course.ntu.edu.tw/courses/114-2/47264
植物生理學實驗,楊淑怡,37827,LS3017,B0132420,必修,,"三 7,8,9",思亮301,2 類,,1,,https://course.ntu.edu.tw/courses/114-2/37827
微生物學,周信宏,57060,LS3020,B0133010,必修,,"一 7,8,9",生科4B,3 類,,3,,https://course.ntu.edu.tw/courses/114-2/57060
生態學,何傳愷,30626,LS3023,B0134110,必帶 / 選修,,"一 3,4 / 三 6",生科4A,2 類,,3,,https://course.ntu.edu.tw/courses/114-2/30626
生態學實驗,何傳愷,31833,LS3024,B0134120,必修 / 選修,,"三 7,8,9",生科1217,2 類,,1,,https://course.ntu.edu.tw/courses/114-2/31833
海洋生命科學,蕭仁傑,37927,LS3027,B0134610,必修 / 選修,,"一 3,4",生科4B,3 類,,2,,https://course.ntu.edu.tw/courses/114-2/37927
微生物學實驗,何銘洋,23473,LS3031,B0133040,必修,,"四 2,3,4,5",生科1225,2 類,,2,,https://course.ntu.edu.tw/courses/114-2/23473
基因表達與調控,艾尚馬克,32201,LS3032,B0135300,選修,,"三 10,A",生科3A,3 類,,1,,https://course.ntu.edu.tw/courses/114-2/32201
遺傳學實驗,丁照棣,43163,LS3034,B0131130,必修,,"四 6,7,8,9",生科1225,2 類,,2,,https://course.ntu.edu.tw/courses/114-2/43163
專題研究,阮雪芬,12887,LS3900,B0149100,必修 / 選修,,,,3 類,,1,,https://course.ntu.edu.tw/courses/114-2/12887
專題研究,王俊能,50530,LS3900,B0149100,必修,,,,3 類,,1,,https://course.ntu.edu.tw/courses/114-2/50530
專題研究,丁照棣,15644,LS3900,B0149100,必修,,,,3 類,,1,,https://course.ntu.edu.tw/courses/114-2/15644
專題研究,郭典翰,25307,LS3900,B0149100,必修 / 選修,,,,3 類,,1,,https://course.ntu.edu.tw/courses/114-2/25307
專題研究,潘建源,36060,LS3900,B0149100,必修 / 選修,,,,3 類,,1,,https://course.ntu.edu.tw/courses/114-2/36060
專題研究,朱家瑩,18909,LS3900,B0149100,必修,,,,3 類,,1,,https://course.ntu.edu.tw/courses/114-2/18909
專題研究,周信宏,55863,LS3900,B0149100,必修,,,,3 類,,1,,https://course.ntu.edu.tw/courses/114-2/55863
專題研究,呂昕煒,19564,LS3900,B0149100,必修 / 選修,,,,3 類,,1,,https://course.ntu.edu.tw/courses/114-2/19564
專題研究,王偉蓓,13480,LS3900,B0149100,必修,,,,3 類,,1,,https://course.ntu.edu.tw/courses/114-2/13480
專題研究,林展蔚,51821,LS3900,B0149100,必修,,,,3 類,,1,,https://course.ntu.edu.tw/courses/114-2/51821
專題研究,靳宗洛,29427,LS3900,B0149100,必修,,,,3 類,,1,,https://course.ntu.edu.tw/courses/114-2/29427
專題研究,陳賢明,30676,LS3900,B0149100,必修,,,,3 類,,1,,https://course.ntu.edu.tw/courses/114-2/30676
專題研究,蕭  蔚,27244,LS3900,B0149100,必修,,,,3 類,,1,,https://course.ntu.edu.tw/courses/114-2/27244
專題研究,陳俊豪,27655,LS3900,B0149100,必修 / 選修,,,,3 類,,1,,https://course.ntu.edu.tw/courses/114-2/27655
專題研究,澤大衛,29776,LS3900,B0149100,必修,,,,3 類,,1,,https://course.ntu.edu.tw/courses/114-2/29776
專題研究,柯柏如,20446,LS3900,B0149100,必修,,,,3 類,,1,,https://course.ntu.edu.tw/courses/114-2/20446
書報討論（二）,麥德倫,18272,LS4002,B0140020,必帶 / 必修,,"二 8,9",生科4A,2 類,,1,,https://course.ntu.edu.tw/courses/114-2/18272
書報討論（二）,李勇毅,55567,LS4002,B0140020,必帶 / 必修,,"二 8,9",生科4B,2 類,,1,,https://course.ntu.edu.tw/courses/114-2/55567
書報討論（二）,鄭貽生,37711,LS4002,B0140020,必帶 / 必修,,"二 8,9",生科4C,2 類,,1,,https://course.ntu.edu.tw/courses/114-2/37711
發生生物學實驗,李士傑,14746,LS4010,B0141030,必修 / 選修,,"三 7,8,9,10",生科419,2 類,,2,,https://course.ntu.edu.tw/courses/114-2/14746
學士論文,周銘翊,32681,LS4999,B0149000,必修,,,,1 類,,2,,https://course.ntu.edu.tw/courses/114-2/32681
學士論文,鄭佳宜,15370,LS4999,B0149000,必修,,,,1 類,,2,,https://course.ntu.edu.tw/courses/114-2/15370
學士論文,呂昕煒,18223,LS4999,B0149000,必修,,,,1 類,,2,,https://course.ntu.edu.tw/courses/114-2/18223
學士論文,謝旭亮,46758,LS4999,B0149000,必修,,,,1 類,,2,,https://course.ntu.edu.tw/courses/114-2/46758
學士論文,陳賢明,57403,LS4999,B0149000,必修,,,,1 類,,2,,https://course.ntu.edu.tw/courses/114-2/57403
學士論文,澤大衛,36753,LS4999,B0149000,必修,,,,1 類,,2,,https://course.ntu.edu.tw/courses/114-2/36753
分子神經病理學,廖永豐,57792,LS5024,B21U1430,選修,,"三 8,9",生科4C,3 類,,2,,https://course.ntu.edu.tw/courses/114-2/57792
核醣核酸生物學,朱家瑩,27668,LS5049,B21U1700,選修,,"四 3,4",生科4C,3 類,,2,,https://course.ntu.edu.tw/courses/114-2/27668
動物學實驗教學實習,吳高逸,41465,LS5068,B21U0300,必修 / 選修,,"五 8,9,10",思亮406,2 類,,3,,https://course.ntu.edu.tw/courses/114-2/41465
植物學實驗教學實習,李勇毅,17310,LS5069,B21U0400,必修 / 選修,,"五 8,9,10",思亮409,2 類,,3,,https://course.ntu.edu.tw/courses/114-2/17310
生命科學數學,柯柏如,39259,LS5073,B21U2170,必修 / 選修,,"一 8,9",共202,2 類,,2,,https://course.ntu.edu.tw/courses/114-2/39259
生物資訊學,鄭佳宜,36276,LS5075,B21U2190,必修 / 選修,,"四 7,8,9",生科4A,2 類,,3,,https://course.ntu.edu.tw/courses/114-2/36276
熱帶植物保育,王俊能,35486,LS5077,B21U2210,選修,,"一 A,B",生科1217,3 類,,2,,https://course.ntu.edu.tw/courses/114-2/35486
基因體學,麥德倫,24348,LS5080,B21U2240,必修,,"五 8,9,10",生科419,2 類,,3,,https://course.ntu.edu.tw/courses/114-2/24348
細胞訊息傳導,李士傑,11226,LS5102,B21U2460,選修,,"一 3,4",生科632,3 類,,2,,https://course.ntu.edu.tw/courses/114-2/11226
現代神經科學技術,吳玉威,31699,LS5110,B21U2540,選修,,"二 2,3,4",生科3A,3 類,,3,,https://course.ntu.edu.tw/courses/114-2/31699
神經科學專題討論與計畫撰寫,徐經倫,30434,LS5112,B21U2560,選修,,"一 6,7,8",生科1148,3 類,,3,,https://course.ntu.edu.tw/courses/114-2/30434
魚類學,吳高逸,49762,LS5123,B21U2670,必修,,"五 2,3,4",生科419,3 類,,3,,https://course.ntu.edu.tw/courses/114-2/49762
生物學的Linux基本指令,麥德倫,40753,LS5124,B21U2680,選修,,,,2 類,,1,,https://course.ntu.edu.tw/courses/114-2/40753
生物技術專利及減碳概要,謝彥安,48054,LS5125,B21U2690,選修,,"三 A,B,C",生科4C,2 類,,1,,https://course.ntu.edu.tw/courses/114-2/48054
博物館教育活動設計與實作,郭典翰,29865,LS5128,B21U2720,選修,,,,2 類,,3,,https://course.ntu.edu.tw/courses/114-2/29865
碩士班專題討論,江皓森,41982,LS7001,B21M0100,必修,,"五 6,7",生科4B,1 類,,1,,https://course.ntu.edu.tw/courses/114-2/41982
碩士班論文專題報告,郭典翰,47058,LS7002,B21M0200,必修,,,,1 類,,1,,https://course.ntu.edu.tw/courses/114-2/47058
碩士班論文專題報告,何銘洋,33097,LS7002,B21M0200,必修,,,,1 類,,1,,https://course.ntu.edu.tw/courses/114-2/33097
碩士班論文專題報告,呂昕煒,41633,LS7002,B21M0200,必修,,,,1 類,,1,,https://course.ntu.edu.tw/courses/114-2/41633
免疫學專題討論,江皓森,31722,LS7006,B21M0330,選修,,"二 6,7",生科842,3 類,,1,,https://course.ntu.edu.tw/courses/114-2/31722
發生學專題討論,李士傑,15636,LS7011,B21M0380,選修,,,,2 類,,2,,https://course.ntu.edu.tw/courses/114-2/15636
神經生物學專題討論,潘建源,39874,LS7013,B21M0400,選修,,,,3 類,,1,,https://course.ntu.edu.tw/courses/114-2/39874
細胞生物學專題討論,黃偉邦,44795,LS7015,B21M0420,選修,,,,3 類,,1,,https://course.ntu.edu.tw/courses/114-2/44795
基因表現調控專題討論,朱家瑩,52130,LS7029,B21M0460,必修,,,,3 類,,2,,https://course.ntu.edu.tw/courses/114-2/52130
生理時鐘與感光細胞專題討論,陳示國,20706,LS7031,B21M0480,選修,,,,3 類,,2,,https://course.ntu.edu.tw/courses/114-2/20706
比較發生學專題討論,郭典翰,29743,LS7033,B21M0490,選修,,,,3 類,,2,,https://course.ntu.edu.tw/courses/114-2/29743
適應性演化專題討論,周信宏,10549,LS7034,B21M0510,選修,,,,2 類,,2,,https://course.ntu.edu.tw/courses/114-2/10549
幹細胞與再生醫學專題討論,蔡素宜,30945,LS7036,B21M0520,選修,,,,2 類,,2,,https://course.ntu.edu.tw/courses/114-2/30945
結構生物學專題討論,鄭貽生,45261,LS7037,B21M0530,選修,,,,3 類,,2,,https://course.ntu.edu.tw/courses/114-2/45261
行為神經科學專題討論,周銘翊,42289,LS7038,B21M0540,選修,,,,2 類,,2,,https://course.ntu.edu.tw/courses/114-2/42289
植物次級細胞壁轉錄調控專題討論,林盈仲,43969,LS7040,B21M0560,選修,,,,3 類,,1,,https://course.ntu.edu.tw/courses/114-2/43969
古脊椎動物學專題討論,蔡政修,58180,LS7041,B21M0580,選修,,,,3 類,,1,,https://course.ntu.edu.tw/courses/114-2/58180
土壤生態與生物多樣性專題討論,張智涵,47769,LS7044,B21M0600,選修,,,,2 類,,2,,https://course.ntu.edu.tw/courses/114-2/47769
光合作用和藍綠菌專題討論,何銘洋,30221,LS7045,B21M0610,選修,,"二 3,4",生科632,2 類,,2,,https://course.ntu.edu.tw/courses/114-2/30221
應用基因體學專題討論,鄭佳宜,58705,LS7046,B21M0630,選修,,,,2 類,,2,,https://course.ntu.edu.tw/courses/114-2/58705
植物發育專題討論,李勇毅,18531,LS7047,B21M0640,選修,,,,2 類,,2,,https://course.ntu.edu.tw/courses/114-2/18531
屏障組織免疫學專題討論,王偉蓓,54817,LS7050,B21M0670,選修,,,,2 類,,2,,https://course.ntu.edu.tw/courses/114-2/54817
兩棲爬行動物學與生物多樣性專題討論,林展蔚,39663,LS7051,B21M0680,選修,,,,2 類,,2,,https://course.ntu.edu.tw/courses/114-2/39663
碩士論文,,59621,LS7999,B21M0010,必修,,,,1 類,,0,,https://course.ntu.edu.tw/courses/114-2/59621
博士班專題討論,張智涵,11309,LS8001,B21D0100,必修,,"五 6,7",生科4C,1 類,,1,,https://course.ntu.edu.tw/courses/114-2/11309
博士論文,,36427,LS8999,B21D0010,選修,,,,1 類,,0,,https://course.ntu.edu.tw/courses/114-2/36427
初等分析：賦距空間簡介,蔡國榮,43257,MATH1008,20110600,選修,,"二 8,9",新405,2 類,,2,,https://course.ntu.edu.tw/courses/114-2/43257
線性代數二,余正道,29305,MATH1104,20149600,必帶,,"三 3,4 / 五 3,4",新303,2 類,,4,,https://course.ntu.edu.tw/courses/114-2/29305
微積分二,蕭欽玉,30498,MATH1210,20149580,必帶,,"二 6,7 / 四 6,7,10",新303,3 類,,5,,https://course.ntu.edu.tw/courses/114-2/30498
計算機程式設計,林澤佑,55128,MATH1402,20115300,必帶,,"一 6,7,8",新203,3 類,,3,,https://course.ntu.edu.tw/courses/114-2/55128
代數導論二,佐藤信夫,19398,MATH2114,20149620,必帶,,"三 6,7 / 五 6,7",新202,3 類,,4,,https://course.ntu.edu.tw/courses/114-2/19398
分析導論二,崔茂培,37376,MATH2214,20149660,必帶,,"二 2,3,4 / 四 3,4",新202,3 類,,5,,https://course.ntu.edu.tw/courses/114-2/37376
偏微分方程導論,林太家,55321,MATH2218,20149700,選修,,"一 3,4 / 四 8,9",新202,3 類,,4,,https://course.ntu.edu.tw/courses/114-2/55321
機率導論,戴尚年,41164,MATH2502,20149740,選修,,"二 6,7 / 四 6,7",新102,3 類,,4,,https://course.ntu.edu.tw/courses/114-2/41164
學士班專題研究二,林太家,14070,MATH3003,20145170,選修,,,,2 類,,2,,https://course.ntu.edu.tw/courses/114-2/14070
學士班專題研究二,林學庸,55750,MATH3003,20145170,選修,,,,2 類,,2,,https://course.ntu.edu.tw/courses/114-2/55750
學士班專題研究二,莊武諺,49112,MATH3003,20145170,選修,,,,2 類,,2,,https://course.ntu.edu.tw/courses/114-2/49112
學士班專題研究二,戴尚年,35204,MATH3003,20145170,選修,,,,2 類,,2,,https://course.ntu.edu.tw/courses/114-2/35204
學士班專題研究二,沈俊嚴,95002,MATH3003,20145170,選修,,,,2 類,,2,,https://course.ntu.edu.tw/courses/114-2/95002
學士班專題研究二,蔡政江,95101,MATH3003,20145170,選修,,,,2 類,,2,,https://course.ntu.edu.tw/courses/114-2/95101
幾何學二,李瑩英,37499,MATH3303,20125320,選修,,"三 3,4 / 五 4",天數305,3 類,,3,,https://course.ntu.edu.tw/courses/114-2/37499
微積分1,齊震宇,20976,MATH4006,20149810,必修,,"一 10 / 三 8,9 / 五 8,9",普201/普101/普102,3 類,,2,,https://course.ntu.edu.tw/courses/114-2/20976
微積分2,齊震宇,52756,MATH4007,20149820,必修,,"一 10 / 三 8,9 / 五 8,9",普201/普101/普102,3 類,,2,,https://course.ntu.edu.tw/courses/114-2/52756
微積分2,陳子安,19098,MATH4007,20149820,必修,,"一 9,10 / 四 9,10",新505,3 類,,2,,https://course.ntu.edu.tw/courses/114-2/19098
微積分3,齊震宇,55996,MATH4008,20149830,必修,,"一 10 / 三 6,7 / 五 6,7",普102/普101/普102,3 類,,2,,https://course.ntu.edu.tw/courses/114-2/55996
微積分3,蔡雅如,12861,MATH4008,20149830,必修,,"一 10 / 三 6,7 / 五 6,7",新102,3 類,,2,,https://course.ntu.edu.tw/courses/114-2/12861
微積分3,蔡國榮,31260,MATH4008,20149830,必修,,"一 10 / 三 6,7 / 五 6,7",新203,3 類,,2,,https://course.ntu.edu.tw/courses/114-2/31260
微積分3,陳彥宇,23963,MATH4008,20149830,必帶,,"一 10 / 二 6,7 / 四 8,9",新303/新203/新203,3 類,,2,,https://course.ntu.edu.tw/courses/114-2/23963
微積分3,陳子安,50848,MATH4008,20149830,必修,,"三 8,9,10 / 五 1,2",共301,3 類,,2,,https://course.ntu.edu.tw/courses/114-2/50848
微積分3,呂治鴻,47107,MATH4008,20149830,必帶,,"一 6,7,10 / 五 1,2",普101,3 類,,2,,https://course.ntu.edu.tw/courses/114-2/47107
微積分3,陳子安,26292,MATH4008,20149830,必帶,,"一 3,4 / 四 3,4,10",共101,3 類,,2,,https://course.ntu.edu.tw/courses/114-2/26292
微積分3,蔡雅如,59653,MATH4008,20149830,必修,,"二 1,2 / 四 3,4,10",共201,3 類,,2,,https://course.ntu.edu.tw/courses/114-2/59653
微積分3,傅斯緯,27710,MATH4008,20149830,必修,,"二 1,2 / 四 3,4,10",普101/普102,3 類,,2,,https://course.ntu.edu.tw/courses/114-2/27710
微積分3,潘詠琦,12467,MATH4008,20149830,必修,,"二 1,2 / 四 3,4,10",共301/普103,3 類,,2,,https://course.ntu.edu.tw/courses/114-2/12467
微積分3,蔡國榮,54745,MATH4008,20149830,必修 / 選修,,"四 8,9,10 / 五 10,A",新102/普102,3 類,,2,,https://course.ntu.edu.tw/courses/114-2/54745
微積分3,陳子安,54679,MATH4008,20149830,必修 / 選修,,"四 8,9,10 / 五 10,A",普101,3 類,,2,,https://course.ntu.edu.tw/courses/114-2/54679
微積分3,蔡宜洵,29263,MATH4008,20149830,必帶 / 選修,,"二 2,3,4 / 五 10,A",新102/普103,3 類,,2,,https://course.ntu.edu.tw/courses/114-2/29263
微積分4,齊震宇,21080,MATH4009,20149840,必修,,"一 10 / 三 6,7 / 五 6,7",普102/普101/普102,3 類,,2,,https://course.ntu.edu.tw/courses/114-2/21080
微積分4,蔡雅如,38570,MATH4009,20149840,必修,,"一 10 / 三 6,7 / 五 6,7",新102,3 類,,2,,https://course.ntu.edu.tw/courses/114-2/38570
微積分4,蔡國榮,10515,MATH4009,20149840,必修,,"一 10 / 三 6,7 / 五 6,7",新203,3 類,,2,,https://course.ntu.edu.tw/courses/114-2/10515
微積分4,陳彥宇,56426,MATH4009,20149840,必帶,,"一 10 / 二 6,7 / 四 8,9",新303/新203/新203,3 類,,2,,https://course.ntu.edu.tw/courses/114-2/56426
微積分4,陳子安,37161,MATH4009,20149840,必修,,"三 8,9,10 / 五 1,2",共301,3 類,,2,,https://course.ntu.edu.tw/courses/114-2/37161
微積分4,陳彥宇,21813,MATH4009,20149840,必修,,"三 8,9,10 / 五 1,2",普102/普103,3 類,,2,,https://course.ntu.edu.tw/courses/114-2/21813
微積分4,傅斯緯,24967,MATH4009,20149840,必帶 / 必修,,"三 8,9,10 / 五 1,2",新102,3 類,,2,,https://course.ntu.edu.tw/courses/114-2/24967
微積分4,傅斯緯,37417,MATH4009,20149840,必帶,,"二 8,9,10 / 四 6,7",新203,3 類,,2,,https://course.ntu.edu.tw/courses/114-2/37417
微積分4,呂治鴻,41359,MATH4009,20149840,必帶,,"一 6,7,10 / 五 1,2",普101,3 類,,2,,https://course.ntu.edu.tw/courses/114-2/41359
微積分4 ─ 在經濟商管的應用,陳子安,53387,MATH4010,20149850,必帶,,"一 3,4 / 四 3,4,10",共101,3 類,,2,,https://course.ntu.edu.tw/courses/114-2/53387
微積分4 ─ 在經濟商管的應用,蔡雅如,23935,MATH4010,20149850,必修 / 選修,,"二 1,2 / 四 3,4,10",共201,3 類,,2,,https://course.ntu.edu.tw/courses/114-2/23935
微積分4 ─ 在經濟商管的應用,傅斯緯,28480,MATH4010,20149850,必修,,"二 1,2 / 四 3,4,10",普101/普102,3 類,,2,,https://course.ntu.edu.tw/courses/114-2/28480
數理統計,江金倉,50720,MATH4013,20149880,選修,,"一 6,7,8",天數102,2 類,,3,,https://course.ntu.edu.tw/courses/114-2/50720
學士論文,戴尚年,95151,MATH4015,20149920,選修,,,,2 類,,1,,https://course.ntu.edu.tw/courses/114-2/95151
學士論文,蔡政江,95152,MATH4015,20149920,選修,,,,2 類,,1,,https://course.ntu.edu.tw/courses/114-2/95152
學士論文,沈俊嚴,95153,MATH4015,20149920,選修,,,,2 類,,1,,https://course.ntu.edu.tw/courses/114-2/95153
線性代數導論二,蔡國榮,20389,MATH4022,20149990,選修,,"三 3,4 / 五 3,4",普102,3 類,,4,,https://course.ntu.edu.tw/courses/114-2/20389
近世代數二,陳榮凱,37632,MATH5002,221U6590,必修,,"三 6,7 / 五 6,7",天數302,3 類,,3,,https://course.ntu.edu.tw/courses/114-2/37632
分析二,林偉傑,13558,MATH5229,221U6550,選修,,"二 2,3,4 / 四 3,4",天數102,2 類,,5,,https://course.ntu.edu.tw/courses/114-2/13558
數學沙龍與生涯探索,夏俊雄,30242,MATH5240,221U8770,選修,,"三 8,9",天數202,3 類,,1,,https://course.ntu.edu.tw/courses/114-2/30242
深度學習之數學基礎,黃文良,59363,MATH5255,221U8940,選修,,"四 7,8,9",天數302,3 類,,3,,https://course.ntu.edu.tw/courses/114-2/59363
黎曼面,林惠雯,15086,MATH5306,221U0790,選修,,"二 6,7 / 四 6,7",天數101,3 類,,3,,https://course.ntu.edu.tw/courses/114-2/15086
微分拓樸,郭孝豪,13333,MATH5324,221U3230,選修,,"二 6 / 四 6,7",天數305,3 類,,3,,https://course.ntu.edu.tw/courses/114-2/13333
代數數論,李庭諭,39844,MATH5378,221U9670,選修,,"三 5,6 / 五 6,7",天數102,3 類,,4,,https://course.ntu.edu.tw/courses/114-2/39844
p進簡約群結構論,大井雅雄,34284,MATH5379,221U9680,選修,,"二 2,3,4",天數201,3 類,,3,,https://course.ntu.edu.tw/courses/114-2/34284
幾何有理多樣體,林學庸,37802,MATH5380,221U9690,選修,,"五 2,3,4",天數302,3 類,,3,,https://course.ntu.edu.tw/courses/114-2/37802
動力系統與嚴格數值計算二,何歐立,22439,MATH5381,221U9710,選修,,"三 4,6,7",天數304,3 類,,3,,https://course.ntu.edu.tw/courses/114-2/22439
總合幾何學導論,本多正平,50133,MATH5383,221U9730,選修,,"一 6,7 / 三 6,7",天數201,2 類,,1,,https://course.ntu.edu.tw/courses/114-2/50133
代數數論專題,謝銘倫,34177,MATH5384,221U9740,選修,,"四 6,7,8",天數201,2 類,,3,,https://course.ntu.edu.tw/courses/114-2/34177
代數二,莊武諺,53892,MATH7008,221M3120,選修,,"三 6,7 / 五 6,7,8",天數101,3 類,,5,,https://course.ntu.edu.tw/courses/114-2/53892
實分析二,陳逸昆,15937,MATH7202,221U2880,必修 / 選修,,"一 3,4 / 三 3,4",天數201,3 類,,3,,https://course.ntu.edu.tw/courses/114-2/15937
微分幾何二,王金龍,58985,MATH7302,221U2940,必修,,"二 3,4 / 四 3,4",天數101,3 類,,3,,https://course.ntu.edu.tw/courses/114-2/58985
數學物理方程一,阮文先,46236,MATH7419,221U5780,必修,,"四 2,3,4",天數302,3 類,,3,,https://course.ntu.edu.tw/courses/114-2/46236
機率論二,李志煌,22887,MATH7510,221U3420,必修,,"二 6,7 / 四 7",天數102,3 類,,3,,https://course.ntu.edu.tw/courses/114-2/22887
組合學二,戴尚年,39062,MATH7702,221U3300,選修,,"二 8,9 / 五 5",天數202,3 類,,3,,https://course.ntu.edu.tw/courses/114-2/39062
碩士論文,,51225,MATH7999,221M0010,必修,,,,1 類,,0,,https://course.ntu.edu.tw/courses/114-2/51225
專題演講二,何歐立,57118,MATH8003,221U3860,必修,,"一 6,7",天數202,3 類,,2,,https://course.ntu.edu.tw/courses/114-2/57118
專題演講二,林朝明,95090,MATH8003,221U3860,必修,,"一 6,7",,3 類,,2,,https://course.ntu.edu.tw/courses/114-2/95090
專題演講四,何歐立,95091,MATH8005,221U3880,必修,,"一 6,7",,3 類,,2,,https://course.ntu.edu.tw/courses/114-2/95091
專題演講四,林朝明,40046,MATH8005,221U3880,必修,,"一 6,7",,3 類,,2,,https://course.ntu.edu.tw/courses/114-2/40046
複幾何專題,林朝明,58957,MATH8315,221U4960,選修,,"三 8,9 / 五 8,9",天數305,3 類,,3,,https://course.ntu.edu.tw/courses/114-2/58957
博士論文,,25663,MATH8999,221D0010,必修,,,,1 類,,0,,https://course.ntu.edu.tw/courses/114-2/25663
高科技產業趨勢與策略分析,詹文男,58757,MBA5014,741U4920,選修,,"一 A,B,C",管一B01,2 類,,3,,https://course.ntu.edu.tw/courses/114-2/58757
創新與創業管理,陳忠仁,29240,MBA5016,741U4960,選修,,"三 7,8,9",管二301,2 類,,3,,https://course.ntu.edu.tw/courses/114-2/29240
創新與創業管理,陳忠仁,25749,MBA5016,741U4960,選修,,"三 7,8,9",,2 類,,3,,https://course.ntu.edu.tw/courses/114-2/25749
國際市場管理,劉佳玲,36816,MBA5075,741U3120,選修,,"四 7,8,9",管二203,2 類,,3,,https://course.ntu.edu.tw/courses/114-2/36816
判斷與管理決策,劉怡靖,48379,MBA5082,741U0240,選修,,"三 2,3,4",管二205,2 類,,3,,https://course.ntu.edu.tw/courses/114-2/48379
商管程式設計,孔令傑,23398,MBA5084,741U9750,選修,,"一 A,B,C",,2 類,,3,,https://course.ntu.edu.tw/courses/114-2/23398
智慧財產權法,何愛文,23436,MBA5086,741U5430,選修,,"三 7,8,9",管一103,2 類,,3,,https://course.ntu.edu.tw/courses/114-2/23436
社群媒體行銷,林嘉薇,10501,MBA5096,741U4420,選修,,"三 7,8,9",管一203,2 類,,3,,https://course.ntu.edu.tw/courses/114-2/10501
整合行銷傳播,秦時雋,15152,MBA5103,741U9780,選修,,"四 7,8,9",管一405,2 類,,3,,https://course.ntu.edu.tw/courses/114-2/15152
管理會計,黃祥宇,34659,MBA7001,741M0620,必修,,"五 2,3,4",管二301,2 類,,3,,https://course.ntu.edu.tw/courses/114-2/34659
消費者態度理論,簡怡雯,52267,MBA7014,741M3310,選修,,"一 6,7,8",管二302,2 類,,3,,https://course.ntu.edu.tw/courses/114-2/52267
電子化企業與供應鏈管理,蔣明晃,49415,MBA7021,741M5030,選修,,"一 2,3,4",,2 類,,3,,https://course.ntu.edu.tw/courses/114-2/49415
管理科學模式,廖振男,59413,MBA7025,741M8000,選修,,"二 6,7,8",管二202,2 類,,3,,https://course.ntu.edu.tw/courses/114-2/59413
行銷研究,柯冠州,35228,MBA7028,741M9000,選修,,"四 2,3,4",管二302,2 類,,3,,https://course.ntu.edu.tw/courses/114-2/35228
全球企業分析,劉佳玲,21760,MBA7083,741M0190,選修,,"四 2,3,4",管二203,2 類,,3,,https://course.ntu.edu.tw/courses/114-2/21760
碩士論文,,40703,MBA7999,741M0010,必修,,,,1 類,,0,,https://course.ntu.edu.tw/courses/114-2/40703
獨立研究,江俊毅,28849,MBA8001,741D0100,選修,,"五 7,8,9",管二研十一,2 類,,3,,https://course.ntu.edu.tw/courses/114-2/28849
獨立研究,劉念琪,23239,MBA8001,741D0100,選修,,"一 7,8,9",管二研九,2 類,,3,,https://course.ntu.edu.tw/courses/114-2/23239
獨立研究,朱文儀,95150,MBA8001,741D0100,選修,,,,2 類,,3,,https://course.ntu.edu.tw/courses/114-2/95150
組織行為研討,陸  洛,41788,MBA8002,741D5300,選修,,"一 7,8,9",管二研十一,2 類,,3,,https://course.ntu.edu.tw/courses/114-2/41788
方法論,江俊毅,35792,MBA8006,741D0150,選修,,"一 2,3,4",,2 類,,3,,https://course.ntu.edu.tw/courses/114-2/35792
組織理論研討,劉念琪,53220,MBA8007,741D5100,選修,,"五 2,3,4",管二研九,2 類,,3,,https://course.ntu.edu.tw/courses/114-2/53220
策略理論研討二,朱文儀,11567,MBA8010,741D5220,選修,,"一 7,8,9",管二研七,2 類,,3,,https://course.ntu.edu.tw/courses/114-2/11567
技術分析與創新研討,林博文,52224,MBA8017,741D7010,選修,,"五 2,3,4",管二研六,2 類,,3,,https://course.ntu.edu.tw/courses/114-2/52224
作業管理研討(二),余峻瑜,48008,MBA8029,741D3440,必修,,"一 6,7,8",管一403,2 類,,3,,https://course.ntu.edu.tw/courses/114-2/48008
行銷策略專題研討,柯冠州,59239,MBA8037,741D3190,選修,,"五 7,8,9",管一403,2 類,,3,,https://course.ntu.edu.tw/courses/114-2/59239
博士論文,,54417,MBA8999,741D0010,必修,,,,1 類,,0,,https://course.ntu.edu.tw/courses/114-2/54417
蛋白質胞內運輸專題討論,李秀敏,50891,MCB5023,B43U1350,選修,,,,3 類,,2,,https://course.ntu.edu.tw/courses/114-2/50891
分子神經生物學專題討論,王致恬,24376,MCB5026,B43U1380,選修,,,,2 類,,2,,https://course.ntu.edu.tw/courses/114-2/24376
單分子生物學專題討論,溫進德,59029,MCB5027,B43U1390,選修,,,,3 類,,2,,https://course.ntu.edu.tw/courses/114-2/59029
植物晝夜節律專題討論,蔡皇龍,53604,MCB5035,B43U1510,選修,,,,3 類,,2,,https://course.ntu.edu.tw/courses/114-2/53604
自然科學領域探究與實作專題,董桂書,11788,MCB5040,B43U1560,必修,,"一 10,A / 四 10,A",生科419/生科4C,3 類,,4,,https://course.ntu.edu.tw/courses/114-2/11788
碩士班專題討論,蔡皇龍,43660,MCB7001,B43M0020,必修,,"一 7,8",生科4A,3 類,,1,,https://course.ntu.edu.tw/courses/114-2/43660
專題研究,阮雪芬,19103,MCB7002,B43M0030,必修 / 選修,,"二 7,8,9",生科1148,3 類,,1,,https://course.ntu.edu.tw/courses/114-2/19103
專題研究,吳益群,59237,MCB7002,B43M0030,必修,,,,3 類,,1,,https://course.ntu.edu.tw/courses/114-2/59237
專題研究,董桂書,17391,MCB7002,B43M0030,必修,,,,3 類,,1,,https://course.ntu.edu.tw/courses/114-2/17391
專題研究,王致恬,52117,MCB7002,B43M0030,必修 / 選修,,,,3 類,,1,,https://course.ntu.edu.tw/courses/114-2/52117
專題研究,溫進德,58367,MCB7002,B43M0030,必修,,,,3 類,,1,,https://course.ntu.edu.tw/courses/114-2/58367
專題研究,陳俊宏,37966,MCB7002,B43M0030,必修,,,,3 類,,1,,https://course.ntu.edu.tw/courses/114-2/37966
專題研究,黃筱鈞,27454,MCB7002,B43M0030,必修,,,,3 類,,1,,https://course.ntu.edu.tw/courses/114-2/27454
專題研究,朱雪萍,12830,MCB7002,B43M0030,必修,,,,3 類,,1,,https://course.ntu.edu.tw/courses/114-2/12830
專題研究,蔡皇龍,32961,MCB7002,B43M0030,必修,,,,3 類,,1,,https://course.ntu.edu.tw/courses/114-2/32961
專題研究,陳俊豪,27048,MCB7002,B43M0030,必修 / 選修,,,,3 類,,1,,https://course.ntu.edu.tw/courses/114-2/27048
專題研究,游竣惟,33029,MCB7002,B43M0030,必修,,,,3 類,,1,,https://course.ntu.edu.tw/courses/114-2/33029
分子發育遺傳學專題討論,吳益群,59278,MCB7003,B43M0300,選修,,,,3 類,,2,,https://course.ntu.edu.tw/courses/114-2/59278
酵母菌分子遺傳學專題討論,董桂書,48157,MCB7008,B43M0350,選修,,,,3 類,,2,,https://course.ntu.edu.tw/courses/114-2/48157
系統生物學專題討論,阮雪芬,19297,MCB7010,B43M0370,必修 / 選修,,"三 7,8",生科1148,3 類,,2,,https://course.ntu.edu.tw/courses/114-2/19297
模式生物專題討論,江運金,21502,MCB7030,B43M1610,選修,,,,2 類,,2,,https://course.ntu.edu.tw/courses/114-2/21502
系統與合成生物學專題討論下,黃筱鈞,20278,MCB7031,B43M0432,選修,,,,3 類,,2,,https://course.ntu.edu.tw/courses/114-2/20278
碩士論文,,35402,MCB7999,B43M0010,必修,,,,1 類,,0,,https://course.ntu.edu.tw/courses/114-2/35402
博士班專題討論,朱雪萍,23142,MCB8001,B43D0020,必修,,"一 7,8",生科419,3 類,,1,,https://course.ntu.edu.tw/courses/114-2/23142
專題研究,李秀敏,32010,MCB8002,B43D0030,必修,,,,3 類,,1,,https://course.ntu.edu.tw/courses/114-2/32010
專題研究,王致恬,10620,MCB8002,B43D0030,必修,,,,3 類,,1,,https://course.ntu.edu.tw/courses/114-2/10620
專題研究,溫進德,26629,MCB8002,B43D0030,必修,,,,3 類,,1,,https://course.ntu.edu.tw/courses/114-2/26629
專題研究,陳俊宏,23463,MCB8002,B43D0030,必修,,,,3 類,,1,,https://course.ntu.edu.tw/courses/114-2/23463
專題研究,黃筱鈞,51434,MCB8002,B43D0030,必修,,,,3 類,,1,,https://course.ntu.edu.tw/courses/114-2/51434
專題研究,朱雪萍,54627,MCB8002,B43D0030,必修,,,,3 類,,1,,https://course.ntu.edu.tw/courses/114-2/54627
專題研究,蔡皇龍,47942,MCB8002,B43D0030,必修,,,,3 類,,1,,https://course.ntu.edu.tw/courses/114-2/47942
博士論文,,24198,MCB8999,B43D0010,必修,,,,1 類,,0,,https://course.ntu.edu.tw/courses/114-2/24198
豬病與禽病診斷醫學入門（二）,張惠雯,34515,MCP5021,644U0210,選修,,"四 6,7",獸三館202,2 類,,2,,https://course.ntu.edu.tw/courses/114-2/34515
臨床豬病與禽病診斷學（二）,張惠雯,58553,MCP5023,644U0230,選修,,,,2 類,,2,,https://course.ntu.edu.tw/courses/114-2/58553
臨床豬病與禽病診斷學（四）,張惠雯,41797,MCP5025,644U0250,選修,,,,2 類,,2,,https://course.ntu.edu.tw/courses/114-2/41797
碩士論文,,11069,MCP7001,644M0010,必修,,,,1 類,,0,,https://course.ntu.edu.tw/courses/114-2/11069
專題討論二,張惠雯,54635,MCP7003,644M0040,必修,,"二 3,4",,1 類,,1,,https://course.ntu.edu.tw/courses/114-2/54635
專題討論四,張惠雯,41816,MCP7005,644M0060,必修,,"二 3,4",獸一館412,1 類,,1,,https://course.ntu.edu.tw/courses/114-2/41816
專題研究二,張惠雯,28055,MCP7007,644M0080,必修,,,,2 類,,1,,https://course.ntu.edu.tw/courses/114-2/28055
專題研究二,黃威翔,13112,MCP7007,644M0080,必修,,,,2 類,,1,,https://course.ntu.edu.tw/courses/114-2/13112
專題研究二,張晏禎,20491,MCP7007,644M0080,必修,,,,2 類,,1,,https://course.ntu.edu.tw/courses/114-2/20491
專題研究二,張志成,46171,MCP7007,644M0080,必修,,,,2 類,,1,,https://course.ntu.edu.tw/courses/114-2/46171
專題研究四,張惠雯,15711,MCP7009,644M0100,必修,,,,2 類,,1,,https://course.ntu.edu.tw/courses/114-2/15711
專題研究四,黃威翔,53059,MCP7009,644M0100,必修,,,,2 類,,1,,https://course.ntu.edu.tw/courses/114-2/53059
專題研究四,張晏禎,54471,MCP7009,644M0100,必修,,,,2 類,,1,,https://course.ntu.edu.tw/courses/114-2/54471
組織病理診斷學二,張志成,20517,MCP7013,644M0140,選修,,,,1 類,,2,,https://course.ntu.edu.tw/courses/114-2/20517
組織病理診斷學四,張晏禎,24278,MCP7015,644M0160,選修,,,,1 類,,2,,https://course.ntu.edu.tw/courses/114-2/24278
獸醫診斷病理學二,張惠雯,47021,MCP7017,644M0180,選修,,,,1 類,,3,,https://course.ntu.edu.tw/courses/114-2/47021
獸醫診斷病理學四,張惠雯,36538,MCP7019,644M0200,選修,,,,1 類,,3,,https://course.ntu.edu.tw/courses/114-2/36538
衛生保健,程劭儀,49952,MD&PH5001,40550200,選修,,"四 6,7",計資106,2 類,,2,,https://course.ntu.edu.tw/courses/114-2/49952
醫學與生活,楊榮森,34380,MD&PH5007,40550900,,,"三 8,9",基醫101,3 類,,2,,https://course.ntu.edu.tw/courses/114-2/34380
醫學與生活,江鴻生,44050,MD&PH5007,40550900,,,"三 6,7",基醫104,3 類,,2,,https://course.ntu.edu.tw/courses/114-2/44050
醫學與生活,楊榮森,24021,MD&PH5007,40550900,,,"三 6,7",基醫101,3 類,,2,,https://course.ntu.edu.tw/courses/114-2/24021
一般醫學保健,陳慧玲,58219,MD&PH5011,40551400,選修,,"三 8,9",新304,2 類,,2,,https://course.ntu.edu.tw/courses/114-2/58219
細胞生物學,李明學,40039,md&ph5017,420U2100,必帶 / 必修 / 選修,,"四 8,9,10",基醫101,3 類,,3,,https://course.ntu.edu.tw/courses/114-2/40039
超音波醫學,黃凱文,29837,md&ph5019,420U2300,選修,,一 10,基醫405,3 類,,1,,https://course.ntu.edu.tw/courses/114-2/29837
醫學與人文,陳彥元,59410,MD&PH5024,40552700,,,"五 6,7",基醫301,3 類,,2,,https://course.ntu.edu.tw/courses/114-2/59410
醫學研究專題討論二,潘明楷,14980,md&ph5037,420U4100,必修 / 選修,,三 5,基醫102,3 類,,1,,https://course.ntu.edu.tw/courses/114-2/14980
生物資訊導論,曾宇鳳,38905,md&ph5070,420U3010,選修,,三 6,基醫503,3 類,,1,,https://course.ntu.edu.tw/courses/114-2/38905
轉譯醫學及臨床試驗,陳偉武,37175,md&ph5072,420U4700,選修,,"二 8,9",基醫104,3 類,,2,,https://course.ntu.edu.tw/courses/114-2/37175
心理健康促進與自殺防治,吳佳儀,32910,MD&PH5078,40553000,,,"三 7,8,9",普305,3 類,,3,,https://course.ntu.edu.tw/courses/114-2/32910
民眾基本救護,陳石池,59109,MD&PH5080,40553200,選修,,"三 6,7,8,9",基醫304,2 類,,4,,https://course.ntu.edu.tw/courses/114-2/59109
碩士論文,,35793,MDI7001,458M0010,必修,,,,1 類,,0,,https://course.ntu.edu.tw/courses/114-2/35793
醫療感測器材專題研究(II),林世明,49676,MDI7015,458M0110,必修,,二 6,基醫1222,2 類,,1,,https://course.ntu.edu.tw/courses/114-2/49676
醫學影像重建與分析,黃宣銘,12296,MDI7037,458M0370,選修,,"一 2,3",基醫1222,2 類,,2,,https://course.ntu.edu.tw/courses/114-2/12296
醫學影像處理專題研究 (II),黃宣銘,42497,MDI7039,458M0390,選修,,"四 10,A",基醫1222,2 類,,2,,https://course.ntu.edu.tw/courses/114-2/42497
醫學影像重建與分析專題研究 (II),黃宣銘,28905,MDI7040,458M0400,必修,,五 10,基醫1222,2 類,,1,,https://course.ntu.edu.tw/courses/114-2/28905
臨床影像生物標誌專題研究 (II),吳文超,31380,MDI7052,458M0512,必修 / 選修,,五 A,基醫1222,2 類,,1,,https://course.ntu.edu.tw/courses/114-2/31380
數位生醫訊號處理,駱  遠,22521,MDI7055,458M0540,選修,,"五 6,7,8",基醫1222,2 類,,3,,https://course.ntu.edu.tw/courses/114-2/22521
動脈硬化栓塞醫療器材專題研究 (II),林世明,29239,MDI7058,458M0570,選修,,四 9,基醫1222,2 類,,1,,https://course.ntu.edu.tw/courses/114-2/29239
心肺工程專題研究 II,林育君,50873,MDI7062,458M0620,選修,,一 10,基醫1222,2 類,,1,,https://course.ntu.edu.tw/courses/114-2/50873
醫用力學專題研究 II,林育君,53970,MDI7064,458M0640,選修,,"一 4,5",基醫1222,2 類,,2,,https://course.ntu.edu.tw/courses/114-2/53970
醫學深度學習專題研究 II,張  瀚,45221,MDI7070,458M0700,選修,,一 A,基醫1222,2 類,,1,,https://course.ntu.edu.tw/courses/114-2/45221
生醫機器學習專題研究II,張  瀚,24551,MDI7072,458M0720,選修,,"三 9,10",基醫1222,2 類,,2,,https://course.ntu.edu.tw/courses/114-2/24551
腦瘤影像專題研究(II),蕭輔仁,12956,MDI7076,458M0760,必修,,一 1,基醫1222,3 類,,1,,https://course.ntu.edu.tw/courses/114-2/12956
醫療器材商品化,林育君,28307,MDI7077,458M0770,選修,,"二 7,8",基醫1222,2 類,,2,,https://course.ntu.edu.tw/courses/114-2/28307
醫療器材原理與創新(II),林世明,10969,MDI7081,458M0810,必修 / 選修,,"四 6,7",基醫1222,2 類,,2,,https://course.ntu.edu.tw/courses/114-2/10969
智慧醫材專題研究(II),蕭輔仁,22367,MDI7086,458M0860,選修,,"二 4,5",基醫1222,3 類,,2,,https://course.ntu.edu.tw/courses/114-2/22367
先進生醫顯微影像術專題研究(IV),駱  遠,11529,MDI8004,458D0210,必修,,三 A,,2 類,,1,,https://course.ntu.edu.tw/courses/114-2/11529
腦瘤影像專題研究(IV),蕭輔仁,44535,MDI8014,458D0710,必修,,一 1,,2 類,,1,,https://course.ntu.edu.tw/courses/114-2/44535
博士論文,,13706,MDI8015,458D0010,必修,,,,1 類,,0,,https://course.ntu.edu.tw/courses/114-2/13706
先進生醫顯微影像術專題研究(II),駱  遠,21625,MDI8020,458D0230,必修,,三 A,,2 類,,1,,https://course.ntu.edu.tw/courses/114-2/21625
臨床影像生物標誌專題研究 (II),吳文超,57912,MDI8022,458D0330,必修,,五 A,,2 類,,1,,https://course.ntu.edu.tw/courses/114-2/57912
腦瘤影像專題研究(II),蕭輔仁,38784,MDI8030,458D0730,必修,,一 1,,2 類,,1,,https://course.ntu.edu.tw/courses/114-2/38784
醫療器材臨床需求探勘,蕭輔仁,23910,MDI8031,458D0800,選修,,"一 3,4",基醫507,2 類,,2,,https://course.ntu.edu.tw/courses/114-2/23910
環境規劃與韌性,石婉瑜,33942,MDR7040,H46U7040,選修,,"五 6,7,8",綜606,2 類,,3,,https://course.ntu.edu.tw/courses/114-2/33942
災害管理與治理,李維森,19050,MDR7130,H46U7130,選修,,"二 2,3,4",,2 類,,3,,https://course.ntu.edu.tw/courses/114-2/19050
空間資訊與風險評估,余化龍,19227,MDR7920,H46U7920,選修,,"三 2,3,4",,2 類,,3,,https://course.ntu.edu.tw/courses/114-2/19227
碩士論文,,19870,MDR7999,H46M0010,必修,,,,1 類,,0,,https://course.ntu.edu.tw/courses/114-2/19870
服務學習乙,徐冠倫,31356,ME0007,502001H0,選修,,,,2 類,,1,,https://course.ntu.edu.tw/courses/114-2/31356
服務學習乙,郭重顯,31023,ME0007,502001H0,選修,,,,2 類,,1,,https://course.ntu.edu.tw/courses/114-2/31023
服務學習乙,黃育熙,15364,ME0007,502001H0,選修,,,,2 類,,1,,https://course.ntu.edu.tw/courses/114-2/15364
服務學習乙,林以凡,56131,ME0007,502001H0,選修,,,,2 類,,1,,https://course.ntu.edu.tw/courses/114-2/56131
服務學習乙,林以凡,25261,ME0007,502001H0,選修,,,,2 類,,1,,https://course.ntu.edu.tw/courses/114-2/25261
服務學習乙,林以凡,12712,ME0007,502001H0,選修,,,,2 類,,1,,https://course.ntu.edu.tw/courses/114-2/12712
動力學,李  綱,39042,ME1006,50221140,必帶 / 必修,,"二 7,8,9",機械115,2 類,,3,,https://course.ntu.edu.tw/courses/114-2/39042
動力學,林峻永,31861,ME1006,50221140,必帶 / 必修,,"二 7,8,9",繡山講堂,2 類,,3,,https://course.ntu.edu.tw/courses/114-2/31861
動力學,李宇修,45540,ME1006,50221140,必帶 / 必修,,"二 7,8,9",機械114,2 類,,3,,https://course.ntu.edu.tw/courses/114-2/45540
工場實習,李貫銘,35233,ME1007,50225000,必帶,,"一 7,8,9",機械實習工場,2 類,,1,,https://course.ntu.edu.tw/courses/114-2/35233
工場實習,黃瀅瑛,31188,ME1007,50225000,必帶,,"五 7,8,9",機械實習工場,2 類,,1,,https://course.ntu.edu.tw/courses/114-2/31188
工場實習,林以凡,36485,ME1007,50225000,必帶,,"三 7,8,9",機械實習工場,2 類,,1,,https://course.ntu.edu.tw/courses/114-2/36485
機械工程實務,楊馥菱,32618,ME1011,50217060,必帶,,"五 6,7",機械B113,2 類,,2,,https://course.ntu.edu.tw/courses/114-2/32618
機械工程實務,林沛群,23765,ME1011,50217060,必帶,,"五 6,7",,2 類,,2,,https://course.ntu.edu.tw/courses/114-2/23765
機械工程實務,詹魁元,29204,ME1011,50217060,必帶,,"五 6,7",,2 類,,2,,https://course.ntu.edu.tw/courses/114-2/29204
工程數學下,蕭浩明,18310,ME2002,50220002,必修,,"一 3,4 / 三 2",繡山講堂,2 類,,3,,https://course.ntu.edu.tw/courses/114-2/18310
工程數學下,蔡協澄,24126,ME2002,50220002,必修,,"一 3,4 / 三 2",機械114,2 類,,3,,https://course.ntu.edu.tw/courses/114-2/24126
工程數學下,盧南佑,48705,ME2002,50220002,必修,,"一 3,4 / 三 2",進學講堂,2 類,,3,,https://course.ntu.edu.tw/courses/114-2/48705
工程數學下,林以凡,47355,ME2002,50220002,必帶 / 必修,,"一 3,4 / 三 2",綜401,2 類,,3,,https://course.ntu.edu.tw/courses/114-2/47355
材料力學,王建凱,41690,ME2003,50221800,必修,,"二 3,4 / 五 2",機械113,2 類,,3,,https://course.ntu.edu.tw/courses/114-2/41690
材料力學,莊嘉揚,49617,ME2003,50221800,必修,,"二 3,4 / 五 2",機械116,2 類,,3,,https://course.ntu.edu.tw/courses/114-2/49617
材料力學,盧中仁,41275,ME2003,50221800,必修,,"二 3,4 / 五 2",繡山講堂,2 類,,3,,https://course.ntu.edu.tw/courses/114-2/41275
流體力學,張鈞棣,27547,ME2007,50231000,必修,,"二 2 / 五 3,4",機械113,2 類,,3,,https://course.ntu.edu.tw/courses/114-2/27547
流體力學,黃美嬌,37942,ME2007,50231000,必修,,"二 2 / 五 3,4",機械115,2 類,,3,,https://course.ntu.edu.tw/courses/114-2/37942
機械製造,李貫銘,13616,ME2008,50234100,必修,,"一 2 / 三 3,4",機械114/機械104,2 類,,3,,https://course.ntu.edu.tw/courses/114-2/13616
計算機程式,鍾添東,48890,ME2009,50210100,必修,,"四 7,8,9",機械系計中,2 類,,2,,https://course.ntu.edu.tw/courses/114-2/48890
計算機程式,黃道宏,18560,ME2009,50210100,必修,,"二 6,7,8",機械系計中,2 類,,2,,https://course.ntu.edu.tw/courses/114-2/18560
計算機程式,林以凡,32571,ME2009,50210100,必修,,"四 3,4,5",機械系計中,2 類,,2,,https://course.ntu.edu.tw/courses/114-2/32571
機械工程實驗（二）,江明哲,10666,ME3010,50235220,必修,,"一 1,2",機械B114,3 類,,1,,https://course.ntu.edu.tw/courses/114-2/10666
機械工程實驗（二）,江明哲,11884,ME3010,50235220,必修,,"一 3,4",機械B114,3 類,,1,,https://course.ntu.edu.tw/courses/114-2/11884
機械工程實驗（二）,江明哲,44049,ME3010,50235220,必修,,"一 5,6",機械B114,3 類,,1,,https://course.ntu.edu.tw/courses/114-2/44049
機械工程實驗（二）,江明哲,36496,ME3010,50235220,必修,,"一 7,8",機械B114,3 類,,1,,https://course.ntu.edu.tw/courses/114-2/36496
機械工程實驗（二）,江明哲,58404,ME3010,50235220,必修,,"三 1,2",機械B114,3 類,,1,,https://course.ntu.edu.tw/courses/114-2/58404
機械工程實驗（二）,江明哲,17466,ME3010,50235220,必修,,"三 3,4",機械B114,3 類,,1,,https://course.ntu.edu.tw/courses/114-2/17466
機械工程實驗（二）,江明哲,23415,ME3010,50235220,必修,,"三 5,6",機械B114,3 類,,1,,https://course.ntu.edu.tw/courses/114-2/23415
機械工程實驗（二）,江明哲,29941,ME3010,50235220,必修,,"四 1,2",機械B114,3 類,,1,,https://course.ntu.edu.tw/courses/114-2/29941
機械工程實驗（二）,江明哲,37743,ME3010,50235220,必修,,"四 3,4",機械B114,3 類,,1,,https://course.ntu.edu.tw/courses/114-2/37743
工具機,覺文郁,49012,ME4102,50245230,選修,,"三 7,8,9",機械114,2 類,,3,,https://course.ntu.edu.tw/courses/114-2/49012
智慧車輛設計與實務二,詹魁元,27254,ME5025,522U6400,選修,,"四 7,8,9",,2 類,,3,,https://course.ntu.edu.tw/courses/114-2/27254
高等材料力學,劉建豪,59540,ME5027,522U6600,選修,,"三 2,3,4",機械113,2 類,,3,,https://course.ntu.edu.tw/courses/114-2/59540
綠建築節能設計,陳希立,36122,ME5033,522U7200,選修,,"五 3,4,5",繡山講堂,2 類,,3,,https://course.ntu.edu.tw/courses/114-2/36122
AI自主駕駛電動車設計與實務(二),詹魁元,41397,ME5037,522U6120,選修,,"四 7,8,9",機械104,1 類,,3,,https://course.ntu.edu.tw/courses/114-2/41397
機器人視覺,黃漢邦,48092,ME5043,522U6180,選修,,"一 2,3,4",機械116,2 類,,3,,https://course.ntu.edu.tw/courses/114-2/48092
奈米科學與工程,陳炳煇,44254,ME5046,522U6220,選修,,"四 3,4",機械104,2 類,,2,,https://course.ntu.edu.tw/courses/114-2/44254
微奈米尺度熱傳,呂明璋,32343,ME5047,522U6230,選修,,"二 2,3,4",機械114,2 類,,3,,https://course.ntu.edu.tw/courses/114-2/32343
虛實製造系統,陳湘鳳,32215,ME5049,522U6250,選修,,"三 2,3,4",機械系計中,2 類,,3,,https://course.ntu.edu.tw/courses/114-2/32215
半導體檢測技術,傅尉恩,57069,ME5051,522U6260,選修,,"四 A,B,C",機械104,2 類,,3,,https://course.ntu.edu.tw/courses/114-2/57069
車輛動態學,詹魁元,36436,ME5059,522U6350,選修,,"五 2,3,4",機皮教室,2 類,,3,,https://course.ntu.edu.tw/courses/114-2/36436
風能工程,盧南佑,21609,ME5060,522U6360,選修,,"二 7,8,9",機械104,2 類,,3,,https://course.ntu.edu.tw/courses/114-2/21609
人因工程概論,張秉純,56323,ME5066,522U6430,選修,,"三 2,3,4",機皮教室,2 類,,3,,https://course.ntu.edu.tw/courses/114-2/56323
人工智慧之訊號與影像處理,蔡孟勳,32978,ME5070,522U6480,選修,,"三 B,C,D",機械104,2 類,,3,,https://course.ntu.edu.tw/courses/114-2/32978
相變化熱傳,呂明璋,38081,ME5088,522U6670,選修,,"四 2,3,4",機械105,2 類,,3,,https://course.ntu.edu.tw/courses/114-2/38081
生活中的力學,莊國志,34808,ME5090,522U6690,,,"三 7,8",繡山講堂,2 類,,2,,https://course.ntu.edu.tw/courses/114-2/34808
循環經濟與能源轉型,林心恬,12200,ME5091,522U6710,選修,,"五 2,3,4",機械105,2 類,,3,,https://course.ntu.edu.tw/courses/114-2/12200
機器人動力學,藍兆杰,46155,ME5092,522U6720,選修,,"三 2,3,4",機械105,2 類,,3,,https://course.ntu.edu.tw/courses/114-2/46155
發動機噴霧與燃燒的建模與模擬,李佳峯,95033,ME5093,522U6730,選修,,"三 7,8,9,10 / 六 2,3,4,5",機械105,2 類,,2,,https://course.ntu.edu.tw/courses/114-2/95033
學士專題研究,陳炳煇,23031,ME5105,522U0090,選修,,,,2 類,,2,,https://course.ntu.edu.tw/courses/114-2/23031
學士專題研究,黃美嬌,24031,ME5105,522U0090,選修,,,,2 類,,2,,https://course.ntu.edu.tw/courses/114-2/24031
學士專題研究,孫珍理,22069,ME5105,522U0090,選修,,,,2 類,,2,,https://course.ntu.edu.tw/courses/114-2/22069
學士專題研究,楊馥菱,13093,ME5105,522U0090,選修,,,,2 類,,2,,https://course.ntu.edu.tw/courses/114-2/13093
學士專題研究,呂明璋,41038,ME5105,522U0090,選修,,,,2 類,,2,,https://course.ntu.edu.tw/courses/114-2/41038
學士專題研究,黃信富,11243,ME5105,522U0090,選修,,,,2 類,,2,,https://course.ntu.edu.tw/courses/114-2/11243
學士專題研究,蔣雅郁,33849,ME5105,522U0090,選修,,,,2 類,,2,,https://course.ntu.edu.tw/courses/114-2/33849
學士專題研究,許  麗,54441,ME5105,522U0090,選修,,,,2 類,,2,,https://course.ntu.edu.tw/courses/114-2/54441
學士專題研究,蔡協澄,11192,ME5105,522U0090,選修,,,,2 類,,2,,https://course.ntu.edu.tw/courses/114-2/11192
學士專題研究,陳子殷,13099,ME5105,522U0090,選修,,,,2 類,,2,,https://course.ntu.edu.tw/courses/114-2/13099
學士專題研究,莊嘉揚,56716,ME5105,522U0090,選修,,,,2 類,,2,,https://course.ntu.edu.tw/courses/114-2/56716
學士專題研究,王建凱,26499,ME5105,522U0090,選修,,,,2 類,,2,,https://course.ntu.edu.tw/courses/114-2/26499
學士專題研究,盧南佑,40267,ME5105,522U0090,選修,,,,2 類,,2,,https://course.ntu.edu.tw/courses/114-2/40267
學士專題研究,莊國志,34447,ME5105,522U0090,選修,,,,2 類,,2,,https://course.ntu.edu.tw/courses/114-2/34447
學士專題研究,黃琮暉,14440,ME5105,522U0090,選修,,,,2 類,,2,,https://course.ntu.edu.tw/courses/114-2/14440
學士專題研究,陳湘鳳,51433,ME5105,522U0090,選修,,,,2 類,,2,,https://course.ntu.edu.tw/courses/114-2/51433
學士專題研究,詹魁元,43167,ME5105,522U0090,選修,,,,2 類,,2,,https://course.ntu.edu.tw/courses/114-2/43167
學士專題研究,蘇偉儁,34615,ME5105,522U0090,選修,,,,2 類,,2,,https://course.ntu.edu.tw/courses/114-2/34615
學士專題研究,徐冠倫,47948,ME5105,522U0090,選修,,,,2 類,,2,,https://course.ntu.edu.tw/courses/114-2/47948
學士專題研究,張秉純,44407,ME5105,522U0090,選修,,,,2 類,,2,,https://course.ntu.edu.tw/courses/114-2/44407
學士專題研究,藍兆杰,16824,ME5105,522U0090,選修,,,,2 類,,2,,https://course.ntu.edu.tw/courses/114-2/16824
學士專題研究,陳亮嘉,30649,ME5105,522U0090,選修,,,,2 類,,2,,https://course.ntu.edu.tw/courses/114-2/30649
學士專題研究,陳志軒,45971,ME5105,522U0090,選修,,,,2 類,,2,,https://course.ntu.edu.tw/courses/114-2/45971
學士專題研究,李典儒,41264,ME5105,522U0090,選修,,,,2 類,,2,,https://course.ntu.edu.tw/courses/114-2/41264
學士專題研究,黃漢邦,35768,ME5105,522U0090,選修,,,,2 類,,2,,https://course.ntu.edu.tw/courses/114-2/35768
學士專題研究,王富正,43620,ME5105,522U0090,選修,,,,2 類,,2,,https://course.ntu.edu.tw/courses/114-2/43620
學士專題研究,蕭浩明,44281,ME5105,522U0090,選修,,,,2 類,,2,,https://course.ntu.edu.tw/courses/114-2/44281
學士專題研究,林沛群,29437,ME5105,522U0090,選修,,,,2 類,,2,,https://course.ntu.edu.tw/courses/114-2/29437
學士專題研究,郭重顯,29594,ME5105,522U0090,選修,,,,2 類,,2,,https://course.ntu.edu.tw/courses/114-2/29594
學士專題研究,李  綱,23085,ME5105,522U0090,選修,,,,2 類,,2,,https://course.ntu.edu.tw/courses/114-2/23085
學士專題研究,林峻永,32847,ME5105,522U0090,選修,,,,2 類,,2,,https://course.ntu.edu.tw/courses/114-2/32847
學士專題研究,李宇修,44444,ME5105,522U0090,選修,,,,2 類,,2,,https://course.ntu.edu.tw/courses/114-2/44444
學士專題研究,林以凡,17274,ME5105,522U0090,選修,,,,2 類,,2,,https://course.ntu.edu.tw/courses/114-2/17274
數值分析,蔡協澄,39685,ME5113,522U0820,選修,,"四 2,3,4",進學講堂,2 類,,3,,https://course.ntu.edu.tw/courses/114-2/39685
材料之機械性質,鄭憶中,31853,ME5114,522U1040,選修,,"四 2,3,4",機械115,2 類,,3,,https://course.ntu.edu.tw/courses/114-2/31853
電子設備之熱傳分析,孫珍理,44172,ME5116,522U1210,選修,,"五 2,3,4",機械114,2 類,,3,,https://course.ntu.edu.tw/courses/114-2/44172
飛行力學,賴君亮,11704,ME5119,522U1300,選修,,"四 2,3,4",機械114,3 類,,3,,https://course.ntu.edu.tw/courses/114-2/11704
機構設計,李志中,15288,ME5125,522U1440,選修,,"二 2,3,4",機械105,2 類,,3,,https://course.ntu.edu.tw/courses/114-2/15288
混沌力學導論,伍次寅,16771,ME5134,522U1660,選修,,"四 7,8,9",機械105,3 類,,3,,https://course.ntu.edu.tw/courses/114-2/16771
實驗設計,江明哲,11584,ME5135,522U1680,選修,,"三 7,8,9",機皮教室,3 類,,3,,https://course.ntu.edu.tw/courses/114-2/11584
實驗應力分析,單秋成,22005,ME5138,522U2230,選修,,"一 2,3,4",機械104,2 類,,3,,https://course.ntu.edu.tw/courses/114-2/22005
中等動力學,盧中仁,21082,ME5148,522U3550,選修,,"三 7,8,9",機械104,2 類,,3,,https://course.ntu.edu.tw/courses/114-2/21082
高等熱傳學,許  麗,13934,ME5150,522U3740,選修,,"三 2,3,4",機械116,2 類,,3,,https://course.ntu.edu.tw/courses/114-2/13934
近代物理,楊燿州,47435,ME5161,522U4230,選修,,"二 7,8,9",機械113,2 類,,3,,https://course.ntu.edu.tw/courses/114-2/47435
有限元素法導論,黃琮暉,25146,ME5163,522U4270,選修,,"三 6,7,8",機械系計中,2 類,,3,,https://course.ntu.edu.tw/courses/114-2/25146
固體力學能量法,周元昉,43278,ME5171,522U4480,選修,,"一 2,3,4",機械105,2 類,,3,,https://course.ntu.edu.tw/courses/114-2/43278
自動機器設計一,黃光裕,40020,ME5176,522U4540,選修,,"二 7,8,9",機械105,3 類,,3,,https://course.ntu.edu.tw/courses/114-2/40020
微處理器控制系統,楊燿州,58669,ME5192,522U4720,選修,,"三 7,8,9",機械113,2 類,,3,,https://course.ntu.edu.tw/courses/114-2/58669
冷凍空調原理,陳希立,46938,ME5196,522U4770,選修,,"二 7,8,9",進學講堂,2 類,,3,,https://course.ntu.edu.tw/courses/114-2/46938
感測器原理與設計,黃光裕,30585,ME5201,522U4830,選修,,"五 7,8,9",機械105,3 類,,3,,https://course.ntu.edu.tw/courses/114-2/30585
自動化光學檢測原理與應用,陳亮嘉,16875,ME5245,522U5320,選修,,"二 7,8,9",綜402,2 類,,3,,https://course.ntu.edu.tw/courses/114-2/16875
數位控制系統,楊士進,33648,ME5247,522U5350,選修,,"三 2,3,4",機械115,2 類,,3,,https://course.ntu.edu.tw/courses/114-2/33648
電腦輔助工程製圖,徐冠倫,46432,ME5248,522U5360,選修,,"五 8,9,10",機皮教室,2 類,,3,,https://course.ntu.edu.tw/courses/114-2/46432
固液二相流導論,楊馥菱,17092,ME5251,522U5400,選修,,"一 2,3,4",機械115,2 類,,3,,https://course.ntu.edu.tw/courses/114-2/17092
設計自動化與最佳化,陳湘鳳,51984,ME5274,522U5630,選修,,"四 7,8,9",機皮教室,2 類,,3,,https://course.ntu.edu.tw/courses/114-2/51984
學士論文,林峻永,95131,ME5999,522U0010,選修,,,,2 類,,2,,https://course.ntu.edu.tw/courses/114-2/95131
專題討論,陳子殷,57210,ME7001,522M0030,必修,,"一 7,8,9",成志國際演講廳,1 類,,1,,https://course.ntu.edu.tw/courses/114-2/57210
專題討論,劉建豪,42658,ME7001,522M0030,必修,,"一 7,8,9",繡山演講廳,1 類,,1,,https://course.ntu.edu.tw/courses/114-2/42658
專題討論,詹魁元,33442,ME7001,522M0030,必修,,"一 7,8,9",,1 類,,1,,https://course.ntu.edu.tw/courses/114-2/33442
專題討論,陳志軒,41115,ME7001,522M0030,必修,,"一 7,8,9",,1 類,,1,,https://course.ntu.edu.tw/courses/114-2/41115
專題討論,蕭浩明,59365,ME7001,522M0030,必修,,"一 7,8,9",,1 類,,1,,https://course.ntu.edu.tw/courses/114-2/59365
計算流體力學,潘國隆,29766,ME7008,522M1290,選修,,"二 3,4,5",機械115,2 類,,3,,https://course.ntu.edu.tw/courses/114-2/29766
壓電力學,黃育熙,45421,ME7079,522M3970,選修,,"五 6,7,8",機械113,2 類,,3,,https://course.ntu.edu.tw/courses/114-2/45421
碩士專題研究,陳希立,24797,ME7105,522M0090,選修,,,,2 類,,1,,https://course.ntu.edu.tw/courses/114-2/24797
碩士專題研究,陳炳煇,40424,ME7105,522M0090,選修,,,,2 類,,1,,https://course.ntu.edu.tw/courses/114-2/40424
碩士專題研究,黃美嬌,15586,ME7105,522M0090,選修,,,,2 類,,1,,https://course.ntu.edu.tw/courses/114-2/15586
碩士專題研究,潘國隆,27843,ME7105,522M0090,選修,,,,2 類,,1,,https://course.ntu.edu.tw/courses/114-2/27843
碩士專題研究,孫珍理,51399,ME7105,522M0090,選修,,,,2 類,,1,,https://course.ntu.edu.tw/courses/114-2/51399
碩士專題研究,楊馥菱,10591,ME7105,522M0090,選修,,,,2 類,,1,,https://course.ntu.edu.tw/courses/114-2/10591
碩士專題研究,呂明璋,53917,ME7105,522M0090,選修,,,,2 類,,1,,https://course.ntu.edu.tw/courses/114-2/53917
碩士專題研究,黃信富,41085,ME7105,522M0090,選修,,,,2 類,,1,,https://course.ntu.edu.tw/courses/114-2/41085
碩士專題研究,蔣雅郁,27997,ME7105,522M0090,選修,,,,2 類,,1,,https://course.ntu.edu.tw/courses/114-2/27997
碩士專題研究,張鈞棣,59601,ME7105,522M0090,選修,,,,2 類,,1,,https://course.ntu.edu.tw/courses/114-2/59601
碩士專題研究,許  麗,47549,ME7105,522M0090,選修,,,,2 類,,1,,https://course.ntu.edu.tw/courses/114-2/47549
碩士專題研究,蔡協澄,40366,ME7105,522M0090,選修,,,,2 類,,1,,https://course.ntu.edu.tw/courses/114-2/40366
碩士專題研究,陳子殷,12586,ME7105,522M0090,選修,,,,2 類,,1,,https://course.ntu.edu.tw/courses/114-2/12586
碩士專題研究,單秋成,55430,ME7105,522M0090,選修,,,,2 類,,1,,https://course.ntu.edu.tw/courses/114-2/55430
碩士專題研究,劉建豪,22691,ME7105,522M0090,選修,,,,2 類,,1,,https://course.ntu.edu.tw/courses/114-2/22691
碩士專題研究,王建凱,21553,ME7105,522M0090,選修,,,,2 類,,1,,https://course.ntu.edu.tw/courses/114-2/21553
碩士專題研究,林心恬,27056,ME7105,522M0090,選修,,,,2 類,,1,,https://course.ntu.edu.tw/courses/114-2/27056
碩士專題研究,盧南佑,44541,ME7105,522M0090,選修,,,,2 類,,1,,https://course.ntu.edu.tw/courses/114-2/44541
碩士專題研究,莊國志,40860,ME7105,522M0090,選修,,,,2 類,,1,,https://course.ntu.edu.tw/courses/114-2/40860
碩士專題研究,黃琮暉,45555,ME7105,522M0090,選修,,,,2 類,,1,,https://course.ntu.edu.tw/courses/114-2/45555
碩士專題研究,陳達仁,13473,ME7105,522M0090,選修,,,,2 類,,1,,https://course.ntu.edu.tw/courses/114-2/13473
碩士專題研究,黃光裕,57889,ME7105,522M0090,選修,,,,2 類,,1,,https://course.ntu.edu.tw/courses/114-2/57889
碩士專題研究,李志中,46206,ME7105,522M0090,選修,,,,2 類,,1,,https://course.ntu.edu.tw/courses/114-2/46206
碩士專題研究,陳湘鳳,54096,ME7105,522M0090,選修,,,,2 類,,1,,https://course.ntu.edu.tw/courses/114-2/54096
碩士專題研究,詹魁元,31876,ME7105,522M0090,選修,,,,2 類,,1,,https://course.ntu.edu.tw/courses/114-2/31876
碩士專題研究,廖先順,54364,ME7105,522M0090,選修,,,,2 類,,1,,https://course.ntu.edu.tw/courses/114-2/54364
碩士專題研究,蘇偉儁,10492,ME7105,522M0090,選修,,,,2 類,,1,,https://course.ntu.edu.tw/courses/114-2/10492
碩士專題研究,徐冠倫,26772,ME7105,522M0090,選修,,,,2 類,,1,,https://course.ntu.edu.tw/courses/114-2/26772
碩士專題研究,張秉純,24776,ME7105,522M0090,選修,,,,2 類,,1,,https://course.ntu.edu.tw/courses/114-2/24776
碩士專題研究,藍兆杰,30102,ME7105,522M0090,選修,,,,2 類,,1,,https://course.ntu.edu.tw/courses/114-2/30102
碩士專題研究,楊燿州,39373,ME7105,522M0090,選修,,,,2 類,,1,,https://course.ntu.edu.tw/courses/114-2/39373
碩士專題研究,陳亮嘉,38764,ME7105,522M0090,選修,,,,2 類,,1,,https://course.ntu.edu.tw/courses/114-2/38764
碩士專題研究,蔡孟勳,28228,ME7105,522M0090,選修,,,,2 類,,1,,https://course.ntu.edu.tw/courses/114-2/28228
碩士專題研究,覺文郁,20894,ME7105,522M0090,選修,,,,2 類,,1,,https://course.ntu.edu.tw/courses/114-2/20894
碩士專題研究,李貫銘,39871,ME7105,522M0090,選修,,,,2 類,,1,,https://course.ntu.edu.tw/courses/114-2/39871
碩士專題研究,蔡曜陽,30290,ME7105,522M0090,選修,,,,2 類,,1,,https://course.ntu.edu.tw/courses/114-2/30290
碩士專題研究,陳志軒,38320,ME7105,522M0090,選修,,,,2 類,,1,,https://course.ntu.edu.tw/courses/114-2/38320
碩士專題研究,鄭憶中,16073,ME7105,522M0090,選修,,,,2 類,,1,,https://course.ntu.edu.tw/courses/114-2/16073
碩士專題研究,黃瀅瑛,28867,ME7105,522M0090,選修,,,,2 類,,1,,https://course.ntu.edu.tw/courses/114-2/28867
碩士專題研究,李典儒,26363,ME7105,522M0090,選修,,,,2 類,,1,,https://course.ntu.edu.tw/courses/114-2/26363
碩士專題研究,黃漢邦,23334,ME7105,522M0090,選修,,,,2 類,,1,,https://course.ntu.edu.tw/courses/114-2/23334
碩士專題研究,郭重顯,54502,ME7105,522M0090,選修,,,,2 類,,1,,https://course.ntu.edu.tw/courses/114-2/54502
碩士專題研究,楊士進,53334,ME7105,522M0090,選修,,,,2 類,,1,,https://course.ntu.edu.tw/courses/114-2/53334
碩士專題研究,李  綱,59231,ME7105,522M0090,選修,,,,2 類,,1,,https://course.ntu.edu.tw/courses/114-2/59231
碩士專題研究,林峻永,46891,ME7105,522M0090,選修,,,,2 類,,1,,https://course.ntu.edu.tw/courses/114-2/46891
碩士專題研究,李宇修,20574,ME7105,522M0090,選修,,,,2 類,,1,,https://course.ntu.edu.tw/courses/114-2/20574
波動力學,莊國志,58024,ME7123,522M3060,選修,,"五 6,7,8",機械114,2 類,,3,,https://course.ntu.edu.tw/courses/114-2/58024
破壞力學,黃琮暉,12605,ME7126,522M3120,選修,,"四 6,7,8",機械116,2 類,,3,,https://course.ntu.edu.tw/courses/114-2/12605
系統識別,李宇修,51572,ME7134,522M3290,選修,,"四 2,3,4",機械116,2 類,,3,,https://course.ntu.edu.tw/courses/114-2/51572
機器動力學,蘇偉儁,57471,ME7141,522M3790,選修,,"二 2,3,4",機皮教室,3 類,,3,,https://course.ntu.edu.tw/courses/114-2/57471
碩士論文,,50921,ME7999,522M0010,必修,,,,1 類,,0,,https://course.ntu.edu.tw/courses/114-2/50921
博士專題研究,陳希立,47490,ME8005,522D0090,選修,,,,2 類,,1,,https://course.ntu.edu.tw/courses/114-2/47490
博士專題研究,陳炳煇,36489,ME8005,522D0090,選修,,,,2 類,,1,,https://course.ntu.edu.tw/courses/114-2/36489
博士專題研究,黃美嬌,29543,ME8005,522D0090,選修,,,,2 類,,1,,https://course.ntu.edu.tw/courses/114-2/29543
博士專題研究,潘國隆,31817,ME8005,522D0090,選修,,,,2 類,,1,,https://course.ntu.edu.tw/courses/114-2/31817
博士專題研究,孫珍理,30152,ME8005,522D0090,選修,,,,2 類,,1,,https://course.ntu.edu.tw/courses/114-2/30152
博士專題研究,楊馥菱,14979,ME8005,522D0090,選修,,,,2 類,,1,,https://course.ntu.edu.tw/courses/114-2/14979
博士專題研究,呂明璋,31511,ME8005,522D0090,選修,,,,2 類,,1,,https://course.ntu.edu.tw/courses/114-2/31511
博士專題研究,黃信富,16808,ME8005,522D0090,選修,,,,2 類,,1,,https://course.ntu.edu.tw/courses/114-2/16808
博士專題研究,蔣雅郁,17738,ME8005,522D0090,選修,,,,2 類,,1,,https://course.ntu.edu.tw/courses/114-2/17738
博士專題研究,單秋成,41079,ME8005,522D0090,選修,,,,2 類,,1,,https://course.ntu.edu.tw/courses/114-2/41079
博士專題研究,莊嘉揚,13839,ME8005,522D0090,選修,,,,2 類,,1,,https://course.ntu.edu.tw/courses/114-2/13839
博士專題研究,黃育熙,53193,ME8005,522D0090,選修,,,,2 類,,1,,https://course.ntu.edu.tw/courses/114-2/53193
博士專題研究,林心恬,25236,ME8005,522D0090,選修,,,,2 類,,1,,https://course.ntu.edu.tw/courses/114-2/25236
博士專題研究,陳達仁,30523,ME8005,522D0090,選修,,,,2 類,,1,,https://course.ntu.edu.tw/courses/114-2/30523
博士專題研究,陳湘鳳,39884,ME8005,522D0090,選修,,,,2 類,,1,,https://course.ntu.edu.tw/courses/114-2/39884
博士專題研究,廖先順,13416,ME8005,522D0090,選修,,,,2 類,,1,,https://course.ntu.edu.tw/courses/114-2/13416
博士專題研究,徐冠倫,57721,ME8005,522D0090,選修,,,,2 類,,1,,https://course.ntu.edu.tw/courses/114-2/57721
博士專題研究,張秉純,28696,ME8005,522D0090,選修,,,,2 類,,1,,https://course.ntu.edu.tw/courses/114-2/28696
博士專題研究,陳亮嘉,30326,ME8005,522D0090,選修,,,,2 類,,1,,https://course.ntu.edu.tw/courses/114-2/30326
博士專題研究,覺文郁,10986,ME8005,522D0090,選修,,,,2 類,,1,,https://course.ntu.edu.tw/courses/114-2/10986
博士專題研究,李貫銘,18566,ME8005,522D0090,選修,,,,2 類,,1,,https://course.ntu.edu.tw/courses/114-2/18566
博士專題研究,蔡曜陽,39617,ME8005,522D0090,選修,,,,2 類,,1,,https://course.ntu.edu.tw/courses/114-2/39617
博士專題研究,黃瀅瑛,21340,ME8005,522D0090,選修,,,,2 類,,1,,https://course.ntu.edu.tw/courses/114-2/21340
博士專題研究,李典儒,18335,ME8005,522D0090,選修,,,,2 類,,1,,https://course.ntu.edu.tw/courses/114-2/18335
博士專題研究,黃漢邦,39068,ME8005,522D0090,選修,,,,2 類,,1,,https://course.ntu.edu.tw/courses/114-2/39068
博士專題研究,王富正,20445,ME8005,522D0090,選修,,,,2 類,,1,,https://course.ntu.edu.tw/courses/114-2/20445
博士專題研究,林沛群,45325,ME8005,522D0090,選修,,,,2 類,,1,,https://course.ntu.edu.tw/courses/114-2/45325
博士專題研究,郭重顯,36985,ME8005,522D0090,選修,,,,2 類,,1,,https://course.ntu.edu.tw/courses/114-2/36985
博士專題研究,楊士進,11587,ME8005,522D0090,選修,,,,2 類,,1,,https://course.ntu.edu.tw/courses/114-2/11587
博士專題研究,李  綱,56196,ME8005,522D0090,選修,,,,2 類,,1,,https://course.ntu.edu.tw/courses/114-2/56196
博士專題研究,林峻永,57504,ME8005,522D0090,選修,,,,2 類,,1,,https://course.ntu.edu.tw/courses/114-2/57504
博士專題研究,李宇修,42399,ME8005,522D0090,選修,,,,2 類,,1,,https://course.ntu.edu.tw/courses/114-2/42399
博士專題研究,顏家鈺,26897,ME8005,522D0090,選修,,,,2 類,,1,,https://course.ntu.edu.tw/courses/114-2/26897
傳輸現象的思辨與突破,黃信富,95124,ME8007,522D0200,選修,,"一 7,8,9",機械114,2 類,,3,,https://course.ntu.edu.tw/courses/114-2/95124
博士論文,,52191,ME8999,522D0010,必修,,,,1 類,,0,,https://course.ntu.edu.tw/courses/114-2/52191
疼痛. 健康. 幸福感,陳慧玲,27838,MEBE1002,45710020,,,"四 8,9",博雅103,2 類,,2,,https://course.ntu.edu.tw/courses/114-2/27838
碩士論文,陳慧玲,23435,MEBE7001,457M0010,必修,,,,1 類,,0,,https://course.ntu.edu.tw/courses/114-2/23435
醫學教育暨生醫倫理研究法,陳慧玲,42235,MEBE7003,457M0050,必修,,"二 8,9",,2 類,,2,,https://course.ntu.edu.tw/courses/114-2/42235
課程設計與教學評量,陳慧玲,37485,MEBE7006,457M0080,必修,,"三 1,2",,2 類,,2,,https://course.ntu.edu.tw/courses/114-2/37485
臨床倫理,蔡甫昌,50809,MEBE7008,457M0100,必修 / 選修,,"三 3,4",,2 類,,2,,https://course.ntu.edu.tw/courses/114-2/50809
OSCE實務,楊志偉,50045,MEBE7010,457M0120,選修,,"二 6,7",,2 類,,2,,https://course.ntu.edu.tw/courses/114-2/50045
量性研究方法,陳彥元,45758,MEBE7015,457M0170,選修,,"二 10,A",,2 類,,2,,https://course.ntu.edu.tw/courses/114-2/45758
學術論文專題討論(二),邱晏麟,47436,MEBE7025,457M0270,選修,,二 5,,2 類,,1,,https://course.ntu.edu.tw/courses/114-2/47436
服務學習甲,盛望徽,11366,Med0006,401001G0,必修,,,,1 類,,1,,https://course.ntu.edu.tw/courses/114-2/11366
森林醫學點線面,蘇大成,18645,Med1015,40116100,,,"四 6,7",普103,2 類,,2,,https://course.ntu.edu.tw/courses/114-2/18645
從善終的故事學習生命的智慧,蔡兆勳,13037,Med1019,40110660,,,"五 8,9",普103,3 類,,2,,https://course.ntu.edu.tw/courses/114-2/13037
寄生蟲學實驗乙,蕭信宏,20648,Med2012,401212B0,選修,,"三 7,8,9",基醫403,3 類,,1,,https://course.ntu.edu.tw/courses/114-2/20648
藥理學丙,楊鎧鍵,38715,Med2015,401244C0,必帶,,"四 3,4 / 五 6",基醫302,3 類,,3,,https://course.ntu.edu.tw/courses/114-2/38715
藥理學實驗丙,楊鎧鍵,15184,Med2016,401245C0,必帶,,"五 7,8,9",基醫302,3 類,,1,,https://course.ntu.edu.tw/courses/114-2/15184
應用病理學,黃佩欣,43090,Med2019,40128100,必帶,,"二 1,2",基醫304,3 類,,2,,https://course.ntu.edu.tw/courses/114-2/43090
應用病理學實驗,黃佩欣,49270,Med2020,40128200,必帶,,"二 3,4",基醫304,3 類,,1,,https://course.ntu.edu.tw/courses/114-2/49270
生理學甲下,張哲逢,54551,Med2023,40124312,必帶 / 選修,,"四 6,7,8,9 / 五 6,7,8,9",基醫501/基醫502,2 類,,4,,https://course.ntu.edu.tw/courses/114-2/54551
生物統計與流行病學,賴逸儒,24444,Med2032,40126400,必帶 / 必修,,"五 6,7,8,9",基醫501,2 類,,4,,https://course.ntu.edu.tw/courses/114-2/24444
人文與醫學體驗學習(二),邱晏麟,16311,Med2038,40129320,選修,,"五 2,3,4 / 六 2,3,4",,2 類,,2,,https://course.ntu.edu.tw/courses/114-2/16311
醫療協作-跨領域的人文探索(二),邱郁淳,55429,Med2040,40129340,選修,,"二 2,3,4",,2 類,,2,,https://course.ntu.edu.tw/courses/114-2/55429
環境與健康,陳啟信,16337,Med3005,40130820,必帶 / 必修,,"一 6,7",公衛101,2 類,,2,,https://course.ntu.edu.tw/courses/114-2/16337
生物化學實驗,余明俊,10820,Med3010,40132200,必帶,,"三 6,7 / 四 6",基醫303,1 類,,2,,https://course.ntu.edu.tw/courses/114-2/10820
醫學心理學,廖士程,59493,Med3012,40132700,必帶 / 必修,,三 6,基醫501,3 類,,1,,https://course.ntu.edu.tw/courses/114-2/59493
醫學心理學,謝明憲,36922,Med3012,40132700,必帶 / 選修,,三 6,基醫302,1 類,,1,,https://course.ntu.edu.tw/courses/114-2/36922
神經科學乙,鄭建興,22219,Med3026,401335B0,必帶 / 選修,,五 8,基醫201,1 類,,1,,https://course.ntu.edu.tw/courses/114-2/22219
微生物學及免疫學丙,楊宏志,13978,Med3028,401349C0,必帶 / 必修,,"二 4,6",基醫302,2 類,,2,,https://course.ntu.edu.tw/courses/114-2/13978
微生物學實驗乙,楊宏志,29367,Med3029,401352B0,必帶,,"二 7,8,9,10",,2 類,,1,,https://course.ntu.edu.tw/courses/114-2/29367
微生物學及免疫學實驗,楊宏志,28423,Med3030,401352C0,必帶,,"二 7,8,9,10",基醫502,2 類,,2,,https://course.ntu.edu.tw/courses/114-2/28423
微生物學及免疫學,楊宏志,56722,Med3031,401356B0,必帶,,"五 3,4",基醫302,2 類,,2,,https://course.ntu.edu.tw/courses/114-2/56722
寄生蟲學丙,蕭信宏,31040,Med3032,401357C0,必帶,,"一 6,7,8 / 五 3,4",基醫303,1 類,,3,,https://course.ntu.edu.tw/courses/114-2/31040
組織學下,廖孟琳,29570,Med3052,40130502,必帶 / 必修,,"二 8,9",基醫501,2 類,,1,,https://course.ntu.edu.tw/courses/114-2/29570
胚胎學下,王淑慧,36153,Med3054,40131302,必帶 / 必修 / 選修,,"二 6,7",基醫501,2 類,,1,,https://course.ntu.edu.tw/courses/114-2/36153
神經解剖學,張銘峰,44461,Med3057,40133310,必帶 / 選修,,"一 1,2,3,4",基醫501,2 類,,2,,https://course.ntu.edu.tw/courses/114-2/44461
寄生蟲學甲,蕭信宏,59688,Med3058,40135700,必帶 / 必修,,"四 6,7,8,9",基醫302,2 類,,2,,https://course.ntu.edu.tw/courses/114-2/59688
微生物學免疫學及實驗,楊宏志,33289,Med3065,40135320,必帶 / 必修,,"三 1,2,3,4 / 四 1,2,3,4",基醫501,2 類,,5,,https://course.ntu.edu.tw/courses/114-2/33289
解剖生理小組討論下,黃俊達,36782,Med3067,40135532,必帶,,"一 6,7",,2 類,,2,,https://course.ntu.edu.tw/courses/114-2/36782
大體解剖學下,龔秀妮,13925,Med3071,40130442,必帶,,"二 1,2",基醫501,2 類,,2,,https://course.ntu.edu.tw/courses/114-2/13925
老年醫學臨床概論,溫瓊容,39684,Med4020,40149700,選修,,三 6,基醫406,1 類,,1,,https://course.ntu.edu.tw/courses/114-2/39684
病理學甲及實驗下,黃佩欣,58762,Med4024,40140212,必帶 / 必修,,"一 1,2 / 二 1,2 / 四 1,2 / 五 1,2",基醫502,2 類,,4,,https://course.ntu.edu.tw/courses/114-2/58762
藥理學下,楊鎧鍵,32987,Med4026,40144112,必帶 / 必修 / 選修,,"一 3,4 / 四 3,4",基醫502,2 類,,2,,https://course.ntu.edu.tw/courses/114-2/32987
病理、藥理小組討論下,何肇基,27888,Med4030,40140622,必帶 / 選修,,"四 6,7",,2 類,,2,,https://course.ntu.edu.tw/courses/114-2/27888
病理學乙及實驗下,黃佩欣,35193,Med4032,40140312,必帶,,"一 1,2 / 二 1,2 / 四 1,2 / 五 1,2",,1 類,,3,,https://course.ntu.edu.tw/courses/114-2/35193
臨床醫學總論實習下,王振泰,48699,Med4039,40140830,必帶 / 必修,,"五 6,7,8,9",,2 類,,1,,https://course.ntu.edu.tw/courses/114-2/48699
臨床醫學總論 (II),王振泰,36554,Med4041,40140750,必帶 / 必修,,"二 3,4 / 四 8,9 / 五 3,4",基醫502,2 類,,4,,https://course.ntu.edu.tw/courses/114-2/36554
檢驗醫學下,鄭祖耀,49577,Med4043,40148702,必帶 / 必修,,"一 6,7",基醫502,2 類,,1,,https://course.ntu.edu.tw/courses/114-2/49577
臨床醫學總論 (III),盛望徽,31215,Med4044,40140760,必帶 / 必修,,"三 1,2,3,4",基醫502,2 類,,2,,https://course.ntu.edu.tw/courses/114-2/31215
全球化觀點下的感染性疾病,陳宜君,22686,Med4046,40149650,選修,,四 10,基醫405,3 類,,1,,https://course.ntu.edu.tw/courses/114-2/22686
門診醫學及急診醫學,朱家瑜,17744,Med5000,40150040,必修,,,,1 類,,6,,https://course.ntu.edu.tw/courses/114-2/17744
家庭、社會與醫療,程劭儀,48154,Med5001,40150080,必修,,,,1 類,,6,,https://course.ntu.edu.tw/courses/114-2/48154
臨床藥理學,蔡佳醍,37528,Med5017,40155300,選修,,一 9,基醫405,3 類,,1,,https://course.ntu.edu.tw/courses/114-2/37528
急診醫學,張維典,22542,Med5022,40157310,必帶,,"一 6,7",第八講堂,3 類,,1,,https://course.ntu.edu.tw/courses/114-2/22542
內科學及臨床實習甲,王振泰,22213,Med5037,40150420,必修,,,,1 類,,6,,https://course.ntu.edu.tw/courses/114-2/22213
外科學及臨床實習甲,陳晉興,10243,Med5038,40151510,必修,,,,1 類,,6,,https://course.ntu.edu.tw/courses/114-2/10243
婦產科學及臨床實習,楊政憲,16655,Med5039,40154610,必修,,,,1 類,,6,,https://course.ntu.edu.tw/courses/114-2/16655
復健科學及臨床實習,梁蕙雯,11296,Med5040,40153320,必修,,,,1 類,,3,,https://course.ntu.edu.tw/courses/114-2/11296
神經科學及臨床實習,鄭建興,34249,Med5041,40153310,必修,,,,1 類,,3,,https://course.ntu.edu.tw/courses/114-2/34249
放射線學(二),陳世杰,29212,Med5044,40159520,必修,,五 10,基醫101,1 類,,1,,https://course.ntu.edu.tw/courses/114-2/29212
醫學士論文,盛望徽,51525,Med6028,40160000,選修,,,,1 類,,3,,https://course.ntu.edu.tw/courses/114-2/51525
臨床核子醫學,鄭媚方,56745,Med6051,40169670,選修,,一 10,基醫504,3 類,,1,,https://course.ntu.edu.tw/courses/114-2/56745
內科學及臨床實習乙,王振泰,14358,Med6060,40160330,選修,,,,1 類,,8,,https://course.ntu.edu.tw/courses/114-2/14358
外科學及臨床實習乙,陳晉興,19763,Med6061,40161510,必修,,,,1 類,,8,,https://course.ntu.edu.tw/courses/114-2/19763
小兒科學及臨床實習,李旺祚,43192,Med6062,40168310,必修,,,,1 類,,8,,https://course.ntu.edu.tw/courses/114-2/43192
內科學及臨床實習丙,王振泰,36720,Med6063,40160340,選修,,,,1 類,,3,,https://course.ntu.edu.tw/courses/114-2/36720
耳鼻喉科學及臨床實習,劉殿楨,37268,Med6069,40164080,選修,,,,1 類,,3,,https://course.ntu.edu.tw/courses/114-2/37268
麻醉科學及臨床實習,葉育彰,38926,Med6070,40164060,選修,,,,1 類,,3,,https://course.ntu.edu.tw/courses/114-2/38926
家庭醫學及臨床實習,程劭儀,31405,Med6071,40164040,必修,,,,1 類,,3,,https://course.ntu.edu.tw/courses/114-2/31405
放射線學及臨床實習,陳世杰,38443,Med6072,40165010,選修,,,,1 類,,3,,https://course.ntu.edu.tw/courses/114-2/38443
檢驗醫學、病理學及臨床實習,鄭祖耀,58313,Med6073,40164010,選修,,,,1 類,,3,,https://course.ntu.edu.tw/courses/114-2/58313
腫瘤醫學及臨床實習,葉坤輝,45683,Med6074,40164020,選修,,,,1 類,,3,,https://course.ntu.edu.tw/courses/114-2/45683
急診醫學及臨床實習,張維典,16789,Med6075,40164030,選修,,,,1 類,,3,,https://course.ntu.edu.tw/courses/114-2/16789
環境職業醫學及臨床實習,陳啟信,33216,Med6076,40164050,選修,,,,1 類,,3,,https://course.ntu.edu.tw/courses/114-2/33216
進階醫學研究,盛望徽,45308,Med6077,40165020,選修,,,,1 類,,3,,https://course.ntu.edu.tw/courses/114-2/45308
國際學習甲,盛望徽,28949,Med6078,40169680,選修,,,,1 類,,3,,https://course.ntu.edu.tw/courses/114-2/28949
國際學習乙,盛望徽,35869,Med6079,40169690,選修,,,,1 類,,3,,https://course.ntu.edu.tw/courses/114-2/35869
精神科學及臨床實習,商志雍,24816,Med6080,40166720,必修,,,,1 類,,3,,https://course.ntu.edu.tw/courses/114-2/24816
臨床倫理與法律,盛望徽,33753,Med6081,40166730,必修,,,,1 類,,1,,https://course.ntu.edu.tw/courses/114-2/33753
老年醫學及臨床實習,林坤霈,34131,Med6082,40165030,選修,,,,1 類,,3,,https://course.ntu.edu.tw/courses/114-2/34131
整合醫學床邊即時超音波,余忠仁,52225,Med6083,40160470,選修,,"一 10,A",,2 類,,2,,https://course.ntu.edu.tw/courses/114-2/52225
環境職業醫學及臨床實習乙,施  屏,95018,Med6084,40160360,選修,,,,1 類,,3,,https://course.ntu.edu.tw/courses/114-2/95018
急診醫學及臨床實習丙,江文莒,95019,Med6085,40160370,選修,,,,1 類,,3,,https://course.ntu.edu.tw/courses/114-2/95019
泌尿科學及臨床實習乙,黃士維,95021,Med6087,40160390,選修,,,,1 類,,3,,https://course.ntu.edu.tw/courses/114-2/95021
精神科學及臨床實習乙,黃偉烈,95022,Med6088,40160480,選修,,,,1 類,,3,,https://course.ntu.edu.tw/courses/114-2/95022
內科學及臨床實習丁,賴超倫,95023,Med6089,40165040,選修,,,,1 類,,3,,https://course.ntu.edu.tw/courses/114-2/95023
急診醫學及臨床實習乙,張家豪,95024,Med6090,40165050,選修,,,,1 類,,3,,https://course.ntu.edu.tw/courses/114-2/95024
麻醉科學及臨床實習乙,吳峻宇,95025,Med6091,40165060,選修,,,,1 類,,3,,https://course.ntu.edu.tw/courses/114-2/95025
復健科學及臨床實習乙,吳爵宏,95026,Med6092,40165070,選修,,,,1 類,,3,,https://course.ntu.edu.tw/courses/114-2/95026
麻醉科臨床實習丙,葉育彰,95027,Med7008,401713C0,必修,,,,2 類,,4,,https://course.ntu.edu.tw/courses/114-2/95027
神經科臨床實習丙,鄭建興,95028,Med7012,401725C0,必修,,,,2 類,,4,,https://course.ntu.edu.tw/courses/114-2/95028
婦產科臨床實習乙,楊政憲,95029,Med7014,401732B0,必修,,,,2 類,,6,,https://course.ntu.edu.tw/courses/114-2/95029
小兒科臨床實習乙,李旺祚,95053,Med7027,401782B0,必修,,,,2 類,,6,,https://course.ntu.edu.tw/courses/114-2/95053
碩士論文,,30504,MGH7001,853M0010,必修,,,,1 類,,0,,https://course.ntu.edu.tw/courses/114-2/30504
實證全球衛生政策,李柏翰,35690,MGH7005,853M0050,必修 / 選修,,"一 3,4",公衛118,2 類,,2,,https://course.ntu.edu.tw/courses/114-2/35690
全球環境衛生學,李婉甄,54897,MGH7006,853M0060,必修 / 選修,,"二 6,7",公衛210,2 類,,2,,https://course.ntu.edu.tw/courses/114-2/54897
全球衛生資訊處理實務,謝珍玲,56723,MGH7023,853M0230,選修,,"四 8,9,10",公衛105,3 類,,1,,https://course.ntu.edu.tw/courses/114-2/56723
健康研究法原理及應用,林亮瑜,23385,MGH7030,853M0300,必修 / 選修,,"四 6,7",公衛603(原601,3 類,,2,,https://course.ntu.edu.tw/courses/114-2/23385
當代全球衛生議題,李婉甄,57577,MGH7034,853M0340,,,"三 6,7,8",新504,2 類,,3,,https://course.ntu.edu.tw/courses/114-2/57577
傳染病群突發資料分析實務,吳亞克,14143,MGH7038,853M0380,選修,,"三 6,7",公衛207,3 類,,1,,https://course.ntu.edu.tw/courses/114-2/14143
全球營養－議題與實務,楊瑞玉,37490,MGH7044,853M0440,選修,,"三 9,10",公衛105,1 類,,2,,https://course.ntu.edu.tw/courses/114-2/37490
學術寫作與演說的批判思考,張竹芩,54799,MGH7050,853M0500,選修,,"二 9,10",公衛105,3 類,,2,,https://course.ntu.edu.tw/courses/114-2/54799
疫苗：對抗下一場大流行的工具,黃婉婷,34255,MGH7051,853M0510,選修,,"二 8,9",公衛208,2 類,,2,,https://course.ntu.edu.tw/courses/114-2/34255
全球衛生治理實務,施金水,58241,MGH7052,853M0520,選修,,"三 10,A",公衛210,3 類,,2,,https://course.ntu.edu.tw/courses/114-2/58241
全球衛生專題討論一,郭年真,15071,MGH7055,853M0550,必修,,"一 8,9",公衛118,2 類,,2,,https://course.ntu.edu.tw/courses/114-2/15071
會計學原理下,林嬋娟,44086,MGT1002,70010402,必修,,"四 7,8,9 / 五 7,8",管二205,2 類,,3,,https://course.ntu.edu.tw/courses/114-2/44086
會計學原理下,張文馨,33462,MGT1002,70010402,必修,,"四 7,8,9 / 五 7,8",管二301/管二102,2 類,,3,,https://course.ntu.edu.tw/courses/114-2/33462
會計學原理下,尤琳蕙,52738,MGT1002,70010402,必帶,,"一 7,8,9 / 三 7,8",管二104/共203,2 類,,3,,https://course.ntu.edu.tw/courses/114-2/52738
會計學原理下,尤琳蕙,19513,MGT1002,70010402,必帶,,"一 7,8,9 / 三 9,10",共203,2 類,,3,,https://course.ntu.edu.tw/courses/114-2/19513
會計學原理下,尤琳蕙,54472,MGT1002,70010402,必修,,"一 7,8,9 / 三 8,9",共105,2 類,,3,,https://course.ntu.edu.tw/courses/114-2/54472
會計學原理下,尤琳蕙,49794,MGT1002,70010402,必修,,"一 7,8,9 / 三 8,9",新103,2 類,,3,,https://course.ntu.edu.tw/courses/114-2/49794
會計學原理下,尤琳蕙,12082,MGT1002,70010402,必帶,,"三 8,9,10 / 五 5,6",管二104/管二201,2 類,,3,,https://course.ntu.edu.tw/courses/114-2/12082
會計學原理下,尤琳蕙,26470,MGT1002,70010402,必帶,,"三 8,9,10 / 五 5,6",管二202,2 類,,3,,https://course.ntu.edu.tw/courses/114-2/26470
會計學原理下,尤琳蕙,50184,MGT1002,70010402,必帶,,"三 8,9,10 / 四 5,6",管二202,2 類,,3,,https://course.ntu.edu.tw/courses/114-2/50184
商管程式設計,孔令傑,41547,MGT1006,70010020,,,"一 A,B,C",,2 類,,3,,https://course.ntu.edu.tw/courses/114-2/41547
ESG實踐管理顧問,林泉興,19330,MGT1007,70010030,選修,,"二 7,8,9",玉山廳,2 類,,2,,https://course.ntu.edu.tw/courses/114-2/19330
職涯菁探號,陳素蓉,17952,MGT1009,70010120,選修,,"五 6,7",管一102,3 類,,2,,https://course.ntu.edu.tw/courses/114-2/17952
統計學一下,楊豐安,40566,MGT2002,70020112,必修,,"二 7,8,9",管二101,2 類,,3,,https://course.ntu.edu.tw/courses/114-2/40566
統計學一下,游孝元,36111,MGT2002,70020112,必修,,"四 A,B,C",管一103,2 類,,3,,https://course.ntu.edu.tw/courses/114-2/36111
綠色行銷,安德斯,42086,MGT5009,700U0080,選修,,"三 7,8,9",管一102,2 類,,3,,https://course.ntu.edu.tw/courses/114-2/42086
健康醫學資訊場域見習 二,曾宇鳳,32588,MHI7070,H45M7070,選修,,,,2 類,,3,,https://course.ntu.edu.tw/courses/114-2/32588
健康醫學資訊場域見習 二,陳尚澤,15341,MHI7070,H45M7070,選修,,,,2 類,,3,,https://course.ntu.edu.tw/courses/114-2/15341
空間體學資料分析與實例講解,陳玫如,11504,MHI7090,H45U7090,選修,,"四 6,7,8",綜701,2 類,,3,,https://course.ntu.edu.tw/courses/114-2/11504
專題討論,陳玫如,33597,MHI7100,H45M7100,必修,,"五 3,4",綜701,2 類,,1,,https://course.ntu.edu.tw/courses/114-2/33597
人工智慧在醫學基因體與表觀基因體上的應用,徐翡曼,33678,MHI7110,H45U7110,選修,,"二 2,3,4",綜606,2 類,,3,,https://course.ntu.edu.tw/courses/114-2/33678
專題研究,林  澤,14307,MHI7300,H45M7300,必修,,,,2 類,,1,,https://course.ntu.edu.tw/courses/114-2/14307
專題研究,劉子毓,54175,MHI7300,H45M7300,必修,,,,2 類,,1,,https://course.ntu.edu.tw/courses/114-2/54175
專題研究,曾宇鳳,36891,MHI7300,H45M7300,必修,,,,2 類,,1,,https://course.ntu.edu.tw/courses/114-2/36891
專題研究,陳尚澤,31247,MHI7300,H45M7300,必修,,,,2 類,,1,,https://course.ntu.edu.tw/courses/114-2/31247
專題研究,黃韻如,43512,MHI7300,H45M7300,必修,,,,2 類,,1,,https://course.ntu.edu.tw/courses/114-2/43512
專題研究,吳文超,58513,MHI7300,H45M7300,必修,,,,2 類,,1,,https://course.ntu.edu.tw/courses/114-2/58513
專題研究,陳玫如,34274,MHI7300,H45M7300,必修,,,,2 類,,1,,https://course.ntu.edu.tw/courses/114-2/34274
碩士論文,,44334,MHI7999,H45M0010,必修,,,,1 類,,0,,https://course.ntu.edu.tw/courses/114-2/44334
微生物學專題討論,楊宏志,46346,Microb7001,445M0020,必修,,"一 2,3,4",,1 類,,2,,https://course.ntu.edu.tw/courses/114-2/46346
微生物學專題討論,楊宏志,25608,Microb7001,445M0020,必修,,"五 2,3,4",,1 類,,2,,https://course.ntu.edu.tw/courses/114-2/25608
微生物學專題討論,楊宏志,10164,Microb7001,445M0020,必修,,"一 2,3,4",,1 類,,2,,https://course.ntu.edu.tw/courses/114-2/10164
微生物學專題討論,楊宏志,18422,Microb7001,445M0020,必修,,"五 2,3,4",,1 類,,2,,https://course.ntu.edu.tw/courses/114-2/18422
人體寄生蟲學,蕭信宏,38069,Microb7006,445M1610,必修,,"一 6,7,8 / 五 3,4",,1 類,,3,,https://course.ntu.edu.tw/courses/114-2/38069
細菌的分子致病機轉下,王錦堂,11498,Microb7027,445M1992,選修,,"三 6,7,8",基醫705,2 類,,1,,https://course.ntu.edu.tw/courses/114-2/11498
高等微生物學,楊宏志,16475,Microb7030,445M2300,必修,,"四 3,4",基醫405,2 類,,2,,https://course.ntu.edu.tw/courses/114-2/16475
EB病毒學下,陳美如,16602,Microb7035,445M1812,選修,,"五 8,9",基醫705,2 類,,1,,https://course.ntu.edu.tw/courses/114-2/16602
流行性感冒病毒免疫學下,楊宏志,11745,Microb7039,445M1212,選修,,"五 6,7",基醫705,2 類,,1,,https://course.ntu.edu.tw/courses/114-2/11745
鏈球菌致病機轉下,張永祺,41443,Microb7043,445M1412,選修,,"一 7,8",基醫705,2 類,,1,,https://course.ntu.edu.tw/courses/114-2/41443
寄生蟲感染之研究,孫錦虹,56685,Microb7052,445M1890,選修,,"五 7,8,9",R834,1 類,,3,,https://course.ntu.edu.tw/courses/114-2/56685
熱帶醫學暨寄生蟲學專題討論,蕭信宏,57991,Microb7053,445M2060,必修,,"三 2,3,4",基醫504,1 類,,1,,https://course.ntu.edu.tw/courses/114-2/57991
原蟲感染學下,許弘明,20721,Microb7059,445M2050,選修,,,,1 類,,2,,https://course.ntu.edu.tw/courses/114-2/20721
微生物與醫學蛋白質體下,林妙霞,14603,Microb7071,445M1712,選修,,"三 3,4",基醫705,2 類,,1,,https://course.ntu.edu.tw/courses/114-2/14603
感染性病原菌與疾病下,張書蓉,49769,Microb7073,445M1112,選修,,"一 9,10",基醫705,2 類,,1,,https://course.ntu.edu.tw/courses/114-2/49769
病媒傳染病防治(下),蕭信宏,25504,Microb7076,445M2082,選修,,"三 6,7,8",,1 類,,3,,https://course.ntu.edu.tw/courses/114-2/25504
病媒蚊遺傳防治原理下,翁仕哲,23092,Microb7082,445M2092,選修,,"二 7,8,9",,1 類,,3,,https://course.ntu.edu.tw/courses/114-2/23092
碩士論文,楊宏志,34919,Microb7999,445M0010,必修,,,,1 類,,0,,https://course.ntu.edu.tw/courses/114-2/34919
微生物學專題討論,楊宏志,42707,Microb8001,445D0020,必修,,"一 2,3,4",基醫104,1 類,,2,,https://course.ntu.edu.tw/courses/114-2/42707
微生物學專題討論,楊宏志,32165,Microb8001,445D0020,必修,,"五 2,3,4",基醫104,1 類,,2,,https://course.ntu.edu.tw/courses/114-2/32165
博士論文,楊宏志,33076,Microb8999,445D0010,必修,,,,1 類,,0,,https://course.ntu.edu.tw/courses/114-2/33076
全民國防教育軍事訓練課程－國防政策,余宗基,93001,MilTr1007,00310200,選修,,"五 6,7",共301,3 類,,0,,https://course.ntu.edu.tw/courses/114-2/93001
全民國防教育軍事訓練課程－國防政策,余宗基,93002,MilTr1007,00310200,選修,,"五 8,9",共301,3 類,,0,,https://course.ntu.edu.tw/courses/114-2/93002
全民國防教育軍事訓練課程－防衛動員,余宗基,93003,MilTr1008,00310210,選修,,"三 6,7",共101,3 類,,0,,https://course.ntu.edu.tw/courses/114-2/93003
全民國防教育軍事訓練課程－防衛動員,余宗基,93004,MilTr1008,00310210,選修,,"三 8,9",共101,3 類,,0,,https://course.ntu.edu.tw/courses/114-2/93004
全民國防教育軍事訓練課程－國際情勢,劉鐵軍,93005,MilTr1009,00310220,選修,,"四 3,4",新203,3 類,,0,,https://course.ntu.edu.tw/courses/114-2/93005
全民國防教育軍事訓練課程－國際情勢,劉鐵軍,93006,MilTr1009,00310220,選修,,"四 6,7",新202,3 類,,0,,https://course.ntu.edu.tw/courses/114-2/93006
全民國防教育軍事訓練課程－國防科技,劉鐵軍,93007,MilTr1010,00310230,選修,,"二 3,4",共301,3 類,,0,,https://course.ntu.edu.tw/courses/114-2/93007
全民國防教育軍事訓練課程－國防科技,劉鐵軍,93008,MilTr1010,00310230,選修,,"二 6,7",共201,3 類,,0,,https://course.ntu.edu.tw/courses/114-2/93008
專題討論,陳榮貴,28972,MolMed7001,448M0020,必修,,"二 2,3,4",基醫104,1 類,,1,,https://course.ntu.edu.tw/courses/114-2/28972
分子生物學實驗,蔡欣祐,26810,MolMed7002,448M0040,必修,,五 4,基醫504,1 類,,3,,https://course.ntu.edu.tw/courses/114-2/26810
書報討論,李秀香,39944,MolMed7016,448M0100,必修,,"五 1,2,3",,1 類,,2,,https://course.ntu.edu.tw/courses/114-2/39944
書報討論,劉雅雯,37734,MolMed7016,448M0100,必修,,"五 1,2,3",,1 類,,2,,https://course.ntu.edu.tw/courses/114-2/37734
分子醫學專題研究,張智芬,47065,MolMed7017,448M0110,必修,,,,1 類,,1,,https://course.ntu.edu.tw/courses/114-2/47065
醫學遺傳學專題討論二,簡穎秀,50246,MolMed7504,448M0240,選修,,三 9,基醫504,1 類,,1,,https://course.ntu.edu.tw/courses/114-2/50246
遺傳疾病的身心影響,徐立中,32447,MolMed7505,448M0250,必修,,"五 10,A",基醫504,1 類,,2,,https://course.ntu.edu.tw/courses/114-2/32447
諮商理論與技巧,徐立中,15361,MolMed7506,448M0260,必修,,"三 10,A",基醫504,1 類,,2,,https://course.ntu.edu.tw/courses/114-2/15361
細胞遺傳學實習,簡穎秀,22608,MolMed7513,448M0330,必修,,,,1 類,,1,,https://course.ntu.edu.tw/courses/114-2/22608
臨床遺傳門診實習,簡穎秀,39221,MolMed7515,448M0350,必修,,,,1 類,,2,,https://course.ntu.edu.tw/courses/114-2/39221
碩士論文,,19926,MolMed7999,448M0010,必修,,,,1 類,,0,,https://course.ntu.edu.tw/courses/114-2/19926
書報討論,徐立中,33897,MolMed8006,448D0100,必修,,"五 1,2,3",,1 類,,2,,https://course.ntu.edu.tw/courses/114-2/33897
分子醫學專題研究,劉雅雯,37551,MolMed8007,448D0110,選修,,,,1 類,,1,,https://course.ntu.edu.tw/courses/114-2/37551
博士論文,,32411,MolMed8999,448D0010,必修,,,,1 類,,0,,https://course.ntu.edu.tw/courses/114-2/32411
地景認同：跨文化與生態的地方實踐,張聖琳,14421,MPB5090,H44U5090,選修,,"三 3,4",綜202,2 類,,2,,https://course.ntu.edu.tw/courses/114-2/14421
生物多樣性的科學傳播,洪詩涵,39300,MPB5220,H44U5220,選修,,"三 7,8,9",博雅206,2 類,,3,,https://course.ntu.edu.tw/courses/114-2/39300
人類感知、行為和生物多樣性,洪詩涵,10064,MPB5330,H44U5330,選修,,"二 7,8,9",,2 類,,3,,https://course.ntu.edu.tw/courses/114-2/10064
生物多樣性專題討論二,洪詩涵,50509,MPB7200,H44M7200,必修,,"一 3,4",,2 類,,1,,https://course.ntu.edu.tw/courses/114-2/50509
專題研究,王俊能,56592,MPB7300,H44M7300,必修,,,,2 類,,1,,https://course.ntu.edu.tw/courses/114-2/56592
專題研究,柯佳吟,46027,MPB7300,H44M7300,必修,,,,2 類,,1,,https://course.ntu.edu.tw/courses/114-2/46027
專題研究,劉康慧,46144,MPB7300,H44M7300,必修,,,,2 類,,1,,https://course.ntu.edu.tw/courses/114-2/46144
專題研究,盧道杰,50355,MPB7300,H44M7300,必修,,,,2 類,,1,,https://course.ntu.edu.tw/courses/114-2/50355
專題研究,丁照棣,29084,MPB7300,H44M7300,必修,,,,2 類,,1,,https://course.ntu.edu.tw/courses/114-2/29084
專題研究,丁宗蘇,15108,MPB7300,H44M7300,必修,,,,2 類,,1,,https://course.ntu.edu.tw/courses/114-2/15108
專題研究,謝志豪,46351,MPB7300,H44M7300,必修,,,,2 類,,1,,https://course.ntu.edu.tw/courses/114-2/46351
專題研究,王弘毅,39507,MPB7300,H44M7300,必修,,,,2 類,,1,,https://course.ntu.edu.tw/courses/114-2/39507
專題研究,石曜合,53171,MPB7300,H44M7300,必修,,,,2 類,,1,,https://course.ntu.edu.tw/courses/114-2/53171
專題研究,洪伯邑,53722,MPB7300,H44M7300,必修,,,,2 類,,1,,https://course.ntu.edu.tw/courses/114-2/53722
專題研究,洪詩涵,21422,MPB7300,H44M7300,必修,,,,2 類,,1,,https://course.ntu.edu.tw/courses/114-2/21422
生物多樣性工作坊,柯佳吟,29985,MPB7500,H44M7500,必修,,"一 10,A",,2 類,,2,,https://course.ntu.edu.tw/courses/114-2/29985
碩士論文,,37312,MPB7999,H44M0010,必修,,,,1 類,,0,,https://course.ntu.edu.tw/courses/114-2/37312
衛生統計實務解析,江淑瓊,30644,MPH5007,847U0120,選修,,"一 A,B",公衛210,3 類,,2,,https://course.ntu.edu.tw/courses/114-2/30644
公共衛生實務實習CEPH規範,董鈺琪,58302,MPH7013,847M0310,必修,,,,2 類,,3,,https://course.ntu.edu.tw/courses/114-2/58302
公共衛生實務實習CEPH規範,張齡尹,15126,MPH7013,847M0310,必修,,,,2 類,,3,,https://course.ntu.edu.tw/courses/114-2/15126
公共衛生實務實習CEPH規範,林先和,57088,MPH7013,847M0310,必修,,,,2 類,,3,,https://course.ntu.edu.tw/courses/114-2/57088
公共衛生實務實習CEPH規範,陳端容,27549,MPH7013,847M0310,必修,,,,2 類,,3,,https://course.ntu.edu.tw/courses/114-2/27549
公共衛生實務實習CEPH規範,鄭雅文,20773,MPH7013,847M0310,必修,,,,2 類,,3,,https://course.ntu.edu.tw/courses/114-2/20773
公共衛生實務實習CEPH規範,盧子彬,48346,MPH7013,847M0310,必修,,,,2 類,,3,,https://course.ntu.edu.tw/courses/114-2/48346
公共衛生實務實習CEPH規範,方啟泰,11117,MPH7013,847M0310,必修,,,,2 類,,3,,https://course.ntu.edu.tw/courses/114-2/11117
公共衛生實務實習CEPH規範,羅宇軒,57510,MPH7013,847M0310,必修,,,,2 類,,3,,https://course.ntu.edu.tw/courses/114-2/57510
公共衛生實務實習CEPH規範,陳家揚,51480,MPH7013,847M0310,必修,,,,2 類,,3,,https://course.ntu.edu.tw/courses/114-2/51480
公共衛生實務實習CEPH規範,杜裕康,59662,MPH7013,847M0310,必修,,,,2 類,,3,,https://course.ntu.edu.tw/courses/114-2/59662
公共衛生實務實習CEPH規範,陳雅美,44644,MPH7013,847M0310,必修,,,,2 類,,3,,https://course.ntu.edu.tw/courses/114-2/44644
公共衛生實務實習CEPH規範,李柏翰,27146,MPH7013,847M0310,必修,,,,2 類,,3,,https://course.ntu.edu.tw/courses/114-2/27146
公共衛生實務實習CEPH規範,郭育良,21465,MPH7013,847M0310,必修,,,,2 類,,3,,https://course.ntu.edu.tw/courses/114-2/21465
公共衛生實務實習CEPH規範,游曉微,46383,MPH7013,847M0310,必修,,,,2 類,,3,,https://course.ntu.edu.tw/courses/114-2/46383
碩士論文,董鈺琪,50428,MPH7999,847M0010,必修,,,,1 類,,0,,https://course.ntu.edu.tw/courses/114-2/50428
材料科學導論二,劉振良,36647,MSE1009,50710700,必帶 / 必修,,"二 8,9,10",綜301,2 類,,3,,https://course.ntu.edu.tw/courses/114-2/36647
程式設計,陳俊杉,24496,MSE1010,50710800,必帶,,"一 6,7,8,9",,2 類,,3,,https://course.ntu.edu.tw/courses/114-2/24496
工程數學下,黃晧庭,49080,MSE2003,50720102,必帶 / 必修,,"二 6,7 / 三 6,7",普403/普302,2 類,,3,,https://course.ntu.edu.tw/courses/114-2/49080
高分子材料概論,蔡豐羽,44670,MSE2010,50720500,必修,,"四 2,3,4",綜403,2 類,,3,,https://course.ntu.edu.tw/courses/114-2/44670
材料科學與工程實驗二,劉振良,44587,MSE2011,50720600,必帶,,"一 6,7,8",綜302,2 類,,1,,https://course.ntu.edu.tw/courses/114-2/44587
陶瓷材料科學,郭錦龍,47340,MSE2014,50720900,必修,,"一 6,7,8,9",綜403,2 類,,3,,https://course.ntu.edu.tw/courses/114-2/47340
物理冶金,顏鴻威,49527,MSE2020,50721200,必修,,"一 5 / 四 6,7,8",綜604/綜301,3 類,,4,,https://course.ntu.edu.tw/courses/114-2/49527
材料熱力學二,高振宏,58850,MSE3001,50730110,必帶,,"一 3,4 / 五 3,4",綜501,2 類,,3,,https://course.ntu.edu.tw/courses/114-2/58850
電子材料概論,陳敏璋,20093,MSE3003,50730300,必修,,"四 2,3,4",綜603,2 類,,3,,https://course.ntu.edu.tw/courses/114-2/20093
學士專題研究二,劉振良,50165,MSE5008,527U0180,選修,,,,2 類,,2,,https://course.ntu.edu.tw/courses/114-2/50165
學士專題研究二,黃晧庭,27539,MSE5008,527U0180,選修,,,,2 類,,2,,https://course.ntu.edu.tw/courses/114-2/27539
學士專題研究二,顏鴻威,44052,MSE5008,527U0180,選修,,,,2 類,,2,,https://course.ntu.edu.tw/courses/114-2/44052
學士專題研究二,羅世強,23068,MSE5008,527U0180,選修,,,,2 類,,2,,https://course.ntu.edu.tw/courses/114-2/23068
學士專題研究二,周苡嘉,44609,MSE5008,527U0180,選修,,,,2 類,,2,,https://course.ntu.edu.tw/courses/114-2/44609
學士專題研究二,林招松,23088,MSE5008,527U0180,選修,,,,2 類,,2,,https://course.ntu.edu.tw/courses/114-2/23088
學士專題研究二,高振宏,58033,MSE5008,527U0180,選修,,,,2 類,,2,,https://course.ntu.edu.tw/courses/114-2/58033
學士專題研究二,林新智,28952,MSE5008,527U0180,選修,,,,2 類,,2,,https://course.ntu.edu.tw/courses/114-2/28952
學士專題研究二,郭錦龍,48471,MSE5008,527U0180,選修,,,,2 類,,2,,https://course.ntu.edu.tw/courses/114-2/48471
學士專題研究二,蘇德徵,44068,MSE5008,527U0180,選修,,,,2 類,,2,,https://course.ntu.edu.tw/courses/114-2/44068
學士專題研究二,陳志軒,21561,MSE5008,527U0180,選修,,,,2 類,,2,,https://course.ntu.edu.tw/courses/114-2/21561
學士專題研究二,蔡豐羽,17822,MSE5008,527U0180,選修,,,,2 類,,2,,https://course.ntu.edu.tw/courses/114-2/17822
學士專題研究二,陳敏璋,18795,MSE5008,527U0180,選修,,,,2 類,,2,,https://course.ntu.edu.tw/courses/114-2/18795
學士專題研究二,趙基揚,44234,MSE5008,527U0180,選修,,,,2 類,,2,,https://course.ntu.edu.tw/courses/114-2/44234
學士專題研究二,陳學禮,34868,MSE5008,527U0180,選修,,,,2 類,,2,,https://course.ntu.edu.tw/courses/114-2/34868
學士專題研究二,陳俊維,59438,MSE5008,527U0180,選修,,,,2 類,,2,,https://course.ntu.edu.tw/courses/114-2/59438
學士專題研究二,陳俊杉,44601,MSE5008,527U0180,選修,,,,2 類,,2,,https://course.ntu.edu.tw/courses/114-2/44601
學士專題研究四,蔡劭璞,27974,MSE5010,527U0200,選修,,,,2 類,,2,,https://course.ntu.edu.tw/courses/114-2/27974
學士專題研究四,謝宗霖,48078,MSE5010,527U0200,選修,,,,2 類,,2,,https://course.ntu.edu.tw/courses/114-2/48078
學士專題研究四,羅世強,36364,MSE5010,527U0200,選修,,,,2 類,,2,,https://course.ntu.edu.tw/courses/114-2/36364
學士專題研究四,林招松,47155,MSE5010,527U0200,選修,,,,2 類,,2,,https://course.ntu.edu.tw/courses/114-2/47155
學士專題研究四,蘇德徵,59486,MSE5010,527U0200,選修,,,,2 類,,2,,https://course.ntu.edu.tw/courses/114-2/59486
學士專題研究四,顏鴻威,27736,MSE5010,527U0200,選修,,,,2 類,,2,,https://course.ntu.edu.tw/courses/114-2/27736
學士專題研究四,陳俊維,23343,MSE5010,527U0200,選修,,,,2 類,,2,,https://course.ntu.edu.tw/courses/114-2/23343
學士專題研究四,陳學禮,57313,MSE5010,527U0200,選修,,,,2 類,,2,,https://course.ntu.edu.tw/courses/114-2/57313
學士專題研究四,趙基揚,23995,MSE5010,527U0200,選修,,,,2 類,,2,,https://course.ntu.edu.tw/courses/114-2/23995
學士專題研究四,黃晧庭,59025,MSE5010,527U0200,選修,,,,2 類,,2,,https://course.ntu.edu.tw/courses/114-2/59025
學士專題研究四,陳俊杉,58593,MSE5010,527U0200,選修,,,,2 類,,2,,https://course.ntu.edu.tw/courses/114-2/58593
半導體製程技術,陳學禮,31822,MSE5013,527U1050,選修,,"一 6,7,8",綜502,2 類,,3,,https://course.ntu.edu.tw/courses/114-2/31822
合成有機化學,趙基揚,23606,MSE5027,527U3100,選修,,"二 2,3,4",綜502,2 類,,3,,https://course.ntu.edu.tw/courses/114-2/23606
能源材料,陳俊維,34387,MSE5035,527U3190,選修,,"二 7,8,9",綜302,2 類,,3,,https://course.ntu.edu.tw/courses/114-2/34387
軟性電子材料與元件,劉振良,16214,MSE5040,527U3340,選修,,"二 2,3,4",綜203,2 類,,3,,https://course.ntu.edu.tw/courses/114-2/16214
散射原理與應用,曹正熙,51012,MSE5049,527U0310,選修,,"五 6,7,8",新303,2 類,,3,,https://course.ntu.edu.tw/courses/114-2/51012
電化學概論,羅世強,15148,MSE5052,527U1010,必修 / 選修,,"四 2,3,4",綜503,2 類,,3,,https://course.ntu.edu.tw/courses/114-2/15148
固態物理,李明憲,47097,MSE5056,527U1150,選修,,"三 7,8,9",新303,2 類,,3,,https://course.ntu.edu.tw/courses/114-2/47097
離子與探針分析技術,薛景中,36281,MSE5059,527U0400,選修,,"二 6,7,8",綜203,2 類,,3,,https://course.ntu.edu.tw/courses/114-2/36281
材料動力學,蘇德徵,55329,MSE5063,527U0070,選修,,"五 2,3,4",綜203,2 類,,3,,https://course.ntu.edu.tw/courses/114-2/55329
高分子合成,趙基揚,49407,MSE5066,527U3030,選修,,"五 2,3,4",綜302,2 類,,3,,https://course.ntu.edu.tw/courses/114-2/49407
有機高分子材料與應用特論,劉振良,16563,MSE5070,527U0420,選修,,"一 10,A,B / 二 10,A,B / 三 10,A,B / 四 10,A,B / 五 10,A,B",工綜228,2 類,,1,,https://course.ntu.edu.tw/courses/114-2/16563
陶瓷材料製程科技,黃晧庭,95054,MSE5073,527U2300,選修,,"一 6,7,8",綜503,2 類,,3,,https://course.ntu.edu.tw/courses/114-2/95054
材料人工智慧與計算方法,阮俊興,35017,MSE5075,527U3350,選修,,"三 7,8,9",綜203,3 類,,3,,https://course.ntu.edu.tw/courses/114-2/35017
碩士專題研究,羅世強,47922,MSE7001,527M0020,選修,,,,1 類,,1,,https://course.ntu.edu.tw/courses/114-2/47922
碩士專題研究,蘇德徵,12382,MSE7001,527M0020,選修,,,,1 類,,1,,https://course.ntu.edu.tw/courses/114-2/12382
碩士專題研究,吳欣潔,23020,MSE7001,527M0020,選修,,,,1 類,,1,,https://course.ntu.edu.tw/courses/114-2/23020
碩士專題研究,黃晧庭,28965,MSE7001,527M0020,選修,,,,1 類,,1,,https://course.ntu.edu.tw/courses/114-2/28965
碩士專題研究,劉振良,13732,MSE7001,527M0020,選修,,,,1 類,,1,,https://course.ntu.edu.tw/courses/114-2/13732
碩士專題研究,郭錦龍,21914,MSE7001,527M0020,選修,,,,1 類,,1,,https://course.ntu.edu.tw/courses/114-2/21914
碩士專題研究,趙基揚,55867,MSE7001,527M0020,選修,,,,1 類,,1,,https://course.ntu.edu.tw/courses/114-2/55867
碩士專題研究,顏鴻威,58827,MSE7001,527M0020,選修,,,,1 類,,1,,https://course.ntu.edu.tw/courses/114-2/58827
碩士專題研究,周苡嘉,47988,MSE7001,527M0020,選修,,,,1 類,,1,,https://course.ntu.edu.tw/courses/114-2/47988
碩士專題研究,陳俊杉,10825,MSE7001,527M0020,選修,,,,1 類,,1,,https://course.ntu.edu.tw/courses/114-2/10825
碩士專題研究,段維新,10828,MSE7001,527M0020,選修,,,,1 類,,1,,https://course.ntu.edu.tw/courses/114-2/10828
碩士專題研究,蔡劭璞,58324,MSE7001,527M0020,選修,,,,1 類,,1,,https://course.ntu.edu.tw/courses/114-2/58324
碩士專題研究,陳志軒,36120,MSE7001,527M0020,選修,,,,1 類,,1,,https://course.ntu.edu.tw/courses/114-2/36120
碩士專題研究,林新智,39240,MSE7001,527M0020,選修,,,,1 類,,1,,https://course.ntu.edu.tw/courses/114-2/39240
碩士專題研究,高振宏,18779,MSE7001,527M0020,選修,,,,1 類,,1,,https://course.ntu.edu.tw/courses/114-2/18779
碩士專題研究,林招松,43821,MSE7001,527M0020,選修,,,,1 類,,1,,https://course.ntu.edu.tw/courses/114-2/43821
碩士專題研究,薛人愷,55902,MSE7001,527M0020,選修,,,,1 類,,1,,https://course.ntu.edu.tw/courses/114-2/55902
碩士專題研究,陳俊維,51108,MSE7001,527M0020,選修,,,,1 類,,1,,https://course.ntu.edu.tw/courses/114-2/51108
碩士專題研究,陳學禮,48858,MSE7001,527M0020,選修,,,,1 類,,1,,https://course.ntu.edu.tw/courses/114-2/48858
碩士專題研究,謝宗霖,27959,MSE7001,527M0020,選修,,,,1 類,,1,,https://course.ntu.edu.tw/courses/114-2/27959
碩士專題研究,陳敏璋,57305,MSE7001,527M0020,選修,,,,1 類,,1,,https://course.ntu.edu.tw/courses/114-2/57305
碩士專題研究,蔡豐羽,49576,MSE7001,527M0020,選修,,,,1 類,,1,,https://course.ntu.edu.tw/courses/114-2/49576
碩士專題研究,阮俊興,38203,MSE7001,527M0020,選修,,,,1 類,,1,,https://course.ntu.edu.tw/courses/114-2/38203
專題討論,蔡劭璞,44588,MSE7002,527M0030,選修,,"一 2,3,4",博雅102,3 類,,1,,https://course.ntu.edu.tw/courses/114-2/44588
鋼鐵製程專論,楊哲人,45726,MSE7005,527M0400,選修,,"三 6,7,8",綜603,2 類,,3,,https://course.ntu.edu.tw/courses/114-2/45726
材料機械性能,顏鴻威,42308,MSE7014,527M1230,必修 / 選修,,"二 2,3,4",綜403,2 類,,3,,https://course.ntu.edu.tw/courses/114-2/42308
陶瓷複合材料,段維新,27424,MSE7040,527M4170,選修,,"三 2,3,4",綜502,2 類,,3,,https://course.ntu.edu.tw/courses/114-2/27424
智慧陶瓷材料,謝宗霖,43236,MSE7042,527M4400,選修,,"四 7,8,9",綜505,2 類,,3,,https://course.ntu.edu.tw/courses/114-2/43236
金屬材料特論,薛人愷,36103,MSE7049,527M1150,選修,,"一 6,7,8",綜203,3 類,,3,,https://course.ntu.edu.tw/courses/114-2/36103
碩士論文,,42853,MSE7999,527M0010,必修,,,,1 類,,0,,https://course.ntu.edu.tw/courses/114-2/42853
博士專題研究,顏鴻威,19802,MSE8001,527D0020,選修,,,,1 類,,1,,https://course.ntu.edu.tw/courses/114-2/19802
博士專題研究,吳欣潔,21227,MSE8001,527D0020,選修,,,,1 類,,1,,https://course.ntu.edu.tw/courses/114-2/21227
博士專題研究,劉振良,58967,MSE8001,527D0020,選修,,,,1 類,,1,,https://course.ntu.edu.tw/courses/114-2/58967
博士專題研究,趙基揚,19488,MSE8001,527D0020,選修,,,,1 類,,1,,https://course.ntu.edu.tw/courses/114-2/19488
博士專題研究,羅世強,48608,MSE8001,527D0020,選修,,,,1 類,,1,,https://course.ntu.edu.tw/courses/114-2/48608
博士專題研究,薛景中,47366,MSE8001,527D0020,選修,,,,1 類,,1,,https://course.ntu.edu.tw/courses/114-2/47366
博士專題研究,周苡嘉,34117,MSE8001,527D0020,選修,,,,1 類,,1,,https://course.ntu.edu.tw/courses/114-2/34117
博士專題研究,林新智,12820,MSE8001,527D0020,選修,,,,1 類,,1,,https://course.ntu.edu.tw/courses/114-2/12820
博士專題研究,林招松,25489,MSE8001,527D0020,選修,,,,1 類,,1,,https://course.ntu.edu.tw/courses/114-2/25489
博士專題研究,薛人愷,55503,MSE8001,527D0020,選修,,,,1 類,,1,,https://course.ntu.edu.tw/courses/114-2/55503
博士專題研究,陳俊維,27409,MSE8001,527D0020,選修,,,,1 類,,1,,https://course.ntu.edu.tw/courses/114-2/27409
博士專題研究,陳學禮,49453,MSE8001,527D0020,選修,,,,1 類,,1,,https://course.ntu.edu.tw/courses/114-2/49453
博士專題研究,蘇德徵,45838,MSE8001,527D0020,選修,,,,1 類,,1,,https://course.ntu.edu.tw/courses/114-2/45838
博士專題研究,陳敏璋,43119,MSE8001,527D0020,選修,,,,1 類,,1,,https://course.ntu.edu.tw/courses/114-2/43119
博士專題研究,蔡豐羽,59367,MSE8001,527D0020,選修,,,,1 類,,1,,https://course.ntu.edu.tw/courses/114-2/59367
博士專題研究,黃晧庭,41980,MSE8001,527D0020,選修,,,,1 類,,1,,https://course.ntu.edu.tw/courses/114-2/41980
博士專題研究,蔡劭璞,50845,MSE8001,527D0020,選修,,,,1 類,,1,,https://course.ntu.edu.tw/courses/114-2/50845
博士論文,,55454,MSE8999,527D0010,必修,,,,1 類,,0,,https://course.ntu.edu.tw/courses/114-2/55454
植物病因診斷學,姚舜閔,53030,MSPM5003,645U1030,必修,,"一 2,3,4",,2 類,,3,,https://course.ntu.edu.tw/courses/114-2/53030
應用農藥學,許如君,19846,MSPM5004,645U1040,必修,,"四 6,7,8",,2 類,,3,,https://course.ntu.edu.tw/courses/114-2/19846
植醫實習二,姚舜閔,11329,MSPM5006,645U1060,必修,,,,2 類,,1,,https://course.ntu.edu.tw/courses/114-2/11329
植醫實習四,姚舜閔,43964,MSPM5008,645U1080,必修,,,,2 類,,1,,https://course.ntu.edu.tw/courses/114-2/43964
植物健康整合管理下,姚舜閔,54622,MSPM5016,645U1152,必修,,"二 6,7",,2 類,,2,,https://course.ntu.edu.tw/courses/114-2/54622
植物健康整合管理實習下,姚舜閔,16116,MSPM5018,645U1162,必修,,"二 8,9,10",,2 類,,1,,https://course.ntu.edu.tw/courses/114-2/16116
臺灣農業概論,姚舜閔,37607,MSPM5032,645U1300,,,"五 3,4",共303,2 類,,2,,https://course.ntu.edu.tw/courses/114-2/37607
農業試驗機構概觀,姚舜閔,17583,MSPM5036,645U1330,,,"四 6,7",普505,2 類,,2,,https://course.ntu.edu.tw/courses/114-2/17583
樹木保護,姚舜閔,95048,MSPM5037,645U1340,,,"四 8,9",普505,2 類,,2,,https://course.ntu.edu.tw/courses/114-2/95048
樹木保護,姚舜閔,95049,MSPM5037,645U1340,,,"二 3,4",綜603,2 類,,2,,https://course.ntu.edu.tw/courses/114-2/95049
農業碳盤查實務,黃文弘,38124,MSPM5039,645U1360,選修,,"二 3,4",綜503,2 類,,2,,https://course.ntu.edu.tw/courses/114-2/38124
專題討論,姚舜閔,34530,MSPM7005,645M0060,必修,,"一 6,7",,1 類,,1,,https://course.ntu.edu.tw/courses/114-2/34530
碩士論文,顏瑞泓,32359,MSPM7999,645M0010,必修,,,,1 類,,0,,https://course.ntu.edu.tw/courses/114-2/32359
博士論文,陳俊維,95148,MST8001,551D0010,選修,,,,1 類,,0,,https://course.ntu.edu.tw/courses/114-2/95148
分子科學與技術專題研究,陳俊維,24385,MST8005,551D0050,選修,,"一 0,1",,2 類,,1,,https://course.ntu.edu.tw/courses/114-2/24385
專題討論,陳俊維,54039,MST8007,551D0070,必修,,"四 8,9",,2 類,,1,,https://course.ntu.edu.tw/courses/114-2/54039
書報討論,余慈顏,50618,MST8008,551D0080,選修,,二 0,,2 類,,1,,https://course.ntu.edu.tw/courses/114-2/50618
量子材料的對稱性與電子結構,余慈顏,19907,MST8019,551D0180,選修,,"五 2,3,4",,2 類,,3,,https://course.ntu.edu.tw/courses/114-2/19907
古琴音樂欣賞與實習【一】,李孔元,40160,Music3007,14430500,,,"二 6,7",樂學館106,2 類,,2,,https://course.ntu.edu.tw/courses/114-2/40160
南管音樂欣賞與實習二,王心心,28167,Music5054,144U0810,,,"三 3,4",,2 類,,2,,https://course.ntu.edu.tw/courses/114-2/28167
歐洲音樂美學經典閱讀,楊建章,12569,Music5060,144U0880,選修,,"四 7,8,9",樂學館105,2 類,,3,,https://course.ntu.edu.tw/courses/114-2/12569
音樂、演化與大腦,蔡振家,95006,Music5065,144U0930,,,"一 2,3,4",綜602,2 類,,3,,https://course.ntu.edu.tw/courses/114-2/95006
音樂、演化與大腦,蔡振家,95007,Music5065,144U0930,,,"五 2,3,4",普205,2 類,,3,,https://course.ntu.edu.tw/courses/114-2/95007
音樂、演化與大腦,蔡振家,95008,Music5065,144U0930,,,"五 6,7,8",普503,2 類,,3,,https://course.ntu.edu.tw/courses/114-2/95008
巴里島甘美朗樂舞文化與實踐（克比亞）,王櫻芬,21456,Music5106,144U1330,選修,,"四 7,8,9",,2 類,,3,,https://course.ntu.edu.tw/courses/114-2/21456
多模態民族誌：媒介、感官、責任,施永德,27555,Music5117,144U1450,選修,,"二 2,3,4",樂學館105,3 類,,3,,https://course.ntu.edu.tw/courses/114-2/27555
應用民族音樂學與社會實踐,呂心純,31818,Music5123,144U2200,選修,,"四 2,3,4",普506,2 類,,3,,https://course.ntu.edu.tw/courses/114-2/31818
臺灣華語流行歌曲研究：1950-1980,沈  冬,34044,Music5127,144U2300,選修,,"一 2,3,4",樂學館105,2 類,,3,,https://course.ntu.edu.tw/courses/114-2/34044
音樂學理論與方法二,楊建章,59274,Music7005,144M0110,必修,,"二 7,8,9",樂學館105,2 類,,3,,https://course.ntu.edu.tw/courses/114-2/59274
音樂學研究討論,楊建章,13454,Music7032,144M0990,必修,,"五 7,8,9",,2 類,,1,,https://course.ntu.edu.tw/courses/114-2/13454
碩士論文,,44088,Music7999,144M0010,選修,,,,1 類,,0,,https://course.ntu.edu.tw/courses/114-2/44088
博士班專題討論,呂心純,17078,Music8001,144D0020,必修,,"三 8,9",樂學館105,2 類,,1,,https://course.ntu.edu.tw/courses/114-2/17078
博士論文,,46798,Music8999,144D0010,選修,,,,1 類,,0,,https://course.ntu.edu.tw/courses/114-2/46798
科學計算中的量子演算法導論,王偉仲,18851,NCTS5062,V41U5110,選修,,"二 3,4,7 / 四 3,4,7",,3 類,,1,,https://course.ntu.edu.tw/courses/114-2/18851
半導體設備元件實務,周至品,10980,NENS5008,K45U0080,選修,,"六 2,3,4,5,6,7,8,9",,2 類,,1,,https://course.ntu.edu.tw/courses/114-2/10980
半導體製程機台實務,陳致融,21824,NENS5009,K45U0090,選修,,"六 2,3,4,5,6,7,8,9",,2 類,,1,,https://course.ntu.edu.tw/courses/114-2/21824
計算導向之材料創新設計,周至品,56610,NENS5011,K45U0110,選修,,"五 7,8,9",,3 類,,3,,https://course.ntu.edu.tw/courses/114-2/56610
電化學反應導論,陳致融,10500,NENS5012,K45U0120,選修,,"二 7,8,9",,2 類,,3,,https://course.ntu.edu.tw/courses/114-2/10500
專題討論,邱雅萍,39347,NENS7001,K45M3000,必修,,一 8,,1 類,,1,,https://course.ntu.edu.tw/courses/114-2/39347
專題研究,劉如熹,23718,NENS7002,K45M0020,必修,,,,1 類,,1,,https://course.ntu.edu.tw/courses/114-2/23718
專題研究,陳浩銘,24745,NENS7002,K45M0020,必修,,,,1 類,,1,,https://course.ntu.edu.tw/courses/114-2/24745
專題研究,邱雅萍,18358,NENS7002,K45M0020,必修,,,,1 類,,1,,https://course.ntu.edu.tw/courses/114-2/18358
專題研究,黃光裕,50254,NENS7002,K45M0020,必修,,,,1 類,,1,,https://course.ntu.edu.tw/courses/114-2/50254
專題研究,莊嘉揚,58420,NENS7002,K45M0020,必修,,,,1 類,,1,,https://course.ntu.edu.tw/courses/114-2/58420
專題研究,陳亮嘉,47227,NENS7002,K45M0020,必修,,,,1 類,,1,,https://course.ntu.edu.tw/courses/114-2/47227
專題研究,呂明璋,10448,NENS7002,K45M0020,必修,,,,1 類,,1,,https://course.ntu.edu.tw/courses/114-2/10448
專題研究,黃育熙,19397,NENS7002,K45M0020,必修,,,,1 類,,1,,https://course.ntu.edu.tw/courses/114-2/19397
專題研究,林啟萬,55452,NENS7002,K45M0020,必修,,,,1 類,,1,,https://course.ntu.edu.tw/courses/114-2/55452
專題研究,陳立仁,52911,NENS7002,K45M0020,必修,,,,1 類,,1,,https://course.ntu.edu.tw/courses/114-2/52911
專題研究,舒貽忠,16442,NENS7002,K45M0020,必修,,,,1 類,,1,,https://course.ntu.edu.tw/courses/114-2/16442
專題研究,陳建彰,23517,NENS7002,K45M0020,必修,,,,1 類,,1,,https://course.ntu.edu.tw/courses/114-2/23517
專題研究,陳建甫,22061,NENS7002,K45M0020,必修,,,,1 類,,1,,https://course.ntu.edu.tw/courses/114-2/22061
專題研究,許聿翔,52757,NENS7002,K45M0020,必修,,,,1 類,,1,,https://course.ntu.edu.tw/courses/114-2/52757
專題研究,李尉彰,20267,NENS7002,K45M0020,必修,,,,1 類,,1,,https://course.ntu.edu.tw/courses/114-2/20267
專題研究,藍俊宏,17010,NENS7002,K45M0020,必修,,,,1 類,,1,,https://course.ntu.edu.tw/courses/114-2/17010
專題研究,陳致融,44657,NENS7002,K45M0020,必修,,,,1 類,,1,,https://course.ntu.edu.tw/courses/114-2/44657
專題研究,周至品,18369,NENS7002,K45M0020,必修,,,,1 類,,1,,https://course.ntu.edu.tw/courses/114-2/18369
碩士論文,,42685,NENS7999,K45M0010,必修,,,,1 類,,0,,https://course.ntu.edu.tw/courses/114-2/42685
專題討論,邱雅萍,15930,NENS8001,K46D3000,必修,,一 8,,1 類,,1,,https://course.ntu.edu.tw/courses/114-2/15930
專題研究,劉如熹,16669,NENS8002,K46D0020,必修,,,,1 類,,1,,https://course.ntu.edu.tw/courses/114-2/16669
專題研究,邱雅萍,35124,NENS8002,K46D0020,必修,,,,1 類,,1,,https://course.ntu.edu.tw/courses/114-2/35124
專題研究,陳建彰,37831,NENS8002,K46D0020,必修,,,,1 類,,1,,https://course.ntu.edu.tw/courses/114-2/37831
專題研究,陳建甫,32395,NENS8002,K46D0020,必修,,,,1 類,,1,,https://course.ntu.edu.tw/courses/114-2/32395
專題研究,李尉彰,34253,NENS8002,K46D0020,必修,,,,1 類,,1,,https://course.ntu.edu.tw/courses/114-2/34253
專題研究,藍俊宏,16981,NENS8002,K46D0020,必修,,,,1 類,,1,,https://course.ntu.edu.tw/courses/114-2/16981
專題研究,陳致融,15761,NENS8002,K46D0020,必修,,,,1 類,,1,,https://course.ntu.edu.tw/courses/114-2/15761
專題研究,周至品,43025,NENS8002,K46D0020,必修,,,,1 類,,1,,https://course.ntu.edu.tw/courses/114-2/43025
研發實習,邱雅萍,19753,NENS8003,K46D0030,必修,,,,2 類,,3,,https://course.ntu.edu.tw/courses/114-2/19753
博士論文,,30902,NENS8999,K46D0010,必修,,,,1 類,,0,,https://course.ntu.edu.tw/courses/114-2/30902
去中心化應用程式之設計實務,葛如鈞,13254,NM5371,944U0160,選修,,"三 7,8,9",資102,2 類,,3,,https://course.ntu.edu.tw/courses/114-2/13254
專題討論,鄭龍磻,39961,NM7000,944M0030,必修,,,,1 類,,1,,https://course.ntu.edu.tw/courses/114-2/39961
元宇宙創作專題,洪一平,15692,NM7601,944M0110,選修,,"三 7,8,9",,2 類,,3,,https://course.ntu.edu.tw/courses/114-2/15692
科技劇場,林經堯,31046,NM7650,944U0170,選修,,"一 A,B,C",資104,2 類,,3,,https://course.ntu.edu.tw/courses/114-2/31046
專題研究,洪一平,25839,NM7990,944M0020,選修,,,,2 類,,1,,https://course.ntu.edu.tw/courses/114-2/25839
專題研究,逄愛君,40477,NM7990,944M0020,選修,,,,2 類,,1,,https://course.ntu.edu.tw/courses/114-2/40477
專題研究,施吉昇,18067,NM7990,944M0020,選修,,,,2 類,,1,,https://course.ntu.edu.tw/courses/114-2/18067
專題研究,陳信希,14576,NM7990,944M0020,選修,,,,2 類,,1,,https://course.ntu.edu.tw/courses/114-2/14576
專題研究,歐陽彥正,30565,NM7990,944M0020,選修,,,,2 類,,1,,https://course.ntu.edu.tw/courses/114-2/30565
專題研究,傅楸善,55964,NM7990,944M0020,選修,,,,1 類,,1,,https://course.ntu.edu.tw/courses/114-2/55964
專題研究,趙坤茂,11266,NM7990,944M0020,選修,,,,2 類,,1,,https://course.ntu.edu.tw/courses/114-2/11266
專題研究,林  風,49747,NM7990,944M0020,選修,,,,2 類,,1,,https://course.ntu.edu.tw/courses/114-2/49747
專題研究,周承復,35958,NM7990,944M0020,選修,,,,2 類,,1,,https://course.ntu.edu.tw/courses/114-2/35958
專題研究,莊永裕,45644,NM7990,944M0020,選修,,,,2 類,,1,,https://course.ntu.edu.tw/courses/114-2/45644
專題研究,洪士灝,53543,NM7990,944M0020,選修,,,,2 類,,1,,https://course.ntu.edu.tw/courses/114-2/53543
專題研究,陳炳宇,24424,NM7990,944M0020,選修,,,,1 類,,1,,https://course.ntu.edu.tw/courses/114-2/24424
專題研究,張瑞峰,10006,NM7990,944M0020,選修,,,,2 類,,1,,https://course.ntu.edu.tw/courses/114-2/10006
專題研究,鄭卜壬,28752,NM7990,944M0020,選修,,,,2 類,,1,,https://course.ntu.edu.tw/courses/114-2/28752
專題研究,林守德,41364,NM7990,944M0020,選修,,,,2 類,,1,,https://course.ntu.edu.tw/courses/114-2/41364
專題研究,李明穗,31735,NM7990,944M0020,選修,,,,2 類,,1,,https://course.ntu.edu.tw/courses/114-2/31735
專題研究,林軒田,53491,NM7990,944M0020,選修,,,,2 類,,1,,https://course.ntu.edu.tw/courses/114-2/53491
專題研究,呂育道,41750,NM7990,944M0020,選修,,,,2 類,,1,,https://course.ntu.edu.tw/courses/114-2/41750
專題研究,傅立成,18691,NM7990,944M0020,選修,,,,2 類,,1,,https://course.ntu.edu.tw/courses/114-2/18691
專題研究,曾宇鳳,42552,NM7990,944M0020,選修,,,,2 類,,1,,https://course.ntu.edu.tw/courses/114-2/42552
專題研究,陳彥仰,53874,NM7990,944M0020,選修,,,,2 類,,1,,https://course.ntu.edu.tw/courses/114-2/53874
專題研究,蔡欣穆,18466,NM7990,944M0020,選修,,,,2 類,,1,,https://course.ntu.edu.tw/courses/114-2/18466
專題研究,李允中,56534,NM7990,944M0020,選修,,,,2 類,,1,,https://course.ntu.edu.tw/courses/114-2/56534
專題研究,蕭旭君,58341,NM7990,944M0020,選修,,,,2 類,,1,,https://course.ntu.edu.tw/courses/114-2/58341
專題研究,陳縕儂,14857,NM7990,944M0020,選修,,,,2 類,,1,,https://course.ntu.edu.tw/courses/114-2/14857
專題研究,林忠緯,33439,NM7990,944M0020,選修,,,,2 類,,1,,https://course.ntu.edu.tw/courses/114-2/33439
專題研究,鄭龍磻,48887,NM7990,944M0020,選修,,,,2 類,,1,,https://course.ntu.edu.tw/courses/114-2/48887
專題研究,陳尚澤,15770,NM7990,944M0020,選修,,,,2 類,,1,,https://course.ntu.edu.tw/courses/114-2/15770
專題研究,陳祝嵩,35799,NM7990,944M0020,選修,,,,2 類,,1,,https://course.ntu.edu.tw/courses/114-2/35799
專題研究,黎士瑋,27877,NM7990,944M0020,選修,,,,2 類,,1,,https://course.ntu.edu.tw/courses/114-2/27877
專題研究,鄭文皇,29824,NM7990,944M0020,選修,,,,2 類,,1,,https://course.ntu.edu.tw/courses/114-2/29824
專題研究,巫芳璟,50820,NM7990,944M0020,選修,,,,2 類,,1,,https://course.ntu.edu.tw/courses/114-2/50820
專題研究,李濬屹,20528,NM7990,944M0020,選修,,,,2 類,,1,,https://course.ntu.edu.tw/courses/114-2/20528
專題研究,張原豪,55855,NM7990,944M0020,選修,,,,2 類,,1,,https://course.ntu.edu.tw/courses/114-2/55855
碩士論文,,35455,NM7999,944M0010,必修,,,,1 類,,0,,https://course.ntu.edu.tw/courses/114-2/35455
專題討論,陳彥仰,54058,NM8000,944D0030,必修,,,,1 類,,1,,https://course.ntu.edu.tw/courses/114-2/54058
專題研究,吳家麟,46418,NM8990,944D0020,選修,,,,2 類,,1,,https://course.ntu.edu.tw/courses/114-2/46418
專題研究,洪一平,29321,NM8990,944D0020,選修,,,,2 類,,1,,https://course.ntu.edu.tw/courses/114-2/29321
專題研究,施吉昇,27301,NM8990,944D0020,選修,,,,2 類,,1,,https://course.ntu.edu.tw/courses/114-2/27301
專題研究,陳信希,39960,NM8990,944D0020,選修,,,,2 類,,1,,https://course.ntu.edu.tw/courses/114-2/39960
專題研究,歐陽彥正,31705,NM8990,944D0020,選修,,,,2 類,,1,,https://course.ntu.edu.tw/courses/114-2/31705
專題研究,傅楸善,46788,NM8990,944D0020,選修,,,,1 類,,1,,https://course.ntu.edu.tw/courses/114-2/46788
專題研究,林智仁,26820,NM8990,944D0020,選修,,,,2 類,,1,,https://course.ntu.edu.tw/courses/114-2/26820
專題研究,楊佳玲,30305,NM8990,944D0020,選修,,,,2 類,,1,,https://course.ntu.edu.tw/courses/114-2/30305
專題研究,陳炳宇,18609,NM8990,944D0020,選修,,,,1 類,,1,,https://course.ntu.edu.tw/courses/114-2/18609
專題研究,薛智文,35535,NM8990,944D0020,選修,,,,2 類,,1,,https://course.ntu.edu.tw/courses/114-2/35535
專題研究,鄭卜壬,48974,NM8990,944D0020,選修,,,,2 類,,1,,https://course.ntu.edu.tw/courses/114-2/48974
專題研究,徐宏民,32676,NM8990,944D0020,選修,,,,2 類,,1,,https://course.ntu.edu.tw/courses/114-2/32676
專題研究,林軒田,55525,NM8990,944D0020,選修,,,,2 類,,1,,https://course.ntu.edu.tw/courses/114-2/55525
專題研究,傅立成,53747,NM8990,944D0020,選修,,,,2 類,,1,,https://course.ntu.edu.tw/courses/114-2/53747
專題研究,鄭龍磻,47412,NM8990,944D0020,選修,,,,2 類,,1,,https://course.ntu.edu.tw/courses/114-2/47412
專題研究,陳尚澤,11200,NM8990,944D0020,選修,,,,2 類,,1,,https://course.ntu.edu.tw/courses/114-2/11200
專題研究,陳祝嵩,21333,NM8990,944D0020,選修,,,,2 類,,1,,https://course.ntu.edu.tw/courses/114-2/21333
專題研究,鄭文皇,37598,NM8990,944D0020,選修,,,,2 類,,1,,https://course.ntu.edu.tw/courses/114-2/37598
專題研究,黃上恩,31094,NM8990,944D0020,選修,,,,2 類,,1,,https://course.ntu.edu.tw/courses/114-2/31094
專題研究,張原豪,32832,NM8990,944D0020,選修,,,,2 類,,1,,https://course.ntu.edu.tw/courses/114-2/32832
博士論文,,35488,NM8999,944D0010,必修,,,,1 類,,0,,https://course.ntu.edu.tw/courses/114-2/35488
朝鮮王朝的建立與發展,姜智恩,37651,NtlDev1084,34117950,,,"五 8,9",普203,2 類,,2,,https://course.ntu.edu.tw/courses/114-2/37651
經濟貨幣整合：歐盟理論與實證,葉國俊,35908,NtlDev1101,34110110,,,"四 5,6,7",博雅103,2 類,,3,,https://course.ntu.edu.tw/courses/114-2/35908
中國社會制度與變遷專題,施世駿,30722,NtlDev5247,341U8630,必修,,"五 3,4,5",國發206,2 類,,3,,https://course.ntu.edu.tw/courses/114-2/30722
歐盟社會政策專題,施世駿,42409,NtlDev5251,341U8670,必修 / 選修,,"三 3,4",國發208,2 類,,2,,https://course.ntu.edu.tw/courses/114-2/42409
氣候變遷與永續發展專題,周桂田,35259,NtlDev5280,341U8960,必修,,"四 7,8",國發208,2 類,,2,,https://course.ntu.edu.tw/courses/114-2/35259
資訊法與資訊政策專題,劉靜怡,30040,NtlDev5281,341U8980,必修,,"五 8,9,10",國發206,1 類,,3,,https://course.ntu.edu.tw/courses/114-2/30040
中國大陸與世界政治專題,周嘉辰,21409,NtlDev5295,341U9120,必修,,"四 7,8",國發206,2 類,,2,,https://course.ntu.edu.tw/courses/114-2/21409
政策網絡與環境治理專題,黃建實,46023,NtlDev5328,341U9420,選修,,"二 6,7,8",國發208,2 類,,3,,https://course.ntu.edu.tw/courses/114-2/46023
科技政策與科技決策專題,周桂田,45464,NtlDev5331,341U9450,必修,,"五 6,7,8",國發208,2 類,,3,,https://course.ntu.edu.tw/courses/114-2/45464
公共政策理論與實務,洪伊真,44421,NtlDev5332,341U9460,選修,,"一 7,8,9",國發206,2 類,,3,,https://course.ntu.edu.tw/courses/114-2/44421
當代台灣政治,南  樂,25657,NtlDev5336,341U9490,必修 / 選修,,"二 3,4",國發302,2 類,,2,,https://course.ntu.edu.tw/courses/114-2/25657
東亞的民族主義與認同,南  樂,19499,NtlDev5344,341U9580,必修,,"二 7,8",國發206,2 類,,2,,https://course.ntu.edu.tw/courses/114-2/19499
東亞勞動市場政策,洪伊真,31453,NtlDev5345,341U9590,必修,,"二 3,4",國發206,2 類,,2,,https://course.ntu.edu.tw/courses/114-2/31453
金融政策：歐洲觀點,葉國俊,19980,NtlDev5346,341U9600,必修 / 選修,,"三 3,4",國發302,2 類,,2,,https://course.ntu.edu.tw/courses/114-2/19980
科技發展與社會變遷,張國暉,44206,NtlDev7114,341M5710,選修,,"六 6,7",國發206,2 類,,2,,https://course.ntu.edu.tw/courses/114-2/44206
韓日文化與思想專題,姜智恩,35045,NtlDev7126,341M5830,必修 / 選修,,"五 3,4,5",國發208,2 類,,3,,https://course.ntu.edu.tw/courses/114-2/35045
性別、科技與法律專題研究,張兆恬,54616,NtlDev7131,341M5880,選修,,"一 8,9",國發208,2 類,,2,,https://course.ntu.edu.tw/courses/114-2/54616
東亞發展研究中的性別視角,劉秋婉,34656,NtlDev7132,341M5890,必修 / 選修,,"二 6,7",國發300,2 類,,2,,https://course.ntu.edu.tw/courses/114-2/34656
國家創新與轉型治理,張國暉,53677,NtlDev7138,341M5940,選修,,"四 6,7,8",國發210,2 類,,3,,https://course.ntu.edu.tw/courses/114-2/53677
生醫倫理與法律專題,張兆恬,12462,NtlDev7142,341M5980,必修 / 選修,,"四 3,4,5",國發208,2 類,,3,,https://course.ntu.edu.tw/courses/114-2/12462
Python與文字探勘專題,鄧志松,56642,NtlDev7146,341M6030,必修,,"四 3,4",國發302,2 類,,2,,https://course.ntu.edu.tw/courses/114-2/56642
近代日本的興起與發展,李宥霆,53964,NtlDev7147,341M6040,選修,,"六 1,2",國發210,2 類,,2,,https://course.ntu.edu.tw/courses/114-2/53964
都市永續發展治理專題,黃建實,48464,NtlDev7151,341M6080,必修,,"一 6,7",國發210,2 類,,2,,https://course.ntu.edu.tw/courses/114-2/48464
中國與全球氣候治理專題,林竣達,59227,NtlDev7153,341M6100,選修,,"三 3,4",國發206,2 類,,2,,https://course.ntu.edu.tw/courses/114-2/59227
平等、歧視與法律專題,范秀羽,11465,NtlDev7172,341M6370,必修,,"五 7,8",國發210,2 類,,2,,https://course.ntu.edu.tw/courses/114-2/11465
法律與社會研究導論,范秀羽,36972,NtlDev7173,341M6380,選修,,"五 2,3,4",國發210,2 類,,3,,https://course.ntu.edu.tw/courses/114-2/36972
東亞文化的關鍵詞,姜智恩,29140,NtlDev7174,341M6390,選修,,"六 3,4",國發300,2 類,,2,,https://course.ntu.edu.tw/courses/114-2/29140
全球化與跨國治理,林竣達,44985,NtlDev7177,341M6420,必修,,"二 6,7,8",國發210,2 類,,3,,https://course.ntu.edu.tw/courses/114-2/44985
環境治理專題,林竣達,45592,NtlDev7179,341M6440,選修,,"六 3,4",國發206,2 類,,2,,https://course.ntu.edu.tw/courses/114-2/45592
中國國際政治經濟學,呂麗雲,39600,NtlDev7185,341M6500,選修,,"二 3,4,7,8 / 四 3,4,7,8",國發204,2 類,,1,,https://course.ntu.edu.tw/courses/114-2/39600
比較發展研究專題,周嘉辰,22496,NtlDev7187,341M6520,選修,,"五 7,8",國發302,2 類,,2,,https://course.ntu.edu.tw/courses/114-2/22496
數位平台與金融科技的發展與監管專題,劉秋婉,14444,NtlDev7188,341M6530,選修,,"五 A,B",國發300,2 類,,2,,https://course.ntu.edu.tw/courses/114-2/14444
碩士論文,,28492,NtlDev7999,341M0010,必修,,,,1 類,,0,,https://course.ntu.edu.tw/courses/114-2/28492
全球化風險治理專題,周桂田,44047,NtlDev8035,341D1490,必修,,"五 6,7,8",,1 類,,3,,https://course.ntu.edu.tw/courses/114-2/44047
中國大陸社會變遷專題,施世駿,29365,NtlDev8039,341D1530,必修,,"五 3,4,5",,2 類,,3,,https://course.ntu.edu.tw/courses/114-2/29365
博士論文,,10210,NtlDev8999,341D0010,選修,,,,1 類,,0,,https://course.ntu.edu.tw/courses/114-2/10210
基本護理學,吳佳儀,38106,NURSE2001,40620100,必帶,,"一 1,2,3,4",基醫201,3 類,,2,,https://course.ntu.edu.tw/courses/114-2/38106
基本護理學實習,吳佳儀,39649,NURSE2002,40620200,必帶,,"一 6,7,8,9",,3 類,,2,,https://course.ntu.edu.tw/courses/114-2/39649
生物化學概論,歐展言,48204,NURSE2004,40622300,必帶,,"五 3,4",基醫201,3 類,,2,,https://course.ntu.edu.tw/courses/114-2/48204
內外科護理學二,郭軒如,20595,NURSE3003,40630450,必帶,,"二 1,2,3,4,6,7,8,9 / 三 1,2,3,4 / 四 1,2,3,4,6,7,8,9 / 五 1,2,3,4,6,7,8,9",,3 類,,3,,https://course.ntu.edu.tw/courses/114-2/20595
內外科護理學實習二,郭軒如,49183,NURSE3004,40630460,必帶,,,,3 類,,3,,https://course.ntu.edu.tw/courses/114-2/49183
產科護理學實習,劉欣怡,18074,NURSE3006,40631020,必帶,,,,3 類,,3,,https://course.ntu.edu.tw/courses/114-2/18074
護理專業問題研討,楊曉玲,30621,NURSE4001,40640700,必帶,,"五 8,9",護階梯教室,3 類,,1,,https://course.ntu.edu.tw/courses/114-2/30621
護理行政概論,吳維紋,14965,NURSE4002,40641310,必帶,,"二 1,2,3,4,6,7,8,9 / 三 1,2,3,4,6,7,8,9 / 四 1,2,3,4,6,7,8,9",,3 類,,2,,https://course.ntu.edu.tw/courses/114-2/14965
綜合臨床護理學實習二,陳宜傳,20341,NURSE4005,40641620,必帶,,"二 1,2,3,4,6,7,8,9 / 三 1,2,3,4 / 四 1,2,3,4,6,7,8,9",,3 類,,3,,https://course.ntu.edu.tw/courses/114-2/20341
綜合臨床護理學實習二,陳宜傳,26241,NURSE4005,40641620,必帶,,"二 1,2,3,4,6,7,8,9 / 三 1,2,3,4 / 四 1,2,3,4,6,7,8,9",,3 類,,3,,https://course.ntu.edu.tw/courses/114-2/26241
學士論文,張榮珍,50008,NURSE4014,40646400,選修,,,,3 類,,6,,https://course.ntu.edu.tw/courses/114-2/50008
護理行政概論實習,吳維紋,28329,NURSE4015,40641420,必帶,,,,3 類,,2,,https://course.ntu.edu.tw/courses/114-2/28329
護理行政概論實習,吳維紋,11204,NURSE4015,40641420,必帶,,,,3 類,,2,,https://course.ntu.edu.tw/courses/114-2/11204
支持性腫瘤學概論,李芸湘,17287,NURSE5004,426U0400,選修,,"一 9,10",基醫403,3 類,,2,,https://course.ntu.edu.tw/courses/114-2/17287
泛文化國際護理交流,吳宥霖,38141,NURSE5006,426U0600,選修,,,,3 類,,2,,https://course.ntu.edu.tw/courses/114-2/38141
健康志業的領導與管理,粘曉菁,54424,NURSE5026,426U2600,選修,,"三 6,7,8,9",基醫405,3 類,,2,,https://course.ntu.edu.tw/courses/114-2/54424
多元性別文化照護,王雅青,10155,NURSE5027,426U2700,選修,,"三 6,7",護階梯教室,3 類,,2,,https://course.ntu.edu.tw/courses/114-2/10155
健康照護科技實證研究討論,吳佳儀,22813,NURSE5028,426U2800,選修,,"二 9,10",,3 類,,2,,https://course.ntu.edu.tw/courses/114-2/22813
學術報告技巧實作,吳佳儀,43217,NURSE5029,426U2900,選修,,,,3 類,,1,,https://course.ntu.edu.tw/courses/114-2/43217
護理研究,秦唯珊,57634,NURSE7018,426M1100,必修,,"一 6,7,8",護階梯教室,3 類,,3,,https://course.ntu.edu.tw/courses/114-2/57634
量性資料分析與判讀,羅美芳,42241,NURSE7036,426M4380,選修,,"一 4,5",,3 類,,1,,https://course.ntu.edu.tw/courses/114-2/42241
診斷與處置(I),陳佳慧,58253,NURSE7038,426M4400,必修,,"三 6,7",,3 類,,2,,https://course.ntu.edu.tw/courses/114-2/58253
專科護理師實習(I),唐嘉君,13307,NURSE7042,426M4440,必修,,"三 8,9",護討論室1,3 類,,3,,https://course.ntu.edu.tw/courses/114-2/13307
專科護理師實習(III),唐嘉君,46802,NURSE7044,426M4460,必修,,,,3 類,,3,,https://course.ntu.edu.tw/courses/114-2/46802
臨床研究護理學(I),張榮珍,10286,NURSE7045,426M4470,必修,,"三 2,3,4",護303室,3 類,,2,,https://course.ntu.edu.tw/courses/114-2/10286
臨床研究護理實習(I),張榮珍,28473,NURSE7047,426M4490,必修,,,,3 類,,3,,https://course.ntu.edu.tw/courses/114-2/28473
實證醫學,張榮珍,50914,NURSE7049,426M4510,必修,,"三 6,7",護303室,3 類,,2,,https://course.ntu.edu.tw/courses/114-2/50914
進階臨床護理學(II),羅美芳,56411,NURSE7051,426M4530,必修,,"三 6,7",,3 類,,2,,https://course.ntu.edu.tw/courses/114-2/56411
進階臨床護理實習(II),羅美芳,43519,NURSE7053,426M4550,必修,,,,3 類,,3,,https://course.ntu.edu.tw/courses/114-2/43519
進階社區護理學(II),陳竑卉,47352,NURSE7055,426M4570,必修,,"二 3,4",護303室,3 類,,2,,https://course.ntu.edu.tw/courses/114-2/47352
進階社區護理實習(II),陳竑卉,48222,NURSE7057,426M4590,必修,,,,3 類,,3,,https://course.ntu.edu.tw/courses/114-2/48222
進階婦女健康暨母嬰護理學(II),張皓媛,24809,NURSE7070,426M4720,必修,,"三 6,7",護304室,3 類,,2,,https://course.ntu.edu.tw/courses/114-2/24809
進階家庭專科護理學(I),張念慈,29858,NURSE7081,426M4830,必修,,"三 6,7,8",,3 類,,3,,https://course.ntu.edu.tw/courses/114-2/29858
進階家庭專科護理學實習(I),張念慈,33584,NURSE7082,426M4840,必修,,"三 9,10",護301室,3 類,,4,,https://course.ntu.edu.tw/courses/114-2/33584
進階家庭專科護理學實習(III),張念慈,35380,NURSE7085,426M4870,必修,,,,3 類,,3,,https://course.ntu.edu.tw/courses/114-2/35380
碩士論文,陳佳慧,44769,NURSE7999,426M0010,必修,,,,1 類,,0,,https://course.ntu.edu.tw/courses/114-2/44769
專題研究,高碧霞,13664,NURSE8009,426D0130,選修,,,,3 類,,3,,https://course.ntu.edu.tw/courses/114-2/13664
專題研究,賴裕和,14359,NURSE8009,426D0130,選修,,,,3 類,,3,,https://course.ntu.edu.tw/courses/114-2/14359
專題研究,胡文郁,41686,NURSE8009,426D0130,選修,,,,3 類,,3,,https://course.ntu.edu.tw/courses/114-2/41686
專題研究,蕭妃秀,18990,NURSE8009,426D0130,選修,,,,3 類,,3,,https://course.ntu.edu.tw/courses/114-2/18990
專題研究,陳佳慧,36676,NURSE8009,426D0130,選修,,,,3 類,,3,,https://course.ntu.edu.tw/courses/114-2/36676
專題研究,羅美芳,42982,NURSE8009,426D0130,選修,,,,3 類,,3,,https://course.ntu.edu.tw/courses/114-2/42982
專題研究,蔡劭瑜,50284,NURSE8009,426D0130,選修,,,,3 類,,3,,https://course.ntu.edu.tw/courses/114-2/50284
專題研究,吳佳儀,37893,NURSE8009,426D0130,選修,,,,3 類,,3,,https://course.ntu.edu.tw/courses/114-2/37893
專題研究,吳維紋,17468,NURSE8009,426D0130,選修,,,,3 類,,3,,https://course.ntu.edu.tw/courses/114-2/17468
專題研究,張榮珍,43523,NURSE8009,426D0130,選修,,,,3 類,,3,,https://course.ntu.edu.tw/courses/114-2/43523
專題研究,張皓媛,27540,NURSE8009,426D0130,選修,,,,3 類,,3,,https://course.ntu.edu.tw/courses/114-2/27540
專題研究,唐嘉君,49822,NURSE8009,426D0130,選修,,,,3 類,,3,,https://course.ntu.edu.tw/courses/114-2/49822
專題研究,邱飄逸,95114,NURSE8009,426D0130,選修,,,,2 類,,3,,https://course.ntu.edu.tw/courses/114-2/95114
專題研究,李芸湘,95115,NURSE8009,426D0130,選修,,,,2 類,,3,,https://course.ntu.edu.tw/courses/114-2/95115
專題研究,陳竑卉,53584,NURSE8009,426D0130,選修,,,,3 類,,3,,https://course.ntu.edu.tw/courses/114-2/53584
護理研究專題討論二,楊曉玲,32162,NURSE8025,426D4380,選修,,"一 3,4",護智能教室,3 類,,1,,https://course.ntu.edu.tw/courses/114-2/32162
護理研究專題討論二,楊曉玲,24493,NURSE8025,426D4380,選修,,"一 3,4",,3 類,,1,,https://course.ntu.edu.tw/courses/114-2/24493
健康與疾病之護理處置,蔡劭瑜,20470,NURSE8030,426D4440,必修,,"三 6,7",護智能教室,3 類,,2,,https://course.ntu.edu.tw/courses/114-2/20470
質性研究法專論,吳佳儀,46741,NURSE8031,426D4450,必修,,"三 2,3",護討論室1,3 類,,2,,https://course.ntu.edu.tw/courses/114-2/46741
健康照護體系與政策,胡文郁,13730,NURSE8032,426D4460,必修,,"三 8,9",,3 類,,2,,https://course.ntu.edu.tw/courses/114-2/13730
博士論文,陳佳慧,13403,NURSE8999,426D0010,必修,,,,1 類,,0,,https://course.ntu.edu.tw/courses/114-2/13403
海洋地質概論,張日新,30686,Ocean5001,241U0010,必修 / 選修,,二 4,海研大講堂,1 類,,1,,https://course.ntu.edu.tw/courses/114-2/30686
海洋生態學,魏志潾,49114,Ocean5002,241U0140,選修,,"一 6,7,8",海研232,1 類,,3,,https://course.ntu.edu.tw/courses/114-2/49114
海洋科學概論,楊穎堅,33382,Ocean5008,241U0750,,,"五 3,4",海研大講堂,3 類,,2,,https://course.ntu.edu.tw/courses/114-2/33382
物理海洋學,陳世楠,22247,Ocean5039,241U1780,必修 / 選修,,"三 6,7",,1 類,,2,,https://course.ntu.edu.tw/courses/114-2/22247
海洋污染,曾鈞懋,59822,Ocean5049,241U1890,選修,,"三 3,4",115研討室,1 類,,2,,https://course.ntu.edu.tw/courses/114-2/59822
統計生態學與程式語言應用,謝志豪,55797,Ocean5052,241U1920,選修,,"四 2,3,4",,3 類,,3,,https://course.ntu.edu.tw/courses/114-2/55797
魚類學特論,蕭仁傑,24352,Ocean5067,241U2070,選修,,"四 3,4",海研232,1 類,,2,,https://course.ntu.edu.tw/courses/114-2/24352
動物的發育機制與演化歷史,游智凱,41406,Ocean5091,241U5000,選修,,"四 8,9",海研110教室,1 類,,2,,https://course.ntu.edu.tw/courses/114-2/41406
海氣交互作用與海洋氣候,曾于恒,42369,Ocean5100,241U5070,選修,,"三 6,7,8",海研232,3 類,,3,,https://course.ntu.edu.tw/courses/114-2/42369
臺灣區域海洋學,詹  森,25557,Ocean5115,241U6120,選修,,"二 8,9",海研大講堂,1 類,,2,,https://course.ntu.edu.tw/courses/114-2/25557
震測資料處理與分析,許鶴瀚,20006,Ocean5116,241U6130,選修,,"三 3,4",海研231,1 類,,2,,https://course.ntu.edu.tw/courses/114-2/20006
地球物理基礎數學,張翠玉,21629,Ocean5123,241U6200,選修,,"二 6,7",海研110教室,1 類,,2,,https://course.ntu.edu.tw/courses/114-2/21629
化學海洋概論,溫良碩,10266,Ocean5128,241U6250,必修 / 選修,,二 3,海研大講堂,1 類,,1,,https://course.ntu.edu.tw/courses/114-2/10266
生物海洋概論,鍾明宗,35592,Ocean5129,241U6260,必修 / 選修,,一 3,海研大講堂,1 類,,1,,https://course.ntu.edu.tw/courses/114-2/35592
海洋與氣候:過去到未來,賀詩琳,36565,Ocean5132,241U6300,選修,,"二 3,4",海研115,1 類,,2,,https://course.ntu.edu.tw/courses/114-2/36565
海洋監測與技術,張明輝,40130,Ocean5134,241U6320,必修 / 選修,,四 8,海研231,3 類,,2,,https://course.ntu.edu.tw/courses/114-2/40130
自主海洋感知,黃千芬,38135,Ocean5135,241U6280,選修,,"三 7,8,9",海研115,1 類,,3,,https://course.ntu.edu.tw/courses/114-2/38135
颱風底下的小尺度海洋動力,許哲源,20769,Ocean5136,241U6330,選修,,"四 3,4",115研討室,1 類,,2,,https://course.ntu.edu.tw/courses/114-2/20769
海洋微古生物學,何亞倫,59891,Ocean5151,241U6480,選修,,"三 3,4",海研300,1 類,,2,,https://course.ntu.edu.tw/courses/114-2/59891
海洋生物地球化學模式,簡嘉德,35147,Ocean5152,241U6490,選修,,"五 3,4",海研110教室,1 類,,2,,https://course.ntu.edu.tw/courses/114-2/35147
巨觀生態學與分析,謝志豪,19590,Ocean5160,241U6570,選修,,"二 3,4",海研231,3 類,,2,,https://course.ntu.edu.tw/courses/114-2/19590
生物資訊學,葉怡君,52548,Ocean5162,241U6590,選修,,"二 6,7,8",海研231,1 類,,3,,https://course.ntu.edu.tw/courses/114-2/52548
海洋微生物生態學專題研究,葉怡君,11203,Ocean5166,241U6630,選修,,"四 6,7",海研115,1 類,,1,,https://course.ntu.edu.tw/courses/114-2/11203
理論物理海洋上,許哲源,56058,Ocean7012,241M1141,選修,,"三 3,4",海研115,1 類,,2,,https://course.ntu.edu.tw/courses/114-2/56058
生物海上實習,何珮綺,22553,Ocean7090,241M2950,必修,,,,1 類,,1,,https://course.ntu.edu.tw/courses/114-2/22553
地質海上實習,許鶴瀚,27478,Ocean7091,241M2960,必修,,,,1 類,,1,,https://course.ntu.edu.tw/courses/114-2/27478
化學海上實習,林卉婷,25904,Ocean7095,241M3010,必修,,,,1 類,,1,,https://course.ntu.edu.tw/courses/114-2/25904
河口微量元素化學,溫良碩,25114,Ocean7109,241M3150,選修,,"四 3,4",海研115,1 類,,2,,https://course.ntu.edu.tw/courses/114-2/25114
環境放射化學二,蘇志杰,25865,Ocean7123,241M3330,選修,,"二 6,7",115研討室,1 類,,2,,https://course.ntu.edu.tw/courses/114-2/25865
海洋沈積學,蘇志杰,23200,Ocean7124,241M3340,選修,,"五 3,4",海研232,1 類,,2,,https://course.ntu.edu.tw/courses/114-2/23200
震測資料處理與分析實務,許鶴瀚,58523,Ocean7188,241M3950,選修,,"三 6,7",海研231,1 類,,2,,https://course.ntu.edu.tw/courses/114-2/58523
珊瑚礁環境化學與永續經營,林卉婷,44668,Ocean7193,241M4000,選修,,三 5,海研300,3 類,,3,,https://course.ntu.edu.tw/courses/114-2/44668
珊瑚礁生態系野外課程,單偉彌,50844,Ocean7194,241M4010,選修,,,,2 類,,3,,https://course.ntu.edu.tw/courses/114-2/50844
震測地層學概論,張日新,56043,Ocean7195,241M4020,選修,,"二 6,7",海研115,1 類,,2,,https://course.ntu.edu.tw/courses/114-2/56043
海洋物理組專題討論,楊穎堅,42233,Ocean7197,241M4040,必修,,"四 7,8",海研大講堂,1 類,,1,,https://course.ntu.edu.tw/courses/114-2/42233
海洋生物及漁業組專題討論,鍾明宗,46350,Ocean7198,241M4050,必修,,"三 3,4",海研大講堂,1 類,,1,,https://course.ntu.edu.tw/courses/114-2/46350
海洋生物及漁業組專題討論,蕭仁傑,50756,Ocean7198,241M4050,必修,,"三 6,7",海研大講堂,1 類,,1,,https://course.ntu.edu.tw/courses/114-2/50756
海洋地質及地物組專題討論,何亞倫,57421,Ocean7199,241M4060,必修,,"四 3,4",海研大講堂,1 類,,1,,https://course.ntu.edu.tw/courses/114-2/57421
海洋地質及地物組專題討論,何亞倫,59614,Ocean7199,241M4060,必修,,"四 5,6",海研大講堂,1 類,,1,,https://course.ntu.edu.tw/courses/114-2/59614
海洋化學組專題討論,林卉婷,54558,Ocean7200,241M4070,必修,,"二 6,7",海研232,1 類,,1,,https://course.ntu.edu.tw/courses/114-2/54558
海洋化學組專題討論,林卉婷,23854,Ocean7200,241M4070,必修,,"二 8,9",海研232,1 類,,1,,https://course.ntu.edu.tw/courses/114-2/23854
海洋生態地化專題研究一,鍾明宗,50887,Ocean7203,241M4100,選修,,"五 1,2",海研115,3 類,,1,,https://course.ntu.edu.tw/courses/114-2/50887
岩心掃描理論與實務,黃致展,26730,Ocean7205,241M4120,選修,,"二 6,7",海研300,3 類,,2,,https://course.ntu.edu.tw/courses/114-2/26730
生物元素比生態學,何珮綺,20054,Ocean7206,241M4130,選修,,"二 8,9",海研115,2 類,,2,,https://course.ntu.edu.tw/courses/114-2/20054
海洋氣候變遷的觀測,卜詩安,21580,Ocean7210,241M4170,選修,,四 6,115研討室,1 類,,1,,https://course.ntu.edu.tw/courses/114-2/21580
科學口語交流,卜詩安,16838,Ocean7211,241M4180,選修,,五 6,海研115,1 類,,1,,https://course.ntu.edu.tw/courses/114-2/16838
多音束資料處理與分析,陳姿婷,26294,Ocean7213,241M4200,選修,,"五 6,7",海研110教室,1 類,,2,,https://course.ntu.edu.tw/courses/114-2/26294
多音束資料處理與分析實務,陳姿婷,34170,Ocean7214,241M4210,選修,,"五 8,9",海研110教室,1 類,,2,,https://course.ntu.edu.tw/courses/114-2/34170
全球地震學特論,柯彥廷,52018,Ocean7215,241M4220,選修,,"一 2,3,4",海研110教室,1 類,,3,,https://course.ntu.edu.tw/courses/114-2/52018
碩士論文,,56461,Ocean7999,241M0010,必修,,,,1 類,,0,,https://course.ntu.edu.tw/courses/114-2/56461
專題討論,曾于恒,55699,Ocean8009,241D0470,必修,,"四 9,10",海研大講堂,1 類,,1,,https://course.ntu.edu.tw/courses/114-2/55699
專題討論,魏志潾,32412,Ocean8009,241D0470,必修,,"三 8,9",海研大講堂,1 類,,1,,https://course.ntu.edu.tw/courses/114-2/32412
專題討論,何亞倫,32881,Ocean8009,241D0470,必修,,"四 1,2",海研大講堂,1 類,,1,,https://course.ntu.edu.tw/courses/114-2/32881
專題討論,林卉婷,49025,Ocean8009,241D0470,必修,,"二 10,A",海研232,1 類,,1,,https://course.ntu.edu.tw/courses/114-2/49025
海上實習,楊穎堅,29132,Ocean8021,241D0660,必修,,,,1 類,,1,,https://course.ntu.edu.tw/courses/114-2/29132
海上實習,許鶴瀚,40909,Ocean8021,241D0660,必修,,,,1 類,,1,,https://course.ntu.edu.tw/courses/114-2/40909
博士論文,,41260,Ocean8999,241D0010,必修,,,,1 類,,0,,https://course.ntu.edu.tw/courses/114-2/41260
雷射原理,林建中,56622,OE5001,941U0010,選修,,"一 2,3,4",電二101,1 類,,3,,https://course.ntu.edu.tw/courses/114-2/56622
雷射導論,蔡睿哲,27756,OE5016,941U0250,選修,,"四 2,3,4",電二229,1 類,,3,,https://course.ntu.edu.tw/courses/114-2/27756
光子晶體,邱奕鵬,43747,OE5018,941U0270,選修,,"二 6,7,8",博理212,2 類,,3,,https://course.ntu.edu.tw/courses/114-2/43747
奈米光子學,蕭惠心,33781,OE5022,941U0310,必修 / 選修,,"三 6,7,8",博理214,2 類,,3,,https://course.ntu.edu.tw/courses/114-2/33781
顯示技術導論,李君浩,22572,OE5025,941U0340,選修,,"二 2,3,4",明達225,1 類,,3,,https://course.ntu.edu.tw/courses/114-2/22572
光學系統設計,蘇國棟,29588,OE5031,941U0400,選修,,"三 7,8,9",明達225,2 類,,3,,https://course.ntu.edu.tw/courses/114-2/29588
液晶顯示器技術,蔡永傑,31332,OE5034,941U0430,選修,,"四 8,9,10",明達225,2 類,,3,,https://course.ntu.edu.tw/courses/114-2/31332
晶體光子學,黃升龍,18966,OE5038,941U0470,選修,,"四 6,7,8",電二144,1 類,,3,,https://course.ntu.edu.tw/courses/114-2/18966
光電材料分析技術,秦逸群,44025,OE5045,941U0550,選修,,"五 2,3,4",博理214,1 類,,3,,https://course.ntu.edu.tw/courses/114-2/44025
光電元件程式模擬,吳育任,29078,OE5060,941U0600,選修,,"五 2,3,4",明達303,1 類,,3,,https://course.ntu.edu.tw/courses/114-2/29078
次世代顯示技術與產業發展,李允立,42030,OE5064,941U0640,選修,,"五 2,3,4",博理113,2 類,,3,,https://course.ntu.edu.tw/courses/114-2/42030
專題研究,黃奕騰,35316,OE7001,941M0040,必修,,,,1 類,,1,,https://course.ntu.edu.tw/courses/114-2/35316
專題研究,李翔傑,44380,OE7001,941M0040,必修,,,,1 類,,1,,https://course.ntu.edu.tw/courses/114-2/44380
專題研究,蔡永傑,33901,OE7001,941M0040,必修,,,,1 類,,1,,https://course.ntu.edu.tw/courses/114-2/33901
專題研究,吳育任,16973,OE7001,941M0040,必修,,,,1 類,,1,,https://course.ntu.edu.tw/courses/114-2/16973
專題研究,蔡睿哲,31141,OE7001,941M0040,必修,,,,1 類,,1,,https://course.ntu.edu.tw/courses/114-2/31141
專題研究,陳奕君,22644,OE7001,941M0040,必修,,,,1 類,,1,,https://course.ntu.edu.tw/courses/114-2/22644
專題研究,黃建璋,32045,OE7001,941M0040,必修,,,,1 類,,1,,https://course.ntu.edu.tw/courses/114-2/32045
專題研究,李君浩,47410,OE7001,941M0040,必修,,,,1 類,,1,,https://course.ntu.edu.tw/courses/114-2/47410
專題研究,蘇國棟,18600,OE7001,941M0040,必修,,,,1 類,,1,,https://course.ntu.edu.tw/courses/114-2/18600
專題研究,曾雪峰,13886,OE7001,941M0040,必修,,,,1 類,,1,,https://course.ntu.edu.tw/courses/114-2/13886
專題研究,黃定洧,57133,OE7001,941M0040,必修,,,,1 類,,1,,https://course.ntu.edu.tw/courses/114-2/57133
專題研究,邱奕鵬,38222,OE7001,941M0040,必修,,,,1 類,,1,,https://course.ntu.edu.tw/courses/114-2/38222
專題研究,吳志毅,34999,OE7001,941M0040,必修,,,,1 類,,1,,https://course.ntu.edu.tw/courses/114-2/34999
專題研究,林恭如,20009,OE7001,941M0040,必修,,,,1 類,,1,,https://course.ntu.edu.tw/courses/114-2/20009
專題研究,林晃巖,56252,OE7001,941M0040,必修,,,,1 類,,1,,https://course.ntu.edu.tw/courses/114-2/56252
專題研究,孫啟光,11832,OE7001,941M0040,必修,,,,1 類,,1,,https://course.ntu.edu.tw/courses/114-2/11832
專題研究,黃升龍,54967,OE7001,941M0040,必修,,,,1 類,,1,,https://course.ntu.edu.tw/courses/114-2/54967
專題研究,彭隆瀚,37679,OE7001,941M0040,必修,,,,1 類,,1,,https://course.ntu.edu.tw/courses/114-2/37679
專題研究,王  倫,57635,OE7001,941M0040,必修,,,,1 類,,1,,https://course.ntu.edu.tw/courses/114-2/57635
專題研究,劉致為,18696,OE7001,941M0040,必修,,,,1 類,,1,,https://course.ntu.edu.tw/courses/114-2/18696
專題研究,吳忠幟,55077,OE7001,941M0040,必修,,,,1 類,,1,,https://course.ntu.edu.tw/courses/114-2/55077
專題研究,林建中,57515,OE7001,941M0040,必修,,,,1 類,,1,,https://course.ntu.edu.tw/courses/114-2/57515
專題研究,吳肇欣,31041,OE7001,941M0040,必修,,,,1 類,,1,,https://course.ntu.edu.tw/courses/114-2/31041
專題研究,鄭宇翔,51954,OE7001,941M0040,必修,,,,1 類,,1,,https://course.ntu.edu.tw/courses/114-2/51954
專題研究,藍嘉雅,24741,OE7001,941M0040,必修,,,,1 類,,1,,https://course.ntu.edu.tw/courses/114-2/24741
專題研究,蕭惠心,49648,OE7001,941M0040,必修,,,,1 類,,1,,https://course.ntu.edu.tw/courses/114-2/49648
專題研究,秦逸群,22958,OE7001,941M0040,必修,,,,1 類,,1,,https://course.ntu.edu.tw/courses/114-2/22958
專題演講,李翔傑,15593,OE7003,941M0020,必修,,"五 7,8",,2 類,,1,,https://course.ntu.edu.tw/courses/114-2/15593
碩士論文,,48875,OE7999,941M0010,必修,,,,1 類,,0,,https://course.ntu.edu.tw/courses/114-2/48875
專題研究,李翔傑,25951,OE8001,941D0040,必修,,,,1 類,,1,,https://course.ntu.edu.tw/courses/114-2/25951
專題研究,吳育任,38154,OE8001,941D0040,必修,,,,1 類,,1,,https://course.ntu.edu.tw/courses/114-2/38154
專題研究,蔡睿哲,56049,OE8001,941D0040,必修,,,,1 類,,1,,https://course.ntu.edu.tw/courses/114-2/56049
專題研究,陳奕君,57994,OE8001,941D0040,必修,,,,1 類,,1,,https://course.ntu.edu.tw/courses/114-2/57994
專題研究,黃建璋,18791,OE8001,941D0040,必修,,,,1 類,,1,,https://course.ntu.edu.tw/courses/114-2/18791
專題研究,蘇國棟,53512,OE8001,941D0040,必修,,,,1 類,,1,,https://course.ntu.edu.tw/courses/114-2/53512
專題研究,黃定洧,39453,OE8001,941D0040,必修,,,,1 類,,1,,https://course.ntu.edu.tw/courses/114-2/39453
專題研究,吳志毅,40255,OE8001,941D0040,必修,,,,1 類,,1,,https://course.ntu.edu.tw/courses/114-2/40255
專題研究,林晃巖,57812,OE8001,941D0040,必修,,,,1 類,,1,,https://course.ntu.edu.tw/courses/114-2/57812
專題研究,孫啟光,35952,OE8001,941D0040,必修,,,,1 類,,1,,https://course.ntu.edu.tw/courses/114-2/35952
專題研究,林清富,30871,OE8001,941D0040,必修,,,,1 類,,1,,https://course.ntu.edu.tw/courses/114-2/30871
專題研究,王  倫,45682,OE8001,941D0040,必修,,,,1 類,,1,,https://course.ntu.edu.tw/courses/114-2/45682
專題研究,劉致為,32531,OE8001,941D0040,必修,,,,1 類,,1,,https://course.ntu.edu.tw/courses/114-2/32531
專題研究,林建中,50798,OE8001,941D0040,必修,,,,1 類,,1,,https://course.ntu.edu.tw/courses/114-2/50798
專題研究,吳肇欣,53866,OE8001,941D0040,必修,,,,1 類,,1,,https://course.ntu.edu.tw/courses/114-2/53866
專題研究,蕭惠心,36915,OE8001,941D0040,必修,,,,1 類,,1,,https://course.ntu.edu.tw/courses/114-2/36915
專題討論,黃奕騰,21541,OE8002,941D0050,必修,,,,1 類,,0,,https://course.ntu.edu.tw/courses/114-2/21541
專題討論,蔡睿哲,28498,OE8002,941D0050,必修,,,,1 類,,0,,https://course.ntu.edu.tw/courses/114-2/28498
專題討論,陳奕君,55851,OE8002,941D0050,必修,,,,1 類,,0,,https://course.ntu.edu.tw/courses/114-2/55851
專題討論,黃建璋,10958,OE8002,941D0050,必修,,,,1 類,,0,,https://course.ntu.edu.tw/courses/114-2/10958
專題討論,李君浩,46640,OE8002,941D0050,必修,,,,1 類,,0,,https://course.ntu.edu.tw/courses/114-2/46640
專題討論,蘇國棟,16266,OE8002,941D0050,必修,,,,1 類,,0,,https://course.ntu.edu.tw/courses/114-2/16266
專題討論,曾雪峰,31244,OE8002,941D0050,必修,,,,1 類,,0,,https://course.ntu.edu.tw/courses/114-2/31244
專題討論,黃定洧,16632,OE8002,941D0050,必修,,,,1 類,,0,,https://course.ntu.edu.tw/courses/114-2/16632
專題討論,邱奕鵬,24914,OE8002,941D0050,必修,,,,1 類,,0,,https://course.ntu.edu.tw/courses/114-2/24914
專題討論,吳志毅,32428,OE8002,941D0050,必修,,,,1 類,,0,,https://course.ntu.edu.tw/courses/114-2/32428
專題討論,林恭如,55860,OE8002,941D0050,必修,,,,1 類,,0,,https://course.ntu.edu.tw/courses/114-2/55860
專題討論,林晃巖,16197,OE8002,941D0050,必修,,,,1 類,,0,,https://course.ntu.edu.tw/courses/114-2/16197
專題討論,孫啟光,40848,OE8002,941D0050,必修,,,,1 類,,0,,https://course.ntu.edu.tw/courses/114-2/40848
專題討論,黃升龍,41930,OE8002,941D0050,必修,,,,1 類,,0,,https://course.ntu.edu.tw/courses/114-2/41930
專題討論,彭隆瀚,47119,OE8002,941D0050,必修,,,,1 類,,0,,https://course.ntu.edu.tw/courses/114-2/47119
專題討論,林清富,32405,OE8002,941D0050,必修,,,,1 類,,0,,https://course.ntu.edu.tw/courses/114-2/32405
專題討論,王  倫,39788,OE8002,941D0050,必修,,,,1 類,,0,,https://course.ntu.edu.tw/courses/114-2/39788
專題討論,劉致為,12497,OE8002,941D0050,必修,,,,1 類,,0,,https://course.ntu.edu.tw/courses/114-2/12497
專題討論,吳忠幟,20548,OE8002,941D0050,必修,,,,1 類,,0,,https://course.ntu.edu.tw/courses/114-2/20548
專題討論,林建中,25966,OE8002,941D0050,必修,,,,1 類,,0,,https://course.ntu.edu.tw/courses/114-2/25966
專題討論,吳肇欣,14809,OE8002,941D0050,必修,,,,1 類,,0,,https://course.ntu.edu.tw/courses/114-2/14809
專題討論,鄭宇翔,52704,OE8002,941D0050,必修,,,,1 類,,0,,https://course.ntu.edu.tw/courses/114-2/52704
專題討論,藍嘉雅,34980,OE8002,941D0050,必修,,,,1 類,,0,,https://course.ntu.edu.tw/courses/114-2/34980
專題討論,蕭惠心,21768,OE8002,941D0050,必修,,,,1 類,,0,,https://course.ntu.edu.tw/courses/114-2/21768
專題討論,秦逸群,35145,OE8002,941D0050,必修,,,,1 類,,0,,https://course.ntu.edu.tw/courses/114-2/35145
博士論文,,42299,OE8999,941D0010,必修,,,,1 類,,0,,https://course.ntu.edu.tw/courses/114-2/42299
腫瘤新知專題討論Ⅱ,葉坤輝,21622,Onco8001,453D0020,必修,,五 7,,3 類,,1,,https://course.ntu.edu.tw/courses/114-2/21622
腫瘤新知專題討論Ⅳ,葉坤輝,13529,Onco8003,453D0040,必修,,五 8,,3 類,,1,,https://course.ntu.edu.tw/courses/114-2/13529
腫瘤藥理學,許  駿,55378,Onco8009,453D0100,必修,,"二 6,7",,3 類,,2,,https://course.ntu.edu.tw/courses/114-2/55378
口腔生物科學專題討論,郭瑋庭,45247,OraBio7020,450M0200,必修,,一 9,,1 類,,1,,https://course.ntu.edu.tw/courses/114-2/45247
口腔生物學特論,郭瑋庭,40428,OraBio7022,450M0220,必修,,一 10,,1 類,,1,,https://course.ntu.edu.tw/courses/114-2/40428
書報討論,郭瑋庭,42321,OraBio7031,450M0310,必修,,"一 A,B",,1 類,,2,,https://course.ntu.edu.tw/courses/114-2/42321
腫瘤轉譯醫學研究,劉瑋文,15863,OraBio7212,450M2120,選修,,"五 7,8",,1 類,,2,,https://course.ntu.edu.tw/courses/114-2/15863
核酸修復與口腔疾病,周涵怡,26769,OraBio7270,450M2700,選修,,"二 6,7,8",,1 類,,3,,https://course.ntu.edu.tw/courses/114-2/26769
離子通道與疾病,樓國隆,34260,OraBio7331,450M3310,選修,,"四 A,B",,1 類,,2,,https://course.ntu.edu.tw/courses/114-2/34260
鉀離子通道特論,樓國隆,36240,OraBio7332,450M3320,選修,,"四 9,10",,1 類,,2,,https://course.ntu.edu.tw/courses/114-2/36240
細胞自噬及口腔疾病,侯欣翰,36946,OraBio7401,450M4010,選修,,"四 3,4",,1 類,,2,,https://course.ntu.edu.tw/courses/114-2/36946
細胞凋亡及口腔疾病,侯欣翰,55033,OraBio7402,450M4020,選修,,"四 5,6,7",,1 類,,3,,https://course.ntu.edu.tw/courses/114-2/55033
口腔幹細胞學導論,周涵怡,20758,OraBio7480,450M4800,選修,,"二 3,4",,1 類,,2,,https://course.ntu.edu.tw/courses/114-2/20758
黏膜免疫與系統疾病,郭瑋庭,52774,OraBio7513,450M5130,選修,,"三 3,4",,1 類,,2,,https://course.ntu.edu.tw/courses/114-2/52774
蛋白結晶繞射學概論,樓國隆,27731,OraBio7660,450M6600,選修,,"二 9,10",,1 類,,2,,https://course.ntu.edu.tw/courses/114-2/27731
人工智慧應用於口腔醫療之概論,鄭世榮,32261,OraBio7820,450M8200,選修,,"四 9,10",,1 類,,2,,https://course.ntu.edu.tw/courses/114-2/32261
碩士論文,,57816,OraBio7999,450M0010,必修,,,,1 類,,0,,https://course.ntu.edu.tw/courses/114-2/57816
口腔醫學實驗技術,郭瑋庭,57433,OraBio8040,450D0400,必修,,"一 6,7",,1 類,,2,,https://course.ntu.edu.tw/courses/114-2/57433
高級口腔生物學專題討論,郭瑋庭,41404,OraBio8060,450D0600,必修,,"一 C,D",,1 類,,2,,https://course.ntu.edu.tw/courses/114-2/41404
細胞代謝與修復機轉,周涵怡,58339,OraBio8400,450D4000,選修,,"四 A,B",,1 類,,2,,https://course.ntu.edu.tw/courses/114-2/58339
幹細胞生物學,周涵怡,33976,OraBio8430,450D4300,選修,,"三 A,B",,1 類,,2,,https://course.ntu.edu.tw/courses/114-2/33976
博士論文,,37955,OraBio8999,450D0010,必修,,,,1 類,,0,,https://course.ntu.edu.tw/courses/114-2/37955
服務學習乙,謝清麟,28408,OT0007,409001H0,必帶,,,,1 類,,1,,https://course.ntu.edu.tw/courses/114-2/28408
服務學習甲,蔡麗婷,36424,OT0008,409001G0,必帶,,五 5,,1 類,,1,,https://course.ntu.edu.tw/courses/114-2/36424
人類發展學,陳顥齡,23357,OT2006,40920200,必帶 / 選修,,"五 6,7",公職治430,2 類,,2,,https://course.ntu.edu.tw/courses/114-2/23357
人類發展學實習,陳顥齡,20027,OT2007,40920210,必帶,,"五 8,9",公職治430,2 類,,1,,https://course.ntu.edu.tw/courses/114-2/20027
職能治療臨床見習,黃小玲,49013,OT2008,40920300,必帶,,"一 7,8,9",公職治431,2 類,,1,,https://course.ntu.edu.tw/courses/114-2/49013
醫療社會學,謝清麟,51784,OT2020,40920110,必修,,"四 1,2",公職治431,1 類,,2,,https://course.ntu.edu.tw/courses/114-2/51784
小兒科學,李旺祚,56409,OT2024,40921040,必帶,,二 1,基醫104,1 類,,1,,https://course.ntu.edu.tw/courses/114-2/56409
骨科學乙,陳沛裕,38247,OT2025,40921050,必帶,,一 1,基醫304,1 類,,1,,https://course.ntu.edu.tw/courses/114-2/38247
就學與就業之職能治療實習,蔡麗婷,48476,OT3012,40930810,必帶,,"三 3,4",公職治431,1 類,,1,,https://course.ntu.edu.tw/courses/114-2/48476
副木、裝具義肢學,黃小玲,55667,OT3017,40937310,必帶,,二 6,公職治430,2 類,,1,,https://course.ntu.edu.tw/courses/114-2/55667
副木、裝具義肢學實習,黃小玲,52485,OT3018,40937410,必帶,,"二 7,8",公職治430,2 類,,1,,https://course.ntu.edu.tw/courses/114-2/52485
遊戲與治療介入,曾美惠,18285,OT3033,40932500,選修,,"三 7,8,9",,2 類,,3,,https://course.ntu.edu.tw/courses/114-2/18285
職能治療倫理學,謝清麟,45882,OT3036,40937500,必帶,,"五 6,7",公職治431,1 類,,1,,https://course.ntu.edu.tw/courses/114-2/45882
職能治療常見統計入門,黃怡靜,13681,OT3040,40939430,必帶,,"五 3,4",公職治430,2 類,,1,,https://course.ntu.edu.tw/courses/114-2/13681
心理職能治療,潘璦琬,30490,OT3047,40930420,必帶,,"五 1,2",公職治431,1 類,,2,,https://course.ntu.edu.tw/courses/114-2/30490
心理職能治療實習,潘璦琬,43943,OT3049,40930430,必帶,,"五 3,4",公職治431,1 類,,1,,https://course.ntu.edu.tw/courses/114-2/43943
骨科職能治療,黃小玲,25414,OT3050,40931100,必修,,"四 6,7",公職治430,2 類,,2,,https://course.ntu.edu.tw/courses/114-2/25414
職能治療初階臨床實習二,黃怡靜,43246,OT3053,40930360,必帶,,"一 7,8,9",,1 類,,1,,https://course.ntu.edu.tw/courses/114-2/43246
職能治療初階臨床實習二,毛慧芬,45534,OT3053,40930360,必帶,,"一 2,3,4",,1 類,,1,,https://course.ntu.edu.tw/courses/114-2/45534
職能治療初階臨床實習二,王湉妮,53208,OT3053,40930360,必帶,,"一 7,8,9",,1 類,,1,,https://course.ntu.edu.tw/courses/114-2/53208
職能治療初階臨床實習二,陳顥齡,14379,OT3053,40930360,必帶,,"一 2,3,4",,1 類,,1,,https://course.ntu.edu.tw/courses/114-2/14379
職能治療初階臨床實習二,李士捷,41792,OT3053,40930360,必帶,,,,1 類,,1,,https://course.ntu.edu.tw/courses/114-2/41792
社區職能治療,毛慧芬,34964,OT3054,40930740,必帶,,四 2,公職治430,2 類,,1,,https://course.ntu.edu.tw/courses/114-2/34964
社區職能治療實習,毛慧芬,35345,OT3055,40930750,必帶,,"四 3,4",公職治430,2 類,,1,,https://course.ntu.edu.tw/courses/114-2/35345
職能治療技術學,黃千瑀,43867,OT4015,40941300,必帶,,一 2,公職治431,2 類,,1,,https://course.ntu.edu.tw/courses/114-2/43867
職能治療技術學實習,黃千瑀,45829,OT4016,40941400,必帶,,"一 3,4",,2 類,,1,,https://course.ntu.edu.tw/courses/114-2/45829
團體動力學,李士捷,23022,OT4017,40941500,必帶,,"四 6,7",公職治431,2 類,,1,,https://course.ntu.edu.tw/courses/114-2/23022
職能治療理論架構與實務應用二,黃怡靜,22277,OT4018,40941600,必帶,,三 2,公職治430,2 類,,1,,https://course.ntu.edu.tw/courses/114-2/22277
職能治療理論架構與實務應用實習二,黃怡靜,24398,OT4019,40941700,必帶,,"三 3,4",公職治430,2 類,,1,,https://course.ntu.edu.tw/courses/114-2/24398
職能治療臨床實習：生理領域一,黃怡靜,19883,OT4021,40942300,必修,,,,1 類,,5,,https://course.ntu.edu.tw/courses/114-2/19883
職能治療臨床實習：生理領域二,黃怡靜,34861,OT4025,40942400,必修,,,,1 類,,5,,https://course.ntu.edu.tw/courses/114-2/34861
學士論文,毛慧芬,41114,OT4033,40940330,選修,,,,2 類,,4,,https://course.ntu.edu.tw/courses/114-2/41114
職能治療臨床實習：心理領域一,李士捷,34442,OT4034,40942500,必修,,,,1 類,,5,,https://course.ntu.edu.tw/courses/114-2/34442
職能治療臨床實習：心理領域二,李士捷,36487,OT4035,40942600,必修,,,,1 類,,5,,https://course.ntu.edu.tw/courses/114-2/36487
職能治療臨床實習：兒童領域一,陳顥齡,20232,OT4036,40942700,必修,,,,1 類,,5,,https://course.ntu.edu.tw/courses/114-2/20232
進階職能治療專題討論,毛慧芬,39490,OT5026,429U0560,必帶,,"一 10,A",公職治431,1 類,,2,,https://course.ntu.edu.tw/courses/114-2/39490
社區兒童職能治療專題,王湉妮,37243,OT5043,429U0430,選修,,"二 6,7,8",公職治422,2 類,,3,,https://course.ntu.edu.tw/courses/114-2/37243
職能治療在心理衛生與自殺防治之運用,呂淑貞,59190,OT5049,429U0450,選修,,"二 3,4",公職治431,1 類,,2,,https://course.ntu.edu.tw/courses/114-2/59190
職能治療專題研究二,毛慧芬,54842,OT5051,429U0620,選修,,,,2 類,,1,,https://course.ntu.edu.tw/courses/114-2/54842
職能治療專題研究二,陳顥齡,44308,OT5051,429U0620,選修,,,,2 類,,1,,https://course.ntu.edu.tw/courses/114-2/44308
職能治療專題研究二,黃千瑀,39243,OT5051,429U0620,選修,,,,2 類,,1,,https://course.ntu.edu.tw/courses/114-2/39243
職能治療專題研究二,王湉妮,44504,OT5051,429U0620,選修,,,,2 類,,1,,https://course.ntu.edu.tw/courses/114-2/44504
職能治療專題研究四,謝清麟,18326,OT5053,429U0640,選修,,,,2 類,,1,,https://course.ntu.edu.tw/courses/114-2/18326
職能治療專題研究四,毛慧芬,58052,OT5053,429U0640,選修,,,,2 類,,1,,https://course.ntu.edu.tw/courses/114-2/58052
職能治療專題研究四,陳顥齡,49338,OT5053,429U0640,選修,,,,2 類,,1,,https://course.ntu.edu.tw/courses/114-2/49338
職能治療專題研究四,王湉妮,47145,OT5053,429U0640,選修,,,,2 類,,1,,https://course.ntu.edu.tw/courses/114-2/47145
職能治療專題研究四,黃怡靜,32091,OT5053,429U0640,選修,,,,2 類,,1,,https://course.ntu.edu.tw/courses/114-2/32091
職能治療應用統計學,黃怡靜,24044,OT5059,429U0470,選修,,"二 2,3,4",公職治430,2 類,,3,,https://course.ntu.edu.tw/courses/114-2/24044
書寫表現之評估、治療與應用,王湉妮,49039,OT5060,429U0480,選修,,"二 3,4",,1 類,,2,,https://course.ntu.edu.tw/courses/114-2/49039
兒童青少年身心發展與家長親職技巧,蕭媺妮,55754,OT5064,429U0600,選修,,"四 8,9",公職治430,1 類,,1,,https://course.ntu.edu.tw/courses/114-2/55754
職能治療研究方法學,李士捷,56975,OT7002,429M0030,必修,,"一 2,3,4",公職治422,1 類,,3,,https://course.ntu.edu.tw/courses/114-2/56975
獨立研究二,謝清麟,31389,OT7023,429M0320,選修,,,,1 類,,1,,https://course.ntu.edu.tw/courses/114-2/31389
獨立研究二,陳顥齡,44703,OT7023,429M0320,選修,,,,1 類,,1,,https://course.ntu.edu.tw/courses/114-2/44703
獨立研究二,黃千瑀,59948,OT7023,429M0320,選修,,,,1 類,,1,,https://course.ntu.edu.tw/courses/114-2/59948
獨立研究二,王湉妮,25812,OT7023,429M0320,選修,,,,1 類,,1,,https://course.ntu.edu.tw/courses/114-2/25812
獨立研究二,黃怡靜,46781,OT7023,429M0320,選修,,,,1 類,,1,,https://course.ntu.edu.tw/courses/114-2/46781
獨立研究四,謝清麟,42213,OT7025,429M0340,選修,,,,1 類,,1,,https://course.ntu.edu.tw/courses/114-2/42213
獨立研究四,毛慧芬,49668,OT7025,429M0340,選修,,,,1 類,,1,,https://course.ntu.edu.tw/courses/114-2/49668
獨立研究四,黃千瑀,23769,OT7025,429M0340,選修,,,,1 類,,1,,https://course.ntu.edu.tw/courses/114-2/23769
獨立研究四,王湉妮,57146,OT7025,429M0340,選修,,,,1 類,,1,,https://course.ntu.edu.tw/courses/114-2/57146
獨立研究六,黃千瑀,16401,OT7027,429M0360,選修,,,,1 類,,2,,https://course.ntu.edu.tw/courses/114-2/16401
獨立研究八,黃千瑀,10409,OT7029,429M0380,選修,,,,1 類,,2,,https://course.ntu.edu.tw/courses/114-2/10409
進階獨立研究二,謝清麟,58800,OT8003,429D0220,選修,,,,1 類,,1,,https://course.ntu.edu.tw/courses/114-2/58800
進階獨立研究二,毛慧芬,32000,OT8003,429D0220,選修,,,,1 類,,1,,https://course.ntu.edu.tw/courses/114-2/32000
進階獨立研究二,黃怡靜,52723,OT8003,429D0220,選修,,,,1 類,,1,,https://course.ntu.edu.tw/courses/114-2/52723
進階獨立研究四,潘璦琬,50493,OT8005,429D0240,選修,,,,1 類,,1,,https://course.ntu.edu.tw/courses/114-2/50493
進階獨立研究四,蔡麗婷,24503,OT8005,429D0240,選修,,,,1 類,,1,,https://course.ntu.edu.tw/courses/114-2/24503
進階獨立研究四,黃怡靜,33521,OT8005,429D0240,選修,,,,1 類,,1,,https://course.ntu.edu.tw/courses/114-2/33521
進階獨立研究六,潘璦琬,58582,OT8007,429D0260,選修,,,,1 類,,2,,https://course.ntu.edu.tw/courses/114-2/58582
進階獨立研究六,毛慧芬,48265,OT8007,429D0260,選修,,,,1 類,,2,,https://course.ntu.edu.tw/courses/114-2/48265
進階獨立研究六,陳顥齡,45034,OT8007,429D0260,選修,,,,1 類,,2,,https://course.ntu.edu.tw/courses/114-2/45034
進階獨立研究六,王湉妮,17107,OT8007,429D0260,選修,,,,1 類,,2,,https://course.ntu.edu.tw/courses/114-2/17107
進階獨立研究六,黃怡靜,26372,OT8007,429D0260,選修,,,,1 類,,2,,https://course.ntu.edu.tw/courses/114-2/26372
進階獨立研究六,李士捷,55820,OT8007,429D0260,選修,,,,1 類,,2,,https://course.ntu.edu.tw/courses/114-2/55820
進階獨立研究八,林克忠,54066,OT8008,429D0280,選修,,,,1 類,,2,,https://course.ntu.edu.tw/courses/114-2/54066
進階獨立研究八,陳顥齡,23686,OT8008,429D0280,選修,,,,1 類,,2,,https://course.ntu.edu.tw/courses/114-2/23686
進階獨立研究八,王湉妮,53052,OT8008,429D0280,選修,,,,1 類,,2,,https://course.ntu.edu.tw/courses/114-2/53052
職能治療科學寫作,謝清麟,40622,OT8009,429D0310,選修,,"四 9,10",公職治422,2 類,,2,,https://course.ntu.edu.tw/courses/114-2/40622
進階科學論文評析與寫作,謝清麟,54353,OT8011,429D0110,選修,,,,1 類,,2,,https://course.ntu.edu.tw/courses/114-2/54353
進階科學論文評析與寫作,黃千瑀,17202,OT8011,429D0110,選修,,,,1 類,,2,,https://course.ntu.edu.tw/courses/114-2/17202
進階科學論文評析與寫作,王湉妮,50193,OT8011,429D0110,選修,,,,1 類,,2,,https://course.ntu.edu.tw/courses/114-2/50193
教學原理與實務,謝清麟,41239,OT8012,429D0120,選修,,,,1 類,,1,,https://course.ntu.edu.tw/courses/114-2/41239
教學原理與實務,毛慧芬,28236,OT8012,429D0120,選修,,,,1 類,,1,,https://course.ntu.edu.tw/courses/114-2/28236
博士論文,毛慧芬,12790,OT8999,429D0010,必修,,,,1 類,,0,,https://course.ntu.edu.tw/courses/114-2/12790
實驗病理學,黃佩欣,38965,Pathol5003,444U1220,必帶,,"四 3,4",病理03-80,1 類,,2,,https://course.ntu.edu.tw/courses/114-2/38965
專題討論,黃佩欣,43775,Pathol7001,444M0030,必修,,一 3,病理03-80,1 類,,1,,https://course.ntu.edu.tw/courses/114-2/43775
分子病理學專題討論,黃佩欣,42514,Pathol7006,444M1300,必修,,一 4,病理03-80,1 類,,1,,https://course.ntu.edu.tw/courses/114-2/42514
病理切片及染色實習,黃佩欣,11793,Pathol7010,444M1160,必修,,,,1 類,,4,,https://course.ntu.edu.tw/courses/114-2/11793
分子病理實習,黃佩欣,30622,Pathol7011,444M1170,選修,,,,1 類,,4,,https://course.ntu.edu.tw/courses/114-2/30622
病理檢體處理實習,黃佩欣,34494,Pathol7012,444M1180,必修,,,,1 類,,4,,https://course.ntu.edu.tw/courses/114-2/34494
碩士論文,黃佩欣,20434,Pathol7999,444M0010,必修,,,,1 類,,0,,https://course.ntu.edu.tw/courses/114-2/20434
專題討論,黃佩欣,44076,Pathol8001,444D0030,必修,,一 3,,1 類,,1,,https://course.ntu.edu.tw/courses/114-2/44076
博士論文,黃佩欣,32426,Pathol8999,444D0010,必修,,,,1 類,,0,,https://course.ntu.edu.tw/courses/114-2/32426
適應體育(肢體班),胡林煥,97004,PE1005,00250090,必修,,"一 6,7",綜館B109,2 類,,1,,https://course.ntu.edu.tw/courses/114-2/97004
適應體育(生理班),黃英哲,97003,PE1007,00250080,必修,,"五 6,7",綜館柔道室,2 類,,1,,https://course.ntu.edu.tw/courses/114-2/97003
體適能(一),蔡秀華,97001,PE2003,00250020,必修,,"一 6,7",綜館舞蹈室,2 類,,1,,https://course.ntu.edu.tw/courses/114-2/97001
體適能(一),蔡秀華,97002,PE2003,00250020,必修,,"二 6,7",綜館舞蹈室,2 類,,1,,https://course.ntu.edu.tw/courses/114-2/97002
土風舞,魏豐閔,97005,PE2025,00250260,必修,,"五 8,9",綜館韻律室,2 類,,1,,https://course.ntu.edu.tw/courses/114-2/97005
現代舞,李文心,97006,PE2028,00250290,必修,,"三 6,7",綜館韻律室,2 類,,1,,https://course.ntu.edu.tw/courses/114-2/97006
太極劍,游添燈,97007,PE2034,00250370,必修,,"三 6,7",綜館技擊AB,2 類,,1,,https://course.ntu.edu.tw/courses/114-2/97007
太極拳初級,游添燈,97008,PE2036,00250390,必修,,"一 6,7",綜館技擊AB,2 類,,1,,https://course.ntu.edu.tw/courses/114-2/97008
太極拳初級,游添燈,97009,PE2036,00250390,必修,,"二 6,7",綜館技擊AB,2 類,,1,,https://course.ntu.edu.tw/courses/114-2/97009
太極拳初級,游添燈,97010,PE2036,00250390,必修,,"二 8,9",綜館技擊AB,2 類,,1,,https://course.ntu.edu.tw/courses/114-2/97010
太極拳初級,施登堯,97011,PE2036,00250390,必修,,"三 1,2",綜館技擊AB,2 類,,1,,https://course.ntu.edu.tw/courses/114-2/97011
太極拳初級,施登堯,97012,PE2036,00250390,必修,,"三 3,4",綜館技擊AB,2 類,,1,,https://course.ntu.edu.tw/courses/114-2/97012
太極拳中級,游添燈,97013,PE2037,00250400,必修,,"一 8,9",綜館技擊AB,2 類,,1,,https://course.ntu.edu.tw/courses/114-2/97013
柔道初級,黃國恩,97014,PE2041,00250440,必修,,"二 1,2",綜館柔道室,2 類,,1,,https://course.ntu.edu.tw/courses/114-2/97014
柔道初級,黃國恩,97015,PE2041,00250440,必修,,"三 1,2",綜館柔道室,2 類,,1,,https://course.ntu.edu.tw/courses/114-2/97015
柔道初級,黃國恩,97016,PE2041,00250440,必修,,"三 3,4",綜館柔道室,2 類,,1,,https://course.ntu.edu.tw/courses/114-2/97016
柔道初級,蘇玫尹,97017,PE2041,00250440,必修,,"一 6,7",綜館柔道室,2 類,,1,,https://course.ntu.edu.tw/courses/114-2/97017
柔道初級,蘇玫尹,97018,PE2041,00250440,必修,,"二 6,7",綜館柔道室,2 類,,1,,https://course.ntu.edu.tw/courses/114-2/97018
手球初級,許君恆,97021,PE2050,00250580,必修,,"二 6,7",人工草皮球場,2 類,,1,,https://course.ntu.edu.tw/courses/114-2/97021
手球初級,許君恆,97022,PE2050,00250580,必修,,"三 6,7",人工草皮球場,2 類,,1,,https://course.ntu.edu.tw/courses/114-2/97022
女手球校隊,許君恆,97023,PE2051,00250590,選修,,"一 A,B,C,D / 三 A,B,C,D",,2 類,,1,,https://course.ntu.edu.tw/courses/114-2/97023
男手球校隊,黃欽永,97024,PE2052,00250600,選修,,"一 A,B,C,D / 三 A,B,C,D",舊館羽球場/綜館多功能,2 類,,1,,https://course.ntu.edu.tw/courses/114-2/97024
游泳初級,林謙如,97025,PE2053,00250630,必修,,"二 8,9",綜館游泳池,2 類,,1,,https://course.ntu.edu.tw/courses/114-2/97025
游泳初級,吳明翰,97026,PE2053,00250630,必修,,"四 3,4",綜館游泳池,2 類,,1,,https://course.ntu.edu.tw/courses/114-2/97026
游泳初級,吳明翰,97027,PE2053,00250630,必修,,"五 3,4",綜館游泳池,2 類,,1,,https://course.ntu.edu.tw/courses/114-2/97027
游泳初級,陳逸杰,97031,PE2053,00250630,必修,,"二 1,2",綜館游泳池,2 類,,1,,https://course.ntu.edu.tw/courses/114-2/97031
游泳初級,黃渼茜,97032,PE2053,00250630,必修,,"三 1,2",綜館游泳池,2 類,,1,,https://course.ntu.edu.tw/courses/114-2/97032
游泳初級,黃渼茜,97033,PE2053,00250630,必修,,"四 6,7",綜館游泳池,2 類,,1,,https://course.ntu.edu.tw/courses/114-2/97033
游泳中級,林謙如,97034,PE2054,00250640,必修,,"二 6,7",綜館游泳池,2 類,,1,,https://course.ntu.edu.tw/courses/114-2/97034
游泳中級,林謙如,97035,PE2054,00250640,必修,,"三 8,9",綜館游泳池,2 類,,1,,https://course.ntu.edu.tw/courses/114-2/97035
游泳中級,林謙如,97036,PE2054,00250640,必修,,"五 6,7",綜館游泳池,2 類,,1,,https://course.ntu.edu.tw/courses/114-2/97036
游泳中級,黃渼茜,97037,PE2054,00250640,必修,,"三 3,4",綜館游泳池,2 類,,1,,https://course.ntu.edu.tw/courses/114-2/97037
游泳中級,黃渼茜,97038,PE2054,00250640,必修,,"四 8,9",綜館游泳池,2 類,,1,,https://course.ntu.edu.tw/courses/114-2/97038
水球,黃英哲,97039,PE2055,00250650,必修,,"五 8,9",綜館游泳池,2 類,,1,,https://course.ntu.edu.tw/courses/114-2/97039
女游泳校隊,黃渼茜,97040,PE2058,00250680,選修,,"二 10,A,B / 四 10,A,B / 六 10,A,B",戶外游泳池,2 類,,1,,https://course.ntu.edu.tw/courses/114-2/97040
男游泳校隊,林謙如,97041,PE2059,00250690,選修,,"一 10,A,B / 三 10,A,B / 五 10,A,B",戶外游泳池,2 類,,1,,https://course.ntu.edu.tw/courses/114-2/97041
田徑與慢跑,梁澤敬,97042,PE2061,00250730,必修,,"一 6,7",田徑場,2 類,,1,,https://course.ntu.edu.tw/courses/114-2/97042
田徑與慢跑,梁澤敬,97043,PE2061,00250730,必修,,"一 8,9",田徑場,2 類,,1,,https://course.ntu.edu.tw/courses/114-2/97043
田徑與慢跑,梁澤敬,97044,PE2061,00250730,必修,,"四 6,7",田徑場,2 類,,1,,https://course.ntu.edu.tw/courses/114-2/97044
田徑與慢跑,梁澤敬,97045,PE2061,00250730,必修,,"五 8,9",田徑場,2 類,,1,,https://course.ntu.edu.tw/courses/114-2/97045
女田徑校隊,梁澤敬,97046,PE2062,00250740,選修,,"一 A,B / 四 A,B",,2 類,,1,,https://course.ntu.edu.tw/courses/114-2/97046
男田徑校隊,梁澤敬,97047,PE2063,00250750,選修,,"一 A,B,C / 二 A,B,C / 四 A,B,C",田徑場,2 類,,1,,https://course.ntu.edu.tw/courses/114-2/97047
羽球初級,黃欽永,97048,PE2064,00250780,必修,,"一 6,7",舊館羽球場,2 類,,1,,https://course.ntu.edu.tw/courses/114-2/97048
羽球初級,黃欽永,97049,PE2064,00250780,必修,,"三 6,7",綜館多功能,2 類,,1,,https://course.ntu.edu.tw/courses/114-2/97049
羽球初級,黃欽永,97050,PE2064,00250780,必修,,"三 8,9",綜館多功能,2 類,,1,,https://course.ntu.edu.tw/courses/114-2/97050
羽球初級,黃國恩,97051,PE2064,00250780,必修,,"一 1,2",(醫)館1F,2 類,,1,,https://course.ntu.edu.tw/courses/114-2/97051
羽球初級,黃國恩,97052,PE2064,00250780,必修,,"一 3,4",(醫)館1F,2 類,,1,,https://course.ntu.edu.tw/courses/114-2/97052
羽球初級,連家瑩,97053,PE2064,00250780,必修,,"三 1,2",綜館多功能,2 類,,1,,https://course.ntu.edu.tw/courses/114-2/97053
羽球初級,連家瑩,97054,PE2064,00250780,必修,,"三 3,4",綜館多功能,2 類,,1,,https://course.ntu.edu.tw/courses/114-2/97054
羽球初級,呂碧琴,97055,PE2064,00250780,必修,,"一 1,2",舊館羽球場,2 類,,1,,https://course.ntu.edu.tw/courses/114-2/97055
羽球初級,呂碧琴,97056,PE2064,00250780,必修,,"一 3,4",舊館羽球場,2 類,,1,,https://course.ntu.edu.tw/courses/114-2/97056
羽球初級,呂碧琴,97057,PE2064,00250780,必修,,"二 1,2",舊館羽球場,2 類,,1,,https://course.ntu.edu.tw/courses/114-2/97057
羽球初級,洪巧菱,97058,PE2064,00250780,必修,,"四 6,7",(醫)館1F,2 類,,1,,https://course.ntu.edu.tw/courses/114-2/97058
羽球初級,李文心,97061,PE2064,00250780,必修,,"二 8,9",(醫)館1F,2 類,,1,,https://course.ntu.edu.tw/courses/114-2/97061
羽球初級,李文心,97062,PE2064,00250780,必修,,"四 6,7",綜館多功能,2 類,,1,,https://course.ntu.edu.tw/courses/114-2/97062
羽球初級,李文心,97063,PE2064,00250780,必修,,"四 8,9",綜館多功能,2 類,,1,,https://course.ntu.edu.tw/courses/114-2/97063
羽球初級,李坤培,97064,PE2064,00250780,必修,,"一 1,2",綜館多功能,2 類,,1,,https://course.ntu.edu.tw/courses/114-2/97064
羽球初級,李坤培,97065,PE2064,00250780,必修,,"一 3,4",綜館多功能,2 類,,1,,https://course.ntu.edu.tw/courses/114-2/97065
羽球中級,陳志一,97066,PE2065,00250790,必修,,"一 8,9",綜館多功能,2 類,,1,,https://course.ntu.edu.tw/courses/114-2/97066
羽球中級,陳志一,97067,PE2065,00250790,必修,,"二 6,7",綜館多功能,2 類,,1,,https://course.ntu.edu.tw/courses/114-2/97067
羽球中級,陳志一,97068,PE2065,00250790,必修,,"二 8,9",綜館多功能,2 類,,1,,https://course.ntu.edu.tw/courses/114-2/97068
羽球中級,連家瑩,97069,PE2065,00250790,必修,,"四 1,2",綜館多功能,2 類,,1,,https://course.ntu.edu.tw/courses/114-2/97069
女羽球校隊,連家瑩,97070,PE2068,00250820,選修,,"二 A,B,C,D / 四 A,B,C,D",,2 類,,1,,https://course.ntu.edu.tw/courses/114-2/97070
男羽球校隊,陳志一,97071,PE2069,00250830,選修,,"二 A,B,C,D / 四 A,B,C,D",綜館多功能/舊館羽球場,2 類,,1,,https://course.ntu.edu.tw/courses/114-2/97071
足球初級,楊裕隆,97072,PE2071,00250860,必修,,"二 8,9",足球場,2 類,,1,,https://course.ntu.edu.tw/courses/114-2/97072
足球初級,楊裕隆,97073,PE2071,00250860,必修,,"四 8,9",足球場,2 類,,1,,https://course.ntu.edu.tw/courses/114-2/97073
足球中級,楊裕隆,97074,PE2072,00250870,必修,,"三 8,9",足球場,2 類,,1,,https://course.ntu.edu.tw/courses/114-2/97074
桌球初級,林信甫,97075,PE2074,00250900,必修,,"一 3,4",綜館桌球室,2 類,,1,,https://course.ntu.edu.tw/courses/114-2/97075
桌球初級,林信甫,97076,PE2074,00250900,必修,,"二 3,4",綜館桌球室,2 類,,1,,https://course.ntu.edu.tw/courses/114-2/97076
桌球初級,呂宛蓁,97077,PE2074,00250900,必修,,"三 6,7",綜館桌球室,2 類,,1,,https://course.ntu.edu.tw/courses/114-2/97077
桌球初級,呂宛蓁,97078,PE2074,00250900,必修,,"三 8,9",綜館桌球室,2 類,,1,,https://course.ntu.edu.tw/courses/114-2/97078
桌球初級,陳逸杰,97079,PE2074,00250900,必修,,"三 1,2",綜館桌球室,2 類,,1,,https://course.ntu.edu.tw/courses/114-2/97079
桌球初級,陳逸杰,97080,PE2074,00250900,必修,,"三 3,4",綜館桌球室,2 類,,1,,https://course.ntu.edu.tw/courses/114-2/97080
桌球初級,王傑賢,97081,PE2074,00250900,必修,,"二 6,7",綜館桌球室,2 類,,1,,https://course.ntu.edu.tw/courses/114-2/97081
桌球初級,陳竑廷,97082,PE2074,00250900,必修,,"四 6,7",綜館桌球室,2 類,,1,,https://course.ntu.edu.tw/courses/114-2/97082
桌球初級,陳竑廷,97083,PE2074,00250900,必修,,"四 8,9",綜館桌球室,2 類,,1,,https://course.ntu.edu.tw/courses/114-2/97083
桌球中級,陳逸杰,97084,PE2075,00250910,必修,,"四 1,2",綜館桌球室,2 類,,1,,https://course.ntu.edu.tw/courses/114-2/97084
桌球中級,陳逸杰,97085,PE2075,00250910,必修,,"四 3,4",綜館桌球室,2 類,,1,,https://course.ntu.edu.tw/courses/114-2/97085
桌球中級,陳逸杰,97086,PE2075,00250910,必修,,"五 3,4",綜館桌球室,2 類,,1,,https://course.ntu.edu.tw/courses/114-2/97086
桌球中級,王傑賢,97087,PE2075,00250910,必修,,"二 8,9",綜館桌球室,2 類,,1,,https://course.ntu.edu.tw/courses/114-2/97087
女桌球校隊,陳逸杰,97088,PE2077,00250930,選修,,"一 A,B,C / 四 A,B,C",,2 類,,1,,https://course.ntu.edu.tw/courses/114-2/97088
排球初級,呂宛蓁,97091,PE2080,00250960,必修,,"一 6,7",(醫)館1F,2 類,,1,,https://course.ntu.edu.tw/courses/114-2/97091
排球初級,呂宛蓁,97092,PE2080,00250960,必修,,"一 8,9",(醫)館1F,2 類,,1,,https://course.ntu.edu.tw/courses/114-2/97092
排球初級,胡林煥,97093,PE2080,00250960,必修,,"一 8,9",排球場,2 類,,1,,https://course.ntu.edu.tw/courses/114-2/97093
排球初級,胡林煥,97094,PE2080,00250960,必修,,"三 6,7",(醫)館1F,2 類,,1,,https://course.ntu.edu.tw/courses/114-2/97094
排球初級,胡林煥,97095,PE2080,00250960,必修,,"二 3,4",排球場,2 類,,1,,https://course.ntu.edu.tw/courses/114-2/97095
排球中級,胡林煥,97096,PE2081,00250970,必修,,"三 8,9",(醫)館1F,2 類,,1,,https://course.ntu.edu.tw/courses/114-2/97096
女排球校隊,呂宛蓁,97097,PE2082,00250980,選修,,"一 A,B,C,D / 三 A,B,C,D",,2 類,,1,,https://course.ntu.edu.tw/courses/114-2/97097
男排球校隊,胡林煥,97098,PE2083,00250990,選修,,"一 A,B,C,D / 三 A,B,C,D",綜館多功能/舊館羽球場,2 類,,1,,https://course.ntu.edu.tw/courses/114-2/97098
籃球初級,曾郁嫻,97099,PE2084,00251010,必修,,"二 1,2",中央籃球場,2 類,,1,,https://course.ntu.edu.tw/courses/114-2/97099
籃球初級,林聯喜,97100,PE2084,00251010,必修,,"一 1,2",中央籃球場,2 類,,1,,https://course.ntu.edu.tw/courses/114-2/97100
籃球初級,林聯喜,97101,PE2084,00251010,必修,,"一 3,4",中央籃球場,2 類,,1,,https://course.ntu.edu.tw/courses/114-2/97101
籃球初級,魏均珩,97102,PE2084,00251010,必修,,"三 1,2",中央籃球場,2 類,,1,,https://course.ntu.edu.tw/courses/114-2/97102
籃球初級,魏均珩,97103,PE2084,00251010,必修,,"三 3,4",中央籃球場,2 類,,1,,https://course.ntu.edu.tw/courses/114-2/97103
籃球初級,李永祥,97104,PE2084,00251010,必修,,"一 6,7",中央籃球場,2 類,,1,,https://course.ntu.edu.tw/courses/114-2/97104
籃球初級,李永祥,97105,PE2084,00251010,必修,,"一 8,9",中央籃球場,2 類,,1,,https://course.ntu.edu.tw/courses/114-2/97105
籃球初級,蔡宗儒,97106,PE2084,00251010,必修,,"二 6,7",中央籃球場,2 類,,1,,https://course.ntu.edu.tw/courses/114-2/97106
籃球初級,蔡宗儒,97107,PE2084,00251010,必修,,"二 8,9",中央籃球場,2 類,,1,,https://course.ntu.edu.tw/courses/114-2/97107
籃球中級,曾郁嫻,97108,PE2085,00251020,必修,,"二 3,4",舊館羽球場,2 類,,1,,https://course.ntu.edu.tw/courses/114-2/97108
女籃球校隊,曾郁嫻,97109,PE2086,00251030,選修,,"二 10,A,B / 四 C,D / 六 1,2,3,4",舊館羽球場/綜館多功能/新生籃球場,2 類,,1,,https://course.ntu.edu.tw/courses/114-2/97109
男籃球校隊,林聯喜,97110,PE2087,00251040,選修,,"二 C,D / 四 A,B",舊館羽球場/綜館多功能,2 類,,1,,https://course.ntu.edu.tw/courses/114-2/97110
高爾夫初級,康正男,97111,PE2088,00251060,必修,,"一 3,4",高爾夫球場,2 類,,1,,https://course.ntu.edu.tw/courses/114-2/97111
高爾夫初級,簡坤鐘,97112,PE2088,00251060,必修,,"二 6,7",高爾夫球場,2 類,,1,,https://course.ntu.edu.tw/courses/114-2/97112
高爾夫初級,簡坤鐘,97113,PE2088,00251060,必修,,"二 8,9",高爾夫球場,2 類,,1,,https://course.ntu.edu.tw/courses/114-2/97113
高爾夫校隊,洪巧菱,97114,PE2091,00251090,選修,,"六 0,1,2,3",,2 類,,1,,https://course.ntu.edu.tw/courses/114-2/97114
女壘球校隊,呂碧琴,97115,PE2095,00251150,選修,,"六 6,7,8,9,10",棒壘球場,2 類,,1,,https://course.ntu.edu.tw/courses/114-2/97115
男壘球校隊,康正男,97116,PE2096,00251160,選修,,"六 1,2,3,4",棒壘球場,2 類,,1,,https://course.ntu.edu.tw/courses/114-2/97116
棒球初級,康正男,97117,PE2097,00251180,必修,,"一 1,2",棒壘球場,2 類,,1,,https://course.ntu.edu.tw/courses/114-2/97117
棒球初級,呂祐華,97118,PE2097,00251180,必修,,"五 1,2",棒壘球場,2 類,,1,,https://course.ntu.edu.tw/courses/114-2/97118
棒球中級,呂祐華,97121,PE2098,00251190,必修,,"四 3,4",棒壘球場,2 類,,1,,https://course.ntu.edu.tw/courses/114-2/97121
棒球校隊,呂祐華,97122,PE2099,00251200,選修,,"六 1,2,3,4",,2 類,,1,,https://course.ntu.edu.tw/courses/114-2/97122
女軟網校隊,莊泰源,97123,PE2100,00251240,選修,,"二 A,B,C,D / 四 A,B,C,D / 六 6,7,8,9",網球345678,2 類,,1,,https://course.ntu.edu.tw/courses/114-2/97123
男軟網校隊,莊泰源,97124,PE2101,00251250,選修,,"二 A,B,C,D / 四 A,B,C,D / 六 6,7,8,9",網球123456,2 類,,1,,https://course.ntu.edu.tw/courses/114-2/97124
網球初級,連玉輝,97125,PE2102,00251260,必修,,"一 6,7",網球345678,2 類,,1,,https://course.ntu.edu.tw/courses/114-2/97125
網球初級,連玉輝,97126,PE2102,00251260,必修,,"三 3,4",(醫)網球場,2 類,,1,,https://course.ntu.edu.tw/courses/114-2/97126
網球初級,趙曉涵,97127,PE2102,00251260,必修,,"三 6,7",網球345678,2 類,,1,,https://course.ntu.edu.tw/courses/114-2/97127
網球初級,趙曉涵,97128,PE2102,00251260,必修,,"三 8,9",網球345678,2 類,,1,,https://course.ntu.edu.tw/courses/114-2/97128
網球初級,趙曉涵,97129,PE2102,00251260,必修,,"五 6,7",網球345678,2 類,,1,,https://course.ntu.edu.tw/courses/114-2/97129
網球中級(一),趙曉涵,97130,PE2103,00251270,必修,,"五 8,9",網球345678,2 類,,1,,https://course.ntu.edu.tw/courses/114-2/97130
女網球校隊,趙曉涵,97131,PE2105,00251290,選修,,"三 B,C,D / 五 10,A,B,C,D",網球123456,2 類,,1,,https://course.ntu.edu.tw/courses/114-2/97131
男網球校隊,連玉輝,97132,PE2106,00251300,選修,,"三 B,C,D / 五 10,A,B,C,D",網球345678,2 類,,1,,https://course.ntu.edu.tw/courses/114-2/97132
橄欖球,林威名,97133,PE2109,00251330,必修,,"一 6,7",橄欖球場,2 類,,1,,https://course.ntu.edu.tw/courses/114-2/97133
橄欖球,林威名,97134,PE2109,00251330,必修,,"一 8,9",橄欖球場,2 類,,1,,https://course.ntu.edu.tw/courses/114-2/97134
橄欖球,林威名,97135,PE2109,00251330,必修,,"三 1,2",橄欖球場,2 類,,1,,https://course.ntu.edu.tw/courses/114-2/97135
橄欖球,林威名,97136,PE2109,00251330,必修,,"三 3,4",橄欖球場,2 類,,1,,https://course.ntu.edu.tw/courses/114-2/97136
橄欖球校隊,林威名,97137,PE2110,00251340,選修,,"六 6,7,8,9",足球場,2 類,,1,,https://course.ntu.edu.tw/courses/114-2/97137
保齡球,洪巧菱,97138,PE2111,00251360,必修,,"三 8,9",,2 類,,1,,https://course.ntu.edu.tw/courses/114-2/97138
瑜珈,呂碧琴,97139,PE2112,00251370,必修,,"二 3,4",綜館韻律室,2 類,,1,,https://course.ntu.edu.tw/courses/114-2/97139
瑜珈,呂碧琴,97140,PE2112,00251370,必修,,"三 3,4",綜館舞蹈室,2 類,,1,,https://course.ntu.edu.tw/courses/114-2/97140
瑜珈,蘇玫尹,97141,PE2112,00251370,必修,,"一 3,4",綜館韻律室,2 類,,1,,https://course.ntu.edu.tw/courses/114-2/97141
瑜珈,蘇玫尹,97142,PE2112,00251370,必修,,"三 1,2",綜館韻律室,2 類,,1,,https://course.ntu.edu.tw/courses/114-2/97142
瑜珈,蘇玫尹,97143,PE2112,00251370,必修,,"三 3,4",綜館韻律室,2 類,,1,,https://course.ntu.edu.tw/courses/114-2/97143
瑜珈,黃渼茜,97144,PE2112,00251370,必修,,"一 6,7",綜館韻律室,2 類,,1,,https://course.ntu.edu.tw/courses/114-2/97144
瑜珈,黃渼茜,97145,PE2112,00251370,必修,,"一 8,9",綜館韻律室,2 類,,1,,https://course.ntu.edu.tw/courses/114-2/97145
擊劍校隊,呂祐華,97146,PE2118,00251460,選修,,"三 A,B,C,D / 五 A,B,C,D / 六 2,3,4,6",綜館舞蹈室,2 類,,1,,https://course.ntu.edu.tw/courses/114-2/97146
劍道校隊,李文心,97147,PE2119,00251470,選修,,"一 A,B,C,D / 五 A,B,C,D",綜館技擊AB,2 類,,1,,https://course.ntu.edu.tw/courses/114-2/97147
國術校隊,游添燈,97148,PE2121,00251490,選修,,"一 A,B,C / 四 A,B,C / 六 7,8,9",舊館韻律房/綜館柔道室/綜館柔道室,2 類,,1,,https://course.ntu.edu.tw/courses/114-2/97148
重量訓練,蔡秀華,97151,PE2124,00251520,必修,,"一 3,4",綜館舞蹈室,2 類,,1,,https://course.ntu.edu.tw/courses/114-2/97151
重量訓練,林威名,97152,PE2124,00251520,必修,,"四 1,2",綜館重訓室,2 類,,1,,https://course.ntu.edu.tw/courses/114-2/97152
重量訓練,林威名,97153,PE2124,00251520,必修,,"五 1,2",綜館重訓室,2 類,,1,,https://course.ntu.edu.tw/courses/114-2/97153
重量訓練,梁澤敬,97154,PE2124,00251520,必修,,"四 3,4",綜館舞蹈室,2 類,,1,,https://course.ntu.edu.tw/courses/114-2/97154
重量訓練,梁澤敬,97155,PE2124,00251520,必修,,"五 6,7",綜館舞蹈室,2 類,,1,,https://course.ntu.edu.tw/courses/114-2/97155
有氧+塑身,林謙如,97156,PE2136,00251670,必修,,"三 6,7",綜館舞蹈室,2 類,,1,,https://course.ntu.edu.tw/courses/114-2/97156
有氧+塑身,林謙如,97157,PE2136,00251670,必修,,"五 3,4",綜館舞蹈室,2 類,,1,,https://course.ntu.edu.tw/courses/114-2/97157
跆拳道初級,吳明翰,97158,PE2138,00251690,必修,,"三 6,7",綜館柔道室,2 類,,1,,https://course.ntu.edu.tw/courses/114-2/97158
跆拳道初級,吳明翰,97159,PE2138,00251690,必修,,"三 8,9",綜館柔道室,2 類,,1,,https://course.ntu.edu.tw/courses/114-2/97159
跆拳道初級,吳明翰,97160,PE2138,00251690,必修,,"四 6,7",綜館柔道室,2 類,,1,,https://course.ntu.edu.tw/courses/114-2/97160
跆拳道初級,吳明翰,97161,PE2138,00251690,必修,,"五 8,9",綜館柔道室,2 類,,1,,https://course.ntu.edu.tw/courses/114-2/97161
跆拳道初級,陳君鳳,97162,PE2138,00251690,必修,,"四 1,2",綜館柔道室,2 類,,1,,https://course.ntu.edu.tw/courses/114-2/97162
跆拳道初級,陳君鳳,97163,PE2138,00251690,必修,,"四 3,4",綜館柔道室,2 類,,1,,https://course.ntu.edu.tw/courses/114-2/97163
軟網中級,莊泰源,97164,PE2139,00251700,必修,,"一 3,4",網球345678,2 類,,1,,https://course.ntu.edu.tw/courses/114-2/97164
室內五人制足球初級,楊裕隆,97165,PE2142,00251730,必修,,"二 6,7",舊館羽球場,2 類,,1,,https://course.ntu.edu.tw/courses/114-2/97165
室內五人制足球初級,楊裕隆,97166,PE2142,00251730,必修,,"三 6,7",舊館羽球場,2 類,,1,,https://course.ntu.edu.tw/courses/114-2/97166
室內五人制足球中級,楊裕隆,97167,PE2143,00251740,必修,,"四 6,7",舊館羽球場,2 類,,1,,https://course.ntu.edu.tw/courses/114-2/97167
塑身皮拉提斯,郭育瑄,97168,PE2147,00251780,必修,,"五 1,2",綜館韻律室,2 類,,1,,https://course.ntu.edu.tw/courses/114-2/97168
塑身皮拉提斯,郭育瑄,97169,PE2147,00251780,必修,,"五 3,4",綜館韻律室,2 類,,1,,https://course.ntu.edu.tw/courses/114-2/97169
射箭初級,魏均珩,97183,PE2148,00251960,必修,,"二 1,2",舊館柔道房,2 類,,1,,https://course.ntu.edu.tw/courses/114-2/97183
射箭初級,魏均珩,97184,PE2148,00251960,必修,,"二 3,4",舊館柔道房,2 類,,1,,https://course.ntu.edu.tw/courses/114-2/97184
射箭初級,魏均珩,97185,PE2148,00251960,必修,,"四 1,2",舊館柔道房,2 類,,1,,https://course.ntu.edu.tw/courses/114-2/97185
射箭初級,魏均珩,97186,PE2148,00251960,必修,,"四 3,4",舊館柔道房,2 類,,1,,https://course.ntu.edu.tw/courses/114-2/97186
匹克球初級,莊泰源,97187,PE2149,00251970,必修,,"一 1,2",綜館桌球室,2 類,,1,,https://course.ntu.edu.tw/courses/114-2/97187
匹克球初級,莊泰源,97188,PE2149,00251970,必修,,"二 1,2",綜館多功能,2 類,,1,,https://course.ntu.edu.tw/courses/114-2/97188
匹克球初級,莊泰源,97189,PE2149,00251970,必修,,"二 3,4",綜館多功能,2 類,,1,,https://course.ntu.edu.tw/courses/114-2/97189
匹克球初級,趙曉涵,97190,PE2149,00251970,必修,,"四 1,2",舊館羽球場,2 類,,1,,https://course.ntu.edu.tw/courses/114-2/97190
匹克球初級,趙曉涵,97191,PE2149,00251970,必修,,"四 3,4",舊館羽球場,2 類,,1,,https://course.ntu.edu.tw/courses/114-2/97191
手球中級,黃欽永,97019,PE5002,00250570,必修,,"一 8,9",舊館羽球場,2 類,,1,,https://course.ntu.edu.tw/courses/114-2/97019
手球中級,許君恆,97020,PE5002,00250570,必修,,"三 3,4",舊館羽球場,2 類,,1,,https://course.ntu.edu.tw/courses/114-2/97020
壁球中級,林聯喜,97172,PE5006,00251820,必修,,"四 8,9",綜館壁球室,2 類,,1,,https://course.ntu.edu.tw/courses/114-2/97172
男子跆拳校隊,吳明翰,97173,PE5008,00251840,選修,,"二 A,B,C,D / 五 A,B,C,D",,2 類,,1,,https://course.ntu.edu.tw/courses/114-2/97173
女子跆拳校隊,吳明翰,97174,PE5009,00251850,選修,,"二 A,B,C,D / 五 A,B,C,D",綜館柔道室,2 類,,1,,https://course.ntu.edu.tw/courses/114-2/97174
男子柔道校隊,黃國恩,97175,PE5010,00251860,選修,,"一 A,B,C,D / 三 A,B,C,D",綜館柔道室,2 類,,1,,https://course.ntu.edu.tw/courses/114-2/97175
女子柔道校隊,蘇玫尹,97176,PE5011,00251870,選修,,"一 A,B,C,D / 三 A,B,C,D",,2 類,,1,,https://course.ntu.edu.tw/courses/114-2/97176
定向越野,莊珮琪,97177,PE5014,00251900,必修,,"三 6,7",綜體前廣場,2 類,,1,,https://course.ntu.edu.tw/courses/114-2/97177
定向越野,莊珮琪,97178,PE5014,00251900,必修,,"三 8,9",綜體前廣場,2 類,,1,,https://course.ntu.edu.tw/courses/114-2/97178
定向越野,莊珮琪,97179,PE5014,00251900,必修,,"四 1,2",綜體前廣場,2 類,,1,,https://course.ntu.edu.tw/courses/114-2/97179
定向越野,莊珮琪,97180,PE5014,00251900,必修,,"四 3,4",綜體前廣場,2 類,,1,,https://course.ntu.edu.tw/courses/114-2/97180
運動體能訓練,呂祐華,97181,PE5018,00251940,必修,,"三 1,2",綜館舞蹈室,2 類,,1,,https://course.ntu.edu.tw/courses/114-2/97181
足球校隊,楊裕隆,97182,PE5019,00251950,選修,,"二 A,B,C,D / 三 A,B,C,D / 五 A,B,C,D / 六 1,2,3,4",人工草皮球場/人工草皮球場/人工草皮球場/足球場,2 類,,1,,https://course.ntu.edu.tw/courses/114-2/97182
氣功(選修體育),黃欽永,97192,PE7002,00270520,選修,,"二 3,4",綜館柔道室,2 類,,1,,https://course.ntu.edu.tw/courses/114-2/97192
運動與體重管理（選修體育）,蔡秀華,97194,PE7005,00271390,選修,,"二 3,4",綜館舞蹈室,2 類,,1,,https://course.ntu.edu.tw/courses/114-2/97194
羽球中級（選修體育）,陳志一,97193,PE7007,00270790,選修,,"一 6,7",綜館多功能,2 類,,1,,https://course.ntu.edu.tw/courses/114-2/97193
健康服務機構管理,董鈺琪,27113,PH0006,80100040,選修,,"四 8,9",公衛211,2 類,,2,,https://course.ntu.edu.tw/courses/114-2/27113
健康與社會福利制度,葉明叡,17171,PH0009,80100070,必修 / 選修,,"三 3,4",公衛210,3 類,,2,,https://course.ntu.edu.tw/courses/114-2/17171
行為科學與衛生教育,黃俊豪,26648,PH0010,80100080,選修,,"一 6,7",公衛210,2 類,,2,,https://course.ntu.edu.tw/courses/114-2/26648
學士論文,盧子彬,13959,PH0017,80100160,選修,,,,3 類,,3,,https://course.ntu.edu.tw/courses/114-2/13959
學士論文,范怡琴,35955,PH0017,80100160,選修,,,,3 類,,3,,https://course.ntu.edu.tw/courses/114-2/35955
環境衛生學,蔡詩偉,52959,PH1009,80115000,必帶,,"四 3,4",公衛215,2 類,,2,,https://course.ntu.edu.tw/courses/114-2/52959
健康與社會行為導論,翁書偉,29088,PH1012,80113130,必帶,,"三 3,4",公衛215,3 類,,2,,https://course.ntu.edu.tw/courses/114-2/29088
生物統計學一,李文宗,37216,PH2005,80121310,必帶 / 必修 / 選修,,"二 6,7,8,9",公衛215,2 類,,3,,https://course.ntu.edu.tw/courses/114-2/37216
流行病學,郭柏秀,40624,PH2022,80120000,必帶 / 必修 / 選修,,"三 2,3,4",公衛213,2 類,,3,,https://course.ntu.edu.tw/courses/114-2/40624
公共衛生行政與管理,李達宇,48499,PH2025,80122220,必帶 / 選修,,"一 8,9",公衛215,3 類,,2,,https://course.ntu.edu.tw/courses/114-2/48499
流行病學,范怡琴,18956,PH3007,80132100,必修 / 選修,,"四 6,7",公衛215,2 類,,2,,https://course.ntu.edu.tw/courses/114-2/18956
公共衛生法,吳全峰,31917,PH3045,80132700,必帶 / 必修,,"一 6,7",公衛215,3 類,,2,,https://course.ntu.edu.tw/courses/114-2/31917
公共衛生專題研究,翁書偉,17199,PH4008,80140700,選修,,,,3 類,,3,,https://course.ntu.edu.tw/courses/114-2/17199
公共衛生專題研究,馮嬿臻,53127,PH4008,80140700,選修,,,,3 類,,3,,https://course.ntu.edu.tw/courses/114-2/53127
公共衛生專題研究,羅宇軒,52382,PH4008,80140700,選修,,,,3 類,,3,,https://course.ntu.edu.tw/courses/114-2/52382
公共衛生專題研究,蔡坤憲,44123,PH4008,80140700,選修,,,,3 類,,3,,https://course.ntu.edu.tw/courses/114-2/44123
公共衛生專題研究,程蘊菁,38383,PH4008,80140700,選修,,,,3 類,,3,,https://course.ntu.edu.tw/courses/114-2/38383
服務學習甲,張嘉銓,39325,PHARM0006,403001G0,選修,,,,2 類,,1,,https://course.ntu.edu.tw/courses/114-2/39325
服務學習甲,王繼娟,20659,PHARM0006,403001G0,選修,,,,2 類,,1,,https://course.ntu.edu.tw/courses/114-2/20659
服務學習甲,黃彥銘,21697,PHARM0006,403001G0,選修,,,,2 類,,1,,https://course.ntu.edu.tw/courses/114-2/21697
藥劑學實驗二,柯威任,38920,PHARM2003,40320220,必修,,"一 6,7,8",基醫四西實,3 類,,1,,https://course.ntu.edu.tw/courses/114-2/38920
本草學,張嘉銓,10326,PHARM2007,40322300,必修 / 選修,,"四 9,10",基醫201,2 類,,2,,https://course.ntu.edu.tw/courses/114-2/10326
公共衛生政策概論,王繼娟,25793,PHARM2011,40320100,必帶,,"三 3,4",,2 類,,2,,https://course.ntu.edu.tw/courses/114-2/25793
藥用植物學,張嘉銓,54923,PHARM2012,40322400,選修,,"二 6,7",,2 類,,1,,https://course.ntu.edu.tw/courses/114-2/54923
藥理學二,楊鎧鍵,26618,PHARM3002,40330020,必帶 / 必修,,"一 3,4",基醫302,3 類,,2,,https://course.ntu.edu.tw/courses/114-2/26618
藥理學實驗,楊鎧鍵,30740,PHARM3003,40330100,必修,,"三 7,8,9,10 / 五 1,2",基醫302,3 類,,2,,https://course.ntu.edu.tw/courses/114-2/30740
生物藥劑學暨藥物動態學,林君榮,12343,PHARM3023,40334300,必修 / 選修,,"四 2,3,4",基醫303,1 類,,3,,https://course.ntu.edu.tw/courses/114-2/12343
社區藥局概論,黃彥銘,58798,PHARM3024,40336400,必帶,,"二 3,4",,2 類,,2,,https://course.ntu.edu.tw/courses/114-2/58798
藥物化學下,忻凌偉,25433,PHARM3025,40333402,必修,,"三 3,4",基醫102,1 類,,2,,https://course.ntu.edu.tw/courses/114-2/25433
藥劑學 (二),柯威任,55842,PHARM3031,40331610,必修,,"二 3,4",基醫303,3 類,,2,,https://course.ntu.edu.tw/courses/114-2/55842
中藥藥物學,張嘉銓,14274,PHARM3037,40331560,必修,,"五 8,9",基醫303,2 類,,2,,https://course.ntu.edu.tw/courses/114-2/14274
論文實作,程吉安,34369,PHARM3040,40333060,選修,,,,2 類,,3,,https://course.ntu.edu.tw/courses/114-2/34369
論文實作,柯威任,43010,PHARM3040,40333060,選修,,,,2 類,,3,,https://course.ntu.edu.tw/courses/114-2/43010
論文實作,徐莞曾,54603,PHARM3040,40333060,選修,,,,2 類,,3,,https://course.ntu.edu.tw/courses/114-2/54603
論文實作,忻凌偉,95130,PHARM3040,40333060,選修,,,,2 類,,3,,https://course.ntu.edu.tw/courses/114-2/95130
非處方藥,沈麗娟,46390,PHARM4035,40341800,必修,,"五 6,7",基醫303,2 類,,2,,https://course.ntu.edu.tw/courses/114-2/46390
醫院藥學實習,林淑文,15822,PHARM4041,40347110,必修,,,,2 類,,13,,https://course.ntu.edu.tw/courses/114-2/15822
藥物分離技術,郭錦樺,54767,PHARM5018,423U1440,選修,,"二 6,7",水森326,1 類,,2,,https://course.ntu.edu.tw/courses/114-2/54767
藥物治療學Ⅶ,林淑文,15730,PHARM5048,423U2370,必修,,"三 1,2 / 四 3,4",基醫304,2 類,,3,,https://course.ntu.edu.tw/courses/114-2/15730
藥物治療學Ⅷ,徐莞曾,13588,PHARM5049,423U2380,必修,,"四 8,9",基醫303,2 類,,1,,https://course.ntu.edu.tw/courses/114-2/13588
加護病房臨床藥學實習(一),林欣儀,44111,PHARM5050,423U3310,必修,,,,2 類,,6,,https://course.ntu.edu.tw/courses/114-2/44111
加護病房臨床藥學實習（二）,林欣儀,53576,PHARM5051,423U3320,必修,,,,2 類,,6,,https://course.ntu.edu.tw/courses/114-2/53576
一般病房臨床藥學實習(一),吳建志,39807,PHARM5054,423U3410,必修,,,,2 類,,3,,https://course.ntu.edu.tw/courses/114-2/39807
一般病房臨床藥學實習(二),吳建志,26099,PHARM5055,423U3420,必修,,,,2 類,,3,,https://course.ntu.edu.tw/courses/114-2/26099
進階醫院藥事服務實習(一),林淑文,51476,PHARM5058,423U3510,必修,,,,2 類,,3,,https://course.ntu.edu.tw/courses/114-2/51476
進階醫院藥事服務實習(二),林淑文,47320,PHARM5059,423U3520,必修,,,,2 類,,3,,https://course.ntu.edu.tw/courses/114-2/47320
進階社區藥局實習,何蘊芳,29283,PHARM5062,423U3600,選修,,,,2 類,,6,,https://course.ntu.edu.tw/courses/114-2/29283
藥學研究（一),孔繁璐,33763,PHARM5063,423U3710,選修,,,,2 類,,3,,https://course.ntu.edu.tw/courses/114-2/33763
藥學研究（一),王繼娟,14692,PHARM5063,423U3710,選修,,,,2 類,,3,,https://course.ntu.edu.tw/courses/114-2/14692
藥學研究（一),余兆武,25791,PHARM5063,423U3710,選修,,,,2 類,,3,,https://course.ntu.edu.tw/courses/114-2/25791
藥學研究（一),忻凌偉,53085,PHARM5063,423U3710,選修,,,,2 類,,3,,https://course.ntu.edu.tw/courses/114-2/53085
藥學研究（一),林芳如,32675,PHARM5063,423U3710,選修,,,,2 類,,3,,https://course.ntu.edu.tw/courses/114-2/32675
藥學研究（一),林淑文,11917,PHARM5063,423U3710,選修,,,,2 類,,3,,https://course.ntu.edu.tw/courses/114-2/11917
藥學研究（一),徐莞曾,20801,PHARM5063,423U3710,選修,,,,2 類,,3,,https://course.ntu.edu.tw/courses/114-2/20801
藥學研究（一),張琳巧,36722,PHARM5063,423U3710,選修,,,,2 類,,3,,https://course.ntu.edu.tw/courses/114-2/36722
藥學研究（一),梁碧惠,45881,PHARM5063,423U3710,選修,,,,2 類,,3,,https://course.ntu.edu.tw/courses/114-2/45881
藥學研究（一),程吉安,29393,PHARM5063,423U3710,選修,,,,2 類,,3,,https://course.ntu.edu.tw/courses/114-2/29393
藥學研究（一),黃彥銘,51799,PHARM5063,423U3710,選修,,,,2 類,,3,,https://course.ntu.edu.tw/courses/114-2/51799
藥學研究（一),蕭斐元,45309,PHARM5063,423U3710,選修,,,,2 類,,3,,https://course.ntu.edu.tw/courses/114-2/45309
藥學研究（一),顧記華,46860,PHARM5063,423U3710,選修,,,,2 類,,3,,https://course.ntu.edu.tw/courses/114-2/46860
藥學研究(二),孔繁璐,37187,PHARM5064,423U3720,選修,,,,2 類,,3,,https://course.ntu.edu.tw/courses/114-2/37187
藥學研究(二),王繼娟,55501,PHARM5064,423U3720,選修,,,,2 類,,3,,https://course.ntu.edu.tw/courses/114-2/55501
藥學研究(二),余兆武,37852,PHARM5064,423U3720,選修,,,,2 類,,3,,https://course.ntu.edu.tw/courses/114-2/37852
藥學研究(二),忻凌偉,50772,PHARM5064,423U3720,選修,,,,2 類,,3,,https://course.ntu.edu.tw/courses/114-2/50772
藥學研究(二),林芳如,18231,PHARM5064,423U3720,選修,,,,2 類,,3,,https://course.ntu.edu.tw/courses/114-2/18231
藥學研究(二),林淑文,18617,PHARM5064,423U3720,選修,,,,2 類,,3,,https://course.ntu.edu.tw/courses/114-2/18617
藥學研究(二),梁碧惠,42872,PHARM5064,423U3720,選修,,,,2 類,,3,,https://course.ntu.edu.tw/courses/114-2/42872
藥學研究(二),程吉安,23847,PHARM5064,423U3720,選修,,,,2 類,,3,,https://course.ntu.edu.tw/courses/114-2/23847
藥學研究(二),黃彥銘,52972,PHARM5064,423U3720,選修,,,,2 類,,3,,https://course.ntu.edu.tw/courses/114-2/52972
藥學研究(二),蕭斐元,29863,PHARM5064,423U3720,選修,,,,2 類,,3,,https://course.ntu.edu.tw/courses/114-2/29863
藥學研究(二),顧記華,51478,PHARM5064,423U3720,選修,,,,2 類,,3,,https://course.ntu.edu.tw/courses/114-2/51478
藥學研究(三),孔繁璐,36559,PHARM5065,423U3730,選修,,,,2 類,,3,,https://course.ntu.edu.tw/courses/114-2/36559
藥學研究(三),王繼娟,15845,PHARM5065,423U3730,選修,,,,2 類,,3,,https://course.ntu.edu.tw/courses/114-2/15845
藥學研究(三),余兆武,48449,PHARM5065,423U3730,選修,,,,2 類,,3,,https://course.ntu.edu.tw/courses/114-2/48449
藥學研究(三),忻凌偉,46552,PHARM5065,423U3730,選修,,,,2 類,,3,,https://course.ntu.edu.tw/courses/114-2/46552
藥學研究(三),林芳如,56095,PHARM5065,423U3730,選修,,,,2 類,,3,,https://course.ntu.edu.tw/courses/114-2/56095
藥學研究(三),林淑文,50278,PHARM5065,423U3730,選修,,,,2 類,,3,,https://course.ntu.edu.tw/courses/114-2/50278
藥學研究(三),徐莞曾,12465,PHARM5065,423U3730,選修,,,,2 類,,3,,https://course.ntu.edu.tw/courses/114-2/12465
藥學研究(三),張琳巧,41235,PHARM5065,423U3730,選修,,,,2 類,,3,,https://course.ntu.edu.tw/courses/114-2/41235
藥學研究(三),梁碧惠,21618,PHARM5065,423U3730,選修,,,,2 類,,3,,https://course.ntu.edu.tw/courses/114-2/21618
藥學研究(三),程吉安,39248,PHARM5065,423U3730,選修,,,,2 類,,3,,https://course.ntu.edu.tw/courses/114-2/39248
藥學研究(三),黃彥銘,24457,PHARM5065,423U3730,選修,,,,2 類,,3,,https://course.ntu.edu.tw/courses/114-2/24457
藥學研究(三),蕭斐元,14573,PHARM5065,423U3730,選修,,,,2 類,,3,,https://course.ntu.edu.tw/courses/114-2/14573
藥學研究 (四),孔繁璐,35205,PHARM5066,423U3740,選修,,,,2 類,,3,,https://course.ntu.edu.tw/courses/114-2/35205
藥學研究 (四),王繼娟,17913,PHARM5066,423U3740,選修,,,,2 類,,3,,https://course.ntu.edu.tw/courses/114-2/17913
藥學研究 (四),余兆武,20416,PHARM5066,423U3740,選修,,,,2 類,,3,,https://course.ntu.edu.tw/courses/114-2/20416
藥學研究 (四),忻凌偉,55183,PHARM5066,423U3740,選修,,,,2 類,,3,,https://course.ntu.edu.tw/courses/114-2/55183
藥學研究 (四),林芳如,23503,PHARM5066,423U3740,選修,,,,2 類,,3,,https://course.ntu.edu.tw/courses/114-2/23503
藥學研究 (四),徐莞曾,58041,PHARM5066,423U3740,選修,,,,2 類,,3,,https://course.ntu.edu.tw/courses/114-2/58041
藥學研究 (四),張琳巧,43667,PHARM5066,423U3740,選修,,,,2 類,,3,,https://course.ntu.edu.tw/courses/114-2/43667
藥學研究 (四),梁碧惠,10572,PHARM5066,423U3740,選修,,,,2 類,,3,,https://course.ntu.edu.tw/courses/114-2/10572
藥學研究 (四),曾郁茹,10363,PHARM5066,423U3740,選修,,,,2 類,,3,,https://course.ntu.edu.tw/courses/114-2/10363
藥學研究 (四),程吉安,31933,PHARM5066,423U3740,選修,,,,2 類,,3,,https://course.ntu.edu.tw/courses/114-2/31933
藥學研究 (四),蕭斐元,52545,PHARM5066,423U3740,選修,,,,2 類,,3,,https://course.ntu.edu.tw/courses/114-2/52545
進階藥業實習(二),余兆武,55453,PHARM5070,423U3820,選修,,,,2 類,,3,,https://course.ntu.edu.tw/courses/114-2/55453
進階藥業實習(三),余兆武,54403,PHARM5071,423U3830,選修,,,,2 類,,3,,https://course.ntu.edu.tw/courses/114-2/54403
進階藥業實習(四),余兆武,11291,PHARM5072,423U3840,選修,,,,2 類,,3,,https://course.ntu.edu.tw/courses/114-2/11291
進階藥廠實習(一),郭錦樺,54872,PHARM5073,423U3910,選修,,,,2 類,,3,,https://course.ntu.edu.tw/courses/114-2/54872
進階藥廠實習(二),郭錦樺,52799,PHARM5074,423U3920,選修,,,,2 類,,3,,https://course.ntu.edu.tw/courses/114-2/52799
進階藥廠實習(三),郭錦樺,10948,PHARM5075,423U3930,選修,,,,2 類,,3,,https://course.ntu.edu.tw/courses/114-2/10948
進階藥廠實習(四),郭錦樺,36657,PHARM5076,423U3940,選修,,,,2 類,,3,,https://course.ntu.edu.tw/courses/114-2/36657
一般病房臨床藥學實習(五),吳建志,41071,PHARM5077,423U3450,必修,,,,2 類,,6,,https://course.ntu.edu.tw/courses/114-2/41071
一般病房臨床藥學實習（六）,吳建志,16303,PHARM5078,423U3460,必修,,,,2 類,,6,,https://course.ntu.edu.tw/courses/114-2/16303
一般病房臨床藥學實習（七）,吳建志,53773,PHARM5079,423U3470,必修,,,,2 類,,6,,https://course.ntu.edu.tw/courses/114-2/53773
進階藥政實習(三),蕭斐元,36622,PHARM5081,423U3770,選修,,,,2 類,,3,,https://course.ntu.edu.tw/courses/114-2/36622
進階藥政實習(四),蕭斐元,10639,PHARM5082,423U3780,選修,,,,2 類,,3,,https://course.ntu.edu.tw/courses/114-2/10639
藥學教學法與實務二,林君榮,28562,PHARM5087,423U1620,必修,,,,1 類,,1,,https://course.ntu.edu.tw/courses/114-2/28562
臨床藥學海外實習(一),黃彥銘,35430,PHARM5088,423U4010,選修,,,,2 類,,3,,https://course.ntu.edu.tw/courses/114-2/35430
臨床藥學海外實習（二）,黃彥銘,12953,PHARM5089,423U4020,選修,,,,2 類,,3,,https://course.ntu.edu.tw/courses/114-2/12953
新藥設計,莊宇樸,15042,PHARM5091,423U0490,選修,,"二 3,4",水森326,1 類,,2,,https://course.ntu.edu.tw/courses/114-2/15042
分子藥物化學,忻凌偉,52684,PHARM5093,423U1410,必修,,"四 3,4",水森326,2 類,,2,,https://course.ntu.edu.tw/courses/114-2/52684
精準醫療暨藥物法規科學,張琳巧,35732,PHARM5101,423U5500,選修,,"五 8,9",基醫304,3 類,,2,,https://course.ntu.edu.tw/courses/114-2/35732
觀眾導向的簡報技巧,沈麗娟,59202,PHARM5104,423U5700,選修,,"六 1,2,3,4",,3 類,,1,,https://course.ntu.edu.tw/courses/114-2/59202
藥學研究(五),林欣儀,49883,PHARM5105,423U4040,選修,,,,2 類,,3,,https://course.ntu.edu.tw/courses/114-2/49883
藥學研究(五),忻凌偉,20800,PHARM5105,423U4040,選修,,,,2 類,,3,,https://course.ntu.edu.tw/courses/114-2/20800
藥學研究(五),徐莞曾,53537,PHARM5105,423U4040,選修,,,,2 類,,3,,https://course.ntu.edu.tw/courses/114-2/53537
藥學研究(五),張琳巧,59019,PHARM5105,423U4040,選修,,,,2 類,,3,,https://course.ntu.edu.tw/courses/114-2/59019
藥學研究(五),梁碧惠,56330,PHARM5105,423U4040,選修,,,,2 類,,3,,https://course.ntu.edu.tw/courses/114-2/56330
藥學研究(五),曾郁茹,54813,PHARM5105,423U4040,選修,,,,2 類,,3,,https://course.ntu.edu.tw/courses/114-2/54813
藥學研究(五),程吉安,32067,PHARM5105,423U4040,選修,,,,2 類,,3,,https://course.ntu.edu.tw/courses/114-2/32067
藥學研究(五),黃彥銘,37812,PHARM5105,423U4040,選修,,,,2 類,,3,,https://course.ntu.edu.tw/courses/114-2/37812
藥學研究(六),忻凌偉,22728,PHARM5106,423U4050,選修,,,,2 類,,3,,https://course.ntu.edu.tw/courses/114-2/22728
藥學研究(六),徐莞曾,33292,PHARM5106,423U4050,選修,,,,2 類,,3,,https://course.ntu.edu.tw/courses/114-2/33292
藥學研究(六),張琳巧,50080,PHARM5106,423U4050,選修,,,,2 類,,3,,https://course.ntu.edu.tw/courses/114-2/50080
藥學研究(六),梁碧惠,40347,PHARM5106,423U4050,選修,,,,2 類,,3,,https://course.ntu.edu.tw/courses/114-2/40347
藥學研究(六),曾郁茹,24182,PHARM5106,423U4050,選修,,,,2 類,,3,,https://course.ntu.edu.tw/courses/114-2/24182
藥學研究(六),程吉安,28549,PHARM5106,423U4050,選修,,,,2 類,,3,,https://course.ntu.edu.tw/courses/114-2/28549
藥學研究(六),黃彥銘,42248,PHARM5106,423U4050,選修,,,,2 類,,3,,https://course.ntu.edu.tw/courses/114-2/42248
藥學研究(六),蕭斐元,25329,PHARM5106,423U4050,選修,,,,2 類,,3,,https://course.ntu.edu.tw/courses/114-2/25329
進階藥業實習(五),余兆武,46323,PHARM5107,423U3850,選修,,,,2 類,,3,,https://course.ntu.edu.tw/courses/114-2/46323
進階藥業實習(六),余兆武,49981,PHARM5108,423U3860,選修,,,,2 類,,3,,https://course.ntu.edu.tw/courses/114-2/49981
學士論文,程吉安,42585,PHARM6999,40340100,選修,,,,2 類,,3,,https://course.ntu.edu.tw/courses/114-2/42585
專題討論,莊宇樸,42846,PHARM7001,423M0030,必修,,四 6,,2 類,,1,,https://course.ntu.edu.tw/courses/114-2/42846
書報討論,徐莞曾,55983,PHARM7002,423M0040,選修,,,,1 類,,1,,https://course.ntu.edu.tw/courses/114-2/55983
書報討論,莊宇樸,95031,PHARM7002,423M0040,選修,,,,1 類,,1,,https://course.ntu.edu.tw/courses/114-2/95031
書報討論,顧記華,59599,PHARM7002,423M0040,選修,,,,1 類,,1,,https://course.ntu.edu.tw/courses/114-2/59599
書報討論,程吉安,56424,PHARM7002,423M0040,選修,,,,1 類,,1,,https://course.ntu.edu.tw/courses/114-2/56424
書報討論,忻凌偉,35447,PHARM7002,423M0040,選修,,,,1 類,,1,,https://course.ntu.edu.tw/courses/114-2/35447
書報討論,柯威任,17891,PHARM7002,423M0040,選修,,,,1 類,,1,,https://course.ntu.edu.tw/courses/114-2/17891
書報討論,孔繁璐,51929,PHARM7002,423M0040,選修,,,,1 類,,1,,https://course.ntu.edu.tw/courses/114-2/51929
書報討論,郭錦樺,24577,PHARM7002,423M0040,選修,,,,1 類,,1,,https://course.ntu.edu.tw/courses/114-2/24577
書報討論,張嘉銓,11076,PHARM7002,423M0040,選修,,,,1 類,,1,,https://course.ntu.edu.tw/courses/114-2/11076
書報討論,林文貞,26376,PHARM7002,423M0040,選修,,,,1 類,,1,,https://course.ntu.edu.tw/courses/114-2/26376
書報討論,林君榮,45484,PHARM7002,423M0040,選修,,,,1 類,,1,,https://course.ntu.edu.tw/courses/114-2/45484
書報討論,張琳巧,38862,PHARM7002,423M0040,選修,,,,1 類,,1,,https://course.ntu.edu.tw/courses/114-2/38862
書報討論,梁碧惠,27684,PHARM7002,423M0040,選修,,,,1 類,,1,,https://course.ntu.edu.tw/courses/114-2/27684
書報討論,楊家榮,50505,PHARM7002,423M0040,選修,,,,1 類,,1,,https://course.ntu.edu.tw/courses/114-2/50505
書報討論,何蘊芳,19760,PHARM7002,423M0040,選修,,,,1 類,,1,,https://course.ntu.edu.tw/courses/114-2/19760
書報討論,余兆武,12140,PHARM7002,423M0040,選修,,,,1 類,,1,,https://course.ntu.edu.tw/courses/114-2/12140
碩士論文,,27948,PHARM7999,423M0010,必修,,,,1 類,,0,,https://course.ntu.edu.tw/courses/114-2/27948
專題討論,莊宇樸,58159,PHARM8001,423D0030,必修,,四 7,,2 類,,1,,https://course.ntu.edu.tw/courses/114-2/58159
書報討論,林文貞,28656,PHARM8002,423D0040,選修,,,,1 類,,1,,https://course.ntu.edu.tw/courses/114-2/28656
書報討論,梁碧惠,24345,PHARM8002,423D0040,選修,,,,1 類,,1,,https://course.ntu.edu.tw/courses/114-2/24345
書報討論,余兆武,42461,PHARM8002,423D0040,選修,,,,1 類,,1,,https://course.ntu.edu.tw/courses/114-2/42461
書報討論,程吉安,23617,PHARM8002,423D0040,選修,,,,1 類,,1,,https://course.ntu.edu.tw/courses/114-2/23617
書報討論,郭錦樺,42744,PHARM8002,423D0040,選修,,,,1 類,,1,,https://course.ntu.edu.tw/courses/114-2/42744
書報討論,梁碧惠,37457,PHARM8002,423D0040,選修,,,,1 類,,1,,https://course.ntu.edu.tw/courses/114-2/37457
書報討論,楊家榮,25141,PHARM8002,423D0040,選修,,,,1 類,,1,,https://course.ntu.edu.tw/courses/114-2/25141
書報討論,余兆武,21412,PHARM8002,423D0040,選修,,,,1 類,,1,,https://course.ntu.edu.tw/courses/114-2/21412
書報討論,柯威任,14681,PHARM8002,423D0040,選修,,,,1 類,,1,,https://course.ntu.edu.tw/courses/114-2/14681
書報討論,梁碧惠,53321,PHARM8002,423D0040,選修,,,,1 類,,1,,https://course.ntu.edu.tw/courses/114-2/53321
書報討論,張嘉銓,15441,PHARM8002,423D0040,選修,,,,1 類,,1,,https://course.ntu.edu.tw/courses/114-2/15441
書報討論,徐莞曾,57097,PHARM8002,423D0040,選修,,,,1 類,,1,,https://course.ntu.edu.tw/courses/114-2/57097
博士論文,,17253,PHARM8999,423D0010,必修,,,,1 類,,0,,https://course.ntu.edu.tw/courses/114-2/17253
精準健康概論,楊泮池,30194,PHIM5004,K47U0040,必修,,"四 6,7",,1 類,,2,,https://course.ntu.edu.tw/courses/114-2/30194
超穎介面與生醫應用,駱  遠,31032,PHIM5005,K47U0050,選修,,"四 3,4",基醫1222,3 類,,2,,https://course.ntu.edu.tw/courses/114-2/31032
專題討論,駱  遠,34563,PHIM7001,K47M1000,必修,,四 8,,1 類,,1,,https://course.ntu.edu.tw/courses/114-2/34563
專題研究,楊泮池,30833,PHIM7002,K47M0020,必修,,,,1 類,,1,,https://course.ntu.edu.tw/courses/114-2/30833
專題研究,吳明賢,29358,PHIM7002,K47M0020,必修,,,,1 類,,1,,https://course.ntu.edu.tw/courses/114-2/29358
專題研究,張原豪,46021,PHIM7002,K47M0020,必修,,,,1 類,,1,,https://course.ntu.edu.tw/courses/114-2/46021
專題研究,李百祺,17119,PHIM7002,K47M0020,必修,,,,1 類,,1,,https://course.ntu.edu.tw/courses/114-2/17119
專題研究,駱  遠,13462,PHIM7002,K47M0020,必修,,,,1 類,,1,,https://course.ntu.edu.tw/courses/114-2/13462
專題研究,林世明,26033,PHIM7002,K47M0020,必修,,,,1 類,,1,,https://course.ntu.edu.tw/courses/114-2/26033
專題研究,俞松良,56451,PHIM7002,K47M0020,必修,,,,1 類,,1,,https://course.ntu.edu.tw/courses/114-2/56451
專題研究,施吉昇,20649,PHIM7002,K47M0020,必修,,,,1 類,,1,,https://course.ntu.edu.tw/courses/114-2/20649
專題研究,洪士灝,47209,PHIM7002,K47M0020,必修,,,,1 類,,1,,https://course.ntu.edu.tw/courses/114-2/47209
專題研究,黃宣銘,39643,PHIM7002,K47M0020,必修,,,,1 類,,1,,https://course.ntu.edu.tw/courses/114-2/39643
專題研究,宋孔彬,46982,PHIM7002,K47M0020,必修,,,,1 類,,1,,https://course.ntu.edu.tw/courses/114-2/46982
專題研究,黃國彥,25016,PHIM7002,K47M0020,必修,,,,1 類,,1,,https://course.ntu.edu.tw/courses/114-2/25016
分子醫學及訊息傳遞,黃國彥,30861,PHIM7005,K47M0050,選修,,"五 6,7,8",,2 類,,3,,https://course.ntu.edu.tw/courses/114-2/30861
碩士論文,,12268,PHIM7999,K47M0010,必修,,,,1 類,,0,,https://course.ntu.edu.tw/courses/114-2/12268
專題討論,駱  遠,58942,PHIM8001,K48D1000,必修,,四 8,,1 類,,1,,https://course.ntu.edu.tw/courses/114-2/58942
專題研究,楊泮池,39046,PHIM8002,K48D0020,必修,,,,1 類,,1,,https://course.ntu.edu.tw/courses/114-2/39046
專題研究,倪衍玄,54201,PHIM8002,K48D0020,必修,,,,1 類,,1,,https://course.ntu.edu.tw/courses/114-2/54201
專題研究,吳明賢,40407,PHIM8002,K48D0020,必修,,,,1 類,,1,,https://course.ntu.edu.tw/courses/114-2/40407
專題研究,張原豪,21054,PHIM8002,K48D0020,必修,,,,1 類,,1,,https://course.ntu.edu.tw/courses/114-2/21054
專題研究,李百祺,29927,PHIM8002,K48D0020,必修,,,,1 類,,1,,https://course.ntu.edu.tw/courses/114-2/29927
專題研究,駱  遠,46560,PHIM8002,K48D0020,必修,,,,1 類,,1,,https://course.ntu.edu.tw/courses/114-2/46560
專題研究,俞松良,44092,PHIM8002,K48D0020,必修,,,,1 類,,1,,https://course.ntu.edu.tw/courses/114-2/44092
專題研究,林育君,57996,PHIM8002,K48D0020,必修,,,,1 類,,1,,https://course.ntu.edu.tw/courses/114-2/57996
專題研究,張  瀚,49664,PHIM8002,K48D0020,必修,,,,1 類,,1,,https://course.ntu.edu.tw/courses/114-2/49664
專題研究,蕭輔仁,53876,PHIM8002,K48D0020,必修,,,,1 類,,1,,https://course.ntu.edu.tw/courses/114-2/53876
專題研究,黃國彥,53433,PHIM8002,K48D0020,必修,,,,1 類,,1,,https://course.ntu.edu.tw/courses/114-2/53433
專題研究,劉子毓,43365,PHIM8002,K48D0020,必修,,,,1 類,,1,,https://course.ntu.edu.tw/courses/114-2/43365
博士論文,,30247,PHIM8999,K48D0010,必修,,,,1 類,,0,,https://course.ntu.edu.tw/courses/114-2/30247
哲學概論,王榮麟,30542,Phl1007,10410000,必帶 / 選修,,"四 7,8,9,10",共204,2 類,,3,,https://course.ntu.edu.tw/courses/114-2/30542
中國哲學史二,陳志強,47905,Phl1011,10432320,必帶,,"二 6,7,8,9",博雅301,3 類,,3,,https://course.ntu.edu.tw/courses/114-2/47905
西洋哲學史二,彭文本,42749,Phl1051,10430020,必帶 / 選修,,"三 2,3,4,5",新203,3 類,,3,,https://course.ntu.edu.tw/courses/114-2/42749
哲學概論,苑舉正,35667,Phl1510,10410100,,,"三 3,4",普203,3 類,,2,,https://course.ntu.edu.tw/courses/114-2/35667
哲學概論,楊植勝,21468,Phl1510,10410100,,,"三 8,9",博雅302,3 類,,2,,https://course.ntu.edu.tw/courses/114-2/21468
哲學概論,周先捷,22289,Phl1510,10410100,,,"三 3,4",新102,2 類,,2,,https://course.ntu.edu.tw/courses/114-2/22289
哲學概論,苑舉正,22516,Phl1510,10410100,,,"四 6,7",新204,3 類,,2,,https://course.ntu.edu.tw/courses/114-2/22516
邏輯,曾漢塘,42692,Phl1511,10412100,,,"五 3,4",共204,3 類,,2,,https://course.ntu.edu.tw/courses/114-2/42692
邏輯,曾漢塘,22759,Phl1511,10412100,,,"五 6,7",博雅202,3 類,,2,,https://course.ntu.edu.tw/courses/114-2/22759
用AI探究心靈時間旅行,周先捷,25970,Phl1920,10406500,,,"三 7,8,9",共201,2 類,,3,,https://course.ntu.edu.tw/courses/114-2/25970
先秦儒家哲學專題,徐乃義,47645,Phl2107,10451200,必修 / 選修,,"五 7,8,9",普405,2 類,,3,,https://course.ntu.edu.tw/courses/114-2/47645
印藏佛教,李勝海,28378,Phl2202,10406400,,,"四 7,8,9",綜504,2 類,,3,,https://course.ntu.edu.tw/courses/114-2/28378
梵文二下,耿  晴,51419,Phl2953,10435422,選修,,"一 2,3,4",人文B201-1,2 類,,3,,https://course.ntu.edu.tw/courses/114-2/51419
玄學與魏晉名士,林明照,26044,Phl3205,10408500,,,"四 8,9,10",共301,3 類,,3,,https://course.ntu.edu.tw/courses/114-2/26044
古希臘靈魂觀,徐學庸,36900,Phl3500,10455300,必修 / 選修,,"四 2,3,4",新502,3 類,,3,,https://course.ntu.edu.tw/courses/114-2/36900
黑格爾哲學下,楊植勝,38136,Phl3731,10455402,必修 / 選修,,"五 8,9,10",普205,2 類,,3,,https://course.ntu.edu.tw/courses/114-2/38136
懷疑論,苑舉正,37910,Phl3803,10426700,,,"四 2,3,4",普304,3 類,,3,,https://course.ntu.edu.tw/courses/114-2/37910
現象學與認知,文  哲,52396,Phl3820,10457400,必修 / 選修,,"一 2,3,4",人文342,2 類,,3,,https://course.ntu.edu.tw/courses/114-2/52396
意識與自我意識的跨領域研究二,梁益堉,31912,Phl3828,10457920,必修 / 選修,,"一 2,3,4",人文345,2 類,,3,,https://course.ntu.edu.tw/courses/114-2/31912
哲學跨域理論與實作,吳澤玫,36790,Phl4403,10450900,,,"四 8,9,10",共203,3 類,,3,,https://course.ntu.edu.tw/courses/114-2/36790
物理管理學,張慶瑞,38996,Phl4842,10457700,必修 / 選修,,"一 7,8,9",新202,3 類,,3,,https://course.ntu.edu.tw/courses/114-2/38996
專題討論下,徐學庸,46076,Phl4998,10440802,選修,,五 10,人文302,2 類,,1,,https://course.ntu.edu.tw/courses/114-2/46076
專題討論下,徐學庸,56922,Phl4998,10440802,選修,,四 1,人文302,2 類,,1,,https://course.ntu.edu.tw/courses/114-2/56922
專題討論下,鄧敦民,33503,Phl4998,10440802,選修,,一 1,人文302,2 類,,1,,https://course.ntu.edu.tw/courses/114-2/33503
專題討論下,周先捷,37118,Phl4998,10440802,選修,,三 4,人文302,2 類,,1,,https://course.ntu.edu.tw/courses/114-2/37118
學士論文,,27246,Phl4999,10440100,選修,,,,2 類,,4,,https://course.ntu.edu.tw/courses/114-2/27246
儒家哲學研究,佐藤將之,56324,Phl7019,124M0270,必修,,"二 3,4,5",人文345,2 類,,3,,https://course.ntu.edu.tw/courses/114-2/56324
道家哲學研究,魏家豪,59436,Phl7020,124M0280,必修,,"四 3,4,5",人文342,3 類,,3,,https://course.ntu.edu.tw/courses/114-2/59436
先秦哲學討論,佐藤將之,56760,Phl7101,124M0760,必修 / 選修,,"二 7,8,9",人文345,2 類,,3,,https://course.ntu.edu.tw/courses/114-2/56760
先秦名辯學,李賢中,23787,Phl7149,124M0830,必修 / 選修,,"五 2,3,4",人文345,2 類,,3,,https://course.ntu.edu.tw/courses/114-2/23787
儒家倫理學研究英文著作選讀,徐乃義,48310,Phl7170,124M6990,必修 / 選修,,"三 7,8,9",人文B201-1,2 類,,3,,https://course.ntu.edu.tw/courses/114-2/48310
佛教般若學專題,蔡耀明,21143,Phl7210,124M0380,必修 / 選修,,"五 6,7,8",人文342,2 類,,3,,https://course.ntu.edu.tw/courses/114-2/21143
唯識學原典研究：《攝大乘論》,耿  晴,29375,Phl7268,124M8810,必修 / 選修,,"四 2,3,4",人文B201-1,2 類,,3,,https://course.ntu.edu.tw/courses/114-2/29375
阿毘達摩與瑜伽行哲學原典選讀,李勝海,38213,Phl7269,124M8820,必修 / 選修,,"二 7,8,9",人文342,2 類,,3,,https://course.ntu.edu.tw/courses/114-2/38213
專題研究：唐君毅的先秦哲學詮釋,陳志強,34764,Phl7437,124M4900,選修,,二 2,人文302,3 類,,1,,https://course.ntu.edu.tw/courses/114-2/34764
維根斯坦《哲學研究》§§185-693,文  哲,35652,Phl7558,124M7970,必修 / 選修,,"三 8,9,10",人文345,2 類,,3,,https://course.ntu.edu.tw/courses/114-2/35652
倫理學專題：道德責任,王榮麟,43315,Phl7591,124M8350,選修,,"二 7,8,9",人文B201-1,2 類,,3,,https://course.ntu.edu.tw/courses/114-2/43315
早期分析心智哲學,陳樂知,26860,Phl7597,124M8410,必修 / 選修,,"四 8,9,10",人文B201-1,3 類,,3,,https://course.ntu.edu.tw/courses/114-2/26860
黑格爾精神現象學方法論下,楊植勝,39517,Phl7694,124M7532,必修 / 選修,,"四 8,9,10",人文342,3 類,,3,,https://course.ntu.edu.tw/courses/114-2/39517
規範倫理學專題研究,吳澤玫,24661,Phl7733,124M4050,必修 / 選修,,"三 7,8,9",人文342,3 類,,3,,https://course.ntu.edu.tw/courses/114-2/24661
認知邏輯,楊金穆,42047,Phl7763,124M7390,必修 / 選修,,"四 7,8,9",人文345,2 類,,3,,https://course.ntu.edu.tw/courses/114-2/42047
心智哲學專題：身體與主體性,梁益堉,15887,Phl7764,124M7400,必修 / 選修,,"五 2,3,4",人文342,2 類,,3,,https://course.ntu.edu.tw/courses/114-2/15887
專題研究︰《圖斯庫倫的論辯》,徐學庸,53932,Phl7904,124M6330,選修,,三 3,人文302,2 類,,1,,https://course.ntu.edu.tw/courses/114-2/53932
專題研究：寬恕的條件,王榮麟,54708,Phl7905,124M6340,選修,,一 3,人文302,2 類,,1,,https://course.ntu.edu.tw/courses/114-2/54708
芝諾悖論,鄧敦民,31856,Phl7952,124M8460,必修 / 選修,,"三 3,4,5",人文345,2 類,,3,,https://course.ntu.edu.tw/courses/114-2/31856
碩士論文,,57926,Phl7999,124M0010,必修,,,,1 類,,0,,https://course.ntu.edu.tw/courses/114-2/57926
東方哲學問題討論下,李賢中,58391,Phl8011,124D0102,必修,,"三 3,4",人文342,3 類,,2,,https://course.ntu.edu.tw/courses/114-2/58391
博士論文,,16701,Phl8999,124D0010,必修,,,,1 類,,0,,https://course.ntu.edu.tw/courses/114-2/16701
實驗藥理學下,楊鎧鍵,32301,Phmco7004,443M1132,必修,,"二 2,3,4",基醫1105,3 類,,3,,https://course.ntu.edu.tw/courses/114-2/32301
專題討論,楊鎧鍵,52825,Phmco7009,443M0030,必修,,"三 2,3,4",,3 類,,1,,https://course.ntu.edu.tw/courses/114-2/52825
神經藥理學論著選讀二,邱麗珠,19585,Phmco7023,443M1620,選修,,"一 6,7",基醫1105,2 類,,1,,https://course.ntu.edu.tw/courses/114-2/19585
訊息傳遞論著選讀二,林琬琬,12084,Phmco7025,443M1640,選修,,"五 6,7",基醫1105,3 類,,1,,https://course.ntu.edu.tw/courses/114-2/12084
心血管藥理及其訊息論著選讀二,陳文彬,53531,Phmco7027,443M1660,選修,,"四 6,7",基醫1105,3 類,,1,,https://course.ntu.edu.tw/courses/114-2/53531
分子癌症藥理論著選讀二,吳青錫,56757,Phmco7029,443M1680,選修,,"五 3,4",基醫1105,3 類,,1,,https://course.ntu.edu.tw/courses/114-2/56757
碩士論文,楊鎧鍵,48113,Phmco7999,443M0010,必修,,,,1 類,,0,,https://course.ntu.edu.tw/courses/114-2/48113
專題討論,楊鎧鍵,48694,Phmco8001,443D0040,必修,,"三 2,3,4",基醫104,3 類,,2,,https://course.ntu.edu.tw/courses/114-2/48694
高等藥理學特論二,楊鎧鍵,37843,Phmco8012,443D1520,必修,,,,3 類,,2,,https://course.ntu.edu.tw/courses/114-2/37843
新藥研發－藥理研究與轉譯,楊鎧鍵,48523,Phmco8014,443D1630,選修,,"四 3,4",基醫1105,3 類,,2,,https://course.ntu.edu.tw/courses/114-2/48523
博士論文,楊鎧鍵,34459,Phmco8999,443D0010,必修,,,,1 類,,0,,https://course.ntu.edu.tw/courses/114-2/34459
普通物理學甲下,呂榮祥,36228,Phys1007,202101A2,,,"二 3,4 / 四 3,4",普304/普403,2 類,,3,,https://course.ntu.edu.tw/courses/114-2/36228
普通物理學甲下,梁啟德,48677,Phys1007,202101A2,,,"二 3,4 / 四 3,4",新物111,2 類,,3,,https://course.ntu.edu.tw/courses/114-2/48677
普通物理學甲下,邱品融,11982,Phys1007,202101A2,,,"二 3,4 / 四 3,4",普201,2 類,,3,,https://course.ntu.edu.tw/courses/114-2/11982
普通物理學甲下,楊珮芸,25834,Phys1007,202101A2,,,"二 3,4 / 四 3,4",綜302,2 類,,3,,https://course.ntu.edu.tw/courses/114-2/25834
普通物理學甲下,楊超強,57556,Phys1007,202101A2,,,"二 3,4 / 四 3,4",新503,3 類,,3,,https://course.ntu.edu.tw/courses/114-2/57556
普通物理學甲下,胡德邦,33768,Phys1007,202101A2,,,"四 6,7 / 五 3,4",共301,2 類,,3,,https://course.ntu.edu.tw/courses/114-2/33768
普通物理學甲下,易富國,51768,Phys1007,202101A2,,,"三 3,4 / 五 3,4",新504,2 類,,3,,https://course.ntu.edu.tw/courses/114-2/51768
普通物理學乙,董成淵,44457,Phys1008,202101B0,必帶 / 選修,,"三 7,8,9",綜501,2 類,,3,,https://course.ntu.edu.tw/courses/114-2/44457
普通物理學乙,陳銘堯,30340,Phys1008,202101B0,必帶,,"五 7,8,9",新402,1 類,,3,,https://course.ntu.edu.tw/courses/114-2/30340
普通物理學乙,陳恆榆,33510,Phys1008,202101B0,必帶,,"二 6,7,8",新505,1 類,,3,,https://course.ntu.edu.tw/courses/114-2/33510
普通物理學乙,邱雅萍,47323,Phys1008,202101B0,必帶,,"三 2,3,4",綜504,2 類,,3,,https://course.ntu.edu.tw/courses/114-2/47323
普通物理學乙,楊珮芸,18729,Phys1008,202101B0,,,"一 2,3,4",共103,3 類,,3,,https://course.ntu.edu.tw/courses/114-2/18729
普通物理學乙,王立民,35599,Phys1008,202101B0,,,"三 7,8,9",普403,2 類,,3,,https://course.ntu.edu.tw/courses/114-2/35599
普通物理學乙下,陳銘堯,46739,Phys1010,202101B2,必帶,,"二 6,7 / 四 6,7",普504/普503,2 類,,3,,https://course.ntu.edu.tw/courses/114-2/46739
普通物理學乙下,胡德邦,45125,Phys1010,202101B2,,,"一 9,10 / 三 6,7",共104,2 類,,3,,https://course.ntu.edu.tw/courses/114-2/45125
演化、宇宙、人,侯維恕,45097,Phys1024,20210460,,,"五 3,4",共104,2 類,,2,,https://course.ntu.edu.tw/courses/114-2/45097
國際學伴之服務學習,吳俊輝,38132,Phys1039,20211700,選修,,,,2 類,,2,,https://course.ntu.edu.tw/courses/114-2/38132
普通物理學實驗二,許長仁,10671,Phys1042,20210520,必帶,,"五 7,8,9",,2 類,,1,,https://course.ntu.edu.tw/courses/114-2/10671
普通物理學實驗二,沈家賢,51603,Phys1042,20210520,必修,,"五 7,8,9",,2 類,,1,,https://course.ntu.edu.tw/courses/114-2/51603
普通物理學實驗二,楊珮芸,38342,Phys1042,20210520,必帶 / 選修,,"四 7,8,9",,2 類,,1,,https://course.ntu.edu.tw/courses/114-2/38342
普通物理學實驗二,許長仁,17771,Phys1042,20210520,必帶,,"四 7,8,9",,2 類,,1,,https://course.ntu.edu.tw/courses/114-2/17771
普通物理學實驗二,薛熙于,26503,Phys1042,20210520,必帶,,"三 2,3,4",,2 類,,1,,https://course.ntu.edu.tw/courses/114-2/26503
普通物理學實驗二,邱品融,55341,Phys1042,20210520,必帶,,"三 2,3,4",,2 類,,1,,https://course.ntu.edu.tw/courses/114-2/55341
普通物理學實驗二,南智祐,42208,Phys1042,20210520,必帶,,"三 2,3,4",,2 類,,1,,https://course.ntu.edu.tw/courses/114-2/42208
普通物理學實驗二,許長仁,13213,Phys1042,20210520,必帶,,"一 2,3,4",,2 類,,1,,https://course.ntu.edu.tw/courses/114-2/13213
普通物理學實驗二,李侑昇,44189,Phys1042,20210520,必帶,,"一 2,3,4",,2 類,,1,,https://course.ntu.edu.tw/courses/114-2/44189
普通物理學實驗二,楊珮芸,46487,Phys1042,20210520,選修,,"三 7,8,9",,2 類,,1,,https://course.ntu.edu.tw/courses/114-2/46487
普通物理學實驗二,吳柏鋒,45318,Phys1042,20210520,必帶,,"三 7,8,9",,2 類,,1,,https://course.ntu.edu.tw/courses/114-2/45318
普通物理學實驗二,謝長澤,19336,Phys1042,20210520,必帶,,"二 2,3,4",,2 類,,1,,https://course.ntu.edu.tw/courses/114-2/19336
普通物理學實驗二,許長仁,57921,Phys1042,20210520,必帶,,"二 2,3,4",,2 類,,1,,https://course.ntu.edu.tw/courses/114-2/57921
普通物理學實驗二,梁國淦,34290,Phys1042,20210520,必帶,,"一 2,3,4",,2 類,,1,,https://course.ntu.edu.tw/courses/114-2/34290
普通物理學實驗二,陳銘堯,47961,Phys1042,20210520,必帶,,"一 6,7,8",,2 類,,1,,https://course.ntu.edu.tw/courses/114-2/47961
普通物理學實驗二,藍劭宇,14079,Phys1042,20210520,必帶,,"一 7,8,9",,2 類,,1,,https://course.ntu.edu.tw/courses/114-2/14079
普通物理學實驗二,胡家瑜,20456,Phys1042,20210520,必帶,,"五 7,8,9",,2 類,,1,,https://course.ntu.edu.tw/courses/114-2/20456
電磁學下,賀培銘,46572,Phys2020,20223302,必帶,,"三 2,3,4",楊金豹演講廳,2 類,,3,,https://course.ntu.edu.tw/courses/114-2/46572
電磁學習題演練下,賀培銘,41654,Phys2022,20223402,必帶,,一 5,新物111,2 類,,1,,https://course.ntu.edu.tw/courses/114-2/41654
電磁學習題演練下,賀培銘,52099,Phys2022,20223402,必帶,,二 5,新物111,2 類,,1,,https://course.ntu.edu.tw/courses/114-2/52099
應用數學上,吳俊輝,20281,Phys2024,20220411,必帶,,"二 8,9,10",新物111,2 類,,3,,https://course.ntu.edu.tw/courses/114-2/20281
應用數學習題演練上,吳俊輝,11971,Phys2026,20220421,選修,,五 5,新物111,2 類,,1,,https://course.ntu.edu.tw/courses/114-2/11971
熱物理,梁國淦,37012,Phys3006,20232400,必帶,,"四 6,7,8",新物111,2 類,,3,,https://course.ntu.edu.tw/courses/114-2/37012
近代物理學實驗,張顏暉,16674,Phys3009,20236200,必帶,,"一 6,7,8,9,10,A",新物205,2 類,,3,,https://course.ntu.edu.tw/courses/114-2/16674
近代物理學實驗,張顏暉,39886,Phys3009,20236200,必帶,,"三 6,7,8,9,10,A",新物205,2 類,,3,,https://course.ntu.edu.tw/courses/114-2/39886
自主探索實驗物理一,南智祐,39688,Phys3013,20239150,選修,,"三 7,8,9,10,A,B,C",,1 類,,4,,https://course.ntu.edu.tw/courses/114-2/39688
量子物理下,石明豐,56276,Phys3016,20230702,必帶,,"五 2,3,4",楊金豹演講廳,2 類,,3,,https://course.ntu.edu.tw/courses/114-2/56276
數位電子學實務,朱士維,40244,Phys4015,20248220,選修,,"五 6,7,8,9",新物111,2 類,,4,,https://course.ntu.edu.tw/courses/114-2/40244
統計與誤差分析簡介,陳凱風,29070,Phys4018,20248240,選修,,"二 8,9",新物517,2 類,,1,,https://course.ntu.edu.tw/courses/114-2/29070
天文物理學導論,吳柏鋒,16230,Phys5009,222U0410,選修,,"二 6,7,8",天數812,2 類,,3,,https://course.ntu.edu.tw/courses/114-2/16230
理論物理專題二,吳俊輝,13737,Phys5033,222U2080,選修,,,,2 類,,2,,https://course.ntu.edu.tw/courses/114-2/13737
理論材料物理專題,周美吟,23658,Phys5048,222U2200,選修,,"五 7,8",,1 類,,2,,https://course.ntu.edu.tw/courses/114-2/23658
量子光學導論,王喬萱,40814,Phys5052,222U0330,選修,,"四 6,7,8",新物833,2 類,,3,,https://course.ntu.edu.tw/courses/114-2/40814
物理史,高涌泉,44913,Phys5059,222U5050,選修,,"一 7,8,9",新物406,2 類,,3,,https://course.ntu.edu.tw/courses/114-2/44913
顯微鏡下的生物物理,謝佳龍,54107,Phys5061,222U5060,選修,,"四 7,8",,3 類,,2,,https://course.ntu.edu.tw/courses/114-2/54107
光電半導體導論,張允崇,17427,Phys5062,222U5070,選修,,"二 2,3,4",新物406,3 類,,3,,https://course.ntu.edu.tw/courses/114-2/17427
非線性物理導論,林俊達,12333,Phys5064,222U5090,選修,,"三 7,8,9",新物406,3 類,,3,,https://course.ntu.edu.tw/courses/114-2/12333
專題研究,熊  怡,32455,Phys7001,222M0020,選修,,,,1 類,,1,,https://course.ntu.edu.tw/courses/114-2/32455
專題研究,邱雅萍,13288,Phys7001,222M0020,選修,,,,1 類,,1,,https://course.ntu.edu.tw/courses/114-2/13288
專題研究,吳俊輝,42627,Phys7001,222M0020,選修,,,,2 類,,1,,https://course.ntu.edu.tw/courses/114-2/42627
專題研究,王名儒,95106,Phys7001,222M0020,選修,,,,1 類,,1,,https://course.ntu.edu.tw/courses/114-2/95106
專題研究,王喬萱,22740,Phys7001,222M0020,選修,,,,2 類,,1,,https://course.ntu.edu.tw/courses/114-2/22740
專題研究,郭光宇,58573,Phys7001,222M0020,選修,,,,2 類,,1,,https://course.ntu.edu.tw/courses/114-2/58573
專題研究,林敏聰,50802,Phys7001,222M0020,選修,,,,2 類,,1,,https://course.ntu.edu.tw/courses/114-2/50802
專題研究,管希聖,16354,Phys7001,222M0020,選修,,,,2 類,,1,,https://course.ntu.edu.tw/courses/114-2/16354
專題研究,朱士維,42926,Phys7001,222M0020,選修,,,,2 類,,1,,https://course.ntu.edu.tw/courses/114-2/42926
專題研究,李侑昇,95122,Phys7001,222M0020,選修,,,,1 類,,1,,https://course.ntu.edu.tw/courses/114-2/95122
專題研究,邱品融,95127,Phys7001,222M0020,選修,,,,1 類,,1,,https://course.ntu.edu.tw/courses/114-2/95127
專題研究,蔡政達,20073,Phys7001,222M0020,選修,,,,2 類,,1,,https://course.ntu.edu.tw/courses/114-2/20073
專題研究,謝馬利歐,38652,Phys7001,222M0020,選修,,,,2 類,,1,,https://course.ntu.edu.tw/courses/114-2/38652
專題研究,謝長澤,52802,Phys7001,222M0020,選修,,,,1 類,,1,,https://course.ntu.edu.tw/courses/114-2/52802
專題討論二,黃斯衍,46717,Phys7011,222M0150,必修 / 選修,,"二 7,8",楊金豹演講廳,2 類,,1,,https://course.ntu.edu.tw/courses/114-2/46717
量子力學二,黃宇廷,52142,Phys7015,222M1420,必修 / 選修,,"二 9,10 / 四 9,10",新物112,1 類,,4,,https://course.ntu.edu.tw/courses/114-2/52142
量子力學二,蔣正偉,12895,Phys7015,222M1420,必修 / 選修,,"一 7 / 三 7,8,9",楊金豹演講廳,1 類,,4,,https://course.ntu.edu.tw/courses/114-2/12895
統計物理一,梁國淦,10390,Phys7016,222M1610,必修 / 選修,,"一 8,9 / 三 3,4",新物833,3 類,,4,,https://course.ntu.edu.tw/courses/114-2/10390
統計物理一,郭光宇,20787,Phys7016,222M1610,必修 / 選修,,"一 8,9 / 三 3,4",新物111,3 類,,4,,https://course.ntu.edu.tw/courses/114-2/20787
超導物理導論,李侑昇,12763,Phys7059,222M2560,選修,,"一 5,6,7",新物304,2 類,,3,,https://course.ntu.edu.tw/courses/114-2/12763
奈米光學與電漿子學 I,呂宥蓉,20922,Phys7066,222M1130,選修,,"五 6,7,8",新物406,2 類,,3,,https://course.ntu.edu.tw/courses/114-2/20922
原子與光學物理,藍劭宇,50700,Phys7078,222M6290,選修,,"五 6,7,8",新物716,2 類,,3,,https://course.ntu.edu.tw/courses/114-2/50700
彎曲時空中的量子場,包曼丹尼爾,53396,Phys7084,222M6350,選修,,"二 3,4 / 四 3,4",,1 類,,4,,https://course.ntu.edu.tw/courses/114-2/53396
超高真空技術與二維材料薄膜之分子磊晶,白偉武,16908,Phys7085,222M6360,選修,,"五 7,8",新物517,2 類,,2,,https://course.ntu.edu.tw/courses/114-2/16908
碩士論文,,45612,Phys7999,222M0010,必修,,,,1 類,,0,,https://course.ntu.edu.tw/courses/114-2/45612
高等專題研究,黃斯衍,22017,Phys8001,222D0020,選修,,,,1 類,,1,,https://course.ntu.edu.tw/courses/114-2/22017
高等專題研究,王名儒,95105,Phys8001,222D0020,選修,,,,1 類,,1,,https://course.ntu.edu.tw/courses/114-2/95105
高等專題研究,王喬萱,23752,Phys8001,222D0020,選修,,,,2 類,,1,,https://course.ntu.edu.tw/courses/114-2/23752
高等專題研究,郭光宇,23496,Phys8001,222D0020,選修,,,,2 類,,1,,https://course.ntu.edu.tw/courses/114-2/23496
高等專題研究,梁啟德,20094,Phys8001,222D0020,選修,,,,2 類,,1,,https://course.ntu.edu.tw/courses/114-2/20094
高等專題研究,楊超強,55153,Phys8001,222D0020,選修,,,,1 類,,1,,https://course.ntu.edu.tw/courses/114-2/55153
高等專題研究,林俊達,95092,Phys8001,222D0020,選修,,,,1 類,,1,,https://course.ntu.edu.tw/courses/114-2/95092
高等專題研究,邱品融,95140,Phys8001,222D0020,選修,,,,2 類,,1,,https://course.ntu.edu.tw/courses/114-2/95140
高等專題研究,蔡政達,14820,Phys8001,222D0020,選修,,,,1 類,,1,,https://course.ntu.edu.tw/courses/114-2/14820
高等專題研究,陳凱風,11822,Phys8001,222D0020,選修,,,,2 類,,1,,https://course.ntu.edu.tw/courses/114-2/11822
高等專題研究,謝馬利歐,27810,Phys8001,222D0020,選修,,,,1 類,,1,,https://course.ntu.edu.tw/courses/114-2/27810
高等專題討論二,黃斯衍,16982,Phys8003,222D0080,必修,,"二 7,8",,2 類,,1,,https://course.ntu.edu.tw/courses/114-2/16982
古典電力學二,陳政維,28199,Phys8008,222D1320,必修 / 選修,,"一 6,7 / 五 3,4",新物716,2 類,,4,,https://course.ntu.edu.tw/courses/114-2/28199
量子場論一,謝長澤,49239,Phys8017,222D1670,選修,,"二 9,10,A",新物833,1 類,,3,,https://course.ntu.edu.tw/courses/114-2/49239
固態理論一,高英哲,48270,Phys8020,222D1740,選修,,"五 2,3,4",新物618,2 類,,3,,https://course.ntu.edu.tw/courses/114-2/48270
粒子物理一,陳俊瑋,13537,Phys8033,222D2640,選修,,"四 7,8,9",新物618,1 類,,3,,https://course.ntu.edu.tw/courses/114-2/13537
高等專題討論二(國際),李尚凡,25144,Phys8064,222D5030,必修,,"三 7,8",,1 類,,1,,https://course.ntu.edu.tw/courses/114-2/25144
高等專題討論四(國際),李尚凡,48176,Phys8073,222D5130,必修,,,,1 類,,1,,https://course.ntu.edu.tw/courses/114-2/48176
奈米科技進階,李尚凡,17958,Phys8099,222D5350,必修 / 選修,,"三 2,3,4",,1 類,,3,,https://course.ntu.edu.tw/courses/114-2/17958
奈米科技進階,李尚凡,49074,Phys8099,222D5350,必修 / 選修,,"五 2,3,4",,1 類,,3,,https://course.ntu.edu.tw/courses/114-2/49074
微波物理,朱國瑞,15555,Phys8109,222D3290,選修,,"五 7,8,9",新物618,1 類,,3,,https://course.ntu.edu.tw/courses/114-2/15555
應用光學,李尚凡,25632,Phys8130,222D3440,選修,,"一 10,A,B,C",,1 類,,3,,https://course.ntu.edu.tw/courses/114-2/25632
量子計算實驗與實作,管希聖,45721,Phys8148,222D3530,選修,,"四 2,3,4",,2 類,,3,,https://course.ntu.edu.tw/courses/114-2/45721
尖端材料之基礎與應用,林麗瓊,35985,Phys8150,222D5480,選修,,"一 2,3,4",,1 類,,3,,https://course.ntu.edu.tw/courses/114-2/35985
量子計算演算法與應用,管希聖,44000,Phys8155,222D5530,選修,,"四 7,8,9",楊金豹演講廳,2 類,,3,,https://course.ntu.edu.tw/courses/114-2/44000
等效場論與散射幅度專題討論,沈家賢,46343,Phys8157,222D5550,選修,,"三 3,4,5",,1 類,,3,,https://course.ntu.edu.tw/courses/114-2/46343
高等廣義相對論,沈家賢,32199,Phys8165,222D6010,選修,,"二 6,7,8",,2 類,,3,,https://course.ntu.edu.tw/courses/114-2/32199
現代晶體成長與量子材料合成方法,李尚凡,45227,Phys8166,222D6020,選修,,"二 7,8,9",,1 類,,3,,https://course.ntu.edu.tw/courses/114-2/45227
人工智慧與奈米科技,李尚凡,29794,Phys8167,222D6030,選修,,"五 7,8,9",,1 類,,3,,https://course.ntu.edu.tw/courses/114-2/29794
博士論文,,14840,Phys8999,222D0010,選修,,,,1 類,,0,,https://course.ntu.edu.tw/courses/114-2/14840
內皮細胞功能失調與炎症,李宗玄,42521,Physio5004,441U1700,選修,,"四 6,7,8",基醫1003,3 類,,3,,https://course.ntu.edu.tw/courses/114-2/42521
細胞神經生理學,郭鐘金,22245,Physio7010,441M1280,選修,,"二 9,10",基醫1003,3 類,,2,,https://course.ntu.edu.tw/courses/114-2/22245
基因體研究論著選讀,賴亮全,58908,Physio7017,441M3400,選修,,"二 7,8",基醫1003,3 類,,2,,https://course.ntu.edu.tw/courses/114-2/58908
腸胃道生理學特論,余佳慧,28748,Physio7019,441M2800,選修,,"三 3,4",基醫1003,3 類,,2,,https://course.ntu.edu.tw/courses/114-2/28748
腎臟、透析與高血壓研究論著選讀,林水龍,27867,Physio7042,441M4000,選修,,"四 1,2",基醫1003,3 類,,2,,https://course.ntu.edu.tw/courses/114-2/27867
碩士論文,,33262,Physio7999,441M0010,必修,,,,1 類,,0,,https://course.ntu.edu.tw/courses/114-2/33262
專題討論,賴亮全,11966,Physio8043,441D0040,必修,,"二 2,3,4",,3 類,,2,,https://course.ntu.edu.tw/courses/114-2/11966
博士論文,,54032,Physio8999,441D0010,必修,,,,1 類,,0,,https://course.ntu.edu.tw/courses/114-2/54032
植物生長與發育,靳宗洛,11375,PlBio5004,B42U0410,選修,,"三 7,8,9",生科3A,3 類,,3,,https://course.ntu.edu.tw/courses/114-2/11375
植物分子生物學研究方法,蕭  蔚,20748,PlBio5021,B42U1210,選修,,"三 2,3,4",,2 類,,2,,https://course.ntu.edu.tw/courses/114-2/20748
進階植物分子生物學,陳賢明,21394,PlBio5028,B42U1300,選修,,"四 7,8,9",,3 類,,3,,https://course.ntu.edu.tw/courses/114-2/21394
專題研究,鄭石通,14065,PlBio7001,B42M0020,必修,,,,1 類,,1,,https://course.ntu.edu.tw/courses/114-2/14065
專題研究,靳宗洛,17403,PlBio7001,B42M0020,必修,,,,1 類,,1,,https://course.ntu.edu.tw/courses/114-2/17403
專題研究,謝旭亮,30784,PlBio7001,B42M0020,必修,,,,1 類,,1,,https://course.ntu.edu.tw/courses/114-2/30784
專題研究,何銘洋,43456,PlBio7001,B42M0020,必修,,,,1 類,,1,,https://course.ntu.edu.tw/courses/114-2/43456
專題研究,蕭  蔚,19383,PlBio7001,B42M0020,必修,,,,1 類,,1,,https://course.ntu.edu.tw/courses/114-2/19383
專題研究,鄭秋萍,45412,PlBio7001,B42M0020,必修,,,,1 類,,1,,https://course.ntu.edu.tw/courses/114-2/45412
專題研究,吳克強,44735,PlBio7001,B42M0020,必修,,,,1 類,,1,,https://course.ntu.edu.tw/courses/114-2/44735
專題研究,李承叡,44901,PlBio7001,B42M0020,必修,,,,1 類,,1,,https://course.ntu.edu.tw/courses/114-2/44901
專題研究,林盈仲,22266,PlBio7001,B42M0020,必修,,,,1 類,,1,,https://course.ntu.edu.tw/courses/114-2/22266
專題研究,陳賢明,58698,PlBio7001,B42M0020,必修,,,,1 類,,1,,https://course.ntu.edu.tw/courses/114-2/58698
專題研究,楊淑怡,37338,PlBio7001,B42M0020,必修,,,,1 類,,1,,https://course.ntu.edu.tw/courses/114-2/37338
專題研究,李金美,25448,PlBio7001,B42M0020,必修,,,,1 類,,1,,https://course.ntu.edu.tw/courses/114-2/25448
專題研究,鄭貽生,44785,PlBio7001,B42M0020,必修,,,,1 類,,1,,https://course.ntu.edu.tw/courses/114-2/44785
專題討論,林盈仲,54100,PlBio7002,B42M0030,必修,,"一 8,9",生科3C,1 類,,1,,https://course.ntu.edu.tw/courses/114-2/54100
專題討論,靳宗洛,24275,PlBio7002,B42M0030,必修,,"一 8,9",生科3A,1 類,,1,,https://course.ntu.edu.tw/courses/114-2/24275
植物科學特論,陳賢明,38263,PlBio7006,B42M1500,必修,,"五 3,4",生科3A,1 類,,2,,https://course.ntu.edu.tw/courses/114-2/38263
植物科學特論,蕭  蔚,57321,PlBio7006,B42M1500,必修,,"五 3,4",,1 類,,2,,https://course.ntu.edu.tw/courses/114-2/57321
植物科學特論,鄭石通,57464,PlBio7006,B42M1500,必修,,"五 3,4",,1 類,,2,,https://course.ntu.edu.tw/courses/114-2/57464
植物科學特論,楊淑怡,59660,PlBio7006,B42M1500,必修,,"五 3,4",,1 類,,2,,https://course.ntu.edu.tw/courses/114-2/59660
植物科學特論,李金美,49706,PlBio7006,B42M1500,必修,,"五 3,4",,1 類,,2,,https://course.ntu.edu.tw/courses/114-2/49706
植物科學特論,吳克強,50954,PlBio7006,B42M1500,必修,,"五 3,4",,1 類,,2,,https://course.ntu.edu.tw/courses/114-2/50954
碩士論文,,44737,PlBio7999,B42M0010,必修,,,,1 類,,0,,https://course.ntu.edu.tw/courses/114-2/44737
專題研究,靳宗洛,59592,PlBio8001,B42D0020,必修,,,,1 類,,1,,https://course.ntu.edu.tw/courses/114-2/59592
專題研究,鄭貽生,37647,PlBio8001,B42D0020,必修,,,,1 類,,1,,https://course.ntu.edu.tw/courses/114-2/37647
專題研究,謝旭亮,44889,PlBio8001,B42D0020,必修,,,,1 類,,1,,https://course.ntu.edu.tw/courses/114-2/44889
專題研究,陳賢明,59515,PlBio8001,B42D0020,必修,,,,1 類,,1,,https://course.ntu.edu.tw/courses/114-2/59515
專題研究,蕭  蔚,38086,PlBio8001,B42D0020,必修,,,,1 類,,1,,https://course.ntu.edu.tw/courses/114-2/38086
專題研究,鄭秋萍,45937,PlBio8001,B42D0020,必修,,,,1 類,,1,,https://course.ntu.edu.tw/courses/114-2/45937
專題研究,吳克強,51642,PlBio8001,B42D0020,必修,,,,1 類,,1,,https://course.ntu.edu.tw/courses/114-2/51642
專題研究,林盈仲,13668,PlBio8001,B42D0020,必修,,,,1 類,,1,,https://course.ntu.edu.tw/courses/114-2/13668
專題研究,何銘洋,52609,PlBio8001,B42D0020,必修,,,,1 類,,1,,https://course.ntu.edu.tw/courses/114-2/52609
專題研究,楊淑怡,29189,PlBio8001,B42D0020,必修,,,,1 類,,1,,https://course.ntu.edu.tw/courses/114-2/29189
專題討論,李承叡,12794,PlBio8002,B42D0030,必修,,"一 8,9",,1 類,,1,,https://course.ntu.edu.tw/courses/114-2/12794
博士論文,,51054,PlBio8999,B42D0010,必修,,,,1 類,,0,,https://course.ntu.edu.tw/courses/114-2/51054
碩士論文,,40363,PMBA7001,E41M0010,必修,,,,1 類,,0,,https://course.ntu.edu.tw/courses/114-2/40363
服務與營運管理,郭佳瑋,20752,PMBA7005,E41M0050,必修,,,,2 類,,3,,https://course.ntu.edu.tw/courses/114-2/20752
協商與領導,戚樹誠,34408,PMBA7014,E41M0140,選修,,,,2 類,,3,,https://course.ntu.edu.tw/courses/114-2/34408
進階管理個案,孔令傑,13375,PMBA7021,E41M0210,選修,,,,2 類,,3,,https://course.ntu.edu.tw/courses/114-2/13375
以雙邊視角再論美元地位,賽明成,46404,PMBA7028,E41M0280,選修,,"一 A,B,C",,2 類,,3,,https://course.ntu.edu.tw/courses/114-2/46404
主權/數位貨幣的當下與未來,賽明成,47313,PMBA7029,E41M0290,選修,,"四 A,B,C",,2 類,,3,,https://course.ntu.edu.tw/courses/114-2/47313
質性研究的根底-紮根與個案,賽明成,46716,PMBA7030,E41M0300,選修,,"五 A,B,C",,2 類,,3,,https://course.ntu.edu.tw/courses/114-2/46716
人工智慧與商業數據分析,陳建錦,59580,PMBA7034,E41M0340,選修,,,,2 類,,3,,https://course.ntu.edu.tw/courses/114-2/59580
事業分析與企業評價,郭育尚,48171,PMBA7036,E41M0360,選修,,"二 A,B,C",,2 類,,3,,https://course.ntu.edu.tw/courses/114-2/48171
市場週期投資分析,郭育尚,12052,PMBA7039,E41M0390,選修,,"三 A,B,C",,2 類,,3,,https://course.ntu.edu.tw/courses/114-2/12052
創業與企業財務策略,郭育尚,29085,PMBA7040,E41M0400,選修,,"四 A,B,C",,2 類,,3,,https://course.ntu.edu.tw/courses/114-2/29085
碩士論文,,44838,PMBM7001,E43M0010,必修,,,,1 類,,0,,https://course.ntu.edu.tw/courses/114-2/44838
生技醫藥產業實務概論,何佳安,33364,PMBM7016,E43M0160,選修,,,,2 類,,3,,https://course.ntu.edu.tw/courses/114-2/33364
服務與營運管理,郭佳瑋,20967,PMBM7020,E43M0200,必修,,,,2 類,,3,,https://course.ntu.edu.tw/courses/114-2/20967
生醫產業智財管理與商品化策略,胡凱焜,26636,PMBM7027,E43M0270,選修,,"二 A,B,C",,1 類,,3,,https://course.ntu.edu.tw/courses/114-2/26636
生醫材料數據解讀,法雨辰,95070,PMBM7047,E43M0470,選修,,"五 A,B,C",,1 類,,3,,https://course.ntu.edu.tw/courses/114-2/95070
有機生醫材料導論及其臨床應用,法雨辰,95071,PMBM7048,E43M0480,選修,,"三 A,B,C",,1 類,,3,,https://course.ntu.edu.tw/courses/114-2/95071
碩士論文,,23442,PMLBA7001,E42M0010,必修,,,,1 類,,0,,https://course.ntu.edu.tw/courses/114-2/23442
企業商事法律專題,邵慶平,54217,PMLBA7006,E42M0060,必修,,,,2 類,,3,,https://course.ntu.edu.tw/courses/114-2/54217
民事財產法專題,顏佑紘,36605,PMLBA7039,E42M0390,選修,,,,2 類,,1,,https://course.ntu.edu.tw/courses/114-2/36605
勞動法專題,王能君,46695,PMLBA7043,E42M0430,選修,,,,2 類,,1,,https://course.ntu.edu.tw/courses/114-2/46695
能源利用與環境保護,宮文祥,58896,PMLBA7045,E42M0450,選修,,,,2 類,,1,,https://course.ntu.edu.tw/courses/114-2/58896
智財產業專題研究,章忠信,23256,PMLBA7046,E42M0460,選修,,,,2 類,,1,,https://course.ntu.edu.tw/courses/114-2/23256
促參法與民營化,詹鎮榮,52845,PMLBA7048,E42M0480,選修,,,,2 類,,1,,https://course.ntu.edu.tw/courses/114-2/52845
個人資料保護法概論,洪士軒,36848,PMLBA7052,E42M0520,選修,,"二 A,B,C",,3 類,,3,,https://course.ntu.edu.tw/courses/114-2/36848
民事與商務契約之理論與實務,洪士軒,30591,PMLBA7053,E42M0530,選修,,"三 A,B,C",,3 類,,3,,https://course.ntu.edu.tw/courses/114-2/30591
法學論證與論文寫作,邱怡凱,95066,PMLBA7054,E42M0540,選修,,"一 A,B,C",,3 類,,3,,https://course.ntu.edu.tw/courses/114-2/95066
人工智慧與商業法制專題,黃銘傑,46704,PMLBA7058,E42M0580,必修,,,,2 類,,3,,https://course.ntu.edu.tw/courses/114-2/46704
刑法經濟分析,黃種甲,29301,PMLBA7061,E42M0610,選修,,,,2 類,,1,,https://course.ntu.edu.tw/courses/114-2/29301
進階法學論證與論文寫作,洪士軒,31187,PMLBA7062,E42M0620,選修,,"四 A,B,C",,3 類,,3,,https://course.ntu.edu.tw/courses/114-2/31187
稅法導論,邱怡凱,95067,PMLBA7063,E42M0630,選修,,"二 A,B,C",,3 類,,3,,https://course.ntu.edu.tw/courses/114-2/95067
身分法導論,邱怡凱,95068,PMLBA7064,E42M0640,選修,,"三 A,B,C",,3 類,,3,,https://course.ntu.edu.tw/courses/114-2/95068
微生物學,沈偉強,27131,PPM1007,61349950,必帶,,"一 2,3,4",新505,2 類,,3,,https://course.ntu.edu.tw/courses/114-2/27131
微生物學實驗,呂依儒,21207,PPM1008,61349970,必帶,,"五 2,3,4",總一館308,2 類,,1,,https://course.ntu.edu.tw/courses/114-2/21207
植病研究法,鍾嘉綾,27840,PPM2005,61322400,必修,,"三 3,4",總一館308,2 類,,2,,https://course.ntu.edu.tw/courses/114-2/27840
植病研究法實驗,鍾嘉綾,50430,PPM3008,61330600,必修,,"五 7,8,9",總一館308,2 類,,1,,https://course.ntu.edu.tw/courses/114-2/50430
植物病毒學與實驗,張  立,29514,PPM3009,61332800,選修,,"三 6,7,8",總一館308,2 類,,3,,https://course.ntu.edu.tw/courses/114-2/29514
應用微生物學,沈湯龍,45231,PPM3015,61332700,必修 / 選修,,"一 2,3,4",總一館308,2 類,,3,,https://course.ntu.edu.tw/courses/114-2/45231
遺傳學,陳穎練,52379,PPM3016,61350000,必修,,"五 2,3,4",總一館115,2 類,,3,,https://course.ntu.edu.tw/courses/114-2/52379
植病防治學,鍾嘉綾,43434,PPM4001,61340300,必修,,"二 2,3,4",總一館308,2 類,,3,,https://course.ntu.edu.tw/courses/114-2/43434
植物病理學乙,陳昭瑩,24249,PPM4013,61350020,必修 / 選修,,"五 3,4,5",,3 類,,3,,https://course.ntu.edu.tw/courses/114-2/24249
細胞生物學,沈湯龍,28783,PPM5001,633U1330,選修,,"四 7,8,9",總一館115,2 類,,3,,https://course.ntu.edu.tw/courses/114-2/28783
專題研究下,沈湯龍,24358,PPM5010,633U0362,選修,,,,2 類,,2,,https://course.ntu.edu.tw/courses/114-2/24358
專題研究下,鍾嘉綾,53398,PPM5010,633U0362,選修,,,,2 類,,2,,https://course.ntu.edu.tw/courses/114-2/53398
專題研究下,歐海仁,54178,PPM5010,633U0362,選修,,,,2 類,,2,,https://course.ntu.edu.tw/courses/114-2/54178
專題研究下,張皓巽,14369,PPM5010,633U0362,選修,,,,2 類,,2,,https://course.ntu.edu.tw/courses/114-2/14369
專題研究下,呂依儒,20178,PPM5010,633U0362,選修,,,,2 類,,2,,https://course.ntu.edu.tw/courses/114-2/20178
專題研究下,曾  昱,25354,PPM5010,633U0362,選修,,,,2 類,,2,,https://course.ntu.edu.tw/courses/114-2/25354
專題研究下,沈原民,44583,PPM5010,633U0362,選修,,,,2 類,,2,,https://course.ntu.edu.tw/courses/114-2/44583
植物病害與診斷,鍾嘉綾,59603,PPM5013,633U0400,選修,,"二 6,7,8",總一館308,2 類,,3,,https://course.ntu.edu.tw/courses/114-2/59603
非傳染性病害,孫岩章,33728,PPM5022,633U0800,選修,,"一 8,9",共302,2 類,,2,,https://course.ntu.edu.tw/courses/114-2/33728
植物病理與微生物學講座二,沈原民,55815,PPM5044,633U1130,選修,,,,1 類,,1,,https://course.ntu.edu.tw/courses/114-2/55815
植物病理與微生學講座四,沈原民,42384,PPM5046,633U1150,選修,,四 4,新301,1 類,,1,,https://course.ntu.edu.tw/courses/114-2/42384
分子植物病理學特論,陳昭瑩,14912,PPM5065,633U0840,選修,,,,3 類,,2,,https://course.ntu.edu.tw/courses/114-2/14912
熱帶植物病理學,陳昭瑩,57023,PPM5073,633U1420,選修,,"三 8,9,10",學新820,3 類,,3,,https://course.ntu.edu.tw/courses/114-2/57023
線蟲書報討論,曾  昱,50539,PPM5074,633U0810,選修,,二 3,博雅310,2 類,,1,,https://course.ntu.edu.tw/courses/114-2/50539
真菌分類、類緣及演化,歐海仁,20832,PPM5075,633U1430,選修,,"五 2,3,4",博雅303,2 類,,3,,https://course.ntu.edu.tw/courses/114-2/20832
微生物學特論,張  立,17932,PPM5082,633U1480,選修,,,,2 類,,3,,https://course.ntu.edu.tw/courses/114-2/17932
應用生物統計學,張皓巽,16855,PPM5084,633U1500,選修,,"五 6,7,8",學新820,2 類,,3,,https://course.ntu.edu.tw/courses/114-2/16855
專題討論,洪挺軒,41718,PPM7001,633M0030,必修,,"四 2,3",新301,1 類,,1,,https://course.ntu.edu.tw/courses/114-2/41718
植物病理與微生物學專論下,沈偉強,41363,PPM7014,633M1482,必修,,,,2 類,,2,,https://course.ntu.edu.tw/courses/114-2/41363
植物病理與微生物學專論下,沈湯龍,33232,PPM7014,633M1482,必修,,,,2 類,,2,,https://course.ntu.edu.tw/courses/114-2/33232
植物病理與微生物學專論下,鍾嘉綾,37638,PPM7014,633M1482,必修,,,,2 類,,2,,https://course.ntu.edu.tw/courses/114-2/37638
植物病理與微生物學專論下,陳穎練,55463,PPM7014,633M1482,必修,,,,2 類,,2,,https://course.ntu.edu.tw/courses/114-2/55463
植物病理與微生物學專論下,張皓巽,36994,PPM7014,633M1482,必修,,,,2 類,,2,,https://course.ntu.edu.tw/courses/114-2/36994
植物病理與微生物學專論下,歐海仁,27828,PPM7014,633M1482,必修,,,,2 類,,2,,https://course.ntu.edu.tw/courses/114-2/27828
植物病理與微生物學專論下,張  立,48096,PPM7014,633M1482,必修,,,,2 類,,2,,https://course.ntu.edu.tw/courses/114-2/48096
植物病理與微生物學專論下,呂依儒,15884,PPM7014,633M1482,選修,,,,2 類,,2,,https://course.ntu.edu.tw/courses/114-2/15884
植物病理與微生物學專論下,曾  昱,25651,PPM7014,633M1482,必修,,,,2 類,,2,,https://course.ntu.edu.tw/courses/114-2/25651
植物病理與微生物學專論下,沈原民,21652,PPM7014,633M1482,必修,,,,2 類,,2,,https://course.ntu.edu.tw/courses/114-2/21652
植物病理與微生物學特論下,歐海仁,13109,PPM8006,633D1222,必修,,,,1 類,,3,,https://course.ntu.edu.tw/courses/114-2/13109
博士論文,,49637,PPM8999,633D0010,必修,,,,1 類,,0,,https://course.ntu.edu.tw/courses/114-2/49637
生命教育跨領域實作,楊培珊,47187,Prog0004,P6300120,選修,,"一 7,8,9",綜202,2 類,,3,,https://course.ntu.edu.tw/courses/114-2/47187
生命美學,李賢中,56144,Prog0005,P6300130,必帶,,"三 8,9,10",新201,2 類,,3,,https://course.ntu.edu.tw/courses/114-2/56144
心靈捕手：自我覺察與同理溝通,王秀槐,56815,Prog0006,P6300140,必修,,"五 6,7,8",博雅303,2 類,,3,,https://course.ntu.edu.tw/courses/114-2/56815
人生的境,楊啟伸,35122,Prog1043,P6310040,選修,,"六 3,4,6,7,8",,2 類,,1,,https://course.ntu.edu.tw/courses/114-2/35122
美味人生：從演化遺傳角度探索自身歷史,鍾慧敏,52606,Prog1044,P0510010,選修,,"三 8,9,10,A",,3 類,,2,,https://course.ntu.edu.tw/courses/114-2/52606
我的生涯我探索,王秀槐,43054,Prog1046,P6310050,選修,,"六 3,4,6,7,8,9",,2 類,,1,,https://course.ntu.edu.tw/courses/114-2/43054
正念與自我慈悲,胡文郁,28403,Prog1048,P6310070,選修,,"五 3,4",共103,2 類,,2,,https://course.ntu.edu.tw/courses/114-2/28403
創意創業專題討論與實踐二,黃筱鈞,38942,Prog2082,P37U0C00,必修,,"一 A,B",普101,2 類,,2,,https://course.ntu.edu.tw/courses/114-2/38942
創意創業核心課程(二),黃筱鈞,30932,Prog2092,P37U0910,必修,,"一 7,8,9",,2 類,,3,,https://course.ntu.edu.tw/courses/114-2/30932
日本外交探討,何思慎,43703,Prog3002,P4830200,,,"一 8,9",普501,2 類,,2,,https://course.ntu.edu.tw/courses/114-2/43703
時勢日本經濟與台日關係,蘇顯揚,45576,Prog3007,P4830600,選修,,"四 8,9",新301,2 類,,2,,https://course.ntu.edu.tw/courses/114-2/45576
生物化學實驗,張世宗,39159,Prog3014,P0530020,必帶,,"二 6,7,8,9,10",思亮502,2 類,,2,,https://course.ntu.edu.tw/courses/114-2/39159
生物化學實驗,張世宗,15813,Prog3014,P0530020,必帶,,"三 6,7,8,9,10",思亮502,2 類,,2,,https://course.ntu.edu.tw/courses/114-2/15813
生物化學實驗,張世宗,39220,Prog3014,P0530020,必帶,,"四 6,7,8,9,10",思亮502,2 類,,2,,https://course.ntu.edu.tw/courses/114-2/39220
生物化學實驗,張世宗,34471,Prog3014,P0530020,必帶,,"五 6,7,8,9,10",思亮502,2 類,,2,,https://course.ntu.edu.tw/courses/114-2/34471
生物技術核心實驗,杜宜殷,50041,Prog5074,P05U2020,必修 / 選修,,"二 2,3,4,5,6,7,8,9",生技館214,2 類,,4,,https://course.ntu.edu.tw/courses/114-2/50041
生物技術核心實驗,林乃君,30805,Prog5074,P05U2020,必修 / 選修,,"四 2,3,4,5,6,7,8,9",,2 類,,4,,https://course.ntu.edu.tw/courses/114-2/30805
蛋白質結構與功能,徐駿森,11181,Prog5085,P05U3230,必修 / 選修,,"四 8,9",新204,3 類,,2,,https://course.ntu.edu.tw/courses/114-2/11181
進階領導專題(一),瞿志豪,10602,Prog5097,P36U1900,必修,,四 5,綜203,2 類,,1,,https://course.ntu.edu.tw/courses/114-2/10602
組織運作導論,瞿志豪,56444,Prog5103,P36U0900,必修,,"四 2,3,4",綜301,2 類,,3,,https://course.ntu.edu.tw/courses/114-2/56444
分子生物學,蔡皇龍,55265,Prog5145,P05U2010,選修,,"三 3,4 / 五 3,4",共406,3 類,,4,,https://course.ntu.edu.tw/courses/114-2/55265
進階領導專題(二),楊正大,27272,Prog5163,P36U2000,必修,,四 5,綜202,2 類,,1,,https://course.ntu.edu.tw/courses/114-2/27272
生物分子交互作用之網絡,陳示國,11096,Prog5171,P05U4120,必修 / 選修,,"五 2,3",計資106,1 類,,2,,https://course.ntu.edu.tw/courses/114-2/11096
典範企業運作思維,許朱勝,24500,Prog5173,P36U2100,選修,,"五 2,3,4",新505,2 類,,3,,https://course.ntu.edu.tw/courses/114-2/24500
應用轉譯微生物學,沈湯龍,57490,Prog5185,P05U4140,選修,,"一 5,6,7,8,9",,3 類,,3,,https://course.ntu.edu.tw/courses/114-2/57490
生物技術核心實驗教學實習,杜宜殷,36476,Prog5193,P05U0060,選修,,,,2 類,,2,,https://course.ntu.edu.tw/courses/114-2/36476
GenAI世代創新創業的機會與挑戰,王崇智,36749,Prog5195,P37U0320,,,"三 7,8,9",博雅202,2 類,,3,,https://course.ntu.edu.tw/courses/114-2/36749
分子醫學專題研究實習二,李芳仁,34928,Prog5197,P07U0140,選修,,,,2 類,,4,,https://course.ntu.edu.tw/courses/114-2/34928
解決問題理論與實務,李聖珉,38284,Prog5198,P36U2400,,,"一 A,B,C,D",普102,2 類,,3,,https://course.ntu.edu.tw/courses/114-2/38284
前瞻生命科學論壇,丁照棣,52204,Prog5204,P05U4590,選修,,"三 2,3",計資106,1 類,,2,,https://course.ntu.edu.tw/courses/114-2/52204
藝術與創作,謝宏達,49959,Prog5240,P37U0230,,,"二 6,7,8",新404,2 類,,3,,https://course.ntu.edu.tw/courses/114-2/49959
創新服務商業模式設計,賴宏誌,52109,Prog5243,P37U0260,選修,,"四 6,7,8",綜604,2 類,,3,,https://course.ntu.edu.tw/courses/114-2/52109
創業專題研究與討論,王韋中,27161,Prog5244,P37U0270,選修,,"二 A,B,C",普205,2 類,,1,,https://course.ntu.edu.tw/courses/114-2/27161
領導力講座,丁照棣,11857,Prog5251,P36U2900,,,"二 8,9",博雅202,3 類,,2,,https://course.ntu.edu.tw/courses/114-2/11857
胚與幹細胞顯微操作技術,吳信志,41195,Prog5258,P30U4120,選修,,"一 6,7,8,9,10",,3 類,,3,,https://course.ntu.edu.tw/courses/114-2/41195
創新思考與策略實務：全球頂尖企業的創新思維與作法,陶韻智,38562,Prog5260,P37U0290,選修,,"三 7,8,9",綜504,2 類,,3,,https://course.ntu.edu.tw/courses/114-2/38562
智慧城市：數位公共服務創新實踐,趙式隆,27366,Prog5263,P37U0300,選修,,"二 7,8,9",綜502,2 類,,3,,https://course.ntu.edu.tw/courses/114-2/27366
商業資料分析統整課程,魏志平,19439,Prog5265,P55U0080,選修,,"二 A,B,C",管一203,2 類,,3,,https://course.ntu.edu.tw/courses/114-2/19439
創新與趨勢締造,徐小波,57875,Prog5273,P37U0340,選修,,"五 3,4",共101,2 類,,2,,https://course.ntu.edu.tw/courses/114-2/57875
婦女與性別研究導論,衣若蘭,37447,Prog5732,P03U0010,必修,,"五 6,7,8",共204,2 類,,3,,https://course.ntu.edu.tw/courses/114-2/37447
老人與長期照護導論,張念慈,47923,Prog5740,P35U0100,必修 / 選修,,"三 9,10",基醫406,2 類,,2,,https://course.ntu.edu.tw/courses/114-2/47923
生物化學實驗教學實習,張世宗,21699,Prog8002,P05D0050,選修,,,,2 類,,2,,https://course.ntu.edu.tw/courses/114-2/21699
生物化學實驗教學實習,張世宗,51717,Prog8002,P05D0050,選修,,,,2 類,,2,,https://course.ntu.edu.tw/courses/114-2/51717
服務學習一,吳心喆,95077,PS0004,30205110,必修,,三 5,,2 類,,1,,https://course.ntu.edu.tw/courses/114-2/95077
服務學習二,郭紀賢,95078,PS0005,30205220,必修,,,,2 類,,1,,https://course.ntu.edu.tw/courses/114-2/95078
服務學習二,吳心喆,95079,PS0005,30205220,必修,,,,2 類,,1,,https://course.ntu.edu.tw/courses/114-2/95079
服務學習三,郭紀賢,95080,PS0006,30205330,必修,,,,2 類,,1,,https://course.ntu.edu.tw/courses/114-2/95080
政治學二,黃長玲,23120,PS1006,30210120,必帶 / 選修,,"五 2,3,4",社科202,2 類,,3,,https://course.ntu.edu.tw/courses/114-2/23120
政治學二,張貴閔,38746,PS1006,30210120,必帶 / 選修,,"五 5,6,7",社科303,2 類,,3,,https://course.ntu.edu.tw/courses/114-2/38746
政治學二,童涵浦,54524,PS1006,30210120,必帶 / 選修,,"三 2,3,4",社科403,2 類,,3,,https://course.ntu.edu.tw/courses/114-2/54524
國際關係二,郭銘傑,42251,PS1012,30210350,,,"四 6,7",社科和碩講堂,2 類,,2,,https://course.ntu.edu.tw/courses/114-2/42251
國際關係二,廖小娟,20872,PS1012,30210350,必帶 / 選修,,"四 6,7",社科201,2 類,,2,,https://course.ntu.edu.tw/courses/114-2/20872
國際關係二,魏德榮,11684,PS1012,30210350,必修 / 選修,,"五 3,4",社科307,2 類,,2,,https://course.ntu.edu.tw/courses/114-2/11684
中華民國憲法及政府二,湯德宗,29233,PS1032,30224420,必帶 / 選修,,"四 8,9",社科201,2 類,,2,,https://course.ntu.edu.tw/courses/114-2/29233
中華民國憲法及政府二,蔡季廷,17166,PS1032,30224420,必帶 / 選修,,"三 8,9",社科403,2 類,,2,,https://course.ntu.edu.tw/courses/114-2/17166
中華民國憲法及政府二,陳淳文,51115,PS1032,30224420,必帶 / 選修,,"四 8,9",社科和碩講堂,2 類,,2,,https://course.ntu.edu.tw/courses/114-2/51115
中華民國憲法及政府二,李念祖,40195,PS1032,30224420,必修 / 選修,,"四 8,9",社科研607,2 類,,2,,https://course.ntu.edu.tw/courses/114-2/40195
比較政府與政治二,李鳳玉,16729,PS2004,30224640,必帶,,"一 8,9",社科403,2 類,,2,,https://course.ntu.edu.tw/courses/114-2/16729
比較政府與政治二,顏煌庭,14470,PS2004,30224640,必帶,,"一 8,9",社科201,2 類,,2,,https://course.ntu.edu.tw/courses/114-2/14470
經濟學乙二,王宏文,28829,PS2022,30224720,必帶,,"五 3,4",社科201,1 類,,2,,https://course.ntu.edu.tw/courses/114-2/28829
政黨與選舉制度,黃凱苹,59921,PS2101,30220810,選修,,"五 3,4",社科306,2 類,,2,,https://course.ntu.edu.tw/courses/114-2/59921
國際關係史二,陳世民,36766,PS2202,30236320,必帶,,"三 3,4",社科202,2 類,,2,,https://course.ntu.edu.tw/courses/114-2/36766
國際關係史二,黃旻華,41627,PS2202,30236320,必修,,"三 3,4",社科102,2 類,,2,,https://course.ntu.edu.tw/courses/114-2/41627
行政法二,李仲軒,56907,PS2302,30243220,必帶 / 選修,,"五 8,9",社科502,2 類,,2,,https://course.ntu.edu.tw/courses/114-2/56907
社會科學研究方法,黃凱苹,33274,PS3101,30230560,必帶 / 選修,,"三 3,4",社科407,2 類,,2,,https://course.ntu.edu.tw/courses/114-2/33274
社會科學研究方法,郭昱瑩,29389,PS3101,30230560,必帶 / 選修,,"三 3,4",社科307,2 類,,2,,https://course.ntu.edu.tw/courses/114-2/29389
台灣地區政治經濟發展,張貴閔,49553,PS3102,30233610,必帶 / 選修,,"一 6,7",社科102,2 類,,2,,https://course.ntu.edu.tw/courses/114-2/49553
西洋政治哲學二,鄭泱泱,40663,PS3104,30230120,必帶 / 選修,,"二 3,4",社科和碩講堂,2 類,,2,,https://course.ntu.edu.tw/courses/114-2/40663
中國政治哲學二,安井伸介,29586,PS3106,30232420,必帶,,"四 6,7",社科405,2 類,,2,,https://course.ntu.edu.tw/courses/114-2/29586
中國政治哲學二,林俊宏,36419,PS3106,30232420,必帶,,"四 6,7",社科407,1 類,,2,,https://course.ntu.edu.tw/courses/114-2/36419
政治社會學,吳玉山,31286,PS3108,30230570,選修,,"三 8,9",社科502,2 類,,2,,https://course.ntu.edu.tw/courses/114-2/31286
西洋政治哲學概論,鄭泱泱,38317,PS3201,30230130,必修 / 選修,,"四 6,7",社科307,2 類,,2,,https://course.ntu.edu.tw/courses/114-2/38317
外交決策與政策,徐斯勤,11959,PS3203,30234200,必帶,,"五 3,4",社科502,2 類,,2,,https://course.ntu.edu.tw/courses/114-2/11959
中國政治哲學概論,安井伸介,44329,PS3208,30232430,必帶,,"三 6,7",社科202,2 類,,2,,https://course.ntu.edu.tw/courses/114-2/44329
公共政策二,郭銘峰,43897,PS3302,30238220,必帶,,"三 8,9",社科202,2 類,,2,,https://course.ntu.edu.tw/courses/114-2/43897
民意調查,郭銘峰,95052,PS3305,30230450,選修,,"四 3,4",社科401,2 類,,2,,https://course.ntu.edu.tw/courses/114-2/95052
國際公法二,蔡季廷,57696,PS3317,30234120,必帶,,"四 3,4",社科和碩講堂,2 類,,2,,https://course.ntu.edu.tw/courses/114-2/57696
國際公法二,黃旻華,32518,PS3317,30234120,必修,,"三 6,7",社科403,2 類,,2,,https://course.ntu.edu.tw/courses/114-2/32518
中國大陸政治經濟發展,吳心喆,25082,PS4002,30249500,必帶 / 必修 / 選修,,"五 8,9",社科403,2 類,,2,,https://course.ntu.edu.tw/courses/114-2/25082
現代政治思想二,鄭泱泱,49204,PS4102,30233720,必帶,,"五 6,7",社科403,2 類,,2,,https://course.ntu.edu.tw/courses/114-2/49204
國際關係概論,唐欣偉,33508,PS4618,30251900,,,"五 3,4",社科303,3 類,,2,,https://course.ntu.edu.tw/courses/114-2/33508
全球通識講座-決策者的危機處理機制,徐斯勤,16110,PS4644,30254100,,,"四 3,4",博雅103,2 類,,2,,https://course.ntu.edu.tw/courses/114-2/16110
電影、經典與當代重要政治議題,陶儀芬,36042,PS4649,30210070,,,"一 6,7,8",新204,2 類,,3,,https://course.ntu.edu.tw/courses/114-2/36042
地緣政治下的企業治理,郭紀賢,33836,PS4660,30254140,,,"四 6,7",社科403,2 類,,2,,https://course.ntu.edu.tw/courses/114-2/33836
學士論文,安井伸介,42395,PS4998,30210090,選修,,五 5,社科研601,2 類,,1,,https://course.ntu.edu.tw/courses/114-2/42395
公部門創新,吳舜文,38056,PS5005,322U2700,選修,,"一 2,3,4 / 四 2,3,4",社科研608,2 類,,1,,https://course.ntu.edu.tw/courses/114-2/38056
法文社會科學文獻選讀專題,陳淳文,52955,PS5013,322U1330,選修,,"二 3,4",社科研601,2 類,,2,,https://course.ntu.edu.tw/courses/114-2/52955
新聞、傳播政策與法律專題,陳淳文,21364,PS5024,322U1450,選修,,"四 3,4",社科研606,2 類,,2,,https://course.ntu.edu.tw/courses/114-2/21364
方案評估專題,王宏文,51990,PS5041,322U1640,選修,,"三 A,B",,1 類,,2,,https://course.ntu.edu.tw/courses/114-2/51990
理性行為分析專題,林澤民,25135,PS5060,322U1790,選修,,"二 7,8,9 / 四 7,8,9",社科研609,2 類,,2,,https://course.ntu.edu.tw/courses/114-2/25135
東亞專題,楊永明,28722,PS5066,322U1840,選修,,"四 3,4",社科研605,2 類,,2,,https://course.ntu.edu.tw/courses/114-2/28722
東亞政治經濟專題,郭紀賢,47552,PS5672,322U1900,選修,,"二 8,9",社科407,2 類,,2,,https://course.ntu.edu.tw/courses/114-2/47552
亞洲區域主義專題,蘇宏達,52836,PS5675,322U1930,選修,,"四 3,4",社科研604,2 類,,2,,https://course.ntu.edu.tw/courses/114-2/52836
中國大陸政治經濟專題,徐斯勤,55134,PS5676,322U1940,選修,,"四 8,9",社科研605,2 類,,2,,https://course.ntu.edu.tw/courses/114-2/55134
和平研究專題,左正東,56600,PS5677,322U1950,選修,,"二 8,9",社科306,1 類,,2,,https://course.ntu.edu.tw/courses/114-2/56600
近代日本國際關係專題,廖小娟,12446,PS5686,322U2040,選修,,"四 3,4",社科306,2 類,,2,,https://course.ntu.edu.tw/courses/114-2/12446
歐盟與國際政治專題,蘇宏達,25939,PS5695,322U2310,選修,,"四 6,7",社科研603,2 類,,2,,https://course.ntu.edu.tw/courses/114-2/25939
統計學習理論簡介,曾煥凱,58773,PS5696,322U2320,選修,,"二 8,9,10",社科302,3 類,,2,,https://course.ntu.edu.tw/courses/114-2/58773
危機管理與風險評估,黃旻華,54869,PS5742,322U2600,選修,,"二 3,4",社科405,2 類,,2,,https://course.ntu.edu.tw/courses/114-2/54869
決策理論與模型,郭昱瑩,16510,PS5745,322U2630,選修,,"二 3,4",社科研602,2 類,,2,,https://course.ntu.edu.tw/courses/114-2/16510
全球網路治理,郭銘傑,10157,PS5748,322U2660,,,"五 3,4",社科研601,2 類,,2,,https://course.ntu.edu.tw/courses/114-2/10157
國家與公民互動中的行政負擔,劉康慧,59090,PS5750,322U2680,選修,,"一 10,A / 二 10,A / 三 10,A / 四 10,A",社科306,2 類,,1,,https://course.ntu.edu.tw/courses/114-2/59090
東亞政治傳播與媒體研究,石若劍,57506,PS5751,322U2690,選修,,"二 6,7,8 / 四 6,7,8",社科研609,2 類,,1,,https://course.ntu.edu.tw/courses/114-2/57506
研究與寫作專題,蘇翊豪,55168,PS7001,322M4920,必修,,"五 6,7",社科研604,2 類,,2,,https://course.ntu.edu.tw/courses/114-2/55168
研究與寫作專題,吳心喆,40660,PS7001,322M4920,選修,,"五 6,7",社科研603,2 類,,2,,https://course.ntu.edu.tw/courses/114-2/40660
社會科學統計方法專題,顏煌庭,17690,PS7002,322M3900,必修,,"二 2,3,4",社科407,2 類,,3,,https://course.ntu.edu.tw/courses/114-2/17690
國際政治經濟學專題,郭銘傑,33704,PS7026,322M4150,選修,,"四 8,9",社科研602,2 類,,2,,https://course.ntu.edu.tw/courses/114-2/33704
公共政策專題,王宏文,12267,PS7032,322M3180,必修,,"六 6,7",社科研606,2 類,,2,,https://course.ntu.edu.tw/courses/114-2/12267
公法專題,陳淳文,18060,PS7033,322M3340,必修,,"六 1,2",社科研606,2 類,,2,,https://course.ntu.edu.tw/courses/114-2/18060
臺灣政經發展專題,陶儀芬,45405,PS7041,322M4060,必修,,"一 3,4",社科研605,2 類,,2,,https://course.ntu.edu.tw/courses/114-2/45405
研究與寫作專題,蘇翊豪,23688,PS7501,322M4080,必修,,"六 8,9",社科研606,2 類,,1,,https://course.ntu.edu.tw/courses/114-2/23688
社會主義經改比較研究專題,吳玉山,51452,PS7559,322M4670,選修,,"三 3,4",社科研606,2 類,,2,,https://course.ntu.edu.tw/courses/114-2/51452
公共治理專題,孫  煒,55687,PS7624,322M5400,必修,,"六 3,4",社科研606,2 類,,2,,https://course.ntu.edu.tw/courses/114-2/55687
社會科學因果推論專題,顏煌庭,51215,PS7626,322M5510,選修,,"五 2,3,4",社科407,2 類,,3,,https://course.ntu.edu.tw/courses/114-2/51215
中國大陸政治與經濟專題,徐斯勤,50719,PS7806,322M4590,必修,,"六 6,7",社科研607,2 類,,2,,https://course.ntu.edu.tw/courses/114-2/50719
行政管理方法專題,彭錦鵬,46762,PS7808,322M4930,必修,,"六 1,2",社科研607,2 類,,2,,https://course.ntu.edu.tw/courses/114-2/46762
臺灣社經發展專題,黃長玲,44592,PS7810,322M4980,必修,,"六 3,4",社科研607,2 類,,2,,https://course.ntu.edu.tw/courses/114-2/44592
碩士論文,,17152,PS7999,322M0010,必修,,,,1 類,,0,,https://course.ntu.edu.tw/courses/114-2/17152
個別指導研究一,石之瑜,13008,PS8001,322D0020,選修,,,,2 類,,1,,https://course.ntu.edu.tw/courses/114-2/13008
個別指導研究二,吳心喆,46183,PS8002,322D0030,選修,,,,2 類,,1,,https://course.ntu.edu.tw/courses/114-2/46183
論文寫作專題研究,黃長玲,19339,PS8003,322D1100,選修,,"四 8,9",社科研603,2 類,,2,,https://course.ntu.edu.tw/courses/114-2/19339
中國政治思想專題研究,林俊宏,50984,PS8011,322D1130,選修,,"五 6,7",,2 類,,2,,https://course.ntu.edu.tw/courses/114-2/50984
行政學專題研究,郭昱瑩,41092,PS8031,322D0300,選修,,"四 1,2",社科研602,2 類,,2,,https://course.ntu.edu.tw/courses/114-2/41092
臺灣政經發展專題研究,陶儀芬,39060,PS8041,322D1180,選修,,"一 3,4",,2 類,,2,,https://course.ntu.edu.tw/courses/114-2/39060
博士論文,,29087,PS8999,322D0010,必修,,,,1 類,,0,,https://course.ntu.edu.tw/courses/114-2/29087
專題討論,劉貴生,25467,PSE7001,549M0020,必修,,"五 7,8,9",共203,2 類,,1,,https://course.ntu.edu.tw/courses/114-2/25467
高分子加工原理與應用,黃招財,16472,PSE7003,549M1020,選修,,"四 2,3,4",共206,2 類,,3,,https://course.ntu.edu.tw/courses/114-2/16472
高分子形態學,黃慶怡,40433,PSE7004,549M1030,選修,,"二 2,3,4",共405,2 類,,3,,https://course.ntu.edu.tw/courses/114-2/40433
高分子物理化學,童世煌,28014,PSE7006,549M1050,選修,,"二 7,8,9",共105,2 類,,3,,https://course.ntu.edu.tw/courses/114-2/28014
高分子分析學,劉貴生,52929,PSE7010,549M2010,選修,,"五 2,3,4",共307,2 類,,3,,https://course.ntu.edu.tw/courses/114-2/52929
碩士專題研究一,徐善慧,34032,PSE7023,549M5010,選修,,,,1 類,,1,,https://course.ntu.edu.tw/courses/114-2/34032
碩士專題研究二,劉貴生,13414,PSE7024,549M5020,必修,,,,1 類,,1,,https://course.ntu.edu.tw/courses/114-2/13414
碩士專題研究二,黃慶怡,11402,PSE7024,549M5020,必修,,,,1 類,,1,,https://course.ntu.edu.tw/courses/114-2/11402
碩士專題研究二,賴育英,28477,PSE7024,549M5020,必修,,,,1 類,,1,,https://course.ntu.edu.tw/courses/114-2/28477
碩士專題研究二,葉伊純,37386,PSE7024,549M5020,必修,,,,1 類,,1,,https://course.ntu.edu.tw/courses/114-2/37386
碩士專題研究二,陳文章,45447,PSE7024,549M5020,必修,,,,1 類,,1,,https://course.ntu.edu.tw/courses/114-2/45447
碩士專題研究二,蔡豐羽,53930,PSE7024,549M5020,必修,,,,1 類,,1,,https://course.ntu.edu.tw/courses/114-2/53930
碩士專題研究二,趙基揚,14930,PSE7024,549M5020,必修,,,,1 類,,1,,https://course.ntu.edu.tw/courses/114-2/14930
碩士專題研究二,羅世強,37227,PSE7024,549M5020,必修,,,,1 類,,1,,https://course.ntu.edu.tw/courses/114-2/37227
碩士專題研究二,戴子安,32800,PSE7024,549M5020,必修,,,,1 類,,1,,https://course.ntu.edu.tw/courses/114-2/32800
碩士專題研究二,劉振良,26066,PSE7024,549M5020,必修,,,,1 類,,1,,https://course.ntu.edu.tw/courses/114-2/26066
碩士專題研究三,徐善慧,46064,PSE7025,549M5030,必修,,,,1 類,,1,,https://course.ntu.edu.tw/courses/114-2/46064
高分子奈米複合材料的生醫應用,葉伊純,50169,PSE7039,549M3060,選修,,"四 7,8,9",博雅303,2 類,,3,,https://course.ntu.edu.tw/courses/114-2/50169
高分子表面分析,賴育英,48427,PSE7043,549M2090,選修,,"三 2,3,4",博雅310,3 類,,3,,https://course.ntu.edu.tw/courses/114-2/48427
碩士論文,,24372,PSE7999,549M0010,必修,,,,1 類,,0,,https://course.ntu.edu.tw/courses/114-2/24372
博士專題研究一,徐善慧,95081,PSE8001,549D6010,必修,,,,1 類,,1,,https://course.ntu.edu.tw/courses/114-2/95081
博士專題研究二,徐善慧,29271,PSE8002,549D6020,必修,,,,1 類,,1,,https://course.ntu.edu.tw/courses/114-2/29271
博士專題研究二,童世煌,11041,PSE8002,549D6020,必修,,,,1 類,,1,,https://course.ntu.edu.tw/courses/114-2/11041
博士專題研究二,鄭如忠,29535,PSE8002,549D6020,必修,,,,1 類,,1,,https://course.ntu.edu.tw/courses/114-2/29535
博士專題研究二,賴育英,56299,PSE8002,549D6020,必修,,,,1 類,,1,,https://course.ntu.edu.tw/courses/114-2/56299
博士專題研究三,徐善慧,95082,PSE8003,549D6030,必修,,,,1 類,,1,,https://course.ntu.edu.tw/courses/114-2/95082
博士專題研究四,徐善慧,30937,PSE8004,549D6040,必修,,,,1 類,,1,,https://course.ntu.edu.tw/courses/114-2/30937
博士專題研究四,童世煌,47676,PSE8004,549D6040,必修,,,,1 類,,1,,https://course.ntu.edu.tw/courses/114-2/47676
博士專題研究四,鄭如忠,26735,PSE8004,549D6040,必修,,,,1 類,,1,,https://course.ntu.edu.tw/courses/114-2/26735
博士論文,,15885,PSE8999,549D0010,必修,,,,1 類,,0,,https://course.ntu.edu.tw/courses/114-2/15885
服務學習乙,林耀盛,58770,Psy0005,207001H0,選修,,,,2 類,,1,,https://course.ntu.edu.tw/courses/114-2/58770
心與腦,賴文崧,34008,Psy1006,20714000,,,"四 6,7,8",博雅101/華南講堂,2 類,,3,,https://course.ntu.edu.tw/courses/114-2/34008
普通心理學,曾祥非,32400,Psy1007,20710100,,,"二 6,7,8",,2 類,,3,,https://course.ntu.edu.tw/courses/114-2/32400
普通心理學,葉俊毅,55657,Psy1007,20710100,,,"一 2,3,4",共301,2 類,,3,,https://course.ntu.edu.tw/courses/114-2/55657
普通心理學,曾祥非,59271,Psy1007,20710100,,,"一 7,8,9",博雅103,2 類,,3,,https://course.ntu.edu.tw/courses/114-2/59271
普通心理學,郭柏呈,55623,Psy1007,20710100,,,"一 6,7,8",普102,3 類,,3,,https://course.ntu.edu.tw/courses/114-2/55623
普通心理學,周珮雯,27281,Psy1007,20710100,,,"一 7,8,9",博雅201,2 類,,3,,https://course.ntu.edu.tw/courses/114-2/27281
普通心理學,周珮雯,48045,Psy1007,20710100,,,"五 7,8,9",博雅201,2 類,,3,,https://course.ntu.edu.tw/courses/114-2/48045
普通心理學,鄧善娟,16413,Psy1007,20710100,,,"二 2,3,4",博雅102,2 類,,3,,https://course.ntu.edu.tw/courses/114-2/16413
普通心理學,黃菁瑜,39957,Psy1007,20710100,,,"一 2,3,4",博雅101/華南講堂,2 類,,3,,https://course.ntu.edu.tw/courses/114-2/39957
普通心理學,周珮雯,95001,Psy1007,20710100,,,"一 2,3,4",博雅103,2 類,,3,,https://course.ntu.edu.tw/courses/114-2/95001
心理統計學下,彭昭英,45814,Psy1014,20712302,必修 / 選修,,"一 5 / 三 6,7,8",北館N206,2 類,,3,,https://course.ntu.edu.tw/courses/114-2/45814
心理統計學下,姚開屏,32358,Psy1014,20712302,必帶 / 必修,,"五 2,3,4",北館視聽,2 類,,3,,https://course.ntu.edu.tw/courses/114-2/32358
發展心理學,曹峰銘,31500,Psy2005,20736100,必帶 / 選修,,"四 2,3,4",北館視聽,2 類,,3,,https://course.ntu.edu.tw/courses/114-2/31500
性格心理學,陳品豪,19491,Psy2006,20737100,必帶 / 選修,,"一 6,7,8",新102,2 類,,3,,https://course.ntu.edu.tw/courses/114-2/19491
中階統計,徐永豐,18891,Psy3010,20730000,選修,,"五 2,3,4",南館S217,2 類,,3,,https://course.ntu.edu.tw/courses/114-2/18891
研究入門二,黃從仁,27267,Psy3014,20730040,選修,,,,1 類,,1,,https://course.ntu.edu.tw/courses/114-2/27267
認知心理學,謝伯讓,44456,Psy3017,20734800,必帶 / 選修,,"四 7,8,9",北館視聽,2 類,,3,,https://course.ntu.edu.tw/courses/114-2/44456
心理學與社會議題,趙儀珊,51256,Psy4012,20749750,選修,,"三 3,4",新402,2 類,,2,,https://course.ntu.edu.tw/courses/114-2/51256
類別資料分析,姚開屏,48994,Psy5011,227U0300,選修,,"一 6,7,8",北館N206,2 類,,3,,https://course.ntu.edu.tw/courses/114-2/48994
行為神經科學研究方法,賴文崧,46416,Psy5024,227U0840,選修,,"一 6,7,8",南館S309,2 類,,3,,https://course.ntu.edu.tw/courses/114-2/46416
社會情緒發展,黃菁瑜,95104,Psy5116,227U6380,選修,,"二 6,7,8",南館地下B,2 類,,3,,https://course.ntu.edu.tw/courses/114-2/95104
視覺專題研究八,陳建中,37489,Psy5156,227U9080,選修,,"三 2,3,4",南館S409,2 類,,3,,https://course.ntu.edu.tw/courses/114-2/37489
生理心理學專題研究八,賴文崧,57623,Psy5162,227U4570,選修,,"二 A,B,C",南館S217,2 類,,3,,https://course.ntu.edu.tw/courses/114-2/57623
大一研討課,周泰立,43341,Psy5176,20710120,必帶,,"五 7,8",北館視聽,2 類,,2,,https://course.ntu.edu.tw/courses/114-2/43341
色彩知覺,陳建中,55906,Psy5243,227U8270,選修,,"二 2,3,4",南館S409,2 類,,3,,https://course.ntu.edu.tw/courses/114-2/55906
人力資源管理,吳宗祐,44839,Psy5255,227U5040,選修,,"四 7,8,9,10",南館地下A,2 類,,3,,https://course.ntu.edu.tw/courses/114-2/44839
腦與語言,周泰立,32421,Psy5274,227U2380,選修,,"四 2,3,4",北館N221,2 類,,3,,https://course.ntu.edu.tw/courses/114-2/32421
身心中軸覺察與正念：實作與文獻討論,鄧善娟,35458,Psy5275,227U1760,選修,,,,2 類,,3,,https://course.ntu.edu.tw/courses/114-2/35458
心理與神經資訊學專題研究六,黃從仁,43811,Psy5290,227U9150,選修,,,,1 類,,3,,https://course.ntu.edu.tw/courses/114-2/43811
神經生物與認知科學專題討論二,賴文崧,24873,Psy5291,227U1830,必修 / 選修,,"一 10,A",北館視聽,2 類,,1,,https://course.ntu.edu.tw/courses/114-2/24873
心理學與社會議題專題研究,李怡青,27434,Psy5294,227U1850,選修,,"三 2,3,4",北館N206,2 類,,3,,https://course.ntu.edu.tw/courses/114-2/27434
從心理學視角看性別議題,李怡青,46450,Psy5304,227U2210,選修,,"二 2,3,4",北館N206,2 類,,3,,https://course.ntu.edu.tw/courses/114-2/46450
青少年心理學專題討論,周珮雯,54654,Psy5343,227U2730,選修,,"五 2,3,4",南館S309,2 類,,3,,https://course.ntu.edu.tw/courses/114-2/54654
說服式社會機器人設計專題,岳修平,31870,Psy5365,227U3170,選修,,"五 7,8,9",北館N206,2 類,,3,,https://course.ntu.edu.tw/courses/114-2/31870
互動心智科學初階研究,陳品豪,51394,Psy5372,227U3260,選修,,,,2 類,,1,,https://course.ntu.edu.tw/courses/114-2/51394
發展心理病理學,陳彥伶,12219,Psy5373,227U3270,選修,,"三 2,3,4",南館S217,2 類,,3,,https://course.ntu.edu.tw/courses/114-2/12219
AI時代人類的獨特性,葉素玲,29770,Psy5380,227U3350,選修,,"五 2,3,4",新304,2 類,,3,,https://course.ntu.edu.tw/courses/114-2/29770
兒少心理健康書報討論,趙儀珊,44590,Psy5384,227U3390,選修,,"四 3,4",南館S217,2 類,,2,,https://course.ntu.edu.tw/courses/114-2/44590
鑑識神經科學專題研究五,曾祥非,31538,Psy5385,227U3410,選修,,"四 5,6,7",南館S217,2 類,,3,,https://course.ntu.edu.tw/courses/114-2/31538
心理學專題研究五,葉素玲,49609,Psy5386,227U3420,選修,,"一 2,3,4",南館S217,2 類,,3,,https://course.ntu.edu.tw/courses/114-2/49609
應用兒童發展專題,黃菁瑜,95103,Psy5387,227U3430,選修,,"一 6,7,8",南館地下A,2 類,,3,,https://course.ntu.edu.tw/courses/114-2/95103
專題討論,陳彥伶,12127,Psy7000,227M0050,必修,,三 8,北館視聽,2 類,,1,,https://course.ntu.edu.tw/courses/114-2/12127
語言發展與障礙專題討論一,曹峰銘,51958,Psy7011,227M1070,選修,,"一 2,3,4",北館N221,2 類,,3,,https://course.ntu.edu.tw/courses/114-2/51958
臨床心理學特論二,林耀盛,25876,Psy7042,227M2360,選修,,"一 A,B,C",南館S409,2 類,,2,,https://course.ntu.edu.tw/courses/114-2/25876
組織行為研究法,熊欣華,19687,Psy7058,227M2680,選修,,"四 2,3,4",北館N206,2 類,,3,,https://course.ntu.edu.tw/courses/114-2/19687
高等組織心理學,鄭伯壎,50993,Psy7059,227M2750,選修,,"一 6,7,8",南館地下B,2 類,,3,,https://course.ntu.edu.tw/courses/114-2/50993
工商心理學專題研究(一),熊欣華,44988,Psy7067,227M3020,選修,,"五 6,7",南館地下B,2 類,,2,,https://course.ntu.edu.tw/courses/114-2/44988
工商心理學專題研究三,吳宗祐,12039,Psy7069,227M3060,選修,,"五 8,9",南館地下B,2 類,,2,,https://course.ntu.edu.tw/courses/114-2/12039
臨床神經心理衡鑑見習二,張玉玲,30779,Psy7159,227M7610,選修,,"二 7,8,9",,2 類,,3,,https://course.ntu.edu.tw/courses/114-2/30779
心理計量專題研究七,姚開屏,44853,Psy7176,227M8620,選修,,"三 9,10",南館S409,2 類,,2,,https://course.ntu.edu.tw/courses/114-2/44853
認知電生理學導論,郭柏呈,95123,Psy7227,227M5180,選修,,"五 6,7,8",,2 類,,3,,https://course.ntu.edu.tw/courses/114-2/95123
高等人格社會心理學,李怡青,56657,Psy7234,227M4180,必修,,"二 6,7,8",南館S217,2 類,,3,,https://course.ntu.edu.tw/courses/114-2/56657
心理學專題研究督導二,黃從仁,15984,Psy7242,227M9230,選修,,,,1 類,,1,,https://course.ntu.edu.tw/courses/114-2/15984
精神科臨床心理學實習二,張素凰,41464,Psy7269,227M7830,必修,,"一 8,9,10",南館S217,2 類,,3,,https://course.ntu.edu.tw/courses/114-2/41464
精神科臨床心理學實習二,陳淑惠,58977,Psy7269,227M7830,必修,,"一 7,8,9",南館S409,2 類,,3,,https://course.ntu.edu.tw/courses/114-2/58977
臨床神經心理實習二,張玉玲,24819,Psy7271,227M7850,選修,,,,2 類,,3,,https://course.ntu.edu.tw/courses/114-2/24819
臨床健康心理實習二,林耀盛,52895,Psy7273,227M7870,必修,,"二 7,8,9,10",南館S409,2 類,,3,,https://course.ntu.edu.tw/courses/114-2/52895
臨床健康心理衡鑑,林耀盛,42629,Psy7276,227M7940,必修,,"二 A,B,C",南館S409,2 類,,3,,https://course.ntu.edu.tw/courses/114-2/42629
神經與行為模型建構,黃從仁,25424,Psy7277,227M9280,選修,,"五 2,3,4",,3 類,,3,,https://course.ntu.edu.tw/courses/114-2/25424
進階心理診斷與衡鑑,陳淑惠,39981,Psy7280,227M7950,必修,,"二 3,4,5",南館S217,2 類,,3,,https://course.ntu.edu.tw/courses/114-2/39981
發展與司法心理學專題研究二,趙儀珊,47583,Psy7282,227M6210,選修,,"四 5,6",北館N221,2 類,,2,,https://course.ntu.edu.tw/courses/114-2/47583
心理學與科技,張玉玲,30037,Psy7334,227M0720,選修,,"一 2,3,4",南館S409,2 類,,3,,https://course.ntu.edu.tw/courses/114-2/30037
數理心理學特論五,徐永豐,21606,Psy7335,227M0730,選修,,,,2 類,,3,,https://course.ntu.edu.tw/courses/114-2/21606
計算互動腦科學專題討論四,陳品豪,25399,Psy7336,227M0740,選修,,,,2 類,,3,,https://course.ntu.edu.tw/courses/114-2/25399
計算互動心智科學專題研究四,陳品豪,48944,Psy7337,227M0750,選修,,,,2 類,,3,,https://course.ntu.edu.tw/courses/114-2/48944
腦與意識專題研究六,謝伯讓,46542,Psy7338,227M0760,選修,,"一 2,3,4",南館S309,2 類,,3,,https://course.ntu.edu.tw/courses/114-2/46542
臨床心理學特論三,陳彥伶,19995,Psy7339,227M0770,選修,,"三 10,A,B",南館S309,2 類,,3,,https://course.ntu.edu.tw/courses/114-2/19995
碩士論文,,28788,Psy7999,227M0010,必修,,,,1 類,,0,,https://course.ntu.edu.tw/courses/114-2/28788
專題討論,黃從仁,19593,Psy8001,227D0060,必修,,三 7,北館視聽,1 類,,1,,https://course.ntu.edu.tw/courses/114-2/19593
語言心理學獨立研究六,周泰立,29806,Psy8125,227D0890,選修,,"四 5,6",北館N206,2 類,,2,,https://course.ntu.edu.tw/courses/114-2/29806
博士論文,,44251,Psy8999,227D0010,必修,,,,1 類,,0,,https://course.ntu.edu.tw/courses/114-2/44251
服務學習乙,郭曉意,39487,PT0011,408001H0,必帶,,,,2 類,,1,,https://course.ntu.edu.tw/courses/114-2/39487
運動生理學,王儷穎,57857,PT1019,40823100,必帶,,"一 6,7",物治實習3F,2 類,,2,,https://course.ntu.edu.tw/courses/114-2/57857
表體解剖學,蘇泰德,38424,PT1023,40823400,必帶,,"五 8,9",物治實習3F,2 類,,2,,https://course.ntu.edu.tw/courses/114-2/38424
彈性貼紮學暨實習,柴惠敏,25888,PT1027,40810280,必帶,,"五 2,3,4",物治實習3F,2 類,,2,,https://course.ntu.edu.tw/courses/114-2/25888
生物力學,陳月霞,28920,PT2005,40821500,必帶 / 選修,,"四 6,7",公衛214,2 類,,2,,https://course.ntu.edu.tw/courses/114-2/28920
物理治療與健康照護倫理,王淑芬,53318,PT2007,40821700,必帶 / 選修,,三 4,物治實習3F,2 類,,1,,https://course.ntu.edu.tw/courses/114-2/53318
基礎物理治療學及實習,陳月霞,59790,PT2024,40823900,必帶,,"一 2,3,4 / 二 1,2,3,4",物治實習3F,2 類,,4,,https://course.ntu.edu.tw/courses/114-2/59790
研究方法學與統計學,蘇泰德,39840,PT2025,40824000,必帶,,"五 6,7",物治實習3F,2 類,,2,,https://course.ntu.edu.tw/courses/114-2/39840
問題導向臨床見習與實習,陳月霞,39582,PT2028,40823610,必帶,,"二 7,8",公衛212,2 類,,1,,https://course.ntu.edu.tw/courses/114-2/39582
專業素養增能 (一),林冠吟,42365,PT2029,40824310,必帶,,"三 7,8",物治實習3F,2 類,,1,,https://course.ntu.edu.tw/courses/114-2/42365
物理治療行政管理學,林居正,56992,PT3001,40831040,必帶,,二 9,物治實習3F,2 類,,1,,https://course.ntu.edu.tw/courses/114-2/56992
臨床營養學,吳晏慈,50177,PT3048,40833240,必帶,,"一 8,9",物治實習3F,2 類,,1,,https://course.ntu.edu.tw/courses/114-2/50177
物理治療教與學,吳晏慈,56136,PT3050,40833260,必帶,,"一 8,9",物治實習3F,2 類,,1,,https://course.ntu.edu.tw/courses/114-2/56136
物理治療基本肌肉骨骼系統影像二,王興國,10871,PT3059,40836300,必帶,,三 2,物治實習4F,2 類,,1,,https://course.ntu.edu.tw/courses/114-2/10871
肌肉骨骼疾患物理治療實習二,蘇泰德,30818,PT3060,40836400,必帶,,"三 7,8",公衛201,2 類,,1,,https://course.ntu.edu.tw/courses/114-2/30818
臨床神經影像學,湯佩芳,46138,PT3061,40836500,必帶,,"三 9,10",物治實習4F,2 類,,2,,https://course.ntu.edu.tw/courses/114-2/46138
臨床解剖應用與實驗,王淑芬,29805,PT3065,40836700,必帶,,"五 1,2,3,4",,2 類,,2,,https://course.ntu.edu.tw/courses/114-2/29805
物理治療專題討論,鄭素芳,19730,PT4014,40842300,必修,,"六 2,3",物治實習4F,2 類,,2,,https://course.ntu.edu.tw/courses/114-2/19730
物理治療臨床實習(D),林居正,31161,PT4026,40843000,選修,,,,2 類,,4,,https://course.ntu.edu.tw/courses/114-2/31161
物理治療臨床實習(E),林居正,28111,PT4027,40843100,選修,,,,2 類,,4,,https://course.ntu.edu.tw/courses/114-2/28111
物理治療研究一,吳晏慈,23409,PT4031,40842910,選修,,,,2 類,,2,,https://course.ntu.edu.tw/courses/114-2/23409
物理治療研究二,吳晏慈,29951,PT4032,40842920,選修,,,,2 類,,2,,https://course.ntu.edu.tw/courses/114-2/29951
物理治療研究二,李亞芸,32439,PT4032,40842920,選修,,,,2 類,,2,,https://course.ntu.edu.tw/courses/114-2/32439
物理治療研究二,劉宴齊,23969,PT4032,40842920,選修,,,,2 類,,2,,https://course.ntu.edu.tw/courses/114-2/23969
物理治療研究三,吳晏慈,30367,PT4033,40842930,選修,,,,2 類,,2,,https://course.ntu.edu.tw/courses/114-2/30367
物理治療研究三,陳月霞,23196,PT4033,40842930,選修,,,,2 類,,2,,https://course.ntu.edu.tw/courses/114-2/23196
物理治療研究四,李亞芸,44166,PT4034,40842940,選修,,,,2 類,,2,,https://course.ntu.edu.tw/courses/114-2/44166
物理治療研究四,劉宴齊,10345,PT4034,40842940,選修,,,,2 類,,2,,https://course.ntu.edu.tw/courses/114-2/10345
科技輔具學與實習二,劉宴齊,13336,PT4039,40843350,必帶 / 選修,,"四 8,9",物治實習4F,2 類,,1,,https://course.ntu.edu.tw/courses/114-2/13336
兒童物理治療,吳晏慈,51686,PT4044,40843400,必帶,,"三 6,7,8",物治實習4F,2 類,,2,,https://course.ntu.edu.tw/courses/114-2/51686
皮膚系統物理治療,陳月霞,21411,PT4046,40843420,必帶,,"四 2,3",物治實習3F,2 類,,2,,https://course.ntu.edu.tw/courses/114-2/21411
臨床藥物學,郭曉意,46658,PT4047,40843430,必帶,,"五 6,7",公衛211,2 類,,2,,https://course.ntu.edu.tw/courses/114-2/46658
肌肉骨骼物理治療、預防與實習二,王淑芬,52666,PT4058,40843540,必帶,,"二 2,3,4",物治實習4F,2 類,,2,,https://course.ntu.edu.tw/courses/114-2/52666
神經物理治療學實習,林千禾,26447,PT4062,40843800,必帶,,"四 6,7",物治實習4F,2 類,,1,,https://course.ntu.edu.tw/courses/114-2/26447
兒童物理治療學實習,吳晏慈,35423,PT4063,40843900,必帶,,"五 3,4",物治實習4F,2 類,,1,,https://course.ntu.edu.tw/courses/114-2/35423
鑑別診斷,王興國,25086,PT4064,40844000,必帶,,"一 6,7,8",物治實習4F,2 類,,2,,https://course.ntu.edu.tw/courses/114-2/25086
心肺與兒童疾病鑑別診斷,郭曉意,30428,PT4065,40844100,必帶,,四 4,物治實習4F,2 類,,1,,https://course.ntu.edu.tw/courses/114-2/30428
心肺物理治療學實習,林冠吟,57554,PT4066,40844200,必帶,,"一 2,3,4",物治實習4F,2 類,,1,,https://course.ntu.edu.tw/courses/114-2/57554
神經物理治療Ⅱ：介入、預防與實習,湯佩芳,34933,PT4067,40843710,必帶,,"二 6,7,8,9",物治實習4F,2 類,,3,,https://course.ntu.edu.tw/courses/114-2/34933
老人物理治療學,湯佩芳,40865,PT5007,428U0070,必帶 / 選修,,"一 3,4",公衛214,2 類,,2,,https://course.ntu.edu.tw/courses/114-2/40865
肌肉骨骼物理治療臨床實習,林居正,59042,PT5030,40850000,必修,,,,2 類,,4,,https://course.ntu.edu.tw/courses/114-2/59042
神經物理治療臨床實習,湯佩芳,36498,PT5031,40850400,必修 / 選修,,,,2 類,,4,,https://course.ntu.edu.tw/courses/114-2/36498
小兒物理治療臨床實習,鄭素芳,47502,PT5032,40850500,必修,,,,2 類,,4,,https://course.ntu.edu.tw/courses/114-2/47502
呼吸循環物理治療臨床實習,王儷穎,12734,PT5033,40850600,必修,,,,2 類,,4,,https://course.ntu.edu.tw/courses/114-2/12734
物理治療特色實習一,林居正,53820,PT6011,40861000,必修,,,,2 類,,2,,https://course.ntu.edu.tw/courses/114-2/53820
物理治療特色實習二,林居正,31006,PT6012,40861100,必修,,,,2 類,,2,,https://course.ntu.edu.tw/courses/114-2/31006
物理治療特色實習三,林居正,36402,PT6013,40861200,選修,,,,2 類,,2,,https://course.ntu.edu.tw/courses/114-2/36402
物理治療特色實習四,林居正,38137,PT6014,40861300,選修,,,,2 類,,2,,https://course.ntu.edu.tw/courses/114-2/38137
骨科物治臨床實習研究一,徐瑋勵,54459,PT7001,428M0030,選修,,,,2 類,,2,,https://course.ntu.edu.tw/courses/114-2/54459
心肺物治臨床實習研究一,王儷穎,58373,PT7004,428M0060,選修,,,,2 類,,2,,https://course.ntu.edu.tw/courses/114-2/58373
骨科物治臨床實習研究二,林居正,18022,PT7005,428M0070,選修,,,,2 類,,2,,https://course.ntu.edu.tw/courses/114-2/18022
骨科物治臨床實習研究二,王興國,45753,PT7005,428M0070,選修,,,,2 類,,2,,https://course.ntu.edu.tw/courses/114-2/45753
骨科物治臨床實習研究二,徐瑋勵,33792,PT7005,428M0070,選修,,,,2 類,,2,,https://course.ntu.edu.tw/courses/114-2/33792
神經物治臨床實習研究二,李亞芸,39530,PT7006,428M0080,選修,,,,2 類,,2,,https://course.ntu.edu.tw/courses/114-2/39530
神經物治臨床實習研究二,劉宴齊,40074,PT7006,428M0080,選修,,,,2 類,,2,,https://course.ntu.edu.tw/courses/114-2/40074
小兒物治臨床實習研究二,吳晏慈,38489,PT7007,428M0090,選修,,,,2 類,,2,,https://course.ntu.edu.tw/courses/114-2/38489
小兒物治臨床實習研究二,郭曉意,28106,PT7007,428M0090,選修,,,,2 類,,2,,https://course.ntu.edu.tw/courses/114-2/28106
高等物理治療評估學,李亞芸,57451,PT7027,428M1110,必修,,"二 1,2",物治討論一,2 類,,2,,https://course.ntu.edu.tw/courses/114-2/57451
物理治療研究方法學,王儷穎,54989,PT7028,428M1120,必修,,"五 6,7",物治討論一,2 類,,2,,https://course.ntu.edu.tw/courses/114-2/54989
高等物理治療評估學實習,李亞芸,38806,PT7035,428M1200,必修,,"二 3,4",物治討論一,2 類,,1,,https://course.ntu.edu.tw/courses/114-2/38806
專題討論四,蘇泰德,41400,PT7045,428M1320,必修,,三 10,公衛211,2 類,,1,,https://course.ntu.edu.tw/courses/114-2/41400
區域解剖學,王淑芬,10922,PT7074,428M2090,選修,,"五 1,2,3,4",,2 類,,2,,https://course.ntu.edu.tw/courses/114-2/10922
高等神經系統物理治療學,湯佩芳,40199,PT7084,428M3050,選修,,"一 8,9",物治討論一,2 類,,2,,https://course.ntu.edu.tw/courses/114-2/40199
骨科物理治療專題討論四,陳月霞,10310,PT7090,428M3200,選修,,三 5,物治討論一,2 類,,1,,https://course.ntu.edu.tw/courses/114-2/10310
教學實習,郭曉意,13866,PT7096,428M3250,選修,,,,2 類,,0,,https://course.ntu.edu.tw/courses/114-2/13866
實用統計學（迴歸分析）,林居正,21520,PT7097,428M2140,必修,,"三 1,2,3",物治討論一,2 類,,3,,https://course.ntu.edu.tw/courses/114-2/21520
骨科物治臨床專題研究一,蘇泰德,15664,PT7100,428M4110,選修,,,,2 類,,1,,https://course.ntu.edu.tw/courses/114-2/15664
骨科物治臨床專題研究二,王淑芬,30134,PT7101,428M4120,選修,,,,2 類,,1,,https://course.ntu.edu.tw/courses/114-2/30134
骨科物治臨床專題研究二,林居正,19162,PT7101,428M4120,選修,,,,2 類,,1,,https://course.ntu.edu.tw/courses/114-2/19162
骨科物治臨床專題研究二,徐瑋勵,43589,PT7101,428M4120,選修,,,,2 類,,1,,https://course.ntu.edu.tw/courses/114-2/43589
骨科物治臨床專題研究三,王淑芬,30767,PT7102,428M4130,選修,,,,2 類,,1,,https://course.ntu.edu.tw/courses/114-2/30767
神經物治臨床專題研究一,李亞芸,13248,PT7104,428M4210,選修,,,,2 類,,1,,https://course.ntu.edu.tw/courses/114-2/13248
神經物治臨床專題研究二,湯佩芳,38654,PT7105,428M4220,選修,,,,2 類,,1,,https://course.ntu.edu.tw/courses/114-2/38654
神經物治臨床專題研究二,劉宴齊,13911,PT7105,428M4220,選修,,,,2 類,,1,,https://course.ntu.edu.tw/courses/114-2/13911
神經物治臨床專題研究四,李亞芸,15490,PT7107,428M4240,選修,,,,2 類,,1,,https://course.ntu.edu.tw/courses/114-2/15490
神經物治臨床專題研究四,劉宴齊,49901,PT7107,428M4240,選修,,,,2 類,,1,,https://course.ntu.edu.tw/courses/114-2/49901
小兒物治臨床專題研究一,郭曉意,59706,PT7108,428M4310,選修,,,,2 類,,1,,https://course.ntu.edu.tw/courses/114-2/59706
小兒物治臨床專題研究二,吳晏慈,57183,PT7109,428M4320,選修,,,,2 類,,1,,https://course.ntu.edu.tw/courses/114-2/57183
小兒物治臨床專題研究三,吳晏慈,10559,PT7110,428M4330,選修,,,,2 類,,1,,https://course.ntu.edu.tw/courses/114-2/10559
小兒物治臨床專題研究四,鄭素芳,22682,PT7111,428M4340,選修,,,,2 類,,1,,https://course.ntu.edu.tw/courses/114-2/22682
小兒物治臨床專題研究四,郭曉意,41619,PT7111,428M4340,選修,,,,2 類,,1,,https://course.ntu.edu.tw/courses/114-2/41619
心肺物治臨床專題研究一,王儷穎,40644,PT7112,428M4410,選修,,,,2 類,,1,,https://course.ntu.edu.tw/courses/114-2/40644
心肺物治臨床專題研究二,林冠吟,45056,PT7113,428M4420,選修,,,,2 類,,1,,https://course.ntu.edu.tw/courses/114-2/45056
碩士論文,林居正,37116,PT7999,428M0010,必修,,,,1 類,,0,,https://course.ntu.edu.tw/courses/114-2/37116
動作分析之理論與應用,徐瑋勵,51230,PT8006,428D0070,必修,,"二 7,8,9",物治討論三,2 類,,3,,https://course.ntu.edu.tw/courses/114-2/51230
小兒物理治療學專題研究一,郭曉意,27438,PT8013,428D0150,選修,,,,2 類,,1,,https://course.ntu.edu.tw/courses/114-2/27438
小兒物理治療學專題研究二,吳晏慈,48993,PT8014,428D0160,選修,,,,2 類,,1,,https://course.ntu.edu.tw/courses/114-2/48993
小兒物理治療學專題研究三,吳晏慈,44950,PT8015,428D0170,選修,,,,2 類,,1,,https://course.ntu.edu.tw/courses/114-2/44950
神經物理治療學專題研究一,李亞芸,54522,PT8019,428D0210,選修,,,,2 類,,1,,https://course.ntu.edu.tw/courses/114-2/54522
神經物理治療學專題研究五,李亞芸,51206,PT8023,428D0250,選修,,,,2 類,,1,,https://course.ntu.edu.tw/courses/114-2/51206
骨科物理治療學專題研究一,蘇泰德,19422,PT8025,428D0270,選修,,,,2 類,,1,,https://course.ntu.edu.tw/courses/114-2/19422
骨科物理治療學專題研究二,徐瑋勵,32951,PT8026,428D0280,選修,,,,2 類,,1,,https://course.ntu.edu.tw/courses/114-2/32951
骨科物理治療學專題研究三,林居正,12173,PT8027,428D0290,選修,,,,2 類,,1,,https://course.ntu.edu.tw/courses/114-2/12173
骨科物理治療學專題研究三,徐瑋勵,21840,PT8027,428D0290,選修,,,,2 類,,1,,https://course.ntu.edu.tw/courses/114-2/21840
骨科物理治療學專題研究四,林居正,58213,PT8028,428D0300,選修,,,,2 類,,1,,https://course.ntu.edu.tw/courses/114-2/58213
骨科物理治療學專題研究四,王興國,11194,PT8028,428D0300,選修,,,,2 類,,1,,https://course.ntu.edu.tw/courses/114-2/11194
骨科物理治療學專題研究四,徐瑋勵,15440,PT8028,428D0300,選修,,,,2 類,,1,,https://course.ntu.edu.tw/courses/114-2/15440
骨科物理治療學專題研究四,陳月霞,30919,PT8028,428D0300,選修,,,,2 類,,1,,https://course.ntu.edu.tw/courses/114-2/30919
骨科物理治療學專題研究六,王興國,56695,PT8030,428D0320,選修,,,,2 類,,1,,https://course.ntu.edu.tw/courses/114-2/56695
骨科物理治療學專題研究八,陳月霞,55237,PT8072,428D0680,選修,,,,2 類,,1,,https://course.ntu.edu.tw/courses/114-2/55237
骨科物理治療學專題研究九,王興國,22991,PT8073,428D0690,選修,,,,2 類,,1,,https://course.ntu.edu.tw/courses/114-2/22991
胸腔復健學,王儷穎,36173,PT8080,428D0760,選修,,"四 2,3",物治討論二,2 類,,2,,https://course.ntu.edu.tw/courses/114-2/36173
皮膚系統物理治療學特論,陳月霞,14025,PT8082,428D0780,選修,,"四 2,3,4",,2 類,,3,,https://course.ntu.edu.tw/courses/114-2/14025
博士論文,林居正,56891,PT8999,428D0010,必修,,,,1 類,,0,,https://course.ntu.edu.tw/courses/114-2/56891
國際生華語歷史故事,葉千菁,26572,PTCSL5005,146U9330,選修,,"一 6,7",普403,2 類,,2,,https://course.ntu.edu.tw/courses/114-2/26572
國際生唐宋詩詞選讀,劉孝聖,36051,PTCSL5008,146U9370,選修,,"一 8,9",新401,2 類,,2,,https://course.ntu.edu.tw/courses/114-2/36051
國際生華語閱讀與寫作,蔡一萍,52376,PTCSL5011,146U9390,選修,,"五 3,4",普501,2 類,,2,,https://course.ntu.edu.tw/courses/114-2/52376
國際生文言文入門,葉千菁,33924,PTCSL5012,146U9400,選修,,"四 8,9",共302,2 類,,2,,https://course.ntu.edu.tw/courses/114-2/33924
比較文化研究,汪俊彥,21741,PTCSL7006,146M0170,選修,,"三 2,3,4",綜607,2 類,,3,,https://course.ntu.edu.tw/courses/114-2/21741
社會語言學,劉德馨,25827,PTCSL7206,146M0130,選修,,"四 2,3,4",博雅308,2 類,,3,,https://course.ntu.edu.tw/courses/114-2/25827
篇章分析,蔡宜妮,43712,PTCSL7213,146M0200,選修,,"二 6,7,8",博雅308,2 類,,3,,https://course.ntu.edu.tw/courses/114-2/43712
語料庫輔助華語教學,張莉萍,24747,PTCSL7250,146M0560,選修,,"五 7,8,9",綜505,2 類,,3,,https://course.ntu.edu.tw/courses/114-2/24747
對比分析與學習者語言,張莉萍,45973,PTCSL7251,146M0570,選修,,"五 2,3,4",綜505,2 類,,3,,https://course.ntu.edu.tw/courses/114-2/45973
漢語發展與華語教學,楊秀芳,30277,PTCSL7254,146M0590,選修,,"五 2,3,4",博雅204,2 類,,3,,https://course.ntu.edu.tw/courses/114-2/30277
研究方法,劉德馨,25301,PTCSL7256,146M0610,必修,,"一 3,4",博雅204,2 類,,2,,https://course.ntu.edu.tw/courses/114-2/25301
文化研究,汪俊彥,22731,PTCSL7260,146M0650,必修,,"二 2,3,4",博雅204,2 類,,3,,https://course.ntu.edu.tw/courses/114-2/22731
會話分析與課室言談,蔡宜妮,24397,PTCSL7263,146M0680,選修,,"三 6,7,8",博雅304,2 類,,3,,https://course.ntu.edu.tw/courses/114-2/24397
國際生華語 (二),何宣瑩,31930,PTCSL7909,146U9090,選修,,"一 1,2 / 三 1,2 / 五 1,2",新401,2 類,,3,,https://course.ntu.edu.tw/courses/114-2/31930
國際生華語 (二),吳俞萱,16852,PTCSL7909,146U9090,選修,,"一 1,2 / 三 1,2 / 五 1,2",新502,2 類,,3,,https://course.ntu.edu.tw/courses/114-2/16852
國際生華語 (二),李芳蓓,24572,PTCSL7909,146U9090,選修,,"一 1,2 / 三 1,2 / 五 1,2",新504,2 類,,3,,https://course.ntu.edu.tw/courses/114-2/24572
國際生華語 (二),趙玉雯,10318,PTCSL7909,146U9090,選修,,"一 1,2 / 三 1,2 / 五 1,2",共302/共303/共303,2 類,,3,,https://course.ntu.edu.tw/courses/114-2/10318
國際生華語 (二),王曉君,20087,PTCSL7909,146U9090,選修,,"一 1,2 / 三 1,2 / 五 1,2",共306/共306/共305,2 類,,3,,https://course.ntu.edu.tw/courses/114-2/20087
國際生華語 (二),蔡孟芳,51609,PTCSL7909,146U9090,選修,,"一 1,2 / 三 1,2 / 五 1,2",共307/共307/共308,2 類,,3,,https://course.ntu.edu.tw/courses/114-2/51609
國際生華語 (二),蔡一萍,27677,PTCSL7909,146U9090,選修,,"一 1,2 / 三 1,2 / 五 1,2",普302,2 類,,3,,https://course.ntu.edu.tw/courses/114-2/27677
國際生華語 (二),陳  禛,34475,PTCSL7909,146U9090,選修,,"一 1,2 / 三 1,2 / 五 1,2",普401,2 類,,3,,https://course.ntu.edu.tw/courses/114-2/34475
國際生華語 (二),劉孝聖,34223,PTCSL7909,146U9090,選修,,"一 1,2 / 三 1,2 / 五 1,2",普402,2 類,,3,,https://course.ntu.edu.tw/courses/114-2/34223
國際生華語 (二),吳俞萱,32036,PTCSL7909,146U9090,選修,,"一 A,B,C / 三 A,B,C",普401,2 類,,3,,https://course.ntu.edu.tw/courses/114-2/32036
國際生華語 (二),王冠婷,46600,PTCSL7909,146U9090,選修,,"一 A,B,C / 三 A,B,C",普402,2 類,,3,,https://course.ntu.edu.tw/courses/114-2/46600
國際生華語 (二),鄭婷勻,38437,PTCSL7909,146U9090,選修,,"一 A,B,C / 三 A,B,C",普403,2 類,,3,,https://course.ntu.edu.tw/courses/114-2/38437
國際生華語 (二),林佩君,31916,PTCSL7909,146U9090,選修,,"一 A,B,C / 三 A,B,C",普404,2 類,,3,,https://course.ntu.edu.tw/courses/114-2/31916
國際生華語 (二),江怡音,35003,PTCSL7909,146U9090,選修,,"一 A,B,C / 三 A,B,C",普405,2 類,,3,,https://course.ntu.edu.tw/courses/114-2/35003
國際生華語 (二),葉千菁,51147,PTCSL7909,146U9090,選修,,"一 A,B,C / 三 A,B,C",普406,2 類,,3,,https://course.ntu.edu.tw/courses/114-2/51147
國際生華語 (二),蔡孟芳,33515,PTCSL7909,146U9090,選修,,"一 A,B,C / 三 A,B,C",普501,2 類,,3,,https://course.ntu.edu.tw/courses/114-2/33515
國際生華語 (二),邱旻宣,29531,PTCSL7909,146U9090,選修,,"一 A,B,C / 三 A,B,C",普502,2 類,,3,,https://course.ntu.edu.tw/courses/114-2/29531
國際生華語 (二),邱岳騏,11274,PTCSL7909,146U9090,選修,,"一 A,B,C / 三 A,B,C",普503,2 類,,3,,https://course.ntu.edu.tw/courses/114-2/11274
國際生華語 (二),何宣瑩,28573,PTCSL7909,146U9090,選修,,"一 A,B,C / 三 A,B,C",普504/普505,2 類,,3,,https://course.ntu.edu.tw/courses/114-2/28573
國際生華語 (二),駱美秀,46334,PTCSL7909,146U9090,選修,,"一 A,B,C / 三 A,B,C",普303/普305,2 類,,3,,https://course.ntu.edu.tw/courses/114-2/46334
國際生華語 (二),何婉嘉,45138,PTCSL7909,146U9090,選修,,"一 A,B,C / 三 A,B,C",普103/普102,2 類,,3,,https://course.ntu.edu.tw/courses/114-2/45138
國際生華語 (二),王冠婷,15421,PTCSL7909,146U9090,選修,,"二 A,B,C / 四 A,B,C",普401,2 類,,3,,https://course.ntu.edu.tw/courses/114-2/15421
國際生華語 (二),張孟華,56395,PTCSL7909,146U9090,選修,,"二 A,B,C / 四 A,B,C",普402,2 類,,3,,https://course.ntu.edu.tw/courses/114-2/56395
國際生華語 (二),吳俞萱,41250,PTCSL7909,146U9090,選修,,"二 A,B,C / 四 A,B,C",普403,2 類,,3,,https://course.ntu.edu.tw/courses/114-2/41250
國際生華語 (二),林梅琪,11974,PTCSL7909,146U9090,選修,,"二 A,B,C / 四 A,B,C",普404,2 類,,3,,https://course.ntu.edu.tw/courses/114-2/11974
國際生華語 (二),鄭婷勻,15240,PTCSL7909,146U9090,選修,,"二 A,B,C / 四 A,B,C",普405,2 類,,3,,https://course.ntu.edu.tw/courses/114-2/15240
國際生華語 (二),邱岳騏,57260,PTCSL7909,146U9090,選修,,"二 A,B,C / 四 A,B,C",普406,2 類,,3,,https://course.ntu.edu.tw/courses/114-2/57260
國際生華語 (二),邱旻宣,31586,PTCSL7909,146U9090,選修,,"二 A,B,C / 四 A,B,C",普501,2 類,,3,,https://course.ntu.edu.tw/courses/114-2/31586
國際生華語 (二),葉千菁,21682,PTCSL7909,146U9090,選修,,"二 A,B,C / 四 A,B,C",普502,2 類,,3,,https://course.ntu.edu.tw/courses/114-2/21682
國際生華語 (二),何宣瑩,15587,PTCSL7909,146U9090,選修,,"二 A,B,C / 四 A,B,C",普503,2 類,,3,,https://course.ntu.edu.tw/courses/114-2/15587
國際生華語 (二),蔡孟芳,17368,PTCSL7909,146U9090,選修,,"二 A,B,C / 四 A,B,C",普101/普505,2 類,,3,,https://course.ntu.edu.tw/courses/114-2/17368
國際生實用華語 (二),黃品蓉,56060,PTCSL7911,146U9110,選修,,"二 1,2 / 四 1,2",共302,2 類,,1,,https://course.ntu.edu.tw/courses/114-2/56060
國際生實用華語 (二),林孟婷,47220,PTCSL7911,146U9110,選修,,"二 1,2 / 四 1,2",共305,2 類,,1,,https://course.ntu.edu.tw/courses/114-2/47220
國際生實用華語 (二),張孟華,17099,PTCSL7911,146U9110,選修,,"二 1,2 / 四 1,2",共306,2 類,,1,,https://course.ntu.edu.tw/courses/114-2/17099
國際生實用華語 (二),江怡音,11077,PTCSL7911,146U9110,選修,,"二 1,2 / 四 1,2",共402,2 類,,1,,https://course.ntu.edu.tw/courses/114-2/11077
國際生實用華語 (二),林映均,47783,PTCSL7911,146U9110,選修,,"二 1,2 / 四 1,2",普302,2 類,,1,,https://course.ntu.edu.tw/courses/114-2/47783
國際生實用華語 (二),李芳蓓,50422,PTCSL7911,146U9110,選修,,"二 1,2 / 四 1,2",普401,2 類,,1,,https://course.ntu.edu.tw/courses/114-2/50422
國際生實用華語 (二),王曉君,20652,PTCSL7911,146U9110,選修,,"二 1,2 / 四 1,2",普402,2 類,,1,,https://course.ntu.edu.tw/courses/114-2/20652
國際生實用華語 (二),趙玉雯,34896,PTCSL7911,146U9110,選修,,"二 1,2 / 四 1,2",普403,2 類,,1,,https://course.ntu.edu.tw/courses/114-2/34896
國際生實用華語 (二),陳  禛,59375,PTCSL7911,146U9110,選修,,"二 1,2 / 四 1,2",普501,2 類,,1,,https://course.ntu.edu.tw/courses/114-2/59375
國際生實用華語 (二),蔡一萍,47517,PTCSL7911,146U9110,選修,,"二 1,2 / 四 1,2",普504,2 類,,1,,https://course.ntu.edu.tw/courses/114-2/47517
國際生商務華語,李芳蓓,46578,PTCSL7913,146U9130,選修,,"二 3,4",普406,2 類,,2,,https://course.ntu.edu.tw/courses/114-2/46578
國際生初級臺語,賴毓珊,17392,PTCSL7915,146U9150,選修,,"一 8,9",共204,2 類,,2,,https://course.ntu.edu.tw/courses/114-2/17392
國際生初級臺語,陳豐惠,43933,PTCSL7915,146U9150,選修,,"三 8,9",共307,2 類,,2,,https://course.ntu.edu.tw/courses/114-2/43933
國際生華語電影賞析,江怡音,21336,PTCSL7919,146U9190,選修,,"五 3,4",普502,2 類,,2,,https://course.ntu.edu.tw/courses/114-2/21336
國際生生活成語,葉千菁,32741,PTCSL7920,146U9200,選修,,"一 8,9",普304,2 類,,2,,https://course.ntu.edu.tw/courses/114-2/32741
國際生生活會話華語,蔡一萍,36537,PTCSL7921,146U9210,選修,,"一 3,4",普505,2 類,,2,,https://course.ntu.edu.tw/courses/114-2/36537
國際生進階臺語,賴毓珊,31117,PTCSL7923,146U9230,選修,,"二 8,9",共202,2 類,,2,,https://course.ntu.edu.tw/courses/114-2/31117
國際生進階臺語,陳豐惠,52913,PTCSL7923,146U9230,選修,,"三 6,7",共306,2 類,,2,,https://course.ntu.edu.tw/courses/114-2/52913
華語劇場與文化批評,汪俊彥,44929,PTCSL7930,146U9340,,,"二 6,7,8",文16,2 類,,3,,https://course.ntu.edu.tw/courses/114-2/44929
碩士論文,,42282,PTCSL7999,146M0010,必修,,,,1 類,,0,,https://course.ntu.edu.tw/courses/114-2/42282
轉譯醫學專題討論 II,林家齊,47114,PTMP8005,456D0050,必修,,三 7,,3 類,,1,,https://course.ntu.edu.tw/courses/114-2/47114
轉譯醫學專題討論IV,林家齊,59000,PTMP8007,456D0070,必修,,三 7,,3 類,,1,,https://course.ntu.edu.tw/courses/114-2/59000
生物醫學統計學,林家齊,44880,PTMP8009,456D0090,必修,,"三 3,4",,3 類,,2,,https://course.ntu.edu.tw/courses/114-2/44880
分子醫學研究法,林家齊,41145,PTMP8011,456D0110,選修,,"二 6,7",,3 類,,2,,https://course.ntu.edu.tw/courses/114-2/41145
實驗室實習二,陳瑞華,15194,PTMP8024,456D0260,必修,,,,3 類,,1,,https://course.ntu.edu.tw/courses/114-2/15194
臨床醫學概論,林家齊,18352,PTMP8026,456D0280,選修,,"一 3,4",,3 類,,2,,https://course.ntu.edu.tw/courses/114-2/18352
博士論文,林家齊,47511,PTMP8999,456D0010,必修,,,,1 類,,0,,https://course.ntu.edu.tw/courses/114-2/47511
博士論文,,21184,SCST8001,552D0010,必修,,,,1 類,,0,,https://course.ntu.edu.tw/courses/114-2/21184
書報討論,江明錫,16273,SCST8002,552D0020,必修,,"三 6,7",,2 類,,1,,https://course.ntu.edu.tw/courses/114-2/16273
專題演講,章為皓,43776,SCST8003,552D0030,必修,,,,2 類,,1,,https://course.ntu.edu.tw/courses/114-2/43776
永續化學科技導論 II,洪政雄,58563,SCST8008,552M0080,必修,,"三 2,3,4",,2 類,,3,,https://course.ntu.edu.tw/courses/114-2/58563
研究書報討論,洪政雄,55702,SCST8009,552D0090,選修,,"三 6,7",,2 類,,1,,https://course.ntu.edu.tw/courses/114-2/55702
服務學習乙,林孟瑢,13747,Soc0002,305001H0,選修,,,,2 類,,1,,https://course.ntu.edu.tw/courses/114-2/13747
社會學,李令儀,27618,Soc1027,30510110,,,"三 2,3,4",普304,3 類,,3,,https://course.ntu.edu.tw/courses/114-2/27618
社會學,李令儀,34229,Soc1027,30510110,,,"二 7,8,9",博雅302,3 類,,3,,https://course.ntu.edu.tw/courses/114-2/34229
社會學,簡妤儒,15308,Soc1027,30510110,,,"一 7,8,9",新303,3 類,,3,,https://course.ntu.edu.tw/courses/114-2/15308
社會學,吳嘉苓,10041,Soc1027,30510110,,,"一 2,3,4",博雅201,3 類,,3,,https://course.ntu.edu.tw/courses/114-2/10041
進階社會統計,郭貞蘭,39986,Soc1029,30512110,必帶 / 選修,,"五 2,3,4,6,7",社101,2 類,,4,,https://course.ntu.edu.tw/courses/114-2/39986
進階社會統計,林孟瑢,36266,Soc1029,30512110,必帶 / 選修,,"五 2,3,4,6,7",社103,2 類,,4,,https://course.ntu.edu.tw/courses/114-2/36266
社會學甲實習下,陳東升,57140,Soc1031,305102A2,必帶,,,,2 類,,1,,https://course.ntu.edu.tw/courses/114-2/57140
社會心理學,藍佩嘉,20436,Soc2012,30523100,選修,,"五 2,3,4",新204,3 類,,3,,https://course.ntu.edu.tw/courses/114-2/20436
家庭社會學,郭貞蘭,45987,Soc2016,30524000,選修,,"四 2,3,4",社207,2 類,,3,,https://course.ntu.edu.tw/courses/114-2/45987
都市社會學,陳東升,57182,Soc2028,30533100,選修,,"五 2,3,4",社207,2 類,,3,,https://course.ntu.edu.tw/courses/114-2/57182
組織社會學,柯志哲,49565,Soc3021,30532200,選修,,"五 7,8,9",社207,2 類,,3,,https://course.ntu.edu.tw/courses/114-2/49565
社會研究方法甲下,呂青湖,13418,Soc3049,305312A2,必帶,,"三 2,3,4 / 五 8,9",社207,2 類,,4,,https://course.ntu.edu.tw/courses/114-2/13418
社會研究方法甲下,林國明,32173,Soc3049,305312A2,必帶,,"三 2,3,4 / 五 8,9",社101,2 類,,4,,https://course.ntu.edu.tw/courses/114-2/32173
種族與族群研究,梁晨,59108,Soc3050,30534770,選修,,"二 7,8,9",社207,3 類,,3,,https://course.ntu.edu.tw/courses/114-2/59108
當代社會學理論,何明修,55308,Soc3058,30540320,必帶 / 選修,,"二 2,3,4",社103,2 類,,3,,https://course.ntu.edu.tw/courses/114-2/55308
偏差社會學,黃克先,28784,Soc3059,30536810,選修,,"一 2,3,4",社207,2 類,,3,,https://course.ntu.edu.tw/courses/114-2/28784
學士論文,簡妤儒,48130,Soc4021,30548820,選修,,,,2 類,,1,,https://course.ntu.edu.tw/courses/114-2/48130
東亞社會比較研究,劉仲恩,43967,Soc5009,325U1120,選修,,"一 7,8,9",社318,2 類,,3,,https://course.ntu.edu.tw/courses/114-2/43967
公共社會學寫作,何榮幸,40294,Soc5014,325U5210,選修,,"四 7,8,9",社205,2 類,,3,,https://course.ntu.edu.tw/courses/114-2/40294
社會民主的理論與經驗反思,范  雲,59619,Soc5015,325U0250,選修,,"一 10,A",社205,2 類,,2,,https://course.ntu.edu.tw/courses/114-2/59619
社會設計專案實作,吳嘉苓,95113,Soc5016,325U5360,選修,,"三 7,8,9",社112,2 類,,3,,https://course.ntu.edu.tw/courses/114-2/95113
田野工作,梁晨,49482,Soc5022,325U6000,選修,,"一 7,8,9",社209,2 類,,3,,https://course.ntu.edu.tw/courses/114-2/49482
文化社會學,李令儀,35080,Soc5043,325U0070,選修,,"四 2,3,4",社211,2 類,,3,,https://course.ntu.edu.tw/courses/114-2/35080
計算社會學,洪晨碩,52353,Soc5044,325U2010,選修,,"五 2,3,4",社205,2 類,,3,,https://course.ntu.edu.tw/courses/114-2/52353
語言社會學,翁哲瑞,46841,Soc5045,325U1500,選修,,"三 7,8,9",社209,2 類,,3,,https://course.ntu.edu.tw/courses/114-2/46841
當代亞洲的移工,貝愛琪,16090,Soc5098,325U1140,選修,,"四 7,8,9",社318,2 類,,1,,https://course.ntu.edu.tw/courses/114-2/16090
全球視角下的酷兒家庭,費雪若,34200,Soc5099,325U4910,選修,,"二 7,8,9",社318,2 類,,1,,https://course.ntu.edu.tw/courses/114-2/34200
高級社會統計,柯志哲,31133,Soc7014,325M1140,必修,,"三 2,3,4",社205,2 類,,3,,https://course.ntu.edu.tw/courses/114-2/31133
論文研究寫作,簡妤儒,58636,Soc7018,325M0380,選修,,"二 7,8,9",社110,2 類,,3,,https://course.ntu.edu.tw/courses/114-2/58636
當代社會學理論,翁哲瑞,27394,Soc7040,325M4200,必修,,"二 2,3,4",社318,2 類,,3,,https://course.ntu.edu.tw/courses/114-2/27394
社會運動專題討論,何明修,37443,Soc7096,325M7400,選修,,"三 7,8,9",社205,2 類,,3,,https://course.ntu.edu.tw/courses/114-2/37443
師生研究討論二,吳嘉苓,24693,Soc7103,325M7570,必修,,,,1 類,,1,,https://course.ntu.edu.tw/courses/114-2/24693
氣候變遷與社會,劉仲恩,48511,Soc7134,325M7810,選修,,"二 2,3,4",社205,2 類,,3,,https://course.ntu.edu.tw/courses/114-2/48511
轉型正義與集體記憶,汪宏倫,40331,Soc7137,325M7310,選修,,"四 7,8,9",,2 類,,3,,https://course.ntu.edu.tw/courses/114-2/40331
跨國社會學研究專題討論,藍佩嘉,59290,Soc7148,325M7230,選修,,"一 3,4,5",社318,2 類,,3,,https://course.ntu.edu.tw/courses/114-2/59290
後殖民性別研究專題,鄭欣娓,45708,Soc7149,325M0630,選修,,"四 7,8,9",社203,2 類,,3,,https://course.ntu.edu.tw/courses/114-2/45708
碩士論文,,12239,Soc7999,325M0010,選修,,,,1 類,,0,,https://course.ntu.edu.tw/courses/114-2/12239
高等量化方法,洪晨碩,18066,Soc8038,325D0160,必修,,"二 7,8,9",社205,2 類,,3,,https://course.ntu.edu.tw/courses/114-2/18066
師生研究討論二,李令儀,41493,Soc8043,325D3010,選修,,五 5,社205,1 類,,1,,https://course.ntu.edu.tw/courses/114-2/41493
博士論文,,30582,Soc8999,325D0010,選修,,,,1 類,,0,,https://course.ntu.edu.tw/courses/114-2/30582
國際投資銀行和管理顧問行業介紹(二),楊應超,46901,SPEFI5014,C42U0140,選修,,"二 2,3,4",綜402,2 類,,1,,https://course.ntu.edu.tw/courses/114-2/46901
財務管理,羅亦忻,13994,SPEFI7004,C42M0040,必修,,"一 8,9,10",新404,2 類,,3,,https://course.ntu.edu.tw/courses/114-2/13994
行為財務學,張晏誠,12005,SPEFI7007,C42M0070,選修,,"二 7,8,9",,2 類,,3,,https://course.ntu.edu.tw/courses/114-2/12005
金融危機分析,古吉曼,50789,SPEFI7012,C42M0120,選修,,"三 5,6,7",新402,2 類,,3,,https://course.ntu.edu.tw/courses/114-2/50789
金融實證研究方法,徐嘉承,54671,SPEFI7013,C42M0130,選修,,"四 5,6,7",新502,2 類,,3,,https://course.ntu.edu.tw/courses/114-2/54671
財金獨立研究,古吉曼,10738,SPEFI7014,C42M0140,選修,,,,2 類,,2,,https://course.ntu.edu.tw/courses/114-2/10738
財金獨立研究,羅亦忻,38677,SPEFI7014,C42M0140,選修,,,,2 類,,2,,https://course.ntu.edu.tw/courses/114-2/38677
財金獨立研究,徐嘉承,34734,SPEFI7014,C42M0140,選修,,,,2 類,,2,,https://course.ntu.edu.tw/courses/114-2/34734
企業實習/海外研習,羅亦忻,54610,SPEFI7100,C42M1000,必修,,,,2 類,,3,,https://course.ntu.edu.tw/courses/114-2/54610
國際政治經濟學,童涵浦,48789,SPEPE7002,C41M0020,必修,,"五 8,9,10",新401,2 類,,3,,https://course.ntu.edu.tw/courses/114-2/48789
公共經濟學,塵福朗,57035,SPEPE7027,C41M0270,選修,,"二 5,6,7",博雅305,2 類,,3,,https://course.ntu.edu.tw/courses/114-2/57035
賽局理論,馬芮安,47189,SPEPE7028,C41M0280,選修,,"三 8,9,10",綜505,2 類,,3,,https://course.ntu.edu.tw/courses/114-2/47189
高等計量方法專題,陳釗而,19492,SPEPE7033,C41M0330,選修,,"三 5,6,7",綜502,1 類,,3,,https://course.ntu.edu.tw/courses/114-2/19492
永續發展專題,塵福朗,59987,SPEPE7034,C41M0340,選修,,"二 8,9,10",博雅206,2 類,,3,,https://course.ntu.edu.tw/courses/114-2/59987
論文寫作,馬芮安,14589,SPEPE7038,C41M0380,選修,,"三 3,4",共206,2 類,,2,,https://course.ntu.edu.tw/courses/114-2/14589
經濟學與政治科學中的因果機器學習,陳釗而,37431,SPEPE7043,C41M0430,選修,,"二 2,3,4",博雅307,2 類,,3,,https://course.ntu.edu.tw/courses/114-2/37431
企業領導與治理,張孝威,48596,SPEPE7044,C41M0440,選修,,"四 3,4",新201,2 類,,2,,https://course.ntu.edu.tw/courses/114-2/48596
權力、說服與宣傳：政治與媒體中的英語修辭,傅友祥,28711,SPEPE7045,C41M0450,選修,,"二 8,9,10",共405,2 類,,3,,https://course.ntu.edu.tw/courses/114-2/28711
氣候變遷與社會,劉仲恩,95045,SPEPE7046,C41M0460,選修,,"二 2,3,4",,2 類,,3,,https://course.ntu.edu.tw/courses/114-2/95045
企業實習/海外研習,童涵浦,52021,SPEPE7100,C41M1000,必修,,,,2 類,,3,,https://course.ntu.edu.tw/courses/114-2/52021
運動產業專題研究(管理組),林怡秀,33616,SPORT7202,H42M0520,必修,,"二 2,3,4",綜館R204,3 類,,3,,https://course.ntu.edu.tw/courses/114-2/33616
運動產業專題研究(健康組),王國鑌,33035,SPORT7302,H42M0620,必修,,"四 6,7,8",綜館R204,3 類,,3,,https://course.ntu.edu.tw/courses/114-2/33035
活動專案管理,康正男,58275,SPORT7404,H42M0740,選修,,"一 7,8,9",綜館R204,3 類,,3,,https://course.ntu.edu.tw/courses/114-2/58275
運動傳播與媒體,林怡秀,47785,SPORT7407,H42M0770,選修,,"二 6,7,8",綜館R204,3 類,,3,,https://course.ntu.edu.tw/courses/114-2/47785
運動消費行為,林怡秀,50128,SPORT7408,H42M0780,選修,,"三 2,3,4",綜館R204,3 類,,3,,https://course.ntu.edu.tw/courses/114-2/50128
運動感測科技,何維華,13285,SPORT7511,H42M0910,選修,,"二 6,7,8",,3 類,,3,,https://course.ntu.edu.tw/courses/114-2/13285
運動科學訓練實務研究,連家瑩,29048,SPORT7516,H42M0960,選修,,"三 6,7,8",綜館R204,3 類,,3,,https://course.ntu.edu.tw/courses/114-2/29048
巔峰表現心理學,王國鑌,58378,SPORT7519,H42M0990,選修,,"四 2,3,4",綜館R204,3 類,,3,,https://course.ntu.edu.tw/courses/114-2/58378
碩士論文,,49699,SPORT7999,H42M0010,必修,,,,1 類,,0,,https://course.ntu.edu.tw/courses/114-2/49699
統計理論二,楊鈞澔,37261,STAT5005,250U0050,必修,,"五 2,3,4",新301,3 類,,3,,https://course.ntu.edu.tw/courses/114-2/37261
多變量統計分析,陳裕庭,31864,STAT5008,250U0080,選修,,"五 6,7,8",新502,3 類,,3,,https://course.ntu.edu.tw/courses/114-2/31864
統計學習,江其衽,52488,STAT5009,250U0090,選修,,"三 6,7,8",新403,3 類,,3,,https://course.ntu.edu.tw/courses/114-2/52488
長期追蹤資料分析,林書勤,39706,STAT5014,250U0140,選修,,"一 2,3,4",新301,2 類,,3,,https://course.ntu.edu.tw/courses/114-2/39706
生命時間數據分析,黃名鉞,55421,STAT5015,250U0150,選修,,"三 2,3,4",新301,3 類,,3,,https://course.ntu.edu.tw/courses/114-2/55421
專題研究,丘政民,53734,STAT7002,250M0020,必修,,,,2 類,,1,,https://course.ntu.edu.tw/courses/114-2/53734
專題研究,江其衽,33634,STAT7002,250M0020,必修,,,,2 類,,1,,https://course.ntu.edu.tw/courses/114-2/33634
專題研究,陳裕庭,33611,STAT7002,250M0020,必修,,,,2 類,,1,,https://course.ntu.edu.tw/courses/114-2/33611
專題研究,楊鈞澔,18273,STAT7002,250M0020,必修,,,,2 類,,1,,https://course.ntu.edu.tw/courses/114-2/18273
專題研究,林書勤,15891,STAT7002,250M0020,必修,,,,2 類,,1,,https://course.ntu.edu.tw/courses/114-2/15891
專題討論,陳裕庭,50198,STAT7003,250M0030,必修,,"二 3,4",新405,1 類,,1,,https://course.ntu.edu.tw/courses/114-2/50198
碩士論文,,18225,STAT7999,250M0010,必修,,,,1 類,,0,,https://course.ntu.edu.tw/courses/114-2/18225
服務學習乙社會服務,劉啟群,30854,StuAct0005,005041H0,選修,,,,2 類,,1,,https://course.ntu.edu.tw/courses/114-2/30854
服務學習乙社會服務,簡妤儒,16925,StuAct0005,005041H0,選修,,,,2 類,,1,,https://course.ntu.edu.tw/courses/114-2/16925
服務學習乙社會服務,劉旻禕,36573,StuAct0005,005041H0,選修,,,,2 類,,1,,https://course.ntu.edu.tw/courses/114-2/36573
服務學習乙社會服務,詹其峰,35153,StuAct0005,005041H0,選修,,,,2 類,,1,,https://course.ntu.edu.tw/courses/114-2/35153
服務學習乙社會服務,黃菁瑜,41494,StuAct0005,005041H0,選修,,,,2 類,,1,,https://course.ntu.edu.tw/courses/114-2/41494
服務學習乙社會服務,廖婉君,32602,StuAct0005,005041H0,選修,,,,1 類,,1,,https://course.ntu.edu.tw/courses/114-2/32602
服務學習乙社會服務,黃心豪,10996,StuAct0005,005041H0,選修,,,,2 類,,1,,https://course.ntu.edu.tw/courses/114-2/10996
服務學習乙社會服務,簡意玲,55904,StuAct0005,005041H0,選修,,,,2 類,,1,,https://course.ntu.edu.tw/courses/114-2/55904
服務學習乙社會服務,楊曉玲,51977,StuAct0005,005041H0,選修,,,,2 類,,1,,https://course.ntu.edu.tw/courses/114-2/51977
服務學習乙社會服務,朱士維,15007,StuAct0005,005041H0,選修,,,,1 類,,1,,https://course.ntu.edu.tw/courses/114-2/15007
服務學習乙社會服務,陳怡伃,21133,StuAct0005,005041H0,選修,,,,2 類,,1,,https://course.ntu.edu.tw/courses/114-2/21133
服務學習乙社會服務,黃凱苹,16787,StuAct0005,005041H0,選修,,,,2 類,,1,,https://course.ntu.edu.tw/courses/114-2/16787
服務學習乙社會服務,吳俊輝,59193,StuAct0005,005041H0,選修,,,,2 類,,1,,https://course.ntu.edu.tw/courses/114-2/59193
服務學習乙各級學校育樂營,王衍智,16691,StuAct0009,005061H0,選修,,,,2 類,,1,,https://course.ntu.edu.tw/courses/114-2/16691
服務學習乙各級學校育樂營,傅楸善,39751,StuAct0009,005061H0,選修,,,,2 類,,1,,https://course.ntu.edu.tw/courses/114-2/39751
服務學習乙各級學校育樂營,林維真,53572,StuAct0009,005061H0,選修,,,,2 類,,1,,https://course.ntu.edu.tw/courses/114-2/53572
服務學習乙各級學校育樂營,楊舜涵,12445,StuAct0009,005061H0,選修,,,,2 類,,1,,https://course.ntu.edu.tw/courses/114-2/12445
服務學習乙各級學校育樂營,簡旭伸,44473,StuAct0009,005061H0,選修,,,,3 類,,1,,https://course.ntu.edu.tw/courses/114-2/44473
服務學習乙各級學校育樂營,鄭憶中,14493,StuAct0009,005061H0,選修,,,,2 類,,1,,https://course.ntu.edu.tw/courses/114-2/14493
服務學習乙各級學校育樂營,李建模,44980,StuAct0009,005061H0,選修,,,,2 類,,1,,https://course.ntu.edu.tw/courses/114-2/44980
服務學習乙各級學校育樂營,謝筱玫,27421,StuAct0009,005061H0,選修,,,,3 類,,1,,https://course.ntu.edu.tw/courses/114-2/27421
服務學習乙海外服務,周崇熙,14166,StuAct0011,005071H0,選修,,,,2 類,,1,,https://course.ntu.edu.tw/courses/114-2/14166
服務學習乙課業輔導,王寶祥,34091,StuAct0013,005081H0,選修,,,,2 類,,1,,https://course.ntu.edu.tw/courses/114-2/34091
服務學習乙課業輔導,汪書華,27194,StuAct0013,005081H0,選修,,,,2 類,,1,,https://course.ntu.edu.tw/courses/114-2/27194
服務學習乙課業輔導,王梅霞,26186,StuAct0013,005081H0,選修,,,,2 類,,1,,https://course.ntu.edu.tw/courses/114-2/26186
服務學習乙課業輔導,朱士維,57688,StuAct0013,005081H0,選修,,,,2 類,,1,,https://course.ntu.edu.tw/courses/114-2/57688
服務學習乙課業輔導,王俊能,43628,StuAct0013,005081H0,選修,,,,1 類,,1,,https://course.ntu.edu.tw/courses/114-2/43628
服務學習乙課業輔導,孔令傑,29901,StuAct0013,005081H0,選修,,,,2 類,,1,,https://course.ntu.edu.tw/courses/114-2/29901
服務學習甲校內服務,張皓翔,47347,StuAct1042,005111G0,選修,,,,3 類,,1,,https://course.ntu.edu.tw/courses/114-2/47347
服務學習乙校內服務,袁孝維,22846,StuAct1043,005111H0,選修,,,,2 類,,1,,https://course.ntu.edu.tw/courses/114-2/22846
服務學習乙校內服務,李君浩,10346,StuAct1043,005111H0,選修,,,,2 類,,1,,https://course.ntu.edu.tw/courses/114-2/10346
服務學習乙校內服務,沈麗娟,45304,StuAct1043,005111H0,選修,,,,2 類,,1,,https://course.ntu.edu.tw/courses/114-2/45304
服務學習乙校內服務,沈麗娟,28602,StuAct1043,005111H0,選修,,,,2 類,,1,,https://course.ntu.edu.tw/courses/114-2/28602
社會工作概論下,林敬軒,23128,SW1005,31011002,必帶 / 選修,,"二 2,3,4 / 四 5,6",社101,2 類,,3,,https://course.ntu.edu.tw/courses/114-2/23128
社會工作概論下,林敬軒,47492,SW1005,31011002,必帶 / 選修,,"二 2,3,4 / 三 5,6",,2 類,,3,,https://course.ntu.edu.tw/courses/114-2/47492
社會心理學,傅從喜,32256,SW1006,31012300,必帶 / 選修,,"三 2,3,4",社103,2 類,,3,,https://course.ntu.edu.tw/courses/114-2/32256
人類行為與社會環境,許正熙,14976,SW1007,31048000,必帶,,"一 2,3,4",社103,2 類,,3,,https://course.ntu.edu.tw/courses/114-2/14976
社會統計,陳昱志,43034,SW1009,31012100,必帶 / 選修,,"四 7,8,9 / 五 5,6",社101,2 類,,4,,https://course.ntu.edu.tw/courses/114-2/43034
多元平權與社會改變,陳毓文,41229,SW1010,31012400,選修,,"二 3,4",社209,2 類,,2,,https://course.ntu.edu.tw/courses/114-2/41229
社會團體工作,謝宛蓉,39194,SW2005,31031000,必帶,,"三 7,8,9",社103,2 類,,3,,https://course.ntu.edu.tw/courses/114-2/39194
社會福利概論,蔡貞慧,23840,SW2022,31023100,必帶 / 必修 / 選修,,"五 2,3,4",社211,2 類,,3,,https://course.ntu.edu.tw/courses/114-2/23840
原住民族與社會工作,李美儀,43464,SW2028,31025910,選修,,"二 7,8,9",社211,2 類,,3,,https://course.ntu.edu.tw/courses/114-2/43464
方案設計與評估,楊培珊,58461,SW3001,31016700,必帶 / 選修,,"四 7,8,9",社103,2 類,,3,,https://course.ntu.edu.tw/courses/114-2/58461
社會工作研究方法下,趙曉芳,35220,SW3003,31032002,必帶,,"三 5,6 / 四 2,3,4",社103,2 類,,3,,https://course.ntu.edu.tw/courses/114-2/35220
社會福利行政,汪書華,45064,SW3006,31035000,必帶,,"一 7,8,9",社101,2 類,,3,,https://course.ntu.edu.tw/courses/114-2/45064
貧窮與社會安全,古允文,53646,SW3008,31036810,選修,,"三 7,8,9",社203,2 類,,3,,https://course.ntu.edu.tw/courses/114-2/53646
學士論文,李美儀,29334,SW4005,31043020,選修,,,,2 類,,1,,https://course.ntu.edu.tw/courses/114-2/29334
老人學概論,楊培珊,53736,SW5006,330U0800,選修,,"二 2,3,4",社203,2 類,,3,,https://course.ntu.edu.tw/courses/114-2/53736
社會工作倫理,趙曉芳,59899,SW5027,330U0110,選修,,"二 7,8,9",社203,2 類,,3,,https://course.ntu.edu.tw/courses/114-2/59899
替代性兒童福利服務,林敬軒,40209,SW5030,330U1120,選修,,"三 2,3,4",社209,2 類,,3,,https://course.ntu.edu.tw/courses/114-2/40209
實地工作,趙曉芳,17084,SW5039,330U4000,選修,,,,2 類,,3,,https://course.ntu.edu.tw/courses/114-2/17084
社會服務輸送：行為經濟與實施科學,汪書華,20275,SW5044,330U0610,選修,,"一 2,3,4",社203,2 類,,3,,https://course.ntu.edu.tw/courses/114-2/20275
人機互動視角下的AI倫理與法律：NPO的應用,翁岳暄,95136,SW5053,330U0530,選修,,,,2 類,,1,,https://course.ntu.edu.tw/courses/114-2/95136
社會工作研究法,沈瓊桃,32678,SW7004,330M1100,必修,,"一 7,8,9",,2 類,,3,,https://course.ntu.edu.tw/courses/114-2/32678
貧窮與社會救助,傅從喜,95013,SW7005,330M1610,選修,,"二 2,3,4",社110,2 類,,3,,https://course.ntu.edu.tw/courses/114-2/95013
質性研究,李美儀,33723,SW7045,330M1110,選修,,"三 7,8,9",,2 類,,3,,https://course.ntu.edu.tw/courses/114-2/33723
在地脈絡導向的方案規劃：參與式設計、調整與評估,周慧娜,95138,SW7060,330M2560,選修,,,,1 類,,1,,https://course.ntu.edu.tw/courses/114-2/95138
碩士論文,,18536,SW7999,330M0010,必修,,,,1 類,,0,,https://course.ntu.edu.tw/courses/114-2/18536
社會工作介入方法論,鄭麗珍,59956,SW8001,330D1300,必修,,"二 7,8,9",社114,2 類,,3,,https://course.ntu.edu.tw/courses/114-2/59956
社會福利理論,古允文,12952,SW8002,330D1400,必修,,"二 2,3,4",社114,2 類,,3,,https://course.ntu.edu.tw/courses/114-2/12952
獨立研究,楊培珊,95147,SW8006,330D1800,選修,,,,2 類,,2,,https://course.ntu.edu.tw/courses/114-2/95147
獨立研究,陳毓文,49996,SW8006,330D1800,選修,,,,2 類,,2,,https://course.ntu.edu.tw/courses/114-2/49996
社會工作教學設計與方法,陳毓文,27003,SW8028,330D4000,選修,,,,2 類,,3,,https://course.ntu.edu.tw/courses/114-2/27003
身心障礙社會工作專題討論,許正熙,23160,SW8029,330D5000,選修,,"一 7,8,9",社114,2 類,,3,,https://course.ntu.edu.tw/courses/114-2/23160
在地脈絡導向的方案規劃：參與式設計、調整與評估,周慧娜,95137,SW8030,330D2610,選修,,,,1 類,,1,,https://course.ntu.edu.tw/courses/114-2/95137
博士論文,,51890,SW8999,330D0010,必修,,,,1 類,,0,,https://course.ntu.edu.tw/courses/114-2/51890
體育（保健氣功）,黃欽永,70059,TA10310130,TA20UP037,選修,,"二 6,7",和平 武術房一,3 類,,1,,https://course.ntu.edu.tw/courses/114-2/70059
體育（羽球初級）,鄭筱澐,71580,TA10310142,TA20UP109,選修,,"五 1,2",公館 中正堂,3 類,,1,,https://course.ntu.edu.tw/courses/114-2/71580
體育（桌球初級）,施亦婕,70061,TA10310144,TA20UP111,選修,,"四 3,4",和平 桌球室,3 類,,1,,https://course.ntu.edu.tw/courses/114-2/70061
體育（太極拳初級）,黃長福,70062,TA10310148,TA20UP121,選修,,"一 3,4",和平 武術房一,3 類,,1,,https://course.ntu.edu.tw/courses/114-2/70062
體育（太極拳初級）,黃長福,70063,TA10310148,TA20UP121,選修,,"二 3,4",和平 大韻律教室,3 類,,1,,https://course.ntu.edu.tw/courses/114-2/70063
音樂鑑賞,林芝良,70001,TA10310169,TA01UG004,,,"五 1,2",和平 音308,3 類,,2,,https://course.ntu.edu.tw/courses/114-2/70001
音樂鑑賞,劉錦紋,70002,TA10310169,TA01UG004,,,"二 8,9",公館 Ｓ102,3 類,,2,,https://course.ntu.edu.tw/courses/114-2/70002
臺灣小說選讀,林淑慧,70003,TA10310171,TA01UG006,,,"三 3,4",和平 教202會議廳,3 類,,2,,https://course.ntu.edu.tw/courses/114-2/70003
旅行文學,魏俊陽,71505,TA10310172,TA01UG008,選修,,"二 9,10",和平 誠203,3 類,,2,,https://course.ntu.edu.tw/courses/114-2/71505
藝術鑑賞與視覺文化,顧素琿,70004,TA10310174,TA01UG014,選修,,"三 6,7",和平 美101,3 類,,2,,https://course.ntu.edu.tw/courses/114-2/70004
臺灣流行文化,莊佳穎,70008,TA10310193,TA03UG012,,,"五 3,4",和平 誠101,3 類,,2,,https://course.ntu.edu.tw/courses/114-2/70008
科技倫理,劉啟民,70016,TA10310214,TA05UG011,,,"一 6,7",和平 誠203,3 類,,2,,https://course.ntu.edu.tw/courses/114-2/70016
科技倫理,劉啟民,70017,TA10310214,TA05UG011,,,"一 8,9",和平 誠203,3 類,,2,,https://course.ntu.edu.tw/courses/114-2/70017
科技史哲思維下的世界觀,陳珍源,70018,TA10310215,TA05UG012,選修,,"五 1,2",和平 教201演講廳,3 類,,2,,https://course.ntu.edu.tw/courses/114-2/70018
星星月亮太陽－天文漫談,橋本康,70044,TA10310220,TA06UG004,,,"三 3,4",公館 Ｅ202,3 類,,2,,https://course.ntu.edu.tw/courses/114-2/70044
星星月亮太陽－天文漫談,曾瑋玲,70045,TA10310220,TA06UG004,,,"三 3,4",公館 Ｓ102,3 類,,2,,https://course.ntu.edu.tw/courses/114-2/70045
資訊管理,黃浩霆,70889,TA10310502,TABAU0008,選修,,"五 7,8,9",和平 樸401,3 類,,3,,https://course.ntu.edu.tw/courses/114-2/70889
人力資源管理,林玠妤,71563,TA10310508,TABAU0023,選修,,"二 2,3,4",和平 綜210展覽廳,3 類,,3,,https://course.ntu.edu.tw/courses/114-2/71563
演化論,林仲平,70892,TA10310555,TABIU0086,選修,,"二 2,3,4",公館 Ｓ101,3 類,,3,,https://course.ntu.edu.tw/courses/114-2/70892
普通生物學乙,孫智雯,70116,TA10310566,TABIU0170,選修,,"一 7,8,9",公館 Ｓ301,3 類,,3,,https://course.ntu.edu.tw/courses/114-2/70116
戶外探索領導研究,蔡居澤,70121,TA10310574,TACEC0053,選修,,"一 6,7,8",和平 誠4樓公領系,3 類,,3,,https://course.ntu.edu.tw/courses/114-2/70121
戶外遊憩生態管理專題研究,王伯宇,70766,TA10310581,TACED0110,選修,,"二 6,7,8",和平 誠4樓公領系,3 類,,3,,https://course.ntu.edu.tw/courses/114-2/70766
應用推論統計方法,曾永清,70607,TA10310585,TACEM0127,選修,,"三 2,3,4",和平 誠4樓公領系,3 類,,3,,https://course.ntu.edu.tw/courses/114-2/70607
多元文化教育研究,陳素秋,70610,TA10310593,TACEM0177,選修,,"四 8,9,10",和平 誠4樓公領系,3 類,,3,,https://course.ntu.edu.tw/courses/114-2/70610
學生事務研究,鍾明倫,70611,TA10310594,TACEM0180,選修,,"四 8,9,10",和平 誠4樓公領系,3 類,,3,,https://course.ntu.edu.tw/courses/114-2/70611
中華民國憲法,劉恆妏,70615,TA10310598,TACEU0007,選修,,"一 8,9",和平 誠102,3 類,,2,,https://course.ntu.edu.tw/courses/114-2/70615
中華民國憲法,劉恆妏,70616,TA10310598,TACEU0007,選修,,"一 6,7",和平 誠102,3 類,,2,,https://course.ntu.edu.tw/courses/114-2/70616
社會科學研究法,陳素秋,70767,TA10310600,TACEU0018,選修,,"三 6,7",和平 誠101,3 類,,2,,https://course.ntu.edu.tw/courses/114-2/70767
自然體驗活動,李晟瑋,70771,TA10310616,TACEU0381,選修,,"五 6,7",和平 誠大樓公團,3 類,,2,,https://course.ntu.edu.tw/courses/114-2/70771
戶外探索設計與實施,謝宜蓉,70896,TA10310618,TACEU0383,選修,,"四 1,2",和平 誠大樓公團,3 類,,2,,https://course.ntu.edu.tw/courses/114-2/70896
戰國文字研究,黃麗娟,70133,TA10310634,TACHC0095,選修,,"三 7,8,9",和平 勤602,3 類,,3,,https://course.ntu.edu.tw/courses/114-2/70133
明清小說專題研究,胡衍南,70134,TA10310643,TACHC0145,選修,,"一 2,3,4",和平 勤603,3 類,,3,,https://course.ntu.edu.tw/courses/114-2/70134
神仙傳記專題研究,謝聰輝,70138,TA10310651,TACHC7010,選修,,"二 7,8,9",和平 勤601,3 類,,3,,https://course.ntu.edu.tw/courses/114-2/70138
治學方法專題研究,許華峰,70150,TA10310657,TACHM0001,選修,,"一 2,3,4",和平 勤601,3 類,,3,,https://course.ntu.edu.tw/courses/114-2/70150
訓詁學,黃麗娟,70988,TA10310658,TACHU0008,選修,,"二 1,2",和平 樸203,3 類,,2,,https://course.ntu.edu.tw/courses/114-2/70988
修辭學,王錦慧,70902,TA10310662,TACHU0088,選修,,"四 6,7",和平 樸204,3 類,,2,,https://course.ntu.edu.tw/courses/114-2/70902
曲選及習作,陳芳,70903,TA10310663,TACHU0089,選修,,"一 8,9,10",和平 樸203,3 類,,3,,https://course.ntu.edu.tw/courses/114-2/70903
曲選及習作,陳芳,70904,TA10310663,TACHU0089,選修,,"二 10,8,9",和平 樸203,3 類,,3,,https://course.ntu.edu.tw/courses/114-2/70904
詞選及習作,林佳蓉,70905,TA10310664,TACHU0103,選修,,"四 6,7,8",和平 樸303,3 類,,3,,https://course.ntu.edu.tw/courses/114-2/70905
詞選及習作,徐國能,70906,TA10310664,TACHU0103,選修,,"一 8,9,10",和平 樸305,3 類,,3,,https://course.ntu.edu.tw/courses/114-2/70906
語言學概論,王錦慧,70777,TA10310666,TACHU0139,選修,,"二 8,9",和平 樸302,3 類,,2,,https://course.ntu.edu.tw/courses/114-2/70777
國語語音學,林香薇,70624,TA10310673,TACHU0186,選修,,"一 3,4",和平 樸204,3 類,,2,,https://course.ntu.edu.tw/courses/114-2/70624
左傳（一）,陳炫瑋,70913,TA10310685,TACHU0227,選修,,"四 3,4",和平 樸303,3 類,,2,,https://course.ntu.edu.tw/courses/114-2/70913
高等計算機網路,賀耀華,70166,TA10310810,TACSC0036,選修,,"二 7,8,9",公館 Ｂ102,3 類,,3,,https://course.ntu.edu.tw/courses/114-2/70166
生物資訊,陳翔瀚,71473,TA10310811,TACSC0037,選修,,"三 2,3,4",公館 理圖002,3 類,,3,,https://course.ntu.edu.tw/courses/114-2/71473
計算機圖學,王科植,70922,TA10310827,TACSU0021,選修,,"四 8,9,10",公館 理圖801,3 類,,3,,https://course.ntu.edu.tw/courses/114-2/70922
自動機理論與正規語言,王弘倫,70923,TA10310831,TACSU0031,選修,,"二 6,7,8",公館 Ｅ101,3 類,,3,,https://course.ntu.edu.tw/courses/114-2/70923
資訊專題研究（二）：資訊理論,紀博文,71485,TA10310833,TACSU0039,選修,,"五 10,A,B",公館 系所自排,3 類,,3,,https://course.ntu.edu.tw/courses/114-2/71485
資訊專題研究（二）：資訊系統,蔣宗哲,70925,TA10310834,TACSU0040,選修,,"五 10,A,B",公館 系所自排,3 類,,3,,https://course.ntu.edu.tw/courses/114-2/70925
階層線性模式,林世華,70173,TA10310843,TAE0C8006,選修,,"四 2,3,4",和平 教619,3 類,,3,,https://course.ntu.edu.tw/courses/114-2/70173
教育統計學（一）,余穎麒,70177,TA10310844,TAE0U0001,選修,,"二 6,7",和平 美術館601,3 類,,2,,https://course.ntu.edu.tw/courses/114-2/70177
政治經濟學專題研究,巫俊穎,70192,TA10310849,TAEAM0007,選修,,"二 2,3,4",和平 東亞系第二,3 類,,3,,https://course.ntu.edu.tw/courses/114-2/70192
韓國歷史與人物,金恩美,70799,TA10310863,TAEAU0101,選修,,"一 6,7,8",和平 正105,3 類,,3,,https://course.ntu.edu.tw/courses/114-2/70799
東西文化交流,潘鳳娟,70643,TA10310873,TAEAU0144,選修,,"二 6,7,8",和平 樸407,3 類,,3,,https://course.ntu.edu.tw/courses/114-2/70643
中國思想源流與發展,胡元玲,70644,TA10310877,TAEAU0151,選修,,"二 9,10,A",和平 誠205,3 類,,3,,https://course.ntu.edu.tw/courses/114-2/70644
環境行為學,曾鈺琪,70197,TA10310947,TAEEC8005,選修,,"二 8,9,10",公館 行409,3 類,,3,,https://course.ntu.edu.tw/courses/114-2/70197
傳統音樂與社會,呂錘寬,70204,TA10310964,TAEMM0045,選修,,"三 1,2",和平 系所自排,3 類,,2,,https://course.ntu.edu.tw/courses/114-2/70204
語言與大腦,詹曉蕙,70933,TA10311011,TAENU0206,選修,,"二 7,8,9",和平 誠701B,3 類,,3,,https://course.ntu.edu.tw/courses/114-2/70933
情境式英語聽力練習,許月貴,70217,TA10311044,TAENU5002,選修,,"五 3,4",和平 誠701B,3 類,,2,,https://course.ntu.edu.tw/courses/114-2/70217
大氣科學概論（含實習）,曾莉珊,70656,TA10311083,TAESU0179,選修,,"二 2,3,4",公館 Ｅ201,3 類,,3,,https://course.ntu.edu.tw/courses/114-2/70656
基礎拉丁文,陳學毅,70242,TA10311092,TAETM0037,選修,,"五 6,7,8",和平 博404,3 類,,3,,https://course.ntu.edu.tw/courses/114-2/70242
生物地理,陳瑩,70935,TA10311260,TAGEU0005,選修,,"二 2,3,4",和平 正106,3 類,,3,,https://course.ntu.edu.tw/courses/114-2/70935
世界氣候,翁叔平,70814,TA10311265,TAGEU0029,選修,,"五 7,8,9",和平 誠107,3 類,,3,,https://course.ntu.edu.tw/courses/114-2/70814
計量地理,陳哲銘,70664,TA10311274,TAGEU0167,選修,,"二 2,3,4",和平 誠107,3 類,,3,,https://course.ntu.edu.tw/courses/114-2/70664
工作場所健康促進研究,董貞吟,70264,TA10311286,TAHEC0018,選修,,"四 5,6",和平 誠504,3 類,,2,,https://course.ntu.edu.tw/courses/114-2/70264
應用統計軟體分析,李銘杰,70265,TA10311288,TAHEC0037,選修,,"四 1,2",和平 誠602,3 類,,2,,https://course.ntu.edu.tw/courses/114-2/70265
青少年健康問題研究,高松景,70267,TA10311289,TAHEC8005,選修,,"二 A,B",和平 誠602,3 類,,2,,https://course.ntu.edu.tw/courses/114-2/70267
社區營養,李銘杰,70820,TA10311315,TAHEU0048,選修,,"二 6,7",和平 正104,3 類,,2,,https://course.ntu.edu.tw/courses/114-2/70820
社區健康營造實務,張家臻,70944,TA10311324,TAHEU0140,選修,,"二 6,7",和平 正103,3 類,,2,,https://course.ntu.edu.tw/courses/114-2/70944
資料庫管理研究,謝建成,70315,TA10311577,TAISM0429,選修,,"五 2,3,4",和平 圖資所研討,3 類,,3,,https://course.ntu.edu.tw/courses/114-2/70315
科技與工程教育哲學思潮專題研究,張基成,70317,TA10311582,TAITD0040,選修,,"五 2,3,4",和平 科技系TA513,3 類,,3,,https://course.ntu.edu.tw/courses/114-2/70317
程式語言,蔡芸琤,70824,TA10311603,TAITU0127,選修,,"四 2,3,4",和平 科技系TB311,3 類,,3,,https://course.ntu.edu.tw/courses/114-2/70824
複變數函數論,張毓麟,70949,TA10311654,TAMAU0013,選修,,"三 6,7,8",公館 Ｅ101,3 類,,3,,https://course.ntu.edu.tw/courses/114-2/70949
圖形學,郭君逸,70825,TA10311658,TAMAU0022,選修,,"五 2,3,4",公館 理圖001,3 類,,3,,https://course.ntu.edu.tw/courses/114-2/70825
微分幾何（一）,郭庭榕,70952,TA10311665,TAMAU0106,選修,,"二 6,7,8",公館 Ｓ203,3 類,,3,,https://course.ntu.edu.tw/courses/114-2/70952
高等線性代數（一）,劉容真,70954,TA10311666,TAMAU0115,選修,,"二 2,3,4",公館 Ｅ101,3 類,,3,,https://course.ntu.edu.tw/courses/114-2/70954
高等幾何（一）,陳瑞堂,70828,TA10311667,TAMAU0128,選修,,"二 6,7,8",公館 Ｂ103,3 類,,3,,https://course.ntu.edu.tw/courses/114-2/70828
數位邏輯設計,吳順德,70709,TA10311739,TAMTU0099,選修,,"五 3,4",和平 教202會議廳,3 類,,2,,https://course.ntu.edu.tw/courses/114-2/70709
劇場舞臺空間、意象與演出,Alexan,70454,TA10311926,TAPAM0122,選修,,"四 8,9",和平 知音劇場,3 類,,2,,https://course.ntu.edu.tw/courses/114-2/70454
演出企劃與製作,周恆如,70962,TA10311941,TAPAU0008,選修,,"四 8,9",和平 綜10樓教室,3 類,,2,,https://course.ntu.edu.tw/courses/114-2/70962
劇本分析,Jonath,70722,TA10311944,TAPAU0021,選修,,"五 3,4",和平 綜10樓教室,3 類,,2,,https://course.ntu.edu.tw/courses/114-2/70722
人格心理學專題研究,張仁和,70463,TA10311959,TAPCC0113,選修,,"五 8,9,10",和平 教600,3 類,,3,,https://course.ntu.edu.tw/courses/114-2/70463
人際關係,傅筑君,71570,TA10311974,TAPCU0006,選修,,"四 6,7",和平 誠109,3 類,,2,,https://course.ntu.edu.tw/courses/114-2/71570
心理衡鑑與診斷,陳孟筳,70963,TA10311979,TAPCU0106,選修,,"五 3,4",和平 教513,3 類,,2,,https://course.ntu.edu.tw/courses/114-2/70963
諮商理論,鄭曉楓,71541,TA10311985,TAPCU0130,選修,,"四 2,3,4",和平 綜509國際會,3 類,,3,,https://course.ntu.edu.tw/courses/114-2/71541
運動器材設計專題研究,Philip,70066,TA10312003,TA2EC0130,選修,,"一 7,8,9",公館 體育館二3樓,3 類,,3,,https://course.ntu.edu.tw/courses/114-2/70066
運動解剖學,王宏豪,70590,TA10312062,TA2EU2001,選修,,"三 3,4",和平 金牌講堂,3 類,,2,,https://course.ntu.edu.tw/courses/114-2/70590
經濟學,徐美,70472,TA10312086,TAPGUA006,選修,,"一 7,8,9",和平 正203,3 類,,3,,https://course.ntu.edu.tw/courses/114-2/70472
環境倫理,林炯明,70482,TA10312111,TAPGUS012,選修,,"二 3,4",和平 正206,3 類,,2,,https://course.ntu.edu.tw/courses/114-2/70482
現代詩寫作指導,羅任玲,70484,TA10312121,TAPGUU016,選修,,"四 6,7",和平 樸304,3 類,,2,,https://course.ntu.edu.tw/courses/114-2/70484
輔助性科技專題研究,佘永吉,70495,TA10312182,TARCM0004,選修,,"三 2,3,4",和平 特203,3 類,,3,,https://course.ntu.edu.tw/courses/114-2/70495
文化資產研究,蕭文杰,70504,TA10312208,TASOC0149,選修,,"五 6,7,8",和平 教710,3 類,,3,,https://course.ntu.edu.tw/courses/114-2/70504
個別化教育計畫的理念與實施,趙本強,70967,TA10312273,TASPU0075,選修,,"三 6,7",和平 特114視聽室,3 類,,2,,https://course.ntu.edu.tw/courses/114-2/70967
自閉症,王慧婷,70856,TA10312282,TASPU1020,選修,,"三 8,9",和平 特115,3 類,,2,,https://course.ntu.edu.tw/courses/114-2/70856
溝通障礙,劉惠美,70731,TA10312286,TASPU1028,選修,,"一 6,7",和平 特115,3 類,,2,,https://course.ntu.edu.tw/courses/114-2/70731
特殊教育導論,趙本強,70515,TA10312294,TASPU5007,選修,,"四 2,3,4",和平 特112,3 類,,3,,https://course.ntu.edu.tw/courses/114-2/70515
藝術史學史,謝佩君,70084,TA10320008,TAAHM0033,選修,,"三 7,8,9",和平 青田406室,3 類,,3,,https://course.ntu.edu.tw/courses/114-2/70084
種子植物分類學,趙怡姍,70890,TA10320029,TABIU0021,選修,,"四 2,3,4",公館 Ｓ301,3 類,,3,,https://course.ntu.edu.tw/courses/114-2/70890
普通生物學甲（二）,孫智雯,70600,TA10320031,TABIU0169,選修,,"三 7,8,9",公館 Ｅ201,3 類,,3,,https://course.ntu.edu.tw/courses/114-2/70600
普通生物學甲（二）,孫智雯,70601,TA10320031,TABIU0169,選修,,"四 2,3,4",公館 Ｅ201,3 類,,3,,https://course.ntu.edu.tw/courses/114-2/70601
道德教育原理,鍾明倫,70769,TA10320032,TACEU0364,選修,,"二 6,7",和平 誠402,3 類,,2,,https://course.ntu.edu.tw/courses/114-2/70769
道德教育原理,鍾明倫,70770,TA10320032,TACEU0364,選修,,"二 8,9",和平 誠402,3 類,,2,,https://course.ntu.edu.tw/courses/114-2/70770
詞學研討,林佳蓉,70132,TA10320035,TACHC0021,選修,,"二 6,7,8",和平 勤602,3 類,,3,,https://course.ntu.edu.tw/courses/114-2/70132
書經（二）,許華峰,70137,TA10320052,TACHC0170,選修,,"三 8,9",和平 樸206,3 類,,2,,https://course.ntu.edu.tw/courses/114-2/70137
文學批評,須文蔚,70990,TA10320061,TACHU0074,選修,,"二 5,6,7",和平 樸203,3 類,,3,,https://course.ntu.edu.tw/courses/114-2/70990
文字學（二）,黃麗娟,70778,TA10320067,TACHU0212,選修,,"四 3,4",和平 樸203,3 類,,2,,https://course.ntu.edu.tw/courses/114-2/70778
文字學（二）,賴貴三,70779,TA10320067,TACHU0212,選修,,"四 3,4",和平 樸206,3 類,,2,,https://course.ntu.edu.tw/courses/114-2/70779
詩選及習作（二）,林佳蓉,70780,TA10320068,TACHU0214,選修,,"一 6,7",和平 樸302,3 類,,2,,https://course.ntu.edu.tw/courses/114-2/70780
詩選及習作（二）,黃敬家,70781,TA10320068,TACHU0214,選修,,"五 1,2",和平 樸305,3 類,,2,,https://course.ntu.edu.tw/courses/114-2/70781
詩選及習作（二）,何維剛,70782,TA10320068,TACHU0214,選修,,"五 1,2",和平 樸303,3 類,,2,,https://course.ntu.edu.tw/courses/114-2/70782
臺灣文學（二）,陳室如,70783,TA10320069,TACHU0216,選修,,"一 6,7",和平 樸206,3 類,,2,,https://course.ntu.edu.tw/courses/114-2/70783
聲韻學（二）,陳筱琪,70907,TA10320070,TACHU0218,選修,,"一 6,7",和平 樸203,3 類,,2,,https://course.ntu.edu.tw/courses/114-2/70907
聲韻學（二）,陳筱琪,70908,TA10320070,TACHU0218,選修,,"五 3,4",和平 樸302,3 類,,2,,https://course.ntu.edu.tw/courses/114-2/70908
聲韻學（二）,林香薇,70909,TA10320070,TACHU0218,選修,,"一 6,7",和平 樸204,3 類,,2,,https://course.ntu.edu.tw/courses/114-2/70909
國文文法（二）,郭維茹,70910,TA10320071,TACHU0220,選修,,"二 6,7",和平 樸302,3 類,,2,,https://course.ntu.edu.tw/courses/114-2/70910
國文文法（二）,王錦慧,70911,TA10320071,TACHU0220,選修,,"二 6,7",和平 樸204,3 類,,2,,https://course.ntu.edu.tw/courses/114-2/70911
國文文法（二）,王錦慧,70912,TA10320071,TACHU0220,選修,,"四 3,4",和平 樸204,3 類,,2,,https://course.ntu.edu.tw/courses/114-2/70912
宋明理學導讀（二）,黃瑩暖,70914,TA10320079,TACHU0254,選修,,"二 8,9",和平 樸206,3 類,,2,,https://course.ntu.edu.tw/courses/114-2/70914
史記（二）,許華峰,70625,TA10320081,TACHU0260,選修,,"三 6,7",和平 樸206,3 類,,2,,https://course.ntu.edu.tw/courses/114-2/70625
史記（二）,陳炫瑋,70626,TA10320081,TACHU0260,選修,,"四 6,7",和平 樸302,3 類,,2,,https://course.ntu.edu.tw/courses/114-2/70626
中國哲學概論（二）,黃瑩暖,70785,TA10320083,TACHU0276,選修,,"四 3,4",和平 樸304,3 類,,2,,https://course.ntu.edu.tw/courses/114-2/70785
樂府詩（二）,林淑雲,70628,TA10320087,TACHU0286,選修,,"二 3,4",和平 樸304,3 類,,2,,https://course.ntu.edu.tw/courses/114-2/70628
散文選及習作（二）,何維剛,70786,TA10320088,TACHU0290,選修,,"一 8,9",和平 樸302,3 類,,2,,https://course.ntu.edu.tw/courses/114-2/70786
中國文學史（二）,鍾宗憲,70791,TA10320089,TACHU0292,選修,,"一 2,3,4",和平 樸203,3 類,,3,,https://course.ntu.edu.tw/courses/114-2/70791
中國文學史（二）,何維剛,70792,TA10320089,TACHU0292,選修,,"一 2,3,4",和平 樸305,3 類,,3,,https://course.ntu.edu.tw/courses/114-2/70792
四書（二）,金培懿,70629,TA10320092,TACHU0311,選修,,"二 8,9",和平 教103,3 類,,2,,https://course.ntu.edu.tw/courses/114-2/70629
四書（二）,黃瑩暖,70630,TA10320092,TACHU0311,選修,,"三 8,9",和平 樸303,3 類,,2,,https://course.ntu.edu.tw/courses/114-2/70630
中國哲學史（二）,李幸玲,70916,TA10320094,TACHU0319,選修,,"一 3,4",和平 樸302,3 類,,2,,https://course.ntu.edu.tw/courses/114-2/70916
中國哲學史（二）,江淑君,70917,TA10320094,TACHU0319,選修,,"二 3,4",和平 樸206,3 類,,2,,https://course.ntu.edu.tw/courses/114-2/70917
中國哲學史（二）,鄭燦山,70918,TA10320094,TACHU0319,選修,,"一 3,4",和平 樸304,3 類,,2,,https://course.ntu.edu.tw/courses/114-2/70918
經學通論（二）,許華峰,70634,TA10320098,TACHU3007,選修,,"一 8,9",和平 樸205,3 類,,2,,https://course.ntu.edu.tw/courses/114-2/70634
經學通論（二）,陳炫瑋,70635,TA10320098,TACHU3007,選修,,"一 8,9",和平 樸303,3 類,,2,,https://course.ntu.edu.tw/courses/114-2/70635
經學通論（二）,金培懿,70636,TA10320098,TACHU3007,選修,,"二 6,7",和平 樸206,3 類,,2,,https://course.ntu.edu.tw/courses/114-2/70636
物件導向分析與設計,林均翰,71472,TA10320100,TACSC0005,選修,,"五 2,3,4",公館 Ｂ102,3 類,,3,,https://course.ntu.edu.tw/courses/114-2/71472
專題討論：通訊網路（二）,陳柏琳,71474,TA10320112,TACSC0058,選修,,"三 5,6",公館 綜合館3F國,3 類,,1,,https://course.ntu.edu.tw/courses/114-2/71474
專題討論：資訊系統（二）,王鈞右,71475,TA10320113,TACSC0060,選修,,"三 7,8",公館 綜合館3F國,3 類,,1,,https://course.ntu.edu.tw/courses/114-2/71475
專題討論：多媒體工程（二）,柯佳伶,71476,TA10320114,TACSC0062,選修,,"三 9,10",公館 綜合館3F國,3 類,,1,,https://course.ntu.edu.tw/courses/114-2/71476
啟發式演算法與解題應用,蔣宗哲,70168,TA10320115,TACSC0071,選修,,"二 7,8,9",公館 理圖802,3 類,,3,,https://course.ntu.edu.tw/courses/114-2/70168
計算機網路,蔡榮宗,70798,TA10320117,TACSU0019,選修,,"二 8,9 / 四 7",,3 類,,3,,https://course.ntu.edu.tw/courses/114-2/70798
資料庫理論,柯佳伶,70924,TA10320121,TACSU0034,選修,,"一 3,4 / 五 2",,3 類,,3,,https://course.ntu.edu.tw/courses/114-2/70924
影像處理,吳志強,70926,TA10320124,TACSU0041,選修,,"三 7,8,9",公館 Ｅ102,3 類,,3,,https://course.ntu.edu.tw/courses/114-2/70926
東亞文學導讀,林書媺,70800,TA10320138,TAEAU0150,選修,,"二 2,3,4",和平 正405,3 類,,3,,https://course.ntu.edu.tw/courses/114-2/70800
多元文化教育,張珍瑋,71564,TA10320155,TAEDU0092,選修,,"二 3,4",和平 教802,3 類,,2,,https://course.ntu.edu.tw/courses/114-2/71564
臺灣當代音樂作品研究,連憲升,70203,TA10320170,TAEMM0028,選修,,"四 8,9",和平 系所自排,3 類,,2,,https://course.ntu.edu.tw/courses/114-2/70203
語言學概論（二）,李臻儀,70808,TA10320185,TAENU0260,選修,,"一 6,7",和平 誠305,3 類,,2,,https://course.ntu.edu.tw/courses/114-2/70808
語言學概論（二）,李臻儀,70809,TA10320185,TAENU0260,選修,,"一 8,9",和平 誠305,3 類,,2,,https://course.ntu.edu.tw/courses/114-2/70809
臺灣原住民族地理研討,汪明輝,70254,TA10320203,TAGEC0041,選修,,"四 8,9",和平 地理系研討,3 類,,2,,https://course.ntu.edu.tw/courses/114-2/70254
地形學,沈淑敏,70659,TA10320210,TAGEU0001,選修,,"二 7,8,9",和平 誠107,3 類,,3,,https://course.ntu.edu.tw/courses/114-2/70659
地形學,林宗儀,70660,TA10320210,TAGEU0001,選修,,"二 7,8,9",和平 正205,3 類,,3,,https://course.ntu.edu.tw/courses/114-2/70660
地理統計,陳哲銘,70936,TA10320211,TAGEU0016,選修,,"三 6,7,8",和平 正205,3 類,,3,,https://course.ntu.edu.tw/courses/114-2/70936
地理程式設計應用,詹竣翔,70938,TA10320220,TAGEU0128,選修,,"一 6,7,8",和平 地理系電腦,3 類,,3,,https://course.ntu.edu.tw/courses/114-2/70938
健康行為專題研究,劉潔心,70665,TA10320231,TAHED0001,選修,,"四 7,8",和平 誠505,3 類,,2,,https://course.ntu.edu.tw/courses/114-2/70665
學校衛生專題研究,胡益進,70666,TA10320232,TAHED0005,選修,,"四 5,6",和平 誠505,3 類,,2,,https://course.ntu.edu.tw/courses/114-2/70666
公共衛生教育研討,劉潔心,70667,TA10320233,TAHEM0002,選修,,"二 3,4",和平 誠602,3 類,,2,,https://course.ntu.edu.tw/courses/114-2/70667
健康行為科學研究,劉潔心,70669,TA10320235,TAHEM0110,選修,,"二 6,7",和平 誠602,3 類,,2,,https://course.ntu.edu.tw/courses/114-2/70669
個人衛生,張鳳琴,70671,TA10320236,TAHEU0011,選修,,"四 3,4",和平 正103,3 類,,2,,https://course.ntu.edu.tw/courses/114-2/70671
中醫保健概論,陳建霖,70821,TA10320242,TAHEU0133,選修,,"四 6,7",和平 正104,3 類,,2,,https://course.ntu.edu.tw/courses/114-2/70821
環境科學概論,曾治乾,70672,TA10320243,TAHEU0136,選修,,"一 6,7",和平 正103,3 類,,2,,https://course.ntu.edu.tw/courses/114-2/70672
健康與體育概論,陳信亨,70822,TA10320244,TAHEU0138,選修,,"二 3,4",和平 正104,3 類,,2,,https://course.ntu.edu.tw/courses/114-2/70822
健康生活技能理論與實務,高松景,70823,TA10320247,TAHEU0148,選修,,"一 6,7",和平 正104,3 類,,2,,https://course.ntu.edu.tw/courses/114-2/70823
故宮檔案專題研究,葉高樹,70277,TA10320253,TAHIC0014,選修,,"二 3,4",和平 歷史系研究,3 類,,2,,https://course.ntu.edu.tw/courses/114-2/70277
古代中亞北亞史專題,陳健文,71509,TA10320261,TAHIC9002,選修,,"一 8,9,10",和平 誠306,3 類,,3,,https://course.ntu.edu.tw/courses/114-2/71509
傳統西方歷史意識研討,周樑楷,70284,TA10320264,TAHIC9007,選修,,"三 3,4,5",和平 歷史系視聽,3 類,,3,,https://course.ntu.edu.tw/courses/114-2/70284
戰後臺灣白色恐怖與人權運動研討,陳佳宏,70285,TA10320265,TAHIC9008,選修,,"二 3,4",和平 正402A,3 類,,2,,https://course.ntu.edu.tw/courses/114-2/70285
科學、科技、工程與數學整合教育研究,林坤誼,70320,TA10320357,TAITM0093,選修,,"一 7,8,9",和平 科技系TB211,3 類,,3,,https://course.ntu.edu.tw/courses/114-2/70320
薪酬管理研究,葉俶禎,70679,TA10320359,TAIWM0047,選修,,"四 7,8,9",和平 系所自排,3 類,,3,,https://course.ntu.edu.tw/courses/114-2/70679
解析數論（二）,許志農,70374,TA10320371,TAMAC0078,選修,,"三 10 / 四 9,10",,3 類,,3,,https://course.ntu.edu.tw/courses/114-2/70374
優選理論專題（二）,陳界山,70375,TA10320372,TAMAC0082,選修,,"二 6,7,8",公館 數學館M212,3 類,,3,,https://course.ntu.edu.tw/courses/114-2/70375
實變分析（二）,陳建隆,70376,TA10320373,TAMAC0088,選修,,"四 2,3,4",公館 數學館M210,3 類,,3,,https://course.ntu.edu.tw/courses/114-2/70376
近世代數（二）,劉家新,70377,TA10320375,TAMAC0094,選修,,"一 2,3,4",公館 數學館M211,3 類,,3,,https://course.ntu.edu.tw/courses/114-2/70377
代數專題（二）,劉家新,70380,TA10320380,TAMAC0172,選修,,"四 6,7,8",公館 數學館M310,3 類,,3,,https://course.ntu.edu.tw/courses/114-2/70380
數論,胡舉卿,70685,TA10320388,TAMAU0003,選修,,"五 6,7,8",公館 Ｅ102,3 類,,3,,https://course.ntu.edu.tw/courses/114-2/70685
數論,李華介,70686,TA10320388,TAMAU0003,選修,,"二 2 / 三 6,7",,3 類,,3,,https://course.ntu.edu.tw/courses/114-2/70686
微分方程特論,陳賢修,70826,TA10320389,TAMAU0023,選修,,"二 6,7,8",公館 Ｓ201,3 類,,3,,https://course.ntu.edu.tw/courses/114-2/70826
微分方程特論,林惠娥,70827,TA10320389,TAMAU0023,選修,,"三 6,7,8",公館 Ｓ503,3 類,,3,,https://course.ntu.edu.tw/courses/114-2/70827
拓樸學（一）,林乾,70950,TA10320390,TAMAU0027,選修,,"一 8,9,10",公館 Ｓ503,3 類,,3,,https://course.ntu.edu.tw/courses/114-2/70950
代數特論（二）,劉容真,70951,TA10320391,TAMAU0031,選修,,"四 2,3,4",公館 Ｓ203,3 類,,3,,https://course.ntu.edu.tw/courses/114-2/70951
線性代數（二）,李華介,70689,TA10320395,TAMAU0161,選修,,"二 6 / 五 3,4",,3 類,,3,,https://course.ntu.edu.tw/courses/114-2/70689
高等微積分（二）,林俊吉,70829,TA10320396,TAMAU0163,選修,,"二 3,4 / 五 6,7",,3 類,,4,,https://course.ntu.edu.tw/courses/114-2/70829
高等微積分（二）,林延輯,70830,TA10320396,TAMAU0163,選修,,"一 3,4 / 四 6,7",,3 類,,4,,https://course.ntu.edu.tw/courses/114-2/70830
代數學（二）,許志農,70831,TA10320397,TAMAU0167,選修,,"一 3,4 / 四 3",,3 類,,3,,https://course.ntu.edu.tw/courses/114-2/70831
代數學（二）,劉容真,70832,TA10320397,TAMAU0167,選修,,"一 3,4 / 三 7",,3 類,,3,,https://course.ntu.edu.tw/courses/114-2/70832
代數學（二）,劉家新,70833,TA10320397,TAMAU0167,選修,,"二 3,4 / 四 3",,3 類,,3,,https://course.ntu.edu.tw/courses/114-2/70833
微積分探索（二）,郭君逸,70690,TA10320398,TAMAU0171,選修,,四 2,公館 Ｓ401,3 類,,1,,https://course.ntu.edu.tw/courses/114-2/70690
微積分探索（二）,陳賢修,70691,TA10320398,TAMAU0171,選修,,四 2,公館 Ｓ201,3 類,,1,,https://course.ntu.edu.tw/courses/114-2/70691
微積分探索（二）,林惠娥,70692,TA10320398,TAMAU0171,選修,,四 2,公館 Ｓ502,3 類,,1,,https://course.ntu.edu.tw/courses/114-2/70692
線性代數探索（二）,李華介,70693,TA10320399,TAMAU0173,選修,,二 7,公館 Ｓ202,3 類,,1,,https://course.ntu.edu.tw/courses/114-2/70693
線性代數探索（二）,胡舉卿,70694,TA10320399,TAMAU0173,選修,,五 4,公館 Ｓ201,3 類,,1,,https://course.ntu.edu.tw/courses/114-2/70694
線性代數探索（二）,謝世峰,70695,TA10320399,TAMAU0173,選修,,三 7,公館 Ｅ301,3 類,,1,,https://course.ntu.edu.tw/courses/114-2/70695
高等微積分探索（二）,林俊吉,70834,TA10320400,TAMAU0175,選修,,五 8,公館 Ｅ202,3 類,,1,,https://course.ntu.edu.tw/courses/114-2/70834
高等微積分探索（二）,林延輯,70835,TA10320400,TAMAU0175,選修,,四 8,公館 Ｅ202,3 類,,1,,https://course.ntu.edu.tw/courses/114-2/70835
代數學探索（二）,許志農,70836,TA10320401,TAMAU0177,選修,,四 4,公館 Ｓ407,3 類,,1,,https://course.ntu.edu.tw/courses/114-2/70836
代數學探索（二）,劉容真,70837,TA10320401,TAMAU0177,選修,,三 8,公館 理圖001,3 類,,1,,https://course.ntu.edu.tw/courses/114-2/70837
代數學探索（二）,劉家新,70838,TA10320401,TAMAU0177,選修,,四 4,公館 Ｓ202,3 類,,1,,https://course.ntu.edu.tw/courses/114-2/70838
微積分甲（二）,郭君逸,70696,TA10320402,TAMAU0179,選修,,"二 3,4 / 四 3,4",,3 類,,4,,https://course.ntu.edu.tw/courses/114-2/70696
微積分甲（二）,陳賢修,70697,TA10320402,TAMAU0179,選修,,"一 6,7 / 四 3,4",,3 類,,4,,https://course.ntu.edu.tw/courses/114-2/70697
微積分甲（二）,林惠娥,70698,TA10320402,TAMAU0179,選修,,"二 6,7 / 四 3,4",,3 類,,4,,https://course.ntu.edu.tw/courses/114-2/70698
微積分乙（二）,范洪源,70699,TA10320403,TAMAU0181,選修,,"一 6,7,8",公館 Ｂ103,3 類,,3,,https://course.ntu.edu.tw/courses/114-2/70699
微積分乙（二）,司靈得,70700,TA10320403,TAMAU0181,選修,,"一 6,7 / 四 6",,3 類,,3,,https://course.ntu.edu.tw/courses/114-2/70700
微積分乙（二）,王建勛,70701,TA10320403,TAMAU0181,選修,,"四 6,7,8",公館 理圖003,3 類,,3,,https://course.ntu.edu.tw/courses/114-2/70701
微積分乙（二）,黃侑仁,70702,TA10320403,TAMAU0181,選修,,"四 6,7,8",公館 Ｅ301,3 類,,3,,https://course.ntu.edu.tw/courses/114-2/70702
微積分乙（二）,陳瑞堂,70703,TA10320403,TAMAU0181,選修,,"四 6,7,8",公館 Ｓ602,3 類,,3,,https://course.ntu.edu.tw/courses/114-2/70703
微積分乙（二）,張毓麟,70704,TA10320403,TAMAU0181,選修,,"四 6,7,8",公館 Ｅ201,3 類,,3,,https://course.ntu.edu.tw/courses/114-2/70704
微積分乙（二）,范洪源,70705,TA10320403,TAMAU0181,選修,,"三 6,7,8",和平 樸205,3 類,,3,,https://course.ntu.edu.tw/courses/114-2/70705
媒介素養研究,陳炳宏,70392,TA10320405,TAMCM0008,選修,,"三 9,10",和平 綜7樓大傳所,3 類,,2,,https://course.ntu.edu.tw/courses/114-2/70392
網路文化與傳播,胡綺珍,70393,TA10320408,TAMCM0102,選修,,"三 3,4,5",和平 綜7樓大傳所,3 類,,3,,https://course.ntu.edu.tw/courses/114-2/70393
奈米科技,楊啟榮,70396,TA10320415,TAMTC0014,選修,,"五 2,3,4",和平 機202會議室,3 類,,3,,https://course.ntu.edu.tw/courses/114-2/70396
工程數學（二）,楊啟榮,70839,TA10320421,TAMTU0016,選修,,"二 2,3,4",和平 誠108,3 類,,3,,https://course.ntu.edu.tw/courses/114-2/70839
音樂特殊教育,吳舜文,70398,TA10320428,TAMUC0038,選修,,"四 1,2",和平 音409,3 類,,2,,https://course.ntu.edu.tw/courses/114-2/70398
西洋音樂史（四）,司信寧,70956,TA10320433,TAMUU0318,選修,,"四 3,4",和平 音209,3 類,,2,,https://course.ntu.edu.tw/courses/114-2/70956
西洋音樂史（四）,林嘉瑋,70957,TA10320433,TAMUU0318,選修,,"四 1,2",和平 音209,3 類,,2,,https://course.ntu.edu.tw/courses/114-2/70957
西洋音樂史（二）,林嘉瑋,70841,TA10320434,TAMUU0457,選修,,"二 3,4",和平 音410,3 類,,2,,https://course.ntu.edu.tw/courses/114-2/70841
運動贊助策略研究,程紹同,71448,TA10320453,TA2EM0100,選修,,"五 2,3,4",和平 體002,3 類,,3,,https://course.ntu.edu.tw/courses/114-2/71448
２０世紀文學、音樂、藝術與電影,許玉燕,70476,TA10320467,TAPGUL021,選修,,"二 10,A,B",和平 博413,3 類,,3,,https://course.ntu.edu.tw/courses/114-2/70476
環境教育教材教法,林炯明,70483,TA10320472,TAPGUS013,選修,,"二 1,2",和平 正206,3 類,,2,,https://course.ntu.edu.tw/courses/114-2/70483
環境規劃與設計,王文誠,71005,TA10320476,TAPGUV004,選修,,"一 6,7,8,9",和平 地理系區域,3 類,,4,,https://course.ntu.edu.tw/courses/114-2/71005
書報討論（四）,陳怡誠,70493,TA10320478,TAPHC0070,選修,,三 8,公館 Ｓ101,3 類,,1,,https://course.ntu.edu.tw/courses/114-2/70493
資料分析（二）,林志鴻,70500,TA10320491,TASEC0040,選修,,"二 2,3,4",公館 系所自排,3 類,,3,,https://course.ntu.edu.tw/courses/114-2/70500
數學學習評量,Nitesh,70501,TA10320494,TASEC0075,選修,,"三 6,7,8",公館 系所自排,3 類,,3,,https://course.ntu.edu.tw/courses/114-2/70501
數位攝影與後製作,華志中,70725,TA10320501,TASOU0055,選修,,"五 8,9",和平 教103,3 類,,2,,https://course.ntu.edu.tw/courses/114-2/70725
方案設計與評估專題,王永慈,70526,TA10320520,TASWM0069,選修,,"二 7,8,9",和平 樸SW504,3 類,,3,,https://course.ntu.edu.tw/courses/114-2/70526
旅遊與跨界文化書寫,林淑慧,70539,TA10320530,TATCC3008,選修,,"三 7,8,9",和平 雲306會議室,3 類,,3,,https://course.ntu.edu.tw/courses/114-2/70539
臺語傳播,曾偉旻,70550,TA10320545,TATCU4022,選修,,"五 3,4",和平 誠102,3 類,,2,,https://course.ntu.edu.tw/courses/114-2/70550
臺灣經濟史（1895－1945）,林文凱,70555,TA10320549,TATHM0040,選修,,"四 8,9",和平 勤308,3 類,,2,,https://course.ntu.edu.tw/courses/114-2/70555
臺灣史料與研究法（二）,許佩賢,70556,TA10320551,TATHM0054,選修,,"一 7,8",和平 勤308,3 類,,2,,https://course.ntu.edu.tw/courses/114-2/70556
社區口譯,陳子瑋,70564,TA10320555,TATIC0045,選修,,"二 6,7,8",和平 譯506,3 類,,3,,https://course.ntu.edu.tw/courses/114-2/70564
二十世紀下半視覺藝術,諾斯邦,70090,TA10410012,TAAHM0221,選修,,"二 3,4,5",和平 青田406室,3 類,,3,,https://course.ntu.edu.tw/courses/114-2/70090
種子植物分類學實驗,趙怡姍,70891,TA10410017,TABIU0022,選修,,"四 6,7,8",公館 Ｄ201,3 類,,1,,https://course.ntu.edu.tw/courses/114-2/70891
經典與詮釋學專題研討,李幸玲,70139,TA10410032,TACHC8009,選修,,"三 2,3,4",和平 勤602,3 類,,3,,https://course.ntu.edu.tw/courses/114-2/70139
作文教學指導,陳室如,70989,TA10410033,TACHU0036,選修,,"二 6,7",和平 樸303,3 類,,2,,https://course.ntu.edu.tw/courses/114-2/70989
語意學研討,李臻儀,70212,TA10410073,TAENC2014,選修,,"三 7,8,9",和平 雲202,3 類,,3,,https://course.ntu.edu.tw/courses/114-2/70212
日常生活地理學,吳鄭重,70940,TA10410113,TAGEU0179,選修,,"四 7,8,9",和平 正106,3 類,,3,,https://course.ntu.edu.tw/courses/114-2/70940
地理學研究法,洪致文,71496,TA10410116,TAGEU0202,選修,,"二 7,8,9",和平 地理系會議,3 類,,3,,https://course.ntu.edu.tw/courses/114-2/71496
知識管理研究,吳怡瑾,70307,TA10410143,TAISC0210,選修,,"三 2,3,4",和平 教404,3 類,,3,,https://course.ntu.edu.tw/courses/114-2/70307
資料探勘技術與應用專題研究,吳怡瑾,70310,TA10410144,TAISC8004,選修,,"五 2,3,4",和平 圖資所研討,3 類,,3,,https://course.ntu.edu.tw/courses/114-2/70310
企業訓練實務研究,張雯,70678,TA10410153,TAIWM0043,選修,,"一 6,7,8",和平 正206,3 類,,3,,https://course.ntu.edu.tw/courses/114-2/70678
統計計算（一）,張明中,70378,TA10410157,TAMAC0117,選修,,"二 6,7,8",公館 數學館M310,3 類,,3,,https://course.ntu.edu.tw/courses/114-2/70378
新傳播科技與社會,胡綺珍,70465,TA10410176,TAPGU1010,選修,,"四 3,4,5",和平 誠107,3 類,,3,,https://course.ntu.edu.tw/courses/114-2/70465
非營利組織管理,沈慶盈,70467,TA10410177,TAPGU1022,選修,,"一 A,B,C",和平 誠208,3 類,,3,,https://course.ntu.edu.tw/courses/114-2/70467
餐旅營收與利潤管理,方進義,70522,TA10410200,TASRM0079,選修,,"四 3,4,5",和平 綜604,3 類,,3,,https://course.ntu.edu.tw/courses/114-2/70522
心理衛生與社會工作專題,陳杏容,70527,TA10410203,TASWM0076,選修,,"四 6,7,8",和平 樸SW504,3 類,,3,,https://course.ntu.edu.tw/courses/114-2/70527
西方藝術技法與材料應用,曾肅良,70085,TA10420024,TAAHM0064,選修,,"一 9,10,A",和平 青田406室,3 類,,3,,https://course.ntu.edu.tw/courses/114-2/70085
日本庭園史專題研究,福田美,70088,TA10420027,TAAHM0196,選修,,"四 7,8,9",和平 系所自排,3 類,,3,,https://course.ntu.edu.tw/courses/114-2/70088
公共藝術與環境設計,林正仁,70883,TA10420045,TAATU0105,選修,,"五 2,3,4",和平 美101,3 類,,3,,https://course.ntu.edu.tw/courses/114-2/70883
美術心理學（二）,趙惠玲,70591,TA10420046,TAATU0236,選修,,"四 8,9",和平 美101,3 類,,2,,https://course.ntu.edu.tw/courses/114-2/70591
素描媒材與形式探索（二）,宋曉明,70759,TA10420048,TAATU0261,選修,,"四 6,7,8",和平 美401,3 類,,3,,https://course.ntu.edu.tw/courses/114-2/70759
寫意花鳥技法,胡以誠,70762,TA10420049,TAATU0293,選修,,"一 6,7,8",和平 美305,3 類,,3,,https://course.ntu.edu.tw/courses/114-2/70762
西方美術史（二）,趙可卿,70592,TA10420050,TAATU0306,選修,,"二 6,7",和平 美101,3 類,,2,,https://course.ntu.edu.tw/courses/114-2/70592
水彩（二）,黃進龍,70593,TA10420053,TAATU6065,選修,,"四 3,4",和平 美602,3 類,,1,,https://course.ntu.edu.tw/courses/114-2/70593
衍生性金融商品,吳靖東,70108,TA10420057,TABAU0055,選修,,"二 7,8,9",和平 誠108,3 類,,3,,https://course.ntu.edu.tw/courses/114-2/70108
民法（一）,林安邦,70619,TA10420065,TACEU0332,選修,,"二 6,7",和平 教201演講廳,3 類,,2,,https://course.ntu.edu.tw/courses/114-2/70619
民法（三）,林安邦,70772,TA10420066,TACEU0434,選修,,"二 3,4",和平 教201演講廳,3 類,,2,,https://course.ntu.edu.tw/courses/114-2/70772
文心雕龍研討,祁立峰,70131,TA10420068,TACHC0012,選修,,"四 8,9,10",和平 勤601,3 類,,3,,https://course.ntu.edu.tw/courses/114-2/70131
荀子（二）,黃瑩暖,70627,TA10420083,TACHU0264,選修,,"四 8,9",和平 樸305,3 類,,2,,https://course.ntu.edu.tw/courses/114-2/70627
文心雕龍（二）,祁立峰,70915,TA10420084,TACHU0268,選修,,"四 6,7",和平 樸203,3 類,,2,,https://course.ntu.edu.tw/courses/114-2/70915
墨子（二）,曾暐傑,70919,TA10420087,TACHU0323,選修,,"二 8,9",和平 誠105,3 類,,2,,https://course.ntu.edu.tw/courses/114-2/70919
數位邏輯,吳榮根,71484,TA10420095,TACSU0009,選修,,"二 7,8,9",公館 Ｅ202,3 類,,3,,https://course.ntu.edu.tw/courses/114-2/71484
經濟學原理,田正利,70647,TA10420102,TAEAU0189,選修,,"三 9,10,A",和平 誠202,3 類,,3,,https://course.ntu.edu.tw/courses/114-2/70647
大陸及超大陸的演變,謝奈特,70229,TA10420150,TAESC9023,選修,,"三 7,8,9",公館 Ｃ403,3 類,,3,,https://course.ntu.edu.tw/courses/114-2/70229
大氣動力學（二）,陳正達,70230,TA10420151,TAESC9027,選修,,"二 3 / 四 3,4",,3 類,,3,,https://course.ntu.edu.tw/courses/114-2/70230
天文學（含實習）,管一政,70655,TA10420154,TAESU0178,選修,,"五 7,8,9",公館 Ｅ301,3 類,,3,,https://course.ntu.edu.tw/courses/114-2/70655
英國、愛爾蘭文化與觀光專題研究,賴嘉玲,70243,TA10420158,TAETM0064,選修,,"三 7,8,9",和平 博404,3 類,,3,,https://course.ntu.edu.tw/courses/114-2/70243
質性研究與論文寫作,譚鴻仁,70255,TA10420163,TAGEC0049,選修,,"三 9,10",和平 地理系研討,3 類,,2,,https://course.ntu.edu.tw/courses/114-2/70255
河海地形,林宗儀,70813,TA10420167,TAGEU0022,選修,,"三 7,8,9",和平 正206,3 類,,3,,https://course.ntu.edu.tw/courses/114-2/70813
多變項統計方法論,李子奇,70268,TA10420175,TAHEC8007,選修,,"一 A,B",和平 誠602,3 類,,2,,https://course.ntu.edu.tw/courses/114-2/70268
預防保健服務與實務,李子奇,70274,TA10420177,TAHEC9003,選修,,"一 5,6,7",和平 正201,3 類,,3,,https://course.ntu.edu.tw/courses/114-2/70274
健康促進與衛生教育學方法論研究,李思賢,70819,TA10420180,TAHED0062,選修,,"四 7,8",和平 誠504,3 類,,2,,https://course.ntu.edu.tw/courses/114-2/70819
研究設計與資料分析,李思賢,70668,TA10420181,TAHEM0097,選修,,"三 7,8,9",和平 誠504,3 類,,3,,https://course.ntu.edu.tw/courses/114-2/70668
心理衛生,李思賢,70941,TA10420183,TAHEU0021,選修,,"二 3,4",和平 正103,3 類,,2,,https://course.ntu.edu.tw/courses/114-2/70941
健康飲食與營養教育,張家臻,70943,TA10420185,TAHEU0121,選修,,"五 3,4",和平 正103,3 類,,2,,https://course.ntu.edu.tw/courses/114-2/70943
針灸按摩與健康促進,陳建霖,70999,TA10420189,TAHEU0184,選修,,"五 3,4",和平 樸105,3 類,,2,,https://course.ntu.edu.tw/courses/114-2/70999
近代中國思想變遷專題研究,黃克武,71450,TA10420197,TAHIC0055,選修,,"二 7,8",和平 歷史系研究,3 類,,2,,https://course.ntu.edu.tw/courses/114-2/71450
電腦教材設計與發展,林育慈,70302,TA10420209,TAICC0075,選修,,"五 3,4,5",和平 教1004,3 類,,3,,https://course.ntu.edu.tw/courses/114-2/70302
理論建構專題研究,成維寧,70306,TA10420210,TAISC0112,選修,,"五 6,7,8",和平 圖資所研討,3 類,,3,,https://course.ntu.edu.tw/courses/114-2/70306
健康資訊服務研究,邱銘心,70309,TA10420211,TAISC8002,選修,,"一 2,3,4",和平 圖資所研討,3 類,,3,,https://course.ntu.edu.tw/courses/114-2/70309
人力資源發展概論,孫弘岳,70677,TA10420223,TAITU1004,選修,,"三 7,8,9",和平 科技系TB311,3 類,,3,,https://course.ntu.edu.tw/courses/114-2/70677
品牌管理,蕭中強,70390,TA10420241,TAMBM0038,選修,,"一 2,3,4",和平 正101,3 類,,3,,https://course.ntu.edu.tw/courses/114-2/70390
社會個案工作,張文,70466,TA10420268,TAPGU1021,選修,,"二 A,B,C",和平 誠109,3 類,,3,,https://course.ntu.edu.tw/courses/114-2/70466
影像文學,許紘源,70486,TA10420285,TAPGUU029,選修,,"二 8,9",和平 樸303,3 類,,2,,https://course.ntu.edu.tw/courses/114-2/70486
量子力學（二）,陳傳仁,70490,TA10420287,TAPHC0012,選修,,"三 2,3,4",公館 Ｓ701,3 類,,3,,https://course.ntu.edu.tw/courses/114-2/70490
固態物理（二）,吳文欽,70492,TA10420288,TAPHC0024,選修,,"二 2,3,4",公館 Ｓ701,3 類,,3,,https://course.ntu.edu.tw/courses/114-2/70492
力學（二）,陳穎叡,71495,TA10420290,TAPHU0231,選修,,"一 8,9,10",公館 Ｓ303,3 類,,3,,https://course.ntu.edu.tw/courses/114-2/71495
量化研究法,陳美燕,70519,TA10420309,TASRD0002,選修,,"四 6,7,8",和平 綜603,3 類,,3,,https://course.ntu.edu.tw/courses/114-2/70519
臺灣現代史,黃崇祐,70532,TA10420325,TATCC1007,選修,,"四 6,7,8",和平 雲303,3 類,,3,,https://course.ntu.edu.tw/courses/114-2/70532
多媒體臺語文創作,陳龍廷,70548,TA10420341,TATCU4009,選修,,"二 6,7",和平 正403,3 類,,2,,https://course.ntu.edu.tw/courses/114-2/70548
重度與多重障礙教學實務,王慧婷,70970,TA10420380,TASPU6002,選修,,"五 8,9",和平 特112,3 類,,2,,https://course.ntu.edu.tw/courses/114-2/70970
中國版畫史專題研究,林麗江,70086,TA10510010,TAAHM0073,選修,,"三 7,8,9",和平 青田405室,3 類,,3,,https://course.ntu.edu.tw/courses/114-2/70086
小說與戲劇專題,陳芳,70140,TA10510024,TACHC8013,選修,,"一 2,3,4",和平 勤602,3 類,,3,,https://course.ntu.edu.tw/courses/114-2/70140
現代歐陸哲學選讀,黃涵榆,70206,TA10510040,TAENC1093,選修,,"二 6,7,8",和平 正303,3 類,,3,,https://course.ntu.edu.tw/courses/114-2/70206
中國族群關係史專題研究（一）,呂春盛,70279,TA10510080,TAHIC8004,選修,,"四 3,4",和平 歷史系研究,3 類,,2,,https://course.ntu.edu.tw/courses/114-2/70279
運動與休閒人類學研究,林伯修,70521,TA10510137,TASRM0074,選修,,"一 3,4,5",和平 綜604,3 類,,3,,https://course.ntu.edu.tw/courses/114-2/70521
戲劇翻譯,賴慈芸,70563,TA10510154,TATIC0043,選修,,"四 2,3,4",和平 譯505,3 類,,3,,https://course.ntu.edu.tw/courses/114-2/70563
顯微構造地質學,葉孟宛,70223,TA10510174,TAESC0286,選修,,"四 7,8,9",公館 Ｃ403,3 類,,3,,https://course.ntu.edu.tw/courses/114-2/70223
臺灣原住民社會發展,汪明輝,70049,TA10520004,TA0SUG411,選修,,"三 3,4",和平 誠107,3 類,,2,,https://course.ntu.edu.tw/courses/114-2/70049
品牌管理,鄒蘊欣,70106,TA10520023,TABAU0017,選修,,"四 6,7,8",和平 誠207,3 類,,3,,https://course.ntu.edu.tw/courses/114-2/70106
顧客關係管理,王仕茹,70109,TA10520025,TABAU0059,選修,,"三 7,8,9",和平 教202會議廳,3 類,,3,,https://course.ntu.edu.tw/courses/114-2/70109
專業倫理學研究,王錦雀,70122,TA10520027,TACEC0073,選修,,"四 2,3,4",和平 誠4樓公領系,3 類,,3,,https://course.ntu.edu.tw/courses/114-2/70122
校園法律問題研究,劉恆妏,70608,TA10520029,TACEM0161,選修,,"二 6,7,8",和平 誠4樓公領系,3 類,,3,,https://course.ntu.edu.tw/courses/114-2/70608
童軍教育原理,蔡居澤,70612,TA10520030,TACEU0001,選修,,"二 9,10",和平 誠301,3 類,,2,,https://course.ntu.edu.tw/courses/114-2/70612
經濟學,周有熙,70617,TA10520032,TACEU0011,選修,,"三 6,7",和平 教201演講廳,3 類,,2,,https://course.ntu.edu.tw/courses/114-2/70617
經濟學,周有熙,70618,TA10520032,TACEU0011,選修,,"三 9,10",和平 教201演講廳,3 類,,2,,https://course.ntu.edu.tw/courses/114-2/70618
民事訴訟法,劉恆妏,70893,TA10520035,TACEU0063,選修,,"三 6,7",和平 樸301,3 類,,2,,https://course.ntu.edu.tw/courses/114-2/70893
民主政治,黃信豪,70620,TA10520036,TACEU0366,選修,,"四 3,4",和平 教103,3 類,,2,,https://course.ntu.edu.tw/courses/114-2/70620
多元文化通論,陳素秋,70894,TA10520037,TACEU0367,選修,,"三 8,9",和平 誠401,3 類,,2,,https://course.ntu.edu.tw/courses/114-2/70894
服務學習活動設計與實施,劉若蘭,70895,TA10520040,TACEU0380,選修,,"四 3,4",和平 誠401,3 類,,2,,https://course.ntu.edu.tw/courses/114-2/70895
正向管教原理與實施,賴宏銓,70897,TA10520041,TACEU0464,選修,,"一 B,C",和平 誠401,3 類,,2,,https://course.ntu.edu.tw/courses/114-2/70897
童軍露營活動（二）,徐秀婕,70774,TA10520042,TACEU0470,選修,,"三 3,4",和平 誠大樓公團,3 類,,2,,https://course.ntu.edu.tw/courses/114-2/70774
老子學專題研討,江淑君,70136,TA10520046,TACHC0168,選修,,"三 2,3,4",和平 勤601,3 類,,3,,https://course.ntu.edu.tw/courses/114-2/70136
韓非子（二）,曾暐傑,70631,TA10520050,TACHU0315,選修,,"二 3,4",和平 誠105,3 類,,2,,https://course.ntu.edu.tw/courses/114-2/70631
程式設計（二）,王鈞右,70172,TA10520055,TACSU0002,選修,,"二 2,3,4",公館 理圖807,3 類,,3,,https://course.ntu.edu.tw/courses/114-2/70172
程式設計（二）,蔣宗哲,71483,TA10520055,TACSU0002,選修,,"一 7 / 三 8,9",,3 類,,3,,https://course.ntu.edu.tw/courses/114-2/71483
進階日文（二）,李文晴,70997,TA10520078,TAENU0296,選修,,"三 8,9",和平 正303,3 類,,2,,https://course.ntu.edu.tw/courses/114-2/70997
電波天文學,管一政,70221,TA10520085,TAESC0022,選修,,"四 7,8,9",公館 Ｂ413天文實,3 類,,3,,https://course.ntu.edu.tw/courses/114-2/70221
臺灣地質,葉恩肇,70231,TA10520092,TAESC9030,選修,,"五 6,7,8",公館 Ｃ401,3 類,,3,,https://course.ntu.edu.tw/courses/114-2/70231
地質學特論,謝奈特,70240,TA10520093,TAESD0001,選修,,"五 7,8,9",公館 Ｃ403,3 類,,3,,https://course.ntu.edu.tw/courses/114-2/70240
世界地理,周學政,70662,TA10520104,TAGEU0014,選修,,"一 2,3,4",和平 教401,2 類,,3,,https://course.ntu.edu.tw/courses/114-2/70662
世界地理,許嘉麟,70663,TA10520104,TAGEU0014,選修,,"一 6,7,8",和平 誠107,3 類,,3,,https://course.ntu.edu.tw/courses/114-2/70663
生物統計學,李子奇,70673,TA10520109,TAHEU0181,選修,,"一 2,3,4",和平 正103,3 類,,3,,https://course.ntu.edu.tw/courses/114-2/70673
知識組織專題研究,陳亞寧,70313,TA10520127,TAISD0210,選修,,"二 6,7,8",和平 圖資所博士,3 類,,3,,https://course.ntu.edu.tw/courses/114-2/70313
國際人力資源管理研究,鄭道有,70680,TA10520131,TAIWM0055,選修,,"三 7,8,9",和平 綜202演講廳,3 類,,3,,https://course.ntu.edu.tw/courses/114-2/70680
吉他（二）,劉士堉,71594,TA10520145,TAMUU0362,選修,,"五 6,7",和平 樸204,3 類,,1,,https://course.ntu.edu.tw/courses/114-2/71594
兒童劇場,張洪誠,70460,TA10520148,TAPAU0030,選修,,"二 8,9",和平 知音劇場,3 類,,2,,https://course.ntu.edu.tw/courses/114-2/70460
會計學,余俊憲,70471,TA10520166,TAPGUA005,選修,,"二 A,B,C",和平 誠102,3 類,,3,,https://course.ntu.edu.tw/courses/114-2/70471
專題製作,華志中,70965,TA10520191,TASOU0054,選修,,"五 10,A,B",和平 教103,3 類,,3,,https://course.ntu.edu.tw/courses/114-2/70965
經濟學,楊智元,70726,TA10520194,TASOU5082,選修,,"一 6,7",和平 誠301,3 類,,2,,https://course.ntu.edu.tw/courses/114-2/70726
聽覺障礙,劉秀丹,70730,TA10520196,TASPU1017,選修,,"二 1,2",和平 特113,3 類,,2,,https://course.ntu.edu.tw/courses/114-2/70730
資優學生心理輔導與情意教育,于曉平,70969,TA10520198,TASPU4036,選修,,"二 A,B",和平 特115,3 類,,2,,https://course.ntu.edu.tw/courses/114-2/70969
正向行為支持,王慧婷,70971,TA10520199,TASPU6016,選修,,"五 6,7",和平 特115,3 類,,2,,https://course.ntu.edu.tw/courses/114-2/70971
文化認同與民族主義,天江喜,70531,TA10520206,TATCC1003,選修,,"五 2,3,4",和平 雲306會議室,3 類,,3,,https://course.ntu.edu.tw/courses/114-2/70531
東亞語言文化比較,賀安娟,70535,TA10520208,TATCC2018,選修,,"一 8,9,10",和平 雲306會議室,3 類,,3,,https://course.ntu.edu.tw/courses/114-2/70535
臺灣文學場域,陳龍廷,70540,TA10520209,TATCC3011,選修,,"二 8,9,10",和平 雲306會議室,3 類,,3,,https://course.ntu.edu.tw/courses/114-2/70540
電影與翻譯,李根芳,70565,TA10520223,TATIC0062,選修,,"三 6,7,8",和平 譯505,3 類,,3,,https://course.ntu.edu.tw/courses/114-2/70565
變態心理學專題研究,陳孟筳,70464,TA10520233,TAPCC0114,選修,,"二 6,7,8",和平 教500,3 類,,3,,https://course.ntu.edu.tw/courses/114-2/70464
現代小說寫作指導,朱嘉漢,70485,TA10520237,TAPGUU018,選修,,"三 3,4",和平 樸305,3 類,,2,,https://course.ntu.edu.tw/courses/114-2/70485
商業攝影,陳漢元,70867,TA10520239,TAVDU0178,選修,,"六 3,4",,3 類,,2,,https://course.ntu.edu.tw/courses/114-2/70867
日本美術鑑賞,蔡家丘,70005,TA10610001,TA01UG027,,,"四 8,9",和平 美術館601,3 類,,2,,https://course.ntu.edu.tw/courses/114-2/70005
語料庫語言學,陳正賢,70214,TA10610047,TAENC2036,選修,,"五 2,3,4",和平 誠701A,3 類,,3,,https://course.ntu.edu.tw/courses/114-2/70214
互動式英語閱讀,宋明達,70218,TA10610054,TAENU5003,選修,,"三 8,9",和平 正306,3 類,,2,,https://course.ntu.edu.tw/courses/114-2/70218
臺灣文化創意產業,劉定綱,70549,TA10610114,TATCU4013,選修,,"一 6,7",和平 正403,3 類,,2,,https://course.ntu.edu.tw/courses/114-2/70549
體育（國術）,陳慶鴻,70053,TA10620001,TA20UP013,選修,,"五 1,2",和平 大韻律教室,3 類,,1,,https://course.ntu.edu.tw/courses/114-2/70053
體育（國術）,陳慶鴻,70054,TA10620001,TA20UP013,選修,,"五 3,4",和平 大韻律教室,3 類,,1,,https://course.ntu.edu.tw/courses/114-2/70054
明代蘇州繪畫專題研究,林麗江,70091,TA10620012,TAAHM0230,選修,,"二 2,3,4",和平 青田405室,3 類,,3,,https://course.ntu.edu.tw/courses/114-2/70091
近代東亞美術史文獻論著選讀,蔡家丘,70092,TA10620013,TAAHM0231,選修,,"四 2,3,4",和平 青田406室,3 類,,3,,https://course.ntu.edu.tw/courses/114-2/70092
美術館：歷史與建築,Candid,70093,TA10620014,TAAHM0232,選修,,"一 7,8,9",和平 青田405室,3 類,,3,,https://course.ntu.edu.tw/courses/114-2/70093
族群遺傳與演化,李壽先,70112,TA10620016,TABIC7007,選修,,"四 2,3,4",公館 Ｃ303B,3 類,,3,,https://course.ntu.edu.tw/courses/114-2/70112
服務學習研究,劉若蘭,70120,TA10620022,TACEC0050,選修,,"四 5,6,7",和平 誠4樓公領系,3 類,,3,,https://course.ntu.edu.tw/courses/114-2/70120
刑法（二）,林佳範,70768,TA10620028,TACEU0335,選修,,"二 1,2",和平 誠206,3 類,,2,,https://course.ntu.edu.tw/courses/114-2/70768
德語（二）,官英華,70640,TA10620037,TACLU1032,選修,,"二 3,4",和平 正401,3 類,,2,,https://course.ntu.edu.tw/courses/114-2/70640
類神經網路,葉梅珍,70165,TA10620042,TACSC0032,選修,,"四 2,3,4",公館 理圖001,3 類,,3,,https://course.ntu.edu.tw/courses/114-2/70165
教育研究論文寫作,林宗進,70174,TA10620044,TAE0C8010,選修,,"五 5,6,7",和平 教3樓第一會,3 類,,3,,https://course.ntu.edu.tw/courses/114-2/70174
東亞民主專題研究,陳文政,70180,TA10620045,TAEAC8013,選修,,"一 9,10,A",和平 東亞系第一,3 類,,3,,https://course.ntu.edu.tw/courses/114-2/70180
東亞文化遺產,江柏煒,70646,TA10620046,TAEAU0184,選修,,"一 9,10,A",和平 誠202,3 類,,3,,https://course.ntu.edu.tw/courses/114-2/70646
東亞民主化,陳文政,70648,TA10620048,TAEAU0198,選修,,"一 6,7,8",和平 誠304,3 類,,3,,https://course.ntu.edu.tw/courses/114-2/70648
地球系統與行星比較科學,陳卉瑄,70232,TA10620062,TAESC9031,選修,,"三 7,8,9",公館 Ｓ506,3 類,,3,,https://course.ntu.edu.tw/courses/114-2/70232
應用數學（二）,陳慧如,70241,TA10620063,TAESU0024,選修,,"二 2,3,4",公館 理圖003,3 類,,3,,https://course.ntu.edu.tw/courses/114-2/70241
歐洲電影與旅行,路狄諾,70244,TA10620067,TAETM0078,選修,,"四 7,8,9",和平 博404,3 類,,3,,https://course.ntu.edu.tw/courses/114-2/70244
學校衛生研討,廖容瑜,70670,TA10620074,TAHEM0192,選修,,"二 1,2",和平 誠602,3 類,,2,,https://course.ntu.edu.tw/courses/114-2/70670
美國南方史,盧令北,70290,TA10620082,TAHIU0329,選修,,"二 3,4",和平 誠306,3 類,,2,,https://course.ntu.edu.tw/courses/114-2/70290
數位人文的人工智慧,曾元顯,70311,TA10620089,TAISC8007,選修,,"五 7,8,9",和平 圖資所研討,3 類,,3,,https://course.ntu.edu.tw/courses/114-2/70311
社會科學研究法,成維寧,70314,TA10620090,TAISM0210,選修,,"四 6,7,8",和平 圖資所研討,3 類,,3,,https://course.ntu.edu.tw/courses/114-2/70314
企業購併評價與財務分析,張維夫,70391,TA10620098,TAMBM0068,選修,,"一 6,7,8",和平 正301,3 類,,3,,https://course.ntu.edu.tw/courses/114-2/70391
表演藝術市場概論,何康國,70852,TA10620103,TAPAU0053,選修,,"三 6,7",和平 表藝中心,3 類,,2,,https://course.ntu.edu.tw/courses/114-2/70852
科學教學活動分析,方素琦,70499,TA10620111,TASEC0019,選修,,"三 2,3,4",公館 系所自排,3 類,,3,,https://course.ntu.edu.tw/courses/114-2/70499
特殊教育專題討論（二）,廖靜宜,70507,TA10620116,TASPC0060,選修,,二 3,和平 特317,3 類,,1,,https://course.ntu.edu.tw/courses/114-2/70507
清代臺灣開發史專題研究,陳志豪,70557,TA10620133,TATHM0077,選修,,"一 2,3,4",和平 勤308,3 類,,3,,https://course.ntu.edu.tw/courses/114-2/70557
公民教育,呂啟民,70613,TA10620144,TACEU0002,選修,,"一 6,7",和平 誠401,3 類,,2,,https://course.ntu.edu.tw/courses/114-2/70613
公民教育,呂啟民,70614,TA10620144,TACEU0002,選修,,"一 8,9",和平 誠401,3 類,,2,,https://course.ntu.edu.tw/courses/114-2/70614
公民教育,呂啟民,70127,TA10620144,TACEU0002,選修,,"五 10,A",和平 誠401,3 類,,2,,https://course.ntu.edu.tw/courses/114-2/70127
現代版畫（二）,楊紋瑜,70982,TA10620153,TAATU0246,選修,,"五 6,7",和平 美201,3 類,,2,,https://course.ntu.edu.tw/courses/114-2/70982
宇宙中的生命與太空環境,橋本康,70046,TA10710001,TA06UG021,,,"三 6,7",公館 Ｅ202,3 類,,2,,https://course.ntu.edu.tw/courses/114-2/70046
休閒教育專題研究,吳崇旗,70602,TA10710021,TACED0046,選修,,"一 6,7,8",和平 誠4樓公領系,3 類,,3,,https://course.ntu.edu.tw/courses/114-2/70602
數位內容與應用文字學研討,羅凡晸,70141,TA10710029,TACHC8018,選修,,"二 2,3,4",和平 教404,3 類,,3,,https://course.ntu.edu.tw/courses/114-2/70141
上古漢語語法專題,郭維茹,70142,TA10710030,TACHC8019,選修,,"四 6,7,8",和平 勤602,3 類,,3,,https://course.ntu.edu.tw/courses/114-2/70142
生態論述,貝格泰,70207,TA10710048,TAENC1119,選修,,"四 2,3,4",和平 雲201,3 類,,3,,https://course.ntu.edu.tw/courses/114-2/70207
岩石學（含實習）,賴昱銘,70225,TA10710053,TAESC9004,選修,,"五 2,3,4",公館 Ｃ401,3 類,,3,,https://course.ntu.edu.tw/courses/114-2/70225
大氣熱力學,簡芳菁,71539,TA10710054,TAESU0049,選修,,"一 7,8,9",公館 Ｃ409,3 類,,3,,https://course.ntu.edu.tw/courses/114-2/71539
新聞日語,簡嘉菁,70336,TA10710085,TAL0U1018,選修,,"二 5,6",和平 正205,3 類,,2,,https://course.ntu.edu.tw/courses/114-2/70336
行銷的藝術：孫子兵法的現代管理意涵,蕭中強,70442,TA10710107,TAO5M0003,選修,,"五 2,3,4",和平 雲608,3 類,,3,,https://course.ntu.edu.tw/courses/114-2/70442
半導體物理,李敏鴻,70446,TA10710115,TAOEC9107,選修,,"四 2,3,4",公館 Ｓ602,3 類,,3,,https://course.ntu.edu.tw/courses/114-2/70446
中外文化議題探討,宋明達,70475,TA10710120,TAPGUK009,選修,,"三 6,7",和平 誠701A,3 類,,2,,https://course.ntu.edu.tw/courses/114-2/70475
凝態系統的拓撲性質（一）,張明哲,70494,TA10710125,TAPHC8016,選修,,"一 2,3,4",公館 Ｓ701,3 類,,3,,https://course.ntu.edu.tw/courses/114-2/70494
質性研究法,張千惠,70509,TA10710128,TASPC8006,選修,,"三 2,3,4",和平 特103,3 類,,3,,https://course.ntu.edu.tw/courses/114-2/70509
臺灣文化研究導論,陳龍廷,70530,TA10710132,TATCC0009,選修,,"一 2,3,4",和平 雲306會議室,3 類,,3,,https://course.ntu.edu.tw/courses/114-2/70530
臺灣紀錄片：歷史與實踐,曾秀萍,70542,TA10710137,TATCU1015,選修,,"二 8,9",和平 誠102,3 類,,2,,https://course.ntu.edu.tw/courses/114-2/70542
電子商務,陳偉慶,70107,TA10710150,TABAU0052,選修,,"一 6,7,8",和平 誠207,3 類,,3,,https://course.ntu.edu.tw/courses/114-2/70107
音樂與戲劇,王望舒,70006,TA10720002,TA01UG033,,,"四 3,4",和平 誠102,3 類,,2,,https://course.ntu.edu.tw/courses/114-2/70006
中國繪畫史,白適銘,70885,TA10720012,TAATU0328,選修,,"四 9,10",和平 美203,3 類,,2,,https://course.ntu.edu.tw/courses/114-2/70885
臺灣美術史,白適銘,70888,TA10720013,TAATU1003,選修,,"二 8,9",和平 美101,3 類,,2,,https://course.ntu.edu.tw/courses/114-2/70888
東南亞區域文化,張碧君,70802,TA10720029,TAEAU0209,選修,,"三 9,10,A",和平 誠108,3 類,,3,,https://course.ntu.edu.tw/courses/114-2/70802
氣候變遷的減緩與調適,洪立三,70257,TA10720052,TAGEC8026,選修,,"四 7,8,9",和平 地理系研討,3 類,,3,,https://course.ntu.edu.tw/courses/114-2/70257
青少年健康行為與問題,高松景,70942,TA10720059,TAHEU0070,選修,,"二 8,9",和平 正103,3 類,,2,,https://course.ntu.edu.tw/courses/114-2/70942
初級日文（二）,張文朝,70324,TA10720074,TAL0U1002,選修,,"二 A,B",和平 誠202,3 類,,2,,https://course.ntu.edu.tw/courses/114-2/70324
初級日文（二）,許育惠,70325,TA10720074,TAL0U1002,選修,,"五 8,9",和平 誠105,3 類,,2,,https://course.ntu.edu.tw/courses/114-2/70325
初級日文（二）,邱麗娟,70326,TA10720074,TAL0U1002,選修,,"四 1,2",和平 誠204,3 類,,2,,https://course.ntu.edu.tw/courses/114-2/70326
中級日文（二）,張文朝,70327,TA10720075,TAL0U1004,選修,,"三 A,B",和平 誠206,3 類,,2,,https://course.ntu.edu.tw/courses/114-2/70327
中級日文（二）,洪韶翎,70328,TA10720075,TAL0U1004,選修,,"四 3,4",和平 樸201,3 類,,2,,https://course.ntu.edu.tw/courses/114-2/70328
日語會話與聽講（二）,池田晶,70329,TA10720076,TAL0U1006,選修,,"二 A,B",和平 誠204,3 類,,2,,https://course.ntu.edu.tw/courses/114-2/70329
日語會話與聽講（二）,賴建樺,70330,TA10720076,TAL0U1006,選修,,"一 6,7",和平 樸202,3 類,,2,,https://course.ntu.edu.tw/courses/114-2/70330
日語會話與聽講（二）,賴建樺,70331,TA10720076,TAL0U1006,選修,,"一 3,4",和平 樸202,3 類,,2,,https://course.ntu.edu.tw/courses/114-2/70331
進階日文（二）,賴建樺,70332,TA10720078,TAL0U1010,選修,,"一 8,9",和平 樸202,3 類,,2,,https://course.ntu.edu.tw/courses/114-2/70332
日本文學名著選讀,洪韶翎,70335,TA10720079,TAL0U1016,選修,,"四 5,6",和平 樸201,3 類,,2,,https://course.ntu.edu.tw/courses/114-2/70335
初級韓文（二）,金恩美,70339,TA10720080,TAL0U2002,選修,,"一 3,4",和平 樸206,3 類,,2,,https://course.ntu.edu.tw/courses/114-2/70339
初級韓文（二）,金家絃,70340,TA10720080,TAL0U2002,選修,,"二 1,2",和平 樸306,3 類,,2,,https://course.ntu.edu.tw/courses/114-2/70340
初級韓文（二）,李圭旼,70341,TA10720080,TAL0U2002,選修,,"二 5,6",和平 誠207,3 類,,2,,https://course.ntu.edu.tw/courses/114-2/70341
初級韓文（二）,康雲柱,70342,TA10720080,TAL0U2002,選修,,"一 8,9",和平 樸204,3 類,,2,,https://course.ntu.edu.tw/courses/114-2/70342
初級韓文（二）,洪攸善,70343,TA10720080,TAL0U2002,選修,,"二 3,4",和平 正203,3 類,,2,,https://course.ntu.edu.tw/courses/114-2/70343
中級韓文（二）,金家絃,70344,TA10720081,TAL0U2004,選修,,"二 3,4",和平 樸306,3 類,,2,,https://course.ntu.edu.tw/courses/114-2/70344
中級韓文（二）,崔熲,70345,TA10720081,TAL0U2004,選修,,"三 8,9",和平 正103,3 類,,2,,https://course.ntu.edu.tw/courses/114-2/70345
韓語會話與聽力練習（二）,金恩美,70346,TA10720082,TAL0U2006,選修,,"三 8,9",和平 樸201,3 類,,2,,https://course.ntu.edu.tw/courses/114-2/70346
韓語會話與聽力練習（二）,洪攸善,70347,TA10720082,TAL0U2006,選修,,"一 3,4",和平 樸201,3 類,,2,,https://course.ntu.edu.tw/courses/114-2/70347
韓語會話與聽力練習（二）,康雲柱,70348,TA10720082,TAL0U2006,選修,,"一 6,7",和平 誠208,3 類,,2,,https://course.ntu.edu.tw/courses/114-2/70348
商用韓語,金佳圓,70349,TA10720085,TAL0U2012,選修,,"一 8,9",和平 樸206,3 類,,2,,https://course.ntu.edu.tw/courses/114-2/70349
西洋哲學史（二）,蒲世豪,70356,TA10720090,TAL0U3004,選修,,"二 A,B",和平 誠207,3 類,,2,,https://course.ntu.edu.tw/courses/114-2/70356
計算共形幾何（二）,樂美亨,70384,TA10720098,TAMAC9021,選修,,"一 6,7,8",公館 數學館M310,3 類,,3,,https://course.ntu.edu.tw/courses/114-2/70384
音樂教育學專題研究,吳舜文,70406,TA10720104,TAMUD0006,選修,,"四 3,4",和平 音409,3 類,,2,,https://course.ntu.edu.tw/courses/114-2/70406
基礎管樂（二）,葉樹涵,71510,TA10720106,TAMUU0445,選修,,"四 A,B",和平 綜601,3 類,,2,,https://course.ntu.edu.tw/courses/114-2/71510
分子營養學,蘇純立,70427,TA10720107,TANSC9002,選修,,"一 1,2 / 五 1,2",,3 類,,2,,https://course.ntu.edu.tw/courses/114-2/70427
保健食品特論,蘇純立,70430,TA10720108,TANSM0013,選修,,"二 7,8,9",和平 美術館501,3 類,,3,,https://course.ntu.edu.tw/courses/114-2/70430
社會教育實務專題,李明芳,70966,TA10720143,TASOU0102,選修,,"四 A,B",和平 誠204,3 類,,2,,https://course.ntu.edu.tw/courses/114-2/70966
臺語文學專題研究,呂美親,70541,TA10720153,TATCC3027,選修,,"一 8,9,10",和平 雲303,3 類,,3,,https://course.ntu.edu.tw/courses/114-2/70541
臺灣的語言與社會,曾偉旻,71482,TA10720155,TATCU2027,選修,,"五 6,7",和平 綜210展覽廳,3 類,,2,,https://course.ntu.edu.tw/courses/114-2/71482
書法及習作（二）,林宜蓉,70632,TA10720164,TACHU0338,選修,,"二 8,9",和平 樸307,3 類,,2,,https://course.ntu.edu.tw/courses/114-2/70632
流行文化與亞際溝通,蔡如音,70013,TA10810001,TA04UG022,,,"三 3,4",和平 誠402,3 類,,2,,https://course.ntu.edu.tw/courses/114-2/70013
生涯規劃與就業輔導,李加耀,70069,TA10810004,TAA0U0004,選修,,"三 6,7",和平 體002,3 類,,2,,https://course.ntu.edu.tw/courses/114-2/70069
生死教育專題研究,余坤煌,70269,TA10810017,TAHEC8012,選修,,"四 A,B",和平 誠504,3 類,,2,,https://course.ntu.edu.tw/courses/114-2/70269
韓文閱讀與寫作,金佳圓,70351,TA10810038,TAL0U2022,選修,,"一 6,7",和平 樸305,3 類,,2,,https://course.ntu.edu.tw/courses/114-2/70351
韓文閱讀與寫作,康雲柱,70352,TA10810038,TAL0U2022,選修,,"二 3,4",和平 樸407,3 類,,2,,https://course.ntu.edu.tw/courses/114-2/70352
藝術創業與財務管理,范聖韜,70453,TA10810045,TAPAM0120,選修,,"三 2,3,4",和平 美術館602,3 類,,3,,https://course.ntu.edu.tw/courses/114-2/70453
科學實作的認知與推理,顏妙璇,70502,TA10810050,TASEC8009,選修,,"二 7,8,9",公館 系所自排,3 類,,3,,https://course.ntu.edu.tw/courses/114-2/70502
文化資產保存與文化政策,王維周,70089,TA10810061,TAAHM0206,選修,,"四 7,8,9",和平 青田406室,3 類,,3,,https://course.ntu.edu.tw/courses/114-2/70089
當代莊子學研究,劉滄龍,70143,TA10810087,TACHC8021,選修,,"二 7,8,9",和平 勤603,3 類,,3,,https://course.ntu.edu.tw/courses/114-2/70143
批判性思考與寫作,張崑將,70645,TA10810094,TAEAU0154,選修,,"四 2,3,4",和平 誠109,3 類,,3,,https://course.ntu.edu.tw/courses/114-2/70645
英語詞源學,陳乃嫻,70213,TA10810102,TAENC2031,選修,,"一 7,8,9",和平 正302,3 類,,3,,https://course.ntu.edu.tw/courses/114-2/70213
精英與現代中國專題研究,陳惠芬,70281,TA10810109,TAHIC8015,選修,,"四 2,3,4",和平 歷史系研究,3 類,,3,,https://course.ntu.edu.tw/courses/114-2/70281
臺灣文化與生活史研究,陳玉箴,70533,TA10810122,TATCC1026,選修,,"二 2,3,4",和平 雲306會議室,3 類,,3,,https://course.ntu.edu.tw/courses/114-2/70533
融合教育,邱春瑜,70968,TA10810128,TASPU0094,選修,,"二 1,2",和平 特115,3 類,,2,,https://course.ntu.edu.tw/courses/114-2/70968
行為改變理論與技術,王慧婷,70859,TA10810129,TASPU1033,選修,,"三 6,7",和平 特115,3 類,,2,,https://course.ntu.edu.tw/courses/114-2/70859
韓國電影與民主化,林志豪,70350,TA10810134,TAL0U2021,選修,,"二 8,9",和平 誠202,3 類,,2,,https://course.ntu.edu.tw/courses/114-2/70350
繪畫創作研究（二）,黃進龍,70095,TA10820011,TAATC0218,選修,,"二 2,3,4",和平 美504,3 類,,3,,https://course.ntu.edu.tw/courses/114-2/70095
天然漆繪,陳淑華,70099,TA10820015,TAATC3043,選修,,"四 10,A,B",和平 美502,3 類,,3,,https://course.ntu.edu.tw/courses/114-2/70099
公民教育思潮專題研究,王錦雀,70603,TA10820033,TACED0099,選修,,"三 6,7,8",和平 誠4樓公領系,3 類,,3,,https://course.ntu.edu.tw/courses/114-2/70603
少年事件相關法律,林佳範,70899,TA10820035,TACEU0475,選修,,"一 8,9,10",和平 正303,3 類,,3,,https://course.ntu.edu.tw/courses/114-2/70899
新加坡與東協政經專題研究,孫國祥,70182,TA10820044,TAEAC8023,選修,,"五 2,3,4",和平 東亞系第二,3 類,,3,,https://course.ntu.edu.tw/courses/114-2/70182
中國大陸社會變遷,范世平,70189,TA10820049,TAEAC9004,選修,,"四 2,3,4",和平 正206,3 類,,3,,https://course.ntu.edu.tw/courses/114-2/70189
區域研究理論與實務,范世平,70803,TA10820063,TAEAU0215,選修,,"二 2,3,4",和平 樸303,3 類,,3,,https://course.ntu.edu.tw/courses/114-2/70803
婦女健康,朱妮明,70276,TA10820091,TAHEU0143,選修,,"一 8,9",和平 正103,3 類,,2,,https://course.ntu.edu.tw/courses/114-2/70276
中美關係史專題研究,吳翎君,70280,TA10820093,TAHIC8011,選修,,"三 6,7,8",和平 歷史系研究,3 類,,3,,https://course.ntu.edu.tw/courses/114-2/70280
臺灣近代史,陳佳宏,71479,TA10820103,TAHIU0373,選修,,"一 3,4",和平 誠306,3 類,,2,,https://course.ntu.edu.tw/courses/114-2/71479
元史,陳昭揚,70294,TA10820104,TAHIU0386,選修,,"二 6,7",和平 正401,3 類,,2,,https://course.ntu.edu.tw/courses/114-2/70294
近代臺日關係史,王麒銘,70296,TA10820106,TAHIU0389,選修,,"一 6,7",和平 誠306,3 類,,2,,https://course.ntu.edu.tw/courses/114-2/70296
企業治理與社會責任研究,張詠晴,70681,TA10820112,TAIWM0080,選修,,"二 10,A,B",和平 誠206,3 類,,3,,https://course.ntu.edu.tw/courses/114-2/70681
進階日語會話與聽講（二）,邱麗娟,70333,TA10820114,TAL0U1012,選修,,"四 3,4",和平 誠204,3 類,,2,,https://course.ntu.edu.tw/courses/114-2/70333
當代法國哲學,蔡士瑋,70357,TA10820119,TAL0U3011,選修,,"五 6,7",和平 正401,3 類,,2,,https://course.ntu.edu.tw/courses/114-2/70357
倫理學,林淑芬,70358,TA10820120,TAL0U3012,選修,,"四 A,B",和平 誠208,3 類,,2,,https://course.ntu.edu.tw/courses/114-2/70358
幾何測度論（二）,孟悟理,70381,TA10820124,TAMAC0198,選修,,"五 2,3,4",公館 數學館M210,3 類,,3,,https://course.ntu.edu.tw/courses/114-2/70381
數理統計（二）,張少同,70386,TA10820128,TAMAC9033,選修,,"五 2,3,4",公館 數學館M310,3 類,,3,,https://course.ntu.edu.tw/courses/114-2/70386
應用統計方法（一）,蔡碧紋,71000,TA10820130,TAMAU0062,選修,,"二 2,3,4",公館 Ｓ302,3 類,,3,,https://course.ntu.edu.tw/courses/114-2/71000
電磁學（二）,呂杰翰,70851,TA10820134,TAOEU0006,選修,,"四 2,3,4",公館 Ｓ307,3 類,,3,,https://course.ntu.edu.tw/courses/114-2/70851
音樂劇表演,梁志民,70449,TA10820136,TAPAC9013,選修,,"一 9,10",和平 知音劇場,3 類,,2,,https://course.ntu.edu.tw/courses/114-2/70449
說服傳播與行銷,林慧斐,70468,TA10820142,TAPGU1033,選修,,"二 3,4,5",和平 正102,3 類,,3,,https://course.ntu.edu.tw/courses/114-2/70468
計量財務分析,楊怡雯,70473,TA10820145,TAPGUB015,選修,,"四 8,9,10",和平 誠401,3 類,,3,,https://course.ntu.edu.tw/courses/114-2/70473
法文（二）,黃慧玉,70477,TA10820146,TAPGUL037,選修,,"四 10,A,B",和平 博413,3 類,,3,,https://course.ntu.edu.tw/courses/114-2/70477
德文（二）,陳學毅,70479,TA10820147,TAPGUL041,選修,,"五 10,A,B",和平 博413,3 類,,3,,https://course.ntu.edu.tw/courses/114-2/70479
特殊教育理論基礎：心理學,王曉嵐,70514,TA10820157,TASPM0055,選修,,"四 10,A",和平 特227,3 類,,2,,https://course.ntu.edu.tw/courses/114-2/70514
資優教育概論,李家兆,70727,TA10820158,TASPU0056,選修,,"四 A,B",和平 特115,3 類,,2,,https://course.ntu.edu.tw/courses/114-2/70727
智能障礙,邱春瑜,70728,TA10820164,TASPU1015,選修,,"二 6,7",和平 特115,3 類,,2,,https://course.ntu.edu.tw/courses/114-2/70728
情緒行為障礙,洪儷瑜,70858,TA10820165,TASPU1032,選修,,"二 9,10",和平 特113,3 類,,2,,https://course.ntu.edu.tw/courses/114-2/70858
資優學生獨立研究指導,游健弘,71006,TA10820168,TASPU4031,選修,,"一 A,B",和平 特115,3 類,,2,,https://course.ntu.edu.tw/courses/114-2/71006
實證性研究之文獻評析與統整,林儷蓉,70520,TA10820170,TASRD0008,選修,,"四 2,3,4",和平 綜603,3 類,,3,,https://course.ntu.edu.tw/courses/114-2/70520
戶外基本裝備,謝宜蓉,70775,TA10820180,TACEU0477,選修,,"四 6,7",和平 童技室,3 類,,2,,https://course.ntu.edu.tw/courses/114-2/70775
西洋教育史,洪仁進,70806,TA10820182,TAEDU0002,選修,,"二 3,4",和平 教315,3 類,,2,,https://course.ntu.edu.tw/courses/114-2/70806
教學原理,湯仁燕,71561,TA10820192,TAEDU0157,選修,,"一 3,4",和平 教315,3 類,,2,,https://course.ntu.edu.tw/courses/114-2/71561
高等質性研究法與資料分析,何英奇,70431,TA10820398,TANTNU029,選修,,"二 9,10",和平 教511,3 類,,2,,https://course.ntu.edu.tw/courses/114-2/70431
創新健康教學,余坤煌,71004,TA10820706,TANTNU031,選修,,"四 8,9",和平 正105,3 類,,2,,https://course.ntu.edu.tw/courses/114-2/71004
肌力與體能運動處方設計,李恆儒,70068,TA10910002,TA2EC9001,選修,,"四 2,3,4",公館 Ｓ402,3 類,,3,,https://course.ntu.edu.tw/courses/114-2/70068
斷層帶動力學,陳卉瑄,70224,TA10910070,TAESC8040,選修,,"四 2,3,4",公館 Ｓ404,3 類,,3,,https://course.ntu.edu.tw/courses/114-2/70224
海洋地質學,葉孟宛,70228,TA10910071,TAESC9019,選修,,"四 2,3,4",公館 Ｃ403,3 類,,3,,https://course.ntu.edu.tw/courses/114-2/70228
歐洲奇幻文學研究專題,梁孫傑,70245,TA10910072,TAETM0083,選修,,"一 7,8,9",和平 博404,3 類,,3,,https://course.ntu.edu.tw/courses/114-2/70245
日常生活地理學特論,吳鄭重,70258,TA10910074,TAGEC8032,選修,,"五 7,8,9",和平 地理系研討,3 類,,3,,https://course.ntu.edu.tw/courses/114-2/70258
校園安全與傷害控制研究,胡益進,70266,TA10910078,TAHEC0050,選修,,"四 3,4",和平 誠505,3 類,,2,,https://course.ntu.edu.tw/courses/114-2/70266
近代西方知識分子與中國文化研討,李峙皞,71490,TA10910091,TAHIC9019,選修,,"五 6,7",和平 歷史系視聽,3 類,,2,,https://course.ntu.edu.tw/courses/114-2/71490
社群行銷研究,林慧斐,70394,TA10910111,TAMCM0118,選修,,"四 3,4,5",和平 綜7樓大傳所,3 類,,3,,https://course.ntu.edu.tw/courses/114-2/70394
結構方程模式導論,林志鴻,70503,TA10910130,TASEC8011,選修,,"二 6,7,8",公館 系所自排,3 類,,3,,https://course.ntu.edu.tw/courses/114-2/70503
資優教育模式,陳偉仁,70861,TA10910135,TASPU4032,選修,,"一 9,10",和平 特113,3 類,,2,,https://course.ntu.edu.tw/courses/114-2/70861
運動餐旅產業績效評估與決策分析,方進義,70517,TA10910137,TASRC8003,選修,,"五 3,4,5",和平 綜604,3 類,,3,,https://course.ntu.edu.tw/courses/114-2/70517
臺灣文獻導讀與研究,賀安娟,70537,TA10910143,TATCC2031,選修,,"四 8,9,10",和平 雲306會議室,3 類,,3,,https://course.ntu.edu.tw/courses/114-2/70537
文學概論,呂美親,70862,TA10910147,TATCU0027,選修,,"二 2,3,4",和平 正403,3 類,,3,,https://course.ntu.edu.tw/courses/114-2/70862
舞蹈鑑賞,王宏豪,70432,TA10918811,TANTNU033,,,"一 6,7,8",和平 誠202,3 類,,3,,https://course.ntu.edu.tw/courses/114-2/70432
美術心理學（一）,趙惠玲,70717,TA10918813,TANTNU035,選修,,"四 6,7",和平 美101,3 類,,2,,https://course.ntu.edu.tw/courses/114-2/70717
質的研究,曾冠球,70433,TA10918820,TANTNU042,選修,,"四 A,B,C",和平 誠104,3 類,,3,,https://course.ntu.edu.tw/courses/114-2/70433
東南亞文化與歷史專題,廖弘民,70014,TA10920009,TA04UG035,,,"五 3,4",和平 誠104,3 類,,2,,https://course.ntu.edu.tw/courses/114-2/70014
運動生物力學,張家豪,70745,TA10920012,TA2EU0030,選修,,"一 3,4",和平 誠201,3 類,,2,,https://course.ntu.edu.tw/courses/114-2/70745
運動防護導論,黃昱倫,70589,TA10920014,TA2EU0291,選修,,"一 8,9",和平 金牌講堂,3 類,,2,,https://course.ntu.edu.tw/courses/114-2/70589
健康管理,陳勇志,70753,TA10920015,TA2EU0293,選修,,"二 8,9",和平 樸105,3 類,,2,,https://course.ntu.edu.tw/courses/114-2/70753
運動推拿指壓學,黃昱倫,70754,TA10920016,TA2EU0294,選修,,"二 6,7",和平 樸105,3 類,,2,,https://course.ntu.edu.tw/courses/114-2/70754
博物館與文化研究,陳春蘭,71528,TA10920024,TAATC3035,選修,,"三 A,B,C",和平 美203,3 類,,3,,https://course.ntu.edu.tw/courses/114-2/71528
美學（二）,魏竹君,70758,TA10920030,TAATU0238,選修,,"五 6,7",和平 美101,3 類,,2,,https://course.ntu.edu.tw/courses/114-2/70758
人體素描（二）,蔡芷芬,70884,TA10920031,TAATU0244,選修,,"三 6,7,8",和平 美403,3 類,,3,,https://course.ntu.edu.tw/courses/114-2/70884
戶外體驗教育,吳崇旗,70621,TA10920038,TACEU0480,選修,,"三 8,9",和平 誠大樓公團,3 類,,2,,https://course.ntu.edu.tw/courses/114-2/70621
戶外體驗教育,吳崇旗,70622,TA10920038,TACEU0480,選修,,"三 6,7",和平 誠大樓公團,3 類,,2,,https://course.ntu.edu.tw/courses/114-2/70622
語用學,謝佳玲,70160,TA10920043,TACLM0036,選修,,"五 2,3,4",和平 博1002,3 類,,3,,https://course.ntu.edu.tw/courses/114-2/70160
華語語法學,洪嘉馡,70794,TA10920048,TACLU1011,選修,,"一 3,4",和平 正402A,3 類,,2,,https://course.ntu.edu.tw/courses/114-2/70794
華語語法學,洪嘉馡,70795,TA10920048,TACLU1011,選修,,"一 6,7",和平 正402A,3 類,,2,,https://course.ntu.edu.tw/courses/114-2/70795
東亞思想專題研究,黃約伯,70195,TA10920055,TAEAM0045,選修,,"二 9,10,A",和平 東亞系第一,3 類,,3,,https://course.ntu.edu.tw/courses/114-2/70195
近代外交史,王冠雄,70649,TA10920057,TAEAU0221,選修,,"二 6,7,8",和平 誠203,3 類,,3,,https://course.ntu.edu.tw/courses/114-2/70649
東南亞社會發展歷程,張碧君,70928,TA10920058,TAEAU0227,選修,,"三 6,7,8",和平 正401,3 類,,3,,https://course.ntu.edu.tw/courses/114-2/70928
新媒體、寫作與溝通,徐明瀚,70993,TA10920059,TAEAU0228,選修,,"一 2,3,4",和平 誠204,3 類,,3,,https://course.ntu.edu.tw/courses/114-2/70993
比較教育,陳佩英,71562,TA10920063,TAEDU0008,選修,,"三 8,9",和平 教802,3 類,,2,,https://course.ntu.edu.tw/courses/114-2/71562
教育專題,林君憶,70931,TA10920064,TAEDU0192,選修,,"四 3,4",和平 正202,3 類,,2,,https://course.ntu.edu.tw/courses/114-2/70931
教育專題,李玉馨,70932,TA10920064,TAEDU0192,選修,,"四 3,4",和平 正205,3 類,,2,,https://course.ntu.edu.tw/courses/114-2/70932
石油地球化學,吳素慧,70235,TA10920072,TAESC9043,選修,,"一 7,8,9",公館 Ｃ401,3 類,,3,,https://course.ntu.edu.tw/courses/114-2/70235
地質科學於再生能源上的應用,黃鐘,70236,TA10920073,TAESC9044,選修,,"三 A,B",公館 Ｅ101,3 類,,2,,https://course.ntu.edu.tw/courses/114-2/70236
產業生態學研討,郭乃文,70256,TA10920077,TAGEC8025,選修,,"二 6,7",和平 地理系研討,3 類,,2,,https://course.ntu.edu.tw/courses/114-2/70256
科學英文寫作,莫家俊,70259,TA10920078,TAGEC8034,選修,,"一 2,3,4",和平 地理系研討,3 類,,3,,https://course.ntu.edu.tw/courses/114-2/70259
生命教育,余坤煌,70273,TA10920082,TAHEC9002,選修,,"二 10,A",和平 誠401,3 類,,2,,https://course.ntu.edu.tw/courses/114-2/70273
南北朝政治社會史,呂春盛,70292,TA10920085,TAHIU0353,選修,,"五 3,4",和平 誠208,3 類,,2,,https://course.ntu.edu.tw/courses/114-2/70292
韓語實用語法與應用,李圭旼,70353,TA10920094,TAL0U2025,選修,,"一 8,9",和平 正201,3 類,,2,,https://course.ntu.edu.tw/courses/114-2/70353
微致動與感測器分析與設計,楊啟榮,70397,TA10920104,TAMTC0016,選修,,"一 2,3,4",和平 機202會議室,3 類,,3,,https://course.ntu.edu.tw/courses/114-2/70397
物理光學,邱爾德,70444,TA10920107,TAOEC9002,選修,,"一 2,3,4",公館 Ｓ601,3 類,,3,,https://course.ntu.edu.tw/courses/114-2/70444
舞蹈賞析,吳碧容,70458,TA10920112,TAPAU0011,選修,,"二 1,2",和平 誠305,3 類,,2,,https://course.ntu.edu.tw/courses/114-2/70458
法文（四）,黃慧玉,70478,TA10920117,TAPGUL039,選修,,"五 7,8,9",和平 系所自排,3 類,,3,,https://course.ntu.edu.tw/courses/114-2/70478
情緒障礙專題研究,洪儷瑜,70506,TA10920119,TASPC0033,選修,,"一 8,9,10",和平 特230,3 類,,3,,https://course.ntu.edu.tw/courses/114-2/70506
智慧旅遊：科技整合與管理,李晶,70523,TA10920124,TASRM0120,選修,,"二 6,7,8",和平 綜603,3 類,,3,,https://course.ntu.edu.tw/courses/114-2/70523
臺灣文化概論,劉定綱,70733,TA10920127,TATCU0024,選修,,"三 6,7,8",和平 正404,3 類,,3,,https://course.ntu.edu.tw/courses/114-2/70733
基礎油畫（二）,侯忠穎,71531,TA10920147,TAATU0234,選修,,"一 6,7",和平 美401,3 類,,1,,https://course.ntu.edu.tw/courses/114-2/71531
鋼琴（二）,鄭怡君,71584,TA10920156,TAMUU0567,選修,,,,3 類,,1,,https://course.ntu.edu.tw/courses/114-2/71584
社會教育專題實習（二）,吳盈慧,70505,TA10920158,TASOC9002,選修,,"三 A,B,C",和平 教714,3 類,,3,,https://course.ntu.edu.tw/courses/114-2/70505
設計史,黃莉庭,70735,TA10920159,TAVDU0008,選修,,"一 3,4",和平 設計系2A教,3 類,,2,,https://course.ntu.edu.tw/courses/114-2/70735
中級韓語（二）,金恩美,70845,TA10920170,TANTNU051,選修,,"三 6,7",和平 樸407,3 類,,2,,https://course.ntu.edu.tw/courses/114-2/70845
中級日語（二）,尹筱嵐,70846,TA10920171,TANTNU052,選修,,"三 6,7",和平 樸304,3 類,,2,,https://course.ntu.edu.tw/courses/114-2/70846
博物館教育,蔡怡怡,70847,TA10920173,TANTNU054,選修,,"五 6,7,8",和平 誠208,3 類,,3,,https://course.ntu.edu.tw/courses/114-2/70847
媒體寫作,丁逸筠,70151,TA11010021,TACHU0348,選修,,"一 3,4",和平 樸205,3 類,,2,,https://course.ntu.edu.tw/courses/114-2/70151
雙語教學,徐東伯,70152,TA11010023,TACLC8014,選修,,"三 2,3,4",和平 綜903,3 類,,3,,https://course.ntu.edu.tw/courses/114-2/70152
資安攻防演練,紀博文,70169,TA11010030,TACSC9007,選修,,"一 2,3,4",公館 Ｂ101,3 類,,3,,https://course.ntu.edu.tw/courses/114-2/70169
東南亞文化專題研究,張碧君,70184,TA11010035,TAEAC8042,選修,,"四 2,3,4",和平 東亞系第一,3 類,,3,,https://course.ntu.edu.tw/courses/114-2/70184
原住民族教育概論,吉娃思,70361,TA11010070,TAL0U4004,選修,,"四 A,B",和平 誠305,3 類,,2,,https://course.ntu.edu.tw/courses/114-2/70361
臺灣文學史,林巾力,70734,TA11010097,TATCU0028,選修,,"四 6,7,8",和平 正404,3 類,,3,,https://course.ntu.edu.tw/courses/114-2/70734
音樂劇歌唱訓練（二）,鄭帆婷,70723,TA11013460,TAPAU0072,選修,,"四 3,4",和平 行健閣,3 類,,2,,https://course.ntu.edu.tw/courses/114-2/70723
資料視覺化與溝通,黃浩霆,70110,TA11020015,TABAU0069,選修,,"一 7,8,9",和平 樸306,3 類,,3,,https://course.ntu.edu.tw/courses/114-2/70110
漢魏六朝詩,祁立峰,70920,TA11020019,TACHU0351,選修,,"三 8,9",和平 樸204,3 類,,2,,https://course.ntu.edu.tw/courses/114-2/70920
西方中國研究專題與實務,潘鳳娟,70181,TA11020027,TAEAC8022,選修,,"一 6,7,8",和平 系所自排,3 類,,3,,https://course.ntu.edu.tw/courses/114-2/70181
海外華人與中國研究專題討論,江柏煒,70183,TA11020029,TAEAC8037,選修,,"二 2,3,4",和平 東亞系第一,3 類,,3,,https://course.ntu.edu.tw/courses/114-2/70183
數值地形分析,田應平,70939,TA11020049,TAGEU0152,選修,,"三 9,10",和平 地理系電腦,3 類,,2,,https://course.ntu.edu.tw/courses/114-2/70939
地景圖學,林秀娟,70817,TA11020050,TAGEU0237,選修,,"五 10,A,B",和平 誠107,3 類,,3,,https://course.ntu.edu.tw/courses/114-2/70817
社會領域探究與實作專題,蘇淑娟,70998,TA11020051,TAGEU0240,選修,,"五 3,4",和平 誠107,3 類,,2,,https://course.ntu.edu.tw/courses/114-2/70998
健康促進與衛生教育專題研究,李碧霞,70270,TA11020053,TAHEC8017,選修,,"四 3,4",和平 誠602,3 類,,2,,https://course.ntu.edu.tw/courses/114-2/70270
健康創意設計與3DVR,林宗毅,70947,TA11020055,TAHEU0187,選修,,"四 10,A",和平 誠205,3 類,,2,,https://course.ntu.edu.tw/courses/114-2/70947
公共衛生學,吳文琪,70674,TA11020056,TAHEU0188,選修,,"四 6,7",和平 正103,3 類,,2,,https://course.ntu.edu.tw/courses/114-2/70674
衛生政策與行政,張鳳琴,70948,TA11020057,TAHEU0189,選修,,"一 8,9",和平 正104,3 類,,2,,https://course.ntu.edu.tw/courses/114-2/70948
數位學習理論與實務,許庭嘉,70676,TA11020065,TAITU0082,選修,,"二 2,3,4",和平 科技系TA509,3 類,,3,,https://course.ntu.edu.tw/courses/114-2/70676
領導與人才發展實務研究,奚永明,70682,TA11020066,TAIWM0084,選修,,"二 7,8,9",和平 美術館602,3 類,,3,,https://course.ntu.edu.tw/courses/114-2/70682
國際教育與發展研究,李浡,70683,TA11020067,TAIWM0086,選修,,"二 2,3,4",和平 美術館602,3 類,,3,,https://course.ntu.edu.tw/courses/114-2/70683
高級韓文（二）,金家絃,70354,TA11020070,TAL0U2030,選修,,"二 6,7",和平 文學院B1會,3 類,,2,,https://course.ntu.edu.tw/courses/114-2/70354
原住民族政策與法規,蕭世暉,70360,TA11020071,TAL0U4003,選修,,"二 10,A",和平 誠306,3 類,,2,,https://course.ntu.edu.tw/courses/114-2/70360
偏微分方程導論（二）,陳建隆,70379,TA11020073,TAMAC0133,選修,,"五 2,3,4",公館 數學館M212,3 類,,3,,https://course.ntu.edu.tw/courses/114-2/70379
高行健戲劇研究,梁志民,70448,TA11020080,TAPAC9011,選修,,"二 10,A",和平 知音劇場,3 類,,2,,https://course.ntu.edu.tw/courses/114-2/70448
音樂劇場理論與實務（二）,張仰瑄,70456,TA11020082,TAPAM0131,選修,,"一 3,4",和平 行健閣,3 類,,2,,https://course.ntu.edu.tw/courses/114-2/70456
文化資產概論,蕭文杰,70854,TA11020087,TASOU0112,選修,,"五 3,4",和平 誠302,3 類,,2,,https://course.ntu.edu.tw/courses/114-2/70854
特殊學生家庭專題研究,胡心慈,70511,TA11020092,TASPC8016,選修,,"三 6,7,8",和平 特230,3 類,,3,,https://course.ntu.edu.tw/courses/114-2/70511
自主學習與學習策略,王宣惠,70512,TA11020093,TASPC9005,選修,,"一 9,10",和平 特115,3 類,,2,,https://course.ntu.edu.tw/courses/114-2/70512
特殊教育學生性教育,高松景,70513,TA11020094,TASPC9006,選修,,"二 3,4",和平 特116,3 類,,2,,https://course.ntu.edu.tw/courses/114-2/70513
進階臺灣手語,劉秀丹,70855,TA11020095,TASPU0101,選修,,"四 3,4",和平 特115,3 類,,2,,https://course.ntu.edu.tw/courses/114-2/70855
身心障礙學生教材教法（輕／重）（一）,胡心慈,70857,TA11020096,TASPU1021,選修,,"一 3,4",和平 特113,3 類,,2,,https://course.ntu.edu.tw/courses/114-2/70857
聽能說話訓練,劉秀丹,70860,TA11020097,TASPU3009,選修,,"二 6,7,8",和平 特112,3 類,,3,,https://course.ntu.edu.tw/courses/114-2/70860
運動與休閒經濟學研究,朱文增,70516,TA11020100,TASRC0004,選修,,"二 7,8,9",和平 綜604,3 類,,3,,https://course.ntu.edu.tw/courses/114-2/70516
臺灣總督府公文類纂專題研究（一）,近藤正,70561,TA11020111,TATHM0092,選修,,"四 6,7",和平 勤308,3 類,,2,,https://course.ntu.edu.tw/courses/114-2/70561
體育史,林玫君,70578,TA11020114,TA2EU0018,選修,,"四 6,7",和平 金牌講堂,3 類,,2,,https://course.ntu.edu.tw/courses/114-2/70578
排球（二）,良財,70749,TA11020116,TA2EU0249,選修,,"二 3,4",和平 體育館一4F,3 類,,2,,https://course.ntu.edu.tw/courses/114-2/70749
武術（二）,Philip,70751,TA11020117,TA2EU0261,選修,,"二 3,4",和平 武術房一,3 類,,2,,https://course.ntu.edu.tw/courses/114-2/70751
游泳（二）,陳履賢,70583,TA11020118,TA2EU0264,選修,,"三 6,7",和平 游泳館1F大,3 類,,2,,https://course.ntu.edu.tw/courses/114-2/70583
游泳（二）,陳履賢,70584,TA11020118,TA2EU0264,選修,,"二 6,7",和平 游泳館1F大,3 類,,2,,https://course.ntu.edu.tw/courses/114-2/70584
中英筆譯（一）,林俊宏,70568,TA11020120,TATIC9002,選修,,"一 7,8,9",和平 綜10樓教室,3 類,,3,,https://course.ntu.edu.tw/courses/114-2/70568
翻譯賞析,余淑慧,70569,TA11020121,TATIC9004,選修,,"五 7,8,9",和平 勤301,3 類,,3,,https://course.ntu.edu.tw/courses/114-2/70569
中英口譯（一）,詹柏勻,70570,TA11020122,TATIC9005,選修,,"三 7,8,9",和平 勤302,3 類,,3,,https://course.ntu.edu.tw/courses/114-2/70570
新媒體與知識轉譯,涂豐恩,70552,TA11020124,TATHC9002,選修,,"五 2,3,4",和平 勤308,3 類,,3,,https://course.ntu.edu.tw/courses/114-2/70552
籃球（二）,掌慶維,70748,TA11020125,TA2EU0246,選修,,"五 3,4",和平 體育館一4F,3 類,,2,,https://course.ntu.edu.tw/courses/114-2/70748
印刷設計與實務,李延祥,70872,TA11020129,TAVDU0225,選修,,"五 3,4",和平 綜913,3 類,,2,,https://course.ntu.edu.tw/courses/114-2/70872
當代音樂教學法,潘宇文,70710,TA11020131,TAMUU0249,選修,,"四 3,4",和平 音410,3 類,,2,,https://course.ntu.edu.tw/courses/114-2/70710
樂器學（二）,莊文達,70412,TA11020132,TAMUU0358,選修,,"五 1,2",和平 音409,3 類,,2,,https://course.ntu.edu.tw/courses/114-2/70412
教學媒體與運用,林君憶,70654,TA11020139,TAEDU0215,選修,,"三 6,7",和平 誠104,3 類,,2,,https://course.ntu.edu.tw/courses/114-2/70654
保存科學攝影（一）,張維敦,70104,TA11020141,TAATC9014,選修,,"四 7,8,9",和平 美506,3 類,,3,,https://course.ntu.edu.tw/courses/114-2/70104
膳食療養（二）,葉宛儒,70959,TA11020145,TANSU0020,選修,,"一 6,7,8",公館 Ｓ302,3 類,,3,,https://course.ntu.edu.tw/courses/114-2/70959
音樂演奏與互動程式寫作,林芝良,70407,TA11020147,TAMUM0245,選修,,"一 8,9",和平 音409,3 類,,2,,https://course.ntu.edu.tw/courses/114-2/70407
休閒職場衛生與管理,林宗毅,70848,TA11025004,TANTNU077,選修,,"四 8,9",和平 正104,3 類,,2,,https://course.ntu.edu.tw/courses/114-2/70848
鋼琴室內樂（二）,鄭怡君,70434,TA11025007,TANTNU080,選修,,"一 1,2",和平 音409,3 類,,2,,https://course.ntu.edu.tw/courses/114-2/70434
家庭與法律專題,賴月蜜,70435,TA11025008,TANTNU081,選修,,"三 A,B,C",和平 誠109,3 類,,3,,https://course.ntu.edu.tw/courses/114-2/70435
發現臺灣,天江喜,71451,TA11025009,TANTNU082,選修,,"四 2,3,4",和平 樸205,3 類,,3,,https://course.ntu.edu.tw/courses/114-2/71451
體適能,劉宏文,70718,TA11025011,TANTNU084,選修,,"三 8,9",和平 重量訓練室,3 類,,2,,https://course.ntu.edu.tw/courses/114-2/70718
版畫（二）,楊紋瑜,70849,TA11025012,TANTNU085,選修,,"五 3,4",和平 美201,3 類,,2,,https://course.ntu.edu.tw/courses/114-2/70849
進階水彩,黃進龍,70763,TA11110007,TAATU0359,選修,,"二 6,7,8",和平 美402,3 類,,3,,https://course.ntu.edu.tw/courses/114-2/70763
冒險方案設計與評估研究,蔡居澤,70125,TA11110011,TACEC8012,選修,,"三 6,7,8",和平 誠4樓公領系,3 類,,3,,https://course.ntu.edu.tw/courses/114-2/70125
數位華語教學專題研究,籃玉如,70156,TA11110018,TACLC8070,選修,,"二 8,9,10",和平 綜901,3 類,,3,,https://course.ntu.edu.tw/courses/114-2/70156
量化研究方法,籃玉如,70157,TA11110019,TACLC8073,選修,,"四 6,7,8",和平 博1002,3 類,,3,,https://course.ntu.edu.tw/courses/114-2/70157
縱貫資料分析,邱皓政,70175,TA11110020,TAE0C8011,選修,,"一 9,10,A",和平 誠201,3 類,,3,,https://course.ntu.edu.tw/courses/114-2/70175
地球系統科學與災害風險評估,陳卉瑄,70238,TA11110034,TAESC9050,選修,,"四 7,8,9",公館 Ｓ404,3 類,,3,,https://course.ntu.edu.tw/courses/114-2/70238
明代賦役史專題研究,邱仲麟,70282,TA11110041,TAHIC8020,選修,,"二 7,8,9",和平 歷史系研究,3 類,,3,,https://course.ntu.edu.tw/courses/114-2/70282
西方男性史研討,盧省言,70286,TA11110042,TAHIC9023,選修,,"三 6,7,8",和平 誠307,3 類,,3,,https://course.ntu.edu.tw/courses/114-2/70286
數位學習與數位敘事,陳志洪,70303,TA11110046,TAICC8004,選修,,"四 3,4,5",和平 教1011,3 類,,3,,https://course.ntu.edu.tw/courses/114-2/70303
臺灣原住民族文化概論,蕭世暉,70364,TA11110050,TAL0U4021,選修,,"四 6,7",和平 綜10樓教室,3 類,,2,,https://course.ntu.edu.tw/courses/114-2/70364
西班牙文（四）,許玉燕,70480,TA11110064,TAPGUL047,選修,,"三 10,A,B",和平 博404,3 類,,3,,https://course.ntu.edu.tw/courses/114-2/70480
臺灣文化史,陳玉箴,70436,TA11111986,TANTNU088,選修,,"二 6,7,8",和平 正404,3 類,,3,,https://course.ntu.edu.tw/courses/114-2/70436
管理學入門,廖仁傑,71506,TA11113148,TA03UG041,選修,,"二 8,9",和平 教202會議廳,3 類,,2,,https://course.ntu.edu.tw/courses/114-2/71506
行為生態學,周均珈,70113,TA11113150,TABIC8022,選修,,"二 2,3,4",公館 Ｓ306,3 類,,3,,https://course.ntu.edu.tw/courses/114-2/70113
科學的語言,蔡承志,70015,TA11120003,TA05UG010,,,"二 8,9",和平 誠109,3 類,,2,,https://course.ntu.edu.tw/courses/114-2/70015
體育（飛盤運動）,黃正杰,70064,TA11120007,TA20UP342,選修,,"三 6,7",和平 操場一,3 類,,1,,https://course.ntu.edu.tw/courses/114-2/70064
體育（飛盤運動）,黃正杰,70065,TA11120007,TA20UP342,選修,,"三 8,9",和平 操場一,3 類,,1,,https://course.ntu.edu.tw/courses/114-2/70065
戶外領導,李晟瑋,70900,TA11120028,TACEU0484,選修,,"三 6,7",和平 童技室,3 類,,2,,https://course.ntu.edu.tw/courses/114-2/70900
國際政治經濟學專題研究,關弘昌,70185,TA11120038,TAEAC8046,選修,,"四 2,3,4",和平 系所自排,3 類,,3,,https://course.ntu.edu.tw/courses/114-2/70185
初級韓語（二）,李圭旼,70641,TA11120040,TAEAU0071,選修,,"二 3,4",和平 樸203,3 類,,2,,https://course.ntu.edu.tw/courses/114-2/70641
初級日語（二）,尹筱嵐,70642,TA11120041,TAEAU0072,選修,,"三 3,4",和平 正405,3 類,,2,,https://course.ntu.edu.tw/courses/114-2/70642
當代東亞電影,徐明瀚,70650,TA11120043,TAEAU0224,選修,,"一 6,7,8",和平 正405,3 類,,3,,https://course.ntu.edu.tw/courses/114-2/70650
質性研究與論文寫作,邱愷欣,70804,TA11120044,TAEAU0236,選修,,"四 9,10,A",和平 誠207,3 類,,3,,https://course.ntu.edu.tw/courses/114-2/70804
碳管理,葉欣誠,70198,TA11120047,TAEEC8057,選修,,"四 7,8,9",公館 行304,3 類,,3,,https://course.ntu.edu.tw/courses/114-2/70198
永續區域規劃與管理,方偉達,70199,TA11120048,TAEEC8058,選修,,"五 6,7,8",公館 行409,3 類,,3,,https://course.ntu.edu.tw/courses/114-2/70199
永續金融,施友元,70200,TA11120049,TAEEC8062,選修,,"四 2,3,4",公館 行304,3 類,,3,,https://course.ntu.edu.tw/courses/114-2/70200
東南亞英語文學,梁一萍,70208,TA11120051,TAENC1125,選修,,"五 8,9,10",和平 雲201,3 類,,3,,https://course.ntu.edu.tw/courses/114-2/70208
財經英文與翻譯,李宜懃,70994,TA11120055,TAENU0220,選修,,"一 6,7",和平 正306,3 類,,2,,https://course.ntu.edu.tw/courses/114-2/70994
自然科學探究與實作,葉庭光,70237,TA11120059,TAESC9048,選修,,"三 6,7",公館 Ｓ601,3 類,,2,,https://course.ntu.edu.tw/courses/114-2/70237
海洋學概論（含實習）,吳朝榮,70657,TA11120062,TAESU0187,選修,,"五 2,3,4",公館 Ｓ101,3 類,,3,,https://course.ntu.edu.tw/courses/114-2/70657
數值地形模擬分析,田應平,70253,TA11120063,TAGEC0023,選修,,"三 A,B",和平 地理系電腦,3 類,,2,,https://course.ntu.edu.tw/courses/114-2/70253
電腦輔助地理教學,王耀輝,70262,TA11120068,TAGEU0246,選修,,"四 9,10",和平 地理系電腦,3 類,,2,,https://course.ntu.edu.tw/courses/114-2/70262
史學方法,陳昭揚,70295,TA11120077,TAHIU0387,選修,,"二 10,A",和平 誠307,3 類,,2,,https://course.ntu.edu.tw/courses/114-2/70295
電子化人力資源管理研究,張育菱,70684,TA11120081,TAIWM0089,選修,,"五 2,3,4",和平 系所自排,3 類,,3,,https://course.ntu.edu.tw/courses/114-2/70684
韓國民間故事與傳說,洪攸善,70355,TA11120083,TAL0U2032,選修,,"三 6,7",和平 誠306,3 類,,2,,https://course.ntu.edu.tw/courses/114-2/70355
爵士音樂研究與實務（二）,周岳澄,71583,TA11120090,TAMUC9016,選修,,"五 3,4",和平 音308,3 類,,2,,https://course.ntu.edu.tw/courses/114-2/71583
合奏（唱）（四）,張尹芳,70400,TA11120091,TAMUC9022,選修,,"一 9,10 / 五 9,10",,3 類,,2,,https://course.ntu.edu.tw/courses/114-2/70400
合奏（唱）（四）,廖嘉弘,70401,TA11120091,TAMUC9022,選修,,"一 3,4 / 五 5,6",,3 類,,2,,https://course.ntu.edu.tw/courses/114-2/70401
合奏（唱）（四）,陳麗芬,70402,TA11120091,TAMUC9022,選修,,"一 9,10 / 五 9,10",,3 類,,2,,https://course.ntu.edu.tw/courses/114-2/70402
合奏（唱）（二）,張尹芳,70422,TA11120092,TAMUU0635,選修,,"一 9,10 / 五 9,10",,3 類,,2,,https://course.ntu.edu.tw/courses/114-2/70422
合奏（唱）（二）,廖嘉弘,70423,TA11120092,TAMUU0635,選修,,"一 3,4 / 五 5,6",,3 類,,2,,https://course.ntu.edu.tw/courses/114-2/70423
合奏（唱）（二）,陳麗芬,70424,TA11120092,TAMUU0635,選修,,"一 9,10 / 五 9,10",,3 類,,2,,https://course.ntu.edu.tw/courses/114-2/70424
合奏（唱）（二）,戴怡音,70425,TA11120092,TAMUU0635,選修,,"一 9,10 / 五 9,10",,3 類,,2,,https://course.ntu.edu.tw/courses/114-2/70425
職業倫理,范聖韜,70461,TA11120094,TAPAU0062,選修,,"三 6,7",和平 知音劇場,3 類,,2,,https://course.ntu.edu.tw/courses/114-2/70461
基礎設計（二）,蘇瀚,70738,TA11120121,TAVDU0071,選修,,"四 6,7,8",和平 設計系2B教,3 類,,3,,https://course.ntu.edu.tw/courses/114-2/70738
字體設計（二）,林玠里,70865,TA11120123,TAVDU0081,選修,,"三 6,7",和平 設計系2B教,3 類,,2,,https://course.ntu.edu.tw/courses/114-2/70865
包裝設計（二）,陳秀真,70972,TA11120124,TAVDU0091,選修,,"一 7,8",和平 設計系3B教,3 類,,2,,https://course.ntu.edu.tw/courses/114-2/70972
廣告設計（二）,黃莉庭,70973,TA11120125,TAVDU0105,選修,,"三 6,7",和平 科技系TC411,3 類,,2,,https://course.ntu.edu.tw/courses/114-2/70973
設計素描（二）,伊彬,70739,TA11120126,TAVDU0109,選修,,"二 7,8,9",和平 綜914,3 類,,3,,https://course.ntu.edu.tw/courses/114-2/70739
設計素描（二）,許和捷,70740,TA11120126,TAVDU0109,選修,,"一 6,7,8",和平 設計系2A教,3 類,,3,,https://course.ntu.edu.tw/courses/114-2/70740
３Ｄ電腦動畫（二）,周賢彬,70866,TA11120132,TAVDU0175,選修,,"一 6,7,8",和平 教404,3 類,,3,,https://course.ntu.edu.tw/courses/114-2/70866
數位繪畫與影像處理,廖偉民,70741,TA11120133,TAVDU0176,選修,,"二 3,4,5",和平 綜914,3 類,,3,,https://course.ntu.edu.tw/courses/114-2/70741
３Ｄ動畫創作（二）,呂奇駿,70976,TA11120134,TAVDU0182,選修,,"一 3,4",和平 設計系3B教,3 類,,2,,https://course.ntu.edu.tw/courses/114-2/70976
動態平面設計（二）,李文閣,70977,TA11120135,TAVDU0188,選修,,"二 6,7,8",和平 綜913,3 類,,3,,https://course.ntu.edu.tw/courses/114-2/70977
產品設計（二）,鄧建國,70868,TA11120136,TAVDU0193,選修,,"二 6,7,8",和平 設計系2B教,3 類,,3,,https://course.ntu.edu.tw/courses/114-2/70868
室內設計（二）,長友大,70869,TA11120137,TAVDU0197,選修,,"二 3,4",和平 設計系2B教,3 類,,2,,https://course.ntu.edu.tw/courses/114-2/70869
媒體設計（二）,李文閣,70871,TA11120138,TAVDU0207,選修,,"二 3,4",和平 綜913,3 類,,2,,https://course.ntu.edu.tw/courses/114-2/70871
動畫角色設計,呂奇駿,70978,TA11120139,TAVDU0229,選修,,"一 5,6",和平 設計系3B教,3 類,,2,,https://course.ntu.edu.tw/courses/114-2/70978
進階產品設計（二）,梁桂嘉,70979,TA11120140,TAVDU0233,選修,,"二 6,7,8 / 五 2,3,4",,3 類,,6,,https://course.ntu.edu.tw/courses/114-2/70979
表現技法（二）,林玠里,70873,TA11120142,TAVDU0247,選修,,"三 8,9",和平 設計系2B教,3 類,,2,,https://course.ntu.edu.tw/courses/114-2/70873
產品表現技法（二）,周育潤,70874,TA11120143,TAVDU0249,選修,,"五 2,3,4",和平 設計系2B教,3 類,,3,,https://course.ntu.edu.tw/courses/114-2/70874
創新設計（二）,曾乙文,70875,TA11120144,TAVDU0254,選修,,"四 2,3,4",和平 設計系2B教,3 類,,3,,https://course.ntu.edu.tw/courses/114-2/70875
住宅設計,劉大章,70876,TA11120145,TAVDU0259,選修,,"二 1,2",和平 設計系2A教,3 類,,2,,https://course.ntu.edu.tw/courses/114-2/70876
基礎模型製作（二）,蘇瀚,70742,TA11120146,TAVDU0264,選修,,"三 6,7",和平 設計系2A教,3 類,,2,,https://course.ntu.edu.tw/courses/114-2/70742
工場安全與衛生（二）,蘇瀚,70575,TA11120147,TAVDU0266,選修,,"五 6,7",和平 設計系2B教,3 類,,2,,https://course.ntu.edu.tw/courses/114-2/70575
服務設計（二）,范日奎,70576,TA11120148,TAVDU0268,選修,,"三 A,B,C",和平 綜913,3 類,,3,,https://course.ntu.edu.tw/courses/114-2/70576
教育統計學（二）,張凌嘉,71578,TA11120151,TAE0U0002,選修,,"三 9,10",和平 教403,3 類,,2,,https://course.ntu.edu.tw/courses/114-2/71578
田徑（二）,林淑惠,70579,TA11120153,TA2EU0243,選修,,"一 6,7",和平 操場一,3 類,,2,,https://course.ntu.edu.tw/courses/114-2/70579
田徑（二）,詹俊成,70580,TA11120153,TA2EU0243,選修,,"五 6,7",和平 操場一,3 類,,2,,https://course.ntu.edu.tw/courses/114-2/70580
網球（二）,李家豪,70750,TA11120154,TA2EU0258,選修,,"四 6,7",和平 網球場一,3 類,,2,,https://course.ntu.edu.tw/courses/114-2/70750
桌球（二）,施亦婕,70585,TA11120155,TA2EU0270,選修,,"二 6,7",和平 桌球室,3 類,,2,,https://course.ntu.edu.tw/courses/114-2/70585
絃樂器（二）,傅瑋亭,70420,TA11120165,TAMUU0579,選修,,,,3 類,,1,,https://course.ntu.edu.tw/courses/114-2/70420
理論作曲（二）,陳瓊瑜,71530,TA11120166,TAMUU0587,選修,,,,3 類,,1,,https://course.ntu.edu.tw/courses/114-2/71530
運動保健之經營與管理,黃昱倫,70881,TA11120170,TA2EU0298,選修,,"四 8,9",和平 樸105,3 類,,2,,https://course.ntu.edu.tw/courses/114-2/70881
體操（二）,張琪,70587,TA11120172,TA2EU0275,選修,,"二 3,4",和平 體操房,3 類,,2,,https://course.ntu.edu.tw/courses/114-2/70587
體操（二）,張琪,70588,TA11120172,TA2EU0275,選修,,"一 3,4",和平 體操房,3 類,,2,,https://course.ntu.edu.tw/courses/114-2/70588
運算思維與程式設計,張凌倩,70019,TA11120177,TA05UG016,選修,,"一 9,10",和平 教401,3 類,,2,,https://course.ntu.edu.tw/courses/114-2/70019
運算思維與程式設計,張凌倩,70020,TA11120177,TA05UG016,選修,,"二 9,10",公館 理圖801,3 類,,2,,https://course.ntu.edu.tw/courses/114-2/70020
運算思維與程式設計,簡培修,70021,TA11120177,TA05UG016,選修,,"三 8,9",和平 教401,3 類,,2,,https://course.ntu.edu.tw/courses/114-2/70021
運算思維與程式設計,蔡明男,70022,TA11120177,TA05UG016,選修,,"四 6,7",和平 教401,3 類,,2,,https://course.ntu.edu.tw/courses/114-2/70022
運算思維與程式設計,邵森蘭,70023,TA11120177,TA05UG016,選修,,"四 6,7",公館 理圖801,3 類,,2,,https://course.ntu.edu.tw/courses/114-2/70023
運算思維與程式設計,蔡明男,70024,TA11120177,TA05UG016,選修,,"四 8,9",和平 教401,3 類,,2,,https://course.ntu.edu.tw/courses/114-2/70024
運算思維與程式設計,江政杰,70025,TA11120177,TA05UG016,選修,,"五 1,2",公館 理圖801,3 類,,2,,https://course.ntu.edu.tw/courses/114-2/70025
運算思維與程式設計,江政杰,70026,TA11120177,TA05UG016,選修,,"五 3,4",公館 理圖801,3 類,,2,,https://course.ntu.edu.tw/courses/114-2/70026
運算思維與程式設計,邵森蘭,70027,TA11120177,TA05UG016,選修,,"四 3,4",公館 理圖801,3 類,,2,,https://course.ntu.edu.tw/courses/114-2/70027
學校衛生,李銘杰,70850,TA11120701,TANTNU109,選修,,"五 3,4",和平 正104,3 類,,2,,https://course.ntu.edu.tw/courses/114-2/70850
和聲學（二）,邱妍甯,71532,TA11122280,TANTNU110,選修,,"二 8,9",和平 音410,3 類,,2,,https://course.ntu.edu.tw/courses/114-2/71532
和聲學（二）,陳瓊瑜,70719,TA11122280,TANTNU110,選修,,"二 8,9",和平 音210,3 類,,2,,https://course.ntu.edu.tw/courses/114-2/70719
試算表進階應用與程式設計,吳清輝,70028,TA11210003,TA05UG021,選修,,"三 3,4",和平 教401,3 類,,2,,https://course.ntu.edu.tw/courses/114-2/70028
試算表進階應用與程式設計,吳清輝,70029,TA11210003,TA05UG021,選修,,"三 6,7",和平 教402,3 類,,2,,https://course.ntu.edu.tw/courses/114-2/70029
學程式玩音樂,林宜徵,70030,TA11210004,TA05UG022,選修,,"二 3,4",和平 教402,3 類,,2,,https://course.ntu.edu.tw/courses/114-2/70030
數位音樂與聲音合成之基礎程式設計,林宜徵,70036,TA11210005,TA05UG027,選修,,"二 6,7",和平 教403,3 類,,2,,https://course.ntu.edu.tw/courses/114-2/70036
資料科學在教育上的應用,張維元,70039,TA11210008,TA05UG031,選修,,"三 6,7,8",和平 正203,3 類,,3,,https://course.ntu.edu.tw/courses/114-2/70039
學習分析工具實務應用,陳俊豪,71438,TA11210009,TA05UG032,選修,,"四 7,8,9",和平 誠104,3 類,,3,,https://course.ntu.edu.tw/courses/114-2/71438
藝術創作與程式設計,謝諭,70040,TA11210010,TA05UG033,選修,,"三 3,4",和平 教402,3 類,,2,,https://course.ntu.edu.tw/courses/114-2/70040
東方繪畫材料技法與臨摹（二）,潘怡伶,70983,TA11210020,TAATU0356,選修,,"四 2,3,4",和平 美506,3 類,,3,,https://course.ntu.edu.tw/courses/114-2/70983
中古文史資料選讀,陳亭佑,70633,TA11210028,TACHU0353,選修,,"四 3,4",和平 樸302,3 類,,2,,https://course.ntu.edu.tw/courses/114-2/70633
生物天文學,莊幼玲,70222,TA11210042,TAESC0201,選修,,"三 7,8,9",公館 Ｂ413天文實,3 類,,3,,https://course.ntu.edu.tw/courses/114-2/70222
學術寫作,謝秀卉,70048,TA11213194,TA0HUG011,選修,,"二 3,4",和平 正201,3 類,,2,,https://course.ntu.edu.tw/courses/114-2/70048
文本分析與程式設計,王祥安,70031,TA11220003,TA05UG023,選修,,"五 8,9",和平 教401,3 類,,2,,https://course.ntu.edu.tw/courses/114-2/70031
文本分析與程式設計,王祥安,70032,TA11220003,TA05UG023,選修,,"五 6,7",和平 教401,3 類,,2,,https://course.ntu.edu.tw/courses/114-2/70032
遊戲程式設計,劉建成,70033,TA11220004,TA05UG025,選修,,"二 6,7",公館 理圖801,3 類,,2,,https://course.ntu.edu.tw/courses/114-2/70033
遊戲程式設計,劉建成,70034,TA11220004,TA05UG025,選修,,"四 6,7",和平 教402,3 類,,2,,https://course.ntu.edu.tw/courses/114-2/70034
試算表與商務資料分析,劉建成,70037,TA11220005,TA05UG028,選修,,"二 3,4",公館 理圖801,3 類,,2,,https://course.ntu.edu.tw/courses/114-2/70037
試算表與商務資料分析,劉建成,70038,TA11220005,TA05UG028,選修,,"四 3,4",和平 教401,3 類,,2,,https://course.ntu.edu.tw/courses/114-2/70038
運動科學專業英文寫作與口語表達,Philip,70067,TA11220009,TA2EC8008,選修,,"二 7,8,9",和平 體001,3 類,,3,,https://course.ntu.edu.tw/courses/114-2/70067
智慧機器人動作規劃,包傑奇,70081,TA11220011,TAAEC8066,選修,,"一 7,8,9",和平 多媒體與通,3 類,,3,,https://course.ntu.edu.tw/courses/114-2/70081
社區組織與發展,何家騏,70128,TA11220029,TACEU0095,選修,,"四 3,4,5",和平 誠402,3 類,,3,,https://course.ntu.edu.tw/courses/114-2/70128
文人印學與鈕雕文化專題,林宜蓉,70145,TA11220032,TACHC9007,選修,,"四 8,9,10",和平 樸307,3 類,,3,,https://course.ntu.edu.tw/courses/114-2/70145
經學、思想與文化,許華峰,70793,TA11220033,TACHU0343,選修,,"二 6,7",和平 樸305,3 類,,2,,https://course.ntu.edu.tw/courses/114-2/70793
漢語會話分析,陳俊光,70154,TA11220039,TACLC8030,選修,,"四 7,8,9",和平 綜903,3 類,,3,,https://course.ntu.edu.tw/courses/114-2/70154
應用密碼學,官振傑,70171,TA11220045,TACSC9010,選修,,"二 2,3,4",公館 Ｓ204,3 類,,3,,https://course.ntu.edu.tw/courses/114-2/70171
文化觀光理論與實務,黃約伯,70190,TA11220048,TAEAC9008,選修,,"二 6,7,8",和平 樸205,3 類,,3,,https://course.ntu.edu.tw/courses/114-2/70190
國際關係專題研究,王冠雄,70194,TA11220050,TAEAM0043,選修,,"三 9,10,A",和平 東亞系第一,3 類,,3,,https://course.ntu.edu.tw/courses/114-2/70194
財經英文,田正利,70651,TA11220051,TAEAU0238,選修,,"三 6,7,8",和平 誠202,3 類,,3,,https://course.ntu.edu.tw/courses/114-2/70651
中英翻譯（二）,李宜懃,70995,TA11220063,TAENU0278,選修,,"一 8,9",和平 正306,3 類,,2,,https://course.ntu.edu.tw/courses/114-2/70995
中英翻譯（二）,李宜懃,70996,TA11220063,TAENU0278,選修,,"三 6,7",和平 正306,3 類,,2,,https://course.ntu.edu.tw/courses/114-2/70996
火山學與火山災害（含實習）,賴昱銘,70233,TA11220066,TAESC9034,選修,,"二 2,3,4",公館 Ｓ502,3 類,,3,,https://course.ntu.edu.tw/courses/114-2/70233
社會網路分析,詹竣翔,70260,TA11220069,TAGEC9002,選修,,"一 2,3,4",和平 地理系會議,3 類,,3,,https://course.ntu.edu.tw/courses/114-2/70260
高齡健康與照護研究,張家臻,70271,TA11220071,TAHEC8024,選修,,"四 3,4",和平 誠506,3 類,,2,,https://course.ntu.edu.tw/courses/114-2/70271
健康教育與行為改變,吳文琪,70275,TA11220072,TAHEC9010,選修,,"三 8,9",和平 正104,3 類,,2,,https://course.ntu.edu.tw/courses/114-2/70275
網路輔助學習系統研究,蔡芸琤,70319,TA11220083,TAITM0081,選修,,"一 2,3,4",和平 科技系TB311,3 類,,3,,https://course.ntu.edu.tw/courses/114-2/70319
原住民族部落學習與體驗,胡哲豪,70362,TA11220085,TAL0U4005,選修,,"二 2,3,4",和平 地理系會議,3 類,,3,,https://course.ntu.edu.tw/courses/114-2/70362
應用電子學（一）,辜漢文,70840,TA11220092,TAMTU0075,選修,,"一 2,3,4",和平 綜210展覽廳,3 類,,3,,https://course.ntu.edu.tw/courses/114-2/70840
運動營養研究,阮氏金,70428,TA11220094,TANSC9006,選修,,"四 6,7,8",公館 Ｓ406,3 類,,3,,https://course.ntu.edu.tw/courses/114-2/70428
企業ESG策略發展與治理,陳慧玲,70440,TA11220098,TAO5C9006,選修,,"五 6,7,8",和平 正103,3 類,,3,,https://course.ntu.edu.tw/courses/114-2/70440
企業永續揭露與溝通議合,嚴德芬,70441,TA11220099,TAO5C9007,選修,,"二 2,3,4",和平 誠104,3 類,,3,,https://course.ntu.edu.tw/courses/114-2/70441
演出與文本專題,梁文菁,70455,TA11220101,TAPAM0123,選修,,"三 6,7",和平 美術館501,3 類,,2,,https://course.ntu.edu.tw/courses/114-2/70455
語言實驗概論,莊育穎,70538,TA11220112,TATCC2036,選修,,"三 2,3,4",和平 雲306會議室,3 類,,3,,https://course.ntu.edu.tw/courses/114-2/70538
日治前期社會史專題研究,新田龍,70562,TA11220115,TATHM0098,選修,,"三 7,8,9",和平 勤308,3 類,,3,,https://course.ntu.edu.tw/courses/114-2/70562
設計心理學,伊彬,70572,TA11220117,TAVDC9008,選修,,"一 4,5",和平 綜914,3 類,,2,,https://course.ntu.edu.tw/courses/114-2/70572
設計畢業製作（二）,黃莉庭,71007,TA11220119,TAVDU0180,選修,,"四 9,10,A",和平 設計系3A教,3 類,,3,,https://course.ntu.edu.tw/courses/114-2/71007
產品設計實務,周育潤,70980,TA11220121,TAVDU0243,選修,,"五 6,7,8",和平 設計系3B教,3 類,,3,,https://course.ntu.edu.tw/courses/114-2/70980
介面設計與使用者體驗（二）,黃莉庭,70877,TA11220123,TAVDU0270,選修,,"四 2,3,4",和平 綜913,3 類,,3,,https://course.ntu.edu.tw/courses/114-2/70877
動力機械概論,劉華棟,70743,TA11220124,TAVEU0006,選修,,"四 6,7,8",和平 工401,3 類,,3,,https://course.ntu.edu.tw/courses/114-2/70743
電子學（一）,白凱仁,70744,TA11220125,TAVEU0007,選修,,"二 2,3,4",和平 汽車工場B10,3 類,,3,,https://course.ntu.edu.tw/courses/114-2/70744
內燃機,林煜軒,70878,TA11220126,TAVEU0012,選修,,"二 2,3,4",和平 工教系會議,3 類,,3,,https://course.ntu.edu.tw/courses/114-2/70878
電動車輛,洪翊軒,70981,TA11220127,TAVEU0016,選修,,"一 2,3,4",和平 汽車工場B10,3 類,,3,,https://course.ntu.edu.tw/courses/114-2/70981
公共衛生教育,吳文琪,70960,TA11220723,TANTNU122,選修,,"三 6,7",和平 正104,3 類,,2,,https://course.ntu.edu.tw/courses/114-2/70960
國際社會工作專題,莊登閔,70528,TA11220999,TASWM0095,選修,,"四 2,3,4",和平 樸SW504,3 類,,3,,https://course.ntu.edu.tw/courses/114-2/70528
日本近代史,周東怡,70438,TA11221801,TANTNU123,選修,,"四 2,3,4",和平 誠306,3 類,,3,,https://course.ntu.edu.tw/courses/114-2/70438
運動治療學,李恆儒,70880,TA11221893,TA2EU0297,選修,,"二 3,4",和平 樸105,3 類,,2,,https://course.ntu.edu.tw/courses/114-2/70880
膳食計畫,盧立卿,70842,TA11221895,TANSU0011,選修,,"四 6,7",和平 正302,3 類,,2,,https://course.ntu.edu.tw/courses/114-2/70842
膳食計畫實驗,盧立卿,70843,TA11221896,TANSU0012,選修,,"四 8,9,10",和平 勤001,3 類,,1,,https://course.ntu.edu.tw/courses/114-2/70843
生命期營養,洪永瀚,70844,TA11221897,TANSU0013,選修,,"五 2,3,4",公館 Ｓ403,3 類,,3,,https://course.ntu.edu.tw/courses/114-2/70844
棒（壘）球（二）,潘慈惠,70581,TA11221898,TA2EU0255,選修,,"一 3,4",和平 操場一,3 類,,2,,https://course.ntu.edu.tw/courses/114-2/70581
棒（壘）球（二）,黃輝榮,70582,TA11221898,TA2EU0255,選修,,"二 3,4",和平 操場一,3 類,,2,,https://course.ntu.edu.tw/courses/114-2/70582
羽球（二）,徐孟達,70752,TA11221899,TA2EU0267,選修,,"四 1,2",和平 體育館一4F,3 類,,2,,https://course.ntu.edu.tw/courses/114-2/70752
中國音樂史（二）,莊文達,70955,TA11221905,TAMUU0314,選修,,"三 9,10",和平 音308,3 類,,2,,https://course.ntu.edu.tw/courses/114-2/70955
臺灣音樂史（二）,呂鈺秀,70711,TA11221906,TAMUU0316,選修,,"四 1,2",和平 音308,3 類,,2,,https://course.ntu.edu.tw/courses/114-2/70711
弦樂音樂研究（二）,路耀祖,70416,TA11221909,TAMUU0388,選修,,"一 6,7",和平 音210,3 類,,2,,https://course.ntu.edu.tw/courses/114-2/70416
聲樂（四）,林孟君,70418,TA11221910,TAMUU0573,選修,,,,3 類,,1,,https://course.ntu.edu.tw/courses/114-2/70418
會計學（二）,陳慧玲,70594,TA11221921,TABAU0037,選修,,"一 2,3,4",和平 誠202,3 類,,3,,https://course.ntu.edu.tw/courses/114-2/70594
會計學（二）,陳慧玲,70595,TA11221921,TABAU0037,選修,,"一 7,8,9",和平 誠302,3 類,,3,,https://course.ntu.edu.tw/courses/114-2/70595
會計學（二）,陳錦烽,70596,TA11221921,TABAU0037,選修,,"二 7,8,9",和平 誠401,3 類,,3,,https://course.ntu.edu.tw/courses/114-2/70596
統計學（二）,邱皓政,70764,TA11221922,TABAU0041,選修,,"二 2,3,4",和平 誠202,3 類,,3,,https://course.ntu.edu.tw/courses/114-2/70764
統計學（二）,邱皓政,70765,TA11221922,TABAU0041,選修,,"二 7,8,9",和平 誠302,3 類,,3,,https://course.ntu.edu.tw/courses/114-2/70765
戶外探索引導與反思,吳崇旗,70987,TA11221924,TACEU0506,選修,,"四 6,7",和平 誠大樓公團,3 類,,2,,https://course.ntu.edu.tw/courses/114-2/70987
網球（四）,陳勇志,70879,TA11221926,TA2EU0224,選修,,"二 3,4",公館 網球場二,3 類,,2,,https://course.ntu.edu.tw/courses/114-2/70879
排球（二）,張恩崇,70757,TA11221927,TA2PU0161,選修,,"五 3,4",公館 體育館二3樓,3 類,,2,,https://course.ntu.edu.tw/courses/114-2/70757
鋼琴黃金年代,廖皎含,70007,TA11310001,TA01UG039,選修,,"四 3,4",和平 音308,3 類,,2,,https://course.ntu.edu.tw/courses/114-2/70007
生成式AI實務應用,尹相志,70042,TA11310003,TA05UG038,選修,,"三 3,4",和平 誠201,3 類,,2,,https://course.ntu.edu.tw/courses/114-2/70042
自主學習：自主探究,方偉達,70052,TA11310005,TA0SUG542,選修,,"三 A,B",和平 系所自排,2 類,,2,,https://course.ntu.edu.tw/courses/114-2/70052
體育（柔道）,黃國恩,70055,TA11310006,TA20UP017,選修,,"三 6,7",和平 武術房一,3 類,,1,,https://course.ntu.edu.tw/courses/114-2/70055
體育（柔道）,黃國恩,70056,TA11310006,TA20UP017,選修,,"三 8,9",和平 武術房一,3 類,,1,,https://course.ntu.edu.tw/courses/114-2/70056
校園危機處理,賴宏銓,70984,TA11310025,TACEU0465,選修,,"一 10,A",和平 誠401,3 類,,2,,https://course.ntu.edu.tw/courses/114-2/70984
海外華文文學專題研究,簡瑛瑛,70153,TA11310041,TACLC8021,選修,,"三 7,8,9",和平 綜901,3 類,,3,,https://course.ntu.edu.tw/courses/114-2/70153
全球衛生實務研討,朱妮明,70675,TA11310068,TAHEU0191,選修,,"三 6,7",和平 正103,3 類,,2,,https://course.ntu.edu.tw/courses/114-2/70675
資訊素養,蔡孟蓉,70304,TA11310072,TAICC8006,選修,,"三 7,8,9",和平 教1011,3 類,,3,,https://course.ntu.edu.tw/courses/114-2/70304
決策理論與分析,陳麗妃,70305,TA11310073,TAIEC8009,選修,,"五 6,7,8",和平 研討二,3 類,,3,,https://course.ntu.edu.tw/courses/114-2/70305
民族誌方法概論,胡哲豪,70363,TA11310076,TAL0U4020,選修,,"五 6,7,8",和平 綜10樓教室,3 類,,3,,https://course.ntu.edu.tw/courses/114-2/70363
運動數據分析與程式設計,劉爾剛,70035,TA11320005,TA05UG026,選修,,"三 B,C",和平 教401,3 類,,2,,https://course.ntu.edu.tw/courses/114-2/70035
SQL與資料庫設計,劉建成,70041,TA11320006,TA05UG036,選修,,"五 3,4",和平 教402,3 類,,2,,https://course.ntu.edu.tw/courses/114-2/70041
數據視覺化與溝通,黃浩霆,70043,TA11320007,TA05UG040,選修,,"三 6,7",和平 誠401,3 類,,2,,https://course.ntu.edu.tw/courses/114-2/70043
健康與生活,黃玫瑄,70047,TA11320008,TA0AUG408,選修,,"四 3,4",和平 教202會議廳,3 類,,2,,https://course.ntu.edu.tw/courses/114-2/70047
體育（扯鈴）,李宗翰,70057,TA11320009,TA20UP031,選修,,"一 3,4",和平 大韻律教室,3 類,,1,,https://course.ntu.edu.tw/courses/114-2/70057
體育（扯鈴）,李宗翰,70058,TA11320009,TA20UP031,選修,,"五 1,2",和平 武術房一,3 類,,1,,https://course.ntu.edu.tw/courses/114-2/70058
體育（抱石運動）,Philip,70060,TA11320010,TA20UP042,選修,,"五 6,7",和平 體育館一2樓,3 類,,1,,https://course.ntu.edu.tw/courses/114-2/70060
適應體育概論,潘正宸,70747,TA11320011,TA2EU0213,選修,,"四 1,2",和平 正104,3 類,,2,,https://course.ntu.edu.tw/courses/114-2/70747
公民教育理論基礎專題研究,陳素秋,70604,TA11320033,TACED0120,選修,,"三 2,3,4",和平 誠4樓公領系,3 類,,3,,https://course.ntu.edu.tw/courses/114-2/70604
戶外急救與安全管理,王伯宇,70776,TA11320036,TACEU0478,選修,,"一 6,7",和平 誠大樓公團,3 類,,2,,https://course.ntu.edu.tw/courses/114-2/70776
戶外活動（二）,蕭如軒,70623,TA11320037,TACEU0482,選修,,"一 1,2",和平 誠大樓公團,3 類,,2,,https://course.ntu.edu.tw/courses/114-2/70623
社會領域探究與實作專題,王錦雀,70986,TA11320040,TACEU0501,選修,,"五 3,4",和平 誠301,3 類,,2,,https://course.ntu.edu.tw/courses/114-2/70986
中國神仙傳記選讀,謝聰輝,70921,TA11320046,TACHU0372,選修,,"三 6,7",和平 樸305,3 類,,2,,https://course.ntu.edu.tw/courses/114-2/70921
華人電影專題研究,簡瑛瑛,70155,TA11320051,TACLC8065,選修,,"四 7,8,9",和平 綜901,3 類,,3,,https://course.ntu.edu.tw/courses/114-2/70155
網宇實體系統,王超,70170,TA11320054,TACSC9008,選修,,"二 2,3,4",公館 Ｓ505,3 類,,3,,https://course.ntu.edu.tw/courses/114-2/70170
佛學思想與東西哲學議題,胡元玲,70186,TA11320056,TAEAC8047,選修,,"四 6,7,8",和平 系所自排,3 類,,3,,https://course.ntu.edu.tw/courses/114-2/70186
大國競爭與東亞權力變動專題研究,林賢參,70187,TA11320057,TAEAC8049,選修,,"一 6,7,8",和平 東亞系第一,3 類,,3,,https://course.ntu.edu.tw/courses/114-2/70187
韓國當前的議題,洪攸善,70191,TA11320059,TAEAC9024,選修,,"四 6,7",和平 樸407,3 類,,2,,https://course.ntu.edu.tw/courses/114-2/70191
國際貿易實務,田正利,70805,TA11320061,TAEAU0242,選修,,"二 6,7,8",和平 綜210展覽廳,3 類,,3,,https://course.ntu.edu.tw/courses/114-2/70805
永續財務報導分析與應用,黃仲豪,70201,TA11320066,TAEEC8064,選修,,"二 A,B,C",公館 行304,3 類,,3,,https://course.ntu.edu.tw/courses/114-2/70201
氣候變遷與災難風險,林冠慧,70202,TA11320068,TAEEC8079,選修,,"二 2,3,4",公館 行409,3 類,,3,,https://course.ntu.edu.tw/courses/114-2/70202
旅遊業英語,陳乃嫻,70810,TA11320074,TAENU0339,選修,,"一 2,3,4",和平 正302,3 類,,3,,https://course.ntu.edu.tw/courses/114-2/70810
電腦在地球科學上之應用,曾莉珊,70239,TA11320079,TAESC9056,選修,,"一 2,3,4",公館 理圖802,3 類,,3,,https://course.ntu.edu.tw/courses/114-2/70239
全球研究導論（二）,邱愷欣,70247,TA11320083,TAGBU0002,選修,,"五 6,7,8",和平 正406,3 類,,3,,https://course.ntu.edu.tw/courses/114-2/70247
電影中的東亞城市,鄭怡庭,70248,TA11320084,TAGBU0009,選修,,"三 6,7,8",和平 美術館601,3 類,,3,,https://course.ntu.edu.tw/courses/114-2/70248
文本與思想：明清思想史專題研究,呂妙芬,70283,TA11320086,TAHIC8026,選修,,"五 6,7,8",和平 歷史系研究,3 類,,3,,https://course.ntu.edu.tw/courses/114-2/70283
世界史,陳建元,70293,TA11320088,TAHIU0385,選修,,"四 10,A",和平 誠307,3 類,,2,,https://course.ntu.edu.tw/courses/114-2/70293
中國政治制度史（官員管理）,陳昭揚,70297,TA11320089,TAHIU0394,選修,,"一 8,9",和平 誠307,3 類,,2,,https://course.ntu.edu.tw/courses/114-2/70297
近代歐洲的文化與社會,陳建元,70298,TA11320090,TAHIU0399,選修,,"五 6,7",和平 誠306,3 類,,2,,https://course.ntu.edu.tw/courses/114-2/70298
網路教育與訓練研究,嚴萬軒,70318,TA11320094,TAITM0080,選修,,"三 2,3,4",和平 科技系TA509,3 類,,3,,https://course.ntu.edu.tw/courses/114-2/70318
韓國社會文化,崔熲,70321,TA11320095,TAL0C2001,選修,,"三 6,7",和平 樸203,3 類,,2,,https://course.ntu.edu.tw/courses/114-2/70321
初級客語（二）,左春香,70365,TA11320097,TAL0U6002,選修,,"三 6,7",和平 正201,3 類,,2,,https://course.ntu.edu.tw/courses/114-2/70365
客家影劇實務,廖芳瀅,70367,TA11320098,TAL0U6008,選修,,"一 8,9",和平 誠104,3 類,,2,,https://course.ntu.edu.tw/courses/114-2/70367
客家繪本實作,廖芳瀅,71491,TA11320101,TAL0U6012,選修,,"四 8,9",和平 正101,3 類,,2,,https://course.ntu.edu.tw/courses/114-2/71491
金融市場與機構管理,遲淑華,70389,TA11320105,TAMBM0009,選修,,"二 7,8,9",和平 正105,3 類,,3,,https://course.ntu.edu.tw/courses/114-2/70389
排演基礎（二）,梁文菁,70724,TA11320117,TAPAU0084,選修,,"四 6,7",和平 知音劇場,3 類,,2,,https://course.ntu.edu.tw/courses/114-2/70724
青少年問題與輔導,涂繼方,71452,TA11320119,TAPCU0176,選修,,"五 3,4",和平 美術館601,3 類,,2,,https://course.ntu.edu.tw/courses/114-2/71452
跨性別電影與文化,曾秀萍,70534,TA11320123,TATCC1031,選修,,"五 8,9,10",和平 雲306會議室,3 類,,3,,https://course.ntu.edu.tw/courses/114-2/70534
商業空間設計（二）,長友大,70571,TA11320129,TAVDC9006,選修,,"二 9,10",和平 設計系3B教,3 類,,2,,https://course.ntu.edu.tw/courses/114-2/70571
科技化教學產業見習與創新,簡馨瑩,70176,TA11320131,TAE0C9012,選修,,"五 3,4",和平 教3樓第一會,3 類,,2,,https://course.ntu.edu.tw/courses/114-2/70176
全球經濟與企業發展,田正利,70658,TA11320133,TAGBU0004,選修,,"一 6,7,8",和平 樸402,3 類,,3,,https://course.ntu.edu.tw/courses/114-2/70658
東亞國家的全球化,黃獻寬,70250,TA11320134,TAGBU0030,選修,,"二 6,7,8",公館 Ｅ102,3 類,,3,,https://course.ntu.edu.tw/courses/114-2/70250
專業實習（一）,涂豐恩,70560,TA11320135,TATHM0088,選修,,"五 6,7,8,9",和平 勤308,3 類,,2,,https://course.ntu.edu.tw/courses/114-2/70560
音樂劇歌唱訓練（六）,鄭帆婷,70462,TA11320136,TAPAU0076,選修,,"四 6,7",和平 表藝中心,3 類,,2,,https://course.ntu.edu.tw/courses/114-2/70462
演算法,官振傑,71560,TA11320147,TACSU0018,選修,,"一 7,8,9",公館 Ｂ102,3 類,,3,,https://course.ntu.edu.tw/courses/114-2/71560
鑑識科學概論,李承龍,70010,TA11320161,TA03UG031,選修,,"三 8,9",和平 綜210展覽廳,3 類,,2,,https://course.ntu.edu.tw/courses/114-2/70010
身體檢查與實踐,張雅婷,70756,TA11320162,TA2EU0314,選修,,"二 A,B",和平 誠305,3 類,,2,,https://course.ntu.edu.tw/courses/114-2/70756
運動防護實驗與見習,廖偉伶,70882,TA11320163,TA2EU0316,選修,,"五 6,7,8,9",和平 樸105,3 類,,2,,https://course.ntu.edu.tw/courses/114-2/70882
經濟學（二）,印永翔,70597,TA11320164,TABAU0039,選修,,"四 7,8,9",和平 誠302,3 類,,3,,https://course.ntu.edu.tw/courses/114-2/70597
經濟學（二）,徐美,70598,TA11320164,TABAU0039,選修,,"二 7,8,9",和平 誠207,3 類,,3,,https://course.ntu.edu.tw/courses/114-2/70598
經濟學（二）,陳孟霆,70599,TA11320164,TABAU0039,選修,,"三 7,8,9",和平 誠207,3 類,,3,,https://course.ntu.edu.tw/courses/114-2/70599
都市設計與更新,辜永奇,70816,TA11320165,TAGEU0186,選修,,"四 A,B,C",和平 誠306,3 類,,3,,https://course.ntu.edu.tw/courses/114-2/70816
當代藝術,魏竹君,70105,TA11320169,TAATU0370,選修,,"五 3,4",和平 美301,3 類,,2,,https://course.ntu.edu.tw/courses/114-2/70105
跨域學習導論,何家騏,70720,TA11320874,TANTNU131,選修,,"五 6,7,8",和平 正403,3 類,,3,,https://course.ntu.edu.tw/courses/114-2/70720
植物分類原理與方法,趙怡姍,70439,TA11323251,TANTNU130,選修,,"五 6,7,8",公館 Ｓ301,3 類,,3,,https://course.ntu.edu.tw/courses/114-2/70439
當代社會與文化關鍵議題,何家騏,70011,TA11410002,TA03UG045,選修,,"三 3,4",和平 誠305,3 類,,2,,https://course.ntu.edu.tw/courses/114-2/70011
客語會話與口說,廖芳瀅,70371,TA11410059,TAL0U6018,選修,,"一 6,7",和平 樸105,3 類,,2,,https://course.ntu.edu.tw/courses/114-2/70371
客家文化概論,廖芳瀅,70373,TA11410060,TAL0U6020,選修,,"二 3,4",和平 樸302,3 類,,2,,https://course.ntu.edu.tw/courses/114-2/70373
PASSION遠距教學實習,胡翠君,70488,TA11410071,TAPGUZ006,選修,,"一 8,9",和平 教403,3 類,,2,,https://course.ntu.edu.tw/courses/114-2/70488
精神障礙者復健諮商專題研究,吳亭芳,70497,TA11410072,TARCM0057,選修,,"一 7,8",和平 特203,3 類,,2,,https://course.ntu.edu.tw/courses/114-2/70497
管理與電影,田正利,70009,TA11411718,TA03UG029,選修,,"四 6,7",和平 綜509國際會,3 類,,2,,https://course.ntu.edu.tw/courses/114-2/70009
全民國防教育軍事訓練－防衛動員,劉麗君,71469,TA11412949,TA3DU0004,選修,,"三 8,9",和平 誠302,3 類,,0,,https://course.ntu.edu.tw/courses/114-2/71469
全民國防教育軍事訓練－國防科技,周建志,71470,TA11412950,TA3DU0005,選修,,"四 1,2",和平 誠203,3 類,,0,,https://course.ntu.edu.tw/courses/114-2/71470
全民國防教育軍事訓練－國防科技,周建志,71471,TA11412950,TA3DU0005,選修,,"四 3,4",和平 誠202,3 類,,0,,https://course.ntu.edu.tw/courses/114-2/71471
運動科技概論,Philip,70755,TA11420001,TA2EU0312,選修,,"三 8,9",和平 正201,3 類,,2,,https://course.ntu.edu.tw/courses/114-2/70755
通訊電子學,張譽騰,70082,TA11420004,TAAEC8071,選修,,"二 2,3,4",和平 電機系電子,3 類,,3,,https://course.ntu.edu.tw/courses/114-2/70082
基礎模型與智慧機器人,包傑奇,70083,TA11420005,TAAEC8073,選修,,"一 2,3,4",和平 多媒體與通,3 類,,3,,https://course.ntu.edu.tw/courses/114-2/70083
明清風俗畫,邱士華,70094,TA11420006,TAAHM0804,選修,,"二 7,8,9",和平 青田405室,3 類,,3,,https://course.ntu.edu.tw/courses/114-2/70094
臺灣近現代藝術專題研究,白適銘,70096,TA11420007,TAATC0249,選修,,"四 A,B,C",和平 美203,3 類,,3,,https://course.ntu.edu.tw/courses/114-2/70096
藝術哲學,高榮禧,70097,TA11420008,TAATC0289,選修,,"五 8,9,10",和平 美203,3 類,,3,,https://course.ntu.edu.tw/courses/114-2/70097
近當代中國藝術與視覺文化,楊永源,70100,TA11420009,TAATC8001,選修,,"二 6,7,8",和平 美203,3 類,,3,,https://course.ntu.edu.tw/courses/114-2/70100
成人藝術治療,江學瀅,70101,TA11420010,TAATC8063,選修,,"一 2,3,4",和平 美301,3 類,,3,,https://course.ntu.edu.tw/courses/114-2/70101
文藝復興藝術史專題研究,趙可卿,70102,TA11420011,TAATC8072,選修,,"三 2,3,4",和平 美301,3 類,,3,,https://course.ntu.edu.tw/courses/114-2/70102
名畫背後：藝術中的故事與象徵,陳淑華,70103,TA11420012,TAATC8073,選修,,"三 A,B,C",和平 美502,3 類,,3,,https://course.ntu.edu.tw/courses/114-2/70103
視覺藝術研究法與寫作,趙可卿,70886,TA11420013,TAATU0331,選修,,"二 10,A",和平 美203,3 類,,2,,https://course.ntu.edu.tw/courses/114-2/70886
管理決策分析,高安德,70111,TA11420014,TABAU0073,選修,,"四 2,3,4",和平 正405,3 類,,3,,https://course.ntu.edu.tw/courses/114-2/70111
自然碳匯分析,王經文,70115,TA11420015,TABIC9069,選修,,"一 2,3,4",公館 Ｅ201,3 類,,3,,https://course.ntu.edu.tw/courses/114-2/70115
生技醫藥產業創業風險管理與節稅規劃,劉福運,70117,TA11420016,TABPM0015,選修,,"一 9,10",公館 Ｓ202,3 類,,2,,https://course.ntu.edu.tw/courses/114-2/70117
民主政治教育專題研究,鄭楷立,70605,TA11420017,TACED0122,選修,,"四 2,3,4",和平 誠4樓公領系,3 類,,3,,https://course.ntu.edu.tw/courses/114-2/70605
公民與社會課程研究,王錦雀,70609,TA11420019,TACEM0171,選修,,"五 6,7,8",和平 誠4樓公領系,3 類,,3,,https://course.ntu.edu.tw/courses/114-2/70609
冒險治療,謝宜蓉,70985,TA11420021,TACEU0481,選修,,"四 8,9",和平 誠大樓公團,3 類,,2,,https://course.ntu.edu.tw/courses/114-2/70985
野外獨處,蕭如軒,70901,TA11420022,TACEU0485,選修,,"一 3,4",和平 誠大樓公團,3 類,,2,,https://course.ntu.edu.tw/courses/114-2/70901
身體觀與道家思想專題研討,鄭燦山,70144,TA11420023,TACHC8048,選修,,"一 7,8,9",和平 勤602,3 類,,3,,https://course.ntu.edu.tw/courses/114-2/70144
跨文化道家哲學：老子與莊子,劉滄龍,70146,TA11420024,TACHC9009,選修,,"三 A,B",和平 正102,3 類,,2,,https://course.ntu.edu.tw/courses/114-2/70146
發現臺灣南島語,理克,70147,TA11420025,TACHC9010,選修,,"三 3,4",和平 樸302,3 類,,2,,https://course.ntu.edu.tw/courses/114-2/70147
語言問卷,理克,70148,TA11420026,TACHC9012,選修,,"二 3,4",和平 樸205,3 類,,2,,https://course.ntu.edu.tw/courses/114-2/70148
漢學導論,朱雯琪,70149,TA11420027,TACHC9015,選修,,"五 2,3,4",和平 譯505,3 類,,3,,https://course.ntu.edu.tw/courses/114-2/70149
春秋繁露,郭芳如,70991,TA11420028,TACHU0349,選修,,"四 8,9",和平 樸203,3 類,,2,,https://course.ntu.edu.tw/courses/114-2/70991
華語修辭學,陳嘉凌,70797,TA11420032,TACLU1012,選修,,"四 8,9",和平 正402A,3 類,,2,,https://course.ntu.edu.tw/courses/114-2/70797
國學導讀,陳嘉凌,70639,TA11420033,TACLU1021,選修,,"二 6,7,8",和平 正402A,3 類,,3,,https://course.ntu.edu.tw/courses/114-2/70639
生物物理化學特論 （一）,王彥士,70162,TA11420034,TACMC9021,選修,,"二 2,3,4",公館 Ｓ504,3 類,,3,,https://course.ntu.edu.tw/courses/114-2/70162
資訊系統專論（一）,王鈞右,70167,TA11420035,TACSC0065,選修,,"五 7,8,9",公館 Ｓ204,3 類,,3,,https://course.ntu.edu.tw/courses/114-2/70167
學習與教學導論,胡翠君,70178,TA11420036,TAE0U0008,選修,,"四 3,4",和平 正105,3 類,,2,,https://course.ntu.edu.tw/courses/114-2/70178
東南亞政經專題研究,范世平,70188,TA11420037,TAEAC8058,選修,,"一 2,3,4",和平 東亞系第一,3 類,,3,,https://course.ntu.edu.tw/courses/114-2/70188
教育社會學理論研究,黃庭康,70196,TA11420038,TAEDC8016,選修,,"二 6,7,8",和平 教801,3 類,,3,,https://course.ntu.edu.tw/courses/114-2/70196
華語社會音樂研究,許馨文,70205,TA11420039,TAEMM0123,選修,,"一 8,9",和平 系所自排,3 類,,2,,https://course.ntu.edu.tw/courses/114-2/70205
抵抗閱讀：當代女性主義研究選讀,戴宇呈,70209,TA11420040,TAENC1129,選修,,"四 6,7,8",和平 正102,3 類,,3,,https://course.ntu.edu.tw/courses/114-2/70209
倦怠專題研究,黃涵榆,70210,TA11420041,TAENC1131,選修,,"二 2,3,4",和平 雲201,3 類,,3,,https://course.ntu.edu.tw/courses/114-2/70210
數位人文與基礎設施,楊志偉,70211,TA11420042,TAENC1132,選修,,"一 2,3,4",和平 雲202,3 類,,3,,https://course.ntu.edu.tw/courses/114-2/70211
演講與發表技巧,吳佳琪,70219,TA11420043,TAENU5017,選修,,"二 6,7",和平 正306,3 類,,2,,https://course.ntu.edu.tw/courses/114-2/70219
跨文化溝通,詹曉蕙,70220,TA11420044,TAENU5018,選修,,"四 8,9",和平 誠701A,3 類,,2,,https://course.ntu.edu.tw/courses/114-2/70220
歐洲電影概論,梁孫傑,70246,TA11420045,TAETU0002,選修,,"三 10,A,B",和平 博413,3 類,,3,,https://course.ntu.edu.tw/courses/114-2/70246
全球媒體專題,邱愷欣,70811,TA11420046,TAGBU0013,選修,,"四 3,4,5",和平 樸202,3 類,,3,,https://course.ntu.edu.tw/courses/114-2/70811
國際政治經濟學概論,姚仕帆,70812,TA11420047,TAGBU0014,選修,,"二 2,3,4",公館 Ｃ003,3 類,,3,,https://course.ntu.edu.tw/courses/114-2/70812
移民與海外華人研究,沈英杰,70249,TA11420048,TAGBU0021,選修,,"四 7,8,9",和平 誠201,3 類,,3,,https://course.ntu.edu.tw/courses/114-2/70249
社會科學研究導論,姚仕帆,70251,TA11420049,TAGBU0034,選修,,"一 6,7,8",和平 教202會議廳,3 類,,3,,https://course.ntu.edu.tw/courses/114-2/70251
全球研究方法,姚仕帆,70252,TA11420050,TAGBU0036,選修,,"三 6,7,8",公館 Ｃ003,3 類,,3,,https://course.ntu.edu.tw/courses/114-2/70252
環境DNA,陳瑩,70261,TA11420051,TAGEC9003,選修,,"一 6,7",和平 正106,3 類,,2,,https://course.ntu.edu.tw/courses/114-2/70261
歐洲的人口、文化及移民,莫家俊,70263,TA11420052,TAGEU0252,選修,,"一 7,8,9",和平 正205,3 類,,3,,https://course.ntu.edu.tw/courses/114-2/70263
盛行疾病之預防,朱妮明,70272,TA11420053,TAHEC8027,選修,,"二 8,9",和平 誠505,3 類,,2,,https://course.ntu.edu.tw/courses/114-2/70272
組織發展與衛生教育,胡益進,70818,TA11420054,TAHED0009,選修,,"五 3,4",和平 誠505,3 類,,2,,https://course.ntu.edu.tw/courses/114-2/70818
日文歷史名著選讀研討,周東怡,70287,TA11420055,TAHIC9043,選修,,"二 2,3,4",和平 正406,3 類,,3,,https://course.ntu.edu.tw/courses/114-2/70287
臺灣歷史上的戰爭與社會研討,陳南旭,70288,TA11420056,TAHIC9046,選修,,"三 6,7,8",和平 正406,3 類,,3,,https://course.ntu.edu.tw/courses/114-2/70288
環境、安全與臺灣宗教教研討,吳有能,70289,TA11420057,TAHIC9052,選修,,"一 9,10,A",和平 誠105,3 類,,3,,https://course.ntu.edu.tw/courses/114-2/70289
中級客語（二）,左春香,70366,TA11420062,TAL0U6004,選修,,"三 8,9",和平 樸202,3 類,,2,,https://course.ntu.edu.tw/courses/114-2/70366
臺灣客家禮俗文化導讀,謝淑熙,70369,TA11420064,TAL0U6016,選修,,"一 3,4",和平 正401,3 類,,2,,https://course.ntu.edu.tw/courses/114-2/70369
客語廣播實務,廖芳瀅,70370,TA11420065,TAL0U6017,選修,,"四 3,4",和平 樸407,3 類,,2,,https://course.ntu.edu.tw/courses/114-2/70370
客家飲食文化,廖芳瀅,70372,TA11420066,TAL0U6019,選修,,"四 6,7",和平 正101,3 類,,2,,https://course.ntu.edu.tw/courses/114-2/70372
計數組合專題（二）,游森棚,70383,TA11420067,TAMAC8036,選修,,"二 2,3,4",公館 數學館M310,3 類,,3,,https://course.ntu.edu.tw/courses/114-2/70383
科學計算特論,陳賢修,70385,TA11420068,TAMAC9030,選修,,"五 6,7,8",公館 Ｅ201,3 類,,3,,https://course.ntu.edu.tw/courses/114-2/70385
資料庫行銷,周世玉,70388,TA11420069,TAMBC9001,選修,,"一 6,7,8",和平 正404,3 類,,3,,https://course.ntu.edu.tw/courses/114-2/70388
機器人職場管理,蕭維傑,70395,TA11420070,TAMCM0128,選修,,"二 7,8,9",和平 綜7樓大傳所,3 類,,3,,https://course.ntu.edu.tw/courses/114-2/70395
探索流行音樂,司信寧,70405,TA11420071,TAMUC9034,選修,,"五 6,7",和平 音210,3 類,,2,,https://course.ntu.edu.tw/courses/114-2/70405
理論作曲（八）,陳瓊瑜,70408,TA11420072,TAMUU0274,選修,,,,3 類,,1,,https://course.ntu.edu.tw/courses/114-2/70408
聲樂（副修）八,林孟君,70409,TA11420073,TAMUU0286,選修,,,,3 類,,,,https://course.ntu.edu.tw/courses/114-2/70409
電子琴概論（二）,陳怡婷,70410,TA11420074,TAMUU0336,選修,,"五 6,7",和平 音409,3 類,,2,,https://course.ntu.edu.tw/courses/114-2/70410
對位與賦格（四）,黃苓瑄,70411,TA11420075,TAMUU0348,選修,,"一 3,4",和平 音209,3 類,,2,,https://course.ntu.edu.tw/courses/114-2/70411
大鍵琴（二）,蔡佳璇,70413,TA11420076,TAMUU0366,選修,,,,3 類,,,,https://course.ntu.edu.tw/courses/114-2/70413
管樂器（二）,賴俊諺,70419,TA11420077,TAMUU0575,選修,,,,3 類,,1,,https://course.ntu.edu.tw/courses/114-2/70419
進階樂曲分析,黃苓瑄,70426,TA11420078,TAMUU0637,選修,,"一 6,7",和平 音209,3 類,,2,,https://course.ntu.edu.tw/courses/114-2/70426
臨床營養實習,吳啟豪,71001,TA11420079,TANSU0042,選修,,"六 1,2,3,4,5,6",,3 類,,3,,https://course.ntu.edu.tw/courses/114-2/71001
社區營養實習,沈賜川,71002,TA11420080,TANSU0043,選修,,"六 A,B",,3 類,,1,,https://course.ntu.edu.tw/courses/114-2/71002
膳食管理實習,蔡帛蓉,71003,TA11420081,TANSU0044,選修,,"六 7,8,9,10",,3 類,,2,,https://course.ntu.edu.tw/courses/114-2/71003
光電化學基礎,柯伯尼,70443,TA11420082,TAOEC8168,選修,,"一 7,8,9",公館 Ｓ203,3 類,,3,,https://course.ntu.edu.tw/courses/114-2/70443
半導體導論,柯伯尼,70447,TA11420083,TAOEC9119,選修,,"二 7,8,9",公館 Ｓ307,3 類,,3,,https://course.ntu.edu.tw/courses/114-2/70447
西洋戲劇與劇場史：現當代專題,Alexan,70450,TA11420084,TAPAC9018,選修,,"四 3,4",和平 知音劇場,3 類,,2,,https://course.ntu.edu.tw/courses/114-2/70450
教育劇場,范聖韜,70451,TA11420085,TAPAC9021,選修,,"三 8,9",和平 知音劇場,3 類,,2,,https://course.ntu.edu.tw/courses/114-2/70451
音樂與舞蹈,張洪誠,70459,TA11420086,TAPAU0029,選修,,"三 3,4",和平 知音劇場,3 類,,2,,https://course.ntu.edu.tw/courses/114-2/70459
環境影響評估,郭乃文,70481,TA11420087,TAPGUS010,選修,,"五 2,3,4",和平 正205,3 類,,3,,https://course.ntu.edu.tw/courses/114-2/70481
自然科學領域探究與實作,陳育霖,70964,TA11420088,TAPHU0274,選修,,"五 9,10",公館 Ｓ303,3 類,,2,,https://course.ntu.edu.tw/courses/114-2/70964
科技與健康老化研究,廖邕,70518,TA11420089,TASRC8012,選修,,"五 3,4,5",和平 綜603,3 類,,3,,https://course.ntu.edu.tw/courses/114-2/70518
跨性別電影、文化,曾秀萍,70543,TA11420093,TATCU1019,選修,,"五 5,6,7",和平 誠207,3 類,,3,,https://course.ntu.edu.tw/courses/114-2/70543
語言接觸,蔡惠名,70545,TA11420094,TATCU2028,選修,,"五 2,3,4",和平 正403,3 類,,3,,https://course.ntu.edu.tw/courses/114-2/70545
進階臺語,蔡惠名,70546,TA11420095,TATCU2053,選修,,"四 2,3,4",和平 正403,3 類,,3,,https://course.ntu.edu.tw/courses/114-2/70546
雙語研究概論,莊育穎,70547,TA11420096,TATCU2054,選修,,"一 3,4",和平 正403,3 類,,2,,https://course.ntu.edu.tw/courses/114-2/70547
臺灣與世界文化,天江喜,70551,TA11420097,TATCU4037,選修,,"二 2,3,4",和平 正101,3 類,,3,,https://course.ntu.edu.tw/courses/114-2/70551
企業教育訓練,黃翊之,70863,TA11420098,TATEU0019,選修,,"三 9,10",和平 誠301,3 類,,2,,https://course.ntu.edu.tw/courses/114-2/70863
全球化關鍵議題,譚偉民,70864,TA11420099,TATEU0023,選修,,"四 8,9,10",和平 正202,3 類,,3,,https://course.ntu.edu.tw/courses/114-2/70864
《西遊記》及其英譯的問題（二）,李奭學,70567,TA11420101,TATIC8019,選修,,"五 7,8,9",和平 譯505,3 類,,3,,https://course.ntu.edu.tw/courses/114-2/70567
家具設計,蘇瀚,70573,TA11420102,TAVDU0159,選修,,"五 8,9,10",和平 設計系2B教,3 類,,3,,https://course.ntu.edu.tw/courses/114-2/70573
3D數位自造與商品化入門,黃浩瑜,70577,TA11420104,TAVDU0274,選修,,"三 6,7,8",和平 綜913,3 類,,3,,https://course.ntu.edu.tw/courses/114-2/70577
運動行銷學專題研究,程紹同,71447,TA11420113,TA2ED0025,選修,,"五 6,7,8",和平 體002,3 類,,3,,https://course.ntu.edu.tw/courses/114-2/71447
全民國防教育軍事訓練－國際情勢,李正文,71462,TA11420153,TA3DU0001,選修,,"五 6,7",和平 誠108,3 類,,0,,https://course.ntu.edu.tw/courses/114-2/71462
全民國防教育軍事訓練－國際情勢,李正文,71463,TA11420153,TA3DU0001,選修,,"五 8,9",和平 誠108,3 類,,0,,https://course.ntu.edu.tw/courses/114-2/71463
全民國防教育軍事訓練－全民國防,謝衍傑,71466,TA11420155,TA3DU0003,選修,,"五 3,4",公館 Ｅ101,3 類,,0,,https://course.ntu.edu.tw/courses/114-2/71466
全民國防教育軍事訓練－全民國防,謝衍傑,71467,TA11420155,TA3DU0003,選修,,"五 6,7",公館 Ｅ101,3 類,,0,,https://course.ntu.edu.tw/courses/114-2/71467
智慧城市中的資料科學與通訊,王超,71477,TA11420158,TACSU0051,選修,,四 2,公館 Ｓ306,3 類,,1,,https://course.ntu.edu.tw/courses/114-2/71477
科技系統與社會發展,紀博文,71478,TA11420159,TACSU0052,選修,,"五 3,4",公館 綜合館B1小,3 類,,2,,https://course.ntu.edu.tw/courses/114-2/71478
特殊教育研究評論,張蓓莉,71480,TA11420160,TASPD0034,選修,,"二 1,2",和平 特230,3 類,,2,,https://course.ntu.edu.tw/courses/114-2/71480
臺灣文化、語言及文學,曾偉旻,71481,TA11420161,TATCU1016,選修,,"五 1,2",和平 誠206,3 類,,2,,https://course.ntu.edu.tw/courses/114-2/71481
圍棋與東亞文化,張曉茵,71489,TA11420162,TA04UG041,選修,,"二 6,7",和平 正204,3 類,,2,,https://course.ntu.edu.tw/courses/114-2/71489
英語漢學名著選讀批判性研究,郭芳如,71494,TA11420163,TACHC9006,選修,,"三 8,9",和平 樸203,3 類,,2,,https://course.ntu.edu.tw/courses/114-2/71494
近代物理學（二）,陳啟明,71497,TA11420164,TAPHU0237,選修,,"二 3,4 / 四 4",,3 類,,3,,https://course.ntu.edu.tw/courses/114-2/71497
近代物理探索與應用（二）,陳啟明,71498,TA11420165,TAPHU0265,選修,,四 3,公館 Ｂ103,3 類,,1,,https://course.ntu.edu.tw/courses/114-2/71498
西洋古典音樂,劉錦紋,71524,TA11420166,TA01UG003,選修,,"二 6,7",公館 Ｂ101,3 類,,2,,https://course.ntu.edu.tw/courses/114-2/71524
華語文語言政策研究,楊聰榮,71507,TA11420167,TACLC8016,選修,,"一 2,3,4",和平 博1003,3 類,,3,,https://course.ntu.edu.tw/courses/114-2/71507
外交決策分析,徐筱琦,71508,TA11420168,TAEAC9025,選修,,"二 2,3,4",和平 正303,3 類,,3,,https://course.ntu.edu.tw/courses/114-2/71508
熱力學,鄧敦建,71513,TA11420169,TAMTU0039,選修,,"五 2,3,4",和平 綜509國際會,3 類,,3,,https://course.ntu.edu.tw/courses/114-2/71513
電分析化學（二）,李君婷,71529,TA11420174,TACMC0072,選修,,"四 7,8,9",公館 Ｓ402,3 類,,3,,https://course.ntu.edu.tw/courses/114-2/71529
電腦輔助英語學習,曾俊傑,71533,TA11420175,TAENU0213,選修,,"二 6,7,8",和平 誠701A,2 類,,3,,https://course.ntu.edu.tw/courses/114-2/71533
高等教育領導與學生發展專題研究,余穎麒,71553,TA11420177,TAEDD0169,選修,,"二 2,3,4",和平 教813,3 類,,3,,https://course.ntu.edu.tw/courses/114-2/71553
客家歌謠表演實務與多元詮釋,姜雲玉,71554,TA11420178,TAL0U6021,選修,,"四 3,4",和平 正406,3 類,,2,,https://course.ntu.edu.tw/courses/114-2/71554
南島語系文化圈之音樂研究（二）,錢善華,71555,TA11420179,TAMUC0085,選修,,"一 3,4",和平 樂研一,3 類,,2,,https://course.ntu.edu.tw/courses/114-2/71555
專業筆譯（中譯英）,鄭永康,71571,TA11420180,TATIM1040,選修,,"二 9,10,A",和平 譯506,3 類,,3,,https://course.ntu.edu.tw/courses/114-2/71571
食物製備,沈賜川,70721,TA11420777,TANTNU134,選修,,"一 6,7,8,9",和平 勤001,3 類,,2,,https://course.ntu.edu.tw/courses/114-2/70721
指揮法（二）,張尹芳,70961,TA11422360,TANTNU135,選修,,"二 1,2",和平 音308,3 類,,2,,https://course.ntu.edu.tw/courses/114-2/70961
教學原理（教）,藍淑珠,71579,TA11422361,TA00UE005,選修,,"一 B,C",和平 誠307,3 類,,2,,https://course.ntu.edu.tw/courses/114-2/71579
教學原理（教）,吳柏菱,71592,TA11422361,TA00UE005,選修,,"四 8,9",和平 正203,3 類,,2,,https://course.ntu.edu.tw/courses/114-2/71592
嵌入式系統,呂成凱,71581,TA11422362,TAAEC8011,選修,,"四 7,8,9",和平 多媒體與通,3 類,,3,,https://course.ntu.edu.tw/courses/114-2/71581
脊椎動物學實驗,林思民,71585,TA11422363,TABIU0024,選修,,"五 6,7,8",公館 Ｄ203,3 類,,1,,https://course.ntu.edu.tw/courses/114-2/71585
家庭理論,黃淑滿,71586,TA11422364,TAHGU0198,選修,,"四 6,7,8",和平 誠204,3 類,,3,,https://course.ntu.edu.tw/courses/114-2/71586
電路學（一）,陳美勇,71582,TA11422365,TAIEU4370,選修,,"五 3,4,5",和平 研討六,3 類,,3,,https://course.ntu.edu.tw/courses/114-2/71582
一九四五年以後之音樂研究（二）,林梅芳,71597,TA11422366,TAMUC8010,選修,,"五 7,8",和平 音209,3 類,,2,,https://course.ntu.edu.tw/courses/114-2/71597
近代建築史,楊馥妃,71029,TB10310031,TBAD31063,選修,,"一 2,3,4",TR-617,3 類,,3,,https://course.ntu.edu.tw/courses/114-2/71029
近代建築史,彭英麗,71499,TB10310031,TBAD31063,選修,,"一 2,3,4",TR-509,3 類,,3,,https://course.ntu.edu.tw/courses/114-2/71499
數位互動設計,林權萱,71043,TB10310050,TBAD51207,選修,,"四 2,3,4",T4-301,3 類,,3,,https://course.ntu.edu.tw/courses/114-2/71043
永續建築結構造型及設計演習,蔡孟廷,71044,TB10310053,TBAD51327,選修,,"二 2,3,4",T3-304,3 類,,3,,https://course.ntu.edu.tw/courses/114-2/71044
建築研究方法,阮怡凱,71045,TB10310054,TBAD51357,選修,,"四 6,7,8",TR-412-1,3 類,,3,,https://course.ntu.edu.tw/courses/114-2/71045
不動產經營與管理,顏世禮,71051,TB10310064,TBAD53167,選修,,"二 A,B,C",TR-310-1,3 類,,3,,https://course.ntu.edu.tw/courses/114-2/71051
物業管理專業與實務,杜功仁,71053,TB10310067,TBAD55207,選修,,"三 6,7,8",T4-301,3 類,,3,,https://course.ntu.edu.tw/courses/114-2/71053
管理會計,郭啟賢,71565,TB10310095,TBBA23003,選修,,"二 2,3,4",MA-206,3 類,,3,,https://course.ntu.edu.tw/courses/114-2/71565
談判學,許重博,71075,TB10310099,TBBA29117,選修,,"四 A,B,C",TR-212,3 類,,3,,https://course.ntu.edu.tw/courses/114-2/71075
電影與管理,陳崇文,71515,TB10310109,TBBA41047,選修,,"一 5,6,7",TR-212,3 類,,3,,https://course.ntu.edu.tw/courses/114-2/71515
生物統計學,林上智,71093,TB10310151,TBBE50397,選修,,"二 5,6,7",TR-610,3 類,,3,,https://course.ntu.edu.tw/courses/114-2/71093
應用色彩科學,胡國瑞,71104,TB10310276,TBCI53307,選修,,"一 6,7,8",IB-511-2,3 類,,3,,https://course.ntu.edu.tw/courses/114-2/71104
風險管理,呂守陞,71552,TB10310369,TBCT53047,選修,,"一 2,3,4",IB-609,3 類,,3,,https://course.ntu.edu.tw/courses/114-2/71552
計算機概論,馬奕葳,71598,TB10310469,TBEE34017,選修,,"一 9 / 四 10,9",,3 類,,3,,https://course.ntu.edu.tw/courses/114-2/71598
電力電子建模與分析,劉益華,71548,TB10310508,TBEE52267,選修,,"四 2,3,4",T2-510,3 類,,3,,https://course.ntu.edu.tw/courses/114-2/71548
醫用超音波影像,沈哲州,71143,TB10310519,TBEE57907,選修,,"四 2,3,4",IB-601-2,3 類,,3,,https://course.ntu.edu.tw/courses/114-2/71143
電化學交流阻抗頻譜分析與應用,王復民,71146,TB10310539,TBEN54207,選修,,"五 10,8,9",TR-511,3 類,,3,,https://course.ntu.edu.tw/courses/114-2/71146
工程近代物理,李仰淳,71153,TB10310582,TBET30057,選修,,"二 1 / 五 1,2",,3 類,,3,,https://course.ntu.edu.tw/courses/114-2/71153
線性系統,鄭瑞光,71439,TB10310584,TBET31053,選修,,"一 7,8 / 三 3",,3 類,,3,,https://course.ntu.edu.tw/courses/114-2/71439
固態照明實習,蘇忠傑,71158,TB10310608,TBET48073,選修,,"五 6,7,8",EE-812,3 類,,1,,https://course.ntu.edu.tw/courses/114-2/71158
編碼理論,賴坤財,71159,TB10310610,TBET50027,選修,,"三 6,7,8",IB-510-1,3 類,,3,,https://course.ntu.edu.tw/courses/114-2/71159
超大型積體電路設計,林銘波,71461,TB10310619,TBET53027,選修,,"四 2,3,4",IB-401,3 類,,3,,https://course.ntu.edu.tw/courses/114-2/71461
新聞英文,徐碧霞,71487,TB10310688,TBFL20117,選修,,"四 2,3,4",T4-404,3 類,,3,,https://course.ntu.edu.tw/courses/114-2/71487
國際現勢,鄭大誠,71194,TB10310746,TBGE34073,選修,,"二 8,9",TR-509,3 類,,2,,https://course.ntu.edu.tw/courses/114-2/71194
性別與法律,張宏誠,71195,TB10310748,TBGE36043,選修,,"五 6,7",TR-413-2,3 類,,2,,https://course.ntu.edu.tw/courses/114-2/71195
智慧財產權法概要,鍾鳳玲,71196,TB10310749,TBGE36053,選修,,"五 6,7",TR-510,3 類,,2,,https://course.ntu.edu.tw/courses/114-2/71196
藝術賞析,盧廷清,71219,TB10310762,TBGE39003,選修,,"五 8,9",TR-209,3 類,,2,,https://course.ntu.edu.tw/courses/114-2/71219
藝術賞析,鄭治桂,71220,TB10310762,TBGE39003,選修,,"四 3,4",TR-209,3 類,,2,,https://course.ntu.edu.tw/courses/114-2/71220
法律與生活,陳星宏,71222,TB10310764,TBGE39043,選修,,"二 3,4",TR-616,3 類,,2,,https://course.ntu.edu.tw/courses/114-2/71222
管理概論,賴明政,71223,TB10310765,TBGE39073,選修,,"四 1,2",TR-213,3 類,,2,,https://course.ntu.edu.tw/courses/114-2/71223
管理概論,賴明政,71224,TB10310765,TBGE39073,選修,,"四 3,4",TR-213,3 類,,2,,https://course.ntu.edu.tw/courses/114-2/71224
人因工程學,許聿靈,71245,TB10310816,TBIM46063,選修,,"三 6,7",MA-101,3 類,,2,,https://course.ntu.edu.tw/courses/114-2/71245
人因工程學,林承哲,71246,TB10310816,TBIM46063,選修,,"二 6,7",MA-417,3 類,,2,,https://course.ntu.edu.tw/courses/114-2/71246
人因工程實習,許聿靈,71248,TB10310823,TBIM47083,選修,,"二 6,7",MA-010,3 類,,1,,https://course.ntu.edu.tw/courses/114-2/71248
人因工程實習,林承哲,71249,TB10310823,TBIM47083,選修,,"一 8,9",MA-010,3 類,,1,,https://course.ntu.edu.tw/courses/114-2/71249
巨量資料分析及應用,楊朝龍,71252,TB10310828,TBIM52117,選修,,"四 2,3,4",MA-215,3 類,,3,,https://course.ntu.edu.tw/courses/114-2/71252
應用機率模型,葉瑞徽,71256,TB10310840,TBIM71037,選修,,"二 6,7,8",MA-207,3 類,,3,,https://course.ntu.edu.tw/courses/114-2/71256
人因工程生理基礎,林久翔,71257,TB10310842,TBIM73037,選修,,"五 2,3,4",MA-207,3 類,,3,,https://course.ntu.edu.tw/courses/114-2/71257
數量方法─統計方法與資料分析,何建韋,71259,TB10310848,TBMA51007,選修,,"四 2,3,4",TR-513,3 類,,3,,https://course.ntu.edu.tw/courses/114-2/71259
最佳設計,林柏廷,71282,TB10310938,TBME52097,選修,,"一 2,3,4",華夏恆毅樓D403,3 類,,3,,https://course.ntu.edu.tw/courses/114-2/71282
層流理論,林怡均,71285,TB10310956,TBME58017,選修,,"二 2,3,4",TR-510,3 類,,3,,https://course.ntu.edu.tw/courses/114-2/71285
產業創新與科技管理,朱默庵,71292,TB10311036,TBPA51417,選修,,"四 2,3,4",TR-829,3 類,,3,,https://course.ntu.edu.tw/courses/114-2/71292
國際企業與創新發展,何秀青,71407,TB10311075,TBTM63017,選修,,"三 5,6,7",TR-812,3 類,,3,,https://course.ntu.edu.tw/courses/114-2/71407
高分子物理,洪伯達,71413,TB10311094,TBTX32053,選修,,"二 8,9 / 四 5",,3 類,,3,,https://course.ntu.edu.tw/courses/114-2/71413
有機化合物的結構鑑定,陳志堅,71414,TB10311095,TBTX32077,選修,,"二 3,4 / 三 10",,3 類,,3,,https://course.ntu.edu.tw/courses/114-2/71414
材料實驗(一),黃欣萍,71418,TB10311098,TBTX37093,選修,,"二 6,7,8",E1-243,3 類,,1,,https://course.ntu.edu.tw/courses/114-2/71418
材料實驗(二),徐秀蘭,71419,TB10311099,TBTX41043,選修,,"一 6,7,8",E1-134,3 類,,1,,https://course.ntu.edu.tw/courses/114-2/71419
材料實驗(三),黃欣萍,71420,TB10311100,TBTX41063,選修,,"一 10,8,9",E1-243,3 類,,1,,https://course.ntu.edu.tw/courses/114-2/71420
材料科學(二),周賢鎧,71425,TB10311111,TBTX46123,選修,,"一 1,2 / 五 8",,3 類,,3,,https://course.ntu.edu.tw/courses/114-2/71425
材料科學(二),鄭詠馨,71426,TB10311111,TBTX46123,選修,,"一 1,2 / 五 8",,3 類,,3,,https://course.ntu.edu.tw/courses/114-2/71426
愛克斯光繞射及結晶學,梁鍵隴,71428,TB10311115,TBTX50047,選修,,"三 6,7,8",TR-212,3 類,,3,,https://course.ntu.edu.tw/courses/114-2/71428
教育研究法,鄭海蓮,71432,TB10311133,TBVE50097,選修,,"五 6,7,8",T4-401-1,3 類,,3,,https://course.ntu.edu.tw/courses/114-2/71432
建構主義在教育上之應用,洪銘國,71433,TB10311134,TBVE52087,選修,,"五 2,3,4",T4-303,3 類,,3,,https://course.ntu.edu.tw/courses/114-2/71433
質性研究法,王嘉瑜,71435,TB10311141,TBVE57287,選修,,"三 2,3,4",T4-304,3 類,,3,,https://course.ntu.edu.tw/courses/114-2/71435
建築設計(二),謝倩玲,71015,TB10320001,TBAD11023,選修,,"二 2,3,4,5,6,7,8,9",RB-708,3 類,,3,,https://course.ntu.edu.tw/courses/114-2/71015
基礎電腦輔助設計(二),陳彥宏,71018,TB10320002,TBAD14067,選修,,"三 6,7,8",RB-508,3 類,,3,,https://course.ntu.edu.tw/courses/114-2/71018
基礎電腦輔助設計(二),陳彥宏,71019,TB10320002,TBAD14067,選修,,"四 6,7,8",RB-508,3 類,,3,,https://course.ntu.edu.tw/courses/114-2/71019
環境控制系統(一),蔡欣君,71024,TB10320004,TBAD26023,選修,,"三 6,7,8",TR-613,3 類,,3,,https://course.ntu.edu.tw/courses/114-2/71024
室內材料與構造,林昱安,71025,TB10320005,TBAD26067,選修,,"二 10,8,9",IB-510-1,3 類,,3,,https://course.ntu.edu.tw/courses/114-2/71025
建築材料,林慶元,71027,TB10320006,TBAD28043,選修,,"二 2,3,4",TR-512,3 類,,3,,https://course.ntu.edu.tw/courses/114-2/71027
建築材料,廖硃岑,71028,TB10320006,TBAD28043,選修,,"二 2,3,4",T4-303,3 類,,3,,https://course.ntu.edu.tw/courses/114-2/71028
設計表現方法,黃健勇,71030,TB10320008,TBAD31137,選修,,"三 6,7,8",華夏建築館B302,3 類,,3,,https://course.ntu.edu.tw/courses/114-2/71030
設計表現方法,趙夢琳,71031,TB10320008,TBAD31137,選修,,"四 6,7,8",華夏建築館B302,3 類,,3,,https://course.ntu.edu.tw/courses/114-2/71031
室內空間設計(二),彭英麗,71032,TB10320009,TBAD31227,選修,,"一 10,6,7,8,9",RB-708,3 類,,3,,https://course.ntu.edu.tw/courses/114-2/71032
電腦在建築上之應用(二),林裕傑,71037,TB10320012,TBAD37027,選修,,"一 6,7,8",RB-508,3 類,,3,,https://course.ntu.edu.tw/courses/114-2/71037
綠色建築計劃,鄭政利,71041,TB10320014,TBAD43077,選修,,"一 2,3,4",TR-310-2,3 類,,3,,https://course.ntu.edu.tw/courses/114-2/71041
耐震設計,汪向榮,71517,TB10320063,TBCT60057,選修,,"三 6,7,8",IB-601-2,3 類,,3,,https://course.ntu.edu.tw/courses/114-2/71517
隨機振動學,陳瑞華,71116,TB10320069,TBCT63027,選修,,"四 6,7,8",IB-609,3 類,,3,,https://course.ntu.edu.tw/courses/114-2/71116
英語口語訓練(二),Aaron,71168,TB10320097,TBFL32023,選修,,"二 8,9",RB-201,3 類,,2,,https://course.ntu.edu.tw/courses/114-2/71168
英語口語訓練(二),Aaron,71169,TB10320097,TBFL32023,選修,,"二 6,7",RB-201,3 類,,2,,https://course.ntu.edu.tw/courses/114-2/71169
進階日文(二),王敏東,71173,TB10320099,TBFL38067,選修,,"一 6,7",T4-404,3 類,,2,,https://course.ntu.edu.tw/courses/114-2/71173
進階日文(二),劉慧玲,71174,TB10320099,TBFL38067,選修,,"四 8,9",TR-210,3 類,,2,,https://course.ntu.edu.tw/courses/114-2/71174
語料庫語言學,王世平,71191,TB10320101,TBFL52087,選修,,"四 10,8,9",T4-703-2,3 類,,3,,https://course.ntu.edu.tw/courses/114-2/71191
熱傳學,溫琮毅,71569,TB10320156,TBME37053,選修,,"一 6,7 / 三 8",,3 類,,3,,https://course.ntu.edu.tw/courses/114-2/71569
全民國防教育軍事訓練－全民國防,廖天威,71008,TB10410001,TB3C20017,選修,,"五 8,9",EE-407,3 類,,0,,https://course.ntu.edu.tw/courses/114-2/71008
全民國防教育軍事訓練－防衛動員,廖天威,71009,TB10410002,TB3C20027,選修,,"四 10,9",TR-213,3 類,,0,,https://course.ntu.edu.tw/courses/114-2/71009
全民國防教育軍事訓練－國防政策,廖天威,71010,TB10410003,TB3C20037,選修,,"三 8,9",EE-407,3 類,,0,,https://course.ntu.edu.tw/courses/114-2/71010
色彩心理學概論,歐立成,71117,TB10410030,TBCX40077,選修,,"二 2,3,4",TR-613,3 類,,3,,https://course.ntu.edu.tw/courses/114-2/71117
設計專論,林廷宜,71128,TB10410034,TBDT62057,選修,,"二 2,3,4",RB-411,3 類,,3,,https://course.ntu.edu.tw/courses/114-2/71128
科技英文翻譯,陳逸軒,71576,TB10410045,TBFL40137,選修,,"五 2,3,4",T3-304,3 類,,3,,https://course.ntu.edu.tw/courses/114-2/71576
專利檢索與分析實務,耿筠,71228,TB10410051,TBIB20347,選修,,"一 6,7,8",TR-833,3 類,,3,,https://course.ntu.edu.tw/courses/114-2/71228
臨終關懷與生命教育,德嘉法,71301,TB10410061,TBTCG0363,選修,,"三 10,9",TR-313,3 類,,2,,https://course.ntu.edu.tw/courses/114-2/71301
自我察覺與人際互動,徐泰國,71302,TB10410063,TBTCG0383,選修,,"五 6,7",TR-409-1,3 類,,2,,https://course.ntu.edu.tw/courses/114-2/71302
自我察覺與人際互動,徐泰國,71303,TB10410063,TBTCG0383,選修,,"五 8,9",TR-409-1,3 類,,2,,https://course.ntu.edu.tw/courses/114-2/71303
人我關懷與心靈成長,洪正和,71304,TB10410065,TBTCG0403,選修,,"四 10,9",TR-510,3 類,,2,,https://course.ntu.edu.tw/courses/114-2/71304
藝術美學與生活關懷,楊佳蓉,71305,TB10410066,TBTCG0413,選修,,"五 8,9",TR-210,3 類,,2,,https://course.ntu.edu.tw/courses/114-2/71305
部落漫遊,蔡曉雲,71306,TB10410067,TBTCG0453,選修,,"三 10,9",TR-213,3 類,,1,,https://course.ntu.edu.tw/courses/114-2/71306
養生醫學,陳重光,71308,TB10410069,TBTCG0473,選修,,三 8,TR-513,3 類,,1,,https://course.ntu.edu.tw/courses/114-2/71308
雜誌編輯與學習,梁欣如,71309,TB10410070,TBTCG0483,選修,,"三 10,9",TR-616,3 類,,2,,https://course.ntu.edu.tw/courses/114-2/71309
專利與行政法,劉華美,71406,TB10410071,TBTM62617,選修,,"五 2,3,4",TR-812,3 類,,3,,https://course.ntu.edu.tw/courses/114-2/71406
設計素描(二),黃健勇,71016,TB10420001,TBAD12063,選修,,"一 2,3,4",T4-302,3 類,,1,,https://course.ntu.edu.tw/courses/114-2/71016
設計素描(二),李佳玫,71017,TB10420001,TBAD12063,選修,,"一 6,7,8",TR-409-2,3 類,,1,,https://course.ntu.edu.tw/courses/114-2/71017
體驗建築,陳修兀,71020,TB10420002,TBAD16027,選修,,"五 2,3,4",TR-614,3 類,,3,,https://course.ntu.edu.tw/courses/114-2/71020
影像美學,吳榮梅,71055,TB10420013,TBADG0193,選修,,"三 10,9",TR-212,3 類,,2,,https://course.ntu.edu.tw/courses/114-2/71055
高等無機化學,孫世勝,71501,TB10420032,TBCH51117,選修,,"五 2,3,4",IB-607,3 類,,3,,https://course.ntu.edu.tw/courses/114-2/71501
X光及中子散射,黃延吉,71098,TB10420035,TBCH53067,選修,,"三 2 / 四 3,4",,3 類,,3,,https://course.ntu.edu.tw/courses/114-2/71098
生醫量測系統設計,林淵翔,71161,TB10420069,TBET56107,選修,,"四 6,7,8",IB-712,3 類,,3,,https://course.ntu.edu.tw/courses/114-2/71161
保險學,陳清源,71163,TB10420075,TBFB25027,選修,,"二 A,B,C",TR-212,3 類,,3,,https://course.ntu.edu.tw/courses/114-2/71163
智慧財產權管理制度與策略,蔡鴻文,71289,TB10420096,TBPA51127,選修,,"一 2,3,4",TR-829,3 類,,3,,https://course.ntu.edu.tw/courses/114-2/71289
產業分析,耿筠,71291,TB10420097,TBPA51367,選修,,"二 6,7,8",TR-829,3 類,,3,,https://course.ntu.edu.tw/courses/114-2/71291
禪心情趣－茶禪、香禪、花禪,果鏡法,71296,TB10420101,TBTCG0273,選修,,"六 3,4",,3 類,,2,,https://course.ntu.edu.tw/courses/114-2/71296
自然環保與人文思維,蔡昱宇,71297,TB10420102,TBTCG0283,選修,,"四 1,2",TR-413-2,3 類,,2,,https://course.ntu.edu.tw/courses/114-2/71297
文學與電影,許榮哲,71300,TB10420104,TBTCG0343,選修,,"四 A,B,C",AU-101,3 類,,2,,https://course.ntu.edu.tw/courses/114-2/71300
經典與人生,釋見咸,71310,TB10420105,TBTCG0493,選修,,"二 10,9",IB-502,3 類,,2,,https://course.ntu.edu.tw/courses/114-2/71310
生命臨終關懷實務分享,吳淑貞,71311,TB10420107,TBTCG0513,選修,,"一 6,7",TR-512,3 類,,2,,https://course.ntu.edu.tw/courses/114-2/71311
跨領域實務專題(一),,71294,TB10420123,TBTC10047,選修,,,,3 類,,2,,https://course.ntu.edu.tw/courses/114-2/71294
文藝發展與流行音樂文化,馬世芳,71299,TB10420127,TBTCG0333,選修,,"一 A,B,C",AU-101,3 類,,2,,https://course.ntu.edu.tw/courses/114-2/71299
全民國防教育軍事訓練－國防科技,劉鐵軍,71011,TB10510001,TB3C20047,選修,,"二 8,9",TR-212,3 類,,0,,https://course.ntu.edu.tw/courses/114-2/71011
全民國防教育軍事訓練－國防科技,劉鐵軍,71012,TB10510001,TB3C20047,選修,,"四 10,9",TR-409-1,3 類,,0,,https://course.ntu.edu.tw/courses/114-2/71012
近代東亞視覺與文化史,張世瑛,71202,TB10510033,TBGE37103,選修,,"三 6,7",TR-411,3 類,,2,,https://course.ntu.edu.tw/courses/114-2/71202
近代東亞視覺與文化史,張世瑛,71203,TB10510033,TBGE37103,選修,,"三 8,9",TR-411,3 類,,2,,https://course.ntu.edu.tw/courses/114-2/71203
中國與東亞文明史,王瑞傑,71204,TB10510036,TBGE37143,選修,,"五 6,7",TR-412-1,3 類,,2,,https://course.ntu.edu.tw/courses/114-2/71204
中國與東亞文明史,王瑞傑,71205,TB10510036,TBGE37143,選修,,"五 8,9",TR-412-1,3 類,,2,,https://course.ntu.edu.tw/courses/114-2/71205
人類文明起源史,趙潤昌,71206,TB10510037,TBGE37193,選修,,"二 1,2",TR-516,3 類,,2,,https://course.ntu.edu.tw/courses/114-2/71206
人類文明起源史,趙潤昌,71207,TB10510037,TBGE37193,選修,,"二 6,7",TR-509,3 類,,2,,https://course.ntu.edu.tw/courses/114-2/71207
藝術創作與心靈探索,鄭淑文,71208,TB10510038,TBGE37233,選修,,"三 6,7",TR-609,3 類,,2,,https://course.ntu.edu.tw/courses/114-2/71208
藝術創作與心靈探索,鄭淑文,71209,TB10510038,TBGE37233,選修,,"三 8,9",TR-609,3 類,,2,,https://course.ntu.edu.tw/courses/114-2/71209
臺灣庶民生活史,陳世榮,71211,TB10510041,TBGE37273,選修,,"三 6,7",TR-510,3 類,,2,,https://course.ntu.edu.tw/courses/114-2/71211
臺灣庶民生活史,陳世榮,71212,TB10510041,TBGE37273,選修,,"三 8,9",TR-510,3 類,,2,,https://course.ntu.edu.tw/courses/114-2/71212
音樂與文化,王維君,71213,TB10510042,TBGE37283,選修,,"二 2,3,4",T4-405,3 類,,3,,https://course.ntu.edu.tw/courses/114-2/71213
經濟學與生活體驗,徐茂炫,71298,TB10520052,TBTCG0303,選修,,"五 6,7",T4-304,3 類,,2,,https://course.ntu.edu.tw/courses/114-2/71298
經濟學：市場與趨勢,徐茂炫,71313,TB10520054,TBTCG0653,選修,,"四 8,9",T4-303,3 類,,2,,https://course.ntu.edu.tw/courses/114-2/71313
領導與生活,洪正和,71314,TB10520057,TBTCG0683,選修,,"一 10,9",TR-515,3 類,,2,,https://course.ntu.edu.tw/courses/114-2/71314
古典小說探趣,蔡昱宇,71315,TB10520058,TBTCG0693,選修,,"四 10,9",TR-515,3 類,,2,,https://course.ntu.edu.tw/courses/114-2/71315
生物學導論,許維君,71316,TB10520060,TBTCG0713,選修,,"三 5,6,7",TR-211,3 類,,3,,https://course.ntu.edu.tw/courses/114-2/71316
生物學導論,許維君,71317,TB10520060,TBTCG0713,選修,,"三 5,6,7",TR-410,3 類,,3,,https://course.ntu.edu.tw/courses/114-2/71317
數位藝術設計,張博智,71214,TB10520075,TBGE37293,選修,,"四 6,7",TR-311,3 類,,2,,https://course.ntu.edu.tw/courses/114-2/71214
數位藝術設計,張博智,71215,TB10520075,TBGE37293,選修,,"四 8,9",TR-311,3 類,,2,,https://course.ntu.edu.tw/courses/114-2/71215
跨領域實務專題(二),,71295,TB10520080,TBTC10057,選修,,,,3 類,,2,,https://course.ntu.edu.tw/courses/114-2/71295
計算機組織,劉一宇,71109,TB10520082,TBCS20063,選修,,"二 3,4 / 三 2",,3 類,,3,,https://course.ntu.edu.tw/courses/114-2/71109
計算機組織,戴碧如,71516,TB10520082,TBCS20063,選修,,"二 3,4 / 四 4",,3 類,,3,,https://course.ntu.edu.tw/courses/114-2/71516
台灣電資產業論壇與工程倫理,許恆壽,71141,TB10610013,TBECG0033,選修,,"四 A,B,C",RB-105,3 類,,2,,https://course.ntu.edu.tw/courses/114-2/71141
商務日文,林益泓,71176,TB10610019,TBFL38307,選修,,"五 1,2",TR-515,3 類,,2,,https://course.ntu.edu.tw/courses/114-2/71176
文學與人生,蔡明蓉,71200,TB10610024,TBGE37003,選修,,"二 6,7",TR-612,3 類,,2,,https://course.ntu.edu.tw/courses/114-2/71200
文學與人生,王志浩,71201,TB10610024,TBGE37003,選修,,"五 6,7",IB-510-1,3 類,,2,,https://course.ntu.edu.tw/courses/114-2/71201
數位造型與快速成型製作,施乃中,71048,TB10620002,TBAD52117,選修,,"一 2,3,4",RB-707,3 類,,3,,https://course.ntu.edu.tw/courses/114-2/71048
建築資訊建模之應用實務,陳清楠,71054,TB10620003,TBAD56277,選修,,"五 A,B,C",TR-311,3 類,,3,,https://course.ntu.edu.tw/courses/114-2/71054
結構控制,陳沛清,71486,TB10620012,TBCT60077,選修,,"五 2,3,4",IB-601-2,3 類,,3,,https://course.ntu.edu.tw/courses/114-2/71486
微積分(下),項人宗,71138,TB10620016,TBEC161B0,選修,,"一 9 / 二 6,7 / 四 6,7",,3 類,,4,,https://course.ntu.edu.tw/courses/114-2/71138
進階西班牙文(二),馮志宇,71172,TB10620023,TBFL38017,選修,,"五 3,4",TR-412-1,3 類,,2,,https://course.ntu.edu.tw/courses/114-2/71172
民法概要,李子聿,71197,TB10620028,TBGE36063,選修,,"一 1,2",TR-411,3 類,,2,,https://course.ntu.edu.tw/courses/114-2/71197
科技與法律,林瑞珠,71216,TB10620030,TBGE37313,選修,,"四 6,7",T4-303,3 類,,2,,https://course.ntu.edu.tw/courses/114-2/71216
大數據與程式設計導論,李啟龍,71318,TB10620040,TBTCG0783,,,"一 10,9",TR-310-1,3 類,,2,,https://course.ntu.edu.tw/courses/114-2/71318
領導與溝通,李潔,71319,TB10620042,TBTCG0803,選修,,"四 10,9",IB-308,3 類,,2,,https://course.ntu.edu.tw/courses/114-2/71319
全球化與文化,江志宏,71320,TB10620043,TBTCG0813,選修,,"一 10,9",TR-313,3 類,,2,,https://course.ntu.edu.tw/courses/114-2/71320
情感與法律,徐泰國,71321,TB10620044,TBTCG0833,選修,,"一 8,9",TR-213,3 類,,2,,https://course.ntu.edu.tw/courses/114-2/71321
薄膜能源科技,胡蒨傑,71149,TB10710023,TBEN66037,選修,,"一 5,6,7",IB-609,3 類,,3,,https://course.ntu.edu.tw/courses/114-2/71149
從韓流文化看韓國社會,黃身安,71323,TB10710037,TBTCG0853,選修,,"五 6,7",IB-608,3 類,,2,,https://course.ntu.edu.tw/courses/114-2/71323
藝術電影賞析,傅汝洋,71324,TB10710040,TBTCG0883,選修,,"四 10,9",T4-304,3 類,,2,,https://course.ntu.edu.tw/courses/114-2/71324
結構行為(一),蔡孟廷,71022,TB10720001,TBAD24013,選修,,"一 2,3,4",T4-303,3 類,,3,,https://course.ntu.edu.tw/courses/114-2/71022
結構行為(一),吳啟哲,71023,TB10720001,TBAD24013,選修,,"一 6,7,8",T4-302,3 類,,3,,https://course.ntu.edu.tw/courses/114-2/71023
結構系統,練乃齊,71036,TB10720003,TBAD35057,選修,,"一 10,9,A",TR-413-2,3 類,,3,,https://course.ntu.edu.tw/courses/114-2/71036
不動產財務分析,蔡清徽,71047,TB10720004,TBAD51497,選修,,"四 2,3,4",IB-601-1,3 類,,3,,https://course.ntu.edu.tw/courses/114-2/71047
色彩照明實驗設計與分析,胡國瑞,71099,TB10720013,TBCI52297,選修,,"四 2,3,4",RB-509,3 類,,3,,https://course.ntu.edu.tw/courses/114-2/71099
「日本事情」面面觀,王敏東,71177,TB10720027,TBFL38327,選修,,"五 3,4",T4-404,3 類,,2,,https://course.ntu.edu.tw/courses/114-2/71177
同步口譯,陳安頎,71189,TB10720028,TBFL40107,選修,,"二 2,3,4",RB-301,3 類,,3,,https://course.ntu.edu.tw/courses/114-2/71189
統計學(二),林希偉,71238,TB10720035,TBIM30043,選修,,"二 2,3,4",MA-101,3 類,,3,,https://course.ntu.edu.tw/courses/114-2/71238
統計學(二),葉瑞徽,71239,TB10720035,TBIM30043,選修,,"五 6,7,8",MA-010,3 類,,3,,https://course.ntu.edu.tw/courses/114-2/71239
正念減壓與情緒管理,葉北辰,71325,TB10720044,TBTCG0923,選修,,"三 1,2",TR-410,3 類,,2,,https://course.ntu.edu.tw/courses/114-2/71325
機械手臂與參數設計之運用,林裕傑,71033,TB10810001,TBAD31237,選修,,"二 10,8,9",TR-617,3 類,,3,,https://course.ntu.edu.tw/courses/114-2/71033
創意與經典閱讀,張瀛太,71096,TB10810010,TBCC12563,選修,,"五 2,3,4",AU-101,3 類,,3,,https://course.ntu.edu.tw/courses/114-2/71096
創意與經典閱讀,張瀛太,71097,TB10810010,TBCC12563,選修,,"五 6,7,8",AU-101,3 類,,3,,https://course.ntu.edu.tw/courses/114-2/71097
幼兒數位遊戲理論與實務,湯梓辰,71147,TB10810018,TBEN57227,選修,,"五 2,3,4",TR-836,3 類,,3,,https://course.ntu.edu.tw/courses/114-2/71147
投資銀行與併購,謝劍平,71522,TB10810022,TBFB20047,選修,,"三 2,3,4",E1-306,3 類,,3,,https://course.ntu.edu.tw/courses/114-2/71522
時事漫談智慧財產與科技法,Richar,71231,TB10810028,TBIBG0073,,,"二 6,7",IB-401,3 類,,2,,https://course.ntu.edu.tw/courses/114-2/71231
智慧財產權法與競爭法專題研究,白江泰,71293,TB10810032,TBPA51677,選修,,"五 6,7,8",TR-829,3 類,,3,,https://course.ntu.edu.tw/courses/114-2/71293
大數據分析概觀與實務研討,白姝玉,71326,TB10810033,TBTCG0943,選修,,"五 3,4",RB-509,3 類,,2,,https://course.ntu.edu.tw/courses/114-2/71326
世界當代文化史與紀錄片田調研究,眭澔平,71327,TB10810036,TBTCG0973,選修,,"五 10,9",TR-214,3 類,,2,,https://course.ntu.edu.tw/courses/114-2/71327
影像記事中的近代兩岸,管美蓉,71328,TB10810038,TBTCG0993,選修,,"二 10,9",TR-611,3 類,,2,,https://course.ntu.edu.tw/courses/114-2/71328
書法藝術,蔡耀慶,71329,TB10810039,TBTCG1003,選修,,"三 A,B",TR-410,3 類,,2,,https://course.ntu.edu.tw/courses/114-2/71329
創意性機構設計,陳羽薰,71559,TB10810052,TBME52137,選修,,"二 6,7,8",TR-616,3 類,,3,,https://course.ntu.edu.tw/courses/114-2/71559
建築設計模擬與運算,施宣光,71038,TB10820001,TBAD37057,選修,,"五 2,3,4",RB-508,3 類,,3,,https://course.ntu.edu.tw/courses/114-2/71038
創意思考與設計美學,謝璨羽,71129,TB10820026,TBDTG0043,選修,,"四 6,7,8",TR-214,3 類,,3,,https://course.ntu.edu.tw/courses/114-2/71129
電力系統控制與穩定度,吳進忠,71144,TB10820030,TBEE60187,選修,,"六 2,3,4",,3 類,,3,,https://course.ntu.edu.tw/courses/114-2/71144
學習型玩具設計與探究,湯梓辰,71148,TB10820033,TBEN57287,選修,,"五 10,8,9",IB-504,3 類,,3,,https://course.ntu.edu.tw/courses/114-2/71148
電路學(二),魏榮宗,71453,TB10820034,TBET21043,選修,,"二 2 / 四 6,7",,3 類,,3,,https://course.ntu.edu.tw/courses/114-2/71453
微波電路,謝松年,71160,TB10820037,TBET51047,選修,,"五 6,7,8",IB-409-1,3 類,,3,,https://course.ntu.edu.tw/courses/114-2/71160
翻譯與習作,李宜懃,71549,TB10820042,TBFL33233,選修,,"五 6,7",T4-301,3 類,,2,,https://course.ntu.edu.tw/courses/114-2/71549
初級日文(二),林益泓,71178,TB10820043,TBFL38347,選修,,"五 3,4",TR-515,3 類,,2,,https://course.ntu.edu.tw/courses/114-2/71178
初級日文(二),林益泓,71179,TB10820043,TBFL38347,選修,,"五 6,7",TR-516,3 類,,2,,https://course.ntu.edu.tw/courses/114-2/71179
初級日文(二),劉慧玲,71180,TB10820043,TBFL38347,選修,,"一 6,7",TR-409-1,3 類,,2,,https://course.ntu.edu.tw/courses/114-2/71180
初級日文(二),劉慧玲,71181,TB10820043,TBFL38347,選修,,"四 6,7",TR-210,3 類,,2,,https://course.ntu.edu.tw/courses/114-2/71181
初級日文(二),王敏東,71182,TB10820043,TBFL38347,選修,,"三 6,7",T4-403,3 類,,2,,https://course.ntu.edu.tw/courses/114-2/71182
初級西班牙文(二),馮志宇,71183,TB10820044,TBFL38427,選修,,"五 1,2",TR-412-1,3 類,,2,,https://course.ntu.edu.tw/courses/114-2/71183
初級西班牙文(二),馮志宇,71184,TB10820044,TBFL38427,選修,,"五 6,7",TR-511,3 類,,2,,https://course.ntu.edu.tw/courses/114-2/71184
傳播技能,胡家紋,71270,TB10820050,TBMBG2143,選修,,"一 10,8,9",TR-209,3 類,,3,,https://course.ntu.edu.tw/courses/114-2/71270
物聯網導論,蔡佳倫,71287,TB10820054,TBMIG0023,選修,,"三 A,B,C",MA-303,3 類,,3,,https://course.ntu.edu.tw/courses/114-2/71287
時間管理,王淑俐,71330,TB10820059,TBTCG1013,選修,,"一 10,9",TR-409-2,3 類,,2,,https://course.ntu.edu.tw/courses/114-2/71330
電子商務與競爭法專題研究,劉華美,71405,TB10820061,TBTM62527,選修,,"一 2,3,4",TR-812,3 類,,3,,https://course.ntu.edu.tw/courses/114-2/71405
平台策略與創新,葉峻賓,71408,TB10820062,TBTM63717,選修,,"二 6,7,8",TR-812,3 類,,3,,https://course.ntu.edu.tw/courses/114-2/71408
高分子導論,洪伯達,71410,TB10820063,TBTX16103,選修,,"二 10 / 四 6,7",,3 類,,3,,https://course.ntu.edu.tw/courses/114-2/71410
高分子導論,吳昌謀,71411,TB10820063,TBTX16103,選修,,"二 10 / 四 6,7",,3 類,,3,,https://course.ntu.edu.tw/courses/114-2/71411
類比積體電路設計與應用,鍾勇輝,71156,TB10820066,TBET46127,選修,,"三 6 / 四 6,7",,3 類,,3,,https://course.ntu.edu.tw/courses/114-2/71156
工程數學(二),方文賢,71152,TB10820072,TBET30023,選修,,"二 2,3 / 四 3",,3 類,,3,,https://course.ntu.edu.tw/courses/114-2/71152
資料視覺化理論與應用,廖崇智,71265,TB10820078,TBMB23047,選修,,"四 2,3,4",IB-410-1,3 類,,3,,https://course.ntu.edu.tw/courses/114-2/71265
敷地計畫,詹肇裕,71035,TB10820079,TBAD32033,選修,,"四 2,3,4",TR-510,3 類,,3,,https://course.ntu.edu.tw/courses/114-2/71035
全民國防教育軍事訓練－國際情勢,劉鐵軍,71013,TB10910001,TB3C20057,選修,,"三 8,9",TR-211,3 類,,0,,https://course.ntu.edu.tw/courses/114-2/71013
全民國防教育軍事訓練－國際情勢,劉鐵軍,71014,TB10910001,TB3C20057,選修,,"三 A,B",TR-211,3 類,,0,,https://course.ntu.edu.tw/courses/114-2/71014
拉丁美洲及拉美華人,周麟,71332,TB10910046,TBTCG1083,選修,,"四 10,9",IB-601-2,3 類,,2,,https://course.ntu.edu.tw/courses/114-2/71332
電力電子電路實務,林長華,71535,TB10910048,TBEE52177,選修,,"三 2,3,4",IB-608,3 類,,3,,https://course.ntu.edu.tw/courses/114-2/71535
或然率在工程上之應用,陳瑞華,71113,TB10920009,TBCT43097,選修,,"二 3,4 / 四 2",,3 類,,3,,https://course.ntu.edu.tw/courses/114-2/71113
色彩學在影像與照明產業之應用,陳鴻興,71150,TB10920014,TBEO52267,選修,,"二 6,7,8",IB-410-1,3 類,,3,,https://course.ntu.edu.tw/courses/114-2/71150
半導體雷射的原理與應用,林銘偉,71162,TB10920015,TBET57057,選修,,"四 6,7,8",IB-305,3 類,,3,,https://course.ntu.edu.tw/courses/114-2/71162
英語演講(二),Aaron,71445,TB10920020,TBFL20043,選修,,"四 8,9",RB-201,3 類,,2,,https://course.ntu.edu.tw/courses/114-2/71445
基礎口譯,陳安頎,71170,TB10920022,TBFL35167,選修,,"三 6,7,8",RB-301,3 類,,3,,https://course.ntu.edu.tw/courses/114-2/71170
英詩與語言藝術,卜莎娜,71187,TB10920025,TBFL39247,選修,,"三 6,7,8",RB-201,3 類,,3,,https://course.ntu.edu.tw/courses/114-2/71187
專利文件解讀,朱默庵,71227,TB10920030,TBIB20107,選修,,"一 2,3,4",TR-833,3 類,,3,,https://course.ntu.edu.tw/courses/114-2/71227
資安生活,莊祐軒,71288,TB10920036,TBMIG0063,選修,,"五 A,B,C",RB-508,3 類,,3,,https://course.ntu.edu.tw/courses/114-2/71288
社會創新,翁晶晶,71409,TB10920039,TBTM63727,選修,,"四 2,3,4",TR-812,3 類,,3,,https://course.ntu.edu.tw/courses/114-2/71409
3D立體顯示,陳建宇,71102,TB10920047,TBCI53287,選修,,"五 6,7,8",IB-610,3 類,,3,,https://course.ntu.edu.tw/courses/114-2/71102
電子學(二),林景源,71454,TB10920049,TBET21083,選修,,"一 6 / 三 6,7",,3 類,,3,,https://course.ntu.edu.tw/courses/114-2/71454
電子學實習(二),張佑丞,71456,TB10920050,TBET37073,選修,,"一 2,3,4",EE-701,3 類,,1,,https://course.ntu.edu.tw/courses/114-2/71456
有機化學(二),游進陽,71415,TB10920058,TBTX32137,選修,,"二 4 / 五 7,8",,3 類,,3,,https://course.ntu.edu.tw/courses/114-2/71415
生產管理,王孔政,71258,TB11010029,TBIM78017,選修,,"三 6,7,8",MA-417,3 類,,3,,https://course.ntu.edu.tw/courses/114-2/71258
國內外使節講座─從台科大看世界,周麟,71333,TB11010045,TBTCG1133,選修,,"四 6,7,8",AU-101,3 類,,2,,https://course.ntu.edu.tw/courses/114-2/71333
臺灣傳統社會的文化與生活,江志宏,71334,TB11010047,TBTCG1153,選修,,"三 10,9",TR-310-1,3 類,,2,,https://course.ntu.edu.tw/courses/114-2/71334
臺灣傳統社會的文化與生活,黃信洋,71335,TB11010047,TBTCG1153,選修,,"二 3,4",E1-306,3 類,,2,,https://course.ntu.edu.tw/courses/114-2/71335
臺灣傳統社會的文化與生活,黃信洋,71336,TB11010047,TBTCG1153,選修,,"四 8,9",TR-212,3 類,,2,,https://course.ntu.edu.tw/courses/114-2/71336
藝術治療初探,楊佳蓉,71337,TB11010048,TBTCG1163,選修,,"五 6,7",TR-210,3 類,,2,,https://course.ntu.edu.tw/courses/114-2/71337
性別、關係與個人發展,黃淑怡,71338,TB11010049,TBTCG1183,選修,,"三 3,4",TR-512,3 類,,2,,https://course.ntu.edu.tw/courses/114-2/71338
性別、關係與個人發展,黃淑怡,71339,TB11010049,TBTCG1183,選修,,"一 8,9",TR-413-1,3 類,,2,,https://course.ntu.edu.tw/courses/114-2/71339
證券管理,王耀華,71080,TB11010055,TBBA44097,選修,,"三 A,B,C",IB-501,3 類,,3,,https://course.ntu.edu.tw/courses/114-2/71080
先進積體電路佈局設計及實務,鍾勇輝,71460,TB11020019,TBET51287,選修,,"五 6,7,8",IB-509,3 類,,3,,https://course.ntu.edu.tw/courses/114-2/71460
會議口譯,陳安頎,71190,TB11020028,TBFL40217,選修,,"一 10,8,9",RB-301,3 類,,3,,https://course.ntu.edu.tw/courses/114-2/71190
計算機程式實習,羅士哲,71235,TB11020035,TBIM12023,選修,,"二 3,4",MA-215,3 類,,1,,https://course.ntu.edu.tw/courses/114-2/71235
計算機程式實習,楊朝龍,71236,TB11020035,TBIM12023,選修,,"四 8,9",MA-215,3 類,,1,,https://course.ntu.edu.tw/courses/114-2/71236
微積分(下),張益賓,71237,TB11020036,TBIM160B0,選修,,"三 10,8,9 / 四 6",,3 類,,3,,https://course.ntu.edu.tw/courses/114-2/71237
會計學,陳念平,71551,TB11020037,TBIM33093,選修,,"四 10,A,B",TR-409-2,3 類,,3,,https://course.ntu.edu.tw/courses/114-2/71551
生產與作業管理,歐陽超,71241,TB11020038,TBIM34073,選修,,"三 2,3,4",MA-010,3 類,,3,,https://course.ntu.edu.tw/courses/114-2/71241
生產與作業管理,郭人介,71242,TB11020038,TBIM34073,選修,,"三 2,3,4",MA-101,3 類,,3,,https://course.ntu.edu.tw/courses/114-2/71242
作業研究(二),喻奉天,71243,TB11020039,TBIM41043,選修,,"四 2,3,4",MA-101,3 類,,3,,https://course.ntu.edu.tw/courses/114-2/71243
作業研究(二),郭伯勳,71244,TB11020039,TBIM41043,選修,,"四 2,3,4",MA-010,3 類,,3,,https://course.ntu.edu.tw/courses/114-2/71244
管樂合奏（二）,林祐生,71340,TB11020047,TBTCG1193,選修,,"一 B,C",E2-102,3 類,,2,,https://course.ntu.edu.tw/courses/114-2/71340
永續發展與社會(二),黃淑怡,71341,TB11020049,TBTCG1213,選修,,"二 6,7",TR-617,3 類,,2,,https://course.ntu.edu.tw/courses/114-2/71341
永續發展與社會(二),黃淑怡,71342,TB11020049,TBTCG1213,選修,,"一 3,4",TR-510,3 類,,2,,https://course.ntu.edu.tw/courses/114-2/71342
數位內容設計,高宜敏,71434,TB11020054,TBVE57087,選修,,"二 7,8,9",T4-401-1,3 類,,3,,https://course.ntu.edu.tw/courses/114-2/71434
數位邏輯設計,林敬舜,71455,TB11020056,TBET33053,選修,,"二 4 / 三 6,7",,3 類,,3,,https://course.ntu.edu.tw/courses/114-2/71455
數位邏輯設計,林昌鴻,71493,TB11020056,TBET33053,選修,,"二 3,4 / 三 6",,3 類,,3,,https://course.ntu.edu.tw/courses/114-2/71493
數位邏輯設計實習,林敬舜,71457,TB11020057,TBET38063,選修,,"一 10,8,9",T2-511,3 類,,1,,https://course.ntu.edu.tw/courses/114-2/71457
數位邏輯設計實習,林昌鴻,71458,TB11020057,TBET38063,選修,,"五 6,7,8",T2-511,3 類,,1,,https://course.ntu.edu.tw/courses/114-2/71458
創意思考,項維欣,71264,TB11020059,TBMB21057,選修,,"二 6,7,8",TR-513,3 類,,3,,https://course.ntu.edu.tw/courses/114-2/71264
建築設計(六),王裕華,71542,TB11020061,TBAD30023,選修,,"三 2,3,4,5,6,7 / 五 6,7,8,9",,3 類,,6,,https://course.ntu.edu.tw/courses/114-2/71542
通訊系統(一),王煥宗,71154,TB11020064,TBET40067,選修,,"四 4 / 五 6,7",,3 類,,3,,https://course.ntu.edu.tw/courses/114-2/71154
通訊系統(一),王煥宗,71441,TB11020064,TBET40067,選修,,"三 7 / 四 6,7",,3 類,,3,,https://course.ntu.edu.tw/courses/114-2/71441
聊天機器人與文化探索,陳錦瑜,71343,TB11110024,TBTCG1233,,,"二 10,9",TR-612,3 類,,2,,https://course.ntu.edu.tw/courses/114-2/71343
國際文化交流實務,王瑩,71344,TB11110025,TBTCG1243,選修,,"四 10,9",IB-607,3 類,,2,,https://course.ntu.edu.tw/courses/114-2/71344
資訊素養與媒體識讀,洪秀錦,71345,TB11110026,TBTCG1263,,,"三 3,4",TR-411,3 類,,2,,https://course.ntu.edu.tw/courses/114-2/71345
資訊素養與媒體識讀,洪秀錦,71346,TB11110026,TBTCG1263,,,"三 10,9",TR-514,3 類,,2,,https://course.ntu.edu.tw/courses/114-2/71346
中醫學概論,彭溫雅,71347,TB11110027,TBTCG1273,,,"三 1,2",TR-409-1,3 類,,2,,https://course.ntu.edu.tw/courses/114-2/71347
企業投資分析,曾凱逸,71266,TB11110045,TBMB26027,選修,,"五 2,3,4",TR-511,3 類,,3,,https://course.ntu.edu.tw/courses/114-2/71266
國際企業概論,洪東敏,71072,TB11120005,TBBA19007,選修,,"二 6,7,8",TR-413-1,3 類,,3,,https://course.ntu.edu.tw/courses/114-2/71072
計算機科學導論,林敬舜,71151,TB11120016,TBET24007,選修,,"一 6,7 / 二 1",,3 類,,3,,https://course.ntu.edu.tw/courses/114-2/71151
數位信號處理之原理與應用,李佩君,71155,TB11120017,TBET44097,選修,,"一 3,4 / 二 7",,3 類,,3,,https://course.ntu.edu.tw/courses/114-2/71155
科技新創企業財務個案,林俊一,71166,TB11120022,TBFB35037,選修,,"四 6,7,8",IB-607,3 類,,3,,https://course.ntu.edu.tw/courses/114-2/71166
觀光泰語與文化,白桂英,71444,TB11120027,TBFE23117,選修,,"五 8,9",T4-405,3 類,,2,,https://course.ntu.edu.tw/courses/114-2/71444
美國文學,林家欣,71550,TB11120033,TBFL39227,選修,,"四 6,7,8",華夏恆毅樓D305,3 類,,3,,https://course.ntu.edu.tw/courses/114-2/71550
計量管理,林希偉,71250,TB11120044,TBIM51087,選修,,"五 6,7,8",MA-101,3 類,,3,,https://course.ntu.edu.tw/courses/114-2/71250
混合電路設計與實作,吳國彰,71273,TB11120047,TBME25017,選修,,"一 7,8,9",公館校區B棟,3 類,,3,,https://course.ntu.edu.tw/courses/114-2/71273
工業機械手臂操作與程式設計實習,吳國彰,71276,TB11120048,TBME36173,選修,,"二 6,7,8",公館校區B棟,3 類,,1,,https://course.ntu.edu.tw/courses/114-2/71276
機器人技術與實作,吳國彰,71278,TB11120049,TBME42177,選修,,"三 2,3,4",公館校區B棟,3 類,,3,,https://course.ntu.edu.tw/courses/114-2/71278
STREAM導論,許碩驛,71348,TB11120055,TBTCG1313,,,"三 6,7,8",TR-210,3 類,,3,,https://course.ntu.edu.tw/courses/114-2/71348
配色的基礎與實踐,陳鴻興,71349,TB11120058,TBTCG1343,,,"四 10,9",TR-509,3 類,,2,,https://course.ntu.edu.tw/courses/114-2/71349
材料工程校外實習(二),林子仁,71412,TB11120059,TBTX24013,選修,,"一 1 / 五 1,2,3,4,5,6,7,8,9",,3 類,,9,,https://course.ntu.edu.tw/courses/114-2/71412
材料動力學與相變化,郭東昊,71416,TB11120061,TBTX33103,選修,,"二 2 / 五 3,4",,3 類,,3,,https://course.ntu.edu.tw/courses/114-2/71416
材料動力學與相變化,梁鍵隴,71417,TB11120061,TBTX33103,選修,,"二 2 / 五 3,4",,3 類,,3,,https://course.ntu.edu.tw/courses/114-2/71417
材料分析,陳詩芸,71421,TB11120062,TBTX41153,選修,,"三 2 / 四 6,7",,3 類,,3,,https://course.ntu.edu.tw/courses/114-2/71421
材料分析,施劭儒,71422,TB11120062,TBTX41153,選修,,"三 2 / 四 6,7",,3 類,,3,,https://course.ntu.edu.tw/courses/114-2/71422
實務專題(下),,71427,TB11120063,TBTX499B0,選修,,,,3 類,,2,,https://course.ntu.edu.tw/courses/114-2/71427
高等高分子化學,陳志堅,71429,TB11120064,TBTX50237,選修,,"四 2,3,4",TR-512,3 類,,3,,https://course.ntu.edu.tw/courses/114-2/71429
有機半導體材料,羅承慈,71430,TB11120065,TBTX50287,選修,,"二 2,3,4",TR-614,3 類,,3,,https://course.ntu.edu.tw/courses/114-2/71430
微波耦合線電路及應用,馬自莊,71546,TB11120073,TBEE50317,選修,,"四 6,7,8",華夏恆毅樓D302,3 類,,3,,https://course.ntu.edu.tw/courses/114-2/71546
文化遺產與永續發展,林宜珍,71350,TB11120078,TBTCG1363,,,"三 8,9",TR-611,3 類,,2,,https://course.ntu.edu.tw/courses/114-2/71350
文化遺產與永續發展,林宜珍,71351,TB11120078,TBTCG1363,,,"三 3,4",TR-511,3 類,,2,,https://course.ntu.edu.tw/courses/114-2/71351
語言應用與專業溝通：理論與實務,駱藝瑄,71192,TB11120086,TBFL52567,選修,,"四 2,3,4",T4-407,3 類,,3,,https://course.ntu.edu.tw/courses/114-2/71192
電磁學,李仰淳,71568,TB11120088,TBET31033,選修,,"二 3 / 五 3,4",,3 類,,3,,https://course.ntu.edu.tw/courses/114-2/71568
進階電腦視覺與機器學習,王靖維,71094,TB11210006,TBBE50487,選修,,"四 2,3,4",TR-836,3 類,,3,,https://course.ntu.edu.tw/courses/114-2/71094
智慧財產實戰策略,白江泰,71232,TB11210023,TBIBG0093,選修,,"二 8,9",IB-401,3 類,,2,,https://course.ntu.edu.tw/courses/114-2/71232
使用性分析,林久翔,71251,TB11210024,TBIM51137,選修,,"一 2,3,4",MA-101,3 類,,3,,https://course.ntu.edu.tw/courses/114-2/71251
地緣政治與企業經營策略,吳又茗,71084,TB11220003,TBBA58027,選修,,"二 5,6,7",TR-413-2,3 類,,3,,https://course.ntu.edu.tw/courses/114-2/71084
電腦網路概論,吳瑞瑜,71137,TB11220009,TBEC10147,選修,,"四 2 / 五 8,9",,3 類,,3,,https://course.ntu.edu.tw/courses/114-2/71137
物理(下),項人宗,71139,TB11220010,TBEC163B0,選修,,"二 2,A / 四 3,4",,3 類,,3,,https://course.ntu.edu.tw/courses/114-2/71139
數位影像處理概論,林益如,71440,TB11220011,TBET32027,選修,,"二 6,7 / 三 2",,3 類,,3,,https://course.ntu.edu.tw/courses/114-2/71440
數位信號處理實習,李佩君,71157,TB11220013,TBET48003,選修,,"二 10,8,9",T2-511,3 類,,1,,https://course.ntu.edu.tw/courses/114-2/71157
電子實務專題(下),,71459,TB11220014,TBET490B0,選修,,,,3 類,,2,,https://course.ntu.edu.tw/courses/114-2/71459
統計學(下),林清珮,71443,TB11220015,TBFB270B5,選修,,"一 6,7,8",華夏中正堂A304,3 類,,3,,https://course.ntu.edu.tw/courses/114-2/71443
進階法文(二),陳宜君,71175,TB11220021,TBFL38147,選修,,"二 8,9",TR-411,3 類,,2,,https://course.ntu.edu.tw/courses/114-2/71175
初級法文(二),陳宜君,71185,TB11220022,TBFL38477,選修,,"一 6,7",TR-510,3 類,,2,,https://course.ntu.edu.tw/courses/114-2/71185
初級法文(二),陳宜君,71186,TB11220022,TBFL38477,選修,,"一 8,9",TR-510,3 類,,2,,https://course.ntu.edu.tw/courses/114-2/71186
跨媒介敘事:文學、電影、電視與遊戲,Aaron,71188,TB11220023,TBFL39297,選修,,"三 2,3,4",RB-201,3 類,,3,,https://course.ntu.edu.tw/courses/114-2/71188
創意行銷,張恩欣,71261,TB11220035,TBMA51057,選修,,"一 2,3,4",TR-514,3 類,,3,,https://course.ntu.edu.tw/courses/114-2/71261
電子商務與數位行銷,張恩欣,71263,TB11220037,TBMA87067,選修,,"四 6,7,8",TR-209,3 類,,3,,https://course.ntu.edu.tw/courses/114-2/71263
城南小旅行,黃信洋,71355,TB11220043,TBTCG1463,,,"四 6,7",TR-212,3 類,,2,,https://course.ntu.edu.tw/courses/114-2/71355
時尚設計繪畫,鄒家鈺,71356,TB11220045,TBTCG1483,選修,,"三 1,2",EE-311,3 類,,2,,https://course.ntu.edu.tw/courses/114-2/71356
時尚設計繪畫,鄒家鈺,71357,TB11220045,TBTCG1483,選修,,"一 6,7",TR-210,3 類,,2,,https://course.ntu.edu.tw/courses/114-2/71357
時尚服裝造型與配件精品設計,鄒家鈺,71358,TB11220046,TBTCG1493,選修,,"一 8,9",TR-210,3 類,,2,,https://course.ntu.edu.tw/courses/114-2/71358
時尚服裝造型與配件精品設計,鄒家鈺,71359,TB11220046,TBTCG1493,選修,,"二 1,2",TR-610,3 類,,2,,https://course.ntu.edu.tw/courses/114-2/71359
時代與妝扮美學,石美芳,71360,TB11220048,TBTCG1513,選修,,"四 6,7",TR-411,3 類,,2,,https://course.ntu.edu.tw/courses/114-2/71360
時代與妝扮美學,石美芳,71361,TB11220048,TBTCG1513,選修,,"四 8,9",TR-411,3 類,,2,,https://course.ntu.edu.tw/courses/114-2/71361
研發與專案管理,黃啟祐,71402,TB11220050,TBTM56097,選修,,"一 6,7,8",TR-812,3 類,,3,,https://course.ntu.edu.tw/courses/114-2/71402
人工智慧與商業分析,黃啟祐,71403,TB11220051,TBTM56107,選修,,"三 10,8,9",TR-812,3 類,,3,,https://course.ntu.edu.tw/courses/114-2/71403
經濟學(下),紀舒哲,71066,TB11220057,TBBA130B0,選修,,"三 6,7,8",華夏恆毅樓D507,3 類,,3,,https://course.ntu.edu.tw/courses/114-2/71066
經濟學(下),紀舒哲,71067,TB11220057,TBBA130B0,選修,,"三 2,3,4",華夏恆毅樓D507,3 類,,3,,https://course.ntu.edu.tw/courses/114-2/71067
微積分,王聖淵,71071,TB11220058,TBBA16013,選修,,"二 10,8,9 / 四 6",,3 類,,3,,https://course.ntu.edu.tw/courses/114-2/71071
統計學(下),林清珮,71514,TB11220059,TBBA305B0,選修,,"二 2,3,4",RB-510,3 類,,3,,https://course.ntu.edu.tw/courses/114-2/71514
人力資源管理,黃美慈,71566,TB11220070,TBBA32093,選修,,"四 10,8,9",MA-405,3 類,,3,,https://course.ntu.edu.tw/courses/114-2/71566
神經科學與生活,趙國芳,71226,TB11310021,TBGE39343,選修,,"五 1,2",TR-516,3 類,,2,,https://course.ntu.edu.tw/courses/114-2/71226
區塊鏈與加密貨幣,林昌碩,71269,TB11310025,TBMB27087,選修,,"一 10,8,9",RB-510,3 類,,3,,https://course.ntu.edu.tw/courses/114-2/71269
產業永續發展特論,宮輔辰,71284,TB11310030,TBME53587,選修,,"五 6,7,8",TR-214,3 類,,3,,https://course.ntu.edu.tw/courses/114-2/71284
慢城南的漫書寫,許碩驛,71362,TB11310032,TBTCG1543,,,"四 10,9",TR-609,3 類,,2,,https://course.ntu.edu.tw/courses/114-2/71362
西方古典建築與永續發展,陳薏如,71363,TB11310033,TBTCG1563,選修,,"二 1,2",TR-611,3 類,,2,,https://course.ntu.edu.tw/courses/114-2/71363
西方古典建築與永續發展,陳薏如,71364,TB11310033,TBTCG1563,選修,,"二 3,4",TR-611,3 類,,2,,https://course.ntu.edu.tw/courses/114-2/71364
近代建築藝術源流,陳薏如,71365,TB11310034,TBTCG1573,選修,,"五 1,2",TR-613,3 類,,2,,https://course.ntu.edu.tw/courses/114-2/71365
旅遊與生活,隋風銘,71366,TB11310035,TBTCG1583,選修,,"二 1,2",TR-411,3 類,,2,,https://course.ntu.edu.tw/courses/114-2/71366
旅遊與生活,隋風銘,71367,TB11310035,TBTCG1583,選修,,"四 8,9",TR-512,3 類,,2,,https://course.ntu.edu.tw/courses/114-2/71367
創新與創業,隋風銘,71368,TB11310036,TBTCG1593,選修,,"二 6,7",TR-211,3 類,,2,,https://course.ntu.edu.tw/courses/114-2/71368
創新與創業,隋風銘,71369,TB11310036,TBTCG1593,選修,,"二 8,9",TR-211,3 類,,2,,https://course.ntu.edu.tw/courses/114-2/71369
養生概論暨經絡保健,高瑞雲,71370,TB11310037,TBTCG1613,選修,,"一 1,2",E1-306,3 類,,2,,https://course.ntu.edu.tw/courses/114-2/71370
養生概論暨經絡保健,高瑞雲,71371,TB11310037,TBTCG1613,選修,,"一 3,4",E1-306,3 類,,2,,https://course.ntu.edu.tw/courses/114-2/71371
樂齡與芳香療法,高瑞雲,71372,TB11310038,TBTCG1623,選修,,"四 1,2",TR-211,3 類,,2,,https://course.ntu.edu.tw/courses/114-2/71372
樂齡與芳香療法,高瑞雲,71373,TB11310038,TBTCG1623,選修,,"四 3,4",TR-211,3 類,,2,,https://course.ntu.edu.tw/courses/114-2/71373
室內設計應用與實務,李佳玫,71026,TB11320001,TBAD26087,選修,,"五 10,8,9",T4-404,3 類,,3,,https://course.ntu.edu.tw/courses/114-2/71026
人工智慧之建築實務應用,陳彥宏,71049,TB11320004,TBAD52477,選修,,"四 A,B,C",RB-508,3 類,,3,,https://course.ntu.edu.tw/courses/114-2/71049
話．畫建築與設計表現,陳修兀,71056,TB11320006,TBADG0253,選修,,"三 3,4",TR-410,3 類,,2,,https://course.ntu.edu.tw/courses/114-2/71056
永續發展概論,胡家紋,71065,TB11320008,TBATG0023,選修,,"一 6,7",TR-209,3 類,,2,,https://course.ntu.edu.tw/courses/114-2/71065
商業文書軟體進階應用,林孟彥,71068,TB11320009,TBBA15237,選修,,"六 2,3,4",,3 類,,,,https://course.ntu.edu.tw/courses/114-2/71068
商業簡報之進階應用,林孟彥,71070,TB11320010,TBBA15257,選修,,"五 A,B,C",MA-519,3 類,,,,https://course.ntu.edu.tw/courses/114-2/71070
貨幣銀行學,林清珮,71076,TB11320012,TBBA34107,選修,,"五 2,3,4",IB-509,3 類,,3,,https://course.ntu.edu.tw/courses/114-2/71076
生理學,稅?靄,71088,TB11320015,TBBE50123,選修,,"四 A,B,C",TR-310-1,3 類,,3,,https://course.ntu.edu.tw/courses/114-2/71088
電子影像傳輸與互動,溫照華,71100,TB11320016,TBCI52337,選修,,"一 2,3,4",TR-610,3 類,,3,,https://course.ntu.edu.tw/courses/114-2/71100
彩色材料之光學特性與應用,溫照華,71101,TB11320017,TBCI53187,選修,,"三 6,7,8",華夏恆毅樓D406,3 類,,3,,https://course.ntu.edu.tw/courses/114-2/71101
隱私資訊安全,王紹睿,71112,TB11320019,TBCS51647,選修,,"四 6,7,8",TR-409-1,3 類,,3,,https://course.ntu.edu.tw/courses/114-2/71112
造型雕塑設計,杜亞倫,71132,TB11320026,TBDTG0093,選修,,"二 8,9",TR-412-1,3 類,,2,,https://course.ntu.edu.tw/courses/114-2/71132
3D玩創意,曹陶甬,71133,TB11320027,TBDTG0103,選修,,"二 8,9",RB-508,3 類,,2,,https://course.ntu.edu.tw/courses/114-2/71133
UE5 虛擬場景設計與應用,曹陶甬,71134,TB11320028,TBDTG0113,選修,,"二 6,7",RB-508,3 類,,2,,https://course.ntu.edu.tw/courses/114-2/71134
工業配電及設計(一),關錦龍,71589,TB11320030,TBEE42077,選修,,"五 2,3,4",華夏恆毅樓D507,3 類,,3,,https://course.ntu.edu.tw/courses/114-2/71589
工程數學(二),蘇裕軒,71274,TB11320039,TBME30027,選修,,"二 6,7 / 三 1,2",,3 類,,3,,https://course.ntu.edu.tw/courses/114-2/71274
電機機械,關錦龍,71275,TB11320040,TBME35067,選修,,"四 6,7,8",華夏機械館G202,3 類,,3,,https://course.ntu.edu.tw/courses/114-2/71275
車輛控制與駕駛輔助系統,陳亮光,71277,TB11320041,TBME36217,選修,,"二 2,3,4",TR-212,3 類,,3,,https://course.ntu.edu.tw/courses/114-2/71277
光學工程與設計,林鼎晸,71283,TB11320042,TBME52207,選修,,"五 6,7,8",E1-245,3 類,,3,,https://course.ntu.edu.tw/courses/114-2/71283
決策程序與密碼驗證應用,蔡明憲,71286,TB11320043,TBMI53167,選修,,"二 6,7,8",TR-611,3 類,,3,,https://course.ntu.edu.tw/courses/114-2/71286
電影與精神疾病,徐昀,71374,TB11320048,TBTCG1673,,,"四 6,7",TR-211,3 類,,2,,https://course.ntu.edu.tw/courses/114-2/71374
年代美甲社會價值暨文化探討,高瑞雲,71375,TB11320049,TBTCG1693,,,"五 3,4",E1-306,3 類,,2,,https://course.ntu.edu.tw/courses/114-2/71375
跨文化永續設計與創新科技行動,翁楊絲,71437,TB11320052,TBVEG3093,選修,,"五 6,7",T4-405,3 類,,2,,https://course.ntu.edu.tw/courses/114-2/71437
高速光調制器半導體技術與應用,巫朝陽,71059,TB11320058,TBAS50057,選修,,"三 2,3,4",華夏恆毅樓D405,3 類,,3,,https://course.ntu.edu.tw/courses/114-2/71059
共同封裝光學半導體技術與應用,巫朝陽,71060,TB11320059,TBAS50067,選修,,"五 2,3,4",華夏恆毅樓D402,3 類,,3,,https://course.ntu.edu.tw/courses/114-2/71060
光電信號數據分析與處理,楊淳良,71061,TB11320060,TBAS50077,選修,,"二 6,7,8",華夏恆毅樓D402,3 類,,3,,https://course.ntu.edu.tw/courses/114-2/71061
機器學習暨金融應用,周志隆,71446,TB11320065,TBFN53107,選修,,"二 2,3,4",IB-504,3 類,,3,,https://course.ntu.edu.tw/courses/114-2/71446
藥物研發趨勢,李典璋,71095,TB11320066,TBBE50727,選修,,"一 3,4",,3 類,,2,,https://course.ntu.edu.tw/courses/114-2/71095
使用者導向創新設計,唐玄輝,71125,TB11320075,TBDT50167,選修,,"三 2,3,4",E2-324,3 類,,3,,https://course.ntu.edu.tw/courses/114-2/71125
金融機構管理,薛博今,71504,TB11320078,TBFN51187,選修,,"一 6,7,8",IB-504,3 類,,3,,https://course.ntu.edu.tw/courses/114-2/71504
多變量分析,李強笙,71253,TB11320079,TBIM61077,選修,,"四 2,3,4",MA-417,3 類,,3,,https://course.ntu.edu.tw/courses/114-2/71253
線性代數,周詩梵,71537,TB11320091,TBCS10063,選修,,"一 3,4 / 四 2",,3 類,,3,,https://course.ntu.edu.tw/courses/114-2/71537
運動生物力學,林儀佳,71543,TB11320095,TBAI60477,選修,,"五 6,7,8",TR-610,3 類,,3,,https://course.ntu.edu.tw/courses/114-2/71543
醫療器材認證與評估,林上智,71092,TB11410010,TBBE50347,選修,,"五 6,7,8",TR-616,3 類,,3,,https://course.ntu.edu.tw/courses/114-2/71092
角色與場景設計,杜亞倫,71135,TB11410018,TBDTG0123,選修,,"三 6,7",TR-509,3 類,,2,,https://course.ntu.edu.tw/courses/114-2/71135
公仔雕塑,杜亞倫,71136,TB11410019,TBDTG0133,選修,,"三 8,9",TR-509,3 類,,2,,https://course.ntu.edu.tw/courses/114-2/71136
聲動溝通：用新媒體敘事,蔡宜穎,71217,TB11410024,TBGE37323,選修,,"四 6,7",T4-301,3 類,,2,,https://course.ntu.edu.tw/courses/114-2/71217
親密關係暴力事件案例探討,林麗燕,71378,TB11410041,TBTCG1733,,,"二 1,2",TR-609,3 類,,2,,https://course.ntu.edu.tw/courses/114-2/71378
技術與社會：從理論框架到永續實踐,洪秀錦,71379,TB11410043,TBTCG1753,,,"四 6,7",TR-413-2,3 類,,2,,https://course.ntu.edu.tw/courses/114-2/71379
技術與社會：從理論框架到永續實踐,洪秀錦,71380,TB11410043,TBTCG1753,,,"四 10,9",TR-617,3 類,,2,,https://course.ntu.edu.tw/courses/114-2/71380
舊城南裡究電影,許碩驛,71381,TB11410044,TBTCG1773,,,"三 10,9",TR-209,3 類,,2,,https://course.ntu.edu.tw/courses/114-2/71381
自然療法與食療,陳美均,71382,TB11410045,TBTCG1783,選修,,"三 10,9",華夏營管大樓K502,3 類,,2,,https://course.ntu.edu.tw/courses/114-2/71382
自然療法與食療,陳美均,71383,TB11410045,TBTCG1783,選修,,"五 6,7",TR-409-2,3 類,,2,,https://course.ntu.edu.tw/courses/114-2/71383
彩繪圖案設計與生活應用,陳美均,71384,TB11410046,TBTCG1803,選修,,"五 8,9",TR-409-2,3 類,,2,,https://course.ntu.edu.tw/courses/114-2/71384
台灣古蹟建築入門,陳薏如,71385,TB11410047,TBTCG1813,,,"五 3,4",TR-613,3 類,,2,,https://course.ntu.edu.tw/courses/114-2/71385
台灣古蹟建築入門,陳薏如,71386,TB11410047,TBTCG1813,,,"五 8,9",E1-306,3 類,,2,,https://course.ntu.edu.tw/courses/114-2/71386
台灣傳統建築形式與作法,陳薏如,71387,TB11410048,TBTCG1823,選修,,"一 6,7",TR-211,3 類,,2,,https://course.ntu.edu.tw/courses/114-2/71387
台灣傳統建築形式與作法,陳薏如,71388,TB11410048,TBTCG1823,選修,,"一 8,9",TR-211,3 類,,2,,https://course.ntu.edu.tw/courses/114-2/71388
原住民美學及藝術策展實踐,曾瓊慧,71389,TB11410049,TBTCG1833,,,"一 10,9",TR-511,3 類,,2,,https://course.ntu.edu.tw/courses/114-2/71389
職場倫理,隋風銘,71390,TB11410050,TBTCG1843,選修,,"五 1,2",T4-302,3 類,,2,,https://course.ntu.edu.tw/courses/114-2/71390
職場倫理,隋風銘,71391,TB11410050,TBTCG1843,選修,,"五 3,4",T4-302,3 類,,2,,https://course.ntu.edu.tw/courses/114-2/71391
元宇宙中的訪談與助人實作,葉北辰,71392,TB11410051,TBTCG1863,,,"一 3,4",TR-209,3 類,,2,,https://course.ntu.edu.tw/courses/114-2/71392
原住民族文化資產與藝術實踐,簡志霖,71393,TB11410053,TBTCG1883,,,"二 10,9",TR-210,3 類,,2,,https://course.ntu.edu.tw/courses/114-2/71393
USR永續發展導論,王瑩,71394,TB11410054,TBTCG1893,,,"二 10,8,9",IB-408,3 類,,3,,https://course.ntu.edu.tw/courses/114-2/71394
BIM建築資訊系統應用,施宣光,71046,TB11420001,TBAD51477,選修,,"五 10,8,9",RB-508,3 類,,3,,https://course.ntu.edu.tw/courses/114-2/71046
建築物理環境專論,鄭政利,71052,TB11420002,TBAD54097,選修,,"二 6,7,8",TR-310-2,3 類,,3,,https://course.ntu.edu.tw/courses/114-2/71052
無礙環境改造概論,吳啟哲,71057,TB11420003,TBADG0273,選修,,"五 3,4",TR-510,3 類,,2,,https://course.ntu.edu.tw/courses/114-2/71057
居家生活減碳淺談,吳啟哲,71058,TB11420004,TBADG0283,選修,,"四 10,9",TR-616,3 類,,2,,https://course.ntu.edu.tw/courses/114-2/71058
數據通訊之光子積體電路,楊淳良,71062,TB11420005,TBAS50137,選修,,"三 6,7,8",華夏恆毅樓D403,3 類,,3,,https://course.ntu.edu.tw/courses/114-2/71062
二維硫硒碲族半導體材料特性分析,王逸平,71063,TB11420006,TBAS50147,選修,,"五 6,7,8",華夏恆毅樓D405,3 類,,3,,https://course.ntu.edu.tw/courses/114-2/71063
光譜特性分析之邊緣AI模型部署,王逸平,71064,TB11420007,TBAS50157,選修,,"四 6,7,8",華夏恆毅樓D406,3 類,,3,,https://course.ntu.edu.tw/courses/114-2/71064
商業試算表進階應用,林孟彥,71069,TB11420008,TBBA15247,選修,,"六 2,3,4",,3 類,,,,https://course.ntu.edu.tw/courses/114-2/71069
企業分析與診斷,許奉文,71081,TB11420009,TBBA45037,選修,,"三 6,7,8",T3-303,3 類,,3,,https://course.ntu.edu.tw/courses/114-2/71081
行銷與人工智慧之應用,吳克振,71082,TB11420010,TBBA53097,選修,,"五 2,3,4",MA-405,3 類,,3,,https://course.ntu.edu.tw/courses/114-2/71082
色彩及影像實作技術,孫沛立,71103,TB11420014,TBCI53297,選修,,"二 2,3,4",RB-508,3 類,,3,,https://course.ntu.edu.tw/courses/114-2/71103
彩色影像複製系統,胡國瑞,71108,TB11420015,TBCI53457,選修,,"五 2,3,4",IB-304,3 類,,3,,https://course.ntu.edu.tw/courses/114-2/71108
大型語言模型與生成式AI應用,曾吉弘,71110,TB11420016,TBCS30557,選修,,"二 2,3,4",華夏恆毅樓D205,3 類,,3,,https://course.ntu.edu.tw/courses/114-2/71110
AI影像辨識入門與實作,孫沛立,71120,TB11420017,TBCX40267,選修,,"三 6,7,8",TR-615,3 類,,3,,https://course.ntu.edu.tw/courses/114-2/71120
使用者需求探索實務,唐玄輝,71124,TB11420018,TBDT36527,選修,,"一 2,3,4",E2-324,3 類,,3,,https://course.ntu.edu.tw/courses/114-2/71124
亞洲視覺設計趨勢與探索,李根在,71127,TB11420019,TBDT56507,選修,,"二 2,3,4",RB-412,3 類,,3,,https://course.ntu.edu.tw/courses/114-2/71127
電資工程倫理與法律實務,吳瑞瑜,71140,TB11420020,TBEC30103,選修,,"二 3,4",IB-408,3 類,,2,,https://course.ntu.edu.tw/courses/114-2/71140
個人通訊網路,陳俊良,71142,TB11420021,TBEE51067,選修,,"四 2,3,4",IB-609,3 類,,3,,https://course.ntu.edu.tw/courses/114-2/71142
加密資產法規與應用,王宏瑞,71164,TB11420023,TBFB29007,選修,,"五 A,B,C",IB-306,3 類,,3,,https://course.ntu.edu.tw/courses/114-2/71164
金融科技創新與應用設計,周志隆,71165,TB11420024,TBFB29757,選修,,"五 6,7,8",IB-510-2,3 類,,3,,https://course.ntu.edu.tw/courses/114-2/71165
會展英文,洪倩文,71167,TB11420025,TBFL20167,選修,,"四 2,3,4",華夏恆毅樓D403,3 類,,3,,https://course.ntu.edu.tw/courses/114-2/71167
語料庫研究,王世平,71171,TB11420026,TBFL36297,選修,,"二 10,8,9",T4-302,3 類,,3,,https://course.ntu.edu.tw/courses/114-2/71171
法入家門—婚姻、家庭與繼承,鍾鳳玲,71199,TB11420027,TBGE36543,選修,,"五 8,9",TR-510,3 類,,2,,https://course.ntu.edu.tw/courses/114-2/71199
永續發展與智慧財產權,陳怡婷,71230,TB11420028,TBIB20527,選修,,"五 6,7,8",TR-833,3 類,,3,,https://course.ntu.edu.tw/courses/114-2/71230
存貨理論,李強笙,71240,TB11420029,TBIM31217,選修,,"三 2,3,4",MA-419,3 類,,3,,https://course.ntu.edu.tw/courses/114-2/71240
電子商務,RENAN,71247,TB11420030,TBIM46217,選修,,"二 6,7,8",IB-308,3 類,,3,,https://course.ntu.edu.tw/courses/114-2/71247
類神經網路,水谷英,71254,TB11420031,TBIM65117,選修,,"五 6,7,8",MA-417,3 類,,3,,https://course.ntu.edu.tw/courses/114-2/71254
隨機過程,郭伯勳,71255,TB11420032,TBIM71027,選修,,"三 2,3,4",MA-417,3 類,,3,,https://course.ntu.edu.tw/courses/114-2/71255
大數據分析,何建韋,71260,TB11420033,TBMA51017,選修,,"五 2,3,4",TR-509,3 類,,3,,https://course.ntu.edu.tw/courses/114-2/71260
企業社會責任,何建韋,71262,TB11420034,TBMA53047,選修,,"五 6,7,8",TR-509,3 類,,3,,https://course.ntu.edu.tw/courses/114-2/71262
地方創生管理實務,楊傳凱,71271,TB11420035,TBMBG2193,選修,,"二 A,B",IB-306,3 類,,2,,https://course.ntu.edu.tw/courses/114-2/71271
連體力學,蘇裕軒,71281,TB11420036,TBME51087,選修,,"一 6,7,8",TR-515,3 類,,3,,https://course.ntu.edu.tw/courses/114-2/71281
國際專利法公約,白江泰,71290,TB11420037,TBPA51177,選修,,"一 6,7,8",TR-829,3 類,,3,,https://course.ntu.edu.tw/courses/114-2/71290
博物館與城市文化,林宜珍,71376,TB11420038,TBTCG1703,,,"四 3,4",TR-617,3 類,,2,,https://course.ntu.edu.tw/courses/114-2/71376
彩繪城南文化：創意療癒水彩,鄒家鈺,71395,TB11420039,TBTCG1903,,,"二 3,4",TR-610,3 類,,2,,https://course.ntu.edu.tw/courses/114-2/71395
彩繪城南文化：創意療癒水彩,鄒家鈺,71396,TB11420039,TBTCG1903,,,"三 3,4",EE-311,3 類,,2,,https://course.ntu.edu.tw/courses/114-2/71396
校園霸凌與性別事件案例研析,林麗燕,71397,TB11420040,TBTCG1913,選修,,"四 1,2",TR-310-1,3 類,,2,,https://course.ntu.edu.tw/courses/114-2/71397
電子構裝技術概論與先進構裝技術,顏怡文,71423,TB11420043,TBTX42267,選修,,"二 7 / 五 6,7",,3 類,,3,,https://course.ntu.edu.tw/courses/114-2/71423
天然功能性分子與生物3D列印,黃欣萍,71424,TB11420044,TBTX42287,選修,,"二 10,9 / 三 5",,3 類,,3,,https://course.ntu.edu.tw/courses/114-2/71424
幸福科學與數位社會情緒學習研究,翁楊絲,71436,TB11420045,TBVE59147,選修,,"四 6,7,8",華夏恆毅樓D607,3 類,,3,,https://course.ntu.edu.tw/courses/114-2/71436
光電半導體量測實習,李奎毅,71442,TB11420046,TBET48113,選修,,"三 10,8,9",IB-508,3 類,,1,,https://course.ntu.edu.tw/courses/114-2/71442
國際事務英文,Timoth,71488,TB11420049,TBFL20207,選修,,"三 2,3,4",IB-601-1,3 類,,3,,https://course.ntu.edu.tw/courses/114-2/71488
管理資訊系統,趙子欽,71492,TB11420050,TBBA39037,選修,,"五 2,3,4",IB-305,3 類,,3,,https://course.ntu.edu.tw/courses/114-2/71492
材料科學(二),鄧伊茹,71500,TB11420051,TBCE20103,選修,,"一 3,4 / 四 8",,3 類,,3,,https://course.ntu.edu.tw/courses/114-2/71500
投資與決策,黃裕鈞,71502,TB11420052,TBCT53067,選修,,"一 6,7,8",IB-307,3 類,,3,,https://course.ntu.edu.tw/courses/114-2/71502
邏輯合成與驗證,陳勇志,71503,TB11420053,TBEE54247,選修,,"一 2,3,4",IB-607,3 類,,3,,https://course.ntu.edu.tw/courses/114-2/71503
電子電路實習,林忠火,71518,TB11420054,TBEE37053,選修,,"五 10,8,9",T2-411,3 類,,1,,https://course.ntu.edu.tw/courses/114-2/71518
低功率積體電路與系統設計,盛鐸,71520,TB11420055,TBEE54307,選修,,"二 6,7,8",IB-602-1,3 類,,3,,https://course.ntu.edu.tw/courses/114-2/71520
電磁相容,王蒼容,71521,TB11420056,TBET55107,選修,,"三 2,3,4",IB-511-2,3 類,,3,,https://course.ntu.edu.tw/courses/114-2/71521
靜力學,汪向榮,71523,TB11420057,TBGD21033,選修,,"二 10,8,9",IB-305,3 類,,3,,https://course.ntu.edu.tw/courses/114-2/71523
數位媒體設計(二),蕭勝文,71534,TB11420058,TBDT36403,選修,,"二 6,7,8",RB-403,3 類,,3,,https://course.ntu.edu.tw/courses/114-2/71534
材料熱力學(二),王丞浩,71536,TB11420059,TBTX41233,選修,,"四 10,9 / 五 6",,3 類,,3,,https://course.ntu.edu.tw/courses/114-2/71536
電子電路,彭盛裕,71544,TB11420060,TBEE22183,選修,,"二 6,7 / 四 4",,3 類,,3,,https://course.ntu.edu.tw/courses/114-2/71544
電力電子模式與控制,黃健淳,71545,TB11420061,TBEE50087,選修,,"四 A,B,C",IB-305,3 類,,3,,https://course.ntu.edu.tw/courses/114-2/71545
切換式電源供應器設計實務,時立中,71547,TB11420062,TBEE50607,選修,,"三 A,B,C",IB-502,3 類,,3,,https://course.ntu.edu.tw/courses/114-2/71547
無線與行動網路概論,馮輝文,71556,TB11420063,TBCS30327,選修,,"一 6,7 / 三 2",,3 類,,3,,https://course.ntu.edu.tw/courses/114-2/71556
文字造形,施博瀚,71557,TB11420064,TBDT26033,選修,,"一 6,7,8",TR-509,3 類,,3,,https://course.ntu.edu.tw/courses/114-2/71557
實務專題(下),,71558,TB11420065,TBIM499B0,選修,,,,3 類,,2,,https://course.ntu.edu.tw/courses/114-2/71558
策略管理,張順教,71567,TB11420066,TBBA44107,選修,,"二 6,7,8",MA-405,3 類,,3,,https://course.ntu.edu.tw/courses/114-2/71567
電磁學,廖文照,71573,TB11420068,TBEE32013,選修,,"四 3 / 五 6,7",,3 類,,3,,https://course.ntu.edu.tw/courses/114-2/71573
FPGA系統設計與應用,廖裕評,71574,TB11420069,TBAC53187,選修,,"三 5,6,7",TR-310-2,3 類,,3,,https://course.ntu.edu.tw/courses/114-2/71574
計算機模擬,馮輝文,71575,TB11420070,TBCS50687,選修,,"一 2,3,4",T4-403,3 類,,3,,https://course.ntu.edu.tw/courses/114-2/71575
半導體智慧製造技術與應用,鄧志峰,71577,TB11420071,TBIM58077,選修,,"五 6,7,8",E2-102,3 類,,3,,https://course.ntu.edu.tw/courses/114-2/71577
數位電源設計,楊宗振,71595,TB11420075,TBES50157,選修,,"四 6,7,8",EE-103,3 類,,3,,https://course.ntu.edu.tw/courses/114-2/71595
專案管理,張智傑,71596,TB11420076,TBMB27123,選修,,"五 2,3,4",TR-411,3 類,,3,,https://course.ntu.edu.tw/courses/114-2/71596
移地學習（一）,袁千雯,59626,TBD5002,Z01U1020,必修,,,,2 類,,3,,https://course.ntu.edu.tw/courses/114-2/59626
移地學習（一）,黃書緯,20579,TBD5002,Z01U1020,必修,,,,2 類,,3,,https://course.ntu.edu.tw/courses/114-2/20579
移地學習（一）,李宗興,47674,TBD5002,Z01U1020,必修,,,,2 類,,3,,https://course.ntu.edu.tw/courses/114-2/47674
移地學習（一）,林經堯,47534,TBD5002,Z01U1020,必修,,,,2 類,,3,,https://course.ntu.edu.tw/courses/114-2/47534
移地學習（二）,袁千雯,30225,TBD5003,Z01U1030,必修,,,,2 類,,3,,https://course.ntu.edu.tw/courses/114-2/30225
移地學習（二）,黃書緯,12452,TBD5003,Z01U1030,必修,,,,2 類,,3,,https://course.ntu.edu.tw/courses/114-2/12452
移地學習（二）,李宗興,52233,TBD5003,Z01U1030,必修,,,,2 類,,3,,https://course.ntu.edu.tw/courses/114-2/52233
專題實作（一）,李宗興,14676,TBD5004,Z01U1040,必修,,,,2 類,,6,,https://course.ntu.edu.tw/courses/114-2/14676
專題實作（二）,袁千雯,16864,TBD5005,Z01U1050,必修,,,,2 類,,6,,https://course.ntu.edu.tw/courses/114-2/16864
AI賦能PBL：設計、研究與方法,林經堯,32388,TBD5007,Z01U1070,選修,,"二 7,8,9",卓R508,2 類,,3,,https://course.ntu.edu.tw/courses/114-2/32388
華語會話教學,蔡宜妮,12971,TCSL7202,146M0090,選修,,"四 6,7,8",博雅304,2 類,,3,,https://course.ntu.edu.tw/courses/114-2/12971
專題研究二,張莉萍,12002,TCSL7246,146M0530,選修,,,,2 類,,1,,https://course.ntu.edu.tw/courses/114-2/12002
服務學習甲,林雯玲,19915,Thea0006,109001G0,必修,,三 7,,3 類,,1,,https://course.ntu.edu.tw/courses/114-2/19915
服務學習乙,陳志峰,23983,Thea0007,109001H0,必修,,,,2 類,,1,,https://course.ntu.edu.tw/courses/114-2/23983
劇本導讀,謝筱玫,21978,Thea1002,10910200,必帶,,"五 3,4,5",總一館108,2 類,,3,,https://course.ntu.edu.tw/courses/114-2/21978
表演一下,林見朗,20789,Thea1004,10910702,必修,,"二 8,9",總一館114,2 類,,2,,https://course.ntu.edu.tw/courses/114-2/20789
表演一下,林見朗,28253,Thea1004,10910702,必修,,"二 6,7",總一館114,2 類,,2,,https://course.ntu.edu.tw/courses/114-2/28253
排演一下,姚坤君,17175,Thea1006,10910712,必修,,"一 6,7",總一館106,2 類,,1,,https://course.ntu.edu.tw/courses/114-2/17175
排演一下,姚坤君,38107,Thea1006,10910712,必修,,"一 8,9",總一館106,2 類,,1,,https://course.ntu.edu.tw/courses/114-2/38107
戲劇製作一,陳志峰,11211,Thea1010,10910110,必帶,,"三 3,4,5",總一館106,2 類,,2,,https://course.ntu.edu.tw/courses/114-2/11211
劇場實驗：表演,王靖惇,49786,Thea1106,10913100,,,"二 3,4,5",總一館106,2 類,,2,,https://course.ntu.edu.tw/courses/114-2/49786
環境色彩與公共藝術,張惠蘭,26163,Thea1135,10916600,選修,,"一 6,7,8,9",共401,2 類,,2,,https://course.ntu.edu.tw/courses/114-2/26163
歌仔戲聲腔與動作訓練,李佩穎,28661,Thea1408,10912400,選修,,"三 6,7",總一館106,2 類,,2,,https://course.ntu.edu.tw/courses/114-2/28661
燈光設計專題,鄧振威,30816,Thea1803,10914100,選修,,"五 3,4,5",總一館116,2 類,,3,,https://course.ntu.edu.tw/courses/114-2/30816
音響技術一,洪伊俊,14354,Thea1804,10914110,選修,,"一 8,9,10",總一館113,2 類,,2,,https://course.ntu.edu.tw/courses/114-2/14354
服裝設計一,王怡美,35365,Thea2009,10924410,必修,,"二 3,4",總一館202,2 類,,2,,https://course.ntu.edu.tw/courses/114-2/35365
臺灣戲劇名著選讀,林智莉,30270,Thea2024,10922060,必帶 / 選修,,"四 3,4",總一館108,2 類,,2,,https://course.ntu.edu.tw/courses/114-2/30270
西洋戲劇名著選讀：現代,林雯玲,50161,Thea2026,10921090,必帶 / 選修,,"三 3,4",總一館115,2 類,,2,,https://course.ntu.edu.tw/courses/114-2/50161
畢業製作下,王正源,13303,Thea2029,10940012,必帶,,"五 8,9,10",總一館108,2 類,,2,,https://course.ntu.edu.tw/courses/114-2/13303
物質‧媒介‧身體經驗,王怡美,42785,Thea2103,10920080,必修 / 選修,,"四 6,7,8",綜203,2 類,,3,,https://course.ntu.edu.tw/courses/114-2/42785
歌舞劇演唱實作,魏世芬,59007,Thea2620,10923040,選修,,"三 8,9",總一館118,2 類,,2,,https://course.ntu.edu.tw/courses/114-2/59007
表演專題：身心合一訓練一,林見朗,22925,Thea2624,10923060,選修,,"一 5,6,7",總一館118,2 類,,3,,https://course.ntu.edu.tw/courses/114-2/22925
表演專題：角色扮演與技巧,林見朗,48277,Thea2629,10923150,選修,,"三 5,6,7",總一館118,2 類,,3,,https://course.ntu.edu.tw/courses/114-2/48277
數位燈光軟體與編程進階,鄧振威,36697,Thea2821,10924640,選修,,,,2 類,,3,,https://course.ntu.edu.tw/courses/114-2/36697
劇場實務一,陳志峰,37396,Thea2823,10920120,選修,,,,2 類,,2,,https://course.ntu.edu.tw/courses/114-2/37396
劇場實務二,陳志峰,16109,Thea2824,10920130,選修,,,,2 類,,2,,https://course.ntu.edu.tw/courses/114-2/16109
靈感工廠,王正源,50129,Thea2829,10924700,選修,,"四 6,7",總一館113,2 類,,2,,https://course.ntu.edu.tw/courses/114-2/50129
劇場設計賞析,李柏霖,20372,Thea2831,10924730,,,"五 7,8",總一館210,2 類,,2,,https://course.ntu.edu.tw/courses/114-2/20372
劇場燈光色彩與材質,鄧振威,55335,Thea2839,10924760,選修,,"一 3,4",總一館116,2 類,,2,,https://course.ntu.edu.tw/courses/114-2/55335
舞臺設計電腦製圖,李柏霖,43367,Thea2840,10924770,選修,,"四 5,6",總一館208,2 類,,2,,https://course.ntu.edu.tw/courses/114-2/43367
西洋戲劇及劇場史下,謝筱玫,11364,Thea3009,10931002,必帶 / 選修,,"四 3,4",總一館115,2 類,,2,,https://course.ntu.edu.tw/courses/114-2/11364
臺灣戲劇及劇場史,林鶴宜,44016,Thea3013,10932010,必帶 / 必修 / 選修,,"三 3,4",總一館108,2 類,,2,,https://course.ntu.edu.tw/courses/114-2/44016
表演三,姚坤君,54270,Thea3605,10933330,選修,,"二 6,7,8",總一館106,2 類,,3,,https://course.ntu.edu.tw/courses/114-2/54270
舞台佈景繪製一,阮姿華,40406,Thea3804,10934210,選修,,"二 2,3,4,6,7,8",戲夢空間,2 類,,2,,https://course.ntu.edu.tw/courses/114-2/40406
服裝技術二,王怡美,18582,Thea3811,10924440,選修,,"二 6,7,8",總一館202,2 類,,3,,https://course.ntu.edu.tw/courses/114-2/18582
製作管理實務下,陳志峰,43220,Thea3819,129U4472,選修,,"五 6,7",總一館208,2 類,,2,,https://course.ntu.edu.tw/courses/114-2/43220
3D及進階影像軟體,王正源,35126,Thea3821,10934280,選修,,"五 5,6,7",總一館113,2 類,,3,,https://course.ntu.edu.tw/courses/114-2/35126
模型場景製作,李柏霖,21923,Thea3824,10934070,選修,,"四 8,9",總一館201,2 類,,2,,https://course.ntu.edu.tw/courses/114-2/21923
影像設計二,王正源,10702,Thea3825,10924680,選修,,"一 5,6,7",總一館113,2 類,,3,,https://course.ntu.edu.tw/courses/114-2/10702
特定場域設計,歐子凌,19638,Thea3831,10934090,選修,,"三 8,9,10",總一館201,2 類,,3,,https://course.ntu.edu.tw/courses/114-2/19638
超媒體藝術,陶亞倫,30685,Thea5105,129U5050,選修,,"二 A,B,C",實驗劇場,2 類,,3,,https://course.ntu.edu.tw/courses/114-2/30685
偶戲劇場：設計/製作/表演,鄭嘉音,56402,Thea5107,129U5080,選修,,"五 6,7 / 六 5,6,7,8,9",總一館118,2 類,,2,,https://course.ntu.edu.tw/courses/114-2/56402
即興表演:角色創造,姚坤君,43181,Thea5601,129U3120,選修,,"二 9,10",總一館106,2 類,,2,,https://course.ntu.edu.tw/courses/114-2/43181
表導演專題：莎士比亞,呂柏伸,25829,Thea5619,129U3310,選修,,"一 2,3,4",總一館106,2 類,,3,,https://course.ntu.edu.tw/courses/114-2/25829
導演二,呂柏伸,45532,Thea5622,129U3240,選修,,"一 8,9,10",總一館118,2 類,,3,,https://course.ntu.edu.tw/courses/114-2/45532
導演、美學與生成式AI,朱靜美,16328,Thea5631,129U3410,必修 / 選修,,"一 6,7,8",綜201,2 類,,3,,https://course.ntu.edu.tw/courses/114-2/16328
演出製作管理與行銷,呂柏伸,39866,Thea5701,129U5120,選修,,"五 3,4",總一館210,2 類,,2,,https://course.ntu.edu.tw/courses/114-2/39866
劇本創作二,許正平,10237,Thea5902,129U1240,選修,,"五 4,5",總一館208,2 類,,2,,https://course.ntu.edu.tw/courses/114-2/10237
中國戲劇經典學術著作選讀,林鶴宜,27818,Thea7005,129M2130,必修,,"四 2,3,4",總一館210,2 類,,3,,https://course.ntu.edu.tw/courses/114-2/27818
當代戲曲,林智莉,52879,Thea7410,129M2110,選修,,"二 2,3,4",總一館210,2 類,,3,,https://course.ntu.edu.tw/courses/114-2/52879
戲曲編劇,施如芳,33709,Thea7906,129M2160,選修,,"一 2,3,4",總一館208,2 類,,3,,https://course.ntu.edu.tw/courses/114-2/33709
碩士論文,,19075,Thea7999,129M0010,必修,,,,1 類,,0,,https://course.ntu.edu.tw/courses/114-2/19075
博士論文,,36167,Thea8999,129D0010,必修,,,,1 類,,0,,https://course.ntu.edu.tw/courses/114-2/36167
專題討論,林  風,31081,TIGPBP8001,947D0030,必修,,四 7,,1 類,,1,,https://course.ntu.edu.tw/courses/114-2/31081
研究室見習,林  風,17717,TIGPBP8002,947D0050,必修,,,,1 類,,0,,https://course.ntu.edu.tw/courses/114-2/17717
書報討論,林  風,56836,TIGPBP8003,947D0060,必修,,"四 8,9",,1 類,,1,,https://course.ntu.edu.tw/courses/114-2/56836
基礎分子生物學二,郭柏齡,48925,TIGPBP8008,947D0100,必修,,"二 2,3,4",,2 類,,3,,https://course.ntu.edu.tw/courses/114-2/48925
高等演算法,黃念祖,26145,TIGPBP8009,947D0110,必修,,"五 7,8,9",,2 類,,3,,https://course.ntu.edu.tw/courses/114-2/26145
進階生物資訊統計學,魏安祺,48510,TIGPBP8010,947D0120,必修,,"四 2,3,4",,2 類,,3,,https://course.ntu.edu.tw/courses/114-2/48510
博士論文,,17365,TIGPBP8999,947D0010,必修,,,,1 類,,0,,https://course.ntu.edu.tw/courses/114-2/17365
實驗室輪習,閔明源,15715,TIPGIN8001,B49D0100,必修,,,,2 類,,2,,https://course.ntu.edu.tw/courses/114-2/15715
神經科學專題討論,周銘翊,26634,TIPGIN8002,B49D0110,必修,,,,3 類,,1,,https://course.ntu.edu.tw/courses/114-2/26634
跨領域神經科學講座,周銘翊,10566,TIPGIN8004,B49D0130,必修,,,,2 類,,1,,https://course.ntu.edu.tw/courses/114-2/10566
神經科學論文的寫作與表達,簡正鼎,37923,TIPGIN8010,B49D0290,選修,,,,1 類,,2,,https://course.ntu.edu.tw/courses/114-2/37923
神經發育與疾病,管永恕,55931,TIPGIN8011,B49D0300,選修,,,,1 類,,3,,https://course.ntu.edu.tw/courses/114-2/55931
神經科學前沿,閔明源,42040,TIPGIN8013,B49D0320,選修,,,,2 類,,1,,https://course.ntu.edu.tw/courses/114-2/42040
博士論文,,28476,TIPGIN8999,B49D0010,必修,,,,1 類,,0,,https://course.ntu.edu.tw/courses/114-2/28476
臨床毒理學,華國泰,55256,Tox5007,447U2300,選修,,"三 8,9",基醫506,3 類,,2,,https://course.ntu.edu.tw/courses/114-2/55256
毒道之處～看不見的危機!,姜至剛,22154,Tox5009,447U2500,,,"一 8,9",普101,2 類,,2,,https://course.ntu.edu.tw/courses/114-2/22154
毒理學特論四,華國泰,16889,Tox7006,447M0340,選修,,一 7,基醫506,1 類,,1,,https://course.ntu.edu.tw/courses/114-2/16889
環境毒理與醫學,華國泰,42950,Tox7011,447M1150,必修,,"二 2,3,4",基醫506,3 類,,3,,https://course.ntu.edu.tw/courses/114-2/42950
碩士論文,,16949,Tox7999,447M0010,必修,,,,1 類,,0,,https://course.ntu.edu.tw/courses/114-2/16949
高級實驗毒理學(二),陳惠文,40236,Tox8005,447D0150,必修,,"四 6,7",基醫506,1 類,,2,,https://course.ntu.edu.tw/courses/114-2/40236
分子毒理學二,華國泰,49488,Tox8007,447D0300,必修,,"四 2,3,4",基醫506,1 類,,3,,https://course.ntu.edu.tw/courses/114-2/49488
高級毒理學專題討論,華國泰,46909,Tox8008,447D0200,必修,,"二 6,7,8",基醫506,1 類,,1,,https://course.ntu.edu.tw/courses/114-2/46909
高級毒理學特論二,華國泰,45848,Tox8010,447D0320,選修,,五 3,基醫506,1 類,,1,,https://course.ntu.edu.tw/courses/114-2/45848
高級毒理學特論四,華國泰,55229,Tox8012,447D0340,選修,,五 4,基醫506,1 類,,1,,https://course.ntu.edu.tw/courses/114-2/55229
博士論文,,59389,Tox8999,447D0010,必修,,,,1 類,,0,,https://course.ntu.edu.tw/courses/114-2/59389
專題討論,張原豪,12978,TPAIoT8000,949D0020,必修,,"五 7,8",,1 類,,0,,https://course.ntu.edu.tw/courses/114-2/12978
專題研究,林  澤,44536,TPAIoT8001,949D0030,必修,,,,2 類,,1,,https://course.ntu.edu.tw/courses/114-2/44536
專題研究,魏宏宇,51798,TPAIoT8001,949D0030,必修,,,,2 類,,1,,https://course.ntu.edu.tw/courses/114-2/51798
專題研究,謝宏昀,40941,TPAIoT8001,949D0030,必修,,,,2 類,,1,,https://course.ntu.edu.tw/courses/114-2/40941
專題研究,蔡欣穆,41756,TPAIoT8001,949D0030,必修,,,,2 類,,1,,https://course.ntu.edu.tw/courses/114-2/41756
專題研究,廖婉君,12630,TPAIoT8001,949D0030,必修,,,,2 類,,1,,https://course.ntu.edu.tw/courses/114-2/12630
專題研究,劉邦鋒,28907,TPAIoT8001,949D0030,必修,,,,2 類,,1,,https://course.ntu.edu.tw/courses/114-2/28907
專題研究,張原豪,38663,TPAIoT8001,949D0030,必修,,,,2 類,,1,,https://course.ntu.edu.tw/courses/114-2/38663
博士論文,,31695,TPAIoT8999,949D0010,必修,,,,1 類,,0,,https://course.ntu.edu.tw/courses/114-2/31695
臺灣現代小說選讀,楊雅儒,23981,TwLit1022,14510170,,,"三 3,4,5",普502,2 類,,3,,https://course.ntu.edu.tw/courses/114-2/23981
在地酷兒文學與網路社群文化,鄭芳婷,53391,TwLit1025,14510200,,,"五 6,7,8",博雅305,2 類,,3,,https://course.ntu.edu.tw/courses/114-2/53391
臺灣文學史概論,蘇碩斌,47525,TwLit1039,14510490,,,"一 7,8,9",綜501,2 類,,3,,https://course.ntu.edu.tw/courses/114-2/47525
影像與臺灣文化,謝欣芩,25175,TwLit1044,14510540,,,"二 3,4,5",博雅406,3 類,,3,,https://course.ntu.edu.tw/courses/114-2/25175
臺灣文學史專題討論下,張俐璇,41246,TwLit7002,145M0022,必修 / 選修,,"二 7,8,9",人文532,2 類,,3,,https://course.ntu.edu.tw/courses/114-2/41246
專題研究:文學批評與論文寫作方法,張文薰,27160,TwLit7080,145M0740,選修,,一 1,人文532,2 類,,1,,https://course.ntu.edu.tw/courses/114-2/27160
專題研究：觀光時代的旅行文學,蘇碩斌,42594,TwLit7083,145M0770,選修,,一 1,人文530,2 類,,1,,https://course.ntu.edu.tw/courses/114-2/42594
臺灣語言概論,楊秀芳,46061,TwLit7099,145M0040,必修 / 選修,,"一 2,3,4",,2 類,,3,,https://course.ntu.edu.tw/courses/114-2/46061
臺灣原住民族神話與祭儀文學專題,孫大川,54710,TwLit7130,145M1240,選修,,"四 7,8,9",人文530,2 類,,3,,https://course.ntu.edu.tw/courses/114-2/54710
法律與文學：近現代臺灣與東亞的知識生產,張俐璇,44979,TwLit7169,145M1630,選修,,"四 7,8,9",人文532,2 類,,1,,https://course.ntu.edu.tw/courses/114-2/44979
臺灣文學與佛教書寫專題,楊雅儒,40956,TwLit7171,145M1650,選修,,"二 3,4,5",人文532,2 類,,3,,https://course.ntu.edu.tw/courses/114-2/40956
臺灣文學作家專題：佐藤春夫,張文薰,51836,TwLit7172,145M1660,選修,,"四 3,4,5",人文530,2 類,,3,,https://course.ntu.edu.tw/courses/114-2/51836
碩士論文,,56832,TwLit7999,145M0010,必修,,,,1 類,,0,,https://course.ntu.edu.tw/courses/114-2/56832
博士論文,,55883,TwLit8999,145D0010,必修,,,,1 類,,0,,https://course.ntu.edu.tw/courses/114-2/55883
獸醫輻射生物及腫瘤學,李繼忠,27790,VCS5006,643U1970,選修,,,,2 類,,2,,https://course.ntu.edu.tw/courses/114-2/27790
小動物臨床腫瘤學,李繼忠,13137,VCS5007,643U1980,選修,,,,2 類,,2,,https://course.ntu.edu.tw/courses/114-2/13137
小動物臨床呼吸醫學,林中惠,30239,VCS5008,643U1990,選修,,,,2 類,,1,,https://course.ntu.edu.tw/courses/114-2/30239
獸醫新藥開發實務,柯喬許,47750,VCS5010,643U2010,選修,,"四 1,2",獸三館203,2 類,,2,,https://course.ntu.edu.tw/courses/114-2/47750
專題研究二,林中天,23130,VCS7002,643M0080,必修,,,,1 類,,1,,https://course.ntu.edu.tw/courses/114-2/23130
專題研究二,李雅珍,18364,VCS7002,643M0080,必修,,,,1 類,,1,,https://course.ntu.edu.tw/courses/114-2/18364
專題研究二,武敬和,17835,VCS7002,643M0080,必修,,,,1 類,,1,,https://course.ntu.edu.tw/courses/114-2/17835
專題研究二,張雅珮,41140,VCS7002,643M0080,必修,,,,1 類,,1,,https://course.ntu.edu.tw/courses/114-2/41140
專題研究二,余品奐,31638,VCS7002,643M0080,必修,,,,1 類,,1,,https://course.ntu.edu.tw/courses/114-2/31638
專題研究二,王尚麟,15774,VCS7002,643M0080,必修,,,,1 類,,1,,https://course.ntu.edu.tw/courses/114-2/15774
專題研究二,劉乃潔,49436,VCS7002,643M0080,必修,,,,1 類,,1,,https://course.ntu.edu.tw/courses/114-2/49436
專題研究四,林中天,34862,VCS7004,643M0100,必修,,,,1 類,,1,,https://course.ntu.edu.tw/courses/114-2/34862
專題研究四,蘇璧伶,15589,VCS7004,643M0100,必修,,,,1 類,,1,,https://course.ntu.edu.tw/courses/114-2/15589
專題研究四,李雅珍,32107,VCS7004,643M0100,必修,,,,1 類,,1,,https://course.ntu.edu.tw/courses/114-2/32107
專題研究四,張雅珮,40281,VCS7004,643M0100,必修,,,,1 類,,1,,https://course.ntu.edu.tw/courses/114-2/40281
專題研究四,余品奐,23125,VCS7004,643M0100,必修,,,,1 類,,1,,https://course.ntu.edu.tw/courses/114-2/23125
專題研究四,王尚麟,14279,VCS7004,643M0100,必修,,,,1 類,,1,,https://course.ntu.edu.tw/courses/114-2/14279
專題研究四,劉乃潔,26534,VCS7004,643M0100,必修,,,,1 類,,1,,https://course.ntu.edu.tw/courses/114-2/26534
專題討論二,林中天,10438,VCS7006,643M0210,必修,,,,1 類,,1,,https://course.ntu.edu.tw/courses/114-2/10438
專題討論四,林中天,29775,VCS7008,643M0230,必修,,,,1 類,,1,,https://course.ntu.edu.tw/courses/114-2/29775
伴侶動物診療實習二,林中天,38628,VCS7012,643M2250,選修,,,,1 類,,4,,https://course.ntu.edu.tw/courses/114-2/38628
伴侶動物診療實習四,林中天,38029,VCS7014,643M2270,選修,,,,1 類,,4,,https://course.ntu.edu.tw/courses/114-2/38029
大動物及野生動物組診療二,余品奐,10838,VCS7016,643M2290,選修,,,,2 類,,4,,https://course.ntu.edu.tw/courses/114-2/10838
小動物軟組織外科及麻醉學專題研討一,張雅珮,54560,VCS7026,643M2410,選修,,,,2 類,,1,,https://course.ntu.edu.tw/courses/114-2/54560
小動物軟組織外科及麻醉學專題研討二,張雅珮,34903,VCS7027,643M2420,選修,,,,2 類,,1,,https://course.ntu.edu.tw/courses/114-2/34903
脊髓及周邊神經學專題研討,張雅珮,20347,VCS7029,643M2390,選修,,,,1 類,,1,,https://course.ntu.edu.tw/courses/114-2/20347
碩士論文,,35105,VCS7999,643M0010,必修,,,,1 類,,0,,https://course.ntu.edu.tw/courses/114-2/35105
服務學習甲,黃威翔,48634,VM0006,609001G0,必帶,,,,1 類,,1,,https://course.ntu.edu.tw/courses/114-2/48634
服務學習甲,江逸凡,24201,VM0006,609001G0,必帶,,,,1 類,,1,,https://course.ntu.edu.tw/courses/114-2/24201
獸醫學概論,張家宜,18558,VM1006,60910100,選修,,三 6,獸一館212,2 類,,1,,https://course.ntu.edu.tw/courses/114-2/18558
獸醫細菌學及實習,周崇熙,52964,VM2004,60921500,必帶,,"二 3,4 / 三 1,2,3",獸三館B01/獸三館406,2 類,,3,,https://course.ntu.edu.tw/courses/114-2/52964
獸醫細菌學及實習,周崇熙,32914,VM2004,60921500,必帶,,"二 3,4 / 四 2,3,4",獸三館406,2 類,,3,,https://course.ntu.edu.tw/courses/114-2/32914
胚胎學,蕭逸澤,12057,VM2005,60921600,必帶,,"五 3,4",獸一館410,2 類,,2,,https://course.ntu.edu.tw/courses/114-2/12057
胚胎學,蕭逸澤,23850,VM2005,60921600,必帶,,"三 3,4",獸一館410,2 類,,2,,https://course.ntu.edu.tw/courses/114-2/23850
獸醫解剖學及實習下,蕭逸澤,19146,VM2010,60921902,必帶,,"一 3,4,5,6,7,8,9,10,A",,2 類,,4,,https://course.ntu.edu.tw/courses/114-2/19146
獸醫解剖學及實習下,蕭逸澤,18761,VM2010,60921902,必帶,,"四 3,4,5,6,7,8,9,10,A",獸一館410,2 類,,4,,https://course.ntu.edu.tw/courses/114-2/18761
獸醫生理學下,王家琪,18844,VM2016,60929702,必帶,,"五 2,3,4",獸三館B01,2 類,,3,,https://course.ntu.edu.tw/courses/114-2/18844
獸醫生理學實習,廖泰慶,39910,VM2017,60929800,必帶,,"五 6,7,8,9",獸三館406,2 類,,2,,https://course.ntu.edu.tw/courses/114-2/39910
獸醫生理學實習,廖泰慶,47646,VM2017,60929800,必帶,,"一 1,2,3,4",獸三館406,2 類,,2,,https://course.ntu.edu.tw/courses/114-2/47646
獸醫病理學及實習下,張志成,24694,VM3003,60930102,必帶,,"一 6,7,8,9,10,A",獸一館410,2 類,,4,,https://course.ntu.edu.tw/courses/114-2/24694
獸醫病理學及實習下,黃威翔,26887,VM3003,60930102,必帶,,"三 6,7,8,9,10,A",獸一館410,2 類,,4,,https://course.ntu.edu.tw/courses/114-2/26887
小動物外科手術及實習,武敬和,36960,VM3006,60930400,必帶,,"三 5,6,7,8",醫院大講堂,2 類,,2,,https://course.ntu.edu.tw/courses/114-2/36960
小動物外科手術及實習,武敬和,14599,VM3006,60930400,必帶,,"三 5,9,10,A",,2 類,,2,,https://course.ntu.edu.tw/courses/114-2/14599
獸醫病毒學及實習,陳慧文,11990,VM3008,60931200,必帶,,"一 6,7,8,9,10",,2 類,,3,,https://course.ntu.edu.tw/courses/114-2/11990
獸醫病毒學及實習,陳慧文,25482,VM3008,60931200,必帶,,"一 6,7 / 三 8,9,10",獸三館406,2 類,,3,,https://course.ntu.edu.tw/courses/114-2/25482
獸醫藥理學及實習,詹東榮,18573,VM3013,60933400,必帶,,"一 2,3,4 / 五 7,8,9",獸一館212,2 類,,4,,https://course.ntu.edu.tw/courses/114-2/18573
獸醫藥理學及實習,詹東榮,19057,VM3013,60933400,必帶,,"一 6,7,8 / 五 2,3,4",獸一館212,2 類,,4,,https://course.ntu.edu.tw/courses/114-2/19057
獸醫遺傳學,高啓霏,40524,VM3014,60933850,必帶,,"三 3,4",獸三館B01,2 類,,2,,https://course.ntu.edu.tw/courses/114-2/40524
獸醫麻醉學及實習,柯喬許,26593,VM3015,60934000,必帶,,"三 6,7,8,9",,2 類,,2,,https://course.ntu.edu.tw/courses/114-2/26593
獸醫麻醉學及實習,柯喬許,26089,VM3015,60934000,必帶,,"二 1,2,3,4",,2 類,,2,,https://course.ntu.edu.tw/courses/114-2/26089
獸醫臨床病理學,蘇璧伶,27024,VM4002,60940200,必帶,,"四 2,3,4",獸三館B01,2 類,,3,,https://course.ntu.edu.tw/courses/114-2/27024
獸醫臨床病理學實習,蘇璧伶,13194,VM4003,60940300,必帶,,"四 9,10,A",獸一館210,2 類,,1,,https://course.ntu.edu.tw/courses/114-2/13194
獸醫繁殖障礙及產科,蔡沛學,55045,VM4005,60940650,必帶,,"一 3,4 / 三 1,2",獸三館B01,2 類,,4,,https://course.ntu.edu.tw/courses/114-2/55045
小動物外科學,武敬和,50691,VM4012,60944410,必帶,,"五 7,8,9",醫院大講堂,2 類,,3,,https://course.ntu.edu.tw/courses/114-2/50691
小動物內科學,王儷蒨,17378,VM4013,60945210,必帶,,"五 1,2,3,4",醫院大講堂,2 類,,4,,https://course.ntu.edu.tw/courses/114-2/17378
專題研究下,林中天,19384,VM4018,60948502,選修,,,,2 類,,1,,https://course.ntu.edu.tw/courses/114-2/19384
專題研究下,張芳嘉,45319,VM4018,60948502,選修,,,,2 類,,1,,https://course.ntu.edu.tw/courses/114-2/45319
專題研究下,周崇熙,17942,VM4018,60948502,選修,,,,2 類,,1,,https://course.ntu.edu.tw/courses/114-2/17942
專題研究下,張雅珮,38264,VM4018,60948502,選修,,,,2 類,,1,,https://course.ntu.edu.tw/courses/114-2/38264
專題研究下,廖泰慶,37104,VM4018,60948502,選修,,,,1 類,,1,,https://course.ntu.edu.tw/courses/114-2/37104
專題研究下,葉光勝,55982,VM4018,60948502,選修,,,,1 類,,1,,https://course.ntu.edu.tw/courses/114-2/55982
專題研究下,王儷蒨,41294,VM4018,60948502,選修,,,,2 類,,1,,https://course.ntu.edu.tw/courses/114-2/41294
專題研究下,李雅珍,41967,VM4018,60948502,選修,,,,2 類,,1,,https://course.ntu.edu.tw/courses/114-2/41967
專題研究下,武敬和,34160,VM4018,60948502,選修,,,,2 類,,1,,https://course.ntu.edu.tw/courses/114-2/34160
專題研究下,劉以立,35897,VM4018,60948502,選修,,,,2 類,,1,,https://course.ntu.edu.tw/courses/114-2/35897
專題研究下,蔡沛學,44398,VM4018,60948502,選修,,,,2 類,,1,,https://course.ntu.edu.tw/courses/114-2/44398
專題研究下,張惠雯,23622,VM4018,60948502,選修,,,,2 類,,1,,https://course.ntu.edu.tw/courses/114-2/23622
專題研究下,余品奐,10490,VM4018,60948502,選修,,,,2 類,,1,,https://course.ntu.edu.tw/courses/114-2/10490
專題研究下,楊瑋誠,23890,VM4018,60948502,選修,,,,2 類,,1,,https://course.ntu.edu.tw/courses/114-2/23890
專題研究下,王家琪,11831,VM4018,60948502,選修,,,,2 類,,1,,https://course.ntu.edu.tw/courses/114-2/11831
專題研究下,黃威翔,45765,VM4018,60948502,選修,,,,2 類,,1,,https://course.ntu.edu.tw/courses/114-2/45765
專題研究下,張晏禎,33093,VM4018,60948502,選修,,,,2 類,,1,,https://course.ntu.edu.tw/courses/114-2/33093
專題研究下,楊文淵,33876,VM4018,60948502,選修,,,,2 類,,1,,https://course.ntu.edu.tw/courses/114-2/33876
專題研究下,吳乃慧,26388,VM4018,60948502,選修,,,,2 類,,1,,https://course.ntu.edu.tw/courses/114-2/26388
專題研究下,張家宜,45806,VM4018,60948502,選修,,,,2 類,,1,,https://course.ntu.edu.tw/courses/114-2/45806
專題研究下,高啓霏,36514,VM4018,60948502,選修,,,,2 類,,1,,https://course.ntu.edu.tw/courses/114-2/36514
學士論文下,林中天,26087,VM4999,60959502,選修,,,,1 類,,1,,https://course.ntu.edu.tw/courses/114-2/26087
學士論文下,周崇熙,21960,VM4999,60959502,選修,,,,1 類,,1,,https://course.ntu.edu.tw/courses/114-2/21960
學士論文下,廖泰慶,47995,VM4999,60959502,選修,,,,1 類,,1,,https://course.ntu.edu.tw/courses/114-2/47995
學士論文下,張家宜,48132,VM4999,60959502,選修,,,,1 類,,1,,https://course.ntu.edu.tw/courses/114-2/48132
診療實習二甲,王尚麟,59558,VM5007,60955020,必帶,,,,2 類,,5,,https://course.ntu.edu.tw/courses/114-2/59558
臨床討論二,蘇璧伶,20257,VM5009,60955320,必帶,,二 6,醫院大講堂,2 類,,1,,https://course.ntu.edu.tw/courses/114-2/20257
臨床討論二,蘇璧伶,13341,VM5009,60955320,必帶,,二 7,醫院大講堂,2 類,,1,,https://course.ntu.edu.tw/courses/114-2/13341
屍體解剖二,張惠雯,48255,VM5012,60956020,必帶,,,,2 類,,1,,https://course.ntu.edu.tw/courses/114-2/48255
屍體解剖二,張晏禎,18312,VM5012,60956020,必帶,,,,2 類,,1,,https://course.ntu.edu.tw/courses/114-2/18312
人畜共同傳染病,周崇熙,42995,VM5029,629U1520,選修,,"三 7,8",獸三館203,1 類,,2,,https://course.ntu.edu.tw/courses/114-2/42995
動物園與野生動物疾病學,余品奐,11593,VM5043,629U1840,選修,,,,2 類,,2,,https://course.ntu.edu.tw/courses/114-2/11593
癌症生物及免疫學特論,林辰栖,55041,VM5058,629U2000,選修,,,,2 類,,2,,https://course.ntu.edu.tw/courses/114-2/55041
獸醫針灸學,劉金鳴,21577,VM5088,629U2430,選修,,"二 3,4",,2 類,,2,,https://course.ntu.edu.tw/courses/114-2/21577
獸醫流行病學,楊文淵,44530,VM5096,60952400,必帶,,"二 1,2",獸三館B01,2 類,,2,,https://course.ntu.edu.tw/courses/114-2/44530
小動物行為醫學特論,王儷蒨,15196,VM5098,629U2610,選修,,"四 3,4",獸三館203,3 類,,2,,https://course.ntu.edu.tw/courses/114-2/15196
動物福利科學,楊瑋誠,42642,VM5099,629U2620,選修,,"五 5,6,7",獸三館203,3 類,,3,,https://course.ntu.edu.tw/courses/114-2/42642
動物傳染病病理學,李淑慧,51523,VM5105,629U2660,選修,,"五 A,B,C",,3 類,,2,,https://course.ntu.edu.tw/courses/114-2/51523
小動物超音波影像學,李雅珍,57331,VM5107,629U2710,選修,,四 4,醫院大講堂,3 類,,1,,https://course.ntu.edu.tw/courses/114-2/57331
家禽疾病診斷理論與實務,吳乃慧,30794,VM5117,629U2780,選修,,"二 3,4",獸三館203,2 類,,2,,https://course.ntu.edu.tw/courses/114-2/30794
豬隻健康管理,張家宜,34841,VM5132,629U2820,選修,,,,2 類,,2,,https://course.ntu.edu.tw/courses/114-2/34841
跨界關懷：動物的健康與福祉,陳慧文,34783,VM5133,629U2830,選修,,"五 6,7",獸三館B01,1 類,,2,,https://course.ntu.edu.tw/courses/114-2/34783
寵物營養學及實習,李繼忠,26048,VM5135,629U2850,選修,,,,1 類,,4,,https://course.ntu.edu.tw/courses/114-2/26048
仿生教具的製作及應用,王尚麟,37848,VM5137,629U2870,選修,,,,2 類,,2,,https://course.ntu.edu.tw/courses/114-2/37848
藥理毒理測試之實驗動物替代平台,王家琪,52074,VM5138,629U2880,選修,,"二 6,7",獸三館203,1 類,,2,,https://course.ntu.edu.tw/courses/114-2/52074
生物統計學及實習,吳乃慧,59958,VM5139,629U2890,選修,,"四 2,3,4",獸三館202,2 類,,2,,https://course.ntu.edu.tw/courses/114-2/59958
流浪動物醫學及實習,劉以立,46046,VM6009,60960080,選修,,"一 1,2",獸三館203,2 類,,2,,https://course.ntu.edu.tw/courses/114-2/46046
保育醫學概論,楊瑋誠,26498,VM6013,60960120,選修,,"二 1,2",綜401,3 類,,2,,https://course.ntu.edu.tw/courses/114-2/26498
臨床溝通技巧與醫病關係下,蘇璧伶,55705,VM6015,60960140,選修,,,,1 類,,1,,https://course.ntu.edu.tw/courses/114-2/55705
專題研究二,張芳嘉,55158,VM7006,629M0080,必修 / 選修,,,,1 類,,1,,https://course.ntu.edu.tw/courses/114-2/55158
專題研究二,周崇熙,29563,VM7006,629M0080,必修,,,,1 類,,1,,https://course.ntu.edu.tw/courses/114-2/29563
專題研究二,陳慧文,16718,VM7006,629M0080,必修,,,,1 類,,1,,https://course.ntu.edu.tw/courses/114-2/16718
專題研究二,蔡沛學,41311,VM7006,629M0080,必修,,,,1 類,,1,,https://course.ntu.edu.tw/courses/114-2/41311
專題研究二,蕭逸澤,33988,VM7006,629M0080,必修 / 選修,,,,1 類,,1,,https://course.ntu.edu.tw/courses/114-2/33988
專題研究二,楊文淵,44298,VM7006,629M0080,必修,,,,1 類,,1,,https://course.ntu.edu.tw/courses/114-2/44298
專題研究二,吳乃慧,55328,VM7006,629M0080,必修,,,,1 類,,1,,https://course.ntu.edu.tw/courses/114-2/55328
專題研究二,張家宜,22264,VM7006,629M0080,必修,,,,1 類,,1,,https://course.ntu.edu.tw/courses/114-2/22264
專題研究二,柯喬許,49367,VM7006,629M0080,必修,,,,1 類,,1,,https://course.ntu.edu.tw/courses/114-2/49367
專題研究四,張芳嘉,41687,VM7008,629M0100,必修 / 選修,,,,1 類,,1,,https://course.ntu.edu.tw/courses/114-2/41687
專題研究四,周崇熙,28545,VM7008,629M0100,必修,,,,1 類,,1,,https://course.ntu.edu.tw/courses/114-2/28545
專題研究四,林辰栖,36193,VM7008,629M0100,必修,,,,1 類,,1,,https://course.ntu.edu.tw/courses/114-2/36193
專題研究四,陳慧文,40924,VM7008,629M0100,必修,,,,1 類,,1,,https://course.ntu.edu.tw/courses/114-2/40924
專題研究四,蔡沛學,46264,VM7008,629M0100,必修,,,,1 類,,1,,https://course.ntu.edu.tw/courses/114-2/46264
專題研究四,楊文淵,18256,VM7008,629M0100,必修,,,,1 類,,1,,https://course.ntu.edu.tw/courses/114-2/18256
專題研究四,吳乃慧,55519,VM7008,629M0100,必修,,,,1 類,,1,,https://course.ntu.edu.tw/courses/114-2/55519
專題研究四,張家宜,11647,VM7008,629M0100,必修,,,,1 類,,1,,https://course.ntu.edu.tw/courses/114-2/11647
基礎組專題討論二,蕭逸澤,24124,VM7014,629M0160,必修,,"二 8,9",獸三館B01,1 類,,1,,https://course.ntu.edu.tw/courses/114-2/24124
基礎組專題討論四,蕭逸澤,24046,VM7016,629M0180,必修,,"二 8,9",,1 類,,1,,https://course.ntu.edu.tw/courses/114-2/24046
公衛組專題討論二,周崇熙,18136,VM7022,629M0260,必修,,"二 8,9",獸三館202,1 類,,1,,https://course.ntu.edu.tw/courses/114-2/18136
公衛組專題討論四,周崇熙,21989,VM7024,629M0280,必修,,,,1 類,,1,,https://course.ntu.edu.tw/courses/114-2/21989
高等禽病學一下,吳乃慧,31913,VM7028,629M1212,選修,,,,1 類,,1,,https://course.ntu.edu.tw/courses/114-2/31913
高等獸醫細菌學一下,周崇熙,27767,VM7033,629M1412,選修,,,,2 類,,1,,https://course.ntu.edu.tw/courses/114-2/27767
保育醫學特論,楊瑋誠,18151,VM7100,629M6220,選修,,"二 6,7",獸一館410,3 類,,2,,https://course.ntu.edu.tw/courses/114-2/18151
碩士論文,,30883,VM7999,629M0010,選修,,,,1 類,,0,,https://course.ntu.edu.tw/courses/114-2/30883
專題討論二,蘇璧伶,15043,VM8002,629D0040,必修,,,,1 類,,1,,https://course.ntu.edu.tw/courses/114-2/15043
專題討論四,蘇璧伶,10165,VM8004,629D0060,必修,,,,1 類,,1,,https://course.ntu.edu.tw/courses/114-2/10165
專題研究二,蕭逸澤,20448,VM8006,629D0080,必修,,,,1 類,,1,,https://course.ntu.edu.tw/courses/114-2/20448
專題研究二,黃威翔,57884,VM8006,629D0080,必修,,,,1 類,,1,,https://course.ntu.edu.tw/courses/114-2/57884
專題研究四,林翰佑,44792,VM8008,629D0100,必修,,,,1 類,,1,,https://course.ntu.edu.tw/courses/114-2/44792
專題研究四,王家琪,23107,VM8008,629D0100,必修,,,,1 類,,1,,https://course.ntu.edu.tw/courses/114-2/23107
專題研究四,張晏禎,36447,VM8008,629D0100,必修,,,,1 類,,1,,https://course.ntu.edu.tw/courses/114-2/36447
博士論文,,38461,VM8999,629D0010,必修,,,,1 類,,0,,https://course.ntu.edu.tw/courses/114-2/38461
框架外的思考:五分鐘英文講台,李維晏,26026,Write5015,Q01U0510,選修,,"三 2,3,4",博雅301,3 類,,3,,https://course.ntu.edu.tw/courses/114-2/26026
框架外的思考:五分鐘英文講台,李維晏,10043,Write5015,Q01U0510,選修,,"三 3,4,5",,3 類,,3,,https://course.ntu.edu.tw/courses/114-2/10043
提筆表達你的觀點：批判寫作,趙雄健,20408,Write5016,Q01U0740,選修,,"四 2,3,4",博雅406,3 類,,3,,https://course.ntu.edu.tw/courses/114-2/20408
創意與寫作表達,蘇虹菱,49989,Write5017,Q01U0750,選修,,"一 3,4,5",共404,3 類,,3,,https://course.ntu.edu.tw/courses/114-2/49989
職場英文寫作與口語表達,陳巧玲,16463,Write5018,Q01U0520,選修,,"四 5,6,7",博雅302,3 類,,3,,https://course.ntu.edu.tw/courses/114-2/16463
職場英文寫作與口語表達,陳巧玲,15498,Write5018,Q01U0520,選修,,"四 6,7,8",,3 類,,3,,https://course.ntu.edu.tw/courses/114-2/15498
深造預備英文寫作,胡至柔,24396,Write5019,Q01U0530,選修,,"四 2,3,4",博雅301,3 類,,3,,https://course.ntu.edu.tw/courses/114-2/24396
深造預備英文寫作,胡至柔,32974,Write5019,Q01U0530,選修,,"四 3,4,5",,3 類,,3,,https://course.ntu.edu.tw/courses/114-2/32974
英語演說與溝通技巧,柯凱彣,31442,Write5020,Q01U0540,選修,,"一 2,3,4",博雅302,3 類,,3,,https://course.ntu.edu.tw/courses/114-2/31442
英語演說與溝通技巧,柯凱彣,28048,Write5020,Q01U0540,選修,,"一 3,4,5",,3 類,,3,,https://course.ntu.edu.tw/courses/114-2/28048
小故事，大世界,李維晏,55661,Write5024,Q01U0580,選修,,"三 6,7,8",博雅301,3 類,,3,,https://course.ntu.edu.tw/courses/114-2/55661
小故事，大世界,李維晏,29879,Write5024,Q01U0580,選修,,"三 7,8,9",,3 類,,3,,https://course.ntu.edu.tw/courses/114-2/29879
科學說人話：科普寫作,蘇虹菱,35271,Write5025,Q01U0760,選修,,"二 3,4,5",共401,3 類,,3,,https://course.ntu.edu.tw/courses/114-2/35271
讀中生智(三)：時事思辯,柯凱彣,49697,Write5030,Q01U0630,選修,,"三 6,7",共307,3 類,,2,,https://course.ntu.edu.tw/courses/114-2/49697
英文段落寫作,陳翊齊,20724,Write5032,Q01U0650,選修,,"四 6,7",普401,3 類,,2,,https://course.ntu.edu.tw/courses/114-2/20724
英文專題寫作,熊宜君,41587,Write5033,Q01U0660,選修,,"三 2,3,4",共401,3 類,,3,,https://course.ntu.edu.tw/courses/114-2/41587
英文專題寫作,葉芳萍,44664,Write5033,Q01U0660,選修,,"四 6,7,8",博雅406,3 類,,3,,https://course.ntu.edu.tw/courses/114-2/44664
英文即席演講溝通術,胡至柔,31337,Write5035,Q01U0680,選修,,"一 3,4",新401,3 類,,2,,https://course.ntu.edu.tw/courses/114-2/31337
新媒體AI應用英文寫作,歐墨然,42307,Write5036,Q01U0690,選修,,"二 3,4",共308,3 類,,2,,https://course.ntu.edu.tw/courses/114-2/42307
自我行銷有一套: 實用中文寫作,蘇虹菱,24296,Write5037,Q01U0770,選修,,"三 7,8,9",共402,3 類,,3,,https://course.ntu.edu.tw/courses/114-2/24296
科技英文寫作與表達,陳翊齊,55372,Write5038,Q01U0800,選修,,"二 6,7,8",共406,3 類,,3,,https://course.ntu.edu.tw/courses/114-2/55372
職場交涉藝術,胡至柔,20158,Write5039,Q01U0810,選修,,"二 3,4",新504,3 類,,2,,https://course.ntu.edu.tw/courses/114-2/20158
讀中生智：字裡行間的永續未來,胡至柔,15285,Write5040,Q01U0820,選修,,"二 6,7",普204,3 類,,2,,https://course.ntu.edu.tw/courses/114-2/15285
英文寫作基礎,陳巧玲,29518,Write7005,Q01M0500,選修,,"二 2,3,4",共404,2 類,,3,,https://course.ntu.edu.tw/courses/114-2/29518
英文寫作基礎,葉芳萍,38759,Write7005,Q01M0500,選修,,"三 6,7,8",博雅303,2 類,,3,,https://course.ntu.edu.tw/courses/114-2/38759
英文寫作基礎,張  晨,29583,Write7005,Q01M0500,選修,,"四 2,3,4",共406,2 類,,3,,https://course.ntu.edu.tw/courses/114-2/29583
英文寫作基礎,郭姿余,34682,Write7005,Q01M0500,選修,,"二 6,7,8",博雅312,2 類,,3,,https://course.ntu.edu.tw/courses/114-2/34682
學術論文寫作,蘇虹菱,57306,Write7007,Q01M0800,選修,,"三 3,4,5",共305,2 類,,3,,https://course.ntu.edu.tw/courses/114-2/57306
學術論文寫作,趙雄健,20576,Write7007,Q01M0800,選修,,"三 6,7,8",博雅312,2 類,,3,,https://course.ntu.edu.tw/courses/114-2/20576
工程學術英文寫作與口頭報告,李維晏,32170,Write7009,Q01M0320,選修,,"一 3,4,5",博雅312,2 類,,3,,https://course.ntu.edu.tw/courses/114-2/32170
學術英文論文寫作與發表,熊宜君,28757,Write7010,Q01M0330,選修,,"一 2,3,4",共401,2 類,,3,,https://course.ntu.edu.tw/courses/114-2/28757
學術英文論文寫作與發表,葉芳萍,29508,Write7010,Q01M0330,選修,,"二 6,7,8",博雅303,2 類,,3,,https://course.ntu.edu.tw/courses/114-2/29508
學術英文論文寫作與發表,張  晨,57291,Write7010,Q01M0330,選修,,"二 3,4,5",博雅312,2 類,,3,,https://course.ntu.edu.tw/courses/114-2/57291
學術英文論文寫作與發表,熊宜君,34770,Write7010,Q01M0330,選修,,"四 6,7,8",博雅312,2 類,,3,,https://course.ntu.edu.tw/courses/114-2/34770
學術英文論文寫作與發表,陳巧玲,39350,Write7010,Q01M0330,選修,,"五 2,3,4",共304,2 類,,3,,https://course.ntu.edu.tw/courses/114-2/39350
學術英文論文寫作與發表,陳翊齊,43150,Write7010,Q01M0330,選修,,"四 2,3,4",共405,2 類,,3,,https://course.ntu.edu.tw/courses/114-2/43150
學術英文口頭報告,張  晨,12627,Write7011,Q01M0340,選修,,"一 3,4,5",共402,2 類,,3,,https://course.ntu.edu.tw/courses/114-2/12627
學術英文口頭報告,柯凱彣,19501,Write7011,Q01M0340,選修,,"二 2,3,4",共406,2 類,,3,,https://course.ntu.edu.tw/courses/114-2/19501
專業人才溝通術,陳巧玲,21965,Write7016,Q01M0610,選修,,"三 6,7,8",共406,2 類,,3,,https://course.ntu.edu.tw/courses/114-2/21965
讀出研究力：英文期刊論文閱讀,熊宜君,52207,Write7020,Q01M0620,選修,,"二 6,7,8",共401,2 類,,3,,https://course.ntu.edu.tw/courses/114-2/52207
英文溝通與批判思維：研究、科技與社會的當前挑戰,柯凱彣,54886,Write7021,Q01M0630,選修,,"四 6,7,8",共405,2 類,,3,,https://course.ntu.edu.tw/courses/114-2/54886
