課名,教師,流水號,課號,課程識別碼,必選修,開課系所,上課時間,上課地點,加簽類別,授課語言,學分,修課人數上限,詳情頁URL
服務學習甲,陳宜龍,15338,AC0006,603001G0,必帶,,,,2 類,,1,,https://course.ntu.edu.tw/courses/114-1/15338
服務學習乙,王尚禮,45451,AC0007,603001H0,必帶,,,,1 類,,1,,https://course.ntu.edu.tw/courses/114-1/45451
農業化學導論,陳宜龍,49129,AC2001,60320100,必帶,,五 6,共104,1 類,,1,,https://course.ntu.edu.tw/courses/114-1/49129
土壤學,許正一,38083,AC2003,60321100,必帶 / 必修,,"二 3,4",新505,3 類,,2,,https://course.ntu.edu.tw/courses/114-1/38083
土壤學,王尚禮,24442,AC2003,60321100,必帶 / 必修 / 選修,,"二 3,4",農藝112,2 類,,2,,https://course.ntu.edu.tw/courses/114-1/24442
土壤學實驗,許正一,20085,AC2004,60321200,必帶,,"二 7,8,9",農化二211,2 類,,1,,https://course.ntu.edu.tw/courses/114-1/20085
土壤學實驗,許正一,50996,AC2004,60321200,必帶,,"一 2,3,4",農化二211,2 類,,1,,https://course.ntu.edu.tw/courses/114-1/50996
土壤學實驗,許正一,56481,AC2004,60321200,必帶 / 選修,,"一 7,8,9",農化二211,2 類,,1,,https://course.ntu.edu.tw/courses/114-1/56481
土壤學實驗,許正一,44183,AC2004,60321200,必帶 / 選修,,"四 3,4,5",農化二211,2 類,,1,,https://course.ntu.edu.tw/courses/114-1/44183
土壤化學,王尚禮,23335,AC3002,60331000,必修 / 選修,,"三 3,4",農化一第六-1,2 類,,2,,https://course.ntu.edu.tw/courses/114-1/23335
植物生理學,盧  毅,58660,AC3007,60332710,必修,,"三 3,4",農化二B10,1 類,,2,,https://course.ntu.edu.tw/courses/114-1/58660
環境微生物學,林乃君,15047,AC3009,60333100,必修,,"四 3,4",農化二B10,2 類,,2,,https://course.ntu.edu.tw/courses/114-1/15047
環境微生物學實驗,林乃君,21045,AC3010,60333200,選修,,"一 8,9,10",農化二110-1,2 類,,1,,https://course.ntu.edu.tw/courses/114-1/21045
分子生物學,羅凱尹,32782,AC3037,60333630,必帶,,"五 2,3,4",普406,2 類,,3,,https://course.ntu.edu.tw/courses/114-1/32782
專題研究一,徐駿森,26526,AC4012,60349610,選修,,,,1 類,,2,,https://course.ntu.edu.tw/courses/114-1/26526
專題研究一,羅凱尹,46261,AC4012,60349610,選修,,,,1 類,,2,,https://course.ntu.edu.tw/courses/114-1/46261
專題研究一,盧  毅,38407,AC4012,60349610,選修,,,,1 類,,2,,https://course.ntu.edu.tw/courses/114-1/38407
專題研究二,顏瑞泓,95085,AC4013,60349620,選修,,,,2 類,,2,,https://course.ntu.edu.tw/courses/114-1/95085
專題研究二,蘇南維,30848,AC4013,60349620,選修,,,,1 類,,2,,https://course.ntu.edu.tw/courses/114-1/30848
專題研究二,王尚禮,11808,AC4013,60349620,選修,,,,1 類,,2,,https://course.ntu.edu.tw/courses/114-1/11808
專題研究二,施養信,24288,AC4013,60349620,選修,,,,1 類,,2,,https://course.ntu.edu.tw/courses/114-1/24288
專題研究二,洪傳揚,18874,AC4013,60349620,選修,,,,1 類,,2,,https://course.ntu.edu.tw/courses/114-1/18874
專題研究二,陳佩貞,16600,AC4013,60349620,選修,,,,1 類,,2,,https://course.ntu.edu.tw/courses/114-1/16600
專題研究二,羅凱尹,10756,AC4013,60349620,選修,,,,1 類,,2,,https://course.ntu.edu.tw/courses/114-1/10756
專題研究二,陳宜龍,58765,AC4013,60349620,選修,,,,1 類,,2,,https://course.ntu.edu.tw/courses/114-1/58765
專題討論,徐駿森,25574,AC4015,60349100,必修,,"二 8,9",農化二B10,1 類,,1,,https://course.ntu.edu.tw/courses/114-1/25574
校外實習,賴喜美,50672,AC4020,60348810,選修,,,,2 類,,1,,https://course.ntu.edu.tw/courses/114-1/50672
學士論文上,賴喜美,35748,AC4023,60349501,選修,,,,2 類,,1,,https://course.ntu.edu.tw/courses/114-1/35748
學士論文上,洪傳揚,33403,AC4023,60349501,選修,,,,1 類,,1,,https://course.ntu.edu.tw/courses/114-1/33403
學士論文上,盧  毅,58401,AC4023,60349501,選修,,,,1 類,,1,,https://course.ntu.edu.tw/courses/114-1/58401
學士論文上,陳宜龍,36576,AC4023,60349501,選修,,,,1 類,,1,,https://course.ntu.edu.tw/courses/114-1/36576
食品加工學,蘇南維,32134,AC5008,623U0540,必修,,"四 1,2,6",農化一第六-1,1 類,,3,,https://course.ntu.edu.tw/courses/114-1/32134
土壤化學分析,何聖賓,20590,AC5044,623U4080,選修,,"五 3,4",農化二106,2 類,,2,,https://course.ntu.edu.tw/courses/114-1/20590
微生物生理學,陳宜龍,15981,AC5059,623U4270,選修,,"一 8,9",農化一第五,1 類,,2,,https://course.ntu.edu.tw/courses/114-1/15981
植物生物技術概論,洪傳揚,19793,AC5063,623U4310,選修,,"四 8,9",農化二106,3 類,,2,,https://course.ntu.edu.tw/courses/114-1/19793
分子辨識,徐駿森,50197,AC5066,623U4340,選修,,"三 8,9",農化一第五,3 類,,2,,https://course.ntu.edu.tw/courses/114-1/50197
環境毒物學原理,陳佩貞,50372,AC5067,623U4350,選修,,"三 3,4",農化一第五,1 類,,2,,https://course.ntu.edu.tw/courses/114-1/50372
土壤化學特論,許正一,49341,AC5068,623U4360,選修,,"一 10,A,B,C / 二 10,A,B,C / 三 10,A,B,C / 四 10,A,B,C / 五 10,A,B,C",,1 類,,1,,https://course.ntu.edu.tw/courses/114-1/49341
微生物學特論,楊秋忠,48187,AC5085,623U4510,選修,,"四 2,3,4",農化二106,1 類,,1,,https://course.ntu.edu.tw/courses/114-1/48187
食品分析,賴喜美,20632,AC5091,623U0400,必帶 / 必修 / 選修,,"一 3,4",農化二B10,1 類,,2,,https://course.ntu.edu.tw/courses/114-1/20632
食品分析實驗,賴喜美,36334,AC5092,623U0410,必帶 / 選修,,"二 6,7,8,9",農化二107,2 類,,2,,https://course.ntu.edu.tw/courses/114-1/36334
食品分析實驗,賴喜美,21970,AC5092,623U0410,必帶 / 選修,,"四 6,7,8,9",農化二107,2 類,,2,,https://course.ntu.edu.tw/courses/114-1/21970
食品化學一,蘇南維,34364,AC5098,623U5050,必修,,"一 6,7",農化二B10,3 類,,2,,https://course.ntu.edu.tw/courses/114-1/34364
生物資訊學,陳宜龍,95082,AC5101,623U5080,選修,,"三 6,7",農化二106,1 類,,2,,https://course.ntu.edu.tw/courses/114-1/95082
專題討論,洪傳揚,48862,AC7001,623M0030,必修,,"五 8,9",,1 類,,1,,https://course.ntu.edu.tw/courses/114-1/48862
專題討論,吳蕙芬,44022,AC7001,623M0030,必修,,"五 8,9",農化一第五-1,1 類,,1,,https://course.ntu.edu.tw/courses/114-1/44022
專題研究一,顏瑞泓,44865,AC7002,623M1010,必修,,,,2 類,,2,,https://course.ntu.edu.tw/courses/114-1/44865
專題研究一,賴喜美,47390,AC7002,623M1010,必修,,,,2 類,,2,,https://course.ntu.edu.tw/courses/114-1/47390
專題研究一,蘇南維,27025,AC7002,623M1010,必修,,,,1 類,,2,,https://course.ntu.edu.tw/courses/114-1/27025
專題研究一,王尚禮,35840,AC7002,623M1010,必修,,,,1 類,,2,,https://course.ntu.edu.tw/courses/114-1/35840
專題研究一,施養信,13151,AC7002,623M1010,必修,,,,1 類,,2,,https://course.ntu.edu.tw/courses/114-1/13151
專題研究一,許正一,31899,AC7002,623M1010,必修,,,,1 類,,2,,https://course.ntu.edu.tw/courses/114-1/31899
專題研究一,洪傳揚,51785,AC7002,623M1010,必修,,,,1 類,,2,,https://course.ntu.edu.tw/courses/114-1/51785
專題研究一,徐駿森,50268,AC7002,623M1010,必修,,,,1 類,,2,,https://course.ntu.edu.tw/courses/114-1/50268
專題研究一,吳蕙芬,25229,AC7002,623M1010,必修,,,,1 類,,2,,https://course.ntu.edu.tw/courses/114-1/25229
專題研究一,陳佩貞,31285,AC7002,623M1010,必修,,,,1 類,,2,,https://course.ntu.edu.tw/courses/114-1/31285
專題研究一,羅凱尹,59249,AC7002,623M1010,必修,,,,1 類,,2,,https://course.ntu.edu.tw/courses/114-1/59249
專題研究一,盧  毅,42739,AC7002,623M1010,必修,,,,1 類,,2,,https://course.ntu.edu.tw/courses/114-1/42739
專題研究一,陳宜龍,55846,AC7002,623M1010,必修,,,,1 類,,2,,https://course.ntu.edu.tw/courses/114-1/55846
環境有機化學一,施養信,18699,AC7030,623M2920,選修,,"二 3,4",農化一第五,1 類,,2,,https://course.ntu.edu.tw/courses/114-1/18699
農業化學儀器分析一,洪傳揚,21635,AC7032,623M1610,必修,,五 7,農化二B10,1 類,,1,,https://course.ntu.edu.tw/courses/114-1/21635
碩士論文,,24277,AC7999,623M0010,必修,,,,1 類,,0,,https://course.ntu.edu.tw/courses/114-1/24277
專題討論,洪傳揚,41416,AC8001,623D0030,必修,,"五 8,9",農化二B10,1 類,,1,,https://course.ntu.edu.tw/courses/114-1/41416
專題討論,羅凱尹,57932,AC8001,623D0030,必修,,"五 8,9",,1 類,,1,,https://course.ntu.edu.tw/courses/114-1/57932
專題研究一,王尚禮,38274,AC8002,623D1010,必修,,,,1 類,,2,,https://course.ntu.edu.tw/courses/114-1/38274
專題研究一,許正一,13617,AC8002,623D1010,必修,,,,1 類,,2,,https://course.ntu.edu.tw/courses/114-1/13617
專題研究一,洪傳揚,57674,AC8002,623D1010,必修,,,,1 類,,2,,https://course.ntu.edu.tw/courses/114-1/57674
專題研究一,林乃君,29796,AC8002,623D1010,必修,,,,1 類,,2,,https://course.ntu.edu.tw/courses/114-1/29796
專題研究一,羅凱尹,15342,AC8002,623D1010,必修,,,,1 類,,2,,https://course.ntu.edu.tw/courses/114-1/15342
專題研究三,王尚禮,10903,AC8004,623D1030,必修,,,,1 類,,2,,https://course.ntu.edu.tw/courses/114-1/10903
服務學習甲,王全三,30020,Acc0006,702001G0,必修,,二 5,,3 類,,1,,https://course.ntu.edu.tw/courses/114-1/30020
服務學習甲,劉心才,20134,Acc0006,702001G0,必修,,二 5,,3 類,,1,,https://course.ntu.edu.tw/courses/114-1/20134
服務學習甲,黃祥宇,50755,Acc0006,702001G0,必修,,二 5,,3 類,,1,,https://course.ntu.edu.tw/courses/114-1/50755
服務學習甲,陳思帆,49262,Acc0006,702001G0,必修,,四 5,,3 類,,1,,https://course.ntu.edu.tw/courses/114-1/49262
服務學習甲,朱玉芳,14352,Acc0006,702001G0,必修,,四 5,,3 類,,1,,https://course.ntu.edu.tw/courses/114-1/14352
服務學習甲,黃盈綺,46713,Acc0006,702001G0,必修,,四 5,,3 類,,1,,https://course.ntu.edu.tw/courses/114-1/46713
服務學習甲,張文馨,30313,Acc0006,702001G0,必修,,五 6,,3 類,,1,,https://course.ntu.edu.tw/courses/114-1/30313
服務學習乙,張文馨,29925,Acc0007,702001H0,選修,,,,2 類,,1,,https://course.ntu.edu.tw/courses/114-1/29925
服務學習乙,謝昇峯,16743,Acc0007,702001H0,選修,,,,2 類,,1,,https://course.ntu.edu.tw/courses/114-1/16743
會計學甲一上,陳坤志,20436,Acc1003,70210111,必帶,,"一 A,B,C,D / 四 5,6",共105,2 類,,3,,https://course.ntu.edu.tw/courses/114-1/20436
會計學甲一上,陳坤志,45987,Acc1003,70210111,必帶,,"一 A,B,C,D / 四 5,6",共203,2 類,,3,,https://course.ntu.edu.tw/courses/114-1/45987
會計學甲一上,陳坤志,23850,Acc1003,70210111,必帶,,"一 A,B,C,D / 四 5,6",共201,2 類,,3,,https://course.ntu.edu.tw/courses/114-1/23850
會計學甲一上,陳坤志,55970,Acc1003,70210111,選修,,"一 A,B,C,D / 二 5,6",共105,2 類,,3,,https://course.ntu.edu.tw/courses/114-1/55970
會計學甲一上,陳坤志,17595,Acc1003,70210111,選修,,"一 A,B,C,D / 二 5,6",共301,2 類,,3,,https://course.ntu.edu.tw/courses/114-1/17595
會計學甲一上,陳坤志,47276,Acc1003,70210111,選修,,"一 A,B,C,D / 三 5,6",共204,2 類,,3,,https://course.ntu.edu.tw/courses/114-1/47276
會計學甲一上,陳坤志,15680,Acc1003,70210111,選修,,"一 A,B,C,D / 三 5,6",共205,2 類,,3,,https://course.ntu.edu.tw/courses/114-1/15680
會計專業入門,廖珮真,44280,Acc1014,70210700,必帶,,"一 2,3,4",管二104,2 類,,3,,https://course.ntu.edu.tw/courses/114-1/44280
會計專業入門,廖珮真,21516,Acc1014,70210700,必帶,,"一 2,3,4",,2 類,,3,,https://course.ntu.edu.tw/courses/114-1/21516
民法概要乙,游啓璋,11736,Acc2009,702173B0,必帶,,"四 2,3,4",管二206,3 類,,3,,https://course.ntu.edu.tw/courses/114-1/11736
商業應用軟體,王春笙,40779,Acc2012,70212020,選修,,"五 2,3,4",管一大電腦,3 類,,3,,https://course.ntu.edu.tw/courses/114-1/40779
中級會計學上,吳淑鈴,50831,Acc2018,70220661,必修,,"二 2,3,4",管二202,2 類,,3,,https://course.ntu.edu.tw/courses/114-1/50831
中級會計學上,王全三,10856,Acc2018,70220661,必修,,"一 A,B,C",管一101,2 類,,3,,https://course.ntu.edu.tw/courses/114-1/10856
高等會計學上,黃盈綺,53725,Acc3001,70230101,必修,,"一 2,3,4",管二102,2 類,,3,,https://course.ntu.edu.tw/courses/114-1/53725
高等會計學上,許文馨,29797,Acc3001,70230101,必修,,"五 7,8,9",管二305,2 類,,3,,https://course.ntu.edu.tw/courses/114-1/29797
審計學上,陳思帆,46396,Acc3003,70240101,必修,,"一 7,8,9",管二205,2 類,,3,,https://course.ntu.edu.tw/courses/114-1/46396
審計學上,朱玉芳,10218,Acc3003,70240101,必修,,"三 7,8,9",管二101,2 類,,3,,https://course.ntu.edu.tw/courses/114-1/10218
管理會計與數據分析上,高偉娟,11141,Acc3015,70230501,必修,,"一 2,3,4",管二201,2 類,,3,,https://course.ntu.edu.tw/courses/114-1/11141
管理會計與數據分析上,曾智揚,32214,Acc3015,70230501,必修,,"一 2,3,4",管二305,2 類,,3,,https://course.ntu.edu.tw/courses/114-1/32214
稅務法規,陳衍任,47341,Acc4006,70240610,必修,,"二 7,8,9",管一103,2 類,,3,,https://course.ntu.edu.tw/courses/114-1/47341
稅務法規應用,林世銘,30231,Acc4007,70240620,選修,,"三 10,A,B",管一101,2 類,,3,,https://course.ntu.edu.tw/courses/114-1/30231
公司治理與財務報表,傅文芳,10079,Acc5012,722U7090,選修,,"一 7,8,9",管二101,3 類,,3,,https://course.ntu.edu.tw/courses/114-1/10079
計量經濟,廖珮真,11703,Acc5022,722U6200,必修 / 選修,,"一 7,8,9",管二303,2 類,,3,,https://course.ntu.edu.tw/courses/114-1/11703
產業、會計、審計、風險面面觀,徐聖忠,47865,Acc5039,722U3370,選修,,"四 7,8,9",管二305,2 類,,3,,https://course.ntu.edu.tw/courses/114-1/47865
會計人國際稅務管理新思維,許志文,26226,Acc5042,722U5090,選修,,"四 7,8,9",管一405,2 類,,3,,https://course.ntu.edu.tw/courses/114-1/26226
科技創新與會計實務,區耀軍,42389,Acc5049,722U4480,選修,,"二 7,8,9",管二304,2 類,,3,,https://course.ntu.edu.tw/courses/114-1/42389
金融工具與保險合約之會計規範,蔡彥卿,33575,Acc5051,722U9040,選修,,"一 2,3,4",管二205,2 類,,3,,https://course.ntu.edu.tw/courses/114-1/33575
財務會計理論,葉  疏,53428,Acc7001,722M1300,必修,,"三 2,3,4",管二302,3 類,,3,,https://course.ntu.edu.tw/courses/114-1/53428
會計專業之法律個案研討,王全三,48498,Acc7012,722M1100,選修,,"五 A,B,C",管二研六,2 類,,3,,https://course.ntu.edu.tw/courses/114-1/48498
企業價值管理與數據分析,劉順仁,55690,Acc7017,722M1010,必修,,"五 2,3,4",管一102,2 類,,3,,https://course.ntu.edu.tw/courses/114-1/55690
碩士論文,,27705,Acc7999,722M0010,必修,,,,1 類,,0,,https://course.ntu.edu.tw/courses/114-1/27705
會計實證研究一,劉心才,49014,Acc8001,722D5110,必修,,"二 2,3,4",管二研十,3 類,,3,,https://course.ntu.edu.tw/courses/114-1/49014
論文寫作一,廖芝嫻,38665,Acc8004,722D7000,必修,,,,3 類,,3,,https://course.ntu.edu.tw/courses/114-1/38665
論文寫作二,廖芝嫻,24981,Acc8005,722D7010,必修,,,,3 類,,3,,https://course.ntu.edu.tw/courses/114-1/24981
會計學專題研究討論一,謝昇峯,30822,Acc8006,722D6000,必修,,四 5,管一405,3 類,,1,,https://course.ntu.edu.tw/courses/114-1/30822
會計學專題研究討論三,謝昇峯,58498,Acc8008,722D6030,必修,,四 6,管一405,3 類,,1,,https://course.ntu.edu.tw/courses/114-1/58498
博士論文,,44645,Acc8999,722D0010,選修,,,,1 類,,0,,https://course.ntu.edu.tw/courses/114-1/44645
進階英語一(綜合),王珊珊,14424,AdvEng2001,00420110,必帶,,"二 6,7",外教203,3 類,,0,,https://course.ntu.edu.tw/courses/114-1/14424
進階英語一(聽力),林皓輿,38284,AdvEng2005,00420310,必帶,,"四 9,10",外教201,3 類,,0,,https://course.ntu.edu.tw/courses/114-1/38284
進階英語一(聽力),莊世全,11857,AdvEng2005,00420310,必帶,,"四 8,9",外教104,2 類,,0,,https://course.ntu.edu.tw/courses/114-1/11857
進階英語一(口說),林皓輿,49959,AdvEng2009,00420410,必帶,,"一 3,4",外教201,3 類,,0,,https://course.ntu.edu.tw/courses/114-1/49959
進階英語一(綜合思辨),劉威辰,36749,AdvEng2013,00420610,必帶,,"一 8,9",外教202,2 類,,0,,https://course.ntu.edu.tw/courses/114-1/36749
進階英語一(綜合思辨),劉威辰,30610,AdvEng2013,00420610,必帶,,"三 6,7",普404,2 類,,0,,https://course.ntu.edu.tw/courses/114-1/30610
進階英語一(綜合思辨),劉威辰,43703,AdvEng2013,00420610,必帶,,"三 8,9",普404,2 類,,0,,https://course.ntu.edu.tw/courses/114-1/43703
進階英語一(綜合科技),陳逸軒,49150,AdvEng2015,00420710,必帶,,"三 8,9",新502,3 類,,0,,https://course.ntu.edu.tw/courses/114-1/49150
進階英語一(綜合學術),鍾玉玨,15962,AdvEng2017,00420810,必帶,,"二 3,4",共401,3 類,,0,,https://course.ntu.edu.tw/courses/114-1/15962
實用泰文會話,張君松,46101,AdvEng3016,004305A0,選修,,"二 6,7,8",綜603,2 類,,3,,https://course.ntu.edu.tw/courses/114-1/46101
印尼文一上,王麗蘭,41345,AdvEng3102,00430211,選修,,"一 3,4,5",新504,2 類,,3,,https://course.ntu.edu.tw/courses/114-1/41345
印尼文二上,王麗蘭,25531,AdvEng3103,00430221,選修,,"一 6,7,8",新301,2 類,,3,,https://course.ntu.edu.tw/courses/114-1/25531
韓文一上,李相美,20386,AdvEng3104,00430311,選修,,"二 2,3,4",共304,3 類,,3,,https://course.ntu.edu.tw/courses/114-1/20386
韓文一上,李相美,25949,AdvEng3104,00430311,選修,,"二 5,6,7",共304,3 類,,3,,https://course.ntu.edu.tw/courses/114-1/25949
韓文一上,李相美,35553,AdvEng3104,00430311,選修,,"二 8,9,10",共304,3 類,,3,,https://course.ntu.edu.tw/courses/114-1/35553
韓文一上,李相美,54182,AdvEng3104,00430311,選修,,"三 5,6,7",共403,3 類,,3,,https://course.ntu.edu.tw/courses/114-1/54182
韓文一上,李承珍,11530,AdvEng3104,00430311,選修,,"一 5,6,7",共303,3 類,,3,,https://course.ntu.edu.tw/courses/114-1/11530
韓文一上,李承珍,31925,AdvEng3104,00430311,選修,,"一 8,9,10",共303,3 類,,3,,https://course.ntu.edu.tw/courses/114-1/31925
韓文一上,李承珍,50862,AdvEng3104,00430311,選修,,"二 8,9,10",共307,3 類,,3,,https://course.ntu.edu.tw/courses/114-1/50862
韓文一上,李承珍,15762,AdvEng3104,00430311,選修,,"三 5,6,7",共404,3 類,,3,,https://course.ntu.edu.tw/courses/114-1/15762
韓文二上,李相美,37883,AdvEng3105,00430321,選修,,"一 8,9,10",共402,2 類,,3,,https://course.ntu.edu.tw/courses/114-1/37883
韓文二上,李承珍,11929,AdvEng3105,00430321,選修,,"二 5,6,7",共307,2 類,,3,,https://course.ntu.edu.tw/courses/114-1/11929
馬來文一上,顏聖錝,52660,AdvEng3106,00430411,選修,,"二 6,7,8",新504,2 類,,3,,https://course.ntu.edu.tw/courses/114-1/52660
泰文一上,張君松,13351,AdvEng3107,00430511,選修,,"三 5,6,7",綜604,2 類,,3,,https://course.ntu.edu.tw/courses/114-1/13351
泰文一上,張君松,42635,AdvEng3107,00430511,選修,,"三 8,9,10",綜604,2 類,,3,,https://course.ntu.edu.tw/courses/114-1/42635
泰文一上,張君松,39759,AdvEng3107,00430511,選修,,"四 6,7,8",綜602,2 類,,3,,https://course.ntu.edu.tw/courses/114-1/39759
泰文二上,張君松,13520,AdvEng3108,00430521,選修,,"四 2,3,4",新403,2 類,,3,,https://course.ntu.edu.tw/courses/114-1/13520
泰文三上,張君松,13411,AdvEng3109,00430531,選修,,"三 2,3,4",綜604,2 類,,3,,https://course.ntu.edu.tw/courses/114-1/13411
越南文一上,阮蓮香,41118,AdvEng3110,00430611,選修,,"三 2,3,4",共405,2 類,,3,,https://course.ntu.edu.tw/courses/114-1/41118
越南文一上,阮蓮香,19425,AdvEng3110,00430611,選修,,"四 2,3,4",共403,2 類,,3,,https://course.ntu.edu.tw/courses/114-1/19425
越南文二上,阮蓮香,42407,AdvEng3111,00430621,選修,,"四 6,7,8",共403,2 類,,3,,https://course.ntu.edu.tw/courses/114-1/42407
越南文二上,阮蓮香,48816,AdvEng3111,00430621,選修,,"三 6,7,8",共405,2 類,,3,,https://course.ntu.edu.tw/courses/114-1/48816
韓文三上,李相美,18580,AdvEng3112,00430331,選修,,"三 8,9,10",共403,2 類,,3,,https://course.ntu.edu.tw/courses/114-1/18580
馬來文二上,顏聖錝,39734,AdvEng3113,00430421,選修,,"二 2,3,4",新404,2 類,,3,,https://course.ntu.edu.tw/courses/114-1/39734
越南文三上,阮蓮香,54245,AdvEng3115,00430631,選修,,"一 6,7,8",共405,2 類,,3,,https://course.ntu.edu.tw/courses/114-1/54245
EMI課程過渡與口說技巧強化班 (文法商群),陳逸軒,10800,AdvEng5001,00450010,選修,,"五 7,8,9",外教202,3 類,,1,,https://course.ntu.edu.tw/courses/114-1/10800
EMI口說與討論訓練,莊世全,39450,AdvEng5003,00450030,選修,,"五 5,6,7",外教203,2 類,,1,,https://course.ntu.edu.tw/courses/114-1/39450
研究生線上英文一,,51083,AdvEng7001,004M0110,選修,,,,2 類,,0,,https://course.ntu.edu.tw/courses/114-1/51083
研究生線上英文二,,33291,AdvEng7002,004M0120,選修,,,,2 類,,0,,https://course.ntu.edu.tw/courses/114-1/33291
研究生線上英文三,,54527,AdvEng7003,004M0130,選修,,,,2 類,,0,,https://course.ntu.edu.tw/courses/114-1/54527
研究生線上英語四(進階閱讀策略與應用),,46349,AdvEng7007,004M0170,選修,,,,2 類,,0,,https://course.ntu.edu.tw/courses/114-1/46349
服務學習甲,石曜合,24201,AGEC0007,607001G0,必帶,,,,1 類,,1,,https://course.ntu.edu.tw/courses/114-1/24201
農業經濟概論,陳郁蕙,48634,AGEC1004,60710100,必帶 / 選修,,"一 7,8",農經大講堂,1 類,,2,,https://course.ntu.edu.tw/courses/114-1/48634
經濟學原理上,陳  暐,12057,AGEC1005,60710201,必帶,,"一 3,4,5 / 二 5 / 三 5",農經大講堂,1 類,,3,,https://course.ntu.edu.tw/courses/114-1/12057
統計學上,楊豐安,39220,AGEC2001,60720011,必帶 / 必修 / 選修,,"一 2,3,4,6",,1 類,,3,,https://course.ntu.edu.tw/courses/114-1/39220
個體經濟學甲上,巫凱琳,18761,AGEC2005,607263A1,必帶,,"三 6,7,8",農經三,1 類,,3,,https://course.ntu.edu.tw/courses/114-1/18761
應用計量經濟學導論,楊豐安,19146,AGEC2018,60720030,必帶,,"二 3,4,6,7,8",,1 類,,4,,https://course.ntu.edu.tw/courses/114-1/19146
總體經濟學一,羅竹平,52964,AGEC2019,60726410,必帶,,"一 6,7,8",農經三,1 類,,3,,https://course.ntu.edu.tw/courses/114-1/52964
農產價格,劉  鋼,18844,AGEC3006,60732700,必帶,,"五 7,8,9",農經三,1 類,,3,,https://course.ntu.edu.tw/courses/114-1/18844
農業金融,何率慈,39910,AGEC3008,60733200,必帶,,"二 2,3,4",農經二,1 類,,3,,https://course.ntu.edu.tw/courses/114-1/39910
農企業管理學,雷立芬,32914,AGEC3017,60731310,必帶,,"四 2,3,4",農經大講堂,3 類,,3,,https://course.ntu.edu.tw/courses/114-1/32914
應用賽局理論,陳  暐,18312,AGEC3032,627U1320,選修,,"五 3,4,5",農經會議室,2 類,,3,,https://course.ntu.edu.tw/courses/114-1/18312
企業總裁領導實務,唐迎華,55705,AGEC3037,627U1350,選修,,"一 7,8",農經會議室,3 類,,2,,https://course.ntu.edu.tw/courses/114-1/55705
農產品電子商務實務,楊棟樑,95057,AGEC3044,60730910,選修,,"二 7,8",一樓研討室,3 類,,2,,https://course.ntu.edu.tw/courses/114-1/95057
農業政策,陳郁蕙,25482,AGEC4005,60745200,必帶 / 選修,,"四 7,8,9",農經大講堂,2 類,,3,,https://course.ntu.edu.tw/courses/114-1/25482
產業經濟學,張宏浩,26887,AGEC4013,60749460,選修,,"二 7,8,9",農經四,1 類,,3,,https://course.ntu.edu.tw/courses/114-1/26887
中國經濟,羅竹平,18573,AGEC4017,60749510,選修,,"三 7,8,9",農經會議室,1 類,,3,,https://course.ntu.edu.tw/courses/114-1/18573
貿易自由化與臺灣農業,何率慈,19057,AGEC4018,60749600,選修,,"三 3,4",農經會議室,3 類,,2,,https://course.ntu.edu.tw/courses/114-1/19057
農業經濟問題討論上,陳郁蕙,39159,AGEC4019,60749101,必帶,,"五 3,4",農經大講堂,2 類,,2,,https://course.ntu.edu.tw/courses/114-1/39159
環境與自然資源經濟學,林柏熊,47646,AGEC5001,60751000,必帶,,"三 6,7,8",農經二,1 類,,3,,https://course.ntu.edu.tw/courses/114-1/47646
環境與自然資源經濟學,石曜合,11990,AGEC5001,60751000,必修,,"五 3,4,5",農經四,2 類,,3,,https://course.ntu.edu.tw/courses/114-1/11990
計量經濟學一,石曜合,40524,AGEC5003,627U0070,選修,,"一 6,7,8",農經四,3 類,,3,,https://course.ntu.edu.tw/courses/114-1/40524
環境經濟學,石曜合,26593,AGEC5006,627U0130,選修,,"五 3,4,5",,2 類,,3,,https://course.ntu.edu.tw/courses/114-1/26593
專題研究一,魏敏芳,13194,AGEC5034,627U1140,選修,,,,2 類,,2,,https://course.ntu.edu.tw/courses/114-1/13194
專題研究一,巫凱琳,36960,AGEC5034,627U1140,選修,,,,2 類,,2,,https://course.ntu.edu.tw/courses/114-1/36960
專題研究一,陳郁蕙,14599,AGEC5034,627U1140,選修,,,,2 類,,2,,https://course.ntu.edu.tw/courses/114-1/14599
專題研究一,劉  鋼,50691,AGEC5034,627U1140,選修,,,,2 類,,2,,https://course.ntu.edu.tw/courses/114-1/50691
專題研究一,羅竹平,17378,AGEC5034,627U1140,選修,,,,2 類,,2,,https://course.ntu.edu.tw/courses/114-1/17378
專題研究一,楊豐安,44530,AGEC5034,627U1140,選修,,,,2 類,,2,,https://course.ntu.edu.tw/courses/114-1/44530
專題研究一,石曜合,59558,AGEC5034,627U1140,選修,,,,2 類,,2,,https://course.ntu.edu.tw/courses/114-1/59558
專題研究一,何率慈,20257,AGEC5034,627U1140,選修,,,,3 類,,2,,https://course.ntu.edu.tw/courses/114-1/20257
氣候變遷衝擊與因應,楊之遠,48255,AGEC5038,627U1180,選修,,"二 8,9",農經大講堂,1 類,,2,,https://course.ntu.edu.tw/courses/114-1/48255
碳定價：理論與實務應用,劉哲良,18558,AGEC5051,627U1380,選修,,"五 7,8",農經二,3 類,,2,,https://course.ntu.edu.tw/courses/114-1/18558
糧食問題,魏敏芳,27024,AGEC5052,627U0410,選修,,"二 5,6,7",農經二,2 類,,3,,https://course.ntu.edu.tw/courses/114-1/27024
產業政策,巫凱琳,19384,AGEC5053,627U1390,選修,,"三 2,3,4",農經三,3 類,,3,,https://course.ntu.edu.tw/courses/114-1/19384
大數據分析,孫立群,54329,AGEC5057,627U1430,選修,,"四 2,3,4",農經會議室,3 類,,3,,https://course.ntu.edu.tw/courses/114-1/54329
專題討論一,陳郁蕙,19902,AGEC7001,627M0030,必修,,,,1 類,,1,,https://course.ntu.edu.tw/courses/114-1/19902
專題討論二,陳郁蕙,15408,AGEC7002,627M0040,必修,,"五 7,8",一樓研討室,2 類,,1,,https://course.ntu.edu.tw/courses/114-1/15408
專題演講一,陳郁蕙,34016,AGEC7003,627M0050,必修,,"五 7,8",,2 類,,0,,https://course.ntu.edu.tw/courses/114-1/34016
個體經濟理論一,魏敏芳,21551,AGEC7020,627M1650,必修,,"一 7,8,9",農經二,2 類,,3,,https://course.ntu.edu.tw/courses/114-1/21551
總體經濟理論,葉國俊,18413,AGEC7022,627M1670,必修,,"一 3,4,5",農經三,1 類,,3,,https://course.ntu.edu.tw/courses/114-1/18413
應用計量經濟學,張宏浩,19273,AGEC7035,627M2240,必修,,"二 3,4,5",農經三,1 類,,3,,https://course.ntu.edu.tw/courses/114-1/19273
專題研究三,雷立芬,47046,AGEC7069,627M4630,選修,,,,1 類,,2,,https://course.ntu.edu.tw/courses/114-1/47046
專題研究三,魏敏芳,12221,AGEC7069,627M4630,選修,,,,2 類,,2,,https://course.ntu.edu.tw/courses/114-1/12221
專題研究三,巫凱琳,25128,AGEC7069,627M4630,選修,,,,2 類,,2,,https://course.ntu.edu.tw/courses/114-1/25128
專題研究三,魏敏芳,34090,AGEC7069,627M4630,選修,,,,2 類,,2,,https://course.ntu.edu.tw/courses/114-1/34090
專題研究三,雷立芬,10826,AGEC7069,627M4630,選修,,,,1 類,,2,,https://course.ntu.edu.tw/courses/114-1/10826
專題研究三,林柏熊,52255,AGEC7069,627M4630,選修,,,,2 類,,2,,https://course.ntu.edu.tw/courses/114-1/52255
專題研究三,張宏浩,45274,AGEC7069,627M4630,選修,,,,1 類,,2,,https://course.ntu.edu.tw/courses/114-1/45274
專題研究三,劉  鋼,25885,AGEC7069,627M4630,選修,,,,2 類,,2,,https://course.ntu.edu.tw/courses/114-1/25885
專題研究三,羅竹平,11113,AGEC7069,627M4630,選修,,,,2 類,,2,,https://course.ntu.edu.tw/courses/114-1/11113
專題研究三,魏敏芳,19359,AGEC7069,627M4630,選修,,,,2 類,,2,,https://course.ntu.edu.tw/courses/114-1/19359
專題研究三,劉  鋼,19690,AGEC7069,627M4630,選修,,,,1 類,,2,,https://course.ntu.edu.tw/courses/114-1/19690
專題研究三,何率慈,59355,AGEC7069,627M4630,選修,,,,3 類,,2,,https://course.ntu.edu.tw/courses/114-1/59355
個體經濟學,楊豐安,17646,AGEC7075,627M4700,必修,,,,1 類,,3,,https://course.ntu.edu.tw/courses/114-1/17646
總體經濟學,林柏熊,55158,AGEC7079,627M4740,必修,,"三 3,4,5",公共接待室,1 類,,3,,https://course.ntu.edu.tw/courses/114-1/55158
研究方法論,劉  鋼,29563,AGEC7082,627M4770,必修,,"五 2,3,4",農經三,1 類,,3,,https://course.ntu.edu.tw/courses/114-1/29563
論文寫作,雷立芬,52698,AGEC7105,627M5020,必修,,,,1 類,,1,,https://course.ntu.edu.tw/courses/114-1/52698
論文寫作,陳郁蕙,31774,AGEC7105,627M5020,必修,,,,2 類,,1,,https://course.ntu.edu.tw/courses/114-1/31774
論文寫作,張宏浩,14327,AGEC7105,627M5020,必修,,,,1 類,,1,,https://course.ntu.edu.tw/courses/114-1/14327
論文寫作,劉  鋼,16718,AGEC7105,627M5020,必修,,,,2 類,,1,,https://course.ntu.edu.tw/courses/114-1/16718
論文寫作,楊豐安,17862,AGEC7105,627M5020,必修,,,,2 類,,1,,https://course.ntu.edu.tw/courses/114-1/17862
論文寫作,陳  暐,43793,AGEC7105,627M5020,必修,,,,2 類,,1,,https://course.ntu.edu.tw/courses/114-1/43793
論文寫作,巫凱琳,95087,AGEC7105,627M5020,必修,,,,1 類,,1,,https://course.ntu.edu.tw/courses/114-1/95087
國際農業體驗,張宏浩,22264,AGEC7106,627M9500,選修,,,,1 類,,3,,https://course.ntu.edu.tw/courses/114-1/22264
中國經濟,羅竹平,29673,AGEC7111,627M9700,選修,,"三 7,8,9",,1 類,,3,,https://course.ntu.edu.tw/courses/114-1/29673
產業經濟學與財務分析,雷立芬,44298,AGEC7127,627M5170,必修,,,,1 類,,3,,https://course.ntu.edu.tw/courses/114-1/44298
數量方法,楊豐安,55328,AGEC7129,627M5190,必修,,"一 7,8,9",公共接待室,1 類,,3,,https://course.ntu.edu.tw/courses/114-1/55328
休閒產業經營管理,雷立芬,30883,AGEC7140,627M4690,選修,,,,1 類,,3,,https://course.ntu.edu.tw/courses/114-1/30883
碩士論文,,27797,AGEC7999,627M0010,必修,,,,1 類,,0,,https://course.ntu.edu.tw/courses/114-1/27797
專題討論一,陳郁蕙,51428,AGEC8001,627D0030,必修,,"五 7,8",,2 類,,1,,https://course.ntu.edu.tw/courses/114-1/51428
專題討論二,陳郁蕙,34454,AGEC8002,627D0040,必修,,"五 7,8",,2 類,,1,,https://course.ntu.edu.tw/courses/114-1/34454
專題演講二,陳郁蕙,19906,AGEC8003,627D0100,必修,,"五 7,8",,2 類,,0,,https://course.ntu.edu.tw/courses/114-1/19906
專題研究五,張宏浩,26397,AGEC8008,627D1750,選修,,,,1 類,,2,,https://course.ntu.edu.tw/courses/114-1/26397
專題研究五,何率慈,21677,AGEC8008,627D1750,選修,,,,3 類,,2,,https://course.ntu.edu.tw/courses/114-1/21677
專題研究五,楊豐安,56138,AGEC8008,627D1750,選修,,,,2 類,,2,,https://course.ntu.edu.tw/courses/114-1/56138
專題研究五,林柏熊,59796,AGEC8008,627D1750,選修,,,,2 類,,2,,https://course.ntu.edu.tw/courses/114-1/59796
制度經濟學,雷立芬,19474,AGEC8035,627D1230,選修,,"五 2,3,4",公共接待室,3 類,,3,,https://course.ntu.edu.tw/courses/114-1/19474
高等環境經濟學,林柏熊,21844,AGEC8044,627D1390,選修,,"四 6,7,8",農經會議室,1 類,,3,,https://course.ntu.edu.tw/courses/114-1/21844
作物科學導論,黃文達,54301,Agron1008,60110700,必帶,,"三 6,7",農藝112,2 類,,2,,https://course.ntu.edu.tw/courses/114-1/54301
現代農業體驗一,董致韡,20333,Agron1010,60110810,必修 / 選修,,"四 7,8,9",,2 類,,1,,https://course.ntu.edu.tw/courses/114-1/20333
現代農業體驗一,林淑怡,14524,Agron1010,60110810,必修 / 選修,,"四 7,8,9",,2 類,,1,,https://course.ntu.edu.tw/courses/114-1/14524
現代農業體驗一,陳靜宜,53373,Agron1010,60110810,必修 / 選修,,"四 7,8,9",,2 類,,1,,https://course.ntu.edu.tw/courses/114-1/53373
現代農業體驗一,石曜合,10074,Agron1010,60110810,選修,,"四 7,8,9",,2 類,,1,,https://course.ntu.edu.tw/courses/114-1/10074
現代農業體驗一,張宏浩,11662,Agron1010,60110810,選修,,"一 7,8,9",,1 類,,1,,https://course.ntu.edu.tw/courses/114-1/11662
現代農業體驗一,莊汶博,52383,Agron1010,60110810,必修 / 選修,,"四 7,8,9",,2 類,,1,,https://course.ntu.edu.tw/courses/114-1/52383
現代農業體驗二,張育森,13688,Agron1011,60110820,必修 / 選修,,"四 7,8,9",,2 類,,1,,https://course.ntu.edu.tw/courses/114-1/13688
現代農業體驗二,林雅芬,11011,Agron1011,60110820,必修 / 選修,,"四 7,8,9",,2 類,,1,,https://course.ntu.edu.tw/courses/114-1/11011
現代農業體驗二,賴喜美,29317,Agron1011,60110820,必修 / 選修,,"四 6,7,8",,2 類,,1,,https://course.ntu.edu.tw/courses/114-1/29317
現代農業體驗二,廖國基,30375,Agron1011,60110820,必修 / 選修,,"四 7,8,9",,3 類,,1,,https://course.ntu.edu.tw/courses/114-1/30375
現代農業體驗二,林書妍,26759,Agron1011,60110820,必修 / 選修,,,,2 類,,1,,https://course.ntu.edu.tw/courses/114-1/26759
現代農業體驗二,顏炳郎,22350,Agron1011,60110820,必修 / 選修,,"四 7,8,9",,2 類,,1,,https://course.ntu.edu.tw/courses/114-1/22350
現代農業體驗二,蔡明哲,19704,Agron1011,60110820,必修 / 選修,,,,2 類,,1,,https://course.ntu.edu.tw/courses/114-1/19704
田園生活體驗一,董致韡,53791,Agron1013,60110910,選修,,"四 7,8,9",,2 類,,1,,https://course.ntu.edu.tw/courses/114-1/53791
田園生活體驗一,林淑怡,49710,Agron1013,60110910,選修,,"四 7,8,9",,2 類,,1,,https://course.ntu.edu.tw/courses/114-1/49710
田園生活體驗一,陳靜宜,55283,Agron1013,60110910,選修,,"四 7,8,9",,2 類,,1,,https://course.ntu.edu.tw/courses/114-1/55283
田園生活體驗一,石曜合,10636,Agron1013,60110910,選修,,"四 7,8,9",,2 類,,1,,https://course.ntu.edu.tw/courses/114-1/10636
田園生活體驗一,張宏浩,24328,Agron1013,60110910,選修,,"一 7,8,9",,1 類,,1,,https://course.ntu.edu.tw/courses/114-1/24328
田園生活體驗一,莊汶博,53936,Agron1013,60110910,選修,,"四 7,8,9",,2 類,,1,,https://course.ntu.edu.tw/courses/114-1/53936
田園生活體驗二,張育森,58557,Agron1014,60110920,選修,,"四 7,8,9",,2 類,,1,,https://course.ntu.edu.tw/courses/114-1/58557
田園生活體驗二,林雅芬,47917,Agron1014,60110920,選修,,"四 7,8,9",,2 類,,1,,https://course.ntu.edu.tw/courses/114-1/47917
田園生活體驗二,賴喜美,40981,Agron1014,60110920,選修,,"四 6,7,8",,2 類,,1,,https://course.ntu.edu.tw/courses/114-1/40981
田園生活體驗二,廖國基,39691,Agron1014,60110920,選修,,"四 7,8,9",,3 類,,1,,https://course.ntu.edu.tw/courses/114-1/39691
田園生活體驗二,林書妍,19027,Agron1014,60110920,選修,,,,2 類,,1,,https://course.ntu.edu.tw/courses/114-1/19027
田園生活體驗二,顏炳郎,58935,Agron1014,60110920,選修,,"四 7,8,9",,2 類,,1,,https://course.ntu.edu.tw/courses/114-1/58935
田園生活體驗二,蔡明哲,46255,Agron1014,60110920,選修,,,,2 類,,1,,https://course.ntu.edu.tw/courses/114-1/46255
學士論文下,林香君,57828,Agron1025,60149502,選修,,,,2 類,,1,,https://course.ntu.edu.tw/courses/114-1/57828
統計學,廖振鐸,38329,Agron2002,60120020,必帶 / 必修 / 選修,,"四 6,7,8",,3 類,,3,,https://course.ntu.edu.tw/courses/114-1/38329
統計學,陳虹諺,17700,Agron2002,60120020,必帶 / 必修 / 選修,,"二 3,4,5",新103,2 類,,3,,https://course.ntu.edu.tw/courses/114-1/17700
試驗設計學,廖振鐸,31393,Agron2013,60128010,必帶 / 選修,,"三 3,4,6",農藝206,2 類,,3,,https://course.ntu.edu.tw/courses/114-1/31393
作物學各論一,莊汶博,25157,Agron3001,60130200,必帶 / 選修,,"二 6,7 / 五 2",共205,2 類,,3,,https://course.ntu.edu.tw/courses/114-1/25157
作物學實習一,莊汶博,17299,Agron3003,60130310,必帶 / 選修,,"五 6,7,8",農場考種館,2 類,,1,,https://course.ntu.edu.tw/courses/114-1/17299
作物生理學,蔡育彰,22646,Agron4001,60140000,必帶,,"三 6 / 四 6,7",農藝108,2 類,,3,,https://course.ntu.edu.tw/courses/114-1/22646
專題討論上,蔡政安,26719,Agron4010,60149101,必帶,,"四 3,4",農藝112,1 類,,1,,https://course.ntu.edu.tw/courses/114-1/26719
專題研究一,黃文達,53541,Agron4013,60149810,選修,,,,1 類,,2,,https://course.ntu.edu.tw/courses/114-1/53541
專題研究一,林彥蓉,34030,Agron4013,60149810,選修,,,,1 類,,2,,https://course.ntu.edu.tw/courses/114-1/34030
專題研究一,董致韡,18496,Agron4013,60149810,選修,,,,1 類,,2,,https://course.ntu.edu.tw/courses/114-1/18496
專題研究一,莊汶博,10972,Agron4013,60149810,選修,,,,1 類,,2,,https://course.ntu.edu.tw/courses/114-1/10972
專題研究一,林雅芬,17524,Agron4013,60149810,選修,,,,1 類,,2,,https://course.ntu.edu.tw/courses/114-1/17524
專題研究一,林維怡,38930,Agron4013,60149810,選修,,,,1 類,,2,,https://course.ntu.edu.tw/courses/114-1/38930
專題研究一,陳虹諺,46944,Agron4013,60149810,選修,,,,1 類,,2,,https://course.ntu.edu.tw/courses/114-1/46944
專題研究一,吳泓熹,51792,Agron4013,60149810,選修,,,,1 類,,2,,https://course.ntu.edu.tw/courses/114-1/51792
專題研究一,林香君,58459,Agron4013,60149810,選修,,,,1 類,,2,,https://course.ntu.edu.tw/courses/114-1/58459
高等遺傳學,林彥蓉,46482,Agron5001,621U1330,選修,,"二 3,4,6",農藝206,1 類,,3,,https://course.ntu.edu.tw/courses/114-1/46482
高等生物統計法一,蔡政安,49211,Agron5002,621U1930,選修,,"一 2,3,4",農藝206,2 類,,3,,https://course.ntu.edu.tw/courses/114-1/49211
植物細胞與組織培養,王淑珍,19897,Agron5028,621U6160,選修,,"二 1,2",新204,3 類,,2,,https://course.ntu.edu.tw/courses/114-1/19897
植物細胞與組織培養實習,王淑珍,25686,Agron5029,621U6170,選修,,"一 6,7,8,9",,2 類,,2,,https://course.ntu.edu.tw/courses/114-1/25686
作物功能基因體學,常玉強,49848,Agron5041,621U6290,選修,,"一 2,3,4",農藝108,1 類,,3,,https://course.ntu.edu.tw/courses/114-1/49848
生物資訊學導論,吳泓熹,32429,Agron5050,621U6390,選修,,"五 6,7,8",,3 類,,3,,https://course.ntu.edu.tw/courses/114-1/32429
作物抗病育種學,陳凱儀,23520,Agron5071,621U5000,選修,,"二 8,9",共406,1 類,,2,,https://course.ntu.edu.tw/courses/114-1/23520
複因子試驗之設計與分析,蔡欣甫,18592,Agron5077,621U6630,選修,,"四 6,7,8",生統教室,3 類,,3,,https://course.ntu.edu.tw/courses/114-1/18592
香料植物學,林維怡,42634,Agron5083,621U6690,選修,,,,2 類,,3,,https://course.ntu.edu.tw/courses/114-1/42634
草坪管理與實務,林香君,47795,Agron5084,621U6700,選修,,,,2 類,,3,,https://course.ntu.edu.tw/courses/114-1/47795
類別資料分析,邱春火,53194,Agron5096,621U5570,選修,,"四 6,7,8",農藝112,1 類,,3,,https://course.ntu.edu.tw/courses/114-1/53194
專題研究,廖振鐸,44728,Agron7001,621M0050,選修,,,,1 類,,2,,https://course.ntu.edu.tw/courses/114-1/44728
專題研究,陳凱儀,22362,Agron7001,621M0050,選修,,,,1 類,,2,,https://course.ntu.edu.tw/courses/114-1/22362
專題研究,林彥蓉,36323,Agron7001,621M0050,選修,,,,1 類,,2,,https://course.ntu.edu.tw/courses/114-1/36323
專題研究,董致韡,52369,Agron7001,621M0050,選修,,,,1 類,,2,,https://course.ntu.edu.tw/courses/114-1/52369
專題研究,蔡育彰,50291,Agron7001,621M0050,選修,,,,1 類,,2,,https://course.ntu.edu.tw/courses/114-1/50291
專題研究,莊汶博,22312,Agron7001,621M0050,選修,,,,1 類,,2,,https://course.ntu.edu.tw/courses/114-1/22312
專題研究,林雅芬,19019,Agron7001,621M0050,選修,,,,1 類,,2,,https://course.ntu.edu.tw/courses/114-1/19019
專題研究,林維怡,53585,Agron7001,621M0050,選修,,,,1 類,,2,,https://course.ntu.edu.tw/courses/114-1/53585
專題研究,陳虹諺,22132,Agron7001,621M0050,選修,,,,1 類,,2,,https://course.ntu.edu.tw/courses/114-1/22132
專題研究,吳泓熹,19598,Agron7001,621M0050,選修,,,,1 類,,2,,https://course.ntu.edu.tw/courses/114-1/19598
專題研究,林香君,55395,Agron7001,621M0050,選修,,,,1 類,,2,,https://course.ntu.edu.tw/courses/114-1/55395
專題討論,蔡欣甫,24350,Agron7002,621M0070,選修,,"五 3,4",農藝304,1 類,,1,,https://course.ntu.edu.tw/courses/114-1/24350
專題討論,常玉強,56997,Agron7002,621M0070,必修,,"五 3,4",農藝112,1 類,,1,,https://course.ntu.edu.tw/courses/114-1/56997
高等作物學,林香君,20554,Agron7003,621M1010,必修,,"三 7,8,9",農藝108,2 類,,3,,https://course.ntu.edu.tw/courses/114-1/20554
作物生理學研究法,蔡育彰,48221,Agron7034,621M2070,必修,,"二 3,4",農藝212,1 類,,4,,https://course.ntu.edu.tw/courses/114-1/48221
碩士論文,,37933,Agron7999,621M0010,必修,,,,1 類,,0,,https://course.ntu.edu.tw/courses/114-1/37933
專題研究,陳凱儀,56161,Agron8001,621D0060,選修,,,,1 類,,2,,https://course.ntu.edu.tw/courses/114-1/56161
專題研究,林彥蓉,57017,Agron8001,621D0060,選修,,,,1 類,,2,,https://course.ntu.edu.tw/courses/114-1/57017
專題研究,林雅芬,45761,Agron8001,621D0060,選修,,,,1 類,,2,,https://course.ntu.edu.tw/courses/114-1/45761
專題討論,蔡欣甫,56448,Agron8002,621D0070,選修,,"五 3,4",,1 類,,1,,https://course.ntu.edu.tw/courses/114-1/56448
專題討論,常玉強,25440,Agron8002,621D0070,必修,,"五 3,4",,1 類,,1,,https://course.ntu.edu.tw/courses/114-1/25440
博士論文,,21800,Agron8999,621D0010,必修,,,,1 類,,0,,https://course.ntu.edu.tw/courses/114-1/21800
人工智慧導論,"四 6,7,8",22133,AIA1310,L0111310,選修,,,,3 類,,3,,https://course.ntu.edu.tw/courses/114-1/22133
生成式人工智慧與機器學習導論,李宏毅,40337,AIA1390,L0111390,選修,,"五 7,8,9",新202,2 類,,3,,https://course.ntu.edu.tw/courses/114-1/40337
基礎程式設計(C++),黃上恩,33813,AIA1400,L0111400,選修,,"一 2,3,4",,2 類,,3,,https://course.ntu.edu.tw/courses/114-1/33813
自然語言處理,"二 6,7 / 四 6",14441,AIA5320,L01U1320,選修,,,,3 類,,3,,https://course.ntu.edu.tw/courses/114-1/14441
資料探勘與應用,"一 2,3,4",29188,AIA5330,L01U1330,選修,,,,3 類,,3,,https://course.ntu.edu.tw/courses/114-1/29188
生成式AI：文字與圖像生成的原理與實務,溫在弘,29760,AIA5370,L01U1370,選修,,"二 8,9,10,A",,2 類,,3,,https://course.ntu.edu.tw/courses/114-1/29760
智慧人機互動,"四 6,7,8",30241,AIA5390,L01U1390,選修,,,,3 類,,3,,https://course.ntu.edu.tw/courses/114-1/30241
工程與人體物理學,許聿翔,56983,AM5024,543U5310,選修,,"二 7,8,9",應111,2 類,,3,,https://course.ntu.edu.tw/courses/114-1/56983
能源科學故事（一）原子能,陳發林,17132,AM5030,54330010,,,"一 7,8,9",應113,3 類,,3,,https://course.ntu.edu.tw/courses/114-1/17132
專題討論一,張建成,29535,AM7001,543M0020,必修,,"一 7,8,9",,1 類,,1,,https://course.ntu.edu.tw/courses/114-1/29535
專題討論一,王安邦,56299,AM7001,543M0020,必修,,"一 7,8,9",,1 類,,1,,https://course.ntu.edu.tw/courses/114-1/56299
專題研究,陳瑞琳,30937,AM7003,543M0070,選修,,,,1 類,,0,,https://course.ntu.edu.tw/courses/114-1/30937
專題研究,吳光鐘,47676,AM7003,543M0070,選修,,,,1 類,,0,,https://course.ntu.edu.tw/courses/114-1/47676
專題研究,張建成,26735,AM7003,543M0070,選修,,,,1 類,,0,,https://course.ntu.edu.tw/courses/114-1/26735
專題研究,陳發林,35075,AM7003,543M0070,選修,,,,1 類,,0,,https://course.ntu.edu.tw/courses/114-1/35075
專題研究,李世光,25467,AM7003,543M0070,選修,,,,1 類,,0,,https://course.ntu.edu.tw/courses/114-1/25467
專題研究,劉佩玲,16472,AM7003,543M0070,選修,,,,1 類,,0,,https://course.ntu.edu.tw/courses/114-1/16472
專題研究,胡文聰,40433,AM7003,543M0070,選修,,,,1 類,,0,,https://course.ntu.edu.tw/courses/114-1/40433
專題研究,王立昇,52929,AM7003,543M0070,選修,,,,1 類,,0,,https://course.ntu.edu.tw/courses/114-1/52929
專題研究,沈弘俊,48427,AM7003,543M0070,選修,,,,1 類,,0,,https://course.ntu.edu.tw/courses/114-1/48427
專題研究,張培仁,50169,AM7003,543M0070,選修,,,,1 類,,0,,https://course.ntu.edu.tw/courses/114-1/50169
專題研究,王安邦,35937,AM7003,543M0070,選修,,,,1 類,,0,,https://course.ntu.edu.tw/courses/114-1/35937
專題研究,舒貽忠,24385,AM7003,543M0070,選修,,,,1 類,,0,,https://course.ntu.edu.tw/courses/114-1/24385
專題研究,陳國慶,54039,AM7003,543M0070,選修,,,,1 類,,0,,https://course.ntu.edu.tw/courses/114-1/54039
專題研究,趙聖德,50618,AM7003,543M0070,選修,,,,1 類,,0,,https://course.ntu.edu.tw/courses/114-1/50618
專題研究,陳建彰,10195,AM7003,543M0070,選修,,,,1 類,,0,,https://course.ntu.edu.tw/courses/114-1/10195
專題研究,周逸儒,19907,AM7003,543M0070,選修,,,,1 類,,0,,https://course.ntu.edu.tw/courses/114-1/19907
專題研究,潘斯文,49790,AM7003,543M0070,選修,,,,1 類,,0,,https://course.ntu.edu.tw/courses/114-1/49790
專題研究,陳建甫,21184,AM7003,543M0070,選修,,,,1 類,,0,,https://course.ntu.edu.tw/courses/114-1/21184
專題研究,江宏仁,16273,AM7003,543M0070,選修,,,,1 類,,0,,https://course.ntu.edu.tw/courses/114-1/16273
專題研究,許聿翔,43776,AM7003,543M0070,選修,,,,1 類,,0,,https://course.ntu.edu.tw/courses/114-1/43776
專題研究,李尉彰,28411,AM7003,543M0070,選修,,,,1 類,,0,,https://course.ntu.edu.tw/courses/114-1/28411
專題研究,陳志鴻,55702,AM7003,543M0070,選修,,,,1 類,,0,,https://course.ntu.edu.tw/courses/114-1/55702
專題研究,林哲宇,21657,AM7003,543M0070,選修,,,,1 類,,0,,https://course.ntu.edu.tw/courses/114-1/21657
專題研究,周佳靚,58563,AM7003,543M0070,選修,,,,1 類,,0,,https://course.ntu.edu.tw/courses/114-1/58563
電子學實驗,林子恩,37399,AM7011,543M3010,必修,,,,2 類,,3,,https://course.ntu.edu.tw/courses/114-1/37399
應用力學實驗一,胡文聰,53043,AM7012,543M3020,必修,,,,2 類,,3,,https://course.ntu.edu.tw/courses/114-1/53043
應用力學實驗一,沈弘俊,56359,AM7012,543M3020,必修,,,,2 類,,3,,https://course.ntu.edu.tw/courses/114-1/56359
應用力學實驗一,江宏仁,11410,AM7012,543M3020,必修,,,,2 類,,3,,https://course.ntu.edu.tw/courses/114-1/11410
應用力學實驗二,周佳靚,16832,AM7013,543M3030,必修,,,,2 類,,3,,https://course.ntu.edu.tw/courses/114-1/16832
動力學,覺元彙,13839,AM7021,543M4010,必修,,"二 3,4 / 四 2",應111,1 類,,3,,https://course.ntu.edu.tw/courses/114-1/13839
應用生物物理化學,趙聖德,38380,AM7045,543M4870,選修,,"二 7,8,9",應113,3 類,,3,,https://course.ntu.edu.tw/courses/114-1/38380
彈性力學一,劉佩玲,40052,AM7050,543M5110,必修,,"一 3,4 / 三 2",應111,2 類,,3,,https://course.ntu.edu.tw/courses/114-1/40052
基礎系統工程,傅鶴齡,44543,AM7061,543M5470,選修,,"二 7,8,9",應109,2 類,,3,,https://course.ntu.edu.tw/courses/114-1/44543
流體力學導論,周逸儒,13696,AM7097,543M6110,必修,,"一 2 / 三 3,4",應233,1 類,,3,,https://course.ntu.edu.tw/courses/114-1/13696
微感測器特論,張培仁,38332,AM7174,543M5370,選修,,"二 6,7,8",應107,2 類,,3,,https://course.ntu.edu.tw/courses/114-1/38332
光學量測系統原理設計,李世光,31764,AM7177,543M5400,選修,,"三 7,8,9",應111,2 類,,3,,https://course.ntu.edu.tw/courses/114-1/31764
電漿材料製程技術,陳建彰,50748,AM7178,543M5410,選修,,"五 2,3,4",應111,2 類,,3,,https://course.ntu.edu.tw/courses/114-1/50748
計算材料力學,陳志鴻,43011,AM7180,543M4980,選修,,"四 5,6,7",應233,2 類,,3,,https://course.ntu.edu.tw/courses/114-1/43011
微擾法,潘斯文,55493,AM7189,543M6480,選修,,"三 6,7,8",應233,3 類,,3,,https://course.ntu.edu.tw/courses/114-1/55493
機器學習導論,舒貽忠,42704,AM7196,543M1190,選修,,"三 6 / 五 7,8",應113,2 類,,3,,https://course.ntu.edu.tw/courses/114-1/42704
連體力學導論,林哲宇,15317,AM7200,543M0720,選修,,"四 7,8,9",應109,3 類,,3,,https://course.ntu.edu.tw/courses/114-1/15317
碩士論文,,11041,AM7999,543M0010,必修,,,,1 類,,0,,https://course.ntu.edu.tw/courses/114-1/11041
專題討論,陳瑞琳,29271,AM8001,543D0040,必修,,"一 7,8,9",,1 類,,1,,https://course.ntu.edu.tw/courses/114-1/29271
博士論文,,15885,AM8999,543D0010,必修,,,,1 類,,0,,https://course.ntu.edu.tw/courses/114-1/15885
解剖與人文,陳玉怜,57767,Anat5004,446U4200,選修,,一 8,,2 類,,1,,https://course.ntu.edu.tw/courses/114-1/57767
專題討論,廖孟琳,19709,Anat7001,446M0030,必修,,"一 6,7",基醫104,1 類,,1,,https://course.ntu.edu.tw/courses/114-1/19709
解剖學專題研究,黃敏銓,24153,Anat7002,446M0060,選修,,,,1 類,,1,,https://course.ntu.edu.tw/courses/114-1/24153
形態學研究法一,李立仁,34867,Anat7020,446M0520,選修,,"四 2,3,4,6",,2 類,,3,,https://course.ntu.edu.tw/courses/114-1/34867
人體解剖學一,張銘峰,22107,Anat7021,446M4171,必修,,"二 1,2,3,4,8,9 / 三 6,7",一東實驗室,2 類,,4,,https://course.ntu.edu.tw/courses/114-1/22107
人體發生學一,王淑慧,36942,Anat7022,446M1511,選修,,"二 6,7",,2 類,,1,,https://course.ntu.edu.tw/courses/114-1/36942
顯微解剖學一,廖孟琳,16511,Anat7023,446M1211,必修,,"一 1,2,3,4 / 三 8,9",三東實驗室,2 類,,3,,https://course.ntu.edu.tw/courses/114-1/16511
解剖學教學法一,張銘峰,54611,Anat8006,446D0021,必修,,,,2 類,,1,,https://course.ntu.edu.tw/courses/114-1/54611
博士論文,黃敏銓,24867,Anat8999,446D0010,必修,,,,1 類,,0,,https://course.ntu.edu.tw/courses/114-1/24867
服務學習甲,劉逸軒,32482,AniSci0008,606001G0,選修,,四 6,,2 類,,1,,https://course.ntu.edu.tw/courses/114-1/32482
服務學習乙,陳明汝,47605,AniSci0009,606001H0,選修,,,,1 類,,1,,https://course.ntu.edu.tw/courses/114-1/47605
動物科學技術導論,劉逸軒,49863,AniSci1005,60661010,必帶,,"三 8,9",畜一,1 類,,2,,https://course.ntu.edu.tw/courses/114-1/49863
統計學,陳億乘,48429,AniSci2002,60620020,必帶 / 必修 / 選修,,"一 2,3,4,5",,2 類,,3,,https://course.ntu.edu.tw/courses/114-1/48429
動物解剖生理學上,邱智賢,37448,AniSci2004,60661021,必帶,,"三 6,7",畜一,2 類,,2,,https://course.ntu.edu.tw/courses/114-1/37448
動物解剖生理學實習上,黃  謙,43753,AniSci2006,60661301,必帶,,"四 7,8,9",生理研,2 類,,1,,https://course.ntu.edu.tw/courses/114-1/43753
畜牧學甲,魏恒巍,47454,AniSci2008,606213A0,必帶 / 選修,,"三 2,3,4",農經二,1 類,,3,,https://course.ntu.edu.tw/courses/114-1/47454
動物生殖學,邱智賢,21752,AniSci2020,60662030,必帶,,"四 7,8,9",畜二,2 類,,3,,https://course.ntu.edu.tw/courses/114-1/21752
動物細胞生物學,黃  謙,14157,AniSci2021,60662040,必帶,,"五 6,7",畜二,2 類,,2,,https://course.ntu.edu.tw/courses/114-1/14157
家禽學,魏恒巍,32982,AniSci3000,60632200,必帶,,"一 2,3,4",畜一,2 類,,3,,https://course.ntu.edu.tw/courses/114-1/32982
幹細胞學導論,吳信志,14115,AniSci3021,60636700,選修,,"三 9,10",畜二,2 類,,2,,https://course.ntu.edu.tw/courses/114-1/14115
動物營養學,王翰聰,13928,AniSci3025,60663020,必修,,"二 2,3,4",畜一,2 類,,3,,https://course.ntu.edu.tw/courses/114-1/13928
動物營養學實習,陳靜宜,43802,AniSci3026,60663030,必修,,"二 6,7,8",,2 類,,1,,https://course.ntu.edu.tw/courses/114-1/43802
乳品學,劉嚞睿,45929,AniSci3043,60637100,必修 / 選修,,"五 3,4",畜一,2 類,,2,,https://course.ntu.edu.tw/courses/114-1/45929
乳品學實習,王聖耀,47279,AniSci3044,60637200,必修,,"五 7,8,9",加工204室,2 類,,1,,https://course.ntu.edu.tw/courses/114-1/47279
牧場實務技術一,林原佑,11716,AniSci3047,60634000,必帶,,"三 7,8,9",生理研,2 類,,3,,https://course.ntu.edu.tw/courses/114-1/11716
暑期實習,王翰聰,19302,AniSci4001,60640200,必帶,,,,1 類,,1,,https://course.ntu.edu.tw/courses/114-1/19302
實驗動物學,黃  謙,37163,AniSci4003,60664010,必帶,,"三 3,4",畜二,2 類,,2,,https://course.ntu.edu.tw/courses/114-1/37163
發育生物學,劉逸軒,57283,AniSci4010,60664090,必修 / 選修,,"二 6,7,8",畜二,2 類,,3,,https://course.ntu.edu.tw/courses/114-1/57283
專題研究,邱智賢,22641,AniSci4018,60649000,選修,,,,1 類,,1,,https://course.ntu.edu.tw/courses/114-1/22641
專題研究,黃  謙,30324,AniSci4018,60649000,選修,,,,1 類,,1,,https://course.ntu.edu.tw/courses/114-1/30324
專題討論上,邱智賢,26803,AniSci4019,60649101,選修,,,,1 類,,1,,https://course.ntu.edu.tw/courses/114-1/26803
專題討論上,陳億乘,22420,AniSci4019,60649101,選修,,,,1 類,,1,,https://course.ntu.edu.tw/courses/114-1/22420
專題討論上,黃  謙,18798,AniSci4019,60649101,選修,,,,1 類,,1,,https://course.ntu.edu.tw/courses/114-1/18798
專題討論上,張家駿,12918,AniSci4019,60649101,選修,,,,1 類,,1,,https://course.ntu.edu.tw/courses/114-1/12918
飼料製造技術,魏恒巍,24476,AniSci5037,626U0420,選修,,,,2 類,,2,,https://course.ntu.edu.tw/courses/114-1/24476
畜產品相關供應鏈實務,陳明汝,45306,AniSci5039,626U0440,選修,,"三 7,8",會議室,2 類,,2,,https://course.ntu.edu.tw/courses/114-1/45306
動物行為與福祉,王佩華,54569,AniSci6007,60664160,必帶,,"一 8,9",畜一,2 類,,2,,https://course.ntu.edu.tw/courses/114-1/54569
專題討論,陳明汝,15424,AniSci7001,626M0030,必修,,,,1 類,,1,,https://course.ntu.edu.tw/courses/114-1/15424
專題討論,丁詩同,15422,AniSci7001,626M0030,必修,,,,1 類,,1,,https://course.ntu.edu.tw/courses/114-1/15422
專題討論,邱智賢,42929,AniSci7001,626M0030,必修,,,,1 類,,1,,https://course.ntu.edu.tw/courses/114-1/42929
專題討論,王佩華,51158,AniSci7001,626M0030,必修,,,,1 類,,1,,https://course.ntu.edu.tw/courses/114-1/51158
專題討論,吳信志,46663,AniSci7001,626M0030,必修,,,,1 類,,1,,https://course.ntu.edu.tw/courses/114-1/46663
專題討論,陳億乘,53230,AniSci7001,626M0030,必修,,,,1 類,,1,,https://course.ntu.edu.tw/courses/114-1/53230
專題討論,朱有田,38289,AniSci7001,626M0030,必修,,,,1 類,,1,,https://course.ntu.edu.tw/courses/114-1/38289
專題討論,陳靜宜,19779,AniSci7001,626M0030,必修,,,,1 類,,1,,https://course.ntu.edu.tw/courses/114-1/19779
專題討論,王翰聰,25818,AniSci7001,626M0030,必修,,,,1 類,,1,,https://course.ntu.edu.tw/courses/114-1/25818
專題討論,劉逸軒,40325,AniSci7001,626M0030,必修,,,,1 類,,1,,https://course.ntu.edu.tw/courses/114-1/40325
專題討論,蘇忠楨,40198,AniSci7001,626M0030,必修,,,,1 類,,1,,https://course.ntu.edu.tw/courses/114-1/40198
專題討論,林恩仲,10395,AniSci7001,626M0030,必修,,,,1 類,,1,,https://course.ntu.edu.tw/courses/114-1/10395
專題討論,魏恒巍,45913,AniSci7001,626M0030,必修,,,,1 類,,1,,https://course.ntu.edu.tw/courses/114-1/45913
專題討論,王聖耀,55572,AniSci7001,626M0030,必修,,,,1 類,,1,,https://course.ntu.edu.tw/courses/114-1/55572
專題討論,林原佑,32128,AniSci7001,626M0030,必修,,,,1 類,,1,,https://course.ntu.edu.tw/courses/114-1/32128
專題討論,黃  謙,57275,AniSci7001,626M0030,必修,,,,1 類,,1,,https://course.ntu.edu.tw/courses/114-1/57275
專題討論,張家駿,17115,AniSci7001,626M0030,必修,,,,1 類,,1,,https://course.ntu.edu.tw/courses/114-1/17115
動物科學研究法甲,蘇忠楨,40045,AniSci7032,626M60A0,必修,,"二 7,8,9",畜三,2 類,,3,,https://course.ntu.edu.tw/courses/114-1/40045
論文寫作,丁詩同,22551,AniSci7034,626M9000,必修,,"五 3,4",加工204室,2 類,,2,,https://course.ntu.edu.tw/courses/114-1/22551
肉品營養與加工特論,陳億乘,54537,AniSci7039,626M1640,選修,,"三 2,3,4",加工204室,2 類,,3,,https://course.ntu.edu.tw/courses/114-1/54537
養豬廢水處理技術,蘇忠楨,56701,AniSci7041,626M1650,選修,,"四 7,8,9",加工204室,2 類,,3,,https://course.ntu.edu.tw/courses/114-1/56701
溫室氣體與動物農業,蘇忠楨,44262,AniSci7042,626M1660,選修,,"二 2,3,4",加工204室,2 類,,3,,https://course.ntu.edu.tw/courses/114-1/44262
營養學特論,陳靜宜,13393,AniSci7043,626M1160,選修,,"五 8,9,10",畜三,2 類,,3,,https://course.ntu.edu.tw/courses/114-1/13393
碩士論文,,29128,AniSci7999,626M0010,必修,,,,1 類,,0,,https://course.ntu.edu.tw/courses/114-1/29128
專題討論,蘇忠楨,54752,AniSci8002,626D0030,必修,,,,1 類,,1,,https://course.ntu.edu.tw/courses/114-1/54752
生殖內分泌學一,吳信志,10392,AniSci8003,626D0100,選修,,"二 2,3,4",,2 類,,3,,https://course.ntu.edu.tw/courses/114-1/10392
肌肉生化學,陳億乘,58900,AniSci8016,626D0310,選修,,"一 6,7,8",加工204室,2 類,,3,,https://course.ntu.edu.tw/courses/114-1/58900
博士論文,,20803,AniSci8999,626D0010,必修,,,,1 類,,0,,https://course.ntu.edu.tw/courses/114-1/20803
服務學習甲,鄭玠甫,54578,Anth0008,105001G0,必帶,,三 5,人文B111,2 類,,1,,https://course.ntu.edu.tw/courses/114-1/54578
服務學習乙,羅素玫,35936,Anth0009,105001H0,必修,,一 5,,2 類,,1,,https://course.ntu.edu.tw/courses/114-1/35936
服務學習乙,江芝華,22566,Anth0009,105001H0,必修,,三 5,人文B106,2 類,,1,,https://course.ntu.edu.tw/courses/114-1/22566
服務學習乙,盧柔君,34064,Anth0009,105001H0,必修,,五 A,人文B111,2 類,,1,,https://course.ntu.edu.tw/courses/114-1/34064
人類學,張正衡,48971,Anth1006,10512000,必帶,,"四 3,4,5",普405,2 類,,3,,https://course.ntu.edu.tw/courses/114-1/48971
文化人類學,林瑋嬪,59976,Anth1008,10513000,必帶,,"一 3,4,5",綜504,2 類,,3,,https://course.ntu.edu.tw/courses/114-1/59976
考古學概論,鄭玠甫,21490,Anth1009,10514000,必帶,,"四 7,8,9",普502,2 類,,3,,https://course.ntu.edu.tw/courses/114-1/21490
史前史,高  德,24415,Anth2012,10521000,必帶,,"二 2,3,4",普406,2 類,,3,,https://course.ntu.edu.tw/courses/114-1/24415
考古學史,蔡哲嫻,30542,Anth3008,10522000,必帶,,"二 7,8,9",人文B111,2 類,,3,,https://course.ntu.edu.tw/courses/114-1/30542
文化田野實習與方法上,黃郁茜,42749,Anth3009,10530401,必修,,"三 3,4",人文B106,2 類,,3,,https://course.ntu.edu.tw/courses/114-1/42749
考古田野實習與方法上,盧柔君,47905,Anth3011,10530501,必修,,"三 3,4",人文B111,2 類,,3,,https://course.ntu.edu.tw/courses/114-1/47905
中國考古學,高  德,39334,Anth3014,10533000,必修,,"四 3,4,5",人文B111,2 類,,3,,https://course.ntu.edu.tw/courses/114-1/39334
象徵人類學,葉春榮,56922,Anth3020,10538510,選修,,"三 7,8,9",人文B111,2 類,,3,,https://course.ntu.edu.tw/courses/114-1/56922
日本社會與文化,張正衡,51352,Anth4028,10542170,必修,,"二 7,8,9",文18,2 類,,3,,https://course.ntu.edu.tw/courses/114-1/51352
學士論文上,陳有貝,27246,Anth4998,10540101,選修,,"一 A,B",,2 類,,0,,https://course.ntu.edu.tw/courses/114-1/27246
學士論文上,江芝華,46076,Anth4998,10540101,選修,,"一 A,B",,2 類,,0,,https://course.ntu.edu.tw/courses/114-1/46076
琉球史前考古學,陳有貝,33503,Anth5081,125U2750,選修,,"四 6,7",人文B106-2,2 類,,2,,https://course.ntu.edu.tw/courses/114-1/33503
公共人類學,呂欣怡,37118,Anth5089,125U2820,選修,,"一 6,7,8",人文B111,2 類,,3,,https://course.ntu.edu.tw/courses/114-1/37118
醫療人類學概論,艾理克,22877,Anth5102,125U3620,選修,,"二 2,3,4",人文B111,2 類,,3,,https://course.ntu.edu.tw/courses/114-1/22877
殖民主義:比較的觀點,林開世,51419,Anth5114,125U3130,選修,,"四 2,3,4",人文B106,2 類,,3,,https://course.ntu.edu.tw/courses/114-1/51419
原住民與博物館：變動的觀念、關係與實作,童元昭,47645,Anth5122,125U3150,選修,,"四 7,8,9",人文B111,2 類,,3,,https://course.ntu.edu.tw/courses/114-1/47645
策展與人類學知識的應用,羅素玫,36900,Anth5135,125U3270,選修,,"三 7,8,9",博雅310,2 類,,3,,https://course.ntu.edu.tw/courses/114-1/36900
貿易陶瓷考古學專題討論,盧柔君,38136,Anth5144,125U3370,選修,,"三 7,8,9",人文B106,2 類,,3,,https://course.ntu.edu.tw/courses/114-1/38136
舊社考古學,鄭玠甫,31912,Anth5168,125U3590,選修,,"五 2,3,4",人文B106,2 類,,3,,https://course.ntu.edu.tw/courses/114-1/31912
社區考古學：理論與實踐,江芝華,10360,Anth5173,125U3650,選修,,"一 6,7,8",人文B106,2 類,,3,,https://course.ntu.edu.tw/courses/114-1/10360
食物主權：人類學與農藝學的跨領域對話,羅素玫,51895,Anth5175,125U3670,選修,,"六 2,3,4,5,6,7",人文B111,2 類,,1,,https://course.ntu.edu.tw/courses/114-1/51895
植物考古學,江芝華,20155,Anth5176,125U3680,選修,,"四 8,9",人文B106-2,2 類,,2,,https://course.ntu.edu.tw/courses/114-1/20155
植物考古學：方法論與實習,江芝華,19554,Anth5177,125U3690,必修 / 選修,,四 10,人文B106-2,2 類,,1,,https://course.ntu.edu.tw/courses/114-1/19554
語言中的政治：語言人類學導論,白思寧,95041,Anth5178,125U3700,選修,,"四 7,8,9",人文B106,2 類,,3,,https://course.ntu.edu.tw/courses/114-1/95041
文化人類學基礎理論,王梅霞,25020,Anth7001,125M2630,必修,,"二 7,8,9",人文B106,2 類,,3,,https://course.ntu.edu.tw/courses/114-1/25020
資料選讀,艾理克,95084,Anth7004,125M1000,必修,,"一 A,B",,2 類,,2,,https://course.ntu.edu.tw/courses/114-1/95084
大洋洲民族誌選讀,黃郁茜,25032,Anth7096,125M1880,選修,,"二 3,4,5",人文B106-2,2 類,,3,,https://course.ntu.edu.tw/courses/114-1/25032
人類學的本體論研究,艾理克,28264,Anth7122,125M3210,選修,,"一 7,8,9",人文B106-2,2 類,,3,,https://course.ntu.edu.tw/courses/114-1/28264
愉悅與政治：人類學的性研究取徑,白思寧,95042,Anth7141,125M3400,選修,,"一 2,3,4",人文B106,2 類,,3,,https://course.ntu.edu.tw/courses/114-1/95042
碩士論文,,58294,Anth7999,125M0010,必修,,,,1 類,,0,,https://course.ntu.edu.tw/courses/114-1/58294
基礎文獻評論,呂欣怡,39730,Anth8001,125D0030,選修,,"一 A,B",,2 類,,2,,https://course.ntu.edu.tw/courses/114-1/39730
基礎文獻評論,高  德,14600,Anth8001,125D0030,選修,,"一 A,B",,2 類,,2,,https://course.ntu.edu.tw/courses/114-1/14600
基礎文獻評論,張正衡,57926,Anth8001,125D0030,選修,,"一 A,B",,2 類,,2,,https://course.ntu.edu.tw/courses/114-1/57926
空間分析進階專題討論,陳瑪玲,40382,Anth8034,125D1350,選修,,"一 7,8,9",,2 類,,3,,https://course.ntu.edu.tw/courses/114-1/40382
舊社考古學專題討論,鄭玠甫,59436,Anth8038,125D1390,選修,,"五 A,B,C",,2 類,,3,,https://course.ntu.edu.tw/courses/114-1/59436
博士論文,,40011,Anth8999,125D0010,選修,,,,1 類,,0,,https://course.ntu.edu.tw/courses/114-1/40011
應用物理專題討論一,陳凱風,25939,ApPhys7001,245M0040,必修,,"四 7,8",,2 類,,1,,https://course.ntu.edu.tw/courses/114-1/25939
應用物理專題討論三,陳凱風,58773,ApPhys7003,245M0060,必修,,"二 7,8",,2 類,,1,,https://course.ntu.edu.tw/courses/114-1/58773
半導體導論,謝馬利歐,15209,ApPhys7005,245M0080,選修,,"四 7,8,9",新物304,1 類,,3,,https://course.ntu.edu.tw/courses/114-1/15209
碩士論文,,12446,ApPhys7999,245M0010,必修,,,,1 類,,0,,https://course.ntu.edu.tw/courses/114-1/12446
高等應用物理專題討論一,陳凱風,56600,ApPhys8001,245D0040,必修,,"二 7,8",,2 類,,1,,https://course.ntu.edu.tw/courses/114-1/56600
博士論文,,55134,ApPhys8999,245D0010,選修,,,,1 類,,0,,https://course.ntu.edu.tw/courses/114-1/55134
從器物看歐亞草原交流史,林郡儀,27126,ARHY1028,14112800,,,"二 8,9,10",綜503,2 類,,3,,https://course.ntu.edu.tw/courses/114-1/27126
台灣近代美術史,邱函妮,29051,ARHY5011,141U0500,選修,,"三 3,4,5",綜202,2 類,,3,,https://course.ntu.edu.tw/courses/114-1/29051
解析東亞繪畫,陳韻如,34365,ARHY5012,141U0600,選修,,"二 6,7,8",博雅406,2 類,,3,,https://course.ntu.edu.tw/courses/114-1/34365
藝術史研究實習,盧慧紋,33709,ARHY7002,141M0080,必修,,"二 6,7,8",樂學205,3 類,,3,,https://course.ntu.edu.tw/courses/114-1/33709
臺灣建築史專題研究,黃蘭翔,45850,ARHY7079,141M1370,選修,,"一 2,3,4",樂學205,2 類,,3,,https://course.ntu.edu.tw/courses/114-1/45850
近現代日本美術史名著導讀,邱函妮,54919,ARHY7100,141M1580,選修,,"四 3,4,5",樂學205,2 類,,3,,https://course.ntu.edu.tw/courses/114-1/54919
宋畫專題研究,陳韻如,25051,ARHY7101,141M0670,選修,,"一 6,7,8",樂學205,2 類,,3,,https://course.ntu.edu.tw/courses/114-1/25051
唐代藝術與物質文化,林郡儀,40217,ARHY7116,141M1690,選修,,"一 3,4,5",樂學館211,2 類,,3,,https://course.ntu.edu.tw/courses/114-1/40217
東亞的女性與書法專題研究,盧慧紋,25798,ARHY7122,141M1740,選修,,"三 3,4,5",樂學205,2 類,,3,,https://course.ntu.edu.tw/courses/114-1/25798
中國中古藝術史專題研究,林聖智,56530,ARHY7123,141M1750,選修,,"五 7,8,9",樂學205,2 類,,3,,https://course.ntu.edu.tw/courses/114-1/56530
六朝陶瓷史專題研究,謝明良,41866,ARHY7124,141M0730,選修,,"四 6,7,8",樂學205,2 類,,3,,https://course.ntu.edu.tw/courses/114-1/41866
碩士論文,,36167,ARHY7999,141M0010,必修,,,,1 類,,0,,https://course.ntu.edu.tw/courses/114-1/36167
博士論文,,52879,ARHY8999,141D0010,必修,,,,1 類,,0,,https://course.ntu.edu.tw/courses/114-1/52879
專題討論一,陳凱風,28722,AsPhys7006,244M0080,必修,,"四 7,8",,2 類,,1,,https://course.ntu.edu.tw/courses/114-1/28722
高等天文觀測,王為豪,52836,AsPhys7016,244M1170,選修,,"三 7,8,9",,2 類,,3,,https://course.ntu.edu.tw/courses/114-1/52836
專題討論三,陳凱風,47552,AsPhys7017,244M0100,必修,,"二 7,8",,1 類,,0,,https://course.ntu.edu.tw/courses/114-1/47552
碩士論文,,51990,AsPhys7999,244M0010,必修,,,,1 類,,0,,https://course.ntu.edu.tw/courses/114-1/51990
高等專題研究,陳丕燊,35053,AsPhys8001,244D0020,選修,,,,1 類,,1,,https://course.ntu.edu.tw/courses/114-1/35053
高等專題討論一,陳凱風,29341,AsPhys8002,244D0040,必修,,"二 7,8",,1 類,,1,,https://course.ntu.edu.tw/courses/114-1/29341
宇宙大尺度結構一,闕志鴻,52955,AsPhys8021,244D1160,選修,,"四 7,8,9",天數810,1 類,,3,,https://course.ntu.edu.tw/courses/114-1/52955
恆星天文物理,吳柏鋒,21364,AsPhys8024,244D1190,必修,,"一 3,4 / 五 8,9",天數812,2 類,,4,,https://course.ntu.edu.tw/courses/114-1/21364
電波天文學,呂聖元,22161,AsPhys8034,244D1260,選修,,"五 2,3,4",天數812,2 類,,3,,https://course.ntu.edu.tw/courses/114-1/22161
博士論文,,31286,AsPhys8999,244D0010,必修,,,,1 類,,0,,https://course.ntu.edu.tw/courses/114-1/31286
轉錄體分析課程,伊藤剛,47227,ATGS5270,H43U5270,選修,,,,2 類,,1,,https://course.ntu.edu.tw/courses/114-1/47227
碩士論文,,35194,ATGS7001,H43M0010,必修,,,,1 類,,0,,https://course.ntu.edu.tw/courses/114-1/35194
控制系統與智慧農業,顏炳郎,44936,ATGS7110,H43M7110,選修,,"三 7,8,9",,2 類,,3,,https://course.ntu.edu.tw/courses/114-1/44936
遺傳學與基因體學,董致韡,17580,ATGS7130,H43M7130,選修,,"一 6,7,8",綜202,2 類,,3,,https://course.ntu.edu.tw/courses/114-1/17580
生物資訊學,伊藤剛,40728,ATGS7190,H43M7190,選修,,"二 6,7,8",博雅408,2 類,,3,,https://course.ntu.edu.tw/courses/114-1/40728
專題研究,顏炳郎,23987,ATGS7200,H43M7200,必修,,,,2 類,,1,,https://course.ntu.edu.tw/courses/114-1/23987
專題研究,陳世芳,52761,ATGS7200,H43M7200,必修,,,,2 類,,1,,https://course.ntu.edu.tw/courses/114-1/52761
專題研究,盧  毅,18358,ATGS7200,H43M7200,必修,,,,2 類,,1,,https://course.ntu.edu.tw/courses/114-1/18358
服務學習乙,洪惠敏,24292,AtmSci0007,209001H0,必修,,,,3 類,,1,,https://course.ntu.edu.tw/courses/114-1/24292
大氣科學概論,吳俊傑,14840,AtmSci1009,20912400,必帶 / 選修,,"二 1,2",大氣B105,3 類,,2,,https://course.ntu.edu.tw/courses/114-1/14840
程式與科學計算,陳維婷,22017,AtmSci2010,20926500,必修,,"一 8,9",大氣B105,2 類,,2,,https://course.ntu.edu.tw/courses/114-1/22017
雲物理學,陳正平,46359,AtmSci2016,20932400,必修,,"三 3,4",大氣B105,3 類,,2,,https://course.ntu.edu.tw/courses/114-1/46359
統計與大氣科學,羅敏輝,56007,AtmSci2019,20922210,必修,,"二 3,4",大氣B105,3 類,,2,,https://course.ntu.edu.tw/courses/114-1/56007
大氣化學,洪惠敏,20094,AtmSci2020,20927140,必修,,"二 2 / 五 3,4",大氣A108,2 類,,3,,https://course.ntu.edu.tw/courses/114-1/20094
應用數學一,梁禹喬,55153,AtmSci2022,20927160,必修,,"一 3,4 / 三 6,7",大氣B105,3 類,,4,,https://course.ntu.edu.tw/courses/114-1/55153
大氣動力學二,郭鴻基,14820,AtmSci3002,20930120,必修 / 選修,,"一 1,2 / 三 2",大氣B105,1 類,,3,,https://course.ntu.edu.tw/courses/114-1/14820
天氣學一,楊明仁,11822,AtmSci3003,20930310,必修 / 選修,,"四 3,4",大氣B105,1 類,,2,,https://course.ntu.edu.tw/courses/114-1/11822
天氣學實習一,楊明仁,27810,AtmSci3009,20940110,必修 / 選修,,"五 7,8,9",大氣B105,1 類,,1,,https://course.ntu.edu.tw/courses/114-1/27810
獨立研究,梁禹喬,28199,AtmSci4001,20946100,選修,,,,3 類,,2,,https://course.ntu.edu.tw/courses/114-1/28199
學士論文,黃彥婷,49239,AtmSci4009,20949680,選修,,,,2 類,,2,,https://course.ntu.edu.tw/courses/114-1/49239
天氣診斷專題一,楊明仁,44000,AtmSci5005,229U2040,選修,,"四 8,9",大氣A108,3 類,,2,,https://course.ntu.edu.tw/courses/114-1/44000
大氣物理化學,陳正平,16982,AtmSci5008,229U3020,必修 / 選修,,"四 8,9 / 五 6",大氣B105,3 類,,3,,https://course.ntu.edu.tw/courses/114-1/16982
大氣觀測實作,林博雄,46343,AtmSci5023,229U4200,選修,,"一 10,A",大氣A104,2 類,,2,,https://course.ntu.edu.tw/courses/114-1/46343
生物氣象學,林博雄,32199,AtmSci5037,229U5310,選修,,"一 6,7,8",大氣A104,3 類,,3,,https://course.ntu.edu.tw/courses/114-1/32199
大氣科學學生英文演講報告,林依依,45227,AtmSci5052,229U5500,選修,,五 6,大氣A206,3 類,,1,,https://course.ntu.edu.tw/courses/114-1/45227
大氣程式實作,陳維婷,23752,AtmSci5085,229U5810,必修 / 選修,,一 10,大氣B105,2 類,,1,,https://course.ntu.edu.tw/courses/114-1/23752
大氣環境概論,谷邁世,36365,AtmSci5103,229U5970,,,"三 2,3,4",大氣系A100,3 類,,3,,https://course.ntu.edu.tw/courses/114-1/36365
去碳化策略,谷邁世,29794,AtmSci5107,229U6100,選修,,"二 3,4",大氣系A100,3 類,,2,,https://course.ntu.edu.tw/courses/114-1/29794
大學部研究計畫書寫作,谷邁世,45612,AtmSci5108,229U6110,選修,,"三 8,9",大氣系A100,3 類,,2,,https://course.ntu.edu.tw/courses/114-1/45612
"我有一個夢-探索當前大氣,氣候,及海洋科學的議題",林依依,52802,AtmSci5115,229U6170,選修,,"五 7,8",大氣A206,3 類,,2,,https://course.ntu.edu.tw/courses/114-1/52802
專題討論,曾開治,34056,AtmSci7002,229M0050,必修,,"二 6,7",,1 類,,0,,https://course.ntu.edu.tw/courses/114-1/34056
專題討論,黃彥婷,51466,AtmSci7002,229M0050,必修,,"二 6,7",,1 類,,0,,https://course.ntu.edu.tw/courses/114-1/51466
專題討論,張瓊尹,20074,AtmSci7002,229M0050,必修,,"二 6,7",,1 類,,0,,https://course.ntu.edu.tw/courses/114-1/20074
動力氣候學,曾開治,13537,AtmSci7005,229M1060,選修,,"三 8,9,10",大氣B105,3 類,,3,,https://course.ntu.edu.tw/courses/114-1/13537
雷達氣象獨立研究,周仲島,95053,AtmSci7017,229M3130,選修,,,,2 類,,2,,https://course.ntu.edu.tw/courses/114-1/95053
專題討論,谷邁世,22871,AtmSci7053,229M0070,必修,,"二 6,7",,1 類,,2,,https://course.ntu.edu.tw/courses/114-1/22871
雲動力學,吳健銘,41151,AtmSci7065,229M8230,選修,,"五 2,3,4",大氣A104,3 類,,3,,https://course.ntu.edu.tw/courses/114-1/41151
中尺度氣象學,游政谷,15555,AtmSci7079,229M8360,選修,,"一 8,9",大氣系A100,3 類,,2,,https://course.ntu.edu.tw/courses/114-1/15555
空氣汙染實作,洪惠敏,25632,AtmSci7096,229M8520,選修,,"三 8,9,10",大氣A108,2 類,,3,,https://course.ntu.edu.tw/courses/114-1/25632
混沌與可預報度,曾開治,25144,AtmSci7104,229M8600,選修,,"一 6,7 / 四 8",大氣系A100,3 類,,3,,https://course.ntu.edu.tw/courses/114-1/25144
雲與降水過程的衛星遙測與數據分析,羅敏輝,48176,AtmSci7111,229M8670,選修,,,,3 類,,1,,https://course.ntu.edu.tw/courses/114-1/48176
氣候敏感度,張瓊尹,17958,AtmSci7120,229M8760,選修,,"一 3,4 / 五 3,4",大氣A206,2 類,,3,,https://course.ntu.edu.tw/courses/114-1/17958
極區氣候變化,梁禹喬,49074,AtmSci7121,229M8770,選修,,"一 8,9 / 三 3,4",大氣A108,3 類,,4,,https://course.ntu.edu.tw/courses/114-1/49074
氣候動力之當前研究 II,黃彥婷,95045,AtmSci7123,229M8790,選修,,"二 3,4",,2 類,,2,,https://course.ntu.edu.tw/courses/114-1/95045
碩士論文,游政谷,31864,AtmSci7999,229M0010,必修,,,,1 類,,0,,https://course.ntu.edu.tw/courses/114-1/31864
專題討論,陳正平,52190,AtmSci8001,229D0030,必修,,"二 6,7",大氣B105,3 類,,0,,https://course.ntu.edu.tw/courses/114-1/52190
專題討論,吳俊傑,18103,AtmSci8002,229D0050,必修,,"二 6,7",,3 類,,1,,https://course.ntu.edu.tw/courses/114-1/18103
地形降水獨立研究二,游政谷,48270,AtmSci8055,229D3160,選修,,,,2 類,,2,,https://course.ntu.edu.tw/courses/114-1/48270
獨立研究三十一,梁禹喬,95052,AtmSci8061,229D4300,選修,,,,2 類,,2,,https://course.ntu.edu.tw/courses/114-1/95052
博士論文,游政谷,42250,AtmSci8999,229D0010,必修,,,,1 類,,0,,https://course.ntu.edu.tw/courses/114-1/42250
服務學習乙,林嘉薇,17476,BA0007,701001H0,必帶,,,,2 類,,1,,https://course.ntu.edu.tw/courses/114-1/17476
服務學習乙,柯冠州,49131,BA0007,701001H0,必帶,,,,2 類,,1,,https://course.ntu.edu.tw/courses/114-1/49131
服務學習乙,簡怡雯,38514,BA0007,701001H0,必帶,,,,2 類,,1,,https://course.ntu.edu.tw/courses/114-1/38514
服務學習甲,周善瑜,20829,BA0008,701001G0,必帶,,,,2 類,,1,,https://course.ntu.edu.tw/courses/114-1/20829
服務學習甲,劉怡靖,41870,BA0008,701001G0,必帶,,,,2 類,,1,,https://course.ntu.edu.tw/courses/114-1/41870
服務學習甲,秦時雋,38390,BA0008,701001G0,必帶,,,,2 類,,1,,https://course.ntu.edu.tw/courses/114-1/38390
線性代數,陳永耀,20949,BA2003,70117100,必帶,,"二 6,7,8",管二205,2 類,,3,,https://course.ntu.edu.tw/courses/114-1/20949
資料庫管理,楊立偉,13443,BA2004,70134500,必帶,,"四 7,8,9",管二206,2 類,,3,,https://course.ntu.edu.tw/courses/114-1/13443
管理決策會計,高偉娟,15445,BA2011,70132100,必帶,,"一 7,8,9",管二201,2 類,,3,,https://course.ntu.edu.tw/courses/114-1/15445
管理決策會計,黃祥宇,41611,BA2011,70132100,必帶 / 選修,,"五 7,8,9",管一101,2 類,,3,,https://course.ntu.edu.tw/courses/114-1/41611
管理決策會計,高偉娟,24050,BA2011,70132100,必帶,,"一 7,8,9",,2 類,,3,,https://course.ntu.edu.tw/courses/114-1/24050
管理決策會計,黃祥宇,25169,BA2011,70132100,必帶,,"五 7,8,9",,2 類,,3,,https://course.ntu.edu.tw/courses/114-1/25169
策略管理,陳忠仁,39698,BA4001,70141000,必帶,,"二 6,7,8",管二201,2 類,,3,,https://course.ntu.edu.tw/courses/114-1/39698
策略管理,陳忠仁,58810,BA4001,70141000,選修,,"二 6,7,8",,2 類,,3,,https://course.ntu.edu.tw/courses/114-1/58810
系統動態學,余峻瑜,16040,BA4004,70145100,選修,,"四 2,3,4",管一405,2 類,,3,,https://course.ntu.edu.tw/courses/114-1/16040
生物化學乙上,張茂山,12308,BChem3007,B46301B1,必帶 / 必修 / 選修,,"二 1,2",普103,3 類,,2,,https://course.ntu.edu.tw/courses/114-1/12308
生物化學甲上,冀宏源,43291,BChem3012,B46303A1,必修 / 選修,,"二 3,4 / 四 1,2",新204,3 類,,4,,https://course.ntu.edu.tw/courses/114-1/43291
文獻中的研究方法與技術1,余榮熾,30642,BChem5028,B46U0850,選修,,"三 3,4",普204,3 類,,1,,https://course.ntu.edu.tw/courses/114-1/30642
電腦模擬運算之藥物設計,林俊宏,53098,BChem5034,B46U0940,選修,,,,3 類,,1,,https://course.ntu.edu.tw/courses/114-1/53098
細胞生物學與研究技術,管永恕,56286,BChem5037,B46U0970,選修,,"一 3,4",生化N101,3 類,,2,,https://course.ntu.edu.tw/courses/114-1/56286
生化技術與數據分析原理,史有伶,37312,BChem5055,B46U1150,選修,,"二 6,7",生化N101,3 類,,2,,https://course.ntu.edu.tw/courses/114-1/37312
生化專題研究實作(一),張茂山,20967,BChem5057,B46U1170,選修,,,,2 類,,3,,https://course.ntu.edu.tw/courses/114-1/20967
生化專題研究實作(一),陳世勳,26281,BChem5057,B46U1170,選修,,,,2 類,,3,,https://course.ntu.edu.tw/courses/114-1/26281
生化專題研究實作(一),翁瑞霞,10209,BChem5057,B46U1170,選修,,,,2 類,,3,,https://course.ntu.edu.tw/courses/114-1/10209
生化專題研究實作(二),許家維,11517,BChem5058,B46U1180,選修,,,,2 類,,3,,https://course.ntu.edu.tw/courses/114-1/11517
有機化合物光譜分析及數據整合,呂桐睿,54666,BChem5061,B46U1210,選修,,"一 8,9",生化N101,3 類,,2,,https://course.ntu.edu.tw/courses/114-1/54666
醣化學,呂桐睿,50520,BChem5062,B46U1220,選修,,"四 8,9",生化N101,3 類,,2,,https://course.ntu.edu.tw/courses/114-1/50520
轉譯發炎,翁瑞霞,50509,BChem5063,B46U1230,選修,,一 7,生化N101,3 類,,1,,https://course.ntu.edu.tw/courses/114-1/50509
蛋白質修飾機制與細胞訊息,陳世勳,36964,BChem5064,B46U1240,必修 / 選修,,"四 3,4",新503,3 類,,2,,https://course.ntu.edu.tw/courses/114-1/36964
應用人工智慧的實用蛋白質設計,吳昆峰,56592,BChem5066,B46U1260,選修,,"六 3,4",,3 類,,2,,https://course.ntu.edu.tw/courses/114-1/56592
專題研究,余榮熾,30564,BChem7000,B46M0020,必修,,,,1 類,,1,,https://course.ntu.edu.tw/courses/114-1/30564
專題研究,冀宏源,57418,BChem7000,B46M0020,必修,,,,1 類,,1,,https://course.ntu.edu.tw/courses/114-1/57418
專題研究,張茂山,26402,BChem7000,B46M0020,必修,,,,1 類,,1,,https://course.ntu.edu.tw/courses/114-1/26402
專題研究,管永恕,32119,BChem7000,B46M0020,必修 / 選修,,,,1 類,,1,,https://course.ntu.edu.tw/courses/114-1/32119
專題研究,蕭超隆,43516,BChem7000,B46M0020,必修,,,,1 類,,1,,https://course.ntu.edu.tw/courses/114-1/43516
專題研究,許家維,31808,BChem7000,B46M0020,必修,,,,1 類,,1,,https://course.ntu.edu.tw/courses/114-1/31808
專題研究,陳世勳,33361,BChem7000,B46M0020,必修,,,,1 類,,1,,https://course.ntu.edu.tw/courses/114-1/33361
專題研究,凌嘉鴻,32609,BChem7000,B46M0020,必修,,,,1 類,,1,,https://course.ntu.edu.tw/courses/114-1/32609
專題研究,吳昆峰,50297,BChem7000,B46M0020,必修,,,,1 類,,1,,https://course.ntu.edu.tw/courses/114-1/50297
專題研究,陳光超,39206,BChem7000,B46M0020,必修,,,,1 類,,1,,https://course.ntu.edu.tw/courses/114-1/39206
專題研究,陳宏文,45946,BChem7000,B46M0020,必修,,,,1 類,,1,,https://course.ntu.edu.tw/courses/114-1/45946
專題研究,何孟樵,49699,BChem7000,B46M0020,必修,,,,1 類,,1,,https://course.ntu.edu.tw/courses/114-1/49699
專題研究,呂桐睿,33616,BChem7000,B46M0020,必修,,,,1 類,,1,,https://course.ntu.edu.tw/courses/114-1/33616
專題研究,陳佩燁,33035,BChem7000,B46M0020,必修,,,,1 類,,1,,https://course.ntu.edu.tw/courses/114-1/33035
專題討論,蕭超隆,58275,BChem7001,B46M0030,必修,,,,3 類,,1,,https://course.ntu.edu.tw/courses/114-1/58275
專題討論,陳光超,47785,BChem7001,B46M0030,必修,,,,3 類,,1,,https://course.ntu.edu.tw/courses/114-1/47785
專題討論,陳世勳,50128,BChem7001,B46M0030,必修,,,,3 類,,1,,https://course.ntu.edu.tw/courses/114-1/50128
專題討論,何孟樵,13285,BChem7001,B46M0030,必修,,,,3 類,,1,,https://course.ntu.edu.tw/courses/114-1/13285
書報討論,安形高志,29048,BChem7002,B46M0040,必修,,,,3 類,,1,,https://course.ntu.edu.tw/courses/114-1/29048
書報討論,管永恕,58378,BChem7002,B46M0040,必修,,,,3 類,,1,,https://course.ntu.edu.tw/courses/114-1/58378
書報討論,許家維,39581,BChem7002,B46M0040,必修,,,,3 類,,1,,https://course.ntu.edu.tw/courses/114-1/39581
書報討論,陳世勳,36473,BChem7002,B46M0040,必修,,,,3 類,,1,,https://course.ntu.edu.tw/courses/114-1/36473
神經化學,管永恕,28944,BChem7026,B46M1320,選修,,"二 3,4",生化N101,3 類,,2,,https://course.ntu.edu.tw/courses/114-1/28944
碩士論文,,44893,BChem7999,B46M0010,必修,,,,1 類,,0,,https://course.ntu.edu.tw/courses/114-1/44893
專題研究,余榮熾,46499,BChem8000,B46D0020,必修,,,,1 類,,1,,https://course.ntu.edu.tw/courses/114-1/46499
專題研究,冀宏源,47453,BChem8000,B46D0020,必修,,,,1 類,,1,,https://course.ntu.edu.tw/courses/114-1/47453
專題研究,張茂山,47467,BChem8000,B46D0020,必修,,,,1 類,,1,,https://course.ntu.edu.tw/courses/114-1/47467
專題研究,管永恕,42885,BChem8000,B46D0020,必修,,,,1 類,,1,,https://course.ntu.edu.tw/courses/114-1/42885
專題研究,蕭超隆,30987,BChem8000,B46D0020,必修,,,,1 類,,1,,https://course.ntu.edu.tw/courses/114-1/30987
專題研究,許家維,54831,BChem8000,B46D0020,必修,,,,1 類,,1,,https://course.ntu.edu.tw/courses/114-1/54831
專題研究,陳世勳,58105,BChem8000,B46D0020,必修,,,,1 類,,1,,https://course.ntu.edu.tw/courses/114-1/58105
專題研究,凌嘉鴻,15610,BChem8000,B46D0020,必修,,,,1 類,,1,,https://course.ntu.edu.tw/courses/114-1/15610
專題研究,吳昆峰,51488,BChem8000,B46D0020,必修,,,,1 類,,1,,https://course.ntu.edu.tw/courses/114-1/51488
專題研究,楊維元,36898,BChem8000,B46D0020,必修,,,,1 類,,1,,https://course.ntu.edu.tw/courses/114-1/36898
專題研究,徐尚德,59380,BChem8000,B46D0020,必修,,,,1 類,,1,,https://course.ntu.edu.tw/courses/114-1/59380
專題研究,陳光超,36889,BChem8000,B46D0020,必修,,,,1 類,,1,,https://course.ntu.edu.tw/courses/114-1/36889
專題研究,陳宏文,54377,BChem8000,B46D0020,必修,,,,1 類,,1,,https://course.ntu.edu.tw/courses/114-1/54377
專題討論,蕭超隆,11596,BChem8001,B46D0030,必修,,,,3 類,,1,,https://course.ntu.edu.tw/courses/114-1/11596
專題討論,陳光超,57872,BChem8001,B46D0030,必修,,,,3 類,,1,,https://course.ntu.edu.tw/courses/114-1/57872
專題討論,陳世勳,48004,BChem8001,B46D0030,必修,,,,3 類,,1,,https://course.ntu.edu.tw/courses/114-1/48004
專題討論,何孟樵,50494,BChem8001,B46D0030,必修,,,,3 類,,1,,https://course.ntu.edu.tw/courses/114-1/50494
書報討論,安形高志,34828,BChem8008,B46D0110,必修,,,,3 類,,1,,https://course.ntu.edu.tw/courses/114-1/34828
書報討論,管永恕,18671,BChem8008,B46D0110,必修,,,,3 類,,1,,https://course.ntu.edu.tw/courses/114-1/18671
書報討論,許家維,57261,BChem8008,B46D0110,必修,,,,3 類,,1,,https://course.ntu.edu.tw/courses/114-1/57261
書報討論,陳世勳,18391,BChem8008,B46D0110,必修,,,,3 類,,1,,https://course.ntu.edu.tw/courses/114-1/18391
專題演講,孟子青,52973,BChem8013,B46D0140,選修,,"一 2,3 / 四 2,3",,3 類,,1,,https://course.ntu.edu.tw/courses/114-1/52973
書報討論,陳光超,25193,BChem8014,B46D0150,選修,,"三 3,4",,3 類,,1,,https://course.ntu.edu.tw/courses/114-1/25193
專題演講,梁博煌,42447,BChem8027,B46D0280,選修,,,,3 類,,1,,https://course.ntu.edu.tw/courses/114-1/42447
博士論文,,15059,BChem8999,B46D0010,必修,,,,1 類,,0,,https://course.ntu.edu.tw/courses/114-1/15059
創新醫療器材設計,李百祺,23692,BEBI5002,945U2920,選修,,"四 6,7,8",博理114,2 類,,3,,https://course.ntu.edu.tw/courses/114-1/23692
疾病實驗診斷與中醫辨證,周迺寬,46145,BEBI5006,945U2960,選修,,"二 7,8,9",基醫504,1 類,,3,,https://course.ntu.edu.tw/courses/114-1/46145
創業與創業投資,李光斌,46640,BEBI5013,945U3010,選修,,"五 6,7,8",電二101,2 類,,3,,https://course.ntu.edu.tw/courses/114-1/46640
專題討論,黃念祖,38210,BEBI7001,945M0040,必修,,"一 6,7",,1 類,,0,,https://course.ntu.edu.tw/courses/114-1/38210
專題研究,李百祺,52213,BEBI7002,945M1910,必修,,,,1 類,,1,,https://course.ntu.edu.tw/courses/114-1/52213
專題研究,莊曜宇,51048,BEBI7002,945M1910,必修,,,,1 類,,1,,https://course.ntu.edu.tw/courses/114-1/51048
專題研究,鍾孝文,20025,BEBI7002,945M1910,必修,,,,1 類,,1,,https://course.ntu.edu.tw/courses/114-1/20025
專題研究,宋孔彬,26013,BEBI7002,945M1910,必修,,,,1 類,,1,,https://course.ntu.edu.tw/courses/114-1/26013
專題研究,陳志宏,23390,BEBI7002,945M1910,必修 / 選修,,,,1 類,,1,,https://course.ntu.edu.tw/courses/114-1/23390
專題研究,黃念祖,27436,BEBI7002,945M1910,必修,,,,1 類,,1,,https://course.ntu.edu.tw/courses/114-1/27436
專題研究,郭柏齡,43334,BEBI7002,945M1910,必修 / 選修,,,,1 類,,1,,https://course.ntu.edu.tw/courses/114-1/43334
專題研究,孫啟光,51023,BEBI7002,945M1910,必修,,,,1 類,,1,,https://course.ntu.edu.tw/courses/114-1/51023
專題研究,劉浩澧,47670,BEBI7002,945M1910,必修 / 選修,,,,1 類,,1,,https://course.ntu.edu.tw/courses/114-1/47670
專題研究,楊東霖,27963,BEBI7002,945M1910,必修,,,,1 類,,1,,https://course.ntu.edu.tw/courses/114-1/27963
專題研究,劉子毓,59465,BEBI7002,945M1910,必修,,,,1 類,,1,,https://course.ntu.edu.tw/courses/114-1/59465
專題研究,林致廷,25374,BEBI7002,945M1910,必修,,,,1 類,,1,,https://course.ntu.edu.tw/courses/114-1/25374
專題研究,歐陽彥正,51530,BEBI7002,945M1910,必修,,,,1 類,,1,,https://course.ntu.edu.tw/courses/114-1/51530
專題研究,曾宇鳳,21345,BEBI7002,945M1910,必修 / 選修,,,,1 類,,1,,https://course.ntu.edu.tw/courses/114-1/21345
專題研究,傅楸善,40157,BEBI7002,945M1910,必修,,,,1 類,,1,,https://course.ntu.edu.tw/courses/114-1/40157
專題研究,張瑞峰,31349,BEBI7002,945M1910,必修,,,,1 類,,1,,https://course.ntu.edu.tw/courses/114-1/31349
專題研究,林啟萬,14491,BEBI7002,945M1910,必修,,,,2 類,,1,,https://course.ntu.edu.tw/courses/114-1/14491
專題研究,林  風,36142,BEBI7002,945M1910,必修,,,,1 類,,1,,https://course.ntu.edu.tw/courses/114-1/36142
專題研究,魏安祺,42767,BEBI7002,945M1910,必修,,,,1 類,,1,,https://course.ntu.edu.tw/courses/114-1/42767
專題研究,柯宗瑋,13646,BEBI7002,945M1910,選修,,,,1 類,,1,,https://course.ntu.edu.tw/courses/114-1/13646
專題研究,阮雪芬,18304,BEBI7002,945M1910,必修 / 選修,,,,1 類,,1,,https://course.ntu.edu.tw/courses/114-1/18304
專題演講,林  風,41371,BEBI7003,945M9000,必修,,"一 8,9",,1 類,,1,,https://course.ntu.edu.tw/courses/114-1/41371
光學診斷技術,宋孔彬,10958,BEBI7004,945M2900,選修,,"五 2,3,4",明達303,1 類,,3,,https://course.ntu.edu.tw/courses/114-1/10958
碩士論文,,37042,BEBI7999,945M0010,必修,,,,1 類,,0,,https://course.ntu.edu.tw/courses/114-1/37042
專題討論,黃念祖,42600,BEBI8001,945D0040,必修,,"一 6,7",,1 類,,0,,https://course.ntu.edu.tw/courses/114-1/42600
專題研究,李百祺,30529,BEBI8002,945D1910,必修,,,,1 類,,1,,https://course.ntu.edu.tw/courses/114-1/30529
專題研究,莊曜宇,45500,BEBI8002,945D1910,必修,,,,1 類,,1,,https://course.ntu.edu.tw/courses/114-1/45500
專題研究,鍾孝文,19437,BEBI8002,945D1910,必修,,,,1 類,,1,,https://course.ntu.edu.tw/courses/114-1/19437
專題研究,林啟萬,23836,BEBI8002,945D1910,必修,,,,1 類,,1,,https://course.ntu.edu.tw/courses/114-1/23836
專題研究,陳志宏,23321,BEBI8002,945D1910,必修,,,,1 類,,1,,https://course.ntu.edu.tw/courses/114-1/23321
專題研究,阮雪芬,48828,BEBI8002,945D1910,選修,,,,1 類,,1,,https://course.ntu.edu.tw/courses/114-1/48828
專題研究,劉浩澧,25204,BEBI8002,945D1910,必修,,,,1 類,,1,,https://course.ntu.edu.tw/courses/114-1/25204
專題研究,黃念祖,16226,BEBI8002,945D1910,必修,,,,1 類,,1,,https://course.ntu.edu.tw/courses/114-1/16226
專題研究,魏安祺,43363,BEBI8002,945D1910,必修,,,,1 類,,1,,https://course.ntu.edu.tw/courses/114-1/43363
專題研究,陳中平,58514,BEBI8002,945D1910,必修,,,,1 類,,1,,https://course.ntu.edu.tw/courses/114-1/58514
專題研究,林致廷,41752,BEBI8002,945D1910,必修,,,,1 類,,1,,https://course.ntu.edu.tw/courses/114-1/41752
專題研究,歐陽彥正,11939,BEBI8002,945D1910,必修,,,,1 類,,1,,https://course.ntu.edu.tw/courses/114-1/11939
專題研究,趙坤茂,24261,BEBI8002,945D1910,必修,,,,2 類,,1,,https://course.ntu.edu.tw/courses/114-1/24261
專題研究,曾宇鳳,18338,BEBI8002,945D1910,必修,,,,1 類,,1,,https://course.ntu.edu.tw/courses/114-1/18338
專題研究,傅楸善,37101,BEBI8002,945D1910,選修,,,,1 類,,1,,https://course.ntu.edu.tw/courses/114-1/37101
專題研究,郭柏齡,45082,BEBI8002,945D1910,選修,,,,1 類,,1,,https://course.ntu.edu.tw/courses/114-1/45082
專題演講,林  風,32403,BEBI8003,945D9000,必修,,"一 8,9",,1 類,,1,,https://course.ntu.edu.tw/courses/114-1/32403
博士論文,,42170,BEBI8999,945D0010,必修,,,,1 類,,0,,https://course.ntu.edu.tw/courses/114-1/42170
服務學習甲,吳偉愷,36066,BFN0003,615001G0,必修,,,,2 類,,1,,https://course.ntu.edu.tw/courses/114-1/36066
服務學習乙,李欣瑾,12626,BFN0004,615001H0,必修,,,,2 類,,1,,https://course.ntu.edu.tw/courses/114-1/12626
代謝生化,李欣瑾,35578,BFN5001,615U0010,選修,,"三 6,7",,2 類,,2,,https://course.ntu.edu.tw/courses/114-1/35578
生命期營養,李欣瑾,28891,BFN5003,615U0090,選修,,"四 6,7",食研222,2 類,,2,,https://course.ntu.edu.tw/courses/114-1/28891
幹細胞與生殖細胞分子生物學,林劭品,25470,BFN5004,615U0030,選修,,"四 7,8,9",綜203,2 類,,3,,https://course.ntu.edu.tw/courses/114-1/25470
生物技術核心實驗,劉嚞睿,14557,BFN5007,615U0060,必帶,,"五 2,3,4,5,6,7,8,9",,2 類,,4,,https://course.ntu.edu.tw/courses/114-1/14557
學術論文英文寫作,黃翊之,10408,BFN5008,615U0070,選修,,"二 2,3,4",綜606,2 類,,3,,https://course.ntu.edu.tw/courses/114-1/10408
服務學習甲,陳玉華,50164,BICD0008,610001G0,必帶,,,,2 類,,1,,https://course.ntu.edu.tw/courses/114-1/50164
服務學習乙,陳玉華,53398,BICD0009,610001H0,必修,,,,2 類,,1,,https://course.ntu.edu.tw/courses/114-1/53398
社會學,陳玉華,11007,BICD1004,61010500,必帶,,"三 7,8,9",生傳418室,2 類,,3,,https://course.ntu.edu.tw/courses/114-1/11007
傳播學,許詩嫺,54178,BICD1012,61014600,必帶 / 必修,,"二 6,7,8",共201,2 類,,3,,https://course.ntu.edu.tw/courses/114-1/54178
鄉村農業體驗（一）,闕河嘉,44583,BICD1030,61010810,選修,,"六 3,4",,2 類,,2,,https://course.ntu.edu.tw/courses/114-1/44583
視覺傳播,李明道,12584,BICD2038,61023060,選修,,"五 7,8,9",生傳402室,2 類,,3,,https://course.ntu.edu.tw/courses/114-1/12584
社會科學研究方法,劉桂君,20178,BICD2039,61028990,必帶,,"三 6,7,8",生傳402室,2 類,,3,,https://course.ntu.edu.tw/courses/114-1/20178
食農教育,郭蕙如,44397,BICD2048,61028000,選修,,"五 2,3,4",生傳427室,2 類,,3,,https://course.ntu.edu.tw/courses/114-1/44397
永續社會發展,王俊豪,42147,BICD3031,63039930,選修,,"四 6,7,8",生傳527室,2 類,,3,,https://course.ntu.edu.tw/courses/114-1/42147
採訪寫作,林如森,42026,BICD3040,61035120,選修,,"一 6,7,8",生傳402室,2 類,,3,,https://course.ntu.edu.tw/courses/114-1/42026
農業組織與管理,王俊傑,25354,BICD3045,61039330,必帶,,"四 7,8,9",生傳418室,2 類,,3,,https://course.ntu.edu.tw/courses/114-1/25354
實習,黃麗君,55744,BICD4006,61041300,選修,,,,2 類,,2,,https://course.ntu.edu.tw/courses/114-1/55744
專題研究一,闕河嘉,39739,BICD4016,61049710,選修,,,,2 類,,2,,https://course.ntu.edu.tw/courses/114-1/39739
專題研究一,劉桂君,42114,BICD4016,61049710,選修,,,,2 類,,2,,https://course.ntu.edu.tw/courses/114-1/42114
策展實務,李明道,59603,BICD4049,61040000,選修,,"五 A,B,C",生傳402室,2 類,,3,,https://course.ntu.edu.tw/courses/114-1/59603
學士論文上,岳修平,50539,BICD4050,61040011,選修,,,,2 類,,2,,https://course.ntu.edu.tw/courses/114-1/50539
學士論文下,邱玉蟬,14912,BICD4051,61040012,選修,,,,2 類,,2,,https://course.ntu.edu.tw/courses/114-1/14912
科學傳播,劉桂君,39891,BICD5034,630U1860,選修,,"二 6,7,8",生傳527室,2 類,,3,,https://course.ntu.edu.tw/courses/114-1/39891
農鄉發展專題,陳玉華,46215,BICD5075,630U1000,選修,,"一 7,8,9",生傳502室,2 類,,3,,https://course.ntu.edu.tw/courses/114-1/46215
全球化與區域發展,王驥懋,11676,BICD6005,61061050,必帶 / 選修,,"二 7,8,9",生傳418室,2 類,,3,,https://course.ntu.edu.tw/courses/114-1/11676
專題討論上,闕河嘉,15010,BICD7001,630M0041,必修,,"五 3,4",博雅406,2 類,,2,,https://course.ntu.edu.tw/courses/114-1/15010
專題研究一,岳修平,23413,BICD7065,630M2910,選修,,,,2 類,,2,,https://course.ntu.edu.tw/courses/114-1/23413
專題研究一,彭立沛,41718,BICD7065,630M2910,選修,,,,2 類,,2,,https://course.ntu.edu.tw/courses/114-1/41718
專題研究一,邱玉蟬,52196,BICD7065,630M2910,選修,,,,2 類,,2,,https://course.ntu.edu.tw/courses/114-1/52196
專題研究一,陳玉華,41363,BICD7065,630M2910,選修,,,,2 類,,2,,https://course.ntu.edu.tw/courses/114-1/41363
專題研究一,闕河嘉,54826,BICD7065,630M2910,選修,,,,2 類,,2,,https://course.ntu.edu.tw/courses/114-1/54826
專題研究一,王淑美,33232,BICD7065,630M2910,選修,,,,2 類,,2,,https://course.ntu.edu.tw/courses/114-1/33232
專題研究一,郭蕙如,27828,BICD7065,630M2910,選修,,,,2 類,,2,,https://course.ntu.edu.tw/courses/114-1/27828
認知取向媒體研究,岳修平,31640,BICD7105,630M3350,選修,,"六 2,3,4",,2 類,,3,,https://course.ntu.edu.tw/courses/114-1/31640
量化研究寫作專題,黃麗君,25077,BICD7107,630M3310,選修,,"一 10,A,B",生傳525室,2 類,,3,,https://course.ntu.edu.tw/courses/114-1/25077
文化景觀研究,彭立沛,12999,BICD7112,630M1020,選修,,"三 5,6,7",生傳527室,2 類,,3,,https://course.ntu.edu.tw/courses/114-1/12999
社會科學量化研究方法,梁朝雲,32368,BICD7115,630M3380,必修,,"四 7,8,9",生傳502室,3 類,,3,,https://course.ntu.edu.tw/courses/114-1/32368
語料庫文本分析方法,闕河嘉,51987,BICD7117,630M1280,選修,,"二 2,3,4",生傳527室,2 類,,3,,https://course.ntu.edu.tw/courses/114-1/51987
學術期刊論文寫作與發表,梁朝雲,40626,BICD7126,630M7210,選修,,"六 3,4,6,7,8,9",生傳525室,2 類,,3,,https://course.ntu.edu.tw/courses/114-1/40626
新媒介與社會專題,許詩嫺,28413,BICD7135,630M2810,選修,,"五 6,7,8",生傳527室,2 類,,3,,https://course.ntu.edu.tw/courses/114-1/28413
農企業創新經營,黃麗君,54927,BICD7144,630M8030,必修,,,,3 類,,3,,https://course.ntu.edu.tw/courses/114-1/54927
消費者行為與市場研究,梁朝雲,13391,BICD7157,630M9020,選修,,"五 3,4,6,7,8,9",生傳525室,2 類,,3,,https://course.ntu.edu.tw/courses/114-1/13391
農業品牌與行銷,黃麗君,15884,BICD7163,630M9080,選修,,,,2 類,,3,,https://course.ntu.edu.tw/courses/114-1/15884
農業觀光休閒產業,顏建賢,25651,BICD7166,630M9110,選修,,,,2 類,,3,,https://course.ntu.edu.tw/courses/114-1/25651
農企業專題研究二,王俊豪,36833,BICD7168,630M9120,選修,,,,1 類,,3,,https://course.ntu.edu.tw/courses/114-1/36833
科技、技術與鄉村社會發展,王驥懋,25860,BICD7171,630M9140,選修,,"四 2,3,4",生傳427室,2 類,,3,,https://course.ntu.edu.tw/courses/114-1/25860
農企業策略管理,梁朝雲,53612,BICD7180,630M9400,必修,,,,2 類,,3,,https://course.ntu.edu.tw/courses/114-1/53612
農業傳播與發展理論,黃麗君,50234,BICD7191,630M0100,必修,,"二 6,7,8",生傳502室,2 類,,3,,https://course.ntu.edu.tw/courses/114-1/50234
環境保護、社會責任、公司治理與績效評估,王淑美,38589,BICD7195,630M1050,選修,,"一 6,7,8",生傳427室,2 類,,3,,https://course.ntu.edu.tw/courses/114-1/38589
碩士論文,,57672,BICD7999,630M0010,必修,,,,1 類,,0,,https://course.ntu.edu.tw/courses/114-1/57672
專題討論上,岳修平,49637,BICD8001,630D0041,必修,,"五 3,4",,2 類,,2,,https://course.ntu.edu.tw/courses/114-1/49637
專題研究一,闕河嘉,14122,BICD8010,630D2910,選修,,,,2 類,,2,,https://course.ntu.edu.tw/courses/114-1/14122
專題研究一,王淑美,19116,BICD8010,630D2910,選修,,,,2 類,,2,,https://course.ntu.edu.tw/courses/114-1/19116
專題研究一,王驥懋,36253,BICD8010,630D2910,選修,,,,2 類,,2,,https://course.ntu.edu.tw/courses/114-1/36253
傳播理論,林如森,25695,BICD8036,630D1440,選修,,"一 10,A,B",生傳502室,2 類,,3,,https://course.ntu.edu.tw/courses/114-1/25695
博士論文,,21652,BICD8999,630D0010,必修,,,,1 類,,0,,https://course.ntu.edu.tw/courses/114-1/21652
蛋白質結構專題討論,詹迺立,49769,BioMol5004,442U0540,選修,,,,2 類,,1,,https://course.ntu.edu.tw/courses/114-1/49769
蛋白與癌症專題討論,李明學,41443,BioMol5007,442U0630,選修,,,,2 類,,1,,https://course.ntu.edu.tw/courses/114-1/41443
免疫與感染症專題討論,顏伯勳,44528,BioMol5030,442U2630,選修,,,,2 類,,1,,https://course.ntu.edu.tw/courses/114-1/44528
上皮系統生物學專題討論,余明俊,14603,BioMol5033,442U2800,選修,,,,2 類,,1,,https://course.ntu.edu.tw/courses/114-1/14603
蛋白質動力學專題討論,曾秀如,11498,BioMol5039,442U3000,選修,,,,2 類,,1,,https://course.ntu.edu.tw/courses/114-1/11498
染色體穩定專題討論 II,林敬哲,16602,BioMol5040,442U2910,選修,,,,2 類,,1,,https://course.ntu.edu.tw/courses/114-1/16602
分子神經發育專題討論,歐展言,16475,BioMol5043,442U3020,選修,,,,2 類,,1,,https://course.ntu.edu.tw/courses/114-1/16475
先天性免疫學特論,劉旻禕,46346,BioMol5044,442U3030,選修,,,,2 類,,1,,https://course.ntu.edu.tw/courses/114-1/46346
受體內吞作用專題討論,陳炳宏,25608,BioMol5046,442U3050,選修,,,,2 類,,1,,https://course.ntu.edu.tw/courses/114-1/25608
現代生物技術與健康,詹迺立,13037,BioMol5048,442U3070,,,"四 3,4",普101,3 類,,2,,https://course.ntu.edu.tw/courses/114-1/13037
免疫生物資訊學專題討論,陳秉民,10164,BioMol5049,442U3080,選修,,"二 6,7",基醫508,2 類,,1,,https://course.ntu.edu.tw/courses/114-1/10164
轉譯醫學與生技產業發展一,余明俊,56388,BioMol5051,442U3100,選修,,"三 8,9",基醫201,2 類,,2,,https://course.ntu.edu.tw/courses/114-1/56388
生物化學實驗教學實習,余明俊,18422,BioMol5054,442U3130,選修,,,,2 類,,1,,https://course.ntu.edu.tw/courses/114-1/18422
生化專題討論,余明俊,34919,BioMol7001,442M0030,必修,,"二 2,3,4",基醫301,1 類,,1,,https://course.ntu.edu.tw/courses/114-1/34919
生化學,余明俊,19030,BioMol7036,442M1230,必修,,"一 3,4 / 三 3,4",基醫405,2 類,,4,,https://course.ntu.edu.tw/courses/114-1/19030
碩士論文,余明俊,32165,BioMol7999,442M0010,必修,,,,1 類,,0,,https://course.ntu.edu.tw/courses/114-1/32165
生化及分生專題討論,余明俊,25504,BioMol8002,442D0050,必修,,"二 2,3,4",,2 類,,2,,https://course.ntu.edu.tw/courses/114-1/25504
博士論文,余明俊,57991,BioMol8999,442D0010,必修,,,,1 類,,0,,https://course.ntu.edu.tw/courses/114-1/57991
進階動物生物技術,宋麗英,20763,Biot5007,642U0100,選修,,"三 2,3,4",生技所415,2 類,,3,,https://course.ntu.edu.tw/courses/114-1/20763
環境微生物機能工學特論,劉啟德,21473,Biot7005,642M0060,選修,,"三 6,7,8",生技館212,2 類,,3,,https://course.ntu.edu.tw/courses/114-1/21473
生物科技進階實務 1,林詩舜,19330,Biot7010,642M0110,選修,,,,2 類,,3,,https://course.ntu.edu.tw/courses/114-1/19330
專題討論,劉嚞睿,17952,Biot7016,642M0170,必修,,"二 6,7",新102,2 類,,1,,https://course.ntu.edu.tw/courses/114-1/17952
專題討論,宋麗英,48637,Biot7016,642M0170,必修,,"二 6,7",,2 類,,1,,https://course.ntu.edu.tw/courses/114-1/48637
專題討論,林詩舜,56729,Biot7016,642M0170,必修,,"二 6,7",,2 類,,1,,https://course.ntu.edu.tw/courses/114-1/56729
專題討論,劉啟德,40482,Biot7016,642M0170,必修,,"二 6,7",,2 類,,1,,https://course.ntu.edu.tw/courses/114-1/40482
專題討論,游舒涵,21760,Biot7016,642M0170,必修,,"二 6,7",,2 類,,1,,https://course.ntu.edu.tw/courses/114-1/21760
專題討論,鄭光成,19159,Biot7016,642M0170,必修,,,,2 類,,1,,https://course.ntu.edu.tw/courses/114-1/19159
免疫腫瘤學書報討論,游舒涵,48379,Biot7030,642M0310,選修,,"二 8,9",生技所415,2 類,,2,,https://course.ntu.edu.tw/courses/114-1/48379
進階免疫學,楊文欽,36816,Biot7031,642M0320,選修,,"五 6,7,8",,2 類,,3,,https://course.ntu.edu.tw/courses/114-1/36816
碩士論文,,38124,Biot7999,642M0010,選修,,,,1 類,,0,,https://course.ntu.edu.tw/courses/114-1/38124
後生遺傳學,林劭品,58757,Biot8001,642D0020,選修,,"一 2,3,4",生技所415,2 類,,3,,https://course.ntu.edu.tw/courses/114-1/58757
免疫學技術-抗體工具,游舒涵,25749,Biot8004,642D0050,選修,,"四 6,7,8",,2 類,,3,,https://course.ntu.edu.tw/courses/114-1/25749
專題研究,劉嚞睿,55499,Biot8008,642D0090,必修,,,,2 類,,1,,https://course.ntu.edu.tw/courses/114-1/55499
專題研究,林劭品,52013,Biot8008,642D0090,必修,,,,2 類,,1,,https://course.ntu.edu.tw/courses/114-1/52013
專題研究,陳仁治,15152,Biot8008,642D0090,必修,,,,2 類,,1,,https://course.ntu.edu.tw/courses/114-1/15152
專題研究,宋麗英,59129,Biot8008,642D0090,必修,,,,2 類,,1,,https://course.ntu.edu.tw/courses/114-1/59129
專題研究,林詩舜,12082,Biot8008,642D0090,必修,,,,2 類,,1,,https://course.ntu.edu.tw/courses/114-1/12082
專題研究,劉啟德,15802,Biot8008,642D0090,必修,,,,2 類,,1,,https://course.ntu.edu.tw/courses/114-1/15802
專題研究,游舒涵,59135,Biot8008,642D0090,必修,,,,2 類,,1,,https://course.ntu.edu.tw/courses/114-1/59135
專題研究,鄭光成,28234,Biot8008,642D0090,選修,,,,2 類,,1,,https://course.ntu.edu.tw/courses/114-1/28234
專題討論,劉嚞睿,10597,Biot8009,642D0100,必修,,"二 6,7",,2 類,,1,,https://course.ntu.edu.tw/courses/114-1/10597
專題討論,蔡孟勳,18190,Biot8009,642D0100,必修,,"二 6,7",,2 類,,1,,https://course.ntu.edu.tw/courses/114-1/18190
專題討論,林劭品,15574,Biot8009,642D0100,必修,,"二 6,7",,2 類,,1,,https://course.ntu.edu.tw/courses/114-1/15574
專題討論,宋麗英,49495,Biot8009,642D0100,必修,,"二 6,7",,2 類,,1,,https://course.ntu.edu.tw/courses/114-1/49495
專題討論,陳仁治,26470,Biot8009,642D0100,必修,,"二 6,7",,2 類,,1,,https://course.ntu.edu.tw/courses/114-1/26470
專題討論,林詩舜,25315,Biot8009,642D0100,必修,,"二 6,7",,2 類,,1,,https://course.ntu.edu.tw/courses/114-1/25315
專題討論,劉啟德,16794,Biot8009,642D0100,必修,,"二 6,7",,2 類,,1,,https://course.ntu.edu.tw/courses/114-1/16794
專題討論,游舒涵,13827,Biot8009,642D0100,必修,,"二 6,7",,2 類,,1,,https://course.ntu.edu.tw/courses/114-1/13827
專題討論,鄭光成,29049,Biot8009,642D0100,選修,,,,2 類,,1,,https://course.ntu.edu.tw/courses/114-1/29049
後生遺傳調控機制新知,林劭品,29979,Biot8012,642D0140,選修,,"五 3,4",生技所415,2 類,,2,,https://course.ntu.edu.tw/courses/114-1/29979
動物胚胎與生物技術新知,宋麗英,25871,Biot8022,642D0240,選修,,"四 3,4",生技所415,2 類,,2,,https://course.ntu.edu.tw/courses/114-1/25871
高等工業微生物學特論,鄭光成,11015,Biot8023,642D0250,選修,,"五 6,7,8",,2 類,,3,,https://course.ntu.edu.tw/courses/114-1/11015
博士論文,,10501,Biot8999,642D0010,必帶,,,,1 類,,0,,https://course.ntu.edu.tw/courses/114-1/10501
工程圖學與電腦製圖,盧彥文,29700,BME1106,61114100,必帶,,"一 8,9,10",,2 類,,1,,https://course.ntu.edu.tw/courses/114-1/29700
計算機程式語言,謝秉翰,46604,BME1111,61118300,必帶,,"四 7,8,9",,3 類,,3,,https://course.ntu.edu.tw/courses/114-1/46604
工程用化學,陳力騏,48161,BME1112,61119100,必帶,,"二 9,10 / 三 1,2",知203,1 類,,3,,https://course.ntu.edu.tw/courses/114-1/48161
生物機電工程概論,吳筱梅,25769,BME1113,61110900,必帶,,五 6,知武會議室,2 類,,1,,https://course.ntu.edu.tw/courses/114-1/25769
服務學習甲,黃振康,14454,BME1115,611001G0,必帶,,"一 6,7",知武會議室,1 類,,1,,https://course.ntu.edu.tw/courses/114-1/14454
熱力學(一),陳洵毅,10721,BME2102,61122210,必帶,,"三 7,8,9",生機101,1 類,,3,,https://course.ntu.edu.tw/courses/114-1/10721
工程數學一,顏炳郎,17525,BME2103,61121210,必帶,,"二 2,3,4",生機101,1 類,,3,,https://course.ntu.edu.tw/courses/114-1/17525
應用力學下,廖國基,31292,BME2106,61122402,必帶,,"五 3,4",生機101,1 類,,2,,https://course.ntu.edu.tw/courses/114-1/31292
電工學與實習,鄭宗記,31819,BME2115,61136440,必帶,,"一 2,3,4 / 三 3,4",知207,2 類,,3,,https://course.ntu.edu.tw/courses/114-1/31819
機率與統計,周呈霙,52583,BME2121,61120100,必帶 / 選修,,"四 6,7,8,9",生機101,2 類,,3,,https://course.ntu.edu.tw/courses/114-1/52583
流體力學,黃振康,45018,BME3105,61132600,必帶 / 選修,,"二 2,3,4",知207,2 類,,3,,https://course.ntu.edu.tw/courses/114-1/45018
自動控制,顏炳郎,15157,BME3111,61138100,必帶,,"二 7,8,9",知207,1 類,,3,,https://course.ntu.edu.tw/courses/114-1/15157
人工智慧概論,陳倩瑜,43026,BME3114,61139000,必帶,,"四 7,8,9",知武會議室,2 類,,3,,https://course.ntu.edu.tw/courses/114-1/43026
學士專題一,林達德,17867,BME4102,61149210,必修,,,,1 類,,1,,https://course.ntu.edu.tw/courses/114-1/17867
學士專題一,江昭皚,33191,BME4102,61149210,必修,,,,1 類,,1,,https://course.ntu.edu.tw/courses/114-1/33191
學士專題一,陳倩瑜,44959,BME4102,61149210,必修,,,,2 類,,1,,https://course.ntu.edu.tw/courses/114-1/44959
學士專題一,陳林祈,55443,BME4102,61149210,必修,,,,2 類,,1,,https://course.ntu.edu.tw/courses/114-1/55443
學士專題一,周呈霙,42769,BME4102,61149210,必修,,,,1 類,,1,,https://course.ntu.edu.tw/courses/114-1/42769
學士專題一,顏炳郎,51169,BME4102,61149210,必修,,,,1 類,,1,,https://course.ntu.edu.tw/courses/114-1/51169
學士專題一,郭彥甫,50340,BME4102,61149210,必修,,,,2 類,,1,,https://course.ntu.edu.tw/courses/114-1/50340
學士專題一,侯詠德,15263,BME4102,61149210,必修,,,,1 類,,1,,https://course.ntu.edu.tw/courses/114-1/15263
學士專題一,陳世芳,45019,BME4102,61149210,必修,,,,2 類,,1,,https://course.ntu.edu.tw/courses/114-1/45019
學士專題一,丁健芳,11710,BME4102,61149210,必修,,,,2 類,,1,,https://course.ntu.edu.tw/courses/114-1/11710
學士專題一,吳筱梅,19559,BME4102,61149210,必修,,,,2 類,,1,,https://course.ntu.edu.tw/courses/114-1/19559
機電整合與系統設計,吳筱梅,10366,BME4105,61142200,必帶,,"五 7,8,9",電電實驗室,2 類,,3,,https://course.ntu.edu.tw/courses/114-1/10366
專題研究,黃振康,45544,BME4201,61149100,選修,,,,1 類,,2,,https://course.ntu.edu.tw/courses/114-1/45544
專題研究,顏炳郎,48790,BME4201,61149100,選修,,,,1 類,,2,,https://course.ntu.edu.tw/courses/114-1/48790
專題研究,郭彥甫,56585,BME4201,61149100,選修,,,,1 類,,2,,https://course.ntu.edu.tw/courses/114-1/56585
專題研究,陳洵毅,43036,BME4201,61149100,選修,,,,1 類,,2,,https://course.ntu.edu.tw/courses/114-1/43036
專題研究,侯詠德,43064,BME4201,61149100,選修,,,,1 類,,2,,https://course.ntu.edu.tw/courses/114-1/43064
專題研究,陳世芳,38903,BME4201,61149100,選修,,,,1 類,,2,,https://course.ntu.edu.tw/courses/114-1/38903
專題研究,丁健芳,17318,BME4201,61149100,選修,,,,1 類,,2,,https://course.ntu.edu.tw/courses/114-1/17318
專題研究,謝秉翰,21309,BME4201,61149100,選修,,,,1 類,,2,,https://course.ntu.edu.tw/courses/114-1/21309
生物微機電技術與實務,盧彥文,38586,BME4670,631U5720,選修,,,,2 類,,1,,https://course.ntu.edu.tw/courses/114-1/38586
機械工作法特論,丁健芳,20159,BME5012,631U0620,選修,,"二 6,7,8,A",知203,3 類,,3,,https://course.ntu.edu.tw/courses/114-1/20159
機器人專題,郭彥甫,54766,BME5121,631U1590,選修,,"一 A,B,C / 五 A,B,C",電電實驗室,2 類,,3,,https://course.ntu.edu.tw/courses/114-1/54766
雷射加工導論,丁健芳,25282,BME5127,631U0630,選修,,"五 3,4",知203,1 類,,2,,https://course.ntu.edu.tw/courses/114-1/25282
電化學與生醫應用,謝博全,36053,BME5426,631U9510,選修,,"三 7,8,9",生機201,3 類,,3,,https://course.ntu.edu.tw/courses/114-1/36053
感測器原理與應用-機電整合(二),陳林祈,58629,BME5427,631U3360,選修,,"五 2,3,4",電電實驗室,2 類,,3,,https://course.ntu.edu.tw/courses/114-1/58629
再生能源及生物資源循環利用技術,黃振康,50117,BME5720,631U7990,選修,,"五 4,5,6",計資106,1 類,,2,,https://course.ntu.edu.tw/courses/114-1/50117
創意設計,朱元南,58162,BME5908,631U4250,選修,,"一 3,4,6",生機201,1 類,,3,,https://course.ntu.edu.tw/courses/114-1/58162
生物系統工程之外國文獻導讀,顏炳郎,25969,BME5923,631U0400,選修,,"一 2,3,4",計資106,2 類,,2,,https://course.ntu.edu.tw/courses/114-1/25969
動物細胞培養與實習,侯詠德,56875,BME5927,631U9610,選修,,"一 6,7,8",知203,1 類,,3,,https://course.ntu.edu.tw/courses/114-1/56875
生醫儀器分析學,謝博全,23054,BME5929,631U9500,選修,,"二 7,8,9",生機201,3 類,,3,,https://course.ntu.edu.tw/courses/114-1/23054
未來農業,陳世芳,26336,BME5932,631U0700,選修,,"二 2,3,4",生機201,1 類,,3,,https://course.ntu.edu.tw/courses/114-1/26336
生物資訊基石,陳倩瑜,36939,BME5934,631U3210,選修,,,,2 類,,2,,https://course.ntu.edu.tw/courses/114-1/36939
資料科學概論,郭彥甫,10552,BME5939,631U1370,選修,,,,2 類,,3,,https://course.ntu.edu.tw/courses/114-1/10552
專題討論,郭彥甫,95020,BME7011,631M0030,必修,,"四 3,4",知武會議室,1 類,,1,,https://course.ntu.edu.tw/courses/114-1/95020
專題討論,郭彥甫,95033,BME7011,631M0030,必修,,"四 3,4",,1 類,,1,,https://course.ntu.edu.tw/courses/114-1/95033
專題研究,林達德,55466,BME7012,631M0040,必修 / 選修,,,,1 類,,2,,https://course.ntu.edu.tw/courses/114-1/55466
專題研究,陳力騏,40395,BME7012,631M0040,必修,,,,1 類,,2,,https://course.ntu.edu.tw/courses/114-1/40395
專題研究,江昭皚,23734,BME7012,631M0040,必修,,,,1 類,,2,,https://course.ntu.edu.tw/courses/114-1/23734
專題研究,黃振康,12517,BME7012,631M0040,必修,,,,1 類,,2,,https://course.ntu.edu.tw/courses/114-1/12517
專題研究,周呈霙,51560,BME7012,631M0040,必修,,,,1 類,,2,,https://course.ntu.edu.tw/courses/114-1/51560
專題研究,廖國基,54706,BME7012,631M0040,必修,,,,1 類,,2,,https://course.ntu.edu.tw/courses/114-1/54706
專題研究,盧彥文,34679,BME7012,631M0040,必修,,,,1 類,,2,,https://course.ntu.edu.tw/courses/114-1/34679
專題研究,顏炳郎,31253,BME7012,631M0040,必修,,,,1 類,,2,,https://course.ntu.edu.tw/courses/114-1/31253
專題研究,郭彥甫,14172,BME7012,631M0040,必修,,,,1 類,,2,,https://course.ntu.edu.tw/courses/114-1/14172
專題研究,陳洵毅,11001,BME7012,631M0040,必修,,,,1 類,,2,,https://course.ntu.edu.tw/courses/114-1/11001
專題研究,侯詠德,16494,BME7012,631M0040,必修,,,,1 類,,2,,https://course.ntu.edu.tw/courses/114-1/16494
專題研究,謝博全,46567,BME7012,631M0040,必修,,,,1 類,,2,,https://course.ntu.edu.tw/courses/114-1/46567
專題研究,陳世芳,18739,BME7012,631M0040,選修,,,,1 類,,2,,https://course.ntu.edu.tw/courses/114-1/18739
專題研究,丁健芳,51522,BME7012,631M0040,選修,,,,1 類,,2,,https://course.ntu.edu.tw/courses/114-1/51522
專題研究,吳筱梅,19389,BME7012,631M0040,選修,,,,1 類,,2,,https://course.ntu.edu.tw/courses/114-1/19389
專題研究,謝秉翰,10560,BME7012,631M0040,必修,,,,1 類,,2,,https://course.ntu.edu.tw/courses/114-1/10560
生機特論,陳倩瑜,22379,BME7015,631M5200,必修,,"四 1,2",生機101,3 類,,1,,https://course.ntu.edu.tw/courses/114-1/22379
科學研究與寫作,歐墨然,32510,BME7016,631M0500,必修,,"四 6,7",生機201,2 類,,1,,https://course.ntu.edu.tw/courses/114-1/32510
系統工程,鄭宗記,11998,BME7050,631M1300,選修,,"二 0,1,2",知203,2 類,,3,,https://course.ntu.edu.tw/courses/114-1/11998
有限元素法,廖國基,20644,BME7109,631M1950,選修,,"二 2,3,4",電電實驗室,1 類,,3,,https://course.ntu.edu.tw/courses/114-1/20644
機器學習應用概論,郭彥甫,48416,BME7110,631M1580,選修,,"一 7,8 / 五 3",生機201,2 類,,3,,https://course.ntu.edu.tw/courses/114-1/48416
影像處理原理及應用,林達德,35352,BME7408,631M8210,選修,,"三 7,8,9",知武會議室,1 類,,3,,https://course.ntu.edu.tw/courses/114-1/35352
生醫感測與分析特論一,鄭宗記,53094,BME7410,631M9410,選修,,"三 10,A,B",知207,2 類,,3,,https://course.ntu.edu.tw/courses/114-1/53094
機率生成模型特論,謝秉翰,40115,BME7417,631M3150,選修,,"五 8,9",生機201,2 類,,2,,https://course.ntu.edu.tw/courses/114-1/40115
探索式多變量資料分析,周呈霙,54961,BME7909,631M3110,選修,,"一 7,8,9",知207,1 類,,3,,https://course.ntu.edu.tw/courses/114-1/54961
生物實驗室晶片之外國文獻導讀,盧彥文,16682,BME7911,631M9300,選修,,一 5,知203,1 類,,1,,https://course.ntu.edu.tw/courses/114-1/16682
碩士論文,,29920,BME7999,631M0010,必修,,,,1 類,,0,,https://course.ntu.edu.tw/courses/114-1/29920
專題討論,郭彥甫,95031,BME8011,631D0030,必修,,"四 3,4",,1 類,,1,,https://course.ntu.edu.tw/courses/114-1/95031
專題討論,郭彥甫,95032,BME8011,631D0030,必修,,"四 3,4",,1 類,,1,,https://course.ntu.edu.tw/courses/114-1/95032
專題研究,林達德,28504,BME8012,631D0040,必修,,,,1 類,,2,,https://course.ntu.edu.tw/courses/114-1/28504
專題研究,陳林祈,49028,BME8012,631D0040,必修,,,,1 類,,2,,https://course.ntu.edu.tw/courses/114-1/49028
專題研究,黃振康,52453,BME8012,631D0040,必修,,,,1 類,,2,,https://course.ntu.edu.tw/courses/114-1/52453
專題研究,周呈霙,31587,BME8012,631D0040,必修,,,,1 類,,2,,https://course.ntu.edu.tw/courses/114-1/31587
專題研究,廖國基,19640,BME8012,631D0040,必修,,,,1 類,,2,,https://course.ntu.edu.tw/courses/114-1/19640
專題研究,盧彥文,49043,BME8012,631D0040,必修,,,,1 類,,2,,https://course.ntu.edu.tw/courses/114-1/49043
專題研究,顏炳郎,47449,BME8012,631D0040,必修,,,,1 類,,2,,https://course.ntu.edu.tw/courses/114-1/47449
專題研究,郭彥甫,22011,BME8012,631D0040,必修,,,,1 類,,2,,https://course.ntu.edu.tw/courses/114-1/22011
專題研究,陳洵毅,18311,BME8012,631D0040,必修,,,,1 類,,2,,https://course.ntu.edu.tw/courses/114-1/18311
專題研究,侯詠德,33027,BME8012,631D0040,必修,,,,1 類,,2,,https://course.ntu.edu.tw/courses/114-1/33027
專題研究,陳世芳,37418,BME8012,631D0040,必修,,,,1 類,,2,,https://course.ntu.edu.tw/courses/114-1/37418
專題研究,丁健芳,28460,BME8012,631D0040,必修,,,,1 類,,2,,https://course.ntu.edu.tw/courses/114-1/28460
專題研究,吳筱梅,17858,BME8012,631D0040,必修,,,,1 類,,2,,https://course.ntu.edu.tw/courses/114-1/17858
太陽能發電系統與工程特論,江昭皚,12248,BME8406,631D2800,選修,,"四 7,8,9",知207,2 類,,3,,https://course.ntu.edu.tw/courses/114-1/12248
博士論文,,17794,BME8999,631D0010,必修,,,,1 類,,0,,https://course.ntu.edu.tw/courses/114-1/17794
設計方法論,呂欽文,42839,BP5043,544U2010,選修,,"五 7,8,9",工綜209,3 類,,3,,https://course.ntu.edu.tw/courses/114-1/42839
建築設計 (一),慕思勉,39729,BP5050,544U2050,選修,,"一 A,B,C,D",公館101,3 類,,3,,https://course.ntu.edu.tw/courses/114-1/39729
建築設計 (三),林家暉,43806,BP5052,544U2070,選修,,"五 6,7,8,9,10",工綜207,3 類,,4,,https://course.ntu.edu.tw/courses/114-1/43806
環境規劃設計實習一上,邱啟新,17309,BP7016,544M0381,必修,,"二 6,7,8,9 / 五 6,7,8,9",工綜313,3 類,,6,,https://course.ntu.edu.tw/courses/114-1/17309
環境規劃設計實習一上,陳良治,43221,BP7016,544M0381,必修,,"二 6,7,8,9 / 五 6,7,8,9",工綜305,3 類,,6,,https://course.ntu.edu.tw/courses/114-1/43221
環境規劃設計實習一上,郭怡君,53550,BP7016,544M0381,必修,,"二 6,7,8,9 / 五 6,7,8,9",工綜302,3 類,,6,,https://course.ntu.edu.tw/courses/114-1/53550
質性研究,黃舒楣,51666,BP7062,544M3530,必修,,"二 2,3,4",工綜313,3 類,,3,,https://course.ntu.edu.tw/courses/114-1/51666
城鄉安全與防災,陳亮全,50332,BP7091,544M3850,選修,,"三 7,8,9",工綜209,3 類,,3,,https://course.ntu.edu.tw/courses/114-1/50332
宜居城市研究專題,黃麗玲,41726,BP7111,544M4090,選修,,"二 A,B,C",工綜313,3 類,,3,,https://course.ntu.edu.tw/courses/114-1/41726
都市及區域經濟發展概論,陳良治,21873,BP7120,544M4190,選修,,"五 2,3,4",工綜313,3 類,,3,,https://course.ntu.edu.tw/courses/114-1/21873
藝術介入...,康旻杰,29091,BP7122,544M4210,選修,,"三 A,B,C",公館101,3 類,,3,,https://course.ntu.edu.tw/courses/114-1/29091
規劃與設計史,王志弘,13033,BP7129,544M4280,必修,,"一 7,8,9",工綜313,3 類,,3,,https://course.ntu.edu.tw/courses/114-1/13033
空間的文化研究,高郁婷,25015,BP7130,544M4290,選修,,"三 A,B,C",工綜209,3 類,,3,,https://course.ntu.edu.tw/courses/114-1/25015
當代建築,林家暉,11341,BP7220,544M4900,選修,,"四 2,3,4",工綜313,3 類,,3,,https://course.ntu.edu.tw/courses/114-1/11341
建築城鄉與社會實踐,慕思勉,11502,BP7230,544M4960,選修,,"五 2,3,4",公館101,3 類,,3,,https://course.ntu.edu.tw/courses/114-1/11502
環境規劃設計實習一A,郭怡君,22316,BP7232,544M4980,選修,,,,3 類,,3,,https://course.ntu.edu.tw/courses/114-1/22316
環境規劃設計實習一B,林家暉,15643,BP7234,544M5000,選修,,,,3 類,,3,,https://course.ntu.edu.tw/courses/114-1/15643
生態愛：環境倫理與多物種規劃設計,郭怡君,12722,BP7244,544M5110,選修,,"一 6,7,8",公館101,3 類,,3,,https://course.ntu.edu.tw/courses/114-1/12722
人工智慧與都市土地使用：模擬、實作與批判視角,黃麗玲,40080,BP7245,544M5120,選修,,"三 A,B,C",工綜313,3 類,,3,,https://course.ntu.edu.tw/courses/114-1/40080
碩士論文,,16231,BP7999,544M0010,選修,,,,1 類,,0,,https://course.ntu.edu.tw/courses/114-1/16231
博士論文,,14265,BP8999,544D0010,選修,,,,1 類,,0,,https://course.ntu.edu.tw/courses/114-1/14265
服務學習甲,魏均珩,35266,BPISA0003,H04001G0,必修,,,,2 類,,1,,https://course.ntu.edu.tw/courses/114-1/35266
體育原理,陳信全,47142,BPISA1000,H0410210,必修,,"一 2,3,4",綜館R247,2 類,,3,,https://course.ntu.edu.tw/courses/114-1/47142
運動賽會規劃與管理,蔡秀華,42255,BPISA1001,H0410110,必修,,"三 2,3,4",綜館R247,2 類,,3,,https://course.ntu.edu.tw/courses/114-1/42255
體育行政管理,康正男,58821,BPISA1005,H0410610,必修,,"二 2,3,4",綜館R247,2 類,,3,,https://course.ntu.edu.tw/courses/114-1/58821
運動與倫理,陳信全,29579,BPISA1008,H0410130,選修,,"五 7,8,9",綜館R247,2 類,,3,,https://course.ntu.edu.tw/courses/114-1/29579
運動生理學,連家瑩,17506,BPISA1500,H0410220,選修,,"四 2,3,4",綜館R247,2 類,,3,,https://course.ntu.edu.tw/courses/114-1/17506
奧林匹克教育,柯伶玫,54562,BPISA2002,H0420210,必修,,"五 2,3,4",綜館R247,2 類,,3,,https://course.ntu.edu.tw/courses/114-1/54562
運動行銷學導論,胡林煥,31919,BPISA2003,H0420310,必修,,"一 7,8,9",綜館R247,2 類,,3,,https://course.ntu.edu.tw/courses/114-1/31919
體育運動事務實習,連玉輝,26409,BPISA3001,H0430110,必修,,,,3 類,,3,,https://course.ntu.edu.tw/courses/114-1/26409
體育運動專題講座上,連玉輝,37030,BPISA3002,H0430211,必修,,"三 6,7",綜館R247,2 類,,2,,https://course.ntu.edu.tw/courses/114-1/37030
奧運、賽會與國際政治,連玉輝,14928,BPISA3004,H0430220,選修,,"二 6,7",綜館R247,2 類,,2,,https://course.ntu.edu.tw/courses/114-1/14928
服務學習甲-生工,謝正義,24985,BSE0006,602001G0,必帶,,三 5,農工九,2 類,,1,,https://course.ntu.edu.tw/courses/114-1/24985
服務學習乙-生工,江莉琦,34513,BSE0007,602001H0,必帶,,五 10,農工繪圖室,2 類,,1,,https://course.ntu.edu.tw/courses/114-1/34513
生物環境系統工程,廖國偉,19493,BSE1009,60210800,必帶,,"三 10,A",農工十,2 類,,2,,https://course.ntu.edu.tw/courses/114-1/19493
生物環境系統工程,許少瑜,58362,BSE1009,60210800,必帶,,"三 10,A",農工九,2 類,,2,,https://course.ntu.edu.tw/courses/114-1/58362
生物環境系統工程,蔡瑞彬,11946,BSE1009,60210800,必帶,,"三 10,A",生工202,2 類,,2,,https://course.ntu.edu.tw/courses/114-1/11946
工程數學一,許少瑜,38055,BSE2003,60220310,必帶,,"三 2,3,4",農工繪圖室,2 類,,3,,https://course.ntu.edu.tw/courses/114-1/38055
工程力學,胡明哲,20665,BSE2013,60223530,必帶,,"四 2,3,4",共205,2 類,,3,,https://course.ntu.edu.tw/courses/114-1/20665
流體力學,吳富春,59608,BSE2015,60223000,必帶 / 選修,,"一 8,9 / 三 6",農工繪圖室,2 類,,3,,https://course.ntu.edu.tw/courses/114-1/59608
環境化學實習,廖秀娟,17856,BSE2018,60224300,必帶,,"二 6,7,8",生工202,2 類,,1,,https://course.ntu.edu.tw/courses/114-1/17856
產學實習二,廖國偉,34780,BSE2023,60225140,選修,,,,2 類,,1,,https://course.ntu.edu.tw/courses/114-1/34780
計算機應用及程式語言,蕭友晉,38944,BSE2027,60227500,必帶,,"一 3,4",農工繪圖室,2 類,,2,,https://course.ntu.edu.tw/courses/114-1/38944
統計學,王昱力,47581,BSE2028,60223900,必帶 / 必修,,"五 2,3,4",農工繪圖室,2 類,,3,,https://course.ntu.edu.tw/courses/114-1/47581
土壤力學,廖國偉,21049,BSE3005,60231400,必帶,,"五 7,8,9",共104,2 類,,3,,https://course.ntu.edu.tw/courses/114-1/21049
專題研究甲一,游晟暐,51470,BSE4001,60241710,選修,,,,2 類,,2,,https://course.ntu.edu.tw/courses/114-1/51470
專題研究甲一,王昱力,15154,BSE4001,60241710,選修,,,,2 類,,2,,https://course.ntu.edu.tw/courses/114-1/15154
專題研究甲一,廖中明,27071,BSE4001,60241710,選修,,,,2 類,,2,,https://course.ntu.edu.tw/courses/114-1/27071
專題研究甲一,張斐章,56865,BSE4001,60241710,選修,,,,2 類,,2,,https://course.ntu.edu.tw/courses/114-1/56865
專題研究甲一,廖秀娟,33252,BSE4001,60241710,選修,,,,2 類,,2,,https://course.ntu.edu.tw/courses/114-1/33252
專題研究甲一,江莉琦,38810,BSE4001,60241710,選修,,,,2 類,,2,,https://course.ntu.edu.tw/courses/114-1/38810
專題研究甲一,張峰勲,20754,BSE4001,60241710,選修,,,,2 類,,2,,https://course.ntu.edu.tw/courses/114-1/20754
專題研究甲一,范致豪,46397,BSE4001,60241710,選修,,,,2 類,,2,,https://course.ntu.edu.tw/courses/114-1/46397
專題研究甲一,童慶斌,41888,BSE4001,60241710,選修,,,,2 類,,2,,https://course.ntu.edu.tw/courses/114-1/41888
專題研究甲一,潘述元,35980,BSE4001,60241710,選修,,,,2 類,,2,,https://course.ntu.edu.tw/courses/114-1/35980
專題研究甲一,張倉榮,34307,BSE4001,60241710,選修,,,,2 類,,2,,https://course.ntu.edu.tw/courses/114-1/34307
專題研究甲一,蔡瑞彬,13026,BSE4001,60241710,選修,,,,2 類,,2,,https://course.ntu.edu.tw/courses/114-1/13026
專題研究甲一,蕭友晉,11181,BSE4001,60241710,選修,,,,2 類,,2,,https://course.ntu.edu.tw/courses/114-1/11181
專題研究甲一,謝正義,23402,BSE4001,60241710,選修,,,,2 類,,2,,https://course.ntu.edu.tw/courses/114-1/23402
專題研究甲一,余化龍,25703,BSE4001,60241710,選修,,,,2 類,,2,,https://course.ntu.edu.tw/courses/114-1/25703
專題研究甲一,任秀慧,34725,BSE4001,60241710,選修,,,,2 類,,2,,https://course.ntu.edu.tw/courses/114-1/34725
專題研究甲一,胡明哲,33087,BSE4001,60241710,選修,,,,2 類,,2,,https://course.ntu.edu.tw/courses/114-1/33087
專題研究甲一,黃國倉,39262,BSE4001,60241710,選修,,,,2 類,,2,,https://course.ntu.edu.tw/courses/114-1/39262
專題研究甲一,許少瑜,26305,BSE4001,60241710,選修,,,,2 類,,2,,https://course.ntu.edu.tw/courses/114-1/26305
專題研究甲一,廖國偉,55471,BSE4001,60241710,選修,,,,2 類,,2,,https://course.ntu.edu.tw/courses/114-1/55471
環境工程一,范致豪,21303,BSE5003,622U2660,必帶,,"三 7,8,9",共204,2 類,,3,,https://course.ntu.edu.tw/courses/114-1/21303
渠道水力學,游晟暐,24767,BSE5010,622U4500,必帶,,"四 2,3,4",農工繪圖室,2 類,,3,,https://course.ntu.edu.tw/courses/114-1/24767
地下水,蔡瑞彬,13354,BSE5015,622U0020,選修,,"三 2,3,4",農工九,2 類,,3,,https://course.ntu.edu.tw/courses/114-1/13354
環境流體力學,張倉榮,46270,BSE5018,622U0380,選修,,"二 2,3,4",農工九,2 類,,3,,https://course.ntu.edu.tw/courses/114-1/46270
河川生態學：概念與應用,任秀慧,39771,BSE5045,622U4620,選修,,"三 7,8,9",農工九,2 類,,3,,https://course.ntu.edu.tw/courses/114-1/39771
環境影響評估,黃宏斌,40584,BSE5070,622U2690,選修,,"五 2,3,4",生工202,2 類,,3,,https://course.ntu.edu.tw/courses/114-1/40584
河川形貌與棲地復育,吳富春,29371,BSE5095,622U2950,選修,,"五 2,3,4",農工九,2 類,,3,,https://course.ntu.edu.tw/courses/114-1/29371
類神經網路：理論與實務,張斐章,43102,BSE5114,622U4710,選修,,"一 7,8,9",農工九,2 類,,3,,https://course.ntu.edu.tw/courses/114-1/43102
農業水資源規劃,江莉琦,22046,BSE5129,622U4990,選修,,"五 2,3,4",農工十,2 類,,3,,https://course.ntu.edu.tw/courses/114-1/22046
工程、倫理與法律,范致豪,28397,BSE5134,622U5030,選修,,"二 2,3,4",農工十,2 類,,3,,https://course.ntu.edu.tw/courses/114-1/28397
永續綠建築,黃國倉,43939,BSE5146,622U4850,必帶,,"二 10,A,B",農工繪圖室,2 類,,3,,https://course.ntu.edu.tw/courses/114-1/43939
建築能源與環境模擬,黃國倉,50535,BSE5148,622U4870,選修,,"一 2,3,4",農工金城,2 類,,3,,https://course.ntu.edu.tw/courses/114-1/50535
水文頻率分析,廖國偉,35484,BSE5156,622U5110,選修,,"五 2,3,4",共402,2 類,,3,,https://course.ntu.edu.tw/courses/114-1/35484
綠色工程,潘述元,23661,BSE5158,622U5130,選修,,"五 6,7,8",農工十,2 類,,3,,https://course.ntu.edu.tw/courses/114-1/23661
環境微生物,蕭友晉,27345,BSE5160,622U5150,選修,,"一 7,8,9",農工十,2 類,,3,,https://course.ntu.edu.tw/courses/114-1/27345
應用地下水文學,許少瑜,50378,BSE5161,622U5160,選修,,"五 2,3,4",共103,2 類,,3,,https://course.ntu.edu.tw/courses/114-1/50378
環境系統最佳化與網流分析,胡明哲,33136,BSE5168,622U5240,選修,,"三 2,3,4",農工十,2 類,,3,,https://course.ntu.edu.tw/courses/114-1/33136
地面水體污染傳輸模擬,江莉琦,10495,BSE5172,622U5270,選修,,"三 7,8,9",農工十,2 類,,3,,https://course.ntu.edu.tw/courses/114-1/10495
進階地下水力試驗,蔡瑞彬,34697,BSE5190,622U5410,選修,,"四 2,3,4",農工金城,2 類,,3,,https://course.ntu.edu.tw/courses/114-1/34697
永續治理與影響力,童慶斌,27111,BSE5192,622U5390,選修,,"三 7,8,9",農工繪圖室,2 類,,3,,https://course.ntu.edu.tw/courses/114-1/27111
生態系統功能與服務,張峰勲,42325,BSE5212,622U3220,選修,,"四 2,3,4",農工十,2 類,,3,,https://course.ntu.edu.tw/courses/114-1/42325
浮游生物生態學,張峰勲,45210,BSE5213,622U3230,選修,,"五 2,3,4",共207,2 類,,3,,https://course.ntu.edu.tw/courses/114-1/45210
專題討論,張峰勲,36556,BSE7001,622M0030,必修,,"四 8,9",農工繪圖室,2 類,,1,,https://course.ntu.edu.tw/courses/114-1/36556
專題討論,蕭友晉,41859,BSE7001,622M0030,必修,,"四 8,9",農工十,2 類,,1,,https://course.ntu.edu.tw/courses/114-1/41859
專題討論,游晟暐,19656,BSE7001,622M0030,必修,,"四 8,9",農工九,2 類,,1,,https://course.ntu.edu.tw/courses/114-1/19656
專題討論,王昱力,43305,BSE7001,622M0030,必修,,"四 8,9",農工金城,2 類,,1,,https://course.ntu.edu.tw/courses/114-1/43305
書報研讀一,王昱力,34893,BSE7002,622M1710,必修,,,,2 類,,2,,https://course.ntu.edu.tw/courses/114-1/34893
書報研讀一,游晟暐,31060,BSE7002,622M1710,必修,,,,2 類,,2,,https://course.ntu.edu.tw/courses/114-1/31060
書報研讀一,潘述元,10884,BSE7002,622M1710,必修,,,,2 類,,2,,https://course.ntu.edu.tw/courses/114-1/10884
書報研讀一,張斐章,22738,BSE7002,622M1710,必修,,,,2 類,,2,,https://course.ntu.edu.tw/courses/114-1/22738
書報研讀一,胡明哲,49905,BSE7002,622M1710,必修,,,,2 類,,2,,https://course.ntu.edu.tw/courses/114-1/49905
書報研讀一,江莉琦,43597,BSE7002,622M1710,必修,,,,2 類,,2,,https://course.ntu.edu.tw/courses/114-1/43597
書報研讀一,任秀慧,54202,BSE7002,622M1710,必修,,,,2 類,,2,,https://course.ntu.edu.tw/courses/114-1/54202
書報研讀一,童慶斌,37912,BSE7002,622M1710,必修,,,,2 類,,2,,https://course.ntu.edu.tw/courses/114-1/37912
書報研讀一,張峰勲,42779,BSE7002,622M1710,必修,,,,2 類,,2,,https://course.ntu.edu.tw/courses/114-1/42779
書報研讀一,廖秀娟,43887,BSE7002,622M1710,必修,,,,2 類,,2,,https://course.ntu.edu.tw/courses/114-1/43887
書報研讀一,張倉榮,13074,BSE7002,622M1710,必修,,,,2 類,,2,,https://course.ntu.edu.tw/courses/114-1/13074
書報研讀一,林裕彬,35461,BSE7002,622M1710,必修,,,,2 類,,2,,https://course.ntu.edu.tw/courses/114-1/35461
書報研讀一,謝正義,54731,BSE7002,622M1710,必修,,,,2 類,,2,,https://course.ntu.edu.tw/courses/114-1/54731
書報研讀一,余化龍,10979,BSE7002,622M1710,必修,,,,2 類,,2,,https://course.ntu.edu.tw/courses/114-1/10979
書報研讀一,黃國倉,46133,BSE7002,622M1710,必修,,,,2 類,,2,,https://course.ntu.edu.tw/courses/114-1/46133
書報研讀一,范致豪,27296,BSE7002,622M1710,必修,,,,2 類,,2,,https://course.ntu.edu.tw/courses/114-1/27296
書報研讀一,許少瑜,55901,BSE7002,622M1710,必修,,,,2 類,,2,,https://course.ntu.edu.tw/courses/114-1/55901
書報研讀一,廖國偉,27764,BSE7002,622M1710,必修,,,,2 類,,2,,https://course.ntu.edu.tw/courses/114-1/27764
永續循環農業,潘述元,58925,BSE7034,622M3110,選修,,"五 2,3,4",農工金城,2 類,,3,,https://course.ntu.edu.tw/courses/114-1/58925
碩士論文,,14500,BSE7999,622M0010,必修,,,,1 類,,0,,https://course.ntu.edu.tw/courses/114-1/14500
專題討論,廖國偉,53987,BSE8001,622D0020,必修,,"四 8,9",博雅201,2 類,,1,,https://course.ntu.edu.tw/courses/114-1/53987
設施及環境特論二,廖中明,47919,BSE8006,622D0340,選修,,"五 2,3,4",,2 類,,3,,https://course.ntu.edu.tw/courses/114-1/47919
水文資訊系統,張斐章,53549,BSE8017,622D0430,選修,,"三 7,8,9",農工金城,2 類,,3,,https://course.ntu.edu.tw/courses/114-1/53549
英文寫作基礎,邱崇賢,55266,BSE8027,622D0540,選修,,"三 5,6,7",普303,2 類,,3,,https://course.ntu.edu.tw/courses/114-1/55266
博士論文,,17186,BSE8999,622D0010,必修,,,,1 類,,0,,https://course.ntu.edu.tw/courses/114-1/17186
護理學導論,謝慧玲,45262,BSN1001,41210100,必帶 / 選修,,"五 6,7",,3 類,,2,,https://course.ntu.edu.tw/courses/114-1/45262
人類發展學,王慧珍,57340,BSN2001,41222400,必帶,,"五 3,4",,3 類,,2,,https://course.ntu.edu.tw/courses/114-1/57340
身體檢查與評估,盧怜君,17287,BSN2004,41222600,必帶,,"一 6,7,8",,3 類,,1,,https://course.ntu.edu.tw/courses/114-1/17287
身體檢查與評估實習,盧怜君,50964,BSN2005,41222610,必帶,,"一 1,2,3,4",,3 類,,1,,https://course.ntu.edu.tw/courses/114-1/50964
內外科護理學一,盧怜君,28180,BSN3001,41230430,必帶,,"二 6,7,8",護智能教室,3 類,,3,,https://course.ntu.edu.tw/courses/114-1/28180
內外科護理學二,謝慧玲,19662,BSN3003,41230450,必帶,,"四 6,7,8",護智能教室,3 類,,3,,https://course.ntu.edu.tw/courses/114-1/19662
產科護理學,楊承芳,47907,BSN3005,41231010,必帶,,"四 2,3,4",護智能教室,3 類,,3,,https://course.ntu.edu.tw/courses/114-1/47907
產科護理學實習,楊承芳,19211,BSN3006,41231020,必修,,,,3 類,,3,,https://course.ntu.edu.tw/courses/114-1/19211
產科護理學實習,楊承芳,45111,BSN3006,41231020,必修,,,,3 類,,3,,https://course.ntu.edu.tw/courses/114-1/45111
護理專業問題研討,孫凡軻,15130,BSN4001,41240700,必帶,,"一 6,7",,3 類,,1,,https://course.ntu.edu.tw/courses/114-1/15130
綜合臨床護理學實習一,楊承芳,36225,BSN4002,41241610,必帶,,,,3 類,,3,,https://course.ntu.edu.tw/courses/114-1/36225
綜合臨床護理學實習二,謝慧玲,14780,BSN4003,41241620,必帶,,,,3 類,,3,,https://course.ntu.edu.tw/courses/114-1/14780
社區衛生護理學,陳宜傳,12247,BSN4004,41241900,必帶,,,,3 類,,3,,https://course.ntu.edu.tw/courses/114-1/12247
社區衛生護理學實習,謝慧玲,30144,BSN4005,41241910,必修,,,,3 類,,3,,https://course.ntu.edu.tw/courses/114-1/30144
社區衛生護理學實習,謝慧玲,18411,BSN4005,41241910,必修,,,,3 類,,3,,https://course.ntu.edu.tw/courses/114-1/18411
精神衛生護理學,孫凡軻,12554,BSN4006,41242000,必帶,,,,3 類,,3,,https://course.ntu.edu.tw/courses/114-1/12554
精神衛生護理學實習,孫凡軻,42274,BSN4007,41242010,必修,,,,3 類,,3,,https://course.ntu.edu.tw/courses/114-1/42274
精神衛生護理學實習,孫凡軻,25563,BSN4007,41242010,必修,,,,3 類,,3,,https://course.ntu.edu.tw/courses/114-1/25563
醫用臺語,盧怜君,33340,BSN4011,41246400,選修,,"五 1,2",護智能教室,3 類,,2,,https://course.ntu.edu.tw/courses/114-1/33340
精進基礎醫學(上),王慧珍,41134,BSN4012,41246410,選修,,"五 8,9",護智能教室,3 類,,2,,https://course.ntu.edu.tw/courses/114-1/41134
服務學習甲,張世宗,12830,BST0006,B02001G0,必帶,,四 5,,3 類,,1,,https://course.ntu.edu.tw/courses/114-1/12830
服務學習乙,李家瑋,24198,BST0007,B02001H0,必修,,,,3 類,,1,,https://course.ntu.edu.tw/courses/114-1/24198
生化科技概論,林建達,32961,BST1004,B0210010,必帶,,五 2,農化二B10,3 類,,1,,https://course.ntu.edu.tw/courses/114-1/32961
食品營養概論,林甫容,36124,BST1006,B0211010,,,"四 6,7",普103,3 類,,2,,https://course.ntu.edu.tw/courses/114-1/36124
食品營養概論,謝佳倩,42196,BST1006,B0211010,,,"二 3,4",共204,3 類,,2,,https://course.ntu.edu.tw/courses/114-1/42196
生物化學實驗,黃楓婷,47183,BST2003,B0220110,必帶,,"三 6,7,8,9,10",,2 類,,2,,https://course.ntu.edu.tw/courses/114-1/47183
生物化學實驗,黃楓婷,11478,BST2003,B0220110,必修,,"五 6,7,8,9,10",,2 類,,2,,https://course.ntu.edu.tw/courses/114-1/11478
微生物學上,黃慶璨,12225,BST2006,B0220301,,,"三 3,4",新204,3 類,,2,,https://course.ntu.edu.tw/courses/114-1/12225
生物化學一,李家瑋,23142,BST2011,B0220000,必帶 / 選修,,"一 3,4 / 四 3,4",普101/博雅101/華南講堂,3 類,,4,,https://course.ntu.edu.tw/courses/114-1/23142
應用微生物學實驗,李昆達,45296,BST3009,B0230090,必修,,"二 6,7,8,9",農化二105-1,3 類,,2,,https://course.ntu.edu.tw/courses/114-1/45296
生物化學乙上,楊健志,17292,BST3014,B02301B1,必帶 / 必修,,"三 1,2",普103,3 類,,2,,https://course.ntu.edu.tw/courses/114-1/17292
生化科技專案設計與實務二,陳彥榮,51434,BST3021,B0230190,選修,,,,2 類,,2,,https://course.ntu.edu.tw/courses/114-1/51434
專題研究一,楊啟伸,47942,BST4006,B0241010,必修,,,,2 類,,2,,https://course.ntu.edu.tw/courses/114-1/47942
專題研究一,黃楓婷,34275,BST4006,B0241010,必修,,,,2 類,,2,,https://course.ntu.edu.tw/courses/114-1/34275
專題研究一,徐麗芬,59278,BST4006,B0241010,必修,,,,2 類,,2,,https://course.ntu.edu.tw/courses/114-1/59278
專題研究一,陳進庭,48157,BST4006,B0241010,必修,,,,2 類,,2,,https://course.ntu.edu.tw/courses/114-1/48157
專題研究一,林建達,20915,BST4006,B0241010,必修,,,,2 類,,2,,https://course.ntu.edu.tw/courses/114-1/20915
專題研究一,謝佳倩,50891,BST4006,B0241010,必修,,,,2 類,,2,,https://course.ntu.edu.tw/courses/114-1/50891
專題研究一,李家瑋,24376,BST4006,B0241010,必修,,,,2 類,,2,,https://course.ntu.edu.tw/courses/114-1/24376
專題研究一,蘇南維,31747,BST4006,B0241010,必修,,,,2 類,,2,,https://course.ntu.edu.tw/courses/114-1/31747
專題討論一,李昆達,52642,BST4010,B0240000,必修,,"三 8,9",農化一第六,2 類,,1,,https://course.ntu.edu.tw/courses/114-1/52642
專題討論一,楊健志,36784,BST4010,B0240000,必修,,"四 8,9",,2 類,,1,,https://course.ntu.edu.tw/courses/114-1/36784
專題討論一,謝佳倩,54173,BST4010,B0240000,必修,,一 4,農化一第六,3 類,,1,,https://course.ntu.edu.tw/courses/114-1/54173
專題討論一,林晉玄,23463,BST4010,B0240000,必修,,二 9,農化一第六,2 類,,1,,https://course.ntu.edu.tw/courses/114-1/23463
專題研究一,吳亘承,46282,BST4012,B0241050,必修,,,,2 類,,2,,https://course.ntu.edu.tw/courses/114-1/46282
專題研究一,楊健志,39075,BST4013,B0241060,必修,,,,2 類,,2,,https://course.ntu.edu.tw/courses/114-1/39075
專題研究一,李昆達,11788,BST4014,B0241070,必修,,,,2 類,,2,,https://course.ntu.edu.tw/courses/114-1/11788
專題研究一,鄭梅君,11863,BST4015,B0241080,必修,,,,2 類,,2,,https://course.ntu.edu.tw/courses/114-1/11863
專題研究一,林甫容,42351,BST4017,B0241100,必修,,,,2 類,,2,,https://course.ntu.edu.tw/courses/114-1/42351
專題研究一,張麗冠,29859,BST4024,B0241170,必修,,,,2 類,,2,,https://course.ntu.edu.tw/courses/114-1/29859
專題研究一,張世宗,12553,BST4025,B0241180,選修,,,,2 類,,2,,https://course.ntu.edu.tw/courses/114-1/12553
專題研究一,林晉玄,33806,BST4026,B0241190,必修,,,,2 類,,2,,https://course.ntu.edu.tw/courses/114-1/33806
專題研究一,陳俊任,55586,BST4027,B0241200,選修,,,,2 類,,2,,https://course.ntu.edu.tw/courses/114-1/55586
專題研究一,何佳安,17727,BST4028,B0241210,必修,,,,2 類,,2,,https://course.ntu.edu.tw/courses/114-1/17727
營養生化學,謝佳倩,49761,BST5001,B22U0110,必修 / 選修,,"五 6,7",共204,3 類,,2,,https://course.ntu.edu.tw/courses/114-1/49761
結構生物學概論,楊啟伸,31039,BST5008,B22U0180,必修 / 選修,,"四 6,7",農化二B10-1,3 類,,2,,https://course.ntu.edu.tw/courses/114-1/31039
分子生物學,鄭梅君,58960,BST5010,B22U0200,必修 / 選修,,"二 3,4 / 四 3,4",共201/共203,3 類,,4,,https://course.ntu.edu.tw/courses/114-1/58960
經濟真菌學,許瑞祥,46877,BST5013,B22U0230,必修 / 選修,,"二 7,8",農化一第六,3 類,,2,,https://course.ntu.edu.tw/courses/114-1/46877
病毒學,張麗冠,32010,BST5016,B22U0260,必修,,"三 3,4",共205,3 類,,2,,https://course.ntu.edu.tw/courses/114-1/32010
應用免疫學,林璧鳳,47072,BST5023,B22U0330,必修 / 選修,,"四 8,9",,3 類,,2,,https://course.ntu.edu.tw/courses/114-1/47072
細胞生物學,陳彥榮,10620,BST5024,B22U0340,必修 / 選修,,,,2 類,,3,,https://course.ntu.edu.tw/courses/114-1/10620
幹細胞與再生醫學前瞻,陳彥榮,16060,BST5034,B22U0410,必修 / 選修,,"三 5,6",農化二B11,2 類,,2,,https://course.ntu.edu.tw/courses/114-1/16060
應用微生物與生物技術,李昆達,26629,BST5035,B22U0420,必修,,"一 8,9",農化二B10-1,3 類,,2,,https://course.ntu.edu.tw/courses/114-1/26629
細胞與發育生物學,陳彥榮,48497,BST5043,B02U0490,必修 / 選修,,,,2 類,,3,,https://course.ntu.edu.tw/courses/114-1/48497
抗體生產與應用,張世宗,25897,BST5059,B22U0630,必修,,"三 3,4,5",農化二214,2 類,,3,,https://course.ntu.edu.tw/courses/114-1/25897
專題討論,陳彥榮,45448,BST7000,B22M0020,必修,,"五 8,9",農化一第六,3 類,,1,,https://course.ntu.edu.tw/courses/114-1/45448
專題討論,楊健志,44371,BST7000,B22M0020,必修,,"四 8,9",農化二B10-1,3 類,,1,,https://course.ntu.edu.tw/courses/114-1/44371
專題討論,林甫容,47443,BST7000,B22M0020,必修,,一 3,農化一第六,3 類,,1,,https://course.ntu.edu.tw/courses/114-1/47443
專題討論,張麗冠,40869,BST7000,B22M0020,必修,,"一 8,9",農化一第六,3 類,,1,,https://course.ntu.edu.tw/courses/114-1/40869
專題討論,張世宗,50816,BST7000,B22M0020,必修,,"四 8,9",農化第五,2 類,,1,,https://course.ntu.edu.tw/courses/114-1/50816
生化科技實驗法一,李昆達,46816,BST7001,B22M0030,必修,,,,3 類,,1,,https://course.ntu.edu.tw/courses/114-1/46816
微生物生理學,李昆達,45114,BST7003,B22M0100,必修,,"四 6,7",普505,3 類,,2,,https://course.ntu.edu.tw/courses/114-1/45114
專題研究一,楊健志,36383,BST7010,B22M1010,選修,,,,3 類,,2,,https://course.ntu.edu.tw/courses/114-1/36383
專題研究一,李昆達,49141,BST7010,B22M1010,選修,,,,3 類,,2,,https://course.ntu.edu.tw/courses/114-1/49141
專題研究一,楊啟伸,50489,BST7010,B22M1010,選修,,,,3 類,,2,,https://course.ntu.edu.tw/courses/114-1/50489
專題研究一,張麗冠,58851,BST7010,B22M1010,選修,,,,3 類,,2,,https://course.ntu.edu.tw/courses/114-1/58851
專題研究一,黃楓婷,43072,BST7010,B22M1010,選修,,,,3 類,,2,,https://course.ntu.edu.tw/courses/114-1/43072
專題研究一,張世宗,34098,BST7010,B22M1010,選修,,,,3 類,,2,,https://course.ntu.edu.tw/courses/114-1/34098
專題研究一,陳俊任,17484,BST7010,B22M1010,選修,,,,3 類,,2,,https://course.ntu.edu.tw/courses/114-1/17484
專題研究一,陳進庭,22783,BST7010,B22M1010,選修,,,,3 類,,2,,https://course.ntu.edu.tw/courses/114-1/22783
專題研究一,廖憶純,39922,BST7010,B22M1010,選修,,,,3 類,,2,,https://course.ntu.edu.tw/courses/114-1/39922
專題研究一,陳彥榮,42506,BST7010,B22M1010,選修,,,,3 類,,2,,https://course.ntu.edu.tw/courses/114-1/42506
專題研究一,何佳安,31629,BST7010,B22M1010,選修,,,,3 類,,2,,https://course.ntu.edu.tw/courses/114-1/31629
專題研究一,林晉玄,16318,BST7010,B22M1010,選修,,,,3 類,,2,,https://course.ntu.edu.tw/courses/114-1/16318
專題研究一,林甫容,34155,BST7010,B22M1010,選修,,,,3 類,,2,,https://course.ntu.edu.tw/courses/114-1/34155
專題研究一,吳亘承,46240,BST7010,B22M1010,選修,,,,3 類,,2,,https://course.ntu.edu.tw/courses/114-1/46240
專題研究一,陳韻如,56210,BST7010,B22M1010,選修,,,,3 類,,2,,https://course.ntu.edu.tw/courses/114-1/56210
專題研究一,鄭梅君,39186,BST7010,B22M1010,選修,,,,3 類,,2,,https://course.ntu.edu.tw/courses/114-1/39186
專題研究一,林建達,20778,BST7010,B22M1010,選修,,,,3 類,,2,,https://course.ntu.edu.tw/courses/114-1/20778
專題研究一,謝佳倩,12619,BST7010,B22M1010,選修,,,,3 類,,2,,https://course.ntu.edu.tw/courses/114-1/12619
專題研究一,李家瑋,46678,BST7010,B22M1010,選修,,,,3 類,,2,,https://course.ntu.edu.tw/courses/114-1/46678
生化科技教學實習,張麗冠,50487,BST7012,B22M1030,選修,,,,3 類,,2,,https://course.ntu.edu.tw/courses/114-1/50487
專題討論,林璧鳳,52744,BST8000,B22D0020,必修,,一 2,農化一第六,3 類,,1,,https://course.ntu.edu.tw/courses/114-1/52744
專題研究一,李昆達,50551,BST8002,B22D1010,選修,,,,3 類,,2,,https://course.ntu.edu.tw/courses/114-1/50551
專題研究三,李昆達,47495,BST8004,B22D1030,選修,,,,3 類,,2,,https://course.ntu.edu.tw/courses/114-1/47495
專題研究三,張世宗,95083,BST8004,B22D1030,選修,,,,3 類,,2,,https://course.ntu.edu.tw/courses/114-1/95083
專題研究三,陳彥榮,54778,BST8004,B22D1030,選修,,,,3 類,,2,,https://course.ntu.edu.tw/courses/114-1/54778
專題研究三,林建達,39573,BST8004,B22D1030,選修,,,,3 類,,2,,https://course.ntu.edu.tw/courses/114-1/39573
生技博士論文精研一,李昆達,45522,BST8008,B22D1060,選修,,,,3 類,,1,,https://course.ntu.edu.tw/courses/114-1/45522
生技博士論文精研二,李昆達,50886,BST8009,B22D1070,選修,,,,3 類,,1,,https://course.ntu.edu.tw/courses/114-1/50886
博士論文,,25529,BST8999,B22D0010,必修,,,,1 類,,0,,https://course.ntu.edu.tw/courses/114-1/25529
海外農業實習 I,范致豪,38766,CBA5049,600U0490,選修,,,,3 類,,9,,https://course.ntu.edu.tw/courses/114-1/38766
創新創業實踐,曾正忠,20573,CBA5058,600U0580,選修,,"五 6,7,8",,3 類,,3,,https://course.ntu.edu.tw/courses/114-1/20573
智慧農業導論,林裕彬,23564,CBA5059,600U0590,選修,,"三 2,3,4",,3 類,,3,,https://course.ntu.edu.tw/courses/114-1/23564
碳盤查實務,王尚禮,14201,CBA5103,600U1030,選修,,"一 3,4",,2 類,,2,,https://course.ntu.edu.tw/courses/114-1/14201
口腔醫務管理學,陳信銘,33545,CDent5001,422U0020,選修,,"三 A / 六 2,3",,3 類,,2,,https://course.ntu.edu.tw/courses/114-1/33545
研究論文討論上,姚宗珍,17340,CDent7002,422M0021,選修,,四 1,,1 類,,0,,https://course.ntu.edu.tw/courses/114-1/17340
牙周補綴矯正之聯合治療 一,王東美,43255,CDent7007,422M0110,選修,,三 7,,1 類,,1,,https://course.ntu.edu.tw/courses/114-1/43255
牙周補綴矯正之聯合治療 三,王東美,36855,CDent7009,422M0130,選修,,三 7,,1 類,,1,,https://course.ntu.edu.tw/courses/114-1/36855
研究計劃專題討論上,姚宗珍,27948,CDent7011,422M1011,選修,,四 1,,1 類,,1,,https://course.ntu.edu.tw/courses/114-1/27948
齒顎矯正學特論及實驗,姚宗珍,23394,CDent7015,422M1100,必修,,一 7,,1 類,,1,,https://course.ntu.edu.tw/courses/114-1/23394
矯正治療成果討論一,姚宗珍,42846,CDent7016,422M1110,選修,,一 6,,1 類,,1,,https://course.ntu.edu.tw/courses/114-1/42846
矯正治療成果討論三,姚宗珍,35447,CDent7018,422M1130,選修,,一 6,,1 類,,1,,https://course.ntu.edu.tw/courses/114-1/35447
口腔生物學,陳容慈,32709,CDent7021,422M1200,選修,,"三 3,4",,1 類,,2,,https://course.ntu.edu.tw/courses/114-1/32709
齒顎矯正學臨床實習三,張瑞青,12140,CDent7022,422M1230,必修,,,,1 類,,3,,https://course.ntu.edu.tw/courses/114-1/12140
口腔顎面外科學特論一,鄭世榮,17056,CDent7023,422M1280,必修,,二 8,,1 類,,1,,https://course.ntu.edu.tw/courses/114-1/17056
補綴學臨床實習一,王東美,25597,CDent7024,422M1310,必修,,,,1 類,,3,,https://course.ntu.edu.tw/courses/114-1/25597
口腔腫瘤學專題討論,陳信銘,45862,CDent7025,422M1360,選修,,四 8,,1 類,,1,,https://course.ntu.edu.tw/courses/114-1/45862
齒顎矯正診斷治療學一,陳羿貞,52850,CDent7028,422M1410,選修,,二 5,,1 類,,1,,https://course.ntu.edu.tw/courses/114-1/52850
補綴用咬合器學,陳韻之,52319,CDent7033,422M1500,選修,,一 7,,1 類,,1,,https://course.ntu.edu.tw/courses/114-1/52319
兒童牙科學特論,張曉華,31970,CDent7038,422M2100,必修,,一 1,,1 類,,1,,https://course.ntu.edu.tw/courses/114-1/31970
兒童牙科學臨床實習三,張曉華,43368,CDent7039,422M2230,必修,,,,1 類,,3,,https://course.ntu.edu.tw/courses/114-1/43368
兒童牙科學臨床實習一,張曉華,45745,CDent7041,422M2250,必修,,,,1 類,,3,,https://course.ntu.edu.tw/courses/114-1/45745
兒童牙科診斷治療學一,張曉華,38541,CDent7043,422M2410,選修,,一 7,,1 類,,1,,https://course.ntu.edu.tw/courses/114-1/38541
兒童牙科診斷治療學三,張曉華,24577,CDent7045,422M2430,選修,,一 6,,1 類,,1,,https://course.ntu.edu.tw/courses/114-1/24577
兒童牙科技術實驗,張曉華,57037,CDent7048,422M2560,選修,,,,1 類,,1,,https://course.ntu.edu.tw/courses/114-1/57037
齒顎矯正學臨床實習一,張瑞青,57500,CDent7049,422M3010,必修,,,,1 類,,3,,https://course.ntu.edu.tw/courses/114-1/57500
高級齒顎矯正學臨床實習一,張瑞青,33834,CDent7052,422M3050,選修,,,,1 類,,3,,https://course.ntu.edu.tw/courses/114-1/33834
齒顎矯正學專題討論一,陳羿貞,18319,CDent7056,422M3310,必修,,三 1,,1 類,,1,,https://course.ntu.edu.tw/courses/114-1/18319
齒顎矯正學專題討論三,姚宗珍,54767,CDent7058,422M3330,必修,,三 1,,1 類,,1,,https://course.ntu.edu.tw/courses/114-1/54767
測顱分析學,姚宗珍,55998,CDent7062,422M3600,選修,,一 1,,1 類,,1,,https://course.ntu.edu.tw/courses/114-1/55998
口腔外科臨床實習三,鄭世榮,56424,CDent7067,422M4030,必修,,,,1 類,,3,,https://course.ntu.edu.tw/courses/114-1/56424
口腔外科臨床實習一,鄭世榮,30921,CDent7068,422M4060,必修,,,,1 類,,3,,https://course.ntu.edu.tw/courses/114-1/30921
口腔外科病例討論三,鄭世榮,17891,CDent7071,422M4130,選修,,三 1,,1 類,,1,,https://course.ntu.edu.tw/courses/114-1/17891
口腔外科病例討論一,鄭世榮,33464,CDent7072,422M4160,選修,,三 1,,1 類,,1,,https://course.ntu.edu.tw/courses/114-1/33464
口腔外科專題討論三,鄭世榮,26376,CDent7075,422M4230,必修,,一 10,,1 類,,1,,https://course.ntu.edu.tw/courses/114-1/26376
口腔外科專題討論一,鄭世榮,33135,CDent7076,422M4260,必修,,一 10,,1 類,,1,,https://course.ntu.edu.tw/courses/114-1/33135
口腔外科病理專討一,張玉芳,21007,CDent7079,422M4360,選修,,一 7,,1 類,,1,,https://course.ntu.edu.tw/courses/114-1/21007
口腔外科病理專討三,張玉芳,45484,CDent7081,422M4380,選修,,一 7,,1 類,,1,,https://course.ntu.edu.tw/courses/114-1/45484
口腔醫學動物實驗導論,章浩宏,38060,CDent7084,422M4510,選修,,三 8,,1 類,,1,,https://course.ntu.edu.tw/courses/114-1/38060
正顎外科學專題討論,郭生興,38862,CDent7086,422M4540,選修,,,,1 類,,1,,https://course.ntu.edu.tw/courses/114-1/38862
口腔種植學專題討論,郭生興,22563,CDent7087,422M4560,選修,,五 9,,1 類,,1,,https://course.ntu.edu.tw/courses/114-1/22563
口腔成形與重建外科學,李正,55983,CDent7088,422M4570,選修,,,,1 類,,1,,https://course.ntu.edu.tw/courses/114-1/55983
口腔診斷學實習三,張玉芳,59599,CDent7093,422M5030,選修,,,,1 類,,3,,https://course.ntu.edu.tw/courses/114-1/59599
口腔病理學特論三,張玉芳,50505,CDent7101,422M5230,選修,,,,1 類,,1,,https://course.ntu.edu.tw/courses/114-1/50505
牙體復形學臨床實習一,姜昱至,33592,CDent7108,422M6010,選修,,,,1 類,,3,,https://course.ntu.edu.tw/courses/114-1/33592
牙科材料學專題討論一,姜昱至,54368,CDent7112,422M6110,必修,,一 5,,1 類,,1,,https://course.ntu.edu.tw/courses/114-1/54368
牙周病學臨床實習三,張博鈞,14681,CDent7143,422M8030,必修,,,,1 類,,3,,https://course.ntu.edu.tw/courses/114-1/14681
牙周病治療專題討論一,張博鈞,57173,CDent7149,422M8210,必修,,,,1 類,,1,,https://course.ntu.edu.tw/courses/114-1/57173
牙周病治療專題討論三,張博鈞,25141,CDent7151,422M8230,必修,,,,1 類,,1,,https://course.ntu.edu.tw/courses/114-1/25141
最新文獻專題討論一上,張博鈞,18905,CDent7153,422M8311,必修,,三 1,,1 類,,1,,https://course.ntu.edu.tw/courses/114-1/18905
最新文獻專題討論二上,張博鈞,24345,CDent7156,422M8321,必修,,三 1,,1 類,,1,,https://course.ntu.edu.tw/courses/114-1/24345
牙周手術專題討論一,張博鈞,25150,CDent7158,422M8410,必修,,,,1 類,,1,,https://course.ntu.edu.tw/courses/114-1/25150
牙周手術專題討論三,張博鈞,23617,CDent7160,422M8430,必修,,,,1 類,,1,,https://course.ntu.edu.tw/courses/114-1/23617
高級補綴學臨床實習,陳韻之,30416,CDent7170,422M9060,選修,,,,2 類,,4,,https://course.ntu.edu.tw/courses/114-1/30416
全口重建補綴學一,楊宗傑,20634,CDent7171,422M9070,必修,,"五 6,7",,1 類,,2,,https://course.ntu.edu.tw/courses/114-1/20634
臨床補綴學專題討論一上,王東美,42457,CDent7177,422M9651,選修,,五 10,,1 類,,1,,https://course.ntu.edu.tw/courses/114-1/42457
咀嚼系統機能障礙,陳韻之,51034,CDent7179,422M9660,選修,,,,1 類,,1,,https://course.ntu.edu.tw/courses/114-1/51034
高級補綴學病例討論一上,楊宗傑,34803,CDent7181,422M9671,選修,,三 1,,1 類,,1,,https://course.ntu.edu.tw/courses/114-1/34803
植體補綴學專題討論,楊宗傑,10232,CDent7183,422M9680,選修,,,,1 類,,1,,https://course.ntu.edu.tw/courses/114-1/10232
美容牙科學（一）,姜昱至,15966,CDent7184,422M6050,選修,,五 5,,1 類,,1,,https://course.ntu.edu.tw/courses/114-1/15966
口腔藥理學毒理學特論（一）,張曉華,49479,CDent7188,422M7050,選修,,二 3,,1 類,,1,,https://course.ntu.edu.tw/courses/114-1/49479
齒列矯正模擬操作理論與技巧,張瑞青,30990,CDent7195,422M3000,選修,,,,1 類,,2,,https://course.ntu.edu.tw/courses/114-1/30990
兒童牙科學專題討論三,張曉華,11076,CDent7197,422M2540,選修,,一 5,,1 類,,1,,https://course.ntu.edu.tw/courses/114-1/11076
口腔藥理學毒理學專題討論一,張曉華,21911,CDent7199,422M1050,選修,,二 2,,1 類,,1,,https://course.ntu.edu.tw/courses/114-1/21911
口腔藥理學毒理學專題討論三,張曉華,56197,CDent7204,422M0230,選修,,五 2,,1 類,,1,,https://course.ntu.edu.tw/courses/114-1/56197
高級補綴學病例討論二上,楊宗傑,33426,CDent7206,422M9641,選修,,三 2,,1 類,,1,,https://course.ntu.edu.tw/courses/114-1/33426
臨床補綴學專題討論二上,王東美,36314,CDent7208,422M9631,選修,,,,1 類,,1,,https://course.ntu.edu.tw/courses/114-1/36314
口腔藥理學毒理學特論（三）,張曉華,45149,CDent7210,422M9110,選修,,五 3,,1 類,,1,,https://course.ntu.edu.tw/courses/114-1/45149
兒童牙科學專題討論一,張曉華,28421,CDent7212,422M2510,必修,,一 5,,1 類,,1,,https://course.ntu.edu.tw/courses/114-1/28421
牙科經濟工程和創新創業一,陳敏慧,36919,CDent7215,422M0240,選修,,五 6,,1 類,,1,,https://course.ntu.edu.tw/courses/114-1/36919
牙髓病治療器材學一,李苑玲,95093,CDent7218,422M7450,選修,,"六 2,3,4",,1 類,,2,,https://course.ntu.edu.tw/courses/114-1/95093
牙科植體治療專題討論一,張博鈞,25274,CDent7224,422M8150,必修,,,,1 類,,1,,https://course.ntu.edu.tw/courses/114-1/25274
牙科植體治療專題討論三,張博鈞,15441,CDent7226,422M8170,必修,,,,1 類,,1,,https://course.ntu.edu.tw/courses/114-1/15441
牙科植體治療專題討論五,張博鈞,57097,CDent7228,422M8190,必修,,,,1 類,,1,,https://course.ntu.edu.tw/courses/114-1/57097
牙髓病學專題討論五,李苑玲,37457,CDent7236,422M7250,選修,,三 10,,1 類,,1,,https://course.ntu.edu.tw/courses/114-1/37457
智慧醫療應用與實務操作,張博鈞,36527,CDent7238,422M0190,必修,,"五 7,8",,1 類,,1,,https://course.ntu.edu.tw/courses/114-1/36527
碩士論文,張博鈞,18904,CDent7999,422M0010,必修,,,,1 類,,0,,https://course.ntu.edu.tw/courses/114-1/18904
口腔外科病理討論三,張玉芳,22284,CDent8011,422D1230,選修,,,,1 類,,1,,https://course.ntu.edu.tw/courses/114-1/22284
牙科黏著學,姜昱至,46769,CDent8018,422D6110,選修,,"二 3,4",,1 類,,2,,https://course.ntu.edu.tw/courses/114-1/46769
高級口腔藥理學特論（一）,張曉華,16533,CDent8020,422D1610,選修,,"二 2,3",,1 類,,1,,https://course.ntu.edu.tw/courses/114-1/16533
高級口腔毒理學特論（一）,張曉華,13179,CDent8022,422D1630,選修,,,,1 類,,1,,https://course.ntu.edu.tw/courses/114-1/13179
博士論文,張博鈞,38732,CDent8999,422D0010,必修,,,,1 類,,0,,https://course.ntu.edu.tw/courses/114-1/38732
服務學習甲,李弘文,13267,Chem0008,203001G0,必修,,三 5,,2 類,,1,,https://course.ntu.edu.tw/courses/114-1/13267
服務學習甲,鄭原忠,30201,Chem0008,203001G0,選修,,三 5,,2 類,,1,,https://course.ntu.edu.tw/courses/114-1/30201
服務學習乙,陳浩銘,50339,Chem0009,203001H0,必修,,五 5,,2 類,,1,,https://course.ntu.edu.tw/courses/114-1/50339
服務學習乙,林至闓,19829,Chem0009,203001H0,必修,,五 5,,2 類,,1,,https://course.ntu.edu.tw/courses/114-1/19829
普通化學一,李弘文,51155,Chem1003,20310110,必帶,,"三 3,4 / 五 3,4",化217,2 類,,3,,https://course.ntu.edu.tw/courses/114-1/51155
普通化學甲上,蔡蘊明,11982,Chem1005,203101A1,,,"三 3,4 / 五 3,4",共201,2 類,,3,,https://course.ntu.edu.tw/courses/114-1/11982
普通化學甲上,金必耀,25834,Chem1005,203101A1,,,"三 3,4 / 五 3,4",博雅201,2 類,,3,,https://course.ntu.edu.tw/courses/114-1/25834
普通化學丙,陳浩銘,57556,Chem1009,203101C0,,,"三 3,4 / 五 3,4",普101,2 類,,3,,https://course.ntu.edu.tw/courses/114-1/57556
普通化學丙,彭之皓,33768,Chem1009,203101C0,,,"三 3,4 / 五 3,4",普103,2 類,,3,,https://course.ntu.edu.tw/courses/114-1/33768
普通化學丙,林至闓,44182,Chem1009,203101C0,,,"三 3,4 / 五 3,4",普102,2 類,,3,,https://course.ntu.edu.tw/courses/114-1/44182
普通化學丙,周必泰,58364,Chem1009,203101C0,,,"三 3,4 / 五 3,4",博雅202,2 類,,3,,https://course.ntu.edu.tw/courses/114-1/58364
普通化學丙,黃聖言,54713,Chem1009,203101C0,,,"一 3,4 / 五 3,4",新303,2 類,,3,,https://course.ntu.edu.tw/courses/114-1/54713
普通化學丙,姜昌明,51768,Chem1009,203101C0,,,"三 3,4 / 五 3,4",新203,2 類,,3,,https://course.ntu.edu.tw/courses/114-1/51768
普通化學實驗,陳浩銘,17657,Chem1010,20310500,必帶,,"三 6,7,8",思亮106,2 類,,1,,https://course.ntu.edu.tw/courses/114-1/17657
普通化學實驗,陳浩銘,59554,Chem1010,20310500,必帶,,"二 2,3,4",思亮104,2 類,,1,,https://course.ntu.edu.tw/courses/114-1/59554
普通化學實驗,江建文,37966,Chem1010,20310500,必帶,,"二 2,3,4",思亮103,2 類,,1,,https://course.ntu.edu.tw/courses/114-1/37966
普通化學實驗,彭之皓,11773,Chem1010,20310500,必帶,,"二 2,3,4",思亮106,2 類,,1,,https://course.ntu.edu.tw/courses/114-1/11773
普通化學實驗,李弘文,35869,Chem1010,20310500,必帶,,"三 6,7,8",思亮103,2 類,,1,,https://course.ntu.edu.tw/courses/114-1/35869
普通化學實驗,彭之皓,41235,Chem1010,20310500,必帶,,"一 7,8,9",思亮106,2 類,,1,,https://course.ntu.edu.tw/courses/114-1/41235
普通化學實驗,陳  平,36878,Chem1010,20310500,必帶,,"一 7,8,9",思亮104,2 類,,1,,https://course.ntu.edu.tw/courses/114-1/36878
普通化學實驗,柳玗珍,52807,Chem1010,20310500,必修,,"一 2,3,4",思亮104,2 類,,1,,https://course.ntu.edu.tw/courses/114-1/52807
普通化學實驗,林至闓,20281,Chem1010,20310500,必帶,,"一 7,8,9",思亮103,2 類,,1,,https://course.ntu.edu.tw/courses/114-1/20281
普通化學實驗,林至闓,11971,Chem1010,20310500,必帶 / 必修,,"一 2,3,4",思亮103,2 類,,1,,https://course.ntu.edu.tw/courses/114-1/11971
普通化學實驗上,金必耀,24628,Chem1011,20310501,必帶,,"五 7,8,9",思亮103,2 類,,1,,https://course.ntu.edu.tw/courses/114-1/24628
普通化學實驗上,柳玗珍,29079,Chem1011,20310501,必帶,,"五 7,8,9",思亮104,2 類,,1,,https://course.ntu.edu.tw/courses/114-1/29079
普通化學實驗上,金必耀,41293,Chem1011,20310501,必帶,,"四 7,8,9",思亮103,2 類,,1,,https://course.ntu.edu.tw/courses/114-1/41293
普通化學實驗上,劉如熹,53396,Chem1011,20310501,必修,,"四 7,8,9",思亮104,2 類,,1,,https://course.ntu.edu.tw/courses/114-1/53396
化學實驗一,林至闓,15840,Chem1013,20311510,必修,,"二 6,7,8",思亮103,2 類,,1,,https://course.ntu.edu.tw/courses/114-1/15840
化學實驗一,姜昌明,54959,Chem1013,20311510,必修,,"二 6,7,8",思亮104,2 類,,1,,https://course.ntu.edu.tw/courses/114-1/54959
化學數學,許良彥,56028,Chem2003,20320110,選修,,"三 8,9 / 四 6,7",化210室,2 類,,3,,https://course.ntu.edu.tw/courses/114-1/56028
分析化學一,廖尉斯,27876,Chem2007,20321210,必帶,,"一 3,4 / 四 2",化210室,2 類,,3,,https://course.ntu.edu.tw/courses/114-1/27876
分析化學乙上,谷邁世,46562,Chem2011,203211B1,必帶 / 必修 / 選修,,"五 3,4",普504,2 類,,2,,https://course.ntu.edu.tw/courses/114-1/46562
分析化學實驗乙上,鄭修偉,51640,Chem2017,203215B1,必帶 / 必修,,"三 2,3,4",思亮204,2 類,,1,,https://course.ntu.edu.tw/courses/114-1/51640
分析化學實驗,廖尉斯,11747,Chem2019,20321500,必帶 / 必修,,"一 7,8,9",思亮204,2 類,,1,,https://course.ntu.edu.tw/courses/114-1/11747
有機化學,陳昭岑,40934,Chem2020,20322200,必帶 / 必修,,"二 3,4 / 四 3,4",綜604/新405,2 類,,3,,https://course.ntu.edu.tw/courses/114-1/40934
有機化學,汪根欉,20116,Chem2020,20322200,必帶,,"二 3,4 / 四 3,4",綜302/新304,2 類,,3,,https://course.ntu.edu.tw/courses/114-1/20116
有機化學一,邱勝賢,35606,Chem2021,20322210,必帶,,"二 3,4 / 四 3,4",化210室,2 類,,3,,https://course.ntu.edu.tw/courses/114-1/35606
有機化學乙上,詹益慈,20416,Chem2025,203222B1,必帶,,"二 2 / 四 3,4",新302,2 類,,3,,https://course.ntu.edu.tw/courses/114-1/20416
有機化學乙上,梁文傑,55238,Chem2025,203222B1,必帶 / 必修 / 選修,,"二 2 / 四 3,4",新303,2 類,,3,,https://course.ntu.edu.tw/courses/114-1/55238
化學實驗三,王宗興,31007,Chem2029,20322510,必修,,"一 6,7,8,9,10",思亮305,2 類,,2,,https://course.ntu.edu.tw/courses/114-1/31007
化學實驗三,邱勝賢,35062,Chem2029,20322510,必修,,"二 6,7,8,9,10",思亮305,2 類,,2,,https://course.ntu.edu.tw/courses/114-1/35062
化學實驗三,鄭修偉,46252,Chem2029,20322510,必修,,"一 6,7,8,9,10",思亮207,2 類,,2,,https://course.ntu.edu.tw/courses/114-1/46252
化學實驗三,陳俊顯,42528,Chem2029,20322510,必修,,"二 6,7,8,9,10",思亮207,2 類,,2,,https://course.ntu.edu.tw/courses/114-1/42528
有機化學實驗乙上,詹益慈,55183,Chem2033,203225B1,必帶 / 選修,,"五 7,8,9",思亮308,2 類,,1,,https://course.ntu.edu.tw/courses/114-1/55183
生物有機化學,陳  平,33029,Chem2037,20322000,必帶,,"二 3,4",共301,2 類,,2,,https://course.ntu.edu.tw/courses/114-1/33029
進階分析化學實驗,林至闓,27048,Chem2038,20321600,必帶,,"五 7,8,9",思亮204,2 類,,2,,https://course.ntu.edu.tw/courses/114-1/27048
分析化學,何佳安,52634,Chem2040,20323100,必修,,"五 2,3,4",共101,2 類,,3,,https://course.ntu.edu.tw/courses/114-1/52634
物理化學上,陸駿逸,46449,Chem3007,20333101,必帶,,"一 6 / 四 1,2",新102,2 類,,3,,https://course.ntu.edu.tw/courses/114-1/46449
化學實驗五,鄭原忠,18450,Chem3015,20333510,必修,,"一 6,7,8,9,10",思亮201,2 類,,2,,https://course.ntu.edu.tw/courses/114-1/18450
無機化學一,邱靜雯,34535,Chem3023,20334210,必帶,,"一 2 / 三 3,4",化210室,2 類,,3,,https://course.ntu.edu.tw/courses/114-1/34535
物理化學一-熱力學,王建隆,26578,Chem3030,20333160,必帶,,"三 2 / 五 3,4",化210室,2 類,,3,,https://course.ntu.edu.tw/courses/114-1/26578
大三專題討論一,李弘文,46660,Chem3039,20339130,選修,,,,1 類,,1,,https://course.ntu.edu.tw/courses/114-1/46660
大三專題討論一,劉如熹,47861,Chem3039,20339130,選修,,,,1 類,,1,,https://course.ntu.edu.tw/courses/114-1/47861
大三專題討論一,陳昭岑,33527,Chem3039,20339130,選修,,,,1 類,,1,,https://course.ntu.edu.tw/courses/114-1/33527
大三專題討論一,汪根欉,55738,Chem3039,20339130,選修,,,,1 類,,1,,https://course.ntu.edu.tw/courses/114-1/55738
大三專題討論一,周必泰,52785,Chem3039,20339130,選修,,,,1 類,,1,,https://course.ntu.edu.tw/courses/114-1/52785
大三專題討論一,邱勝賢,53530,Chem3039,20339130,選修,,,,1 類,,1,,https://course.ntu.edu.tw/courses/114-1/53530
大三專題討論一,陳俊顯,17955,Chem3039,20339130,選修,,,,1 類,,1,,https://course.ntu.edu.tw/courses/114-1/17955
大三專題討論一,陳  平,24659,Chem3039,20339130,選修,,,,1 類,,1,,https://course.ntu.edu.tw/courses/114-1/24659
大三專題討論一,鄭原忠,17988,Chem3039,20339130,選修,,,,1 類,,1,,https://course.ntu.edu.tw/courses/114-1/17988
大三專題討論一,邱靜雯,17448,Chem3039,20339130,選修,,,,1 類,,1,,https://course.ntu.edu.tw/courses/114-1/17448
大三專題討論一,詹益慈,17356,Chem3039,20339130,選修,,,,1 類,,1,,https://course.ntu.edu.tw/courses/114-1/17356
大三專題討論一,廖尉斯,36519,Chem3039,20339130,選修,,,,1 類,,1,,https://course.ntu.edu.tw/courses/114-1/36519
大三專題討論一,陳浩銘,37184,Chem3039,20339130,選修,,,,1 類,,1,,https://course.ntu.edu.tw/courses/114-1/37184
大三專題討論一,朱忠瀚,19409,Chem3039,20339130,選修,,,,1 類,,1,,https://course.ntu.edu.tw/courses/114-1/19409
大三專題討論一,姜昌明,33485,Chem3039,20339130,選修,,,,1 類,,1,,https://course.ntu.edu.tw/courses/114-1/33485
大三專題討論一,鄭修偉,12051,Chem3039,20339130,選修,,,,1 類,,1,,https://course.ntu.edu.tw/courses/114-1/12051
大三專題討論一,方頡睿,18042,Chem3039,20339130,選修,,,,1 類,,1,,https://course.ntu.edu.tw/courses/114-1/18042
大三專題討論一,彭之皓,54228,Chem3039,20339130,選修,,,,1 類,,1,,https://course.ntu.edu.tw/courses/114-1/54228
大三專題討論一,馬左仲,48973,Chem3039,20339130,選修,,,,1 類,,1,,https://course.ntu.edu.tw/courses/114-1/48973
大三專題討論一,王建隆,30120,Chem3039,20339130,選修,,,,1 類,,1,,https://course.ntu.edu.tw/courses/114-1/30120
大三專題討論一,陳玉如,16284,Chem3039,20339130,選修,,,,1 類,,1,,https://course.ntu.edu.tw/courses/114-1/16284
物理化學實驗,陸駿逸,34557,Chem3043,20333230,必帶,,"三 6,7,8,9,10",思亮201,2 類,,1,,https://course.ntu.edu.tw/courses/114-1/34557
物理化學實驗,陸駿逸,44140,Chem3043,20333230,必帶,,"五 6,7,8,9,10",思亮201,2 類,,1,,https://course.ntu.edu.tw/courses/114-1/44140
合成與材料化學專題研究,陳浩銘,43682,Chem3047,20339340,選修,,,,2 類,,3,,https://course.ntu.edu.tw/courses/114-1/43682
書報討論,姜昌明,36171,Chem4000,20340330,必修,,"一 8,9",化121,2 類,,1,,https://course.ntu.edu.tw/courses/114-1/36171
書報討論,王宗興,34639,Chem4000,20340330,必修,,"一 8,9",,2 類,,1,,https://course.ntu.edu.tw/courses/114-1/34639
書報討論,方頡睿,55782,Chem4000,20340330,必修,,"一 8,9",化217,2 類,,1,,https://course.ntu.edu.tw/courses/114-1/55782
書報討論,王建隆,23834,Chem4000,20340330,必修,,"一 8,9",,2 類,,1,,https://course.ntu.edu.tw/courses/114-1/23834
書報討論,邱靜雯,59623,Chem4000,20340330,必修,,"二 8,9",化121,2 類,,1,,https://course.ntu.edu.tw/courses/114-1/59623
書報討論,張哲政,18467,Chem4000,20340330,必修,,"二 8,9",,2 類,,1,,https://course.ntu.edu.tw/courses/114-1/18467
書報討論,柳玗珍,16780,Chem4000,20340330,必修,,"二 8,9",化217,2 類,,1,,https://course.ntu.edu.tw/courses/114-1/16780
書報討論,馬左仲,10840,Chem4000,20340330,必修,,"二 8,9",,2 類,,1,,https://course.ntu.edu.tw/courses/114-1/10840
大四專題討論一,劉如熹,11755,Chem4007,20349130,選修,,,,1 類,,1,,https://course.ntu.edu.tw/courses/114-1/11755
大四專題討論一,汪根欉,42712,Chem4007,20349130,選修,,,,1 類,,1,,https://course.ntu.edu.tw/courses/114-1/42712
大四專題討論一,周必泰,16751,Chem4007,20349130,選修,,,,1 類,,1,,https://course.ntu.edu.tw/courses/114-1/16751
大四專題討論一,陳振中,59834,Chem4007,20349130,選修,,,,1 類,,1,,https://course.ntu.edu.tw/courses/114-1/59834
大四專題討論一,楊吉水,47678,Chem4007,20349130,選修,,,,1 類,,1,,https://course.ntu.edu.tw/courses/114-1/47678
大四專題討論一,陳  平,31672,Chem4007,20349130,選修,,,,1 類,,1,,https://course.ntu.edu.tw/courses/114-1/31672
大四專題討論一,鄭原忠,36194,Chem4007,20349130,選修,,,,1 類,,1,,https://course.ntu.edu.tw/courses/114-1/36194
大四專題討論一,邱靜雯,54051,Chem4007,20349130,選修,,,,1 類,,1,,https://course.ntu.edu.tw/courses/114-1/54051
大四專題討論一,詹益慈,55506,Chem4007,20349130,選修,,,,1 類,,1,,https://course.ntu.edu.tw/courses/114-1/55506
大四專題討論一,王宗興,54683,Chem4007,20349130,選修,,,,1 類,,1,,https://course.ntu.edu.tw/courses/114-1/54683
大四專題討論一,廖尉斯,26424,Chem4007,20349130,選修,,,,1 類,,1,,https://course.ntu.edu.tw/courses/114-1/26424
大四專題討論一,朱忠瀚,27582,Chem4007,20349130,選修,,,,1 類,,1,,https://course.ntu.edu.tw/courses/114-1/27582
大四專題討論一,姜昌明,48175,Chem4007,20349130,選修,,,,1 類,,1,,https://course.ntu.edu.tw/courses/114-1/48175
大四專題討論一,方頡睿,20523,Chem4007,20349130,選修,,,,1 類,,1,,https://course.ntu.edu.tw/courses/114-1/20523
大四專題討論一,彭之皓,39290,Chem4007,20349130,選修,,,,1 類,,1,,https://course.ntu.edu.tw/courses/114-1/39290
大四專題研究一,周必泰,28089,Chem4009,20349230,選修,,,,1 類,,3,,https://course.ntu.edu.tw/courses/114-1/28089
大四專題研究一,陳振中,23304,Chem4009,20349230,選修,,,,1 類,,3,,https://course.ntu.edu.tw/courses/114-1/23304
大四專題研究一,楊吉水,53053,Chem4009,20349230,選修,,,,1 類,,3,,https://course.ntu.edu.tw/courses/114-1/53053
大四專題研究一,鄭原忠,16938,Chem4009,20349230,選修,,,,1 類,,3,,https://course.ntu.edu.tw/courses/114-1/16938
大四專題研究一,邱靜雯,45743,Chem4009,20349230,選修,,,,1 類,,3,,https://course.ntu.edu.tw/courses/114-1/45743
大四專題研究一,詹益慈,22262,Chem4009,20349230,選修,,,,1 類,,3,,https://course.ntu.edu.tw/courses/114-1/22262
大四專題研究一,廖尉斯,23557,Chem4009,20349230,選修,,,,1 類,,3,,https://course.ntu.edu.tw/courses/114-1/23557
大四專題研究一,朱忠瀚,58061,Chem4009,20349230,選修,,,,1 類,,3,,https://course.ntu.edu.tw/courses/114-1/58061
大四專題研究一,姜昌明,20348,Chem4009,20349230,選修,,,,1 類,,3,,https://course.ntu.edu.tw/courses/114-1/20348
大四專題研究一,彭之皓,47064,Chem4009,20349230,選修,,,,1 類,,3,,https://course.ntu.edu.tw/courses/114-1/47064
大四專題研究一,陳玉如,46487,Chem4009,20349230,選修,,,,1 類,,3,,https://course.ntu.edu.tw/courses/114-1/46487
大四專題研究一,許良彥,47051,Chem4009,20349230,選修,,,,1 類,,3,,https://course.ntu.edu.tw/courses/114-1/47051
材料化學,劉如熹,54450,Chem5001,223U0910,選修,,"四 6 / 五 6,7",化217,2 類,,3,,https://course.ntu.edu.tw/courses/114-1/54450
電化學,陳俊顯,23401,Chem5002,223U0130,選修,,"一 3,4 / 三 2",化217,2 類,,3,,https://course.ntu.edu.tw/courses/114-1/23401
固態核磁共振光譜學,陳振中,23623,Chem5043,223U1380,選修,,"二 1,2 / 五 6,7",,2 類,,3,,https://course.ntu.edu.tw/courses/114-1/23623
藥物設計與開發,林俊宏,18478,Chem5058,223U2650,選修,,"五 6,7",化210室,2 類,,2,,https://course.ntu.edu.tw/courses/114-1/18478
國際化學研習一,陳  平,55653,Chem5082,223U9010,選修,,,,2 類,,1,,https://course.ntu.edu.tw/courses/114-1/55653
永續化學科技導論-國際學程,陳玉如,29401,Chem5096,223U9270,選修,,"三 2,3,4",,1 類,,3,,https://course.ntu.edu.tw/courses/114-1/29401
生物有機化學,陳  平,10423,Chem5125,223U1460,選修,,"二 3,4",,2 類,,2,,https://course.ntu.edu.tw/courses/114-1/10423
蛋白質結構與動力學,馬左仲,33417,Chem5127,223U1170,選修,,"三 8,9,10",化217,2 類,,3,,https://course.ntu.edu.tw/courses/114-1/33417
淨零化學,莊美琛,13615,Chem5140,223U1570,選修,,"三 6,7",化210室,2 類,,2,,https://course.ntu.edu.tw/courses/114-1/13615
當代有機催化,方頡睿,10534,Chem5141,223U1580,選修,,"二 6,7",化210室,2 類,,2,,https://course.ntu.edu.tw/courses/114-1/10534
專題研究,李弘文,18753,Chem7000,223M0020,必修,,,,1 類,,1,,https://course.ntu.edu.tw/courses/114-1/18753
專題研究,金必耀,33367,Chem7000,223M0020,必修,,,,1 類,,1,,https://course.ntu.edu.tw/courses/114-1/33367
專題研究,梁文傑,45587,Chem7000,223M0020,必修,,,,1 類,,1,,https://course.ntu.edu.tw/courses/114-1/45587
專題研究,劉如熹,30721,Chem7000,223M0020,必修,,,,1 類,,1,,https://course.ntu.edu.tw/courses/114-1/30721
專題研究,周必泰,11867,Chem7000,223M0020,必修,,,,1 類,,1,,https://course.ntu.edu.tw/courses/114-1/11867
專題研究,邱勝賢,47235,Chem7000,223M0020,必修,,,,1 類,,1,,https://course.ntu.edu.tw/courses/114-1/47235
專題研究,陳振中,18270,Chem7000,223M0020,必修,,,,1 類,,1,,https://course.ntu.edu.tw/courses/114-1/18270
專題研究,陸駿逸,12440,Chem7000,223M0020,必修,,,,1 類,,1,,https://course.ntu.edu.tw/courses/114-1/12440
專題研究,楊吉水,48098,Chem7000,223M0020,必修,,,,1 類,,1,,https://course.ntu.edu.tw/courses/114-1/48098
專題研究,陳俊顯,26199,Chem7000,223M0020,必修,,,,1 類,,1,,https://course.ntu.edu.tw/courses/114-1/26199
專題研究,陳  平,29311,Chem7000,223M0020,必修,,,,1 類,,1,,https://course.ntu.edu.tw/courses/114-1/29311
專題研究,鄭原忠,42734,Chem7000,223M0020,必修,,,,1 類,,1,,https://course.ntu.edu.tw/courses/114-1/42734
專題研究,邱靜雯,58635,Chem7000,223M0020,必修,,,,1 類,,1,,https://course.ntu.edu.tw/courses/114-1/58635
專題研究,詹益慈,19849,Chem7000,223M0020,必修,,,,1 類,,1,,https://course.ntu.edu.tw/courses/114-1/19849
專題研究,王宗興,35957,Chem7000,223M0020,必修,,,,1 類,,1,,https://course.ntu.edu.tw/courses/114-1/35957
專題研究,廖尉斯,13091,Chem7000,223M0020,必修,,,,1 類,,1,,https://course.ntu.edu.tw/courses/114-1/13091
專題研究,陳浩銘,24212,Chem7000,223M0020,必修,,,,1 類,,1,,https://course.ntu.edu.tw/courses/114-1/24212
專題研究,江建文,37029,Chem7000,223M0020,必修,,,,1 類,,1,,https://course.ntu.edu.tw/courses/114-1/37029
專題研究,徐丞志,13753,Chem7000,223M0020,必修,,,,1 類,,1,,https://course.ntu.edu.tw/courses/114-1/13753
專題研究,朱忠瀚,54795,Chem7000,223M0020,必修,,,,1 類,,1,,https://course.ntu.edu.tw/courses/114-1/54795
專題研究,柳玗珍,58911,Chem7000,223M0020,必修,,,,1 類,,1,,https://course.ntu.edu.tw/courses/114-1/58911
專題研究,姜昌明,49016,Chem7000,223M0020,必修,,,,1 類,,1,,https://course.ntu.edu.tw/courses/114-1/49016
專題研究,方頡睿,49806,Chem7000,223M0020,必修,,,,1 類,,1,,https://course.ntu.edu.tw/courses/114-1/49806
專題研究,彭之皓,45126,Chem7000,223M0020,必修,,,,1 類,,1,,https://course.ntu.edu.tw/courses/114-1/45126
專題研究,馬左仲,37339,Chem7000,223M0020,必修,,,,1 類,,1,,https://course.ntu.edu.tw/courses/114-1/37339
專題研究,王建隆,55001,Chem7000,223M0020,必修,,,,1 類,,1,,https://course.ntu.edu.tw/courses/114-1/55001
專題研究,林志民,17218,Chem7000,223M0020,必修,,,,1 類,,1,,https://course.ntu.edu.tw/courses/114-1/17218
專題研究,陳玉如,49798,Chem7000,223M0020,必修,,,,1 類,,1,,https://course.ntu.edu.tw/courses/114-1/49798
專題研究,許良彥,16545,Chem7000,223M0020,必修,,,,1 類,,1,,https://course.ntu.edu.tw/courses/114-1/16545
專題研究,吳恆良,55770,Chem7000,223M0020,必修,,,,1 類,,1,,https://course.ntu.edu.tw/courses/114-1/55770
專題研究,何佳安,54682,Chem7000,223M0020,必修,,,,2 類,,1,,https://course.ntu.edu.tw/courses/114-1/54682
專題研究,林俊宏,23017,Chem7000,223M0020,必修,,,,2 類,,1,,https://course.ntu.edu.tw/courses/114-1/23017
專題研究,周必泰,40757,Chem7000,223M0020,必修,,,,1 類,,1,,https://course.ntu.edu.tw/courses/114-1/40757
專題研究,邱勝賢,58701,Chem7000,223M0020,必修,,,,1 類,,1,,https://course.ntu.edu.tw/courses/114-1/58701
專題研究,陳振中,10975,Chem7000,223M0020,必修,,,,1 類,,1,,https://course.ntu.edu.tw/courses/114-1/10975
專題研究,陳  平,22315,Chem7000,223M0020,必修,,,,1 類,,1,,https://course.ntu.edu.tw/courses/114-1/22315
專題研究,王宗興,25399,Chem7000,223M0020,必修,,,,1 類,,1,,https://course.ntu.edu.tw/courses/114-1/25399
專題研究,廖尉斯,48944,Chem7000,223M0020,必修,,,,1 類,,1,,https://course.ntu.edu.tw/courses/114-1/48944
專題研究,陳浩銘,46542,Chem7000,223M0020,必修,,,,1 類,,1,,https://course.ntu.edu.tw/courses/114-1/46542
專題研究,江建文,19995,Chem7000,223M0020,必修,,,,1 類,,1,,https://course.ntu.edu.tw/courses/114-1/19995
專題研究,鄭修偉,44988,Chem7000,223M0020,必修,,,,1 類,,1,,https://course.ntu.edu.tw/courses/114-1/44988
專題研究,彭之皓,56657,Chem7000,223M0020,必修,,,,1 類,,1,,https://course.ntu.edu.tw/courses/114-1/56657
專題研究,馬左仲,47583,Chem7000,223M0020,必修,,,,1 類,,1,,https://course.ntu.edu.tw/courses/114-1/47583
專題研究,陳玉如,24819,Chem7000,223M0020,必修,,,,1 類,,1,,https://course.ntu.edu.tw/courses/114-1/24819
專題研究,吳恆良,42629,Chem7000,223M0020,必修,,,,1 類,,1,,https://course.ntu.edu.tw/courses/114-1/42629
專題研究,何佳安,39981,Chem7000,223M0020,必修,,,,2 類,,1,,https://course.ntu.edu.tw/courses/114-1/39981
專題研究,林俊宏,44853,Chem7000,223M0020,必修,,,,2 類,,1,,https://course.ntu.edu.tw/courses/114-1/44853
專題研究,翁啟惠,95012,Chem7000,223M0020,必修,,,,2 類,,1,,https://course.ntu.edu.tw/courses/114-1/95012
當代化學導讀,李弘文,40921,Chem7002,223M0090,必修,,"四 8,9",,1 類,,1,,https://course.ntu.edu.tw/courses/114-1/40921
當代化學導讀,金必耀,55532,Chem7002,223M0090,必修,,"六 3,4",,1 類,,1,,https://course.ntu.edu.tw/courses/114-1/55532
當代化學導讀,梁文傑,57602,Chem7002,223M0090,必修,,"五 8,9",,1 類,,1,,https://course.ntu.edu.tw/courses/114-1/57602
當代化學導讀,劉如熹,43885,Chem7002,223M0090,必修,,"五 8,9",,1 類,,1,,https://course.ntu.edu.tw/courses/114-1/43885
當代化學導讀,羅禮強,34146,Chem7002,223M0090,必修,,"五 8,9",,1 類,,1,,https://course.ntu.edu.tw/courses/114-1/34146
當代化學導讀,陳昭岑,15475,Chem7002,223M0090,必修,,"五 8,9",,1 類,,1,,https://course.ntu.edu.tw/courses/114-1/15475
當代化學導讀,汪根欉,30429,Chem7002,223M0090,必修,,"五 8,9",,1 類,,1,,https://course.ntu.edu.tw/courses/114-1/30429
當代化學導讀,周必泰,20179,Chem7002,223M0090,必修,,"四 8,9",,1 類,,1,,https://course.ntu.edu.tw/courses/114-1/20179
當代化學導讀,邱勝賢,42678,Chem7002,223M0090,必修,,"五 8,9",,1 類,,1,,https://course.ntu.edu.tw/courses/114-1/42678
當代化學導讀,陳振中,40878,Chem7002,223M0090,必修,,"四 8,9",,1 類,,1,,https://course.ntu.edu.tw/courses/114-1/40878
當代化學導讀,陸駿逸,13860,Chem7002,223M0090,必修,,"六 3,4",,1 類,,1,,https://course.ntu.edu.tw/courses/114-1/13860
當代化學導讀,楊吉水,13912,Chem7002,223M0090,必修,,"五 8,9",,1 類,,1,,https://course.ntu.edu.tw/courses/114-1/13912
當代化學導讀,邱靜雯,23871,Chem7002,223M0090,必修,,"五 8,9",,1 類,,1,,https://course.ntu.edu.tw/courses/114-1/23871
當代化學導讀,詹益慈,17689,Chem7002,223M0090,必修,,"四 8,9",,1 類,,1,,https://course.ntu.edu.tw/courses/114-1/17689
當代化學導讀,王宗興,43094,Chem7002,223M0090,必修,,"六 3,4",,1 類,,1,,https://course.ntu.edu.tw/courses/114-1/43094
當代化學導讀,廖尉斯,33033,Chem7002,223M0090,必修,,"四 8,9",,1 類,,1,,https://course.ntu.edu.tw/courses/114-1/33033
當代化學導讀,陳浩銘,27933,Chem7002,223M0090,必修,,"六 3,4",,1 類,,1,,https://course.ntu.edu.tw/courses/114-1/27933
當代化學導讀,江建文,28634,Chem7002,223M0090,必修,,"四 8,9",,1 類,,1,,https://course.ntu.edu.tw/courses/114-1/28634
當代化學導讀,徐丞志,37844,Chem7002,223M0090,必修,,"四 8,9",,1 類,,1,,https://course.ntu.edu.tw/courses/114-1/37844
當代化學導讀,朱忠瀚,47725,Chem7002,223M0090,必修,,"五 8,9",,1 類,,1,,https://course.ntu.edu.tw/courses/114-1/47725
當代化學導讀,柳玗珍,50857,Chem7002,223M0090,必修,,"四 8,9",,1 類,,1,,https://course.ntu.edu.tw/courses/114-1/50857
當代化學導讀,姜昌明,42113,Chem7002,223M0090,必修,,"四 8,9",,1 類,,1,,https://course.ntu.edu.tw/courses/114-1/42113
當代化學導讀,鄭修偉,27950,Chem7002,223M0090,必修,,"四 8,9",,1 類,,1,,https://course.ntu.edu.tw/courses/114-1/27950
當代化學導讀,方頡睿,14950,Chem7002,223M0090,必修,,"五 8,9",,1 類,,1,,https://course.ntu.edu.tw/courses/114-1/14950
當代化學導讀,彭之皓,29622,Chem7002,223M0090,必修,,"五 8,9",,1 類,,1,,https://course.ntu.edu.tw/courses/114-1/29622
當代化學導讀,馬左仲,40488,Chem7002,223M0090,必修,,"五 8,9",,1 類,,1,,https://course.ntu.edu.tw/courses/114-1/40488
當代化學導讀,王建隆,22558,Chem7002,223M0090,必修,,"四 8,9",,1 類,,1,,https://course.ntu.edu.tw/courses/114-1/22558
高等分析化學一,鄭修偉,38285,Chem7025,223M1130,必修,,"二 3,4 / 五 2",化121,2 類,,3,,https://course.ntu.edu.tw/courses/114-1/38285
高等有機化學二,楊吉水,53915,Chem7028,223M1240,必修,,"一 3,4 / 五 3,4",化121,2 類,,4,,https://course.ntu.edu.tw/courses/114-1/53915
高等無機化學一,江建文,45626,Chem7029,223M1410,必修,,"三 2,3,4",化121,2 類,,3,,https://course.ntu.edu.tw/courses/114-1/45626
高等物理化學一,鄭原忠,39397,Chem7031,223M1310,必修 / 選修,,"二 6,7 / 四 2",化121,2 類,,3,,https://course.ntu.edu.tw/courses/114-1/39397
高等化學生物學一,朱忠瀚,55906,Chem7037,223M1660,必修,,"一 6,7 / 四 6,7",化121,2 類,,4,,https://course.ntu.edu.tw/courses/114-1/55906
碩士班化學教學法與實習一,林至闓,58442,Chem7039,223M0230,必修,,,,2 類,,1,,https://course.ntu.edu.tw/courses/114-1/58442
碩士班化學教學法與實習一,陳振中,17769,Chem7039,223M0230,必修,,,,2 類,,1,,https://course.ntu.edu.tw/courses/114-1/17769
碩士班化學教學法與實習一,王宗興,46443,Chem7039,223M0230,必修,,,,2 類,,1,,https://course.ntu.edu.tw/courses/114-1/46443
碩士班化學教學法與實習一,鄭修偉,25189,Chem7039,223M0230,必修,,,,2 類,,1,,https://course.ntu.edu.tw/courses/114-1/25189
碩士班化學教學法與實習一,姜昌明,20154,Chem7039,223M0230,必修,,,,2 類,,1,,https://course.ntu.edu.tw/courses/114-1/20154
碩士班化學教學法與實習一,馬左仲,15984,Chem7039,223M0230,必修,,,,2 類,,1,,https://course.ntu.edu.tw/courses/114-1/15984
碩士班化學教學法與實習一,朱忠瀚,46416,Chem7039,223M0230,必修,,,,2 類,,1,,https://course.ntu.edu.tw/courses/114-1/46416
碩士班化學教學法與實習一,方頡睿,57623,Chem7039,223M0230,必修,,,,2 類,,1,,https://course.ntu.edu.tw/courses/114-1/57623
碩士班化學教學法與實習一,陳  平,54823,Chem7039,223M0230,必修,,,,2 類,,1,,https://course.ntu.edu.tw/courses/114-1/54823
碩士班化學教學法與實習一,柳玗珍,44215,Chem7039,223M0230,必修,,,,2 類,,1,,https://course.ntu.edu.tw/courses/114-1/44215
化學應用與發展,彭之皓,54334,Chem7042,223M1720,必修,,"四 3,4",,2 類,,1,,https://course.ntu.edu.tw/courses/114-1/54334
碩士生討論課3,李弘文,10653,Chem7045,223M1830,選修,,三 5,化210室,2 類,,1,,https://course.ntu.edu.tw/courses/114-1/10653
碩士生討論課3,陳浩銘,54212,Chem7045,223M1830,選修,,三 5,化121,2 類,,1,,https://course.ntu.edu.tw/courses/114-1/54212
碩士論文,李弘文,53268,Chem7999,223M0010,必修,,,,1 類,,0,,https://course.ntu.edu.tw/courses/114-1/53268
專題研究,金必耀,53908,Chem8000,223D0020,必修,,,,1 類,,1,,https://course.ntu.edu.tw/courses/114-1/53908
專題研究,梁文傑,47663,Chem8000,223D0020,必修,,,,1 類,,1,,https://course.ntu.edu.tw/courses/114-1/47663
專題研究,劉如熹,43422,Chem8000,223D0020,必修,,,,1 類,,1,,https://course.ntu.edu.tw/courses/114-1/43422
專題研究,羅禮強,34330,Chem8000,223D0020,必修,,,,1 類,,1,,https://course.ntu.edu.tw/courses/114-1/34330
專題研究,汪根欉,45796,Chem8000,223D0020,必修,,,,1 類,,1,,https://course.ntu.edu.tw/courses/114-1/45796
專題研究,周必泰,22274,Chem8000,223D0020,必修,,,,1 類,,1,,https://course.ntu.edu.tw/courses/114-1/22274
專題研究,陳振中,31784,Chem8000,223D0020,必修,,,,1 類,,1,,https://course.ntu.edu.tw/courses/114-1/31784
專題研究,楊吉水,47405,Chem8000,223D0020,必修,,,,1 類,,1,,https://course.ntu.edu.tw/courses/114-1/47405
專題研究,陳俊顯,13964,Chem8000,223D0020,必修,,,,1 類,,1,,https://course.ntu.edu.tw/courses/114-1/13964
專題研究,鄭原忠,27511,Chem8000,223D0020,必修,,,,1 類,,1,,https://course.ntu.edu.tw/courses/114-1/27511
專題研究,邱靜雯,27625,Chem8000,223D0020,必修,,,,1 類,,1,,https://course.ntu.edu.tw/courses/114-1/27625
專題研究,詹益慈,57850,Chem8000,223D0020,必修,,,,1 類,,1,,https://course.ntu.edu.tw/courses/114-1/57850
專題研究,王宗興,30411,Chem8000,223D0020,必修,,,,1 類,,1,,https://course.ntu.edu.tw/courses/114-1/30411
專題研究,廖尉斯,54279,Chem8000,223D0020,必修,,,,1 類,,1,,https://course.ntu.edu.tw/courses/114-1/54279
專題研究,陳浩銘,14194,Chem8000,223D0020,必修,,,,1 類,,1,,https://course.ntu.edu.tw/courses/114-1/14194
專題研究,江建文,49716,Chem8000,223D0020,必修,,,,1 類,,1,,https://course.ntu.edu.tw/courses/114-1/49716
專題研究,徐丞志,26781,Chem8000,223D0020,必修,,,,1 類,,1,,https://course.ntu.edu.tw/courses/114-1/26781
專題研究,朱忠瀚,21738,Chem8000,223D0020,必修,,,,1 類,,1,,https://course.ntu.edu.tw/courses/114-1/21738
專題研究,鄭修偉,19169,Chem8000,223D0020,必修,,,,1 類,,1,,https://course.ntu.edu.tw/courses/114-1/19169
專題研究,方頡睿,21998,Chem8000,223D0020,必修,,,,1 類,,1,,https://course.ntu.edu.tw/courses/114-1/21998
專題研究,馬左仲,30121,Chem8000,223D0020,必修,,,,1 類,,1,,https://course.ntu.edu.tw/courses/114-1/30121
專題研究,許良彥,42016,Chem8000,223D0020,必修,,,,1 類,,1,,https://course.ntu.edu.tw/courses/114-1/42016
專題研究,林俊宏,36561,Chem8000,223D0020,必修,,,,1 類,,1,,https://course.ntu.edu.tw/courses/114-1/36561
專題研究,梁文傑,19593,Chem8000,223D0020,必修,,,,1 類,,1,,https://course.ntu.edu.tw/courses/114-1/19593
專題研究,劉如熹,29806,Chem8000,223D0020,必修,,,,1 類,,1,,https://course.ntu.edu.tw/courses/114-1/29806
專題研究,周必泰,17375,Chem8000,223D0020,必修,,,,1 類,,1,,https://course.ntu.edu.tw/courses/114-1/17375
專題研究,邱勝賢,54104,Chem8000,223D0020,必修,,,,1 類,,1,,https://course.ntu.edu.tw/courses/114-1/54104
專題研究,廖尉斯,24418,Chem8000,223D0020,必修,,,,1 類,,1,,https://course.ntu.edu.tw/courses/114-1/24418
專題研究,朱忠瀚,11522,Chem8000,223D0020,必修,,,,1 類,,1,,https://course.ntu.edu.tw/courses/114-1/11522
專題研究,鄭修偉,41260,Chem8000,223D0020,必修,,,,1 類,,1,,https://course.ntu.edu.tw/courses/114-1/41260
專題研究,馬左仲,32881,Chem8000,223D0020,必修,,,,1 類,,1,,https://course.ntu.edu.tw/courses/114-1/32881
專題研究,林俊宏,31416,Chem8000,223D0020,必修,,,,1 類,,1,,https://course.ntu.edu.tw/courses/114-1/31416
當代化學研讀,李弘文,40545,Chem8002,223D0090,必修,,"四 8,9",,1 類,,1,,https://course.ntu.edu.tw/courses/114-1/40545
當代化學研讀,劉如熹,15584,Chem8002,223D0090,必修,,"五 8,9",,1 類,,1,,https://course.ntu.edu.tw/courses/114-1/15584
當代化學研讀,汪根欉,56917,Chem8002,223D0090,必修,,"五 8,9",,1 類,,1,,https://course.ntu.edu.tw/courses/114-1/56917
當代化學研讀,周必泰,31597,Chem8002,223D0090,必修,,"四 8,9",,1 類,,1,,https://course.ntu.edu.tw/courses/114-1/31597
當代化學研讀,陳振中,27805,Chem8002,223D0090,必修,,"四 8,9",,1 類,,1,,https://course.ntu.edu.tw/courses/114-1/27805
當代化學研讀,楊吉水,11744,Chem8002,223D0090,必修,,"五 8,9",,1 類,,1,,https://course.ntu.edu.tw/courses/114-1/11744
當代化學研讀,鄭原忠,35420,Chem8002,223D0090,必修,,"五 8,9",,1 類,,1,,https://course.ntu.edu.tw/courses/114-1/35420
當代化學研讀,邱靜雯,58976,Chem8002,223D0090,必修,,"五 8,9",,1 類,,1,,https://course.ntu.edu.tw/courses/114-1/58976
當代化學研讀,廖尉斯,27455,Chem8002,223D0090,必修,,"四 8,9",,1 類,,1,,https://course.ntu.edu.tw/courses/114-1/27455
當代化學研讀,陳浩銘,18356,Chem8002,223D0090,必修,,"六 3,4",,1 類,,1,,https://course.ntu.edu.tw/courses/114-1/18356
當代化學研讀,江建文,38336,Chem8002,223D0090,必修,,"四 8,9",,1 類,,1,,https://course.ntu.edu.tw/courses/114-1/38336
當代化學研讀,朱忠瀚,59427,Chem8002,223D0090,必修,,"五 8,9",,1 類,,1,,https://course.ntu.edu.tw/courses/114-1/59427
當代化學研讀,鄭修偉,41076,Chem8002,223D0090,必修,,"四 8,9",,1 類,,1,,https://course.ntu.edu.tw/courses/114-1/41076
當代化學研讀,方頡睿,20602,Chem8002,223D0090,必修,,"五 8,9",,1 類,,1,,https://course.ntu.edu.tw/courses/114-1/20602
當代化學研讀,馬左仲,34900,Chem8002,223D0090,必修,,"五 8,9",,1 類,,1,,https://course.ntu.edu.tw/courses/114-1/34900
當代化學研讀,王建隆,13762,Chem8002,223D0090,必修,,"四 8,9",,1 類,,1,,https://course.ntu.edu.tw/courses/114-1/13762
高等物理化學專論一,鄭原忠,15633,Chem8031,223D1310,必修,,"二 6,7 / 四 2",,2 類,,3,,https://course.ntu.edu.tw/courses/114-1/15633
高等化學生物學專論一,朱忠瀚,42233,Chem8037,223D1660,選修,,"一 6,7 / 四 6,7",,2 類,,4,,https://course.ntu.edu.tw/courses/114-1/42233
高等無機化學一-國際學程,江建文,35538,Chem8043,223D9130,必修 / 選修,,"三 2,3,4",,2 類,,3,,https://course.ntu.edu.tw/courses/114-1/35538
專題研究(國際學程),陳玉如,48999,Chem8048,223D9220,必修,,,,1 類,,1,,https://course.ntu.edu.tw/courses/114-1/48999
博士班化學教學法與實習一,金必耀,52056,Chem8053,223D0230,必修,,,,2 類,,1,,https://course.ntu.edu.tw/courses/114-1/52056
博士班化學教學法與實習一,陸駿逸,16613,Chem8053,223D0230,必修,,,,2 類,,1,,https://course.ntu.edu.tw/courses/114-1/16613
博士班化學教學法與實習一,楊吉水,25805,Chem8053,223D0230,必修,,,,2 類,,1,,https://course.ntu.edu.tw/courses/114-1/25805
博士班化學教學法與實習一,邱勝賢,32207,Chem8053,223D0230,必修,,,,2 類,,1,,https://course.ntu.edu.tw/courses/114-1/32207
博士班化學教學法與實習一,陳  平,46729,Chem8053,223D0230,必修,,,,2 類,,1,,https://course.ntu.edu.tw/courses/114-1/46729
博士班化學教學法與實習一,王宗興,43764,Chem8053,223D0230,必修,,,,2 類,,1,,https://course.ntu.edu.tw/courses/114-1/43764
博士班化學教學法與實習一,方頡睿,54944,Chem8053,223D0230,必修,,,,2 類,,1,,https://course.ntu.edu.tw/courses/114-1/54944
博士班化學教學法與實習一,詹益慈,51030,Chem8053,223D0230,必修,,,,2 類,,1,,https://course.ntu.edu.tw/courses/114-1/51030
博士班化學教學法與實習一,柳玗珍,46249,Chem8053,223D0230,必修,,,,2 類,,1,,https://course.ntu.edu.tw/courses/114-1/46249
博士論文,李弘文,41257,Chem8999,223D0010,必修,,,,1 類,,0,,https://course.ntu.edu.tw/courses/114-1/41257
服務學習甲,王勝仕,52155,ChemE0006,504001G0,必帶,,,,2 類,,1,,https://course.ntu.edu.tw/courses/114-1/52155
服務學習甲,吳哲夫,24027,ChemE0006,504001G0,必帶,,,,2 類,,1,,https://course.ntu.edu.tw/courses/114-1/24027
服務學習甲,康敦彥,30196,ChemE0006,504001G0,必帶,,,,2 類,,1,,https://course.ntu.edu.tw/courses/114-1/30196
服務學習乙,吳紀聖,10895,ChemE0007,504001H0,必修,,,,2 類,,1,,https://course.ntu.edu.tw/courses/114-1/10895
服務學習乙,謝之真,49186,ChemE0007,504001H0,必修,,,,2 類,,1,,https://course.ntu.edu.tw/courses/114-1/49186
服務學習乙,游琇伃,36851,ChemE0007,504001H0,必修,,,,2 類,,1,,https://course.ntu.edu.tw/courses/114-1/36851
計算機程式,諶玉真,26433,ChemE1004,50410300,必帶 / 必修,,"三 6,7 / 四 6",,2 類,,3,,https://course.ntu.edu.tw/courses/114-1/26433
計算機程式,林祥泰,31384,ChemE1004,50410300,必帶 / 必修,,"三 6 / 四 6,7",,2 類,,3,,https://course.ntu.edu.tw/courses/114-1/31384
計算機程式,李奕霈,46200,ChemE1004,50410300,必帶 / 必修,,"三 7 / 四 6,7",,2 類,,3,,https://course.ntu.edu.tw/courses/114-1/46200
化學工程概論,徐振哲,47323,ChemE1006,50410500,必帶,,"二 6,7",綜302,2 類,,2,,https://course.ntu.edu.tw/courses/114-1/47323
化學工程概論,陳嘉晉,45318,ChemE1006,50410500,必帶,,"二 6,7",普302,2 類,,2,,https://course.ntu.edu.tw/courses/114-1/45318
物理化學一,吳乃立,30547,ChemE2005,50426110,必修,,"一 3,4 / 四 2",綜503,2 類,,3,,https://course.ntu.edu.tw/courses/114-1/30547
物理化學一,闕居振,32043,ChemE2005,50426110,必修,,"一 3,4 / 四 2",綜402,2 類,,3,,https://course.ntu.edu.tw/courses/114-1/32043
物理化學一,游文岳,15137,ChemE2005,50426110,必修,,"一 3,4 / 四 2",綜403,2 類,,3,,https://course.ntu.edu.tw/courses/114-1/15137
基礎材料力學,王安邦,59629,ChemE2011,50424700,必帶,,"三 3,4",,2 類,,2,,https://course.ntu.edu.tw/courses/114-1/59629
基礎材料力學,周佳靚,36998,ChemE2011,50424700,必帶,,"三 3,4",,2 類,,2,,https://course.ntu.edu.tw/courses/114-1/36998
基礎電工學,陳信樹,45175,ChemE3016,50436130,必帶,,"三 3,4",普306,3 類,,2,,https://course.ntu.edu.tw/courses/114-1/45175
基礎電工學,李泰成,12172,ChemE3016,50436130,必帶,,"三 3,4",新102,3 類,,2,,https://course.ntu.edu.tw/courses/114-1/12172
熱質量傳遞,王勝仕,47354,ChemE3017,50432140,必修,,"二 2 / 四 3,4",綜402,3 類,,3,,https://course.ntu.edu.tw/courses/114-1/47354
熱質量傳遞,趙  玲,14875,ChemE3017,50432140,必修,,"二 2 / 四 3,4",綜302,3 類,,3,,https://course.ntu.edu.tw/courses/114-1/14875
熱質量傳遞,謝之真,29886,ChemE3017,50432140,必修,,"二 2 / 四 3,4",綜403,3 類,,3,,https://course.ntu.edu.tw/courses/114-1/29886
化工熱力學,陳立仁,30079,ChemE3019,50431300,必修,,"二 3,4 / 四 2",聯電講堂,2 類,,3,,https://course.ntu.edu.tw/courses/114-1/30079
化工熱力學,林祥泰,31790,ChemE3019,50431300,必修,,"二 3,4 / 四 2",綜301,2 類,,3,,https://course.ntu.edu.tw/courses/114-1/31790
學士專題研究乙,吳乃立,23472,ChemE4001,504400B0,選修,,,,2 類,,2,,https://course.ntu.edu.tw/courses/114-1/23472
學士專題研究乙,吳紀聖,16773,ChemE4001,504400B0,選修,,,,2 類,,2,,https://course.ntu.edu.tw/courses/114-1/16773
學士專題研究乙,王勝仕,58554,ChemE4001,504400B0,選修,,,,2 類,,2,,https://course.ntu.edu.tw/courses/114-1/58554
學士專題研究乙,林祥泰,56183,ChemE4001,504400B0,選修,,,,2 類,,2,,https://course.ntu.edu.tw/courses/114-1/56183
學士專題研究乙,吳嘉文,95055,ChemE4001,504400B0,選修,,,,2 類,,2,,https://course.ntu.edu.tw/courses/114-1/95055
學士專題研究乙,陳賢燁,36135,ChemE4001,504400B0,選修,,,,2 類,,2,,https://course.ntu.edu.tw/courses/114-1/36135
學士專題研究乙,趙  玲,53105,ChemE4001,504400B0,選修,,,,2 類,,2,,https://course.ntu.edu.tw/courses/114-1/53105
學士專題研究乙,康敦彥,24101,ChemE4001,504400B0,選修,,,,2 類,,2,,https://course.ntu.edu.tw/courses/114-1/24101
學士專題研究乙,闕居振,19665,ChemE4001,504400B0,選修,,,,2 類,,2,,https://course.ntu.edu.tw/courses/114-1/19665
學士專題研究乙,游文岳,55996,ChemE4001,504400B0,選修,,,,2 類,,2,,https://course.ntu.edu.tw/courses/114-1/55996
學士專題研究乙,李奕霈,12861,ChemE4001,504400B0,選修,,,,2 類,,2,,https://course.ntu.edu.tw/courses/114-1/12861
學士專題研究乙,謝依芸,10515,ChemE4001,504400B0,選修,,,,2 類,,2,,https://course.ntu.edu.tw/courses/114-1/10515
學士專題研究乙,杜育銘,47340,ChemE4001,504400B0,選修,,,,2 類,,2,,https://course.ntu.edu.tw/courses/114-1/47340
學士專題研究丙,吳紀聖,46246,ChemE4002,504400C0,選修,,,,2 類,,1,,https://course.ntu.edu.tw/courses/114-1/46246
學士專題研究丙,諶玉真,44052,ChemE4002,504400C0,選修,,,,2 類,,1,,https://course.ntu.edu.tw/courses/114-1/44052
學士專題研究丙,王勝仕,44609,ChemE4002,504400C0,選修,,,,2 類,,1,,https://course.ntu.edu.tw/courses/114-1/44609
學士專題研究丙,徐振哲,58033,ChemE4002,504400C0,選修,,,,2 類,,1,,https://course.ntu.edu.tw/courses/114-1/58033
學士專題研究丙,吳嘉文,95056,ChemE4002,504400C0,選修,,,,2 類,,1,,https://course.ntu.edu.tw/courses/114-1/95056
學士專題研究丙,游佳欣,21561,ChemE4002,504400C0,選修,,,,2 類,,1,,https://course.ntu.edu.tw/courses/114-1/21561
學士專題研究丙,游文岳,44234,ChemE4002,504400C0,選修,,,,2 類,,1,,https://course.ntu.edu.tw/courses/114-1/44234
學士專題研究丙,李奕霈,34868,ChemE4002,504400C0,選修,,,,2 類,,1,,https://course.ntu.edu.tw/courses/114-1/34868
學士專題研究丙,郭修伯,59438,ChemE4002,504400C0,選修,,,,2 類,,1,,https://course.ntu.edu.tw/courses/114-1/59438
學士專題研究丙,陳嘉晉,44601,ChemE4002,504400C0,選修,,,,2 類,,1,,https://course.ntu.edu.tw/courses/114-1/44601
學士專題研究丙,林立強,34387,ChemE4002,504400C0,選修,,,,2 類,,1,,https://course.ntu.edu.tw/courses/114-1/34387
學士專題研究丙,謝依芸,23118,ChemE4002,504400C0,選修,,,,2 類,,1,,https://course.ntu.edu.tw/courses/114-1/23118
學士專題研究丙,歐德理,44048,ChemE4002,504400C0,選修,,,,2 類,,1,,https://course.ntu.edu.tw/courses/114-1/44048
學士專題研究丙,杜育銘,14459,ChemE4002,504400C0,選修,,,,2 類,,1,,https://course.ntu.edu.tw/courses/114-1/14459
化學工程實驗二,李奕霈,51962,ChemE4006,50442220,必修,,"一 6,7,8,9",,2 類,,1,,https://course.ntu.edu.tw/courses/114-1/51962
化學工程實驗二,謝之真,11055,ChemE4006,50442220,必修,,"二 6,7,8,9",,2 類,,1,,https://course.ntu.edu.tw/courses/114-1/11055
化學工程實驗二,陳賢燁,40189,ChemE4006,50442220,必修,,"三 6,7,8,9",,2 類,,1,,https://course.ntu.edu.tw/courses/114-1/40189
化學工程實驗二,郭修伯,40665,ChemE4006,50442220,必修,,"四 6,7,8,9",,2 類,,1,,https://course.ntu.edu.tw/courses/114-1/40665
程序控制,吳哲夫,21827,ChemE4007,50443100,必修,,"一 2 / 三 3,4",綜301,3 類,,3,,https://course.ntu.edu.tw/courses/114-1/21827
程序控制,余柏毅,38842,ChemE4007,50443100,必修,,"一 2 / 三 3,4",綜403,3 類,,3,,https://course.ntu.edu.tw/courses/114-1/38842
化工程序設計實作,陳誠亮,43569,ChemE4015,50444300,必修,,"一 3,4",博雅309,2 類,,2,,https://course.ntu.edu.tw/courses/114-1/43569
化工程序設計實作,廖英志,12240,ChemE4015,50444300,必修,,"二 3,4",新301,2 類,,2,,https://course.ntu.edu.tw/courses/114-1/12240
化工程序設計實作,吳哲夫,46235,ChemE4015,50444300,必修,,"四 6,7",綜505,2 類,,2,,https://course.ntu.edu.tw/courses/114-1/46235
化工程序設計實作,余柏毅,43214,ChemE4015,50444300,必修,,"一 7,8",綜601,2 類,,2,,https://course.ntu.edu.tw/courses/114-1/43214
化工程序設計實作,歐德理,48295,ChemE4015,50444300,必修,,"四 6,7",博雅303,2 類,,2,,https://course.ntu.edu.tw/courses/114-1/48295
化工程序設計實作,杜育銘,26153,ChemE4015,50444300,必修,,"二 3,4",綜402,2 類,,2,,https://course.ntu.edu.tw/courses/114-1/26153
輸送現象,王大銘,36364,ChemE4016,50446730,選修,,"一 6,7 / 四 6",聯電講堂,2 類,,3,,https://course.ntu.edu.tw/courses/114-1/36364
應用電化學,歐德理,11632,ChemE5007,524U0380,選修,,"二 6,7,8",綜602,2 類,,3,,https://course.ntu.edu.tw/courses/114-1/11632
能源工程,陳誠亮,15934,ChemE5012,524U0600,選修,,"一 7,8,9",新102,2 類,,3,,https://course.ntu.edu.tw/courses/114-1/15934
觸媒化學,游文岳,11591,ChemE5021,524U1070,選修,,"四 7,8,9",綜301,2 類,,3,,https://course.ntu.edu.tw/courses/114-1/11591
生化工程,王勝仕,59486,ChemE5046,524U2130,選修,,"三 7,8,9",普401,2 類,,3,,https://course.ntu.edu.tw/courses/114-1/59486
粉粒體技術,郭修伯,47155,ChemE5057,524U0210,選修,,"四 3,4,5",綜604,2 類,,3,,https://course.ntu.edu.tw/courses/114-1/47155
印刷元件製作技術,廖英志,27736,ChemE5059,524U2210,選修,,"二 7,8,9",綜402,2 類,,3,,https://course.ntu.edu.tw/courses/114-1/27736
能源系統工程與經濟,謝依芸,12126,ChemE5071,524U2300,選修,,"三 7,8,9",,2 類,,3,,https://course.ntu.edu.tw/courses/114-1/12126
薄膜分離與永續工程,杜育銘,57313,ChemE5078,524U2450,選修,,"四 8,9,10",綜302,2 類,,3,,https://course.ntu.edu.tw/courses/114-1/57313
專題討論,崔宏瑋,55454,ChemE7001,524M0030,必修,,"五 8,9,10",信義講堂,2 類,,1,,https://course.ntu.edu.tw/courses/114-1/55454
高等化工動力學,徐振哲,19802,ChemE7004,524M1120,必修,,"一 3,4 / 四 2",楊斌彥廳,2 類,,3,,https://course.ntu.edu.tw/courses/114-1/19802
高等化工動力學,游佳欣,19611,ChemE7004,524M1120,必修,,"一 3,4 / 四 2",慶琅廳,2 類,,3,,https://course.ntu.edu.tw/courses/114-1/19611
高等流體力學,游琇伃,42187,ChemE7007,524M1210,必修,,"二 3,4 / 五 2",楊斌彥廳,2 類,,3,,https://course.ntu.edu.tw/courses/114-1/42187
高等流體力學,林立強,21227,ChemE7007,524M1210,必修,,"二 3,4 / 五 2",慶琅廳,2 類,,3,,https://course.ntu.edu.tw/courses/114-1/21227
碩士專題研究一,吳乃立,58967,ChemE7024,524M6010,必修,,,,3 類,,1,,https://course.ntu.edu.tw/courses/114-1/58967
碩士專題研究一,陳誠亮,19488,ChemE7024,524M6010,必修,,,,3 類,,1,,https://course.ntu.edu.tw/courses/114-1/19488
碩士專題研究一,呂宗昕,47366,ChemE7024,524M6010,必修,,,,3 類,,1,,https://course.ntu.edu.tw/courses/114-1/47366
碩士專題研究一,藍崇文,34117,ChemE7024,524M6010,必修,,,,3 類,,1,,https://course.ntu.edu.tw/courses/114-1/34117
碩士專題研究一,陳文章,45403,ChemE7024,524M6010,必修,,,,3 類,,1,,https://course.ntu.edu.tw/courses/114-1/45403
碩士專題研究一,吳紀聖,25489,ChemE7024,524M6010,必修,,,,3 類,,1,,https://course.ntu.edu.tw/courses/114-1/25489
碩士專題研究一,王大銘,55503,ChemE7024,524M6010,必修,,,,3 類,,1,,https://course.ntu.edu.tw/courses/114-1/55503
碩士專題研究一,諶玉真,49453,ChemE7024,524M6010,必修,,,,3 類,,1,,https://course.ntu.edu.tw/courses/114-1/49453
碩士專題研究一,蔡偉博,45838,ChemE7024,524M6010,必修,,,,3 類,,1,,https://course.ntu.edu.tw/courses/114-1/45838
碩士專題研究一,戴子安,43119,ChemE7024,524M6010,必修,,,,3 類,,1,,https://course.ntu.edu.tw/courses/114-1/43119
碩士專題研究一,王勝仕,59367,ChemE7024,524M6010,必修,,,,3 類,,1,,https://course.ntu.edu.tw/courses/114-1/59367
碩士專題研究一,林祥泰,41980,ChemE7024,524M6010,必修,,,,3 類,,1,,https://course.ntu.edu.tw/courses/114-1/41980
碩士專題研究一,徐振哲,45776,ChemE7024,524M6010,必修,,,,3 類,,1,,https://course.ntu.edu.tw/courses/114-1/45776
碩士專題研究一,吳嘉文,50845,ChemE7024,524M6010,必修,,,,3 類,,1,,https://course.ntu.edu.tw/courses/114-1/50845
碩士專題研究一,吳哲夫,42853,ChemE7024,524M6010,必修,,,,3 類,,1,,https://course.ntu.edu.tw/courses/114-1/42853
碩士專題研究一,謝之真,47922,ChemE7024,524M6010,必修,,,,3 類,,1,,https://course.ntu.edu.tw/courses/114-1/47922
碩士專題研究一,廖英志,12382,ChemE7024,524M6010,必修,,,,3 類,,1,,https://course.ntu.edu.tw/courses/114-1/12382
碩士專題研究一,陳賢燁,23020,ChemE7024,524M6010,必修,,,,3 類,,1,,https://course.ntu.edu.tw/courses/114-1/23020
碩士專題研究一,游佳欣,28965,ChemE7024,524M6010,必修,,,,3 類,,1,,https://course.ntu.edu.tw/courses/114-1/28965
碩士專題研究一,趙  玲,13732,ChemE7024,524M6010,必修,,,,3 類,,1,,https://course.ntu.edu.tw/courses/114-1/13732
碩士專題研究一,康敦彥,21914,ChemE7024,524M6010,必修,,,,3 類,,1,,https://course.ntu.edu.tw/courses/114-1/21914
碩士專題研究一,游琇伃,55867,ChemE7024,524M6010,必修,,,,3 類,,1,,https://course.ntu.edu.tw/courses/114-1/55867
碩士專題研究一,游文岳,47988,ChemE7024,524M6010,必修,,,,3 類,,1,,https://course.ntu.edu.tw/courses/114-1/47988
碩士專題研究一,李奕霈,10825,ChemE7024,524M6010,必修,,,,3 類,,1,,https://course.ntu.edu.tw/courses/114-1/10825
碩士專題研究一,郭修伯,10828,ChemE7024,524M6010,必修,,,,3 類,,1,,https://course.ntu.edu.tw/courses/114-1/10828
碩士專題研究一,陳嘉晉,58324,ChemE7024,524M6010,必修,,,,3 類,,1,,https://course.ntu.edu.tw/courses/114-1/58324
碩士專題研究一,林立強,36120,ChemE7024,524M6010,必修,,,,3 類,,1,,https://course.ntu.edu.tw/courses/114-1/36120
碩士專題研究一,謝依芸,39240,ChemE7024,524M6010,必修,,,,3 類,,1,,https://course.ntu.edu.tw/courses/114-1/39240
碩士專題研究一,吳台偉,18779,ChemE7024,524M6010,必修,,,,3 類,,1,,https://course.ntu.edu.tw/courses/114-1/18779
碩士專題研究一,余柏毅,43821,ChemE7024,524M6010,必修,,,,3 類,,1,,https://course.ntu.edu.tw/courses/114-1/43821
碩士專題研究一,崔宏瑋,55902,ChemE7024,524M6010,必修,,,,3 類,,1,,https://course.ntu.edu.tw/courses/114-1/55902
碩士專題研究一,歐德理,51108,ChemE7024,524M6010,必修,,,,3 類,,1,,https://course.ntu.edu.tw/courses/114-1/51108
碩士專題研究一,杜育銘,48858,ChemE7024,524M6010,必修,,,,3 類,,1,,https://course.ntu.edu.tw/courses/114-1/48858
碩士專題研究一,吳恆良,59338,ChemE7024,524M6010,必修,,,,3 類,,1,,https://course.ntu.edu.tw/courses/114-1/59338
碩士專題研究三,葛煥彰,27959,ChemE7026,524M6030,必修,,,,3 類,,1,,https://course.ntu.edu.tw/courses/114-1/27959
碩士專題研究三,吳乃立,57305,ChemE7026,524M6030,必修,,,,3 類,,1,,https://course.ntu.edu.tw/courses/114-1/57305
碩士專題研究三,陳誠亮,49576,ChemE7026,524M6030,必修,,,,3 類,,1,,https://course.ntu.edu.tw/courses/114-1/49576
碩士專題研究三,陳立仁,26276,ChemE7026,524M6030,必修,,,,3 類,,1,,https://course.ntu.edu.tw/courses/114-1/26276
碩士專題研究三,呂宗昕,38203,ChemE7026,524M6030,必修,,,,3 類,,1,,https://course.ntu.edu.tw/courses/114-1/38203
碩士專題研究三,藍崇文,44588,ChemE7026,524M6030,必修,,,,3 類,,1,,https://course.ntu.edu.tw/courses/114-1/44588
碩士專題研究三,何國川,45726,ChemE7026,524M6030,必修,,,,3 類,,1,,https://course.ntu.edu.tw/courses/114-1/45726
碩士專題研究三,陳文章,36103,ChemE7026,524M6030,必修,,,,3 類,,1,,https://course.ntu.edu.tw/courses/114-1/36103
碩士專題研究三,吳紀聖,42308,ChemE7026,524M6030,必修,,,,3 類,,1,,https://course.ntu.edu.tw/courses/114-1/42308
碩士專題研究三,王大銘,12906,ChemE7026,524M6030,必修,,,,3 類,,1,,https://course.ntu.edu.tw/courses/114-1/12906
碩士專題研究三,謝學真,27424,ChemE7026,524M6030,必修,,,,3 類,,1,,https://course.ntu.edu.tw/courses/114-1/27424
碩士專題研究三,諶玉真,43236,ChemE7026,524M6030,必修,,,,3 類,,1,,https://course.ntu.edu.tw/courses/114-1/43236
碩士專題研究三,蔡偉博,55329,ChemE7026,524M6030,必修,,,,3 類,,1,,https://course.ntu.edu.tw/courses/114-1/55329
碩士專題研究三,戴子安,36281,ChemE7026,524M6030,必修,,,,3 類,,1,,https://course.ntu.edu.tw/courses/114-1/36281
碩士專題研究三,王勝仕,49407,ChemE7026,524M6030,必修,,,,3 類,,1,,https://course.ntu.edu.tw/courses/114-1/49407
碩士專題研究三,林祥泰,16214,ChemE7026,524M6030,必修,,,,3 類,,1,,https://course.ntu.edu.tw/courses/114-1/16214
碩士專題研究三,吳哲夫,35624,ChemE7026,524M6030,必修,,,,3 類,,1,,https://course.ntu.edu.tw/courses/114-1/35624
碩士專題研究三,謝之真,57586,ChemE7026,524M6030,必修,,,,3 類,,1,,https://course.ntu.edu.tw/courses/114-1/57586
碩士專題研究三,廖英志,47994,ChemE7026,524M6030,必修,,,,3 類,,1,,https://course.ntu.edu.tw/courses/114-1/47994
碩士專題研究三,陳賢燁,35129,ChemE7026,524M6030,必修,,,,3 類,,1,,https://course.ntu.edu.tw/courses/114-1/35129
碩士專題研究三,游佳欣,46756,ChemE7026,524M6030,必修,,,,3 類,,1,,https://course.ntu.edu.tw/courses/114-1/46756
碩士專題研究三,趙  玲,36948,ChemE7026,524M6030,必修,,,,3 類,,1,,https://course.ntu.edu.tw/courses/114-1/36948
碩士專題研究三,康敦彥,14445,ChemE7026,524M6030,必修,,,,3 類,,1,,https://course.ntu.edu.tw/courses/114-1/14445
碩士專題研究三,游琇伃,23134,ChemE7026,524M6030,必修,,,,3 類,,1,,https://course.ntu.edu.tw/courses/114-1/23134
碩士專題研究三,闕居振,26064,ChemE7026,524M6030,必修,,,,3 類,,1,,https://course.ntu.edu.tw/courses/114-1/26064
碩士專題研究三,游文岳,42793,ChemE7026,524M6030,必修,,,,3 類,,1,,https://course.ntu.edu.tw/courses/114-1/42793
碩士專題研究三,李奕霈,29659,ChemE7026,524M6030,必修,,,,3 類,,1,,https://course.ntu.edu.tw/courses/114-1/29659
碩士專題研究三,郭修伯,54412,ChemE7026,524M6030,必修,,,,3 類,,1,,https://course.ntu.edu.tw/courses/114-1/54412
碩士專題研究三,陳嘉晉,24990,ChemE7026,524M6030,必修,,,,3 類,,1,,https://course.ntu.edu.tw/courses/114-1/24990
碩士專題研究三,林立強,37296,ChemE7026,524M6030,必修,,,,3 類,,1,,https://course.ntu.edu.tw/courses/114-1/37296
碩士專題研究三,謝依芸,48235,ChemE7026,524M6030,必修,,,,3 類,,1,,https://course.ntu.edu.tw/courses/114-1/48235
碩士專題研究三,吳台偉,41176,ChemE7026,524M6030,必修,,,,3 類,,1,,https://course.ntu.edu.tw/courses/114-1/41176
碩士專題研究三,余柏毅,28626,ChemE7026,524M6030,必修,,,,3 類,,1,,https://course.ntu.edu.tw/courses/114-1/28626
碩士專題研究三,崔宏瑋,52576,ChemE7026,524M6030,必修,,,,3 類,,1,,https://course.ntu.edu.tw/courses/114-1/52576
碩士專題研究三,歐德理,27873,ChemE7026,524M6030,必修,,,,3 類,,1,,https://course.ntu.edu.tw/courses/114-1/27873
碩士專題研究三,杜育銘,31319,ChemE7026,524M6030,必修,,,,3 類,,1,,https://course.ntu.edu.tw/courses/114-1/31319
碩士論文,,30862,ChemE7999,524M0010,必修,,,,1 類,,0,,https://course.ntu.edu.tw/courses/114-1/30862
博士專題研究,吳乃立,49480,ChemE8001,524D8000,必修,,,,3 類,,1,,https://course.ntu.edu.tw/courses/114-1/49480
博士專題研究,陳立仁,46364,ChemE8001,524D8000,必修,,,,3 類,,1,,https://course.ntu.edu.tw/courses/114-1/46364
博士專題研究,呂宗昕,21321,ChemE8001,524D8000,必修,,,,3 類,,1,,https://course.ntu.edu.tw/courses/114-1/21321
博士專題研究,藍崇文,41453,ChemE8001,524D8000,必修,,,,3 類,,1,,https://course.ntu.edu.tw/courses/114-1/41453
博士專題研究,何國川,48759,ChemE8001,524D8000,必修,,,,3 類,,1,,https://course.ntu.edu.tw/courses/114-1/48759
博士專題研究,陳文章,26032,ChemE8001,524D8000,必修,,,,3 類,,1,,https://course.ntu.edu.tw/courses/114-1/26032
博士專題研究,吳紀聖,32862,ChemE8001,524D8000,必修,,,,3 類,,1,,https://course.ntu.edu.tw/courses/114-1/32862
博士專題研究,蔡偉博,59015,ChemE8001,524D8000,必修,,,,3 類,,1,,https://course.ntu.edu.tw/courses/114-1/59015
博士專題研究,戴子安,43051,ChemE8001,524D8000,必修,,,,3 類,,1,,https://course.ntu.edu.tw/courses/114-1/43051
博士專題研究,林祥泰,33146,ChemE8001,524D8000,必修,,,,3 類,,1,,https://course.ntu.edu.tw/courses/114-1/33146
博士專題研究,徐振哲,50389,ChemE8001,524D8000,必修,,,,3 類,,1,,https://course.ntu.edu.tw/courses/114-1/50389
博士專題研究,吳嘉文,23656,ChemE8001,524D8000,必修,,,,3 類,,1,,https://course.ntu.edu.tw/courses/114-1/23656
博士專題研究,吳哲夫,10238,ChemE8001,524D8000,必修,,,,3 類,,1,,https://course.ntu.edu.tw/courses/114-1/10238
博士專題研究,謝之真,18519,ChemE8001,524D8000,必修,,,,3 類,,1,,https://course.ntu.edu.tw/courses/114-1/18519
博士專題研究,廖英志,16257,ChemE8001,524D8000,必修,,,,3 類,,1,,https://course.ntu.edu.tw/courses/114-1/16257
博士專題研究,陳賢燁,19639,ChemE8001,524D8000,必修,,,,3 類,,1,,https://course.ntu.edu.tw/courses/114-1/19639
博士專題研究,游佳欣,50196,ChemE8001,524D8000,必修,,,,3 類,,1,,https://course.ntu.edu.tw/courses/114-1/50196
博士專題研究,趙  玲,43106,ChemE8001,524D8000,必修,,,,3 類,,1,,https://course.ntu.edu.tw/courses/114-1/43106
博士專題研究,康敦彥,21452,ChemE8001,524D8000,必修,,,,3 類,,1,,https://course.ntu.edu.tw/courses/114-1/21452
博士專題研究,游琇伃,26423,ChemE8001,524D8000,必修,,,,3 類,,1,,https://course.ntu.edu.tw/courses/114-1/26423
博士專題研究,闕居振,43309,ChemE8001,524D8000,必修,,,,3 類,,1,,https://course.ntu.edu.tw/courses/114-1/43309
博士專題研究,游文岳,30493,ChemE8001,524D8000,必修,,,,3 類,,1,,https://course.ntu.edu.tw/courses/114-1/30493
博士專題研究,李奕霈,48704,ChemE8001,524D8000,必修,,,,3 類,,1,,https://course.ntu.edu.tw/courses/114-1/48704
博士專題研究,郭修伯,40023,ChemE8001,524D8000,必修,,,,3 類,,1,,https://course.ntu.edu.tw/courses/114-1/40023
博士專題研究,陳嘉晉,17003,ChemE8001,524D8000,必修,,,,3 類,,1,,https://course.ntu.edu.tw/courses/114-1/17003
博士專題研究,林立強,11757,ChemE8001,524D8000,必修,,,,3 類,,1,,https://course.ntu.edu.tw/courses/114-1/11757
博士專題研究,吳台偉,56003,ChemE8001,524D8000,必修,,,,3 類,,1,,https://course.ntu.edu.tw/courses/114-1/56003
博士專題研究,余柏毅,58109,ChemE8001,524D8000,必修,,,,3 類,,1,,https://course.ntu.edu.tw/courses/114-1/58109
博士專題研究,歐德理,31459,ChemE8001,524D8000,必修,,,,3 類,,1,,https://course.ntu.edu.tw/courses/114-1/31459
博士專題研究,杜育銘,21693,ChemE8001,524D8000,必修,,,,3 類,,1,,https://course.ntu.edu.tw/courses/114-1/21693
博士論文,,50054,ChemE8999,524D0010,必修,,,,1 類,,0,,https://course.ntu.edu.tw/courses/114-1/50054
服務學習甲,蔡  瑜,50818,CHIN0006,101001G0,必修,,一 5,,2 類,,1,,https://course.ntu.edu.tw/courses/114-1/50818
服務學習甲,洪淑苓,23717,CHIN0006,101001G0,必修,,一 6,,2 類,,1,,https://course.ntu.edu.tw/courses/114-1/23717
服務學習乙,黃奕珍,34214,CHIN0007,101001H0,必修,,,,2 類,,1,,https://course.ntu.edu.tw/courses/114-1/34214
服務學習乙,謝佩芬,33269,CHIN0007,101001H0,必修,,,,2 類,,1,,https://course.ntu.edu.tw/courses/114-1/33269
文學概論上,陳昭瑛,49644,CHIN1005,10118101,必帶,,"五 6,7",普202,2 類,,2,,https://course.ntu.edu.tw/courses/114-1/49644
文學概論上,潘少瑜,30729,CHIN1005,10118101,必帶,,"五 6,7",普205,2 類,,2,,https://course.ntu.edu.tw/courses/114-1/30729
語言學概論甲上,巫雪如,45269,CHIN1007,101212A1,必帶,,"三 3,4",普402,2 類,,2,,https://course.ntu.edu.tw/courses/114-1/45269
語言學概論甲上,巫雪如,54695,CHIN1007,101212A1,必帶,,"四 3,4",普202,2 類,,2,,https://course.ntu.edu.tw/courses/114-1/54695
現代詩選上,洪淑苓,12445,CHIN1013,10127701,必修,,"二 6,7",普303,3 類,,2,,https://course.ntu.edu.tw/courses/114-1/12445
音樂作品欣賞一,蔡世豪,46117,CHIN1049,10128310,,,"四 3,4",外教劇場,3 類,,2,,https://course.ntu.edu.tw/courses/114-1/46117
音樂作品欣賞一,蔡世豪,33466,CHIN1049,10128310,,,"四 6,7",外教劇場,3 類,,2,,https://course.ntu.edu.tw/courses/114-1/33466
中國歷史與文化上,楊芳燕,10324,CHIN1067,10114201,必帶,,"五 6,7",綜502,2 類,,2,,https://course.ntu.edu.tw/courses/114-1/10324
近現代文學史上,蔡祝青,59193,CHIN1071,10118701,必修,,"二 6,7",普501,2 類,,2,,https://course.ntu.edu.tw/courses/114-1/59193
大學國文：先秦兩漢文選上,丁  亮,01073,CHIN1083,10181011,必帶,,"一 7,8,9",文18,2 類,,3,,https://course.ntu.edu.tw/courses/114-1/01073
大學國文：先秦兩漢文選上,張素卿,01074,CHIN1083,10181011,必帶,,"一 7,8,9",文16,2 類,,3,,https://course.ntu.edu.tw/courses/114-1/01074
大學國文：文言文導讀上,簡凱廷,01075,CHIN1085,10181021,必帶,,"一 7,8,9",普505,2 類,,3,,https://course.ntu.edu.tw/courses/114-1/01075
臺灣現代詩,劉正忠,14613,CHIN1095,10116890,,,"一 8,9",博雅101/華南講堂,2 類,,2,,https://course.ntu.edu.tw/courses/114-1/14613
人文科技的交響：新趨勢與新素養（一）,鄭毓瑜,49992,CHIN1096,10111230,,,"四 7,8,9",博雅301,2 類,,3,,https://course.ntu.edu.tw/courses/114-1/49992
現代中文及習作上,賴佩暄,48540,CHIN1113,10115801,必帶,,"四 7,8,9",普205,2 類,,3,,https://course.ntu.edu.tw/courses/114-1/48540
漢語語言學,林家妃,52059,CHIN1116,10119790,必帶,,"四 2,3,4",普406,2 類,,3,,https://course.ntu.edu.tw/courses/114-1/52059
金文書法研習與創作,丁  亮,16691,CHIN1119,10119520,選修,,"二 7,8,9",普305,2 類,,3,,https://course.ntu.edu.tw/courses/114-1/16691
文字學乙上,林宏佳,51311,CHIN2001,101211B1,必帶,,"四 3,4",普306,2 類,,2,,https://course.ntu.edu.tw/courses/114-1/51311
文字學乙上,張宇衛,45869,CHIN2001,101211B1,必帶,,"三 3,4",普405,2 類,,2,,https://course.ntu.edu.tw/courses/114-1/45869
中國文學史上,黃奕珍,57221,CHIN2003,10125101,必帶,,"四 7,8,9",普302,2 類,,3,,https://course.ntu.edu.tw/courses/114-1/57221
中國文學史上,吳旻旻,45166,CHIN2003,10125101,必帶,,"四 7,8,9",普303,2 類,,3,,https://course.ntu.edu.tw/courses/114-1/45166
歷代文選及習作上,劉柏正,23025,CHIN2005,10126001,必帶,,"二 3,4",普306,2 類,,2,,https://course.ntu.edu.tw/courses/114-1/23025
歷代文選及習作上,謝佩芬,37334,CHIN2005,10126001,必帶,,"二 5,6",文19,2 類,,2,,https://course.ntu.edu.tw/courses/114-1/37334
詩選及習作甲上,李文鈺,19165,CHIN2007,101271A1,必帶,,"二 8,9",共305,2 類,,2,,https://course.ntu.edu.tw/courses/114-1/19165
詩選及習作甲上,歐麗娟,48061,CHIN2007,101271A1,必帶,,"二 8,9",普202,2 類,,2,,https://course.ntu.edu.tw/courses/114-1/48061
詞選及習作上,劉少雄,38968,CHIN2017,10137401,必修,,"二 8,9",普303,2 類,,2,,https://course.ntu.edu.tw/courses/114-1/38968
小說選上,康韻梅,57688,CHIN2019,10136201,必修,,"四 8,9",普203,2 類,,2,,https://course.ntu.edu.tw/courses/114-1/57688
戲曲選上,汪詩珮,47347,CHIN2021,101373B1,必修,,"五 6,7",普306,2 類,,2,,https://course.ntu.edu.tw/courses/114-1/47347
禮記甲上,黃啟書,27421,CHIN2029,101323A1,必修,,"二 1,2",普205,2 類,,2,,https://course.ntu.edu.tw/courses/114-1/27421
左傳乙上,李隆獻,17687,CHIN2031,101222B1,必修,,"三 8,9",文17,2 類,,2,,https://course.ntu.edu.tw/courses/114-1/17687
史記甲上,張素卿,53572,CHIN2035,101255A1,必修,,"二 3,4",普505,3 類,,2,,https://course.ntu.edu.tw/courses/114-1/53572
莊子甲上,徐聖心,34091,CHIN2037,101332A1,必修,,"二 3,4",普205,2 類,,2,,https://course.ntu.edu.tw/courses/114-1/34091
荀子甲上,陳昭瑛,27194,CHIN2039,101334A1,必修,,"五 8,9",普202,2 類,,2,,https://course.ntu.edu.tw/courses/114-1/27194
楚辭甲上,吳旻旻,29901,CHIN2041,101372A1,必修,,"五 3,4",普204,2 類,,2,,https://course.ntu.edu.tw/courses/114-1/29901
老子甲上,丁  亮,14166,CHIN2123,101331A1,必修,,"一 3,4",普403,3 類,,2,,https://course.ntu.edu.tw/courses/114-1/14166
世說新語上,趙飛鵬,43628,CHIN2143,10136401,必修,,"二 6,7",普304,2 類,,2,,https://course.ntu.edu.tw/courses/114-1/43628
宋詩選讀,黃奕珍,17780,CHIN2158,10138000,選修,,"三 2,3,4",普201,2 類,,3,,https://course.ntu.edu.tw/courses/114-1/17780
華語教學法,魏岫明,45304,CHIN2175,10142200,選修,,"四 3,4,5",普303,2 類,,3,,https://course.ntu.edu.tw/courses/114-1/45304
中國圖書發展史,趙飛鵬,40470,CHIN2179,10144000,選修,,"二 8,9",普304,2 類,,2,,https://course.ntu.edu.tw/courses/114-1/40470
二李詞,劉少雄,57686,CHIN2206,10148800,選修,,"三 3,4,5",普302,2 類,,3,,https://course.ntu.edu.tw/courses/114-1/57686
國學概說上,狄君宏,20161,CHIN2237,10122701,必帶,,"三 3,4",普501,2 類,,2,,https://course.ntu.edu.tw/courses/114-1/20161
文言文進階導讀一,竺靜華,23872,CHIN2275,10124110,選修,,"一 3,4",共202,2 類,,2,,https://course.ntu.edu.tw/courses/114-1/23872
現代文學,李馥名,53832,CHIN2281,10122910,必帶,,"五 2,3,4",普305,2 類,,3,,https://course.ntu.edu.tw/courses/114-1/53832
古文選讀,羅鈴沛,17563,CHIN2283,10122810,必帶,,"二 3,4",共206,2 類,,2,,https://course.ntu.edu.tw/courses/114-1/17563
中國文學史上,葉叡宸,10471,CHIN2285,10125111,必帶,,"四 5,6",普403,2 類,,2,,https://course.ntu.edu.tw/courses/114-1/10471
先秦儒學,伍振勳,39751,CHIN2288,10124020,選修,,"五 3,4",普403,2 類,,2,,https://course.ntu.edu.tw/courses/114-1/39751
聲韻學甲上,李存智,16212,CHIN3001,101311A1,必帶,,"一 3,4",普201,2 類,,2,,https://course.ntu.edu.tw/courses/114-1/16212
聲韻學甲上,徐芳敏,38063,CHIN3001,101311A1,必帶,,"一 3,4",文17,2 類,,2,,https://course.ntu.edu.tw/courses/114-1/38063
中國思想史上,蔡振豐,45878,CHIN3003,10141201,必帶,,"三 2,3,4",普403,2 類,,3,,https://course.ntu.edu.tw/courses/114-1/45878
中國思想史上,徐聖心,58824,CHIN3003,10141201,必帶,,"三 2,3,4",普303,2 類,,3,,https://course.ntu.edu.tw/courses/114-1/58824
中國文學史二上,劉柏正,35134,CHIN3009,10125221,必帶,,"四 6,7",普305,2 類,,2,,https://course.ntu.edu.tw/courses/114-1/35134
歷代詩選上,佘筠珺,53031,CHIN3019,10134001,必帶,,"二 3,4",普401,2 類,,2,,https://course.ntu.edu.tw/courses/114-1/53031
文學編輯的當代型態與數位實作,高嘉謙,44473,CHIN3037,10130010,選修,,"一 7,8,9",新201,2 類,,3,,https://course.ntu.edu.tw/courses/114-1/44473
二晏詞,卓清芬,41598,CHIN3045,10139510,選修,,"五 3,4",普404,2 類,,2,,https://course.ntu.edu.tw/courses/114-1/41598
明清詩選讀,曹淑娟,26186,CHIN3047,10134520,選修,,"一 7,8,9",博雅312,3 類,,3,,https://course.ntu.edu.tw/courses/114-1/26186
宋元詩畫,佘筠珺,23325,CHIN3059,10135610,選修,,"二 8,9",普301,1 類,,2,,https://course.ntu.edu.tw/courses/114-1/23325
訓詁學上,張宇衛,59898,CHIN4001,10141101,必帶,,"四 3,4",普502,2 類,,2,,https://course.ntu.edu.tw/courses/114-1/59898
孫子兵法,何澤恒,22846,CHIN4013,10140400,選修,,"三 7,8,9",文18,2 類,,3,,https://course.ntu.edu.tw/courses/114-1/22846
中國思想概說上,林永勝,22429,CHIN4019,10145601,必帶,,"一 3,4",共206,2 類,,2,,https://course.ntu.edu.tw/courses/114-1/22429
佛典導讀,羅鈴沛,54644,CHIN4066,10148010,選修,,"一 7,8,9",共404,2 類,,3,,https://course.ntu.edu.tw/courses/114-1/54644
世紀末文學與文化,潘少瑜,11370,CHIN4067,10145210,選修,,"二 7,8,9",普204,2 類,,3,,https://course.ntu.edu.tw/courses/114-1/11370
近現代文學批評（二）：跨文化的視野,潘少瑜,45809,CHIN4069,10145320,選修,,"四 7,8,9",普306,2 類,,3,,https://course.ntu.edu.tw/courses/114-1/45809
東亞文明：文學、思想、歷史,高嘉謙,10346,CHIN4077,10140930,必修 / 選修,,"一 3,4,5",普305,2 類,,3,,https://course.ntu.edu.tw/courses/114-1/10346
佛教敘事文選讀,簡凱廷,11881,CHIN4078,10148020,選修,,"二 6,7",普402,2 類,,2,,https://course.ntu.edu.tw/courses/114-1/11881
元明南戲賞析,吳秀卿,30397,CHIN4079,10147120,選修,,"五 2,3,4",普205,2 類,,3,,https://course.ntu.edu.tw/courses/114-1/30397
初級臺灣客語,楊名龍,28602,CHIN4097,10142900,選修,,"一 6,7",普306,2 類,,2,,https://course.ntu.edu.tw/courses/114-1/28602
歐陽修文,方  介,21828,CHIN4913,10146100,選修,,"五 7,8,9",文18,2 類,,3,,https://course.ntu.edu.tw/courses/114-1/21828
滿文一,莊吉發,27802,CHIN5007,10151510,選修,,"五 6,7",文19,2 類,,2,,https://course.ntu.edu.tw/courses/114-1/27802
滿文三,莊吉發,50049,CHIN5009,10151530,選修,,"五 8,9",文19,2 類,,2,,https://course.ntu.edu.tw/courses/114-1/50049
蒙文一,蕭素英,32876,CHIN5035,10151110,選修,,"二 3,4",共104,2 類,,2,,https://course.ntu.edu.tw/courses/114-1/32876
聊齋誌異選,陳翠英,34726,CHIN5068,10153700,選修,,"一 8,9",普304,2 類,,2,,https://course.ntu.edu.tw/courses/114-1/34726
臺灣閩南語一,林貝珊,29555,CHIN5071,10153900,選修,,"四 3,4",普505,2 類,,2,,https://course.ntu.edu.tw/courses/114-1/29555
臺灣閩南語一,林貝珊,13204,CHIN5071,10153900,選修,,"五 3,4",普306,2 類,,2,,https://course.ntu.edu.tw/courses/114-1/13204
神話與文學,李文鈺,38634,CHIN5092,10155600,選修,,"四 7,8,9",普402,2 類,,3,,https://course.ntu.edu.tw/courses/114-1/38634
蒙文（三）,蕭素英,19584,CHIN5106,10151130,選修,,"二 6,7",共104,2 類,,2,,https://course.ntu.edu.tw/courses/114-1/19584
基礎藏文文法,廖本聖,28600,CHIN5109,10151460,選修,,"四 7,8",新503,3 類,,2,,https://course.ntu.edu.tw/courses/114-1/28600
魏晉玄學問題討論,蔡振豐,16328,CHIN7060,121M0480,選修,,"二 2,3,4",中文研討,2 類,,3,,https://course.ntu.edu.tw/courses/114-1/16328
專題研究,曹淑娟,43220,CHIN7321,121M0930,選修,,,,2 類,,1,,https://course.ntu.edu.tw/courses/114-1/43220
專題研究,康韻梅,30685,CHIN7321,121M0930,選修,,,,2 類,,1,,https://course.ntu.edu.tw/courses/114-1/30685
專題研究,蔡  瑜,56402,CHIN7321,121M0930,選修,,,,2 類,,1,,https://course.ntu.edu.tw/courses/114-1/56402
專題研究,謝佩芬,39866,CHIN7321,121M0930,選修,,,,2 類,,1,,https://course.ntu.edu.tw/courses/114-1/39866
專題研究,劉少雄,41891,CHIN7321,121M0930,選修,,,,2 類,,1,,https://course.ntu.edu.tw/courses/114-1/41891
專題研究,歐麗娟,39271,CHIN7321,121M0930,選修,,,,2 類,,1,,https://course.ntu.edu.tw/courses/114-1/39271
專題研究,陳昭瑛,12195,CHIN7321,121M0930,選修,,,,2 類,,1,,https://course.ntu.edu.tw/courses/114-1/12195
專題研究,李存智,56760,CHIN7321,121M0930,選修,,,,2 類,,1,,https://course.ntu.edu.tw/courses/114-1/56760
專題研究,劉正忠,23787,CHIN7321,121M0930,選修,,,,2 類,,1,,https://course.ntu.edu.tw/courses/114-1/23787
專題研究,梅家玲,24661,CHIN7321,121M0930,選修,,,,2 類,,1,,https://course.ntu.edu.tw/courses/114-1/24661
專題研究,吳旻旻,48310,CHIN7321,121M0930,選修,,,,2 類,,1,,https://course.ntu.edu.tw/courses/114-1/48310
專題研究,高嘉謙,36731,CHIN7321,121M0930,選修,,,,2 類,,1,,https://course.ntu.edu.tw/courses/114-1/36731
專題研究,劉文清,42047,CHIN7321,121M0930,選修,,,,2 類,,1,,https://course.ntu.edu.tw/courses/114-1/42047
專題研究,林宏佳,15887,CHIN7321,121M0930,選修,,,,2 類,,1,,https://course.ntu.edu.tw/courses/114-1/15887
專題研究,楊芳燕,39517,CHIN7321,121M0930,選修,,,,2 類,,1,,https://course.ntu.edu.tw/courses/114-1/39517
專題研究,汪詩珮,35652,CHIN7321,121M0930,選修,,,,2 類,,1,,https://course.ntu.edu.tw/courses/114-1/35652
專題研究,伍振勳,26860,CHIN7321,121M0930,選修,,,,2 類,,1,,https://course.ntu.edu.tw/courses/114-1/26860
專題研究,潘少瑜,56590,CHIN7321,121M0930,選修,,,,2 類,,1,,https://course.ntu.edu.tw/courses/114-1/56590
漢語音韻專題二,李存智,51456,CHIN7330,121M4090,選修,,"二 2,3,4",博雅312,2 類,,3,,https://course.ntu.edu.tw/courses/114-1/51456
尚書研究上,蔣秋華,51039,CHIN7375,121M3161,選修,,"三 8,9",文16,2 類,,2,,https://course.ntu.edu.tw/courses/114-1/51039
佛教文學專題,蕭麗華,12143,CHIN7412,121M2910,選修,,"五 2,3,4",文17,2 類,,3,,https://course.ntu.edu.tw/courses/114-1/12143
先秦道家系譜專題,徐聖心,49897,CHIN7436,121M3340,選修,,"四 2,3,4",博雅311,2 類,,3,,https://course.ntu.edu.tw/courses/114-1/49897
晚明文學專題,曹淑娟,38213,CHIN7466,121M2630,選修,,"四 7,8,9",文18,2 類,,3,,https://course.ntu.edu.tw/courses/114-1/38213
中國近三百年文學史專題(一),梅家玲,19242,CHIN7474,121M6140,選修,,"一 6,7,8",中文研討,2 類,,3,,https://course.ntu.edu.tw/courses/114-1/19242
近世東亞佛教文化專題研究,廖肇亨,52596,CHIN7506,121M3680,選修,,"二 2,3,4",文19,2 類,,3,,https://course.ntu.edu.tw/courses/114-1/52596
宋代記體文專題,謝佩芬,40672,CHIN7536,121M4220,選修,,"二 7,8,9",文19,2 類,,3,,https://course.ntu.edu.tw/courses/114-1/40672
六朝文史資料專題,張蓓蓓,29375,CHIN7537,121M1690,選修,,"四 3,4",文19,3 類,,2,,https://course.ntu.edu.tw/courses/114-1/29375
韓國的中國戲劇研究與舞台實踐,吳秀卿,45553,CHIN7538,121M0750,選修,,"五 7,8,9",博雅312,2 類,,3,,https://course.ntu.edu.tw/courses/114-1/45553
中國近三百年學術史專題(一),曹美秀,31856,CHIN7539,121M1530,選修,,"一 2,3,4",中文研討,2 類,,3,,https://course.ntu.edu.tw/courses/114-1/31856
碩士論文,,25829,CHIN7999,121M0010,必修,,,,1 類,,0,,https://course.ntu.edu.tw/courses/114-1/25829
大學國文：文學鑑賞與寫作（一）,張宇衛,01001,CHIN8012,10180110,必修,,"五 7,8,9",普405,3 類,,3,,https://course.ntu.edu.tw/courses/114-1/01001
大學國文：文學鑑賞與寫作（一）,陳雀倩,01002,CHIN8012,10180110,必修,,"五 7,8,9",普403,3 類,,3,,https://course.ntu.edu.tw/courses/114-1/01002
大學國文：文學鑑賞與寫作（一）,吳佩熏,01003,CHIN8012,10180110,必修,,"五 7,8,9",普201,3 類,,3,,https://course.ntu.edu.tw/courses/114-1/01003
大學國文：文學鑑賞與寫作（一）,李文鈺,01004,CHIN8012,10180110,必修,,"五 7,8,9",共402,3 類,,3,,https://course.ntu.edu.tw/courses/114-1/01004
大學國文：文學鑑賞與寫作（一）,康韻梅,01005,CHIN8012,10180110,必修,,"五 7,8,9",普301,3 類,,3,,https://course.ntu.edu.tw/courses/114-1/01005
大學國文：文學鑑賞與寫作（一）,陳建男,01008,CHIN8012,10180110,必修,,"一 1,2 / 四 1,2",普201,3 類,,3,,https://course.ntu.edu.tw/courses/114-1/01008
大學國文：文學鑑賞與寫作（一）,李存智,01009,CHIN8012,10180110,必修,,"一 7,8,9",普305,3 類,,3,,https://course.ntu.edu.tw/courses/114-1/01009
大學國文：文學鑑賞與寫作（一）,蔡  瑜,01010,CHIN8012,10180110,必修,,"一 7,8,9",普301,3 類,,3,,https://course.ntu.edu.tw/courses/114-1/01010
大學國文：文學鑑賞與寫作（一）,洪淑苓,01011,CHIN8012,10180110,必修,,"一 7,8,9",普303,3 類,,3,,https://course.ntu.edu.tw/courses/114-1/01011
大學國文：文學鑑賞與寫作（一）,蔡佩含,01012,CHIN8012,10180110,必修,,"一 7,8,9",普403,3 類,,3,,https://course.ntu.edu.tw/courses/114-1/01012
大學國文：文學鑑賞與寫作（一）,蔡祝青,01013,CHIN8012,10180110,必修,,"一 7,8,9",普401,3 類,,3,,https://course.ntu.edu.tw/courses/114-1/01013
大學國文：文學鑑賞與寫作（一）,劉柏正,01014,CHIN8012,10180110,必修,,"一 7,8,9",普404,3 類,,3,,https://course.ntu.edu.tw/courses/114-1/01014
大學國文：文學鑑賞與寫作（一）,王士銓,01015,CHIN8012,10180110,必修,,"一 7,8,9",共102,3 類,,3,,https://course.ntu.edu.tw/courses/114-1/01015
大學國文：文學鑑賞與寫作（一）,潘少瑜,01016,CHIN8012,10180110,必修,,"一 7,8,9",普405,3 類,,3,,https://course.ntu.edu.tw/courses/114-1/01016
大學國文：文學鑑賞與寫作（一）,陳建男,01017,CHIN8012,10180110,必修,,"一 7,8,9",新504,3 類,,3,,https://course.ntu.edu.tw/courses/114-1/01017
大學國文：文學鑑賞與寫作（一）,歐麗娟,01018,CHIN8012,10180110,必修,,"四 7,8,9",普401,3 類,,3,,https://course.ntu.edu.tw/courses/114-1/01018
大學國文：文學鑑賞與寫作（一）,賴佩暄,01019,CHIN8012,10180110,必修,,"二 8,9,10",普406,3 類,,3,,https://course.ntu.edu.tw/courses/114-1/01019
大學國文：文學鑑賞與寫作（一）,高嘉謙,01020,CHIN8012,10180110,必修,,"二 8,9,10",普205,3 類,,3,,https://course.ntu.edu.tw/courses/114-1/01020
大學國文：文學鑑賞與寫作（一）,葉常泓,01022,CHIN8012,10180110,必修,,"一 3,4,5",普202,3 類,,3,,https://course.ntu.edu.tw/courses/114-1/01022
大學國文：文學鑑賞與寫作（一）,賴佩暄,01023,CHIN8012,10180110,必修,,"一 3,4,5",普503,3 類,,3,,https://course.ntu.edu.tw/courses/114-1/01023
大學國文：文學鑑賞與寫作（一）,楊芳燕,01024,CHIN8012,10180110,必修,,"二 3,4,5",新501,3 類,,3,,https://course.ntu.edu.tw/courses/114-1/01024
大學國文：文學鑑賞與寫作（一）,劉少雄,01025,CHIN8012,10180110,必修,,"二 3,4,5",普302,3 類,,3,,https://course.ntu.edu.tw/courses/114-1/01025
大學國文：文學鑑賞與寫作（一）,汪詩珮,01026,CHIN8012,10180110,必修,,"二 3,4,5",新401,3 類,,3,,https://course.ntu.edu.tw/courses/114-1/01026
大學國文：文學鑑賞與寫作（一）,張斯翔,01027,CHIN8012,10180110,必修,,"三 7,8,9",普403,3 類,,3,,https://course.ntu.edu.tw/courses/114-1/01027
大學國文：文化思想與寫作（一）,曹美秀,01028,CHIN8014,10180120,必修,,"五 7,8,9",普304,3 類,,3,,https://course.ntu.edu.tw/courses/114-1/01028
大學國文：文化思想與寫作（一）,侯潔之,01029,CHIN8014,10180120,必修,,"五 7,8,9",普305,3 類,,3,,https://course.ntu.edu.tw/courses/114-1/01029
大學國文：文化思想與寫作（一）,姜義泰,01030,CHIN8014,10180120,必修,,"五 7,8,9",普406,3 類,,3,,https://course.ntu.edu.tw/courses/114-1/01030
大學國文：文化思想與寫作（一）,林家妃,01031,CHIN8014,10180120,必修,,"五 7,8,9",普501,3 類,,3,,https://course.ntu.edu.tw/courses/114-1/01031
大學國文：文化思想與寫作（一）,梁偉賢,01032,CHIN8014,10180120,必修,,"五 7,8,9",普303,3 類,,3,,https://course.ntu.edu.tw/courses/114-1/01032
大學國文：文化思想與寫作（一）,黃啟書,01033,CHIN8014,10180120,必修,,"一 7,8,9",普402,3 類,,3,,https://course.ntu.edu.tw/courses/114-1/01033
大學國文：文化思想與寫作（一）,趙飛鵬,01034,CHIN8014,10180120,必修,,"一 7,8,9",普205,3 類,,3,,https://course.ntu.edu.tw/courses/114-1/01034
大學國文：文化思想與寫作（一）,林永勝,01035,CHIN8014,10180120,必修,,"一 7,8,9",普504,3 類,,3,,https://course.ntu.edu.tw/courses/114-1/01035
大學國文：文化思想與寫作（一）,賴思妤,01036,CHIN8014,10180120,必修,,"一 7,8,9",共202,3 類,,3,,https://course.ntu.edu.tw/courses/114-1/01036
大學國文：文化思想與寫作（一）,伍振勳,01039,CHIN8014,10180120,必修,,"四 7,8,9",普406,3 類,,3,,https://course.ntu.edu.tw/courses/114-1/01039
大學國文：文化思想與寫作（一）,羅鈴沛,01040,CHIN8014,10180120,必修,,"四 7,8,9",共302,3 類,,3,,https://course.ntu.edu.tw/courses/114-1/01040
大學國文：文化思想與寫作（一）,梁偉賢,01041,CHIN8014,10180120,必修,,"四 7,8,9",普304,3 類,,3,,https://course.ntu.edu.tw/courses/114-1/01041
大學國文：文化思想與寫作（一）,史甄陶,01042,CHIN8014,10180120,必修,,"二 8,9,10",共404,3 類,,3,,https://course.ntu.edu.tw/courses/114-1/01042
大學國文：文化思想與寫作（一）,賴昶亘,01043,CHIN8014,10180120,必修,,"二 8,9,10",普501,3 類,,3,,https://course.ntu.edu.tw/courses/114-1/01043
大學國文：文化思想與寫作（一）,史甄陶,01044,CHIN8014,10180120,必修,,"二 3,4,5",新504,3 類,,3,,https://course.ntu.edu.tw/courses/114-1/01044
大學國文：文化思想與寫作（一）,賴昶亘,01045,CHIN8014,10180120,必修,,"三 7,8,9",普306,3 類,,3,,https://course.ntu.edu.tw/courses/114-1/01045
大學國文：閱讀與寫作（一）,林宏佳,01046,CHIN8016,10180130,必修,,"五 7,8,9",普404,3 類,,3,,https://course.ntu.edu.tw/courses/114-1/01046
大學國文：閱讀與寫作（一）,蔡瑩瑩,01047,CHIN8016,10180130,必修,,"五 7,8,9",普203,3 類,,3,,https://course.ntu.edu.tw/courses/114-1/01047
大學國文：閱讀與寫作（一）,吳曉昀,01048,CHIN8016,10180130,必修,,"一 1,2 / 四 1,2",普402,3 類,,3,,https://course.ntu.edu.tw/courses/114-1/01048
大學國文：閱讀與寫作（一）,沈芳如,01049,CHIN8016,10180130,必修,,"一 1,2 / 四 1,2",普204,3 類,,3,,https://course.ntu.edu.tw/courses/114-1/01049
大學國文：閱讀與寫作（一）,羅聖堡,01050,CHIN8016,10180130,必修,,"一 7,8,9",共406,3 類,,3,,https://course.ntu.edu.tw/courses/114-1/01050
大學國文：閱讀與寫作（一）,李馥名,01051,CHIN8016,10180130,必修,,"一 7,8,9",普501,3 類,,3,,https://course.ntu.edu.tw/courses/114-1/01051
大學國文：閱讀與寫作（一）,楊晉綺,01052,CHIN8016,10180130,必修,,"四 7,8,9",共203,3 類,,3,,https://course.ntu.edu.tw/courses/114-1/01052
大學國文：閱讀與寫作（一）,簡凱廷,01053,CHIN8016,10180130,必修,,"二 8,9,10",普403,3 類,,3,,https://course.ntu.edu.tw/courses/114-1/01053
大學國文：閱讀與寫作（一）,黃啟書,01054,CHIN8016,10180130,必修,,"二 8,9,10",普502,3 類,,3,,https://course.ntu.edu.tw/courses/114-1/01054
大學國文：閱讀與寫作（一）,佘筠珺,95001,CHIN8016,10180130,必修,,"一 3,4,5",普302,3 類,,3,,https://course.ntu.edu.tw/courses/114-1/95001
大學國文：閱讀與寫作（一）,許育嘉,01055,CHIN8016,10180130,必修,,"二 3,4,5",普504,3 類,,3,,https://course.ntu.edu.tw/courses/114-1/01055
大學國文：閱讀與寫作（一）,魏千鈞,01056,CHIN8016,10180130,必修,,"三 7,8,9",普305,3 類,,3,,https://course.ntu.edu.tw/courses/114-1/01056
大學國文：閱讀與寫作（一）,林貝珊,01057,CHIN8016,10180130,必修,,"三 7,8,9",普204,3 類,,3,,https://course.ntu.edu.tw/courses/114-1/01057
大學國文：閱讀與寫作（一）,許育嘉,01058,CHIN8016,10180130,必修,,"三 7,8,9",新402,3 類,,3,,https://course.ntu.edu.tw/courses/114-1/01058
大學國文：進階語文上,葉叡宸,01059,CHIN8018,10181111,必修,,"五 7,8,9",普505,3 類,,3,,https://course.ntu.edu.tw/courses/114-1/01059
大學國文：進階語文上,尹子玉,01060,CHIN8018,10181111,必修,,"五 7,8,9",普401,3 類,,3,,https://course.ntu.edu.tw/courses/114-1/01060
大學國文：進階語文上,蕭旭府,01061,CHIN8018,10181111,必修,,"一 1,2 / 四 1,2",新201,3 類,,3,,https://course.ntu.edu.tw/courses/114-1/01061
大學國文：進階語文上,黃  翔,01062,CHIN8018,10181111,必修,,"一 1,2 / 四 1,2",普503,3 類,,3,,https://course.ntu.edu.tw/courses/114-1/01062
大學國文：進階語文上,黃文儀,01063,CHIN8018,10181111,必修,,"一 7,8,9",新502,3 類,,3,,https://course.ntu.edu.tw/courses/114-1/01063
大學國文：進階語文上,吳潔盈,01064,CHIN8018,10181111,必修,,"一 7,8,9",共307,3 類,,3,,https://course.ntu.edu.tw/courses/114-1/01064
大學國文：中階語文上,狄君宏,01065,CHIN8020,10181121,必修,,"五 7,8,9",普504,3 類,,3,,https://course.ntu.edu.tw/courses/114-1/01065
大學國文：初階語文上,李天祥,01069,CHIN8022,10181131,必修,,"三 A,B,C",普201,2 類,,3,,https://course.ntu.edu.tw/courses/114-1/01069
大學國文：初階語文上,魏千鈞,01070,CHIN8022,10181131,必修,,"三 A,B,C",普203,2 類,,3,,https://course.ntu.edu.tw/courses/114-1/01070
大學國文：初階語文上,黃國華,01071,CHIN8022,10181131,必修,,"三 A,B,C",普301,2 類,,3,,https://course.ntu.edu.tw/courses/114-1/01071
大學國文：初階語文上,李松駿,01072,CHIN8022,10181131,必修,,"三 A,B,C",普306,2 類,,3,,https://course.ntu.edu.tw/courses/114-1/01072
博士論文,,45532,CHIN8999,121D0010,選修,,,,1 類,,0,,https://course.ntu.edu.tw/courses/114-1/45532
服務學習甲,陶默德,41435,CIE0006,501001G0,必修,,三 6,,2 類,,1,,https://course.ntu.edu.tw/courses/114-1/41435
服務學習甲,陶默德,29415,CIE0006,501001G0,必修,,五 6,,2 類,,1,,https://course.ntu.edu.tw/courses/114-1/29415
服務學習乙,謝依芸,10696,CIE0007,501001H0,必修,,,,2 類,,1,,https://course.ntu.edu.tw/courses/114-1/10696
服務學習乙,黃尹男,17899,CIE0007,501001H0,必修,,"一 A,B",土研405,2 類,,1,,https://course.ntu.edu.tw/courses/114-1/17899
工程圖學,謝尚賢,32357,CIE1005,50110600,必修,,"五 2,3,4",新401,2 類,,2,,https://course.ntu.edu.tw/courses/114-1/32357
工程圖學,陶默德,56335,CIE1005,50110600,必修,,"五 2,3,4",新403,2 類,,2,,https://course.ntu.edu.tw/courses/114-1/56335
工程圖學,謝依芸,33549,CIE1005,50110600,必修,,"五 2,3,4",新402,2 類,,2,,https://course.ntu.edu.tw/courses/114-1/33549
工程圖學,陶默德,10060,CIE1005,50110600,選修,,"二 6,7,8",,2 類,,2,,https://course.ntu.edu.tw/courses/114-1/10060
測量學一,蔡亞倫,39613,CIE1010,50117010,必修,,"二 6,7",普202,2 類,,2,,https://course.ntu.edu.tw/courses/114-1/39613
測量學一,趙鍵哲,29671,CIE1010,50117010,必修,,"二 6,7",普203,2 類,,2,,https://course.ntu.edu.tw/courses/114-1/29671
土木工程概念設計,詹瀅潔,45884,CIE1012,50110520,必修,,"三 2,3,4",土研407,2 類,,2,,https://course.ntu.edu.tw/courses/114-1/45884
土木工程概念設計,柯俊宇,21447,CIE1012,50110520,必修,,"三 2,3,4",,2 類,,2,,https://course.ntu.edu.tw/courses/114-1/21447
土木工程概念設計,郭安妮,55847,CIE1012,50110520,必修,,"三 7,8,9",土研407,2 類,,2,,https://course.ntu.edu.tw/courses/114-1/55847
土木工程概念設計,黃世勳,56924,CIE1012,50110520,必修,,"三 7,8,9",,2 類,,2,,https://course.ntu.edu.tw/courses/114-1/56924
土木工程概念設計,卡艾瑋,52528,CIE1012,50110520,必修,,"五 7,8,9",土研407,2 類,,2,,https://course.ntu.edu.tw/courses/114-1/52528
土木工程概念設計,陳慈愔,21570,CIE1012,50110520,必修,,"五 7,8,9",,2 類,,2,,https://course.ntu.edu.tw/courses/114-1/21570
應用力學1,陶默德,57966,CIE1013,50111010,必修,,"二 3,4",普303,2 類,,2,,https://course.ntu.edu.tw/courses/114-1/57966
應用力學1,林偲妘,23839,CIE1013,50111010,必修,,"二 3,4",普404,2 類,,2,,https://course.ntu.edu.tw/courses/114-1/23839
應用力學1,張家銘,27975,CIE1013,50111010,必修,,"二 3,4",普403,2 類,,2,,https://course.ntu.edu.tw/courses/114-1/27975
工程數學1,陶默德,59247,CIE1015,50112010,必修,,"四 3,4",普402,2 類,,2,,https://course.ntu.edu.tw/courses/114-1/59247
工程數學1,張書瑋,46501,CIE1015,50112010,必修,,"四 3,4",新505,2 類,,2,,https://course.ntu.edu.tw/courses/114-1/46501
工程數學1,科  林,27080,CIE1015,50112010,必修,,"四 3,4",普504,2 類,,2,,https://course.ntu.edu.tw/courses/114-1/27080
工程統計學,朱致遠,54304,CIE2011,50123200,必修,,"三 2,3,4",新402,2 類,,3,,https://course.ntu.edu.tw/courses/114-1/54304
工程統計學,卿建業,40323,CIE2011,50123200,必修,,"二 2,3,4",土224,2 類,,3,,https://course.ntu.edu.tw/courses/114-1/40323
工程統計學,陳柏華,26503,CIE2011,50123200,必修,,"三 2,3,4",普406,2 類,,3,,https://course.ntu.edu.tw/courses/114-1/26503
運輸工程,賴勇成,55341,CIE2013,50125010,必修,,"三 7,8,9",綜603,2 類,,3,,https://course.ntu.edu.tw/courses/114-1/55341
運輸工程,陳彥向,42208,CIE2013,50125010,必修,,"三 7,8,9",普503,2 類,,3,,https://course.ntu.edu.tw/courses/114-1/42208
運輸工程,許聿廷,57630,CIE2013,50125010,必修,,"三 7,8,9",普504,2 類,,3,,https://course.ntu.edu.tw/courses/114-1/57630
測量實習,蔡亞倫,44158,CIE2016,50127120,必修,,"三 2,3,4",土220,2 類,,1,,https://course.ntu.edu.tw/courses/114-1/44158
測量實習,蔡亞倫,55316,CIE2016,50127120,必修,,"三 6,7,8",普205,2 類,,1,,https://course.ntu.edu.tw/courses/114-1/55316
測量實習,趙鍵哲,22051,CIE2016,50127120,必修,,"五 6,7,8",普402,2 類,,1,,https://course.ntu.edu.tw/courses/114-1/22051
測量實習,趙鍵哲,58732,CIE2016,50127120,必修,,"一 2,3,4",綜201,2 類,,1,,https://course.ntu.edu.tw/courses/114-1/58732
工程數學3,陶默德,11480,CIE2021,50122010,必修,,"一 6,7",普201,2 類,,2,,https://course.ntu.edu.tw/courses/114-1/11480
工程數學3,張書瑋,33882,CIE2021,50122010,必修,,"一 6,7",新103,2 類,,2,,https://course.ntu.edu.tw/courses/114-1/33882
工程數學3,詹益齊,21495,CIE2021,50122010,必修,,"一 6,7",新405,2 類,,2,,https://course.ntu.edu.tw/courses/114-1/21495
原型實踐B,吳東諭,51386,CIE2027,50128220,選修,,"五 2,3,4",土研405,2 類,,2,,https://course.ntu.edu.tw/courses/114-1/51386
結構學與流體力學實驗,賴晉達,31318,CIE3005,50132060,必修,,"一 7,8,9",,2 類,,1,,https://course.ntu.edu.tw/courses/114-1/31318
結構學與流體力學實驗,胡瑋秀,39042,CIE3005,50132060,必修,,"二 6,7,8",,2 類,,1,,https://course.ntu.edu.tw/courses/114-1/39042
結構學與流體力學實驗,蔡克銓,31861,CIE3005,50132060,必修,,"四 2,3,4",,2 類,,1,,https://course.ntu.edu.tw/courses/114-1/31861
結構學與流體力學實驗,黃世勳,45540,CIE3005,50132060,必修,,"一 7,8,9",,2 類,,1,,https://course.ntu.edu.tw/courses/114-1/45540
結構學與流體力學實驗,劉格非,35233,CIE3005,50132060,必修,,"二 6,7,8",,2 類,,1,,https://course.ntu.edu.tw/courses/114-1/35233
結構學與流體力學實驗,何昊哲,31188,CIE3005,50132060,必修,,"四 2,3,4",,2 類,,1,,https://course.ntu.edu.tw/courses/114-1/31188
鋼筋混凝土學,黃世建,36485,CIE3009,50132320,必修,,"一 2,3,4",普505,2 類,,3,,https://course.ntu.edu.tw/courses/114-1/36485
鋼筋混凝土學,胡瑋秀,48890,CIE3009,50132320,必修,,"一 2,3,4",新304,2 類,,3,,https://course.ntu.edu.tw/courses/114-1/48890
鋼筋混凝土學,歐昱辰,18560,CIE3009,50132320,必修,,"一 2,3,4",新202,2 類,,3,,https://course.ntu.edu.tw/courses/114-1/18560
水文學,施上粟,32571,CIE3011,50132900,必修,,"二 2,3,4",普305,2 類,,3,,https://course.ntu.edu.tw/courses/114-1/32571
水文學,游景雲,18310,CIE3011,50132900,必修,,"二 2,3,4",新503,2 類,,3,,https://course.ntu.edu.tw/courses/114-1/18310
水文學,蔡宛珊,24126,CIE3011,50132900,必修,,"二 2,3,4",新402,2 類,,3,,https://course.ntu.edu.tw/courses/114-1/24126
基礎工程,郭安妮,47355,CIE3028,50136210,必修,,"三 5 / 五 2,3,4",普405,2 類,,3,,https://course.ntu.edu.tw/courses/114-1/47355
人與環境關係導論,邱啟新,13616,CIE3032,50139400,選修,,"四 2,3,4",新202,3 類,,3,,https://course.ntu.edu.tw/courses/114-1/13616
工程地質與應用,林銘郎,32618,CIE3038,50139960,選修,,"二 7,8,9",土220,2 類,,3,,https://course.ntu.edu.tw/courses/114-1/32618
工程與法律,曾惠斌,41275,CIE3043,50138030,必修,,"二 7,8,9",新502,2 類,,3,,https://course.ntu.edu.tw/courses/114-1/41275
土木工程設計實務,卡艾瑋,48705,CIE3048,50134130,必修,,"三 A,B,C",土研407,2 類,,3,,https://course.ntu.edu.tw/courses/114-1/48705
鋼結構設計,蔡克銓,27547,CIE4001,50140200,必修,,"一 7,8,9",新304,2 類,,3,,https://course.ntu.edu.tw/courses/114-1/27547
學士論文上,吳東諭,29941,CIE4998,50149501,選修,,,,2 類,,1,,https://course.ntu.edu.tw/courses/114-1/29941
學士論文上,周中哲,37743,CIE4998,50149501,選修,,,,2 類,,1,,https://course.ntu.edu.tw/courses/114-1/37743
學士論文上,柯俊宇,11584,CIE4998,50149501,選修,,,,2 類,,1,,https://course.ntu.edu.tw/courses/114-1/11584
學士論文上,胡瑋秀,31356,CIE4998,50149501,選修,,,,2 類,,1,,https://course.ntu.edu.tw/courses/114-1/31356
學士論文上,張家銘,31023,CIE4998,50149501,選修,,,,2 類,,1,,https://course.ntu.edu.tw/courses/114-1/31023
學士論文上,黃尹男,56131,CIE4998,50149501,選修,,,,2 類,,1,,https://course.ntu.edu.tw/courses/114-1/56131
學士論文上,施上粟,57471,CIE4998,50149501,選修,,,,2 類,,1,,https://course.ntu.edu.tw/courses/114-1/57471
學士論文上,蔡宛珊,27766,CIE4998,50149501,選修,,,,2 類,,1,,https://course.ntu.edu.tw/courses/114-1/27766
學士論文上,陳柏華,40001,CIE4998,50149501,選修,,,,2 類,,1,,https://course.ntu.edu.tw/courses/114-1/40001
學士論文上,林之謙,58389,CIE4998,50149501,選修,,,,2 類,,1,,https://course.ntu.edu.tw/courses/114-1/58389
學士論文上,林偲妘,23031,CIE4998,50149501,選修,,,,2 類,,1,,https://course.ntu.edu.tw/courses/114-1/23031
學士論文上,曾惠斌,22818,CIE4998,50149501,選修,,,,2 類,,1,,https://course.ntu.edu.tw/courses/114-1/22818
學士論文上,詹瀅潔,22069,CIE4998,50149501,選修,,,,2 類,,1,,https://course.ntu.edu.tw/courses/114-1/22069
學士論文上,陳俊杉,44113,CIE4998,50149501,選修,,,,2 類,,1,,https://course.ntu.edu.tw/courses/114-1/44113
學士論文上,謝依芸,54441,CIE4998,50149501,選修,,,,2 類,,1,,https://course.ntu.edu.tw/courses/114-1/54441
彈性力學一,劉立偉,56716,CIE5005,521U0100,選修,,"一 2,3,4",新501,3 類,,3,,https://course.ntu.edu.tw/courses/114-1/56716
明渠水力學,卡艾瑋,20445,CIE5011,521U0570,必修,,"一 7,8,9",土研401,2 類,,3,,https://course.ntu.edu.tw/courses/114-1/20445
中等土壤力學,卿建業,37942,CIE5013,521U0600,選修,,"二 7,8,9",土224,2 類,,3,,https://course.ntu.edu.tw/courses/114-1/37942
土壤動力學,黃郁惟,58659,CIE5014,521U0620,選修,,"四 2,3,4",土320,2 類,,3,,https://course.ntu.edu.tw/courses/114-1/58659
作業研究,陳柏華,34294,CIE5015,521U0690,選修,,"二 2,3,4",綜202,2 類,,3,,https://course.ntu.edu.tw/courses/114-1/34294
訊號處理與頻譜分析,羅俊雄,10986,CIE5027,521U3160,選修,,"二 6,7,8",土研405,2 類,,3,,https://course.ntu.edu.tw/courses/114-1/10986
高科技廠房設施設計,林之謙,40267,CIE5065,521U3790,選修,,"三 6,7,8",新204,2 類,,3,,https://course.ntu.edu.tw/courses/114-1/40267
高等工程地質學,林銘郎,20363,CIE5072,521U8740,選修,,"一 7,8,9",土224,2 類,,3,,https://course.ntu.edu.tw/courses/114-1/20363
水資源工程,陳慈愔,58220,CIE5106,521U9000,選修,,"五 2,3,4",新502,2 類,,3,,https://course.ntu.edu.tw/courses/114-1/58220
空間設計入門,詹瀅潔,51433,CIE5123,521U9140,選修,,"二 A,B,C",土研407,2 類,,3,,https://course.ntu.edu.tw/courses/114-1/51433
基礎複合材料設計與實作,周中哲,18566,CIE5132,521U9220,選修,,"五 7,8,9",土研401,2 類,,3,,https://course.ntu.edu.tw/courses/114-1/18566
機器學習與深度學習導論,陳俊杉,43167,CIE5133,521U9230,選修,,"三 2,3,4,5",新505,2 類,,3,,https://course.ntu.edu.tw/courses/114-1/43167
數據分析之計算統計學,汪立本,37909,CIE5140,521U9270,選修,,"一 6 / 四 6,7",普501,2 類,,3,,https://course.ntu.edu.tw/courses/114-1/37909
電腦視覺應用於工程,林之謙,31511,CIE5141,521U9280,選修,,"五 2,3,4",土研402,2 類,,3,,https://course.ntu.edu.tw/courses/114-1/31511
能源系統工程與經濟,謝依芸,26499,CIE5143,521U3070,選修,,"三 7,8,9",普501,2 類,,3,,https://course.ntu.edu.tw/courses/114-1/26499
地理資訊系統與防災,蘇文瑞,34447,CIE5144,521U3880,選修,,"二 7,8,9",,2 類,,3,,https://course.ntu.edu.tw/courses/114-1/34447
合成孔徑雷達導論與應用,蔡亞倫,19511,CIE5145,521U3890,選修,,"一 6,7,8",土320,2 類,,3,,https://course.ntu.edu.tw/courses/114-1/19511
施工學特論,劉泰儀,34615,CIE5147,521U9300,選修,,"五 7,8,9",土研402,2 類,,3,,https://course.ntu.edu.tw/courses/114-1/34615
可靠度與風險評估,林偲妘,14440,CIE5149,521U7180,選修,,"一 6,7,8",土研407,2 類,,3,,https://course.ntu.edu.tw/courses/114-1/14440
軌道大地工程,楊恒偉,14800,CIE5154,521U2770,選修,,"三 7,8,9",土320,2 類,,3,,https://course.ntu.edu.tw/courses/114-1/14800
BIM技術與應用 (I),謝尚賢,47948,CIE5155,521U9320,選修,,"一 2,3,4",土研407,2 類,,1,,https://course.ntu.edu.tw/courses/114-1/47948
BIM技術與應用 (II),謝尚賢,44407,CIE5156,521U9330,選修,,"一 2,3,4,5",,2 類,,2,,https://course.ntu.edu.tw/courses/114-1/44407
水利工程專題討論,陳慈愔,39617,CIE7001,521M0040,必修,,"三 7,8,9",土220,1 類,,1,,https://course.ntu.edu.tw/courses/114-1/39617
運輸工程專題討論,周家蓓,38537,CIE7009,521M0320,必修,,"一 7,8,9",土220,1 類,,1,,https://course.ntu.edu.tw/courses/114-1/38537
結構動力學,張家銘,13416,CIE7016,521M1200,選修,,"五 2,3,4",土研407,3 類,,3,,https://course.ntu.edu.tw/courses/114-1/13416
都市運輸規劃,許聿廷,52128,CIE7021,521M1550,選修,,"二 7,8,9",土320,2 類,,3,,https://course.ntu.edu.tw/courses/114-1/52128
隧道工程,王泰典,28485,CIE7022,521M1730,選修,,"一 2,3,4",土320,2 類,,3,,https://course.ntu.edu.tw/courses/114-1/28485
高等結構學,柯俊宇,19438,CIE7024,521M1870,選修,,"四 2,3,4",土220,3 類,,3,,https://course.ntu.edu.tw/courses/114-1/19438
水資源系統分析,游景雲,43478,CIE7040,521M3890,選修,,"二 7,8,9",土研401,2 類,,3,,https://course.ntu.edu.tw/courses/114-1/43478
工程專案管理,林之謙,48931,CIE7052,521M5790,選修,,"三 2,3,4",土320,2 類,,3,,https://course.ntu.edu.tw/courses/114-1/48931
車流理論與應用,陳彥向,36985,CIE7053,521M5810,選修,,"五 2,3,4",土320,2 類,,3,,https://course.ntu.edu.tw/courses/114-1/36985
營建管理專題討論,林之謙,33301,CIE7059,521M5950,必修,,"三 A,B,C",土研402,1 類,,1,,https://course.ntu.edu.tw/courses/114-1/33301
流體非線性動力學概論,劉格非,18335,CIE7061,521M5970,選修,,"一 2,3,4",土224,2 類,,3,,https://course.ntu.edu.tw/courses/114-1/18335
鋪面設計與管理,周家蓓,11587,CIE7068,521M6140,選修,,"三 2,3,4",土224,2 類,,3,,https://course.ntu.edu.tw/courses/114-1/11587
結構力學專題討論,賴晉達,57721,CIE7071,521M6200,必修,,"四 7,8,9",土220,1 類,,1,,https://course.ntu.edu.tw/courses/114-1/57721
數值攝影測量,趙鍵哲,54965,CIE7091,521M6410,選修,,"二 2,3,4",土320,2 類,,3,,https://course.ntu.edu.tw/courses/114-1/54965
測量專題討論,趙鍵哲,35006,CIE7093,521M6430,必修,,"五 2,3,4",土224,2 類,,1,,https://course.ntu.edu.tw/courses/114-1/35006
學術英文寫作,楊淑涵,16633,CIE7110,521M6630,選修,,"一 2,3,4",土研401,2 類,,3,,https://course.ntu.edu.tw/courses/114-1/16633
土木工程專題討論,吳東諭,50976,CIE7111,521M6640,必修,,"二 5,6",土220,2 類,,1,,https://course.ntu.edu.tw/courses/114-1/50976
營建財務與應用,曾惠斌,95018,CIE7121,521M7080,選修,,"六 7,8",土研401,2 類,,2,,https://course.ntu.edu.tw/courses/114-1/95018
工程企業管理概論,荷世平,42399,CIE7126,521M7130,選修,,"二 B,C",土研402,2 類,,2,,https://course.ntu.edu.tw/courses/114-1/42399
計量實證研究方法論,荷世平,36457,CIE7128,521M7150,選修,,"四 6,7,8",土研401,2 類,,3,,https://course.ntu.edu.tw/courses/114-1/36457
結構耐震分析,吳東諭,53047,CIE7138,521M7260,選修,,"三 7,8,9",土研401,2 類,,3,,https://course.ntu.edu.tw/courses/114-1/53047
鋼筋混凝土結構行為學,黃世建,30326,CIE7142,521M7300,選修,,"二 2,3,4",土研402,2 類,,3,,https://course.ntu.edu.tw/courses/114-1/30326
空間資訊平差處理與分析,韓仁毓,13560,CIE7152,521M7410,選修,,"四 7,8,9",土224,2 類,,3,,https://course.ntu.edu.tw/courses/114-1/13560
高等混凝土學,廖文正,33874,CIE7170,521M7590,選修,,"一 7,8,9",土研402,2 類,,3,,https://course.ntu.edu.tw/courses/114-1/33874
跨領域聯合專題討論,曾惠斌,10404,CIE7186,521M6590,必修,,"三 A,B,C",,2 類,,1,,https://course.ntu.edu.tw/courses/114-1/10404
大地材料組成律模式,葛宇甯,39884,CIE7190,521M5290,選修,,"二 2,3,4",土220,2 類,,3,,https://course.ntu.edu.tw/courses/114-1/39884
運輸最佳化模式與方法,朱致遠,45325,CIE7196,521M5190,選修,,"三 7,8,9",土224,2 類,,3,,https://course.ntu.edu.tw/courses/114-1/45325
學術英文論文寫作與發表,簡士捷,37020,CIE7202,521M5260,選修,,"四 2,3,4",土研405,2 類,,3,,https://course.ntu.edu.tw/courses/114-1/37020
工程數值與數學方法,詹益齊,39068,CIE7205,521M7390,選修,,"一 3,4,5",土研405,2 類,,3,,https://course.ntu.edu.tw/courses/114-1/39068
人工智慧工程應用專題討論,陳俊杉,53193,CIE7206,521M0330,選修,,"二 A,B,C",土研405,2 類,,1,,https://course.ntu.edu.tw/courses/114-1/53193
橋梁工程,陳明谷,28696,CIE7207,521M6600,選修,,"三 2,3,4",土研402,2 類,,3,,https://course.ntu.edu.tw/courses/114-1/28696
水工結構,許勝田,21340,CIE7212,521M5460,選修,,"四 6,7,8",土研405,2 類,,3,,https://course.ntu.edu.tw/courses/114-1/21340
土木工程創新思維與方法,陳柏華,13967,CIE7218,521M8020,選修,,"四 A,B",土320,2 類,,2,,https://course.ntu.edu.tw/courses/114-1/13967
大地工程數值分析與應用,葛宇甯,29656,CIE7219,521M8030,選修,,"六 3,4",土320,2 類,,2,,https://course.ntu.edu.tw/courses/114-1/29656
工程生態檢核,施上粟,25236,CIE7220,521M8040,選修,,"二 A,B",,2 類,,2,,https://course.ntu.edu.tw/courses/114-1/25236
都市更新工程與ESG策略,林培元,26897,CIE7226,521M7680,選修,,"五 B,C",土研401,2 類,,2,,https://course.ntu.edu.tw/courses/114-1/26897
永續營建與綠色土木工程,周南山,50655,CIE7227,521M7690,選修,,"六 2,3,4",土研402,3 類,,3,,https://course.ntu.edu.tw/courses/114-1/50655
新興科技與未來人居環境,謝尚賢,40544,CIE7229,521M8100,選修,,"一 B,C",土研401,2 類,,2,,https://course.ntu.edu.tw/courses/114-1/40544
工程論文寫作與研究方法,詹瀅潔,22829,CIE7230,521M8110,選修,,"四 A,B",土研407,2 類,,2,,https://course.ntu.edu.tw/courses/114-1/22829
大地工程專題討論,郭安妮,30523,CIE7231,521M0360,必修,,"五 7,8,9",土220,1 類,,1,,https://course.ntu.edu.tw/courses/114-1/30523
碩士論文,,34923,CIE7999,521M0010,必修,,,,1 類,,0,,https://course.ntu.edu.tw/courses/114-1/34923
專題研究一,俞松良,30621,CliLab1006,40410300,選修,,,,2 類,,1,,https://course.ntu.edu.tw/courses/114-1/30621
專題研究二,俞松良,14965,CliLab1007,40410310,選修,,,,2 類,,1,,https://course.ntu.edu.tw/courses/114-1/14965
專題研究三,俞松良,20341,CliLab1008,40410320,選修,,,,2 類,,1,,https://course.ntu.edu.tw/courses/114-1/20341
專題研究四,俞松良,26241,CliLab1009,40410330,選修,,,,2 類,,1,,https://course.ntu.edu.tw/courses/114-1/26241
專題研究五,俞松良,49524,CliLab1010,40410340,選修,,,,2 類,,1,,https://course.ntu.edu.tw/courses/114-1/49524
專題研究六,俞松良,57351,CliLab1011,40410350,選修,,,,2 類,,1,,https://course.ntu.edu.tw/courses/114-1/57351
生物化學,余明俊,10639,CliLab2001,40421000,必帶 / 選修,,"二 6,7 / 四 8,9",基醫104,2 類,,4,,https://course.ntu.edu.tw/courses/114-1/10639
醫檢生技海外實務訓練一,郭靜穎,50698,CliLab2005,40422040,選修,,,,2 類,,3,,https://course.ntu.edu.tw/courses/114-1/50698
醫檢生技海外實務訓練二,郭靜穎,50008,CliLab2006,40422050,選修,,,,2 類,,3,,https://course.ntu.edu.tw/courses/114-1/50008
醫檢生技海外實務訓練三,郭靜穎,10676,CliLab2007,40422060,選修,,,,2 類,,3,,https://course.ntu.edu.tw/courses/114-1/10676
儀器分析,方偉宏,59699,CliLab3004,40434100,必帶,,五 2,檢506教室,1 類,,1,,https://course.ntu.edu.tw/courses/114-1/59699
血液學實驗上,林淑華,17904,CliLab3015,40436431,必帶,,"一 8,9,10",第一實驗室,1 類,,1,,https://course.ntu.edu.tw/courses/114-1/17904
血液學與臨床血液學上,林淑華,47105,CliLab3017,40436351,必帶,,"一 6,7",檢506教室,1 類,,2,,https://course.ntu.edu.tw/courses/114-1/47105
分子生物學,方偉宏,38465,CliLab3019,40439310,必帶,,"三 2,3,4",檢506教室,3 類,,3,,https://course.ntu.edu.tw/courses/114-1/38465
臨床鏡檢學實習,楊雅倩,53086,CliLab4001,40441400,必修,,,,1 類,,3,,https://course.ntu.edu.tw/courses/114-1/53086
臨床生理學實習,莊雅惠,49865,CliLab4002,40442100,必修,,,,1 類,,2,,https://course.ntu.edu.tw/courses/114-1/49865
臨床生理學,莊雅惠,48970,CliLab4004,40442210,必帶,,"五 3,4",檢506教室,1 類,,2,,https://course.ntu.edu.tw/courses/114-1/48970
臨床生化學,方偉宏,24173,CliLab4005,40443300,必帶,,"三 6,7",檢506教室,2 類,,2,,https://course.ntu.edu.tw/courses/114-1/24173
臨床生化學實習,蘇剛毅,35805,CliLab4006,40443500,必修,,,,1 類,,3,,https://course.ntu.edu.tw/courses/114-1/35805
臨床生化及分子檢驗實驗,吳瑞菁,23409,CliLab4010,40443630,必帶,,"三 8,9 / 五 6,7,8,9",第一實驗室,2 類,,2,,https://course.ntu.edu.tw/courses/114-1/23409
臨床血清免疫學實習,莊雅惠,29528,CliLab4018,40445100,必修,,,,1 類,,2,,https://course.ntu.edu.tw/courses/114-1/29528
臨床血液學實習,陳政彰,37127,CliLab4024,40446400,必修,,,,1 類,,3,,https://course.ntu.edu.tw/courses/114-1/37127
血庫實習,羅仕錡,23408,CliLab4026,40446500,必修,,,,1 類,,1,,https://course.ntu.edu.tw/courses/114-1/23408
病理學實習,林靜宜,28258,CliLab4028,40447110,必修,,,,1 類,,1,,https://course.ntu.edu.tw/courses/114-1/28258
臨床病毒學實習,張淑媛,26651,CliLab4031,40447600,必修 / 選修,,,,1 類,,2,,https://course.ntu.edu.tw/courses/114-1/26651
病毒學基礎及生物技術實驗,張淑媛,53853,CliLab4033,40447710,必修,,,,1 類,,1,,https://course.ntu.edu.tw/courses/114-1/53853
病毒學總論一,張淑媛,32162,CliLab5114,424U3120,選修,,"一 6,7",檢403,2 類,,2,,https://course.ntu.edu.tw/courses/114-1/32162
細菌檢驗新知一,邱浩傑,46741,CliLab5128,424U6040,選修,,一 4,檢403,2 類,,1,,https://course.ntu.edu.tw/courses/114-1/46741
細胞周期及細胞分裂特論一,吳瑞菁,13730,CliLab5132,424U6080,選修,,"五 3,4",檢403,2 類,,1,,https://course.ntu.edu.tw/courses/114-1/13730
免疫調控特論三,莊雅惠,25415,CliLab5141,424U6130,選修,,"一 2,3",檢403,2 類,,1,,https://course.ntu.edu.tw/courses/114-1/25415
新興病毒新知技術概論三,林靜宜,24493,CliLab5147,424U3180,選修,,"一 2,3",檢521-7,2 類,,1,,https://course.ntu.edu.tw/courses/114-1/24493
細菌致病因子表現之探討二,廖淑貞,12352,CliLab5150,424U6160,選修,,三 2,檢403,2 類,,1,,https://course.ntu.edu.tw/courses/114-1/12352
內溶小體離子通道特論一,陳政彰,27976,CliLab5152,424U6180,選修,,一 9,,2 類,,1,,https://course.ntu.edu.tw/courses/114-1/27976
果蠅遺傳學應用概論一,吳師誠,54459,CliLab5154,424U6200,選修,,"三 6,7",檢403,2 類,,1,,https://course.ntu.edu.tw/courses/114-1/54459
專題討論,吳師誠,27540,CliLab7001,424M0020,必修,,"四 2,3,4",第十講堂,1 類,,2,,https://course.ntu.edu.tw/courses/114-1/27540
實驗室教學實習,俞松良,53584,CliLab7027,424M5900,選修,,,,2 類,,1,,https://course.ntu.edu.tw/courses/114-1/53584
醫學實驗室管理,高全良,49822,CliLab7035,424M1140,必修,,二 2,檢506教室,1 類,,1,,https://course.ntu.edu.tw/courses/114-1/49822
碩士論文,俞松良,43523,CliLab7999,424M0010,選修,,,,1 類,,0,,https://course.ntu.edu.tw/courses/114-1/43523
專題討論,陳政彰,58808,CliLab8001,424D1000,必修,,"二 2,3",第十講堂,1 類,,2,,https://course.ntu.edu.tw/courses/114-1/58808
血液凝固學特論五,林淑華,37893,CliLab8017,424D4050,選修,,"三 6,7",檢511,1 類,,1,,https://course.ntu.edu.tw/courses/114-1/37893
癌症分子機轉與治療標靶開發特論一,林亮音,17468,CliLab8021,424D5050,選修,,"二 6,7",檢521-7,2 類,,2,,https://course.ntu.edu.tw/courses/114-1/17468
博士論文,俞松良,41515,CliLab8999,424D0010,選修,,,,1 類,,0,,https://course.ntu.edu.tw/courses/114-1/41515
臨床醫學研究,楊志新,39697,ClinMD5002,421U5500,必修 / 選修,,六 4,,3 類,,1,,https://course.ntu.edu.tw/courses/114-1/39697
臨床試驗執行與實務,楊志新,25995,ClinMD5003,421U5600,必修 / 選修,,"六 2,3",,3 類,,2,,https://course.ntu.edu.tw/courses/114-1/25995
臨床試驗概論,林家齊,16429,ClinMD5010,421U6000,必修 / 選修,,五 10,基醫201,2 類,,1,,https://course.ntu.edu.tw/courses/114-1/16429
給生物學家的Python,王弘毅,14503,ClinMD5015,421U7200,選修,,"五 7,8,9",基醫405,2 類,,3,,https://course.ntu.edu.tw/courses/114-1/14503
臨床研究方法(一),陳祈玲,12302,ClinMD7001,421M0100,必修,,"六 8,9",基醫303,2 類,,2,,https://course.ntu.edu.tw/courses/114-1/12302
分子與細胞生物學導論,陳培哲,18174,ClinMD7006,421M0500,必修,,"六 6,7",基醫303,2 類,,2,,https://course.ntu.edu.tw/courses/114-1/18174
實驗研究,林家齊,30204,ClinMD7044,421M3200,選修,,,,3 類,,2,,https://course.ntu.edu.tw/courses/114-1/30204
書報討論(一),林家齊,16620,ClinMD7049,421M0900,必修,,"六 6,7",基醫304,3 類,,2,,https://course.ntu.edu.tw/courses/114-1/16620
專題討論,林家齊,11758,ClinMD7052,421M0000,必修,,,,3 類,,0,,https://course.ntu.edu.tw/courses/114-1/11758
實驗研究方法,周祖述,46638,ClinMD7053,421M0610,必修,,"六 8,9",基醫304,2 類,,2,,https://course.ntu.edu.tw/courses/114-1/46638
臨床試驗設計、分析,林家齊,23994,ClinMD7065,421M4430,必修,,"六 3,4",基醫405,2 類,,2,,https://course.ntu.edu.tw/courses/114-1/23994
臨床試驗組專題討論,林家齊,46978,ClinMD7066,421M4440,必修,,,,2 類,,0,,https://course.ntu.edu.tw/courses/114-1/46978
碩士論文,林家齊,12594,ClinMD7999,421M0010,必修,,,,1 類,,0,,https://course.ntu.edu.tw/courses/114-1/12594
生命科學研究精要,林家齊,58767,ClinMD8176,421D4900,必修,,"三 2,3,4",基醫403,2 類,,3,,https://course.ntu.edu.tw/courses/114-1/58767
高等臨床研究方法,陳祈玲,17114,ClinMD8234,421D9290,選修,,"三 8,9",基醫504,1 類,,2,,https://course.ntu.edu.tw/courses/114-1/17114
臨床試驗實務實習一,林家齊,52364,ClinMD8294,421D9340,必修,,三 10,基醫504,2 類,,1,,https://course.ntu.edu.tw/courses/114-1/52364
書報討論(一),林家齊,44160,ClinMD8350,421D9360,必修,,"三 5,6,7",基醫201,1 類,,2,,https://course.ntu.edu.tw/courses/114-1/44160
書報討論(二),林家齊,26374,ClinMD8351,421D9370,必修,,"三 5,6,7",,1 類,,2,,https://course.ntu.edu.tw/courses/114-1/26374
博士論文,林家齊,37693,ClinMD8999,421D0010,必修,,,,1 類,,0,,https://course.ntu.edu.tw/courses/114-1/37693
臨床試驗中之藥動/藥效學,林君榮,43519,CliPhm5002,451U0300,必修 / 選修,,"五 1,2",水森415,2 類,,1,,https://course.ntu.edu.tw/courses/114-1/43519
研究方法學導論,蕭斐元,55438,CliPhm5003,451U0400,必修 / 選修,,"三 3,4",基醫406,2 類,,2,,https://course.ntu.edu.tw/courses/114-1/55438
藥品臨床試驗,楊志新,47310,CliPhm5004,451U0500,必修 / 選修,,"二 8,9",基醫201,2 類,,2,,https://course.ntu.edu.tw/courses/114-1/47310
藥品資訊與分析,林芳如,29304,CliPhm5009,451U0610,必修,,"五 3,4",,2 類,,2,,https://course.ntu.edu.tw/courses/114-1/29304
藥學臨床技能導論,黃彥銘,25329,CliPhm5011,451U0210,必修,,"四 3,4",基醫402,2 類,,1,,https://course.ntu.edu.tw/courses/114-1/25329
臨床藥品動態學,林淑文,10434,CliPhm5017,451U0360,必修,,"四 8,9",基醫201,2 類,,2,,https://course.ntu.edu.tw/courses/114-1/10434
專題討論,黃彥銘,11096,CliPhm7001,451M0030,必修,,"一 6,7",,2 類,,1,,https://course.ntu.edu.tw/courses/114-1/11096
書報討論,蕭斐元,23422,CliPhm7002,451M0040,必修,,"二 6,7",,2 類,,1,,https://course.ntu.edu.tw/courses/114-1/23422
臨床藥學實習五,林芳如,15194,CliPhm7024,451M0970,選修,,,,2 類,,1,,https://course.ntu.edu.tw/courses/114-1/15194
研究書報專論,蕭斐元,45972,CliPhm7025,451M0050,選修,,,,2 類,,1,,https://course.ntu.edu.tw/courses/114-1/45972
研究書報專論,林淑文,52910,CliPhm7025,451M0050,選修,,,,2 類,,1,,https://course.ntu.edu.tw/courses/114-1/52910
研究書報專論,林芳如,39015,CliPhm7025,451M0050,選修,,,,2 類,,1,,https://course.ntu.edu.tw/courses/114-1/39015
研究書報專論,黃彥銘,47114,CliPhm7025,451M0050,選修,,,,2 類,,1,,https://course.ntu.edu.tw/courses/114-1/47114
研究書報專論,王繼娟,44880,CliPhm7025,451M0050,選修,,,,2 類,,1,,https://course.ntu.edu.tw/courses/114-1/44880
研究書報專論,徐莞曾,41145,CliPhm7025,451M0050,選修,,,,2 類,,1,,https://course.ntu.edu.tw/courses/114-1/41145
臨床藥學實習一,林芳如,47511,CliPhm7026,451M0990,選修,,,,2 類,,1,,https://course.ntu.edu.tw/courses/114-1/47511
臨床藥學實習二,林芳如,59000,CliPhm7027,451M1000,選修,,,,2 類,,1,,https://course.ntu.edu.tw/courses/114-1/59000
博士論文,黃織芬,50809,CliPhm8001,451D0010,必修,,,,1 類,,0,,https://course.ntu.edu.tw/courses/114-1/50809
專題討論,黃彥銘,50045,CliPhm8003,451D0030,必修,,"一 6,7",,2 類,,1,,https://course.ntu.edu.tw/courses/114-1/50045
書報討論,蕭斐元,45758,CliPhm8004,451D0040,必修,,"二 6,7",,2 類,,1,,https://course.ntu.edu.tw/courses/114-1/45758
研究生入門：科學之路,江伯倫,30805,CLS5001,B00U0100,必修 / 選修,,,,2 類,,1,,https://course.ntu.edu.tw/courses/114-1/30805
綠色工程導論,謝依芸,42596,COE5001,500U0010,選修,,"二 2,3,4",綜504,2 類,,3,,https://course.ntu.edu.tw/courses/114-1/42596
產品碳足跡與綠色設計,林心恬,39418,COE5003,500U0030,選修,,"三 2,3,4",,2 類,,3,,https://course.ntu.edu.tw/courses/114-1/39418
綠色工程企業實習(一),謝依芸,30757,COE5004,500U0040,選修,,"六 2,3,4",,2 類,,3,,https://course.ntu.edu.tw/courses/114-1/30757
微波單晶積體電路,王  暉,45856,CommE5001,942U0110,選修,,"四 2,3,4",電二225,2 類,,3,,https://course.ntu.edu.tw/courses/114-1/45856
電磁相容,吳宗霖,57812,CommE5008,942U0190,選修,,"二 2,3,4",電二104,2 類,,3,,https://course.ntu.edu.tw/courses/114-1/57812
高等無線網路,廖婉君,35952,CommE5026,942U0390,選修,,"四 7,8,9",博理112,1 類,,3,,https://course.ntu.edu.tw/courses/114-1/35952
時頻分析和小波轉換,丁建均,19262,CommE5030,942U0420,選修,,"四 2,3,4",明達231,1 類,,3,,https://course.ntu.edu.tw/courses/114-1/19262
訊號完整度,吳瑞北,41676,CommE5038,942U0520,選修,,"三 2,3,4",明達231,1 類,,3,,https://course.ntu.edu.tw/courses/114-1/41676
專題演講,魏宏宇,18691,CommE5046,942U0600,選修,,"一 6,7,8",,2 類,,3,,https://course.ntu.edu.tw/courses/114-1/18691
物聯網導論,賴怡吉,30871,CommE5047,942U0610,選修,,"四 7,8,9",電二102,2 類,,3,,https://course.ntu.edu.tw/courses/114-1/30871
深度學習於電腦視覺,王鈺強,45682,CommE5052,942U0660,選修,,"三 2,3,4",博理113,2 類,,3,,https://course.ntu.edu.tw/courses/114-1/45682
人工智慧與智慧醫療,林  澤,13476,CommE5064,942U0780,選修,,"三 7,8,9",共103,2 類,,3,,https://course.ntu.edu.tw/courses/114-1/13476
相控陣列雷達訊號處理,黃彥銘,32531,CommE5066,942U0800,選修,,"三 A,B,C",博理112,1 類,,3,,https://course.ntu.edu.tw/courses/114-1/32531
強化學習,孫紹華,14050,CommE5069,942U0830,選修,,"四 2,3,4",電二229,2 類,,3,,https://course.ntu.edu.tw/courses/114-1/14050
深度學習於音樂分析及生成,楊奕軒,50798,CommE5070,942U0840,選修,,"四 6,7,8",,2 類,,3,,https://course.ntu.edu.tw/courses/114-1/50798
數位通信,蘇炫榮,53866,CommE5072,942U0860,選修,,"五 7,8,9",博理103,1 類,,3,,https://course.ntu.edu.tw/courses/114-1/53866
專題演講,魏宏宇,43951,CommE7001,942M0020,必修,,一 9,,2 類,,1,,https://course.ntu.edu.tw/courses/114-1/43951
專題研究,吳瑞北,15023,CommE7002,942M0040,必修,,,,1 類,,1,,https://course.ntu.edu.tw/courses/114-1/15023
專題研究,陳銘憲,49515,CommE7002,942M0040,必修,,,,1 類,,1,,https://course.ntu.edu.tw/courses/114-1/49515
專題研究,王  暉,37510,CommE7002,942M0040,必修,,,,1 類,,1,,https://course.ntu.edu.tw/courses/114-1/37510
專題研究,陳宏銘,16299,CommE7002,942M0040,必修,,,,1 類,,1,,https://course.ntu.edu.tw/courses/114-1/16299
專題研究,鐘嘉德,52731,CommE7002,942M0040,必修,,,,1 類,,1,,https://course.ntu.edu.tw/courses/114-1/52731
專題研究,廖婉君,35725,CommE7002,942M0040,必修,,,,1 類,,1,,https://course.ntu.edu.tw/courses/114-1/35725
專題研究,黃天偉,48101,CommE7002,942M0040,必修,,,,1 類,,1,,https://course.ntu.edu.tw/courses/114-1/48101
專題研究,林宗男,15159,CommE7002,942M0040,必修,,,,1 類,,1,,https://course.ntu.edu.tw/courses/114-1/15159
專題研究,蘇炫榮,59685,CommE7002,942M0040,必修,,,,1 類,,1,,https://course.ntu.edu.tw/courses/114-1/59685
專題研究,毛紹綱,10709,CommE7002,942M0040,必修,,,,1 類,,1,,https://course.ntu.edu.tw/courses/114-1/10709
專題研究,林怡成,36912,CommE7002,942M0040,必修,,,,1 類,,1,,https://course.ntu.edu.tw/courses/114-1/36912
專題研究,陳士元,50349,CommE7002,942M0040,必修,,,,1 類,,1,,https://course.ntu.edu.tw/courses/114-1/50349
專題研究,邱奕鵬,11067,CommE7002,942M0040,必修,,,,1 類,,1,,https://course.ntu.edu.tw/courses/114-1/11067
專題研究,葉丙成,30988,CommE7002,942M0040,必修,,,,1 類,,1,,https://course.ntu.edu.tw/courses/114-1/30988
專題研究,魏宏宇,23431,CommE7002,942M0040,必修,,,,1 類,,1,,https://course.ntu.edu.tw/courses/114-1/23431
專題研究,周錫增,31713,CommE7002,942M0040,必修,,,,1 類,,1,,https://course.ntu.edu.tw/courses/114-1/31713
專題研究,謝宏昀,54154,CommE7002,942M0040,必修,,,,1 類,,1,,https://course.ntu.edu.tw/courses/114-1/54154
專題研究,丁建均,50553,CommE7002,942M0040,必修,,,,1 類,,1,,https://course.ntu.edu.tw/courses/114-1/50553
專題研究,王鈺強,35455,CommE7002,942M0040,必修,,,,1 類,,1,,https://course.ntu.edu.tw/courses/114-1/35455
專題研究,黃俊郎,52674,CommE7002,942M0040,必修,,,,1 類,,1,,https://course.ntu.edu.tw/courses/114-1/52674
專題研究,林  澤,11718,CommE7002,942M0040,必修,,,,1 類,,1,,https://course.ntu.edu.tw/courses/114-1/11718
專題研究,王奕翔,25839,CommE7002,942M0040,必修,,,,1 類,,1,,https://course.ntu.edu.tw/courses/114-1/25839
專題研究,楊奕軒,40477,CommE7002,942M0040,必修,,,,1 類,,1,,https://course.ntu.edu.tw/courses/114-1/40477
專題研究,盧信嘉,18067,CommE7002,942M0040,必修,,,,1 類,,1,,https://course.ntu.edu.tw/courses/114-1/18067
專題研究,李宏毅,14576,CommE7002,942M0040,必修,,,,1 類,,1,,https://course.ntu.edu.tw/courses/114-1/14576
專題研究,林士駿,30565,CommE7002,942M0040,必修,,,,1 類,,1,,https://course.ntu.edu.tw/courses/114-1/30565
專題研究,戴邇立,55964,CommE7002,942M0040,必修,,,,1 類,,1,,https://course.ntu.edu.tw/courses/114-1/55964
專題研究,李俊興,11266,CommE7002,942M0040,必修,,,,1 類,,1,,https://course.ntu.edu.tw/courses/114-1/11266
專題研究,林坤佑,15448,CommE7002,942M0040,必修,,,,1 類,,1,,https://course.ntu.edu.tw/courses/114-1/15448
專題研究,周俊廷,49747,CommE7002,942M0040,必修,,,,1 類,,1,,https://course.ntu.edu.tw/courses/114-1/49747
專題研究,蘇柏青,12270,CommE7002,942M0040,必修,,,,1 類,,1,,https://course.ntu.edu.tw/courses/114-1/12270
專題研究,吳沛遠,50778,CommE7002,942M0040,必修,,,,1 類,,1,,https://course.ntu.edu.tw/courses/114-1/50778
專題研究,劉俊麟,35958,CommE7002,942M0040,必修,,,,1 類,,1,,https://course.ntu.edu.tw/courses/114-1/35958
專題研究,吳宗澤,45644,CommE7002,942M0040,必修,,,,1 類,,1,,https://course.ntu.edu.tw/courses/114-1/45644
專題研究,葉佳宜,46883,CommE7002,942M0040,必修,,,,1 類,,1,,https://course.ntu.edu.tw/courses/114-1/46883
專題研究,王新博,16862,CommE7002,942M0040,必修,,,,1 類,,1,,https://course.ntu.edu.tw/courses/114-1/16862
專題研究,黃楚翔,10006,CommE7002,942M0040,必修,,,,1 類,,1,,https://course.ntu.edu.tw/courses/114-1/10006
專題研究,李琳山,28752,CommE7002,942M0040,必修,,,,1 類,,1,,https://course.ntu.edu.tw/courses/114-1/28752
專題研究,江簡富,41364,CommE7002,942M0040,必修,,,,1 類,,1,,https://course.ntu.edu.tw/courses/114-1/41364
專題研究,林茂昭,31735,CommE7002,942M0040,必修,,,,1 類,,1,,https://course.ntu.edu.tw/courses/114-1/31735
專題研究,蔡志宏,45527,CommE7002,942M0040,必修,,,,1 類,,1,,https://course.ntu.edu.tw/courses/114-1/45527
專題研究,賴怡吉,37660,CommE7002,942M0040,必修,,,,1 類,,1,,https://course.ntu.edu.tw/courses/114-1/37660
專題討論,毛紹綱,11142,CommE7003,942M0050,必修,,"三 6,7",,1 類,,0,,https://course.ntu.edu.tw/courses/114-1/11142
專題討論,戴邇立,53491,CommE7003,942M0050,必修,,一 7,,1 類,,0,,https://course.ntu.edu.tw/courses/114-1/53491
專題討論,孫紹華,41750,CommE7003,942M0050,必修,,一 6,,1 類,,0,,https://course.ntu.edu.tw/courses/114-1/41750
AI資訊安全專題與案例研討,魏宏宇,20728,CommE7005,942M0320,必修,,"一 9,10,A",,2 類,,3,,https://course.ntu.edu.tw/courses/114-1/20728
碩士論文,,39676,CommE7999,942M0010,必修,,,,1 類,,0,,https://course.ntu.edu.tw/courses/114-1/39676
專題研究,吳瑞北,53874,CommE8001,942D0040,必修,,,,1 類,,1,,https://course.ntu.edu.tw/courses/114-1/53874
專題研究,陳銘憲,18466,CommE8001,942D0040,必修,,,,1 類,,1,,https://course.ntu.edu.tw/courses/114-1/18466
專題研究,王  暉,56534,CommE8001,942D0040,必修,,,,1 類,,1,,https://course.ntu.edu.tw/courses/114-1/56534
專題研究,鐘嘉德,14857,CommE8001,942D0040,必修,,,,1 類,,1,,https://course.ntu.edu.tw/courses/114-1/14857
專題研究,廖婉君,33439,CommE8001,942D0040,必修,,,,1 類,,1,,https://course.ntu.edu.tw/courses/114-1/33439
專題研究,吳宗霖,48887,CommE8001,942D0040,必修,,,,1 類,,1,,https://course.ntu.edu.tw/courses/114-1/48887
專題研究,黃天偉,15770,CommE8001,942D0040,必修,,,,1 類,,1,,https://course.ntu.edu.tw/courses/114-1/15770
專題研究,蘇炫榮,29824,CommE8001,942D0040,必修,,,,1 類,,1,,https://course.ntu.edu.tw/courses/114-1/29824
專題研究,毛紹綱,50820,CommE8001,942D0040,必修,,,,1 類,,1,,https://course.ntu.edu.tw/courses/114-1/50820
專題研究,林怡成,20528,CommE8001,942D0040,必修,,,,1 類,,1,,https://course.ntu.edu.tw/courses/114-1/20528
專題研究,陳士元,12827,CommE8001,942D0040,必修,,,,1 類,,1,,https://course.ntu.edu.tw/courses/114-1/12827
專題研究,邱奕鵬,47479,CommE8001,942D0040,必修,,,,1 類,,1,,https://course.ntu.edu.tw/courses/114-1/47479
專題研究,葉丙成,55855,CommE8001,942D0040,必修,,,,1 類,,1,,https://course.ntu.edu.tw/courses/114-1/55855
專題研究,魏宏宇,50742,CommE8001,942D0040,必修,,,,1 類,,1,,https://course.ntu.edu.tw/courses/114-1/50742
專題研究,周錫增,41674,CommE8001,942D0040,必修,,,,1 類,,1,,https://course.ntu.edu.tw/courses/114-1/41674
專題研究,丁建均,35488,CommE8001,942D0040,必修,,,,1 類,,1,,https://course.ntu.edu.tw/courses/114-1/35488
專題研究,王鈺強,46418,CommE8001,942D0040,必修,,,,1 類,,1,,https://course.ntu.edu.tw/courses/114-1/46418
專題研究,林  澤,36319,CommE8001,942D0040,必修,,,,1 類,,1,,https://course.ntu.edu.tw/courses/114-1/36319
專題研究,王奕翔,27301,CommE8001,942D0040,必修,,,,1 類,,1,,https://course.ntu.edu.tw/courses/114-1/27301
專題研究,楊奕軒,39960,CommE8001,942D0040,必修,,,,1 類,,1,,https://course.ntu.edu.tw/courses/114-1/39960
專題研究,李宏毅,46788,CommE8001,942D0040,必修,,,,1 類,,1,,https://course.ntu.edu.tw/courses/114-1/46788
專題研究,林士駿,26808,CommE8001,942D0040,必修,,,,1 類,,1,,https://course.ntu.edu.tw/courses/114-1/26808
專題研究,李俊興,37581,CommE8001,942D0040,必修,,,,1 類,,1,,https://course.ntu.edu.tw/courses/114-1/37581
專題研究,林坤佑,30305,CommE8001,942D0040,必修,,,,1 類,,1,,https://course.ntu.edu.tw/courses/114-1/30305
專題研究,蘇柏青,56547,CommE8001,942D0040,必修,,,,1 類,,1,,https://course.ntu.edu.tw/courses/114-1/56547
專題研究,吳沛遠,46352,CommE8001,942D0040,必修,,,,1 類,,1,,https://course.ntu.edu.tw/courses/114-1/46352
專題研究,劉俊麟,24871,CommE8001,942D0040,必修,,,,1 類,,1,,https://course.ntu.edu.tw/courses/114-1/24871
專題研究,吳宗澤,18609,CommE8001,942D0040,必修,,,,1 類,,1,,https://course.ntu.edu.tw/courses/114-1/18609
專題研究,鄭皓中,35535,CommE8001,942D0040,必修,,,,1 類,,1,,https://course.ntu.edu.tw/courses/114-1/35535
專題研究,鄭宇翔,44708,CommE8001,942D0040,必修,,,,1 類,,1,,https://course.ntu.edu.tw/courses/114-1/44708
專題研究,孫紹華,40316,CommE8001,942D0040,必修,,,,1 類,,1,,https://course.ntu.edu.tw/courses/114-1/40316
專題研究,黃楚翔,23010,CommE8001,942D0040,必修,,,,1 類,,1,,https://course.ntu.edu.tw/courses/114-1/23010
專題研究,李琳山,32676,CommE8001,942D0040,必修,,,,1 類,,1,,https://course.ntu.edu.tw/courses/114-1/32676
專題研究,江簡富,54361,CommE8001,942D0040,必修,,,,1 類,,1,,https://course.ntu.edu.tw/courses/114-1/54361
專題研究,瞿大雄,55525,CommE8001,942D0040,必修,,,,1 類,,1,,https://course.ntu.edu.tw/courses/114-1/55525
專題研究,陳光禎,12450,CommE8001,942D0040,必修,,,,1 類,,1,,https://course.ntu.edu.tw/courses/114-1/12450
專題討論,毛紹綱,53747,CommE8002,942D0050,必修,,"三 6,7",,1 類,,0,,https://course.ntu.edu.tw/courses/114-1/53747
專題討論,戴邇立,24093,CommE8002,942D0050,必修,,一 7,,1 類,,0,,https://course.ntu.edu.tw/courses/114-1/24093
專題討論,孫紹華,45496,CommE8002,942D0050,必修,,一 6,,1 類,,0,,https://course.ntu.edu.tw/courses/114-1/45496
博士論文,,42552,CommE8999,942D0010,必修,,,,1 類,,0,,https://course.ntu.edu.tw/courses/114-1/42552
邏輯思考,林婉瑜,58507,COS5001,200U0010,選修,,"三 3,4,5",博雅308,3 類,,1,,https://course.ntu.edu.tw/courses/114-1/58507
邏輯思考,郭姿余,20389,COS5001,200U0010,選修,,"四 3,4,5",博雅203,3 類,,1,,https://course.ntu.edu.tw/courses/114-1/20389
英文基本寫作,黃翊之,43257,COS5002,200U0020,選修,,"三 3,4,5",博雅308,3 類,,1,,https://course.ntu.edu.tw/courses/114-1/43257
學術簡報口語訓練,郭姿余,29305,COS5004,200U0040,選修,,"四 3,4,5",博雅203,3 類,,1,,https://course.ntu.edu.tw/courses/114-1/29305
人工智慧與科學,吳俊輝,19398,COS5005,200U0050,選修,,"四 9,10",新202,3 類,,2,,https://course.ntu.edu.tw/courses/114-1/19398
計算機概論,徐宏民,31619,CSIE1000,90210720,選修,,"一 2,3,4",資101,2 類,,3,,https://course.ntu.edu.tw/courses/114-1/31619
計算機概論,莊永裕,16465,CSIE1000,90210720,選修,,"二 7,8,9",資101,1 類,,3,,https://course.ntu.edu.tw/courses/114-1/16465
計算機程式設計,呂學一,43247,CSIE1210,90248000,必帶,,"一 7,8,9",共301,2 類,,3,,https://course.ntu.edu.tw/courses/114-1/43247
計算機程式設計,黃上恩,18416,CSIE1210,90248000,必帶,,"一 7,8,9",,2 類,,3,,https://course.ntu.edu.tw/courses/114-1/18416
計算機程式設計,張傑帆,14128,CSIE1210,90248000,必修,,"三 2,3,4",,2 類,,3,,https://course.ntu.edu.tw/courses/114-1/14128
網路管理與系統管理實驗,蔡欣穆,13478,CSIE1310,90210130,選修,,,,2 類,,1,,https://course.ntu.edu.tw/courses/114-1/13478
服務學習甲,張原豪,50308,CSIE1913,902001G0,必帶,,,,1 類,,1,,https://course.ntu.edu.tw/courses/114-1/50308
服務學習甲,羅紹元,30379,CSIE1913,902001G0,必帶,,,,1 類,,1,,https://course.ntu.edu.tw/courses/114-1/30379
服務學習甲,鄧善元,17967,CSIE1913,902001G0,必帶,,,,1 類,,1,,https://course.ntu.edu.tw/courses/114-1/17967
服務學習甲,張傑帆,11238,CSIE1913,902001G0,必帶,,,,1 類,,1,,https://course.ntu.edu.tw/courses/114-1/11238
服務學習甲,柯宗瑋,51157,CSIE1913,902001G0,必帶,,,,1 類,,1,,https://course.ntu.edu.tw/courses/114-1/51157
服務學習乙,蕭旭君,54322,CSIE1914,902001H0,必帶,,,,1 類,,1,,https://course.ntu.edu.tw/courses/114-1/54322
服務學習乙,鄭龍磻,44727,CSIE1914,902001H0,必帶,,,,1 類,,1,,https://course.ntu.edu.tw/courses/114-1/44727
服務學習乙,鄭文皇,30025,CSIE1914,902001H0,必帶,,,,1 類,,1,,https://course.ntu.edu.tw/courses/114-1/30025
服務學習乙,李濬屹,52450,CSIE1914,902001H0,必帶,,,,1 類,,1,,https://course.ntu.edu.tw/courses/114-1/52450
服務學習乙,黃上恩,53158,CSIE1914,902001H0,必帶,,,,1 類,,1,,https://course.ntu.edu.tw/courses/114-1/53158
計算機概論,傅楸善,17896,CSIE1920,90248040,選修,,"一 8,9",資110,1 類,,2,,https://course.ntu.edu.tw/courses/114-1/17896
多媒體製作,張瑞峰,37110,CSIE1922,90248070,選修,,"三 8,9",資107,3 類,,2,,https://course.ntu.edu.tw/courses/114-1/37110
現代科學與心靈科學,歐陽彥正,36234,CSIE1923,90248080,,,"五 7,8,9",普103,2 類,,3,,https://course.ntu.edu.tw/courses/114-1/36234
C/C++程式設計,張傑帆,37607,CSIE1928,90248150,,,"一 5,6,7",普203,2 類,,3,,https://course.ntu.edu.tw/courses/114-1/37607
Python 計算機程式設計,張傑帆,17026,CSIE1929,90248160,,,"一 8,9,10",普203,2 類,,3,,https://course.ntu.edu.tw/courses/114-1/17026
線性代數,李彥寰,26092,CSIE2120,90225040,必帶,,"二 7,8,9",資104,3 類,,3,,https://course.ntu.edu.tw/courses/114-1/26092
線性代數,李明穗,34574,CSIE2120,90225040,必帶,,"二 6,7,8",資102,3 類,,3,,https://course.ntu.edu.tw/courses/114-1/34574
演算法設計與分析,蕭旭君,59371,CSIE2136,90225800,必帶,,"四 7,8,9",資102,2 類,,3,,https://course.ntu.edu.tw/courses/114-1/59371
演算法設計與分析,呂學一,30183,CSIE2136,90225800,必帶,,"四 7,8,9",資104,2 類,,3,,https://course.ntu.edu.tw/courses/114-1/30183
系統程式設計,黎士瑋,16541,CSIE2210,90225900,必帶,,"四 2,3,4",資103,2 類,,3,,https://course.ntu.edu.tw/courses/114-1/16541
前瞻資訊科技一,蔡欣穆,54126,CSIE3015,90239800,選修,,"五 7,8,9",博雅103,2 類,,3,,https://course.ntu.edu.tw/courses/114-1/54126
自動機與形式語言,林智仁,44378,CSIE3110,90243500,必帶,,"一 3,4,5",資102,1 類,,3,,https://course.ntu.edu.tw/courses/114-1/44378
自動機與形式語言,林忠緯,45518,CSIE3110,90243500,必帶,,"一 3,4,5",資103,2 類,,3,,https://course.ntu.edu.tw/courses/114-1/45518
編譯程式設計,洪鼎詠,27860,CSIE3230,90239200,選修,,"二 6,7,8",資111,3 類,,3,,https://course.ntu.edu.tw/courses/114-1/27860
計算機結構,楊佳玲,37669,CSIE3340,90246100,必帶,,"三 7,8,9",資104,2 類,,3,,https://course.ntu.edu.tw/courses/114-1/37669
計算機結構,洪士灝,22734,CSIE3340,90246100,必帶,,"二 2,3,4",資104,2 類,,3,,https://course.ntu.edu.tw/courses/114-1/22734
計算機網路,周承復,47356,CSIE3510,90239130,必帶,,"二 2,3,4",資102,2 類,,3,,https://course.ntu.edu.tw/courses/114-1/47356
計算機網路,逄愛君,27494,CSIE3510,90239130,必帶,,"三 7,8,9",資102,2 類,,3,,https://course.ntu.edu.tw/courses/114-1/27494
專題研究,傅立成,12636,CSIE3512,90237000,必修,,,,2 類,,2,,https://course.ntu.edu.tw/courses/114-1/12636
專題研究,陳信希,49496,CSIE3512,90237000,必修,,,,2 類,,2,,https://course.ntu.edu.tw/courses/114-1/49496
專題研究,呂育道,23418,CSIE3512,90237000,必修,,,,2 類,,2,,https://course.ntu.edu.tw/courses/114-1/23418
專題研究,洪一平,48085,CSIE3512,90237000,必修,,,,2 類,,2,,https://course.ntu.edu.tw/courses/114-1/48085
專題研究,趙坤茂,34709,CSIE3512,90237000,必修 / 選修,,,,2 類,,2,,https://course.ntu.edu.tw/courses/114-1/34709
專題研究,周承復,58136,CSIE3512,90237000,必修,,,,2 類,,2,,https://course.ntu.edu.tw/courses/114-1/58136
專題研究,逄愛君,52465,CSIE3512,90237000,必修,,,,2 類,,2,,https://course.ntu.edu.tw/courses/114-1/52465
專題研究,施吉昇,14644,CSIE3512,90237000,必修,,,,2 類,,2,,https://course.ntu.edu.tw/courses/114-1/14644
專題研究,莊永裕,43466,CSIE3512,90237000,必修,,,,2 類,,2,,https://course.ntu.edu.tw/courses/114-1/43466
專題研究,洪士灝,59533,CSIE3512,90237000,必修,,,,2 類,,2,,https://course.ntu.edu.tw/courses/114-1/59533
專題研究,張瑞峰,34352,CSIE3512,90237000,必修,,,,2 類,,2,,https://course.ntu.edu.tw/courses/114-1/34352
專題研究,曾宇鳳,14045,CSIE3512,90237000,必修 / 選修,,,,2 類,,2,,https://course.ntu.edu.tw/courses/114-1/14045
專題研究,鄭卜壬,11619,CSIE3512,90237000,必修,,,,2 類,,2,,https://course.ntu.edu.tw/courses/114-1/11619
專題研究,林守德,49435,CSIE3512,90237000,必修,,,,2 類,,2,,https://course.ntu.edu.tw/courses/114-1/49435
專題研究,李明穗,22487,CSIE3512,90237000,必修,,,,2 類,,2,,https://course.ntu.edu.tw/courses/114-1/22487
專題研究,徐宏民,18676,CSIE3512,90237000,必修,,,,2 類,,2,,https://course.ntu.edu.tw/courses/114-1/18676
專題研究,廖世偉,26913,CSIE3512,90237000,必修,,,,2 類,,2,,https://course.ntu.edu.tw/courses/114-1/26913
專題研究,林軒田,56622,CSIE3512,90237000,必修,,,,2 類,,2,,https://course.ntu.edu.tw/courses/114-1/56622
專題研究,蔡欣穆,13422,CSIE3512,90237000,必修,,,,2 類,,2,,https://course.ntu.edu.tw/courses/114-1/13422
專題研究,陳彥仰,49006,CSIE3512,90237000,必修,,,,2 類,,2,,https://course.ntu.edu.tw/courses/114-1/49006
專題研究,蕭旭君,27756,CSIE3512,90237000,必修,,,,2 類,,2,,https://course.ntu.edu.tw/courses/114-1/27756
專題研究,陳縕儂,43747,CSIE3512,90237000,必修,,,,2 類,,2,,https://course.ntu.edu.tw/courses/114-1/43747
專題研究,林忠緯,33781,CSIE3512,90237000,必修,,,,2 類,,2,,https://course.ntu.edu.tw/courses/114-1/33781
專題研究,李彥寰,22572,CSIE3512,90237000,必修,,,,2 類,,2,,https://course.ntu.edu.tw/courses/114-1/22572
專題研究,陳尚澤,31332,CSIE3512,90237000,必修,,,,2 類,,2,,https://course.ntu.edu.tw/courses/114-1/31332
專題研究,陳祝嵩,18966,CSIE3512,90237000,必修,,,,2 類,,2,,https://course.ntu.edu.tw/courses/114-1/18966
專題研究,張傑帆,44025,CSIE3512,90237000,必修,,,,2 類,,2,,https://course.ntu.edu.tw/courses/114-1/44025
專題研究,黎士瑋,29078,CSIE3512,90237000,必修,,,,2 類,,2,,https://course.ntu.edu.tw/courses/114-1/29078
專題研究,鄭文皇,42030,CSIE3512,90237000,必修,,,,2 類,,2,,https://course.ntu.edu.tw/courses/114-1/42030
專題研究,巫芳璟,10542,CSIE3512,90237000,必修,,,,2 類,,2,,https://course.ntu.edu.tw/courses/114-1/10542
專題研究,李濬屹,52310,CSIE3512,90237000,必修,,,,2 類,,2,,https://course.ntu.edu.tw/courses/114-1/52310
專題研究,黃上恩,26990,CSIE3512,90237000,必修,,,,2 類,,2,,https://course.ntu.edu.tw/courses/114-1/26990
專題研究,柯宗瑋,14436,CSIE3512,90237000,必修,,,,2 類,,2,,https://course.ntu.edu.tw/courses/114-1/14436
專題研究,張原豪,51247,CSIE3512,90237000,必修,,,,2 類,,2,,https://course.ntu.edu.tw/courses/114-1/51247
專題研究,羅紹元,51457,CSIE3512,90237000,必修,,,,2 類,,2,,https://course.ntu.edu.tw/courses/114-1/51457
專題研究,鄧善元,17981,CSIE3512,90237000,必修,,,,2 類,,2,,https://course.ntu.edu.tw/courses/114-1/17981
計算邏輯簡介,王柏堯,22506,CSIE4111,90248130,選修,,"三 2,3,4",資111,2 類,,3,,https://course.ntu.edu.tw/courses/114-1/22506
個人通訊服務,林  風,17372,CSIE5015,922U0150,選修,,"二 7,8,9",資110,2 類,,3,,https://course.ntu.edu.tw/courses/114-1/17372
虛擬實境遊戲設計,陳彥仰,25013,CSIE5027,922U4690,選修,,"三 6,7,8",,2 類,,3,,https://course.ntu.edu.tw/courses/114-1/25013
機器學習,李濬屹,16261,CSIE5043,922U0960,選修,,"五 9,10,A",資103,2 類,,3,,https://course.ntu.edu.tw/courses/114-1/16261
機器人學,傅立成,41481,CSIE5047,922U1070,選修,,"一 6,7,8",資102,2 類,,3,,https://course.ntu.edu.tw/courses/114-1/41481
類神經網路,劉長遠,27754,CSIE5052,922U1180,選修,,"三 7,8,9",資310,1 類,,3,,https://course.ntu.edu.tw/courses/114-1/27754
高等編譯器設計,廖世偉,58407,CSIE5054,922U1220,選修,,"五 0,10,A",,2 類,,3,,https://course.ntu.edu.tw/courses/114-1/58407
機器人知覺與學習,柯宗瑋,30828,CSIE5117,922U3430,選修,,"三 2,3,4",資104,2 類,,3,,https://course.ntu.edu.tw/courses/114-1/30828
醫學影像處理,張瑞峰,37274,CSIE5120,922U3460,選修,,"三 3,4,5",資107,3 類,,3,,https://course.ntu.edu.tw/courses/114-1/37274
遊戲設計,陳炳宇,44873,CSIE5121,922U3480,選修,,"二 7,8,9",,2 類,,3,,https://course.ntu.edu.tw/courses/114-1/44873
生醫資訊學導論,曾宇鳳,13707,CSIE5122,922U3490,必修 / 選修,,"四 2,3,4",資102,2 類,,3,,https://course.ntu.edu.tw/courses/114-1/13707
量子電腦,劉長遠,58796,CSIE5134,922U4480,選修,,"一 7,8,9",資310,1 類,,1,,https://course.ntu.edu.tw/courses/114-1/58796
Big Data程式語言、編譯與應用,廖世偉,35711,CSIE5211,922U4230,選修,,"五 1,2,3",,2 類,,3,,https://course.ntu.edu.tw/courses/114-1/35711
平行程式設計,李濬屹,20020,CSIE5213,922U1520,選修,,"五 2,3,4",資104,2 類,,3,,https://course.ntu.edu.tw/courses/114-1/20020
區塊鏈導論,薛智文,52303,CSIE5300,922U4510,選修,,"一 A,B,C",資102,1 類,,3,,https://course.ntu.edu.tw/courses/114-1/52303
軟體定義車輛之中介軟體設計,施吉昇,28024,CSIE5320,922U4990,選修,,"四 6,7,8",資105,2 類,,3,,https://course.ntu.edu.tw/courses/114-1/28024
記憶體與儲存系統,張原豪,95023,CSIE5360,922U5020,選修,,"一 2,3,4",資111,2 類,,3,,https://course.ntu.edu.tw/courses/114-1/95023
高效能巨量資料與人工智慧系統,洪士灝,95022,CSIE5373,922U4620,選修,,"四 2,3,4",資101,2 類,,3,,https://course.ntu.edu.tw/courses/114-1/95022
行動與普適智慧,巫芳璟,11362,CSIE5411,922U4890,選修,,"二 6,7,8",資107,2 類,,3,,https://course.ntu.edu.tw/courses/114-1/11362
多模態人工智慧,羅紹元,54912,CSIE5412,922U5000,選修,,"三 7,8,9",資101,2 類,,3,,https://course.ntu.edu.tw/courses/114-1/54912
感知運算,徐宏民,25706,CSIE5420,922U4460,選修,,"二 7,8,9",資105,2 類,,3,,https://course.ntu.edu.tw/courses/114-1/25706
電腦視覺實務與深度學習,鄭文皇,10111,CSIE5428,922U4850,選修,,"五 2,3,4",資103,2 類,,3,,https://course.ntu.edu.tw/courses/114-1/10111
三維電腦視覺與深度學習應用,陳祝嵩,53626,CSIE5429,922U4750,選修,,"一 7,8,9",資107,2 類,,3,,https://course.ntu.edu.tw/courses/114-1/53626
深度學習之應用,陳縕儂,26131,CSIE5431,922U4340,選修,,"一 7,8,9",資103,3 類,,3,,https://course.ntu.edu.tw/courses/114-1/26131
金融科技導論,廖世偉,31065,CSIE5434,922U4410,選修,,"五 B,C,D",,2 類,,3,,https://course.ntu.edu.tw/courses/114-1/31065
金融科技導論,張智星,12317,CSIE5434,922U4410,選修,,"三 2,3,4",資103,1 類,,3,,https://course.ntu.edu.tw/courses/114-1/12317
機器學習安全特論,陳尚澤,19785,CSIE5436,922U4630,選修,,"三 2,3,4",資105,2 類,,3,,https://course.ntu.edu.tw/courses/114-1/19785
資訊檢索與擷取,陳信希,19947,CSIE5460,922U1910,選修,,"四 2,3,4",資105,2 類,,3,,https://course.ntu.edu.tw/courses/114-1/19947
數位影像處理,洪一平,20451,CSIE5612,922U3010,選修,,"一 7,8,9",資104,2 類,,3,,https://course.ntu.edu.tw/courses/114-1/20451
互動系統設計與實作,鄭龍磻,32726,CSIE5646,922U4950,選修,,"四 2,3,4",,2 類,,3,,https://course.ntu.edu.tw/courses/114-1/32726
互動裝置自造與發明,鄧善元,10433,CSIE5647,922U5010,選修,,"二 7,8,9",,2 類,,3,,https://course.ntu.edu.tw/courses/114-1/10433
電腦視覺,傅楸善,45935,CSIE5732,922U0610,選修,,"二 7,8,9",資103,1 類,,3,,https://course.ntu.edu.tw/courses/114-1/45935
軟體工程設計,李允中,58764,CSIE5734,922U0830,選修,,"二 1,2,3",資110,2 類,,3,,https://course.ntu.edu.tw/courses/114-1/58764
專題討論,鄭龍磻,35953,CSIE7000,922M0030,必修,,,,1 類,,1,,https://course.ntu.edu.tw/courses/114-1/35953
專題討論,陳彥仰,56302,CSIE7000,922M0030,必修,,,,1 類,,1,,https://course.ntu.edu.tw/courses/114-1/56302
計算機安全,蕭旭君,12612,CSIE7016,922M0550,選修,,"一 2,3,4",,2 類,,3,,https://course.ntu.edu.tw/courses/114-1/12612
財務演算法,呂育道,43294,CSIE7134,922U0270,選修,,"四 7,8,9",資107,3 類,,3,,https://course.ntu.edu.tw/courses/114-1/43294
機器學習特論,林智仁,25796,CSIE7435,922U3940,選修,,"二 3,4,5",資101,1 類,,3,,https://course.ntu.edu.tw/courses/114-1/25796
資訊理論與編碼技巧,吳家麟,48744,CSIE7624,922U1030,選修,,"一 6,7,8",資101,2 類,,3,,https://course.ntu.edu.tw/courses/114-1/48744
專題研究,陳信希,55860,CSIE7990,922M0020,必修,,,,2 類,,1,,https://course.ntu.edu.tw/courses/114-1/55860
專題研究,歐陽彥正,16197,CSIE7990,922M0020,必修,,,,2 類,,1,,https://course.ntu.edu.tw/courses/114-1/16197
專題研究,傅楸善,40848,CSIE7990,922M0020,必修,,,,1 類,,1,,https://course.ntu.edu.tw/courses/114-1/40848
專題研究,呂育道,41930,CSIE7990,922M0020,必修,,,,2 類,,1,,https://course.ntu.edu.tw/courses/114-1/41930
專題研究,林智仁,47119,CSIE7990,922M0020,必修,,,,2 類,,1,,https://course.ntu.edu.tw/courses/114-1/47119
專題研究,劉邦鋒,32405,CSIE7990,922M0020,必修,,,,2 類,,1,,https://course.ntu.edu.tw/courses/114-1/32405
專題研究,林  風,39788,CSIE7990,922M0020,必修,,,,2 類,,1,,https://course.ntu.edu.tw/courses/114-1/39788
專題研究,楊佳玲,10420,CSIE7990,922M0020,必修,,,,2 類,,1,,https://course.ntu.edu.tw/courses/114-1/10420
專題研究,洪一平,12497,CSIE7990,922M0020,必修,,,,2 類,,1,,https://course.ntu.edu.tw/courses/114-1/12497
專題研究,趙坤茂,20548,CSIE7990,922M0020,必修 / 選修,,,,2 類,,1,,https://course.ntu.edu.tw/courses/114-1/20548
專題研究,周承復,25966,CSIE7990,922M0020,必修,,,,2 類,,1,,https://course.ntu.edu.tw/courses/114-1/25966
專題研究,逄愛君,14809,CSIE7990,922M0020,必修,,,,2 類,,1,,https://course.ntu.edu.tw/courses/114-1/14809
專題研究,施吉昇,52704,CSIE7990,922M0020,必修,,,,2 類,,1,,https://course.ntu.edu.tw/courses/114-1/52704
專題研究,莊永裕,34980,CSIE7990,922M0020,必修,,,,2 類,,1,,https://course.ntu.edu.tw/courses/114-1/34980
專題研究,洪士灝,21768,CSIE7990,922M0020,必修,,,,2 類,,1,,https://course.ntu.edu.tw/courses/114-1/21768
專題研究,薛智文,15593,CSIE7990,922M0020,必修,,,,2 類,,1,,https://course.ntu.edu.tw/courses/114-1/15593
專題研究,張瑞峰,40694,CSIE7990,922M0020,必修,,,,2 類,,1,,https://course.ntu.edu.tw/courses/114-1/40694
專題研究,曾宇鳳,39375,CSIE7990,922M0020,必修 / 選修,,,,2 類,,1,,https://course.ntu.edu.tw/courses/114-1/39375
專題研究,鄭卜壬,46590,CSIE7990,922M0020,必修,,,,2 類,,1,,https://course.ntu.edu.tw/courses/114-1/46590
專題研究,林守德,49357,CSIE7990,922M0020,必修,,,,2 類,,1,,https://course.ntu.edu.tw/courses/114-1/49357
專題研究,李明穗,48642,CSIE7990,922M0020,必修,,,,2 類,,1,,https://course.ntu.edu.tw/courses/114-1/48642
專題研究,徐宏民,35717,CSIE7990,922M0020,必修,,,,2 類,,1,,https://course.ntu.edu.tw/courses/114-1/35717
專題研究,廖世偉,25835,CSIE7990,922M0020,必修,,,,2 類,,1,,https://course.ntu.edu.tw/courses/114-1/25835
專題研究,陳炳宇,33908,CSIE7990,922M0020,必修,,,,1 類,,1,,https://course.ntu.edu.tw/courses/114-1/33908
專題研究,林軒田,59787,CSIE7990,922M0020,必修,,,,2 類,,1,,https://course.ntu.edu.tw/courses/114-1/59787
專題研究,蔡欣穆,13356,CSIE7990,922M0020,必修,,,,2 類,,1,,https://course.ntu.edu.tw/courses/114-1/13356
專題研究,陳彥仰,22534,CSIE7990,922M0020,必修,,,,2 類,,1,,https://course.ntu.edu.tw/courses/114-1/22534
專題研究,李允中,32551,CSIE7990,922M0020,必修,,,,2 類,,1,,https://course.ntu.edu.tw/courses/114-1/32551
專題研究,李彥寰,21877,CSIE7990,922M0020,必修,,,,2 類,,1,,https://course.ntu.edu.tw/courses/114-1/21877
專題研究,鄭龍磻,42644,CSIE7990,922M0020,必修,,,,2 類,,1,,https://course.ntu.edu.tw/courses/114-1/42644
專題研究,陳尚澤,28797,CSIE7990,922M0020,必修,,,,2 類,,1,,https://course.ntu.edu.tw/courses/114-1/28797
專題研究,陳祝嵩,16236,CSIE7990,922M0020,選修,,,,2 類,,1,,https://course.ntu.edu.tw/courses/114-1/16236
專題研究,黎士瑋,32001,CSIE7990,922M0020,必修,,,,2 類,,1,,https://course.ntu.edu.tw/courses/114-1/32001
專題研究,鄭文皇,44919,CSIE7990,922M0020,必修,,,,2 類,,1,,https://course.ntu.edu.tw/courses/114-1/44919
專題研究,巫芳璟,52123,CSIE7990,922M0020,必修,,,,2 類,,1,,https://course.ntu.edu.tw/courses/114-1/52123
專題研究,李濬屹,26364,CSIE7990,922M0020,必修,,,,2 類,,1,,https://course.ntu.edu.tw/courses/114-1/26364
專題研究,黃上恩,59546,CSIE7990,922M0020,必修,,,,2 類,,1,,https://course.ntu.edu.tw/courses/114-1/59546
專題研究,柯宗瑋,58761,CSIE7990,922M0020,必修,,,,2 類,,1,,https://course.ntu.edu.tw/courses/114-1/58761
專題研究,張原豪,43127,CSIE7990,922M0020,必修,,,,2 類,,1,,https://course.ntu.edu.tw/courses/114-1/43127
專題研究,羅紹元,56218,CSIE7990,922M0020,必修,,,,2 類,,1,,https://course.ntu.edu.tw/courses/114-1/56218
碩士論文,,16632,CSIE7999,922M0010,必修,,,,1 類,,0,,https://course.ntu.edu.tw/courses/114-1/16632
專題討論,張瑞峰,20815,CSIE8000,922D0030,必修,,,,1 類,,1,,https://course.ntu.edu.tw/courses/114-1/20815
專題研究,李琳山,45348,CSIE8990,922D0100,必修,,,,2 類,,1,,https://course.ntu.edu.tw/courses/114-1/45348
專題研究,吳家麟,35223,CSIE8990,922D0100,必修,,,,2 類,,1,,https://course.ntu.edu.tw/courses/114-1/35223
專題研究,傅立成,18380,CSIE8990,922D0100,必修,,,,2 類,,1,,https://course.ntu.edu.tw/courses/114-1/18380
專題研究,陳信希,50900,CSIE8990,922D0100,必修,,,,2 類,,1,,https://course.ntu.edu.tw/courses/114-1/50900
專題研究,歐陽彥正,44933,CSIE8990,922D0100,必修,,,,2 類,,1,,https://course.ntu.edu.tw/courses/114-1/44933
專題研究,傅楸善,56658,CSIE8990,922D0100,必修,,,,1 類,,1,,https://course.ntu.edu.tw/courses/114-1/56658
專題研究,呂育道,10223,CSIE8990,922D0100,必修,,,,2 類,,1,,https://course.ntu.edu.tw/courses/114-1/10223
專題研究,林智仁,49289,CSIE8990,922D0100,必修,,,,2 類,,1,,https://course.ntu.edu.tw/courses/114-1/49289
專題研究,楊佳玲,29420,CSIE8990,922D0100,必修,,,,2 類,,1,,https://course.ntu.edu.tw/courses/114-1/29420
專題研究,洪一平,47723,CSIE8990,922D0100,必修,,,,2 類,,1,,https://course.ntu.edu.tw/courses/114-1/47723
專題研究,周承復,46593,CSIE8990,922D0100,必修,,,,2 類,,1,,https://course.ntu.edu.tw/courses/114-1/46593
專題研究,逄愛君,57344,CSIE8990,922D0100,必修,,,,2 類,,1,,https://course.ntu.edu.tw/courses/114-1/57344
專題研究,施吉昇,21931,CSIE8990,922D0100,必修,,,,2 類,,1,,https://course.ntu.edu.tw/courses/114-1/21931
專題研究,莊永裕,22355,CSIE8990,922D0100,必修,,,,2 類,,1,,https://course.ntu.edu.tw/courses/114-1/22355
專題研究,薛智文,11051,CSIE8990,922D0100,必修,,,,2 類,,1,,https://course.ntu.edu.tw/courses/114-1/11051
專題研究,張瑞峰,27217,CSIE8990,922D0100,必修,,,,2 類,,1,,https://course.ntu.edu.tw/courses/114-1/27217
專題研究,曾宇鳳,56105,CSIE8990,922D0100,必修,,,,2 類,,1,,https://course.ntu.edu.tw/courses/114-1/56105
專題研究,鄭卜壬,31362,CSIE8990,922D0100,必修,,,,2 類,,1,,https://course.ntu.edu.tw/courses/114-1/31362
專題研究,林守德,32297,CSIE8990,922D0100,必修,,,,2 類,,1,,https://course.ntu.edu.tw/courses/114-1/32297
專題研究,徐宏民,24030,CSIE8990,922D0100,必修,,,,2 類,,1,,https://course.ntu.edu.tw/courses/114-1/24030
專題研究,廖世偉,13153,CSIE8990,922D0100,必修,,,,2 類,,1,,https://course.ntu.edu.tw/courses/114-1/13153
專題研究,林軒田,47934,CSIE8990,922D0100,必修,,,,2 類,,1,,https://course.ntu.edu.tw/courses/114-1/47934
專題研究,陳彥仰,10957,CSIE8990,922D0100,必修,,,,2 類,,1,,https://course.ntu.edu.tw/courses/114-1/10957
專題研究,蕭旭君,23587,CSIE8990,922D0100,必修,,,,2 類,,1,,https://course.ntu.edu.tw/courses/114-1/23587
專題研究,陳縕儂,27423,CSIE8990,922D0100,必修,,,,2 類,,1,,https://course.ntu.edu.tw/courses/114-1/27423
專題研究,林忠緯,56551,CSIE8990,922D0100,必修,,,,2 類,,1,,https://course.ntu.edu.tw/courses/114-1/56551
專題研究,陳尚澤,42962,CSIE8990,922D0100,必修,,,,2 類,,1,,https://course.ntu.edu.tw/courses/114-1/42962
專題研究,陳祝嵩,39435,CSIE8990,922D0100,必修,,,,2 類,,1,,https://course.ntu.edu.tw/courses/114-1/39435
專題研究,鄭文皇,52121,CSIE8990,922D0100,必修,,,,2 類,,1,,https://course.ntu.edu.tw/courses/114-1/52121
專題研究,李濬屹,27328,CSIE8990,922D0100,必修,,,,2 類,,1,,https://course.ntu.edu.tw/courses/114-1/27328
專題研究,張原豪,18754,CSIE8990,922D0100,必修,,,,2 類,,1,,https://course.ntu.edu.tw/courses/114-1/18754
博士論文,,39742,CSIE8999,922D0010,必修,,,,1 類,,0,,https://course.ntu.edu.tw/courses/114-1/39742
資料科學之統計基礎(一),黃名鉞,10976,Data5004,946U0040,必修,,"四 6,7,8",新202,1 類,,3,,https://course.ntu.edu.tw/courses/114-1/10976
Python程式設計,林澤佑,41516,Data5006,946U0060,,,"二 3,4,5",新302,3 類,,3,,https://course.ntu.edu.tw/courses/114-1/41516
Python程式設計,林澤佑,41547,Data5006,946U0060,,,"二 6,7,8",新403,3 類,,3,,https://course.ntu.edu.tw/courses/114-1/41547
Python程式設計,林澤佑,50628,Data5006,946U0060,,,"三 6,7,8",新302,2 類,,3,,https://course.ntu.edu.tw/courses/114-1/50628
數據分析與流形學習,林澤佑,16153,Data5008,946U0080,選修,,"三 3,4,5",新501,1 類,,3,,https://course.ntu.edu.tw/courses/114-1/16153
資料科學計算,潘建興,17788,Data5009,946U0090,必修,,"三 2,3,4",新201,3 類,,3,,https://course.ntu.edu.tw/courses/114-1/17788
社群網路,楊得年,22229,Data5012,946U0120,選修,,"二 7,8,9",,2 類,,3,,https://course.ntu.edu.tw/courses/114-1/22229
前瞻智慧聯網,王志宇,41073,Data5013,946U0130,選修,,"二 6,7,8",,2 類,,3,,https://course.ntu.edu.tw/courses/114-1/41073
專題研究,王偉仲,55303,Data7002,946M0020,必修,,,,2 類,,1,,https://course.ntu.edu.tw/courses/114-1/55303
專題研究,林  澤,34616,Data7002,946M0020,必修,,,,2 類,,1,,https://course.ntu.edu.tw/courses/114-1/34616
專題研究,陳銘憲,47970,Data7002,946M0020,必修,,,,2 類,,1,,https://course.ntu.edu.tw/courses/114-1/47970
專題研究,吳沛遠,57949,Data7002,946M0020,必修,,,,2 類,,1,,https://course.ntu.edu.tw/courses/114-1/57949
專題研究,張耀文,11462,Data7002,946M0020,必修,,,,2 類,,1,,https://course.ntu.edu.tw/courses/114-1/11462
專題研究,楊鈞澔,34573,Data7002,946M0020,必修,,,,2 類,,1,,https://course.ntu.edu.tw/courses/114-1/34573
專題研究,孫紹華,55551,Data7002,946M0020,必修,,,,2 類,,1,,https://course.ntu.edu.tw/courses/114-1/55551
專題研究,江介宏,43607,Data7002,946M0020,必修,,,,2 類,,1,,https://course.ntu.edu.tw/courses/114-1/43607
專題研究,劉子毓,23763,Data7002,946M0020,必修,,,,2 類,,1,,https://course.ntu.edu.tw/courses/114-1/23763
專題討論,陳定立,16479,Data7003,946M0030,必修,,五 6,,1 類,,1,,https://course.ntu.edu.tw/courses/114-1/16479
碩士論文,,31576,Data7999,946M0010,必修,,,,1 類,,0,,https://course.ntu.edu.tw/courses/114-1/31576
專題研究,王偉仲,17978,Data8002,946D0020,必修,,,,2 類,,1,,https://course.ntu.edu.tw/courses/114-1/17978
專題研究,崔茂培,20655,Data8002,946D0020,必修,,,,2 類,,1,,https://course.ntu.edu.tw/courses/114-1/20655
專題研究,沈俊嚴,15334,Data8002,946D0020,必修,,,,2 類,,1,,https://course.ntu.edu.tw/courses/114-1/15334
專題研究,林  澤,22449,Data8002,946D0020,必修,,,,2 類,,1,,https://course.ntu.edu.tw/courses/114-1/22449
專題研究,吳沛遠,20394,Data8002,946D0020,必修,,,,2 類,,1,,https://course.ntu.edu.tw/courses/114-1/20394
專題研究,張耀文,36859,Data8002,946D0020,必修,,,,2 類,,1,,https://course.ntu.edu.tw/courses/114-1/36859
專題研究,孫紹華,52525,Data8002,946D0020,必修,,,,2 類,,1,,https://course.ntu.edu.tw/courses/114-1/52525
專題研究,楊奕軒,28496,Data8002,946D0020,必修,,,,2 類,,1,,https://course.ntu.edu.tw/courses/114-1/28496
專題研究,江介宏,48801,Data8002,946D0020,必修,,,,2 類,,1,,https://course.ntu.edu.tw/courses/114-1/48801
專題討論,修丕承,44288,Data8003,946D0030,必修,,五 6,,1 類,,1,,https://course.ntu.edu.tw/courses/114-1/44288
博士論文,,12212,Data8999,946D0010,必修,,,,1 類,,0,,https://course.ntu.edu.tw/courses/114-1/12212
服務學習甲,林頌然,29065,DBME0001,508001G0,必帶,,,,2 類,,1,,https://course.ntu.edu.tw/courses/114-1/29065
生物醫學工程導論上,程子翔,53381,DBME1002,50810101,必帶,,"二 7,8",,2 類,,1,,https://course.ntu.edu.tw/courses/114-1/53381
工程力學,呂東武,27167,DBME1005,50811100,必帶,,"五 6,7,8",,2 類,,3,,https://course.ntu.edu.tw/courses/114-1/27167
工程數學上,陳中明,12252,DBME2004,50820101,必帶 / 必修,,"三 7,8,9",,2 類,,3,,https://course.ntu.edu.tw/courses/114-1/12252
材料力學,施博仁,41136,DBME2006,50821100,必帶 / 必修,,"五 2,3,4",,3 類,,3,,https://course.ntu.edu.tw/courses/114-1/41136
基礎解剖學,梁祥光,46953,DBME2007,50821200,必帶,,"三 2,3,4",,3 類,,3,,https://course.ntu.edu.tw/courses/114-1/46953
程式語言,程子翔,19817,DBME2008,50821300,必帶,,"二 2,3,4",,3 類,,3,,https://course.ntu.edu.tw/courses/114-1/19817
電子學一暨實驗,劉浩澧,59671,DBME2013,50821700,必帶,,"四 7,8,9",,2 類,,3,,https://course.ntu.edu.tw/courses/114-1/59671
學士專題研究一,林頌然,57566,DBME2022,50820200,必修,,,,3 類,,1,,https://course.ntu.edu.tw/courses/114-1/57566
學士專題研究一,趙本秀,51860,DBME2022,50820200,必修,,,,3 類,,1,,https://course.ntu.edu.tw/courses/114-1/51860
學士專題研究一,施博仁,33759,DBME2022,50820200,必修,,,,3 類,,1,,https://course.ntu.edu.tw/courses/114-1/33759
學士專題研究一,梁祥光,50221,DBME2022,50820200,必修,,,,3 類,,1,,https://course.ntu.edu.tw/courses/114-1/50221
學士專題研究一,程子翔,34423,DBME2022,50820200,必修,,,,3 類,,1,,https://course.ntu.edu.tw/courses/114-1/34423
學士專題研究一,林宗宏,32438,DBME2022,50820200,必修,,,,3 類,,1,,https://course.ntu.edu.tw/courses/114-1/32438
學士專題研究一,黃韻如,31417,DBME2022,50820200,必修,,,,3 類,,1,,https://course.ntu.edu.tw/courses/114-1/31417
學士專題研究一,朱麗安,45359,DBME2022,50820200,必修,,,,3 類,,1,,https://course.ntu.edu.tw/courses/114-1/45359
學士專題研究一,周資傑,16700,DBME2022,50820200,必修,,,,3 類,,1,,https://course.ntu.edu.tw/courses/114-1/16700
學士醫學工程專題討論上,陳中明,23607,DBME3005,50830120,必帶,,"二 7,8",,3 類,,1,,https://course.ntu.edu.tw/courses/114-1/23607
學士專題研究二,林峰輝,46062,DBME4001,50840110,必修,,,,3 類,,1,,https://course.ntu.edu.tw/courses/114-1/46062
學士專題研究二,王兆麟,38483,DBME4001,50840110,必修,,,,3 類,,1,,https://course.ntu.edu.tw/courses/114-1/38483
學士專題研究二,林啟萬,52823,DBME4001,50840110,必修,,,,3 類,,1,,https://course.ntu.edu.tw/courses/114-1/52823
學士專題研究二,趙福杉,47921,DBME4001,50840110,必修 / 選修,,,,3 類,,1,,https://course.ntu.edu.tw/courses/114-1/47921
學士專題研究二,陳中明,52610,DBME4001,50840110,必修,,,,3 類,,1,,https://course.ntu.edu.tw/courses/114-1/52610
學士專題研究二,施博仁,20188,DBME4001,50840110,必修,,,,3 類,,1,,https://course.ntu.edu.tw/courses/114-1/20188
學士專題研究二,程子翔,20956,DBME4001,50840110,必修,,,,3 類,,1,,https://course.ntu.edu.tw/courses/114-1/20956
學士專題研究二,林宗宏,42485,DBME4001,50840110,必修,,,,3 類,,1,,https://course.ntu.edu.tw/courses/114-1/42485
學士專題研究二,朱麗安,47234,DBME4001,50840110,必修,,,,3 類,,1,,https://course.ntu.edu.tw/courses/114-1/47234
學士專題研究二,周資傑,53582,DBME4001,50840110,必修,,,,3 類,,1,,https://course.ntu.edu.tw/courses/114-1/53582
進階生物化學,林峰輝,25090,DBME5002,528U0120,選修,,"二 2,3,4",,3 類,,3,,https://course.ntu.edu.tw/courses/114-1/25090
力生物學導論,趙本秀,59027,DBME5007,528U0020,選修,,"四 2,3,4",,3 類,,3,,https://course.ntu.edu.tw/courses/114-1/59027
醫用高分子,楊台鴻,25503,DBME5011,528U0060,選修,,"五 1,2,3",,3 類,,3,,https://course.ntu.edu.tw/courses/114-1/25503
人體神經肌肉骨骼生物力學,呂東武,35839,DBME5012,528U0070,選修,,"四 6,7,8",,2 類,,3,,https://course.ntu.edu.tw/courses/114-1/35839
醫學影像系統原理,梁祥光,21624,DBME5015,528U0130,選修,,"三 7,8,9",,2 類,,3,,https://course.ntu.edu.tw/courses/114-1/21624
基礎生醫影像處理技術,鄒奇軒,25162,DBME5018,528U0400,選修,,"一 A,B,C",普505,2 類,,3,,https://course.ntu.edu.tw/courses/114-1/25162
電生理,趙福杉,31961,DBME5022,528U0510,選修,,"四 2,3,4",展書樓506,2 類,,3,,https://course.ntu.edu.tw/courses/114-1/31961
電腦輔助工程分析,張書瑋,55491,DBME5029,528U0170,選修,,"二 2,3,4",,3 類,,3,,https://course.ntu.edu.tw/courses/114-1/55491
光學奈米材料,林宗宏,19265,DBME5038,528U2000,選修,,"五 6,7,8",共305,2 類,,3,,https://course.ntu.edu.tw/courses/114-1/19265
數位邏輯電路,趙福杉,43046,DBME5044,528U2030,選修,,"一 7,8,9",共401,2 類,,3,,https://course.ntu.edu.tw/courses/114-1/43046
神經科學研究方法,朱麗安,54262,DBME5045,528U2040,選修,,"三 2,3,4",,2 類,,3,,https://course.ntu.edu.tw/courses/114-1/54262
穿戴式裝置與數位健康,周資傑,20487,DBME5046,528U2050,選修,,"五 6,7,8",,2 類,,3,,https://course.ntu.edu.tw/courses/114-1/20487
醫學工程概論,趙本秀,44383,DBME7001,528M0030,必修 / 選修,,"一 7,8,9",基醫301,3 類,,3,,https://course.ntu.edu.tw/courses/114-1/44383
專題研究,林峰輝,55620,DBME7002,528M0040,必修,,,,3 類,,1,,https://course.ntu.edu.tw/courses/114-1/55620
專題研究,楊台鴻,58207,DBME7002,528M0040,必修 / 選修,,,,3 類,,1,,https://course.ntu.edu.tw/courses/114-1/58207
專題研究,王兆麟,44033,DBME7002,528M0040,必修,,,,2 類,,1,,https://course.ntu.edu.tw/courses/114-1/44033
專題研究,呂東武,40379,DBME7002,528M0040,必修,,,,3 類,,1,,https://course.ntu.edu.tw/courses/114-1/40379
專題研究,林啟萬,35788,DBME7002,528M0040,必修,,,,2 類,,1,,https://course.ntu.edu.tw/courses/114-1/35788
專題研究,趙福杉,42823,DBME7002,528M0040,必修 / 選修,,,,3 類,,1,,https://course.ntu.edu.tw/courses/114-1/42823
專題研究,陳中明,12340,DBME7002,528M0040,必修,,,,3 類,,1,,https://course.ntu.edu.tw/courses/114-1/12340
專題研究,林頌然,38115,DBME7002,528M0040,必修,,,,3 類,,1,,https://course.ntu.edu.tw/courses/114-1/38115
專題研究,趙本秀,36577,DBME7002,528M0040,必修,,,,3 類,,1,,https://course.ntu.edu.tw/courses/114-1/36577
專題研究,施博仁,46110,DBME7002,528M0040,必修,,,,3 類,,1,,https://course.ntu.edu.tw/courses/114-1/46110
專題研究,梁祥光,34014,DBME7002,528M0040,必修,,,,3 類,,1,,https://course.ntu.edu.tw/courses/114-1/34014
專題研究,程子翔,43615,DBME7002,528M0040,必修,,,,3 類,,1,,https://course.ntu.edu.tw/courses/114-1/43615
專題研究,吳文超,54291,DBME7002,528M0040,必修 / 選修,,,,3 類,,1,,https://course.ntu.edu.tw/courses/114-1/54291
專題研究,駱  遠,53134,DBME7002,528M0040,必修,,,,3 類,,1,,https://course.ntu.edu.tw/courses/114-1/53134
專題研究,劉浩澧,11126,DBME7002,528M0040,必修 / 選修,,,,3 類,,1,,https://course.ntu.edu.tw/courses/114-1/11126
專題研究,黃韻如,25853,DBME7002,528M0040,必修,,,,3 類,,1,,https://course.ntu.edu.tw/courses/114-1/25853
專題研究,林宗宏,34548,DBME7002,528M0040,必修,,,,3 類,,1,,https://course.ntu.edu.tw/courses/114-1/34548
專題研究,林靜嫻,14421,DBME7002,528M0040,必修,,,,3 類,,1,,https://course.ntu.edu.tw/courses/114-1/14421
專題研究,朱麗安,36180,DBME7002,528M0040,必修,,,,3 類,,1,,https://course.ntu.edu.tw/courses/114-1/36180
專題研究,周資傑,59520,DBME7002,528M0040,必修,,,,3 類,,1,,https://course.ntu.edu.tw/courses/114-1/59520
醫學工程專題討論,林啟萬,53191,DBME7003,528M0050,必修,,"二 7,8",基醫302,3 類,,1,,https://course.ntu.edu.tw/courses/114-1/53191
材料原理及應用,林峰輝,19401,DBME7005,528M0100,選修,,"一 2,3,4",,3 類,,3,,https://course.ntu.edu.tw/courses/114-1/19401
臨床步態分析理論與應用,呂東武,20713,DBME7053,528M0900,選修,,"五 2,3,4",,2 類,,3,,https://course.ntu.edu.tw/courses/114-1/20713
超音波細胞力生物學專題研究,王兆麟,52230,DBME7060,528M1850,選修,,"五 2,3,4",,2 類,,3,,https://course.ntu.edu.tw/courses/114-1/52230
生醫機械工程實驗方法,王兆麟,43484,DBME7073,528M1120,選修,,"五 6,7,8,9",,2 類,,3,,https://course.ntu.edu.tw/courses/114-1/43484
生理與解剖在醫工之應用一,林頌然,45901,DBME7093,528M1430,必修,,"二 2,3,4",基醫505,3 類,,3,,https://course.ntu.edu.tw/courses/114-1/45901
生醫工程論文寫作,趙福杉,18147,DBME7104,528M1720,選修,,"四 7,8,9",展書樓506,2 類,,3,,https://course.ntu.edu.tw/courses/114-1/18147
皮膚再生與發育專題,林頌然,27038,DBME7106,528M1450,選修,,"四 10,A,B",,2 類,,3,,https://course.ntu.edu.tw/courses/114-1/27038
碩士論文,,16740,DBME7999,528M0010,必修,,,,1 類,,0,,https://course.ntu.edu.tw/courses/114-1/16740
博士專題研究,林峰輝,47768,DBME8001,528D0020,必修,,,,3 類,,1,,https://course.ntu.edu.tw/courses/114-1/47768
博士專題研究,楊台鴻,59552,DBME8001,528D0020,必修,,,,1 類,,1,,https://course.ntu.edu.tw/courses/114-1/59552
博士專題研究,王兆麟,29720,DBME8001,528D0020,必修,,,,1 類,,1,,https://course.ntu.edu.tw/courses/114-1/29720
博士專題研究,呂東武,56546,DBME8001,528D0020,必修,,,,3 類,,1,,https://course.ntu.edu.tw/courses/114-1/56546
博士專題研究,林啟萬,57660,DBME8001,528D0020,必修,,,,2 類,,1,,https://course.ntu.edu.tw/courses/114-1/57660
博士專題研究,趙福杉,36962,DBME8001,528D0020,必修,,,,3 類,,1,,https://course.ntu.edu.tw/courses/114-1/36962
博士專題研究,陳中明,22673,DBME8001,528D0020,必修,,,,1 類,,1,,https://course.ntu.edu.tw/courses/114-1/22673
博士專題研究,林頌然,22479,DBME8001,528D0020,必修,,,,3 類,,1,,https://course.ntu.edu.tw/courses/114-1/22479
博士專題研究,趙本秀,27696,DBME8001,528D0020,必修,,,,3 類,,1,,https://course.ntu.edu.tw/courses/114-1/27696
博士專題研究,施博仁,59924,DBME8001,528D0020,必修,,,,3 類,,1,,https://course.ntu.edu.tw/courses/114-1/59924
博士專題研究,梁祥光,37662,DBME8001,528D0020,必修,,,,3 類,,1,,https://course.ntu.edu.tw/courses/114-1/37662
博士專題研究,程子翔,48718,DBME8001,528D0020,必修,,,,3 類,,1,,https://course.ntu.edu.tw/courses/114-1/48718
博士專題研究,林宗宏,27207,DBME8001,528D0020,必修,,,,3 類,,1,,https://course.ntu.edu.tw/courses/114-1/27207
博士專題研究,駱  遠,15522,DBME8001,528D0020,必修,,,,3 類,,1,,https://course.ntu.edu.tw/courses/114-1/15522
博士專題研究,林靜嫻,26480,DBME8001,528D0020,必修,,,,3 類,,1,,https://course.ntu.edu.tw/courses/114-1/26480
博士專題研究,朱麗安,39526,DBME8001,528D0020,必修,,,,3 類,,1,,https://course.ntu.edu.tw/courses/114-1/39526
高等醫學工程專題討論,林峰輝,16248,DBME8002,528D0030,必修,,"二 7,8",,3 類,,1,,https://course.ntu.edu.tw/courses/114-1/16248
博士論文,,21593,DBME8999,528D0010,必修,,,,1 類,,0,,https://course.ntu.edu.tw/courses/114-1/21593
牙醫學研究導論,陳敏慧,15730,Dent2002,40220000,必帶,,二 9,,3 類,,1,,https://course.ntu.edu.tw/courses/114-1/15730
口腔胚胎及組織學,王逸平,42585,Dent2005,40231100,必帶,,"五 6,7,8,9",,3 類,,2,,https://course.ntu.edu.tw/courses/114-1/42585
牙體形態學,陳羿貞,13588,Dent2011,40220300,必帶,,"二 3,4",,3 類,,2,,https://course.ntu.edu.tw/courses/114-1/13588
醫師與人文,陳敏慧,53576,Dent3012,40239400,必帶,,"五 3,4",,3 類,,1,,https://course.ntu.edu.tw/courses/114-1/53576
口腔解剖學上,章浩宏,15822,Dent3015,40230701,必帶,,五 1,,2 類,,1,,https://course.ntu.edu.tw/courses/114-1/15822
大體解剖學及實驗上,林能裕,50474,Dent3017,40231001,必帶,,"二 1,2,3,4,8,9 / 三 6,7",,2 類,,4,,https://course.ntu.edu.tw/courses/114-1/50474
全口補綴學,楊宗傑,47320,Dent4002,40243700,必帶,,"二 6,7",,3 類,,2,,https://course.ntu.edu.tw/courses/114-1/47320
全口補綴學實驗,楊宗傑,29283,Dent4003,40243800,必帶,,"三 1,2,3,4 / 五 6,7,8,9",,3 類,,2,,https://course.ntu.edu.tw/courses/114-1/29283
口腔顎面外科學一,章浩宏,53085,Dent4004,40254310,必帶,,"一 8,9",第八講堂,3 類,,2,,https://course.ntu.edu.tw/courses/114-1/53085
牙科麻醉學,章浩宏,32675,Dent4005,40254400,必帶,,"三 6,7",,3 類,,1,,https://course.ntu.edu.tw/courses/114-1/32675
牙醫學研究專題報告,章浩宏,25791,Dent4013,40240000,必帶,,"一 10,A",,3 類,,1,,https://course.ntu.edu.tw/courses/114-1/25791
牙體復形學二,姜昱至,39807,Dent4023,40242020,必帶,,三 3,,3 類,,1,,https://course.ntu.edu.tw/courses/114-1/39807
口腔病理診斷學暨實驗一,張玉芳,51476,Dent4026,40241110,必帶,,"四 6,7",,3 類,,2,,https://course.ntu.edu.tw/courses/114-1/51476
兒童牙科學,張曉華,29393,Dent5001,40256200,必帶,,二 1 / 三 1,,3 類,,2,,https://course.ntu.edu.tw/courses/114-1/29393
牙科法醫學,吳木榮,45309,Dent5004,40257100,必帶,,"二 6,7",,3 類,,1,,https://course.ntu.edu.tw/courses/114-1/45309
牙科放射線臨床實習上,李苑玲,32389,Dent5006,40261501,必帶,,,,3 類,,1,,https://course.ntu.edu.tw/courses/114-1/32389
口腔診斷學臨床實習上,張玉芳,18617,Dent5007,40261201,必帶,,,,3 類,,1,,https://course.ntu.edu.tw/courses/114-1/18617
牙科矯正學,陳羿貞,11917,Dent5009,40255100,必帶,,"三 8,9",,3 類,,2,,https://course.ntu.edu.tw/courses/114-1/11917
醫學倫理學,陳敏慧,51799,Dent5023,40256510,必帶,,"一 6,7",第八講堂,3 類,,1,,https://course.ntu.edu.tw/courses/114-1/51799
初階牙體復形學臨床實習,姜昱至,46860,Dent5024,40259300,必修,,,,3 類,,2,,https://course.ntu.edu.tw/courses/114-1/46860
初階補綴學臨床實習,王東美,37187,Dent5025,40259400,必修,,,,3 類,,2,,https://course.ntu.edu.tw/courses/114-1/37187
初階牙周病學臨床實習,郭彥彬,55501,Dent5026,40259500,必修,,,,3 類,,2,,https://course.ntu.edu.tw/courses/114-1/55501
初階口腔顎面外科學臨床實習,鄭世榮,37852,Dent5027,40259600,必修,,,,3 類,,2,,https://course.ntu.edu.tw/courses/114-1/37852
初階牙髓病學臨床實習,李苑玲,50772,Dent5028,40259700,必修,,,,3 類,,2,,https://course.ntu.edu.tw/courses/114-1/50772
局部補綴學一,王東美,20801,Dent5030,40255310,必帶,,五 6,,3 類,,1,,https://course.ntu.edu.tw/courses/114-1/20801
局部補綴學實驗一,陳韻之,36722,Dent5034,40255410,必帶,,"五 7,8,9",,3 類,,1,,https://course.ntu.edu.tw/courses/114-1/36722
特殊照護牙醫學,陳信銘,45881,Dent5037,40255800,必帶,,"四 6,7",,3 類,,1,,https://course.ntu.edu.tw/courses/114-1/45881
臨床實習前訓練課程上,章浩宏,18231,Dent5081,40259801,必帶,,"二 8,9,10,A",,3 類,,1,,https://course.ntu.edu.tw/courses/114-1/18231
兒童牙科臨床實習,張曉華,46552,Dent6021,40266100,必修,,,,3 類,,2,,https://course.ntu.edu.tw/courses/114-1/46552
牙體復形學臨床實習,姜昱至,42872,Dent6025,40262000,必修,,,,3 類,,6,,https://course.ntu.edu.tw/courses/114-1/42872
局部補綴學臨床實習,陳韻之,51478,Dent6031,40263500,必修,,,,3 類,,6,,https://course.ntu.edu.tw/courses/114-1/51478
全口補綴學臨床實習,楊宗傑,36559,Dent6033,40263800,必修,,,,3 類,,2,,https://course.ntu.edu.tw/courses/114-1/36559
口腔顎面外科臨床實習,鄭世榮,15845,Dent6034,40264300,必修,,,,3 類,,8,,https://course.ntu.edu.tw/courses/114-1/15845
牙科矯正學臨床實習,張瑞青,48449,Dent6035,40265100,必修,,,,3 類,,2,,https://course.ntu.edu.tw/courses/114-1/48449
牙科臨床病例暨專題研究討論上,李伯訓,56095,Dent6036,40268311,必帶,,"一 10,A",第八講堂,3 類,,1,,https://course.ntu.edu.tw/courses/114-1/56095
博士論文,,47940,DGH8001,854D0010,必修,,,,1 類,,0,,https://course.ntu.edu.tw/courses/114-1/47940
全球衛生博士專題討論二,郭年真,21630,DGH8006,854D0060,必修,,"一 8,9",,2 類,,2,,https://course.ntu.edu.tw/courses/114-1/21630
圖解 MOS 元件,劉致為,27272,DMHI5001,K43U1000,選修,,"六 7,8",,1 類,,2,,https://course.ntu.edu.tw/courses/114-1/27272
半導體材料與元件量測技術,李敏鴻,13084,DMHI5004,K43U0040,選修,,"五 7,8,9",,1 類,,3,,https://course.ntu.edu.tw/courses/114-1/13084
異質整合-3D IC技術簡介與應用,駱韋仲,45868,DMHI5007,K43U0070,選修,,"三 7,8",,2 類,,1,,https://course.ntu.edu.tw/courses/114-1/45868
半導體產業面面觀、經驗分享與實際演練,楊光磊,44692,DMHI5008,K43U0080,選修,,"一 2,3,4",,2 類,,3,,https://course.ntu.edu.tw/courses/114-1/44692
專題討論,李敏鴻,10602,DMHI7001,K43M2000,必修,,一 8,,1 類,,1,,https://course.ntu.edu.tw/courses/114-1/10602
研發實習,李敏鴻,56444,DMHI7002,K43M0030,必修,,,,2 類,,3,,https://course.ntu.edu.tw/courses/114-1/56444
專題研究,胡振國,58193,DMHI7003,K43M0020,必修,,,,1 類,,1,,https://course.ntu.edu.tw/courses/114-1/58193
專題研究,林浩雄,43861,DMHI7003,K43M0020,必修,,,,1 類,,1,,https://course.ntu.edu.tw/courses/114-1/43861
專題研究,林清富,53184,DMHI7003,K43M0020,必修,,,,1 類,,1,,https://course.ntu.edu.tw/courses/114-1/53184
專題研究,劉致為,56025,DMHI7003,K43M0020,選修,,,,1 類,,1,,https://course.ntu.edu.tw/courses/114-1/56025
專題研究,吳志毅,37447,DMHI7003,K43M0020,必修,,,,1 類,,1,,https://course.ntu.edu.tw/courses/114-1/37447
專題研究,林致廷,52606,DMHI7003,K43M0020,必修,,,,1 類,,1,,https://course.ntu.edu.tw/courses/114-1/52606
專題研究,吳肇欣,21699,DMHI7003,K43M0020,必修,,,,1 類,,1,,https://course.ntu.edu.tw/courses/114-1/21699
專題研究,李峻霣,51717,DMHI7003,K43M0020,必修,,,,1 類,,1,,https://course.ntu.edu.tw/courses/114-1/51717
專題研究,胡璧合,36476,DMHI7003,K43M0020,必修,,,,1 類,,1,,https://course.ntu.edu.tw/courses/114-1/36476
專題研究,張子璿,55265,DMHI7003,K43M0020,必修,,,,1 類,,1,,https://course.ntu.edu.tw/courses/114-1/55265
專題研究,高振宏,48632,DMHI7003,K43M0020,必修,,,,1 類,,1,,https://course.ntu.edu.tw/courses/114-1/48632
專題研究,陳敏璋,34928,DMHI7003,K43M0020,必修,,,,1 類,,1,,https://course.ntu.edu.tw/courses/114-1/34928
專題研究,顏鴻威,23332,DMHI7003,K43M0020,必修,,,,1 類,,1,,https://course.ntu.edu.tw/courses/114-1/23332
專題研究,薛景中,30070,DMHI7003,K43M0020,必修,,,,1 類,,1,,https://course.ntu.edu.tw/courses/114-1/30070
專題研究,李坤彥,39204,DMHI7003,K43M0020,必修,,,,1 類,,1,,https://course.ntu.edu.tw/courses/114-1/39204
專題研究,李敏鴻,39056,DMHI7003,K43M0020,必修,,,,1 類,,1,,https://course.ntu.edu.tw/courses/114-1/39056
計算機存儲系統：尖端技術與顛覆性創新,高德昌,43182,DMHI7005,K43M0050,選修,,"二 5,6",,3 類,,1,,https://course.ntu.edu.tw/courses/114-1/43182
碩士論文,,10513,DMHI7999,K43M0010,必修,,,,1 類,,0,,https://course.ntu.edu.tw/courses/114-1/10513
專題討論,李敏鴻,45576,DMHI8001,K44D2000,必修,,一 8,,1 類,,1,,https://course.ntu.edu.tw/courses/114-1/45576
研發實習,李敏鴻,38942,DMHI8002,K44D0030,必修,,,,2 類,,3,,https://course.ntu.edu.tw/courses/114-1/38942
專題研究,林浩雄,10070,DMHI8003,K44D0020,必修,,,,1 類,,1,,https://course.ntu.edu.tw/courses/114-1/10070
專題研究,劉致為,11914,DMHI8003,K44D0020,必修,,,,1 類,,1,,https://course.ntu.edu.tw/courses/114-1/11914
專題研究,吳志毅,53899,DMHI8003,K44D0020,必修,,,,1 類,,1,,https://course.ntu.edu.tw/courses/114-1/53899
專題研究,林致廷,34547,DMHI8003,K44D0020,必修,,,,1 類,,1,,https://course.ntu.edu.tw/courses/114-1/34547
專題研究,吳肇欣,49781,DMHI8003,K44D0020,必修,,,,1 類,,1,,https://course.ntu.edu.tw/courses/114-1/49781
專題研究,李峻霣,42005,DMHI8003,K44D0020,必修,,,,1 類,,1,,https://course.ntu.edu.tw/courses/114-1/42005
專題研究,胡璧合,27526,DMHI8003,K44D0020,必修,,,,1 類,,1,,https://course.ntu.edu.tw/courses/114-1/27526
專題研究,張子璿,23716,DMHI8003,K44D0020,必修,,,,1 類,,1,,https://course.ntu.edu.tw/courses/114-1/23716
專題研究,高振宏,51204,DMHI8003,K44D0020,必修,,,,1 類,,1,,https://course.ntu.edu.tw/courses/114-1/51204
專題研究,陳敏璋,12597,DMHI8003,K44D0020,必修,,,,1 類,,1,,https://course.ntu.edu.tw/courses/114-1/12597
專題研究,李坤彥,57875,DMHI8003,K44D0020,必修,,,,1 類,,1,,https://course.ntu.edu.tw/courses/114-1/57875
專題研究,李敏鴻,30932,DMHI8003,K44D0020,必修,,,,1 類,,1,,https://course.ntu.edu.tw/courses/114-1/30932
博士論文,,57906,DMHI8999,K44D0010,必修,,,,1 類,,0,,https://course.ntu.edu.tw/courses/114-1/57906
田野工作坊,黃書緯,48319,DS5605,Z00U0050,選修,,,,2 類,,1,,https://course.ntu.edu.tw/courses/114-1/48319
使用者經驗研究與設計,袁千雯,42210,DS5614,Z00U0140,選修,,"二 6,7,8",卓R505,2 類,,3,,https://course.ntu.edu.tw/courses/114-1/42210
音樂合作的藝術與實踐,蔡佳芬,54910,DS5615,Z00U0150,,,"六 2,3,4,5,6,7",卓R506,2 類,,3,,https://course.ntu.edu.tw/courses/114-1/54910
看電影學愛情,黃韻如,18823,DS5617,Z00U0170,,,"四 A,B,C,D",普103,2 類,,2,,https://course.ntu.edu.tw/courses/114-1/18823
設計你的人生,朱士維,19808,DS5623,Z00U0230,選修,,"三 2,3,4",共103,2 類,,3,,https://course.ntu.edu.tw/courses/114-1/19808
設計人生引導員培育暨專案實作,陳品豪,18777,DS5625,Z00U0250,選修,,"一 A,B,C",卓R506,2 類,,3,,https://course.ntu.edu.tw/courses/114-1/18777
設計思考入門1T,李宗興,47214,DS5626,Z00U0260,選修,,,,2 類,,1,,https://course.ntu.edu.tw/courses/114-1/47214
設計思考教練人才培育課程,黃書緯,18202,DS5628,Z00U0280,選修,,"二 A,B,C",卓R505,2 類,,3,,https://course.ntu.edu.tw/courses/114-1/18202
打造未來領袖,朱士維,23974,DS5644,Z00U0440,選修,,,,2 類,,3,,https://course.ntu.edu.tw/courses/114-1/23974
探索學習二,黃韻如,22028,DS5702,Z00U7020,選修,,,,2 類,,2,,https://course.ntu.edu.tw/courses/114-1/22028
探索學習三,黃韻如,19186,DS5703,Z00U7030,選修,,,,2 類,,2,,https://course.ntu.edu.tw/courses/114-1/19186
探索學習四,黃韻如,18169,DS5704,Z00U7040,選修,,,,2 類,,2,,https://course.ntu.edu.tw/courses/114-1/18169
探索學習：國際永續,趙曉芳,48542,DS5705,Z00U0750,選修,,,,2 類,,6,,https://course.ntu.edu.tw/courses/114-1/48542
服務學習甲,李佳穗,49565,ECON0006,303001G0,必修,,,,1 類,,1,,https://course.ntu.edu.tw/courses/114-1/49565
服務學習甲,朱玉琦,57182,ECON0006,303001G0,必修,,,,1 類,,1,,https://course.ntu.edu.tw/courses/114-1/57182
服務學習甲,小松利明,59108,ECON0006,303001G0,必修,,,,1 類,,1,,https://course.ntu.edu.tw/courses/114-1/59108
服務學習甲,劉育辰,28784,ECON0006,303001G0,必修,,,,1 類,,1,,https://course.ntu.edu.tw/courses/114-1/28784
服務學習甲,陳冠銘,48130,ECON0006,303001G0,必修,,,,1 類,,1,,https://course.ntu.edu.tw/courses/114-1/48130
服務學習乙,李佳穗,52353,ECON0007,303001H0,必修,,,,1 類,,1,,https://course.ntu.edu.tw/courses/114-1/52353
服務學習乙,小松利明,34200,ECON0007,303001H0,必修,,,,1 類,,1,,https://course.ntu.edu.tw/courses/114-1/34200
服務學習乙,朴聖民,40294,ECON0007,303001H0,必修,,,,1 類,,1,,https://course.ntu.edu.tw/courses/114-1/40294
服務學習乙,劉育辰,49482,ECON0007,303001H0,必修,,,,1 類,,1,,https://course.ntu.edu.tw/courses/114-1/49482
個體經濟學原理與實習,林明仁,33382,ECON1020,30310110,,,"一 5 / 三 5 / 五 2,3,4",社科和碩講堂,2 類,,4,,https://course.ntu.edu.tw/courses/114-1/33382
個體經濟學原理與實習,江淳芳,33599,ECON1020,30310110,,,"一 5 / 三 5 / 五 3,4,5",博雅102,2 類,,4,,https://course.ntu.edu.tw/courses/114-1/33599
個體經濟學原理與實習,樊家忠,55036,ECON1020,30310110,,,"一 5 / 三 5 / 五 2,3,4",博雅101/華南講堂,2 類,,4,,https://course.ntu.edu.tw/courses/114-1/55036
個體經濟學原理與實習,朴埻錄,28131,ECON1020,30310110,,,"一 5 / 三 5 / 五 3,4,5",新102,2 類,,4,,https://course.ntu.edu.tw/courses/114-1/28131
個體經濟學原理,朱敬一,36042,ECON1022,30310130,,,"五 2,3,4",博雅103,2 類,,3,,https://course.ntu.edu.tw/courses/114-1/36042
個體經濟學原理,宋玉生,42251,ECON1022,30310130,,,"二 2,3,4",社科202,2 類,,3,,https://course.ntu.edu.tw/courses/114-1/42251
個體經濟學原理,駱明慶,49348,ECON1022,30310130,,,"五 3,4,5",社科503,3 類,,3,,https://course.ntu.edu.tw/courses/114-1/49348
總體經濟學原理,陳虹如,16110,ECON1023,30310140,,,"五 3,4,5",社科502,3 類,,3,,https://course.ntu.edu.tw/courses/114-1/16110
總體經濟學原理,謝德宗,33836,ECON1023,30310140,,,"二 2,3,4",社科502,2 類,,3,,https://course.ntu.edu.tw/courses/114-1/33836
英文作文一上,李佳穗,23128,ECON1025,30311111,選修,,"三 8,9",社科305,2 類,,2,,https://course.ntu.edu.tw/courses/114-1/23128
個體經濟學上,蔡崇聖,28575,ECON2018,30320011,必修 / 選修,,"一 6,7,8",社科502,3 類,,3,,https://course.ntu.edu.tw/courses/114-1/28575
個體經濟學上,陳  儀,42969,ECON2018,30320011,必修,,"五 3,4,5",社科403,2 類,,3,,https://course.ntu.edu.tw/courses/114-1/42969
個體經濟學上,賴建宇,45708,ECON2018,30320011,必修 / 選修,,"一 2,3,4",社科502,3 類,,3,,https://course.ntu.edu.tw/courses/114-1/45708
總體經濟學上,毛慶生,40331,ECON2020,30320021,必修 / 選修,,"五 7,8,9",社科201,2 類,,3,,https://course.ntu.edu.tw/courses/114-1/40331
總體經濟學上,蘇軒立,59619,ECON2020,30320021,必修,,"二 3,4,5",社科506,3 類,,3,,https://course.ntu.edu.tw/courses/114-1/59619
統計學暨實習,陳旭昇,43967,ECON2022,30320050,必修,,"一 2,3,4 / 四 8,9",社科302,3 類,,4,,https://course.ntu.edu.tw/courses/114-1/43967
統計學暨實習,楊睿中,16090,ECON2022,30320050,必修,,"二 2,3,4 / 四 8,9",社科403,1 類,,4,,https://course.ntu.edu.tw/courses/114-1/16090
統計學暨實習,李宗穎,46841,ECON2022,30320050,必修,,"二 6,7 / 三 2,3,4",社科501/社科502,2 類,,4,,https://course.ntu.edu.tw/courses/114-1/46841
影視幕後的商業運作,馮勃翰,47294,ECON2024,30322080,,,"五 8,9",普102,2 類,,2,,https://course.ntu.edu.tw/courses/114-1/47294
職場英文寫作與口語表達,李佳穗,43034,ECON2026,30324730,選修,,"五 6,7,8",社科305,2 類,,3,,https://course.ntu.edu.tw/courses/114-1/43034
職場英文寫作與口語表達,李佳穗,32256,ECON2026,30324730,選修,,"五 7,8,9",,2 類,,3,,https://course.ntu.edu.tw/courses/114-1/32256
英文段落寫作與演練,李佳穗,58461,ECON2027,30324740,選修,,"四 7,8,9",社科305,2 類,,3,,https://course.ntu.edu.tw/courses/114-1/58461
英文作文二上,李佳穗,23840,ECON2029,30324760,選修,,"三 6,7",社科305,2 類,,2,,https://course.ntu.edu.tw/courses/114-1/23840
新聞中的經濟學：個體行為,王道一,16996,ECON2031,30322090,,,"五 7,8,9",社科和碩講堂,2 類,,3,,https://course.ntu.edu.tw/courses/114-1/16996
公司理財,吳儀玲,47492,ECON3019,30322410,選修,,"四 2,3,4",社科305,2 類,,3,,https://course.ntu.edu.tw/courses/114-1/47492
財政學,宋玉生,35220,ECON3040,30335000,選修,,"五 2,3,4",社科506,2 類,,3,,https://course.ntu.edu.tw/courses/114-1/35220
財政學,李顯峰,45064,ECON3040,30335000,選修,,"一 7,8,9",社科406,1 類,,3,,https://course.ntu.edu.tw/courses/114-1/45064
貨幣銀行學一,李怡庭,24828,ECON3043,30325010,選修,,"三 6,7,8",社科201,2 類,,3,,https://course.ntu.edu.tw/courses/114-1/24828
貨幣銀行學一,陳南光,14016,ECON3043,30325010,選修,,"五 6,7,8",博雅202,2 類,,3,,https://course.ntu.edu.tw/courses/114-1/14016
福利經濟學與不平等,梁卓誠,14976,ECON3051,30333110,選修,,"三 3,4",社科202,1 類,,2,,https://course.ntu.edu.tw/courses/114-1/14976
市場設計,陳慶池,39194,ECON3052,30333500,選修,,"三 2,3,4",社科402,3 類,,3,,https://course.ntu.edu.tw/courses/114-1/39194
賽局論,黃景沂,53646,ECON4031,30346500,選修,,"一 3,4",社科506,3 類,,2,,https://course.ntu.edu.tw/courses/114-1/53646
期貨與選擇權,張森林,59899,ECON4036,30349120,選修,,"三 7,8,9",,3 類,,3,,https://course.ntu.edu.tw/courses/114-1/59899
期貨與選擇權,洪志清,20275,ECON4036,30349120,選修,,"一 6,7,8",,3 類,,3,,https://course.ntu.edu.tw/courses/114-1/20275
賽局論,朴聖民,29334,ECON4037,30346520,選修,,"一 7,8,9",社科506,2 類,,3,,https://course.ntu.edu.tw/courses/114-1/29334
學士論文上,,41229,ECON4998,30340101,選修,,,,2 類,,2,,https://course.ntu.edu.tw/courses/114-1/41229
學士論文上,陳冠銘,43464,ECON4998,30340101,選修,,,,2 類,,2,,https://course.ntu.edu.tw/courses/114-1/43464
學士論文上,王泓仁,95062,ECON4998,30340101,選修,,,,2 類,,2,,https://course.ntu.edu.tw/courses/114-1/95062
法律經濟學概論,陳恭平,51215,ECON5058,323U7170,選修,,"一 6,7",社科402,1 類,,2,,https://course.ntu.edu.tw/courses/114-1/51215
經濟學英文寫作基礎,江介維,50719,ECON5091,323U0310,選修,,"三 3,4,5",社科302,2 類,,3,,https://course.ntu.edu.tw/courses/114-1/50719
經濟數學,周建富,29087,ECON5100,323U7500,選修,,"三 7,8,9",社科307,3 類,,3,,https://course.ntu.edu.tw/courses/114-1/29087
頤賢講座-臺灣政經社問題與對策,林惠玲,23688,ECON5111,323U0110,選修,,"四 8,9",社科303,2 類,,2,,https://course.ntu.edu.tw/courses/114-1/23688
財務管理,蕭湛東,40660,ECON5144,323U7010,選修,,"一 6,7,8",,2 類,,3,,https://course.ntu.edu.tw/courses/114-1/40660
金融與產業實務課程一,林明仁,55687,ECON5148,323U1560,選修,,"五 6,7",社科202,3 類,,2,,https://course.ntu.edu.tw/courses/114-1/55687
產業經濟與實證研究專題,鄭秀玲,18943,ECON5151,323U2280,選修,,"二 A,B",社科302,2 類,,2,,https://course.ntu.edu.tw/courses/114-1/18943
進階公司理財,吳儀玲,33704,ECON5158,323U6950,選修,,"一 3,4",社科研608,2 類,,2,,https://course.ntu.edu.tw/courses/114-1/33704
資料科學與社會研究,陳由常,44592,ECON5166,323U1250,選修,,"二 6,7,8",社科507,3 類,,3,,https://course.ntu.edu.tw/courses/114-1/44592
計量經濟學一,江淳芳,21505,ECON5176,323U4210,選修,,"四 2,3,4,5",社科403,2 類,,3,,https://course.ntu.edu.tw/courses/114-1/21505
勞動經濟學二,陳冠銘,17690,ECON5212,323U2170,選修,,"二 7 / 六 C,D",社科306,1 類,,3,,https://course.ntu.edu.tw/courses/114-1/17690
進階總體：理論與量化分析,廖珮如,46762,ECON5223,323U0990,選修,,"一 3,4",社科402,3 類,,2,,https://course.ntu.edu.tw/courses/114-1/46762
隨機微積分入門在經濟學和金融的應用,和田健司,38273,ECON5226,323U2020,選修,,"三 7,8,9",社科507,2 類,,3,,https://course.ntu.edu.tw/courses/114-1/38273
實驗經濟學導論一：實驗室實驗和線上實驗,陳  儀,46183,ECON5234,323U8460,選修,,"五 7,8",社科306,2 類,,2,,https://course.ntu.edu.tw/courses/114-1/46183
微課程-市場設計,何泰寬,45405,ECON5237,323U2350,選修,,,,2 類,,1,,https://course.ntu.edu.tw/courses/114-1/45405
數量方法入門,劉育辰,35487,ECON7009,323M0500,必修,,,,1 類,,2,,https://course.ntu.edu.tw/courses/114-1/35487
國際金融一,曹添旺,15720,ECON7079,323M1030,選修,,"三 2,3,4",社科研608,1 類,,3,,https://course.ntu.edu.tw/courses/114-1/15720
專題討論-個體經濟、產業組織與貿易一,陳慶池,53736,ECON7095,323M0080,必修,,"四 6,7",社科研608,3 類,,1,,https://course.ntu.edu.tw/courses/114-1/53736
應用計量方法,張勝凱,95027,ECON7143,323M6480,選修,,"五 6,7,8",社科研607,2 類,,3,,https://course.ntu.edu.tw/courses/114-1/95027
總體經濟時間序列分析,何泰寬,18060,ECON7150,323M6270,選修,,"三 2,3,4",社科研604,1 類,,3,,https://course.ntu.edu.tw/courses/114-1/18060
專題討論─經濟計量一,郭漢豪,40209,ECON7184,323M0110,必修,,"四 6,7",社科503,3 類,,1,,https://course.ntu.edu.tw/courses/114-1/40209
專題討論─貨幣與總體一,和田健司,17084,ECON7192,323M0150,必修,,"四 6,7",社科302,3 類,,1,,https://course.ntu.edu.tw/courses/114-1/17084
產業結構與貿易政策三,黃  鴻,44132,ECON7198,323M4170,選修,,"一 7,8",社科研606,1 類,,2,,https://course.ntu.edu.tw/courses/114-1/44132
總體勞動經濟,高恩琵,59895,ECON7220,323M1830,選修,,"五 3,4,5",社科研607,1 類,,3,,https://course.ntu.edu.tw/courses/114-1/59895
專題討論─經濟史與應用個體一,黃景沂,17152,ECON7229,323M0380,必修,,"四 6,7",社科研604,3 類,,1,,https://course.ntu.edu.tw/courses/114-1/17152
專題討論-產業與貿易一,小松利明,12267,ECON7238,323M0460,必修,,"四 6,7",社科研605,3 類,,1,,https://course.ntu.edu.tw/courses/114-1/12267
基礎個體經濟學,宋玉生,59227,ECON7901,323M7200,必修,,,,1 類,,1,,https://course.ntu.edu.tw/courses/114-1/59227
基礎總體經濟學,陳旭昇,39600,ECON7902,323M7300,必修,,,,1 類,,1,,https://course.ntu.edu.tw/courses/114-1/39600
基礎數量方法,李宗穎,54616,ECON7903,323M7100,必修,,,,1 類,,1,,https://course.ntu.edu.tw/courses/114-1/54616
價格分析一,宋玉生,36972,ECON7911,323M7210,必修,,"六 2,3,4",社科研608,1 類,,2,,https://course.ntu.edu.tw/courses/114-1/36972
所得與就業理論一,毛慶生,22496,ECON7912,323M7310,必修,,"六 6,7,8",社科研608,1 類,,2,,https://course.ntu.edu.tw/courses/114-1/22496
價格分析三,陳  儀,44421,ECON7931,323M7720,必修,,"六 6,7,8",社科306,1 類,,2,,https://course.ntu.edu.tw/courses/114-1/44421
所得與就業理論三,陳旭昇,41672,ECON7932,323M7730,必修,,"六 2,3,4",社科研609,1 類,,2,,https://course.ntu.edu.tw/courses/114-1/41672
經濟實證與預測三,李宗穎,46023,ECON7933,323M7710,必修,,"五 A,B,C",社科306,1 類,,2,,https://course.ntu.edu.tw/courses/114-1/46023
創意產業經濟學,馮勃翰,42409,ECON7948,323M7680,選修,,,,1 類,,2,,https://course.ntu.edu.tw/courses/114-1/42409
金融機構管理,謝德宗,55292,ECON7952,323M2290,選修,,,,1 類,,2,,https://course.ntu.edu.tw/courses/114-1/55292
行為經濟學專題,陳  儀,34750,ECON7955,323M7910,選修,,六 5,社科306,2 類,,1,,https://course.ntu.edu.tw/courses/114-1/34750
碩士論文,,44047,ECON7999,323M0010,必修,,,,1 類,,0,,https://course.ntu.edu.tw/courses/114-1/44047
個體經濟理論一A,陳慶池,13312,ECON8810,323M0810,必修,,"三 6,7,8 / 五 9,10",社科502,1 類,,2,,https://course.ntu.edu.tw/courses/114-1/13312
個體經濟理論一B,陳慶池,12216,ECON8811,323M0820,必修,,"三 6,7,8 / 五 9,10",社科502,1 類,,2,,https://course.ntu.edu.tw/courses/114-1/12216
總體經濟理論一A,王建強,28289,ECON8814,323M0850,必修,,"二 6,7,8 / 三 9,10",社科102,2 類,,2,,https://course.ntu.edu.tw/courses/114-1/28289
總體經濟理論一B,蘇軒立,15112,ECON8815,323M0860,必修,,"二 6,7,8 / 三 9,10",社科102,3 類,,2,,https://course.ntu.edu.tw/courses/114-1/15112
計量經濟理論一A,謝志昇,26675,ECON8818,323M0910,必修,,"一 9,10 / 四 2,3,4",社科303,2 類,,2,,https://course.ntu.edu.tw/courses/114-1/26675
計量經濟理論一B,楊睿中,56644,ECON8819,323M0920,必修,,"一 9,10 / 四 2,3,4",社科303,2 類,,2,,https://course.ntu.edu.tw/courses/114-1/56644
博士論文,,48336,ECON8999,323D0010,必修,,,,1 類,,0,,https://course.ntu.edu.tw/courses/114-1/48336
教育實踐課程（一）中學服務,符碧真,19477,EduTch3002,P0100340,必修,,"五 6,7",,2 類,,2,,https://course.ntu.edu.tw/courses/114-1/19477
教育實踐課程（二）中學服務,洪承宇,41436,EduTch3003,P0100350,必修,,"三 6,7",,3 類,,2,,https://course.ntu.edu.tw/courses/114-1/41436
教育實踐課程（三）教育服務隊（下）,符碧真,30342,EduTch3005,P0100370,必修,,,,2 類,,2,,https://course.ntu.edu.tw/courses/114-1/30342
職業教育與訓練暨生涯規劃,徐式寬,58066,EduTch5005,P01U2540,選修,,"四 3,4",,2 類,,2,,https://course.ntu.edu.tw/courses/114-1/58066
教育心理學,徐式寬,59097,EduTch5102,P01U0020,必修,,"二 8,9",,2 類,,2,,https://course.ntu.edu.tw/courses/114-1/59097
教育心理學,王秀槐,43399,EduTch5102,P01U0020,必修,,"三 3,4",,2 類,,2,,https://course.ntu.edu.tw/courses/114-1/43399
教育社會學,符碧真,57482,EduTch5103,P01U0080,必修,,"三 8,9",,2 類,,2,,https://course.ntu.edu.tw/courses/114-1/57482
教育哲學,許育萍,31753,EduTch5104,P01U0110,必修,,"四 3,4",,2 類,,2,,https://course.ntu.edu.tw/courses/114-1/31753
輔導原理與實務,王秀槐,57633,EduTch5201,P01U0070,必修 / 選修,,"一 8,9",,2 類,,2,,https://course.ntu.edu.tw/courses/114-1/57633
班級經營,洪承宇,40903,EduTch5202,P01U0090,選修,,"二 6,7",,2 類,,2,,https://course.ntu.edu.tw/courses/114-1/40903
教學原理,符碧真,23136,EduTch5203,P01U0120,必修,,"三 3,4",,2 類,,2,,https://course.ntu.edu.tw/courses/114-1/23136
課程發展與設計,王秀槐,39945,EduTch5206,P01U2240,必修,,"二 3,4",,2 類,,2,,https://course.ntu.edu.tw/courses/114-1/39945
教學媒體與運用,徐式寬,21585,EduTch5207,P01U0170,必修,,"三 6,7",,2 類,,2,,https://course.ntu.edu.tw/courses/114-1/21585
青少年心理學,雷庚玲,41951,EduTch5311,P01U2190,選修,,,,2 類,,2,,https://course.ntu.edu.tw/courses/114-1/41951
特殊教育概論,許育萍,47173,EduTch5318,P01U2290,選修,,"二 6,7",,2 類,,2,,https://course.ntu.edu.tw/courses/114-1/47173
教育議題專題,洪承宇,28557,EduTch5330,P01U2450,必修,,"一 6,7",,2 類,,2,,https://course.ntu.edu.tw/courses/114-1/28557
適性教學(含分組合作學習、差異化教學),洪承宇,40059,EduTch5332,P01U2470,選修,,"四 6,7",,2 類,,2,,https://course.ntu.edu.tw/courses/114-1/40059
補救教學,許育萍,19303,EduTch5334,P01U2490,選修,,"三 6,7",,2 類,,2,,https://course.ntu.edu.tw/courses/114-1/19303
多元文化教育,楊雅妃,51197,EduTch5342,P01U2550,選修,,"二 6,7",,2 類,,2,,https://course.ntu.edu.tw/courses/114-1/51197
心理統計學上,姚開屏,27163,EduTch5344,P01U2571,選修,,"五 2,3,4",,2 類,,1,,https://course.ntu.edu.tw/courses/114-1/27163
化學科/自然領域教材教法,梁文傑,43047,EduTch5440,P01U1510,必修,,"四 1,2",博雅307,3 類,,2,,https://course.ntu.edu.tw/courses/114-1/43047
地球科學/領域教材教法,吳育雅,37523,EduTch5441,P01U1520,必修,,"四 6,7",博雅304,3 類,,2,,https://course.ntu.edu.tw/courses/114-1/37523
生物科/自然領域教材教法,董桂書,48369,EduTch5442,P01U1530,必修,,"五 10,A",,2 類,,2,,https://course.ntu.edu.tw/courses/114-1/48369
歷史科/社會領域教材教法,衣若蘭,39712,EduTch5443,P01U1540,必修,,"五 6,7",博雅304,3 類,,2,,https://course.ntu.edu.tw/courses/114-1/39712
地理科/社會領域教材教法,巫宗南,31179,EduTch5444,P01U1550,必修,,"三 A,B",,3 類,,2,,https://course.ntu.edu.tw/courses/114-1/31179
表演戲劇/領域教材教法,朱靜美,33098,EduTch5446,P01U1570,必修,,"一 3,4",總一館114,3 類,,2,,https://course.ntu.edu.tw/courses/114-1/33098
國文/語文領域教材教法,侯潔之,30357,EduTch5450,P01U1610,必修,,"五 1,2",普201,3 類,,2,,https://course.ntu.edu.tw/courses/114-1/30357
英語文/領域教材教法,張心瑜,24862,EduTch5451,P01U1620,必修,,"二 A,B",普302,2 類,,2,,https://course.ntu.edu.tw/courses/114-1/24862
數學/領域教材教法,翁秉仁,32399,EduTch5452,P01U1630,必修,,"五 8,9",,2 類,,2,,https://course.ntu.edu.tw/courses/114-1/32399
土木與建築群教材教法,朱元南,22685,EduTch5453,P01U1640,必修,,"四 1,2",新聞207,3 類,,2,,https://course.ntu.edu.tw/courses/114-1/22685
資訊科技概論科教材教法,朱元南,36337,EduTch5456,P01U1670,必修,,"四 1,2",,3 類,,2,,https://course.ntu.edu.tw/courses/114-1/36337
農業群教材教法,黃文達,16004,EduTch5457,P01U1680,必修,,"一 3,4",,3 類,,2,,https://course.ntu.edu.tw/courses/114-1/16004
中等學校-公民與社會科教材教法,莊易霖,48912,EduTch5459,P01U1700,必修,,"四 10,A",普202,3 類,,2,,https://course.ntu.edu.tw/courses/114-1/48912
教育實習(國文/語文領域),侯潔之,45982,EduTch5642,P01U9410,必修,,,,2 類,,0,,https://course.ntu.edu.tw/courses/114-1/45982
教育實習(國文/語文領域),吳靜宜,28922,EduTch5642,P01U9410,必修,,"五 9,10",,2 類,,0,,https://course.ntu.edu.tw/courses/114-1/28922
教育實習(英語文/領域),廖彥棻,23615,EduTch5643,P01U9420,必修,,,,2 類,,0,,https://course.ntu.edu.tw/courses/114-1/23615
教育實習(英語文/領域),張嘉倩,46859,EduTch5643,P01U9420,必修,,,,2 類,,0,,https://course.ntu.edu.tw/courses/114-1/46859
教育實習(數學/領域),翁秉仁,23209,EduTch5644,P01U9430,必修,,,,2 類,,0,,https://course.ntu.edu.tw/courses/114-1/23209
教育實習(物理科/自然領域),符碧真,57946,EduTch5646,P01U9440,必修,,"五 4,5",,2 類,,0,,https://course.ntu.edu.tw/courses/114-1/57946
教育實習(化學科/自然領域),梁文傑,51900,EduTch5647,P01U9450,必修,,,,2 類,,0,,https://course.ntu.edu.tw/courses/114-1/51900
教育實習(歷史科/社會領域),韓承樺,43783,EduTch5650,P01U9480,必修,,,,2 類,,0,,https://course.ntu.edu.tw/courses/114-1/43783
教育實習（農業群）,黃文達,46317,EduTch5661,P01U9590,必修,,,,2 類,,0,,https://course.ntu.edu.tw/courses/114-1/46317
教育實習（中等學校公民與社會科）,李瑞清,29919,EduTch5662,P01U9600,必修,,"五 9,10",,2 類,,0,,https://course.ntu.edu.tw/courses/114-1/29919
教育實習（食品群）,黃文達,36000,EduTch5666,P01U9640,必修,,,,2 類,,0,,https://course.ntu.edu.tw/courses/114-1/36000
教育實習輔導,徐式寬,36018,EduTch5690,P01U9900,選修,,,,2 類,,0,,https://course.ntu.edu.tw/courses/114-1/36018
教育實習輔導,楊雅妃,42354,EduTch5690,P01U9900,選修,,,,2 類,,0,,https://course.ntu.edu.tw/courses/114-1/42354
教育實習輔導,符碧真,37221,EduTch5690,P01U9900,選修,,,,2 類,,0,,https://course.ntu.edu.tw/courses/114-1/37221
教育實習輔導,王秀槐,42862,EduTch5690,P01U9900,選修,,,,2 類,,0,,https://course.ntu.edu.tw/courses/114-1/42862
教育實習輔導,洪承宇,57574,EduTch5690,P01U9900,選修,,,,2 類,,0,,https://course.ntu.edu.tw/courses/114-1/57574
教育實習輔導,許育萍,48574,EduTch5690,P01U9900,選修,,,,2 類,,0,,https://course.ntu.edu.tw/courses/114-1/48574
服務學習甲,于天立,13821,EE0006,901001G0,必修,,,,1 類,,1,,https://course.ntu.edu.tw/courses/114-1/13821
服務學習甲,吳忠幟,40426,EE0006,901001G0,必修,,,,1 類,,1,,https://course.ntu.edu.tw/courses/114-1/40426
服務學習甲,宋孔彬,57650,EE0006,901001G0,必修,,,,1 類,,1,,https://course.ntu.edu.tw/courses/114-1/57650
服務學習甲,李君浩,52463,EE0006,901001G0,必修,,,,1 類,,1,,https://course.ntu.edu.tw/courses/114-1/52463
服務學習甲,李宏毅,15127,EE0006,901001G0,必修,,,,1 類,,1,,https://course.ntu.edu.tw/courses/114-1/15127
服務學習甲,李泰成,28720,EE0006,901001G0,必修,,,,1 類,,1,,https://course.ntu.edu.tw/courses/114-1/28720
服務學習甲,林宗男,43416,EE0006,901001G0,必修,,,,1 類,,1,,https://course.ntu.edu.tw/courses/114-1/43416
服務學習甲,林致廷,49652,EE0006,901001G0,必修,,,,1 類,,1,,https://course.ntu.edu.tw/courses/114-1/49652
服務學習甲,張子璿,41110,EE0006,901001G0,必修,,,,1 類,,1,,https://course.ntu.edu.tw/courses/114-1/41110
服務學習甲,陳政維,59831,EE0006,901001G0,必修,,,,1 類,,1,,https://course.ntu.edu.tw/courses/114-1/59831
服務學習甲,陳景然,57903,EE0006,901001G0,必修,,,,1 類,,1,,https://course.ntu.edu.tw/courses/114-1/57903
服務學習甲,馮世邁,29153,EE0006,901001G0,必修,,,,1 類,,1,,https://course.ntu.edu.tw/courses/114-1/29153
服務學習甲,周俊廷,27305,EE0006,901001G0,必修,,,,1 類,,1,,https://course.ntu.edu.tw/courses/114-1/27305
服務學習甲,鄭皓中,15819,EE0006,901001G0,必修,,,,1 類,,1,,https://course.ntu.edu.tw/courses/114-1/15819
服務學習甲,楊奕軒,15169,EE0006,901001G0,必修,,,,2 類,,1,,https://course.ntu.edu.tw/courses/114-1/15169
服務學習甲,宋孔彬,40927,EE0006,901001G0,必修,,,,1 類,,1,,https://course.ntu.edu.tw/courses/114-1/40927
服務學習乙,王奕翔,56384,EE0007,901001H0,必修,,,,1 類,,1,,https://course.ntu.edu.tw/courses/114-1/56384
服務學習乙,陳志宏,56176,EE0007,901001H0,必修,,,,1 類,,1,,https://course.ntu.edu.tw/courses/114-1/56176
服務學習乙,江介宏,52935,EE0007,901001H0,必修,,,,1 類,,1,,https://course.ntu.edu.tw/courses/114-1/52935
服務學習乙,連豊力,50143,EE0007,901001H0,必修,,,,1 類,,1,,https://course.ntu.edu.tw/courses/114-1/50143
服務學習乙,鐘嘉德,28224,EE0007,901001H0,必修,,,,1 類,,1,,https://course.ntu.edu.tw/courses/114-1/28224
服務學習乙,戴邇立,39440,EE0007,901001H0,必修,,,,1 類,,1,,https://course.ntu.edu.tw/courses/114-1/39440
服務學習乙,王新博,47817,EE0007,901001H0,必修,,,,1 類,,1,,https://course.ntu.edu.tw/courses/114-1/47817
服務學習乙,吳宗澤,48602,EE0007,901001H0,必修,,,,1 類,,1,,https://course.ntu.edu.tw/courses/114-1/48602
服務學習乙,鄭皓中,26251,EE0007,901001H0,必修,,,,1 類,,1,,https://course.ntu.edu.tw/courses/114-1/26251
服務學習乙,鄭皓中,50947,EE0007,901001H0,必修,,,,1 類,,1,,https://course.ntu.edu.tw/courses/114-1/50947
服務學習乙,楊奕軒,40284,EE0007,901001H0,必修,,,,2 類,,1,,https://course.ntu.edu.tw/courses/114-1/40284
服務學習乙,宋孔彬,29690,EE0007,901001H0,必修,,,,1 類,,1,,https://course.ntu.edu.tw/courses/114-1/29690
工程數學-線性代數,楊東霖,34063,EE1002,90110030,必修,,"五 2,3,4",明達205,2 類,,3,,https://course.ntu.edu.tw/courses/114-1/34063
工程數學-線性代數,鄭皓中,46500,EE1002,90110030,必修,,"五 2,3,4",電二143,2 類,,3,,https://course.ntu.edu.tw/courses/114-1/46500
工程數學-線性代數,馮世邁,43690,EE1002,90110030,必修,,"五 2,3,4",,2 類,,3,,https://course.ntu.edu.tw/courses/114-1/43690
計算機程式,謝宏昀,50134,EE1004,90110210,必修,,"三 8,9,10",,2 類,,3,,https://course.ntu.edu.tw/courses/114-1/50134
計算機程式,于天立,48261,EE1004,90110210,必修,,"三 8,9,10",明達205,2 類,,3,,https://course.ntu.edu.tw/courses/114-1/48261
計算機程式,林宗男,54579,EE1004,90110210,必修,,"三 8,9,10",博理113,2 類,,3,,https://course.ntu.edu.tw/courses/114-1/54579
計算機程式,王新博,31335,EE1004,90110210,必修,,"三 8,9,10",電二104,2 類,,3,,https://course.ntu.edu.tw/courses/114-1/31335
工程數學-複變,王新博,52970,EE2003,90110040,選修,,"五 3,4",電二146,2 類,,2,,https://course.ntu.edu.tw/courses/114-1/52970
離散數學,陳和麟,35853,EE2008,90121100,選修,,"四 3,4",明達205,3 類,,2,,https://course.ntu.edu.tw/courses/114-1/35853
離散數學,廖崇碩,51317,EE2008,90121100,選修,,"四 3,4",博理112,3 類,,2,,https://course.ntu.edu.tw/courses/114-1/51317
電磁學一,周錫增,46054,EE2010,90125110,必修,,"一 2,3,4",電二225,2 類,,3,,https://course.ntu.edu.tw/courses/114-1/46054
電磁學一,林晃巖,26209,EE2010,90125110,必修,,"一 2,3,4",電二106,2 類,,3,,https://course.ntu.edu.tw/courses/114-1/26209
電磁學一,鄭宇翔,55080,EE2010,90125110,必修,,"一 2,3,4",電二229,2 類,,3,,https://course.ntu.edu.tw/courses/114-1/55080
電磁學一,吳宗澤,11206,EE2010,90125110,必修,,"一 2,3,4",電二104,2 類,,3,,https://course.ntu.edu.tw/courses/114-1/11206
交換電路與邏輯設計,吳安宇,18948,EE2012,90132300,必修,,"四 7,8,9",博理113,2 類,,3,,https://course.ntu.edu.tw/courses/114-1/18948
交換電路與邏輯設計,劉宗德,26139,EE2012,90132300,必修,,"四 7,8,9",明達231,2 類,,3,,https://course.ntu.edu.tw/courses/114-1/26139
交換電路與邏輯設計,江介宏,19895,EE2012,90132300,必修,,"四 7,8,9",電二229,2 類,,3,,https://course.ntu.edu.tw/courses/114-1/19895
交換電路與邏輯設計,盧奕璋,20691,EE2012,90132300,必修,,"四 7,8,9",電二145,2 類,,3,,https://course.ntu.edu.tw/courses/114-1/20691
工程數學-微分方程(一),林清富,56712,EE2021,90120130,必修,,"三 3,4",博理112,2 類,,2,,https://course.ntu.edu.tw/courses/114-1/56712
工程數學-微分方程(一),黃天偉,57990,EE2021,90120130,必修,,"三 3,4",電二106,2 類,,2,,https://course.ntu.edu.tw/courses/114-1/57990
工程數學-微分方程(一),黃定洧,29552,EE2021,90120130,必修,,"三 3,4",電二144,2 類,,2,,https://course.ntu.edu.tw/courses/114-1/29552
工程數學-微分方程(一),丁建均,19735,EE2021,90120130,必修,,"三 3,4",明達205,2 類,,2,,https://course.ntu.edu.tw/courses/114-1/19735
工程數學-微分方程(一),戴邇立,14479,EE2021,90120130,必修,,"三 3,4",博理103,2 類,,2,,https://course.ntu.edu.tw/courses/114-1/14479
電子學（一）,吳肇欣,13603,EE2022,90120140,必修,,"四 7,8 / 五 7,8",明達205,2 類,,4,,https://course.ntu.edu.tw/courses/114-1/13603
電子學（一）,林宗賢,51263,EE2022,90120140,必修,,"四 7,8 / 五 7,8",電二106,2 類,,4,,https://course.ntu.edu.tw/courses/114-1/51263
電子學（一）,呂良鴻,19160,EE2022,90120140,必修,,"四 7,8 / 五 7,8",電二143,2 類,,4,,https://course.ntu.edu.tw/courses/114-1/19160
電子學（一）,林致廷,39279,EE2022,90120140,必修,,"四 7,8 / 五 7,8",電二146,2 類,,4,,https://course.ntu.edu.tw/courses/114-1/39279
電子學實驗(一),劉宗德,58039,EE2024,90120160,必修,,,,2 類,,1,,https://course.ntu.edu.tw/courses/114-1/58039
電工實驗(網路與多媒體),林宗男,25262,EE3002,90110080,必修,,,,2 類,,2,,https://course.ntu.edu.tw/courses/114-1/25262
電工實驗(電磁波),林坤佑,37153,EE3006,90130150,必修,,,,2 類,,2,,https://course.ntu.edu.tw/courses/114-1/37153
通信原理,王奕翔,43238,EE3007,90131000,選修,,"二 6,7,8",電二143,2 類,,3,,https://course.ntu.edu.tw/courses/114-1/43238
微波系統導論,盧信嘉,52635,EE3008,90131100,選修,,"三 2,3,4",電二225,2 類,,3,,https://course.ntu.edu.tw/courses/114-1/52635
生醫工程概論,楊東霖,14612,EE3009,90131700,選修,,"三 7,8,9",電二145,1 類,,3,,https://course.ntu.edu.tw/courses/114-1/14612
電力工程導論,劉志文,40329,EE3010,90131800,選修,,"五 8,9,10",博理212,3 類,,3,,https://course.ntu.edu.tw/courses/114-1/40329
電子設計自動化導論,江蕙如,37483,EE3012,90133700,選修,,"三 2,3,4",電二146,2 類,,3,,https://course.ntu.edu.tw/courses/114-1/37483
固態電子學,李峻霣,40786,EE3013,90137300,選修,,"二 6,7,8",電二229,1 類,,3,,https://course.ntu.edu.tw/courses/114-1/40786
光電導論,王  倫,29366,EE3014,90137500,選修,,"一 7,8,9",電二146,2 類,,3,,https://course.ntu.edu.tw/courses/114-1/29366
近代物理,吳志毅,21097,EE3015,90138100,選修,,"二 2,3,4",明達231,1 類,,3,,https://course.ntu.edu.tw/courses/114-1/21097
電工實驗(數位電路),楊家驤,29193,EE3016,90139500,必修,,,,2 類,,2,,https://course.ntu.edu.tw/courses/114-1/29193
電工實驗(半導體),劉致為,45188,EE3017,90139700,必修,,,,2 類,,2,,https://course.ntu.edu.tw/courses/114-1/45188
電工實驗(通信專題),葉佳宜,37392,EE3018,90139800,必修,,"二 3,4",明達303,2 類,,2,,https://course.ntu.edu.tw/courses/114-1/37392
電工實驗(自動控制),劉浩澧,47708,EE3019,90140000,必修,,二 5,,2 類,,2,,https://course.ntu.edu.tw/courses/114-1/47708
積體電路設計,闕志達,14987,EE3020,90140500,選修,,"三 7,8,9",電二143,2 類,,3,,https://course.ntu.edu.tw/courses/114-1/14987
電工實驗(嵌入式系統),王勝德,54739,EE3021,90140600,必修,,"四 7,8,9",明達303,2 類,,2,,https://course.ntu.edu.tw/courses/114-1/54739
電工實驗(電力電子),陳耀銘,12924,EE3022,90130160,必修,,,,2 類,,2,,https://course.ntu.edu.tw/courses/114-1/12924
大學部實習專題,莊哲明,23732,EE3023,90130170,選修,,"四 A,B",電二146,2 類,,1,,https://course.ntu.edu.tw/courses/114-1/23732
計算機程式設計實驗,于天立,10169,EE3037,90133940,選修,,"二 6,7",,2 類,,2,,https://course.ntu.edu.tw/courses/114-1/10169
計算機程式設計實驗,林宗男,23744,EE3037,90133940,選修,,"四 A,B",,2 類,,2,,https://course.ntu.edu.tw/courses/114-1/23744
計算機程式設計實驗,王新博,51710,EE3037,90133940,選修,,"五 8,9",,2 類,,2,,https://course.ntu.edu.tw/courses/114-1/51710
光電科技入門與實作,林晃巖,44630,EE3039,90133960,選修,,,,2 類,,3,,https://course.ntu.edu.tw/courses/114-1/44630
應用電學,林冠中,10309,EE3040,90133970,必修,,"五 A,B,C,D",,2 類,,4,,https://course.ntu.edu.tw/courses/114-1/10309
電力電子概論,金藝璘,21413,EE4010,90124120,選修,,"一 6,7,8",博理114,2 類,,3,,https://course.ntu.edu.tw/courses/114-1/21413
資料結構,吳沛遠,38122,EE4022,90132500,選修,,"一 2,3,4",博理112,1 類,,3,,https://course.ntu.edu.tw/courses/114-1/38122
演算法,張耀文,13765,EE4033,90139000,必修,,"三 7,8,9",博理112,2 類,,3,,https://course.ntu.edu.tw/courses/114-1/13765
演算法,李建模,27690,EE4033,90139000,必修,,"三 7,8,9",電二229,2 類,,3,,https://course.ntu.edu.tw/courses/114-1/27690
電子電路設計,李俊興,29251,EE4036,90140400,選修,,"二 2,3,4",電二144,1 類,,3,,https://course.ntu.edu.tw/courses/114-1/29251
計算機結構,李念澤,27815,EE4039,90143200,選修,,"一 7,8,9",電二229,3 類,,3,,https://course.ntu.edu.tw/courses/114-1/27815
生理學,林則彬,22157,EE4042,90143600,必修 / 選修,,"五 2,3,4",電二144,1 類,,3,,https://course.ntu.edu.tw/courses/114-1/22157
奈米電子導論,吳肇欣,38782,EE4043,90143700,選修,,"二 2,3,4",電二145,1 類,,3,,https://course.ntu.edu.tw/courses/114-1/38782
專題研究,吳瑞北,58945,EE4049,90149550,選修,,,,2 類,,2,,https://course.ntu.edu.tw/courses/114-1/58945
專題研究,傅立成,42735,EE4049,90149550,選修,,,,2 類,,2,,https://course.ntu.edu.tw/courses/114-1/42735
專題研究,林浩雄,51222,EE4049,90149550,選修,,,,2 類,,2,,https://course.ntu.edu.tw/courses/114-1/51222
專題研究,闕志達,57934,EE4049,90149550,選修,,,,2 類,,2,,https://course.ntu.edu.tw/courses/114-1/57934
專題研究,陳銘憲,23497,EE4049,90149550,選修,,,,2 類,,2,,https://course.ntu.edu.tw/courses/114-1/23497
專題研究,劉深淵,23991,EE4049,90149550,選修,,,,2 類,,2,,https://course.ntu.edu.tw/courses/114-1/23991
專題研究,劉致為,19743,EE4049,90149550,選修,,,,2 類,,2,,https://course.ntu.edu.tw/courses/114-1/19743
專題研究,劉志文,28676,EE4049,90149550,選修,,,,2 類,,2,,https://course.ntu.edu.tw/courses/114-1/28676
專題研究,陳宏銘,57937,EE4049,90149550,選修,,,,2 類,,2,,https://course.ntu.edu.tw/courses/114-1/57937
專題研究,張耀文,41735,EE4049,90149550,選修,,,,2 類,,2,,https://course.ntu.edu.tw/courses/114-1/41735
專題研究,吳安宇,42529,EE4049,90149550,選修,,,,2 類,,2,,https://course.ntu.edu.tw/courses/114-1/42529
專題研究,吳宗霖,41232,EE4049,90149550,選修,,,,2 類,,2,,https://course.ntu.edu.tw/courses/114-1/41232
專題研究,黃天偉,45024,EE4049,90149550,選修,,,,2 類,,2,,https://course.ntu.edu.tw/courses/114-1/45024
專題研究,莊曜宇,14278,EE4049,90149550,選修,,,,2 類,,2,,https://course.ntu.edu.tw/courses/114-1/14278
專題研究,吳志毅,54952,EE4049,90149550,選修,,,,2 類,,2,,https://course.ntu.edu.tw/courses/114-1/54952
專題研究,林宗賢,27042,EE4049,90149550,選修,,,,2 類,,2,,https://course.ntu.edu.tw/courses/114-1/27042
專題研究,簡韶逸,10848,EE4049,90149550,選修,,,,2 類,,2,,https://course.ntu.edu.tw/courses/114-1/10848
專題研究,連豊力,59419,EE4049,90149550,選修,,,,2 類,,2,,https://course.ntu.edu.tw/courses/114-1/59419
專題研究,林怡成,24953,EE4049,90149550,選修,,,,2 類,,2,,https://course.ntu.edu.tw/courses/114-1/24953
專題研究,江介宏,49132,EE4049,90149550,選修,,,,2 類,,2,,https://course.ntu.edu.tw/courses/114-1/49132
專題研究,李建模,18128,EE4049,90149550,選修,,,,2 類,,2,,https://course.ntu.edu.tw/courses/114-1/18128
專題研究,陳士元,22044,EE4049,90149550,選修,,,,2 類,,2,,https://course.ntu.edu.tw/courses/114-1/22044
專題研究,黃俊郎,28959,EE4049,90149550,選修,,,,2 類,,2,,https://course.ntu.edu.tw/courses/114-1/28959
專題研究,魏宏宇,31046,EE4049,90149550,選修,,,,2 類,,2,,https://course.ntu.edu.tw/courses/114-1/31046
專題研究,謝宏昀,31229,EE4049,90149550,選修,,,,2 類,,2,,https://course.ntu.edu.tw/courses/114-1/31229
專題研究,陳信樹,25958,EE4049,90149550,選修,,,,2 類,,2,,https://course.ntu.edu.tw/courses/114-1/25958
專題研究,黃鐘揚,17900,EE4049,90149550,選修,,,,2 類,,2,,https://course.ntu.edu.tw/courses/114-1/17900
專題研究,林致廷,28982,EE4049,90149550,選修,,,,2 類,,2,,https://course.ntu.edu.tw/courses/114-1/28982
專題研究,丁建均,25548,EE4049,90149550,選修,,,,2 類,,2,,https://course.ntu.edu.tw/courses/114-1/25548
專題研究,江蕙如,13764,EE4049,90149550,選修,,,,2 類,,2,,https://course.ntu.edu.tw/courses/114-1/13764
專題研究,楊家驤,48594,EE4049,90149550,選修,,,,2 類,,2,,https://course.ntu.edu.tw/courses/114-1/48594
專題研究,王鈺強,47536,EE4049,90149550,選修,,,,2 類,,2,,https://course.ntu.edu.tw/courses/114-1/47536
專題研究,盧奕璋,30821,EE4049,90149550,選修,,,,2 類,,2,,https://course.ntu.edu.tw/courses/114-1/30821
專題研究,吳肇欣,39264,EE4049,90149550,選修,,,,2 類,,2,,https://course.ntu.edu.tw/courses/114-1/39264
專題研究,劉浩澧,49475,EE4049,90149550,選修,,,,2 類,,2,,https://course.ntu.edu.tw/courses/114-1/49475
專題研究,林  澤,46949,EE4049,90149550,選修,,,,2 類,,2,,https://course.ntu.edu.tw/courses/114-1/46949
專題研究,李峻霣,32194,EE4049,90149550,選修,,,,2 類,,2,,https://course.ntu.edu.tw/courses/114-1/32194
專題研究,黃念祖,30651,EE4049,90149550,選修,,,,2 類,,2,,https://course.ntu.edu.tw/courses/114-1/30651
專題研究,王奕翔,36618,EE4049,90149550,選修,,,,2 類,,2,,https://course.ntu.edu.tw/courses/114-1/36618
專題研究,楊奕軒,58309,EE4049,90149550,選修,,,,2 類,,2,,https://course.ntu.edu.tw/courses/114-1/58309
專題研究,李宏毅,46477,EE4049,90149550,選修,,,,2 類,,2,,https://course.ntu.edu.tw/courses/114-1/46477
專題研究,陳景然,47367,EE4049,90149550,選修,,,,2 類,,2,,https://course.ntu.edu.tw/courses/114-1/47367
專題研究,宋孔彬,26752,EE4049,90149550,選修,,,,2 類,,2,,https://course.ntu.edu.tw/courses/114-1/26752
專題研究,陳和麟,45978,EE4049,90149550,選修,,,,2 類,,2,,https://course.ntu.edu.tw/courses/114-1/45978
專題研究,金藝璘,22152,EE4049,90149550,選修,,,,2 類,,2,,https://course.ntu.edu.tw/courses/114-1/22152
專題研究,李俊興,35296,EE4049,90149550,選修,,,,2 類,,2,,https://course.ntu.edu.tw/courses/114-1/35296
專題研究,胡璧合,11229,EE4049,90149550,選修,,,,2 類,,2,,https://course.ntu.edu.tw/courses/114-1/11229
專題研究,于天立,16171,EE4049,90149550,選修,,,,2 類,,2,,https://course.ntu.edu.tw/courses/114-1/16171
專題研究,周俊廷,18138,EE4049,90149550,選修,,,,2 類,,2,,https://course.ntu.edu.tw/courses/114-1/18138
專題研究,郭柏齡,34485,EE4049,90149550,選修,,,,2 類,,2,,https://course.ntu.edu.tw/courses/114-1/34485
專題研究,吳沛遠,26729,EE4049,90149550,選修,,,,2 類,,2,,https://course.ntu.edu.tw/courses/114-1/26729
專題研究,陳政維,29122,EE4049,90149550,選修,,,,2 類,,2,,https://course.ntu.edu.tw/courses/114-1/29122
專題研究,張子璿,37106,EE4049,90149550,選修,,,,2 類,,2,,https://course.ntu.edu.tw/courses/114-1/37106
專題研究,劉俊麟,46525,EE4049,90149550,選修,,,,2 類,,2,,https://course.ntu.edu.tw/courses/114-1/46525
專題研究,劉子毓,21307,EE4049,90149550,選修,,,,2 類,,2,,https://course.ntu.edu.tw/courses/114-1/21307
專題研究,鄭皓中,22232,EE4049,90149550,選修,,,,2 類,,2,,https://course.ntu.edu.tw/courses/114-1/22232
專題研究,孫紹華,17716,EE4049,90149550,選修,,,,2 類,,2,,https://course.ntu.edu.tw/courses/114-1/17716
專題研究,王新博,23657,EE4049,90149550,選修,,,,2 類,,2,,https://course.ntu.edu.tw/courses/114-1/23657
專題研究,黃楚翔,41129,EE4049,90149550,選修,,,,2 類,,2,,https://course.ntu.edu.tw/courses/114-1/41129
專題研究,葉佳宜,49628,EE4049,90149550,選修,,,,2 類,,2,,https://course.ntu.edu.tw/courses/114-1/49628
電工實驗(生醫工程),劉浩澧,48246,EE4057,90140700,必修,,,,2 類,,2,,https://course.ntu.edu.tw/courses/114-1/48246
電工實驗(光電),彭隆瀚,21716,EE4058,90140800,必修,,,,2 類,,2,,https://course.ntu.edu.tw/courses/114-1/21716
電力電子學,陳景然,21759,EE5002,921U0080,選修,,"二 2,3,4",電二225,2 類,,3,,https://course.ntu.edu.tw/courses/114-1/21759
微波電路,盧信嘉,16406,EE5009,921U0560,選修,,"二 2,3,4",電二143,1 類,,3,,https://course.ntu.edu.tw/courses/114-1/16406
天線,陳士元,55894,EE5010,921U0570,選修,,"二 7,8,9",電二145,2 類,,3,,https://course.ntu.edu.tw/courses/114-1/55894
固態物理學一,林浩雄,45688,EE5018,921U0880,選修,,"四 2,3,4",電二106,1 類,,3,,https://course.ntu.edu.tw/courses/114-1/45688
可適性信號處理,劉俊麟,45813,EE5027,921U1170,選修,,"三 2,3,4",電二104,2 類,,3,,https://course.ntu.edu.tw/courses/114-1/45813
消息理論,林士駿,48733,EE5028,921U1190,選修,,"四 7,8,9",博理103,1 類,,3,,https://course.ntu.edu.tw/courses/114-1/48733
錯誤更正碼,王新博,15692,EE5029,921U1240,選修,,"一 2,3,4",電二102,1 類,,3,,https://course.ntu.edu.tw/courses/114-1/15692
隨機程序及應用,鐘嘉德,48875,EE5041,921U1890,選修,,"五 2,3,4",電二145,1 類,,3,,https://course.ntu.edu.tw/courses/114-1/48875
演算法,劉智弘,44380,EE5048,921U2110,選修,,"五 7,8,9",電二229,2 類,,3,,https://course.ntu.edu.tw/courses/114-1/44380
非線性光學,孫啟光,33901,EE5050,921U2310,選修,,"四 7,8,9",電二101,1 類,,3,,https://course.ntu.edu.tw/courses/114-1/33901
醫學工程導論,宋孔彬,18600,EE5070,921U3060,必修 / 選修,,"二 2,3,4",明達205,2 類,,3,,https://course.ntu.edu.tw/courses/114-1/18600
非線性系統分析,傅立成,57133,EE5076,921U3390,選修,,"四 2,3,4",博理103,1 類,,3,,https://course.ntu.edu.tw/courses/114-1/57133
數位積體電路工程,胡璧合,38222,EE5078,921U3430,選修,,"一 2,3,4",電二143,1 類,,3,,https://course.ntu.edu.tw/courses/114-1/38222
通信數位積體電路設計,蔡佩芸,49390,EE5092,921U5010,選修,,"三 6,7,8",,2 類,,3,,https://course.ntu.edu.tw/courses/114-1/49390
數位影像處理,陳宏銘,37679,EE5098,921U5240,選修,,"一 2,3,4",電二144,1 類,,3,,https://course.ntu.edu.tw/courses/114-1/37679
量子資訊專題,洪士涵,43645,EE5105,921U6400,選修,,"三 7,8,9",電二146,2 類,,3,,https://course.ntu.edu.tw/courses/114-1/43645
生物晶片技術概論,莊曜宇,20721,EE5107,921U6700,選修,,"四 2,3,4",明達303,1 類,,3,,https://course.ntu.edu.tw/courses/114-1/20721
類比積體電路,李致毅,57635,EE5112,921U7060,選修,,"一 2,3,4",明達205,1 類,,3,,https://course.ntu.edu.tw/courses/114-1/57635
半導體元件物理,張子璿,48063,EE5113,921U7110,選修,,"三 2,3,4",電二143,1 類,,3,,https://course.ntu.edu.tw/courses/114-1/48063
金氧半電容元件,胡振國,18696,EE5116,921U7170,選修,,"二 2,3,4",電二229,1 類,,3,,https://course.ntu.edu.tw/courses/114-1/18696
核磁共振影像實驗,陳志宏,55077,EE5121,921U7500,選修,,"四 7,8,9",博理212,1 類,,3,,https://course.ntu.edu.tw/courses/114-1/55077
線性系統,陳政維,57515,EE5128,921U8200,選修,,"三 2,3,4",電二102,3 類,,3,,https://course.ntu.edu.tw/courses/114-1/57515
系統識別,蔡坤諭,31041,EE5129,921U8300,選修,,"二 7,8,9",電二101,2 類,,3,,https://course.ntu.edu.tw/courses/114-1/31041
數位訊號處理架構設計,簡韶逸,51954,EE5141,921U9330,選修,,"五 2,3,4",電二229,2 類,,3,,https://course.ntu.edu.tw/courses/114-1/51954
無線通訊專題實驗,毛紹綱,24741,EE5144,921U9380,選修,,"三 8,9,10",,1 類,,3,,https://course.ntu.edu.tw/courses/114-1/24741
專題演講,葉丙成,16625,EE5161,90150100,必修,,"五 8,9",,2 類,,1,,https://course.ntu.edu.tw/courses/114-1/16625
簡報製作與表達,葉丙成,17583,EE5168,921U9540,選修,,"三 A,B,C",普102,2 類,,3,,https://course.ntu.edu.tw/courses/114-1/17583
資料科學,陳銘憲,16973,EE5175,921U2530,選修,,"二 2,3,4",博理112,2 類,,3,,https://course.ntu.edu.tw/courses/114-1/16973
機器學習,劉子毓,22644,EE5184,921U2620,選修,,"三 2,3,4,5",電二229,2 類,,4,,https://course.ntu.edu.tw/courses/114-1/22644
機器學習,吳沛遠,31141,EE5184,921U2620,選修,,"五 2,3,4,5",博理113,2 類,,4,,https://course.ntu.edu.tw/courses/114-1/31141
創新與研發管理,王帛霞,32045,EE5186,921U2640,選修,,"五 2,3,4",電二225,2 類,,3,,https://course.ntu.edu.tw/courses/114-1/32045
程式語言編譯器技術,王  凡,47410,EE5189,921U2670,選修,,"五 2,3,4",博理112,1 類,,3,,https://course.ntu.edu.tw/courses/114-1/47410
工控系統之資訊安全,林志達,13886,EE5195,921U3140,選修,,"二 7,8,9",電二102,2 類,,3,,https://course.ntu.edu.tw/courses/114-1/13886
虛擬化網路與安全,沈上翔,34999,EE5197,921U3540,選修,,"二 2,3,4",,3 類,,3,,https://course.ntu.edu.tw/courses/114-1/34999
大型語言與語音模型技術,李宏毅,20009,EE5201,921U3580,選修,,"三 A,B,C",電二144,2 類,,3,,https://course.ntu.edu.tw/courses/114-1/20009
生成式AI技術創新與創業挑戰,廖婉君,56252,EE5202,921U3590,選修,,"五 7,8,9",博理112,2 類,,3,,https://course.ntu.edu.tw/courses/114-1/56252
專題討論,陳永耀,37772,EE7001,921M0040,必修,,"三 8,9",,1 類,,0,,https://course.ntu.edu.tw/courses/114-1/37772
專題討論,陳景然,46876,EE7001,921M0040,必修,,三 7,,1 類,,0,,https://course.ntu.edu.tw/courses/114-1/46876
專題討論,洪士涵,57268,EE7001,921M0040,必修,,一 7,,1 類,,0,,https://course.ntu.edu.tw/courses/114-1/57268
專題討論,林宗男,13196,EE7001,921M0040,必修,,一 7,,2 類,,0,,https://course.ntu.edu.tw/courses/114-1/13196
專題研究,傅立成,42201,EE7010,921M1910,必修,,,,1 類,,1,,https://course.ntu.edu.tw/courses/114-1/42201
專題研究,陳永耀,18934,EE7010,921M1910,必修,,,,1 類,,1,,https://course.ntu.edu.tw/courses/114-1/18934
專題研究,連豊力,30125,EE7010,921M1910,必修,,,,1 類,,1,,https://course.ntu.edu.tw/courses/114-1/30125
專題研究,劉浩澧,42533,EE7010,921M1910,必修 / 選修,,,,1 類,,1,,https://course.ntu.edu.tw/courses/114-1/42533
專題研究,蔡坤諭,23344,EE7010,921M1910,必修,,,,1 類,,1,,https://course.ntu.edu.tw/courses/114-1/23344
專題研究,陳政維,23419,EE7010,921M1910,必修,,,,1 類,,1,,https://course.ntu.edu.tw/courses/114-1/23419
專題研究,劉志文,40269,EE7010,921M1910,必修,,,,1 類,,1,,https://course.ntu.edu.tw/courses/114-1/40269
專題研究,陳耀銘,32688,EE7010,921M1910,必修,,,,1 類,,1,,https://course.ntu.edu.tw/courses/114-1/32688
專題研究,金藝璘,37290,EE7010,921M1910,必修,,,,1 類,,1,,https://course.ntu.edu.tw/courses/114-1/37290
專題研究,陳景然,13176,EE7010,921M1910,必修,,,,1 類,,1,,https://course.ntu.edu.tw/courses/114-1/13176
專題研究,王勝德,39123,EE7010,921M1910,必修,,,,1 類,,1,,https://course.ntu.edu.tw/courses/114-1/39123
專題研究,顏嗣鈞,41328,EE7010,921M1910,必修,,,,1 類,,1,,https://course.ntu.edu.tw/courses/114-1/41328
專題研究,郭斯彥,10785,EE7010,921M1910,必修,,,,1 類,,1,,https://course.ntu.edu.tw/courses/114-1/10785
專題研究,陳銘憲,32307,EE7010,921M1910,必修,,,,1 類,,1,,https://course.ntu.edu.tw/courses/114-1/32307
專題研究,張耀文,55440,EE7010,921M1910,必修,,,,1 類,,1,,https://course.ntu.edu.tw/courses/114-1/55440
專題研究,廖婉君,31418,EE7010,921M1910,必修,,,,1 類,,1,,https://course.ntu.edu.tw/courses/114-1/31418
專題研究,王  凡,16785,EE7010,921M1910,必修,,,,1 類,,1,,https://course.ntu.edu.tw/courses/114-1/16785
專題研究,黃俊郎,11078,EE7010,921M1910,必修,,,,1 類,,1,,https://course.ntu.edu.tw/courses/114-1/11078
專題研究,魏宏宇,51171,EE7010,921M1910,必修,,,,1 類,,1,,https://course.ntu.edu.tw/courses/114-1/51171
專題研究,黃鐘揚,34336,EE7010,921M1910,必修,,,,1 類,,1,,https://course.ntu.edu.tw/courses/114-1/34336
專題研究,于天立,16883,EE7010,921M1910,必修,,,,1 類,,1,,https://course.ntu.edu.tw/courses/114-1/16883
專題研究,陳和麟,58962,EE7010,921M1910,必修,,,,1 類,,1,,https://course.ntu.edu.tw/courses/114-1/58962
專題研究,李宏毅,48104,EE7010,921M1910,必修,,,,1 類,,1,,https://course.ntu.edu.tw/courses/114-1/48104
專題研究,劉智弘,35263,EE7010,921M1910,必修,,,,1 類,,1,,https://course.ntu.edu.tw/courses/114-1/35263
專題研究,林宗男,15604,EE7010,921M1910,必修,,,,1 類,,1,,https://course.ntu.edu.tw/courses/114-1/15604
專題研究,謝宏昀,22800,EE7010,921M1910,必修,,,,1 類,,1,,https://course.ntu.edu.tw/courses/114-1/22800
專題研究,吳沛遠,29955,EE7010,921M1910,必修,,,,1 類,,1,,https://course.ntu.edu.tw/courses/114-1/29955
專題演講,陳景然,33660,EE7017,921M9000,必修,,一 9,博理113,1 類,,1,,https://course.ntu.edu.tw/courses/114-1/33660
碩士論文,,23380,EE7999,921M0010,選修,,,,1 類,,0,,https://course.ntu.edu.tw/courses/114-1/23380
專題討論,陳永耀,21078,EE8001,921D0040,必修,,"三 8,9",明達231,1 類,,0,,https://course.ntu.edu.tw/courses/114-1/21078
專題討論,陳景然,22998,EE8001,921D0040,必修,,三 7,電二225,1 類,,0,,https://course.ntu.edu.tw/courses/114-1/22998
專題討論,洪士涵,34388,EE8001,921D0040,必修,,一 7,明達231,1 類,,0,,https://course.ntu.edu.tw/courses/114-1/34388
專題討論,林宗男,18227,EE8001,921D0040,選修,,一 7,電二144,2 類,,0,,https://course.ntu.edu.tw/courses/114-1/18227
專題研究,傅立成,27285,EE8002,921D1910,必修,,,,1 類,,1,,https://course.ntu.edu.tw/courses/114-1/27285
專題研究,陳永耀,10088,EE8002,921D1910,必修,,,,1 類,,1,,https://course.ntu.edu.tw/courses/114-1/10088
專題研究,連豊力,11556,EE8002,921D1910,必修,,,,1 類,,1,,https://course.ntu.edu.tw/courses/114-1/11556
專題研究,蔡坤諭,31994,EE8002,921D1910,必修,,,,1 類,,1,,https://course.ntu.edu.tw/courses/114-1/31994
專題研究,許源浴,20958,EE8002,921D1910,必修,,,,1 類,,1,,https://course.ntu.edu.tw/courses/114-1/20958
專題研究,劉志文,26133,EE8002,921D1910,必修,,,,1 類,,1,,https://course.ntu.edu.tw/courses/114-1/26133
專題研究,陳耀銘,58970,EE8002,921D1910,必修,,,,1 類,,1,,https://course.ntu.edu.tw/courses/114-1/58970
專題研究,金藝璘,22833,EE8002,921D1910,必修,,,,1 類,,1,,https://course.ntu.edu.tw/courses/114-1/22833
專題研究,陳景然,28910,EE8002,921D1910,必修,,,,1 類,,1,,https://course.ntu.edu.tw/courses/114-1/28910
專題研究,王勝德,33993,EE8002,921D1910,必修,,,,1 類,,1,,https://course.ntu.edu.tw/courses/114-1/33993
專題研究,顏嗣鈞,21324,EE8002,921D1910,必修,,,,1 類,,1,,https://course.ntu.edu.tw/courses/114-1/21324
專題研究,郭斯彥,22699,EE8002,921D1910,必修,,,,1 類,,1,,https://course.ntu.edu.tw/courses/114-1/22699
專題研究,雷欽隆,26277,EE8002,921D1910,必修,,,,1 類,,1,,https://course.ntu.edu.tw/courses/114-1/26277
專題研究,陳銘憲,52654,EE8002,921D1910,必修,,,,1 類,,1,,https://course.ntu.edu.tw/courses/114-1/52654
專題研究,廖婉君,34594,EE8002,921D1910,必修,,,,1 類,,1,,https://course.ntu.edu.tw/courses/114-1/34594
專題研究,王  凡,45783,EE8002,921D1910,必修,,,,1 類,,1,,https://course.ntu.edu.tw/courses/114-1/45783
專題研究,黃俊郎,52542,EE8002,921D1910,必修,,,,1 類,,1,,https://course.ntu.edu.tw/courses/114-1/52542
專題研究,魏宏宇,24922,EE8002,921D1910,必修,,,,1 類,,1,,https://course.ntu.edu.tw/courses/114-1/24922
專題研究,黃鐘揚,30531,EE8002,921D1910,必修,,,,1 類,,1,,https://course.ntu.edu.tw/courses/114-1/30531
專題研究,劉智弘,32785,EE8002,921D1910,必修,,,,1 類,,1,,https://course.ntu.edu.tw/courses/114-1/32785
專題研究,廖崇碩,15523,EE8002,921D1910,必修,,,,1 類,,1,,https://course.ntu.edu.tw/courses/114-1/15523
專題研究,林宗男,25107,EE8002,921D1910,必修,,,,1 類,,1,,https://course.ntu.edu.tw/courses/114-1/25107
博士論文,,31839,EE8999,921D0010,選修,,,,1 類,,0,,https://course.ntu.edu.tw/courses/114-1/31839
植物演化專題討論,王俊能,31514,EEB5032,B44U1380,選修,,一 1,生科1217,2 類,,1,,https://course.ntu.edu.tw/courses/114-1/31514
演化生物學,丁照棣,38834,EEB5035,B44U1420,選修,,"三 2,3,4",生科4C,3 類,,3,,https://course.ntu.edu.tw/courses/114-1/38834
族群遺傳學,王弘毅,52117,EEB5045,B44U1570,選修,,"四 2,3,4",生科419,3 類,,3,,https://course.ntu.edu.tw/courses/114-1/52117
R語言在生態學的應用,澤大衛,50789,EEB5082,B44U1940,選修,,"二 2,3,4",綜502,2 類,,3,,https://course.ntu.edu.tw/courses/114-1/50789
物種起源,蔡政修,16735,EEB5089,B44U2010,選修,,"四 2,3,4",,3 類,,3,,https://course.ntu.edu.tw/courses/114-1/16735
永續未來與生態學一,柯佳吟,54671,EEB5090,B44U2020,選修,,"五 6,7,8",綜402,3 類,,3,,https://course.ntu.edu.tw/courses/114-1/54671
真核生物多樣性與演化,顧  銓,29196,EEB5095,B44U2070,選修,,"五 5,6",共202,2 類,,2,,https://course.ntu.edu.tw/courses/114-1/29196
理論生態學導論,柯柏如,29546,EEB5096,B44U2080,選修,,"四 6,7,8",共207,2 類,,3,,https://course.ntu.edu.tw/courses/114-1/29546
典藏自然：自然史博物館巡禮,胡哲明,42128,EEB5097,B44U2090,選修,,"三 6,7",生科4A,2 類,,2,,https://course.ntu.edu.tw/courses/114-1/42128
給每個人的演化生物學,王弘毅,32760,EEB5100,B44U2120,,,"一 3,4",博雅201,2 類,,2,,https://course.ntu.edu.tw/courses/114-1/32760
行為生態學,何熙誠,58367,EEB5101,B44U2130,選修,,"四 6,7,8",生科4A,2 類,,3,,https://course.ntu.edu.tw/courses/114-1/58367
自然史博物館實習(I),郭典翰,10738,EEB5102,B44U2140,選修,,"四 2,3,4",,2 類,,3,,https://course.ntu.edu.tw/courses/114-1/10738
自然史博物館實習(I),曾惠芸,38677,EEB5102,B44U2140,選修,,"四 2,3,4",,2 類,,3,,https://course.ntu.edu.tw/courses/114-1/38677
生態學研究寫作與出版,澤大衛,54664,EEB5106,B44U2180,選修,,"三 7,8",生科1217,2 類,,2,,https://course.ntu.edu.tw/courses/114-1/54664
植物學專題討論,胡哲明,19182,EEB5108,B44U2200,選修,,四 7,生科1148,2 類,,1,,https://course.ntu.edu.tw/courses/114-1/19182
碩士班專題討論,柯柏如,22739,EEB7001,B44M0020,必修,,"五 3,4",生科632,1 類,,1,,https://course.ntu.edu.tw/courses/114-1/22739
碩士班專題討論,李承叡,20598,EEB7001,B44M0020,必修,,"五 3,4",生科3A,1 類,,1,,https://course.ntu.edu.tw/courses/114-1/20598
專題研究,胡哲明,54470,EEB7002,B44M0030,必修,,,,1 類,,1,,https://course.ntu.edu.tw/courses/114-1/54470
專題研究,王俊能,20356,EEB7002,B44M0030,必修,,,,1 類,,1,,https://course.ntu.edu.tw/courses/114-1/20356
專題研究,丁照棣,41288,EEB7002,B44M0030,必修,,,,1 類,,1,,https://course.ntu.edu.tw/courses/114-1/41288
專題研究,何傳愷,56497,EEB7002,B44M0030,必修,,,,1 類,,1,,https://course.ntu.edu.tw/courses/114-1/56497
專題研究,沈聖峰,34767,EEB7002,B44M0030,必修,,,,1 類,,1,,https://course.ntu.edu.tw/courses/114-1/34767
專題研究,澤大衛,58440,EEB7002,B44M0030,必修,,,,1 類,,1,,https://course.ntu.edu.tw/courses/114-1/58440
專題研究,張智涵,30696,EEB7002,B44M0030,必修,,,,1 類,,1,,https://course.ntu.edu.tw/courses/114-1/30696
專題研究,楊瑋誠,14607,EEB7002,B44M0030,必修,,,,1 類,,1,,https://course.ntu.edu.tw/courses/114-1/14607
專題研究,柯柏如,18171,EEB7002,B44M0030,必修,,,,1 類,,1,,https://course.ntu.edu.tw/courses/114-1/18171
專題研究,李勇毅,26367,EEB7002,B44M0030,必修,,,,1 類,,1,,https://course.ntu.edu.tw/courses/114-1/26367
專題研究,柯佳吟,30092,EEB7002,B44M0030,必修,,,,1 類,,1,,https://course.ntu.edu.tw/courses/114-1/30092
專題研究,何熙誠,27406,EEB7002,B44M0030,必修,,,,1 類,,1,,https://course.ntu.edu.tw/courses/114-1/27406
專題研究,蔡怡陞,25183,EEB7002,B44M0030,必修,,,,1 類,,1,,https://course.ntu.edu.tw/courses/114-1/25183
專題研究,林展蔚,17539,EEB7002,B44M0030,必修,,,,1 類,,1,,https://course.ntu.edu.tw/courses/114-1/17539
專題研究,林大利,95025,EEB7002,B44M0030,必修,,,,1 類,,1,,https://course.ntu.edu.tw/courses/114-1/95025
碩士班論文專題報告,李承叡,34839,EEB7003,B44M0040,必修,,,,1 類,,1,,https://course.ntu.edu.tw/courses/114-1/34839
碩士論文,,55254,EEB7999,B44M0010,必修,,,,1 類,,0,,https://course.ntu.edu.tw/courses/114-1/55254
博士班專題討論,李承叡,48923,EEB8001,B44D0020,必修,,,,1 類,,1,,https://course.ntu.edu.tw/courses/114-1/48923
專題研究,胡哲明,39065,EEB8002,B44D0030,必修,,,,1 類,,1,,https://course.ntu.edu.tw/courses/114-1/39065
專題研究,王俊能,11640,EEB8002,B44D0030,必修,,,,1 類,,1,,https://course.ntu.edu.tw/courses/114-1/11640
專題研究,丁照棣,26634,EEB8002,B44D0030,必修,,,,1 類,,1,,https://course.ntu.edu.tw/courses/114-1/26634
專題研究,陳國勤,10566,EEB8002,B44D0030,必修,,,,1 類,,1,,https://course.ntu.edu.tw/courses/114-1/10566
專題研究,謝志豪,37923,EEB8002,B44D0030,必修,,,,1 類,,1,,https://course.ntu.edu.tw/courses/114-1/37923
專題研究,何傳愷,55931,EEB8002,B44D0030,必修,,,,1 類,,1,,https://course.ntu.edu.tw/courses/114-1/55931
專題研究,澤大衛,48789,EEB8002,B44D0030,必修,,,,1 類,,1,,https://course.ntu.edu.tw/courses/114-1/48789
專題研究,王弘毅,57035,EEB8002,B44D0030,必修,,,,1 類,,1,,https://course.ntu.edu.tw/courses/114-1/57035
專題研究,李承叡,47189,EEB8002,B44D0030,必修,,,,1 類,,1,,https://course.ntu.edu.tw/courses/114-1/47189
專題研究,張智涵,59987,EEB8002,B44D0030,必修,,,,1 類,,1,,https://course.ntu.edu.tw/courses/114-1/59987
專題研究,柯柏如,37431,EEB8002,B44D0030,必修,,,,1 類,,1,,https://course.ntu.edu.tw/courses/114-1/37431
專題研究,柯佳吟,28711,EEB8002,B44D0030,必修,,,,1 類,,1,,https://course.ntu.edu.tw/courses/114-1/28711
專題研究,何熙誠,52021,EEB8002,B44D0030,必修,,,,1 類,,1,,https://course.ntu.edu.tw/courses/114-1/52021
專題研究,林展蔚,12005,EEB8002,B44D0030,必修,,,,1 類,,1,,https://course.ntu.edu.tw/courses/114-1/12005
博士論文,,13343,EEB8999,B44D0010,必修,,,,1 類,,0,,https://course.ntu.edu.tw/courses/114-1/13343
系統晶片設計實驗,吳安宇,48492,EEE5010,943U0100,選修,,"二 2,3,4",電二101,2 類,,3,,https://course.ntu.edu.tw/courses/114-1/48492
邏輯合成與驗證,江介宏,21541,EEE5028,943U0300,選修,,"二 2,3,4",電二146,1 類,,3,,https://course.ntu.edu.tw/courses/114-1/21541
專利舉發與侵害鑑定實務,林致廷,38421,EEE5036,943U0380,選修,,"二 7,8,9",博理112,2 類,,3,,https://course.ntu.edu.tw/courses/114-1/38421
先進半導體與顯示技術,劉致為,20569,EEE5051,943U0530,選修,,"二 7,8,9",明達231,3 類,,3,,https://course.ntu.edu.tw/courses/114-1/20569
半導體電子產品工程,潘正聖,49163,EEE5054,943U0560,選修,,"三 6,7,8",電二141,2 類,,3,,https://course.ntu.edu.tw/courses/114-1/49163
特用化半導體元件技術,魏拯華,28498,EEE5056,943U0580,選修,,"二 7,8,9",博理212,2 類,,3,,https://course.ntu.edu.tw/courses/114-1/28498
圖解MOS元件,劉致為,55851,EEE5067,943U0690,選修,,"六 7,8",,1 類,,2,,https://course.ntu.edu.tw/courses/114-1/55851
專題研究,胡振國,20021,EEE7002,943M0030,必修,,,,1 類,,1,,https://course.ntu.edu.tw/courses/114-1/20021
專題研究,林浩雄,14854,EEE7002,943M0030,必修,,,,1 類,,1,,https://course.ntu.edu.tw/courses/114-1/14854
專題研究,闕志達,25364,EEE7002,943M0030,必修,,,,1 類,,1,,https://course.ntu.edu.tw/courses/114-1/25364
專題研究,劉深淵,35029,EEE7002,943M0030,必修,,,,1 類,,1,,https://course.ntu.edu.tw/courses/114-1/35029
專題研究,劉致為,47412,EEE7002,943M0030,必修,,,,1 類,,1,,https://course.ntu.edu.tw/courses/114-1/47412
專題研究,張耀文,11200,EEE7002,943M0030,必修,,,,1 類,,1,,https://course.ntu.edu.tw/courses/114-1/11200
專題研究,吳安宇,21333,EEE7002,943M0030,必修,,,,1 類,,1,,https://course.ntu.edu.tw/courses/114-1/21333
專題研究,吳忠幟,49683,EEE7002,943M0030,必修,,,,1 類,,1,,https://course.ntu.edu.tw/courses/114-1/49683
專題研究,陳中平,37598,EEE7002,943M0030,必修,,,,1 類,,1,,https://course.ntu.edu.tw/courses/114-1/37598
專題研究,呂良鴻,13460,EEE7002,943M0030,必修,,,,1 類,,1,,https://course.ntu.edu.tw/courses/114-1/13460
專題研究,楊佳玲,16280,EEE7002,943M0030,必修,,,,1 類,,1,,https://course.ntu.edu.tw/courses/114-1/16280
專題研究,李泰成,31094,EEE7002,943M0030,必修,,,,1 類,,1,,https://course.ntu.edu.tw/courses/114-1/31094
專題研究,林宗賢,32832,EEE7002,943M0030,必修,,,,1 類,,1,,https://course.ntu.edu.tw/courses/114-1/32832
專題研究,李致毅,18252,EEE7002,943M0030,必修,,,,1 類,,1,,https://course.ntu.edu.tw/courses/114-1/18252
專題研究,陳怡然,10107,EEE7002,943M0030,必修,,,,1 類,,1,,https://course.ntu.edu.tw/courses/114-1/10107
專題研究,簡韶逸,54058,EEE7002,943M0030,必修,,,,1 類,,1,,https://course.ntu.edu.tw/courses/114-1/54058
專題研究,江介宏,21857,EEE7002,943M0030,必修,,,,1 類,,1,,https://course.ntu.edu.tw/courses/114-1/21857
專題研究,李建模,56002,EEE7002,943M0030,必修,,,,1 類,,1,,https://course.ntu.edu.tw/courses/114-1/56002
專題研究,黃俊郎,21864,EEE7002,943M0030,必修,,,,1 類,,1,,https://course.ntu.edu.tw/courses/114-1/21864
專題研究,陳信樹,31993,EEE7002,943M0030,必修,,,,1 類,,1,,https://course.ntu.edu.tw/courses/114-1/31993
專題研究,黃鐘揚,18693,EEE7002,943M0030,必修,,,,1 類,,1,,https://course.ntu.edu.tw/courses/114-1/18693
專題研究,林致廷,32423,EEE7002,943M0030,必修,,,,1 類,,1,,https://course.ntu.edu.tw/courses/114-1/32423
專題研究,盧奕璋,36567,EEE7002,943M0030,必修,,,,1 類,,1,,https://course.ntu.edu.tw/courses/114-1/36567
專題研究,吳肇欣,21217,EEE7002,943M0030,必修,,,,1 類,,1,,https://course.ntu.edu.tw/courses/114-1/21217
專題研究,李峻霣,31908,EEE7002,943M0030,必修,,,,1 類,,1,,https://course.ntu.edu.tw/courses/114-1/31908
專題研究,盧信嘉,45289,EEE7002,943M0030,必修,,,,1 類,,1,,https://course.ntu.edu.tw/courses/114-1/45289
專題研究,陳景然,54974,EEE7002,943M0030,必修,,,,1 類,,1,,https://course.ntu.edu.tw/courses/114-1/54974
專題研究,劉宗德,26847,EEE7002,943M0030,必修,,,,1 類,,1,,https://course.ntu.edu.tw/courses/114-1/26847
專題研究,李俊興,23966,EEE7002,943M0030,必修,,,,1 類,,1,,https://course.ntu.edu.tw/courses/114-1/23966
專題研究,胡璧合,25143,EEE7002,943M0030,必修,,,,1 類,,1,,https://course.ntu.edu.tw/courses/114-1/25143
專題研究,張子璿,23383,EEE7002,943M0030,必修,,,,1 類,,1,,https://course.ntu.edu.tw/courses/114-1/23383
專題研究,李念澤,20060,EEE7002,943M0030,必修,,,,1 類,,1,,https://course.ntu.edu.tw/courses/114-1/20060
專題研究,簡俊超,42046,EEE7002,943M0030,必修,,,,1 類,,1,,https://course.ntu.edu.tw/courses/114-1/42046
專題研究,郭斯彥,26184,EEE7002,943M0030,必修,,,,1 類,,1,,https://course.ntu.edu.tw/courses/114-1/26184
專題演講一,吳肇欣,14272,EEE7003,943M0040,必修,,"一 6,7",,1 類,,1,,https://course.ntu.edu.tw/courses/114-1/14272
專題討論(積體電路與系統),盧信嘉,56748,EEE7005,943M0060,必修,,一 9,,1 類,,0,,https://course.ntu.edu.tw/courses/114-1/56748
專題討論(奈米電子),張子璿,25420,EEE7006,943M0070,必修,,一 8,,1 類,,0,,https://course.ntu.edu.tw/courses/114-1/25420
專題討論(電子設計自動化),李建模,33940,EEE7007,943M0080,必修,,一 8,博理112,1 類,,0,,https://course.ntu.edu.tw/courses/114-1/33940
碩士論文,,25734,EEE7999,943M0010,必修,,,,1 類,,0,,https://course.ntu.edu.tw/courses/114-1/25734
專題研究,胡振國,18086,EEE8002,943D0030,必修,,,,1 類,,1,,https://course.ntu.edu.tw/courses/114-1/18086
專題研究,林浩雄,25660,EEE8002,943D0030,必修,,,,1 類,,1,,https://course.ntu.edu.tw/courses/114-1/25660
專題研究,闕志達,31427,EEE8002,943D0030,必修,,,,1 類,,1,,https://course.ntu.edu.tw/courses/114-1/31427
專題研究,劉深淵,54431,EEE8002,943D0030,必修,,,,1 類,,1,,https://course.ntu.edu.tw/courses/114-1/54431
專題研究,劉致為,39801,EEE8002,943D0030,必修,,,,1 類,,1,,https://course.ntu.edu.tw/courses/114-1/39801
專題研究,張耀文,18742,EEE8002,943D0030,必修,,,,1 類,,1,,https://course.ntu.edu.tw/courses/114-1/18742
專題研究,吳安宇,56417,EEE8002,943D0030,必修,,,,1 類,,1,,https://course.ntu.edu.tw/courses/114-1/56417
專題研究,吳忠幟,49195,EEE8002,943D0030,必修,,,,1 類,,1,,https://course.ntu.edu.tw/courses/114-1/49195
專題研究,陳中平,53963,EEE8002,943D0030,必修,,,,1 類,,1,,https://course.ntu.edu.tw/courses/114-1/53963
專題研究,呂良鴻,41753,EEE8002,943D0030,必修,,,,1 類,,1,,https://course.ntu.edu.tw/courses/114-1/41753
專題研究,林宗賢,42141,EEE8002,943D0030,必修,,,,1 類,,1,,https://course.ntu.edu.tw/courses/114-1/42141
專題研究,江介宏,53434,EEE8002,943D0030,必修,,,,1 類,,1,,https://course.ntu.edu.tw/courses/114-1/53434
專題研究,黃俊郎,42917,EEE8002,943D0030,必修,,,,1 類,,1,,https://course.ntu.edu.tw/courses/114-1/42917
專題研究,陳信樹,13184,EEE8002,943D0030,必修,,,,1 類,,1,,https://course.ntu.edu.tw/courses/114-1/13184
專題研究,林致廷,53731,EEE8002,943D0030,必修,,,,1 類,,1,,https://course.ntu.edu.tw/courses/114-1/53731
專題研究,江蕙如,31660,EEE8002,943D0030,必修,,,,1 類,,1,,https://course.ntu.edu.tw/courses/114-1/31660
專題研究,楊家驤,51652,EEE8002,943D0030,必修,,,,1 類,,1,,https://course.ntu.edu.tw/courses/114-1/51652
專題研究,盧奕璋,26142,EEE8002,943D0030,必修,,,,1 類,,1,,https://course.ntu.edu.tw/courses/114-1/26142
專題研究,吳肇欣,51547,EEE8002,943D0030,必修,,,,1 類,,1,,https://course.ntu.edu.tw/courses/114-1/51547
專題研究,李峻霣,31108,EEE8002,943D0030,必修,,,,1 類,,1,,https://course.ntu.edu.tw/courses/114-1/31108
專題研究,陳景然,49382,EEE8002,943D0030,必修,,,,1 類,,1,,https://course.ntu.edu.tw/courses/114-1/49382
專題研究,劉宗德,33177,EEE8002,943D0030,必修,,,,1 類,,1,,https://course.ntu.edu.tw/courses/114-1/33177
專題研究,李俊興,33077,EEE8002,943D0030,必修,,,,1 類,,1,,https://course.ntu.edu.tw/courses/114-1/33077
專題研究,胡璧合,58020,EEE8002,943D0030,必修,,,,1 類,,1,,https://course.ntu.edu.tw/courses/114-1/58020
專題研究,蔡坤諭,55115,EEE8002,943D0030,必修,,,,1 類,,1,,https://course.ntu.edu.tw/courses/114-1/55115
專題研究,張子璿,57798,EEE8002,943D0030,必修,,,,1 類,,1,,https://course.ntu.edu.tw/courses/114-1/57798
專題演講一,吳肇欣,53718,EEE8003,943D0040,必修,,"一 6,7",,1 類,,1,,https://course.ntu.edu.tw/courses/114-1/53718
專題討論(積體電路與系統),盧信嘉,56629,EEE8005,943D0060,必修,,一 9,,1 類,,0,,https://course.ntu.edu.tw/courses/114-1/56629
專題討論(奈米電子),張子璿,11404,EEE8006,943D0070,必修,,一 8,,1 類,,0,,https://course.ntu.edu.tw/courses/114-1/11404
專題討論(電子設計自動化),李建模,17871,EEE8007,943D0080,必修,,一 8,,1 類,,0,,https://course.ntu.edu.tw/courses/114-1/17871
博士論文,,47163,EEE8999,943D0010,必修,,,,1 類,,0,,https://course.ntu.edu.tw/courses/114-1/47163
創業與創新管理,郭瑞祥,47307,EiMBA7001,751M0110,必修,,"四 A,B,C",重光講堂,2 類,,3,,https://course.ntu.edu.tw/courses/114-1/47307
創業行銷,柯冠州,48308,EiMBA7002,751M0120,必修,,"二 A,B,C",玉山廳,2 類,,3,,https://course.ntu.edu.tw/courses/114-1/48308
創業專題(1),簡睿哲,43875,EiMBA7005,751M0150,必修,,"二 A,B,C",冠德講堂,2 類,,3,,https://course.ntu.edu.tw/courses/114-1/43875
財務報導,許文馨,47687,EiMBA7006,751M0160,必修,,"五 A,B,C",冠德講堂,2 類,,3,,https://course.ntu.edu.tw/courses/114-1/47687
策略管理,吳學良,39716,EiMBA7007,751M0170,必修,,"三 A,B,C",重光講堂,2 類,,3,,https://course.ntu.edu.tw/courses/114-1/39716
談判與協商,趙大維,17806,EiMBA7014,751M0240,選修,,"一 2,3,4,5,6,7,8,9 / 六 2,3,4,5,6,7,8,9",,2 類,,2,,https://course.ntu.edu.tw/courses/114-1/17806
雙軸轉型與人工智慧,李家岩,95021,EiMBA7018,751M0280,選修,,,,2 類,,2,,https://course.ntu.edu.tw/courses/114-1/95021
碩士論文,,58917,EiMBA7999,751M0010,必修,,,,1 類,,0,,https://course.ntu.edu.tw/courses/114-1/58917
普通昆蟲學上,曾惠芸,25894,ENT1009,61210101,必帶 / 必修,,"四 6,7",學新614,3 類,,2,,https://course.ntu.edu.tw/courses/114-1/25894
普通昆蟲學實習上,曾惠芸,38120,ENT1011,61210201,必帶 / 必修,,"一 6,7,8",學新607,3 類,,1,,https://course.ntu.edu.tw/courses/114-1/38120
遺傳學,曾書萍,17008,ENT2002,61220000,必修,,"四 2,3,4",學新614,2 類,,3,,https://course.ntu.edu.tw/courses/114-1/17008
應用昆蟲學上,許如君,57366,ENT2016,61220801,必帶,,"二 7,8",學新614,3 類,,2,,https://course.ntu.edu.tw/courses/114-1/57366
應用昆蟲學實習上,黃榮南,55024,ENT2018,61220901,必帶,,"五 6,7,8",學新607,3 類,,1,,https://course.ntu.edu.tw/courses/114-1/55024
生態學,奧山利規,51110,ENT3003,61230200,必修 / 選修,,"四 6,7,8",學新705,3 類,,3,,https://course.ntu.edu.tw/courses/114-1/51110
昆蟲分類學上,邱名鍾,11699,ENT3010,61232101,選修,,,,2 類,,2,,https://course.ntu.edu.tw/courses/114-1/11699
昆蟲分類學上,蕭旭峰,34812,ENT3010,61232101,必修,,"三 3,4",學新614,3 類,,2,,https://course.ntu.edu.tw/courses/114-1/34812
昆蟲分類學實習上,蕭旭峰,40351,ENT3012,61232201,必修,,"三 6,7,8",學新607,3 類,,1,,https://course.ntu.edu.tw/courses/114-1/40351
神經生物學,楊恩誠,40758,ENT3019,61234300,必修,,"一 6,7,8",學新614,3 類,,3,,https://course.ntu.edu.tw/courses/114-1/40758
生態學實習,奧山利規,40206,ENT3020,61230800,必修 / 選修,,"四 2,3,4",學新607,3 類,,1,,https://course.ntu.edu.tw/courses/114-1/40206
整合生物學專題討論,吳岳隆,28463,ENT4003,61242400,選修,,二 4,,3 類,,1,,https://course.ntu.edu.tw/courses/114-1/28463
專題研究,蕭旭峰,39614,ENT4010,61249200,選修,,,,2 類,,2,,https://course.ntu.edu.tw/courses/114-1/39614
專題研究,張俊哲,21272,ENT4010,61249200,選修,,,,2 類,,2,,https://course.ntu.edu.tw/courses/114-1/21272
專題研究,楊恩誠,48967,ENT4010,61249200,選修,,,,2 類,,2,,https://course.ntu.edu.tw/courses/114-1/48967
專題研究,蔡志偉,57219,ENT4010,61249200,選修,,,,2 類,,2,,https://course.ntu.edu.tw/courses/114-1/57219
專題研究,吳岳隆,21440,ENT4010,61249200,選修,,,,2 類,,2,,https://course.ntu.edu.tw/courses/114-1/21440
專題研究,曾惠芸,18709,ENT4010,61249200,選修,,,,2 類,,2,,https://course.ntu.edu.tw/courses/114-1/18709
基礎昆蟲學,蔡志偉,27854,ENT4017,61240700,選修,,"一 2,3,4",學新607,3 類,,3,,https://course.ntu.edu.tw/courses/114-1/27854
學士論文上,許如君,14703,ENT4998,61249501,選修,,,,2 類,,1,,https://course.ntu.edu.tw/courses/114-1/14703
學士論文上,曾惠芸,42403,ENT4998,61249501,選修,,,,2 類,,1,,https://course.ntu.edu.tw/courses/114-1/42403
學士論文上,曾書萍,29975,ENT4998,61249501,選修,,,,2 類,,1,,https://course.ntu.edu.tw/courses/114-1/29975
學士論文上,林柏安,31676,ENT4998,61249501,選修,,,,2 類,,1,,https://course.ntu.edu.tw/courses/114-1/31676
殺蟲藥劑毒理學,黃榮南,24557,ENT5002,632U0120,必修,,"三 6,7",昆蟲201,3 類,,2,,https://course.ntu.edu.tw/courses/114-1/24557
養蜂學,楊恩誠,53377,ENT5004,632U0170,選修,,"五 6,7",昆蟲201,3 類,,2,,https://course.ntu.edu.tw/courses/114-1/53377
昆蟲病理學,吳岳隆,25156,ENT5023,632U0520,必修,,"四 6,7",昆蟲201,3 類,,2,,https://course.ntu.edu.tw/courses/114-1/25156
當代生殖細胞發育主題研討,張俊哲,49458,ENT5027,632U0600,選修,,,,2 類,,2,,https://course.ntu.edu.tw/courses/114-1/49458
細胞生物學,黃榮南,55633,ENT5054,632U1160,必修,,"四 2,3,4",昆蟲201,3 類,,3,,https://course.ntu.edu.tw/courses/114-1/55633
食用昆蟲學,薛馬坦,16224,ENT5069,632U1270,,,"五 6,7",共101,3 類,,2,,https://course.ntu.edu.tw/courses/114-1/16224
昆蟲學概論上,薛馬坦,34911,ENT5072,632U1301,選修,,"四 6,7",學新603,2 類,,2,,https://course.ntu.edu.tw/courses/114-1/34911
化學生態學,林柏安,39200,ENT5079,632U1360,必修,,"四 2,3,4",學新705,2 類,,3,,https://course.ntu.edu.tw/courses/114-1/39200
科學研究計畫管理實務,張俊哲,10011,ENT5083,632U1400,選修,,"三 3,4,5",學新609,2 類,,3,,https://course.ntu.edu.tw/courses/114-1/10011
專題討論,薛馬坦,25622,ENT7002,632M0030,必修,,"五 2,3,4",學新614,2 類,,1,,https://course.ntu.edu.tw/courses/114-1/25622
整合生物學專題討論,吳岳隆,13850,ENT7003,632M0040,選修,,二 4,學新614,3 類,,1,,https://course.ntu.edu.tw/courses/114-1/13850
碩士論文,蔡志偉,18792,ENT7999,632M0010,必修,,,,1 類,,0,,https://course.ntu.edu.tw/courses/114-1/18792
專題討論,薛馬坦,18734,ENT8002,632D0030,必修,,"五 2,3,4",,2 類,,1,,https://course.ntu.edu.tw/courses/114-1/18734
整合生物學專題討論,吳岳隆,10083,ENT8003,632D0040,選修,,二 4,,3 類,,1,,https://course.ntu.edu.tw/courses/114-1/10083
博士論文,蔡志偉,36902,ENT8999,632D0010,必修,,,,1 類,,0,,https://course.ntu.edu.tw/courses/114-1/36902
環境工程概論,侯嘉洪,49162,EnvE5001,541U0120,選修,,"一 7,8,9",環工101,2 類,,3,,https://course.ntu.edu.tw/courses/114-1/49162
綠色生產與消費,駱尚廉,21391,EnvE5007,541U0160,,,"四 3,4",環工103,2 類,,2,,https://course.ntu.edu.tw/courses/114-1/21391
自來水及下水道工程,林逸彬,30649,EnvE5009,541U0180,選修,,"四 7,8,9",環工103,3 類,,3,,https://course.ntu.edu.tw/courses/114-1/30649
永續水回收資源循環工程,于昌平,37227,EnvE5016,541U0200,選修,,"三 2,3,4",環工102,2 類,,3,,https://course.ntu.edu.tw/courses/114-1/37227
專題討論,王興睿,33530,EnvE7001,541M0040,必修,,"二 3,4",環工103,1 類,,1,,https://course.ntu.edu.tw/courses/114-1/33530
環境化學,丁育頡,17887,EnvE7010,541M0210,必修 / 選修,,"三 2,3,4",環工103,2 類,,3,,https://course.ntu.edu.tw/courses/114-1/17887
環境微生物學,童心欣,44077,EnvE7011,541M0220,選修,,"二 6,7,8,9,10",環工102,1 類,,3,,https://course.ntu.edu.tw/courses/114-1/44077
地理資訊系統應用,闕蓓德,20147,EnvE7017,541M0410,選修,,"一 7,8,9",環工103,3 類,,3,,https://course.ntu.edu.tw/courses/114-1/20147
環境系統分析,馬鴻文,24372,EnvE7018,541M0440,選修,,"五 7,8,9",環工103,1 類,,3,,https://course.ntu.edu.tw/courses/114-1/24372
理化處理方法,林逸彬,13633,EnvE7031,541M1020,選修,,"一 2,3,4",環工103,2 類,,3,,https://course.ntu.edu.tw/courses/114-1/13633
水質分析,侯嘉洪,28477,EnvE7039,541M1150,選修,,"四 6,7,8,9",環工101,2 類,,2,,https://course.ntu.edu.tw/courses/114-1/28477
有毒氣體控制理論,席行正,33894,EnvE7051,541M2000,選修,,"五 7,8,9",環工102,1 類,,3,,https://course.ntu.edu.tw/courses/114-1/33894
氣膠學,蕭大智,53930,EnvE7057,541M2140,選修,,"二 6,7,8",環工104,3 類,,3,,https://course.ntu.edu.tw/courses/114-1/53930
空氣污染物分析,丁育頡,14930,EnvE7058,541M2160,選修,,"一 7,8,9,10",環工102,2 類,,2,,https://course.ntu.edu.tw/courses/114-1/14930
環境保護法規,顏秀慧,34032,EnvE7075,541M0620,選修,,"三 6,7",環工103,2 類,,2,,https://course.ntu.edu.tw/courses/114-1/34032
流體力學,蕭大智,41079,EnvE7079,541M0660,選修,,"一 3,4,6",環工101,1 類,,3,,https://course.ntu.edu.tw/courses/114-1/41079
水污染防治,于昌平,16824,EnvE7082,541M0690,選修,,"二 7,8,9",環工103,1 類,,3,,https://course.ntu.edu.tw/courses/114-1/16824
空氣污染控制,席行正,37386,EnvE7094,541M1350,選修,,"三 7,8,9",環工102,1 類,,3,,https://course.ntu.edu.tw/courses/114-1/37386
給水工程設計,郭大孚,45447,EnvE7098,541M1530,選修,,"五 3,4",環工101,3 類,,2,,https://course.ntu.edu.tw/courses/114-1/45447
混和建模與Python實作,王興睿,22438,EnvE7100,541M0850,選修,,"五 2,3,4",環工103,1 類,,3,,https://course.ntu.edu.tw/courses/114-1/22438
碩士論文,,47099,EnvE7999,541M0010,必修,,,,1 類,,0,,https://course.ntu.edu.tw/courses/114-1/47099
專題討論,馬鴻文,26066,EnvE8001,541D0030,必修,,"二 3,4",環工101,1 類,,1,,https://course.ntu.edu.tw/courses/114-1/26066
科技英語講演(I),林郁真,46064,EnvE8003,541D0060,選修,,"二 6,7",環工101,2 類,,2,,https://course.ntu.edu.tw/courses/114-1/46064
博士論文,,32800,EnvE8999,541D0010,必修,,,,1 類,,0,,https://course.ntu.edu.tw/courses/114-1/32800
環境與職業流行病學之暴露評估計量模擬及應用,李婉甄,25121,EOHS5010,852U0100,選修,,"四 3,4",公衛210,2 類,,2,,https://course.ntu.edu.tw/courses/114-1/25121
國際港埠環境衛生防治實務,王錫杰,57488,EOHS5012,852U0120,選修,,"三 8,9",公衛209,2 類,,2,,https://course.ntu.edu.tw/courses/114-1/57488
環境職業健康科學專題討論,黃盛修,34308,EOHS7001,852M0720,必修,,"四 6,7",公衛201,2 類,,1,,https://course.ntu.edu.tw/courses/114-1/34308
環境職業健康科學專題討論一,黃盛修,19195,EOHS7002,852M0020,選修,,"四 6,7",,2 類,,1,,https://course.ntu.edu.tw/courses/114-1/19195
高等環境衛生學,劉貞佑,57156,EOHS7010,852M0100,選修,,"三 6,7",公衛211,2 類,,2,,https://course.ntu.edu.tw/courses/114-1/57156
環境分析原理,陳家揚,15071,EOHS7013,852M0130,選修,,"一 3,4",公衛210,2 類,,2,,https://course.ntu.edu.tw/courses/114-1/15071
環境及職業流行病學,楊孝友,33784,EOHS7014,852M0140,選修,,"二 6,7",公衛211,2 類,,2,,https://course.ntu.edu.tw/courses/114-1/33784
風險評估,吳焜裕,55033,EOHS7015,852M0150,必修 / 選修,,"五 6,7,8",公衛215,2 類,,3,,https://course.ntu.edu.tw/courses/114-1/55033
環境職業衛生統計,陳保中,41981,EOHS7017,852M0170,選修,,"二 3,4",公衛209,2 類,,2,,https://course.ntu.edu.tw/courses/114-1/41981
環境職業衛生統計實習,陳保中,38700,EOHS7018,852M0180,選修,,二 2,公衛209,2 類,,1,,https://course.ntu.edu.tw/courses/114-1/38700
環境病職業病,林亮瑜,10190,EOHS7020,852M0200,選修,,"二 8,9",公衛209,2 類,,2,,https://course.ntu.edu.tw/courses/114-1/10190
衛生管理實務二,李俊賢,26126,EOHS7022,852M0220,選修,,"五 3,4",公衛210,2 類,,2,,https://course.ntu.edu.tw/courses/114-1/26126
環境病職業病概論,楊孝友,41767,EOHS7023,852M0230,選修,,"一 6,7",公衛212,2 類,,2,,https://course.ntu.edu.tw/courses/114-1/41767
作業環境測定一,黃耀輝,23123,EOHS7024,852M0240,選修,,"三 6,7",公衛213,2 類,,2,,https://course.ntu.edu.tw/courses/114-1/23123
工業通風,陳佳堃,45137,EOHS7026,852M0260,選修,,"一 2,3,4",公衛212,2 類,,2,,https://course.ntu.edu.tw/courses/114-1/45137
工業安全,陳佳堃,11846,EOHS7028,852M0280,選修,,"一 8,9",公衛212,2 類,,2,,https://course.ntu.edu.tw/courses/114-1/11846
工業安全衛生法規,鄒子廉,12625,EOHS7029,852M0290,選修,,"二 8,9",公衛211,2 類,,2,,https://course.ntu.edu.tw/courses/114-1/12625
環境毒理專題研究,林靖愉,12814,EOHS7033,852M0330,選修,,"一 6,7",公衛105,2 類,,2,,https://course.ntu.edu.tw/courses/114-1/12814
空氣中有害物採樣與分析,蔡詩偉,47679,EOHS7035,852M0350,選修,,"四 8,9",公衛209,2 類,,2,,https://course.ntu.edu.tw/courses/114-1/47679
表基因概論,劉貞佑,33594,EOHS7039,852M0390,選修,,"一 6,7",公衛208,2 類,,2,,https://course.ntu.edu.tw/courses/114-1/33594
環境職業性肺病研究專題討論一,楊孝友,54751,EOHS7053,852M0530,選修,,"四 8,9",,2 類,,1,,https://course.ntu.edu.tw/courses/114-1/54751
氣膠專題討論上,黃盛修,13642,EOHS7058,852M0580,選修,,"三 1,2",,2 類,,1,,https://course.ntu.edu.tw/courses/114-1/13642
生殖危害專題討論上,陳保中,16382,EOHS7060,852M0600,選修,,"四 3,4",,2 類,,1,,https://course.ntu.edu.tw/courses/114-1/16382
環境與職業醫學專題討論一,郭育良,30390,EOHS7067,852M0670,選修,,"四 1,2",,2 類,,2,,https://course.ntu.edu.tw/courses/114-1/30390
應用人因工程,蕭宏偉,17618,EOHS7073,852M7040,選修,,,,2 類,,2,,https://course.ntu.edu.tw/courses/114-1/17618
碩士論文,蔡坤憲,29691,EOHS7999,852M0010,必修,,,,1 類,,0,,https://course.ntu.edu.tw/courses/114-1/29691
環境職業健康科學專題討論一,林靖愉,52390,EOHS8002,852D0020,選修,,"四 6,7",公衛210,2 類,,1,,https://course.ntu.edu.tw/courses/114-1/52390
環境職業衛生特論一,陳佳堃,52611,EOHS8006,852D0060,必修,,"四 8,9",公衛210,2 類,,2,,https://course.ntu.edu.tw/courses/114-1/52611
博士論文,蔡坤憲,39345,EOHS8999,852D0010,必修,,,,1 類,,0,,https://course.ntu.edu.tw/courses/114-1/39345
計算生物學原理與應用,盧子彬,21945,EPM5009,849U0370,必修 / 選修,,"四 2,3,4",公衛213,2 類,,3,,https://course.ntu.edu.tw/courses/114-1/21945
傳染病防治: 倫理與法律實務,詹珮君,50943,EPM5013,849U0410,必修 / 選修,,"三 10,A",公衛215,2 類,,1,,https://course.ntu.edu.tw/courses/114-1/50943
生物統計應用分析-R,盧子彬,29785,EPM5016,849U0440,必修,,一 4,公衛105,2 類,,1,,https://course.ntu.edu.tw/courses/114-1/29785
疫苗學,范怡琴,56230,EPM5027,849U0550,選修,,"四 8,9",公衛213,3 類,,2,,https://course.ntu.edu.tw/courses/114-1/56230
防疫政策案例研析- 從臺灣到全球的挑戰,劉定萍,41819,EPM5029,849U0570,必修 / 選修,,"二 6,7",公衛208,3 類,,2,,https://course.ntu.edu.tw/courses/114-1/41819
物質使用與公共衛生,陳娟瑜,43742,EPM5031,849U0020,選修,,"三 1,2",公衛209,3 類,,2,,https://course.ntu.edu.tw/courses/114-1/43742
流行病學當代研究課題,李文宗,46122,EPM5032,849U0030,選修,,"四 8,9",公衛211,3 類,,2,,https://course.ntu.edu.tw/courses/114-1/46122
傳染病防治實例,施惟量,25350,EPM5033,849U0040,必修 / 選修,,"四 6,7",公衛213,2 類,,2,,https://course.ntu.edu.tw/courses/114-1/25350
描述性流行病學方法論,李文宗,16057,EPM5038,849U0090,選修,,"四 6,7",公衛209,3 類,,2,,https://course.ntu.edu.tw/courses/114-1/16057
全球結核病流行病學:預防與控制,林先和,50240,EPM5052,849U0230,選修,,"三 3,4",公衛209,3 類,,2,,https://course.ntu.edu.tw/courses/114-1/50240
流行病學專題討論,吳亞克,52796,EPM7016,849M1000,必修,,"一 3,4",,3 類,,1,,https://course.ntu.edu.tw/courses/114-1/52796
預防醫學專題討論(一),程蘊菁,56473,EPM7018,849M1200,必修,,"二 6,7",公衛118,3 類,,1,,https://course.ntu.edu.tw/courses/114-1/56473
高等流行病學方法,李文宗,14082,EPM7110,849M0040,必修,,"三 6,7",公衛209,2 類,,2,,https://course.ntu.edu.tw/courses/114-1/14082
流行病學原理,方啟泰,12152,EPM7112,849M0060,必修 / 選修,,"一 8,9",公衛101,1 類,,2,,https://course.ntu.edu.tw/courses/114-1/12152
量性科學,陳秀熙,37014,EPM7121,849M0150,必修 / 選修,,"一 10,A",,2 類,,2,,https://course.ntu.edu.tw/courses/114-1/37014
預防醫學導論,簡國龍,54038,EPM7136,849M0310,必修,,"一 6,7",公衛215,3 類,,2,,https://course.ntu.edu.tw/courses/114-1/54038
環境與熱帶疾病,陳維鈞,10665,EPM7143,849M0380,選修,,"五 2,3",公衛209,3 類,,2,,https://course.ntu.edu.tw/courses/114-1/10665
專題研究,簡國龍,33725,EPM7162,849M0570,選修,,"一 10,A",,3 類,,1,,https://course.ntu.edu.tw/courses/114-1/33725
慢性病預防醫學專題討論,葉彥伯,49420,EPM7178,849M0730,選修,,"四 A,B",公衛210,3 類,,2,,https://course.ntu.edu.tw/courses/114-1/49420
流行病學原理:資料分析,方啟泰,39436,EPM7179,849M0740,選修,,三 9,公衛215,3 類,,1,,https://course.ntu.edu.tw/courses/114-1/39436
碩士論文,,36158,EPM7999,849M0010,必修,,,,1 類,,0,,https://course.ntu.edu.tw/courses/114-1/36158
進階存活與縱貫性資料分析,張淑惠,37799,EPM8004,849D0410,選修,,"二 6,7,8",,3 類,,3,,https://course.ntu.edu.tw/courses/114-1/37799
高等預防醫學專題討論三,程蘊菁,34910,EPM8058,849D0250,必修,,"二 6,7",,3 類,,1,,https://course.ntu.edu.tw/courses/114-1/34910
流行病學專題討論一,吳亞克,29558,EPM8067,849D0020,必修,,"一 3,4",公衛201,3 類,,1,,https://course.ntu.edu.tw/courses/114-1/29558
流行病學專題討論二,吳亞克,17970,EPM8068,849D0030,必修,,"一 3,4",,3 類,,1,,https://course.ntu.edu.tw/courses/114-1/17970
生物醫學統計專題討論D1,馮嬿臻,12007,EPM8082,849D0170,必修,,"三 3,4",,3 類,,1,,https://course.ntu.edu.tw/courses/114-1/12007
生物醫學統計專題討論D3,馮嬿臻,43042,EPM8083,849D0180,必修,,"三 3,4",,3 類,,1,,https://course.ntu.edu.tw/courses/114-1/43042
高等預防醫學專題討論一,程蘊菁,53525,EPM8088,849D0230,必修,,"二 6,7",,3 類,,1,,https://course.ntu.edu.tw/courses/114-1/53525
數理統計,洪  弘,49220,EPM8089,849D0350,必修 / 選修,,"三 7,8,9",公衛212,3 類,,3,,https://course.ntu.edu.tw/courses/114-1/49220
應用隨機過程一,陳秀熙,43924,EPM8090,849D0360,選修,,"一 3,4",公衛209,3 類,,2,,https://course.ntu.edu.tw/courses/114-1/43924
博士論文,,18281,EPM8999,849D0010,必修,,,,1 類,,0,,https://course.ntu.edu.tw/courses/114-1/18281
書報討論I,劉千義,53387,ES8001,249D0020,必修,,三 5,,2 類,,1,,https://course.ntu.edu.tw/courses/114-1/53387
地球系統科學通論,李時雨,44595,ES8002,249D0050,必修,,"三 2,3,4",,2 類,,3,,https://course.ntu.edu.tw/courses/114-1/44595
全球水循環,李時雨,28798,ES8003,249D0060,選修,,"四 2,3,4",,2 類,,3,,https://course.ntu.edu.tw/courses/114-1/28798
固體地球,彭君能,37229,ES8004,249D0070,選修,,"二 6,7,8",,2 類,,3,,https://course.ntu.edu.tw/courses/114-1/37229
科學計算,譚  諤,23999,ES8006,249D1020,選修,,"一 6,7,8",,2 類,,3,,https://course.ntu.edu.tw/courses/114-1/23999
地震預報,詹忠翰,54586,ES8034,249D1250,選修,,"三 7,8",,2 類,,2,,https://course.ntu.edu.tw/courses/114-1/54586
古海洋學導論,羅  立,16987,ES8044,249D1350,選修,,"四 2,3,4",,2 類,,3,,https://course.ntu.edu.tw/courses/114-1/16987
空氣汙染模擬實作,蔡宜君,18731,ES8046,249D1370,選修,,"一 6,7",,2 類,,2,,https://course.ntu.edu.tw/courses/114-1/18731
博士論文,,26292,ES8999,249D0010,必修,,,,1 類,,0,,https://course.ntu.edu.tw/courses/114-1/26292
服務學習甲,吳文中,23995,ESOE0006,505001G0,必帶,,五 5,工科視聽室,2 類,,1,,https://course.ntu.edu.tw/courses/114-1/23995
服務學習甲,羅弘岳,35231,ESOE0006,505001G0,必帶,,五 5,,2 類,,1,,https://course.ntu.edu.tw/courses/114-1/35231
服務學習乙,陳彥廷,15148,ESOE0007,505001H0,必帶,,四 5,工科視聽室,2 類,,1,,https://course.ntu.edu.tw/courses/114-1/15148
服務學習乙,李岳聯,31822,ESOE0007,505001H0,必帶,,四 5,,2 類,,1,,https://course.ntu.edu.tw/courses/114-1/31822
Python程式設計,黃乾綱,58593,ESOE1030,50510520,必帶,,一 2,工科視聽室,2 類,,1,,https://course.ntu.edu.tw/courses/114-1/58593
邏輯電路,吳文中,47097,ESOE2004,50521520,必修,,"五 7,8,9",工科視聽室,2 類,,3,,https://course.ntu.edu.tw/courses/114-1/47097
流體力學,羅弘岳,18783,ESOE2006,50522100,必修,,"三 2,3,4",工科203,2 類,,3,,https://course.ntu.edu.tw/courses/114-1/18783
資料結構,張恆華,35017,ESOE2012,50522240,必修,,"五 2,3,4",工科204,2 類,,3,,https://course.ntu.edu.tw/courses/114-1/35017
熱力學,趙修武,17155,ESOE2020,50527100,必修,,"二 3,4,9",工科201,2 類,,3,,https://course.ntu.edu.tw/courses/114-1/17155
工程數學一,蕭惠心,43004,ESOE2021,50528110,必帶 / 必修,,"四 7,8,9",工科206,2 類,,3,,https://course.ntu.edu.tw/courses/114-1/43004
數值方法,戴璽恆,39048,ESOE2024,50529120,必修,,"三 7,8 / 五 6",工科203,2 類,,3,,https://course.ntu.edu.tw/courses/114-1/39048
電子電路一,陳昭宏,58036,ESOE2030,50521640,必帶,,"二 7,8 / 四 3,4",工科206/工科視聽室,2 類,,3,,https://course.ntu.edu.tw/courses/114-1/58036
工程及專業倫理,陳琪芳,40296,ESOE3003,50530140,,,"五 6,7",普503,2 類,,2,,https://course.ntu.edu.tw/courses/114-1/40296
電磁學,薛文証,24312,ESOE3007,50531550,必修,,"三 7,8,9",工科206,2 類,,3,,https://course.ntu.edu.tw/courses/114-1/24312
工程數學三,黃維信,22258,ESOE3042,50538130,必帶 / 必修,,"四 2,3,4",工科206,2 類,,3,,https://course.ntu.edu.tw/courses/114-1/22258
工程力學三,楊舜涵,16619,ESOE3043,50530230,必帶,,"一 6,7,8",工科視聽室,2 類,,2,,https://course.ntu.edu.tw/courses/114-1/16619
複變函數,丁肇隆,19619,ESOE3044,50532800,選修,,"二 3,4",工科202,2 類,,2,,https://course.ntu.edu.tw/courses/114-1/19619
專題研究,丁肇隆,16254,ESOE5001,525U0010,選修,,,,2 類,,1,,https://course.ntu.edu.tw/courses/114-1/16254
專題研究,薛文証,36785,ESOE5001,525U0010,選修,,,,1 類,,1,,https://course.ntu.edu.tw/courses/114-1/36785
專題研究,馬開東,54820,ESOE5001,525U0010,選修,,,,2 類,,1,,https://course.ntu.edu.tw/courses/114-1/54820
專題研究,林宗岳,13000,ESOE5001,525U0010,選修,,,,2 類,,1,,https://course.ntu.edu.tw/courses/114-1/13000
專題研究,楊舜涵,45755,ESOE5001,525U0010,選修,,,,2 類,,1,,https://course.ntu.edu.tw/courses/114-1/45755
專題研究,郭振華,52620,ESOE5001,525U0010,選修,,,,2 類,,1,,https://course.ntu.edu.tw/courses/114-1/52620
專題研究,張瑞益,39838,ESOE5001,525U0010,選修,,,,1 類,,1,,https://course.ntu.edu.tw/courses/114-1/39838
專題研究,吳文中,26583,ESOE5001,525U0010,選修,,,,2 類,,1,,https://course.ntu.edu.tw/courses/114-1/26583
專題研究,黃乾綱,28066,ESOE5001,525U0010,選修,,,,1 類,,1,,https://course.ntu.edu.tw/courses/114-1/28066
專題研究,李佳翰,41523,ESOE5001,525U0010,選修,,,,2 類,,1,,https://course.ntu.edu.tw/courses/114-1/41523
專題研究,江茂雄,33402,ESOE5001,525U0010,選修,,,,2 類,,1,,https://course.ntu.edu.tw/courses/114-1/33402
專題研究,李坤彥,37929,ESOE5001,525U0010,選修,,,,2 類,,1,,https://course.ntu.edu.tw/courses/114-1/37929
專題研究,張恆華,52664,ESOE5001,525U0010,選修,,,,2 類,,1,,https://course.ntu.edu.tw/courses/114-1/52664
專題研究,陳琪芳,32498,ESOE5001,525U0010,選修,,,,2 類,,1,,https://course.ntu.edu.tw/courses/114-1/32498
工程美學,張瑞益,49857,ESOE5006,525U0080,選修,,"四 7,8,9",工科201,2 類,,3,,https://course.ntu.edu.tw/courses/114-1/49857
估測理論,郭振華,53458,ESOE5015,525U0230,選修,,"五 2,3,4",工科201,2 類,,3,,https://course.ntu.edu.tw/courses/114-1/53458
基礎有限元素法,黃心豪,56317,ESOE5028,525U1640,選修,,"四 6,7,8",工科202,2 類,,3,,https://course.ntu.edu.tw/courses/114-1/56317
基本聲學,王昭男,56714,ESOE5034,525U2110,選修,,"二 6,7,8",工科202,2 類,,3,,https://course.ntu.edu.tw/courses/114-1/56714
控制系統分析及設計,江茂雄,58345,ESOE5048,525U2530,選修,,"二 A,B,C",工科視聽室,2 類,,3,,https://course.ntu.edu.tw/courses/114-1/58345
近代物理,李佳翰,32205,ESOE5057,525U4170,選修,,"五 2,3,4",工科視聽室,1 類,,3,,https://course.ntu.edu.tw/courses/114-1/32205
資料礦掘,張瑞益,27040,ESOE5078,525U6230,選修,,"一 7,8,9",工科201,2 類,,3,,https://course.ntu.edu.tw/courses/114-1/27040
高功率半導體元件設計分析,李坤彥,48234,ESOE5094,525U9020,選修,,"一 5,6,7",工科206,2 類,,3,,https://course.ntu.edu.tw/courses/114-1/48234
數位影像處理,張恆華,42460,ESOE5096,525U0920,選修,,"三 2,3,4",工科204,2 類,,3,,https://course.ntu.edu.tw/courses/114-1/42460
自動控制,江茂雄,37829,ESOE5113,525U3150,必修 / 選修,,"二 2,3,4",工科視聽室,2 類,,3,,https://course.ntu.edu.tw/courses/114-1/37829
海洋波浪力學,羅弘岳,11443,ESOE5114,525U3070,必修,,"一 6,7,8",工科204,2 類,,3,,https://course.ntu.edu.tw/courses/114-1/11443
離岸風電海事工程,馬開東,47593,ESOE5129,525U9040,選修,,"三 2,3,4",,2 類,,3,,https://course.ntu.edu.tw/courses/114-1/47593
離散數學,張瑞益,43346,ESOE5130,525U5110,選修,,"三 7,8,9",工科201,2 類,,3,,https://course.ntu.edu.tw/courses/114-1/43346
中等流體力學,蔡武廷,30576,ESOE5133,525U0820,選修,,"一 2,3,4",工科203,2 類,,3,,https://course.ntu.edu.tw/courses/114-1/30576
離岸風力發電導論,江茂雄,32109,ESOE5135,525U9060,選修,,"四 A,B,C",普102,2 類,,3,,https://course.ntu.edu.tw/courses/114-1/32109
超音波原理與應用,馬克沁,49408,ESOE5147,525U3290,選修,,"五 2,3,4",工科202,2 類,,3,,https://course.ntu.edu.tw/courses/114-1/49408
船舶海洋材料學,李岳聯,26093,ESOE5148,525U3260,選修,,"四 6,7,8",工科204,2 類,,3,,https://course.ntu.edu.tw/courses/114-1/26093
嵌入式系統,陳彥廷,35043,ESOE5149,525U6080,選修,,"二 6,7,8",工科203,2 類,,3,,https://course.ntu.edu.tw/courses/114-1/35043
船舶運動與操縱,林宗岳,31080,ESOE5153,525U9090,選修,,"二 7,8,9",工科204,2 類,,3,,https://course.ntu.edu.tw/courses/114-1/31080
造船設計,扶正,55938,ESOE5154,525U9100,選修,,"四 7,8,9",工科203,2 類,,3,,https://course.ntu.edu.tw/courses/114-1/55938
風力發電機運維實務,江茂雄,95088,ESOE5155,525U9160,選修,,"三 A,B,C",工科視聽室,2 類,,3,,https://course.ntu.edu.tw/courses/114-1/95088
專題研究,王昭男,21991,ESOE7002,525M0090,選修,,,,2 類,,1,,https://course.ntu.edu.tw/courses/114-1/21991
專題研究,李世光,18386,ESOE7002,525M0090,選修,,,,1 類,,1,,https://course.ntu.edu.tw/courses/114-1/18386
專題研究,薛文証,47925,ESOE7002,525M0090,選修,,,,1 類,,1,,https://course.ntu.edu.tw/courses/114-1/47925
專題研究,陳琪芳,50626,ESOE7002,525M0090,選修,,,,1 類,,1,,https://course.ntu.edu.tw/courses/114-1/50626
專題研究,郭振華,18935,ESOE7002,525M0090,選修,,,,1 類,,1,,https://course.ntu.edu.tw/courses/114-1/18935
專題研究,吳文中,28254,ESOE7002,525M0090,選修,,,,1 類,,1,,https://course.ntu.edu.tw/courses/114-1/28254
專題研究,黃乾綱,16078,ESOE7002,525M0090,選修,,,,1 類,,1,,https://course.ntu.edu.tw/courses/114-1/16078
專題研究,李佳翰,55425,ESOE7002,525M0090,選修,,,,1 類,,1,,https://course.ntu.edu.tw/courses/114-1/55425
專題研究,江茂雄,15253,ESOE7002,525M0090,選修,,,,1 類,,1,,https://course.ntu.edu.tw/courses/114-1/15253
專題研究,陳昭宏,45228,ESOE7002,525M0090,選修,,,,1 類,,1,,https://course.ntu.edu.tw/courses/114-1/45228
專題研究,李坤彥,58188,ESOE7002,525M0090,選修,,,,1 類,,1,,https://course.ntu.edu.tw/courses/114-1/58188
專題研究,張恆華,30350,ESOE7002,525M0090,選修,,,,1 類,,1,,https://course.ntu.edu.tw/courses/114-1/30350
專題研究,蔡武廷,18616,ESOE7002,525M0090,選修,,,,1 類,,1,,https://course.ntu.edu.tw/courses/114-1/18616
專題研究,黃心豪,25283,ESOE7002,525M0090,選修,,,,1 類,,1,,https://course.ntu.edu.tw/courses/114-1/25283
專題研究,李岳聯,23690,ESOE7002,525M0090,選修,,,,1 類,,1,,https://course.ntu.edu.tw/courses/114-1/23690
專題研究,戴璽恆,25954,ESOE7002,525M0090,選修,,,,1 類,,1,,https://course.ntu.edu.tw/courses/114-1/25954
專題研究,趙修武,14180,ESOE7002,525M0090,選修,,,,1 類,,1,,https://course.ntu.edu.tw/courses/114-1/14180
專題研究,羅弘岳,28448,ESOE7002,525M0090,選修,,,,1 類,,1,,https://course.ntu.edu.tw/courses/114-1/28448
專題研究,楊舜涵,58175,ESOE7002,525M0090,選修,,,,1 類,,1,,https://course.ntu.edu.tw/courses/114-1/58175
專題研究,林宗岳,47062,ESOE7002,525M0090,選修,,,,1 類,,1,,https://course.ntu.edu.tw/courses/114-1/47062
專題研究,馬開東,55746,ESOE7002,525M0090,選修,,,,1 類,,1,,https://course.ntu.edu.tw/courses/114-1/55746
專題研究,蕭惠心,54082,ESOE7002,525M0090,選修,,,,1 類,,1,,https://course.ntu.edu.tw/courses/114-1/54082
專題研究,陳彥廷,17467,ESOE7002,525M0090,選修,,,,1 類,,1,,https://course.ntu.edu.tw/courses/114-1/17467
複合材料力學,黃心豪,28410,ESOE7042,525M2710,選修,,"一 6,7,8",工科203,2 類,,3,,https://course.ntu.edu.tw/courses/114-1/28410
平行計算,黃乾綱,28768,ESOE7045,525M6150,選修,,"一 7,8,9",工科202,2 類,,3,,https://course.ntu.edu.tw/courses/114-1/28768
專題討論(一),陳彥廷,28240,ESOE7046,525M1000,必修,,"五 7,8,9",,1 類,,1,,https://course.ntu.edu.tw/courses/114-1/28240
碩士論文,,13966,ESOE7999,525M0010,必修,,,,1 類,,0,,https://course.ntu.edu.tw/courses/114-1/13966
專題討論,楊舜涵,23964,ESOE8001,525D0030,選修,,"五 7,8,9",,2 類,,1,,https://course.ntu.edu.tw/courses/114-1/23964
專題研究,吳文中,31934,ESOE8002,525D0090,選修,,,,1 類,,1,,https://course.ntu.edu.tw/courses/114-1/31934
專題研究,黃乾綱,23261,ESOE8002,525D0090,選修,,,,2 類,,1,,https://course.ntu.edu.tw/courses/114-1/23261
專題研究,趙修武,53916,ESOE8002,525D0090,選修,,,,1 類,,1,,https://course.ntu.edu.tw/courses/114-1/53916
專題研究,羅弘岳,19759,ESOE8002,525D0090,選修,,,,1 類,,1,,https://course.ntu.edu.tw/courses/114-1/19759
專題研究,薛文証,27833,ESOE8002,525D0090,選修,,,,1 類,,1,,https://course.ntu.edu.tw/courses/114-1/27833
專題研究,李佳翰,31873,ESOE8002,525D0090,選修,,,,1 類,,1,,https://course.ntu.edu.tw/courses/114-1/31873
專題研究,陳昭宏,59440,ESOE8002,525D0090,選修,,,,1 類,,1,,https://course.ntu.edu.tw/courses/114-1/59440
專題研究,蔡武廷,45163,ESOE8002,525D0090,選修,,,,1 類,,1,,https://course.ntu.edu.tw/courses/114-1/45163
專題研究,蕭惠心,56728,ESOE8002,525D0090,選修,,,,1 類,,1,,https://course.ntu.edu.tw/courses/114-1/56728
博士論文,,31824,ESOE8999,525D0010,必修,,,,1 類,,0,,https://course.ntu.edu.tw/courses/114-1/31824
服務學習甲,林軒馳,24579,Fin0006,703001G0,必修,,,,2 類,,1,,https://course.ntu.edu.tw/courses/114-1/24579
服務學習乙,洪志清,40876,Fin0007,703001H0,必修,,,,2 類,,1,,https://course.ntu.edu.tw/courses/114-1/40876
財務金融入門,陳明賢,46607,Fin1008,70316000,選修,,"二 7,8,9",管一104,2 類,,3,,https://course.ntu.edu.tw/courses/114-1/46607
個人理財規劃,陳彥行,33420,Fin1009,70311000,,,"三 2,3,4",管二301,2 類,,3,,https://course.ntu.edu.tw/courses/114-1/33420
個體經濟學,洪俊教,36634,Fin2005,70321200,必修,,"二 2,3,4",管二104,3 類,,3,,https://course.ntu.edu.tw/courses/114-1/36634
貨幣銀行學甲,林軒馳,54677,Fin2007,703222A0,必修,,"一 2,3,4",管二206,2 類,,3,,https://course.ntu.edu.tw/courses/114-1/54677
投資學,陳聖賢,19533,Fin2008,70322600,必修,,"四 2,3,4",管二202,2 類,,3,,https://course.ntu.edu.tw/courses/114-1/19533
投資學,陳彥行,59114,Fin2008,70322600,必修,,"四 8,9,10",管一103,2 類,,3,,https://course.ntu.edu.tw/courses/114-1/59114
管理數學,賴淑青,50220,Fin2009,70330500,必修,,"二 A,B,C",管一101,2 類,,3,,https://course.ntu.edu.tw/courses/114-1/50220
民法概要乙,朱漢寶,55124,Fin2010,703173B0,選修,,"一 6,7,8",博雅102,3 類,,3,,https://course.ntu.edu.tw/courses/114-1/55124
中級會計學上,劉心才,24954,Fin2014,70321711,必修,,"三 2,3,4",管二201,2 類,,3,,https://course.ntu.edu.tw/courses/114-1/24954
中級會計學上,廖芝嫻,47369,Fin2014,70321711,必修,,"三 2,3,4",管二202,2 類,,3,,https://course.ntu.edu.tw/courses/114-1/47369
財務管理,張晏誠,10343,Fin3001,70330600,必修,,"三 7,8,9",管二202,2 類,,3,,https://course.ntu.edu.tw/courses/114-1/10343
財務管理,張景宏,40998,Fin3001,70330600,必修,,"二 2,3,4",管一103,3 類,,3,,https://course.ntu.edu.tw/courses/114-1/40998
財務管理,蕭湛東,41683,Fin3001,70330600,必修,,"一 6,7,8",管二301,2 類,,3,,https://course.ntu.edu.tw/courses/114-1/41683
財務報告分析,蕭湛東,45333,Fin3002,70330900,必修,,"一 2,3,4",管一101,2 類,,3,,https://course.ntu.edu.tw/courses/114-1/45333
金融機構管理,蔡易達,43085,Fin3004,70342110,必帶,,"四 6,7,8",管二104,2 類,,3,,https://course.ntu.edu.tw/courses/114-1/43085
高等統計上,林岳祥,28441,Fin3007,70333601,選修,,"五 2,3,4",管二302,3 類,,3,,https://course.ntu.edu.tw/courses/114-1/28441
財務模型程式應用,姜堯民,51381,Fin3024,70315000,選修,,"二 2,3,4",管一大電腦,3 類,,3,,https://course.ntu.edu.tw/courses/114-1/51381
風險管理與保險,曾郁仁,41591,Fin3025,70333100,必帶,,"四 2,3,4",管二104,2 類,,3,,https://course.ntu.edu.tw/courses/114-1/41591
期貨與選擇權,張森林,10170,Fin4001,70343530,必修,,"三 7,8,9",管二201,3 類,,3,,https://course.ntu.edu.tw/courses/114-1/10170
期貨與選擇權,洪志清,52461,Fin4001,70343530,必修,,"一 6,7,8",管一101,3 類,,3,,https://course.ntu.edu.tw/courses/114-1/52461
壽險經營管理實務研討,莊文議,12529,Fin5060,723U2520,選修,,"三 2,3,4",管二205,2 類,,3,,https://course.ntu.edu.tw/courses/114-1/12529
民商法專題,蕭忠仁,55968,Fin5069,723U9570,選修,,"三 A,B,C",管一403,2 類,,3,,https://course.ntu.edu.tw/courses/114-1/55968
金融創新實務專題,廖咸興,39074,Fin5071,723U1370,選修,,"二 7,8,9",管一402,2 類,,3,,https://course.ntu.edu.tw/courses/114-1/39074
國際金融市場暨財務管理,劉憶如,50151,Fin5075,723U5140,選修,,"五 7,8,9",管二104,2 類,,3,,https://course.ntu.edu.tw/courses/114-1/50151
保險精算理論與實務,林姿婷,30506,Fin5077,723U2360,選修,,"五 7,8,9",管二203,2 類,,3,,https://course.ntu.edu.tw/courses/114-1/30506
財金獨立研究與論文寫作,張森林,38516,Fin7003,723M0040,選修,,,,2 類,,3,,https://course.ntu.edu.tw/courses/114-1/38516
財金獨立研究與論文寫作,陳聖賢,29088,Fin7003,723M0040,選修,,,,2 類,,3,,https://course.ntu.edu.tw/courses/114-1/29088
財金獨立研究與論文寫作,管中閔,52959,Fin7003,723M0040,選修,,,,2 類,,3,,https://course.ntu.edu.tw/courses/114-1/52959
財金獨立研究與論文寫作,姜堯民,37216,Fin7003,723M0040,選修,,,,2 類,,3,,https://course.ntu.edu.tw/courses/114-1/37216
財金獨立研究與論文寫作,林軒馳,26648,Fin7003,723M0040,選修,,,,2 類,,3,,https://course.ntu.edu.tw/courses/114-1/26648
財金獨立研究與論文寫作,劉博瑀,40624,Fin7003,723M0040,選修,,,,2 類,,3,,https://course.ntu.edu.tw/courses/114-1/40624
財金獨立研究與論文寫作,蔡易達,48499,Fin7003,723M0040,選修,,,,2 類,,3,,https://course.ntu.edu.tw/courses/114-1/48499
風險管理,曾郁仁,16154,Fin7017,723M1800,選修,,"一 2,3,4",管二203,2 類,,3,,https://course.ntu.edu.tw/courses/114-1/16154
投資管理,何耕宇,16176,Fin7021,723M2200,必修,,"四 7,8,9",管二302,2 類,,3,,https://course.ntu.edu.tw/courses/114-1/16176
財務管理,陳明賢,34983,Fin7023,723M3300,必修,,"四 2,3,4",管一103,2 類,,3,,https://course.ntu.edu.tw/courses/114-1/34983
財務管理,莊文議,16481,Fin7023,723M3300,選修,,"四 2,3,4",管二103,2 類,,3,,https://course.ntu.edu.tw/courses/114-1/16481
固定收益證券與其衍生商品,李賢源,27113,Fin7025,723M4210,選修,,"三 7,8,9",管二205,2 類,,3,,https://course.ntu.edu.tw/courses/114-1/27113
金融創新,李賢源,17171,Fin7033,723M6000,選修,,"一 7,8,9",管二302,2 類,,3,,https://course.ntu.edu.tw/courses/114-1/17171
計量分析,管中閔,35444,Fin7047,723M9000,必修,,"二 6,7,8",管二303,2 類,,3,,https://course.ntu.edu.tw/courses/114-1/35444
計量分析,賴淑青,23774,Fin7047,723M9000,必修,,"二 6,7,8",管二202,2 類,,3,,https://course.ntu.edu.tw/courses/114-1/23774
隨機過程,繆維中,10915,Fin7050,723M9400,選修,,"一 A,B,C",管一402,2 類,,3,,https://course.ntu.edu.tw/courses/114-1/10915
風險管理與保險專題研討二,林姿婷,17344,Fin7063,723M7140,選修,,"三 7,8,9",管二204,2 類,,3,,https://course.ntu.edu.tw/courses/114-1/17344
高階財務管理,王衍智,31917,Fin7068,723M8510,選修,,"四 6,7,8",管二303,2 類,,3,,https://course.ntu.edu.tw/courses/114-1/31917
碩士論文,,13306,Fin7999,723M0010,必修,,,,1 類,,0,,https://course.ntu.edu.tw/courses/114-1/13306
財務金融研討,賴淑青,18357,Fin8002,723D0500,必修,,"五 3,4,5",管一405,2 類,,3,,https://course.ntu.edu.tw/courses/114-1/18357
個體經濟理論一,陳聿宏,51156,Fin8020,723D3050,必修,,"二 2,3,4",,2 類,,3,,https://course.ntu.edu.tw/courses/114-1/51156
資本市場研討一,曾俊凱,43384,Fin8029,723D4510,必修,,"一 7,8,9",,2 類,,3,,https://course.ntu.edu.tw/courses/114-1/43384
碩士班專題討論,張俊偉,46716,FishSc5023,B45U1250,必帶,,"四 6,7",漁科107,3 類,,1,,https://course.ntu.edu.tw/courses/114-1/46716
水產養殖技術,韓玉山,54929,FishSc5027,B45U1290,必帶 / 選修,,"四 3,4",漁科107,3 類,,2,,https://course.ntu.edu.tw/courses/114-1/54929
洄游性魚類專題討論,韓玉山,12052,FishSc5035,B45U1360,選修,,"四 10,A",漁科407A,2 類,,2,,https://course.ntu.edu.tw/courses/114-1/12052
水產概論,吳育騏,30591,FishSc5048,B45U4500,選修,,"三 6,7",漁科107,3 類,,2,,https://course.ntu.edu.tw/courses/114-1/30591
水產微生物代謝體專題討論,李宗徽,29085,FishSc5053,B45U1550,選修,,"一 3,4",漁科107,3 類,,2,,https://course.ntu.edu.tw/courses/114-1/29085
生物代謝體分析技術導論,李宗徽,30015,FishSc5054,B45U1560,選修,,"二 3,4",漁科107,3 類,,2,,https://course.ntu.edu.tw/courses/114-1/30015
水域微生物學,楊姍樺,54217,FishSc5064,B45U1670,選修,,"三 6,7",漁科302B,3 類,,2,,https://course.ntu.edu.tw/courses/114-1/54217
試驗設計學,李英周,36605,FishSc5065,B45U1680,選修,,"三 2,3,4",漁科107,2 類,,3,,https://course.ntu.edu.tw/courses/114-1/36605
分子病毒學,吳育騏,23256,FishSc5071,B45U1740,選修,,"二 6,7",漁科302B,3 類,,2,,https://course.ntu.edu.tw/courses/114-1/23256
益生菌研究與應用,陳立涵,52845,FishSc5072,B45U1750,選修,,"五 3,4",漁科302B,3 類,,2,,https://course.ntu.edu.tw/courses/114-1/52845
計量生態與水產資源專題討論,張俊偉,36848,FishSc5077,B45U1800,選修,,"二 3,4",漁科407A,3 類,,2,,https://course.ntu.edu.tw/courses/114-1/36848
碩士班專題討論,王永松,54610,FishSc7001,B45M0020,必修,,"四 8,9",漁科107,3 類,,1,,https://course.ntu.edu.tw/courses/114-1/54610
專題研究,王永松,46901,FishSc7002,B45M0030,選修,,二 6,,3 類,,1,,https://course.ntu.edu.tw/courses/114-1/46901
專題研究,柯佳吟,48171,FishSc7002,B45M0030,選修,,四 10,漁科302B,3 類,,1,,https://course.ntu.edu.tw/courses/114-1/48171
專題研究,韓玉山,37810,FishSc7002,B45M0030,選修,,一 1,漁科407A,3 類,,1,,https://course.ntu.edu.tw/courses/114-1/37810
專題研究,楊姍樺,29904,FishSc7002,B45M0030,選修,,四 10,,3 類,,1,,https://course.ntu.edu.tw/courses/114-1/29904
專題研究,陳立涵,40363,FishSc7002,B45M0030,選修,,三 A,漁科302B,3 類,,1,,https://course.ntu.edu.tw/courses/114-1/40363
專題研究,吳育騏,20752,FishSc7002,B45M0030,選修,,三 A,漁科407A,3 類,,1,,https://course.ntu.edu.tw/courses/114-1/20752
專題研究,張俊偉,34408,FishSc7002,B45M0030,選修,,一 A,漁科407A,3 類,,1,,https://course.ntu.edu.tw/courses/114-1/34408
水生生物學,王永松,47313,FishSc7026,B45M1230,選修,,"三 3,4",,3 類,,2,,https://course.ntu.edu.tw/courses/114-1/47313
領域專長專題研究,韓玉山,46404,FishSc7033,B45M0040,選修,,"二 1,2",,2 類,,1,,https://course.ntu.edu.tw/courses/114-1/46404
碩士論文,,34734,FishSc7999,B45M0010,必帶,,,,1 類,,0,,https://course.ntu.edu.tw/courses/114-1/34734
博士班專題討論,柯佳吟,29301,FishSc8001,B45D0020,必修,,"四 6,7",漁科302B,3 類,,1,,https://course.ntu.edu.tw/courses/114-1/29301
博士論文,,46704,FishSc8999,B45D0010,必帶,,,,1 類,,0,,https://course.ntu.edu.tw/courses/114-1/46704
服務學習甲,陳重仁,47050,FL0008,102001G0,必修,,,,2 類,,1,,https://course.ntu.edu.tw/courses/114-1/47050
服務學習甲,許以心,21023,FL0008,102001G0,必修,,,,2 類,,1,,https://course.ntu.edu.tw/courses/114-1/21023
服務學習甲,劉雅詩,20987,FL0008,102001G0,必修,,,,2 類,,1,,https://course.ntu.edu.tw/courses/114-1/20987
服務學習乙,王珊珊,53472,FL0009,102001H0,必修,,,,2 類,,1,,https://course.ntu.edu.tw/courses/114-1/53472
服務學習乙,熊宗慧,20635,FL0009,102001H0,必修,,,,2 類,,1,,https://course.ntu.edu.tw/courses/114-1/20635
服務學習乙,高維泓,34717,FL0009,102001H0,必修,,五 5,綜504,3 類,,1,,https://course.ntu.edu.tw/courses/114-1/34717
英文一,蔡秀枝,03011,FL1003,10283020,必修,,"一 3,4,5",普205,2 類,,3,,https://course.ntu.edu.tw/courses/114-1/03011
英文一,王寶祥,03023,FL1003,10283020,必修,,"一 10,A,B",普205,2 類,,3,,https://course.ntu.edu.tw/courses/114-1/03023
英文一,蔡秀枝,03005,FL1003,10283020,必修,,"二 2,3,4",普503,2 類,,3,,https://course.ntu.edu.tw/courses/114-1/03005
英文一,鄺慧琪,03006,FL1003,10283020,必修,,"二 2,3,4",新502,2 類,,3,,https://course.ntu.edu.tw/courses/114-1/03006
英文一,劉威辰,03041,FL1003,10283020,必修,,"二 5,6,7",共203,2 類,,3,,https://course.ntu.edu.tw/courses/114-1/03041
英文一,林婉瑜,03024,FL1003,10283020,必修,,"二 8,9,10",共302,2 類,,3,,https://course.ntu.edu.tw/courses/114-1/03024
英文一,鍾玉玨,03043,FL1003,10283020,必修,,"二 8,9,10",普504,2 類,,3,,https://course.ntu.edu.tw/courses/114-1/03043
英文一,鍾玉玨,03052,FL1003,10283020,必修,,"三 2,3,4",共102,2 類,,3,,https://course.ntu.edu.tw/courses/114-1/03052
英文一,李鴻瓊,03053,FL1003,10283020,必修,,"三 2,3,4",共302,2 類,,3,,https://course.ntu.edu.tw/courses/114-1/03053
英文一,傅友祥,03030,FL1003,10283020,必修,,"四 8,9,10",共102,2 類,,3,,https://course.ntu.edu.tw/courses/114-1/03030
英文一,劉亮雅,03031,FL1003,10283020,必修,,"四 8,9,10",普305,2 類,,3,,https://course.ntu.edu.tw/courses/114-1/03031
英文一,朱偉誠,03032,FL1003,10283020,必修,,"四 8,9,10",共202,3 類,,3,,https://course.ntu.edu.tw/courses/114-1/03032
英文一,李鴻瓊,03033,FL1003,10283020,必修,,"四 8,9,10",共407,2 類,,3,,https://course.ntu.edu.tw/courses/114-1/03033
英文一,張小虹,03034,FL1003,10283020,必修,,"四 8,9,10",普505,2 類,,3,,https://course.ntu.edu.tw/courses/114-1/03034
英文一,趙恬儀,03035,FL1003,10283020,必修,,"四 8,9,10",共305,2 類,,3,,https://course.ntu.edu.tw/courses/114-1/03035
英文(附一小時英聽)一,陶漢威,03001,FL1007,10283310,必修,,"一 A,B,C",普201,2 類,,3,,https://course.ntu.edu.tw/courses/114-1/03001
英文(附一小時英聽)一,陶漢威,03002,FL1007,10283310,必修,,"三 A,B,C",普205,2 類,,3,,https://course.ntu.edu.tw/courses/114-1/03002
英文(附一小時英聽)一,陳逸軒,03003,FL1007,10283310,必修,,"一 A,B,C",外教101,2 類,,3,,https://course.ntu.edu.tw/courses/114-1/03003
英文(附一小時英聽)一,陳逸軒,03004,FL1007,10283310,必修,,"三 A,B,C",普204,2 類,,3,,https://course.ntu.edu.tw/courses/114-1/03004
英文(附一小時英聽)一,陳逸軒,03012,FL1007,10283310,必修,,"一 3,4,5",普303,2 類,,3,,https://course.ntu.edu.tw/courses/114-1/03012
英文(附一小時英聽)一,黃馨瑩,03013,FL1007,10283310,必修,,"一 3,4,5",共403,2 類,,3,,https://course.ntu.edu.tw/courses/114-1/03013
英文(附一小時英聽)一,廖彥棻,03014,FL1007,10283310,必修,,"一 3,4,5",外教203,2 類,,3,,https://course.ntu.edu.tw/courses/114-1/03014
英文(附一小時英聽)一,許以心,03025,FL1007,10283310,必修,,"一 10,A,B",外教103,2 類,,3,,https://course.ntu.edu.tw/courses/114-1/03025
英文(附一小時英聽)一,黃允蔚,03026,FL1007,10283310,必修,,"一 10,A,B",普305,2 類,,3,,https://course.ntu.edu.tw/courses/114-1/03026
英文(附一小時英聽)一,周昱翔,03007,FL1007,10283310,必修,,"二 2,3,4",共203,2 類,,3,,https://course.ntu.edu.tw/courses/114-1/03007
英文(附一小時英聽)一,翁家傑,03008,FL1007,10283310,必修,,"二 3,4,5",共205,2 類,,3,,https://course.ntu.edu.tw/courses/114-1/03008
英文(附一小時英聽)一,廖彥棻,03009,FL1007,10283310,必修,,"二 2,3,4",外教101,2 類,,3,,https://course.ntu.edu.tw/courses/114-1/03009
英文(附一小時英聽)一,許文僊,03018,FL1007,10283310,必修,,"二 5,6,7",外教201,2 類,,3,,https://course.ntu.edu.tw/courses/114-1/03018
英文(附一小時英聽)一,吳雅鳳,03044,FL1007,10283310,必修,,"二 8,9,10",外教203,2 類,,3,,https://course.ntu.edu.tw/courses/114-1/03044
英文(附一小時英聽)一,周昱翔,03019,FL1007,10283310,必修,,"二 5,6,7",共204,2 類,,3,,https://course.ntu.edu.tw/courses/114-1/03019
英文(附一小時英聽)一,蔡自青,03020,FL1007,10283310,必修,,"二 5,6,7",外教101,2 類,,3,,https://course.ntu.edu.tw/courses/114-1/03020
英文(附一小時英聽)一,陶漢威,03042,FL1007,10283310,必帶 / 必修,,"二 5,6,7",新301,2 類,,3,,https://course.ntu.edu.tw/courses/114-1/03042
英文(附一小時英聽)一,廖勇超,03021,FL1007,10283310,必修,,"二 5,6,7",普406,2 類,,3,,https://course.ntu.edu.tw/courses/114-1/03021
英文(附一小時英聽)一,陶漢威,03045,FL1007,10283310,必修,,"二 8,9,10",新301,2 類,,3,,https://course.ntu.edu.tw/courses/114-1/03045
英文(附一小時英聽)一,劉威辰,03046,FL1007,10283310,必修,,"二 8,9,10",共203,2 類,,3,,https://course.ntu.edu.tw/courses/114-1/03046
英文(附一小時英聽)一,周昱翔,03047,FL1007,10283310,必修,,"二 8,9,10",共204,2 類,,3,,https://course.ntu.edu.tw/courses/114-1/03047
英文(附一小時英聽)一,簡瑞碧,03048,FL1007,10283310,必修,,"二 8,9,10",新204,2 類,,3,,https://course.ntu.edu.tw/courses/114-1/03048
英文(附一小時英聽)一,陶漢威,03054,FL1007,10283310,必修,,"三 2,3,4",共404,2 類,,3,,https://course.ntu.edu.tw/courses/114-1/03054
英文(附一小時英聽)一,陳逸軒,03055,FL1007,10283310,必修,,"三 2,3,4",外教102,2 類,,3,,https://course.ntu.edu.tw/courses/114-1/03055
英文(附一小時英聽)一,楊乃冬,03056,FL1007,10283310,必修,,"三 2,3,4",外教103,2 類,,3,,https://course.ntu.edu.tw/courses/114-1/03056
英文(附一小時英聽)一,王珊珊,03057,FL1007,10283310,必修,,"三 2,3,4",外教201,2 類,,3,,https://course.ntu.edu.tw/courses/114-1/03057
英文(附一小時英聽)一,陳信彰,03036,FL1007,10283310,必修,,"四 8,9,10",共401,2 類,,3,,https://course.ntu.edu.tw/courses/114-1/03036
英文(附一小時英聽)一,簡瑞碧,03037,FL1007,10283310,必修,,"四 8,9,10",新304,2 類,,3,,https://course.ntu.edu.tw/courses/114-1/03037
英文(附一小時英聽)一,許文僊,03038,FL1007,10283310,必修,,"四 8,9,10",外教101,2 類,,3,,https://course.ntu.edu.tw/courses/114-1/03038
英文(附一小時英聽)一,林肇基,03016,FL1007,10283310,必修,,"一 3,4,5",外教101,2 類,,3,,https://course.ntu.edu.tw/courses/114-1/03016
英文(附一小時英聽)一,李立聖,03028,FL1007,10283310,必修,,"一 10,A,B",普304,2 類,,3,,https://course.ntu.edu.tw/courses/114-1/03028
英文(附一小時英聽)一,黃子岳,03010,FL1007,10283310,必修,,"二 2,3,4",外教102,2 類,,3,,https://course.ntu.edu.tw/courses/114-1/03010
英文(附一小時英聽)一,黃子岳,03022,FL1007,10283310,必修,,"二 5,6,7",外教102,2 類,,3,,https://course.ntu.edu.tw/courses/114-1/03022
英文(附一小時英聽)一,郭貞秀,03049,FL1007,10283310,必修,,"二 8,9,10",普402,2 類,,3,,https://course.ntu.edu.tw/courses/114-1/03049
英文(附一小時英聽)一,黃恆綜,03058,FL1007,10283310,必修,,"三 2,3,4",普503,2 類,,3,,https://course.ntu.edu.tw/courses/114-1/03058
英文(附一小時英聽)一,陳瑋婕,03059,FL1007,10283310,必修,,"三 2,3,4",外教202,2 類,,3,,https://course.ntu.edu.tw/courses/114-1/03059
英文(附一小時英聽)一,陳瑋婕,03039,FL1007,10283310,必修,,"四 8,9,10",外教103,2 類,,3,,https://course.ntu.edu.tw/courses/114-1/03039
英文(附二小時英聽)一,胥嘉陵,03040,FL1009,10283410,必修,,"四 8,9,10",外教102,2 類,,3,,https://course.ntu.edu.tw/courses/114-1/03040
英文(附二小時英聽)一,高照明,03050,FL1009,10283410,必修,,"二 8,9,10",外教104,2 類,,3,,https://course.ntu.edu.tw/courses/114-1/03050
英文(附二小時英聽)一,黃宗慧,03051,FL1009,10283410,必修,,"二 8,9,10",外教201,2 類,,3,,https://course.ntu.edu.tw/courses/114-1/03051
文學作品讀法上,辜炳達,49343,FL1013,10214201,必帶,,"一 2,3,4",綜501,2 類,,3,,https://course.ntu.edu.tw/courses/114-1/49343
文學作品讀法上,于昌民,15248,FL1013,10214201,必帶,,"一 2,3,4",綜602,2 類,,3,,https://course.ntu.edu.tw/courses/114-1/15248
文學作品讀法上,王沐嵐,21858,FL1013,10214201,必帶,,"一 2,3,4",普203,2 類,,3,,https://course.ntu.edu.tw/courses/114-1/21858
西洋文學概論一,孟克禮,33073,FL1015,10214110,必帶,,"四 2,3,4",普301,2 類,,3,,https://course.ntu.edu.tw/courses/114-1/33073
西洋文學概論一,李佑金,47268,FL1015,10214110,必帶,,"四 2,3,4",普203,2 類,,3,,https://course.ntu.edu.tw/courses/114-1/47268
英文作文一上,張雅筑,34663,FL1019,10249111,必帶,,"二 2,3,4",博雅206,2 類,,2,,https://course.ntu.edu.tw/courses/114-1/34663
英文作文一上,辜炳達,30182,FL1019,10249111,必帶,,"二 2,3,4",綜601,2 類,,2,,https://course.ntu.edu.tw/courses/114-1/30182
英文作文一上,石書豪,42785,FL1019,10249111,必帶,,"二 2,3,4",博雅203,2 類,,2,,https://course.ntu.edu.tw/courses/114-1/42785
英文作文一上,曾琦智,46322,FL1019,10249111,必帶,,"二 2,3,4",博雅205,2 類,,2,,https://course.ntu.edu.tw/courses/114-1/46322
英文作文一上,胥嘉陵,26320,FL1019,10249111,必帶,,"二 8,9,10",博雅206,2 類,,2,,https://course.ntu.edu.tw/courses/114-1/26320
英文作文一上,曾麟筌,29202,FL1019,10249111,必帶,,"二 8,9,10",博雅310,2 類,,2,,https://course.ntu.edu.tw/courses/114-1/29202
英文作文一上,施純宜,17731,FL1019,10249111,必帶,,"二 8,9,10",外教101,2 類,,2,,https://course.ntu.edu.tw/courses/114-1/17731
英文作文一上,曼紐爾,59556,FL1019,10249111,必帶,,"二 2,3,4",博雅310,2 類,,2,,https://course.ntu.edu.tw/courses/114-1/59556
英文作文一上,施純宜,43687,FL1019,10249111,必帶,,"一 8,9,10",外教101,2 類,,2,,https://course.ntu.edu.tw/courses/114-1/43687
英文作文一上,陳逸軒,58067,FL1019,10249111,必帶,,"二 2,3,4",普204,2 類,,2,,https://course.ntu.edu.tw/courses/114-1/58067
英語口語訓練一上,黃恆綜,18692,FL1021,10250111,必修,,"二 5,6,7",博雅309,2 類,,2,,https://course.ntu.edu.tw/courses/114-1/18692
英語口語訓練一上,陳重仁,26875,FL1021,10250111,必修,,"四 5,6,7",博雅205,2 類,,2,,https://course.ntu.edu.tw/courses/114-1/26875
英語口語訓練一上,曾琦智,45402,FL1021,10250111,必修,,"一 5,6,7",共204,2 類,,2,,https://course.ntu.edu.tw/courses/114-1/45402
英語口語訓練一上,黃馨瑩,41954,FL1021,10250111,必修,,"四 5,6,7",共406,2 類,,2,,https://course.ntu.edu.tw/courses/114-1/41954
英語口語訓練一上,王沐嵐,25201,FL1021,10250111,必修,,"一 5,6,7",博雅205,2 類,,2,,https://course.ntu.edu.tw/courses/114-1/25201
英語口語訓練一上,王莉思,21316,FL1021,10250111,必修,,"二 6,7 / 四 6",博雅206,2 類,,2,,https://course.ntu.edu.tw/courses/114-1/21316
英語口語訓練一上,蔡嘉瑩,46928,FL1021,10250111,必修,,"二 5,6,7",普205,2 類,,2,,https://course.ntu.edu.tw/courses/114-1/46928
英語口語訓練一上,莊世全,17439,FL1021,10250111,必修,,"一 6,7 / 四 5",外教101/外教201,2 類,,2,,https://course.ntu.edu.tw/courses/114-1/17439
英語口語訓練一上,陳春燕,13880,FL1021,10250111,必修,,"二 6,7 / 四 6",新401/博雅203,2 類,,2,,https://course.ntu.edu.tw/courses/114-1/13880
英語聽力與發音一,史嘉琳,41963,FL1045,10210370,選修,,"一 8,9",共302,2 類,,2,,https://course.ntu.edu.tw/courses/114-1/41963
十六世紀英國文學,賴  煦,36327,FL2003,10223150,必修 / 選修,,"五 7,8,9",綜302,2 類,,3,,https://course.ntu.edu.tw/courses/114-1/36327
十七與十八世紀英國文學,許以心,51952,FL2004,10223160,必修 / 選修,,"一 6,7,8",綜604,2 類,,3,,https://course.ntu.edu.tw/courses/114-1/51952
歐洲文學1350─1800,孟克禮,49064,FL2005,10223200,必修 / 選修,,"五 2,3,4",普402,2 類,,3,,https://course.ntu.edu.tw/courses/114-1/49064
歐洲文學1800以後,齊東耿,44118,FL2006,10223300,必修 / 選修,,"五 2,3,4",普301,3 類,,3,,https://course.ntu.edu.tw/courses/114-1/44118
語言學概論上,郭貞秀,58441,FL2007,10221111,必修 / 選修,,"三 2,3,4",普504,2 類,,3,,https://course.ntu.edu.tw/courses/114-1/58441
語言學概論上,石書豪,33624,FL2007,10221111,必修 / 選修,,"三 2,3,4",普305,2 類,,3,,https://course.ntu.edu.tw/courses/114-1/33624
英文作文二上,翁怡錚,55569,FL2009,10249121,必修,,"一 3,4,5",綜607,2 類,,2,,https://course.ntu.edu.tw/courses/114-1/55569
英文作文二上,張心瑜,35374,FL2009,10249121,必修,,"一 2,3,4",博雅311,2 類,,2,,https://course.ntu.edu.tw/courses/114-1/35374
英文作文二上,曾琦智,38945,FL2009,10249121,必修,,"二 5,6,7",博雅205,2 類,,2,,https://course.ntu.edu.tw/courses/114-1/38945
英文作文二上,翁怡錚,29759,FL2009,10249121,必修,,"二 5,6,7",綜607,2 類,,2,,https://course.ntu.edu.tw/courses/114-1/29759
英文作文二上,周昱翔,45454,FL2009,10249121,必修,,"一 2,3,4",博雅205,2 類,,2,,https://course.ntu.edu.tw/courses/114-1/45454
英文作文二上,曾琦智,45271,FL2009,10249121,必修,,"三 6,7,8",共208,2 類,,2,,https://course.ntu.edu.tw/courses/114-1/45271
英文作文二上,張心瑜,35164,FL2009,10249121,必修,,"二 5,6,7",博雅310,2 類,,2,,https://course.ntu.edu.tw/courses/114-1/35164
英文作文二上,賴  煦,49542,FL2009,10249121,必修,,"二 5,6,7",博雅307,2 類,,2,,https://course.ntu.edu.tw/courses/114-1/49542
英文作文二上,于昌民,29906,FL2009,10249121,必修,,"二 5,6,7",人文B107,2 類,,2,,https://course.ntu.edu.tw/courses/114-1/29906
英語口語訓練二上,葉德蘭,49065,FL2011,10250121,必修,,"四 6,7",博雅308,2 類,,2,,https://course.ntu.edu.tw/courses/114-1/49065
英語口語訓練二上,黃恆綜,14492,FL2011,10250121,必修,,"二 3,4",博雅204,2 類,,2,,https://course.ntu.edu.tw/courses/114-1/14492
英語口語訓練二上,吳敏嘉,42419,FL2011,10250121,必修,,"四 3,4",外教305,2 類,,2,,https://course.ntu.edu.tw/courses/114-1/42419
英語口語訓練二上,侯淇齡,42726,FL2011,10250121,必修,,"二 3,4",共402,2 類,,2,,https://course.ntu.edu.tw/courses/114-1/42726
英語口語訓練二上,林皓輿,28108,FL2011,10250121,必修,,"四 3,4",博雅205,2 類,,2,,https://course.ntu.edu.tw/courses/114-1/28108
英語口語訓練二上,曾琦智,37032,FL2011,10250121,必修,,"四 3,4",外教205,2 類,,2,,https://course.ntu.edu.tw/courses/114-1/37032
英語口語訓練二上,葉德蘭,37731,FL2011,10250121,必修,,"四 3,4",博雅308,2 類,,2,,https://course.ntu.edu.tw/courses/114-1/37731
英語口語訓練二上,林皓輿,32958,FL2011,10250121,必修,,"四 1,2",博雅205,2 類,,2,,https://course.ntu.edu.tw/courses/114-1/32958
英語口語訓練二上,莊世全,53342,FL2011,10250121,必修,,"四 3,4",外教201,2 類,,2,,https://course.ntu.edu.tw/courses/114-1/53342
法文一上,達力安,22838,FL2013,10222111,選修,,"一 4,5 / 三 4,5",新404/新401,2 類,,3,,https://course.ntu.edu.tw/courses/114-1/22838
法文一上,達力安,34693,FL2013,10222111,選修,,"二 4,5 / 三 8,9",新403/新401,2 類,,3,,https://course.ntu.edu.tw/courses/114-1/34693
法文一上,陳素麗,24127,FL2013,10222111,選修,,"三 6,7 / 五 6,7",共401,2 類,,3,,https://course.ntu.edu.tw/courses/114-1/24127
法文一上,陳素麗,49392,FL2013,10222111,選修,,"三 8,9 / 五 8,9",共401,2 類,,3,,https://course.ntu.edu.tw/courses/114-1/49392
法文一上,樂詩涵,12493,FL2013,10222111,選修,,"三 6,7 / 五 6,7",新201/外教103,2 類,,3,,https://course.ntu.edu.tw/courses/114-1/12493
法文一上,葉麗儀,31109,FL2013,10222111,必修 / 選修,,"三 1,2 / 五 1,2",共304/共102,2 類,,3,,https://course.ntu.edu.tw/courses/114-1/31109
法文一上,樂詩涵,17038,FL2013,10222111,選修,,"三 8,9 / 五 8,9",新304/外教103,2 類,,3,,https://course.ntu.edu.tw/courses/114-1/17038
德文一上,蔡嘉穎,53231,FL2015,10222211,選修,,"二 6,7 / 四 6,7",普404/普301,3 類,,3,,https://course.ntu.edu.tw/courses/114-1/53231
德文一上,蔡嘉穎,52906,FL2015,10222211,選修,,"二 8,9 / 四 8,9",普404/普301,3 類,,3,,https://course.ntu.edu.tw/courses/114-1/52906
德文一上,拉貝明契,38756,FL2015,10222211,必修 / 選修,,"三 3,4 / 五 3,4",共203/共205,2 類,,3,,https://course.ntu.edu.tw/courses/114-1/38756
德文一上,林倩君,52668,FL2015,10222211,必修,,"三 3,4 / 五 3,4",綜504/綜602,2 類,,3,,https://course.ntu.edu.tw/courses/114-1/52668
德文一上,林倩君,37131,FL2015,10222211,選修,,"三 8,9 / 五 6,7",綜602/綜403,2 類,,3,,https://course.ntu.edu.tw/courses/114-1/37131
德文一上,漢駿緯,31083,FL2015,10222211,選修,,"一 3,4 / 四 3,4",綜502/新103,2 類,,3,,https://course.ntu.edu.tw/courses/114-1/31083
德文一上,拉貝明契,23786,FL2015,10222211,選修,,"三 5,6 / 五 5,6",共203/共205,2 類,,3,,https://course.ntu.edu.tw/courses/114-1/23786
西班牙文一上,張雯媛,23292,FL2017,10222311,必修 / 選修,,"三 3,4 / 五 3,4",綜603/綜604,2 類,,3,,https://course.ntu.edu.tw/courses/114-1/23292
西班牙文一上,鄭燕玲,43495,FL2017,10222311,選修,,"一 8,9 / 五 8,9",普306/共105,2 類,,3,,https://course.ntu.edu.tw/courses/114-1/43495
西班牙文一上,安志偉,23009,FL2017,10222311,選修,,"二 6,7 / 四 6,7",共305,2 類,,3,,https://course.ntu.edu.tw/courses/114-1/23009
西班牙文一上,劉姿妤,18365,FL2017,10222311,選修,,"二 3,4 / 五 3,4",共302,2 類,,3,,https://course.ntu.edu.tw/courses/114-1/18365
西班牙文一上,鄭燕玲,53413,FL2017,10222311,選修,,"二 1,2 / 四 1,2",共104,2 類,,3,,https://course.ntu.edu.tw/courses/114-1/53413
西班牙文一上,安志偉,14508,FL2017,10222311,選修,,"三 6,7 / 五 6,7",共102/共304,2 類,,3,,https://course.ntu.edu.tw/courses/114-1/14508
西班牙文一上,柯孟德,48231,FL2017,10222311,選修,,"一 6,7 / 四 6,7",共105/共104,2 類,,3,,https://course.ntu.edu.tw/courses/114-1/48231
西班牙文一上,馬德睿,29023,FL2017,10222311,必修,,"三 1,2 / 五 1,2",共203/共104,2 類,,3,,https://course.ntu.edu.tw/courses/114-1/29023
西班牙文一上,張淑英,56453,FL2017,10222311,選修,,"一 3,4 / 四 3,4",綜603/綜503,2 類,,3,,https://course.ntu.edu.tw/courses/114-1/56453
俄文一上,熊宗慧,25606,FL2019,10222411,必修 / 選修,,"三 3,4 / 五 3,4",綜602/綜603,2 類,,3,,https://course.ntu.edu.tw/courses/114-1/25606
拉丁文一上,李佑金,52759,FL2021,10222611,必修 / 選修,,"一 8,9 / 三 8,9",綜603/綜504,2 類,,3,,https://course.ntu.edu.tw/courses/114-1/52759
古希臘文一上,范吉歐,34610,FL2023,10222811,必修 / 選修,,"一 6,7 / 四 6,7",外教205,1 類,,3,,https://course.ntu.edu.tw/courses/114-1/34610
葡萄牙文一上,林祖誠,43920,FL2027,10222831,選修,,"二 6,7 / 四 6,7",共407/共402,2 類,,3,,https://course.ntu.edu.tw/courses/114-1/43920
荷蘭文一上,敖馨郁,45356,FL2029,10222841,選修,,"一 3,4 / 四 3,4",普404/普503,3 類,,3,,https://course.ntu.edu.tw/courses/114-1/45356
土耳其文一上,初雅士,52055,FL2031,10222851,選修,,"一 A,B,C,D",普204,2 類,,3,,https://course.ntu.edu.tw/courses/114-1/52055
西洋歌劇史二,王寶祥,11548,FL2065,10243990,,,"一 2,3,4",外教劇場,2 類,,3,,https://course.ntu.edu.tw/courses/114-1/11548
阿拉伯文二上,初雅士,27219,FL2136,10222721,選修,,"二 A,B,C,D",普201,2 類,,3,,https://course.ntu.edu.tw/courses/114-1/27219
文學研究方法,朱偉誠,36978,FL2157,10223350,必修,,"四 2,3,4",新502,3 類,,3,,https://course.ntu.edu.tw/courses/114-1/36978
捷克文一上,林學紀,12425,FL2169,10222881,選修,,"二 5,6 / 五 5,6",共102,2 類,,3,,https://course.ntu.edu.tw/courses/114-1/12425
當代愛爾蘭小說,黃山耘,13834,FL2174,10224280,必修,,"一 6,7,8",綜504,2 類,,3,,https://course.ntu.edu.tw/courses/114-1/13834
科幻小說與電影專題,廖勇超,38164,FL2182,10224830,必修,,"一 6,7,8",新402,2 類,,3,,https://course.ntu.edu.tw/courses/114-1/38164
莎士比亞十四行詩,邱錦榮,13980,FL2187,10224290,必修 / 選修,,"四 3,4",人文B208,3 類,,2,,https://course.ntu.edu.tw/courses/114-1/13980
數位文本分析,高照明,19574,FL2208,10224660,選修,,"二 5,6,7",外教104,1 類,,3,,https://course.ntu.edu.tw/courses/114-1/19574
批判閱讀與文化探索一,賴  煦,11717,FL2223,10224680,必修,,"四 7,8,9",普404,2 類,,3,,https://course.ntu.edu.tw/courses/114-1/11717
維多利亞時期英國文學,辜炳達,48378,FL3003,10223180,必修 / 選修,,"三 2,3,4",新103,2 類,,3,,https://course.ntu.edu.tw/courses/114-1/48378
二十世紀英國文學,高維泓,20083,FL3004,10223190,必修 / 選修,,"五 6,7,8",綜504,3 類,,3,,https://course.ntu.edu.tw/courses/114-1/20083
法文二上,歐德尼,41950,FL3011,10232121,選修,,"二 3,4 / 四 3,4",共102/共202,2 類,,3,,https://course.ntu.edu.tw/courses/114-1/41950
法文二上,林湘漪,35268,FL3011,10232121,必修,,"一 6,7 / 四 6,7",外教203,2 類,,3,,https://course.ntu.edu.tw/courses/114-1/35268
法文二上,謝艾米,36175,FL3011,10232121,必修,,"一 6,7 / 四 6,7",外教103,2 類,,3,,https://course.ntu.edu.tw/courses/114-1/36175
法文二上,葉麗儀,24369,FL3011,10232121,選修,,"三 3,4 / 五 3,4",共304/共102,2 類,,3,,https://course.ntu.edu.tw/courses/114-1/24369
法文二上,達力安,48286,FL3011,10232121,選修,,"一 8,9 / 四 8,9",新405/新201,2 類,,3,,https://course.ntu.edu.tw/courses/114-1/48286
德文二上,吳沃剛,48240,FL3013,10232221,選修,,"二 2,3 / 四 1,2",共105/綜501,2 類,,3,,https://course.ntu.edu.tw/courses/114-1/48240
德文二上,簡  潔,19049,FL3013,10232221,必修,,"一 6,7 / 四 6,7",普202,2 類,,3,,https://course.ntu.edu.tw/courses/114-1/19049
德文二上,漢駿緯,40497,FL3013,10232221,必修,,"一 8,9 / 四 8,9",綜302/綜503,2 類,,3,,https://course.ntu.edu.tw/courses/114-1/40497
德文二上,文海格,43913,FL3013,10232221,選修,,"三 10,A / 五 10,A",普302/普202,2 類,,3,,https://course.ntu.edu.tw/courses/114-1/43913
德文二上,林倩君,16169,FL3013,10232221,選修,,"一 6,7 / 三 6,7",綜603/綜501,2 類,,3,,https://course.ntu.edu.tw/courses/114-1/16169
西班牙文二上,劉姿妤,57249,FL3015,10232321,選修,,"二 6,7 / 五 6,7",共302,2 類,,3,,https://course.ntu.edu.tw/courses/114-1/57249
西班牙文二上,丹  倪,37765,FL3015,10232321,選修,,"二 10,A / 四 10,A",普301,2 類,,3,,https://course.ntu.edu.tw/courses/114-1/37765
西班牙文二上,張雯媛,55223,FL3015,10232321,必修,,"一 10,A / 四 10,A",普302/普205,2 類,,3,,https://course.ntu.edu.tw/courses/114-1/55223
西班牙文二上,柯孟德,10184,FL3015,10232321,必修,,"一 8,9 / 四 8,9",共105/共104,2 類,,3,,https://course.ntu.edu.tw/courses/114-1/10184
西班牙文二上,安志偉,37340,FL3015,10232321,選修,,"三 8,9 / 五 8,9",共102/共304,2 類,,3,,https://course.ntu.edu.tw/courses/114-1/37340
俄文二上,李麗薩,12481,FL3017,10232421,必修 / 選修,,"一 10,A / 四 10,A",普301/普303,2 類,,3,,https://course.ntu.edu.tw/courses/114-1/12481
拉丁文二上,凱羅榮,19341,FL3019,10232621,必修 / 選修,,"三 10,A / 五 6,7",人文B109/博雅310,2 類,,3,,https://course.ntu.edu.tw/courses/114-1/19341
逐步口譯一,蔡自青,24553,FL3041,10253690,選修,,"四 6,7",外教201,2 類,,2,,https://course.ntu.edu.tw/courses/114-1/24553
逐步口譯一,王啟安,34576,FL3041,10253690,選修,,"五 3,4",外教305,2 類,,2,,https://course.ntu.edu.tw/courses/114-1/34576
第二語言學習概論,許文僊,59541,FL3087,10235200,選修,,"四 2,3,4",外教101,2 類,,3,,https://course.ntu.edu.tw/courses/114-1/59541
莎士比亞戲劇,賴  煦,28426,FL3106,10233240,必修,,"一 7,8,9",綜402,2 類,,3,,https://course.ntu.edu.tw/courses/114-1/28426
口譯理論與技巧,張嘉倩,31237,FL3171,10249850,選修,,"二 6,7,8",綜401,2 類,,3,,https://course.ntu.edu.tw/courses/114-1/31237
荷蘭文二上,敖馨郁,50608,FL3195,10232851,選修,,"二 A,B,C,D",普202,3 類,,3,,https://course.ntu.edu.tw/courses/114-1/50608
土耳其文二上,初雅士,28272,FL3197,10232861,選修,,"三 A,B,C,D",普202,2 類,,3,,https://course.ntu.edu.tw/courses/114-1/28272
波蘭文二上,陳音卉,31189,FL3203,10232871,選修,,"三 10,A,B,C",普504,2 類,,3,,https://course.ntu.edu.tw/courses/114-1/31189
句法學上,王珊珊,39441,FL3213,10231621,選修,,"一 5,6,7",外教201,2 類,,3,,https://course.ntu.edu.tw/courses/114-1/39441
翻譯實作上,馬耀民,15349,FL3249,10231361,選修,,"二 2,3,4",外教204,2 類,,2,,https://course.ntu.edu.tw/courses/114-1/15349
翻譯實作上,孔思文,35371,FL3249,10231361,選修,,"四 7,8,9",博雅309,2 類,,2,,https://course.ntu.edu.tw/courses/114-1/35371
翻譯實作上,王啟安,28495,FL3249,10231361,選修,,"二 2,3,4",外教206,2 類,,2,,https://course.ntu.edu.tw/courses/114-1/28495
捷克文二上,林學紀,24988,FL3252,10232891,選修,,"二 A,B,C,D",普204,2 類,,3,,https://course.ntu.edu.tw/courses/114-1/24988
法文兒童故事一,謝艾米,18167,FL3255,10234440,必修 / 選修,,"三 3,4",綜404,2 類,,2,,https://course.ntu.edu.tw/courses/114-1/18167
當代英美戲劇,王寶祥,46120,FL3259,10245750,必修,,"五 2,3,4",外教101,2 類,,3,,https://course.ntu.edu.tw/courses/114-1/46120
閱讀古希臘各語類上,范吉歐,41069,FL3265,10232901,選修,,"一 8,9 / 四 8,9",人文B107,2 類,,3,,https://course.ntu.edu.tw/courses/114-1/41069
當代西方戲劇,施純宜,23217,FL3273,10244320,必修,,"五 6,7,8",外教101,2 類,,3,,https://course.ntu.edu.tw/courses/114-1/23217
俄國文學閱讀一,熊宗慧,46957,FL3283,10239920,必修 / 選修,,"二 8,9,10",博雅309,2 類,,3,,https://course.ntu.edu.tw/courses/114-1/46957
音韻學一,石書豪,46165,FL3298,10230020,選修,,"二 6,7,8",博雅203,2 類,,3,,https://course.ntu.edu.tw/courses/114-1/46165
翻譯及習作,蔡毓芬,36763,FL3307,10231370,必修,,"一 2,3,4",博雅406,2 類,,2,,https://course.ntu.edu.tw/courses/114-1/36763
翻譯及習作,王珊珊,41800,FL3307,10231370,必修,,"二 2,3,4",外教201,2 類,,2,,https://course.ntu.edu.tw/courses/114-1/41800
翻譯及習作,莊世全,31969,FL3307,10231370,選修,,"二 2,3,4",外教105,2 類,,2,,https://course.ntu.edu.tw/courses/114-1/31969
翻譯及習作,蔡自青,28542,FL3307,10231370,必修,,"二 2,3,4",外教202,2 類,,2,,https://course.ntu.edu.tw/courses/114-1/28542
翻譯及習作,吳敏嘉,47853,FL3307,10231370,必修,,"二 2,3,4",外教205,2 類,,2,,https://course.ntu.edu.tw/courses/114-1/47853
翻譯及習作,蔡嘉瑩,41262,FL3307,10231370,必修,,"二 2,3,4",博雅307,2 類,,2,,https://course.ntu.edu.tw/courses/114-1/41262
高階寫作－風格與書寫,黃山耘,49124,FL3312,10231520,必修,,"二 6,7,8",綜505,2 類,,2,,https://course.ntu.edu.tw/courses/114-1/49124
高階寫作－風格與書寫,齊東耿,46932,FL3312,10231520,必修,,"四 2,3,4",博雅204,2 類,,2,,https://course.ntu.edu.tw/courses/114-1/46932
德國文學導讀一,文海格,40824,FL3325,10235770,必修 / 選修,,"五 7,8",博雅204,2 類,,2,,https://course.ntu.edu.tw/courses/114-1/40824
早期美國文學,曼紐爾,12287,FL4003,10243030,必修,,"四 2,3,4",普305,2 類,,3,,https://course.ntu.edu.tw/courses/114-1/12287
十九世紀美國文學,張雅筑,51969,FL4004,10243040,必修,,"四 2,3,4",新401,2 類,,3,,https://course.ntu.edu.tw/courses/114-1/51969
二十世紀美國文學,蔡秀枝,58897,FL4005,10243050,必修,,"五 2,3,4",普304,2 類,,3,,https://course.ntu.edu.tw/courses/114-1/58897
德國文化概述上,漢駿緯,32652,FL4039,10246101,必修 / 選修,,"一 6,7 / 四 6,7",綜302/綜503,2 類,,4,,https://course.ntu.edu.tw/courses/114-1/32652
文學、動物與社會,黃宗慧,55669,FL4047,10245700,,,"一 7,8,9",博雅201,2 類,,3,,https://course.ntu.edu.tw/courses/114-1/55669
外語教學概論,楊乃冬,39034,FL4082,10240930,選修,,"四 2,3,4",外教206,2 類,,3,,https://course.ntu.edu.tw/courses/114-1/39034
同步口譯,蔡自青,40358,FL4117,10253780,選修,,"三 2,3,4",外教305,2 類,,3,,https://course.ntu.edu.tw/courses/114-1/40358
法文三上,樂詩涵,45821,FL4129,10242131,選修,,"三 3,4 / 五 3,4",新403/外教103,2 類,,3,,https://course.ntu.edu.tw/courses/114-1/45821
法文三上,達力安,16126,FL4129,10242131,選修,,"一 6,7 / 三 6,7",新404/新401,2 類,,3,,https://course.ntu.edu.tw/courses/114-1/16126
伊斯蘭歷史與文化,初雅士,27624,FL4132,10248050,必修,,"三 6,7",共105,2 類,,2,,https://course.ntu.edu.tw/courses/114-1/27624
德文四上,吳沃剛,28672,FL4137,10242541,選修,,"三 3,4,5",博雅310,2 類,,3,,https://course.ntu.edu.tw/courses/114-1/28672
德文四上,簡  潔,26903,FL4137,10242541,選修,,"一 8,9,10",博雅308,2 類,,3,,https://course.ntu.edu.tw/courses/114-1/26903
德文三上,林倩君,58150,FL4141,10242231,選修,,"一 8,9 / 四 8,9",綜501/共105,2 類,,3,,https://course.ntu.edu.tw/courses/114-1/58150
德文三上,漢駿緯,31028,FL4141,10242231,選修,,"一 1,2 / 四 2",綜302/新103,2 類,,3,,https://course.ntu.edu.tw/courses/114-1/31028
德文三上,吳沃剛,59081,FL4141,10242231,選修,,"二 6,7 / 四 3,4",共306/綜601,2 類,,3,,https://course.ntu.edu.tw/courses/114-1/59081
西班牙文三上,鄭燕玲,21292,FL4143,10242331,選修,,"一 10,A,B",普306,2 類,,3,,https://course.ntu.edu.tw/courses/114-1/21292
俄文三上,李麗薩,28117,FL4145,10242431,選修,,"二 10,A,B",普303,2 類,,3,,https://course.ntu.edu.tw/courses/114-1/28117
西班牙文四上,鄭燕玲,24456,FL4152,10242551,選修,,"三 7,8,9",共206,2 類,,3,,https://course.ntu.edu.tw/courses/114-1/24456
波蘭文三上,陳音卉,53578,FL4161,10242461,選修,,"二 10,A,B,C",普304,2 類,,3,,https://course.ntu.edu.tw/courses/114-1/53578
荷蘭文三上,敖馨郁,29380,FL4165,10242481,選修,,"四 A,B,C,D",普204,2 類,,3,,https://course.ntu.edu.tw/courses/114-1/29380
認識法國當代社會,歐德尼,37147,FL4167,10246420,必修 / 選修,,"二 8,9,10",共202,2 類,,3,,https://course.ntu.edu.tw/courses/114-1/37147
英文聽讀綜合訓練,曾琦智,17172,FL4169,10240010,必修,,"四 6,7",博雅307,2 類,,0,,https://course.ntu.edu.tw/courses/114-1/17172
喬伊斯小說,曾麗玲,26279,FL4176,10224740,必修,,"四 6,7,8",綜501,2 類,,3,,https://course.ntu.edu.tw/courses/114-1/26279
後殖民亞洲小說,柏逸嘉,95002,FL4179,10224770,必修,,"二 8,9,10",共405,2 類,,3,,https://course.ntu.edu.tw/courses/114-1/95002
英國女性小說,翁怡錚,10736,FL4180,10224780,必修,,"一 6,7,8",綜602,2 類,,3,,https://course.ntu.edu.tw/courses/114-1/10736
法文四上,謝艾米,47811,FL4182,10242521,選修,,"二 6,7 / 五 6,7",外教103/外教102,2 類,,3,,https://course.ntu.edu.tw/courses/114-1/47811
德國新聞,林倩君,27714,FL4206,10246480,必修 / 選修,,"一 3,4 / 四 4",綜601/共208,2 類,,3,,https://course.ntu.edu.tw/courses/114-1/27714
翻譯概論,馬耀民,31711,FL5039,122U1190,必修 / 選修,,"二 5,6,7",外教202,2 類,,3,,https://course.ntu.edu.tw/courses/114-1/31711
法國文學名著選讀一,沈志中,36830,FL5071,122U0750,必修 / 選修,,"二 6,7,8",人文B208,2 類,,3,,https://course.ntu.edu.tw/courses/114-1/36830
西班牙文學名著選讀一,張淑英,21667,FL5075,122U0730,必修 / 選修,,"一 5,6,7",博雅204,2 類,,3,,https://course.ntu.edu.tw/courses/114-1/21667
德國文學名著選讀一,簡  潔,49849,FL5103,122U0770,必修 / 選修,,"四 8,9,10",博雅308,2 類,,3,,https://course.ntu.edu.tw/courses/114-1/49849
新聞英語寫作與編譯,鍾玉玨,28116,FL5129,122U3100,必修 / 選修,,"五 1,2",共208,2 類,,2,,https://course.ntu.edu.tw/courses/114-1/28116
筆譯實習：《上報》國際新聞翻譯,馬耀民,59483,FL5140,10254090,選修,,,,2 類,,1,,https://course.ntu.edu.tw/courses/114-1/59483
筆譯實習：《運動視界》國際體育新聞編譯,陳榮彬,50060,FL5147,10254170,選修,,,,2 類,,1,,https://course.ntu.edu.tw/courses/114-1/50060
筆譯實習：RWS 翻譯專案管理,蔡自青,56501,FL5164,10254570,選修,,,,2 類,,2,,https://course.ntu.edu.tw/courses/114-1/56501
字幕與影視翻譯,莊世全,10753,FL5167,10255110,選修,,"一 3,4,5",外教104,2 類,,3,,https://course.ntu.edu.tw/courses/114-1/10753
筆譯實習：中華民國筆會英文季刊,吳敏嘉,18443,FL5170,10254590,選修,,,,2 類,,2,,https://course.ntu.edu.tw/courses/114-1/18443
繪本翻譯專題研究,黃筱茵,40957,FL5171,10255140,選修,,"一 3,4",博雅308,2 類,,2,,https://course.ntu.edu.tw/courses/114-1/40957
筆譯實習：台灣性別平等教育協會,蔡毓芬,53555,FL5173,10254600,選修,,,,2 類,,1,,https://course.ntu.edu.tw/courses/114-1/53555
筆譯實習：台灣冤獄平反協會,蔡毓芬,32496,FL5174,10254610,選修,,,,2 類,,1,,https://course.ntu.edu.tw/courses/114-1/32496
再現與美非女性小說,劉亮雅,26419,FL7009,122M0690,選修,,"二 7,8,9",人文B114-1,2 類,,3,,https://course.ntu.edu.tw/courses/114-1/26419
高級英文上,劉雅詩,47541,FL7021,122M1041,必修,,"一 6,7,8",博雅310,2 類,,0,,https://course.ntu.edu.tw/courses/114-1/47541
語言與無意識,沈志中,40028,FL7085,122M3020,選修,,"三 3,4,5",人文B109,2 類,,3,,https://course.ntu.edu.tw/courses/114-1/40028
索福克勒斯的安蒂岡妮,范吉歐,28764,FL7140,122M5600,選修,,"四 2,3,4",人文B109,2 類,,3,,https://course.ntu.edu.tw/courses/114-1/28764
研究方法與學術英文寫作一,齊東耿,33011,FL7201,122M0070,必修,,"一 2,3,4",人文B114-1,2 類,,3,,https://course.ntu.edu.tw/courses/114-1/33011
研究方法與學術英文寫作一,柏逸嘉,32452,FL7201,122M0070,必修,,"一 2,3,4",人文B109,2 類,,3,,https://course.ntu.edu.tw/courses/114-1/32452
專題研究,曾麗玲,57528,FL7321,122M8800,選修,,,,2 類,,1,,https://course.ntu.edu.tw/courses/114-1/57528
專題研究,柏逸嘉,23625,FL7321,122M8800,選修,,,,2 類,,1,,https://course.ntu.edu.tw/courses/114-1/23625
專題研究,齊東耿,35931,FL7321,122M8800,選修,,,,2 類,,1,,https://course.ntu.edu.tw/courses/114-1/35931
專題研究,廖勇超,26249,FL7321,122M8800,選修,,,,2 類,,1,,https://course.ntu.edu.tw/courses/114-1/26249
專題研究,陳春燕,29453,FL7321,122M8800,選修,,,,2 類,,1,,https://course.ntu.edu.tw/courses/114-1/29453
專題研究,曼紐爾,27946,FL7321,122M8800,選修,,,,2 類,,1,,https://course.ntu.edu.tw/courses/114-1/27946
專題研究,王莉思,23204,FL7321,122M8800,選修,,,,2 類,,1,,https://course.ntu.edu.tw/courses/114-1/23204
專題研究,吳雅鳳,20745,FL7321,122M8800,選修,,,,2 類,,1,,https://course.ntu.edu.tw/courses/114-1/20745
專題研究,李紀舍,15138,FL7321,122M8800,選修,,,,2 類,,1,,https://course.ntu.edu.tw/courses/114-1/15138
專題研究,李佑金,95004,FL7321,122M8800,選修,,,,2 類,,1,,https://course.ntu.edu.tw/courses/114-1/95004
專題研究,陳重仁,95005,FL7321,122M8800,選修,,,,2 類,,1,,https://course.ntu.edu.tw/courses/114-1/95005
專題研究,陳重仁,95006,FL7321,122M8800,選修,,,,2 類,,1,,https://course.ntu.edu.tw/courses/114-1/95006
當代小說研究專論,李紀舍,16031,FL7355,122M5470,選修,,"三 3,4,5",博雅205,2 類,,3,,https://course.ntu.edu.tw/courses/114-1/16031
感染研究：暴力、政治與文化,陳重仁,22703,FL7357,122M5700,選修,,"二 2,3,4",人文B109,2 類,,3,,https://course.ntu.edu.tw/courses/114-1/22703
日本動漫之跨界議題,趙恬儀,18818,FL7364,122M4080,選修,,"二 7,8,9",人文B109,2 類,,3,,https://course.ntu.edu.tw/courses/114-1/18818
閱讀拉丁文羅馬史詩,李佑金,56664,FL7377,122M5780,選修,,"二 2,3,4",人文B114-1,2 類,,3,,https://course.ntu.edu.tw/courses/114-1/56664
理論與小說：立即性轉向,陳春燕,23220,FL7378,122M5790,選修,,"四 2,3,4",人文B107,2 類,,3,,https://course.ntu.edu.tw/courses/114-1/23220
中世紀文學與當代迴響,劉雅詩,13021,FL7379,122M5800,選修,,"四 6,7,8",人文B109,2 類,,3,,https://course.ntu.edu.tw/courses/114-1/13021
華語文學、電影的方法論系譜,于昌民,18582,FL7381,122M5820,必修 / 選修,,"一 7,8,9 / 三 7,8,9 / 五 7,8,9",人文B109,2 類,,1,,https://course.ntu.edu.tw/courses/114-1/18582
碩士論文,,49464,FL7999,122M0010,必修,,,,1 類,,0,,https://course.ntu.edu.tw/courses/114-1/49464
比較文學方法,孟克禮,39293,FL8002,122D1270,選修,,"一 5,6,7",博雅206,2 類,,3,,https://course.ntu.edu.tw/courses/114-1/39293
博士論文,,35554,FL8999,122D0010,必修,,,,1 類,,0,,https://course.ntu.edu.tw/courses/114-1/35554
食品與健康,沈立言,19217,FOOD1001,64110100,,,"二 6,7",普101,2 類,,2,,https://course.ntu.edu.tw/courses/114-1/19217
食品微生物學,鄭光成,14279,FOOD5105,641U4050,必修 / 選修,,"三 2,3,4",食科102,3 類,,3,,https://course.ntu.edu.tw/courses/114-1/14279
食品微生物實驗,鄭光成,10780,FOOD5107,641U3150,選修,,"三 8,9",食科102,2 類,,1,,https://course.ntu.edu.tw/courses/114-1/10780
食品微生物學,李月嘉,17023,FOOD5108,641U3260,選修,,"二 8,9",食科102,3 類,,2,,https://course.ntu.edu.tw/courses/114-1/17023
食品化學,呂廷璋,10536,FOOD5203,641U4010,必修 / 選修,,"一 2,3,4",食科102,3 類,,3,,https://course.ntu.edu.tw/courses/114-1/10536
食品加工學,陳明煦,40281,FOOD5308,641U4020,必修 / 選修,,"五 2,3,4",食科102,3 類,,3,,https://course.ntu.edu.tw/courses/114-1/40281
食品工程學,陳時欣,23125,FOOD5309,641U4030,必修 / 選修,,"五 6,7,8",食科102,3 類,,3,,https://course.ntu.edu.tw/courses/114-1/23125
食品加工實驗,丁俞文,32107,FOOD5313,641U3160,選修,,"一 6,7",食科102,3 類,,1,,https://course.ntu.edu.tw/courses/114-1/32107
食品加工概論,丁俞文,22218,FOOD5314,641U3220,必帶 / 選修,,"三 6,7",食科102,3 類,,2,,https://course.ntu.edu.tw/courses/114-1/22218
生命期營養,羅翊禎,15589,FOOD5404,641U3110,選修,,"二 6,7",食研222,3 類,,2,,https://course.ntu.edu.tw/courses/114-1/15589
膳食療養學,吳偉愷,26686,FOOD5407,641U3250,選修,,"一 2,3,4",食研222,2 類,,3,,https://course.ntu.edu.tw/courses/114-1/26686
專題研究一,鄭光成,22380,FOOD7002,641M0060,必修,,,,1 類,,1,,https://course.ntu.edu.tw/courses/114-1/22380
專題研究一,羅翊禎,27717,FOOD7002,641M0060,必修,,,,1 類,,1,,https://course.ntu.edu.tw/courses/114-1/27717
專題研究一,謝淑貞,43532,FOOD7002,641M0060,必修,,,,1 類,,1,,https://course.ntu.edu.tw/courses/114-1/43532
專題研究一,陳時欣,40944,FOOD7002,641M0060,必修,,,,1 類,,1,,https://course.ntu.edu.tw/courses/114-1/40944
專題研究一,丁俞文,34315,FOOD7002,641M0060,必修,,,,1 類,,1,,https://course.ntu.edu.tw/courses/114-1/34315
專題研究一,陳明煦,35445,FOOD7002,641M0060,必修,,,,1 類,,1,,https://course.ntu.edu.tw/courses/114-1/35445
專題研究一,李月嘉,44903,FOOD7002,641M0060,必修,,,,1 類,,1,,https://course.ntu.edu.tw/courses/114-1/44903
專題研究一,吳偉愷,22939,FOOD7002,641M0060,必修,,,,1 類,,1,,https://course.ntu.edu.tw/courses/114-1/22939
食品科技研究實驗法一,丁俞文,17835,FOOD7004,641M1710,必修,,,,2 類,,1,,https://course.ntu.edu.tw/courses/114-1/17835
專題討論一,李月嘉,13243,FOOD7006,641M0080,必修,,,,1 類,,1,,https://course.ntu.edu.tw/courses/114-1/13243
專題討論二,李月嘉,35105,FOOD7007,641M0090,必修,,,,2 類,,1,,https://course.ntu.edu.tw/courses/114-1/35105
專題討論三,李月嘉,23130,FOOD7008,641M0100,必修,,,,1 類,,1,,https://course.ntu.edu.tw/courses/114-1/23130
專題討論四,李月嘉,44282,FOOD7009,641M0110,必修,,,,2 類,,1,,https://course.ntu.edu.tw/courses/114-1/44282
食品微生物實習,羅翊禎,15774,FOOD7108,641M3190,選修,,,,2 類,,1,,https://course.ntu.edu.tw/courses/114-1/15774
食品碳水化合物,呂廷璋,35364,FOOD7201,641M1130,選修,,"二 8,9",食研222,3 類,,2,,https://course.ntu.edu.tw/courses/114-1/35364
食品蛋白質,謝淑貞,18364,FOOD7203,641M1150,選修,,"四 3,4",食科102,3 類,,2,,https://course.ntu.edu.tw/courses/114-1/18364
食品儀器分析,陳宏彰,41140,FOOD7206,641M1750,選修,,"四 1,2",食科102,3 類,,2,,https://course.ntu.edu.tw/courses/114-1/41140
氣相層析質譜分析方法,周繼中,34862,FOOD7213,641M3240,選修,,,,2 類,,1,,https://course.ntu.edu.tw/courses/114-1/34862
食品加工實習,羅翊禎,49436,FOOD7312,641M3200,選修,,,,2 類,,1,,https://course.ntu.edu.tw/courses/114-1/49436
食品加工與營養,沈立言,36517,FOOD7408,641M1490,選修,,"四 3,4",食研222,2 類,,2,,https://course.ntu.edu.tw/courses/114-1/36517
碩士論文,羅翊禎,49353,FOOD7999,641M0010,必修,,,,1 類,,0,,https://course.ntu.edu.tw/courses/114-1/49353
專題討論,陳明煦,10438,FOOD8001,641D0030,必修,,,,1 類,,1,,https://course.ntu.edu.tw/courses/114-1/10438
專題討論,陳明煦,29775,FOOD8001,641D0030,必修,,,,1 類,,1,,https://course.ntu.edu.tw/courses/114-1/29775
專題研究一,鄭光成,38628,FOOD8002,641D0090,必修,,,,1 類,,1,,https://course.ntu.edu.tw/courses/114-1/38628
專題研究一,潘敏雄,38029,FOOD8002,641D0090,必修,,,,1 類,,1,,https://course.ntu.edu.tw/courses/114-1/38029
專題研究一,呂廷璋,10838,FOOD8002,641D0090,必修,,,,1 類,,1,,https://course.ntu.edu.tw/courses/114-1/10838
專題研究一,沈立言,37770,FOOD8002,641D0090,必修,,,,1 類,,1,,https://course.ntu.edu.tw/courses/114-1/37770
專題研究一,丁俞文,54560,FOOD8002,641D0090,必修,,,,1 類,,1,,https://course.ntu.edu.tw/courses/114-1/54560
專題研究一,吳偉愷,41816,FOOD8002,641D0090,必修,,,,1 類,,1,,https://course.ntu.edu.tw/courses/114-1/41816
專題研究三,陳時欣,15711,FOOD8004,641D0110,必修,,,,1 類,,1,,https://course.ntu.edu.tw/courses/114-1/15711
專題研究三,李月嘉,20517,FOOD8004,641D0110,必修,,,,1 類,,1,,https://course.ntu.edu.tw/courses/114-1/20517
食品科技特論,羅翊禎,58334,FOOD8103,641D1270,選修,,"四 6,7",食科102,3 類,,2,,https://course.ntu.edu.tw/courses/114-1/58334
食品科技教學實務,鄭光成,47021,FOOD8502,641D1260,選修,,,,2 類,,2,,https://course.ntu.edu.tw/courses/114-1/47021
食品科技教學實務,呂廷璋,32359,FOOD8502,641D1260,選修,,,,2 類,,2,,https://course.ntu.edu.tw/courses/114-1/32359
食品科技教學實務,謝淑貞,53030,FOOD8502,641D1260,選修,,,,2 類,,2,,https://course.ntu.edu.tw/courses/114-1/53030
博士論文,羅翊禎,26534,FOOD8999,641D0010,必修,,,,1 類,,0,,https://course.ntu.edu.tw/courses/114-1/26534
服務學習甲,張庭維,25919,Forest0006,605001G0,必帶,,,,2 類,,1,,https://course.ntu.edu.tw/courses/114-1/25919
服務學習乙,吳家禎,14282,Forest0007,605001H0,必修,,,,2 類,,1,,https://course.ntu.edu.tw/courses/114-1/14282
林業概論,吳家禎,39438,Forest1003,60520010,必帶 / 選修,,"三 6,7",新202,2 類,,2,,https://course.ntu.edu.tw/courses/114-1/39438
經濟學一,鄭舒婷,21284,Forest1004,60510210,必修,,"四 2,3,4",林一,2 類,,3,,https://course.ntu.edu.tw/courses/114-1/21284
林木生理學,鹿兒陽,50601,Forest2008,60520140,必修,,"三 2,3,4",新301,2 類,,3,,https://course.ntu.edu.tw/courses/114-1/50601
木材組織學及實驗,蔡明哲,19747,Forest2018,60525700,必修 / 選修,,"四 6,7,8,9,10",木性,2 類,,3,,https://course.ntu.edu.tw/courses/114-1/19747
土砂災害概論,梁偉立,29742,Forest2028,60525900,必修,,"二 6,7",林四,2 類,,2,,https://course.ntu.edu.tw/courses/114-1/29742
育林學,吳家禎,38645,Forest2029,60526000,必修 / 選修,,"二 6,7,8",林一,2 類,,3,,https://course.ntu.edu.tw/courses/114-1/38645
統計學,鄭舒婷,23797,Forest2031,60526210,必修,,"一 2,3,4",新505,2 類,,3,,https://course.ntu.edu.tw/courses/114-1/23797
統計學,王  仁,35095,Forest2031,60526210,必修 / 選修,,"四 2,3,4",新501,2 類,,3,,https://course.ntu.edu.tw/courses/114-1/35095
森林環境概論,中井太郎,59357,Forest2043,60521530,必帶,,"二 3,4",林一,2 類,,2,,https://course.ntu.edu.tw/courses/114-1/59357
林產學,張豐丞,30893,Forest2044,60520030,必修,,"一 6,7,8",林一,2 類,,3,,https://course.ntu.edu.tw/courses/114-1/30893
林產學,柯淳涵,50501,Forest2044,60520030,必修,,"一 6,7,8",林四,2 類,,3,,https://course.ntu.edu.tw/courses/114-1/50501
森林生態與育林學概論,曲芳華,44956,Forest2045,60526110,必帶,,"五 2,3,4",林一,2 類,,3,,https://course.ntu.edu.tw/courses/114-1/44956
森林氣候學及實習,中井太郎,44313,Forest3017,60531200,必修,,"一 1,2,3,4,5",木性,2 類,,3,,https://course.ntu.edu.tw/courses/114-1/44313
木材化學及實驗,柯淳涵,27268,Forest3019,60532300,必修,,"四 6,7,8,9,10",林四,2 類,,3,,https://course.ntu.edu.tw/courses/114-1/27268
木質家具產業概論,林法勤,18219,Forest3024,60535710,必修,,"二 3,4",林三,2 類,,2,,https://course.ntu.edu.tw/courses/114-1/18219
生物多樣性概論,丁宗蘇,57137,Forest3030,60539400,必修 / 選修,,"四 6,7,8",林一,3 類,,3,,https://course.ntu.edu.tw/courses/114-1/57137
森林生物多樣性概論,丁宗蘇,31025,Forest3031,60539460,,,"六 2,3,4,6,7,8,9",,2 類,,3,,https://course.ntu.edu.tw/courses/114-1/31025
森林生物多樣性概論,丁宗蘇,16932,Forest3031,60539460,,,"六 2,3,4,6,7,8,9",,2 類,,3,,https://course.ntu.edu.tw/courses/114-1/16932
製漿工程學,柯淳涵,39552,Forest3068,60539540,必修,,"三 1,2",林四,2 類,,2,,https://course.ntu.edu.tw/courses/114-1/39552
木材塗料及塗裝,官崇煜,57440,Forest3069,60539550,必修,,"三 3,4",博雅203,2 類,,2,,https://course.ntu.edu.tw/courses/114-1/57440
實務育林學,吳家禎,51808,Forest3078,60530080,必修,,"一 2,3,4",林三,2 類,,3,,https://course.ntu.edu.tw/courses/114-1/51808
木工機械及實習,林法勤,47876,Forest4001,60535500,必修,,"一 A,B / 二 A,B,C",林四,2 類,,3,,https://course.ntu.edu.tw/courses/114-1/47876
專題討論一,丁宗蘇,17036,Forest4021,60549110,必修,,"三 3,4",林二,2 類,,1,,https://course.ntu.edu.tw/courses/114-1/17036
專題討論一,張庭維,10734,Forest4021,60549110,必修,,"三 3,4",木性,2 類,,1,,https://course.ntu.edu.tw/courses/114-1/10734
專題討論一,林法勤,21271,Forest4021,60549110,必修,,"三 A,B",林一,2 類,,1,,https://course.ntu.edu.tw/courses/114-1/21271
專題討論一,余家斌,48123,Forest4021,60549110,必修,,"三 3,4",林四,2 類,,1,,https://course.ntu.edu.tw/courses/114-1/48123
專題討論一,吳家禎,58110,Forest4021,60549110,必修,,"三 3,4",林三,2 類,,1,,https://course.ntu.edu.tw/courses/114-1/58110
林業環境資源實務,鄭森松,15153,Forest4025,60549300,必修,,,,2 類,,1,,https://course.ntu.edu.tw/courses/114-1/15153
林業環境資源實務,張豐丞,36846,Forest4025,60549300,必修,,,,2 類,,1,,https://course.ntu.edu.tw/courses/114-1/36846
林業環境資源實務,江博能,39460,Forest4025,60549300,必修,,,,2 類,,1,,https://course.ntu.edu.tw/courses/114-1/39460
林業環境資源實務,鄭舒婷,40483,Forest4025,60549300,必修,,,,2 類,,1,,https://course.ntu.edu.tw/courses/114-1/40483
林業環境資源實務,賴彥任,14938,Forest4025,60549300,必修,,,,2 類,,1,,https://course.ntu.edu.tw/courses/114-1/14938
學士論文上,丁宗蘇,55143,Forest4998,60549501,必修,,,,2 類,,1,,https://course.ntu.edu.tw/courses/114-1/55143
學士論文上,張豐丞,59981,Forest4998,60549501,必修,,,,2 類,,1,,https://course.ntu.edu.tw/courses/114-1/59981
學士論文上,鄭舒婷,38548,Forest4998,60549501,必修,,,,2 類,,1,,https://course.ntu.edu.tw/courses/114-1/38548
學士論文上,官崇煜,40093,Forest4998,60549501,必修,,,,2 類,,1,,https://course.ntu.edu.tw/courses/114-1/40093
學士論文上,吳家禎,23131,Forest4998,60549501,必修,,,,2 類,,1,,https://course.ntu.edu.tw/courses/114-1/23131
學士論文上,王  仁,46369,Forest4998,60549501,必修,,,,2 類,,1,,https://course.ntu.edu.tw/courses/114-1/46369
林產工業之環境污染防治,官崇煜,24621,Forest5008,625U1560,必修 / 選修,,"二 2,3,4",綜602,2 類,,3,,https://course.ntu.edu.tw/courses/114-1/24621
社區取向的保育論述與方法,盧道杰,32294,Forest5010,625U1580,必修 / 選修,,"四 2,3,4",林二,2 類,,3,,https://course.ntu.edu.tw/courses/114-1/32294
自然保護區管理,盧道杰,22330,Forest5012,625U1600,必修 / 選修,,"四 6,7,8",林二,2 類,,3,,https://course.ntu.edu.tw/courses/114-1/22330
木質構造建築設計與施工一,蔡明哲,21587,Forest5017,625U1710,必修 / 選修,,"四 2,3,4",林四,2 類,,3,,https://course.ntu.edu.tw/courses/114-1/21587
自然保護區管理實習,盧道杰,16294,Forest5021,625U1750,選修,,"四 9,10,A",林二,2 類,,1,,https://course.ntu.edu.tw/courses/114-1/16294
坡地水文學,梁偉立,21556,Forest5030,625U1880,必修 / 選修,,"二 8,9,10",林四,2 類,,3,,https://course.ntu.edu.tw/courses/114-1/21556
樹病學,羅南德,57560,Forest5064,625U2180,選修,,"二 6,7,8",林五,2 類,,3,,https://course.ntu.edu.tw/courses/114-1/57560
氣候變遷與森林生態系,中井太郎,16726,Forest5065,625U2190,選修,,"四 2,3,4",林三,2 類,,3,,https://course.ntu.edu.tw/courses/114-1/16726
探索臺灣：自然資源保育與經營管理,劉奇璋,13671,Forest5071,625U2250,,,"四 6,7",博雅202,2 類,,2,,https://course.ntu.edu.tw/courses/114-1/13671
探索臺灣：自然資源保育與經營管理,劉奇璋,48373,Forest5071,625U2250,,,"四 6,7",,2 類,,2,,https://course.ntu.edu.tw/courses/114-1/48373
森林療癒概論,余家斌,39877,Forest5072,625U2260,必修,,"四 2,3,4",綜202,2 類,,3,,https://course.ntu.edu.tw/courses/114-1/39877
木材膠合劑與複合材料,柯淳涵,17201,Forest5075,625U2290,必修,,"三 7,8,9",林四,2 類,,3,,https://course.ntu.edu.tw/courses/114-1/17201
森林碳匯與碳權交易,王  仁,19981,Forest5081,625U2350,必修 / 選修,,"三 6,7,8",新501,2 類,,3,,https://course.ntu.edu.tw/courses/114-1/19981
生態檢核,劉奇璋,52858,Forest5083,625U2370,選修,,"五 2,3,4",新404,2 類,,3,,https://course.ntu.edu.tw/courses/114-1/52858
森林療癒研究,余家斌,40111,Forest5087,625U2410,選修,,"四 6,7,8",林五,2 類,,3,,https://course.ntu.edu.tw/courses/114-1/40111
林木功能性基因體研究法,曲芳華,31112,Forest5089,625U2430,必修 / 選修,,"五 6,7,8",林二,2 類,,3,,https://course.ntu.edu.tw/courses/114-1/31112
森林碳循環,張庭維,44361,Forest5090,625U2440,必修,,"五 2,3,4",林五,2 類,,3,,https://course.ntu.edu.tw/courses/114-1/44361
森林微量氣體量測,張庭維,50726,Forest5091,625U2450,必修,,"五 6,7,8",林五,2 類,,3,,https://course.ntu.edu.tw/courses/114-1/50726
iOS SwiftUI 手機應用程式設計入門,余家斌,48676,Forest5095,625U2490,,,"五 2,3,4",綜401,2 類,,3,,https://course.ntu.edu.tw/courses/114-1/48676
生物材料之生命週期評估,官崇煜,28913,Forest5096,625U2500,選修,,"二 6,7,8",共206,2 類,,3,,https://course.ntu.edu.tw/courses/114-1/28913
專題討論,林政道,52582,Forest7000,625M0020,必修,,"三 3,4",,2 類,,1,,https://course.ntu.edu.tw/courses/114-1/52582
專題討論,中井太郎,29694,Forest7000,625M0020,必修,,"三 3,4",,2 類,,1,,https://course.ntu.edu.tw/courses/114-1/29694
專題討論,官崇煜,36177,Forest7000,625M0020,必修,,"三 A,B",,2 類,,1,,https://course.ntu.edu.tw/courses/114-1/36177
專題討論,鄭舒婷,18329,Forest7000,625M0020,必修,,"三 3,4",林一,2 類,,1,,https://course.ntu.edu.tw/courses/114-1/18329
專題討論,羅南德,14961,Forest7000,625M0020,必修,,"三 3,4",,2 類,,1,,https://course.ntu.edu.tw/courses/114-1/14961
專題研究,袁孝維,39384,Forest7001,625M0120,必修,,,,2 類,,1,,https://course.ntu.edu.tw/courses/114-1/39384
專題研究,蔡明哲,22335,Forest7001,625M0120,必修,,,,2 類,,1,,https://course.ntu.edu.tw/courses/114-1/22335
專題研究,柯淳涵,44800,Forest7001,625M0120,必修,,,,2 類,,1,,https://course.ntu.edu.tw/courses/114-1/44800
專題研究,盧道杰,58044,Forest7001,625M0120,必修,,,,2 類,,1,,https://course.ntu.edu.tw/courses/114-1/58044
專題研究,丁宗蘇,37051,Forest7001,625M0120,必修,,,,2 類,,1,,https://course.ntu.edu.tw/courses/114-1/37051
專題研究,曲芳華,31233,Forest7001,625M0120,必修,,,,2 類,,1,,https://course.ntu.edu.tw/courses/114-1/31233
專題研究,張惠婷,37451,Forest7001,625M0120,必修,,,,2 類,,1,,https://course.ntu.edu.tw/courses/114-1/37451
專題研究,鄭智馨,44109,Forest7001,625M0120,必修,,,,2 類,,1,,https://course.ntu.edu.tw/courses/114-1/44109
專題研究,劉奇璋,32479,Forest7001,625M0120,必修,,,,2 類,,1,,https://course.ntu.edu.tw/courses/114-1/32479
專題研究,鄭舒婷,50668,Forest7001,625M0120,必修,,,,2 類,,1,,https://course.ntu.edu.tw/courses/114-1/50668
專題研究,中井太郎,27874,Forest7001,625M0120,必修,,,,2 類,,1,,https://course.ntu.edu.tw/courses/114-1/27874
專題研究,羅南德,43896,Forest7001,625M0120,必修,,,,2 類,,1,,https://course.ntu.edu.tw/courses/114-1/43896
專題研究,林政道,58051,Forest7001,625M0120,必修,,,,2 類,,1,,https://course.ntu.edu.tw/courses/114-1/58051
專題研究,官崇煜,29854,Forest7001,625M0120,必修,,,,2 類,,1,,https://course.ntu.edu.tw/courses/114-1/29854
專題研究,張庭維,10137,Forest7001,625M0120,必修,,,,2 類,,1,,https://course.ntu.edu.tw/courses/114-1/10137
專題研究,吳家禎,39687,Forest7001,625M0120,必修,,,,2 類,,1,,https://course.ntu.edu.tw/courses/114-1/39687
高等木材物理,林法勤,22546,Forest7021,625M1580,選修,,"一 9,10",林四,2 類,,2,,https://course.ntu.edu.tw/courses/114-1/22546
木質文化資產保存特論,蔡明哲,22306,Forest7040,625M3390,選修,,"二 6,7,8",木性,2 類,,3,,https://course.ntu.edu.tw/courses/114-1/22306
觀光遊憩研究方法,余家斌,36754,Forest7056,625M1630,選修,,"三 6,7,8",林三,2 類,,3,,https://course.ntu.edu.tw/courses/114-1/36754
自由選擇環境學習,劉奇璋,39160,Forest7064,625M2640,選修,,"二 8,9,10",林三,2 類,,3,,https://course.ntu.edu.tw/courses/114-1/39160
隱花植物與真菌之特論,羅南德,13797,Forest7078,625M2780,選修,,,,2 類,,3,,https://course.ntu.edu.tw/courses/114-1/13797
本地樹木,林政道,32706,Forest7080,625M1420,選修,,"五 6,7,8",木性,2 類,,3,,https://course.ntu.edu.tw/courses/114-1/32706
生物材料之綠色能源特論,官崇煜,55933,Forest7082,625M2810,選修,,,,2 類,,3,,https://course.ntu.edu.tw/courses/114-1/55933
碩士論文,,42890,Forest7999,625M0010,必修,,,,1 類,,0,,https://course.ntu.edu.tw/courses/114-1/42890
專題討論,蔡明哲,50826,Forest8000,625D0030,必修,,,,2 類,,1,,https://course.ntu.edu.tw/courses/114-1/50826
專題討論,柯淳涵,54810,Forest8000,625D0030,必修,,,,2 類,,1,,https://course.ntu.edu.tw/courses/114-1/54810
專題討論,劉奇璋,35544,Forest8000,625D0030,必修,,,,2 類,,1,,https://course.ntu.edu.tw/courses/114-1/35544
專題討論,林政道,18019,Forest8000,625D0030,必修,,,,2 類,,1,,https://course.ntu.edu.tw/courses/114-1/18019
專題討論,官崇煜,28280,Forest8000,625D0030,必修,,,,2 類,,1,,https://course.ntu.edu.tw/courses/114-1/28280
博士論文,,40125,Forest8999,625D0010,必修,,,,1 類,,0,,https://course.ntu.edu.tw/courses/114-1/40125
法醫學專題討論一,張克平,23435,ForMed7001,452M0040,必修,,二 5,,2 類,,1,,https://course.ntu.edu.tw/courses/114-1/23435
法醫病理學及實習一,張克平,47436,ForMed7003,452M0150,必修,,"三 6,7,8,9",小班教室01,2 類,,4,,https://course.ntu.edu.tw/courses/114-1/47436
法醫相驗/解剖及實習,翁德怡,35793,ForMed7004,452M0160,必修,,"四 6,7,8,9",,2 類,,4,,https://course.ntu.edu.tw/courses/114-1/35793
法醫生物學,李俊億,49676,ForMed7005,452M0170,必修,,"三 10,A",,2 類,,1,,https://course.ntu.edu.tw/courses/114-1/49676
醫學與法律,張晉誠,37572,ForMed7008,452M0200,必修,,五 6,,2 類,,1,,https://course.ntu.edu.tw/courses/114-1/37572
法醫作證學及實習,翁德怡,28905,ForMed7018,452M0310,必修,,"二 2,3,4",基醫507,2 類,,2,,https://course.ntu.edu.tw/courses/114-1/28905
法醫毒物學及實習,翁德怡,31380,ForMed7020,452M0330,必修,,"二 6,7,8",基醫507,2 類,,2,,https://course.ntu.edu.tw/courses/114-1/31380
民法及民事訴訟法,陳聰富,22521,ForMed7022,452M0350,必修,,"四 2,3,4",,2 類,,2,,https://course.ntu.edu.tw/courses/114-1/22521
臨床實習上,翁德怡,29239,ForMed7023,452M0361,必修,,,,2 類,,20,,https://course.ntu.edu.tw/courses/114-1/29239
法醫精神學及實習,郭千哲,20209,ForMed7025,452M0370,必修,,"三 1,2",,2 類,,1,,https://course.ntu.edu.tw/courses/114-1/20209
法醫牙科學及實習,吳木榮,50873,ForMed7026,452M0380,必修,,"二 6,7",基醫405,2 類,,1,,https://course.ntu.edu.tw/courses/114-1/50873
法醫學專題討論三,張晉誠,45221,ForMed7033,452M0450,必修,,五 5,,2 類,,1,,https://course.ntu.edu.tw/courses/114-1/45221
國民法官必備之基礎鑑識科學,翁德怡,44050,ForMed7037,452M0490,,,"一 9,10",共101,2 類,,2,,https://course.ntu.edu.tw/courses/114-1/44050
法醫血清學/法醫影像學,李俊億,24551,ForMed7039,452M0510,必修,,"三 6,7",基醫505,2 類,,2,,https://course.ntu.edu.tw/courses/114-1/24551
法醫學專題討論,翁德怡,12956,ForMed7040,452M0520,必修,,三 5,,2 類,,0,,https://course.ntu.edu.tw/courses/114-1/12956
基礎法醫學,翁德怡,28307,ForMed7041,452M0530,必修,,一 10,,2 類,,1,,https://course.ntu.edu.tw/courses/114-1/28307
碩士論文,翁德怡,44322,ForMed7999,452M0010,必修,,,,1 類,,0,,https://course.ntu.edu.tw/courses/114-1/44322
新生專題,曹順成,15923,GenEdu1000,H0210100,選修,,"一 A,B",大1女A,3 類,,2,,https://course.ntu.edu.tw/courses/114-1/15923
新生專題,孫維新,15823,GenEdu1000,H0210100,選修,,"一 A,B",普203,2 類,,2,,https://course.ntu.edu.tw/courses/114-1/15823
新生專題,石美倫,41008,GenEdu1000,H0210100,選修,,"一 7,8",博雅406,3 類,,2,,https://course.ntu.edu.tw/courses/114-1/41008
新生專題,李宥霆,13945,GenEdu1000,H0210100,選修,,"一 A,B",女5舍C,2 類,,2,,https://course.ntu.edu.tw/courses/114-1/13945
新生專題,鄭秋萍,38679,GenEdu1000,H0210100,選修,,"一 A,B",,2 類,,2,,https://course.ntu.edu.tw/courses/114-1/38679
新生專題,陳敏慧,26216,GenEdu1000,H0210100,選修,,"三 7,8",博雅312,2 類,,2,,https://course.ntu.edu.tw/courses/114-1/26216
新生專題,丁照棣,41273,GenEdu1000,H0210100,選修,,"四 A,B",大1女A,2 類,,2,,https://course.ntu.edu.tw/courses/114-1/41273
新生專題,張皓媛,39829,GenEdu1000,H0210100,選修,,"三 6,7",基醫504,2 類,,2,,https://course.ntu.edu.tw/courses/114-1/39829
新生專題,陳琪芳,21074,GenEdu1000,H0210100,選修,,"一 10,A",,2 類,,2,,https://course.ntu.edu.tw/courses/114-1/21074
新生專題,賴亮全,48366,GenEdu1000,H0210100,選修,,"三 10,A",電二102,2 類,,2,,https://course.ntu.edu.tw/courses/114-1/48366
新生專題,陽毅平,35040,GenEdu1000,H0210100,選修,,"四 8,9",博雅203,2 類,,2,,https://course.ntu.edu.tw/courses/114-1/35040
中文學術寫作入門,李冠穎,39731,GenEdu1009,H0210600,選修,,"二 6,7",博雅312,2 類,,2,,https://course.ntu.edu.tw/courses/114-1/39731
新生講座-能力養成,陳林祈,18678,GenEdu2006,H0220060,選修,,"四 A,B,C",,2 類,,2,,https://course.ntu.edu.tw/courses/114-1/18678
新生講座-活出精彩,孫效智,13160,GenEdu2009,H0220090,選修,,"二 8,9,10",博雅102,2 類,,2,,https://course.ntu.edu.tw/courses/114-1/13160
程式設計與網路資料搜集,魏聖倫,57608,GenEdu5010,H0250070,,,"二 3,4,5",綜403,2 類,,3,,https://course.ntu.edu.tw/courses/114-1/57608
AI與宗教,張毅民,11992,GenEdu5019,H0250160,,,"四 7,8,9",綜201,3 類,,3,,https://course.ntu.edu.tw/courses/114-1/11992
世界文明：宗教文化與藝術,張毅民,41808,GenEdu5020,H0250170,,,"四 2,3,4",綜201,3 類,,3,,https://course.ntu.edu.tw/courses/114-1/41808
南亞社會與樂舞表演,黃佩玲,19089,GenEdu5023,H0250210,,,"一 7,8,9",共103,2 類,,3,,https://course.ntu.edu.tw/courses/114-1/19089
大師給問-未來職涯巡航,洪挺軒,22882,GenEdu5026,H0250240,選修,,"五 6,7",博雅102,3 類,,2,,https://course.ntu.edu.tw/courses/114-1/22882
學期間職涯培訓,朱士維,34786,GenEdu5033,H0250310,選修,,,,2 類,,2,,https://course.ntu.edu.tw/courses/114-1/34786
探索臺灣：聆聽臺灣的樂動,黃佩玲,40989,GenEdu5036,H0250340,,,"三 7,8,9",綜503,2 類,,3,,https://course.ntu.edu.tw/courses/114-1/40989
學術英語：社科領域,劉康慧,56808,GenEdu5039,H0250370,選修,,"三 6,7",社科306,2 類,,2,,https://course.ntu.edu.tw/courses/114-1/56808
讀劇,馮翊綱,35143,GenEdu5042,H0250400,,,"三 3,4",新502,2 類,,2,,https://course.ntu.edu.tw/courses/114-1/35143
島國紀錄：電影、紀錄片及樂音中的台灣,黃佩玲,37136,GenEdu5043,H0250410,,,"三 2,3,4",綜503,2 類,,3,,https://course.ntu.edu.tw/courses/114-1/37136
學術英語：生農領域,林肇基,27629,GenEdu5044,H0250420,選修,,"三 10,A",普305,2 類,,2,,https://course.ntu.edu.tw/courses/114-1/27629
學術英語：管理領域,李立聖,26448,GenEdu5045,H0250430,選修,,"二 6,7",共202,2 類,,2,,https://course.ntu.edu.tw/courses/114-1/26448
基因體學,黃祥博,38069,Genom5001,455U0010,選修,,"一 6,7",基醫403,3 類,,2,,https://course.ntu.edu.tw/courses/114-1/38069
模式生物基因體學特論,陳佑宗,56685,Genom5002,455U0020,必修 / 選修,,"二 2,3,4",,3 類,,3,,https://course.ntu.edu.tw/courses/114-1/56685
碩士論文,陳佑宗,53460,Genom7001,455M0010,必修,,,,1 類,,0,,https://course.ntu.edu.tw/courses/114-1/53460
碩士班書報討論I,張以承,31227,Genom7002,455M0020,必修,,四 3,基醫405,3 類,,1,,https://course.ntu.edu.tw/courses/114-1/31227
碩士班書報討論III,陳沛隆,18919,Genom7004,455M0040,必修,,四 4,基醫405,3 類,,1,,https://course.ntu.edu.tw/courses/114-1/18919
碩士班專題研究實習I,潘思樺,29066,Genom7006,455M0060,必修,,,,3 類,,1,,https://course.ntu.edu.tw/courses/114-1/29066
生物標記物與它們的產地,許書睿,31606,Genom7019,455M0190,選修,,"三 6,7",基醫508,2 類,,2,,https://course.ntu.edu.tw/courses/114-1/31606
外泌體的考驗,洪維廷,32149,Genom7020,455M0200,選修,,"二 6,7",,3 類,,2,,https://course.ntu.edu.tw/courses/114-1/32149
腫瘤演化樹的秘密,洪維廷,48747,Genom7021,455M0210,選修,,"一 8,9",基醫508,3 類,,2,,https://course.ntu.edu.tw/courses/114-1/48747
基因體與蛋白體醫學書報討論Ⅲ,陳沛隆,46734,Genom8004,455D0050,必修,,四 2,基醫405,3 類,,1,,https://course.ntu.edu.tw/courses/114-1/46734
基因體與蛋白體醫學專題討論,許書睿,51702,Genom8005,455D0060,必修,,,,3 類,,2,,https://course.ntu.edu.tw/courses/114-1/51702
基因體與蛋白體醫學書報討論I,陳沛隆,59678,Genom8010,455D0110,必修,,四 1,,3 類,,1,,https://course.ntu.edu.tw/courses/114-1/59678
癌症基因體與蛋白體醫學,潘思樺,22216,Genom8012,455D0130,必修 / 選修,,"一 8,9",基醫403,3 類,,2,,https://course.ntu.edu.tw/courses/114-1/22216
基因體與蛋白體專題研究實習Ⅰ,潘思樺,10255,Genom8014,455D0150,必修,,,,3 類,,2,,https://course.ntu.edu.tw/courses/114-1/10255
博士論文,陳佑宗,23614,Genom8999,455D0010,必修,,,,1 類,,0,,https://course.ntu.edu.tw/courses/114-1/23614
基因體與系統生物學,周信宏,59481,GenSys5004,B48U0120,必修 / 選修,,"二 6,7 / 四 6,7",生科3A,3 類,,4,,https://course.ntu.edu.tw/courses/114-1/59481
生活中的生物資訊,林友瑜,46879,GenSys5026,B48U0440,,,"二 6,7",綜606,2 類,,2,,https://course.ntu.edu.tw/courses/114-1/46879
生活中的生物資訊,林友瑜,31715,GenSys5026,B48U0440,,,"二 8,9",綜606,2 類,,2,,https://course.ntu.edu.tw/courses/114-1/31715
從遊戲學習Perl程式語言入門,林友瑜,41161,GenSys5027,B48U0450,,,"一 2,3,4",綜202,3 類,,3,,https://course.ntu.edu.tw/courses/114-1/41161
生物學中的數學模型,邱澗庚,95078,GenSys5028,B48U0460,選修,,"三 3,4 / 五 3,4",,3 類,,3,,https://course.ntu.edu.tw/courses/114-1/95078
碩士班專題研究,邱澗庚,50355,GenSys7002,B48M0210,必修,,,,3 類,,1,,https://course.ntu.edu.tw/courses/114-1/50355
碩士班專題研究,吳玉威,29084,GenSys7002,B48M0210,必修,,,,3 類,,1,,https://course.ntu.edu.tw/courses/114-1/29084
碩士班專題研究,呂  仁,46351,GenSys7002,B48M0210,必修,,,,3 類,,1,,https://course.ntu.edu.tw/courses/114-1/46351
碩士班專題研究,曾宇鳳,20890,GenSys7002,B48M0210,必修,,,,3 類,,1,,https://course.ntu.edu.tw/courses/114-1/20890
碩士班專題研究,顧  銓,43316,GenSys7002,B48M0210,必修,,,,3 類,,1,,https://course.ntu.edu.tw/courses/114-1/43316
碩士班專題討論,朱雪萍,39507,GenSys7003,B48M0220,必修,,"四 6,7",,3 類,,1,,https://course.ntu.edu.tw/courses/114-1/39507
碩士論文,,46027,GenSys7004,B48M0010,必修,,,,1 類,,0,,https://course.ntu.edu.tw/courses/114-1/46027
實驗技術實習,蔡孟勳,53722,GenSys8001,B48D0120,必修,,,,3 類,,1,,https://course.ntu.edu.tw/courses/114-1/53722
博士論文,,53171,GenSys8002,B48D0010,必修,,,,1 類,,0,,https://course.ntu.edu.tw/courses/114-1/53171
博士班專題研究,陳璿宇,21422,GenSys8003,B48D0210,必修,,,,3 類,,1,,https://course.ntu.edu.tw/courses/114-1/21422
博士班專題研究,林耿慧,48838,GenSys8003,B48D0210,必修,,,,3 類,,1,,https://course.ntu.edu.tw/courses/114-1/48838
博士班專題研究,周玉山,32588,GenSys8003,B48D0210,必修,,,,3 類,,1,,https://course.ntu.edu.tw/courses/114-1/32588
博士班專題研究,蔡怡陞,42591,GenSys8003,B48D0210,必修,,,,3 類,,1,,https://course.ntu.edu.tw/courses/114-1/42591
博士班專題研究,陳柏仰,45375,GenSys8003,B48D0210,必修,,,,3 類,,1,,https://course.ntu.edu.tw/courses/114-1/45375
博士班專題研究,陳光超,40037,GenSys8003,B48D0210,必修,,,,3 類,,1,,https://course.ntu.edu.tw/courses/114-1/40037
博士班專題研究,莊曜宇,43477,GenSys8003,B48D0210,必修,,,,3 類,,1,,https://course.ntu.edu.tw/courses/114-1/43477
博士班專題研究,陳律佑,19078,GenSys8003,B48D0210,必修,,,,3 類,,1,,https://course.ntu.edu.tw/courses/114-1/19078
博士班專題研究,陳俊安,33597,GenSys8003,B48D0210,必修,,,,3 類,,1,,https://course.ntu.edu.tw/courses/114-1/33597
博士班專題研究,吳亭穎,43766,GenSys8003,B48D0210,必修,,,,3 類,,1,,https://course.ntu.edu.tw/courses/114-1/43766
博士班專題研究,沈湯龍,54175,GenSys8003,B48D0210,必修,,,,3 類,,1,,https://course.ntu.edu.tw/courses/114-1/54175
博士班專題研究,蘇剛毅,36891,GenSys8003,B48D0210,必修,,,,3 類,,1,,https://course.ntu.edu.tw/courses/114-1/36891
博士班專題研究,蔡孟勳,31247,GenSys8003,B48D0210,必修,,,,3 類,,1,,https://course.ntu.edu.tw/courses/114-1/31247
博士班專題研究,陳世淯,34107,GenSys8003,B48D0210,必修,,,,3 類,,1,,https://course.ntu.edu.tw/courses/114-1/34107
地質科學導論上,徐澔德,29394,Geo1001,20449001,必帶,,"二 8,9,10",中庭大講堂,2 類,,3,,https://course.ntu.edu.tw/courses/114-1/29394
地質調查導論一,陳奕維,37650,Geo1007,20422500,選修,,,,2 類,,2,,https://course.ntu.edu.tw/courses/114-1/37650
地質調查導論一,吳宗叡,34721,Geo1007,20422500,選修,,,,2 類,,2,,https://course.ntu.edu.tw/courses/114-1/34721
地質調查導論一,郭陳澔,41054,Geo1007,20422500,選修,,,,2 類,,2,,https://course.ntu.edu.tw/courses/114-1/41054
地質調查導論一,曾泰琳,30105,Geo1007,20422500,選修,,,,2 類,,2,,https://course.ntu.edu.tw/courses/114-1/30105
地質調查導論一,胡植慶,10065,Geo1007,20422500,選修,,,,2 類,,2,,https://course.ntu.edu.tw/courses/114-1/10065
地質調查導論一,沈川洲,52516,Geo1007,20422500,選修,,,,2 類,,2,,https://course.ntu.edu.tw/courses/114-1/52516
地質調查導論二,陳于高,17047,Geo1008,20422600,選修,,,,2 類,,2,,https://course.ntu.edu.tw/courses/114-1/17047
地質調查導論二,劉雅瑄,30706,Geo1008,20422600,選修,,,,2 類,,2,,https://course.ntu.edu.tw/courses/114-1/30706
地質調查導論二,王  昱,36411,Geo1008,20422600,選修,,,,2 類,,2,,https://course.ntu.edu.tw/courses/114-1/36411
地質調查導論二,羅清華,24770,Geo1008,20422600,選修,,,,2 類,,2,,https://course.ntu.edu.tw/courses/114-1/24770
地質調查導論二,施路易,11875,Geo1008,20422600,選修,,,,2 類,,2,,https://course.ntu.edu.tw/courses/114-1/11875
地球物質,吳宗叡,51348,Geo2001,20449020,必帶,,"二 2,3,4",中庭大講堂,2 類,,3,,https://course.ntu.edu.tw/courses/114-1/51348
地球物質實習,朱美妃,23930,Geo2002,20449030,必帶,,"一 8,9,10",地質300,2 類,,1,,https://course.ntu.edu.tw/courses/114-1/23930
地球物質實習,朱美妃,12596,Geo2002,20449030,必帶,,"二 8,9,10",地質300,2 類,,1,,https://course.ntu.edu.tw/courses/114-1/12596
地球構造,胡植慶,43925,Geo2005,20449060,必帶,,"三 2,3,4",中庭大講堂,2 類,,3,,https://course.ntu.edu.tw/courses/114-1/43925
專題研究,曾泰琳,57799,Geo2007,20449280,選修,,,,3 類,,1,,https://course.ntu.edu.tw/courses/114-1/57799
專題研究,任昊佳,53386,Geo2007,20449280,選修,,,,3 類,,1,,https://course.ntu.edu.tw/courses/114-1/53386
專題研究,郭陳澔,25986,Geo2007,20449280,選修,,,,3 類,,1,,https://course.ntu.edu.tw/courses/114-1/25986
專題研究,吳宗叡,49658,Geo2007,20449280,選修,,,,3 類,,1,,https://course.ntu.edu.tw/courses/114-1/49658
地質調查一,王  昱,29856,Geo2012,20420700,選修,,,,2 類,,2,,https://course.ntu.edu.tw/courses/114-1/29856
地質調查一,朱美妃,26285,Geo2012,20420700,選修,,,,2 類,,2,,https://course.ntu.edu.tw/courses/114-1/26285
地球化學原理(含實習),沈川洲,42035,Geo3001,20449070,必帶 / 選修,,"三 6,7,8",中庭大講堂,2 類,,3,,https://course.ntu.edu.tw/courses/114-1/42035
地表作用與地形,徐澔德,49171,Geo3004,20449090,必帶,,"一 3,4",中庭大講堂,2 類,,2,,https://course.ntu.edu.tw/courses/114-1/49171
地質調查三,徐澔德,33159,Geo3007,20434800,選修,,,,2 類,,2,,https://course.ntu.edu.tw/courses/114-1/33159
電腦在地質上的應用,王  昱,41917,Geo3017,20424000,選修,,"二 6,7",地質313,2 類,,2,,https://course.ntu.edu.tw/courses/114-1/41917
電腦在地質上應用實習,王  昱,29115,Geo3018,20425000,選修,,二 8,地質313,2 類,,1,,https://course.ntu.edu.tw/courses/114-1/29115
暑期野外地質,羅  立,50239,Geo4002,20449120,必帶,,,,3 類,,2,,https://course.ntu.edu.tw/courses/114-1/50239
暑期野外地質,徐澔德,37130,Geo4002,20449120,必帶,,,,3 類,,2,,https://course.ntu.edu.tw/courses/114-1/37130
暑期野外地質,王  昱,13490,Geo4002,20449120,必帶,,,,3 類,,2,,https://course.ntu.edu.tw/courses/114-1/13490
石油地質學,吳榮章,49459,Geo4013,20445100,選修,,"二 A,B",中庭大講堂,3 類,,2,,https://course.ntu.edu.tw/courses/114-1/49459
化石,林日白,20742,Geo4015,20449360,選修,,"一 6,7",地質212,2 類,,2,,https://course.ntu.edu.tw/courses/114-1/20742
化石實習,林日白,46853,Geo4016,20449370,選修,,,,2 類,,1,,https://course.ntu.edu.tw/courses/114-1/46853
認識海洋,任昊佳,54745,Geo4017,20449390,選修,,"一 3,4",地質212,3 類,,2,,https://course.ntu.edu.tw/courses/114-1/54745
認識海洋野外及實驗,任昊佳,54679,Geo4018,20449410,選修,,,,3 類,,1,,https://course.ntu.edu.tw/courses/114-1/54679
東亞地體構造,羅清華,46721,Geo5005,224U0090,選修,,"四 8,9",中庭大講堂,3 類,,2,,https://course.ntu.edu.tw/courses/114-1/46721
地球化學資料分析,羅清華,95079,Geo5008,224U0190,選修,,"五 8,9",地質212,2 類,,2,,https://course.ntu.edu.tw/courses/114-1/95079
斷層力學導論,胡植慶,40130,Geo5026,224U0460,選修,,"四 7,8,9",全變403,3 類,,3,,https://course.ntu.edu.tw/courses/114-1/40130
地質材料力學,陳麒文,49067,Geo5042,224U1590,選修,,"五 6,7",地質313,3 類,,2,,https://course.ntu.edu.tw/courses/114-1/49067
地質材料力學實習,陳麒文,22410,Geo5043,224U1600,選修,,,,3 類,,1,,https://course.ntu.edu.tw/courses/114-1/22410
地體構造書報討論,胡植慶,43341,Geo5089,224U2270,選修,,"五 2,3",全變403,3 類,,2,,https://course.ntu.edu.tw/courses/114-1/43341
古生物學,徐澔德,32358,Geo5091,224U2290,選修,,"二 6,7",地質212,2 類,,2,,https://course.ntu.edu.tw/courses/114-1/32358
地震學書報討論一,洪淑蕙,31500,Geo5097,224U2360,選修,,,,3 類,,2,,https://course.ntu.edu.tw/courses/114-1/31500
程式設計於地球科學之運用,吳逸民,19491,Geo5101,224U2400,必修 / 選修,,"一 A,B,C",全變403,3 類,,3,,https://course.ntu.edu.tw/courses/114-1/19491
大陸岩石圈,曾泰琳,55930,Geo5106,224U2470,選修,,"二 8,9",全變403,3 類,,2,,https://course.ntu.edu.tw/courses/114-1/55930
古湖泊學,施路易,37980,Geo5117,224U2560,選修,,"四 3,4",地質315,2 類,,3,,https://course.ntu.edu.tw/courses/114-1/37980
地球化學分析與實務,朱美妃,45814,Geo5145,224U2830,選修,,"三 6,7",地質313,2 類,,2,,https://course.ntu.edu.tw/courses/114-1/45814
合成孔徑雷達干涉原理和應用,胡植慶,20769,Geo5146,224U2840,選修,,"三 7,8,9",全變403,3 類,,3,,https://course.ntu.edu.tw/courses/114-1/20769
水質化學,溫良碩,18891,Geo5148,224U2860,選修,,"四 3,4",地質212,3 類,,2,,https://course.ntu.edu.tw/courses/114-1/18891
臺灣區域地質野外調查,徐澔德,22553,Geo5149,224U2870,選修,,,,2 類,,2,,https://course.ntu.edu.tw/courses/114-1/22553
沉積岩地層野外探究與實作,林日白,27267,Geo5156,224U2940,選修,,,,2 類,,1,,https://course.ntu.edu.tw/courses/114-1/27267
震波測勘 – 反射,郭陳澔,51256,Geo5161,224U2990,選修,,"四 6,7",地質313,2 類,,2,,https://course.ntu.edu.tw/courses/114-1/51256
合成孔徑雷達統合資料處理,林玉儂,25424,Geo5165,224U3030,選修,,"三 3,4",,2 類,,2,,https://course.ntu.edu.tw/courses/114-1/25424
關鍵區碳循環,林立虹,48994,Geo5166,224U3040,選修,,,,2 類,,3,,https://course.ntu.edu.tw/courses/114-1/48994
地質科學應用數學,龔源成,35458,Geo5170,224U3080,選修,,"三 2,3,4",全變403,3 類,,3,,https://course.ntu.edu.tw/courses/114-1/35458
二氧化碳捕捉、再利用與封存概論(CCUS),劉雅瑄,95043,Geo5179,224U3170,選修,,"四 8,9",地質212,3 類,,2,,https://course.ntu.edu.tw/courses/114-1/95043
專題討論一,林立虹,35797,Geo7007,224M0120,必修,,,,1 類,,1,,https://course.ntu.edu.tw/courses/114-1/35797
高等野外地質學,洪淑蕙,38135,Geo7027,224M1410,選修,,,,1 類,,2,,https://course.ntu.edu.tw/courses/114-1/38135
碩士論文,,42369,Geo7999,224M0010,必修,,,,1 類,,0,,https://course.ntu.edu.tw/courses/114-1/42369
專題討論一,陳奕維,50844,Geo8001,224D0040,必修,,,,1 類,,1,,https://course.ntu.edu.tw/courses/114-1/50844
地球物理學特論一,洪淑蕙,50887,Geo8017,224D1910,選修,,,,3 類,,3,,https://course.ntu.edu.tw/courses/114-1/50887
地震構造特論,洪淑蕙,20054,Geo8021,224D1950,選修,,,,1 類,,3,,https://course.ntu.edu.tw/courses/114-1/20054
博士論文,,10330,Geo8999,224D0010,必修,,,,1 類,,0,,https://course.ntu.edu.tw/courses/114-1/10330
服務學習甲,楊啟見,17941,Geog0006,208001G0,必帶,,四 6,,2 類,,1,,https://course.ntu.edu.tw/courses/114-1/17941
服務學習甲,翁  葳,51319,Geog0006,208001G0,必帶,,四 6,,2 類,,1,,https://course.ntu.edu.tw/courses/114-1/51319
自然地理學通論,黃倬英,16931,Geog1024,20810850,必帶 / 選修,,"五 7,8,9",地理一教室,2 類,,3,,https://course.ntu.edu.tw/courses/114-1/16931
人文地理學通論,洪廣冀,59123,Geog1025,20810650,必帶 / 選修,,"四 7,8,9",地理305,2 類,,3,,https://course.ntu.edu.tw/courses/114-1/59123
地形學及實習,楊啟見,36371,Geog2001,20821400,必帶,,"一 2,3,4",地理305,2 類,,3,,https://course.ntu.edu.tw/courses/114-1/36371
城鄉 、區域與發展,洪伯邑,35767,Geog2014,20826810,必帶,,"二 7,8,9",地理一教室,2 類,,3,,https://course.ntu.edu.tw/courses/114-1/35767
統計學及實習,亞歷山卓,39256,Geog2016,20826610,必帶 / 必修,,"三 7,8,9 / 五 6,7",地理305/地理電腦室,2 類,,4,,https://course.ntu.edu.tw/courses/114-1/39256
遙測學原理,黃倬英,26691,Geog2018,20826840,必帶,,"一 7,8,9",地理305,2 類,,3,,https://course.ntu.edu.tw/courses/114-1/26691
空間資料蒐集方法,莊昀叡,39761,Geog3021,20839960,必修,,"五 2,3,4",地理一教室,2 類,,3,,https://course.ntu.edu.tw/courses/114-1/39761
自然地理調查方法,李美慧,39782,Geog3022,20839620,必修,,"五 2,3,4",地理405,2 類,,3,,https://course.ntu.edu.tw/courses/114-1/39782
人文地理調查方法,林楨家,45673,Geog3023,20839630,必修,,"五 2,3,4",地理二教室,2 類,,3,,https://course.ntu.edu.tw/courses/114-1/45673
環境資源保育經理及實習,翁  葳,41314,Geog4016,20848400,必帶 / 選修,,"三 7,8,9",地理一教室,2 類,,3,,https://course.ntu.edu.tw/courses/114-1/41314
學士論文上,黃誌川,30686,Geog4022,20840401,選修,,,,2 類,,1,,https://course.ntu.edu.tw/courses/114-1/30686
學士論文上,黃倬英,41933,Geog4022,20840401,選修,,,,2 類,,1,,https://course.ntu.edu.tw/courses/114-1/41933
學士論文上,莊昀叡,29214,Geog4022,20840401,選修,,,,2 類,,1,,https://course.ntu.edu.tw/courses/114-1/29214
學士論文上,洪伯邑,51225,Geog4022,20840401,選修,,,,2 類,,1,,https://course.ntu.edu.tw/courses/114-1/51225
學士論文上,翁  葳,15937,Geog4022,20840401,選修,,,,2 類,,1,,https://course.ntu.edu.tw/courses/114-1/15937
學士論文上,楊啟見,58985,Geog4022,20840401,選修,,,,2 類,,1,,https://course.ntu.edu.tw/courses/114-1/58985
學士論文上,亞歷山卓,22887,Geog4022,20840401,選修,,,,2 類,,1,,https://course.ntu.edu.tw/courses/114-1/22887
地殼變形原理與觀測,莊昀叡,37632,Geog5104,228U3210,選修,,,,2 類,,3,,https://course.ntu.edu.tw/courses/114-1/37632
地理空間模擬,溫在弘,59363,Geog5128,228U3410,選修,,"一 A,B,C",,2 類,,3,,https://course.ntu.edu.tw/courses/114-1/59363
觀光地理學,黃宗儀,95011,Geog5135,228U3480,選修,,"一 7,8,9",地理一教室,2 類,,3,,https://course.ntu.edu.tw/courses/114-1/95011
天氣與社會,簡旭伸,25663,Geog5143,228U3550,選修,,"三 2,3,4",地理二教室,2 類,,3,,https://course.ntu.edu.tw/courses/114-1/25663
臺灣科學園區之研究,徐進鈺,39062,Geog5152,228U3650,選修,,"一 7,8,9",地理405,2 類,,3,,https://course.ntu.edu.tw/courses/114-1/39062
人居環境微氣候學,莊振義,37802,Geog5153,228U3660,選修,,"二 7,8,9",地理二教室,2 類,,3,,https://course.ntu.edu.tw/courses/114-1/37802
數值地形分析與水文分析,黃誌川,34177,Geog5154,228U3670,選修,,"三 2,3,4",地理405,2 類,,3,,https://course.ntu.edu.tw/courses/114-1/34177
微氣象學通量觀測方法,莊振義,95060,Geog5155,228U3680,選修,,,,2 類,,2,,https://course.ntu.edu.tw/courses/114-1/95060
專題討論二,黃誌川,34631,Geog7002,228M0060,必修,,"二 2,3,4",地理305,2 類,,1,,https://course.ntu.edu.tw/courses/114-1/34631
專題討論一,翁  葳,37157,Geog7006,228M0130,必修,,"二 2,3,4",地理一教室,2 類,,3,,https://course.ntu.edu.tw/courses/114-1/37157
地景、文化與權力,洪伯邑,37261,Geog7108,228M7410,選修,,"四 7,8,9",地理二教室,2 類,,3,,https://course.ntu.edu.tw/courses/114-1/37261
碩士論文,,28510,Geog7999,228M0010,必修,,,,1 類,,0,,https://course.ntu.edu.tw/courses/114-1/28510
專題討論二,黃誌川,22567,Geog8003,228D0080,必修,,"二 2,3,4",,2 類,,1,,https://course.ntu.edu.tw/courses/114-1/22567
博士論文,,29195,Geog8999,228D0010,必修,,,,1 類,,0,,https://course.ntu.edu.tw/courses/114-1/29195
腦與心智專題討論,姚皓傑,57912,GIBMS7001,454M0020,必修 / 選修,,"二 3,4",基醫403,2 類,,1,,https://course.ntu.edu.tw/courses/114-1/57912
臨床神經科學,曾明宗,24720,GIBMS7002,454M0030,必修 / 選修,,"二 9,10",基1203,2 類,,2,,https://course.ntu.edu.tw/courses/114-1/24720
神經生物學,王培育,43171,GIBMS7003,454M0040,必修,,"四 2,3,4",基醫406,2 類,,3,,https://course.ntu.edu.tw/courses/114-1/43171
認知科學,吳恩賜,59853,GIBMS7004,454M0050,必修 / 選修,,"五 6,7,8",共403,3 類,,3,,https://course.ntu.edu.tw/courses/114-1/59853
碩士論文,,54575,GIBMS7006,454M0010,必修,,,,1 類,,0,,https://course.ntu.edu.tw/courses/114-1/54575
體感覺神經科學,曾明宗,36307,GIBMS7010,454M0320,選修,,,,2 類,,2,,https://course.ntu.edu.tw/courses/114-1/36307
神經迴路與行為-基礎篇,姚皓傑,23910,GIBMS7016,454M0410,選修,,"四 6,7",基1203,1 類,,2,,https://course.ntu.edu.tw/courses/114-1/23910
神經迴路研究：新進展與新觀點上,姚皓傑,53970,GIBMS7018,454M0431,選修,,四 A,基1203,2 類,,1,,https://course.ntu.edu.tw/courses/114-1/53970
腦功能影像實驗設計與分析,吳恩賜,58869,GIBMS7112,454M0310,選修,,"五 2,3,4",基醫508,2 類,,3,,https://course.ntu.edu.tw/courses/114-1/58869
老化分子生物學專題討論,王培育,44535,GIBMS7115,454M0340,選修,,"一 3,4",基1203,2 類,,2,,https://course.ntu.edu.tw/courses/114-1/44535
神經表觀遺傳學專題討論,黃憲松,38784,GIBMS7116,454M0350,選修,,"五 3,4",基1203,2 類,,2,,https://course.ntu.edu.tw/courses/114-1/38784
專題研究上,黃憲松,39534,GIBMS7118,454M0321,選修,,,,2 類,,2,,https://course.ntu.edu.tw/courses/114-1/39534
重大政策議題,郭昱瑩,16789,GIPA5002,343U0110,選修,,"二 3,4",,2 類,,2,,https://course.ntu.edu.tw/courses/114-1/16789
揭開財務報表的神秘面紗--初級會計&財報分析入門,沈慧如,29185,GIPA5024,343U0330,選修,,"四 A,B",社科研605,2 類,,2,,https://course.ntu.edu.tw/courses/114-1/29185
問卷實驗：概念及其在公共政策與商業之應用,沈智新,46833,GIPA5025,343U0340,選修,,"五 6,7",社科研606,2 類,,1,,https://course.ntu.edu.tw/courses/114-1/46833
政策地圖分析與數位化空間治理,溫在弘,38443,GIPA5027,343U0360,選修,,"四 A,B",社科研607,2 類,,2,,https://course.ntu.edu.tw/courses/114-1/38443
成本效益分析,郭昱瑩,45308,GIPA5031,343U0400,選修,,"一 3,4",,2 類,,2,,https://course.ntu.edu.tw/courses/114-1/45308
政策規劃與分析,王宏文,45294,GIPA7002,343M0020,必修,,"三 8,9",社科研607,1 類,,2,,https://course.ntu.edu.tw/courses/114-1/45294
公法專題,陳淳文,58313,GIPA7003,343M0030,必修,,"三 3,4",社科研607,2 類,,2,,https://course.ntu.edu.tw/courses/114-1/58313
環境政治與政策專題,林子倫,36419,GIPA7009,343M0100,選修,,"二 3,4",,2 類,,2,,https://course.ntu.edu.tw/courses/114-1/36419
論文寫作與質化分析,洪美仁,45683,GIPA7018,343M0190,必修,,"四 3,4",社科401,2 類,,2,,https://course.ntu.edu.tw/courses/114-1/45683
碩士論文,,36720,GIPA7999,343M0010,必修,,,,1 類,,0,,https://course.ntu.edu.tw/courses/114-1/36720
生醫與農業科技導論,沈湯龍,45695,Gipntu7001,459M0020,必修,,,,2 類,,1,,https://course.ntu.edu.tw/courses/114-1/45695
創業培訓 I,沈湯龍,19764,Gipntu7003,459M0040,必修,,,,2 類,,2,,https://course.ntu.edu.tw/courses/114-1/19764
生醫與農業科技專討 I,沈湯龍,33540,Gipntu7004,459M0050,必修,,,,2 類,,1,,https://course.ntu.edu.tw/courses/114-1/33540
基礎毒理學,沈湯龍,45836,Gipntu7005,459M0060,必修,,,,2 類,,1,,https://course.ntu.edu.tw/courses/114-1/45836
生醫與農業科技之研發I,沈湯龍,20079,Gipntu7006,459M0070,必修,,,,2 類,,3,,https://course.ntu.edu.tw/courses/114-1/20079
創業培訓 II,沈湯龍,15083,Gipntu7007,459M0080,必修,,,,2 類,,2,,https://course.ntu.edu.tw/courses/114-1/15083
醫療科技英文,沈湯龍,50032,Gipntu7008,459M0090,必修,,,,2 類,,1,,https://course.ntu.edu.tw/courses/114-1/50032
實習課(日本),沈湯龍,35107,Gipntu7010,459M0110,選修,,,,2 類,,3,,https://course.ntu.edu.tw/courses/114-1/35107
關鍵路徑管理學研究,沈湯龍,44212,Gipntu7011,459M0120,選修,,,,2 類,,2,,https://course.ntu.edu.tw/courses/114-1/44212
癌症生物學,沈湯龍,38119,Gipntu7012,459M0130,選修,,,,2 類,,2,,https://course.ntu.edu.tw/courses/114-1/38119
全球糧食安全進階班,沈湯龍,53061,Gipntu7015,459M0160,選修,,,,2 類,,2,,https://course.ntu.edu.tw/courses/114-1/53061
食品系統進階班,沈湯龍,10357,Gipntu7016,459M0170,選修,,,,2 類,,2,,https://course.ntu.edu.tw/courses/114-1/10357
全球生物醫學觀點,李財坤,35785,Gipntu7017,459M0180,選修,,"三 2,3,4",,3 類,,3,,https://course.ntu.edu.tw/courses/114-1/35785
碩士論文,沈湯龍,39847,Gipntu7018,459M0010,必修,,,,1 類,,0,,https://course.ntu.edu.tw/courses/114-1/39847
工作/實習機會找尋技能與科技關注,沈湯龍,46681,Gipntu7026,459M0260,必修,,,,2 類,,2,,https://course.ntu.edu.tw/courses/114-1/46681
國際科學研究討論,沈湯龍,26644,Gipntu7027,459M0270,必修,,,,2 類,,1,,https://course.ntu.edu.tw/courses/114-1/26644
多體暨生物資訊學工具整合,沈湯龍,48799,Gipntu7028,459M0280,必修,,,,2 類,,3,,https://course.ntu.edu.tw/courses/114-1/48799
數據管理與挖掘-從實際需求到實驗室研究,沈湯龍,25497,Gipntu7029,459M0290,必修,,,,2 類,,1,,https://course.ntu.edu.tw/courses/114-1/25497
營養及歐洲健康組織,沈湯龍,12703,Gipntu7033,459M0330,選修,,,,2 類,,2,,https://course.ntu.edu.tw/courses/114-1/12703
環境壓力（生物或非生物因素）對於農作物生產之衝擊,沈湯龍,48837,Gipntu7034,459M0340,選修,,,,2 類,,2,,https://course.ntu.edu.tw/courses/114-1/48837
先進植物育種整合,沈湯龍,37245,Gipntu7035,459M0350,選修,,,,2 類,,2,,https://course.ntu.edu.tw/courses/114-1/37245
綠色生物科技,沈湯龍,24825,Gipntu7036,459M0360,選修,,,,2 類,,2,,https://course.ntu.edu.tw/courses/114-1/24825
動物性食品之品質,沈湯龍,57679,Gipntu7037,459M0370,選修,,,,2 類,,2,,https://course.ntu.edu.tw/courses/114-1/57679
全球問題與全球社會：環境污染與健康影響,沈湯龍,11872,Gipntu7046,459M0460,選修,,,,2 類,,1,,https://course.ntu.edu.tw/courses/114-1/11872
人體病理學及腫瘤學,沈湯龍,49422,Gipntu7047,459M0470,選修,,,,2 類,,2,,https://course.ntu.edu.tw/courses/114-1/49422
代謝物組學,沈湯龍,52070,Gipntu7048,459M0480,選修,,,,2 類,,1,,https://course.ntu.edu.tw/courses/114-1/52070
衛生保健政策和服務管理,沈湯龍,17864,Gipntu7049,459M0490,選修,,,,2 類,,1,,https://course.ntu.edu.tw/courses/114-1/17864
生醫與農業科技之小組專討,沈湯龍,57541,Gipntu7050,459M0500,必修,,,,2 類,,1,,https://course.ntu.edu.tw/courses/114-1/57541
基礎分子營養學,沈湯龍,57301,Gipntu7051,459M0510,必修,,,,2 類,,1,,https://course.ntu.edu.tw/courses/114-1/57301
職涯發展,沈湯龍,59292,Gipntu7052,459M0520,必修,,,,2 類,,1,,https://course.ntu.edu.tw/courses/114-1/59292
諾貝爾生醫獎得主的啟示,饒梓明,59410,Gipntu7053,459M0530,,,"二 2,3,4",博雅102,3 類,,3,,https://course.ntu.edu.tw/courses/114-1/59410
生活中的科技原理,饒梓明,32910,Gipntu7054,459M0540,,,"四 6,7,8",博雅302,3 類,,3,,https://course.ntu.edu.tw/courses/114-1/32910
生物科技與道德反思,饒梓明,22154,Gipntu7055,459M0550,,,"三 6,7,8",博雅302,3 類,,3,,https://course.ntu.edu.tw/courses/114-1/22154
華人家族企業,陳立宗,34643,GMBA5022,749U0110,選修,,,,2 類,,1,,https://course.ntu.edu.tw/courses/114-1/34643
可行性商業模式撰寫與新創實踐,謝源弘,29652,GMBA5030,749U0230,選修,,"一 7,8,9",管二103,2 類,,3,,https://course.ntu.edu.tw/courses/114-1/29652
商業溝通,堯里昂,11648,GMBA5031,749U0240,選修,,"四 7,8,9",管一402,2 類,,3,,https://course.ntu.edu.tw/courses/114-1/11648
行銷管理學,簡睿哲,30644,GMBA7003,749M0130,必修,,"三 A,B,C",玉山廳,2 類,,3,,https://course.ntu.edu.tw/courses/114-1/30644
組織行為,堯里昂,38598,GMBA7005,749M0150,必修,,"二 A,B,C",重光講堂,2 類,,3,,https://course.ntu.edu.tw/courses/114-1/38598
系統思考與學習型組織,薛喬仁,13903,GMBA7072,749M0940,選修,,"六 2,3,4,5",,2 類,,1,,https://course.ntu.edu.tw/courses/114-1/13903
服務與營運管理,陳家麟,44775,GMBA7094,749M1160,必修,,"一 A,B,C",管一102,2 類,,3,,https://course.ntu.edu.tw/courses/114-1/44775
資訊管理,曹承礎,53570,GMBA7097,749M1190,選修,,"三 7,8,9",管二102,2 類,,3,,https://course.ntu.edu.tw/courses/114-1/53570
統計及資料分析,余峻瑜,10019,GMBA7098,749M1200,必修,,"五 A,B,C",玉山廳,2 類,,3,,https://course.ntu.edu.tw/courses/114-1/10019
財務報導,陳坤志,18750,GMBA7099,749M1210,必修,,"四 A,B,C",管一102,2 類,,3,,https://course.ntu.edu.tw/courses/114-1/18750
適能領導,連家瑩,24006,GMBA7119,749M1380,選修,,,,2 類,,2,,https://course.ntu.edu.tw/courses/114-1/24006
自我教練的領導力實踐,陳彥豪,39725,GMBA7147,749M1660,選修,,,,2 類,,2,,https://course.ntu.edu.tw/courses/114-1/39725
養成產業全球視野未來領袖,何春盛,55732,GMBA7148,749M1670,選修,,"六 6,7,8,9,10",,2 類,,1,,https://course.ntu.edu.tw/courses/114-1/55732
快銷品管理與實務,陳淑芬,20627,GMBA7151,749M1700,選修,,"二 2,3,4",管一402,2 類,,3,,https://course.ntu.edu.tw/courses/114-1/20627
亞洲商務諮詢二,謝源弘,19973,GMBA7153,749M1720,選修,,"六 2,3,4,5",,2 類,,3,,https://course.ntu.edu.tw/courses/114-1/19973
碩士論文,,46383,GMBA7999,749M0010,必修,,,,1 類,,0,,https://course.ntu.edu.tw/courses/114-1/46383
電影字幕翻譯,李佳純,39353,GPTI5015,147U0150,選修,,"五 7,8,9",博雅306,2 類,,3,,https://course.ntu.edu.tw/courses/114-1/39353
本地化翻譯入門,陳仕芸,16728,GPTI5017,147U0170,選修,,"四 5,6",樂學館304,2 類,,2,,https://course.ntu.edu.tw/courses/114-1/16728
商務口譯,吳茵茵,46413,GPTI5024,147U0240,選修,,"五 6,7,8",博雅203,2 類,,3,,https://course.ntu.edu.tw/courses/114-1/46413
臺灣文學英譯工作坊,陳榮彬,34396,GPTI5041,147U0410,選修,,"二 3,4",博雅406,2 類,,2,,https://course.ntu.edu.tw/courses/114-1/34396
碩士論文,,43785,GPTI7001,147M0010,必修,,,,1 類,,0,,https://course.ntu.edu.tw/courses/114-1/43785
專題研究,吳茵茵,45241,GPTI7005,147M0050,必修,,,,2 類,,1,,https://course.ntu.edu.tw/courses/114-1/45241
專題研究,孔思文,41372,GPTI7005,147M0050,必修,,,,2 類,,1,,https://course.ntu.edu.tw/courses/114-1/41372
專題研究,范家銘,42996,GPTI7005,147M0050,必修,,,,2 類,,1,,https://course.ntu.edu.tw/courses/114-1/42996
專題研究,孔思文,10813,GPTI7005,147M0050,必修,,,,2 類,,1,,https://course.ntu.edu.tw/courses/114-1/10813
專題研究,吳茵茵,53388,GPTI7005,147M0050,必修,,,,2 類,,1,,https://course.ntu.edu.tw/courses/114-1/53388
專題研究,陳榮彬,24561,GPTI7005,147M0050,必修,,,,2 類,,1,,https://course.ntu.edu.tw/courses/114-1/24561
專題研究,孔思文,23189,GPTI7005,147M0050,必修,,,,2 類,,1,,https://course.ntu.edu.tw/courses/114-1/23189
當代翻譯議題,范家銘,27047,GPTI7007,147M0070,必修,,"三 2,3,4",綜201,2 類,,3,,https://course.ntu.edu.tw/courses/114-1/27047
口筆譯與言談分析,吳茵茵,29272,GPTI7008,147M0080,必修,,"二 7,8,9",博雅305,2 類,,3,,https://course.ntu.edu.tw/courses/114-1/29272
英譯中,馬耀民,50227,GPTI7101,147M1010,必修,,"一 7,8,9",博雅203,2 類,,3,,https://course.ntu.edu.tw/courses/114-1/50227
中譯英,孔思文,41169,GPTI7102,147M1020,必修,,"四 3,4,5",博雅307,2 類,,3,,https://course.ntu.edu.tw/courses/114-1/41169
專業翻譯實習(一),陳榮彬,11114,GPTI7105,147M1050,必修,,,,2 類,,1,,https://course.ntu.edu.tw/courses/114-1/11114
專業翻譯實習(一),孔思文,28361,GPTI7105,147M1050,必修,,,,2 類,,1,,https://course.ntu.edu.tw/courses/114-1/28361
專業翻譯實習(二),陳榮彬,10806,GPTI7106,147M1060,必修,,,,2 類,,1,,https://course.ntu.edu.tw/courses/114-1/10806
專業翻譯實習(二),孔思文,40338,GPTI7106,147M1060,必修,,,,2 類,,1,,https://course.ntu.edu.tw/courses/114-1/40338
專業翻譯實習(三),陳榮彬,25589,GPTI7107,147M1070,必修,,,,2 類,,1,,https://course.ntu.edu.tw/courses/114-1/25589
逐步口譯入門,吳敏嘉,15748,GPTI7201,147M2010,必修,,"四 7,8,9",外教305,2 類,,2,,https://course.ntu.edu.tw/courses/114-1/15748
口譯實務工作坊(一),范家銘,51540,GPTI7217,147M2170,必修,,"一 2,3,4",樂學館304,2 類,,1,,https://course.ntu.edu.tw/courses/114-1/51540
口譯實務工作坊(二),范家銘,24213,GPTI7218,147M2180,必修,,"三 6,7,8",樂學館304,2 類,,2,,https://course.ntu.edu.tw/courses/114-1/24213
翻譯福爾摩沙：臺灣史英文文本翻譯專題,陳榮彬,52874,GPTI7319,147M3190,選修,,"五 6,7,8",博雅305,2 類,,3,,https://course.ntu.edu.tw/courses/114-1/52874
學術中文,徐振峰,46686,GPTI7413,147M4130,選修,,"三 8,9,10",綜606,2 類,,3,,https://course.ntu.edu.tw/courses/114-1/46686
筆譯實習(一),陳榮彬,56553,GPTI7415,147M4150,選修,,,,2 類,,1,,https://course.ntu.edu.tw/courses/114-1/56553
筆譯實習(一),孔思文,34400,GPTI7415,147M4150,選修,,,,2 類,,1,,https://course.ntu.edu.tw/courses/114-1/34400
口譯研究工作坊,劉敏華,22661,GPTI7420,147M4200,選修,,"五 2,3,4",,2 類,,1,,https://course.ntu.edu.tw/courses/114-1/22661
翻譯科技：電腦輔助翻譯工具,陳仕芸,31895,GPTI7501,147M5010,選修,,"四 7,8",樂學館304,2 類,,2,,https://course.ntu.edu.tw/courses/114-1/31895
Python 計算機程式設計,阮俊興,17174,GUPS1001,H0610010,必帶,,"二 7,8,9",共101,2 類,,3,,https://course.ntu.edu.tw/courses/114-1/17174
電子學一,秦逸群,33190,GUPS2001,H0620010,必帶,,"四 7,8 / 五 7,8",綜607,2 類,,4,,https://course.ntu.edu.tw/courses/114-1/33190
電磁學,林晃巖,40081,GUPS2002,H0620020,必帶,,"三 6,7,8",綜605,2 類,,3,,https://course.ntu.edu.tw/courses/114-1/40081
電子學實驗,秦逸群,16346,GUPS2003,H0620030,必帶,,,,2 類,,2,,https://course.ntu.edu.tw/courses/114-1/16346
交換電路與邏輯設計,林以凡,27915,GUPS2004,H0620040,必帶,,"四 3,4,5",綜401,2 類,,3,,https://course.ntu.edu.tw/courses/114-1/27915
健康心理學,張書森,54799,HBCS5001,850U0010,選修,,"三 3,4",公衛212,1 類,,2,,https://course.ntu.edu.tw/courses/114-1/54799
公共衛生與傳播,張耀懋,45840,HBCS5002,850U0020,選修,,,,2 類,,1,,https://course.ntu.edu.tw/courses/114-1/45840
社會、文化與健康傳播,黃柏堯,32367,HBCS5008,850U0080,選修,,"四 3,4",公衛208,1 類,,2,,https://course.ntu.edu.tw/courses/114-1/32367
社會與行為科學研究法,張齡尹,14143,HBCS7001,850M0020,必修,,"四 6,7,8",公衛208,1 類,,3,,https://course.ntu.edu.tw/courses/114-1/14143
健康行為與社區科學專題討論二,張書森,27962,HBCS7003,850M0040,必修,,"三 8,9",公衛601B,1 類,,1,,https://course.ntu.edu.tw/courses/114-1/27962
健康行為與社區科學專題研究,陳端容,18204,HBCS7005,850M0060,選修,,,,1 類,,2,,https://course.ntu.edu.tw/courses/114-1/18204
健康行為與社區科學專題研究,張齡尹,16954,HBCS7005,850M0060,選修,,,,1 類,,2,,https://course.ntu.edu.tw/courses/114-1/16954
健康行為與社區科學專題研究,官晨怡,53383,HBCS7005,850M0060,選修,,,,1 類,,2,,https://course.ntu.edu.tw/courses/114-1/53383
健康行為與社區科學專題研究,黃柏堯,12705,HBCS7005,850M0060,選修,,,,1 類,,2,,https://course.ntu.edu.tw/courses/114-1/12705
健康社會科學,翁書偉,31771,HBCS7009,850M0100,必修 / 選修,,"一 6,7",公衛211,1 類,,2,,https://course.ntu.edu.tw/courses/114-1/31771
健康促進原理,張齡尹,37346,HBCS7012,850M0130,選修,,"二 3,4",公衛212,1 類,,2,,https://course.ntu.edu.tw/courses/114-1/37346
社區健康與空間分析,陳端容,54083,HBCS7015,850M0160,選修,,"五 3,4",公衛208,1 類,,2,,https://course.ntu.edu.tw/courses/114-1/54083
健康行為與社區實務實習,張齡尹,23453,HBCS7020,850M0210,選修,,,,2 類,,2,,https://course.ntu.edu.tw/courses/114-1/23453
健康行為與社區實務實習,林煜軒,27672,HBCS7020,850M0210,選修,,,,2 類,,2,,https://course.ntu.edu.tw/courses/114-1/27672
心理學與溝通：健康及行為科學之應用,傅美蓁,48233,HBCS7035,850M0360,選修,,,,2 類,,2,,https://course.ntu.edu.tw/courses/114-1/48233
社會行為科學量性資料分析實務,郭俊東,11403,HBCS7036,850M0370,選修,,,,2 類,,1,,https://course.ntu.edu.tw/courses/114-1/11403
碩士論文,,17314,HBCS7999,850M0010,選修,,,,1 類,,0,,https://course.ntu.edu.tw/courses/114-1/17314
流行病學與生物統計計算,林菀俞,48595,HDAS5003,855U0030,選修,,"二 6,7",公衛201,2 類,,2,,https://course.ntu.edu.tw/courses/114-1/48595
碩士論文,,18668,HDAS7001,855M0010,必修,,,,1 類,,0,,https://course.ntu.edu.tw/courses/114-1/18668
健康數據拓析統計專題討論 M1,馮嬿臻,11489,HDAS7002,855M0020,必修,,"三 3,4",公衛211,3 類,,1,,https://course.ntu.edu.tw/courses/114-1/11489
應用生物統計學,洪  弘,39242,HDAS7007,855M0070,必修 / 選修,,"四 2,3,4",公衛201,2 類,,3,,https://course.ntu.edu.tw/courses/114-1/39242
廣義線性模型,張淑惠,38442,HDAS7009,855M0090,必修,,"二 2,3,4",公衛105,2 類,,3,,https://course.ntu.edu.tw/courses/114-1/38442
廣義線性模型,杜裕康,51324,HDAS7009,855M0090,必修 / 選修,,"三 6,7,8",公衛201,2 類,,3,,https://course.ntu.edu.tw/courses/114-1/51324
服務學習甲,陳冠妃,32590,Hist0007,103001G0,必帶,,四 6,文16,2 類,,1,,https://course.ntu.edu.tw/courses/114-1/32590
服務學習乙,陳冠妃,11817,Hist0008,103001H0,選修,,,,2 類,,1,,https://course.ntu.edu.tw/courses/114-1/11817
中國史一,甘懷真,45764,Hist1009,10310130,必帶,,"一 7,8,9",普102,2 類,,3,,https://course.ntu.edu.tw/courses/114-1/45764
世界史一,林美香,19029,Hist1013,10310150,必帶 / 必修 / 選修,,"三 3,4,5",普203,2 類,,3,,https://course.ntu.edu.tw/courses/114-1/19029
臺灣史一,周婉窈,22470,Hist1015,10310170,必帶 / 選修,,"二 7,8,9",普103,2 類,,3,,https://course.ntu.edu.tw/courses/114-1/22470
海峽兩岸關係史一,李君山,56340,Hist1536,10351140,,,"二 6,7",博雅101/華南講堂,2 類,,2,,https://course.ntu.edu.tw/courses/114-1/56340
海峽兩岸關係史一,李君山,14622,Hist1536,10351140,,,"五 3,4",普203,2 類,,2,,https://course.ntu.edu.tw/courses/114-1/14622
臺灣歷史與文化,呂紹理,12469,Hist1594,10352280,,,"二 3,4",博雅101/華南講堂,2 類,,2,,https://course.ntu.edu.tw/courses/114-1/12469
戰後臺灣民主運動史,陳翠蓮,40513,Hist1595,10352290,,,"二 7,8,9",博雅202,2 類,,3,,https://course.ntu.edu.tw/courses/114-1/40513
東亞現代史,羅士傑,14555,Hist1600,10352470,,,"三 6,7,8",博雅102,2 類,,3,,https://course.ntu.edu.tw/courses/114-1/14555
東亞文化交流史,郭珮君,22634,Hist1626,10353270,,,"四 3,4,5",博雅302,3 類,,3,,https://course.ntu.edu.tw/courses/114-1/22634
臺北城市記憶,顏杏如,27195,Hist1631,10353320,,,"五 7,8,9",博雅301,2 類,,3,,https://course.ntu.edu.tw/courses/114-1/27195
中國古代的社會與生活,張嘉鳳,16960,Hist2096,10351360,,,"五 7,8",新201,2 類,,2,,https://course.ntu.edu.tw/courses/114-1/16960
中國物質文化史,許雅惠,56853,Hist2127,10310530,,,"三 7,8,9",普304,2 類,,3,,https://course.ntu.edu.tw/courses/114-1/56853
日本近代史,曾寶滿,37390,Hist2139,10310650,必修 / 選修,,"三 6,7,8",普406,2 類,,3,,https://course.ntu.edu.tw/courses/114-1/37390
清代臺灣開發史,李文良,39028,Hist2153,10310780,必修 / 選修,,"二 3,4",普301,3 類,,2,,https://course.ntu.edu.tw/courses/114-1/39028
義大利文藝復興藝術史一,花亦芬,59226,Hist2156,10325810,選修,,"二 6,7",博雅311,2 類,,2,,https://course.ntu.edu.tw/courses/114-1/59226
中國現代史,韓承樺,38579,Hist2175,10310830,必修 / 選修,,"三 3,4,5",普301,2 類,,3,,https://course.ntu.edu.tw/courses/114-1/38579
臺灣史檔案解讀,吳俊瑩,19039,Hist2236,10353340,必修 / 選修,,"四 2,3,4",普304,2 類,,3,,https://course.ntu.edu.tw/courses/114-1/19039
歐美當代史學史,秦曼儀,32860,Hist3089,10351050,選修,,"三 8,9",博雅307,2 類,,2,,https://course.ntu.edu.tw/courses/114-1/32860
清代臺灣的移民開發與社會,李文良,34837,Hist3092,10351400,,,"三 3,4",博雅102,3 類,,2,,https://course.ntu.edu.tw/courses/114-1/34837
歷史研究與寫作,陳冠妃,28364,Hist3100,10310360,必帶,,"二 6,7,8",普401,2 類,,3,,https://course.ntu.edu.tw/courses/114-1/28364
歷史研究與寫作,曾寶滿,16473,Hist3100,10310360,必帶,,"二 6,7,8",普503,2 類,,3,,https://course.ntu.edu.tw/courses/114-1/16473
現代中國與世界：1842-1911,王遠義,17453,Hist3108,10352230,,,"二 8,9,10",博雅101/華南講堂,2 類,,3,,https://course.ntu.edu.tw/courses/114-1/17453
中國古代的科學、技術與醫療,張嘉鳳,33761,Hist3121,10352550,選修,,"五 3,4",文19,2 類,,2,,https://course.ntu.edu.tw/courses/114-1/33761
近代德國史,花亦芬,14841,Hist3147,10327500,選修,,"一 6,7,8",博雅311,2 類,,3,,https://course.ntu.edu.tw/courses/114-1/14841
臺灣近代史,歐素瑛,24289,Hist4037,10351750,,,"三 6,7",博雅202,2 類,,2,,https://course.ntu.edu.tw/courses/114-1/24289
專題討論一,呂紹理,40429,Hist4991,10300510,選修,,,,2 類,,1,,https://course.ntu.edu.tw/courses/114-1/40429
專題討論一,張嘉鳳,24474,Hist4991,10300510,選修,,,,2 類,,1,,https://course.ntu.edu.tw/courses/114-1/24474
專題討論一,許雅惠,18367,Hist4991,10300510,選修,,,,2 類,,1,,https://course.ntu.edu.tw/courses/114-1/18367
專題討論一,林美香,13506,Hist4991,10300510,選修,,,,2 類,,1,,https://course.ntu.edu.tw/courses/114-1/13506
專題討論一,顏杏如,58504,Hist4991,10300510,選修,,,,2 類,,1,,https://course.ntu.edu.tw/courses/114-1/58504
專題討論一,傅  揚,40410,Hist4991,10300510,選修,,,,2 類,,1,,https://course.ntu.edu.tw/courses/114-1/40410
專題討論一,韓承樺,49713,Hist4991,10300510,選修,,,,2 類,,1,,https://course.ntu.edu.tw/courses/114-1/49713
學士論文,,57337,Hist4997,10300500,選修,,,,1 類,,4,,https://course.ntu.edu.tw/courses/114-1/57337
商文明與其周邊,黃銘崇,34256,Hist5097,123U9130,選修,,"五 6,7,8",博雅205,2 類,,3,,https://course.ntu.edu.tw/courses/114-1/34256
中國環境史,長谷川正人,44300,Hist5125,123U9410,選修,,"四 3,4,5",博雅305,2 類,,3,,https://course.ntu.edu.tw/courses/114-1/44300
物質文化與歷史,歐陽文津,23429,Hist5369,123U9750,選修,,"四 6,7,8 / 五 6,7,8",綜202,2 類,,1,,https://course.ntu.edu.tw/courses/114-1/23429
十九世紀藝術一,劉巧楣,45990,Hist5417,123U9580,選修,,"五 2,3,4",博雅303,2 類,,3,,https://course.ntu.edu.tw/courses/114-1/45990
臺灣法律社會史,吳俊瑩,15814,Hist5428,123U9690,選修,,"二 6,7,8",綜601,2 類,,3,,https://course.ntu.edu.tw/courses/114-1/15814
文史、藝術與策展,劉巧楣,10432,Hist5431,123U9720,必修 / 選修,,"三 3,4,5",博雅312,2 類,,3,,https://course.ntu.edu.tw/courses/114-1/10432
資治通鑑選讀,宋家復,54648,Hist5432,123U9760,選修,,"三 2,3,4",文17,2 類,,3,,https://course.ntu.edu.tw/courses/114-1/54648
全球史中的近代中國,長谷川正人,10328,Hist5433,123U9730,選修,,"五 3,4,5",博雅310,2 類,,3,,https://course.ntu.edu.tw/courses/114-1/10328
美中關係史,莫捷明,10528,Hist5434,123U9740,選修,,"一 3,4,5",綜302,2 類,,3,,https://course.ntu.edu.tw/courses/114-1/10528
專題研究,陳慧宏,56407,Hist7001,123M0040,選修,,,,2 類,,1,,https://course.ntu.edu.tw/courses/114-1/56407
專題研究,陳慧宏,55695,Hist7001,123M0040,選修,,,,2 類,,1,,https://course.ntu.edu.tw/courses/114-1/55695
專題研究,陳翠蓮,14837,Hist7001,123M0040,選修,,,,2 類,,1,,https://course.ntu.edu.tw/courses/114-1/14837
專題研究,陳翠蓮,12174,Hist7001,123M0040,選修,,,,2 類,,1,,https://course.ntu.edu.tw/courses/114-1/12174
專題研究,張嘉鳳,10185,Hist7001,123M0040,選修,,,,2 類,,1,,https://course.ntu.edu.tw/courses/114-1/10185
專題研究,張嘉鳳,40506,Hist7001,123M0040,選修,,,,2 類,,1,,https://course.ntu.edu.tw/courses/114-1/40506
專題研究,方震華,16910,Hist7001,123M0040,選修,,,,2 類,,1,,https://course.ntu.edu.tw/courses/114-1/16910
專題研究,方震華,25587,Hist7001,123M0040,選修,,,,2 類,,1,,https://course.ntu.edu.tw/courses/114-1/25587
專題研究,衣若蘭,54581,Hist7001,123M0040,選修,,,,2 類,,1,,https://course.ntu.edu.tw/courses/114-1/54581
專題研究,衣若蘭,27674,Hist7001,123M0040,選修,,,,2 類,,1,,https://course.ntu.edu.tw/courses/114-1/27674
專題研究,劉巧楣,59379,Hist7001,123M0040,選修,,,,2 類,,1,,https://course.ntu.edu.tw/courses/114-1/59379
專題研究,王遠義,44272,Hist7001,123M0040,選修,,,,2 類,,1,,https://course.ntu.edu.tw/courses/114-1/44272
專題研究,許雅惠,45768,Hist7001,123M0040,選修,,,,2 類,,1,,https://course.ntu.edu.tw/courses/114-1/45768
專題研究,許雅惠,18585,Hist7001,123M0040,選修,,,,2 類,,1,,https://course.ntu.edu.tw/courses/114-1/18585
專題研究,林美香,40555,Hist7001,123M0040,選修,,,,2 類,,1,,https://course.ntu.edu.tw/courses/114-1/40555
專題研究,顏杏如,10384,Hist7001,123M0040,選修,,,,2 類,,1,,https://course.ntu.edu.tw/courses/114-1/10384
專題研究,羅士傑,56739,Hist7001,123M0040,選修,,,,2 類,,1,,https://course.ntu.edu.tw/courses/114-1/56739
專題研究,羅士傑,22202,Hist7001,123M0040,選修,,,,2 類,,1,,https://course.ntu.edu.tw/courses/114-1/22202
專題研究,宋家復,11438,Hist7001,123M0040,選修,,,,2 類,,1,,https://course.ntu.edu.tw/courses/114-1/11438
專題研究,傅  揚,44333,Hist7001,123M0040,選修,,,,2 類,,1,,https://course.ntu.edu.tw/courses/114-1/44333
專題研究,長谷川正人,53141,Hist7001,123M0040,選修,,,,2 類,,1,,https://course.ntu.edu.tw/courses/114-1/53141
專題研究,長谷川正人,18758,Hist7001,123M0040,選修,,,,2 類,,1,,https://course.ntu.edu.tw/courses/114-1/18758
專題研究,陳冠妃,45288,Hist7001,123M0040,選修,,,,2 類,,1,,https://course.ntu.edu.tw/courses/114-1/45288
專題研究,韓承樺,10511,Hist7001,123M0040,選修,,,,2 類,,1,,https://course.ntu.edu.tw/courses/114-1/10511
專題研究,韓承樺,30168,Hist7001,123M0040,選修,,,,2 類,,1,,https://course.ntu.edu.tw/courses/114-1/30168
西方書籍史專題研究,秦曼儀,31385,Hist7151,123M6440,選修,,"三 4,5,6",博雅307,2 類,,3,,https://course.ntu.edu.tw/courses/114-1/31385
日治台灣雜誌史料專題,顏杏如,29013,Hist7165,123M6550,選修,,"三 7,8,9",博雅309,2 類,,3,,https://course.ntu.edu.tw/courses/114-1/29013
近代臺灣之時間社會史,呂紹理,21365,Hist7168,123M6580,選修,,"三 2,3,4",歷史研討室,2 類,,3,,https://course.ntu.edu.tw/courses/114-1/21365
日治時期臺灣政治史專題,陳翠蓮,41855,Hist7179,123M6690,選修,,"一 7,8,9",歷史研討室,2 類,,3,,https://course.ntu.edu.tw/courses/114-1/41855
中國思想史專題研究,宋家復,37362,Hist7186,123M6740,選修,,"五 2,3,4",歷史研討室,2 類,,3,,https://course.ntu.edu.tw/courses/114-1/37362
地方的現代史：方法與史學,羅士傑,28008,Hist7222,123M7310,選修,,"四 3,4,5",博雅309,2 類,,3,,https://course.ntu.edu.tw/courses/114-1/28008
明清家庭史研究,衣若蘭,36697,Hist7229,123M7380,必修 / 選修,,"五 3,4",博雅304,2 類,,2,,https://course.ntu.edu.tw/courses/114-1/36697
西方現代性危機與中國一,王遠義,56344,Hist7234,123M7430,選修,,"一 8,9,10",博雅309,2 類,,3,,https://course.ntu.edu.tw/courses/114-1/56344
基督宗教與世界史專題,陳慧宏,52440,Hist7238,123M7470,選修,,"二 7,8,9",歷史研討室,2 類,,3,,https://course.ntu.edu.tw/courses/114-1/52440
數位人文與歷史研究,許雅惠,15243,Hist7249,123M7580,選修,,"二 7,8,9",博雅204,2 類,,3,,https://course.ntu.edu.tw/courses/114-1/15243
英文史學名著選讀,宋家復,44157,Hist7253,123M0060,選修,,"四 2,3,4",歷史研討室,2 類,,3,,https://course.ntu.edu.tw/courses/114-1/44157
漢晉文化史專題,傅  揚,59954,Hist7257,123M7640,選修,,"三 2,3,4",博雅309,2 類,,3,,https://course.ntu.edu.tw/courses/114-1/59954
日本古代交流史專題,郭珮君,15292,Hist7258,123M7650,選修,,"二 2,3,4",博雅311,2 類,,3,,https://course.ntu.edu.tw/courses/114-1/15292
研究實習與討論,方震華,36873,Hist7300,123M0050,必修,,"三 2,3,4",博雅306,2 類,,3,,https://course.ntu.edu.tw/courses/114-1/36873
碩士論文,,36571,Hist7999,123M0010,必修,,,,1 類,,0,,https://course.ntu.edu.tw/courses/114-1/36571
專題研究,陳慧宏,26164,Hist8007,123D0040,選修,,,,2 類,,1,,https://course.ntu.edu.tw/courses/114-1/26164
專題研究,甘懷真,10776,Hist8007,123D0040,選修,,,,2 類,,1,,https://course.ntu.edu.tw/courses/114-1/10776
專題研究,陳弱水,20441,Hist8007,123D0040,選修,,,,2 類,,1,,https://course.ntu.edu.tw/courses/114-1/20441
專題研究,李文良,10845,Hist8007,123D0040,選修,,,,2 類,,1,,https://course.ntu.edu.tw/courses/114-1/10845
專題研究,呂紹理,27320,Hist8007,123D0040,選修,,,,2 類,,1,,https://course.ntu.edu.tw/courses/114-1/27320
專題研究,陳翠蓮,22604,Hist8007,123D0040,選修,,,,2 類,,1,,https://course.ntu.edu.tw/courses/114-1/22604
專題研究,張嘉鳳,16924,Hist8007,123D0040,選修,,,,2 類,,1,,https://course.ntu.edu.tw/courses/114-1/16924
專題研究,方震華,22455,Hist8007,123D0040,選修,,,,2 類,,1,,https://course.ntu.edu.tw/courses/114-1/22455
專題研究,衣若蘭,28671,Hist8007,123D0040,選修,,,,2 類,,1,,https://course.ntu.edu.tw/courses/114-1/28671
專題研究,王遠義,25722,Hist8007,123D0040,選修,,,,2 類,,1,,https://course.ntu.edu.tw/courses/114-1/25722
專題研究,秦曼儀,48368,Hist8007,123D0040,選修,,,,2 類,,1,,https://course.ntu.edu.tw/courses/114-1/48368
專題研究,羅士傑,33334,Hist8007,123D0040,選修,,,,2 類,,1,,https://course.ntu.edu.tw/courses/114-1/33334
專題研究,傅  揚,20666,Hist8007,123D0040,選修,,,,2 類,,1,,https://course.ntu.edu.tw/courses/114-1/20666
華人宗教史西文名著選讀,康  豹,44150,Hist8027,123D1800,選修,,"二 7,8,9",博雅306,2 類,,3,,https://course.ntu.edu.tw/courses/114-1/44150
研究與討論,陳弱水,36108,Hist8038,123D0050,選修,,"二 3,4,5",歷史研討室,2 類,,3,,https://course.ntu.edu.tw/courses/114-1/36108
博士論文,,12284,Hist8999,123D0010,必修,,,,1 類,,0,,https://course.ntu.edu.tw/courses/114-1/12284
服務學習甲,許富鈞,53201,HORT0005,608001G0,必修,,,,2 類,,1,,https://course.ntu.edu.tw/courses/114-1/53201
服務學習乙,張耀乾,55982,HORT0007,608001H0,必修,,,,1 類,,1,,https://course.ntu.edu.tw/courses/114-1/55982
基本設計及實習,張伯茹,41967,HORT2010,60836300,必修,,"四 2,3,4,5",造園館R107,1 類,,2,,https://course.ntu.edu.tw/courses/114-1/41967
景觀描繪及實習,張伯茹,28300,HORT2011,60837700,必修,,"四 7,8,9,10",造園館R107,2 類,,2,,https://course.ntu.edu.tw/courses/114-1/28300
蔬菜學,林淑怡,19971,HORT2014,60828110,必帶 / 必修,,"二 3,4",園藝R106,2 類,,2,,https://course.ntu.edu.tw/courses/114-1/19971
蔬菜學實習,林淑怡,41294,HORT2015,60828120,必修,,"二 7,8,9",園藝R204,2 類,,1,,https://course.ntu.edu.tw/courses/114-1/41294
花卉學,張育森,17942,HORT2016,60828130,必帶 / 必修,,"三 3,4",花卉F-B1,2 類,,2,,https://course.ntu.edu.tw/courses/114-1/17942
遺傳學,楊雯如,34160,HORT3001,60820000,必修,,"四 2,3,4",園藝R204,1 類,,3,,https://course.ntu.edu.tw/courses/114-1/34160
植物繁殖,許富鈞,35897,HORT3002,60827100,必修 / 選修,,"二 3,4",園藝R205,2 類,,2,,https://course.ntu.edu.tw/courses/114-1/35897
植物繁殖實習,許富鈞,44398,HORT3003,60827200,必修,,"五 2,3,4",園藝R205,2 類,,1,,https://course.ntu.edu.tw/courses/114-1/44398
園產品處理學,吳俊達,38231,HORT3011,60834200,必帶,,"三 3,4",園藝R106,2 類,,2,,https://course.ntu.edu.tw/courses/114-1/38231
園產品處理學實習,吳俊達,28342,HORT3012,60834300,必修,,"二 7,8,9",園藝R106,2 類,,1,,https://course.ntu.edu.tw/courses/114-1/28342
景觀工程學及實習一,林寶秀,11806,HORT3015,60837800,必修,,"五 2,3,4",造園館R101,1 類,,3,,https://course.ntu.edu.tw/courses/114-1/11806
遺傳學實驗,楊雯如,29833,HORT3018,60838200,必修,,"一 7,8,9",,2 類,,1,,https://course.ntu.edu.tw/courses/114-1/29833
景觀設計及實習二,鄭佳昆,23622,HORT3027,60831140,必修,,"四 1,2,3,4,5,6",造園館R102,2 類,,4,,https://course.ntu.edu.tw/courses/114-1/23622
學士專題研究一,葉德銘,30010,HORT3031,60831190,必修,,,,2 類,,1,,https://course.ntu.edu.tw/courses/114-1/30010
學士專題研究一,張耀乾,18879,HORT3031,60831190,必修,,,,2 類,,1,,https://course.ntu.edu.tw/courses/114-1/18879
學士專題研究一,陳惠美,11831,HORT3031,60831190,必修,,,,2 類,,1,,https://course.ntu.edu.tw/courses/114-1/11831
學士專題研究一,李國譚,45765,HORT3031,60831190,必修,,,,2 類,,1,,https://course.ntu.edu.tw/courses/114-1/45765
學士專題研究一,林寶秀,33093,HORT3031,60831190,必修,,,,2 類,,1,,https://course.ntu.edu.tw/courses/114-1/33093
學士專題研究一,吳俊達,33922,HORT3031,60831190,選修,,,,2 類,,1,,https://course.ntu.edu.tw/courses/114-1/33922
學士專題研究一,鄭佳昆,33876,HORT3031,60831190,必修,,,,2 類,,1,,https://course.ntu.edu.tw/courses/114-1/33876
學士專題研究一,林書妍,36514,HORT3031,60831190,必修,,,,2 類,,1,,https://course.ntu.edu.tw/courses/114-1/36514
學士專題研究一,官彥州,48132,HORT3031,60831190,選修,,,,2 類,,1,,https://course.ntu.edu.tw/courses/114-1/48132
學士專題實作一,張育森,12570,HORT3033,60831210,必修,,,,2 類,,1,,https://course.ntu.edu.tw/courses/114-1/12570
學士專題實作一,杜宜殷,19976,HORT3033,60831210,必修,,,,2 類,,1,,https://course.ntu.edu.tw/courses/114-1/19976
學士專題實作一,李國譚,25426,HORT3033,60831210,必修,,,,2 類,,1,,https://course.ntu.edu.tw/courses/114-1/25426
學士專題實作一,吳思節,42411,HORT3033,60831210,選修,,,,2 類,,1,,https://course.ntu.edu.tw/courses/114-1/42411
學士專題實作一,林淑怡,47995,HORT3033,60831210,必修,,,,2 類,,1,,https://course.ntu.edu.tw/courses/114-1/47995
學士專題實作一,許富鈞,10703,HORT3033,60831210,必修,,,,2 類,,1,,https://course.ntu.edu.tw/courses/114-1/10703
畢業設計一,張俊彥,46266,HORT4007,60849401,必修,,,,1 類,,1,,https://course.ntu.edu.tw/courses/114-1/46266
畢業設計一,陳惠美,34316,HORT4007,60849401,必修,,,,1 類,,1,,https://course.ntu.edu.tw/courses/114-1/34316
畢業設計一,鄭佳昆,24383,HORT4007,60849401,必修,,,,1 類,,1,,https://course.ntu.edu.tw/courses/114-1/24383
畢業設計一,林寶秀,35251,HORT4007,60849401,必修,,,,1 類,,1,,https://course.ntu.edu.tw/courses/114-1/35251
畢業設計一,張伯茹,31593,HORT4007,60849401,必修,,,,1 類,,1,,https://course.ntu.edu.tw/courses/114-1/31593
專業實習一,張耀乾,14382,HORT4013,60847800,選修,,,,2 類,,2,,https://course.ntu.edu.tw/courses/114-1/14382
專業實習一,杜宜殷,21577,HORT4013,60847800,選修,,,,2 類,,2,,https://course.ntu.edu.tw/courses/114-1/21577
專業實習一,林寶秀,42642,HORT4013,60847800,選修,,,,2 類,,2,,https://course.ntu.edu.tw/courses/114-1/42642
專業實習一,許富鈞,34783,HORT4013,60847800,選修,,,,2 類,,2,,https://course.ntu.edu.tw/courses/114-1/34783
景觀規劃與實習,林寶秀,57432,HORT4015,60841130,必修,,"二 5,6,7,8,9",,2 類,,4,,https://course.ntu.edu.tw/courses/114-1/57432
園產品採收後生理學,官彥州,22430,HORT5004,628U0880,必修 / 選修,,"一 2,3,4",園藝R106,1 類,,3,,https://course.ntu.edu.tw/courses/114-1/22430
園產品採收後生理實驗,官彥州,27917,HORT5018,628U1280,必修 / 選修,,"三 2,3,4",,2 類,,1,,https://course.ntu.edu.tw/courses/114-1/27917
植物基因轉殖,杜宜殷,30259,HORT5024,628U1560,選修,,"五 7,8,9",轉溫101,1 類,,3,,https://course.ntu.edu.tw/courses/114-1/30259
香藥植物之栽培與利用,張育森,40088,HORT5029,628U1610,選修,,"四 2,3,4",花卉F-B1,2 類,,3,,https://course.ntu.edu.tw/courses/114-1/40088
園產品分析與實習一,許  輔,11061,HORT5039,628U1730,必修,,"一 6,7,8,9,10",,1 類,,3,,https://course.ntu.edu.tw/courses/114-1/11061
基礎植物分子生物學,杜宜殷,18584,HORT5048,628U1830,必修 / 選修,,"四 7,8,9",轉溫101,1 類,,3,,https://course.ntu.edu.tw/courses/114-1/18584
電腦輔助景觀設計,鄭佳昆,10582,HORT5051,628U1860,選修,,"一 10,A,B",造園館R101,2 類,,3,,https://course.ntu.edu.tw/courses/114-1/10582
電腦輔助景觀模擬與表現法,鄭佳昆,50427,HORT5057,628U1920,選修,,"四 A,B,C",造園館R101,1 類,,3,,https://course.ntu.edu.tw/courses/114-1/50427
茶葉製造,林書妍,15915,HORT5080,628U0760,選修,,"一 3,4,5",園藝R204,2 類,,3,,https://course.ntu.edu.tw/courses/114-1/15915
綠地系統,林寶秀,26904,HORT5085,628U0630,選修,,"四 7,8,9",造園館R102,1 類,,3,,https://course.ntu.edu.tw/courses/114-1/26904
落葉果樹一,李國譚,43212,HORT5096,628U2230,選修,,"一 1 / 三 5,6",園藝R204,2 類,,3,,https://course.ntu.edu.tw/courses/114-1/43212
園藝作物分子生物技術專題研究,杜宜殷,34591,HORT5101,628U3170,選修,,,,2 類,,2,,https://course.ntu.edu.tw/courses/114-1/34591
常綠果樹一,林書妍,51118,HORT5106,628U1300,選修,,"四 6,7,8",園藝R204,2 類,,3,,https://course.ntu.edu.tw/courses/114-1/51118
專題討論一,許富鈞,36447,HORT7001,628M0040,必修,,"三 7,8,9",園藝R204,1 類,,1,,https://course.ntu.edu.tw/courses/114-1/36447
專題討論一,楊雯如,22548,HORT7001,628M0040,必修,,"三 7,8,9",花卉F-B1,1 類,,1,,https://course.ntu.edu.tw/courses/114-1/22548
專題討論一,吳俊達,38887,HORT7001,628M0040,必修,,"三 7,8,9",園藝R106,1 類,,1,,https://course.ntu.edu.tw/courses/114-1/38887
專題討論一,官彥州,53679,HORT7001,628M0040,必修,,"三 7,8,9",園藝R205,1 類,,1,,https://course.ntu.edu.tw/courses/114-1/53679
專題討論二,許富鈞,38128,HORT7002,628M0050,必修,,"三 7,8,9",,1 類,,1,,https://course.ntu.edu.tw/courses/114-1/38128
專題討論二,楊雯如,25030,HORT7002,628M0050,必修,,"三 7,8,9",,1 類,,1,,https://course.ntu.edu.tw/courses/114-1/25030
專題討論二,吳俊達,29880,HORT7002,628M0050,必修,,"三 7,8,9",,1 類,,1,,https://course.ntu.edu.tw/courses/114-1/29880
專題討論二,官彥州,43734,HORT7002,628M0050,必修,,"三 7,8,9",,1 類,,1,,https://course.ntu.edu.tw/courses/114-1/43734
專題討論二,許  輔,36005,HORT7002,628M0050,必修,,"三 7,8,9",,1 類,,1,,https://course.ntu.edu.tw/courses/114-1/36005
專題討論二,鄭佳昆,58184,HORT7002,628M0050,必修,,"三 7,8,9",,1 類,,1,,https://course.ntu.edu.tw/courses/114-1/58184
高級園產品加工學,吳思節,39969,HORT7008,628M1510,必修,,"三 2,3,4",加工館B1,1 類,,3,,https://course.ntu.edu.tw/courses/114-1/39969
高級植物生理學,吳俊達,56484,HORT7011,628M1720,必修,,"四 2,3,4",園藝R106,2 類,,3,,https://course.ntu.edu.tw/courses/114-1/56484
專題研究一,張育森,49367,HORT7013,628M1840,必修,,,,1 類,,1,,https://course.ntu.edu.tw/courses/114-1/49367
專題研究一,葉德銘,23366,HORT7013,628M1840,必修,,,,1 類,,1,,https://course.ntu.edu.tw/courses/114-1/23366
專題研究一,張俊彥,41687,HORT7013,628M1840,必修,,,,1 類,,1,,https://course.ntu.edu.tw/courses/114-1/41687
專題研究一,許  輔,28545,HORT7013,628M1840,必修,,,,1 類,,1,,https://course.ntu.edu.tw/courses/114-1/28545
專題研究一,張耀乾,48911,HORT7013,628M1840,必修,,,,1 類,,1,,https://course.ntu.edu.tw/courses/114-1/48911
專題研究一,楊雯如,19482,HORT7013,628M1840,必修,,,,1 類,,1,,https://course.ntu.edu.tw/courses/114-1/19482
專題研究一,杜宜殷,36193,HORT7013,628M1840,必修,,,,1 類,,1,,https://course.ntu.edu.tw/courses/114-1/36193
專題研究一,陳惠美,40924,HORT7013,628M1840,必修,,,,1 類,,1,,https://course.ntu.edu.tw/courses/114-1/40924
專題研究一,李國譚,46264,HORT7013,628M1840,必修,,,,1 類,,1,,https://course.ntu.edu.tw/courses/114-1/46264
專題研究一,林寶秀,32968,HORT7013,628M1840,必修,,,,1 類,,1,,https://course.ntu.edu.tw/courses/114-1/32968
專題研究一,吳思節,22834,HORT7013,628M1840,必修,,,,1 類,,1,,https://course.ntu.edu.tw/courses/114-1/22834
專題研究一,吳俊達,10349,HORT7013,628M1840,必修,,,,1 類,,1,,https://course.ntu.edu.tw/courses/114-1/10349
專題研究一,鄭佳昆,29250,HORT7013,628M1840,必修,,,,1 類,,1,,https://course.ntu.edu.tw/courses/114-1/29250
專題研究一,林淑怡,18256,HORT7013,628M1840,必修,,,,1 類,,1,,https://course.ntu.edu.tw/courses/114-1/18256
專題研究一,許富鈞,55519,HORT7013,628M1840,必修,,,,1 類,,1,,https://course.ntu.edu.tw/courses/114-1/55519
專題研究一,張伯茹,11647,HORT7013,628M1840,必修,,,,1 類,,1,,https://course.ntu.edu.tw/courses/114-1/11647
專題研究一,林書妍,36320,HORT7013,628M1840,必修,,,,1 類,,1,,https://course.ntu.edu.tw/courses/114-1/36320
專題研究一,官彥州,52460,HORT7013,628M1840,必修,,,,1 類,,1,,https://course.ntu.edu.tw/courses/114-1/52460
專題研究三,張育森,24124,HORT7015,628M1860,必修,,,,1 類,,1,,https://course.ntu.edu.tw/courses/114-1/24124
專題研究三,葉德銘,24046,HORT7015,628M1860,必修,,,,1 類,,1,,https://course.ntu.edu.tw/courses/114-1/24046
專題研究三,杜宜殷,36449,HORT7015,628M1860,必修,,,,1 類,,1,,https://course.ntu.edu.tw/courses/114-1/36449
專題研究三,陳惠美,37800,HORT7015,628M1860,必修,,,,1 類,,1,,https://course.ntu.edu.tw/courses/114-1/37800
專題研究三,李國譚,18151,HORT7015,628M1860,必修,,,,1 類,,1,,https://course.ntu.edu.tw/courses/114-1/18151
專題研究三,林寶秀,11593,HORT7015,628M1860,必修,,,,1 類,,1,,https://course.ntu.edu.tw/courses/114-1/11593
專題研究三,吳思節,55041,HORT7015,628M1860,必修,,,,1 類,,1,,https://course.ntu.edu.tw/courses/114-1/55041
專題研究三,吳俊達,51881,HORT7015,628M1860,必修,,,,1 類,,1,,https://course.ntu.edu.tw/courses/114-1/51881
專題研究三,鄭佳昆,47750,HORT7015,628M1860,必修,,,,1 類,,1,,https://course.ntu.edu.tw/courses/114-1/47750
專題研究三,林淑怡,32690,HORT7015,628M1860,必修,,,,1 類,,1,,https://course.ntu.edu.tw/courses/114-1/32690
專題研究三,許富鈞,58553,HORT7015,628M1860,必修,,,,1 類,,1,,https://course.ntu.edu.tw/courses/114-1/58553
專題研究三,張伯茹,41797,HORT7015,628M1860,必修,,,,1 類,,1,,https://course.ntu.edu.tw/courses/114-1/41797
專題研究三,林書妍,38461,HORT7015,628M1860,必修,,,,1 類,,1,,https://course.ntu.edu.tw/courses/114-1/38461
專題研究三,官彥州,15043,HORT7015,628M1860,必修,,,,1 類,,1,,https://course.ntu.edu.tw/courses/114-1/15043
園藝學研究法一,許富鈞,15482,HORT7018,628M1930,必修,,"二 6,7,8,9,10",園藝R205,2 類,,3,,https://course.ntu.edu.tw/courses/114-1/15482
高級景觀規劃及實習,鄭佳昆,15430,HORT7020,628M1960,必修,,"二 2,3,4,5,6,7,8,9",造園館R102,1 類,,4,,https://course.ntu.edu.tw/courses/114-1/15430
景觀研究方法,林寶秀,23992,HORT7021,628M1970,必修,,"三 2,3,4",造園館R102,1 類,,3,,https://course.ntu.edu.tw/courses/114-1/23992
高級造園設計及實習,張俊彥,44141,HORT7022,628M1980,必修,,"五 2,3,4,5,6,7,8,9,10",造園館R107,2 類,,4,,https://course.ntu.edu.tw/courses/114-1/44141
園藝學研究法四,杜宜殷,54655,HORT7025,628M2050,必修,,"二 10,A,B,C,D",,2 類,,3,,https://course.ntu.edu.tw/courses/114-1/54655
園產品鑑別技術特論一,曾文聖,47614,HORT7027,628M2130,選修,,"五 10,A,B",加工館B1,2 類,,3,,https://course.ntu.edu.tw/courses/114-1/47614
園產品加工技術特論,吳思節,16008,HORT7034,628M1140,選修,,"四 2,3,4",加工館B1,2 類,,3,,https://course.ntu.edu.tw/courses/114-1/16008
農產加工產業實務特論一,吳思節,27490,HORT7035,628M2220,選修,,"六 1,2",加工館B1,2 類,,2,,https://course.ntu.edu.tw/courses/114-1/27490
碩士論文,,52198,HORT7999,628M0010,必修,,,,1 類,,0,,https://course.ntu.edu.tw/courses/114-1/52198
專題討論一,許富鈞,32313,HORT8001,628D0030,必修,,"三 7,8,9",,1 類,,1,,https://course.ntu.edu.tw/courses/114-1/32313
專題討論一,楊雯如,54339,HORT8001,628D0030,必修,,"三 7,8,9",,1 類,,1,,https://course.ntu.edu.tw/courses/114-1/54339
專題討論一,吳俊達,55748,HORT8001,628D0030,必修,,"三 7,8,9",,1 類,,1,,https://course.ntu.edu.tw/courses/114-1/55748
專題討論一,鄭佳昆,14271,HORT8001,628D0030,必修,,"三 7,8,9",,1 類,,1,,https://course.ntu.edu.tw/courses/114-1/14271
專題討論二,許富鈞,10142,HORT8002,628D0040,必修,,"三 7,8,9",,1 類,,1,,https://course.ntu.edu.tw/courses/114-1/10142
專題討論二,楊雯如,56788,HORT8002,628D0040,必修,,"三 7,8,9",,1 類,,1,,https://course.ntu.edu.tw/courses/114-1/56788
專題討論二,吳俊達,37208,HORT8002,628D0040,必修,,"三 7,8,9",,1 類,,1,,https://course.ntu.edu.tw/courses/114-1/37208
園藝作物生理學特論,李國譚,33858,HORT8006,628D1040,必修,,"三 2,3,4",園藝R204,2 類,,3,,https://course.ntu.edu.tw/courses/114-1/33858
蔬菜學特論,楊雯如,30859,HORT8012,628D1210,選修,,"三 2,3,4",園藝R205,2 類,,3,,https://course.ntu.edu.tw/courses/114-1/30859
專題研究一,張育森,30491,HORT8021,628D1670,必修,,,,1 類,,1,,https://course.ntu.edu.tw/courses/114-1/30491
專題研究一,葉德銘,25878,HORT8021,628D1670,必修,,,,1 類,,1,,https://course.ntu.edu.tw/courses/114-1/25878
專題研究一,杜宜殷,20448,HORT8021,628D1670,必修,,,,1 類,,1,,https://course.ntu.edu.tw/courses/114-1/20448
專題研究一,張伯茹,29330,HORT8021,628D1670,必修,,,,1 類,,1,,https://course.ntu.edu.tw/courses/114-1/29330
專題研究三,葉德銘,44175,HORT8023,628D1690,必修,,,,1 類,,1,,https://course.ntu.edu.tw/courses/114-1/44175
專題研究三,張俊彥,15144,HORT8023,628D1690,必修,,,,1 類,,1,,https://course.ntu.edu.tw/courses/114-1/15144
專題研究三,杜宜殷,25688,HORT8023,628D1690,必修,,,,1 類,,1,,https://course.ntu.edu.tw/courses/114-1/25688
專題研究三,李國譚,20274,HORT8023,628D1690,必修,,,,1 類,,1,,https://course.ntu.edu.tw/courses/114-1/20274
專題研究三,吳思節,41643,HORT8023,628D1690,必修,,,,1 類,,1,,https://course.ntu.edu.tw/courses/114-1/41643
專題研究三,林書妍,38753,HORT8023,628D1690,必修,,,,1 類,,1,,https://course.ntu.edu.tw/courses/114-1/38753
博士論文,,10165,HORT8999,628D0010,必修,,,,1 類,,0,,https://course.ntu.edu.tw/courses/114-1/10165
社會與健康導論,張弘潔,44803,HPM5005,848U1050,,,"二 6,7",公衛648(原601,2 類,,2,,https://course.ntu.edu.tw/courses/114-1/44803
健康經濟學導論,鄭守夏,51766,HPM5006,848U1060,選修,,"三 3,4",公衛215,1 類,,2,,https://course.ntu.edu.tw/courses/114-1/51766
健康政策、倫理與政治,葉明叡,28328,HPM5024,848U1170,,,"三 3,4",公衛210,2 類,,2,,https://course.ntu.edu.tw/courses/114-1/28328
公共衛生倫理,吳建昌,50695,HPM7002,848M0020,必修 / 選修,,"二 8,9",公衛201,1 類,,1,,https://course.ntu.edu.tw/courses/114-1/50695
健康服務研究法,陳雅美,40090,HPM7003,848M0030,選修,,"四 6,7,8",公衛212,1 類,,3,,https://course.ntu.edu.tw/courses/114-1/40090
健康政策與管理專題討論二,林青青,29510,HPM7009,848M0090,必修,,"三 8,9",公衛601A,1 類,,1,,https://course.ntu.edu.tw/courses/114-1/29510
健康組織與管理,郭年真,23294,HPM7010,848M0100,必修,,"一 3,4",公衛213,1 類,,2,,https://course.ntu.edu.tw/courses/114-1/23294
健康政策與管理專題研究,鄭雅文,44087,HPM7011,848M0110,選修,,,,1 類,,2,,https://course.ntu.edu.tw/courses/114-1/44087
健康政策與管理專題研究,董鈺琪,45151,HPM7011,848M0110,選修,,,,1 類,,2,,https://course.ntu.edu.tw/courses/114-1/45151
健康政策與管理專題研究,李柏翰,52256,HPM7011,848M0110,選修,,,,1 類,,2,,https://course.ntu.edu.tw/courses/114-1/52256
健康服務之經濟評估,李達宇,29605,HPM7021,848M2040,選修,,"二 3,4",公衛215,1 類,,2,,https://course.ntu.edu.tw/courses/114-1/29605
醫療機構成本系統與管理,張睿詒,55874,HPM7029,848M2120,選修,,"五 6,7,8,9",公衛208,1 類,,2,,https://course.ntu.edu.tw/courses/114-1/55874
長期照護服務管理實務,游曉微,16765,HPM7057,848M2330,必修 / 選修,,"二 6,7",公衛212,1 類,,2,,https://course.ntu.edu.tw/courses/114-1/16765
健康政策與管理實務實習,鄭雅文,48509,HPM7070,848M0120,選修,,,,2 類,,2,,https://course.ntu.edu.tw/courses/114-1/48509
社會與健康實務,江東亮,10453,HPM7071,848M0130,必修,,"六 6,7,8,9",公衛648(原601,1 類,,2,,https://course.ntu.edu.tw/courses/114-1/10453
健康照護組織策略管理,董鈺琪,32594,HPM7077,848M0190,必修,,"六 6,7,8,9",公衛603(原601,1 類,,2,,https://course.ntu.edu.tw/courses/114-1/32594
健康政策與管理個案討論,張睿詒,35723,HPM7079,848M0210,必修,,"六 1,2,3,4",公衛603(原601,1 類,,2,,https://course.ntu.edu.tw/courses/114-1/35723
老齡化危機和長期照護：挑戰和機遇,楊毓琪,38294,HPM7092,848M1200,選修,,,,2 類,,1,,https://course.ntu.edu.tw/courses/114-1/38294
健康體系,董鈺琪,38721,HPM7094,848M0280,必修,,"一 6,7",公衛213,1 類,,2,,https://course.ntu.edu.tw/courses/114-1/38721
全球化與健康的社會決定因素,鄭雅文,35690,HPM7099,848M1230,選修,,"四 9,10",公衛212,1 類,,2,,https://course.ntu.edu.tw/courses/114-1/35690
醫療品質的應用與卓越模式,鍾國彪,46899,HPM7103,848M0350,必修,,"六 1,2,3,4",公衛648(原601,1 類,,2,,https://course.ntu.edu.tw/courses/114-1/46899
健康產業財務分析與決策,張睿詒,47616,HPM7104,848M0360,必修,,"六 1,2,3,4",公衛603(原601,1 類,,2,,https://course.ntu.edu.tw/courses/114-1/47616
健康服務與政策研究資料分析,郭年真,24066,HPM7109,848M0400,選修,,"三 6,7",公衛648(原601,1 類,,2,,https://course.ntu.edu.tw/courses/114-1/24066
健康資料分析與視覺化,郭年真,58016,HPM7111,848M0420,選修,,,,2 類,,2,,https://course.ntu.edu.tw/courses/114-1/58016
健康政策與管理高階經營專班專題研究二,鄭守夏,50988,HPM7113,848M0440,選修,,,,1 類,,1,,https://course.ntu.edu.tw/courses/114-1/50988
健康政策與管理高階經營專班專題研究二,張睿詒,56694,HPM7113,848M0440,選修,,,,1 類,,1,,https://course.ntu.edu.tw/courses/114-1/56694
健康政策與管理高階經營專班專題研究二,鍾國彪,55449,HPM7113,848M0440,選修,,,,1 類,,1,,https://course.ntu.edu.tw/courses/114-1/55449
健康政策與管理高階經營專班專題研究二,鄭雅文,31501,HPM7113,848M0440,選修,,,,1 類,,1,,https://course.ntu.edu.tw/courses/114-1/31501
健康政策與管理高階經營專班專題研究二,董鈺琪,49379,HPM7113,848M0440,選修,,,,1 類,,1,,https://course.ntu.edu.tw/courses/114-1/49379
健康政策與管理高階經營專班專題研究二,陳雅美,19041,HPM7113,848M0440,選修,,,,1 類,,1,,https://course.ntu.edu.tw/courses/114-1/19041
健康政策與管理高階經營專班專題研究二,郭年真,42099,HPM7113,848M0440,選修,,,,1 類,,1,,https://course.ntu.edu.tw/courses/114-1/42099
健康政策與管理高階經營專班專題研究二,李柏翰,13116,HPM7113,848M0440,選修,,,,1 類,,1,,https://course.ntu.edu.tw/courses/114-1/13116
健康政策與管理高階經營專班專題研究二,李達宇,50269,HPM7113,848M0440,選修,,,,1 類,,1,,https://course.ntu.edu.tw/courses/114-1/50269
健康政策與管理高階經營專班專題研究二,游曉微,41864,HPM7113,848M0440,選修,,,,1 類,,1,,https://course.ntu.edu.tw/courses/114-1/41864
健康領域的自我修練與領導,鄭守夏,44129,HPM7115,848M0460,選修,,,,2 類,,2,,https://course.ntu.edu.tw/courses/114-1/44129
碩士論文,,11331,HPM7999,848M0010,必修,,,,1 類,,0,,https://course.ntu.edu.tw/courses/114-1/11331
健康政策與管理特論,鄭雅文,32285,HPM8003,848D0030,必修,,"二 3,4",公衛601B,1 類,,2,,https://course.ntu.edu.tw/courses/114-1/32285
健康政策與管理專題討論二,陳雅美,27812,HPM8005,848D0050,必修,,"三 6,7",公衛601A,1 類,,1,,https://course.ntu.edu.tw/courses/114-1/27812
健康政策與管理獨立研究,鍾國彪,13629,HPM8006,848D0060,選修,,,,2 類,,2,,https://course.ntu.edu.tw/courses/114-1/13629
健康政策與管理獨立研究,郭年真,57127,HPM8006,848D0060,選修,,,,2 類,,2,,https://course.ntu.edu.tw/courses/114-1/57127
健康政策與管理獨立研究,張齡尹,24585,HPM8006,848D0060,選修,,,,2 類,,2,,https://course.ntu.edu.tw/courses/114-1/24585
博士論文,,39079,HPM8999,848D0010,必修,,,,1 類,,0,,https://course.ntu.edu.tw/courses/114-1/39079
碩士論文,,54869,IAMS7001,246M0010,必修,,,,1 類,,0,,https://course.ntu.edu.tw/courses/114-1/54869
服務學習乙,陳聿宏,44829,IB0007,704001H0,必修,,,,2 類,,1,,https://course.ntu.edu.tw/courses/114-1/44829
服務學習乙,連振廷,32755,IB0007,704001H0,必修,,,,2 類,,1,,https://course.ntu.edu.tw/courses/114-1/32755
民法概要乙,蕭奕弘,25918,IB2003,704173B0,必修,,"五 7,8,9",管二101,2 類,,3,,https://course.ntu.edu.tw/courses/114-1/25918
民法概要乙,洪瑞燦,17211,IB2003,704173B0,必修,,"五 2,3,4",管二104,2 類,,3,,https://course.ntu.edu.tw/courses/114-1/17211
管理學,吳政衛,33883,IB2009,70421110,必修,,"三 7,8,9",管一405,2 類,,3,,https://course.ntu.edu.tw/courses/114-1/33883
管理學,傅浚映,33227,IB2009,70421110,必修,,"三 2,3,4",管二303,2 類,,3,,https://course.ntu.edu.tw/courses/114-1/33227
貨幣銀行學甲,黃志典,15532,IB2011,70422100,必修,,"二 7,8,9",管二104,2 類,,3,,https://course.ntu.edu.tw/courses/114-1/15532
數量方法與決策分析,許耀文,50938,IB2014,70420410,必修,,"五 7,8,9",管二206,2 類,,3,,https://course.ntu.edu.tw/courses/114-1/50938
數量方法與決策分析,李  揚,46242,IB2014,70420410,必修,,"四 7,8,9",管二201,2 類,,3,,https://course.ntu.edu.tw/courses/114-1/46242
行銷研究,陳瑀屏,57645,IB3002,70430530,必修,,"三 6,7,8",管二301,2 類,,3,,https://course.ntu.edu.tw/courses/114-1/57645
行銷研究,陳譽仁,26768,IB3002,70430530,必修,,"五 5,6,7",管二301,2 類,,3,,https://course.ntu.edu.tw/courses/114-1/26768
投資學,林修葳,36482,IB3004,70432400,必修,,"三 2,3,4",管一103,2 類,,3,,https://course.ntu.edu.tw/courses/114-1/36482
投資學,王之彥,45554,IB3004,70432400,必修,,"一 7,8,9",管二305,2 類,,3,,https://course.ntu.edu.tw/courses/114-1/45554
國際貿易理論與政策,趙捷謙,14218,IB3007,70434100,必修,,"二 2,3,4",管一101,2 類,,3,,https://course.ntu.edu.tw/courses/114-1/14218
國際貿易理論與政策,盧信昌,19683,IB3007,70434100,必修,,"四 2,3,4",管二201,2 類,,3,,https://course.ntu.edu.tw/courses/114-1/19683
策略管理,吳學良,50380,IB4004,70449600,必修,,"二 7,8,9",管二203,2 類,,3,,https://course.ntu.edu.tw/courses/114-1/50380
消費者行為,謝明慧,29019,IB5004,724U0080,選修,,"三 2,3,4",管一102,2 類,,3,,https://course.ntu.edu.tw/courses/114-1/29019
財務時間序列,許耀文,50322,IB5018,724U0590,選修,,"四 7,8,9",管二203,2 類,,3,,https://course.ntu.edu.tw/courses/114-1/50322
國際企業經營策略,邱宏仁,37486,IB5059,724U2400,選修,,"二 2,3,4",管二206,2 類,,3,,https://course.ntu.edu.tw/courses/114-1/37486
國際併購與重組管理,邱宏仁,30773,IB5063,724U1670,選修,,"二 7,8,9",管二206,2 類,,3,,https://course.ntu.edu.tw/courses/114-1/30773
策略顧問：方法與實務,徐瑞廷,33904,IB5076,724U1700,選修,,"五 A,B,C,D",管一405,2 類,,2,,https://course.ntu.edu.tw/courses/114-1/33904
新創金融(一),連振廷,53106,IB5100,724U9160,選修,,"一 2,3,4",管一104,2 類,,3,,https://course.ntu.edu.tw/courses/114-1/53106
全球文化創意產業,陳郁秀,32183,IB5103,724U9190,選修,,"三 3,4",管二203,2 類,,2,,https://course.ntu.edu.tw/courses/114-1/32183
國際金融與資產管理實務,高一誠,27171,IB5105,724U9720,選修,,"二 A,B,C",管一104,2 類,,3,,https://course.ntu.edu.tw/courses/114-1/27171
國際企業職涯發展實務,何筱文,57415,IB5107,724U9220,選修,,"四 6,7,8",管二102,2 類,,3,,https://course.ntu.edu.tw/courses/114-1/57415
管理會計,陳聿宏,13959,IB7005,724M0060,必修,,"一 2,3,4",管二101,2 類,,3,,https://course.ntu.edu.tw/courses/114-1/13959
產業經濟,吳學良,35955,IB7009,724M0160,必修,,"四 7,8,9",管二204,2 類,,3,,https://course.ntu.edu.tw/courses/114-1/35955
財務管理,林修葳,52382,IB7014,724M0280,必修,,"五 2,3,4",管二305,2 類,,3,,https://course.ntu.edu.tw/courses/114-1/52382
國際企業經營策略,傅浚映,49815,IB7018,724M0460,必修,,"一 7,8,9",管二204,2 類,,3,,https://course.ntu.edu.tw/courses/114-1/49815
行銷計量模式一,黃恆獎,50300,IB7029,724M1220,選修,,"一 7,8,9",管二203,2 類,,3,,https://course.ntu.edu.tw/courses/114-1/50300
國際企業管理,連勇智,44123,IB7033,724M1430,必修,,"五 7,8,9",管二202,2 類,,3,,https://course.ntu.edu.tw/courses/114-1/44123
國際企業管理,何筱文,38383,IB7033,724M1430,必修,,"五 6,7,8",管二103,2 類,,3,,https://course.ntu.edu.tw/courses/114-1/38383
財務工程一,李志偉,37724,IB7044,724M1980,選修,,"四 2,3,4",管二205,2 類,,3,,https://course.ntu.edu.tw/courses/114-1/37724
行銷管理,黃恆獎,38907,IB7055,724M4100,必修,,"三 7,8,9",管一102,2 類,,3,,https://course.ntu.edu.tw/courses/114-1/38907
行銷研究,陳瑀屏,15020,IB7059,724M4600,選修,,"三 6,7,8",,2 類,,3,,https://course.ntu.edu.tw/courses/114-1/15020
行銷研究,陳譽仁,16678,IB7059,724M4600,選修,,"五 5,6,7",,2 類,,3,,https://course.ntu.edu.tw/courses/114-1/16678
中國經濟專題研討,黃志典,33732,IB7089,724M1410,選修,,"四 7,8,9",管二研七,2 類,,3,,https://course.ntu.edu.tw/courses/114-1/33732
全球品牌管理,陳譽仁,56226,IB7095,724M0310,必修,,"五 10,A,B",管一101,2 類,,3,,https://course.ntu.edu.tw/courses/114-1/56226
財務獨立研究與論文寫作,洪茂蔚,58390,IB7101,724M9410,選修,,"一 A,B,C",管二研十一,2 類,,3,,https://course.ntu.edu.tw/courses/114-1/58390
碩士論文,,56047,IB7999,724M0010,必修,,,,1 類,,0,,https://course.ntu.edu.tw/courses/114-1/56047
行銷管理研討二,陳瑀屏,53435,IB8024,724D4040,必修,,"五 2,3,4",管二研六,2 類,,3,,https://course.ntu.edu.tw/courses/114-1/53435
國際企業專題研究二,連勇智,37490,IB8036,724D5130,必修,,"一 A,B,C",管二研六,2 類,,3,,https://course.ntu.edu.tw/courses/114-1/37490
國際企業專題研究三,何筱文,34255,IB8037,724D5140,必修,,"四 2,3,4",管二研八,2 類,,3,,https://course.ntu.edu.tw/courses/114-1/34255
個體經濟理論一,陳聿宏,33169,IB8039,724D6100,必修,,"二 2,3,4",管二204,2 類,,3,,https://course.ntu.edu.tw/courses/114-1/33169
國際企業管理研討,簡睿哲,20715,IB8043,724D7200,必修,,"三 7,8,9",管二研六,2 類,,3,,https://course.ntu.edu.tw/courses/114-1/20715
資本市場一,洪茂蔚,58241,IB8078,724D6040,必修,,"一 7,8,9",管一403,2 類,,3,,https://course.ntu.edu.tw/courses/114-1/58241
產業與廠商理論研討,吳學良,39233,IB8080,724D9240,必修,,"一 A,B,C",管二研九,2 類,,3,,https://course.ntu.edu.tw/courses/114-1/39233
企業成長與併購策略研討,吳政衛,23058,IB8081,724D9250,必修,,"二 7,8,9",管二研六,2 類,,3,,https://course.ntu.edu.tw/courses/114-1/23058
永續金融理論與實證研討,林修葳,21557,IB8084,724D9270,選修,,"三 6,7,8",管二研八,2 類,,3,,https://course.ntu.edu.tw/courses/114-1/21557
博士論文,,44634,IB8999,724D0010,必修,,,,1 類,,0,,https://course.ntu.edu.tw/courses/114-1/44634
車用電子概論,黃俊郎,16266,ICDA5001,K41U0010,選修,,"三 3,4",,2 類,,1,,https://course.ntu.edu.tw/courses/114-1/16266
通信數位積體電路設計,蔡佩芸,29803,ICDA5002,K41U0020,選修,,"三 6,7,8",,2 類,,3,,https://course.ntu.edu.tw/courses/114-1/29803
專題討論,黃俊郎,16142,ICDA7001,K41M1000,必修,,一 8,,1 類,,1,,https://course.ntu.edu.tw/courses/114-1/16142
研發實習,黃俊郎,17554,ICDA7002,K41M0030,必修,,,,2 類,,3,,https://course.ntu.edu.tw/courses/114-1/17554
專題研究,郭斯彥,30247,ICDA7003,K41M0020,必修,,,,1 類,,1,,https://course.ntu.edu.tw/courses/114-1/30247
專題研究,張耀文,40407,ICDA7003,K41M0020,必修,,,,1 類,,1,,https://course.ntu.edu.tw/courses/114-1/40407
專題研究,吳安宇,21054,ICDA7003,K41M0020,必修,,,,1 類,,1,,https://course.ntu.edu.tw/courses/114-1/21054
專題研究,陳中平,29927,ICDA7003,K41M0020,必修,,,,1 類,,1,,https://course.ntu.edu.tw/courses/114-1/29927
專題研究,呂良鴻,46560,ICDA7003,K41M0020,必修,,,,1 類,,1,,https://course.ntu.edu.tw/courses/114-1/46560
專題研究,李泰成,22190,ICDA7003,K41M0020,必修,,,,1 類,,1,,https://course.ntu.edu.tw/courses/114-1/22190
專題研究,林宗賢,44092,ICDA7003,K41M0020,必修,,,,1 類,,1,,https://course.ntu.edu.tw/courses/114-1/44092
專題研究,李致毅,45266,ICDA7003,K41M0020,必修,,,,1 類,,1,,https://course.ntu.edu.tw/courses/114-1/45266
專題研究,陳怡然,19084,ICDA7003,K41M0020,必修,,,,1 類,,1,,https://course.ntu.edu.tw/courses/114-1/19084
專題研究,簡韶逸,40604,ICDA7003,K41M0020,必修,,,,1 類,,1,,https://course.ntu.edu.tw/courses/114-1/40604
專題研究,江介宏,57996,ICDA7003,K41M0020,必修,,,,1 類,,1,,https://course.ntu.edu.tw/courses/114-1/57996
專題研究,李建模,49664,ICDA7003,K41M0020,必修,,,,1 類,,1,,https://course.ntu.edu.tw/courses/114-1/49664
專題研究,黃俊郎,53876,ICDA7003,K41M0020,必修,,,,1 類,,1,,https://course.ntu.edu.tw/courses/114-1/53876
專題研究,陳信樹,26004,ICDA7003,K41M0020,必修,,,,1 類,,1,,https://course.ntu.edu.tw/courses/114-1/26004
專題研究,黃鐘揚,43100,ICDA7003,K41M0020,必修,,,,1 類,,1,,https://course.ntu.edu.tw/courses/114-1/43100
專題研究,江蕙如,53433,ICDA7003,K41M0020,必修,,,,1 類,,1,,https://course.ntu.edu.tw/courses/114-1/53433
專題研究,楊家驤,43365,ICDA7003,K41M0020,必修,,,,1 類,,1,,https://course.ntu.edu.tw/courses/114-1/43365
專題研究,盧奕璋,33236,ICDA7003,K41M0020,必修,,,,1 類,,1,,https://course.ntu.edu.tw/courses/114-1/33236
專題研究,盧信嘉,58942,ICDA7003,K41M0020,必修,,,,1 類,,1,,https://course.ntu.edu.tw/courses/114-1/58942
專題研究,陳景然,44007,ICDA7003,K41M0020,必修,,,,1 類,,1,,https://course.ntu.edu.tw/courses/114-1/44007
專題研究,劉宗德,26823,ICDA7003,K41M0020,必修,,,,1 類,,1,,https://course.ntu.edu.tw/courses/114-1/26823
專題研究,蔡佩芸,24884,ICDA7003,K41M0020,必修,,,,1 類,,1,,https://course.ntu.edu.tw/courses/114-1/24884
碩士論文,,30194,ICDA7999,K41M0010,必修,,,,1 類,,0,,https://course.ntu.edu.tw/courses/114-1/30194
專題討論,黃俊郎,10690,ICDA8001,K42D1000,必修,,一 8,,1 類,,1,,https://course.ntu.edu.tw/courses/114-1/10690
專題研究,張耀文,24812,ICDA8003,K42D0020,必修,,,,1 類,,1,,https://course.ntu.edu.tw/courses/114-1/24812
專題研究,吳安宇,10245,ICDA8003,K42D0020,必修,,,,1 類,,1,,https://course.ntu.edu.tw/courses/114-1/10245
專題研究,陳中平,18038,ICDA8003,K42D0020,必修,,,,1 類,,1,,https://course.ntu.edu.tw/courses/114-1/18038
專題研究,李致毅,52318,ICDA8003,K42D0020,必修,,,,1 類,,1,,https://course.ntu.edu.tw/courses/114-1/52318
專題研究,江介宏,31209,ICDA8003,K42D0020,必修,,,,1 類,,1,,https://course.ntu.edu.tw/courses/114-1/31209
專題研究,陳景然,48604,ICDA8003,K42D0020,必修,,,,1 類,,1,,https://course.ntu.edu.tw/courses/114-1/48604
博士論文,,21596,ICDA8999,K42D0010,必修,,,,1 類,,0,,https://course.ntu.edu.tw/courses/114-1/21596
賽局理論與應用,洪一薰,33774,IE5009,546U0660,選修,,"四 6,7,8",國青101,2 類,,3,,https://course.ntu.edu.tw/courses/114-1/33774
隨機過程,吳政鴻,54373,IE5032,546U6010,選修,,"五 6,7,8",國青101,2 類,,3,,https://course.ntu.edu.tw/courses/114-1/54373
線性代數與應用,陳正剛,25932,IE5034,546U6040,選修,,"二 7,8,9",共301,2 類,,3,,https://course.ntu.edu.tw/courses/114-1/25932
最佳化概論,黃道宏,16808,IE5056,546U0600,選修,,"二 2,3,4",國青101,2 類,,3,,https://course.ntu.edu.tw/courses/114-1/16808
時序資料分析,藍俊宏,36677,IE5057,546U4050,選修,,"一 2,3,4",國青101,2 類,,3,,https://course.ntu.edu.tw/courses/114-1/36677
工程統計學,洪英超,17738,IE5059,546U6000,選修,,"二 6,7,8",國青101,2 類,,3,,https://course.ntu.edu.tw/courses/114-1/17738
專題研究,陳正剛,15518,IE7004,546M0070,必修,,,,1 類,,1,,https://course.ntu.edu.tw/courses/114-1/15518
專題研究,藍俊宏,28230,IE7004,546M0070,必修,,,,1 類,,1,,https://course.ntu.edu.tw/courses/114-1/28230
專題研究,洪英超,14254,IE7004,546M0070,必修,,,,1 類,,1,,https://course.ntu.edu.tw/courses/114-1/14254
專題研究,郭瑞祥,40564,IE7004,546M0070,必修,,,,1 類,,1,,https://course.ntu.edu.tw/courses/114-1/40564
專題研究,黃道宏,44704,IE7004,546M0070,必修,,,,1 類,,1,,https://course.ntu.edu.tw/courses/114-1/44704
專題研究,吳政鴻,24737,IE7004,546M0070,必修,,,,1 類,,1,,https://course.ntu.edu.tw/courses/114-1/24737
專題研究,洪一薰,34614,IE7004,546M0070,必修,,,,2 類,,1,,https://course.ntu.edu.tw/courses/114-1/34614
專題研究,黃奎隆,34227,IE7004,546M0070,必修,,,,1 類,,1,,https://course.ntu.edu.tw/courses/114-1/34227
專題討論,洪一薰,12780,IE7005,546M0080,必修,,"三 7,8,9",國青101,1 類,,1,,https://course.ntu.edu.tw/courses/114-1/12780
非線性規劃,洪一薰,29923,IE7018,546M6010,選修,,"一 6,7,8",國青101,2 類,,3,,https://course.ntu.edu.tw/courses/114-1/29923
整數與組合最佳化,黃奎隆,10853,IE7020,546M6040,選修,,"三 2,3,4",國青101,2 類,,3,,https://course.ntu.edu.tw/courses/114-1/10853
跨領域專題討論,洪一薰,34976,IE7023,546M0090,必修,,"三 A,B,C",,1 類,,1,,https://course.ntu.edu.tw/courses/114-1/34976
科技法律與智財管理概論,陳達仁,34183,IE7026,546M3120,必修,,,,2 類,,3,,https://course.ntu.edu.tw/courses/114-1/34183
跨領域整合與創新（一）,黃奎隆,55823,IE7042,546M1110,選修,,,,2 類,,1,,https://course.ntu.edu.tw/courses/114-1/55823
海外專業研修與參訪,黃奎隆,16507,IE7047,546M3410,選修,,,,2 類,,1,,https://course.ntu.edu.tw/courses/114-1/16507
永續營運與價值鏈管理,洪一薰,47055,IE7056,546M3370,必修,,,,2 類,,3,,https://course.ntu.edu.tw/courses/114-1/47055
碩士論文,,47275,IE7999,546M0010,必修,,,,1 類,,0,,https://course.ntu.edu.tw/courses/114-1/47275
博士論文,,34912,IE8000,546D0010,必修,,,,1 類,,0,,https://course.ntu.edu.tw/courses/114-1/34912
博士專題研究,陳正剛,47128,IE8001,546D0070,必修,,,,1 類,,1,,https://course.ntu.edu.tw/courses/114-1/47128
博士專題研究,洪一薰,59733,IE8001,546D0070,必修,,,,2 類,,1,,https://course.ntu.edu.tw/courses/114-1/59733
博士專題研究,黃道宏,54005,IE8001,546D0070,必修,,,,1 類,,1,,https://course.ntu.edu.tw/courses/114-1/54005
服務學習甲,葛宇甯,25255,IET0005,509001G0,必修,,一 5,,2 類,,1,,https://course.ntu.edu.tw/courses/114-1/25255
工程導論,詹魁元,41540,IET1001,50910030,必帶,,"四 6,7,8",綜502,2 類,,3,,https://course.ntu.edu.tw/courses/114-1/41540
科技前瞻與創新管理實務,朱曉萍,46005,IET5001,509U0010,選修,,"五 2,3,4",綜202,1 類,,3,,https://course.ntu.edu.tw/courses/114-1/46005
產業實務與未來趨勢解析,朱曉萍,49164,IET5002,509U0020,選修,,"一 3,4",綜203,1 類,,2,,https://course.ntu.edu.tw/courses/114-1/49164
學士專題研究一,楊馥菱,10492,IET5003,509U0040,必修,,,,2 類,,2,,https://course.ntu.edu.tw/courses/114-1/10492
學士專題研究一,王富正,38320,IET5003,509U0040,必修,,,,2 類,,2,,https://course.ntu.edu.tw/courses/114-1/38320
學士專題研究一,李宇修,48372,IET5003,509U0040,必修,,,,2 類,,2,,https://course.ntu.edu.tw/courses/114-1/48372
食品衛生與安全,陳昱彤,41830,Ifsh7007,851M1070,必修,,"三 6,7",公衛208,2 類,,2,,https://course.ntu.edu.tw/courses/114-1/41830
食品分析,陳昱彤,49207,Ifsh7009,851M1090,選修,,"二 8,9",公衛210,2 類,,2,,https://course.ntu.edu.tw/courses/114-1/49207
食品微生物學,魏嘉徵,43013,Ifsh7010,851M1100,選修,,"三 2,3,4",公衛208,2 類,,3,,https://course.ntu.edu.tw/courses/114-1/43013
新興健康風險評估工具,羅宇軒,46893,IFSH7018,851M1180,選修,,"一 6,7",公衛209,2 類,,2,,https://course.ntu.edu.tw/courses/114-1/46893
食品安全與健康專題討論,蔡詩偉,40240,IFSH7020,851M1200,必修,,"四 6,7",公衛211,2 類,,1,,https://course.ntu.edu.tw/courses/114-1/40240
碩士論文,蔡詩偉,38591,Ifsh7999,851M0010,必修,,,,1 類,,0,,https://course.ntu.edu.tw/courses/114-1/38591
服務學習甲,盧信銘,54417,IM0004,705001G0,必修,,,,2 類,,1,,https://course.ntu.edu.tw/courses/114-1/54417
服務學習甲,孔令傑,28849,IM0004,705001G0,必修,,,,2 類,,1,,https://course.ntu.edu.tw/courses/114-1/28849
服務學習乙,盧信銘,53220,IM0005,705001H0,必修,,,,2 類,,1,,https://course.ntu.edu.tw/courses/114-1/53220
服務學習乙,孔令傑,11567,IM0005,705001H0,必修,,,,2 類,,1,,https://course.ntu.edu.tw/courses/114-1/11567
程式設計,孔令傑,23239,IM1003,70510300,必帶,,"二 7,8,9",管二103,2 類,,3,,https://course.ntu.edu.tw/courses/114-1/23239
程式設計,何承遠,35792,IM1003,70510300,必修,,"二 7,8,9",管一B01,2 類,,3,,https://course.ntu.edu.tw/courses/114-1/35792
資管新生專題,盧信銘,59239,IM1009,70510500,必帶,,"二 3,4",管二205,2 類,,1,,https://course.ntu.edu.tw/courses/114-1/59239
Python程式設計基礎課程,何承遠,16897,IM1011,70514000,,,"一 2,3,4",管一B01,2 類,,3,,https://course.ntu.edu.tw/courses/114-1/16897
Python程式設計基礎課程,何承遠,18980,IM1011,70514000,,,"一 7,8,9",管一B01,2 類,,3,,https://course.ntu.edu.tw/courses/114-1/18980
Python程式設計基礎課程,何承遠,14028,IM1011,70514000,,,"二 2,3,4",管一B01,2 類,,3,,https://course.ntu.edu.tw/courses/114-1/14028
Python程式設計基礎課程,何承遠,10270,IM1011,70514000,,,"三 2,3,4",管一B01,2 類,,3,,https://course.ntu.edu.tw/courses/114-1/10270
管理學,畢南怡,41788,IM2002,70513200,必帶,,"一 7,8,9",管一102,2 類,,3,,https://course.ntu.edu.tw/courses/114-1/41788
演算法,蔡益坤,52224,IM2009,70522200,必帶,,"二 7,8,9",管二305,2 類,,3,,https://course.ntu.edu.tw/courses/114-1/52224
跨文化溝通與管理,畢南怡,24281,IM2014,70523700,,,"五 6,7",管二304,2 類,,2,,https://course.ntu.edu.tw/courses/114-1/24281
網路技術與應用,孫雅麗,40703,IM3010,70531800,必帶,,"四 7,8,9",管一104,2 類,,3,,https://course.ntu.edu.tw/courses/114-1/40703
Linux 系統管理實務,盧信銘,57870,IM3014,70533200,選修,,"一 2,3,4",管二304,2 類,,2,,https://course.ntu.edu.tw/courses/114-1/57870
資管專題二,莊裕澤,34659,IM4001,70531700,必修,,二 10,管二研十,2 類,,2,,https://course.ntu.edu.tw/courses/114-1/34659
資管專題二,曹承礎,52267,IM4001,70531700,必修,,,,2 類,,2,,https://course.ntu.edu.tw/courses/114-1/52267
資管專題二,林永松,49415,IM4001,70531700,必修,,,,2 類,,2,,https://course.ntu.edu.tw/courses/114-1/49415
資管專題二,吳玲玲,59413,IM4001,70531700,必修,,,,2 類,,2,,https://course.ntu.edu.tw/courses/114-1/59413
資管專題二,盧信銘,35228,IM4001,70531700,必修,,,,2 類,,2,,https://course.ntu.edu.tw/courses/114-1/35228
資管專題二,陳建錦,29240,IM4001,70531700,必修,,,,2 類,,2,,https://course.ntu.edu.tw/courses/114-1/29240
資管專題二,魏志平,23398,IM4001,70531700,必修,,,,2 類,,2,,https://course.ntu.edu.tw/courses/114-1/23398
資管專題二,黃明蕙,27062,IM4001,70531700,必修,,,,2 類,,2,,https://course.ntu.edu.tw/courses/114-1/27062
資管專題二,李家岩,55954,IM4001,70531700,必修,,,,2 類,,2,,https://course.ntu.edu.tw/courses/114-1/55954
資管專題二,孔令傑,31845,IM4001,70531700,必修,,,,2 類,,2,,https://course.ntu.edu.tw/courses/114-1/31845
資管專題二,彭志宏,25340,IM4001,70531700,必修,,,,2 類,,2,,https://course.ntu.edu.tw/courses/114-1/25340
資管專題二,畢南怡,21514,IM4001,70531700,必修,,,,2 類,,2,,https://course.ntu.edu.tw/courses/114-1/21514
資管專題討論一,陳建錦,14489,IM4002,725U1130,選修,,"五 7,8",,2 類,,1,,https://course.ntu.edu.tw/courses/114-1/14489
遊戲設計,李根逸,24891,IM5023,725U3270,選修,,"二 7,8,9",管一101,2 類,,3,,https://course.ntu.edu.tw/courses/114-1/24891
資訊檢索與文字探勘導論,陳建錦,25002,IM5030,725U3410,選修,,"一 2,3,4",管二301,2 類,,3,,https://course.ntu.edu.tw/courses/114-1/25002
文字探勘初論,陳建錦,25188,IM5054,725U3650,選修,,"五 2,3,4",管二301,2 類,,3,,https://course.ntu.edu.tw/courses/114-1/25188
統計學習與深度學習,盧信銘,41092,IM5056,725U3670,選修,,"四 2,3,4",管二305,2 類,,3,,https://course.ntu.edu.tw/courses/114-1/41092
分散式系統與雲端應用開發實務,莊裕澤,18487,IM5057,725U3380,選修,,"四 7,8,9",管二301,2 類,,3,,https://course.ntu.edu.tw/courses/114-1/18487
作業研究應用與實作,李家岩,16486,IM5059,725U3690,選修,,"二 2,3,4",管二304,2 類,,3,,https://course.ntu.edu.tw/courses/114-1/16486
程式語言：函數程式設計,穆信成,12231,IM5064,725U3920,選修,,"四 2,3,4",管一101,2 類,,3,,https://course.ntu.edu.tw/courses/114-1/12231
Web APP開發,何承遠,53660,IM5068,725U3960,選修,,"三 7,8,9",管一103,2 類,,3,,https://course.ntu.edu.tw/courses/114-1/53660
研究方法,彭志宏,21856,IM5069,725U3970,選修,,"五 2,3,4",管二304,2 類,,3,,https://course.ntu.edu.tw/courses/114-1/21856
資訊管理,魏志平,43978,IM7001,725M1110,必修,,"三 2,3,4",管二206,2 類,,3,,https://course.ntu.edu.tw/courses/114-1/43978
供給鍊網路管理論文研討,陳靜枝,43506,IM7012,725M3010,選修,,,,2 類,,2,,https://course.ntu.edu.tw/courses/114-1/43506
文字探勘與摘要化論文研討,陳建錦,18951,IM7033,725M3290,選修,,,,2 類,,2,,https://course.ntu.edu.tw/courses/114-1/18951
分散式系統論文研討,莊裕澤,47709,IM7051,725M3470,選修,,"二 A,B,C",,2 類,,2,,https://course.ntu.edu.tw/courses/114-1/47709
資訊系統研發,曹承礎,34068,IM7076,725U2410,選修,,,,2 類,,3,,https://course.ntu.edu.tw/courses/114-1/34068
軟體規格與驗證,蔡益坤,56895,IM7079,725U3220,選修,,"三 7,8,9",管二302,2 類,,3,,https://course.ntu.edu.tw/courses/114-1/56895
監督學習與統計建模論文研討一,盧信銘,47864,IM7088,725M3690,選修,,,,2 類,,2,,https://course.ntu.edu.tw/courses/114-1/47864
資訊經濟與最佳化論文研討一,孔令傑,30752,IM7093,725M3710,選修,,,,2 類,,2,,https://course.ntu.edu.tw/courses/114-1/30752
生產力最佳化與數據科學論文研討一,李家岩,51189,IM7102,725M3770,選修,,,,2 類,,2,,https://course.ntu.edu.tw/courses/114-1/51189
人機互動與社群運算論文研討一,畢南怡,35516,IM7108,725M3830,選修,,,,2 類,,2,,https://course.ntu.edu.tw/courses/114-1/35516
資訊管理論文研討,彭志宏,38022,IM7110,725M3850,選修,,,,2 類,,2,,https://course.ntu.edu.tw/courses/114-1/38022
碩士論文,,13095,IM7999,725M0010,必帶,,,,1 類,,0,,https://course.ntu.edu.tw/courses/114-1/13095
資管博士論壇三,陳建錦,52165,IM8028,725D3170,必修,,"五 7,8",管二201,2 類,,1,,https://course.ntu.edu.tw/courses/114-1/52165
安全性與可靠性網路設計,林永松,19524,IM8034,725D3510,選修,,"三 10,A,B",管一405,2 類,,3,,https://course.ntu.edu.tw/courses/114-1/19524
博士論文,,47904,IM8999,725D0010,必修,,,,1 類,,0,,https://course.ntu.edu.tw/courses/114-1/47904
免疫學概論與疾病,黃冠穎,27630,Immuno5005,449U1090,必帶 / 選修,,"二 6,7",基醫101,3 類,,2,,https://course.ntu.edu.tw/courses/114-1/27630
免疫學專題討論,柯俊榮,42290,Immuno7002,449M1080,必修,,"五 2,3,4",基醫505,1 類,,2,,https://course.ntu.edu.tw/courses/114-1/42290
免疫方法學,李建國,13114,Immuno7007,449M1200,選修,,"四 6,7",基醫504,1 類,,2,,https://course.ntu.edu.tw/courses/114-1/13114
細胞激素訊息傳遞專討上,李建國,32077,Immuno7008,449M1211,選修,,"二 2,3,4",R557,1 類,,2,,https://course.ntu.edu.tw/courses/114-1/32077
疹病毒免疫專討上,顧家綺,34088,Immuno7014,449M1241,選修,,"二 2,3,4,5",小班教室01,1 類,,2,,https://course.ntu.edu.tw/courses/114-1/34088
感染症免疫致病機制專題討論上,林志萱,21622,Immuno7018,449M1261,選修,,"三 6,7",R557,1 類,,2,,https://course.ntu.edu.tw/courses/114-1/21622
基礎免疫學,李建國,55378,Immuno7021,449M1280,必修 / 選修,,"五 6,7",基醫505,1 類,,2,,https://course.ntu.edu.tw/courses/114-1/55378
腫瘤免疫學專題討論上,柯俊榮,53152,Immuno7028,449M1341,選修,,"一 6,7",R557,1 類,,2,,https://course.ntu.edu.tw/courses/114-1/53152
感染免疫學專題討論上,黃冠穎,30143,Immuno7030,449M1351,選修,,"四 6,7",R557,1 類,,2,,https://course.ntu.edu.tw/courses/114-1/30143
T細胞與巨噬細胞免疫專題討論上,繆希椿,13529,Immuno7032,449M1361,選修,,"二 2,3,4",,1 類,,2,,https://course.ntu.edu.tw/courses/114-1/13529
碩士論文,黃冠穎,22346,Immuno7999,449M0010,必修,,,,1 類,,0,,https://course.ntu.edu.tw/courses/114-1/22346
高等免疫學專題討論,黃冠穎,49401,Immuno8008,449D0030,必修,,"三 2,3,4",基醫505,1 類,,2,,https://course.ntu.edu.tw/courses/114-1/49401
博士論文,黃冠穎,40496,Immuno8999,449D0010,必修,,,,1 類,,0,,https://course.ntu.edu.tw/courses/114-1/40496
醫學概論,王振泰,33559,IMP5002,P56U4010,必修,,"一 9,10,A",基醫405,2 類,,3,,https://course.ntu.edu.tw/courses/114-1/33559
智慧醫療程式設計,陳尚澤,56722,IMP5004,P56U9030,必修 / 選修,,"四 2,3,4",博雅406,2 類,,3,,https://course.ntu.edu.tw/courses/114-1/56722
醫學電資整合創意專題(一),林忠緯,34254,IMP5005,P56U9040,必修 / 選修,,"二 10,A,B",基醫508,2 類,,3,,https://course.ntu.edu.tw/courses/114-1/34254
Python人工智慧程式設計入門,陳彥賓,53442,IMPS1004,H4110040,,,"三 A,B,C",普103,3 類,,3,,https://course.ntu.edu.tw/courses/114-1/53442
跨領域實驗設計與統計方法,蘇士詠,52919,IMPS1005,H4110050,,,"三 6,7,8",新505,3 類,,3,,https://course.ntu.edu.tw/courses/114-1/52919
統計方法學,蘇士詠,56502,IMPS5007,H41U0090,必修 / 選修,,"四 2,3,4",新402,3 類,,3,,https://course.ntu.edu.tw/courses/114-1/56502
跨領域統計數據分析入門,陳彥賓,10446,IMPS5012,H41U0140,,,"二 7,8,9",博雅302,3 類,,3,,https://course.ntu.edu.tw/courses/114-1/10446
統計諮詢與實務,蘇士詠,49244,IMPS7004,H41M0080,必修,,"二 3,4",,2 類,,1,,https://course.ntu.edu.tw/courses/114-1/49244
統計諮詢與實務,陳彥賓,40769,IMPS7004,H41M0080,必修,,"二 A,B,C",,2 類,,1,,https://course.ntu.edu.tw/courses/114-1/40769
統計諮詢與實務,劉  鋼,95038,IMPS7004,H41M0080,必修,,"四 6,7,8",,2 類,,1,,https://course.ntu.edu.tw/courses/114-1/95038
碩士論文,,11683,IMPS7005,H41M0010,必修,,,,1 類,,0,,https://course.ntu.edu.tw/courses/114-1/11683
專題討論,胡明哲,38250,IMPS7006,H41M0020,必修,,四 8,,2 類,,1,,https://course.ntu.edu.tw/courses/114-1/38250
專題討論,溫在弘,20462,IMPS7006,H41M0020,必修,,一 A,,2 類,,1,,https://course.ntu.edu.tw/courses/114-1/20462
專題討論,張宏浩,37114,IMPS7006,H41M0020,必修,,,,2 類,,1,,https://course.ntu.edu.tw/courses/114-1/37114
認識全球與在地國際化,袁孝維,48610,INTL2200,I0022000,,,"四 8,9",博雅102,2 類,,2,,https://course.ntu.edu.tw/courses/114-1/48610
氣候變遷對策：地球急轉彎,謝宜桓,16413,IPCS3001,24730100,,,"三 8,9",綜401,2 類,,2,,https://course.ntu.edu.tw/courses/114-1/16413
氣候資料分析及數據應用,謝宜桓,52142,IPCS5016,247U1160,必修 / 選修,,"一 8,9",全變中心G202,2 類,,2,,https://course.ntu.edu.tw/courses/114-1/52142
國際發展與聯合國永續議程-理論與政策,簡旭伸,95026,IPCS5025,247U2140,選修,,"四 8,9",地理405,2 類,,2,,https://course.ntu.edu.tw/courses/114-1/95026
氣候變遷下的極端高溫：科學與社會的多元探索,羅敏輝,15354,IPCS5061,247U2350,選修,,"四 A,B,C",,2 類,,1,,https://course.ntu.edu.tw/courses/114-1/15354
空間生態學與保育應用分析,陳怡秀,33274,IPCS5062,247U2360,選修,,"四 6,7,8",全變中心G202,2 類,,3,,https://course.ntu.edu.tw/courses/114-1/33274
公民科學中的多元參與及實踐,陳怡秀,40663,IPCS5063,247U2370,選修,,"二 6,7,8",全變中心G202,2 類,,3,,https://course.ntu.edu.tw/courses/114-1/40663
專題討論一,孫烜駿,54524,IPCS7010,247M0050,必修,,"一 6,7",,1 類,,1,,https://course.ntu.edu.tw/courses/114-1/54524
專題討論二,孫烜駿,20872,IPCS7011,247M0060,必修,,"六 3,4",全變中心G202,1 類,,1,,https://course.ntu.edu.tw/courses/114-1/20872
專題討論三,廖昱凱,11684,IPCS7012,247M0070,必修,,"一 6,7",博雅302,2 類,,1,,https://course.ntu.edu.tw/courses/114-1/11684
專題討論三,孫烜駿,12433,IPCS7012,247M0070,必修,,"一 6,7",,2 類,,1,,https://course.ntu.edu.tw/courses/114-1/12433
專題討論三,徐辛,26471,IPCS7012,247M0070,必修,,"一 6,7",,2 類,,1,,https://course.ntu.edu.tw/courses/114-1/26471
專題討論三,陳怡秀,39388,IPCS7012,247M0070,必修,,"一 6,7",,2 類,,1,,https://course.ntu.edu.tw/courses/114-1/39388
專題討論四,廖昱凱,29233,IPCS7013,247M0080,必修,,"一 6,7",,2 類,,1,,https://course.ntu.edu.tw/courses/114-1/29233
專題討論四,孫烜駿,16729,IPCS7013,247M0080,必修,,"一 6,7",,2 類,,1,,https://course.ntu.edu.tw/courses/114-1/16729
前瞻議題I & II: 氣候服務與環境永續,簡旭伸,20073,IPCS7040,247M0320,必修 / 選修,,"五 3,4",全變中心G202,2 類,,1,,https://course.ntu.edu.tw/courses/114-1/20073
永續科學的研究方法,廖昱凱,38652,IPCS7048,247M2120,選修,,"五 6,7",全變中心G202,2 類,,2,,https://course.ntu.edu.tw/courses/114-1/38652
碩士論文,羅敏輝,38746,IPCS7999,247M0010,必修,,,,1 類,,0,,https://course.ntu.edu.tw/courses/114-1/38746
專題討論一,羅敏輝,16510,IPCS8001,247D0030,必修,,"一 6,7",,1 類,,1,,https://course.ntu.edu.tw/courses/114-1/16510
專題討論三,羅敏輝,57506,IPCS8003,247D0050,必修,,"一 6,7",,1 類,,1,,https://course.ntu.edu.tw/courses/114-1/57506
專題討論四,羅敏輝,38056,IPCS8004,247D0060,必修,,"一 6,7",,1 類,,1,,https://course.ntu.edu.tw/courses/114-1/38056
專題討論五,羅敏輝,27337,IPCS8005,247D0070,必修,,"一 6,7",,1 類,,1,,https://course.ntu.edu.tw/courses/114-1/27337
專題討論六,羅敏輝,23120,IPCS8006,247D0080,必修,,"一 6,7",,1 類,,1,,https://course.ntu.edu.tw/courses/114-1/23120
獨立研究,林子倫,41942,IPCS8007,247D0090,必修,,,,1 類,,2,,https://course.ntu.edu.tw/courses/114-1/41942
博士論文,羅敏輝,56907,IPCS8008,248D0010,必修,,,,1 類,,0,,https://course.ntu.edu.tw/courses/114-1/56907
社會科學程式設計,謝吉隆,33753,JOUR5020,342U1300,選修,,"一 2,3,4",新聞103,2 類,,3,,https://course.ntu.edu.tw/courses/114-1/33753
當代歐洲社會的倫理與暴力,洪貞玲,95063,JOUR5021,342U1310,選修,,,,2 類,,1,,https://course.ntu.edu.tw/courses/114-1/95063
公共政策與政治新聞報導,詹怡宜,43192,JOUR5022,342U1320,選修,,"四 2,3,4",新聞308,2 類,,3,,https://course.ntu.edu.tw/courses/114-1/43192
大眾傳播理論,蔡蕙如,22213,JOUR7021,342M2250,必修,,"二 2,3,4",新聞313,3 類,,3,,https://course.ntu.edu.tw/courses/114-1/22213
大眾傳播理論,林麗雲,10243,JOUR7021,342M2250,必修,,"二 2,3,4",新聞315,3 類,,3,,https://course.ntu.edu.tw/courses/114-1/10243
新聞攝影,楊光昇,34249,JOUR7039,342M2470,選修,,"五 10,A,B,C,D",新聞401,2 類,,3,,https://course.ntu.edu.tw/courses/114-1/34249
質化研究方法,林麗雲,11296,JOUR7040,342M2480,必修,,"三 7,8,9",新聞308,3 類,,3,,https://course.ntu.edu.tw/courses/114-1/11296
採訪寫作一,李雪莉,16655,JOUR7078,342M2940,必修,,"一 5,6,7,8,9,10",新聞313,3 類,,3,,https://course.ntu.edu.tw/courses/114-1/16655
採訪寫作一,劉力仁,37528,JOUR7078,342M2940,必修,,"五 5,6,7,8,9,10",新聞313,3 類,,3,,https://course.ntu.edu.tw/courses/114-1/37528
影像報導一,詹怡宜,29212,JOUR7080,342M2960,必修,,"二 5,6,7,8,9,10",新聞304,3 類,,3,,https://course.ntu.edu.tw/courses/114-1/29212
新聞法律與倫理,洪貞玲,52225,JOUR7084,342M3000,必修,,"二 7,8,9",新聞315,3 類,,3,,https://course.ntu.edu.tw/courses/114-1/52225
新聞法律與倫理,蘇慧婕,56745,JOUR7084,342M3000,必修,,"二 8,9,10",,3 類,,3,,https://course.ntu.edu.tw/courses/114-1/56745
網頁設計與敘事,謝吉隆,14358,JOUR7086,342M3020,選修,,"三 2,3,4",新聞103,2 類,,3,,https://course.ntu.edu.tw/courses/114-1/14358
財經新聞寫作,方德琳,19763,JOUR7090,342M3060,選修,,"四 7,8,9",新聞308,2 類,,3,,https://course.ntu.edu.tw/courses/114-1/19763
社群媒體與社會網絡分析,劉好迪,31405,JOUR7094,342M3100,選修,,"二 7,8,9",新聞313,2 類,,3,,https://course.ntu.edu.tw/courses/114-1/31405
網路時代的政治傳播,劉好迪,34131,JOUR7095,342M3110,選修,,"三 7,8,9",新聞313,2 類,,3,,https://course.ntu.edu.tw/courses/114-1/34131
視覺文化與傳播,蔡蕙如,24816,JOUR7100,342M3160,選修,,"一 2,3,4",新聞313,2 類,,3,,https://course.ntu.edu.tw/courses/114-1/24816
碩士論文,,48154,JOUR7999,342M0010,必修,,,,1 類,,0,,https://course.ntu.edu.tw/courses/114-1/48154
服務學習甲,洪瑟君,14763,JpnL0001,107001G0,必修,,,,2 類,,1,,https://course.ntu.edu.tw/courses/114-1/14763
日文上,許惠晴,02001,JpnL1001,10780011,必修,,"二 2,3,4",共403,2 類,,3,,https://course.ntu.edu.tw/courses/114-1/02001
日文上,劉沅華,02002,JpnL1001,10780011,必修,,"一 3,4,5",共307,2 類,,3,,https://course.ntu.edu.tw/courses/114-1/02002
日文上,李欣倫,02003,JpnL1001,10780011,必修,,"二 5,6,7",普201,2 類,,3,,https://course.ntu.edu.tw/courses/114-1/02003
日文上,黃意婷,02007,JpnL1001,10780011,必修,,"三 2,3,4",共407,2 類,,3,,https://course.ntu.edu.tw/courses/114-1/02007
日文上,村上理奈,02004,JpnL1001,10780011,必修,,"四 8,9,10",共307,2 類,,3,,https://course.ntu.edu.tw/courses/114-1/02004
日文上,李禹錫,02005,JpnL1001,10780011,必修,,"四 8,9,10",共406,2 類,,3,,https://course.ntu.edu.tw/courses/114-1/02005
日文上,楊又儒,02006,JpnL1001,10780011,必修,,"二 8,9,10",共306,2 類,,3,,https://course.ntu.edu.tw/courses/114-1/02006
日文上,曾寶儀,02008,JpnL1001,10780011,必修,,"三 2,3,4",共308,2 類,,3,,https://course.ntu.edu.tw/courses/114-1/02008
初級日語上,林立萍,18004,JpnL1007,10710111,必帶,,"二 6,7 / 四 8,9",普405/普202,2 類,,4,,https://course.ntu.edu.tw/courses/114-1/18004
日語會話一上,林欣慧,32100,JpnL1011,10710221,必帶,,"一 3,4 / 四 3,4",普306/共402,2 類,,4,,https://course.ntu.edu.tw/courses/114-1/32100
日語會話一上,服部美貴,59823,JpnL1011,10710221,必帶,,"一 6,7 / 四 3,4",普304/共304,2 類,,4,,https://course.ntu.edu.tw/courses/114-1/59823
日語會話一上,黃鈺涵,48478,JpnL1011,10710221,必帶,,"一 3,4 / 三 3,4",普406/普505,2 類,,4,,https://course.ntu.edu.tw/courses/114-1/48478
日文習作一上,田世民,26508,JpnL1013,10710311,必帶,,"三 3,4",普401,2 類,,2,,https://course.ntu.edu.tw/courses/114-1/26508
日文習作一上,洪瑟君,10830,JpnL1013,10710311,必帶,,"三 8,9",普301,2 類,,2,,https://course.ntu.edu.tw/courses/114-1/10830
日文習作一上,陳昭心,29425,JpnL1013,10710311,必帶,,"四 6,7",共307,2 類,,2,,https://course.ntu.edu.tw/courses/114-1/29425
日語聽講實習上,陳昭心,14330,JpnL1015,10710401,必帶,,"五 3,4",普202,2 類,,2,,https://course.ntu.edu.tw/courses/114-1/14330
日語聽講實習上,黃鈺涵,35935,JpnL1015,10710401,必帶,,"四 6,7",普204,2 類,,2,,https://course.ntu.edu.tw/courses/114-1/35935
日語聽講實習上,洪瑟君,58809,JpnL1015,10710401,必帶,,"四 3,4",共306,2 類,,2,,https://course.ntu.edu.tw/courses/114-1/58809
中級日語上,林慧君,40254,JpnL2001,10720101,必帶,,"四 3,4,5",普204,2 類,,3,,https://course.ntu.edu.tw/courses/114-1/40254
中級日語上,陳昭心,41418,JpnL2001,10720101,必帶,,"一 2,3,4",普304,2 類,,3,,https://course.ntu.edu.tw/courses/114-1/41418
日語會話二上,堀越和男,50765,JpnL2003,10720221,必帶,,"三 8,9,10",共202,2 類,,3,,https://course.ntu.edu.tw/courses/114-1/50765
日語會話二上,守時愛里,27569,JpnL2003,10720221,必帶,,"四 8,9,10",普201,2 類,,3,,https://course.ntu.edu.tw/courses/114-1/27569
日語會話二上,服部美貴,19988,JpnL2003,10720221,必帶,,"二 8,9,10",普201,2 類,,3,,https://course.ntu.edu.tw/courses/114-1/19988
日語語法上,林慧君,22171,JpnL2005,10720301,必帶,,"三 2,3,4",普205,2 類,,3,,https://course.ntu.edu.tw/courses/114-1/22171
日文習作二上,守時愛里,14844,JpnL2009,10720421,必帶,,"一 3,4",普504,2 類,,2,,https://course.ntu.edu.tw/courses/114-1/14844
日文習作二上,服部美貴,30618,JpnL2009,10720421,必帶,,"四 1,2",共304,2 類,,2,,https://course.ntu.edu.tw/courses/114-1/30618
日文翻譯一上,朱秋而,50918,JpnL2011,10720501,必帶,,"二 8,9",普505,2 類,,2,,https://course.ntu.edu.tw/courses/114-1/50918
日本童話選讀上,林欣慧,44846,JpnL2015,10720701,選修,,"二 3,4",普402,2 類,,2,,https://course.ntu.edu.tw/courses/114-1/44846
日文一上,池田晶子,22516,JpnL2017,10722511,選修,,"一 5,6,7",共308,2 類,,3,,https://course.ntu.edu.tw/courses/114-1/22516
日文一上,劉伊涵,42692,JpnL2017,10722511,選修,,"一 2,3,4",共305,2 類,,3,,https://course.ntu.edu.tw/courses/114-1/42692
日文一上,彭誼芝,22759,JpnL2017,10722511,選修,,"一 3,4,5",共406,2 類,,3,,https://course.ntu.edu.tw/courses/114-1/22759
日文一上,李禹錫,37910,JpnL2017,10722511,選修,,"一 8,9,10",共305,2 類,,3,,https://course.ntu.edu.tw/courses/114-1/37910
日文一上,林姿妙,24367,JpnL2017,10722511,必修,,"五 2,3,4",共407,2 類,,3,,https://course.ntu.edu.tw/courses/114-1/24367
日文一上,村上理奈,36790,JpnL2017,10722511,選修,,"一 2,3,4",共303,2 類,,3,,https://course.ntu.edu.tw/courses/114-1/36790
日文一上,李禹錫,30065,JpnL2017,10722511,選修,,"一 5,6,7",共302,2 類,,3,,https://course.ntu.edu.tw/courses/114-1/30065
日文一上,林姿妙,47693,JpnL2017,10722511,選修,,"二 3,4,5",共306,2 類,,3,,https://course.ntu.edu.tw/courses/114-1/47693
日文一上,劉伊涵,17821,JpnL2017,10722511,選修,,"一 5,6,7",共305,2 類,,3,,https://course.ntu.edu.tw/courses/114-1/17821
日文一上,江佩璇,18203,JpnL2017,10722511,選修,,"二 2,3,4",共307,2 類,,3,,https://course.ntu.edu.tw/courses/114-1/18203
日文一上,彭誼芝,48725,JpnL2017,10722511,選修,,"二 3,4,5",共407,2 類,,3,,https://course.ntu.edu.tw/courses/114-1/48725
日文一上,許惠晴,53603,JpnL2017,10722511,選修,,"二 5,6,7",共403,2 類,,3,,https://course.ntu.edu.tw/courses/114-1/53603
日文一上,李禹錫,39313,JpnL2017,10722511,選修,,"二 5,6,7",共404,2 類,,3,,https://course.ntu.edu.tw/courses/114-1/39313
日文一上,江佩璇,55228,JpnL2017,10722511,選修,,"二 5,6,7",共405,2 類,,3,,https://course.ntu.edu.tw/courses/114-1/55228
日文一上,李禹錫,11308,JpnL2017,10722511,選修,,"二 8,9,10",共402,2 類,,3,,https://course.ntu.edu.tw/courses/114-1/11308
日文一上,楊又儒,57121,JpnL2017,10722511,選修,,"二 3,4,5",共305,2 類,,3,,https://course.ntu.edu.tw/courses/114-1/57121
日文一上,賴建樺,48168,JpnL2017,10722511,選修,,"二 5,6,7",共308,2 類,,3,,https://course.ntu.edu.tw/courses/114-1/48168
日文一上,村上理奈,13851,JpnL2017,10722511,選修,,"三 3,4,5",共307,2 類,,3,,https://course.ntu.edu.tw/courses/114-1/13851
日文一上,洪淑娟,14654,JpnL2017,10722511,選修,,"三 5,6,7",共303,2 類,,3,,https://course.ntu.edu.tw/courses/114-1/14654
日文一上,張鈞竹,33450,JpnL2017,10722511,選修,,"三 5,6,7",共302,2 類,,3,,https://course.ntu.edu.tw/courses/114-1/33450
日文一上,黃意婷,36463,JpnL2017,10722511,選修,,"三 5,6,7",共407,2 類,,3,,https://course.ntu.edu.tw/courses/114-1/36463
日文一上,曾寶儀,11275,JpnL2017,10722511,選修,,"三 5,6,7",共308,2 類,,3,,https://course.ntu.edu.tw/courses/114-1/11275
日文一上,池田晶子,59669,JpnL2017,10722511,選修,,"三 8,9,10",共304,2 類,,3,,https://course.ntu.edu.tw/courses/114-1/59669
日文一上,村上理奈,10439,JpnL2017,10722511,選修,,"三 8,9,10",共306,2 類,,3,,https://course.ntu.edu.tw/courses/114-1/10439
日文一上,楊又儒,47351,JpnL2017,10722511,選修,,"三 8,9,10",共305,2 類,,3,,https://course.ntu.edu.tw/courses/114-1/47351
日文一上,賴建樺,40140,JpnL2017,10722511,選修,,"四 5,6,7",共308,2 類,,3,,https://course.ntu.edu.tw/courses/114-1/40140
日文一上,張鈞竹,51302,JpnL2017,10722511,選修,,"四 5,6,7",共303,2 類,,3,,https://course.ntu.edu.tw/courses/114-1/51302
日文一上,李欣倫,30023,JpnL2017,10722511,選修,,"四 5,6,7",共202,2 類,,3,,https://course.ntu.edu.tw/courses/114-1/30023
日文一上,林姿妙,21558,JpnL2017,10722511,選修,,"四 3,4,5",共302,2 類,,3,,https://course.ntu.edu.tw/courses/114-1/21558
日文一上,張鈞竹,13073,JpnL2017,10722511,選修,,"四 8,9,10",共303,2 類,,3,,https://course.ntu.edu.tw/courses/114-1/13073
日文一上,賴建樺,39831,JpnL2017,10722511,選修,,"四 8,9,10",共308,2 類,,3,,https://course.ntu.edu.tw/courses/114-1/39831
日文一上,楊又儒,51981,JpnL2017,10722511,選修,,"三 2,3,4",共402,2 類,,3,,https://course.ntu.edu.tw/courses/114-1/51981
日文一上,池田晶子,13177,JpnL2017,10722511,選修,,"一 8,9,10",共308,2 類,,3,,https://course.ntu.edu.tw/courses/114-1/13177
日文一上,許惠晴,36468,JpnL2017,10722511,選修,,"四 5,6,7",共306,2 類,,3,,https://course.ntu.edu.tw/courses/114-1/36468
日文一上,洪淑娟,30358,JpnL2017,10722511,選修,,"五 2,3,4",共306,2 類,,3,,https://course.ntu.edu.tw/courses/114-1/30358
日文一上,洪淑娟,21188,JpnL2017,10722511,選修,,"五 5,6,7",共306,2 類,,3,,https://course.ntu.edu.tw/courses/114-1/21188
日文一上,張鈞竹,27910,JpnL2017,10722511,選修,,"五 5,6,7",共303,2 類,,3,,https://course.ntu.edu.tw/courses/114-1/27910
日本語言學概論上,林立萍,41939,JpnL3001,10730101,必帶,,"二 8,9",普306,2 類,,2,,https://course.ntu.edu.tw/courses/114-1/41939
日本文學史上,曹景惠,46231,JpnL3003,10730201,必帶,,"二 3,4,5",普501,2 類,,3,,https://course.ntu.edu.tw/courses/114-1/46231
日本文學名著選讀上,洪瑟君,35117,JpnL3007,10730301,必帶,,"五 3,4",普201,2 類,,2,,https://course.ntu.edu.tw/courses/114-1/35117
日文翻譯二上,服部美貴,49502,JpnL3009,10730421,必帶,,"一 3,4",普402,2 類,,2,,https://course.ntu.edu.tw/courses/114-1/49502
日文翻譯二上,服部美貴,49326,JpnL3009,10730421,必帶,,"三 3,4",普202,2 類,,2,,https://course.ntu.edu.tw/courses/114-1/49326
高級日語上,田世民,45463,JpnL3011,10730501,必帶,,"四 3,4",普501,2 類,,2,,https://course.ntu.edu.tw/courses/114-1/45463
高級日語上,朱秋而,23237,JpnL3011,10730501,必帶,,"四 3,4",共102,2 類,,2,,https://course.ntu.edu.tw/courses/114-1/23237
日文二上,曾寶儀,39554,JpnL3047,10732521,選修,,"一 2,3,4",共407,2 類,,3,,https://course.ntu.edu.tw/courses/114-1/39554
日文二上,江佩璇,24222,JpnL3047,10732521,選修,,"一 3,4,5",共306,2 類,,3,,https://course.ntu.edu.tw/courses/114-1/24222
日文二上,李欣倫,36977,JpnL3047,10732521,選修,,"一 5,6,7",共304,2 類,,3,,https://course.ntu.edu.tw/courses/114-1/36977
日文二上,曾寶儀,43938,JpnL3047,10732521,選修,,"一 5,6,7",共407,2 類,,3,,https://course.ntu.edu.tw/courses/114-1/43938
日文二上,石川隆男,34424,JpnL3047,10732521,選修,,"二 2,3,4",共303,2 類,,3,,https://course.ntu.edu.tw/courses/114-1/34424
日文二上,劉沅華,56819,JpnL3047,10732521,選修,,"一 8,9,10",共407,2 類,,3,,https://course.ntu.edu.tw/courses/114-1/56819
日文二上,石川隆男,52409,JpnL3047,10732521,選修,,"二 5,6,7",共303,2 類,,3,,https://course.ntu.edu.tw/courses/114-1/52409
日文二上,李欣倫,16940,JpnL3047,10732521,選修,,"一 8,9,10",共304,2 類,,3,,https://course.ntu.edu.tw/courses/114-1/16940
日文二上,許惠晴,33812,JpnL3047,10732521,選修,,"三 2,3,4",共202,2 類,,3,,https://course.ntu.edu.tw/courses/114-1/33812
日文二上,許惠晴,14798,JpnL3047,10732521,選修,,"三 5,6,7",共202,2 類,,3,,https://course.ntu.edu.tw/courses/114-1/14798
日文二上,江佩璇,50062,JpnL3047,10732521,選修,,"三 5,6,7",共304,2 類,,3,,https://course.ntu.edu.tw/courses/114-1/50062
日文二上,張鈞竹,28669,JpnL3047,10732521,選修,,"三 8,9,10",共302,2 類,,3,,https://course.ntu.edu.tw/courses/114-1/28669
日文二上,劉伊涵,44944,JpnL3047,10732521,選修,,"四 2,3,4",共407,2 類,,3,,https://course.ntu.edu.tw/courses/114-1/44944
日文二上,洪淑娟,24018,JpnL3047,10732521,選修,,"三 8,9,10",共303,2 類,,3,,https://course.ntu.edu.tw/courses/114-1/24018
日文二上,劉伊涵,47818,JpnL3047,10732521,選修,,"四 5,6,7",共407,2 類,,3,,https://course.ntu.edu.tw/courses/114-1/47818
日文二上,黃意婷,29764,JpnL3047,10732521,必修,,"四 7,8,9",共404,2 類,,3,,https://course.ntu.edu.tw/courses/114-1/29764
日文二上,賴建樺,51282,JpnL3047,10732521,選修,,"五 3,4,5",共305,2 類,,3,,https://course.ntu.edu.tw/courses/114-1/51282
日文二上,劉沅華,29774,JpnL3047,10732521,選修,,"四 8,9,10",共306,2 類,,3,,https://course.ntu.edu.tw/courses/114-1/29774
日文二上,黃意婷,32837,JpnL3047,10732521,選修,,"四 3,4,5",共307,2 類,,3,,https://course.ntu.edu.tw/courses/114-1/32837
日文二上,池田晶子,59256,JpnL3047,10732521,選修,,"五 5,6,7",共307,2 類,,3,,https://course.ntu.edu.tw/courses/114-1/59256
日文二上,彭誼芝,47606,JpnL3047,10732521,選修,,"五 3,4,5",共308,2 類,,3,,https://course.ntu.edu.tw/courses/114-1/47606
日本思想名著選讀上,田世民,28351,JpnL3057,10732401,選修,,"三 8,9",普202,2 類,,2,,https://course.ntu.edu.tw/courses/114-1/28351
日語教育學概論,黃鈺涵,49700,JpnL3067,10733000,選修,,"一 6,7",普204,2 類,,2,,https://course.ntu.edu.tw/courses/114-1/49700
日文研究文獻導讀一,林慧君,18644,JpnL3068,10733110,選修,,"二 6,7",普306,2 類,,2,,https://course.ntu.edu.tw/courses/114-1/18644
日本戲劇導讀與多媒體上,王憶雲,50020,JpnL3070,10732311,選修,,"四 8,9",普204,2 類,,2,,https://course.ntu.edu.tw/courses/114-1/50020
應用日文與口語表達,石川隆男,17811,JpnL3072,10733100,選修,,"三 6,7",普201,2 類,,2,,https://course.ntu.edu.tw/courses/114-1/17811
日本近現代文學選讀上,王憶雲,29988,JpnL4003,10740111,選修,,"四 3,4",普404,2 類,,2,,https://course.ntu.edu.tw/courses/114-1/29988
日本古典文學選讀上,朱秋而,19673,JpnL4020,10741001,必帶,,"四 8,9",普503,2 類,,2,,https://course.ntu.edu.tw/courses/114-1/19673
日文三上,守時愛里,50132,JpnL4029,10742531,選修,,"二 3,4,5",普405,2 類,,3,,https://course.ntu.edu.tw/courses/114-1/50132
日文三上,黃意婷,33983,JpnL4029,10742531,選修,,"五 2,3,4",共203,2 類,,3,,https://course.ntu.edu.tw/courses/114-1/33983
日文三上,劉沅華,57404,JpnL4029,10742531,選修,,"三 2,3,4",共104,2 類,,3,,https://course.ntu.edu.tw/courses/114-1/57404
日文三上,曾寶儀,36603,JpnL4029,10742531,選修,,"四 2,3,4",共303,2 類,,3,,https://course.ntu.edu.tw/courses/114-1/36603
日文三上,石川隆男,42023,JpnL4029,10742531,選修,,"三 8,9,10",普201,2 類,,3,,https://course.ntu.edu.tw/courses/114-1/42023
日文三上,劉伊涵,30925,JpnL4029,10742531,選修,,"二 5,6,7",普505,2 類,,3,,https://course.ntu.edu.tw/courses/114-1/30925
專題討論上,黃鈺涵,19395,JpnL4034,10741501,選修,,,,2 類,,1,,https://course.ntu.edu.tw/courses/114-1/19395
日語溝通表達與跨文化交流,黃鈺涵,29228,JpnL4043,10741800,選修,,"二 3,4",博雅308,2 類,,2,,https://course.ntu.edu.tw/courses/114-1/29228
日本中世文學選讀一,曹景惠,21783,JpnL5001,127U1110,選修,,"一 3,4",普501,2 類,,2,,https://course.ntu.edu.tw/courses/114-1/21783
南坊流茶道：作為博多地方認同之精神文化,林慧君,50356,JpnL5003,127U2100,必修 / 選修,,,,2 類,,1,,https://course.ntu.edu.tw/courses/114-1/50356
日本近現代文學研究上,王憶雲,25946,JpnL7048,127M0901,選修,,"三 8,9",,2 類,,2,,https://course.ntu.edu.tw/courses/114-1/25946
中日詩歌比較研究上,朱秋而,52647,JpnL7049,127M0811,選修,,"二 6,7",,2 類,,2,,https://course.ntu.edu.tw/courses/114-1/52647
日語教育學研究上,黃鈺涵,27988,JpnL7055,127M1801,選修,,"四 3,4",,2 類,,2,,https://course.ntu.edu.tw/courses/114-1/27988
日本語彙與表現之研究上,林立萍,58624,JpnL7061,127M1711,選修,,"四 6,7",,2 類,,2,,https://course.ntu.edu.tw/courses/114-1/58624
近代中日文化思想交流史研究上,徐興慶,19097,JpnL7063,127M2111,選修,,"一 3,4",,2 類,,2,,https://course.ntu.edu.tw/courses/114-1/19097
近代日本的中國認識與亞洲論上,何思慎,35209,JpnL7069,127M2311,選修,,"一 6,7",,2 類,,2,,https://course.ntu.edu.tw/courses/114-1/35209
日本近代南洋文學研究上,洪瑟君,26907,JpnL7071,127M0311,選修,,"三 3,4",,2 類,,2,,https://course.ntu.edu.tw/courses/114-1/26907
日語語法學專題研究一,林慧君,58980,JpnL7073,127M2010,選修,,"二 3,4",,2 類,,2,,https://course.ntu.edu.tw/courses/114-1/58980
日語對比語言學專題研究一,陳昭心,13513,JpnL7075,127M1910,選修,,"一 8,9",,2 類,,2,,https://course.ntu.edu.tw/courses/114-1/13513
日本物語文學研究一,林欣慧,44186,JpnL7083,127M0110,選修,,"一 6,7",,2 類,,2,,https://course.ntu.edu.tw/courses/114-1/44186
近代日本思想專題研究一,田世民,20543,JpnL7087,127M2610,選修,,"二 8,9",,2 類,,2,,https://course.ntu.edu.tw/courses/114-1/20543
碩士論文,,57437,JpnL7999,127M0010,必修,,,,1 類,,0,,https://course.ntu.edu.tw/courses/114-1/57437
服務學習甲,林春元,42590,LAW0004,A01001G0,必修,,,,1 類,,1,,https://course.ntu.edu.tw/courses/114-1/42590
服務學習甲,陳皓芸,17824,LAW0004,A01001G0,必修,,,,1 類,,1,,https://course.ntu.edu.tw/courses/114-1/17824
服務學習甲,張譯文,14617,LAW0004,A01001G0,必修,,,,1 類,,1,,https://course.ntu.edu.tw/courses/114-1/14617
服務學習甲,陳衍任,36011,LAW0004,A01001G0,必修,,,,1 類,,1,,https://course.ntu.edu.tw/courses/114-1/36011
服務學習甲,黃種甲,34680,LAW0004,A01001G0,必修,,,,1 類,,1,,https://course.ntu.edu.tw/courses/114-1/34680
服務學習甲,羅懋緯,42566,LAW0004,A01001G0,必修,,,,1 類,,1,,https://course.ntu.edu.tw/courses/114-1/42566
服務學習乙,王皇玉,21330,LAW0005,A01001H0,必修,,,,1 類,,1,,https://course.ntu.edu.tw/courses/114-1/21330
服務學習乙,吳從周,11035,LAW0005,A01001H0,必修,,,,1 類,,1,,https://course.ntu.edu.tw/courses/114-1/11035
服務學習乙,黃詩淳,36990,LAW0005,A01001H0,必修,,,,1 類,,1,,https://course.ntu.edu.tw/courses/114-1/36990
動物與法律,林明鏘,28414,LAW1041,A0110920,選修,,"二 6,7",萬2201,2 類,,2,,https://course.ntu.edu.tw/courses/114-1/28414
法學緒論,陳昭如,52089,LAW1050,A0111110,,,"一 8,9,10",萬2311,2 類,,3,,https://course.ntu.edu.tw/courses/114-1/52089
憲法,葉俊榮,28357,LAW1060,A01131A0,必修 / 選修,,"一 3,4 / 二 3,4",萬2101,2 類,,4,,https://course.ntu.edu.tw/courses/114-1/28357
憲法,蘇慧婕,38235,LAW1060,A01131A0,必修,,"一 3,4 / 二 3,4",霖1401,2 類,,4,,https://course.ntu.edu.tw/courses/114-1/38235
法理學,顏厥安,27794,LAW2011,A0120130,必修,,"二 3,4",萬2201,2 類,,2,,https://course.ntu.edu.tw/courses/114-1/27794
刑法總則一,周漾沂,21887,LAW2053,A0125230,必修,,"五 6,7,8",萬2311,2 類,,3,,https://course.ntu.edu.tw/courses/114-1/21887
刑法總則一,謝煜偉,58519,LAW2053,A0125230,必修,,"一 6,7,8",萬2101,3 類,,3,,https://course.ntu.edu.tw/courses/114-1/58519
刑法總則一,黃種甲,10729,LAW2053,A0125230,必修,,"二 6,7,8",霖1303,2 類,,3,,https://course.ntu.edu.tw/courses/114-1/10729
刑法分則,許恒達,42334,LAW2055,A0125200,必修,,"一 3,4,6,7",萬2201,2 類,,4,,https://course.ntu.edu.tw/courses/114-1/42334
民法債編總論一,吳從周,32681,LAW2068,A0127130,必修,,"三 2,3,4",萬2201,3 類,,3,,https://course.ntu.edu.tw/courses/114-1/32681
民法債編總論二,張譯文,15370,LAW2069,A0127140,必修,,"一 8,9,10",萬2201,2 類,,3,,https://course.ntu.edu.tw/courses/114-1/15370
勞動法,王能君,45388,LAW2088,A0128150,選修,,"二 8,9",霖1401,3 類,,2,,https://course.ntu.edu.tw/courses/114-1/45388
國際公法,羅懋緯,52060,LAW2090,A0128200,必修,,"四 3,4",萬2101,2 類,,2,,https://course.ntu.edu.tw/courses/114-1/52060
國際海洋法一,姜皇池,30338,LAW2091,A0128320,選修,,"二 3,4",霖1302,1 類,,2,,https://course.ntu.edu.tw/courses/114-1/30338
國際海洋法二,姜皇池,43163,LAW2092,A0128330,選修,,"二 3,4",,1 類,,2,,https://course.ntu.edu.tw/courses/114-1/43163
商標法,黃銘傑,52991,LAW3010,A0130100,選修,,"五 8,9",萬2201,2 類,,2,,https://course.ntu.edu.tw/courses/114-1/52991
專利法,李素華,44468,LAW3020,A0130200,選修,,"三 3,4",博雅103,2 類,,2,,https://course.ntu.edu.tw/courses/114-1/44468
智慧財產權法導論,陳皓芸,21724,LAW3030,A0130500,,,"四 8,9",萬2311,2 類,,2,,https://course.ntu.edu.tw/courses/114-1/21724
財政法,陳衍任,31842,LAW3094,A0131300,選修,,"一 6,7",霖1402,2 類,,2,,https://course.ntu.edu.tw/courses/114-1/31842
行政法,孫迺翊,18223,LAW3160,A0133100,必修,,"一 3,4 / 二 6,7",霖1403,2 類,,4,,https://course.ntu.edu.tw/courses/114-1/18223
行政法,陳衍任,44343,LAW3160,A0133100,必修,,"四 6,7,8,9",萬2201,2 類,,4,,https://course.ntu.edu.tw/courses/114-1/44343
刑事訴訟法,薛智仁,33389,LAW3260,A0135310,必修,,"二 3,4 / 四 3,4",萬2311,3 類,,4,,https://course.ntu.edu.tw/courses/114-1/33389
刑事訴訟法,蘇凱平,40708,LAW3260,A0135310,必修,,"二 6,7 / 五 6,7",,2 類,,4,,https://course.ntu.edu.tw/courses/114-1/40708
民事訴訟法甲上,沈冠伶,46758,LAW3271,A01361A1,必修,,"三 3,4 / 五 3,4",萬2311,2 類,,3,,https://course.ntu.edu.tw/courses/114-1/46758
民事訴訟法甲上,吳從周,17044,LAW3271,A01361A1,必修,,"四 6,7,9,10",萬2101,3 類,,3,,https://course.ntu.edu.tw/courses/114-1/17044
民事訴訟法甲上,陳瑋佑,20656,LAW3271,A01361A1,必修,,"三 3,4 / 五 3,4",萬2101,2 類,,3,,https://course.ntu.edu.tw/courses/114-1/20656
民法身分法,黃詩淳,43856,LAW3282,A0131440,必修,,"五 2,3,4",萬2201,2 類,,3,,https://course.ntu.edu.tw/courses/114-1/43856
商事法總論及公司法,曾宛如,41480,LAW3300,A0138000,必修,,"一 2,3,4",萬2311,2 類,,3,,https://course.ntu.edu.tw/courses/114-1/41480
商事法總論及公司法,邵慶平,57403,LAW3300,A0138000,必修,,"五 7,8,9",霖1401,2 類,,3,,https://course.ntu.edu.tw/courses/114-1/57403
保險法,汪信君,34810,LAW3301,A0138300,必修,,"一 6,7",萬2311,2 類,,2,,https://course.ntu.edu.tw/courses/114-1/34810
環境法,葉俊榮,56371,LAW3350,A0139000,,,"一 6,7",霖1401,2 類,,2,,https://course.ntu.edu.tw/courses/114-1/56371
法律實習一上,林明鏘,11479,LAW3401,A0147701,選修,,"六 6,7,8,9",霖1401,2 類,,2,,https://course.ntu.edu.tw/courses/114-1/11479
法律實習一上,陳瑋佑,18279,LAW3401,A0147701,選修,,"六 6,7,8,9",霖1402,2 類,,2,,https://course.ntu.edu.tw/courses/114-1/18279
新聞法律與倫理,蘇慧婕,57060,LAW4005,A0143260,選修,,"二 8,9,10",霖1402,2 類,,3,,https://course.ntu.edu.tw/courses/114-1/57060
娛樂產業與法律,李素華,23396,LAW4006,A0140500,選修,,"二 8,9",新102,2 類,,2,,https://course.ntu.edu.tw/courses/114-1/23396
日文法學名著選讀一,陳皓芸,31657,LAW4011,A0140210,選修,,"二 6,7",霖1402,2 類,,2,,https://course.ntu.edu.tw/courses/114-1/31657
日文法學名著選讀二,蔡英欣,11944,LAW4012,A0140220,選修,,"三 3,4",霖1402,2 類,,2,,https://course.ntu.edu.tw/courses/114-1/11944
日文法學名著選讀三,黃銘傑,49134,LAW4013,A0140230,選修,,"五 6,7",霖研六1703,2 類,,2,,https://course.ntu.edu.tw/courses/114-1/49134
日文法學名著選讀四,黃銘傑,22791,LAW4014,A0140240,選修,,"五 6,7",,2 類,,2,,https://course.ntu.edu.tw/courses/114-1/22791
德文法學名著選讀一,薛智仁,51930,LAW4015,A0140510,選修,,"一 8,9",霖1302,2 類,,2,,https://course.ntu.edu.tw/courses/114-1/51930
德文法學名著選讀一,張譯文,32070,LAW4015,A0140510,選修,,"五 6,7",霖研五1702,2 類,,2,,https://course.ntu.edu.tw/courses/114-1/32070
德文法學名著選讀二,薛智仁,17770,LAW4016,A0140520,選修,,"一 8,9",,2 類,,2,,https://course.ntu.edu.tw/courses/114-1/17770
德文法學名著選讀二,張譯文,58613,LAW4016,A0140520,選修,,"五 6,7",,2 類,,2,,https://course.ntu.edu.tw/courses/114-1/58613
德文法學名著選讀三,薛智仁,30248,LAW4017,A0140530,選修,,"一 8,9",,2 類,,2,,https://course.ntu.edu.tw/courses/114-1/30248
德文法學名著選讀三,張譯文,15457,LAW4017,A0140530,選修,,"五 6,7",,2 類,,2,,https://course.ntu.edu.tw/courses/114-1/15457
德文法學名著選讀四,薛智仁,15510,LAW4018,A0140540,選修,,"一 8,9",,2 類,,2,,https://course.ntu.edu.tw/courses/114-1/15510
英美法學名著選讀一,黃種甲,27583,LAW4023,A0140910,選修,,"三 3,4",霖研六1703,2 類,,2,,https://course.ntu.edu.tw/courses/114-1/27583
英美法學名著選讀二,黃種甲,21222,LAW4024,A0140920,選修,,"三 3,4",,2 類,,2,,https://course.ntu.edu.tw/courses/114-1/21222
法律史,陳韻如,18189,LAW4050,A0142100,必修,,"二 8,9",萬2201,2 類,,2,,https://course.ntu.edu.tw/courses/114-1/18189
公平交易法,廖義男,38358,LAW4100,A0143200,選修,,"二 1,2",霖1506,2 類,,2,,https://course.ntu.edu.tw/courses/114-1/38358
國際私法,邵慶平,49356,LAW4110,A0144000,選修,,"五 3,4",霖1403,2 類,,2,,https://course.ntu.edu.tw/courses/114-1/49356
法律實習專題討論,陳瑋佑,21403,LAW4116,A0148290,選修,,"六 6,7,8,9",,2 類,,2,,https://course.ntu.edu.tw/courses/114-1/21403
強制執行法,許士宦,35646,LAW4130,A0146300,選修,,"三 3,4",霖1401,2 類,,2,,https://course.ntu.edu.tw/courses/114-1/35646
醫療法律責任,陳聰富,20068,LAW4270,A0150380,,,"二 8,9",萬2311,2 類,,2,,https://course.ntu.edu.tw/courses/114-1/20068
法律實習二,陳瑋佑,36119,LAW4282,A0147610,選修,,"六 6,7,8,9",,2 類,,2,,https://course.ntu.edu.tw/courses/114-1/36119
證券交易法,余雪明,13590,LAW5030,A21U0620,選修,,"一 8,9",霖1506,2 類,,2,,https://course.ntu.edu.tw/courses/114-1/13590
法律之經濟分析,黃種甲,55567,LAW5080,A21U1420,選修,,"二 9,10",霖1303,2 類,,2,,https://course.ntu.edu.tw/courses/114-1/55567
勞工法專題研究一,王能君,45931,LAW5091,A21M5070,選修,,"二 6,7",霖研六1703,2 類,,2,,https://course.ntu.edu.tw/courses/114-1/45931
企業法制專題研究一,蔡英欣,12805,LAW5095,A21M5030,選修,,"二 3,4",霖1304,1 類,,2,,https://course.ntu.edu.tw/courses/114-1/12805
企業法制專題研究二,蔡英欣,26655,LAW5096,A21M5040,選修,,"二 3,4",,1 類,,2,,https://course.ntu.edu.tw/courses/114-1/26655
WTO法,洪德欽,39259,LAW5139,A21U4330,選修,,"三 3,4",,2 類,,2,,https://course.ntu.edu.tw/courses/114-1/39259
國際民事程序法導論,陳瑋佑,41820,LAW5180,A21U4720,選修,,"五 6,7",霖1303,2 類,,2,,https://course.ntu.edu.tw/courses/114-1/41820
國際人權法專題討論一,張文貞,36276,LAW5197,A21U4370,選修,,"二 8,9",霖研四1701,2 類,,2,,https://course.ntu.edu.tw/courses/114-1/36276
國際人權法專題討論二,張文貞,49762,LAW5198,A21U4380,選修,,"二 8,9",,2 類,,2,,https://course.ntu.edu.tw/courses/114-1/49762
金融法,陳肇鴻,32793,LAW5250,A21U2340,選修,,"三 3,4",霖1403,2 類,,2,,https://course.ntu.edu.tw/courses/114-1/32793
美國憲法案例專題一,張文貞,18272,LAW5272,A21U2300,選修,,"二 3,4",霖研一1501,2 類,,2,,https://course.ntu.edu.tw/courses/114-1/18272
計算機概論,張傑帆,22543,LAW5328,A21U6610,選修,,"四 8,9",霖1402,2 類,,2,,https://course.ntu.edu.tw/courses/114-1/22543
法理論專題討論一,莊世同,56440,LAW5336,A21U4530,選修,,"一 6,7",霖研七1709,2 類,,2,,https://course.ntu.edu.tw/courses/114-1/56440
法理論專題討論二,莊世同,49983,LAW5337,A21U4540,選修,,"一 6,7",,2 類,,2,,https://course.ntu.edu.tw/courses/114-1/49983
法理論專題討論三,莊世同,19316,LAW5338,A21U4550,選修,,"一 6,7",,2 類,,2,,https://course.ntu.edu.tw/courses/114-1/19316
財產法專題研究一,張譯文,48722,LAW5372,A21M2440,選修,,"五 3,4",霖研五1702,2 類,,2,,https://course.ntu.edu.tw/courses/114-1/48722
財務會計,繆文娟,17362,LAW5435,A21U1140,選修,,"五 7,8,9",霖1304,2 類,,3,,https://course.ntu.edu.tw/courses/114-1/17362
財務報表分析,黃承祖,48284,LAW5443,A21U6620,選修,,"一 8,9",霖1304,2 類,,2,,https://course.ntu.edu.tw/courses/114-1/48284
法的知識,王泰升,19908,LAW5447,A21U3720,選修,,"二 3,4",霖1303,2 類,,2,,https://course.ntu.edu.tw/courses/114-1/19908
身分法專題討論,黃詩淳,57974,LAW5456,A21U3890,選修,,"一 3,4",霖1506,2 類,,2,,https://course.ntu.edu.tw/courses/114-1/57974
勞動法專題討論一,徐婉寧,20743,LAW5457,A21U3900,選修,,"一 6,7",霖研六1703,2 類,,2,,https://course.ntu.edu.tw/courses/114-1/20743
國際商事契約理論與實務,陳肇鴻,50958,LAW5461,A21U1060,選修,,"四 3,4",霖1304,2 類,,2,,https://course.ntu.edu.tw/courses/114-1/50958
國際商事法實務應用專題討論,黃銘傑,40463,LAW5463,A21U4820,選修,,"五 3,4",霖1506,2 類,,2,,https://course.ntu.edu.tw/courses/114-1/40463
台日比較法入門,黃詩淳,20456,LAW5467,A21U3740,選修,,,,2 類,,1,,https://course.ntu.edu.tw/courses/114-1/20456
刑事法與刑事政策專題研究,薛智仁,20446,LAW5481,A21M6490,選修,,"一 3,4",霖研六1703,2 類,,2,,https://course.ntu.edu.tw/courses/114-1/20446
刑事法與刑事政策專題研究二,薛智仁,45235,LAW5483,A21M6500,選修,,"一 3,4",,2 類,,2,,https://course.ntu.edu.tw/courses/114-1/45235
檢察實務─檢察官之公訴,黃謀信,32031,LAW5496,A21U6690,選修,,"三 3,4",霖1304,2 類,,2,,https://course.ntu.edu.tw/courses/114-1/32031
生育正義專題研究,陳昭如,34072,LAW5505,A21M0590,選修,,"二 6,7",霖研四1701,2 類,,2,,https://course.ntu.edu.tw/courses/114-1/34072
氣候變遷法專題討論一,林春元,37927,LAW5506,A21U3790,選修,,"二 6,7",霖1302,3 類,,2,,https://course.ntu.edu.tw/courses/114-1/37927
醫事法律與實務專題討論,周迺寬,37711,LAW5536,A21U4630,選修,,"一 6,7",霖1403,3 類,,2,,https://course.ntu.edu.tw/courses/114-1/37711
歐盟法理論與實踐,王泰銓,33510,LAW5562,A21U3650,選修,,"四 7,8,9",霖研六1703,1 類,,2,,https://course.ntu.edu.tw/courses/114-1/33510
比較刑法專題研究一,王皇玉,23227,LAW7021,A21M1410,選修,,"一 8,9",霖研二1502,2 類,,2,,https://course.ntu.edu.tw/courses/114-1/23227
比較刑法專題研究二,王皇玉,33373,LAW7022,A21M1420,選修,,"一 8,9",,2 類,,2,,https://course.ntu.edu.tw/courses/114-1/33373
比較刑法專題研究三,王皇玉,15393,LAW7023,A21M1430,選修,,"一 8,9",,2 類,,2,,https://course.ntu.edu.tw/courses/114-1/15393
法律實習專題研究一,林明鏘,35091,LAW7037,A21M0700,選修,,"六 6,7,8,9",,2 類,,2,,https://course.ntu.edu.tw/courses/114-1/35091
法律實習專題研究二,林明鏘,45847,LAW7038,A21M0710,選修,,"六 6,7,8,9",,2 類,,2,,https://course.ntu.edu.tw/courses/114-1/45847
行政法專題研究一,林明鏘,54410,LAW7065,A21M4110,選修,,"一 6,7",霖研四1701,2 類,,2,,https://course.ntu.edu.tw/courses/114-1/54410
行政法專題研究二,林明鏘,25307,LAW7066,A21M4120,選修,,"一 6,7",,2 類,,2,,https://course.ntu.edu.tw/courses/114-1/25307
比較公法專題研究一,許宗力,36060,LAW7071,A21M4150,選修,,"四 A,B",霖研四1701,2 類,,2,,https://course.ntu.edu.tw/courses/114-1/36060
比較公法專題研究二,許宗力,18909,LAW7072,A21M4160,選修,,"四 A,B",,2 類,,2,,https://course.ntu.edu.tw/courses/114-1/18909
所得稅法四,柯格鐘,31833,LAW7104,A21M4740,選修,,"四 3,4",霖1506,2 類,,2,,https://course.ntu.edu.tw/courses/114-1/31833
批判法學:美國與全球化脈絡專題研究,陳韻如,46341,LAW7113,A21M1400,選修,,"四 3,4",霖研五1702,2 類,,2,,https://course.ntu.edu.tw/courses/114-1/46341
商業契約與組織專題研究一,王文宇,16576,LAW7127,A21M5490,選修,,"二 8,9",霖1302,1 類,,2,,https://course.ntu.edu.tw/courses/114-1/16576
社會國與社會安全制度專題研究一,孫迺翊,32201,LAW7149,A21M3660,選修,,"二 3,4",霖研四1701,2 類,,2,,https://course.ntu.edu.tw/courses/114-1/32201
社會國與社會安全制度專題研究二,孫迺翊,42535,LAW7150,A21M3670,選修,,"二 3,4",,2 類,,2,,https://course.ntu.edu.tw/courses/114-1/42535
比較勞動法專題研究一,徐婉寧,51821,LAW7161,A21M5660,選修,,"一 8,9",霖研六1703,2 類,,2,,https://course.ntu.edu.tw/courses/114-1/51821
比較勞動法專題研究二,徐婉寧,15821,LAW7162,A21M5670,選修,,"一 8,9",,2 類,,2,,https://course.ntu.edu.tw/courses/114-1/15821
比較勞動法專題研究四,徐婉寧,50070,LAW7164,A21M5690,選修,,"一 8,9",,2 類,,2,,https://course.ntu.edu.tw/courses/114-1/50070
海洋法專題研究一,姜皇池,12107,LAW7175,A21M5810,選修,,"二 8,9",霖研二1502,2 類,,2,,https://course.ntu.edu.tw/courses/114-1/12107
海洋法專題研究二,姜皇池,41989,LAW7176,A21M5820,選修,,"二 8,9",,2 類,,2,,https://course.ntu.edu.tw/courses/114-1/41989
土地法專題研究,廖義男,52415,LAW7180,A21M5910,選修,,"二 3,4",霖研二1502,2 類,,2,,https://course.ntu.edu.tw/courses/114-1/52415
民事責任法專題研究一,陳忠五,19927,LAW7205,A21M6310,選修,,"一 10,A",霖研六1703,3 類,,2,,https://course.ntu.edu.tw/courses/114-1/19927
民事責任法專題研究二,陳忠五,27655,LAW7206,A21M6320,選修,,"一 10,A",,3 類,,2,,https://course.ntu.edu.tw/courses/114-1/27655
民事訴訟法專題研究一,許士宦,18974,LAW7221,A21M6610,選修,,"四 3,4",霖研二1502,2 類,,2,,https://course.ntu.edu.tw/courses/114-1/18974
民事訴訟法專題研究二,許士宦,32369,LAW7222,A21M6620,選修,,"四 3,4",,2 類,,2,,https://course.ntu.edu.tw/courses/114-1/32369
智慧權法專題研究一,蔡明誠,51680,LAW7275,A21M7790,選修,,"一 A,B",霖研四1701,2 類,,2,,https://course.ntu.edu.tw/courses/114-1/51680
智慧權法專題研究二,蔡明誠,27668,LAW7276,A21M7860,選修,,"一 A,B",,2 類,,2,,https://course.ntu.edu.tw/courses/114-1/27668
日本法專題研究一,王能君,19446,LAW7307,A21M3740,選修,,"一 6,7",霖研五1702,2 類,,2,,https://course.ntu.edu.tw/courses/114-1/19446
刑法基礎理論專題研究一,周漾沂,43770,LAW7385,A21M2590,選修,,"四 6,7",霖研五1702,2 類,,2,,https://course.ntu.edu.tw/courses/114-1/43770
刑法基礎理論專題研究二,周漾沂,33711,LAW7386,A21M2600,選修,,"四 6,7",,2 類,,2,,https://course.ntu.edu.tw/courses/114-1/33711
刑法基礎理論專題研究四,周漾沂,59301,LAW7388,A21M2620,選修,,"四 6,7",,2 類,,2,,https://course.ntu.edu.tw/courses/114-1/59301
行政救濟法專題研究一,林明昕,46892,LAW7411,A21M9520,選修,,"三 10,A",霖研四1701,2 類,,2,,https://course.ntu.edu.tw/courses/114-1/46892
海洋法專題研究四,姜皇池,49968,LAW7419,A21M5840,選修,,"二 8,9",,2 類,,2,,https://course.ntu.edu.tw/courses/114-1/49968
冤罪救援實務,羅秉成,36753,LAW7422,A21M1450,選修,,"五 6,7,8",霖研四1701,2 類,,3,,https://course.ntu.edu.tw/courses/114-1/36753
「基礎法學之理論與方法：理論群組」專題研究,莊世同,48054,LAW7469,A21M9870,選修,,"一 3,4",霖研四1701,2 類,,2,,https://course.ntu.edu.tw/courses/114-1/48054
金融市場監理專題研究一,汪信君,29865,LAW7470,A21M9900,選修,,"一 8,9",霖研五1702,2 類,,2,,https://course.ntu.edu.tw/courses/114-1/29865
金融市場監理專題研究二,汪信君,21394,LAW7471,A21M9910,選修,,"一 8,9",,2 類,,2,,https://course.ntu.edu.tw/courses/114-1/21394
日治臺灣法律史專題研究一,王泰升,18268,LAW7487,A21M2530,選修,,"三 3,4",霖研四1701,2 類,,2,,https://course.ntu.edu.tw/courses/114-1/18268
法律與哲學專題研究一,顏厥安,37138,LAW7515,A21M2970,選修,,"一 8,9",霖研四1701,2 類,,2,,https://course.ntu.edu.tw/courses/114-1/37138
法律與哲學專題研究二,顏厥安,32734,LAW7516,A21M2980,選修,,"一 8,9",,2 類,,2,,https://course.ntu.edu.tw/courses/114-1/32734
國際經貿法律、政策與實務專題研究一,羅懋緯,15644,LAW7532,A21M3820,選修,,"四 6,7",霖研二1502,2 類,,2,,https://course.ntu.edu.tw/courses/114-1/15644
商業契約與組織專題研究二,王文宇,46072,LAW7546,A21M5500,選修,,"二 8,9",,1 類,,2,,https://course.ntu.edu.tw/courses/114-1/46072
關稅法專題研究一,陳衍任,23473,LAW7551,A21M0630,選修,,"一 8,9",霖研七1709,2 類,,2,,https://course.ntu.edu.tw/courses/114-1/23473
稅務訴訟專題研究一,葛克昌,55863,LAW7601,A21M4670,選修,,"二 8,9,10",霖1403,2 類,,3,,https://course.ntu.edu.tw/courses/114-1/55863
稅務訴訟專題研究三,葛克昌,42144,LAW7603,A21M4690,選修,,"二 8,9,10",,2 類,,3,,https://course.ntu.edu.tw/courses/114-1/42144
律師於全球資本市場中之定位,葛理察,42835,LAW7619,A21M7900,選修,,"一 10,A,B / 二 10,A,B / 三 10,A,B",霖研二1502,2 類,,1,,https://course.ntu.edu.tw/courses/114-1/42835
金融機構與銀行法,楊岳平,18458,LAW7627,A21M5020,選修,,"四 8,9",霖1401,2 類,,2,,https://course.ntu.edu.tw/courses/114-1/18458
併購交易架構法律與實務,顧奎夫,37809,LAW7816,A21M33A0,選修,,"三 3,4",霖1302,2 類,,2,,https://course.ntu.edu.tw/courses/114-1/37809
在不確定時代的責任商業行為,柯欣妍,17877,LAW7840,A21M57A0,選修,,"一 1,2,5 / 二 1,2,5 / 三 1,2,5 / 四 1,2,5 / 五 1,2,5",霖1402,2 類,,1,,https://course.ntu.edu.tw/courses/114-1/17877
歐洲網路犯罪法,孔乃佑,27244,LAW7841,A21M58A0,選修,,"一 10,A,B / 二 10,A,B / 三 10,A,B / 四 10,A,B / 五 10,A,B",霖研五1702,2 類,,1,,https://course.ntu.edu.tw/courses/114-1/27244
人權與家庭法,李沃克,58308,LAW7842,A21M59A0,選修,,"一 10,A,B / 二 10,A,B / 三 10,A,B / 四 10,A,B / 五 10,A,B",霖研五1702,2 類,,1,,https://course.ntu.edu.tw/courses/114-1/58308
歐洲跨境民商事訴訟,郝沃岡,57989,LAW7843,A21M60A0,選修,,"一 1,2,5 / 二 1,2,5 / 三 1,2,5",霖研六1703,2 類,,1,,https://course.ntu.edu.tw/courses/114-1/57989
文本分析時代的人工智慧與法律,艾凱文,46378,LAW7844,A21M61A0,選修,,"一 10,A / 二 10,A,B / 三 10,A / 四 10,A / 五 10,A",霖研五1702,2 類,,1,,https://course.ntu.edu.tw/courses/114-1/46378
亞洲公司法,劉君灝,12397,LAW7845,A21M62A0,選修,,"一 1,2 / 三 1,2",霖研四1701,2 類,,1,,https://course.ntu.edu.tw/courses/114-1/12397
中國刑罰體系的批判性介紹：從比較法的角度,李恩深,26006,LAW7846,A21M63A0,選修,,"一 10,A,B / 三 10,A,B / 五 10,A,B",霖研五1702,2 類,,1,,https://course.ntu.edu.tw/courses/114-1/26006
疫苗法律與政策,楊煜煒,52130,LAW7850,A21M67A0,選修,,"一 10,A,B / 二 10,A,B / 三 10,A,B / 四 10,A,B / 五 10,A,B",霖1304,2 類,,1,,https://course.ntu.edu.tw/courses/114-1/52130
信託與財富管理,何錦璇,41465,LAW7851,A21M68A0,選修,,"一 1,2,5 / 二 1,2,5 / 三 1,2,5 / 四 1,2,5",霖研五1702,2 類,,1,,https://course.ntu.edu.tw/courses/114-1/41465
全球勞動法與勞工問題,黃螢螢,17310,LAW7852,A21M69A0,選修,,"一 10,A,B / 二 10,A,B / 三 10,A,B",霖研二1502,2 類,,1,,https://course.ntu.edu.tw/courses/114-1/17310
碩士論文,,49246,LAW7999,A21M0010,必修,,,,1 類,,0,,https://course.ntu.edu.tw/courses/114-1/49246
博士論文,,34943,LAW8999,A21D0010,必修,,,,1 類,,0,,https://course.ntu.edu.tw/courses/114-1/34943
法律實習專題研究,陳瑋佑,12243,LawILS7000,A41M0020,選修,,"六 6,7,8,9",,2 類,,2,,https://course.ntu.edu.tw/courses/114-1/12243
民法總則,陳聰富,46739,LawILS7021,A41M0170,必修,,"四 2,3,4",,2 類,,3,,https://course.ntu.edu.tw/courses/114-1/46739
民法總則,顏佑紘,14079,LawILS7021,A41M0170,必修,,"二 7,8,9",,2 類,,3,,https://course.ntu.edu.tw/courses/114-1/14079
民法物權,顏佑紘,27922,LawILS7023,A41M0190,必修,,"五 6,7,8",,2 類,,3,,https://course.ntu.edu.tw/courses/114-1/27922
公司法,蔡英欣,50041,LawILS7024,A41M0450,必修,,"二 6,7,8",科法二,2 類,,3,,https://course.ntu.edu.tw/courses/114-1/50041
民法債編總論一,吳從周,37266,LawILS7033,A41M0150,必修,,"三 2,3,4",,3 類,,3,,https://course.ntu.edu.tw/courses/114-1/37266
民法債編總論二,張譯文,12777,LawILS7034,A41M0160,必修,,"一 8,9,10",,2 類,,3,,https://course.ntu.edu.tw/courses/114-1/12777
刑法總則一,周漾沂,57831,LawILS7043,A41M0230,必修,,"五 6,7,8",,2 類,,3,,https://course.ntu.edu.tw/courses/114-1/57831
刑法總則一,謝煜偉,32120,LawILS7043,A41M0230,必修,,"一 6,7,8",,2 類,,3,,https://course.ntu.edu.tw/courses/114-1/32120
刑法總則一,黃種甲,34033,LawILS7043,A41M0230,必修,,"二 6,7,8",,3 類,,3,,https://course.ntu.edu.tw/courses/114-1/34033
刑法分則,許恒達,42676,LawILS7045,A41M0210,必修,,"一 3,4,6,7",,2 類,,4,,https://course.ntu.edu.tw/courses/114-1/42676
刑事訴訟法,薛智仁,20636,LawILS7048,A41M0220,必修,,"二 3,4 / 四 3,4",,3 類,,4,,https://course.ntu.edu.tw/courses/114-1/20636
刑事訴訟法,蘇凱平,40726,LawILS7048,A41M0220,必修,,"二 6,7 / 五 6,7",,2 類,,4,,https://course.ntu.edu.tw/courses/114-1/40726
憲法,葉俊榮,13771,LawILS7050,A41M0300,必修,,"一 3,4 / 二 3,4",,2 類,,4,,https://course.ntu.edu.tw/courses/114-1/13771
憲法,蘇慧婕,30167,LawILS7050,A41M0300,必修,,"一 3,4 / 二 3,4",,2 類,,4,,https://course.ntu.edu.tw/courses/114-1/30167
行政法,陳衍任,14899,LawILS7060,A41M0310,必修,,"四 6,7,8,9",,2 類,,4,,https://course.ntu.edu.tw/courses/114-1/14899
民事訴訟法上,沈冠伶,42158,LawILS7061,A41M0141,必修,,"三 3,4 / 五 3,4",,2 類,,3,,https://course.ntu.edu.tw/courses/114-1/42158
民事訴訟法上,吳從周,55745,LawILS7061,A41M0141,必修,,"四 6,7,9,10",,3 類,,3,,https://course.ntu.edu.tw/courses/114-1/55745
民事訴訟法上,陳瑋佑,59586,LawILS7061,A41M0141,必修,,"三 3,4 / 五 3,4",,2 類,,3,,https://course.ntu.edu.tw/courses/114-1/59586
碩士論文,,58255,LawILS7999,A41M0010,必修,,,,1 類,,0,,https://course.ntu.edu.tw/courses/114-1/58255
鋼琴作品與演奏欣賞,張欽全,52217,LibEdu1020,H0102000,,,"四 8,9",外教劇場,3 類,,2,,https://course.ntu.edu.tw/courses/114-1/52217
邏輯,傅皓政,34228,LibEdu1021,H0102100,,,"一 6,7",博雅103,2 類,,2,,https://course.ntu.edu.tw/courses/114-1/34228
你所不知道的昆蟲學,曹順成,30626,LibEdu1067,H0106700,,,"五 7,8,9",新505,3 類,,3,,https://course.ntu.edu.tw/courses/114-1/30626
探索臺灣：女性與臺灣社會,郭任峯,17208,LibEdu1078,H0107800,,,"一 3,4",博雅202,2 類,,2,,https://course.ntu.edu.tw/courses/114-1/17208
非營利組織經營與管理(NPO之戀),粘曉菁,16985,LibEdu1080,H0111100,,,"四 3,4",博雅201,2 類,,2,,https://course.ntu.edu.tw/courses/114-1/16985
協調溝通與衝突管理,徐顯國,11930,LibEdu1104,H0110600,,,"二 2,3,4",綜201,2 類,,2,,https://course.ntu.edu.tw/courses/114-1/11930
職場倫理與職場精神,洪英正,46193,LibEdu1106,H0110800,,,"一 7,8,9",博雅301,3 類,,3,,https://course.ntu.edu.tw/courses/114-1/46193
傳統中國人文思想與自然,唐格理,24403,LibEdu1108,H0111300,,,"五 7,8,9",新405,3 類,,3,,https://course.ntu.edu.tw/courses/114-1/24403
戲說生物學,曹順成,16053,LibEdu1110,H0111500,,,"五 2,3,4",新505,3 類,,3,,https://course.ntu.edu.tw/courses/114-1/16053
歷史學的空間與網絡分析,林牧之,25309,LibEdu1114,H0111900,,,"四 3,4",普401,2 類,,2,,https://course.ntu.edu.tw/courses/114-1/25309
人文與科技的對話,袁孝維,49491,LibEdu1115,H0112000,,,"三 6,7",綜合大講堂,2 類,,2,,https://course.ntu.edu.tw/courses/114-1/49491
邏輯思考與應用,王銀國,58156,LibEdu1119,H0112400,,,"三 8,9",博雅103,2 類,,2,,https://course.ntu.edu.tw/courses/114-1/58156
數位素養導航,許恒達,15557,LibEdu1120,H0112500,,,"四 3,4",博雅102,3 類,,2,,https://course.ntu.edu.tw/courses/114-1/15557
科學的歷史進展對宗教信仰與形上學的影響,梁明義,22921,LibEdu1121,H0112600,,,"四 8,9,10",博雅202,2 類,,3,,https://course.ntu.edu.tw/courses/114-1/22921
對話諾貝爾獎得主(一),吳俊輝,45645,LibEdu1122,H0112700,,,"一 6,7,8",共104,3 類,,1,,https://course.ntu.edu.tw/courses/114-1/45645
對話諾貝爾獎得主(二),林劭品,13965,LibEdu1123,H0112800,,,,,3 類,,1,,https://course.ntu.edu.tw/courses/114-1/13965
晶片背後的魔法：當代材料與原子尺度工藝的交響,羅世強,21750,LibEdu1124,H0112900,,,"五 6,7,8",綜503,2 類,,3,,https://course.ntu.edu.tw/courses/114-1/21750
數位人文技術與應用專題,蔡宗翰,47242,LING5003,142U1040,選修,,"四 6,7,8",綜402,2 類,,3,,https://course.ntu.edu.tw/courses/114-1/47242
越南語的語言結構與文化 (1),阮清華,48713,LING5205,142U0900,選修,,"三 6,7,8",博雅204,2 類,,3,,https://course.ntu.edu.tw/courses/114-1/48713
阿美族語的語言結構與文化(1),張裕龍,20351,LING5207,142U0950,選修,,"一 7,8,9",文19,2 類,,3,,https://course.ntu.edu.tw/courses/114-1/20351
專題研究,李佳霖,27555,LING5414,142U0890,選修,,,,2 類,,2,,https://course.ntu.edu.tw/courses/114-1/27555
聲韻學,劉德馨,49756,LING7000,142M0110,必修,,"一 2,3,4",人文336,2 類,,3,,https://course.ntu.edu.tw/courses/114-1/49756
統計方法,邱振豪,59870,LING7008,142M0220,必修 / 選修,,"四 2,3,4",人文336,1 類,,3,,https://course.ntu.edu.tw/courses/114-1/59870
語法學,呂佳蓉,31797,LING7010,142M0160,必修 / 選修,,"二 2,3,4",人文336,2 類,,3,,https://course.ntu.edu.tw/courses/114-1/31797
研究方法,李佳霖,11106,LING7014,142M1310,必修 / 選修,,"四 2,3,4",人文337,2 類,,2,,https://course.ntu.edu.tw/courses/114-1/11106
語言學學術論文寫作,李佳霖,27007,LING7015,142M1320,選修,,,,2 類,,2,,https://course.ntu.edu.tw/courses/114-1/27007
南島語概論,宋麗梅,47233,LING7219,142M0880,選修,,"二 6,7,8",人文336,2 類,,3,,https://course.ntu.edu.tw/courses/114-1/47233
進階認知文法,呂佳蓉,45124,LING7222,142M1040,選修,,"二 6,7,8",人文337,2 類,,3,,https://course.ntu.edu.tw/courses/114-1/45124
大腦事件誘發電位資料收集與分析導論,李佳霖,12569,LING7428,142M1160,選修,,"一 6,7,8",博雅307,2 類,,3,,https://course.ntu.edu.tw/courses/114-1/12569
語言動作控制,邱振豪,21456,LING7437,142M1350,選修,,"一 5,6,7",人文336,1 類,,3,,https://course.ntu.edu.tw/courses/114-1/21456
碩士論文,,42082,LING7999,142M0010,必修,,,,1 類,,0,,https://course.ntu.edu.tw/courses/114-1/42082
認知科學基本議題,李佳霖,10046,LING8000,142D0100,必修 / 選修,,"五 6,7,8",,2 類,,3,,https://course.ntu.edu.tw/courses/114-1/10046
語法學專題,宋麗梅,50319,LING8200,142D0110,選修,,"三 6,7,8",,2 類,,3,,https://course.ntu.edu.tw/courses/114-1/50319
計算語言學與語言學理論,謝舒凱,30264,LING8505,142D0200,選修,,"四 7,8,9",綜603,2 類,,3,,https://course.ntu.edu.tw/courses/114-1/30264
博士論文,,37626,LING8999,142D0010,必修,,,,1 類,,0,,https://course.ntu.edu.tw/courses/114-1/37626
服務學習甲,黃麗珉,33492,LIS0006,106001G0,必帶,,,,2 類,,1,,https://course.ntu.edu.tw/courses/114-1/33492
服務學習乙,黃麗珉,32933,LIS0007,106001H0,必修,,,,2 類,,1,,https://course.ntu.edu.tw/courses/114-1/32933
參考資源,張郁蔚,19636,LIS1004,10612200,必帶,,"一 2,3,4",圖資視聽室,2 類,,3,,https://course.ntu.edu.tw/courses/114-1/19636
圖書館學導論,羅思嘉,12927,LIS1007,10613100,必帶,,"一 6,7",圖資視聽室,2 類,,2,,https://course.ntu.edu.tw/courses/114-1/12927
圖書資訊機構實務一,黃麗珉,35393,LIS1017,10614210,必帶,,"四 8,9",圖資視聽室,2 類,,1,,https://course.ntu.edu.tw/courses/114-1/35393
圖書資訊機構實務二,黃麗珉,35519,LIS1018,10614220,必帶,,,,2 類,,1,,https://course.ntu.edu.tw/courses/114-1/35519
電腦網路與通訊,楊東謀,32216,LIS2010,10626900,必帶,,"二 6,7",圖資視聽室,2 類,,2,,https://course.ntu.edu.tw/courses/114-1/32216
資訊組織一,黃麗珉,43524,LIS3001,10631200,必帶,,"三 2,3,4",圖資視聽室,2 類,,3,,https://course.ntu.edu.tw/courses/114-1/43524
參考資訊服務,林奇秀,39250,LIS3008,10632210,必帶,,"二 3,4",圖資視聽室,2 類,,2,,https://course.ntu.edu.tw/courses/114-1/39250
館藏發展,張郁蔚,25625,LIS3017,10634900,必帶,,"一 8,9,10",圖資視聽室,2 類,,3,,https://course.ntu.edu.tw/courses/114-1/25625
專題研究二,張郁蔚,33505,LIS3029,10637710,選修,,,,2 類,,2,,https://course.ntu.edu.tw/courses/114-1/33505
專題研究一,林維真,38701,LIS3030,10637720,選修,,,,2 類,,2,,https://course.ntu.edu.tw/courses/114-1/38701
專題研究一,蔡天怡,35344,LIS3030,10637720,選修,,,,2 類,,2,,https://course.ntu.edu.tw/courses/114-1/35344
專題研究一,黃麗珉,21753,LIS3030,10637720,選修,,,,2 類,,2,,https://course.ntu.edu.tw/courses/114-1/21753
圖書館資訊系統,鄭  瑋,30359,LIS3033,10636200,必帶,,"四 2,3,4",圖資視聽室,2 類,,3,,https://course.ntu.edu.tw/courses/114-1/30359
人文學資訊資源與服務,蔡天怡,30077,LIS3034,10635120,必修 / 選修,,"三 2,3,4",圖資編目室,2 類,,3,,https://course.ntu.edu.tw/courses/114-1/30077
社會科學資訊資源與服務,黃麗珉,57094,LIS3035,10635220,必修 / 選修,,"一 2,3,4",圖資編目室,2 類,,3,,https://course.ntu.edu.tw/courses/114-1/57094
科技與人文,林維真,10890,LIS3042,10635130,必修 / 選修,,"五 2,3,4",圖資視聽室,2 類,,3,,https://course.ntu.edu.tw/courses/114-1/10890
政府資訊資源,林奇秀,13514,LIS4010,10645510,必修 / 選修,,"四 2,3,4",圖資編目室,2 類,,3,,https://course.ntu.edu.tw/courses/114-1/13514
資訊檢索,唐牧群,27822,LIS4012,10647000,必帶 / 選修,,"三 6,7,8",圖資視聽室,2 類,,3,,https://course.ntu.edu.tw/courses/114-1/27822
學士論文,張郁蔚,95089,LIS4020,10640100,選修,,,,2 類,,3,,https://course.ntu.edu.tw/courses/114-1/95089
圖書史,藍文欽,29683,LIS5006,10650410,必修 / 選修,,"五 2,3,4",圖資編目室,2 類,,3,,https://course.ntu.edu.tw/courses/114-1/29683
自動分類與索引,陳光華,54462,LIS5033,126U0960,選修,,"三 2,3,4",圖資會議室,2 類,,3,,https://course.ntu.edu.tw/courses/114-1/54462
資訊蒐集與組織,張郁蔚,33279,LIS5042,126U1060,選修,,"四 2,3,4",圖資研討3B,2 類,,3,,https://course.ntu.edu.tw/courses/114-1/33279
圖書資訊學,鄭  瑋,51526,LIS5043,126U1070,選修,,"四 6,7",圖資編目室,2 類,,2,,https://course.ntu.edu.tw/courses/114-1/51526
引文分析與實務,陳光華,36771,LIS5046,126U1110,選修,,"四 6,7,8",圖資會議室,2 類,,3,,https://course.ntu.edu.tw/courses/114-1/36771
參考資源與服務,羅思嘉,22908,LIS5048,126U1130,選修,,"三 2,3,4",圖資研討3A,2 類,,3,,https://course.ntu.edu.tw/courses/114-1/22908
數位學習專題,林維真,26971,LIS5055,126U1220,必修 / 選修,,"四 2,3,4",圖資資訊室,2 類,,3,,https://course.ntu.edu.tw/courses/114-1/26971
書目療法專題,陳書梅,45756,LIS5065,126U1340,必修 / 選修,,"二 7,8,9",圖資會議室,2 類,,3,,https://course.ntu.edu.tw/courses/114-1/45756
人機互動,林維真,50187,LIS5066,126U1350,必修 / 選修,,"二 8,9,10",圖資視聽室,2 類,,3,,https://course.ntu.edu.tw/courses/114-1/50187
圖書館資訊系統專題,陳光華,59067,LIS5073,126U1250,選修,,"四 2,3,4",圖資研討3A,2 類,,3,,https://course.ntu.edu.tw/courses/114-1/59067
資料庫管理系統,楊東謀,37308,LIS5076,126U0680,,,"一 7,8,9",圖資資訊室,2 類,,3,,https://course.ntu.edu.tw/courses/114-1/37308
數位圖書館,蔡天怡,32992,LIS5078,10650800,必修 / 選修,,"二 2,3,4",圖資資訊室,2 類,,3,,https://course.ntu.edu.tw/courses/114-1/32992
訊息設計與視覺傳達,林廷宜,48721,LIS5090,126U1530,必修 / 選修,,"三 6,7,8",博雅406,2 類,,3,,https://course.ntu.edu.tw/courses/114-1/48721
人際溝通與讀者服務,陳書梅,22660,LIS5099,126U1620,必修 / 選修,,"一 7,8,9",圖資會議室,2 類,,3,,https://course.ntu.edu.tw/courses/114-1/22660
社會網絡分析與視覺化,唐牧群,25393,LIS5102,126U1650,必修 / 選修,,"二 6,7,8",圖資資訊室,2 類,,3,,https://course.ntu.edu.tw/courses/114-1/25393
專題研究一,鄭  瑋,41906,LIS7011,126M0550,選修,,,,2 類,,1,,https://course.ntu.edu.tw/courses/114-1/41906
專題研究二,鄭  瑋,25457,LIS7012,126M0560,選修,,,,2 類,,1,,https://course.ntu.edu.tw/courses/114-1/25457
研究方法,林珊如,21038,LIS7014,126M0580,必修,,"三 6,7,8",圖資會議室,2 類,,3,,https://course.ntu.edu.tw/courses/114-1/21038
資訊學研討,黃慕萱,47506,LIS7015,126M0590,必修,,"一 6,7,8",圖資編目室,2 類,,3,,https://course.ntu.edu.tw/courses/114-1/47506
讀者服務研討,羅思嘉,58263,LIS7016,126M0600,必修,,"二 7,8,9",圖資編目室,2 類,,3,,https://course.ntu.edu.tw/courses/114-1/58263
資訊搜尋與決策行為,唐牧群,45772,LIS7017,126M0620,選修,,"四 6,7,8",圖資研討2A,2 類,,3,,https://course.ntu.edu.tw/courses/114-1/45772
圖書資訊機構實務,黃麗珉,45569,LIS7021,126M0650,選修,,,,2 類,,0,,https://course.ntu.edu.tw/courses/114-1/45569
碩士論文,黃慕萱,34764,LIS7999,126M0010,必修,,,,2 類,,0,,https://course.ntu.edu.tw/courses/114-1/34764
碩士論文,林珊如,53932,LIS7999,126M0010,必修,,,,2 類,,0,,https://course.ntu.edu.tw/courses/114-1/53932
碩士論文,陳光華,54708,LIS7999,126M0010,必修,,,,2 類,,0,,https://course.ntu.edu.tw/courses/114-1/54708
碩士論文,林維真,44138,LIS7999,126M0010,必修,,,,2 類,,0,,https://course.ntu.edu.tw/courses/114-1/44138
碩士論文,楊東謀,48454,LIS7999,126M0010,必修,,,,2 類,,0,,https://course.ntu.edu.tw/courses/114-1/48454
碩士論文,羅思嘉,38199,LIS7999,126M0010,必修,,,,2 類,,0,,https://course.ntu.edu.tw/courses/114-1/38199
碩士論文,蔡天怡,35520,LIS7999,126M0010,必修,,,,2 類,,0,,https://course.ntu.edu.tw/courses/114-1/35520
碩士論文,鄭  瑋,41126,LIS7999,126M0010,必修,,,,2 類,,0,,https://course.ntu.edu.tw/courses/114-1/41126
碩士論文,黃麗珉,14907,LIS7999,126M0010,必修,,,,2 類,,0,,https://course.ntu.edu.tw/courses/114-1/14907
碩士論文,陳書梅,57514,LIS7999,126M0010,必修,,,,2 類,,0,,https://course.ntu.edu.tw/courses/114-1/57514
碩士論文,,56296,LIS7999,126M0010,必修,,,,2 類,,0,,https://course.ntu.edu.tw/courses/114-1/56296
碩士論文,,36606,LIS7999,126M0010,必修,,,,2 類,,0,,https://course.ntu.edu.tw/courses/114-1/36606
個別研究,黃慕萱,21994,LIS8004,126D0090,選修,,,,2 類,,2,,https://course.ntu.edu.tw/courses/114-1/21994
個別研究,林維真,40224,LIS8004,126D0090,選修,,,,2 類,,2,,https://course.ntu.edu.tw/courses/114-1/40224
個別研究,鄭  瑋,51859,LIS8004,126D0090,選修,,,,2 類,,2,,https://course.ntu.edu.tw/courses/114-1/51859
個別研究二,蔡天怡,50423,LIS8006,126D0110,選修,,,,2 類,,2,,https://course.ntu.edu.tw/courses/114-1/50423
資訊行為理論研討,林珊如,37699,LIS8015,126D0560,選修,,"一 6,7,8",圖資研討3A,2 類,,3,,https://course.ntu.edu.tw/courses/114-1/37699
博士論文,黃慕萱,23541,LIS8999,126D0010,必修,,,,2 類,,0,,https://course.ntu.edu.tw/courses/114-1/23541
博士論文,林珊如,48795,LIS8999,126D0010,必修,,,,2 類,,0,,https://course.ntu.edu.tw/courses/114-1/48795
博士論文,陳光華,29267,LIS8999,126D0010,必修,,,,2 類,,0,,https://course.ntu.edu.tw/courses/114-1/29267
博士論文,唐牧群,22664,LIS8999,126D0010,必修,,,,2 類,,0,,https://course.ntu.edu.tw/courses/114-1/22664
博士論文,林奇秀,54384,LIS8999,126D0010,必修,,,,2 類,,0,,https://course.ntu.edu.tw/courses/114-1/54384
博士論文,張郁蔚,45536,LIS8999,126D0010,必修,,,,2 類,,0,,https://course.ntu.edu.tw/courses/114-1/45536
博士論文,林維真,52784,LIS8999,126D0010,必修,,,,2 類,,0,,https://course.ntu.edu.tw/courses/114-1/52784
博士論文,,33664,LIS8999,126D0010,必修,,,,2 類,,0,,https://course.ntu.edu.tw/courses/114-1/33664
博士論文,羅思嘉,18337,LIS8999,126D0010,必修,,,,2 類,,0,,https://course.ntu.edu.tw/courses/114-1/18337
博士論文,,15132,LIS8999,126D0010,必修,,,,2 類,,0,,https://course.ntu.edu.tw/courses/114-1/15132
博士論文,鄭  瑋,41644,LIS8999,126D0010,必修,,,,2 類,,0,,https://course.ntu.edu.tw/courses/114-1/41644
博士論文,,25362,LIS8999,126D0010,必修,,,,2 類,,0,,https://course.ntu.edu.tw/courses/114-1/25362
博士論文,,36671,LIS8999,126D0010,必修,,,,2 類,,0,,https://course.ntu.edu.tw/courses/114-1/36671
博士論文,,18606,LIS8999,126D0010,必修,,,,2 類,,0,,https://course.ntu.edu.tw/courses/114-1/18606
服務學習甲,胡哲明,47153,LS0006,B01001G0,必修,,,,2 類,,1,,https://course.ntu.edu.tw/courses/114-1/47153
服務學習乙,鄭貽生,28344,LS0007,B01001H0,必修,,,,2 類,,1,,https://course.ntu.edu.tw/courses/114-1/28344
普通生物學甲上,黃偉邦,22561,LS1004,B01101A1,必帶 / 選修,,"三 6,7 / 四 6,7",生科4B,3 類,,3,,https://course.ntu.edu.tw/courses/114-1/22561
普通生物學乙,呂昕煒,50526,LS1006,B01101B0,,,"二 6,7 / 四 3,4",綜301,3 類,,4,,https://course.ntu.edu.tw/courses/114-1/50526
普通生物學乙上,鄭貽生,41422,LS1007,B01101B1,必帶,,"三 8,9",共205,3 類,,2,,https://course.ntu.edu.tw/courses/114-1/41422
普通生物學乙上,周信宏,18111,LS1007,B01101B1,必帶 / 選修,,"一 3,4",普102,3 類,,2,,https://course.ntu.edu.tw/courses/114-1/18111
普通生物學乙上,朱家瑩,29367,LS1007,B01101B1,必帶 / 選修,,"一 8,9",共201,3 類,,2,,https://course.ntu.edu.tw/courses/114-1/29367
普通生物學乙上,丁照棣,30258,LS1007,B01101B1,必帶 / 必修 / 選修,,"三 8,9",綜501,3 類,,2,,https://course.ntu.edu.tw/courses/114-1/30258
普通生物學丙,黃偉邦,42538,LS1009,B01101C0,,,"一 4 / 四 3,4",共104,3 類,,3,,https://course.ntu.edu.tw/courses/114-1/42538
普通生物學丙,黃偉邦,57577,LS1009,B01101C0,,,"三 6,7 / 四 7",新303,3 類,,3,,https://course.ntu.edu.tw/courses/114-1/57577
普通生物學丙,周銘翊,14099,LS1009,B01101C0,,,"三 6,7,8",普402,3 類,,3,,https://course.ntu.edu.tw/courses/114-1/14099
普通植物學,陳香君,38221,LS1011,B0110300,必帶,,"一 3,4 / 四 3,4",新203,2 類,,3,,https://course.ntu.edu.tw/courses/114-1/38221
普通植物學,李勇毅,15136,LS1011,B0110300,必修,,"一 3,4 / 四 3,4",共105,3 類,,3,,https://course.ntu.edu.tw/courses/114-1/15136
普通生物學實驗甲上,黃偉邦,22431,LS1012,B01106A1,必帶,,"二 2,3,4",思亮405,2 類,,1,,https://course.ntu.edu.tw/courses/114-1/22431
普通生物學實驗甲上,黃偉邦,48330,LS1012,B01106A1,必帶,,"二 2,3,4",思亮406,2 類,,1,,https://course.ntu.edu.tw/courses/114-1/48330
普通生物學實驗乙上,鄭貽生,34674,LS1015,B01106B1,必帶,,"二 8,9,10",思亮409,2 類,,1,,https://course.ntu.edu.tw/courses/114-1/34674
普通生物學實驗乙上,鄭貽生,27454,LS1015,B01106B1,必帶,,"二 8,9,10",思亮410,2 類,,1,,https://course.ntu.edu.tw/courses/114-1/27454
普通生物學實驗乙上,周信宏,44661,LS1015,B01106B1,必帶 / 必修,,"四 2,3,4",思亮405,2 類,,1,,https://course.ntu.edu.tw/courses/114-1/44661
普通生物學實驗乙上,周信宏,39819,LS1015,B01106B1,必帶 / 必修,,"四 2,3,4",思亮406,2 類,,1,,https://course.ntu.edu.tw/courses/114-1/39819
普通生物學實驗乙上,丁照棣,48389,LS1015,B01106B1,必修,,"一 7,8,9",思亮405,2 類,,1,,https://course.ntu.edu.tw/courses/114-1/48389
普通生物學實驗丙,黃偉邦,54297,LS1017,B01106C0,必帶,,"四 7,8,9",思亮409,2 類,,1,,https://course.ntu.edu.tw/courses/114-1/54297
普通生物學實驗丙,呂昕煒,46572,LS1017,B01106C0,必帶 / 必修,,"一 7,8,9",思亮406,2 類,,1,,https://course.ntu.edu.tw/courses/114-1/46572
普通生物學實驗丙,周銘翊,35205,LS1017,B01106C0,必帶,,"一 2,3,4",思亮409,2 類,,1,,https://course.ntu.edu.tw/courses/114-1/35205
普通生物學實驗丙,周銘翊,17913,LS1017,B01106C0,必帶,,"四 7,8,9",思亮410,2 類,,1,,https://course.ntu.edu.tw/courses/114-1/17913
普通生物學實驗丙,黃偉邦,16537,LS1017,B01106C0,必帶,,"一 2,3,4",思亮406,2 類,,1,,https://course.ntu.edu.tw/courses/114-1/16537
普通植物學實驗,陳香君,26434,LS1019,B0110800,必帶,,"三 7,8,9",思亮409,2 類,,1,,https://course.ntu.edu.tw/courses/114-1/26434
普通植物學實驗,陳香君,38264,LS1019,B0110800,必帶,,"五 2,3,4",思亮409,2 類,,1,,https://course.ntu.edu.tw/courses/114-1/38264
生物科學通論,莊曜宇,51878,LS1020,B0115000,必修,,"一 3,4 / 五 3,4",明達231,2 類,,4,,https://course.ntu.edu.tw/courses/114-1/51878
現代生物學之應用,朱家瑩,45267,LS1034,B0117030,,,"一 8,9",博雅103,3 類,,2,,https://course.ntu.edu.tw/courses/114-1/45267
生命科學導論,潘建源,41552,LS1043,B0115020,選修,,三 5,生科4B,3 類,,1,,https://course.ntu.edu.tw/courses/114-1/41552
脊椎動物比較解剖學,吳高逸,30581,LS2008,B0122130,必修,,"四 1,2",共105,3 類,,2,,https://course.ntu.edu.tw/courses/114-1/30581
脊椎動物比較解剖學實驗,吳高逸,37359,LS2009,B0122120,必修,,"四 8,9,10",思亮401,2 類,,1,,https://course.ntu.edu.tw/courses/114-1/37359
水生生物學,王永松,30424,LS2017,B0123210,必修,,"三 3,4",生科4B,3 類,,2,,https://course.ntu.edu.tw/courses/114-1/30424
水生生物學實驗,陳立涵,42065,LS2018,B0123220,必修,,"三 8,9,10",漁科107,2 類,,1,,https://course.ntu.edu.tw/courses/114-1/42065
植物科學最新趨勢,李金美,57489,LS2029,B0125030,選修,,"五 6,7",生科3A,3 類,,2,,https://course.ntu.edu.tw/courses/114-1/57489
遺傳學,朱家瑩,57423,LS2037,B0121200,必帶 / 必修,,"二 6,7 / 五 8",生科4B,3 類,,3,,https://course.ntu.edu.tw/courses/114-1/57423
水產概論,吳育騏,57007,LS2041,B0125090,必修,,"三 6,7",,3 類,,2,,https://course.ntu.edu.tw/courses/114-1/57007
生態學研究與應用概論,張智涵,15300,LS2042,B0125100,選修,,五 7,生科419,2 類,,1,,https://course.ntu.edu.tw/courses/114-1/15300
分子生物學,靳宗洛,55485,LS3010,B0131210,必修 / 選修,,"一 6,7 / 四 3,4",生科4B,3 類,,4,,https://course.ntu.edu.tw/courses/114-1/55485
動物學技術,吳高逸,34295,LS3011,B0132000,必修,,"一 6,7,8,9,10",生科742,2 類,,3,,https://course.ntu.edu.tw/courses/114-1/34295
植物生理學,何銘洋,53689,LS3016,B0132410,必修,,"三 2,3,4",生科4A,3 類,,3,,https://course.ntu.edu.tw/courses/114-1/53689
植物生理學,林盈仲,33783,LS3016,B0132410,必帶,,"三 8,9,10",共104,2 類,,3,,https://course.ntu.edu.tw/courses/114-1/33783
植物生理學實驗,何銘洋,29200,LS3017,B0132420,必修,,"二 7,8,9",思亮301,2 類,,1,,https://course.ntu.edu.tw/courses/114-1/29200
植物生理學實驗,林盈仲,54743,LS3017,B0132420,必帶,,"四 7,8,9",思亮301,2 類,,1,,https://course.ntu.edu.tw/courses/114-1/54743
植物生理學實驗,林盈仲,19004,LS3017,B0132420,必帶,,"一 7,8,9",思亮301,2 類,,1,,https://course.ntu.edu.tw/courses/114-1/19004
生物統計學,張俊偉,47287,LS3022,B0134000,必帶 / 必修 / 選修,,"一 2,3,4",共201,3 類,,3,,https://course.ntu.edu.tw/courses/114-1/47287
族群生物學,張智涵,43206,LS3033,B0134200,必修 / 選修,,"三 6,7,8",生科419,2 類,,3,,https://course.ntu.edu.tw/courses/114-1/43206
專題研究,阮雪芬,22880,LS3900,B0149100,必修 / 選修,,,,3 類,,1,,https://course.ntu.edu.tw/courses/114-1/22880
專題研究,王俊能,53769,LS3900,B0149100,必修,,,,3 類,,1,,https://course.ntu.edu.tw/courses/114-1/53769
專題研究,丁照棣,40839,LS3900,B0149100,必修,,,,3 類,,1,,https://course.ntu.edu.tw/courses/114-1/40839
專題研究,李士傑,55697,LS3900,B0149100,必修 / 選修,,,,3 類,,1,,https://course.ntu.edu.tw/courses/114-1/55697
專題研究,潘建源,19822,LS3900,B0149100,必修 / 選修,,,,3 類,,1,,https://course.ntu.edu.tw/courses/114-1/19822
專題研究,朱家瑩,26905,LS3900,B0149100,必修,,,,3 類,,1,,https://course.ntu.edu.tw/courses/114-1/26905
專題研究,陳示國,14580,LS3900,B0149100,必修 / 選修,,,,3 類,,1,,https://course.ntu.edu.tw/courses/114-1/14580
專題研究,蔡素宜,27835,LS3900,B0149100,必修,,,,3 類,,1,,https://course.ntu.edu.tw/courses/114-1/27835
專題研究,林盈仲,31726,LS3900,B0149100,必修,,,,3 類,,1,,https://course.ntu.edu.tw/courses/114-1/31726
專題研究,周銘翊,22024,LS3900,B0149100,必修 / 選修,,,,3 類,,1,,https://course.ntu.edu.tw/courses/114-1/22024
專題研究,蔡政修,50750,LS3900,B0149100,必修,,,,3 類,,1,,https://course.ntu.edu.tw/courses/114-1/50750
專題研究,張智涵,14257,LS3900,B0149100,必修,,,,3 類,,1,,https://course.ntu.edu.tw/courses/114-1/14257
專題研究,何銘洋,22310,LS3900,B0149100,必修,,,,3 類,,1,,https://course.ntu.edu.tw/courses/114-1/22310
專題研究,麥德倫,50840,LS3900,B0149100,必修,,,,3 類,,1,,https://course.ntu.edu.tw/courses/114-1/50840
專題研究,呂昕煒,48152,LS3900,B0149100,必修,,,,3 類,,1,,https://course.ntu.edu.tw/courses/114-1/48152
專題研究,林展蔚,14356,LS3900,B0149100,必修,,,,3 類,,1,,https://course.ntu.edu.tw/courses/114-1/14356
專題研究,靳宗洛,23016,LS3900,B0149100,必修,,,,3 類,,1,,https://course.ntu.edu.tw/courses/114-1/23016
專題研究,陳賢明,14065,LS3900,B0149100,必修,,,,3 類,,1,,https://course.ntu.edu.tw/courses/114-1/14065
專題研究,蕭  蔚,30784,LS3900,B0149100,必修,,,,3 類,,1,,https://course.ntu.edu.tw/courses/114-1/30784
專題研究,朱雪萍,44901,LS3900,B0149100,必修,,,,3 類,,1,,https://course.ntu.edu.tw/courses/114-1/44901
專題研究,陳俊豪,58698,LS3900,B0149100,必修,,,,3 類,,1,,https://course.ntu.edu.tw/courses/114-1/58698
專題研究,何傳愷,54100,LS3900,B0149100,必修,,,,3 類,,1,,https://course.ntu.edu.tw/courses/114-1/54100
專題研究,澤大衛,24275,LS3900,B0149100,必修,,,,3 類,,1,,https://course.ntu.edu.tw/courses/114-1/24275
專題研究,柯柏如,57321,LS3900,B0149100,必修,,,,3 類,,1,,https://course.ntu.edu.tw/courses/114-1/57321
書報討論（一）,麥德倫,45035,LS4001,B0140010,必帶 / 必修,,"二 8,9",生科4A,2 類,,1,,https://course.ntu.edu.tw/courses/114-1/45035
書報討論（一）,李勇毅,25185,LS4001,B0140010,必帶 / 必修,,"二 8,9",生科4B,2 類,,1,,https://course.ntu.edu.tw/courses/114-1/25185
書報討論（一）,鄭貽生,29808,LS4001,B0140010,必帶 / 必修,,"二 8,9",生科4C,2 類,,1,,https://course.ntu.edu.tw/courses/114-1/29808
發生生物學實驗,丁照棣,20285,LS4010,B0141030,必修,,,,2 類,,2,,https://course.ntu.edu.tw/courses/114-1/20285
學士論文,朱雪萍,47769,LS4999,B0149000,必修,,,,1 類,,2,,https://course.ntu.edu.tw/courses/114-1/47769
學士論文,澤大衛,54817,LS4999,B0149000,必修,,,,1 類,,2,,https://course.ntu.edu.tw/courses/114-1/54817
免疫學,江皓森,19876,LS5014,B21U1230,必修 / 選修,,"二 3,4 / 四 3,4",生科3A,3 類,,4,,https://course.ntu.edu.tw/courses/114-1/19876
神經生物學,潘建源,51642,LS5035,B21U1550,必修,,"二 2,3,4",生科4A,3 類,,3,,https://course.ntu.edu.tw/courses/114-1/51642
細胞與個體生物學特論,廖永豐,13668,LS5056,B21U2120,選修,,"三 8,9",生科4A,3 類,,2,,https://course.ntu.edu.tw/courses/114-1/13668
動物學實驗教學實習,吳高逸,38086,LS5068,B21U0300,必修 / 選修,,"五 8,9,10",思亮406,2 類,,3,,https://course.ntu.edu.tw/courses/114-1/38086
植物學實驗教學實習,李勇毅,45937,LS5069,B21U0400,必修 / 選修,,"五 8,9,10",思亮409,2 類,,3,,https://course.ntu.edu.tw/courses/114-1/45937
植物解剖學實驗,陳香君,12794,LS5091,B21U2340,必修,,"四 8,9,10",生科1225,2 類,,1,,https://course.ntu.edu.tw/courses/114-1/12794
植物學技術,陳香君,35658,LS5092,B21U2350,必修,,,,2 類,,3,,https://course.ntu.edu.tw/courses/114-1/35658
免疫與發炎生物學新知,江皓森,43288,LS5099,B21U2430,選修,,"五 3,4",生科4C,3 類,,2,,https://course.ntu.edu.tw/courses/114-1/43288
發育生物學,丁照棣,50507,LS5107,B21U2510,必修,,"五 2,3,4",生科4A,3 類,,3,,https://course.ntu.edu.tw/courses/114-1/50507
現代神經科學技術輪習,陳示國,11375,LS5111,B21U2550,選修,,"四 6,7,8,9",,3 類,,3,,https://course.ntu.edu.tw/courses/114-1/11375
動物演化發育生物學,郭典翰,35402,LS5113,B21U2570,選修,,"四 8,9,10",博雅307,3 類,,3,,https://course.ntu.edu.tw/courses/114-1/35402
探究與實作教學課程設計,郭典翰,58221,LS5117,B21U2610,選修,,"二 2,3,4,5",生科1217,2 類,,4,,https://course.ntu.edu.tw/courses/114-1/58221
生物學的R程式語言,麥德倫,11264,LS5118,B21U2620,必修 / 選修,,"五 8,9",生科419,2 類,,2,,https://course.ntu.edu.tw/courses/114-1/11264
保育生物學,林展蔚,19103,LS5127,B21U2710,選修,,"五 2,3,4",生科4B,3 類,,3,,https://course.ntu.edu.tw/courses/114-1/19103
博物館教育活動設計與實作,郭典翰,59237,LS5128,B21U2720,選修,,,,2 類,,3,,https://course.ntu.edu.tw/courses/114-1/59237
碩士班專題討論,潘建源,16199,LS7001,B21M0100,必修,,"五 6,7",生科4B,1 類,,1,,https://course.ntu.edu.tw/courses/114-1/16199
碩士班論文專題報告,潘建源,59892,LS7002,B21M0200,必修,,,,3 類,,1,,https://course.ntu.edu.tw/courses/114-1/59892
免疫學專題討論,江皓森,48415,LS7006,B21M0330,選修,,"二 6,7",生科842,3 類,,1,,https://course.ntu.edu.tw/courses/114-1/48415
神經生物學專題討論,潘建源,52147,LS7013,B21M0400,選修,,,,3 類,,1,,https://course.ntu.edu.tw/courses/114-1/52147
細胞生物學專題討論,黃偉邦,17312,LS7015,B21M0420,選修,,,,3 類,,1,,https://course.ntu.edu.tw/courses/114-1/17312
神經生物學技術,陳示國,21968,LS7025,B21M1060,選修,,,,2 類,,3,,https://course.ntu.edu.tw/courses/114-1/21968
發生學論文導讀及報告訓練,李士傑,59515,LS7028,B21M1100,選修,,,,2 類,,1,,https://course.ntu.edu.tw/courses/114-1/59515
基因表現調控專題討論,朱家瑩,31396,LS7029,B21M0460,選修,,,,3 類,,2,,https://course.ntu.edu.tw/courses/114-1/31396
生理時鐘與感光細胞專題討論,陳示國,51395,LS7031,B21M0480,選修,,,,3 類,,2,,https://course.ntu.edu.tw/courses/114-1/51395
比較發生學專題討論,郭典翰,13524,LS7033,B21M0490,選修,,,,3 類,,2,,https://course.ntu.edu.tw/courses/114-1/13524
適應性演化專題討論,周信宏,17070,LS7034,B21M0510,選修,,,,2 類,,2,,https://course.ntu.edu.tw/courses/114-1/17070
幹細胞與再生醫學專題討論,蔡素宜,42964,LS7036,B21M0520,選修,,,,2 類,,2,,https://course.ntu.edu.tw/courses/114-1/42964
結構生物學專題討論,鄭貽生,29525,LS7037,B21M0530,選修,,,,3 類,,2,,https://course.ntu.edu.tw/courses/114-1/29525
行為神經科學專題討論,周銘翊,36139,LS7038,B21M0540,選修,,,,2 類,,2,,https://course.ntu.edu.tw/courses/114-1/36139
植物次級細胞壁轉錄調控專題討論,林盈仲,28796,LS7040,B21M0560,選修,,,,3 類,,1,,https://course.ntu.edu.tw/courses/114-1/28796
古脊椎動物學專題討論,蔡政修,42542,LS7041,B21M0580,選修,,,,3 類,,1,,https://course.ntu.edu.tw/courses/114-1/42542
土壤生態與生物多樣性專題討論,張智涵,43583,LS7044,B21M0600,選修,,,,2 類,,2,,https://course.ntu.edu.tw/courses/114-1/43583
聽覺神經生物學專題討論,呂昕煒,32319,LS7049,B21M0660,選修,,,,2 類,,2,,https://course.ntu.edu.tw/courses/114-1/32319
屏障組織免疫學專題討論,王偉蓓,15121,LS7050,B21M0670,選修,,,,2 類,,2,,https://course.ntu.edu.tw/courses/114-1/15121
兩棲爬行動物學與生物多樣性專題討論,林展蔚,52521,LS7051,B21M0680,選修,,,,2 類,,2,,https://course.ntu.edu.tw/courses/114-1/52521
碩士論文,,32255,LS7999,B21M0010,必修,,,,1 類,,0,,https://course.ntu.edu.tw/courses/114-1/32255
博士班專題討論,鄭貽生,36544,LS8001,B21D0100,必修,,"五 6,7",生科4C,1 類,,1,,https://course.ntu.edu.tw/courses/114-1/36544
博士論文,,27046,LS8999,B21D0010,必修,,,,1 類,,0,,https://course.ntu.edu.tw/courses/114-1/27046
服務學習甲,林朝明,53892,MATH0006,201001G0,必修,,,,3 類,,1,,https://course.ntu.edu.tw/courses/114-1/53892
服務學習甲,何歐立,13558,MATH0006,201001G0,選修,,,,3 類,,1,,https://course.ntu.edu.tw/courses/114-1/13558
服務學習乙,林朝明,50720,MATH0007,201001H0,必修,,,,3 類,,1,,https://course.ntu.edu.tw/courses/114-1/50720
線性代數一,余正道,55321,MATH1103,20149590,必帶,,"三 3,4 / 五 3,4",新304,3 類,,4,,https://course.ntu.edu.tw/courses/114-1/55321
微積分乙,陳俊全,06201,MATH1209,201101B0,必帶,,"二 3,4 / 四 6,7",普101,3 類,,3,,https://course.ntu.edu.tw/courses/114-1/06201
微積分一,蕭欽玉,37499,MATH1211,20149570,必帶,,"二 6,7 / 四 6,7,10",新204,3 類,,5,,https://course.ntu.edu.tw/courses/114-1/37499
代數導論一,佐藤信夫,14070,MATH2113,20149610,必帶,,"三 6,7 / 五 6,7",新103,3 類,,4,,https://course.ntu.edu.tw/courses/114-1/14070
分析導論一,崔茂培,55750,MATH2213,20149650,必帶,,"二 2,3,4 / 四 3,4",新202/天數202,3 類,,5,,https://course.ntu.edu.tw/courses/114-1/55750
常微分方程導論,林太家,49112,MATH2217,20149690,必帶,,"一 3,4 / 四 8,9",新302,3 類,,4,,https://course.ntu.edu.tw/courses/114-1/49112
統計導論,江金倉,15086,MATH2601,20127100,必修 / 選修,,"一 2,3,4",天數102,3 類,,3,,https://course.ntu.edu.tw/courses/114-1/15086
學士班專題研究,沈俊嚴,95009,MATH3002,20145160,選修,,,,2 類,,2,,https://course.ntu.edu.tw/courses/114-1/95009
學士班專題研究,莊武諺,95051,MATH3002,20145160,選修,,,,2 類,,2,,https://course.ntu.edu.tw/courses/114-1/95051
學士班專題研究,蔡政江,95059,MATH3002,20145160,選修,,,,2 類,,2,,https://course.ntu.edu.tw/courses/114-1/95059
幾何學,蔡忠潤,13333,MATH3309,20149720,選修,,"三 3,4 / 五 3,4",天數102,2 類,,4,,https://course.ntu.edu.tw/courses/114-1/13333
計算數學導論,王偉仲,50879,MATH3604,20149730,必帶,,"一 8,9 / 三 8,9",新202,3 類,,4,,https://course.ntu.edu.tw/courses/114-1/50879
微積分1,沈俊嚴,33113,MATH4006,20149810,必修,,"一 10 / 三 6,7 / 五 6,7",普102/普101/普102,3 類,,2,,https://course.ntu.edu.tw/courses/114-1/33113
微積分1,蔡雅如,37295,MATH4006,20149810,必修,,"一 10 / 三 6,7 / 五 6,7",新102,3 類,,2,,https://course.ntu.edu.tw/courses/114-1/37295
微積分1,蔡國榮,46912,MATH4006,20149810,必修,,"一 10 / 三 6,7 / 五 6,7",新203,3 類,,2,,https://course.ntu.edu.tw/courses/114-1/46912
微積分1,陳彥宇,54107,MATH4006,20149810,必帶,,"一 10 / 二 6,7 / 四 8,9",新303,3 類,,2,,https://course.ntu.edu.tw/courses/114-1/54107
微積分1,陳子安,44537,MATH4006,20149810,必修,,"三 8,9,10 / 五 1,2",共301,3 類,,2,,https://course.ntu.edu.tw/courses/114-1/44537
微積分1,陳彥宇,20558,MATH4006,20149810,必修,,"三 8,9,10 / 五 1,2",普102/普103,3 類,,2,,https://course.ntu.edu.tw/courses/114-1/20558
微積分1,傅斯緯,57682,MATH4006,20149810,必帶 / 必修,,"三 8,9,10 / 五 1,2",新102,3 類,,2,,https://course.ntu.edu.tw/courses/114-1/57682
微積分1,蔡雅如,53834,MATH4006,20149810,必修,,"二 1,2 / 四 3,4,10",共201,3 類,,2,,https://course.ntu.edu.tw/courses/114-1/53834
微積分1,傅斯緯,26795,MATH4006,20149810,必修,,"二 1,2 / 四 3,4,10",普101/普102,3 類,,2,,https://course.ntu.edu.tw/courses/114-1/26795
微積分1,潘詠琦,33406,MATH4006,20149810,必修,,"二 1,2 / 四 3,4,10",共301/普103,3 類,,2,,https://course.ntu.edu.tw/courses/114-1/33406
微積分1,蔡國榮,54654,MATH4006,20149810,必修,,"四 8,9,10 / 五 10,A",博雅103,3 類,,2,,https://course.ntu.edu.tw/courses/114-1/54654
微積分1,陳子安,45556,MATH4006,20149810,必修 / 選修,,"四 8,9,10 / 五 10,A",普101,3 類,,2,,https://course.ntu.edu.tw/courses/114-1/45556
微積分1,蔡宜洵,50278,MATH4006,20149810,必帶,,"二 2,3,4 / 五 10,A",新102/普103,3 類,,2,,https://course.ntu.edu.tw/courses/114-1/50278
微積分2,沈俊嚴,56270,MATH4007,20149820,必修,,"一 10 / 三 6,7 / 五 6,7",普102/普101/普102,3 類,,2,,https://course.ntu.edu.tw/courses/114-1/56270
微積分2,蔡雅如,30220,MATH4007,20149820,必修,,"一 10 / 三 6,7 / 五 6,7",新102,3 類,,2,,https://course.ntu.edu.tw/courses/114-1/30220
微積分2,蔡國榮,41009,MATH4007,20149820,必修,,"一 10 / 三 6,7 / 五 6,7",新203,3 類,,2,,https://course.ntu.edu.tw/courses/114-1/41009
微積分2,陳彥宇,17427,MATH4007,20149820,必帶,,"一 10 / 二 6,7 / 四 8,9",新303,3 類,,2,,https://course.ntu.edu.tw/courses/114-1/17427
微積分2,陳子安,32595,MATH4007,20149820,必修,,"三 8,9,10 / 五 1,2",共301,3 類,,2,,https://course.ntu.edu.tw/courses/114-1/32595
微積分2,陳彥宇,11325,MATH4007,20149820,必修,,"三 8,9,10 / 五 1,2",普102/普103,3 類,,2,,https://course.ntu.edu.tw/courses/114-1/11325
微積分2,傅斯緯,26967,MATH4007,20149820,必帶 / 必修,,"三 8,9,10 / 五 1,2",新102,3 類,,2,,https://course.ntu.edu.tw/courses/114-1/26967
微積分2,傅斯緯,38958,MATH4007,20149820,必帶,,"二 8,9,10 / 四 6,7",新203,3 類,,2,,https://course.ntu.edu.tw/courses/114-1/38958
微積分2,呂治鴻,38089,MATH4007,20149820,必帶,,"一 6,7,10 / 五 1,2",普101,3 類,,2,,https://course.ntu.edu.tw/courses/114-1/38089
微積分2,陳子安,53128,MATH4007,20149820,必帶,,"一 3,4 / 四 3,4,10",共101,3 類,,2,,https://course.ntu.edu.tw/courses/114-1/53128
微積分2,蔡雅如,14320,MATH4007,20149820,必修,,"二 1,2 / 四 3,4,10",共201,3 類,,2,,https://course.ntu.edu.tw/courses/114-1/14320
微積分2,傅斯緯,15685,MATH4007,20149820,必修,,"二 1,2 / 四 3,4,10",普101/普102,3 類,,2,,https://course.ntu.edu.tw/courses/114-1/15685
微積分2,潘詠琦,41174,MATH4007,20149820,必修,,"二 1,2 / 四 3,4,10",共301/普103,3 類,,2,,https://course.ntu.edu.tw/courses/114-1/41174
微積分2,蔡國榮,31870,MATH4007,20149820,必修,,"四 8,9,10 / 五 10,A",博雅103,3 類,,2,,https://course.ntu.edu.tw/courses/114-1/31870
微積分2,陳子安,51394,MATH4007,20149820,必修 / 選修,,"四 8,9,10 / 五 10,A",普101,3 類,,2,,https://course.ntu.edu.tw/courses/114-1/51394
微積分2,蔡宜洵,12465,MATH4007,20149820,必帶,,"二 2,3,4 / 五 10,A",新102/普103,3 類,,2,,https://course.ntu.edu.tw/courses/114-1/12465
微積分預備課程,蔡國榮,58636,MATH4012,20149870,選修,,一 0,,2 類,,1,,https://course.ntu.edu.tw/courses/114-1/58636
線性代數導論一,蔡國榮,41164,MATH4018,20149950,選修,,"三 3,4 / 五 3,4",新302,2 類,,4,,https://course.ntu.edu.tw/courses/114-1/41164
近世代數一,陳榮凱,56595,MATH5001,221U6140,必修,,"三 6,7 / 五 6,7",新304,3 類,,3,,https://course.ntu.edu.tw/courses/114-1/56595
數論導論,謝銘倫,34284,MATH5195,221U8620,選修,,"四 2,3,4",天數201,3 類,,3,,https://course.ntu.edu.tw/courses/114-1/34284
數學沙龍與生涯探索,夏俊雄,22439,MATH5240,221U8770,選修,,"三 8,9",天數202,3 類,,1,,https://course.ntu.edu.tw/courses/114-1/22439
訊號處理和機器學習之數學基礎,黃文良,50133,MATH5246,221U8820,選修,,"四 7,8,9",天數302,3 類,,3,,https://course.ntu.edu.tw/courses/114-1/50133
極小子流形專題,李瑩英,39688,MATH5277,221U9400,選修,,"二 7 / 四 6,7",天數305,3 類,,3,,https://course.ntu.edu.tw/courses/114-1/39688
幾何學導論,郭孝豪,30242,MATH5356,221U6580,必帶,,"三 3,4 / 五 3,4",新405,3 類,,4,,https://course.ntu.edu.tw/courses/114-1/30242
組合學進階專題一,戴尚年,45914,MATH5359,221U9440,選修,,"四 8,9",天數305,3 類,,2,,https://course.ntu.edu.tw/courses/114-1/45914
編碼學,陳君明,20922,MATH5372,221U9610,選修,,"二 6,7,8",新505,3 類,,3,,https://course.ntu.edu.tw/courses/114-1/20922
代數群理論,大井雅雄,16230,MATH5373,221U9620,選修,,"二 2,3,4",天數201,3 類,,3,,https://course.ntu.edu.tw/courses/114-1/16230
凸幾何,林朝明,13737,MATH5374,221U9630,選修,,"三 8,9 / 五 8,9",天數302,3 類,,3,,https://course.ntu.edu.tw/courses/114-1/13737
算子代數導論,河東泰之,23658,MATH5375,221U9640,選修,,"一 8,9 / 三 8,9",天數101,3 類,,1,,https://course.ntu.edu.tw/courses/114-1/23658
線性模型,江金倉,16422,MATH5376,221U9650,選修,,"三 7,8,9",天數305,2 類,,3,,https://course.ntu.edu.tw/courses/114-1/16422
動力系統與嚴格數值計算一,何歐立,44913,MATH5377,221U9660,選修,,"三 6,7 / 四 7",天數304,3 類,,3,,https://course.ntu.edu.tw/courses/114-1/44913
數值線性代數,阮文先,30888,MATH5411,221U4210,必修,,"四 2,3,4",天數305,3 類,,3,,https://course.ntu.edu.tw/courses/114-1/30888
代數一,莊武諺,35204,MATH7006,221M3100,選修,,"三 6,7 / 五 6,7,8",天數101,2 類,,5,,https://course.ntu.edu.tw/courses/114-1/35204
實分析一,王振男,12763,MATH7201,221U2870,必修,,"一 3,4 / 三 3,4",天數101,3 類,,3,,https://course.ntu.edu.tw/courses/114-1/12763
微分幾何一,王金龍,50700,MATH7301,221U2930,必修,,"二 3,4 / 四 3,4",天數101,2 類,,3,,https://course.ntu.edu.tw/courses/114-1/50700
機率論一,李志煌,40814,MATH7509,221U3410,必修,,"二 6,7 / 四 6,7",天數102/天數201,3 類,,3,,https://course.ntu.edu.tw/courses/114-1/40814
組合學一,戴尚年,16908,MATH7701,221U3290,必修 / 選修,,"二 8,9 / 五 5",天數202,3 類,,3,,https://course.ntu.edu.tw/courses/114-1/16908
碩士論文,,12895,MATH7999,221M0010,必修,,,,1 類,,0,,https://course.ntu.edu.tw/courses/114-1/12895
專題演講一,何歐立,41388,MATH8002,221U3850,必修,,"一 6,7",天數202,3 類,,2,,https://course.ntu.edu.tw/courses/114-1/41388
專題演講一,大井雅雄,43576,MATH8002,221U3850,選修,,"一 6,7",,3 類,,2,,https://course.ntu.edu.tw/courses/114-1/43576
專題演講三,林朝明,23767,MATH8004,221U3870,必修,,"一 6,7",,1 類,,2,,https://course.ntu.edu.tw/courses/114-1/23767
博士論文,,10390,MATH8999,221D0010,必修,,,,1 類,,0,,https://course.ntu.edu.tw/courses/114-1/10390
物流管理,許鉅秉,12222,MBA5019,741U7300,選修,,"二 7,8,9",,2 類,,3,,https://course.ntu.edu.tw/courses/114-1/12222
物流管理,許鉅秉,21465,MBA5019,741U7300,選修,,"二 7,8,9",管二204,2 類,,3,,https://course.ntu.edu.tw/courses/114-1/21465
專案管理,江俊毅,45647,MBA5020,741U7700,選修,,"二 10,A,B",管一402,2 類,,3,,https://course.ntu.edu.tw/courses/114-1/45647
金融市場與行銷,魏啟林,11523,MBA5031,741U9470,選修,,"一 7,8,9",管一203,2 類,,3,,https://course.ntu.edu.tw/courses/114-1/11523
職場心理學,陸  洛,23095,MBA5032,741U9480,選修,,"一 7,8,9",管一405,2 類,,3,,https://course.ntu.edu.tw/courses/114-1/23095
人力資源管理,劉念琪,50022,MBA5087,741U2150,選修,,"二 7,8,9",管二302,2 類,,3,,https://course.ntu.edu.tw/courses/114-1/50022
企業併購、重整與私募基金,林家振,47133,MBA5088,741U9760,選修,,"五 10,A,B",管一104,2 類,,3,,https://course.ntu.edu.tw/courses/114-1/47133
數位科技與顧客管理,黃俊堯,28646,MBA5092,741U1520,選修,,"一 2,3,4",管二302,2 類,,3,,https://course.ntu.edu.tw/courses/114-1/28646
國際行銷管理,林嘉薇,11646,MBA5095,741U3030,選修,,"三 7,8,9",管二304,2 類,,3,,https://course.ntu.edu.tw/courses/114-1/11646
消費者行為,練乃華,40640,MBA5100,741U2160,選修,,"一 2,3,4",管一402,2 類,,3,,https://course.ntu.edu.tw/courses/114-1/40640
高科技企業經營管理,陸  洛,45803,MBA5101,741U3350,選修,,"五 2,3,4",冠德講堂,2 類,,3,,https://course.ntu.edu.tw/courses/114-1/45803
服務業產業發展與經營策略,王建彬,34985,MBA5104,741U2170,選修,,"四 A,B,C",管一405,2 類,,3,,https://course.ntu.edu.tw/courses/114-1/34985
作業管理,郭瑞祥,48346,MBA7004,741M1100,必修,,"一 2,3,4",管一103,2 類,,3,,https://course.ntu.edu.tw/courses/114-1/48346
行銷管理學,練乃華,11117,MBA7005,741M1300,必修,,"二 2,3,4",管一104,2 類,,3,,https://course.ntu.edu.tw/courses/114-1/11117
行銷管理學,練乃華,27240,MBA7005,741M1300,選修,,"二 2,3,4",,2 類,,3,,https://course.ntu.edu.tw/courses/114-1/27240
組織行為,戚樹誠,33889,MBA7008,741M2200,必修,,"三 7,8,9",管一101,2 類,,3,,https://course.ntu.edu.tw/courses/114-1/33889
華人組織行為研討,戚樹誠,47724,MBA7018,741M4300,選修,,"一 A,B,C",管一405,2 類,,3,,https://course.ntu.edu.tw/courses/114-1/47724
電子化企業與供應鏈管理,蔣明晃,59879,MBA7021,741M5030,選修,,"一 7,8,9",,2 類,,3,,https://course.ntu.edu.tw/courses/114-1/59879
策略管理,朱文儀,59662,MBA7027,741M8800,必修,,"五 2,3,4",管一402,2 類,,3,,https://course.ntu.edu.tw/courses/114-1/59662
策略管理,陳忠仁,44644,MBA7027,741M8800,必修,,"二 6,7,8",,2 類,,3,,https://course.ntu.edu.tw/courses/114-1/44644
策略管理,陳忠仁,27146,MBA7027,741M8800,選修,,"二 6,7,8",,2 類,,3,,https://course.ntu.edu.tw/courses/114-1/27146
企業系統動態學,余峻瑜,55258,MBA7052,741M4000,選修,,"四 2,3,4",,2 類,,3,,https://course.ntu.edu.tw/courses/114-1/55258
科技管理研討,江俊毅,51480,MBA7076,741M6000,選修,,"二 3,4",,2 類,,2,,https://course.ntu.edu.tw/courses/114-1/51480
實驗法,劉怡靖,57510,MBA7077,741M5210,選修,,"二 7,8,9",,2 類,,3,,https://course.ntu.edu.tw/courses/114-1/57510
金融科技與創新,陳文華,22319,MBA7081,741M7240,選修,,"二 7,8,9",管一203,2 類,,3,,https://course.ntu.edu.tw/courses/114-1/22319
新創事業投資評估,陳玠甫,41099,MBA7082,741M3060,選修,,"一 2,3,4",管一102,2 類,,3,,https://course.ntu.edu.tw/courses/114-1/41099
碩士論文,,20773,MBA7999,741M0010,必修,,,,1 類,,0,,https://course.ntu.edu.tw/courses/114-1/20773
獨立研究,郭佳瑋,22200,MBA8001,741D0100,選修,,"三 6,7,8",管一403,2 類,,3,,https://course.ntu.edu.tw/courses/114-1/22200
獨立研究,陳家麟,95034,MBA8001,741D0100,選修,,,,2 類,,3,,https://course.ntu.edu.tw/courses/114-1/95034
人力資源管理研討,劉念琪,27549,MBA8003,741D6300,選修,,"一 7,8,9",管二研九,2 類,,3,,https://course.ntu.edu.tw/courses/114-1/27549
策略理論研討一,陳忠仁,57088,MBA8009,741D5210,選修,,"三 7,8,9",管二研七,2 類,,3,,https://course.ntu.edu.tw/courses/114-1/57088
行銷決策模式,周善瑜,56723,MBA8013,741D3040,選修,,"四 7,8,9",管二研十一,2 類,,3,,https://course.ntu.edu.tw/courses/114-1/56723
科技管理研究論壇,江俊毅,44479,MBA8031,741D0370,選修,,"二 5,6",管二研十一,2 類,,2,,https://course.ntu.edu.tw/courses/114-1/44479
行銷研究方法研討,秦時雋,50428,MBA8036,741D3180,選修,,"三 2,3,4",,2 類,,3,,https://course.ntu.edu.tw/courses/114-1/50428
博士論文,,21826,MBA8999,741D0010,必修,,,,1 類,,0,,https://course.ntu.edu.tw/courses/114-1/21826
分子遺傳分析,董桂書,17391,MCB5006,B43U1140,選修,,"四 8,9",生科3A,3 類,,2,,https://course.ntu.edu.tw/courses/114-1/17391
分子細胞生物學,吳益群,53394,MCB5007,B43U1160,必修 / 選修,,"四 2,3,4",生科4A,3 類,,3,,https://course.ntu.edu.tw/courses/114-1/53394
神經傳導專題討論,王致恬,42883,MCB5021,B43U1330,選修,,,,2 類,,2,,https://course.ntu.edu.tw/courses/114-1/42883
單分子生物學,溫進德,12696,MCB5025,B43U1370,選修,,"二 3,4",生科419,3 類,,2,,https://course.ntu.edu.tw/courses/114-1/12696
核醣體與轉譯專題討論,溫進德,26736,MCB5029,B43U1400,選修,,,,3 類,,2,,https://course.ntu.edu.tw/courses/114-1/26736
植物晝夜節律專題討論,蔡皇龍,57459,MCB5035,B43U1510,選修,,,,3 類,,2,,https://course.ntu.edu.tw/courses/114-1/57459
非編碼RNA專題討論,朱雪萍,15400,MCB5036,B43U1520,選修,,,,3 類,,2,,https://course.ntu.edu.tw/courses/114-1/15400
次世代定序在分子生物學上的應用,朱雪萍,17638,MCB5037,B43U1530,選修,,"三 3,4",生科419,3 類,,2,,https://course.ntu.edu.tw/courses/114-1/17638
線蟲神經科學專題討論,陳俊豪,14743,MCB5038,B43U1540,選修,,,,3 類,,2,,https://course.ntu.edu.tw/courses/114-1/14743
葉綠體脂質專題討論,游竣惟,28675,MCB5039,B43U1550,選修,,,,3 類,,2,,https://course.ntu.edu.tw/courses/114-1/28675
碩士班專題討論,蔡皇龍,20533,MCB7001,B43M0020,必修,,"一 7,8",生科4A,3 類,,1,,https://course.ntu.edu.tw/courses/114-1/20533
專題研究,阮雪芬,37571,MCB7002,B43M0030,必修 / 選修,,"二 8,9",生科1148,3 類,,1,,https://course.ntu.edu.tw/courses/114-1/37571
專題研究,吳益群,31238,MCB7002,B43M0030,必修,,,,3 類,,1,,https://course.ntu.edu.tw/courses/114-1/31238
專題研究,董桂書,23608,MCB7002,B43M0030,必修,,,,3 類,,1,,https://course.ntu.edu.tw/courses/114-1/23608
專題研究,王致恬,37146,MCB7002,B43M0030,必修 / 選修,,,,3 類,,1,,https://course.ntu.edu.tw/courses/114-1/37146
專題研究,溫進德,35169,MCB7002,B43M0030,必修,,,,3 類,,1,,https://course.ntu.edu.tw/courses/114-1/35169
專題研究,陳俊宏,16340,MCB7002,B43M0030,必修,,,,3 類,,1,,https://course.ntu.edu.tw/courses/114-1/16340
專題研究,黃筱鈞,24455,MCB7002,B43M0030,必修,,,,3 類,,1,,https://course.ntu.edu.tw/courses/114-1/24455
專題研究,朱雪萍,39593,MCB7002,B43M0030,必修,,,,3 類,,1,,https://course.ntu.edu.tw/courses/114-1/39593
專題研究,蔡皇龍,16801,MCB7002,B43M0030,必修,,,,3 類,,1,,https://course.ntu.edu.tw/courses/114-1/16801
專題研究,陳俊豪,57302,MCB7002,B43M0030,必修,,,,3 類,,1,,https://course.ntu.edu.tw/courses/114-1/57302
專題研究,游竣惟,53789,MCB7002,B43M0030,必修,,,,3 類,,1,,https://course.ntu.edu.tw/courses/114-1/53789
分子發育遺傳學專題討論,吳益群,29589,MCB7003,B43M0300,選修,,,,3 類,,2,,https://course.ntu.edu.tw/courses/114-1/29589
酵母菌分子遺傳學專題討論,董桂書,12047,MCB7008,B43M0350,選修,,,,3 類,,2,,https://course.ntu.edu.tw/courses/114-1/12047
系統生物學專題討論,阮雪芬,50171,MCB7010,B43M0370,必修 / 選修,,"三 7,8",生科4C,3 類,,2,,https://course.ntu.edu.tw/courses/114-1/50171
碩士論文,,18124,MCB7999,B43M0010,必修,,,,1 類,,0,,https://course.ntu.edu.tw/courses/114-1/18124
博士班專題討論,朱雪萍,56528,MCB8001,B43D0020,必修,,"一 7,8",生科419,3 類,,1,,https://course.ntu.edu.tw/courses/114-1/56528
專題研究,董桂書,36370,MCB8002,B43D0030,必修,,,,3 類,,1,,https://course.ntu.edu.tw/courses/114-1/36370
專題研究,王致恬,29139,MCB8002,B43D0030,必修,,,,3 類,,1,,https://course.ntu.edu.tw/courses/114-1/29139
專題研究,溫進德,37079,MCB8002,B43D0030,必修,,,,3 類,,1,,https://course.ntu.edu.tw/courses/114-1/37079
專題研究,陳俊宏,27509,MCB8002,B43D0030,必修,,,,3 類,,1,,https://course.ntu.edu.tw/courses/114-1/27509
專題研究,黃筱鈞,13917,MCB8002,B43D0030,必修,,,,3 類,,1,,https://course.ntu.edu.tw/courses/114-1/13917
專題研究,朱雪萍,53238,MCB8002,B43D0030,必修,,,,3 類,,1,,https://course.ntu.edu.tw/courses/114-1/53238
專題研究,蔡皇龍,52553,MCB8002,B43D0030,必修,,,,3 類,,1,,https://course.ntu.edu.tw/courses/114-1/52553
專題研究,陳俊豪,22904,MCB8002,B43D0030,必修,,,,3 類,,1,,https://course.ntu.edu.tw/courses/114-1/22904
專題研究,游竣惟,38991,MCB8002,B43D0030,必修,,,,3 類,,1,,https://course.ntu.edu.tw/courses/114-1/38991
博士論文,,56304,MCB8999,B43D0010,必修,,,,1 類,,0,,https://course.ntu.edu.tw/courses/114-1/56304
分子病理生物學,張惠雯,42827,MCP5001,644U0010,必修,,"三 3,4",獸三館202,1 類,,2,,https://course.ntu.edu.tw/courses/114-1/42827
實驗動物科學,萬灼華,55162,MCP5012,644U0120,選修,,,,1 類,,2,,https://course.ntu.edu.tw/courses/114-1/55162
豬病與禽病診斷醫學入門（一）,張惠雯,24358,MCP5020,644U0200,選修,,"一 6,7",獸三館202,1 類,,2,,https://course.ntu.edu.tw/courses/114-1/24358
臨床豬病與禽病診斷學（一）,張惠雯,34210,MCP5022,644U0220,選修,,,,1 類,,2,,https://course.ntu.edu.tw/courses/114-1/34210
臨床豬病與禽病診斷學（三）,張惠雯,32589,MCP5024,644U0240,選修,,,,1 類,,2,,https://course.ntu.edu.tw/courses/114-1/32589
碩士論文,,12932,MCP7001,644M0010,必修,,,,1 類,,0,,https://course.ntu.edu.tw/courses/114-1/12932
專題討論一,張惠雯,52221,MCP7002,644M0030,必修,,"二 3,4",獸一館412,1 類,,1,,https://course.ntu.edu.tw/courses/114-1/52221
專題討論三,張惠雯,36384,MCP7004,644M0050,必修,,"二 3,4",,1 類,,1,,https://course.ntu.edu.tw/courses/114-1/36384
專題研究一,張惠雯,31021,MCP7006,644M0070,必修,,,,1 類,,1,,https://course.ntu.edu.tw/courses/114-1/31021
專題研究一,黃威翔,44971,MCP7006,644M0070,必修,,,,1 類,,1,,https://course.ntu.edu.tw/courses/114-1/44971
專題研究一,張晏禎,22629,MCP7006,644M0070,必修,,,,1 類,,1,,https://course.ntu.edu.tw/courses/114-1/22629
專題研究一,張志成,32095,MCP7006,644M0070,必修,,,,1 類,,1,,https://course.ntu.edu.tw/courses/114-1/32095
專題研究三,張惠雯,45255,MCP7008,644M0090,必修,,,,1 類,,1,,https://course.ntu.edu.tw/courses/114-1/45255
專題研究三,黃威翔,11749,MCP7008,644M0090,必修,,,,1 類,,1,,https://course.ntu.edu.tw/courses/114-1/11749
專題研究三,張晏禎,19838,MCP7008,644M0090,必修,,,,1 類,,1,,https://course.ntu.edu.tw/courses/114-1/19838
衛生保健,程劭儀,28949,MD&PH5001,40550200,選修,,"四 6,7",計資106,2 類,,2,,https://course.ntu.edu.tw/courses/114-1/28949
儀器分析概論,曾秀如,55495,md&ph5002,420U0200,必帶 / 必修 / 選修,,"一 9,10",基醫104,3 類,,2,,https://course.ntu.edu.tw/courses/114-1/55495
醫學與生活,楊榮森,10157,MD&PH5007,40550900,,,"三 8,9",基醫101,3 類,,2,,https://course.ntu.edu.tw/courses/114-1/10157
醫學與生活,江鴻生,35908,MD&PH5007,40550900,,,"三 6,7",基醫104,3 類,,2,,https://course.ntu.edu.tw/courses/114-1/35908
醫學與生活,楊榮森,37651,MD&PH5007,40550900,,,"三 6,7",基醫101,3 類,,2,,https://course.ntu.edu.tw/courses/114-1/37651
一般醫學保健,陳慧玲,57277,MD&PH5011,40551400,選修,,"三 8,9",普101,3 類,,2,,https://course.ntu.edu.tw/courses/114-1/57277
醫療與社會,朱宗信,38388,MD&PH5023,40552600,,,"一 6,7",基醫302,2 類,,2,,https://course.ntu.edu.tw/courses/114-1/38388
醫學與人文,陳彥元,17934,MD&PH5024,40552700,,,"五 6,7",基醫301,2 類,,2,,https://course.ntu.edu.tw/courses/114-1/17934
醫學研究專題討論一,張以承,58434,md&ph5036,420U4000,選修,,三 5,基醫102,3 類,,1,,https://course.ntu.edu.tw/courses/114-1/58434
學術論文之倫理及撰寫,劉旻禕,56397,md&ph5039,420U4300,必帶 / 必修 / 選修,,三 9,基醫302,3 類,,1,,https://course.ntu.edu.tw/courses/114-1/56397
微生物與疾病,楊宏志,10777,md&ph5050,420U4500,必修 / 選修,,"四 3,4",基醫104,3 類,,2,,https://course.ntu.edu.tw/courses/114-1/10777
分子生物學及技術,余明俊,29047,md&ph5074,420U4800,必帶 / 必修 / 選修,,"二 9,10 / 四 9,10",基醫302,3 類,,4,,https://course.ntu.edu.tw/courses/114-1/29047
分子生物學,余明俊,45467,md&ph5075,420U4900,必修 / 選修,,"二 9,10 / 四 9,10",,3 類,,3,,https://course.ntu.edu.tw/courses/114-1/45467
民眾基本救護,陳石池,15994,MD&PH5080,40553200,選修,,"三 6,7,8,9",基醫304,2 類,,4,,https://course.ntu.edu.tw/courses/114-1/15994
碩士論文,,23543,MDI7001,458M0010,選修,,,,1 類,,0,,https://course.ntu.edu.tw/courses/114-1/23543
衍射光學與全像影像術,駱  遠,16916,MDI7011,458M0200,選修,,"五 7,8",基醫1222,2 類,,2,,https://course.ntu.edu.tw/courses/114-1/16916
光學內視鏡系統專題研究(I),駱  遠,22541,MDI7023,458M0230,選修,,二 A,基醫1222,2 類,,1,,https://course.ntu.edu.tw/courses/114-1/22541
醫學影像處理專題研究 (I),黃宣銘,54074,MDI7045,458M0450,選修,,"四 10,A",基醫1222,2 類,,2,,https://course.ntu.edu.tw/courses/114-1/54074
臨床影像生物標誌專題研究 (I),吳文超,56906,MDI7051,458M0511,必修 / 選修,,五 A,基醫1222,2 類,,1,,https://course.ntu.edu.tw/courses/114-1/56906
醫用磁振造影技術,吳文超,41171,MDI7053,458M0520,選修,,"一 5,6,7",基醫507,2 類,,3,,https://course.ntu.edu.tw/courses/114-1/41171
動脈硬化栓塞醫療器材專題研究(I),林世明,11452,MDI7057,458M0560,選修,,四 9,,2 類,,1,,https://course.ntu.edu.tw/courses/114-1/11452
奈米醫學影像專題研究 (I),林世明,32904,MDI7059,458M0580,選修,,五 9,基醫1222,2 類,,1,,https://course.ntu.edu.tw/courses/114-1/32904
心肺工程專題研究 I,林育君,38508,MDI7061,458M0610,必修,,一 2,基醫1222,2 類,,1,,https://course.ntu.edu.tw/courses/114-1/38508
醫用力學專題研究 I,林育君,58763,MDI7063,458M0630,選修,,"一 4,5",基醫1222,2 類,,2,,https://course.ntu.edu.tw/courses/114-1/58763
細胞與組織力學與醫學運用,林育君,21417,MDI7067,458M0670,選修,,"二 7,8,9",基醫1222,2 類,,3,,https://course.ntu.edu.tw/courses/114-1/21417
醫學深度學習專題研究 I,張  瀚,22960,MDI7069,458M0690,必修,,一 A,基醫1222,2 類,,1,,https://course.ntu.edu.tw/courses/114-1/22960
生醫機器學習專題研究I,張  瀚,34920,MDI7071,458M0710,選修,,"三 9,10",基醫1222,2 類,,2,,https://course.ntu.edu.tw/courses/114-1/34920
智慧醫材專題研究(I),蕭輔仁,52626,MDI7085,458M0850,選修,,"二 4,5",基醫1222,2 類,,2,,https://course.ntu.edu.tw/courses/114-1/52626
生醫訊號與影像處理專題研究(I),郭立威,25744,MDI7087,458M0870,選修,,"一 8,9",基醫1222,2 類,,1,,https://course.ntu.edu.tw/courses/114-1/25744
醫學影像AI人工智慧概論,陳世杰,34366,MDI7090,458M0900,選修,,"二 9,10",基醫507,2 類,,2,,https://course.ntu.edu.tw/courses/114-1/34366
醫學影像原理與應用,吳文超,39577,MDI7091,458M0910,必修,,"四 2,3,4",基醫505,2 類,,3,,https://course.ntu.edu.tw/courses/114-1/39577
醫療感測器材專題研究(III),林世明,29723,MDI8001,458D0100,必修,,二 6,,2 類,,1,,https://course.ntu.edu.tw/courses/114-1/29723
先進生醫顯微影像術專題研究(III),駱  遠,21335,MDI8003,458D0200,必修,,三 A,,2 類,,1,,https://course.ntu.edu.tw/courses/114-1/21335
心肺工程專題研究 (III),林育君,41695,MDI8009,458D0500,必修,,一 2,,2 類,,1,,https://course.ntu.edu.tw/courses/114-1/41695
醫學深度學習專題研究 (III),張  瀚,57372,MDI8011,458D0600,必修,,一 A,,2 類,,1,,https://course.ntu.edu.tw/courses/114-1/57372
博士論文,,48017,MDI8015,458D0010,選修,,,,1 類,,0,,https://course.ntu.edu.tw/courses/114-1/48017
醫療感測器材專題研究(I),林世明,23942,MDI8018,458D0140,必修,,二 6,,2 類,,1,,https://course.ntu.edu.tw/courses/114-1/23942
先進生醫顯微影像術專題研究(I),駱  遠,20449,MDI8019,458D0220,必修,,三 A,,2 類,,1,,https://course.ntu.edu.tw/courses/114-1/20449
醫學影像重建與分析專題研究 (I),黃宣銘,42172,MDI8023,458D0420,必修,,五 10,,2 類,,1,,https://course.ntu.edu.tw/courses/114-1/42172
腦瘤影像專題研究(I),蕭輔仁,37439,MDI8029,458D0720,必修,,一 3,,2 類,,1,,https://course.ntu.edu.tw/courses/114-1/37439
醫療器材臨床試驗,蕭輔仁,36209,MDI8032,458D0810,選修,,"一 6,7",基醫1222,2 類,,2,,https://course.ntu.edu.tw/courses/114-1/36209
自然災害損害評估和經濟分析,游景雲,43554,MDR7010,H46M7010,選修,,"一 7,8,9",,2 類,,3,,https://course.ntu.edu.tw/courses/114-1/43554
大地災害機制與防治,陳麒文,25016,MDR7030,H46M7030,選修,,"三 7,8,9",,2 類,,3,,https://course.ntu.edu.tw/courses/114-1/25016
城鄉生態規劃特論,石婉瑜,18703,MDR7110,H46U7110,選修,,"二 6,7,8",,2 類,,3,,https://course.ntu.edu.tw/courses/114-1/18703
氣候變遷對地質碳循環和水循環的影響,劉雅瑄,16306,MDR7910,H46M7910,必修,,"四 2,3,4",綜607,2 類,,3,,https://course.ntu.edu.tw/courses/114-1/16306
專題討論,石婉瑜,34563,MDR7980,H46U7980,必修,,"五 3,4",綜601,2 類,,2,,https://course.ntu.edu.tw/courses/114-1/34563
碩士論文,,46982,MDR7999,H46M0010,必修,,,,1 類,,0,,https://course.ntu.edu.tw/courses/114-1/46982
服務學習甲,江明哲,57665,ME0006,502001G0,必修,,,,3 類,,1,,https://course.ntu.edu.tw/courses/114-1/57665
服務學習乙,莊嘉揚,39685,ME0007,502001H0,必修,,,,2 類,,1,,https://course.ntu.edu.tw/courses/114-1/39685
服務學習乙,徐冠倫,31853,ME0007,502001H0,必修,,,,2 類,,1,,https://course.ntu.edu.tw/courses/114-1/31853
服務學習乙,郭重顯,44172,ME0007,502001H0,必修,,,,2 類,,1,,https://course.ntu.edu.tw/courses/114-1/44172
服務學習乙,林以凡,12200,ME0007,502001H0,必修,,,,2 類,,1,,https://course.ntu.edu.tw/courses/114-1/12200
服務學習乙,林以凡,46155,ME0007,502001H0,必修,,,,2 類,,1,,https://course.ntu.edu.tw/courses/114-1/46155
服務學習乙,林以凡,36122,ME0007,502001H0,必修,,,,2 類,,1,,https://course.ntu.edu.tw/courses/114-1/36122
工程圖學,廖先順,41264,ME1003,50216000,必帶 / 必修,,"一 5 / 二 7,8,9",進學講堂/機械系計中,2 類,,2,,https://course.ntu.edu.tw/courses/114-1/41264
工程圖學,徐冠倫,35768,ME1003,50216000,必帶,,"一 5 / 四 2,3,4",機械系計中,2 類,,2,,https://course.ntu.edu.tw/courses/114-1/35768
靜力學,王建凱,29594,ME1005,50221130,必帶 / 必修,,"二 3,4",機械113,2 類,,2,,https://course.ntu.edu.tw/courses/114-1/29594
靜力學,陳復國,17364,ME1005,50221130,必帶 / 必修,,"二 3,4",機械114,2 類,,2,,https://course.ntu.edu.tw/courses/114-1/17364
靜力學,莊嘉揚,23085,ME1005,50221130,必帶 / 必修,,"二 3,4",機械115,2 類,,2,,https://course.ntu.edu.tw/courses/114-1/23085
工場實習,黃瀅瑛,32847,ME1007,50225000,必帶 / 必修,,"二 7,8,9",機械實習工場,2 類,,1,,https://course.ntu.edu.tw/courses/114-1/32847
工場實習,李貫銘,44444,ME1007,50225000,必帶 / 必修,,"四 2,3,4",機械實習工場,2 類,,1,,https://course.ntu.edu.tw/courses/114-1/44444
工場實習,蔡曜陽,17274,ME1007,50225000,必帶 / 必修,,"一 2,3,4",機械實習工場,2 類,,1,,https://course.ntu.edu.tw/courses/114-1/17274
工場實習,鄭憶中,17259,ME1007,50225000,必帶 / 必修,,"一 7,8,9",機械實習工場,2 類,,1,,https://course.ntu.edu.tw/courses/114-1/17259
機械工程概論,詹魁元,43620,ME1010,50217050,必帶 / 必修,,二 6,機械B113,2 類,,0,,https://course.ntu.edu.tw/courses/114-1/43620
機械工程概論,李貫銘,44281,ME1010,50217050,必帶 / 必修,,二 6,,2 類,,0,,https://course.ntu.edu.tw/courses/114-1/44281
機械工程概論,楊馥菱,29437,ME1010,50217050,必帶 / 必修,,二 6,,2 類,,0,,https://course.ntu.edu.tw/courses/114-1/29437
工程數學上,蕭浩明,22005,ME2001,50220001,必修,,"一 3,4 / 三 2",進學講堂,2 類,,3,,https://course.ntu.edu.tw/courses/114-1/22005
工程數學上,黃信富,21082,ME2001,50220001,必修,,"一 3,4 / 三 2",機械114,2 類,,3,,https://course.ntu.edu.tw/courses/114-1/21082
工程數學上,盧南佑,13934,ME2001,50220001,必修,,"一 3,4 / 三 2",機械116,2 類,,3,,https://course.ntu.edu.tw/courses/114-1/13934
工程數學上,林以凡,47435,ME2001,50220001,必帶 / 必修,,"一 3,4 / 三 2",機皮教室,2 類,,3,,https://course.ntu.edu.tw/courses/114-1/47435
工程材料,鄭憶中,25146,ME2004,50222200,必修,,"二 8,9 / 四 2",新304,2 類,,3,,https://course.ntu.edu.tw/courses/114-1/25146
工程材料,陳志軒,43278,ME2004,50222200,必修,,"二 8,9 / 四 2",機械116,2 類,,3,,https://course.ntu.edu.tw/courses/114-1/43278
工程材料,蔡曜陽,40020,ME2004,50222200,必修,,"二 8,9 / 四 2",機械114,2 類,,3,,https://course.ntu.edu.tw/courses/114-1/40020
熱力學,許  麗,58669,ME2005,50223100,必修,,"二 7 / 四 3,4",機械116,2 類,,3,,https://course.ntu.edu.tw/courses/114-1/58669
熱力學,陳希立,46938,ME2005,50223100,必修,,"二 7 / 四 3,4",機械114,2 類,,3,,https://course.ntu.edu.tw/courses/114-1/46938
熱力學,呂明璋,30585,ME2005,50223100,必修,,"二 7 / 四 3,4",機械115,2 類,,3,,https://course.ntu.edu.tw/courses/114-1/30585
機動學,蘇偉儁,59506,ME2006,50224000,必修,,"一 2 / 三 3,4",機械116,2 類,,3,,https://course.ntu.edu.tw/courses/114-1/59506
機動學,藍兆杰,19790,ME2006,50224000,必修,,"一 2 / 三 3,4",進學講堂,2 類,,3,,https://course.ntu.edu.tw/courses/114-1/19790
機動學,陳達仁,14824,ME2006,50224000,必修,,"一 2 / 三 3,4",機械114,2 類,,3,,https://course.ntu.edu.tw/courses/114-1/14824
計算機程式,黃奎隆,11704,ME2009,50210100,必修 / 選修,,"二 2,3,4",機械系計中,3 類,,2,,https://course.ntu.edu.tw/courses/114-1/11704
計算機程式,林以凡,15288,ME2009,50210100,必修,,"五 3,4,5",機械系計中,2 類,,2,,https://course.ntu.edu.tw/courses/114-1/15288
電工學,黃念祖,42281,ME2101,50228100,選修,,"五 2,3,4",機械114,3 類,,3,,https://course.ntu.edu.tw/courses/114-1/42281
應用電子學(含實驗),蘇偉儁,16875,ME2102,50227100,選修,,"一 7,8,9",進學講堂,2 類,,3,,https://course.ntu.edu.tw/courses/114-1/16875
應用電子學(含實驗),楊士進,33648,ME2102,50227100,選修,,"一 7,8,9",,2 類,,3,,https://course.ntu.edu.tw/courses/114-1/33648
熱傳學,陳炳煇,46432,ME3003,50233100,必修,,"二 2 / 五 3,4",機械113,2 類,,3,,https://course.ntu.edu.tw/courses/114-1/46432
熱傳學,孫珍理,17092,ME3003,50233100,必修,,"二 2 / 五 3,4",機械116,2 類,,3,,https://course.ntu.edu.tw/courses/114-1/17092
熱傳學,蔣雅郁,51984,ME3003,50233100,必修,,"二 2 / 五 3,4",機皮教室,2 類,,3,,https://course.ntu.edu.tw/courses/114-1/51984
機械設計原理,詹魁元,46029,ME3004,50234210,必修,,"四 7,8,9",機械116,2 類,,3,,https://course.ntu.edu.tw/courses/114-1/46029
機械設計原理,黃光裕,41397,ME3004,50234210,必修,,"四 7,8,9",機械114,2 類,,3,,https://course.ntu.edu.tw/courses/114-1/41397
機械設計原理,張秉純,48092,ME3004,50234210,必修,,"四 7,8,9",機械115,2 類,,3,,https://course.ntu.edu.tw/courses/114-1/48092
自動控制,林沛群,59540,ME3007,50245100,必修,,"二 3,4 / 五 2",進學講堂,2 類,,3,,https://course.ntu.edu.tw/courses/114-1/59540
自動控制,黃漢邦,38081,ME3007,50245100,必修,,"二 3,4 / 五 2",機械116,2 類,,3,,https://course.ntu.edu.tw/courses/114-1/38081
自動控制,林峻永,34808,ME3007,50245100,必修,,"二 3,4 / 五 2",繡山講堂,2 類,,3,,https://course.ntu.edu.tw/courses/114-1/34808
機械工程量測原理,楊馥菱,44254,ME3008,50235200,必修,,"三 7,8",繡山演講廳,2 類,,2,,https://course.ntu.edu.tw/courses/114-1/44254
機械工程量測原理,莊國志,32343,ME3008,50235200,必修,,"三 7,8",,2 類,,2,,https://course.ntu.edu.tw/courses/114-1/32343
機械工程量測原理,郭重顯,32215,ME3008,50235200,必修,,"三 7,8",,2 類,,2,,https://course.ntu.edu.tw/courses/114-1/32215
機械工程實驗（一）,江明哲,57069,ME3009,50235210,必修,,"一 1,2",機械B117,3 類,,1,,https://course.ntu.edu.tw/courses/114-1/57069
機械工程實驗（一）,江明哲,36436,ME3009,50235210,必修,,"一 3,4",機械B117,3 類,,1,,https://course.ntu.edu.tw/courses/114-1/36436
機械工程實驗（一）,江明哲,21609,ME3009,50235210,必修,,"一 5,6",機械B117,3 類,,1,,https://course.ntu.edu.tw/courses/114-1/21609
機械工程實驗（一）,江明哲,27254,ME3009,50235210,必修,,"一 7,8",機械B117,3 類,,1,,https://course.ntu.edu.tw/courses/114-1/27254
機械工程實驗（一）,江明哲,56323,ME3009,50235210,必修,,"三 1,2",機械B117,3 類,,1,,https://course.ntu.edu.tw/courses/114-1/56323
機械工程實驗（一）,江明哲,10624,ME3009,50235210,必修,,"三 3,4",機械B117,3 類,,1,,https://course.ntu.edu.tw/courses/114-1/10624
機械工程實驗（一）,江明哲,32978,ME3009,50235210,必修,,"三 5,6",機械B117,3 類,,1,,https://course.ntu.edu.tw/courses/114-1/32978
機械工程實驗（一）,江明哲,12946,ME3009,50235210,必修,,"四 1,2",機械B117,3 類,,1,,https://course.ntu.edu.tw/courses/114-1/12946
機械工程實驗（一）,江明哲,34879,ME3009,50235210,必修,,"四 3,4",機械B117,3 類,,1,,https://course.ntu.edu.tw/courses/114-1/34879
流體力學二,賴君亮,31613,ME3903,50231020,選修,,"四 2,3,4",機械105,3 類,,3,,https://course.ntu.edu.tw/courses/114-1/31613
智慧車輛設計與實務一,蘇偉儁,27498,ME5024,522U6300,選修,,"四 7,8,9",,2 類,,3,,https://course.ntu.edu.tw/courses/114-1/27498
電磁波與天線導論,劉建豪,30537,ME5035,522U7400,選修,,"三 2,3,4",機械系計中,2 類,,3,,https://course.ntu.edu.tw/courses/114-1/30537
超低溫工程學導論,張鈞棣,21210,ME5063,522U6390,選修,,"三 2,3,4",博雅204,3 類,,3,,https://course.ntu.edu.tw/courses/114-1/21210
智慧機器人應用與實作,郭重顯,35388,ME5065,522U6420,選修,,"五 2,3,4",機械104,3 類,,3,,https://course.ntu.edu.tw/courses/114-1/35388
精密量測論文研討,廖先順,12988,ME5067,522U6450,選修,,一 2,機械105,3 類,,1,,https://course.ntu.edu.tw/courses/114-1/12988
現代半導體製程,吳國俊,30330,ME5068,522U6460,選修,,"一 2,3,4",新301,3 類,,3,,https://course.ntu.edu.tw/courses/114-1/30330
人因工程應用實務,黃瀅瑛,13272,ME5071,522U6490,選修,,"二 2,3,4",機械105,2 類,,3,,https://course.ntu.edu.tw/courses/114-1/13272
主題英語不尬聊,林以凡,59574,ME5072,522U6440,選修,,"四 7,8,9",機皮教室,2 類,,3,,https://course.ntu.edu.tw/courses/114-1/59574
博物館裡的工程科技與社會,黃育熙,27838,ME5074,522U6520,,,"二 7,8,9",進學講堂,2 類,,3,,https://course.ntu.edu.tw/courses/114-1/27838
可靠度工程,江明哲,40113,ME5078,522U6560,選修,,"三 7,8,9",機械114,3 類,,3,,https://course.ntu.edu.tw/courses/114-1/40113
發動機與先進燃料,李佳峯,24589,ME5079,522U6570,選修,,"三 7,8,9",機械105,3 類,,3,,https://course.ntu.edu.tw/courses/114-1/24589
積層製造,李典儒,11864,ME5080,522U6580,選修,,"三 7,8,9",機械104,2 類,,3,,https://course.ntu.edu.tw/courses/114-1/11864
產品碳足跡與綠色設計,林心恬,32130,ME5081,522U6590,選修,,"三 2,3,4",機械113,2 類,,3,,https://course.ntu.edu.tw/courses/114-1/32130
凸輪學,徐冠倫,13787,ME5084,522U6630,選修,,"三 7,8,9",機械B113,2 類,,3,,https://course.ntu.edu.tw/courses/114-1/13787
流體介面力學導論,陳子殷,48848,ME5085,522U6640,選修,,"三 3,4,5",機皮教室,2 類,,3,,https://course.ntu.edu.tw/courses/114-1/48848
電聲工程,周元昉,18339,ME5086,522U6650,選修,,"一 2,3,4",機械115,2 類,,3,,https://course.ntu.edu.tw/courses/114-1/18339
無重力流體力學理論與實驗,蔣雅郁,27489,ME5087,522U6660,選修,,"六 1,2,3,4,5,6,7,8",機皮教室,2 類,,3,,https://course.ntu.edu.tw/courses/114-1/27489
隨機估測,邱祚之,95049,ME5089,522U6680,選修,,"二 7,8,9",機械104,2 類,,3,,https://course.ntu.edu.tw/courses/114-1/95049
學士專題研究,黃美嬌,17796,ME5105,522U0090,選修,,,,2 類,,2,,https://course.ntu.edu.tw/courses/114-1/17796
學士專題研究,潘國隆,51214,ME5105,522U0090,選修,,,,2 類,,2,,https://course.ntu.edu.tw/courses/114-1/51214
學士專題研究,孫珍理,30679,ME5105,522U0090,選修,,,,2 類,,2,,https://course.ntu.edu.tw/courses/114-1/30679
學士專題研究,楊馥菱,47825,ME5105,522U0090,選修,,,,2 類,,2,,https://course.ntu.edu.tw/courses/114-1/47825
學士專題研究,呂明璋,17360,ME5105,522U0090,選修,,,,2 類,,2,,https://course.ntu.edu.tw/courses/114-1/17360
學士專題研究,黃信富,45942,ME5105,522U0090,選修,,,,2 類,,2,,https://course.ntu.edu.tw/courses/114-1/45942
學士專題研究,許  麗,15751,ME5105,522U0090,選修,,,,2 類,,2,,https://course.ntu.edu.tw/courses/114-1/15751
學士專題研究,蔡協澄,15534,ME5105,522U0090,選修,,,,2 類,,2,,https://course.ntu.edu.tw/courses/114-1/15534
學士專題研究,陳子殷,45178,ME5105,522U0090,選修,,,,2 類,,2,,https://course.ntu.edu.tw/courses/114-1/45178
學士專題研究,陳復國,21105,ME5105,522U0090,選修,,,,2 類,,2,,https://course.ntu.edu.tw/courses/114-1/21105
學士專題研究,莊嘉揚,45077,ME5105,522U0090,選修,,,,2 類,,2,,https://course.ntu.edu.tw/courses/114-1/45077
學士專題研究,盧南佑,44256,ME5105,522U0090,選修,,,,2 類,,2,,https://course.ntu.edu.tw/courses/114-1/44256
學士專題研究,莊國志,28075,ME5105,522U0090,選修,,,,2 類,,2,,https://course.ntu.edu.tw/courses/114-1/28075
學士專題研究,黃琮暉,23884,ME5105,522U0090,選修,,,,2 類,,2,,https://course.ntu.edu.tw/courses/114-1/23884
學士專題研究,李志中,42677,ME5105,522U0090,選修,,,,2 類,,2,,https://course.ntu.edu.tw/courses/114-1/42677
學士專題研究,陳湘鳳,14934,ME5105,522U0090,選修,,,,2 類,,2,,https://course.ntu.edu.tw/courses/114-1/14934
學士專題研究,詹魁元,57207,ME5105,522U0090,選修,,,,2 類,,2,,https://course.ntu.edu.tw/courses/114-1/57207
學士專題研究,蘇偉儁,13011,ME5105,522U0090,選修,,,,2 類,,2,,https://course.ntu.edu.tw/courses/114-1/13011
學士專題研究,徐冠倫,32790,ME5105,522U0090,選修,,,,2 類,,2,,https://course.ntu.edu.tw/courses/114-1/32790
學士專題研究,張秉純,56261,ME5105,522U0090,選修,,,,2 類,,2,,https://course.ntu.edu.tw/courses/114-1/56261
學士專題研究,藍兆杰,29497,ME5105,522U0090,選修,,,,2 類,,2,,https://course.ntu.edu.tw/courses/114-1/29497
學士專題研究,陳亮嘉,38145,ME5105,522U0090,選修,,,,2 類,,2,,https://course.ntu.edu.tw/courses/114-1/38145
學士專題研究,陳志軒,57859,ME5105,522U0090,選修,,,,2 類,,2,,https://course.ntu.edu.tw/courses/114-1/57859
學士專題研究,鄭憶中,44681,ME5105,522U0090,選修,,,,2 類,,2,,https://course.ntu.edu.tw/courses/114-1/44681
學士專題研究,黃瀅瑛,24803,ME5105,522U0090,選修,,,,2 類,,2,,https://course.ntu.edu.tw/courses/114-1/24803
學士專題研究,李典儒,56305,ME5105,522U0090,選修,,,,2 類,,2,,https://course.ntu.edu.tw/courses/114-1/56305
學士專題研究,黃漢邦,38891,ME5105,522U0090,選修,,,,2 類,,2,,https://course.ntu.edu.tw/courses/114-1/38891
學士專題研究,王富正,44252,ME5105,522U0090,選修,,,,2 類,,2,,https://course.ntu.edu.tw/courses/114-1/44252
學士專題研究,蕭浩明,47043,ME5105,522U0090,選修,,,,2 類,,2,,https://course.ntu.edu.tw/courses/114-1/47043
學士專題研究,林沛群,41652,ME5105,522U0090,選修,,,,2 類,,2,,https://course.ntu.edu.tw/courses/114-1/41652
學士專題研究,郭重顯,56807,ME5105,522U0090,選修,,,,2 類,,2,,https://course.ntu.edu.tw/courses/114-1/56807
學士專題研究,李  綱,39253,ME5105,522U0090,選修,,,,2 類,,2,,https://course.ntu.edu.tw/courses/114-1/39253
學士專題研究,林峻永,50692,ME5105,522U0090,選修,,,,2 類,,2,,https://course.ntu.edu.tw/courses/114-1/50692
學士專題研究,李宇修,40806,ME5105,522U0090,選修,,,,2 類,,2,,https://course.ntu.edu.tw/courses/114-1/40806
學士專題研究,陽毅平,11559,ME5105,522U0090,選修,,,,2 類,,2,,https://course.ntu.edu.tw/courses/114-1/11559
學士專題研究,林以凡,28374,ME5105,522U0090,選修,,,,2 類,,2,,https://course.ntu.edu.tw/courses/114-1/28374
機器人簡介,黃漢邦,50485,ME5118,522U1290,選修,,"一 2,3,4",新204,3 類,,3,,https://course.ntu.edu.tw/courses/114-1/50485
振動學,盧中仁,30949,ME5129,522U1510,選修,,"四 7,8,9",機械113,2 類,,3,,https://course.ntu.edu.tw/courses/114-1/30949
精密機械概論,覺文郁,14995,ME5153,522U3970,選修,,"三 2,3,4",機械105,3 類,,3,,https://course.ntu.edu.tw/courses/114-1/14995
紊流,黃美嬌,50906,ME5180,522U4590,選修,,"三 6,7,8",機械116,2 類,,3,,https://course.ntu.edu.tw/courses/114-1/50906
非傳統加工,蔡曜陽,22528,ME5212,522U4940,選修,,"四 6,7,8",新501,3 類,,3,,https://course.ntu.edu.tw/courses/114-1/22528
系統動態學,李宇修,13266,ME5214,522U4970,選修,,"四 2,3,4",繡山講堂,2 類,,3,,https://course.ntu.edu.tw/courses/114-1/13266
線性控制系統,王富正,24600,ME5220,522U5040,選修,,"三 6,7,8",進學講堂,2 類,,3,,https://course.ntu.edu.tw/courses/114-1/24600
製造原理,黃瀅瑛,20220,ME5221,522U5050,選修,,"三 2,3,4",繡山講堂,3 類,,3,,https://course.ntu.edu.tw/courses/114-1/20220
能源工程,許  麗,16258,ME5239,522U5260,選修,,"一 2,3,4",繡山講堂,2 類,,3,,https://course.ntu.edu.tw/courses/114-1/16258
電腦輔助工程製圖,鍾添東,52867,ME5248,522U5360,選修,,"五 7,8,9",機械系計中,2 類,,3,,https://course.ntu.edu.tw/courses/114-1/52867
心臟醫學工程,蕭浩明,56536,ME5290,522U5790,選修,,"四 3,4,5",機械113,2 類,,3,,https://course.ntu.edu.tw/courses/114-1/56536
校外實習,黃光裕,95064,ME5300,522U5250,選修,,,,1 類,,1,,https://course.ntu.edu.tw/courses/114-1/95064
學士論文,陳亮嘉,13574,ME5999,522U0010,選修,,,,2 類,,2,,https://course.ntu.edu.tw/courses/114-1/13574
專題討論,陳子殷,10889,ME7001,522M0030,必修,,"一 7,8,9",成志國際演講廳,1 類,,1,,https://course.ntu.edu.tw/courses/114-1/10889
專題討論,劉建豪,21018,ME7001,522M0030,必修,,"一 7,8,9",,1 類,,1,,https://course.ntu.edu.tw/courses/114-1/21018
專題討論,張秉純,34161,ME7001,522M0030,必修,,"一 7,8,9",,1 類,,1,,https://course.ntu.edu.tw/courses/114-1/34161
專題討論,陳志軒,48434,ME7001,522M0030,必修,,"一 7,8,9",,1 類,,1,,https://course.ntu.edu.tw/courses/114-1/48434
專題討論,蕭浩明,51046,ME7001,522M0030,必修,,"一 7,8,9",,1 類,,1,,https://course.ntu.edu.tw/courses/114-1/51046
高等熱力學一,蔡協澄,10720,ME7002,522M1460,選修,,"四 2,3,4",進學講堂,3 類,,3,,https://course.ntu.edu.tw/courses/114-1/10720
黏性流體力學,楊馥菱,57534,ME7003,522M2850,選修,,"五 2,3,4",機械115,3 類,,3,,https://course.ntu.edu.tw/courses/114-1/57534
線性彈性力學,黃育熙,49279,ME7004,522M4210,選修,,"三 6,7,8",機械115,2 類,,3,,https://course.ntu.edu.tw/courses/114-1/49279
碩士專題研究,陳希立,56159,ME7105,522M0090,選修,,,,2 類,,1,,https://course.ntu.edu.tw/courses/114-1/56159
碩士專題研究,陳炳煇,41693,ME7105,522M0090,選修,,,,2 類,,1,,https://course.ntu.edu.tw/courses/114-1/41693
碩士專題研究,黃美嬌,20737,ME7105,522M0090,選修,,,,2 類,,1,,https://course.ntu.edu.tw/courses/114-1/20737
碩士專題研究,潘國隆,41983,ME7105,522M0090,選修,,,,2 類,,1,,https://course.ntu.edu.tw/courses/114-1/41983
碩士專題研究,孫珍理,56608,ME7105,522M0090,選修,,,,2 類,,1,,https://course.ntu.edu.tw/courses/114-1/56608
碩士專題研究,楊馥菱,50492,ME7105,522M0090,選修,,,,2 類,,1,,https://course.ntu.edu.tw/courses/114-1/50492
碩士專題研究,呂明璋,14920,ME7105,522M0090,選修,,,,2 類,,1,,https://course.ntu.edu.tw/courses/114-1/14920
碩士專題研究,黃信富,59366,ME7105,522M0090,選修,,,,2 類,,1,,https://course.ntu.edu.tw/courses/114-1/59366
碩士專題研究,蔣雅郁,37567,ME7105,522M0090,選修,,,,2 類,,1,,https://course.ntu.edu.tw/courses/114-1/37567
碩士專題研究,張鈞棣,26881,ME7105,522M0090,選修,,,,2 類,,1,,https://course.ntu.edu.tw/courses/114-1/26881
碩士專題研究,陳子殷,32628,ME7105,522M0090,選修,,,,2 類,,1,,https://course.ntu.edu.tw/courses/114-1/32628
碩士專題研究,單秋成,57068,ME7105,522M0090,選修,,,,2 類,,1,,https://course.ntu.edu.tw/courses/114-1/57068
碩士專題研究,陳復國,58329,ME7105,522M0090,選修,,,,2 類,,1,,https://course.ntu.edu.tw/courses/114-1/58329
碩士專題研究,莊嘉揚,56639,ME7105,522M0090,選修,,,,2 類,,1,,https://course.ntu.edu.tw/courses/114-1/56639
碩士專題研究,黃育熙,46180,ME7105,522M0090,選修,,,,2 類,,1,,https://course.ntu.edu.tw/courses/114-1/46180
碩士專題研究,劉建豪,22565,ME7105,522M0090,選修,,,,2 類,,1,,https://course.ntu.edu.tw/courses/114-1/22565
碩士專題研究,王建凱,35982,ME7105,522M0090,選修,,,,2 類,,1,,https://course.ntu.edu.tw/courses/114-1/35982
碩士專題研究,林心恬,54694,ME7105,522M0090,選修,,,,2 類,,1,,https://course.ntu.edu.tw/courses/114-1/54694
碩士專題研究,盧南佑,50564,ME7105,522M0090,選修,,,,2 類,,1,,https://course.ntu.edu.tw/courses/114-1/50564
碩士專題研究,黃琮暉,43552,ME7105,522M0090,選修,,,,2 類,,1,,https://course.ntu.edu.tw/courses/114-1/43552
碩士專題研究,陳達仁,53376,ME7105,522M0090,選修,,,,2 類,,1,,https://course.ntu.edu.tw/courses/114-1/53376
碩士專題研究,黃光裕,38384,ME7105,522M0090,選修,,,,2 類,,1,,https://course.ntu.edu.tw/courses/114-1/38384
碩士專題研究,李志中,34585,ME7105,522M0090,選修,,,,2 類,,1,,https://course.ntu.edu.tw/courses/114-1/34585
碩士專題研究,陳湘鳳,10983,ME7105,522M0090,選修,,,,2 類,,1,,https://course.ntu.edu.tw/courses/114-1/10983
碩士專題研究,詹魁元,30400,ME7105,522M0090,選修,,,,2 類,,1,,https://course.ntu.edu.tw/courses/114-1/30400
碩士專題研究,廖先順,17389,ME7105,522M0090,選修,,,,2 類,,1,,https://course.ntu.edu.tw/courses/114-1/17389
碩士專題研究,蘇偉儁,24917,ME7105,522M0090,選修,,,,2 類,,1,,https://course.ntu.edu.tw/courses/114-1/24917
碩士專題研究,徐冠倫,38878,ME7105,522M0090,選修,,,,2 類,,1,,https://course.ntu.edu.tw/courses/114-1/38878
碩士專題研究,張秉純,44220,ME7105,522M0090,選修,,,,2 類,,1,,https://course.ntu.edu.tw/courses/114-1/44220
碩士專題研究,藍兆杰,17826,ME7105,522M0090,選修,,,,2 類,,1,,https://course.ntu.edu.tw/courses/114-1/17826
碩士專題研究,楊燿州,36542,ME7105,522M0090,選修,,,,2 類,,1,,https://course.ntu.edu.tw/courses/114-1/36542
碩士專題研究,陳亮嘉,46007,ME7105,522M0090,選修,,,,2 類,,1,,https://course.ntu.edu.tw/courses/114-1/46007
碩士專題研究,蔡孟勳,52940,ME7105,522M0090,選修,,,,2 類,,1,,https://course.ntu.edu.tw/courses/114-1/52940
碩士專題研究,覺文郁,32509,ME7105,522M0090,選修,,,,2 類,,1,,https://course.ntu.edu.tw/courses/114-1/32509
碩士專題研究,李貫銘,14701,ME7105,522M0090,選修,,,,2 類,,1,,https://course.ntu.edu.tw/courses/114-1/14701
碩士專題研究,蔡曜陽,41536,ME7105,522M0090,選修,,,,2 類,,1,,https://course.ntu.edu.tw/courses/114-1/41536
碩士專題研究,陳志軒,35521,ME7105,522M0090,選修,,,,2 類,,1,,https://course.ntu.edu.tw/courses/114-1/35521
碩士專題研究,鄭憶中,21719,ME7105,522M0090,選修,,,,2 類,,1,,https://course.ntu.edu.tw/courses/114-1/21719
碩士專題研究,王富正,46666,ME7105,522M0090,選修,,,,2 類,,1,,https://course.ntu.edu.tw/courses/114-1/46666
碩士專題研究,蕭浩明,34425,ME7105,522M0090,選修,,,,2 類,,1,,https://course.ntu.edu.tw/courses/114-1/34425
碩士專題研究,林沛群,24662,ME7105,522M0090,選修,,,,2 類,,1,,https://course.ntu.edu.tw/courses/114-1/24662
碩士專題研究,郭重顯,51916,ME7105,522M0090,選修,,,,2 類,,1,,https://course.ntu.edu.tw/courses/114-1/51916
碩士專題研究,楊士進,43843,ME7105,522M0090,選修,,,,2 類,,1,,https://course.ntu.edu.tw/courses/114-1/43843
碩士專題研究,李  綱,31584,ME7105,522M0090,選修,,,,2 類,,1,,https://course.ntu.edu.tw/courses/114-1/31584
碩士專題研究,林峻永,47697,ME7105,522M0090,選修,,,,2 類,,1,,https://course.ntu.edu.tw/courses/114-1/47697
碩士專題研究,李宇修,54868,ME7105,522M0090,選修,,,,2 類,,1,,https://course.ntu.edu.tw/courses/114-1/54868
碩士專題研究,陽毅平,46437,ME7105,522M0090,選修,,,,2 類,,1,,https://course.ntu.edu.tw/courses/114-1/46437
有限元素法,王建凱,41170,ME7112,522M2570,選修,,"二 6,7,8",機械113,2 類,,3,,https://course.ntu.edu.tw/courses/114-1/41170
工具機動態分析與控制,蔡孟勳,41034,ME7115,522M2790,選修,,"一 2,3,4",機械104,2 類,,3,,https://course.ntu.edu.tw/courses/114-1/41034
切削原理,李貫銘,11687,ME7119,522M2870,選修,,"二 2,3,4",機械104,2 類,,3,,https://course.ntu.edu.tw/courses/114-1/11687
高等機動學,李志中,34972,ME7142,522M3810,選修,,"三 2,3,4",機械104,3 類,,3,,https://course.ntu.edu.tw/courses/114-1/34972
材料破壞學,單秋成,14317,ME7164,522M2240,選修,,"一 2,3,4",機械113,2 類,,3,,https://course.ntu.edu.tw/courses/114-1/14317
碩士論文,,54085,ME7999,522M0010,必修,,,,1 類,,0,,https://course.ntu.edu.tw/courses/114-1/54085
博士專題研究,陳希立,31755,ME8005,522D0090,選修,,,,2 類,,1,,https://course.ntu.edu.tw/courses/114-1/31755
博士專題研究,陳炳煇,20442,ME8005,522D0090,選修,,,,2 類,,1,,https://course.ntu.edu.tw/courses/114-1/20442
博士專題研究,黃美嬌,25176,ME8005,522D0090,選修,,,,2 類,,1,,https://course.ntu.edu.tw/courses/114-1/25176
博士專題研究,潘國隆,29067,ME8005,522D0090,選修,,,,2 類,,1,,https://course.ntu.edu.tw/courses/114-1/29067
博士專題研究,孫珍理,59426,ME8005,522D0090,選修,,,,2 類,,1,,https://course.ntu.edu.tw/courses/114-1/59426
博士專題研究,楊馥菱,10643,ME8005,522D0090,選修,,,,2 類,,1,,https://course.ntu.edu.tw/courses/114-1/10643
博士專題研究,呂明璋,51541,ME8005,522D0090,選修,,,,2 類,,1,,https://course.ntu.edu.tw/courses/114-1/51541
博士專題研究,黃信富,34176,ME8005,522D0090,選修,,,,2 類,,1,,https://course.ntu.edu.tw/courses/114-1/34176
博士專題研究,蔣雅郁,11097,ME8005,522D0090,選修,,,,2 類,,1,,https://course.ntu.edu.tw/courses/114-1/11097
博士專題研究,單秋成,13676,ME8005,522D0090,選修,,,,2 類,,1,,https://course.ntu.edu.tw/courses/114-1/13676
博士專題研究,陳復國,54048,ME8005,522D0090,選修,,,,2 類,,1,,https://course.ntu.edu.tw/courses/114-1/54048
博士專題研究,莊嘉揚,21498,ME8005,522D0090,選修,,,,2 類,,1,,https://course.ntu.edu.tw/courses/114-1/21498
博士專題研究,黃育熙,44665,ME8005,522D0090,選修,,,,2 類,,1,,https://course.ntu.edu.tw/courses/114-1/44665
博士專題研究,陳達仁,41093,ME8005,522D0090,選修,,,,2 類,,1,,https://course.ntu.edu.tw/courses/114-1/41093
博士專題研究,陳湘鳳,29270,ME8005,522D0090,選修,,,,2 類,,1,,https://course.ntu.edu.tw/courses/114-1/29270
博士專題研究,廖先順,20937,ME8005,522D0090,選修,,,,2 類,,1,,https://course.ntu.edu.tw/courses/114-1/20937
博士專題研究,徐冠倫,10215,ME8005,522D0090,選修,,,,2 類,,1,,https://course.ntu.edu.tw/courses/114-1/10215
博士專題研究,張秉純,45189,ME8005,522D0090,選修,,,,2 類,,1,,https://course.ntu.edu.tw/courses/114-1/45189
博士專題研究,藍兆杰,24357,ME8005,522D0090,選修,,,,2 類,,1,,https://course.ntu.edu.tw/courses/114-1/24357
博士專題研究,楊燿州,57449,ME8005,522D0090,選修,,,,2 類,,1,,https://course.ntu.edu.tw/courses/114-1/57449
博士專題研究,蔡孟勳,34303,ME8005,522D0090,選修,,,,2 類,,1,,https://course.ntu.edu.tw/courses/114-1/34303
博士專題研究,覺文郁,58589,ME8005,522D0090,選修,,,,2 類,,1,,https://course.ntu.edu.tw/courses/114-1/58589
博士專題研究,蔡曜陽,20035,ME8005,522D0090,選修,,,,3 類,,1,,https://course.ntu.edu.tw/courses/114-1/20035
博士專題研究,黃瀅瑛,59281,ME8005,522D0090,選修,,,,2 類,,1,,https://course.ntu.edu.tw/courses/114-1/59281
博士專題研究,李典儒,17396,ME8005,522D0090,選修,,,,2 類,,1,,https://course.ntu.edu.tw/courses/114-1/17396
博士專題研究,黃漢邦,17630,ME8005,522D0090,選修,,,,2 類,,1,,https://course.ntu.edu.tw/courses/114-1/17630
博士專題研究,王富正,22607,ME8005,522D0090,選修,,,,2 類,,1,,https://course.ntu.edu.tw/courses/114-1/22607
博士專題研究,林沛群,35762,ME8005,522D0090,選修,,,,2 類,,1,,https://course.ntu.edu.tw/courses/114-1/35762
博士專題研究,郭重顯,24177,ME8005,522D0090,選修,,,,2 類,,1,,https://course.ntu.edu.tw/courses/114-1/24177
博士專題研究,楊士進,31932,ME8005,522D0090,選修,,,,2 類,,1,,https://course.ntu.edu.tw/courses/114-1/31932
博士專題研究,李  綱,51323,ME8005,522D0090,選修,,,,2 類,,1,,https://course.ntu.edu.tw/courses/114-1/51323
博士專題研究,林峻永,42555,ME8005,522D0090,選修,,,,2 類,,1,,https://course.ntu.edu.tw/courses/114-1/42555
博士專題研究,李宇修,56969,ME8005,522D0090,選修,,,,2 類,,1,,https://course.ntu.edu.tw/courses/114-1/56969
博士專題研究,顏家鈺,52726,ME8005,522D0090,選修,,,,2 類,,1,,https://course.ntu.edu.tw/courses/114-1/52726
博士論文,,33730,ME8999,522D0010,必修,,,,1 類,,0,,https://course.ntu.edu.tw/courses/114-1/33730
疼痛. 健康. 幸福感,陳慧玲,24021,MEBE1002,45710020,,,"四 8,9",普103,2 類,,2,,https://course.ntu.edu.tw/courses/114-1/24021
醫事與社會,陳慧玲,38247,MEBE5001,457U0110,必帶 / 選修,,"五 6,7",基醫403,2 類,,2,,https://course.ntu.edu.tw/courses/114-1/38247
碩士論文,陳慧玲,44864,MEBE7001,457M0010,必修,,,,1 類,,0,,https://course.ntu.edu.tw/courses/114-1/44864
論文寫作,陳彥元,46253,MEBE7002,457M0040,必修,,"二 5,6",,2 類,,2,,https://course.ntu.edu.tw/courses/114-1/46253
醫學教育概論,楊志偉,55973,MEBE7004,457M0060,必修,,二 6,,2 類,,1,,https://course.ntu.edu.tw/courses/114-1/55973
教育理論與教學方法,陳彥元,58793,MEBE7005,457M0070,必修,,"二 7,8",,2 類,,2,,https://course.ntu.edu.tw/courses/114-1/58793
學術論文專題討論(一),邱晏麟,43593,MEBE7023,457M0260,選修,,三 5,,2 類,,1,,https://course.ntu.edu.tw/courses/114-1/43593
數位學習研究,邱晏麟,58281,MEBE7026,457M0280,選修,,"二 9,10",,2 類,,2,,https://course.ntu.edu.tw/courses/114-1/58281
醫學模擬教育實務研究,楊志偉,27669,MEBE7027,457M0290,選修,,"四 6,7,8",,2 類,,3,,https://course.ntu.edu.tw/courses/114-1/27669
醫學教育專題討論,楊志偉,20119,MEBE7028,457M0300,必修,,"二 7,8",,2 類,,2,,https://course.ntu.edu.tw/courses/114-1/20119
生命倫理與法律特論（一）,吳建昌,47327,MEBE7029,457M0310,必修,,三 1,,2 類,,1,,https://course.ntu.edu.tw/courses/114-1/47327
生命倫理與法律特論（二）,吳建昌,59648,MEBE7030,457M0320,選修,,三 2,,2 類,,1,,https://course.ntu.edu.tw/courses/114-1/59648
服務學習甲,盛望徽,56876,Med0006,401001G0,必修,,,,1 類,,1,,https://course.ntu.edu.tw/courses/114-1/56876
服務學習乙,盛望徽,28872,Med0007,401001H0,必修,,,,1 類,,1,,https://course.ntu.edu.tw/courses/114-1/28872
月經:理論、思潮與行動,黃韻如,10041,Med1002,40111600,,,"三 9,10",博雅102,2 類,,2,,https://course.ntu.edu.tw/courses/114-1/10041
PEERS 社交技巧團體實作,簡意玲,26421,Med1016,40111700,,,"一 3,4",,2 類,,2,,https://course.ntu.edu.tw/courses/114-1/26421
小組討論一,許巍鐘,40973,Med2002,40127200,必帶,,"一 8,9",,2 類,,2,,https://course.ntu.edu.tw/courses/114-1/40973
醫學資源利用實習一,盛望徽,40300,Med2007,40120000,選修,,,,1 類,,1,,https://course.ntu.edu.tw/courses/114-1/40300
醫學資源利用實習二,盛望徽,23816,Med2008,40120010,選修,,,,1 類,,2,,https://course.ntu.edu.tw/courses/114-1/23816
解剖學,張銘峰,23503,Med2009,40120600,必帶,,"三 1,2,3,4",基醫102,1 類,,3,,https://course.ntu.edu.tw/courses/114-1/23503
解剖學,錢宗良,32439,Med2009,40120600,必帶 / 必修,,"三 1,2,3,4",基醫301,3 類,,3,,https://course.ntu.edu.tw/courses/114-1/32439
生理學,余佳慧,58041,Med2014,40124100,必帶 / 必修 / 選修,,"一 1,2,3,4",基醫302,2 類,,4,,https://course.ntu.edu.tw/courses/114-1/58041
生理學,余佳慧,59202,Med2014,40124100,必帶 / 選修,,"一 6,7,8,9",基醫501,2 類,,4,,https://course.ntu.edu.tw/courses/114-1/59202
生理學,余佳慧,17040,Med2014,40124100,必帶 / 選修,,"一 6,7,8,9",,2 類,,4,,https://course.ntu.edu.tw/courses/114-1/17040
生理學甲上,張哲逢,42654,Med2022,40124311,必帶 / 選修,,"三 1,2,3,4 / 五 6,7,8,9",基醫302,2 類,,4,,https://course.ntu.edu.tw/courses/114-1/42654
生物統計學,許  駿,43667,Med2027,40126300,必帶 / 必修,,"二 6,7,8,9",基醫502,2 類,,3,,https://course.ntu.edu.tw/courses/114-1/43667
高齡長照科技創新創業,李建璋,24040,Med2034,40129500,選修,,"三 A,B,C",基醫402,3 類,,3,,https://course.ntu.edu.tw/courses/114-1/24040
醫療科技與人的對話：探索與體驗（一）,陳慧玲,35193,Med2036,40129290,選修,,"四 1,2,3,4",,2 類,,2,,https://course.ntu.edu.tw/courses/114-1/35193
人文與醫學體驗學習(一),邱晏麟,43414,Med2037,40129310,選修,,,,2 類,,2,,https://course.ntu.edu.tw/courses/114-1/43414
醫療協作-跨領域的人文探索(一),邱郁淳,22684,Med2039,40129330,選修,,"二 2,3,4",,2 類,,2,,https://course.ntu.edu.tw/courses/114-1/22684
生物化學,余明俊,57091,Med3009,40132000,必帶 / 必修,,"三 3,4 / 四 3,4 / 五 2",基醫501,2 類,,4,,https://course.ntu.edu.tw/courses/114-1/57091
生物化學實驗,余明俊,40416,Med3010,40132200,必帶 / 必修,,"五 3,4,6,7,8,9",,2 類,,2,,https://course.ntu.edu.tw/courses/114-1/40416
外科學概論乙,陳晉興,26099,Med3044,401391B0,必帶,,"三 8,9",基醫403,3 類,,2,,https://course.ntu.edu.tw/courses/114-1/26099
內科學乙,王振泰,52485,Med3046,401396B0,必帶,,"四 3,4",基醫201,3 類,,2,,https://course.ntu.edu.tw/courses/114-1/52485
小兒科學,李旺祚,43867,Med3047,40139700,必帶,,二 1,基醫507,1 類,,1,,https://course.ntu.edu.tw/courses/114-1/43867
外科學乙,陳晉興,23357,Med3048,401399B0,必帶,,"五 8,9,10",基醫403,1 類,,2,,https://course.ntu.edu.tw/courses/114-1/23357
組織學上,廖孟琳,15347,Med3051,40130501,必帶 / 必修,,"一 1,2,3,4 / 三 8,9",基醫501,2 類,,3,,https://course.ntu.edu.tw/courses/114-1/15347
胚胎學上,王淑慧,45127,Med3053,40131301,必帶 / 必修 / 選修,,"二 6,7",基醫501,2 類,,1,,https://course.ntu.edu.tw/courses/114-1/45127
解剖生理小組討論上,黃俊達,50704,Med3066,40135531,必帶,,"一 6,7",,2 類,,2,,https://course.ntu.edu.tw/courses/114-1/50704
大體解剖學上,龔秀妮,48007,Med3070,40130441,必帶,,"二 1,2,3",基醫501,2 類,,3,,https://course.ntu.edu.tw/courses/114-1/48007
大體解剖學實驗上,龔秀妮,32994,Med3072,40130451,必帶 / 必修,,"二 4,8,9 / 三 6,7",基醫501,2 類,,1,,https://course.ntu.edu.tw/courses/114-1/32994
臨床診斷學,王振泰,16303,Med4017,40147100,必帶,,"四 8,9,10",基醫403,3 類,,2,,https://course.ntu.edu.tw/courses/114-1/16303
內科學概論,王振泰,53773,Med4018,40148100,必帶,,"二 3,4",基醫402,3 類,,2,,https://course.ntu.edu.tw/courses/114-1/53773
病理學甲及實驗上,黃佩欣,19787,Med4023,40140211,必帶 / 必修,,"一 1,2 / 二 1,2 / 三 6,7 / 四 1,2 / 五 1,2",基醫502,2 類,,5,,https://course.ntu.edu.tw/courses/114-1/19787
藥理學上,楊鎧鍵,25580,Med4025,40144111,必帶 / 必修 / 選修,,"一 6,7 / 四 3,4",基醫502,2 類,,2,,https://course.ntu.edu.tw/courses/114-1/25580
病理、藥理小組討論上,何肇基,26618,Med4029,40140621,必帶 / 選修,,"四 6,7",,2 類,,2,,https://course.ntu.edu.tw/courses/114-1/26618
病理學乙及實驗上,黃佩欣,41071,Med4031,40140311,必帶,,"一 1,2 / 二 1,2 / 三 6,7 / 四 1,2 / 五 1,2",,1 類,,4,,https://course.ntu.edu.tw/courses/114-1/41071
醫療體系暨長期照護概論,余忠仁,38678,Med4035,40140930,選修,,"三 10,A",基醫406,2 類,,1,,https://course.ntu.edu.tw/courses/114-1/38678
臨床醫學總論實習上,王振泰,22542,Med4037,40140730,必帶 / 必修,,"五 6,7,8,9",基醫502,2 類,,1,,https://course.ntu.edu.tw/courses/114-1/22542
臨床醫學總論(I),王振泰,39825,Med4040,40140740,必帶 / 必修,,"一 3,4 / 二 3,4 / 五 3,4",基醫502,2 類,,5,,https://course.ntu.edu.tw/courses/114-1/39825
檢驗醫學上,鄭祖耀,31616,Med4042,40148701,必帶 / 必修,,"一 8,9",基醫502,2 類,,1,,https://course.ntu.edu.tw/courses/114-1/31616
靈性關懷的理論與臨床實務,蔡兆勳,14801,Med4048,40141500,選修,,"四 10,A",基醫405,1 類,,1,,https://course.ntu.edu.tw/courses/114-1/14801
門診醫學及急診醫學,蔡呈芳,53049,Med5000,40150040,必修,,,,1 類,,6,,https://course.ntu.edu.tw/courses/114-1/53049
家庭、社會與醫療,程劭儀,44245,Med5001,40150080,必修,,,,1 類,,6,,https://course.ntu.edu.tw/courses/114-1/44245
麻醉學概論,葉育彰,42163,Med5004,40151620,必帶,,五 9,基醫101,1 類,,1,,https://course.ntu.edu.tw/courses/114-1/42163
耳鼻喉科學,劉殿楨,14692,Med5014,40153800,必帶,,"四 8,9",基醫402,3 類,,2,,https://course.ntu.edu.tw/courses/114-1/14692
內科學及臨床實習甲,王振泰,37332,Med5037,40150420,必修,,,,1 類,,6,,https://course.ntu.edu.tw/courses/114-1/37332
外科學及臨床實習甲,陳晉興,27452,Med5038,40151510,必修,,,,1 類,,6,,https://course.ntu.edu.tw/courses/114-1/27452
醫學臨床技能之理論與實務,陳慧玲,30130,Med5045,40150510,必帶,,,,1 類,,1,,https://course.ntu.edu.tw/courses/114-1/30130
健康決策管理與分析,許  駿,19245,Med5050,401U0730,選修,,"四 A,B",基醫508,2 類,,2,,https://course.ntu.edu.tw/courses/114-1/19245
臨床病理討論,黃佩欣,46291,Med5051,40157140,必修,,"四 9,10",基醫502,1 類,,1,,https://course.ntu.edu.tw/courses/114-1/46291
生死學,陳慧玲,24266,Med6014,40167500,必修,,一 9,基醫102,1 類,,1,,https://course.ntu.edu.tw/courses/114-1/24266
醫學士論文,盛望徽,30223,Med6028,40160000,選修,,,,1 類,,3,,https://course.ntu.edu.tw/courses/114-1/30223
臨床腫瘤學,葉坤輝,31599,Med6036,40167000,選修,,"一 10,A",基醫402,1 類,,1,,https://course.ntu.edu.tw/courses/114-1/31599
放射腫瘤學,成佳憲,38880,Med6050,40169650,選修,,"三 10,A",基醫503,1 類,,1,,https://course.ntu.edu.tw/courses/114-1/38880
內科學及臨床實習乙,王振泰,56272,Med6060,40160330,必修,,,,1 類,,8,,https://course.ntu.edu.tw/courses/114-1/56272
外科學及臨床實習乙,陳晉興,14188,Med6061,40161510,必修,,,,1 類,,8,,https://course.ntu.edu.tw/courses/114-1/14188
小兒科學及臨床實習,李旺祚,34002,Med6062,40168310,必修,,,,1 類,,8,,https://course.ntu.edu.tw/courses/114-1/34002
內科學及臨床實習丙,王振泰,39325,Med6063,40160340,選修,,,,1 類,,3,,https://course.ntu.edu.tw/courses/114-1/39325
泌尿科學及臨床實習,闕士傑,13879,Med6065,40165000,選修,,,,1 類,,3,,https://course.ntu.edu.tw/courses/114-1/13879
骨科學及臨床實習,王廷明,25793,Med6066,40164000,選修,,,,1 類,,3,,https://course.ntu.edu.tw/courses/114-1/25793
眼科學及臨床實習,陳偉勵,25433,Med6067,40164070,選修,,,,1 類,,3,,https://course.ntu.edu.tw/courses/114-1/25433
皮膚科學及臨床實習,朱家瑜,46390,Med6068,40164090,選修,,,,1 類,,3,,https://course.ntu.edu.tw/courses/114-1/46390
耳鼻喉科學及臨床實習,劉殿楨,12343,Med6069,40164080,選修,,,,1 類,,3,,https://course.ntu.edu.tw/courses/114-1/12343
麻醉科學及臨床實習,葉育彰,55842,Med6070,40164060,選修,,,,1 類,,3,,https://course.ntu.edu.tw/courses/114-1/55842
家庭醫學及臨床實習,程劭儀,30740,Med6071,40164040,選修,,,,1 類,,3,,https://course.ntu.edu.tw/courses/114-1/30740
放射線學及臨床實習,陳世杰,35732,Med6072,40165010,選修,,,,1 類,,3,,https://course.ntu.edu.tw/courses/114-1/35732
檢驗醫學、病理學及臨床實習,鄭祖耀,10326,Med6073,40164010,選修,,,,1 類,,3,,https://course.ntu.edu.tw/courses/114-1/10326
腫瘤醫學及臨床實習,葉坤輝,18956,Med6074,40164020,選修,,,,1 類,,3,,https://course.ntu.edu.tw/courses/114-1/18956
急診醫學及臨床實習,張維典,38920,Med6075,40164030,選修,,,,1 類,,3,,https://course.ntu.edu.tw/courses/114-1/38920
環境職業醫學及臨床實習,陳啟信,14274,Med6076,40164050,選修,,,,1 類,,3,,https://course.ntu.edu.tw/courses/114-1/14274
進階醫學研究,盛望徽,34369,Med6077,40165020,選修,,,,1 類,,3,,https://course.ntu.edu.tw/courses/114-1/34369
國際學習甲,盛望徽,29263,Med6078,40169680,選修,,,,1 類,,3,,https://course.ntu.edu.tw/courses/114-1/29263
國際學習乙,盛望徽,44457,Med6079,40169690,選修,,,,1 類,,3,,https://course.ntu.edu.tw/courses/114-1/44457
急診醫學及臨床實習丙,江文莒,21697,Med6085,40160370,選修,,,,1 類,,3,,https://course.ntu.edu.tw/courses/114-1/21697
耳鼻喉科學及臨床實習乙,林其懋,54923,Med6086,40160380,選修,,,,1 類,,3,,https://course.ntu.edu.tw/courses/114-1/54923
泌尿科學及臨床實習乙,黃士維,38293,Med6087,40160390,選修,,,,1 類,,3,,https://course.ntu.edu.tw/courses/114-1/38293
內科學及臨床實習丁,賴超倫,54603,Med6089,40165040,選修,,,,1 類,,3,,https://course.ntu.edu.tw/courses/114-1/54603
急診醫學及臨床實習乙,張家豪,58798,Med6090,40165050,選修,,,,1 類,,3,,https://course.ntu.edu.tw/courses/114-1/58798
麻醉科學及臨床實習乙,吳峻宇,21812,Med6091,40165060,選修,,,,1 類,,3,,https://course.ntu.edu.tw/courses/114-1/21812
復健科學及臨床實習乙,吳爵宏,42518,Med6092,40165070,選修,,,,1 類,,3,,https://course.ntu.edu.tw/courses/114-1/42518
內科臨床實習,王振泰,51102,Med7001,40170100,必修,,,,2 類,,12,,https://course.ntu.edu.tw/courses/114-1/51102
外科臨床實習,陳晉興,35000,Med7006,40171100,必修,,,,3 類,,12,,https://course.ntu.edu.tw/courses/114-1/35000
環境及職業疾病概論,林亮瑜,30238,Med7077,40190040,選修,,"二 8,9",,2 類,,2,,https://course.ntu.edu.tw/courses/114-1/30238
永續健康與環境,詹長權,34443,MGH5005,853U0010,選修,,"三 2,3",公衛105,3 類,,2,,https://course.ntu.edu.tw/courses/114-1/34443
碩士論文,,20208,MGH7001,853M0010,必修,,,,1 類,,0,,https://course.ntu.edu.tw/courses/114-1/20208
全球衛生導論,林亮瑜,52081,MGH7002,853M0020,必修,,"一 3,4",公衛118,2 類,,4,,https://course.ntu.edu.tw/courses/114-1/52081
健康與健康照護的社會與行為基礎,翁書偉,13685,MGH7004,853M0040,必修 / 選修,,"二 3,4",公衛118,2 類,,2,,https://course.ntu.edu.tw/courses/114-1/13685
新型冠狀病毒肺炎大流行：科學、因應與未來展望,吳亞克,38621,MGH7032,853M0320,選修,,"四 3,4",公衛118,3 類,,2,,https://course.ntu.edu.tw/courses/114-1/38621
全球衛生法與倫理,李柏翰,50661,MGH7041,853M0410,選修,,"二 6,7",公衛603(原601,2 類,,2,,https://course.ntu.edu.tw/courses/114-1/50661
全球衛生實習課程,張書森,18899,MGH7042,853M0420,選修,,,,2 類,,2,,https://course.ntu.edu.tw/courses/114-1/18899
全球衛生實習課程,李柏翰,15559,MGH7042,853M0420,選修,,,,2 類,,2,,https://course.ntu.edu.tw/courses/114-1/15559
生物統計原理,吳亞克,46568,MGH7048,853M0480,必修,,"一 6,7",公衛118,2 類,,2,,https://course.ntu.edu.tw/courses/114-1/46568
流行病學原理,張慶國,45668,MGH7049,853M0490,必修,,"四 6,7",公衛118,2 類,,2,,https://course.ntu.edu.tw/courses/114-1/45668
公共衛生中的倡議與傳播,張竹芩,47406,MGH7053,853M0530,選修,,"二 9,10",公衛215,2 類,,2,,https://course.ntu.edu.tw/courses/114-1/47406
健康科技：價值評估與准入,賴育宏,13090,MGH7054,853M0540,選修,,,,3 類,,1,,https://course.ntu.edu.tw/courses/114-1/13090
全球衛生專題討論二,郭年真,57942,MGH7056,853M0560,必修,,"一 8,9",公衛118,2 類,,2,,https://course.ntu.edu.tw/courses/114-1/57942
全球衛生之系統性回顧與統合分析,林亮瑜,16557,MGH7058,853M0580,選修,,"三 6,7",公衛118,3 類,,2,,https://course.ntu.edu.tw/courses/114-1/16557
會計學原理上,劉嘉雯,13482,MGT1001,70010401,必修,,"四 7,8,9 / 五 7,8",管二205,2 類,,3,,https://course.ntu.edu.tw/courses/114-1/13482
會計學原理上,張文馨,53068,MGT1001,70010401,必修,,"四 7,8,9 / 五 7,8",管二101/管二102,2 類,,3,,https://course.ntu.edu.tw/courses/114-1/53068
會計學原理上,尤琳蕙,26546,MGT1001,70010401,必帶,,"三 8,9,10 / 五 5,6",管二104/管二201,2 類,,3,,https://course.ntu.edu.tw/courses/114-1/26546
會計學原理上,尤琳蕙,10787,MGT1001,70010401,必帶,,"三 8,9,10 / 五 5,6",管二202,2 類,,3,,https://course.ntu.edu.tw/courses/114-1/10787
會計學原理上,尤琳蕙,24648,MGT1001,70010401,必帶,,"三 8,9,10 / 四 5,6",管二202,2 類,,3,,https://course.ntu.edu.tw/courses/114-1/24648
職涯菁探號,陳素蓉,16235,MGT1009,70010120,選修,,"五 6,7",管一102,3 類,,2,,https://course.ntu.edu.tw/courses/114-1/16235
統計學一上,巫凱琳,38223,MGT2001,70020111,必修,,"二 7,8,9",管二101,2 類,,3,,https://course.ntu.edu.tw/courses/114-1/38223
統計學一上,王衍智,34623,MGT2001,70020111,必修,,"三 7,8,9",管二206,2 類,,3,,https://course.ntu.edu.tw/courses/114-1/34623
統計學一上,劉博瑀,34084,MGT2001,70020111,必修,,"四 2,3,4",管二301,2 類,,3,,https://course.ntu.edu.tw/courses/114-1/34084
統計學一上,游孝元,53418,MGT2001,70020111,必修,,"四 A,B,C",管一103,2 類,,3,,https://course.ntu.edu.tw/courses/114-1/53418
統計學一上,連振廷,52619,MGT2001,70020111,必修,,"一 7,8,9",管二102,2 類,,3,,https://course.ntu.edu.tw/courses/114-1/52619
統計學一上,陳靜枝,48008,MGT2001,70020111,必帶,,"三 7,8,9",管二305,2 類,,3,,https://course.ntu.edu.tw/courses/114-1/48008
統計學,廖振男,48269,MGT2003,70020210,必帶,,"四 2,3,4",管二101,2 類,,3,,https://course.ntu.edu.tw/courses/114-1/48269
全球行銷與談判技巧,凱達西,50898,MGT5001,700U0010,選修,,"二 6,7,8",管一102,2 類,,3,,https://course.ntu.edu.tw/courses/114-1/50898
綠色行銷,安德斯,44420,MGT5006,700U0050,選修,,"三 3,4",管一405,2 類,,2,,https://course.ntu.edu.tw/courses/114-1/44420
多面向思維：未來領導者的AI與地緣政治思考模式,林益全,16451,MGT5008,700U0070,選修,,,,2 類,,2,,https://course.ntu.edu.tw/courses/114-1/16451
健康醫學資訊場域見習 一,陳尚澤,37831,MHI7020,H45M7020,選修,,,,2 類,,3,,https://course.ntu.edu.tw/courses/114-1/37831
空間體學資料分析與實例講解,陳玫如,29035,MHI7090,H45U7090,選修,,"四 6,7,8",,2 類,,3,,https://course.ntu.edu.tw/courses/114-1/29035
專題研究,林  澤,12268,MHI7300,H45M7300,必修,,,,2 類,,1,,https://course.ntu.edu.tw/courses/114-1/12268
專題研究,劉子毓,19919,MHI7300,H45M7300,必修,,,,2 類,,1,,https://course.ntu.edu.tw/courses/114-1/19919
專題研究,曾宇鳳,29358,MHI7300,H45M7300,必修,,,,2 類,,1,,https://course.ntu.edu.tw/courses/114-1/29358
專題研究,陳尚澤,46021,MHI7300,H45M7300,必修,,,,2 類,,1,,https://course.ntu.edu.tw/courses/114-1/46021
專題研究,黃韻如,13462,MHI7300,H45M7300,必修,,,,2 類,,1,,https://course.ntu.edu.tw/courses/114-1/13462
專題研究,吳文超,26033,MHI7300,H45M7300,必修,,,,2 類,,1,,https://course.ntu.edu.tw/courses/114-1/26033
專題研究,袁千雯,39643,MHI7300,H45M7300,必修,,,,2 類,,1,,https://course.ntu.edu.tw/courses/114-1/39643
專題研究,陳玫如,41163,MHI7300,H45M7300,必修,,,,2 類,,1,,https://course.ntu.edu.tw/courses/114-1/41163
智慧醫療與健康資訊學,陳玫如,39093,MHI7400,H45M7400,必修,,"五 3,4",,2 類,,2,,https://course.ntu.edu.tw/courses/114-1/39093
碩士論文,,45980,MHI7999,H45M0010,必修,,,,1 類,,0,,https://course.ntu.edu.tw/courses/114-1/45980
微生物學專題討論,楊宏志,19926,Microb7001,445M0020,必修,,"五 2,3,4",基醫104,1 類,,2,,https://course.ntu.edu.tw/courses/114-1/19926
肝炎病毒生物學,葉秀慧,47065,Microb7036,445M1980,選修,,"三 1,2",,2 類,,2,,https://course.ntu.edu.tw/courses/114-1/47065
流行性感冒病毒免疫學上,楊宏志,45455,Microb7038,445M1211,選修,,"五 6,7",基醫705,2 類,,1,,https://course.ntu.edu.tw/courses/114-1/45455
鏈球菌致病機轉上,張永祺,28972,microb7042,445M1411,選修,,"一 7,8",基醫705,2 類,,1,,https://course.ntu.edu.tw/courses/114-1/28972
原蟲類寄生蟲感染之特論,孫錦虹,17481,Microb7048,445M1850,選修,,,,1 類,,3,,https://course.ntu.edu.tw/courses/114-1/17481
熱帶醫學暨寄生蟲學專題討論,蕭信宏,33897,Microb7053,445M2060,必修,,"五 3,4",基醫507,1 類,,1,,https://course.ntu.edu.tw/courses/114-1/33897
核糖核酸與疾病上,曾紀綱,26810,Microb7054,445M1611,選修,,"二 3,4,5",基醫705,2 類,,1,,https://course.ntu.edu.tw/courses/114-1/26810
分子寄生蟲學上,許弘明,16493,Microb7057,445M2030,選修,,,,1 類,,3,,https://course.ntu.edu.tw/courses/114-1/16493
原蟲感染學上,許弘明,10306,Microb7058,445M2040,選修,,,,1 類,,2,,https://course.ntu.edu.tw/courses/114-1/10306
昆蟲生理與分子生物學上,蕭信宏,56275,Microb7065,445M1531,選修,,,,1 類,,3,,https://course.ntu.edu.tw/courses/114-1/56275
微生物與醫學蛋白質體 上,林妙霞,39944,Microb7070,445M1711,選修,,"三 3,4",基醫705,2 類,,1,,https://course.ntu.edu.tw/courses/114-1/39944
感染性病原菌與疾病上,張書蓉,15361,Microb7072,445M1111,選修,,"一 9,10",基醫705,2 類,,1,,https://course.ntu.edu.tw/courses/114-1/15361
熱帶醫學與感染症特論,蕭信宏,37551,Microb7074,445M2080,選修,,"三 3,4",基醫503,1 類,,2,,https://course.ntu.edu.tw/courses/114-1/37551
病媒傳染病防治(上),蕭信宏,56254,Microb7075,445M2081,選修,,"三 6,7,8",,1 類,,3,,https://course.ntu.edu.tw/courses/114-1/56254
高齡精準醫學：邁向創新與健康的人生,李財坤,32447,Microb7080,445M0210,,,"二 8,9",博雅103,3 類,,2,,https://course.ntu.edu.tw/courses/114-1/32447
碩士論文,楊宏志,55229,Microb7999,445M0010,必修 / 選修,,,,1 類,,0,,https://course.ntu.edu.tw/courses/114-1/55229
微生物學專題討論,楊宏志,40236,Microb8001,445D0020,必修,,"一 2,3,4",基醫104,1 類,,2,,https://course.ntu.edu.tw/courses/114-1/40236
微生物學專題討論,楊宏志,46909,Microb8001,445D0020,必修,,"五 2,3,4",,1 類,,2,,https://course.ntu.edu.tw/courses/114-1/46909
微生物及免疫學研究法,楊宏志,49488,Microb8005,445D1500,選修,,,,1 類,,2,,https://course.ntu.edu.tw/courses/114-1/49488
肝炎病毒生物學,葉秀慧,45848,Microb8014,445D1930,選修,,,,2 類,,2,,https://course.ntu.edu.tw/courses/114-1/45848
博士論文,楊宏志,59389,Microb8999,445D0010,必修,,,,1 類,,0,,https://course.ntu.edu.tw/courses/114-1/59389
全民國防教育軍事訓練課程－全民國防,余宗基,93001,MilTr1006,00310190,選修,,"五 6,7",共301,3 類,,0,,https://course.ntu.edu.tw/courses/114-1/93001
全民國防教育軍事訓練課程－全民國防,余宗基,93002,MilTr1006,00310190,選修,,"五 8,9",共301,3 類,,0,,https://course.ntu.edu.tw/courses/114-1/93002
全民國防教育軍事訓練課程－防衛動員,余宗基,93003,MilTr1008,00310210,選修,,"三 6,7",普203,3 類,,0,,https://course.ntu.edu.tw/courses/114-1/93003
全民國防教育軍事訓練課程－防衛動員,余宗基,93004,MilTr1008,00310210,選修,,"三 8,9",普203,3 類,,0,,https://course.ntu.edu.tw/courses/114-1/93004
全民國防教育軍事訓練課程－國際情勢,劉鐵軍,93005,MilTr1009,00310220,選修,,"四 3,4",新204,3 類,,0,,https://course.ntu.edu.tw/courses/114-1/93005
全民國防教育軍事訓練課程－國際情勢,劉鐵軍,93006,MilTr1009,00310220,選修,,"四 6,7",新102,3 類,,0,,https://course.ntu.edu.tw/courses/114-1/93006
分子醫學特論,徐立中,40749,MolMed7005,448M0170,選修,,"一 3,4",基醫504,1 類,,2,,https://course.ntu.edu.tw/courses/114-1/40749
書報討論,劉雅雯,58317,MolMed7016,448M0100,必修,,"五 1,2",,1 類,,2,,https://course.ntu.edu.tw/courses/114-1/58317
書報討論,李秀香,41157,MolMed7016,448M0100,必修,,"五 1,2",,1 類,,2,,https://course.ntu.edu.tw/courses/114-1/41157
分子醫學專題研究,蔡欣祐,20587,MolMed7017,448M0110,必修,,,,1 類,,1,,https://course.ntu.edu.tw/courses/114-1/20587
統計遺傳學原理暨基因體資料解讀,許書睿,19796,MolMed7019,448M0380,必修,,"五 7,8",基醫508,1 類,,2,,https://course.ntu.edu.tw/courses/114-1/19796
遺傳相關疾病探討,簡穎秀,35971,MolMed7020,448M0390,必修,,五 9,基醫505,1 類,,1,,https://course.ntu.edu.tw/courses/114-1/35971
胚胎畸胎學,林芯伃,33976,MolMed7501,448M0210,必修,,三 9,基醫505,1 類,,1,,https://course.ntu.edu.tw/courses/114-1/33976
醫學遺傳學專題討論一,簡穎秀,33320,MolMed7503,448M0230,必修,,五 10,基醫504,1 類,,1,,https://course.ntu.edu.tw/courses/114-1/33320
分子及細胞生物學概論,李芳仁,36938,MolMed7509,448M0290,必修,,"五 10,A",基醫505,1 類,,2,,https://course.ntu.edu.tw/courses/114-1/36938
分子遺傳學實習,簡穎秀,11554,MolMed7512,448M0320,必修,,,,1 類,,1,,https://course.ntu.edu.tw/courses/114-1/11554
產前遺傳門診實習,簡穎秀,14540,MolMed7514,448M0340,必修,,,,1 類,,2,,https://course.ntu.edu.tw/courses/114-1/14540
碩士論文,,58339,MolMed7999,448M0010,必修,,,,1 類,,0,,https://course.ntu.edu.tw/courses/114-1/58339
專題討論,陳榮貴,42179,MolMed8001,448D0020,必修,,"二 2,3,4",基醫104,1 類,,1,,https://course.ntu.edu.tw/courses/114-1/42179
高等分子生物學,李芳仁,51722,MolMed8005,448D0090,必修 / 選修,,"三 3,4 / 五 3,4",,1 類,,4,,https://course.ntu.edu.tw/courses/114-1/51722
書報討論,蔡欣祐,13599,MolMed8006,448D0100,必修,,"五 1,2",,1 類,,2,,https://course.ntu.edu.tw/courses/114-1/13599
分子醫學專題研究,張智芬,11780,MolMed8007,448D0110,必修,,,,1 類,,1,,https://course.ntu.edu.tw/courses/114-1/11780
博士論文,,28524,MolMed8999,448D0010,必修,,,,1 類,,0,,https://course.ntu.edu.tw/courses/114-1/28524
生物統計學,洪詩涵,45961,MPB5010,H44U5010,選修,,"三 7,8,9",綜202,2 類,,3,,https://course.ntu.edu.tw/courses/114-1/45961
植物多樣性技術,王俊能,28732,MPB5020,H44U5020,選修,,"四 3,4",生科1217,2 類,,2,,https://course.ntu.edu.tw/courses/114-1/28732
研究方法與表達,丁照棣,31454,MPB5040,H44U5040,選修,,"三 3,4",博雅206,2 類,,2,,https://course.ntu.edu.tw/courses/114-1/31454
生物多樣性的人文思維,洪詩涵,10456,MPB5210,H44U5210,選修,,"四 2,3,4",博雅310,2 類,,3,,https://course.ntu.edu.tw/courses/114-1/10456
生物多樣性概論,柯佳吟,35677,MPB5340,H44U5340,選修,,"六 2,3,4,5,6,7,8",,2 類,,3,,https://course.ntu.edu.tw/courses/114-1/35677
鯨豚保育與人類生活,楊瑋誠,19819,MPB5350,H44U5350,選修,,"五 6,7,8",博雅406,2 類,,3,,https://course.ntu.edu.tw/courses/114-1/19819
生物多樣性與保育,丁照棣,35124,MPB7001,H44M7600,必修,,"二 2,3,4",,2 類,,3,,https://course.ntu.edu.tw/courses/114-1/35124
生物多樣性專題討論一,柯佳吟,19397,MPB7100,H44M7100,必修,,"一 3,4",,2 類,,1,,https://course.ntu.edu.tw/courses/114-1/19397
專題研究,王俊能,33086,MPB7300,H44M7300,必修,,,,2 類,,1,,https://course.ntu.edu.tw/courses/114-1/33086
專題研究,洪伯邑,16669,MPB7300,H44M7300,必修,,,,2 類,,1,,https://course.ntu.edu.tw/courses/114-1/16669
專題研究,洪詩涵,55655,MPB7300,H44M7300,必修,,,,2 類,,1,,https://course.ntu.edu.tw/courses/114-1/55655
碩士論文,,10448,MPB7999,H44M0010,必修,,,,1 類,,0,,https://course.ntu.edu.tw/courses/114-1/10448
公共衛生研究法,葉明叡,58568,MPH7001,847M0020,必修,,"二 2,3",公衛213,3 類,,2,,https://course.ntu.edu.tw/courses/114-1/58568
公共衛生實務專題討論,范怡琴,17868,MPH7004,847M0110,必修,,二 9,公衛212,2 類,,1,,https://course.ntu.edu.tw/courses/114-1/17868
公共衛生：觀點與展望,董鈺琪,14771,MPH7009,847M0080,必修,,"六 6,7,8,9",公衛648(原601,1 類,,2,,https://course.ntu.edu.tw/courses/114-1/14771
公共衛生：觀點與展望,林菀俞,29907,MPH7009,847M0080,必修,,二 5,公衛101,3 類,,2,,https://course.ntu.edu.tw/courses/114-1/29907
流行病學與生物統計學,曾翎威,43575,MPH7011,847M0290,必修,,"二 9,10,A",公衛213,2 類,,3,,https://course.ntu.edu.tw/courses/114-1/43575
健康政策管理與行為科學,林青青,44843,MPH7012,847M0300,必修,,"二 6,7,8",公衛213,3 類,,3,,https://course.ntu.edu.tw/courses/114-1/44843
公共衛生實務實習CEPH規範,方啟泰,59527,MPH7013,847M0310,必修,,,,3 類,,3,,https://course.ntu.edu.tw/courses/114-1/59527
公共衛生實務實習CEPH規範,杜裕康,13456,MPH7013,847M0310,必修,,,,3 類,,3,,https://course.ntu.edu.tw/courses/114-1/13456
公共衛生實務實習CEPH規範,陳佳堃,11435,MPH7013,847M0310,必修,,,,3 類,,3,,https://course.ntu.edu.tw/courses/114-1/11435
公共衛生實務實習CEPH規範,林先和,32528,MPH7013,847M0310,必修,,,,3 類,,3,,https://course.ntu.edu.tw/courses/114-1/32528
公共衛生實務實習CEPH規範,張弘潔,23577,MPH7013,847M0310,必修,,,,3 類,,3,,https://course.ntu.edu.tw/courses/114-1/23577
公共衛生實務實習CEPH規範,張齡尹,54787,MPH7013,847M0310,必修,,,,3 類,,3,,https://course.ntu.edu.tw/courses/114-1/54787
公共衛生實務實習CEPH規範,王彥雯,20080,MPH7013,847M0310,必修,,,,3 類,,3,,https://course.ntu.edu.tw/courses/114-1/20080
公共衛生實務實習CEPH規範,羅宇軒,10327,MPH7013,847M0310,必修,,,,3 類,,3,,https://course.ntu.edu.tw/courses/114-1/10327
公共衛生實務實習CEPH規範,李達宇,15425,MPH7013,847M0310,必修,,,,3 類,,3,,https://course.ntu.edu.tw/courses/114-1/15425
公共衛生實務實習CEPH規範,林菀俞,21524,MPH7013,847M0310,必修,,,,3 類,,3,,https://course.ntu.edu.tw/courses/114-1/21524
公共衛生實務實習CEPH規範,鄭雅文,95035,MPH7013,847M0310,必修,,,,3 類,,3,,https://course.ntu.edu.tw/courses/114-1/95035
公共衛生實務實習CEPH規範,黃柏堯,95036,MPH7013,847M0310,必修,,,,3 類,,3,,https://course.ntu.edu.tw/courses/114-1/95036
公共衛生實務實習CEPH規範,范怡琴,95077,MPH7013,847M0310,必修,,,,3 類,,3,,https://course.ntu.edu.tw/courses/114-1/95077
公共衛生實務實習CEPH規範,郭年真,95096,MPH7013,847M0310,必修,,,,3 類,,3,,https://course.ntu.edu.tw/courses/114-1/95096
環境與職業健康實務,陳佳堃,46930,MPH7015,847M0330,必修,,"一 6,7",公衛203,3 類,,2,,https://course.ntu.edu.tw/courses/114-1/46930
環境與職業衛生學,羅宇軒,14518,MPH7016,847M0340,必修,,二 4,公衛213,3 類,,3,,https://course.ntu.edu.tw/courses/114-1/14518
碩士論文,董鈺琪,23468,MPH7999,847M0010,必修,,,,1 類,,0,,https://course.ntu.edu.tw/courses/114-1/23468
服務學習,蔡劭璞,20697,MSE0004,50705110,必修,,,,2 類,,1,,https://course.ntu.edu.tw/courses/114-1/20697
服務學習,蘇德徵,25546,MSE0006,50705220,必修,,,,2 類,,1,,https://course.ntu.edu.tw/courses/114-1/25546
材料科學與工程實驗一,陳志軒,51699,MSE2012,50720700,必帶,,"三 6,7,8",綜402,2 類,,1,,https://course.ntu.edu.tw/courses/114-1/51699
有機化學材料,趙基揚,50725,MSE2015,50722000,選修,,"二 2,3,4",綜203,2 類,,3,,https://course.ntu.edu.tw/courses/114-1/50725
材料力學,蘇德徵,57818,MSE2016,50723000,必帶 / 必修,,"四 2,3,4",綜504,2 類,,3,,https://course.ntu.edu.tw/courses/114-1/57818
金屬材料,林新智,32117,MSE5002,527U0060,必修,,"四 2,3,4",綜502,2 類,,3,,https://course.ntu.edu.tw/courses/114-1/32117
材料分析,謝宗霖,32164,MSE5003,527U0090,選修,,"四 7,8,9",綜504,3 類,,3,,https://course.ntu.edu.tw/courses/114-1/32164
材料破壞學,吳欣潔,18535,MSE5005,527U0130,選修,,"五 2,3,4",綜502,2 類,,3,,https://course.ntu.edu.tw/courses/114-1/18535
學士專題研究一,薛人愷,38338,MSE5007,527U0170,選修,,,,2 類,,2,,https://course.ntu.edu.tw/courses/114-1/38338
學士專題研究一,林新智,11044,MSE5007,527U0170,選修,,,,2 類,,2,,https://course.ntu.edu.tw/courses/114-1/11044
學士專題研究一,高振宏,14457,MSE5007,527U0170,必修,,,,2 類,,2,,https://course.ntu.edu.tw/courses/114-1/14457
學士專題研究一,郭錦龍,40868,MSE5007,527U0170,選修,,,,2 類,,2,,https://course.ntu.edu.tw/courses/114-1/40868
學士專題研究一,羅世強,40931,MSE5007,527U0170,必修,,,,2 類,,2,,https://course.ntu.edu.tw/courses/114-1/40931
學士專題研究一,蘇德徵,58460,MSE5007,527U0170,必修,,,,2 類,,2,,https://course.ntu.edu.tw/courses/114-1/58460
學士專題研究一,劉振良,50930,MSE5007,527U0170,必修,,,,2 類,,2,,https://course.ntu.edu.tw/courses/114-1/50930
學士專題研究一,林招松,29910,MSE5007,527U0170,必修,,,,2 類,,2,,https://course.ntu.edu.tw/courses/114-1/29910
學士專題研究一,趙基揚,17485,MSE5007,527U0170,必修,,,,2 類,,2,,https://course.ntu.edu.tw/courses/114-1/17485
學士專題研究一,吳欣潔,27776,MSE5007,527U0170,選修,,,,2 類,,2,,https://course.ntu.edu.tw/courses/114-1/27776
學士專題研究一,顏鴻威,41393,MSE5007,527U0170,必修,,,,2 類,,2,,https://course.ntu.edu.tw/courses/114-1/41393
學士專題研究一,黃晧庭,43140,MSE5007,527U0170,選修,,,,2 類,,2,,https://course.ntu.edu.tw/courses/114-1/43140
學士專題研究一,陳敏璋,34825,MSE5007,527U0170,必修,,,,2 類,,2,,https://course.ntu.edu.tw/courses/114-1/34825
學士專題研究一,蔡豐羽,30792,MSE5007,527U0170,必修,,,,2 類,,2,,https://course.ntu.edu.tw/courses/114-1/30792
學士專題研究一,周苡嘉,35909,MSE5007,527U0170,必修,,,,2 類,,2,,https://course.ntu.edu.tw/courses/114-1/35909
學士專題研究一,陳俊杉,16719,MSE5007,527U0170,必修,,,,2 類,,2,,https://course.ntu.edu.tw/courses/114-1/16719
學士專題研究一,陳志軒,33982,MSE5007,527U0170,必修,,,,2 類,,2,,https://course.ntu.edu.tw/courses/114-1/33982
學士專題研究一,陳學禮,46661,MSE5007,527U0170,必修,,,,2 類,,2,,https://course.ntu.edu.tw/courses/114-1/46661
學士專題研究一,陳俊維,18554,MSE5007,527U0170,必修,,,,2 類,,2,,https://course.ntu.edu.tw/courses/114-1/18554
學士專題研究一,蔡劭璞,39413,MSE5007,527U0170,必修,,,,2 類,,2,,https://course.ntu.edu.tw/courses/114-1/39413
學士專題研究三,趙基揚,40205,MSE5009,527U0190,選修,,,,2 類,,2,,https://course.ntu.edu.tw/courses/114-1/40205
學士專題研究三,陳學禮,45561,MSE5009,527U0190,選修,,,,2 類,,2,,https://course.ntu.edu.tw/courses/114-1/45561
學士專題研究三,羅世強,54443,MSE5009,527U0190,選修,,,,2 類,,2,,https://course.ntu.edu.tw/courses/114-1/54443
學士專題研究三,陳俊維,54541,MSE5009,527U0190,選修,,,,2 類,,2,,https://course.ntu.edu.tw/courses/114-1/54541
學士專題研究三,林招松,35836,MSE5009,527U0190,選修,,,,2 類,,2,,https://course.ntu.edu.tw/courses/114-1/35836
學士專題研究三,謝宗霖,40279,MSE5009,527U0190,選修,,,,2 類,,2,,https://course.ntu.edu.tw/courses/114-1/40279
學士專題研究三,林新智,15404,MSE5009,527U0190,選修,,,,2 類,,2,,https://course.ntu.edu.tw/courses/114-1/15404
學士專題研究三,高振宏,37015,MSE5009,527U0190,選修,,,,2 類,,2,,https://course.ntu.edu.tw/courses/114-1/37015
學士專題研究三,蔡豐羽,51425,MSE5009,527U0190,選修,,,,2 類,,2,,https://course.ntu.edu.tw/courses/114-1/51425
學士專題研究三,蔡劭璞,22050,MSE5009,527U0190,選修,,,,2 類,,2,,https://course.ntu.edu.tw/courses/114-1/22050
學士專題研究三,陳敏璋,54319,MSE5009,527U0190,選修,,,,2 類,,2,,https://course.ntu.edu.tw/courses/114-1/54319
學士專題研究三,黃晧庭,41261,MSE5009,527U0190,選修,,,,2 類,,2,,https://course.ntu.edu.tw/courses/114-1/41261
學士專題研究三,陳俊杉,46435,MSE5009,527U0190,選修,,,,2 類,,2,,https://course.ntu.edu.tw/courses/114-1/46435
學士專題研究三,陳志軒,34945,MSE5009,527U0190,選修,,,,2 類,,2,,https://course.ntu.edu.tw/courses/114-1/34945
學士專題研究三,顏鴻威,38328,MSE5009,527U0190,選修,,,,2 類,,2,,https://course.ntu.edu.tw/courses/114-1/38328
物理化學,羅世強,27530,MSE5022,527U3050,選修,,"五 2,3,4",綜403,2 類,,3,,https://course.ntu.edu.tw/courses/114-1/27530
工程統計學,蔡豐羽,53448,MSE5023,527U3060,選修,,"四 2,3,4",,2 類,,3,,https://course.ntu.edu.tw/courses/114-1/53448
工程統計學,蔡豐羽,43411,MSE5023,527U3060,選修,,"四 2,3,4",綜602,2 類,,3,,https://course.ntu.edu.tw/courses/114-1/43411
相平衡與相圖,高振宏,18564,MSE5028,527U3110,選修,,"二 7 / 五 3,4",綜503,2 類,,3,,https://course.ntu.edu.tw/courses/114-1/18564
繞射原理,周苡嘉,27469,MSE5030,527U3140,必帶,,"三 3,4,5",綜501,2 類,,3,,https://course.ntu.edu.tw/courses/114-1/27469
量子化學材料,蔡豐羽,21176,MSE5031,527U3150,選修,,"二 6,7,8",綜504,2 類,,3,,https://course.ntu.edu.tw/courses/114-1/21176
第一原理計算材料科學,李明憲,35665,MSE5047,527U0350,選修,,"三 7,8,9",,2 類,,3,,https://course.ntu.edu.tw/courses/114-1/35665
材料顯微結構與缺陷,顏鴻威,24603,MSE5051,527U0360,選修,,"二 2,3,4",綜503,2 類,,3,,https://course.ntu.edu.tw/courses/114-1/24603
材料電化學,林招松,25080,MSE5057,527U0380,選修,,"四 2,3,4",綜603,2 類,,3,,https://course.ntu.edu.tw/courses/114-1/25080
表面電子光譜學,薛景中,33173,MSE5058,527U0390,選修,,"二 7,8,9",綜501,2 類,,3,,https://course.ntu.edu.tw/courses/114-1/33173
陶瓷熱製程,段維新,25925,MSE5067,527U2020,選修,,"三 2,3,4",綜502,2 類,,3,,https://course.ntu.edu.tw/courses/114-1/25925
陶瓷材料製程科技,黃晧庭,36551,MSE5073,527U2300,選修,,"一 6,7,8",綜201,2 類,,3,,https://course.ntu.edu.tw/courses/114-1/36551
光電材料,陳學禮,44200,MSE5074,527U1100,選修,,"一 6,7,8",綜502,2 類,,3,,https://course.ntu.edu.tw/courses/114-1/44200
碩士專題研究,羅世強,37897,MSE7001,527M0020,選修,,,,1 類,,1,,https://course.ntu.edu.tw/courses/114-1/37897
碩士專題研究,吳欣潔,27700,MSE7001,527M0020,選修,,,,1 類,,1,,https://course.ntu.edu.tw/courses/114-1/27700
碩士專題研究,黃晧庭,15681,MSE7001,527M0020,選修,,,,1 類,,1,,https://course.ntu.edu.tw/courses/114-1/15681
碩士專題研究,郭錦龍,18814,MSE7001,527M0020,選修,,,,1 類,,1,,https://course.ntu.edu.tw/courses/114-1/18814
碩士專題研究,顏鴻威,57785,MSE7001,527M0020,選修,,,,1 類,,1,,https://course.ntu.edu.tw/courses/114-1/57785
碩士專題研究,林新智,23000,MSE7001,527M0020,選修,,,,1 類,,1,,https://course.ntu.edu.tw/courses/114-1/23000
碩士專題研究,林峰輝,44899,MSE7001,527M0020,選修,,,,1 類,,1,,https://course.ntu.edu.tw/courses/114-1/44899
碩士專題研究,劉振良,13774,MSE7001,527M0020,選修,,,,1 類,,1,,https://course.ntu.edu.tw/courses/114-1/13774
碩士專題研究,趙基揚,11267,MSE7001,527M0020,選修,,,,1 類,,1,,https://course.ntu.edu.tw/courses/114-1/11267
碩士專題研究,高振宏,32654,MSE7001,527M0020,選修,,,,1 類,,1,,https://course.ntu.edu.tw/courses/114-1/32654
碩士專題研究,段維新,55474,MSE7001,527M0020,選修,,,,1 類,,1,,https://course.ntu.edu.tw/courses/114-1/55474
碩士專題研究,周苡嘉,18081,MSE7001,527M0020,選修,,,,1 類,,1,,https://course.ntu.edu.tw/courses/114-1/18081
碩士專題研究,蔡劭璞,57187,MSE7001,527M0020,選修,,,,1 類,,1,,https://course.ntu.edu.tw/courses/114-1/57187
碩士專題研究,林招松,26324,MSE7001,527M0020,選修,,,,1 類,,1,,https://course.ntu.edu.tw/courses/114-1/26324
碩士專題研究,陳俊維,15001,MSE7001,527M0020,選修,,,,1 類,,1,,https://course.ntu.edu.tw/courses/114-1/15001
碩士專題研究,陳學禮,56911,MSE7001,527M0020,選修,,,,1 類,,1,,https://course.ntu.edu.tw/courses/114-1/56911
碩士專題研究,薛人愷,54531,MSE7001,527M0020,選修,,,,1 類,,1,,https://course.ntu.edu.tw/courses/114-1/54531
碩士專題研究,謝宗霖,35137,MSE7001,527M0020,選修,,,,1 類,,1,,https://course.ntu.edu.tw/courses/114-1/35137
碩士專題研究,陳敏璋,15804,MSE7001,527M0020,選修,,,,1 類,,1,,https://course.ntu.edu.tw/courses/114-1/15804
碩士專題研究,蔡豐羽,45893,MSE7001,527M0020,選修,,,,1 類,,1,,https://course.ntu.edu.tw/courses/114-1/45893
碩士專題研究,蘇德徵,41977,MSE7001,527M0020,選修,,,,1 類,,1,,https://course.ntu.edu.tw/courses/114-1/41977
專題討論,蔡劭璞,43835,MSE7002,527M0030,必修,,"一 2,3,4",博雅102,3 類,,1,,https://course.ntu.edu.tw/courses/114-1/43835
半導體元件物理,陳敏璋,29480,MSE7009,527M1050,選修,,"五 2,3,4",新103,2 類,,3,,https://course.ntu.edu.tw/courses/114-1/29480
金屬凝固學,蘇德徵,48874,MSE7013,527M1210,選修,,"二 7,8,9",綜201,2 類,,3,,https://course.ntu.edu.tw/courses/114-1/48874
電子顯微鏡學,顏鴻威,48000,MSE7015,527M1270,選修,,"五 2,3,4",共105,3 類,,3,,https://course.ntu.edu.tw/courses/114-1/48000
材料熱力學,劉振良,36970,MSE7019,527M1390,選修,,"二 2,3,4",博雅301,2 類,,3,,https://course.ntu.edu.tw/courses/114-1/36970
焊接冶金學,薛人愷,10561,MSE7027,527M1710,選修,,"一 6,7,8",新302,2 類,,3,,https://course.ntu.edu.tw/courses/114-1/10561
碩士論文,,19104,MSE7999,527M0010,必修,,,,1 類,,0,,https://course.ntu.edu.tw/courses/114-1/19104
博士專題研究,蔡豐羽,45831,MSE8001,527D0020,選修,,,,1 類,,1,,https://course.ntu.edu.tw/courses/114-1/45831
博士專題研究,趙基揚,54207,MSE8001,527D0020,選修,,,,1 類,,1,,https://course.ntu.edu.tw/courses/114-1/54207
博士專題研究,吳欣潔,20393,MSE8001,527D0020,選修,,,,1 類,,1,,https://course.ntu.edu.tw/courses/114-1/20393
博士專題研究,劉振良,23781,MSE8001,527D0020,選修,,,,1 類,,1,,https://course.ntu.edu.tw/courses/114-1/23781
博士專題研究,林新智,25700,MSE8001,527D0020,選修,,,,1 類,,1,,https://course.ntu.edu.tw/courses/114-1/25700
博士專題研究,羅世強,22893,MSE8001,527D0020,選修,,,,1 類,,1,,https://course.ntu.edu.tw/courses/114-1/22893
博士專題研究,黃晧庭,31214,MSE8001,527D0020,選修,,,,1 類,,1,,https://course.ntu.edu.tw/courses/114-1/31214
博士專題研究,蔡劭璞,34266,MSE8001,527D0020,選修,,,,1 類,,1,,https://course.ntu.edu.tw/courses/114-1/34266
博士專題研究,高振宏,32903,MSE8001,527D0020,選修,,,,1 類,,1,,https://course.ntu.edu.tw/courses/114-1/32903
博士專題研究,林招松,54108,MSE8001,527D0020,選修,,,,1 類,,1,,https://course.ntu.edu.tw/courses/114-1/54108
博士專題研究,蘇德徵,34581,MSE8001,527D0020,選修,,,,1 類,,1,,https://course.ntu.edu.tw/courses/114-1/34581
博士專題研究,陳俊維,37713,MSE8001,527D0020,選修,,,,1 類,,1,,https://course.ntu.edu.tw/courses/114-1/37713
博士專題研究,陳學禮,51956,MSE8001,527D0020,選修,,,,1 類,,1,,https://course.ntu.edu.tw/courses/114-1/51956
博士專題研究,薛人愷,10154,MSE8001,527D0020,選修,,,,1 類,,1,,https://course.ntu.edu.tw/courses/114-1/10154
博士專題研究,薛景中,37735,MSE8001,527D0020,選修,,,,1 類,,1,,https://course.ntu.edu.tw/courses/114-1/37735
博士專題研究,陳敏璋,35084,MSE8001,527D0020,選修,,,,1 類,,1,,https://course.ntu.edu.tw/courses/114-1/35084
博士論文,,11224,MSE8999,527D0010,必修,,,,1 類,,0,,https://course.ntu.edu.tw/courses/114-1/11224
經濟植物學,莊汶博,28612,MSPM5002,645U1020,必帶,,"二 2,3,4",共308,3 類,,3,,https://course.ntu.edu.tw/courses/114-1/28612
植醫實習一,蕭旭峰,12164,MSPM5005,645U1050,必帶,,,,1 類,,1,,https://course.ntu.edu.tw/courses/114-1/12164
植醫實習三,沈原民,36111,MSPM5007,645U1070,必帶,,,,2 類,,1,,https://course.ntu.edu.tw/courses/114-1/36111
植物健康整合管理上,沈原民,31437,MSPM5015,645U1151,必修,,"四 6,7",,2 類,,2,,https://course.ntu.edu.tw/courses/114-1/31437
植物健康整合管理實習上,沈原民,26794,MSPM5017,645U1161,必修,,"四 8,9,10",,2 類,,1,,https://course.ntu.edu.tw/courses/114-1/26794
植醫實務研析,林乃君,51202,MSPM5023,645U1210,必修,,,,2 類,,3,,https://course.ntu.edu.tw/courses/114-1/51202
專題討論,沈原民,49794,MSPM7005,645M0060,必修,,"一 3,4",,1 類,,1,,https://course.ntu.edu.tw/courses/114-1/49794
碩士論文,顏瑞泓,54472,MSPM7999,645M0010,必修,,,,1 類,,0,,https://course.ntu.edu.tw/courses/114-1/54472
分子科學與技術專題研究,陳俊維,24119,MST8005,551D0050,必修,,"一 0,1",,2 類,,1,,https://course.ntu.edu.tw/courses/114-1/24119
不可逆熱力學及其應用,謝雅萍,49395,MST8006,551D0060,選修,,"五 2,3,4",,2 類,,3,,https://course.ntu.edu.tw/courses/114-1/49395
專題討論,陳俊維,11313,MST8007,551D0070,必修,,"四 8,9",,2 類,,1,,https://course.ntu.edu.tw/courses/114-1/11313
書報討論,余慈顏,20011,MST8008,551D0080,必修,,二 0,,2 類,,1,,https://course.ntu.edu.tw/courses/114-1/20011
博士論文,陳俊維,95097,MST8015,551D0140,選修,,,,1 類,,0,,https://course.ntu.edu.tw/courses/114-1/95097
古琴音樂欣賞與實習【一】,李孔元,28130,Music3007,14430500,,,"二 6,7",樂學館106,2 類,,2,,https://course.ntu.edu.tw/courses/114-1/28130
爵士音樂,陳人彥,49786,Music5008,144U0240,,,"一 7,8,9",,2 類,,3,,https://course.ntu.edu.tw/courses/114-1/49786
20世紀新音樂,楊建章,13454,Music5030,144U0540,選修,,"四 7,8,9",樂學館105,2 類,,3,,https://course.ntu.edu.tw/courses/114-1/13454
音樂、演化與大腦,蔡振家,20372,Music5065,144U0930,,,"五 2,3,4",新202,2 類,,3,,https://course.ntu.edu.tw/courses/114-1/20372
東亞音樂文化與殖民現代性,山內文登,46798,Music5086,144U1130,選修,,"二 7,8,9",樂學館105,2 類,,3,,https://course.ntu.edu.tw/courses/114-1/46798
國語流行歌曲研究：1930-1970,沈  冬,17078,Music5097,144U1250,選修,,"三 2,3,4",樂學館105,2 類,,3,,https://course.ntu.edu.tw/courses/114-1/17078
北印度塔布拉鼓音樂文化與實踐,高  玄,20329,Music5102,144U1290,,,"四 3,4",,2 類,,2,,https://course.ntu.edu.tw/courses/114-1/20329
緬甸音樂文化與實踐,呂心純,56688,Music5104,144U1310,,,"四 7,8,9",,2 類,,3,,https://course.ntu.edu.tw/courses/114-1/56688
音樂、地方與移動,施永德,56832,Music5118,144U1460,選修,,"四 2,3,4",樂學館105,2 類,,3,,https://course.ntu.edu.tw/courses/114-1/56832
音樂學理論與方法一,陳人彥,44088,Music7004,144M0100,必修,,"二 2,3,4",樂學館105,2 類,,3,,https://course.ntu.edu.tw/courses/114-1/44088
音樂學研究討論,陳人彥,31818,Music7032,144M0990,必修,,"五 7,8,9",,2 類,,1,,https://course.ntu.edu.tw/courses/114-1/31818
歷史錄音作為方法,王櫻芬,59274,Music7033,144M1600,選修,,"一 7,8,9",樂學館105,2 類,,3,,https://course.ntu.edu.tw/courses/114-1/59274
碩士論文,,34044,Music7999,144M0010,選修,,,,1 類,,0,,https://course.ntu.edu.tw/courses/114-1/34044
博士班專題討論,呂心純,46061,Music8001,144D0020,必修,,"三 8,9",樂學館105,2 類,,1,,https://course.ntu.edu.tw/courses/114-1/46061
博士論文,,41246,Music8999,144D0010,選修,,,,1 類,,0,,https://course.ntu.edu.tw/courses/114-1/41246
幾何測度論-上,孟悟理,95040,NCTS5057,V41U3021,選修,,"五 2,3,4",,3 類,,3,,https://course.ntu.edu.tw/courses/114-1/95040
構造層與消沒閉鏈,"二 9,10 / 三 3,4",95094,NCTS5058,V41U2060,選修,,,,1 類,,3,,https://course.ntu.edu.tw/courses/114-1/95094
量子物理,周至品,20408,NENS5001,K45U0010,選修,,"四 2,3,4",,2 類,,3,,https://course.ntu.edu.tw/courses/114-1/20408
材料物性分析,陳致融,49989,NENS5005,K45U0050,選修,,"二 7,8,9",,2 類,,3,,https://course.ntu.edu.tw/courses/114-1/49989
半導體智慧製造概論,藍俊宏,31244,NENS5007,K45U0070,選修,,"四 7,8,9",,2 類,,3,,https://course.ntu.edu.tw/courses/114-1/31244
專題討論,邱雅萍,42307,NENS7001,K45M3000,必修,,一 8,,1 類,,1,,https://course.ntu.edu.tw/courses/114-1/42307
專題研究,劉如熹,19439,NENS7002,K45M0020,必修,,,,1 類,,1,,https://course.ntu.edu.tw/courses/114-1/19439
專題研究,陳浩銘,47187,NENS7002,K45M0020,必修,,,,1 類,,1,,https://course.ntu.edu.tw/courses/114-1/47187
專題研究,邱雅萍,56144,NENS7002,K45M0020,必修,,,,1 類,,1,,https://course.ntu.edu.tw/courses/114-1/56144
專題研究,黃光裕,56815,NENS7002,K45M0020,必修,,,,1 類,,1,,https://course.ntu.edu.tw/courses/114-1/56815
專題研究,莊嘉揚,43054,NENS7002,K45M0020,必修,,,,1 類,,1,,https://course.ntu.edu.tw/courses/114-1/43054
專題研究,陳亮嘉,28403,NENS7002,K45M0020,必修,,,,1 類,,1,,https://course.ntu.edu.tw/courses/114-1/28403
專題研究,呂明璋,26026,NENS7002,K45M0020,必修,,,,1 類,,1,,https://course.ntu.edu.tw/courses/114-1/26026
專題研究,林啟萬,15498,NENS7002,K45M0020,必修,,,,1 類,,1,,https://course.ntu.edu.tw/courses/114-1/15498
專題研究,陳立仁,24396,NENS7002,K45M0020,必修,,,,1 類,,1,,https://course.ntu.edu.tw/courses/114-1/24396
專題研究,舒貽忠,31442,NENS7002,K45M0020,必修,,,,1 類,,1,,https://course.ntu.edu.tw/courses/114-1/31442
專題研究,陳建彰,28048,NENS7002,K45M0020,必修,,,,1 類,,1,,https://course.ntu.edu.tw/courses/114-1/28048
專題研究,陳建甫,55661,NENS7002,K45M0020,必修,,,,1 類,,1,,https://course.ntu.edu.tw/courses/114-1/55661
專題研究,許聿翔,29879,NENS7002,K45M0020,必修,,,,1 類,,1,,https://course.ntu.edu.tw/courses/114-1/29879
專題研究,李尉彰,49697,NENS7002,K45M0020,必修,,,,1 類,,1,,https://course.ntu.edu.tw/courses/114-1/49697
專題研究,藍俊宏,20724,NENS7002,K45M0020,必修,,,,1 類,,1,,https://course.ntu.edu.tw/courses/114-1/20724
專題研究,陳致融,41587,NENS7002,K45M0020,必修,,,,1 類,,1,,https://course.ntu.edu.tw/courses/114-1/41587
專題研究,周至品,44664,NENS7002,K45M0020,必修,,,,1 類,,1,,https://course.ntu.edu.tw/courses/114-1/44664
研發實習,邱雅萍,31337,NENS7003,K45M0030,必修,,,,2 類,,3,,https://course.ntu.edu.tw/courses/114-1/31337
碩士論文,,10449,NENS7999,K45M0010,必修,,,,1 類,,0,,https://course.ntu.edu.tw/courses/114-1/10449
專題討論,邱雅萍,57306,NENS8001,K46D3000,必修,,一 8,,1 類,,1,,https://course.ntu.edu.tw/courses/114-1/57306
專題研究,劉如熹,24296,NENS8002,K46D0020,必修,,,,1 類,,1,,https://course.ntu.edu.tw/courses/114-1/24296
專題研究,邱雅萍,20158,NENS8002,K46D0020,必修,,,,1 類,,1,,https://course.ntu.edu.tw/courses/114-1/20158
專題研究,莊嘉揚,28757,NENS8002,K46D0020,必修,,,,1 類,,1,,https://course.ntu.edu.tw/courses/114-1/28757
專題研究,陳亮嘉,29508,NENS8002,K46D0020,必修,,,,1 類,,1,,https://course.ntu.edu.tw/courses/114-1/29508
專題研究,陳建彰,48646,NENS8002,K46D0020,必修,,,,1 類,,1,,https://course.ntu.edu.tw/courses/114-1/48646
專題研究,陳建甫,32390,NENS8002,K46D0020,必修,,,,1 類,,1,,https://course.ntu.edu.tw/courses/114-1/32390
專題研究,李尉彰,29583,NENS8002,K46D0020,必修,,,,1 類,,1,,https://course.ntu.edu.tw/courses/114-1/29583
專題研究,陳致融,21965,NENS8002,K46D0020,必修,,,,1 類,,1,,https://course.ntu.edu.tw/courses/114-1/21965
專題研究,周至品,52207,NENS8002,K46D0020,必修,,,,1 類,,1,,https://course.ntu.edu.tw/courses/114-1/52207
研發實習,邱雅萍,54886,NENS8003,K46D0030,必修,,,,2 類,,3,,https://course.ntu.edu.tw/courses/114-1/54886
博士論文,,35271,NENS8999,K46D0010,必修,,,,1 類,,0,,https://course.ntu.edu.tw/courses/114-1/35271
虛擬人與遙現,葛如鈞,31825,NM5631,944U0150,選修,,"三 7,8,9",資111,2 類,,3,,https://course.ntu.edu.tw/courses/114-1/31825
專題討論,鄭龍磻,51798,NM7000,944M0030,必修,,,,1 類,,1,,https://course.ntu.edu.tw/courses/114-1/51798
數位聲音藝術與創作,林經堯,15030,NM7614,944U0140,選修,,"一 A,B,C",資104,2 類,,3,,https://course.ntu.edu.tw/courses/114-1/15030
視訊壓縮技術、標準與實務,童怡新,22345,NM7623,944U0020,選修,,"二 A,B,C",資111,1 類,,3,,https://course.ntu.edu.tw/courses/114-1/22345
專題研究,施吉昇,43138,NM7990,944M0020,選修,,,,2 類,,1,,https://course.ntu.edu.tw/courses/114-1/43138
專題研究,陳信希,25217,NM7990,944M0020,選修,,,,2 類,,1,,https://course.ntu.edu.tw/courses/114-1/25217
專題研究,歐陽彥正,56175,NM7990,944M0020,選修,,,,2 類,,1,,https://course.ntu.edu.tw/courses/114-1/56175
專題研究,傅楸善,23448,NM7990,944M0020,選修,,,,1 類,,1,,https://course.ntu.edu.tw/courses/114-1/23448
專題研究,趙坤茂,33283,NM7990,944M0020,選修,,,,2 類,,1,,https://course.ntu.edu.tw/courses/114-1/33283
專題研究,林  風,51830,NM7990,944M0020,選修,,,,2 類,,1,,https://course.ntu.edu.tw/courses/114-1/51830
專題研究,楊佳玲,13623,NM7990,944M0020,選修,,,,2 類,,1,,https://course.ntu.edu.tw/courses/114-1/13623
專題研究,周承復,45148,NM7990,944M0020,選修,,,,2 類,,1,,https://course.ntu.edu.tw/courses/114-1/45148
專題研究,莊永裕,27748,NM7990,944M0020,選修,,,,2 類,,1,,https://course.ntu.edu.tw/courses/114-1/27748
專題研究,洪士灝,45374,NM7990,944M0020,選修,,,,2 類,,1,,https://course.ntu.edu.tw/courses/114-1/45374
專題研究,陳炳宇,54031,NM7990,944M0020,選修,,,,1 類,,1,,https://course.ntu.edu.tw/courses/114-1/54031
專題研究,薛智文,29099,NM7990,944M0020,選修,,,,2 類,,1,,https://course.ntu.edu.tw/courses/114-1/29099
專題研究,張瑞峰,58435,NM7990,944M0020,選修,,,,2 類,,1,,https://course.ntu.edu.tw/courses/114-1/58435
專題研究,鄭卜壬,49582,NM7990,944M0020,選修,,,,2 類,,1,,https://course.ntu.edu.tw/courses/114-1/49582
專題研究,林守德,32921,NM7990,944M0020,選修,,,,2 類,,1,,https://course.ntu.edu.tw/courses/114-1/32921
專題研究,李明穗,50555,NM7990,944M0020,選修,,,,2 類,,1,,https://course.ntu.edu.tw/courses/114-1/50555
專題研究,徐宏民,15810,NM7990,944M0020,選修,,,,2 類,,1,,https://course.ntu.edu.tw/courses/114-1/15810
專題研究,廖世偉,11254,NM7990,944M0020,選修,,,,2 類,,1,,https://course.ntu.edu.tw/courses/114-1/11254
專題研究,林軒田,34188,NM7990,944M0020,選修,,,,2 類,,1,,https://course.ntu.edu.tw/courses/114-1/34188
專題研究,呂育道,17285,NM7990,944M0020,選修,,,,2 類,,1,,https://course.ntu.edu.tw/courses/114-1/17285
專題研究,傅立成,41113,NM7990,944M0020,選修,,,,2 類,,1,,https://course.ntu.edu.tw/courses/114-1/41113
專題研究,曾宇鳳,55148,NM7990,944M0020,選修,,,,2 類,,1,,https://course.ntu.edu.tw/courses/114-1/55148
專題研究,陳彥仰,37133,NM7990,944M0020,選修,,,,2 類,,1,,https://course.ntu.edu.tw/courses/114-1/37133
專題研究,蔡欣穆,12944,NM7990,944M0020,選修,,,,2 類,,1,,https://course.ntu.edu.tw/courses/114-1/12944
專題研究,李允中,36113,NM7990,944M0020,選修,,,,2 類,,1,,https://course.ntu.edu.tw/courses/114-1/36113
專題研究,蕭旭君,11507,NM7990,944M0020,選修,,,,2 類,,1,,https://course.ntu.edu.tw/courses/114-1/11507
專題研究,陳縕儂,36717,NM7990,944M0020,選修,,,,2 類,,1,,https://course.ntu.edu.tw/courses/114-1/36717
專題研究,林忠緯,55660,NM7990,944M0020,選修,,,,2 類,,1,,https://course.ntu.edu.tw/courses/114-1/55660
專題研究,陳祝嵩,31081,NM7990,944M0020,選修,,,,2 類,,1,,https://course.ntu.edu.tw/courses/114-1/31081
專題研究,黎士瑋,17717,NM7990,944M0020,選修,,,,2 類,,1,,https://course.ntu.edu.tw/courses/114-1/17717
專題研究,鄭文皇,56836,NM7990,944M0020,選修,,,,2 類,,1,,https://course.ntu.edu.tw/courses/114-1/56836
專題研究,巫芳璟,48925,NM7990,944M0020,選修,,,,2 類,,1,,https://course.ntu.edu.tw/courses/114-1/48925
專題研究,李濬屹,26145,NM7990,944M0020,選修,,,,2 類,,1,,https://course.ntu.edu.tw/courses/114-1/26145
專題研究,張原豪,12978,NM7990,944M0020,選修,,,,2 類,,1,,https://course.ntu.edu.tw/courses/114-1/12978
碩士論文,,52724,NM7999,944M0010,必修,,,,1 類,,0,,https://course.ntu.edu.tw/courses/114-1/52724
專題討論,陳彥仰,54337,NM8000,944D0030,必修,,,,1 類,,1,,https://course.ntu.edu.tw/courses/114-1/54337
專題研究,吳家麟,57326,NM8990,944D0020,選修,,,,2 類,,1,,https://course.ntu.edu.tw/courses/114-1/57326
專題研究,洪一平,41756,NM8990,944D0020,選修,,,,2 類,,1,,https://course.ntu.edu.tw/courses/114-1/41756
專題研究,逄愛君,12630,NM8990,944D0020,選修,,,,2 類,,1,,https://course.ntu.edu.tw/courses/114-1/12630
專題研究,施吉昇,28907,NM8990,944D0020,選修,,,,2 類,,1,,https://course.ntu.edu.tw/courses/114-1/28907
專題研究,陳信希,22098,NM8990,944D0020,選修,,,,2 類,,1,,https://course.ntu.edu.tw/courses/114-1/22098
專題研究,傅楸善,38663,NM8990,944D0020,選修,,,,1 類,,1,,https://course.ntu.edu.tw/courses/114-1/38663
專題研究,林智仁,18205,NM8990,944D0020,選修,,,,2 類,,1,,https://course.ntu.edu.tw/courses/114-1/18205
專題研究,楊佳玲,40798,NM8990,944D0020,選修,,,,2 類,,1,,https://course.ntu.edu.tw/courses/114-1/40798
專題研究,周承復,20365,NM8990,944D0020,選修,,,,2 類,,1,,https://course.ntu.edu.tw/courses/114-1/20365
專題研究,莊永裕,42059,NM8990,944D0020,選修,,,,2 類,,1,,https://course.ntu.edu.tw/courses/114-1/42059
專題研究,陳炳宇,45817,NM8990,944D0020,選修,,,,1 類,,1,,https://course.ntu.edu.tw/courses/114-1/45817
專題研究,薛智文,50542,NM8990,944D0020,選修,,,,2 類,,1,,https://course.ntu.edu.tw/courses/114-1/50542
專題研究,鄭卜壬,19661,NM8990,944D0020,選修,,,,2 類,,1,,https://course.ntu.edu.tw/courses/114-1/19661
專題研究,徐宏民,12666,NM8990,944D0020,選修,,,,2 類,,1,,https://course.ntu.edu.tw/courses/114-1/12666
專題研究,林軒田,24647,NM8990,944D0020,選修,,,,2 類,,1,,https://course.ntu.edu.tw/courses/114-1/24647
專題研究,傅立成,19375,NM8990,944D0020,選修,,,,2 類,,1,,https://course.ntu.edu.tw/courses/114-1/19375
專題研究,蕭旭君,20532,NM8990,944D0020,選修,,,,2 類,,1,,https://course.ntu.edu.tw/courses/114-1/20532
專題研究,陳尚澤,51936,NM8990,944D0020,選修,,,,2 類,,1,,https://course.ntu.edu.tw/courses/114-1/51936
專題研究,陳祝嵩,22035,NM8990,944D0020,選修,,,,2 類,,1,,https://course.ntu.edu.tw/courses/114-1/22035
專題研究,鄭文皇,25390,NM8990,944D0020,選修,,,,2 類,,1,,https://course.ntu.edu.tw/courses/114-1/25390
批判思考與公共論述,鄧志松,10645,NtlDev1083,34117940,,,"二 3,4,5",社科404,2 類,,3,,https://course.ntu.edu.tw/courses/114-1/10645
朝鮮王朝的建立與發展,姜智恩,37159,NtlDev1084,34117950,,,"五 8,9",新203,2 類,,2,,https://course.ntu.edu.tw/courses/114-1/37159
歐盟莫內講座—中國大陸研究學程導論,葉國俊,54747,NtlDev1098,34111740,,,"二 6,7",社科202,2 類,,2,,https://course.ntu.edu.tw/courses/114-1/54747
鄧小平後的大陸政經改革專題,周嘉辰,51525,NtlDev5313,341U9280,選修,,"五 7,8",國發300,2 類,,2,,https://course.ntu.edu.tw/courses/114-1/51525
永續金融與ESG,林竣達,54859,NtlDev5323,341U9370,選修,,"一 3,4",國發208,2 類,,2,,https://course.ntu.edu.tw/courses/114-1/54859
中美關係與全球治理專題,林竣達,29837,NtlDev5324,341U9380,必修,,"二 6,7,8",國發208,2 類,,3,,https://course.ntu.edu.tw/courses/114-1/29837
氣候環境政策的設計與決策行為,黃建實,25356,NtlDev5325,341U9390,必修,,"一 6,7",國發210,2 類,,2,,https://course.ntu.edu.tw/courses/114-1/25356
比較憲法,林建志,17744,NtlDev5326,341U9400,選修,,"一 3,4",國發210,2 類,,2,,https://course.ntu.edu.tw/courses/114-1/17744
東亞勞動力市場政策,洪伊真,38999,NtlDev5329,341U9430,必修,,"五 3,4,5",國發206,2 類,,3,,https://course.ntu.edu.tw/courses/114-1/38999
福利和性別不平等的政治經濟學,洪伊真,58762,NtlDev5330,341U9440,必修,,"四 3,4",國發300,2 類,,2,,https://course.ntu.edu.tw/courses/114-1/58762
近現代日本導論,李宥霆,27618,NtlDev5340,341U9540,,,"一 7,8",新501,2 類,,2,,https://course.ntu.edu.tw/courses/114-1/27618
高齡社會的法律與政策,張兆恬,34229,NtlDev5341,341U9550,,,"一 8,9",新401,2 類,,2,,https://course.ntu.edu.tw/courses/114-1/34229
當代台灣政治導讀,南  樂,15308,NtlDev5342,341U9560,,,"二 8,9",普203,2 類,,2,,https://course.ntu.edu.tw/courses/114-1/15308
東亞的獨裁與民主,南  樂,27888,NtlDev5343,341U9570,必修,,"二 3,4",國發210,2 類,,2,,https://course.ntu.edu.tw/courses/114-1/27888
台灣的經濟發展專題,周治邦,30089,NtlDev7043,341M5010,選修,,"五 8,9",國發208,2 類,,2,,https://course.ntu.edu.tw/courses/114-1/30089
國家發展理論與政策專題,張兆恬,21108,NtlDev7056,341M5140,必修,,"四 3,4,5",國發206,2 類,,3,,https://course.ntu.edu.tw/courses/114-1/21108
統計方法與應用,黃建實,25161,NtlDev7057,341M5150,必修,,"二 2,3,4",國發206,2 類,,3,,https://course.ntu.edu.tw/courses/114-1/25161
社會科學研究方法,周嘉辰,54551,NtlDev7061,341M5190,必修,,"四 6,7,8",國發300,2 類,,3,,https://course.ntu.edu.tw/courses/114-1/54551
經濟發展與政策專題,周治邦,51910,NtlDev7067,341M5250,選修,,"五 C,D",國發206,2 類,,2,,https://course.ntu.edu.tw/courses/114-1/51910
統計分析與應用,黃建實,16233,NtlDev7097,341M5540,必修,,"六 1,2",國發206,2 類,,2,,https://course.ntu.edu.tw/courses/114-1/16233
跨領域論壇專題討論(一),張國暉,50967,NtlDev7104,341M5610,選修,,,,2 類,,1,,https://course.ntu.edu.tw/courses/114-1/50967
研究方法與論文寫作,周嘉辰,24444,NtlDev7121,341M5780,選修,,"六 6,7",國發206,2 類,,2,,https://course.ntu.edu.tw/courses/114-1/24444
地理資訊系統與空間分析,鄧志松,11818,NtlDev7125,341M5820,必修 / 選修,,"四 3,4",國發204,2 類,,2,,https://course.ntu.edu.tw/courses/114-1/11818
地理資訊系統與空間分析,鄧志松,29860,NtlDev7125,341M5820,選修,,"六 3,4",國發210,2 類,,2,,https://course.ntu.edu.tw/courses/114-1/29860
科技與勞動專題,辛炳隆,49577,NtlDev7128,341M5850,選修,,"二 9,10",國發202,2 類,,2,,https://course.ntu.edu.tw/courses/114-1/49577
電商與金融科技的政治經濟學,劉秋婉,13925,NtlDev7133,341M5900,必修,,"四 9,10",國發208,2 類,,2,,https://course.ntu.edu.tw/courses/114-1/13925
科技的政治社會學,張國暉,44461,NtlDev7161,341M6180,必修,,"二 6,7,8",國發206,2 類,,3,,https://course.ntu.edu.tw/courses/114-1/44461
國家發展政策專題,張國暉,55429,NtlDev7163,341M6200,選修,,"五 A,B",國發300,2 類,,2,,https://course.ntu.edu.tw/courses/114-1/55429
高齡社會法律與政策專題,張兆恬,16337,NtlDev7165,341M6230,選修,,"六 8,9",國發206,2 類,,2,,https://course.ntu.edu.tw/courses/114-1/16337
東亞文化比較入門,姜智恩,59493,NtlDev7168,341M6330,選修,,"六 6,7",國發300,2 類,,2,,https://course.ntu.edu.tw/courses/114-1/59493
美國聯邦憲法與政府專題,范秀羽,39684,NtlDev7170,341M6350,選修,,"五 2,3,4",國發210,2 類,,3,,https://course.ntu.edu.tw/courses/114-1/39684
移民法制與公民身分專題,范秀羽,36782,NtlDev7171,341M6360,必修,,"五 7,8",國發210,2 類,,2,,https://course.ntu.edu.tw/courses/114-1/36782
淨零碳排與公正轉型：東亞觀點,周桂田,21690,NtlDev7180,341M6450,必修,,"三 2,3,4",國發208,2 類,,3,,https://course.ntu.edu.tw/courses/114-1/21690
人文學術導論,李宥霆,33289,NtlDev7186,341M6510,選修,,"六 1,2",國發208,2 類,,2,,https://course.ntu.edu.tw/courses/114-1/33289
碩士論文,,59688,NtlDev7999,341M0010,必修,,,,1 類,,0,,https://course.ntu.edu.tw/courses/114-1/59688
社會科學方法論專題研究,周嘉辰,31215,NtlDev8007,341D1210,必修,,"四 6,7,8",,2 類,,3,,https://course.ntu.edu.tw/courses/114-1/31215
國家發展理論專題,張兆恬,48699,NtlDev8011,341D1250,必修,,"四 3,4,5",,2 類,,3,,https://course.ntu.edu.tw/courses/114-1/48699
中國科技、政治與社會專題,劉秋婉,32987,NtlDev8051,341D1660,必修,,"二 6,7,8",國發210,2 類,,3,,https://course.ntu.edu.tw/courses/114-1/32987
博士論文,,36554,NtlDev8999,341D0010,必修,,,,1 類,,0,,https://course.ntu.edu.tw/courses/114-1/36554
服務學習甲,楊雅玲,19795,NURSE0006,406001G0,必修,,"三 9,10",護階梯教室,3 類,,1,,https://course.ntu.edu.tw/courses/114-1/19795
服務學習乙,吳佳儀,10795,NURSE0007,406001H0,必修,,,,3 類,,1,,https://course.ntu.edu.tw/courses/114-1/10795
護理學導論,張皓媛,23969,NURSE1004,40610100,必帶 / 選修,,"五 6,7",基醫201,3 類,,2,,https://course.ntu.edu.tw/courses/114-1/23969
人類發展學,楊雅玲,50153,NURSE2005,40622400,必修,,"五 3,4",基醫201,3 類,,2,,https://course.ntu.edu.tw/courses/114-1/50153
身體檢查與評估,劉欣怡,40061,NURSE2007,40622600,必修,,"一 6,7,8",,3 類,,1,,https://course.ntu.edu.tw/courses/114-1/40061
身體檢查與評估實習,劉欣怡,19044,NURSE2008,40622610,必修,,,,3 類,,1,,https://course.ntu.edu.tw/courses/114-1/19044
營養學,王慧珍,55876,NURSE2009,40622800,選修,,"二 6,7",基醫403,3 類,,2,,https://course.ntu.edu.tw/courses/114-1/55876
人類發展學實習,楊雅玲,52676,NURSE2011,40623000,必修,,"五 6,7",,3 類,,1,,https://course.ntu.edu.tw/courses/114-1/52676
內外科護理學一,郭軒如,56090,NURSE3001,40630430,必修,,"二 1,2,3,4,6,7,8,9 / 三 1,2,3,4 / 四 1,2,3,4,6,7,8,9 / 五 1,2,3,4,6,7,8,9",,3 類,,3,,https://course.ntu.edu.tw/courses/114-1/56090
內外科護理學實習一,郭軒如,11367,NURSE3002,40630440,必修,,,,3 類,,3,,https://course.ntu.edu.tw/courses/114-1/11367
內外科護理學實習一,郭軒如,31519,NURSE3002,40630440,必修,,,,3 類,,3,,https://course.ntu.edu.tw/courses/114-1/31519
兒科護理學,蔡劭瑜,16570,NURSE3007,40631210,必修,,"二 1,2,3,4,6,7,8,9 / 三 1,2,3,4 / 四 1,2,3,4,6,7,8,9 / 五 1,2,3,4,6,7,8,9",,3 類,,3,,https://course.ntu.edu.tw/courses/114-1/16570
兒科護理學實習,蔡劭瑜,27334,NURSE3008,40631220,必修,,,,3 類,,3,,https://course.ntu.edu.tw/courses/114-1/27334
兒科護理學實習,蔡劭瑜,30367,NURSE3008,40631220,必修,,,,3 類,,3,,https://course.ntu.edu.tw/courses/114-1/30367
社區衛生護理學實習,陳宜傳,23196,NURSE4007,40641910,必修,,,,3 類,,3,,https://course.ntu.edu.tw/courses/114-1/23196
精神衛生護理學,蕭妃秀,17997,NURSE4008,40642000,必修,,"二 1,2,3,4,6,7,8,9 / 三 1,2,3,4,6,7,8,9 / 四 1,2,3,4,6,7,8,9 / 五 1,2,3,4",,3 類,,3,,https://course.ntu.edu.tw/courses/114-1/17997
精神衛生護理學實習,蕭妃秀,28356,NURSE4009,40642010,必修,,,,3 類,,3,,https://course.ntu.edu.tw/courses/114-1/28356
精神衛生護理學實習,蕭妃秀,33222,NURSE4009,40642010,必修,,,,3 類,,3,,https://course.ntu.edu.tw/courses/114-1/33222
護理研究概論,陳竑卉,59613,NURSE4010,40646300,必修,,"一 3,4",護階梯教室,3 類,,2,,https://course.ntu.edu.tw/courses/114-1/59613
安寧緩和護理學,胡文郁,95017,NURSE5002,426U0200,選修,,"三 9,10",,3 類,,2,,https://course.ntu.edu.tw/courses/114-1/95017
醫療與健康資訊管理系統設計,張念慈,16795,NURSE5017,426U1700,選修,,"六 6,7",護305室,2 類,,1,,https://course.ntu.edu.tw/courses/114-1/16795
校園自殺防治守門人,吳佳儀,33444,NURSE5020,426U2000,,,"三 7,8,9",,3 類,,3,,https://course.ntu.edu.tw/courses/114-1/33444
健康照護科技實證研究討論,吳佳儀,45033,NURSE5028,426U2800,選修,,"二 9,10",護階梯教室,3 類,,2,,https://course.ntu.edu.tw/courses/114-1/45033
學術報告技巧實作,吳佳儀,51148,NURSE5029,426U2900,選修,,,,3 類,,1,,https://course.ntu.edu.tw/courses/114-1/51148
精準健康多元跨領域實務,張念慈,36026,NURSE5030,426U3000,選修,,"一 8,9",,2 類,,1,,https://course.ntu.edu.tw/courses/114-1/36026
護理理論基礎,秦唯珊,58373,NURSE7031,426M4300,必修,,"三 3,4",護智能教室,3 類,,2,,https://course.ntu.edu.tw/courses/114-1/58373
量性資料分析與判讀,羅美芳,30941,NURSE7036,426M4380,選修,,"一 4,5",基醫509,3 類,,1,,https://course.ntu.edu.tw/courses/114-1/30941
護理專業問題專論,楊曉玲,57181,NURSE7037,426M4390,必修,,"一 6,7",護智能教室,3 類,,2,,https://course.ntu.edu.tw/courses/114-1/57181
診斷與處置(II),陳佳慧,18022,NURSE7039,426M4410,必修,,"三 6,7",,3 類,,2,,https://course.ntu.edu.tw/courses/114-1/18022
進階身體評估,唐嘉君,45753,NURSE7040,426M4420,必修,,"五 6,7",護301室,3 類,,2,,https://course.ntu.edu.tw/courses/114-1/45753
進階身體評估實習,唐嘉君,33792,NURSE7041,426M4430,必修,,"三 6,7,8,9",護301室,3 類,,2,,https://course.ntu.edu.tw/courses/114-1/33792
專科護理師實習(II),唐嘉君,53179,NURSE7043,426M4450,必修,,,,3 類,,4,,https://course.ntu.edu.tw/courses/114-1/53179
臨床研究護理學(II),張榮珍,14310,NURSE7046,426M4480,必修,,"三 2,3,4",護305室,3 類,,2,,https://course.ntu.edu.tw/courses/114-1/14310
臨床研究護理實習(II),張榮珍,56521,NURSE7048,426M4500,必修,,,,3 類,,3,,https://course.ntu.edu.tw/courses/114-1/56521
進階臨床護理學(I),賴裕和,39530,NURSE7050,426M4520,必修,,"三 6,7",護智能教室,3 類,,2,,https://course.ntu.edu.tw/courses/114-1/39530
進階臨床護理實習(I),賴裕和,40074,NURSE7052,426M4540,必修,,,,3 類,,3,,https://course.ntu.edu.tw/courses/114-1/40074
進階社區護理學(I),陳竑卉,37914,NURSE7054,426M4560,必修,,"一 3,4",護301室,3 類,,2,,https://course.ntu.edu.tw/courses/114-1/37914
進階社區護理實習(I),陳竑卉,59832,NURSE7056,426M4580,必修,,,,3 類,,3,,https://course.ntu.edu.tw/courses/114-1/59832
病理生理學,余忠仁,38489,NURSE7059,426M4610,必修,,"一 9,10",基醫505,3 類,,2,,https://course.ntu.edu.tw/courses/114-1/38489
研究倫理與法律,張榮珍,28106,NURSE7068,426M4700,必修,,"六 8,9",,3 類,,2,,https://course.ntu.edu.tw/courses/114-1/28106
進階婦女健康暨母嬰護理學 (I),張皓媛,48534,NURSE7069,426M4710,必修,,"三 8,9",護304室,3 類,,2,,https://course.ntu.edu.tw/courses/114-1/48534
進階婦女健康暨母嬰護理學實習(I),張皓媛,28346,NURSE7071,426M4730,必修,,,,3 類,,3,,https://course.ntu.edu.tw/courses/114-1/28346
病理生理學：國際合作線上學習(COIL),唐嘉君,27438,NURSE7086,426M8800,必修,,"一 9,10",護階梯教室,3 類,,2,,https://course.ntu.edu.tw/courses/114-1/27438
護理專業領導與管理,張榮珍,39019,NURSE7087,426M4880,必修,,"五 3,4",護智能教室,3 類,,2,,https://course.ntu.edu.tw/courses/114-1/39019
碩士論文,,36711,NURSE7999,426M0010,必修,,,,1 類,,0,,https://course.ntu.edu.tw/courses/114-1/36711
專題研究,高碧霞,49250,NURSE8009,426D0130,選修,,,,3 類,,3,,https://course.ntu.edu.tw/courses/114-1/49250
專題研究,賴裕和,42691,NURSE8009,426D0130,選修,,,,3 類,,3,,https://course.ntu.edu.tw/courses/114-1/42691
專題研究,胡文郁,44950,NURSE8009,426D0130,選修,,,,3 類,,3,,https://course.ntu.edu.tw/courses/114-1/44950
專題研究,蕭妃秀,37570,NURSE8009,426D0130,選修,,,,3 類,,3,,https://course.ntu.edu.tw/courses/114-1/37570
專題研究,陳佳慧,13904,NURSE8009,426D0130,選修,,,,3 類,,3,,https://course.ntu.edu.tw/courses/114-1/13904
專題研究,羅美芳,48402,NURSE8009,426D0130,選修,,,,3 類,,3,,https://course.ntu.edu.tw/courses/114-1/48402
專題研究,蔡劭瑜,40511,NURSE8009,426D0130,選修,,,,3 類,,3,,https://course.ntu.edu.tw/courses/114-1/40511
專題研究,吳佳儀,18643,NURSE8009,426D0130,選修,,,,3 類,,3,,https://course.ntu.edu.tw/courses/114-1/18643
專題研究,吳維紋,55472,NURSE8009,426D0130,選修,,,,3 類,,3,,https://course.ntu.edu.tw/courses/114-1/55472
專題研究,張榮珍,95091,NURSE8009,426D0130,選修,,,,3 類,,3,,https://course.ntu.edu.tw/courses/114-1/95091
專題研究,張皓媛,15063,NURSE8009,426D0130,選修,,,,3 類,,3,,https://course.ntu.edu.tw/courses/114-1/15063
專題研究,唐嘉君,35954,NURSE8009,426D0130,必修,,,,3 類,,3,,https://course.ntu.edu.tw/courses/114-1/35954
專題研究,邱飄逸,95092,NURSE8009,426D0130,選修,,,,3 類,,3,,https://course.ntu.edu.tw/courses/114-1/95092
專題研究,陳竑卉,95048,NURSE8009,426D0130,選修,,,,3 類,,3,,https://course.ntu.edu.tw/courses/114-1/95048
理論建構與護理實務,蕭妃秀,54571,NURSE8027,426D4410,必修,,"一 8,9",護討論室1,3 類,,2,,https://course.ntu.edu.tw/courses/114-1/54571
量性研究方法論,賴裕和,39096,NURSE8028,426D4420,必修,,"一 6,7",護討論室1,3 類,,2,,https://course.ntu.edu.tw/courses/114-1/39096
健康與疾病之調適,羅美芳,20297,NURSE8029,426D4430,必修,,"三 6,7",護討論室1,3 類,,2,,https://course.ntu.edu.tw/courses/114-1/20297
博士論文,,48993,NURSE8999,426D0010,必修,,,,1 類,,0,,https://course.ntu.edu.tw/courses/114-1/48993
海洋地質概論,何亞倫,13288,Ocean5001,241U0010,必修 / 選修,,二 4,海研大講堂,1 類,,1,,https://course.ntu.edu.tw/courses/114-1/13288
海洋科學概論,魏志潾,27281,Ocean5008,241U0750,,,"五 3,4",海研大講堂,3 類,,2,,https://course.ntu.edu.tw/courses/114-1/27281
海洋科學概論,魏志潾,48045,Ocean5008,241U0750,,,"五 6,7",海研大講堂,3 類,,2,,https://course.ntu.edu.tw/courses/114-1/48045
應用地球物理學,許鶴瀚,33611,Ocean5016,241U1140,選修,,"三 6,7",海研232,1 類,,2,,https://course.ntu.edu.tw/courses/114-1/33611
物理海洋概論,張明輝,42627,Ocean5037,241U1760,必修 / 選修,,一 6,海研大講堂,1 類,,1,,https://course.ntu.edu.tw/courses/114-1/42627
生物地球化學導論,王珮玲,22740,Ocean5045,241U1850,選修,,"三 6,7",海研115,1 類,,2,,https://course.ntu.edu.tw/courses/114-1/22740
海洋溶解有機物導論,卜詩安,59921,Ocean5047,241U1870,選修,,"五 3,4",海研115,1 類,,2,,https://course.ntu.edu.tw/courses/114-1/59921
海洋地質地化儀器分析實務,王珮玲,32421,Ocean5075,241U3050,選修,,三 8,海研115,2 類,,2,,https://course.ntu.edu.tw/courses/114-1/32421
族群生態與漁業資源永續,張以杰,39241,Ocean5105,241U6020,選修,,"一 6,7,8",海研231,1 類,,3,,https://course.ntu.edu.tw/courses/114-1/39241
漁業資源評估專題研究(二),張以杰,27465,Ocean5111,241U6080,選修,,"五 3,4",115研討室,3 類,,1,,https://course.ntu.edu.tw/courses/114-1/27465
上層海洋邊界層物理,許哲源,42020,Ocean5124,241U6210,選修,,"四 3,4",海研231,1 類,,2,,https://course.ntu.edu.tw/courses/114-1/42020
化學海洋概論,謝玉德,14528,Ocean5128,241U6250,必修 / 選修,,二 3,海研大講堂,1 類,,1,,https://course.ntu.edu.tw/courses/114-1/14528
生物海洋概論,鍾明宗,36477,Ocean5129,241U6260,必修 / 選修,,一 3,海研大講堂,1 類,,1,,https://course.ntu.edu.tw/courses/114-1/36477
沈積地層學概論,張日新,18273,Ocean5130,241U6270,選修,,"二 6,7",海研110教室,1 類,,2,,https://course.ntu.edu.tw/courses/114-1/18273
海洋監測與技術,張明輝,26850,Ocean5134,241U6320,必修 / 選修,,四 8,海研231,3 類,,2,,https://course.ntu.edu.tw/courses/114-1/26850
地質歷史與環境變遷,黃致展,15891,Ocean5137,241U6340,選修,,"五 3,4",海研110教室,3 類,,2,,https://course.ntu.edu.tw/courses/114-1/15891
海洋生態永續專題,謝志豪,12030,Ocean5139,241U6360,選修,,四 4,海研110教室,3 類,,1,,https://course.ntu.edu.tw/courses/114-1/12030
海洋實驗、現象分析與數值模擬,詹  森,11723,Ocean5140,241U6370,選修,,"四 2,3,4",海研115,1 類,,3,,https://course.ntu.edu.tw/courses/114-1/11723
海洋資源學,許鶴瀚,50198,Ocean5141,241U6380,選修,,"三 3,4",海研232,1 類,,2,,https://course.ntu.edu.tw/courses/114-1/50198
分子親緣關係學,陳韋仁,27449,Ocean5143,241U6400,選修,,"五 6,7,8",海研231,3 類,,2,,https://course.ntu.edu.tw/courses/114-1/27449
實測資料分析,張明輝,22328,Ocean5144,241U6410,選修,,"二 8,9",115研討室,1 類,,2,,https://course.ntu.edu.tw/courses/114-1/22328
深海生態學,魏志潾,17311,Ocean5154,241U6510,選修,,"一 6,7,8",海研232,1 類,,3,,https://course.ntu.edu.tw/courses/114-1/17311
利用深海底泥了解氣候變遷,賀詩琳,50802,Ocean5156,241U6530,選修,,"二 3,4",海研115,1 類,,2,,https://course.ntu.edu.tw/courses/114-1/50802
微生物海洋學,葉怡君,58348,Ocean5158,241U6550,選修,,"一 6,7,8",海研110教室,3 類,,3,,https://course.ntu.edu.tw/courses/114-1/58348
海洋元素循環與環境變遷,簡嘉德,16354,Ocean5159,241U6560,選修,,"四 3,4",115研討室,1 類,,2,,https://course.ntu.edu.tw/courses/114-1/16354
海洋生理生態,鍾明宗,13954,Ocean5164,241U6610,選修,,"一 8,9",海研115,1 類,,2,,https://course.ntu.edu.tw/courses/114-1/13954
理論物理海洋下,詹  森,54669,Ocean7013,241M1142,選修,,"三 3,4",115研討室,1 類,,2,,https://course.ntu.edu.tw/courses/114-1/54669
海洋化學實習,溫良碩,39706,Ocean7043,241M2310,必修,,四 6,海研110教室,1 類,,2,,https://course.ntu.edu.tw/courses/114-1/39706
化學海洋學,曾鈞懋,55421,Ocean7049,241M2380,選修,,"五 2,3,4",海研231,1 類,,3,,https://course.ntu.edu.tw/courses/114-1/55421
物理海上實習,許哲源,11893,Ocean7089,241M2940,必修,,,,1 類,,1,,https://course.ntu.edu.tw/courses/114-1/11893
生物海上實習,何珮綺,46843,Ocean7090,241M2950,必修,,,,1 類,,1,,https://course.ntu.edu.tw/courses/114-1/46843
地質海上實習,黃致展,32328,Ocean7091,241M2960,必修,,,,1 類,,1,,https://course.ntu.edu.tw/courses/114-1/32328
地質海上實習,許鶴瀚,58421,Ocean7091,241M2960,必修,,,,1 類,,1,,https://course.ntu.edu.tw/courses/114-1/58421
環境放射化學一,蘇志杰,13446,Ocean7121,241M3310,選修,,"三 6,7",海研300,1 類,,2,,https://course.ntu.edu.tw/courses/114-1/13446
海洋穩定性同位素學及實驗,蕭仁傑,36841,Ocean7151,241M3620,選修,,"四 7,8",海研110教室,1 類,,3,,https://course.ntu.edu.tw/courses/114-1/36841
觀測地震學,柯彥廷,19623,Ocean7161,241M3710,選修,,"三 2,3,4",海研231,1 類,,3,,https://course.ntu.edu.tw/courses/114-1/19623
海洋科學英文寫作,林卉婷,29572,Ocean7168,241M3770,選修,,"一 3,4 / 三 3,4",海研300,2 類,,3,,https://course.ntu.edu.tw/courses/114-1/29572
地球系統模式,曾于恒,32455,Ocean7181,241M3880,選修,,"三 6,7,8",海研231,1 類,,3,,https://course.ntu.edu.tw/courses/114-1/32455
海洋物理組專題討論,曾于恒,17800,Ocean7197,241M4040,必修,,"四 7,8",海研232,1 類,,1,,https://course.ntu.edu.tw/courses/114-1/17800
海洋生物及漁業組專題討論,鍾明宗,15950,Ocean7198,241M4050,必修,,"三 3,4",海研大講堂,1 類,,1,,https://course.ntu.edu.tw/courses/114-1/15950
海洋生物及漁業組專題討論,蕭仁傑,26381,Ocean7198,241M4050,必修,,"三 6,7",海研大講堂,1 類,,1,,https://course.ntu.edu.tw/courses/114-1/26381
海洋地質及地物組專題討論,何亞倫,59306,Ocean7199,241M4060,必修,,"四 5,6",海研大講堂,1 類,,1,,https://course.ntu.edu.tw/courses/114-1/59306
海洋地質及地物組專題討論,何亞倫,18225,Ocean7199,241M4060,必修,,"四 3,4",海研大講堂,1 類,,1,,https://course.ntu.edu.tw/courses/114-1/18225
海洋化學組專題討論,曾鈞懋,24719,Ocean7200,241M4070,必修,,"二 6,7",海研232,1 類,,1,,https://course.ntu.edu.tw/courses/114-1/24719
海洋化學組專題討論,曾鈞懋,42395,Ocean7200,241M4070,必修,,"二 8,9",海研232,1 類,,1,,https://course.ntu.edu.tw/courses/114-1/42395
生物元素比生態學,何珮綺,58132,Ocean7206,241M4130,選修,,"二 6,7",海研115,1 類,,2,,https://course.ntu.edu.tw/courses/114-1/58132
海洋生態地化專題研究(二),鍾明宗,18008,Ocean7208,241M4150,選修,,"一 1,2",海研110教室,1 類,,1,,https://course.ntu.edu.tw/courses/114-1/18008
海域測量概論,陳姿婷,53734,Ocean7212,241M4190,選修,,"五 6,7",海研232,1 類,,2,,https://course.ntu.edu.tw/courses/114-1/53734
珊瑚礁生態學,單偉彌,10876,Ocean7216,241M4230,選修,,"二 6,7,8",海研231,3 類,,3,,https://course.ntu.edu.tw/courses/114-1/10876
古海洋學專題研究,賀詩琳,33634,Ocean7217,241M4240,選修,,"二 8,9",海研115,1 類,,2,,https://course.ntu.edu.tw/courses/114-1/33634
地球物理流體力學專題一,陳世楠,55356,Ocean7218,241M4250,選修,,"三 6,7",大氣A104,1 類,,2,,https://course.ntu.edu.tw/courses/114-1/55356
碩士論文,,21164,Ocean7999,241M0010,必修,,,,1 類,,0,,https://course.ntu.edu.tw/courses/114-1/21164
專題討論,詹  森,51205,Ocean8009,241D0470,必修,,"四 9,10",海研大講堂,1 類,,1,,https://course.ntu.edu.tw/courses/114-1/51205
專題討論,魏志潾,24387,Ocean8009,241D0470,必修,,"三 8,9",海研大講堂,1 類,,1,,https://course.ntu.edu.tw/courses/114-1/24387
專題討論,何亞倫,41957,Ocean8009,241D0470,必修,,"四 1,2",海研大講堂,1 類,,1,,https://course.ntu.edu.tw/courses/114-1/41957
專題討論,曾鈞懋,28294,Ocean8009,241D0470,必修,,"二 10,A",海研232,1 類,,1,,https://course.ntu.edu.tw/courses/114-1/28294
博士論文,,55360,Ocean8999,241D0010,必修,,,,1 類,,0,,https://course.ntu.edu.tw/courses/114-1/55360
半導體光學,吳育任,49648,OE5004,941U0090,選修,,"四 2,3,4",明達225,1 類,,3,,https://course.ntu.edu.tw/courses/114-1/49648
光學,王  倫,22958,OE5005,941U0100,選修,,"三 7,8,9",電二101,1 類,,3,,https://course.ntu.edu.tw/courses/114-1/22958
光電子學,黃升龍,42299,OE5006,941U0110,選修,,"四 6,7,8",電二144,1 類,,3,,https://course.ntu.edu.tw/courses/114-1/42299
雷射及非線性晶體應用,彭隆瀚,21170,OE5009,941U0160,選修,,"三 7,8,9",電二102,1 類,,3,,https://course.ntu.edu.tw/courses/114-1/21170
液晶導論,蔡永傑,25951,OE5011,941U0180,選修,,"四 8,9,10",明達225,2 類,,3,,https://course.ntu.edu.tw/courses/114-1/25951
量子物理與應用,林清富,56049,OE5021,941U0300,選修,,"四 2,3,4",電二144,2 類,,3,,https://course.ntu.edu.tw/courses/114-1/56049
顯示技術導論,李君浩,57994,OE5025,941U0340,選修,,"三 7,8,9",明達303,1 類,,3,,https://course.ntu.edu.tw/courses/114-1/57994
奈米光機電系統,蔡睿哲,18791,OE5027,941U0360,選修,,"四 2,3,4",電二104,1 類,,3,,https://course.ntu.edu.tw/courses/114-1/18791
發光半導體物理,林建中,26784,OE5028,941U0370,選修,,"五 2,3,4",電二106,1 類,,3,,https://course.ntu.edu.tw/courses/114-1/26784
矽光子學,黃定洧,53512,OE5037,941U0460,選修,,"四 2,3,4",博理113,2 類,,3,,https://course.ntu.edu.tw/courses/114-1/53512
固態照明,黃建璋,25347,OE5040,941U0490,選修,,"二 7,8,9",博理113,1 類,,3,,https://course.ntu.edu.tw/courses/114-1/25347
光電半導體物理,藍嘉雅,39453,OE5042,941U0510,選修,,"二 2,3,4",博理103,3 類,,3,,https://course.ntu.edu.tw/courses/114-1/39453
光學傳播散射模擬,曾雪峰,31744,OE5047,941U0570,選修,,"二 2,3,4",博理216,1 類,,3,,https://course.ntu.edu.tw/courses/114-1/31744
太陽能電池物理和應用,黃奕騰,40255,OE5061,941U0610,選修,,"一 2,3,4",博理103,2 類,,3,,https://course.ntu.edu.tw/courses/114-1/40255
專題研究,黃奕騰,24077,OE7001,941M0040,必修,,,,1 類,,1,,https://course.ntu.edu.tw/courses/114-1/24077
專題研究,李翔傑,26509,OE7001,941M0040,必修,,,,1 類,,1,,https://course.ntu.edu.tw/courses/114-1/26509
專題研究,蔡永傑,38259,OE7001,941M0040,必修,,,,1 類,,1,,https://course.ntu.edu.tw/courses/114-1/38259
專題研究,吳育任,32756,OE7001,941M0040,必修,,,,1 類,,1,,https://course.ntu.edu.tw/courses/114-1/32756
專題研究,蔡睿哲,39528,OE7001,941M0040,必修,,,,1 類,,1,,https://course.ntu.edu.tw/courses/114-1/39528
專題研究,陳奕君,20346,OE7001,941M0040,必修,,,,1 類,,1,,https://course.ntu.edu.tw/courses/114-1/20346
專題研究,黃建璋,17683,OE7001,941M0040,必修,,,,1 類,,1,,https://course.ntu.edu.tw/courses/114-1/17683
專題研究,李君浩,36656,OE7001,941M0040,必修,,,,1 類,,1,,https://course.ntu.edu.tw/courses/114-1/36656
專題研究,蘇國棟,41017,OE7001,941M0040,必修,,,,1 類,,1,,https://course.ntu.edu.tw/courses/114-1/41017
專題研究,曾雪峰,30995,OE7001,941M0040,必修,,,,1 類,,1,,https://course.ntu.edu.tw/courses/114-1/30995
專題研究,黃定洧,14785,OE7001,941M0040,必修,,,,1 類,,1,,https://course.ntu.edu.tw/courses/114-1/14785
專題研究,邱奕鵬,35659,OE7001,941M0040,必修,,,,1 類,,1,,https://course.ntu.edu.tw/courses/114-1/35659
專題研究,吳志毅,46239,OE7001,941M0040,必修,,,,1 類,,1,,https://course.ntu.edu.tw/courses/114-1/46239
專題研究,林恭如,29147,OE7001,941M0040,必修,,,,1 類,,1,,https://course.ntu.edu.tw/courses/114-1/29147
專題研究,林晃巖,16348,OE7001,941M0040,必修,,,,1 類,,1,,https://course.ntu.edu.tw/courses/114-1/16348
專題研究,孫啟光,22443,OE7001,941M0040,必修,,,,1 類,,1,,https://course.ntu.edu.tw/courses/114-1/22443
專題研究,黃升龍,18375,OE7001,941M0040,必修,,,,1 類,,1,,https://course.ntu.edu.tw/courses/114-1/18375
專題研究,彭隆瀚,38963,OE7001,941M0040,必修,,,,1 類,,1,,https://course.ntu.edu.tw/courses/114-1/38963
專題研究,林清富,26594,OE7001,941M0040,必修,,,,1 類,,1,,https://course.ntu.edu.tw/courses/114-1/26594
專題研究,林建中,39000,OE7001,941M0040,必修,,,,1 類,,1,,https://course.ntu.edu.tw/courses/114-1/39000
專題研究,吳肇欣,32141,OE7001,941M0040,必修,,,,1 類,,1,,https://course.ntu.edu.tw/courses/114-1/32141
專題研究,鄭宇翔,32220,OE7001,941M0040,必修,,,,1 類,,1,,https://course.ntu.edu.tw/courses/114-1/32220
專題研究,藍嘉雅,26565,OE7001,941M0040,必修,,,,1 類,,1,,https://course.ntu.edu.tw/courses/114-1/26565
專題研究,蕭惠心,10682,OE7001,941M0040,必修,,,,1 類,,1,,https://course.ntu.edu.tw/courses/114-1/10682
專題研究,秦逸群,23026,OE7001,941M0040,必修,,,,1 類,,1,,https://course.ntu.edu.tw/courses/114-1/23026
專題演講,李翔傑,53287,OE7003,941M0020,必修,,"五 7,8",,2 類,,1,,https://course.ntu.edu.tw/courses/114-1/53287
碩士論文,,58154,OE7999,941M0010,必修,,,,1 類,,0,,https://course.ntu.edu.tw/courses/114-1/58154
專題研究,李翔傑,44558,OE8001,941D0040,必修,,,,1 類,,1,,https://course.ntu.edu.tw/courses/114-1/44558
專題研究,吳育任,33923,OE8001,941D0040,必修,,,,1 類,,1,,https://course.ntu.edu.tw/courses/114-1/33923
專題研究,蔡睿哲,16488,OE8001,941D0040,必修,,,,1 類,,1,,https://course.ntu.edu.tw/courses/114-1/16488
專題研究,陳奕君,31604,OE8001,941D0040,必修,,,,1 類,,1,,https://course.ntu.edu.tw/courses/114-1/31604
專題研究,黃建璋,52567,OE8001,941D0040,必修,,,,1 類,,1,,https://course.ntu.edu.tw/courses/114-1/52567
專題研究,蘇國棟,14204,OE8001,941D0040,必修,,,,1 類,,1,,https://course.ntu.edu.tw/courses/114-1/14204
專題研究,黃定洧,37629,OE8001,941D0040,必修,,,,1 類,,1,,https://course.ntu.edu.tw/courses/114-1/37629
專題研究,吳志毅,29201,OE8001,941D0040,必修,,,,1 類,,1,,https://course.ntu.edu.tw/courses/114-1/29201
專題研究,林晃巖,24015,OE8001,941D0040,必修,,,,1 類,,1,,https://course.ntu.edu.tw/courses/114-1/24015
專題研究,孫啟光,22010,OE8001,941D0040,必修,,,,1 類,,1,,https://course.ntu.edu.tw/courses/114-1/22010
專題研究,彭隆瀚,23941,OE8001,941D0040,必修,,,,1 類,,1,,https://course.ntu.edu.tw/courses/114-1/23941
專題研究,林清富,18993,OE8001,941D0040,必修,,,,1 類,,1,,https://course.ntu.edu.tw/courses/114-1/18993
專題研究,王  倫,39754,OE8001,941D0040,必修,,,,1 類,,1,,https://course.ntu.edu.tw/courses/114-1/39754
專題研究,劉致為,12797,OE8001,941D0040,必修,,,,1 類,,1,,https://course.ntu.edu.tw/courses/114-1/12797
專題研究,吳忠幟,29432,OE8001,941D0040,必修,,,,1 類,,1,,https://course.ntu.edu.tw/courses/114-1/29432
專題研究,林建中,54036,OE8001,941D0040,必修,,,,1 類,,1,,https://course.ntu.edu.tw/courses/114-1/54036
專題研究,吳肇欣,41426,OE8001,941D0040,必修,,,,1 類,,1,,https://course.ntu.edu.tw/courses/114-1/41426
專題討論,黃奕騰,45912,OE8002,941D0050,必修,,,,1 類,,0,,https://course.ntu.edu.tw/courses/114-1/45912
專題討論,李翔傑,37464,OE8002,941D0050,必修,,,,1 類,,0,,https://course.ntu.edu.tw/courses/114-1/37464
專題討論,蔡永傑,49593,OE8002,941D0050,必修,,,,1 類,,0,,https://course.ntu.edu.tw/courses/114-1/49593
專題討論,蔡睿哲,20248,OE8002,941D0050,必修,,,,1 類,,0,,https://course.ntu.edu.tw/courses/114-1/20248
專題討論,陳奕君,33461,OE8002,941D0050,必修,,,,1 類,,0,,https://course.ntu.edu.tw/courses/114-1/33461
專題討論,黃建璋,31213,OE8002,941D0050,必修,,,,1 類,,0,,https://course.ntu.edu.tw/courses/114-1/31213
專題討論,李君浩,33808,OE8002,941D0050,必修,,,,1 類,,0,,https://course.ntu.edu.tw/courses/114-1/33808
專題討論,蘇國棟,10351,OE8002,941D0050,必修,,,,1 類,,0,,https://course.ntu.edu.tw/courses/114-1/10351
專題討論,曾雪峰,57296,OE8002,941D0050,必修,,,,1 類,,0,,https://course.ntu.edu.tw/courses/114-1/57296
專題討論,黃定洧,42202,OE8002,941D0050,必修,,,,1 類,,0,,https://course.ntu.edu.tw/courses/114-1/42202
專題討論,邱奕鵬,51101,OE8002,941D0050,必修,,,,1 類,,0,,https://course.ntu.edu.tw/courses/114-1/51101
專題討論,吳志毅,29712,OE8002,941D0050,必修,,,,1 類,,0,,https://course.ntu.edu.tw/courses/114-1/29712
專題討論,林恭如,30916,OE8002,941D0050,必修,,,,1 類,,0,,https://course.ntu.edu.tw/courses/114-1/30916
專題討論,林晃巖,25129,OE8002,941D0050,必修,,,,1 類,,0,,https://course.ntu.edu.tw/courses/114-1/25129
專題討論,孫啟光,58218,OE8002,941D0050,必修,,,,1 類,,0,,https://course.ntu.edu.tw/courses/114-1/58218
專題討論,黃升龍,15955,OE8002,941D0050,必修,,,,1 類,,0,,https://course.ntu.edu.tw/courses/114-1/15955
專題討論,彭隆瀚,14643,OE8002,941D0050,必修,,,,1 類,,0,,https://course.ntu.edu.tw/courses/114-1/14643
專題討論,林清富,12565,OE8002,941D0050,必修,,,,1 類,,0,,https://course.ntu.edu.tw/courses/114-1/12565
專題討論,王  倫,27116,OE8002,941D0050,必修,,,,1 類,,0,,https://course.ntu.edu.tw/courses/114-1/27116
專題討論,劉致為,27463,OE8002,941D0050,必修,,,,1 類,,0,,https://course.ntu.edu.tw/courses/114-1/27463
專題討論,吳忠幟,18829,OE8002,941D0050,必修,,,,1 類,,0,,https://course.ntu.edu.tw/courses/114-1/18829
專題討論,林建中,37840,OE8002,941D0050,必修,,,,1 類,,0,,https://course.ntu.edu.tw/courses/114-1/37840
專題討論,吳肇欣,25181,OE8002,941D0050,必修,,,,1 類,,0,,https://course.ntu.edu.tw/courses/114-1/25181
專題討論,鄭宇翔,43397,OE8002,941D0050,必修,,,,1 類,,0,,https://course.ntu.edu.tw/courses/114-1/43397
專題討論,藍嘉雅,41970,OE8002,941D0050,必修,,,,1 類,,0,,https://course.ntu.edu.tw/courses/114-1/41970
專題討論,蕭惠心,50201,OE8002,941D0050,必修,,,,1 類,,0,,https://course.ntu.edu.tw/courses/114-1/50201
專題討論,秦逸群,17665,OE8002,941D0050,必修,,,,1 類,,0,,https://course.ntu.edu.tw/courses/114-1/17665
博士論文,,31329,OE8999,941D0010,必修,,,,1 類,,0,,https://course.ntu.edu.tw/courses/114-1/31329
腫瘤新知專題討論Ⅲ,葉坤輝,11529,Onco8002,453D0030,必修,,五 8,,3 類,,1,,https://course.ntu.edu.tw/courses/114-1/11529
臨床腫瘤學,葉坤輝,22367,Onco8005,453D0060,選修,,"一 10,A",,1 類,,1,,https://course.ntu.edu.tw/courses/114-1/22367
放射腫瘤學,成佳憲,13706,Onco8006,453D0070,選修,,"三 10,A",,1 類,,1,,https://course.ntu.edu.tw/courses/114-1/13706
口腔生物科學專題討論,郭瑋庭,30656,OraBio7020,450M0200,必修,,一 9,,1 類,,1,,https://course.ntu.edu.tw/courses/114-1/30656
口腔生物學特論,郭瑋庭,35195,OraBio7022,450M0220,必修,,一 10,,1 類,,1,,https://course.ntu.edu.tw/courses/114-1/35195
書報討論,郭瑋庭,14390,OraBio7031,450M0310,必修,,"一 A,B",,1 類,,2,,https://course.ntu.edu.tw/courses/114-1/14390
口腔結構與功能,陳信銘,59474,OraBio7100,450M1000,必修,,"一 6,7",,1 類,,2,,https://course.ntu.edu.tw/courses/114-1/59474
生物醫學期刊導讀,劉瑋文,22137,OraBio7213,450M2130,選修,,"四 6,7",,1 類,,2,,https://course.ntu.edu.tw/courses/114-1/22137
口腔分子奈米科技,周涵怡,42094,OraBio7240,450M2400,選修,,"二 6,7,8",,1 類,,3,,https://course.ntu.edu.tw/courses/114-1/42094
口腔細胞生物學,周涵怡,13315,OraBio7400,450M4000,選修,,"四 3,4",,1 類,,2,,https://course.ntu.edu.tw/courses/114-1/13315
超音波生物醫學應用,劉瑋文,14161,OraBio7413,450M4130,選修,,"五 7,8,9",,1 類,,3,,https://course.ntu.edu.tw/courses/114-1/14161
奈米藥物黏膜遞送,郭瑋庭,52430,OraBio7416,450M4160,選修,,"三 6,7",,1 類,,2,,https://course.ntu.edu.tw/courses/114-1/52430
口腔微生物體學特論,侯欣翰,55375,OraBio7510,450M5100,選修,,"一 1,2",,1 類,,2,,https://course.ntu.edu.tw/courses/114-1/55375
口腔感染及系統疾病特論,侯欣翰,11466,OraBio7511,450M5110,選修,,"一 3,4",,1 類,,2,,https://course.ntu.edu.tw/courses/114-1/11466
結構生物學概論,樓國隆,42695,OraBio7600,450M6000,選修,,"二 9,10",,1 類,,2,,https://course.ntu.edu.tw/courses/114-1/42695
膜蛋白結構功能研究,樓國隆,11589,OraBio7640,450M6400,選修,,"四 9,10",,1 類,,2,,https://course.ntu.edu.tw/courses/114-1/11589
口腔生醫材料學,李伯訓,29022,OraBio7720,450M7200,選修,,"二 6,7",,1 類,,2,,https://course.ntu.edu.tw/courses/114-1/29022
黏膜屏障導論,郭瑋庭,26061,OraBio7730,450M7300,選修,,"三 3,4",,1 類,,2,,https://course.ntu.edu.tw/courses/114-1/26061
碩士論文,,52695,OraBio7999,450M0010,必修,,,,1 類,,0,,https://course.ntu.edu.tw/courses/114-1/52695
高等口腔細胞生物學,周涵怡,23596,OraBio8020,450D0200,選修,,"三 1,2",,1 類,,2,,https://course.ntu.edu.tw/courses/114-1/23596
高級口腔生物學專題討論,郭瑋庭,55556,OraBio8060,450D0600,必修,,"一 C,D",,1 類,,2,,https://course.ntu.edu.tw/courses/114-1/55556
腫瘤新知專題討論,鄭世榮,22767,OraBio8220,450D2200,選修,,"四 10,A",,1 類,,2,,https://course.ntu.edu.tw/courses/114-1/22767
奈米醫學與口腔疾病,周涵怡,17150,OraBio8240,450D2400,選修,,"四 1,2",,1 類,,2,,https://course.ntu.edu.tw/courses/114-1/17150
博士論文,,27683,OraBio8999,450D0010,必修,,,,1 類,,0,,https://course.ntu.edu.tw/courses/114-1/27683
服務學習乙,王湉妮,34861,OT0007,409001H0,必帶,,,,1 類,,1,,https://course.ntu.edu.tw/courses/114-1/34861
服務學習甲,黃千瑀,47145,OT0008,409001G0,必帶,,五 5,,1 類,,1,,https://course.ntu.edu.tw/courses/114-1/47145
職能治療導論,毛慧芬,32091,OT1004,40910100,必帶 / 選修,,五 6,公職治431,2 類,,1,,https://course.ntu.edu.tw/courses/114-1/32091
活動分析與調適,黃小玲,18396,OT1007,40910140,必帶,,三 6,公職治430,2 類,,1,,https://course.ntu.edu.tw/courses/114-1/18396
活動分析與調適實習,黃小玲,28408,OT1008,40910410,必帶,,"三 7,8",公職治430,2 類,,1,,https://course.ntu.edu.tw/courses/114-1/28408
人際關係導論:理論與實務,潘璦琬,14379,OT2012,40928400,選修,,"二 6,7",,1 類,,2,,https://course.ntu.edu.tw/courses/114-1/14379
職能治療科學文獻導讀,謝清麟,43943,OT3022,40938300,必修,,"四 3,4",公職治431,1 類,,2,,https://course.ntu.edu.tw/courses/114-1/43943
職能治療理論架構與實務應用一,黃千瑀,41792,OT3031,40930900,必帶,,四 6,公職治431,2 類,,1,,https://course.ntu.edu.tw/courses/114-1/41792
職能治療理論架構與實務應用實習一,黃千瑀,30490,OT3032,40930910,必帶,,"四 7,8",公職治431,2 類,,1,,https://course.ntu.edu.tw/courses/114-1/30490
兒童職能治療,王湉妮,20232,OT3041,40930230,必帶,,"二 6,7",公職治430,1 類,,2,,https://course.ntu.edu.tw/courses/114-1/20232
兒童職能治療實習,王湉妮,21155,OT3042,40930330,必帶,,"二 8,9",公職治430,1 類,,1,,https://course.ntu.edu.tw/courses/114-1/21155
日常生活訓練與輔具應用,薛漪平,50803,OT3044,40937020,必帶,,四 6,公職治430,2 類,,1,,https://course.ntu.edu.tw/courses/114-1/50803
生理職能治療,薛漪平,34442,OT3045,40930120,必帶,,"二 3,4",公職治430,2 類,,2,,https://course.ntu.edu.tw/courses/114-1/34442
生理職能治療實習,薛漪平,36487,OT3046,40930130,必帶,,"五 2,3,4",公職治430,2 類,,1,,https://course.ntu.edu.tw/courses/114-1/36487
日常生活訓練與輔具應用實習,薛漪平,55972,OT3048,40937120,必帶,,"四 7,8,9",公職治430,2 類,,1,,https://course.ntu.edu.tw/courses/114-1/55972
職能治療初階臨床實習一,薛漪平,25804,OT3052,40930350,必帶,,"一 7,8,9",,2 類,,1,,https://course.ntu.edu.tw/courses/114-1/25804
職能治療初階臨床實習一,黃小玲,35108,OT3052,40930350,必帶,,"一 2,3,4",,2 類,,1,,https://course.ntu.edu.tw/courses/114-1/35108
職能治療初階臨床實習一,陳顥齡,22936,OT3052,40930350,必帶,,"一 2,3,4",,2 類,,1,,https://course.ntu.edu.tw/courses/114-1/22936
職能治療初階臨床實習一,王湉妮,57743,OT3052,40930350,必帶,,"一 7,8,9",,2 類,,1,,https://course.ntu.edu.tw/courses/114-1/57743
職能治療初階臨床實習一,李士捷,40304,OT3052,40930350,必帶,,"一 7,8,9",,2 類,,1,,https://course.ntu.edu.tw/courses/114-1/40304
職能治療專題討論,林克忠,57332,OT4002,40940200,必帶,,,,1 類,,2,,https://course.ntu.edu.tw/courses/114-1/57332
臨床推理與實證職能治療學,陳顥齡,50241,OT4013,40941100,必修,,,,2 類,,1,,https://course.ntu.edu.tw/courses/114-1/50241
職能治療臨床實習：生理領域一,黃怡靜,49952,OT4021,40942300,必修,,,,1 類,,5,,https://course.ntu.edu.tw/courses/114-1/49952
職能治療臨床實習：生理領域二,黃怡靜,58219,OT4025,40942400,必修,,,,1 類,,5,,https://course.ntu.edu.tw/courses/114-1/58219
學士論文,毛慧芬,27458,OT4033,40940330,選修,,,,2 類,,4,,https://course.ntu.edu.tw/courses/114-1/27458
職能治療臨床實習：心理領域一,李士捷,59109,OT4034,40942500,必修,,,,1 類,,5,,https://course.ntu.edu.tw/courses/114-1/59109
職能治療臨床實習：心理領域二,李士捷,20661,OT4035,40942600,必修,,,,1 類,,5,,https://course.ntu.edu.tw/courses/114-1/20661
職能治療臨床實習：兒童領域一,陳顥齡,40039,OT4036,40942700,必修,,,,1 類,,5,,https://course.ntu.edu.tw/courses/114-1/40039
職能治療臨床實習：兒童領域二,陳顥齡,38905,OT4037,40942800,必修,,,,1 類,,5,,https://course.ntu.edu.tw/courses/114-1/38905
職能治療臨床實習：社區領域一,毛慧芬,58040,OT4038,40942900,必修,,,,1 類,,5,,https://course.ntu.edu.tw/courses/114-1/58040
MATLAB程式設計與應用,陳顥齡,18744,OT5001,429U0110,選修,,"三 2,3,4",公職治422,3 類,,3,,https://course.ntu.edu.tw/courses/114-1/18744
職能治療與視能復健,蔡麗婷,29866,OT5044,429U0510,選修,,"三 1,2",公職治430,2 類,,2,,https://course.ntu.edu.tw/courses/114-1/29866
職能治療研究設計與實務,李士捷,34964,OT5045,429U0520,選修,,"三 3,4",公職治430,1 類,,2,,https://course.ntu.edu.tw/courses/114-1/34964
職能治療專題研究一,黃千瑀,49039,OT5050,429U0610,選修,,,,2 類,,1,,https://course.ntu.edu.tw/courses/114-1/49039
職能治療專題研究一,王湉妮,55754,OT5050,429U0610,選修,,,,2 類,,1,,https://course.ntu.edu.tw/courses/114-1/55754
職能治療專題研究三,謝清麟,51037,OT5052,429U0630,選修,,,,2 類,,1,,https://course.ntu.edu.tw/courses/114-1/51037
職能治療專題研究三,毛慧芬,58603,OT5052,429U0630,選修,,,,2 類,,1,,https://course.ntu.edu.tw/courses/114-1/58603
職能治療專題研究三,陳顥齡,55322,OT5052,429U0630,選修,,,,2 類,,1,,https://course.ntu.edu.tw/courses/114-1/55322
職能治療專題研究三,王湉妮,21042,OT5052,429U0630,選修,,,,2 類,,1,,https://course.ntu.edu.tw/courses/114-1/21042
職能治療專題研究三,黃怡靜,16369,OT5052,429U0630,選修,,,,2 類,,1,,https://course.ntu.edu.tw/courses/114-1/16369
生活型態再設計: 理論與應用,蕭媺妮,35480,OT5063,429U0550,選修,,"四 1,2",,1 類,,1,,https://course.ntu.edu.tw/courses/114-1/35480
進階職能治療理論,王湉妮,51261,OT7007,429M0090,必修,,"一 2,3,4",公職治422,1 類,,3,,https://course.ntu.edu.tw/courses/114-1/51261
獨立研究一,謝清麟,58426,OT7022,429M0310,選修,,,,1 類,,1,,https://course.ntu.edu.tw/courses/114-1/58426
獨立研究一,蔡麗婷,45240,OT7022,429M0310,選修,,,,1 類,,1,,https://course.ntu.edu.tw/courses/114-1/45240
獨立研究一,陳顥齡,10409,OT7022,429M0310,選修,,,,1 類,,1,,https://course.ntu.edu.tw/courses/114-1/10409
獨立研究一,黃千瑀,58062,OT7022,429M0310,選修,,,,1 類,,1,,https://course.ntu.edu.tw/courses/114-1/58062
獨立研究一,王湉妮,49638,OT7022,429M0310,選修,,,,1 類,,1,,https://course.ntu.edu.tw/courses/114-1/49638
獨立研究一,黃怡靜,35835,OT7022,429M0310,選修,,,,1 類,,1,,https://course.ntu.edu.tw/courses/114-1/35835
獨立研究三,林克忠,33371,OT7024,429M0330,選修,,,,1 類,,1,,https://course.ntu.edu.tw/courses/114-1/33371
獨立研究三,毛慧芬,56257,OT7024,429M0330,選修,,,,1 類,,1,,https://course.ntu.edu.tw/courses/114-1/56257
獨立研究三,黃千瑀,23193,OT7024,429M0330,選修,,,,1 類,,1,,https://course.ntu.edu.tw/courses/114-1/23193
獨立研究三,王湉妮,24301,OT7024,429M0330,選修,,,,1 類,,1,,https://course.ntu.edu.tw/courses/114-1/24301
獨立研究五,潘璦琬,19203,OT7026,429M0350,選修,,,,1 類,,2,,https://course.ntu.edu.tw/courses/114-1/19203
獨立研究五,黃千瑀,46172,OT7026,429M0350,選修,,,,1 類,,2,,https://course.ntu.edu.tw/courses/114-1/46172
獨立研究五,李士捷,23346,OT7026,429M0350,選修,,,,1 類,,2,,https://course.ntu.edu.tw/courses/114-1/23346
職能治療文獻彙整與評析,謝清麟,55411,OT7037,429M0550,必修,,"一 6,7",公職治422,1 類,,2,,https://course.ntu.edu.tw/courses/114-1/55411
教學實習一,毛慧芬,31620,OT7038,429M0560,選修,,,,1 類,,0,,https://course.ntu.edu.tw/courses/114-1/31620
羅序測量模式在健康領域的應用,潘璦琬,50493,OT7039,429M0620,選修,,"二 8,9",公職治422,3 類,,2,,https://course.ntu.edu.tw/courses/114-1/50493
教學實習三,毛慧芬,50732,OT7041,429M0590,選修,,,,1 類,,0,,https://course.ntu.edu.tw/courses/114-1/50732
碩士論文,毛慧芬,31563,OT7999,429M0010,必修,,,,1 類,,0,,https://course.ntu.edu.tw/courses/114-1/31563
進階獨立研究一,林克忠,30084,OT8002,429D0210,選修,,,,1 類,,1,,https://course.ntu.edu.tw/courses/114-1/30084
進階獨立研究一,李士捷,28748,OT8002,429D0210,選修,,,,1 類,,1,,https://course.ntu.edu.tw/courses/114-1/28748
進階獨立研究三,謝清麟,27867,OT8004,429D0230,選修,,,,1 類,,1,,https://course.ntu.edu.tw/courses/114-1/27867
進階獨立研究三,潘璦琬,15558,OT8004,429D0230,選修,,,,1 類,,1,,https://course.ntu.edu.tw/courses/114-1/15558
進階獨立研究三,王湉妮,17125,OT8004,429D0230,選修,,,,1 類,,1,,https://course.ntu.edu.tw/courses/114-1/17125
進階獨立研究五,毛慧芬,14598,OT8006,429D0250,選修,,,,1 類,,2,,https://course.ntu.edu.tw/courses/114-1/14598
進階獨立研究五,黃怡靜,48113,OT8006,429D0250,選修,,,,1 類,,2,,https://course.ntu.edu.tw/courses/114-1/48113
進階獨立研究五,李士捷,52825,OT8006,429D0250,選修,,,,1 類,,2,,https://course.ntu.edu.tw/courses/114-1/52825
進階獨立研究七,林克忠,32301,OT8010,429D0270,選修,,,,1 類,,2,,https://course.ntu.edu.tw/courses/114-1/32301
進階獨立研究七,毛慧芬,56757,OT8010,429D0270,選修,,,,1 類,,2,,https://course.ntu.edu.tw/courses/114-1/56757
進階獨立研究七,陳顥齡,48694,OT8010,429D0270,選修,,,,1 類,,2,,https://course.ntu.edu.tw/courses/114-1/48694
進階科學論文評析與寫作,謝清麟,19067,OT8011,429D0110,必修,,,,1 類,,2,,https://course.ntu.edu.tw/courses/114-1/19067
進階科學論文評析與寫作,潘璦琬,36146,OT8011,429D0110,必修,,,,1 類,,2,,https://course.ntu.edu.tw/courses/114-1/36146
進階科學論文評析與寫作,王湉妮,58582,OT8011,429D0110,必修,,,,1 類,,2,,https://course.ntu.edu.tw/courses/114-1/58582
教學原理與實務,謝清麟,15074,OT8012,429D0120,選修,,,,1 類,,1,,https://course.ntu.edu.tw/courses/114-1/15074
教學原理與實務,潘璦琬,36911,OT8012,429D0120,選修,,,,1 類,,1,,https://course.ntu.edu.tw/courses/114-1/36911
博士論文,毛慧芬,19874,OT8999,429D0010,必修,,,,1 類,,0,,https://course.ntu.edu.tw/courses/114-1/19874
專題討論,黃佩欣,33596,Pathol7001,444M0030,必修,,一 3,,1 類,,1,,https://course.ntu.edu.tw/courses/114-1/33596
分子病理學專題討論,黃佩欣,44962,Pathol7006,444M1300,必修,,一 4,病理03-80,1 類,,1,,https://course.ntu.edu.tw/courses/114-1/44962
組織學,黃佩欣,16684,Pathol7007,444M1500,選修,,,,1 類,,1,,https://course.ntu.edu.tw/courses/114-1/16684
普通病理學及實習,黃佩欣,19711,Pathol7008,444M0080,必修,,"一 1,2 / 二 1,2 / 三 6,7 / 四 1,2 / 五 1,2",,1 類,,6,,https://course.ntu.edu.tw/courses/114-1/19711
病理檢驗學,黃佩欣,16949,Pathol7009,444M0090,必修,,"五 3,4",,1 類,,2,,https://course.ntu.edu.tw/courses/114-1/16949
碩士論文,黃佩欣,12508,Pathol7999,444M0010,必修,,,,1 類,,0,,https://course.ntu.edu.tw/courses/114-1/12508
專題討論,黃佩欣,42950,Pathol8001,444D0030,必修,,一 3,病理03-80,1 類,,1,,https://course.ntu.edu.tw/courses/114-1/42950
博士論文,黃佩欣,16889,Pathol8999,444D0010,必修,,,,1 類,,0,,https://course.ntu.edu.tw/courses/114-1/16889
健康體適能,曾郁嫻,97001,PE1003,00250010,必帶,,"一 3,4",中央籃球場,2 類,,1,,https://course.ntu.edu.tw/courses/114-1/97001
健康體適能,蔡秀華,97002,PE1003,00250010,必帶,,"四 1,2",中央籃球場,2 類,,1,,https://course.ntu.edu.tw/courses/114-1/97002
健康體適能,蔡秀華,97003,PE1003,00250010,必帶,,"四 3,4",中央籃球場,2 類,,1,,https://course.ntu.edu.tw/courses/114-1/97003
健康體適能,楊裕隆,97004,PE1003,00250010,必帶,,"二 8,9",中央籃球場,2 類,,1,,https://course.ntu.edu.tw/courses/114-1/97004
健康體適能,李文心,97007,PE1003,00250010,必帶,,"五 6,7",人工草皮球場,2 類,,1,,https://course.ntu.edu.tw/courses/114-1/97007
健康體適能,林聯喜,97008,PE1003,00250010,必帶,,"三 6,7",中央籃球場,2 類,,1,,https://course.ntu.edu.tw/courses/114-1/97008
健康體適能,林聯喜,97009,PE1003,00250010,必帶,,"三 8,9",中央籃球場,2 類,,1,,https://course.ntu.edu.tw/courses/114-1/97009
健康體適能,洪巧菱,97010,PE1003,00250010,必帶,,"二 6,7",排球場,3 類,,1,,https://course.ntu.edu.tw/courses/114-1/97010
健康體適能,洪巧菱,97011,PE1003,00250010,必帶,,"二 8,9",排球場,2 類,,1,,https://course.ntu.edu.tw/courses/114-1/97011
健康體適能,趙曉涵,97012,PE1003,00250010,必帶,,"四 6,7",人工草皮球場,3 類,,1,,https://course.ntu.edu.tw/courses/114-1/97012
健康體適能,趙曉涵,97013,PE1003,00250010,必帶,,"四 8,9",人工草皮球場,2 類,,1,,https://course.ntu.edu.tw/courses/114-1/97013
健康體適能,蘇玫尹,97014,PE1003,00250010,必帶,,"一 3,4",排球場,2 類,,1,,https://course.ntu.edu.tw/courses/114-1/97014
健康體適能,蘇玫尹,97015,PE1003,00250010,必帶,,"二 3,4",排球場,2 類,,1,,https://course.ntu.edu.tw/courses/114-1/97015
健康體適能,林謙如,97016,PE1003,00250010,必帶,,"二 6,7",籃球A~E,2 類,,1,,https://course.ntu.edu.tw/courses/114-1/97016
健康體適能,林謙如,97017,PE1003,00250010,必帶,,"二 8,9",籃球A~E,2 類,,1,,https://course.ntu.edu.tw/courses/114-1/97017
健康體適能,吳明翰,97018,PE1003,00250010,必帶,,"四 1,2",排球場,2 類,,1,,https://course.ntu.edu.tw/courses/114-1/97018
健康體適能,吳明翰,97019,PE1003,00250010,必帶,,"四 3,4",排球場,3 類,,1,,https://course.ntu.edu.tw/courses/114-1/97019
健康體適能,吳明翰,97020,PE1003,00250010,必帶,,"五 6,7",排球場,2 類,,1,,https://course.ntu.edu.tw/courses/114-1/97020
健康體適能,許君恆,97021,PE1003,00250010,必帶,,"一 3,4",人工草皮球場,2 類,,1,,https://course.ntu.edu.tw/courses/114-1/97021
健康體適能,許君恆,97022,PE1003,00250010,必帶,,"二 8,9",人工草皮球場,2 類,,1,,https://course.ntu.edu.tw/courses/114-1/97022
健康體適能,許君恆,97023,PE1003,00250010,必帶,,"三 6,7",人工草皮球場,2 類,,1,,https://course.ntu.edu.tw/courses/114-1/97023
健康體適能,陳逸杰,97024,PE1003,00250010,必帶,,"二 1,2",排球場,3 類,,1,,https://course.ntu.edu.tw/courses/114-1/97024
健康體適能,陳逸杰,97025,PE1003,00250010,必帶,,"三 1,2",中央籃球場,2 類,,1,,https://course.ntu.edu.tw/courses/114-1/97025
健康體適能,陳逸杰,97026,PE1003,00250010,必帶,,"四 1,2",籃球A~E,2 類,,1,,https://course.ntu.edu.tw/courses/114-1/97026
健康體適能,呂祐華,97027,PE1003,00250010,必帶,,"一 8,9",籃球A~E,2 類,,1,,https://course.ntu.edu.tw/courses/114-1/97027
健康體適能,呂祐華,97028,PE1003,00250010,必帶,,"二 3,4",籃球F~I,2 類,,1,,https://course.ntu.edu.tw/courses/114-1/97028
健康體適能,呂祐華,97029,PE1003,00250010,必帶,,"二 6,7",籃球F~I,3 類,,1,,https://course.ntu.edu.tw/courses/114-1/97029
健康體適能,呂祐華,97030,PE1003,00250010,必帶,,"三 1,2",新生籃球場,3 類,,1,,https://course.ntu.edu.tw/courses/114-1/97030
健康體適能,林威名,97031,PE1003,00250010,必帶,,"一 6,7",排球場,2 類,,1,,https://course.ntu.edu.tw/courses/114-1/97031
健康體適能,林威名,97032,PE1003,00250010,必帶,,"一 8,9",排球場,2 類,,1,,https://course.ntu.edu.tw/courses/114-1/97032
健康體適能,林威名,97033,PE1003,00250010,必帶,,"三 1,2",排球場,2 類,,1,,https://course.ntu.edu.tw/courses/114-1/97033
健康體適能,林威名,97034,PE1003,00250010,必帶,,"五 6,7",新生籃球場,2 類,,1,,https://course.ntu.edu.tw/courses/114-1/97034
健康體適能,魏均珩,97037,PE1003,00250010,必帶,,"三 1,2",籃球A~E,2 類,,1,,https://course.ntu.edu.tw/courses/114-1/97037
健康體適能,魏均珩,97038,PE1003,00250010,必帶,,"三 3,4",籃球A~E,3 類,,1,,https://course.ntu.edu.tw/courses/114-1/97038
健康體適能,魏均珩,97039,PE1003,00250010,必帶,,"四 8,9",籃球A~E,2 類,,1,,https://course.ntu.edu.tw/courses/114-1/97039
健康體適能,魏均珩,97040,PE1003,00250010,必帶,,"五 1,2",排球場,2 類,,1,,https://course.ntu.edu.tw/courses/114-1/97040
健康體適能,魏均珩,97041,PE1003,00250010,必帶,,"五 3,4",排球場,2 類,,1,,https://course.ntu.edu.tw/courses/114-1/97041
健康體適能,梁澤敬,97042,PE1003,00250010,必帶,,"一 8,9",人工草皮球場,2 類,,1,,https://course.ntu.edu.tw/courses/114-1/97042
健康體適能,陳逸杰,97043,PE1003,00250010,必帶,,"三 6,7",籃球A~E,2 類,,1,,https://course.ntu.edu.tw/courses/114-1/97043
健康體適能,梁澤敬,97044,PE1003,00250010,必帶,,"三 8,9",籃球A~E,2 類,,1,,https://course.ntu.edu.tw/courses/114-1/97044
健康體適能,梁澤敬,97045,PE1003,00250010,必帶,,"四 8,9",籃球F~I,2 類,,1,,https://course.ntu.edu.tw/courses/114-1/97045
健康體適能,梁澤敬,97046,PE1003,00250010,必帶,,"五 8,9",人工草皮球場,2 類,,1,,https://course.ntu.edu.tw/courses/114-1/97046
健康體適能,黃渼茜,97047,PE1003,00250010,必帶,,"一 8,9",籃球F~I,2 類,,1,,https://course.ntu.edu.tw/courses/114-1/97047
健康體適能,黃渼茜,97048,PE1003,00250010,必帶,,"二 1,2",籃球F~I,2 類,,1,,https://course.ntu.edu.tw/courses/114-1/97048
健康體適能,黃渼茜,97049,PE1003,00250010,必帶,,"四 1,2",田徑場,2 類,,1,,https://course.ntu.edu.tw/courses/114-1/97049
健康體適能,黃渼茜,97050,PE1003,00250010,必帶,,"四 3,4",籃球A~E,2 類,,1,,https://course.ntu.edu.tw/courses/114-1/97050
健康體適能,黃渼茜,97051,PE1003,00250010,必帶,,"五 1,2",中央籃球場,2 類,,1,,https://course.ntu.edu.tw/courses/114-1/97051
健康體適能,李永祥,97052,PE1003,00250010,必帶,,"一 8,9",中央籃球場,2 類,,1,,https://course.ntu.edu.tw/courses/114-1/97052
健康體適能,施登堯,97053,PE1003,00250010,必帶,,"三 1,2",籃球F~I,2 類,,1,,https://course.ntu.edu.tw/courses/114-1/97053
健康體適能,陳竑廷,97054,PE1003,00250010,必帶,,"四 8,9",中央籃球場,2 類,,1,,https://course.ntu.edu.tw/courses/114-1/97054
健康體適能,梁澤敬,97055,PE1003,00250010,必帶,,"三 1,2",人工草皮球場,2 類,,1,,https://course.ntu.edu.tw/courses/114-1/97055
健康體適能,許君恆,97056,PE1003,00250010,必帶,,"三 3,4",人工草皮球場,2 類,,1,,https://course.ntu.edu.tw/courses/114-1/97056
健康體適能,魏均珩,97057,PE1003,00250010,必帶,,"四 1,2",人工草皮球場,2 類,,1,,https://course.ntu.edu.tw/courses/114-1/97057
健康體適能,梁澤敬,97058,PE1003,00250010,必帶,,"四 3,4",人工草皮球場,2 類,,1,,https://course.ntu.edu.tw/courses/114-1/97058
健康體適能,賴韻宇,97059,PE1003,00250010,必帶,,"五 1,2",人工草皮球場,2 類,,1,,https://course.ntu.edu.tw/courses/114-1/97059
健康體適能,賴韻宇,97060,PE1003,00250010,必帶,,"五 3,4",人工草皮球場,2 類,,1,,https://course.ntu.edu.tw/courses/114-1/97060
健康體適能,莊珮琪,97061,PE1003,00250010,必帶,,"四 1,2",籃球F~I,2 類,,1,,https://course.ntu.edu.tw/courses/114-1/97061
健康體適能,莊珮琪,97062,PE1003,00250010,必帶,,"四 3,4",籃球F~I,2 類,,1,,https://course.ntu.edu.tw/courses/114-1/97062
健康體適能,陳信全,97063,PE1003,00250010,必帶,,"二 1,2",人工草皮球場,2 類,,1,,https://course.ntu.edu.tw/courses/114-1/97063
健康體適能,陳信全,97064,PE1003,00250010,必帶,,"二 3,4",人工草皮球場,2 類,,1,,https://course.ntu.edu.tw/courses/114-1/97064
健康體適能,蔡宗儒,97067,PE1003,00250010,必帶,,"一 3,4",籃球A~E,2 類,,1,,https://course.ntu.edu.tw/courses/114-1/97067
健康體適能,蔡宗儒,97068,PE1003,00250010,必帶,,"一 6,7",籃球A~E,3 類,,1,,https://course.ntu.edu.tw/courses/114-1/97068
健康體適能,魏豐閔,97069,PE1003,00250010,必帶,,"五 8,9",排球場,2 類,,1,,https://course.ntu.edu.tw/courses/114-1/97069
健康體適能,賴韻宇,97070,PE1003,00250010,必帶,,"二 6,7",新生籃球場,2 類,,1,,https://course.ntu.edu.tw/courses/114-1/97070
健康體適能,賴韻宇,97071,PE1003,00250010,必帶,,"二 8,9",新生籃球場,2 類,,1,,https://course.ntu.edu.tw/courses/114-1/97071
健康體適能,賴韻宇,97072,PE1003,00250010,必帶,,"三 6,7",籃球F~I,2 類,,1,,https://course.ntu.edu.tw/courses/114-1/97072
健康體適能,賴韻宇,97073,PE1003,00250010,必帶,,"三 8,9",籃球F~I,2 類,,1,,https://course.ntu.edu.tw/courses/114-1/97073
健康體適能,賴韻宇,97074,PE1003,00250010,必帶,,"四 6,7",排球場,3 類,,1,,https://course.ntu.edu.tw/courses/114-1/97074
健康體適能,賴韻宇,97075,PE1003,00250010,必帶,,"四 8,9",排球場,2 類,,1,,https://course.ntu.edu.tw/courses/114-1/97075
適應體育(肢體班),胡林煥,97078,PE1005,00250090,必修,,"一 3,4",綜館B109,2 類,,1,,https://course.ntu.edu.tw/courses/114-1/97078
適應體育(生理班),黃英哲,97077,PE1007,00250080,必修,,"五 6,7",綜館柔道室,2 類,,1,,https://course.ntu.edu.tw/courses/114-1/97077
體適能(一),蔡秀華,97076,PE2003,00250020,必修,,"一 6,7",綜館舞蹈室,2 類,,1,,https://course.ntu.edu.tw/courses/114-1/97076
現代舞,李文心,97079,PE2028,00250290,必修,,"三 6,7",綜館韻律室,2 類,,1,,https://course.ntu.edu.tw/courses/114-1/97079
太極劍,游添燈,97080,PE2034,00250370,必修,,"三 6,7",綜館技擊AB,2 類,,1,,https://course.ntu.edu.tw/courses/114-1/97080
太極拳初級,游添燈,97081,PE2036,00250390,必修,,"一 6,7",綜館技擊AB,2 類,,1,,https://course.ntu.edu.tw/courses/114-1/97081
太極拳初級,游添燈,97082,PE2036,00250390,必修,,"一 8,9",綜館技擊AB,2 類,,1,,https://course.ntu.edu.tw/courses/114-1/97082
太極拳初級,游添燈,97083,PE2036,00250390,必修,,"二 6,7",綜館技擊AB,2 類,,1,,https://course.ntu.edu.tw/courses/114-1/97083
太極拳初級,游添燈,97084,PE2036,00250390,必修,,"二 8,9",綜館技擊AB,2 類,,1,,https://course.ntu.edu.tw/courses/114-1/97084
太極拳初級,施登堯,97085,PE2036,00250390,必修,,"三 3,4",綜館技擊AB,2 類,,1,,https://course.ntu.edu.tw/courses/114-1/97085
柔道初級,黃國恩,97086,PE2041,00250440,必修,,"二 1,2",綜館柔道室,2 類,,1,,https://course.ntu.edu.tw/courses/114-1/97086
柔道初級,黃國恩,97087,PE2041,00250440,必修,,"三 1,2",綜館柔道室,2 類,,1,,https://course.ntu.edu.tw/courses/114-1/97087
柔道初級,黃國恩,97088,PE2041,00250440,必修,,"三 3,4",綜館柔道室,2 類,,1,,https://course.ntu.edu.tw/courses/114-1/97088
柔道初級,蘇玫尹,97089,PE2041,00250440,必修,,"一 6,7",綜館柔道室,2 類,,1,,https://course.ntu.edu.tw/courses/114-1/97089
柔道初級,蘇玫尹,97090,PE2041,00250440,必修,,"二 6,7",綜館柔道室,2 類,,1,,https://course.ntu.edu.tw/courses/114-1/97090
手球初級,許君恆,97093,PE2050,00250580,必修,,"一 6,7",人工草皮球場,2 類,,1,,https://course.ntu.edu.tw/courses/114-1/97093
手球初級,許君恆,97094,PE2050,00250580,必修,,"二 6,7",人工草皮球場,2 類,,1,,https://course.ntu.edu.tw/courses/114-1/97094
女手球校隊,許君恆,97095,PE2051,00250590,選修,,"一 A,B,C,D / 三 A,B,C,D",,2 類,,1,,https://course.ntu.edu.tw/courses/114-1/97095
男手球校隊,黃欽永,97096,PE2052,00250600,選修,,"一 A,B,C,D / 三 A,B,C,D",舊館羽球場/綜館多功能,2 類,,1,,https://course.ntu.edu.tw/courses/114-1/97096
游泳初級,黃渼茜,97099,PE2053,00250630,必修,,"二 3,4",綜館游泳池,2 類,,1,,https://course.ntu.edu.tw/courses/114-1/97099
游泳中級,林謙如,97100,PE2054,00250640,必修,,"三 8,9",綜館游泳池,2 類,,1,,https://course.ntu.edu.tw/courses/114-1/97100
游泳中級,林謙如,97101,PE2054,00250640,必修,,"五 3,4",綜館游泳池,2 類,,1,,https://course.ntu.edu.tw/courses/114-1/97101
水球,黃英哲,97102,PE2055,00250650,必修,,"五 8,9",綜館游泳池,2 類,,1,,https://course.ntu.edu.tw/courses/114-1/97102
女游泳校隊,黃渼茜,97103,PE2058,00250680,選修,,"二 10,A,B / 四 10,A,B / 六 10,A,B",戶外游泳池,2 類,,1,,https://course.ntu.edu.tw/courses/114-1/97103
男游泳校隊,林謙如,97104,PE2059,00250690,選修,,"一 10,A,B / 三 10,A,B / 五 10,A,B",戶外游泳池,2 類,,1,,https://course.ntu.edu.tw/courses/114-1/97104
女田徑校隊,梁澤敬,97106,PE2062,00250740,選修,,"一 A,B / 四 A,B",,2 類,,1,,https://course.ntu.edu.tw/courses/114-1/97106
男田徑校隊,梁澤敬,97107,PE2063,00250750,選修,,"一 A,B,C / 二 A,B,C / 四 A,B,C",田徑場,2 類,,1,,https://course.ntu.edu.tw/courses/114-1/97107
羽球初級,黃欽永,97108,PE2064,00250780,必修,,"一 6,7",舊館羽球場,2 類,,1,,https://course.ntu.edu.tw/courses/114-1/97108
羽球初級,黃欽永,97109,PE2064,00250780,必修,,"三 6,7",綜館多功能,2 類,,1,,https://course.ntu.edu.tw/courses/114-1/97109
羽球初級,黃欽永,97110,PE2064,00250780,必修,,"三 8,9",綜館多功能,2 類,,1,,https://course.ntu.edu.tw/courses/114-1/97110
羽球初級,黃國恩,97111,PE2064,00250780,必修,,"一 1,2",(醫)館1F,2 類,,1,,https://course.ntu.edu.tw/courses/114-1/97111
羽球初級,黃國恩,97112,PE2064,00250780,必修,,"一 3,4",(醫)館1F,2 類,,1,,https://course.ntu.edu.tw/courses/114-1/97112
羽球初級,連家瑩,97113,PE2064,00250780,必修,,"二 1,2",綜館多功能,2 類,,1,,https://course.ntu.edu.tw/courses/114-1/97113
羽球初級,連家瑩,97114,PE2064,00250780,必修,,"二 3,4",綜館多功能,2 類,,1,,https://course.ntu.edu.tw/courses/114-1/97114
羽球初級,呂碧琴,97115,PE2064,00250780,必修,,"一 1,2",舊館羽球場,2 類,,1,,https://course.ntu.edu.tw/courses/114-1/97115
羽球初級,呂碧琴,97116,PE2064,00250780,必修,,"一 3,4",舊館羽球場,2 類,,1,,https://course.ntu.edu.tw/courses/114-1/97116
羽球初級,呂碧琴,97117,PE2064,00250780,必修,,"二 1,2",舊館羽球場,2 類,,1,,https://course.ntu.edu.tw/courses/114-1/97117
羽球初級,李文心,97118,PE2064,00250780,必修,,"四 6,7",綜館多功能,2 類,,1,,https://course.ntu.edu.tw/courses/114-1/97118
羽球初級,李文心,97119,PE2064,00250780,必修,,"四 8,9",綜館多功能,2 類,,1,,https://course.ntu.edu.tw/courses/114-1/97119
羽球初級,洪巧菱,97120,PE2064,00250780,必修,,"四 6,7",(醫)館1F,2 類,,1,,https://course.ntu.edu.tw/courses/114-1/97120
羽球初級,洪巧菱,97121,PE2064,00250780,必修,,"四 8,9",(醫)館1F,2 類,,1,,https://course.ntu.edu.tw/courses/114-1/97121
羽球初級,李坤培,97122,PE2064,00250780,必修,,"一 1,2",綜館多功能,2 類,,1,,https://course.ntu.edu.tw/courses/114-1/97122
羽球初級,李坤培,97123,PE2064,00250780,必修,,"一 3,4",綜館多功能,2 類,,1,,https://course.ntu.edu.tw/courses/114-1/97123
羽球初級,陳美莉,97124,PE2064,00250780,必修,,"三 1,2",綜館多功能,2 類,,1,,https://course.ntu.edu.tw/courses/114-1/97124
羽球初級,陳美莉,97125,PE2064,00250780,必修,,"三 3,4",綜館多功能,2 類,,1,,https://course.ntu.edu.tw/courses/114-1/97125
羽球中級,陳志一,97126,PE2065,00250790,必修,,"一 8,9",綜館多功能,2 類,,1,,https://course.ntu.edu.tw/courses/114-1/97126
羽球中級,陳志一,97127,PE2065,00250790,必修,,"二 6,7",綜館多功能,2 類,,1,,https://course.ntu.edu.tw/courses/114-1/97127
男羽球校隊,陳志一,97130,PE2069,00250830,選修,,"二 A,B,C,D / 四 A,B,C,D",綜館多功能/舊館羽球場,2 類,,1,,https://course.ntu.edu.tw/courses/114-1/97130
足球初級,楊裕隆,97131,PE2071,00250860,必修,,"四 8,9",足球場,2 類,,1,,https://course.ntu.edu.tw/courses/114-1/97131
桌球初級,林信甫,97132,PE2074,00250900,必修,,"一 3,4",綜館桌球室,2 類,,1,,https://course.ntu.edu.tw/courses/114-1/97132
桌球初級,林信甫,97133,PE2074,00250900,必修,,"一 6,7",綜館桌球室,2 類,,1,,https://course.ntu.edu.tw/courses/114-1/97133
桌球初級,呂宛蓁,97134,PE2074,00250900,必修,,"三 8,9",綜館桌球室,2 類,,1,,https://course.ntu.edu.tw/courses/114-1/97134
桌球初級,陳逸杰,97135,PE2074,00250900,必修,,"二 3,4",綜館桌球室,2 類,,1,,https://course.ntu.edu.tw/courses/114-1/97135
桌球初級,王傑賢,97137,PE2074,00250900,必修,,"二 6,7",綜館桌球室,2 類,,1,,https://course.ntu.edu.tw/courses/114-1/97137
桌球中級,陳逸杰,97218,PE2075,00250910,必修,,"四 3,4",綜館桌球室,2 類,,1,,https://course.ntu.edu.tw/courses/114-1/97218
桌球中級,王傑賢,97139,PE2075,00250910,必修,,"二 8,9",綜館桌球室,2 類,,1,,https://course.ntu.edu.tw/courses/114-1/97139
女桌球校隊,陳逸杰,97140,PE2077,00250930,選修,,"一 A,B,C / 四 A,B,C",,2 類,,1,,https://course.ntu.edu.tw/courses/114-1/97140
男桌球校隊,林信甫,97141,PE2079,00250950,選修,,"一 A,B,C / 四 A,B,C",綜館桌球室,2 類,,1,,https://course.ntu.edu.tw/courses/114-1/97141
排球初級,陳志一,97142,PE2080,00250960,必修,,"三 3,4",排球場,2 類,,1,,https://course.ntu.edu.tw/courses/114-1/97142
排球初級,呂宛蓁,97143,PE2080,00250960,必修,,"三 6,7",排球場,2 類,,1,,https://course.ntu.edu.tw/courses/114-1/97143
排球初級,胡林煥,97144,PE2080,00250960,必修,,"三 6,7",(醫)館1F,2 類,,1,,https://course.ntu.edu.tw/courses/114-1/97144
排球初級,胡林煥,97145,PE2080,00250960,必修,,"三 8,9",(醫)館1F,2 類,,1,,https://course.ntu.edu.tw/courses/114-1/97145
女排球校隊,呂宛蓁,97146,PE2082,00250980,選修,,"一 A,B,C,D / 三 A,B,C,D",,2 類,,1,,https://course.ntu.edu.tw/courses/114-1/97146
男排球校隊,胡林煥,97147,PE2083,00250990,選修,,"一 A,B,C,D / 三 A,B,C,D",綜館多功能/舊館羽球場,2 類,,1,,https://course.ntu.edu.tw/courses/114-1/97147
籃球初級,曾郁嫻,97148,PE2084,00251010,必修,,"一 1,2",中央籃球場,2 類,,1,,https://course.ntu.edu.tw/courses/114-1/97148
籃球初級,李永祥,97149,PE2084,00251010,必修,,"一 6,7",中央籃球場,2 類,,1,,https://course.ntu.edu.tw/courses/114-1/97149
女籃球校隊,曾郁嫻,97150,PE2086,00251030,選修,,"二 10,A,B / 四 C,D / 六 1,2,3,4",舊館羽球場/綜館多功能/新生籃球場,2 類,,1,,https://course.ntu.edu.tw/courses/114-1/97150
男籃球校隊,林聯喜,97151,PE2087,00251040,選修,,"二 C,D / 四 A,B",舊館羽球場/綜館多功能,2 類,,1,,https://course.ntu.edu.tw/courses/114-1/97151
高爾夫初級,康正男,97152,PE2088,00251060,必修,,"一 3,4",高爾夫球場,2 類,,1,,https://course.ntu.edu.tw/courses/114-1/97152
高爾夫初級,簡坤鐘,97153,PE2088,00251060,必修,,"二 6,7",高爾夫球場,2 類,,1,,https://course.ntu.edu.tw/courses/114-1/97153
高爾夫初級,簡坤鐘,97154,PE2088,00251060,必修,,"二 8,9",高爾夫球場,2 類,,1,,https://course.ntu.edu.tw/courses/114-1/97154
高爾夫校隊,洪巧菱,97155,PE2091,00251090,選修,,"六 0,1,2,3",,2 類,,1,,https://course.ntu.edu.tw/courses/114-1/97155
女壘球校隊,呂碧琴,97156,PE2095,00251150,選修,,"六 6,7,8,9,10",棒壘球場,2 類,,1,,https://course.ntu.edu.tw/courses/114-1/97156
男壘球校隊,康正男,97157,PE2096,00251160,選修,,"六 1,2,3,4",棒壘球場,2 類,,1,,https://course.ntu.edu.tw/courses/114-1/97157
棒球初級,康正男,97158,PE2097,00251180,必修,,"一 1,2",棒壘球場,2 類,,1,,https://course.ntu.edu.tw/courses/114-1/97158
棒球中級,呂祐華,97161,PE2098,00251190,必修,,"五 8,9",棒壘球場,2 類,,1,,https://course.ntu.edu.tw/courses/114-1/97161
棒球校隊,呂祐華,97162,PE2099,00251200,選修,,"六 1,2,3,4",,2 類,,1,,https://course.ntu.edu.tw/courses/114-1/97162
女軟網校隊,莊泰源,97163,PE2100,00251240,選修,,"二 A,B,C,D / 四 A,B,C,D / 六 6,7,8,9",網球345678,2 類,,1,,https://course.ntu.edu.tw/courses/114-1/97163
男軟網校隊,莊泰源,97164,PE2101,00251250,選修,,"二 A,B,C,D / 四 A,B,C,D / 六 6,7,8,9",網球123456,2 類,,1,,https://course.ntu.edu.tw/courses/114-1/97164
網球初級,連玉輝,97165,PE2102,00251260,必修,,"三 3,4",(醫)網球場,2 類,,1,,https://course.ntu.edu.tw/courses/114-1/97165
網球初級,莊泰源,97166,PE2102,00251260,必修,,"三 1,2",網球345678,2 類,,1,,https://course.ntu.edu.tw/courses/114-1/97166
網球初級,趙曉涵,97167,PE2102,00251260,必修,,"三 6,7",網球345678,2 類,,1,,https://course.ntu.edu.tw/courses/114-1/97167
網球初級,趙曉涵,97168,PE2102,00251260,必修,,"三 8,9",網球345678,2 類,,1,,https://course.ntu.edu.tw/courses/114-1/97168
網球初級,趙曉涵,97169,PE2102,00251260,必修,,"五 6,7",網球345678,2 類,,1,,https://course.ntu.edu.tw/courses/114-1/97169
網球中級(一),連玉輝,97170,PE2103,00251270,必修,,"一 6,7",網球345678,2 類,,1,,https://course.ntu.edu.tw/courses/114-1/97170
網球中級(一),莊泰源,97171,PE2103,00251270,必修,,"一 8,9",網球345678,2 類,,1,,https://course.ntu.edu.tw/courses/114-1/97171
網球中級(一),趙曉涵,97172,PE2103,00251270,必修,,"五 8,9",網球345678,2 類,,1,,https://course.ntu.edu.tw/courses/114-1/97172
女網球校隊,趙曉涵,97173,PE2105,00251290,選修,,"三 B,C,D / 五 10,A,B,C,D",網球123456,2 類,,1,,https://course.ntu.edu.tw/courses/114-1/97173
男網球校隊,連玉輝,97174,PE2106,00251300,選修,,"三 B,C,D / 五 10,A,B,C,D",網球345678,2 類,,1,,https://course.ntu.edu.tw/courses/114-1/97174
橄欖球,林威名,97175,PE2109,00251330,必修,,"三 3,4",田徑場,2 類,,1,,https://course.ntu.edu.tw/courses/114-1/97175
橄欖球校隊,林威名,97176,PE2110,00251340,選修,,"六 6,7,8,9",足球場,2 類,,1,,https://course.ntu.edu.tw/courses/114-1/97176
保齡球,洪巧菱,97177,PE2111,00251360,必修,,"三 8,9",,2 類,,1,,https://course.ntu.edu.tw/courses/114-1/97177
瑜珈,蘇玫尹,97178,PE2112,00251370,必修,,"三 1,2",綜館韻律室,2 類,,1,,https://course.ntu.edu.tw/courses/114-1/97178
瑜珈,蘇玫尹,97179,PE2112,00251370,必修,,"三 3,4",綜館韻律室,2 類,,1,,https://course.ntu.edu.tw/courses/114-1/97179
擊劍校隊,呂祐華,97180,PE2118,00251460,選修,,"三 A,B,C,D / 五 A,B,C,D / 六 2,3,4,6",綜館舞蹈室,2 類,,1,,https://course.ntu.edu.tw/courses/114-1/97180
劍道校隊,李文心,97181,PE2119,00251470,選修,,"一 A,B,C,D / 五 A,B,C,D",綜館技擊AB,2 類,,1,,https://course.ntu.edu.tw/courses/114-1/97181
國術校隊,游添燈,97182,PE2121,00251490,選修,,"一 A,B,C / 四 A,B,C / 六 7,8,9",舊館韻律房/綜館柔道室/綜館柔道室,2 類,,1,,https://course.ntu.edu.tw/courses/114-1/97182
射箭校隊,魏均珩,97183,PE2122,00251500,選修,,"二 A,B,C / 四 A,B,C",舊館柔道房,2 類,,1,,https://course.ntu.edu.tw/courses/114-1/97183
重量訓練,連家瑩,97184,PE2124,00251520,必修,,"三 1,2",綜館重訓室,2 類,,1,,https://course.ntu.edu.tw/courses/114-1/97184
重量訓練,蔡秀華,97185,PE2124,00251520,必修,,"一 3,4",綜館舞蹈室,2 類,,1,,https://course.ntu.edu.tw/courses/114-1/97185
軟網初級,莊泰源,97186,PE2129,00251600,必修,,"二 6,7",網球345678,2 類,,1,,https://course.ntu.edu.tw/courses/114-1/97186
跆拳道初級,吳明翰,97187,PE2138,00251690,必修,,"三 6,7",綜館柔道室,2 類,,1,,https://course.ntu.edu.tw/courses/114-1/97187
跆拳道初級,吳明翰,97188,PE2138,00251690,必修,,"三 8,9",綜館柔道室,2 類,,1,,https://course.ntu.edu.tw/courses/114-1/97188
跆拳道初級,陳君鳳,97191,PE2138,00251690,必修,,"四 3,4",綜館柔道室,2 類,,1,,https://course.ntu.edu.tw/courses/114-1/97191
軟網中級,莊泰源,97192,PE2139,00251700,必修,,"三 3,4",網球345678,2 類,,1,,https://course.ntu.edu.tw/courses/114-1/97192
室內五人制足球初級,楊裕隆,97193,PE2142,00251730,必修,,"二 6,7",舊館羽球場,2 類,,1,,https://course.ntu.edu.tw/courses/114-1/97193
室內五人制足球初級,楊裕隆,97194,PE2142,00251730,必修,,"三 6,7",舊館羽球場,2 類,,1,,https://course.ntu.edu.tw/courses/114-1/97194
室內五人制足球中級,楊裕隆,97195,PE2143,00251740,必修,,"四 6,7",舊館羽球場,2 類,,1,,https://course.ntu.edu.tw/courses/114-1/97195
射箭初級,魏均珩,97211,PE2148,00251960,必修,,"二 3,4",舊館柔道房,2 類,,1,,https://course.ntu.edu.tw/courses/114-1/97211
匹克球初級,莊泰源,97213,PE2149,00251970,必修,,"二 8,9",舊館羽球場,2 類,,1,,https://course.ntu.edu.tw/courses/114-1/97213
壁球初級,林聯喜,97196,PE5001,00251790,必修,,"二 6,7",綜館壁球室,2 類,,1,,https://course.ntu.edu.tw/courses/114-1/97196
壁球初級,林聯喜,97197,PE5001,00251790,必修,,"二 8,9",綜館壁球室,2 類,,1,,https://course.ntu.edu.tw/courses/114-1/97197
壁球初級,林聯喜,97198,PE5001,00251790,必修,,"四 6,7",綜館壁球室,2 類,,1,,https://course.ntu.edu.tw/courses/114-1/97198
壁球初級,林聯喜,97199,PE5001,00251790,必修,,"四 8,9",綜館壁球室,2 類,,1,,https://course.ntu.edu.tw/courses/114-1/97199
手球中級,黃欽永,97091,PE5002,00250570,必修,,"一 8,9",舊館羽球場,2 類,,1,,https://course.ntu.edu.tw/courses/114-1/97091
適能瑜珈,呂碧琴,97200,PE5007,00251830,必修,,"二 3,4",綜館韻律室,2 類,,1,,https://course.ntu.edu.tw/courses/114-1/97200
男子跆拳校隊,吳明翰,97201,PE5008,00251840,選修,,"二 A,B,C,D / 五 A,B,C,D",,2 類,,1,,https://course.ntu.edu.tw/courses/114-1/97201
女子跆拳校隊,吳明翰,97202,PE5009,00251850,選修,,"二 A,B,C,D / 五 A,B,C,D",綜館柔道室,2 類,,1,,https://course.ntu.edu.tw/courses/114-1/97202
男子柔道校隊,黃國恩,97203,PE5010,00251860,選修,,"一 A,B,C,D / 三 A,B,C,D",綜館柔道室,2 類,,1,,https://course.ntu.edu.tw/courses/114-1/97203
女子柔道校隊,蘇玫尹,97204,PE5011,00251870,選修,,"一 A,B,C,D / 三 A,B,C,D",,2 類,,1,,https://course.ntu.edu.tw/courses/114-1/97204
定向越野,莊珮琪,97205,PE5014,00251900,必修,,"三 6,7",綜體前廣場,2 類,,1,,https://course.ntu.edu.tw/courses/114-1/97205
定向越野,莊珮琪,97206,PE5014,00251900,必修,,"三 8,9",綜體前廣場,2 類,,1,,https://course.ntu.edu.tw/courses/114-1/97206
三對三籃球,曾郁嫻,97207,PE5016,00251920,必修,,"二 1,2",中央籃球場,2 類,,1,,https://course.ntu.edu.tw/courses/114-1/97207
三對三籃球,曾郁嫻,97208,PE5016,00251920,必修,,"二 3,4",中央籃球場,2 類,,1,,https://course.ntu.edu.tw/courses/114-1/97208
運動體能訓練,陳竑廷,97209,PE5018,00251940,必修,,"四 6,7",綜館舞蹈室,2 類,,1,,https://course.ntu.edu.tw/courses/114-1/97209
足球校隊,楊裕隆,97210,PE5019,00251950,選修,,"二 A,B,C,D / 三 A,B,C,D / 五 A,B,C,D / 六 1,2,3,4",人工草皮球場/人工草皮球場/人工草皮球場/足球場,2 類,,1,,https://course.ntu.edu.tw/courses/114-1/97210
氣功(選修體育),黃欽永,97214,PE7002,00270520,選修,,"二 3,4",綜館柔道室,2 類,,1,,https://course.ntu.edu.tw/courses/114-1/97214
運動與體重管理（選修體育）,蔡秀華,97217,PE7005,00271390,選修,,"二 3,4",綜館舞蹈室,2 類,,1,,https://course.ntu.edu.tw/courses/114-1/97217
瑜珈（選修體育）,呂碧琴,97216,PE7006,00271370,選修,,"三 3,4",綜館舞蹈室,2 類,,1,,https://course.ntu.edu.tw/courses/114-1/97216
羽球中級（選修體育）,陳志一,97215,PE7007,00270790,選修,,"一 6,7",綜館多功能,2 類,,1,,https://course.ntu.edu.tw/courses/114-1/97215
健康大數據分析,馮嬿臻,48210,PH0011,80100090,必修 / 選修,,"三 6,7",公衛210,3 類,,2,,https://course.ntu.edu.tw/courses/114-1/48210
食品安全與生活,魏嘉徵,49622,PH0016,80100150,,,"一 2,3,4",公衛211,3 類,,3,,https://course.ntu.edu.tw/courses/114-1/49622
服務學習甲,翁書偉,47483,PH0018,801001G0,必修,,,,2 類,,1,,https://course.ntu.edu.tw/courses/114-1/47483
公共衛生學,陳雅美,19295,PH1011,80118000,必帶,,"一 8,9",公衛215,2 類,,2,,https://course.ntu.edu.tw/courses/114-1/19295
公共衛生學,陳雅美,58788,PH1011,80118000,必帶 / 選修,,"一 3,4",公衛215,3 類,,2,,https://course.ntu.edu.tw/courses/114-1/58788
生物統計學二,洪  弘,22845,PH2006,80121320,必修 / 選修,,"四 6,7,8,9",公衛215,3 類,,3,,https://course.ntu.edu.tw/courses/114-1/22845
環境基本原理,王根樹,39285,PH2015,80125300,,,"四 3,4",公衛211,2 類,,2,,https://course.ntu.edu.tw/courses/114-1/39285
預防醫學概論,程蘊菁,25787,PH2017,80129100,選修,,"二 3,4",公衛211,2 類,,2,,https://course.ntu.edu.tw/courses/114-1/25787
流行病學實例討論,于明暉,15688,PH3011,80132210,必修 / 選修,,"三 3,4",,2 類,,2,,https://course.ntu.edu.tw/courses/114-1/15688
病媒管制,蔡坤憲,12394,PH3026,80135200,選修,,"二 3,4",公衛210,2 類,,2,,https://course.ntu.edu.tw/courses/114-1/12394
環境與職業衛生實驗室實習,魏嘉徵,22082,PH3029,80136100,選修,,,,2 類,,3,,https://course.ntu.edu.tw/courses/114-1/22082
環境與職業衛生實驗室實習,魏嘉徵,35655,PH3029,80136100,選修,,,,2 類,,3,,https://course.ntu.edu.tw/courses/114-1/35655
環境與職業衛生實驗室實習,魏嘉徵,38691,PH3029,80136100,選修,,,,2 類,,3,,https://course.ntu.edu.tw/courses/114-1/38691
環境與職業衛生實驗室實習,魏嘉徵,59707,PH3029,80136100,選修,,,,2 類,,3,,https://course.ntu.edu.tw/courses/114-1/59707
環境與職業衛生實驗室實習,蔡坤憲,45995,PH3029,80136100,選修,,,,2 類,,3,,https://course.ntu.edu.tw/courses/114-1/45995
環境與職業衛生實驗室實習,蔡坤憲,28683,PH3029,80136100,選修,,,,2 類,,3,,https://course.ntu.edu.tw/courses/114-1/28683
職業衛生,黃盛修,18996,PH3032,80136420,必修,,"二 6,7",公衛215,2 類,,2,,https://course.ntu.edu.tw/courses/114-1/18996
環境化學,王根樹,56156,PH3041,80135050,選修,,"三 8,9,10",公衛210,2 類,,3,,https://course.ntu.edu.tw/courses/114-1/56156
公共衛生實習,吳宗樹,40021,PH4009,80140800,必修,,,,3 類,,4,,https://course.ntu.edu.tw/courses/114-1/40021
公共衛生實習,施惟量,41207,PH4009,80140800,必修,,,,3 類,,4,,https://course.ntu.edu.tw/courses/114-1/41207
公共衛生實習,蔡坤憲,32539,PH4009,80140800,必修,,,,3 類,,4,,https://course.ntu.edu.tw/courses/114-1/32539
公共衛生實習,董鈺琪,56364,PH4009,80140800,必修,,,,3 類,,4,,https://course.ntu.edu.tw/courses/114-1/56364
公共衛生實習,翁書偉,24688,PH4009,80140800,必修,,,,3 類,,4,,https://course.ntu.edu.tw/courses/114-1/24688
公共衛生實習,劉貞佑,59982,PH4009,80140800,必修,,,,3 類,,4,,https://course.ntu.edu.tw/courses/114-1/59982
公共衛生實習,王彥雯,44744,PH4009,80140800,必修,,,,3 類,,4,,https://course.ntu.edu.tw/courses/114-1/44744
公共衛生實習,郭柏秀,16368,PH4009,80140800,必修,,,,3 類,,4,,https://course.ntu.edu.tw/courses/114-1/16368
公共衛生實習,吳岱穎,50192,PH4009,80140800,必修,,,,3 類,,4,,https://course.ntu.edu.tw/courses/114-1/50192
公共衛生實習,陳昱彤,47120,PH4009,80140800,必修,,,,3 類,,4,,https://course.ntu.edu.tw/courses/114-1/47120
公共衛生實習,張靜文,33509,PH4009,80140800,必修,,,,3 類,,4,,https://course.ntu.edu.tw/courses/114-1/33509
公共衛生實習,官晨怡,46498,PH4009,80140800,必修,,,,3 類,,4,,https://course.ntu.edu.tw/courses/114-1/46498
公共衛生實習,張書森,45951,PH4009,80140800,必修,,,,3 類,,4,,https://course.ntu.edu.tw/courses/114-1/45951
公共衛生實習,盧子彬,50927,PH4009,80140800,必修,,,,3 類,,4,,https://course.ntu.edu.tw/courses/114-1/50927
公共衛生實習,林先和,30504,PH4009,80140800,必修,,,,3 類,,4,,https://course.ntu.edu.tw/courses/114-1/30504
服務學習甲,張嘉銓,21618,PHARM0006,403001G0,必修,,,,2 類,,1,,https://course.ntu.edu.tw/courses/114-1/21618
服務學習甲,王繼娟,39248,PHARM0006,403001G0,必修,,,,2 類,,1,,https://course.ntu.edu.tw/courses/114-1/39248
服務學習甲,黃彥銘,24457,PHARM0006,403001G0,必修,,,,2 類,,1,,https://course.ntu.edu.tw/courses/114-1/24457
藥劑學實驗一,柯威任,52545,PHARM2002,40320120,必修,,"三 6,7,8",基醫四西實,3 類,,1,,https://course.ntu.edu.tw/courses/114-1/52545
藥學導論乙,林君榮,14573,PHARM2008,403251B0,必帶,,"二 9,10",,1 類,,1,,https://course.ntu.edu.tw/courses/114-1/14573
藥理學一,楊鎧鍵,33763,PHARM3001,40330010,必帶 / 必修,,"一 3,4",基醫201,3 類,,2,,https://course.ntu.edu.tw/courses/114-1/33763
物理化學,程吉安,10363,PHARM3017,40334100,必修,,"四 7,8,9",基醫303,1 類,,3,,https://course.ntu.edu.tw/courses/114-1/10363
藥物化學上,忻凌偉,36622,PHARM3022,40333401,必修,,"二 1,2 / 三 3,4",基醫304,1 類,,4,,https://course.ntu.edu.tw/courses/114-1/36622
藥劑學 (一),張琳巧,24993,PHARM3030,40331600,必修 / 選修,,"二 3,4 / 四 3",基醫201/基醫303,1 類,,3,,https://course.ntu.edu.tw/courses/114-1/24993
生藥學 (含中藥),張嘉銓,53432,PHARM3036,40331550,必修,,"四 2 / 五 3,4",基醫304/基醫303,1 類,,3,,https://course.ntu.edu.tw/courses/114-1/53432
中醫概論,張嘉銓,10572,PHARM3038,40331570,選修,,"一 7,8",,2 類,,1,,https://course.ntu.edu.tw/courses/114-1/10572
論文實作,余兆武,54872,PHARM3040,40333060,選修,,,,2 類,,3,,https://course.ntu.edu.tw/courses/114-1/54872
論文實作,王繼娟,10948,PHARM3040,40333060,選修,,,,2 類,,3,,https://course.ntu.edu.tw/courses/114-1/10948
論文實作,徐莞曾,36657,PHARM3040,40333060,選修,,,,2 類,,3,,https://course.ntu.edu.tw/courses/114-1/36657
論文實作,程吉安,35430,PHARM3040,40333060,選修,,,,2 類,,3,,https://course.ntu.edu.tw/courses/114-1/35430
論文實作,柯威任,12953,PHARM3040,40333060,選修,,,,2 類,,3,,https://course.ntu.edu.tw/courses/114-1/12953
論文實作,楊家榮,95016,PHARM3040,40333060,選修,,,,2 類,,3,,https://course.ntu.edu.tw/courses/114-1/95016
中藥實習(一),張嘉銓,11291,PHARM3041,40331580,選修,,,,2 類,,2,,https://course.ntu.edu.tw/courses/114-1/11291
中藥實習(二),張嘉銓,46323,PHARM3042,40331590,選修,,,,2 類,,2,,https://course.ntu.edu.tw/courses/114-1/46323
中藥實習(三),張嘉銓,49981,PHARM3043,40331620,選修,,,,2 類,,3,,https://course.ntu.edu.tw/courses/114-1/49981
藥學倫理學,徐莞曾,53537,PHARM4011,40344800,必修 / 選修,,"四 8,9",基醫304,1 類,,2,,https://course.ntu.edu.tw/courses/114-1/53537
藥事行政及法規,蕭斐元,59019,PHARM4012,40345000,必修,,"二 8,9",基醫304,1 類,,2,,https://course.ntu.edu.tw/courses/114-1/59019
中藥概論,張嘉銓,31933,PHARM4014,40346100,必修,,"一 7,8",,2 類,,1,,https://course.ntu.edu.tw/courses/114-1/31933
藥物分析（一）,郭錦樺,20800,PHARM4023,40343110,必修 / 選修,,"四 3,4",基醫304,3 類,,2,,https://course.ntu.edu.tw/courses/114-1/20800
社區藥局實習,徐莞曾,22728,PHARM4040,40346310,選修,,,,2 類,,3,,https://course.ntu.edu.tw/courses/114-1/22728
藥物生技,孔繁璐,56543,PHARM5005,423U0520,必修 / 選修,,"二 6,7",水森326,2 類,,2,,https://course.ntu.edu.tw/courses/114-1/56543
中藥炮製學(含實驗),張嘉銓,44103,PHARM5008,423U1200,選修,,,,2 類,,3,,https://course.ntu.edu.tw/courses/114-1/44103
中草藥藥效及毒理評估,徐莞曾,58253,PHARM5010,423U1310,必修 / 選修,,"二 6,7",基醫303,2 類,,2,,https://course.ntu.edu.tw/courses/114-1/58253
中藥方劑學（含實驗）,張嘉銓,55453,PHARM5015,423U1370,選修,,"五 7,8,9",基醫303,2 類,,3,,https://course.ntu.edu.tw/courses/114-1/55453
儀器分析,余兆武,32067,PHARM5017,423U1420,必修 / 選修,,"二 1,2 / 三 3,4",基醫201/基醫101,2 類,,3,,https://course.ntu.edu.tw/courses/114-1/32067
藥物治療學Ⅱ,黃彥銘,24182,PHARM5042,423U2320,必修,,"四 1,2",基醫303,2 類,,2,,https://course.ntu.edu.tw/courses/114-1/24182
藥物治療學Ⅲ,林淑文,28549,PHARM5043,423U2330,必修,,"一 1,2 / 五 1,2",基醫303,2 類,,4,,https://course.ntu.edu.tw/courses/114-1/28549
藥物治療學IV,吳建志,42248,PHARM5044,423U2340,必修,,"二 3,4 / 三 6,7",基醫303,2 類,,4,,https://course.ntu.edu.tw/courses/114-1/42248
藥物治療學Ⅰ,沈麗娟,37812,PHARM5045,423U2310,必修,,"一 1,2 / 二 3,4",基醫304,2 類,,3,,https://course.ntu.edu.tw/courses/114-1/37812
加護病房臨床藥學實習(一),戴志勳,18771,PHARM5050,423U3310,必修,,,,2 類,,6,,https://course.ntu.edu.tw/courses/114-1/18771
加護病房臨床藥學實習（二）,戴志勳,22468,PHARM5051,423U3320,必修,,,,2 類,,6,,https://course.ntu.edu.tw/courses/114-1/22468
一般病房臨床藥學實習(一),吳建志,26818,PHARM5054,423U3410,必修,,,,2 類,,3,,https://course.ntu.edu.tw/courses/114-1/26818
一般病房臨床藥學實習(二),吳建志,24802,PHARM5055,423U3420,必修,,,,2 類,,3,,https://course.ntu.edu.tw/courses/114-1/24802
進階醫院藥事服務實習(一),林淑文,12273,PHARM5058,423U3510,必修,,,,2 類,,3,,https://course.ntu.edu.tw/courses/114-1/12273
進階醫院藥事服務實習(二),林淑文,17200,PHARM5059,423U3520,必修,,,,2 類,,3,,https://course.ntu.edu.tw/courses/114-1/17200
進階社區藥局實習,何蘊芳,26750,PHARM5062,423U3600,選修,,,,2 類,,6,,https://course.ntu.edu.tw/courses/114-1/26750
藥學研究（一),王繼娟,27967,PHARM5063,423U3710,選修,,,,2 類,,3,,https://course.ntu.edu.tw/courses/114-1/27967
藥學研究（一),林芳如,22822,PHARM5063,423U3710,選修,,,,2 類,,3,,https://course.ntu.edu.tw/courses/114-1/22822
藥學研究（一),柯威任,44905,PHARM5063,423U3710,選修,,,,2 類,,3,,https://course.ntu.edu.tw/courses/114-1/44905
藥學研究（一),蕭斐元,22473,PHARM5063,423U3710,選修,,,,2 類,,3,,https://course.ntu.edu.tw/courses/114-1/22473
藥學研究（一),顧記華,59735,PHARM5063,423U3710,選修,,,,2 類,,3,,https://course.ntu.edu.tw/courses/114-1/59735
藥學研究（一),林欣儀,45799,PHARM5063,423U3710,選修,,,,2 類,,3,,https://course.ntu.edu.tw/courses/114-1/45799
藥學研究(二),王繼娟,11298,PHARM5064,423U3720,選修,,,,2 類,,3,,https://course.ntu.edu.tw/courses/114-1/11298
藥學研究(二),林芳如,51638,PHARM5064,423U3720,選修,,,,2 類,,3,,https://course.ntu.edu.tw/courses/114-1/51638
藥學研究(二),林欣儀,39879,PHARM5064,423U3720,選修,,,,2 類,,3,,https://course.ntu.edu.tw/courses/114-1/39879
藥學研究(三),王繼娟,43704,PHARM5065,423U3730,選修,,,,2 類,,3,,https://course.ntu.edu.tw/courses/114-1/43704
藥學研究(三),林芳如,14636,PHARM5065,423U3730,選修,,,,2 類,,3,,https://course.ntu.edu.tw/courses/114-1/14636
藥學研究(三),柯威任,44759,PHARM5065,423U3730,選修,,,,2 類,,3,,https://course.ntu.edu.tw/courses/114-1/44759
藥學研究(三),徐莞曾,27528,PHARM5065,423U3730,選修,,,,2 類,,3,,https://course.ntu.edu.tw/courses/114-1/27528
藥學研究 (四),王繼娟,31812,PHARM5066,423U3740,選修,,,,2 類,,3,,https://course.ntu.edu.tw/courses/114-1/31812
藥學研究 (四),徐莞曾,30410,PHARM5066,423U3740,選修,,,,2 類,,3,,https://course.ntu.edu.tw/courses/114-1/30410
藥學研究 (四),柯威任,32258,PHARM5066,423U3740,選修,,,,2 類,,3,,https://course.ntu.edu.tw/courses/114-1/32258
進階藥政實習(一),蕭斐元,47947,PHARM5067,423U3750,選修,,,,2 類,,3,,https://course.ntu.edu.tw/courses/114-1/47947
進階藥政實習(二),蕭斐元,23545,PHARM5068,423U3760,選修,,,,2 類,,3,,https://course.ntu.edu.tw/courses/114-1/23545
進階藥業實習 (一),余兆武,15323,PHARM5069,423U3810,選修,,,,2 類,,3,,https://course.ntu.edu.tw/courses/114-1/15323
進階藥業實習(二),余兆武,13978,PHARM5070,423U3820,選修,,,,2 類,,3,,https://course.ntu.edu.tw/courses/114-1/13978
進階藥業實習(三),余兆武,28423,PHARM5071,423U3830,選修,,,,2 類,,3,,https://course.ntu.edu.tw/courses/114-1/28423
進階藥業實習(四),余兆武,48204,PHARM5072,423U3840,選修,,,,2 類,,3,,https://course.ntu.edu.tw/courses/114-1/48204
進階藥廠實習(一),郭錦樺,38715,PHARM5073,423U3910,選修,,,,2 類,,3,,https://course.ntu.edu.tw/courses/114-1/38715
進階藥廠實習(二),郭錦樺,15184,PHARM5074,423U3920,選修,,,,2 類,,3,,https://course.ntu.edu.tw/courses/114-1/15184
進階藥廠實習(三),郭錦樺,43090,PHARM5075,423U3930,選修,,,,2 類,,3,,https://course.ntu.edu.tw/courses/114-1/43090
進階藥廠實習(四),郭錦樺,49270,PHARM5076,423U3940,選修,,,,2 類,,3,,https://course.ntu.edu.tw/courses/114-1/49270
一般病房臨床藥學實習(五),吳建志,10820,PHARM5077,423U3450,必修,,,,2 類,,6,,https://course.ntu.edu.tw/courses/114-1/10820
一般病房臨床藥學實習（六）,吳建志,31040,PHARM5078,423U3460,必修,,,,2 類,,6,,https://course.ntu.edu.tw/courses/114-1/31040
藥學教學法與實務一,林君榮,44769,PHARM5086,423U1610,必修,,,,1 類,,1,,https://course.ntu.edu.tw/courses/114-1/44769
臨床藥學海外實習(一),黃彥銘,20595,PHARM5088,423U4010,選修,,,,2 類,,3,,https://course.ntu.edu.tw/courses/114-1/20595
臨床藥學海外實習（二）,黃彥銘,49183,PHARM5089,423U4020,選修,,,,2 類,,3,,https://course.ntu.edu.tw/courses/114-1/49183
守護健康-談藥品法規科學,張琳巧,45613,PHARM5097,423U5100,選修,,"五 8,9",基醫201,3 類,,2,,https://course.ntu.edu.tw/courses/114-1/45613
進階藥業實習(五),余兆武,32018,PHARM5107,423U3850,選修,,,,2 類,,3,,https://course.ntu.edu.tw/courses/114-1/32018
進階藥業實習(六),余兆武,20648,PHARM5108,423U3860,選修,,,,2 類,,3,,https://course.ntu.edu.tw/courses/114-1/20648
進階藥廠實習(五),郭錦樺,38106,PHARM5109,423U3950,選修,,,,2 類,,3,,https://course.ntu.edu.tw/courses/114-1/38106
進階藥廠實習(六),郭錦樺,39649,PHARM5110,423U3960,選修,,,,2 類,,3,,https://course.ntu.edu.tw/courses/114-1/39649
書報討論,顧記華,47352,PHARM7002,423M0040,選修,,,,1 類,,1,,https://course.ntu.edu.tw/courses/114-1/47352
書報討論,忻凌偉,38141,PHARM7002,423M0040,選修,,,,1 類,,1,,https://course.ntu.edu.tw/courses/114-1/38141
書報討論,郭錦樺,57634,PHARM7002,423M0040,選修,,,,1 類,,1,,https://course.ntu.edu.tw/courses/114-1/57634
書報討論,孔繁璐,48222,PHARM7002,423M0040,選修,,,,1 類,,1,,https://course.ntu.edu.tw/courses/114-1/48222
書報討論,張嘉銓,42241,PHARM7002,423M0040,選修,,,,1 類,,1,,https://course.ntu.edu.tw/courses/114-1/42241
書報討論,林文貞,13307,PHARM7002,423M0040,選修,,,,1 類,,1,,https://course.ntu.edu.tw/courses/114-1/13307
書報討論,林君榮,46802,PHARM7002,423M0040,選修,,,,1 類,,1,,https://course.ntu.edu.tw/courses/114-1/46802
書報討論,程吉安,10286,PHARM7002,423M0040,選修,,,,1 類,,1,,https://course.ntu.edu.tw/courses/114-1/10286
書報討論,張琳巧,28473,PHARM7002,423M0040,選修,,,,1 類,,1,,https://course.ntu.edu.tw/courses/114-1/28473
書報討論,柯威任,50914,PHARM7002,423M0040,選修,,,,1 類,,1,,https://course.ntu.edu.tw/courses/114-1/50914
書報討論,梁碧惠,54424,PHARM7002,423M0040,選修,,,,1 類,,1,,https://course.ntu.edu.tw/courses/114-1/54424
書報討論,楊家榮,24809,PHARM7002,423M0040,選修,,,,1 類,,1,,https://course.ntu.edu.tw/courses/114-1/24809
書報討論,徐莞曾,13775,PHARM7002,423M0040,選修,,,,1 類,,1,,https://course.ntu.edu.tw/courses/114-1/13775
書報討論,何蘊芳,46520,PHARM7002,423M0040,選修,,,,1 類,,1,,https://course.ntu.edu.tw/courses/114-1/46520
書報討論,余兆武,10155,PHARM7002,423M0040,選修,,,,1 類,,1,,https://course.ntu.edu.tw/courses/114-1/10155
藥學專題演講,程吉安,50080,PHARM7003,423M0060,必修 / 選修,,一 3,,1 類,,1,,https://course.ntu.edu.tw/courses/114-1/50080
新藥探索一,顧記華,22813,PHARM7004,423M0070,必修 / 選修,,"一 6,7",水森326,2 類,,2,,https://course.ntu.edu.tw/courses/114-1/22813
藥品動態學,林君榮,40347,PHARM7005,423M0400,必修 / 選修,,"三 9,10",水森415,1 類,,2,,https://course.ntu.edu.tw/courses/114-1/40347
生技藥物遞輸學,林君榮,56411,PHARM7009,423M1150,必修 / 選修,,"五 7,8,9",水森415,2 類,,3,,https://course.ntu.edu.tw/courses/114-1/56411
藥物立體化學,梁碧惠,43217,PHARM7012,423M1320,必修,,"五 3,4",水森415,1 類,,2,,https://course.ntu.edu.tw/courses/114-1/43217
碩士論文,,14954,PHARM7999,423M0010,必修,,,,1 類,,0,,https://course.ntu.edu.tw/courses/114-1/14954
專題討論,柯威任,33584,PHARM8001,423D0030,必修,,四 7,,1 類,,1,,https://course.ntu.edu.tw/courses/114-1/33584
書報討論,梁碧惠,13772,PHARM8002,423D0040,選修,,,,1 類,,1,,https://course.ntu.edu.tw/courses/114-1/13772
書報討論,余兆武,42982,PHARM8002,423D0040,選修,,,,1 類,,1,,https://course.ntu.edu.tw/courses/114-1/42982
書報討論,程吉安,50284,PHARM8002,423D0040,選修,,,,1 類,,1,,https://course.ntu.edu.tw/courses/114-1/50284
書報討論,郭錦樺,35380,PHARM8002,423D0040,選修,,,,1 類,,1,,https://course.ntu.edu.tw/courses/114-1/35380
書報討論,林文貞,42107,PHARM8002,423D0040,選修,,,,1 類,,1,,https://course.ntu.edu.tw/courses/114-1/42107
書報討論,余兆武,14359,PHARM8002,423D0040,選修,,,,1 類,,1,,https://course.ntu.edu.tw/courses/114-1/14359
書報討論,柯威任,41686,PHARM8002,423D0040,選修,,,,1 類,,1,,https://course.ntu.edu.tw/courses/114-1/41686
藥學專題講座,程吉安,18990,PHARM8003,423D0060,必修 / 選修,,一 4,,1 類,,1,,https://course.ntu.edu.tw/courses/114-1/18990
博士論文,,29858,PHARM8999,423D0010,必修,,,,1 類,,0,,https://course.ntu.edu.tw/courses/114-1/29858
專題討論,駱  遠,23702,PHIM7001,K47M1000,必修,,四 8,,1 類,,1,,https://course.ntu.edu.tw/courses/114-1/23702
專題研究,楊泮池,43177,PHIM7002,K47M0020,必修,,,,1 類,,1,,https://course.ntu.edu.tw/courses/114-1/43177
專題研究,吳明賢,30938,PHIM7002,K47M0020,必修,,,,1 類,,1,,https://course.ntu.edu.tw/courses/114-1/30938
專題研究,張原豪,18851,PHIM7002,K47M0020,必修,,,,1 類,,1,,https://course.ntu.edu.tw/courses/114-1/18851
專題研究,李百祺,42304,PHIM7002,K47M0020,必修,,,,1 類,,1,,https://course.ntu.edu.tw/courses/114-1/42304
專題研究,駱  遠,23920,PHIM7002,K47M0020,必修,,,,1 類,,1,,https://course.ntu.edu.tw/courses/114-1/23920
專題研究,林世明,47560,PHIM7002,K47M0020,必修,,,,1 類,,1,,https://course.ntu.edu.tw/courses/114-1/47560
專題研究,俞松良,58058,PHIM7002,K47M0020,必修,,,,1 類,,1,,https://course.ntu.edu.tw/courses/114-1/58058
專題研究,施吉昇,59626,PHIM7002,K47M0020,必修,,,,1 類,,1,,https://course.ntu.edu.tw/courses/114-1/59626
專題研究,洪士灝,20579,PHIM7002,K47M0020,必修,,,,1 類,,1,,https://course.ntu.edu.tw/courses/114-1/20579
專題研究,黃宣銘,47674,PHIM7002,K47M0020,必修,,,,1 類,,1,,https://course.ntu.edu.tw/courses/114-1/47674
專題研究,張  瀚,30225,PHIM7002,K47M0020,必修,,,,1 類,,1,,https://course.ntu.edu.tw/courses/114-1/30225
專題研究,蕭輔仁,12452,PHIM7002,K47M0020,必修,,,,1 類,,1,,https://course.ntu.edu.tw/courses/114-1/12452
專題研究,宋孔彬,52233,PHIM7002,K47M0020,必修,,,,1 類,,1,,https://course.ntu.edu.tw/courses/114-1/52233
專題研究,黃國彥,30352,PHIM7002,K47M0020,必修,,,,1 類,,1,,https://course.ntu.edu.tw/courses/114-1/30352
研發實習,駱  遠,59598,PHIM7003,K47M0030,選修,,,,2 類,,3,,https://course.ntu.edu.tw/courses/114-1/59598
癌症生物技術與實作,黃國彥,27043,PHIM7004,K47M0040,選修,,"二 6,7,8",,2 類,,3,,https://course.ntu.edu.tw/courses/114-1/27043
碩士論文,,20576,PHIM7999,K47M0010,必修,,,,1 類,,0,,https://course.ntu.edu.tw/courses/114-1/20576
專題討論,駱  遠,50550,PHIM8001,K48D1000,必修,,四 8,,1 類,,1,,https://course.ntu.edu.tw/courses/114-1/50550
專題研究,楊泮池,54294,PHIM8002,K48D0020,必修,,,,1 類,,1,,https://course.ntu.edu.tw/courses/114-1/54294
專題研究,倪衍玄,47787,PHIM8002,K48D0020,必修,,,,1 類,,1,,https://course.ntu.edu.tw/courses/114-1/47787
專題研究,吳明賢,38661,PHIM8002,K48D0020,必修,,,,1 類,,1,,https://course.ntu.edu.tw/courses/114-1/38661
專題研究,張原豪,45986,PHIM8002,K48D0020,必修,,,,1 類,,1,,https://course.ntu.edu.tw/courses/114-1/45986
專題研究,李百祺,12204,PHIM8002,K48D0020,必修,,,,1 類,,1,,https://course.ntu.edu.tw/courses/114-1/12204
專題研究,林育君,41579,PHIM8002,K48D0020,必修,,,,1 類,,1,,https://course.ntu.edu.tw/courses/114-1/41579
專題研究,張  瀚,23630,PHIM8002,K48D0020,必修,,,,1 類,,1,,https://course.ntu.edu.tw/courses/114-1/23630
專題研究,蕭輔仁,14839,PHIM8002,K48D0020,必修,,,,1 類,,1,,https://course.ntu.edu.tw/courses/114-1/14839
專題研究,劉子毓,54523,PHIM8002,K48D0020,必修,,,,1 類,,1,,https://course.ntu.edu.tw/courses/114-1/54523
專題研究,黃國彥,53190,PHIM8002,K48D0020,必修,,,,1 類,,1,,https://course.ntu.edu.tw/courses/114-1/53190
研發實習,駱  遠,52992,PHIM8003,K48D0030,選修,,,,1 類,,3,,https://course.ntu.edu.tw/courses/114-1/52992
博士論文,駱  遠,46294,PHIM8999,K48D0010,必修,,,,1 類,,0,,https://course.ntu.edu.tw/courses/114-1/46294
服務學習甲,陳樂知,29831,Phl0006,104001G0,必帶,,五 6,,2 類,,1,,https://course.ntu.edu.tw/courses/114-1/29831
服務學習乙,周先捷,20429,Phl0007,104001H0,必帶,,,,2 類,,1,,https://course.ntu.edu.tw/courses/114-1/20429
服務學習乙,徐乃義,19415,Phl0007,104001H0,必帶,,,,2 類,,1,,https://course.ntu.edu.tw/courses/114-1/19415
基本邏輯,鄧敦民,47205,Phl1008,10410400,必帶 / 選修,,"二 7,8,9,10",普102,2 類,,3,,https://course.ntu.edu.tw/courses/114-1/47205
中國哲學史一,李賢中,22458,Phl1010,10432310,必帶,,"三 2,3,4,5",新202,2 類,,3,,https://course.ntu.edu.tw/courses/114-1/22458
西洋哲學史一,徐學庸,56782,Phl1050,10430010,必帶 / 選修,,"四 2,3,4,5",共204,3 類,,3,,https://course.ntu.edu.tw/courses/114-1/56782
十九世紀音樂哲學,彭文本,12678,Phl1703,10409400,,,"五 2,3,4",新204,2 類,,3,,https://course.ntu.edu.tw/courses/114-1/12678
正義的理論與實踐,苑舉正,28378,Phl1905,10409800,,,"三 2,3,4",普304,3 類,,3,,https://course.ntu.edu.tw/courses/114-1/28378
用AI探究因果與時間旅行,周先捷,48271,Phl1919,10406600,,,"二 2,3,4",普203,2 類,,3,,https://course.ntu.edu.tw/courses/114-1/48271
先秦道家哲學,魏家豪,25279,Phl2015,10416900,必修 / 選修,,"二 3,4,5",普502,2 類,,3,,https://course.ntu.edu.tw/courses/114-1/25279
哲學英文,文  哲,34946,Phl2059,10445600,必修,,"一 2,3,4",人文342,2 類,,3,,https://course.ntu.edu.tw/courses/114-1/34946
倫理學,吳澤玫,20253,Phl2062,10420100,必帶 / 選修,,"三 7,8,9,10",普502,3 類,,3,,https://course.ntu.edu.tw/courses/114-1/20253
知識論,周先捷,56468,Phl2063,10447300,必帶,,"二 7,8,9,10",新202,2 類,,3,,https://course.ntu.edu.tw/courses/114-1/56468
先秦儒家哲學經典：《荀子》,徐乃義,22351,Phl2110,10451500,必修 / 選修,,"五 7,8,9",新301,3 類,,3,,https://course.ntu.edu.tw/courses/114-1/22351
社會正義與民主公民,吳澤玫,15275,Phl2802,10409600,,,"四 8,9,10",共204,3 類,,3,,https://course.ntu.edu.tw/courses/114-1/15275
阿多諾哲學,羅名珍,25524,Phl2806,10456500,必修 / 選修,,"二 7,8,9",新201,2 類,,3,,https://course.ntu.edu.tw/courses/114-1/25524
梵文二上,耿  晴,16245,Phl2952,10435421,選修,,"一 2,3,4",人文B201-1,2 類,,3,,https://course.ntu.edu.tw/courses/114-1/16245
佛學概論,李勝海,21468,Phl3022,10432600,,,"四 7,8,9",共205,2 類,,3,,https://course.ntu.edu.tw/courses/114-1/21468
宋明理學,陳志強,35667,Phl3030,10422900,,,"二 2,3,4",文18,3 類,,3,,https://course.ntu.edu.tw/courses/114-1/35667
科學哲學,苑舉正,26044,Phl4083,10420500,,,"四 6,7,8",普102,3 類,,3,,https://course.ntu.edu.tw/courses/114-1/26044
莊子哲學,林明照,25970,Phl4102,10418700,,,"四 8,9,10",新505,2 類,,3,,https://course.ntu.edu.tw/courses/114-1/25970
專題討論上,徐學庸,20603,Phl4997,10440801,選修,,五 10,人文302,2 類,,1,,https://course.ntu.edu.tw/courses/114-1/20603
專題討論上,徐學庸,56021,Phl4997,10440801,選修,,四 1,人文302,2 類,,1,,https://course.ntu.edu.tw/courses/114-1/56021
專題討論上,鄧敦民,13392,Phl4997,10440801,選修,,一 1,人文302,2 類,,1,,https://course.ntu.edu.tw/courses/114-1/13392
專題討論上,周先捷,48335,Phl4997,10440801,選修,,三 4,人文302,2 類,,1,,https://course.ntu.edu.tw/courses/114-1/48335
研究指導,林明照,28555,Phl7018,124M0260,選修,,"四 3,4",人文345,3 類,,2,,https://course.ntu.edu.tw/courses/114-1/28555
老子哲學研究,魏家豪,18597,Phl7112,124M0520,選修,,"四 3,4,5",人文B201-1,2 類,,3,,https://course.ntu.edu.tw/courses/114-1/18597
墨子研究,李賢中,10702,Phl7126,124M0570,必修 / 選修,,"五 2,3,4",人文342,2 類,,3,,https://course.ntu.edu.tw/courses/114-1/10702
觀念史研究方法與中國古代哲學,佐藤將之,54270,Phl7162,124M6620,必修 / 選修,,"二 7,8,9",人文345,3 類,,3,,https://course.ntu.edu.tw/courses/114-1/54270
中國古代的修辭與哲學,徐乃義,43181,Phl7179,124M8790,必修 / 選修,,"三 7,8,9",人文342,2 類,,3,,https://course.ntu.edu.tw/courses/114-1/43181
佛教禪修哲學,蔡耀明,50129,Phl7225,124M0880,必修 / 選修,,"五 6,7,8",人文342,3 類,,3,,https://course.ntu.edu.tw/courses/114-1/50129
法稱《正理滴論》,李勝海,21923,Phl7261,124M6930,必修 / 選修,,"二 7,8,9",人文342,3 類,,3,,https://course.ntu.edu.tw/courses/114-1/21923
《大乘起信論》注疏研究,耿  晴,19677,Phl7267,124M8770,必修 / 選修,,"四 2,3,4",人文342,2 類,,3,,https://course.ntu.edu.tw/courses/114-1/19677
比較哲學與跨領域研究,陳志強,52484,Phl7381,124M8780,選修,,"二 6,7",人文302,3 類,,2,,https://course.ntu.edu.tw/courses/114-1/52484
專題研究︰荀子倫理學,徐乃義,56821,Phl7436,124M4890,選修,,四 5,人文302,2 類,,1,,https://course.ntu.edu.tw/courses/114-1/56821
維根斯坦《哲學研究》§§1-184,文  哲,40406,Phl7557,124M7910,必修 / 選修,,"三 8,9,10",人文345,2 類,,3,,https://course.ntu.edu.tw/courses/114-1/40406
本質與本質主義,鄧敦民,10237,Phl7598,124M8430,必修 / 選修,,"三 3,4,5",人文345,2 類,,3,,https://course.ntu.edu.tw/courses/114-1/10237
康德《純粹理性批判》,彭文本,55335,Phl7605,124M2280,必修 / 選修,,"三 2,3,4",人文342,3 類,,3,,https://course.ntu.edu.tw/courses/114-1/55335
戴維森哲學,楊金穆,43367,Phl7674,124M4380,必修 / 選修,,"四 7,8,9",人文345,2 類,,3,,https://course.ntu.edu.tw/courses/114-1/43367
黑格爾精神現象學方法論上,楊植勝,19638,Phl7693,124M7531,必修 / 選修,,"四 8,9,10",人文342,3 類,,3,,https://course.ntu.edu.tw/courses/114-1/19638
機器倫理學,王榮麟,35126,Phl7950,124M8420,必修 / 選修,,"二 7,8,9",人文B201-1,2 類,,3,,https://course.ntu.edu.tw/courses/114-1/35126
批判理論論工作,羅名珍,37000,Phl7951,124M8450,必修 / 選修,,"五 7,8,9",人文345,2 類,,3,,https://course.ntu.edu.tw/courses/114-1/37000
碩士論文,,56486,Phl7999,124M0010,必修,,,,1 類,,0,,https://course.ntu.edu.tw/courses/114-1/56486
東方哲學問題討論上,佐藤將之,26687,Phl8010,124D0101,必修,,"二 4,5",人文342,3 類,,2,,https://course.ntu.edu.tw/courses/114-1/26687
博士論文,,15705,Phl8999,124D0010,選修,,,,1 類,,0,,https://course.ntu.edu.tw/courses/114-1/15705
細胞治療與再生醫學面面觀,林泰元,18645,Phmco1001,44310010,,,"一 8,9",博雅302,3 類,,2,,https://course.ntu.edu.tw/courses/114-1/18645
專題討論,楊鎧鍵,53994,Phmco7009,443M0030,必修,,"三 2,3,4",基醫104,3 類,,1,,https://course.ntu.edu.tw/courses/114-1/53994
藥理學特論,林琬琬,53627,Phmco7019,443M1280,必修,,"二 2,3,4",基醫1105,3 類,,3,,https://course.ntu.edu.tw/courses/114-1/53627
神經藥理學論著選讀一,邱麗珠,34700,Phmco7022,443M1610,選修,,"一 6,7",基醫1105,2 類,,1,,https://course.ntu.edu.tw/courses/114-1/34700
訊息傳遞論著選讀一,林琬琬,15432,Phmco7024,443M1630,選修,,"五 6,7",基醫1105,3 類,,1,,https://course.ntu.edu.tw/courses/114-1/15432
心血管藥理及其訊息論著選讀一,陳文彬,38098,Phmco7026,443M1650,選修,,"四 6,7",基醫1105,3 類,,1,,https://course.ntu.edu.tw/courses/114-1/38098
分子癌症藥理論著選讀一,吳青錫,18350,Phmco7028,443M1670,選修,,"五 3,4",基醫1105,3 類,,1,,https://course.ntu.edu.tw/courses/114-1/18350
碩士論文,楊鎧鍵,23092,Phmco7999,443M0010,必修,,,,1 類,,0,,https://course.ntu.edu.tw/courses/114-1/23092
專題討論,楊鎧鍵,31135,Phmco8001,443D0040,必修,,"三 2,3,4",,3 類,,2,,https://course.ntu.edu.tw/courses/114-1/31135
高等藥理學特論一,楊鎧鍵,41584,Phmco8011,443D1510,必修,,,,3 類,,2,,https://course.ntu.edu.tw/courses/114-1/41584
博士論文,楊鎧鍵,45752,Phmco8999,443D0010,必修,,,,1 類,,0,,https://course.ntu.edu.tw/courses/114-1/45752
服務學習甲,邱品融,95010,Phys0008,202001G0,必帶,,,,2 類,,1,,https://course.ntu.edu.tw/courses/114-1/95010
普通物理學甲上,薛熙于,13347,Phys1006,202101A1,,,"二 3,4 / 四 3,4",普304/普403,2 類,,3,,https://course.ntu.edu.tw/courses/114-1/13347
普通物理學甲上,梁啟德,40160,Phys1006,202101A1,,,"二 3,4 / 四 3,4",新物111,2 類,,3,,https://course.ntu.edu.tw/courses/114-1/40160
普通物理學甲上,邱品融,28167,Phys1006,202101A1,,,"二 3,4 / 四 3,4",普201,2 類,,3,,https://course.ntu.edu.tw/courses/114-1/28167
普通物理學甲上,楊珮芸,19157,Phys1006,202101A1,,,"二 3,4 / 四 3,4",博雅302/綜501,2 類,,3,,https://course.ntu.edu.tw/courses/114-1/19157
普通物理學甲上,楊超強,56399,Phys1006,202101A1,,,"二 3,4 / 四 3,4",新405/新404,3 類,,3,,https://course.ntu.edu.tw/courses/114-1/56399
普通物理學甲上,胡德邦,34139,Phys1006,202101A1,,,"四 6,7 / 五 3,4",共301,2 類,,3,,https://course.ntu.edu.tw/courses/114-1/34139
普通物理學甲上,王名儒,23981,Phys1006,202101A1,,,"二 3,4 / 四 3,4",博雅202,2 類,,3,,https://course.ntu.edu.tw/courses/114-1/23981
普通物理學甲上,趙治宇,53391,Phys1006,202101A1,,,"二 3,4 / 四 3,4",新303/共301,2 類,,3,,https://course.ntu.edu.tw/courses/114-1/53391
普通物理學甲上,楊珮芸,47525,Phys1006,202101A1,,,"三 3,4 / 五 3,4",博雅302/博雅301,3 類,,3,,https://course.ntu.edu.tw/courses/114-1/47525
普通物理學甲上,易富國,25175,Phys1006,202101A1,,,"三 3,4 / 五 3,4",新504/新503,2 類,,3,,https://course.ntu.edu.tw/courses/114-1/25175
普通物理學乙,石明豐,44929,Phys1008,202101B0,,,"三 7,8,9",共101,2 類,,3,,https://course.ntu.edu.tw/courses/114-1/44929
普通物理學乙,梁國淦,20976,Phys1008,202101B0,,,"一 6 / 二 1,2",普301,2 類,,3,,https://course.ntu.edu.tw/courses/114-1/20976
普通物理學乙,胡德邦,52756,Phys1008,202101B0,,,"一 2,3,4",新102,2 類,,3,,https://course.ntu.edu.tw/courses/114-1/52756
普通物理學乙,李侑昇,19098,Phys1008,202101B0,,,"三 2,3,4",新404,2 類,,3,,https://course.ntu.edu.tw/courses/114-1/19098
普通物理學乙,楊珮芸,12333,Phys1008,202101B0,選修,,"一 2,3,4",共103,3 類,,3,,https://course.ntu.edu.tw/courses/114-1/12333
國際學伴之服務學習,吳俊輝,51603,Phys1039,20211700,選修,,,,2 類,,2,,https://course.ntu.edu.tw/courses/114-1/51603
普通物理學實驗一,許長仁,23963,Phys1040,20210510,必帶,,"五 7,8,9",,2 類,,1,,https://course.ntu.edu.tw/courses/114-1/23963
普通物理學實驗一,沈家賢,56426,Phys1040,20210510,必帶,,"五 7,8,9",,2 類,,1,,https://course.ntu.edu.tw/courses/114-1/56426
普通物理學實驗一,楊珮芸,10671,Phys1040,20210510,必帶,,"四 7,8,9",,2 類,,1,,https://course.ntu.edu.tw/courses/114-1/10671
普通物理學實驗一,許長仁,39362,Phys1040,20210510,必帶,,"四 7,8,9",,2 類,,1,,https://course.ntu.edu.tw/courses/114-1/39362
普通物理學實驗一,王喬萱,40881,Phys1040,20210510,必帶,,"三 2,3,4",,2 類,,1,,https://course.ntu.edu.tw/courses/114-1/40881
普通物理學實驗一,邱品融,55940,Phys1040,20210510,必帶,,"三 2,3,4",,2 類,,1,,https://course.ntu.edu.tw/courses/114-1/55940
普通物理學實驗一,南智祐,45971,Phys1040,20210510,必帶,,"三 2,3,4",,2 類,,1,,https://course.ntu.edu.tw/courses/114-1/45971
普通物理學實驗一,許長仁,21263,Phys1040,20210510,必帶,,"一 2,3,4",,2 類,,1,,https://course.ntu.edu.tw/courses/114-1/21263
普通物理學實驗一,李侑昇,44589,Phys1040,20210510,必帶,,"一 2,3,4",,2 類,,1,,https://course.ntu.edu.tw/courses/114-1/44589
普通物理學實驗一,楊珮芸,40978,Phys1040,20210510,選修,,"三 7,8,9",,2 類,,1,,https://course.ntu.edu.tw/courses/114-1/40978
普通物理學實驗一,許長仁,29406,Phys1040,20210510,必帶,,"二 2,3,4",,2 類,,1,,https://course.ntu.edu.tw/courses/114-1/29406
普通物理學實驗一,呂榮祥,21003,Phys1040,20210510,必帶,,"一 2,3,4",,2 類,,1,,https://course.ntu.edu.tw/courses/114-1/21003
普通物理學實驗一,陳銘堯,26297,Phys1040,20210510,必帶,,"一 6,7,8",,2 類,,1,,https://course.ntu.edu.tw/courses/114-1/26297
普通物理學實驗一,楊珮芸,30652,Phys1040,20210510,必帶,,"一 7,8,9",,2 類,,1,,https://course.ntu.edu.tw/courses/114-1/30652
普通物理學實驗一,楊珮芸,21459,Phys1040,20210510,必帶,,"二 7,8,9",,2 類,,1,,https://course.ntu.edu.tw/courses/114-1/21459
普通物理學實驗一,許長仁,28120,Phys1040,20210510,必帶,,"二 7,8,9",,2 類,,1,,https://course.ntu.edu.tw/courses/114-1/28120
普通物理學實驗一,楊超強,45338,Phys1040,20210510,必帶,,"二 7,8,9",,2 類,,1,,https://course.ntu.edu.tw/courses/114-1/45338
普通物理學實驗一,胡家瑜,29791,Phys1040,20210510,必帶,,"一 7,8,9",,2 類,,1,,https://course.ntu.edu.tw/courses/114-1/29791
普通物理學實驗一,陳銘堯,53820,Phys1040,20210510,必帶,,"四 2,3,4",,2 類,,1,,https://course.ntu.edu.tw/courses/114-1/53820
普通物理學實驗一,謝長澤,57485,Phys1040,20210510,必帶,,"四 2,3,4",,2 類,,1,,https://course.ntu.edu.tw/courses/114-1/57485
普通物理學實驗一,藍劭宇,17712,Phys1040,20210510,必帶,,"四 2,3,4",,2 類,,1,,https://course.ntu.edu.tw/courses/114-1/17712
普通物理學實驗一,藍鼎文,56062,Phys1040,20210510,必修,,"二 2,3,4",,2 類,,1,,https://course.ntu.edu.tw/courses/114-1/56062
力學,梁國淦,37012,Phys2003,20221100,必帶,,"一 3,4 / 四 3,4",新物111/新物833,2 類,,4,,https://course.ntu.edu.tw/courses/114-1/37012
電磁學上,賀培銘,56276,Phys2019,20223301,必帶,,"三 2,3,4",楊金豹演講廳,2 類,,3,,https://course.ntu.edu.tw/courses/114-1/56276
電磁學習題演練上,賀培銘,16674,Phys2021,20223401,必帶,,一 5,新物111,2 類,,1,,https://course.ntu.edu.tw/courses/114-1/16674
電磁學習題演練上,賀培銘,39886,Phys2021,20223401,必帶,,二 5,新物111,2 類,,1,,https://course.ntu.edu.tw/courses/114-1/39886
應用數學下,吳俊輝,41654,Phys2025,20220412,必帶,,"四 6,7,8",新物111,2 類,,3,,https://course.ntu.edu.tw/courses/114-1/41654
力學習題演練,梁國淦,38132,Phys2028,20221200,必帶,,四 5,新物111,2 類,,1,,https://course.ntu.edu.tw/courses/114-1/38132
基礎物理實驗,王立民,29070,Phys3007,20233100,必帶,,"一 6,7,8,9,10,A",,2 類,,3,,https://course.ntu.edu.tw/courses/114-1/29070
基礎物理實驗,王立民,50848,Phys3007,20233100,必帶,,"三 6,7,8,9,10,A",,2 類,,3,,https://course.ntu.edu.tw/courses/114-1/50848
量子物理上,石明豐,46717,Phys3015,20230701,必帶,,"五 2,3,4",新物111,2 類,,3,,https://course.ntu.edu.tw/courses/114-1/46717
光學導論,藍劭宇,32805,Phys4001,20240110,選修,,"三 7,8,9",新物304,2 類,,3,,https://course.ntu.edu.tw/courses/114-1/32805
普通天文學,藍鼎文,56516,Phys4004,20240650,選修,,"一 7,8,9",新物111,2 類,,3,,https://course.ntu.edu.tw/courses/114-1/56516
類比電子學實務,朱士維,38252,Phys4014,20248210,選修,,"五 6,7,8,9",新物207,2 類,,4,,https://course.ntu.edu.tw/courses/114-1/38252
流體力學,胡家瑜,53002,Phys5015,222U0800,選修,,"二 2,3,4",天數812,2 類,,3,,https://course.ntu.edu.tw/courses/114-1/53002
理論物理專題一,吳俊輝,47066,Phys5029,222U2040,選修,,,,2 類,,2,,https://course.ntu.edu.tw/courses/114-1/47066
粒子天文物理之實驗技巧,南智祐,24229,Phys5043,222U2160,選修,,"三 7,8,9",,1 類,,3,,https://course.ntu.edu.tw/courses/114-1/24229
核天文物理介紹,王子方,22347,Phys5060,222U2300,選修,,"四 9,10",新物833,1 類,,2,,https://course.ntu.edu.tw/courses/114-1/22347
專題研究,熊  怡,54425,Phys7001,222M0020,選修,,,,1 類,,1,,https://course.ntu.edu.tw/courses/114-1/54425
專題研究,吳俊輝,42374,Phys7001,222M0020,選修,,,,2 類,,1,,https://course.ntu.edu.tw/courses/114-1/42374
專題研究,謝馬利歐,16755,Phys7001,222M0020,選修,,,,1 類,,1,,https://course.ntu.edu.tw/courses/114-1/16755
專題研究,王名儒,43379,Phys7001,222M0020,選修,,,,1 類,,1,,https://course.ntu.edu.tw/courses/114-1/43379
專題研究,郭光宇,20747,Phys7001,222M0020,選修,,,,1 類,,1,,https://course.ntu.edu.tw/courses/114-1/20747
專題研究,黃宇廷,47315,Phys7001,222M0020,選修,,,,1 類,,1,,https://course.ntu.edu.tw/courses/114-1/47315
專題研究,藍鼎文,21662,Phys7001,222M0020,選修,,,,2 類,,1,,https://course.ntu.edu.tw/courses/114-1/21662
專題研究,王喬萱,46157,Phys7001,222M0020,選修,,,,2 類,,1,,https://course.ntu.edu.tw/courses/114-1/46157
專題研究,張寶棣,37823,Phys7001,222M0020,選修,,,,1 類,,1,,https://course.ntu.edu.tw/courses/114-1/37823
專題研究,梁啟德,35782,Phys7001,222M0020,選修,,,,1 類,,1,,https://course.ntu.edu.tw/courses/114-1/35782
專題研究,楊超強,46647,Phys7001,222M0020,選修,,,,1 類,,1,,https://course.ntu.edu.tw/courses/114-1/46647
專題研究,高英哲,95086,Phys7001,222M0020,選修,,,,1 類,,1,,https://course.ntu.edu.tw/courses/114-1/95086
專題研究,林敏聰,14577,Phys7001,222M0020,選修,,,,1 類,,1,,https://course.ntu.edu.tw/courses/114-1/14577
專題研究,傅昭銘,13164,Phys7001,222M0020,選修,,,,1 類,,1,,https://course.ntu.edu.tw/courses/114-1/13164
專題研究,管希聖,56400,Phys7001,222M0020,選修,,,,1 類,,1,,https://course.ntu.edu.tw/courses/114-1/56400
專題研究,朱士維,59604,Phys7001,222M0020,選修,,,,1 類,,1,,https://course.ntu.edu.tw/courses/114-1/59604
專題研究,蔡政達,24906,Phys7001,222M0020,選修,,,,1 類,,1,,https://course.ntu.edu.tw/courses/114-1/24906
專題討論一,陳凱風,37161,Phys7010,222M0140,必修 / 選修,,"四 7,8",楊金豹演講廳,2 類,,1,,https://course.ntu.edu.tw/courses/114-1/37161
古典電力學一,王喬萱,21813,Phys7012,222M1310,必修 / 選修,,"一 6,7 / 五 3,4",楊金豹演講廳,2 類,,4,,https://course.ntu.edu.tw/courses/114-1/21813
古典電力學一,陳恆榆,24967,Phys7012,222M1310,必修 / 選修,,"二 9,10 / 三 3,4",新物833,2 類,,4,,https://course.ntu.edu.tw/courses/114-1/24967
量子力學一,蔣正偉,17771,Phys7014,222M1410,必修 / 選修,,"一 8,9 / 三 8,9",楊金豹演講廳,1 類,,4,,https://course.ntu.edu.tw/courses/114-1/17771
量子力學一,陳政維,41105,Phys7014,222M1410,必修 / 選修,,"二 3,4 / 四 3,4",新物112,1 類,,4,,https://course.ntu.edu.tw/courses/114-1/41105
固態物理導論,江正天,28529,Phys7018,222M1720,必修 / 選修,,"一 3,4 / 五 6,7",新物112,2 類,,4,,https://course.ntu.edu.tw/courses/114-1/28529
古典力學,黃宇廷,35494,Phys7019,222M1940,選修,,"二 9,10 / 四 9,10",新物112,2 類,,4,,https://course.ntu.edu.tw/courses/114-1/35494
計算物理,高英哲,35005,Phys7030,222M2710,選修,,"一 7,8,9",新物406,1 類,,3,,https://course.ntu.edu.tw/courses/114-1/35005
磁學導論,黃斯衍,33778,Phys7034,222M3060,選修,,"五 7,8,9",新物517,2 類,,3,,https://course.ntu.edu.tw/courses/114-1/33778
生物物理導論,林耿慧,56540,Phys7067,222M6190,選修,,"一 3,4",新物815,1 類,,2,,https://course.ntu.edu.tw/courses/114-1/56540
古典與量子黑洞,陳丕燊,52178,Phys7068,222M6200,選修,,"三 3,4",,2 類,,2,,https://course.ntu.edu.tw/courses/114-1/52178
粒子物理導論,裴思達,43973,Phys7077,222M6280,選修,,"四 7,8,9",新物406,3 類,,3,,https://course.ntu.edu.tw/courses/114-1/43973
（機器）學習的物理理論,程之寧,22344,Phys7082,222M6330,選修,,"三 8,9",新物406,2 類,,2,,https://course.ntu.edu.tw/courses/114-1/22344
碩士論文,,39708,Phys7999,222M0010,必修,,,,1 類,,0,,https://course.ntu.edu.tw/courses/114-1/39708
高等專題研究,吳俊輝,54687,Phys8001,222D0020,選修,,,,2 類,,1,,https://course.ntu.edu.tw/courses/114-1/54687
高等專題研究,謝馬利歐,45155,Phys8001,222D0020,選修,,,,3 類,,1,,https://course.ntu.edu.tw/courses/114-1/45155
高等專題研究,王名儒,35549,Phys8001,222D0020,選修,,,,1 類,,1,,https://course.ntu.edu.tw/courses/114-1/35549
高等專題研究,郭光宇,41214,Phys8001,222D0020,選修,,,,1 類,,1,,https://course.ntu.edu.tw/courses/114-1/41214
高等專題研究,王喬萱,54383,Phys8001,222D0020,選修,,,,2 類,,1,,https://course.ntu.edu.tw/courses/114-1/54383
高等專題研究,謝長澤,51861,Phys8001,222D0020,選修,,,,1 類,,1,,https://course.ntu.edu.tw/courses/114-1/51861
高等專題研究,蔡政達,10782,Phys8001,222D0020,選修,,,,1 類,,1,,https://course.ntu.edu.tw/courses/114-1/10782
高等專題研究,包曼丹尼爾,32769,Phys8001,222D0020,選修,,,,1 類,,1,,https://course.ntu.edu.tw/courses/114-1/32769
高等專題研究,梁啟德,42939,Phys8001,222D0020,選修,,,,1 類,,1,,https://course.ntu.edu.tw/courses/114-1/42939
高等專題研究,楊超強,21466,Phys8001,222D0020,選修,,,,1 類,,1,,https://course.ntu.edu.tw/courses/114-1/21466
高等專題研究,林敏聰,23424,Phys8001,222D0020,選修,,,,1 類,,1,,https://course.ntu.edu.tw/courses/114-1/23424
高等專題研究,管希聖,27666,Phys8001,222D0020,選修,,,,2 類,,1,,https://course.ntu.edu.tw/courses/114-1/27666
高等專題研究,陳凱風,27832,Phys8001,222D0020,選修,,,,1 類,,1,,https://course.ntu.edu.tw/courses/114-1/27832
高等專題研究,黃斯衍,51226,Phys8001,222D0020,選修,,,,1 類,,1,,https://course.ntu.edu.tw/courses/114-1/51226
量子力學三,侯維恕,22549,Phys8011,222D1430,選修,,"一 3,4 / 三 3,4",新物716,2 類,,4,,https://course.ntu.edu.tw/courses/114-1/22549
統計物理二,林俊達,59658,Phys8015,222D1620,選修,,"一 3,4 / 三 3,4",新物406,2 類,,4,,https://course.ntu.edu.tw/courses/114-1/59658
量子場論二,謝長澤,42038,Phys8018,222D1680,選修,,"二 9,10,A",新物304,1 類,,3,,https://course.ntu.edu.tw/courses/114-1/42038
粒子物理二,陳俊瑋,36493,Phys8034,222D2650,選修,,"四 7,8,9",新物618,2 類,,3,,https://course.ntu.edu.tw/courses/114-1/36493
量子計算與資訊導論,管希聖,36631,Phys8049,222D3040,選修,,"四 7,8,9",新物716,2 類,,3,,https://course.ntu.edu.tw/courses/114-1/36631
高等專題討論一(國際學程),李尚凡,49010,Phys8062,222D5010,必修,,"三 7,8",,1 類,,1,,https://course.ntu.edu.tw/courses/114-1/49010
量子力學上(國際學程),李尚凡,45203,Phys8067,222D5061,必修 / 選修,,"四 7,8,9",,1 類,,3,,https://course.ntu.edu.tw/courses/114-1/45203
高等專題討論三(國際),李尚凡,57263,Phys8072,222D5120,必修,,,,1 類,,1,,https://course.ntu.edu.tw/courses/114-1/57263
固態物理一,李尚凡,11764,Phys8094,222D5300,選修,,"二 2,3,4",,1 類,,3,,https://course.ntu.edu.tw/courses/114-1/11764
奈米科技導論,李尚凡,57148,Phys8098,222D5340,必修 / 選修,,"五 6,7,8",,1 類,,3,,https://course.ntu.edu.tw/courses/114-1/57148
奈米科技導論,李尚凡,25034,Phys8098,222D5340,必修 / 選修,,"一 6,7,8",,1 類,,3,,https://course.ntu.edu.tw/courses/114-1/25034
衍射光學與全像影像術,駱  遠,40079,Phys8107,222D3280,選修,,"五 7,8",新物833,2 類,,2,,https://course.ntu.edu.tw/courses/114-1/40079
第一原理計算材料物理學,郭光宇,55728,Phys8129,222D3430,選修,,"五 7,8,9",新物304,1 類,,3,,https://course.ntu.edu.tw/courses/114-1/55728
量子計算的應用場景,張慶瑞,27986,Phys8146,222D3510,選修,,"五 7,8",楊金豹演講廳,2 類,,2,,https://course.ntu.edu.tw/courses/114-1/27986
廣義相對論,高涌泉,50330,Phys8152,222D5500,選修,,"一 6,7,8",新物833,2 類,,3,,https://course.ntu.edu.tw/courses/114-1/50330
尖端計量學以及能譜與顯微術之基礎與應用,林麗瓊,11796,Phys8156,222D5540,選修,,"一 2,3,4",,1 類,,3,,https://course.ntu.edu.tw/courses/114-1/11796
原分子與光子系統為基礎之量子科技,李尚凡,34758,Phys8163,222D5580,選修,,"二 6,7,8",,1 類,,3,,https://course.ntu.edu.tw/courses/114-1/34758
博士論文,,32861,Phys8999,222D0010,選修,,,,1 類,,0,,https://course.ntu.edu.tw/courses/114-1/32861
粥狀動脈硬化細胞與分子病理生理學,李宗玄,34494,Physio5003,441U1600,選修,,"三 6,7,8",基醫1003,3 類,,3,,https://course.ntu.edu.tw/courses/114-1/34494
人體生理學,湯志永,32426,Physio7002,441M1110,必修,,"二 7,8,9 / 四 7,8,9",基醫1003,3 類,,6,,https://course.ntu.edu.tw/courses/114-1/32426
專題討論,賴亮全,38965,Physio7043,441M0040,必修,,"二 2,3,4",基醫101,3 類,,2,,https://course.ntu.edu.tw/courses/114-1/38965
實驗生理學與實習上,蘇慧敏,44076,Physio7045,441M4211,必修,,"五 3,4,6,7,8,9",B2實驗室,3 類,,2,,https://course.ntu.edu.tw/courses/114-1/44076
碩士論文,,42514,Physio7999,441M0010,必修,,,,1 類,,0,,https://course.ntu.edu.tw/courses/114-1/42514
人體生理學,湯志永,42707,Physio8002,441D2300,必修,,"二 7,8,9 / 四 7,8,9",,3 類,,6,,https://course.ntu.edu.tw/courses/114-1/42707
專題討論,賴亮全,33076,Physio8043,441D0040,必修,,"二 2,3,4",,3 類,,2,,https://course.ntu.edu.tw/courses/114-1/33076
博士論文,,11745,Physio8999,441D0010,必修,,,,1 類,,0,,https://course.ntu.edu.tw/courses/114-1/11745
逆境植物學,楊淑怡,29176,PlBio5006,B42U0430,選修,,"三 3,4",生科3C,1 類,,2,,https://course.ntu.edu.tw/courses/114-1/29176
光合作用與光植物生理學,謝旭亮,33414,PlBio5010,B42U0480,選修,,"一 7 / 四 3,4",生科4C,1 類,,3,,https://course.ntu.edu.tw/courses/114-1/33414
專題研究,靳宗洛,10397,PlBio7001,B42M0020,必修,,,,1 類,,1,,https://course.ntu.edu.tw/courses/114-1/10397
專題研究,謝旭亮,23946,PlBio7001,B42M0020,必修,,,,1 類,,1,,https://course.ntu.edu.tw/courses/114-1/23946
專題研究,鄭貽生,46093,PlBio7001,B42M0020,必修,,,,1 類,,1,,https://course.ntu.edu.tw/courses/114-1/46093
專題研究,李金美,27951,PlBio7001,B42M0020,必修,,,,1 類,,1,,https://course.ntu.edu.tw/courses/114-1/27951
專題研究,鄭秋萍,16950,PlBio7001,B42M0020,必修,,,,1 類,,1,,https://course.ntu.edu.tw/courses/114-1/16950
專題研究,吳克強,56509,PlBio7001,B42M0020,必修,,,,1 類,,1,,https://course.ntu.edu.tw/courses/114-1/56509
專題研究,李承叡,48216,PlBio7001,B42M0020,必修,,,,1 類,,1,,https://course.ntu.edu.tw/courses/114-1/48216
專題研究,林盈仲,28138,PlBio7001,B42M0020,必修,,,,1 類,,1,,https://course.ntu.edu.tw/courses/114-1/28138
專題研究,陳賢明,51266,PlBio7001,B42M0020,必修,,,,1 類,,1,,https://course.ntu.edu.tw/courses/114-1/51266
專題研究,楊淑怡,57362,PlBio7001,B42M0020,必修,,,,1 類,,1,,https://course.ntu.edu.tw/courses/114-1/57362
專題研究,何銘洋,41615,PlBio7001,B42M0020,必修,,,,1 類,,1,,https://course.ntu.edu.tw/courses/114-1/41615
專題討論,陳賢明,29911,PlBio7002,B42M0030,必修,,"一 8,9",生科3C,2 類,,1,,https://course.ntu.edu.tw/courses/114-1/29911
專題討論,鄭石通,48178,PlBio7002,B42M0030,必修,,"一 8,9",生科3A,1 類,,1,,https://course.ntu.edu.tw/courses/114-1/48178
植物科學特論,蕭  蔚,16546,PlBio7006,B42M1500,必修,,,,2 類,,2,,https://course.ntu.edu.tw/courses/114-1/16546
植物科學特論,吳明璁,95044,PlBio7007,B42M1510,選修,,,,1 類,,1,,https://course.ntu.edu.tw/courses/114-1/95044
碩士論文,,53286,PlBio7999,B42M0010,必修,,,,1 類,,0,,https://course.ntu.edu.tw/courses/114-1/53286
專題研究,李金美,27364,PlBio8001,B42D0020,必修,,,,1 類,,1,,https://course.ntu.edu.tw/courses/114-1/27364
專題研究,林盈仲,34274,PlBio8001,B42D0020,必修,,,,1 類,,1,,https://course.ntu.edu.tw/courses/114-1/34274
專題研究,蕭  蔚,12202,PlBio8001,B42D0020,必修,,,,1 類,,1,,https://course.ntu.edu.tw/courses/114-1/12202
專題研究,靳宗洛,13776,PlBio8001,B42D0020,必修,,,,1 類,,1,,https://course.ntu.edu.tw/courses/114-1/13776
專題研究,謝旭亮,12779,PlBio8001,B42D0020,必修,,,,1 類,,1,,https://course.ntu.edu.tw/courses/114-1/12779
專題研究,鄭貽生,10445,PlBio8001,B42D0020,必修,,,,1 類,,1,,https://course.ntu.edu.tw/courses/114-1/10445
專題研究,鄭秋萍,48206,PlBio8001,B42D0020,必修,,,,1 類,,1,,https://course.ntu.edu.tw/courses/114-1/48206
專題研究,吳克強,25711,PlBio8001,B42D0020,必修,,,,1 類,,1,,https://course.ntu.edu.tw/courses/114-1/25711
專題研究,何銘洋,59296,PlBio8001,B42D0020,必修,,,,1 類,,1,,https://course.ntu.edu.tw/courses/114-1/59296
專題研究,陳賢明,29943,PlBio8001,B42D0020,必修,,,,1 類,,1,,https://course.ntu.edu.tw/courses/114-1/29943
專題研究,林盈仲,38357,PlBio8001,B42D0020,必修,,,,1 類,,1,,https://course.ntu.edu.tw/courses/114-1/38357
博士論文,,37611,PlBio8999,B42D0010,必修 / 選修,,,,1 類,,0,,https://course.ntu.edu.tw/courses/114-1/37611
組織行為,戚樹誠,21148,PMBA7002,E41M0020,必修,,,,2 類,,3,,https://course.ntu.edu.tw/courses/114-1/21148
策略管理,陳忠仁,24086,PMBA7004,E41M0040,必修,,,,2 類,,3,,https://course.ntu.edu.tw/courses/114-1/24086
策略管理,吳學良,22928,PMBA7004,E41M0040,必修,,,,2 類,,3,,https://course.ntu.edu.tw/courses/114-1/22928
組織整合與管理,陳俊忠,46116,PMBA7011,E41M0110,必修,,,,2 類,,3,,https://course.ntu.edu.tw/courses/114-1/46116
平臺策略與數位經營,孔令傑,14868,PMBA7015,E41M0150,選修,,,,2 類,,3,,https://course.ntu.edu.tw/courses/114-1/14868
大局勢：美元流動性與七大參與者,賽明成,33625,PMBA7022,E41M0220,選修,,"一 A,B,C",,2 類,,3,,https://course.ntu.edu.tw/courses/114-1/33625
世界新秩序與貨幣市場,賽明成,51653,PMBA7023,E41M0230,選修,,"四 A,B,C",,2 類,,3,,https://course.ntu.edu.tw/courses/114-1/51653
研究方法的糾結與突圍,賽明成,27293,PMBA7024,E41M0240,選修,,"五 A,B,C",,2 類,,3,,https://course.ntu.edu.tw/courses/114-1/27293
事業分析與企業評價,郭育尚,21427,PMBA7036,E41M0360,選修,,"二 A,B,C",,1 類,,3,,https://course.ntu.edu.tw/courses/114-1/21427
投資組合管理,郭育尚,16696,PMBA7037,E41M0370,選修,,"三 A,B,C",,1 類,,3,,https://course.ntu.edu.tw/courses/114-1/16696
產業分析與投資策略,郭育尚,22388,PMBA7038,E41M0380,選修,,"四 A,B,C",,1 類,,3,,https://course.ntu.edu.tw/courses/114-1/22388
策略管理,陳忠仁,10980,PMBM7005,E43M0050,必修,,,,2 類,,3,,https://course.ntu.edu.tw/courses/114-1/10980
策略管理,吳學良,21824,PMBM7005,E43M0050,必修,,,,2 類,,3,,https://course.ntu.edu.tw/courses/114-1/21824
生物醫材專題研討,何佳安,51872,PMBM7006,E43M0060,必修,,,,2 類,,3,,https://course.ntu.edu.tw/courses/114-1/51872
藥物開發與臨床試驗,李財坤,46201,PMBM7007,E43M0070,必修,,,,2 類,,3,,https://course.ntu.edu.tw/courses/114-1/46201
組織行為,戚樹誠,51708,PMBM7019,E43M0190,必修,,,,2 類,,3,,https://course.ntu.edu.tw/courses/114-1/51708
生醫產業科技管理,胡凱焜,13106,PMBM7033,E43M0330,選修,,"二 A,B,C",,1 類,,3,,https://course.ntu.edu.tw/courses/114-1/13106
學術論文寫作與研究設計導論,胡凱焜,26845,PMBM7035,E43M0350,選修,,"五 A,B,C",,1 類,,3,,https://course.ntu.edu.tw/courses/114-1/26845
健康產業經營管理：平台策略與生態系建構,胡凱焜,23387,PMBM7043,E43M0430,選修,,"四 A,B,C",,1 類,,3,,https://course.ntu.edu.tw/courses/114-1/23387
企業行政法務專題,柯格鐘,46674,PMLBA7004,E42M0040,必修,,,,2 類,,3,,https://course.ntu.edu.tw/courses/114-1/46674
策略管理,陳忠仁,53336,PMLBA7005,E42M0050,必修,,,,2 類,,3,,https://course.ntu.edu.tw/courses/114-1/53336
策略管理,吳學良,24482,PMLBA7005,E42M0050,必修,,,,2 類,,3,,https://course.ntu.edu.tw/courses/114-1/24482
立法學與管制理論,林明鏘,35482,PMLBA7037,E42M0370,選修,,,,2 類,,1,,https://course.ntu.edu.tw/courses/114-1/35482
人工智慧與風險管理,林昱梅,18043,PMLBA7038,E42M0380,選修,,,,2 類,,1,,https://course.ntu.edu.tw/courses/114-1/18043
證券交易法專題,邵慶平,57134,PMLBA7040,E42M0400,選修,,,,2 類,,1,,https://course.ntu.edu.tw/courses/114-1/57134
人工智慧與新興科技法制專題,楊岳平,43537,PMLBA7041,E42M0410,選修,,,,2 類,,1,,https://course.ntu.edu.tw/courses/114-1/43537
經濟刑法專題,謝煜偉,31114,PMLBA7042,E42M0420,選修,,,,2 類,,1,,https://course.ntu.edu.tw/courses/114-1/31114
經濟行政法專題,程明修,53600,PMLBA7057,E42M0570,必修,,,,2 類,,3,,https://course.ntu.edu.tw/courses/114-1/53600
企業法務入門,洪士軒,55796,PMLBA7059,E42M0590,選修,,"三 A,B,C",,3 類,,3,,https://course.ntu.edu.tw/courses/114-1/55796
企業犯罪與經濟刑法,洪士軒,57142,PMLBA7060,E42M0600,選修,,"二 A,B,C",,3 類,,3,,https://course.ntu.edu.tw/courses/114-1/57142
服務學習乙,洪挺軒,44405,PPM0006,613001H0,必帶,,三 5 / 四 5,,2 類,,1,,https://course.ntu.edu.tw/courses/114-1/44405
服務學習乙,張皓巽,56104,PPM0006,613001H0,必帶,,三 5 / 四 5,,2 類,,1,,https://course.ntu.edu.tw/courses/114-1/56104
植物病理與微生物學導論,歐海仁,53312,PPM1011,61310500,必帶,,"一 6,7",普302,1 類,,2,,https://course.ntu.edu.tw/courses/114-1/53312
真菌學,歐海仁,44486,PPM2001,61320100,必帶,,"一 3,4",總一館308,2 類,,2,,https://course.ntu.edu.tw/courses/114-1/44486
真菌學實驗,歐海仁,23533,PPM2002,61320200,必帶,,"五 7,8,9",總一館308,1 類,,1,,https://course.ntu.edu.tw/courses/114-1/23533
線蟲學與實驗,曾  昱,53712,PPM2012,61322500,選修,,"三 2,3,4",總一館308,2 類,,3,,https://course.ntu.edu.tw/courses/114-1/53712
植物病蟲害防治,沈原民,18118,PPM3011,61332300,必帶,,"三 2,3,4",新303,1 類,,3,,https://course.ntu.edu.tw/courses/114-1/18118
植物病蟲害防治實習,沈原民,33944,PPM3012,61332400,必帶,,"三 7,8,9",總一館308,1 類,,1,,https://course.ntu.edu.tw/courses/114-1/33944
植物病理學,陳昭瑩,53186,PPM3013,61332500,必帶,,"一 7,8,9",總一館308,2 類,,3,,https://course.ntu.edu.tw/courses/114-1/53186
植物病理學實驗,洪挺軒,40242,PPM3014,61332600,必帶,,"二 7,8,9",總一館308,2 類,,1,,https://course.ntu.edu.tw/courses/114-1/40242
分子生物學,張  立,18515,PPM3017,633U0770,必帶 / 選修,,"三 6,7,8",新404,2 類,,3,,https://course.ntu.edu.tw/courses/114-1/18515
專題研究上,沈偉強,20780,PPM5009,633U0361,選修,,,,2 類,,2,,https://course.ntu.edu.tw/courses/114-1/20780
專題研究上,鍾嘉綾,37409,PPM5009,633U0361,選修,,,,2 類,,2,,https://course.ntu.edu.tw/courses/114-1/37409
專題研究上,陳穎練,43436,PPM5009,633U0361,選修,,,,2 類,,2,,https://course.ntu.edu.tw/courses/114-1/43436
專題研究上,張皓巽,40980,PPM5009,633U0361,選修,,,,2 類,,2,,https://course.ntu.edu.tw/courses/114-1/40980
專題研究上,呂依儒,33670,PPM5009,633U0361,選修,,,,2 類,,2,,https://course.ntu.edu.tw/courses/114-1/33670
現代分子真菌學,沈偉強,14303,PPM5039,633U1080,選修,,"五 3,4",博雅206,2 類,,1,,https://course.ntu.edu.tw/courses/114-1/14303
植物病原交互作用分子機制,沈偉強,53983,PPM5042,633U1110,選修,,"四 7,8",新301,2 類,,2,,https://course.ntu.edu.tw/courses/114-1/53983
植物病理與微生物學講座一,陳穎練,23323,PPM5043,633U1120,選修,,四 4,新301,1 類,,1,,https://course.ntu.edu.tw/courses/114-1/23323
植物病理與微生物學講座三,陳穎練,51650,PPM5045,633U1140,選修,,四 4,,1 類,,1,,https://course.ntu.edu.tw/courses/114-1/51650
有機農業,吳文希,40289,PPM5059,633U1300,選修,,"五 7,8",總一館115,2 類,,2,,https://course.ntu.edu.tw/courses/114-1/40289
分子植物病理學,陳昭瑩,14802,PPM5064,633U0760,選修,,"三 8,9",學新820,2 類,,2,,https://course.ntu.edu.tw/courses/114-1/14802
專題討論,曾  昱,22008,PPM7001,633M0030,必修,,"四 2,3",新301,1 類,,1,,https://course.ntu.edu.tw/courses/114-1/22008
植物病理與微生物學專論上,沈偉強,53264,PPM7013,633M1481,必修,,,,2 類,,2,,https://course.ntu.edu.tw/courses/114-1/53264
植物病理與微生物學專論上,沈湯龍,52769,PPM7013,633M1481,必修,,,,2 類,,2,,https://course.ntu.edu.tw/courses/114-1/52769
植物病理與微生物學專論上,歐海仁,19258,PPM7013,633M1481,必修,,,,2 類,,2,,https://course.ntu.edu.tw/courses/114-1/19258
植物病理與微生物學專論上,張  立,50724,PPM7013,633M1481,必修,,,,2 類,,2,,https://course.ntu.edu.tw/courses/114-1/50724
植物病理與微生物學專論上,曾  昱,55105,PPM7013,633M1481,必修,,,,2 類,,2,,https://course.ntu.edu.tw/courses/114-1/55105
植物病理與微生物學專論上,沈原民,26332,PPM7013,633M1481,必修,,,,2 類,,2,,https://course.ntu.edu.tw/courses/114-1/26332
碩士論文,,14990,PPM7999,633M0010,選修,,,,1 類,,0,,https://course.ntu.edu.tw/courses/114-1/14990
專題討論,曾  昱,39598,PPM8001,633D0030,必修,,"四 2,3",,1 類,,1,,https://course.ntu.edu.tw/courses/114-1/39598
植物病理與微生物學特論上,歐海仁,45564,PPM8005,633D1221,必修,,,,1 類,,3,,https://course.ntu.edu.tw/courses/114-1/45564
博士論文,,50303,PPM8999,633D0010,必修,,,,1 類,,0,,https://course.ntu.edu.tw/courses/114-1/50303
創意創業核心課程(一),黃筱鈞,56818,Prog0001,P37U0900,必修,,"一 7,8,9",,2 類,,3,,https://course.ntu.edu.tw/courses/114-1/56818
生命美學,李賢中,17597,Prog0005,P6300130,必修,,"四 8,9,10",綜401,2 類,,3,,https://course.ntu.edu.tw/courses/114-1/17597
全人健康,李婉甄,45452,Prog1041,P6310010,選修,,"三 A,B,C",,2 類,,1,,https://course.ntu.edu.tw/courses/114-1/45452
我的生涯我探索,王秀槐,54064,Prog1046,P6310050,選修,,"六 3,4,6,7,8,9",,2 類,,1,,https://course.ntu.edu.tw/courses/114-1/54064
日本政治探討,何思慎,35842,Prog3001,P4830100,,,"一 8,9",普302,2 類,,2,,https://course.ntu.edu.tw/courses/114-1/35842
1980年代之後的日本經濟與經濟政策,蘇顯揚,53969,Prog3016,P4831400,,,"四 8,9",共304,2 類,,2,,https://course.ntu.edu.tw/courses/114-1/53969
植物細胞與組織培養,王淑珍,22580,Prog5034,P05U3660,選修,,"二 1,2",,3 類,,2,,https://course.ntu.edu.tw/courses/114-1/22580
植物細胞與組織培養實驗,王淑珍,39086,Prog5044,P05U3790,選修,,"一 6,7,8,9",生技館105,2 類,,2,,https://course.ntu.edu.tw/courses/114-1/39086
生物技術核心實驗,杜宜殷,11174,Prog5074,P05U2020,必修,,"三 2,3,4,5,6,7,8,9,10",,2 類,,4,,https://course.ntu.edu.tw/courses/114-1/11174
生物技術核心實驗,鄭貽生,14940,Prog5074,P05U2020,必修,,"四 2,3,4,5,6,7,8,9,10",,2 類,,4,,https://course.ntu.edu.tw/courses/114-1/14940
進階領導專題(一),瞿志豪,40990,Prog5097,P36U1900,必修,,四 5,綜201,2 類,,1,,https://course.ntu.edu.tw/courses/114-1/40990
領導學導論,郭耿聰,57511,Prog5105,P36U1100,必修 / 選修,,"五 2,3,4",綜302,2 類,,3,,https://course.ntu.edu.tw/courses/114-1/57511
醫學遺傳學入門,簡穎秀,55049,Prog5107,P07U0010,必修 / 選修,,"三 10,A",基醫303,3 類,,2,,https://course.ntu.edu.tw/courses/114-1/55049
老人與長期照護團隊介入,蘇泰德,37771,Prog5119,P35U0200,選修,,"二 2,3,4",公衛201,2 類,,3,,https://course.ntu.edu.tw/courses/114-1/37771
進階領導專題(二),楊正大,51953,Prog5163,P36U2000,必修,,四 5,綜202,2 類,,1,,https://course.ntu.edu.tw/courses/114-1/51953
分子生物與細胞學,陳示國,10598,Prog5170,P05U4110,選修,,"五 2,3",計資106,1 類,,2,,https://course.ntu.edu.tw/courses/114-1/10598
GenAI世代創新創業的機會與挑戰,王崇智,47582,Prog5195,P37U0320,,,"三 7,8,9",共201,2 類,,3,,https://course.ntu.edu.tw/courses/114-1/47582
創意創業專題討論與實踐一,黃筱鈞,51471,Prog5217,P37U0C10,必修,,"一 A,B",普102,2 類,,2,,https://course.ntu.edu.tw/courses/114-1/51471
藝術與創作,謝宏達,33722,Prog5240,P37U0230,,,"二 6,7,8",新402,2 類,,3,,https://course.ntu.edu.tw/courses/114-1/33722
創新創業實踐,曾正忠,51602,Prog5259,P37U0280,選修,,"五 6,7,8",共103,2 類,,3,,https://course.ntu.edu.tw/courses/114-1/51602
創新思考與策略實務：全球頂尖企業的創新思維與作法,陶韻智,32191,Prog5260,P37U0290,選修,,"三 7,8,9",綜301,2 類,,3,,https://course.ntu.edu.tw/courses/114-1/32191
數位時代的職場協作,孫憶明,21692,Prog5261,P36U3200,,,"二 A,B,C",普205,2 類,,3,,https://course.ntu.edu.tw/courses/114-1/21692
人口資料視覺化實作,溫在弘,95039,Prog5266,P46U0070,選修,,,,2 類,,3,,https://course.ntu.edu.tw/courses/114-1/95039
創業了然後呢,康仕仲,12362,Prog5267,P37U0310,選修,,"五 2,3",,3 類,,1,,https://course.ntu.edu.tw/courses/114-1/12362
社會創變實習：技能養成與在地行動,趙式隆,49355,Prog5269,P37U0330,選修,,"二 7,8,9",綜604,2 類,,3,,https://course.ntu.edu.tw/courses/114-1/49355
服務學習一,郭紀賢,17205,PS0004,30205110,選修,,三 5,,3 類,,1,,https://course.ntu.edu.tw/courses/114-1/17205
服務學習一,吳心喆,25624,PS0004,30205110,必修,,四 5,,3 類,,1,,https://course.ntu.edu.tw/courses/114-1/25624
服務學習一,鄭泱泱,53831,PS0004,30205110,必修,,,,2 類,,1,,https://course.ntu.edu.tw/courses/114-1/53831
服務學習二,吳心喆,49476,PS0005,30205220,必修,,,,2 類,,1,,https://course.ntu.edu.tw/courses/114-1/49476
服務學習三,鄭泱泱,17545,PS0006,30205330,選修,,三 5,,2 類,,1,,https://course.ntu.edu.tw/courses/114-1/17545
服務學習三,郭紀賢,33327,PS0006,30205330,選修,,四 5,,2 類,,1,,https://course.ntu.edu.tw/courses/114-1/33327
政治學一,黃凱苹,11698,PS1005,30210110,必帶 / 必修,,"五 2,3,4",社科202,2 類,,3,,https://course.ntu.edu.tw/courses/114-1/11698
政治學一,張貴閔,54275,PS1005,30210110,必帶 / 必修,,"五 5,6,7",社科102,2 類,,3,,https://course.ntu.edu.tw/courses/114-1/54275
政治學一,童涵浦,54263,PS1005,30210110,必帶 / 必修,,"三 2,3,4",社科303,2 類,,3,,https://course.ntu.edu.tw/courses/114-1/54263
國際關係一,張登及,12324,PS1011,30210310,必帶,,"四 6,7",社科201,2 類,,2,,https://course.ntu.edu.tw/courses/114-1/12324
國際關係一,廖小娟,24671,PS1011,30210310,必帶 / 選修,,"四 6,7",社科202,2 類,,2,,https://course.ntu.edu.tw/courses/114-1/24671
國際關係一,郭銘傑,30997,PS1011,30210310,,,"四 6,7",社科和碩講堂,2 類,,2,,https://course.ntu.edu.tw/courses/114-1/30997
國際關係一,魏德榮,15131,PS1011,30210310,必修 / 選修,,"五 3,4",社科306,2 類,,2,,https://course.ntu.edu.tw/courses/114-1/15131
行政學一,孫  煒,42068,PS1021,30210410,必帶 / 選修,,"二 3,4",社科102,2 類,,2,,https://course.ntu.edu.tw/courses/114-1/42068
行政學一,吳舜文,11098,PS1021,30210410,必帶 / 選修,,"二 3,4",社科201,2 類,,2,,https://course.ntu.edu.tw/courses/114-1/11098
行政學一,劉康慧,19893,PS1021,30210410,必修 / 選修,,"二 3,4",社科306,2 類,,2,,https://course.ntu.edu.tw/courses/114-1/19893
中華民國憲法及政府一,湯德宗,12365,PS1031,30224410,必帶 / 選修,,"四 8,9",社科201,2 類,,2,,https://course.ntu.edu.tw/courses/114-1/12365
中華民國憲法及政府一,蔡季廷,44139,PS1031,30224410,必帶 / 選修,,"三 8,9",社科403,2 類,,2,,https://course.ntu.edu.tw/courses/114-1/44139
中華民國憲法及政府一,陳淳文,49266,PS1031,30224410,必帶 / 選修,,"四 8,9",社科和碩講堂,2 類,,2,,https://course.ntu.edu.tw/courses/114-1/49266
中華民國憲法及政府一,李念祖,16921,PS1031,30224410,必修 / 選修,,"四 8,9",社科306,2 類,,2,,https://course.ntu.edu.tw/courses/114-1/16921
比較政府與政治一,李鳳玉,49213,PS2003,30224630,必帶,,"一 8,9",社科403,2 類,,2,,https://course.ntu.edu.tw/courses/114-1/49213
國際關係史一,陳世民,48487,PS2201,30236310,必帶,,"三 3,4",社科403,2 類,,2,,https://course.ntu.edu.tw/courses/114-1/48487
國際關係史一,黃旻華,52314,PS2201,30236310,必修,,"三 3,4",社科401,2 類,,2,,https://course.ntu.edu.tw/courses/114-1/52314
中華民國對外關係,陳世民,22575,PS2203,30220490,必帶 / 選修,,"三 8,9",社科和碩講堂,2 類,,2,,https://course.ntu.edu.tw/courses/114-1/22575
中華民國對外關係,吳心喆,39141,PS2203,30220490,必修 / 選修,,"三 8,9",社科301,2 類,,2,,https://course.ntu.edu.tw/courses/114-1/39141
行政法一,李仲軒,13418,PS2301,30243210,必帶 / 選修,,"五 8,9",社科202,2 類,,2,,https://course.ntu.edu.tw/courses/114-1/13418
地方政府與管理,郭銘峰,24242,PS2303,30221610,必修,,"三 6,7",社科303,2 類,,2,,https://course.ntu.edu.tw/courses/114-1/24242
公部門人力資源管理,洪美仁,57140,PS2321,30231550,選修,,"四 6,7",社科507,2 類,,2,,https://course.ntu.edu.tw/courses/114-1/57140
社會科學研究方法,蘇翊豪,46920,PS3101,30230560,選修,,"二 3,4",社科301,2 類,,2,,https://course.ntu.edu.tw/courses/114-1/46920
西洋政治哲學一,鄭泱泱,32839,PS3103,30230110,必帶 / 選修,,"二 3,4",社科407,2 類,,2,,https://course.ntu.edu.tw/courses/114-1/32839
中國政治哲學一,安井伸介,44221,PS3105,30232410,必帶,,"四 6,7",社科405,2 類,,2,,https://course.ntu.edu.tw/courses/114-1/44221
中國政治哲學一,林俊宏,48519,PS3105,30232410,必帶,,"四 6,7",社科407,1 類,,2,,https://course.ntu.edu.tw/courses/114-1/48519
政治經濟學,童涵浦,43455,PS3107,30238700,選修,,"五 8,9",社科406,2 類,,2,,https://course.ntu.edu.tw/courses/114-1/43455
政治學方法論,張貴閔,23825,PS3110,30240310,必帶,,"四 3,4",社科102,2 類,,2,,https://course.ntu.edu.tw/courses/114-1/23825
西洋政治哲學概論,陳嘉銘,43135,PS3201,30230130,必帶,,"二 3,4",社科303,2 類,,2,,https://course.ntu.edu.tw/courses/114-1/43135
公共政策一,郭銘峰,36266,PS3301,30238210,必帶,,"三 8,9",社科303,2 類,,2,,https://course.ntu.edu.tw/courses/114-1/36266
國際公法一,蔡季廷,45718,PS3316,30234110,必帶,,"四 3,4",社科和碩講堂,2 類,,2,,https://course.ntu.edu.tw/courses/114-1/45718
國際公法一,黃旻華,10574,PS3316,30234110,必修,,"三 6,7",社科401,2 類,,2,,https://course.ntu.edu.tw/courses/114-1/10574
財政管理,郭乃菱,39986,PS3331,30232550,選修,,"四 3,4",社科307,2 類,,2,,https://course.ntu.edu.tw/courses/114-1/39986
中國大陸政府與政治,陶儀芬,20710,PS4001,30241710,必修,,"一 3,4",社科201,2 類,,2,,https://course.ntu.edu.tw/courses/114-1/20710
現代政治思想一,鄭泱泱,54271,PS4101,30233710,必帶,,"五 6,7",社科403,2 類,,2,,https://course.ntu.edu.tw/courses/114-1/54271
比較政治理論一,張佑宗,35244,PS4103,30233130,必帶,,"五 3,4",社科303,2 類,,2,,https://course.ntu.edu.tw/courses/114-1/35244
國際經濟與貿易議題,蘇翊豪,49317,PS4201,30245300,必帶,,"四 8,9",社科202,2 類,,2,,https://course.ntu.edu.tw/courses/114-1/49317
國際政治理論一,唐欣偉,34008,PS4202,30240610,,,"一 6,7",社科和碩講堂,2 類,,2,,https://course.ntu.edu.tw/courses/114-1/34008
非營利組織管理,孫  煒,32173,PS4304,30240710,必帶,,"三 3,4",社科305,3 類,,2,,https://course.ntu.edu.tw/courses/114-1/32173
數位政府與管理,洪美仁,55308,PS4305,30240720,選修,,"二 3,4",社科307,2 類,,2,,https://course.ntu.edu.tw/courses/114-1/55308
性別政治,黃長玲,55516,PS4536,30229960,選修,,"四 8,9,10",社科502,2 類,,3,,https://course.ntu.edu.tw/courses/114-1/55516
國際組織,蘇宏達,43996,PS4613,30245100,必帶,,"四 6,7",社科102,2 類,,2,,https://course.ntu.edu.tw/courses/114-1/43996
認識歐洲與歐洲聯盟,蘇宏達,44122,PS4625,30252500,,,"四 8,9",社科407,2 類,,2,,https://course.ntu.edu.tw/courses/114-1/44122
社會統計,李鳳玉,12148,PS4645,30229200,必帶 / 必修,,"五 6,7,8",社科502,2 類,,4,,https://course.ntu.edu.tw/courses/114-1/12148
社會統計,郭乃菱,41433,PS4645,30229200,必帶 / 必修,,"五 6,7,8",社科303,2 類,,4,,https://course.ntu.edu.tw/courses/114-1/41433
社會統計,顏煌庭,55727,PS4645,30229200,必修,,"五 6,7,8",社科307,2 類,,4,,https://course.ntu.edu.tw/courses/114-1/55727
法文經典文獻選讀專題,陳淳文,29279,PS5022,322U1430,選修,,"三 8,9",社科研603,2 類,,2,,https://course.ntu.edu.tw/courses/114-1/29279
成本效益分析,郭昱瑩,13747,PS5052,322U0950,選修,,"一 3,4",社科301,2 類,,2,,https://course.ntu.edu.tw/courses/114-1/13747
社會主義國家政治變遷與半總統制專題,吳玉山,58228,PS5069,322U1870,選修,,"三 3,4",社科研606,2 類,,2,,https://course.ntu.edu.tw/courses/114-1/58228
東亞政治經濟專題,郭紀賢,59106,PS5672,322U1900,選修,,"二 8,9",社科407,2 類,,2,,https://course.ntu.edu.tw/courses/114-1/59106
重大政策議題,郭昱瑩,59883,PS5678,322U1960,選修,,"二 3,4",社科401,2 類,,2,,https://course.ntu.edu.tw/courses/114-1/59883
歐盟法概論,陳淳文,14582,PS5679,322U1970,選修,,"一 3,4",社科研604,2 類,,2,,https://course.ntu.edu.tw/courses/114-1/14582
海洋政策與全球治理專題,蔡季廷,56829,PS5682,322U2000,選修,,"三 6,7",社科研606,2 類,,2,,https://course.ntu.edu.tw/courses/114-1/56829
現代央行業務政治選題專題,曾煥凱,53881,PS5689,322U2070,選修,,"二 8,9",社科研604,2 類,,2,,https://course.ntu.edu.tw/courses/114-1/53881
東亞民主化專題,黃旻華,14195,PS5701,322U2370,,,"二 3,4",社科和碩講堂,2 類,,2,,https://course.ntu.edu.tw/courses/114-1/14195
輿情分析與選舉研究專題,張佑宗,30615,PS5708,322U2440,選修,,"一 2,3,4",社科507,2 類,,3,,https://course.ntu.edu.tw/courses/114-1/30615
社會科學基礎數學,顏煌庭,59485,PS5710,322U2460,選修,,"五 3,4",社科307,2 類,,2,,https://course.ntu.edu.tw/courses/114-1/59485
應用迴歸分析,吳舜文,26543,PS5711,322U2470,選修,,"五 3,4",,1 類,,2,,https://course.ntu.edu.tw/courses/114-1/26543
兩岸政經互動專題,左正東,19112,PS5715,322U2510,選修,,"一 6,7,8",社科研604,2 類,,3,,https://course.ntu.edu.tw/courses/114-1/19112
國際新聞寫作實務,連雋偉,39372,PS5718,322U2540,選修,,"三 3,4",社科407,2 類,,2,,https://course.ntu.edu.tw/courses/114-1/39372
比較東南亞政治專題,黃凱苹,43606,PS5720,322U2560,選修,,"三 3,4",社科306,2 類,,2,,https://course.ntu.edu.tw/courses/114-1/43606
全球供應鏈專題,郭紀賢,32796,PS5741,322U2590,選修,,"四 6,7",社科406,2 類,,2,,https://course.ntu.edu.tw/courses/114-1/32796
中國政治思想專題,安井伸介,15225,PS7011,322M3830,必修,,"三 6,7",社科研602,2 類,,2,,https://course.ntu.edu.tw/courses/114-1/15225
當代政治思想專題,陳祖為,34656,PS7013,322M4030,必修,,"二 8,9",社科研605,2 類,,2,,https://course.ntu.edu.tw/courses/114-1/34656
國際關係理論專題,唐欣偉,35045,PS7021,322M3910,必修,,"一 8,9",社科研609,3 類,,2,,https://course.ntu.edu.tw/courses/114-1/35045
外交決策分析專題,廖小娟,12462,PS7022,322M4040,選修,,"四 3,4",社科306,2 類,,2,,https://course.ntu.edu.tw/courses/114-1/12462
中國大陸政經發展專題,吳心喆,56642,PS7042,322M4070,選修,,"三 3,4",社科研605,2 類,,2,,https://course.ntu.edu.tw/courses/114-1/56642
比較政治理論專題,張佑宗,48464,PS7051,322M4290,選修,,"四 8,9",社科研608,2 類,,2,,https://course.ntu.edu.tw/courses/114-1/48464
全球化與東亞政經發展專題,陶儀芬,11465,PS7567,322M4770,選修,,"一 6,7",社科研603,2 類,,2,,https://course.ntu.edu.tw/courses/114-1/11465
法家政治思想專題研究,林俊宏,59298,PS7623,322M0450,選修,,"五 6,7",社科研601,2 類,,2,,https://course.ntu.edu.tw/courses/114-1/59298
國際政治與兩岸關係專題,張登及,28492,PS7801,322M4310,必修,,"六 1,2",社科研606,2 類,,2,,https://course.ntu.edu.tw/courses/114-1/28492
政府與企業專題,黃旻華,59179,PS7802,322M4540,必修,,"六 6,7",社科研606,2 類,,2,,https://course.ntu.edu.tw/courses/114-1/59179
地方政府與管理專題,郭銘峰,44206,PS7803,322M4550,必修,,"六 3,4",社科研607,2 類,,2,,https://course.ntu.edu.tw/courses/114-1/44206
財政管理專題,蘇彩足,53964,PS7805,322M4570,必修,,"六 1,2",社科研607,2 類,,2,,https://course.ntu.edu.tw/courses/114-1/53964
政治發展與民主化專題,張佑宗,29140,PS7807,322M4620,必修,,"六 6,7",社科研607,2 類,,2,,https://course.ntu.edu.tw/courses/114-1/29140
比較政府與政治專題,黃長玲,45592,PS7809,322M4940,必修,,"六 3,4",社科研606,2 類,,2,,https://course.ntu.edu.tw/courses/114-1/45592
碩士論文,,14444,PS7999,322M0010,必修,,,,1 類,,0,,https://course.ntu.edu.tw/courses/114-1/14444
個別指導研究一,黃長玲,45464,PS8001,322D0020,選修,,,,2 類,,1,,https://course.ntu.edu.tw/courses/114-1/45464
個別指導研究二,唐欣偉,25657,PS8002,322D0030,選修,,,,2 類,,1,,https://course.ntu.edu.tw/courses/114-1/25657
公共政策專題研究,王宏文,19499,PS8032,322D0320,選修,,"三 6,7",社科研603,2 類,,2,,https://course.ntu.edu.tw/courses/114-1/19499
中國大陸政經發展專題研究,吳心喆,19980,PS8042,322D1080,選修,,"三 3,4",,2 類,,2,,https://course.ntu.edu.tw/courses/114-1/19980
比較政治專題研究,張佑宗,31453,PS8051,322D0350,選修,,"四 8,9",,2 類,,2,,https://course.ntu.edu.tw/courses/114-1/31453
區域化與區域研究專題研究,蘇宏達,10210,PS8562,322D1500,選修,,"四 3,4",,2 類,,2,,https://course.ntu.edu.tw/courses/114-1/10210
博士論文,,30040,PS8999,322D0010,必修,,,,1 類,,0,,https://course.ntu.edu.tw/courses/114-1/30040
專題討論,葉伊純,33609,PSE7001,549M0020,必修,,"五 7,8,9",共203,2 類,,1,,https://course.ntu.edu.tw/courses/114-1/33609
高分子物理,黃慶怡,47314,PSE7002,549M1010,必修,,"二 2,3,4",共404,2 類,,3,,https://course.ntu.edu.tw/courses/114-1/47314
高等高分子化學,賴育英,13215,PSE7007,549M1110,必修,,"三 2,3,4",共105,2 類,,3,,https://course.ntu.edu.tw/courses/114-1/13215
高分子合成特論,劉貴生,30715,PSE7009,549M1130,選修,,"五 2,3,4",共206,2 類,,3,,https://course.ntu.edu.tw/courses/114-1/30715
高分子實驗,鄭如忠,36275,PSE7015,549M3020,選修,,"一 7,8,9",,2 類,,3,,https://course.ntu.edu.tw/courses/114-1/36275
碩士專題研究一,劉貴生,40360,PSE7023,549M5010,必修,,,,1 類,,1,,https://course.ntu.edu.tw/courses/114-1/40360
碩士專題研究一,黃慶怡,45999,PSE7023,549M5010,必修,,,,1 類,,1,,https://course.ntu.edu.tw/courses/114-1/45999
碩士專題研究一,童世煌,29946,PSE7023,549M5010,必修,,,,1 類,,1,,https://course.ntu.edu.tw/courses/114-1/29946
碩士專題研究一,鄭如忠,17435,PSE7023,549M5010,必修,,,,1 類,,1,,https://course.ntu.edu.tw/courses/114-1/17435
碩士專題研究一,賴育英,39238,PSE7023,549M5010,必修,,,,1 類,,1,,https://course.ntu.edu.tw/courses/114-1/39238
碩士專題研究一,葉伊純,43892,PSE7023,549M5010,必修,,,,1 類,,1,,https://course.ntu.edu.tw/courses/114-1/43892
碩士專題研究一,陳文章,27739,PSE7023,549M5010,必修,,,,1 類,,1,,https://course.ntu.edu.tw/courses/114-1/27739
碩士專題研究一,蔡豐羽,34592,PSE7023,549M5010,必修,,,,1 類,,1,,https://course.ntu.edu.tw/courses/114-1/34592
碩士專題研究一,劉振良,33627,PSE7023,549M5010,必修,,,,1 類,,1,,https://course.ntu.edu.tw/courses/114-1/33627
碩士專題研究二,徐善慧,25532,PSE7024,549M5020,必修,,,,1 類,,1,,https://course.ntu.edu.tw/courses/114-1/25532
碩士專題研究三,劉貴生,18923,PSE7025,549M5030,必修,,,,1 類,,1,,https://course.ntu.edu.tw/courses/114-1/18923
碩士專題研究三,黃慶怡,47110,PSE7025,549M5030,必修,,,,1 類,,1,,https://course.ntu.edu.tw/courses/114-1/47110
碩士專題研究三,童世煌,11297,PSE7025,549M5030,必修,,,,1 類,,1,,https://course.ntu.edu.tw/courses/114-1/11297
碩士專題研究三,鄭如忠,16589,PSE7025,549M5030,必修,,,,1 類,,1,,https://course.ntu.edu.tw/courses/114-1/16589
碩士專題研究三,賴育英,35288,PSE7025,549M5030,必修,,,,1 類,,1,,https://course.ntu.edu.tw/courses/114-1/35288
碩士專題研究三,葉伊純,26732,PSE7025,549M5030,必修,,,,1 類,,1,,https://course.ntu.edu.tw/courses/114-1/26732
碩士專題研究三,陳文章,19336,PSE7025,549M5030,必修,,,,1 類,,1,,https://course.ntu.edu.tw/courses/114-1/19336
碩士專題研究三,何國川,43723,PSE7025,549M5030,必修,,,,1 類,,1,,https://course.ntu.edu.tw/courses/114-1/43723
碩士專題研究三,戴子安,44179,PSE7025,549M5030,必修,,,,1 類,,1,,https://course.ntu.edu.tw/courses/114-1/44179
奈米生醫材料,葉伊純,41479,PSE7027,549M3040,選修,,"二 7,8,9",共102,2 類,,3,,https://course.ntu.edu.tw/courses/114-1/41479
高分子結構與相變,童世煌,31773,PSE7042,549M1070,選修,,"四 7,8,9",新404,2 類,,3,,https://course.ntu.edu.tw/courses/114-1/31773
碩士論文,,17673,PSE7999,549M0010,必修,,,,1 類,,0,,https://course.ntu.edu.tw/courses/114-1/17673
博士專題研究一,童世煌,26780,PSE8001,549D6010,必修,,,,1 類,,1,,https://course.ntu.edu.tw/courses/114-1/26780
博士專題研究一,鄭如忠,22106,PSE8001,549D6010,必修,,,,1 類,,1,,https://course.ntu.edu.tw/courses/114-1/22106
博士專題研究一,賴育英,40335,PSE8001,549D6010,必修,,,,1 類,,1,,https://course.ntu.edu.tw/courses/114-1/40335
博士專題研究三,徐善慧,20291,PSE8003,549D6030,必修,,,,1 類,,1,,https://course.ntu.edu.tw/courses/114-1/20291
博士專題研究三,童世煌,25412,PSE8003,549D6030,必修,,,,1 類,,1,,https://course.ntu.edu.tw/courses/114-1/25412
博士專題研究三,鄭如忠,44339,PSE8003,549D6030,必修,,,,1 類,,1,,https://course.ntu.edu.tw/courses/114-1/44339
博士專題研究四,徐善慧,49003,PSE8004,549D6040,必修,,,,1 類,,1,,https://course.ntu.edu.tw/courses/114-1/49003
博士論文,,40546,PSE8999,549D0010,選修,,,,1 類,,0,,https://course.ntu.edu.tw/courses/114-1/40546
服務學習甲,陳建中,12219,Psy0004,207001G0,必修,,,,2 類,,1,,https://course.ntu.edu.tw/courses/114-1/12219
服務學習甲,賴文崧,29770,Psy0004,207001G0,必修,,,,2 類,,1,,https://course.ntu.edu.tw/courses/114-1/29770
服務學習甲,曹峰銘,44590,Psy0004,207001G0,必修,,,,2 類,,1,,https://course.ntu.edu.tw/courses/114-1/44590
服務學習甲,徐永豐,31538,Psy0004,207001G0,必修,,,,2 類,,1,,https://course.ntu.edu.tw/courses/114-1/31538
服務學習乙,謝伯讓,49609,Psy0005,207001H0,必修,,,,2 類,,1,,https://course.ntu.edu.tw/courses/114-1/49609
服務學習乙,陳品豪,44839,Psy0005,207001H0,必修,,,,2 類,,1,,https://course.ntu.edu.tw/courses/114-1/44839
服務學習乙,曾祥非,27710,Psy0005,207001H0,必修,,,,2 類,,1,,https://course.ntu.edu.tw/courses/114-1/27710
服務學習乙,葉俊毅,12467,Psy0005,207001H0,必修,,,,2 類,,1,,https://course.ntu.edu.tw/courses/114-1/12467
服務學習乙,趙儀珊,23935,Psy0005,207001H0,必修,,,,2 類,,1,,https://course.ntu.edu.tw/courses/114-1/23935
普通心理學,周泰立,18729,Psy1007,20710100,,,"二 4 / 四 3,4",博雅103/新102,3 類,,3,,https://course.ntu.edu.tw/courses/114-1/18729
普通心理學,曹峰銘,35599,Psy1007,20710100,,,"二 6,7,8",新103,2 類,,3,,https://course.ntu.edu.tw/courses/114-1/35599
普通心理學,曾祥非,45125,Psy1007,20710100,,,"四 7,8,9",博雅101/華南講堂,2 類,,3,,https://course.ntu.edu.tw/courses/114-1/45125
普通心理學,謝伯讓,45097,Psy1007,20710100,,,"一 6,7,8",共101,2 類,,3,,https://course.ntu.edu.tw/courses/114-1/45097
普通心理學,葉俊毅,38342,Psy1007,20710100,,,"三 2,3,4",共101,2 類,,3,,https://course.ntu.edu.tw/courses/114-1/38342
普通心理學,陳品豪,33429,Psy1007,20710100,,,"五 6,7,8",博雅101/華南講堂,2 類,,3,,https://course.ntu.edu.tw/courses/114-1/33429
普通心理學,羅達中,34414,Psy1007,20710100,,,"三 7,8,9",博雅101/華南講堂,2 類,,3,,https://course.ntu.edu.tw/courses/114-1/34414
普通心理學,周珮雯,23949,Psy1007,20710100,,,"五 7,8,9",普101,2 類,,3,,https://course.ntu.edu.tw/courses/114-1/23949
普通心理學,周珮雯,44781,Psy1007,20710100,,,"三 2,3,4",博雅101/華南講堂,2 類,,3,,https://course.ntu.edu.tw/courses/114-1/44781
普通心理學,周珮雯,53446,Psy1007,20710100,,,"一 2,3,4",博雅103,2 類,,3,,https://course.ntu.edu.tw/courses/114-1/53446
普通心理學,鄧善娟,18626,Psy1007,20710100,,,"二 8,9,10",普101,2 類,,3,,https://course.ntu.edu.tw/courses/114-1/18626
普通心理學,裴如淳,32400,Psy1007,20710100,,,"一 2,3,4",博雅101/華南講堂,2 類,,3,,https://course.ntu.edu.tw/courses/114-1/32400
普通心理學,汪芸涵,55657,Psy1007,20710100,,,"五 2,3,4",博雅302,2 類,,3,,https://course.ntu.edu.tw/courses/114-1/55657
普通心理學討論課,周泰立,28480,Psy1008,20710110,必修,,二 5,普306,3 類,,1,,https://course.ntu.edu.tw/courses/114-1/28480
普通心理學討論課,周泰立,16172,Psy1008,20710110,必修,,二 5,普402,3 類,,1,,https://course.ntu.edu.tw/courses/114-1/16172
普通心理學討論課,周泰立,17366,Psy1008,20710110,必修,,二 5,普202,3 類,,1,,https://course.ntu.edu.tw/courses/114-1/17366
普通心理學討論課,周泰立,34624,Psy1008,20710110,必修,,四 5,普201,3 類,,1,,https://course.ntu.edu.tw/courses/114-1/34624
普通心理學討論課,周泰立,11027,Psy1008,20710110,必修,,四 5,普202,3 類,,1,,https://course.ntu.edu.tw/courses/114-1/11027
普通心理學討論課,周泰立,40222,Psy1008,20710110,必修,,四 5,普205,3 類,,1,,https://course.ntu.edu.tw/courses/114-1/40222
心理統計學上,彭昭英,20521,Psy1013,20712301,必修 / 選修,,"一 5 / 三 6,7,8",北館N206,2 類,,3,,https://course.ntu.edu.tw/courses/114-1/20521
心理統計學上,姚開屏,16365,Psy1013,20712301,必帶 / 必修,,"五 2,3,4",北館視聽,2 類,,3,,https://course.ntu.edu.tw/courses/114-1/16365
錯中學,曾祥非,59271,Psy1015,20710150,,,"五 3,4",共104,2 類,,2,,https://course.ntu.edu.tw/courses/114-1/59271
心理測驗,姚開屏,18483,Psy2003,20722300,必帶,,"一 6,7 / 四 6",北館視聽,2 類,,3,,https://course.ntu.edu.tw/courses/114-1/18483
社會心理學,李怡青,52593,Psy3004,20737500,必帶 / 選修,,"二 2,3,4",普102,3 類,,3,,https://course.ntu.edu.tw/courses/114-1/52593
變態心理學,陳彥伶,50670,Psy3005,20738300,必帶 / 選修,,"三 2,3,4",北館視聽,2 類,,3,,https://course.ntu.edu.tw/courses/114-1/50670
研究入門一,黃從仁,26073,Psy3011,20730010,選修,,,,1 類,,1,,https://course.ntu.edu.tw/courses/114-1/26073
青少年心理學,雷庚玲,55623,Psy4001,20744370,,,"五 7,8,9",新303,2 類,,3,,https://course.ntu.edu.tw/courses/114-1/55623
青少年心理學實習,雷庚玲,32956,Psy4010,20744380,選修,,"五 8,9",新304,2 類,,1,,https://course.ntu.edu.tw/courses/114-1/32956
組織心理學,吳宗祐,42445,Psy5017,227U0540,選修,,"四 7,8,9,10",南館地下A,2 類,,3,,https://course.ntu.edu.tw/courses/114-1/42445
心理學數理方法,徐永豐,48392,Psy5028,227U0920,選修,,"五 2,3,4",南館S217,2 類,,3,,https://course.ntu.edu.tw/courses/114-1/48392
生理心理學專題研究七,賴文崧,28589,Psy5102,227U4560,選修,,"二 A,B,C",南館S217,2 類,,3,,https://course.ntu.edu.tw/courses/114-1/28589
語言發展,曹峰銘,41299,Psy5110,227U6190,選修,,"四 2,3,4",北館N206,2 類,,3,,https://course.ntu.edu.tw/courses/114-1/41299
視覺專題研究七,陳建中,21525,Psy5155,227U9070,選修,,"五 2,3,4",南館S409,2 類,,3,,https://course.ntu.edu.tw/courses/114-1/21525
消費者心理學,熊欣華,16978,Psy5170,227U5100,選修,,"二 7,8,9",南館地下A,2 類,,3,,https://course.ntu.edu.tw/courses/114-1/16978
犯罪、毒品與人性,賴文崧,31883,Psy5204,227U6470,,,"四 7,8,9",綜合大講堂,2 類,,3,,https://course.ntu.edu.tw/courses/114-1/31883
心理與神經資訊學,黃從仁,38181,Psy5261,227U9340,選修,,"五 2,3,4",南館地下A,3 類,,3,,https://course.ntu.edu.tw/courses/114-1/38181
腦與語言,周泰立,51190,Psy5274,227U2380,選修,,"二 7,8,9",北館N221,2 類,,3,,https://course.ntu.edu.tw/courses/114-1/51190
身心中軸覺察與正念：實作與文獻討論,連韻文,42975,Psy5275,227U1760,選修,,,,2 類,,3,,https://course.ntu.edu.tw/courses/114-1/42975
心理與神經資訊學專題研究五,黃從仁,17704,Psy5282,227U9370,選修,,,,3 類,,3,,https://course.ntu.edu.tw/courses/114-1/17704
神經生物與認知科學專題討論一,賴文崧,35354,Psy5287,227U1790,必修 / 選修,,"一 10,A",北館視聽,2 類,,1,,https://course.ntu.edu.tw/courses/114-1/35354
社會機器人專題,岳修平,49430,Psy5314,227U2390,選修,,"五 7,8,9",南館地下A,2 類,,3,,https://course.ntu.edu.tw/courses/114-1/49430
青少年心理學專題討論,周珮雯,49177,Psy5343,227U2730,選修,,"五 2,3,4",南館地下B,2 類,,3,,https://course.ntu.edu.tw/courses/114-1/49177
身心中軸覺察與正念：生活實踐與助人,連韻文,40900,Psy5360,227U3120,選修,,"五 2,3,4",,2 類,,3,,https://course.ntu.edu.tw/courses/114-1/40900
人類大腦神經影像導論,郭柏呈,14908,Psy5371,227U3250,選修,,"五 6,7,8",北館A,1 類,,3,,https://course.ntu.edu.tw/courses/114-1/14908
互動心智科學初階研究,陳品豪,41427,Psy5372,227U3260,選修,,,,2 類,,1,,https://course.ntu.edu.tw/courses/114-1/41427
鑑識神經科學專題研究四,曾祥非,53755,Psy5381,227U3360,選修,,"二 6,7,8",南館S217,2 類,,3,,https://course.ntu.edu.tw/courses/114-1/53755
司法心理學,趙儀珊,16082,Psy5382,227U3370,選修,,"二 7,8,9",,2 類,,3,,https://course.ntu.edu.tw/courses/114-1/16082
心理學專題研究四,葉素玲,41331,Psy5383,227U3380,選修,,"一 2,3,4",南館S217,2 類,,3,,https://course.ntu.edu.tw/courses/114-1/41331
專題討論,陳彥伶,24352,Psy7000,227M0050,必修,,三 8,北館視聽,2 類,,1,,https://course.ntu.edu.tw/courses/114-1/24352
高等工商心理學,吳宗祐,56043,Psy7060,227M2830,必修,,"二 7,8,9,10",南館地下B,2 類,,3,,https://course.ntu.edu.tw/courses/114-1/56043
工商心理學專題研究二,熊欣華,57421,Psy7068,227M3050,選修,,"五 6,7",南館地下B,2 類,,2,,https://course.ntu.edu.tw/courses/114-1/57421
工商心理學專題研究四,吳宗祐,59614,Psy7071,227M3080,選修,,"五 8,9",南館地下B,2 類,,2,,https://course.ntu.edu.tw/courses/114-1/59614
社會心理學研究法,張仁和,26294,Psy7079,227M4100,選修,,"五 7,8,9",南館S217,2 類,,3,,https://course.ntu.edu.tw/courses/114-1/26294
臨床神經心理衡鑑見習一,張玉玲,20006,Psy7157,227M7500,選修,,"二 6,7,8",,2 類,,3,,https://course.ntu.edu.tw/courses/114-1/20006
心理計量專題研究六,姚開屏,23854,Psy7175,227M8610,選修,,"三 9,10",南館S309,2 類,,2,,https://course.ntu.edu.tw/courses/114-1/23854
精神病理學：理論與實務,劉震鐘,21629,Psy7226,227M7730,必修,,"二 9,10,A",,2 類,,3,,https://course.ntu.edu.tw/courses/114-1/21629
心理學專題研究督導,黃從仁,59822,Psy7236,227M9190,選修,,,,1 類,,1,,https://course.ntu.edu.tw/courses/114-1/59822
老化與心智大腦功能專題,張玉玲,59891,Psy7237,227M7740,選修,,"一 5,6",南館S217,2 類,,2,,https://course.ntu.edu.tw/courses/114-1/59891
心理學與社會議題,趙儀珊,34170,Psy7246,227M6160,選修,,"二 3,4",北館N206,2 類,,2,,https://course.ntu.edu.tw/courses/114-1/34170
發展與司法心理學專題研究,趙儀珊,52018,Psy7249,227M6180,選修,,"三 5,6",北館N221,2 類,,2,,https://course.ntu.edu.tw/courses/114-1/52018
臨床健康心理治療,林耀盛,35147,Psy7266,227M9300,必修,,"一 7,8,9",南館地下B,2 類,,3,,https://course.ntu.edu.tw/courses/114-1/35147
精神科臨床心理學實習一,張素凰,49114,Psy7268,227M7820,必修,,"一 7,8,9,10",南館S409,2 類,,3,,https://course.ntu.edu.tw/courses/114-1/49114
精神科臨床心理學實習一,陳淑惠,25904,Psy7268,227M7820,必修,,"一 7,8,9",南館S217,2 類,,3,,https://course.ntu.edu.tw/courses/114-1/25904
臨床神經心理實習一,張玉玲,25114,Psy7270,227M7840,必修,,"四 A,B,C",,2 類,,3,,https://course.ntu.edu.tw/courses/114-1/25114
臨床健康心理實習一,林耀盛,44668,Psy7272,227M7860,必修,,"二 7,8,9,10",南館S309,2 類,,3,,https://course.ntu.edu.tw/courses/114-1/44668
高等心理診斷與衡鑑,陳淑惠,54558,Psy7278,227M7910,必修,,"二 3,4,5",南館S217,2 類,,3,,https://course.ntu.edu.tw/courses/114-1/54558
早期精神病症專題討論,陳彥伶,41406,Psy7324,227M0620,選修,,"四 6,7",南館S309,2 類,,2,,https://course.ntu.edu.tw/courses/114-1/41406
臨床心理學特論一,陳彥伶,19590,Psy7326,227M0640,選修,,"三 10,A,B",南館S409,2 類,,3,,https://course.ntu.edu.tw/courses/114-1/19590
腦與意識專題研究五,謝伯讓,52548,Psy7327,227M0650,選修,,"一 2,3,4",南館S309,2 類,,3,,https://course.ntu.edu.tw/courses/114-1/52548
數理心理學特論四,徐永豐,11203,Psy7328,227M0660,選修,,,,2 類,,3,,https://course.ntu.edu.tw/courses/114-1/11203
計算互動腦科學專題討論三,陳品豪,41052,Psy7329,227M0670,選修,,,,2 類,,3,,https://course.ntu.edu.tw/courses/114-1/41052
計算互動心智科學專題研究三,陳品豪,27478,Psy7330,227M0680,選修,,,,2 類,,3,,https://course.ntu.edu.tw/courses/114-1/27478
長期記憶專題研究(一),郭柏呈,95090,Psy7331,227M0690,選修,,,,2 類,,3,,https://course.ntu.edu.tw/courses/114-1/95090
碩士論文,,55797,Psy7999,227M0010,必修,,,,1 類,,0,,https://course.ntu.edu.tw/courses/114-1/55797
專題討論,黃從仁,58267,Psy8001,227D0060,必修,,三 7,北館視聽,2 類,,1,,https://course.ntu.edu.tw/courses/114-1/58267
社會情緒發展專題一,雷庚玲,95013,Psy8075,227D2420,選修,,"一 2,3,4",北館N221,2 類,,3,,https://course.ntu.edu.tw/courses/114-1/95013
高等臨床健康心理學四,林耀盛,19921,Psy8099,227D3910,選修,,"二 A,B,C",南館S309,2 類,,3,,https://course.ntu.edu.tw/courses/114-1/19921
服務學習甲,劉宴齊,12168,PT0010,408001G0,必帶,,,,2 類,,1,,https://course.ntu.edu.tw/courses/114-1/12168
物理治療教育與專業發展,林居正,36674,PT1011,40810200,必帶 / 選修,,"一 8,9",物治實習3F,2 類,,1,,https://course.ntu.edu.tw/courses/114-1/36674
急救物理治療學,蘇泰德,19730,PT1014,40810230,必帶,,"一 8,9",物治實習3F,2 類,,1,,https://course.ntu.edu.tw/courses/114-1/19730
體適能與運動處方,林冠吟,20027,PT1020,40823200,必帶 / 必修,,"三 3,4",物治實習3F,2 類,,1,,https://course.ntu.edu.tw/courses/114-1/20027
物理治療資訊導讀,郭曉意,11134,PT1024,40810700,選修,,四 4,物治實習3F,2 類,,1,,https://course.ntu.edu.tw/courses/114-1/11134
競技貼紮學暨實習,王興國,12962,PT1026,40810270,必帶,,"一 6,7",物治實習3F,2 類,,1,,https://course.ntu.edu.tw/courses/114-1/12962
肌動學,柴惠敏,31006,PT2003,40821300,必帶,,"一 1,2",共104,1 類,,2,,https://course.ntu.edu.tw/courses/114-1/31006
物理因子治療學及實習,徐瑋勵,36402,PT2022,40823700,必帶,,"四 6,7,8,9",物治實習3F,2 類,,3,,https://course.ntu.edu.tw/courses/114-1/36402
機能解剖學,劉宴齊,38137,PT3002,40831060,必帶,,"五 6,7",物治實習3F,2 類,,2,,https://course.ntu.edu.tw/courses/114-1/38137
機能解剖學實驗,劉宴齊,42611,PT3003,40831070,必帶,,"五 8,9",物治實習3F,2 類,,1,,https://course.ntu.edu.tw/courses/114-1/42611
復健學,梁蕙雯,13681,PT3012,40831700,必帶 / 選修,,二 1,基醫303,1 類,,1,,https://course.ntu.edu.tw/courses/114-1/13681
動作控制與學習導論,林千禾,59190,PT3042,40833170,必帶 / 選修,,四 6,物治實習4F,2 類,,1,,https://course.ntu.edu.tw/courses/114-1/59190
物理治療基本肌肉骨骼系統影像一,王興國,51784,PT3055,40835900,必帶,,三 2,物治實習3F,2 類,,1,,https://course.ntu.edu.tw/courses/114-1/51784
肌肉骨骼疾患物理治療實習一,徐瑋勵,49013,PT3056,40836000,必帶,,"三 7,8",物治實習3F,2 類,,1,,https://course.ntu.edu.tw/courses/114-1/49013
實證物理治療學,李亞芸,28942,PT3057,40836100,必帶,,"一 6,7",基醫508,2 類,,2,,https://course.ntu.edu.tw/courses/114-1/28942
物理治療與社會,鄭素芳,56409,PT3063,40836610,必帶,,"二 7,8",基醫402,2 類,,1,,https://course.ntu.edu.tw/courses/114-1/56409
肌肉骨骼物理治療評估、鑑別診斷與實習一,林居正,16282,PT3064,40835810,必帶,,"四 7,8,9",物治實習4F,2 類,,2,,https://course.ntu.edu.tw/courses/114-1/16282
物理治療臨床實習(A),蘇泰德,39243,PT4001,40840070,選修,,,,2 類,,3,,https://course.ntu.edu.tw/courses/114-1/39243
物理治療臨床實習(B),蘇泰德,44504,PT4002,40840080,選修,,,,2 類,,2,,https://course.ntu.edu.tw/courses/114-1/44504
物理治療專題討論,湯佩芳,24363,PT4014,40842300,必修,,"六 2,3",物治實習4F,2 類,,2,,https://course.ntu.edu.tw/courses/114-1/24363
物理治療臨床實習(D),林居正,54053,PT4026,40843000,選修,,,,2 類,,4,,https://course.ntu.edu.tw/courses/114-1/54053
物理治療研究一,吳晏慈,31407,PT4031,40842910,選修,,,,2 類,,2,,https://course.ntu.edu.tw/courses/114-1/31407
物理治療研究一,李亞芸,10345,PT4031,40842910,選修,,,,2 類,,2,,https://course.ntu.edu.tw/courses/114-1/10345
物理治療研究一,劉宴齊,58678,PT4031,40842910,選修,,,,2 類,,2,,https://course.ntu.edu.tw/courses/114-1/58678
物理治療研究二,吳晏慈,52109,PT4032,40842920,選修,,,,2 類,,2,,https://course.ntu.edu.tw/courses/114-1/52109
物理治療研究二,劉宴齊,25888,PT4032,40842920,選修,,,,2 類,,2,,https://course.ntu.edu.tw/courses/114-1/25888
物理治療研究二,陳月霞,37900,PT4032,40842920,選修,,,,2 類,,2,,https://course.ntu.edu.tw/courses/114-1/37900
心肺物理治療、預防與實習二,王儷穎,22277,PT4054,40843520,必帶,,"二 6,7,8",物治實習4F,2 類,,2,,https://course.ntu.edu.tw/courses/114-1/22277
兒童發展與家庭功能評估及實習,郭曉意,24398,PT4055,40843530,必帶,,"五 2,3,4",物治實習4F,2 類,,2,,https://course.ntu.edu.tw/courses/114-1/24398
神經物理治療Ⅰ: 評估、鑑別診斷與實習,湯佩芳,10379,PT4056,40843610,必帶,,"三 1,2,3,4",物治實習4F,2 類,,3,,https://course.ntu.edu.tw/courses/114-1/10379
實證操作治療學及實習,陳月霞,24044,PT4057,40844410,必帶,,"二 2,3,4",物治實習3F,2 類,,2,,https://course.ntu.edu.tw/courses/114-1/24044
科技輔具學與實習一,劉宴齊,45829,PT4059,40843500,必帶 / 選修,,"一 6,7,8,9",物治實習4F,2 類,,2,,https://course.ntu.edu.tw/courses/114-1/45829
肌肉骨骼物理治療臨床實習,林居正,38938,PT5030,40850000,必修,,,,2 類,,4,,https://course.ntu.edu.tw/courses/114-1/38938
神經物理治療臨床實習,湯佩芳,55484,PT5031,40850400,必修 / 選修,,,,2 類,,4,,https://course.ntu.edu.tw/courses/114-1/55484
小兒物理治療臨床實習,鄭素芳,54842,PT5032,40850500,必修,,,,2 類,,4,,https://course.ntu.edu.tw/courses/114-1/54842
呼吸循環物理治療臨床實習,王儷穎,11050,PT5033,40850600,必修,,,,2 類,,4,,https://course.ntu.edu.tw/courses/114-1/11050
跨領域整合物理治療臨床實習一,林居正,44308,PT5034,40850700,必修,,,,2 類,,4,,https://course.ntu.edu.tw/courses/114-1/44308
跨領域整合物理治療臨床實習二,林居正,59348,PT5035,40850800,必修,,,,2 類,,4,,https://course.ntu.edu.tw/courses/114-1/59348
複雜病例討論,林居正,14542,PT6003,40860200,必修,,"六 6,7",物治實習4F,2 類,,1,,https://course.ntu.edu.tw/courses/114-1/14542
物理治療與長期照顧,李亞芸,18326,PT6010,40860900,必帶,,一 4,基醫402,2 類,,1,,https://course.ntu.edu.tw/courses/114-1/18326
物理治療特色實習一,林居正,10573,PT6011,40861000,必修,,,,2 類,,2,,https://course.ntu.edu.tw/courses/114-1/10573
物理治療特色實習二,林居正,58052,PT6012,40861100,必修,,,,2 類,,2,,https://course.ntu.edu.tw/courses/114-1/58052
專業素養增能,陳月霞,30111,PT6016,40861500,必帶,,,,2 類,,2,,https://course.ntu.edu.tw/courses/114-1/30111
國際物理治療臨床實作,蘇泰德,14880,PT6018,40861700,選修,,,,2 類,,3,,https://course.ntu.edu.tw/courses/114-1/14880
骨科物治臨床實習研究一,林居正,31772,PT7001,428M0030,選修,,,,2 類,,2,,https://course.ntu.edu.tw/courses/114-1/31772
骨科物治臨床實習研究一,王興國,32021,PT7001,428M0030,選修,,,,2 類,,2,,https://course.ntu.edu.tw/courses/114-1/32021
骨科物治臨床實習研究一,徐瑋勵,58408,PT7001,428M0030,選修,,,,2 類,,2,,https://course.ntu.edu.tw/courses/114-1/58408
神經物治臨床實習研究一,湯佩芳,11293,PT7002,428M0040,選修,,,,2 類,,2,,https://course.ntu.edu.tw/courses/114-1/11293
神經物治臨床實習研究一,李亞芸,46747,PT7002,428M0040,選修,,,,2 類,,2,,https://course.ntu.edu.tw/courses/114-1/46747
神經物治臨床實習研究一,劉宴齊,42898,PT7002,428M0040,選修,,,,2 類,,2,,https://course.ntu.edu.tw/courses/114-1/42898
小兒物治臨床實習研究一,吳晏慈,27586,PT7003,428M0050,選修,,,,2 類,,2,,https://course.ntu.edu.tw/courses/114-1/27586
骨科物治臨床實習研究二,王興國,51206,PT7005,428M0070,選修,,,,2 類,,2,,https://course.ntu.edu.tw/courses/114-1/51206
小兒物治臨床實習研究二,吳晏慈,34011,PT7007,428M0090,選修,,,,2 類,,2,,https://course.ntu.edu.tw/courses/114-1/34011
動作控制學,湯佩芳,36498,PT7083,428M3040,必修 / 選修,,"一 8,9",物治討論一,2 類,,2,,https://course.ntu.edu.tw/courses/114-1/36498
骨科物理治療專題討論三,王淑芬,47502,PT7089,428M3090,選修,,三 5,物治討論一,2 類,,1,,https://course.ntu.edu.tw/courses/114-1/47502
動作學習學,李亞芸,12734,PT7092,428M3220,選修,,"二 6,7",物治實習3F,2 類,,2,,https://course.ntu.edu.tw/courses/114-1/12734
教學實習,郭曉意,19422,PT7096,428M3250,選修,,,,2 類,,0,,https://course.ntu.edu.tw/courses/114-1/19422
骨科物治臨床專題研究一,林居正,54696,PT7100,428M4110,選修,,,,2 類,,1,,https://course.ntu.edu.tw/courses/114-1/54696
骨科物治臨床專題研究一,王興國,19710,PT7100,428M4110,選修,,,,2 類,,1,,https://course.ntu.edu.tw/courses/114-1/19710
骨科物治臨床專題研究一,徐瑋勵,59706,PT7100,428M4110,選修,,,,2 類,,1,,https://course.ntu.edu.tw/courses/114-1/59706
骨科物治臨床專題研究一,陳月霞,11506,PT7100,428M4110,選修,,,,2 類,,1,,https://course.ntu.edu.tw/courses/114-1/11506
骨科物治臨床專題研究二,王淑芬,27783,PT7101,428M4120,選修,,,,2 類,,1,,https://course.ntu.edu.tw/courses/114-1/27783
骨科物治臨床專題研究三,林居正,40644,PT7102,428M4130,選修,,,,2 類,,1,,https://course.ntu.edu.tw/courses/114-1/40644
骨科物治臨床專題研究三,王興國,29199,PT7102,428M4130,選修,,,,2 類,,1,,https://course.ntu.edu.tw/courses/114-1/29199
骨科物治臨床專題研究三,徐瑋勵,34974,PT7102,428M4130,選修,,,,2 類,,1,,https://course.ntu.edu.tw/courses/114-1/34974
神經物治臨床專題研究一,湯佩芳,48533,PT7104,428M4210,選修,,,,2 類,,1,,https://course.ntu.edu.tw/courses/114-1/48533
神經物治臨床專題研究一,劉宴齊,17273,PT7104,428M4210,選修,,,,2 類,,1,,https://course.ntu.edu.tw/courses/114-1/17273
神經物治臨床專題研究三,李亞芸,59948,PT7106,428M4230,選修,,,,2 類,,1,,https://course.ntu.edu.tw/courses/114-1/59948
神經物治臨床專題研究三,劉宴齊,25812,PT7106,428M4230,選修,,,,2 類,,1,,https://course.ntu.edu.tw/courses/114-1/25812
小兒物治臨床專題研究一,吳晏慈,59771,PT7108,428M4310,選修,,,,2 類,,1,,https://course.ntu.edu.tw/courses/114-1/59771
小兒物治臨床專題研究三,鄭素芳,23769,PT7110,428M4330,選修,,,,2 類,,1,,https://course.ntu.edu.tw/courses/114-1/23769
小兒物治臨床專題研究三,郭曉意,49533,PT7110,428M4330,選修,,,,2 類,,1,,https://course.ntu.edu.tw/courses/114-1/49533
小兒物治臨床專題研究四,吳晏慈,37398,PT7111,428M4340,選修,,,,2 類,,1,,https://course.ntu.edu.tw/courses/114-1/37398
心肺物治臨床專題研究一,林冠吟,34270,PT7112,428M4410,選修,,,,2 類,,1,,https://course.ntu.edu.tw/courses/114-1/34270
碩士論文,林居正,49901,PT7999,428M0010,必修,,,,1 類,,0,,https://course.ntu.edu.tw/courses/114-1/49901
高等運動生理學一,王儷穎,58120,PT8011,428D0130,選修,,"一 2,3,4",物治討論二,2 類,,3,,https://course.ntu.edu.tw/courses/114-1/58120
小兒物理治療學專題研究二,吳晏慈,42688,PT8014,428D0160,選修,,,,2 類,,1,,https://course.ntu.edu.tw/courses/114-1/42688
神經物理治療學專題研究四,李亞芸,12816,PT8022,428D0240,選修,,,,2 類,,1,,https://course.ntu.edu.tw/courses/114-1/12816
骨科物理治療學專題研究一,王興國,23141,PT8025,428D0270,選修,,,,2 類,,1,,https://course.ntu.edu.tw/courses/114-1/23141
骨科物理治療學專題研究三,林居正,19529,PT8027,428D0290,選修,,,,2 類,,1,,https://course.ntu.edu.tw/courses/114-1/19529
骨科物理治療學專題研究三,徐瑋勵,31801,PT8027,428D0290,選修,,,,2 類,,1,,https://course.ntu.edu.tw/courses/114-1/31801
心肺物理治療學專題研究一,林冠吟,45888,PT8031,428D0330,選修,,,,2 類,,1,,https://course.ntu.edu.tw/courses/114-1/45888
心肺物理治療學專題研究四,林冠吟,17979,PT8034,428D0360,選修,,,,2 類,,1,,https://course.ntu.edu.tw/courses/114-1/17979
實證物理治療與臨床決策,王淑芬,49418,PT8044,428D0460,必修,,"三 8,9",物治討論三,2 類,,2,,https://course.ntu.edu.tw/courses/114-1/49418
臨床影像及神經影像一,王興國,30072,PT8057,428D0520,選修,,"三 2,3",,2 類,,2,,https://course.ntu.edu.tw/courses/114-1/30072
兒童早期療育學,吳晏慈,31161,PT8062,428D0580,選修,,"三 6,7",物治討論一,2 類,,2,,https://course.ntu.edu.tw/courses/114-1/31161
骨科物理治療學專題研究七,王興國,15664,PT8071,428D0670,選修,,,,2 類,,1,,https://course.ntu.edu.tw/courses/114-1/15664
骨科物理治療學專題研究七,陳月霞,19162,PT8071,428D0670,選修,,,,2 類,,1,,https://course.ntu.edu.tw/courses/114-1/19162
骨科物理治療學專題研究八,王興國,43481,PT8072,428D0680,選修,,,,2 類,,1,,https://course.ntu.edu.tw/courses/114-1/43481
骨科物理治療學專題研究十,徐瑋勵,20537,PT8074,428D0700,選修,,,,2 類,,1,,https://course.ntu.edu.tw/courses/114-1/20537
呼吸循環生理學,王儷穎,27213,PT8079,428D0750,選修,,"四 6,7",物治討論二,2 類,,2,,https://course.ntu.edu.tw/courses/114-1/27213
心血管疾病與運動療法,林冠吟,19691,PT8081,428D0770,選修,,"一 6,7",物治討論二,2 類,,2,,https://course.ntu.edu.tw/courses/114-1/19691
博士論文,林居正,52342,PT8999,428D0010,必修,,,,1 類,,0,,https://course.ntu.edu.tw/courses/114-1/52342
國際生新聞華語,江怡音,52913,PTCSL5004,146U9320,選修,,"四 3,4",新201,2 類,,2,,https://course.ntu.edu.tw/courses/114-1/52913
國際生新聞華語,王曉君,26572,PTCSL5004,146U9320,選修,,"四 3,4",普302,2 類,,2,,https://course.ntu.edu.tw/courses/114-1/26572
國際生華語歷史故事,葉千菁,36051,PTCSL5005,146U9330,選修,,"一 6,7",普406,2 類,,2,,https://course.ntu.edu.tw/courses/114-1/36051
國際生華語閱讀與寫作,蔡一萍,52376,PTCSL5011,146U9390,選修,,"五 3,4",共406,2 類,,2,,https://course.ntu.edu.tw/courses/114-1/52376
國際生文言文入門,葉千菁,33924,PTCSL5012,146U9400,選修,,"四 8,9",新405,2 類,,2,,https://course.ntu.edu.tw/courses/114-1/33924
華語正音,竺靜華,31930,PTCSL7009,146M0720,選修,,"一 6,7",綜505,2 類,,1,,https://course.ntu.edu.tw/courses/114-1/31930
華語語音教學,劉德馨,24747,PTCSL7201,146M0050,選修,,"四 2,3,4",綜505,2 類,,3,,https://course.ntu.edu.tw/courses/114-1/24747
專題研究一,劉德馨,12971,PTCSL7245,146M0520,選修,,,,2 類,,1,,https://course.ntu.edu.tw/courses/114-1/12971
專題研究一,蔡宜妮,25827,PTCSL7245,146M0520,選修,,,,2 類,,1,,https://course.ntu.edu.tw/courses/114-1/25827
專題研究一,張莉萍,21741,PTCSL7245,146M0520,選修,,,,2 類,,1,,https://course.ntu.edu.tw/courses/114-1/21741
專題研究一,汪俊彥,43712,PTCSL7245,146M0520,選修,,,,2 類,,1,,https://course.ntu.edu.tw/courses/114-1/43712
華語教學語法,張莉萍,46070,PTCSL7249,146M0550,選修,,"三 6,7,8",綜505,2 類,,3,,https://course.ntu.edu.tw/courses/114-1/46070
當代漢語,蔡宜妮,25301,PTCSL7255,146M0600,必修,,"二 6,7,8",博雅308,2 類,,3,,https://course.ntu.edu.tw/courses/114-1/25301
研究方法,蔡宜妮,22731,PTCSL7256,146M0610,必修,,"三 3,4",博雅311,2 類,,2,,https://course.ntu.edu.tw/courses/114-1/22731
跨領域人文與當代臺灣,汪俊彥,24397,PTCSL7264,146M0690,選修,,"二 2,3,4",綜607,2 類,,3,,https://course.ntu.edu.tw/courses/114-1/24397
國際生華語 (一),王曉君,20087,PTCSL7908,146U9080,選修,,"一 1,2 / 三 1,2 / 五 1,2",共307/共307/共304,2 類,,3,,https://course.ntu.edu.tw/courses/114-1/20087
國際生華語 (一),蔡孟芳,51609,PTCSL7908,146U9080,選修,,"一 1,2 / 三 1,2 / 五 1,2",共308/共204/共308,2 類,,3,,https://course.ntu.edu.tw/courses/114-1/51609
國際生華語 (一),蔡一萍,27677,PTCSL7908,146U9080,選修,,"一 1,2 / 三 1,2 / 五 1,2",共403,2 類,,3,,https://course.ntu.edu.tw/courses/114-1/27677
國際生華語 (一),陳  禛,34475,PTCSL7908,146U9080,選修,,"一 1,2 / 三 1,2 / 五 1,2",共406,2 類,,3,,https://course.ntu.edu.tw/courses/114-1/34475
國際生華語 (一),劉孝聖,34223,PTCSL7908,146U9080,選修,,"一 1,2 / 三 1,2 / 五 1,2",普302,2 類,,3,,https://course.ntu.edu.tw/courses/114-1/34223
國際生華語 (一),邱旻宣,46143,PTCSL7908,146U9080,選修,,"一 1,2 / 三 1,2 / 五 1,2",普401,2 類,,3,,https://course.ntu.edu.tw/courses/114-1/46143
國際生華語 (一),林孟婷,26250,PTCSL7908,146U9080,選修,,"一 1,2 / 三 1,2 / 五 1,2",普403/普402/普403,2 類,,3,,https://course.ntu.edu.tw/courses/114-1/26250
國際生華語 (一),江怡音,46523,PTCSL7908,146U9080,選修,,"一 1,2 / 三 1,2 / 五 1,2",普404,2 類,,3,,https://course.ntu.edu.tw/courses/114-1/46523
國際生華語 (一),黃品蓉,43098,PTCSL7908,146U9080,選修,,"一 1,2 / 三 1,2 / 五 1,2",普405/普405/普303,2 類,,3,,https://course.ntu.edu.tw/courses/114-1/43098
國際生華語 (一),何宣瑩,32036,PTCSL7908,146U9080,選修,,"一 1,2 / 三 1,2 / 五 1,2",普501/普501/普502,2 類,,3,,https://course.ntu.edu.tw/courses/114-1/32036
國際生華語 (一),吳俞萱,46600,PTCSL7908,146U9080,選修,,"一 A,B,C / 三 A,B,C",普101/普303,2 類,,3,,https://course.ntu.edu.tw/courses/114-1/46600
國際生華語 (一),鄭婷勻,38437,PTCSL7908,146U9080,選修,,"一 A,B,C / 三 A,B,C",普103/普304,2 類,,3,,https://course.ntu.edu.tw/courses/114-1/38437
國際生華語 (一),林佩君,31916,PTCSL7908,146U9080,選修,,"一 A,B,C / 三 A,B,C",普401,2 類,,3,,https://course.ntu.edu.tw/courses/114-1/31916
國際生華語 (一),江怡音,35003,PTCSL7908,146U9080,選修,,"一 A,B,C / 三 A,B,C",普402,2 類,,3,,https://course.ntu.edu.tw/courses/114-1/35003
國際生華語 (一),葉千菁,51147,PTCSL7908,146U9080,選修,,"一 A,B,C / 三 A,B,C",普403,2 類,,3,,https://course.ntu.edu.tw/courses/114-1/51147
國際生華語 (一),蔡孟芳,33515,PTCSL7908,146U9080,選修,,"一 A,B,C / 三 A,B,C",普404,2 類,,3,,https://course.ntu.edu.tw/courses/114-1/33515
國際生華語 (一),邱旻宣,29531,PTCSL7908,146U9080,選修,,"一 A,B,C / 三 A,B,C",普405,2 類,,3,,https://course.ntu.edu.tw/courses/114-1/29531
國際生華語 (一),邱岳騏,11274,PTCSL7908,146U9080,選修,,"一 A,B,C / 三 A,B,C",普406,2 類,,3,,https://course.ntu.edu.tw/courses/114-1/11274
國際生華語 (一),何宣瑩,28573,PTCSL7908,146U9080,選修,,"一 A,B,C / 三 A,B,C",普501,2 類,,3,,https://course.ntu.edu.tw/courses/114-1/28573
國際生華語 (一),駱美秀,46334,PTCSL7908,146U9080,選修,,"一 A,B,C / 三 A,B,C",普502,2 類,,3,,https://course.ntu.edu.tw/courses/114-1/46334
國際生華語 (一),何婉嘉,45138,PTCSL7908,146U9080,選修,,"一 A,B,C / 三 A,B,C",普503,2 類,,3,,https://course.ntu.edu.tw/courses/114-1/45138
國際生華語 (一),王冠婷,15421,PTCSL7908,146U9080,選修,,"一 A,B,C / 三 A,B,C",普504/普505,2 類,,3,,https://course.ntu.edu.tw/courses/114-1/15421
國際生華語 (一),張孟華,56395,PTCSL7908,146U9080,選修,,"二 A,B,C / 四 A,B,C",普401,2 類,,3,,https://course.ntu.edu.tw/courses/114-1/56395
國際生華語 (一),陳伯嫚,41250,PTCSL7908,146U9080,選修,,"二 A,B,C / 四 A,B,C",普402,2 類,,3,,https://course.ntu.edu.tw/courses/114-1/41250
國際生華語 (一),林梅琪,11974,PTCSL7908,146U9080,選修,,"二 A,B,C / 四 A,B,C",普403,2 類,,3,,https://course.ntu.edu.tw/courses/114-1/11974
國際生華語 (一),鄭婷勻,15240,PTCSL7908,146U9080,選修,,"二 A,B,C / 四 A,B,C",普404,2 類,,3,,https://course.ntu.edu.tw/courses/114-1/15240
國際生華語 (一),邱岳騏,57260,PTCSL7908,146U9080,選修,,"二 A,B,C / 四 A,B,C",普405,2 類,,3,,https://course.ntu.edu.tw/courses/114-1/57260
國際生華語 (一),何宣瑩,15587,PTCSL7908,146U9080,選修,,"二 A,B,C / 四 A,B,C",普502,2 類,,3,,https://course.ntu.edu.tw/courses/114-1/15587
國際生華語 (一),蔡孟芳,17368,PTCSL7908,146U9080,選修,,"二 A,B,C / 四 A,B,C",普504,2 類,,3,,https://course.ntu.edu.tw/courses/114-1/17368
國際生華語 (一),吳俞萱,31878,PTCSL7908,146U9080,選修,,"二 A,B,C / 四 A,B,C",普505,2 類,,3,,https://course.ntu.edu.tw/courses/114-1/31878
國際生華語 (一),王冠婷,56060,PTCSL7908,146U9080,選修,,"二 A,B,C / 四 A,B,C",普203/普302,2 類,,3,,https://course.ntu.edu.tw/courses/114-1/56060
國際生實用華語 (一),林孟婷,47220,PTCSL7910,146U9100,選修,,"二 1,2 / 四 1,2",共302,2 類,,1,,https://course.ntu.edu.tw/courses/114-1/47220
國際生實用華語 (一),張孟華,17099,PTCSL7910,146U9100,選修,,"二 1,2 / 四 1,2",共305,2 類,,1,,https://course.ntu.edu.tw/courses/114-1/17099
國際生實用華語 (一),江怡音,11077,PTCSL7910,146U9100,選修,,"二 1,2 / 四 1,2",共306,2 類,,1,,https://course.ntu.edu.tw/courses/114-1/11077
國際生實用華語 (一),林映均,47783,PTCSL7910,146U9100,選修,,"二 1,2 / 四 1,2",共401,2 類,,1,,https://course.ntu.edu.tw/courses/114-1/47783
國際生實用華語 (一),何宣瑩,23640,PTCSL7910,146U9100,選修,,"二 1,2 / 四 1,2",共402,2 類,,1,,https://course.ntu.edu.tw/courses/114-1/23640
國際生實用華語 (一),蔡孟芳,12417,PTCSL7910,146U9100,選修,,"二 1,2 / 四 1,2",共406/共307,2 類,,1,,https://course.ntu.edu.tw/courses/114-1/12417
國際生實用華語 (一),李芳蓓,50422,PTCSL7910,146U9100,選修,,"二 1,2 / 四 1,2",共407/共404,2 類,,1,,https://course.ntu.edu.tw/courses/114-1/50422
國際生實用華語 (一),王曉君,20652,PTCSL7910,146U9100,選修,,"二 1,2 / 四 1,2",普302,2 類,,1,,https://course.ntu.edu.tw/courses/114-1/20652
國際生實用華語 (一),趙玉雯,34896,PTCSL7910,146U9100,選修,,"二 1,2 / 四 1,2",普401,2 類,,1,,https://course.ntu.edu.tw/courses/114-1/34896
國際生實用華語 (一),陳  禛,59375,PTCSL7910,146U9100,選修,,"二 1,2 / 四 1,2",普403,2 類,,1,,https://course.ntu.edu.tw/courses/114-1/59375
國際生實用華語 (一),蔡一萍,47517,PTCSL7910,146U9100,選修,,"二 1,2 / 四 1,2",普405,2 類,,1,,https://course.ntu.edu.tw/courses/114-1/47517
國際生實用華語 (一),黃品蓉,46578,PTCSL7910,146U9100,選修,,"二 1,2 / 四 1,2",普501,2 類,,1,,https://course.ntu.edu.tw/courses/114-1/46578
國際生初級臺語,賴毓珊,17392,PTCSL7915,146U9150,選修,,"一 8,9",共204,2 類,,2,,https://course.ntu.edu.tw/courses/114-1/17392
國際生初級臺語,陳豐惠,43933,PTCSL7915,146U9150,選修,,"三 8,9",共307,2 類,,2,,https://course.ntu.edu.tw/courses/114-1/43933
國際生漢字與部首教學,劉孝聖,21336,PTCSL7916,146U9160,選修,,"一 8,9",新403,2 類,,2,,https://course.ntu.edu.tw/courses/114-1/21336
國際生生活成語,葉千菁,32741,PTCSL7920,146U9200,選修,,"一 8,9",普406,2 類,,2,,https://course.ntu.edu.tw/courses/114-1/32741
國際生進階臺語,賴毓珊,36537,PTCSL7923,146U9230,選修,,"二 8,9",共205,2 類,,2,,https://course.ntu.edu.tw/courses/114-1/36537
國際生進階臺語,陳豐惠,31117,PTCSL7923,146U9230,選修,,"三 6,7",共307,2 類,,2,,https://course.ntu.edu.tw/courses/114-1/31117
華語劇場與文化批評,汪俊彥,18883,PTCSL7930,146U9340,,,"二 7,8,9",文16,2 類,,3,,https://course.ntu.edu.tw/courses/114-1/18883
碩士論文,,42282,PTCSL7999,146M0010,必修,,,,1 類,,0,,https://course.ntu.edu.tw/courses/114-1/42282
轉譯醫學,林家齊,23385,PTMP8001,456D0020,必修,,"三 2,3,4",,3 類,,3,,https://course.ntu.edu.tw/courses/114-1/23385
轉譯醫學專題討論Ⅰ,林家齊,15678,PTMP8002,456D0030,必修,,三 7,,3 類,,1,,https://course.ntu.edu.tw/courses/114-1/15678
轉譯醫學專題討論 III,林家齊,54223,PTMP8006,456D0060,必修,,三 7,,3 類,,1,,https://course.ntu.edu.tw/courses/114-1/54223
分子醫學,林家齊,57490,PTMP8008,456D0080,選修,,"二 6,7,8",,3 類,,3,,https://course.ntu.edu.tw/courses/114-1/57490
實驗室實習一,陳瑞華,54402,PTMP8023,456D0250,必修,,,,3 類,,1,,https://course.ntu.edu.tw/courses/114-1/54402
博士論文,林家齊,54897,PTMP8999,456D0010,必修,,,,1 類,,0,,https://course.ntu.edu.tw/courses/114-1/54897
博士論文,,95028,SCST8001,552D0010,必修,,,,1 類,,0,,https://course.ntu.edu.tw/courses/114-1/95028
書報討論,江明錫,42646,SCST8002,552D0020,必修,,"三 7,8",,1 類,,1,,https://course.ntu.edu.tw/courses/114-1/42646
專題演講,章為皓,22655,SCST8003,552D0030,必修,,,,1 類,,1,,https://course.ntu.edu.tw/courses/114-1/22655
實驗室實習,黃人則,40272,SCST8004,552D0040,必修,,,,1 類,,0,,https://course.ntu.edu.tw/courses/114-1/40272
永續化學科技導論 I,洪政雄,47815,SCST8007,552D0070,必修,,"三 2,3,4",,1 類,,3,,https://course.ntu.edu.tw/courses/114-1/47815
永續奈米化學特論,黃人則,49493,SCST8011,552M0110,選修,,"四 2,3,4",,2 類,,3,,https://course.ntu.edu.tw/courses/114-1/49493
服務學習甲,梁晨,30118,Soc0001,305001G0,選修,,三 10,,2 類,,1,,https://course.ntu.edu.tw/courses/114-1/30118
服務學習乙,李令儀,39499,Soc0002,305001H0,必修,,,,2 類,,1,,https://course.ntu.edu.tw/courses/114-1/39499
服務學習乙,洪晨碩,16640,Soc0002,305001H0,選修,,,,2 類,,1,,https://course.ntu.edu.tw/courses/114-1/16640
服務學習乙,梁晨,59359,Soc0002,305001H0,選修,,,,2 類,,1,,https://course.ntu.edu.tw/courses/114-1/59359
社會學甲上,陳東升,27852,Soc1004,305101A1,,,"二 2,3,4",共101,2 類,,3,,https://course.ntu.edu.tw/courses/114-1/27852
社會學,李令儀,48908,Soc1027,30510110,,,"三 6,7,8",普103,2 類,,3,,https://course.ntu.edu.tw/courses/114-1/48908
社會學,曾嬿芬,41900,Soc1027,30510110,,,"五 7,8,9",共201,3 類,,3,,https://course.ntu.edu.tw/courses/114-1/41900
社會學,呂青湖,26524,Soc1027,30510110,,,"一 7,8,9",新303,2 類,,3,,https://course.ntu.edu.tw/courses/114-1/26524
社會統計,郭貞蘭,50984,Soc1028,30512100,必帶,,"五 2,3,4,6,7",社101,2 類,,4,,https://course.ntu.edu.tw/courses/114-1/50984
社會統計,林孟瑢,39060,Soc1028,30512100,必帶,,"五 2,3,4,6,7",社103,2 類,,4,,https://course.ntu.edu.tw/courses/114-1/39060
社會學甲實習上,陳東升,19339,Soc1030,305102A1,必帶,,,,2 類,,1,,https://course.ntu.edu.tw/courses/114-1/19339
科技與社會研究一,吳嘉苓,18858,Soc2015,30561950,選修,,"一 2,3,4",社101,2 類,,3,,https://course.ntu.edu.tw/courses/114-1/18858
政治社會學,翁哲瑞,42019,Soc2018,30524200,選修,,"二 7,8,9",社207,2 類,,3,,https://course.ntu.edu.tw/courses/114-1/42019
性別社會學,梁晨,11945,Soc2041,30521170,選修,,"三 7,8,9",社103,2 類,,3,,https://course.ntu.edu.tw/courses/114-1/11945
動物與社會,簡妤儒,47958,Soc2055,30523350,選修,,"五 7,8,9",社207,2 類,,3,,https://course.ntu.edu.tw/courses/114-1/47958
東亞社會田野研究工作坊,簡妤儒,31789,Soc2062,30523220,選修,,,,2 類,,2,,https://course.ntu.edu.tw/courses/114-1/31789
消費社會學,李令儀,29754,Soc2068,30549410,選修,,"五 2,3,4",社207,2 類,,3,,https://course.ntu.edu.tw/courses/114-1/29754
社會研究方法甲上,林孟瑢,34206,Soc3048,305312A1,必帶,,"三 2,3,4 / 五 8,9",社207,2 類,,4,,https://course.ntu.edu.tw/courses/114-1/34206
社會研究方法甲上,洪晨碩,27673,Soc3048,305312A1,必帶,,"三 2,3,4 / 五 8,9",社101,2 類,,4,,https://course.ntu.edu.tw/courses/114-1/27673
學士論文寫作,簡妤儒,27115,Soc4019,30548810,選修,,"一 2,3,4",社205,2 類,,3,,https://course.ntu.edu.tw/courses/114-1/27115
國際遷移,藍佩嘉,12239,Soc5001,325U5900,選修,,"一 7,8,9",社103,2 類,,3,,https://course.ntu.edu.tw/courses/114-1/12239
性別與政治,范  雲,43827,Soc5017,305U5010,選修,,"一 10,A",社205,2 類,,2,,https://course.ntu.edu.tw/courses/114-1/43827
當代台灣社會,何明修,52586,Soc5023,325U3000,選修,,"一 7,8,9",社211,2 類,,3,,https://course.ntu.edu.tw/courses/114-1/52586
影像社會學,李  芊,49615,Soc5046,325U1430,選修,,"四 7,8,9",社209,2 類,,3,,https://course.ntu.edu.tw/courses/114-1/49615
人工智慧代理人實作導論,陳東升,95014,Soc5047,325U8000,選修,,,,2 類,,1,,https://course.ntu.edu.tw/courses/114-1/95014
環境社會學,劉仲恩,54002,Soc5080,325U4640,選修,,"四 2,3,4",社209,2 類,,3,,https://course.ntu.edu.tw/courses/114-1/54002
中國的公民社會與社會變遷,安東尼,36321,Soc5096,325U1090,選修,,"二 7,8,9",社318,2 類,,1,,https://course.ntu.edu.tw/courses/114-1/36321
跨國視角下的韓國,鄭珉宇,43429,Soc5097,325U1110,選修,,"二 10,A,B / 四 10,A,B",社318,2 類,,1,,https://course.ntu.edu.tw/courses/114-1/43429
社會學研究方法,劉仲恩,95015,Soc7016,325M9990,必修,,"三 2,3,4",社205,2 類,,3,,https://course.ntu.edu.tw/courses/114-1/95015
民族與民族主義,翁哲瑞,19530,Soc7033,325M3300,選修,,"三 7,8,9",社205,2 類,,3,,https://course.ntu.edu.tw/courses/114-1/19530
古典社會學理論,何明修,32587,Soc7041,325M4210,必修,,"二 2,3,4",社205,2 類,,3,,https://course.ntu.edu.tw/courses/114-1/32587
制度論與歷史社會學專題,林國明,34516,Soc7067,325M5690,選修,,"三 7,8,9",社318,2 類,,3,,https://course.ntu.edu.tw/courses/114-1/34516
家庭議題專題討論,郭貞蘭,17781,Soc7080,325M0220,選修,,"四 2,3,4",社205,2 類,,3,,https://course.ntu.edu.tw/courses/114-1/17781
專題研究,劉仲恩,95046,Soc7081,325M0050,選修,,,,2 類,,1,,https://course.ntu.edu.tw/courses/114-1/95046
專題研究,呂青湖,95047,Soc7081,325M0050,選修,,,,2 類,,1,,https://course.ntu.edu.tw/courses/114-1/95047
師生研究討論一,吳嘉苓,55861,Soc7102,325M7550,必修,,四 5,社318,1 類,,1,,https://course.ntu.edu.tw/courses/114-1/55861
酷兒民族誌,劉  文,18104,Soc7144,325M0620,選修,,"二 7,8,9",社205,2 類,,3,,https://course.ntu.edu.tw/courses/114-1/18104
戰爭與社會,汪宏倫,40943,Soc7147,325M7320,選修,,"四 8,9,10",,2 類,,3,,https://course.ntu.edu.tw/courses/114-1/40943
碩士論文,,35969,Soc7999,325M0010,必修,,,,1 類,,0,,https://course.ntu.edu.tw/courses/114-1/35969
公共議題與社會學專題,陳志柔,44764,Soc8035,325D0530,選修,,"二 7,8,9",,2 類,,3,,https://course.ntu.edu.tw/courses/114-1/44764
高等質化方法,藍佩嘉,20591,Soc8036,325D0150,必修,,"四 2,3,4",社318,2 類,,3,,https://course.ntu.edu.tw/courses/114-1/20591
博士論文,,12538,Soc8999,325D0010,必修,,,,1 類,,0,,https://course.ntu.edu.tw/courses/114-1/12538
企業併購與重整,羅亦忻,51370,SPEFI5010,C42U0100,選修,,"三 8,9,10",綜203,2 類,,3,,https://course.ntu.edu.tw/courses/114-1/51370
國際投資銀行和管理顧問行業介紹,楊應超,32281,SPEFI5013,C42U0130,選修,,"三 2,3,4",綜302,2 類,,1,,https://course.ntu.edu.tw/courses/114-1/32281
財金計量,謝志昇,41060,SPEFI7002,C42M0020,必修,,"一 5,6,7",新202,2 類,,3,,https://course.ntu.edu.tw/courses/114-1/41060
投資管理,古吉曼,12613,SPEFI7003,C42M0030,必修,,"三 5,6,7",新503,2 類,,3,,https://course.ntu.edu.tw/courses/114-1/12613
固定收益證券,徐嘉承,40819,SPEFI7011,C42M0110,選修,,"四 5,6,7",新403,2 類,,3,,https://course.ntu.edu.tw/courses/114-1/40819
政治經濟學,童涵浦,19227,SPEPE7014,C41M0140,選修,,"五 7,8,9",,2 類,,3,,https://course.ntu.edu.tw/courses/114-1/19227
發展經濟學,塵福朗,19870,SPEPE7022,C41M0220,選修,,"二 8,9,10",新503,2 類,,3,,https://course.ntu.edu.tw/courses/114-1/19870
地緣政治與國際安全,馬芮安,33942,SPEPE7023,C41M0230,選修,,"三 8,9,10",新201,2 類,,3,,https://course.ntu.edu.tw/courses/114-1/33942
國際組織與影響,劉康慧,43055,SPEPE7030,C41M0300,選修,,"四 6,7",綜401,1 類,,2,,https://course.ntu.edu.tw/courses/114-1/43055
實驗經濟學一：行為賽局論,王道一,43015,SPEPE7031,C41M0310,選修,,"一 2,3,4",,1 類,,3,,https://course.ntu.edu.tw/courses/114-1/43015
企業AI策略與轉型,簡立峰,19050,SPEPE7032,C41M0320,選修,,"一 8,9,10",新103,2 類,,1,,https://course.ntu.edu.tw/courses/114-1/19050
運動科學導論,林信甫,53775,SPORT1001,H4211110,,,"四 6,7,8",,3 類,,3,,https://course.ntu.edu.tw/courses/114-1/53775
研究法（管理組）,林怡秀,53224,SPORT7104,H42M0440,必修,,"二 2,3,4",綜館R204,3 類,,3,,https://course.ntu.edu.tw/courses/114-1/53224
研究法（健康組）,王國鑌,44372,SPORT7105,H42M0450,必修,,"四 6,7,8",綜館R204,3 類,,3,,https://course.ntu.edu.tw/courses/114-1/44372
運動設施規劃與經營管理策略研究,康正男,56610,SPORT7201,H42M0510,必修,,"一 7,8,9",綜館R204,3 類,,3,,https://course.ntu.edu.tw/courses/114-1/56610
運動與健康研究,王國鑌,40213,SPORT7301,H42M0610,必修,,"五 2,3,4",綜館R204,3 類,,3,,https://course.ntu.edu.tw/courses/114-1/40213
運動行銷學,林怡秀,59423,SPORT7401,H42M0710,選修,,"三 2,3,4",綜館R204,3 類,,3,,https://course.ntu.edu.tw/courses/114-1/59423
運動賽會管理,林怡秀,45445,SPORT7403,H42M0730,選修,,"二 6,7,8",綜館R204,3 類,,3,,https://course.ntu.edu.tw/courses/114-1/45445
運動組織研究與決策分析,呂宛蓁,35921,SPORT7412,H42M0320,選修,,"一 7,8,9",綜館R225,2 類,,3,,https://course.ntu.edu.tw/courses/114-1/35921
高齡身體活動與營養研究,錢桂玉,52604,SPORT7509,H42M0890,選修,,"二 6,7,8",綜館R225,2 類,,3,,https://course.ntu.edu.tw/courses/114-1/52604
碩士論文,,59525,SPORT7999,H42M0010,必修,,,,1 類,,0,,https://course.ntu.edu.tw/courses/114-1/59525
統計理論一,陳裕庭,21715,STAT5004,250U0040,必修,,"五 2,3,4",新301,3 類,,3,,https://course.ntu.edu.tw/courses/114-1/21715
迴歸分析,丘政民,32975,STAT5006,250U0060,必修,,"一 6,7,8",新503,2 類,,3,,https://course.ntu.edu.tw/courses/114-1/32975
統計深度學習,楊鈞澔,31494,STAT5011,250U0110,選修,,"二 2,3,4",新201,3 類,,3,,https://course.ntu.edu.tw/courses/114-1/31494
無母數迴歸,江其衽,13220,STAT5012,250U0120,選修,,"五 6,7,8",新402,2 類,,3,,https://course.ntu.edu.tw/courses/114-1/13220
時間序列分析,江其衽,53145,STAT5013,250U0130,選修,,"三 6,7,8",新301,3 類,,3,,https://course.ntu.edu.tw/courses/114-1/53145
因果推論,林書勤,44377,STAT5016,250U0160,選修,,"一 2,3,4",新402,3 類,,3,,https://course.ntu.edu.tw/courses/114-1/44377
專題研究,丘政民,39808,STAT7002,250M0020,必修,,,,2 類,,1,,https://course.ntu.edu.tw/courses/114-1/39808
專題研究,江其衽,27066,STAT7002,250M0020,必修,,,,2 類,,1,,https://course.ntu.edu.tw/courses/114-1/27066
專題研究,陳裕庭,13205,STAT7002,250M0020,必修,,,,2 類,,1,,https://course.ntu.edu.tw/courses/114-1/13205
專題研究,楊鈞澔,51174,STAT7002,250M0020,必修,,,,2 類,,1,,https://course.ntu.edu.tw/courses/114-1/51174
專題研究,林書勤,33354,STAT7002,250M0020,必修,,,,2 類,,1,,https://course.ntu.edu.tw/courses/114-1/33354
專題討論,林書勤,35314,STAT7003,250M0030,必修,,"二 6,7",新404,1 類,,1,,https://course.ntu.edu.tw/courses/114-1/35314
服務學習乙社會服務,陳和麟,28189,StuAct0005,005041H0,必修,,,,2 類,,1,,https://course.ntu.edu.tw/courses/114-1/28189
服務學習乙社會服務,謝昇峯,17429,StuAct0005,005041H0,必修,,,,2 類,,1,,https://course.ntu.edu.tw/courses/114-1/17429
服務學習乙社會服務,陳翠蓮,34645,StuAct0005,005041H0,必修,,,,2 類,,1,,https://course.ntu.edu.tw/courses/114-1/34645
服務學習乙社會服務,雷庚玲,26889,StuAct0005,005041H0,必修,,,,2 類,,1,,https://course.ntu.edu.tw/courses/114-1/26889
服務學習乙社會服務,廖婉君,24115,StuAct0005,005041H0,必修,,,,1 類,,1,,https://course.ntu.edu.tw/courses/114-1/24115
服務學習乙社會服務,楊曉玲,39039,StuAct0005,005041H0,必修,,,,2 類,,1,,https://course.ntu.edu.tw/courses/114-1/39039
服務學習乙社會服務,簡妤儒,17393,StuAct0005,005041H0,必修,,,,2 類,,1,,https://course.ntu.edu.tw/courses/114-1/17393
服務學習乙社會服務,陳怡伃,33650,StuAct0005,005041H0,必修,,,,2 類,,1,,https://course.ntu.edu.tw/courses/114-1/33650
服務學習乙社會服務,黃凱苹,18096,StuAct0005,005041H0,必修,,,,2 類,,1,,https://course.ntu.edu.tw/courses/114-1/18096
服務學習乙社會服務,呂  立,30854,StuAct0005,005041H0,必修,,,,2 類,,1,,https://course.ntu.edu.tw/courses/114-1/30854
服務學習乙各級學校育樂營,楊舜涵,16925,StuAct0009,005061H0,必修,,,,2 類,,1,,https://course.ntu.edu.tw/courses/114-1/16925
服務學習乙各級學校育樂營,王衍智,30317,StuAct0009,005061H0,必修,,,,2 類,,1,,https://course.ntu.edu.tw/courses/114-1/30317
服務學習乙各級學校育樂營,李建模,28261,StuAct0009,005061H0,必修,,,,2 類,,1,,https://course.ntu.edu.tw/courses/114-1/28261
服務學習乙課業輔導,王寶祥,19842,StuAct0013,005081H0,必修,,,,2 類,,1,,https://course.ntu.edu.tw/courses/114-1/19842
服務學習乙課業輔導,汪書華,36573,StuAct0013,005081H0,必修,,,,2 類,,1,,https://course.ntu.edu.tw/courses/114-1/36573
服務學習乙課業輔導,王梅霞,35153,StuAct0013,005081H0,必修,,,,2 類,,1,,https://course.ntu.edu.tw/courses/114-1/35153
服務學習乙課業輔導,朱士維,41494,StuAct0013,005081H0,必修,,,,2 類,,1,,https://course.ntu.edu.tw/courses/114-1/41494
服務學習乙保育服務,簡妤儒,32602,StuAct0015,005091H0,必修,,,,2 類,,1,,https://course.ntu.edu.tw/courses/114-1/32602
服務學習甲校內服務,張皓翔,10996,StuAct1042,005111G0,必修,,,,3 類,,1,,https://course.ntu.edu.tw/courses/114-1/10996
服務學習乙校內服務,劉雅詩,55904,StuAct1043,005111H0,必修,,,,2 類,,1,,https://course.ntu.edu.tw/courses/114-1/55904
服務學習乙校內服務,袁孝維,51977,StuAct1043,005111H0,必修,,,,3 類,,1,,https://course.ntu.edu.tw/courses/114-1/51977
服務學習乙校內服務,李君浩,15007,StuAct1043,005111H0,必修,,,,3 類,,1,,https://course.ntu.edu.tw/courses/114-1/15007
服務學習乙校內服務,王大銘,21133,StuAct1043,005111H0,必修,,,,2 類,,1,,https://course.ntu.edu.tw/courses/114-1/21133
服務學習乙校內服務,王大銘,16787,StuAct1043,005111H0,必修,,,,2 類,,1,,https://course.ntu.edu.tw/courses/114-1/16787
社會工作概論上,林敬軒,31133,SW1004,31011001,必帶 / 選修,,"二 2,3,4 / 四 5,6",社101,2 類,,3,,https://course.ntu.edu.tw/courses/114-1/31133
社會工作概論上,林敬軒,27394,SW1004,31011001,必帶 / 選修,,"二 2,3,4 / 三 5,6",,2 類,,3,,https://course.ntu.edu.tw/courses/114-1/27394
社會個案工作,林敬軒,18066,SW2004,31024000,必帶,,"三 2,3,4",社103,2 類,,3,,https://course.ntu.edu.tw/courses/114-1/18066
社會工作研究方法上,趙曉芳,41493,SW3002,31032001,必帶,,"三 5,6 / 四 2,3,4",社103,2 類,,3,,https://course.ntu.edu.tw/courses/114-1/41493
社區組織與社區發展,陳怡伃,59290,SW3005,31034000,必帶,,"五 2,3,4",社211,2 類,,3,,https://course.ntu.edu.tw/courses/114-1/59290
社會工作實習指引,陳毓文,18536,SW3009,31033200,必帶,,五 6,社211,2 類,,1,,https://course.ntu.edu.tw/courses/114-1/18536
社會政策與社會立法,傅從喜,24693,SW4001,31041000,必帶 / 選修,,"四 2,3,4",社211,2 類,,3,,https://course.ntu.edu.tw/courses/114-1/24693
社會工作實習二,趙曉芳,32678,SW4003,31043000,必修,,"三 B,C",社110,1 類,,3,,https://course.ntu.edu.tw/courses/114-1/32678
社會工作實習二,謝宛蓉,33723,SW4003,31043000,必修,,"四 B,C,D",社114,2 類,,3,,https://course.ntu.edu.tw/courses/114-1/33723
社會工作實習二,許正熙,38560,SW4003,31043000,必修,,"四 A,B,C",,1 類,,3,,https://course.ntu.edu.tw/courses/114-1/38560
社會工作實習二,吳慧菁,20477,SW4003,31043000,必修,,"三 10,A,B",,1 類,,3,,https://course.ntu.edu.tw/courses/114-1/20477
社會工作管理,葉琇姍,15129,SW4004,330U1600,必帶,,"一 2,3,4",社103,2 類,,3,,https://course.ntu.edu.tw/courses/114-1/15129
社會倡導實務工作坊,陳怡伃,12952,SW5032,330U0120,選修,,,,2 類,,2,,https://course.ntu.edu.tw/courses/114-1/12952
健康行為與臨床社會工作專題討論,許正熙,23160,SW5043,330U2700,選修,,"三 7,8,9",,2 類,,3,,https://course.ntu.edu.tw/courses/114-1/23160
社會福利大數據分析,陳昱志,49996,SW5047,330U0520,選修,,"二 7,8,9",,2 類,,3,,https://course.ntu.edu.tw/courses/114-1/49996
兒童虐待與疏忽之辨識與研判,劉淑瓊,27003,SW5052,330U1070,選修,,,,2 類,,,,https://course.ntu.edu.tw/courses/114-1/27003
社會工作理論,陳毓文,22686,SW7001,330M1000,必修,,"一 7,8,9",,2 類,,3,,https://course.ntu.edu.tw/courses/114-1/22686
社會福利專題討論,蔡貞慧,45134,SW7007,330M1630,選修,,"四 2,3,4",社110,2 類,,3,,https://course.ntu.edu.tw/courses/114-1/45134
家庭暴力專題討論,沈瓊桃,45919,SW7010,330M2800,選修,,"二 7,8,9",社209,2 類,,3,,https://course.ntu.edu.tw/courses/114-1/45919
優勢觀點與正念療法臨床運用,吳慧菁,28077,SW7043,330M3660,選修,,"三 7,8,9",社110,2 類,,3,,https://course.ntu.edu.tw/courses/114-1/28077
社會變遷與福利議題專題討論,古允文,42413,SW7046,330M1040,選修,,"二 2,3,4",社110,2 類,,3,,https://course.ntu.edu.tw/courses/114-1/42413
碩士論文,,39448,SW7999,330M0010,必修,,,,1 類,,0,,https://course.ntu.edu.tw/courses/114-1/39448
社會福利政策分析,傅從喜,11366,SW8003,330D1500,必修,,"一 2,3,4",社114,2 類,,3,,https://course.ntu.edu.tw/courses/114-1/11366
獨立研究,古允文,95080,SW8006,330D1800,選修,,,,2 類,,2,,https://course.ntu.edu.tw/courses/114-1/95080
獨立研究,陳怡伃,16311,SW8006,330D1800,選修,,,,2 類,,2,,https://course.ntu.edu.tw/courses/114-1/16311
社會議題與政策專題討論,古允文,27557,SW8007,330D2210,選修,,"二 7,8,9",社114,2 類,,3,,https://course.ntu.edu.tw/courses/114-1/27557
社會科學研究方法,沈瓊桃,41867,SW8016,330D1900,必修,,"一 7,8,9",社114,2 類,,3,,https://course.ntu.edu.tw/courses/114-1/41867
博士論文,,18992,SW8999,330D0010,必修,,,,1 類,,0,,https://course.ntu.edu.tw/courses/114-1/18992
體育（保健氣功）,黃欽永,70061,TA10310130,TA20UP037,選修,,"二 6,7",和平 武術房一,3 類,,1,,https://course.ntu.edu.tw/courses/114-1/70061
體育（桌球初級）,洪聰敏,71524,TA10310144,TA20UP111,選修,,"四 3,4",和平 桌球室,3 類,,1,,https://course.ntu.edu.tw/courses/114-1/71524
音樂鑑賞,劉錦紋,70002,TA10310169,TA01UG004,,,"二 8,9",公館 Ｓ101,3 類,,2,,https://course.ntu.edu.tw/courses/114-1/70002
音樂鑑賞,林芝良,70003,TA10310169,TA01UG004,,,"五 1,2",和平 音308,3 類,,2,,https://course.ntu.edu.tw/courses/114-1/70003
臺灣小說選讀,林淑慧,70004,TA10310171,TA01UG006,,,"三 3,4",和平 教202會議廳,3 類,,2,,https://course.ntu.edu.tw/courses/114-1/70004
臺灣流行文化,莊佳穎,70009,TA10310193,TA03UG012,,,"五 3,4",和平 誠101,3 類,,2,,https://course.ntu.edu.tw/courses/114-1/70009
科技倫理,劉啟民,70014,TA10310214,TA05UG011,,,"一 6,7",和平 誠203,3 類,,2,,https://course.ntu.edu.tw/courses/114-1/70014
科技倫理,劉啟民,70015,TA10310214,TA05UG011,,,"一 8,9",和平 誠203,3 類,,2,,https://course.ntu.edu.tw/courses/114-1/70015
科技史哲思維下的世界觀,陳珍源,70016,TA10310215,TA05UG012,選修,,"五 1,2",和平 誠102,3 類,,2,,https://course.ntu.edu.tw/courses/114-1/70016
科學不一樣,張欣怡,70017,TA10310217,TA05UG014,選修,,"二 6,7",和平 誠109,3 類,,2,,https://course.ntu.edu.tw/courses/114-1/70017
星星月亮太陽－天文漫談,橋本康,70047,TA10310220,TA06UG004,,,"三 3,4",公館 Ｅ202,3 類,,2,,https://course.ntu.edu.tw/courses/114-1/70047
個人投資理財,朱文增,71538,TA10310238,TA0AUG462,選修,,"三 3,4",和平 教201演講廳,3 類,,2,,https://course.ntu.edu.tw/courses/114-1/71538
博物館探索,黃玫瑄,70052,TA10310260,TA0SUG514,,,"三 6,7",和平 誠301,3 類,,2,,https://course.ntu.edu.tw/courses/114-1/70052
中國繪畫史研究導論,蔡家丘,70083,TA10310397,TAAHM0002,選修,,"四 2,3,4",和平 青田406室,3 類,,3,,https://course.ntu.edu.tw/courses/114-1/70083
中國美術史,白適銘,70706,TA10310452,TAATU0026,選修,,"二 8,9",和平 美101,3 類,,2,,https://course.ntu.edu.tw/courses/114-1/70706
繪畫發展與心智成長,江學瀅,70707,TA10310459,TAATU0232,選修,,"一 1,2",和平 美301,3 類,,2,,https://course.ntu.edu.tw/courses/114-1/70707
美學（一）,魏竹君,70708,TA10310462,TAATU0237,選修,,"五 6,7",和平 美101,3 類,,2,,https://course.ntu.edu.tw/courses/114-1/70708
西方美術史（一）,趙可卿,70545,TA10310480,TAATU0305,選修,,"二 6,7",和平 美101,3 類,,2,,https://course.ntu.edu.tw/courses/114-1/70545
投資組合與個人財務分析,賴慧文,70104,TA10310512,TABAU0033,選修,,"四 7,8,9",和平 正203,3 類,,3,,https://course.ntu.edu.tw/courses/114-1/70104
企業管理概論,林玠妤,71485,TA10310517,TABAU0048,選修,,"二 2,3,4",和平 綜509國際會,3 類,,3,,https://course.ntu.edu.tw/courses/114-1/71485
企業管理概論,高安德,71527,TA10310517,TABAU0048,選修,,"四 7,8,9",和平 誠207,3 類,,3,,https://course.ntu.edu.tw/courses/114-1/71527
系統生物學,徐堉峰,70107,TA10310538,TABIC9024,選修,,"四 7,8,9",公館 Ｓ302,3 類,,3,,https://course.ntu.edu.tw/courses/114-1/70107
昆蟲學,徐堉峰,70711,TA10310553,TABIU0037,選修,,"四 3,4",公館 Ｓ302,3 類,,2,,https://course.ntu.edu.tw/courses/114-1/70711
普通生物學甲（一）,李壽先,70546,TA10310565,TABIU0168,選修,,"四 2,3,4",公館 Ｅ201,3 類,,3,,https://course.ntu.edu.tw/courses/114-1/70546
普通生物學甲（一）,李壽先,70547,TA10310565,TABIU0168,選修,,"三 7,8,9",公館 Ｅ201,3 類,,3,,https://course.ntu.edu.tw/courses/114-1/70547
普通生物學實驗甲（一）,孫智雯,70111,TA10310567,TABIU0172,選修,,"一 10,A,B",公館 Ｄ205,3 類,,1,,https://course.ntu.edu.tw/courses/114-1/70111
社會科學方法論,黃信豪,70550,TA10310583,TACEM0001,選修,,"四 6,7",和平 誠4樓公領系,3 類,,2,,https://course.ntu.edu.tw/courses/114-1/70550
法治教育研究,劉恆妏,70714,TA10310586,TACEM0136,選修,,"二 6,7,8",和平 誠4樓公領系,3 類,,3,,https://course.ntu.edu.tw/courses/114-1/70714
戶外教育研究,李晟瑋,70553,TA10310589,TACEM0170,選修,,"五 2,3,4",和平 誠4樓公領系,3 類,,3,,https://course.ntu.edu.tw/courses/114-1/70553
政治學,呂啟民,70559,TA10310595,TACEU0003,選修,,"一 8,9",和平 誠401,3 類,,2,,https://course.ntu.edu.tw/courses/114-1/70559
政治學,呂啟民,70120,TA10310595,TACEU0003,選修,,"五 10,A",和平 誠401,3 類,,2,,https://course.ntu.edu.tw/courses/114-1/70120
政黨與選舉,鄧毓浩,70717,TA10310601,TACEU0031,選修,,"一 1,2",和平 誠401,3 類,,2,,https://course.ntu.edu.tw/courses/114-1/70717
貨幣銀行學,周有熙,70866,TA10310603,TACEU0076,選修,,"二 8,9,10",和平 教201演講廳,3 類,,3,,https://course.ntu.edu.tw/courses/114-1/70866
童軍活動設計與實施,徐秀婕,70867,TA10310607,TACEU0303,選修,,"一 6,7",和平 童技室,3 類,,2,,https://course.ntu.edu.tw/courses/114-1/70867
民法（二）,林安邦,70720,TA10310609,TACEU0333,選修,,"二 3,4",和平 教201演講廳,3 類,,2,,https://course.ntu.edu.tw/courses/114-1/70720
刑法（一）,林佳範,70721,TA10310610,TACEU0334,選修,,"二 1,2",和平 綜202演講廳,3 類,,2,,https://course.ntu.edu.tw/courses/114-1/70721
領導概論,王伯宇,70562,TA10310612,TACEU0370,選修,,"二 1,2",和平 誠大樓公團,3 類,,2,,https://course.ntu.edu.tw/courses/114-1/70562
領導概論,王伯宇,70563,TA10310612,TACEU0370,選修,,"二 3,4",和平 誠大樓公團,3 類,,2,,https://course.ntu.edu.tw/courses/114-1/70563
休閒教育,蕭如軒,70868,TA10310617,TACEU0382,選修,,"一 1,2",和平 誠大樓公團,3 類,,2,,https://course.ntu.edu.tw/courses/114-1/70868
會計學,卓瑞蘋,70724,TA10310623,TACEU0439,選修,,"五 3,4,5",和平 綜210展覽廳,3 類,,3,,https://course.ntu.edu.tw/courses/114-1/70724
童軍露營活動（一）,徐秀婕,70725,TA10310625,TACEU0469,選修,,"二 3,4",和平 公領系教材,3 類,,2,,https://course.ntu.edu.tw/courses/114-1/70725
戶外活動（一）,謝宜蓉,70564,TA10310627,TACEU0479,選修,,"四 8,9",和平 誠大樓公團,3 類,,2,,https://course.ntu.edu.tw/courses/114-1/70564
書經（一）,許華峰,70128,TA10310646,TACHC0169,選修,,"三 8,9",和平 樸206,3 類,,2,,https://course.ntu.edu.tw/courses/114-1/70128
訓詁學,黃麗娟,70960,TA10310658,TACHU0008,選修,,"二 1,2",和平 樸204,3 類,,2,,https://course.ntu.edu.tw/courses/114-1/70960
訓詁學,陳炫瑋,70961,TA10310658,TACHU0008,選修,,"四 3,4",和平 樸303,3 類,,2,,https://course.ntu.edu.tw/courses/114-1/70961
文學概論,范宜如,70565,TA10310659,TACHU0015,選修,,"三 6,7,8",和平 誠104,3 類,,3,,https://course.ntu.edu.tw/courses/114-1/70565
詞選及習作,林佳蓉,70873,TA10310664,TACHU0103,選修,,"四 6,7,8",和平 樸304,3 類,,3,,https://course.ntu.edu.tw/courses/114-1/70873
語言學概論,王錦慧,70731,TA10310666,TACHU0139,選修,,"二 8,9",和平 樸302,3 類,,2,,https://course.ntu.edu.tw/courses/114-1/70731
古漢語語法,郭維茹,70874,TA10310676,TACHU0199,選修,,"一 8,9",和平 樸203,3 類,,2,,https://course.ntu.edu.tw/courses/114-1/70874
文字學（一）,黃麗娟,70733,TA10310679,TACHU0211,選修,,"四 3,4",和平 樸206,3 類,,2,,https://course.ntu.edu.tw/courses/114-1/70733
文字學（一）,賴貴三,70734,TA10310679,TACHU0211,選修,,"四 3,4",和平 樸205,3 類,,2,,https://course.ntu.edu.tw/courses/114-1/70734
詩選及習作（一）,林佳蓉,70735,TA10310680,TACHU0213,選修,,"一 6,7",和平 樸302,3 類,,2,,https://course.ntu.edu.tw/courses/114-1/70735
詩選及習作（一）,黃敬家,70736,TA10310680,TACHU0213,選修,,"五 1,2",和平 樸304,3 類,,2,,https://course.ntu.edu.tw/courses/114-1/70736
詩選及習作（一）,何維剛,70737,TA10310680,TACHU0213,選修,,"五 1,2",和平 樸302,3 類,,2,,https://course.ntu.edu.tw/courses/114-1/70737
聲韻學（一）,陳筱琪,70876,TA10310682,TACHU0217,選修,,"一 6,7",和平 樸203,3 類,,2,,https://course.ntu.edu.tw/courses/114-1/70876
聲韻學（一）,陳筱琪,70877,TA10310682,TACHU0217,選修,,"五 3,4",和平 樸302,3 類,,2,,https://course.ntu.edu.tw/courses/114-1/70877
國文文法（一）,王錦慧,70881,TA10310683,TACHU0219,選修,,"四 3,4",和平 樸203,3 類,,2,,https://course.ntu.edu.tw/courses/114-1/70881
易經（一）,賴貴三,70962,TA10310688,TACHU0233,選修,,"二 3,4",和平 樸204,3 類,,2,,https://course.ntu.edu.tw/courses/114-1/70962
書法研究（一）,黃明理,70738,TA10310691,TACHU0251,選修,,"二 8,9",和平 樸307,3 類,,2,,https://course.ntu.edu.tw/courses/114-1/70738
宋明理學導讀（一）,黃瑩暖,70882,TA10310692,TACHU0253,選修,,"二 8,9",和平 樸205,3 類,,2,,https://course.ntu.edu.tw/courses/114-1/70882
古典戲曲選（一）,蔡孟珍,70963,TA10310693,TACHU0257,選修,,"二 6,7",和平 樸203,3 類,,2,,https://course.ntu.edu.tw/courses/114-1/70963
史記（一）,許華峰,70567,TA10310694,TACHU0259,選修,,"三 6,7",和平 樸204,3 類,,2,,https://course.ntu.edu.tw/courses/114-1/70567
史記（一）,陳炫瑋,70568,TA10310694,TACHU0259,選修,,"四 6,7",和平 樸203,3 類,,2,,https://course.ntu.edu.tw/courses/114-1/70568
中國哲學概論（一）,黃瑩暖,70739,TA10310696,TACHU0275,選修,,"四 3,4",和平 樸304,3 類,,2,,https://course.ntu.edu.tw/courses/114-1/70739
樂府詩（一）,林淑雲,70570,TA10310700,TACHU0285,選修,,"二 3,4",和平 樸305,3 類,,2,,https://course.ntu.edu.tw/courses/114-1/70570
散文選及習作（一）,何維剛,70740,TA10310701,TACHU0289,選修,,"一 8,9",和平 樸302,3 類,,2,,https://course.ntu.edu.tw/courses/114-1/70740
散文選及習作（一）,林淑雲,70741,TA10310701,TACHU0289,選修,,"一 8,9",和平 樸304,3 類,,2,,https://course.ntu.edu.tw/courses/114-1/70741
散文選及習作（一）,何維剛,70742,TA10310701,TACHU0289,選修,,"五 3,4",和平 樸305,3 類,,2,,https://course.ntu.edu.tw/courses/114-1/70742
散文選及習作（一）,黃敬家,70743,TA10310701,TACHU0289,選修,,"五 3,4",和平 樸204,3 類,,2,,https://course.ntu.edu.tw/courses/114-1/70743
中國文學史（一）,陳亭佑,70744,TA10310702,TACHU0291,選修,,"二 2,3,4",和平 樸203,3 類,,3,,https://course.ntu.edu.tw/courses/114-1/70744
中國文學史（一）,鍾宗憲,70745,TA10310702,TACHU0291,選修,,"一 2,3,4",和平 樸203,3 類,,3,,https://course.ntu.edu.tw/courses/114-1/70745
中國文學史（一）,何維剛,70746,TA10310702,TACHU0291,選修,,"一 2,3,4",和平 樸303,3 類,,3,,https://course.ntu.edu.tw/courses/114-1/70746
中國哲學史（三）,江淑君,70964,TA10310704,TACHU0303,選修,,"一 3,4",和平 樸302,3 類,,2,,https://course.ntu.edu.tw/courses/114-1/70964
中國哲學史（三）,李幸玲,70965,TA10310704,TACHU0303,選修,,"二 3,4",和平 樸303,3 類,,2,,https://course.ntu.edu.tw/courses/114-1/70965
中國哲學史（三）,鄭燦山,70966,TA10310704,TACHU0303,選修,,"二 3,4",和平 樸302,3 類,,2,,https://course.ntu.edu.tw/courses/114-1/70966
四書（一）,金培懿,70571,TA10310706,TACHU0310,選修,,"二 8,9",和平 誠301,3 類,,2,,https://course.ntu.edu.tw/courses/114-1/70571
四書（一）,黃瑩暖,70572,TA10310706,TACHU0310,選修,,"三 8,9",和平 樸303,3 類,,2,,https://course.ntu.edu.tw/courses/114-1/70572
中國哲學史（一）,李幸玲,70884,TA10310707,TACHU0318,選修,,"一 3,4",和平 樸204,3 類,,2,,https://course.ntu.edu.tw/courses/114-1/70884
中國哲學史（一）,江淑君,70885,TA10310707,TACHU0318,選修,,"二 3,4",和平 樸205,3 類,,2,,https://course.ntu.edu.tw/courses/114-1/70885
中國哲學史（一）,鄭燦山,70886,TA10310707,TACHU0318,選修,,"一 3,4",和平 樸206,3 類,,2,,https://course.ntu.edu.tw/courses/114-1/70886
經學通論（一）,許華峰,70579,TA10310713,TACHU3006,選修,,"一 8,9",和平 樸205,3 類,,2,,https://course.ntu.edu.tw/courses/114-1/70579
經學通論（一）,陳炫瑋,70580,TA10310713,TACHU3006,選修,,"一 8,9",和平 樸303,3 類,,2,,https://course.ntu.edu.tw/courses/114-1/70580
經學通論（一）,金培懿,70581,TA10310713,TACHU3006,選修,,"二 6,7",和平 樸206,3 類,,2,,https://course.ntu.edu.tw/courses/114-1/70581
資料探勘,柯佳伶,70156,TA10310800,TACSC0001,選修,,"五 2,3,4",公館 Ｂ101,3 類,,3,,https://course.ntu.edu.tw/courses/114-1/70156
高等計算機結構,黃文吉,70158,TA10310805,TACSC0015,選修,,"一 7,8,9",公館 理圖001,3 類,,3,,https://course.ntu.edu.tw/courses/114-1/70158
高等作業系統,林均翰,70159,TA10310806,TACSC0016,選修,,"一 2,3,4",公館 理圖002,3 類,,3,,https://course.ntu.edu.tw/courses/114-1/70159
資料通訊,王超,70161,TA10310813,TACSC0056,選修,,"四 2,3,4",公館 Ｂ102,3 類,,3,,https://course.ntu.edu.tw/courses/114-1/70161
程式設計（一）,張鈞法,70165,TA10310819,TACSU0001,選修,,"一 2,3,4",公館 理圖807,3 類,,3,,https://course.ntu.edu.tw/courses/114-1/70165
機率論,陳柏琳,70756,TA10310824,TACSU0015,選修,,"二 8,9 / 五 2",,3 類,,3,,https://course.ntu.edu.tw/courses/114-1/70756
系統程式,黃冠寰,70891,TA10310828,TACSU0027,選修,,"一 8,9 / 四 3",,3 類,,3,,https://course.ntu.edu.tw/courses/114-1/70891
軟體工程,紀博文,70892,TA10310829,TACSU0028,選修,,"二 3,4 / 四 4",,3 類,,3,,https://course.ntu.edu.tw/courses/114-1/70892
區域性網路,蔡榮宗,70893,TA10310832,TACSU0038,選修,,"二 7,8,9",公館 Ｓ204,3 類,,3,,https://course.ntu.edu.tw/courses/114-1/70893
高級教育統計學（甲）,譚克平,70168,TA10310840,TAE0C8001,選修,,"四 7,8,9",和平 教403,3 類,,3,,https://course.ntu.edu.tw/courses/114-1/70168
教育統計學（一）,張凌嘉,71512,TA10310844,TAE0U0001,選修,,"三 10,9",和平 教402,3 類,,2,,https://course.ntu.edu.tw/courses/114-1/71512
社會科學方法論,關弘昌,70183,TA10310846,TAEAM0002,選修,,"四 6,7,8",和平 東亞系第一,3 類,,3,,https://course.ntu.edu.tw/courses/114-1/70183
初級韓語（一）,李圭旼,70587,TA10310859,TAEAU0075,選修,,"二 3,4",和平 正405,3 類,,2,,https://course.ntu.edu.tw/courses/114-1/70587
初級日語（一）,林賢參,70588,TA10310860,TAEAU0076,選修,,"四 3,4",和平 正405,3 類,,2,,https://course.ntu.edu.tw/courses/114-1/70588
臺灣政治與經濟,關弘昌,70589,TA10310865,TAEAU0120,選修,,"三 6,7,8",和平 教202會議廳,3 類,,3,,https://course.ntu.edu.tw/courses/114-1/70589
國際政治,關弘昌,70757,TA10310867,TAEAU0124,選修,,"四 2,3,4",和平 誠108,3 類,,3,,https://course.ntu.edu.tw/courses/114-1/70757
政治學,巫俊穎,70590,TA10310881,TAEAU0175,選修,,"四 6,7,8",和平 誠201,3 類,,3,,https://course.ntu.edu.tw/courses/114-1/70590
文化理論導讀,張碧君,70759,TA10310882,TAEAU0177,選修,,"三 9,10,A",和平 誠206,3 類,,3,,https://course.ntu.edu.tw/courses/114-1/70759
戰後日本外交與防衛政策,林賢參,70760,TA10310883,TAEAU0178,選修,,"四 6,7,8",和平 正405,3 類,,3,,https://course.ntu.edu.tw/courses/114-1/70760
中國教育史,周愚文,70596,TA10310917,TAEDU0003,選修,,"一 6,7",和平 教802,3 類,,2,,https://course.ntu.edu.tw/courses/114-1/70596
中國教育史,周愚文,70597,TA10310917,TAEDU0003,選修,,"一 3,4",和平 教802,3 類,,2,,https://course.ntu.edu.tw/courses/114-1/70597
教育行政,黃乃熒,70764,TA10310918,TAEDU0005,選修,,"四 6,7",和平 教315,3 類,,2,,https://course.ntu.edu.tw/courses/114-1/70764
教育行政,陳玉娟,70765,TA10310918,TAEDU0005,選修,,"四 1,2",和平 教315,3 類,,2,,https://course.ntu.edu.tw/courses/114-1/70765
教育研究法,林子斌,70899,TA10310919,TAEDU0007,選修,,"四 3,4",和平 教310,3 類,,2,,https://course.ntu.edu.tw/courses/114-1/70899
教育研究法,林子斌,70900,TA10310919,TAEDU0007,選修,,"四 6,7",和平 教9樓綜合教,3 類,,2,,https://course.ntu.edu.tw/courses/114-1/70900
教育評鑑,鄭淑惠,70901,TA10310927,TAEDU0142,選修,,"一 3,4",和平 教315,3 類,,2,,https://course.ntu.edu.tw/courses/114-1/70901
教育評鑑,鄭淑惠,70902,TA10310927,TAEDU0142,選修,,"二 3,4",和平 教315,3 類,,2,,https://course.ntu.edu.tw/courses/114-1/70902
課程原理,卯靜儒,70766,TA10310935,TAEDU0184,選修,,"四 8,9",和平 教802,3 類,,2,,https://course.ntu.edu.tw/courses/114-1/70766
課程原理,卯靜儒,70767,TA10310935,TAEDU0184,選修,,"四 6,7",和平 教802,3 類,,2,,https://course.ntu.edu.tw/courses/114-1/70767
二十世紀美國重要作家,高瑪麗,70195,TA10310977,TAENC1011,選修,,"四 2,3,4",和平 雲201,3 類,,3,,https://course.ntu.edu.tw/courses/114-1/70195
外語習得,劉宇挺,70203,TA10310985,TAENC3035,選修,,"一 2,3,4",和平 誠701A,3 類,,3,,https://course.ntu.edu.tw/courses/114-1/70203
當代文學理論與文化研究,黃涵榆,70205,TA10310993,TAENM1051,選修,,"五 2,3,4",和平 雲201,3 類,,3,,https://course.ntu.edu.tw/courses/114-1/70205
英語字根研究,陳乃嫻,70768,TA10311010,TAENU0205,選修,,"一 2,3,4",和平 正302,3 類,,3,,https://course.ntu.edu.tw/courses/114-1/70768
文學作品導讀（一）,路愷宜,71486,TA10311025,TAENU0257,選修,,"三 6,7",和平 正302,3 類,,2,,https://course.ntu.edu.tw/courses/114-1/71486
文學作品導讀（一）,梁一萍,71574,TA10311025,TAENU0257,選修,,"五 8,9",和平 正303,3 類,,2,,https://course.ntu.edu.tw/courses/114-1/71574
語言學概論（一）,李臻儀,70769,TA10311026,TAENU0259,選修,,"一 6,7",和平 誠305,3 類,,2,,https://course.ntu.edu.tw/courses/114-1/70769
語言學概論（一）,李臻儀,70770,TA10311026,TAENU0259,選修,,"一 8,9",和平 誠305,3 類,,2,,https://course.ntu.edu.tw/courses/114-1/70770
中級日文（一）,李文晴,71528,TA10311029,TAENU0267,選修,,"三 6,7",和平 正303,3 類,,2,,https://course.ntu.edu.tw/courses/114-1/71528
進階日文（一）,李文晴,71529,TA10311040,TAENU0295,選修,,"三 8,9",和平 正303,3 類,,2,,https://course.ntu.edu.tw/courses/114-1/71529
氣候學,曾莉珊,70213,TA10311054,TAESC0010,選修,,"五 6,7,8",公館 Ｃ409,3 類,,3,,https://course.ntu.edu.tw/courses/114-1/70213
海洋化學概論,李承軒,70214,TA10311055,TAESC0014,選修,,"二 2,3,4",公館 Ｓ404,3 類,,3,,https://course.ntu.edu.tw/courses/114-1/70214
高等天文物理,陳林文,70216,TA10311058,TAESC0135,選修,,"三 7,8,9",公館 Ｂ413天文實,3 類,,3,,https://course.ntu.edu.tw/courses/114-1/70216
岩心－電測整合分析,葉恩肇,70218,TA10311064,TAESC8036,選修,,"五 2,3,4",公館 Ｃ403,3 類,,3,,https://course.ntu.edu.tw/courses/114-1/70218
構造地質學（含實習）,葉恩肇,70225,TA10311068,TAESC9013,選修,,"一 2,3,4",公館 Ｃ401,3 類,,3,,https://course.ntu.edu.tw/courses/114-1/70225
天氣學,王重傑,70226,TA10311069,TAESC9015,選修,,"三 5 / 四 3,4",,3 類,,3,,https://course.ntu.edu.tw/courses/114-1/70226
海洋物理學概論,鄭志文,70228,TA10311071,TAESC9026,選修,,"四 2,3,4",公館 Ｓ404,3 類,,3,,https://course.ntu.edu.tw/courses/114-1/70228
大氣動力學（一）,簡芳菁,70904,TA10311078,TAESU0058,選修,,"一 7,8,9",公館 Ｃ409,3 類,,3,,https://course.ntu.edu.tw/courses/114-1/70904
地震觀測與災害,陳卉瑄,70600,TA10311081,TAESU0170,選修,,"二 8,9",公館 Ｓ404,3 類,,2,,https://course.ntu.edu.tw/courses/114-1/70600
普通地質學（含實習）,葉恩肇,70601,TA10311084,TAESU0180,選修,,"五 6,7,8",公館 Ｅ302,3 類,,3,,https://course.ntu.edu.tw/courses/114-1/70601
地球物理通論（含實習）,陳卉瑄,70602,TA10311085,TAESU0184,選修,,"五 2,3,4",公館 理圖003,3 類,,3,,https://course.ntu.edu.tw/courses/114-1/70602
星系天文學,陳林文,70771,TA10311087,TAESU0194,選修,,"五 7,8,9",公館 Ｓ202,3 類,,3,,https://course.ntu.edu.tw/courses/114-1/70771
行星科學導論,曾瑋玲,70773,TA10311088,TAESU0216,選修,,"五 2,3,4",公館 Ｓ407,3 類,,3,,https://course.ntu.edu.tw/courses/114-1/70773
歐洲文化史,路狄諾,70232,TA10311089,TAETM0001,選修,,"二 3,4,5",和平 博404,3 類,,3,,https://course.ntu.edu.tw/courses/114-1/70232
運動生理學,鄭景峰,71578,TA10311111,TA2PU0012,選修,,"四 6,7",公館 Ｂ102,3 類,,2,,https://course.ntu.edu.tw/courses/114-1/71578
生物地理與自然保育研討,陳瑩,70244,TA10311254,TAGEM0083,選修,,"二 2,3,4",和平 地理系研討,3 類,,3,,https://course.ntu.edu.tw/courses/114-1/70244
地理學研究法專題討論,吳秉昇,70245,TA10311257,TAGEM0121,選修,,"三 3,4",和平 地理系會議,3 類,,2,,https://course.ntu.edu.tw/courses/114-1/70245
經濟地理,許嘉麟,70778,TA10311261,TAGEU0006,選修,,"二 2,3,4",和平 正106,3 類,,3,,https://course.ntu.edu.tw/courses/114-1/70778
聚落地理,譚鴻仁,70605,TA10311262,TAGEU0007,選修,,"四 3,4",和平 正205,3 類,,2,,https://course.ntu.edu.tw/courses/114-1/70605
地圖學,王聖鐸,70779,TA10311264,TAGEU0017,選修,,"一 2,3,4",和平 誠207,3 類,,3,,https://course.ntu.edu.tw/courses/114-1/70779
地圖學,王聖鐸,70780,TA10311264,TAGEU0017,選修,,"二 2,3,4",和平 誠208,3 類,,3,,https://course.ntu.edu.tw/courses/114-1/70780
地質學,林宗儀,70607,TA10311266,TAGEU0046,選修,,"二 7,8,9",和平 正106,3 類,,3,,https://course.ntu.edu.tw/courses/114-1/70607
地質學,林宗儀,70608,TA10311266,TAGEU0046,選修,,"三 7,8,9",和平 正106,3 類,,3,,https://course.ntu.edu.tw/courses/114-1/70608
氣象學,翁叔平,70609,TA10311267,TAGEU0047,選修,,"四 7,8,9",和平 正205,3 類,,3,,https://course.ntu.edu.tw/courses/114-1/70609
氣象學,洪致文,70610,TA10311267,TAGEU0047,選修,,"四 7,8,9",和平 正206,3 類,,3,,https://course.ntu.edu.tw/courses/114-1/70610
地理思想,陳哲銘,70908,TA10311271,TAGEU0118,選修,,"二 2,3,4",和平 正206,3 類,,3,,https://course.ntu.edu.tw/courses/114-1/70908
地理思想,蘇淑娟,70909,TA10311271,TAGEU0118,選修,,"一 2,3,4",和平 正205,3 類,,3,,https://course.ntu.edu.tw/courses/114-1/70909
地理資訊系統,詹竣翔,71546,TA10311273,TAGEU0166,選修,,"五 2,3,4",和平 地理系電腦,3 類,,3,,https://course.ntu.edu.tw/courses/114-1/71546
計量地理,陳哲銘,70611,TA10311274,TAGEU0167,選修,,"二 7,8,9",和平 誠107,3 類,,3,,https://course.ntu.edu.tw/courses/114-1/70611
測量學,王聖鐸,70782,TA10311276,TAGEU0184,選修,,"一 6,7,8",和平 正106,3 類,,3,,https://course.ntu.edu.tw/courses/114-1/70782
土地法規,張鈺光,70910,TA10311282,TAGEU0227,選修,,"一 7,8,9",和平 正205,3 類,,3,,https://course.ntu.edu.tw/courses/114-1/70910
健康傳播理論與實務,吳文琪,70251,TA10311285,TAHEC0014,選修,,"四 6,7,8",和平 誠505,3 類,,3,,https://course.ntu.edu.tw/courses/114-1/70251
高級衛生教育研討,董貞吟,70783,TA10311290,TAHED0004,選修,,"四 7,8",和平 誠602,3 類,,2,,https://course.ntu.edu.tw/courses/114-1/70783
公共衛生教育專題研究,郭鐘隆,70615,TA10311291,TAHED0006,選修,,"四 7,8",和平 誠504,3 類,,2,,https://course.ntu.edu.tw/courses/114-1/70615
健康促進與衛生教育哲學,張鳳琴,70616,TA10311294,TAHED0063,選修,,"四 5,6",和平 誠504,3 類,,2,,https://course.ntu.edu.tw/courses/114-1/70616
問卷設計,廖容瑜,70617,TA10311301,TAHEM0070,選修,,"二 6,7",和平 誠602,3 類,,2,,https://course.ntu.edu.tw/courses/114-1/70617
健康促進與衛生教育研究法,李思賢,70618,TA10311303,TAHEM0104,選修,,"二 1,2",和平 誠602,3 類,,2,,https://course.ntu.edu.tw/courses/114-1/70618
健康促進與衛生教育理論與方法,劉潔心,70619,TA10311304,TAHEM0109,選修,,"二 3,4",和平 誠602,3 類,,2,,https://course.ntu.edu.tw/courses/114-1/70619
微生物學,賴韻如,70784,TA10311305,TAHEU0009,選修,,"二 8,9",公館 Ｂ101,3 類,,2,,https://course.ntu.edu.tw/courses/114-1/70784
性教育,高松景,70914,TA10311307,TAHEU0014,選修,,"三 8,9,10",和平 正104,3 類,,3,,https://course.ntu.edu.tw/courses/114-1/70914
環境衛生,曾治乾,70915,TA10311308,TAHEU0015,選修,,"四 6,7",和平 正103,3 類,,2,,https://course.ntu.edu.tw/courses/114-1/70915
健康行為科學,張晏蓉,70916,TA10311310,TAHEU0022,選修,,"二 6,7",和平 正104,3 類,,2,,https://course.ntu.edu.tw/courses/114-1/70916
衛生與福利政策導論,張鳳琴,70787,TA10311325,TAHEU0144,選修,,"一 3,4",和平 正104,3 類,,2,,https://course.ntu.edu.tw/courses/114-1/70787
健康促進與衛生教育計畫,吳文琪,70919,TA10311328,TAHEU0155,選修,,"二 3,4",和平 誠305,3 類,,2,,https://course.ntu.edu.tw/courses/114-1/70919
健康促進與衛生教育導論,張鳳琴,70621,TA10311329,TAHEU0156,選修,,"一 6,7",和平 正103,3 類,,2,,https://course.ntu.edu.tw/courses/114-1/70621
健康促進與衛生教育研究法,李思賢,70788,TA10311330,TAHEU0159,選修,,"二 3,4",和平 正104,3 類,,2,,https://course.ntu.edu.tw/courses/114-1/70788
人體解剖生理學,王淑慧,70622,TA10311334,TAHEU0179,選修,,"一 2,3,4",和平 正103,3 類,,3,,https://course.ntu.edu.tw/courses/114-1/70622
清代中國史專題研究,葉高樹,70262,TA10311412,TAHIC8111,選修,,"二 3,4",和平 歷史系研究,3 類,,2,,https://course.ntu.edu.tw/courses/114-1/70262
電腦科學教育導論,林育慈,70279,TA10311473,TAICC0073,選修,,"五 3,4,5",和平 教1004,3 類,,3,,https://course.ntu.edu.tw/courses/114-1/70279
數位學習導論,邱國力,70281,TA10311476,TAICC0079,選修,,"三 7,8,9",和平 教1011,3 類,,3,,https://course.ntu.edu.tw/courses/114-1/70281
電腦繪圖,廖偉民,70624,TA10311559,TAIEU4023,選修,,"二 3,4,5",和平 綜914,3 類,,3,,https://course.ntu.edu.tw/courses/114-1/70624
圖書資訊學研究趨勢,邱銘心,70289,TA10311572,TAISD0110,選修,,"一 6,7,8",和平 圖資所博士,3 類,,3,,https://course.ntu.edu.tw/courses/114-1/70289
圖書資訊學研究,邱銘心,70290,TA10311574,TAISM0110,選修,,"一 2,3,4",和平 圖資所研討,3 類,,3,,https://course.ntu.edu.tw/courses/114-1/70290
跨文化人力資源發展專題研究,陳怡靜,70297,TA10311580,TAITD0023,選修,,"四 2,3,4",和平 科技系TB312,3 類,,3,,https://course.ntu.edu.tw/courses/114-1/70297
網際網路概論,蔡芸琤,70789,TA10311609,TAITU1028,選修,,"二 2,3,4",和平 科技系TB311,3 類,,3,,https://course.ntu.edu.tw/courses/114-1/70789
人力資源發展研究,林怡君,70627,TA10311617,TAIWM0018,選修,,"一 2,3,4",和平 系所自排,3 類,,3,,https://course.ntu.edu.tw/courses/114-1/70627
國際企業管理研究,鄭道有,70628,TA10311618,TAIWM0030,選修,,"三 7,8,9",和平 美術館501,3 類,,3,,https://course.ntu.edu.tw/courses/114-1/70628
組織行為研究,葉俶禎,70630,TA10311620,TAIWM0040,選修,,"二 7,8,9",和平 美術館501,3 類,,3,,https://course.ntu.edu.tw/courses/114-1/70630
解析數論（一）,許志農,70353,TA10311636,TAMAC0077,選修,,"三 10 / 四 9,10",,3 類,,3,,https://course.ntu.edu.tw/courses/114-1/70353
優選理論專題（一）,陳界山,70354,TA10311637,TAMAC0081,選修,,"二 6,7,8",公館 數學館M212,3 類,,3,,https://course.ntu.edu.tw/courses/114-1/70354
實變分析（一）,陳建隆,70355,TA10311638,TAMAC0087,選修,,"五 6,7,8",公館 數學館M210,3 類,,3,,https://course.ntu.edu.tw/courses/114-1/70355
近世代數（一）,劉家新,70356,TA10311640,TAMAC0093,選修,,"一 2,3,4",公館 數學館M211,3 類,,3,,https://course.ntu.edu.tw/courses/114-1/70356
代數專題（一）,劉家新,70357,TA10311645,TAMAC0171,選修,,"四 6,7,8",公館 數學館M310,3 類,,3,,https://course.ntu.edu.tw/courses/114-1/70357
複變數函數論,張毓麟,70923,TA10311654,TAMAU0013,選修,,"二 2,3,4",公館 Ｂ103,3 類,,3,,https://course.ntu.edu.tw/courses/114-1/70923
代數特論（一）,劉容真,70924,TA10311659,TAMAU0030,選修,,"四 2,3,4",公館 Ｂ103,3 類,,3,,https://course.ntu.edu.tw/courses/114-1/70924
電子計算機概論,楊青育,70634,TA10311662,TAMAU0065,選修,,"一 6,7,8",公館 Ｓ601,3 類,,3,,https://course.ntu.edu.tw/courses/114-1/70634
電子計算機概論,范洪源,70635,TA10311662,TAMAU0065,選修,,"二 6,7,8",公館 Ｓ201,3 類,,3,,https://course.ntu.edu.tw/courses/114-1/70635
微分方程導論,陳賢修,70790,TA10311664,TAMAU0100,選修,,"三 6,7,8",公館 Ｓ201,3 類,,3,,https://course.ntu.edu.tw/courses/114-1/70790
微分方程導論,陳建隆,70791,TA10311664,TAMAU0100,選修,,"四 6,7,8",公館 Ｂ103,3 類,,3,,https://course.ntu.edu.tw/courses/114-1/70791
高等幾何（一）,陳瑞堂,70793,TA10311667,TAMAU0128,選修,,"二 6,7,8",公館 Ｅ101,3 類,,3,,https://course.ntu.edu.tw/courses/114-1/70793
統計學（一）,蔡碧紋,70927,TA10311668,TAMAU0147,選修,,"四 6,7,8",公館 Ｓ201,3 類,,3,,https://course.ntu.edu.tw/courses/114-1/70927
統計學（一）,呂翠珊,70928,TA10311668,TAMAU0147,選修,,"三 7,8,6",公館 Ｅ101,3 類,,3,,https://course.ntu.edu.tw/courses/114-1/70928
數學導論,李華介,70636,TA10311669,TAMAU0151,選修,,"二 2 / 三 6,7",,3 類,,3,,https://course.ntu.edu.tw/courses/114-1/70636
數學導論,劉容真,70637,TA10311669,TAMAU0151,選修,,"五 2,3,4",公館 Ｓ503,3 類,,3,,https://course.ntu.edu.tw/courses/114-1/70637
數學導論,胡舉卿,70638,TA10311669,TAMAU0151,選修,,"五 6,7,8",公館 Ｓ201,3 類,,3,,https://course.ntu.edu.tw/courses/114-1/70638
高等微積分特論,林延輯,70929,TA10311670,TAMAU0152,選修,,"二 2,3,4",公館 Ｓ304,3 類,,3,,https://course.ntu.edu.tw/courses/114-1/70929
線性代數（一）,胡舉卿,70639,TA10311671,TAMAU0160,選修,,"二 3,4 / 五 3",,3 類,,3,,https://course.ntu.edu.tw/courses/114-1/70639
線性代數（一）,謝世峰,70640,TA10311671,TAMAU0160,選修,,"二 3,4 / 三 6",,3 類,,3,,https://course.ntu.edu.tw/courses/114-1/70640
線性代數（一）,李華介,70641,TA10311671,TAMAU0160,選修,,"二 6 / 五 3,4",,3 類,,3,,https://course.ntu.edu.tw/courses/114-1/70641
高等微積分（一）,林俊吉,70794,TA10311672,TAMAU0162,選修,,"二 3,4 / 五 6,7",,3 類,,4,,https://course.ntu.edu.tw/courses/114-1/70794
高等微積分（一）,林延輯,70795,TA10311672,TAMAU0162,選修,,"一 3,4 / 四 6,7",,3 類,,4,,https://course.ntu.edu.tw/courses/114-1/70795
代數學（一）,許志農,70796,TA10311673,TAMAU0166,選修,,"一 3,4 / 四 3",,3 類,,3,,https://course.ntu.edu.tw/courses/114-1/70796
代數學（一）,劉容真,70797,TA10311673,TAMAU0166,選修,,"一 3,4 / 三 7",,3 類,,3,,https://course.ntu.edu.tw/courses/114-1/70797
代數學（一）,劉家新,70798,TA10311673,TAMAU0166,選修,,"二 3,4 / 四 3",,3 類,,3,,https://course.ntu.edu.tw/courses/114-1/70798
微積分探索（一）,陳賢修,70642,TA10311674,TAMAU0170,選修,,四 2,公館 Ｓ201,3 類,,1,,https://course.ntu.edu.tw/courses/114-1/70642
微積分探索（一）,林惠娥,70643,TA10311674,TAMAU0170,選修,,四 2,公館 Ｓ502,3 類,,1,,https://course.ntu.edu.tw/courses/114-1/70643
微積分探索（一）,郭君逸,70644,TA10311674,TAMAU0170,選修,,四 2,公館 Ｓ401,3 類,,1,,https://course.ntu.edu.tw/courses/114-1/70644
線性代數探索（一）,胡舉卿,70645,TA10311675,TAMAU0172,選修,,五 4,公館 Ｓ201,3 類,,1,,https://course.ntu.edu.tw/courses/114-1/70645
線性代數探索（一）,謝世峰,70646,TA10311675,TAMAU0172,選修,,三 7,公館 Ｅ301,3 類,,1,,https://course.ntu.edu.tw/courses/114-1/70646
線性代數探索（一）,李華介,70647,TA10311675,TAMAU0172,選修,,二 7,公館 Ｓ202,3 類,,1,,https://course.ntu.edu.tw/courses/114-1/70647
高等微積分探索（一）,林俊吉,70799,TA10311676,TAMAU0174,選修,,五 8,公館 Ｅ102,3 類,,1,,https://course.ntu.edu.tw/courses/114-1/70799
高等微積分探索（一）,林延輯,70800,TA10311676,TAMAU0174,選修,,四 8,公館 Ｅ202,3 類,,1,,https://course.ntu.edu.tw/courses/114-1/70800
代數學探索（一）,許志農,70801,TA10311677,TAMAU0176,選修,,四 4,公館 Ｅ301,3 類,,1,,https://course.ntu.edu.tw/courses/114-1/70801
代數學探索（一）,劉容真,70802,TA10311677,TAMAU0176,選修,,三 8,公館 Ｂ103,3 類,,1,,https://course.ntu.edu.tw/courses/114-1/70802
代數學探索（一）,劉家新,70803,TA10311677,TAMAU0176,選修,,四 4,公館 Ｓ202,3 類,,1,,https://course.ntu.edu.tw/courses/114-1/70803
微積分甲（一）,陳賢修,70648,TA10311678,TAMAU0178,選修,,"一 6,7 / 四 3,4",,3 類,,4,,https://course.ntu.edu.tw/courses/114-1/70648
微積分乙（一）,司靈得,70652,TA10311679,TAMAU0180,選修,,"一 6,7 / 四 6",,3 類,,3,,https://course.ntu.edu.tw/courses/114-1/70652
微積分乙（一）,王建勛,70653,TA10311679,TAMAU0180,選修,,"四 6,7,8",公館 理圖003,3 類,,3,,https://course.ntu.edu.tw/courses/114-1/70653
微積分乙（一）,黃侑仁,70654,TA10311679,TAMAU0180,選修,,"四 6,7,8",公館 Ｅ101,3 類,,3,,https://course.ntu.edu.tw/courses/114-1/70654
微積分乙（一）,陳瑞堂,70655,TA10311679,TAMAU0180,選修,,"四 6,7,8",公館 Ｓ602,3 類,,3,,https://course.ntu.edu.tw/courses/114-1/70655
微積分乙（一）,張毓麟,70656,TA10311679,TAMAU0180,選修,,"四 7,6,8",公館 Ｅ201,3 類,,3,,https://course.ntu.edu.tw/courses/114-1/70656
微積分乙（一）,范洪源,70657,TA10311679,TAMAU0180,選修,,"三 6,7,8",和平 誠203,3 類,,3,,https://course.ntu.edu.tw/courses/114-1/70657
微積分乙（一）,楊青育,70658,TA10311679,TAMAU0180,選修,,"三 6,7,8",和平 樸305,3 類,,3,,https://course.ntu.edu.tw/courses/114-1/70658
微積分乙（一）,李政哲,70659,TA10311679,TAMAU0180,選修,,"三 6,7,8",和平 教103,3 類,,3,,https://course.ntu.edu.tw/courses/114-1/70659
微積分乙（一）,王建勛,70660,TA10311679,TAMAU0180,選修,,"三 6,7,8",和平 樸306,3 類,,3,,https://course.ntu.edu.tw/courses/114-1/70660
基礎微積分,陳慧如,70661,TA10311680,TAMAU0182,選修,,"四 6,7,8",公館 Ｅ301,3 類,,3,,https://course.ntu.edu.tw/courses/114-1/70661
微機電系統原理與應用,楊啟榮,70375,TA10311708,TAMTC0009,選修,,"一 2,3,4",和平 機202會議室,3 類,,3,,https://course.ntu.edu.tw/courses/114-1/70375
工程數學（一）,楊啟榮,70805,TA10311726,TAMTU0009,選修,,"二 2,3,4",和平 誠108,3 類,,3,,https://course.ntu.edu.tw/courses/114-1/70805
電路學,陳美勇,70806,TA10311728,TAMTU0013,選修,,"五 7,8,9",和平 教103,3 類,,3,,https://course.ntu.edu.tw/courses/114-1/70806
奧福教學法之教學技巧及運用,莊惠君,71543,TA10311749,TAMUC0031,選修,,"三 8,9",和平 樂研一,3 類,,2,,https://course.ntu.edu.tw/courses/114-1/71543
音樂教育專題研究,吳舜文,70388,TA10311772,TAMUM0073,選修,,"四 1,2",和平 樂研二,3 類,,2,,https://course.ntu.edu.tw/courses/114-1/70388
流行音樂,周岳澄,70389,TA10311806,TAMUU0229,選修,,"五 6,7",和平 音210,3 類,,2,,https://course.ntu.edu.tw/courses/114-1/70389
音樂治療導論,莊惠君,71439,TA10311809,TAMUU0247,選修,,"三 6,7",和平 樂研一,3 類,,2,,https://course.ntu.edu.tw/courses/114-1/71439
聲樂（七）,林孟君,71440,TA10311813,TAMUU0257,選修,,,,3 類,,1,,https://course.ntu.edu.tw/courses/114-1/71440
理論作曲（七）,陳瓊瑜,71441,TA10311821,TAMUU0273,選修,,,,3 類,,1,,https://course.ntu.edu.tw/courses/114-1/71441
中國音樂史（一）,莊文達,70930,TA10311831,TAMUU0313,選修,,"三 9,10",和平 音308,3 類,,2,,https://course.ntu.edu.tw/courses/114-1/70930
臺灣音樂史（一）,呂鈺秀,70391,TA10311832,TAMUU0315,選修,,"四 1,2",和平 音308,3 類,,2,,https://course.ntu.edu.tw/courses/114-1/70391
西洋音樂史（三）,黃均人,71466,TA10311833,TAMUU0317,選修,,"四 1,2",和平 音209,3 類,,2,,https://course.ntu.edu.tw/courses/114-1/71466
合唱教學法（一）,潘宇文,70392,TA10311834,TAMUU0319,選修,,"一 3,4",和平 音308,3 類,,2,,https://course.ntu.edu.tw/courses/114-1/70392
音樂基礎訓練（三）,林芝良,71464,TA10311837,TAMUU0325,選修,,"五 3,4",和平 音209,3 類,,2,,https://course.ntu.edu.tw/courses/114-1/71464
對位法（一）,陳瓊瑜,70807,TA10311839,TAMUU0329,選修,,"一 3,4",和平 音210,3 類,,2,,https://course.ntu.edu.tw/courses/114-1/70807
對位法（一）,吳佩蓉,70808,TA10311839,TAMUU0329,選修,,"一 1,2",和平 音210,3 類,,2,,https://course.ntu.edu.tw/courses/114-1/70808
電子琴概論（一）,陳怡婷,70393,TA10311842,TAMUU0335,選修,,"五 6,7",和平 音409,3 類,,2,,https://course.ntu.edu.tw/courses/114-1/70393
管樂音樂研究（一）,宋威德,71444,TA10311854,TAMUU0385,選修,,"一 3,4",和平 音409,3 類,,2,,https://course.ntu.edu.tw/courses/114-1/71444
世界音樂概論（一）,莊文達,71445,TA10311858,TAMUU0417,選修,,"五 3,4",和平 音409,3 類,,2,,https://course.ntu.edu.tw/courses/114-1/71445
高級和聲學（一）,蕭慶瑜,70663,TA10311861,TAMUU0425,選修,,"二 8,9",和平 音209,3 類,,2,,https://course.ntu.edu.tw/courses/114-1/70663
曲式與分析（一）,蕭慶瑜,70931,TA10311862,TAMUU0429,選修,,"二 6,7",和平 音209,3 類,,2,,https://course.ntu.edu.tw/courses/114-1/70931
曲式與分析（一）,黃苓瑄,70932,TA10311862,TAMUU0429,選修,,"三 6,7",和平 音409,3 類,,2,,https://course.ntu.edu.tw/courses/114-1/70932
基礎管樂（一）,葉樹涵,71526,TA10311865,TAMUU0444,選修,,"四 A,B",和平 綜601,3 類,,2,,https://course.ntu.edu.tw/courses/114-1/71526
西洋音樂史（一）,司信寧,71519,TA10311866,TAMUU0456,選修,,"二 3,4",和平 音210,3 類,,2,,https://course.ntu.edu.tw/courses/114-1/71519
西洋音樂史（一）,林嘉瑋,70809,TA10311866,TAMUU0456,選修,,"二 3,4",和平 音410,3 類,,2,,https://course.ntu.edu.tw/courses/114-1/70809
音樂基礎訓練（一）,林嘉瑋,70666,TA10311868,TAMUU0560,選修,,"二 1,2",和平 音410,3 類,,2,,https://course.ntu.edu.tw/courses/114-1/70666
鋼琴（一）,林瑋祺,71446,TA10311871,TAMUU0566,選修,,,,3 類,,1,,https://course.ntu.edu.tw/courses/114-1/71446
鋼琴（一）,鄭怡君,71447,TA10311871,TAMUU0566,選修,,,,3 類,,1,,https://course.ntu.edu.tw/courses/114-1/71447
鋼琴（三）,林明慧,71449,TA10311872,TAMUU0568,選修,,,,3 類,,1,,https://course.ntu.edu.tw/courses/114-1/71449
聲樂（一）,林孟君,71450,TA10311873,TAMUU0570,選修,,,,3 類,,1,,https://course.ntu.edu.tw/courses/114-1/71450
聲樂（三）,林孟君,71451,TA10311874,TAMUU0572,選修,,,,3 類,,1,,https://course.ntu.edu.tw/courses/114-1/71451
管樂器（一）,賴俊諺,71452,TA10311875,TAMUU0574,選修,,,,3 類,,1,,https://course.ntu.edu.tw/courses/114-1/71452
絃樂器（一）,廖嘉弘,71453,TA10311877,TAMUU0578,選修,,,,3 類,,1,,https://course.ntu.edu.tw/courses/114-1/71453
絃樂器（一）,傅瑋亭,71454,TA10311877,TAMUU0578,選修,,,,3 類,,1,,https://course.ntu.edu.tw/courses/114-1/71454
理論作曲（一）,陳瓊瑜,71455,TA10311881,TAMUU0586,選修,,,,3 類,,1,,https://course.ntu.edu.tw/courses/114-1/71455
理論作曲（一）,黃苓瑄,71456,TA10311881,TAMUU0586,選修,,,,3 類,,1,,https://course.ntu.edu.tw/courses/114-1/71456
理論作曲（三）,金希文,71457,TA10311882,TAMUU0588,選修,,,,3 類,,1,,https://course.ntu.edu.tw/courses/114-1/71457
導演實務,梁志民,70423,TA10311912,TAPAC9001,選修,,"二 9,10",和平 知音劇場,3 類,,2,,https://course.ntu.edu.tw/courses/114-1/70423
藝術產業與行銷,何康國,70425,TA10311917,TAPAM0022,選修,,"三 6,7",和平 綜509國際會,3 類,,2,,https://course.ntu.edu.tw/courses/114-1/70425
音樂劇場理論與實務（一）,張仰瑄,70428,TA10311928,TAPAM0130,選修,,"一 3,4",和平 表藝中心,3 類,,2,,https://course.ntu.edu.tw/courses/114-1/70428
表演心理學,范聖韜,70432,TA10311942,TAPAU0010,選修,,"三 6,7",和平 知音劇場,3 類,,2,,https://course.ntu.edu.tw/courses/114-1/70432
高級運動生物力學,黃長福,70070,TA10312001,TA2EC0125,選修,,"五 6,7,8",公館 體育館二3樓,3 類,,3,,https://course.ntu.edu.tw/courses/114-1/70070
運動行銷學研究,鄭志富,70074,TA10312015,TA2EM0023,選修,,"四 7,8,9",和平 體001,3 類,,3,,https://course.ntu.edu.tw/courses/114-1/70074
運動管理學研究,程紹同,70075,TA10312017,TA2EM0033,選修,,"五 2,3,4",和平 體003,3 類,,3,,https://course.ntu.edu.tw/courses/114-1/70075
體育行政與管理,鄭志富,70704,TA10312071,TA2EU4020,選修,,"二 6,7",和平 金牌講堂,3 類,,2,,https://course.ntu.edu.tw/courses/114-1/70704
量子力學（一）,陳傳仁,70457,TA10312129,TAPHC0011,選修,,"三 2,3,4",公館 理圖003,3 類,,3,,https://course.ntu.edu.tw/courses/114-1/70457
古典電動力學（一）,林豐利,70458,TA10312130,TAPHC0013,選修,,"一 6,7,8",公館 Ｓ701,3 類,,3,,https://course.ntu.edu.tw/courses/114-1/70458
統計力學（一）,吳文欽,70459,TA10312131,TAPHC0019,選修,,"四 2,3,4",公館 Ｓ701,3 類,,3,,https://course.ntu.edu.tw/courses/114-1/70459
固態物理（一）,吳文欽,70460,TA10312132,TAPHC0023,選修,,"二 2,3,4",公館 Ｓ701,3 類,,3,,https://course.ntu.edu.tw/courses/114-1/70460
書報討論（三）,林秉慧,70461,TA10312135,TAPHC0069,選修,,三 8,公館 Ｓ101,3 類,,1,,https://course.ntu.edu.tw/courses/114-1/70461
廣義相對論（一）,卜宏毅,70462,TA10312141,TAPHC0114,選修,,"五 2,3,4",公館 Ｓ701,3 類,,3,,https://course.ntu.edu.tw/courses/114-1/70462
實驗物理（三）,林秉慧,71569,TA10312168,TAPHU0214,選修,,"四 6,7,8",公館 Ｄ219,3 類,,3,,https://course.ntu.edu.tw/courses/114-1/71569
電磁學（二）,徐鏞元,71482,TA10312169,TAPHU0216,選修,,"一 2,3,4",公館 Ｓ501,3 類,,3,,https://course.ntu.edu.tw/courses/114-1/71482
力學（一）,陳穎叡,71488,TA10312171,TAPHU0230,選修,,"一 8,9,10",公館 Ｓ303,3 類,,3,,https://course.ntu.edu.tw/courses/114-1/71488
諮商理論專題研究,張本聖,70465,TA10312184,TARCM0038,選修,,"二 3,4",和平 特230,3 類,,2,,https://course.ntu.edu.tw/courses/114-1/70465
職業輔導評量實務,吳亭芳,70466,TA10312185,TARCM0040,選修,,"一 7,8",和平 特B111,3 類,,2,,https://course.ntu.edu.tw/courses/114-1/70466
資料分析（一）,林志鴻,70471,TA10312189,TASEC0039,選修,,"二 2,3,4",公館 系所自排,3 類,,3,,https://course.ntu.edu.tw/courses/114-1/70471
認知神經科學導論,顏妙璇,70472,TA10312196,TASEC0088,選修,,"四 10,A,B",公館 系所自排,3 類,,3,,https://course.ntu.edu.tw/courses/114-1/70472
文教採訪報導與應用,詹婉如,70833,TA10312230,TASOU0095,選修,,"一 A,B",和平 正101,3 類,,2,,https://course.ntu.edu.tw/courses/114-1/70833
創造力專題研究,潘裕豐,70479,TA10312250,TASPC0073,選修,,"一 6,7,8",和平 特227,3 類,,3,,https://course.ntu.edu.tw/courses/114-1/70479
特殊教育理論與實務專題研討,洪儷瑜,70484,TA10312253,TASPD0001,選修,,"二 6,7",和平 特230,3 類,,2,,https://course.ntu.edu.tw/courses/114-1/70484
資優學生心理與教育研究,于曉平,70485,TA10312263,TASPM0038,選修,,"一 3,4",和平 特230,3 類,,2,,https://course.ntu.edu.tw/courses/114-1/70485
手語,顧芳槐,70834,TA10312269,TASPU0009,選修,,"三 6,7",和平 特114視聽室,3 類,,2,,https://course.ntu.edu.tw/courses/114-1/70834
資源教室方案與經營,劉秀丹,70975,TA10312274,TASPU0077,選修,,"四 1,2",和平 特114視聽室,3 類,,2,,https://course.ntu.edu.tw/courses/114-1/70975
重度與多重障礙,邱春瑜,70838,TA10312284,TASPU1025,選修,,"四 3,4",和平 特113,3 類,,2,,https://course.ntu.edu.tw/courses/114-1/70838
親師合作與家庭支援,廖靜宜,70978,TA10312287,TASPU1029,選修,,"二 8,9",和平 特115,3 類,,2,,https://course.ntu.edu.tw/courses/114-1/70978
聽力學,劉秀丹,70839,TA10312288,TASPU3001,選修,,"二 6,7,8",和平 特328,3 類,,3,,https://course.ntu.edu.tw/courses/114-1/70839
領導才能教育,潘裕豐,70938,TA10312291,TASPU4026,選修,,"二 6,7",和平 特113,3 類,,2,,https://course.ntu.edu.tw/courses/114-1/70938
特殊教育導論,王宣惠,70486,TA10312294,TASPU5007,選修,,"四 2,3,4",和平 特103,3 類,,3,,https://course.ntu.edu.tw/courses/114-1/70486
特殊教育導論,廖靜宜,71516,TA10312294,TASPU5007,選修,,"三 6,7,8",和平 特115,3 類,,3,,https://course.ntu.edu.tw/courses/114-1/71516
質性研究法,麥康妮,70488,TA10312300,TASRD0001,選修,,"四 7,8,9",和平 綜603,3 類,,3,,https://course.ntu.edu.tw/courses/114-1/70488
運動觀光研究與實作,林伯修,70496,TA10312314,TASRM0073,選修,,"五 3,4,5",和平 綜604,3 類,,3,,https://course.ntu.edu.tw/courses/114-1/70496
進階社會統計,沈慶盈,71514,TA10312318,TASWM0003,選修,,"三 6,7,8",和平 綜1001,3 類,,3,,https://course.ntu.edu.tw/courses/114-1/71514
社會語言學,許慧如,70501,TA10312347,TATCC2014,選修,,"三 2,3,4",和平 雲306會議室,3 類,,3,,https://course.ntu.edu.tw/courses/114-1/70501
臺灣文學史料與資料庫,林淑慧,70504,TA10312349,TATCC3005,選修,,"三 6,7,8",和平 雲303,3 類,,3,,https://course.ntu.edu.tw/courses/114-1/70504
臺灣南島文化,Sifo L,70509,TA10312366,TATCU1012,選修,,"四 8,9",和平 正404,3 類,,2,,https://course.ntu.edu.tw/courses/114-1/70509
戰後臺灣政治史研究,陳佳宏,70519,TA10312382,TATHM0037,選修,,"四 2,3,4",和平 勤308,3 類,,3,,https://course.ntu.edu.tw/courses/114-1/70519
近代教育與地方社會專題研究,許佩賢,70520,TA10312383,TATHM0045,選修,,"三 7,8,9",和平 勤308,3 類,,3,,https://course.ntu.edu.tw/courses/114-1/70520
臺灣史料與研究法（一）,陳志豪,70521,TA10312385,TATHM0053,選修,,"五 3,4",和平 勤308,3 類,,2,,https://course.ntu.edu.tw/courses/114-1/70521
翻譯產業研究,陳子瑋,70526,TA10312388,TATIC0029,選修,,"二 2,3,4",和平 譯506,3 類,,3,,https://course.ntu.edu.tw/courses/114-1/70526
翻譯與性別,李根芳,70527,TA10312389,TATIC0041,選修,,"三 6,7,8",和平 美術館602,3 類,,3,,https://course.ntu.edu.tw/courses/114-1/70527
筆譯理論,李根芳,70534,TA10312395,TATID0036,選修,,"四 7,8,9",和平 譯505,3 類,,3,,https://course.ntu.edu.tw/courses/114-1/70534
筆譯專業實務,蘇正隆,70695,TA10312402,TATIM1010,選修,,"二 2,3",和平 譯505,3 類,,2,,https://course.ntu.edu.tw/courses/114-1/70695
設計概論,長友大,70696,TA10312456,TAVDU0004,選修,,"一 3,4",和平 美101,3 類,,2,,https://course.ntu.edu.tw/courses/114-1/70696
色彩學,施令紅,70697,TA10312457,TAVDU0006,選修,,"四 3,4",和平 綜914,3 類,,2,,https://course.ntu.edu.tw/courses/114-1/70697
包裝設計（一）,王丙南,70940,TA10312463,TAVDU0090,選修,,"四 3,4",和平 設計系2A教,3 類,,2,,https://course.ntu.edu.tw/courses/114-1/70940
廣告設計（一）,黃莉庭,70941,TA10312464,TAVDU0104,選修,,"三 6,7",和平 科技系TC411,3 類,,2,,https://course.ntu.edu.tw/courses/114-1/70941
視覺識別系統（一）,陳銘福,70942,TA10312470,TAVDU0137,選修,,"四 6,7",和平 設計系3B教,3 類,,2,,https://course.ntu.edu.tw/courses/114-1/70942
施工圖,劉大章,70945,TA10312477,TAVDU0157,選修,,"二 3,4",和平 設計系2A教,3 類,,2,,https://course.ntu.edu.tw/courses/114-1/70945
攝影,陳漢元,70842,TA10312479,TAVDU0177,選修,,"六 3,4",,3 類,,2,,https://course.ntu.edu.tw/courses/114-1/70842
產品設計（一）,鄧建國,70843,TA10312482,TAVDU0192,選修,,"二 6,7,8",和平 設計系2B教,3 類,,3,,https://course.ntu.edu.tw/courses/114-1/70843
媒體設計（一）,李文閣,70845,TA10312488,TAVDU0206,選修,,"二 3,4",和平 綜913,3 類,,2,,https://course.ntu.edu.tw/courses/114-1/70845
室內設計圖學,劉大章,70846,TA10312489,TAVDU0211,選修,,"二 1,2",和平 設計系2A教,3 類,,2,,https://course.ntu.edu.tw/courses/114-1/70846
電子學（三）,張譽騰,70858,TA10320007,TAAEU0020,選修,,"四 7,8,9",和平 教202會議廳,3 類,,3,,https://course.ntu.edu.tw/courses/114-1/70858
宋代繪畫,林麗江,70086,TA10320010,TAAHM0097,選修,,"三 7,8,9",和平 青田405室,3 類,,3,,https://course.ntu.edu.tw/courses/114-1/70086
繪畫史研究導論,諾斯邦,70087,TA10320012,TAAHM0115,選修,,"三 3,4,5",和平 青田406室,3 類,,3,,https://course.ntu.edu.tw/courses/114-1/70087
二十世紀建築,王維周,70089,TA10320015,TAAHM0173,選修,,"一 7,8,9",和平 青田405室,3 類,,3,,https://course.ntu.edu.tw/courses/114-1/70089
中國文學史專題討論,胡衍南,70123,TA10320033,TACHC0008,選修,,"一 2,3,4",和平 勤601,3 類,,3,,https://course.ntu.edu.tw/courses/114-1/70123
現代小說,石曉楓,70888,TA10320095,TACHU0326,選修,,"三 8,9",和平 誠105,3 類,,2,,https://course.ntu.edu.tw/courses/114-1/70888
語音處理,陳柏琳,70157,TA10320103,TACSC0012,選修,,"二 2,3,4",公館 Ｂ102,3 類,,3,,https://course.ntu.edu.tw/courses/114-1/70157
資訊安全,紀博文,70162,TA10320116,TACSC0072,選修,,"一 2,3,4",公館 Ｂ102,3 類,,3,,https://course.ntu.edu.tw/courses/114-1/70162
東亞宗教概論,潘鳳娟,70758,TA10320137,TAEAU0148,選修,,"一 6,7,8",和平 正405,3 類,,3,,https://course.ntu.edu.tw/courses/114-1/70758
環境解說,曾鈺琪,70187,TA10320158,TAEEC0016,選修,,"二 6,7,8",公館 行304,3 類,,3,,https://course.ntu.edu.tw/courses/114-1/70187
句法學,劉承賢,70206,TA10320182,TAENM2004,選修,,"二 6,7,8",和平 正404,3 類,,3,,https://course.ntu.edu.tw/courses/114-1/70206
都市地理,莫家俊,70781,TA10320213,TAGEU0057,選修,,"三 7,8,9",和平 誠107,3 類,,3,,https://course.ntu.edu.tw/courses/114-1/70781
營養教育專題研究,張家臻,70250,TA10320226,TAHEC0013,選修,,"四 3,4",和平 誠602,3 類,,2,,https://course.ntu.edu.tw/courses/114-1/70250
影視史學,陳登武,70269,TA10320272,TAHIU0104,選修,,"四 6,7,8",和平 誠101,3 類,,3,,https://course.ntu.edu.tw/courses/114-1/70269
資訊科技融入教學之實施與評鑑,邱瓊慧,70280,TA10320294,TAICC0077,選修,,"四 7,8,9",和平 教1004,3 類,,3,,https://course.ntu.edu.tw/courses/114-1/70280
模擬式數位學習,陳明溥,70282,TA10320296,TAICC0088,選修,,"二 7,8,9",和平 教1011,3 類,,3,,https://course.ntu.edu.tw/courses/114-1/70282
網路教學策略研究,嚴萬軒,70300,TA10320356,TAITM0066,選修,,"一 2,3,4",和平 科技系TA509,3 類,,3,,https://course.ntu.edu.tw/courses/114-1/70300
物件導向程式設計,吳順德,70378,TA10320420,TAMTC9006,選修,,"一 7,8,9",和平 CAD/CAM,3 類,,3,,https://course.ntu.edu.tw/courses/114-1/70378
當代音樂,林嘉瑋,71438,TA10320431,TAMUU0232,選修,,"四 6,7",和平 音410,3 類,,2,,https://course.ntu.edu.tw/courses/114-1/71438
環境教育概論,林炯明,70452,TA10320473,TAPGUS014,選修,,"三 6,7",和平 正205,3 類,,2,,https://course.ntu.edu.tw/courses/114-1/70452
災害管理與防救實務,李清安,70453,TA10320474,TAPGUS015,選修,,"二 8,9",和平 正205,3 類,,2,,https://course.ntu.edu.tw/courses/114-1/70453
臺語散文選,呂美親,70513,TA10320542,TATCU3012,選修,,"一 8,9",和平 正403,3 類,,2,,https://course.ntu.edu.tw/courses/114-1/70513
臺語戲劇與電影,蔡逸璇,70514,TA10320543,TATCU4002,選修,,"四 8,9",和平 正403,3 類,,2,,https://course.ntu.edu.tw/courses/114-1/70514
圖像學,Candid,70084,TA10410003,TAAHM0020,選修,,"二 7,8,9",和平 青田405室,3 類,,3,,https://course.ntu.edu.tw/courses/114-1/70084
中國藝術史傳統文獻研究導論,林麗江,70085,TA10410005,TAAHM0081,選修,,"四 2,3,4",和平 青田405室,3 類,,3,,https://course.ntu.edu.tw/courses/114-1/70085
繪畫與電影專題研究：畫布與銀幕之間,諾斯邦,70088,TA10410007,TAAHM0143,選修,,"二 3,4,5",和平 青田406室,3 類,,3,,https://course.ntu.edu.tw/courses/114-1/70088
極短篇小說,鄭瑜雯,70732,TA10410039,TACHU0179,選修,,"四 6,7",和平 樸303,3 類,,2,,https://course.ntu.edu.tw/courses/114-1/70732
跨文化對話,劉滄龍,70875,TA10410041,TACHU0207,選修,,"三 8,9",和平 樸204,3 類,,2,,https://course.ntu.edu.tw/courses/114-1/70875
荀子（一）,黃瑩暖,70569,TA10410044,TACHU0263,選修,,"四 6,7",和平 樸305,3 類,,2,,https://course.ntu.edu.tw/courses/114-1/70569
文心雕龍（一）,祁立峰,70883,TA10410045,TACHU0267,選修,,"四 6,7",和平 樸204,3 類,,2,,https://course.ntu.edu.tw/courses/114-1/70883
墨子（一）,曾暐傑,70887,TA10410049,TACHU0322,選修,,"二 8,9",和平 誠106,3 類,,2,,https://course.ntu.edu.tw/courses/114-1/70887
臺灣企業的東亞經營,田正利,70894,TA10410054,TAEAU0051,選修,,"三 9,10,A",和平 誠108,3 類,,3,,https://course.ntu.edu.tw/courses/114-1/70894
博物館與展覽文化研究,賴嘉玲,70234,TA10410099,TAETM0075,選修,,"四 7,8,9",和平 博404,3 類,,3,,https://course.ntu.edu.tw/courses/114-1/70234
臺灣地理,洪立三,70606,TA10410109,TAGEU0011,選修,,"二 2,3,4",和平 正205,3 類,,3,,https://course.ntu.edu.tw/courses/114-1/70606
性教育專題研究,高松景,70249,TA10410117,TAHEC0012,選修,,"四 1,2",和平 誠602,3 類,,2,,https://course.ntu.edu.tw/courses/114-1/70249
隋唐史專題研究,陳登武,70258,TA10410122,TAHIC0021,選修,,"三 3,4,5",和平 歷史系研究,3 類,,3,,https://course.ntu.edu.tw/courses/114-1/70258
工業科技教育概論,林坤誼,70625,TA10410151,TAITU0010,選修,,"一 6,7",和平 科技系TB211,3 類,,2,,https://course.ntu.edu.tw/courses/114-1/70625
地景調查與分析,洪致文,70451,TA10410185,TAPGUS007,選修,,"二 7,8,9",和平 地理系會議,3 類,,3,,https://course.ntu.edu.tw/courses/114-1/70451
餐旅策略管理研究,王國欽,70491,TA10410199,TASRM0010,選修,,"二 2,3,4",和平 綜603,3 類,,3,,https://course.ntu.edu.tw/courses/114-1/70491
拉丁文與翻譯 （一）,胡宗文,70529,TA10410217,TATIC8011,選修,,"二 6,7,8",和平 譯505,3 類,,3,,https://course.ntu.edu.tw/courses/114-1/70529
臺灣文學與世界文學之比較,林巾力,70505,TA10410227,TATCC3012,選修,,"二 6,7,8",和平 雲306會議室,3 類,,3,,https://course.ntu.edu.tw/courses/114-1/70505
視覺傳達設計（一）,施令紅,70844,TA10410397,TAVDU0200,選修,,"四 6,7,8",和平 科技系TC411,3 類,,3,,https://course.ntu.edu.tw/courses/114-1/70844
老人學概論,張家臻,70786,TA10420004,TAHEU0131,選修,,"三 6,7",和平 正104,3 類,,2,,https://course.ntu.edu.tw/courses/114-1/70786
運動科學文獻分析,Philip,70069,TA10420010,TA2EC0104,選修,,"三 8,9,10",和平 體002,3 類,,3,,https://course.ntu.edu.tw/courses/114-1/70069
藝術與文化理論研究,趙可卿,70094,TA10420030,TAATC0228,選修,,"三 2,3,4",和平 美301,3 類,,3,,https://course.ntu.edu.tw/courses/114-1/70094
報導文學,范宜如,70730,TA10420078,TACHU0134,選修,,"四 6,7,8",和平 誠104,3 類,,3,,https://course.ntu.edu.tw/courses/114-1/70730
世界華文新文學史（二）,石曉楓,70890,TA10420088,TACHU3009,選修,,"二 8,9",和平 誠104,3 類,,2,,https://course.ntu.edu.tw/courses/114-1/70890
群論之化學應用,劉沂欣,70154,TA10420090,TACMU0019,選修,,"四 8,9",公館 Ｅ302,3 類,,2,,https://course.ntu.edu.tw/courses/114-1/70154
語言測驗與評量,張武昌,70201,TA10420118,TAENC3029,選修,,"三 7,8,9",和平 誠701B,3 類,,3,,https://course.ntu.edu.tw/courses/114-1/70201
電影史導論,吳佳琪,71474,TA10420131,TAENU0208,選修,,"三 6,7,8",和平 誠701A,3 類,,3,,https://course.ntu.edu.tw/courses/114-1/71474
全球強震特論,陳卉瑄,70223,TA10420147,TAESC9003,選修,,"四 2,3,4",公館 Ｓ407,3 類,,3,,https://course.ntu.edu.tw/courses/114-1/70223
歐洲文化思想,陳學毅,70233,TA10420159,TAETM0072,選修,,"五 6,7,8",和平 博404,3 類,,3,,https://course.ntu.edu.tw/courses/114-1/70233
資訊組織研究,陳淑君,70291,TA10420216,TAISM0413,選修,,"三 7,8,9",和平 圖資所研討,3 類,,3,,https://course.ntu.edu.tw/courses/114-1/70291
人力資源發展概論,孫弘岳,70626,TA10420223,TAITU1004,選修,,"三 7,8,9",和平 科技系TB311,3 類,,3,,https://course.ntu.edu.tw/courses/114-1/70626
跨文化溝通研究,張雯,70629,TA10420225,TAIWM0034,選修,,"一 6,7,8",和平 誠106,3 類,,3,,https://course.ntu.edu.tw/courses/114-1/70629
人力資源需求評估研究,賴志,70633,TA10420226,TAIWM0066,選修,,"五 7,8,9",和平 系所自排,3 類,,3,,https://course.ntu.edu.tw/courses/114-1/70633
流行文化,蔡如音,70439,TA10420267,TAPGU1012,選修,,"二 3,4,5",和平 美術館501,3 類,,3,,https://course.ntu.edu.tw/courses/114-1/70439
社區總體營造,吳盈慧,70936,TA10420302,TASOU0081,選修,,"三 8,9",和平 誠208,3 類,,2,,https://course.ntu.edu.tw/courses/114-1/70936
服務品質管理研究,陳美燕,70490,TA10420311,TASRD0011,選修,,"一 6,7,8",和平 綜603,3 類,,3,,https://course.ntu.edu.tw/courses/114-1/70490
臺灣現代文學選,林巾力,70512,TA10420335,TATCU3002,選修,,"四 6,7",和平 誠109,3 類,,2,,https://course.ntu.edu.tw/courses/114-1/70512
應用生物力學研究,Philip,70071,TA10510002,TA2EC0128,選修,,"一 2,3,4",公館 研001,3 類,,3,,https://course.ntu.edu.tw/courses/114-1/70071
詩歌吟誦學,潘麗珠,70566,TA10510025,TACHU0146,選修,,"三 3,4",和平 樸204,3 類,,2,,https://course.ntu.edu.tw/courses/114-1/70566
韓非子（一）,曾暐傑,70573,TA10510027,TACHU0314,選修,,"二 3,4",和平 誠106,3 類,,2,,https://course.ntu.edu.tw/courses/114-1/70573
魏晉玄學概論,鄭燦山,70747,TA10510028,TACHU0333,選修,,"三 6,7",和平 樸205,3 類,,2,,https://course.ntu.edu.tw/courses/114-1/70747
寓言導讀,祁立峰,70582,TA10510029,TACHU3010,選修,,"三 8,9,10",和平 樸205,3 類,,3,,https://course.ntu.edu.tw/courses/114-1/70582
海洋生態系,林子皓,70167,TA10510033,TADID0001,選修,,"三 7,8,9",校外 系所自排,3 類,,3,,https://course.ntu.edu.tw/courses/114-1/70167
英語科課程設計與教材評估,曾琦芬,70202,TA10510042,TAENC3033,選修,,"二 7,8,9",和平 誠701B,3 類,,3,,https://course.ntu.edu.tw/courses/114-1/70202
海洋環境教育,葉庭光,70220,TA10510055,TAESC8048,選修,,"三 2,3,4",公館 Ｓ605,3 類,,3,,https://course.ntu.edu.tw/courses/114-1/70220
魏晉南北朝政治史專題研究,呂春盛,70259,TA10510079,TAHIC0057,選修,,"四 2,3,4",和平 歷史系研究,3 類,,3,,https://course.ntu.edu.tw/courses/114-1/70259
文藝復興史,陳秀鳳,71542,TA10510081,TAHIU0145,選修,,"五 6,7,8",和平 誠307,3 類,,3,,https://course.ntu.edu.tw/courses/114-1/71542
機械製造,柯坤呈,70804,TA10510102,TAMTU0005,選修,,"五 2,3,4",和平 教103,3 類,,3,,https://course.ntu.edu.tw/courses/114-1/70804
科學教育國際比較,方素琦,70473,TA10510125,TASEC8006,選修,,"三 2,3,4",公館 系所自排,3 類,,3,,https://course.ntu.edu.tw/courses/114-1/70473
當代社會學理論與臺灣文化研究,劉定綱,70499,TA10510142,TATCC1008,選修,,"一 6,7,8",和平 雲306會議室,3 類,,3,,https://course.ntu.edu.tw/courses/114-1/70499
臺灣客家文化,呂亭慧,70508,TA10510145,TATCU1011,選修,,"三 8,9",和平 正404,3 類,,2,,https://course.ntu.edu.tw/courses/114-1/70508
初級客語,呂亭慧,70511,TA10510147,TATCU2016,選修,,"三 6,7",和平 正404,3 類,,2,,https://course.ntu.edu.tw/courses/114-1/70511
水墨花鳥創作,胡以誠,70812,TA10510166,TANTNU002,選修,,"一 6,7,8",和平 美305,3 類,,3,,https://course.ntu.edu.tw/courses/114-1/70812
野外生活技能研究,王伯宇,70115,TA10520028,TACEC0080,選修,,"一 8,9,10",和平 誠4樓公領系,3 類,,3,,https://course.ntu.edu.tw/courses/114-1/70115
中國大陸研究,黃信豪,70956,TA10520031,TACEU0009,選修,,"四 2,3,4",和平 誠402,3 類,,3,,https://course.ntu.edu.tw/courses/114-1/70956
經濟學,周有熙,70121,TA10520032,TACEU0011,選修,,"一 10,A",和平 教201演講廳,3 類,,2,,https://course.ntu.edu.tw/courses/114-1/70121
活動規劃原理,謝宜蓉,70723,TA10520038,TACEU0369,選修,,"四 1,2",和平 綜210展覽廳,3 類,,2,,https://course.ntu.edu.tw/courses/114-1/70723
六朝思想文化專題研討,鄭燦山,70129,TA10520047,TACHC8004,選修,,"一 7,8,9",和平 勤601,3 類,,3,,https://course.ntu.edu.tw/courses/114-1/70129
礦物學（含實習）,賴昱銘,70224,TA10520090,TAESC9008,選修,,"五 2,3,4",公館 Ｓ601,3 類,,3,,https://course.ntu.edu.tw/courses/114-1/70224
地史學（含實習）,米泓生,70905,TA10520096,TAESU0193,選修,,"四 7,8,9",公館 Ｓ402,3 類,,3,,https://course.ntu.edu.tw/courses/114-1/70905
大氣觀測（含實習）,曾莉珊,70772,TA10520097,TAESU0199,選修,,"一 2,3,4",公館 Ｃ409,3 類,,3,,https://course.ntu.edu.tw/courses/114-1/70772
健康促進與衛生教育倫理學,李銘杰,70253,TA10520107,TAHEC8002,選修,,"四 3,4",和平 誠504,3 類,,2,,https://course.ntu.edu.tw/courses/114-1/70253
人力資源招募與甄選研究,張育菱,70631,TA10520130,TAIWM0044,選修,,"五 2,3,4",和平 系所自排,3 類,,3,,https://course.ntu.edu.tw/courses/114-1/70631
數位建模,黃浩瑜,70847,TA10520228,TAVDU0218,選修,,"三 6,7",和平 綜913,3 類,,2,,https://course.ntu.edu.tw/courses/114-1/70847
大師創業管理入門,韓宗憲,70440,TA10520235,TAPGU9001,選修,,"一 A,B",和平 誠201,3 類,,2,,https://course.ntu.edu.tw/courses/114-1/70440
誰是下個賈伯斯─大師創業發想與實踐（一）,呂緗柔,70441,TA10520236,TAPGU9002,選修,,"三 A,B",和平 誠305,3 類,,2,,https://course.ntu.edu.tw/courses/114-1/70441
日本美術鑑賞,蔡家丘,70005,TA10610001,TA01UG027,,,"四 8,9",和平 美術館601,3 類,,2,,https://course.ntu.edu.tw/courses/114-1/70005
體適能與運動處方專題研究,陳勇志,70072,TA10610005,TA2EC0133,選修,,"四 2,3,4",公館 研001,3 類,,3,,https://course.ntu.edu.tw/courses/114-1/70072
學生事務規劃與實施,鍾明倫,70870,TA10610021,TACEU0461,選修,,"二 6,7",和平 正105,3 類,,2,,https://course.ntu.edu.tw/courses/114-1/70870
僑民教育導論,吳龍雲,70753,TA10610030,TACLU1010,選修,,"一 3,4",和平 正202,3 類,,2,,https://course.ntu.edu.tw/courses/114-1/70753
僑民教育導論,吳龍雲,70754,TA10610030,TACLU1010,選修,,"一 6,7",和平 正202,3 類,,2,,https://course.ntu.edu.tw/courses/114-1/70754
德語（一）,官英華,70585,TA10610031,TACLU1024,選修,,"二 3,4",和平 正401,3 類,,2,,https://course.ntu.edu.tw/courses/114-1/70585
東南亞歷史與社會,吳龍雲,70586,TA10610033,TACLU1033,選修,,"二 6,7,8",和平 正402A,3 類,,3,,https://course.ntu.edu.tw/courses/114-1/70586
德語（三）,官英華,70755,TA10610034,TACLU1039,選修,,"二 8,9",和平 樸402,3 類,,2,,https://course.ntu.edu.tw/courses/114-1/70755
嵌入式系統設計,林均翰,70160,TA10610037,TACSC0027,選修,,"五 2,3,4",公館 Ｓ204,3 類,,3,,https://course.ntu.edu.tw/courses/114-1/70160
比較政府與政治研究,陳文政,70173,TA10610039,TAEAC8017,選修,,"二 9,10,A",和平 東亞系第一,3 類,,3,,https://course.ntu.edu.tw/courses/114-1/70173
理論地球物理學,林佩瑩,70219,TA10610055,TAESC8047,選修,,"三 7,8,9",公館 Ｓ407,3 類,,3,,https://course.ntu.edu.tw/courses/114-1/70219
新興海洋科學發展趨勢,吳朝榮,70227,TA10610056,TAESC9025,選修,,"三 7,8,9",公館 Ｓ601,3 類,,3,,https://course.ntu.edu.tw/courses/114-1/70227
地學通論（一）,莫家俊,70246,TA10610059,TAGEU0233,選修,,"五 3,4",和平 誠107,3 類,,2,,https://course.ntu.edu.tw/courses/114-1/70246
地學通論（一）,林聖欽,70612,TA10610059,TAGEU0233,選修,,"一 A,B",和平 誠207,3 類,,2,,https://course.ntu.edu.tw/courses/114-1/70612
地學通論（一）,張峻嘉,70613,TA10610059,TAGEU0233,選修,,"一 3,4",和平 正206,3 類,,2,,https://course.ntu.edu.tw/courses/114-1/70613
地學通論（二）,沈淑敏,70247,TA10610060,TAGEU0234,選修,,"二 10,A",和平 誠208,3 類,,2,,https://course.ntu.edu.tw/courses/114-1/70247
地學通論（二）,沈淑敏,70614,TA10610060,TAGEU0234,選修,,"四 1,2",和平 正205,3 類,,2,,https://course.ntu.edu.tw/courses/114-1/70614
應用統計學,朱妮明,70256,TA10610063,TAHEC9007,選修,,"二 6,7",和平 正103,3 類,,2,,https://course.ntu.edu.tw/courses/114-1/70256
健康傳播導論,李錟鋒,70785,TA10610065,TAHEU0118,選修,,"四 10,A",和平 教403,3 類,,2,,https://course.ntu.edu.tw/courses/114-1/70785
俄羅斯語（一）,王開顏,70277,TA10610074,TAI0U0001,選修,,"四 7,8,9",和平 美術館602,3 類,,3,,https://course.ntu.edu.tw/courses/114-1/70277
幾何測度論（一）,孟悟理,70358,TA10610081,TAMAC0197,選修,,"五 2,3,4",公館 數學館M210,3 類,,3,,https://course.ntu.edu.tw/courses/114-1/70358
說唱文化藝術,范聖韜,70434,TA10610089,TAPAU0041,選修,,"三 8,9",和平 知音劇場,3 類,,2,,https://course.ntu.edu.tw/courses/114-1/70434
大師創業論壇－打造你的創業夢,林政宏,70442,TA10610090,TAPGU9003,選修,,"二 A,B",和平 誠102,3 類,,2,,https://course.ntu.edu.tw/courses/114-1/70442
現代散文寫作指導,朱國珍,70454,TA10610094,TAPGUU017,選修,,"五 3,4",和平 樸307,3 類,,2,,https://course.ntu.edu.tw/courses/114-1/70454
競技運動心理學研究,季力康,70073,TA10610127,TA2EC0143,選修,,"四 2,3,4",和平 體003,3 類,,3,,https://course.ntu.edu.tw/courses/114-1/70073
行為與觀念藝術,姚瑞中,70951,TA10610128,TAATU0196,選修,,"五 9,10",和平 美405,3 類,,2,,https://course.ntu.edu.tw/courses/114-1/70951
手球（一）,黃欽永,70813,TA10618803,TANTNU017,選修,,"二 8,9",和平 體育館一4F,3 類,,2,,https://course.ntu.edu.tw/courses/114-1/70813
現代版畫（一）,楊紋瑜,70972,TA10618804,TANTNU018,選修,,"五 6,7",和平 美201,3 類,,2,,https://course.ntu.edu.tw/courses/114-1/70972
體育（國術）,陳慶鴻,71433,TA10620001,TA20UP013,選修,,"五 1,2",和平 大韻律教室,3 類,,1,,https://course.ntu.edu.tw/courses/114-1/71433
體育（國術）,陳慶鴻,71434,TA10620001,TA20UP013,選修,,"五 3,4",和平 大韻律教室,3 類,,1,,https://course.ntu.edu.tw/courses/114-1/71434
昆蟲學實驗,徐堉峰,70712,TA10620019,TABIU0038,選修,,"五 7,8,9",公館 Ｄ203,3 類,,1,,https://course.ntu.edu.tw/courses/114-1/70712
國際政治,鄧毓浩,70863,TA10620026,TACEU0033,選修,,"二 1,2",和平 誠402,3 類,,2,,https://course.ntu.edu.tw/courses/114-1/70863
比較政府與政治,鄧毓浩,70864,TA10620027,TACEU0038,選修,,"四 8,9",和平 誠301,3 類,,2,,https://course.ntu.edu.tw/courses/114-1/70864
日本漢學研討,金培懿,70124,TA10620030,TACHC0027,選修,,"三 7,8,9",和平 勤602,3 類,,3,,https://course.ntu.edu.tw/courses/114-1/70124
敦煌學專題研討,李幸玲,70130,TA10620032,TACHC8017,選修,,"三 2,3,4",和平 勤602,3 類,,3,,https://course.ntu.edu.tw/courses/114-1/70130
全球化政經概論,陳文政,70591,TA10620047,TAEAU0195,選修,,"二 6,7,8",和平 樸407,3 類,,3,,https://course.ntu.edu.tw/courses/114-1/70591
農業地理研討,張峻嘉,70238,TA10620070,TAGEC0034,選修,,"一 8,9",和平 地理系研討,3 類,,2,,https://course.ntu.edu.tw/courses/114-1/70238
人口地理,洪立三,70907,TA10620072,TAGEU0059,選修,,"四 2,3,4",和平 正206,3 類,,3,,https://course.ntu.edu.tw/courses/114-1/70907
全球化與媒體研究,胡綺珍,70372,TA10620099,TAMCM0082,選修,,"三 3,4,5",和平 綜7樓大傳所,3 類,,3,,https://course.ntu.edu.tw/courses/114-1/70372
藝術文化政策探討,彭俊亨,70426,TA10620102,TAPAM0118,選修,,"三 8,9,10",和平 綜509國際會,3 類,,3,,https://course.ntu.edu.tw/courses/114-1/70426
歐洲藝術名作閱讀,賴嘉玲,70445,TA10620108,TAPGUL022,選修,,"一 10,A,B",和平 博413,3 類,,3,,https://course.ntu.edu.tw/courses/114-1/70445
成人教育與文化研究論文寫作及評析,王雅鈴,70477,TA10620112,TASOC8006,選修,,"四 2,3,4",和平 教710,3 類,,3,,https://course.ntu.edu.tw/courses/114-1/70477
宇宙中的生命與太空環境,橋本康,70048,TA10710001,TA06UG021,,,"三 6,7",公館 Ｅ102,3 類,,2,,https://course.ntu.edu.tw/courses/114-1/70048
體適能與運動處方,方進隆,71575,TA10710002,TA2EU0282,選修,,"三 8,9",和平 樸105,3 類,,2,,https://course.ntu.edu.tw/courses/114-1/71575
藝術概論,顧素琿,70544,TA10710014,TAATU0013,選修,,"三 6,7",和平 美101,3 類,,2,,https://course.ntu.edu.tw/courses/114-1/70544
無脊椎動物學,郭奇芊,70710,TA10710018,TABIU0019,選修,,"五 6,7,8",公館 Ｓ301,3 類,,3,,https://course.ntu.edu.tw/courses/114-1/70710
經驗教育研究,李晟瑋,70114,TA10710020,TACEC0063,選修,,"五 5,6,7",和平 誠4樓公領系,3 類,,3,,https://course.ntu.edu.tw/courses/114-1/70114
社會科學哲學專題研究,蘇永明,70548,TA10710023,TACED0073,選修,,"二 3,4",和平 誠4樓公領系,3 類,,2,,https://course.ntu.edu.tw/courses/114-1/70548
哲學概論,王錦雀,70560,TA10710026,TACEU0006,選修,,"四 3,4",和平 誠401,3 類,,2,,https://course.ntu.edu.tw/courses/114-1/70560
哲學概論,王錦雀,70561,TA10710026,TACEU0006,選修,,"四 6,7",和平 誠401,3 類,,2,,https://course.ntu.edu.tw/courses/114-1/70561
環境教育方案評量,曾鈺琪,70188,TA10710039,TAEEC8013,選修,,"一 8,9,10",公館 行304,3 類,,3,,https://course.ntu.edu.tw/courses/114-1/70188
環保行政學,顏秀慧,70911,TA10710061,TAGEU0230,選修,,"四 6,7",和平 誠107,3 類,,2,,https://course.ntu.edu.tw/courses/114-1/70911
學校健康服務專題研討,高松景,70255,TA10710064,TAHEC9005,選修,,"四 3,4",和平 正103,3 類,,2,,https://course.ntu.edu.tw/courses/114-1/70255
教育產業創新與創業,張敬珣,70293,TA10710076,TAITC8001,選修,,"二 7,8,9",和平 科技系TB211,3 類,,3,,https://course.ntu.edu.tw/courses/114-1/70293
產品分析與企劃,張敬珣,70970,TA10710077,TAITU0039,選修,,"四 2,3,4",和平 科技系TB213,3 類,,3,,https://course.ntu.edu.tw/courses/114-1/70970
初級日文（一）,張文朝,70302,TA10710078,TAL0U1001,選修,,"一 A,B",和平 誠102,3 類,,2,,https://course.ntu.edu.tw/courses/114-1/70302
初級日文（一）,張文朝,70303,TA10710078,TAL0U1001,選修,,"二 A,B",和平 誠203,3 類,,2,,https://course.ntu.edu.tw/courses/114-1/70303
初級日文（一）,許育惠,70304,TA10710078,TAL0U1001,選修,,"五 8,9",和平 誠108,3 類,,2,,https://course.ntu.edu.tw/courses/114-1/70304
初級日文（一）,邱麗娟,70305,TA10710078,TAL0U1001,選修,,"四 1,2",和平 誠202,3 類,,2,,https://course.ntu.edu.tw/courses/114-1/70305
中級日文（一）,張文朝,70306,TA10710079,TAL0U1003,選修,,"三 A,B",和平 誠207,3 類,,2,,https://course.ntu.edu.tw/courses/114-1/70306
中級日文（一）,洪韶翎,70307,TA10710079,TAL0U1003,選修,,"四 3,4",和平 樸201,3 類,,2,,https://course.ntu.edu.tw/courses/114-1/70307
日語會話與聽講（一）,池田晶,70308,TA10710080,TAL0U1005,選修,,"二 A,B",和平 誠201,3 類,,2,,https://course.ntu.edu.tw/courses/114-1/70308
日語會話與聽講（一）,賴建樺,70309,TA10710080,TAL0U1005,選修,,"一 7,6",和平 正401,2 類,,2,,https://course.ntu.edu.tw/courses/114-1/70309
進階日文（一）,賴建樺,70310,TA10710082,TAL0U1009,選修,,"一 8,9",和平 正401,2 類,,2,,https://course.ntu.edu.tw/courses/114-1/70310
日本歷史,富田哲,70312,TA10710083,TAL0U1014,選修,,"四 A,B",和平 誠206,3 類,,2,,https://course.ntu.edu.tw/courses/114-1/70312
日本文學史,洪韶翎,70313,TA10710084,TAL0U1015,選修,,"四 5,6",和平 樸201,3 類,,2,,https://course.ntu.edu.tw/courses/114-1/70313
初級韓文（一）,金恩美,70317,TA10710086,TAL0U2001,選修,,"一 3,4",和平 誠201,3 類,,2,,https://course.ntu.edu.tw/courses/114-1/70317
初級韓文（一）,金家絃,70318,TA10710086,TAL0U2001,選修,,"二 1,2",和平 誠107,3 類,,2,,https://course.ntu.edu.tw/courses/114-1/70318
初級韓文（一）,李圭旼,70319,TA10710086,TAL0U2001,選修,,"二 6,7",和平 樸304,3 類,,2,,https://course.ntu.edu.tw/courses/114-1/70319
初級韓文（一）,康雲柱,70320,TA10710086,TAL0U2001,選修,,"一 8,9",和平 誠205,3 類,,2,,https://course.ntu.edu.tw/courses/114-1/70320
初級韓文（一）,洪攸善,70321,TA10710086,TAL0U2001,選修,,"五 6,7",和平 樸301,3 類,,2,,https://course.ntu.edu.tw/courses/114-1/70321
中級韓文（一）,金家絃,70322,TA10710087,TAL0U2003,選修,,"二 3,4",和平 文學院B1會,3 類,,2,,https://course.ntu.edu.tw/courses/114-1/70322
中級韓文（一）,李圭旼,70323,TA10710087,TAL0U2003,選修,,"一 8,9",和平 樸401,3 類,,2,,https://course.ntu.edu.tw/courses/114-1/70323
韓語會話與聽力練習（一）,金恩美,70324,TA10710088,TAL0U2005,選修,,"三 8,9",和平 樸201,3 類,,2,,https://course.ntu.edu.tw/courses/114-1/70324
韓語會話與聽力練習（一）,洪攸善,70325,TA10710088,TAL0U2005,選修,,"一 3,4",和平 誠107,3 類,,2,,https://course.ntu.edu.tw/courses/114-1/70325
韓語會話與聽力練習（一）,康雲柱,70326,TA10710088,TAL0U2005,選修,,"一 6,7",和平 誠205,3 類,,2,,https://course.ntu.edu.tw/courses/114-1/70326
韓語語法,崔熲,70327,TA10710091,TAL0U2011,選修,,"三 8,9",和平 正205,2 類,,2,,https://course.ntu.edu.tw/courses/114-1/70327
韓國學概論,洪攸善,70328,TA10710094,TAL0U2016,選修,,"四 3,4",和平 誠109,3 類,,2,,https://course.ntu.edu.tw/courses/114-1/70328
生醫光電工程概論,呂杰翰,70419,TA10710113,TAOEC9100,選修,,"二 7,8,9",公館 Ｓ302,3 類,,3,,https://course.ntu.edu.tw/courses/114-1/70419
中外文化議題探討,吳佳琪,71473,TA10710120,TAPGUK009,選修,,"二 3,4",和平 正302,3 類,,2,,https://course.ntu.edu.tw/courses/114-1/71473
二維量子材料特論（一）,藍彥文,70463,TA10710126,TAPHC8030,選修,,"二 6,7,8",公館 Ｓ701,3 類,,3,,https://course.ntu.edu.tw/courses/114-1/70463
多變量分析,陳哲銘,70239,TA10710154,TAGEC0068,選修,,"四 2,3,4",和平 地理系會議,3 類,,3,,https://course.ntu.edu.tw/courses/114-1/70239
音樂與戲劇,王望舒,70006,TA10720002,TA01UG033,,,"四 3,4",和平 誠102,3 類,,2,,https://course.ntu.edu.tw/courses/114-1/70006
臺灣美術史,白適銘,70955,TA10720013,TAATU1003,選修,,"四 8,9",和平 美101,3 類,,2,,https://course.ntu.edu.tw/courses/114-1/70955
學生權利與校園法律問題專題研究,林佳範,70549,TA10720017,TACED0107,選修,,"二 A,B,C",和平 誠4樓公領系,3 類,,3,,https://course.ntu.edu.tw/courses/114-1/70549
公民社會研究,曾冠球,70552,TA10720018,TACEM0156,選修,,"三 8,9,10",和平 誠4樓公領系,3 類,,3,,https://course.ntu.edu.tw/courses/114-1/70552
政治發展,何家騏,70718,TA10720019,TACEU0036,選修,,"五 6,7",和平 誠402,3 類,,2,,https://course.ntu.edu.tw/courses/114-1/70718
健康教育（健康與護理）課程設計,高松景,70921,TA10720062,TAHEU0176,選修,,"二 10,A",和平 誠305,3 類,,2,,https://course.ntu.edu.tw/courses/114-1/70921
人力資源資訊系統,孫弘岳,70294,TA10720073,TAITC9005,選修,,"一 7,8,9",和平 科技系TB311,3 類,,3,,https://course.ntu.edu.tw/courses/114-1/70294
探索北韓,林志豪,70329,TA10720087,TAL0U2017,選修,,"二 8,9",和平 誠102,3 類,,2,,https://course.ntu.edu.tw/courses/114-1/70329
分析專題研究,Myles,70359,TA10720097,TAMAC8009,選修,,"一 6,7,8",公館 數學館M210,3 類,,3,,https://course.ntu.edu.tw/courses/114-1/70359
音樂心理學,吳舜文,70390,TA10720105,TAMUU0236,選修,,"一 1,2",和平 音308,3 類,,2,,https://course.ntu.edu.tw/courses/114-1/70390
PASSION國英數教材教法,胡翠君,70455,TA10720125,TAPGUZ001,選修,,"五 6,7",和平 正405,3 類,,2,,https://course.ntu.edu.tw/courses/114-1/70455
清代臺灣史料解析,吳密察,70522,TA10720157,TATHM0068,選修,,"四 7,8,9",和平 勤308,3 類,,3,,https://course.ntu.edu.tw/courses/114-1/70522
現代繪畫之創作語彙,宋曉明,70860,TA10728804,TAATU0332,選修,,"四 6,7,8",和平 美401,3 類,,3,,https://course.ntu.edu.tw/courses/114-1/70860
質的研究,蔡如音,70371,TA10728806,TAMCM0013,選修,,"五 3,4,5",和平 綜7樓大傳所,3 類,,3,,https://course.ntu.edu.tw/courses/114-1/70371
東南亞文化與歷史概略,廖弘民,70012,TA10810002,TA04UG033,選修,,"五 6,7",和平 誠104,3 類,,2,,https://course.ntu.edu.tw/courses/114-1/70012
兒童文學,陳室如,70575,TA10810009,TACHU0340,選修,,"二 6,7",和平 誠108,3 類,,2,,https://course.ntu.edu.tw/courses/114-1/70575
中等教育研究,鄭淑惠,70212,TA10810015,TAEPM0075,選修,,"一 9,10,A",和平 教803,3 類,,3,,https://course.ntu.edu.tw/courses/114-1/70212
魏晉史,呂春盛,70271,TA10810023,TAHIU0352,選修,,"五 3,4",和平 誠208,3 類,,2,,https://course.ntu.edu.tw/courses/114-1/70271
宋史,李宗翰,70272,TA10810027,TAHIU0365,選修,,"三 6,7,8",和平 歷史系研究,3 類,,3,,https://course.ntu.edu.tw/courses/114-1/70272
使用者經驗設計,成維寧,70292,TA10810036,TAISM0802,選修,,"四 6,7,8",和平 圖資所研討,3 類,,3,,https://course.ntu.edu.tw/courses/114-1/70292
韓文閱讀與寫作,康雲柱,70330,TA10810038,TAL0U2022,選修,,"二 3,4",和平 樸201,3 類,,2,,https://course.ntu.edu.tw/courses/114-1/70330
韓文閱讀與寫作,金佳圓,70331,TA10810038,TAL0U2022,選修,,"一 6,7",和平 正105,3 類,,2,,https://course.ntu.edu.tw/courses/114-1/70331
法哲學與文學,蔡士瑋,70335,TA10810039,TAL0U3005,選修,,"五 6,7",和平 正406,3 類,,2,,https://course.ntu.edu.tw/courses/114-1/70335
歐洲現代藝術專題研究：一八八０?一九四五,楊永源,70095,TA10810063,TAATC0237,選修,,"二 6,7,8",和平 美203,3 類,,3,,https://course.ntu.edu.tw/courses/114-1/70095
民主政治教育研究,何家騏,70556,TA10810083,TACEM0176,選修,,"四 8,9,10",和平 誠4樓公領系,3 類,,3,,https://course.ntu.edu.tw/courses/114-1/70556
野外心理治療,蕭如軒,70957,TA10810084,TACEU0341,選修,,"一 6,7",和平 誠大樓公團,3 類,,2,,https://course.ntu.edu.tw/courses/114-1/70957
出土戰國楚簡篇章研究,黃麗娟,70131,TA10810086,TACHC8020,選修,,"三 7,8,9",和平 勤601,3 類,,3,,https://course.ntu.edu.tw/courses/114-1/70131
日本歷史與人物,張崑將,70897,TA10810095,TAEAU0200,選修,,"一 6,7,8",和平 樸407,3 類,,3,,https://course.ntu.edu.tw/courses/114-1/70897
人資互動,吳怡瑾,70286,TA10810111,TAISC8008,選修,,"三 2,3,4",和平 教404,3 類,,3,,https://course.ntu.edu.tw/courses/114-1/70286
科技專案管理,孫弘岳,70295,TA10810113,TAITC9010,選修,,"二 7,8,9",和平 科技系TB311,3 類,,3,,https://course.ntu.edu.tw/courses/114-1/70295
營養與癌症,蘇純立,70404,TA10810117,TANSC9001,選修,,"二 2,3,4",和平 誠204,3 類,,3,,https://course.ntu.edu.tw/courses/114-1/70404
劇本寫作,梁文菁,70424,TA10810118,TAPAC9014,選修,,"三 8,9",和平 表藝中心,3 類,,2,,https://course.ntu.edu.tw/courses/114-1/70424
故事創作,曹仕翰,70689,TA10810120,TASOU0116,選修,,"四 8,9",和平 誠208,3 類,,2,,https://course.ntu.edu.tw/courses/114-1/70689
特殊教育行政與法規,邱春瑜,70976,TA10810127,TASPU0081,選修,,"二 1,2",和平 特115,3 類,,2,,https://course.ntu.edu.tw/courses/114-1/70976
特殊教育行政與法規,趙本強,70977,TA10810127,TASPU0081,選修,,"四 3,4",和平 特112,3 類,,2,,https://course.ntu.edu.tw/courses/114-1/70977
融合教育,邱春瑜,70937,TA10810128,TASPU0094,選修,,"一 6,7",和平 特115,3 類,,2,,https://course.ntu.edu.tw/courses/114-1/70937
進階日語會話與聽講（一）,邱麗娟,70311,TA10810135,TAL0U1011,選修,,"四 3,4",和平 誠206,3 類,,2,,https://course.ntu.edu.tw/courses/114-1/70311
版畫（一）,楊紋瑜,70814,TA10813139,TANTNU023,選修,,"五 3,4",和平 美201,3 類,,2,,https://course.ntu.edu.tw/courses/114-1/70814
文化產業概論,邱愷欣,71463,TA10820057,TAEAU0185,選修,,"一 2,3,4",和平 誠402,3 類,,3,,https://course.ntu.edu.tw/courses/114-1/71463
國際組織概論,王冠雄,70761,TA10820059,TAEAU0194,選修,,"二 6,7,8",和平 正405,3 類,,3,,https://course.ntu.edu.tw/courses/114-1/70761
全球治理,王冠雄,70896,TA10820061,TAEAU0199,選修,,"三 6,7,8",和平 正401,3 類,,3,,https://course.ntu.edu.tw/courses/114-1/70896
語言與認知,詹曉蕙,70198,TA10820077,TAENC2037,選修,,"二 7,8,9",和平 誠701A,3 類,,3,,https://course.ntu.edu.tw/courses/114-1/70198
閱讀與寫作教學：理論與實務,陳秋蘭,70204,TA10820078,TAENC3038,選修,,"三 2,3,4",和平 誠701A,3 類,,3,,https://course.ntu.edu.tw/courses/114-1/70204
歐洲認同之形塑與演變,路狄諾,70235,TA10820082,TAETM0077,選修,,"二 7,8,9",和平 博404,3 類,,3,,https://course.ntu.edu.tw/courses/114-1/70235
基督宗教與歐洲文化研究專題,梁孫傑,70236,TA10820083,TAETM0082,選修,,"一 7,8,9",和平 博404,3 類,,3,,https://course.ntu.edu.tw/courses/114-1/70236
安全教育專題研究,張育通,70252,TA10820087,TAHEC0025,選修,,"二 A,B",和平 誠504,3 類,,2,,https://course.ntu.edu.tw/courses/114-1/70252
健康促進與衛生教育研究計畫設計,李銘杰,70254,TA10820089,TAHEC8013,選修,,"四 1,2",和平 誠504,3 類,,2,,https://course.ntu.edu.tw/courses/114-1/70254
特殊兒童發展,王曉嵐,70835,TA10820159,TASPU0072,選修,,"五 3,4",和平 特115,3 類,,2,,https://course.ntu.edu.tw/courses/114-1/70835
輔助科技應用,佘永吉,70836,TA10820162,TASPU0095,選修,,"四 6,7,8",和平 特113,3 類,,3,,https://course.ntu.edu.tw/courses/114-1/70836
臺灣文學繪本應用與創作,莊佳穎,70515,TA10820175,TATCU4033,選修,,"四 3,4",和平 誠104,3 類,,2,,https://course.ntu.edu.tw/courses/114-1/70515
國際體育與運動現勢,陳美燕,70076,TA10910006,TAA0U0005,選修,,"四 6,7",和平 綜602,3 類,,2,,https://course.ntu.edu.tw/courses/114-1/70076
機器人地圖建立與定位,Saeed,71435,TA10910007,TAAEC8015,選修,,"五 2,3,4",和平 多媒體與通,3 類,,3,,https://course.ntu.edu.tw/courses/114-1/71435
強化式學習,Saeed,71436,TA10910010,TAAEC8059,選修,,"五 7,8,9",和平 多媒體與通,3 類,,3,,https://course.ntu.edu.tw/courses/114-1/71436
東亞書畫保存修復專題,林煥盛,70090,TA10910014,TAAHM0239,選修,,"二 7,8,9",和平 青田406室,3 類,,3,,https://course.ntu.edu.tw/courses/114-1/70090
公共組織理論研究,曾冠球,70119,TA10910028,TACEC8010,選修,,"三 A,B,C",和平 誠4樓公領系,3 類,,3,,https://course.ntu.edu.tw/courses/114-1/70119
統計學概論,楊怡雯,70729,TA10910033,TACEU0512,選修,,"四 8,9,10",和平 誠402,3 類,,3,,https://course.ntu.edu.tw/courses/114-1/70729
書法及習作（一）,林宜蓉,70574,TA10910035,TACHU0337,選修,,"一 6,7",和平 樸307,3 類,,2,,https://course.ntu.edu.tw/courses/114-1/70574
海外華語文教育研究,吳龍雲,70147,TA10910036,TACLC8058,選修,,"二 2,3,4",和平 博1002,3 類,,3,,https://course.ntu.edu.tw/courses/114-1/70147
華語詞彙學,陳嘉凌,70751,TA10910038,TACLU1006,選修,,"二 6,7",和平 樸402,3 類,,2,,https://course.ntu.edu.tw/courses/114-1/70751
華語詞彙學,陳嘉凌,70752,TA10910038,TACLU1006,選修,,"四 6,7",和平 正402A,3 類,,2,,https://course.ntu.edu.tw/courses/114-1/70752
東亞宗教與族群關係,潘鳳娟,70170,TA10910042,TAEAC8007,選修,,"二 9,10,A",和平 東亞系資料,3 類,,3,,https://course.ntu.edu.tw/courses/114-1/70170
國家發展與區域研究,范世平,70171,TA10910043,TAEAC8009,選修,,"四 2,3,4",和平 東亞系第一,3 類,,3,,https://course.ntu.edu.tw/courses/114-1/70171
國際法與國際關係專題研究,王冠雄,70172,TA10910045,TAEAC8014,選修,,"三 2,3,4",和平 東亞系第一,3 類,,3,,https://course.ntu.edu.tw/courses/114-1/70172
東北亞儒學專題研究,張崑將,70174,TA10910046,TAEAC8033,選修,,"二 2,3,4",和平 東亞系第二,3 類,,3,,https://course.ntu.edu.tw/courses/114-1/70174
華僑與僑務政策專題研究,范世平,70184,TA10910050,TAEAM0039,選修,,"一 2,3,4",和平 東亞系第一,3 類,,3,,https://course.ntu.edu.tw/courses/114-1/70184
人文學研究方法論,江柏煒,70185,TA10910051,TAEAM0044,選修,,"一 9,10,A",和平 東亞系第一,3 類,,3,,https://course.ntu.edu.tw/courses/114-1/70185
東亞區域研究,張碧君,70186,TA10910052,TAEAM0046,選修,,"二 6,7,8",和平 東亞系第一,3 類,,3,,https://course.ntu.edu.tw/courses/114-1/70186
中國大陸政經發展,范世平,70898,TA10910055,TAEAU0203,選修,,"二 2,3,4",和平 綜210展覽廳,3 類,,3,,https://course.ntu.edu.tw/courses/114-1/70898
東北亞區域文化,林書媺,70592,TA10910056,TAEAU0207,選修,,"一 6,7,8",和平 綜509國際會,3 類,,3,,https://course.ntu.edu.tw/courses/114-1/70592
東亞的傳統與現代性對話,江柏煒,70762,TA10910060,TAEAU0226,選修,,"二 9,10,A",和平 誠202,3 類,,3,,https://course.ntu.edu.tw/courses/114-1/70762
社會領域課程概論,蘇淑娟,70969,TA10910075,TAGEU0241,選修,,"五 3,4",和平 正205,3 類,,2,,https://course.ntu.edu.tw/courses/114-1/70969
原住民族地理,汪明輝,70912,TA10910076,TAGEU0242,選修,,"四 7,8,9",和平 正106,3 類,,3,,https://course.ntu.edu.tw/courses/114-1/70912
健康促進與衛生教育媒體設計製作,李錟鋒,70920,TA10910081,TAHEU0161,選修,,"四 B,C",和平 教401,3 類,,2,,https://course.ntu.edu.tw/courses/114-1/70920
中國上古史專題研究,石蘭梅,70263,TA10910089,TAHIC8115,選修,,"四 2,3,4",和平 歷史系研究,3 類,,3,,https://course.ntu.edu.tw/courses/114-1/70263
中日關係史,周東怡,70273,TA10910092,TAHIU0370,選修,,"二 3,4",和平 誠306,3 類,,2,,https://course.ntu.edu.tw/courses/114-1/70273
資料庫系統,蔡芸琤,70922,TA10910101,TAITU2075,選修,,"一 2,3,4",和平 科技系TB311,3 類,,3,,https://course.ntu.edu.tw/courses/114-1/70922
法文（三）,黃慧玉,70447,TA10910124,TAPGUL038,選修,,"五 7,8,9",和平 系所自排,3 類,,3,,https://course.ntu.edu.tw/courses/114-1/70447
結構方程模式導論,林志鴻,70474,TA10910130,TASEC8011,選修,,"二 6,7,8",公館 系所自排,3 類,,3,,https://course.ntu.edu.tw/courses/114-1/70474
荷治時期臺灣研究,賀安娟,70502,TA10910144,TATCC2032,選修,,"一 2,3,4",和平 雲306會議室,3 類,,3,,https://course.ntu.edu.tw/courses/114-1/70502
臺語導論,許慧如,70694,TA10910146,TATCU0025,選修,,"一 2,3,4",和平 正403,3 類,,3,,https://course.ntu.edu.tw/courses/114-1/70694
臺語的口語表達,蔡惠名,70516,TA10910151,TATCU4034,選修,,"五 3,4",和平 綜202演講廳,3 類,,2,,https://course.ntu.edu.tw/courses/114-1/70516
觀光休閒韓語,金佳圓,70332,TA10910153,TAL0U2026,選修,,"一 8,9",和平 正105,3 類,,2,,https://course.ntu.edu.tw/courses/114-1/70332
當代美學專題,李雨鍾,70336,TA10910154,TAL0U3013,選修,,"三 A,B",和平 誠306,3 類,,2,,https://course.ntu.edu.tw/courses/114-1/70336
舞蹈鑑賞,王宏豪,70408,TA10918811,TANTNU033,,,"一 6,7,8",和平 誠202,3 類,,3,,https://course.ntu.edu.tw/courses/114-1/70408
基礎雕塑,林正仁,70933,TA10918812,TANTNU034,選修,,"五 2,3,4",和平 美101,3 類,,3,,https://course.ntu.edu.tw/courses/114-1/70933
人體素描（一）,馬曉瑛,70934,TA10918814,TANTNU036,選修,,"二 2,3,4",和平 美403,3 類,,3,,https://course.ntu.edu.tw/courses/114-1/70934
篆刻（印學）,林政榮,70935,TA10918818,TANTNU040,選修,,"二 9,10",和平 美302,3 類,,2,,https://course.ntu.edu.tw/courses/114-1/70935
書法（篆書）,林政榮,70815,TA10918819,TANTNU041,選修,,"二 6,7",和平 美305,3 類,,2,,https://course.ntu.edu.tw/courses/114-1/70815
中級韓語（一）,金恩美,70816,TA10918821,TANTNU043,選修,,"三 6,7",和平 正406,3 類,,2,,https://course.ntu.edu.tw/courses/114-1/70816
中級日語（一）,王文萱,70817,TA10918822,TANTNU044,選修,,"二 3,4",和平 樸407,3 類,,2,,https://course.ntu.edu.tw/courses/114-1/70817
特殊教育課程調整與教學設計,胡心慈,70818,TA10918828,TANTNU050,選修,,"一 2,3,4",和平 特115,3 類,,3,,https://course.ntu.edu.tw/courses/114-1/70818
社會教育專題實習（一）,吳盈慧,70478,TA10918829,TASOC9001,選修,,"三 A,B,C",和平 教714,3 類,,3,,https://course.ntu.edu.tw/courses/114-1/70478
基礎口筆譯入門,陳子瑋,70531,TA10918832,TATIC9001,選修,,"一 7,8,9",和平 正204,3 類,,3,,https://course.ntu.edu.tw/courses/114-1/70531
社區高齡者健康服務實務,蔡昕璋,71541,TA10918837,TAE0U0004,選修,,"四 10,A",和平 正101,3 類,,2,,https://course.ntu.edu.tw/courses/114-1/71541
電路學（一）,白凱仁,70700,TA10918839,TAVEU0003,選修,,"一 6,7,8",和平 汽車工場B10,3 類,,3,,https://course.ntu.edu.tw/courses/114-1/70700
藝術治療與繪本應用,江學瀅,70862,TA10920036,TAATU0346,選修,,"一 3,4",和平 美301,3 類,,2,,https://course.ntu.edu.tw/courses/114-1/70862
近代臺灣日記史料選讀,王麒銘,70264,TA10920084,TAHIC9022,選修,,"一 6,7",和平 正403,3 類,,2,,https://course.ntu.edu.tw/courses/114-1/70264
虛擬實境與數位學習,李文瑜,71563,TA10920089,TAICC8003,選修,,"三 2,3,4",和平 教1011,3 類,,3,,https://course.ntu.edu.tw/courses/114-1/71563
原住民族社區保育,汪明輝,70339,TA10920097,TAL0U4002,選修,,"三 8,9",和平 正403,3 類,,2,,https://course.ntu.edu.tw/courses/114-1/70339
舞蹈創作,吳碧容,70435,TA10920113,TAPAU0052,選修,,"二 7,8",和平 知音劇場,3 類,,2,,https://course.ntu.edu.tw/courses/114-1/70435
點字教材教法,張千惠,70837,TA10920120,TASPU0099,選修,,"二 9,10",和平 特103,3 類,,2,,https://course.ntu.edu.tw/courses/114-1/70837
藝術資優教育,吳舜文,70487,TA10920121,TASPU6019,選修,,"四 A,B",和平 特115,3 類,,2,,https://course.ntu.edu.tw/courses/114-1/70487
產品分析,周育潤,70944,TA10920146,TAVDU0152,選修,,"五 6,7,8",和平 設計系3B教,3 類,,3,,https://course.ntu.edu.tw/courses/114-1/70944
紅樓夢與戲曲,蔡孟珍,70748,TA11010020,TACHU0346,選修,,"三 8,9",和平 樸302,3 類,,2,,https://course.ntu.edu.tw/courses/114-1/70748
國學概論,陳亭佑,70576,TA11010022,TACHU0350,選修,,"一 6,7",和平 樸305,3 類,,2,,https://course.ntu.edu.tw/courses/114-1/70576
國學概論,許華峰,70577,TA11010022,TACHU0350,選修,,"一 6,7",和平 樸304,3 類,,2,,https://course.ntu.edu.tw/courses/114-1/70577
國學概論,賴貴三,70578,TA11010022,TACHU0350,選修,,"五 3,4",和平 樸304,3 類,,2,,https://course.ntu.edu.tw/courses/114-1/70578
語言學專題研究,洪嘉馡,70152,TA11010027,TACLM0042,選修,,"二 2,3,4",和平 誠105,3 類,,3,,https://course.ntu.edu.tw/courses/114-1/70152
漢語語言學研究,謝佳玲,70153,TA11010028,TACLM0099,選修,,"五 2,3,4",和平 博1002,3 類,,3,,https://course.ntu.edu.tw/courses/114-1/70153
現當代思潮批判,胡元玲,70176,TA11010032,TAEAC8038,選修,,"四 6,7,8",和平 東亞系第二,3 類,,3,,https://course.ntu.edu.tw/courses/114-1/70176
民初以來的思想與思想家,胡元玲,70895,TA11010037,TAEAU0191,選修,,"二 6,7,8",和平 正202,3 類,,3,,https://course.ntu.edu.tw/courses/114-1/70895
東南亞族群關係與社會變遷,張碧君,70593,TA11010038,TAEAU0230,選修,,"三 6,7,8",和平 樸407,3 類,,3,,https://course.ntu.edu.tw/courses/114-1/70593
環境資料處理與分析,林冠慧,70191,TA11010041,TAEEC8054,選修,,"二 7,8,9",公館 行409,3 類,,3,,https://course.ntu.edu.tw/courses/114-1/70191
衛生法規與倫理,李銘杰,70257,TA11010062,TAHEC9008,選修,,"五 3,4",和平 正104,3 類,,2,,https://course.ntu.edu.tw/courses/114-1/70257
醫務管理,張芳維,70623,TA11010064,TAHEU0190,選修,,"一 8,9",和平 正103,3 類,,2,,https://course.ntu.edu.tw/courses/114-1/70623
高級韓文（一）,金家絃,70333,TA11010067,TAL0U2029,選修,,"二 6,7",和平 文學院B1會,3 類,,2,,https://course.ntu.edu.tw/courses/114-1/70333
電腦音樂（一）,陳家輝,70379,TA11010077,TAMUC0066,選修,,"三 3,4",和平 音410,3 類,,2,,https://course.ntu.edu.tw/courses/114-1/70379
臨床營養,蘇純立,70971,TA11010078,TANSU0024,選修,,"二 8,9",和平 正204,3 類,,2,,https://course.ntu.edu.tw/courses/114-1/70971
幾何光學,邱爾德,70418,TA11010081,TAOEC9001,選修,,"一 2,3,4",公館 Ｓ407,3 類,,3,,https://course.ntu.edu.tw/courses/114-1/70418
表演（一）,梁志民,70429,TA11010082,TAPAM0193,選修,,"一 9,10",和平 知音劇場,3 類,,2,,https://course.ntu.edu.tw/courses/114-1/70429
西班牙文（三）,許玉燕,70449,TA11010084,TAPGUL046,選修,,"三 10,A,B",和平 博404,3 類,,3,,https://course.ntu.edu.tw/courses/114-1/70449
科學教育學術論文寫作,吳心楷,70475,TA11010088,TASEC8012,選修,,"四 2,3,4",公館 系所自排,3 類,,3,,https://course.ntu.edu.tw/courses/114-1/70475
議題融入資優教育教學設計,陳偉仁,70939,TA11010089,TASPU4037,選修,,"三 6,7",和平 特113,3 類,,2,,https://course.ntu.edu.tw/courses/114-1/70939
休閒思想演變研究,林儷蓉,70494,TA11010090,TASRM0052,選修,,"三 2,3,4",和平 綜604,3 類,,3,,https://course.ntu.edu.tw/courses/114-1/70494
臺灣研究,林芳玫,70498,TA11010093,TATCC0010,選修,,"三 8,9,10",和平 雲306會議室,3 類,,3,,https://course.ntu.edu.tw/courses/114-1/70498
文化研究概論,林芳玫,70840,TA11010095,TATCU0011,選修,,"一 8,9,10",和平 正404,3 類,,3,,https://course.ntu.edu.tw/courses/114-1/70840
語言學概論,劉承賢,70841,TA11010096,TATCU0026,選修,,"二 2,3,4",和平 正403,3 類,,3,,https://course.ntu.edu.tw/courses/114-1/70841
社會技能訓練,姚惠馨,70410,TA11010868,TANTNU061,選修,,"一 10,A",和平 特113,3 類,,2,,https://course.ntu.edu.tw/courses/114-1/70410
大學臺語,呂美親,70819,TA11012038,TANTNU062,選修,,"二 6,7,8",和平 正403,3 類,,3,,https://course.ntu.edu.tw/courses/114-1/70819
鋼琴室內樂（一）,鄭怡君,70409,TA11012296,TANTNU059,選修,,"一 1,2",和平 音409,3 類,,2,,https://course.ntu.edu.tw/courses/114-1/70409
臺灣通史（1895年前）,林欣宜,71487,TA11013442,TAHIU0348,選修,,"二 6,7",和平 正406,3 類,,2,,https://course.ntu.edu.tw/courses/114-1/71487
進階音樂基礎訓練（一）,吳佩蓉,70664,TA11013443,TAMUU0427,選修,,"二 1,2",和平 音209,3 類,,2,,https://course.ntu.edu.tw/courses/114-1/70664
進階音樂基礎訓練（一）,錢善華,70665,TA11013443,TAMUU0427,選修,,"二 1,2",和平 音409,3 類,,2,,https://course.ntu.edu.tw/courses/114-1/70665
產品表現技法（一）,曾乙文,70850,TA11013445,TAVDU0248,選修,,"五 2,3,4",和平 設計系2B教,3 類,,3,,https://course.ntu.edu.tw/courses/114-1/70850
服務設計（一）,范日奎,70537,TA11013449,TAVDU0267,選修,,"三 A,B,C",和平 綜913,3 類,,3,,https://course.ntu.edu.tw/courses/114-1/70537
歷史專題與多元思考,盧省言,70270,TA11013452,TAHIU0330,選修,,"四 9,10",和平 誠307,3 類,,2,,https://course.ntu.edu.tw/courses/114-1/70270
版畫設計,李延祥,70848,TA11013453,TAVDU0224,選修,,"五 3,4",和平 綜913,3 類,,2,,https://course.ntu.edu.tw/courses/114-1/70848
營養學（二）,吳啟豪,70810,TA11013458,TANSU0007,選修,,"二 3,4",公館 Ｓ403,3 類,,2,,https://course.ntu.edu.tw/courses/114-1/70810
武術（一）,張育愷,70822,TA11018002,TANTNU071,選修,,"二 1,2",和平 武術房一,3 類,,2,,https://course.ntu.edu.tw/courses/114-1/70822
羽球（一）,徐孟達,70823,TA11018003,TANTNU072,選修,,"四 1,2",和平 體育館一4F,3 類,,2,,https://course.ntu.edu.tw/courses/114-1/70823
漢語語義學,蕭惠貞,70146,TA11020020,TACLC8026,選修,,"一 6,7,8",和平 博1002,3 類,,3,,https://course.ntu.edu.tw/courses/114-1/70146
資料視覺化,王科植,70163,TA11020025,TACSC9005,選修,,"四 7,8,9",公館 理圖807,3 類,,3,,https://course.ntu.edu.tw/courses/114-1/70163
東南亞社會變遷專題研究討論,張碧君,70175,TA11020028,TAEAC8035,選修,,"四 2,3,4",和平 東亞系第二,3 類,,3,,https://course.ntu.edu.tw/courses/114-1/70175
氣候變遷,翁叔平,70906,TA11020048,TAGEU0039,選修,,"五 7,8,9",和平 正206,3 類,,3,,https://course.ntu.edu.tw/courses/114-1/70906
生物多樣性與保育概論,陳瑩,70913,TA11020052,TAGEU0249,選修,,"一 2,3,4",和平 地理系會議,3 類,,3,,https://course.ntu.edu.tw/courses/114-1/70913
日文閱讀與寫作,池田晶,70315,TA11020069,TAL0U1019,選修,,"二 8,9",和平 誠201,3 類,,2,,https://course.ntu.edu.tw/courses/114-1/70315
日文閱讀與寫作,許育惠,70316,TA11020069,TAL0U1019,選修,,"五 6,7",和平 誠108,3 類,,2,,https://course.ntu.edu.tw/courses/114-1/70316
表演藝術經營策略研究,鄭佳姍,70427,TA11020081,TAPAM0121,選修,,"二 8,9,10",和平 表藝中心,3 類,,3,,https://course.ntu.edu.tw/courses/114-1/70427
歐洲奇幻文學,梁孫傑,70450,TA11020085,TAPGUL049,選修,,"三 10,A,B",和平 博413,3 類,,3,,https://course.ntu.edu.tw/courses/114-1/70450
賴和文學專題研究,呂美親,70506,TA11020106,TATCC3029,選修,,"二 2,3,4",和平 雲306會議室,3 類,,3,,https://course.ntu.edu.tw/courses/114-1/70506
行政訴訟法,劉恆妏,70869,TA11020119,TACEU0435,選修,,"三 3,4",和平 誠306,3 類,,2,,https://course.ntu.edu.tw/courses/114-1/70869
食物學實驗,蔡帛蓉,70668,TA11020128,TANSU0002,選修,,"三 9,10,A",和平 勤001,3 類,,1,,https://course.ntu.edu.tw/courses/114-1/70668
音樂劇歌唱訓練（三）,鄭帆婷,70831,TA11020138,TAPAU0073,選修,,"四 6,7",和平 表藝中心,3 類,,2,,https://course.ntu.edu.tw/courses/114-1/70831
阻力訓練指導法,何仁育,71539,TA11020140,TA2PU0360,選修,,"四 1,2",公館 重量訓練室,3 類,,2,,https://course.ntu.edu.tw/courses/114-1/71539
行政學,曾冠球,70824,TA11025003,TANTNU076,選修,,"四 A,B,C",和平 誠109,3 類,,3,,https://course.ntu.edu.tw/courses/114-1/70824
人類與自然資源,葉孟宛,70051,TA11110001,TA0NUG245,,,"三 3,4",公館 Ｓ201,3 類,,2,,https://course.ntu.edu.tw/courses/114-1/70051
文物保存修復倫理原則與檢視登錄,潘怡伶,70952,TA11110005,TAATU0350,選修,,"四 6,7",和平 美506,3 類,,2,,https://course.ntu.edu.tw/courses/114-1/70952
英文寫作技巧：連貫性與銜接性,宋明達,70209,TA11110032,TAENU5014,選修,,"三 6,7",和平 正305,3 類,,2,,https://course.ntu.edu.tw/courses/114-1/70209
臺語天文學,蔡安理,70774,TA11110035,TAESU0224,選修,,"四 A,B,C",公館 Ｓ404,3 類,,3,,https://course.ntu.edu.tw/courses/114-1/70774
老年衛生學研究,朱妮明,70248,TA11110039,TAHEC0006,選修,,"三 6,7,8",和平 誠602,3 類,,3,,https://course.ntu.edu.tw/courses/114-1/70248
歐美近代史學思潮研討,陳建元,70265,TA11110043,TAHIC9026,選修,,"四 2,3,4",和平 歷史系視聽,3 類,,3,,https://course.ntu.edu.tw/courses/114-1/70265
原住民族知識體系與教育學,汪明輝,70338,TA11110048,TAL0U4001,選修,,"四 3,4",和平 綜10樓教室,3 類,,2,,https://course.ntu.edu.tw/courses/114-1/70338
科學計算導論,謝世峰,70364,TA11110054,TAMAC9029,選修,,"一 6 / 二 6,7",,3 類,,3,,https://course.ntu.edu.tw/courses/114-1/70364
科學計算導論探索,謝世峰,70366,TA11110055,TAMAC9038,選修,,一 7,公館 理圖807,3 類,,1,,https://course.ntu.edu.tw/courses/114-1/70366
合奏（唱）（三）,張尹芳,70382,TA11110058,TAMUC9021,選修,,"一 9,10 / 五 9,10",,3 類,,2,,https://course.ntu.edu.tw/courses/114-1/70382
合奏（唱）（三）,廖嘉弘,70383,TA11110058,TAMUC9021,選修,,"一 3,4 / 五 5,6",,3 類,,2,,https://course.ntu.edu.tw/courses/114-1/70383
合奏（唱）（三）,陳麗芬,70384,TA11110058,TAMUC9021,選修,,"一 9,10 / 五 9,10",,3 類,,2,,https://course.ntu.edu.tw/courses/114-1/70384
合奏（唱）（三）,戴怡音,70385,TA11110058,TAMUC9021,選修,,"一 9,10 / 五 9,10",,3 類,,2,,https://course.ntu.edu.tw/courses/114-1/70385
合奏（唱）（一）,張尹芳,70399,TA11110059,TAMUU0634,選修,,"一 9,10 / 五 9,10",,3 類,,2,,https://course.ntu.edu.tw/courses/114-1/70399
合奏（唱）（一）,廖嘉弘,70400,TA11110059,TAMUU0634,選修,,"一 3,4 / 五 5,6",,3 類,,2,,https://course.ntu.edu.tw/courses/114-1/70400
合奏（唱）（一）,陳麗芬,70401,TA11110059,TAMUU0634,選修,,"一 9,10 / 五 9,10",,3 類,,2,,https://course.ntu.edu.tw/courses/114-1/70401
合奏（唱）（一）,戴怡音,70402,TA11110059,TAMUU0634,選修,,"一 9,10 / 五 9,10",,3 類,,2,,https://course.ntu.edu.tw/courses/114-1/70402
質性研究法,何英奇,70438,TA11110062,TAPCC8022,選修,,"二 9,10",和平 教500,3 類,,2,,https://course.ntu.edu.tw/courses/114-1/70438
適應體育,姜義村,70690,TA11110070,TASPU0098,選修,,"二 1,2",和平 特116,3 類,,2,,https://course.ntu.edu.tw/courses/114-1/70690
華語同志電影專題研究,曾秀萍,70500,TA11110073,TATCC1027,選修,,"五 8,9,10",和平 雲306會議室,3 類,,3,,https://course.ntu.edu.tw/courses/114-1/70500
地名學研究,康培德,70524,TA11110075,TATHM0093,選修,,"一 8,9,10",和平 勤308,3 類,,3,,https://course.ntu.edu.tw/courses/114-1/70524
中英筆譯（二）,朱雯琪,70532,TA11110077,TATIC9003,選修,,"一 2,3,4",和平 樸201,3 類,,3,,https://course.ntu.edu.tw/courses/114-1/70532
中英口譯（二）,詹柏勻,70533,TA11110078,TATIC9006,選修,,"三 7,8,9",和平 勤302,3 類,,3,,https://course.ntu.edu.tw/courses/114-1/70533
田徑（一）,林淑惠,70682,TA11110079,TANTNU102,選修,,"一 6,7",公館 操場二,3 類,,2,,https://course.ntu.edu.tw/courses/114-1/70682
籃球（一）,掌慶維,70825,TA11110087,TANTNU093,選修,,"五 3,4",和平 體育館一4F,3 類,,2,,https://course.ntu.edu.tw/courses/114-1/70825
籃球（一）,掌慶維,70826,TA11110087,TANTNU093,選修,,"四 6,7",和平 體育館一4F,3 類,,2,,https://course.ntu.edu.tw/courses/114-1/70826
網球（一）,李家豪,70827,TA11110091,TANTNU094,選修,,"四 6,7",和平 網球場一,3 類,,2,,https://course.ntu.edu.tw/courses/114-1/70827
弦樂室內樂（一）,歐陽伶,71458,TA11112255,TANTNU089,選修,,"四 A,B",和平 音樂系B1雙,3 類,,2,,https://course.ntu.edu.tw/courses/114-1/71458
樂器學（一）,莊文達,71459,TA11112263,TANTNU090,選修,,"五 1,2",和平 音409,3 類,,2,,https://course.ntu.edu.tw/courses/114-1/71459
食物學,蔡帛蓉,70667,TA11113154,TANSU0001,選修,,"三 6,7,8",和平 樸202,3 類,,3,,https://course.ntu.edu.tw/courses/114-1/70667
電腦繪圖,曾乙文,70676,TA11113200,TANTNU098,選修,,"二 6,7,8",和平 綜1001,3 類,,3,,https://course.ntu.edu.tw/courses/114-1/70676
基礎設計（一）,廖偉民,70677,TA11113201,TANTNU099,選修,,"四 6,7,8",和平 設計系2A教,3 類,,3,,https://course.ntu.edu.tw/courses/114-1/70677
基礎設計（一）,蘇瀚,70678,TA11113201,TANTNU099,選修,,"四 6,7,8",和平 設計系2B教,3 類,,3,,https://course.ntu.edu.tw/courses/114-1/70678
設計素描（一）,伊彬,70679,TA11113203,TANTNU100,選修,,"二 7,8,9",和平 綜914,3 類,,3,,https://course.ntu.edu.tw/courses/114-1/70679
設計素描（一）,許和捷,70680,TA11113203,TANTNU100,選修,,"一 6,7,8",和平 設計系2A教,3 類,,3,,https://course.ntu.edu.tw/courses/114-1/70680
自主學習：專題探究,涂卉,70054,TA11113204,TA0SUG539,選修,,"五 A,B",和平 誠204,3 類,,2,,https://course.ntu.edu.tw/courses/114-1/70054
自主學習：專題探究,鄭怡庭,70055,TA11113204,TA0SUG539,選修,,"五 A,B",和平 正101,3 類,,2,,https://course.ntu.edu.tw/courses/114-1/70055
東方繪畫材料技法與臨摹（一）,潘怡伶,70954,TA11113208,TAATU0355,選修,,"四 2,3,4",和平 美506,3 類,,3,,https://course.ntu.edu.tw/courses/114-1/70954
漢語語法學,陳俊光,70151,TA11113211,TACLM0019,選修,,"五 2,3,4",和平 正402A,3 類,,3,,https://course.ntu.edu.tw/courses/114-1/70151
游泳（一）,鄭國輝,70674,TA11119001,TANTNU095,選修,,"五 6,7",和平 游泳館1F大,3 類,,2,,https://course.ntu.edu.tw/courses/114-1/70674
桌球（一）,施亦婕,70675,TA11119002,TANTNU096,選修,,"二 6,7",和平 桌球室,3 類,,2,,https://course.ntu.edu.tw/courses/114-1/70675
體操（一）,張琪,70681,TA11119003,TANTNU101,選修,,"一 3,4",和平 體操房,3 類,,2,,https://course.ntu.edu.tw/courses/114-1/70681
棒（壘）球（一）,潘慈惠,70683,TA11119004,TANTNU103,選修,,"一 3,4",公館 操場二,3 類,,2,,https://course.ntu.edu.tw/courses/114-1/70683
棒（壘）球（一）,黃輝榮,70684,TA11119004,TANTNU103,選修,,"二 3,4",公館 操場二,3 類,,2,,https://course.ntu.edu.tw/courses/114-1/70684
體操（一）,張琪,70685,TA11119005,TANTNU104,選修,,"二 3,4",和平 體操房,3 類,,2,,https://course.ntu.edu.tw/courses/114-1/70685
游泳（一）,鄭國輝,70686,TA11119006,TANTNU105,選修,,"二 6,7",和平 游泳館1F大,3 類,,2,,https://course.ntu.edu.tw/courses/114-1/70686
科學的語言,蔡承志,70013,TA11120003,TA05UG010,,,"二 8,9",和平 誠203,3 類,,2,,https://course.ntu.edu.tw/courses/114-1/70013
體育（肌力與體能訓練初級）,楊云瑢,70062,TA11120005,TA20UP040,選修,,"五 6,7",和平 重量訓練室,3 類,,1,,https://course.ntu.edu.tw/courses/114-1/70062
體育（肌力與體能訓練初級）,楊云瑢,70063,TA11120005,TA20UP040,選修,,"五 8,9",和平 重量訓練室,3 類,,1,,https://course.ntu.edu.tw/courses/114-1/70063
體育（飛盤運動）,黃正杰,70068,TA11120007,TA20UP342,選修,,"三 8,9",公館 操場二,3 類,,1,,https://course.ntu.edu.tw/courses/114-1/70068
植物細胞組織培養,陳晶,70109,TA11120022,TABIC9062,選修,,"三 7,8,9",公館 Ｄ313,3 類,,3,,https://course.ntu.edu.tw/courses/114-1/70109
文化人類學研究,陳素秋,70113,TA11120023,TACEC0059,選修,,"四 3,4,5",和平 誠4樓公領系,3 類,,3,,https://course.ntu.edu.tw/courses/114-1/70113
永續管理研究,葉欣誠,70192,TA11120050,TAEEC8065,選修,,"四 7,8,9",公館 行304,3 類,,3,,https://course.ntu.edu.tw/courses/114-1/70192
財經英文與翻譯,李宜懃,70968,TA11120055,TAENU0220,選修,,"一 8,9",和平 正306,3 類,,2,,https://course.ntu.edu.tw/courses/114-1/70968
國際時事議題英文,曾於萱,70208,TA11120057,TAENU5013,選修,,"二 6,7",和平 正302,3 類,,2,,https://course.ntu.edu.tw/courses/114-1/70208
全球化與近代中國變遷專題研究,吳翎君,70260,TA11120072,TAHIC8021,選修,,"一 6,7,8",和平 歷史系研究,3 類,,3,,https://course.ntu.edu.tw/courses/114-1/70260
特殊教育專題研究,廖靜宜,70482,TA11120171,TASPC8018,選修,,"四 2,3,4",和平 特203,3 類,,3,,https://course.ntu.edu.tw/courses/114-1/70482
運算思維與程式設計,張凌倩,70018,TA11120177,TA05UG016,選修,,"一 9,10",和平 教401,3 類,,2,,https://course.ntu.edu.tw/courses/114-1/70018
運算思維與程式設計,張凌倩,70019,TA11120177,TA05UG016,選修,,"二 9,10",公館 理圖801,3 類,,2,,https://course.ntu.edu.tw/courses/114-1/70019
運算思維與程式設計,簡培修,70020,TA11120177,TA05UG016,選修,,"三 8,9",和平 教401,3 類,,2,,https://course.ntu.edu.tw/courses/114-1/70020
運算思維與程式設計,蔡明男,70021,TA11120177,TA05UG016,選修,,"四 6,7",和平 教401,3 類,,2,,https://course.ntu.edu.tw/courses/114-1/70021
運算思維與程式設計,邵森蘭,70022,TA11120177,TA05UG016,選修,,"四 6,7",公館 理圖801,3 類,,2,,https://course.ntu.edu.tw/courses/114-1/70022
運算思維與程式設計,蔡明男,70023,TA11120177,TA05UG016,選修,,"四 8,9",和平 教401,3 類,,2,,https://course.ntu.edu.tw/courses/114-1/70023
運算思維與程式設計,江政杰,70024,TA11120177,TA05UG016,選修,,"五 1,2",公館 理圖801,3 類,,2,,https://course.ntu.edu.tw/courses/114-1/70024
運算思維與程式設計,江政杰,70025,TA11120177,TA05UG016,選修,,"五 3,4",公館 理圖801,3 類,,2,,https://course.ntu.edu.tw/courses/114-1/70025
運算思維與程式設計,黃芳蘭,70026,TA11120177,TA05UG016,選修,,"五 9,10",公館 理圖801,3 類,,2,,https://course.ntu.edu.tw/courses/114-1/70026
基礎人體生理學,李明忠,70687,TA11120727,TANTNU111,選修,,"一 6,7,8",公館 Ｅ301,3 類,,3,,https://course.ntu.edu.tw/courses/114-1/70687
生活中的SDGs,蘇淑娟,70011,TA11210001,TA03UG047,選修,,"三 3,4",和平 誠307,3 類,,2,,https://course.ntu.edu.tw/courses/114-1/70011
資料科學與程式設計,林耘逸,70027,TA11210002,TA05UG017,選修,,"一 4,5",和平 誠205,3 類,,2,,https://course.ntu.edu.tw/courses/114-1/70027
試算表進階應用與程式設計,吳清輝,70028,TA11210003,TA05UG021,選修,,"三 3,4",和平 教402,3 類,,2,,https://course.ntu.edu.tw/courses/114-1/70028
試算表進階應用與程式設計,吳清輝,70029,TA11210003,TA05UG021,選修,,"三 6,7",和平 教401,3 類,,2,,https://course.ntu.edu.tw/courses/114-1/70029
學程式玩音樂,林宜徵,70030,TA11210004,TA05UG022,選修,,"二 3,4",和平 教402,3 類,,2,,https://course.ntu.edu.tw/courses/114-1/70030
數位音樂與聲音合成之基礎程式設計,林宜徵,70036,TA11210005,TA05UG027,選修,,"二 6,7",和平 教404,3 類,,2,,https://course.ntu.edu.tw/courses/114-1/70036
大數據程式設計,林政宏,70039,TA11210007,TA05UG030,選修,,"一 2,3,4",和平 教401,3 類,,3,,https://course.ntu.edu.tw/courses/114-1/70039
資料科學在教育上的應用,鍾明倫,70040,TA11210008,TA05UG031,選修,,"二 2,3,4",和平 教401,3 類,,3,,https://course.ntu.edu.tw/courses/114-1/70040
學習分析工具實務應用,陳俊豪,70041,TA11210009,TA05UG032,選修,,"四 7,8,9",和平 正202,3 類,,3,,https://course.ntu.edu.tw/courses/114-1/70041
藝術創作與程式設計,謝諭,70042,TA11210010,TA05UG033,選修,,"三 3,4",和平 正202,3 類,,2,,https://course.ntu.edu.tw/courses/114-1/70042
基礎儀器治療學,黃昱倫,70856,TA11210013,TA2EU0295,選修,,"三 3,4",和平 樸105,3 類,,2,,https://course.ntu.edu.tw/courses/114-1/70856
機器學習在教育上的應用,鍾明倫,70705,TA11210014,TAAEU0077,選修,,"四 2,3,4",和平 綜1001,3 類,,3,,https://course.ntu.edu.tw/courses/114-1/70705
當代藝術討論與分析（一）,蔡芷芬,70859,TA11210019,TAATU0277,選修,,"二 6,7",和平 美405,3 類,,2,,https://course.ntu.edu.tw/courses/114-1/70859
高等教育經濟研究,印永翔,70116,TA11210023,TACEC0085,選修,,"一 A,B,C",和平 誠4樓公領系,3 類,,3,,https://course.ntu.edu.tw/courses/114-1/70116
戶外活動（三）,蕭如軒,70726,TA11210024,TACEU0483,選修,,"一 3,4",和平 誠大樓公團,3 類,,2,,https://course.ntu.edu.tw/courses/114-1/70726
近現代旅行文學專題研究,陳室如,70133,TA11210026,TACHC8036,選修,,"一 7,8,9",和平 勤602,3 類,,3,,https://course.ntu.edu.tw/courses/114-1/70133
近代西洋思想史,陳建元,70274,TA11210050,TAHIU0397,選修,,"五 6,7",和平 誠306,3 類,,2,,https://course.ntu.edu.tw/courses/114-1/70274
學術電子資源管理,陳亞寧,70287,TA11210053,TAISC8011,選修,,"二 6,7,8",和平 圖資所研討,3 類,,3,,https://course.ntu.edu.tw/courses/114-1/70287
哲學批判與實作,古秀鈴,70301,TA11210058,TAL0C3001,選修,,"一 6,7",和平 誠204,3 類,,2,,https://course.ntu.edu.tw/courses/114-1/70301
價值創新與設計思維,蕭中強,70368,TA11210061,TAMBM0098,選修,,"一 2,3,4",和平 誠105,3 類,,3,,https://course.ntu.edu.tw/courses/114-1/70368
跨國企業併購談判,楊岡,70415,TA11210065,TAO5C9004,選修,,"一 2,3,4",和平 正102,3 類,,3,,https://course.ntu.edu.tw/courses/114-1/70415
半導體雷射,蘇益信,70421,TA11210066,TAOEC9113,選修,,"一 7,8,9",公館 Ｓ406,3 類,,3,,https://course.ntu.edu.tw/courses/114-1/70421
表演（三）,張仰瑄,70430,TA11210069,TAPAM0195,選修,,"三 3,4",和平 知音劇場,3 類,,2,,https://course.ntu.edu.tw/courses/114-1/70430
表演訓練（一）,張仰瑄,70688,TA11210070,TAPAU0063,選修,,"二 3,4",和平 知音劇場,3 類,,2,,https://course.ntu.edu.tw/courses/114-1/70688
西洋戲劇與劇場史,梁文菁,70832,TA11210071,TAPAU0079,選修,,"三 6,7",和平 表藝中心,3 類,,2,,https://course.ntu.edu.tw/courses/114-1/70832
商業空間設計（一）,長友大,70535,TA11210083,TAVDC9005,選修,,"二 9,10",和平 設計系2A教,3 類,,2,,https://course.ntu.edu.tw/courses/114-1/70535
３Ｄ動畫創作（一）,呂奇駿,70946,TA11210085,TAVDU0181,選修,,"一 3,4",和平 設計系3B教,3 類,,2,,https://course.ntu.edu.tw/courses/114-1/70946
動畫劇本創作,呂奇駿,70948,TA11210086,TAVDU0228,選修,,"一 5,6",和平 設計系3B教,3 類,,2,,https://course.ntu.edu.tw/courses/114-1/70948
進階產品設計（一）,梁桂嘉,70949,TA11210087,TAVDU0232,選修,,"二 6,7,8 / 五 2,3,4",,3 類,,6,,https://course.ntu.edu.tw/courses/114-1/70949
創新設計（一）,曾乙文,70851,TA11210088,TAVDU0253,選修,,"四 2,3,4",和平 設計系2B教,3 類,,3,,https://course.ntu.edu.tw/courses/114-1/70851
基礎模型製作（一）,蘇瀚,70698,TA11210089,TAVDU0263,選修,,"三 6,7",和平 設計系2A教,3 類,,2,,https://course.ntu.edu.tw/courses/114-1/70698
能源科技概論,林煜軒,70699,TA11210090,TAVEU0002,選修,,"四 3,4",和平 工教系會議,3 類,,2,,https://course.ntu.edu.tw/courses/114-1/70699
工程數學（一）,洪翊軒,70853,TA11210091,TAVEU0010,選修,,"四 6,7,8",和平 工501(TA501,3 類,,3,,https://course.ntu.edu.tw/courses/114-1/70853
熱力學（一）,陳韋任,70854,TA11210092,TAVEU0011,選修,,"二 2,3,4",和平 汽車工場B10,3 類,,3,,https://course.ntu.edu.tw/courses/114-1/70854
文學與電影,蘇榕,70411,TA11210898,TANTNU113,選修,,"四 2,3,4",和平 誠101,3 類,,3,,https://course.ntu.edu.tw/courses/114-1/70411
中英翻譯（一）,李宜懃,70973,TA11211878,TANTNU115,選修,,"一 6,7",和平 正306,3 類,,2,,https://course.ntu.edu.tw/courses/114-1/70973
中英翻譯（一）,李宜懃,70974,TA11211878,TANTNU115,選修,,"三 6,7",和平 正306,3 類,,2,,https://course.ntu.edu.tw/courses/114-1/70974
日本史,周東怡,70412,TA11211894,TANTNU116,選修,,"四 2,3,4",和平 誠306,3 類,,3,,https://course.ntu.edu.tw/courses/114-1/70412
英文臺灣文獻,賀安娟,70413,TA11211976,TANTNU117,選修,,"五 2,3,4",和平 正403,3 類,,3,,https://course.ntu.edu.tw/courses/114-1/70413
３Ｄ電腦動畫（一）,周賢彬,70828,TA11213167,TANTNU118,選修,,"一 6,7,8",和平 教401,3 類,,3,,https://course.ntu.edu.tw/courses/114-1/70828
室內設計（一）,長友大,70829,TA11213170,TANTNU119,選修,,"二 3,4",和平 設計系2B教,3 類,,2,,https://course.ntu.edu.tw/courses/114-1/70829
中國通史（上古）,陳健文,71545,TA11213173,TAHIU0380,選修,,"一 3,4",和平 正406,3 類,,2,,https://course.ntu.edu.tw/courses/114-1/71545
歌劇伴奏（一）,徐嘉琪,70380,TA11213175,TAMUC9004,選修,,"五 5,6",和平 音308,3 類,,2,,https://course.ntu.edu.tw/courses/114-1/70380
樂曲分析,黃苓瑄,70403,TA11213179,TAMUU0636,選修,,"一 6,7",和平 音209,3 類,,2,,https://course.ntu.edu.tw/courses/114-1/70403
營養學實驗,吳啟豪,70811,TA11213180,TANSU0008,選修,,"一 2,3,4",和平 勤001,3 類,,1,,https://course.ntu.edu.tw/courses/114-1/70811
預測學習,陳翔瀚,70164,TA11213182,TACSC9011,選修,,"二 7,8,9",公館 理圖001,3 類,,3,,https://course.ntu.edu.tw/courses/114-1/70164
食物製備原理,沈賜川,70669,TA11213187,TANSU0026,選修,,一 6,和平 勤001,3 類,,1,,https://course.ntu.edu.tw/courses/114-1/70669
食物製備實驗,沈賜川,70670,TA11213188,TANSU0045,選修,,"一 7,8,9",和平 勤001,3 類,,1,,https://course.ntu.edu.tw/courses/114-1/70670
表現技法（一）,林玠里,70849,TA11213189,TAVDU0246,選修,,"三 8,9",和平 設計系2B教,3 類,,2,,https://course.ntu.edu.tw/courses/114-1/70849
介面設計與使用者體驗（一）,黃莉庭,70852,TA11213190,TAVDU0269,選修,,"四 2,3,4",和平 綜913,3 類,,3,,https://course.ntu.edu.tw/courses/114-1/70852
學術寫作,謝秀卉,70049,TA11213194,TA0HUG011,選修,,"二 3,4",和平 樸306,3 類,,2,,https://course.ntu.edu.tw/courses/114-1/70049
動態平面設計（一）,李文閣,70947,TA11213195,TAVDU0187,選修,,"二 6,7,8",和平 綜913,3 類,,3,,https://course.ntu.edu.tw/courses/114-1/70947
國際關係概論,徐筱琦,71481,TA11213198,TAEAU0220,選修,,"一 2,3,4",和平 誠203,3 類,,3,,https://course.ntu.edu.tw/courses/114-1/71481
材料科學,程金保,70662,TA11213201,TAMTU0097,選修,,"四 2,3,4",和平 教103,3 類,,3,,https://course.ntu.edu.tw/courses/114-1/70662
音樂與我,趙菁文,70007,TA11220001,TA01UG038,,,"三 5,6",和平 音308,3 類,,2,,https://course.ntu.edu.tw/courses/114-1/70007
文本分析與程式設計,王祥安,70031,TA11220003,TA05UG023,選修,,"五 3,4",和平 教403,3 類,,2,,https://course.ntu.edu.tw/courses/114-1/70031
文本分析與程式設計,王祥安,70032,TA11220003,TA05UG023,選修,,"五 6,7",和平 教401,3 類,,2,,https://course.ntu.edu.tw/courses/114-1/70032
遊戲程式設計,劉建成,70033,TA11220004,TA05UG025,選修,,"二 6,7",公館 理圖801,3 類,,2,,https://course.ntu.edu.tw/courses/114-1/70033
遊戲程式設計,劉建成,70034,TA11220004,TA05UG025,選修,,"四 6,7",和平 教402,3 類,,2,,https://course.ntu.edu.tw/courses/114-1/70034
試算表與商務資料分析,劉建成,70037,TA11220005,TA05UG028,選修,,"二 3,4",公館 理圖801,3 類,,2,,https://course.ntu.edu.tw/courses/114-1/70037
試算表與商務資料分析,劉建成,70038,TA11220005,TA05UG028,選修,,"四 3,4",和平 教401,3 類,,2,,https://course.ntu.edu.tw/courses/114-1/70038
西方繪畫材料技法與臨摹（一）,鈴鴨富,70953,TA11220020,TAATU0353,選修,,"一 7,8,9",和平 美506,3 類,,3,,https://course.ntu.edu.tw/courses/114-1/70953
文化資產保存與活化（一）,江柏煒,70099,TA11220021,TAATU0357,選修,,"二 2,3,4",和平 綜10樓教室,3 類,,3,,https://course.ntu.edu.tw/courses/114-1/70099
山水創作基礎,管偉邦,70709,TA11220024,TAATU0364,選修,,"二 2,3,4",和平 美305,3 類,,3,,https://course.ntu.edu.tw/courses/114-1/70709
資料科學與管理決策,陳孟霆,70102,TA11220025,TABAC9001,選修,,"四 7,8,9",和平 誠108,3 類,,3,,https://course.ntu.edu.tw/courses/114-1/70102
學生事務諮詢理論與實務研究,劉若蘭,70117,TA11220028,TACEC8001,選修,,"四 8,9,10",和平 誠4樓公領系,3 類,,3,,https://course.ntu.edu.tw/courses/114-1/70117
初級越南文（一）,阮蓮香,70594,TA11220053,TAEAU0243,選修,,"二 3,4",和平 誠402,3 類,,2,,https://course.ntu.edu.tw/courses/114-1/70594
歐洲飲品文化傳播,蔡倩玟,70237,TA11220067,TAETM0090,選修,,"三 7,8,9",和平 博404,3 類,,3,,https://course.ntu.edu.tw/courses/114-1/70237
英國史,盧省言,70275,TA11220080,TAHIU0398,選修,,"四 2,3,4",和平 正406,3 類,,3,,https://course.ntu.edu.tw/courses/114-1/70275
專業實習,林巾力,70507,TA11220113,TATCC9001,選修,,"二 1,5 / 四 1,5",,3 類,,2,,https://course.ntu.edu.tw/courses/114-1/70507
生成式AI實務應用,尹相志,70046,TA11310003,TA05UG038,選修,,"三 3,4",和平 誠201,3 類,,2,,https://course.ntu.edu.tw/courses/114-1/70046
元宇宙敘事導論,羅凡晸,70050,TA11310004,TA0HUG253,選修,,"三 3,4",和平 教401,3 類,,2,,https://course.ntu.edu.tw/courses/114-1/70050
自主學習：自主探究,楊承山,70056,TA11310005,TA0SUG542,選修,,"三 A,B",和平 誠105,3 類,,2,,https://course.ntu.edu.tw/courses/114-1/70056
自主學習：自主探究,曾暐傑,70057,TA11310005,TA0SUG542,選修,,"三 A,B",和平 誠106,3 類,,2,,https://course.ntu.edu.tw/courses/114-1/70057
體育（柔道）,黃國恩,70058,TA11310006,TA20UP017,選修,,"三 8,9",和平 武術房一,3 類,,1,,https://course.ntu.edu.tw/courses/114-1/70058
柔道,黃國恩,70703,TA11310009,TA2EU0303,選修,,"三 6,7",和平 武術房一,3 類,,2,,https://course.ntu.edu.tw/courses/114-1/70703
藝術、文化、生活,陳淑華,70098,TA11310012,TAATC9020,選修,,"二 10,A,B",和平 美502,3 類,,3,,https://course.ntu.edu.tw/courses/114-1/70098
西方繪畫顏料製作,吳盈君,70101,TA11310013,TAATU0373,選修,,"一 2,3,4",和平 美506,3 類,,3,,https://course.ntu.edu.tw/courses/114-1/70101
商業分析程式語言,黃浩霆,70103,TA11310014,TABAC9002,選修,,"五 7,8,9",和平 誠302,3 類,,3,,https://course.ntu.edu.tw/courses/114-1/70103
生物醫學工程概論,陳怡辰,70110,TA11310015,TABIC9064,選修,,"五 8,9,10",公館 Ｓ302,3 類,,3,,https://course.ntu.edu.tw/courses/114-1/70110
童軍教育研究,蔡居澤,70551,TA11310018,TACEM0011,選修,,"四 8,9,10",和平 誠4樓公領系,3 類,,3,,https://course.ntu.edu.tw/courses/114-1/70551
引導反思研究,蔡居澤,70557,TA11310020,TACEM0186,選修,,"二 6,7,8",和平 誠4樓公領系,3 類,,3,,https://course.ntu.edu.tw/courses/114-1/70557
學生事務研究專業實踐,鍾明倫,70716,TA11310021,TACEM0187,選修,,"二 A,B,C",和平 誠4樓公領系,3 類,,3,,https://course.ntu.edu.tw/courses/114-1/70716
商事法,李元德,70865,TA11310022,TACEU0055,選修,,"五 6,7,8",和平 誠401,3 類,,3,,https://course.ntu.edu.tw/courses/114-1/70865
經驗教育概論,李晟瑋,70719,TA11310023,TACEU0326,選修,,"四 6,7",和平 誠大樓公團,3 類,,2,,https://course.ntu.edu.tw/courses/114-1/70719
金融市場,楊智元,70727,TA11310026,TACEU0494,選修,,"五 8,9,10",和平 綜210展覽廳,3 類,,3,,https://course.ntu.edu.tw/courses/114-1/70727
體驗教育平面活動,謝宜蓉,70728,TA11310027,TACEU0500,選修,,"五 1,2",和平 誠大樓公團,3 類,,2,,https://course.ntu.edu.tw/courses/114-1/70728
公民與社會學習評量,鍾明倫,70871,TA11310028,TACEU0502,選修,,"三 6,7",和平 誠401,3 類,,2,,https://course.ntu.edu.tw/courses/114-1/70871
社會領域課程概論,王錦雀,70959,TA11310029,TACEU0507,選修,,"五 3,4",和平 誠104,3 類,,2,,https://course.ntu.edu.tw/courses/114-1/70959
綜合活動領域教學與評量,徐秀婕,70872,TA11310030,TACEU0510,選修,,"一 8,9",和平 誠大樓公團,3 類,,2,,https://course.ntu.edu.tw/courses/114-1/70872
文人型態與物質文化專題,林宜蓉,70134,TA11310031,TACHC8043,選修,,"四 7,8,9",和平 勤601,3 類,,3,,https://course.ntu.edu.tw/courses/114-1/70134
出版實務產業實習,張晏瑞,70135,TA11310033,TACHU0347,選修,,"一 8,9,10",和平 樸305,3 類,,2,,https://course.ntu.edu.tw/courses/114-1/70135
昭明文選,林淑雲,70889,TA11310039,TACHU0382,選修,,"二 6,7",和平 樸305,3 類,,2,,https://course.ntu.edu.tw/courses/114-1/70889
媒體與華語教學,簡瑛瑛,70144,TA11310040,TACLC8004,選修,,"四 7,8,9",和平 綜901,3 類,,3,,https://course.ntu.edu.tw/courses/114-1/70144
兩岸僑務,陳嘉凌,70967,TA11310046,TACLU1073,選修,,"二 2,3,4",和平 樸206,3 類,,3,,https://course.ntu.edu.tw/courses/114-1/70967
儀器分析化學,陳重佑,70155,TA11310047,TACMU0195,選修,,"三 7,8,9",公館 Ｅ202,3 類,,3,,https://course.ntu.edu.tw/courses/114-1/70155
類比數位運算元件,王超,70166,TA11310048,TACSU0049,選修,,"二 2 / 五 8,9",,3 類,,3,,https://course.ntu.edu.tw/courses/114-1/70166
韓國文化研究：媒體，文化和社會,洪攸善,70181,TA11310053,TAEAC9023,選修,,"三 6,7",和平 正201,3 類,,2,,https://course.ntu.edu.tw/courses/114-1/70181
企業永續之趨勢與內涵,葉欣誠,70193,TA11310058,TAEEC8073,選修,,"三 7,8,9",公館 行304,3 類,,3,,https://course.ntu.edu.tw/courses/114-1/70193
臺灣史研討：全球與地方脈絡,陳南旭,70266,TA11310070,TAHIC9039,選修,,"三 6,7,8",和平 歷史系視聽,3 類,,3,,https://course.ntu.edu.tw/courses/114-1/70266
商用日文,簡嘉菁,70314,TA11310075,TAL0U1017,選修,,"二 5,6",和平 正206,3 類,,2,,https://course.ntu.edu.tw/courses/114-1/70314
初級客語（一）,左春香,70340,TA11310077,TAL0U6001,選修,,"二 6,7",和平 正303,3 類,,2,,https://course.ntu.edu.tw/courses/114-1/70340
客家歷史與文化概論,謝淑熙,70342,TA11310078,TAL0U6005,選修,,"一 3,4",和平 樸105,3 類,,2,,https://course.ntu.edu.tw/courses/114-1/70342
客家當代音樂,姜雲玉,70343,TA11310079,TAL0U6006,選修,,"四 3,4",和平 正403,3 類,,2,,https://course.ntu.edu.tw/courses/114-1/70343
臺灣客語區域差異,廖芳瀅,70344,TA11310080,TAL0U6007,選修,,"一 8,9",和平 樸204,3 類,,2,,https://course.ntu.edu.tw/courses/114-1/70344
新聞客語,廖芳瀅,70345,TA11310081,TAL0U6009,選修,,"三 6,7",和平 樸302,3 類,,2,,https://course.ntu.edu.tw/courses/114-1/70345
學習動機與策略,張欣怡,70352,TA11310083,TALSU0054,選修,,"三 6,7,8",和平 誠109,3 類,,3,,https://course.ntu.edu.tw/courses/114-1/70352
實驗設計與分析,蔡碧紋,70367,TA11310087,TAMAC9050,選修,,"二 2,3,4",公館 數學館M210,3 類,,3,,https://course.ntu.edu.tw/courses/114-1/70367
AI科技的社會治理,王維菁,70373,TA11310088,TAMCM0126,選修,,"一 3,4,5",和平 綜7樓大傳所,3 類,,3,,https://course.ntu.edu.tw/courses/114-1/70373
科技與人本設計,蕭維傑,70374,TA11310089,TAMCM0127,選修,,"二 7,8,9",和平 綜7樓大傳所,3 類,,3,,https://course.ntu.edu.tw/courses/114-1/70374
進階電腦音樂（一）,陳家輝,70387,TA11310092,TAMUC9030,選修,,"三 5,6",和平 音410,3 類,,2,,https://course.ntu.edu.tw/courses/114-1/70387
營養與免疫,洪永瀚,70405,TA11310093,TANSC9003,選修,,"四 2,3,4",公館 Ｓ406,3 類,,3,,https://course.ntu.edu.tw/courses/114-1/70405
老人營養研究,阮氏金,70406,TA11310094,TANSC9005,選修,,"五 2,3,4",公館 Ｓ403,3 類,,3,,https://course.ntu.edu.tw/courses/114-1/70406
藝企合作,范聖韜,70431,TA11310099,TAPAM0205,選修,,"三 2,3,4",和平 美術館501,3 類,,3,,https://course.ntu.edu.tw/courses/114-1/70431
第一原理計算在固態物理的應用,齋藤理,70464,TA11310104,TAPHC8046,選修,,"五 6,7,8,9",公館 Ｆ105,3 類,,1,,https://course.ntu.edu.tw/courses/114-1/70464
身心障礙者醫療、心理與社會專題研究,吳亭芳,70468,TA11310105,TARCM0064,選修,,"一 2,3,4",和平 特B111,3 類,,3,,https://course.ntu.edu.tw/courses/114-1/70468
先進電腦叢集架構與科學計算實作,林俊鈺,70469,TA11310107,TAS0C9002,選修,,"五 7,8,9",公館 Ｂ101,3 類,,3,,https://course.ntu.edu.tw/courses/114-1/70469
配器法,趙菁文,70386,TA11310703,TAMUC9028,選修,,"四 8,9",和平 音樂系演奏,3 類,,2,,https://course.ntu.edu.tw/courses/114-1/70386
日常醫學英文,陳乃嫻,70903,TA11312349,TAENU0347,選修,,"五 6,7,8",和平 正302,3 類,,3,,https://course.ntu.edu.tw/courses/114-1/70903
移民研究,楊秉煌,71540,TA11312352,TACLM0054,選修,,"一 2,3,4",和平 正106,3 類,,3,,https://course.ntu.edu.tw/courses/114-1/71540
臺灣古地圖專題研究,陳宗仁,70523,TA11312353,TATHM0091,選修,,"一 6,7",和平 勤308,3 類,,2,,https://course.ntu.edu.tw/courses/114-1/70523
運動技術分析,蔡虔祿,70855,TA11312359,TA2EU0034,選修,,"四 8,9",和平 樸105,3 類,,2,,https://course.ntu.edu.tw/courses/114-1/70855
保存維護科學（三）,陳東和,71480,TA11312360,TAATM0056,選修,,"四 10,A,B",和平 美506,3 類,,3,,https://course.ntu.edu.tw/courses/114-1/71480
指揮法（一）,戴怡音,71475,TA11318802,TANTNU127,選修,,"二 3,4",和平 音308,3 類,,2,,https://course.ntu.edu.tw/courses/114-1/71475
體育（扯鈴）,李宗翰,70059,TA11320009,TA20UP031,選修,,"一 3,4",和平 大韻律教室,3 類,,1,,https://course.ntu.edu.tw/courses/114-1/70059
體育（扯鈴）,李宗翰,70060,TA11320009,TA20UP031,選修,,"五 1,2",和平 武術房一,3 類,,1,,https://course.ntu.edu.tw/courses/114-1/70060
體育（抱石運動）,Philip,70064,TA11320010,TA20UP042,選修,,"一 6,7",和平 體001,3 類,,1,,https://course.ntu.edu.tw/courses/114-1/70064
金融科技與應用,鍾建屏,70105,TA11320024,TABAU0070,選修,,"四 2,3,4",和平 教202會議廳,3 類,,3,,https://course.ntu.edu.tw/courses/114-1/70105
學生事務專題研究,劉若蘭,70713,TA11320032,TACED0071,選修,,"二 6,7,8",和平 誠4樓公領系,3 類,,3,,https://course.ntu.edu.tw/courses/114-1/70713
日本文化史概論,王文萱,70595,TA11320064,TAEAU0248,選修,,"一 2,3,4",和平 正201,3 類,,3,,https://course.ntu.edu.tw/courses/114-1/70595
客語音標與記音,廖芳瀅,70346,TA11320099,TAL0U6010,選修,,"四 8,9",和平 樸404,3 類,,2,,https://course.ntu.edu.tw/courses/114-1/70346
客語課程設計,廖芳瀅,70347,TA11320100,TAL0U6011,選修,,"四 6,7",和平 勤301,3 類,,2,,https://course.ntu.edu.tw/courses/114-1/70347
英文（一）,陳惠芬,70001,TA11410001,TA00UB7A2,選修,,"五 7,6",和平 正404,3 類,,2,,https://course.ntu.edu.tw/courses/114-1/70001
當代社會與文化關鍵議題,何家騏,70010,TA11410002,TA03UG045,選修,,"三 3,4",和平 誠305,3 類,,2,,https://course.ntu.edu.tw/courses/114-1/70010
網頁程式設計入門,周遵儒,70043,TA11410003,TA05UG034,選修,,"三 9,10",和平 綜1001,3 類,,2,,https://course.ntu.edu.tw/courses/114-1/70043
全民國防教育軍事訓練－國防政策,侯昭原,70077,TA11410004,TAADU0002,選修,,"四 1,2",公館 Ｅ101,3 類,,0,,https://course.ntu.edu.tw/courses/114-1/70077
全民國防教育軍事訓練－國防政策,侯昭原,70078,TA11410004,TAADU0002,選修,,"四 3,4",公館 Ｅ101,3 類,,0,,https://course.ntu.edu.tw/courses/114-1/70078
全民國防教育軍事訓練－防衛動員,劉麗君,70079,TA11410005,TAADU0004,選修,,"三 6,7",和平 誠101,3 類,,0,,https://course.ntu.edu.tw/courses/114-1/70079
全民國防教育軍事訓練－防衛動員,劉麗君,70080,TA11410005,TAADU0004,選修,,"三 8,9",和平 誠101,3 類,,0,,https://course.ntu.edu.tw/courses/114-1/70080
全民國防教育軍事訓練－國防科技,周建志,70081,TA11410006,TAADU0005,選修,,"一 1,2",和平 誠201,3 類,,0,,https://course.ntu.edu.tw/courses/114-1/70081
全民國防教育軍事訓練－國防科技,周建志,70082,TA11410006,TAADU0005,選修,,"四 1,2",和平 誠203,3 類,,0,,https://course.ntu.edu.tw/courses/114-1/70082
藝術策展實踐與理論,謝佩君,70091,TA11410007,TAAHM0800,選修,,"三 7,8,9",和平 青田406室,3 類,,3,,https://course.ntu.edu.tw/courses/114-1/70091
版畫、書籍與地圖：1500年左右歐洲的複製藝,Candid,70092,TA11410008,TAAHM0801,選修,,"一 7,8,9",和平 青田406室,3 類,,3,,https://course.ntu.edu.tw/courses/114-1/70092
全球冷戰與東亞藝術,賴毓芝,70093,TA11410009,TAAHM0802,選修,,"四 7,8,9",和平 青田406室,3 類,,3,,https://course.ntu.edu.tw/courses/114-1/70093
當代藝術專題研究,魏竹君,70096,TA11410010,TAATC0310,選修,,"四 2,3,4",和平 美301,3 類,,3,,https://course.ntu.edu.tw/courses/114-1/70096
藝術大師小故事,陳淑華,70097,TA11410011,TAATC9018,選修,,"三 10,A,B",和平 美502,3 類,,3,,https://course.ntu.edu.tw/courses/114-1/70097
藝術批評,魏竹君,70861,TA11410012,TAATU0340,選修,,"五 3,4",和平 美301,3 類,,2,,https://course.ntu.edu.tw/courses/114-1/70861
現代美術史,趙可卿,70100,TA11410013,TAATU0369,選修,,"二 8,9",和平 美405,3 類,,2,,https://course.ntu.edu.tw/courses/114-1/70100
企業概論,林舒柔,70106,TA11410014,TABAU0072,選修,,"三 A,B,C",和平 誠302,3 類,,3,,https://course.ntu.edu.tw/courses/114-1/70106
電子計算機之應用,劉秀嫚,70112,TA11410015,TACEC0058,選修,,"三 5,6,7",和平 教404,3 類,,3,,https://course.ntu.edu.tw/courses/114-1/70112
團體動力學研究,王伯宇,70118,TA11410016,TACEC8002,選修,,"一 5,6,7",和平 誠4樓公領系,3 類,,3,,https://course.ntu.edu.tw/courses/114-1/70118
國文教科書編撰,鍾宗憲,70136,TA11410020,TACHU0352,選修,,"三 6,7",和平 樸203,3 類,,2,,https://course.ntu.edu.tw/courses/114-1/70136
中國思想名著選讀（二）,郭芳如,70137,TA11410021,TACHU0357,選修,,"三 8,9",和平 樸203,3 類,,2,,https://course.ntu.edu.tw/courses/114-1/70137
中國現當代文學,朱雯琪,70138,TA11410022,TACHU0368,選修,,"五 2,3,4",和平 樸303,3 類,,3,,https://course.ntu.edu.tw/courses/114-1/70138
楚辭,郭乃禎,70749,TA11410023,TACHU0383,選修,,"三 6,7",和平 樸303,3 類,,2,,https://course.ntu.edu.tw/courses/114-1/70749
語言學入門,理克,70139,TA11410024,TACHU0385,選修,,"二 3,4",和平 正204,3 類,,2,,https://course.ntu.edu.tw/courses/114-1/70139
語言、文化與認知,理克,70140,TA11410025,TACHU0386,選修,,"二 6,7",和平 樸205,3 類,,2,,https://course.ntu.edu.tw/courses/114-1/70140
語言、社會與文學：語料庫及現代科技的視野,理克,70141,TA11410026,TACHU0387,選修,,"三 3,4",和平 樸302,3 類,,2,,https://course.ntu.edu.tw/courses/114-1/70141
英語世界中的中國哲學,郭芳如,70750,TA11410027,TACHU0388,選修,,"四 8,9",和平 樸203,3 類,,2,,https://course.ntu.edu.tw/courses/114-1/70750
華語語系文化專題研究,簡瑛瑛,70149,TA11410028,TACLD0036,選修,,"三 7,8,9",和平 博1003,3 類,,3,,https://course.ntu.edu.tw/courses/114-1/70149
電腦輔助語言教學專題研究,籃玉如,70150,TA11410029,TACLD0042,選修,,"二 8,9,10",和平 綜903,3 類,,3,,https://course.ntu.edu.tw/courses/114-1/70150
中國文學史,邱詩雯,70583,TA11410030,TACLU0115,選修,,"一 1,2",和平 正306,3 類,,2,,https://course.ntu.edu.tw/courses/114-1/70583
中國文學史,邱詩雯,70584,TA11410030,TACLU0115,選修,,"一 3,4",和平 正306,3 類,,2,,https://course.ntu.edu.tw/courses/114-1/70584
瞭解東亞海洋爭端,王冠雄,70180,TA11410031,TAEAC9021,選修,,"二 2,3,4",和平 正303,3 類,,3,,https://course.ntu.edu.tw/courses/114-1/70180
東亞文學與電影：創傷與記憶,林書媺,70182,TA11410032,TAEAC9026,選修,,"三 6,7,8",和平 正405,3 類,,3,,https://course.ntu.edu.tw/courses/114-1/70182
永續行銷與品牌管理,施友元,70194,TA11410033,TAEEC8080,選修,,"四 2,3,4",公館 Ｓ506,3 類,,3,,https://course.ntu.edu.tw/courses/114-1/70194
英語人際溝通技巧,常紹如,70210,TA11410034,TAENU5015,選修,,"四 8,9",和平 正305,3 類,,2,,https://course.ntu.edu.tw/courses/114-1/70210
英語討論與思辨知能,曾於萱,70211,TA11410035,TAENU5016,選修,,"二 8,9",和平 正302,3 類,,2,,https://course.ntu.edu.tw/courses/114-1/70211
高等東亞區域地質,李通藝,70221,TA11410036,TAESC8055,選修,,"四 7,8,9",公館 Ｃ401,3 類,,3,,https://course.ntu.edu.tw/courses/114-1/70221
地球科學數值方法,王重傑,70230,TA11410037,TAESC9054,選修,,"三 6,7 / 四 6",,3 類,,3,,https://course.ntu.edu.tw/courses/114-1/70230
Python 在天文學的應用,李悅寧,70231,TA11410038,TAESU0225,選修,,"一 3,4,5",公館 理圖802,3 類,,3,,https://course.ntu.edu.tw/courses/114-1/70231
全球研究導論（一）,邱愷欣,70603,TA11410039,TAGBU0001,選修,,"三 6,7,8",和平 綜202演講廳,3 類,,3,,https://course.ntu.edu.tw/courses/114-1/70603
國際關係入門,孫國祥,70604,TA11410040,TAGBU0003,選修,,"四 9,10,A",和平 誠306,3 類,,3,,https://course.ntu.edu.tw/courses/114-1/70604
政治學,巫俊穎,70775,TA11410041,TAGBU0008,選修,,"三 6,7,8",和平 正204,3 類,,3,,https://course.ntu.edu.tw/courses/114-1/70775
媒體與社會,邱愷欣,70776,TA11410042,TAGBU0011,選修,,"二 2,3,4",和平 正101,3 類,,3,,https://course.ntu.edu.tw/courses/114-1/70776
正義與人權,黃獻寬,70777,TA11410043,TAGBU0012,選修,,"一 6,7,8",和平 綜210展覽廳,3 類,,3,,https://course.ntu.edu.tw/courses/114-1/70777
東亞歷史中的貨幣與市場專題研究,黑田明,70261,TA11410044,TAHIC8029,選修,,"三 3,4",和平 歷史系視聽,3 類,,2,,https://course.ntu.edu.tw/courses/114-1/70261
中國傳統法律、文化與社會研討,陳俊強,70267,TA11410045,TAHIC9044,選修,,"五 2,3,4",和平 歷史系視聽,3 類,,3,,https://course.ntu.edu.tw/courses/114-1/70267
視覺行為分析,蔡孟蓉,70283,TA11410049,TAICC8007,選修,,"四 7,8,9",和平 教1011,3 類,,3,,https://course.ntu.edu.tw/courses/114-1/70283
技職教育職涯發展研究,詹育,70285,TA11410050,TAIEM0411,選修,,"二 5,6",和平 工教系會議,3 類,,2,,https://course.ntu.edu.tw/courses/114-1/70285
資訊行為研究,成維寧,70288,TA11410051,TAISC8016,選修,,"五 6,7,8",和平 圖資所研討,3 類,,3,,https://course.ntu.edu.tw/courses/114-1/70288
雙語與科技教育,嚴萬軒,70296,TA11410052,TAITC9013,選修,,"四 7,8,9",和平 科技系TB212,3 類,,3,,https://course.ntu.edu.tw/courses/114-1/70296
科技與工程教育比較專題研究,林坤誼,70298,TA11410053,TAITD0044,選修,,"四 2,3,4",和平 科技系TB212,3 類,,3,,https://course.ntu.edu.tw/courses/114-1/70298
人力績效科技研究,嚴萬軒,70299,TA11410054,TAITM0062,選修,,"三 2,3,4",和平 科技系TB211,3 類,,3,,https://course.ntu.edu.tw/courses/114-1/70299
電影、政治與哲學,林淑芬,70337,TA11410055,TAL0U3015,選修,,"四 A,B",和平 誠304,3 類,,2,,https://course.ntu.edu.tw/courses/114-1/70337
中級客語（一）,左春香,70341,TA11410056,TAL0U6003,選修,,"二 8,9",和平 正303,3 類,,2,,https://course.ntu.edu.tw/courses/114-1/70341
臺灣客家史,曾建元,70348,TA11410057,TAL0U6013,選修,,"五 6,7",和平 樸403,3 類,,2,,https://course.ntu.edu.tw/courses/114-1/70348
客語會話與口說,廖芳瀅,70350,TA11410059,TAL0U6018,選修,,"三 8,9",和平 正306,3 類,,2,,https://course.ntu.edu.tw/courses/114-1/70350
客家文化概論,廖芳瀅,70351,TA11410060,TAL0U6020,選修,,"一 6,7",和平 樸205,3 類,,2,,https://course.ntu.edu.tw/courses/114-1/70351
幾何與拓樸學（二）,林俊吉,70360,TA11410061,TAMAC8020,選修,,"一 2,3,4",公館 數學館M212,3 類,,3,,https://course.ntu.edu.tw/courses/114-1/70360
計數組合專題（一）,游森棚,70361,TA11410062,TAMAC8035,選修,,"二 2,3,4",公館 數學館M310,3 類,,3,,https://course.ntu.edu.tw/courses/114-1/70361
調和分析,司靈得,70362,TA11410063,TAMAC8039,選修,,"三 2,3 / 四 8",,3 類,,3,,https://course.ntu.edu.tw/courses/114-1/70362
大數據與資訊視覺化,蔣旭政,70369,TA11410064,TAMCC9002,選修,,"一 7,8,9",和平 教403,3 類,,3,,https://course.ntu.edu.tw/courses/114-1/70369
數位公關廣告策略與規劃,林慧斐,70370,TA11410065,TAMCC9005,選修,,"二 3,4,5",和平 綜7樓大傳所,3 類,,3,,https://course.ntu.edu.tw/courses/114-1/70370
高等振動學,楊啟榮,70376,TA11410066,TAMTC8004,選修,,"五 2,3,4",和平 機電302會議,3 類,,3,,https://course.ntu.edu.tw/courses/114-1/70376
永續應用專題,遲淑華,70416,TA11410067,TAO5C9008,選修,,"四 6,7,8",和平 雲608,3 類,,3,,https://course.ntu.edu.tw/courses/114-1/70416
固態物理,柯伯尼,70420,TA11410069,TAOEC9103,選修,,"二 2,3,4",公館 Ｓ307,3 類,,3,,https://course.ntu.edu.tw/courses/114-1/70420
表面物理,柯伯尼,70422,TA11410070,TAOEC9118,選修,,"三 7,8,9",公館 Ｓ307,3 類,,3,,https://course.ntu.edu.tw/courses/114-1/70422
PASSION遠距教學實習,胡翠君,70456,TA11410071,TAPGUZ006,選修,,"一 8,9",公館 理圖802,3 類,,2,,https://course.ntu.edu.tw/courses/114-1/70456
科學教育與傳播的未來： AI理論與實踐,林志鴻,70476,TA11410073,TASEC9002,選修,,"四 2,3,4",公館 系所自排,3 類,,3,,https://course.ntu.edu.tw/courses/114-1/70476
科學與數學理論,賴以威,70693,TA11410075,TASTD0005,選修,,"二 3,4",和平 系所自排,3 類,,2,,https://course.ntu.edu.tw/courses/114-1/70693
口語語料庫,莊育穎,70503,TA11410076,TATCC2038,選修,,"四 2,3,4",和平 雲306會議室,3 類,,3,,https://course.ntu.edu.tw/courses/114-1/70503
跨文化溝通與全球公民素養,胡翠君,70517,TA11410077,TATEU0005,選修,,"四 2,3,4",和平 教312,3 類,,3,,https://course.ntu.edu.tw/courses/114-1/70517
荷屬福爾摩沙,康培德,70518,TA11410078,TATHC9004,選修,,"二 2,3,4",和平 勤308,3 類,,3,,https://course.ntu.edu.tw/courses/114-1/70518
《西遊記》及其英譯的問題（一）,李奭學,70530,TA11410079,TATIC8018,選修,,"五 7,8,9",和平 譯505,3 類,,3,,https://course.ntu.edu.tw/courses/114-1/70530
電動車輛檢修技術,張俊興,70539,TA11410083,TAVEC9011,選修,,"二 6,7,8",和平 汽車場一樓,3 類,,3,,https://course.ntu.edu.tw/courses/114-1/70539
人工智慧與應用,陳韋任,70540,TA11410084,TAVEU0024,選修,,"二 6,7,8",和平 工教系複合,3 類,,3,,https://course.ntu.edu.tw/courses/114-1/70540
微處理機,劉華棟,70541,TA11410085,TAVEU0029,選修,,"五 6,7,8",和平 汽車工場B10,3 類,,3,,https://course.ntu.edu.tw/courses/114-1/70541
東亞海域史專題研究,康培德,70414,TA11411716,TANTNU132,選修,,"一 2,3,4",和平 勤308,3 類,,3,,https://course.ntu.edu.tw/courses/114-1/70414
數位動畫創作研究,黃心健,71422,TA11411717,TAVDM0037,選修,,"一 2,3,4",和平 教404,3 類,,3,,https://course.ntu.edu.tw/courses/114-1/71422
管理與電影,田正利,71432,TA11411718,TA03UG029,選修,,"一 6,7",和平 誠302,3 類,,2,,https://course.ntu.edu.tw/courses/114-1/71432
產業分析,田正利,71437,TA11411719,TACEU0496,選修,,"一 8,9,10",和平 誠301,3 類,,3,,https://course.ntu.edu.tw/courses/114-1/71437
聲樂（副修）七,林孟君,71442,TA11411720,TAMUU0285,選修,,,,3 類,,,,https://course.ntu.edu.tw/courses/114-1/71442
物理教材教法（教）,陳育霖,71467,TA11411721,TAPHUE001,選修,,"五 9,10",公館 Ｓ303,3 類,,2,,https://course.ntu.edu.tw/courses/114-1/71467
平面設計專題研究,MARKUS,71462,TA11411722,TAVDM0025,選修,,"二 6,7,8,9,10,A,B,C",和平 設計系6A教,3 類,,3,,https://course.ntu.edu.tw/courses/114-1/71462
臺灣原住民族文化展演,王宏豪,71483,TA11411723,TA04UG036,選修,,"二 6,7",和平 誠201,3 類,,2,,https://course.ntu.edu.tw/courses/114-1/71483
教育哲學,洪仁進,71493,TA11411724,TAEDU0155,選修,,"一 3,4",和平 教312,3 類,,2,,https://course.ntu.edu.tw/courses/114-1/71493
攝影,張國治,71496,TA11411726,TAATU6013,選修,,"一 9,10",和平 美301,3 類,,2,,https://course.ntu.edu.tw/courses/114-1/71496
中國通史（近世）,陳昭揚,71497,TA11411727,TAHIU0342,選修,,"二 8,9",和平 誠401,3 類,,2,,https://course.ntu.edu.tw/courses/114-1/71497
近代物理探索與應用（一）,陳啟明,71499,TA11411728,TAPHU0264,選修,,四 3,公館 Ｓ602,3 類,,1,,https://course.ntu.edu.tw/courses/114-1/71499
近代物理學（一）,陳啟明,71579,TA11412902,TANTNU133,選修,,"二 3,4 / 四 4",,3 類,,3,,https://course.ntu.edu.tw/courses/114-1/71579
秦史,陳健文,71513,TA11412903,TAHIU0391,選修,,"三 8,9,10",和平 誠306,3 類,,3,,https://course.ntu.edu.tw/courses/114-1/71513
華人社會與文化研究,楊聰榮,71525,TA11412904,TACLC8076,選修,,"四 2,3,4",和平 綜901,3 類,,3,,https://course.ntu.edu.tw/courses/114-1/71525
災變管理與社會工作專題,黃盈豪,71544,TA11412906,TASWM0097,選修,,"三 A,B,C",和平 樸SW504,3 類,,3,,https://course.ntu.edu.tw/courses/114-1/71544
可撓性電子材料與元件,張天立,71551,TA11412907,TAMTC9017,選修,,"五 2,3,4",和平 機電301會議,3 類,,3,,https://course.ntu.edu.tw/courses/114-1/71551
奈米科學與技術導論,葉乃裳,71558,TA11412908,TAPHC9027,選修,,,,3 類,,1,,https://course.ntu.edu.tw/courses/114-1/71558
一九四五年以後之音樂研究（一）,林梅芳,71568,TA11412909,TAMUC8009,選修,,"五 7,8",和平 音209,3 類,,2,,https://course.ntu.edu.tw/courses/114-1/71568
建築設計(一),游育寧,70986,TB10310018,TBAD11013,選修,,"二 2,3,4,5,6,7,8,9",RB-708,3 類,,3,,https://course.ntu.edu.tw/courses/114-1/70986
建築圖學,黃健勇,70987,TB10310019,TBAD12037,選修,,"三 7,8,9",華夏建築館B302,3 類,,3,,https://course.ntu.edu.tw/courses/114-1/70987
建築圖學,趙夢琳,70988,TB10310019,TBAD12037,選修,,"四 7,8,9",華夏建築館B302,3 類,,3,,https://course.ntu.edu.tw/courses/114-1/70988
設計素描(一),陳彥廷,70989,TB10310021,TBAD12053,選修,,"一 2,3,4",TR-517,3 類,,1,,https://course.ntu.edu.tw/courses/114-1/70989
設計素描(一),李佳玫,70990,TB10310021,TBAD12053,選修,,"一 2,3,4",T4-302,3 類,,1,,https://course.ntu.edu.tw/courses/114-1/70990
西洋建築史,邱奕旭,70997,TB10310027,TBAD23013,選修,,"一 2,3,4",TR-514,3 類,,3,,https://course.ntu.edu.tw/courses/114-1/70997
西洋建築史,彭英麗,70998,TB10310027,TBAD23013,選修,,"一 2,3,4",TR-609,3 類,,3,,https://course.ntu.edu.tw/courses/114-1/70998
結構行為(二),蔡孟廷,70999,TB10310028,TBAD24023,選修,,"二 2,3,4",TR-413-1,3 類,,3,,https://course.ntu.edu.tw/courses/114-1/70999
結構行為(二),吳啟哲,71000,TB10310028,TBAD24023,選修,,"二 2,3,4",TR-513,3 類,,3,,https://course.ntu.edu.tw/courses/114-1/71000
建築計畫,楊馥妃,71001,TB10310029,TBAD25013,選修,,"三 6,7,8",TR-210,3 類,,3,,https://course.ntu.edu.tw/courses/114-1/71001
建築計畫,吳啟哲,71002,TB10310029,TBAD25013,選修,,"三 6,7,8",T4-404,3 類,,3,,https://course.ntu.edu.tw/courses/114-1/71002
室內空間計劃,林昱安,71003,TB10310030,TBAD25027,選修,,"二 10,8,9",IB-409-1,3 類,,3,,https://course.ntu.edu.tw/courses/114-1/71003
色彩學,吳榮梅,71004,TB10310033,TBAD31197,選修,,"一 6,7,8",TR-311,3 類,,3,,https://course.ntu.edu.tw/courses/114-1/71004
室內空間設計(一),李佳玫,71005,TB10310034,TBAD31217,選修,,"一 10,6,7,8,9",RB-708(C1)(C4),3 類,,3,,https://course.ntu.edu.tw/courses/114-1/71005
工程估價,張柏超,71008,TB10310036,TBAD32047,選修,,"三 A,B,C",TR-413-1,3 類,,3,,https://course.ntu.edu.tw/courses/114-1/71008
環境控制系統(二),鄭政利,71009,TB10310037,TBAD32053,選修,,"一 6,7,8",TR-312,3 類,,3,,https://course.ntu.edu.tw/courses/114-1/71009
環境控制系統(二),詹肇裕,71010,TB10310037,TBAD32053,選修,,"一 6,7,8",T4-303,3 類,,3,,https://course.ntu.edu.tw/courses/114-1/71010
電腦在建築上之應用(一),林裕傑,71012,TB10310040,TBAD37017,選修,,"五 10,8,9",RB-509,3 類,,3,,https://course.ntu.edu.tw/courses/114-1/71012
建築構造,林慶元,71013,TB10310041,TBAD39033,選修,,"四 2,3,4",TR-514,3 類,,3,,https://course.ntu.edu.tw/courses/114-1/71013
建築構造,廖硃岑,71014,TB10310041,TBAD39033,選修,,"四 2,3,4",TR-515,3 類,,3,,https://course.ntu.edu.tw/courses/114-1/71014
建築與土地整體開發策略,蔡清徽,71019,TB10310051,TBAD51277,選修,,"四 2,3,4",IB-601-2,3 類,,3,,https://course.ntu.edu.tw/courses/114-1/71019
3D掃瞄在建築上之應用,施乃中,71030,TB10310071,TBAD56097,選修,,"一 2,3,4",RB-707,3 類,,3,,https://course.ntu.edu.tw/courses/114-1/71030
成本會計,張鳳真,71044,TB10310094,TBBA22083,選修,,"三 2,3,4",TR-513,3 類,,3,,https://course.ntu.edu.tw/courses/114-1/71044
中等會計學(一),吳宗翰,71045,TB10310096,TBBA23017,選修,,"一 A,B,C",IB-307,3 類,,3,,https://course.ntu.edu.tw/courses/114-1/71045
談判學,許重博,71047,TB10310099,TBBA29117,選修,,"四 A,B,C",TR-212,3 類,,3,,https://course.ntu.edu.tw/courses/114-1/71047
創新與創業實務,許奉文,71051,TB10310111,TBBA42067,選修,,"四 2,3,4",T3-303,3 類,,3,,https://course.ntu.edu.tw/courses/114-1/71051
策略理論研討(一),洪東敏,71057,TB10310132,TBBA64057,選修,,"三 5,6,7",MA-206,3 類,,3,,https://course.ntu.edu.tw/courses/114-1/71057
企業研究方法論,林孟彥,71061,TB10310140,TBBA76017,選修,,"四 A,B,C",MA-519,3 類,,3,,https://course.ntu.edu.tw/courses/114-1/71061
組織理論,鄭仁偉,71062,TB10310141,TBBA78057,選修,,"四 2,3,4",MA-520,3 類,,3,,https://course.ntu.edu.tw/courses/114-1/71062
醫療器材設計導論,林上智,71063,TB10310143,TBBB20157,選修,,"三 2,3,4",IB-504,3 類,,3,,https://course.ntu.edu.tw/courses/114-1/71063
機器學習與生醫影像,王靖維,71069,TB10310148,TBBE50247,選修,,"四 10,8,9",TR-611,3 類,,3,,https://course.ntu.edu.tw/courses/114-1/71069
生醫影像程式設計,王靖維,71072,TB10310153,TBBE50437,選修,,"二 2,3,4",TR-836,3 類,,3,,https://course.ntu.edu.tw/courses/114-1/71072
資訊工程導論,花凱龍,71576,TB10310286,TBCS10053,選修,,"五 10,8,9",TR-312,3 類,,3,,https://course.ntu.edu.tw/courses/114-1/71576
計算機網路概論,馮輝文,71423,TB10310294,TBCS30043,選修,,"一 1,2 / 三 3",,3 類,,3,,https://course.ntu.edu.tw/courses/114-1/71423
作業系統,謝仁偉,71083,TB10310296,TBCS30093,選修,,"一 6,7 / 二 8",,3 類,,3,,https://course.ntu.edu.tw/courses/114-1/71083
建物一體太陽光電之設計與施工,楊錦懷,71532,TB10310386,TBCT58177,選修,,"四 2,3,4",E2-412,3 類,,3,,https://course.ntu.edu.tw/courses/114-1/71532
結構可靠性分析,陳瑞華,71088,TB10310389,TBCT60037,選修,,"四 5,6,7",IB-409-1,3 類,,3,,https://course.ntu.edu.tw/courses/114-1/71088
基本設計(一),鄭司維,71092,TB10310398,TBDT10113,選修,,"四 6,7,8",E2-324,3 類,,3,,https://course.ntu.edu.tw/courses/114-1/71092
基礎電腦輔助設計(一),何昀芳,71489,TB10310399,TBDT10133,選修,,"一 6,7,8",E2-318,3 類,,3,,https://course.ntu.edu.tw/courses/114-1/71489
3D材質、燈光與特效(一),曹陶甬,71096,TB10310415,TBDT26257,選修,,"二 2,3,4",E2-318,3 類,,3,,https://course.ntu.edu.tw/courses/114-1/71096
人因工程,駱信昌,71548,TB10310416,TBDT32033,選修,,"一 2,3,4",TR-412-2,3 類,,3,,https://course.ntu.edu.tw/courses/114-1/71548
服務創新與設計,王思如,71100,TB10310428,TBDT36367,選修,,"五 2,3,4",TR-609,3 類,,3,,https://course.ntu.edu.tw/courses/114-1/71100
網路廣告,陳俊安,71101,TB10310429,TBDT45017,選修,,"一 6,7,8",E2-323,3 類,,3,,https://course.ntu.edu.tw/courses/114-1/71101
微分方程,劉益華,71533,TB10310459,TBEE20113,選修,,"四 8,9 / 五 1",,3 類,,3,,https://course.ntu.edu.tw/courses/114-1/71533
電力系統,吳啟瑞,71520,TB10310467,TBEE32083,選修,,"二 2 / 三 3,4",,3 類,,3,,https://course.ntu.edu.tw/courses/114-1/71520
數位系統設計實習,陳勇志,71571,TB10310475,TBEE34093,選修,,"四 10,8,9",T2-101,3 類,,1,,https://course.ntu.edu.tw/courses/114-1/71571
超大型積體電路測試與可測試性設計,呂學坤,71572,TB10310499,TBEE50377,選修,,"五 6,7,8",TR-212,3 類,,3,,https://course.ntu.edu.tw/courses/114-1/71572
交換式電能轉換器分析及設計,王見銘,71534,TB10310501,TBEE50427,選修,,"五 6,7,8",IB-408,3 類,,3,,https://course.ntu.edu.tw/courses/114-1/71534
遊戲式數位學習,侯惠澤,71118,TB10310544,TBEN57157,選修,,"四 5,6,7",TR-617,3 類,,3,,https://course.ntu.edu.tw/courses/114-1/71118
電路學(一),黃仁宏,71424,TB10310578,TBET21033,選修,,"一 6,7 / 四 7",,3 類,,3,,https://course.ntu.edu.tw/courses/114-1/71424
電子學(一),林益如,71425,TB10310579,TBET21073,選修,,"一 2,3 / 二 2",,3 類,,3,,https://course.ntu.edu.tw/courses/114-1/71425
電子學(一),林益如,71468,TB10310579,TBET21073,選修,,"一 4 / 二 3,4",,3 類,,3,,https://course.ntu.edu.tw/courses/114-1/71468
工程數學(一),賴坤財,71427,TB10310581,TBET30013,選修,,"二 3,4 / 四 6",,3 類,,3,,https://course.ntu.edu.tw/courses/114-1/71427
工程數學(一),王蒼容,71469,TB10310581,TBET30013,選修,,"三 3 / 四 3,4",,3 類,,3,,https://course.ntu.edu.tw/courses/114-1/71469
線性系統,鄭瑞光,71522,TB10310584,TBET31053,選修,,"二 3 / 四 6,7",,3 類,,3,,https://course.ntu.edu.tw/courses/114-1/71522
微算機原理及應用,吳?賢,71476,TB10310586,TBET34033,選修,,"三 6,7 / 五 6",,3 類,,3,,https://course.ntu.edu.tw/courses/114-1/71476
微算機原理及應用,林淵翔,71428,TB10310586,TBET34033,選修,,"三 6,7 / 五 6",,3 類,,3,,https://course.ntu.edu.tw/courses/114-1/71428
計算機組織,阮聖彰,71124,TB10310589,TBET35027,選修,,"一 1 / 五 1,2",,3 類,,3,,https://course.ntu.edu.tw/courses/114-1/71124
電子學實習(一),林景源,71470,TB10310590,TBET37063,選修,,"一 10,8,9",EE-701,3 類,,1,,https://course.ntu.edu.tw/courses/114-1/71470
固態照明實習,蘇忠傑,71128,TB10310608,TBET48073,選修,,"五 6,7,8",EE-812,3 類,,1,,https://course.ntu.edu.tw/courses/114-1/71128
類比積體電路設計,陳伯奇,71129,TB10310613,TBET51157,選修,,"一 2,3,4",IB-401,3 類,,3,,https://course.ntu.edu.tw/courses/114-1/71129
資料轉換積體電路,鍾勇輝,71130,TB10310615,TBET51197,選修,,"四 6,7,8",IB-307,3 類,,3,,https://course.ntu.edu.tw/courses/114-1/71130
無線通訊,鄭瑞光,71133,TB10310638,TBET62077,選修,,"二 6,7,8",IB-602-2,3 類,,3,,https://course.ntu.edu.tw/courses/114-1/71133
企業併購,張琬喻,71135,TB10310643,TBFB21027,選修,,"四 2,3,4",IB-602-2,3 類,,3,,https://course.ntu.edu.tw/courses/114-1/71135
基礎理財規劃實務,曹淑玉,71138,TB10310647,TBFB36027,選修,,"五 7,8,9",TR-511,3 類,,3,,https://course.ntu.edu.tw/courses/114-1/71138
語言學概論(一),謝育芬,71142,TB10310681,TBFL10063,選修,,"一 3,4",TR-409-1,3 類,,2,,https://course.ntu.edu.tw/courses/114-1/71142
科技英文,黃子玲,71143,TB10310683,TBFL10107,選修,,"五 2,3,4",IB-511-2,3 類,,3,,https://course.ntu.edu.tw/courses/114-1/71143
英語演講(一),Aaron,71144,TB10310685,TBFL20033,選修,,"四 6,7",RB-201,3 類,,2,,https://course.ntu.edu.tw/courses/114-1/71144
英語口語訓練(一),Aaron,71145,TB10310698,TBFL32013,選修,,"二 6,7",RB-201,3 類,,2,,https://course.ntu.edu.tw/courses/114-1/71145
英語口語訓練(一),Aaron,71146,TB10310698,TBFL32013,選修,,"二 8,9",RB-201,3 類,,2,,https://course.ntu.edu.tw/courses/114-1/71146
進階西班牙文(一),馮志宇,71149,TB10310712,TBFL38007,選修,,"五 3,4",TR-412-1,3 類,,2,,https://course.ntu.edu.tw/courses/114-1/71149
進階日文(一),王敏東,71150,TB10310713,TBFL38057,選修,,"一 6,7",T4-404,3 類,,2,,https://course.ntu.edu.tw/courses/114-1/71150
進階日文(一),劉慧玲,71151,TB10310713,TBFL38057,選修,,"四 8,9",TR-612,3 類,,2,,https://course.ntu.edu.tw/courses/114-1/71151
進階法文(一),陳宜君,71152,TB10310716,TBFL38137,選修,,"二 8,9",TR-512,3 類,,2,,https://course.ntu.edu.tw/courses/114-1/71152
國際現勢,鄭大誠,71174,TB10310746,TBGE34073,選修,,"二 8,9",TR-509,3 類,,2,,https://course.ntu.edu.tw/courses/114-1/71174
性別與法律,張宏誠,71175,TB10310748,TBGE36043,選修,,"五 6,7",TR-413-2,3 類,,2,,https://course.ntu.edu.tw/courses/114-1/71175
智慧財產權法概要,陳丁章,71176,TB10310749,TBGE36053,選修,,"五 1,2",TR-412-2,3 類,,2,,https://course.ntu.edu.tw/courses/114-1/71176
藝術賞析,盧廷清,71200,TB10310762,TBGE39003,選修,,"五 8,9",TR-209,3 類,,2,,https://course.ntu.edu.tw/courses/114-1/71200
藝術賞析,鄭治桂,71201,TB10310762,TBGE39003,選修,,"四 3,4",TR-209,3 類,,2,,https://course.ntu.edu.tw/courses/114-1/71201
法律與生活,陳星宏,71203,TB10310764,TBGE39043,選修,,"二 3,4",T4-302,3 類,,2,,https://course.ntu.edu.tw/courses/114-1/71203
管理概論,賴明政,71204,TB10310765,TBGE39073,選修,,"四 1,2",TR-311,3 類,,2,,https://course.ntu.edu.tw/courses/114-1/71204
管理概論,賴明政,71205,TB10310765,TBGE39073,選修,,"四 3,4",TR-311,3 類,,2,,https://course.ntu.edu.tw/courses/114-1/71205
統計學(一),林希偉,71214,TB10310802,TBIM30033,選修,,"二 2,3,4",MA-101,3 類,,3,,https://course.ntu.edu.tw/courses/114-1/71214
統計學(一),葉瑞徽,71215,TB10310802,TBIM30033,選修,,"五 6,7,8",MA-010,3 類,,3,,https://course.ntu.edu.tw/courses/114-1/71215
經濟學,黃庭鍾,71216,TB10310808,TBIM33013,選修,,"一 6,7,8",TR-310-1,3 類,,3,,https://course.ntu.edu.tw/courses/114-1/71216
經濟學,呂仁廣,71217,TB10310808,TBIM33013,選修,,"一 6,7,8",IB-512,3 類,,3,,https://course.ntu.edu.tw/courses/114-1/71217
工作研究,林承哲,71221,TB10310815,TBIM44033,選修,,"一 8,9",IB-304,3 類,,2,,https://course.ntu.edu.tw/courses/114-1/71221
電子化企業概論,曾世賢,71222,TB10310818,TBIM46203,選修,,"二 3,4",IB-410-1,3 類,,2,,https://course.ntu.edu.tw/courses/114-1/71222
電子化企業概論,歐陽超,71223,TB10310818,TBIM46203,選修,,"一 8,9",MA-010,3 類,,2,,https://course.ntu.edu.tw/courses/114-1/71223
電子化企業概論實習,曾世賢,71224,TB10310819,TBIM46243,選修,,"一 8,9",MA-215,3 類,,1,,https://course.ntu.edu.tw/courses/114-1/71224
電子化企業概論實習,歐陽超,71225,TB10310819,TBIM46243,選修,,"二 3,4",MA-215,3 類,,1,,https://course.ntu.edu.tw/courses/114-1/71225
工作研究實習,許聿靈,71226,TB10310820,TBIM47033,選修,,"二 6,7",MA-010,3 類,,1,,https://course.ntu.edu.tw/courses/114-1/71226
工作研究實習,林承哲,71227,TB10310820,TBIM47033,選修,,"三 6,7",MA-010,3 類,,1,,https://course.ntu.edu.tw/courses/114-1/71227
品質管理,王福琨,71228,TB10310821,TBIM47043,選修,,"三 6,7,8",TR-209,3 類,,3,,https://course.ntu.edu.tw/courses/114-1/71228
品質管理,葉瑞徽,71229,TB10310821,TBIM47043,選修,,"三 6,7,8",MA-207,3 類,,3,,https://course.ntu.edu.tw/courses/114-1/71229
馬可夫決策過程,水谷英,71230,TB10310835,TBIM61067,選修,,"一 6,7,8",MA-417,3 類,,3,,https://course.ntu.edu.tw/courses/114-1/71230
應用機率模型,水谷英,71232,TB10310840,TBIM71037,選修,,"五 6,7,8",MA-417,3 類,,3,,https://course.ntu.edu.tw/courses/114-1/71232
企業倫理,何建韋,71234,TB10310852,TBMA56007,選修,,"四 6,7,8",TR-513,3 類,,3,,https://course.ntu.edu.tw/courses/114-1/71234
溝通與表達,胡家紋,71240,TB10310887,TBMBG2043,選修,,"一 6,7",TR-209,3 類,,2,,https://course.ntu.edu.tw/courses/114-1/71240
溝通與表達,胡家紋,71241,TB10310887,TBMBG2043,選修,,"五 6,7",TR-209,3 類,,2,,https://course.ntu.edu.tw/courses/114-1/71241
電腦輔助設計概論,林清安,71510,TB10310901,TBME32077,選修,,"五 6,7,8",E1-223,3 類,,3,,https://course.ntu.edu.tw/courses/114-1/71510
機械設計,謝宏麟,71511,TB10310902,TBME32113,選修,,"二 10,3,4",E1-470,3 類,,3,,https://course.ntu.edu.tw/courses/114-1/71511
製造學,何羽健,71492,TB10310906,TBME33003,選修,,"二 2 / 三 3,4",,3 類,,3,,https://course.ntu.edu.tw/courses/114-1/71492
機械實習(二)-電子與自控領域,張以全,71550,TB10310914,TBME35093,選修,,"一 6,7,8",華夏機械館G407,3 類,,1,,https://course.ntu.edu.tw/courses/114-1/71550
自動控制(一),黃安橋,71535,TB10310915,TBME36043,選修,,"四 6 / 五 1,2",,3 類,,3,,https://course.ntu.edu.tw/courses/114-1/71535
傳導熱傳學,溫琮毅,71255,TB10310955,TBME57057,選修,,"一 8 / 三 6,7",,3 類,,3,,https://course.ntu.edu.tw/courses/114-1/71255
計算機概論,黃政嘉,71557,TB10310987,TBMI10063,選修,,"三 2,3,4",TR-310-1,3 類,,3,,https://course.ntu.edu.tw/courses/114-1/71557
服務導向企業系統管理,魏小蘭,71262,TB10311010,TBMI52157,選修,,"三 6,7,8",IB-601-1,3 類,,3,,https://course.ntu.edu.tw/courses/114-1/71262
多媒體系統,楊傳凱,71263,TB10311013,TBMI53007,選修,,"一 6,7,8",MA-303,3 類,,3,,https://course.ntu.edu.tw/courses/114-1/71263
智慧財產鑑價方法,蔡鴻文,71267,TB10311038,TBPA51437,選修,,"五 2,3,4",TR-829,3 類,,3,,https://course.ntu.edu.tw/courses/114-1/71267
活力合唱（一）,王維君,71271,TB10311060,TBTCG0033,選修,,"二 6,7,8",RB-105,3 類,,3,,https://course.ntu.edu.tw/courses/114-1/71271
科技與法律,陳曉慧,71380,TB10311072,TBTM62007,選修,,"三 2,3,4",TR-812,3 類,,3,,https://course.ntu.edu.tw/courses/114-1/71380
結晶與繞射導論,周賢鎧,71385,TB10311085,TBTX16083,選修,,"二 4 / 三 1,2",,3 類,,3,,https://course.ntu.edu.tw/courses/114-1/71385
工程數學(一),Hairus,71392,TB10311093,TBTX30033,選修,,"一 2 / 三 3,4",,3 類,,3,,https://course.ntu.edu.tw/courses/114-1/71392
材料實驗(一),黃欣萍,71393,TB10311098,TBTX37093,選修,,"二 6,7,8",E1-243,3 類,,1,,https://course.ntu.edu.tw/courses/114-1/71393
材料實驗(二),徐秀蘭,71394,TB10311099,TBTX41043,選修,,"一 6,7,8",E1-134,3 類,,1,,https://course.ntu.edu.tw/courses/114-1/71394
材料實驗(三),黃欣萍,71395,TB10311100,TBTX41063,選修,,"一 10,8,9",E1-243,3 類,,1,,https://course.ntu.edu.tw/courses/114-1/71395
材料物理性質,陳詩芸,71396,TB10311101,TBTX41163,選修,,"二 6,7 / 四 6",,3 類,,3,,https://course.ntu.edu.tw/courses/114-1/71396
材料物理性質,Hairus,71397,TB10311101,TBTX41163,選修,,"二 6,7 / 四 6",,3 類,,3,,https://course.ntu.edu.tw/courses/114-1/71397
半導體材料物理,蔡孟霖,71398,TB10311103,TBTX41193,選修,,"一 2,3 / 三 6",,3 類,,3,,https://course.ntu.edu.tw/courses/114-1/71398
半導體材料物理,王秋燕,71399,TB10311103,TBTX41193,選修,,"一 2,3 / 三 6",,3 類,,3,,https://course.ntu.edu.tw/courses/114-1/71399
軟物質科學,Adhimo,71407,TB10311112,TBTX48097,選修,,"二 10 / 四 8,9",,3 類,,3,,https://course.ntu.edu.tw/courses/114-1/71407
網路學習心理學,王淑玲,71414,TB10311137,TBVE57027,選修,,"四 7,8,9",T4-405,3 類,,3,,https://course.ntu.edu.tw/courses/114-1/71414
數位學習文獻分析與應用策略,黃國禎,71416,TB10311139,TBVE57267,選修,,"一 7,8,9",T4-405,3 類,,3,,https://course.ntu.edu.tw/courses/114-1/71416
數位建築,謝倩玲,71015,TB10320013,TBAD41097,選修,,"四 6,7,8",IB-602-2,3 類,,3,,https://course.ntu.edu.tw/courses/114-1/71015
電腦圖學導論,賴祐吉,71084,TB10320037,TBCS30267,選修,,"三 6,7,8",LB-001,3 類,,3,,https://course.ntu.edu.tw/courses/114-1/71084
音樂與身心靈管理,蘇金輝,71180,TB10320106,TBGE36533,選修,,"三 2,3,4",T4-404,3 類,,3,,https://course.ntu.edu.tw/courses/114-1/71180
音樂與身心靈管理,蘇金輝,71181,TB10320106,TBGE36533,選修,,"四 2,3,4",T4-404,3 類,,3,,https://course.ntu.edu.tw/courses/114-1/71181
光學熱流量測技術,田維欣,71257,TB10320121,TBME58137,選修,,"五 2,3,4",T3-302,3 類,,3,,https://course.ntu.edu.tw/courses/114-1/71257
網頁製作,許莉莆,71259,TB10320125,TBMI21057,選修,,"一 2,3,4",RB-509,3 類,,3,,https://course.ntu.edu.tw/courses/114-1/71259
產業競爭與全球科技政策分析,何秀青,71384,TB10320150,TBTM65337,選修,,"四 5,6,7",TR-812,3 類,,3,,https://course.ntu.edu.tw/courses/114-1/71384
全民國防教育軍事訓練－全民國防,廖天威,70979,TB10410001,TB3C20017,選修,,"五 8,9",EE-407,3 類,,0,,https://course.ntu.edu.tw/courses/114-1/70979
全民國防教育軍事訓練－防衛動員,廖天威,70980,TB10410002,TB3C20027,選修,,"四 10,9",TR-213,3 類,,0,,https://course.ntu.edu.tw/courses/114-1/70980
全民國防教育軍事訓練－國防政策,廖天威,70981,TB10410003,TB3C20037,選修,,"三 8,9",EE-407,3 類,,0,,https://course.ntu.edu.tw/courses/114-1/70981
建築設計(三),徐基耀,70996,TB10410004,TBAD20013,選修,,"二 8,9 / 四 10,3,4,5,6,7,8,9",,3 類,,5,,https://course.ntu.edu.tw/courses/114-1/70996
造型藝術與創意美學,吳榮梅,71031,TB10410009,TBADG0153,選修,,"三 10,9",TR-312,3 類,,2,,https://course.ntu.edu.tw/courses/114-1/71031
心靈提升實作,果鏡法,71274,TB10410060,TBTCG0353,選修,,"六 3,4",,3 類,,2,,https://course.ntu.edu.tw/courses/114-1/71274
親近經典智慧,釋見咸,71275,TB10410062,TBTCG0373,選修,,"二 10,9",IB-503,3 類,,2,,https://course.ntu.edu.tw/courses/114-1/71275
自我察覺與人際互動,徐泰國,71276,TB10410063,TBTCG0383,選修,,"五 3,4",TR-411,3 類,,2,,https://course.ntu.edu.tw/courses/114-1/71276
自我察覺與人際互動,徐泰國,71277,TB10410063,TBTCG0383,選修,,"五 6,7",TR-214,3 類,,2,,https://course.ntu.edu.tw/courses/114-1/71277
性別與社會福利,郭育吟,71281,TB10410068,TBTCG0463,選修,,"五 6,7",T4-302,3 類,,2,,https://course.ntu.edu.tw/courses/114-1/71281
養生醫學,李兆麟,71282,TB10410069,TBTCG0473,選修,,三 5,TR-210,3 類,,1,,https://course.ntu.edu.tw/courses/114-1/71282
養生醫學,陳重光,71283,TB10410069,TBTCG0473,選修,,三 7,TR-411,3 類,,1,,https://course.ntu.edu.tw/courses/114-1/71283
雜誌編輯與學習,梁欣如,71284,TB10410070,TBTCG0483,選修,,"三 10,9",TR-616,3 類,,2,,https://course.ntu.edu.tw/courses/114-1/71284
批判互動設計,梁容輝,71105,TB10420055,TBDT56327,選修,,"一 6,7,8",T4-406,3 類,,3,,https://course.ntu.edu.tw/courses/114-1/71105
文學與電影,許榮哲,71273,TB10420104,TBTCG0343,選修,,"四 A,B,C",AU-101,3 類,,2,,https://course.ntu.edu.tw/courses/114-1/71273
投資理財實務,胡冠域,71285,TB10420111,TBTCG0573,選修,,"三 A,B",TR-313,3 類,,2,,https://course.ntu.edu.tw/courses/114-1/71285
數位合作學習,陳秀玲,71418,TB10420119,TBVE57307,選修,,"二 3,4,5",T4-301,3 類,,3,,https://course.ntu.edu.tw/courses/114-1/71418
跨領域實務專題(一),,71269,TB10420123,TBTC10047,選修,,,,3 類,,2,,https://course.ntu.edu.tw/courses/114-1/71269
文藝發展與流行音樂文化,馬世芳,71272,TB10420127,TBTCG0333,選修,,"一 A,B,C",AU-101,3 類,,2,,https://course.ntu.edu.tw/courses/114-1/71272
國際行銷,盛麗慧,71055,TB10420129,TBBA62027,選修,,"三 10,8,9",MA-520,3 類,,3,,https://course.ntu.edu.tw/courses/114-1/71055
全民國防教育軍事訓練－國防科技,劉鐵軍,70982,TB10510001,TB3C20047,選修,,"二 8,9",TR-310-1,3 類,,0,,https://course.ntu.edu.tw/courses/114-1/70982
全民國防教育軍事訓練－國防科技,劉鐵軍,70983,TB10510001,TB3C20047,選修,,"四 10,9",TR-409-1,3 類,,0,,https://course.ntu.edu.tw/courses/114-1/70983
形式組構,黃健勇,70991,TB10510002,TBAD13027,選修,,"一 6,7,8",RB-911,3 類,,3,,https://course.ntu.edu.tw/courses/114-1/70991
綠建築評估系統,蔡欣君,71027,TB10510006,TBAD53257,選修,,"五 2,3,4",TR-613,3 類,,3,,https://course.ntu.edu.tw/courses/114-1/71027
應用視覺光學,陳建宇,71077,TB10510014,TBCI52227,選修,,"五 6,7,8",IB-602-1,3 類,,3,,https://course.ntu.edu.tw/courses/114-1/71077
語言測驗與評量,鄧慧君,71163,TB10510026,TBFL39177,選修,,"一 2,3,4",T4-301,3 類,,3,,https://course.ntu.edu.tw/courses/114-1/71163
刑法概要,鍾鳳玲,71178,TB10510028,TBGE36073,選修,,"五 6,7",TR-610,3 類,,2,,https://course.ntu.edu.tw/courses/114-1/71178
近代東亞視覺與文化史,張世瑛,71183,TB10510033,TBGE37103,選修,,"三 6,7",TR-311,3 類,,2,,https://course.ntu.edu.tw/courses/114-1/71183
近代東亞視覺與文化史,張世瑛,71184,TB10510033,TBGE37103,選修,,"三 8,9",TR-311,3 類,,2,,https://course.ntu.edu.tw/courses/114-1/71184
中國與東亞文明史,王瑞傑,71185,TB10510036,TBGE37143,選修,,"五 6,7",TR-412-1,3 類,,2,,https://course.ntu.edu.tw/courses/114-1/71185
中國與東亞文明史,王瑞傑,71186,TB10510036,TBGE37143,選修,,"五 8,9",TR-412-1,3 類,,2,,https://course.ntu.edu.tw/courses/114-1/71186
人類文明起源史,趙潤昌,71187,TB10510037,TBGE37193,選修,,"二 1,2",TR-510,3 類,,2,,https://course.ntu.edu.tw/courses/114-1/71187
人類文明起源史,趙潤昌,71188,TB10510037,TBGE37193,選修,,"二 6,7",TR-509,3 類,,2,,https://course.ntu.edu.tw/courses/114-1/71188
藝術創作與心靈探索,鄭淑文,71189,TB10510038,TBGE37233,選修,,"三 6,7",TR-609,3 類,,2,,https://course.ntu.edu.tw/courses/114-1/71189
藝術創作與心靈探索,鄭淑文,71190,TB10510038,TBGE37233,選修,,"三 8,9",TR-609,3 類,,2,,https://course.ntu.edu.tw/courses/114-1/71190
近代中國史與文創運用,吳淑鳳,71192,TB10510039,TBGE37243,選修,,"三 8,9",TR-412-1,3 類,,2,,https://course.ntu.edu.tw/courses/114-1/71192
口語表達,傅汝洋,71286,TB10510058,TBTCG0633,選修,,"二 10,9",T4-304,3 類,,2,,https://course.ntu.edu.tw/courses/114-1/71286
消費者保護法,林瑞珠,71193,TB10520039,TBGE37253,選修,,"四 3,4",TR-211,3 類,,2,,https://course.ntu.edu.tw/courses/114-1/71193
智慧財產權之侵害與救濟,陳怡婷,71209,TB10520040,TBIB20427,選修,,"三 2,3,4",TR-833,3 類,,3,,https://course.ntu.edu.tw/courses/114-1/71209
高等工程數學,趙振綱,71250,TB10520044,TBME50027,選修,,"四 2,3,4",E1-306,3 類,,3,,https://course.ntu.edu.tw/courses/114-1/71250
經濟學：市場與趨勢,徐茂炫,71287,TB10520054,TBTCG0653,選修,,"四 6,7",T4-303,3 類,,2,,https://course.ntu.edu.tw/courses/114-1/71287
領導與生活,洪正和,71288,TB10520057,TBTCG0683,選修,,"一 10,9",TR-409-1,3 類,,2,,https://course.ntu.edu.tw/courses/114-1/71288
數位藝術設計,張博智,71196,TB10520075,TBGE37293,選修,,"四 6,7",TR-311,3 類,,2,,https://course.ntu.edu.tw/courses/114-1/71196
數位藝術設計,張博智,71197,TB10520075,TBGE37293,選修,,"四 8,9",TR-311,3 類,,2,,https://course.ntu.edu.tw/courses/114-1/71197
跨領域實務專題(二),,71270,TB10520080,TBTC10057,選修,,,,3 類,,2,,https://course.ntu.edu.tw/courses/114-1/71270
創意生活企畫,陳彥廷,70993,TB10610001,TBAD13047,選修,,"一 6,7,8",TR-515,3 類,,3,,https://course.ntu.edu.tw/courses/114-1/70993
建築皮層構築,施宣光,71024,TB10610002,TBAD52247,選修,,"五 10,8,9",RB-508,3 類,,3,,https://course.ntu.edu.tw/courses/114-1/71024
木構造建築解析,蔡孟廷,71028,TB10610003,TBAD53267,選修,,"四 2,3,4",TR-510,3 類,,3,,https://course.ntu.edu.tw/courses/114-1/71028
策展設計與企劃,邱乾?,71103,TB10610012,TBDT49247,選修,,"二 A,B,C",TR-409-2,3 類,,3,,https://course.ntu.edu.tw/courses/114-1/71103
台灣電資產業論壇與工程倫理,許恆壽,71117,TB10610013,TBECG0033,選修,,"四 A,B,C",RB-105,3 類,,2,,https://course.ntu.edu.tw/courses/114-1/71117
光電積體電路,李三良,71131,TB10610015,TBET52127,選修,,"四 6,7,8",IB-511-1,3 類,,3,,https://course.ntu.edu.tw/courses/114-1/71131
行為財務學,張琬喻,71171,TB10610021,TBFN54027,選修,,"三 2,3,4",IB-601-1,3 類,,3,,https://course.ntu.edu.tw/courses/114-1/71171
網際網路與法律,林瑞珠,71179,TB10610023,TBGE36123,選修,,"四 6,7",T4-302,3 類,,2,,https://course.ntu.edu.tw/courses/114-1/71179
文學與人生,王志浩,71182,TB10610024,TBGE37003,選修,,"五 6,7",TR-609,3 類,,2,,https://course.ntu.edu.tw/courses/114-1/71182
生死議題與臨終關懷,吳淑貞,71289,TB10610033,TBTCG0723,選修,,"一 6,7",TR-411,3 類,,2,,https://course.ntu.edu.tw/courses/114-1/71289
藥物傳輸系統,高震宇,71066,TB10620006,TBBE50067,選修,,"二 2,3,4",TR-612,3 類,,3,,https://course.ntu.edu.tw/courses/114-1/71066
金融實務與法規,王宏瑞,71140,TB10620020,TBFB36067,選修,,"五 A,B,C",TR-212,3 類,,3,,https://course.ntu.edu.tw/courses/114-1/71140
觀光日文,林益泓,71153,TB10620024,TBFL38317,選修,,"五 1,2",TR-615,3 類,,2,,https://course.ntu.edu.tw/courses/114-1/71153
逐步口譯,陳安頎,71165,TB10620025,TBFL40067,選修,,"三 2,3,4",RB-301,3 類,,3,,https://course.ntu.edu.tw/courses/114-1/71165
民法概要,李子聿,71177,TB10620028,TBGE36063,選修,,"一 1,2",TR-515,3 類,,2,,https://course.ntu.edu.tw/courses/114-1/71177
大數據與程式設計導論,李啟龍,71290,TB10620040,TBTCG0783,,,"一 10,9",TR-309,3 類,,2,,https://course.ntu.edu.tw/courses/114-1/71290
領導與溝通,王淑俐,71291,TB10620042,TBTCG0803,選修,,"三 10,9",TR-610,3 類,,2,,https://course.ntu.edu.tw/courses/114-1/71291
情感與法律,徐泰國,71293,TB10620044,TBTCG0833,選修,,"一 8,9",TR-213,3 類,,2,,https://course.ntu.edu.tw/courses/114-1/71293
基礎互動設計(一),余能豪,71097,TB10710018,TBDT26317,選修,,"一 6,7,8",RB-411,3 類,,3,,https://course.ntu.edu.tw/courses/114-1/71097
數位美學,梁容輝,71099,TB10710019,TBDT36277,選修,,"五 6,7,8",E2-318,3 類,,3,,https://course.ntu.edu.tw/courses/114-1/71099
水處理技術,胡蒨傑,71122,TB10710024,TBEN66107,選修,,"一 6,7,8",TR-509,3 類,,3,,https://course.ntu.edu.tw/courses/114-1/71122
電子化企業,魏小蘭,71260,TB10710034,TBMI51127,選修,,"四 2,3,4",IB-602-1,3 類,,3,,https://course.ntu.edu.tw/courses/114-1/71260
文化與社會,江志宏,71292,TB10710036,TBTCG0823,選修,,"一 10,9",TR-310-1,3 類,,2,,https://course.ntu.edu.tw/courses/114-1/71292
從韓流文化看韓國社會,黃身安,71295,TB10710037,TBTCG0853,選修,,"五 6,7",IB-608,3 類,,2,,https://course.ntu.edu.tw/courses/114-1/71295
園藝治療的實務運用,蔡昱宇,71296,TB10710038,TBTCG0863,選修,,"四 10,9",TR-517,3 類,,2,,https://course.ntu.edu.tw/courses/114-1/71296
愛情多樣性,許碩驛,71297,TB10710039,TBTCG0873,,,"四 3,4",TR-212,3 類,,2,,https://course.ntu.edu.tw/courses/114-1/71297
藝術電影賞析,傅汝洋,71298,TB10710040,TBTCG0883,選修,,"四 10,9",T4-304,3 類,,2,,https://course.ntu.edu.tw/courses/114-1/71298
地工織物專論,何嘉浚,71506,TB10710054,TBCT56077,選修,,"三 2,3,4",IB-608,3 類,,3,,https://course.ntu.edu.tw/courses/114-1/71506
AR/VR程式設計,胡國瑞,71089,TB10720020,TBCX40187,選修,,"一 6,7,8",RB-508,3 類,,3,,https://course.ntu.edu.tw/courses/114-1/71089
金融數據分析,周志隆,71173,TB10720031,TBFN70037,選修,,"四 2,3,4",華夏恆毅樓D403,3 類,,3,,https://course.ntu.edu.tw/courses/114-1/71173
正念減壓與情緒管理,葉北辰,71299,TB10720044,TBTCG0923,選修,,"三 1,2",TR-214,3 類,,2,,https://course.ntu.edu.tw/courses/114-1/71299
科技管理個案分析,翁晶晶,71382,TB10720046,TBTM63707,選修,,"四 2,3,4",TR-812,3 類,,3,,https://course.ntu.edu.tw/courses/114-1/71382
人力資源發展,黃美慈,71058,TB10810006,TBBA66017,選修,,"一 10,8,9",MA-206,3 類,,3,,https://course.ntu.edu.tw/courses/114-1/71058
國際人力資源管理,張譯尹,71059,TB10810007,TBBA66157,選修,,"二 5,6,7",MA-206,3 類,,3,,https://course.ntu.edu.tw/courses/114-1/71059
數位相機理論與實務,胡國瑞,71076,TB10810011,TBCI52217,選修,,"一 2,3,4",TR-614,3 類,,3,,https://course.ntu.edu.tw/courses/114-1/71076
色度學原理與應用,胡國瑞,71078,TB10810012,TBCI52267,選修,,"二 5,6,7",TR-612,3 類,,3,,https://course.ntu.edu.tw/courses/114-1/71078
兒童數位繪本編輯與探討,湯梓辰,71120,TB10810019,TBEN57257,選修,,"一 2,3,4",RB-510,3 類,,3,,https://course.ntu.edu.tw/courses/114-1/71120
初級日文(一),王敏東,71154,TB10810023,TBFL38337,選修,,"二 6,7",T4-301,3 類,,2,,https://course.ntu.edu.tw/courses/114-1/71154
初級日文(一),劉慧玲,71155,TB10810023,TBFL38337,選修,,"一 6,7",TR-512,3 類,,2,,https://course.ntu.edu.tw/courses/114-1/71155
初級日文(一),劉慧玲,71156,TB10810023,TBFL38337,選修,,"四 6,7",TR-612,3 類,,2,,https://course.ntu.edu.tw/courses/114-1/71156
初級日文(一),林益泓,71157,TB10810023,TBFL38337,選修,,"五 3,4",TR-615,3 類,,2,,https://course.ntu.edu.tw/courses/114-1/71157
初級日文(一),林益泓,71158,TB10810023,TBFL38337,選修,,"五 6,7",T4-301,3 類,,2,,https://course.ntu.edu.tw/courses/114-1/71158
初級西班牙文(一),馮志宇,71159,TB10810024,TBFL38417,選修,,"五 1,2",TR-412-1,3 類,,2,,https://course.ntu.edu.tw/courses/114-1/71159
初級西班牙文(一),馮志宇,71160,TB10810024,TBFL38417,選修,,"五 6,7",TR-509,3 類,,2,,https://course.ntu.edu.tw/courses/114-1/71160
時事漫談智慧財產與科技法,Richar,71211,TB10810028,TBIBG0073,,,"二 6,7",IB-401,3 類,,2,,https://course.ntu.edu.tw/courses/114-1/71211
影像記事中的近代兩岸,管美蓉,71302,TB10810038,TBTCG0993,選修,,"二 10,9",TR-510,3 類,,2,,https://course.ntu.edu.tw/courses/114-1/71302
書法藝術,蔡耀慶,71303,TB10810039,TBTCG1003,選修,,"三 A,B",TR-409-2,3 類,,2,,https://course.ntu.edu.tw/courses/114-1/71303
建築設計(五),王裕華,71500,TB10810046,TBAD30013,選修,,"三 2,3,4,5,6,7 / 五 6,7,8,9",,3 類,,6,,https://course.ntu.edu.tw/courses/114-1/71500
營建管理與工程倫理,阮怡凱,71501,TB10810047,TBAD42063,選修,,"三 2,3,4",TR-410,3 類,,3,,https://course.ntu.edu.tw/courses/114-1/71501
材料科學(一),梁鍵隴,71404,TB10810053,TBTX46113,選修,,"四 9 / 五 10,9",,3 類,,3,,https://course.ntu.edu.tw/courses/114-1/71404
材料科學(一),王秋燕,71405,TB10810053,TBTX46113,選修,,"一 10 / 二 6,7",,3 類,,3,,https://course.ntu.edu.tw/courses/114-1/71405
材料科學(一),羅承慈,71406,TB10810053,TBTX46113,選修,,"五 8,9 / 四 9",,3 類,,3,,https://course.ntu.edu.tw/courses/114-1/71406
先進電化學材料,王丞浩,71412,TB10810054,TBTX51017,選修,,"五 2,3,4",TR-513,3 類,,3,,https://course.ntu.edu.tw/courses/114-1/71412
奈米標靶藥物合成,白孟宜,71067,TB10820008,TBBE50167,選修,,"四 5,6,7",TR-516,3 類,,3,,https://course.ntu.edu.tw/courses/114-1/71067
創意思考與設計美學,謝璨羽,71106,TB10820026,TBDTG0043,選修,,"五 6,7,8",TR-514,3 類,,3,,https://course.ntu.edu.tw/courses/114-1/71106
創新與創業管理,葉峻賓,71566,TB10820058,TBTB20087,選修,,"五 2,3,4",TR-812,3 類,,3,,https://course.ntu.edu.tw/courses/114-1/71566
運算思維與自造,鄭海蓮,71420,TB10820065,TBVE59077,選修,,"五 6,7,8",T4-401-1,3 類,,3,,https://course.ntu.edu.tw/courses/114-1/71420
數位教材編輯與製作,湯梓辰,71119,TB10820073,TBEN57237,選修,,"一 10,8,9",RB-510,3 類,,3,,https://course.ntu.edu.tw/courses/114-1/71119
全民國防教育軍事訓練－國際情勢,劉鐵軍,70984,TB10910001,TB3C20057,選修,,"三 8,9",TR-213,3 類,,0,,https://course.ntu.edu.tw/courses/114-1/70984
全民國防教育軍事訓練－國際情勢,劉鐵軍,70985,TB10910001,TB3C20057,選修,,"三 A,B",TR-213,3 類,,0,,https://course.ntu.edu.tw/courses/114-1/70985
領導學,鄭仁偉,71048,TB10910004,TBBA31113,選修,,"三 6,7,8",MA-405,3 類,,3,,https://course.ntu.edu.tw/courses/114-1/71048
進入職場實務演練,吳雪麗,71050,TB10910005,TBBA40107,選修,,一 5,MA-520,3 類,,1,,https://course.ntu.edu.tw/courses/114-1/71050
廣告設計(一),袁嘏鼎,71098,TB10910009,TBDT35037,選修,,"四 A,B,C",TR-413-1,3 類,,3,,https://course.ntu.edu.tw/courses/114-1/71098
類比積體電路設計概論,鍾勇輝,71127,TB10910011,TBET46117,選修,,"三 6,7 / 四 2",,3 類,,3,,https://course.ntu.edu.tw/courses/114-1/71127
經貿英文翻譯,李宜懃,71147,TB10910016,TBFL34287,選修,,"五 6,7,8",T4-405,3 類,,3,,https://course.ntu.edu.tw/courses/114-1/71147
雲端服務應用導論,陳麗如,71265,TB10910025,TBMIG0043,選修,,"四 2,3,4",RB-508,3 類,,3,,https://course.ntu.edu.tw/courses/114-1/71265
智慧財產權法專題研究（一）,李姿儀,71268,TB10910026,TBPA51707,選修,,"三 2,3,4",TR-829,3 類,,3,,https://course.ntu.edu.tw/courses/114-1/71268
韓國語言與文化,黃身安,71304,TB10910027,TBTCG1033,選修,,"五 8,9",IB-608,3 類,,2,,https://course.ntu.edu.tw/courses/114-1/71304
幸福心理學,徐昀,71305,TB10910029,TBTCG1053,選修,,"四 6,7",TR-211,3 類,,2,,https://course.ntu.edu.tw/courses/114-1/71305
數位編輯設計與實務,湯梓辰,71306,TB10910031,TBTCG1073,選修,,"五 3,4",RB-510,3 類,,2,,https://course.ntu.edu.tw/courses/114-1/71306
覺察力與自我覺察,易力行,71046,TB10910037,TBBA28007,選修,,"一 10,8,9",IB-409-1,3 類,,3,,https://course.ntu.edu.tw/courses/114-1/71046
統計學(上),林清珮,71503,TB10910038,TBBA305A0,選修,,"二 2,3,4",RB-510,3 類,,3,,https://course.ntu.edu.tw/courses/114-1/71503
德語入門,汪錫麟,71554,TB10910054,TBFE19517,選修,,"一 3,4",TR-513,3 類,,2,,https://course.ntu.edu.tw/courses/114-1/71554
高齡社會理論,葉正桃,71029,TB10920002,TBAD53287,選修,,"三 6,7,8",RB-708C4,3 類,,3,,https://course.ntu.edu.tw/courses/114-1/71029
用戶體驗設計,唐玄輝,71102,TB10920012,TBDT49237,選修,,"一 6,7,8",E2-324,3 類,,3,,https://course.ntu.edu.tw/courses/114-1/71102
專利文件解讀,朱默庵,71208,TB10920030,TBIB20107,選修,,"一 2,3,4",TR-833,3 類,,3,,https://course.ntu.edu.tw/courses/114-1/71208
電腦輔助設計實習,林清安,71523,TB10920045,TBME32253,選修,,"四 7,8,9",E1-223,3 類,,1,,https://course.ntu.edu.tw/courses/114-1/71523
不動產估價理論與實務,卓輝華,71022,TB11010001,TBAD51507,選修,,"三 2,3,4",IB-602-2,3 類,,3,,https://course.ntu.edu.tw/courses/114-1/71022
微積分(上),項人宗,71114,TB11010019,TBEC161A0,選修,,"二 6,7 / 三 9 / 四 6,7",,3 類,,4,,https://course.ntu.edu.tw/courses/114-1/71114
工業電子電路,龐敏熙,71125,TB11010021,TBET45007,選修,,"四 8,9 / 五 3",,3 類,,3,,https://course.ntu.edu.tw/courses/114-1/71125
電力電子電路,龐敏熙,71132,TB11010022,TBET55077,選修,,"五 6,7,8",EE-311,3 類,,3,,https://course.ntu.edu.tw/courses/114-1/71132
微積分(上),張益賓,71213,TB11010028,TBIM160A0,選修,,"三 10,8,9 / 四 6",,3 類,,3,,https://course.ntu.edu.tw/courses/114-1/71213
安全協定開發與設計,黃政嘉,71261,TB11010039,TBMI51277,選修,,"二 6,7,8",TR-413-1,3 類,,3,,https://course.ntu.edu.tw/courses/114-1/71261
永續發展與社會 (一),黃淑怡,71308,TB11010042,TBTCG1103,,,"一 3,4",TR-613,3 類,,2,,https://course.ntu.edu.tw/courses/114-1/71308
永續發展與社會 (一),黃淑怡,71309,TB11010042,TBTCG1103,,,"三 3,4",華夏恆毅樓D406,3 類,,2,,https://course.ntu.edu.tw/courses/114-1/71309
社會實踐倡議：自媒體實作養成,王瑩,71310,TB11010043,TBTCG1113,選修,,"四 10,9",IB-607,3 類,,2,,https://course.ntu.edu.tw/courses/114-1/71310
國內外使節講座─從台科大看世界,周麟,71311,TB11010045,TBTCG1133,選修,,"四 6,7,8",AU-101,3 類,,2,,https://course.ntu.edu.tw/courses/114-1/71311
管樂合奏,林祐生,71312,TB11010046,TBTCG1143,選修,,"一 B,C",E2-102,3 類,,2,,https://course.ntu.edu.tw/courses/114-1/71312
臺灣傳統社會的文化與生活,江志宏,71313,TB11010047,TBTCG1153,選修,,"三 10,9",TR-211,3 類,,2,,https://course.ntu.edu.tw/courses/114-1/71313
臺灣傳統社會的文化與生活,黃信洋,71314,TB11010047,TBTCG1153,選修,,"一 3,4",T4-304,3 類,,2,,https://course.ntu.edu.tw/courses/114-1/71314
藝術治療初探,楊佳蓉,71315,TB11010048,TBTCG1163,選修,,"五 6,7",TR-210,3 類,,2,,https://course.ntu.edu.tw/courses/114-1/71315
證券管理,趙子欽,71547,TB11010055,TBBA44097,選修,,"四 10,8,9",TR-512,3 類,,3,,https://course.ntu.edu.tw/courses/114-1/71547
泰語入門,白桂英,71555,TB11020024,TBFE23017,選修,,"五 8,9",TR-516,3 類,,2,,https://course.ntu.edu.tw/courses/114-1/71555
美國專利申請實務,林士涵,71210,TB11020033,TBIB20487,選修,,"二 3,4",TR-833,3 類,,2,,https://course.ntu.edu.tw/courses/114-1/71210
性別、科技與全球化,黃淑怡,71316,TB11020048,TBTCG1203,選修,,"一 8,9",TR-613,3 類,,2,,https://course.ntu.edu.tw/courses/114-1/71316
高分子加工,葉樹開,71400,TB11020052,TBTX42103,選修,,"四 7,8 / 五 7",,3 類,,3,,https://course.ntu.edu.tw/courses/114-1/71400
材料相平衡,顏怡文,71413,TB11020053,TBTX54127,選修,,"三 6,7,8",TR-312,3 類,,3,,https://course.ntu.edu.tw/courses/114-1/71413
供應鏈管理,呂志豪,71531,TB11110004,TBBA36163,選修,,"五 2,3,4",TR-612,3 類,,3,,https://course.ntu.edu.tw/courses/114-1/71531
視覺傳達設計創業實務,鄭司維,71104,TB11110010,TBDT54217,選修,,"二 6,7,8",RB-412,3 類,,3,,https://course.ntu.edu.tw/courses/114-1/71104
中醫學概論,彭溫雅,71319,TB11110027,TBTCG1273,,,"三 1,2",TR-409-1,3 類,,2,,https://course.ntu.edu.tw/courses/114-1/71319
博物館與文化展演,黃信洋,71320,TB11110028,TBTCG1283,選修,,"一 10,9",TR-311,3 類,,2,,https://course.ntu.edu.tw/courses/114-1/71320
材料實驗(四),徐秀蘭,71401,TB11110031,TBTX42187,選修,,"四 1,2,3",E1-243,3 類,,2,,https://course.ntu.edu.tw/courses/114-1/71401
實務專題(上),,71408,TB11110032,TBTX499A0,選修,,,,3 類,,2,,https://course.ntu.edu.tw/courses/114-1/71408
生物化學特論,賴志遠,71410,TB11110033,TBTX50247,選修,,"一 2,3,4",TR-612,3 類,,3,,https://course.ntu.edu.tw/courses/114-1/71410
英語科技交流,賴志遠,71411,TB11110034,TBTX50257,選修,,"五 5,6,7",IB-504,3 類,,3,,https://course.ntu.edu.tw/courses/114-1/71411
基礎電子電路實習,張佑丞,71426,TB11110038,TBET27017,選修,,"二 10,8,9",EE-701,3 類,,1,,https://course.ntu.edu.tw/courses/114-1/71426
電腦輔助晶片系統設計,劉一宇,71086,TB11110039,TBCS51407,選修,,"三 7,8,9",TR-313,3 類,,3,,https://course.ntu.edu.tw/courses/114-1/71086
數位製造工具與應用,林裕傑,71006,TB11120001,TBAD31287,選修,,"五 2,3,4",RB-911,3 類,,3,,https://course.ntu.edu.tw/courses/114-1/71006
量化投資分析,曾凱逸,71141,TB11120023,TBFB36127,選修,,"五 2,3,4",TR-213,3 類,,3,,https://course.ntu.edu.tw/courses/114-1/71141
韓語入門,張美河,71549,TB11120025,TBFE21917,選修,,"五 8,9",T3-304,3 類,,2,,https://course.ntu.edu.tw/courses/114-1/71549
配色的基礎與實踐,陳鴻興,71321,TB11120058,TBTCG1343,,,"四 10,9",TR-511,3 類,,2,,https://course.ntu.edu.tw/courses/114-1/71321
半導體光學性質,李仰淳,71134,TB11120075,TBET73017,選修,,"二 2,3,4",IB-602-1,3 類,,3,,https://course.ntu.edu.tw/courses/114-1/71134
文化遺產與永續發展,林宜珍,71322,TB11120078,TBTCG1363,,,"三 3,4",TR-512,3 類,,2,,https://course.ntu.edu.tw/courses/114-1/71322
文化遺產與永續發展,林宜珍,71323,TB11120078,TBTCG1363,,,"三 8,9",TR-615,3 類,,2,,https://course.ntu.edu.tw/courses/114-1/71323
以顧客為中心的創新,吳克振,71054,TB11210004,TBBA60517,選修,,"一 2,3,4",MA-520,3 類,,3,,https://course.ntu.edu.tw/courses/114-1/71054
色彩與照明概論,溫照華,71091,TB11210008,TBCXG0063,選修,,"四 3,4",TR-413-2,3 類,,2,,https://course.ntu.edu.tw/courses/114-1/71091
統計學(上),林清珮,71136,TB11210011,TBFB270A5,選修,,"一 6,7,8",IB-409-2,3 類,,3,,https://course.ntu.edu.tw/courses/114-1/71136
簡報英文,黃玟君,71148,TB11210014,TBFL36237,選修,,"四 6,7,8",T4-404,3 類,,3,,https://course.ntu.edu.tw/courses/114-1/71148
初級法文(一),陳宜君,71161,TB11210016,TBFL38467,選修,,"一 6,7",TR-516,3 類,,2,,https://course.ntu.edu.tw/courses/114-1/71161
初級法文(一),陳宜君,71162,TB11210016,TBFL38467,選修,,"一 8,9",TR-516,3 類,,2,,https://course.ntu.edu.tw/courses/114-1/71162
跨文化素養：愛情、性向與羅曼史,Aaron,71164,TB11210018,TBFL39287,選修,,"三 2,3,4",RB-201,3 類,,3,,https://course.ntu.edu.tw/courses/114-1/71164
量化風險管理,薛博今,71172,TB11210021,TBFN69067,選修,,"三 6,7,8",IB-504,3 類,,3,,https://course.ntu.edu.tw/courses/114-1/71172
智慧財產實戰策略,朱默庵,71212,TB11210023,TBIBG0093,選修,,"二 8,9",IB-401,3 類,,2,,https://course.ntu.edu.tw/courses/114-1/71212
存貨管理系統及其應用,郭伯勳,71556,TB11210026,TBIM70057,選修,,"三 2,3,4",MA-417,3 類,,3,,https://course.ntu.edu.tw/courses/114-1/71556
通風科技與應用,黃榮芳,71256,TB11210027,TBME58077,選修,,"二 2,3,4",T3-304,3 類,,3,,https://course.ntu.edu.tw/courses/114-1/71256
社會學與人生,黃信洋,71324,TB11210030,TBTCG1383,,,"二 10,9",TR-614,3 類,,2,,https://course.ntu.edu.tw/courses/114-1/71324
印花設計中的文化表象,鄒家鈺,71328,TB11210034,TBTCG1423,選修,,"三 1,2",TR-209,3 類,,2,,https://course.ntu.edu.tw/courses/114-1/71328
印花設計中的文化表象,鄒家鈺,71329,TB11210034,TBTCG1423,選修,,"一 6,7",TR-510,3 類,,2,,https://course.ntu.edu.tw/courses/114-1/71329
形象服裝造型概論,鄒家鈺,71330,TB11210035,TBTCG1433,選修,,"一 8,9",TR-510,3 類,,2,,https://course.ntu.edu.tw/courses/114-1/71330
形象服裝造型概論,鄒家鈺,71331,TB11210035,TBTCG1433,選修,,"三 3,4",TR-209,3 類,,2,,https://course.ntu.edu.tw/courses/114-1/71331
彩妝美學與實務,石美芳,71332,TB11210036,TBTCG1443,選修,,"四 8,9",TR-610,3 類,,2,,https://course.ntu.edu.tw/courses/114-1/71332
肌膚生理與保養,石美芳,71333,TB11210037,TBTCG1453,選修,,"五 1,2",TR-210,3 類,,2,,https://course.ntu.edu.tw/courses/114-1/71333
肌膚生理與保養,石美芳,71334,TB11210037,TBTCG1453,選修,,"五 3,4",TR-210,3 類,,2,,https://course.ntu.edu.tw/courses/114-1/71334
有機化學(一),游進陽,71387,TB11210038,TBTX21133,選修,,"二 3,4 / 三 4",,3 類,,3,,https://course.ntu.edu.tw/courses/114-1/71387
有機化學(一),陳志堅,71388,TB11210038,TBTX21133,選修,,"一 3 / 二 3,4",,3 類,,3,,https://course.ntu.edu.tw/courses/114-1/71388
材料工程校外實習(一),羅承慈,71390,TB11210039,TBTX24093,選修,,"一 1 / 五 1,2,3,4,5,6,7,8,9",,3 類,,9,,https://course.ntu.edu.tw/courses/114-1/71390
材料熱力學(一),王丞浩,71402,TB11210040,TBTX42213,選修,,"四 2 / 五 6,7",,3 類,,3,,https://course.ntu.edu.tw/courses/114-1/71402
材料熱力學(一),顏怡文,71403,TB11210040,TBTX42213,選修,,"二 6,7 / 五 4",,3 類,,3,,https://course.ntu.edu.tw/courses/114-1/71403
電漿材料特論,周賢鎧,71409,TB11210041,TBTX50067,選修,,"三 6,7,8",T4-302,3 類,,3,,https://course.ntu.edu.tw/courses/114-1/71409
電子實務專題(上),,71431,TB11210044,TBET490A0,選修,,,,3 類,,2,,https://course.ntu.edu.tw/courses/114-1/71431
物理(上),項人宗,71115,TB11210045,TBEC163A0,選修,,"二 2,A / 四 3,4",,3 類,,3,,https://course.ntu.edu.tw/courses/114-1/71115
物聯網,吳瑞瑜,71116,TB11210046,TBEC18017,選修,,"一 5 / 五 6,7",,3 類,,3,,https://course.ntu.edu.tw/courses/114-1/71116
經濟學(上),紀舒哲,71040,TB11210048,TBBA130A0,選修,,"三 6,7,8",華夏恆毅樓D406,3 類,,3,,https://course.ntu.edu.tw/courses/114-1/71040
經濟學(上),紀舒哲,71041,TB11210048,TBBA130A0,選修,,"三 2,3,4",華夏恆毅樓D607,3 類,,3,,https://course.ntu.edu.tw/courses/114-1/71041
服務創新管理研究與實務,何建韋,71235,TB11210052,TBMA85087,選修,,"二 2,3,4",TR-210,3 類,,3,,https://course.ntu.edu.tw/courses/114-1/71235
數位行銷,張恩欣,71238,TB11210061,TBMB21077,選修,,"二 6,7 / 四 6",,3 類,,3,,https://course.ntu.edu.tw/courses/114-1/71238
地緣政治與企業經營策略,吳又茗,71053,TB11220003,TBBA58027,選修,,"二 5,6,7",IB-601-2,3 類,,3,,https://course.ntu.edu.tw/courses/114-1/71053
電子實務專題(下),,71471,TB11220014,TBET490B0,選修,,,,3 類,,2,,https://course.ntu.edu.tw/courses/114-1/71471
蒙地卡羅法與財務應用,繆維中,71137,TB11220016,TBFB35077,選修,,"三 7,8,9",RB-509,3 類,,3,,https://course.ntu.edu.tw/courses/114-1/71137
口譯研究與演練,陳安頎,71167,TB11220025,TBFL52347,選修,,"三 6,7,8",RB-301,3 類,,3,,https://course.ntu.edu.tw/courses/114-1/71167
個股基本面投資分析,曾凱逸,71169,TB11220027,TBFN51137,選修,,"一 2,3,4",TR-516,3 類,,3,,https://course.ntu.edu.tw/courses/114-1/71169
城南小旅行,黃信洋,71335,TB11220043,TBTCG1463,,,"三 6,7",TR-213,3 類,,2,,https://course.ntu.edu.tw/courses/114-1/71335
城南小旅行,黃信洋,71336,TB11220043,TBTCG1463,,,"二 6,7",TR-511,3 類,,2,,https://course.ntu.edu.tw/courses/114-1/71336
影音創客與行銷實作,王蕙芝,71052,TB11310007,TBBA43057,選修,,"三 5,6,7",MA-520,3 類,,3,,https://course.ntu.edu.tw/courses/114-1/71052
薄膜分離,胡蒨傑,71121,TB11310017,TBEN66027,選修,,"二 2,3,4",TR-310-2,3 類,,3,,https://course.ntu.edu.tw/courses/114-1/71121
神經科學與生活,趙國芳,71207,TB11310021,TBGE39343,選修,,"五 1,2",TR-517,3 類,,2,,https://course.ntu.edu.tw/courses/114-1/71207
食農與環境探索,楊傳凱,71242,TB11310026,TBMBG2163,選修,,"三 A,B",TR-409-1,3 類,,2,,https://course.ntu.edu.tw/courses/114-1/71242
Lab VIEW 程式語言與設計,吳國彰,71244,TB11310027,TBME20113,選修,,"五 2,3,4",公館校區B棟,3 類,,3,,https://course.ntu.edu.tw/courses/114-1/71244
自動化控制實務,吳國彰,71248,TB11310029,TBME36207,選修,,"三 2,3,4",TR-836,3 類,,3,,https://course.ntu.edu.tw/courses/114-1/71248
產業永續發展特論,宮輔辰,71251,TB11310030,TBME53587,選修,,"五 6,7,8",IB-401,3 類,,3,,https://course.ntu.edu.tw/courses/114-1/71251
慢城南的漫書寫,許碩驛,71337,TB11310032,TBTCG1543,,,"四 10,9",TR-609,3 類,,2,,https://course.ntu.edu.tw/courses/114-1/71337
西方古典建築與永續發展,陳薏如,71338,TB11310033,TBTCG1563,選修,,"二 1,2",TR-611,3 類,,2,,https://course.ntu.edu.tw/courses/114-1/71338
西方古典建築與永續發展,陳薏如,71339,TB11310033,TBTCG1563,選修,,"二 3,4",TR-611,3 類,,2,,https://course.ntu.edu.tw/courses/114-1/71339
近代建築藝術源流,陳薏如,71340,TB11310034,TBTCG1573,選修,,"五 1,2",TR-516,3 類,,2,,https://course.ntu.edu.tw/courses/114-1/71340
近代建築藝術源流,陳薏如,71341,TB11310034,TBTCG1573,選修,,"二 6,7",TR-610,3 類,,2,,https://course.ntu.edu.tw/courses/114-1/71341
旅遊與生活,隋風銘,71342,TB11310035,TBTCG1583,選修,,"五 1,2",TR-617,3 類,,2,,https://course.ntu.edu.tw/courses/114-1/71342
旅遊與生活,隋風銘,71343,TB11310035,TBTCG1583,選修,,"二 1,2",TR-413-2,3 類,,2,,https://course.ntu.edu.tw/courses/114-1/71343
創新與創業,隋風銘,71344,TB11310036,TBTCG1593,選修,,"二 6,7",TR-611,3 類,,2,,https://course.ntu.edu.tw/courses/114-1/71344
創新與創業,隋風銘,71345,TB11310036,TBTCG1593,選修,,"二 8,9",TR-611,3 類,,2,,https://course.ntu.edu.tw/courses/114-1/71345
養生概論暨經絡保健,高瑞雲,71346,TB11310037,TBTCG1613,選修,,"二 1,2",TR-610,3 類,,2,,https://course.ntu.edu.tw/courses/114-1/71346
養生概論暨經絡保健,高瑞雲,71347,TB11310037,TBTCG1613,選修,,"二 3,4",TR-610,3 類,,2,,https://course.ntu.edu.tw/courses/114-1/71347
樂齡與芳香療法,高瑞雲,71348,TB11310038,TBTCG1623,選修,,"三 8,9",TR-413-1,3 類,,2,,https://course.ntu.edu.tw/courses/114-1/71348
樂齡與芳香療法,高瑞雲,71349,TB11310038,TBTCG1623,選修,,"四 8,9",TR-509,3 類,,2,,https://course.ntu.edu.tw/courses/114-1/71349
部落漫遊 – 前進部落,蔡曉雲,71350,TB11310039,TBTCG1643,選修,,"三 10,9",TR-409-1,3 類,,2,,https://course.ntu.edu.tw/courses/114-1/71350
技術評估與預測,黃啟祐,71383,TB11310040,TBTM64107,選修,,"三 10,8,9",TR-812,3 類,,3,,https://course.ntu.edu.tw/courses/114-1/71383
半導體元件製作實習,李奎毅,71430,TB11310045,TBET48033,選修,,"一 10,8,9",IB-507,3 類,,1,,https://course.ntu.edu.tw/courses/114-1/71430
裝幀設計,紀健龍,71490,TB11310048,TBDT36417,選修,,"一 2,3,4",TR-616,3 類,,3,,https://course.ntu.edu.tw/courses/114-1/71490
運動科學與身體活動研究法,林儀佳,71552,TB11310050,TBAI60377,選修,,"一 6,7,8",TR-310-2,3 類,,3,,https://course.ntu.edu.tw/courses/114-1/71552
景觀設計概論,陳修兀,71032,TB11320007,TBADG0263,選修,,"五 3,4",TR-514,3 類,,2,,https://course.ntu.edu.tw/courses/114-1/71032
永續發展概論,胡家紋,71039,TB11320008,TBATG0023,選修,,"四 8,9",TR-211,3 類,,2,,https://course.ntu.edu.tw/courses/114-1/71039
動畫賞析與腳本設計,杜亞倫,71108,TB11320025,TBDTG0083,選修,,"二 8,9",TR-613,3 類,,2,,https://course.ntu.edu.tw/courses/114-1/71108
3D玩創意,曹陶甬,71109,TB11320027,TBDTG0103,選修,,"二 6,7",RB-510,3 類,,2,,https://course.ntu.edu.tw/courses/114-1/71109
UE5 虛擬場景設計與應用,曹陶甬,71110,TB11320028,TBDTG0113,選修,,"二 8,9",RB-510,3 類,,2,,https://course.ntu.edu.tw/courses/114-1/71110
品質管制方法,王福琨,71233,TB11320036,TBIM90037,選修,,"二 2,3,4",MA-207,3 類,,3,,https://course.ntu.edu.tw/courses/114-1/71233
客家戲曲妝扮美感探索,石美芳,71351,TB11320046,TBTCG1653,,,"四 6,7",TR-610,3 類,,2,,https://course.ntu.edu.tw/courses/114-1/71351
年代美甲社會價值暨文化探討,高瑞雲,71352,TB11320049,TBTCG1693,,,"五 1,2",TR-611,3 類,,2,,https://course.ntu.edu.tw/courses/114-1/71352
年代美甲社會價值暨文化探討,高瑞雲,71353,TB11320049,TBTCG1693,,,"五 3,4",TR-611,3 類,,2,,https://course.ntu.edu.tw/courses/114-1/71353
半導體元件失效分析,王逸平,71033,TB11320054,TBAS50017,選修,,"五 6,7,8",華夏恆毅樓D401,3 類,,3,,https://course.ntu.edu.tw/courses/114-1/71033
光電半導體光交換技術與應用,楊淳良,71034,TB11320061,TBAS50087,選修,,"五 6,7,8",華夏恆毅樓D402,3 類,,3,,https://course.ntu.edu.tw/courses/114-1/71034
矽光子設計,楊淳良,71035,TB11320062,TBAS50097,選修,,"三 6,7,8",華夏恆毅樓D403,3 類,,3,,https://course.ntu.edu.tw/courses/114-1/71035
功率積體電路與切換式轉換器,黃顗融,71560,TB11320064,TBEE52367,選修,,"五 6,7,8",IB-602-2,3 類,,3,,https://course.ntu.edu.tw/courses/114-1/71560
造形設計,曹陶甬,71095,TB11320084,TBDT26087,選修,,"三 6,7,8",E2-318,3 類,,3,,https://course.ntu.edu.tw/courses/114-1/71095
綠色設計策略,林權萱,71020,TB11410001,TBAD51287,選修,,"二 2,3,4",T3-302,3 類,,3,,https://course.ntu.edu.tw/courses/114-1/71020
都市更新實務與案例研究,徐志成,71021,TB11410002,TBAD51487,選修,,"五 A,B,C",TR-311,3 類,,3,,https://course.ntu.edu.tw/courses/114-1/71021
都市音景,蔡欣君,71025,TB11410003,TBAD52457,選修,,"四 6,7,8",TR-613,3 類,,3,,https://course.ntu.edu.tw/courses/114-1/71025
建築行動研究,廖硃岑,71026,TB11410004,TBAD53117,選修,,"三 2,3,4",IB-601-2,3 類,,3,,https://course.ntu.edu.tw/courses/114-1/71026
先進半導體元件技術與趨勢,王逸平,71036,TB11410005,TBAS50107,選修,,"四 6,7,8",華夏恆毅樓D405,3 類,,3,,https://course.ntu.edu.tw/courses/114-1/71036
光量子科技偵測器技術導論,巫朝陽,71037,TB11410006,TBAS50117,選修,,"三 2,3,4",華夏恆毅樓D405,3 類,,3,,https://course.ntu.edu.tw/courses/114-1/71037
半導體高速光偵測器元件模擬導論,巫朝陽,71038,TB11410007,TBAS50127,選修,,"四 2,3,4",華夏恆毅樓D402,3 類,,3,,https://course.ntu.edu.tw/courses/114-1/71038
人力資源管理實務,黃美慈,71060,TB11410008,TBBA66257,選修,,"四 10,8,9",MA-405,3 類,,3,,https://course.ntu.edu.tw/courses/114-1/71060
皮膚生理學,陳哲鑫,71073,TB11410011,TBBE50737,選修,,"三 6,7,8",華夏恆毅樓D303,3 類,,3,,https://course.ntu.edu.tw/courses/114-1/71073
細胞生物學概論,陳哲鑫,71074,TB11410012,TBBE50747,選修,,"二 10,8,9",TR-610,3 類,,3,,https://course.ntu.edu.tw/courses/114-1/71074
電動車車身色彩及噴塗概論,郭大賓,71075,TB11410013,TBCE19047,選修,,"一 10,8,9",TR-412-2,3 類,,3,,https://course.ntu.edu.tw/courses/114-1/71075
高等彩色視覺學,溫照華,71080,TB11410014,TBCI53207,選修,,"二 10,8,9",TR-612,3 類,,3,,https://course.ntu.edu.tw/courses/114-1/71080
電腦遊戲設計,賴祐吉,71085,TB11410015,TBCS51077,選修,,"一 2,3,4",T4-306,3 類,,3,,https://course.ntu.edu.tw/courses/114-1/71085
風工程概論,陳瑞華,71087,TB11410016,TBCT44037,選修,,"三 7,8 / 四 2",,3 類,,3,,https://course.ntu.edu.tw/courses/114-1/71087
生成式AI的色彩自然語言,溫照華,71090,TB11410017,TBCX40227,選修,,"四 6,7,8",TR-609,3 類,,3,,https://course.ntu.edu.tw/courses/114-1/71090
妝品應用材料與毒理科學,江意利,71123,TB11410020,TBEN68537,選修,,"四 2,3,4",TR-509,3 類,,3,,https://course.ntu.edu.tw/courses/114-1/71123
語言習得研究,曾文鐽,71166,TB11410021,TBFL52027,選修,,"二 6,7,8",T4-407,3 類,,3,,https://course.ntu.edu.tw/courses/114-1/71166
兒少文學與教學,林家欣,71168,TB11410022,TBFL52417,選修,,"二 2,3,4",T4-407,3 類,,3,,https://course.ntu.edu.tw/courses/114-1/71168
企業分析、診斷與評價,陳俊男,71170,TB11410023,TBFN52047,選修,,"四 2,3,4",IB-1006,3 類,,3,,https://course.ntu.edu.tw/courses/114-1/71170
聲動溝通：用新媒體敘事,蔡宜穎,71198,TB11410024,TBGE37323,選修,,"一 6,7",TR-513,3 類,,2,,https://course.ntu.edu.tw/courses/114-1/71198
聲動溝通：用新媒體敘事,蔡宜穎,71199,TB11410024,TBGE37323,選修,,"一 8,9",TR-513,3 類,,2,,https://course.ntu.edu.tw/courses/114-1/71199
時間旅行與哲學,林景銘,71206,TB11410025,TBGE39193,選修,,"二 6,7",TR-413-2,3 類,,2,,https://course.ntu.edu.tw/courses/114-1/71206
創新與創業管理,葉峻賓,71236,TB11410026,TBMB20003,選修,,"五 2,3,4",TR-812,3 類,,3,,https://course.ntu.edu.tw/courses/114-1/71236
科技管理概論,項維欣,71237,TB11410027,TBMB21023,選修,,"三 2,3,4",TR-516,3 類,,3,,https://course.ntu.edu.tw/courses/114-1/71237
人工智慧應用,林昌碩,71239,TB11410028,TBMB26097,選修,,"三 2,3,4",RB-508,3 類,,3,,https://course.ntu.edu.tw/courses/114-1/71239
永續經營與管理,陳思妤,71243,TB11410029,TBMBG2173,選修,,"四 A,B",TR-311,3 類,,2,,https://course.ntu.edu.tw/courses/114-1/71243
車身塗膜檢測與應用實務,郭大賓,71245,TB11410030,TBME29077,選修,,"二 6,7",華夏教學大樓C109,3 類,,1,,https://course.ntu.edu.tw/courses/114-1/71245
汽車修補漆產業實務,郭大賓,71246,TB11410031,TBME29087,選修,,"二 8,9",華夏教學大樓C109,3 類,,1,,https://course.ntu.edu.tw/courses/114-1/71246
汽車表面塗裝與塗層鍍膜實務技術,郭大賓,71247,TB11410032,TBME29097,選修,,"四 2,3,4",華夏教學大樓C109,3 類,,1,,https://course.ntu.edu.tw/courses/114-1/71247
精密量測學,修芳仲,71249,TB11410033,TBME40067,選修,,"一 6,7,8",TR-511,3 類,,3,,https://course.ntu.edu.tw/courses/114-1/71249
智慧製造原理與實務,李維楨,71252,TB11410034,TBME53607,選修,,五 1,E1-223,3 類,,1,,https://course.ntu.edu.tw/courses/114-1/71252
電機工程原理與應用,李維楨,71253,TB11410035,TBME55167,選修,,"一 2,3,4 / 五 6,7",,3 類,,5,,https://course.ntu.edu.tw/courses/114-1/71253
深度學習與電腦視覺,徐繼聖,71254,TB11410036,TBME56267,選修,,"三 3,4,5",E1-223,3 類,,3,,https://course.ntu.edu.tw/courses/114-1/71254
智慧精微及半導體製造(一),林柏廷,71258,TB11410037,TBME59427,選修,,"一 2,3,4",E1-470,3 類,,3,,https://course.ntu.edu.tw/courses/114-1/71258
人工智慧素養與倫理,查士朝,71266,TB11410038,TBMIG0073,選修,,"三 6,7,8",TR-310-1,3 類,,3,,https://course.ntu.edu.tw/courses/114-1/71266
工作平權及就業歧視,林麗燕,71354,TB11410039,TBTCG1713,,,"四 10,9",T4-402,3 類,,2,,https://course.ntu.edu.tw/courses/114-1/71354
校園性別事件防治實務,林麗燕,71355,TB11410040,TBTCG1723,,,"一 10,9",TR-210,3 類,,2,,https://course.ntu.edu.tw/courses/114-1/71355
校園性別事件防治實務,林麗燕,71356,TB11410040,TBTCG1723,,,"五 6,7",T4-303,3 類,,2,,https://course.ntu.edu.tw/courses/114-1/71356
親密關係暴力事件案例探討,林麗燕,71357,TB11410041,TBTCG1733,,,"四 1,2",TR-513,3 類,,2,,https://course.ntu.edu.tw/courses/114-1/71357
親密關係暴力事件案例探討,林麗燕,71358,TB11410041,TBTCG1733,,,"二 10,9",華夏恆毅樓D406,3 類,,2,,https://course.ntu.edu.tw/courses/114-1/71358
職場性騷擾事件之處理機制,林麗燕,71359,TB11410042,TBTCG1743,,,"二 1,2",TR-617,3 類,,2,,https://course.ntu.edu.tw/courses/114-1/71359
職場性騷擾事件之處理機制,林麗燕,71360,TB11410042,TBTCG1743,,,"五 8,9",T4-303,3 類,,2,,https://course.ntu.edu.tw/courses/114-1/71360
自然療法與食療,陳美均,71365,TB11410045,TBTCG1783,選修,,"五 6,7",TR-617,3 類,,2,,https://course.ntu.edu.tw/courses/114-1/71365
彩繪圖案設計與生活應用,陳美均,71366,TB11410046,TBTCG1803,選修,,"三 10,9",華夏營管大樓K506,3 類,,2,,https://course.ntu.edu.tw/courses/114-1/71366
彩繪圖案設計與生活應用,陳美均,71367,TB11410046,TBTCG1803,選修,,"五 8,9",TR-617,3 類,,2,,https://course.ntu.edu.tw/courses/114-1/71367
台灣古蹟建築入門,陳薏如,71368,TB11410047,TBTCG1813,,,"五 6,7",E1-306,3 類,,2,,https://course.ntu.edu.tw/courses/114-1/71368
台灣古蹟建築入門,陳薏如,71369,TB11410047,TBTCG1813,,,"五 8,9",E1-306,3 類,,2,,https://course.ntu.edu.tw/courses/114-1/71369
台灣傳統建築形式與作法,陳薏如,71370,TB11410048,TBTCG1823,選修,,"一 6,7",TR-211,3 類,,2,,https://course.ntu.edu.tw/courses/114-1/71370
台灣傳統建築形式與作法,陳薏如,71371,TB11410048,TBTCG1823,選修,,"一 8,9",TR-211,3 類,,2,,https://course.ntu.edu.tw/courses/114-1/71371
原住民美學及藝術策展實踐,曾瓊慧,71372,TB11410049,TBTCG1833,,,"一 10,9",TR-511,3 類,,2,,https://course.ntu.edu.tw/courses/114-1/71372
職場倫理,隋風銘,71373,TB11410050,TBTCG1843,選修,,"五 6,7",E2-102,3 類,,2,,https://course.ntu.edu.tw/courses/114-1/71373
職場倫理,隋風銘,71374,TB11410050,TBTCG1843,選修,,"五 8,9",E2-102,3 類,,2,,https://course.ntu.edu.tw/courses/114-1/71374
元宇宙中的訪談與助人實作,葉北辰,71375,TB11410051,TBTCG1863,,,"一 3,4",TR-211,3 類,,2,,https://course.ntu.edu.tw/courses/114-1/71375
光影素描與彩繪速寫文化,鄒家鈺,71376,TB11410052,TBTCG1873,選修,,"二 1,2",TR-616,3 類,,2,,https://course.ntu.edu.tw/courses/114-1/71376
光影素描與彩繪速寫文化,鄒家鈺,71377,TB11410052,TBTCG1873,選修,,"二 3,4",TR-616,3 類,,2,,https://course.ntu.edu.tw/courses/114-1/71377
原住民族文化資產與藝術實踐,簡志霖,71378,TB11410053,TBTCG1883,,,"二 10,9",TR-210,3 類,,2,,https://course.ntu.edu.tw/courses/114-1/71378
USR永續發展導論,王瑩,71379,TB11410054,TBTCG1893,,,"二 10,8,9",IB-607,3 類,,3,,https://course.ntu.edu.tw/courses/114-1/71379
微笑職場與生命設計,翁楊絲,71421,TB11410055,TBVEG3103,選修,,"四 6,7",TR-210,3 類,,2,,https://course.ntu.edu.tw/courses/114-1/71421
金融科技個案與實務,林俊一,71478,TB11410056,TBFB36177,選修,,"五 7,8,9",IB-1006,3 類,,3,,https://course.ntu.edu.tw/courses/114-1/71478
汽車塗料色彩調配應用技術,郭大賓,71479,TB11410057,TBMEG3053,選修,,"三 7,8",TR-214,3 類,,2,,https://course.ntu.edu.tw/courses/114-1/71479
英語修辭學,Timoth,71491,TB11410058,TBFL34297,選修,,"二 10,8,9",T4-404,3 類,,3,,https://course.ntu.edu.tw/courses/114-1/71491
流體力學,林怡均,71494,TB11410059,TBME38013,選修,,"一 2,3,4",華夏恆毅樓D507,3 類,,3,,https://course.ntu.edu.tw/courses/114-1/71494
深度學習與電腦視覺,徐繼聖,71502,TB11410060,TBAI56267,選修,,"三 3,4,5",E1-223,3 類,,3,,https://course.ntu.edu.tw/courses/114-1/71502
圖學,林聰德,71505,TB11410061,TBCE15037,選修,,"三 1,2 / 五 10,9",,3 類,,2,,https://course.ntu.edu.tw/courses/114-1/71505
數位系統設計,呂學坤,71507,TB11410062,TBEE24027,選修,,"二 2 / 三 3,4",,3 類,,3,,https://course.ntu.edu.tw/courses/114-1/71507
功率積體電路設計,張勝良,71508,TB11410063,TBET56127,選修,,"三 1,2,3",IB-511-2,3 類,,3,,https://course.ntu.edu.tw/courses/114-1/71508
實務專題(上),,71509,TB11410064,TBIM499A0,選修,,,,3 類,,2,,https://course.ntu.edu.tw/courses/114-1/71509
超大型積體電路設計導論,方劭云,71521,TB11410065,TBEE34083,選修,,"三 7 / 五 6,7",,3 類,,3,,https://course.ntu.edu.tw/courses/114-1/71521
營建工程整合設計實務,楊亦東,71553,TB11410069,TBCT44093,選修,,"四 2,3,4",TR-213,3 類,,3,,https://course.ntu.edu.tw/courses/114-1/71553
材料科學(一),王秋燕,71559,TB11410071,TBCE20093,選修,,"一 10 / 二 6,7",,3 類,,3,,https://course.ntu.edu.tw/courses/114-1/71559
電能轉換器模擬與設計實務,吳森統,71561,TB11410072,TBES58477,選修,,"三 2,3,4",EE-701,3 類,,3,,https://course.ntu.edu.tw/courses/114-1/71561
蒙地卡羅法與財務應用,繆維中,71565,TB11410073,TBMB27107,選修,,"三 7,8,9",RB-509,3 類,,3,,https://course.ntu.edu.tw/courses/114-1/71565
行銷管理,RENAN,71567,TB11410074,TBIM32027,選修,,"五 7,8,9",IB-306,3 類,,3,,https://course.ntu.edu.tw/courses/114-1/71567
免疫細胞治療導論,李典璋,71570,TB11410075,TBBE50777,選修,,三 5,TR-616,3 類,,1,,https://course.ntu.edu.tw/courses/114-1/71570
文學翻譯,陳逸軒,71577,TB11410076,TBFL40187,選修,,"五 2,3,4",T4-302,3 類,,3,,https://course.ntu.edu.tw/courses/114-1/71577
創新領域基礎,黃書緯,30623,TBD5001,Z01U1010,必修,,"四 3,4",卓R508,2 類,,2,,https://course.ntu.edu.tw/courses/114-1/30623
創新領域基礎,李宗興,54748,TBD5001,Z01U1010,必修,,"四 3,4",,2 類,,2,,https://course.ntu.edu.tw/courses/114-1/54748
移地學習（一）,袁千雯,42326,TBD5002,Z01U1020,必修,,,,2 類,,3,,https://course.ntu.edu.tw/courses/114-1/42326
移地學習（一）,黃書緯,57967,TBD5002,Z01U1020,必修,,,,2 類,,3,,https://course.ntu.edu.tw/courses/114-1/57967
移地學習（一）,李宗興,51902,TBD5002,Z01U1020,必修,,,,2 類,,3,,https://course.ntu.edu.tw/courses/114-1/51902
移地學習（二）,袁千雯,51080,TBD5003,Z01U1030,必修,,,,2 類,,3,,https://course.ntu.edu.tw/courses/114-1/51080
移地學習（二）,黃書緯,17103,TBD5003,Z01U1030,必修,,,,2 類,,3,,https://course.ntu.edu.tw/courses/114-1/17103
移地學習（二）,李宗興,27130,TBD5003,Z01U1030,必修,,,,2 類,,3,,https://course.ntu.edu.tw/courses/114-1/27130
專題實作（一）,李宗興,46559,TBD5004,Z01U1040,必修,,,,2 類,,6,,https://course.ntu.edu.tw/courses/114-1/46559
專題實作（二）,袁千雯,13781,TBD5005,Z01U1050,必修,,,,2 類,,6,,https://course.ntu.edu.tw/courses/114-1/13781
學士論文,袁千雯,32492,TBD5006,Z01U1060,選修,,,,2 類,,1,,https://course.ntu.edu.tw/courses/114-1/32492
華語文教材教法,張莉萍,45973,TCSL7003,146M0070,必修,,"五 6,7,8",綜505,2 類,,3,,https://course.ntu.edu.tw/courses/114-1/45973
第二語言習得,劉德馨,30277,TCSL7204,146M0110,必修,,"五 2,3,4",綜505,2 類,,3,,https://course.ntu.edu.tw/courses/114-1/30277
服務學習甲,林智莉,54411,Thea0006,109001G0,必修,,三 6,,3 類,,1,,https://course.ntu.edu.tw/courses/114-1/54411
表演一上,朱靜美,50863,Thea1003,10910701,必修,,"二 8,9",總一館114,2 類,,2,,https://course.ntu.edu.tw/courses/114-1/50863
表演一上,朱靜美,18572,Thea1003,10910701,必修,,"二 6,7",總一館114,2 類,,2,,https://course.ntu.edu.tw/courses/114-1/18572
排演一上,姚坤君,18877,Thea1005,10910711,必修,,"一 6,7",總一館106,2 類,,1,,https://course.ntu.edu.tw/courses/114-1/18877
排演一上,姚坤君,16513,Thea1005,10910711,必修,,"一 8,9",總一館106,2 類,,1,,https://course.ntu.edu.tw/courses/114-1/16513
舞臺技術一,陳志峰,37609,Thea1007,10910800,必修,,"四 8,9,10",總一館102,2 類,,2,,https://course.ntu.edu.tw/courses/114-1/37609
舞臺技術一,陳志峰,35678,Thea1007,10910800,必修,,"四 5,6,7",總一館102,2 類,,2,,https://course.ntu.edu.tw/courses/114-1/35678
燈光技術一,宋方瑜,19343,Thea1008,10924110,必修,,"四 3,4,5",總一館118,2 類,,2,,https://course.ntu.edu.tw/courses/114-1/19343
戲劇導論,呂柏伸,22598,Thea1013,10910010,必帶,,"五 3,4,5",總一館108,2 類,,3,,https://course.ntu.edu.tw/courses/114-1/22598
劇場實驗：表演,王靖惇,23559,Thea1106,10913100,,,"二 3,4,5",總一館106,2 類,,2,,https://course.ntu.edu.tw/courses/114-1/23559
電影美術概論,陳  慧,19915,Thea1136,10914160,選修,,"一 3,4",總一館201,2 類,,2,,https://course.ntu.edu.tw/courses/114-1/19915
布袋戲入門,黃僑偉,23425,Thea1401,10912000,選修,,"五 3,4",總一館115,2 類,,2,,https://course.ntu.edu.tw/courses/114-1/23425
崑曲聲腔與動作訓練,楊汗如,11211,Thea1405,10922310,選修,,"一 6,7",總一館118,2 類,,2,,https://course.ntu.edu.tw/courses/114-1/11211
素描一,李柏霖,33939,Thea1805,10914150,選修,,"四 5,6,7",總一館106,2 類,,2,,https://course.ntu.edu.tw/courses/114-1/33939
舞台設計一,李柏霖,11241,Thea2007,10924010,必修,,"五 5,6,7",總一館201,2 類,,2,,https://course.ntu.edu.tw/courses/114-1/11241
中國戲劇名著選讀,林智莉,50390,Thea2023,10922050,必帶 / 選修,,"四 3,4",總一館108,2 類,,2,,https://course.ntu.edu.tw/courses/114-1/50390
西洋戲劇名著選讀：古典,林雯玲,13355,Thea2025,10921080,必帶 / 選修,,"三 3,4",總一館115,2 類,,2,,https://course.ntu.edu.tw/courses/114-1/13355
戲劇製作二,陳志峰,41537,Thea2027,10920000,必帶,,"五 8,9,10",總一館108,2 類,,2,,https://course.ntu.edu.tw/courses/114-1/41537
畢業製作上,王正源,51368,Thea2028,10940011,必帶,,"五 6,7",總一館108,2 類,,2,,https://course.ntu.edu.tw/courses/114-1/51368
表演二,姚坤君,21978,Thea2604,10923020,選修,,"二 6,7,8",總一館106,2 類,,3,,https://course.ntu.edu.tw/courses/114-1/21978
導演一,呂柏伸,17175,Thea2605,10923210,選修,,"一 3,4,5",總一館106,2 類,,3,,https://course.ntu.edu.tw/courses/114-1/17175
肢體開發與應用,蘇威嘉,38107,Thea2610,10923700,選修,,"二 2,3,4",總一館118,2 類,,3,,https://course.ntu.edu.tw/courses/114-1/38107
表導演專題：寫實戲劇,呂柏伸,20789,Thea2621,10923050,選修,,"一 8,9,10",總一館118,2 類,,3,,https://course.ntu.edu.tw/courses/114-1/20789
沉浸式科技劇場專題實作,羅禾淋,18095,Thea2820,10924630,,,"一 6,7,8",綜401,2 類,,3,,https://course.ntu.edu.tw/courses/114-1/18095
劇場技術概論,陳志峰,23983,Thea2825,10924500,選修,,"二 8,9,10",總一館102,2 類,,3,,https://course.ntu.edu.tw/courses/114-1/23983
設計製圖概論,歐子凌,50161,Thea2826,10924660,選修,,"三 8,9,10",總一館201,2 類,,3,,https://course.ntu.edu.tw/courses/114-1/50161
影像設計一,王正源,18394,Thea2827,10924670,必修,,"一 5,6,7",總一館113,2 類,,2,,https://course.ntu.edu.tw/courses/114-1/18394
劇場燈光控制及編程,鄧振威,30270,Thea2828,10924690,選修,,"五 3,4",戲夢空間,2 類,,2,,https://course.ntu.edu.tw/courses/114-1/30270
排演二,黃致凱,27225,Thea2833,10920140,選修,,,,2 類,,2,,https://course.ntu.edu.tw/courses/114-1/27225
排演三,歐子凌,32579,Thea2834,10920150,選修,,,,2 類,,2,,https://course.ntu.edu.tw/courses/114-1/32579
排演四,鄧振威,14438,Thea2835,10920160,選修,,,,2 類,,2,,https://course.ntu.edu.tw/courses/114-1/14438
排演五,王怡美,51364,Thea2836,10920170,選修,,,,2 類,,2,,https://course.ntu.edu.tw/courses/114-1/51364
施工繪圖與製作,陳志峰,22503,Thea2838,10924750,選修,,"二 6,7",總一館201,2 類,,2,,https://course.ntu.edu.tw/courses/114-1/22503
戲劇製作三,黃致凱,39211,Thea3003,10933430,必帶 / 必修,,"五 8,9,10",,2 類,,2,,https://course.ntu.edu.tw/courses/114-1/39211
即興表演：目標訓練,姚坤君,28253,Thea3611,10923100,選修,,"二 9,10",總一館106,2 類,,2,,https://course.ntu.edu.tw/courses/114-1/28253
歌舞劇演唱實作二,魏世芬,11364,Thea3615,10933010,選修,,"三 8,9",總一館118,2 類,,2,,https://course.ntu.edu.tw/courses/114-1/11364
燈光技術二,宋方瑜,13303,Thea3808,10934120,選修,,"五 6,7",戲夢空間,2 類,,2,,https://course.ntu.edu.tw/courses/114-1/13303
服裝設計二,王怡美,33747,Thea3812,10924420,選修,,"四 6,7,8",總一館202,2 類,,3,,https://course.ntu.edu.tw/courses/114-1/33747
製作管理實務上,陳志峰,59007,Thea3818,129U4471,選修,,"五 6,7",總一館208,2 類,,2,,https://course.ntu.edu.tw/courses/114-1/59007
影像設計專題,王正源,28661,Thea3820,10934260,選修,,"四 3,4,5",總一館113,2 類,,3,,https://course.ntu.edu.tw/courses/114-1/28661
舞臺設計二,歐子凌,44016,Thea3823,10934060,選修,,"四 7,8,9",總一館201,2 類,,3,,https://course.ntu.edu.tw/courses/114-1/44016
素描二,李柏霖,14354,Thea3828,10934320,選修,,"四 8,9,10",總一館106,2 類,,2,,https://course.ntu.edu.tw/courses/114-1/14354
戲劇構作方法與實踐,傅裕惠,26163,Thea5227,129U1310,選修,,"二 6,7,8",總一館210,2 類,,3,,https://course.ntu.edu.tw/courses/114-1/26163
戲曲美學與評論,林智莉,37396,Thea5401,129U2010,選修,,"二 3,4",總一館210,2 類,,2,,https://course.ntu.edu.tw/courses/114-1/37396
劇場聲音與系統設計,洪伊俊,16109,Thea5833,129U4070,選修,,"一 8,9,10",總一館113,2 類,,2,,https://course.ntu.edu.tw/courses/114-1/16109
燈光設計二,鄧振威,22925,Thea5838,129U4490,選修,,"一 6,7,8",戲夢空間,2 類,,3,,https://course.ntu.edu.tw/courses/114-1/22925
劇場燈光設計實務,鄧振威,48277,Thea5839,129U4500,選修,,,,2 類,,3,,https://course.ntu.edu.tw/courses/114-1/48277
劇本創作一,施如芳,36247,Thea5901,129U1230,選修,,"一 2,3,4",總一館208,2 類,,2,,https://course.ntu.edu.tw/courses/114-1/36247
研究方法：理論研究,林于湘,15109,Thea7002,129M0030,必修,,"四 8,9",總一館208,2 類,,1,,https://course.ntu.edu.tw/courses/114-1/15109
西方戲劇經典學術著作選讀,林于湘,45835,Thea7004,129M1240,必修,,"三 2,3,4",總一館208,2 類,,3,,https://course.ntu.edu.tw/courses/114-1/45835
戲曲劇本研讀,林鶴宜,19075,Thea7411,129M2090,選修,,"四 2,3,4",總一館208,2 類,,3,,https://course.ntu.edu.tw/courses/114-1/19075
臺灣現代劇場專題：國族與後殖民,林雯玲,27818,Thea7418,129M2240,選修,,"五 2,3,4",總一館210,2 類,,3,,https://course.ntu.edu.tw/courses/114-1/27818
碩士論文,,19109,Thea7999,129M0010,必修,,,,1 類,,0,,https://course.ntu.edu.tw/courses/114-1/19109
博士論文,,56580,Thea8999,129D0010,必修,,,,1 類,,0,,https://course.ntu.edu.tw/courses/114-1/56580
專題討論,林  風,33800,TIGPBP8001,947D0030,必修,,四 7,,1 類,,1,,https://course.ntu.edu.tw/courses/114-1/33800
研究室見習,林  風,49680,TIGPBP8002,947D0050,必修,,,,1 類,,0,,https://course.ntu.edu.tw/courses/114-1/49680
書報討論,黃念祖,53616,TIGPBP8003,947D0060,必修,,"四 8,9",,1 類,,1,,https://course.ntu.edu.tw/courses/114-1/53616
程式語言,賴亮全,42868,TIGPBP8004,947D0040,必修,,"五 3,4",,2 類,,2,,https://course.ntu.edu.tw/courses/114-1/42868
基礎分子生物學一,郭柏齡,44542,TIGPBP8005,947D0070,必修,,"二 2,3,4",,2 類,,3,,https://course.ntu.edu.tw/courses/114-1/44542
生物計算學,魏安祺,23272,TIGPBP8006,947D0080,必修,,"五 6,7,8",,2 類,,3,,https://course.ntu.edu.tw/courses/114-1/23272
基礎生物資訊統計學,曾宇鳳,13075,TIGPBP8007,947D0090,必修,,"四 2,3,4",,2 類,,3,,https://course.ntu.edu.tw/courses/114-1/13075
基礎神經科學,陳示國,15582,TIPGIN8003,B49D0120,必修,,,,2 類,,3,,https://course.ntu.edu.tw/courses/114-1/15582
跨領域神經科學講座,周銘翊,10908,TIPGIN8004,B49D0130,必修,,,,2 類,,1,,https://course.ntu.edu.tw/courses/114-1/10908
神經科學研究技術簡介,周雅惠,57475,TIPGIN8005,B49D0140,選修,,"五 3,4",,3 類,,2,,https://course.ntu.edu.tw/courses/114-1/57475
博士論文,,27232,TIPGIN8999,B49D0010,必修,,,,1 類,,0,,https://course.ntu.edu.tw/courses/114-1/27232
毒道之處～看不見的危機!,姜至剛,34380,Tox5009,447U2500,,,"一 8,9",博雅202,2 類,,2,,https://course.ntu.edu.tw/courses/114-1/34380
毒理學專題討論,華國泰,42321,Tox7001,447M0030,必修,,"一 2,3,4",基醫506,1 類,,1,,https://course.ntu.edu.tw/courses/114-1/42321
研究導論,華國泰,15863,Tox7002,447M0070,選修,,"三 8,9",基醫506,1 類,,2,,https://course.ntu.edu.tw/courses/114-1/15863
毒理學特論一,華國泰,26769,Tox7003,447M0310,選修,,三 6,基醫506,1 類,,1,,https://course.ntu.edu.tw/courses/114-1/26769
毒理學特論三,華國泰,34260,Tox7005,447M0330,選修,,三 7,基醫506,1 類,,1,,https://course.ntu.edu.tw/courses/114-1/34260
基礎毒理學,華國泰,36240,Tox7009,447M1130,必修,,"二 2,3,4",基醫506,3 類,,3,,https://course.ntu.edu.tw/courses/114-1/36240
實驗毒理學,華國泰,36946,Tox7012,447M1310,必修 / 選修,,"四 6,7,8",基醫506,3 類,,3,,https://course.ntu.edu.tw/courses/114-1/36946
碩士論文,,40428,Tox7999,447M0010,必修,,,,1 類,,0,,https://course.ntu.edu.tw/courses/114-1/40428
研究導論,華國泰,52774,Tox8003,447D0130,選修,,"五 8,9",基醫506,1 類,,2,,https://course.ntu.edu.tw/courses/114-1/52774
高級實驗毒理學(一),華國泰,27731,Tox8004,447D0140,必修,,"二 6,7,8",基醫506,1 類,,1,,https://course.ntu.edu.tw/courses/114-1/27731
分子毒理學一,華國泰,32261,Tox8006,447D0160,必修,,"四 2,3,4",基醫506,1 類,,3,,https://course.ntu.edu.tw/courses/114-1/32261
高級毒理學專題討論,華國泰,37955,Tox8008,447D0200,必修,,"一 5,6,7",基醫506,1 類,,1,,https://course.ntu.edu.tw/courses/114-1/37955
高級毒理學特論一,華國泰,57433,Tox8009,447D0310,選修,,"五 3,4",基醫506,1 類,,1,,https://course.ntu.edu.tw/courses/114-1/57433
高級毒理學特論三,華國泰,41404,Tox8011,447D0330,選修,,"五 6,7",基醫506,1 類,,1,,https://course.ntu.edu.tw/courses/114-1/41404
博士論文,,20758,Tox8999,447D0010,必修,,,,1 類,,0,,https://course.ntu.edu.tw/courses/114-1/20758
專題討論,張原豪,11119,TPAIoT8000,949D0020,必修,,"五 7,8",,2 類,,0,,https://course.ntu.edu.tw/courses/114-1/11119
專題研究,林  澤,49108,TPAIoT8001,949D0030,必修,,,,2 類,,1,,https://course.ntu.edu.tw/courses/114-1/49108
專題研究,魏宏宇,28249,TPAIoT8001,949D0030,必修,,,,2 類,,1,,https://course.ntu.edu.tw/courses/114-1/28249
專題研究,謝宏昀,53146,TPAIoT8001,949D0030,必修,,,,2 類,,1,,https://course.ntu.edu.tw/courses/114-1/53146
專題研究,蔡欣穆,16195,TPAIoT8001,949D0030,必修,,,,2 類,,1,,https://course.ntu.edu.tw/courses/114-1/16195
專題研究,廖婉君,32350,TPAIoT8001,949D0030,必修,,,,2 類,,1,,https://course.ntu.edu.tw/courses/114-1/32350
專題研究,劉邦鋒,37168,TPAIoT8001,949D0030,必修,,,,2 類,,1,,https://course.ntu.edu.tw/courses/114-1/37168
專題研究,廖世偉,33498,TPAIoT8001,949D0030,必修,,,,2 類,,1,,https://course.ntu.edu.tw/courses/114-1/33498
專題研究,張原豪,95037,TPAIoT8001,949D0030,必修,,,,2 類,,1,,https://course.ntu.edu.tw/courses/114-1/95037
臺灣現代小說選讀,張文薰,30215,TwLit1022,14510170,,,"五 6,7,8",新404,2 類,,3,,https://course.ntu.edu.tw/courses/114-1/30215
在地酷兒文學與網路社群文化,鄭芳婷,23143,TwLit1025,14510200,,,"四 6,7,8",博雅305,2 類,,3,,https://course.ntu.edu.tw/courses/114-1/23143
臺灣現代散文選讀：情感與人文,楊雅儒,47018,TwLit1047,14510570,,,"三 3,4,5",普502,2 類,,3,,https://course.ntu.edu.tw/courses/114-1/47018
臺灣文學史專題討論上,黃美娥,27160,TwLit7001,145M0021,必修 / 選修,,"二 7,8,9",人文530,2 類,,3,,https://course.ntu.edu.tw/courses/114-1/27160
專題研究：文學及文化研究,蘇碩斌,95058,TwLit7082,145M0760,選修,,一 1,,2 類,,1,,https://course.ntu.edu.tw/courses/114-1/95058
主體性理論選讀,鄭芳婷,44979,TwLit7094,145M0880,選修,,"五 6,7,8",人文530,2 類,,3,,https://course.ntu.edu.tw/courses/114-1/44979
文學理論與文學研究方法,蘇碩斌,42594,TwLit7100,145M0930,必修,,"一 7,8,9",人文530,2 類,,3,,https://course.ntu.edu.tw/courses/114-1/42594
專題研究：華語語系與臺灣文學,黃美娥,40956,TwLit7122,145M1160,選修,,四 10,人文532,2 類,,1,,https://course.ntu.edu.tw/courses/114-1/40956
當代臺灣電影專題,謝欣芩,51836,TwLit7157,145M1510,選修,,"二 3,4,5",人文530,2 類,,3,,https://course.ntu.edu.tw/courses/114-1/51836
創造性非虛構寫作,蘇碩斌,22292,TwLit7166,145M1600,選修,,"四 3,4,5",人文530,2 類,,3,,https://course.ntu.edu.tw/courses/114-1/22292
文學與物,李育霖,39087,TwLit7167,145M1610,選修,,"三 3,4,5",人文530,2 類,,3,,https://course.ntu.edu.tw/courses/114-1/39087
專題討論：電影研究與論文寫作,謝欣芩,12002,TwLit7168,145M1620,選修,,一 5,人文532,2 類,,1,,https://course.ntu.edu.tw/courses/114-1/12002
碩士論文,,55883,TwLit7999,145M0010,必修,,,,1 類,,0,,https://course.ntu.edu.tw/courses/114-1/55883
臺灣文學史料與研究文獻,楊雅儒,44859,TwLit8006,145D0050,必修,,"二 6,7,8",人文532,2 類,,3,,https://course.ntu.edu.tw/courses/114-1/44859
臺灣文學與文化專題研究,張文薰,47754,TwLit8007,145D0060,必修,,"四 7,8,9",人文530,2 類,,3,,https://course.ntu.edu.tw/courses/114-1/47754
博士論文,,54710,TwLit8999,145D0010,必修,,,,1 類,,0,,https://course.ntu.edu.tw/courses/114-1/54710
校學士專題討論,黃佩玲,58714,UIBP1003,H0510300,選修,,"二 A,B,C",普306,2 類,,1,,https://course.ntu.edu.tw/courses/114-1/58714
診斷細胞學特論,李繼忠,45231,VCS5004,643U1960,選修,,,,2 類,,1,,https://course.ntu.edu.tw/courses/114-1/45231
小動物呼吸胸腔心肺病例與書報討論,林中惠,43434,VCS5009,643U2000,選修,,,,2 類,,1,,https://course.ntu.edu.tw/courses/114-1/43434
犬五大蟲媒傳染,蘇璧伶,52379,VCS5013,643U2040,選修,,,,3 類,,1,,https://course.ntu.edu.tw/courses/114-1/52379
住院病例回顧與解析,王尚麟,33728,VCS5016,643U2050,選修,,,,2 類,,2,,https://course.ntu.edu.tw/courses/114-1/33728
臨床研究概論,劉乃潔,32241,VCS5017,643U2060,選修,,"二 10,A",,3 類,,2,,https://course.ntu.edu.tw/courses/114-1/32241
伴侶動物復健及物理治療學,劉金鳴,21305,VCS5018,643U2070,選修,,"三 3,4",,2 類,,2,,https://course.ntu.edu.tw/courses/114-1/21305
小動物耳鼻喉暨頭頸外科學專題研討（一）,劉乃潔,32973,VCS5021,643U2080,選修,,五 2,,2 類,,1,,https://course.ntu.edu.tw/courses/114-1/32973
專題研究一,林中天,13613,VCS7001,643M0070,必修,,,,1 類,,1,,https://course.ntu.edu.tw/courses/114-1/13613
專題研究一,李雅珍,40566,VCS7001,643M0070,必修,,,,1 類,,1,,https://course.ntu.edu.tw/courses/114-1/40566
專題研究一,武敬和,49646,VCS7001,643M0070,必修,,,,1 類,,1,,https://course.ntu.edu.tw/courses/114-1/49646
專題研究一,余品奐,25643,VCS7001,643M0070,必修,,,,1 類,,1,,https://course.ntu.edu.tw/courses/114-1/25643
專題研究三,蘇璧伶,20243,VCS7003,643M0090,必修,,,,1 類,,1,,https://course.ntu.edu.tw/courses/114-1/20243
專題研究三,李雅珍,57778,VCS7003,643M0090,必修,,,,1 類,,1,,https://course.ntu.edu.tw/courses/114-1/57778
專題研究三,張雅珮,23605,VCS7003,643M0090,必修,,,,1 類,,1,,https://course.ntu.edu.tw/courses/114-1/23605
專題研究三,余品奐,54625,VCS7003,643M0090,必修,,,,1 類,,1,,https://course.ntu.edu.tw/courses/114-1/54625
專題研究三,王尚麟,25828,VCS7003,643M0090,必修,,,,1 類,,1,,https://course.ntu.edu.tw/courses/114-1/25828
專題研究三,劉乃潔,58811,VCS7003,643M0090,必修,,,,1 類,,1,,https://course.ntu.edu.tw/courses/114-1/58811
專題討論一,林中天,36560,VCS7005,643M0200,必修,,,,1 類,,1,,https://course.ntu.edu.tw/courses/114-1/36560
專題討論三,林中天,54079,VCS7007,643M0220,必修,,,,1 類,,1,,https://course.ntu.edu.tw/courses/114-1/54079
伴侶動物診療實習一,林中天,47727,VCS7011,643M2240,選修,,,,1 類,,4,,https://course.ntu.edu.tw/courses/114-1/47727
伴侶動物診療實習三,林中天,59679,VCS7013,643M2260,選修,,,,1 類,,4,,https://course.ntu.edu.tw/courses/114-1/59679
大動物及野生動物組診療一,余品奐,45450,VCS7015,643M2280,選修,,,,1 類,,4,,https://course.ntu.edu.tw/courses/114-1/45450
大動物及野生動物組診療三,余品奐,42168,VCS7017,643M2300,選修,,,,1 類,,4,,https://course.ntu.edu.tw/courses/114-1/42168
小動物急診加護專題討論一,王尚麟,29735,VCS7019,643M2340,選修,,二 3,醫院大講堂,1 類,,1,,https://course.ntu.edu.tw/courses/114-1/29735
小動物急診加護專題討論三,王尚麟,48315,VCS7021,643M2360,選修,,二 4,醫院大講堂,1 類,,1,,https://course.ntu.edu.tw/courses/114-1/48315
小動物骨科學專題研討一,葉力森,52738,VCS7028,643M2430,選修,,,,1 類,,1,,https://course.ntu.edu.tw/courses/114-1/52738
小動物骨科學專題研討二,葉力森,19513,VCS7030,643M2440,選修,,,,1 類,,1,,https://course.ntu.edu.tw/courses/114-1/19513
小動物血液腫瘤專題研討,王尚麟,45104,VCS7031,643M2450,選修,,,,2 類,,2,,https://course.ntu.edu.tw/courses/114-1/45104
碩士論文,,12686,VCS7999,643M0010,必修,,,,1 類,,0,,https://course.ntu.edu.tw/courses/114-1/12686
服務學習甲,王家琪,21127,VM0006,609001G0,必帶,,,,1 類,,1,,https://course.ntu.edu.tw/courses/114-1/21127
服務學習甲,李雅珍,15134,VM0006,609001G0,必帶,,,,1 類,,1,,https://course.ntu.edu.tw/courses/114-1/15134
服務學習乙,楊瑋誠,34407,VM0007,609001H0,選修,,"六 6,7,8,9",,3 類,,1,,https://course.ntu.edu.tw/courses/114-1/34407
獸醫學概論,高啓霏,43465,VM1006,60910100,選修,,五 2,獸三館B01,2 類,,1,,https://course.ntu.edu.tw/courses/114-1/43465
獸醫寄生虫學及實習,楊瑋誠,33089,VM2006,60921700,必帶,,"二 3,4,7,8",獸一館212,2 類,,3,,https://course.ntu.edu.tw/courses/114-1/33089
獸醫寄生虫學及實習,楊瑋誠,15412,VM2006,60921700,必帶,,"二 3,4 / 四 8,9",獸三館406,2 類,,3,,https://course.ntu.edu.tw/courses/114-1/15412
獸醫解剖學及實習上,蕭逸澤,34446,VM2009,60921901,必帶,,"一 3,4,5,6,7,8,9,10,A",,2 類,,4,,https://course.ntu.edu.tw/courses/114-1/34446
獸醫解剖學及實習上,蕭逸澤,31255,VM2009,60921901,必帶,,"四 3,4,5,6,7,8,9,10,A",獸一館410,2 類,,4,,https://course.ntu.edu.tw/courses/114-1/31255
獸醫生理學上,王家琪,22395,VM2015,60929701,必帶,,"五 6,7,8",獸三館B01,2 類,,3,,https://course.ntu.edu.tw/courses/114-1/22395
動物組織學實習,江逸凡,24949,VM2019,60929910,必帶,,"三 2,3,4",獸一館412,2 類,,1,,https://course.ntu.edu.tw/courses/114-1/24949
實驗動物科學入門,萬灼華,38367,VM2020,60929700,必帶,,"五 3,4",獸三館B01,2 類,,2,,https://course.ntu.edu.tw/courses/114-1/38367
獸醫病理學及實習上,張志成,43328,VM3002,60930101,必帶,,"一 6,7,8,9,10,A",獸一館410,2 類,,4,,https://course.ntu.edu.tw/courses/114-1/43328
獸醫病理學及實習上,黃威翔,51409,VM3002,60930101,必帶,,"三 6,7,8,9,10,A",獸一館410,2 類,,4,,https://course.ntu.edu.tw/courses/114-1/51409
大動物外科手術及實習,余品奐,47732,VM3007,60930500,必帶,,"三 6,7,8,9",醫院大講堂,2 類,,2,,https://course.ntu.edu.tw/courses/114-1/47732
獸醫藥理學,詹東榮,31943,VM3012,60933300,必帶,,"四 2,3,4",獸一館212,2 類,,3,,https://course.ntu.edu.tw/courses/114-1/31943
獸醫藥理學,詹東榮,40952,VM3012,60933300,必帶,,"四 7,8,9",獸一館212,2 類,,3,,https://course.ntu.edu.tw/courses/114-1/40952
水產養殖概論,蘇豐傑,58216,VM3019,60938410,選修,,,,1 類,,3,,https://course.ntu.edu.tw/courses/114-1/58216
獸醫免疫學,林翰佑,14865,VM3021,60931600,必帶,,"三 2,3,4",獸三館B01,2 類,,3,,https://course.ntu.edu.tw/courses/114-1/14865
細胞分子生物學,蔡沛學,28430,VM3022,60938500,必修,,"四 6,7",,1 類,,2,,https://course.ntu.edu.tw/courses/114-1/28430
水產動物疾病學,陳媺玫,32911,VM4001,60940000,必帶,,"五 2,3,4",獸一館212,2 類,,3,,https://course.ntu.edu.tw/courses/114-1/32911
水產動物疾病學,陳媺玫,48893,VM4001,60940000,必帶,,"五 7,8,9",獸一館212,2 類,,3,,https://course.ntu.edu.tw/courses/114-1/48893
禽病學,吳乃慧,19495,VM4009,60942400,必帶,,"二 1,2 / 四 6,7",獸三館B01,2 類,,4,,https://course.ntu.edu.tw/courses/114-1/19495
豬病學,葉光勝,54478,VM4011,60944000,必帶,,"四 1,2,3,4",獸三館B01,2 類,,4,,https://course.ntu.edu.tw/courses/114-1/54478
醫院見習,張雅珮,35995,VM4014,60947000,選修,,,,2 類,,1,,https://course.ntu.edu.tw/courses/114-1/35995
馬病學,蕭火城,36015,VM4016,60948420,選修,,"三 6,7,8,9",獸一館212,3 類,,2,,https://course.ntu.edu.tw/courses/114-1/36015
專題研究上,林中天,16000,VM4017,60948501,選修,,,,2 類,,1,,https://course.ntu.edu.tw/courses/114-1/16000
專題研究上,張芳嘉,33642,VM4017,60948501,選修,,,,2 類,,1,,https://course.ntu.edu.tw/courses/114-1/33642
專題研究上,周崇熙,47713,VM4017,60948501,選修,,,,2 類,,1,,https://course.ntu.edu.tw/courses/114-1/47713
專題研究上,廖泰慶,21070,VM4017,60948501,選修,,,,1 類,,1,,https://course.ntu.edu.tw/courses/114-1/21070
專題研究上,葉光勝,29532,VM4017,60948501,選修,,,,2 類,,1,,https://course.ntu.edu.tw/courses/114-1/29532
專題研究上,林辰栖,45666,VM4017,60948501,選修,,,,2 類,,1,,https://course.ntu.edu.tw/courses/114-1/45666
專題研究上,李雅珍,49339,VM4017,60948501,選修,,,,2 類,,1,,https://course.ntu.edu.tw/courses/114-1/49339
專題研究上,武敬和,17637,VM4017,60948501,選修,,,,2 類,,1,,https://course.ntu.edu.tw/courses/114-1/17637
專題研究上,劉以立,49729,VM4017,60948501,選修,,,,2 類,,1,,https://course.ntu.edu.tw/courses/114-1/49729
專題研究上,蔡沛學,30638,VM4017,60948501,選修,,,,2 類,,1,,https://course.ntu.edu.tw/courses/114-1/30638
專題研究上,張惠雯,38025,VM4017,60948501,選修,,,,2 類,,1,,https://course.ntu.edu.tw/courses/114-1/38025
專題研究上,王家琪,45320,VM4017,60948501,選修,,,,2 類,,1,,https://course.ntu.edu.tw/courses/114-1/45320
專題研究上,黃威翔,28699,VM4017,60948501,選修,,,,2 類,,1,,https://course.ntu.edu.tw/courses/114-1/28699
專題研究上,張晏禎,34302,VM4017,60948501,選修,,,,2 類,,1,,https://course.ntu.edu.tw/courses/114-1/34302
專題研究上,楊文淵,16974,VM4017,60948501,選修,,,,2 類,,1,,https://course.ntu.edu.tw/courses/114-1/16974
專題研究上,吳乃慧,28888,VM4017,60948501,選修,,,,2 類,,1,,https://course.ntu.edu.tw/courses/114-1/28888
專題研究上,張家宜,41267,VM4017,60948501,選修,,,,2 類,,1,,https://course.ntu.edu.tw/courses/114-1/41267
專題研究上,高啓霏,49636,VM4017,60948501,選修,,,,2 類,,1,,https://course.ntu.edu.tw/courses/114-1/49636
反芻動物疾病學,余品奐,44250,VM4019,60948700,必帶,,"二 3,4",,2 類,,2,,https://course.ntu.edu.tw/courses/114-1/44250
獸醫臨床及影像診斷學,劉以立,32736,VM4020,60948800,必帶,,"四 8,9",醫院大講堂,2 類,,2,,https://course.ntu.edu.tw/courses/114-1/32736
學士論文上,林中天,24249,VM4998,60959501,選修,,,,1 類,,1,,https://course.ntu.edu.tw/courses/114-1/24249
學士論文上,周崇熙,17519,VM4998,60959501,選修,,,,1 類,,1,,https://course.ntu.edu.tw/courses/114-1/17519
學士論文上,廖泰慶,17009,VM4998,60959501,選修,,,,1 類,,1,,https://course.ntu.edu.tw/courses/114-1/17009
學士論文上,林辰栖,30013,VM4998,60959501,選修,,,,1 類,,1,,https://course.ntu.edu.tw/courses/114-1/30013
學士論文上,陳慧文,34790,VM4998,60959501,選修,,,,1 類,,1,,https://course.ntu.edu.tw/courses/114-1/34790
學士論文上,蕭逸澤,33536,VM4998,60959501,選修,,,,1 類,,1,,https://course.ntu.edu.tw/courses/114-1/33536
學士論文上,楊文淵,15174,VM4998,60959501,選修,,,,1 類,,1,,https://course.ntu.edu.tw/courses/114-1/15174
學士論文上,張家宜,26390,VM4998,60959501,選修,,,,1 類,,1,,https://course.ntu.edu.tw/courses/114-1/26390
獸醫公共衛生學及實習,張家宜,58102,VM5002,60952200,必帶,,"一 2,3,4",,2 類,,3,,https://course.ntu.edu.tw/courses/114-1/58102
診療實習一甲,李繼忠,38993,VM5006,60955010,必帶,,,,2 類,,5,,https://course.ntu.edu.tw/courses/114-1/38993
臨床討論一,蘇璧伶,41310,VM5008,60955310,必帶,,"二 6,7",醫院大講堂,1 類,,1,,https://course.ntu.edu.tw/courses/114-1/41310
臨床討論一,蘇璧伶,43166,VM5008,60955310,必帶,,"二 6,7",,1 類,,1,,https://course.ntu.edu.tw/courses/114-1/43166
屍體解剖一,張惠雯,44560,VM5011,60956010,必帶,,,,2 類,,1,,https://course.ntu.edu.tw/courses/114-1/44560
屍體解剖一,張晏禎,39937,VM5011,60956010,必帶,,,,2 類,,1,,https://course.ntu.edu.tw/courses/114-1/39937
獸醫法規與倫理,楊瑋誠,36267,VM5013,60956200,必帶,,"二 8,9",醫院大講堂,2 類,,1,,https://course.ntu.edu.tw/courses/114-1/36267
水產動物組織學一,許天來,27648,VM5032,629U1600,選修,,"二 6,7",獸三館202,1 類,,2,,https://course.ntu.edu.tw/courses/114-1/27648
禽病防治,周崇熙,42265,VM5034,629U1640,選修,,"五 3,4",獸三館202,2 類,,2,,https://course.ntu.edu.tw/courses/114-1/42265
小動物眼科學,林中天,58095,VM5046,629U1870,選修,,"一 5,6",醫院大講堂,2 類,,2,,https://course.ntu.edu.tw/courses/114-1/58095
小動物臨床神經學,張雅珮,27131,VM5083,629U2340,選修,,,,1 類,,2,,https://course.ntu.edu.tw/courses/114-1/27131
動物用疫苗,林俊宏,95054,VM5095,629U2500,選修,,"一 3,4",獸三館202,2 類,,2,,https://course.ntu.edu.tw/courses/114-1/95054
小動物行為醫學,王儷蒨,29514,VM5097,629U2600,選修,,"四 2,3,4",獸三館203,3 類,,3,,https://course.ntu.edu.tw/courses/114-1/29514
獸醫細菌遺傳學,葉光勝,47264,VM5101,629U2640,選修,,"四 8,9",獸三館202,1 類,,2,,https://course.ntu.edu.tw/courses/114-1/47264
關懷生命愛護動物實習二,武敬和,33752,VM5111,60959510,選修,,,,2 類,,2,,https://course.ntu.edu.tw/courses/114-1/33752
獸醫行政與實務,楊文淵,27840,VM5115,629U2760,選修,,"二 3,4",獸三館203,3 類,,2,,https://course.ntu.edu.tw/courses/114-1/27840
動物細胞及組織培養,吳乃慧,11322,VM5116,629U2770,選修,,"三 6,7",獸三館202,2 類,,2,,https://course.ntu.edu.tw/courses/114-1/11322
獸醫師與法庭科學：觀念、責任、法規與實務,黃威翔,50430,VM5129,629U2790,選修,,四 10,獸三館203,3 類,,1,,https://course.ntu.edu.tw/courses/114-1/50430
流浪動物醫學入門,劉以立,24414,VM6008,60960070,選修,,"五 5,6",醫院大講堂,2 類,,2,,https://course.ntu.edu.tw/courses/114-1/24414
小動物基礎臨床技能,王尚麟,36529,VM6011,60960100,選修,,"五 3,4",獸一館105,2 類,,2,,https://course.ntu.edu.tw/courses/114-1/36529
臨床溝通技巧與醫病關係上,蘇璧伶,16731,VM6014,60960130,選修,,,,1 類,,1,,https://course.ntu.edu.tw/courses/114-1/16731
專題研究一,張芳嘉,32656,VM7005,629M0070,必修 / 選修,,,,1 類,,1,,https://course.ntu.edu.tw/courses/114-1/32656
專題研究一,周崇熙,48080,VM7005,629M0070,必修,,,,1 類,,1,,https://course.ntu.edu.tw/courses/114-1/48080
專題研究一,廖泰慶,52571,VM7005,629M0070,必修,,,,1 類,,1,,https://course.ntu.edu.tw/courses/114-1/52571
專題研究一,葉光勝,37024,VM7005,629M0070,必修,,,,1 類,,1,,https://course.ntu.edu.tw/courses/114-1/37024
專題研究一,林辰栖,50108,VM7005,629M0070,必修,,,,1 類,,1,,https://course.ntu.edu.tw/courses/114-1/50108
專題研究一,陳慧文,58087,VM7005,629M0070,必修,,,,1 類,,1,,https://course.ntu.edu.tw/courses/114-1/58087
