課名,授課教授,開課系所,學分,最後開課學期,流水號,課號,品質,甜度,涼度,紮實,評價內容,評價明細_JSON
有機化學實驗,楊吉水,醫學系、牙醫學系、醫學檢驗暨生物技術學系、醫學工程學系、園藝暨景觀學系、生命科學系、生化科技學系,1,114-2,43414,Chem2035,,,,,"[""無評價""]",[]
有機化學實驗,柳玗珍,醫學系、牙醫學系、醫學檢驗暨生物技術學系、醫學工程學系、農藝學系、動物科學技術學系、園藝暨景觀學系、獸醫學系、昆蟲學系、植物病理與微生物學系、生物科技與食品營養學士學位學程、生命科學系、生化科技學系,1,114-2,57974,Chem2035,,,,,"[""無評價""]",[]
左傳乙下,李隆獻,中國文學系,2,114-2,30397,CHIN2032,,,,,"[""無評價""]",[]
史記甲下,張素卿,中國文學系,2,114-2,54644,CHIN2036,,,,,"[""無評價""]",[]
"音樂作品欣賞二
A1",蔡世豪,中國文學系,2,114-2,14613,CHIN1050,,,,,"[""無評價""]",[]
清儒名著選讀,曹美秀,中國文學系,3,114-2,29555,CHIN3022,,,,,"[""無評價""]",[]
蒙文二,蕭素英,中國文學系,2,114-2,23025,CHIN5044,,,,,"[""無評價""]",[]
滿文一,莊吉發,中國文學系,2,114-2,16212,CHIN5007,5.0,5.0,5.0,5.0,"[""[User58937 | 114-2]: 滿文基礎認識\n老師面授\n老師自己發的講義\n六次小測\n具體不知\n建議對滿文有興趣有一點基礎的選""]","[{""User_ID"": ""User58937"", ""Semester"": ""114-2"", ""Rating_Quality"": null, ""Rating_Sweet"": null, ""Rating_Easy"": null, ""Rating_Rich"": null, ""Comment"": ""滿文基礎認識\n老師面授\n老師自己發的講義\n六次小測\n具體不知\n建議對滿文有興趣有一點基礎的選""}]"
臺灣閩南語二,林貝珊,中國文學系,2,114-2,44712,CHIN5076,,,,,"[""無評價""]",[]
文學概論下,陳昭瑛,中國文學系,2,114-2,11881,CHIN1006,,,,,"[""無評價""]",[]
文字學乙下,林宏佳,中國文學系,2,114-2,10471,CHIN2002,,,,,"[""無評價""]",[]
中國文學史下,黃奕珍,中國文學系,3,114-2,35134,CHIN2004,,,,,"[""無評價""]",[]
聲韻學甲下,李存智,中國文學系,2,114-2,36387,CHIN3002,,,,,"[""無評價""]",[]
聲韻學甲下,徐芳敏,中國文學系,2,114-2,36978,CHIN3002,,,,,"[""無評價""]",[]
中國思想史下,蔡振豐,中國文學系,3,114-2,13980,CHIN3004,,,,,"[""無評價""]",[]
中國思想史下,徐聖心,中國文學系,3,114-2,11717,CHIN3004,,,,,"[""無評價""]",[]
訓詁學下,劉文清,中國文學系,2,114-2,18167,CHIN4002,,,,,"[""無評價""]",[]
李杜詩選,佘筠珺,中國文學系國際學生學士班,2,114-2,46957,CHIN3057,,,,,"[""無評價""]",[]
花間詞選,李文鈺,中國文學系、中國文學系國際學生學士班,2,114-2,45166,CHIN4060,,,,,"[""無評價""]",[]
中國文學史二下,劉柏正,中國文學系國際學生學士班,2,114-2,31711,CHIN3010,,,,,"[""無評價""]",[]
歷代詩選下,佘筠珺,中國文學系國際學生學士班,2,114-2,28116,CHIN3016,,,,,"[""無評價""]",[]
中國文學史概說二,蔡祝青,外國語文學系,3,114-2,47050,CHIN2238,,,,,"[""無評價""]",[]
新聞媒體與文化,鍾玉玨,外國語文學系,2,114-2,21858,FL3202,,,,,"[""無評價""]",[]
法文兒童故事二,謝艾米,外國語文學系,2,114-2,31109,FL3256,,,,,"[""無評價""]",[]
"電影研究導論
A1",于昌民,外國語文學系,3,114-2,56853,FL3281,,,,,"[""無評價""]",[]
德國文化概述下,漢駿緯,外國語文學系,4,114-2,52759,FL4040,,,,,"[""無評價""]",[]
認識法國當代社會二,歐德尼,外國語文學系,3,114-2,48991,FL4170,,,,,"[""無評價""]",[]
伊斯蘭歷史與文化,初雅士,外國語文學系,2,114-2,30182,FL4132,,,,,"[""無評價""]",[]
西班牙文學名著選讀二,張淑英,外國語文學系、外國語文學研究所,3,114-2,46322,FL5076,,,,,"[""無評價""]",[]
翻譯概論,馬耀民,外國語文學系、外國語文學研究所,3,114-2,17731,FL5039,,,,,"[""無評價""]",[]
西洋文學概論二,孟克禮,外國語文學系,3,114-2,21316,FL1016,3.0,3.0,1.0,5.0,"[""[User79057 | 113-2]: somewhat interesting\nvery drawn out and thorough, but is very selective on comments\nLots of printing needed to be done.\nHeavy on reading, very hard to balance with other classes\nWas Okayish""]","[{""User_ID"": ""User79057"", ""Semester"": ""113-2"", ""Rating_Quality"": null, ""Rating_Sweet"": null, ""Rating_Easy"": null, ""Rating_Rich"": null, ""Comment"": ""somewhat interesting\nvery drawn out and thorough, but is very selective on comments\nLots of printing needed to be done.\nHeavy on reading, very hard to balance with other classes\nWas Okayish""}]"
文學作品讀法下,于昌民,外國語文學系,3,114-2,13880,FL1014,,,,,"[""無評價""]",[]
文學作品讀法下,王沐嵐,外國語文學系,3,114-2,24367,FL1014,,,,,"[""無評價""]",[]
法文一下,林湘漪,外國語文學系,3,114-2,51770,FL2014,,,,,"[""無評價""]",[]
法文一下,陳素麗,外國語文學系,3,114-2,49392,FL2014,,,,,"[""無評價""]",[]
德文一下,林倩君,外國語文學系,3,114-2,20635,FL2016,4.5,4.5,2.0,5.0,"[""[User35755 | 110-1]: Lektion 7: Willkommen in Berlin 歡迎來到柏林\n授課內容:\n1.詢問地點\n2.明瞭當地人給的訊息\n3.搭乘公車和火車/地鐵/有軌電車\n4.文法: 第三格 (Dativ) 之出現形式; 須接第三格的介系詞: mit, zu; 疑問詞 “welch” 的用法; 祈使句\n\nLektion 8: Zimmer, Küche, Bad 房間廚房浴室\n授課內容:\n1.談論租屋\n2.認識租屋廣告\n3.文法:現在完成式1: haben + Partizip II; 情態動詞: wollen 與können\n\nLektion 9: Was ist passiert? 發生什麼事了?\n授課內容:\n1.說出一天的日程安排\n2.履歷的書寫\n3.陳述發生或經歷過的事情\n4.文法: 現在完成式2: sein + Partizip II; 須接第三格的介系詞: vor, nach, seit\n\nLektion 10:　Ich arbeite bei … 我在 … 地方工作\n授課內容:\n1.談論職業/工作\n2.談自己喜愛的職業\n3.認識求職/求才廣告\n4.文法: 句子結構綜述; 情態動詞: müssen; 序數\n\nLektion 11: Gesund und fit 健康並且精力充沛\n授課內容:\n1.說出身體部位\n2.就醫用語\n3.談論健康與疾病\n4.所有格\n5.文法: 情態動詞: dürfen與sollen; ja, nein, doch之用法(復習); 祈使句綜述\n\nLektion 12: Schönes Wochenende! 週末愉快!\n授課內容:\n1.旅程預定\n2.旅客問訊: 旅館住宿, 購票等\n3.談天氣\n4.認識旅遊廣告\n5.文法: 人稱代詞之第四格(Akkusativ); 可接第四格及第三格之介系詞; es 的用法\n課本教材，聽說讀寫都有，且特別注重文法及單字、時態背誦，上完倩君的課，文法的底子應該夠紮實，唯口說練習較少\n每\n次大考前大約要背200個單字，陰陽性也會考\n有時候會補充德國文化及旅遊知識，以及教授自身在德國的經歷、德國研究所等課外實用的內容\nBerliner Platz 1 NEU\n30%單字\n10%聽力測驗（會從課本教過的聽力練習出，但會改題目）\n35%文法\n25%其他（如重組句子、翻譯）\n5%期中前小考、5%期末前小考\n2次作業共10%\n期中考30%\n期末考50%\n上學期給50%人A+\n推倩君的課，有上過嘉穎的課，覺得兩者之間差異在於倩君比較注重文法及單字，對於想把德文基礎底子打好的人，很推！\n（老師人超nice)""]","[{""User_ID"": ""User35755"", ""Semester"": ""110-1"", ""Rating_Quality"": null, ""Rating_Sweet"": null, ""Rating_Easy"": null, ""Rating_Rich"": null, ""Comment"": ""Lektion 7: Willkommen in Berlin 歡迎來到柏林\n授課內容:\n1.詢問地點\n2.明瞭當地人給的訊息\n3.搭乘公車和火車/地鐵/有軌電車\n4.文法: 第三格 (Dativ) 之出現形式; 須接第三格的介系詞: mit, zu; 疑問詞 “welch” 的用法; 祈使句\n\nLektion 8: Zimmer, Küche, Bad 房間廚房浴室\n授課內容:\n1.談論租屋\n2.認識租屋廣告\n3.文法:現在完成式1: haben + Partizip II; 情態動詞: wollen 與können\n\nLektion 9: Was ist passiert? 發生什麼事了?\n授課內容:\n1.說出一天的日程安排\n2.履歷的書寫\n3.陳述發生或經歷過的事情\n4.文法: 現在完成式2: sein + Partizip II; 須接第三格的介系詞: vor, nach, seit\n\nLektion 10:　Ich arbeite bei … 我在 … 地方工作\n授課內容:\n1.談論職業/工作\n2.談自己喜愛的職業\n3.認識求職/求才廣告\n4.文法: 句子結構綜述; 情態動詞: müssen; 序數\n\nLektion 11: Gesund und fit 健康並且精力充沛\n授課內容:\n1.說出身體部位\n2.就醫用語\n3.談論健康與疾病\n4.所有格\n5.文法: 情態動詞: dürfen與sollen; ja, nein, doch之用法(復習); 祈使句綜述\n\nLektion 12: Schönes Wochenende! 週末愉快!\n授課內容:\n1.旅程預定\n2.旅客問訊: 旅館住宿, 購票等\n3.談天氣\n4.認識旅遊廣告\n5.文法: 人稱代詞之第四格(Akkusativ); 可接第四格及第三格之介系詞; es 的用法\n課本教材，聽說讀寫都有，且特別注重文法及單字、時態背誦，上完倩君的課，文法的底子應該夠紮實，唯口說練習較少\n每\n次大考前大約要背200個單字，陰陽性也會考\n有時候會補充德國文化及旅遊知識，以及教授自身在德國的經歷、德國研究所等課外實用的內容\nBerliner Platz 1 NEU\n30%單字\n10%聽力測驗（會從課本教過的聽力練習出，但會改題目）\n35%文法\n25%其他（如重組句子、翻譯）\n5%期中前小考、5%期末前小考\n2次作業共10%\n期中考30%\n期末考50%\n上學期給50%人A+\n推倩君的課，有上過嘉穎的課，覺得兩者之間差異在於倩君比較注重文法及單字，對於想把德文基礎底子打好的人，很推！\n（老師人超nice)""}]"
西班牙文一下,張雯媛,外國語文學系,3,114-2,43495,FL2018,5.0,5.0,1.0,4.0,"[""[開發者本人 | 106-2]: • 課本進度（單字、對話、文法）\n• 動詞變化（現在式、未來式、現在進行式、現在完成式、過去式）\n• 口語對話練習（點餐、介紹興趣...等等）\n中文授課為主，不過課堂上有很多機會可以講西文，老師會準備一些對話讓我們和隔壁同學互相練習。除了教課本上的內容，老師也會準備講義講一些比較重要的文法，或是寫板書讓我們做筆記。進度會比其他班超前一些，但有認真上課不會有太大的負擔。\n1. ELE ACTUAL A1. Libro del alumno. Virgilio Borobio, Madrid: SM.\n2. Uso de la gramática española: elemental, Francisca Castro, Madrid: Edelsa.\n作業主要會有課本的聽力練習，還有USO的文法練習，通常不會有太多作業，老師也不會收作業，不過有時候上課檢討作業時會點人回答，有沒有混水摸魚很容易被發現。\n考試方面會有三次期中末筆試，老師都會先公布題型還有每一題對應的範圍，只要有認真上課，考試90分以上非常容易。另外會有兩次的口試，會分時段考，口試要講的東西老師都會先講，只要準備好講稿練熟不會有太大的問題。口試時會有約10位同學和老師圍成一圈，輪到的兩個人會在中間對話，對話之後老師會點其他人問對話內容相關的問題，就算沒有全部聽懂老師也不會刁難，如果有同學講到沒教過的單字，助教也會即時在黑板上補充。\n• 期中/期末考 60%（三次，各佔20%）\n• 口語聽力測驗 20%（期中期末各10% ）\n• 平時小考、作業 15%\n• 出席率 5%\n老師雖然常常看起來很厭世，但她其實很用心也很願意回答學生的問題。只要乖乖完成老師交代的作業和練習，就會有很大的收穫！""]","[{""User_ID"": ""開發者本人"", ""Semester"": ""106-2"", ""Rating_Quality"": null, ""Rating_Sweet"": null, ""Rating_Easy"": null, ""Rating_Rich"": null, ""Comment"": ""• 課本進度（單字、對話、文法）\n• 動詞變化（現在式、未來式、現在進行式、現在完成式、過去式）\n• 口語對話練習（點餐、介紹興趣...等等）\n中文授課為主，不過課堂上有很多機會可以講西文，老師會準備一些對話讓我們和隔壁同學互相練習。除了教課本上的內容，老師也會準備講義講一些比較重要的文法，或是寫板書讓我們做筆記。進度會比其他班超前一些，但有認真上課不會有太大的負擔。\n1. ELE ACTUAL A1. Libro del alumno. Virgilio Borobio, Madrid: SM.\n2. Uso de la gramática española: elemental, Francisca Castro, Madrid: Edelsa.\n作業主要會有課本的聽力練習，還有USO的文法練習，通常不會有太多作業，老師也不會收作業，不過有時候上課檢討作業時會點人回答，有沒有混水摸魚很容易被發現。\n考試方面會有三次期中末筆試，老師都會先公布題型還有每一題對應的範圍，只要有認真上課，考試90分以上非常容易。另外會有兩次的口試，會分時段考，口試要講的東西老師都會先講，只要準備好講稿練熟不會有太大的問題。口試時會有約10位同學和老師圍成一圈，輪到的兩個人會在中間對話，對話之後老師會點其他人問對話內容相關的問題，就算沒有全部聽懂老師也不會刁難，如果有同學講到沒教過的單字，助教也會即時在黑板上補充。\n• 期中/期末考 60%（三次，各佔20%）\n• 口語聽力測驗 20%（期中期末各10% ）\n• 平時小考、作業 15%\n• 出席率 5%\n老師雖然常常看起來很厭世，但她其實很用心也很願意回答學生的問題。只要乖乖完成老師交代的作業和練習，就會有很大的收穫！""}]"
西班牙文一下,馬德睿,外國語文學系,3,114-2,34717,FL2018,,,,,"[""無評價""]",[]
俄文一下,熊宗慧,外國語文學系,3,114-2,41950,FL2020,,,,,"[""無評價""]",[]
英文作文一下,石書豪,外國語文學系,2,114-2,36327,FL1020,,,,,"[""無評價""]",[]
英文作文一下,曾琦智,外國語文學系,2,114-2,51952,FL1020,,,,,"[""無評價""]",[]
英文作文一下,胥嘉陵,外國語文學系,2,114-2,49064,FL1020,,,,,"[""無評價""]",[]
英文作文一下,施純宜,外國語文學系,2,114-2,35268,FL1020,,,,,"[""無評價""]",[]
英文作文一下,曼紐爾,外國語文學系,2,114-2,36175,FL1020,,,,,"[""無評價""]",[]
英語口語訓練一下,曾琦智,外國語文學系,2,114-2,12481,FL1022,,,,,"[""無評價""]",[]
英語口語訓練一下,黃馨瑩,外國語文學系,2,114-2,19341,FL1022,,,,,"[""無評價""]",[]
英語口語訓練一下,王沐嵐,外國語文學系,2,114-2,55569,FL1022,,,,,"[""無評價""]",[]
英語口語訓練一下,陳重仁,外國語文學系,2,114-2,10184,FL1022,,,,,"[""無評價""]",[]
日文一下,許惠晴,外國語文學系,3,114-2,14654,JpnL2018,,,,,"[""無評價""]",[]
語言學概論下,郭貞秀,外國語文學系,3,114-2,42419,FL2008,,,,,"[""[PTT | 109-2]: 轉載自 PTT 作者 ID: laimooooo (貘子)\n哪一學年度修課：109全\nψ 授課教師 (若為多人合授請寫開課教師，以方便收錄)\n郭貞秀\n\nλ 開課系所與授課對象 (是否為必修或通識課 / 內容是否與某些背景相關)\n外文系大二必修/神經認知學程\n\nδ 課程大概內容\n上學期 是理論語言學\nIntroduction、Phonetics、Phonology、Morphology 、Syntax\n下學期 是應用\nSemantics、Historical Linguistics、Social Linguistics、Language Acquisition、P\nsychology Linguistics\n\nΩ 私心推薦指數(以五分計) ★★★★★\n整體：滿天流星雨！\n涼度 ★★★～★★★★\n甜度 ★★★★ ～★★★★★\n想打好語言學基礎 ★★★★ ～★★★★★\n對語言學有興趣 滿天星\n想聽可愛老師上課 滿天星\n對語言學沒興趣只想混過學分0\n\n\nη 上課用書(影印講義或是指定教科書)\n\nFromkin, V.,Rodman, R., and Hyams, N. (2018). An Introduction to Language. 11t\nhed. Wadsworth Cengage Learing\n個人覺得可以不用買，我買了只翻過兩三次\n\nμ 上課方式(投影片、團體討論、老師教學風格)\n\n自己覺得貞秀的語概應該是三個班（或二）難度最適中的（沒有Diss其他老師的意思XD，\n就同學之間分享的）每個單元大概花二到三週介紹，結束之後會有一份佔學期成績10%的\n作業，內容大多是一些實作練習，上課有好好聽應該能拿80甚至90以上。\n\n老師會上傳不完整的PPT到NTU COOL，有些內容筆記要自己補充。老師大概60-70%用英文\n講課，會用中文補充跟講解一些解題技巧，英文都是蠻好理解的那種（除了專有名詞）。\n老師上課很想跟大家互動（問問題之類的），大概都只有前三排在回，回答問題很容易被\n老師記住！\n\n老師超級可愛～像天使一樣，上課有時候會自嗨，也會講一些語言學相關的Fun fact，也\n會帶大家做一些語言學實驗，如果對語言學有興趣的人應該會很享受老師的課。有聽不懂\n或跟不上的部分也可以下課馬上找老師問，老師會很細心的重講給你聽。\n\nσ 評分方式(給分甜嗎？是紮實分？)\n作業60% （共6份，1份10%）\n期中/末 40%\n109-1 是考四次期中/末，一次10%\n109-2改16週後考兩次，一次20%\n\n自己覺得頗扎實甜的><\n作業就很像高中的那種學習單（填空格、畫句法樹、整理語料、或簡單的報告等等），在\nNTU COOL上要自己印，寫完可以跟同學對答案討論，不會寫的部分也可以問老師，老師會\n「暗示」你答案。\n作業一定要準時交，老師不開放補繳的。\n\n考試基本上就是PPT加作業內容，只要PPT例題跟觀念讀熟要拿80以上應該沒什麼問題！\n\nρ 考題型式、作業方式\n如上\n\nω 其它(是否注重出席率？如果為外系選修，需先有什麼基礎較好嗎？老師個性？\n加簽習慣？嚴禁遲到等…)\n完全不點名，但個人覺得有去上課會輕鬆很多，回去只要乖乖寫作業複習應該就能過得快\n快樂樂。\n\n加簽的話，外文系本身就供不應求，很多大三都大二沒選到才回去修，外系要加簽滿難的\n（當年好像20-30抽5）\n\n基本上不需要什麼基礎，帶著一顆愛語概跟貞秀的心就可以！\n\n\nΨ 總結\n貞秀的語概真的大推，學得到東西又過得快樂！\n以下開放Grace粉報到！\n（手機排版請見諒）\n\n--\n\n原文網址: https://www.ptt.cc/bbs/NTUcourse/M.1643181985.A.C3A.html""]","[{""User_ID"": ""PTT"", ""Semester"": ""109-2"", ""Rating_Quality"": null, ""Rating_Sweet"": null, ""Rating_Easy"": null, ""Rating_Rich"": null, ""Comment"": ""轉載自 PTT 作者 ID: laimooooo (貘子)\n哪一學年度修課：109全\nψ 授課教師 (若為多人合授請寫開課教師，以方便收錄)\n郭貞秀\n\nλ 開課系所與授課對象 (是否為必修或通識課 / 內容是否與某些背景相關)\n外文系大二必修/神經認知學程\n\nδ 課程大概內容\n上學期 是理論語言學\nIntroduction、Phonetics、Phonology、Morphology 、Syntax\n下學期 是應用\nSemantics、Historical Linguistics、Social Linguistics、Language Acquisition、P\nsychology Linguistics\n\nΩ 私心推薦指數(以五分計) ★★★★★\n整體：滿天流星雨！\n涼度 ★★★～★★★★\n甜度 ★★★★ ～★★★★★\n想打好語言學基礎 ★★★★ ～★★★★★\n對語言學有興趣 滿天星\n想聽可愛老師上課 滿天星\n對語言學沒興趣只想混過學分0\n\n\nη 上課用書(影印講義或是指定教科書)\n\nFromkin, V.,Rodman, R., and Hyams, N. (2018). An Introduction to Language. 11t\nhed. Wadsworth Cengage Learing\n個人覺得可以不用買，我買了只翻過兩三次\n\nμ 上課方式(投影片、團體討論、老師教學風格)\n\n自己覺得貞秀的語概應該是三個班（或二）難度最適中的（沒有Diss其他老師的意思XD，\n就同學之間分享的）每個單元大概花二到三週介紹，結束之後會有一份佔學期成績10%的\n作業，內容大多是一些實作練習，上課有好好聽應該能拿80甚至90以上。\n\n老師會上傳不完整的PPT到NTU COOL，有些內容筆記要自己補充。老師大概60-70%用英文\n講課，會用中文補充跟講解一些解題技巧，英文都是蠻好理解的那種（除了專有名詞）。\n老師上課很想跟大家互動（問問題之類的），大概都只有前三排在回，回答問題很容易被\n老師記住！\n\n老師超級可愛～像天使一樣，上課有時候會自嗨，也會講一些語言學相關的Fun fact，也\n會帶大家做一些語言學實驗，如果對語言學有興趣的人應該會很享受老師的課。有聽不懂\n或跟不上的部分也可以下課馬上找老師問，老師會很細心的重講給你聽。\n\nσ 評分方式(給分甜嗎？是紮實分？)\n作業60% （共6份，1份10%）\n期中/末 40%\n109-1 是考四次期中/末，一次10%\n109-2改16週後考兩次，一次20%\n\n自己覺得頗扎實甜的><\n作業就很像高中的那種學習單（填空格、畫句法樹、整理語料、或簡單的報告等等），在\nNTU COOL上要自己印，寫完可以跟同學對答案討論，不會寫的部分也可以問老師，老師會\n「暗示」你答案。\n作業一定要準時交，老師不開放補繳的。\n\n考試基本上就是PPT加作業內容，只要PPT例題跟觀念讀熟要拿80以上應該沒什麼問題！\n\nρ 考題型式、作業方式\n如上\n\nω 其它(是否注重出席率？如果為外系選修，需先有什麼基礎較好嗎？老師個性？\n加簽習慣？嚴禁遲到等…)\n完全不點名，但個人覺得有去上課會輕鬆很多，回去只要乖乖寫作業複習應該就能過得快\n快樂樂。\n\n加簽的話，外文系本身就供不應求，很多大三都大二沒選到才回去修，外系要加簽滿難的\n（當年好像20-30抽5）\n\n基本上不需要什麼基礎，帶著一顆愛語概跟貞秀的心就可以！\n\n\nΨ 總結\n貞秀的語概真的大推，學得到東西又過得快樂！\n以下開放Grace粉報到！\n（手機排版請見諒）\n\n--\n\n原文網址: https://www.ptt.cc/bbs/NTUcourse/M.1643181985.A.C3A.html""}]"
語言學概論下,石書豪,外國語文學系,3,114-2,42726,FL2008,,,,,"[""無評價""]",[]
古希臘文一下,范吉歐,外國語文學系,3,114-2,28108,FL2024,,,,,"[""無評價""]",[]
中世紀英國文學,劉雅詩,外國語文學系,3,114-2,37032,FL2002,,,,,"[""無評價""]",[]
十七與十八世紀英國文學,奇邁可,外國語文學系,3,114-2,37731,FL2004,,,,,"[""無評價""]",[]
歐洲文學1800以後,廖咸浩,外國語文學系、外國語文學系、外國語文學系、外國語文學系、外國語文學系,3,114-2,32958,FL2006,4.5,4.5,2.0,3.5,"[""[User41650 | 109-2]: 歐洲大陸浪漫主義之後的文學作品和思潮，介紹浪漫主義、寫實主義、現代主義、及後現代主義等。選讀的作品包括盧梭Confessions、海涅的詩、福樓拜Madame Bovary、杜斯妥也夫斯基Notes from Underground、波特來爾的詩、湯瑪斯曼Death in Venice、卡夫卡Metamorphosis、波赫士The Garden of Forking Paths\n這學期修課的人少，上課感覺起來像小型讀書會。當週如果是教某個作家的第一週，老師會安排半小時讓小組報告作家的生平、思想和作品，之後老師會針對同學報告做點評和補充。在進入某某主義文本之前，老師會用PPT介紹該主義的思想核心和它跟其他主義的關聯。小組報告和介紹完主義概要之後就進入文本。老師的上課方式是帶文本的close reading，會抽點同學問文本相關的問題(預設大家課前都讀完指定閱讀了)，因為我們班人很少，基本上每次上課都會點過兩三輪(常常答出來老師就默默知道你沒念文本了(?)，每個文本都會在上課時重點式的過過一遍。這學期一開始時本來有課前小考，後來就乾脆用點人問問題的方式取代小考順便點名了。老師上課速度不算快，喜歡跟同學們有互動，鼓勵主動發問(或許在內心默默幫發言踴躍的同學加分?)，對於任何問題老師都可以旁徵博引提供更多思考方向，也常常跟我們分享他的人生經驗(真的很豐富)，個人覺得上課氛圍相當輕鬆愉快。學期後半段因疫情轉為視訊上課，覺得大家上課的反應反而變的比在教室上實體課更好(可能螢幕上的老師與自己的距離縮短了?)\nThe Norton Anthology of Western Literature, vol. 2, 9th ed.\nNorton沒有選到的文本老師會另外寄PDF檔\n整學期共會輪到兩次小組報告，期末要交一份創意作業，有期中考和期末考。\n創意作業的內容：老師會給一份作品清單，都是跟上課主題有關聯的，我們可以自選有興趣的作品，根據它做其他藝術形式的創作(畫畫、寫詩、雕塑、舞蹈、音樂...)並在期末繳交。我選的是根據小說內容寫詩，老師後來還回信稱讚我的詩(菜鳥如我覺得受到莫大鼓勵)，雖然只有短短兩句話還是可以感受到老師的關愛!\n期中期末考形式雷同，10題左右的簡答題，2~3題essay(忘記期中有沒有考id了)簡答題用3~4句話回答，大多是文本內容進一步的推論，大部分是上課討論過的問題。essay就比較廣泛，可能會從上課帶過的XX主義做延伸，例如某部小說在哪些概念上可說是某某主義作品、它反對什麼主義的什麼面向，或是比較幾部作品在某個主題上的異同，等等。對文本夠熟的話，考試寫起來應該不會難。\n各項目的成績占比以及老師的評分標準至始至終都是個謎。不過如果有做到上課積極參與、文本認真讀、創意作業和期中期末認真寫的話，老師是會給出好成績的！(期中考老師給我95，但我怎麼想都覺得光我空白沒寫的跟趕時間亂掰的題目扣分就應該要扣超過5分了吧...essay也沒寫得多好)推測老師更看重的是用心程度跟整體表現，而不是個別項目的成績~\n老師期末的時候怨嘆說我們都沒有人預約他的office hour，害他覺得有點空虛~以後修課的同學真的可以多多跟老師交流啊!不過重點還是要對的上老師的key，不喜歡老師的上課模式的話可能會上的有點辛苦""]","[{""User_ID"": ""User41650"", ""Semester"": ""109-2"", ""Rating_Quality"": null, ""Rating_Sweet"": null, ""Rating_Easy"": null, ""Rating_Rich"": null, ""Comment"": ""歐洲大陸浪漫主義之後的文學作品和思潮，介紹浪漫主義、寫實主義、現代主義、及後現代主義等。選讀的作品包括盧梭Confessions、海涅的詩、福樓拜Madame Bovary、杜斯妥也夫斯基Notes from Underground、波特來爾的詩、湯瑪斯曼Death in Venice、卡夫卡Metamorphosis、波赫士The Garden of Forking Paths\n這學期修課的人少，上課感覺起來像小型讀書會。當週如果是教某個作家的第一週，老師會安排半小時讓小組報告作家的生平、思想和作品，之後老師會針對同學報告做點評和補充。在進入某某主義文本之前，老師會用PPT介紹該主義的思想核心和它跟其他主義的關聯。小組報告和介紹完主義概要之後就進入文本。老師的上課方式是帶文本的close reading，會抽點同學問文本相關的問題(預設大家課前都讀完指定閱讀了)，因為我們班人很少，基本上每次上課都會點過兩三輪(常常答出來老師就默默知道你沒念文本了(?)，每個文本都會在上課時重點式的過過一遍。這學期一開始時本來有課前小考，後來就乾脆用點人問問題的方式取代小考順便點名了。老師上課速度不算快，喜歡跟同學們有互動，鼓勵主動發問(或許在內心默默幫發言踴躍的同學加分?)，對於任何問題老師都可以旁徵博引提供更多思考方向，也常常跟我們分享他的人生經驗(真的很豐富)，個人覺得上課氛圍相當輕鬆愉快。學期後半段因疫情轉為視訊上課，覺得大家上課的反應反而變的比在教室上實體課更好(可能螢幕上的老師與自己的距離縮短了?)\nThe Norton Anthology of Western Literature, vol. 2, 9th ed.\nNorton沒有選到的文本老師會另外寄PDF檔\n整學期共會輪到兩次小組報告，期末要交一份創意作業，有期中考和期末考。\n創意作業的內容：老師會給一份作品清單，都是跟上課主題有關聯的，我們可以自選有興趣的作品，根據它做其他藝術形式的創作(畫畫、寫詩、雕塑、舞蹈、音樂...)並在期末繳交。我選的是根據小說內容寫詩，老師後來還回信稱讚我的詩(菜鳥如我覺得受到莫大鼓勵)，雖然只有短短兩句話還是可以感受到老師的關愛!\n期中期末考形式雷同，10題左右的簡答題，2~3題essay(忘記期中有沒有考id了)簡答題用3~4句話回答，大多是文本內容進一步的推論，大部分是上課討論過的問題。essay就比較廣泛，可能會從上課帶過的XX主義做延伸，例如某部小說在哪些概念上可說是某某主義作品、它反對什麼主義的什麼面向，或是比較幾部作品在某個主題上的異同，等等。對文本夠熟的話，考試寫起來應該不會難。\n各項目的成績占比以及老師的評分標準至始至終都是個謎。不過如果有做到上課積極參與、文本認真讀、創意作業和期中期末認真寫的話，老師是會給出好成績的！(期中考老師給我95，但我怎麼想都覺得光我空白沒寫的跟趕時間亂掰的題目扣分就應該要扣超過5分了吧...essay也沒寫得多好)推測老師更看重的是用心程度跟整體表現，而不是個別項目的成績~\n老師期末的時候怨嘆說我們都沒有人預約他的office hour，害他覺得有點空虛~以後修課的同學真的可以多多跟老師交流啊!不過重點還是要對的上老師的key，不喜歡老師的上課模式的話可能會上的有點辛苦""}]"
法文二下,達力安,外國語文學系,3,114-2,48240,FL3012,,,,,"[""無評價""]",[]
法文二下,謝艾米,外國語文學系,3,114-2,29764,FL3012,,,,,"[""無評價""]",[]
德文二下,漢駿緯,外國語文學系,3,114-2,20083,FL3014,,,,,"[""無評價""]",[]
西班牙文二下,張雯媛,外國語文學系,3,114-2,36763,FL3016,,,,,"[""無評價""]",[]
英文作文二下,翁怡錚,外國語文學系,2,114-2,47853,FL2010,,,,,"[""無評價""]",[]
英文作文二下,周昱翔,外國語文學系,2,114-2,50459,FL2010,4.0,1.0,0.5,4.0,"[""[User96697 | 110-2]: Doing a research project for final""]","[{""User_ID"": ""User96697"", ""Semester"": ""110-2"", ""Rating_Quality"": null, ""Rating_Sweet"": null, ""Rating_Easy"": null, ""Rating_Rich"": null, ""Comment"": ""Doing a research project for final""}]"
英文作文二下,于昌民,外國語文學系,2,114-2,13834,FL2010,,,,,"[""無評價""]",[]
英語口語訓練二下,奇邁可,外國語文學系,2,114-2,26279,FL2012,,,,,"[""無評價""]",[]
英語口語訓練二下,吳敏嘉,外國語文學系,2,114-2,10736,FL2012,,,,,"[""無評價""]",[]
英語口語訓練二下,曾琦智,外國語文學系,2,114-2,17172,FL2012,,,,,"[""無評價""]",[]
英語口語訓練二下,黃恆綜,外國語文學系,2,114-2,21385,FL2012,,,,,"[""無評價""]",[]
日文二下,黃意婷,外國語文學系,3,114-2,11017,JpnL3048,,,,,"[""無評價""]",[]
阿拉伯文一下,初雅士,外國語文學系,3,114-2,59541,FL2126,,,,,"[""無評價""]",[]
葡萄牙文一下,林祖誠,外國語文學系,3,114-2,45821,FL2028,,,,,"[""無評價""]",[]
荷蘭文一下,敖馨郁,外國語文學系,3,114-2,16126,FL2030,,,,,"[""[PTT | 105-2]: 轉載自 PTT 作者 ID: LYC1025 ()\n哪一學年度修課：\n105-2\n\nψ 授課教師 (若為多人合授請寫開課教師，以方便收錄)\nLaura Ahlheid 敖馨郁\n\nλ 開課系所與授課對象 (是否為必修或通識課 / 內容是否與某些背景相關)\n外文系\n\nδ 課程大概內容\nChapter 7\nDemonstrative pronouns, shopping, money\nPrepositions of time, locations, making payments\nShops, opening times, working hours\n\nChapter 8\nVerbs with prepositions, food and drink, eating culture\nExpressing preferences, various cuisines\nIndefinite pronouns, restaurants\n\nChapter 9\nWord order and sentence order. Work and professions\nInvitations\nReferencing subject and object\n\nMidterm exam: written and oral\n\nChapter 10\nPast tense and perfect tense\nKoningsdag\nRegular and irregular verbs\nThe weather, the bicycle and public transportation\n\nChapter 11\nAdjectives, prepositions, describing\nAuxiliary verbs, housing and living environment\n\nChapter 12\nComparative and superlative\nAsking/giving directions\n\nStudent oral presentations\n\nFinal exam: written and oral exam\n\nΩ 私心推薦指數(以五分計) ★★★★★\n★★★★★\n\nη 上課用書(影印講義或是指定教科書)\nTotaal 1 & 老師講義\n\nμ 上課方式(投影片、團體討論、老師教學風格)\n投影片為主，並搭配板書，上課主要先從文法開始，在進入單字最後課文對話，每次講完\n一小部分都有小組練習時間，不過是玩小遊戲還是課本練習，都會讓我們更熟悉這塊。真\n的很喜歡玩小遊戲，每次都欲罷不能XD\n老師上課主要是用中文上課，所以不管是文法單字還是對話都不難讀懂。\n\nσ 評分方式(給分甜嗎？是紮實分？)\nTests and assignments 20%\nMidterm-exam: written and oral 40%\nFinal exam: written and oral 40%\n\nρ 考題型式、作業方式\n主要考老師上課所提過的文法單字，口試老師在考前的一堂課都會提供一些範例題型幫助\n我們更好準備。\n作業偶爾會有課本習題或玩完小遊戲後，用那次學到的文法造句子。\n\nω 其它(是否注重出席率？如果為外系選修，需先有什麼基礎較好嗎？老師個性？\n加簽習慣？嚴禁遲到等…)\n加簽的話，只要跟老師說過你學過一點荷蘭文老師都會給授權碼。\n老師好像不太管出席與否，不過語言課最好還是都出席才比較不會漏掉東西，更何況有數\n不清的小遊戲可以玩，何樂而不為呢XD\n\n\nΨ 總結\n台大有滿多人想去荷蘭交換的，我覺得這堂課可以幫助你們更了解荷蘭的文化，另一方面\n讓你們到荷蘭後更有熟悉感。而從荷蘭交換回來的同學，更應該把握機會學一下基礎的荷\n蘭文，因為每次的內容都與生活息息相關，你們將會在課堂上找到熟悉的荷蘭味。\nLaura對學生超級nice，會在相關課程中，給予學生品嘗道地的荷蘭美食，舉凡pannenkoe\nk，Tompoes等等，真的是非常美味!\n這堂課對於想要了解荷蘭的人，絕對能滿足你的需求，因為荷蘭文一含括了食衣住行，配\n合Laura的講解以及遊戲的搭配再加上美味的荷蘭小吃，在這一年之中，荷蘭將不在是在\n遙遠的歐洲，而是存在於每周一四的早上XD\n希望大家多多支持Laura的荷蘭文課~~\n\n--\n\n原文網址: https://www.ptt.cc/bbs/NTUcourse/M.1498742815.A.746.html""]","[{""User_ID"": ""PTT"", ""Semester"": ""105-2"", ""Rating_Quality"": null, ""Rating_Sweet"": null, ""Rating_Easy"": null, ""Rating_Rich"": null, ""Comment"": ""轉載自 PTT 作者 ID: LYC1025 ()\n哪一學年度修課：\n105-2\n\nψ 授課教師 (若為多人合授請寫開課教師，以方便收錄)\nLaura Ahlheid 敖馨郁\n\nλ 開課系所與授課對象 (是否為必修或通識課 / 內容是否與某些背景相關)\n外文系\n\nδ 課程大概內容\nChapter 7\nDemonstrative pronouns, shopping, money\nPrepositions of time, locations, making payments\nShops, opening times, working hours\n\nChapter 8\nVerbs with prepositions, food and drink, eating culture\nExpressing preferences, various cuisines\nIndefinite pronouns, restaurants\n\nChapter 9\nWord order and sentence order. Work and professions\nInvitations\nReferencing subject and object\n\nMidterm exam: written and oral\n\nChapter 10\nPast tense and perfect tense\nKoningsdag\nRegular and irregular verbs\nThe weather, the bicycle and public transportation\n\nChapter 11\nAdjectives, prepositions, describing\nAuxiliary verbs, housing and living environment\n\nChapter 12\nComparative and superlative\nAsking/giving directions\n\nStudent oral presentations\n\nFinal exam: written and oral exam\n\nΩ 私心推薦指數(以五分計) ★★★★★\n★★★★★\n\nη 上課用書(影印講義或是指定教科書)\nTotaal 1 & 老師講義\n\nμ 上課方式(投影片、團體討論、老師教學風格)\n投影片為主，並搭配板書，上課主要先從文法開始，在進入單字最後課文對話，每次講完\n一小部分都有小組練習時間，不過是玩小遊戲還是課本練習，都會讓我們更熟悉這塊。真\n的很喜歡玩小遊戲，每次都欲罷不能XD\n老師上課主要是用中文上課，所以不管是文法單字還是對話都不難讀懂。\n\nσ 評分方式(給分甜嗎？是紮實分？)\nTests and assignments 20%\nMidterm-exam: written and oral 40%\nFinal exam: written and oral 40%\n\nρ 考題型式、作業方式\n主要考老師上課所提過的文法單字，口試老師在考前的一堂課都會提供一些範例題型幫助\n我們更好準備。\n作業偶爾會有課本習題或玩完小遊戲後，用那次學到的文法造句子。\n\nω 其它(是否注重出席率？如果為外系選修，需先有什麼基礎較好嗎？老師個性？\n加簽習慣？嚴禁遲到等…)\n加簽的話，只要跟老師說過你學過一點荷蘭文老師都會給授權碼。\n老師好像不太管出席與否，不過語言課最好還是都出席才比較不會漏掉東西，更何況有數\n不清的小遊戲可以玩，何樂而不為呢XD\n\n\nΨ 總結\n台大有滿多人想去荷蘭交換的，我覺得這堂課可以幫助你們更了解荷蘭的文化，另一方面\n讓你們到荷蘭後更有熟悉感。而從荷蘭交換回來的同學，更應該把握機會學一下基礎的荷\n蘭文，因為每次的內容都與生活息息相關，你們將會在課堂上找到熟悉的荷蘭味。\nLaura對學生超級nice，會在相關課程中，給予學生品嘗道地的荷蘭美食，舉凡pannenkoe\nk，Tompoes等等，真的是非常美味!\n這堂課對於想要了解荷蘭的人，絕對能滿足你的需求，因為荷蘭文一含括了食衣住行，配\n合Laura的講解以及遊戲的搭配再加上美味的荷蘭小吃，在這一年之中，荷蘭將不在是在\n遙遠的歐洲，而是存在於每周一四的早上XD\n希望大家多多支持Laura的荷蘭文課~~\n\n--\n\n原文網址: https://www.ptt.cc/bbs/NTUcourse/M.1498742815.A.746.html""}]"
土耳其文一下,初雅士,外國語文學系,3,114-2,58150,FL2032,,,,,"[""無評價""]",[]
波蘭文一下,陳音卉,外國語文學系,3,114-2,31028,FL2132,,,,,"[""無評價""]",[]
捷克文一下,林學紀,外國語文學系,3,114-2,59081,FL2170,,,,,"[""無評價""]",[]
外語教學專題,許文僊,外國語文學系,2,114-2,21292,FL2204,,,,,"[""無評價""]",[]
翻譯實作下,馬耀民,外國語文學系,2,114-2,28117,FL3250,,,,,"[""無評價""]",[]
葡萄牙文二下,林祖誠,外國語文學系,3,114-2,28672,FL3026,,,,,"[""無評價""]",[]
荷蘭文二下,敖馨郁,外國語文學系,3,114-2,26903,FL3196,,,,,"[""[PTT | 105-2]: 轉載自 PTT 作者 ID: LYC1025 ()\n哪一學年度修課：\n105-2\n\nψ 授課教師 (若為多人合授請寫開課教師，以方便收錄)\nLaura Ahlheid 敖馨郁\n\nλ 開課系所與授課對象 (是否為必修或通識課 / 內容是否與某些背景相關)\n外文系\n\nδ 課程大概內容\nLes 17\nOp zakenreis: woordweb'op reis'\nLeestekst en vragen\nRelatief voornaamwoord : die/dat, wie/wat\nDuratief: aan het + infinitief\nTijdschriften en kranten leestekst & vragen\nTV en radio in Nederland\nGrammatica: actie en het resultaat ervan: zetten/leggen\n\nTV: Nederlandse soap\nInternet en sociale media\n\nLes 18\nDiscussie 1: media in Taiwan\nVocabularie les 18\nGrammatica: de verleden tijd\nVerleden en nostalgie: Het Dorp\nGebruik van 'toen/als/dat'\n15 miljoen mensen\nToerisme in Nederland en statistiek rapporteren\nNederland en het water\nPresentatie 1: vrij thema uit de canon van Nederland\nMidterm exam\n\nLes 19\nKoningsdag en oranjegekte\nGrammatica: de passieve vorm\nVocabularie\nDe passieve vorm\nVergaderen\nuitdrukkingen met 'het'\nExtra vocabularie: de telefoon\nMening geven\nVergadering rollenspel\nDiscussie: vergadercultuur Nederland vs Taiwan\n\nLes 20\nVocabularie en tekst\nGrammatica: duratief en dubbele infinitief\nThema: dieren en planten\nGrammatica: zou/zouden, beleefde vraag, advies\nMade in Holland tekst: culturele iconen en sterotiepen\nDiscussie: typisch Nederland\nLekker/leuk en gezellig\n\nPresentatie: mijn droom reis/droombaan/droomhuis\n\nFinal exam\n\n\nΩ 私心推薦指數(以五分計) ★★★★★\n★★★★★\n\nη 上課用書(影印講義或是指定教科書)\nTotaal 1 & 老師講義\n\nμ 上課方式(投影片、團體討論、老師教學風格)\n老師上課用投影片為主，在解釋文法時會寫板書，上課的語言主要用荷蘭文，只有比較難\n的文法或單字才用中文解釋，但基本上Laura會用最基本的荷蘭文講解，所以很少有聽不\n懂的地方，如果真的不懂，下課用中文問老師也行。\n除了單字及文法外，每一課都有一次討論時間，關於荷蘭以及台灣的比較，可以把握機會\n一邊練習說荷蘭文，一邊思考兩地差異，可以從中獲得滿多見識的。\n\nσ 評分方式(給分甜嗎？是紮實分？)\n20% Test and assignment\n40% Midterm exam : written and oral exam\n40% Final exam : written and oral exam\n\nρ 考題型式、作業方式\n主要有字義，相似相反詞，文法跟閱讀測驗，前者讀熟老師的單字部分可以拿分，反觀閱\n讀測驗就難一點，需要回答一行行句子，常常覺得自己單字量不足。\n\nω 其它(是否注重出席率？如果為外系選修，需先有什麼基礎較好嗎？老師個性？\n加簽習慣？嚴禁遲到等…)\n出席貌似不管，但不來上課真的會漏掉滿多東西的，而且班上人不多，誰有來沒來老師都\n很清楚，建議不翹課，當然有事請假是沒問題的。\n\n加簽的話，老師是都簽的，只有你有能力應付全荷蘭文的環境，不然建議還是按部就班修\n荷蘭文，如果你上學期有去荷蘭交換並在當地學習初階荷蘭文的話，可以挑戰看看荷蘭文\n二，進步的幅度真的很大。\n\nΨ 總結\n這學期很開心可以上Laura的荷蘭文二，學到了很多關於荷蘭文化，更棒的是可以跟班上\n同學們熟識，大家一同分享看法的時候真的非常gezellig，不過不得不說荷蘭文二真的讓\n人領悟到單字量不足的困擾，但每一次的不足，都會讓人想學習新的字彙，這一點一滴累\n積起來，你會發現你能略懂荷蘭youtuber在玩甚麼，能略懂荷蘭媒體的新聞標題，這成就\n真的很令人興奮\n\n老師認為荷蘭文二主要是讓我們敢於用荷蘭文表達事物的看法，因此給予我們很多機會說\n荷蘭文，所以只要勇敢開口說，不可以幫助自己的口語表達，更能在一次次的激盪中，學\n會兩國文化，這也是語言課才有的收穫。\n\n修完荷蘭文一的真的不要錯過荷蘭文二，這學期在荷蘭交換有學荷蘭文的更不能錯過荷蘭\n文二的機會，你們會在課堂當中發現更多荷蘭文化，學到更多單字文法，幫助你們開口說\n荷蘭文。\n\n\n\n\n--\n\n原文網址: https://www.ptt.cc/bbs/NTUcourse/M.1498665084.A.5EF.html""]","[{""User_ID"": ""PTT"", ""Semester"": ""105-2"", ""Rating_Quality"": null, ""Rating_Sweet"": null, ""Rating_Easy"": null, ""Rating_Rich"": null, ""Comment"": ""轉載自 PTT 作者 ID: LYC1025 ()\n哪一學年度修課：\n105-2\n\nψ 授課教師 (若為多人合授請寫開課教師，以方便收錄)\nLaura Ahlheid 敖馨郁\n\nλ 開課系所與授課對象 (是否為必修或通識課 / 內容是否與某些背景相關)\n外文系\n\nδ 課程大概內容\nLes 17\nOp zakenreis: woordweb'op reis'\nLeestekst en vragen\nRelatief voornaamwoord : die/dat, wie/wat\nDuratief: aan het + infinitief\nTijdschriften en kranten leestekst & vragen\nTV en radio in Nederland\nGrammatica: actie en het resultaat ervan: zetten/leggen\n\nTV: Nederlandse soap\nInternet en sociale media\n\nLes 18\nDiscussie 1: media in Taiwan\nVocabularie les 18\nGrammatica: de verleden tijd\nVerleden en nostalgie: Het Dorp\nGebruik van 'toen/als/dat'\n15 miljoen mensen\nToerisme in Nederland en statistiek rapporteren\nNederland en het water\nPresentatie 1: vrij thema uit de canon van Nederland\nMidterm exam\n\nLes 19\nKoningsdag en oranjegekte\nGrammatica: de passieve vorm\nVocabularie\nDe passieve vorm\nVergaderen\nuitdrukkingen met 'het'\nExtra vocabularie: de telefoon\nMening geven\nVergadering rollenspel\nDiscussie: vergadercultuur Nederland vs Taiwan\n\nLes 20\nVocabularie en tekst\nGrammatica: duratief en dubbele infinitief\nThema: dieren en planten\nGrammatica: zou/zouden, beleefde vraag, advies\nMade in Holland tekst: culturele iconen en sterotiepen\nDiscussie: typisch Nederland\nLekker/leuk en gezellig\n\nPresentatie: mijn droom reis/droombaan/droomhuis\n\nFinal exam\n\n\nΩ 私心推薦指數(以五分計) ★★★★★\n★★★★★\n\nη 上課用書(影印講義或是指定教科書)\nTotaal 1 & 老師講義\n\nμ 上課方式(投影片、團體討論、老師教學風格)\n老師上課用投影片為主，在解釋文法時會寫板書，上課的語言主要用荷蘭文，只有比較難\n的文法或單字才用中文解釋，但基本上Laura會用最基本的荷蘭文講解，所以很少有聽不\n懂的地方，如果真的不懂，下課用中文問老師也行。\n除了單字及文法外，每一課都有一次討論時間，關於荷蘭以及台灣的比較，可以把握機會\n一邊練習說荷蘭文，一邊思考兩地差異，可以從中獲得滿多見識的。\n\nσ 評分方式(給分甜嗎？是紮實分？)\n20% Test and assignment\n40% Midterm exam : written and oral exam\n40% Final exam : written and oral exam\n\nρ 考題型式、作業方式\n主要有字義，相似相反詞，文法跟閱讀測驗，前者讀熟老師的單字部分可以拿分，反觀閱\n讀測驗就難一點，需要回答一行行句子，常常覺得自己單字量不足。\n\nω 其它(是否注重出席率？如果為外系選修，需先有什麼基礎較好嗎？老師個性？\n加簽習慣？嚴禁遲到等…)\n出席貌似不管，但不來上課真的會漏掉滿多東西的，而且班上人不多，誰有來沒來老師都\n很清楚，建議不翹課，當然有事請假是沒問題的。\n\n加簽的話，老師是都簽的，只有你有能力應付全荷蘭文的環境，不然建議還是按部就班修\n荷蘭文，如果你上學期有去荷蘭交換並在當地學習初階荷蘭文的話，可以挑戰看看荷蘭文\n二，進步的幅度真的很大。\n\nΨ 總結\n這學期很開心可以上Laura的荷蘭文二，學到了很多關於荷蘭文化，更棒的是可以跟班上\n同學們熟識，大家一同分享看法的時候真的非常gezellig，不過不得不說荷蘭文二真的讓\n人領悟到單字量不足的困擾，但每一次的不足，都會讓人想學習新的字彙，這一點一滴累\n積起來，你會發現你能略懂荷蘭youtuber在玩甚麼，能略懂荷蘭媒體的新聞標題，這成就\n真的很令人興奮\n\n老師認為荷蘭文二主要是讓我們敢於用荷蘭文表達事物的看法，因此給予我們很多機會說\n荷蘭文，所以只要勇敢開口說，不可以幫助自己的口語表達，更能在一次次的激盪中，學\n會兩國文化，這也是語言課才有的收穫。\n\n修完荷蘭文一的真的不要錯過荷蘭文二，這學期在荷蘭交換有學荷蘭文的更不能錯過荷蘭\n文二的機會，你們會在課堂當中發現更多荷蘭文化，學到更多單字文法，幫助你們開口說\n荷蘭文。\n\n\n\n\n--\n\n原文網址: https://www.ptt.cc/bbs/NTUcourse/M.1498665084.A.5EF.html""}]"
土耳其文二下,初雅士,外國語文學系,3,114-2,24456,FL3198,,,,,"[""無評價""]",[]
波蘭文二下,陳音卉,外國語文學系,3,114-2,48365,FL3204,,,,,"[""無評價""]",[]
捷克文二下,林學紀,外國語文學系,3,114-2,31237,FL3253,,,,,"[""無評價""]",[]
外語教學概論,楊乃冬,外國語文學系,3,114-2,57419,FL4082,,,,,"[""無評價""]",[]
法文三下,達力安,外國語文學系,3,114-2,34576,FL4139,4.5,4.5,1.5,4.5,"[""[User78252 | 111-2]: 討論的主題很廣泛，大致依照授課內容簡述如下：\nUnité 1 Vivre ensemble -- 共居、禮儀\nUnité 2 Travailler autrement -- 未來的職業、法國人對工作的看法\nUnité 3 Média en masse -- 假新聞、引發爭議的國際事件\nUnité 4 Corps et esprit -- 健身、身體審美、教育、無聊與其心理狀態\nUnité 5 Le 7ème art -- 法國電影、新浪潮、坎城影展\nUnité 6 Indignés -- 性別平權、Z世代、國際組織\n\n文法部分會涵蓋虛擬式(le subjonctif)、關係代名詞(les pronoms relatifs)、未來式(le futur simple, le futur antérieur)、現在條件式(le conditionnel présent)、過去條件式(le conditionnel passé)、表達原因與結果的用法(cause et conséquence)、現在分詞與動名詞(le participe présent et le gérondif)、表達對立與讓步的用法(opposition et concession)\nCompagnon B1\n(法文三共同使用的自編講義)\n法文三每學期會有2次比較重要的課程活動(一次規模比較大、另一次規模比較小)，算是比較需要額外花時間的環節，但也都很有趣。\n考試形式同法文一、二，但難度又更為猛烈(算是比課本內容簡單一點)，雖然不確定實際分數但根據Max的說法，「大家的分數都蠻高的」，而且扣分似乎不會扣很重。所以雖然每次考完都覺得被掏空而且有點炸裂，但學期成績應該不會很可怕，想拿到好看的分數可能取決於本身的法文實力是否足夠堅強。\n111-1的A+比例落在15%(換算成實際人數大概3個人)，然後也是有修課的同學停修，供參，至於111-2的A+比例為37.5%(換算成實際人數為6個人)。\n期中考 30%\n期末考 30%\n課程活動*2 20%\n作文4篇 15%\nBla Bla Night 5%\n\n根據老師的說法，只要作文都有交、課程活動都有參與、有出席一次Bla Bla Night，這三項分數都可以全拿，所以剩下主要是考試分數決定學期成績。(以上評分標準僅限於Max的班)\n相較於法文二，法文三會有大量的時間針對特定議題進行討論，老師會針對每個人提出的看法進行延伸、補充、辯證或對話，可以在討論的過程中看到不同的想法，算是蠻有趣的部份，但對討論議題沒想法可能會覺得過程很冗長，因為通常會持續半節課至一節課以上。\n花在上單字或文法的時間會少很多，所以相較之下，法文三不僅是一門語言訓練課程，同時也涉及文化或觀點間的交流，至於是否能對於特定議題發表自己的想法也是B1等級重視的一項能力。\n就上課氛圍而論，Max一如既往般地友善且非常鼓勵大家發言，所以課堂氣氛算是蠻輕鬆而且歡樂。但可能受限於同學的程度，很多時候的討論過程會以英文進行，有時會覺得課堂上使用法文的時間沒有到非常多，算是一項小缺點。\n以課程難度而言，可以明顯感受到和法文二的落差。相較之下法文三相當重視閱讀能力的培養，所以每單元至少都會讀1~2篇長篇文章，難度跟法文二的閱讀有所斷層，剛開始接觸應該會有點吃力，但會逐漸習慣。聽力訓練也是以真實的影片作為素材而非課本的錄音檔，所以常常看完影片之後還是感到相當茫然，但也是逐漸會習慣的。\n這門課程的難度大概落在B1+，所以根據老師的說法是修完整年的課程後去考DELF B1應該都可以輕鬆通過，供參。\n推薦法文三給想繼續學習法文且願意接受一點挑戰，或喜歡Max與Emilie教學風格的同學，至少我私心很喜歡這門課！""]","[{""User_ID"": ""User78252"", ""Semester"": ""111-2"", ""Rating_Quality"": null, ""Rating_Sweet"": null, ""Rating_Easy"": null, ""Rating_Rich"": null, ""Comment"": ""討論的主題很廣泛，大致依照授課內容簡述如下：\nUnité 1 Vivre ensemble -- 共居、禮儀\nUnité 2 Travailler autrement -- 未來的職業、法國人對工作的看法\nUnité 3 Média en masse -- 假新聞、引發爭議的國際事件\nUnité 4 Corps et esprit -- 健身、身體審美、教育、無聊與其心理狀態\nUnité 5 Le 7ème art -- 法國電影、新浪潮、坎城影展\nUnité 6 Indignés -- 性別平權、Z世代、國際組織\n\n文法部分會涵蓋虛擬式(le subjonctif)、關係代名詞(les pronoms relatifs)、未來式(le futur simple, le futur antérieur)、現在條件式(le conditionnel présent)、過去條件式(le conditionnel passé)、表達原因與結果的用法(cause et conséquence)、現在分詞與動名詞(le participe présent et le gérondif)、表達對立與讓步的用法(opposition et concession)\nCompagnon B1\n(法文三共同使用的自編講義)\n法文三每學期會有2次比較重要的課程活動(一次規模比較大、另一次規模比較小)，算是比較需要額外花時間的環節，但也都很有趣。\n考試形式同法文一、二，但難度又更為猛烈(算是比課本內容簡單一點)，雖然不確定實際分數但根據Max的說法，「大家的分數都蠻高的」，而且扣分似乎不會扣很重。所以雖然每次考完都覺得被掏空而且有點炸裂，但學期成績應該不會很可怕，想拿到好看的分數可能取決於本身的法文實力是否足夠堅強。\n111-1的A+比例落在15%(換算成實際人數大概3個人)，然後也是有修課的同學停修，供參，至於111-2的A+比例為37.5%(換算成實際人數為6個人)。\n期中考 30%\n期末考 30%\n課程活動*2 20%\n作文4篇 15%\nBla Bla Night 5%\n\n根據老師的說法，只要作文都有交、課程活動都有參與、有出席一次Bla Bla Night，這三項分數都可以全拿，所以剩下主要是考試分數決定學期成績。(以上評分標準僅限於Max的班)\n相較於法文二，法文三會有大量的時間針對特定議題進行討論，老師會針對每個人提出的看法進行延伸、補充、辯證或對話，可以在討論的過程中看到不同的想法，算是蠻有趣的部份，但對討論議題沒想法可能會覺得過程很冗長，因為通常會持續半節課至一節課以上。\n花在上單字或文法的時間會少很多，所以相較之下，法文三不僅是一門語言訓練課程，同時也涉及文化或觀點間的交流，至於是否能對於特定議題發表自己的想法也是B1等級重視的一項能力。\n就上課氛圍而論，Max一如既往般地友善且非常鼓勵大家發言，所以課堂氣氛算是蠻輕鬆而且歡樂。但可能受限於同學的程度，很多時候的討論過程會以英文進行，有時會覺得課堂上使用法文的時間沒有到非常多，算是一項小缺點。\n以課程難度而言，可以明顯感受到和法文二的落差。相較之下法文三相當重視閱讀能力的培養，所以每單元至少都會讀1~2篇長篇文章，難度跟法文二的閱讀有所斷層，剛開始接觸應該會有點吃力，但會逐漸習慣。聽力訓練也是以真實的影片作為素材而非課本的錄音檔，所以常常看完影片之後還是感到相當茫然，但也是逐漸會習慣的。\n這門課程的難度大概落在B1+，所以根據老師的說法是修完整年的課程後去考DELF B1應該都可以輕鬆通過，供參。\n推薦法文三給想繼續學習法文且願意接受一點挑戰，或喜歡Max與Emilie教學風格的同學，至少我私心很喜歡這門課！""}]"
德文三下,林倩君,外國語文學系,3,114-2,40358,FL4142,5.0,5.0,5.0,5.0,"[""[User37905 | 112-2]: 老師人真的很好🥹 非常有氣質 又很有耐心\n非常為學生著想～\n教的也很扎實 在教學上非常有熱情\n學得很開心：）""]","[{""User_ID"": ""User37905"", ""Semester"": ""112-2"", ""Rating_Quality"": null, ""Rating_Sweet"": null, ""Rating_Easy"": null, ""Rating_Rich"": null, ""Comment"": ""老師人真的很好🥹 非常有氣質 又很有耐心\n非常為學生著想～\n教的也很扎實 在教學上非常有熱情\n學得很開心：）""}]"
德文三下,漢駿緯,外國語文學系,3,114-2,59483,FL4142,,,,,"[""無評價""]",[]
德文三下,吳沃剛,外國語文學系,3,114-2,50060,FL4142,,,,,"[""[PTT | 106-2]: 轉載自 PTT 作者 ID: Ironpower (Ironpower)\n哪一學年度修課：\n\n106 學年度第二學期\n\nψ 授課教師 (若為多人合授請寫開課教師，以方便收錄)\n\n吳沃剛 老師\n\nλ 開課系所與授課對象 (是否為必修或通識課 / 內容是否與某些背景相關)\n\n外文系，大家都可以修~\n\nδ 課程大概內容\n\nDaF Kompakt Neu B1 19 - 25 課的內容\n\nΩ 私心推薦指數(以五分計) ★★★★★\n\n敢開口說：★★★★★\n\n想被逼著開口說：★★★★★\n\n我真的只是來學文法的啦QQ：★\n\nη 上課用書(影印講義或是指定教科書)\n\nDaF Kompakt Neu B1\n\nμ 上課方式(投影片、團體討論、老師教學風格)\n\n老師會用投影機投影出課本內容，基本上就是跟著課本上的指示\n\n做練習，包含討論、聽力、跟簡單的填空等等。因為這本書蠻多\n\n討論的部分，所以課堂會有很多時間會分組跟其他人練習，並且\n\n常常會在上課的時間問大家問題，有回答的分數會比較高。\n\n另外這個練習不會像德一德二常見的把課本的指定對話、句型練\n\n過一次，而是真的要自己想自己要講什麼，所以常常看到大家講\n\n到一半還要查一下單字，算是蠻有趣的上課方式。\n\nσ 評分方式(給分甜嗎？是紮實分？)\n\nAnwesenheit 10% (每週點名)\n\nMitarbeit 40% (課堂參與度)\n\nZwischenpruefung 15% (期中考)\n\nAbschluspruefung 35% (期末考)\n\n個人認為以德文來說算扎實甜，如果能突破自己在課堂上多說話\n\n就會容易拿高分，相對來說上課都很安靜就很難拿高分。\n\nρ 考題型式、作業方式\n\n期中考：\n\n兩兩一組口試，老師會在前一週公佈出題的範圍，可以根據出題\n\n範圍先練習相關的主題，雖然可以試試看先寫好稿背起來但個人\n\n不推薦，老師希望大家能自然的發揮，比較能知道問題跟程度大\n\n概落在哪。\n\n期末考：\n\n口試同上，另外在期末考前一週有個短暫的筆試，內容大概就是\n\n要寫一封 email 給別人，內容要包含稱謂、合理的開頭、內容\n\n、結尾、祝賀語。\n\n作業：\n\n老師有時候會出一些簡單的作業，上學期比較常出課後習題的造\n\n句練習；下半學期比較多的是寫作練習，老師也會給回饋。\n\n\nω 其它(是否注重出席率？如果為外系選修，需先有什麼基礎較好嗎？老師個性？\n加簽習慣？嚴禁遲到等…)\n\n基本上會全簽，也開放旁聽但要保證會參加期中、期末考。\n\n建議先修過德一、德二，不過如果能自己先讀過德二的句型 (dass,\n\nweil, wenn 等) 以及形容詞字尾等等的變化，或許可以直接挑戰\n\n德三，畢竟德三會全方位的把各種句型更深深地烙印在你的腦海^^\n\nΨ 總結\n\n相當推薦想要有機會多修的同學修課，雖然真的要在上課的時候講\n\n話很恥，但真的多講才會進步啊！自己在上學期的時候也超少發言\n\n講話，上課有時候也跟得蠻吃力的 (聽力、字彙)，下學期開始會\n\n簡單預習上課內容，也開始比較多上課的發言後覺得進步不少~~~\n\n給大家參考一下。\n\n--\n\n原文網址: https://www.ptt.cc/bbs/NTUcourse/M.1531130384.A.5F3.html""]","[{""User_ID"": ""PTT"", ""Semester"": ""106-2"", ""Rating_Quality"": null, ""Rating_Sweet"": null, ""Rating_Easy"": null, ""Rating_Rich"": null, ""Comment"": ""轉載自 PTT 作者 ID: Ironpower (Ironpower)\n哪一學年度修課：\n\n106 學年度第二學期\n\nψ 授課教師 (若為多人合授請寫開課教師，以方便收錄)\n\n吳沃剛 老師\n\nλ 開課系所與授課對象 (是否為必修或通識課 / 內容是否與某些背景相關)\n\n外文系，大家都可以修~\n\nδ 課程大概內容\n\nDaF Kompakt Neu B1 19 - 25 課的內容\n\nΩ 私心推薦指數(以五分計) ★★★★★\n\n敢開口說：★★★★★\n\n想被逼著開口說：★★★★★\n\n我真的只是來學文法的啦QQ：★\n\nη 上課用書(影印講義或是指定教科書)\n\nDaF Kompakt Neu B1\n\nμ 上課方式(投影片、團體討論、老師教學風格)\n\n老師會用投影機投影出課本內容，基本上就是跟著課本上的指示\n\n做練習，包含討論、聽力、跟簡單的填空等等。因為這本書蠻多\n\n討論的部分，所以課堂會有很多時間會分組跟其他人練習，並且\n\n常常會在上課的時間問大家問題，有回答的分數會比較高。\n\n另外這個練習不會像德一德二常見的把課本的指定對話、句型練\n\n過一次，而是真的要自己想自己要講什麼，所以常常看到大家講\n\n到一半還要查一下單字，算是蠻有趣的上課方式。\n\nσ 評分方式(給分甜嗎？是紮實分？)\n\nAnwesenheit 10% (每週點名)\n\nMitarbeit 40% (課堂參與度)\n\nZwischenpruefung 15% (期中考)\n\nAbschluspruefung 35% (期末考)\n\n個人認為以德文來說算扎實甜，如果能突破自己在課堂上多說話\n\n就會容易拿高分，相對來說上課都很安靜就很難拿高分。\n\nρ 考題型式、作業方式\n\n期中考：\n\n兩兩一組口試，老師會在前一週公佈出題的範圍，可以根據出題\n\n範圍先練習相關的主題，雖然可以試試看先寫好稿背起來但個人\n\n不推薦，老師希望大家能自然的發揮，比較能知道問題跟程度大\n\n概落在哪。\n\n期末考：\n\n口試同上，另外在期末考前一週有個短暫的筆試，內容大概就是\n\n要寫一封 email 給別人，內容要包含稱謂、合理的開頭、內容\n\n、結尾、祝賀語。\n\n作業：\n\n老師有時候會出一些簡單的作業，上學期比較常出課後習題的造\n\n句練習；下半學期比較多的是寫作練習，老師也會給回饋。\n\n\nω 其它(是否注重出席率？如果為外系選修，需先有什麼基礎較好嗎？老師個性？\n加簽習慣？嚴禁遲到等…)\n\n基本上會全簽，也開放旁聽但要保證會參加期中、期末考。\n\n建議先修過德一、德二，不過如果能自己先讀過德二的句型 (dass,\n\nweil, wenn 等) 以及形容詞字尾等等的變化，或許可以直接挑戰\n\n德三，畢竟德三會全方位的把各種句型更深深地烙印在你的腦海^^\n\nΨ 總結\n\n相當推薦想要有機會多修的同學修課，雖然真的要在上課的時候講\n\n話很恥，但真的多講才會進步啊！自己在上學期的時候也超少發言\n\n講話，上課有時候也跟得蠻吃力的 (聽力、字彙)，下學期開始會\n\n簡單預習上課內容，也開始比較多上課的發言後覺得進步不少~~~\n\n給大家參考一下。\n\n--\n\n原文網址: https://www.ptt.cc/bbs/NTUcourse/M.1531130384.A.5F3.html""}]"
波蘭文三下,陳音卉,外國語文學系,3,114-2,32496,FL4162,,,,,"[""無評價""]",[]
荷蘭文三下,敖馨郁,外國語文學系,3,114-2,10753,FL4166,,,,,"[""無評價""]",[]
捷克文三下,林學紀,外國語文學系,3,114-2,40957,FL4188,,,,,"[""無評價""]",[]
德文四下,吳沃剛,外國語文學系,3,114-2,45764,FL4138,,,,,"[""無評價""]",[]
視譯,王啟安,外國語文學系,2,114-2,19029,FL3040,,,,,"[""無評價""]",[]
逐步口譯二,蔡自青,外國語文學系,2,114-2,28364,FL3168,5.0,4.0,4.0,4.0,"[""[User86292 | 113-2]: 中進英逐步口譯。接續上學期的逐步口譯一課程，通常為原班人馬（好夥伴們🥸）繼續修習。\n暖機訓練：stressing recall， 故事paraphrase，也有帶到視譯概念。\n\n個人報告：班級成員每人負責擔任講者一次，台下同學會被隨機抽上臺進行該段落的翻譯。\n\n台下聽眾：乖乖被老師抽上臺，提供同學口譯表現回饋&開啟各類八卦群聊（？）\n同學們精彩紛呈的報告主題&\n老師本人與同儕的即時回饋（for your 報告內容&口譯表現）\n乖乖參與課堂真的不用擔心這個，請參考教學方式\n出席率15%\n口譯表現35%\n講者準備表現30%\n期末心得整理20%\n自青老師的口譯班真的大推👍💛✨\n\n一年來和程度超優秀的同學們，培養了深刻的革命情感（？！）。整體訓練扎實，可以按照老師規劃，循序漸進地增強自身的口譯能力，是很有架構的課程安排；透過同學的報告，可以了解不同領域的新知。""]","[{""User_ID"": ""User86292"", ""Semester"": ""113-2"", ""Rating_Quality"": null, ""Rating_Sweet"": null, ""Rating_Easy"": null, ""Rating_Rich"": null, ""Comment"": ""中進英逐步口譯。接續上學期的逐步口譯一課程，通常為原班人馬（好夥伴們🥸）繼續修習。\n暖機訓練：stressing recall， 故事paraphrase，也有帶到視譯概念。\n\n個人報告：班級成員每人負責擔任講者一次，台下同學會被隨機抽上臺進行該段落的翻譯。\n\n台下聽眾：乖乖被老師抽上臺，提供同學口譯表現回饋&開啟各類八卦群聊（？）\n同學們精彩紛呈的報告主題&\n老師本人與同儕的即時回饋（for your 報告內容&口譯表現）\n乖乖參與課堂真的不用擔心這個，請參考教學方式\n出席率15%\n口譯表現35%\n講者準備表現30%\n期末心得整理20%\n自青老師的口譯班真的大推👍💛✨\n\n一年來和程度超優秀的同學們，培養了深刻的革命情感（？！）。整體訓練扎實，可以按照老師規劃，循序漸進地增強自身的口譯能力，是很有架構的課程安排；透過同學的報告，可以了解不同領域的新知。""}]"
逐步口譯二,王啟安,外國語文學系,2,114-2,16473,FL3168,,,,,"[""無評價""]",[]
筆譯實習：《上報》國際新聞翻譯,馬耀民,外國語文學系,1,114-2,40429,FL5140,,,,,"[""無評價""]",[]
筆譯實習：《運動視界》國際體育新聞編譯,陳榮彬,外國語文學系,1,114-2,24474,FL5147,,,,,"[""無評價""]",[]
宋遼金史,方震華,歷史學系,3,114-2,13392,Hist2225,5.0,4.0,3.8,4.0,"[""[User54745 | 112-1]: 授課內容以留存資料最多的宋史為主，旁及遼史、金史，以政治史為討論基礎，也談論社會史、經濟史、文化史等主題。\n老師會用簡報上課再稍微補充內容，前兩節是演講課，最後一節導讀史料，再加入一些討論。\n老師提供的簡報以及文獻史料\n1. 期中書評報告(3500-5000字):老師會開書單，可以參考網路上書評的寫作方式，先進行短篇摘要再評述、分析書中的內容，老師(或助教)蠻重視「評論」這件事，引述資料需參考台大歷史學報格式。\n2. 期末考: 五題申論，範圍是簡報與上課講演內容，考大範圍概念。\n1. 平時成績佔15％\n2. 期中作業佔40％（3500至5000字）\n3. 期末考佔45％，缺繳期中作業或缺席期末考，學期成績為「不通過」\n以歷史系選修而言算是 loading 不重的課，沒有繁長的指定閱讀。課程內容豐富，仍能有很多收穫，老師講課很有自己的風格跟幽默感，也很願意與學生討論、回答問題。書評的訓練很有趣，可以訓練摘要寫作，更能夠培養分析與評述的能力。""]","[{""User_ID"": ""User54745"", ""Semester"": ""112-1"", ""Rating_Quality"": null, ""Rating_Sweet"": null, ""Rating_Easy"": null, ""Rating_Rich"": null, ""Comment"": ""授課內容以留存資料最多的宋史為主，旁及遼史、金史，以政治史為討論基礎，也談論社會史、經濟史、文化史等主題。\n老師會用簡報上課再稍微補充內容，前兩節是演講課，最後一節導讀史料，再加入一些討論。\n老師提供的簡報以及文獻史料\n1. 期中書評報告(3500-5000字):老師會開書單，可以參考網路上書評的寫作方式，先進行短篇摘要再評述、分析書中的內容，老師(或助教)蠻重視「評論」這件事，引述資料需參考台大歷史學報格式。\n2. 期末考: 五題申論，範圍是簡報與上課講演內容，考大範圍概念。\n1. 平時成績佔15％\n2. 期中作業佔40％（3500至5000字）\n3. 期末考佔45％，缺繳期中作業或缺席期末考，學期成績為「不通過」\n以歷史系選修而言算是 loading 不重的課，沒有繁長的指定閱讀。課程內容豐富，仍能有很多收穫，老師講課很有自己的風格跟幽默感，也很願意與學生討論、回答問題。書評的訓練很有趣，可以訓練摘要寫作，更能夠培養分析與評述的能力。""}]"
中國經濟史,傅揚,歷史學系,3,114-2,48335,Hist2123,,,,,"[""無評價""]",[]
日治臺灣社會文化史,顏杏如,歷史學系,3,114-2,26866,Hist2154,,,,,"[""無評價""]",[]
中國古代的醫療與文化,張嘉鳳,歷史學系,2,114-2,21490,Hist2158,,,,,"[""無評價""]",[]
"中國傳統法律、文化與社會
A2",陳俊強,歷史學系,3,114-2,17453,Hist2104,5.0,3.0,4.0,3.0,"[""[User58378 | 113-2]: The exams are not that hard if you study enough. the professor tries to give many chances to get higher grades.""]","[{""User_ID"": ""User58378"", ""Semester"": ""113-2"", ""Rating_Quality"": null, ""Rating_Sweet"": null, ""Rating_Easy"": null, ""Rating_Rich"": null, ""Comment"": ""The exams are not that hard if you study enough. the professor tries to give many chances to get higher grades.""}]"
"現代中國與世界：1911-1979
A2",王遠義,歷史學系,3,114-2,40513,Hist1591,2.0,3.8,3.8,3.0,"[""[User51045 | 112-2]: 原則上是中國近現代史的範圍，但老師會針砭時事\n1.前兩個小時老師上課\n2.第三個小時分組討論課\n3.會看電影\n4.這學期第15週放了兩個小時的音樂，老師沒有上課\n1.老師的投影片\n2.助教的投影片\n3.指閱但不一定需要購買\n4.電影，也會列入期末範圍\n期末申論題\n讀書報告\n討論課出席率\n期末考40%\n讀書報告40%\n討論課20%\n整體來說非常不推薦，雖然很涼但評分標準視不同助教而定，有的助教盡責有的助教是薪水小偷，學期總成績不會分項公布在NTU cool上，需要自己寫信去請問，且注定沒有調整分數的可能性\n\n老師雖然自稱「不玩政治正確那一套」，但在課程中使用多種過分誇張的歧視性字眼，上課內容也不像是有準備，更類似有感而發的謾罵，又自詡自己才是台灣歷史教育的良知，聽了蠻可笑的\n\n分數方面，如果真的很在意成績，可以試著先寫完期末報告給助教批閱，不然期末成績助教覺得你沒有「符合格式」就是低分認定；期末考的內容不難，拿助教地投影片出來複習即可\n\n總而言之，如果認真想學東西的話，這不是一堂很值得推薦的歷史通識課，歷史系有其他老師開的中國近現代史相關課程可以上；若是想追求分數，往年有其他修課同學死得不明不白，所以也很難說""]","[{""User_ID"": ""User51045"", ""Semester"": ""112-2"", ""Rating_Quality"": null, ""Rating_Sweet"": null, ""Rating_Easy"": null, ""Rating_Rich"": null, ""Comment"": ""原則上是中國近現代史的範圍，但老師會針砭時事\n1.前兩個小時老師上課\n2.第三個小時分組討論課\n3.會看電影\n4.這學期第15週放了兩個小時的音樂，老師沒有上課\n1.老師的投影片\n2.助教的投影片\n3.指閱但不一定需要購買\n4.電影，也會列入期末範圍\n期末申論題\n讀書報告\n討論課出席率\n期末考40%\n讀書報告40%\n討論課20%\n整體來說非常不推薦，雖然很涼但評分標準視不同助教而定，有的助教盡責有的助教是薪水小偷，學期總成績不會分項公布在NTU cool上，需要自己寫信去請問，且注定沒有調整分數的可能性\n\n老師雖然自稱「不玩政治正確那一套」，但在課程中使用多種過分誇張的歧視性字眼，上課內容也不像是有準備，更類似有感而發的謾罵，又自詡自己才是台灣歷史教育的良知，聽了蠻可笑的\n\n分數方面，如果真的很在意成績，可以試著先寫完期末報告給助教批閱，不然期末成績助教覺得你沒有「符合格式」就是低分認定；期末考的內容不難，拿助教地投影片出來複習即可\n\n總而言之，如果認真想學東西的話，這不是一堂很值得推薦的歷史通識課，歷史系有其他老師開的中國近現代史相關課程可以上；若是想追求分數，往年有其他修課同學死得不明不白，所以也很難說""}]"
哲學概論,王榮麟,哲學系、醫學系,3,114-2,30542,Phl1007,4.5,4.5,4.0,5.0,"[""[User10540 | 113-2]: 哲學基礎內容，包括知識論、形上學及倫理學，討論了認知外在世界、認知他心、心物關係、個人身份、上帝是否存在、自由意志、價值、道德等哲學議題。\n每週授課+課後閱讀並完成作業。\n講義+閱讀文獻\n作業每週都有但並非每週都必須完成，而是記最高三次成績的平均分。考試是期末線下測試，題型只有大題。\n出勤：10%\n作業：30%\n考試：60%\n教授講課清晰、深入、有邏輯，也給同學很多思辨及討論的空間。但文獻閱讀比較困難，因為是英文文獻而且篇幅很長，從中整理出文章摘要、論證分析，並提出評論與個人觀點是一件比較燒腦的事，適合對哲學感興趣、真正想要去理解與思考這些哲學問題的同學，否則會覺得workload有點大。"", ""[User61798 | 113-2]: 介紹一些基本的哲學問題，涵蓋範圍包括知識論、形上學、倫理學等。\n教授講義+分組討論\n講義和指定閱讀\n每週有指定閱讀+期中考\n出席參與度 10%\n作業 （以分數最高的五份成績計分）40%\n期末考 50%\n講義內容很有趣，分組討論也是根據當日講義進行，可以與小組成員討論上課內容和分享自己的看法。""]","[{""User_ID"": ""User10540"", ""Semester"": ""113-2"", ""Rating_Quality"": null, ""Rating_Sweet"": null, ""Rating_Easy"": null, ""Rating_Rich"": null, ""Comment"": ""哲學基礎內容，包括知識論、形上學及倫理學，討論了認知外在世界、認知他心、心物關係、個人身份、上帝是否存在、自由意志、價值、道德等哲學議題。\n每週授課+課後閱讀並完成作業。\n講義+閱讀文獻\n作業每週都有但並非每週都必須完成，而是記最高三次成績的平均分。考試是期末線下測試，題型只有大題。\n出勤：10%\n作業：30%\n考試：60%\n教授講課清晰、深入、有邏輯，也給同學很多思辨及討論的空間。但文獻閱讀比較困難，因為是英文文獻而且篇幅很長，從中整理出文章摘要、論證分析，並提出評論與個人觀點是一件比較燒腦的事，適合對哲學感興趣、真正想要去理解與思考這些哲學問題的同學，否則會覺得workload有點大。""}, {""User_ID"": ""User61798"", ""Semester"": ""113-2"", ""Rating_Quality"": null, ""Rating_Sweet"": null, ""Rating_Easy"": null, ""Rating_Rich"": null, ""Comment"": ""介紹一些基本的哲學問題，涵蓋範圍包括知識論、形上學、倫理學等。\n教授講義+分組討論\n講義和指定閱讀\n每週有指定閱讀+期中考\n出席參與度 10%\n作業 （以分數最高的五份成績計分）40%\n期末考 50%\n講義內容很有趣，分組討論也是根據當日講義進行，可以與小組成員討論上課內容和分享自己的看法。""}]"
哲學英文,魏家豪,哲學系,3,114-2,39334,Phl2059,5.0,3.0,1.0,4.0,"[""[User57130 | 109-2]: This course focuses on conveying philosophical ideas and arguments in English.\nIt has two main pillars. The first pillar comprises two sets of readings which will be discussed in class. The readings cover the history of philosophy as well as recent philosophical perspectives on metaphor.\nThe second pillar consists in practical training that culminates in the writing of a final essay. This training has several components to it: selecting a topic/gathering material (electronic library resources), reading (what/how to read), writing (writing strategies), and presentation (how to make an effective PowerPoint).\n（複製自CEIBA）\n前半學期會是每週看約20頁的英文哲學家介紹，從 笛卡爾、康德一直到 胡塞爾、海德格，幾乎常聽到的哲學家都能接觸到。後半學期是分組介紹一些更現代、更難的哲學家思想，主要是在討論隱喻（metaphor），有多難就看運氣了。最後，還要記得讀final essay需要的10篇期刊，可以找跟自己主修比較相關的來看。對英文不大好的人而言，這門課會需要花上不少時間來閱讀。\n\n至於哲學的部分，每週除了要讀一篇文章之外，老師也會給4到5個跟文章相關的討論題目。我自己是課前會先大概讀懂文章，再一邊回答問題一邊重讀過，這樣上課時才比較能聽懂。一定要說老師真的很會教！上課時他會先問我們對問題的想法，然後解釋過後，再把這些問題連貫在一起，整合成很完整的思想介紹，每次聽完課都能重新反思自己的世界觀。這部分我覺得對沒基礎的人也稍微有難度。\n老師在學期初就把所有檔案放在CEIBA上，也很貼心地照星期分好了，只要自己下載就行\n完全沒有考試！沒有考試！沒有考試！\n作業雖然看起來蠻多份的（有5份），但其實都有些關連，每項都好好做的話，最後的final essay就會寫得很輕鬆。\n1. Bibliography 5% Selected readings on topic of final essay\n2. Readings Digest 10% Digest of 2-3 selected readings for final essay; two pages (English)\n3. Review - written 15% Individual; two pages (English) one topic of choice from weeks 2-3, 5-6, 8\n4. Review - oral 15% In group; PowerPoint (English); assigned topic from weeks 10-12, 14-15\n5. Essay presentation 15%\n6. Final Essay 30% Five pages (English)\n7. Class participation 10% No points will be awarded if absent more than three times\n（來自CEIBA）\n大推助教黃理真學姐！每次寫信去問作業時，都會得到超詳細&正中紅心的回應，想不出小論文的題目時也可以找她討論，我覺得這點對外系的人來說真的超重要！""]","[{""User_ID"": ""User57130"", ""Semester"": ""109-2"", ""Rating_Quality"": null, ""Rating_Sweet"": null, ""Rating_Easy"": null, ""Rating_Rich"": null, ""Comment"": ""This course focuses on conveying philosophical ideas and arguments in English.\nIt has two main pillars. The first pillar comprises two sets of readings which will be discussed in class. The readings cover the history of philosophy as well as recent philosophical perspectives on metaphor.\nThe second pillar consists in practical training that culminates in the writing of a final essay. This training has several components to it: selecting a topic/gathering material (electronic library resources), reading (what/how to read), writing (writing strategies), and presentation (how to make an effective PowerPoint).\n（複製自CEIBA）\n前半學期會是每週看約20頁的英文哲學家介紹，從 笛卡爾、康德一直到 胡塞爾、海德格，幾乎常聽到的哲學家都能接觸到。後半學期是分組介紹一些更現代、更難的哲學家思想，主要是在討論隱喻（metaphor），有多難就看運氣了。最後，還要記得讀final essay需要的10篇期刊，可以找跟自己主修比較相關的來看。對英文不大好的人而言，這門課會需要花上不少時間來閱讀。\n\n至於哲學的部分，每週除了要讀一篇文章之外，老師也會給4到5個跟文章相關的討論題目。我自己是課前會先大概讀懂文章，再一邊回答問題一邊重讀過，這樣上課時才比較能聽懂。一定要說老師真的很會教！上課時他會先問我們對問題的想法，然後解釋過後，再把這些問題連貫在一起，整合成很完整的思想介紹，每次聽完課都能重新反思自己的世界觀。這部分我覺得對沒基礎的人也稍微有難度。\n老師在學期初就把所有檔案放在CEIBA上，也很貼心地照星期分好了，只要自己下載就行\n完全沒有考試！沒有考試！沒有考試！\n作業雖然看起來蠻多份的（有5份），但其實都有些關連，每項都好好做的話，最後的final essay就會寫得很輕鬆。\n1. Bibliography 5% Selected readings on topic of final essay\n2. Readings Digest 10% Digest of 2-3 selected readings for final essay; two pages (English)\n3. Review - written 15% Individual; two pages (English) one topic of choice from weeks 2-3, 5-6, 8\n4. Review - oral 15% In group; PowerPoint (English); assigned topic from weeks 10-12, 14-15\n5. Essay presentation 15%\n6. Final Essay 30% Five pages (English)\n7. Class participation 10% No points will be awarded if absent more than three times\n（來自CEIBA）\n大推助教黃理真學姐！每次寫信去問作業時，都會得到超詳細&正中紅心的回應，想不出小論文的題目時也可以找她討論，我覺得這點對外系的人來說真的超重要！""}]"
形上學,陳樂知,哲學系,3,114-2,51352,Phl2064,4.5,3.0,3.0,3.5,"[""[Waku | 111-2]: 這世界什麼東西存在\n3節正課+1節討論課\n老師會給文本\n老師的PPT\n期中考前的作業為文本理解\n期末作業為自己寫課程延伸的研究\n期中期末考為課堂理解\n討論課的助教可能會要求小組作業\n作業*2\n期中期末考\n討論課出缺勤、參與度\n討論課要求（每小班的助教不同）\n好像學了什麼，又好像什麼都沒有學到""]","[{""User_ID"": ""Waku"", ""Semester"": ""111-2"", ""Rating_Quality"": null, ""Rating_Sweet"": null, ""Rating_Easy"": null, ""Rating_Rich"": null, ""Comment"": ""這世界什麼東西存在\n3節正課+1節討論課\n老師會給文本\n老師的PPT\n期中考前的作業為文本理解\n期末作業為自己寫課程延伸的研究\n期中期末考為課堂理解\n討論課的助教可能會要求小組作業\n作業*2\n期中期末考\n討論課出缺勤、參與度\n討論課要求（每小班的助教不同）\n好像學了什麼，又好像什麼都沒有學到""}]"
"玄學與魏晉名士
A4",林明照,哲學系,3,114-2,26044,Phl3205,,,,,"[""無評價""]",[]
中國史前考古專題,高德,人類學系、人類學研究所,3,114-2,30077,Anth5138,,,,,"[""無評價""]",[]
資訊科學導論,林奇秀,圖書資訊學系,2,114-2,40691,LIS1008,3.5,2.2,3.0,1.7,"[""[葡萄糖胺 | 111-2]: 老師會照期初公布的課程大綱，還有他給的講義檔案來講課。期初課堂說明雖然講很多規定（例如不能用3c做課堂外的事、請假等等吧啦吧啦），但不會點名，上課很多人做其他事情也沒被抓過。出席自由但不來聽會不知道怎麼準備，如果不想來可以請同學錄音哈哈～但考前一堂課一定要來，老師會洩題考點，而且那堂課單元基本上是必考的，聽一下比較好～\n聽老師講，自己做筆記（電腦/手寫看個人）。個人覺得有時候老師講到離題，基本上上課要專心才不會聽漏重點（當然很多人沒聽課也能考好，果然台大一堆天才？）\n老師自編的word大綱，加上一些參考文獻補充（必讀必考一定要看，可以幫助申論題的材料，其他我沒讀過）\n沒作業，考試考5題名詞解釋+申論3選2，考卷雖然老師要大家拿兩張，但我沒看過有人寫到第二張。我只寫到第一張第四面的一半過。應該比起篇幅老師更重視列點跟排版，建議至少寫到第四面。\n期中考45%、期末考45%、參與10%\n期中考成績分布：\n90以上：4位\n80-89：25位\n70-79：22位\n69以下：16位\n本人期中80、期末不公布、參與不知道怎麼給的，最後A。成績分布還不知道，感覺很多人A以上，我有過就很開心了，有A字可以安心過暑假了🎉\n介紹很多未來必修會深入的名詞領域，還有各種資訊觀和理論。""]","[{""User_ID"": ""葡萄糖胺"", ""Semester"": ""111-2"", ""Rating_Quality"": null, ""Rating_Sweet"": null, ""Rating_Easy"": null, ""Rating_Rich"": null, ""Comment"": ""老師會照期初公布的課程大綱，還有他給的講義檔案來講課。期初課堂說明雖然講很多規定（例如不能用3c做課堂外的事、請假等等吧啦吧啦），但不會點名，上課很多人做其他事情也沒被抓過。出席自由但不來聽會不知道怎麼準備，如果不想來可以請同學錄音哈哈～但考前一堂課一定要來，老師會洩題考點，而且那堂課單元基本上是必考的，聽一下比較好～\n聽老師講，自己做筆記（電腦/手寫看個人）。個人覺得有時候老師講到離題，基本上上課要專心才不會聽漏重點（當然很多人沒聽課也能考好，果然台大一堆天才？）\n老師自編的word大綱，加上一些參考文獻補充（必讀必考一定要看，可以幫助申論題的材料，其他我沒讀過）\n沒作業，考試考5題名詞解釋+申論3選2，考卷雖然老師要大家拿兩張，但我沒看過有人寫到第二張。我只寫到第一張第四面的一半過。應該比起篇幅老師更重視列點跟排版，建議至少寫到第四面。\n期中考45%、期末考45%、參與10%\n期中考成績分布：\n90以上：4位\n80-89：25位\n70-79：22位\n69以下：16位\n本人期中80、期末不公布、參與不知道怎麼給的，最後A。成績分布還不知道，感覺很多人A以上，我有過就很開心了，有A字可以安心過暑假了🎉\n介紹很多未來必修會深入的名詞領域，還有各種資訊觀和理論。""}]"
圖書館管理,蔡天怡,圖書資訊學系,2,114-2,46336,LIS4002,3.0,3.0,3.5,4.0,"[""[User19805 | 111-2]: 2/21 課程介紹\n2/28 [和平紀念日不上課]\n3/7 管理者與管理\n3/14 管理思想的演進\n3/21 決策與規劃\n3/28 激勵\n4/4 [放假日不上課]\n4/11 期中考\n4/18 組織文化\n4/25 組織結構與設計\n5/2 變革管理與創新\n5/9 人力資源管理\n5/16 [補助申請計畫書提案討論]\n5/23 期末口頭報告\n5/30 期末口頭報告\n6/6 期末口頭報告\n講授為主\n老師自備pdf\n1. 課程參與（包括課前準備、出席、小組討論及各種課堂活動作業） 25%\n2. 期中考 25%\n3. 案例分析與演練 20%\n4. 期末報告（書面 20%＋口頭 10%） 30%\n圖資系大二下必修課，老師非常好，但作業量大，上課偏無聊，是堂普通涼的課""]","[{""User_ID"": ""User19805"", ""Semester"": ""111-2"", ""Rating_Quality"": null, ""Rating_Sweet"": null, ""Rating_Easy"": null, ""Rating_Rich"": null, ""Comment"": ""2/21 課程介紹\n2/28 [和平紀念日不上課]\n3/7 管理者與管理\n3/14 管理思想的演進\n3/21 決策與規劃\n3/28 激勵\n4/4 [放假日不上課]\n4/11 期中考\n4/18 組織文化\n4/25 組織結構與設計\n5/2 變革管理與創新\n5/9 人力資源管理\n5/16 [補助申請計畫書提案討論]\n5/23 期末口頭報告\n5/30 期末口頭報告\n6/6 期末口頭報告\n講授為主\n老師自備pdf\n1. 課程參與（包括課前準備、出席、小組討論及各種課堂活動作業） 25%\n2. 期中考 25%\n3. 案例分析與演練 20%\n4. 期末報告（書面 20%＋口頭 10%） 30%\n圖資系大二下必修課，老師非常好，但作業量大，上課偏無聊，是堂普通涼的課""}]"
圖書館特藏文獻管理,顧力仁,圖書資訊學系,3,114-2,50703,LIS2018,3.0,4.0,4.0,3.0,"[""[User19805 | 112-2]: 2/19 課程介紹、特藏文獻的重要性及收藏\n2/26 特藏文獻與數位典藏的發展\n3/04 特藏文獻的種類及性質，（古籍樣書、印章）特藏文獻的蒐集及市場調查，\n3/11 特藏文獻的書目管理/詮釋資料 古籍著錄 EndNote(一)\n3/18 特藏文獻的保存環境及設備 EndNote(二)\n3/25 特藏文獻的出版及展示（參訪圖書館特藏單位）\n4/01 期中報告\n4/08 特藏文獻的推廣(加值)、利用及國際合作\n4/15 古籍的書目、書志與解題\n4/22 特藏文獻的考訂、利用與學術研究\n4/29 特藏文獻的災損處理（穿線）\n5/06 特藏文獻的修復：以紙質文獻為例（實作）\n5/13 圖書館地方文獻管理\n5/20 圖書館校史檔案管理 1、2、3、4期末預覽報告\n5/27 特藏文獻的讀者服務、經營管理、專業素養及職涯發展 5、6、7、8、9期末預覽報告\n6/3 期末報告\n講授、課堂討論\n老師自備PPT\n一、期中報告、期末報告（展示）各30%，平時成績（包括出勤、作業、學習力）40%。\n二、期中分組報告：就某一主題（上課提示）分組製作EndNote書目管理以及每位撰寫3篇摘要。\n三、期末分組報告：就以上該主題以至少五篇上述EndNote為引用，撰寫該主題5,000字一篇文章，EndNote引用文獻不計字數。\n課程會學到怎麼用EndNote，也會有校外參訪、古籍修復的體驗，非常好玩！（只是報告不太知道在幹嘛...）""]","[{""User_ID"": ""User19805"", ""Semester"": ""112-2"", ""Rating_Quality"": null, ""Rating_Sweet"": null, ""Rating_Easy"": null, ""Rating_Rich"": null, ""Comment"": ""2/19 課程介紹、特藏文獻的重要性及收藏\n2/26 特藏文獻與數位典藏的發展\n3/04 特藏文獻的種類及性質，（古籍樣書、印章）特藏文獻的蒐集及市場調查，\n3/11 特藏文獻的書目管理/詮釋資料 古籍著錄 EndNote(一)\n3/18 特藏文獻的保存環境及設備 EndNote(二)\n3/25 特藏文獻的出版及展示（參訪圖書館特藏單位）\n4/01 期中報告\n4/08 特藏文獻的推廣(加值)、利用及國際合作\n4/15 古籍的書目、書志與解題\n4/22 特藏文獻的考訂、利用與學術研究\n4/29 特藏文獻的災損處理（穿線）\n5/06 特藏文獻的修復：以紙質文獻為例（實作）\n5/13 圖書館地方文獻管理\n5/20 圖書館校史檔案管理 1、2、3、4期末預覽報告\n5/27 特藏文獻的讀者服務、經營管理、專業素養及職涯發展 5、6、7、8、9期末預覽報告\n6/3 期末報告\n講授、課堂討論\n老師自備PPT\n一、期中報告、期末報告（展示）各30%，平時成績（包括出勤、作業、學習力）40%。\n二、期中分組報告：就某一主題（上課提示）分組製作EndNote書目管理以及每位撰寫3篇摘要。\n三、期末分組報告：就以上該主題以至少五篇上述EndNote為引用，撰寫該主題5,000字一篇文章，EndNote引用文獻不計字數。\n課程會學到怎麼用EndNote，也會有校外參訪、古籍修復的體驗，非常好玩！（只是報告不太知道在幹嘛...）""}]"
檔案學導論,林奇秀,圖書資訊學系,3,114-2,22110,LIS3037,,,,,"[""無評價""]",[]
生物醫學資訊資源,邱子恒,圖書資訊學系,2,114-2,35935,LIS5003,4.0,4.0,0.5,1.0,"[""[葡萄糖胺 | 111-2]: 本課程介紹生物醫學資訊資源與服務，討論到的議題包括：國內外重要的生物醫學圖書館、NLM類表與MeSH主題標目、相關資料庫、電子期刊、電子書、網際網路、實證醫學(EBM)等資源的使用與評選，並探討學術傳播、數位圖書館等趨勢對生物醫學資訊資源的影響。\n老師講授\n本課程以上課、上機展示(demo)、作業的方式，使學生熟悉各式生物醫學領域之實體與數位資源，進而學習檢索、取得、評鑑、與利用該類資源之技巧；並且透過對標竿生醫圖書館與重要專業組織的介紹，讓學生了解生物醫學資訊服務的重點。\n老師自編投影片、有幾堂課是非同步錄影\n作業報告記得要照老師的格式，該有的要有（例如分工表），不然扣分很重\n個人檢索作業1（20%）Ovid Medline資料檢索\n個人檢索作業2（40%）Ovid Medline / Pubmed / Embase檢索\n期末分組報告（40%）醫學圖書館參訪：[空間 / 設備 / 動線 / 服務 / 館藏 / 網站]\n1. 臺大醫圖印象 (十張相片 [空間 / 設備 / 動線 / 服務 / 館藏：正面/負面印象各一張相片& 圖說]& 網站：截圖說明)\n2. 北醫 / 陽交 / 北榮 / 國防醫 / 輔大醫圖 [各組選一館前往參訪 + 訪談]\n3. 目標圖書館與臺大醫圖之比較\n4. 參訪心得與對NTUML建議\n輕鬆的選修課，老師的口條還不錯，她有當過國文老師所以講話就是那種感覺～上課講解也會舉老師當館長的實務經驗，還滿有趣的！雖然不來簽到會扣分，但請假不會扣分，而且不會有那種為了簽到才勉強來的感覺，上課本身輕鬆有趣，期間會傳簽到單，如果遲到或沒簽到可以下課去前面找老師補簽，所以不用有趕課壓力～有幾堂課是線上非同步，老師會依觀看紀錄作為出席紀錄。參訪各組自己約時間。\n檢索作業上課好好聽就能做出來，不會花很多時間，排版要聽老師的排版，如果有問題老師也會耐心回答～期末報告10個人合作所以很輕鬆。甜甜的好課～""]","[{""User_ID"": ""葡萄糖胺"", ""Semester"": ""111-2"", ""Rating_Quality"": null, ""Rating_Sweet"": null, ""Rating_Easy"": null, ""Rating_Rich"": null, ""Comment"": ""本課程介紹生物醫學資訊資源與服務，討論到的議題包括：國內外重要的生物醫學圖書館、NLM類表與MeSH主題標目、相關資料庫、電子期刊、電子書、網際網路、實證醫學(EBM)等資源的使用與評選，並探討學術傳播、數位圖書館等趨勢對生物醫學資訊資源的影響。\n老師講授\n本課程以上課、上機展示(demo)、作業的方式，使學生熟悉各式生物醫學領域之實體與數位資源，進而學習檢索、取得、評鑑、與利用該類資源之技巧；並且透過對標竿生醫圖書館與重要專業組織的介紹，讓學生了解生物醫學資訊服務的重點。\n老師自編投影片、有幾堂課是非同步錄影\n作業報告記得要照老師的格式，該有的要有（例如分工表），不然扣分很重\n個人檢索作業1（20%）Ovid Medline資料檢索\n個人檢索作業2（40%）Ovid Medline / Pubmed / Embase檢索\n期末分組報告（40%）醫學圖書館參訪：[空間 / 設備 / 動線 / 服務 / 館藏 / 網站]\n1. 臺大醫圖印象 (十張相片 [空間 / 設備 / 動線 / 服務 / 館藏：正面/負面印象各一張相片& 圖說]& 網站：截圖說明)\n2. 北醫 / 陽交 / 北榮 / 國防醫 / 輔大醫圖 [各組選一館前往參訪 + 訪談]\n3. 目標圖書館與臺大醫圖之比較\n4. 參訪心得與對NTUML建議\n輕鬆的選修課，老師的口條還不錯，她有當過國文老師所以講話就是那種感覺～上課講解也會舉老師當館長的實務經驗，還滿有趣的！雖然不來簽到會扣分，但請假不會扣分，而且不會有那種為了簽到才勉強來的感覺，上課本身輕鬆有趣，期間會傳簽到單，如果遲到或沒簽到可以下課去前面找老師補簽，所以不用有趕課壓力～有幾堂課是線上非同步，老師會依觀看紀錄作為出席紀錄。參訪各組自己約時間。\n檢索作業上課好好聽就能做出來，不會花很多時間，排版要聽老師的排版，如果有問題老師也會耐心回答～期末報告10個人合作所以很輕鬆。甜甜的好課～""}]"
管理心理學,陳書梅,圖書資訊學系、圖書資訊學研究所,3,114-2,40254,LIS5039,4.2,3.0,2.2,4.0,"[""[User19805 | 112-2]: 本課程將探討管理上可能面臨的各種互動關係，並進而介紹有效管理的方法。課程區分成三大單元，分別為個體心理與管理、群體心理與管理，以及組織心理與管理三個層次。在課程的開始，將就個人行為、群體行為分別論述；其次，將探討組織溝通、組織情緒、組織衝突管理等相關議題；最後則闡述有關組織領導心理的部份。\n1. 講授\n2. 影視教學\n3. 小組討論\n4. Guest Speaker知識分享\n老師自備紙本講義\n1. 課程參與：上課出席與課堂參與與討論 10%（課堂人數少，不點名，老師會記得有誰出席）\n\n2. 個人報告\n(1) 指定閱讀心得分享 10%\n(2) 期末專題報告 35%（書面+口頭報告）\n\n3. 小組報告\n(1) 單元主題報告 5%（口頭報告）\n(2) 個案分析報告 40%（書面+口頭報告）\n課堂上的知識都偏理論，報告中應用多一點老師講過的理論，老師會比較喜歡，但要拿到A+很難（幾乎拿不到）"", ""[User29700 | 110-2]: 講授、報告、討論\n老師自製講義、課本（管理心理學）指定閱讀文章、個案分析、影片\n無考試、不定期報告\n老師多用自製講義搭配版書，喜歡點同學回答，有時候問蠻仔細的上課心臟要夠大顆，但老師人很好也很常請同學吃東西，但常不定時報告""]","[{""User_ID"": ""User19805"", ""Semester"": ""112-2"", ""Rating_Quality"": null, ""Rating_Sweet"": null, ""Rating_Easy"": null, ""Rating_Rich"": null, ""Comment"": ""本課程將探討管理上可能面臨的各種互動關係，並進而介紹有效管理的方法。課程區分成三大單元，分別為個體心理與管理、群體心理與管理，以及組織心理與管理三個層次。在課程的開始，將就個人行為、群體行為分別論述；其次，將探討組織溝通、組織情緒、組織衝突管理等相關議題；最後則闡述有關組織領導心理的部份。\n1. 講授\n2. 影視教學\n3. 小組討論\n4. Guest Speaker知識分享\n老師自備紙本講義\n1. 課程參與：上課出席與課堂參與與討論 10%（課堂人數少，不點名，老師會記得有誰出席）\n\n2. 個人報告\n(1) 指定閱讀心得分享 10%\n(2) 期末專題報告 35%（書面+口頭報告）\n\n3. 小組報告\n(1) 單元主題報告 5%（口頭報告）\n(2) 個案分析報告 40%（書面+口頭報告）\n課堂上的知識都偏理論，報告中應用多一點老師講過的理論，老師會比較喜歡，但要拿到A+很難（幾乎拿不到）""}, {""User_ID"": ""User29700"", ""Semester"": ""110-2"", ""Rating_Quality"": null, ""Rating_Sweet"": null, ""Rating_Easy"": null, ""Rating_Rich"": null, ""Comment"": ""講授、報告、討論\n老師自製講義、課本（管理心理學）指定閱讀文章、個案分析、影片\n無考試、不定期報告\n老師多用自製講義搭配版書，喜歡點同學回答，有時候問蠻仔細的上課心臟要夠大顆，但老師人很好也很常請同學吃東西，但常不定時報告""}]"
書目療法專題,陳書梅,圖書資訊學系、圖書資訊學研究所,3,114-2,41418,LIS5065,5.0,3.0,3.0,4.0,"[""[User19805 | 110-2]: 書梅教授非常幽默，上課時總能以自己生動的故事代入課程，加上課程內容相當有趣，可以真正學到與利用書目療法，作業量相對會比較重（期末需要課外實習），因此課表排很滿的話不建議修""]","[{""User_ID"": ""User19805"", ""Semester"": ""110-2"", ""Rating_Quality"": null, ""Rating_Sweet"": null, ""Rating_Easy"": null, ""Rating_Rich"": null, ""Comment"": ""書梅教授非常幽默，上課時總能以自己生動的故事代入課程，加上課程內容相當有趣，可以真正學到與利用書目療法，作業量相對會比較重（期末需要課外實習），因此課表排很滿的話不建議修""}]"
數位人文概論,陳光華,圖書資訊學系、圖書資訊學研究所,3,114-2,27569,LIS5085,3.0,4.0,4.0,3.0,"[""[User19805 | 112-2]: 講授\n老師自備PPT\n期末報告採小組方式，各組自訂主題，並運用課堂教的文本探勘和資訊視覺化的方式（corpro、gephi、tableau...），呈現該主題的熱門話題或趨勢，期中報告是期末報告的發想\n前面10+週都是去課堂聽課就好，老師也不會點名，很輕鬆，最後3週會是準備期末報告的時間，如果沒有學會課堂上教的軟體，會很難運用在期末報告中，可以在最後3週在課堂上詢問老師和助教，整體而言偏無聊，但只要有做好期末報告，應該都可以拿A+（我小組期末感覺很混，完全沒搞懂那些軟體要怎麼用，最後拿了A）"", ""[PTT | 108-2]: 轉載自 PTT 作者 ID: ts13tomato (ts13tomato)\n哪一學年度修課：\n\n108-2\n\nψ 授課教師 (若為多人合授請寫開課教師，以方便收錄)\n\n陳光華 開課\n唐牧群、闕河嘉、蔡天怡 合授\n\nλ 開課系所與授課對象 (是否為必修或通識課 / 內容是否與某些背景相關)\n\n圖資系選修\n\nδ 課程大概內容\n\n數位人文，就是用數位科技進行人文研究。授課老師與內容分別為：\n\n【陳光華老師】數位人文導論、數位資源的建構與整理\n【闕河嘉老師】CORPRO 中文獨立語料庫分析\n【唐牧群老師】Gephi 網絡分析\n【蔡天怡老師】Tabeleu 資料視覺化\n【課座】QGIS 地理資訊系統、DocuSky數位人文工具\n\n其實這門課有一個很精美的網站，點連結 http://dh.lis.ntu.edu.tw/index.html\n或關鍵字搜尋「數位人文」就會找到，裡面包含課程內容和歷屆作品。\n\nΩ 私心推薦指數(以五分計) ★★★★★\n\n3.75 星\n\nη 上課用書(影印講義或是指定教科書)\n\n無教科書，由各授課老師準備簡報與教材，多數會放在課程網頁上供學生下載。\n\nμ 上課方式(投影片、團體討論、老師教學風格)\n\n老師講授投影片，並帶領同學操作軟體。\n\nσ 評分方式(給分甜嗎？是紮實分？)\n\n平時成績20%，期中報告30%，期末報告50%。\n個人認為老師蠻佛心，即使我們這組的報告有明顯缺失，最後仍然給我們A。\n\nρ 考題型式、作業方式\n\n一、平時成績(20%)\n包含出席（其實沒有認真點過名）、上課態度與課堂作業的完成度。\n\n二、期中、期末報告(80%)\n期中報告是期末專題的發想與準備，學生在助教帶領下討論、分組蒐集人文資訊\n，奠定期末發表的基礎。\n期末報告則完整呈現專題，需上臺發表，並繳交紙本報告與簡報檔。\n\n因為本門課為小班教學，老師有餘力針對各組進度，彈性調整期中、期末的發表\n時間，所以不至於做不完。\n\nω 其它(是否注重出席率？如果為外系選修，需先有什麼基礎較好嗎？老師個性？\n加簽習慣？嚴禁遲到等…)\n\n本門課的設計是專題導向，因此組員的合作變得至關重要。\n如果知道自己在軟體面向比較弱（我本人就是QQ），可以找擅長這些軟體的本系\n生同組，讓報告更順利。\n\nΨ 總結\n\n對我而言這門課很像是一個整學期的工作坊，主要的收穫是在技術層面，也就是\n如何操作軟體，並藉由最後的專題學以致用。\n\n較可惜的是，上課練習的範例，都直接採用老師預先處理好的資料，導致我在撰\n寫期末專題時，不太熟悉要從哪裡取得原始資料，或如何加以清理。\n\n另外因為各老師只負責講解他專長的軟體，導致沒有人提及跨軟體的轉換（比如\nCORPRO的成果如何轉成可供Gephi讀取的檔案），這點容易讓學生在進行期末專題\n時小小卡關。\n\n總的來說，這門課雖不要求軟體基礎，但有軟體經驗的同學一定比較吃香，甚至\n能自己編寫程式語言，繞過課堂軟體的限制或缺陷。\n不過就算沒基礎也不用擔心，因為這堂課的助教超級用心，總是幫助同學解決很\n多操作上的困難。\n\n此外，老師很鼓勵將期末專題投稿至中央研究院「數位典藏與數位人文國際研討\n會」，即便課堂結束，仍樂意為我們修改草稿並提供回饋。\n有意接觸學術圈的同學不妨來試試。\n\n--\n\n原文網址: https://www.ptt.cc/bbs/NTUcourse/M.1598942002.A.66B.html""]","[{""User_ID"": ""User19805"", ""Semester"": ""112-2"", ""Rating_Quality"": null, ""Rating_Sweet"": null, ""Rating_Easy"": null, ""Rating_Rich"": null, ""Comment"": ""講授\n老師自備PPT\n期末報告採小組方式，各組自訂主題，並運用課堂教的文本探勘和資訊視覺化的方式（corpro、gephi、tableau...），呈現該主題的熱門話題或趨勢，期中報告是期末報告的發想\n前面10+週都是去課堂聽課就好，老師也不會點名，很輕鬆，最後3週會是準備期末報告的時間，如果沒有學會課堂上教的軟體，會很難運用在期末報告中，可以在最後3週在課堂上詢問老師和助教，整體而言偏無聊，但只要有做好期末報告，應該都可以拿A+（我小組期末感覺很混，完全沒搞懂那些軟體要怎麼用，最後拿了A）""}, {""User_ID"": ""PTT"", ""Semester"": ""108-2"", ""Rating_Quality"": null, ""Rating_Sweet"": null, ""Rating_Easy"": null, ""Rating_Rich"": null, ""Comment"": ""轉載自 PTT 作者 ID: ts13tomato (ts13tomato)\n哪一學年度修課：\n\n108-2\n\nψ 授課教師 (若為多人合授請寫開課教師，以方便收錄)\n\n陳光華 開課\n唐牧群、闕河嘉、蔡天怡 合授\n\nλ 開課系所與授課對象 (是否為必修或通識課 / 內容是否與某些背景相關)\n\n圖資系選修\n\nδ 課程大概內容\n\n數位人文，就是用數位科技進行人文研究。授課老師與內容分別為：\n\n【陳光華老師】數位人文導論、數位資源的建構與整理\n【闕河嘉老師】CORPRO 中文獨立語料庫分析\n【唐牧群老師】Gephi 網絡分析\n【蔡天怡老師】Tabeleu 資料視覺化\n【課座】QGIS 地理資訊系統、DocuSky數位人文工具\n\n其實這門課有一個很精美的網站，點連結 http://dh.lis.ntu.edu.tw/index.html\n或關鍵字搜尋「數位人文」就會找到，裡面包含課程內容和歷屆作品。\n\nΩ 私心推薦指數(以五分計) ★★★★★\n\n3.75 星\n\nη 上課用書(影印講義或是指定教科書)\n\n無教科書，由各授課老師準備簡報與教材，多數會放在課程網頁上供學生下載。\n\nμ 上課方式(投影片、團體討論、老師教學風格)\n\n老師講授投影片，並帶領同學操作軟體。\n\nσ 評分方式(給分甜嗎？是紮實分？)\n\n平時成績20%，期中報告30%，期末報告50%。\n個人認為老師蠻佛心，即使我們這組的報告有明顯缺失，最後仍然給我們A。\n\nρ 考題型式、作業方式\n\n一、平時成績(20%)\n包含出席（其實沒有認真點過名）、上課態度與課堂作業的完成度。\n\n二、期中、期末報告(80%)\n期中報告是期末專題的發想與準備，學生在助教帶領下討論、分組蒐集人文資訊\n，奠定期末發表的基礎。\n期末報告則完整呈現專題，需上臺發表，並繳交紙本報告與簡報檔。\n\n因為本門課為小班教學，老師有餘力針對各組進度，彈性調整期中、期末的發表\n時間，所以不至於做不完。\n\nω 其它(是否注重出席率？如果為外系選修，需先有什麼基礎較好嗎？老師個性？\n加簽習慣？嚴禁遲到等…)\n\n本門課的設計是專題導向，因此組員的合作變得至關重要。\n如果知道自己在軟體面向比較弱（我本人就是QQ），可以找擅長這些軟體的本系\n生同組，讓報告更順利。\n\nΨ 總結\n\n對我而言這門課很像是一個整學期的工作坊，主要的收穫是在技術層面，也就是\n如何操作軟體，並藉由最後的專題學以致用。\n\n較可惜的是，上課練習的範例，都直接採用老師預先處理好的資料，導致我在撰\n寫期末專題時，不太熟悉要從哪裡取得原始資料，或如何加以清理。\n\n另外因為各老師只負責講解他專長的軟體，導致沒有人提及跨軟體的轉換（比如\nCORPRO的成果如何轉成可供Gephi讀取的檔案），這點容易讓學生在進行期末專題\n時小小卡關。\n\n總的來說，這門課雖不要求軟體基礎，但有軟體經驗的同學一定比較吃香，甚至\n能自己編寫程式語言，繞過課堂軟體的限制或缺陷。\n不過就算沒基礎也不用擔心，因為這堂課的助教超級用心，總是幫助同學解決很\n多操作上的困難。\n\n此外，老師很鼓勵將期末專題投稿至中央研究院「數位典藏與數位人文國際研討\n會」，即便課堂結束，仍樂意為我們修改草稿並提供回饋。\n有意接觸學術圈的同學不妨來試試。\n\n--\n\n原文網址: https://www.ptt.cc/bbs/NTUcourse/M.1598942002.A.66B.html""}]"
數位敘事與視覺資訊,林廷宜,圖書資訊學系、圖書資訊學研究所,3,114-2,19988,LIS5091,4.0,3.0,3.0,3.0,"[""[User19805 | 112-2]: 前兩堂課為老師講授，後一堂課為課堂討論或實作\n幾乎每堂課都會有課堂小作業（在課堂完成，算點名的部分），期末報告為個人或小組都行，報告是改善視覺設計（如改善設計不良的海報、網站等）\n每堂課都得出席，老師很看重出席率\n老師人非常好，課程也非常有趣，還可以上機操作Photoshop和Adobe illustrator，但期末報告要做到老師的點上才可能高分，非常主觀""]","[{""User_ID"": ""User19805"", ""Semester"": ""112-2"", ""Rating_Quality"": null, ""Rating_Sweet"": null, ""Rating_Easy"": null, ""Rating_Rich"": null, ""Comment"": ""前兩堂課為老師講授，後一堂課為課堂討論或實作\n幾乎每堂課都會有課堂小作業（在課堂完成，算點名的部分），期末報告為個人或小組都行，報告是改善視覺設計（如改善設計不良的海報、網站等）\n每堂課都得出席，老師很看重出席率\n老師人非常好，課程也非常有趣，還可以上機操作Photoshop和Adobe illustrator，但期末報告要做到老師的點上才可能高分，非常主觀""}]"
高齡社會與圖書資訊服務,林珊如,圖書資訊學系、圖書資訊學研究所,3,114-2,22171,LIS5092,,,,,"[""無評價""]",[]
文本探勘方法與應用,林頌堅,圖書資訊學系、圖書資訊學研究所,3,114-2,30618,LIS5100,,,,,"[""無評價""]",[]
初級日語下,林立萍,日本語文學系,4,114-2,41939,JpnL1008,5.0,5.0,3.0,1.0,"[""[User17720 | 113-2]: The amount of material is quite extensive, and the professor speaks relatively quickly, which might be challenging for beginners in Japanese. I would recommend this class only to those who have a basic foundation in the language.""]","[{""User_ID"": ""User17720"", ""Semester"": ""113-2"", ""Rating_Quality"": null, ""Rating_Sweet"": null, ""Rating_Easy"": null, ""Rating_Rich"": null, ""Comment"": ""The amount of material is quite extensive, and the professor speaks relatively quickly, which might be challenging for beginners in Japanese. I would recommend this class only to those who have a basic foundation in the language.""}]"
日語會話一下,黃鈺涵,日本語文學系,4,114-2,49502,JpnL1012,5.0,4.0,5.0,5.0,"[""[User17720 | 113-2]: In each class, I get paired with a different student to practice Japanese conversation. The class encourages a lot of student participation. The professor is very supportive and considerate towards international students.""]","[{""User_ID"": ""User17720"", ""Semester"": ""113-2"", ""Rating_Quality"": null, ""Rating_Sweet"": null, ""Rating_Easy"": null, ""Rating_Rich"": null, ""Comment"": ""In each class, I get paired with a different student to practice Japanese conversation. The class encourages a lot of student participation. The professor is very supportive and considerate towards international students.""}]"
日語會話一下,林欣慧,日本語文學系,4,114-2,46231,JpnL1012,,,,,"[""無評價""]",[]
日文習作一下,陳昭心,日本語文學系,2,114-2,23237,JpnL1014,5.0,5.0,5.0,3.0,"[""[User17720 | 113-2]: There are about two to three writing assignments. The professor provides detailed feedback, which is very helpful for improving Japanese writing skills. The class atmosphere is relatively relaxed.""]","[{""User_ID"": ""User17720"", ""Semester"": ""113-2"", ""Rating_Quality"": null, ""Rating_Sweet"": null, ""Rating_Easy"": null, ""Rating_Rich"": null, ""Comment"": ""There are about two to three writing assignments. The professor provides detailed feedback, which is very helpful for improving Japanese writing skills. The class atmosphere is relatively relaxed.""}]"
日文習作一下,洪瑟君,日本語文學系,2,114-2,45463,JpnL1014,,,,,"[""無評價""]",[]
日語聽講實習下,陳昭心,日本語文學系,2,114-2,50020,JpnL1016,,,,,"[""無評價""]",[]
中級日語下,林慧君,日本語文學系,3,114-2,17811,JpnL2002,3.8,3.8,2.5,3.3,"[""[User | 110-1]: 中規中矩"", ""[User47886 | 110-2]: ＊以下是本學期的上課選讀文章，請注意每年可能有所變動：\n03 重なり 日本語学 「アップル」と「林檎」\n08 コミュニケーション 日本文学 トットちゃんと校長先生\n09 自然 日本学 震災と世直し\n05 境界．移動 日本語学 ⾒れる、食べれる、起きれるという⾔い⽅\n15 メディア 日本文学 江戸川乱歩の『黄金仮面』を取りまくメディア状況\n06 空間 日本学 ポスト・マクドナルド時代の文化的グローバリゼーション\n同上學期，同學必須課前預習，老師上課會點人朗讀＋翻譯。唯一差異是這學期以成篇文章為主要教材，預習進度會比上學期好掌握，相對的老師也會針對文章內容問一些延伸的問題，課程深度有比上學期增加。\n高麗大学校日本研究センター日本語学・教育叢書　01　人文科学と日本語の接点　総論編\n適時適所 日本語表現句型500 中・上級 改訂版\n其他教材老師基本上會影印或給電子檔\n本學期增加了關鍵詞作業和造句，前者非常簡單，半小時甚至十分鐘內就能解決，但要注意提交時間，老師不會通知作業區開放的時間，又常常在奇怪的時間截止作業，沒朋友的輔系生如我就有一次沒注意到，直接少一次作業成績（如果禮貌的寄信求情還是有機會補救的）。後者不算成績，但會在上課時點人上台寫自己的造句，老師再跟全班同學一起討論修正，有好好寫的話也是不錯的訓練。\n小考、期末考的模式都和上學期一樣，慧君老師的考試千萬不可怠慢，但老師絕不是給分小氣的人，好好準備不要臨時抱佛腳就好。這學期因為是線上考試，考試流程異常複雜，但老師花了很多時間跟同學溝通、演練，甚至我期末考檔案上傳出包時，助教還給了我重新提交的機會，只能說是感謝再感謝。總之慧君老師的中日是長期戰，前面有認真上課，期末必定輕鬆很多，對基礎不好的人來說更是適用。\n1.平時成績: 包括平時上課態度、出缺席、平時小考等.(25%)\n2.期中考 (35%)：本學期依然因為16週取消\n3.期末考 (40%)\n延續上學期，本學期的中日以長文閱讀為主，重點訓練日文文章解讀與文法區辨的能力。一年上完之後除了文法功力增長，閱讀速度也有明顯進步。總之慧君老師的中日就是推！""]","[{""User_ID"": ""User"", ""Semester"": ""110-1"", ""Rating_Quality"": null, ""Rating_Sweet"": null, ""Rating_Easy"": null, ""Rating_Rich"": null, ""Comment"": ""中規中矩""}, {""User_ID"": ""User47886"", ""Semester"": ""110-2"", ""Rating_Quality"": null, ""Rating_Sweet"": null, ""Rating_Easy"": null, ""Rating_Rich"": null, ""Comment"": ""＊以下是本學期的上課選讀文章，請注意每年可能有所變動：\n03 重なり 日本語学 「アップル」と「林檎」\n08 コミュニケーション 日本文学 トットちゃんと校長先生\n09 自然 日本学 震災と世直し\n05 境界．移動 日本語学 ⾒れる、食べれる、起きれるという⾔い⽅\n15 メディア 日本文学 江戸川乱歩の『黄金仮面』を取りまくメディア状況\n06 空間 日本学 ポスト・マクドナルド時代の文化的グローバリゼーション\n同上學期，同學必須課前預習，老師上課會點人朗讀＋翻譯。唯一差異是這學期以成篇文章為主要教材，預習進度會比上學期好掌握，相對的老師也會針對文章內容問一些延伸的問題，課程深度有比上學期增加。\n高麗大学校日本研究センター日本語学・教育叢書　01　人文科学と日本語の接点　総論編\n適時適所 日本語表現句型500 中・上級 改訂版\n其他教材老師基本上會影印或給電子檔\n本學期增加了關鍵詞作業和造句，前者非常簡單，半小時甚至十分鐘內就能解決，但要注意提交時間，老師不會通知作業區開放的時間，又常常在奇怪的時間截止作業，沒朋友的輔系生如我就有一次沒注意到，直接少一次作業成績（如果禮貌的寄信求情還是有機會補救的）。後者不算成績，但會在上課時點人上台寫自己的造句，老師再跟全班同學一起討論修正，有好好寫的話也是不錯的訓練。\n小考、期末考的模式都和上學期一樣，慧君老師的考試千萬不可怠慢，但老師絕不是給分小氣的人，好好準備不要臨時抱佛腳就好。這學期因為是線上考試，考試流程異常複雜，但老師花了很多時間跟同學溝通、演練，甚至我期末考檔案上傳出包時，助教還給了我重新提交的機會，只能說是感謝再感謝。總之慧君老師的中日是長期戰，前面有認真上課，期末必定輕鬆很多，對基礎不好的人來說更是適用。\n1.平時成績: 包括平時上課態度、出缺席、平時小考等.(25%)\n2.期中考 (35%)：本學期依然因為16週取消\n3.期末考 (40%)\n延續上學期，本學期的中日以長文閱讀為主，重點訓練日文文章解讀與文法區辨的能力。一年上完之後除了文法功力增長，閱讀速度也有明顯進步。總之慧君老師的中日就是推！""}]"
日語會話二下,服部美貴,日本語文學系,3,114-2,29988,JpnL2004,,,,,"[""無評價""]",[]
日文習作二下,服部美貴,日本語文學系,2,114-2,19673,JpnL2010,,,,,"[""無評價""]",[]
日文翻譯一下,曹景惠,日本語文學系,2,114-2,33544,JpnL2012,,,,,"[""無評價""]",[]
日本文化下,田世民,日本語文學系,2,114-2,43836,JpnL2014,,,,,"[""無評價""]",[]
商用日文,石川隆男,日本語文學系,2,114-2,29228,JpnL3050,,,,,"[""無評價""]",[]
日本文學史下,曹景惠,日本語文學系,3,114-2,22598,JpnL3004,,,,,"[""無評價""]",[]
日本文學名著選讀下,洪瑟君,日本語文學系,2,114-2,50863,JpnL3008,,,,,"[""無評價""]",[]
日文翻譯二下,服部美貴,日本語文學系,2,114-2,18572,JpnL3010,,,,,"[""無評價""]",[]
日文研究文獻導讀二,林慧君,日本語文學系,2,114-2,46995,JpnL3069,,,,,"[""無評價""]",[]
專題討論下,林慧君,日本語文學系,1,114-2,13355,JpnL4035,,,,,"[""無評價""]",[]
專題討論下,洪瑟君,日本語文學系,1,114-2,51368,JpnL4035,,,,,"[""無評價""]",[]
戲劇製作一,陳志峰,戲劇學系,2,114-2,11211,Thea1010,0.5,,,5.0,"[""[User97738 | 109-2]: 聽老師講話\n演講\n(1)馬天宗主編。《劇場技術手冊》。施舜晟、范朝煒、連盈 合譯。台北：台灣技術劇場協會，2006。\n(2)劉達倫主編。《舞台技術-理論基礎與實務操作》。楊金源、范朝煒、黃依華共同編著。台北：國立台灣戲曲學院，2007。\n(3)高一華、邱李歐著。《AT FULL: 劇場燈光純技術》二版，財團法人劇場技術協會，台北市，2019.09\n(4)湯瑪斯．凱利。《舞台管理：從開排到終演的舞台管理寶典》。楊淑雯 譯。台北：台灣技術劇場協會，2011年1月。\n(5)林克華、王婉容。《舞臺光景：林克華的設計與沉思》。台北：遠流，2003年8月。\n(6)陳榮貴。《專業音響實務秘笈四版》。台北：麥書，2012年8月。\n(7)妹尾河童。《窺看舞台》。姜寀蕾　譯。台北：遠流，2011年11月。\n(8)Cabrera, Roberto. Classic Tailoring Techniques: A Construction Guide for Women's Wear. NY: Fairchild Publications, 1984.\n(9)Drew Campbell. Technical Theatre for Nontechnical People. 3rd Edition. NY Allworth Press, 2016\n製作檢討報告\n製作報告至少5000字要有照片\n不知\n分組做工\n同組一定有冗員\nline都不回""]","[{""User_ID"": ""User97738"", ""Semester"": ""109-2"", ""Rating_Quality"": null, ""Rating_Sweet"": null, ""Rating_Easy"": null, ""Rating_Rich"": null, ""Comment"": ""聽老師講話\n演講\n(1)馬天宗主編。《劇場技術手冊》。施舜晟、范朝煒、連盈 合譯。台北：台灣技術劇場協會，2006。\n(2)劉達倫主編。《舞台技術-理論基礎與實務操作》。楊金源、范朝煒、黃依華共同編著。台北：國立台灣戲曲學院，2007。\n(3)高一華、邱李歐著。《AT FULL: 劇場燈光純技術》二版，財團法人劇場技術協會，台北市，2019.09\n(4)湯瑪斯．凱利。《舞台管理：從開排到終演的舞台管理寶典》。楊淑雯 譯。台北：台灣技術劇場協會，2011年1月。\n(5)林克華、王婉容。《舞臺光景：林克華的設計與沉思》。台北：遠流，2003年8月。\n(6)陳榮貴。《專業音響實務秘笈四版》。台北：麥書，2012年8月。\n(7)妹尾河童。《窺看舞台》。姜寀蕾　譯。台北：遠流，2011年11月。\n(8)Cabrera, Roberto. Classic Tailoring Techniques: A Construction Guide for Women's Wear. NY: Fairchild Publications, 1984.\n(9)Drew Campbell. Technical Theatre for Nontechnical People. 3rd Edition. NY Allworth Press, 2016\n製作檢討報告\n製作報告至少5000字要有照片\n不知\n分組做工\n同組一定有冗員\nline都不回""}]"
表演一下,林見朗,戲劇學系,2,114-2,20789,Thea1004,2.5,,,5.0,"[""[User97738 | 109-2]: 呼吸\n丟球\n批評同學\n演講\n帶大家一起呼吸\n看學生丟球\n1. A Dictionary of Theatre Anthropology (2006)。《劇場人類學辭典》。丁凡譯。臺北：書林。\n2. The Moving Body (2009)。《詩意的身體》。馬照琪譯。臺北：桂冠。\n3. To the Actor: On the Technique of Acting (1953)。《致演員：麥可．契訶夫論表演技巧》。白斐嵐譯。臺北：書林。\n4. The Open Door: Thoughts on Acting and Theatre (2005)。《開放的門：對於表演與劇場的思考》。陳敬旻譯。臺北：書林。\n5. Backwards and Forwards: A Technical Manual For Reading Plays (1983)。《劇本筆記：讀劇必修的22堂課》。莊丹琪譯。臺北：五南。\n6. A Practical Handbook for the Actor (1986)。《演員筆記：表演工作者的實務手冊》。沈若薇譯。臺北：五南。\n老師會寄一些戲劇的連結\n印一張別人的大頭貼\n讀書心得2份1000字\n實踐報告 1份1500字\n期中呈現\n期末呈現\n課程出席30%\n期中呈現20%\n期末呈現 15%\n讀書心得 15%\n實踐報告 20%\n期中期末都是一個人的""]","[{""User_ID"": ""User97738"", ""Semester"": ""109-2"", ""Rating_Quality"": null, ""Rating_Sweet"": null, ""Rating_Easy"": null, ""Rating_Rich"": null, ""Comment"": ""呼吸\n丟球\n批評同學\n演講\n帶大家一起呼吸\n看學生丟球\n1. A Dictionary of Theatre Anthropology (2006)。《劇場人類學辭典》。丁凡譯。臺北：書林。\n2. The Moving Body (2009)。《詩意的身體》。馬照琪譯。臺北：桂冠。\n3. To the Actor: On the Technique of Acting (1953)。《致演員：麥可．契訶夫論表演技巧》。白斐嵐譯。臺北：書林。\n4. The Open Door: Thoughts on Acting and Theatre (2005)。《開放的門：對於表演與劇場的思考》。陳敬旻譯。臺北：書林。\n5. Backwards and Forwards: A Technical Manual For Reading Plays (1983)。《劇本筆記：讀劇必修的22堂課》。莊丹琪譯。臺北：五南。\n6. A Practical Handbook for the Actor (1986)。《演員筆記：表演工作者的實務手冊》。沈若薇譯。臺北：五南。\n老師會寄一些戲劇的連結\n印一張別人的大頭貼\n讀書心得2份1000字\n實踐報告 1份1500字\n期中呈現\n期末呈現\n課程出席30%\n期中呈現20%\n期末呈現 15%\n讀書心得 15%\n實踐報告 20%\n期中期末都是一個人的""}]"
排演一下,姚坤君,戲劇學系,1,114-2,17175,Thea1006,2.5,,,5.0,"[""[User97738 | 109-2]: 演戲然後接受大家的批評\n演講\n每個禮拜演戲\n沒\n3份報告\n看2部要付錢的戲劇\n期中演戲\n期末演戲\n看老師高興\n排練時一定有人遲到，甚至會放妳鴿""]","[{""User_ID"": ""User97738"", ""Semester"": ""109-2"", ""Rating_Quality"": null, ""Rating_Sweet"": null, ""Rating_Easy"": null, ""Rating_Rich"": null, ""Comment"": ""演戲然後接受大家的批評\n演講\n每個禮拜演戲\n沒\n3份報告\n看2部要付錢的戲劇\n期中演戲\n期末演戲\n看老師高興\n排練時一定有人遲到，甚至會放妳鴿""}]"
臺灣戲劇名著選讀,林智莉,戲劇學系,2,114-2,30270,Thea2024,5.0,4.0,4.0,4.0,"[""[User29700 | 111-1]: 講授\n指定閱讀劇本、投影片、參考資料\n期中考、期末報告\n每週討論一個劇本、上課輕鬆、老師很願意與學生討論並接受學生的不同想法"", ""[PTT | 109-2]: 轉載自 PTT 作者 ID: shibasun (doge)\n哪一學年度修課：109-2\n\nψ 授課教師 (若為多人合授請寫開課教師，以方便收錄)\n\n林智莉\n\nλ 開課系所與授課對象 (是否為必修或通識課 / 內容是否與某些背景相關)\n\n戲劇系大二必帶，兼臺灣研究學程、亞洲藝術學程、經典人文學程\n\nδ 課程大概內容\n\n上半學期\n林摶秋〈閹雞〉\n俞大綱〈王魁負桂英〉\n金士傑〈荷珠新配〉\n李國修〈京戲啟示錄〉\n賴聲川〈暗戀桃花源〉\n\n下半學期\n王安祈〈金鎖記〉\n施如芳〈燕歌行〉\n彭鏡禧、陳芳〈天問〉\n施如芳〈梨園天神桂郎君〉\n王安祈〈青塚前的對話〉\n\nΩ 私心推薦指數(以五分計) ★★★★★\n\n課程內容：★★★★★\n外系學生友善程度（疫情前）：★★★★\n外系學生友善程度（疫情後）：★★★★★\n\nη 上課用書(影印講義或是指定教科書)\n\n劇本皆會上傳Ceiba，本系學生似乎習慣自行印出翻閱，但是似乎不是那麼必要\n\nμ 上課方式(投影片、團體討論、老師教學風格)\n\n疫情前以投影片與劇場演出影片為主，投影片內容無所不包且切入點多元，著重分析劇本中\n各元素的意象與上下脈絡；課程中經常伴隨本系學生與老師間積極且歡樂的互動（褒義），\n使得本課程基本上雖然是早九但大概也睡不著。\n\n疫情後則以老師錄製影片作為上課方式，內容無異，但是少了一些喧嘩（褒義）伴隨。\n\nσ 評分方式(給分甜嗎？是紮實分？)\n\n如果沒記錯，疫情前應該是出席20%、期中期末各30%、團體報告（任何與臺灣戲劇有關議題\n）20%；團體報告應該是外系學生比較頭痛的部分，若人生地不熟基本上只能依賴老師分配\n，或許較有壓力。\n\n然而疫情後期末考30%改為五千字以下的期末報告，團體報告20%改為三次千字上下的作業各\n佔7%，外系學生就突然能放鬆了：）。\n\n給分上應該算不錯甜。考試似乎只要熟讀劇本、簡報，再去華藝上自己找幾篇參考資料讀一\n讀吸收論點，似乎就有機會有9開頭了；出席率全勤、所有作業都有交的情況下拿到A+。\n\nρ 考題型式、作業方式\n\n參上\n考題：申論五選四。\n\nω 其它(是否注重出席率？如果為外系選修，需先有什麼基礎較好嗎？老師個性？\n加簽習慣？嚴禁遲到等…)\n\n重視出席率，幾乎每堂大約9：15時就會點名（雖然事後去補點似乎也不會怎麼樣）。完全\n不需要基礎，只需要抱持對分析劇本的熱忱即可；我是外系學生（文學院），但基本上不太\n有壓力，老師非常友善，課上氣氛和樂融洽，就是一號館的椅子真的還蠻難坐的。\n\n學程學生開學第一堂課前直接前往課堂上領取授權碼。\n\nΨ 總結\n\n好課……可能是這學期覺得教學方式最合宜的課了，老師講解非常深入淺出，在資訊量龐大\n的情況下還是可以良好吸收。而且其實還算涼，推薦給學程學生修習。\n\n--\n\n原文網址: https://www.ptt.cc/bbs/NTUcourse/M.1625362810.A.E4A.html""]","[{""User_ID"": ""User29700"", ""Semester"": ""111-1"", ""Rating_Quality"": null, ""Rating_Sweet"": null, ""Rating_Easy"": null, ""Rating_Rich"": null, ""Comment"": ""講授\n指定閱讀劇本、投影片、參考資料\n期中考、期末報告\n每週討論一個劇本、上課輕鬆、老師很願意與學生討論並接受學生的不同想法""}, {""User_ID"": ""PTT"", ""Semester"": ""109-2"", ""Rating_Quality"": null, ""Rating_Sweet"": null, ""Rating_Easy"": null, ""Rating_Rich"": null, ""Comment"": ""轉載自 PTT 作者 ID: shibasun (doge)\n哪一學年度修課：109-2\n\nψ 授課教師 (若為多人合授請寫開課教師，以方便收錄)\n\n林智莉\n\nλ 開課系所與授課對象 (是否為必修或通識課 / 內容是否與某些背景相關)\n\n戲劇系大二必帶，兼臺灣研究學程、亞洲藝術學程、經典人文學程\n\nδ 課程大概內容\n\n上半學期\n林摶秋〈閹雞〉\n俞大綱〈王魁負桂英〉\n金士傑〈荷珠新配〉\n李國修〈京戲啟示錄〉\n賴聲川〈暗戀桃花源〉\n\n下半學期\n王安祈〈金鎖記〉\n施如芳〈燕歌行〉\n彭鏡禧、陳芳〈天問〉\n施如芳〈梨園天神桂郎君〉\n王安祈〈青塚前的對話〉\n\nΩ 私心推薦指數(以五分計) ★★★★★\n\n課程內容：★★★★★\n外系學生友善程度（疫情前）：★★★★\n外系學生友善程度（疫情後）：★★★★★\n\nη 上課用書(影印講義或是指定教科書)\n\n劇本皆會上傳Ceiba，本系學生似乎習慣自行印出翻閱，但是似乎不是那麼必要\n\nμ 上課方式(投影片、團體討論、老師教學風格)\n\n疫情前以投影片與劇場演出影片為主，投影片內容無所不包且切入點多元，著重分析劇本中\n各元素的意象與上下脈絡；課程中經常伴隨本系學生與老師間積極且歡樂的互動（褒義），\n使得本課程基本上雖然是早九但大概也睡不著。\n\n疫情後則以老師錄製影片作為上課方式，內容無異，但是少了一些喧嘩（褒義）伴隨。\n\nσ 評分方式(給分甜嗎？是紮實分？)\n\n如果沒記錯，疫情前應該是出席20%、期中期末各30%、團體報告（任何與臺灣戲劇有關議題\n）20%；團體報告應該是外系學生比較頭痛的部分，若人生地不熟基本上只能依賴老師分配\n，或許較有壓力。\n\n然而疫情後期末考30%改為五千字以下的期末報告，團體報告20%改為三次千字上下的作業各\n佔7%，外系學生就突然能放鬆了：）。\n\n給分上應該算不錯甜。考試似乎只要熟讀劇本、簡報，再去華藝上自己找幾篇參考資料讀一\n讀吸收論點，似乎就有機會有9開頭了；出席率全勤、所有作業都有交的情況下拿到A+。\n\nρ 考題型式、作業方式\n\n參上\n考題：申論五選四。\n\nω 其它(是否注重出席率？如果為外系選修，需先有什麼基礎較好嗎？老師個性？\n加簽習慣？嚴禁遲到等…)\n\n重視出席率，幾乎每堂大約9：15時就會點名（雖然事後去補點似乎也不會怎麼樣）。完全\n不需要基礎，只需要抱持對分析劇本的熱忱即可；我是外系學生（文學院），但基本上不太\n有壓力，老師非常友善，課上氣氛和樂融洽，就是一號館的椅子真的還蠻難坐的。\n\n學程學生開學第一堂課前直接前往課堂上領取授權碼。\n\nΨ 總結\n\n好課……可能是這學期覺得教學方式最合宜的課了，老師講解非常深入淺出，在資訊量龐大\n的情況下還是可以良好吸收。而且其實還算涼，推薦給學程學生修習。\n\n--\n\n原文網址: https://www.ptt.cc/bbs/NTUcourse/M.1625362810.A.E4A.html""}]"
臺灣戲劇及劇場史,林鶴宜,戲劇學系、戲劇學研究所,2,114-2,44016,Thea3013,,,,,"[""無評價""]",[]
歌仔戲聲腔與動作訓練,李佩穎,戲劇學系,2,114-2,28661,Thea1408,,,,,"[""無評價""]",[]
環境色彩與公共藝術,張惠蘭,戲劇學系,2,114-2,26163,Thea1135,,,,,"[""無評價""]",[]
表演專題：身心合一訓練一,林見朗,戲劇學系,3,114-2,22925,Thea2624,,,,,"[""無評價""]",[]
戲劇構作方法與實踐二,吳政翰,戲劇學系、戲劇學研究所,3,114-2,37000,Thea5232,,,,,"[""無評價""]",[]
導演二,呂柏伸,戲劇學系,3,114-2,45532,Thea5622,,,,,"[""無評價""]",[]
超媒體藝術,陶亞倫,戲劇學系、戲劇學研究所,3,114-2,30685,Thea5105,,,,,"[""無評價""]",[]
專題研究二,陳昭瑛,中國文學研究所,1,114-2,47541,CHIN7322,,,,,"[""無評價""]",[]
專題研究二,李存智,中國文學研究所,1,114-2,26419,CHIN7322,,,,,"[""無評價""]",[]
專題研究二,劉少雄,中國文學研究所,1,114-2,19242,CHIN7322,,,,,"[""無評價""]",[]
專題研究二,曹淑娟,中國文學研究所,1,114-2,13021,CHIN7322,,,,,"[""無評價""]",[]
專題研究二,徐聖心,中國文學研究所,1,114-2,40028,CHIN7322,,,,,"[""無評價""]",[]
專題研究二,歐麗娟,中國文學研究所,1,114-2,18818,CHIN7322,,,,,"[""無評價""]",[]
專題研究二,汪詩珮,中國文學研究所,1,114-2,16031,CHIN7322,,,,,"[""無評價""]",[]
專題研究二,劉正忠,中國文學研究所,1,114-2,23220,CHIN7322,,,,,"[""無評價""]",[]
專題研究二,高嘉謙,中國文學研究所,1,114-2,57528,CHIN7322,,,,,"[""無評價""]",[]
宋代學術思想專題甲,蔡振豐,中國文學研究所,3,114-2,52004,CHIN7216,,,,,"[""無評價""]",[]
研究方法與學術英文寫作二,孟克禮,外國語文學研究所,2,114-2,17743,FL7202,,,,,"[""無評價""]",[]
研究方法與學術英文寫作二,李紀舍,外國語文學研究所,2,114-2,35910,FL7202,,,,,"[""無評價""]",[]
當西方遇見東方：敘事與物質,吳雅鳳,外國語文學研究所,3,114-2,36571,FL7303,,,,,"[""無評價""]",[]
專題研究,曼紐爾,外國語文學研究所,1,114-2,54581,FL7321,,,,,"[""無評價""]",[]
專題研究,李文良,歷史學研究所,1,114-2,52484,Hist8007,,,,,"[""無評價""]",[]
專題研究,甘懷真,歷史學研究所,1,114-2,18597,Hist8007,,,,,"[""無評價""]",[]
專題研究,呂紹理,歷史學研究所,1,114-2,15705,Hist8007,,,,,"[""無評價""]",[]
專題研究,陳翠蓮,歷史學研究所,1,114-2,26687,Hist8007,,,,,"[""無評價""]",[]
專題研究,張嘉鳳,歷史學研究所,1,114-2,40382,Hist8007,,,,,"[""無評價""]",[]
專題研究,方震華,歷史學研究所,1,114-2,58294,Hist8007,,,,,"[""無評價""]",[]
專題研究,衣若蘭,歷史學研究所,1,114-2,38647,Hist8007,,,,,"[""無評價""]",[]
專題研究,陳慧宏,歷史學研究所,1,114-2,28555,Hist8007,,,,,"[""無評價""]",[]
專題研究,劉巧楣,歷史學研究所,1,114-2,56344,Hist7001,,,,,"[""無評價""]",[]
專題研究,王遠義,歷史學研究所,1,114-2,25032,Hist8007,,,,,"[""無評價""]",[]
專題研究,羅士傑,歷史學研究所,1,114-2,25020,Hist8007,,,,,"[""無評價""]",[]
專題研究,宋家復,歷史學研究所,1,114-2,15814,Hist7001,,,,,"[""無評價""]",[]
專題研究,秦曼儀,歷史學研究所,1,114-2,28264,Hist8007,,,,,"[""無評價""]",[]
中國中古文化與思想專題,陳弱水,歷史學研究所,3,114-2,22604,Hist7119,,,,,"[""無評價""]",[]
臺灣總督府檔案選讀,鍾淑敏,歷史學研究所,2,114-2,16924,Hist7155,,,,,"[""無評價""]",[]
近代臺灣社會生活史,呂紹理,歷史學研究所,3,114-2,22455,Hist7185,,,,,"[""無評價""]",[]
漢文世界的歷史,甘懷真,歷史學研究所,2,114-2,20666,Hist5407,,,,,"[""[PTT | 109-2]: 轉載自 PTT 作者 ID: aquariuschi (億載金城武)\n哪一學年度修課：\n\n109-2\n\nψ 授課教師 (若為多人合授請寫開課教師，以方便收錄)\n\n甘懷真\n\nλ 開課系所與授課對象 (是否為必修或通識課 / 內容是否與某些背景相關)\n\n歷史所選修/他系選修\n\n如果修過老師開的東亞相關的課，再來修會比較有基礎，但沒有基礎也可以，但就要靠老師給的讀物，尤其是老師自己寫的一些學術文章先了解一些基礎概念。\n\nδ 課程大概內容\n\n主要是漢文在歷史中，因為外在政治環境，以及跟他種語言互動，而不斷產生的變化。\n每個議題都會針對當時的歷史結構、重大事件、制度、著作、人物，結合史料還有既有研究作說明。\n也會涉及域外漢文，以及不同時期與漢文並存的語言，並探究他們與漢文的互動。\n\n第1週 導論：漢文與王權\n第2週 漢文的成立：中原王權、共同語與甲骨文（上）\n第3週 漢文的成立：中原王權、共同語與甲骨文（下）\n第4週 從王曰到子曰：從西周金文到諸子百家著作\n第5週 方言與通語：大一統與地域社會（上）\n第6週 方言與通語：大一統與地域社會（下）\n第7週 夷語與胡族國家\n第8週 鮮卑國語\n第9週 漢文與朝鮮半島\n第10週 漢文與日本（上）\n第11週 漢文與日本（下）\n第12週 漢文訓讀與和語\n第13週 古文運動\n第14週 中國週邊的「國語」運動：「外國」的誕生\n第15週 文言與白話文：近世的漢文\n第16週 近代的國語運動與東亞世界\n第17週 華語(Sinophone)與漢文\n\nΩ 私心推薦指數(以五分計) ★★★★★\n\n★★★★★\n\nη 上課用書(影印講義或是指定教科書)\n\n老師會用自編投影片上課，會根據每個講題推薦相關學者的著作，\n有些檔案會有電子檔，但有些要自己去期刊資料庫或是網路上找。\n\nμ 上課方式(投影片、團體討論、老師教學風格)\n\n投影片，但投影片標記的都是主要概念、綱要、史料原文，或是古籍影像檔，\n主要還是要聽上課講課，還有課後自行去讀相關文章。\n我覺得這堂課比起其他課，可能是因為主題夠明確的關係，\n因此更有連貫性，可以專門去探究漢文在每個時代的變化，\n還有與內部以及週邊語言的互動，這從課綱可以明顯看的出來，學完會獲益良多。\n\n因為是研究所的課，因此課堂中也會針對該講題中的幾個研究問題，\n介紹目前的研究狀況、研究學者等，給予研究領域的延伸思考。\n\n老師也會延伸到台灣今日的語言歷史與現況，也可以將所學用以思考今日語言社會的變遷\n\n疫情後會轉為用COOL上課，但基本上沒有影響，反而知識密度會更增加。\n\nσ 評分方式(給分甜嗎？是紮實分？)\n\n30% 期中問題思考報告\n70% 期末報告/期末研究報告\n\n期中報告 會針對上過的課題，出四題題目，每題寫600~1000字的報告。\n期末報告 大學部要寫前者，研究生要寫後者。\n期末報告要寫五題選四的報告，每題要用小論文的方式作答，不低於六百字。\n\n扎實甜\n\nρ 考題型式、作業方式\n\n就像上面那樣\n\nω 其它(是否注重出席率？如果為外系選修，需先有什麼基礎較好嗎？老師個性？\n加簽習慣？嚴禁遲到等…)\n\n這學期好像20多個人選修，都簽，但會建議具備有閱讀長篇文章，以及撰寫長篇報告能力\n但畢竟還是要有一點對於東亞王權、東亞政治的基礎會比較好，\n可以修習之前開過的東亞古代政治史、中國古代政治史當成基礎。\n\nΨ 總結\n\n這堂課認真修起來真的很扎實，而且可以很深刻的認識到語言是如何變遷的，\n還可以觸類旁通，延伸到當時的政治史。\n而且修這堂課，老師也很鼓勵我們擺脫民族主義的影響，因為受到民族主義的影響，\n我們很容易會不經思考，認為語言就像是母語一樣，自古以來的人都說著同一種語言\n去反思固有文化、固有語言的歷史命題，更重要的是去分析客觀環境以及歷史結構的影響\n這種獨立思考還有求真、提出問題的態度，出了學校也很適用。\n\n--\n問卦] 遇到遊覽車司機群在桃機擾亂怎麼辦 ？\n然後不小心跟車一起卡在遊覽車陣中 有點無助 …\n現在一堆警察正在跟他們周旋 。https://i.imgur.com/cUJQmqy.jpg\n推 boffin: 我有看到你XDDDDD QQ06/15 10:21\n→ boffin: http://i.imgur.com/WEOFIIr.jpg\n\n\n--\n\n原文網址: https://www.ptt.cc/bbs/NTUcourse/M.1625927987.A.084.html""]","[{""User_ID"": ""PTT"", ""Semester"": ""109-2"", ""Rating_Quality"": null, ""Rating_Sweet"": null, ""Rating_Easy"": null, ""Rating_Rich"": null, ""Comment"": ""轉載自 PTT 作者 ID: aquariuschi (億載金城武)\n哪一學年度修課：\n\n109-2\n\nψ 授課教師 (若為多人合授請寫開課教師，以方便收錄)\n\n甘懷真\n\nλ 開課系所與授課對象 (是否為必修或通識課 / 內容是否與某些背景相關)\n\n歷史所選修/他系選修\n\n如果修過老師開的東亞相關的課，再來修會比較有基礎，但沒有基礎也可以，但就要靠老師給的讀物，尤其是老師自己寫的一些學術文章先了解一些基礎概念。\n\nδ 課程大概內容\n\n主要是漢文在歷史中，因為外在政治環境，以及跟他種語言互動，而不斷產生的變化。\n每個議題都會針對當時的歷史結構、重大事件、制度、著作、人物，結合史料還有既有研究作說明。\n也會涉及域外漢文，以及不同時期與漢文並存的語言，並探究他們與漢文的互動。\n\n第1週 導論：漢文與王權\n第2週 漢文的成立：中原王權、共同語與甲骨文（上）\n第3週 漢文的成立：中原王權、共同語與甲骨文（下）\n第4週 從王曰到子曰：從西周金文到諸子百家著作\n第5週 方言與通語：大一統與地域社會（上）\n第6週 方言與通語：大一統與地域社會（下）\n第7週 夷語與胡族國家\n第8週 鮮卑國語\n第9週 漢文與朝鮮半島\n第10週 漢文與日本（上）\n第11週 漢文與日本（下）\n第12週 漢文訓讀與和語\n第13週 古文運動\n第14週 中國週邊的「國語」運動：「外國」的誕生\n第15週 文言與白話文：近世的漢文\n第16週 近代的國語運動與東亞世界\n第17週 華語(Sinophone)與漢文\n\nΩ 私心推薦指數(以五分計) ★★★★★\n\n★★★★★\n\nη 上課用書(影印講義或是指定教科書)\n\n老師會用自編投影片上課，會根據每個講題推薦相關學者的著作，\n有些檔案會有電子檔，但有些要自己去期刊資料庫或是網路上找。\n\nμ 上課方式(投影片、團體討論、老師教學風格)\n\n投影片，但投影片標記的都是主要概念、綱要、史料原文，或是古籍影像檔，\n主要還是要聽上課講課，還有課後自行去讀相關文章。\n我覺得這堂課比起其他課，可能是因為主題夠明確的關係，\n因此更有連貫性，可以專門去探究漢文在每個時代的變化，\n還有與內部以及週邊語言的互動，這從課綱可以明顯看的出來，學完會獲益良多。\n\n因為是研究所的課，因此課堂中也會針對該講題中的幾個研究問題，\n介紹目前的研究狀況、研究學者等，給予研究領域的延伸思考。\n\n老師也會延伸到台灣今日的語言歷史與現況，也可以將所學用以思考今日語言社會的變遷\n\n疫情後會轉為用COOL上課，但基本上沒有影響，反而知識密度會更增加。\n\nσ 評分方式(給分甜嗎？是紮實分？)\n\n30% 期中問題思考報告\n70% 期末報告/期末研究報告\n\n期中報告 會針對上過的課題，出四題題目，每題寫600~1000字的報告。\n期末報告 大學部要寫前者，研究生要寫後者。\n期末報告要寫五題選四的報告，每題要用小論文的方式作答，不低於六百字。\n\n扎實甜\n\nρ 考題型式、作業方式\n\n就像上面那樣\n\nω 其它(是否注重出席率？如果為外系選修，需先有什麼基礎較好嗎？老師個性？\n加簽習慣？嚴禁遲到等…)\n\n這學期好像20多個人選修，都簽，但會建議具備有閱讀長篇文章，以及撰寫長篇報告能力\n但畢竟還是要有一點對於東亞王權、東亞政治的基礎會比較好，\n可以修習之前開過的東亞古代政治史、中國古代政治史當成基礎。\n\nΨ 總結\n\n這堂課認真修起來真的很扎實，而且可以很深刻的認識到語言是如何變遷的，\n還可以觸類旁通，延伸到當時的政治史。\n而且修這堂課，老師也很鼓勵我們擺脫民族主義的影響，因為受到民族主義的影響，\n我們很容易會不經思考，認為語言就像是母語一樣，自古以來的人都說著同一種語言\n去反思固有文化、固有語言的歷史命題，更重要的是去分析客觀環境以及歷史結構的影響\n這種獨立思考還有求真、提出問題的態度，出了學校也很適用。\n\n--\n問卦] 遇到遊覽車司機群在桃機擾亂怎麼辦 ？\n然後不小心跟車一起卡在遊覽車陣中 有點無助 …\n現在一堆警察正在跟他們周旋 。https://i.imgur.com/cUJQmqy.jpg\n推 boffin: 我有看到你XDDDDD QQ06/15 10:21\n→ boffin: http://i.imgur.com/WEOFIIr.jpg\n\n\n--\n\n原文網址: https://www.ptt.cc/bbs/NTUcourse/M.1625927987.A.084.html""}]"
先秦哲學討論,佐藤將之,哲學研究所,3,114-2,56760,Phl7101,,,,,"[""無評價""]",[]
康德道德哲學問題,彭文本,哲學研究所,3,114-2,36731,Phl7688,,,,,"[""無評價""]",[]
資料選讀,陳有貝,人類學研究所,2,114-2,35520,Anth7004,,,,,"[""無評價""]",[]
基礎文獻評論,高德,人類學研究所,2,114-2,15753,Anth8001,,,,,"[""無評價""]",[]
研究方法,林珊如,圖書資訊學研究所,3,114-2,54384,LIS7014,,,,,"[""無評價""]",[]
資訊與科技管理專題,楊東謀,圖書資訊學研究所,3,114-2,52784,LIS7025,,,,,"[""無評價""]",[]
公共圖書館研討,盧秀菊,圖書資訊學研究所,3,114-2,33664,LIS5058,,,,,"[""無評價""]",[]
中文資訊處理專題,陳光華,圖書資訊學研究所,3,114-2,18337,LIS5086,,,,,"[""無評價""]",[]
日本近代南洋文學研究下,洪瑟君,日本語文學研究所,2,114-2,27988,JpnL7072,,,,,"[""無評價""]",[]
日語教育學研究下,黃鈺涵,日本語文學研究所,2,114-2,35209,JpnL7056,,,,,"[""無評價""]",[]
近代日本的中國認識與亞洲論下,何思慎,日本語文學研究所,2,114-2,45835,JpnL7070,,,,,"[""無評價""]",[]
中國戲劇經典學術著作選讀,林鶴宜,戲劇學研究所,3,114-2,27818,Thea7005,,,,,"[""無評價""]",[]
魏晉南北朝書法專題,盧慧紋,藝術史研究所,3,114-2,54919,ARHY7078,,,,,"[""無評價""]",[]
語音學,馮怡蓁,語言學研究所,3,114-2,10046,LING7106,,,,,"[""無評價""]",[]
語音學專題獨立研究,馮怡蓁,語言學研究所,3,114-2,47233,LING7108,,,,,"[""無評價""]",[]
語言與文化專題研究,呂佳蓉,語言學研究所,3,114-2,15277,LING7320,,,,,"[""無評價""]",[]
語言與文化,呂佳蓉,語言學研究所,3,114-2,23592,LING5310,,,,,"[""無評價""]",[]
臺灣語言概論,楊秀芳,臺灣文學研究所,3,114-2,46061,TwLit7099,,,,,"[""無評價""]",[]
華語會話教學,蔡宜妮,華語教學碩士學位學程,3,114-2,12971,TCSL7202,,,,,"[""無評價""]",[]
社會語言學,劉德馨,華語教學碩士學位學程,3,114-2,25827,PTCSL7206,,,,,"[""無評價""]",[]
會話分析與課室言談,蔡宜妮,華語教學碩士學位學程,3,114-2,24397,PTCSL7263,,,,,"[""無評價""]",[]
國際生華語 (二),王冠婷,華語教學碩士學位學程,3,114-2,46600,PTCSL7909,,,,,"[""無評價""]",[]
國際生華語 (二),李芳蓓,華語教學碩士學位學程,3,114-2,24572,PTCSL7909,5.0,3.7,3.7,3.3,"[""[User68180 | 113-2]: The teacher is great and she always shows up with a positive attitude. I like how she tells us certain Taiwanese details that apply to everyday life along with following the textbook. She also provides the homework materials, which is nice so that we don't have to print it.""]","[{""User_ID"": ""User68180"", ""Semester"": ""113-2"", ""Rating_Quality"": null, ""Rating_Sweet"": null, ""Rating_Easy"": null, ""Rating_Rich"": null, ""Comment"": ""The teacher is great and she always shows up with a positive attitude. I like how she tells us certain Taiwanese details that apply to everyday life along with following the textbook. She also provides the homework materials, which is nice so that we don't have to print it.""}]"
國際生華語 (二),王曉君,華語教學碩士學位學程,3,114-2,20087,PTCSL7909,,,,,"[""無評價""]",[]
國際生華語 (二),趙玉雯,華語教學碩士學位學程,3,114-2,10318,PTCSL7909,5.0,5.0,1.0,4.0,"[""[User89162 | 110-2]: Lecture 3 times a week\nHomeworks and written/oral exams\nVery well structured and taught course, time intensive""]","[{""User_ID"": ""User89162"", ""Semester"": ""110-2"", ""Rating_Quality"": null, ""Rating_Sweet"": null, ""Rating_Easy"": null, ""Rating_Rich"": null, ""Comment"": ""Lecture 3 times a week\nHomeworks and written/oral exams\nVery well structured and taught course, time intensive""}]"
國際生華語 (二),蔡孟芳,華語教學碩士學位學程,3,114-2,51609,PTCSL7909,5.0,4.0,4.5,3.5,"[""[User77086 | 114-2]: Really sweet and flexible teacher, adapted to the class's needs and learned a lot of useful grammar and vocabulary""]","[{""User_ID"": ""User77086"", ""Semester"": ""114-2"", ""Rating_Quality"": null, ""Rating_Sweet"": null, ""Rating_Easy"": null, ""Rating_Rich"": null, ""Comment"": ""Really sweet and flexible teacher, adapted to the class's needs and learned a lot of useful grammar and vocabulary""}]"
國際生華語 (二),劉孝聖,華語教學碩士學位學程,3,114-2,34223,PTCSL7909,,,,,"[""無評價""]",[]
國際生華語 (二),葉千菁,華語教學碩士學位學程,3,114-2,51147,PTCSL7909,5.0,4.5,4.0,4.0,"[""[User56925 | 113-2]: Wonderful and engaging teacher!""]","[{""User_ID"": ""User56925"", ""Semester"": ""113-2"", ""Rating_Quality"": null, ""Rating_Sweet"": null, ""Rating_Easy"": null, ""Rating_Rich"": null, ""Comment"": ""Wonderful and engaging teacher!""}]"
國際生華語 (二),駱美秀,華語教學碩士學位學程,3,114-2,46334,PTCSL7909,4.7,3.0,4.3,4.0,"[""[User78503 | 113-2]: Lesson 6-12 in Elementary II\nAsking many questions to random students and small talk at the beginning of the class.\nTextbooks, printed-out sheets for practising character writing\nHeavy workload - some exams were harder than others. However, I found that I learned a lot.\nQuite hard to get an A, as Luo laoshi was incredibly thorough when grading.\nQuite a tough class with a lot of work, however I learned a lot and appreciated her pickiness.""]","[{""User_ID"": ""User78503"", ""Semester"": ""113-2"", ""Rating_Quality"": null, ""Rating_Sweet"": null, ""Rating_Easy"": null, ""Rating_Rich"": null, ""Comment"": ""Lesson 6-12 in Elementary II\nAsking many questions to random students and small talk at the beginning of the class.\nTextbooks, printed-out sheets for practising character writing\nHeavy workload - some exams were harder than others. However, I found that I learned a lot.\nQuite hard to get an A, as Luo laoshi was incredibly thorough when grading.\nQuite a tough class with a lot of work, however I learned a lot and appreciated her pickiness.""}]"
國際生華語 (二),吳俞萱,華語教學碩士學位學程,3,114-2,16852,PTCSL7909,4.0,4.2,3.0,3.2,"[""[User65860 | 113-2]: The professor was very enthusiastic and encouraging. The course moved extremely slowly though, and I felt like we could have learned much more in one semester than we did.""]","[{""User_ID"": ""User65860"", ""Semester"": ""113-2"", ""Rating_Quality"": null, ""Rating_Sweet"": null, ""Rating_Easy"": null, ""Rating_Rich"": null, ""Comment"": ""The professor was very enthusiastic and encouraging. The course moved extremely slowly though, and I felt like we could have learned much more in one semester than we did.""}]"
國際生華語 (二),何宣瑩,華語教學碩士學位學程,3,114-2,31930,PTCSL7909,5.0,4.4,4.9,1.4,"[""[User25129 | 114-2]: Each lesson we would focus on a topic with an essay that we would read. We would quickly read though it then He Laoshi would introduce the main vocab and grammar points, each point followed by an open discussion to expand on the topic with classmates. The PowerPoints are very high quality with many examples and a clear and cute layout that helps learning.\nThe textbook had a collection of essays in Chinese which as well as helping my language skills gave me background knowledge of Taiwan. He Laoshi also chose more materials for us and gave us worksheets with all the main vocabulary and grammar structures that were essential to learn.\nMost days we would have a dictation but not too much pressure as it’s only what we covered in the previous class. We had 2 mini exams, one midterm exam and one end of term exam, 2 oral exams and 2 presentations.\nGrading is very fair.\nHe Laoshi is one of the best Chinese teachers I’ve ever had. Her energy is so bright and sunny which inspired me to try my best and be excited about learning Chinese again. Even though the class is early in the morning, I never felt tired because the class is so interactive with lots of opportunities for discussion and to get to know classmates. It was amazing to feel the progress of going from having little confidence in speaking to fluently being able to express my thoughts and opinions in Chinese. I also really liked how He Laoshi would come and listen to our group/ partner discussions and help us to make what we wanted to express more natural and elegant.""]","[{""User_ID"": ""User25129"", ""Semester"": ""114-2"", ""Rating_Quality"": null, ""Rating_Sweet"": null, ""Rating_Easy"": null, ""Rating_Rich"": null, ""Comment"": ""Each lesson we would focus on a topic with an essay that we would read. We would quickly read though it then He Laoshi would introduce the main vocab and grammar points, each point followed by an open discussion to expand on the topic with classmates. The PowerPoints are very high quality with many examples and a clear and cute layout that helps learning.\nThe textbook had a collection of essays in Chinese which as well as helping my language skills gave me background knowledge of Taiwan. He Laoshi also chose more materials for us and gave us worksheets with all the main vocabulary and grammar structures that were essential to learn.\nMost days we would have a dictation but not too much pressure as it’s only what we covered in the previous class. We had 2 mini exams, one midterm exam and one end of term exam, 2 oral exams and 2 presentations.\nGrading is very fair.\nHe Laoshi is one of the best Chinese teachers I’ve ever had. Her energy is so bright and sunny which inspired me to try my best and be excited about learning Chinese again. Even though the class is early in the morning, I never felt tired because the class is so interactive with lots of opportunities for discussion and to get to know classmates. It was amazing to feel the progress of going from having little confidence in speaking to fluently being able to express my thoughts and opinions in Chinese. I also really liked how He Laoshi would come and listen to our group/ partner discussions and help us to make what we wanted to express more natural and elegant.""}]"
國際生華語 (二),林梅琪,華語教學碩士學位學程,3,114-2,11974,PTCSL7909,5.0,3.5,4.0,2.0,"[""[User80451 | 113-2]: how to use basic Chinese\nin class PPT\npresentation slides\nworkbook review, midterm test, final test, final presentation\n10/10\nprofessor is super kind. I think she is the best professor who I met in NTU."", ""[User43707 | 113-2]: Love this teacher, very engaging and kind. only complaint is the class is held a bit too late in the day""]","[{""User_ID"": ""User80451"", ""Semester"": ""113-2"", ""Rating_Quality"": null, ""Rating_Sweet"": null, ""Rating_Easy"": null, ""Rating_Rich"": null, ""Comment"": ""how to use basic Chinese\nin class PPT\npresentation slides\nworkbook review, midterm test, final test, final presentation\n10/10\nprofessor is super kind. I think she is the best professor who I met in NTU.""}, {""User_ID"": ""User43707"", ""Semester"": ""113-2"", ""Rating_Quality"": null, ""Rating_Sweet"": null, ""Rating_Easy"": null, ""Rating_Rich"": null, ""Comment"": ""Love this teacher, very engaging and kind. only complaint is the class is held a bit too late in the day""}]"
國際生實用華語 (二),林映均,華語教學碩士學位學程,1,114-2,47783,PTCSL7911,,,,,"[""無評價""]",[]
國際生實用華語 (二),王曉君,華語教學碩士學位學程,1,114-2,20652,PTCSL7911,2.0,2.0,2.0,3.0,"[""[User43707 | 113-2]: The teacher is good, but would prefer she spoke a bit more English when it comes to important things, as I found I almost missed a few deadlines because I couldn't understand very well. The class is held way too early, making it nearly impossible to focus and learn. Honestly, the quality of the class would improve so much if it started at 9 or 10 instead of 8.""]","[{""User_ID"": ""User43707"", ""Semester"": ""113-2"", ""Rating_Quality"": null, ""Rating_Sweet"": null, ""Rating_Easy"": null, ""Rating_Rich"": null, ""Comment"": ""The teacher is good, but would prefer she spoke a bit more English when it comes to important things, as I found I almost missed a few deadlines because I couldn't understand very well. The class is held way too early, making it nearly impossible to focus and learn. Honestly, the quality of the class would improve so much if it started at 9 or 10 instead of 8.""}]"
國際生商務華語,李芳蓓,華語教學碩士學位學程,2,114-2,46578,PTCSL7913,4.0,4.5,3.5,3.2,"[""[User28052 | 113-1]: We can study business Chinese in this class. I think it was great to study more specific Chinese words. But after changing professor in mid-term, the way of teaching was not good. And her announcement was not clear so it was confusing students.""]","[{""User_ID"": ""User28052"", ""Semester"": ""113-1"", ""Rating_Quality"": null, ""Rating_Sweet"": null, ""Rating_Easy"": null, ""Rating_Rich"": null, ""Comment"": ""We can study business Chinese in this class. I think it was great to study more specific Chinese words. But after changing professor in mid-term, the way of teaching was not good. And her announcement was not clear so it was confusing students.""}]"
國際生初級臺語,賴毓珊,華語教學碩士學位學程,2,114-2,17392,PTCSL7915,4.3,4.2,4.2,3.0,"[""[User52374 | 114-1]: Studying Taiwanese alphabet and learn basic Taiwanese sentences like greetings or introducing yourself or another person.\nWe learn from a textbook, the lecturer will go over the new words in the chapter, the pronounciation and the meaning and then there is a dialogue and also questions about the text and the new vocabulary which the students need to answer in Taiwanese.\nThe textbook the students have to buy and other material is published on NTU cool.\nThere are weekly homework assignments and also a midterm and final exam.\nThe grading seems very friendly, if the students do the homework they will most likely be good enough to get a good grade.\nIt is a good course to learn basic Taiwanese, it is a very basic level so there is basically no requirements except the student should know basic Chinese, as the course is for international students but taught in Chinese.""]","[{""User_ID"": ""User52374"", ""Semester"": ""114-1"", ""Rating_Quality"": null, ""Rating_Sweet"": null, ""Rating_Easy"": null, ""Rating_Rich"": null, ""Comment"": ""Studying Taiwanese alphabet and learn basic Taiwanese sentences like greetings or introducing yourself or another person.\nWe learn from a textbook, the lecturer will go over the new words in the chapter, the pronounciation and the meaning and then there is a dialogue and also questions about the text and the new vocabulary which the students need to answer in Taiwanese.\nThe textbook the students have to buy and other material is published on NTU cool.\nThere are weekly homework assignments and also a midterm and final exam.\nThe grading seems very friendly, if the students do the homework they will most likely be good enough to get a good grade.\nIt is a good course to learn basic Taiwanese, it is a very basic level so there is basically no requirements except the student should know basic Chinese, as the course is for international students but taught in Chinese.""}]"
國際生初級臺語,陳豐惠,華語教學碩士學位學程,2,114-2,43933,PTCSL7915,4.0,4.5,4.3,2.2,"[""[User95027 | 114-1]: Introductory Taiwanese, focus on tones and pronunciation\nReading out loud, then having the class repeat\nBook lessons provided as PDF\nVerbal midterm and final exam\nBased on exams and participation\nGreat class, would recommend to anyone who wants to learn or improve their Taiwanese. If you put in the effort, you can really learn a lot.""]","[{""User_ID"": ""User95027"", ""Semester"": ""114-1"", ""Rating_Quality"": null, ""Rating_Sweet"": null, ""Rating_Easy"": null, ""Rating_Rich"": null, ""Comment"": ""Introductory Taiwanese, focus on tones and pronunciation\nReading out loud, then having the class repeat\nBook lessons provided as PDF\nVerbal midterm and final exam\nBased on exams and participation\nGreat class, would recommend to anyone who wants to learn or improve their Taiwanese. If you put in the effort, you can really learn a lot.""}]"
國際生生活成語,葉千菁,華語教學碩士學位學程,2,114-2,32741,PTCSL7920,4.5,3.8,3.5,3.2,"[""[User33818 | 114-1]: Chinese idioms and their usage in real life.\nWe went over 4 - 6 idioms per class, some of which had a backstory in the textbook, some of which did not. Homework in the form of creating own example sentences after each class. Could be done during the class itself and then you had no homework.\nBuying a textbook was mandatory for this class. Teacher uploaded her own materials every week to NTU COOL.\nHomework every week (which was managable to have completed in class). One or two exams between midterm and final exams.\nTeacher was very lenient. I completely botched one test and still managed to 亡羊補牢 and get an A.\nThe teacher can be a bit scary at times because she demands the students pay attention and participate in class, and if you do not do that, she will let you suffer in the embarassing silence that follows.""]","[{""User_ID"": ""User33818"", ""Semester"": ""114-1"", ""Rating_Quality"": null, ""Rating_Sweet"": null, ""Rating_Easy"": null, ""Rating_Rich"": null, ""Comment"": ""Chinese idioms and their usage in real life.\nWe went over 4 - 6 idioms per class, some of which had a backstory in the textbook, some of which did not. Homework in the form of creating own example sentences after each class. Could be done during the class itself and then you had no homework.\nBuying a textbook was mandatory for this class. Teacher uploaded her own materials every week to NTU COOL.\nHomework every week (which was managable to have completed in class). One or two exams between midterm and final exams.\nTeacher was very lenient. I completely botched one test and still managed to 亡羊補牢 and get an A.\nThe teacher can be a bit scary at times because she demands the students pay attention and participate in class, and if you do not do that, she will let you suffer in the embarassing silence that follows.""}]"
國際生進階臺語,賴毓珊,華語教學碩士學位學程,2,114-2,31117,PTCSL7923,5.0,5.0,5.0,2.0,"[""[User19949 | 113-2]: - pronunciation\n- basic conversation\n- the use of Taiwanese dictionary\n- songs, jokes, short stories, journals\n- Taiwanese culture\nthe instructor conducted the course primarily in Taiwanese, with some supplementary Mandarin and English when necessary.\n《生活臺語》、臺語線上字辭典\npresentations, short essays, dialogue practice, homework every week\nA\nI love this course because it allowed me to learn more about the language of Taiwan and its culture. The instructor is really nice and sweet, and singing songs in Taiwanese made the class a lot of fun. The lively atmosphere helped me feel more comfortable practicing speaking and made learning enjoyable. Although personalized feedback was mostly given during class activities, the positive environment encouraged me to keep improving.""]","[{""User_ID"": ""User19949"", ""Semester"": ""113-2"", ""Rating_Quality"": null, ""Rating_Sweet"": null, ""Rating_Easy"": null, ""Rating_Rich"": null, ""Comment"": ""- pronunciation\n- basic conversation\n- the use of Taiwanese dictionary\n- songs, jokes, short stories, journals\n- Taiwanese culture\nthe instructor conducted the course primarily in Taiwanese, with some supplementary Mandarin and English when necessary.\n《生活臺語》、臺語線上字辭典\npresentations, short essays, dialogue practice, homework every week\nA\nI love this course because it allowed me to learn more about the language of Taiwan and its culture. The instructor is really nice and sweet, and singing songs in Taiwanese made the class a lot of fun. The lively atmosphere helped me feel more comfortable practicing speaking and made learning enjoyable. Although personalized feedback was mostly given during class activities, the positive environment encouraged me to keep improving.""}]"
國際生進階臺語,陳豐惠,華語教學碩士學位學程,2,114-2,52913,PTCSL7923,,,,,"[""無評價""]",[]
國際生華語歷史故事,葉千菁,華語教學碩士學位學程,2,114-2,26572,PTCSL5005,5.0,3.0,3.0,3.0,"[""[User54750 | 113-1]: Every week we read a Chinese historical story, discuss the story, historical context, and deeper meaning together.\nPresentation and class discussion\n1 assignment every week (150 characters)\nIn class written tests and midterm\nThe final assignment is a written essay, hand in on NTU cool.\nWonderful course! I learnt a lot about Chinese culture and history while improving my Chinese. I recommend to other students who fit the course prerequisites.""]","[{""User_ID"": ""User54750"", ""Semester"": ""113-1"", ""Rating_Quality"": null, ""Rating_Sweet"": null, ""Rating_Easy"": null, ""Rating_Rich"": null, ""Comment"": ""Every week we read a Chinese historical story, discuss the story, historical context, and deeper meaning together.\nPresentation and class discussion\n1 assignment every week (150 characters)\nIn class written tests and midterm\nThe final assignment is a written essay, hand in on NTU cool.\nWonderful course! I learnt a lot about Chinese culture and history while improving my Chinese. I recommend to other students who fit the course prerequisites.""}]"
專題研究二,劉德馨,華語教學碩士學位學程,1,114-2,22292,TCSL7246,,,,,"[""無評價""]",[]
專題研究二,蔡宜妮,華語教學碩士學位學程,1,114-2,39087,TCSL7246,,,,,"[""無評價""]",[]
專題研究二,張莉萍,華語教學碩士學位學程,1,114-2,12002,TCSL7246,,,,,"[""無評價""]",[]
專題研究,范家銘,翻譯碩士學位學程,1,114-2,16728,GPTI7005,,,,,"[""無評價""]",[]
專題研究,孔思文,翻譯碩士學位學程,1,114-2,43785,GPTI7005,,,,,"[""無評價""]",[]
專業翻譯實習(一),孔思文,翻譯碩士學位學程,1,114-2,46413,GPTI7105,,,,,"[""無評價""]",[]
專業翻譯實習(二),陳榮彬,翻譯碩士學位學程,1,114-2,29272,GPTI7106,,,,,"[""無評價""]",[]
專業翻譯實習(二),孔思文,翻譯碩士學位學程,1,114-2,27047,GPTI7106,,,,,"[""無評價""]",[]
同步口譯入門,吳敏嘉,翻譯碩士學位學程,2,114-2,53516,GPTI7204,,,,,"[""無評價""]",[]
口譯研究方法,吳茵茵,翻譯碩士學位學程,3,114-2,39309,GPTI7207,,,,,"[""無評價""]",[]
基礎逐步口譯(中譯英),范家銘,翻譯碩士學位學程,3,114-2,56553,GPTI7214,,,,,"[""無評價""]",[]
幾何學二,李瑩英,數學系,3,114-2,37499,MATH3303,,,,,"[""無評價""]",[]
大數據理論及實務應用,林大溢,數學系,3,114-2,51298,MATH5037,,,,,"[""無評價""]",[]
深度學習之數學基礎,黃文良,數學系、數學研究所、應用數學科學研究所,3,114-2,59363,MATH5255,,,,,"[""無評價""]",[]
預測、學習、與賽局,李彥寰,數學系、數學研究所、統計與數據科學研究所、資訊工程學系、資訊工程學研究所、資訊網路與多媒體研究所,3,114-2,24719,CSIE5002,,,,,"[""[PTT | 107-2]: 轉載自 PTT 作者 ID: kevin1ptt (蟻姨椅yee)\n哪一學年度修課：107-2\n\nψ 授課教師 (若為多人合授請寫開課教師，以方便收錄)\n李彥寰\n\nλ 開課系所與授課對象 (是否為必修或通識課 / 內容是否與某些背景相關)\n資工所\n\nδ 課程大概內容\n課程網頁（需要登入）：https://cool.ntu.edu.tw/courses/233\n\nStatistical learning\n- Empirical risk minimization\n- Rademacher complexity\n- VC dimension\n- Covering number\n- PAC-Bayes analyses\n- Model selection\n\nMultiplicative weight update\n- Weighted majority vote\n- Individual sequence prediction\n- Universal source coding\n- Normalized maximum likelihood\n- Static hypotheses\n\nAggregating algorithm(s)\n- Learning with expert advice\n- Mixability\n- Online portfolio selection\n- Online convex optimization\n- Online gradient descent\n\nMisc\n- Decision theoretic online learning (hedge, exponentiated gradient)\n- Defensive forecasting\n- Quantile regret bound\n- Second-order bounds (AdaHedge)\n- Adaptive regret (specialist AA, fixed share)\n\n\nΩ 私心推薦指數(以五分計) ★★★★★\n喜歡（非常理論的）數學，對統計、微積分、線代算熟：★★★★★\n想要寫程式，不喜歡讀/寫證明：★\n\nη 上課用書(影印講義或是指定教科書)\n基本上是老師的講義，有興趣的話可以搭配一些相關論文看\n（我自己這學期只有看三四篇上下，不包含final project的話）\n另外大致上可以參考同名的這本書：\nPrediction, Learning, and Games, by N. Cesa-Bianchi and G. Lugosi\n\nμ 上課方式(投影片、團體討論、老師教學風格)\n基本上是投影片講解，偶爾會用黑板補充一些細節。\n老師不太會把所有細節都寫在投影片上，\n（尤其是上到最後時，很多東西都是我們之前證過所以直接用）\n所以上課基本上不太能分神，不然可能一下子就看不懂前一步是為什麼。\n不過基本上定理的直觀意義和證明的主要思路都會寫好（或是上課講），\n所以上課沒聽懂也沒下課問的話其實自己回家看也是可以。\n\n老師人很好，上課或下課都可以隨時問問題或閒聊，\n有時候下課甚至會主動跑來聽學生在聊什麼，順便加入話題XD\n\n\nσ 評分方式(給分甜嗎？是紮實分？)\n4次手寫作業取高的3次，各13.33% => 40%\n期中考 => 20%\nFinal project (報告 + report) => 40%\n\n個人是作業分數全拿，期中考94，final project 90，最後 A+。\n（好像沒有調分，就直接用算完的成績換算等第）\n\nρ 考題型式、作業方式\n考題和作業的形式很像，都是好幾個大題，每個大題會有2～6小題。\n通常一個大題最後都會推出一個上課沒講到、但滿相關的結果，\n而且都是老師自己設計的原汁原味題目！\n有些可能是需要一些線代、機率的知識，\n有些是用上課的內容、證明技巧或結果去延伸等等。\n個人是覺得難度控制不錯，很有鑑別度（尤其是期中考XD）。\n\nFinal project 基本上是分組做一個小主題的 survey，\n準備一個最多半小時的報告，以及一個不超過12頁的 report。\n如果早點開始準備的話應該不會太麻煩，\n不過我們太晚決定題目，導致最後做得有點趕。\n建議可以早點和老師討論題目的方向或可行性，可以獲得一些建議。\n\nω 其它(是否注重出席率？如果為外系選修，需先有什麼基礎較好嗎？老師個性？\n加簽習慣？嚴禁遲到等…)\n本來人就不多，老師也不管出席。\n\n要修的話大概就是對一些機率、線代、微積分等等要有一定的熟練度會比較自在\n（以老師的口吻來說是 math maturity）\n\n因為人不多（勸退力道很夠）所以應該是全簽，旁聽也是OK。\n\nΨ 總結\n\n應該算是資訊系少數的數學課（和少數做理論的老師），\n因為上學期沒修到最佳化演算法\n（見https://www.ptt.cc/bbs/NTUcourse/M.1547834570.A.B57.html）\n覺得遺憾，就來修修看這個虐待自己。\n\n整體來說算是對 (online) ML 的理論部分開了眼界，非常醍醐灌頂，\n可惜最後好像有些老師滿想講的主題沒時間講完。\n\n下學期也歡迎捧場老師第二次開最佳化演算法！\n\n--\n\n原文網址: https://www.ptt.cc/bbs/NTUcourse/M.1561474341.A.0CE.html""]","[{""User_ID"": ""PTT"", ""Semester"": ""107-2"", ""Rating_Quality"": null, ""Rating_Sweet"": null, ""Rating_Easy"": null, ""Rating_Rich"": null, ""Comment"": ""轉載自 PTT 作者 ID: kevin1ptt (蟻姨椅yee)\n哪一學年度修課：107-2\n\nψ 授課教師 (若為多人合授請寫開課教師，以方便收錄)\n李彥寰\n\nλ 開課系所與授課對象 (是否為必修或通識課 / 內容是否與某些背景相關)\n資工所\n\nδ 課程大概內容\n課程網頁（需要登入）：https://cool.ntu.edu.tw/courses/233\n\nStatistical learning\n- Empirical risk minimization\n- Rademacher complexity\n- VC dimension\n- Covering number\n- PAC-Bayes analyses\n- Model selection\n\nMultiplicative weight update\n- Weighted majority vote\n- Individual sequence prediction\n- Universal source coding\n- Normalized maximum likelihood\n- Static hypotheses\n\nAggregating algorithm(s)\n- Learning with expert advice\n- Mixability\n- Online portfolio selection\n- Online convex optimization\n- Online gradient descent\n\nMisc\n- Decision theoretic online learning (hedge, exponentiated gradient)\n- Defensive forecasting\n- Quantile regret bound\n- Second-order bounds (AdaHedge)\n- Adaptive regret (specialist AA, fixed share)\n\n\nΩ 私心推薦指數(以五分計) ★★★★★\n喜歡（非常理論的）數學，對統計、微積分、線代算熟：★★★★★\n想要寫程式，不喜歡讀/寫證明：★\n\nη 上課用書(影印講義或是指定教科書)\n基本上是老師的講義，有興趣的話可以搭配一些相關論文看\n（我自己這學期只有看三四篇上下，不包含final project的話）\n另外大致上可以參考同名的這本書：\nPrediction, Learning, and Games, by N. Cesa-Bianchi and G. Lugosi\n\nμ 上課方式(投影片、團體討論、老師教學風格)\n基本上是投影片講解，偶爾會用黑板補充一些細節。\n老師不太會把所有細節都寫在投影片上，\n（尤其是上到最後時，很多東西都是我們之前證過所以直接用）\n所以上課基本上不太能分神，不然可能一下子就看不懂前一步是為什麼。\n不過基本上定理的直觀意義和證明的主要思路都會寫好（或是上課講），\n所以上課沒聽懂也沒下課問的話其實自己回家看也是可以。\n\n老師人很好，上課或下課都可以隨時問問題或閒聊，\n有時候下課甚至會主動跑來聽學生在聊什麼，順便加入話題XD\n\n\nσ 評分方式(給分甜嗎？是紮實分？)\n4次手寫作業取高的3次，各13.33% => 40%\n期中考 => 20%\nFinal project (報告 + report) => 40%\n\n個人是作業分數全拿，期中考94，final project 90，最後 A+。\n（好像沒有調分，就直接用算完的成績換算等第）\n\nρ 考題型式、作業方式\n考題和作業的形式很像，都是好幾個大題，每個大題會有2～6小題。\n通常一個大題最後都會推出一個上課沒講到、但滿相關的結果，\n而且都是老師自己設計的原汁原味題目！\n有些可能是需要一些線代、機率的知識，\n有些是用上課的內容、證明技巧或結果去延伸等等。\n個人是覺得難度控制不錯，很有鑑別度（尤其是期中考XD）。\n\nFinal project 基本上是分組做一個小主題的 survey，\n準備一個最多半小時的報告，以及一個不超過12頁的 report。\n如果早點開始準備的話應該不會太麻煩，\n不過我們太晚決定題目，導致最後做得有點趕。\n建議可以早點和老師討論題目的方向或可行性，可以獲得一些建議。\n\nω 其它(是否注重出席率？如果為外系選修，需先有什麼基礎較好嗎？老師個性？\n加簽習慣？嚴禁遲到等…)\n本來人就不多，老師也不管出席。\n\n要修的話大概就是對一些機率、線代、微積分等等要有一定的熟練度會比較自在\n（以老師的口吻來說是 math maturity）\n\n因為人不多（勸退力道很夠）所以應該是全簽，旁聽也是OK。\n\nΨ 總結\n\n應該算是資訊系少數的數學課（和少數做理論的老師），\n因為上學期沒修到最佳化演算法\n（見https://www.ptt.cc/bbs/NTUcourse/M.1547834570.A.B57.html）\n覺得遺憾，就來修修看這個虐待自己。\n\n整體來說算是對 (online) ML 的理論部分開了眼界，非常醍醐灌頂，\n可惜最後好像有些老師滿想講的主題沒時間講完。\n\n下學期也歡迎捧場老師第二次開最佳化演算法！\n\n--\n\n原文網址: https://www.ptt.cc/bbs/NTUcourse/M.1561474341.A.0CE.html""}]"
量子資訊與計算,鄭皓中,數學系、數學研究所、應用數學科學研究所、電機工程學研究所、電信工程學研究所、生醫電子與資訊學研究所,3,114-2,37669,CommE5061,,,,,"[""無評價""]",[]
近代物理學實驗,張顏暉,物理學系,3,114-2,16674,Phys3009,,,,,"[""無評價""]",[]
"微積分3
A",蔡國榮,化學系、心理學系、大氣科學系、經濟學系、工學院、機械工程學系、化學工程學系、材料科學與工程學系、醫學工程學系、農藝學系、森林環境暨資源學系、農業經濟學系、生物機電工程學系、昆蟲學系、資訊管理學系、電機工程學系、資訊工程學系、生命科學院、生命科學系、生化科技學系、國際半導體學士學位學程,2,114-2,31260,MATH4008,5.0,4.5,3.5,4.0,"[""[User96486 | 111-2]: - Partial derivatives,\n- Chain rule and directional derivatives,\n- Second derivative test for two-variable functions and the method of Lagrange multipliers,\n- Geometry of integrations,\n- Double integrations.\n老師講解自編講義，同學邊聽遍抄\n老師自編講義\n三次小考，一次考試\n有手寫作業和webwork\n國榮一生推！講義很清楚，人也很有趣"", ""[a student | 110-2]: 國榮一生推。進度安排總是穩定不拖課，自編講義清楚，是教學優良又關心學生的好老師。""]","[{""User_ID"": ""User96486"", ""Semester"": ""111-2"", ""Rating_Quality"": null, ""Rating_Sweet"": null, ""Rating_Easy"": null, ""Rating_Rich"": null, ""Comment"": ""- Partial derivatives,\n- Chain rule and directional derivatives,\n- Second derivative test for two-variable functions and the method of Lagrange multipliers,\n- Geometry of integrations,\n- Double integrations.\n老師講解自編講義，同學邊聽遍抄\n老師自編講義\n三次小考，一次考試\n有手寫作業和webwork\n國榮一生推！講義很清楚，人也很有趣""}, {""User_ID"": ""a student"", ""Semester"": ""110-2"", ""Rating_Quality"": null, ""Rating_Sweet"": null, ""Rating_Easy"": null, ""Rating_Rich"": null, ""Comment"": ""國榮一生推。進度安排總是穩定不拖課，自編講義清楚，是教學優良又關心學生的好老師。""}]"
微積分4,蔡國榮,化學系、大氣科學系、工學院、機械工程學系、化學工程學系、材料科學與工程學系、醫學工程學系、生物機電工程學系、資訊管理學系、電機工程學系、資訊工程學系、國際半導體學士學位學程,2,114-2,10515,MATH4009,,,,,"[""無評價""]",[]
"普通物理學甲下
A7",王名儒,物理學系、化學系、地質科學系、電機工程學系,3,114-2,44182,Phys1007,,,,,"[""無評價""]",[]
分析化學二,陳俊顯,化學系,3,114-2,44537,Chem2008,,,,,"[""[PTT | 105-2]: 轉載自 PTT 作者 ID: penguin828 (BB)\n哪一學年度修課： 105-2\nψ 授課教師 (若為多人合授請寫開課教師，以方便收錄)\n陳俊顯\nλ 開課系所與授課對象 (是否為必修或通識課 / 內容是否與某些背景相關)\n化學系大二 必修\nδ 課程大概內容\n儀器分析 UV-Vis, IR, Raman, AA, AES, MS, GC, HPLC, CE以及各自的detector\nΩ 私心推薦指數(以五分計) ★★★★★\nη 上課用書(影印講義或是指定教科書)\n精美投影片\nμ 上課方式(投影片、團體討論、老師教學風格)\n投影片\nσ 評分方式(給分甜嗎？是紮實分？)\n總成績A+，應該是滿甜的 3次97，106，103\n不調分\n2次期中1次期末\nρ 考題型式、作業方式\n選擇題+問答題\n作業不算分\nω 其它(是否注重出席率？如果為外系選修，需先有什麼基礎較好嗎？老師個性？\n加簽習慣？嚴禁遲到等…)\n有個普物普level吧\nΨ 總結\n推 收穫滿滿 (應該不會再被噓了吧...)\n\n\n--\n\n原文網址: https://www.ptt.cc/bbs/NTUcourse/M.1498228994.A.76E.html""]","[{""User_ID"": ""PTT"", ""Semester"": ""105-2"", ""Rating_Quality"": null, ""Rating_Sweet"": null, ""Rating_Easy"": null, ""Rating_Rich"": null, ""Comment"": ""轉載自 PTT 作者 ID: penguin828 (BB)\n哪一學年度修課： 105-2\nψ 授課教師 (若為多人合授請寫開課教師，以方便收錄)\n陳俊顯\nλ 開課系所與授課對象 (是否為必修或通識課 / 內容是否與某些背景相關)\n化學系大二 必修\nδ 課程大概內容\n儀器分析 UV-Vis, IR, Raman, AA, AES, MS, GC, HPLC, CE以及各自的detector\nΩ 私心推薦指數(以五分計) ★★★★★\nη 上課用書(影印講義或是指定教科書)\n精美投影片\nμ 上課方式(投影片、團體討論、老師教學風格)\n投影片\nσ 評分方式(給分甜嗎？是紮實分？)\n總成績A+，應該是滿甜的 3次97，106，103\n不調分\n2次期中1次期末\nρ 考題型式、作業方式\n選擇題+問答題\n作業不算分\nω 其它(是否注重出席率？如果為外系選修，需先有什麼基礎較好嗎？老師個性？\n加簽習慣？嚴禁遲到等…)\n有個普物普level吧\nΨ 總結\n推 收穫滿滿 (應該不會再被噓了吧...)\n\n\n--\n\n原文網址: https://www.ptt.cc/bbs/NTUcourse/M.1498228994.A.76E.html""}]"
化學實驗四,廖尉斯,化學系,2,114-2,32595,Chem2030,,,,,"[""無評價""]",[]
大三專題討論二,梁文傑,化學系,1,114-2,54959,Chem3040,,,,,"[""無評價""]",[]
大三專題討論二,金必耀,化學系,1,114-2,15840,Chem3040,,,,,"[""無評價""]",[]
大三專題討論二,劉如熹,化學系,1,114-2,30201,Chem3040,,,,,"[""無評價""]",[]
大三專題討論二,羅禮強,化學系,1,114-2,19829,Chem3040,,,,,"[""無評價""]",[]
大三專題討論二,陳昭岑,化學系,1,114-2,27876,Chem3040,,,,,"[""無評價""]",[]
大三專題討論二,汪根欉,化學系,1,114-2,35606,Chem3040,,,,,"[""無評價""]",[]
大三專題討論二,周必泰,化學系,1,114-2,31007,Chem3040,,,,,"[""無評價""]",[]
大三專題討論二,邱勝賢,化學系,1,114-2,35062,Chem3040,,,,,"[""無評價""]",[]
大三專題討論二,陳振中,化學系,1,114-2,46252,Chem3040,,,,,"[""無評價""]",[]
大三專題討論二,陸駿逸,化學系,1,114-2,42528,Chem3040,,,,,"[""無評價""]",[]
大三專題討論二,楊吉水,化學系,1,114-2,26578,Chem3040,,,,,"[""無評價""]",[]
大三專題討論二,陳俊顯,化學系,1,114-2,18450,Chem3040,,,,,"[""無評價""]",[]
大三專題討論二,李弘文,化學系,1,114-2,51155,Chem3040,,,,,"[""無評價""]",[]
大三專題討論二,鄭原忠,化學系,1,114-2,46660,Chem3040,,,,,"[""無評價""]",[]
大三專題討論二,邱靜雯,化學系,1,114-2,13135,Chem3040,,,,,"[""無評價""]",[]
大三專題討論二,詹益慈,化學系,1,114-2,49090,Chem3040,,,,,"[""無評價""]",[]
大三專題討論二,王宗興,化學系,1,114-2,47861,Chem3040,,,,,"[""無評價""]",[]
大三專題討論二,廖尉斯,化學系,1,114-2,30530,Chem3040,,,,,"[""無評價""]",[]
大三專題討論二,陳浩銘,化學系,1,114-2,33527,Chem3040,,,,,"[""無評價""]",[]
大三專題討論二,江建文,化學系,1,114-2,55738,Chem3040,,,,,"[""無評價""]",[]
大三專題討論二,徐丞志,化學系,1,114-2,52785,Chem3040,,,,,"[""無評價""]",[]
大三專題討論二,朱忠瀚,化學系,1,114-2,53530,Chem3040,,,,,"[""無評價""]",[]
大三專題討論二,柳玗珍,化學系,1,114-2,34325,Chem3040,,,,,"[""無評價""]",[]
大三專題討論二,林志民,化學系,1,114-2,17356,Chem3040,,,,,"[""無評價""]",[]
大三專題討論二,陳玉如,化學系,1,114-2,48137,Chem3040,,,,,"[""無評價""]",[]
大三專題討論二,何佳安,化學系,1,114-2,53470,Chem3040,,,,,"[""無評價""]",[]
大三專題討論二,林俊宏,化學系,1,114-2,15788,Chem3040,,,,,"[""無評價""]",[]
大四專題討論二,梁文傑,化學系,1,114-2,34775,Chem4008,,,,,"[""無評價""]",[]
大四專題討論二,金必耀,化學系,1,114-2,50554,Chem4008,,,,,"[""無評價""]",[]
大四專題討論二,劉如熹,化學系,1,114-2,48842,Chem4008,,,,,"[""無評價""]",[]
大四專題討論二,羅禮強,化學系,1,114-2,53527,Chem4008,,,,,"[""無評價""]",[]
大四專題討論二,陳昭岑,化學系,1,114-2,17302,Chem4008,,,,,"[""無評價""]",[]
大四專題討論二,汪根欉,化學系,1,114-2,17326,Chem4008,,,,,"[""無評價""]",[]
大四專題討論二,周必泰,化學系,1,114-2,43682,Chem4008,,,,,"[""無評價""]",[]
大四專題討論二,邱勝賢,化學系,1,114-2,36171,Chem4008,,,,,"[""無評價""]",[]
大四專題討論二,陳振中,化學系,1,114-2,34639,Chem4008,,,,,"[""無評價""]",[]
大四專題討論二,陸駿逸,化學系,1,114-2,55782,Chem4008,,,,,"[""無評價""]",[]
大四專題討論二,楊吉水,化學系,1,114-2,23834,Chem4008,,,,,"[""無評價""]",[]
大四專題討論二,陳俊顯,化學系,1,114-2,59623,Chem4008,,,,,"[""無評價""]",[]
大四專題討論二,李弘文,化學系,1,114-2,16284,Chem4008,,,,,"[""無評價""]",[]
大四專題討論二,鄭原忠,化學系,1,114-2,16780,Chem4008,,,,,"[""無評價""]",[]
大四專題討論二,邱靜雯,化學系,1,114-2,10840,Chem4008,,,,,"[""無評價""]",[]
大四專題討論二,詹益慈,化學系,1,114-2,45363,Chem4008,,,,,"[""無評價""]",[]
大四專題討論二,王宗興,化學系,1,114-2,40271,Chem4008,,,,,"[""無評價""]",[]
大四專題討論二,廖尉斯,化學系,1,114-2,36778,Chem4008,,,,,"[""無評價""]",[]
大四專題討論二,陳浩銘,化學系,1,114-2,11755,Chem4008,,,,,"[""無評價""]",[]
大四專題討論二,江建文,化學系,1,114-2,39843,Chem4008,,,,,"[""無評價""]",[]
大四專題討論二,徐丞志,化學系,1,114-2,48115,Chem4008,,,,,"[""無評價""]",[]
大四專題討論二,朱忠瀚,化學系,1,114-2,42712,Chem4008,,,,,"[""無評價""]",[]
大四專題討論二,柳玗珍,化學系,1,114-2,16751,Chem4008,,,,,"[""無評價""]",[]
大四專題討論二,林志民,化學系,1,114-2,36194,Chem4008,,,,,"[""無評價""]",[]
大四專題討論二,陳玉如,化學系,1,114-2,54051,Chem4008,,,,,"[""無評價""]",[]
大四專題討論二,何佳安,化學系,1,114-2,26424,Chem4008,,,,,"[""無評價""]",[]
大四專題討論二,林俊宏,化學系,1,114-2,34359,Chem4008,,,,,"[""無評價""]",[]
大四專題研究二,梁文傑,化學系,3,114-2,27582,Chem4010,,,,,"[""無評價""]",[]
大四專題研究二,金必耀,化學系,3,114-2,41913,Chem4010,,,,,"[""無評價""]",[]
大四專題研究二,劉如熹,化學系,3,114-2,56533,Chem4010,,,,,"[""無評價""]",[]
大四專題研究二,羅禮強,化學系,3,114-2,48175,Chem4010,,,,,"[""無評價""]",[]
大四專題研究二,陳昭岑,化學系,3,114-2,29430,Chem4010,,,,,"[""無評價""]",[]
大四專題研究二,汪根欉,化學系,3,114-2,20523,Chem4010,,,,,"[""無評價""]",[]
大四專題研究二,周必泰,化學系,3,114-2,39290,Chem4010,,,,,"[""無評價""]",[]
大四專題研究二,邱勝賢,化學系,3,114-2,53935,Chem4010,,,,,"[""無評價""]",[]
大四專題研究二,陳振中,化學系,3,114-2,11166,Chem4010,,,,,"[""無評價""]",[]
大四專題研究二,陸駿逸,化學系,3,114-2,39008,Chem4010,,,,,"[""無評價""]",[]
大四專題研究二,楊吉水,化學系,3,114-2,53552,Chem4010,,,,,"[""無評價""]",[]
大四專題研究二,陳俊顯,化學系,3,114-2,44522,Chem4010,,,,,"[""無評價""]",[]
大四專題研究二,李弘文,化學系,3,114-2,42746,Chem4010,,,,,"[""無評價""]",[]
大四專題研究二,鄭原忠,化學系,3,114-2,41533,Chem4010,,,,,"[""無評價""]",[]
大四專題研究二,邱靜雯,化學系,3,114-2,34657,Chem4010,,,,,"[""無評價""]",[]
大四專題研究二,詹益慈,化學系,3,114-2,32177,Chem4010,,,,,"[""無評價""]",[]
大四專題研究二,王宗興,化學系,3,114-2,21115,Chem4010,,,,,"[""無評價""]",[]
大四專題研究二,廖尉斯,化學系,3,114-2,17452,Chem4010,,,,,"[""無評價""]",[]
大四專題研究二,陳浩銘,化學系,3,114-2,13898,Chem4010,,,,,"[""無評價""]",[]
大四專題研究二,江建文,化學系,3,114-2,16542,Chem4010,,,,,"[""無評價""]",[]
大四專題研究二,徐丞志,化學系,3,114-2,56289,Chem4010,,,,,"[""無評價""]",[]
大四專題研究二,朱忠瀚,化學系,3,114-2,45177,Chem4010,,,,,"[""無評價""]",[]
大四專題研究二,柳玗珍,化學系,3,114-2,54526,Chem4010,,,,,"[""無評價""]",[]
大四專題研究二,林志民,化學系,3,114-2,46975,Chem4010,,,,,"[""無評價""]",[]
大四專題研究二,陳玉如,化學系,3,114-2,16938,Chem4010,,,,,"[""無評價""]",[]
大四專題研究二,何佳安,化學系,3,114-2,46229,Chem4010,,,,,"[""無評價""]",[]
大四專題研究二,林俊宏,化學系,3,114-2,23557,Chem4010,,,,,"[""無評價""]",[]
微積分3,陳彥宇,物理學系、化學系、地質科學系、地理環境資源學系、大氣科學系、機械工程學系、化學工程學系、工程科學及海洋工程學系、醫學工程學系、生物環境系統工程學系、生物機電工程學系、企業管理組、科技管理組、會計學系、財務金融學系、國際企業學系,2,114-2,23963,MATH4008,,,,,"[""無評價""]",[]
微積分4,陳彥宇,物理學系、化學系、地質科學系、大氣科學系、機械工程學系、化學工程學系、工程科學及海洋工程學系、醫學工程學系、生物環境系統工程學系、生物機電工程學系,2,114-2,56426,MATH4009,,,,,"[""無評價""]",[]
"普通化學甲下
A7",蔡蘊明,地質科學系、大氣科學系、化學工程學系、材料科學與工程學系、農業化學系,3,114-2,33429,Chem1006,5.0,1.0,5.0,5.0,"[""[User20550 | 109-2]: 原子和分子模型\n會出電子習題跟勾選課本習題。其中期末考試難度>課本習題>電子習題\n老師自己簡報\n作業是電子習題，算學期成績，考試是問答題和計算題，全英文出題。\n期中考40%\n期末考40%\n電子平台習題20%""]","[{""User_ID"": ""User20550"", ""Semester"": ""109-2"", ""Rating_Quality"": null, ""Rating_Sweet"": null, ""Rating_Easy"": null, ""Rating_Rich"": null, ""Comment"": ""原子和分子模型\n會出電子習題跟勾選課本習題。其中期末考試難度>課本習題>電子習題\n老師自己簡報\n作業是電子習題，算學期成績，考試是問答題和計算題，全英文出題。\n期中考40%\n期末考40%\n電子平台習題20%""}]"
Undefined,,,,,,,,,,,"[""無評價""]",[]
地球物理原理(含實習),洪淑蕙,地質科學系,3,114-2,23401,Geo2006,,,,,"[""[PTT | 106-2]: 轉載自 PTT 作者 ID: PlusUltra (路人)\n哪一學年度修課：106-2\nψ 授課教師 (若為多人合授請寫開課教師，以方便收錄)\n林正洪（緒論與板塊運動）\n洪淑蕙（重力與地磁）\n龔源成（地物數學與地震）\n曾泰琳（地熱與全球地體構造）\n\nλ 開課系所與授課對象 (是否為必修或通識課 / 內容是否與某些背景相關)\n地質系必修，建議修完微甲後盡快修畢\n\nδ 課程大概內容\n(1) Plate tectonics\nRotation of the plates on a sphere, type of plate boundaries, driving\nforces\n(2) Gravity and the geoid\nThe Earth’s mass and moment of inertia, inferring earth structure\nfrom geoid and gravity data, isostasy and elastic plate flexture\n(3) Geomagnetism\nThe Earth’s magnetic field, internal and external sources of geo-\nmagnetic field, electromagnetic induction and the Earth’s conducti-\nvity structure, magnetic anomalies and the age of the seafloor\n(4) Seismology and earth structure\nIntroduction to continuum mechanics and wave propagation in an elastic\nearth, body waves, surface waves and normal modes, inferring earth\nstructure from seismic data, earthquake focal mechanism, fault-plane\nsolution\n(5) Heat flow and the Earth’s thermal structure\nMechanisms of heat transfer, the Earth’s geotherm and thermal history\n, convection in the earth’s interior, thermal structure of the\noceanic lithosphere -- plate cooling, thermal structure of the\ncontinental lithosphere -- basin subsidence\n\nΩ 私心推薦指數(以五分計)\n涼度 ★ 找涼課就不該上地物\n甜度 ★★★★ 雖然很硬但是分數還算大方\n知識扎實 ★★★★ 只有一學期頗趕\n\nη 上課用書(影印講義或是指定教科書)\nThe Solid Earth: An introduction to Global Geophysics, 2nd ed.\nby C.M.R. Fowler, Cambridge University Press, 2005.\n好書，大概是市面上唯一一本適合入門的地物課本，不會過於偏廢特定領域，\n建議借來看或找學長姐問，似乎系上有一堆苦無買主的二手書XD\n\nμ 上課方式(投影片、團體討論、老師教學風格)\n本課程為四位老師合授，各自負責不同領域，故以下分述之\n林正洪\n林老師primary affiliation是中研院地科所，不會給紙本講義，也不會上傳\nceiba，想要ppt需下課自己去電腦載。上課內容是地物基本簡介與板塊運動，\n算是整學期最輕鬆的部分，數學操作限於向量加法。上課也很休閒，從來沒有上\n滿過三小時。老師對於台灣地體構造有自己的見解，對於以火山學角度切入地體\n構造有興趣的同學可以跟老師討論看看。\n\n洪淑蕙\n洪老師負責重力與地磁部分，第一次上課會託助教發全部的紙本講義，很厚一疊\n。內容主要是照著講義推演計算，在正式進入課程前會簡單複習需要的數學工具\n（Gauss's theorem、Legendre polynormials），但筆者私心認為與龔\n老師的複習重複率有點高，或許先上地震的block會比較好。這部分很容易上到\n很痛苦，因為數學操作相對複雜，老師又對計算很執著\n\n龔源成\n龔老師個人認為是整個課程最棒的部分，每次上課會給當次的紙本講義。老師會\n先簡單帶過地球物理領域會用的的重要數學工具（微積分與簡單線代，如Einste\nin notation），然後解釋如何從簡單的波函數開始推導體波與表面波的物理特\n性，最後敘述當代地震學的一些研究。上完後筆者甚至有點腦衝想修地震學，不\n過都要進醫院了就打消念頭。老師涵蓋的程度範圍比課本稍難一些，有興趣的人\n可以問老師建議書目（其實就是地震學的課本）補齊跳過的證明。\n\n曾泰琳\n曾老師講述地熱與全球地體構造部分，講義只有圖表，公式推導全板書。非常忠\n於課本架構，如果推導過程昏過去或跟老師節奏不對的話可以看課本。最後面的\n地體構造個人認為滿值得認真聽，可說是整學期課程的closing remark，筆者覺\n得這個安排不錯。\n\nσ 評分方式(給分甜嗎？是紮實分？)\n扎實甜，是說筆者覺得地質系的課大都是這種類型，很硬很累但是不會太在成績\n上跟你過不去。\n\nρ 考題型式、作業方式\n作業\n林老師與龔老師沒有作業，洪老師與曾老師有，大概就是課名裡面的實習吧。\n洪老師的作業基本上就是算上課範圍的習題，今年又因為彈性放假進度很緊，有\n次作業的範圍是還沒全部講完的部分。題目不算難，但反覆操作很多，不需要什\n麼巧解（也無法巧解）就是蠻幹，寫著寫著覺得很青春回到高中，筆者一週的作\n業大概需時3小時。感謝助教改得睜一隻眼閉一隻眼，這部分分數一定要掌握好\n，考試的時候不一定拿得到分ㄏㄏ。\n曾老師的作業是出自課本習題，題目相對輕鬆寫意，把公式簡單證明後帶入計算\n通常就可以得到答案了。\n考試\n分兩次考試，期中考有林老師與洪老師，分為兩卷，期末分為龔老師與曾老師。\n林老師的題目跟上課內容一樣，相對輕鬆。想多拿點分可以在複習時注意科學史\n的部分，今年就考了geosyncline。\n洪老師的部分與作業類似，數學操作繁雜還有時間壓力，讓人懷疑人生。\n龔老師的題目有基本分跟後面加分，基本分題目是讀完ppt應該不難寫出的申論\n，數學操作也不多。加分題是地震學的基石，用波函數證P波與S波的基本性質\n（compressional/shear)，如果像筆者一樣數學白痴就認份背吧。\n曾老師的題目數字醜，但可以帶計算機，相對友善。\n報告\n曾老師的部分除了作業與考試還有一次上台報告，助教代抽組別，可從助教提供\n列表中自選要報告的paper，在最後一堂課有個簡短的專討，每組12-15分鐘，\n可善加利用幫忙拉分數。\n\nω 其它(是否注重出席率？如果為外系選修，需先有什麼基礎較好嗎？老師個性？\n加簽習慣？嚴禁遲到等…)\n老師不大點名的，不要期待三堂課的地物會有兩次下課，也不要期待可以準時吃\n午餐。咖啡喝足再去上課或是放棄去方桌自己念。\n\nΨ 總結\n筆者修完微積分跟線代三年後才來修地物，全面失憶，一步步把破碎的記憶撿回\n來，過程很痛苦，連證明怎麼寫都忘光了。不過個人認為地物是頗有趣的學門，\n與傳地重視觀察描述的知識論架構截然不同。這門課算是中規中矩的地物入門，\n對地物有興趣的地質系同學可以以此為基礎，再自修課本尋找方向。\n附帶一提，課本中還有一個大section是geochronology跳過沒上，系上把這\n部分放在地化。\n\n--\n\n原文網址: https://www.ptt.cc/bbs/NTUcourse/M.1536300081.A.ADE.html""]","[{""User_ID"": ""PTT"", ""Semester"": ""106-2"", ""Rating_Quality"": null, ""Rating_Sweet"": null, ""Rating_Easy"": null, ""Rating_Rich"": null, ""Comment"": ""轉載自 PTT 作者 ID: PlusUltra (路人)\n哪一學年度修課：106-2\nψ 授課教師 (若為多人合授請寫開課教師，以方便收錄)\n林正洪（緒論與板塊運動）\n洪淑蕙（重力與地磁）\n龔源成（地物數學與地震）\n曾泰琳（地熱與全球地體構造）\n\nλ 開課系所與授課對象 (是否為必修或通識課 / 內容是否與某些背景相關)\n地質系必修，建議修完微甲後盡快修畢\n\nδ 課程大概內容\n(1) Plate tectonics\nRotation of the plates on a sphere, type of plate boundaries, driving\nforces\n(2) Gravity and the geoid\nThe Earth’s mass and moment of inertia, inferring earth structure\nfrom geoid and gravity data, isostasy and elastic plate flexture\n(3) Geomagnetism\nThe Earth’s magnetic field, internal and external sources of geo-\nmagnetic field, electromagnetic induction and the Earth’s conducti-\nvity structure, magnetic anomalies and the age of the seafloor\n(4) Seismology and earth structure\nIntroduction to continuum mechanics and wave propagation in an elastic\nearth, body waves, surface waves and normal modes, inferring earth\nstructure from seismic data, earthquake focal mechanism, fault-plane\nsolution\n(5) Heat flow and the Earth’s thermal structure\nMechanisms of heat transfer, the Earth’s geotherm and thermal history\n, convection in the earth’s interior, thermal structure of the\noceanic lithosphere -- plate cooling, thermal structure of the\ncontinental lithosphere -- basin subsidence\n\nΩ 私心推薦指數(以五分計)\n涼度 ★ 找涼課就不該上地物\n甜度 ★★★★ 雖然很硬但是分數還算大方\n知識扎實 ★★★★ 只有一學期頗趕\n\nη 上課用書(影印講義或是指定教科書)\nThe Solid Earth: An introduction to Global Geophysics, 2nd ed.\nby C.M.R. Fowler, Cambridge University Press, 2005.\n好書，大概是市面上唯一一本適合入門的地物課本，不會過於偏廢特定領域，\n建議借來看或找學長姐問，似乎系上有一堆苦無買主的二手書XD\n\nμ 上課方式(投影片、團體討論、老師教學風格)\n本課程為四位老師合授，各自負責不同領域，故以下分述之\n林正洪\n林老師primary affiliation是中研院地科所，不會給紙本講義，也不會上傳\nceiba，想要ppt需下課自己去電腦載。上課內容是地物基本簡介與板塊運動，\n算是整學期最輕鬆的部分，數學操作限於向量加法。上課也很休閒，從來沒有上\n滿過三小時。老師對於台灣地體構造有自己的見解，對於以火山學角度切入地體\n構造有興趣的同學可以跟老師討論看看。\n\n洪淑蕙\n洪老師負責重力與地磁部分，第一次上課會託助教發全部的紙本講義，很厚一疊\n。內容主要是照著講義推演計算，在正式進入課程前會簡單複習需要的數學工具\n（Gauss's theorem、Legendre polynormials），但筆者私心認為與龔\n老師的複習重複率有點高，或許先上地震的block會比較好。這部分很容易上到\n很痛苦，因為數學操作相對複雜，老師又對計算很執著\n\n龔源成\n龔老師個人認為是整個課程最棒的部分，每次上課會給當次的紙本講義。老師會\n先簡單帶過地球物理領域會用的的重要數學工具（微積分與簡單線代，如Einste\nin notation），然後解釋如何從簡單的波函數開始推導體波與表面波的物理特\n性，最後敘述當代地震學的一些研究。上完後筆者甚至有點腦衝想修地震學，不\n過都要進醫院了就打消念頭。老師涵蓋的程度範圍比課本稍難一些，有興趣的人\n可以問老師建議書目（其實就是地震學的課本）補齊跳過的證明。\n\n曾泰琳\n曾老師講述地熱與全球地體構造部分，講義只有圖表，公式推導全板書。非常忠\n於課本架構，如果推導過程昏過去或跟老師節奏不對的話可以看課本。最後面的\n地體構造個人認為滿值得認真聽，可說是整學期課程的closing remark，筆者覺\n得這個安排不錯。\n\nσ 評分方式(給分甜嗎？是紮實分？)\n扎實甜，是說筆者覺得地質系的課大都是這種類型，很硬很累但是不會太在成績\n上跟你過不去。\n\nρ 考題型式、作業方式\n作業\n林老師與龔老師沒有作業，洪老師與曾老師有，大概就是課名裡面的實習吧。\n洪老師的作業基本上就是算上課範圍的習題，今年又因為彈性放假進度很緊，有\n次作業的範圍是還沒全部講完的部分。題目不算難，但反覆操作很多，不需要什\n麼巧解（也無法巧解）就是蠻幹，寫著寫著覺得很青春回到高中，筆者一週的作\n業大概需時3小時。感謝助教改得睜一隻眼閉一隻眼，這部分分數一定要掌握好\n，考試的時候不一定拿得到分ㄏㄏ。\n曾老師的作業是出自課本習題，題目相對輕鬆寫意，把公式簡單證明後帶入計算\n通常就可以得到答案了。\n考試\n分兩次考試，期中考有林老師與洪老師，分為兩卷，期末分為龔老師與曾老師。\n林老師的題目跟上課內容一樣，相對輕鬆。想多拿點分可以在複習時注意科學史\n的部分，今年就考了geosyncline。\n洪老師的部分與作業類似，數學操作繁雜還有時間壓力，讓人懷疑人生。\n龔老師的題目有基本分跟後面加分，基本分題目是讀完ppt應該不難寫出的申論\n，數學操作也不多。加分題是地震學的基石，用波函數證P波與S波的基本性質\n（compressional/shear)，如果像筆者一樣數學白痴就認份背吧。\n曾老師的題目數字醜，但可以帶計算機，相對友善。\n報告\n曾老師的部分除了作業與考試還有一次上台報告，助教代抽組別，可從助教提供\n列表中自選要報告的paper，在最後一堂課有個簡短的專討，每組12-15分鐘，\n可善加利用幫忙拉分數。\n\nω 其它(是否注重出席率？如果為外系選修，需先有什麼基礎較好嗎？老師個性？\n加簽習慣？嚴禁遲到等…)\n老師不大點名的，不要期待三堂課的地物會有兩次下課，也不要期待可以準時吃\n午餐。咖啡喝足再去上課或是放棄去方桌自己念。\n\nΨ 總結\n筆者修完微積分跟線代三年後才來修地物，全面失憶，一步步把破碎的記憶撿回\n來，過程很痛苦，連證明怎麼寫都忘光了。不過個人認為地物是頗有趣的學門，\n與傳地重視觀察描述的知識論架構截然不同。這門課算是中規中矩的地物入門，\n對地物有興趣的地質系同學可以以此為基礎，再自修課本尋找方向。\n附帶一提，課本中還有一個大section是geochronology跳過沒上，系上把這\n部分放在地化。\n\n--\n\n原文網址: https://www.ptt.cc/bbs/NTUcourse/M.1536300081.A.ADE.html""}]"
野外地質學實習,徐澔德,地質科學系,1,114-2,33417,Geo3003,,,,,"[""無評價""]",[]
環境與工程地質,劉雅瑄,地質科學系,2,114-2,23623,Geo3005,,,,,"[""無評價""]",[]
地質調查二,徐澔德,地質科學系,2,114-2,10534,Geo2013,4.0,2.5,1.0,3.0,"[""[User98331 | 109-2]: 今年是鹿野野外，四天三夜，地調費用自行負擔（但當時老師有請一餐）\n野外觀察，包含量位態、觀察野外露頭\n地圖幾張\n一份報告\n回來交一份報告決定總成績，內容需包括回答老師在野外提出的問題""]","[{""User_ID"": ""User98331"", ""Semester"": ""109-2"", ""Rating_Quality"": null, ""Rating_Sweet"": null, ""Rating_Easy"": null, ""Rating_Rich"": null, ""Comment"": ""今年是鹿野野外，四天三夜，地調費用自行負擔（但當時老師有請一餐）\n野外觀察，包含量位態、觀察野外露頭\n地圖幾張\n一份報告\n回來交一份報告決定總成績，內容需包括回答老師在野外提出的問題""}]"
地質調查導論一,曾泰琳,地質科學系,2,114-2,59089,Geo1007,,,,,"[""無評價""]",[]
地質調查導論一,朱美妃,地質科學系,2,114-2,43771,Geo1007,,,,,"[""無評價""]",[]
地質調查導論二,陳于高,地質科學系,2,114-2,39232,Geo1008,5.0,4.5,,5.0,"[""[User83870 | 109-1]: 恆春的地景、還有精美的講義兼筆記本\n每天晚上會出題目，地質戲的都覺得有點難度。\n去恆春超好玩，有非常酷的地形，授課老師們也都非常認真的講解，完全沒有距離感，台大必修的好課！""]","[{""User_ID"": ""User83870"", ""Semester"": ""109-1"", ""Rating_Quality"": null, ""Rating_Sweet"": null, ""Rating_Easy"": null, ""Rating_Rich"": null, ""Comment"": ""恆春的地景、還有精美的講義兼筆記本\n每天晚上會出題目，地質戲的都覺得有點難度。\n去恆春超好玩，有非常酷的地形，授課老師們也都非常認真的講解，完全沒有距離感，台大必修的好課！""}]"
地質調查導論二,劉雅瑄,地質科學系,2,114-2,29394,Geo1008,,,,,"[""無評價""]",[]
地質調查四,徐澔德,地質科學系,2,114-2,49171,Geo3010,,,,,"[""無評價""]",[]
專題研究二,洪淑蕙,地質科學系,1,114-2,50239,Geo2008,,,,,"[""無評價""]",[]
專題研究二,沈川洲,地質科學系,1,114-2,13490,Geo2008,,,,,"[""無評價""]",[]
專題研究二,吳逸民,地質科學系,1,114-2,29856,Geo2008,,,,,"[""無評價""]",[]
專題研究二,林立虹,地質科學系,1,114-2,26285,Geo2008,,,,,"[""無評價""]",[]
專題研究二,施路易,地質科學系,1,114-2,34721,Geo2008,,,,,"[""無評價""]",[]
專題研究二,劉雅瑄,地質科學系,1,114-2,41054,Geo2008,,,,,"[""無評價""]",[]
專題研究二,徐澔德,地質科學系,1,114-2,30105,Geo2008,,,,,"[""無評價""]",[]
專題研究二,曾泰琳,地質科學系,1,114-2,10065,Geo2008,,,,,"[""無評價""]",[]
專題研究二,任昊佳,地質科學系,1,114-2,52516,Geo2008,,,,,"[""無評價""]",[]
專題研究二,林日白,地質科學系,1,114-2,17047,Geo2008,,,,,"[""無評價""]",[]
專題研究二,羅　立,地質科學系,1,114-2,30706,Geo2008,,,,,"[""無評價""]",[]
專題研究二,朱美妃,地質科學系,1,114-2,24770,Geo2008,,,,,"[""無評價""]",[]
專題研究二,龔源成,地質科學系,1,114-2,37650,Geo2008,,,,,"[""無評價""]",[]
地球化學資料分析,朱美妃,地質科學系、地質科學研究所,2,114-2,45736,Geo5008,,,,,"[""無評價""]",[]
石油及天然氣資源導論,吳榮章,地質科學系、地質科學研究所,2,114-2,11894,Geo5014,,,,,"[""無評價""]",[]
同位素地球化學,王國龍,地質科學系、地質科學研究所,2,114-2,20056,Geo5033,,,,,"[""無評價""]",[]
地震學原理,龔源成,地質科學系、地質科學研究所,3,114-2,39640,Geo5074,,,,,"[""無評價""]",[]
地球化學與岩石成因,朱美妃,地質科學系、地質科學研究所,2,114-2,46649,Geo5103,,,,,"[""無評價""]",[]
地質微生物原理與技術,林立虹,地質科學系、地質科學研究所,3,114-2,30187,Geo5114,,,,,"[""無評價""]",[]
水質分析,溫良碩,地質科學系、地質科學研究所,2,114-2,54489,Geo5153,,,,,"[""無評價""]",[]
性格心理學,陳品豪,心理學系,3,114-2,19491,Psy2006,4.8,4.8,5.0,3.5,"[""[Waku | 111-2]: 各種心理學理論\n不看出缺勤，會錄影放在cool，但沒錄影成功就沒有。\n課本：personality\n搭配老師的上課PPT\n每週都有作業，但很簡單。期中報告是要寫老師論文的摘要，那週儘量能出現就出現。期末考試就是考整學期的上課內容，但是是選擇題。\n每週作業\n期中報告\n期末考試\n老師很有趣，分數也很甜。""]","[{""User_ID"": ""Waku"", ""Semester"": ""111-2"", ""Rating_Quality"": null, ""Rating_Sweet"": null, ""Rating_Easy"": null, ""Rating_Rich"": null, ""Comment"": ""各種心理學理論\n不看出缺勤，會錄影放在cool，但沒錄影成功就沒有。\n課本：personality\n搭配老師的上課PPT\n每週都有作業，但很簡單。期中報告是要寫老師論文的摘要，那週儘量能出現就出現。期末考試就是考整學期的上課內容，但是是選擇題。\n每週作業\n期中報告\n期末考試\n老師很有趣，分數也很甜。""}]"
"普通生物學丙
A8",潘建源,心理學系、動物科學技術學系,3,114-2,41161,LS1009,,,,,"[""無評價""]",[]
研究入門二,黃從仁,心理學系,1,114-2,27267,Psy3014,,,,,"[""無評價""]",[]
神經生物與認知科學專題討論二,賴文崧,心理學系、心理學研究所,1,114-2,24873,Psy5291,5.0,5.0,3.0,3.0,"[""[Waku | 111-2]: 神經生物\n大概每兩週會有一個講師，可能是中文授課，也可能是英文授課，授課內容非常專業，但因為課程要求沒有很高，所以不用太害怕。\n講師的PPT\n將講師上課內容寫成摘要、心得、提問\n出缺要簽名算分\n如果要A+就必須全勤+全部作業都交+額外聽一場演講\n出席\n心得作業\n自己聽一場相關的演講\nA+課，但是時間有點不優。""]","[{""User_ID"": ""Waku"", ""Semester"": ""111-2"", ""Rating_Quality"": null, ""Rating_Sweet"": null, ""Rating_Easy"": null, ""Rating_Rich"": null, ""Comment"": ""神經生物\n大概每兩週會有一個講師，可能是中文授課，也可能是英文授課，授課內容非常專業，但因為課程要求沒有很高，所以不用太害怕。\n講師的PPT\n將講師上課內容寫成摘要、心得、提問\n出缺要簽名算分\n如果要A+就必須全勤+全部作業都交+額外聽一場演講\n出席\n心得作業\n自己聽一場相關的演講\nA+課，但是時間有點不優。""}]"
腦與語言,周泰立,心理學系、心理學研究所,3,114-2,32421,Psy5274,4.4,3.8,4.7,3.0,"[""[User36231 | 114-1]: language representation in the brain: speech processing and production, semantics, word recognition, etc..\nlectured based\nreading assigned articles and giving a presentation on one, larger final presentation at the end accompanied with a paper\nI enjoyed this class, I feel like there was a lot of freedom from being able to select your final presentation topic and which weekly article you wanted to present on.""]","[{""User_ID"": ""User36231"", ""Semester"": ""114-1"", ""Rating_Quality"": null, ""Rating_Sweet"": null, ""Rating_Easy"": null, ""Rating_Rich"": null, ""Comment"": ""language representation in the brain: speech processing and production, semantics, word recognition, etc..\nlectured based\nreading assigned articles and giving a presentation on one, larger final presentation at the end accompanied with a paper\nI enjoyed this class, I feel like there was a lot of freedom from being able to select your final presentation topic and which weekly article you wanted to present on.""}]"
人力資源管理,吳宗祐,心理學系、心理學研究所,3,114-2,44839,Psy5255,,,,,"[""無評價""]",[]
神經經濟學專題,黃貞穎,心理學系、心理學研究所、經濟學系、經濟學研究所,2,114-2,23639,ECON5077,,,,,"[""[PTT | 105-2]: 轉載自 PTT 作者 ID: andreas15 (Oo西瓜oO)\n哪一學年度修課：105-2\n\nψ 授課教師 (若為多人合授請寫開課教師，以方便收錄)\n(經濟系)黃貞穎 + (心理系)葉俊毅\n\nλ 開課系所與授課對象 (是否為必修或通識課 / 內容是否與某些背景相關)\n經濟/心理系所選修\n兼神認學程選修\n\nδ 課程大概內容\n第一週introduction + overview\n之後都是論文選讀，每週一篇\n本學期閱讀的主題是time discounting\nΩ 私心推薦指數(以五分計) ★★★★★\n依程度3-5顆星，詳見「其他」\n\nη 上課用書(影印講義或是指定教科書)\n指定閱讀上傳至CEIBA，每週一篇\n\nμ 上課方式(投影片、團體討論、老師教學風格)\n典型的seminar，進行方式如下：\n1.學生報告：每週由2-3人報告一篇論文\n2.中間穿插聽眾發問：重頭戲，大約有60%以上都是聽老師一人瘋狂開砲，常常因為討論\n太熱烈拖延到下課時間 第一次看到一篇論文可以講兩小時還講不完的\n3.最後由老師總結：基本上就是一些心得啦，然後提醒下週報告組別找助教\n\nσ 評分方式(給分甜嗎？是紮實分？)\n分為兩大項： 忘記佔分比重了\n1.報告表現\n有時候會有組別不滿兩人，若願意支援他組報告可加分(抵五次回答問題的扣打)\n2.參與程度\n大致上就是提問，也可以加入老師與同學們的大亂鬥\n下課後交回提問單，依單計分，每次最多算一分(也就是說每次問一題跟問100題是一樣的\n分數)\n提出有趣的問題會被老師記得並額外加分。老師說：「記得轉過頭來讓我記得你。」\n記得會依相對表現調分，老師想用賽局的力量讓我們進入「眾聲喧嘩」的瘋狂狀態，效果\n拔群\n甜涼什麼的很難概括說明，不過我的分數比預期還要高一些\n\nρ 考題型式、作業方式\n呃……就讀paper啊，記得預習一下就好了\n\nω 其它(是否注重出席率？如果為外系選修，需先有什麼基礎較好嗎？老師個性？\n加簽習慣？嚴禁遲到等…)\n加簽習慣\n第一週會先說明該學期研讀主題，並簡略介紹各週報告文獻，下課時就可以加簽+搶各週\n報告主題(登記在一張表上)\n\n建議能力\n雖然說這門課沒有先修要求，但這是假的！基礎會決定課堂上的收穫，基礎越好，對課程\n掌握越完整，當然能學到越多，越得心應手\n以下分「神經與心理」、「經濟與數學方法」兩個項目說明；強烈建議者以紅色標注，建\n議能力者以藍色標注，其餘有幫助者就維持白字\n\n神經與心理：\n心理實驗法\n神經生物學 or 生理心理學\n神經解剖學\n\n經濟與數學方法：\n統計學\n個體經濟學\n進階數學能力(如線代等)可能會對一些理論性質的論文有幫助\n\n第一時間就只能想到這些課程，或許有其他建議的基礎也請大家幫忙補充\n\nΨ 總結\n知道什麼是seminar嗎？不知道的話現在讓你看看((誤\n這本身就是跨系所的課程，所以基礎不一定十分重要才怪，各系所大一到博班都有，所以\n不用擔心程度問題，一定會有比你更糟的人請放心，像本肥前面有標色的基礎課程幾乎都\n沒修過，還是收穫不少\n對我來說，這堂課收穫最多的有三：第一是習慣隨時發問的修課態度，這個習慣會從原本\n的課堂上延伸至其他課程，進而活絡很多課堂的氣氛，也增加學習效率\n第二是知道如何閱讀及批評論文，論文跟課本的差很多，知識密度很高而且邏輯分析嚴密\n，剛接觸論文的時候我非常緊張，幾乎都看不懂，但透過老師與同學間的相互討論、提問\n，漸漸掌握到讀論文時須注意的面向，進而能夠初步分析、批評論文的優缺\n第三是知道黃老師不能惹 抖 ，天才果然不是浪得虛名，老師太可怕了，所有文章幾乎都\n被老師抓出一堆問題，搞得每次上完課都覺得研究好難還是不要走學術好了\n推薦給所有對實驗經濟學、心理學、神經科學，甚至是單純想知道科學研究是怎麼一回事\n的同學\n\n--\n\n原文網址: https://www.ptt.cc/bbs/NTUcourse/M.1501688373.A.613.html""]","[{""User_ID"": ""PTT"", ""Semester"": ""105-2"", ""Rating_Quality"": null, ""Rating_Sweet"": null, ""Rating_Easy"": null, ""Rating_Rich"": null, ""Comment"": ""轉載自 PTT 作者 ID: andreas15 (Oo西瓜oO)\n哪一學年度修課：105-2\n\nψ 授課教師 (若為多人合授請寫開課教師，以方便收錄)\n(經濟系)黃貞穎 + (心理系)葉俊毅\n\nλ 開課系所與授課對象 (是否為必修或通識課 / 內容是否與某些背景相關)\n經濟/心理系所選修\n兼神認學程選修\n\nδ 課程大概內容\n第一週introduction + overview\n之後都是論文選讀，每週一篇\n本學期閱讀的主題是time discounting\nΩ 私心推薦指數(以五分計) ★★★★★\n依程度3-5顆星，詳見「其他」\n\nη 上課用書(影印講義或是指定教科書)\n指定閱讀上傳至CEIBA，每週一篇\n\nμ 上課方式(投影片、團體討論、老師教學風格)\n典型的seminar，進行方式如下：\n1.學生報告：每週由2-3人報告一篇論文\n2.中間穿插聽眾發問：重頭戲，大約有60%以上都是聽老師一人瘋狂開砲，常常因為討論\n太熱烈拖延到下課時間 第一次看到一篇論文可以講兩小時還講不完的\n3.最後由老師總結：基本上就是一些心得啦，然後提醒下週報告組別找助教\n\nσ 評分方式(給分甜嗎？是紮實分？)\n分為兩大項： 忘記佔分比重了\n1.報告表現\n有時候會有組別不滿兩人，若願意支援他組報告可加分(抵五次回答問題的扣打)\n2.參與程度\n大致上就是提問，也可以加入老師與同學們的大亂鬥\n下課後交回提問單，依單計分，每次最多算一分(也就是說每次問一題跟問100題是一樣的\n分數)\n提出有趣的問題會被老師記得並額外加分。老師說：「記得轉過頭來讓我記得你。」\n記得會依相對表現調分，老師想用賽局的力量讓我們進入「眾聲喧嘩」的瘋狂狀態，效果\n拔群\n甜涼什麼的很難概括說明，不過我的分數比預期還要高一些\n\nρ 考題型式、作業方式\n呃……就讀paper啊，記得預習一下就好了\n\nω 其它(是否注重出席率？如果為外系選修，需先有什麼基礎較好嗎？老師個性？\n加簽習慣？嚴禁遲到等…)\n加簽習慣\n第一週會先說明該學期研讀主題，並簡略介紹各週報告文獻，下課時就可以加簽+搶各週\n報告主題(登記在一張表上)\n\n建議能力\n雖然說這門課沒有先修要求，但這是假的！基礎會決定課堂上的收穫，基礎越好，對課程\n掌握越完整，當然能學到越多，越得心應手\n以下分「神經與心理」、「經濟與數學方法」兩個項目說明；強烈建議者以紅色標注，建\n議能力者以藍色標注，其餘有幫助者就維持白字\n\n神經與心理：\n心理實驗法\n神經生物學 or 生理心理學\n神經解剖學\n\n經濟與數學方法：\n統計學\n個體經濟學\n進階數學能力(如線代等)可能會對一些理論性質的論文有幫助\n\n第一時間就只能想到這些課程，或許有其他建議的基礎也請大家幫忙補充\n\nΨ 總結\n知道什麼是seminar嗎？不知道的話現在讓你看看((誤\n這本身就是跨系所的課程，所以基礎不一定十分重要才怪，各系所大一到博班都有，所以\n不用擔心程度問題，一定會有比你更糟的人請放心，像本肥前面有標色的基礎課程幾乎都\n沒修過，還是收穫不少\n對我來說，這堂課收穫最多的有三：第一是習慣隨時發問的修課態度，這個習慣會從原本\n的課堂上延伸至其他課程，進而活絡很多課堂的氣氛，也增加學習效率\n第二是知道如何閱讀及批評論文，論文跟課本的差很多，知識密度很高而且邏輯分析嚴密\n，剛接觸論文的時候我非常緊張，幾乎都看不懂，但透過老師與同學間的相互討論、提問\n，漸漸掌握到讀論文時須注意的面向，進而能夠初步分析、批評論文的優缺\n第三是知道黃老師不能惹 抖 ，天才果然不是浪得虛名，老師太可怕了，所有文章幾乎都\n被老師抓出一堆問題，搞得每次上完課都覺得研究好難還是不要走學術好了\n推薦給所有對實驗經濟學、心理學、神經科學，甚至是單純想知道科學研究是怎麼一回事\n的同學\n\n--\n\n原文網址: https://www.ptt.cc/bbs/NTUcourse/M.1501688373.A.613.html""}]"
微積分3,傅斯緯,化學系、心理學系、地理環境資源學系、大氣科學系、經濟學系、工學院、土木工程學系、機械工程學系、化學工程學系、材料科學與工程學系、醫學工程學系、農藝學系、農業經濟學系、生物機電工程學系、企業管理組、科技管理組、會計學系、財務金融學系、國際企業學系、資訊管理學系、電機工程學系、資訊工程學系、生命科學系、生化科技學系、國際半導體學士學位學程,2,114-2,40573,MATH4008,4.0,2.0,4.0,5.0,"[""[User85195 | 113-2]: calculus 3\nin person\ntext book, online homework and worksheets\none exam and quizzes\nstraightforward grading, no curve\nvery fast pace classes and a lot of homework""]","[{""User_ID"": ""User85195"", ""Semester"": ""113-2"", ""Rating_Quality"": null, ""Rating_Sweet"": null, ""Rating_Easy"": null, ""Rating_Rich"": null, ""Comment"": ""calculus 3\nin person\ntext book, online homework and worksheets\none exam and quizzes\nstraightforward grading, no curve\nvery fast pace classes and a lot of homework""}]"
微積分4 ─ 在經濟商管的應用,傅斯緯,地理環境資源學系、經濟學系、企業管理組、科技管理組、會計學系、財務金融學系、國際企業學系,2,114-2,28480,MATH4010,,,,,"[""無評價""]",[]
氣候學及實習,莊振義,地理環境資源學系、氣候變遷與永續發展國際學位學程,3,114-2,34624,Geog2002,,,,,"[""無評價""]",[]
文化、社會與自然,黃宗儀,地理環境資源學系,3,114-2,11027,Geog2015,,,,,"[""無評價""]",[]
空間分析,溫在弘,地理環境資源學系、地理環境資源學研究所,3,114-2,40222,Geog2017,,,,,"[""[PTT | 109-2]: 轉載自 PTT 作者 ID: threexch (嗚嗚)\n哪一學年度修課：109-2\n\nψ 授課教師 (若為多人合授請寫授課教師，以方便收錄) 溫在弘\n\nλ 開課系所與授課對象 (是否為必修或通識課 / 內容是否與某些背景相關)\n地理系大二必修\nδ 課程內容\n1. 2.22 Course Introduction\n2. 3.01 例假補假 (複習：基礎統計學)\n3. 3.08 Handling Spatial Data\n4. 3.15 Using R as a GIS: Geoprocessing Operations\n5. 3.22 ## Warm-up Exam (基礎統計學＋空間資料處理與繪圖)\n6. 3.29 R Spatial: More Complex Operations\n7. 4.05 春假 (聽演講：R for Spatial Analysis)\n8. 4.12 Describing Spatial Patterns\n9. 4.19 ## Mid-term Exam\n10. 4.26 Point Pattern Analysis: Quadrat Analysis\n11. 5.03 Point Pattern Analysis: Nearest-Neighbor Methods\n12. 5.10 Point Pattern Analysis: Distance-based Methods\n13. 5.17 Point Pattern Analysis: Density-based Methods\n14. 5.24 Spatial Autocorrelation: Moran’s I statistic\n15. 5.31 Localized Spatial Analysis\n16. 6.07 ## Final Exam\n17. 6.14 端午節 (聽演講：Spatial Statistics in R)\n18. 6.21 Workshop: Building Interactive Dashboard for Geo-visualization\n\nΩ 私心推薦指數(以五分計) ★★★★★\n★★★★★\n不喜歡每個禮拜寫作業: 0★\nη 上課用書(影印講義或是指定教科書)\n老師&助教的投影片\nμ 上課方式(投影片、團體討論、老師教學風格)\n這堂課主要用R\n前半學期在教基本的空間資料分析，基本上跟GIS會用到的操作\n後半學期著重於點資料的型態分析(會搭配一點統計)\n老師上課會先講概念之後用R實作，助教會上課時再幫大家整理一次程式碼，非常詳細。\n其實可以只上助教課啦，只是明年應該會換助教了。\nσ 評分方式(給分甜嗎？是紮實分？)\n極甜，有三次期中考(分別佔10%、20%、30%），作業、實習各20%\n每個禮拜都要寫一次實習+一次作業，負擔還滿大的，但都不難\n照著助教課投影片都能做出來\n期中期末都不難，平常實習、作業有練習應該就能順利做出來\n第二堂課會有統計小考，滿分20，分數可以加在第一次期中考上面\n第一次和第二次考完了之後發現大家成績太低，就說這兩次考試取比較高分的那次\n作為30%的分數\n期末考最後調分到全班平均90分左右\n還有一次加分作業，有做出來期末可以_+15分\nρ 考題型式、作業方式\n期中期末都是open anything的上機考，作業要用R寫\nω 其它(是否注重出席率？如果為外系選修，需先有什麼基礎較好嗎？老師個性？\n加簽習慣？嚴禁遲到等…)\n修過初統、會基礎的程式應該就可以了\nR如果沒學過可能要先熟悉一下，不過不難學\n有基本的GIS概念應該會更好\n加簽全簽，完全不看出席，這學期上課有錄影\nΨ 總結\n這門課是應該會是地理系讓我收穫最大的課了...\n老師人很好，希望每個同學都能會所以講很慢\n因為不想當人想了很多幫大家加分的方式\n助教叔叔很厲害\n\n\n--\n\n原文網址: https://www.ptt.cc/bbs/NTUcourse/M.1623852886.A.7D8.html""]","[{""User_ID"": ""PTT"", ""Semester"": ""109-2"", ""Rating_Quality"": null, ""Rating_Sweet"": null, ""Rating_Easy"": null, ""Rating_Rich"": null, ""Comment"": ""轉載自 PTT 作者 ID: threexch (嗚嗚)\n哪一學年度修課：109-2\n\nψ 授課教師 (若為多人合授請寫授課教師，以方便收錄) 溫在弘\n\nλ 開課系所與授課對象 (是否為必修或通識課 / 內容是否與某些背景相關)\n地理系大二必修\nδ 課程內容\n1. 2.22 Course Introduction\n2. 3.01 例假補假 (複習：基礎統計學)\n3. 3.08 Handling Spatial Data\n4. 3.15 Using R as a GIS: Geoprocessing Operations\n5. 3.22 ## Warm-up Exam (基礎統計學＋空間資料處理與繪圖)\n6. 3.29 R Spatial: More Complex Operations\n7. 4.05 春假 (聽演講：R for Spatial Analysis)\n8. 4.12 Describing Spatial Patterns\n9. 4.19 ## Mid-term Exam\n10. 4.26 Point Pattern Analysis: Quadrat Analysis\n11. 5.03 Point Pattern Analysis: Nearest-Neighbor Methods\n12. 5.10 Point Pattern Analysis: Distance-based Methods\n13. 5.17 Point Pattern Analysis: Density-based Methods\n14. 5.24 Spatial Autocorrelation: Moran’s I statistic\n15. 5.31 Localized Spatial Analysis\n16. 6.07 ## Final Exam\n17. 6.14 端午節 (聽演講：Spatial Statistics in R)\n18. 6.21 Workshop: Building Interactive Dashboard for Geo-visualization\n\nΩ 私心推薦指數(以五分計) ★★★★★\n★★★★★\n不喜歡每個禮拜寫作業: 0★\nη 上課用書(影印講義或是指定教科書)\n老師&助教的投影片\nμ 上課方式(投影片、團體討論、老師教學風格)\n這堂課主要用R\n前半學期在教基本的空間資料分析，基本上跟GIS會用到的操作\n後半學期著重於點資料的型態分析(會搭配一點統計)\n老師上課會先講概念之後用R實作，助教會上課時再幫大家整理一次程式碼，非常詳細。\n其實可以只上助教課啦，只是明年應該會換助教了。\nσ 評分方式(給分甜嗎？是紮實分？)\n極甜，有三次期中考(分別佔10%、20%、30%），作業、實習各20%\n每個禮拜都要寫一次實習+一次作業，負擔還滿大的，但都不難\n照著助教課投影片都能做出來\n期中期末都不難，平常實習、作業有練習應該就能順利做出來\n第二堂課會有統計小考，滿分20，分數可以加在第一次期中考上面\n第一次和第二次考完了之後發現大家成績太低，就說這兩次考試取比較高分的那次\n作為30%的分數\n期末考最後調分到全班平均90分左右\n還有一次加分作業，有做出來期末可以_+15分\nρ 考題型式、作業方式\n期中期末都是open anything的上機考，作業要用R寫\nω 其它(是否注重出席率？如果為外系選修，需先有什麼基礎較好嗎？老師個性？\n加簽習慣？嚴禁遲到等…)\n修過初統、會基礎的程式應該就可以了\nR如果沒學過可能要先熟悉一下，不過不難學\n有基本的GIS概念應該會更好\n加簽全簽，完全不看出席，這學期上課有錄影\nΨ 總結\n這門課是應該會是地理系讓我收穫最大的課了...\n老師人很好，希望每個同學都能會所以講很慢\n因為不想當人想了很多幫大家加分的方式\n助教叔叔很厲害\n\n\n--\n\n原文網址: https://www.ptt.cc/bbs/NTUcourse/M.1623852886.A.7D8.html""}]"
區域地理,簡旭伸,地理環境資源學系,3,114-2,16365,Geog3024,,,,,"[""無評價""]",[]
環境水文學及實習,黃誌川,地理環境資源學系、地理環境資源學研究所,3,114-2,11490,Geog5147,,,,,"[""無評價""]",[]
雷達遙測一,莊昀叡,地理環境資源學系、地理環境資源學研究所,3,114-2,32956,Geog5052,5.0,5.0,3.0,5.0,"[""[User95586 | 113-2]: 在寒假去修雷達遙測工作坊，5天全日密集課程\n各雷達遙測專業老師來上課(從InSAR到GNSS校正與應用各種有的沒的)\n每個老師的簡報\n工作訪第五天時做出團體簡報與報告(SNAP工具)，之後開學時再做一個個人報告，使用InSAR的應用\n就以上，教授想給多少就給多少，不過都有A-起跳(應該吧)\n在寒假上課(我那時在中央大學修，每年會換地方)，所以要修這個下學期的課時，上學期結束時就要注意這活動了，還可能需要跟老師聯絡一下，連續上五天的課可能會有點累。另外如果電腦空間剩不到50GB的話建議去準備硬碟，因為雷達影像檔案超大。""]","[{""User_ID"": ""User95586"", ""Semester"": ""113-2"", ""Rating_Quality"": null, ""Rating_Sweet"": null, ""Rating_Easy"": null, ""Rating_Rich"": null, ""Comment"": ""在寒假去修雷達遙測工作坊，5天全日密集課程\n各雷達遙測專業老師來上課(從InSAR到GNSS校正與應用各種有的沒的)\n每個老師的簡報\n工作訪第五天時做出團體簡報與報告(SNAP工具)，之後開學時再做一個個人報告，使用InSAR的應用\n就以上，教授想給多少就給多少，不過都有A-起跳(應該吧)\n在寒假上課(我那時在中央大學修，每年會換地方)，所以要修這個下學期的課時，上學期結束時就要注意這活動了，還可能需要跟老師聯絡一下，連續上五天的課可能會有點累。另外如果電腦空間剩不到50GB的話建議去準備硬碟，因為雷達影像檔案超大。""}]"
政治生態學概論,洪伯邑,地理環境資源學系、地理環境資源學研究所、氣候變遷與永續發展國際學位學程,3,114-2,42445,Geog5088,,,,,"[""無評價""]",[]
環境史導論,洪廣冀,地理環境資源學系、地理環境資源學研究所,3,114-2,48392,Geog5098,,,,,"[""[PTT | 104-1]: 轉載自 PTT 作者 ID: lienyushiu ()\n哪一學年度修課：\n\n104-1\n\nψ 授課教師 (若為多人合授請寫開課教師，以方便收錄)\n\n洪廣冀\n\nλ 開課系所與授課對象 (是否為必修或通識課 / 內容是否與某些背景相關)\n選修；\n\n修課學生從大二道碩二都有，還有一堆博士班旁聽生，\n\n個人認為不太需要其他背景。\n\n\nδ 課程大概內容\n\n雖然說課名是環境史，但老師過於博大精深，也習慣(明明才第一年正式任教)在課程中結\n\n合他許多博大精深的面向，像是這學期一開始處理了生態學的科學史，一系列牽涉到環境\n\n的「大歷史」書寫，後半學期則是處理台灣從荷領到日治的歷史地理學。\n\n\n基本上洪老師的課程有個特色，就是課綱大概只有前三周可信......\n\nΩ 私心推薦指數(以五分計) ★★★★★\n\n想聽故事/想初步了解歷史地理學/科學史/台灣原住民研究：五顆\n\n沒有時間剪影片出田野：你會停休\n\nη 上課用書(影印講義或是指定教科書)\n\n每周有指定閱讀，會掃上去。每周大概是一本書或是數篇論文吧，都是中文，但是大家通\n\n常就是盡力念，恩XD\n\nμ 上課方式(投影片、團體討論、老師教學風格)\n\n老師授課三小時，有時候會留一小時讓各組導讀或報告期末進度。\n\n其實老師本來想讓助教帶討論課，但是後來發現敝系選修課助教月領一千，於是就自己講\n\n好講滿講到超時。有一次實察去鎮西堡，是老師以前做研究的地方，非常有收穫。後半學\n\n期老師開始嘗試一些別的活動，例如讓各組研讀清朝的地契、日治的官方文獻，貌似是因\n\n為大家睡得太誇張了。\n\nσ 評分方式(給分甜嗎？是紮實分？)\n\n還沒出來。先前的印象給分還算甜啦，但那時候是大四修研究所的課。\n\nρ 考題型式、作業方式\n\n三次大作業：\n\n→期初個人心得：前三周都是生態學史的經典著作，第一份作業就是類似閱讀心得的東西\n\n。看起來形式上最單純，但是我這份作業被老師電爛了。\n\n→期中團體廣播：錄製只有聲音的廣播，比想像中簡單一點點。(老師好像忘記給我評語\n\n了)\n\n→期末團體影片：就是影片，影片呈現方式不拘，強者學弟妹們自己唱&做動畫，做出\n\n猴峒貓村版進擊的巨人主題曲，強......\n\n→期末團體報告：坦白說我們還沒寫完。XD\n\n老師想看到的是一個面向大眾的歷史地理學書與環境史書寫，我的理解\n\n就是故事+地理眼然後再輕鬆一點。個人覺得這比一般的報告還難。需\n\n要大量的史料蒐集，老師稍微會教一些。\n\n\nω 其它(是否注重出席率？如果為外系選修，需先有什麼基礎較好嗎？老師個性？\n加簽習慣？嚴禁遲到等…)\n\n老師不會點名，但是人太少或睡著他會很難過，偶爾會爆氣一下。外系選修應該不需要基\n\n礎，反正歷史地理學在地理系消亡已久，大家都是白紙。加簽和旁聽老師都沒限制，反正\n\n教室很大、正式選課的人沒那麼多。可能要有很強大的隨機應變能力，老師的課綱一向都\n\n是只能看前三周的。\n\n\nΨ 總結\n\n老師上課的風格就是講故事，也許歷史地理學本來就是很多故事組成的，老師會用重要的\n\n概念作為那堂課的主軸來串，讓大家看見這些理論如何在空間與時間的觀點中呈現，個人\n\n印象最深刻的是傅柯的酸菜白肉鍋(X)生物政治(O)，還有人文地理學者必定要面對的環境\n\n決定論。但是也因為有非常多的故事，一不小心就會飄走了。\n\n\n老師涉獵非 常 廣 除了環境史和歷史地理學以外還有原住民研究、林學史、STS，最近又\n\n接了一個國族/認同政治的口委。從他的日常言談我猜左翼批判理論說不定也念過XD\n\n\n老師人很好，特別喜歡和大學部互動，也一向很挺學生，可能是系史第一位開放研究室的\n\n老師。老師對研究所學生的要求很高，所以可以和他學到很多東西，像是史料蒐集和處裡\n\n的方式，或是概念、理論的使用。\n\n\n以上，真的很推洪廣冀老師的課喔。\n\n\n--\n標題 [CK2 ] 繼承以後封臣爆量怎麼處理？ 看板 Paradox\n推 Z*****C: 神羅：你這個連亞平寧半島包含羅馬城都丟光的希臘人帝國08/24 10:14\n→ Z*****C: 沒資格叫羅馬帝國啦08/24 10:14\n→ Z*****C: 有那個國家國土都丟光了還敢自稱代表的XD08/24 10:16\n推 h*********4: 有啊 中華民國XD 08/24 10:37\n\n--\n\n原文網址: https://www.ptt.cc/bbs/NTUcourse/M.1453040719.A.73C.html""]","[{""User_ID"": ""PTT"", ""Semester"": ""104-1"", ""Rating_Quality"": null, ""Rating_Sweet"": null, ""Rating_Easy"": null, ""Rating_Rich"": null, ""Comment"": ""轉載自 PTT 作者 ID: lienyushiu ()\n哪一學年度修課：\n\n104-1\n\nψ 授課教師 (若為多人合授請寫開課教師，以方便收錄)\n\n洪廣冀\n\nλ 開課系所與授課對象 (是否為必修或通識課 / 內容是否與某些背景相關)\n選修；\n\n修課學生從大二道碩二都有，還有一堆博士班旁聽生，\n\n個人認為不太需要其他背景。\n\n\nδ 課程大概內容\n\n雖然說課名是環境史，但老師過於博大精深，也習慣(明明才第一年正式任教)在課程中結\n\n合他許多博大精深的面向，像是這學期一開始處理了生態學的科學史，一系列牽涉到環境\n\n的「大歷史」書寫，後半學期則是處理台灣從荷領到日治的歷史地理學。\n\n\n基本上洪老師的課程有個特色，就是課綱大概只有前三周可信......\n\nΩ 私心推薦指數(以五分計) ★★★★★\n\n想聽故事/想初步了解歷史地理學/科學史/台灣原住民研究：五顆\n\n沒有時間剪影片出田野：你會停休\n\nη 上課用書(影印講義或是指定教科書)\n\n每周有指定閱讀，會掃上去。每周大概是一本書或是數篇論文吧，都是中文，但是大家通\n\n常就是盡力念，恩XD\n\nμ 上課方式(投影片、團體討論、老師教學風格)\n\n老師授課三小時，有時候會留一小時讓各組導讀或報告期末進度。\n\n其實老師本來想讓助教帶討論課，但是後來發現敝系選修課助教月領一千，於是就自己講\n\n好講滿講到超時。有一次實察去鎮西堡，是老師以前做研究的地方，非常有收穫。後半學\n\n期老師開始嘗試一些別的活動，例如讓各組研讀清朝的地契、日治的官方文獻，貌似是因\n\n為大家睡得太誇張了。\n\nσ 評分方式(給分甜嗎？是紮實分？)\n\n還沒出來。先前的印象給分還算甜啦，但那時候是大四修研究所的課。\n\nρ 考題型式、作業方式\n\n三次大作業：\n\n→期初個人心得：前三周都是生態學史的經典著作，第一份作業就是類似閱讀心得的東西\n\n。看起來形式上最單純，但是我這份作業被老師電爛了。\n\n→期中團體廣播：錄製只有聲音的廣播，比想像中簡單一點點。(老師好像忘記給我評語\n\n了)\n\n→期末團體影片：就是影片，影片呈現方式不拘，強者學弟妹們自己唱&做動畫，做出\n\n猴峒貓村版進擊的巨人主題曲，強......\n\n→期末團體報告：坦白說我們還沒寫完。XD\n\n老師想看到的是一個面向大眾的歷史地理學書與環境史書寫，我的理解\n\n就是故事+地理眼然後再輕鬆一點。個人覺得這比一般的報告還難。需\n\n要大量的史料蒐集，老師稍微會教一些。\n\n\nω 其它(是否注重出席率？如果為外系選修，需先有什麼基礎較好嗎？老師個性？\n加簽習慣？嚴禁遲到等…)\n\n老師不會點名，但是人太少或睡著他會很難過，偶爾會爆氣一下。外系選修應該不需要基\n\n礎，反正歷史地理學在地理系消亡已久，大家都是白紙。加簽和旁聽老師都沒限制，反正\n\n教室很大、正式選課的人沒那麼多。可能要有很強大的隨機應變能力，老師的課綱一向都\n\n是只能看前三周的。\n\n\nΨ 總結\n\n老師上課的風格就是講故事，也許歷史地理學本來就是很多故事組成的，老師會用重要的\n\n概念作為那堂課的主軸來串，讓大家看見這些理論如何在空間與時間的觀點中呈現，個人\n\n印象最深刻的是傅柯的酸菜白肉鍋(X)生物政治(O)，還有人文地理學者必定要面對的環境\n\n決定論。但是也因為有非常多的故事，一不小心就會飄走了。\n\n\n老師涉獵非 常 廣 除了環境史和歷史地理學以外還有原住民研究、林學史、STS，最近又\n\n接了一個國族/認同政治的口委。從他的日常言談我猜左翼批判理論說不定也念過XD\n\n\n老師人很好，特別喜歡和大學部互動，也一向很挺學生，可能是系史第一位開放研究室的\n\n老師。老師對研究所學生的要求很高，所以可以和他學到很多東西，像是史料蒐集和處裡\n\n的方式，或是概念、理論的使用。\n\n\n以上，真的很推洪廣冀老師的課喔。\n\n\n--\n標題 [CK2 ] 繼承以後封臣爆量怎麼處理？ 看板 Paradox\n推 Z*****C: 神羅：你這個連亞平寧半島包含羅馬城都丟光的希臘人帝國08/24 10:14\n→ Z*****C: 沒資格叫羅馬帝國啦08/24 10:14\n→ Z*****C: 有那個國家國土都丟光了還敢自稱代表的XD08/24 10:16\n推 h*********4: 有啊 中華民國XD 08/24 10:37\n\n--\n\n原文網址: https://www.ptt.cc/bbs/NTUcourse/M.1453040719.A.73C.html""}]"
大氣熱力學,吳健銘,大氣科學系,3,114-2,14908,AtmSci2002,,,,,"[""[PTT | 109-2]: 轉載自 PTT 作者 ID: o314shyang (偷米賊)\n哪一學年度修課：109-2\nψ 授課教師 (若為多人合授請寫開課教師，以方便收錄)：吳健銘\nλ 開課系所與授課對象 (是否為必修或通識課 / 內容是否與某些背景相關) ：大\n氣系必修\nδ 課程大概內容\n\nW1 Introduction, Atmospheric structure(CA0 due,CA1)\nW2 EOS, First Law of thermodynamics (I) (CA2)\nW3 First Law of Thermodynamics (II)(Quiz1)\nW4 hypsometric equation, static energy, potential temperature(CA3)\nW5 Carnot Cycle, efficiency, typhoon intensity(CA4)\nW6 entropy introduction, mixed layer evolution\nW7 Quiz 2 No Class on Tuesday\nW8 Condensation and phase diagram, C-C equation (HW1)\nW9 Midterm No class on Thursday\nW10 C-C equation and global warming (CA5)\nW11 C-C equation application td tw tc (Quiz 3)\nW12 parcel assumption, td,tw,te (CA6)\nW13 theta_e, MSE, profiles cloud base (CA7)\nW14 Moist adiabatic lapse-rate (HW 2)\nW15 Skew-T exercises (Quiz 4)\nW16 Lapse-rate ans stability (CA 8)\nW17 Conditional unstable, convective unstable, CAPE, CIN profiles review on En\nv>convection(Quiz 5)\nW18 Final Exam\n\n但這只是借看一下，原則上期中考前上到哪考到\n哪（大概以乾濕熱力學為分界），期末考考全部\n\nΩ 私心推薦指數(以五分計) ★★★★★\n教授的版書★★\n教授換衣服的頻率★★★（三件為一週期，故給三個星）\n喜歡寫作業的時候挑戰自己★★★★★\n趁機跟系上同學變很好★★★★★\n想自己跟同學一起了解大氣熱力學的美妙★★★★★\nη 上課用書(影印講義或是指定教科書)\n\nGrant Petty A first course in atmospheric thermodynamics, 338 pp.\nFermi, E., 1956: Thermodynamics. 1st edition, Dover Press, 160 pp.\nIribarne, J. V. and W. L. Godson, 1981: Atmospheric thermody\nnamics. 2nd ed., Reidel Pub. Co., 259 pp.\nWallace, J. M. and P. V. Hobbs, 2006: Atmospheric science: A\nn introductory survey, Chap. 3, 2nd ed., Academic Press, 483 pp.\nBohren, C. F., and B. A. Albrecht, 1998: Atmospheric thermod\nynamics, Oxford, 402 pp.\nTsonis, A. A., 2007: An introduction to atmospheric thermody\nnamics, Cambridge Press, 187 pp\n\n我只有買第一本，還蠻好看的，有種變大氣業家的感覺\n\nμ 上課方式(投影片、團體討論、老師教學風格)\n上課時間是二34，四34，四是單週上課（別被騙了）\n禮拜四基本上沒放假沒期中就看你要不要去，一次上一堂課\n分別檢討上次的CA（class activity ）、介紹下次的CA；遇到Quiz當週就不用寫CA\n\n教授會在台上口沫橫飛地說著，但板書實在是看\n不懂在寫什麼，推導也常常推到一半不知道在幹\n嘛（但私底下問他或許會有比較多的收穫吧，不\n曉得），遇到不知道在幹嘛的東西的時候就會說「助教！CA！」，CA這東西是用來幫助我\n們了解現象成因等等，但我連現象成因都搞不懂是要寫什麼CA嗚嗚嗚嗚，所以跟同學組大\n熱戰隊很重要，可以省下你很多單打獨鬥的時間：）\n\n後半學期改遠距之後，老師是拿108-2的影片給\n我們看，禮拜四會讓大家問問題，但印象深刻的\n是，有同學問完問題之後，教授就回答說「這個\n我不清楚欸，你可以自己推推看」，蛤？？？？？我也不清楚\nσ 評分方式(給分甜嗎？是紮實分？)\n紮實偏甜\n小考10%（五次）\n作業40%（八次）\n期中20%\n期末30%\n\n小考會用酷一點的方式進行，例如ABC填充、連連看、大於小於等於，各種方式\n\n作業會給data，先畫出要的圖之後開始寫討論\n只要圖畫錯都是B-起跳，寫很多討論或許能拿A+啦，但小弟不才都只能拿A-\n\n期中 平均30/71\n考一堆公式推導還有畫圖，而且一個都只佔1、2\n分，所以只要錯一點，大概一半分數就會扣光\n\n期末 平均？/75（遠距）\n前20分是公式推導、解釋，後55分是畫圖（斜溫圖、cape cin等等），但要記得解釋圖在\n幹嘛，我沒有解釋所以被扣爆\n\n我自己作業平均是A-，期中有平均以上，期末有點考爆，學期成績A-\n但有同學作業平均B，期中平均以下，期末不清楚，但學期成績也是A-\n教授應該有稍微調一下啦\nρ 考題型式、作業方式\n考題都是筆記的東西，所以你要搞清楚（自己去\n猜）教授在上什麼，而且有時候小考題目也會寫的很模糊\n作業的話八次有幾次會寫的很痛苦，雖然期限一\n個禮拜，而且還要看助教中途有沒有更改公式或者是data\nω 其它(是否注重出席率？如果為外系選修，需先有什麼基礎較好嗎？老師個性？\n加簽習慣？嚴禁遲到等…)\n不太需要什麼基礎，教授人很好，助教人也不錯\nΨ 總結\n大氣熱力學對我來說是個很有興趣的科目，所以\n也願意花時間在上面，不過有時候覺得我應該在\n課堂上就學會的東西好像太少了，回去要花更多\n的時間去理解教授在上什麼，而不是已經開始吸收今天上的東西：）學弟妹加油\n\n--\n\n原文網址: https://www.ptt.cc/bbs/NTUcourse/M.1625564448.A.F21.html""]","[{""User_ID"": ""PTT"", ""Semester"": ""109-2"", ""Rating_Quality"": null, ""Rating_Sweet"": null, ""Rating_Easy"": null, ""Rating_Rich"": null, ""Comment"": ""轉載自 PTT 作者 ID: o314shyang (偷米賊)\n哪一學年度修課：109-2\nψ 授課教師 (若為多人合授請寫開課教師，以方便收錄)：吳健銘\nλ 開課系所與授課對象 (是否為必修或通識課 / 內容是否與某些背景相關) ：大\n氣系必修\nδ 課程大概內容\n\nW1 Introduction, Atmospheric structure(CA0 due,CA1)\nW2 EOS, First Law of thermodynamics (I) (CA2)\nW3 First Law of Thermodynamics (II)(Quiz1)\nW4 hypsometric equation, static energy, potential temperature(CA3)\nW5 Carnot Cycle, efficiency, typhoon intensity(CA4)\nW6 entropy introduction, mixed layer evolution\nW7 Quiz 2 No Class on Tuesday\nW8 Condensation and phase diagram, C-C equation (HW1)\nW9 Midterm No class on Thursday\nW10 C-C equation and global warming (CA5)\nW11 C-C equation application td tw tc (Quiz 3)\nW12 parcel assumption, td,tw,te (CA6)\nW13 theta_e, MSE, profiles cloud base (CA7)\nW14 Moist adiabatic lapse-rate (HW 2)\nW15 Skew-T exercises (Quiz 4)\nW16 Lapse-rate ans stability (CA 8)\nW17 Conditional unstable, convective unstable, CAPE, CIN profiles review on En\nv>convection(Quiz 5)\nW18 Final Exam\n\n但這只是借看一下，原則上期中考前上到哪考到\n哪（大概以乾濕熱力學為分界），期末考考全部\n\nΩ 私心推薦指數(以五分計) ★★★★★\n教授的版書★★\n教授換衣服的頻率★★★（三件為一週期，故給三個星）\n喜歡寫作業的時候挑戰自己★★★★★\n趁機跟系上同學變很好★★★★★\n想自己跟同學一起了解大氣熱力學的美妙★★★★★\nη 上課用書(影印講義或是指定教科書)\n\nGrant Petty A first course in atmospheric thermodynamics, 338 pp.\nFermi, E., 1956: Thermodynamics. 1st edition, Dover Press, 160 pp.\nIribarne, J. V. and W. L. Godson, 1981: Atmospheric thermody\nnamics. 2nd ed., Reidel Pub. Co., 259 pp.\nWallace, J. M. and P. V. Hobbs, 2006: Atmospheric science: A\nn introductory survey, Chap. 3, 2nd ed., Academic Press, 483 pp.\nBohren, C. F., and B. A. Albrecht, 1998: Atmospheric thermod\nynamics, Oxford, 402 pp.\nTsonis, A. A., 2007: An introduction to atmospheric thermody\nnamics, Cambridge Press, 187 pp\n\n我只有買第一本，還蠻好看的，有種變大氣業家的感覺\n\nμ 上課方式(投影片、團體討論、老師教學風格)\n上課時間是二34，四34，四是單週上課（別被騙了）\n禮拜四基本上沒放假沒期中就看你要不要去，一次上一堂課\n分別檢討上次的CA（class activity ）、介紹下次的CA；遇到Quiz當週就不用寫CA\n\n教授會在台上口沫橫飛地說著，但板書實在是看\n不懂在寫什麼，推導也常常推到一半不知道在幹\n嘛（但私底下問他或許會有比較多的收穫吧，不\n曉得），遇到不知道在幹嘛的東西的時候就會說「助教！CA！」，CA這東西是用來幫助我\n們了解現象成因等等，但我連現象成因都搞不懂是要寫什麼CA嗚嗚嗚嗚，所以跟同學組大\n熱戰隊很重要，可以省下你很多單打獨鬥的時間：）\n\n後半學期改遠距之後，老師是拿108-2的影片給\n我們看，禮拜四會讓大家問問題，但印象深刻的\n是，有同學問完問題之後，教授就回答說「這個\n我不清楚欸，你可以自己推推看」，蛤？？？？？我也不清楚\nσ 評分方式(給分甜嗎？是紮實分？)\n紮實偏甜\n小考10%（五次）\n作業40%（八次）\n期中20%\n期末30%\n\n小考會用酷一點的方式進行，例如ABC填充、連連看、大於小於等於，各種方式\n\n作業會給data，先畫出要的圖之後開始寫討論\n只要圖畫錯都是B-起跳，寫很多討論或許能拿A+啦，但小弟不才都只能拿A-\n\n期中 平均30/71\n考一堆公式推導還有畫圖，而且一個都只佔1、2\n分，所以只要錯一點，大概一半分數就會扣光\n\n期末 平均？/75（遠距）\n前20分是公式推導、解釋，後55分是畫圖（斜溫圖、cape cin等等），但要記得解釋圖在\n幹嘛，我沒有解釋所以被扣爆\n\n我自己作業平均是A-，期中有平均以上，期末有點考爆，學期成績A-\n但有同學作業平均B，期中平均以下，期末不清楚，但學期成績也是A-\n教授應該有稍微調一下啦\nρ 考題型式、作業方式\n考題都是筆記的東西，所以你要搞清楚（自己去\n猜）教授在上什麼，而且有時候小考題目也會寫的很模糊\n作業的話八次有幾次會寫的很痛苦，雖然期限一\n個禮拜，而且還要看助教中途有沒有更改公式或者是data\nω 其它(是否注重出席率？如果為外系選修，需先有什麼基礎較好嗎？老師個性？\n加簽習慣？嚴禁遲到等…)\n不太需要什麼基礎，教授人很好，助教人也不錯\nΨ 總結\n大氣熱力學對我來說是個很有興趣的科目，所以\n也願意花時間在上面，不過有時候覺得我應該在\n課堂上就學會的東西好像太少了，回去要花更多\n的時間去理解教授在上什麼，而不是已經開始吸收今天上的東西：）學弟妹加油\n\n--\n\n原文網址: https://www.ptt.cc/bbs/NTUcourse/M.1625564448.A.F21.html""}]"
大氣動力學一,吳俊傑,大氣科學系,3,114-2,41331,AtmSci3001,,,,,"[""無評價""]",[]
大氣輻射學,林依依,大氣科學系,2,114-2,28589,AtmSci2017,,,,,"[""無評價""]",[]
天氣學二,游政谷,大氣科學系,2,114-2,41299,AtmSci3004,,,,,"[""無評價""]",[]
天氣學實習二,游政谷,大氣科學系,1,114-2,21525,AtmSci3010,,,,,"[""無評價""]",[]
數值天氣預報,楊明仁,大氣科學系,3,114-2,38181,AtmSci5092,,,,,"[""無評價""]",[]
生地化循環與氣候,洪惠敏,大氣科學系,3,114-2,17704,AtmSci5058,,,,,"[""無評價""]",[]
物理海洋概論,陳世楠,大氣科學系,2,114-2,33406,AtmSci3006,,,,,"[""無評價""]",[]
氣候變遷科學,陳維婷,大氣科學系、大氣科學研究所、氣候變遷與永續發展國際學位學程,2,114-2,51319,AtmSci7072,,,,,"[""無評價""]",[]
雙偏極雷達專題,周仲島,大氣科學系、大氣科學研究所,2,114-2,59123,AtmSci7095,,,,,"[""無評價""]",[]
微分幾何二,王金龍,數學研究所,3,114-2,58985,MATH7302,,,,,"[""無評價""]",[]
高等專題研究,郭光宇,物理學研究所,1,114-2,23496,Phys8001,,,,,"[""無評價""]",[]
高等專題研究,梁啟德,物理學研究所,1,114-2,20094,Phys8001,,,,,"[""無評價""]",[]
高等專題研究,林敏聰,物理學研究所,1,114-2,46359,Phys8001,,,,,"[""無評價""]",[]
高等專題研究,管希聖,物理學研究所,1,114-2,24292,Phys8001,,,,,"[""無評價""]",[]
Undefined,,,,,,,,,,,"[""無評價""]",[]
高等專題研究,陳凱風,物理學研究所,1,114-2,11822,Phys8001,,,,,"[""無評價""]",[]
高等專題研究,黃斯衍,物理學研究所,1,114-2,22017,Phys8001,,,,,"[""無評價""]",[]
高等專題研究,謝馬利歐,物理學研究所,1,114-2,27810,Phys8001,,,,,"[""無評價""]",[]
CUDA平行計算導論,趙挺偉,物理學研究所,2,114-2,41151,Phys8061,,,,,"[""[PTT | 109-2]: 轉載自 PTT 作者 ID: chiuphys (符合冷次定律的線圈)\n哪一學年度修課：\n109-2\nψ 授課教師 (若為多人合授請寫開課教師，以方便收錄)\n趙挺偉\nλ 開課系所與授課對象 (是否為必修或通識課 / 內容是否與某些背景相關)\n物理系選修\nδ 課程大概內容\n108-2的評價文有，就不重貼\nΩ 私心推薦指數(以五分計) ★★★★★\n想鍛鍊自己的C能力 ★★★★\n想學酷酷的數值/平行方法★★★★★\nη 上課用書(影印講義或是指定教科書)\n投影片、沒有教科書\nμ 上課方式(投影片、團體討論、老師教學風格)\n投影片講解，會跑示範code給大家看\n我覺得投影片寫得蠻清楚，後來我上課都在發呆(x看投影片寫作業\n前半學期是基本的cuda介紹，後半學期就開始起飛教一些酷酷的東西(MC、FFT)\n老師是全英文上課，但大致都聽得懂應該不太會是障礙\nσ 評分方式(給分甜嗎？是紮實分？)\n分數還沒出來，但看去年評價感覺蠻甜\n作業通常改一下sample code就會出來，報告該回答的問題都有回答\n我的作業分數通常都接近滿\n作業 60%\nfinal project 30%\n上課出席 10%\nρ 考題型式、作業方式\n如前述，作業通常改sample code就可以，不過有些要改比較多比較複雜\nFinal project我自己是因為疫情在家多了很多時間，就做了一個感覺超出兩學分課程要求的東西\n但感覺只要簡單有用到平行的技巧就可以過關，蠻多人都拿別堂課的報告來平行而已\n有提供工作站給大家跑\nω 其它(是否注重出席率？如果為外系選修，需先有什麼基礎較好嗎？老師個性？\n加簽習慣？嚴禁遲到等…)\n感覺不會簽不到\n沒有C的基礎應該會修得很辛苦\n是不是物理系應該沒有差(畢竟這堂課是學工具)\n\nΨ 總結\n酷酷的課，但很少人修\n我自己是很有興趣所以在final project的時候實作學到比較多\n總體來說應該算是甜、涼度適中的課\n(推薦可以跟薛熙于的計算天文物理一起修)\n(再次業配(x))\n\n--\n\n原文網址: https://www.ptt.cc/bbs/NTUcourse/M.1625283805.A.F4C.html""]","[{""User_ID"": ""PTT"", ""Semester"": ""109-2"", ""Rating_Quality"": null, ""Rating_Sweet"": null, ""Rating_Easy"": null, ""Rating_Rich"": null, ""Comment"": ""轉載自 PTT 作者 ID: chiuphys (符合冷次定律的線圈)\n哪一學年度修課：\n109-2\nψ 授課教師 (若為多人合授請寫開課教師，以方便收錄)\n趙挺偉\nλ 開課系所與授課對象 (是否為必修或通識課 / 內容是否與某些背景相關)\n物理系選修\nδ 課程大概內容\n108-2的評價文有，就不重貼\nΩ 私心推薦指數(以五分計) ★★★★★\n想鍛鍊自己的C能力 ★★★★\n想學酷酷的數值/平行方法★★★★★\nη 上課用書(影印講義或是指定教科書)\n投影片、沒有教科書\nμ 上課方式(投影片、團體討論、老師教學風格)\n投影片講解，會跑示範code給大家看\n我覺得投影片寫得蠻清楚，後來我上課都在發呆(x看投影片寫作業\n前半學期是基本的cuda介紹，後半學期就開始起飛教一些酷酷的東西(MC、FFT)\n老師是全英文上課，但大致都聽得懂應該不太會是障礙\nσ 評分方式(給分甜嗎？是紮實分？)\n分數還沒出來，但看去年評價感覺蠻甜\n作業通常改一下sample code就會出來，報告該回答的問題都有回答\n我的作業分數通常都接近滿\n作業 60%\nfinal project 30%\n上課出席 10%\nρ 考題型式、作業方式\n如前述，作業通常改sample code就可以，不過有些要改比較多比較複雜\nFinal project我自己是因為疫情在家多了很多時間，就做了一個感覺超出兩學分課程要求的東西\n但感覺只要簡單有用到平行的技巧就可以過關，蠻多人都拿別堂課的報告來平行而已\n有提供工作站給大家跑\nω 其它(是否注重出席率？如果為外系選修，需先有什麼基礎較好嗎？老師個性？\n加簽習慣？嚴禁遲到等…)\n感覺不會簽不到\n沒有C的基礎應該會修得很辛苦\n是不是物理系應該沒有差(畢竟這堂課是學工具)\n\nΨ 總結\n酷酷的課，但很少人修\n我自己是很有興趣所以在final project的時候實作學到比較多\n總體來說應該算是甜、涼度適中的課\n(推薦可以跟薛熙于的計算天文物理一起修)\n(再次業配(x))\n\n--\n\n原文網址: https://www.ptt.cc/bbs/NTUcourse/M.1625283805.A.F4C.html""}]"
專題研究,邱雅萍,物理學研究所、奈米工程與科學碩士學位學程、奈米工程與科學博士學位學程、奈米工程與科學博士學位學程、奈米工程與科學博士學位學程、奈米工程與科學博士學位學程、奈米工程與科學博士學位學程、奈米工程與科學博士學位學程、奈米工程與科學博士學位學程、奈米工程與科學博士學位學程,1,114-2,13288,Phys7001,,,,,"[""無評價""]",[]
專題研究,郭光宇,物理學研究所,1,114-2,58573,Phys7001,,,,,"[""無評價""]",[]
專題研究,陳永芳,物理學研究所,1,114-2,38173,Phys7001,,,,,"[""無評價""]",[]
專題研究,陳政維,物理學研究所、電機工程學研究所、電機工程學研究所、電機工程學研究所、電機工程學研究所、電機工程學研究所、電機工程學研究所、電機工程學研究所、電機工程學研究所,1,114-2,28224,EE4049,,,,,"[""無評價""]",[]
專題研究,張寶棣,物理學研究所,1,114-2,14528,Phys7001,,,,,"[""無評價""]",[]
專題研究,梁啟德,物理學研究所,1,114-2,36477,Phys7001,,,,,"[""無評價""]",[]
專題研究,林敏聰,物理學研究所,1,114-2,50802,Phys7001,,,,,"[""無評價""]",[]
專題研究,管希聖,物理學研究所,1,114-2,16354,Phys7001,,,,,"[""無評價""]",[]
專題研究,朱士維,物理學研究所,1,114-2,42926,Phys7001,,,,,"[""無評價""]",[]
專題研究,蔡政達,物理學研究所,1,114-2,20073,Phys7001,,,,,"[""無評價""]",[]
專題研究,謝馬利歐,物理學研究所,1,114-2,38652,Phys7001,,,,,"[""無評價""]",[]
計算天文物理,薛熙于,物理學研究所、天文物理研究所,3,114-2,30888,AsPhys8030,,,,,"[""[PTT | 108-2]: 轉載自 PTT 作者 ID: chiuphys (符合冷次定律的線圈)\n哪一學年度修課：\n108-2\nψ 授課教師 (若為多人合授請寫開課教師，以方便收錄)\n薛熙于\nλ 開課系所與授課對象 (是否為必修或通識課 / 內容是否與某些背景相關)\n物理所/天文物理所選修\nδ 課程大概內容\nIntroduction\nInitial Value Problems\nComputational Hydrodynamics\nBoundary value Problems\nDiscrete Fourier Analysis\nN-body simulations\nHPC:openmp parallelization\nHPC:MPI parallelization\nHPC:GPU programming\nInvited talk\nFinal Presentation\n\n大致上前半學期講跟天文模擬相關的演算法(流體模擬、Nbody等)、後半學期\n講平行方法，現在常用的三個方法都循序漸進的講到。老師的ceiba課程大綱\n應該沒有鎖，上ntu online應該可以查到。\n\nΩ 私心推薦指數(以五分計) ★★★★★\n以後想做天文/宇宙學模擬 ★★★★★\n甜度 ★★★★ 扎實甜\n涼度 ★★\n\nη 上課用書(影印講義或是指定教科書)\n\n沒有指定教科書，但大部分的內容感覺來自Numerical Receipe，老師在上課\n用的投影片後面都會附上資料來源。\n\nμ 上課方式(投影片、團體討論、老師教學風格)\n\n這學期因為疫情主要是用遠端google meet上課(推推，真不知道其他用zoom的\n老師在想甚麼)，還會錄影非常方便寫作業的時候回去複習。大致是按照投影片\n講，而投影片也製作的非常精美。\n老師自己就是在做天文模擬的研究，所以講的東西絕對非常非常實用，同實驗室\n的學長修課之後表示功力大增，可惜的是我還是小廢物。老師非常樂於解答同學\n的問題，我自己也常常下課之後繼續問。這學期老師有在slack上開一個群組，\n有點類似line那樣，同學也常常在上面討論各種程式問題或作業debug。\n\n總之，是個上課氛圍跟同儕討論的氣氛都非常棒的一門課。上完直接被老師圈粉\nXD\n\nσ 評分方式(給分甜嗎？是紮實分？)\n\n自己覺得扎實甜，70%作業30%期末報告。作業我八次拿四次A+四次A，期末報告\n分數未知(但我自己覺得貢獻偏少，主要負責的GPU平行也沒寫得很好)。最後拿\nA。如果行有餘力感覺跟趙挺偉的CUDA平行計算導論一起修應該是不錯的排課。\n\nρ 考題型式、作業方式\n\n作業是上課內容的延伸，我自己感覺一開始的loading比較重，後來可能希望我\n們做project所以每次作業都變很少。最後的project有些是上課內容但沒有出成\n作業的延伸，也可以自訂題目，通常是2-3人一組，也可以自己一組。\n\nω 其它(是否注重出席率？如果為外系選修，需先有什麼基礎較好嗎？老師個性？\n加簽習慣？嚴禁遲到等…)\n\n物理系沒在管出席率，讚啦。不過修了這門課我想大概也不會想翹課。\n由於前半學期用python，後半學期用C/C++，建議有這兩個程式基礎再來修。\n不過這學期第一堂課有人問python裡面的'np.'是甚麼，他貌似也沒被當?所以如\n果有完全沒有程式基礎的勇者想來挑戰或許也可以，但我自己覺得不建議XD\n加簽應該是不會簽不到。\n\nΨ 總結\n薛老師超神，想做天文模擬的入門五顆星好課。\n大概也是我上台大以後目前為止修過最喜歡最開心的一堂課。\n\n--\n\n原文網址: https://www.ptt.cc/bbs/NTUcourse/M.1599371283.A.6AD.html""]","[{""User_ID"": ""PTT"", ""Semester"": ""108-2"", ""Rating_Quality"": null, ""Rating_Sweet"": null, ""Rating_Easy"": null, ""Rating_Rich"": null, ""Comment"": ""轉載自 PTT 作者 ID: chiuphys (符合冷次定律的線圈)\n哪一學年度修課：\n108-2\nψ 授課教師 (若為多人合授請寫開課教師，以方便收錄)\n薛熙于\nλ 開課系所與授課對象 (是否為必修或通識課 / 內容是否與某些背景相關)\n物理所/天文物理所選修\nδ 課程大概內容\nIntroduction\nInitial Value Problems\nComputational Hydrodynamics\nBoundary value Problems\nDiscrete Fourier Analysis\nN-body simulations\nHPC:openmp parallelization\nHPC:MPI parallelization\nHPC:GPU programming\nInvited talk\nFinal Presentation\n\n大致上前半學期講跟天文模擬相關的演算法(流體模擬、Nbody等)、後半學期\n講平行方法，現在常用的三個方法都循序漸進的講到。老師的ceiba課程大綱\n應該沒有鎖，上ntu online應該可以查到。\n\nΩ 私心推薦指數(以五分計) ★★★★★\n以後想做天文/宇宙學模擬 ★★★★★\n甜度 ★★★★ 扎實甜\n涼度 ★★\n\nη 上課用書(影印講義或是指定教科書)\n\n沒有指定教科書，但大部分的內容感覺來自Numerical Receipe，老師在上課\n用的投影片後面都會附上資料來源。\n\nμ 上課方式(投影片、團體討論、老師教學風格)\n\n這學期因為疫情主要是用遠端google meet上課(推推，真不知道其他用zoom的\n老師在想甚麼)，還會錄影非常方便寫作業的時候回去複習。大致是按照投影片\n講，而投影片也製作的非常精美。\n老師自己就是在做天文模擬的研究，所以講的東西絕對非常非常實用，同實驗室\n的學長修課之後表示功力大增，可惜的是我還是小廢物。老師非常樂於解答同學\n的問題，我自己也常常下課之後繼續問。這學期老師有在slack上開一個群組，\n有點類似line那樣，同學也常常在上面討論各種程式問題或作業debug。\n\n總之，是個上課氛圍跟同儕討論的氣氛都非常棒的一門課。上完直接被老師圈粉\nXD\n\nσ 評分方式(給分甜嗎？是紮實分？)\n\n自己覺得扎實甜，70%作業30%期末報告。作業我八次拿四次A+四次A，期末報告\n分數未知(但我自己覺得貢獻偏少，主要負責的GPU平行也沒寫得很好)。最後拿\nA。如果行有餘力感覺跟趙挺偉的CUDA平行計算導論一起修應該是不錯的排課。\n\nρ 考題型式、作業方式\n\n作業是上課內容的延伸，我自己感覺一開始的loading比較重，後來可能希望我\n們做project所以每次作業都變很少。最後的project有些是上課內容但沒有出成\n作業的延伸，也可以自訂題目，通常是2-3人一組，也可以自己一組。\n\nω 其它(是否注重出席率？如果為外系選修，需先有什麼基礎較好嗎？老師個性？\n加簽習慣？嚴禁遲到等…)\n\n物理系沒在管出席率，讚啦。不過修了這門課我想大概也不會想翹課。\n由於前半學期用python，後半學期用C/C++，建議有這兩個程式基礎再來修。\n不過這學期第一堂課有人問python裡面的'np.'是甚麼，他貌似也沒被當?所以如\n果有完全沒有程式基礎的勇者想來挑戰或許也可以，但我自己覺得不建議XD\n加簽應該是不會簽不到。\n\nΨ 總結\n薛老師超神，想做天文模擬的入門五顆星好課。\n大概也是我上台大以後目前為止修過最喜歡最開心的一堂課。\n\n--\n\n原文網址: https://www.ptt.cc/bbs/NTUcourse/M.1599371283.A.6AD.html""}]"
專題研究,梁文傑,化學所化學組、化學所化學生物學組,1,114-2,48098,Chem8000,,,,,"[""無評價""]",[]
專題研究,金必耀,化學所化學組、化學所化學生物學組,1,114-2,12440,Chem8000,,,,,"[""無評價""]",[]
專題研究,劉如熹,化學所化學組、化學所化學生物學組、奈米工程與科學碩士學位學程、奈米工程與科學博士學位學程、奈米工程與科學博士學位學程、奈米工程與科學博士學位學程、奈米工程與科學博士學位學程、奈米工程與科學博士學位學程、奈米工程與科學博士學位學程、奈米工程與科學博士學位學程、奈米工程與科學博士學位學程,1,114-2,26199,Chem8000,,,,,"[""無評價""]",[]
專題研究,羅禮強,化學所化學組、化學所化學生物學組,1,114-2,29311,Chem8000,,,,,"[""無評價""]",[]
專題研究,陳昭岑,化學所化學組、化學所化學生物學組,1,114-2,42734,Chem8000,,,,,"[""無評價""]",[]
專題研究,汪根欉,化學所化學組、化學所化學生物學組,1,114-2,58635,Chem8000,,,,,"[""無評價""]",[]
專題研究,周必泰,化學所化學組、化學所化學生物學組,1,114-2,19849,Chem8000,,,,,"[""無評價""]",[]
專題研究,邱勝賢,化學所化學組、化學所化學生物學組,1,114-2,35957,Chem8000,,,,,"[""無評價""]",[]
專題研究,陳振中,化學所化學組、化學所化學生物學組,1,114-2,13091,Chem8000,,,,,"[""無評價""]",[]
專題研究,陸駿逸,化學所化學組、化學所化學生物學組,1,114-2,24212,Chem8000,,,,,"[""無評價""]",[]
專題研究,楊吉水,化學所化學組、化學所化學生物學組,1,114-2,37029,Chem8000,,,,,"[""無評價""]",[]
專題研究,陳俊顯,化學所化學組、化學所化學生物學組,1,114-2,13753,Chem8000,,,,,"[""無評價""]",[]
專題研究,李弘文,化學所化學組、化學所化學生物學組,1,114-2,18270,Chem8000,,,,,"[""無評價""]",[]
專題研究,鄭原忠,化學所化學組、化學所化學生物學組,1,114-2,58911,Chem8000,,,,,"[""無評價""]",[]
專題研究,邱靜雯,化學所化學組、化學所化學生物學組,1,114-2,49016,Chem8000,,,,,"[""無評價""]",[]
專題研究,詹益慈,化學所化學組、化學所化學生物學組,1,114-2,53183,Chem8000,,,,,"[""無評價""]",[]
專題研究,王宗興,化學所化學組、化學所化學生物學組,1,114-2,49806,Chem8000,,,,,"[""無評價""]",[]
專題研究,廖尉斯,化學所化學組、化學所化學生物學組,1,114-2,45126,Chem8000,,,,,"[""無評價""]",[]
專題研究,陳浩銘,化學所化學組、化學所化學生物學組、奈米工程與科學碩士學位學程、奈米工程與科學博士學位學程、奈米工程與科學博士學位學程、奈米工程與科學博士學位學程、奈米工程與科學博士學位學程、奈米工程與科學博士學位學程、奈米工程與科學博士學位學程、奈米工程與科學博士學位學程、奈米工程與科學博士學位學程,1,114-2,37339,Chem8000,,,,,"[""無評價""]",[]
專題研究,江建文,化學所化學組、化學所化學生物學組,1,114-2,55001,Chem8000,,,,,"[""無評價""]",[]
專題研究,徐丞志,化學所化學組、化學所化學生物學組,1,114-2,50202,Chem8000,,,,,"[""無評價""]",[]
專題研究,朱忠瀚,化學所化學組、化學所化學生物學組,1,114-2,17218,Chem8000,,,,,"[""無評價""]",[]
專題研究,柳玗珍,化學所化學組、化學所化學生物學組,1,114-2,49798,Chem8000,,,,,"[""無評價""]",[]
專題研究,林志民,化學所化學組、化學所化學生物學組,1,114-2,57602,Chem8000,,,,,"[""無評價""]",[]
專題研究,陳玉如,化學所化學組、化學所化學生物學組,1,114-2,43885,Chem8000,,,,,"[""無評價""]",[]
專題研究,何佳安,化學所化學組、化學所化學生物學組,1,114-2,30429,Chem8000,,,,,"[""無評價""]",[]
專題研究,林俊宏,化學所化學組、化學所化學生物學組、生化科學研究所,1,114-2,20179,Chem8000,,,,,"[""無評價""]",[]
專題研究,翁啟惠,化學研究所、化學所化學組、化學所化學生物學組,1,114-2,95051,Chem8000,,,,,"[""無評價""]",[]
當代化學導讀,梁文傑,化學所化學組、化學所化學生物學組,1,114-2,11796,Chem7002,,,,,"[""無評價""]",[]
當代化學導讀,金必耀,化學所化學組、化學所化學生物學組,1,114-2,50330,Chem7002,,,,,"[""無評價""]",[]
當代化學導讀,劉如熹,化學所化學組、化學所化學生物學組,1,114-2,34758,Chem7002,,,,,"[""無評價""]",[]
當代化學導讀,羅禮強,化學所化學組、化學所化學生物學組,1,114-2,39708,Chem7002,,,,,"[""無評價""]",[]
當代化學導讀,陳昭岑,化學所化學組、化學所化學生物學組,1,114-2,54425,Chem7002,,,,,"[""無評價""]",[]
當代化學導讀,汪根欉,化學所化學組、化學所化學生物學組,1,114-2,42374,Chem7002,,,,,"[""無評價""]",[]
當代化學導讀,周必泰,化學所化學組、化學所化學生物學組,1,114-2,16755,Chem7002,,,,,"[""無評價""]",[]
當代化學導讀,邱勝賢,化學所化學組、化學所化學生物學組,1,114-2,43379,Chem7002,,,,,"[""無評價""]",[]
當代化學導讀,陳振中,化學所化學組、化學所化學生物學組,1,114-2,47456,Chem7002,,,,,"[""無評價""]",[]
當代化學導讀,陸駿逸,化學所化學組、化學所化學生物學組,1,114-2,20747,Chem7002,,,,,"[""無評價""]",[]
當代化學導讀,楊吉水,化學所化學組、化學所化學生物學組,1,114-2,47315,Chem7002,,,,,"[""無評價""]",[]
當代化學導讀,陳俊顯,化學所化學組、化學所化學生物學組,1,114-2,21662,Chem7002,,,,,"[""無評價""]",[]
當代化學導讀,李弘文,化學所化學組、化學所化學生物學組,1,114-2,25034,Chem7002,,,,,"[""無評價""]",[]
當代化學導讀,鄭原忠,化學所化學組、化學所化學生物學組,1,114-2,46157,Chem7002,,,,,"[""無評價""]",[]
當代化學導讀,邱靜雯,化學所化學組、化學所化學生物學組,1,114-2,10837,Chem7002,,,,,"[""無評價""]",[]
當代化學導讀,詹益慈,化學所化學組、化學所化學生物學組,1,114-2,37823,Chem7002,,,,,"[""無評價""]",[]
當代化學導讀,王宗興,化學所化學組、化學所化學生物學組,1,114-2,44418,Chem7002,,,,,"[""無評價""]",[]
當代化學導讀,廖尉斯,化學所化學組、化學所化學生物學組,1,114-2,35782,Chem7002,,,,,"[""無評價""]",[]
當代化學導讀,陳浩銘,化學所化學組、化學所化學生物學組,1,114-2,46647,Chem7002,,,,,"[""無評價""]",[]
當代化學導讀,江建文,化學所化學組、化學所化學生物學組,1,114-2,14577,Chem7002,,,,,"[""無評價""]",[]
當代化學導讀,徐丞志,化學所化學組、化學所化學生物學組,1,114-2,13164,Chem7002,,,,,"[""無評價""]",[]
當代化學導讀,朱忠瀚,化學所化學組、化學所化學生物學組,1,114-2,56400,Chem7002,,,,,"[""無評價""]",[]
當代化學導讀,柳玗珍,化學所化學組、化學所化學生物學組,1,114-2,59604,Chem7002,,,,,"[""無評價""]",[]
碩士班化學教學法與實習二,江建文,化學所化學組,1,114-2,45587,Chem7040,,,,,"[""無評價""]",[]
碩士班化學教學法與實習二,李弘文,化學所化學組、化學所化學生物學組,1,114-2,31597,Chem7040,,,,,"[""無評價""]",[]
高等物理化學二,陳玉如,化學所化學組、分子科學與技術國際研究生博士學位學程、永續化學科技國際研究生博士學位學程,3,114-2,24938,Chem7032,,,,,"[""無評價""]",[]
當代化學研讀,梁文傑,化學所化學組、化學所化學生物學組,1,114-2,13860,Chem8002,,,,,"[""無評價""]",[]
當代化學研讀,金必耀,化學所化學組、化學所化學生物學組,1,114-2,40878,Chem8002,,,,,"[""無評價""]",[]
當代化學研讀,劉如熹,化學所化學組、化學所化學生物學組,1,114-2,13912,Chem8002,,,,,"[""無評價""]",[]
當代化學研讀,羅禮強,化學所化學組、化學所化學生物學組,1,114-2,28183,Chem8002,,,,,"[""無評價""]",[]
當代化學研讀,陳昭岑,化學所化學組、化學所化學生物學組,1,114-2,29412,Chem8002,,,,,"[""無評價""]",[]
當代化學研讀,汪根欉,化學所化學組、化學所化學生物學組,1,114-2,40766,Chem8002,,,,,"[""無評價""]",[]
當代化學研讀,周必泰,化學所化學組、化學所化學生物學組,1,114-2,23871,Chem8002,,,,,"[""無評價""]",[]
當代化學研讀,邱勝賢,化學所化學組、化學所化學生物學組,1,114-2,17689,Chem8002,,,,,"[""無評價""]",[]
當代化學研讀,陳振中,化學所化學組、化學所化學生物學組,1,114-2,43094,Chem8002,,,,,"[""無評價""]",[]
當代化學研讀,陸駿逸,化學所化學組、化學所化學生物學組,1,114-2,33033,Chem8002,,,,,"[""無評價""]",[]
當代化學研讀,楊吉水,化學所化學組、化學所化學生物學組,1,114-2,27933,Chem8002,,,,,"[""無評價""]",[]
當代化學研讀,陳俊顯,化學所化學組、化學所化學生物學組,1,114-2,28634,Chem8002,,,,,"[""無評價""]",[]
當代化學研讀,李弘文,化學所化學組、化學所化學生物學組,1,114-2,42678,Chem8002,,,,,"[""無評價""]",[]
當代化學研讀,鄭原忠,化學所化學組、化學所化學生物學組,1,114-2,47725,Chem8002,,,,,"[""無評價""]",[]
當代化學研讀,邱靜雯,化學所化學組、化學所化學生物學組,1,114-2,50857,Chem8002,,,,,"[""無評價""]",[]
當代化學研讀,詹益慈,化學所化學組、化學所化學生物學組,1,114-2,42113,Chem8002,,,,,"[""無評價""]",[]
當代化學研讀,王宗興,化學所化學組、化學所化學生物學組,1,114-2,27950,Chem8002,,,,,"[""無評價""]",[]
當代化學研讀,廖尉斯,化學所化學組、化學所化學生物學組,1,114-2,14950,Chem8002,,,,,"[""無評價""]",[]
當代化學研讀,陳浩銘,化學所化學組、化學所化學生物學組,1,114-2,29622,Chem8002,,,,,"[""無評價""]",[]
當代化學研讀,江建文,化學所化學組、化學所化學生物學組,1,114-2,40488,Chem8002,,,,,"[""無評價""]",[]
當代化學研讀,徐丞志,化學所化學組、化學所化學生物學組,1,114-2,22558,Chem8002,,,,,"[""無評價""]",[]
當代化學研讀,朱忠瀚,化學所化學組、化學所化學生物學組,1,114-2,55089,Chem8002,,,,,"[""無評價""]",[]
當代化學研讀,柳玗珍,化學所化學組、化學所化學生物學組,1,114-2,58442,Chem8002,,,,,"[""無評價""]",[]
博士班化學教學法與實習二,陳浩銘,化學所化學組、化學所化學生物學組,1,114-2,45626,Chem8054,,,,,"[""無評價""]",[]
高等物理化學專論二,陳玉如,化學所化學組,3,114-2,53908,Chem8032,,,,,"[""無評價""]",[]
專題研究(國際學程),陳玉如,化學所化學組,1,114-2,28963,Chem8048,,,,,"[""無評價""]",[]
永續化學科技導論二 (國際學程),陳玉如,化學所化學組、分子科學與技術國際研究生博士學位學程,3,114-2,45796,Chem5098,,,,,"[""無評價""]",[]
碩士班化學教學法與實習二,王宗興,化學所化學組、化學所化學生物學組,1,114-2,22344,Chem7040,,,,,"[""無評價""]",[]
高等化學生物學二,林俊宏,化學所化學生物學組,3,114-2,28122,Chem7036,,,,,"[""無評價""]",[]
高等化學生物學專論二,林俊宏,化學所化學生物學組、永續化學科技國際研究生博士學位學程,3,114-2,22922,Chem8036,,,,,"[""無評價""]",[]
書報討論(國際學程),朱忠瀚,化學所化學生物學組,1,114-2,48999,Chem8052,,,,,"[""無評價""]",[]
組織行為研究法,熊欣華,心理學研究所,3,114-2,19687,Psy7058,,,,,"[""無評價""]",[]
高等組織心理學,鄭伯壎,心理學研究所,3,114-2,50993,Psy7059,,,,,"[""無評價""]",[]
高等人格社會心理學,李怡青,心理學研究所,3,114-2,56657,Psy7234,,,,,"[""無評價""]",[]
精神科臨床心理學實習二,陳淑惠,心理學研究所,3,114-2,58977,Psy7269,,,,,"[""無評價""]",[]
臨床健康心理實習二,林耀盛,心理學研究所,3,114-2,52895,Psy7273,,,,,"[""無評價""]",[]
臨床健康心理衡鑑,林耀盛,心理學研究所,3,114-2,42629,Psy7276,,,,,"[""無評價""]",[]
心理學專題研究督導二,黃從仁,心理學研究所,1,114-2,15984,Psy7242,,,,,"[""無評價""]",[]
專題討論,游政谷,大氣科學研究所,2,114-2,54612,AtmSci7053,,,,,"[""無評價""]",[]
專題討論,陳維婷,大氣科學研究所,2,114-2,27942,AtmSci7053,,,,,"[""無評價""]",[]
專題討論,吳健銘,大氣科學研究所,2,114-2,35682,AtmSci7053,,,,,"[""無評價""]",[]
專題討論,陳正平,大氣科學研究所,0,114-2,36877,AtmSci8001,,,,,"[""無評價""]",[]
專題討論,羅敏輝,大氣科學研究所,1,114-2,25811,AtmSci8002,,,,,"[""無評價""]",[]
海洋地質概論,張日新,海洋研究所、海洋地質及地球物理,1,114-2,30686,Ocean5001,,,,,"[""無評價""]",[]
物理海洋概論,楊穎堅,海洋研究所、海洋物理組,1,114-2,41585,Ocean5037,,,,,"[""無評價""]",[]
"海洋科學概論
A7",楊穎堅,海洋物理組,2,114-2,33382,Ocean5008,2.8,4.0,3.5,3.0,"[""[User95586 | 113-1]: 第1週 2024/09/06 課程介紹與海水的物理性質、海洋觀測 楊穎堅\n第2週 2024/09/13 海流 楊穎堅\n第3週 2024/09/20 波浪與潮汐 楊穎堅\n第4週 2024/09/27 海洋生物與環境 魏志潾\n第5週 2024/10/04 海洋生物多樣性 魏志潾\n第6週 2024/10/11 海洋生態系 魏志潾\n第7週 2024/10/18 海水的成份與物質來源 謝玉德\n第8週 2024/10/25 期中考試\n第9週 2024/11/01 元素分布與生地化反應循環 謝玉德\n第10週 2024/11/08 海洋酸化與污染 謝玉德\n第11週 2024/11/15 校慶\n第12週 2024/11/22 全校運動會\n第13週 2024/11/29 海洋地質地物探勘 張翠玉\n第14週 2024/12/06 海底形貌與板塊構造運動 張翠玉\n第15週 2024/12/13 海洋沈積物與海洋鑽探 張翠玉\n第16週 2024/12/20 期末考試\n上課講ptt，就醬，有些老師課程需要會帶一些樣本或工具可以在下課時到前面看看\n老師的簡報\n1. 千字以上的海洋相關影片心得與科學探討(有附參考影片)\n2. 期中期末方式都一樣，約20題選擇，4題問答(各考一半)，會有AB版考卷，上下午班都一樣\n3. 每週有加分作業(每週1分，最多10分)，有些是問答，有些是100字影片心得，看老師\n期中期末各佔30%\n書面報告(影片心得)20%\n點名出席20%\n加分作業額外10%\n先說沒到很推\n如果對海洋有興趣的可以修沒什麼問題，教學內容算豐富也有一定深入性\n不過有些老師上課會讓人撐不下去，再來海研大講堂雖然大，但通識課人多起來很擠很悶，椅子很硬很不舒服，長太高膝蓋會一直撞到抽屜，再加上網路很差非常差，要看教材或補充影片需要先在其他地方下載好很麻煩，整體上課體驗不好，都在昏昏的狀態下度過\n另外也沒有到很涼，對我興趣普通的人修起來有點吃力，不過要拿A不難，如果加分題都有做的話"", ""[User01004 | 111-2]: 第1週 02/24 課程介紹與海水的物理性質、海洋觀測（楊穎堅）\n第2週 03/03 海流（楊穎堅）\n第3週 03/10 波浪與潮汐（楊穎堅）\n第4週 03/17 赤道地區洋流系統與聖嬰事件（楊穎堅）\n第5週 03/24 海洋地質地物探勘（王珮玲）\n第6週 03/31 海底形貌與板塊構造運動（王珮玲）\n第7週 04/07 海洋沈積物與海洋鑽探（王珮玲）\n第8週 04/14 期中考試\n第9週 04/21 海水的成份與物質來源（謝玉德）\n第10週 04/28 生命教育大學堂： 生命教育中心（廖鴻基）\n第11週 05/05 元素分布與生地化反應循環（謝玉德）\n第12週 05/12 海洋酸化與污染（謝玉德）\n第13週 05/19 海洋生物與環境（魏志潾）\n第14週 05/26 海洋生物多樣性（魏志潾）\n第15週 06/02 海洋生態系（魏志潾）\n第16週 06/09 期末考試\nppt講述\n教師自製ppt\n平常沒作業，期末要交影片觀賞心得，期中、期末都是20題選擇＋4題問答，然後有分AB卷\n出席成績 20%\n影片觀賞期末心得報告 20%\n考試 60%\n加分問答 10%\n總計 110%\n熱門通識課，內容大多是在介紹海洋，感覺有點像高中地理＆地科課的加深版，每位老師的投影片都做得蠻豐富，也都很用心地講解，認真聽其實可以學到不少知識，但沒興趣的可能會聽到很想睡覺（比如我XD）\n每堂課後都有加分題，內容不會太難，記得一定要寫（拿分的好機會！）\n期中期末跟考古重疊不少，有刷考古題就有一定分數，但想拿高分可能還是要多看幾遍ppt（會考一些細節）\n平常都沒作業，只有期末需要寫影片觀賞心得，心得平均給分落在B+到A-附近，沒有到很寬鬆，要拿高分可能要有一定篇幅！然後每次上課都要簽到，然後第二節助教會隨機抽點，所以最好不要翹課"", ""[PTT | 107-2]: 轉載自 PTT 作者 ID: JeanJacinto (AcctLoser)\n哪一學年度修課：107-2\nψ 授課教師 (若為多人合授請寫開課教師，以方便收錄)\n楊穎堅、王珮玲、溫良碩（換化學老師之後還沒有評價文，所以發個）、魏志潾\nλ 開課系所與授課對象 (是否為必修或通識課 / 內容是否與某些背景相關)\nδ 課程大概內容\n一樣，不再贅述。\n四個老師四個領域，第二個老師影片很多。\nΩ 私心推薦指數(以五分計) ★★★★★\n五顆\nη 上課用書(影印講義或是指定教科書)\n無\nμ 上課方式(投影片、團體討論、老師教學風格)\n一樣@@\n特別講一下新的化學老師，上課會稍微洩題但只會點到觀念，不像上個化學教授那麼瘋狂\n，建議大家還是上課稍微分一隻耳朵聽，不然就是認識一些好同學也蠻有用的，再不然考\n前上板問那些會考也是可。\nσ 評分方式(給分甜嗎？是紮實分？)\n一樣，涼甜不小氣，出席20%（含抽點）、期中期末各30%、影片報告20%，CEIBA討論區加\n分10%。\nρ 考題型式、作業方式\n這次期中期末個人都覺得很簡單、不刁難，上課可以不聽考前讀完投影片就90以上了，心\n得報告我是花滿長時間寫了快3000字，A+，加分的參考一下其他人回覆、自己查一些資料\n就好了。\nω 其它(是否注重出席率？如果為外系選修，需先有什麼基礎較好嗎？老師個性？\n加簽習慣？嚴禁遲到等…)\n要分發的加簽，不用領加簽單，祝大家好運。\nΨ 總結\n快樂通識地位沒有因換教授改變，大家放心選。\n\n--\n\n原文網址: https://www.ptt.cc/bbs/NTUcourse/M.1562171475.A.79D.html""]","[{""User_ID"": ""User95586"", ""Semester"": ""113-1"", ""Rating_Quality"": null, ""Rating_Sweet"": null, ""Rating_Easy"": null, ""Rating_Rich"": null, ""Comment"": ""第1週 2024/09/06 課程介紹與海水的物理性質、海洋觀測 楊穎堅\n第2週 2024/09/13 海流 楊穎堅\n第3週 2024/09/20 波浪與潮汐 楊穎堅\n第4週 2024/09/27 海洋生物與環境 魏志潾\n第5週 2024/10/04 海洋生物多樣性 魏志潾\n第6週 2024/10/11 海洋生態系 魏志潾\n第7週 2024/10/18 海水的成份與物質來源 謝玉德\n第8週 2024/10/25 期中考試\n第9週 2024/11/01 元素分布與生地化反應循環 謝玉德\n第10週 2024/11/08 海洋酸化與污染 謝玉德\n第11週 2024/11/15 校慶\n第12週 2024/11/22 全校運動會\n第13週 2024/11/29 海洋地質地物探勘 張翠玉\n第14週 2024/12/06 海底形貌與板塊構造運動 張翠玉\n第15週 2024/12/13 海洋沈積物與海洋鑽探 張翠玉\n第16週 2024/12/20 期末考試\n上課講ptt，就醬，有些老師課程需要會帶一些樣本或工具可以在下課時到前面看看\n老師的簡報\n1. 千字以上的海洋相關影片心得與科學探討(有附參考影片)\n2. 期中期末方式都一樣，約20題選擇，4題問答(各考一半)，會有AB版考卷，上下午班都一樣\n3. 每週有加分作業(每週1分，最多10分)，有些是問答，有些是100字影片心得，看老師\n期中期末各佔30%\n書面報告(影片心得)20%\n點名出席20%\n加分作業額外10%\n先說沒到很推\n如果對海洋有興趣的可以修沒什麼問題，教學內容算豐富也有一定深入性\n不過有些老師上課會讓人撐不下去，再來海研大講堂雖然大，但通識課人多起來很擠很悶，椅子很硬很不舒服，長太高膝蓋會一直撞到抽屜，再加上網路很差非常差，要看教材或補充影片需要先在其他地方下載好很麻煩，整體上課體驗不好，都在昏昏的狀態下度過\n另外也沒有到很涼，對我興趣普通的人修起來有點吃力，不過要拿A不難，如果加分題都有做的話""}, {""User_ID"": ""User01004"", ""Semester"": ""111-2"", ""Rating_Quality"": null, ""Rating_Sweet"": null, ""Rating_Easy"": null, ""Rating_Rich"": null, ""Comment"": ""第1週 02/24 課程介紹與海水的物理性質、海洋觀測（楊穎堅）\n第2週 03/03 海流（楊穎堅）\n第3週 03/10 波浪與潮汐（楊穎堅）\n第4週 03/17 赤道地區洋流系統與聖嬰事件（楊穎堅）\n第5週 03/24 海洋地質地物探勘（王珮玲）\n第6週 03/31 海底形貌與板塊構造運動（王珮玲）\n第7週 04/07 海洋沈積物與海洋鑽探（王珮玲）\n第8週 04/14 期中考試\n第9週 04/21 海水的成份與物質來源（謝玉德）\n第10週 04/28 生命教育大學堂： 生命教育中心（廖鴻基）\n第11週 05/05 元素分布與生地化反應循環（謝玉德）\n第12週 05/12 海洋酸化與污染（謝玉德）\n第13週 05/19 海洋生物與環境（魏志潾）\n第14週 05/26 海洋生物多樣性（魏志潾）\n第15週 06/02 海洋生態系（魏志潾）\n第16週 06/09 期末考試\nppt講述\n教師自製ppt\n平常沒作業，期末要交影片觀賞心得，期中、期末都是20題選擇＋4題問答，然後有分AB卷\n出席成績 20%\n影片觀賞期末心得報告 20%\n考試 60%\n加分問答 10%\n總計 110%\n熱門通識課，內容大多是在介紹海洋，感覺有點像高中地理＆地科課的加深版，每位老師的投影片都做得蠻豐富，也都很用心地講解，認真聽其實可以學到不少知識，但沒興趣的可能會聽到很想睡覺（比如我XD）\n每堂課後都有加分題，內容不會太難，記得一定要寫（拿分的好機會！）\n期中期末跟考古重疊不少，有刷考古題就有一定分數，但想拿高分可能還是要多看幾遍ppt（會考一些細節）\n平常都沒作業，只有期末需要寫影片觀賞心得，心得平均給分落在B+到A-附近，沒有到很寬鬆，要拿高分可能要有一定篇幅！然後每次上課都要簽到，然後第二節助教會隨機抽點，所以最好不要翹課""}, {""User_ID"": ""PTT"", ""Semester"": ""107-2"", ""Rating_Quality"": null, ""Rating_Sweet"": null, ""Rating_Easy"": null, ""Rating_Rich"": null, ""Comment"": ""轉載自 PTT 作者 ID: JeanJacinto (AcctLoser)\n哪一學年度修課：107-2\nψ 授課教師 (若為多人合授請寫開課教師，以方便收錄)\n楊穎堅、王珮玲、溫良碩（換化學老師之後還沒有評價文，所以發個）、魏志潾\nλ 開課系所與授課對象 (是否為必修或通識課 / 內容是否與某些背景相關)\nδ 課程大概內容\n一樣，不再贅述。\n四個老師四個領域，第二個老師影片很多。\nΩ 私心推薦指數(以五分計) ★★★★★\n五顆\nη 上課用書(影印講義或是指定教科書)\n無\nμ 上課方式(投影片、團體討論、老師教學風格)\n一樣@@\n特別講一下新的化學老師，上課會稍微洩題但只會點到觀念，不像上個化學教授那麼瘋狂\n，建議大家還是上課稍微分一隻耳朵聽，不然就是認識一些好同學也蠻有用的，再不然考\n前上板問那些會考也是可。\nσ 評分方式(給分甜嗎？是紮實分？)\n一樣，涼甜不小氣，出席20%（含抽點）、期中期末各30%、影片報告20%，CEIBA討論區加\n分10%。\nρ 考題型式、作業方式\n這次期中期末個人都覺得很簡單、不刁難，上課可以不聽考前讀完投影片就90以上了，心\n得報告我是花滿長時間寫了快3000字，A+，加分的參考一下其他人回覆、自己查一些資料\n就好了。\nω 其它(是否注重出席率？如果為外系選修，需先有什麼基礎較好嗎？老師個性？\n加簽習慣？嚴禁遲到等…)\n要分發的加簽，不用領加簽單，祝大家好運。\nΨ 總結\n快樂通識地位沒有因換教授改變，大家放心選。\n\n--\n\n原文網址: https://www.ptt.cc/bbs/NTUcourse/M.1562171475.A.79D.html""}]"
物理海洋學,陳世楠,海洋物理組,2,114-2,22247,Ocean5039,,,,,"[""無評價""]",[]
海氣交互作用與海洋氣候,曾于恒,海洋物理組,3,114-2,42369,Ocean5100,,,,,"[""無評價""]",[]
海洋小尺度運動,楊穎堅,海洋物理組,2,114-2,35797,Ocean5103,,,,,"[""無評價""]",[]
魚類生理生態專題研究一,蕭仁傑,海洋生物及漁業組、漁業科學研究所,1,114-2,10330,Ocean7141,,,,,"[""無評價""]",[]
海洋生態學,魏志潾,海洋生物及漁業組,3,114-2,49114,Ocean5002,3.0,5.0,5.0,3.0,"[""[User32784 | 113-2]: Interesting\nCool\nCool\nCool\nCool\nInteresting""]","[{""User_ID"": ""User32784"", ""Semester"": ""113-2"", ""Rating_Quality"": null, ""Rating_Sweet"": null, ""Rating_Easy"": null, ""Rating_Rich"": null, ""Comment"": ""Interesting\nCool\nCool\nCool\nCool\nInteresting""}]"
統計生態學與程式語言應用,謝志豪,海洋生物及漁業組、氣候變遷與永續發展國際學位學程、生命科學院、生態學與演化生物學研究所、漁業科學研究所、生物多樣性國際碩士學位學程,3,114-2,55797,Ocean5052,,,,,"[""無評價""]",[]
動物的發育機制與演化歷史,游智凱,海洋生物及漁業組、生物科技研究所、生命科學系、漁業科學研究所,2,114-2,41406,Ocean5091,,,,,"[""無評價""]",[]
地質海上實習,許鶴瀚,海洋地質及地球物理,1,114-2,27478,Ocean7091,,,,,"[""無評價""]",[]
環境放射化學二,蘇志杰,海洋地質及地球物理,2,114-2,25865,Ocean7123,,,,,"[""無評價""]",[]
海洋沈積學,蘇志杰,海洋地質及地球物理,2,114-2,23200,Ocean7124,,,,,"[""無評價""]",[]
穩定同位素地球化學,王珮玲,海洋地質及地球物理,3,114-2,41314,Ocean7128,,,,,"[""無評價""]",[]
震測資料處理與分析實務,許鶴瀚,海洋地質及地球物理,2,114-2,58523,Ocean7188,,,,,"[""無評價""]",[]
全球地震學特論,柯彥廷,海洋地質及地球物理,3,114-2,52018,Ocean7215,,,,,"[""無評價""]",[]
震測資料處理與分析,許鶴瀚,海洋地質及地球物理,2,114-2,20006,Ocean5116,,,,,"[""無評價""]",[]
化學海上實習,林卉婷,海洋化學組,1,114-2,25904,Ocean7095,,,,,"[""無評價""]",[]
河口微量元素化學,溫良碩,海洋化學組,2,114-2,25114,Ocean7109,,,,,"[""無評價""]",[]
海洋污染,曾鈞懋,海洋化學組,2,114-2,59822,Ocean5049,,,,,"[""無評價""]",[]
高等專題研究,陳丕燊,天文物理研究所,1,114-2,58267,AsPhys8001,,,,,"[""無評價""]",[]
氣候變遷與人居環境議題實作,謝宜桓,氣候變遷與永續發展國際學位學程,3,114-2,29214,IPCS5013,,,,,"[""無評價""]",[]
"理解氣候變遷
A6,7",任昊佳,氣候變遷與永續發展國際學位學程,2,114-2,55036,IPCS1003,,,,,"[""無評價""]",[]
獨立研究,陳正平,氣候變遷與永續發展國際學位學程,2,114-2,22328,IPCS8007,,,,,"[""無評價""]",[]
獨立研究,林博雄,氣候變遷與永續發展國際學位學程,2,114-2,26850,IPCS8007,,,,,"[""無評價""]",[]
獨立研究,羅敏輝,氣候變遷與永續發展國際學位學程,2,114-2,58132,IPCS8007,,,,,"[""無評價""]",[]
獨立研究,任昊佳,氣候變遷與永續發展國際學位學程,2,114-2,42020,IPCS8007,,,,,"[""無評價""]",[]
獨立研究,莊振義,氣候變遷與永續發展國際學位學程,2,114-2,11723,IPCS8007,,,,,"[""無評價""]",[]
獨立研究,簡旭伸,氣候變遷與永續發展國際學位學程,2,114-2,31301,IPCS8007,,,,,"[""無評價""]",[]
獨立研究,賴進松,氣候變遷與永續發展國際學位學程,2,114-2,46843,IPCS8007,,,,,"[""無評價""]",[]
獨立研究,魏志潾,氣候變遷與永續發展國際學位學程,2,114-2,36841,IPCS8007,,,,,"[""無評價""]",[]
德文一下,拉貝明契,外國語文學系、政治學系,3,114-2,37131,FL2016,,,,,"[""無評價""]",[]
西班牙文一下,鄭燕玲,政治學系,3,114-2,23009,FL2018,,,,,"[""無評價""]",[]
政治社會學,吳玉山,政治學系,2,114-2,31286,PS3108,5.0,4.5,5.0,4.8,"[""[User76909 | 114-2]: Very interesting and descriptive of what we expect from the course.\nVery interactive.\npaper book, which is very nice and no-laptop policy.\nTwo exams.\nThe grading was fair.\nIt was one of the best classes I took, with the best teacher, I have nothing reakky to add. Highly recommend this course!""]","[{""User_ID"": ""User76909"", ""Semester"": ""114-2"", ""Rating_Quality"": null, ""Rating_Sweet"": null, ""Rating_Easy"": null, ""Rating_Rich"": null, ""Comment"": ""Very interesting and descriptive of what we expect from the course.\nVery interactive.\npaper book, which is very nice and no-laptop policy.\nTwo exams.\nThe grading was fair.\nIt was one of the best classes I took, with the best teacher, I have nothing reakky to add. Highly recommend this course!""}]"
國際安全,陳世民,政治學系,2,114-2,29341,PS4205,,,,,"[""無評價""]",[]
新聞、傳播政策與法律專題,陳淳文,政治學系、政治學研究所,2,114-2,21364,PS5024,,,,,"[""無評價""]",[]
方案評估專題,王宏文,政治學系、政治學研究所、公共事務研究所,2,114-2,51990,PS5041,,,,,"[""[PTT | 108-2]: 轉載自 PTT 作者 ID: ts13tomato (ts13tomato)\n哪一學年度修課：\n\n108-2\n\nψ 授課教師 (若為多人合授請寫開課教師，以方便收錄)\n\n王宏文\n\nλ 開課系所與授課對象 (是否為必修或通識課 / 內容是否與某些背景相關)\n\n政治系選修，限學士班三年級以上\n\nδ 課程大概內容\n\n本課程將利用質化及量化的社會科學研究方法，來檢視公共政策或方案之效果。\n這門課的主要研究問題是：政府政策或方案是否達成所想要達成的效果？內容包\n括；\n\n方案評估簡介／歷史／種類\n建立方案理論／可評估性的衡量\n過程評估／執行評估\n效果評估／影響評估\n衡量與效度\n實驗法\n準實驗法\nOXO vs. CMO\n方案評估與績效衡量／成本效益分析之關係\n方案評估的用處\n\nΩ 私心推薦指數(以五分計) ★★★★★\n\n3.75 星\n\nη 上課用書(影印講義或是指定教科書)\n\n無指定教科書，但會有每週必讀的文獻作業，統一上傳至Ceiba。\n\nμ 上課方式(投影片、團體討論、老師教學風格)\n\n通常第一節課由老師授課，第二節課由同學上臺報告文獻內容，皆採口頭講述搭\n配投影片。\n老師喜歡與同學互動，會依序點人回答問題，同學報告完若沒人提問，也會隨機\n叫人發表心得、感想或建議。\n\nσ 評分方式(給分甜嗎？是紮實分？)\n\n文獻作業45%、文獻口頭報告10%、期中研究計畫報告10%、期末研究計畫報告25%\n、期末考10%。\n\nρ 考題型式、作業方式\n\n一、文獻作業 (45%)\n本學期有10篇文獻作業，同學必須在該次上課結束前，針對每一篇文獻作業，繳\n交三頁的心得報告。\n包含三個部分：第一部分是列舉該文章之研究背景、方案或政策內容簡介、研究\n問題、研究設計、如何衡量政策結果及其他變數、資料來源與整理方法、統計方\n法、及有關其效度的威脅。\n第二部分則是請同學想像這研究是如何做出來的，因為每篇文章應都具有可重複\n性，故若你看完該文，則應該知道該文章的研究問題。故在此部分，要仔細地描\n述並說明該研究執行的細節，並最好說明為何如此做的理由。\n第三部分則是提出至少三個問題。學期成績將取最佳的9篇成績計算。\n\n這部分老師非常佛心，只要作業沒寫得太差都會給5分，9次下來，滿分45分就能\n到手。\n\n二、文獻口頭報告 (10%)\n每個人會輪到一篇文獻作業，需上頭口頭報告。\n報告內容與前面文獻作業的要求一樣，應包含前述的前兩部分，以利後續的課堂\n討論。\n\n口頭報告的時間為25分鐘，問答時間15分鐘。\n此外，負責報告的同學需準備電腦的簡報檔案，並列印成講義的紙本分發給每一\n位同學。\n\n三、期中&期末研究計畫報告 (35%)\n研究計畫必須是針對台灣之一項政策或方案，來設計一套方法進行評估，通常應\n包含下列項目：\n\n（一）簡介研究問題及其重要性 （1頁）。\n（二）介紹你所要評估之政策或方案：政策或方案之目的及目標族群為何？如何\n及何時被實施？在哪裡被實施等問題（3頁）。\n（三）回顧相關文獻（2頁）。\n（四）探討方案理論及研究假說等（1頁）。\n（五）仔細地介紹你的研究設計，如同文獻口頭報告的第二部分，通常包括：\n1.目標對象、分析單位、如何產生控制組及實驗組、如何抽樣（2頁）。\n2.資料蒐集與整理計畫：探討如何取得資料，及取得資料方式的優缺點，並應仔\n細規劃資料如何編碼及可能的誤差（2頁）。\n3.探討你研究設計的優缺點，特別是內部效度及外部效度，以及衡量的信度與效\n度，最後需討論如何可減少研究設計上之問題（1頁）。\n（六）參考文獻\n\n期中研究計畫報告，必須就上述之一到四點提出約5分鐘的課堂報告。不需要交書\n面報告，只需準備電腦的簡報檔案，並列印成講義的紙本分發給每一位同學。\n\n期末研究計畫報告，必須就上述一到五點提出簡報。書面不可超過12頁，這包括\n所有的表格或圖形，但參考文獻不在此限。\n\n四、期末考(10%)\n期末考為帶回家之考試，通常以同學的研究計畫為考題，要我們提出優劣評價和\n建議。\n可以使用任何資料，但不可與別人討論。\n\nω 其它(是否注重出席率？如果為外系選修，需先有什麼基礎較好嗎？老師個性？\n加簽習慣？嚴禁遲到等…)\n\n雖然統計不是這堂課的重點，但文獻中有大量運用統計方法的論文。\n若對統計原理有所掌握，相信於閱讀時能事半功倍。\n\nΨ 總結\n\n很少有臺灣的政治學系開設方案評估課程，這門課是其中一堂。\n就老師的說法，方案評估專題關心「研究方法」，這甚至不等同於「統計方法」\n，因為研究方法是取得資料前的任務，統計方法則是取得資料後的工作。\n\n換句話說，這門課想問的是：如何取得評估方案的資料？（爆雷警告：最慣用的\n是實驗法／準實驗法。）\n本門課的種種訓練（包括文獻作業和研究計畫），都是在培養同學於提出研究問\n題之後，如何一步一腳印蒐集可用資料，以利後續評估。\n\n因此，在這堂課上，學術理論和統計方法被暫放一旁，蒐集資料時的構想、困境\n和轉機則獲放大檢視。如此設計是實務導向還是淺碟化？端看修課者的需求。\n\n--\n\n原文網址: https://www.ptt.cc/bbs/NTUcourse/M.1598944058.A.861.html""]","[{""User_ID"": ""PTT"", ""Semester"": ""108-2"", ""Rating_Quality"": null, ""Rating_Sweet"": null, ""Rating_Easy"": null, ""Rating_Rich"": null, ""Comment"": ""轉載自 PTT 作者 ID: ts13tomato (ts13tomato)\n哪一學年度修課：\n\n108-2\n\nψ 授課教師 (若為多人合授請寫開課教師，以方便收錄)\n\n王宏文\n\nλ 開課系所與授課對象 (是否為必修或通識課 / 內容是否與某些背景相關)\n\n政治系選修，限學士班三年級以上\n\nδ 課程大概內容\n\n本課程將利用質化及量化的社會科學研究方法，來檢視公共政策或方案之效果。\n這門課的主要研究問題是：政府政策或方案是否達成所想要達成的效果？內容包\n括；\n\n方案評估簡介／歷史／種類\n建立方案理論／可評估性的衡量\n過程評估／執行評估\n效果評估／影響評估\n衡量與效度\n實驗法\n準實驗法\nOXO vs. CMO\n方案評估與績效衡量／成本效益分析之關係\n方案評估的用處\n\nΩ 私心推薦指數(以五分計) ★★★★★\n\n3.75 星\n\nη 上課用書(影印講義或是指定教科書)\n\n無指定教科書，但會有每週必讀的文獻作業，統一上傳至Ceiba。\n\nμ 上課方式(投影片、團體討論、老師教學風格)\n\n通常第一節課由老師授課，第二節課由同學上臺報告文獻內容，皆採口頭講述搭\n配投影片。\n老師喜歡與同學互動，會依序點人回答問題，同學報告完若沒人提問，也會隨機\n叫人發表心得、感想或建議。\n\nσ 評分方式(給分甜嗎？是紮實分？)\n\n文獻作業45%、文獻口頭報告10%、期中研究計畫報告10%、期末研究計畫報告25%\n、期末考10%。\n\nρ 考題型式、作業方式\n\n一、文獻作業 (45%)\n本學期有10篇文獻作業，同學必須在該次上課結束前，針對每一篇文獻作業，繳\n交三頁的心得報告。\n包含三個部分：第一部分是列舉該文章之研究背景、方案或政策內容簡介、研究\n問題、研究設計、如何衡量政策結果及其他變數、資料來源與整理方法、統計方\n法、及有關其效度的威脅。\n第二部分則是請同學想像這研究是如何做出來的，因為每篇文章應都具有可重複\n性，故若你看完該文，則應該知道該文章的研究問題。故在此部分，要仔細地描\n述並說明該研究執行的細節，並最好說明為何如此做的理由。\n第三部分則是提出至少三個問題。學期成績將取最佳的9篇成績計算。\n\n這部分老師非常佛心，只要作業沒寫得太差都會給5分，9次下來，滿分45分就能\n到手。\n\n二、文獻口頭報告 (10%)\n每個人會輪到一篇文獻作業，需上頭口頭報告。\n報告內容與前面文獻作業的要求一樣，應包含前述的前兩部分，以利後續的課堂\n討論。\n\n口頭報告的時間為25分鐘，問答時間15分鐘。\n此外，負責報告的同學需準備電腦的簡報檔案，並列印成講義的紙本分發給每一\n位同學。\n\n三、期中&期末研究計畫報告 (35%)\n研究計畫必須是針對台灣之一項政策或方案，來設計一套方法進行評估，通常應\n包含下列項目：\n\n（一）簡介研究問題及其重要性 （1頁）。\n（二）介紹你所要評估之政策或方案：政策或方案之目的及目標族群為何？如何\n及何時被實施？在哪裡被實施等問題（3頁）。\n（三）回顧相關文獻（2頁）。\n（四）探討方案理論及研究假說等（1頁）。\n（五）仔細地介紹你的研究設計，如同文獻口頭報告的第二部分，通常包括：\n1.目標對象、分析單位、如何產生控制組及實驗組、如何抽樣（2頁）。\n2.資料蒐集與整理計畫：探討如何取得資料，及取得資料方式的優缺點，並應仔\n細規劃資料如何編碼及可能的誤差（2頁）。\n3.探討你研究設計的優缺點，特別是內部效度及外部效度，以及衡量的信度與效\n度，最後需討論如何可減少研究設計上之問題（1頁）。\n（六）參考文獻\n\n期中研究計畫報告，必須就上述之一到四點提出約5分鐘的課堂報告。不需要交書\n面報告，只需準備電腦的簡報檔案，並列印成講義的紙本分發給每一位同學。\n\n期末研究計畫報告，必須就上述一到五點提出簡報。書面不可超過12頁，這包括\n所有的表格或圖形，但參考文獻不在此限。\n\n四、期末考(10%)\n期末考為帶回家之考試，通常以同學的研究計畫為考題，要我們提出優劣評價和\n建議。\n可以使用任何資料，但不可與別人討論。\n\nω 其它(是否注重出席率？如果為外系選修，需先有什麼基礎較好嗎？老師個性？\n加簽習慣？嚴禁遲到等…)\n\n雖然統計不是這堂課的重點，但文獻中有大量運用統計方法的論文。\n若對統計原理有所掌握，相信於閱讀時能事半功倍。\n\nΨ 總結\n\n很少有臺灣的政治學系開設方案評估課程，這門課是其中一堂。\n就老師的說法，方案評估專題關心「研究方法」，這甚至不等同於「統計方法」\n，因為研究方法是取得資料前的任務，統計方法則是取得資料後的工作。\n\n換句話說，這門課想問的是：如何取得評估方案的資料？（爆雷警告：最慣用的\n是實驗法／準實驗法。）\n本門課的種種訓練（包括文獻作業和研究計畫），都是在培養同學於提出研究問\n題之後，如何一步一腳印蒐集可用資料，以利後續評估。\n\n因此，在這堂課上，學術理論和統計方法被暫放一旁，蒐集資料時的構想、困境\n和轉機則獲放大檢視。如此設計是實務導向還是淺碟化？端看修課者的需求。\n\n--\n\n原文網址: https://www.ptt.cc/bbs/NTUcourse/M.1598944058.A.861.html""}]"
理性行為分析專題,林澤民,政治學系、政治學研究所,2,114-2,25135,PS5060,,,,,"[""無評價""]",[]
東亞專題,楊永明,政治學系、政治學研究所,2,114-2,28722,PS5066,,,,,"[""無評價""]",[]
亞洲區域主義專題,蘇宏達,政治學系、政治學研究所,2,114-2,52836,PS5675,5.0,4.0,4.0,4.0,"[""[User27517 | 113-2]: Deals with Asia as a region and it's implications within and without\nLectures and reading summaries by students\nArticles and litterature\nEssays and reading summaries\nIndividual and group based\nVery engaging and wonderfully presented""]","[{""User_ID"": ""User27517"", ""Semester"": ""113-2"", ""Rating_Quality"": null, ""Rating_Sweet"": null, ""Rating_Easy"": null, ""Rating_Rich"": null, ""Comment"": ""Deals with Asia as a region and it's implications within and without\nLectures and reading summaries by students\nArticles and litterature\nEssays and reading summaries\nIndividual and group based\nVery engaging and wonderfully presented""}]"
中國大陸政治經濟專題,徐斯勤,政治學系、政治學研究所,2,114-2,55134,PS5676,,,,,"[""無評價""]",[]
歐盟與國際政治專題,蘇宏達,政治學系、政治學研究所、政治學研究所,2,114-2,25939,PS5695,,,,,"[""無評價""]",[]
統計學習理論簡介,曾煥凱,政治學系、政治學研究所,2,114-2,58773,PS5696,,,,,"[""無評價""]",[]
政治學二,黃長玲,政治理論組、國際關係組、公共行政組、社會科學院院學士學位,3,114-2,23120,PS1006,,,,,"[""[PTT | 109-2]: 轉載自 PTT 作者 ID: wsc891211 (我是一杯忘情水)\n哪一學年度修課： 109-2\n\nψ 授課教師 (若為多人合授請寫開課教師，以方便收錄) 黃長玲\n\nλ 開課系所與授課對象 (是否為必修或通識課 / 內容是否與某些背景相關)\n政治系大一必修\n\nδ 課程大概內容\n\n（節自老師授課大綱）\n02/26 課程介紹\n03/05 Constitutions\n03/12 Elections\n03/19 Parties\n03/26 政黨與選舉\n04/02 Interest Groups\n04/09 Social Movements（交第一次作業）\n04/16 利益團體與社會運動\n04/23 Parliamentary Government\n04/30 Presidential Government\n05/07 半總統制（交第二次作業）\n05/14 Bureaucracy and the public sector\n05/21 Law and the courts\n05/28 司法政治與司法改革\n06/04 Global politics\n06/11 臺灣與國際人權公約\n06/18 交期末分組報告\n06/25 檢討期末作業；核對學期成績\n\nΩ 私心推薦指數(以五分計) ★★★★★\n\n想把政治學基礎打好者：滿天星\n希望老師口才好授課過程流暢者：5顆星\n討厭寫作業者：3.5顆星（還有3.5顆是因為我覺得老師的課真的蠻值得上的）\n不喜歡讀英文文本者：3.5顆星（理由同上）\n不喜歡寫作業+不喜歡英文文本者：2.5顆（理由同上上）\n\nη 上課用書(影印講義或是指定教科書)\n\nW.Phillips Shively.2014.Power&Choice :An introduction to political science\n還有一些老師補充的中文文本\n\nμ 上課方式(投影片、團體討論、老師教學風格)\n\n基本上是老師在講台純授課的方式，沒有投影片，也沒有討論課。不過老師口才蠻好的，\n上起課來不會太過拖沓，有時也會分享一些他跟朋友聊天之間的一些趣事~\n不會太過死板無聊！\n\nσ 評分方式(給分甜嗎？是紮實分？)\n\n算扎實微甜吧！我覺得拿A或A-不會很難，但要A+應該蠻難的。\n109-1班上沒有任何人A+，有人在這學期的期中評鑑問老師要怎麼做才能拿到A+\n老師的回覆是，他也承認要在他的課拿到A+不容易，除了寫得好之外，內容也必須要有點\n「特別」，要跟其他人拉出差距，這樣他才會給更高一點的分數。\n不過老師給分也不會太吝嗇就是了，基本上每次的作業滿分25班平均都在20左右\n只要有達到老師的要求，基本上我覺得分數絕對不會太難看。然後也沒有做加分作業\n來幫忙拉成績這件事喔，老師說加分作業僅限於那些在60分附近快要被當掉的同學\n他會參酌情況給他們做加分作業。\n老師也說人生不是只有追求A+這件事而已XDDD，他更希望我們可以在課堂上學到東西，\n學以致用。\n\nρ 考題型式、作業方式\n\n沒有期中期末考，只有作業\n個人作業兩次，一次25%，共50%\n團體作業25%\n課堂作業15%\n分組提問5%\n小組互評5%\n這學期因為中間突然改成遠距的關係，導致最後一次課堂作業無法進行\n所以原本老師預計進行四次課堂作業，取三次最高的成績\n改成三次當中取最高的兩次，一次7.5%\n（課堂作業基本上=小考）\n\n\nω 其它(是否注重出席率？如果為外系選修，需先有什麼基礎較好嗎？老師個性？\n加簽習慣？嚴禁遲到等…)\n\n這門課算大班課，老師基本上不會點名。然後外系的話我覺得高中公民學好應該就夠了\n我自己是外系選修啦，政治學一也沒修過直接修二，沒什麼銜接上的問題，因為各個單元\n基本上都是獨立的。另外，老師算是蠻歡迎外系去選修他的課，但是不給政治系的學生\n換班喔！這點可能要注意一下，因為老師說她覺得換班這件事不太尊重原本必帶到的老師\n，除非有重大理由老師才會考慮給換班。\n\nΨ 總結\n\n這門課理論上而言算是稍微有點分量的課，但我覺得老師的知識密度跟他要求的作業份量\n算是成正比啦，還可以接受XD。這門課算是高中公民政治學部分的加深加廣，老師上課時\n也常常引用我們的鄰國日韓來做實例解說，中文的文本也是大多以臺灣為出發點去研究的\n政治學文本，我覺得對於想要更認識我們國家政治體系的人而言，這是一門很好的入門課\n！如果政治學有興趣+願意付出努力寫作業的人，個人非常推薦長玲老師的這門課！！\n\n--\n\n原文網址: https://www.ptt.cc/bbs/NTUcourse/M.1625802401.A.3B3.html""]","[{""User_ID"": ""PTT"", ""Semester"": ""109-2"", ""Rating_Quality"": null, ""Rating_Sweet"": null, ""Rating_Easy"": null, ""Rating_Rich"": null, ""Comment"": ""轉載自 PTT 作者 ID: wsc891211 (我是一杯忘情水)\n哪一學年度修課： 109-2\n\nψ 授課教師 (若為多人合授請寫開課教師，以方便收錄) 黃長玲\n\nλ 開課系所與授課對象 (是否為必修或通識課 / 內容是否與某些背景相關)\n政治系大一必修\n\nδ 課程大概內容\n\n（節自老師授課大綱）\n02/26 課程介紹\n03/05 Constitutions\n03/12 Elections\n03/19 Parties\n03/26 政黨與選舉\n04/02 Interest Groups\n04/09 Social Movements（交第一次作業）\n04/16 利益團體與社會運動\n04/23 Parliamentary Government\n04/30 Presidential Government\n05/07 半總統制（交第二次作業）\n05/14 Bureaucracy and the public sector\n05/21 Law and the courts\n05/28 司法政治與司法改革\n06/04 Global politics\n06/11 臺灣與國際人權公約\n06/18 交期末分組報告\n06/25 檢討期末作業；核對學期成績\n\nΩ 私心推薦指數(以五分計) ★★★★★\n\n想把政治學基礎打好者：滿天星\n希望老師口才好授課過程流暢者：5顆星\n討厭寫作業者：3.5顆星（還有3.5顆是因為我覺得老師的課真的蠻值得上的）\n不喜歡讀英文文本者：3.5顆星（理由同上）\n不喜歡寫作業+不喜歡英文文本者：2.5顆（理由同上上）\n\nη 上課用書(影印講義或是指定教科書)\n\nW.Phillips Shively.2014.Power&Choice :An introduction to political science\n還有一些老師補充的中文文本\n\nμ 上課方式(投影片、團體討論、老師教學風格)\n\n基本上是老師在講台純授課的方式，沒有投影片，也沒有討論課。不過老師口才蠻好的，\n上起課來不會太過拖沓，有時也會分享一些他跟朋友聊天之間的一些趣事~\n不會太過死板無聊！\n\nσ 評分方式(給分甜嗎？是紮實分？)\n\n算扎實微甜吧！我覺得拿A或A-不會很難，但要A+應該蠻難的。\n109-1班上沒有任何人A+，有人在這學期的期中評鑑問老師要怎麼做才能拿到A+\n老師的回覆是，他也承認要在他的課拿到A+不容易，除了寫得好之外，內容也必須要有點\n「特別」，要跟其他人拉出差距，這樣他才會給更高一點的分數。\n不過老師給分也不會太吝嗇就是了，基本上每次的作業滿分25班平均都在20左右\n只要有達到老師的要求，基本上我覺得分數絕對不會太難看。然後也沒有做加分作業\n來幫忙拉成績這件事喔，老師說加分作業僅限於那些在60分附近快要被當掉的同學\n他會參酌情況給他們做加分作業。\n老師也說人生不是只有追求A+這件事而已XDDD，他更希望我們可以在課堂上學到東西，\n學以致用。\n\nρ 考題型式、作業方式\n\n沒有期中期末考，只有作業\n個人作業兩次，一次25%，共50%\n團體作業25%\n課堂作業15%\n分組提問5%\n小組互評5%\n這學期因為中間突然改成遠距的關係，導致最後一次課堂作業無法進行\n所以原本老師預計進行四次課堂作業，取三次最高的成績\n改成三次當中取最高的兩次，一次7.5%\n（課堂作業基本上=小考）\n\n\nω 其它(是否注重出席率？如果為外系選修，需先有什麼基礎較好嗎？老師個性？\n加簽習慣？嚴禁遲到等…)\n\n這門課算大班課，老師基本上不會點名。然後外系的話我覺得高中公民學好應該就夠了\n我自己是外系選修啦，政治學一也沒修過直接修二，沒什麼銜接上的問題，因為各個單元\n基本上都是獨立的。另外，老師算是蠻歡迎外系去選修他的課，但是不給政治系的學生\n換班喔！這點可能要注意一下，因為老師說她覺得換班這件事不太尊重原本必帶到的老師\n，除非有重大理由老師才會考慮給換班。\n\nΨ 總結\n\n這門課理論上而言算是稍微有點分量的課，但我覺得老師的知識密度跟他要求的作業份量\n算是成正比啦，還可以接受XD。這門課算是高中公民政治學部分的加深加廣，老師上課時\n也常常引用我們的鄰國日韓來做實例解說，中文的文本也是大多以臺灣為出發點去研究的\n政治學文本，我覺得對於想要更認識我們國家政治體系的人而言，這是一門很好的入門課\n！如果政治學有興趣+願意付出努力寫作業的人，個人非常推薦長玲老師的這門課！！\n\n--\n\n原文網址: https://www.ptt.cc/bbs/NTUcourse/M.1625802401.A.3B3.html""}]"
政治學二,張貴閔,政治理論組、國際關係組、公共行政組、社會科學院院學士學位,3,114-2,38746,PS1006,3.0,3.0,4.5,1.5,"[""[cobaye | 112-2]: 老師自編簡報/每周指定閱讀\n沒有考試，有一團體期末報告\n下學期比上學期有趣，可以感受到老師跟助教的用心\n討論課氣氛佳，不要遇到啞巴組員一切好說\n啞巴請不要來這堂課禍害你的組員""]","[{""User_ID"": ""cobaye"", ""Semester"": ""112-2"", ""Rating_Quality"": null, ""Rating_Sweet"": null, ""Rating_Easy"": null, ""Rating_Rich"": null, ""Comment"": ""老師自編簡報/每周指定閱讀\n沒有考試，有一團體期末報告\n下學期比上學期有趣，可以感受到老師跟助教的用心\n討論課氣氛佳，不要遇到啞巴組員一切好說\n啞巴請不要來這堂課禍害你的組員""}]"
政治學二,童涵浦,政治理論組、國際關係組、公共行政組、社會科學院院學士學位,3,114-2,54524,PS1006,3.0,2.0,4.0,2.0,"[""[User49202 | 113-2]: Almost only economics politics\njust slides\nfine\nits pretty hard and it was only political economy""]","[{""User_ID"": ""User49202"", ""Semester"": ""113-2"", ""Rating_Quality"": null, ""Rating_Sweet"": null, ""Rating_Easy"": null, ""Rating_Rich"": null, ""Comment"": ""Almost only economics politics\njust slides\nfine\nits pretty hard and it was only political economy""}]"
國際關係二,廖小娟,政治理論組、國際關係組、社會科學院院學士學位,2,114-2,20872,PS1012,,,,,"[""[PTT | 106-2]: 轉載自 PTT 作者 ID: Xman1035 (小雪人)\n哪一學年度修課：106-2\n\nψ 授課教師 (若為多人合授請寫開課教師，以方便收錄)\n廖小娟\n\nλ 開課系所與授課對象 (是否為必修或通識課 / 內容是否與某些背景相關)\n政治系三組必修\n\nδ 課程大概內容\nWEEK1 課程回顧與展望\nWEEK2 外交政策與決策\nWEEK3~4 國際政治與衝突\nWEEK5 恐怖主義與國際安全\nWEEK6 春假\nWEEK7~8 國際組織與合作\nWEEK9 電影賞析(南京!南京!)\nWEEK10~11 區域主義與整合\nWEEK12~14 國際政治經濟\nWEEK15 模擬國際會議\nWEEK16 國際人權與國際法\nWEEK17 國際環保與永續發展\nWEEK18 期末考\n\nΩ 私心推薦指數(以五分計) ★★★★★\n4.5顆星\n\nη 上課用書(影印講義或是指定教科書)\n老師投影片為主\n有指定閱讀但上課不太提到(張亞中.張登及的<國際關係總論>，明居正.林麗香.林宗達的<國際關係綜論>，楊永明的<補上一堂國際關係課>)\n\nμ 上課方式(投影片、團體討論、老師教學風格)\n老師投影片授課為主+每週團體報告\n這學期因為上課人數不少，所以分組以2~4人為一組，在每週上課的時候根據當週主題做團體報告，老師會要報告檔案，並上傳至CEIBA給同學參考。\n課堂內容跟上學期相比，多了不少實例，主題也更多元，在課堂上也有小遊戲(國際政治經濟的部分)，讓我們簡單體驗國際間組織與角力的過程。\n\nσ 評分方式(給分甜嗎？是紮實分？)\n評分標準:\n案例報告:50%(口頭25%+書面25%)\n模擬國際會議:30%\n期末考:20%\n\n算中等偏紮實分，因為在找團體報告的時候找了不少資料，參加會議之前的背景資料也看了非常多。\n\nρ 考題型式、作業方式\n期末考:\n兩大題，總共五小題，全部都是申論題。題目難度不難。\n案例報告:\n以小組為單位，以當週授課主題為題目，蒐集資料並分析，時間為20分鐘內。\n口頭報告的話，可以以影片.短劇.簡報等等形式表現。\n模擬國際會議:\n以個人為單位，在會前會先選出主席。主席不代表任何國家，而是選擇會議主題與主持當天會議進行。這次的主題是環保跟經濟各一，每位學生會代表一個國家，代表該國就特定議題發表意見(時間三分鐘)，一個人只代表一個國家的一個議題，所以如果有兩位以上的學生選同個國家，就會拆開成不同議題。\n要注意的是，當天一定要出席，若因不可因素缺席，則要有請假單，沒請假單的話會以0分計算。請假者則以書面報告代替。\nbonus:\n第九週的電影欣賞，如果在看完之後寫一至兩頁的心得會有加分，但不知道加幾分就是了xd\n出席:\n不定期點名三次，一次缺席扣總成績三分。課堂中若有回答問題則可加分。\nω 其它(是否注重出席率？如果為外系選修，需先有什麼基礎較好嗎？老師個性？\n加簽習慣？嚴禁遲到等…)\n老師偶爾會點名。跟上學期相比人數明顯多了不少(40位上下)\n外系選修的話，會建議有一點點國際關係理論的理解再來會比較好，但如果沒有的話直接來應該也是可以。\n不希望同學在上課玩手機，允許用筆電。\n吃東西的部分，只要不是有味道的都不會阻止，但吃東西的基本禮儀也是要注意。\n\nΨ 總結\n上課品質跟上學期一樣相當不錯，很推薦同學來修。\n\n--\n\n原文網址: https://www.ptt.cc/bbs/NTUcourse/M.1530800900.A.ACC.html""]","[{""User_ID"": ""PTT"", ""Semester"": ""106-2"", ""Rating_Quality"": null, ""Rating_Sweet"": null, ""Rating_Easy"": null, ""Rating_Rich"": null, ""Comment"": ""轉載自 PTT 作者 ID: Xman1035 (小雪人)\n哪一學年度修課：106-2\n\nψ 授課教師 (若為多人合授請寫開課教師，以方便收錄)\n廖小娟\n\nλ 開課系所與授課對象 (是否為必修或通識課 / 內容是否與某些背景相關)\n政治系三組必修\n\nδ 課程大概內容\nWEEK1 課程回顧與展望\nWEEK2 外交政策與決策\nWEEK3~4 國際政治與衝突\nWEEK5 恐怖主義與國際安全\nWEEK6 春假\nWEEK7~8 國際組織與合作\nWEEK9 電影賞析(南京!南京!)\nWEEK10~11 區域主義與整合\nWEEK12~14 國際政治經濟\nWEEK15 模擬國際會議\nWEEK16 國際人權與國際法\nWEEK17 國際環保與永續發展\nWEEK18 期末考\n\nΩ 私心推薦指數(以五分計) ★★★★★\n4.5顆星\n\nη 上課用書(影印講義或是指定教科書)\n老師投影片為主\n有指定閱讀但上課不太提到(張亞中.張登及的<國際關係總論>，明居正.林麗香.林宗達的<國際關係綜論>，楊永明的<補上一堂國際關係課>)\n\nμ 上課方式(投影片、團體討論、老師教學風格)\n老師投影片授課為主+每週團體報告\n這學期因為上課人數不少，所以分組以2~4人為一組，在每週上課的時候根據當週主題做團體報告，老師會要報告檔案，並上傳至CEIBA給同學參考。\n課堂內容跟上學期相比，多了不少實例，主題也更多元，在課堂上也有小遊戲(國際政治經濟的部分)，讓我們簡單體驗國際間組織與角力的過程。\n\nσ 評分方式(給分甜嗎？是紮實分？)\n評分標準:\n案例報告:50%(口頭25%+書面25%)\n模擬國際會議:30%\n期末考:20%\n\n算中等偏紮實分，因為在找團體報告的時候找了不少資料，參加會議之前的背景資料也看了非常多。\n\nρ 考題型式、作業方式\n期末考:\n兩大題，總共五小題，全部都是申論題。題目難度不難。\n案例報告:\n以小組為單位，以當週授課主題為題目，蒐集資料並分析，時間為20分鐘內。\n口頭報告的話，可以以影片.短劇.簡報等等形式表現。\n模擬國際會議:\n以個人為單位，在會前會先選出主席。主席不代表任何國家，而是選擇會議主題與主持當天會議進行。這次的主題是環保跟經濟各一，每位學生會代表一個國家，代表該國就特定議題發表意見(時間三分鐘)，一個人只代表一個國家的一個議題，所以如果有兩位以上的學生選同個國家，就會拆開成不同議題。\n要注意的是，當天一定要出席，若因不可因素缺席，則要有請假單，沒請假單的話會以0分計算。請假者則以書面報告代替。\nbonus:\n第九週的電影欣賞，如果在看完之後寫一至兩頁的心得會有加分，但不知道加幾分就是了xd\n出席:\n不定期點名三次，一次缺席扣總成績三分。課堂中若有回答問題則可加分。\nω 其它(是否注重出席率？如果為外系選修，需先有什麼基礎較好嗎？老師個性？\n加簽習慣？嚴禁遲到等…)\n老師偶爾會點名。跟上學期相比人數明顯多了不少(40位上下)\n外系選修的話，會建議有一點點國際關係理論的理解再來會比較好，但如果沒有的話直接來應該也是可以。\n不希望同學在上課玩手機，允許用筆電。\n吃東西的部分，只要不是有味道的都不會阻止，但吃東西的基本禮儀也是要注意。\n\nΨ 總結\n上課品質跟上學期一樣相當不錯，很推薦同學來修。\n\n--\n\n原文網址: https://www.ptt.cc/bbs/NTUcourse/M.1530800900.A.ACC.html""}]"
行政學二,吳舜文,政治理論組、國際關係組、公共行政組、社會科學院院學士學位,2,114-2,26471,PS1022,3.5,4.0,4.0,3.0,"[""[User54853 | 111-2]: 口頭講述ppt，有錄影\n一次個人心得作業，期末開書考申論題及選擇題各半\n5%課堂參與\n10%口頭團體報告\n25%書面團體報告\n55%期末考\n5%心得報告\n老師人十分親切，不過上課知識較為薄弱，此學期有一次團體口頭報告（採錄影上傳方式）、團體書面報告、期末考（開書考）、小個人作業一份、上課回答出席5%，算是不難拿好分數，老師的上課影片都會上傳ntu cool，因此不用擔心沒有出席補不到課，期末考難度不高且開書考，上課觀念有弄清楚的話不難拿不錯的分數，不過需要融會貫通才能拿比較高的分數，口頭報告及書面報告是訪談公務員，算是比較能實際了解實務面的學習，不過組別內人比較多，可能會有free rider或分工不均的狀況，老師給分不會不甜、且十分親切，有問題都能直接和老師反應，回答出席的部分通常是使用kahoot 等軟體回答問題，算是好拿的出席分。\n\n整體來說可以對行政學有大略的認識，不過因爲是大一基礎課，內容廣而不深。""]","[{""User_ID"": ""User54853"", ""Semester"": ""111-2"", ""Rating_Quality"": null, ""Rating_Sweet"": null, ""Rating_Easy"": null, ""Rating_Rich"": null, ""Comment"": ""口頭講述ppt，有錄影\n一次個人心得作業，期末開書考申論題及選擇題各半\n5%課堂參與\n10%口頭團體報告\n25%書面團體報告\n55%期末考\n5%心得報告\n老師人十分親切，不過上課知識較為薄弱，此學期有一次團體口頭報告（採錄影上傳方式）、團體書面報告、期末考（開書考）、小個人作業一份、上課回答出席5%，算是不難拿好分數，老師的上課影片都會上傳ntu cool，因此不用擔心沒有出席補不到課，期末考難度不高且開書考，上課觀念有弄清楚的話不難拿不錯的分數，不過需要融會貫通才能拿比較高的分數，口頭報告及書面報告是訪談公務員，算是比較能實際了解實務面的學習，不過組別內人比較多，可能會有free rider或分工不均的狀況，老師給分不會不甜、且十分親切，有問題都能直接和老師反應，回答出席的部分通常是使用kahoot 等軟體回答問題，算是好拿的出席分。\n\n整體來說可以對行政學有大略的認識，不過因爲是大一基礎課，內容廣而不深。""}]"
行政學二,劉康慧,政治理論組、國際關係組、公共行政組、社會科學院院學士學位,2,114-2,39388,PS1022,5.0,4.0,4.0,3.0,"[""[User51246 | 113-2]: Covers how stakeholders interact within the public sector, how to manage effectively and real-world scenarios in which cities and their leaders had to respond to crises.\nLectures with team discussions, simulations.\nArticles, journals, videos.\nweekly readings, discussions, Midterm, Final.\nParticipation, and reference to readings\nGreat class for opening up students to the importance of collaboration across fields and how policy makers can work together to benefit the public.""]","[{""User_ID"": ""User51246"", ""Semester"": ""113-2"", ""Rating_Quality"": null, ""Rating_Sweet"": null, ""Rating_Easy"": null, ""Rating_Rich"": null, ""Comment"": ""Covers how stakeholders interact within the public sector, how to manage effectively and real-world scenarios in which cities and their leaders had to respond to crises.\nLectures with team discussions, simulations.\nArticles, journals, videos.\nweekly readings, discussions, Midterm, Final.\nParticipation, and reference to readings\nGreat class for opening up students to the importance of collaboration across fields and how policy makers can work together to benefit the public.""}]"
中華民國憲法及政府二,湯德宗,政治理論組、國際關係組、公共行政組、社會科學院院學士學位,2,114-2,29233,PS1032,,,,,"[""無評價""]",[]
經濟學乙二,王宏文,政治理論組、國際關係組、公共行政組,2,114-2,28829,PS2022,,,,,"[""無評價""]",[]
社會科學研究方法,黃凱苹,政治理論組、社會科學院院學士學位,2,114-2,33274,PS3101,2.0,4.0,3.0,2.0,"[""[User54853 | 111-2]: 口頭講述ppt為主\n線上開書考兩次、實作書面作業一次\n60%兩次線上考試，不需要視訊\n//選擇題佔多數，簡答題佔少數，但班平均分數非常低，考試內容和老師講述的內容有一點脫鉤不好準備，不過老師會大調分，不必太擔心被當\n20%實作作業（團體）\n//對於立委問政做指標性評析，是團體作業，給分算甜，難度不高，作業不太花時間\n10%閱讀提問\n//事前閱讀老師的指閱後，於ntu cool討論區留言即可拿分\n10%課堂參與\n//與閱讀提問類似，老師課堂提問、學生於ntu cool討論區留言即可拿到分數\n整體來說，想學認真的社科研的話建議往社會系修課，此門課有一點東講西講，老師對於實作的操練不夠紮實，課堂講述知識也有一點半聊天方式，知識紮實度不高，個人主觀性偏重""]","[{""User_ID"": ""User54853"", ""Semester"": ""111-2"", ""Rating_Quality"": null, ""Rating_Sweet"": null, ""Rating_Easy"": null, ""Rating_Rich"": null, ""Comment"": ""口頭講述ppt為主\n線上開書考兩次、實作書面作業一次\n60%兩次線上考試，不需要視訊\n//選擇題佔多數，簡答題佔少數，但班平均分數非常低，考試內容和老師講述的內容有一點脫鉤不好準備，不過老師會大調分，不必太擔心被當\n20%實作作業（團體）\n//對於立委問政做指標性評析，是團體作業，給分算甜，難度不高，作業不太花時間\n10%閱讀提問\n//事前閱讀老師的指閱後，於ntu cool討論區留言即可拿分\n10%課堂參與\n//與閱讀提問類似，老師課堂提問、學生於ntu cool討論區留言即可拿到分數\n整體來說，想學認真的社科研的話建議往社會系修課，此門課有一點東講西講，老師對於實作的操練不夠紮實，課堂講述知識也有一點半聊天方式，知識紮實度不高，個人主觀性偏重""}]"
中國政治哲學二,安井伸介,政治理論組,2,114-2,29586,PS3106,4.0,3.0,5.0,1.0,"[""[User74457 | 113-2]: How ancient Chinese philosophies influenced political structures and actions, and how those philosophies and political structures changed over time.\nLectures\nLecture Videos\nOnly Final Exam\nCompletely based on final exam\nA well taught class by a very knowledgeable instructor who is passionate in the topic he teachers and whom tries to share that enthusiasm via various lecture materials.""]","[{""User_ID"": ""User74457"", ""Semester"": ""113-2"", ""Rating_Quality"": null, ""Rating_Sweet"": null, ""Rating_Easy"": null, ""Rating_Rich"": null, ""Comment"": ""How ancient Chinese philosophies influenced political structures and actions, and how those philosophies and political structures changed over time.\nLectures\nLecture Videos\nOnly Final Exam\nCompletely based on final exam\nA well taught class by a very knowledgeable instructor who is passionate in the topic he teachers and whom tries to share that enthusiasm via various lecture materials.""}]"
台灣地區政治經濟發展,張貴閔,政治理論組、公共行政組,2,114-2,49553,PS3102,3.0,3.0,4.0,2.0,"[""[User64980 | 110-1]: 第1週 2/14 課程介紹與分組選題\n第2週 2/21 PART I 國家建構 國家建構理論\n第3週 2/28 和平紀念日\n第4週 3/7 國家建構在台灣\n第5週 3/14 專題報告\n第6週 3/21 PART II 經濟發展 經濟發展理論\n第7週 3/28 解釋台灣經濟奇蹟\n第8週 4/4 兒童節\n第9週 4/11 專題報告\n第10週 4/18 PART III 政治民主化 民主轉型理論\n第11週 4/25 解釋台灣民主化\n第12週 5/2 專題報告\n第13週 5/9 PART IV 當代挑戰 土地正義\n第14週 5/16 中國因素\n第15週 5/23 專題報告\n第16週 5/30 期末考\n口頭搭配ＰＰＴ講解\n若林正丈著，洪郁如譯，2016，《戰後台灣政治史：中華民國台灣化的歷程》，臺大出版中心。 瞿宛文，《台灣戰後經濟發展的源起：後進發展的為何與如何》，聯經，2017年。 Acemoglu, Daron and James A. Robinson，劉道捷譯，2020，《自由的窄廊：國家與社會如何決定自由的命運》，衛城出版。\n（考試會考建議指定閱讀要加減看）\n同上\n（一）專題口頭報告或長篇書評二擇一（40%） 1. 小組專題口頭報告 由於課堂上無法涵蓋所有議題，小組專題報告旨在鼓勵學生對其感興趣的議題，進一步研究其相關文獻、網路資料。專題報告內容除了包括所蒐集到的資料之外，學生還應討論所選議題的重要性、根據其蒐集到的資料所做出的暫時性結論、以及你們認為資料的偏見或不足之處。 每三至四位同學組成一個研究小組，挑選一個與模組議題相關的題目，做成20分鐘的專題口頭報告。各組應在第二週（2/21）上課前，於NTU COOL上完成選擇模組、完成小組成員登記。 各組應於在報告當天上課前，將簡報上傳到NTU COOL。 2. 個人長篇書評 學生也可以選擇寫作長篇書評投稿《政治科學季評》，評論與課程主題、彼此相關的兩本學術著作，內容應當包含：（1）兩部作品的主要問題意識，針對該問題，兩本著作之間的關係為何；（2）兩本著作所採行的研究方法，是否適合該研究問題，兩本著作方法彼此類似或是相異之處；（3）各別著作的強項和弱點；（4）你在閱讀這兩部著作後所產生的個人論點。 書評約5,000至8,000字，繳交期限為5/23。 （二）期末考（55%） 開書期末考測試學生對授課內容的熟悉程度，於5/30舉行。 （三）出席（5%）\n看到板上沒有對於老師課程的評價於是上來分享，以下會分成老師上課內容，評分方式與甜涼度做介紹：\n一、上課內容：\n這堂課是政治系政論組大三必修，但相當可惜的是很多理論都是點到為止，沒有做更深入的探討。例如說台灣政治發展的部分原本以為會細緻的介紹民主轉型的理論大大多點到為止，我覺得有點花太多時間在講一些瑣碎的資訊。雖然指定閱讀給的份量很扎實，但可惜課堂講解沒有同感。\n\n我自己覺得老師的口條和以前版上批評的語無倫次是有一些改善，但ＰＰＴ的凌亂，理論講解的瑣碎都是致命傷，看得出來老師有用心備課但可惜的是成效不好。同樣是在講解關於國家發展與政治轉型的理論課建議外系的人可能直接右轉吳玉山老師的政治社會學會學到更多扎實的內容。\n\n二、評分方式\n這學期主要是一份讓同學二選一的project＋考期末考這樣。作業可以選擇長篇書評或是分組口頭報告，考試開書考，且四選二作答。但作業與考試給分都很嚴格（後面說明）loading沒有到非常重。\n\n三、甜涼度：\n個人總評是不甜，老師期末考給分很嚴格NTUcool顯示中位數約落在60幾分。作業改的也偏嚴格。但作業都不難偏涼。\n\n整題而言推或不推：\n對外系學生來說若想了解相關議題的話我認為可能有更好的其他課程可以選擇啦．但本系學生是逃不掉得。但憑良心說老師是一位認真的學者，為人也很親切（只是不擅長教學）若有相關議題下課老師總是很歡迎大家去找她談，應該可以有很多收穫的～""]","[{""User_ID"": ""User64980"", ""Semester"": ""110-1"", ""Rating_Quality"": null, ""Rating_Sweet"": null, ""Rating_Easy"": null, ""Rating_Rich"": null, ""Comment"": ""第1週 2/14 課程介紹與分組選題\n第2週 2/21 PART I 國家建構 國家建構理論\n第3週 2/28 和平紀念日\n第4週 3/7 國家建構在台灣\n第5週 3/14 專題報告\n第6週 3/21 PART II 經濟發展 經濟發展理論\n第7週 3/28 解釋台灣經濟奇蹟\n第8週 4/4 兒童節\n第9週 4/11 專題報告\n第10週 4/18 PART III 政治民主化 民主轉型理論\n第11週 4/25 解釋台灣民主化\n第12週 5/2 專題報告\n第13週 5/9 PART IV 當代挑戰 土地正義\n第14週 5/16 中國因素\n第15週 5/23 專題報告\n第16週 5/30 期末考\n口頭搭配ＰＰＴ講解\n若林正丈著，洪郁如譯，2016，《戰後台灣政治史：中華民國台灣化的歷程》，臺大出版中心。 瞿宛文，《台灣戰後經濟發展的源起：後進發展的為何與如何》，聯經，2017年。 Acemoglu, Daron and James A. Robinson，劉道捷譯，2020，《自由的窄廊：國家與社會如何決定自由的命運》，衛城出版。\n（考試會考建議指定閱讀要加減看）\n同上\n（一）專題口頭報告或長篇書評二擇一（40%） 1. 小組專題口頭報告 由於課堂上無法涵蓋所有議題，小組專題報告旨在鼓勵學生對其感興趣的議題，進一步研究其相關文獻、網路資料。專題報告內容除了包括所蒐集到的資料之外，學生還應討論所選議題的重要性、根據其蒐集到的資料所做出的暫時性結論、以及你們認為資料的偏見或不足之處。 每三至四位同學組成一個研究小組，挑選一個與模組議題相關的題目，做成20分鐘的專題口頭報告。各組應在第二週（2/21）上課前，於NTU COOL上完成選擇模組、完成小組成員登記。 各組應於在報告當天上課前，將簡報上傳到NTU COOL。 2. 個人長篇書評 學生也可以選擇寫作長篇書評投稿《政治科學季評》，評論與課程主題、彼此相關的兩本學術著作，內容應當包含：（1）兩部作品的主要問題意識，針對該問題，兩本著作之間的關係為何；（2）兩本著作所採行的研究方法，是否適合該研究問題，兩本著作方法彼此類似或是相異之處；（3）各別著作的強項和弱點；（4）你在閱讀這兩部著作後所產生的個人論點。 書評約5,000至8,000字，繳交期限為5/23。 （二）期末考（55%） 開書期末考測試學生對授課內容的熟悉程度，於5/30舉行。 （三）出席（5%）\n看到板上沒有對於老師課程的評價於是上來分享，以下會分成老師上課內容，評分方式與甜涼度做介紹：\n一、上課內容：\n這堂課是政治系政論組大三必修，但相當可惜的是很多理論都是點到為止，沒有做更深入的探討。例如說台灣政治發展的部分原本以為會細緻的介紹民主轉型的理論大大多點到為止，我覺得有點花太多時間在講一些瑣碎的資訊。雖然指定閱讀給的份量很扎實，但可惜課堂講解沒有同感。\n\n我自己覺得老師的口條和以前版上批評的語無倫次是有一些改善，但ＰＰＴ的凌亂，理論講解的瑣碎都是致命傷，看得出來老師有用心備課但可惜的是成效不好。同樣是在講解關於國家發展與政治轉型的理論課建議外系的人可能直接右轉吳玉山老師的政治社會學會學到更多扎實的內容。\n\n二、評分方式\n這學期主要是一份讓同學二選一的project＋考期末考這樣。作業可以選擇長篇書評或是分組口頭報告，考試開書考，且四選二作答。但作業與考試給分都很嚴格（後面說明）loading沒有到非常重。\n\n三、甜涼度：\n個人總評是不甜，老師期末考給分很嚴格NTUcool顯示中位數約落在60幾分。作業改的也偏嚴格。但作業都不難偏涼。\n\n整題而言推或不推：\n對外系學生來說若想了解相關議題的話我認為可能有更好的其他課程可以選擇啦．但本系學生是逃不掉得。但憑良心說老師是一位認真的學者，為人也很親切（只是不擅長教學）若有相關議題下課老師總是很歡迎大家去找她談，應該可以有很多收穫的～""}]"
中華民國憲法及政府二,蔡季廷,政治理論組、國際關係組、公共行政組、社會科學院院學士學位,2,114-2,17166,PS1032,,,,,"[""無評價""]",[]
國際公法二,蔡季廷,國際關係組,2,114-2,57696,PS3317,,,,,"[""[PTT | 109-2]: 轉載自 PTT 作者 ID: ntupppeap (台大比波)\n哪一學年度修課：\n\n109-2\n\nψ 授課教師 (若為多人合授請寫開課教師，以方便收錄)\n\n蔡季廷\n\nλ 開課系所與授課對象 (是否為必修或通識課 / 內容是否與某些背景相關)\n\n政治系國關組大二必修\n\nδ 課程大概內容\n\n上學期是國際法總論，這學期是各論\n國際海洋法（國際法與海洋秩序）\n國際人權法（國際法與人性尊嚴）\n期中考（包含國際人權法的前半段）\n國際經濟法（國際法與經濟秩序）\n國際環境法（國際法與環境問題）\n武力使用與國際人道法（武力對國際法本質的挑戰）\n期末考（包含國際人權法的後半段）\n\nΩ 私心推薦指數(以五分計) ★★★★★\n\n★★★★★ 完全是可以的一門課\n\nη 上課用書(影印講義或是指定教科書)\n\n丘宏達、陳純一，現代國際法(三版)。台北：三民\n\nμ 上課方式(投影片、團體討論、老師教學風格)\n\n跟上學期差不多，一開始以海洋法為重心講授時，會發給同學海洋法公約，考試時可以\n參考，上課時也講解了很多關於海洋法的劃界方式，並以國際法上發生過之案例以及\n板書畫圖作為輔助，雖然這些內容在現代國際法這本書上都有詳細敘述，但聽過老師講解一遍\n感覺還是蠻不錯，至於之後的人權法、經濟法、環境法的內容便比較少與課本交集，要比較認真\n聽，國際人道法則是又有編寫在課本內，而這學期在學習國際法的各個議題時，其實也\n帶入很多國際組織的運作方式，原則上上完一年後會把現代國際法的內容講大概95%(除了領土\n等觀念沒說而已)。\n\nρ 考題型式、作業方式\n\n期中期末各50%，全申論\n\nω 其它(是否注重出席率？如果為外系選修，需先有什麼基礎較好嗎？老師個性？\n加簽習慣？嚴禁遲到等…)\n\n不重出席率，建議有國際公法一的基礎，但其實沒有也沒差，加簽全簽\n\nΨ 總結\n\n不錯的課，老師在上學期也會開設海洋法的相關課程，是比較偏向政治方面的講授而非法規範\n的分析\n\n--\n\n原文網址: https://www.ptt.cc/bbs/NTUcourse/M.1624848237.A.2DD.html""]","[{""User_ID"": ""PTT"", ""Semester"": ""109-2"", ""Rating_Quality"": null, ""Rating_Sweet"": null, ""Rating_Easy"": null, ""Rating_Rich"": null, ""Comment"": ""轉載自 PTT 作者 ID: ntupppeap (台大比波)\n哪一學年度修課：\n\n109-2\n\nψ 授課教師 (若為多人合授請寫開課教師，以方便收錄)\n\n蔡季廷\n\nλ 開課系所與授課對象 (是否為必修或通識課 / 內容是否與某些背景相關)\n\n政治系國關組大二必修\n\nδ 課程大概內容\n\n上學期是國際法總論，這學期是各論\n國際海洋法（國際法與海洋秩序）\n國際人權法（國際法與人性尊嚴）\n期中考（包含國際人權法的前半段）\n國際經濟法（國際法與經濟秩序）\n國際環境法（國際法與環境問題）\n武力使用與國際人道法（武力對國際法本質的挑戰）\n期末考（包含國際人權法的後半段）\n\nΩ 私心推薦指數(以五分計) ★★★★★\n\n★★★★★ 完全是可以的一門課\n\nη 上課用書(影印講義或是指定教科書)\n\n丘宏達、陳純一，現代國際法(三版)。台北：三民\n\nμ 上課方式(投影片、團體討論、老師教學風格)\n\n跟上學期差不多，一開始以海洋法為重心講授時，會發給同學海洋法公約，考試時可以\n參考，上課時也講解了很多關於海洋法的劃界方式，並以國際法上發生過之案例以及\n板書畫圖作為輔助，雖然這些內容在現代國際法這本書上都有詳細敘述，但聽過老師講解一遍\n感覺還是蠻不錯，至於之後的人權法、經濟法、環境法的內容便比較少與課本交集，要比較認真\n聽，國際人道法則是又有編寫在課本內，而這學期在學習國際法的各個議題時，其實也\n帶入很多國際組織的運作方式，原則上上完一年後會把現代國際法的內容講大概95%(除了領土\n等觀念沒說而已)。\n\nρ 考題型式、作業方式\n\n期中期末各50%，全申論\n\nω 其它(是否注重出席率？如果為外系選修，需先有什麼基礎較好嗎？老師個性？\n加簽習慣？嚴禁遲到等…)\n\n不重出席率，建議有國際公法一的基礎，但其實沒有也沒差，加簽全簽\n\nΨ 總結\n\n不錯的課，老師在上學期也會開設海洋法的相關課程，是比較偏向政治方面的講授而非法規範\n的分析\n\n--\n\n原文網址: https://www.ptt.cc/bbs/NTUcourse/M.1624848237.A.2DD.html""}]"
國際關係史二,陳世民,國際關係組、社會科學院院學士學位,2,114-2,36766,PS2202,,,,,"[""無評價""]",[]
中國政治哲學概論,安井伸介,國際關係組,2,114-2,44329,PS3208,4.5,4.5,5.0,2.5,"[""[User47886 | 110-2]: 以教師講課為主，老師雖然是日本人，但口條十分清楚，不用擔心無法適應（老師本人都吐槽過中政哲竟然是由外國老師來教）。個人很喜歡老師偶爾分享一些日本學習漢學的經歷，讓這堂課又多了一點文化交流的味道。\n老師教授這堂課的方式，是將中國政治哲學歸類成幾個大主題，再分別切入各家不同的見解，因此整體而言脈絡十分清晰，不會像高中國文那樣充滿背誦，加上老師自帶小幽默，常常補充一些有趣的影片或案例，幫助學生理解先秦思想的理路。雖然是政治系大三必修，但無論是不是本系生應該都沒什麼修課門檻，大一大二想跳修也沒問題。\n教師自製投影片（不會給學生檔案）\n文言文補充資料\n課程錄影（主要提供課後複習使用，但如果用來補課也不是不行。）\n老師說過他不喜歡為難學生，因此整學期成績完全由期末考決定，整體來說題型並不刁鑽，大多會是大方向的概念題，甚至老師還會在期末考前一週先告訴我們其中一題的題目（本學期事先公開題目，要求我們運用上課知識寫一封給普丁針對烏俄戰爭的信，蠻有趣的）。考試基本上是開書考，可以帶老師給的補充資料和筆記，寫申論時需要引用文言文的話，還可以直接標註補充資料的小標就好，算是相當好準備。不過如果要拿A+可能需要多發展自己對理論的見解，老師給A+的標準會稍稍嚴格一些。\n期末考100%\n可以用更宏觀的角度理解中國政治思想，並重新認識先秦哲人與時代之間的關聯。"", ""[PTT | 109-2]: 轉載自 PTT 作者 ID: ntupppeap (台大比波)\n哪一學年度修課：\n\n109-2\n\nψ 授課教師 (若為多人合授請寫開課教師，以方便收錄)\n\n安井伸介(老師是日本人，但中文非常好所以不用擔心口音的問題)\n\nλ 開課系所與授課對象 (是否為必修或通識課 / 內容是否與某些背景相關)\n\n政治系國關組大三必修\n\nδ 課程大概內容\n\n大部分是先秦政治思想\n會參考的原典如下：\n六家：陰陽家、儒家、墨家、名家、法家、道家\n儒家：《論語》、《孟子》、《荀子》\n墨家：《墨子》\n道家：《老子》→黃老：《皇帝四經》、《慎子》等\n→老莊：《莊子》\n法家：《商均書》、《韓非子》\n\n以政治學的視角為授課單位\n1. 統治術：利益誘導與反利思想\n2. 政治原理：權威與儒學的法家化\n3. 為政者論：人治或法治\n4. 秩序的想像：王霸之別與秩序的思維\n\n\nΩ 私心推薦指數(以五分計) ★★★★★\n\n★★★★★ 挺推的\n\nη 上課用書(影印講義或是指定教科書)\n\n無指定用書\n\nμ 上課方式(投影片、團體討論、老師教學風格)\n\n一開始會先講大觀念，然後擴張到各家流派在這個觀念上的想法與作為，例如老師講解\n統治術時，會先引導如果政治家要實現統治的目的的話，可能會牽涉到權力的概念，而權力\n之定義是影響他人以非自己所選擇的方式行事的能力，至於中國古代的統治者或先秦諸子\n如何實踐這些概念，便要從他們撰寫的典籍來細究探討，原則是一個小觀念就會配合到1-3則\n相對應的文獻，這些文獻會以老師講授的順序編排好並放在cool，但老師上課的簡報並不會\n附給大家，裡面是授課內容的概略敘述，對考試蠻重要的，後面有附檔是我自己完全依照\n授課內容紀錄的，不過沒有把每一個概念配對到的文獻紀錄上去(老師節錄的文獻都會標號)\n，還請各位海涵，另外老師通常會先對觀念做提問，然後看文獻，最後會整理出一個小結論\n，上課時也會搭配一些影片，算是輕鬆又有趣的一門課，一開始甚至還會開自己玩笑說，政治系\n居然是請一個外國人來講解中國政治哲學的概念。\n\nhttps://drive.google.com/file/d/1GvVyXrJ2UwAw_c3pnKIAgu-olYV3bcnO/view?usp=sharing\nρ 考題型式、作業方式\n\n期末考100%，共考了三題，需要按照課堂上講解的概念去論述，但老師會在最後一堂課公布\n一則題目，可以在期末考前自行擬答，而且占比通常是40%，老師還說只要有用心寫通常可以\n拿到38，往上加很難，往下扣也很難，因此蠻好把握的。\n\nω 其它(是否注重出席率？如果為外系選修，需先有什麼基礎較好嗎？老師個性？\n加簽習慣？嚴禁遲到等…)\n\n完全不看出席，而且老師會把上課的內容錄下來放在cool上面，品質還不錯，所以不太需要\n親自出席，不須基礎，外系似乎全簽\n\nΨ 總結\n\n優質必修一生推\n\n--\n\n原文網址: https://www.ptt.cc/bbs/NTUcourse/M.1624846119.A.05A.html""]","[{""User_ID"": ""User47886"", ""Semester"": ""110-2"", ""Rating_Quality"": null, ""Rating_Sweet"": null, ""Rating_Easy"": null, ""Rating_Rich"": null, ""Comment"": ""以教師講課為主，老師雖然是日本人，但口條十分清楚，不用擔心無法適應（老師本人都吐槽過中政哲竟然是由外國老師來教）。個人很喜歡老師偶爾分享一些日本學習漢學的經歷，讓這堂課又多了一點文化交流的味道。\n老師教授這堂課的方式，是將中國政治哲學歸類成幾個大主題，再分別切入各家不同的見解，因此整體而言脈絡十分清晰，不會像高中國文那樣充滿背誦，加上老師自帶小幽默，常常補充一些有趣的影片或案例，幫助學生理解先秦思想的理路。雖然是政治系大三必修，但無論是不是本系生應該都沒什麼修課門檻，大一大二想跳修也沒問題。\n教師自製投影片（不會給學生檔案）\n文言文補充資料\n課程錄影（主要提供課後複習使用，但如果用來補課也不是不行。）\n老師說過他不喜歡為難學生，因此整學期成績完全由期末考決定，整體來說題型並不刁鑽，大多會是大方向的概念題，甚至老師還會在期末考前一週先告訴我們其中一題的題目（本學期事先公開題目，要求我們運用上課知識寫一封給普丁針對烏俄戰爭的信，蠻有趣的）。考試基本上是開書考，可以帶老師給的補充資料和筆記，寫申論時需要引用文言文的話，還可以直接標註補充資料的小標就好，算是相當好準備。不過如果要拿A+可能需要多發展自己對理論的見解，老師給A+的標準會稍稍嚴格一些。\n期末考100%\n可以用更宏觀的角度理解中國政治思想，並重新認識先秦哲人與時代之間的關聯。""}, {""User_ID"": ""PTT"", ""Semester"": ""109-2"", ""Rating_Quality"": null, ""Rating_Sweet"": null, ""Rating_Easy"": null, ""Rating_Rich"": null, ""Comment"": ""轉載自 PTT 作者 ID: ntupppeap (台大比波)\n哪一學年度修課：\n\n109-2\n\nψ 授課教師 (若為多人合授請寫開課教師，以方便收錄)\n\n安井伸介(老師是日本人，但中文非常好所以不用擔心口音的問題)\n\nλ 開課系所與授課對象 (是否為必修或通識課 / 內容是否與某些背景相關)\n\n政治系國關組大三必修\n\nδ 課程大概內容\n\n大部分是先秦政治思想\n會參考的原典如下：\n六家：陰陽家、儒家、墨家、名家、法家、道家\n儒家：《論語》、《孟子》、《荀子》\n墨家：《墨子》\n道家：《老子》→黃老：《皇帝四經》、《慎子》等\n→老莊：《莊子》\n法家：《商均書》、《韓非子》\n\n以政治學的視角為授課單位\n1. 統治術：利益誘導與反利思想\n2. 政治原理：權威與儒學的法家化\n3. 為政者論：人治或法治\n4. 秩序的想像：王霸之別與秩序的思維\n\n\nΩ 私心推薦指數(以五分計) ★★★★★\n\n★★★★★ 挺推的\n\nη 上課用書(影印講義或是指定教科書)\n\n無指定用書\n\nμ 上課方式(投影片、團體討論、老師教學風格)\n\n一開始會先講大觀念，然後擴張到各家流派在這個觀念上的想法與作為，例如老師講解\n統治術時，會先引導如果政治家要實現統治的目的的話，可能會牽涉到權力的概念，而權力\n之定義是影響他人以非自己所選擇的方式行事的能力，至於中國古代的統治者或先秦諸子\n如何實踐這些概念，便要從他們撰寫的典籍來細究探討，原則是一個小觀念就會配合到1-3則\n相對應的文獻，這些文獻會以老師講授的順序編排好並放在cool，但老師上課的簡報並不會\n附給大家，裡面是授課內容的概略敘述，對考試蠻重要的，後面有附檔是我自己完全依照\n授課內容紀錄的，不過沒有把每一個概念配對到的文獻紀錄上去(老師節錄的文獻都會標號)\n，還請各位海涵，另外老師通常會先對觀念做提問，然後看文獻，最後會整理出一個小結論\n，上課時也會搭配一些影片，算是輕鬆又有趣的一門課，一開始甚至還會開自己玩笑說，政治系\n居然是請一個外國人來講解中國政治哲學的概念。\n\nhttps://drive.google.com/file/d/1GvVyXrJ2UwAw_c3pnKIAgu-olYV3bcnO/view?usp=sharing\nρ 考題型式、作業方式\n\n期末考100%，共考了三題，需要按照課堂上講解的概念去論述，但老師會在最後一堂課公布\n一則題目，可以在期末考前自行擬答，而且占比通常是40%，老師還說只要有用心寫通常可以\n拿到38，往上加很難，往下扣也很難，因此蠻好把握的。\n\nω 其它(是否注重出席率？如果為外系選修，需先有什麼基礎較好嗎？老師個性？\n加簽習慣？嚴禁遲到等…)\n\n完全不看出席，而且老師會把上課的內容錄下來放在cool上面，品質還不錯，所以不太需要\n親自出席，不須基礎，外系似乎全簽\n\nΨ 總結\n\n優質必修一生推\n\n--\n\n原文網址: https://www.ptt.cc/bbs/NTUcourse/M.1624846119.A.05A.html""}]"
外交決策與政策,徐斯勤,國際關係組,2,114-2,11959,PS3203,,,,,"[""無評價""]",[]
"國際關係二
A5",郭銘傑,公共行政組、社會科學院院學士學位,2,114-2,42251,PS1012,,,,,"[""無評價""]",[]
中華民國憲法及政府二,陳淳文,公共行政組、社會科學院院學士學位,2,114-2,51115,PS1032,,,,,"[""無評價""]",[]
公共政策二,郭銘峰,公共行政組,2,114-2,43897,PS3302,,,,,"[""無評價""]",[]
微積分3,蔡雅如,物理學系、地質科學系、心理學系、地理環境資源學系、經濟學系、工程科學及海洋工程學系、材料科學與工程學系、農藝學系、生物環境系統工程學系、森林環境暨資源學系、農業經濟學系、生物機電工程學系、企業管理組、科技管理組、會計學系、財務金融學系、國際企業學系、資訊管理學系、電機工程學系、資訊工程學系、生命科學系、生化科技學系,2,114-2,12861,MATH4008,5.0,3.5,3.5,5.0,"[""[User68408 | 110-2]: 見微積分統一教學網\n見微積分統一教學網\n紙本作業 12%\nWebwork 12%\n小考 30%（兩次或三次）\n期考 40%\n小考如果有三次的話有機會變成三取二\n調分要經過01~05班老師開會決定，機會不大\n很推雅如～教授很親切，有任何問題都可以去問他\n110-2的微積分3是實體授課，教授會用平板上課，講完觀念會帶例題\n如果不小心寫錯還會尖叫XD\n據教授所述她會將錄影片中自己怪叫的部分剪掉，所以強烈建議要來實體課\n最後也推個助教，助教的TA Hour超級實用的""]","[{""User_ID"": ""User68408"", ""Semester"": ""110-2"", ""Rating_Quality"": null, ""Rating_Sweet"": null, ""Rating_Easy"": null, ""Rating_Rich"": null, ""Comment"": ""見微積分統一教學網\n見微積分統一教學網\n紙本作業 12%\nWebwork 12%\n小考 30%（兩次或三次）\n期考 40%\n小考如果有三次的話有機會變成三取二\n調分要經過01~05班老師開會決定，機會不大\n很推雅如～教授很親切，有任何問題都可以去問他\n110-2的微積分3是實體授課，教授會用平板上課，講完觀念會帶例題\n如果不小心寫錯還會尖叫XD\n據教授所述她會將錄影片中自己怪叫的部分剪掉，所以強烈建議要來實體課\n最後也推個助教，助教的TA Hour超級實用的""}]"
微積分4 ─ 在經濟商管的應用,蔡雅如,地理環境資源學系、經濟學系、企業管理組、科技管理組、會計學系、財務金融學系、國際企業學系,2,114-2,23935,MATH4010,,,,,"[""無評價""]",[]
"總體經濟學原理與實習
A5",林明仁,經濟學系、社會科學院院學士學位、會計學系、財務金融學系、國際企業學系,4,114-2,47294,ECON1021,4.0,4.0,4.0,4.5,"[""[Comsa2022 | 109-2]: 做為經濟學的入門課程，介紹經濟學的基本觀念。 經原下將承接經原上的內容，在前幾週將個體經濟學的部分做收尾，並介紹個體經濟學目前的前沿研究。隨後將進入到總體經濟學的範疇，內容涵蓋國民所得的計算、物價指數、經濟成長、失業問題、貨幣政策、國際金融等基本知識，作為大二總體經濟學的基礎。\n用PPT上課，也有課本可以買（但不強制），實習課的部分就是重點整理，助教整理的很清楚，甚至可以直接看助教整理的重點去考試，也會講解作業。上課很有趣，教授滿幽 默的，會講滿多例題，也會分享一些時事，常常可以聽他上課講故事，上課不會無聊，給分也不錯，但缺點會是上課會用到滿多微積分的，考試也是，但如果有認真聽課還有看助教講義基本上不會太難。\nGregory Mankiw (M): Principles of Economics 7 8 9 th edition 皆可\n考試：沒有小考，只有期中期末，考試有選擇題（需要寫原因論述）也有問答跟計算，明仁的課需要微積分，題目也有滿多需要計算的地方。\n\n\n\n作業：算是很涼的班，每周差不多只有七題的題目，選擇題或計算題，如果有上實習課題目不會太難，而且沒有報吿。\n作業：30%，期中：30%，期末：40%\n\n期中期末偏難，大家分數普遍都蠻低的，但會調分，整體來說是紮實甜。\n*此篇為代轉，原文刊自管院學生會官網COMSA Database*\n網址：https://sites.google.com/view/comsadatabase/%E8%B3%87%E6%96%99%E5%BA%AB-%E8%AA%B2%E7%A8%8B/%E7%AE%A1%E7%90%86%E5%AD%B8%E9%99%A2/109-2-%E7%B8%BD%E9%AB%94%E7%B6%93%E6%BF%9F%E5%AD%B8%E5%8E%9F%E7%90%86%E8%88%87%E5%AF%A6%E7%BF%92-%E6%9E%97%E6%98%8E%E4%BB%81?authuser=0\n\n不會點名，沒有出席分數。老師人很好也很幽默風趣。就算沒點名但也會讓人想上課，加簽是用猜數字平均的方式。上學期若是有修他的個體經濟學與實習，下學期就會直接必帶。涼+紮實甜\n老師上課很有趣，會帶入時事也會放一些課程相關的影片，算是輕鬆學基礎經濟知識的課，因為沒有報告所以學期中的loading只要寫作業就好，整體來說很涼。但考試又有一定的難度，助教課要好好上（助教很用心都會整理考試重點），如果有認真上課也有讀書，成績都會蠻好看的。""]","[{""User_ID"": ""Comsa2022"", ""Semester"": ""109-2"", ""Rating_Quality"": null, ""Rating_Sweet"": null, ""Rating_Easy"": null, ""Rating_Rich"": null, ""Comment"": ""做為經濟學的入門課程，介紹經濟學的基本觀念。 經原下將承接經原上的內容，在前幾週將個體經濟學的部分做收尾，並介紹個體經濟學目前的前沿研究。隨後將進入到總體經濟學的範疇，內容涵蓋國民所得的計算、物價指數、經濟成長、失業問題、貨幣政策、國際金融等基本知識，作為大二總體經濟學的基礎。\n用PPT上課，也有課本可以買（但不強制），實習課的部分就是重點整理，助教整理的很清楚，甚至可以直接看助教整理的重點去考試，也會講解作業。上課很有趣，教授滿幽 默的，會講滿多例題，也會分享一些時事，常常可以聽他上課講故事，上課不會無聊，給分也不錯，但缺點會是上課會用到滿多微積分的，考試也是，但如果有認真聽課還有看助教講義基本上不會太難。\nGregory Mankiw (M): Principles of Economics 7 8 9 th edition 皆可\n考試：沒有小考，只有期中期末，考試有選擇題（需要寫原因論述）也有問答跟計算，明仁的課需要微積分，題目也有滿多需要計算的地方。\n\n\n\n作業：算是很涼的班，每周差不多只有七題的題目，選擇題或計算題，如果有上實習課題目不會太難，而且沒有報吿。\n作業：30%，期中：30%，期末：40%\n\n期中期末偏難，大家分數普遍都蠻低的，但會調分，整體來說是紮實甜。\n*此篇為代轉，原文刊自管院學生會官網COMSA Database*\n網址：https://sites.google.com/view/comsadatabase/%E8%B3%87%E6%96%99%E5%BA%AB-%E8%AA%B2%E7%A8%8B/%E7%AE%A1%E7%90%86%E5%AD%B8%E9%99%A2/109-2-%E7%B8%BD%E9%AB%94%E7%B6%93%E6%BF%9F%E5%AD%B8%E5%8E%9F%E7%90%86%E8%88%87%E5%AF%A6%E7%BF%92-%E6%9E%97%E6%98%8E%E4%BB%81?authuser=0\n\n不會點名，沒有出席分數。老師人很好也很幽默風趣。就算沒點名但也會讓人想上課，加簽是用猜數字平均的方式。上學期若是有修他的個體經濟學與實習，下學期就會直接必帶。涼+紮實甜\n老師上課很有趣，會帶入時事也會放一些課程相關的影片，算是輕鬆學基礎經濟知識的課，因為沒有報告所以學期中的loading只要寫作業就好，整體來說很涼。但考試又有一定的難度，助教課要好好上（助教很用心都會整理考試重點），如果有認真上課也有讀書，成績都會蠻好看的。""}]"
"總體經濟學原理與實習
A5",樊家忠,經濟學系、社會科學院院學士學位、會計學系、財務金融學系、國際企業學系,4,114-2,48908,ECON1021,3.2,3.5,3.5,3.5,"[""[User63642 | 113-2]: 實體但有影片，不點名，實體是去有個參與感的，畢竟樊班上課還算好玩的吧。\n每週一次小組作業\n作業、期中、期末，會調分。\n感覺是被朋友騙進來殺的。當初說找組員差一個，結果真修了也沒有同一組，讀期中期末還不揪。但學到不少知識倒是真的，但一下就忘了。最後能被調到 A- 都是我對不起他。""]","[{""User_ID"": ""User63642"", ""Semester"": ""113-2"", ""Rating_Quality"": null, ""Rating_Sweet"": null, ""Rating_Easy"": null, ""Rating_Rich"": null, ""Comment"": ""實體但有影片，不點名，實體是去有個參與感的，畢竟樊班上課還算好玩的吧。\n每週一次小組作業\n作業、期中、期末，會調分。\n感覺是被朋友騙進來殺的。當初說找組員差一個，結果真修了也沒有同一組，讀期中期末還不揪。但學到不少知識倒是真的，但一下就忘了。最後能被調到 A- 都是我對不起他。""}]"
個體經濟學下,黃貞穎,經濟學系、社會科學院院學士學位,3,114-2,42134,ECON2019,,,,,"[""[PTT | 108-2]: 轉載自 PTT 作者 ID: jesuschristo (響け！ ユーフォ)\n哪一學年度修課：\n\n108-2\n\nψ 授課教師 (若為多人合授請寫開課教師，以方便收錄)\n\n黃貞穎\n\nλ 開課系所與授課對象 (是否為必修或通識課 / 內容是否與某些背景相關)\n\n經濟系必修\n\nδ 課程大概內容\n\nCh18 Auctions\nCh19 Technology\nCh20 Profit Maximization\nCh21 Cost Minimization\nCh22 Cost Curves\nCh23 Firm Supply\nCh24 Industry Supply\nCh25 Monopoly\nCh26 Monopoly Behavior\nCh27 Factor Markets\n-----mid-----\nCh28 Oligopoly\nCh29 Game Theory\nCh30 Game Applications\nCh31 Behavioral Economics\nCh32 Exchange\nCh33 Production\nCh34 Welfare\nCh35 Externalities\nCh36 Information Technology\nCh37 Public Goods\nCh38 Asymmetric Information\n-----fin-----\n\nΩ 私心推薦指數(以五分計) ★★★★★\n★★★★☆ (主要是扣給助教的 後述\n\nη 上課用書(影印講義或是指定教科書)\n\nIntermediate Microeconomics with Calculus:\nA Modern Approach, Hal R. Varian\n\nμ 上課方式(投影片、團體討論、老師教學風格)\n\n投影片上課 老師的投影課蠻簡潔的\n\n所以沒上課的話可能會看不太懂\n\n這學期都採線上上課\n\n好處是複習的時候可以回去找影片再聽一次\n\nσ 評分方式(給分甜嗎？是紮實分？)\n\n50% 期中考\n50% 期末考\n\n此外每個禮拜上課有問問題的話會在加分\n\n所以總共可以加14分\n\n這學期問問題都用Umeeting\n\n非常適合我這種害怕上課發言的人XD\n\nρ 考題型式、作業方式\n\n今年線上考試所以都是是非題\n\n相較往年覺得今年難度比較適中 考古好難QQ\n\n有6次作業 但不算分 要不要寫看你\n\n建議是寫啦 上課都不會帶題目的\n\n只能用作業當練習 而且考題通常會考類似觀念\n\n這邊就來說一下為什麼要扣一顆星\n\n作業都是在助教課的時候講解的\n\n但助教課效果頗差\n\n常常講不完還在那邊閒聊 之後又在那邊趕課\n\n然後解答似乎是直接抄以前提供的解答\n\n常常講到一半自己卡住 不知道那邊要怎麼解釋\n\n這就算了 如果要問老師作業問題\n\n老師還會要求你先跟助教討論過 還是不懂才能問她\n\n問題是助教自己上課就不懂了啊 wtf\n\n真的差點沒被這助教氣死\n\n據說教過3年個經了 結果雷成這樣\n\n最後幾次作業直接上網自己看解答了 老師還不給:)\n\n但如果要跟老師討論作業以外經濟學的問題還是ok的\n\n所以針對作業部份扣分\n\nω 其它(是否注重出席率？如果為外系選修，需先有什麼基礎較好嗎？老師個性？\n加簽習慣？嚴禁遲到等…)\n\n不點名\n\n我覺得跟總經同時修有奇效 可以相輔相成(?\n\nΨ 總結\n\n不知道為什麼板上一致5星啦\n\n我是覺得上課效果也普普\n\n你說老師是天才 我非常同意\n\n但會讀書跟會教書畢竟還是兩回事\n\n總之我是拿到A+了 但整學期修得很累\n\n--\n\n原文網址: https://www.ptt.cc/bbs/NTUcourse/M.1595063880.A.084.html""]","[{""User_ID"": ""PTT"", ""Semester"": ""108-2"", ""Rating_Quality"": null, ""Rating_Sweet"": null, ""Rating_Easy"": null, ""Rating_Rich"": null, ""Comment"": ""轉載自 PTT 作者 ID: jesuschristo (響け！ ユーフォ)\n哪一學年度修課：\n\n108-2\n\nψ 授課教師 (若為多人合授請寫開課教師，以方便收錄)\n\n黃貞穎\n\nλ 開課系所與授課對象 (是否為必修或通識課 / 內容是否與某些背景相關)\n\n經濟系必修\n\nδ 課程大概內容\n\nCh18 Auctions\nCh19 Technology\nCh20 Profit Maximization\nCh21 Cost Minimization\nCh22 Cost Curves\nCh23 Firm Supply\nCh24 Industry Supply\nCh25 Monopoly\nCh26 Monopoly Behavior\nCh27 Factor Markets\n-----mid-----\nCh28 Oligopoly\nCh29 Game Theory\nCh30 Game Applications\nCh31 Behavioral Economics\nCh32 Exchange\nCh33 Production\nCh34 Welfare\nCh35 Externalities\nCh36 Information Technology\nCh37 Public Goods\nCh38 Asymmetric Information\n-----fin-----\n\nΩ 私心推薦指數(以五分計) ★★★★★\n★★★★☆ (主要是扣給助教的 後述\n\nη 上課用書(影印講義或是指定教科書)\n\nIntermediate Microeconomics with Calculus:\nA Modern Approach, Hal R. Varian\n\nμ 上課方式(投影片、團體討論、老師教學風格)\n\n投影片上課 老師的投影課蠻簡潔的\n\n所以沒上課的話可能會看不太懂\n\n這學期都採線上上課\n\n好處是複習的時候可以回去找影片再聽一次\n\nσ 評分方式(給分甜嗎？是紮實分？)\n\n50% 期中考\n50% 期末考\n\n此外每個禮拜上課有問問題的話會在加分\n\n所以總共可以加14分\n\n這學期問問題都用Umeeting\n\n非常適合我這種害怕上課發言的人XD\n\nρ 考題型式、作業方式\n\n今年線上考試所以都是是非題\n\n相較往年覺得今年難度比較適中 考古好難QQ\n\n有6次作業 但不算分 要不要寫看你\n\n建議是寫啦 上課都不會帶題目的\n\n只能用作業當練習 而且考題通常會考類似觀念\n\n這邊就來說一下為什麼要扣一顆星\n\n作業都是在助教課的時候講解的\n\n但助教課效果頗差\n\n常常講不完還在那邊閒聊 之後又在那邊趕課\n\n然後解答似乎是直接抄以前提供的解答\n\n常常講到一半自己卡住 不知道那邊要怎麼解釋\n\n這就算了 如果要問老師作業問題\n\n老師還會要求你先跟助教討論過 還是不懂才能問她\n\n問題是助教自己上課就不懂了啊 wtf\n\n真的差點沒被這助教氣死\n\n據說教過3年個經了 結果雷成這樣\n\n最後幾次作業直接上網自己看解答了 老師還不給:)\n\n但如果要跟老師討論作業以外經濟學的問題還是ok的\n\n所以針對作業部份扣分\n\nω 其它(是否注重出席率？如果為外系選修，需先有什麼基礎較好嗎？老師個性？\n加簽習慣？嚴禁遲到等…)\n\n不點名\n\n我覺得跟總經同時修有奇效 可以相輔相成(?\n\nΨ 總結\n\n不知道為什麼板上一致5星啦\n\n我是覺得上課效果也普普\n\n你說老師是天才 我非常同意\n\n但會讀書跟會教書畢竟還是兩回事\n\n總之我是拿到A+了 但整學期修得很累\n\n--\n\n原文網址: https://www.ptt.cc/bbs/NTUcourse/M.1595063880.A.084.html""}]"
個體經濟學下,蔡崇聖,經濟學系、社會科學院院學士學位,3,114-2,54586,ECON2019,4.5,4.2,2.5,4.8,"[""[User43581 | 113-2]: 專業\n很好\n專業\n很親切\n99/100\n很喜歡"", ""[willkczy | 110-2]: 1. Monopoly (Perloff: Ch. 11-12)\nMonopolistic pricing\nNatural monopoly\nRegulating monopoly\nPrice discrimination\n2. Oligopoly and Monopolistic Competition (Perloff: Ch. 14)\nQuantity competition: Cournot and Stackelberg models\nPrice competition: Bertrand model with homogenous and heterogeneous products\nMonopolistic competition\nMIDTERM EXAM\n3. Game Theory (Perloff: Ch. 13)\nStatic games\nDynamic games\nIncomplete information games\n4. Welfare Economics and General Equilibrium (Perloff: Ch. 9-10)\nEfficiency\nExchange economy\nFirst and Second Theorems of Welfare Economics\n5. Public Goods and Externality (Perloff: Ch. 17)\nExternality and Coase theorem\nPublic goods theory\nFINAL EXAM\n現場中文授課，筆記中英混合，以黑板板書講解，依據老師自己的教學筆記作為上課架構\n課程時間上好上滿，但有時會夾雜閒聊和其他分享，上課氣氛輕鬆，老師講話頗幽默好笑。\n上課都是以老師在黑板上的筆記為主，其實不會需要用到書，老師也會提供他自己整理的筆記（相當之好用）\nMicroeconomics: Theory and Applications with Calculus (4th edition), by Jeffrey Perloff, Pearson\nEducation, 2018 (代理商:雙葉書廊)\n四次小組作業：一組好像是4~5個人，每次大概兩到三題，題目會偏難，需要小組討論或是有大神帶領\n期中期末：實體考試，大概都是4~5題，一大題是非題和三大題計算題，裡面包一堆小題，部分會需要解釋經濟意義（文字解釋、舉例、畫圖等）才會有分，單純算出答案但沒有解釋分數拿不多，是非題需解釋為什麼對為什麼不對。老師會給前兩年的考古（也會有老師給的解答），其它年的考古也可以在經濟系資料庫中找到。\n期中期末：80%\n四次作業：20%\n沒有調分的話全班成績應該都會偏慘，所以期末都會調分，會依據老師自己想要有的成績分布去給出各級距，也會寄信給全班解釋調分邏輯。\n（內容與之前發過的個經上大致相同，有更改下學期的課綱）\n非常讚非常扎實但個人也覺得偏硬的個經課，老師講話很風趣，上起來很輕鬆，上課認真聽也都幾乎可以馬上理解內容，但是要應用到解題目就要下點苦工。老師的個經應該算是經濟系裡面也偏難的，雖然不強調數學計算（基本微分、lagrange求最佳解大概就夠了，不懂老師也會稍微解釋）但是很強調要能夠解釋背後的經濟意義和解釋你的答案，又因為題型大多靈活又會有一些特別設計過的情況，所以需要蠻通透的理解才可以很好的答題，上課時只會帶一些基本的應用題目，所以常常會遇到上課聽得很懂，但是遇到作業題目考古題沒想法的狀況🥲建議的準備考試方式是要做考古題才會比較知道題目長怎樣，雖然偶爾會有看起來蠻像的題目但大多都是變化過的，然後也常會出現沒看過的題型，所以最好還是整個通透內容，只用考古硬記應該是沒什麼用\n\n上課速度適中，聽不懂馬上提出老師也會再講一遍，甚至會自覺他好像這邊講得亂亂的然後一直幫同學統整。老師屬於上課會閒聊的類型，會分享一些趣事，所以雖然每次上課內容都很多，但常常感覺一下子就過去了，但每次上完都會覺得腦子被轟炸，一下子又進來了很多新的內容。雖然會提供老師自製的很詳細講義，然後老師的板書也大多跟筆記類似，但還是會建議上課的時候跟著抄，順便幫助理解。\n\n作業通常都會出一些比較難和靈活的題目，所以最好是朋友一起一組互相討論比較好，不然就是要有厲害的人在，作業那些特殊情況有時候會出現在期中期末，所以最好是都可以把作業的內容弄懂，但是作業不會特別講解，都是助教改完後上傳他的詳解，這學期的助教算是蠻認真的都改很快，詳解也蠻清楚，但個人還是覺得老師有時候可以在課堂中稍微講解一下作業內容，可以更幫助理解，但因為課程內容要教得很多所以也不見得有時間，因此還是建議自己要去把作業的東西搞懂。\n\n這學期到最後是遠距直播上課，課後會上傳影片，老師今天應該是第一次用遠距的東西，所以一開始有點不熟，但到後面已經沒有什麼問題，未來如果有遠距應該就會蠻順利的。""]","[{""User_ID"": ""User43581"", ""Semester"": ""113-2"", ""Rating_Quality"": null, ""Rating_Sweet"": null, ""Rating_Easy"": null, ""Rating_Rich"": null, ""Comment"": ""專業\n很好\n專業\n很親切\n99/100\n很喜歡""}, {""User_ID"": ""willkczy"", ""Semester"": ""110-2"", ""Rating_Quality"": null, ""Rating_Sweet"": null, ""Rating_Easy"": null, ""Rating_Rich"": null, ""Comment"": ""1. Monopoly (Perloff: Ch. 11-12)\nMonopolistic pricing\nNatural monopoly\nRegulating monopoly\nPrice discrimination\n2. Oligopoly and Monopolistic Competition (Perloff: Ch. 14)\nQuantity competition: Cournot and Stackelberg models\nPrice competition: Bertrand model with homogenous and heterogeneous products\nMonopolistic competition\nMIDTERM EXAM\n3. Game Theory (Perloff: Ch. 13)\nStatic games\nDynamic games\nIncomplete information games\n4. Welfare Economics and General Equilibrium (Perloff: Ch. 9-10)\nEfficiency\nExchange economy\nFirst and Second Theorems of Welfare Economics\n5. Public Goods and Externality (Perloff: Ch. 17)\nExternality and Coase theorem\nPublic goods theory\nFINAL EXAM\n現場中文授課，筆記中英混合，以黑板板書講解，依據老師自己的教學筆記作為上課架構\n課程時間上好上滿，但有時會夾雜閒聊和其他分享，上課氣氛輕鬆，老師講話頗幽默好笑。\n上課都是以老師在黑板上的筆記為主，其實不會需要用到書，老師也會提供他自己整理的筆記（相當之好用）\nMicroeconomics: Theory and Applications with Calculus (4th edition), by Jeffrey Perloff, Pearson\nEducation, 2018 (代理商:雙葉書廊)\n四次小組作業：一組好像是4~5個人，每次大概兩到三題，題目會偏難，需要小組討論或是有大神帶領\n期中期末：實體考試，大概都是4~5題，一大題是非題和三大題計算題，裡面包一堆小題，部分會需要解釋經濟意義（文字解釋、舉例、畫圖等）才會有分，單純算出答案但沒有解釋分數拿不多，是非題需解釋為什麼對為什麼不對。老師會給前兩年的考古（也會有老師給的解答），其它年的考古也可以在經濟系資料庫中找到。\n期中期末：80%\n四次作業：20%\n沒有調分的話全班成績應該都會偏慘，所以期末都會調分，會依據老師自己想要有的成績分布去給出各級距，也會寄信給全班解釋調分邏輯。\n（內容與之前發過的個經上大致相同，有更改下學期的課綱）\n非常讚非常扎實但個人也覺得偏硬的個經課，老師講話很風趣，上起來很輕鬆，上課認真聽也都幾乎可以馬上理解內容，但是要應用到解題目就要下點苦工。老師的個經應該算是經濟系裡面也偏難的，雖然不強調數學計算（基本微分、lagrange求最佳解大概就夠了，不懂老師也會稍微解釋）但是很強調要能夠解釋背後的經濟意義和解釋你的答案，又因為題型大多靈活又會有一些特別設計過的情況，所以需要蠻通透的理解才可以很好的答題，上課時只會帶一些基本的應用題目，所以常常會遇到上課聽得很懂，但是遇到作業題目考古題沒想法的狀況🥲建議的準備考試方式是要做考古題才會比較知道題目長怎樣，雖然偶爾會有看起來蠻像的題目但大多都是變化過的，然後也常會出現沒看過的題型，所以最好還是整個通透內容，只用考古硬記應該是沒什麼用\n\n上課速度適中，聽不懂馬上提出老師也會再講一遍，甚至會自覺他好像這邊講得亂亂的然後一直幫同學統整。老師屬於上課會閒聊的類型，會分享一些趣事，所以雖然每次上課內容都很多，但常常感覺一下子就過去了，但每次上完都會覺得腦子被轟炸，一下子又進來了很多新的內容。雖然會提供老師自製的很詳細講義，然後老師的板書也大多跟筆記類似，但還是會建議上課的時候跟著抄，順便幫助理解。\n\n作業通常都會出一些比較難和靈活的題目，所以最好是朋友一起一組互相討論比較好，不然就是要有厲害的人在，作業那些特殊情況有時候會出現在期中期末，所以最好是都可以把作業的內容弄懂，但是作業不會特別講解，都是助教改完後上傳他的詳解，這學期的助教算是蠻認真的都改很快，詳解也蠻清楚，但個人還是覺得老師有時候可以在課堂中稍微講解一下作業內容，可以更幫助理解，但因為課程內容要教得很多所以也不見得有時間，因此還是建議自己要去把作業的東西搞懂。\n\n這學期到最後是遠距直播上課，課後會上傳影片，老師今天應該是第一次用遠距的東西，所以一開始有點不熟，但到後面已經沒有什麼問題，未來如果有遠距應該就會蠻順利的。""}]"
總體經濟學下,毛慶生,經濟學系、社會科學院院學士學位,3,114-2,18731,ECON2021,,,,,"[""[PTT | 108-2]: 轉載自 PTT 作者 ID: jesuschristo (響け！ ユーフォ)\n哪一學年度修課：\n\n108\n\nψ 授課教師 (若為多人合授請寫開課教師，以方便收錄)\n\n毛慶生\n\nλ 開課系所與授課對象 (是否為必修或通識課 / 內容是否與某些背景相關)\n\n經濟系必修\n\nδ 課程大概內容\n\n上學期\n---------\n總體經濟學導論\n產出與物價的衡量\n景氣波動的定型特徵\n廠商的靜態選擇\n消費者的靜態選擇\n靜態模型均衡分析\n消費與儲蓄的選擇\n世代家庭的消費與儲蓄\n\n下學期\n---------\n稟賦經濟均衡分析\nlucas tree model\n廠商的投資決策\nRBC model\nsolow-swan model\n\nΩ 私心推薦指數(以五分計) ★★★★★\n★★★★★★★★★★★★★★★\nη 上課用書(影印講義或是指定教科書)\n\n總體經濟分析─古典新論(一) , 毛慶生\n\n另開學有提到一本原文書 老毛說考試可能會出裡面內容\n\n但其實根本沒用到QQ\n\nμ 上課方式(投影片、團體討論、老師教學風格)\n\n全程板書~\n\n把老師的板書超下來就是一本價值滿滿的筆記:)\n\n這堂總經最大的特點就是強調經濟直覺的推導\n\n老毛絕對不會用繁瑣的數學式跟你推式子\n\n而是用講故事的方式去告訴你經濟學的概念\n\n「如何說出一個好的故事」就是老毛要在這門課教你的\n\n老毛上課生動有趣 除了爬樹摘椰果等正課內容外\n\n輔以走狗的學說多爛、政府的政策效果\n\n還有他如何與社會系的教授辯論等\n\n保證你上課專注度100分 (σ°∀°)σ..:*☆\n\nσ 評分方式(給分甜嗎？是紮實分？)\n\n50%期中\n50%期末\n\n算紮實甜吧 有唸有分\n\n我覺得老毛考試給分很佛了\n\nρ 考題型式、作業方式\n\n選擇題+分析題\n\n選擇題仍要稍微解釋一下如何推導\n\n基本上考題不會偏離上課所講\n\n只要觀念正確都 有練過課本習題or考古都不難寫\n\n期考每一份考卷都是老師自己改的 真的很辛苦QQ\n\nω 其它(是否注重出席率？如果為外系選修，需先有什麼基礎較好嗎？老師個性？\n加簽習慣？嚴禁遲到等…)\n\n不點名啦 不來上課是自己的損失\n\n每次看到有人來上課還在用筆電做其他事就頭痛\n\n修過經原跟微積分就ok了\n\n加簽好像有人數上限 經濟系雙主修輔系等優先\n\n不過今年全簽就是\n\nΨ 總結\n\n大概是目前修過最愛的教授了\n\n老師雖然退休了 但還是願意來教我們\n\n雖然嘴上說是so poor\n\n但我覺得真正重要的是他對經濟學的熱忱\n\n老師人超好\n\n我常常寄信問問題或是考前花個1-2小時去研究室煩他\n\n他都很nice的跟我討論QQQ\n\n總之就是一門超讚的課 修完保證收穫滿滿!\n\n--\n\n原文網址: https://www.ptt.cc/bbs/NTUcourse/M.1595731255.A.F0F.html""]","[{""User_ID"": ""PTT"", ""Semester"": ""108-2"", ""Rating_Quality"": null, ""Rating_Sweet"": null, ""Rating_Easy"": null, ""Rating_Rich"": null, ""Comment"": ""轉載自 PTT 作者 ID: jesuschristo (響け！ ユーフォ)\n哪一學年度修課：\n\n108\n\nψ 授課教師 (若為多人合授請寫開課教師，以方便收錄)\n\n毛慶生\n\nλ 開課系所與授課對象 (是否為必修或通識課 / 內容是否與某些背景相關)\n\n經濟系必修\n\nδ 課程大概內容\n\n上學期\n---------\n總體經濟學導論\n產出與物價的衡量\n景氣波動的定型特徵\n廠商的靜態選擇\n消費者的靜態選擇\n靜態模型均衡分析\n消費與儲蓄的選擇\n世代家庭的消費與儲蓄\n\n下學期\n---------\n稟賦經濟均衡分析\nlucas tree model\n廠商的投資決策\nRBC model\nsolow-swan model\n\nΩ 私心推薦指數(以五分計) ★★★★★\n★★★★★★★★★★★★★★★\nη 上課用書(影印講義或是指定教科書)\n\n總體經濟分析─古典新論(一) , 毛慶生\n\n另開學有提到一本原文書 老毛說考試可能會出裡面內容\n\n但其實根本沒用到QQ\n\nμ 上課方式(投影片、團體討論、老師教學風格)\n\n全程板書~\n\n把老師的板書超下來就是一本價值滿滿的筆記:)\n\n這堂總經最大的特點就是強調經濟直覺的推導\n\n老毛絕對不會用繁瑣的數學式跟你推式子\n\n而是用講故事的方式去告訴你經濟學的概念\n\n「如何說出一個好的故事」就是老毛要在這門課教你的\n\n老毛上課生動有趣 除了爬樹摘椰果等正課內容外\n\n輔以走狗的學說多爛、政府的政策效果\n\n還有他如何與社會系的教授辯論等\n\n保證你上課專注度100分 (σ°∀°)σ..:*☆\n\nσ 評分方式(給分甜嗎？是紮實分？)\n\n50%期中\n50%期末\n\n算紮實甜吧 有唸有分\n\n我覺得老毛考試給分很佛了\n\nρ 考題型式、作業方式\n\n選擇題+分析題\n\n選擇題仍要稍微解釋一下如何推導\n\n基本上考題不會偏離上課所講\n\n只要觀念正確都 有練過課本習題or考古都不難寫\n\n期考每一份考卷都是老師自己改的 真的很辛苦QQ\n\nω 其它(是否注重出席率？如果為外系選修，需先有什麼基礎較好嗎？老師個性？\n加簽習慣？嚴禁遲到等…)\n\n不點名啦 不來上課是自己的損失\n\n每次看到有人來上課還在用筆電做其他事就頭痛\n\n修過經原跟微積分就ok了\n\n加簽好像有人數上限 經濟系雙主修輔系等優先\n\n不過今年全簽就是\n\nΨ 總結\n\n大概是目前修過最愛的教授了\n\n老師雖然退休了 但還是願意來教我們\n\n雖然嘴上說是so poor\n\n但我覺得真正重要的是他對經濟學的熱忱\n\n老師人超好\n\n我常常寄信問問題或是考前花個1-2小時去研究室煩他\n\n他都很nice的跟我討論QQQ\n\n總之就是一門超讚的課 修完保證收穫滿滿!\n\n--\n\n原文網址: https://www.ptt.cc/bbs/NTUcourse/M.1595731255.A.F0F.html""}]"
總體經濟學下,朱玉琦,經濟學系、社會科學院院學士學位,3,114-2,39808,ECON2021,,,,,"[""無評價""]",[]
計量經濟學導論暨實習,李宗穎,經濟學系、社會科學院院學士學位,4,114-2,33354,ECON2023,5.0,4.0,4.0,3.0,"[""[User76906 | 113-2]: Great\nVery detailed and organized\nGreat\nThe lectures and homework help with understanding exam content.\nGreat\nGreat class overall, really liked the instructor""]","[{""User_ID"": ""User76906"", ""Semester"": ""113-2"", ""Rating_Quality"": null, ""Rating_Sweet"": null, ""Rating_Easy"": null, ""Rating_Rich"": null, ""Comment"": ""Great\nVery detailed and organized\nGreat\nThe lectures and homework help with understanding exam content.\nGreat\nGreat class overall, really liked the instructor""}]"
國際金融,曹添旺,經濟學系,3,114-2,44377,ECON4003,,,,,"[""[PTT | 110-2]: 轉載自 PTT 作者 ID: ya88 (ya88)\n哪一學年度修課：110-2\nψ 授課教師 (若為多人合授請寫開課教師，以方便收錄)\n曹添旺\nλ 開課系所與授課對象 (是否為必修或通識課 / 內容是否與某些背景相關)\n經濟學系\nδ 課程大概內容\n1、國民所得帳與國際收支帳\n2、匯率與外匯市場：資產分析法\n3、貨幣、利率與匯率\n4、長期下的物價水準和匯率\n5、短期下的產出和匯率\n6、固定匯率與外匯干預\n（取自課程大綱）\nΩ 私心推薦指數(以五分計) ★★★★★\nη 上課用書(影印講義或是指定教科書)\nKrugman, P.R., M. Obstfeld, and M.J. Melitz, International Economics: Theory a\nnd Policy.\n2018 (11th Edition) Pearson. (台北華泰)\nμ 上課方式(投影片、團體討論、老師教學風格)\n上課使用投影片，老師喜歡點人回答問題，也會有團體作業需要上台報告\nσ 評分方式(給分甜嗎？是紮實分？)\n期中期末各30%\n平時作業40%\n個人覺得很甜，後面說明\nρ 考題型式、作業方式\n幾乎每週都有團體或個人作業\n期中考有選擇和手寫題、閉書考；期末考則全手寫，受疫情影響而遠距考試（\n時間內上傳即可不用開鏡頭什麼的）\nω 其它(是否注重出席率？如果為外系選修，需先有什麼基礎較好嗎？老師個性？\n加簽習慣？嚴禁遲到等…)\n老師上課會點名，但不確定有沒有影響成績，因為老師是到期中考後才對照大\n家的名字，不過也因為我們這學期只有六個人修課，要認得誰是誰應該不是什麼問題。\n\n雖然表訂9:10的課但老師說9:30再上課，然後也是有同學會遲到，老師也沒說\n什麼。\n\n選課系統有一些先修規定，但老師說那是配合另一班老師所設，個人覺得只需\n要一般經濟學基礎即可，幾乎沒用到微積分、統計（吧），如果被選課系統擋可以等開學\n再簽。\n\nΨ 總結\n之前看其他的評價文其實很猶豫要不要修，先說絕對不適合討厭團體作業或每\n週寫作的人，但其實作業不難，有些甚至只是照著課本例子寫而已（增加改成減少）\n\n老師人其實蠻好的，在期中考前一週剛好跟老師搭同一台電梯，老師還跟我說\n下週考試加油；期末考家中有變故，老師也讓我先放心處理家裡的事情，事後再補考\n\n成績部分，作業幾乎都滿分，期中考8X（平均71.33，最低分60），期末考9X，個人建議\n完成作業和考古可以幫助拿高分，\n最後A+\n-----\nSent from MeowPtt on my iPhone\n\n\n--\n\n原文網址: https://www.ptt.cc/bbs/NTUcourse/M.1655139596.A.043.html""]","[{""User_ID"": ""PTT"", ""Semester"": ""110-2"", ""Rating_Quality"": null, ""Rating_Sweet"": null, ""Rating_Easy"": null, ""Rating_Rich"": null, ""Comment"": ""轉載自 PTT 作者 ID: ya88 (ya88)\n哪一學年度修課：110-2\nψ 授課教師 (若為多人合授請寫開課教師，以方便收錄)\n曹添旺\nλ 開課系所與授課對象 (是否為必修或通識課 / 內容是否與某些背景相關)\n經濟學系\nδ 課程大概內容\n1、國民所得帳與國際收支帳\n2、匯率與外匯市場：資產分析法\n3、貨幣、利率與匯率\n4、長期下的物價水準和匯率\n5、短期下的產出和匯率\n6、固定匯率與外匯干預\n（取自課程大綱）\nΩ 私心推薦指數(以五分計) ★★★★★\nη 上課用書(影印講義或是指定教科書)\nKrugman, P.R., M. Obstfeld, and M.J. Melitz, International Economics: Theory a\nnd Policy.\n2018 (11th Edition) Pearson. (台北華泰)\nμ 上課方式(投影片、團體討論、老師教學風格)\n上課使用投影片，老師喜歡點人回答問題，也會有團體作業需要上台報告\nσ 評分方式(給分甜嗎？是紮實分？)\n期中期末各30%\n平時作業40%\n個人覺得很甜，後面說明\nρ 考題型式、作業方式\n幾乎每週都有團體或個人作業\n期中考有選擇和手寫題、閉書考；期末考則全手寫，受疫情影響而遠距考試（\n時間內上傳即可不用開鏡頭什麼的）\nω 其它(是否注重出席率？如果為外系選修，需先有什麼基礎較好嗎？老師個性？\n加簽習慣？嚴禁遲到等…)\n老師上課會點名，但不確定有沒有影響成績，因為老師是到期中考後才對照大\n家的名字，不過也因為我們這學期只有六個人修課，要認得誰是誰應該不是什麼問題。\n\n雖然表訂9:10的課但老師說9:30再上課，然後也是有同學會遲到，老師也沒說\n什麼。\n\n選課系統有一些先修規定，但老師說那是配合另一班老師所設，個人覺得只需\n要一般經濟學基礎即可，幾乎沒用到微積分、統計（吧），如果被選課系統擋可以等開學\n再簽。\n\nΨ 總結\n之前看其他的評價文其實很猶豫要不要修，先說絕對不適合討厭團體作業或每\n週寫作的人，但其實作業不難，有些甚至只是照著課本例子寫而已（增加改成減少）\n\n老師人其實蠻好的，在期中考前一週剛好跟老師搭同一台電梯，老師還跟我說\n下週考試加油；期末考家中有變故，老師也讓我先放心處理家裡的事情，事後再補考\n\n成績部分，作業幾乎都滿分，期中考8X（平均71.33，最低分60），期末考9X，個人建議\n完成作業和考古可以幫助拿高分，\n最後A+\n-----\nSent from MeowPtt on my iPhone\n\n\n--\n\n原文網址: https://www.ptt.cc/bbs/NTUcourse/M.1655139596.A.043.html""}]"
商事法總論及公司法,楊岳平,經濟學系,3,114-2,13220,ECON3050,,,,,"[""[PTT | 107下]: 轉載自 PTT 作者 ID: egg1127 (egg1127)\n哪一學年度修課：107下\n\nψ 授課教師 (若為多人合授請寫開課教師，以方便收錄)楊岳平\n\nλ 開課系所與授課對象 (是否為必修或通識課 / 內容是否與某些背景相關)\n\n經濟系必修\n\nδ 課程大概內容\n\n商業組織概論、公司緒論、公司負責人、公司負責人責任、股份有限公司概論、\n資本與股份、股東會、股東會決議瑕疵與董事制度、董事與董事會、董事長與監\n察人、公司治理員工與公司會計、公司的會計與籌資、公司的併購\n\nΩ 私心推薦指數(以五分計) ★★★★★\n\n★★★★★\n\nη 上課用書(影印講義或是指定教科書)\n\n老師自編投影片\n\nμ 上課方式(投影片、團體討論、老師教學風格)\n\n老師上課非常準時，聽到鐘聲絕對不拖。\n使用投影片教學，包含大部分的重點，但是自己還是要做筆記。\n上課有趣有深度，會從法律的起源跟整個大環境講起，不會有背法條的感覺。\n老師每堂課的中間（大約上20分鐘左右），會分享美國一個州的旅遊趣事，\n（對他去過美國所有的州）\n常常會問同學的想法，如果喜歡深度討論的人應該很適合這門課。\n\nσ 評分方式(給分甜嗎？是紮實分？)\n\n40%課堂參與，20%期中報告，40%期末考。\n從來不點名，課堂參與是依照老師對你的臉的印象（老師有大家學生證的照片）\n只要有乖乖上課這部分就是穩拿。\n整體來說偏甜。算是有努力保證有回報的課。\n老師上課會洩題。\n\nρ 考題型式、作業方式\n\n期末考開書考，可以把所有的筆記投影片法典考古題都帶去。\n20題選擇2大題申論，不用真的寫到手斷掉，只要言簡意賅、講出重點就好。\n期中報告也是，老師會限制頁數。\n\nω 其它(是否注重出席率？如果為外系選修，需先有什麼基礎較好嗎？老師個性？\n加簽習慣？嚴禁遲到等…)\n\n加簽當初是全簽，有位子就簽。\n不用什麼基礎，連民法沒上都沒太大關係。\n不點名不計遲到平時沒有小考作業。\n\nΨ 總結\n\n是一門適合不是法律系學生，但希望有基本公司法概念的人修的課。\n即便對法律沒有太大興趣，但也不會上的痛苦，\n老師的教學很豐富，考試卻不會太困難，讓學生真的有所收穫。\n老師很年輕、哈佛法學博士畢業。很多人覺得老師蠻帥的。\n\n--\n\n原文網址: https://www.ptt.cc/bbs/NTUcourse/M.1561653476.A.1C9.html"", ""[PTT | 109-2]: 轉載自 PTT 作者 ID: aristoIris ()\n哪一學年度修課：109-2\n\nψ 授課教師 (若為多人合授請寫開課教師，以方便收錄)\n\n楊岳平\n\nλ 開課系所與授課對象 (是否為必修或通識課 / 內容是否與某些背景相關)\n\n經濟系大三必修（108 年以前入學）\n\nδ 課程大概內容\n\n以下內容是從我自己的筆記上節錄的，可能有所疏漏，僅供參考：\n\nweek 1: 商業組織緒論\n\n商業組織法與相關主管機關 / 商業組織的功能\n商業組織法的理論 / 商業組織的種類\n\nWeek 2: 公司緒論\n\n公司的分類 / 公司的設立程序\n\nWeek 3: 公司的行為限制\n\n轉投資之限制 / 資金貸與他人之限制\n公司為保證人之限制\n\nWeek 4, 5: 公司的負責人\n\n公司負責人的種類 / 政府或法人股東董監\n實質董事 / 經理人 / 公司負責人的責任\n\nWeek 6: 放假（清明節）\nWeek 7: 關係企業與股份有限公司緒論\n\n關係企業的類型 / 股份有限公司緒論\n\nWeek 8: 資本與股份\n\n股份的種類 / 股份的發行 / 股份的轉讓\n\nWeek 9: 停課（期中考）\nWeek 10, 11: 股東會\n\n股東會簡介 / 停止過戶日和召集通知日\n股東會的進行程序 / 股東會的決議瑕疵\n\nWeek 12, 13: 董事與董事會\n\n董事會簡介 / 董事的選任 / 董事的解任\n董事的權利、義務與責任 / 董事與公司的訴訟\n董事會的召開與進行程序 / 董事長\n\nWeek 14: 監察人與獨立董事\n\n監察人 / 獨立董事 / 審查委員會\n\nWeek 15: 員工與公司會計\n\n員工與股票 / 公司會計\n\nWeek 16: 公司籌資 與 助教講解期中報告和期末考試重點\n\n資本市場工具概論 / 發行新股 / 發行公司債\n助教講解期中報告的要點、同學作答情況以及講解過往幾題期末考古\n\nWeek 17: 公司併購\n\n企業併購概論 / 合併 / 營業與資產收購\n分割（時間不夠所以跳過） / 股份收購\n\nWeek 18: 期末考\nΩ 私心推薦指數(以五分計)\n\n想聽老師遊歷美國五十州的故事：★★★★★\n想聽台大百大帥哥老師現場教書：★★★★★\n想修負擔不重也學的到東西的課：★★★★★\n想瞭解公司法的規定和各種案例：★★★★★\n\n修了這門課未來想自己打訴訟：絕對不適合，請找專業律師\n因為是系訂必修所以不得不修：千萬別擔心，老師人很好的\n\n\nη 上課用書(影印講義或是指定教科書)\n\n整學期都用自編投影片上課。\n\n老師在第一堂課時有提到一些公司法的相關書目，\n但我整學期都只靠老師講課 + 投影片，就過得很好了XD（畢竟是開給非本科的課）\n若是對公司法有興趣，想額外學習的人可以再向老師討教\n\n\nμ 上課方式(投影片、團體討論、老師教學風格)\n\n每堂課上課前 1~2 天會將投影片放上 ceiba，當週課程結束後\n會將今天上課沒上到的地方裁掉，並重新上傳當週的投影片。\n（應該是方便學生在期末複習用？）\n\n每週上課就是講投影片，介紹各個主題裡的法律觀念，\n並佐以條文、案例、經濟部的解釋與大法官釋字來闡明。\n關於某些學界有不同爭議的地方，也會附上兩方的說詞。\n投影片講到一個段落後，便會開始講美國五十洲的小故事。（後述）\n\n老師口條很好，對於課程觀念的解釋也很清楚，聲調也很好聽！\n講課也不會講太快，如果能在課前先預習一次投影片的話會很好。\n基本上跟著老師的步調上課並勤做筆記，就能瞭解課程內容的大半。\n再搭配上課後簡單的複習，就不太需要去擔心期末考。（後述）\nσ 評分方式(給分甜嗎？是紮實分？)\n\n40% 課堂參與\n\n老師說他會在期末掃過每個人的照片，從 A- 開始打起\n越有印象的臉或名字就越高分，啊也有可能認錯這樣XDDD\n\n20% 小組期中報告\n\n每組由 1~3 人組成，一起回答共四題的問答題。\n題目包含判例整理、法令規定以及實例題。\n期中報告出過的期末考不會再出。\n\n40% 期末考\n\n除了 20 題的選擇題，每題 2 分以外\n還有 2 題申論題各 30 分，其中一題是送分題。\n老師在考前會寄給每個人前三年的考古題和解答，\n並且在期中時也說過「每週上課的範圍都至少會出一題」\n\n但其實準備上不太需要擔心，因為期末考時可以帶著紙本筆記應考，\n因此只要把自己的筆記和老師的投影片全部印下來，以及對課程內容夠熟悉、\n有刷考古題、知道每章節重要的觀念的話，我認為是不會太難準備的。\n\n成績分布：\n\nA+ ： 15.86%\nA ： 27.59%\nA- ： 28.97%\nB+ ： 14.48%\n~ B ： 13.1 %\n\n\nρ 考題型式、作業方式\n\n如上所述\n\n\nω 其它(是否注重出席率？如果為外系選修，需先有什麼基礎較好嗎？老師個性？\n加簽習慣？嚴禁遲到等…)\n\n經濟系傳統不點名，但如果想讓老師記得你的話可以盡量出席發問或露臉XD。\n\n如果能修過 民法概要 + 初等會計學 應該可以在學習某些章節時有所連結。\n但雖然像我只修過民法概要，聽到公司會計、有限責任的專業名詞一概不懂（笑）\n也不會影響本門課的學習；我很確定若沒修過民概的話，也是沒問題的。\n原因是當講到某些民法或會計學的概念時，老師會稍微強調這是它們的概念，\n與公司法這門課的連結不強，就只是做為補充而已。並不包含在授課、考試內容。\n\n而加簽的話，只要學生人數未滿教室容納大小，老師就會加簽。\n因此前三週的加簽都可以去碰看看運氣！\n雖然第一週加簽時擠爆，所以用抽學生證來決定；\n但等到第二、三週時教室還有空位，但沒人來加簽，因此老師就開放全簽了。\n\n另外，這門課我認為的一大賣點便是老師的在美國五十洲遊歷的故事。\n老師每堂課大概會準備 40~50 頁的投影片，大概講完 10~15 頁左右（約40分鐘）\n便會開始講他在美國某一洲發生的事情當作短暫的休息～\n整學期一路從美國東岸講到西岸，滿滿的故事XDD，聽完也像是玩完一輪美國本土。\n而老師也是個超級 NBA 老粉，很多的洲都會提到像是主場、球星之類的\n這方面我想平常有在看 NBA 的應該會很有共鳴（？）\n\n另外老師有時候也會語出驚人，像是他從來沒看過斷背山，因為...XDDD\n還有臺大和政大就像耶魯和哈佛，一個是老大一個只能當老二\n至少他有唸過比較厲害的（老師是建中→臺大法學士碩士→哈佛法博）\n總之整個學期下來，真的聽到很多有趣的故事，絕對推薦大家來修XDDD！\n\n\nΨ 總結\n\n這門課是會讓人覺得很充實也很有趣的課。\n\n短短三個小時內，除了可以學到很多公司法的規範和實務運作以外，\n（其中包括一大堆各種股東、董事互咬，搶奪經營權的戲碼）\n也能夠聽到老師遊歷美國的小故事作為喘息，真的是上課時的小確幸。\n可以說這門課當中絕無冷場，一直都有新的東西加進來；\n認真上課的話絕對可以吸收到很多有趣的法律知識。\n\n就像老師在最後一節課說的，這門課並不是培養我們成為能夠打官司的律師；\n而是培養我們面對公司法規範的敏銳度，讓我們知道需要去借助專業的力量。\n課程中許多因不了解法律而敗訴的案子正足以為我們借鏡。\n\n最後再次推一次老師，人帥講課吸引人課程內容也豐富，非常值得大家來修！\n\n\n--\n\n原文網址: https://www.ptt.cc/bbs/NTUcourse/M.1624882250.A.17D.html""]","[{""User_ID"": ""PTT"", ""Semester"": ""107下"", ""Rating_Quality"": null, ""Rating_Sweet"": null, ""Rating_Easy"": null, ""Rating_Rich"": null, ""Comment"": ""轉載自 PTT 作者 ID: egg1127 (egg1127)\n哪一學年度修課：107下\n\nψ 授課教師 (若為多人合授請寫開課教師，以方便收錄)楊岳平\n\nλ 開課系所與授課對象 (是否為必修或通識課 / 內容是否與某些背景相關)\n\n經濟系必修\n\nδ 課程大概內容\n\n商業組織概論、公司緒論、公司負責人、公司負責人責任、股份有限公司概論、\n資本與股份、股東會、股東會決議瑕疵與董事制度、董事與董事會、董事長與監\n察人、公司治理員工與公司會計、公司的會計與籌資、公司的併購\n\nΩ 私心推薦指數(以五分計) ★★★★★\n\n★★★★★\n\nη 上課用書(影印講義或是指定教科書)\n\n老師自編投影片\n\nμ 上課方式(投影片、團體討論、老師教學風格)\n\n老師上課非常準時，聽到鐘聲絕對不拖。\n使用投影片教學，包含大部分的重點，但是自己還是要做筆記。\n上課有趣有深度，會從法律的起源跟整個大環境講起，不會有背法條的感覺。\n老師每堂課的中間（大約上20分鐘左右），會分享美國一個州的旅遊趣事，\n（對他去過美國所有的州）\n常常會問同學的想法，如果喜歡深度討論的人應該很適合這門課。\n\nσ 評分方式(給分甜嗎？是紮實分？)\n\n40%課堂參與，20%期中報告，40%期末考。\n從來不點名，課堂參與是依照老師對你的臉的印象（老師有大家學生證的照片）\n只要有乖乖上課這部分就是穩拿。\n整體來說偏甜。算是有努力保證有回報的課。\n老師上課會洩題。\n\nρ 考題型式、作業方式\n\n期末考開書考，可以把所有的筆記投影片法典考古題都帶去。\n20題選擇2大題申論，不用真的寫到手斷掉，只要言簡意賅、講出重點就好。\n期中報告也是，老師會限制頁數。\n\nω 其它(是否注重出席率？如果為外系選修，需先有什麼基礎較好嗎？老師個性？\n加簽習慣？嚴禁遲到等…)\n\n加簽當初是全簽，有位子就簽。\n不用什麼基礎，連民法沒上都沒太大關係。\n不點名不計遲到平時沒有小考作業。\n\nΨ 總結\n\n是一門適合不是法律系學生，但希望有基本公司法概念的人修的課。\n即便對法律沒有太大興趣，但也不會上的痛苦，\n老師的教學很豐富，考試卻不會太困難，讓學生真的有所收穫。\n老師很年輕、哈佛法學博士畢業。很多人覺得老師蠻帥的。\n\n--\n\n原文網址: https://www.ptt.cc/bbs/NTUcourse/M.1561653476.A.1C9.html""}, {""User_ID"": ""PTT"", ""Semester"": ""109-2"", ""Rating_Quality"": null, ""Rating_Sweet"": null, ""Rating_Easy"": null, ""Rating_Rich"": null, ""Comment"": ""轉載自 PTT 作者 ID: aristoIris ()\n哪一學年度修課：109-2\n\nψ 授課教師 (若為多人合授請寫開課教師，以方便收錄)\n\n楊岳平\n\nλ 開課系所與授課對象 (是否為必修或通識課 / 內容是否與某些背景相關)\n\n經濟系大三必修（108 年以前入學）\n\nδ 課程大概內容\n\n以下內容是從我自己的筆記上節錄的，可能有所疏漏，僅供參考：\n\nweek 1: 商業組織緒論\n\n商業組織法與相關主管機關 / 商業組織的功能\n商業組織法的理論 / 商業組織的種類\n\nWeek 2: 公司緒論\n\n公司的分類 / 公司的設立程序\n\nWeek 3: 公司的行為限制\n\n轉投資之限制 / 資金貸與他人之限制\n公司為保證人之限制\n\nWeek 4, 5: 公司的負責人\n\n公司負責人的種類 / 政府或法人股東董監\n實質董事 / 經理人 / 公司負責人的責任\n\nWeek 6: 放假（清明節）\nWeek 7: 關係企業與股份有限公司緒論\n\n關係企業的類型 / 股份有限公司緒論\n\nWeek 8: 資本與股份\n\n股份的種類 / 股份的發行 / 股份的轉讓\n\nWeek 9: 停課（期中考）\nWeek 10, 11: 股東會\n\n股東會簡介 / 停止過戶日和召集通知日\n股東會的進行程序 / 股東會的決議瑕疵\n\nWeek 12, 13: 董事與董事會\n\n董事會簡介 / 董事的選任 / 董事的解任\n董事的權利、義務與責任 / 董事與公司的訴訟\n董事會的召開與進行程序 / 董事長\n\nWeek 14: 監察人與獨立董事\n\n監察人 / 獨立董事 / 審查委員會\n\nWeek 15: 員工與公司會計\n\n員工與股票 / 公司會計\n\nWeek 16: 公司籌資 與 助教講解期中報告和期末考試重點\n\n資本市場工具概論 / 發行新股 / 發行公司債\n助教講解期中報告的要點、同學作答情況以及講解過往幾題期末考古\n\nWeek 17: 公司併購\n\n企業併購概論 / 合併 / 營業與資產收購\n分割（時間不夠所以跳過） / 股份收購\n\nWeek 18: 期末考\nΩ 私心推薦指數(以五分計)\n\n想聽老師遊歷美國五十州的故事：★★★★★\n想聽台大百大帥哥老師現場教書：★★★★★\n想修負擔不重也學的到東西的課：★★★★★\n想瞭解公司法的規定和各種案例：★★★★★\n\n修了這門課未來想自己打訴訟：絕對不適合，請找專業律師\n因為是系訂必修所以不得不修：千萬別擔心，老師人很好的\n\n\nη 上課用書(影印講義或是指定教科書)\n\n整學期都用自編投影片上課。\n\n老師在第一堂課時有提到一些公司法的相關書目，\n但我整學期都只靠老師講課 + 投影片，就過得很好了XD（畢竟是開給非本科的課）\n若是對公司法有興趣，想額外學習的人可以再向老師討教\n\n\nμ 上課方式(投影片、團體討論、老師教學風格)\n\n每堂課上課前 1~2 天會將投影片放上 ceiba，當週課程結束後\n會將今天上課沒上到的地方裁掉，並重新上傳當週的投影片。\n（應該是方便學生在期末複習用？）\n\n每週上課就是講投影片，介紹各個主題裡的法律觀念，\n並佐以條文、案例、經濟部的解釋與大法官釋字來闡明。\n關於某些學界有不同爭議的地方，也會附上兩方的說詞。\n投影片講到一個段落後，便會開始講美國五十洲的小故事。（後述）\n\n老師口條很好，對於課程觀念的解釋也很清楚，聲調也很好聽！\n講課也不會講太快，如果能在課前先預習一次投影片的話會很好。\n基本上跟著老師的步調上課並勤做筆記，就能瞭解課程內容的大半。\n再搭配上課後簡單的複習，就不太需要去擔心期末考。（後述）\nσ 評分方式(給分甜嗎？是紮實分？)\n\n40% 課堂參與\n\n老師說他會在期末掃過每個人的照片，從 A- 開始打起\n越有印象的臉或名字就越高分，啊也有可能認錯這樣XDDD\n\n20% 小組期中報告\n\n每組由 1~3 人組成，一起回答共四題的問答題。\n題目包含判例整理、法令規定以及實例題。\n期中報告出過的期末考不會再出。\n\n40% 期末考\n\n除了 20 題的選擇題，每題 2 分以外\n還有 2 題申論題各 30 分，其中一題是送分題。\n老師在考前會寄給每個人前三年的考古題和解答，\n並且在期中時也說過「每週上課的範圍都至少會出一題」\n\n但其實準備上不太需要擔心，因為期末考時可以帶著紙本筆記應考，\n因此只要把自己的筆記和老師的投影片全部印下來，以及對課程內容夠熟悉、\n有刷考古題、知道每章節重要的觀念的話，我認為是不會太難準備的。\n\n成績分布：\n\nA+ ： 15.86%\nA ： 27.59%\nA- ： 28.97%\nB+ ： 14.48%\n~ B ： 13.1 %\n\n\nρ 考題型式、作業方式\n\n如上所述\n\n\nω 其它(是否注重出席率？如果為外系選修，需先有什麼基礎較好嗎？老師個性？\n加簽習慣？嚴禁遲到等…)\n\n經濟系傳統不點名，但如果想讓老師記得你的話可以盡量出席發問或露臉XD。\n\n如果能修過 民法概要 + 初等會計學 應該可以在學習某些章節時有所連結。\n但雖然像我只修過民法概要，聽到公司會計、有限責任的專業名詞一概不懂（笑）\n也不會影響本門課的學習；我很確定若沒修過民概的話，也是沒問題的。\n原因是當講到某些民法或會計學的概念時，老師會稍微強調這是它們的概念，\n與公司法這門課的連結不強，就只是做為補充而已。並不包含在授課、考試內容。\n\n而加簽的話，只要學生人數未滿教室容納大小，老師就會加簽。\n因此前三週的加簽都可以去碰看看運氣！\n雖然第一週加簽時擠爆，所以用抽學生證來決定；\n但等到第二、三週時教室還有空位，但沒人來加簽，因此老師就開放全簽了。\n\n另外，這門課我認為的一大賣點便是老師的在美國五十洲遊歷的故事。\n老師每堂課大概會準備 40~50 頁的投影片，大概講完 10~15 頁左右（約40分鐘）\n便會開始講他在美國某一洲發生的事情當作短暫的休息～\n整學期一路從美國東岸講到西岸，滿滿的故事XDD，聽完也像是玩完一輪美國本土。\n而老師也是個超級 NBA 老粉，很多的洲都會提到像是主場、球星之類的\n這方面我想平常有在看 NBA 的應該會很有共鳴（？）\n\n另外老師有時候也會語出驚人，像是他從來沒看過斷背山，因為...XDDD\n還有臺大和政大就像耶魯和哈佛，一個是老大一個只能當老二\n至少他有唸過比較厲害的（老師是建中→臺大法學士碩士→哈佛法博）\n總之整個學期下來，真的聽到很多有趣的故事，絕對推薦大家來修XDDD！\n\n\nΨ 總結\n\n這門課是會讓人覺得很充實也很有趣的課。\n\n短短三個小時內，除了可以學到很多公司法的規範和實務運作以外，\n（其中包括一大堆各種股東、董事互咬，搶奪經營權的戲碼）\n也能夠聽到老師遊歷美國的小故事作為喘息，真的是上課時的小確幸。\n可以說這門課當中絕無冷場，一直都有新的東西加進來；\n認真上課的話絕對可以吸收到很多有趣的法律知識。\n\n就像老師在最後一節課說的，這門課並不是培養我們成為能夠打官司的律師；\n而是培養我們面對公司法規範的敏銳度，讓我們知道需要去借助專業的力量。\n課程中許多因不了解法律而敗訴的案子正足以為我們借鏡。\n\n最後再次推一次老師，人帥講課吸引人課程內容也豐富，非常值得大家來修！\n\n\n--\n\n原文網址: https://www.ptt.cc/bbs/NTUcourse/M.1624882250.A.17D.html""}]"
財政學專題,宋玉生,經濟學系,3,114-2,59106,ECON3041,,,,,"[""無評價""]",[]
貨幣銀行學二,陳南光,經濟學系,2,114-2,14582,ECON3004,4.5,3.5,5.0,4.0,"[""[User44708 | 110-2]: 第11章 金融安全網：最終借貸者與存款保險\n第12章 金融安全網 : 金融機構的管制與審慎監理\n第13章 中央銀行的功能與政策目標\n第14章 金融穩定與總體審慎政策\n第15章 準備貨幣與貨幣的創造\n第16章 傳統與非傳統的貨幣政策工具\n第17章 貨幣政策的目標機制\n第18章 貨幣政策的傳遞機制\n第19章 貨幣需求\n第20章 貨幣政策相關的重要議題\n老師有投影片，搭配一些新聞或文章作補充\n老師自編課本，強烈建議要買，因為考題幾乎都是從課本出（非常類似的題目），然後如果不去上課光看課本其實應該也可以懂（經濟系傳統不點名，所以應該可以說是很涼，看你自己要不要去上課）\n三份作業，作業很重要，不過不難，老師常常會在作業中請同學找資料然後繪圖，大多是用excel就可以完成，很多題目都是對某某現象做出解釋，或是解釋為什麼圖形是這樣等等，如果不會用excel繪圖的話可能要考慮一下。\n考試的部分有是非題跟問答題，是非題除了寫對錯還要提出原因解釋，問答題的話幾乎就是課本習題的模式，所以課本習題一定要寫！（很重要）因為有時候甚至會考一模一樣的（很多都是問名詞解釋或定義），簡單來說就是扎實甜，有讀就有分！\n作業(佔10%)、期中考(佔45%)、與期末考(佔45%)\n中規中矩的貨銀，老師是央行副總裁，感覺很多人是為了這個去修課XD，不過老師上課的語調蠻平的，聽到後來可能會想睡覺，但老師常常會補充一些時事文章，發表一些對時事的見解，這部分蠻不錯的。整體算是蠻推這堂課的，有學到東西分數也不差，算是有努力就有收穫的一堂課！（不過也很多人選擇不去上課自己讀課本就去考試）""]","[{""User_ID"": ""User44708"", ""Semester"": ""110-2"", ""Rating_Quality"": null, ""Rating_Sweet"": null, ""Rating_Easy"": null, ""Rating_Rich"": null, ""Comment"": ""第11章 金融安全網：最終借貸者與存款保險\n第12章 金融安全網 : 金融機構的管制與審慎監理\n第13章 中央銀行的功能與政策目標\n第14章 金融穩定與總體審慎政策\n第15章 準備貨幣與貨幣的創造\n第16章 傳統與非傳統的貨幣政策工具\n第17章 貨幣政策的目標機制\n第18章 貨幣政策的傳遞機制\n第19章 貨幣需求\n第20章 貨幣政策相關的重要議題\n老師有投影片，搭配一些新聞或文章作補充\n老師自編課本，強烈建議要買，因為考題幾乎都是從課本出（非常類似的題目），然後如果不去上課光看課本其實應該也可以懂（經濟系傳統不點名，所以應該可以說是很涼，看你自己要不要去上課）\n三份作業，作業很重要，不過不難，老師常常會在作業中請同學找資料然後繪圖，大多是用excel就可以完成，很多題目都是對某某現象做出解釋，或是解釋為什麼圖形是這樣等等，如果不會用excel繪圖的話可能要考慮一下。\n考試的部分有是非題跟問答題，是非題除了寫對錯還要提出原因解釋，問答題的話幾乎就是課本習題的模式，所以課本習題一定要寫！（很重要）因為有時候甚至會考一模一樣的（很多都是問名詞解釋或定義），簡單來說就是扎實甜，有讀就有分！\n作業(佔10%)、期中考(佔45%)、與期末考(佔45%)\n中規中矩的貨銀，老師是央行副總裁，感覺很多人是為了這個去修課XD，不過老師上課的語調蠻平的，聽到後來可能會想睡覺，但老師常常會補充一些時事文章，發表一些對時事的見解，這部分蠻不錯的。整體算是蠻推這堂課的，有學到東西分數也不差，算是有努力就有收穫的一堂課！（不過也很多人選擇不去上課自己讀課本就去考試）""}]"
貨幣銀行學二,李怡庭,經濟學系,2,114-2,59883,ECON3004,,,,,"[""[PTT | 108-2]: 轉載自 PTT 作者 ID: jesuschristo (響け！ ユーフォ)\n哪一學年度修課：\n\n108-2\n\nψ 授課教師 (若為多人合授請寫開課教師，以方便收錄)\n\n李怡庭\n\nλ 開課系所與授課對象 (是否為必修或通識課 / 內容是否與某些背景相關)\n\n經濟系選修\n\nδ 課程大概內容\n\nCh10 銀行管制與金融安全網\nCh11 中央銀行的角色與功能\nCh12 中央銀行與貨幣供給的創造\nCh13 貨幣政策工具與量化寬鬆\n-----期中考-----\nCh14 貨幣政策的執行策略\nCh15 貨幣需求\nCh16 總體經濟與貨幣政策\nCh17 貨幣政策的傳遞機制\nCh18 金融危機\n-----期末考-----\nΩ 私心推薦指數(以五分計) ★★★★★\n3.5顆\nη 上課用書(影印講義或是指定教科書)\n\n李怡庭 (2016)《貨幣銀行學》，第 3 版，台北:雙葉書廊。\n\nμ 上課方式(投影片、團體討論、老師教學風格)\n\n以投影片上課，偶爾會補充課外內容 (央行、Fed政策等)\n\n要細讀的話還是要看課本 後面有習題可以做\n\n本學期因應疫情採錄影後上傳NTU COOL\n\n本來老師上課就很催眠了\n\n這學期內容又比上學期更無聊 再加上是觀看影片形式\n\n上課效率不是太好\n\n\nσ 評分方式(給分甜嗎？是紮實分？)\n\n期中考 40%\n期末考 40%\n作業2次 20%\n\n因為線上課程小考改成作業 分數比重也提高\n\n作業內容為提出1個以上課程相關問題 有交85+\n\n如果老師覺得問題很好才會有更高的分數\n\n個人兩次都問了2個問題 各拿87 & 88\n\n紮實分 上課沒在聽跟沒寫題目一定掛\n\n不過似乎會稍微調分 我本來學期成績89\n\n最後拿A+ 給的比例不確定\n\n上學期是13% 這學期應該也差不多\n\nρ 考題型式、作業方式\n\n多選(全對給分)+問答\n\n觀念很死的一門課 改考卷當然也是如此\n\n正解只有一種 沒寫到老師心目中的答案就沒分\n\n嚴格來說也不算難啦 只要把課本都背起來\n\n上課有記老師補充的 高分就是你的:)\n\n另 老師不喜歡題目外流 所以近年考古越來越難取得QQ\n\n所以推薦一定要寫課本後面習題\n\nω 其它(是否注重出席率？如果為外系選修，需先有什麼基礎較好嗎？老師個性？\n加簽習慣？嚴禁遲到等…)\n\n不點名 建議有修過經原再來\n\n初會有修過會更好\n\n加簽好像不限人數的樣子\n\nΨ 總結\n\n貨銀一因為是3學分還可以給4顆星\n\n貨銀二只有2學分 課程內容又變得更加記憶性\n\n老師上課效果也普普 除非真的很缺學分\n\n不然不推修這門課\n\n當然如果你時間很多 不排斥看滿滿文字的課本\n\n還是可以修 畢竟是有讀有分的一門課\n\n--\n\n原文網址: https://www.ptt.cc/bbs/NTUcourse/M.1594207988.A.6EE.html""]","[{""User_ID"": ""PTT"", ""Semester"": ""108-2"", ""Rating_Quality"": null, ""Rating_Sweet"": null, ""Rating_Easy"": null, ""Rating_Rich"": null, ""Comment"": ""轉載自 PTT 作者 ID: jesuschristo (響け！ ユーフォ)\n哪一學年度修課：\n\n108-2\n\nψ 授課教師 (若為多人合授請寫開課教師，以方便收錄)\n\n李怡庭\n\nλ 開課系所與授課對象 (是否為必修或通識課 / 內容是否與某些背景相關)\n\n經濟系選修\n\nδ 課程大概內容\n\nCh10 銀行管制與金融安全網\nCh11 中央銀行的角色與功能\nCh12 中央銀行與貨幣供給的創造\nCh13 貨幣政策工具與量化寬鬆\n-----期中考-----\nCh14 貨幣政策的執行策略\nCh15 貨幣需求\nCh16 總體經濟與貨幣政策\nCh17 貨幣政策的傳遞機制\nCh18 金融危機\n-----期末考-----\nΩ 私心推薦指數(以五分計) ★★★★★\n3.5顆\nη 上課用書(影印講義或是指定教科書)\n\n李怡庭 (2016)《貨幣銀行學》，第 3 版，台北:雙葉書廊。\n\nμ 上課方式(投影片、團體討論、老師教學風格)\n\n以投影片上課，偶爾會補充課外內容 (央行、Fed政策等)\n\n要細讀的話還是要看課本 後面有習題可以做\n\n本學期因應疫情採錄影後上傳NTU COOL\n\n本來老師上課就很催眠了\n\n這學期內容又比上學期更無聊 再加上是觀看影片形式\n\n上課效率不是太好\n\n\nσ 評分方式(給分甜嗎？是紮實分？)\n\n期中考 40%\n期末考 40%\n作業2次 20%\n\n因為線上課程小考改成作業 分數比重也提高\n\n作業內容為提出1個以上課程相關問題 有交85+\n\n如果老師覺得問題很好才會有更高的分數\n\n個人兩次都問了2個問題 各拿87 & 88\n\n紮實分 上課沒在聽跟沒寫題目一定掛\n\n不過似乎會稍微調分 我本來學期成績89\n\n最後拿A+ 給的比例不確定\n\n上學期是13% 這學期應該也差不多\n\nρ 考題型式、作業方式\n\n多選(全對給分)+問答\n\n觀念很死的一門課 改考卷當然也是如此\n\n正解只有一種 沒寫到老師心目中的答案就沒分\n\n嚴格來說也不算難啦 只要把課本都背起來\n\n上課有記老師補充的 高分就是你的:)\n\n另 老師不喜歡題目外流 所以近年考古越來越難取得QQ\n\n所以推薦一定要寫課本後面習題\n\nω 其它(是否注重出席率？如果為外系選修，需先有什麼基礎較好嗎？老師個性？\n加簽習慣？嚴禁遲到等…)\n\n不點名 建議有修過經原再來\n\n初會有修過會更好\n\n加簽好像不限人數的樣子\n\nΨ 總結\n\n貨銀一因為是3學分還可以給4顆星\n\n貨銀二只有2學分 課程內容又變得更加記憶性\n\n老師上課效果也普普 除非真的很缺學分\n\n不然不推修這門課\n\n當然如果你時間很多 不排斥看滿滿文字的課本\n\n還是可以修 畢竟是有讀有分的一門課\n\n--\n\n原文網址: https://www.ptt.cc/bbs/NTUcourse/M.1594207988.A.6EE.html""}]"
創意產業專題,馮勃翰,經濟學系、經濟學研究所,3,114-2,11098,ECON5162,4.5,5.0,4.0,3.5,"[""[User74321 | 111-2]: (from NTU Cool)\n運用經濟學理論，從商業、產業、管理與行銷的角度出發，探究關於創意產業的不同課題。\n\n- 市場設計\n- 韓流產業研究\n- IP經營\n- 科技與內容創新\n(from NTU Cool)\n課程內容結合經濟學理論與產業實務，採小班制，\n上課方式包括由我講授、同學報告和個案討論，\n希望藉由比較深入的討論互動，\n幫大家發展出值得投入的產學合作或論文研究計畫。\n(from NTU Cool，對照我這學期修課經驗，不是完全有上完主題所以刪了一些)\n指定書目：\n\nMatchmakers: The New Economics of Multisided Platforms\nBy David S. Evans & Richard Schmalensee (2016)\n\n哈佛個案：\n\n- Angry Birds\n- Bored Ape Yacht Club: Navigating the NFT World\n- The Marvel Way: Restoring a Blue Ocean\n- Marvel Enterprises, Inc.\n- BTS & ARMY\n- Big Hit Entertainment and Blockbuster Band BTS: K-Pop Goes Global\n- CJ E&M: KCON Goes Global\n- The Walt Disney Company and Pixar, Inc.: To Acquire or Not to Acquire?\n作業、課堂報告與個案討論 50%\n專題 50%（有講要跟平台策略結合）\n\n結果拿A+，但我覺得是因為常刷臉講話跟期末報告有做好。\n申請資料可以早底線一點點丟，錄取機率可能就會高很多～（因為是全申請制）\n\n這次主講的是平台策略，看了很多個案，後面的主題就比較沒有講到，但老師會分時間來講他怎麼看文化產業的時事，像是這學期就有好萊塢編劇罷工（所以他有結合課程主題補充如何設計讓優秀人才來的薪資誘因）、出版業之亂（Momo&博客來，有看一些他整理的報表）\n\n老師這門課大概都是用板書上課，但完全不點出息，所以想學的再來，不然就只有要報告時來就好。課中只會有一次15-20分鐘的下課，通常老師會在上課時鼓勵同學講話，也會cue在場的人，所以社恐的人可以想想怎麼辦，其實想成你的意見沒有真的這麼重要就不會太緊張了。\n\n總的來說覺得聽同學報告跟老師報告都是挺好玩，也挺豐富的課程。我出席率大概是90%~95%，雖然週一早九很痛苦但在看個案、課程討論或是課後與老師交流、發想報告都覺得收穫很多。這門課的確是比較深入，可以先去修「影視幕後的商業運作」。""]","[{""User_ID"": ""User74321"", ""Semester"": ""111-2"", ""Rating_Quality"": null, ""Rating_Sweet"": null, ""Rating_Easy"": null, ""Rating_Rich"": null, ""Comment"": ""(from NTU Cool)\n運用經濟學理論，從商業、產業、管理與行銷的角度出發，探究關於創意產業的不同課題。\n\n- 市場設計\n- 韓流產業研究\n- IP經營\n- 科技與內容創新\n(from NTU Cool)\n課程內容結合經濟學理論與產業實務，採小班制，\n上課方式包括由我講授、同學報告和個案討論，\n希望藉由比較深入的討論互動，\n幫大家發展出值得投入的產學合作或論文研究計畫。\n(from NTU Cool，對照我這學期修課經驗，不是完全有上完主題所以刪了一些)\n指定書目：\n\nMatchmakers: The New Economics of Multisided Platforms\nBy David S. Evans & Richard Schmalensee (2016)\n\n哈佛個案：\n\n- Angry Birds\n- Bored Ape Yacht Club: Navigating the NFT World\n- The Marvel Way: Restoring a Blue Ocean\n- Marvel Enterprises, Inc.\n- BTS & ARMY\n- Big Hit Entertainment and Blockbuster Band BTS: K-Pop Goes Global\n- CJ E&M: KCON Goes Global\n- The Walt Disney Company and Pixar, Inc.: To Acquire or Not to Acquire?\n作業、課堂報告與個案討論 50%\n專題 50%（有講要跟平台策略結合）\n\n結果拿A+，但我覺得是因為常刷臉講話跟期末報告有做好。\n申請資料可以早底線一點點丟，錄取機率可能就會高很多～（因為是全申請制）\n\n這次主講的是平台策略，看了很多個案，後面的主題就比較沒有講到，但老師會分時間來講他怎麼看文化產業的時事，像是這學期就有好萊塢編劇罷工（所以他有結合課程主題補充如何設計讓優秀人才來的薪資誘因）、出版業之亂（Momo&博客來，有看一些他整理的報表）\n\n老師這門課大概都是用板書上課，但完全不點出息，所以想學的再來，不然就只有要報告時來就好。課中只會有一次15-20分鐘的下課，通常老師會在上課時鼓勵同學講話，也會cue在場的人，所以社恐的人可以想想怎麼辦，其實想成你的意見沒有真的這麼重要就不會太緊張了。\n\n總的來說覺得聽同學報告跟老師報告都是挺好玩，也挺豐富的課程。我出席率大概是90%~95%，雖然週一早九很痛苦但在看個案、課程討論或是課後與老師交流、發想報告都覺得收穫很多。這門課的確是比較深入，可以先去修「影視幕後的商業運作」。""}]"
經濟成長理論一,陳明郎,經濟學系、經濟學研究所,3,114-2,55727,ECON5020,,,,,"[""無評價""]",[]
金融危機預測,何泰寬,經濟學系、經濟學研究所,3,114-2,32839,ECON5168,4.0,1.0,5.0,3.0,"[""[User36500 | 110-2]: ▶Part 1\n四種金融危機介紹：貨幣危機、銀行危機、雙重危機、主權債務違約\n▶Part 2\n危機資料庫介紹\n▶Part 3\n危機模型理論：第一、二代貨幣危機模型、銀行擠兌模型、主權債務違約模型\n▶Part 4\n計量：Signal, Probit, Logit, Extreme value analysis(EVA), Bayesian model averaging(BMA), Decision tree, …\n沒有課本，是老師自編的講義。上課內容幾乎跟自編的講義差不多，所以除了程式還有數學推導的，可以自己看講義。\n\n\n基礎\n-------------------------------------------\n✔個體經濟：\n0，銀行擠兌模型可能需要簡單的賽局\n\n✔總體經濟：\n最好懂一些國際收支、以及銀行體系的運作\n主權債務違約模型會碰到Bellman equation，但考試沒考出來\n\n✔統計學 & 程式：\n後半學期幾乎都是程式作業（包含期末考），會要跑Stata ，然後我自己用Python或R偏多。後半段的計量開始瘋狂看不懂，極端值理論還有貝式模型平均像是天書，還好有套件可以用。\n上半學期的作業通常會跟上課細節沒有太大關係，比較像是啟發式的作業，例如要你抓IMF的資料，並畫圖驗證當年是不是真的有出現危機的現象等等。印象最深刻是今年烏俄戰爭發生不久，美國就對俄羅斯實施經濟制裁，於是他出了作業要我們找資料判斷俄羅斯未來會不會有各種危機。有同學上課問「老師請問這些資料可以去哪裡抓」老師說他也不知道。\n…\n\n金融危機看來真的不好預測...\n\n下半學期作業是各種計量方法的實作，資料很多是老師自己的研究整理的，作業都做完就差不多複製了老師的一篇論文。除此之外還有模型推導，這部分可能需要一些比較進階的微積分。\n期中期末考試open book，包含可以上網，但事實是一定得上網，因為有些題目會要求上網抓data。\n期中考 35%\n期末考 35%\n作業 30%\n想預測金融危機\n☆☆☆☆☆\n老師第一堂就說你學完要預測金融危機會很挫折\n\n扎實\n★★★\n這門課內容偏多，但每一個都點到為止，不會太深\n\n甜\n★\n作業難寫，期中期末open book，查資料+寫程式大賽，沒5個小時做不完，最後成績不調分\n\n想自己看講義\n★★★★\n老師基本上都會照講義上\n\n想做很多實證來充實自己的履歷\n★★★★★★★★★★★★\n我面試實習的時候就說我用BMA預測金融危機，結果上了。笑死。\n\n整體來說滿好玩的，作業出了很多實證題目，要自己驗證觀察到底是不是這樣。這門課比較像是帶大家認識這個金融危機領域的各種研究面向，從歷史、理論、到計量，如果想繼續鑽研某個議題，再去研究相關的文獻。但每週都有作業其實還是算硬，而且很多不好做。""]","[{""User_ID"": ""User36500"", ""Semester"": ""110-2"", ""Rating_Quality"": null, ""Rating_Sweet"": null, ""Rating_Easy"": null, ""Rating_Rich"": null, ""Comment"": ""▶Part 1\n四種金融危機介紹：貨幣危機、銀行危機、雙重危機、主權債務違約\n▶Part 2\n危機資料庫介紹\n▶Part 3\n危機模型理論：第一、二代貨幣危機模型、銀行擠兌模型、主權債務違約模型\n▶Part 4\n計量：Signal, Probit, Logit, Extreme value analysis(EVA), Bayesian model averaging(BMA), Decision tree, …\n沒有課本，是老師自編的講義。上課內容幾乎跟自編的講義差不多，所以除了程式還有數學推導的，可以自己看講義。\n\n\n基礎\n-------------------------------------------\n✔個體經濟：\n0，銀行擠兌模型可能需要簡單的賽局\n\n✔總體經濟：\n最好懂一些國際收支、以及銀行體系的運作\n主權債務違約模型會碰到Bellman equation，但考試沒考出來\n\n✔統計學 & 程式：\n後半學期幾乎都是程式作業（包含期末考），會要跑Stata ，然後我自己用Python或R偏多。後半段的計量開始瘋狂看不懂，極端值理論還有貝式模型平均像是天書，還好有套件可以用。\n上半學期的作業通常會跟上課細節沒有太大關係，比較像是啟發式的作業，例如要你抓IMF的資料，並畫圖驗證當年是不是真的有出現危機的現象等等。印象最深刻是今年烏俄戰爭發生不久，美國就對俄羅斯實施經濟制裁，於是他出了作業要我們找資料判斷俄羅斯未來會不會有各種危機。有同學上課問「老師請問這些資料可以去哪裡抓」老師說他也不知道。\n…\n\n金融危機看來真的不好預測...\n\n下半學期作業是各種計量方法的實作，資料很多是老師自己的研究整理的，作業都做完就差不多複製了老師的一篇論文。除此之外還有模型推導，這部分可能需要一些比較進階的微積分。\n期中期末考試open book，包含可以上網，但事實是一定得上網，因為有些題目會要求上網抓data。\n期中考 35%\n期末考 35%\n作業 30%\n想預測金融危機\n☆☆☆☆☆\n老師第一堂就說你學完要預測金融危機會很挫折\n\n扎實\n★★★\n這門課內容偏多，但每一個都點到為止，不會太深\n\n甜\n★\n作業難寫，期中期末open book，查資料+寫程式大賽，沒5個小時做不完，最後成績不調分\n\n想自己看講義\n★★★★\n老師基本上都會照講義上\n\n想做很多實證來充實自己的履歷\n★★★★★★★★★★★★\n我面試實習的時候就說我用BMA預測金融危機，結果上了。笑死。\n\n整體來說滿好玩的，作業出了很多實證題目，要自己驗證觀察到底是不是這樣。這門課比較像是帶大家認識這個金融危機領域的各種研究面向，從歷史、理論、到計量，如果想繼續鑽研某個議題，再去研究相關的文獻。但每週都有作業其實還是算硬，而且很多不好做。""}]"
市場與策略,李宗穎,經濟學系、經濟學研究所,2,114-2,35244,ECON5216,,,,,"[""[PTT | 105-2]: 轉載自 PTT 作者 ID: blackjack319 (nonsense)\n哪一學年度修課：105-2\nψ 授課教師 (若為多人合授請寫開課教師，以方便收錄)\n\n李宗穎 老師\n\nλ 開課系所與授課對象 (是否為必修或通識課 / 內容是否與某些背景相關)\n\n經濟系選修，英語授課\nδ 課程大概內容\n\n每周主題不同：\n\n2/22 Introduction\n3/1 Market Power\n3/8 Price Discrimination(I)\n3/15 Price Discrimination(II)\n3/22 Bundling\n3/29 Durable Goods\n------------春假--------------\n4/12 Demand Estimation --- 交期中報告\n4/19 Adervertising\n4/26 Consumer Inertia\n5/3 Experience Goods\n5/10 Horizontal Merger\n5/17 Vertically Related Market\n5/24 Presentation Workshop\n5/31 R&D\n6/7 Network Effects\n6/14 Student Presentation --- 交期末報告\nΩ 私心推薦指數(以五分計) ★★★★★\n★★★★★\n認真學習的話非常推，如果只是缺學分...選別門吧\n\nη 上課用書(影印講義或是指定教科書)\n\nPaul Belleflamme and Martin Peitz,\n<Industrial Organization: Markets and Strategies>\n2nd Edition, Cambridge University Press, 2015\n\n還有另外一本，兩本在社圖的參考架上都有，\n不過我也只花5分鐘翻過第一本 xD\n\nμ 上課方式(投影片、團體討論、老師教學風格)\n\n3小時的課拆成兩半，不過會提早下課\n前半部分是模型的推演(大概像是個經的延伸?)，用板書\n後半部分老師每周會指定先回家讀相關實證論文+經濟學人文章\n上課時帶大家看內容，用投影片\n老師非常愛點同學回答問題，雖然答錯也不會怎樣(?\n\nσ 評分方式(給分甜嗎？是紮實分？)\n\nHomework (6次) 20%\nQuiz (6次) 20%\nGroup Project\nMidterm report 10%\nPresentation 20%\nFinal report 30%\n+ Presentaion +5%\n\n光看分數的話(?)沒有給很嚴，\n小考每次滿分10分我大概拿8分，作業大概也都有8，9分\n期末口頭報告全班平均也在80%左右\n整體而言應該給分不會很吝嗇吧...??\n(但是真的很紮實)\n\nρ 考題型式、作業方式\n\n作業和報告都是最多3人一組，自行分組\n(除非是邊緣人老師如我才會幫忙分...xD)\n作業大概2周一次，一開始不會很難(用紙筆寫就可以)\n但是後來幾次作業都變成助教丟一個data set然後要跑迴歸結果\n就要花很多，很多，很多時間做......\n\n期中期末報告在一開始會先選好每一組有興趣的市場\n(例如Airline, Finance, Video Game, Healthcare......)\n期中的時候交1頁，有關市場的大略簡介和有興趣的方向即可\n期末的時候是8-10頁的Research Proposal(不用真的做出結果)\n要提到research question, market summary, economic logic,\npossible needed data這些部分\n\n小考也是每兩周一次，和作業錯開\n方式的話是每次上課的前15~20分鐘考，每次2題\n我覺得小考不是真的很難\n只是有些時候一個重點沒抓到時間內就會寫不出來了@@\n\n和統計一樣，這門課如果自願上台英文報告的話可以加分，\n不過這門課的報告題目是老師指定的經濟學人文章，\n也就是像幫大家導讀這篇文章的感覺\n\nω 其它(是否注重出席率？如果為外系選修，需先有什麼基礎較好嗎？老師個性？\n加簽習慣？嚴禁遲到等…)\n\n這門課英文授課，偏小班制(期末的時候剩下25個人吧)\n老師不會特別在意出席率，但是小班+老師會記名字\n所以沒到應該蠻明顯的...xDD\n\n這門課是經濟系、經濟所的共同選修\n不過性質上應該是大學部學生可以接受的難度?\n先修科目是個經、大二統計+計量\n計量同一學期一起修應該還可以，比較複雜的模型老師也會解釋\n比起計量，更吃重的可能是統計軟體的功力...\n\n學期初的加簽是用抽籤的，記得是大學部和研究所各抽5個\n而且就算有人退選老師也不再加簽...\n只能拚初選+抽籤的運氣了~\n\nΨ 總結\n\n當初選課的時候沒有看到這門課在板上的評價文，決定來野人獻曝一下\n這門課應該是我在經濟系修的最重的一門課了\n每周要看文章+準備小考/寫作業\n因為paper如果連摘要都沒看就去上課老師會有點不開心\n\n老師非常認真，期末報告是週五晚上12點用email繳交\n結果老師週六不到中午12點就email寫好評語跟評分了...(汗)\n如果作業或期末報告有問題可以去問，\n但是如果都沒有想法就想直接得到老師協助大概就要被電了...xD\n\n後期的作業真的蠻吃STATA功力的，\n像我一開始幾乎完全不會，只會用gen和replace兩個指令\n有一陣子真的有點頭痛...不過為了解決問題還是要自己上網查\n也還蠻感謝兩位同組同學在作業和報告上的合作~\n\n整體來說，這門課真的蠻多元的\n模型推演 + 論文導讀 + 口頭報告 + 實證作業\n我覺得從中真的學到不少\n只是真的需要花不少時間在這門課上\n有時間、有能力、有志向的孩子可以考慮把這門課納入考慮~\n\n--\n\n原文網址: https://www.ptt.cc/bbs/NTUcourse/M.1498144948.A.B8F.html""]","[{""User_ID"": ""PTT"", ""Semester"": ""105-2"", ""Rating_Quality"": null, ""Rating_Sweet"": null, ""Rating_Easy"": null, ""Rating_Rich"": null, ""Comment"": ""轉載自 PTT 作者 ID: blackjack319 (nonsense)\n哪一學年度修課：105-2\nψ 授課教師 (若為多人合授請寫開課教師，以方便收錄)\n\n李宗穎 老師\n\nλ 開課系所與授課對象 (是否為必修或通識課 / 內容是否與某些背景相關)\n\n經濟系選修，英語授課\nδ 課程大概內容\n\n每周主題不同：\n\n2/22 Introduction\n3/1 Market Power\n3/8 Price Discrimination(I)\n3/15 Price Discrimination(II)\n3/22 Bundling\n3/29 Durable Goods\n------------春假--------------\n4/12 Demand Estimation --- 交期中報告\n4/19 Adervertising\n4/26 Consumer Inertia\n5/3 Experience Goods\n5/10 Horizontal Merger\n5/17 Vertically Related Market\n5/24 Presentation Workshop\n5/31 R&D\n6/7 Network Effects\n6/14 Student Presentation --- 交期末報告\nΩ 私心推薦指數(以五分計) ★★★★★\n★★★★★\n認真學習的話非常推，如果只是缺學分...選別門吧\n\nη 上課用書(影印講義或是指定教科書)\n\nPaul Belleflamme and Martin Peitz,\n<Industrial Organization: Markets and Strategies>\n2nd Edition, Cambridge University Press, 2015\n\n還有另外一本，兩本在社圖的參考架上都有，\n不過我也只花5分鐘翻過第一本 xD\n\nμ 上課方式(投影片、團體討論、老師教學風格)\n\n3小時的課拆成兩半，不過會提早下課\n前半部分是模型的推演(大概像是個經的延伸?)，用板書\n後半部分老師每周會指定先回家讀相關實證論文+經濟學人文章\n上課時帶大家看內容，用投影片\n老師非常愛點同學回答問題，雖然答錯也不會怎樣(?\n\nσ 評分方式(給分甜嗎？是紮實分？)\n\nHomework (6次) 20%\nQuiz (6次) 20%\nGroup Project\nMidterm report 10%\nPresentation 20%\nFinal report 30%\n+ Presentaion +5%\n\n光看分數的話(?)沒有給很嚴，\n小考每次滿分10分我大概拿8分，作業大概也都有8，9分\n期末口頭報告全班平均也在80%左右\n整體而言應該給分不會很吝嗇吧...??\n(但是真的很紮實)\n\nρ 考題型式、作業方式\n\n作業和報告都是最多3人一組，自行分組\n(除非是邊緣人老師如我才會幫忙分...xD)\n作業大概2周一次，一開始不會很難(用紙筆寫就可以)\n但是後來幾次作業都變成助教丟一個data set然後要跑迴歸結果\n就要花很多，很多，很多時間做......\n\n期中期末報告在一開始會先選好每一組有興趣的市場\n(例如Airline, Finance, Video Game, Healthcare......)\n期中的時候交1頁，有關市場的大略簡介和有興趣的方向即可\n期末的時候是8-10頁的Research Proposal(不用真的做出結果)\n要提到research question, market summary, economic logic,\npossible needed data這些部分\n\n小考也是每兩周一次，和作業錯開\n方式的話是每次上課的前15~20分鐘考，每次2題\n我覺得小考不是真的很難\n只是有些時候一個重點沒抓到時間內就會寫不出來了@@\n\n和統計一樣，這門課如果自願上台英文報告的話可以加分，\n不過這門課的報告題目是老師指定的經濟學人文章，\n也就是像幫大家導讀這篇文章的感覺\n\nω 其它(是否注重出席率？如果為外系選修，需先有什麼基礎較好嗎？老師個性？\n加簽習慣？嚴禁遲到等…)\n\n這門課英文授課，偏小班制(期末的時候剩下25個人吧)\n老師不會特別在意出席率，但是小班+老師會記名字\n所以沒到應該蠻明顯的...xDD\n\n這門課是經濟系、經濟所的共同選修\n不過性質上應該是大學部學生可以接受的難度?\n先修科目是個經、大二統計+計量\n計量同一學期一起修應該還可以，比較複雜的模型老師也會解釋\n比起計量，更吃重的可能是統計軟體的功力...\n\n學期初的加簽是用抽籤的，記得是大學部和研究所各抽5個\n而且就算有人退選老師也不再加簽...\n只能拚初選+抽籤的運氣了~\n\nΨ 總結\n\n當初選課的時候沒有看到這門課在板上的評價文，決定來野人獻曝一下\n這門課應該是我在經濟系修的最重的一門課了\n每周要看文章+準備小考/寫作業\n因為paper如果連摘要都沒看就去上課老師會有點不開心\n\n老師非常認真，期末報告是週五晚上12點用email繳交\n結果老師週六不到中午12點就email寫好評語跟評分了...(汗)\n如果作業或期末報告有問題可以去問，\n但是如果都沒有想法就想直接得到老師協助大概就要被電了...xD\n\n後期的作業真的蠻吃STATA功力的，\n像我一開始幾乎完全不會，只會用gen和replace兩個指令\n有一陣子真的有點頭痛...不過為了解決問題還是要自己上網查\n也還蠻感謝兩位同組同學在作業和報告上的合作~\n\n整體來說，這門課真的蠻多元的\n模型推演 + 論文導讀 + 口頭報告 + 實證作業\n我覺得從中真的學到不少\n只是真的需要花不少時間在這門課上\n有時間、有能力、有志向的孩子可以考慮把這門課納入考慮~\n\n--\n\n原文網址: https://www.ptt.cc/bbs/NTUcourse/M.1498144948.A.B8F.html""}]"
公平配置機制,葉俊顯,經濟學系、經濟學研究所,2,114-2,54271,ECON5078,,,,,"[""[PTT | 108-2]: 轉載自 PTT 作者 ID: tryptochan (tpr)\n哪一學年度修課：108-2\n\nψ 授課教師 (若為多人合授請寫開課教師，以方便收錄)\n葉俊顯 教授\nλ 開課系所與授課對象 (是否為必修或通識課 / 內容是否與某些背景相關)\n經濟系/所 選修\nδ 課程大概內容\nThis course will introduce several resource allocation problems\nincluding cooperative game theory, bankruptcy problems, cost-sharing\nproblems and etc.\nMeanwhile, fair allocation mechanisms will be introduced for each\nclass of resource allocation problems. This course studies allocation\nmechanisms from the axiomatic approach. The departure point of the\napproach is the properties of allocation mechanisms. These properties\nare formally stated as axioms and used to compare allocation\nmechanisms. The ultimate object of the approach is to trace out the\nboundary between those combinations that are compatible and those\nthat are not, and when compatible, to give as explicit as possible a\ndescription of the family of allocation mechanisms satisfying them.\nThe properties of allocation mechanisms often are motivated by several\nfairness or justice criteria. This course will introduce the criteria\nand explore their implications.\n\n(以上複製自ceiba)\n\n這門課介紹破產問題(Bankruptcy Problem)，即探討如何在資源不足的情況下合\n理/公平地進行分配。研究的approach分為兩類：axiomatic approach和\nstrategic approach。\n\nAxiomatic approach就是把各種不同考量下的「公平性」以公理化的方式定義，\n並探討哪些axioms可以唯一決定一種分配方式，藉此探討各分配方式本質上的不\n同。例如一般最直覺(主流?)的分配方式是亞里斯多德所提倡的proportional\nrule。其所隱含的公平精神即為“每一單位的claim皆同等重要＂。\n\n另一種討論方式則是以合作賽局的角度切入，將破產問題轉換成為破產遊戲\n(bankruptcy game)討論，介紹grand coalition、core等合作賽局的重要概念，\n並找出兩種approach suggest的解之間的對應關係。\n\n(以上是我從腦袋硬擠出來的)\n\nΩ 私心推薦指數(以五分計)\n課程內容、題材：★★★★★\n涼度： ★★★★★\n個人推薦程度： ★★★+0.75★\n(有點難簡述原因，底下解釋\nη 上課用書(影印講義或是指定教科書)\nThomson, William. (2019). How to Divide When There Isn't Enough: From\nAristotle, the Talmud, and Maimonides to the Axiomatics of Resource\nAllocation.\n前面主要是上面這本，後面還有提到底下兩本：\nMoulin, H. (1988) Axioms of Cooperative Decision Making.\nMoulin, H. (1995). Cooperative Microeconomics: A Game-Theoretic\nIntroduction.\n上課不會直接用到，但手邊有電子書的話還蠻方便的\n一個是有發生過教授直接用了一個notation，\n我們後來才在書裡發現它是有好好被定義的情況\n另一個就是覺得課上太慢的時候可以看看其他章XD\n\n投影片的部分則是老師課前會寄給大家\n\nμ 上課方式(投影片、團體討論、老師教學風格)\n投影片為主，需要畫圖的時候會用白板\n老師人很和藹，是中研院的教授\n上課也會聽到一些中研院的八卦XD\n有問題也很歡迎大家上課/下課時提出\n\nBUT...\n來試著解釋一下我給的評分偏低的原因\n\n第一是進度有點太緩慢了，\n一個proportional rule(等比例分配)解釋了15分鐘，\n還花很多時間在證明它分配的結果每個人會介在0和自己的claim之間\n簡單來說就是向量乘上一個0~1之間的常數後\n長度會介在0和原來的長度間\n整門課基本上就在這樣遲緩而慵懶的步調中完成了一個學期\n\n第二點比較難以言喻一點，\n我總覺得教授的數學跟我所理解的有那麼一點點微妙的差異，\n就好像世界線差了零點幾趴，沒有決定性的差異但又不太相容(工三小w\n在定理證明、符號定義等等的地方\n都會出現還不至於太影響理解但就是不太能接受的微妙差異\n這樣的差異加上教授不會把符號定義的太嚴謹，\n導致有些地方需要一點通靈(或翻課本XD)才能無疑問地看懂\n(不過只是要大致理解的話不去管這些倒沒什麼關係\n\nσ 評分方式(給分甜嗎？是紮實分？)\n沒有作業，有說過一些要讓我們回家練習的部份\n但後來好像就忘記了\n全部評分應該都在期末2人一組報paper上\n甜不甜不知道(總共好像就10個人左右修課\n--20210720更新--\n沒有很甜，11個人\nA+ 1人\nA 1人\nA- 6人\n剩下不清楚\n\nρ 考題型式、作業方式\n期末是自己分組，\n教授會指定一篇跟課程相關的paper給各組，\n要準備約30 mins的口頭報告\n報告過程教授會進行提問，有點類似測驗的形式\n問一些上課講過的東西，或叫你當場算某個解的分配結果\n都不難，不過有時有點打亂報告節奏就是了#\n\npaper的部分感覺都算好懂，不會有需要其他先備知識，\n或需要ˋ額外進行大量survey的情況\n教授也有說證明的部分看不懂不報沒關係\n(不過有報分數應該還是會高一點((吧\n\n至於教授分給我們這組的論文他本人有負責審過而且把它reject掉\n又是另一個故事了(啊不就還好我報的時候也把那篇嗆爆了((#\nω 其它(是否注重出席率？如果為外系選修，需先有什麼基礎較好嗎？老師個性？\n加簽習慣？嚴禁遲到等…)\n應該沒點過名，但那個人數教授應該都認得\n有沒有列入參考我就不知道了\n基礎應該完全不用，進度絕對跟的上\n加簽應該也都簽\n老師人很好，有甚麼問題都可以問\n(雖然我自己常常跟老師頻率對不太到QQ\n基本上算一門內容有趣(也冷門)，負擔又極輕鬆的課\n沒有相容性問題(X)的話我應該推爆\n\nΨ 總結\n好像沒看過其他類似或相關的課程(有的話求推坑?)\n還蠻酷的，大家可以來試試看\n不要求數學嚴謹或可以自行利用課本補完數學部分的人還蠻推薦的\n\n--\n\n原文網址: https://www.ptt.cc/bbs/NTUcourse/M.1598983228.A.38E.html""]","[{""User_ID"": ""PTT"", ""Semester"": ""108-2"", ""Rating_Quality"": null, ""Rating_Sweet"": null, ""Rating_Easy"": null, ""Rating_Rich"": null, ""Comment"": ""轉載自 PTT 作者 ID: tryptochan (tpr)\n哪一學年度修課：108-2\n\nψ 授課教師 (若為多人合授請寫開課教師，以方便收錄)\n葉俊顯 教授\nλ 開課系所與授課對象 (是否為必修或通識課 / 內容是否與某些背景相關)\n經濟系/所 選修\nδ 課程大概內容\nThis course will introduce several resource allocation problems\nincluding cooperative game theory, bankruptcy problems, cost-sharing\nproblems and etc.\nMeanwhile, fair allocation mechanisms will be introduced for each\nclass of resource allocation problems. This course studies allocation\nmechanisms from the axiomatic approach. The departure point of the\napproach is the properties of allocation mechanisms. These properties\nare formally stated as axioms and used to compare allocation\nmechanisms. The ultimate object of the approach is to trace out the\nboundary between those combinations that are compatible and those\nthat are not, and when compatible, to give as explicit as possible a\ndescription of the family of allocation mechanisms satisfying them.\nThe properties of allocation mechanisms often are motivated by several\nfairness or justice criteria. This course will introduce the criteria\nand explore their implications.\n\n(以上複製自ceiba)\n\n這門課介紹破產問題(Bankruptcy Problem)，即探討如何在資源不足的情況下合\n理/公平地進行分配。研究的approach分為兩類：axiomatic approach和\nstrategic approach。\n\nAxiomatic approach就是把各種不同考量下的「公平性」以公理化的方式定義，\n並探討哪些axioms可以唯一決定一種分配方式，藉此探討各分配方式本質上的不\n同。例如一般最直覺(主流?)的分配方式是亞里斯多德所提倡的proportional\nrule。其所隱含的公平精神即為“每一單位的claim皆同等重要＂。\n\n另一種討論方式則是以合作賽局的角度切入，將破產問題轉換成為破產遊戲\n(bankruptcy game)討論，介紹grand coalition、core等合作賽局的重要概念，\n並找出兩種approach suggest的解之間的對應關係。\n\n(以上是我從腦袋硬擠出來的)\n\nΩ 私心推薦指數(以五分計)\n課程內容、題材：★★★★★\n涼度： ★★★★★\n個人推薦程度： ★★★+0.75★\n(有點難簡述原因，底下解釋\nη 上課用書(影印講義或是指定教科書)\nThomson, William. (2019). How to Divide When There Isn't Enough: From\nAristotle, the Talmud, and Maimonides to the Axiomatics of Resource\nAllocation.\n前面主要是上面這本，後面還有提到底下兩本：\nMoulin, H. (1988) Axioms of Cooperative Decision Making.\nMoulin, H. (1995). Cooperative Microeconomics: A Game-Theoretic\nIntroduction.\n上課不會直接用到，但手邊有電子書的話還蠻方便的\n一個是有發生過教授直接用了一個notation，\n我們後來才在書裡發現它是有好好被定義的情況\n另一個就是覺得課上太慢的時候可以看看其他章XD\n\n投影片的部分則是老師課前會寄給大家\n\nμ 上課方式(投影片、團體討論、老師教學風格)\n投影片為主，需要畫圖的時候會用白板\n老師人很和藹，是中研院的教授\n上課也會聽到一些中研院的八卦XD\n有問題也很歡迎大家上課/下課時提出\n\nBUT...\n來試著解釋一下我給的評分偏低的原因\n\n第一是進度有點太緩慢了，\n一個proportional rule(等比例分配)解釋了15分鐘，\n還花很多時間在證明它分配的結果每個人會介在0和自己的claim之間\n簡單來說就是向量乘上一個0~1之間的常數後\n長度會介在0和原來的長度間\n整門課基本上就在這樣遲緩而慵懶的步調中完成了一個學期\n\n第二點比較難以言喻一點，\n我總覺得教授的數學跟我所理解的有那麼一點點微妙的差異，\n就好像世界線差了零點幾趴，沒有決定性的差異但又不太相容(工三小w\n在定理證明、符號定義等等的地方\n都會出現還不至於太影響理解但就是不太能接受的微妙差異\n這樣的差異加上教授不會把符號定義的太嚴謹，\n導致有些地方需要一點通靈(或翻課本XD)才能無疑問地看懂\n(不過只是要大致理解的話不去管這些倒沒什麼關係\n\nσ 評分方式(給分甜嗎？是紮實分？)\n沒有作業，有說過一些要讓我們回家練習的部份\n但後來好像就忘記了\n全部評分應該都在期末2人一組報paper上\n甜不甜不知道(總共好像就10個人左右修課\n--20210720更新--\n沒有很甜，11個人\nA+ 1人\nA 1人\nA- 6人\n剩下不清楚\n\nρ 考題型式、作業方式\n期末是自己分組，\n教授會指定一篇跟課程相關的paper給各組，\n要準備約30 mins的口頭報告\n報告過程教授會進行提問，有點類似測驗的形式\n問一些上課講過的東西，或叫你當場算某個解的分配結果\n都不難，不過有時有點打亂報告節奏就是了#\n\npaper的部分感覺都算好懂，不會有需要其他先備知識，\n或需要ˋ額外進行大量survey的情況\n教授也有說證明的部分看不懂不報沒關係\n(不過有報分數應該還是會高一點((吧\n\n至於教授分給我們這組的論文他本人有負責審過而且把它reject掉\n又是另一個故事了(啊不就還好我報的時候也把那篇嗆爆了((#\nω 其它(是否注重出席率？如果為外系選修，需先有什麼基礎較好嗎？老師個性？\n加簽習慣？嚴禁遲到等…)\n應該沒點過名，但那個人數教授應該都認得\n有沒有列入參考我就不知道了\n基礎應該完全不用，進度絕對跟的上\n加簽應該也都簽\n老師人很好，有甚麼問題都可以問\n(雖然我自己常常跟老師頻率對不太到QQ\n基本上算一門內容有趣(也冷門)，負擔又極輕鬆的課\n沒有相容性問題(X)的話我應該推爆\n\nΨ 總結\n好像沒看過其他類似或相關的課程(有的話求推坑?)\n還蠻酷的，大家可以來試試看\n不要求數學嚴謹或可以自行利用課本補完數學部分的人還蠻推薦的\n\n--\n\n原文網址: https://www.ptt.cc/bbs/NTUcourse/M.1598983228.A.38E.html""}]"
勞動經濟學專題: 實證方法與應用,楊子霆,經濟學系、經濟學研究所,2,114-2,22575,ECON5163,,,,,"[""無評價""]",[]
計量經濟學二,劉錦添,經濟學系、社會科學院院學士學位、經濟學研究所,3,114-2,39141,ECON5164,5.0,2.0,4.0,4.0,"[""[User89010 | 113-2]: Good subject, good professor and good tutor. But it is a little bit hard.""]","[{""User_ID"": ""User89010"", ""Semester"": ""113-2"", ""Rating_Quality"": null, ""Rating_Sweet"": null, ""Rating_Easy"": null, ""Rating_Rich"": null, ""Comment"": ""Good subject, good professor and good tutor. But it is a little bit hard.""}]"
國際金融:理論、歷史、計量,何泰寬,經濟學系、經濟學研究所,3,114-2,45718,ECON5174,,,,,"[""無評價""]",[]
動態最適化與動態賽局,周建富,經濟學系、經濟學研究所,3,114-2,43135,ECON5119,,,,,"[""[PTT | 107-2]: 轉載自 PTT 作者 ID: slientstream (slientstream92)\n哪一學年度修課：107-2\n\nψ 授課教師 (若為多人合授請寫開課教師，以方便收錄)周建富\n\nλ 開課系所與授課對象 (是否為必修或通識課 / 內容是否與某些背景相關) 經濟系/經研所\n\nδ 課程大概內容\n(依老師上課順序)\nCH10.Game Theory\nCH11.Economic Dynamics\nCH12.Reviwe of Integral Calculus\nCH13.Ordinary Differential Equations\nCH14.Difference Equations\nCH15.Diagonalization of a Matrix and Jordan Theorem\nCH16.Simultaneous Difference Equtions\nCH17.Simultaneous Differential Equtions\nCH18.Discrete Time Optimization\nCH19.Dynamic Optimization-Continuous time\nDifferential Games\nCH20.Stochastic Differential Equtions\nStochastic War-of-Attrition and Tug-of-War Games\n\nΩ 私心推薦指數(以五分計)\n★★★★ for有志於經研所或經濟研究的人\n★ for 拿來當經濟系系內選修的人\n\nη 上課用書(影印講義或是指定教科書)\n老師會發講義\n另外有參考書目有：\nKamien / Schwartz, Dynamic Optimization\nDixit / Pindyck, Investment under uncertainty\nμ 上課方式(投影片、團體討論、老師教學風格)\n老師以投影片上課\n投影片跟講義內容一樣\n\nσ 評分方式(給分甜嗎？是紮實分？)\n期中Take home exam 50%\n期末考 50%\n雖然考試可以帶一張A4的大抄\n但是還是要讀很熟不然會像我一樣寫完三個小時不知道自己在寫三...\n\nρ 考題型式、作業方式\n考題跟講義內容類似，大致都是課本延伸(多加一個變數或者一個衝擊)\n\n\nω 其它(是否注重出席率？如果為外系選修，需先有什麼基礎較好嗎？老師個性？\n加簽習慣？嚴禁遲到等…)\n不點名\n最好修過微甲不然微乙最好要上過上學期的經濟數學\n老師人超好(我不夠認真對不起他QQ)\n這堂課選的人很少應該初選就能上了\n\nΨ 總結\n這不是一門輕鬆的選修課，但可以學到很多跟經濟相關的數學，對經研所的其他選修課會有幫助\n像是這學期老毛的貨幣理論前面教的動態最適方法都會教到\n還會教一些很神奇的東西，像是證明BS formula 還有怎麼直接算實質選擇權定價\n但真的只推薦對經濟研究有興趣的人去上\n\n--\n\n原文網址: https://www.ptt.cc/bbs/NTUcourse/M.1561452707.A.0BF.html""]","[{""User_ID"": ""PTT"", ""Semester"": ""107-2"", ""Rating_Quality"": null, ""Rating_Sweet"": null, ""Rating_Easy"": null, ""Rating_Rich"": null, ""Comment"": ""轉載自 PTT 作者 ID: slientstream (slientstream92)\n哪一學年度修課：107-2\n\nψ 授課教師 (若為多人合授請寫開課教師，以方便收錄)周建富\n\nλ 開課系所與授課對象 (是否為必修或通識課 / 內容是否與某些背景相關) 經濟系/經研所\n\nδ 課程大概內容\n(依老師上課順序)\nCH10.Game Theory\nCH11.Economic Dynamics\nCH12.Reviwe of Integral Calculus\nCH13.Ordinary Differential Equations\nCH14.Difference Equations\nCH15.Diagonalization of a Matrix and Jordan Theorem\nCH16.Simultaneous Difference Equtions\nCH17.Simultaneous Differential Equtions\nCH18.Discrete Time Optimization\nCH19.Dynamic Optimization-Continuous time\nDifferential Games\nCH20.Stochastic Differential Equtions\nStochastic War-of-Attrition and Tug-of-War Games\n\nΩ 私心推薦指數(以五分計)\n★★★★ for有志於經研所或經濟研究的人\n★ for 拿來當經濟系系內選修的人\n\nη 上課用書(影印講義或是指定教科書)\n老師會發講義\n另外有參考書目有：\nKamien / Schwartz, Dynamic Optimization\nDixit / Pindyck, Investment under uncertainty\nμ 上課方式(投影片、團體討論、老師教學風格)\n老師以投影片上課\n投影片跟講義內容一樣\n\nσ 評分方式(給分甜嗎？是紮實分？)\n期中Take home exam 50%\n期末考 50%\n雖然考試可以帶一張A4的大抄\n但是還是要讀很熟不然會像我一樣寫完三個小時不知道自己在寫三...\n\nρ 考題型式、作業方式\n考題跟講義內容類似，大致都是課本延伸(多加一個變數或者一個衝擊)\n\n\nω 其它(是否注重出席率？如果為外系選修，需先有什麼基礎較好嗎？老師個性？\n加簽習慣？嚴禁遲到等…)\n不點名\n最好修過微甲不然微乙最好要上過上學期的經濟數學\n老師人超好(我不夠認真對不起他QQ)\n這堂課選的人很少應該初選就能上了\n\nΨ 總結\n這不是一門輕鬆的選修課，但可以學到很多跟經濟相關的數學，對經研所的其他選修課會有幫助\n像是這學期老毛的貨幣理論前面教的動態最適方法都會教到\n還會教一些很神奇的東西，像是證明BS formula 還有怎麼直接算實質選擇權定價\n但真的只推薦對經濟研究有興趣的人去上\n\n--\n\n原文網址: https://www.ptt.cc/bbs/NTUcourse/M.1561452707.A.0BF.html""}]"
"社會學甲下
A5",陳東升,社會學系、社會科學院院學士學位,3,114-2,26421,Soc1005,,,,,"[""無評價""]",[]
社會學甲實習下,陳東升,社會學系,1,114-2,57140,Soc1031,,,,,"[""無評價""]",[]
社會心理學,藍佩嘉,社會學系、社會科學院院學士學位,3,114-2,20436,Soc2012,,,,,"[""[PTT | 107-1]: 轉載自 PTT 作者 ID: jianba (jian by the sea)\n哪一學年度修課：107-1\n\nψ 授課教師 (若為多人合授請寫開課教師，以方便收錄)\n藍佩嘉\n\nλ 開課系所與授課對象 (是否為必修或通識課 / 內容是否與某些背景相關)\n社會系大二必修\n\nδ 課程大概內容\n複製課綱\n這門課的全名為「社會學觀點的社會心理學」，探討如何從微觀的日常生活\n與人際（interpersonal）的分析層次來洞察社會的構成與運作，或者說，\n自我、認知、情緒、行為與認同如何受到社會結構與團體互動的影響。\n相較於心理學觀點的社會心理學，本課程強調社會不平等與權力關係（包括\n性別、種族、階級與性取向）的作用，教材多選用社會學的經典與相關研究，\n希望透過經驗現象的分析與討論，進而達成描述、詮釋、反思與改變社會的\n目標。\n\n每周進度：\n認知與基模\n網路世界的人際關係\n自我與認同\n角色與互動\n偏見與汙名\n性別與框架\n情緒\n權威與從眾\n反抗與集體行動\n階級與慣習\n親職與童年\n團體作業報告\n\n另有一周是客座演講，講者是中研院社會所余貞誼\n講題是〈鑲嵌性的時間經驗：社群媒介於日常的時間實作分析〉和\n〈我說你是你就是：從PTT母豬教探究網路公共領域的樣貌〉\n\n倒數第二周是女神自己演講自己的新書\n《被擠壓的親職：教養焦慮與不平等的童年》\n\nΩ 私心推薦指數(以五分計) ★★★★★\n前幾周有點無聊和零碎★★★★\n討厭團體報告☆\n倒數第二周的演講★★★★★★★★★★★★★★★★★★★★★\n\nη 上課用書(影印講義或是指定教科書)\n開學到118的影印店買課程讀本\n\nμ 上課方式(投影片、團體討論、老師教學風格)\n老師課前會上傳PPT到ceiba上希望大家印下來抄筆記\n第一周雖然說原則上禁止筆電（並附上一堆社會心理學的證據）\n但其實上課用筆電抄筆記老師不會說甚麼\n\n有幾周會最後一節課會分成三個助教帶到不同教室上討論課\n討論課會再分成小組，要簽到。\n上課偶爾會看影片或是一些社會心理學的實驗片段\n有幾周會看紀錄片或電影，\n但大致還是以PPT授課為主，大致介紹一些社會心理學的理論和例子。\n\n\n老師教學風格還蠻活潑的，會不斷在教室來回走動要同學回答問題\n也能把同學的問題與回答收攏得很好！上課很有個人魅力！\n只是老師的英文太好（非常好聽），有時候中英夾雜會稍微聽不懂，\n連講台語都有英文腔。\n\n之前和其他同學討論，覺得社心前幾周上課有點無聊，\n原因可能是社心本身比較缺乏一致的理論觀點（？）\n所以上起來就有些零碎，\n否則老師本身演講是非常有魅力也引人入勝，\n最後第二周老師講自己的研究就非常非常精彩！\n（老師非常適合演講XD）\n\n上課偶爾會要同學拿小紙條回答問題交給助教，可能是以此點名？\n\nσ 評分方式(給分甜嗎？是紮實分？)\n四份小作業 40%\n課堂出席與討論 10%\n團體報告 30%\n期中考 20%\n\n小作業一學期有五個題目，自行選四次撰寫，\n基本上會和當周主題與文本扣合，篇幅在1500~2000字，超過或不足都會扣分，\n可遲交，但遲交最高只有B+，雖然實測稍微遲交幾小時不會扣分。\n助教給分還蠻甜的，基本上是A起跳，只是評語寫得非常隨便，\n雖然可以理解助教工作很多，社心人又很多。\n\n期中考考古題有，基本上有上課、有讀讀本（雖然我期中後就沒讀了）\n不會太難，只要有講到讀本的理論並舉例分數都還不錯！\n\n團體報告會在某一周以OPENSPACE的方式分組，\n大家可以選擇自己有興趣的主題去寫，\n這學期的主題有：廟會、反同組織的動員、外籍生與本籍生的互動、宿營、\n制服日、KPOP演唱會、音樂祭、台北市長選舉、大型補習班的教師崇拜等等\n之後利用課餘時間討論，最後一周上台發表。\n團體報告的準備時間還蠻趕的，大約只有一個月，\n而且一組七到八人其實還蠻難討論的。\n\nρ 考題型式、作業方式\n如上\n\nω 其它(是否注重出席率？如果為外系選修，需先有什麼基礎較好嗎？老師個性？\n加簽習慣？嚴禁遲到等…)\n出席率就是偶爾用小紙條點名、討論課簽到，應該不算太重出席。\n佩嘉是大家的女神！！！人很好但不太知道怎麼跟學生聊天XD 但依然是女神！\n加簽順序課程網有寫，開放旁聽。\n\nΨ 總結\n女神>///////<\n\n\n--\n\n原文網址: https://www.ptt.cc/bbs/NTUcourse/M.1549062927.A.0F7.html""]","[{""User_ID"": ""PTT"", ""Semester"": ""107-1"", ""Rating_Quality"": null, ""Rating_Sweet"": null, ""Rating_Easy"": null, ""Rating_Rich"": null, ""Comment"": ""轉載自 PTT 作者 ID: jianba (jian by the sea)\n哪一學年度修課：107-1\n\nψ 授課教師 (若為多人合授請寫開課教師，以方便收錄)\n藍佩嘉\n\nλ 開課系所與授課對象 (是否為必修或通識課 / 內容是否與某些背景相關)\n社會系大二必修\n\nδ 課程大概內容\n複製課綱\n這門課的全名為「社會學觀點的社會心理學」，探討如何從微觀的日常生活\n與人際（interpersonal）的分析層次來洞察社會的構成與運作，或者說，\n自我、認知、情緒、行為與認同如何受到社會結構與團體互動的影響。\n相較於心理學觀點的社會心理學，本課程強調社會不平等與權力關係（包括\n性別、種族、階級與性取向）的作用，教材多選用社會學的經典與相關研究，\n希望透過經驗現象的分析與討論，進而達成描述、詮釋、反思與改變社會的\n目標。\n\n每周進度：\n認知與基模\n網路世界的人際關係\n自我與認同\n角色與互動\n偏見與汙名\n性別與框架\n情緒\n權威與從眾\n反抗與集體行動\n階級與慣習\n親職與童年\n團體作業報告\n\n另有一周是客座演講，講者是中研院社會所余貞誼\n講題是〈鑲嵌性的時間經驗：社群媒介於日常的時間實作分析〉和\n〈我說你是你就是：從PTT母豬教探究網路公共領域的樣貌〉\n\n倒數第二周是女神自己演講自己的新書\n《被擠壓的親職：教養焦慮與不平等的童年》\n\nΩ 私心推薦指數(以五分計) ★★★★★\n前幾周有點無聊和零碎★★★★\n討厭團體報告☆\n倒數第二周的演講★★★★★★★★★★★★★★★★★★★★★\n\nη 上課用書(影印講義或是指定教科書)\n開學到118的影印店買課程讀本\n\nμ 上課方式(投影片、團體討論、老師教學風格)\n老師課前會上傳PPT到ceiba上希望大家印下來抄筆記\n第一周雖然說原則上禁止筆電（並附上一堆社會心理學的證據）\n但其實上課用筆電抄筆記老師不會說甚麼\n\n有幾周會最後一節課會分成三個助教帶到不同教室上討論課\n討論課會再分成小組，要簽到。\n上課偶爾會看影片或是一些社會心理學的實驗片段\n有幾周會看紀錄片或電影，\n但大致還是以PPT授課為主，大致介紹一些社會心理學的理論和例子。\n\n\n老師教學風格還蠻活潑的，會不斷在教室來回走動要同學回答問題\n也能把同學的問題與回答收攏得很好！上課很有個人魅力！\n只是老師的英文太好（非常好聽），有時候中英夾雜會稍微聽不懂，\n連講台語都有英文腔。\n\n之前和其他同學討論，覺得社心前幾周上課有點無聊，\n原因可能是社心本身比較缺乏一致的理論觀點（？）\n所以上起來就有些零碎，\n否則老師本身演講是非常有魅力也引人入勝，\n最後第二周老師講自己的研究就非常非常精彩！\n（老師非常適合演講XD）\n\n上課偶爾會要同學拿小紙條回答問題交給助教，可能是以此點名？\n\nσ 評分方式(給分甜嗎？是紮實分？)\n四份小作業 40%\n課堂出席與討論 10%\n團體報告 30%\n期中考 20%\n\n小作業一學期有五個題目，自行選四次撰寫，\n基本上會和當周主題與文本扣合，篇幅在1500~2000字，超過或不足都會扣分，\n可遲交，但遲交最高只有B+，雖然實測稍微遲交幾小時不會扣分。\n助教給分還蠻甜的，基本上是A起跳，只是評語寫得非常隨便，\n雖然可以理解助教工作很多，社心人又很多。\n\n期中考考古題有，基本上有上課、有讀讀本（雖然我期中後就沒讀了）\n不會太難，只要有講到讀本的理論並舉例分數都還不錯！\n\n團體報告會在某一周以OPENSPACE的方式分組，\n大家可以選擇自己有興趣的主題去寫，\n這學期的主題有：廟會、反同組織的動員、外籍生與本籍生的互動、宿營、\n制服日、KPOP演唱會、音樂祭、台北市長選舉、大型補習班的教師崇拜等等\n之後利用課餘時間討論，最後一周上台發表。\n團體報告的準備時間還蠻趕的，大約只有一個月，\n而且一組七到八人其實還蠻難討論的。\n\nρ 考題型式、作業方式\n如上\n\nω 其它(是否注重出席率？如果為外系選修，需先有什麼基礎較好嗎？老師個性？\n加簽習慣？嚴禁遲到等…)\n出席率就是偶爾用小紙條點名、討論課簽到，應該不算太重出席。\n佩嘉是大家的女神！！！人很好但不太知道怎麼跟學生聊天XD 但依然是女神！\n加簽順序課程網有寫，開放旁聽。\n\nΨ 總結\n女神>///////<\n\n\n--\n\n原文網址: https://www.ptt.cc/bbs/NTUcourse/M.1549062927.A.0F7.html""}]"
社會研究方法甲下,林國明,社會學系、社會科學院院學士學位,4,114-2,32173,Soc3049,,,,,"[""無評價""]",[]
家庭社會學,郭貞蘭,社會學系,3,114-2,45987,Soc2016,5.0,4.0,4.0,3.0,"[""[User73796 | 113-1]: Family sociology\nlecture\nreadings\nquiz, essay, final report and presentation\neasy\nNice teacher!workload is a bit heavy.""]","[{""User_ID"": ""User73796"", ""Semester"": ""113-1"", ""Rating_Quality"": null, ""Rating_Sweet"": null, ""Rating_Easy"": null, ""Rating_Rich"": null, ""Comment"": ""Family sociology\nlecture\nreadings\nquiz, essay, final report and presentation\neasy\nNice teacher!workload is a bit heavy.""}]"
轉型正義與集體記憶,汪宏倫,社會學系、社會學研究所,3,114-2,40331,Soc7137,,,,,"[""無評價""]",[]
公共社會學寫作,何榮幸,社會學系、社會學研究所,3,114-2,40294,Soc5014,,,,,"[""無評價""]",[]
社會工作概論下,林敬軒,社會科學院院學士學位、社會工作學系,3,114-2,23128,SW1005,,,,,"[""[PTT | 106-2]: 轉載自 PTT 作者 ID: jackysammy (邊緣桌球)\n哪一學年度修課：106-2\n\nψ 授課教師 (若為多人合授請寫開課教師，以方便收錄)林敬軒\n\nλ 開課系所與授課對象 (是否為必修或通識課 / 內容是否與某些背景相關)\n社工系大一必修,會擋修\nδ 課程大概內容\n大概是每周介紹一個社會工作領域\n第1週 課程介紹\n第2週 社會工作與多元文化\n第3週 貧窮、社會工作與社會救助\n第4週 學校社會工作\n第5週 兒童及少年社會工作\n第6週 春假\n第7週 老人社會工作\n第8週 醫療與健康照顧社會工作\n第9週 期中考試\n第10週 期中評量、回饋與展望\n第11週 心理衛生社會工作\n第12週 身心障礙者社會工作\n第13週 少數族群（原住民族、新住民）與社會工作\n第14週 社會工作新興議題和領域\n第15週 社會工作專業的挑戰與未來展望\n第16週 期末團體報告分享\n第17週 期末團體報告分享＆期末回顧與回饋\n\nΩ 私心推薦指數(以五分計) ★★★★★\n沒興趣:★\nη 上課用書(影印講義或是指定教科書)\n老師會將指定閱讀放在ceiba上\n\nμ 上課方式(投影片、團體討論、老師教學風格)\n通常是老師用投影片的方式穿插影片上課,但是我覺得最棒的地方是有\n演講者分享實務經驗(好像5個吧),並不是一直上ppt\n上課中也穿插著討論,上課也會發學習單,老師非常希望與大家互動\n基本上上課不點名,但是老師還是會默默將大家的名字記住\n所以老師知道你翹課喔XD\n一個星期有兩堂討論課~討論課除了討論上課內容有時會深入一個議題\n進行討論/讀文本/根據主題報告(每班不同)\nσ 評分方式(給分甜嗎？是紮實分？)\n完完全全紮實\n如果你沒有一定的熱誠或是覺悟這堂課對你來說沒什麼收穫\n畢竟是社工系的必修,這堂課是有一定loading的\n課程參與 20%\n期中考試 20%(演講內容)有選擇填充申論有上課一定有分\n反思小作業 30% 2份（約3000~4000字）參考APA格式\n社會議題團體書面報告 20%\n社會議題團體口頭報告 10%\n\nρ 考題型式、作業方式\n同上\n\nω 其它(是否注重出席率？如果為外系選修，需先有什麼基礎較好嗎？老師個性？\n加簽習慣？嚴禁遲到等…)\n請帶著熱騰騰的心來上課吧\nΨ 總結\n如果你有興趣這堂課可以帶給你對社會工作領域一個基礎的簡介\n但是你沒興趣這是 門 loading 很重的廢課\n\n--\n\n原文網址: https://www.ptt.cc/bbs/NTUcourse/M.1534838066.A.27C.html""]","[{""User_ID"": ""PTT"", ""Semester"": ""106-2"", ""Rating_Quality"": null, ""Rating_Sweet"": null, ""Rating_Easy"": null, ""Rating_Rich"": null, ""Comment"": ""轉載自 PTT 作者 ID: jackysammy (邊緣桌球)\n哪一學年度修課：106-2\n\nψ 授課教師 (若為多人合授請寫開課教師，以方便收錄)林敬軒\n\nλ 開課系所與授課對象 (是否為必修或通識課 / 內容是否與某些背景相關)\n社工系大一必修,會擋修\nδ 課程大概內容\n大概是每周介紹一個社會工作領域\n第1週 課程介紹\n第2週 社會工作與多元文化\n第3週 貧窮、社會工作與社會救助\n第4週 學校社會工作\n第5週 兒童及少年社會工作\n第6週 春假\n第7週 老人社會工作\n第8週 醫療與健康照顧社會工作\n第9週 期中考試\n第10週 期中評量、回饋與展望\n第11週 心理衛生社會工作\n第12週 身心障礙者社會工作\n第13週 少數族群（原住民族、新住民）與社會工作\n第14週 社會工作新興議題和領域\n第15週 社會工作專業的挑戰與未來展望\n第16週 期末團體報告分享\n第17週 期末團體報告分享＆期末回顧與回饋\n\nΩ 私心推薦指數(以五分計) ★★★★★\n沒興趣:★\nη 上課用書(影印講義或是指定教科書)\n老師會將指定閱讀放在ceiba上\n\nμ 上課方式(投影片、團體討論、老師教學風格)\n通常是老師用投影片的方式穿插影片上課,但是我覺得最棒的地方是有\n演講者分享實務經驗(好像5個吧),並不是一直上ppt\n上課中也穿插著討論,上課也會發學習單,老師非常希望與大家互動\n基本上上課不點名,但是老師還是會默默將大家的名字記住\n所以老師知道你翹課喔XD\n一個星期有兩堂討論課~討論課除了討論上課內容有時會深入一個議題\n進行討論/讀文本/根據主題報告(每班不同)\nσ 評分方式(給分甜嗎？是紮實分？)\n完完全全紮實\n如果你沒有一定的熱誠或是覺悟這堂課對你來說沒什麼收穫\n畢竟是社工系的必修,這堂課是有一定loading的\n課程參與 20%\n期中考試 20%(演講內容)有選擇填充申論有上課一定有分\n反思小作業 30% 2份（約3000~4000字）參考APA格式\n社會議題團體書面報告 20%\n社會議題團體口頭報告 10%\n\nρ 考題型式、作業方式\n同上\n\nω 其它(是否注重出席率？如果為外系選修，需先有什麼基礎較好嗎？老師個性？\n加簽習慣？嚴禁遲到等…)\n請帶著熱騰騰的心來上課吧\nΨ 總結\n如果你有興趣這堂課可以帶給你對社會工作領域一個基礎的簡介\n但是你沒興趣這是 門 loading 很重的廢課\n\n--\n\n原文網址: https://www.ptt.cc/bbs/NTUcourse/M.1534838066.A.27C.html""}]"
社會心理學,傅從喜,社會科學院院學士學位、社會工作學系,3,114-2,32256,SW1006,,,,,"[""[PTT | 108-2]: 轉載自 PTT 作者 ID: ptt2018 (ptt2018)\n哪一學年度修課：\n108-2\nψ 授課教師 (若為多人合授請寫開課教師，以方便收錄)\n傅從喜\nλ 開課系所與授課對象 (是否為必修或通識課 / 內容是否與某些背景相關)\n社工系大一必修\nδ 課程大概內容\n什麼是社會心理學、社會知覺、社會影響、社會關係、性別、社會心理學的應用(以上節錄自CEIBA)\nΩ 私心推薦指數(以五分計) ★★★★★\n四個星\nη 上課用書(影印講義或是指定教科書)\n洪光遠、程淑華、王郁茗譯，社會心理學。雙葉書廊出版。\n基本上就依照這本書上課，但畢竟課本內容太多，上課精簡很多。建議可以買這本書，考前複習PPT遇到不太清楚的地方再來參考課本內容。\nμ 上課方式(投影片、團體討論、老師教學風格)\n用投影片上課，上課的時候很常會點同學問問題，但都是很簡單很直覺很生活化的問題，所以不用擔心被答不出來很尷尬之類的，整體上課氛圍很輕鬆，師生互動很多。\n老師有時候會要求同學們兩三個一組做一些測驗之類的，但次數很少，邊緣人不用太擔心。\n下半學期用直播上課，也是常常會點人回答，或是利用直播投票來驗證社心理論。\nσ 評分方式(給分甜嗎？是紮實分？)\n期末考35%、課堂作業35%(課後常常會有一個作業要寫，但都不難，一個小時可以搞定的那種)、學期報告15%(寫個人和環境因素如何塑造現在的我，字數不限)、影片心得15%(看兩部指定的電影，寫1000-3000字的心得)\n給分應該算滿甜的，我和認識的五六個同學都有A或A+。課堂作業和影片心得助教說只要有準時交就有80分(還是75分，有點忘了)，至於學期報告的要求不是很高，沒有要求要利用很多社心理論，只要有表達現在的我是如何形成的分數就不會難看的樣子，期末考給分好像也不嚴。\nρ 考題型式、作業方式\n期末考都是申論題，六題選四題寫，基本上要念書才會寫，但題目難度都不是很高，好幾題是上課和課後作業常常提到的概念\n老師說大家都會去看考古題，所以不會出跟考古題相似的題目。\nω 其它(是否注重出席率？如果為外系選修，需先有什麼基礎較好嗎？老師個性？\n加簽習慣？嚴禁遲到等…)\n不重視出席率，外系選修不需要任何基礎，老師個性很好，很照顧學生，也很喜歡和同學互動，這學期還請了幾個踴躍回答問題的學生吃飯\n加簽部分只要教室坐的下就都簽，這學期換到大教室上課，所以就全簽。\nΨ 總結\n老師強調這是一堂社工系的社會心理學課程，所以很多部分會強調社心和社工之間的關聯，也重視社心對於社工的益處。\n老師也說這是開給大一的課，所以難度比較低，我覺得這門課的確滿簡單的，很多東西甚至根本就是常識，也因此我後來上課都不太認真聽(對不起老師嗚嗚)，但老師也說只有開給大一的課會比較簡單，他其他的就不會這樣了。\n考試的部分我覺得把PPT看熟就可以了，沒有必要去熟讀課本，PPT有看不懂的地方再去翻課本就好，題目雖然是申論題，但滿多部分都可以用日常生活常識應答，所以也不會太難。\n\n\n--\n\n原文網址: https://www.ptt.cc/bbs/NTUcourse/M.1596864419.A.462.html""]","[{""User_ID"": ""PTT"", ""Semester"": ""108-2"", ""Rating_Quality"": null, ""Rating_Sweet"": null, ""Rating_Easy"": null, ""Rating_Rich"": null, ""Comment"": ""轉載自 PTT 作者 ID: ptt2018 (ptt2018)\n哪一學年度修課：\n108-2\nψ 授課教師 (若為多人合授請寫開課教師，以方便收錄)\n傅從喜\nλ 開課系所與授課對象 (是否為必修或通識課 / 內容是否與某些背景相關)\n社工系大一必修\nδ 課程大概內容\n什麼是社會心理學、社會知覺、社會影響、社會關係、性別、社會心理學的應用(以上節錄自CEIBA)\nΩ 私心推薦指數(以五分計) ★★★★★\n四個星\nη 上課用書(影印講義或是指定教科書)\n洪光遠、程淑華、王郁茗譯，社會心理學。雙葉書廊出版。\n基本上就依照這本書上課，但畢竟課本內容太多，上課精簡很多。建議可以買這本書，考前複習PPT遇到不太清楚的地方再來參考課本內容。\nμ 上課方式(投影片、團體討論、老師教學風格)\n用投影片上課，上課的時候很常會點同學問問題，但都是很簡單很直覺很生活化的問題，所以不用擔心被答不出來很尷尬之類的，整體上課氛圍很輕鬆，師生互動很多。\n老師有時候會要求同學們兩三個一組做一些測驗之類的，但次數很少，邊緣人不用太擔心。\n下半學期用直播上課，也是常常會點人回答，或是利用直播投票來驗證社心理論。\nσ 評分方式(給分甜嗎？是紮實分？)\n期末考35%、課堂作業35%(課後常常會有一個作業要寫，但都不難，一個小時可以搞定的那種)、學期報告15%(寫個人和環境因素如何塑造現在的我，字數不限)、影片心得15%(看兩部指定的電影，寫1000-3000字的心得)\n給分應該算滿甜的，我和認識的五六個同學都有A或A+。課堂作業和影片心得助教說只要有準時交就有80分(還是75分，有點忘了)，至於學期報告的要求不是很高，沒有要求要利用很多社心理論，只要有表達現在的我是如何形成的分數就不會難看的樣子，期末考給分好像也不嚴。\nρ 考題型式、作業方式\n期末考都是申論題，六題選四題寫，基本上要念書才會寫，但題目難度都不是很高，好幾題是上課和課後作業常常提到的概念\n老師說大家都會去看考古題，所以不會出跟考古題相似的題目。\nω 其它(是否注重出席率？如果為外系選修，需先有什麼基礎較好嗎？老師個性？\n加簽習慣？嚴禁遲到等…)\n不重視出席率，外系選修不需要任何基礎，老師個性很好，很照顧學生，也很喜歡和同學互動，這學期還請了幾個踴躍回答問題的學生吃飯\n加簽部分只要教室坐的下就都簽，這學期換到大教室上課，所以就全簽。\nΨ 總結\n老師強調這是一堂社工系的社會心理學課程，所以很多部分會強調社心和社工之間的關聯，也重視社心對於社工的益處。\n老師也說這是開給大一的課，所以難度比較低，我覺得這門課的確滿簡單的，很多東西甚至根本就是常識，也因此我後來上課都不太認真聽(對不起老師嗚嗚)，但老師也說只有開給大一的課會比較簡單，他其他的就不會這樣了。\n考試的部分我覺得把PPT看熟就可以了，沒有必要去熟讀課本，PPT有看不懂的地方再去翻課本就好，題目雖然是申論題，但滿多部分都可以用日常生活常識應答，所以也不會太難。\n\n\n--\n\n原文網址: https://www.ptt.cc/bbs/NTUcourse/M.1596864419.A.462.html""}]"
人類行為與社會環境,許正熙,社會工作學系,3,114-2,14976,SW1007,,,,,"[""無評價""]",[]
社會福利概論,蔡貞慧,社會科學院院學士學位、社會工作學系,3,114-2,23840,SW2022,,,,,"[""無評價""]",[]
替代性兒童福利服務,林敬軒,社會工作學系、社會工作學研究所,3,114-2,40209,SW5030,,,,,"[""[PTT | 109-2]: 轉載自 PTT 作者 ID: znling (阿妮)\n哪一學年度修課： 109-2\n\nψ 授課教師 (若為多人合授請寫開課教師，以方便收錄) 林敬軒\n\nλ 開課系所與授課對象 (是否為必修或通識課 / 內容是否與某些背景相關) 社工系 選修\n\n\nδ 課程大概內容 轉自老師課程概述\n課程設計分為三個階段：第一階段，主要介紹基本兒少福利概念和福利服務理論，包括兒\n童權利公約、兒童最佳利益、兒少福利服務三級預防、兒童福利體系發展等。第二階段，\n介紹替代性兒童福利制度和服務，包括寄養家庭（foster family）、親屬安置（\nkinship care）、團體家庭（group home）、機構安置（residential care）、青少年自\n立方案（independent living）、國內與跨國境收出養（domestic and intercountry\nadoption）等。第三階段，討論替代性照顧中兒童的相關議題，包括返家重聚（\nreunification）、永久性計畫（permanency planning）、安置中虐待（maltreatment\nin care）、物質濫用、身心理疾病、安置兒少復原力、多元文化認同與服務等。\n\nΩ 私心推薦指數(以五分計) ★★★★★★★★★★\n\nη 上課用書(影印講義或是指定教科書) PPT\n\nμ 上課方式(投影片、團體討論、老師教學風格)\n投影片授課、提出想法跟小組討論是基本。\n\nσ 評分方式(給分甜嗎？是紮實分？) 當然是扎實分\n\nρ 考題型式、作業方式\n課程出席與參與 20%\n指定閱讀提問 15%\n替代性照顧議題懶人包（團體口頭報告） 20%\n替代性照顧議題懶人包 10%\n期中反思作業：誰是替代性照顧兒少 15%\n期末反思作業：聯合國替代性照顧準則 20%\n\nω 其它(是否注重出席率？如果為外系選修，需先有什麼基礎較好嗎？老師個性？\n加簽習慣？嚴禁遲到等…)\n老師不會點名，但出席一定會有影響。\n這是社工系高年級選修，要有社工基本概念才好入手。個人是輔系。\n當時很多人加簽，但也蠻多選上的人第一堂沒來，老師看教室坐得下，就全簽了。但老師有先請大家自我介紹說明選課動機。\n\nΨ 總結\n敬軒老師真的是很用心的老師，上完一學期的課對於兒少寄養收養機構照顧有非常多的認識與反思，且不只台灣現況，美國的部分老師也是有所涉獵。\n相對的作業報告都很不好寫，但經過咀嚼後寫出來一定會有所收穫。\n上課時如果可以提出討論，課堂的效果就會很好。建議大家要敢講，分數會很好看。\n對於兒童福利領域有興趣的同學一定要修老師的選修，真的推推推推推推！！\n\n\n\n\n\n--\n\n原文網址: https://www.ptt.cc/bbs/NTUcourse/M.1630585238.A.959.html""]","[{""User_ID"": ""PTT"", ""Semester"": ""109-2"", ""Rating_Quality"": null, ""Rating_Sweet"": null, ""Rating_Easy"": null, ""Rating_Rich"": null, ""Comment"": ""轉載自 PTT 作者 ID: znling (阿妮)\n哪一學年度修課： 109-2\n\nψ 授課教師 (若為多人合授請寫開課教師，以方便收錄) 林敬軒\n\nλ 開課系所與授課對象 (是否為必修或通識課 / 內容是否與某些背景相關) 社工系 選修\n\n\nδ 課程大概內容 轉自老師課程概述\n課程設計分為三個階段：第一階段，主要介紹基本兒少福利概念和福利服務理論，包括兒\n童權利公約、兒童最佳利益、兒少福利服務三級預防、兒童福利體系發展等。第二階段，\n介紹替代性兒童福利制度和服務，包括寄養家庭（foster family）、親屬安置（\nkinship care）、團體家庭（group home）、機構安置（residential care）、青少年自\n立方案（independent living）、國內與跨國境收出養（domestic and intercountry\nadoption）等。第三階段，討論替代性照顧中兒童的相關議題，包括返家重聚（\nreunification）、永久性計畫（permanency planning）、安置中虐待（maltreatment\nin care）、物質濫用、身心理疾病、安置兒少復原力、多元文化認同與服務等。\n\nΩ 私心推薦指數(以五分計) ★★★★★★★★★★\n\nη 上課用書(影印講義或是指定教科書) PPT\n\nμ 上課方式(投影片、團體討論、老師教學風格)\n投影片授課、提出想法跟小組討論是基本。\n\nσ 評分方式(給分甜嗎？是紮實分？) 當然是扎實分\n\nρ 考題型式、作業方式\n課程出席與參與 20%\n指定閱讀提問 15%\n替代性照顧議題懶人包（團體口頭報告） 20%\n替代性照顧議題懶人包 10%\n期中反思作業：誰是替代性照顧兒少 15%\n期末反思作業：聯合國替代性照顧準則 20%\n\nω 其它(是否注重出席率？如果為外系選修，需先有什麼基礎較好嗎？老師個性？\n加簽習慣？嚴禁遲到等…)\n老師不會點名，但出席一定會有影響。\n這是社工系高年級選修，要有社工基本概念才好入手。個人是輔系。\n當時很多人加簽，但也蠻多選上的人第一堂沒來，老師看教室坐得下，就全簽了。但老師有先請大家自我介紹說明選課動機。\n\nΨ 總結\n敬軒老師真的是很用心的老師，上完一學期的課對於兒少寄養收養機構照顧有非常多的認識與反思，且不只台灣現況，美國的部分老師也是有所涉獵。\n相對的作業報告都很不好寫，但經過咀嚼後寫出來一定會有所收穫。\n上課時如果可以提出討論，課堂的效果就會很好。建議大家要敢講，分數會很好看。\n對於兒童福利領域有興趣的同學一定要修老師的選修，真的推推推推推推！！\n\n\n\n\n\n--\n\n原文網址: https://www.ptt.cc/bbs/NTUcourse/M.1630585238.A.959.html""}]"
公法專題,陳淳文,政治學研究所、公共事務研究所,2,114-2,18060,PS7033,,,,,"[""無評價""]",[]
中國大陸政治與經濟專題,徐斯勤,政治學研究所,2,114-2,50719,PS7806,,,,,"[""無評價""]",[]
行政管理方法專題,彭錦鵬,政治學研究所,2,114-2,46762,PS7808,,,,,"[""無評價""]",[]
臺灣社經發展專題,黃長玲,政治學研究所,2,114-2,44592,PS7810,,,,,"[""無評價""]",[]
西洋政治思想專題,蕭高彥,政治學研究所,2,114-2,18943,PS7012,,,,,"[""無評價""]",[]
國際法專題,蔡季廷,政治學研究所,2,114-2,36534,PS7023,,,,,"[""無評價""]",[]
臺灣政經發展專題,陶儀芬,政治學研究所,2,114-2,45405,PS7041,,,,,"[""無評價""]",[]
研究與寫作專題,蘇翊豪,政治學研究所,2,114-2,23688,PS7501,,,,,"[""無評價""]",[]
健康政策,吳舜文,政治學系、政治學研究所、公共事務研究所,2,114-2,27337,GIPA5006,,,,,"[""無評價""]",[]
臺灣政經發展專題研究,陶儀芬,政治學研究所,2,114-2,39060,PS8041,,,,,"[""無評價""]",[]
專題討論,樊家忠,經濟學研究所,1,114-2,27673,ECON7914,,,,,"[""無評價""]",[]
家庭經濟學,駱明慶,經濟學研究所,2,114-2,23388,ECON7061,,,,,"[""無評價""]",[]
經濟實證與預測二,駱明慶,經濟學研究所,2,114-2,39499,ECON7923,,,,,"[""無評價""]",[]
價格分析二,樊家忠,經濟學研究所,2,114-2,16640,ECON7921,,,,,"[""無評價""]",[]
所得與就業理論二,毛慶生,經濟學研究所,2,114-2,59359,ECON7922,,,,,"[""無評價""]",[]
產業經濟與政策分析,陳正倉,經濟學研究所,2,114-2,11945,ECON7941,,,,,"[""無評價""]",[]
財務管理,謝德宗,經濟學研究所,2,114-2,31789,ECON7954,,,,,"[""無評價""]",[]
貨幣經濟專題,李怡庭,經濟學系、經濟學研究所,3,114-2,54275,ECON7206,,,,,"[""[PTT | 110-2]: 轉載自 PTT 作者 ID: unmolk (UJ)\n哪一學年度修課：\n\n110-2\n\nψ 授課教師 (若為多人合授請寫開課教師，以方便收錄)\n\n李怡庭\n\nλ 開課系所與授課對象 (是否為必修或通識課 / 內容是否與某些背景相關)\n\n經濟所選修\n\nδ 課程大概內容\n\n主要是藉由各種經典文獻，帶學生了解貨幣搜尋模型的各種應用。\n如果你想知道為什麼沒有價值的紙鈔會有價值，或是為什麼大家願意持有一些沒有本質價\n值的比特幣乙太幣什麼的，但平常學到的總體理論沒辦法直面貨幣本身，那這門課可以給\n你一個很完整的思維架構。\n貨幣搜尋模型從交易媒介本身的內在價值出發（黃金可以鑄造、紙鈔不易毀壞、銀行存款\n有隱私問題...etc.），藉由賽局的分析，來看看整個社會會怎麼決定交易媒介，以及他\n們的流動性。\n老師會從第一代模型出發，帶我們熟悉賽局分析，接著進入加入議價的第二代模型，\n最後才是現在分析主流的第三代模型。\n這門課同時也是一個「實作」課程。上半學期幾乎每個禮拜都會有作業，主要會是論文模\n型的改編，要把均衡解求出來。期中接近期末的時候，老師會列出近兩年貨幣搜尋模型的\n文獻（非常新，從加密貨幣到CBDC等等都有），讓我們選一篇做模型延伸，以及一篇做\npresentation。（兩篇可以是同一篇）。期末報告則是可以隨便想一個主題，你要能夠用\n貨幣搜尋的架構來思考。\n\nΩ 私心推薦指數(以五分計) ★★★★★\n\n想了解貨幣的本質的人：★★★★★\n討厭凱因斯理論或MIU、CIA等貨幣模型：★★★★★\n很想從Randall Wright的學生學到精彩的搜尋模型：★★★★★★★★★★\n想練習看paper：★★★★★★★★★\n想扎實：★★★★★\n想甜：☆☆☆☆☆\n\nη 上課用書(影印講義或是指定教科書)\n\n海量的paper，主要是藉由各種經典文獻，帶學生了解貨幣搜尋模型的各種應用。\n\nμ 上課方式(投影片、團體討論、老師教學風格)\n\n硬到爆炸的一門課。\n\n期末幾乎每一個禮拜都有事要做。作業>期末模型延伸> 期末簡報>期末書面報告，一忙完\n又要準備下一個，而每一個我覺得都要讀個至少3 4篇額外的paper才不會閉門造車。儘管\n如此，這門課真的是扎實。\n\n老師第一堂課就跟我們說，這是一門很個體的課。看著syllabus 上面斗大的「貨幣」兩\n個字，我笑而不語，直到第一堂課上完，我整個出現個體理論PTSD。\n但不得不說，李老師可以把一個複雜至極的模型，口語化的說成故事。搜尋模型本身就是\n從個體對未來各種情況的決策下手，而在老師的說明下，我能完全融入這個故事，數學式\n瞬間變成日記，只是把剛剛的故事環節記錄下來而已。\n\n接下來幾個paper越來越多元素，有仲介、隱私、市場、銀行、債券殖利率、外國通貨...\n，但其實把基本模型弄懂之後，這些只是把數學式延伸，整個核心精神還是不變。\n不過距離自己做研究還是有一大段距離。期中期末報告可以很明顯感受到這一點。要能看\n懂paper，我覺得在學期一半的時候就已經會有這個能力了，但是要把自己想到的問題用\n這個架構來分析，實在還太遠，但這卻是期中期末報告要做的事。老師滿殘忍的其實哈哈\n。\n\nσ 評分方式(給分甜嗎？是紮實分？)\n\n期中報告 30%\n期末報告 40%\n作業、期末論文簡報 30%\n\nρ 考題型式、作業方式\nω 其它(是否注重出席率？如果為外系選修，需先有什麼基礎較好嗎？老師個性？\n加簽習慣？嚴禁遲到等…)\n\n個體經濟：\n你需要會求解無限期賽局，並且從value function得出每個人的最佳回應。\n到了第二代加入議價，你也要知道Nash bargaining solution 在幹嘛。\n但都不懂我覺得也還是可以修，只是會學得很痛苦，不知道在幹嘛。\n\n總體經濟：\n到了第三代模型，會加入集中市場子期，會需要知道總體模型裡，Bellman equation 是\n怎麼解的。\n\n英文：\n為了期中期末報告，你會需要讀很多很多篇paper。儘管中文授課，英文不好的念paper可\n能會是一大障礙。\n\nΨ 總結\n\n上面都大概講完了\n\n--\n\n原文網址: https://www.ptt.cc/bbs/NTUcourse/M.1656091713.A.2CC.html""]","[{""User_ID"": ""PTT"", ""Semester"": ""110-2"", ""Rating_Quality"": null, ""Rating_Sweet"": null, ""Rating_Easy"": null, ""Rating_Rich"": null, ""Comment"": ""轉載自 PTT 作者 ID: unmolk (UJ)\n哪一學年度修課：\n\n110-2\n\nψ 授課教師 (若為多人合授請寫開課教師，以方便收錄)\n\n李怡庭\n\nλ 開課系所與授課對象 (是否為必修或通識課 / 內容是否與某些背景相關)\n\n經濟所選修\n\nδ 課程大概內容\n\n主要是藉由各種經典文獻，帶學生了解貨幣搜尋模型的各種應用。\n如果你想知道為什麼沒有價值的紙鈔會有價值，或是為什麼大家願意持有一些沒有本質價\n值的比特幣乙太幣什麼的，但平常學到的總體理論沒辦法直面貨幣本身，那這門課可以給\n你一個很完整的思維架構。\n貨幣搜尋模型從交易媒介本身的內在價值出發（黃金可以鑄造、紙鈔不易毀壞、銀行存款\n有隱私問題...etc.），藉由賽局的分析，來看看整個社會會怎麼決定交易媒介，以及他\n們的流動性。\n老師會從第一代模型出發，帶我們熟悉賽局分析，接著進入加入議價的第二代模型，\n最後才是現在分析主流的第三代模型。\n這門課同時也是一個「實作」課程。上半學期幾乎每個禮拜都會有作業，主要會是論文模\n型的改編，要把均衡解求出來。期中接近期末的時候，老師會列出近兩年貨幣搜尋模型的\n文獻（非常新，從加密貨幣到CBDC等等都有），讓我們選一篇做模型延伸，以及一篇做\npresentation。（兩篇可以是同一篇）。期末報告則是可以隨便想一個主題，你要能夠用\n貨幣搜尋的架構來思考。\n\nΩ 私心推薦指數(以五分計) ★★★★★\n\n想了解貨幣的本質的人：★★★★★\n討厭凱因斯理論或MIU、CIA等貨幣模型：★★★★★\n很想從Randall Wright的學生學到精彩的搜尋模型：★★★★★★★★★★\n想練習看paper：★★★★★★★★★\n想扎實：★★★★★\n想甜：☆☆☆☆☆\n\nη 上課用書(影印講義或是指定教科書)\n\n海量的paper，主要是藉由各種經典文獻，帶學生了解貨幣搜尋模型的各種應用。\n\nμ 上課方式(投影片、團體討論、老師教學風格)\n\n硬到爆炸的一門課。\n\n期末幾乎每一個禮拜都有事要做。作業>期末模型延伸> 期末簡報>期末書面報告，一忙完\n又要準備下一個，而每一個我覺得都要讀個至少3 4篇額外的paper才不會閉門造車。儘管\n如此，這門課真的是扎實。\n\n老師第一堂課就跟我們說，這是一門很個體的課。看著syllabus 上面斗大的「貨幣」兩\n個字，我笑而不語，直到第一堂課上完，我整個出現個體理論PTSD。\n但不得不說，李老師可以把一個複雜至極的模型，口語化的說成故事。搜尋模型本身就是\n從個體對未來各種情況的決策下手，而在老師的說明下，我能完全融入這個故事，數學式\n瞬間變成日記，只是把剛剛的故事環節記錄下來而已。\n\n接下來幾個paper越來越多元素，有仲介、隱私、市場、銀行、債券殖利率、外國通貨...\n，但其實把基本模型弄懂之後，這些只是把數學式延伸，整個核心精神還是不變。\n不過距離自己做研究還是有一大段距離。期中期末報告可以很明顯感受到這一點。要能看\n懂paper，我覺得在學期一半的時候就已經會有這個能力了，但是要把自己想到的問題用\n這個架構來分析，實在還太遠，但這卻是期中期末報告要做的事。老師滿殘忍的其實哈哈\n。\n\nσ 評分方式(給分甜嗎？是紮實分？)\n\n期中報告 30%\n期末報告 40%\n作業、期末論文簡報 30%\n\nρ 考題型式、作業方式\nω 其它(是否注重出席率？如果為外系選修，需先有什麼基礎較好嗎？老師個性？\n加簽習慣？嚴禁遲到等…)\n\n個體經濟：\n你需要會求解無限期賽局，並且從value function得出每個人的最佳回應。\n到了第二代加入議價，你也要知道Nash bargaining solution 在幹嘛。\n但都不懂我覺得也還是可以修，只是會學得很痛苦，不知道在幹嘛。\n\n總體經濟：\n到了第三代模型，會加入集中市場子期，會需要知道總體模型裡，Bellman equation 是\n怎麼解的。\n\n英文：\n為了期中期末報告，你會需要讀很多很多篇paper。儘管中文授課，英文不好的念paper可\n能會是一大障礙。\n\nΨ 總結\n\n上面都大概講完了\n\n--\n\n原文網址: https://www.ptt.cc/bbs/NTUcourse/M.1656091713.A.2CC.html""}]"
社會網絡的經濟學分析,謝志昇,經濟學研究所,3,114-2,49615,ECON7217,,,,,"[""無評價""]",[]
產業組織實證方法,黃景沂,經濟學系、經濟學研究所,2,114-2,44139,ECON5228,,,,,"[""無評價""]",[]
當代社會學理論,何明修,社會學系、社會科學院院學士學位、社會學研究所,3,114-2,55308,Soc3058,,,,,"[""無評價""]",[]
健康照護與公平專題討論,蔡貞慧,社會工作學研究所,3,114-2,15129,SW7029,,,,,"[""無評價""]",[]
司法矯治與精神醫療社工專題,吳慧菁,社會工作學研究所,3,114-2,14093,SW7041,,,,,"[""無評價""]",[]
社會福利理論,古允文,社會工作學研究所,3,114-2,12952,SW8002,,,,,"[""無評價""]",[]
國家發展理論與政策專題,劉秋婉,國家發展研究所,3,114-2,59298,NtlDev7056,,,,,"[""無評價""]",[]
國家創新與轉型治理,張國暉,國家發展研究所,3,114-2,53677,NtlDev7138,,,,,"[""無評價""]",[]
資訊法與資訊政策專題,劉靜怡,國家發展研究所、資訊管理學系、資訊管理學研究所,3,114-2,30040,NtlDev5281,,,,,"[""無評價""]",[]
傳播研究方法,劉好迪,新聞研究所,3,114-2,16276,JOUR7012,,,,,"[""無評價""]",[]
採訪寫作二,梁玉芳,新聞研究所,3,114-2,34750,JOUR7079,,,,,"[""無評價""]",[]
新聞編輯與資訊設計,李彥甫,新聞研究所,3,114-2,13312,JOUR7083,,,,,"[""無評價""]",[]
社群媒體與社會網絡分析,劉好迪,新聞研究所,3,114-2,28289,JOUR7094,5.0,3.0,5.0,4.0,"[""[User00136 | 113-2]: Social Network Analysis with the program language R. Working with data.\nmostly teacher-centered method; showing the code and us following. Lots of trial-and-error as a form of self-study\nFiles and presentations by the instructor\n4 assignments that each build on the knowledge gained through the semester, which was pretty cool!\nevery assignment gets an individual grade that accumulates to one final grade\nI liked this course the most!! I think with this one, I actually learned a lot and enhanced valuable skills! The instructor was \""down-to-earth\"" or rather down-to-the-students, so I didn't feel shy to ask questions. I really like the structure of the course and the different insights we got. The only thing I would liked to be different is the time for the assignments. I was struggling to keep up halfway into the semester. I think the first two assignments could have taken place earlier so that we have more time for the final assignment.\nBut overall - super happy to have taken this course!""]","[{""User_ID"": ""User00136"", ""Semester"": ""113-2"", ""Rating_Quality"": null, ""Rating_Sweet"": null, ""Rating_Easy"": null, ""Rating_Rich"": null, ""Comment"": ""Social Network Analysis with the program language R. Working with data.\nmostly teacher-centered method; showing the code and us following. Lots of trial-and-error as a form of self-study\nFiles and presentations by the instructor\n4 assignments that each build on the knowledge gained through the semester, which was pretty cool!\nevery assignment gets an individual grade that accumulates to one final grade\nI liked this course the most!! I think with this one, I actually learned a lot and enhanced valuable skills! The instructor was \""down-to-earth\"" or rather down-to-the-students, so I didn't feel shy to ask questions. I really like the structure of the course and the different insights we got. The only thing I would liked to be different is the time for the assignments. I was struggling to keep up halfway into the semester. I think the first two assignments could have taken place earlier so that we have more time for the final assignment.\nBut overall - super happy to have taken this course!""}]"
新聞資料處理與視覺呈現,謝吉隆,新聞研究所,3,114-2,59895,JOUR5014,,,,,"[""無評價""]",[]
公共預算與財政專題,郭乃菱,公共事務研究所,2,114-2,55861,GIPA7010,,,,,"[""無評價""]",[]
"哲學概論
A4",楊植勝,醫學系,2,114-2,21468,Phl1510,5.0,4.0,4.0,2.5,"[""[Yueh☽ | 111-2]: 本課程探討所用教科書四個問題（什麼是哲學？什麼是幸福？人可能知道神嗎？什麼是善與惡的性質？）當中的第一個問題。在這個問題裡，首先（在第一章）以希臘神話故事裡的奧德修斯（Odysseus）為例，說明人對哲學課題的追求，接著（在第二章）以希臘哲學家蘇格拉底（Socrates）為例，説明所謂哲學的活動。在蘇格拉底的例子裡，本課程需要閱讀柏拉圖（Plato）的四部作品。\n講授指定用書內容，配合老師自製ppt\n原文書：Samuelson, Scott. The Deepest Human Life: An Introduction to Philosophy for Everyone. The University of Chicago Press, 2014.\n中譯本：在生命最深處遇見哲學（商周出版）\n作業：\n3次作業，由助教批改、也會給評語。有3個題目(or選項)可以擇一書寫，會和上課內容有些相關，篇幅限制大約在1000~2000字左右，但評分會考量題目的難易度，簡單的會比較嚴格。\n\n考試：\n期中期末都是六選五申論題，open book，可翻閱指定用書、PPT等紙本資料，不得使用電子產品。\n題目不完全是可以在指定用書或PPT找到答案就照抄那種，因此上課還是建議要認真聽，做個筆記也會有幫助，否則考試時(個人感覺)會有些難下筆。\n\n分數甜度：\n算紮實甜，感覺沒有調分，我三次點名都有到、期中期末大約80、作業大概90，最後拿A，想要A+的話考試可能都要85up比較保險。\n期末考試 30%\n期中考試 20%\n作業與討論 30%\n出席與表現 20%\n(採用傳點名單的方式，這學期共點名3次，一次在期中考前，其餘兩次在期末考前，供參)\n上課氛圍輕鬆、老師講解清晰易懂\n推薦給所有好奇哲學是什麼的人！""]","[{""User_ID"": ""Yueh☽"", ""Semester"": ""111-2"", ""Rating_Quality"": null, ""Rating_Sweet"": null, ""Rating_Easy"": null, ""Rating_Rich"": null, ""Comment"": ""本課程探討所用教科書四個問題（什麼是哲學？什麼是幸福？人可能知道神嗎？什麼是善與惡的性質？）當中的第一個問題。在這個問題裡，首先（在第一章）以希臘神話故事裡的奧德修斯（Odysseus）為例，說明人對哲學課題的追求，接著（在第二章）以希臘哲學家蘇格拉底（Socrates）為例，説明所謂哲學的活動。在蘇格拉底的例子裡，本課程需要閱讀柏拉圖（Plato）的四部作品。\n講授指定用書內容，配合老師自製ppt\n原文書：Samuelson, Scott. The Deepest Human Life: An Introduction to Philosophy for Everyone. The University of Chicago Press, 2014.\n中譯本：在生命最深處遇見哲學（商周出版）\n作業：\n3次作業，由助教批改、也會給評語。有3個題目(or選項)可以擇一書寫，會和上課內容有些相關，篇幅限制大約在1000~2000字左右，但評分會考量題目的難易度，簡單的會比較嚴格。\n\n考試：\n期中期末都是六選五申論題，open book，可翻閱指定用書、PPT等紙本資料，不得使用電子產品。\n題目不完全是可以在指定用書或PPT找到答案就照抄那種，因此上課還是建議要認真聽，做個筆記也會有幫助，否則考試時(個人感覺)會有些難下筆。\n\n分數甜度：\n算紮實甜，感覺沒有調分，我三次點名都有到、期中期末大約80、作業大概90，最後拿A，想要A+的話考試可能都要85up比較保險。\n期末考試 30%\n期中考試 20%\n作業與討論 30%\n出席與表現 20%\n(採用傳點名單的方式，這學期共點名3次，一次在期中考前，其餘兩次在期末考前，供參)\n上課氛圍輕鬆、老師講解清晰易懂\n推薦給所有好奇哲學是什麼的人！""}]"
"哲學概論
A4",周先捷,醫學系,2,114-2,22289,Phl1510,3.8,4.2,4.5,2.5,"[""[User97862 | 113-2]: Week 1 Introduction\nProblems of knowledge – Gettier’s problem\no Gettier, \""Is Justified True Belief Knowledge?\""\n\nWeek 2 Problems of knowledge – Cartesian skepticism\no Descartes, \""Meditations on First Philosophy\""(1st&2nd)\n\nWeek 3 The problem of mind and body – Cartesian dualism and materialism\no Descartes, \""Meditations on First Philosophy\""(6th)\no Churchland, \""Eliminative Materialism\""\n\nWeek 4 Group Presentation 1\n\nWeek 5 Class Canceled\n\nWeek 6 The problem of mind and body – Functionalism, the hard problem, and the semantic problem\no Turing, \""Computing Machines and Intelligence\""\no Jackson, \""What Mary Didn't Know\""\no Searle, \""Minds, Brains, and Programs\""\n\nWeek 7 The problem of free will and determinism\no van Inwagen, \""The Powers of Rational Beings: Freedom of the Will\""\n\nWeek 8 Exam 1\n\nWeek 9 The problem of time travel – the Grandfather paradox\no Lewis, “Paradoxes of Time Travel”\n\nWeek 10 The problem of time travel – Multiverse & hypertime\n\nWeek 11 Group Presentation 2\n\nWeek 12 The problem of gender\no Alex Byrne, “Are Women Adult Human Female?”\no Robin Dembroff, “Escaping the Natural Attitude about Gender”\n\nWeek 13 Problems of morality – utilitarianism o Mill, Utilitarianism (excerpt)\n\nWeek 14 Problems of morality – Kantian ethics o Kant, Fundamental Principles of the Metaphysic of Morals (excerpt)\n\nWeek 15 Group Presentation 3\n\nWeek 16 Exam 2\nCourse provided in English\n- At the beginning of the lecture every week, 2 groups are randomly selected to present based on the weekly readings. (Every group needs to present at least once)\n- Short Weekly T/F Quiz (2 Q's)\nPresentation Slides\nWeekly Readings\n- 3~4 Group Presentations (Based on weekly presentation)\n- 2 Exams (Around 10 MCQ and 1 Short Answer Question)\nGrading:\nTwo Exams (multiple-choice questions + a short essay): 40% (which will be curved)\nPre-Lecture Yes/No Quizzes: 10%\nIn-Class Presentation: 10%\nGroup Presentation/Debate (4 students per group): 15% (inter-group evaluation) + 15% (intra-group evaluation)\nAttendance & Participation: 10%\nInteresting course if you are interested in philosophy and like presenting.\nVery heavy on group presentations.""]","[{""User_ID"": ""User97862"", ""Semester"": ""113-2"", ""Rating_Quality"": null, ""Rating_Sweet"": null, ""Rating_Easy"": null, ""Rating_Rich"": null, ""Comment"": ""Week 1 Introduction\nProblems of knowledge – Gettier’s problem\no Gettier, \""Is Justified True Belief Knowledge?\""\n\nWeek 2 Problems of knowledge – Cartesian skepticism\no Descartes, \""Meditations on First Philosophy\""(1st&2nd)\n\nWeek 3 The problem of mind and body – Cartesian dualism and materialism\no Descartes, \""Meditations on First Philosophy\""(6th)\no Churchland, \""Eliminative Materialism\""\n\nWeek 4 Group Presentation 1\n\nWeek 5 Class Canceled\n\nWeek 6 The problem of mind and body – Functionalism, the hard problem, and the semantic problem\no Turing, \""Computing Machines and Intelligence\""\no Jackson, \""What Mary Didn't Know\""\no Searle, \""Minds, Brains, and Programs\""\n\nWeek 7 The problem of free will and determinism\no van Inwagen, \""The Powers of Rational Beings: Freedom of the Will\""\n\nWeek 8 Exam 1\n\nWeek 9 The problem of time travel – the Grandfather paradox\no Lewis, “Paradoxes of Time Travel”\n\nWeek 10 The problem of time travel – Multiverse & hypertime\n\nWeek 11 Group Presentation 2\n\nWeek 12 The problem of gender\no Alex Byrne, “Are Women Adult Human Female?”\no Robin Dembroff, “Escaping the Natural Attitude about Gender”\n\nWeek 13 Problems of morality – utilitarianism o Mill, Utilitarianism (excerpt)\n\nWeek 14 Problems of morality – Kantian ethics o Kant, Fundamental Principles of the Metaphysic of Morals (excerpt)\n\nWeek 15 Group Presentation 3\n\nWeek 16 Exam 2\nCourse provided in English\n- At the beginning of the lecture every week, 2 groups are randomly selected to present based on the weekly readings. (Every group needs to present at least once)\n- Short Weekly T/F Quiz (2 Q's)\nPresentation Slides\nWeekly Readings\n- 3~4 Group Presentations (Based on weekly presentation)\n- 2 Exams (Around 10 MCQ and 1 Short Answer Question)\nGrading:\nTwo Exams (multiple-choice questions + a short essay): 40% (which will be curved)\nPre-Lecture Yes/No Quizzes: 10%\nIn-Class Presentation: 10%\nGroup Presentation/Debate (4 students per group): 15% (inter-group evaluation) + 15% (intra-group evaluation)\nAttendance & Participation: 10%\nInteresting course if you are interested in philosophy and like presenting.\nVery heavy on group presentations.""}]"
"哲學概論
A4",苑舉正,醫學系、牙醫學系,2,114-2,35667,Phl1510,,,,,"[""[PTT | 109-2]: 轉載自 PTT 作者 ID: Cheng0708\n哪一學年度修課：109-2\n\nψ 授課教師 (若為多人合授請寫開課教師，以方便收錄)\n\n苑舉正\n\nλ 開課系所與授課對象 (是否為必修或通識課 / 內容是否與某些背景相關)\n\n牙醫系必修/兼通識A4\n\nδ 課程大概內容\n\n第一章 哲學是什麼\n第二章 知識論\n第三章 形上學\n第四章 科學哲學\n第五章 倫理學\n第六章 政治與社會哲學\n第七章 藝術哲學\n第八章 宗教哲學\n\nΩ 私心推薦指數(以五分計) ★★★★★\n\n想學到東西：★★★\n想聽老師嘴砲：★★★★★\n想嗆爆老師：★★★★★\n\nη 上課用書(影印講義或是指定教科書)\n\nCeiba上都有老師的PPT，無指定用書\n\nμ 上課方式(投影片、團體討論、老師教學風格)\n\n老師上課會用PPT，理論上應該要照著PPT走但常常外岔很遠\n\nPPT內容都不會太難，自己花時間認真讀應該都能讀懂\n\n常常點人問問題，或者是點人嘴砲\n\n而且老師說他非常渴望有學生來嗆爆他，但感覺他的回答\n有點堅持己見，加上一點點強辯\n\n但老師講話超好笑的，雖然有時候有點地獄，不過整體是歡樂的\n\nσ 評分方式(給分甜嗎？是紮實分？)\n\n期中期末各35%\n三次作業各5%\n課堂發言5%\n出席10%\n\n超甜，我上課沒發言過課堂發言也是拿5%\n\n出席的部分，實體課有點一次名過，課堂後半要看老師\n放到NTU cool的影片，助教會依照你有沒有看影片當作點名\n\n應該是有花一點時間讀老師的PPT就容易拿高分\n\nρ 考題型式、作業方式\n\n期中是提前一週公佈六道題目，考試當天助教抽三題考\n\n期末一樣三題，因為可以查閱資料，因此不提前公布題目\n\n作業都是閱讀指定文本然後回答問題，大部分都蠻簡單的\n\nω 其它(是否注重出席率？如果為外系選修，需先有什麼基礎較好嗎？老師個性？\n加簽習慣？嚴禁遲到等…)\n\n出席率應該蠻重要的，畢竟點名佔10%，但是是用QRcode填寫\n表單點名，所以應該說朋友蠻重要的\n\n因為是3類加選所以要自己上網填，老師說不人工加簽\n\n基礎的話，能上臺大的各位應該都有了\n\n不過老師放在NTU cool的影片都沒有嘴砲，害我有點失望。\n因為我個人是把這門課的上課當作聽知識密度比較高的相聲\n(老師剛好也說他是相聲大師)\n\n至於助教有說老師討厭夾腳拖，但這學期沒有看到有人踩雷\n\nΨ 總結\n\n因為我之前在爬文的時候沒看到什麼新的評價文，加上現在好像適\n合發一篇苑老師的評價，所以來造福後面需要的各位\n\n不過作業跟考試好像都是助教處理，助教行政效率極高。\n但考試的評分標準有點不太明朗。\n\n唯一要說的是老師很愛國\n\n我这不就来了吗！\n--\n\n原文網址: https://www.ptt.cc/bbs/NTUcourse/M.1624696440.A.3C5.html""]","[{""User_ID"": ""PTT"", ""Semester"": ""109-2"", ""Rating_Quality"": null, ""Rating_Sweet"": null, ""Rating_Easy"": null, ""Rating_Rich"": null, ""Comment"": ""轉載自 PTT 作者 ID: Cheng0708\n哪一學年度修課：109-2\n\nψ 授課教師 (若為多人合授請寫開課教師，以方便收錄)\n\n苑舉正\n\nλ 開課系所與授課對象 (是否為必修或通識課 / 內容是否與某些背景相關)\n\n牙醫系必修/兼通識A4\n\nδ 課程大概內容\n\n第一章 哲學是什麼\n第二章 知識論\n第三章 形上學\n第四章 科學哲學\n第五章 倫理學\n第六章 政治與社會哲學\n第七章 藝術哲學\n第八章 宗教哲學\n\nΩ 私心推薦指數(以五分計) ★★★★★\n\n想學到東西：★★★\n想聽老師嘴砲：★★★★★\n想嗆爆老師：★★★★★\n\nη 上課用書(影印講義或是指定教科書)\n\nCeiba上都有老師的PPT，無指定用書\n\nμ 上課方式(投影片、團體討論、老師教學風格)\n\n老師上課會用PPT，理論上應該要照著PPT走但常常外岔很遠\n\nPPT內容都不會太難，自己花時間認真讀應該都能讀懂\n\n常常點人問問題，或者是點人嘴砲\n\n而且老師說他非常渴望有學生來嗆爆他，但感覺他的回答\n有點堅持己見，加上一點點強辯\n\n但老師講話超好笑的，雖然有時候有點地獄，不過整體是歡樂的\n\nσ 評分方式(給分甜嗎？是紮實分？)\n\n期中期末各35%\n三次作業各5%\n課堂發言5%\n出席10%\n\n超甜，我上課沒發言過課堂發言也是拿5%\n\n出席的部分，實體課有點一次名過，課堂後半要看老師\n放到NTU cool的影片，助教會依照你有沒有看影片當作點名\n\n應該是有花一點時間讀老師的PPT就容易拿高分\n\nρ 考題型式、作業方式\n\n期中是提前一週公佈六道題目，考試當天助教抽三題考\n\n期末一樣三題，因為可以查閱資料，因此不提前公布題目\n\n作業都是閱讀指定文本然後回答問題，大部分都蠻簡單的\n\nω 其它(是否注重出席率？如果為外系選修，需先有什麼基礎較好嗎？老師個性？\n加簽習慣？嚴禁遲到等…)\n\n出席率應該蠻重要的，畢竟點名佔10%，但是是用QRcode填寫\n表單點名，所以應該說朋友蠻重要的\n\n因為是3類加選所以要自己上網填，老師說不人工加簽\n\n基礎的話，能上臺大的各位應該都有了\n\n不過老師放在NTU cool的影片都沒有嘴砲，害我有點失望。\n因為我個人是把這門課的上課當作聽知識密度比較高的相聲\n(老師剛好也說他是相聲大師)\n\n至於助教有說老師討厭夾腳拖，但這學期沒有看到有人踩雷\n\nΨ 總結\n\n因為我之前在爬文的時候沒看到什麼新的評價文，加上現在好像適\n合發一篇苑老師的評價，所以來造福後面需要的各位\n\n不過作業跟考試好像都是助教處理，助教行政效率極高。\n但考試的評分標準有點不太明朗。\n\n唯一要說的是老師很愛國\n\n我这不就来了吗！\n--\n\n原文網址: https://www.ptt.cc/bbs/NTUcourse/M.1624696440.A.3C5.html""}]"
有機化學實驗,朱忠瀚,醫學系、牙醫學系、醫學檢驗暨生物技術學系、農藝學系、動物科學技術學系、園藝暨景觀學系、昆蟲學系、植物病理與微生物學系、生化科技學系,1,114-2,28077,Chem2035,,,,,"[""無評價""]",[]
"社會學
A5",吳嘉苓,社會工作學系、醫學系,3,114-2,10041,Soc1027,4.5,4.0,3.3,3.8,"[""[Comsa2022 | 110-2]: 略\n遠距前在社會科學院 和碩講堂；遠距後是Webex同步直播。\n《社會學與台灣社會》（第五版，2021出版）\n全部都是打字打字打字\n評分方式：\na. 出席成績 20%(以課堂上的小組討論學習單上的名字為主)\nb. 課後學習單 40% (有12次學習單，期末刪除最低兩次的成績，表定500字，實際上遠超於此，下文說明。)\nc. 期末考 20%(因為遠距教學的原因，而改成期末報告：你會向其他人推薦的社會學洞見+改寫一篇你之前寫過、覺得不滿意的課後學習單。表定1500+500字)\nd. 專書交流1 20% (撰寫指定閱讀書庫裡面其中一本的閱讀心得，表定1500字+500字的同儕交流，可能大家有在Dcard上面看到有人寫了落落長的閱讀心得，那麼就絕對是這堂課的作業。)\n加分題區：\na. 專書交流2 5%(多寫一篇的話，最多加五分)\nb. 期末線上Kahoot!聯歡 3%(平均加0.66分)\n五、推薦指數：\n甜度：3.5/5 (下面會有解釋)\n涼度：2/5 (以通識而言)\n扎實度：5/5\n覺得自己的生活很有料，從小到大經歷過各種事情：7/5\n很喜歡打字：\\infty /5\n想要混學分：2/5\n想了解社會學的各種面向，以及解決方法的設想：5/5\n想跟來自不同科系、背景的同學交流：5/5\n\n六、上課方式和內容\n1. 課前：每個禮拜都有課前指定閱讀，可能有1到2篇，頁數大約落在30頁到90頁之間，平均大概40頁。雖然這些指定閱讀並不是強制性的，但是如果願意花時間去讀這些文本的話，不僅有助於理解上課的內容(老師的上課投影片都會扣者這些文本進行)，同時也可以初嘗社會學的精華，因為這些選書都是最重要、深刻的部分。留言區會附註指定閱讀有哪些。\n\n2. 課程中：上課的方式是用老師自己製作的投影片，搭配各式補充影片和內容，而且選文都挺新的，呼應時事，同時也會提到一些社會學觀念。有些人覺得老師在課堂中比較不注重社會學的觀念(定義)，而是聚焦於生活中的各種例子及選書的內容，這樣子會害他們學不到東西，而應該要以硬知識為重；但是我認為社會學「通識」所追求的，就是讓我們個人與身處的事物之間，有「更深一層的認識、連結」，我們可以練習用社會學的視角，觀察在現實生活中那些我們習以為常的事物，並且進行詮釋，看看這些東西是不是如同表象般的「無異狀」。換句話說，學習社會學就是「認知到我們所處的社會是一個小盒子，並且試圖打破他」，我認為嘉苓老師在這個部分做的蠻好的。\n(相關討論網址：https://www.dcard.tw/f/ntu/p/238311734 )\n\n每堂課都會有課堂討論(雖然變成遠距之後有時候時間來不及討論)，而我覺得這個討論是整堂課程中最引人入勝的地方，因為老師會盡量要我們去找不同的人聊天，交換意見，並且填寫學習單，在這過程中就能夠了解不同系所、不同年級的看法。我也在這樣的過程中，遇到了兩三個還有聯絡的朋友。\n討論的主題包括：家中的教養模式和你考上台大的關聯(相關討論網址：https://www.dcard.tw/f/ntu/p/239082239 )、計畫性汰舊的經驗、系所最大的缺點(以及要怎麼樣用民主化參與來消弭問題)、或者是觀影心得等。\n\n課後：每個禮拜都有一篇課後心得，但是這應該是全部的台大通識裡面，課後心得最不簡單的一門課程了。因為雖然題目敘述說大約寫500字就好，但是他出的問題，絕對不是500字就可以敘述完整的。舉例來說，當課堂提到社會不平等的現狀時，課後心得題目是：「你關切哪些社會不平等現象？這個現象的特性是甚麼？你覺得是因為那些原因造成的？」、「這種不平等的現象，可能可以由那些政策改變？這些是否涉及讓分配更平等？」兩題，想要在這些題目上得到好分數，就需要有完整的論述，不僅僅是提到自身的經驗，同時也要讓他上升成為社會議題，利用課堂中所敘述的社會學觀察方法以及現今台灣社會中進行的改變來撰寫文章。\n\n以我自己來說，我一篇文章至少就會寫1500字，最高紀錄甚至是4300字。而老師曾經給我們看過優秀作業範例，大約也會到2000字。\n\n但是功課仍然是重質不重量的，寫得多不代表能夠寫的廣、寫的深，如果能夠挑選出一個與眾不同的社會學命題，用多面向，甚至是找到他人比較少察覺的面向進行書寫、抒發自己的洞見，這些角度都有提到的話就離a+不遠了。然而，這樣子的思維模式是需要練習的。\n\n關於課後作業的分數，有些修課同學提到他們的努力和回報不成正比，有時候我自己寫完滿意的一篇之後也是只能拿到a-。但是，無論是自己的歷練或者是助教寄來的信，都有提到大家的寫作程度都是越來越好的，同時也可以反映在平均分數上 – 越到後期，平均分數有增加的趨勢。以我自己而言，我拿過5次A+，4次A，3次A-，尤其是A+幾乎都集中於最後幾次的作業。\n\n關於這門課比較被詬病的點，在於它的Loading真的比較重，以及評分比較不明確。曾經有人討論過這一點，我自己一開始吞了好幾個A-的時候的確比較難過，但是後期的評分標準有變的寬鬆些。這門課的學生人數有170人，但是助教只有三位(包含老師最喜歡的小~~寶~~)，每個助教的Loading蠻重的，本來在學期初說好會給回饋，但是最後我收到過的回饋只有2個，而且都只有短短一句話，比較不容易察覺到自己哪個部分寫得不好並且加以改進，就需要自己多去問問老師和助教這樣。我在打這篇文章的時候才發現這門課有Office Hours，或許未來的課程老師可以多宣傳這段時間，讓更多有心的同學了解自己的個別作業狀況。\n(相關討論網址：https://www.dcard.tw/f/ntu/p/238793251)\n\n最後回到甜度的問題，雖然課後學習單沒有想像中的甜，但是期末的兩份作業(期末報告、閱讀心得)的平均分數分別是17分、18.5分，加上出席的20%，加分題多出來的8%，加加減減後A+應該還是算容易，我自己最後有加到101.2分，但是我目前還看不到成績分布狀況，等到成績出來之後我會再編輯。\n\n七、個人心得與感想\n社會學可能是我來台大以來修過最重的一門非必修課，但是我感到相當的滿足，甚至我認為這門課的地位可以和國文、英文一樣重要。社會學的第一章節從社會學的基本架構開始，告訴我們這個貌似稀鬆平常的社會體制架構，其實是藏者眾多的基本設置和權力安排的，社會由符號和語言建構真實，並且設立了並非普世皆準的價值，並且設立了一系列的規範來當作價值的利齒，攻擊那些不符合社會規範的人。而我們在這個體制中就像是處在一個黑盒子而不自知一般，唯有突破這個黑盒子，看見黑盒子的全貌的時候，我們才得以開始反思這個社會的現象。\n廢話有點說太多了，總之，這門課的重點就是社會學的導論，其中包含者三個大主題：「文化、規範與社會控制」、「社會結構與不平等」、「社會體制及其改造」，也包含者許多的小主題，譬如在社會控制中提到「教育」作為一種社會控制手段的例子，規範的合理性(如評論肥胖、收入、性別的潛在價值)；社會結構與不平等強調階級的各種面向(例如來自不同區域的高中生上台大的比例、被忽略的家庭主婦以及他們所從事的次級勞動)；以及社會體制改造(如愛情常規模式的合理性：是否相愛、結婚、性行為等必須要綁在一起、通姦入罪化的不合理性等、社會運動、以及社區、學校的民主化參與等)，真的有非常非常多不同的面相，其中一定會有一些會讓你感興趣，就算是其他不感興趣的，多了解社會不同角落的不同議題、以及不同的人們在這些領域所默默付出的努力等等)，也會對自己觀察、反思社會現象，或者是與他人討論時，能夠擁有更廣泛、多元的思辨能力，並且適用於各式各樣的情境之中。\n此外，老師真的很可愛，也很接受來自學生的不同想法和意見，像是我們提到各種不同的議題時，老師也會想要理解我們的想法。助教小寶提供的歌單都很讚，在課堂上聽到青虫aoi等高品質獨立音樂真的是超幸福的欸。\n這門課也有不同講師的專題演講，他們就會想他們的domain，像是藍佩嘉教授的拚教養專題，告訴我們持有不同資本的家庭、在不同地域、不同的雙親思維模式下的深遠影響；黃克先教授深入調查無家者的生活，藉由豐富的無家者文化生態打破我們對這些弱勢族群的既定印象；柯昀青主任提到冤獄發生時的救援模式，以及不實指控、錯誤指認，虛偽自白等錯誤定罪依據所帶來的影響，對社會和對當事人的傷害等等，一切都非常的精采。\n一不小心來到了「社會學模式」就不小心打了那麼多字，但是這門課最需要被注意的一點，就是自己的想法要充足，以及打字真的要打得夠快夠好，並且不能排斥打字這件事情，因為有很多很多功課和報告是需要打很多字的。我自己光是期末報告就打了1萬字，雖然我不是數學家但是這聽起來很累是吧，但是打完之後，真的會很有成就感呢。\n最後提供一些高品質的相關期末專書心得的討論文章(in Dcard)，還有我自己寫的一些比較滿意的文章給大家參考，歡迎大家來選修社會學。\n1. https://www.dcard.tw/f/ntu/p/239097198 (真相製造)\n2. https://www.dcard.tw/f/ntu/p/239091923 (甜甜圈經濟學)\n3. https://www.dcard.tw/f/ntu/p/239082239 (教養與成績)\n4. https://www.dcard.tw/f/ntu/p/238916938 (善良的歧視主義者)\n\n最後是一些我自己的推薦文章(也太多)\n1. https://blackwinged-kite.medium.com/%E6%88%91%E6%94%B6%E7%A9%AB%E6%9C%80%E5%A4%A7%E7%9A%84%E4%B8%89%E5%80%8B%E7%A4%BE%E6%9C%83%E5%AD%B8%E6%B4%9E%E8%A6%8B-b5d69a93322c (我在這門課學到最值得分享的三個洞見)\n2. https://blackwinged-kite.medium.com/%E7%AC%AC%E5%8D%81%E6%AC%A1%E7%A4%BE%E6%9C%83%E5%AD%B8%E4%BD%9C%E6%A5%AD-%E7%9C%9F%E7%9B%B8%E8%A3%BD%E9%80%A0%E9%8F%88-%E6%BC%94%E7%AE%97%E6%B3%95-%E4%BB%87%E6%81%A8%E8%A8%80%E8%AB%96-%E9%97%9C%E9%8D%B5%E5%AD%97%E7%A7%91%E6%8A%80%E6%AF%94%E5%B0%8D%E5%88%A4%E5%88%A5-5a6ab6a0d7ff 其中一次的課堂作業，這篇A+\n3. https://blackwinged-kite.medium.com/%E7%AC%AC%E5%85%AB%E6%AC%A1%E7%A4%BE%E6%9C%83%E5%AD%B8%E4%BD%9C%E6%A5%AD-%E5%95%9F%E7%A4%BA-f909e9850aa7 另外一篇的課堂作業，這篇A。""]","[{""User_ID"": ""Comsa2022"", ""Semester"": ""110-2"", ""Rating_Quality"": null, ""Rating_Sweet"": null, ""Rating_Easy"": null, ""Rating_Rich"": null, ""Comment"": ""略\n遠距前在社會科學院 和碩講堂；遠距後是Webex同步直播。\n《社會學與台灣社會》（第五版，2021出版）\n全部都是打字打字打字\n評分方式：\na. 出席成績 20%(以課堂上的小組討論學習單上的名字為主)\nb. 課後學習單 40% (有12次學習單，期末刪除最低兩次的成績，表定500字，實際上遠超於此，下文說明。)\nc. 期末考 20%(因為遠距教學的原因，而改成期末報告：你會向其他人推薦的社會學洞見+改寫一篇你之前寫過、覺得不滿意的課後學習單。表定1500+500字)\nd. 專書交流1 20% (撰寫指定閱讀書庫裡面其中一本的閱讀心得，表定1500字+500字的同儕交流，可能大家有在Dcard上面看到有人寫了落落長的閱讀心得，那麼就絕對是這堂課的作業。)\n加分題區：\na. 專書交流2 5%(多寫一篇的話，最多加五分)\nb. 期末線上Kahoot!聯歡 3%(平均加0.66分)\n五、推薦指數：\n甜度：3.5/5 (下面會有解釋)\n涼度：2/5 (以通識而言)\n扎實度：5/5\n覺得自己的生活很有料，從小到大經歷過各種事情：7/5\n很喜歡打字：\\infty /5\n想要混學分：2/5\n想了解社會學的各種面向，以及解決方法的設想：5/5\n想跟來自不同科系、背景的同學交流：5/5\n\n六、上課方式和內容\n1. 課前：每個禮拜都有課前指定閱讀，可能有1到2篇，頁數大約落在30頁到90頁之間，平均大概40頁。雖然這些指定閱讀並不是強制性的，但是如果願意花時間去讀這些文本的話，不僅有助於理解上課的內容(老師的上課投影片都會扣者這些文本進行)，同時也可以初嘗社會學的精華，因為這些選書都是最重要、深刻的部分。留言區會附註指定閱讀有哪些。\n\n2. 課程中：上課的方式是用老師自己製作的投影片，搭配各式補充影片和內容，而且選文都挺新的，呼應時事，同時也會提到一些社會學觀念。有些人覺得老師在課堂中比較不注重社會學的觀念(定義)，而是聚焦於生活中的各種例子及選書的內容，這樣子會害他們學不到東西，而應該要以硬知識為重；但是我認為社會學「通識」所追求的，就是讓我們個人與身處的事物之間，有「更深一層的認識、連結」，我們可以練習用社會學的視角，觀察在現實生活中那些我們習以為常的事物，並且進行詮釋，看看這些東西是不是如同表象般的「無異狀」。換句話說，學習社會學就是「認知到我們所處的社會是一個小盒子，並且試圖打破他」，我認為嘉苓老師在這個部分做的蠻好的。\n(相關討論網址：https://www.dcard.tw/f/ntu/p/238311734 )\n\n每堂課都會有課堂討論(雖然變成遠距之後有時候時間來不及討論)，而我覺得這個討論是整堂課程中最引人入勝的地方，因為老師會盡量要我們去找不同的人聊天，交換意見，並且填寫學習單，在這過程中就能夠了解不同系所、不同年級的看法。我也在這樣的過程中，遇到了兩三個還有聯絡的朋友。\n討論的主題包括：家中的教養模式和你考上台大的關聯(相關討論網址：https://www.dcard.tw/f/ntu/p/239082239 )、計畫性汰舊的經驗、系所最大的缺點(以及要怎麼樣用民主化參與來消弭問題)、或者是觀影心得等。\n\n課後：每個禮拜都有一篇課後心得，但是這應該是全部的台大通識裡面，課後心得最不簡單的一門課程了。因為雖然題目敘述說大約寫500字就好，但是他出的問題，絕對不是500字就可以敘述完整的。舉例來說，當課堂提到社會不平等的現狀時，課後心得題目是：「你關切哪些社會不平等現象？這個現象的特性是甚麼？你覺得是因為那些原因造成的？」、「這種不平等的現象，可能可以由那些政策改變？這些是否涉及讓分配更平等？」兩題，想要在這些題目上得到好分數，就需要有完整的論述，不僅僅是提到自身的經驗，同時也要讓他上升成為社會議題，利用課堂中所敘述的社會學觀察方法以及現今台灣社會中進行的改變來撰寫文章。\n\n以我自己來說，我一篇文章至少就會寫1500字，最高紀錄甚至是4300字。而老師曾經給我們看過優秀作業範例，大約也會到2000字。\n\n但是功課仍然是重質不重量的，寫得多不代表能夠寫的廣、寫的深，如果能夠挑選出一個與眾不同的社會學命題，用多面向，甚至是找到他人比較少察覺的面向進行書寫、抒發自己的洞見，這些角度都有提到的話就離a+不遠了。然而，這樣子的思維模式是需要練習的。\n\n關於課後作業的分數，有些修課同學提到他們的努力和回報不成正比，有時候我自己寫完滿意的一篇之後也是只能拿到a-。但是，無論是自己的歷練或者是助教寄來的信，都有提到大家的寫作程度都是越來越好的，同時也可以反映在平均分數上 – 越到後期，平均分數有增加的趨勢。以我自己而言，我拿過5次A+，4次A，3次A-，尤其是A+幾乎都集中於最後幾次的作業。\n\n關於這門課比較被詬病的點，在於它的Loading真的比較重，以及評分比較不明確。曾經有人討論過這一點，我自己一開始吞了好幾個A-的時候的確比較難過，但是後期的評分標準有變的寬鬆些。這門課的學生人數有170人，但是助教只有三位(包含老師最喜歡的小~~寶~~)，每個助教的Loading蠻重的，本來在學期初說好會給回饋，但是最後我收到過的回饋只有2個，而且都只有短短一句話，比較不容易察覺到自己哪個部分寫得不好並且加以改進，就需要自己多去問問老師和助教這樣。我在打這篇文章的時候才發現這門課有Office Hours，或許未來的課程老師可以多宣傳這段時間，讓更多有心的同學了解自己的個別作業狀況。\n(相關討論網址：https://www.dcard.tw/f/ntu/p/238793251)\n\n最後回到甜度的問題，雖然課後學習單沒有想像中的甜，但是期末的兩份作業(期末報告、閱讀心得)的平均分數分別是17分、18.5分，加上出席的20%，加分題多出來的8%，加加減減後A+應該還是算容易，我自己最後有加到101.2分，但是我目前還看不到成績分布狀況，等到成績出來之後我會再編輯。\n\n七、個人心得與感想\n社會學可能是我來台大以來修過最重的一門非必修課，但是我感到相當的滿足，甚至我認為這門課的地位可以和國文、英文一樣重要。社會學的第一章節從社會學的基本架構開始，告訴我們這個貌似稀鬆平常的社會體制架構，其實是藏者眾多的基本設置和權力安排的，社會由符號和語言建構真實，並且設立了並非普世皆準的價值，並且設立了一系列的規範來當作價值的利齒，攻擊那些不符合社會規範的人。而我們在這個體制中就像是處在一個黑盒子而不自知一般，唯有突破這個黑盒子，看見黑盒子的全貌的時候，我們才得以開始反思這個社會的現象。\n廢話有點說太多了，總之，這門課的重點就是社會學的導論，其中包含者三個大主題：「文化、規範與社會控制」、「社會結構與不平等」、「社會體制及其改造」，也包含者許多的小主題，譬如在社會控制中提到「教育」作為一種社會控制手段的例子，規範的合理性(如評論肥胖、收入、性別的潛在價值)；社會結構與不平等強調階級的各種面向(例如來自不同區域的高中生上台大的比例、被忽略的家庭主婦以及他們所從事的次級勞動)；以及社會體制改造(如愛情常規模式的合理性：是否相愛、結婚、性行為等必須要綁在一起、通姦入罪化的不合理性等、社會運動、以及社區、學校的民主化參與等)，真的有非常非常多不同的面相，其中一定會有一些會讓你感興趣，就算是其他不感興趣的，多了解社會不同角落的不同議題、以及不同的人們在這些領域所默默付出的努力等等)，也會對自己觀察、反思社會現象，或者是與他人討論時，能夠擁有更廣泛、多元的思辨能力，並且適用於各式各樣的情境之中。\n此外，老師真的很可愛，也很接受來自學生的不同想法和意見，像是我們提到各種不同的議題時，老師也會想要理解我們的想法。助教小寶提供的歌單都很讚，在課堂上聽到青虫aoi等高品質獨立音樂真的是超幸福的欸。\n這門課也有不同講師的專題演講，他們就會想他們的domain，像是藍佩嘉教授的拚教養專題，告訴我們持有不同資本的家庭、在不同地域、不同的雙親思維模式下的深遠影響；黃克先教授深入調查無家者的生活，藉由豐富的無家者文化生態打破我們對這些弱勢族群的既定印象；柯昀青主任提到冤獄發生時的救援模式，以及不實指控、錯誤指認，虛偽自白等錯誤定罪依據所帶來的影響，對社會和對當事人的傷害等等，一切都非常的精采。\n一不小心來到了「社會學模式」就不小心打了那麼多字，但是這門課最需要被注意的一點，就是自己的想法要充足，以及打字真的要打得夠快夠好，並且不能排斥打字這件事情，因為有很多很多功課和報告是需要打很多字的。我自己光是期末報告就打了1萬字，雖然我不是數學家但是這聽起來很累是吧，但是打完之後，真的會很有成就感呢。\n最後提供一些高品質的相關期末專書心得的討論文章(in Dcard)，還有我自己寫的一些比較滿意的文章給大家參考，歡迎大家來選修社會學。\n1. https://www.dcard.tw/f/ntu/p/239097198 (真相製造)\n2. https://www.dcard.tw/f/ntu/p/239091923 (甜甜圈經濟學)\n3. https://www.dcard.tw/f/ntu/p/239082239 (教養與成績)\n4. https://www.dcard.tw/f/ntu/p/238916938 (善良的歧視主義者)\n\n最後是一些我自己的推薦文章(也太多)\n1. https://blackwinged-kite.medium.com/%E6%88%91%E6%94%B6%E7%A9%AB%E6%9C%80%E5%A4%A7%E7%9A%84%E4%B8%89%E5%80%8B%E7%A4%BE%E6%9C%83%E5%AD%B8%E6%B4%9E%E8%A6%8B-b5d69a93322c (我在這門課學到最值得分享的三個洞見)\n2. https://blackwinged-kite.medium.com/%E7%AC%AC%E5%8D%81%E6%AC%A1%E7%A4%BE%E6%9C%83%E5%AD%B8%E4%BD%9C%E6%A5%AD-%E7%9C%9F%E7%9B%B8%E8%A3%BD%E9%80%A0%E9%8F%88-%E6%BC%94%E7%AE%97%E6%B3%95-%E4%BB%87%E6%81%A8%E8%A8%80%E8%AB%96-%E9%97%9C%E9%8D%B5%E5%AD%97%E7%A7%91%E6%8A%80%E6%AF%94%E5%B0%8D%E5%88%A4%E5%88%A5-5a6ab6a0d7ff 其中一次的課堂作業，這篇A+\n3. https://blackwinged-kite.medium.com/%E7%AC%AC%E5%85%AB%E6%AC%A1%E7%A4%BE%E6%9C%83%E5%AD%B8%E4%BD%9C%E6%A5%AD-%E5%95%9F%E7%A4%BA-f909e9850aa7 另外一篇的課堂作業，這篇A。""}]"
"社會學
A5",簡妤儒,人類學系、心理學系、醫學系、職能治療學系,3,114-2,15308,Soc1027,,,,,"[""無評價""]",[]
醫學電資整合創意專題(二),林忠緯,醫學系、醫學系、醫學系、醫學系、生物化學暨分子生物學研究所、生物化學暨分子生物學研究所、生物化學暨分子生物學研究所、資訊工程學系、電機工程學研究所、電機工程學研究所、電機工程學研究所、電機工程學研究所、電機工程學研究所、資訊工程學研究所、資訊工程學研究所、資訊工程學研究所、資訊工程學研究所、電信工程學研究所、資訊網路與多媒體研究所、資訊網路與多媒體研究所、資訊網路與多媒體研究所、資訊網路與多媒體研究所、生醫電子與資訊學研究所,3,114-2,25161,IMP5007,,,,,"[""無評價""]",[]
普通生物學乙下,郭典翰,醫學系,2,114-2,41867,LS1008,,,,,"[""無評價""]",[]
醫學心理學,廖士程,醫學系、牙醫學系、分子醫學研究所,1,114-2,59493,Med3012,,,,,"[""無評價""]",[]
神經解剖學,張銘峰,醫學系、牙醫學系、解剖學暨細胞生物學研究所,2,114-2,44461,Med3057,,,,,"[""無評價""]",[]
病理、藥理小組討論下,何肇基,醫學系、藥學系,2,114-2,27888,Med4030,,,,,"[""無評價""]",[]
臨床醫學總論 (III),盛望徽,醫學系、法醫學研究所,2,114-2,31215,Med4044,,,,,"[""無評價""]",[]
醫學遺傳學一,李妮鍾,醫學系、分子醫學研究所,1,114-2,54859,Med4007,,,,,"[""無評價""]",[]
放射線學(二),陳世杰,醫學系,1,114-2,29212,Med5044,,,,,"[""無評價""]",[]
整合醫學床邊即時超音波,余忠仁,醫學系,2,114-2,52225,Med6083,,,,,"[""無評價""]",[]
臨床倫理與法律,盛望徽,醫學系,1,114-2,33753,Med6081,,,,,"[""無評價""]",[]
腫瘤醫學及臨床實習,葉坤輝,醫學系,3,114-2,45683,Med6074,,,,,"[""無評價""]",[]
放射線學及臨床實習,陳世杰,醫學系,3,114-2,38443,Med6072,,,,,"[""無評價""]",[]
進階醫學研究,盛望徽,醫學系,3,114-2,45308,Med6077,,,,,"[""無評價""]",[]
國際學習甲,盛望徽,醫學系,3,114-2,28949,Med6078,,,,,"[""無評價""]",[]
國際學習乙,盛望徽,醫學系,3,114-2,35869,Med6079,,,,,"[""無評價""]",[]
內科學及實習甲,盛望徽,醫學系,6,114-2,50127,Med6001,,,,,"[""無評價""]",[]
內科學及實習乙,盛望徽,醫學系,6,114-2,56876,Med6002,,,,,"[""無評價""]",[]
牙科公共衛生學,陳信銘,牙醫學系,1,114-2,23816,Dent2007,,,,,"[""無評價""]",[]
口腔解剖學下,章浩宏,牙醫學系,1,114-2,40973,Dent3016,,,,,"[""無評價""]",[]
基礎牙周病學,張博鈞,牙醫學系,2,114-2,40416,Dent3014,,,,,"[""無評價""]",[]
固定補綴學及實驗一,王東美,牙醫學系,2,114-2,19245,Dent3013,,,,,"[""無評價""]",[]
牙科放射線學,陳韻之,牙醫學系,2,114-2,34254,Dent3005,,,,,"[""無評價""]",[]
咬合學,陳韻之,牙醫學系,2,114-2,42654,Dent3008,,,,,"[""無評價""]",[]
牙科藥理學,章浩宏,牙醫學系,1,114-2,32994,Dent4006,,,,,"[""無評價""]",[]
口腔病理診斷學暨實驗二,張玉芳,牙醫學系,4,114-2,15347,Dent4027,,,,,"[""無評價""]",[]
臨床牙周病學,陳漪紋,牙醫學系,3,114-2,50704,Dent4025,,,,,"[""無評價""]",[]
固定補綴學及實驗二,王東美,牙醫學系,2,114-2,19787,Dent4024,,,,,"[""無評價""]",[]
口腔顎面外科學二,郭生興,牙醫學系,4,114-2,39825,Dent5008,,,,,"[""無評價""]",[]
局部補綴學實驗二,陳韻之,牙醫學系,1,114-2,31616,Dent5035,,,,,"[""無評價""]",[]
初階補綴學臨床實習,王東美,牙醫學系,2,114-2,37332,Dent5025,,,,,"[""無評價""]",[]
初階牙髓病學臨床實習,李苑玲,牙醫學系,2,114-2,42163,Dent5028,,,,,"[""無評價""]",[]
咀嚼機能障礙與口顏面疼痛學,陳韻之,牙醫學系,1,114-2,53944,Dent5038,,,,,"[""無評價""]",[]
牙髓病學臨床實習,李苑玲,牙醫學系,6,114-2,30223,Dent6027,,,,,"[""無評價""]",[]
牙周病學臨床實習,陳漪紋,牙醫學系,6,114-2,31599,Dent6029,,,,,"[""無評價""]",[]
固定補綴學臨床實習,王東美,牙醫學系,6,114-2,24266,Dent6030,,,,,"[""無評價""]",[]
局部補綴學臨床實習,陳韻之,牙醫學系,6,114-2,38880,Dent6031,,,,,"[""無評價""]",[]
全口補綴學臨床實習,楊宗傑,牙醫學系,2,114-2,56272,Dent6033,,,,,"[""無評價""]",[]
兒童牙科臨床實習,張曉華,牙醫學系,2,114-2,45469,Dent6021,,,,,"[""無評價""]",[]
普通物理學乙,邱雅萍,藥學系、醫學檢驗暨生物技術學系、職能治療學系、工程科學及海洋工程學系、森林環境暨資源學系,3,114-2,47323,Phys1008,5.0,4.5,4.5,4.0,"[""[User16462 | 109-1]: 1.基礎物理觀念和數學的向量\n2.力學(靜力學,動力學)\n3.波動力學\n4.熱力學\n老師主要寫板書\n老師也會特別勾選可能出的考試範圍\n有上課就能輕鬆準備考試\n老師的簡報和筆記\n考試會考老師勾的地方（準備起來挺簡單）\n專題報告感覺認真寫就會A+\n專題報告題目自訂，只要跟上課內容有關就好\n專題報告20%\n期中期末各占40%""]","[{""User_ID"": ""User16462"", ""Semester"": ""109-1"", ""Rating_Quality"": null, ""Rating_Sweet"": null, ""Rating_Easy"": null, ""Rating_Rich"": null, ""Comment"": ""1.基礎物理觀念和數學的向量\n2.力學(靜力學,動力學)\n3.波動力學\n4.熱力學\n老師主要寫板書\n老師也會特別勾選可能出的考試範圍\n有上課就能輕鬆準備考試\n老師的簡報和筆記\n考試會考老師勾的地方（準備起來挺簡單）\n專題報告感覺認真寫就會A+\n專題報告題目自訂，只要跟上課內容有關就好\n專題報告20%\n期中期末各占40%""}]"
分析化學實驗,陳俊顯,藥學系、醫學檢驗暨生物技術學系、化學工程學系,1,114-2,10434,Chem2019,,,,,"[""無評價""]",[]
公共衛生政策概論,王繼娟,藥學系,2,114-2,25793,PHARM2011,,,,,"[""無評價""]",[]
本草學,張嘉銓,藥學系,2,114-2,10326,PHARM2007,,,,,"[""無評價""]",[]
流行病學,郭柏秀,藥學系、公共衛生學系,3,114-2,40624,PH2022,,,,,"[""無評價""]",[]
藥物化學下,忻凌偉,藥學系,2,114-2,25433,PHARM3025,,,,,"[""無評價""]",[]
非處方藥,沈麗娟,藥學系,2,114-2,46390,PHARM4035,,,,,"[""無評價""]",[]
製藥技術,林文貞,藥學系、藥學研究所,2,114-2,13879,PHARM7032,,,,,"[""無評價""]",[]
藥物治療學 V,徐莞曾,藥學系,4,114-2,51301,PHARM5046,,,,,"[""無評價""]",[]
藥物治療學Ⅶ,林淑文,藥學系,3,114-2,15730,PHARM5048,,,,,"[""無評價""]",[]
藥物治療學Ⅷ,徐莞曾,藥學系,1,114-2,13588,PHARM5049,,,,,"[""無評價""]",[]
社會暨行為藥學與問卷調查研究,王繼娟,藥學系,2,114-2,41613,PHARM5083,,,,,"[""無評價""]",[]
藥物經濟學,蕭斐元,藥學系、臨床藥學研究所,2,114-2,50474,CliPhm5007,,,,,"[""無評價""]",[]
進階社區藥局實習,何蘊芳,藥學系,6,114-2,29283,PHARM5062,,,,,"[""無評價""]",[]
藥學研究（一),顧記華,藥學系,3,114-2,46860,PHARM5063,,,,,"[""無評價""]",[]
藥學研究（一),忻凌偉,藥學系,3,114-2,53085,PHARM5063,,,,,"[""無評價""]",[]
藥學研究（一),張琳巧,藥學系,3,114-2,36722,PHARM5063,,,,,"[""無評價""]",[]
藥學研究（一),蕭斐元,藥學系,3,114-2,45309,PHARM5063,,,,,"[""無評價""]",[]
藥學研究（一),林芳如,藥學系,3,114-2,32675,PHARM5063,,,,,"[""無評價""]",[]
藥學研究(二),徐莞曾,藥學系,3,114-2,32389,PHARM5064,,,,,"[""無評價""]",[]
藥學研究(二),顧記華,藥學系,3,114-2,51478,PHARM5064,,,,,"[""無評價""]",[]
藥學研究(二),林淑文,藥學系,3,114-2,18617,PHARM5064,,,,,"[""無評價""]",[]
藥學研究(二),張琳巧,藥學系,3,114-2,33545,PHARM5064,,,,,"[""無評價""]",[]
藥學研究(二),蕭斐元,藥學系,3,114-2,29863,PHARM5064,,,,,"[""無評價""]",[]
藥學研究(二),林芳如,藥學系,3,114-2,18231,PHARM5064,,,,,"[""無評價""]",[]
藥學研究(三),徐莞曾,藥學系,3,114-2,12465,PHARM5065,,,,,"[""無評價""]",[]
藥學研究(三),忻凌偉,藥學系,3,114-2,46552,PHARM5065,,,,,"[""無評價""]",[]
藥學研究(三),張琳巧,藥學系,3,114-2,41235,PHARM5065,,,,,"[""無評價""]",[]
藥學研究(三),王繼娟,藥學系,3,114-2,15845,PHARM5065,,,,,"[""無評價""]",[]
藥學研究(三),林芳如,藥學系,3,114-2,56095,PHARM5065,,,,,"[""無評價""]",[]
藥學研究 (四),張琳巧,藥學系,3,114-2,43667,PHARM5066,,,,,"[""無評價""]",[]
藥學研究 (四),蕭斐元,藥學系,3,114-2,52545,PHARM5066,,,,,"[""無評價""]",[]
藥學研究 (四),王繼娟,藥學系,3,114-2,17913,PHARM5066,,,,,"[""無評價""]",[]
藥學研究 (四),林芳如,藥學系,3,114-2,23503,PHARM5066,,,,,"[""無評價""]",[]
進階藥政實習(一),蕭斐元,藥學系,3,114-2,53432,PHARM5067,,,,,"[""無評價""]",[]
進階藥廠實習(一),郭錦樺,藥學系,3,114-2,54872,PHARM5073,,,,,"[""無評價""]",[]
進階藥廠實習(二),郭錦樺,藥學系,3,114-2,52799,PHARM5074,,,,,"[""無評價""]",[]
進階藥廠實習(四),郭錦樺,藥學系,3,114-2,36657,PHARM5076,,,,,"[""無評價""]",[]
有機化學,王宗興,醫學檢驗暨生物技術學系、醫學工程學系、農藝學系、動物科學技術學系、園藝暨景觀學系、獸醫學系、昆蟲學系、植物病理與微生物學系,3,114-2,55493,Chem2020,2.0,2.0,1.0,5.0,"[""[User03005 | 113-2]: 老師自備補充簡報、課本簡報\n期中40%\n期末40%\n作業20%\n點名少一次倒扣3%\n期中期末非選題95%\n考超細\n簡報裡面機制都會考到\n考試還會在前面一直講風涼話不要理他絕對寫不完\n加分作業/加分題給分也很吝嗇\n作業最下面忘記寫名字會再打五折\n上完他的課回去一定要自己整理\n他會一直重複很雜亂的內容\n自己不整理永遠聽不懂在上什麼""]","[{""User_ID"": ""User03005"", ""Semester"": ""113-2"", ""Rating_Quality"": null, ""Rating_Sweet"": null, ""Rating_Easy"": null, ""Rating_Rich"": null, ""Comment"": ""老師自備補充簡報、課本簡報\n期中40%\n期末40%\n作業20%\n點名少一次倒扣3%\n期中期末非選題95%\n考超細\n簡報裡面機制都會考到\n考試還會在前面一直講風涼話不要理他絕對寫不完\n加分作業/加分題給分也很吝嗇\n作業最下面忘記寫名字會再打五折\n上完他的課回去一定要自己整理\n他會一直重複很雜亂的內容\n自己不整理永遠聽不懂在上什麼""}]"
醫技導論,方偉宏,醫學檢驗暨生物技術學系,2,114-2,26818,CliLab1004,,,,,"[""無評價""]",[]
"醫學與人文
A1,2",陳彥元,醫學系、醫學檢驗暨生物技術學系、職能治療學系,2,114-2,59410,MD&PH5024,3.8,4.8,4.5,3.3,"[""[User88370 | 109-2]: 每周會有不同的老師或是講者用演講的方式，來分享自己專業或是喜歡領域與醫學的結合\n一個講題是兩節課，中間不休息，會提早放人(講得完的話)\n主題大概是以下這些:\n體驗學習\n醫學與音樂\n新編京劇(由國光劇團主講)\n醫學與攝影\n醫院中的裝置藝術\n醫學與藝術\n醫學與電影\n疾病、醫學與文明\n霍亂傳播之謎\n不一樣的行醫路(布吉納法索)\n台灣近代醫療史 教會醫療篇\n台灣近代醫療史 日治醫療篇\n社區安寧的人文關懷 施至遠\n純演講，無討論\n每周的演講投影片，會上傳到 COOL\n這學期改成四題問答題，一題25%，有比較簡單的，比如說海外行醫的地點之類的\n也有比較難的，比如說問四種大流行疾病，並舉出被影響的藝術\n或是有申論題，比如說自己對安寧醫療或是海外行醫的看法\n60% 出席 佛\n10% 參與課外參訪+300字心得，期初會開所有活動的報名區，要報名至少一場，多去可以加分\n30% 期末考\n額外加分是抄上課筆記，但沒抄的話應該還好，可以用期末考或參訪拉分\nψ 授課教師 (若為多人合授請寫開課教師，以方便收錄)\n\n陳彥元\n\nδ 課程大概內容\n\n每周會有不同的老師或是講者用演講的方式，來分享自己專業或是喜歡領域與醫學的結合\n一個講題是兩節課，中間不休息，會提早放人(講得完的話)\n主題大概是以下這些:\n體驗學習\n醫學與音樂\n新編京劇(由國光劇團主講)\n醫學與攝影\n醫院中的裝置藝術\n醫學與藝術\n醫學與電影\n疾病、醫學與文明\n霍亂傳播之謎\n不一樣的行醫路(布吉納法索)\n台灣近代醫療史 教會醫療篇\n台灣近代醫療史 日治醫療篇\n社區安寧的人文關懷 施至遠\n\nΩ 私心推薦指數(以五分計) ★★★★★\n★★★★★，又甜又涼\n\nη 上課用書(影印講義或是指定教科書)\n\n每周的演講投影片，會上傳到CEIBA\n\nμ 上課方式(投影片、團體討論、老師教學風格)\n\n純演講，無討論\n\nσ 評分方式(給分甜嗎？是紮實分？)\n\n60% 出席 佛\n10% 參與課外參訪+300字心得，期初會開所有活動的報名區，要報名至少一場，多去可以加分\n30% 期末考\n額外加分是抄上課筆記，但沒抄的話應該還好，可以用期末考或參訪拉分\n\nρ 考題型式、作業方式\n\n這學期改成四題問答題，一題25%，有比較簡單的，比如說海外行醫的地點之類的\n也有比較難的，比如說問四種大流行疾病，並舉出被影響的藝術\n或是有申論題，比如說自己對安寧醫療或是海外行醫的看法\n\nω 其它(是否注重出席率？如果為外系選修，需先有什麼基礎較好嗎？老師個性？\n\n加簽習慣？嚴禁遲到等…)\n出席佔六成，透過課堂發紙條點名，但點名不定期，下課離開前交給助教\n這次加簽是選1~9的其中幾個號碼，尾數符合的同學不能簽\n太晚來可能會沒位子坐\n\nΨ 總結\n\n因為是1:20開始上，所以早上有課的人可能要先買便當來\n然後因為是在醫學院，所以要來的人要先注意一下去跟回來的校車時間\n沒車的話，林森南路的鐘樓對面，有仁愛林森路口的站牌，有208、671可以回總區\n阿然後有些校車去程時不會停舊社科院，要注意\n大概就醬"", ""[渡枳豪二 | 110-2]: 第一週 課程簡介 陳彥元\n第二週 體驗學習 梁繼權\n第三週 醫學與攝影 徐思淳\n第四週 醫學與電影 蘇真真\n第五週 新編京劇簡介 國光劇團歐陽霆老師\n第六週 醫學與音樂 許博欽\n第七週 醫學與藝術 吳寬墩\n第八週 期中考週 停課\n第九週 疾病, 醫學和文明 吳寬墩\n第十週 醫院中療癒空間的塑造 呂立\n第十一週 天花與疫苗接種的歷史 李尚仁\n第十二週 長著翅膀的死神：蚊子病媒的發現 李尚仁\n第十三週 台灣近代醫療史之教會醫療篇 陳彥元\n第十四週 台灣近代醫療史之日治醫療篇 陳彥元\n第十五週 期末考週 停課\n第十六週 期末考\n第十七週\n第十八週 期末考補考\n大班授課，老師幾乎都用投影片或影片上課，除了舉手回答加分之外，師生互動機會不太多，課堂上不會有團體討論\n老師的投影片\n平時的話上課可以做筆記，期末會加分（想要A+就做），挑四堂課寫心得當作作業，還有一篇類似校外教學的心得。無期中考，但有期末考，因為疫情適逢遠距教學停課，然而醫學院的課基本上都實體，因此當初教授決定實體考試請助教宣布考試方式時，引起很大的反彈（尤其未依當初規定在考試一周前公布考試方式，考試前天凌晨才公布，很多已經回南部的學生接到消息的時候其實滿慌張的），直到後來麻煩教務分處進行溝通才有線上考的選項，而且考試內容很細，會害怕的同學請三思後再選課。\n40% 課程出席與參與。\n\n20% 授課主題影片討論：\n每週課程時間結束後開放討論區，隔週五23:59關閉討論區。一學期進行四次討論即可，多寫不計分，逾時不計分。\n\n10% 參與體驗學習活動，並在 NTU COOL討論區撰寫課外活動心得：\n必須參加 1 次課外體驗學習活動，請挑選自己有興趣的活動參加。並請每一位同學於完成活動後的 7 日內，寫下心得、回饋或建議，不可超過300字，超過 7 日後才貼文者，該部份成績以零分計算。\n\n30% 期末考試：\n形式未定，隨疫情規定，於考試前一週公告考試方式。（最後採實體線上並行）\n這門課在醫學院所以在總區的朋友如果不想跑很遠的請避開這門課。\n\n課程內容跟醫學相關但僅算是沾邊，想學扎實的醫學知識請左轉醫學系，大部分由醫學院的醫師來授課，基本上只要人多就不點名，所以這學期只有點一次，發空白紙寫下姓名學號還有當堂課的心得，筆記的部分就看個人要不要做，做了幾乎是保證A+。\n\n我自己最喜歡的部分是校外參訪，會有很多選擇，例如：阿嬤家、台北賓館、青田七六等等，因為有導覽員講解，所以可以學到滿多小知識，個人覺得滿有趣而且自己也有所收穫，喜歡校外參訪的人可以考慮這門課。\n\n期末考都從PPT出，但是考試內容繁雜又很細，所以其實不太好準備，考試分數不會公布，因此能有加分的機會就盡量加分，只要能加分應該都能有A-起跳，加分機會算滿多的，像是寫桂冠獎也能加分，就看個人要不要花時間與精力。\n\n總而言之，算是甜涼的通識課，助教跟老師平常人也都不錯（只是期末考不知道出了什麼狀況(つд⊂)），適合會去醫學院聽課，按時寫作業的朋友~""]","[{""User_ID"": ""User88370"", ""Semester"": ""109-2"", ""Rating_Quality"": null, ""Rating_Sweet"": null, ""Rating_Easy"": null, ""Rating_Rich"": null, ""Comment"": ""每周會有不同的老師或是講者用演講的方式，來分享自己專業或是喜歡領域與醫學的結合\n一個講題是兩節課，中間不休息，會提早放人(講得完的話)\n主題大概是以下這些:\n體驗學習\n醫學與音樂\n新編京劇(由國光劇團主講)\n醫學與攝影\n醫院中的裝置藝術\n醫學與藝術\n醫學與電影\n疾病、醫學與文明\n霍亂傳播之謎\n不一樣的行醫路(布吉納法索)\n台灣近代醫療史 教會醫療篇\n台灣近代醫療史 日治醫療篇\n社區安寧的人文關懷 施至遠\n純演講，無討論\n每周的演講投影片，會上傳到 COOL\n這學期改成四題問答題，一題25%，有比較簡單的，比如說海外行醫的地點之類的\n也有比較難的，比如說問四種大流行疾病，並舉出被影響的藝術\n或是有申論題，比如說自己對安寧醫療或是海外行醫的看法\n60% 出席 佛\n10% 參與課外參訪+300字心得，期初會開所有活動的報名區，要報名至少一場，多去可以加分\n30% 期末考\n額外加分是抄上課筆記，但沒抄的話應該還好，可以用期末考或參訪拉分\nψ 授課教師 (若為多人合授請寫開課教師，以方便收錄)\n\n陳彥元\n\nδ 課程大概內容\n\n每周會有不同的老師或是講者用演講的方式，來分享自己專業或是喜歡領域與醫學的結合\n一個講題是兩節課，中間不休息，會提早放人(講得完的話)\n主題大概是以下這些:\n體驗學習\n醫學與音樂\n新編京劇(由國光劇團主講)\n醫學與攝影\n醫院中的裝置藝術\n醫學與藝術\n醫學與電影\n疾病、醫學與文明\n霍亂傳播之謎\n不一樣的行醫路(布吉納法索)\n台灣近代醫療史 教會醫療篇\n台灣近代醫療史 日治醫療篇\n社區安寧的人文關懷 施至遠\n\nΩ 私心推薦指數(以五分計) ★★★★★\n★★★★★，又甜又涼\n\nη 上課用書(影印講義或是指定教科書)\n\n每周的演講投影片，會上傳到CEIBA\n\nμ 上課方式(投影片、團體討論、老師教學風格)\n\n純演講，無討論\n\nσ 評分方式(給分甜嗎？是紮實分？)\n\n60% 出席 佛\n10% 參與課外參訪+300字心得，期初會開所有活動的報名區，要報名至少一場，多去可以加分\n30% 期末考\n額外加分是抄上課筆記，但沒抄的話應該還好，可以用期末考或參訪拉分\n\nρ 考題型式、作業方式\n\n這學期改成四題問答題，一題25%，有比較簡單的，比如說海外行醫的地點之類的\n也有比較難的，比如說問四種大流行疾病，並舉出被影響的藝術\n或是有申論題，比如說自己對安寧醫療或是海外行醫的看法\n\nω 其它(是否注重出席率？如果為外系選修，需先有什麼基礎較好嗎？老師個性？\n\n加簽習慣？嚴禁遲到等…)\n出席佔六成，透過課堂發紙條點名，但點名不定期，下課離開前交給助教\n這次加簽是選1~9的其中幾個號碼，尾數符合的同學不能簽\n太晚來可能會沒位子坐\n\nΨ 總結\n\n因為是1:20開始上，所以早上有課的人可能要先買便當來\n然後因為是在醫學院，所以要來的人要先注意一下去跟回來的校車時間\n沒車的話，林森南路的鐘樓對面，有仁愛林森路口的站牌，有208、671可以回總區\n阿然後有些校車去程時不會停舊社科院，要注意\n大概就醬""}, {""User_ID"": ""渡枳豪二"", ""Semester"": ""110-2"", ""Rating_Quality"": null, ""Rating_Sweet"": null, ""Rating_Easy"": null, ""Rating_Rich"": null, ""Comment"": ""第一週 課程簡介 陳彥元\n第二週 體驗學習 梁繼權\n第三週 醫學與攝影 徐思淳\n第四週 醫學與電影 蘇真真\n第五週 新編京劇簡介 國光劇團歐陽霆老師\n第六週 醫學與音樂 許博欽\n第七週 醫學與藝術 吳寬墩\n第八週 期中考週 停課\n第九週 疾病, 醫學和文明 吳寬墩\n第十週 醫院中療癒空間的塑造 呂立\n第十一週 天花與疫苗接種的歷史 李尚仁\n第十二週 長著翅膀的死神：蚊子病媒的發現 李尚仁\n第十三週 台灣近代醫療史之教會醫療篇 陳彥元\n第十四週 台灣近代醫療史之日治醫療篇 陳彥元\n第十五週 期末考週 停課\n第十六週 期末考\n第十七週\n第十八週 期末考補考\n大班授課，老師幾乎都用投影片或影片上課，除了舉手回答加分之外，師生互動機會不太多，課堂上不會有團體討論\n老師的投影片\n平時的話上課可以做筆記，期末會加分（想要A+就做），挑四堂課寫心得當作作業，還有一篇類似校外教學的心得。無期中考，但有期末考，因為疫情適逢遠距教學停課，然而醫學院的課基本上都實體，因此當初教授決定實體考試請助教宣布考試方式時，引起很大的反彈（尤其未依當初規定在考試一周前公布考試方式，考試前天凌晨才公布，很多已經回南部的學生接到消息的時候其實滿慌張的），直到後來麻煩教務分處進行溝通才有線上考的選項，而且考試內容很細，會害怕的同學請三思後再選課。\n40% 課程出席與參與。\n\n20% 授課主題影片討論：\n每週課程時間結束後開放討論區，隔週五23:59關閉討論區。一學期進行四次討論即可，多寫不計分，逾時不計分。\n\n10% 參與體驗學習活動，並在 NTU COOL討論區撰寫課外活動心得：\n必須參加 1 次課外體驗學習活動，請挑選自己有興趣的活動參加。並請每一位同學於完成活動後的 7 日內，寫下心得、回饋或建議，不可超過300字，超過 7 日後才貼文者，該部份成績以零分計算。\n\n30% 期末考試：\n形式未定，隨疫情規定，於考試前一週公告考試方式。（最後採實體線上並行）\n這門課在醫學院所以在總區的朋友如果不想跑很遠的請避開這門課。\n\n課程內容跟醫學相關但僅算是沾邊，想學扎實的醫學知識請左轉醫學系，大部分由醫學院的醫師來授課，基本上只要人多就不點名，所以這學期只有點一次，發空白紙寫下姓名學號還有當堂課的心得，筆記的部分就看個人要不要做，做了幾乎是保證A+。\n\n我自己最喜歡的部分是校外參訪，會有很多選擇，例如：阿嬤家、台北賓館、青田七六等等，因為有導覽員講解，所以可以學到滿多小知識，個人覺得滿有趣而且自己也有所收穫，喜歡校外參訪的人可以考慮這門課。\n\n期末考都從PPT出，但是考試內容繁雜又很細，所以其實不太好準備，考試分數不會公布，因此能有加分的機會就盡量加分，只要能加分應該都能有A-起跳，加分機會算滿多的，像是寫桂冠獎也能加分，就看個人要不要花時間與精力。\n\n總而言之，算是甜涼的通識課，助教跟老師平常人也都不錯（只是期末考不知道出了什麼狀況(つд⊂)），適合會去醫學院聽課，按時寫作業的朋友~""}]"
臨床鏡檢學,楊雅倩,醫學檢驗暨生物技術學系,1,114-2,22822,CliLab3001,,,,,"[""無評價""]",[]
臨床鏡檢學實驗,楊雅倩,醫學檢驗暨生物技術學系,1,114-2,44905,CliLab3002,,,,,"[""無評價""]",[]
臨床血清免疫學,莊雅惠,醫學檢驗暨生物技術學系,1,114-2,30386,CliLab4021,,,,,"[""無評價""]",[]
血庫學,林亮音,醫學檢驗暨生物技術學系,1,114-2,59120,CliLab4027,,,,,"[""無評價""]",[]
臨床病毒學,張淑媛,醫學檢驗暨生物技術學系,1,114-2,16708,CliLab4029,,,,,"[""無評價""]",[]
醫學分子檢驗學上,蘇剛毅,醫學檢驗暨生物技術學系,1,114-2,39879,CliLab5102,,,,,"[""無評價""]",[]
醫學檢驗小班教學,方偉宏,醫學檢驗暨生物技術學系,2,114-2,44759,CliLab4040,,,,,"[""無評價""]",[]
生物晶片,俞松良,醫學檢驗暨生物技術學系、醫學檢驗暨生物技術學研究所、基因體暨蛋白體醫學研究所、精準健康碩士學位學程、精準健康博士學位學程,1,114-2,27528,CliLab7026,,,,,"[""無評價""]",[]
醫學分子檢驗學下,郭靜穎,醫學檢驗暨生物技術學系,1,114-2,31812,CliLab5103,,,,,"[""無評價""]",[]
醫學檢驗跨科系小班教學,方偉宏,醫學檢驗暨生物技術學系、醫學檢驗暨生物技術學研究所,1,114-2,30410,CliLab5121,,,,,"[""無評價""]",[]
醫學實驗室實務與認證,蘇剛毅,醫學檢驗暨生物技術學系、醫學檢驗暨生物技術學研究所、基因體與系統生物學學位學程,2,114-2,47947,CliLab5112,,,,,"[""無評價""]",[]
生技產業實務訓練,林淑華,醫學檢驗暨生物技術學系,4,114-2,23545,CliLab5124,,,,,"[""無評價""]",[]
生技公司實務訓練,林淑華,醫學檢驗暨生物技術學系,4,114-2,15323,CliLab5134,,,,,"[""無評價""]",[]
生物化學概論,歐展言,護理學系、學士後護理學系、公共衛生學系,2,114-2,48204,NURSE2004,,,,,"[""無評價""]",[]
"普通生物學丙
A8",鄭石通,物理治療學系、物治系六年制、職能治療學系,3,114-2,31715,LS1009,,,,,"[""無評價""]",[]
老人與長期照護導論,張念慈,物理治療學系、物治系六年制、物理治療學研究所,2,114-2,47923,Prog5740,,,,,"[""無評價""]",[]
醫學心理學,謝明憲,物理治療學系、物治系六年制、職能治療學系,1,114-2,36922,Med3012,,,,,"[""無評價""]",[]
運動生理學,王儷穎,物理治療學系、物治系六年制,2,114-2,57857,PT1019,,,,,"[""無評價""]",[]
物理治療教與學,吳晏慈,物理治療學系、物治系六年制,1,114-2,56136,PT3050,,,,,"[""無評價""]",[]
老人與長照跨領域案例分析,李亞芸,物理治療學系、物治系六年制、物理治療學研究所,2,114-2,43470,Prog5186,,,,,"[""無評價""]",[]
物理治療研究一,林居正,物理治療學系、物治系六年制,2,114-2,47105,PT4031,,,,,"[""無評價""]",[]
物理治療研究二,王儷穎,物理治療學系、物治系六年制,2,114-2,26651,PT4032,,,,,"[""無評價""]",[]
物理治療研究四,鄭素芳,物理治療學系、物治系六年制,2,114-2,11134,PT4034,,,,,"[""無評價""]",[]
臨床營養學,吳晏慈,物治系六年制,1,114-2,50177,PT3048,,,,,"[""無評價""]",[]
兒童物理治療,吳晏慈,物治系六年制,2,114-2,51686,PT4044,,,,,"[""無評價""]",[]
臨床藥物學,郭曉意,物治系六年制,2,114-2,46658,PT4047,,,,,"[""無評價""]",[]
物理治療行政管理實務,趙遠宏,物治系六年制,1,114-2,33525,PT4049,,,,,"[""無評價""]",[]
老人物理治療學,湯佩芳,物治系六年制,2,114-2,40865,PT5007,,,,,"[""無評價""]",[]
神經物理治療臨床實習,湯佩芳,物治系六年制,4,114-2,36498,PT5031,,,,,"[""無評價""]",[]
小兒物理治療臨床實習,鄭素芳,物治系六年制,4,114-2,47502,PT5032,,,,,"[""無評價""]",[]
職能治療臨床見習,黃小玲,職能治療學系,1,114-2,49013,OT2008,,,,,"[""無評價""]",[]
人體動作分析概論,陳顥齡,職能治療學系,2,114-2,13018,OT5057,,,,,"[""無評價""]",[]
團體動力學,李士捷,職能治療學系,1,114-2,23022,OT4017,,,,,"[""無評價""]",[]
職能科學,羅鈞令,職能治療學系、職能治療學研究所,1,114-2,41109,OT5024,,,,,"[""無評價""]",[]
職能治療管理學,毛慧芬,職能治療學系,1,114-2,29866,OT3008,,,,,"[""無評價""]",[]
就學與就業之職能治療,蔡麗婷,職能治療學系,1,114-2,58579,OT3011,,,,,"[""無評價""]",[]
就學與就業之職能治療實習,蔡麗婷,職能治療學系,1,114-2,48476,OT3012,,,,,"[""無評價""]",[]
遊戲與治療介入,曾美惠,職能治療學系,3,114-2,18285,OT3033,,,,,"[""無評價""]",[]
副木、裝具義肢學,黃小玲,職能治療學系,1,114-2,55667,OT3017,,,,,"[""無評價""]",[]
副木、裝具義肢學實習,黃小玲,職能治療學系,1,114-2,52485,OT3018,,,,,"[""無評價""]",[]
職能治療倫理學,謝清麟,職能治療學系,1,114-2,45882,OT3036,,,,,"[""無評價""]",[]
職能治療常見統計入門,黃怡靜,職能治療學系,1,114-2,13681,OT3040,,,,,"[""無評價""]",[]
職能治療研究職涯探索,謝清麟,職能治療學系,1,114-2,12262,OT4020,,,,,"[""無評價""]",[]
基礎醫學護理的整合應用,楊承芳,學士後護理學系,2,114-2,40304,BSN4010,,,,,"[""無評價""]",[]
內外科護理學實習二,盧怜君,學士後護理學系,3,114-2,35480,BSN3004,,,,,"[""無評價""]",[]
產科護理學實習,楊承芳,學士後護理學系,3,114-2,48036,BSN3006,,,,,"[""無評價""]",[]
民眾基本救護,陳石池,醫學院暨公共衛生學院共同課程,3,114-2,59109,MD&PH5080,,,,,"[""無評價""]",[]
細胞生物學,李明學,醫學院暨公共衛生學院共同課程、生理學研究所、生物化學暨分子生物學研究所、藥理學研究所、病理學研究所、微生物學研究所、微生物及免疫學組、免疫學研究所、腫瘤醫學研究所、基因體暨蛋白體醫學研究所,3,114-2,40039,md&ph5017,,,,,"[""[PTT | 107-2]: 轉載自 PTT 作者 ID: saviorw16 (夜空中最亮的星)\n哪一學年度修課：\n107-2\n\nψ 授課教師 (若為多人合授請寫開課教師，以方便收錄)\n李明學（多位教授合開）\n\nλ 開課系所與授課對象 (是否為必修或通識課 / 內容是否與某些背景相關)\n醫學院研究所共同課程\n\nδ 課程大概內容\n1. Cell cycle and growth control (鄧述諄)\n2. Apoptosis (許秉寧)\n3. Cell adhesion and extracellular matrix (周祖述)\n4. Nuclear organization and transport (陳美如)\n5. Protein sorting and vesicular trafficking (李芳仁)\n6. (1) Cell communication (游偉絢)\n(2) Cell responses to stress (冀宏源)\n7. Cytoskeleton, cell shape and motility (唐堂)\n8. (1) Membrane structure and function (劉雅雯)\n(2) Ionic channels and membrane excitability (蘇銘嘉)\n9. Germ cells and fertilization (吳瑞菁)\n10. Non-mammalian development (歐展言)\n11. Mammalian development (陳佑宗)\n12. (1) Neurotrophic factors and neuronal differentiation (李立仁)\n(2) Stem cells and cancer stem cells (林泰元)\n13. Mechanism of carcinogenesis (林榮耀)\n14. Angiogenesis and cancer metastasis (李明學)\n\n註：括號數字代表同一天拆成兩部分的課來上\n\nΩ 私心推薦指數(以五分計) ★★★★★\n\n有分生背景而且想學到更多東西：★★★★★\n\n完全沒有生物底子：★★★\n\n不想花時間準備考試：★\n\nη 上課用書(影印講義或是指定教科書)\n\n參考書：Molecular Biology of the Cell (6th Ed, 2014)\nMolecular Cell Biology (8th Ed, 2016)\n\n講義助教會印好放在教室外面桌上，也會上傳到ceiba，可以自行下載\n\n個人覺得直接用電腦做筆記比較方便一些，因為印出來的圖有時候滿小的\n\nμ 上課方式(投影片、團體討論、老師教學風格)\n\n以投影片為主，每個老師不太一樣，從二三十張到上百張都有\n\n有些老師會和同學們互動，但多數是以講課為主，基本上不太理台下在幹嘛\n\n只是講者們的風格相當迥異，有些講解很清楚，有些讓人很想睡…\n\nσ 評分方式(給分甜嗎？是紮實分？)\n\n期中50% + 期末50%\n\n這次有一個老師讓我們在課堂中寫東西加分(雖然不知道到底有沒有加)\n\n絕對是紮實分，如果上課沒做筆記或是根本沒讀投影片應該會完蛋\n\n我自己期中考80/120，期末考沒公布但會寫的大概七八成，最後A+\n\n應該是有調過分啦，最後一節課開課老師說有準備就不會給太爛的成績\n\nρ 考題型式、作業方式\n\n完全沒有作業，兩次考試定生死\n\n考題形式包括選擇、是非、填空、問答(申論)\n\n有些老師在上完課之後會提一下要怎麼考，但也有完全沒講的\n\n每次上完課都會覺得有點驚恐想說考試該怎麼辦(尤其是投影片超級多的課)\n\n考完的感受就是有讀有分沒讀直接再見\n\n而且兩次考試都有一半以上的問答題，很吃準備的多寡跟上課用心程度\n\n不過沒有太刁難，大部分都是從上課特別強調的點來出題\n\n一次考試的量大概是十份投影片，內容雖然是循序漸進但頗雜的，不太好handle\n\n期中考看到考卷的時候有嚇到想說怎麼這麼厚XD\n\nω 其它(是否注重出席率？如果為外系選修，需先有什麼基礎較好嗎？老師個性？\n加簽習慣？嚴禁遲到等…)\n\n不點名，不過會來修這門課的人應該都已經有心理準備了(吧)\n\n我自己不是相關科系，只有生化的基礎，所以前半學期修得算是滿吃力的\n\n期中考之前壓力超級大，還猶豫很久到底要不要停修XD\n\n不過後半學期可能因為有慢慢補上分生的背景知識的關係所以感覺輕鬆了一些\n\n建議最好是有分生基礎再來選這門課，負擔相對比較小，畢竟東西很雜\n\nΨ 總結\n\n會來修這門課的大學部學生滿少的，考試簽到時看起來只有個位數\n\n而且自己是工程相關科系，在沒有先備知識的情況下修起來真的很high\n\n基本上我覺得只要沒來上課就很容易miss掉該堂課的重點\n\n因為投影片很多時候都只有從paper擷取的圖片，很難短時間看懂\n\n而且因為是三小時的課所以每次的內容通常都滿雜的，需要自己整理一下脈絡\n\n雖然期中期末前讀得很痛苦，但是的確可以學到滿多細生相關的知識\n\n對於做研究或是讀paper應該都會有滿大的幫助\n\n如果沒有相關背景的人可能在選課之前要好好考慮一下自己願意付出多少\n\n不然學期末可能會很怨恨期初的自己 (苦主在此)\n\n\n--\n\n原文網址: https://www.ptt.cc/bbs/NTUcourse/M.1561736262.A.CD1.html""]","[{""User_ID"": ""PTT"", ""Semester"": ""107-2"", ""Rating_Quality"": null, ""Rating_Sweet"": null, ""Rating_Easy"": null, ""Rating_Rich"": null, ""Comment"": ""轉載自 PTT 作者 ID: saviorw16 (夜空中最亮的星)\n哪一學年度修課：\n107-2\n\nψ 授課教師 (若為多人合授請寫開課教師，以方便收錄)\n李明學（多位教授合開）\n\nλ 開課系所與授課對象 (是否為必修或通識課 / 內容是否與某些背景相關)\n醫學院研究所共同課程\n\nδ 課程大概內容\n1. Cell cycle and growth control (鄧述諄)\n2. Apoptosis (許秉寧)\n3. Cell adhesion and extracellular matrix (周祖述)\n4. Nuclear organization and transport (陳美如)\n5. Protein sorting and vesicular trafficking (李芳仁)\n6. (1) Cell communication (游偉絢)\n(2) Cell responses to stress (冀宏源)\n7. Cytoskeleton, cell shape and motility (唐堂)\n8. (1) Membrane structure and function (劉雅雯)\n(2) Ionic channels and membrane excitability (蘇銘嘉)\n9. Germ cells and fertilization (吳瑞菁)\n10. Non-mammalian development (歐展言)\n11. Mammalian development (陳佑宗)\n12. (1) Neurotrophic factors and neuronal differentiation (李立仁)\n(2) Stem cells and cancer stem cells (林泰元)\n13. Mechanism of carcinogenesis (林榮耀)\n14. Angiogenesis and cancer metastasis (李明學)\n\n註：括號數字代表同一天拆成兩部分的課來上\n\nΩ 私心推薦指數(以五分計) ★★★★★\n\n有分生背景而且想學到更多東西：★★★★★\n\n完全沒有生物底子：★★★\n\n不想花時間準備考試：★\n\nη 上課用書(影印講義或是指定教科書)\n\n參考書：Molecular Biology of the Cell (6th Ed, 2014)\nMolecular Cell Biology (8th Ed, 2016)\n\n講義助教會印好放在教室外面桌上，也會上傳到ceiba，可以自行下載\n\n個人覺得直接用電腦做筆記比較方便一些，因為印出來的圖有時候滿小的\n\nμ 上課方式(投影片、團體討論、老師教學風格)\n\n以投影片為主，每個老師不太一樣，從二三十張到上百張都有\n\n有些老師會和同學們互動，但多數是以講課為主，基本上不太理台下在幹嘛\n\n只是講者們的風格相當迥異，有些講解很清楚，有些讓人很想睡…\n\nσ 評分方式(給分甜嗎？是紮實分？)\n\n期中50% + 期末50%\n\n這次有一個老師讓我們在課堂中寫東西加分(雖然不知道到底有沒有加)\n\n絕對是紮實分，如果上課沒做筆記或是根本沒讀投影片應該會完蛋\n\n我自己期中考80/120，期末考沒公布但會寫的大概七八成，最後A+\n\n應該是有調過分啦，最後一節課開課老師說有準備就不會給太爛的成績\n\nρ 考題型式、作業方式\n\n完全沒有作業，兩次考試定生死\n\n考題形式包括選擇、是非、填空、問答(申論)\n\n有些老師在上完課之後會提一下要怎麼考，但也有完全沒講的\n\n每次上完課都會覺得有點驚恐想說考試該怎麼辦(尤其是投影片超級多的課)\n\n考完的感受就是有讀有分沒讀直接再見\n\n而且兩次考試都有一半以上的問答題，很吃準備的多寡跟上課用心程度\n\n不過沒有太刁難，大部分都是從上課特別強調的點來出題\n\n一次考試的量大概是十份投影片，內容雖然是循序漸進但頗雜的，不太好handle\n\n期中考看到考卷的時候有嚇到想說怎麼這麼厚XD\n\nω 其它(是否注重出席率？如果為外系選修，需先有什麼基礎較好嗎？老師個性？\n加簽習慣？嚴禁遲到等…)\n\n不點名，不過會來修這門課的人應該都已經有心理準備了(吧)\n\n我自己不是相關科系，只有生化的基礎，所以前半學期修得算是滿吃力的\n\n期中考之前壓力超級大，還猶豫很久到底要不要停修XD\n\n不過後半學期可能因為有慢慢補上分生的背景知識的關係所以感覺輕鬆了一些\n\n建議最好是有分生基礎再來選這門課，負擔相對比較小，畢竟東西很雜\n\nΨ 總結\n\n會來修這門課的大學部學生滿少的，考試簽到時看起來只有個位數\n\n而且自己是工程相關科系，在沒有先備知識的情況下修起來真的很high\n\n基本上我覺得只要沒來上課就很容易miss掉該堂課的重點\n\n因為投影片很多時候都只有從paper擷取的圖片，很難短時間看懂\n\n而且因為是三小時的課所以每次的內容通常都滿雜的，需要自己整理一下脈絡\n\n雖然期中期末前讀得很痛苦，但是的確可以學到滿多細生相關的知識\n\n對於做研究或是讀paper應該都會有滿大的幫助\n\n如果沒有相關背景的人可能在選課之前要好好考慮一下自己願意付出多少\n\n不然學期末可能會很怨恨期初的自己 (苦主在此)\n\n\n--\n\n原文網址: https://www.ptt.cc/bbs/NTUcourse/M.1561736262.A.CD1.html""}]"
生物資訊導論,曾宇鳳,醫學院暨公共衛生學院共同課程、生理學研究所、生醫電子與資訊學研究所,1,114-2,38905,md&ph5070,,,,,"[""無評價""]",[]
神經科學導論,謝松蒼,醫學院暨公共衛生學院共同課程,2,114-2,58040,md&ph5068,,,,,"[""無評價""]",[]
疾病概論：未解決的問題,黃凱文,醫學院暨公共衛生學院共同課程、臨床醫學研究所、臨床醫學研究所臨床醫學研究組、臨床醫學研究所臨床試驗組,1,114-2,57340,ClinMD5009,,,,,"[""無評價""]",[]
演化醫學,楊偉勛,醫學院暨公共衛生學院共同課程、臨床醫學研究所、臨床醫學研究所臨床醫學研究組、臨床醫學研究所臨床試驗組、基因體暨蛋白體醫學研究所,1,114-2,41134,ClinMD5011,,,,,"[""無評價""]",[]
支持性腫瘤學概論,賴裕和,醫學院暨公共衛生學院共同課程、護理學研究所,2,114-2,17287,NURSE5004,,,,,"[""無評價""]",[]
臨床研究方法(二),陳祈玲,臨床醫學研究所、臨床醫學研究所臨床醫學研究組、臨床醫學研究所臨床試驗組,3,114-2,12247,ClinMD7002,,,,,"[""無評價""]",[]
臨床試驗實務實習與見習乙,林家齊,臨床醫學研究所、臨床醫學研究所臨床試驗組,1,114-2,56397,ClinMD7063,,,,,"[""無評價""]",[]
臨床試驗計畫書二,林家齊,臨床醫學研究所、臨床醫學研究所臨床試驗組,1,114-2,10777,ClinMD7062,,,,,"[""無評價""]",[]
臨床研究方法書報討論,陳祈玲,臨床醫學研究所,2,114-2,32718,ClinMD8354,,,,,"[""無評價""]",[]
口腔藥理學毒理學專題討論二,張曉華,臨床牙醫學研究所,1,114-2,16429,CDent7203,,,,,"[""無評價""]",[]
牙科經濟工程和創新創業二,陳敏慧,臨床牙醫學研究所,1,114-2,56388,CDent7216,,,,,"[""無評價""]",[]
數位美容牙科學,姜昱至,臨床牙醫學研究所,2,114-2,27630,CDent7217,,,,,"[""無評價""]",[]
口顏肌神經生理學,陳韻之,臨床牙醫學研究所,1,114-2,12594,CDent7014,,,,,"[""無評價""]",[]
齒顎矯正診斷治療學二,陳羿貞,臨床牙醫學研究所,1,114-2,30204,CDent7029,,,,,"[""無評價""]",[]
兒童牙科學臨床實習二,張曉華,臨床牙醫學研究所,3,114-2,23692,CDent7042,,,,,"[""無評價""]",[]
兒童牙科診斷治療學二,張曉華,臨床牙醫學研究所,1,114-2,52364,CDent7044,,,,,"[""無評價""]",[]
兒童發育生長學,張曉華,臨床牙醫學研究所,1,114-2,44160,CDent7047,,,,,"[""無評價""]",[]
兒童牙科學專題討論二,張曉華,臨床牙醫學研究所,1,114-2,12302,CDent7196,,,,,"[""無評價""]",[]
齒顎矯正學專題討論二,陳羿貞,臨床牙醫學研究所,1,114-2,39697,CDent7057,,,,,"[""無評價""]",[]
口腔外科病理專討二,張玉芳,臨床牙醫學研究所,1,114-2,58767,CDent7080,,,,,"[""無評價""]",[]
口腔外科病理學實習二,張玉芳,臨床牙醫學研究所,2,114-2,46638,CDent7107,,,,,"[""無評價""]",[]
美容牙科學（二）,曾琬瑜,臨床牙醫學研究所,1,114-2,14191,CDent7186,,,,,"[""無評價""]",[]
口腔藥理學毒理學特論（二）,張曉華,臨床牙醫學研究所,1,114-2,26931,CDent7189,,,,,"[""無評價""]",[]
最新文獻專題討論一下,張博鈞,臨床牙醫學研究所,1,114-2,39261,CDent7154,,,,,"[""無評價""]",[]
臨床補綴學專題討論一下,王東美,臨床牙醫學研究所,1,114-2,56370,CDent7178,,,,,"[""無評價""]",[]
高級補綴學病例討論一下,楊宗傑,臨床牙醫學研究所,1,114-2,47349,CDent7182,,,,,"[""無評價""]",[]
口腔藥理學毒理學專題討論四,張曉華,臨床牙醫學研究所,1,114-2,23994,CDent7205,,,,,"[""無評價""]",[]
矯正治療成果討論四,姚宗珍,臨床牙醫學研究所,1,114-2,36527,CDent7019,,,,,"[""無評價""]",[]
醫院兒童牙科學二,張曉華,臨床牙醫學研究所,1,114-2,21911,CDent7037,,,,,"[""無評價""]",[]
兒童牙科學臨床實習四,張曉華,臨床牙醫學研究所,3,114-2,23394,CDent7040,,,,,"[""無評價""]",[]
兒童牙科診斷治療學四,張曉華,臨床牙醫學研究所,1,114-2,37920,CDent7046,,,,,"[""無評價""]",[]
兒童牙科學專題討論四,張曉華,臨床牙醫學研究所,1,114-2,32709,CDent7198,,,,,"[""無評價""]",[]
齒顎矯正診斷治療學四,姚宗珍,臨床牙醫學研究所,1,114-2,45862,CDent7054,,,,,"[""無評價""]",[]
齒顎矯正學專題討論四,姚宗珍,臨床牙醫學研究所,1,114-2,25681,CDent7059,,,,,"[""無評價""]",[]
口腔外科病理專討四,張玉芳,臨床牙醫學研究所,1,114-2,45745,CDent7082,,,,,"[""無評價""]",[]
口腔生醫材料文獻選讀(二),李伯訓,臨床牙醫學研究所,1,114-2,57500,CDent7193,,,,,"[""無評價""]",[]
牙髓病學臨床實習四,李苑玲,臨床牙醫學研究所,3,114-2,18319,CDent7126,,,,,"[""無評價""]",[]
牙髓病診斷與治療學四,李苑玲,臨床牙醫學研究所,1,114-2,55998,CDent7130,,,,,"[""無評價""]",[]
牙髓病學專題討論四,李苑玲,臨床牙醫學研究所,1,114-2,30921,CDent7134,,,,,"[""無評價""]",[]
最新文獻專題討論二下,張博鈞,臨床牙醫學研究所,1,114-2,15966,CDent7157,,,,,"[""無評價""]",[]
口腔藥理學毒理學特論（四）,張曉華,臨床牙醫學研究所,1,114-2,18905,CDent7211,,,,,"[""無評價""]",[]
臨床補綴學專題討論二下,王東美,臨床牙醫學研究所,1,114-2,25150,CDent7209,,,,,"[""無評價""]",[]
高級補綴學病例討論二下,楊宗傑,臨床牙醫學研究所,1,114-2,20634,CDent7207,,,,,"[""無評價""]",[]
高級組織病理診斷學二,張玉芳,臨床牙醫學研究所,1,114-2,10232,CDent8007,,,,,"[""無評價""]",[]
口腔生物學特論二,張玉芳,臨床牙醫學研究所,2,114-2,46769,CDent8013,,,,,"[""無評價""]",[]
書報討論,顧記華,藥學研究所、藥學系博士班藥物科技組,1,114-2,59599,PHARM7002,,,,,"[""無評價""]",[]
書報討論,孔繁璐,藥學研究所、藥學系博士班藥物科技組、藥學系博士班分子醫藥組,1,114-2,51929,PHARM7002,,,,,"[""無評價""]",[]
書報討論,忻凌偉,藥學研究所,1,114-2,35447,PHARM7002,,,,,"[""無評價""]",[]
書報討論,梁碧惠,藥學系、藥學研究所、藥學系博士班藥物科技組、藥學系博士班分子醫藥組,1,114-2,24345,PHARM8002,,,,,"[""無評價""]",[]
書報討論,余兆武,藥學系、藥學研究所、藥學系博士班藥物科技組,1,114-2,42461,PHARM8002,,,,,"[""無評價""]",[]
分子藥物化學,忻凌偉,藥學研究所,2,114-2,52684,PHARM5093,,,,,"[""無評價""]",[]
書報討論,郭錦樺,藥學研究所、藥學系博士班藥物科技組,1,114-2,42744,PHARM8002,,,,,"[""無評價""]",[]
書報討論,張嘉銓,藥學研究所、藥學系博士班藥物科技組、藥學系博士班分子醫藥組,1,114-2,15441,PHARM8002,,,,,"[""無評價""]",[]
書報討論,林文貞,藥學研究所、藥學系博士班藥物科技組,1,114-2,28656,PHARM8002,,,,,"[""無評價""]",[]
書報討論,林君榮,藥學研究所、藥學系博士班藥物科技組,1,114-2,45484,PHARM7002,,,,,"[""無評價""]",[]
書報討論,沈麗娟,藥學研究所、藥學系博士班藥物科技組、臨床藥學研究所,1,114-2,28524,CliPhm8004,,,,,"[""無評價""]",[]
書報討論,張琳巧,藥學研究所,1,114-2,38862,PHARM7002,,,,,"[""無評價""]",[]
書報討論,徐莞曾,藥學研究所、藥學系博士班藥物科技組,1,114-2,57097,PHARM8002,,,,,"[""無評價""]",[]
書報討論,何蘊芳,藥學研究所、藥學系博士班藥物科技組,1,114-2,19760,PHARM7002,,,,,"[""無評價""]",[]
書報討論,楊家榮,藥學研究所、藥學系博士班分子醫藥組,1,114-2,25141,PHARM8002,,,,,"[""無評價""]",[]
量性資料分析與判讀,羅美芳,護理學研究所,1,114-2,42241,NURSE7036,,,,,"[""無評價""]",[]
診斷與處置(I),陳佳慧,護理學研究所,2,114-2,58253,NURSE7038,,,,,"[""無評價""]",[]
臨床研究護理學(I),張榮珍,護理學研究所,2,114-2,10286,NURSE7045,,,,,"[""無評價""]",[]
臨床研究護理實習(I),張榮珍,護理學研究所,3,114-2,28473,NURSE7047,,,,,"[""無評價""]",[]
專題研究,高碧霞,護理學研究所,3,114-2,13664,NURSE8009,,,,,"[""無評價""]",[]
專題研究,賴裕和,護理學研究所,3,114-2,14359,NURSE8009,,,,,"[""無評價""]",[]
專題研究,胡文郁,護理學研究所,3,114-2,41686,NURSE8009,,,,,"[""無評價""]",[]
專題研究,蕭妃秀,護理學研究所,3,114-2,18990,NURSE8009,,,,,"[""無評價""]",[]
專題研究,陳佳慧,護理學研究所,3,114-2,36676,NURSE8009,,,,,"[""無評價""]",[]
專題研究,張秀如,護理學研究所,3,114-2,13772,NURSE8009,,,,,"[""無評價""]",[]
專題研究,羅美芳,護理學研究所,3,114-2,42982,NURSE8009,,,,,"[""無評價""]",[]
專題研究,蔡劭瑜,護理學研究所,3,114-2,50284,NURSE8009,,,,,"[""無評價""]",[]
專題研究,吳佳儀,護理學研究所,3,114-2,37893,NURSE8009,,,,,"[""無評價""]",[]
專題研究,吳維紋,護理學研究所,3,114-2,17468,NURSE8009,,,,,"[""無評價""]",[]
神經物理治療學專題研究一,湯佩芳,物理治療學研究所,1,114-2,20297,PT8019,,,,,"[""無評價""]",[]
神經物理治療學專題研究一,李亞芸,物理治療學研究所,1,114-2,54522,PT8019,,,,,"[""無評價""]",[]
神經物理治療學專題研究一,劉宴齊,物理治療學研究所,1,114-2,31772,PT8019,,,,,"[""無評價""]",[]
神經物理治療學專題研究二,湯佩芳,物理治療學研究所,1,114-2,58408,PT8020,,,,,"[""無評價""]",[]
神經物理治療學專題研究二,李亞芸,物理治療學研究所,1,114-2,17783,PT8020,,,,,"[""無評價""]",[]
神經物理治療學專題研究二,劉宴齊,物理治療學研究所,1,114-2,56012,PT8020,,,,,"[""無評價""]",[]
神經物理治療學專題研究三,湯佩芳,物理治療學研究所,1,114-2,46747,PT8021,,,,,"[""無評價""]",[]
神經物理治療學專題研究三,李亞芸,物理治療學研究所,1,114-2,42898,PT8021,,,,,"[""無評價""]",[]
神經物理治療學專題研究三,劉宴齊,物理治療學研究所,1,114-2,56520,PT8021,,,,,"[""無評價""]",[]
神經物理治療學專題研究四,湯佩芳,物理治療學研究所,1,114-2,42268,PT8022,,,,,"[""無評價""]",[]
神經物理治療學專題研究四,李亞芸,物理治療學研究所,1,114-2,51731,PT8022,,,,,"[""無評價""]",[]
神經物理治療學專題研究四,劉宴齊,物理治療學研究所,1,114-2,39768,PT8022,,,,,"[""無評價""]",[]
神經物理治療學專題研究五,湯佩芳,物理治療學研究所,1,114-2,51941,PT8023,,,,,"[""無評價""]",[]
神經物理治療學專題研究五,李亞芸,物理治療學研究所,1,114-2,51206,PT8023,,,,,"[""無評價""]",[]
神經物理治療學專題研究五,劉宴齊,物理治療學研究所,1,114-2,14588,PT8023,,,,,"[""無評價""]",[]
骨科物理治療學專題研究一,王淑芬,物理治療學研究所,1,114-2,29799,PT8025,,,,,"[""無評價""]",[]
骨科物理治療學專題研究一,林居正,物理治療學研究所,1,114-2,34011,PT8025,,,,,"[""無評價""]",[]
骨科物理治療學專題研究一,王興國,物理治療學研究所,1,114-2,14804,PT8025,,,,,"[""無評價""]",[]
骨科物理治療學專題研究一,徐瑋勵,物理治療學研究所,1,114-2,33037,PT8025,,,,,"[""無評價""]",[]
骨科物理治療學專題研究二,王淑芬,物理治療學研究所,1,114-2,52342,PT8026,,,,,"[""無評價""]",[]
骨科物理治療學專題研究二,林居正,物理治療學研究所,1,114-2,58120,PT8026,,,,,"[""無評價""]",[]
骨科物理治療學專題研究二,王興國,物理治療學研究所,1,114-2,54738,PT8026,,,,,"[""無評價""]",[]
骨科物理治療學專題研究二,徐瑋勵,物理治療學研究所,1,114-2,32951,PT8026,,,,,"[""無評價""]",[]
骨科物理治療學專題研究三,王淑芬,物理治療學研究所,1,114-2,42688,PT8027,,,,,"[""無評價""]",[]
骨科物理治療學專題研究三,林居正,物理治療學研究所,1,114-2,12173,PT8027,,,,,"[""無評價""]",[]
骨科物理治療學專題研究三,王興國,物理治療學研究所,1,114-2,29688,PT8027,,,,,"[""無評價""]",[]
骨科物理治療學專題研究三,徐瑋勵,物理治療學研究所,1,114-2,21840,PT8027,,,,,"[""無評價""]",[]
骨科物理治療學專題研究四,王淑芬,物理治療學研究所,1,114-2,31962,PT8028,,,,,"[""無評價""]",[]
骨科物理治療學專題研究四,林居正,物理治療學研究所,1,114-2,58213,PT8028,,,,,"[""無評價""]",[]
骨科物理治療學專題研究四,王興國,物理治療學研究所,1,114-2,11194,PT8028,,,,,"[""無評價""]",[]
骨科物理治療學專題研究四,徐瑋勵,物理治療學研究所,1,114-2,15440,PT8028,,,,,"[""無評價""]",[]
骨科物理治療學專題研究五,王淑芬,物理治療學研究所,1,114-2,40512,PT8029,,,,,"[""無評價""]",[]
骨科物理治療學專題研究五,林居正,物理治療學研究所,1,114-2,26792,PT8029,,,,,"[""無評價""]",[]
骨科物理治療學專題研究五,王興國,物理治療學研究所,1,114-2,50822,PT8029,,,,,"[""無評價""]",[]
骨科物理治療學專題研究五,徐瑋勵,物理治療學研究所,1,114-2,18985,PT8029,,,,,"[""無評價""]",[]
心肺物理治療學專題研究一,王儷穎,物理治療學研究所,1,114-2,12816,PT8031,,,,,"[""無評價""]",[]
心肺物理治療學專題研究二,王儷穎,物理治療學研究所,1,114-2,24966,PT8032,,,,,"[""無評價""]",[]
心肺物理治療學專題研究三,王儷穎,物理治療學研究所,1,114-2,57920,PT8033,,,,,"[""無評價""]",[]
心肺物理治療學專題研究四,王儷穎,物理治療學研究所,1,114-2,34145,PT8034,,,,,"[""無評價""]",[]
心肺物理治療學專題研究五,王儷穎,物理治療學研究所,1,114-2,10869,PT8035,,,,,"[""無評價""]",[]
高危險嬰幼兒之發展照護,鄭素芳,物治系六年制、物理治療學研究所,3,114-2,35507,PT8061,,,,,"[""無評價""]",[]
高等神經系統物理治療學,湯佩芳,物理治療學研究所,2,114-2,40199,PT7084,,,,,"[""無評價""]",[]
骨科物治臨床實習研究一,王淑芬,物理治療學研究所,2,114-2,25415,PT7001,,,,,"[""無評價""]",[]
骨科物治臨床實習研究一,林居正,物理治療學研究所,2,114-2,12352,PT7001,,,,,"[""無評價""]",[]
骨科物治臨床實習研究一,王興國,物理治療學研究所,2,114-2,27976,PT7001,,,,,"[""無評價""]",[]
骨科物治臨床實習研究一,徐瑋勵,物理治療學研究所,2,114-2,54459,PT7001,,,,,"[""無評價""]",[]
神經物治臨床實習研究一,湯佩芳,物理治療學研究所,2,114-2,53950,PT7002,,,,,"[""無評價""]",[]
神經物治臨床實習研究一,李亞芸,物理治療學研究所,2,114-2,16795,PT7002,,,,,"[""無評價""]",[]
神經物治臨床實習研究一,劉宴齊,物理治療學研究所,2,114-2,13087,PT7002,,,,,"[""無評價""]",[]
小兒物治臨床實習研究一,鄭素芳,物理治療學研究所,2,114-2,51148,PT7003,,,,,"[""無評價""]",[]
小兒物治臨床實習研究一,吳晏慈,物理治療學研究所,2,114-2,36026,PT7003,,,,,"[""無評價""]",[]
小兒物治臨床實習研究一,郭曉意,物理治療學研究所,2,114-2,36711,PT7003,,,,,"[""無評價""]",[]
心肺物治臨床實習研究一,王儷穎,物理治療學研究所,2,114-2,58373,PT7004,,,,,"[""無評價""]",[]
骨科物治臨床實習研究二,王淑芬,物理治療學研究所,2,114-2,57181,PT7005,,,,,"[""無評價""]",[]
骨科物治臨床實習研究二,林居正,物理治療學研究所,2,114-2,18022,PT7005,,,,,"[""無評價""]",[]
骨科物治臨床實習研究二,王興國,物理治療學研究所,2,114-2,45753,PT7005,,,,,"[""無評價""]",[]
骨科物治臨床實習研究二,徐瑋勵,物理治療學研究所,2,114-2,33792,PT7005,,,,,"[""無評價""]",[]
神經物治臨床實習研究二,湯佩芳,物理治療學研究所,2,114-2,56521,PT7006,,,,,"[""無評價""]",[]
神經物治臨床實習研究二,李亞芸,物理治療學研究所,2,114-2,39530,PT7006,,,,,"[""無評價""]",[]
神經物治臨床實習研究二,劉宴齊,物理治療學研究所,2,114-2,40074,PT7006,,,,,"[""無評價""]",[]
小兒物治臨床實習研究二,鄭素芳,物理治療學研究所,2,114-2,59832,PT7007,,,,,"[""無評價""]",[]
小兒物治臨床實習研究二,吳晏慈,物理治療學研究所,2,114-2,38489,PT7007,,,,,"[""無評價""]",[]
小兒物治臨床實習研究二,郭曉意,物理治療學研究所,2,114-2,28106,PT7007,,,,,"[""無評價""]",[]
心肺物治臨床實習研究二,王儷穎,物理治療學研究所,2,114-2,48534,PT7008,,,,,"[""無評價""]",[]
高等物理治療評估學,李亞芸,物理治療學研究所,2,114-2,57451,PT7027,,,,,"[""無評價""]",[]
物理治療研究方法學,王儷穎,物理治療學研究所,2,114-2,54989,PT7028,,,,,"[""無評價""]",[]
高等物理治療評估學實習,李亞芸,物理治療學研究所,1,114-2,38806,PT7035,,,,,"[""無評價""]",[]
心肺物治臨床專題研究一,王儷穎,物理治療學研究所,1,114-2,40644,PT7112,,,,,"[""無評價""]",[]
心肺物治臨床專題研究二,王儷穎,物理治療學研究所,1,114-2,34974,PT7113,,,,,"[""無評價""]",[]
神經物治臨床專題研究一,湯佩芳,物理治療學研究所,1,114-2,20537,PT7104,,,,,"[""無評價""]",[]
神經物治臨床專題研究一,李亞芸,物理治療學研究所,1,114-2,13248,PT7104,,,,,"[""無評價""]",[]
神經物治臨床專題研究一,劉宴齊,物理治療學研究所,1,114-2,36308,PT7104,,,,,"[""無評價""]",[]
神經物治臨床專題研究二,湯佩芳,物理治療學研究所,1,114-2,38654,PT7105,,,,,"[""無評價""]",[]
神經物治臨床專題研究二,李亞芸,物理治療學研究所,1,114-2,44570,PT7105,,,,,"[""無評價""]",[]
神經物治臨床專題研究二,劉宴齊,物理治療學研究所,1,114-2,13911,PT7105,,,,,"[""無評價""]",[]
骨科物治臨床專題研究一,王淑芬,物理治療學研究所,1,114-2,51191,PT7100,,,,,"[""無評價""]",[]
骨科物治臨床專題研究一,林居正,物理治療學研究所,1,114-2,49613,PT7100,,,,,"[""無評價""]",[]
骨科物治臨床專題研究一,王興國,物理治療學研究所,1,114-2,33551,PT7100,,,,,"[""無評價""]",[]
骨科物治臨床專題研究一,徐瑋勵,物理治療學研究所,1,114-2,33767,PT7100,,,,,"[""無評價""]",[]
骨科物治臨床專題研究二,王淑芬,物理治療學研究所,1,114-2,30134,PT7101,,,,,"[""無評價""]",[]
骨科物治臨床專題研究二,林居正,物理治療學研究所,1,114-2,19162,PT7101,,,,,"[""無評價""]",[]
骨科物治臨床專題研究二,王興國,物理治療學研究所,1,114-2,12744,PT7101,,,,,"[""無評價""]",[]
骨科物治臨床專題研究二,徐瑋勵,物理治療學研究所,1,114-2,43589,PT7101,,,,,"[""無評價""]",[]
區域解剖學,王淑芬,物治系六年制、物理治療學研究所,2,114-2,10922,PT7074,,,,,"[""無評價""]",[]
職能治療科學寫作,謝清麟,職能治療學研究所,2,114-2,40622,OT8009,,,,,"[""無評價""]",[]
獨立研究二,林克忠,職能治療學研究所,1,114-2,48533,OT7023,,,,,"[""無評價""]",[]
獨立研究二,謝清麟,職能治療學研究所,1,114-2,31389,OT7023,,,,,"[""無評價""]",[]
獨立研究二,潘璦琬,職能治療學研究所,1,114-2,17273,OT7023,,,,,"[""無評價""]",[]
獨立研究二,毛慧芬,職能治療學研究所,1,114-2,59589,OT7023,,,,,"[""無評價""]",[]
獨立研究二,蔡麗婷,職能治療學研究所,1,114-2,10466,OT7023,,,,,"[""無評價""]",[]
獨立研究二,陳顥齡,職能治療學研究所,1,114-2,44703,OT7023,,,,,"[""無評價""]",[]
獨立研究二,黃小玲,職能治療學研究所,1,114-2,31971,OT7023,,,,,"[""無評價""]",[]
獨立研究二,王湉妮,職能治療學研究所,1,114-2,25812,OT7023,,,,,"[""無評價""]",[]
獨立研究四,林克忠,職能治療學研究所,1,114-2,58057,OT7025,,,,,"[""無評價""]",[]
獨立研究四,謝清麟,職能治療學研究所,1,114-2,42213,OT7025,,,,,"[""無評價""]",[]
獨立研究四,潘璦琬,職能治療學研究所,1,114-2,59771,OT7025,,,,,"[""無評價""]",[]
獨立研究四,毛慧芬,職能治療學研究所,1,114-2,49668,OT7025,,,,,"[""無評價""]",[]
獨立研究四,蔡麗婷,職能治療學研究所,1,114-2,59615,OT7025,,,,,"[""無評價""]",[]
獨立研究四,陳顥齡,職能治療學研究所,1,114-2,44751,OT7025,,,,,"[""無評價""]",[]
獨立研究四,黃小玲,職能治療學研究所,1,114-2,36287,OT7025,,,,,"[""無評價""]",[]
獨立研究四,王湉妮,職能治療學研究所,1,114-2,57146,OT7025,,,,,"[""無評價""]",[]
獨立研究六,林克忠,職能治療學研究所,2,114-2,37398,OT7027,,,,,"[""無評價""]",[]
獨立研究六,謝清麟,職能治療學研究所,2,114-2,10013,OT7027,,,,,"[""無評價""]",[]
獨立研究六,潘璦琬,職能治療學研究所,2,114-2,56442,OT7027,,,,,"[""無評價""]",[]
獨立研究六,毛慧芬,職能治療學研究所,2,114-2,34270,OT7027,,,,,"[""無評價""]",[]
獨立研究六,蔡麗婷,職能治療學研究所,2,114-2,50451,OT7027,,,,,"[""無評價""]",[]
獨立研究六,陳顥齡,職能治療學研究所,2,114-2,38750,OT7027,,,,,"[""無評價""]",[]
獨立研究六,黃小玲,職能治療學研究所,2,114-2,41231,OT7027,,,,,"[""無評價""]",[]
獨立研究六,王湉妮,職能治療學研究所,2,114-2,55154,OT7027,,,,,"[""無評價""]",[]
獨立研究八,林克忠,職能治療學研究所,2,114-2,51261,OT7029,,,,,"[""無評價""]",[]
獨立研究八,謝清麟,職能治療學研究所,2,114-2,58140,OT7029,,,,,"[""無評價""]",[]
獨立研究八,潘璦琬,職能治療學研究所,2,114-2,58426,OT7029,,,,,"[""無評價""]",[]
獨立研究八,毛慧芬,職能治療學研究所,2,114-2,55608,OT7029,,,,,"[""無評價""]",[]
獨立研究八,蔡麗婷,職能治療學研究所,2,114-2,22884,OT7029,,,,,"[""無評價""]",[]
獨立研究八,陳顥齡,職能治療學研究所,2,114-2,10062,OT7029,,,,,"[""無評價""]",[]
獨立研究八,黃小玲,職能治療學研究所,2,114-2,45240,OT7029,,,,,"[""無評價""]",[]
獨立研究八,王湉妮,職能治療學研究所,2,114-2,32376,OT7029,,,,,"[""無評價""]",[]
專題研究,呂東武,職能治療學研究所、醫學工程學研究所、醫學工程學研究所,1,114-2,21847,DBME7002,,,,,"[""無評價""]",[]
生醫機械系統之最佳化,呂東武,職能治療學研究所、醫學工程學系、醫學工程學研究所、醫學工程學研究所,3,114-2,56714,DBME5043,,,,,"[""無評價""]",[]
教學原理與實務,林克忠,職能治療學研究所,1,114-2,45287,OT8012,,,,,"[""無評價""]",[]
教學原理與實務,謝清麟,職能治療學研究所,1,114-2,41239,OT8012,,,,,"[""無評價""]",[]
教學原理與實務,潘璦琬,職能治療學研究所,1,114-2,54631,OT8012,,,,,"[""無評價""]",[]
教學原理與實務,毛慧芬,職能治療學研究所,1,114-2,28236,OT8012,,,,,"[""無評價""]",[]
教學原理與實務,蔡麗婷,職能治療學研究所,1,114-2,41287,OT8012,,,,,"[""無評價""]",[]
教學原理與實務,陳顥齡,職能治療學研究所,1,114-2,46172,OT8012,,,,,"[""無評價""]",[]
教學原理與實務,黃小玲,職能治療學研究所,1,114-2,45790,OT8012,,,,,"[""無評價""]",[]
教學原理與實務,王湉妮,職能治療學研究所,1,114-2,23346,OT8012,,,,,"[""無評價""]",[]
進階獨立研究二,林克忠,職能治療學研究所,1,114-2,44720,OT8003,,,,,"[""無評價""]",[]
進階獨立研究二,謝清麟,職能治療學研究所,1,114-2,58800,OT8003,,,,,"[""無評價""]",[]
進階獨立研究二,潘璦琬,職能治療學研究所,1,114-2,50102,OT8003,,,,,"[""無評價""]",[]
進階獨立研究二,毛慧芬,職能治療學研究所,1,114-2,32000,OT8003,,,,,"[""無評價""]",[]
進階獨立研究二,蔡麗婷,職能治療學研究所,1,114-2,27892,OT8003,,,,,"[""無評價""]",[]
進階獨立研究二,陳顥齡,職能治療學研究所,1,114-2,17331,OT8003,,,,,"[""無評價""]",[]
進階獨立研究二,黃小玲,職能治療學研究所,1,114-2,54908,OT8003,,,,,"[""無評價""]",[]
進階獨立研究二,王湉妮,職能治療學研究所,1,114-2,56519,OT8003,,,,,"[""無評價""]",[]
進階獨立研究四,林克忠,職能治療學研究所,1,114-2,31620,OT8005,,,,,"[""無評價""]",[]
進階獨立研究四,謝清麟,職能治療學研究所,1,114-2,50732,OT8005,,,,,"[""無評價""]",[]
進階獨立研究四,潘璦琬,職能治療學研究所,1,114-2,50493,OT8005,,,,,"[""無評價""]",[]
進階獨立研究四,毛慧芬,職能治療學研究所,1,114-2,19874,OT8005,,,,,"[""無評價""]",[]
進階獨立研究四,蔡麗婷,職能治療學研究所,1,114-2,24503,OT8005,,,,,"[""無評價""]",[]
進階獨立研究四,陳顥齡,職能治療學研究所,1,114-2,19067,OT8005,,,,,"[""無評價""]",[]
進階獨立研究四,黃小玲,職能治療學研究所,1,114-2,36146,OT8005,,,,,"[""無評價""]",[]
進階獨立研究四,王湉妮,職能治療學研究所,1,114-2,41321,OT8005,,,,,"[""無評價""]",[]
進階獨立研究六,林克忠,職能治療學研究所,2,114-2,36221,OT8007,,,,,"[""無評價""]",[]
進階獨立研究六,謝清麟,職能治療學研究所,2,114-2,10123,OT8007,,,,,"[""無評價""]",[]
進階獨立研究六,潘璦琬,職能治療學研究所,2,114-2,58582,OT8007,,,,,"[""無評價""]",[]
進階獨立研究六,毛慧芬,職能治療學研究所,2,114-2,48265,OT8007,,,,,"[""無評價""]",[]
進階獨立研究六,蔡麗婷,職能治療學研究所,2,114-2,44878,OT8007,,,,,"[""無評價""]",[]
進階獨立研究六,陳顥齡,職能治療學研究所,2,114-2,45034,OT8007,,,,,"[""無評價""]",[]
進階獨立研究六,黃小玲,職能治療學研究所,2,114-2,15074,OT8007,,,,,"[""無評價""]",[]
進階獨立研究六,王湉妮,職能治療學研究所,2,114-2,17107,OT8007,,,,,"[""無評價""]",[]
進階獨立研究八,林克忠,職能治療學研究所,2,114-2,54066,OT8008,,,,,"[""無評價""]",[]
進階獨立研究八,謝清麟,職能治療學研究所,2,114-2,38852,OT8008,,,,,"[""無評價""]",[]
進階獨立研究八,潘璦琬,職能治療學研究所,2,114-2,36386,OT8008,,,,,"[""無評價""]",[]
進階獨立研究八,毛慧芬,職能治療學研究所,2,114-2,33303,OT8008,,,,,"[""無評價""]",[]
進階獨立研究八,蔡麗婷,職能治療學研究所,2,114-2,28787,OT8008,,,,,"[""無評價""]",[]
進階獨立研究八,陳顥齡,職能治療學研究所,2,114-2,23686,OT8008,,,,,"[""無評價""]",[]
進階獨立研究八,黃小玲,職能治療學研究所,2,114-2,30084,OT8008,,,,,"[""無評價""]",[]
進階獨立研究八,王湉妮,職能治療學研究所,2,114-2,53052,OT8008,,,,,"[""無評價""]",[]
專題討論,賴亮全,生理學研究所,2,114-2,11966,Physio8043,,,,,"[""無評價""]",[]
基因體研究論著選讀,賴亮全,生理學研究所,2,114-2,58908,Physio7017,,,,,"[""無評價""]",[]
內皮細胞功能失調與炎症,李宗玄,生理學研究所,3,114-2,42521,Physio5004,,,,,"[""無評價""]",[]
蛋白質結構專題討論,詹迺立,生物化學暨分子生物學研究所,1,114-2,44863,BioMol5004,,,,,"[""無評價""]",[]
蛋白與癌症專題討論(二),李明學,生物化學暨分子生物學研究所,1,114-2,15133,BioMol5008,,,,,"[""無評價""]",[]
免疫與感染症專題討論,顏伯勳,生物化學暨分子生物學研究所,1,114-2,37010,BioMol5030,,,,,"[""無評價""]",[]
上皮系統生物學專題討論,余明俊,生物化學暨分子生物學研究所,1,114-2,17125,BioMol5033,,,,,"[""無評價""]",[]
染色體穩定專題討論,林敬哲,生物化學暨分子生物學研究所,1,114-2,51685,BioMol5036,,,,,"[""無評價""]",[]
蛋白質動力學專題討論 II,曾秀如,生物化學暨分子生物學研究所,1,114-2,35016,BioMol5041,,,,,"[""無評價""]",[]
分子神經發育專題討論,歐展言,生物化學暨分子生物學研究所,1,114-2,44148,BioMol5043,,,,,"[""無評價""]",[]
先天性免疫學特論,劉旻禕,生物化學暨分子生物學研究所,1,114-2,31528,BioMol5044,,,,,"[""無評價""]",[]
囊泡運輸專題討論,陳炳宏,生物化學暨分子生物學研究所,1,114-2,59305,BioMol5045,,,,,"[""無評價""]",[]
DNA在藥物、疾病與健康之代謝過程,李財坤,微生物學研究所、微生物及免疫學組、國際三校農業生技與健康醫療碩士學位學程,1,114-2,19030,Microb7062,,,,,"[""無評價""]",[]
流行性感冒病毒免疫學下,楊宏志,微生物學研究所、微生物及免疫學組,1,114-2,11745,Microb7039,,,,,"[""無評價""]",[]
感染性病原菌與疾病下,張書蓉,微生物及免疫學組,1,114-2,49769,Microb7073,,,,,"[""無評價""]",[]
鏈球菌致病機轉下,張永祺,微生物及免疫學組,1,114-2,41443,Microb7043,,,,,"[""無評價""]",[]
核糖核酸與疾病下,曾紀綱,微生物及免疫學組,1,114-2,44528,Microb7069,,,,,"[""無評價""]",[]
微生物與醫學蛋白質體下,林妙霞,微生物及免疫學組,1,114-2,14603,Microb7071,,,,,"[""無評價""]",[]
EB病毒學下,陳美如,微生物及免疫學組,1,114-2,16602,Microb7035,,,,,"[""無評價""]",[]
細菌的分子致病機轉下,王錦堂,微生物及免疫學組,1,114-2,11498,Microb7027,,,,,"[""無評價""]",[]
昆蟲生理與分子生物學下,蕭信宏,微生物學研究所熱帶醫學暨寄生蟲學組,3,114-2,22216,Microb7066,,,,,"[""無評價""]",[]
寄生蟲感染之研究,孫錦虹,微生物學研究所熱帶醫學暨寄生蟲學組,3,114-2,56685,Microb7052,,,,,"[""無評價""]",[]
原蟲感染學下,許弘明,微生物學研究所熱帶醫學暨寄生蟲學組,2,114-2,20721,Microb7059,,,,,"[""無評價""]",[]
細胞生物學專題討論,陳玉怜,解剖學暨細胞生物學研究所,2,114-2,34700,Anat7004,,,,,"[""無評價""]",[]
細胞生物學研究法,林能裕,解剖學暨細胞生物學研究所,2,114-2,38850,Anat7016,,,,,"[""無評價""]",[]
細胞遺傳學實習,簡穎秀,分子醫學研究所,1,114-2,22608,MolMed7513,,,,,"[""無評價""]",[]
臨床遺傳門診實習,簡穎秀,分子醫學研究所,2,114-2,39221,MolMed7515,,,,,"[""無評價""]",[]
書報討論,劉雅雯,分子醫學研究所,2,114-2,37734,MolMed7016,,,,,"[""無評價""]",[]
書報討論,蔡欣祐,分子醫學研究所,2,114-2,10306,MolMed8006,,,,,"[""無評價""]",[]
分子醫學專題研究,張智芬,分子醫學研究所,1,114-2,47065,MolMed7017,,,,,"[""無評價""]",[]
高等分子生物學特論,潘俊良,分子醫學研究所、基因體暨蛋白體醫學研究所,2,114-2,16493,MolMed8004,,,,,"[""無評價""]",[]
書報討論,徐立中,分子醫學研究所,2,114-2,33897,MolMed8006,,,,,"[""無評價""]",[]
細胞激素訊息傳遞專討下,李建國,免疫學研究所,2,114-2,19709,Immuno7009,,,,,"[""無評價""]",[]
感染症免疫致病機制專題討論下,林志萱,免疫學研究所,2,114-2,24153,Immuno7019,,,,,"[""無評價""]",[]
疹病毒免疫專討下,顧家綺,免疫學研究所,2,114-2,16511,Immuno7026,,,,,"[""無評價""]",[]
核酸修復與口腔疾病,周涵怡,口腔生物科學研究所,3,114-2,26769,OraBio7270,,,,,"[""無評價""]",[]
離子通道與疾病,樓國隆,口腔生物科學研究所,2,114-2,34260,OraBio7331,,,,,"[""無評價""]",[]
鉀離子通道特論,樓國隆,口腔生物科學研究所,2,114-2,36240,OraBio7332,,,,,"[""無評價""]",[]
細胞自噬及口腔疾病,侯欣翰,口腔生物科學研究所,2,114-2,36946,OraBio7401,,,,,"[""無評價""]",[]
細胞凋亡及口腔疾病,侯欣翰,口腔生物科學研究所,3,114-2,55033,OraBio7402,,,,,"[""無評價""]",[]
口腔幹細胞學導論,周涵怡,口腔生物科學研究所,2,114-2,20758,OraBio7480,,,,,"[""無評價""]",[]
蛋白結晶繞射學概論,樓國隆,口腔生物科學研究所,2,114-2,27731,OraBio7660,,,,,"[""無評價""]",[]
細胞代謝與修復機轉,周涵怡,口腔生物科學研究所,2,114-2,58339,OraBio8400,,,,,"[""無評價""]",[]
專題討論,林淑文,臨床藥學研究所,1,114-2,40749,CliPhm8003,,,,,"[""無評價""]",[]
研究書報專論,蕭斐元,臨床藥學研究所,1,114-2,19796,CliPhm7025,,,,,"[""無評價""]",[]
研究書報專論,林淑文,臨床藥學研究所,1,114-2,35971,CliPhm7025,,,,,"[""無評價""]",[]
研究書報專論,林芳如,臨床藥學研究所,1,114-2,55049,CliPhm7025,,,,,"[""無評價""]",[]
研究書報專論,王繼娟,臨床藥學研究所,1,114-2,54955,CliPhm7025,,,,,"[""無評價""]",[]
研究書報專論,徐莞曾,臨床藥學研究所,1,114-2,58317,CliPhm7025,,,,,"[""無評價""]",[]
藥物研發之法規科學,何蘊芳,臨床藥學研究所,1,114-2,41157,CliPhm5014,,,,,"[""無評價""]",[]
研究書報專論,沈麗娟,臨床藥學研究所,1,114-2,14540,CliPhm7025,,,,,"[""無評價""]",[]
法醫分子生物學及實習,李俊億,法醫學研究所,2,114-2,55880,ForMed7011,,,,,"[""無評價""]",[]
法醫學專題討論二,陳冠元,法醫學研究所,1,114-2,13599,ForMed7014,,,,,"[""無評價""]",[]
臨床實習下,翁德怡,法醫學研究所,20,114-2,42290,ForMed7024,,,,,"[""無評價""]",[]
法醫學實務實習課程,翁德怡,法醫學研究所,16,114-2,32077,ForMed7032,,,,,"[""無評價""]",[]
生物資訊學,曾宇鳳,腫瘤醫學研究所、基因體暨蛋白體醫學研究所、資訊工程學系、資訊工程學研究所、生醫電子與資訊學研究所、智慧醫療與健康資訊碩士學位學程,3,114-2,53152,CSIE5036,,,,,"[""無評價""]",[]
近代腫瘤生物學特論Ⅱ,歐大諒,腫瘤醫學研究所、精準健康碩士學位學程、精準健康博士學位學程,2,114-2,40496,Onco8014,,,,,"[""無評價""]",[]
腦與心智專題討論,黃憲松,腦與心智科學研究所,1,114-2,52695,GIBMS7001,,,,,"[""無評價""]",[]
老化分子神經生物學,王培育,腦與心智科學研究所,2,114-2,35195,GIBMS7110,,,,,"[""無評價""]",[]
神經表觀遺傳學,黃憲松,腦與心智科學研究所,2,114-2,14390,GIBMS7111,,,,,"[""無評價""]",[]
體感覺神經科學,曾明宗,腦與心智科學研究所,2,114-2,59474,GIBMS7010,,,,,"[""無評價""]",[]
專題研究下,黃憲松,腦與心智科學研究所,2,114-2,22137,GIBMS7113,,,,,"[""無評價""]",[]
認知科學書報討論,吳恩賜,腦與心智科學研究所,2,114-2,42094,GIBMS7114,,,,,"[""無評價""]",[]
神經網路,吳恩賜,腦與心智科學研究所,3,114-2,13315,GIBMS7015,,,,,"[""無評價""]",[]
神經迴路與行為-進階篇,姚皓傑,腦與心智科學研究所,2,114-2,14161,GIBMS7017,,,,,"[""無評價""]",[]
神經迴路研究：新進展與新觀點下,姚皓傑,腦與心智科學研究所,1,114-2,55375,GIBMS7019,,,,,"[""無評價""]",[]
再生醫學之原理與應用,黃祥博,基因體暨蛋白體醫學研究所、醫學工程學系、醫學工程學研究所,2,114-2,42695,Genom8013,4.0,5.0,1.0,2.0,"[""[User64874 | 110-1]: 有出席跟交期末報告就會A+了""]","[{""User_ID"": ""User64874"", ""Semester"": ""110-1"", ""Rating_Quality"": null, ""Rating_Sweet"": null, ""Rating_Easy"": null, ""Rating_Rich"": null, ""Comment"": ""有出席跟交期末報告就會A+了""}]"
碩士班書報討論II,張以承,基因體暨蛋白體醫學研究所,1,114-2,29022,Genom7003,,,,,"[""無評價""]",[]
碩士班書報討論IV,陳佑宗,基因體暨蛋白體醫學研究所,1,114-2,26061,Genom7005,,,,,"[""無評價""]",[]
碩士班專題研究實習II,黃祥博,基因體暨蛋白體醫學研究所,1,114-2,27683,Genom7007,,,,,"[""無評價""]",[]
高通量技術概論與數據分析,張以承,生物化學暨分子生物學研究所、基因體暨蛋白體醫學研究所,2,114-2,14598,Genom7008,,,,,"[""無評價""]",[]
次世代定序、生物資訊學與基因體醫學,陳沛隆,生物化學暨分子生物學研究所、基因體暨蛋白體醫學研究所、基因體與系統生物學學位學程,3,114-2,38162,Genom7009,,,,,"[""無評價""]",[]
蛋白質藥物書報討論,潘思樺,基因體暨蛋白體醫學研究所,1,114-2,14080,Genom7010,,,,,"[""無評價""]",[]
基因體編輯書報討論,陳佑宗,基因體暨蛋白體醫學研究所,1,114-2,23596,Genom7012,,,,,"[""無評價""]",[]
蛋白質體學入門,潘思樺,生物化學暨分子生物學研究所、基因體暨蛋白體醫學研究所、基因體與系統生物學學位學程,2,114-2,14405,Genom7014,,,,,"[""無評價""]",[]
系統生物學專題討論,阮雪芬,基因體暨蛋白體醫學研究所、生物科技研究所、生醫電子與資訊學研究所、分子與細胞生物學研究所,2,114-2,19297,MCB7010,,,,,"[""無評價""]",[]
生物分子交互作用之網絡,陳示國,基因體暨蛋白體醫學研究所、國際三校農業生技與健康醫療碩士學位學程、生物科技與食品營養學士學位學程、生物科技研究所、生命科學院、生命科學系,2,114-2,11096,Prog5171,,,,,"[""無評價""]",[]
基因體與蛋白體醫學書報討論Ⅱ,陳沛隆,基因體暨蛋白體醫學研究所,1,114-2,23422,Genom8002,,,,,"[""無評價""]",[]
基因體與蛋白體專題研究實習II,許書睿,基因體暨蛋白體醫學研究所,2,114-2,10073,Genom8015,,,,,"[""無評價""]",[]
基因體與蛋白體醫學專題討論,許書睿,基因體暨蛋白體醫學研究所,2,114-2,52910,Genom8005,,,,,"[""無評價""]",[]
基因體與蛋白體醫學書報討論Ⅳ,陳沛隆,基因體暨蛋白體醫學研究所,1,114-2,39015,Genom8006,,,,,"[""無評價""]",[]
實驗室實習二,陳瑞華,轉譯醫學博士學位學程,1,114-2,15194,PTMP8024,,,,,"[""無評價""]",[]
課程設計與教學評量,陳慧玲,醫學教育暨生醫倫理研究所,2,114-2,37485,MEBE7006,,,,,"[""無評價""]",[]
臨床倫理,蔡甫昌,醫學教育暨生醫倫理研究所,2,114-2,50809,MEBE7008,,,,,"[""無評價""]",[]
心智科學與法律專題研究一,吳建昌,醫學教育暨生醫倫理研究所、法律研究所、科際整合法律學研究所,2,114-2,44322,LawILS7006,,,,,"[""無評價""]",[]
醫療感測器材專題研究(II),林世明,醫療器材與醫學影像研究所,1,114-2,15852,MDI8017,,,,,"[""無評價""]",[]
先進生醫顯微影像術專題研究(II),駱遠,醫療器材與醫學影像研究所,1,114-2,21625,MDI8020,,,,,"[""無評價""]",[]
光學內視鏡系統專題研究(II),駱遠,醫療器材與醫學影像研究所,1,114-2,55785,MDI7026,,,,,"[""無評價""]",[]
醫學影像重建與分析,黃宣銘,醫療器材與醫學影像研究所、精準健康碩士學位學程、精準健康博士學位學程,2,114-2,12296,MDI7037,,,,,"[""無評價""]",[]
醫學影像處理專題研究 (II),黃宣銘,醫療器材與醫學影像研究所,2,114-2,42497,MDI7039,,,,,"[""無評價""]",[]
醫學影像重建與分析專題研究 (II),黃宣銘,醫療器材與醫學影像研究所,1,114-2,43171,MDI8024,,,,,"[""無評價""]",[]
臨床影像生物標誌專題研究 (II),吳文超,醫療器材與醫學影像研究所,1,114-2,57912,MDI8022,,,,,"[""無評價""]",[]
數位生醫訊號處理,駱遠,醫療器材與醫學影像研究所、醫學工程學系、精準健康碩士學位學程、精準健康博士學位學程,3,114-2,22521,MDI7055,,,,,"[""無評價""]",[]
生醫與農業科技之研發II,沈湯龍,國際三校農業生技與健康醫療碩士學位學程,2,114-2,29066,Gipntu7021,,,,,"[""無評價""]",[]
生化轉譯訓練營,李財坤,國際三校農業生技與健康醫療碩士學位學程,2,114-2,20719,Gipntu7022,,,,,"[""無評價""]",[]
實習課(臺灣) I,沈湯龍,國際三校農業生技與健康醫療碩士學位學程,3,114-2,32149,Gipntu7024,,,,,"[""無評價""]",[]
實習一,沈湯龍,國際三校農業生技與健康醫療碩士學位學程,3,114-2,48747,Gipntu7038,,,,,"[""無評價""]",[]
實習二,沈湯龍,國際三校農業生技與健康醫療碩士學位學程,3,114-2,35785,Gipntu7039,,,,,"[""無評價""]",[]
實習三,沈湯龍,國際三校農業生技與健康醫療碩士學位學程,3,114-2,50171,Gipntu7040,,,,,"[""無評價""]",[]
實習四,沈湯龍,國際三校農業生技與健康醫療碩士學位學程,3,114-2,10598,Gipntu7041,,,,,"[""無評價""]",[]
實習五,沈湯龍,國際三校農業生技與健康醫療碩士學位學程,3,114-2,59678,Gipntu7042,,,,,"[""無評價""]",[]
人工智慧及深度機器學習之生醫藥產業應用,李財坤,國際三校農業生技與健康醫療碩士學位學程,3,114-2,10255,Gipntu7045,,,,,"[""無評價""]",[]
乳品生物技術,陳明汝,國際三校農業生技與健康醫療碩士學位學程、動物科學技術學研究所,3,114-2,46734,AniSci7022,,,,,"[""無評價""]",[]
分子營養學:基因體、代謝與健康,羅翊禎,國際三校農業生技與健康醫療碩士學位學程、食品科技研究所,2,114-2,51702,FOOD7407,,,,,"[""無評價""]",[]
疾病負擔測量：從方法到應用,林先和,國際三校農業生技與健康醫療碩士學位學程、公共衛生學系、流行病學與預防醫學研究所、全球衛生碩士學位學程、全球衛生博士學位學程,2,114-2,15678,MGH5001,,,,,"[""無評價""]",[]
應用轉譯微生物學,沈湯龍,國際三校農業生技與健康醫療碩士學位學程、植物病理與微生物學系、生物科技與食品營養學士學位學程,3,114-2,57490,Prog5185,,,,,"[""無評價""]",[]
土木工程基本實作,汪立本,土木工程學系,2,114-2,39306,CIE1011,,,,,"[""無評價""]",[]
計算機程式,陳柏華,工學院、土木工程學系、工學院院學士學位,3,114-2,58281,CIE1008,,,,,"[""無評價""]",[]
計算機程式,汪立本,土木工程學系、工學院院學士學位,3,114-2,47327,CIE1008,,,,,"[""無評價""]",[]
計算機程式,陳俊杉,土木工程學系、工學院院學士學位,3,114-2,59648,CIE1008,,,,,"[""無評價""]",[]
應用力學2,張家銘,土木工程學系、工學院院學士學位,2,114-2,50695,CIE1014,,,,,"[""無評價""]",[]
應用力學2,黃尹男,土木工程學系、工學院院學士學位,2,114-2,44864,CIE1014,,,,,"[""無評價""]",[]
工程數學2,詹益齊,土木工程學系、工學院院學士學位,2,114-2,43593,CIE1016,,,,,"[""無評價""]",[]
工程數學2,張書瑋,土木工程學系、工學院院學士學位,2,114-2,37154,CIE1016,,,,,"[""無評價""]",[]
流體力學,劉格非,土木工程學系、工學院院學士學位,3,114-2,11452,CIE2009,,,,,"[""無評價""]",[]
工程材料學與土壤力學實驗,詹穎雯,土木工程學系,1,114-2,16916,CIE2012,,,,,"[""無評價""]",[]
工程材料學與土壤力學實驗,邱俊翔,土木工程學系,1,114-2,54074,CIE2012,,,,,"[""無評價""]",[]
工程材料學,詹穎雯,土木工程學系,2,114-2,38508,CIE2019,,,,,"[""無評價""]",[]
結構學一,周中哲,土木工程學系、工學院院學士學位,3,114-2,21417,CIE3010,,,,,"[""無評價""]",[]
土壤力學,邱俊翔,土木工程學系,3,114-2,42612,CIE3026,,,,,"[""無評價""]",[]
水利工程,施上粟,土木工程學系,2,114-2,52626,CIE3013,,,,,"[""無評價""]",[]
工程經濟,謝依芸,土木工程學系,2,114-2,23942,CIE3025,,,,,"[""無評價""]",[]
營建管理,詹瀅潔,土木工程學系,3,114-2,41695,CIE3030,,,,,"[""無評價""]",[]
鋼筋混凝土學及設計二,黃世建,土木工程學系,3,114-2,38582,CIE3006,,,,,"[""無評價""]",[]
"建築導論
A3",呂欽文,土木工程學系、建築與城鄉研究所,3,114-2,38766,CIE3021,,,,,"[""無評價""]",[]
預力混凝土,歐昱辰,土木工程學系,3,114-2,37439,CIE4003,,,,,"[""無評價""]",[]
測量及空間資訊概論,韓仁毓,土木工程學系、測量及空間資訊組,3,114-2,27975,CIE5087,,,,,"[""無評價""]",[]
旅行者行為分析,許聿廷,土木工程學系、交通工程組,3,114-2,39613,CIE5104,,,,,"[""無評價""]",[]
建築物理與永續設計,詹瀅潔,土木工程學系、營建工程與管理組、建築與城鄉研究所,3,114-2,55316,CIE5116,,,,,"[""無評價""]",[]
施工學,林培元,土木工程學系,3,114-2,58732,CIE5134,,,,,"[""無評價""]",[]
建築設計 (二),慕思勉,土木工程學系、建築與城鄉研究所,3,114-2,21495,BP5051,,,,,"[""無評價""]",[]
台灣傳統木建築概論,蔡明哲,土木工程學系、森林環境暨資源學系,3,114-2,54304,Forest3010,,,,,"[""[PTT | 106-2]: 轉載自 PTT 作者 ID: cswpeter (cswpeter)\n哪一學年度修課： 106-2\n\nψ 授課教師 (若為多人合授請寫開課教師，以方便收錄) 蔡明哲\n\nλ 開課系所與授課對象 (是否為必修或通識課 / 內容是否與某些背景相關)\n\n森林系生物材料學群選擇必修，屬臺灣自然環境領域課程\n土木系木構造學群選修課程\n\nδ 課程大概內容\n台灣傳統木建築概論課程，先介紹其來源、類型、發展、建造過程以及基礎構造\n名\n識，逐步再探討傳統木建築的屋頂、屋身、牆，並就穿斗式構造、抬樑式構造、疊斗式構\n架的營造詳細說明。另，依授課進展程度適時安排五次戶外教學，參訪五種類型之台灣傳\n統木建築。\n\nΩ 私心推薦指數(以五分計) ★★★★★\n★★★★★\nη 上課用書(影印講義或是指定教科書)\n\n老師上課投影片好像是照某書的編排，但沒有買不影響\n\nμ 上課方式(投影片、團體討論、老師教學風格)\n\n老師以投影片上課，有時候課程內容本身稍微悶\n但是，老師這人非常有趣，垃圾話超多，我常常笑到不能自己\n常常會點人回答問題，也很會記人，不管是因為科系還是外貌\n老師還常常會問你家鄉在哪，這學期有個澎湖的同學每次都被老師點\n那個澎湖來的，你覺得呢，回答看看\n答不出來也沒關係，老師會幫你接話\n\nσ 評分方式(給分甜嗎？是紮實分？)\n\n老師給分應該算甜，不過要拿很高分應該要花不少心思\n\nρ 考題型式、作業方式\n\n老師期初會問同學想要考試還是報告\n這學期有幾個選項，報告或是影片或口試\n最後我們這學期是期中做報告，期末拍影片\n\n期中報告3-4人一組找一個跟木文化有關的主題上台簡報\n期初會先交出大綱讓老師看過，老師只會對於相去甚遠的提出建議\n期中老師聽簡報會問些相關問題，不過都不會太刁鑽\n是自己認真找資料做出的報告絕對沒問題\n老師只是不想要大家隨便找網路複製貼上而已\n\n期末拍影片，同樣的組別，要找一個木建築拍成介紹示範影片\n介紹的學期老師講過木頭結構或是功能或相關歷史等等\n沒有太多限制，能夠完整呈現一個木建築就好\n木建築沒有限定，這學期有一組跑去台中拍\n大家的影片風格很多元，有靜態對白的，也有很動態的\n當然也有非常搞笑的\n\nω 其它(是否注重出席率？如果為外系選修，需先有什麼基礎較好嗎？老師個性？\n加簽習慣？嚴禁遲到等…)\n\n這門課另外還有校外教學\n有幾週的上課會到台北市的木建築半日參觀\n我這學期去的是保安宮、林安泰古厝、欽差行臺\n老師找的導覽都不同於一般導覽，根本是學者等級\n可以把木建築來龍去脈，歷史文化講的真的深入淺出\n絕對不是隨便可以體驗到的\n\n除此之外還有個兩天一夜的校外教學\n超級可惜我撞到臺灣地質探索出野外，就沒有參加木建築\n(忘了說，校外教學出席不太會影響分數)\n(但真的很精彩不去太可惜)\n\n\nΨ 總結\n\n上課頗涼是真的，但有時候課程本身有點悶，有趣的主要是戶外教學\nXDD\n老師真的是這個領域的翹楚，老師指導的大龍峒保安宮修復案\n獲得聯合國教科文組織的文化資產保存獎，是台灣多年來唯一一個\n而且老師也講很多生活相關的木文化\n有些真的頗實用\n最後一堂老師還說，以後你們買房要裝潢，或是要相關木建築顧問\n來找我，跟我說是我學生，我會給你很多建議\n老師人真的很好又有趣\n\n--\n\n原文網址: https://www.ptt.cc/bbs/NTUcourse/M.1547565824.A.80B.html""]","[{""User_ID"": ""PTT"", ""Semester"": ""106-2"", ""Rating_Quality"": null, ""Rating_Sweet"": null, ""Rating_Easy"": null, ""Rating_Rich"": null, ""Comment"": ""轉載自 PTT 作者 ID: cswpeter (cswpeter)\n哪一學年度修課： 106-2\n\nψ 授課教師 (若為多人合授請寫開課教師，以方便收錄) 蔡明哲\n\nλ 開課系所與授課對象 (是否為必修或通識課 / 內容是否與某些背景相關)\n\n森林系生物材料學群選擇必修，屬臺灣自然環境領域課程\n土木系木構造學群選修課程\n\nδ 課程大概內容\n台灣傳統木建築概論課程，先介紹其來源、類型、發展、建造過程以及基礎構造\n名\n識，逐步再探討傳統木建築的屋頂、屋身、牆，並就穿斗式構造、抬樑式構造、疊斗式構\n架的營造詳細說明。另，依授課進展程度適時安排五次戶外教學，參訪五種類型之台灣傳\n統木建築。\n\nΩ 私心推薦指數(以五分計) ★★★★★\n★★★★★\nη 上課用書(影印講義或是指定教科書)\n\n老師上課投影片好像是照某書的編排，但沒有買不影響\n\nμ 上課方式(投影片、團體討論、老師教學風格)\n\n老師以投影片上課，有時候課程內容本身稍微悶\n但是，老師這人非常有趣，垃圾話超多，我常常笑到不能自己\n常常會點人回答問題，也很會記人，不管是因為科系還是外貌\n老師還常常會問你家鄉在哪，這學期有個澎湖的同學每次都被老師點\n那個澎湖來的，你覺得呢，回答看看\n答不出來也沒關係，老師會幫你接話\n\nσ 評分方式(給分甜嗎？是紮實分？)\n\n老師給分應該算甜，不過要拿很高分應該要花不少心思\n\nρ 考題型式、作業方式\n\n老師期初會問同學想要考試還是報告\n這學期有幾個選項，報告或是影片或口試\n最後我們這學期是期中做報告，期末拍影片\n\n期中報告3-4人一組找一個跟木文化有關的主題上台簡報\n期初會先交出大綱讓老師看過，老師只會對於相去甚遠的提出建議\n期中老師聽簡報會問些相關問題，不過都不會太刁鑽\n是自己認真找資料做出的報告絕對沒問題\n老師只是不想要大家隨便找網路複製貼上而已\n\n期末拍影片，同樣的組別，要找一個木建築拍成介紹示範影片\n介紹的學期老師講過木頭結構或是功能或相關歷史等等\n沒有太多限制，能夠完整呈現一個木建築就好\n木建築沒有限定，這學期有一組跑去台中拍\n大家的影片風格很多元，有靜態對白的，也有很動態的\n當然也有非常搞笑的\n\nω 其它(是否注重出席率？如果為外系選修，需先有什麼基礎較好嗎？老師個性？\n加簽習慣？嚴禁遲到等…)\n\n這門課另外還有校外教學\n有幾週的上課會到台北市的木建築半日參觀\n我這學期去的是保安宮、林安泰古厝、欽差行臺\n老師找的導覽都不同於一般導覽，根本是學者等級\n可以把木建築來龍去脈，歷史文化講的真的深入淺出\n絕對不是隨便可以體驗到的\n\n除此之外還有個兩天一夜的校外教學\n超級可惜我撞到臺灣地質探索出野外，就沒有參加木建築\n(忘了說，校外教學出席不太會影響分數)\n(但真的很精彩不去太可惜)\n\n\nΨ 總結\n\n上課頗涼是真的，但有時候課程本身有點悶，有趣的主要是戶外教學\nXDD\n老師真的是這個領域的翹楚，老師指導的大龍峒保安宮修復案\n獲得聯合國教科文組織的文化資產保存獎，是台灣多年來唯一一個\n而且老師也講很多生活相關的木文化\n有些真的頗實用\n最後一堂老師還說，以後你們買房要裝潢，或是要相關木建築顧問\n來找我，跟我說是我學生，我會給你很多建議\n老師人真的很好又有趣\n\n--\n\n原文網址: https://www.ptt.cc/bbs/NTUcourse/M.1547565824.A.80B.html""}]"
木質構造建築設計與施工二,林法勤,土木工程學系、森林環境暨資源學系,3,114-2,40323,Forest5018,,,,,"[""無評價""]",[]
"普通物理學甲下
A7",易富國,機械工程學系、生物機電工程學系,3,114-2,51768,Phys1007,,,,,"[""無評價""]",[]
"普通物理學甲下
A7",趙治宇,機械工程學系、化學工程學系,3,114-2,58364,Phys1007,,,,,"[""無評價""]",[]
普通化學實驗,李弘文,機械工程學系、工程科學及海洋工程學系、生物環境系統工程學系,1,114-2,43723,Chem1010,,,,,"[""無評價""]",[]
動力學,林峻永,機械工程學系、工學院院學士學位,3,114-2,31861,ME1006,,,,,"[""無評價""]",[]
計算機程式,鍾添東,機械工程學系,2,114-2,48890,ME2009,2.5,3.5,2.0,2.0,"[""[User02743 | 109-2]: C++基本內容 從hello world~函數（大概那附近）\n交一段操作一段，最後一到半節課會有當天作業，早做完早下課\n老師自製講義\n作業都會強迫你當天下課前寫完，所以有出席就不會有問題\n考試就是上機考，而且他會說他以前大學時上機考會比速度，所以他的期考也有要比速度（越快扣越少分），而且是只扣分不加分的那種，但程式考試急不得，所以就放輕鬆考，隨緣就好\n忘\n先說：3分是標準，往上是好，往下是不好，不是一般網路評價那種5星在往下減的那種評分法\n老師不是會教人的老師，上起來會辛苦點，但要過本身不會太難\n會碰到的問題和其他程式課差不多，然後再加上老師不太會教，所以推薦先自學再上，我個人是覺得甚至寒暑假去外面上課都是值得的，畢竟程式吃天份也吃努力，多學幾次絕對是有幫助的""]","[{""User_ID"": ""User02743"", ""Semester"": ""109-2"", ""Rating_Quality"": null, ""Rating_Sweet"": null, ""Rating_Easy"": null, ""Rating_Rich"": null, ""Comment"": ""C++基本內容 從hello world~函數（大概那附近）\n交一段操作一段，最後一到半節課會有當天作業，早做完早下課\n老師自製講義\n作業都會強迫你當天下課前寫完，所以有出席就不會有問題\n考試就是上機考，而且他會說他以前大學時上機考會比速度，所以他的期考也有要比速度（越快扣越少分），而且是只扣分不加分的那種，但程式考試急不得，所以就放輕鬆考，隨緣就好\n忘\n先說：3分是標準，往上是好，往下是不好，不是一般網路評價那種5星在往下減的那種評分法\n老師不是會教人的老師，上起來會辛苦點，但要過本身不會太難\n會碰到的問題和其他程式課差不多，然後再加上老師不太會教，所以推薦先自學再上，我個人是覺得甚至寒暑假去外面上課都是值得的，畢竟程式吃天份也吃努力，多學幾次絕對是有幫助的""}]"
工程數學下,蕭浩明,機械工程學系、工學院院學士學位,3,114-2,18310,ME2002,,,,,"[""無評價""]",[]
材料力學,王建凱,工學院、機械工程學系、工學院院學士學位,3,114-2,41690,ME2003,,,,,"[""無評價""]",[]
機械製造,李貫銘,機械工程學系、工學院院學士學位,3,114-2,13616,ME2008,,,,,"[""無評價""]",[]
機械工程實務,林沛群,機械工程學系,2,114-2,23765,ME1011,,,,,"[""無評價""]",[]
機械工程實務,詹魁元,機械工程學系,2,114-2,29204,ME1011,,,,,"[""無評價""]",[]
熱處理與表面改質,陳志軒,機械工程學系、機械工程學系、機械工程學系、機械工程學系,3,114-2,34879,ME5077,,,,,"[""無評價""]",[]
"工程及專業倫理
A4",陳琪芳,機械工程學系、化學工程學系、工程科學及海洋工程學系、電機工程學系,2,114-2,23564,ESOE3003,3.0,5.0,4.0,1.0,"[""[3688 | 112-2]: 工程倫理\n每週會請一位講者來演講，期末週要進行小組報告。\n講者自備的ppt或學習單。\n每週課後都要繳交一篇演講心得，期中需線上繳交小組報告，期末需列印實體海報進行小組發表，會有教授來海報前進行提問，也會有他組學生投票選出最佳海報的環節。\n出席15%.心得25%.課堂回答5%.期中報告25%.期末海報發表35%\n小組報告應該是最累的部分，不過期中報告有要求付分工表所以應該不用擔心遇到雷組員。點名方式為課堂前至講台簽名，後半學期助教發現有人簽完就烙跑後有更仔細盯出缺席(課堂有固定座位)。課堂上可以做自己的事沒關係，課後心得500字看課程標題跟簡報大致就可以寫出來了。最後說句老實話，整學期上下來覺得收穫沒有很多，但給分很甜，想要A4通識的可以選。""]","[{""User_ID"": ""3688"", ""Semester"": ""112-2"", ""Rating_Quality"": null, ""Rating_Sweet"": null, ""Rating_Easy"": null, ""Rating_Rich"": null, ""Comment"": ""工程倫理\n每週會請一位講者來演講，期末週要進行小組報告。\n講者自備的ppt或學習單。\n每週課後都要繳交一篇演講心得，期中需線上繳交小組報告，期末需列印實體海報進行小組發表，會有教授來海報前進行提問，也會有他組學生投票選出最佳海報的環節。\n出席15%.心得25%.課堂回答5%.期中報告25%.期末海報發表35%\n小組報告應該是最累的部分，不過期中報告有要求付分工表所以應該不用擔心遇到雷組員。點名方式為課堂前至講台簽名，後半學期助教發現有人簽完就烙跑後有更仔細盯出缺席(課堂有固定座位)。課堂上可以做自己的事沒關係，課後心得500字看課程標題跟簡報大致就可以寫出來了。最後說句老實話，整學期上下來覺得收穫沒有很多，但給分很甜，想要A4通識的可以選。""}]"
學士專題研究,陳希立,機械工程學系,2,114-2,58389,ME5105,,,,,"[""無評價""]",[]
學士專題研究,陳炳煇,機械工程學系,2,114-2,23031,ME5105,,,,,"[""無評價""]",[]
學士專題研究,黃美嬌,機械工程學系,2,114-2,24031,ME5105,,,,,"[""無評價""]",[]
學士專題研究,潘國隆,機械工程學系,2,114-2,22818,ME5105,,,,,"[""無評價""]",[]
學士專題研究,孫珍理,機械工程學系,2,114-2,22069,ME5105,,,,,"[""無評價""]",[]
學士專題研究,呂明璋,機械工程學系,2,114-2,41038,ME5105,,,,,"[""無評價""]",[]
學士專題研究,楊馥菱,機械工程學系,2,114-2,13093,ME5105,,,,,"[""無評價""]",[]
學士專題研究,許麗,機械工程學系,2,114-2,54441,ME5105,,,,,"[""無評價""]",[]
學士專題研究,黃信富,機械工程學系,2,114-2,11243,ME5105,,,,,"[""無評價""]",[]
學士專題研究,張鈞棣,機械工程學系,2,114-2,44113,ME5105,,,,,"[""無評價""]",[]
學士專題研究,蔡協澄,機械工程學系,2,114-2,11192,ME5105,,,,,"[""無評價""]",[]
學士專題研究,莊嘉揚,機械工程學系,2,114-2,56716,ME5105,,,,,"[""無評價""]",[]
學士專題研究,黃育熙,機械工程學系,2,114-2,58659,ME5105,,,,,"[""無評價""]",[]
學士專題研究,劉建豪,機械工程學系,2,114-2,14800,ME5105,,,,,"[""無評價""]",[]
學士專題研究,王建凱,機械工程學系,2,114-2,26499,ME5105,,,,,"[""無評價""]",[]
學士專題研究,黃光裕,機械工程學系,2,114-2,58220,ME5105,,,,,"[""無評價""]",[]
學士專題研究,陳達仁,機械工程學系,2,114-2,52633,ME5105,,,,,"[""無評價""]",[]
學士專題研究,李志中,機械工程學系,2,114-2,56923,ME5105,,,,,"[""無評價""]",[]
學士專題研究,陳湘鳳,機械工程學系,2,114-2,51433,ME5105,,,,,"[""無評價""]",[]
學士專題研究,詹魁元,機械工程學系,2,114-2,43167,ME5105,,,,,"[""無評價""]",[]
學士專題研究,廖先順,機械工程學系,2,114-2,37909,ME5105,,,,,"[""無評價""]",[]
學士專題研究,徐冠倫,機械工程學系,2,114-2,47948,ME5105,,,,,"[""無評價""]",[]
學士專題研究,陳亮嘉,機械工程學系,2,114-2,30649,ME5105,,,,,"[""無評價""]",[]
學士專題研究,蔡孟勳,機械工程學系,2,114-2,43806,ME5105,,,,,"[""無評價""]",[]
學士專題研究,蔡曜陽,機械工程學系,2,114-2,55940,ME5105,,,,,"[""無評價""]",[]
學士專題研究,楊燿州,機械工程學系,2,114-2,49162,ME5105,,,,,"[""無評價""]",[]
學士專題研究,李貫銘,機械工程學系,2,114-2,40881,ME5105,,,,,"[""無評價""]",[]
學士專題研究,鄭憶中,機械工程學系,2,114-2,57665,ME5105,,,,,"[""無評價""]",[]
學士專題研究,陳志軒,機械工程學系,2,114-2,45971,ME5105,,,,,"[""無評價""]",[]
學士專題研究,黃漢邦,機械工程學系,2,114-2,35768,ME5105,,,,,"[""無評價""]",[]
學士專題研究,蕭浩明,機械工程學系,2,114-2,44281,ME5105,,,,,"[""無評價""]",[]
學士專題研究,王富正,機械工程學系,2,114-2,43620,ME5105,,,,,"[""無評價""]",[]
學士專題研究,林沛群,機械工程學系,2,114-2,29437,ME5105,,,,,"[""無評價""]",[]
學士專題研究,林峻永,機械工程學系,2,114-2,32847,ME5105,,,,,"[""無評價""]",[]
學士專題研究,楊士進,機械工程學系,2,114-2,17364,ME5105,,,,,"[""無評價""]",[]
數值分析,蔡協澄,機械工程學系、機械工程學研究所,3,114-2,39685,ME5113,,,,,"[""無評價""]",[]
機構設計,李志中,機械工程學系、工學院院學士學位、機械工程學研究所,3,114-2,15288,ME5125,,,,,"[""[PTT | 105-2]: 轉載自 PTT 作者 ID: Ironpower (Ironpower)\n哪一學年度修課：\n\n105 學年度第二學期\n\nψ 授課教師 (若為多人合授請寫開課教師，以方便收錄)\n\n李志中教授\n\nλ 開課系所與授課對象 (是否為必修或通識課 / 內容是否與某些背景相關)\n\n機械系 設計組知識領域選修\n\nδ 課程大概內容\n\nChapter 1: Introduction (介紹拓樸機構、助教Matlab基礎操作)\nChapter 2: Kinematic Fundamentals (機構簡圖、自由度)\nAddition : Creation of Mechanism (機構創新方式：一般化、重建等)\nChapter 3: Kinematic Analysis of Planar Mechanisms (位置、速度、加速度)\nAddition : Kinematic of TDM (人工肌肉、齒輪、凸輪)\nChapter 4: Dimentional Synthesis of linkages (圖解/解析法)\nChapter 5: Force Analysis\nChapter 6: Balancing\n\nΩ 私心推薦指數(以五分計) ★★★★★\n\n有 Matlab 基礎、不忙：★★★★\n\n不會 Matlab、沒朋友、忙：★★★\n\n想學偏如何設計創新機構、酷炫機構介紹：★★\n\nη 上課用書(影印講義或是指定教科書)\n\n無、使用老師投影片以及講義\n\nμ 上課方式(投影片、團體討論、老師教學風格)\n\n全投影片教學，僅有 Kinematic Synthesis 的部分使用板書教學，基本上\n\n上課就是念投影片的內容，偶爾補充一點機動學學過或投影片沒有出現的公\n\n式，到後半學期上到 Kinematic Synthesis 的時候因為有圖解法之類的老\n\n師會真的在黑板上畫給大家看，另外老師的講義在期初會把前半學期的投影\n\n片檔案都放在 ceiba，但有時候會中途改一些內容，因此要注意一下。\n\n教學方式偏無趣一點點，另外部分章節之內容與機動學相同，有時候不注意\n\n會不小心睡著，但到了大概期中考前兩三週的內容會幾乎是全新的就不要再\n\n睡啦！(筆者的懺悔QQ)\n\nσ 評分方式(給分甜嗎？是紮實分？)\n\nMidterm Project 22.5 %\nTerm Project 22.5 %\nHomework 30 %\nFinal Exam 25 %\n\n扎實、硬，按照各次成績算起來大概會落在 B 左右，但最後調整了一個等\n\n第到 B+。\n\nρ 考題型式、作業方式\n\nMidterm/Term project:\n\n期中的部分須以課堂教的 Creation of mechanisms 方法找一個現有的機構\n\n將其一般化並創新為同樣功能的新機構；期末則是根據一已知結構之機構依\n\n照 Kinematic synthesis 方法訂定每根桿件的尺寸以及 Fixed pivot的位置\n\n，使其能根據題目要求運動。\n\n兩次的報告皆須準備書面(60%)以及口頭報告(40%)，報告內容須包含設計過\n\n程以及機構分析、CAD 模擬等等，另外報告為四人一組。\n\nHomeworks:\n\n總共 4 次，內容包含各次上課的內容包含機構簡圖、自由度、機構分析、機\n\n構合成、齒輪、Force analysis/balancing 等內容。\n\n作業幾乎每次都有個四題左右，難度甚至比 Project 還要困難，且須 Matlab\n\n才能夠運算、作圖等等，因此即使是四人小組作業但仍需花上大量時間，每次\n\n作業繳交前三天開始都會看到系上計中崩潰的機構設計人群，其難度可見一班。\n\nFinal Exam:\n\n開書考，可帶任何紙本資料，電子產品限帶計算機。\n\n考試內容包含 Kinematic Synthesis 以及 Force analysis，因為投影片、講\n\n義在此兩章節皆無提到有關齒輪的計算，但題目大概有兩到三大題有齒輪出現\n\n，因此屠殺了接近所有人，目前知道的朋友成績都落在 30 ~ 60 之間，因此\n\n估計會調分一波。\n\nω 其它(是否注重出席率？如果為外系選修，需先有什麼基礎較好嗎？老師個性？\n加簽習慣？嚴禁遲到等…)\n\n不注重出席率，基礎就是機動學跟 Matlab 的使用經驗吧，沒有的話真的超\n\n辛苦的。\n\n加簽的部分大三大四全簽，老師極不建議大二修課，我也不建議，你會死掉。\n\nΨ 總結\n\n一開始抱持的想法是可以學到很多比較複雜的機構或是一些工程上常常使用\n\n的酷炫機構，或是一些創新設計的方法等等，結果內容其實很像機動學的延\n\n伸，甚至在前半學期有很大的重複。另外課堂的目的比較偏向當有一個已知\n\n機構的時候，你要怎麼固定尺寸、重量等等去滿足你的條件(受力、運動軌跡)\n\n等等，算是另外一個方面的設計知識吧！\n\n這堂課在前半學期極度輕鬆，僅有一次作業以及一次期中報告，內容也與機\n\n動學有大量重複，但到了後半學期有三次作業，一次報告、一次期末考，而\n\n且難度、複雜度都是期中前八百倍左右，如果期中前覺得很輕鬆不要被騙了\n\n喔^^，另外要修的話寒假拜託去學一下 Matlab，真的。\n\n\n--\n\n原文網址: https://www.ptt.cc/bbs/NTUcourse/M.1498840076.A.653.html""]","[{""User_ID"": ""PTT"", ""Semester"": ""105-2"", ""Rating_Quality"": null, ""Rating_Sweet"": null, ""Rating_Easy"": null, ""Rating_Rich"": null, ""Comment"": ""轉載自 PTT 作者 ID: Ironpower (Ironpower)\n哪一學年度修課：\n\n105 學年度第二學期\n\nψ 授課教師 (若為多人合授請寫開課教師，以方便收錄)\n\n李志中教授\n\nλ 開課系所與授課對象 (是否為必修或通識課 / 內容是否與某些背景相關)\n\n機械系 設計組知識領域選修\n\nδ 課程大概內容\n\nChapter 1: Introduction (介紹拓樸機構、助教Matlab基礎操作)\nChapter 2: Kinematic Fundamentals (機構簡圖、自由度)\nAddition : Creation of Mechanism (機構創新方式：一般化、重建等)\nChapter 3: Kinematic Analysis of Planar Mechanisms (位置、速度、加速度)\nAddition : Kinematic of TDM (人工肌肉、齒輪、凸輪)\nChapter 4: Dimentional Synthesis of linkages (圖解/解析法)\nChapter 5: Force Analysis\nChapter 6: Balancing\n\nΩ 私心推薦指數(以五分計) ★★★★★\n\n有 Matlab 基礎、不忙：★★★★\n\n不會 Matlab、沒朋友、忙：★★★\n\n想學偏如何設計創新機構、酷炫機構介紹：★★\n\nη 上課用書(影印講義或是指定教科書)\n\n無、使用老師投影片以及講義\n\nμ 上課方式(投影片、團體討論、老師教學風格)\n\n全投影片教學，僅有 Kinematic Synthesis 的部分使用板書教學，基本上\n\n上課就是念投影片的內容，偶爾補充一點機動學學過或投影片沒有出現的公\n\n式，到後半學期上到 Kinematic Synthesis 的時候因為有圖解法之類的老\n\n師會真的在黑板上畫給大家看，另外老師的講義在期初會把前半學期的投影\n\n片檔案都放在 ceiba，但有時候會中途改一些內容，因此要注意一下。\n\n教學方式偏無趣一點點，另外部分章節之內容與機動學相同，有時候不注意\n\n會不小心睡著，但到了大概期中考前兩三週的內容會幾乎是全新的就不要再\n\n睡啦！(筆者的懺悔QQ)\n\nσ 評分方式(給分甜嗎？是紮實分？)\n\nMidterm Project 22.5 %\nTerm Project 22.5 %\nHomework 30 %\nFinal Exam 25 %\n\n扎實、硬，按照各次成績算起來大概會落在 B 左右，但最後調整了一個等\n\n第到 B+。\n\nρ 考題型式、作業方式\n\nMidterm/Term project:\n\n期中的部分須以課堂教的 Creation of mechanisms 方法找一個現有的機構\n\n將其一般化並創新為同樣功能的新機構；期末則是根據一已知結構之機構依\n\n照 Kinematic synthesis 方法訂定每根桿件的尺寸以及 Fixed pivot的位置\n\n，使其能根據題目要求運動。\n\n兩次的報告皆須準備書面(60%)以及口頭報告(40%)，報告內容須包含設計過\n\n程以及機構分析、CAD 模擬等等，另外報告為四人一組。\n\nHomeworks:\n\n總共 4 次，內容包含各次上課的內容包含機構簡圖、自由度、機構分析、機\n\n構合成、齒輪、Force analysis/balancing 等內容。\n\n作業幾乎每次都有個四題左右，難度甚至比 Project 還要困難，且須 Matlab\n\n才能夠運算、作圖等等，因此即使是四人小組作業但仍需花上大量時間，每次\n\n作業繳交前三天開始都會看到系上計中崩潰的機構設計人群，其難度可見一班。\n\nFinal Exam:\n\n開書考，可帶任何紙本資料，電子產品限帶計算機。\n\n考試內容包含 Kinematic Synthesis 以及 Force analysis，因為投影片、講\n\n義在此兩章節皆無提到有關齒輪的計算，但題目大概有兩到三大題有齒輪出現\n\n，因此屠殺了接近所有人，目前知道的朋友成績都落在 30 ~ 60 之間，因此\n\n估計會調分一波。\n\nω 其它(是否注重出席率？如果為外系選修，需先有什麼基礎較好嗎？老師個性？\n加簽習慣？嚴禁遲到等…)\n\n不注重出席率，基礎就是機動學跟 Matlab 的使用經驗吧，沒有的話真的超\n\n辛苦的。\n\n加簽的部分大三大四全簽，老師極不建議大二修課，我也不建議，你會死掉。\n\nΨ 總結\n\n一開始抱持的想法是可以學到很多比較複雜的機構或是一些工程上常常使用\n\n的酷炫機構，或是一些創新設計的方法等等，結果內容其實很像機動學的延\n\n伸，甚至在前半學期有很大的重複。另外課堂的目的比較偏向當有一個已知\n\n機構的時候，你要怎麼固定尺寸、重量等等去滿足你的條件(受力、運動軌跡)\n\n等等，算是另外一個方面的設計知識吧！\n\n這堂課在前半學期極度輕鬆，僅有一次作業以及一次期中報告，內容也與機\n\n動學有大量重複，但到了後半學期有三次作業，一次報告、一次期末考，而\n\n且難度、複雜度都是期中前八百倍左右，如果期中前覺得很輕鬆不要被騙了\n\n喔^^，另外要修的話寒假拜託去學一下 Matlab，真的。\n\n\n--\n\n原文網址: https://www.ptt.cc/bbs/NTUcourse/M.1498840076.A.653.html""}]"
實驗應力分析,單秋成,機械工程學系、機械工程學研究所,3,114-2,22005,ME5138,,,,,"[""無評價""]",[]
固體力學能量法,周元昉,機械工程學系、機械工程學研究所,3,114-2,43278,ME5171,,,,,"[""無評價""]",[]
自動機器設計一,黃光裕,機械工程學系、工學院院學士學位、機械工程學研究所、奈米工程與科學碩士學位學程、奈米工程與科學博士學位學程,3,114-2,40020,ME5176,,,,,"[""無評價""]",[]
微處理器控制系統,楊燿州,機械工程學系、工學院院學士學位、機械工程學研究所、奈米工程與科學碩士學位學程、奈米工程與科學博士學位學程,3,114-2,58669,ME5192,,,,,"[""無評價""]",[]
感測器原理與設計,黃光裕,機械工程學系、機械工程學研究所、奈米工程與科學碩士學位學程、奈米工程與科學博士學位學程,3,114-2,30585,ME5201,,,,,"[""無評價""]",[]
專利工程,陳達仁,機械工程學系、機械工程學研究所、工業工程學研究所,3,114-2,59506,ME5219,,,,,"[""[PTT | 106-2]: 轉載自 PTT 作者 ID: bus77116 ()\n哪一學年度修課：106-2\n\nψ 授課教師 (若為多人合授請寫開課教師，以方便收錄)\n陳達仁\n\nλ 開課系所與授課對象 (是否為必修或通識課 / 內容是否與某些背景相關)\n機械系、機械所選修\n\nδ 課程大概內容\n各國專利制度介紹\n專利檢索\n專利說明書撰寫\n專利分析方法\n\nΩ 私心推薦指數(以五分計) ★★★★★\n★★★★ 四顆\n\nη 上課用書(影印講義或是指定教科書)\n教授及校外講師所編投影片，只提供紙本\n\nμ 上課方式(投影片、團體討論、老師教學風格)\n前幾週先由老師介紹專利基本觀念，之後會請智財局、業界人士來上課，有\n數個週六至水源校區或博雅，跟智慧財產培訓學院(TIPA)開的培訓班一起上課\n，所有課程皆是投影片+講師解說。\n\n因為週六多上了幾次整天的課程，學期中後段平日會停課數次。\n\nσ 評分方式(給分甜嗎？是紮實分？)\n微甜，期末時快爆炸專利分析寫得不知所云，還是有A，但有點對不起老師QQ\n\nρ 考題型式、作業方式\n30% 專利說明書撰寫報告\n35% 期中專利檢索上機測驗\n35% 期末專利分析報告\n\n專利檢索部分，臺灣專利只要上課時有跟著操作就沒什麼問題，值得注意的是\n會考講師沒有有深入解說的美國專利檢索系統，最好先自己操作摸熟，但兩者\n的考題都不難。\n\n專利說明書有智財局學長來說明要如何撰寫，就算恍神，投影片內也有大部分\n的重點，參考前人的專利蠻好寫的。\n\n個人認為最大的BOSS還是專利分析，務必慎選擅長的主題作報告(勇者想挑戰陌\n生領域除外)，課堂介紹專利分析和講評其他人的報告時也很重要，否則期末時\n會毫無頭緒。\n\nω 其它(是否注重出席率？如果為外系選修，需先有什麼基礎較好嗎？老師個性？\n加簽習慣？嚴禁遲到等…)\n陳老師表面看起來很嚴肅，對學生的要求比較高，但各種問題都很願意幫大家解\n答，在專利領域的功力也超級深厚，上課時可以從老師分享的經驗學到很多。\n\n不重出席率，只是課堂內容算蠻重要的。另外，上課時使用手機筆電會被制止。\n\n加簽全簽，但老師會請所有同學慎重考慮修課，因為loading不算輕，也想維持\n小班教學的品質。\n\n小缺點是各種課程重要資訊皆不太容易獲得，Ceiba只有交作業功能，助教也甚\n少寄信，只能靠期初發下的syllabus，週六的上課地點如果有更改也只會在課堂\n上口頭宣布，常常不確定課程和考試的日期。\n\nΨ 總結\n雖說這堂課的負擔絕對比必修輕，對大學部而言壓力仍然不小，要有獨自抗戰報\n告的準備，但對想要進入專利領域的同學，仍然是很棒的入門課程。\n\n\n--\n\n原文網址: https://www.ptt.cc/bbs/NTUcourse/M.1534932375.A.1CB.html""]","[{""User_ID"": ""PTT"", ""Semester"": ""106-2"", ""Rating_Quality"": null, ""Rating_Sweet"": null, ""Rating_Easy"": null, ""Rating_Rich"": null, ""Comment"": ""轉載自 PTT 作者 ID: bus77116 ()\n哪一學年度修課：106-2\n\nψ 授課教師 (若為多人合授請寫開課教師，以方便收錄)\n陳達仁\n\nλ 開課系所與授課對象 (是否為必修或通識課 / 內容是否與某些背景相關)\n機械系、機械所選修\n\nδ 課程大概內容\n各國專利制度介紹\n專利檢索\n專利說明書撰寫\n專利分析方法\n\nΩ 私心推薦指數(以五分計) ★★★★★\n★★★★ 四顆\n\nη 上課用書(影印講義或是指定教科書)\n教授及校外講師所編投影片，只提供紙本\n\nμ 上課方式(投影片、團體討論、老師教學風格)\n前幾週先由老師介紹專利基本觀念，之後會請智財局、業界人士來上課，有\n數個週六至水源校區或博雅，跟智慧財產培訓學院(TIPA)開的培訓班一起上課\n，所有課程皆是投影片+講師解說。\n\n因為週六多上了幾次整天的課程，學期中後段平日會停課數次。\n\nσ 評分方式(給分甜嗎？是紮實分？)\n微甜，期末時快爆炸專利分析寫得不知所云，還是有A，但有點對不起老師QQ\n\nρ 考題型式、作業方式\n30% 專利說明書撰寫報告\n35% 期中專利檢索上機測驗\n35% 期末專利分析報告\n\n專利檢索部分，臺灣專利只要上課時有跟著操作就沒什麼問題，值得注意的是\n會考講師沒有有深入解說的美國專利檢索系統，最好先自己操作摸熟，但兩者\n的考題都不難。\n\n專利說明書有智財局學長來說明要如何撰寫，就算恍神，投影片內也有大部分\n的重點，參考前人的專利蠻好寫的。\n\n個人認為最大的BOSS還是專利分析，務必慎選擅長的主題作報告(勇者想挑戰陌\n生領域除外)，課堂介紹專利分析和講評其他人的報告時也很重要，否則期末時\n會毫無頭緒。\n\nω 其它(是否注重出席率？如果為外系選修，需先有什麼基礎較好嗎？老師個性？\n加簽習慣？嚴禁遲到等…)\n陳老師表面看起來很嚴肅，對學生的要求比較高，但各種問題都很願意幫大家解\n答，在專利領域的功力也超級深厚，上課時可以從老師分享的經驗學到很多。\n\n不重出席率，只是課堂內容算蠻重要的。另外，上課時使用手機筆電會被制止。\n\n加簽全簽，但老師會請所有同學慎重考慮修課，因為loading不算輕，也想維持\n小班教學的品質。\n\n小缺點是各種課程重要資訊皆不太容易獲得，Ceiba只有交作業功能，助教也甚\n少寄信，只能靠期初發下的syllabus，週六的上課地點如果有更改也只會在課堂\n上口頭宣布，常常不確定課程和考試的日期。\n\nΨ 總結\n雖說這堂課的負擔絕對比必修輕，對大學部而言壓力仍然不小，要有獨自抗戰報\n告的準備，但對想要進入專利領域的同學，仍然是很棒的入門課程。\n\n\n--\n\n原文網址: https://www.ptt.cc/bbs/NTUcourse/M.1534932375.A.1CB.html""}]"
機械元件設計,廖先順,機械工程學系、工學院院學士學位、機械工程學研究所,3,114-2,14824,ME5241,,,,,"[""無評價""]",[]
自動化光學檢測原理與應用,陳亮嘉,機械工程學系、工學院院學士學位、機械工程學研究所、奈米工程與科學碩士學位學程、奈米工程與科學博士學位學程,3,114-2,16875,ME5245,4.0,2.0,1.0,5.0,"[""[User68991 | 113-2]: Everything related to Automatically Inspect production quality of goods. Mostly focused on silicon wafer and PCBs. Includes weekly Tutorials + Homework + Big Final Project\nFrontal teaching + Practical Tutorial\nSlides + Books + detailed programming tutorials\nWeekly Assignments (Sometimes even 2 per Week). One Midterm and a big Final Project\nA-\nA lot of work although not too difficult. There are definitely courses requiring less effort, but instructor is very motivated and one can learn a lot.""]","[{""User_ID"": ""User68991"", ""Semester"": ""113-2"", ""Rating_Quality"": null, ""Rating_Sweet"": null, ""Rating_Easy"": null, ""Rating_Rich"": null, ""Comment"": ""Everything related to Automatically Inspect production quality of goods. Mostly focused on silicon wafer and PCBs. Includes weekly Tutorials + Homework + Big Final Project\nFrontal teaching + Practical Tutorial\nSlides + Books + detailed programming tutorials\nWeekly Assignments (Sometimes even 2 per Week). One Midterm and a big Final Project\nA-\nA lot of work although not too difficult. There are definitely courses requiring less effort, but instructor is very motivated and one can learn a lot.""}]"
數位控制系統,楊士進,機械工程學系、工學院院學士學位、機械工程學研究所,3,114-2,33648,ME5247,,,,,"[""[PTT | 106-1]: 轉載自 PTT 作者 ID: mutichung (μΤ)\n哪一學年度修課：106-1\n\nψ 授課教師 (若為多人合授請寫開課教師，以方便收錄)\n\n楊士進\n\n\nλ 開課系所與授課對象 (是否為必修或通識課 / 內容是否與某些背景相關)\n\n機械系 系統控制知識領域選修\n機械所 系控組必修\n\n\nδ 課程大概內容\n\nA. 連續系統：\n\n1. Command Feedforward (CFF)\n\n2. Disturbance Rejection\n\n3. Observer Design\n\nB. 離散系統\n\n1. Dynamic System with Sampling\n\n2. Discrete-Time System Modeling\n\n3. Z-Transform\n\n4. Stability of Discrete-Time System\n\n5. Discrete-Time Controller Design\n\n6. CFF Based on Digital Implementation\n\n\nΩ 私心推薦指數(以五分計) ★★★★★\n★★★★★★★★★★★★★★★★★★ 滿天星!!\n\n\nη 上課用書(影印講義或是指定教科書)\n\nControl System Design Guide: A Practical Guide 4th edition\n\n有免費且正版的電子書可以下載。\n\n不過通常作業、考試都只要靠上課筆記就好了，課本僅供參考使用，畢竟內容\n\n與老師的上課內容差異還蠻大的(習題勾了也看不懂XD)，不過有空去看看會有\n\n一些意外的有趣收穫^^\n\n\nμ 上課方式(投影片、團體討論、老師教學風格)\n\n只有第一堂課用過投影片，其他部分全板書教學。\n\n老師上課是屬於邊抄邊講的那種類型，不太會停下來等大家抄完才講，但講的\n\n內容十分平易近人，基本上都能跟上。\n\n唯一的小缺點是邊抄邊講的時候有時候會塗塗改改，這時候學生抄筆記就會崩\n\n潰，因為這代表要重畫一個龐大且複雜的 Block Diagram XDD\n\n\nσ 評分方式(給分甜嗎？是紮實分？)\n\n作業×3 40% (配分不平均，第二次作業就佔25%)\n\n期中考 25%\n\n期末考 30%\n\n出席 5% (調分用，沒點過名)\n\n\n看起來扎實但實際上還滿甜的，作業問題有回答到應該就有8,90以上，還有加\n\n分題可以拚破百；考試老師也改得滿鬆的扣分扣很輕，我身邊大部分同學好像\n\n都A+的樣子，至於期末還有沒有調分就不太清楚了。\n\n\nρ 考題型式、作業方式\n\n考試題目皆來自於上課筆記中的例子，通常就是按部就班從建模開始，分析開\n\n迴路系統特性，接下來設計閉迴路控制器、前饋控制器、估測器等解決系統之\n\n問題......，期末考甚至直接沿用第三次作業的系統(沒寫作業就哭哭)，所以\n\n只要會操作作業，基本上考試是不會有大問題的。\n\n\n\n作業共三次，採分組進行，3~5人一組。第一次設計 CFF 與 DID，第二次要看\n\n一篇論文並重現論文中估測器的使用並設法改進，第三次則以數位控制為主，\n\n設計離散域下的前饋控制。三次作業皆使用 Matlab Simulink 做為模擬平台，\n\n所以有一些 Matlab 基礎會輕鬆上許多，當然老師也有給範例程式碼就是了。\n\n個人在這三份作業上皆花了滿多的時間，不過我覺得挺值得的(畢竟考試都跟\n\n作業很像)，且只有親自操作作業時才會領會到箇中奧妙，因此我們這組都是\n\n各自完成整份作業的模擬後再來討論結果，也非常推薦大家這樣做XDD\n\n\nω 其它(是否注重出席率？如果為外系選修，需先有什麼基礎較好嗎？老師個性？\n加簽習慣？嚴禁遲到等…)\n\n不點名、不重視出席率，不過課很棒也不會想翹XDD\n\n外系選修的話建議還是要修過自控，至少 pole、zero、Transfer Function、\n\nRoot Locus 的一些基本概念要有。\n\n老師還很年輕，看起來就像個露出怪笑的研究生(恕我無理XD)，常常講一些\n\n幹話wwww，有一堂課還為了前幾天開會聽到英文授課的話可以補助$$所以決定\n\n來小試身手(但我那堂課聽到睡著，老師對不起但...看來您還要再加點油XD)\n\n\nΨ 總結\n\n這是我這學期最喜歡的一門課，大概也是三年半以來最喜歡的課之一了，難度\n\n適中但卻非常充實，比起自控、線控等非常數學的控制組課程來說更為實際，\n\n能夠透過作業中的模擬理解每個做法的用意與效果，非常推薦對控制有一點點\n\n興趣卻被自控線控中的數學重創信心的學弟妹來修習，應該是可以重建一點信\n\n心拉ˊˇˋ\n\n--\n\n原文網址: https://www.ptt.cc/bbs/NTUcourse/M.1516541420.A.A4F.html""]","[{""User_ID"": ""PTT"", ""Semester"": ""106-1"", ""Rating_Quality"": null, ""Rating_Sweet"": null, ""Rating_Easy"": null, ""Rating_Rich"": null, ""Comment"": ""轉載自 PTT 作者 ID: mutichung (μΤ)\n哪一學年度修課：106-1\n\nψ 授課教師 (若為多人合授請寫開課教師，以方便收錄)\n\n楊士進\n\n\nλ 開課系所與授課對象 (是否為必修或通識課 / 內容是否與某些背景相關)\n\n機械系 系統控制知識領域選修\n機械所 系控組必修\n\n\nδ 課程大概內容\n\nA. 連續系統：\n\n1. Command Feedforward (CFF)\n\n2. Disturbance Rejection\n\n3. Observer Design\n\nB. 離散系統\n\n1. Dynamic System with Sampling\n\n2. Discrete-Time System Modeling\n\n3. Z-Transform\n\n4. Stability of Discrete-Time System\n\n5. Discrete-Time Controller Design\n\n6. CFF Based on Digital Implementation\n\n\nΩ 私心推薦指數(以五分計) ★★★★★\n★★★★★★★★★★★★★★★★★★ 滿天星!!\n\n\nη 上課用書(影印講義或是指定教科書)\n\nControl System Design Guide: A Practical Guide 4th edition\n\n有免費且正版的電子書可以下載。\n\n不過通常作業、考試都只要靠上課筆記就好了，課本僅供參考使用，畢竟內容\n\n與老師的上課內容差異還蠻大的(習題勾了也看不懂XD)，不過有空去看看會有\n\n一些意外的有趣收穫^^\n\n\nμ 上課方式(投影片、團體討論、老師教學風格)\n\n只有第一堂課用過投影片，其他部分全板書教學。\n\n老師上課是屬於邊抄邊講的那種類型，不太會停下來等大家抄完才講，但講的\n\n內容十分平易近人，基本上都能跟上。\n\n唯一的小缺點是邊抄邊講的時候有時候會塗塗改改，這時候學生抄筆記就會崩\n\n潰，因為這代表要重畫一個龐大且複雜的 Block Diagram XDD\n\n\nσ 評分方式(給分甜嗎？是紮實分？)\n\n作業×3 40% (配分不平均，第二次作業就佔25%)\n\n期中考 25%\n\n期末考 30%\n\n出席 5% (調分用，沒點過名)\n\n\n看起來扎實但實際上還滿甜的，作業問題有回答到應該就有8,90以上，還有加\n\n分題可以拚破百；考試老師也改得滿鬆的扣分扣很輕，我身邊大部分同學好像\n\n都A+的樣子，至於期末還有沒有調分就不太清楚了。\n\n\nρ 考題型式、作業方式\n\n考試題目皆來自於上課筆記中的例子，通常就是按部就班從建模開始，分析開\n\n迴路系統特性，接下來設計閉迴路控制器、前饋控制器、估測器等解決系統之\n\n問題......，期末考甚至直接沿用第三次作業的系統(沒寫作業就哭哭)，所以\n\n只要會操作作業，基本上考試是不會有大問題的。\n\n\n\n作業共三次，採分組進行，3~5人一組。第一次設計 CFF 與 DID，第二次要看\n\n一篇論文並重現論文中估測器的使用並設法改進，第三次則以數位控制為主，\n\n設計離散域下的前饋控制。三次作業皆使用 Matlab Simulink 做為模擬平台，\n\n所以有一些 Matlab 基礎會輕鬆上許多，當然老師也有給範例程式碼就是了。\n\n個人在這三份作業上皆花了滿多的時間，不過我覺得挺值得的(畢竟考試都跟\n\n作業很像)，且只有親自操作作業時才會領會到箇中奧妙，因此我們這組都是\n\n各自完成整份作業的模擬後再來討論結果，也非常推薦大家這樣做XDD\n\n\nω 其它(是否注重出席率？如果為外系選修，需先有什麼基礎較好嗎？老師個性？\n加簽習慣？嚴禁遲到等…)\n\n不點名、不重視出席率，不過課很棒也不會想翹XDD\n\n外系選修的話建議還是要修過自控，至少 pole、zero、Transfer Function、\n\nRoot Locus 的一些基本概念要有。\n\n老師還很年輕，看起來就像個露出怪笑的研究生(恕我無理XD)，常常講一些\n\n幹話wwww，有一堂課還為了前幾天開會聽到英文授課的話可以補助$$所以決定\n\n來小試身手(但我那堂課聽到睡著，老師對不起但...看來您還要再加點油XD)\n\n\nΨ 總結\n\n這是我這學期最喜歡的一門課，大概也是三年半以來最喜歡的課之一了，難度\n\n適中但卻非常充實，比起自控、線控等非常數學的控制組課程來說更為實際，\n\n能夠透過作業中的模擬理解每個做法的用意與效果，非常推薦對控制有一點點\n\n興趣卻被自控線控中的數學重創信心的學弟妹來修習，應該是可以重建一點信\n\n心拉ˊˇˋ\n\n--\n\n原文網址: https://www.ptt.cc/bbs/NTUcourse/M.1516541420.A.A4F.html""}]"
電腦輔助工程製圖,徐冠倫,機械工程學系、工學院院學士學位、機械工程學研究所,3,114-2,46432,ME5248,5.0,5.0,1.0,5.0,"[""[User02743 | 110-2]: Inventer的各種酷功能\n拍影片每週自己課前看完並完成當週作業，課堂的當下會分組然後一人完成一個CAD就可下課\n老師自己拍影片\n每週影片都有作業，照著做就可以完成\n課堂練習也不會太難，真的不行助教就在前面，組員也會幫忙\n期末報告會叫你們組自己想要畫一個機械，一個人至少10個零件，總共最少要100個零件，什麼都可以畫，老師只評畫的用心程度，難度可以不用太難，適中就可以了。會再額外叫你拍報告影片跟製作一張電子檔的海報，影片15分鐘，介紹你們畫的東西，海報則是做給其他組看並給他們評分，會佔一定分數，但通常其他人不會太誇張。\n忘了\n先說：3分是標準，往上是更好，往下是不好。\nInventer 基本能力大總匯，好課一直修，強推\n練習量夠，要求不會太高，對要學進階繪圖的大二和補足繪圖技巧的大三都是強推課\n分組是用日/夜工作和早點/壓線工作兩個分類組成的四象限分組，算是半隨機分組，記得誠實一點，不然你會跟你組員脫節""]","[{""User_ID"": ""User02743"", ""Semester"": ""110-2"", ""Rating_Quality"": null, ""Rating_Sweet"": null, ""Rating_Easy"": null, ""Rating_Rich"": null, ""Comment"": ""Inventer的各種酷功能\n拍影片每週自己課前看完並完成當週作業，課堂的當下會分組然後一人完成一個CAD就可下課\n老師自己拍影片\n每週影片都有作業，照著做就可以完成\n課堂練習也不會太難，真的不行助教就在前面，組員也會幫忙\n期末報告會叫你們組自己想要畫一個機械，一個人至少10個零件，總共最少要100個零件，什麼都可以畫，老師只評畫的用心程度，難度可以不用太難，適中就可以了。會再額外叫你拍報告影片跟製作一張電子檔的海報，影片15分鐘，介紹你們畫的東西，海報則是做給其他組看並給他們評分，會佔一定分數，但通常其他人不會太誇張。\n忘了\n先說：3分是標準，往上是更好，往下是不好。\nInventer 基本能力大總匯，好課一直修，強推\n練習量夠，要求不會太高，對要學進階繪圖的大二和補足繪圖技巧的大三都是強推課\n分組是用日/夜工作和早點/壓線工作兩個分類組成的四象限分組，算是半隨機分組，記得誠實一點，不然你會跟你組員脫節""}]"
固液二相流導論,楊馥菱,機械工程學系、工學院院學士學位、機械工程學研究所,3,114-2,17092,ME5251,,,,,"[""無評價""]",[]
設計自動化與最佳化,陳湘鳳,機械工程學系、工學院院學士學位、機械工程學研究所,3,114-2,51984,ME5274,,,,,"[""無評價""]",[]
連體機電力學導論,黃信富,機械工程學系、機械工程學研究所,3,114-2,46029,ME5297,,,,,"[""[PTT | 105-2]: 轉載自 PTT 作者 ID: Ironpower (Ironpower)\n哪一學年度修課：\n\n105 學年度第二學期\n\nψ 授課教師 (若為多人合授請寫開課教師，以方便收錄)\n\n黃信富 教授\n\nλ 開課系所與授課對象 (是否為必修或通識課 / 內容是否與某些背景相關)\n\n機械系選修\n\nδ 課程大概內容\n\nChapter 1: Fundamentals of Fluid Mechanics\nChapter 2: Fundamentals of Electromagnetism\nChapter 3: Mathematical Techniques\nChapter 4: Bernoulli's Equation with EQS, MQS Forces\nChapter 5: Electrokinetics & Electrohydrodynamics\nChapter 6: Hydrodynamics Instabilities with EQS & MQS forces\nChapter 7: Biological Applications\n\nΩ 私心推薦指數(以五分計) ★★★★★\n\n喜歡流體相關者：★★★★★\n\nη 上課用書(影印講義或是指定教科書)\n\n無，投影片與板書筆記\n\nμ 上課方式(投影片、團體討論、老師教學風格)\n\n前半段上流體力學、電磁學的介紹時會搭配投影片講解，遇到例題或是推導時\n\n則會改用板書上課，從第三章開始的內容後全部都用板書上課。\n\n上課方式就是邊講解邊推導邊寫板書，基本上老師不太會等大家抄會一直寫下\n\n去，所以想要抄筆記的話要盡量趕上老師的腳步，不過因為比較艱深的緣故，\n\n其實都會講解蠻久的，不要恍神應該都是抄的完的。\n\nσ 評分方式(給分甜嗎？是紮實分？)\n\nMidterm 50 %\nFinal Project (oral) 20 %\nFinal Project (paper report) 30 %\n\nρ 考題型式、作業方式\n\nMidterm：\n\n期中考為take home考試，教授會統一將考試題目寄給大家，總共三題，內容\n\n包含流體力學與電磁學的題目。\n\nFinal Project：\n\n2~3 人一組，期初老師會將一份 paper 的選單放在 ceiba 上，期末選擇一篇\n\n閱讀並製作成書面以及口頭報告，口頭報告時間約為 20 min 左右。\n\nω 其它(是否注重出席率？如果為外系選修，需先有什麼基礎較好嗎？老師個性？\n加簽習慣？嚴禁遲到等…)\n\n應該是會全簽，因為修課的人有夠少XDD\n\n基礎為流體力學以及電磁學，基本上流體力學應該是一定要修過，電磁學的部\n\n分因為本來就不是機械系的必修，所以老師會介紹一些重要的部分。\n\nΨ 總結\n\n如果對流體力學有興趣的話算是一門很不錯的進階課程，會更深入的探討流體\n\n在電磁場下的運動現象，另外也可以複習流體力學學過的東西。而這堂課的內\n\n容也偏向比較先進的科學現象，上到 EQS、MQS 的時候老師還大言不慚的說機\n\n械系會這個學問的只有他跟另外一個教授而以XDD。另外期末看論文報告也可以\n\n開開眼界，總而言之很不錯！\n\n不過如果只是想混學分還是不要修好了，真的是頗難XDD\n\n--\n\n原文網址: https://www.ptt.cc/bbs/NTUcourse/M.1498497240.A.403.html""]","[{""User_ID"": ""PTT"", ""Semester"": ""105-2"", ""Rating_Quality"": null, ""Rating_Sweet"": null, ""Rating_Easy"": null, ""Rating_Rich"": null, ""Comment"": ""轉載自 PTT 作者 ID: Ironpower (Ironpower)\n哪一學年度修課：\n\n105 學年度第二學期\n\nψ 授課教師 (若為多人合授請寫開課教師，以方便收錄)\n\n黃信富 教授\n\nλ 開課系所與授課對象 (是否為必修或通識課 / 內容是否與某些背景相關)\n\n機械系選修\n\nδ 課程大概內容\n\nChapter 1: Fundamentals of Fluid Mechanics\nChapter 2: Fundamentals of Electromagnetism\nChapter 3: Mathematical Techniques\nChapter 4: Bernoulli's Equation with EQS, MQS Forces\nChapter 5: Electrokinetics & Electrohydrodynamics\nChapter 6: Hydrodynamics Instabilities with EQS & MQS forces\nChapter 7: Biological Applications\n\nΩ 私心推薦指數(以五分計) ★★★★★\n\n喜歡流體相關者：★★★★★\n\nη 上課用書(影印講義或是指定教科書)\n\n無，投影片與板書筆記\n\nμ 上課方式(投影片、團體討論、老師教學風格)\n\n前半段上流體力學、電磁學的介紹時會搭配投影片講解，遇到例題或是推導時\n\n則會改用板書上課，從第三章開始的內容後全部都用板書上課。\n\n上課方式就是邊講解邊推導邊寫板書，基本上老師不太會等大家抄會一直寫下\n\n去，所以想要抄筆記的話要盡量趕上老師的腳步，不過因為比較艱深的緣故，\n\n其實都會講解蠻久的，不要恍神應該都是抄的完的。\n\nσ 評分方式(給分甜嗎？是紮實分？)\n\nMidterm 50 %\nFinal Project (oral) 20 %\nFinal Project (paper report) 30 %\n\nρ 考題型式、作業方式\n\nMidterm：\n\n期中考為take home考試，教授會統一將考試題目寄給大家，總共三題，內容\n\n包含流體力學與電磁學的題目。\n\nFinal Project：\n\n2~3 人一組，期初老師會將一份 paper 的選單放在 ceiba 上，期末選擇一篇\n\n閱讀並製作成書面以及口頭報告，口頭報告時間約為 20 min 左右。\n\nω 其它(是否注重出席率？如果為外系選修，需先有什麼基礎較好嗎？老師個性？\n加簽習慣？嚴禁遲到等…)\n\n應該是會全簽，因為修課的人有夠少XDD\n\n基礎為流體力學以及電磁學，基本上流體力學應該是一定要修過，電磁學的部\n\n分因為本來就不是機械系的必修，所以老師會介紹一些重要的部分。\n\nΨ 總結\n\n如果對流體力學有興趣的話算是一門很不錯的進階課程，會更深入的探討流體\n\n在電磁場下的運動現象，另外也可以複習流體力學學過的東西。而這堂課的內\n\n容也偏向比較先進的科學現象，上到 EQS、MQS 的時候老師還大言不慚的說機\n\n械系會這個學問的只有他跟另外一個教授而以XDD。另外期末看論文報告也可以\n\n開開眼界，總而言之很不錯！\n\n不過如果只是想混學分還是不要修好了，真的是頗難XDD\n\n--\n\n原文網址: https://www.ptt.cc/bbs/NTUcourse/M.1498497240.A.403.html""}]"
奈米科學與工程,陳炳煇,機械工程學系、機械工程學研究所,2,114-2,44254,ME5046,,,,,"[""無評價""]",[]
微奈米尺度熱傳,呂明璋,機械工程學系、機械工程學研究所、奈米工程與科學碩士學位學程、奈米工程與科學博士學位學程,3,114-2,32343,ME5047,,,,,"[""無評價""]",[]
虛實製造系統,陳湘鳳,機械工程學系、工學院院學士學位、機械工程學研究所,3,114-2,32215,ME5049,,,,,"[""無評價""]",[]
高等材料力學,劉建豪,機械工程學系、工學院院學士學位、機械工程學研究所、奈米工程與科學碩士學位學程、奈米工程與科學博士學位學程,3,114-2,59540,ME5027,,,,,"[""無評價""]",[]
"普通物理學甲下
A7",梁啟德,物理學系、化學工程學系、資訊工程學系,3,114-2,48677,Phys1007,,,,,"[""無評價""]",[]
工程數學二,吳紀聖,化學工程學系、工學院院學士學位,3,114-2,25305,ChemE2008,,,,,"[""無評價""]",[]
分離程序,陳賢燁,化學工程學系,3,114-2,33061,ChemE3018,,,,,"[""無評價""]",[]
化學工程實驗一,郭修伯,化學工程學系,1,114-2,30276,ChemE3010,,,,,"[""無評價""]",[]
化學反應工程,王勝仕,化學工程學系,3,114-2,47825,ChemE4005,,,,,"[""無評價""]",[]
化工程序設計,吳哲夫,化學工程學系,2,114-2,45942,ChemE4014,,,,,"[""無評價""]",[]
學士專題研究丙,吳乃立,化學工程學系,1,114-2,15534,ChemE4002,,,,,"[""無評價""]",[]
學士專題研究丙,陳誠亮,化學工程學系,1,114-2,45178,ChemE4002,,,,,"[""無評價""]",[]
學士專題研究丙,陳立仁,化學工程學系,1,114-2,10878,ChemE4002,,,,,"[""無評價""]",[]
學士專題研究丙,呂宗昕,化學工程學系,1,114-2,21105,ChemE4002,,,,,"[""無評價""]",[]
學士專題研究丙,藍崇文,化學工程學系,1,114-2,45077,ChemE4002,,,,,"[""無評價""]",[]
學士專題研究丙,陳文章,化學工程學系,1,114-2,24573,ChemE4002,,,,,"[""無評價""]",[]
學士專題研究丙,吳紀聖,化學工程學系,1,114-2,48121,ChemE4002,,,,,"[""無評價""]",[]
學士專題研究丙,王大銘,化學工程學系,1,114-2,28747,ChemE4002,,,,,"[""無評價""]",[]
學士專題研究丙,謝學真,化學工程學系,1,114-2,44996,ChemE4002,,,,,"[""無評價""]",[]
學士專題研究丙,諶玉真,化學工程學系,1,114-2,49821,ChemE4002,,,,,"[""無評價""]",[]
學士專題研究丙,蔡偉博,化學工程學系,1,114-2,44256,ChemE4002,,,,,"[""無評價""]",[]
學士專題研究丙,戴子安,化學工程學系,1,114-2,28075,ChemE4002,,,,,"[""無評價""]",[]
學士專題研究丙,王勝仕,化學工程學系,1,114-2,23884,ChemE4002,,,,,"[""無評價""]",[]
學士專題研究丙,林祥泰,化學工程學系,1,114-2,52652,ChemE4002,,,,,"[""無評價""]",[]
學士專題研究丙,徐振哲,化學工程學系,1,114-2,53469,ChemE4002,,,,,"[""無評價""]",[]
學士專題研究丙,吳嘉文,化學工程學系,1,114-2,42677,ChemE4002,,,,,"[""無評價""]",[]
學士專題研究丙,吳哲夫,化學工程學系,1,114-2,14934,ChemE4002,,,,,"[""無評價""]",[]
學士專題研究丙,謝之真,化學工程學系,1,114-2,57207,ChemE4002,,,,,"[""無評價""]",[]
學士專題研究丙,廖英志,化學工程學系,1,114-2,34092,ChemE4002,,,,,"[""無評價""]",[]
學士專題研究丙,陳賢燁,化學工程學系,1,114-2,13011,ChemE4002,,,,,"[""無評價""]",[]
學士專題研究丙,游佳欣,化學工程學系,1,114-2,32790,ChemE4002,,,,,"[""無評價""]",[]
學士專題研究丙,康敦彥,化學工程學系,1,114-2,29497,ChemE4002,,,,,"[""無評價""]",[]
學士專題研究丙,闕居振,化學工程學系,1,114-2,38145,ChemE4002,,,,,"[""無評價""]",[]
學士專題研究丙,游文岳,化學工程學系,1,114-2,16151,ChemE4002,,,,,"[""無評價""]",[]
學士專題研究丙,李奕霈,化學工程學系,1,114-2,44460,ChemE4002,,,,,"[""無評價""]",[]
學士專題研究丙,郭修伯,化學工程學系,1,114-2,46320,ChemE4002,,,,,"[""無評價""]",[]
學士專題研究丙,陳嘉晉,化學工程學系,1,114-2,58226,ChemE4002,,,,,"[""無評價""]",[]
生化分離及生物程序工程,王勝仕,化學工程學系、工學院院學士學位、化學工程學研究所,3,114-2,24027,ChemE5054,,,,,"[""無評價""]",[]
化工產品之開發與管理,陳松興,化學工程學系、化學工程學研究所,3,114-2,30196,ChemE5061,,,,,"[""無評價""]",[]
高分子材料科學,鄒海雄,化學工程學系、化學工程學研究所,3,114-2,26433,ChemE5068,,,,,"[""無評價""]",[]
電子電路二,陳昭宏,工程科學及海洋工程學系,3,114-2,35643,ESOE2031,4.0,3.0,1.0,5.0,"[""[kevinchouchou | 111-2]: (複製自台大課程網)\n\nCH8 Laplace Transform and Sinusoidal Steady State\nCH9 Impedance and Frequency-Domain Circuit Analysis\nCH9 Impedance and Frequency-Domain Circuit Analysis\nCH10 Frequency-Selective Circuits\nCH10 Frequency-Selective Circuits\nCH10 Frequency-Selective Circuits\nCH11 Single-Transistor and Differential Amplifiers\nCH11 Single-Transistor and Differential Amplifiers\nCH11 Single-Transistor and Differential Amplifiers\nCH12 Current Mirrors and Active Loads\nCH12 Current Mirrors and Active Loads\nCH13 Operational Amplifier Design\nCH13 Operational Amplifier Design\n實體用投影偶爾搭配板書為主，不過也有疫情時的上課錄影可以看。\n老師自編講義\n期中的話很簡單，不寫exercise也可以，只要考試時transfer function不要解錯，基本上90不是問題\n\n期末的話據老師說很難，不過他看我們這屆程度比較差可能放了水，感覺都出基本題\n\n實驗的話期中要自己設計一顆filter，蠻好玩的。期末的話要用PSPICE自己設計一顆OP，不過這次好像看16週太趕所以變成給我們一個半完成的OP model，要我們自己設計compensation capacitor跟null resistor，並且phase margin要在60以上，設計完的OP面積越小分數越高。\n期中 40%\n期末 40%\n實驗 20%\n期中前會讓你以為這堂課很輕鬆，但期末的範圍需要比較多的時間理解，要自己抓好時間複習，不然很容易跟不上。其他部分跟電子電路一差不多。""]","[{""User_ID"": ""kevinchouchou"", ""Semester"": ""111-2"", ""Rating_Quality"": null, ""Rating_Sweet"": null, ""Rating_Easy"": null, ""Rating_Rich"": null, ""Comment"": ""(複製自台大課程網)\n\nCH8 Laplace Transform and Sinusoidal Steady State\nCH9 Impedance and Frequency-Domain Circuit Analysis\nCH9 Impedance and Frequency-Domain Circuit Analysis\nCH10 Frequency-Selective Circuits\nCH10 Frequency-Selective Circuits\nCH10 Frequency-Selective Circuits\nCH11 Single-Transistor and Differential Amplifiers\nCH11 Single-Transistor and Differential Amplifiers\nCH11 Single-Transistor and Differential Amplifiers\nCH12 Current Mirrors and Active Loads\nCH12 Current Mirrors and Active Loads\nCH13 Operational Amplifier Design\nCH13 Operational Amplifier Design\n實體用投影偶爾搭配板書為主，不過也有疫情時的上課錄影可以看。\n老師自編講義\n期中的話很簡單，不寫exercise也可以，只要考試時transfer function不要解錯，基本上90不是問題\n\n期末的話據老師說很難，不過他看我們這屆程度比較差可能放了水，感覺都出基本題\n\n實驗的話期中要自己設計一顆filter，蠻好玩的。期末的話要用PSPICE自己設計一顆OP，不過這次好像看16週太趕所以變成給我們一個半完成的OP model，要我們自己設計compensation capacitor跟null resistor，並且phase margin要在60以上，設計完的OP面積越小分數越高。\n期中 40%\n期末 40%\n實驗 20%\n期中前會讓你以為這堂課很輕鬆，但期末的範圍需要比較多的時間理解，要自己抓好時間複習，不然很容易跟不上。其他部分跟電子電路一差不多。""}]"
物件導向程式語言,黃乾綱,工程科學及海洋工程學系,3,114-2,10895,ESOE2013,4.0,4.0,3.0,5.0,"[""[User77867 | 111-2]: 物件導向基本概念\n從Class, Inheritence, Polymophism, Exception Handling等\n上課會用ppt搭配程式碼舉實例說明(這部分滿需要認真聽的哈哈 一不小心就會沒跟上)\n課後教授也會很認真回答學生問題，個人認為大部分的觀念釐清都能弄懂，解釋的超級清楚\n共十次作業+期中期末+期末專案\n作業難度中等\n期末專案4人一組，分為自選題和指定題，自選題我們做臺大校園闖關，指定題今年是租車系統(類似goshare, wemo)\n期中期末各佔25%\n作業10%(遲交可以補交，算是基本分哈哈)\n期末專題40%(自選15%+指定25%)\n整體學得滿扎實的，比較難的是期末專題，我們有做到前端後端的資料、googlemap API(可以在地圖上租車)、後端資料庫儲存(SQL)等，最後期末有demo時間，看到不同組成果覺得滿酷的，有組別自選題做遊戲(渲染效果等)\n課程loading不算輕，物導概念建立跟實作，真心覺得能學到滿多東西""]","[{""User_ID"": ""User77867"", ""Semester"": ""111-2"", ""Rating_Quality"": null, ""Rating_Sweet"": null, ""Rating_Easy"": null, ""Rating_Rich"": null, ""Comment"": ""物件導向基本概念\n從Class, Inheritence, Polymophism, Exception Handling等\n上課會用ppt搭配程式碼舉實例說明(這部分滿需要認真聽的哈哈 一不小心就會沒跟上)\n課後教授也會很認真回答學生問題，個人認為大部分的觀念釐清都能弄懂，解釋的超級清楚\n共十次作業+期中期末+期末專案\n作業難度中等\n期末專案4人一組，分為自選題和指定題，自選題我們做臺大校園闖關，指定題今年是租車系統(類似goshare, wemo)\n期中期末各佔25%\n作業10%(遲交可以補交，算是基本分哈哈)\n期末專題40%(自選15%+指定25%)\n整體學得滿扎實的，比較難的是期末專題，我們有做到前端後端的資料、googlemap API(可以在地圖上租車)、後端資料庫儲存(SQL)等，最後期末有demo時間，看到不同組成果覺得滿酷的，有組別自選題做遊戲(渲染效果等)\n課程loading不算輕，物導概念建立跟實作，真心覺得能學到滿多東西""}]"
結構學,黃心豪,工程科學及海洋工程學系,3,114-2,59629,ESOE2001,,,,,"[""[PTT | 104-2]: 轉載自 PTT 作者 ID: ikkmqdss8 (sl275seg)\n哪一學年度修課：\n\n104-2\n\nψ 授課教師 (若為多人合授請寫開課教師，以方便收錄)\n\n黃心豪\n\nλ 開課系所與授課對象 (是否為必修或通識課 / 內容是否與某些背景相關)\n\n工科海洋船舶組及應力組必修\n\n建議有靜力學、材料力學之基礎，無亦可，老師會在課程中補充。\n\nδ 課程大概內容\n\n結構與負載種類\n\n靜定結構及桁架分析\n\n結構之內部負載分析\n\n期中考及翻轉考試\n\n變位分析\n\n-積分法、共軛法\n\n-虛功法\n\n靜不定結構分析\n\n-力法\n\n-傾角變位法\n\n期末考及翻轉考試\n\n結構競賽及期末呈現\n\nΩ 私心推薦指數(以五分計) ★★★+\n\n黃心豪的教學是系上還不錯的，這評分是有點嚴苛了。理由見下方。\n\nη 上課用書(影印講義或是指定教科書)\n\nStructural Analysis 8e in SI by R.C.Hibbeler, Pearson\n\nμ 上課方式(投影片、團體討論、老師教學風格)\n\n老師會用平板接投影機代替黑板，筆記十分精簡，請務必備妥教科書。\n\n考試時是開放開筆記及開書的，光靠筆記不夠。\n\n學生先2至3人分為16組，組原自找並回報助教，此即結構競賽之分組。\n\n期末結構競賽為以老師指定材料 ( 此屆為影印A4紙及橡皮筋 ) 做出符\n\n合要求之結構，並兩兩對拉，競賽結果算入學期成績，比重約15%。\n\n競賽組別再以兩組成一大組，為翻轉考試組別，兩次考試中都要出一題\n\n與同班同學互考。翻轉考試為一大組共作一題，每個人分數一樣。\n\n本課程開三節課，老師會改成兩大節，上課主要講觀念，每章只帶約一\n\n題重點題，上課進度慢，老師很歡迎學生隨時提問，然速度較緩，單堂\n\n時間冗長，常造成顯著催眠效果。\n\n在章節作結時會拿出一結構並請同學記錄量測值，以上課之理論方法實\n\n際演算一次，作為作業之一。\n\nσ 評分方式(給分甜嗎？是紮實分？)\n\n紮實分，黃心豪老師的評分方式都是一大坨，總分可能一千多分，再以\n\n全班的狀況標準化大家的成績。結構競賽因含有報告，也就是報告的好\n\n可以加分，老師表示不必太在意競賽結果，好玩就好。\n\nρ 考題型式、作業方式\n\n考題有一半以上為上課或課本例題，有時候會有一些觀念題，請以工程\n\n師的直覺作答。就算不會也有墨水分，而且開書考應該是可以生出些什\n\n麼。本屆作業僅有上述之計算及誤差分析，之前有拿課本習題當作業。\n\nω 其它(是否注重出席率？如果為外系選修，需先有什麼基礎較好嗎？老師個性？\n加簽習慣？嚴禁遲到等…)\n\n老師不點名，期末報告時會簽到，但並非未到就被當。基礎如前述，老\n\n師希望學生理解課程內容為重，有問題請盡量問。對助教很兇，對學生\n\n很好。\n\nΨ 總結\n\n在這邊補上我給3.5的原因，老師立意良善，對學生的學習亦隨時投以熱\n\n忱協助，然上完了整學期的課發現老師所講的對於在下我來說並不是那\n\n麼好理解，而且平板與投影機的搭配效果不佳，寫得不快，操作不順，\n\n導致上課步調較慢，雖然在老師掌控進度之內，我的感覺是整堂課有點\n\n空洞，搞不好縮至2堂即可。可能是為顧及母語非中文的學生吧。\n\n若想體驗有趣的結構競賽，歡迎呼朋引伴來修。\n\n有問題請隨時與老師反映，老師很樂意聽取大家的建議，我就是范建沒講\n\n--\n\n原文網址: https://www.ptt.cc/bbs/NTUcourse/M.1467914445.A.1D2.html""]","[{""User_ID"": ""PTT"", ""Semester"": ""104-2"", ""Rating_Quality"": null, ""Rating_Sweet"": null, ""Rating_Easy"": null, ""Rating_Rich"": null, ""Comment"": ""轉載自 PTT 作者 ID: ikkmqdss8 (sl275seg)\n哪一學年度修課：\n\n104-2\n\nψ 授課教師 (若為多人合授請寫開課教師，以方便收錄)\n\n黃心豪\n\nλ 開課系所與授課對象 (是否為必修或通識課 / 內容是否與某些背景相關)\n\n工科海洋船舶組及應力組必修\n\n建議有靜力學、材料力學之基礎，無亦可，老師會在課程中補充。\n\nδ 課程大概內容\n\n結構與負載種類\n\n靜定結構及桁架分析\n\n結構之內部負載分析\n\n期中考及翻轉考試\n\n變位分析\n\n-積分法、共軛法\n\n-虛功法\n\n靜不定結構分析\n\n-力法\n\n-傾角變位法\n\n期末考及翻轉考試\n\n結構競賽及期末呈現\n\nΩ 私心推薦指數(以五分計) ★★★+\n\n黃心豪的教學是系上還不錯的，這評分是有點嚴苛了。理由見下方。\n\nη 上課用書(影印講義或是指定教科書)\n\nStructural Analysis 8e in SI by R.C.Hibbeler, Pearson\n\nμ 上課方式(投影片、團體討論、老師教學風格)\n\n老師會用平板接投影機代替黑板，筆記十分精簡，請務必備妥教科書。\n\n考試時是開放開筆記及開書的，光靠筆記不夠。\n\n學生先2至3人分為16組，組原自找並回報助教，此即結構競賽之分組。\n\n期末結構競賽為以老師指定材料 ( 此屆為影印A4紙及橡皮筋 ) 做出符\n\n合要求之結構，並兩兩對拉，競賽結果算入學期成績，比重約15%。\n\n競賽組別再以兩組成一大組，為翻轉考試組別，兩次考試中都要出一題\n\n與同班同學互考。翻轉考試為一大組共作一題，每個人分數一樣。\n\n本課程開三節課，老師會改成兩大節，上課主要講觀念，每章只帶約一\n\n題重點題，上課進度慢，老師很歡迎學生隨時提問，然速度較緩，單堂\n\n時間冗長，常造成顯著催眠效果。\n\n在章節作結時會拿出一結構並請同學記錄量測值，以上課之理論方法實\n\n際演算一次，作為作業之一。\n\nσ 評分方式(給分甜嗎？是紮實分？)\n\n紮實分，黃心豪老師的評分方式都是一大坨，總分可能一千多分，再以\n\n全班的狀況標準化大家的成績。結構競賽因含有報告，也就是報告的好\n\n可以加分，老師表示不必太在意競賽結果，好玩就好。\n\nρ 考題型式、作業方式\n\n考題有一半以上為上課或課本例題，有時候會有一些觀念題，請以工程\n\n師的直覺作答。就算不會也有墨水分，而且開書考應該是可以生出些什\n\n麼。本屆作業僅有上述之計算及誤差分析，之前有拿課本習題當作業。\n\nω 其它(是否注重出席率？如果為外系選修，需先有什麼基礎較好嗎？老師個性？\n加簽習慣？嚴禁遲到等…)\n\n老師不點名，期末報告時會簽到，但並非未到就被當。基礎如前述，老\n\n師希望學生理解課程內容為重，有問題請盡量問。對助教很兇，對學生\n\n很好。\n\nΨ 總結\n\n在這邊補上我給3.5的原因，老師立意良善，對學生的學習亦隨時投以熱\n\n忱協助，然上完了整學期的課發現老師所講的對於在下我來說並不是那\n\n麼好理解，而且平板與投影機的搭配效果不佳，寫得不快，操作不順，\n\n導致上課步調較慢，雖然在老師掌控進度之內，我的感覺是整堂課有點\n\n空洞，搞不好縮至2堂即可。可能是為顧及母語非中文的學生吧。\n\n若想體驗有趣的結構競賽，歡迎呼朋引伴來修。\n\n有問題請隨時與老師反映，老師很樂意聽取大家的建議，我就是范建沒講\n\n--\n\n原文網址: https://www.ptt.cc/bbs/NTUcourse/M.1467914445.A.1D2.html""}]"
造船原理,趙修武,工程科學及海洋工程學系、工程科學及海洋工程學研究所,3,114-2,36998,ESOE5115,,,,,"[""無評價""]",[]
振動學,宋家驥,工程科學及海洋工程學系、工程科學及海洋工程學研究所,3,114-2,48350,ESOE5145,,,,,"[""無評價""]",[]
信號與系統,李坤彥,工程科學及海洋工程學系、工程科學及海洋工程學研究所、元件材料與異質整合碩士學位學程、元件材料與異質整合博士學位學程,3,114-2,30547,ESOE5110,,,,,"[""無評價""]",[]
專題研究,薛文証,工程科學及海洋工程學系、工程科學及海洋工程學研究所,1,114-2,49279,ESOE8002,,,,,"[""無評價""]",[]
專題研究,陳琪芳,工程科學及海洋工程學系、工程科學及海洋工程學研究所,1,114-2,50054,ESOE8002,,,,,"[""無評價""]",[]
專題研究,郭振華,工程科學及海洋工程學系、工程科學及海洋工程學研究所,1,114-2,42555,ESOE8002,,,,,"[""無評價""]",[]
專題研究,丁肇隆,工程科學及海洋工程學系、工程科學及海洋工程學研究所,1,114-2,10238,ESOE7002,,,,,"[""無評價""]",[]
專題研究,張瑞益,工程科學及海洋工程學系、工程科學及海洋工程學研究所,1,114-2,49480,ESOE8002,,,,,"[""無評價""]",[]
專題研究,吳文中,工程科學及海洋工程學系、工程科學及海洋工程學研究所,1,114-2,57895,ESOE8002,,,,,"[""無評價""]",[]
專題研究,黃乾綱,工程科學及海洋工程學系、工程科學及海洋工程學研究所,1,114-2,52726,ESOE8002,,,,,"[""無評價""]",[]
專題研究,李佳翰,工程科學及海洋工程學系、工程科學及海洋工程學研究所,1,114-2,41453,ESOE8002,,,,,"[""無評價""]",[]
專題研究,江茂雄,工程科學及海洋工程學系、工程科學及海洋工程學研究所,1,114-2,51323,ESOE8002,,,,,"[""無評價""]",[]
專題研究,陳昭宏,工程科學及海洋工程學系、工程科學及海洋工程學研究所,1,114-2,48759,ESOE8002,,,,,"[""無評價""]",[]
專題研究,李坤彥,工程科學及海洋工程學系、工程科學及海洋工程學研究所、元件材料與異質整合博士學位學程、元件材料與異質整合博士學位學程、元件材料與異質整合博士學位學程、元件材料與異質整合博士學位學程、元件材料與異質整合博士學位學程、元件材料與異質整合博士學位學程,1,114-2,56969,ESOE8002,,,,,"[""無評價""]",[]
專題研究,張恆華,工程科學及海洋工程學系、工程科學及海洋工程學研究所,1,114-2,26423,ESOE7002,,,,,"[""無評價""]",[]
專題研究,蔡武廷,工程科學及海洋工程學系、工程科學及海洋工程學研究所,1,114-2,26032,ESOE8002,,,,,"[""無評價""]",[]
專題研究,黃心豪,工程科學及海洋工程學系、工程科學及海洋工程學研究所,1,114-2,30493,ESOE7002,,,,,"[""無評價""]",[]
專題研究,李岳聯,工程科學及海洋工程學系、工程科學及海洋工程學研究所,1,114-2,34972,ESOE8002,,,,,"[""無評價""]",[]
專題研究,戴璽恆,工程科學及海洋工程學系、工程科學及海洋工程學研究所,1,114-2,40023,ESOE7002,,,,,"[""無評價""]",[]
專題研究,趙修武,工程科學及海洋工程學系、工程科學及海洋工程學研究所,1,114-2,32862,ESOE8002,,,,,"[""無評價""]",[]
專題研究,羅弘岳,工程科學及海洋工程學系、工程科學及海洋工程學研究所,1,114-2,21321,ESOE8002,,,,,"[""無評價""]",[]
數位控制系統,江茂雄,工程科學及海洋工程學系、工程科學及海洋工程學研究所,3,114-2,24650,ESOE5019,,,,,"[""無評價""]",[]
腐蝕與防治,李岳聯,工程科學及海洋工程學系、工程科學及海洋工程學研究所,3,114-2,16773,ESOE5108,,,,,"[""無評價""]",[]
機率與統計,黃乾綱,工程科學及海洋工程學系、工程科學及海洋工程學研究所,3,114-2,19107,ESOE5100,2.5,5.0,5.0,1.0,"[""[kevinchouchou | 111-2]: 這學期只有講到第7點的樣子\n\n1. 機率的意義(The Meaning of Probability)\n2. 機率相關定理(The Axioms of Probability)\n3. 重覆實驗(Repeated Trials)\n4. 隨機變數(The Concept of the Random Variable)\n5. 隨機變數的函數(Functions of Random Variables)\n6. 條件機率, (Moments and Conditional Statistics)\n7. 隨機變數系列(Sequences of Random Variables)\n8. 估量(Estimation)\n9. 假設測試(Tests of Hypothesis)\n10.相關性分析(Correlation)\n老師講解投影片，上課人數在期中過後大幅減少。老師也有將之前疫情時的上課錄影上傳到cool給大家看\nProbability and Stochastic Processes - Second Edition\n期中期末考都是出課本習題，如果怕跟考古不一樣的話把課本全部習題寫完就沒問題了。\n\n小組作業的話要出題給其他組寫，也要批改其他組寫完的答案。不過基本上大家都很高分，只要你的組員不躺分把題目都給你出的話應該沒問題。\n期末考 30%\n期中考 30%\n課本習題 16.8%\n自選題 4.8%\n小組作業 18.4%\n這門課應該是預設大家都是0基礎，所以老師教得超慢，明明前面都是高中學過的排列組合與機率卻還是花了將近四週講解，導致最後期末進度整個大delay，所以最後只有考到 ch6. Sums of Random Variables，而電機系的機統據說則是有講到 ch10 還是 ch11 的樣子，可見老師有多拖，也有可能是老師自己對於後面章節也不太熟悉所以故意拖延ㄏㄏ。\n\n期中的部分都考考古，平均85，如果有拿到考古且沒計算錯的話基本上100不是問題，不過考得也很簡單，所以沒有考古也能輕鬆95以上吧。期末的話似乎很多人都覺得會跟期中一樣考考古題，不過這次期中是助教出題，且全部都跟考古題不一樣，所以蠻多只背考古題的人都考不太好，平均似乎60幾的樣子。不過個人是沒有覺得太難，感覺都出基本題，我期中後就沒念過機統，只有期末前讀了課本8小時+看一遍考古，最後考96供參。\n\n好像有蠻多外系同學看到之前的評價文想來修課，結果這學期第一堂課教室整個塞爆，後來老師也只簽大四以上的學生。不過根據我的觀察，如果硬要待到最後的話似乎還是可以簽到。""]","[{""User_ID"": ""kevinchouchou"", ""Semester"": ""111-2"", ""Rating_Quality"": null, ""Rating_Sweet"": null, ""Rating_Easy"": null, ""Rating_Rich"": null, ""Comment"": ""這學期只有講到第7點的樣子\n\n1. 機率的意義(The Meaning of Probability)\n2. 機率相關定理(The Axioms of Probability)\n3. 重覆實驗(Repeated Trials)\n4. 隨機變數(The Concept of the Random Variable)\n5. 隨機變數的函數(Functions of Random Variables)\n6. 條件機率, (Moments and Conditional Statistics)\n7. 隨機變數系列(Sequences of Random Variables)\n8. 估量(Estimation)\n9. 假設測試(Tests of Hypothesis)\n10.相關性分析(Correlation)\n老師講解投影片，上課人數在期中過後大幅減少。老師也有將之前疫情時的上課錄影上傳到cool給大家看\nProbability and Stochastic Processes - Second Edition\n期中期末考都是出課本習題，如果怕跟考古不一樣的話把課本全部習題寫完就沒問題了。\n\n小組作業的話要出題給其他組寫，也要批改其他組寫完的答案。不過基本上大家都很高分，只要你的組員不躺分把題目都給你出的話應該沒問題。\n期末考 30%\n期中考 30%\n課本習題 16.8%\n自選題 4.8%\n小組作業 18.4%\n這門課應該是預設大家都是0基礎，所以老師教得超慢，明明前面都是高中學過的排列組合與機率卻還是花了將近四週講解，導致最後期末進度整個大delay，所以最後只有考到 ch6. Sums of Random Variables，而電機系的機統據說則是有講到 ch10 還是 ch11 的樣子，可見老師有多拖，也有可能是老師自己對於後面章節也不太熟悉所以故意拖延ㄏㄏ。\n\n期中的部分都考考古，平均85，如果有拿到考古且沒計算錯的話基本上100不是問題，不過考得也很簡單，所以沒有考古也能輕鬆95以上吧。期末的話似乎很多人都覺得會跟期中一樣考考古題，不過這次期中是助教出題，且全部都跟考古題不一樣，所以蠻多只背考古題的人都考不太好，平均似乎60幾的樣子。不過個人是沒有覺得太難，感覺都出基本題，我期中後就沒念過機統，只有期末前讀了課本8小時+看一遍考古，最後考96供參。\n\n好像有蠻多外系同學看到之前的評價文想來修課，結果這學期第一堂課教室整個塞爆，後來老師也只簽大四以上的學生。不過根據我的觀察，如果硬要待到最後的話似乎還是可以簽到。""}]"
現代液氣壓伺服控制,江茂雄,工程科學及海洋工程學系、工程科學及海洋工程學研究所,3,114-2,24582,ESOE5026,,,,,"[""無評價""]",[]
水下聲學,陳琪芳,工程科學及海洋工程學系、工程科學及海洋工程學研究所,3,114-2,32371,ESOE5037,,,,,"[""無評價""]",[]
近岸海洋傳輸過程,戴璽恆,工程科學及海洋工程學系、工程科學及海洋工程學研究所,3,114-2,56183,ESOE5112,,,,,"[""無評價""]",[]
淺水波之計算方法,羅弘岳,工程科學及海洋工程學系、工程科學及海洋工程學研究所,3,114-2,59519,ESOE5136,,,,,"[""無評價""]",[]
港灣、海洋工程設計、施工實例,陳吉紀,工程科學及海洋工程學系、工程科學及海洋工程學研究所,2,114-2,58982,ESOE5124,,,,,"[""無評價""]",[]
虛擬儀控之設計與應用,吳文中,工程科學及海洋工程學系、工程科學及海洋工程學研究所,3,114-2,36135,ESOE5089,,,,,"[""[PTT | 107-2]: 轉載自 PTT 作者 ID: sat974294 (社會毒瘤+1)\n哪一學年度修課：\n107-2\nψ 授課教師 (若為多人合授請寫開課教師，以方便收錄)\n吳文中\nλ 開課系所與授課對象 (是否為必修或通識課 / 內容是否與某些背景相關)\n工程科學及海洋工程學系 / 工學院 理學院 電資學院\nδ 課程大概內容\n上半學期：介紹LabVIEW這門程式語言的基本功能，跟一般程式語言課雷同\n下半學期：介紹LabVIEW與硬體間的互動、程式語言內部特殊設計\nΩ 私心推薦指數(以五分計) ★★★★★\n★★★★★\nη 上課用書(影印講義或是指定教科書)\n無，課程內容都是教授自製的投影片\nμ 上課方式(投影片、團體討論、老師教學風格)\n除了整學期投影片，老師還會帶同學上機，會等同學寫得差不多再進下個環節\n因為這學期修課人數比往年多，而且有旁聽生，所以建議自備筆電\n學校網站有免費的LabVIEW2014版可以下載\nσ 評分方式(給分甜嗎？是紮實分？)\n扎實學分，但給分又甜又涼\n回家作業 40% 這學期一共五次作業，基本上內容都跟小考有關\n課堂小考 20% 這學期一共三次小考，沒有固定哪一週小考，所以考前\n助教會寄信通知\n期末專題 40% 題目自訂，沒有要求一定要跟硬體互動\nρ 考題型式、作業方式\n前兩次小考試要用窮舉寫程式，第三次基本上跟作業差不多內容\n作業都是寫些小難的程式，都是上課內容，也給很多時間寫，整體下來不花太\n多心力，只是讀作業敘述頗吃力\nω 其它(是否注重出席率？如果為外系選修，需先有什麼基礎較好嗎？老師個性？\n加簽習慣？嚴禁遲到等…)\n完全不看出席；也不太需要程式語言基礎；印象中這學期修課人數多、旁聽生\n多，所以沒全簽。\n多數修課同學都第一次接觸LabVIEW，但跟著老師上機操作後會變得超好上手。\n作業不簡單都有寫，考試只要出窮舉都被電爆所以拿B、B+，期末專題有做出像\n樣的成果，最後學期成績拿A。\nΨ 總結\n本人化工系，有一點點MATLAB的底，但所屬單位是用LabVIEW去設計硬體控制，\n因此特別想修相關課程。\n而且自學程式語言有所極限，所以覺得還是該從基礎的內容學起。\n上學期修橄欖球課因緣際會遇到學霸teric1024，才知道真的有這門課就修了。\n最大的修課因素在於，學期過後可以免費參加LabVIEW的認證考試。\n\n因為我接觸程式語言沒幾個月，小考因為沒聽過窮舉所以被電到，但工作就用\nLabVIEW，所以還算跟得上。\n平常向電資學霸大佬們學習，fly168、layu19920414、yu00928、wl02227976、\nGeniusPuddin。\n他們偶爾教我寫演算法，我對軟硬體互動有興趣，所以我對寫程式也不排斥。\n\n前面相當枯燥，因為跟學其他語言一樣在打基礎。\n後面開始飆車，因為LabVIEW的應用太廣，老師也不好詳細介紹太多例子，其實\n應用的部分收穫有限，\n但真的用到麥克風等硬體實作真的很好玩，期末專題也可以做這相關的題目。\n\n一整學期下來，雖然作業小難又不少，平常常被大佬電，但最後可以真的寫出軟\n硬體互動的程式。\n至於前面提到的免費考的CLAD認證，因為主辦方發生些意外導致這學期變最後一\n屆免費考。\n好好跟老師上課進度跟助教寄的補充資料就過了，雖然有說以後考試的難度有提\n升，但我沒感覺...不過教授說往年都有七成通過率。\n通過與否因為考試是40題選擇題，所以交卷瞬間後就知道了，雖然我不知道它的\n具體功能，但也就累積經驗。\n\nhttps://i.imgur.com/PzMVnzE.png\nhttps://i.imgur.com/qIBkxox.png\nhttps://i.imgur.com/Z00kNFc.png\n\n--\n\n原文網址: https://www.ptt.cc/bbs/NTUcourse/M.1564569023.A.53C.html""]","[{""User_ID"": ""PTT"", ""Semester"": ""107-2"", ""Rating_Quality"": null, ""Rating_Sweet"": null, ""Rating_Easy"": null, ""Rating_Rich"": null, ""Comment"": ""轉載自 PTT 作者 ID: sat974294 (社會毒瘤+1)\n哪一學年度修課：\n107-2\nψ 授課教師 (若為多人合授請寫開課教師，以方便收錄)\n吳文中\nλ 開課系所與授課對象 (是否為必修或通識課 / 內容是否與某些背景相關)\n工程科學及海洋工程學系 / 工學院 理學院 電資學院\nδ 課程大概內容\n上半學期：介紹LabVIEW這門程式語言的基本功能，跟一般程式語言課雷同\n下半學期：介紹LabVIEW與硬體間的互動、程式語言內部特殊設計\nΩ 私心推薦指數(以五分計) ★★★★★\n★★★★★\nη 上課用書(影印講義或是指定教科書)\n無，課程內容都是教授自製的投影片\nμ 上課方式(投影片、團體討論、老師教學風格)\n除了整學期投影片，老師還會帶同學上機，會等同學寫得差不多再進下個環節\n因為這學期修課人數比往年多，而且有旁聽生，所以建議自備筆電\n學校網站有免費的LabVIEW2014版可以下載\nσ 評分方式(給分甜嗎？是紮實分？)\n扎實學分，但給分又甜又涼\n回家作業 40% 這學期一共五次作業，基本上內容都跟小考有關\n課堂小考 20% 這學期一共三次小考，沒有固定哪一週小考，所以考前\n助教會寄信通知\n期末專題 40% 題目自訂，沒有要求一定要跟硬體互動\nρ 考題型式、作業方式\n前兩次小考試要用窮舉寫程式，第三次基本上跟作業差不多內容\n作業都是寫些小難的程式，都是上課內容，也給很多時間寫，整體下來不花太\n多心力，只是讀作業敘述頗吃力\nω 其它(是否注重出席率？如果為外系選修，需先有什麼基礎較好嗎？老師個性？\n加簽習慣？嚴禁遲到等…)\n完全不看出席；也不太需要程式語言基礎；印象中這學期修課人數多、旁聽生\n多，所以沒全簽。\n多數修課同學都第一次接觸LabVIEW，但跟著老師上機操作後會變得超好上手。\n作業不簡單都有寫，考試只要出窮舉都被電爆所以拿B、B+，期末專題有做出像\n樣的成果，最後學期成績拿A。\nΨ 總結\n本人化工系，有一點點MATLAB的底，但所屬單位是用LabVIEW去設計硬體控制，\n因此特別想修相關課程。\n而且自學程式語言有所極限，所以覺得還是該從基礎的內容學起。\n上學期修橄欖球課因緣際會遇到學霸teric1024，才知道真的有這門課就修了。\n最大的修課因素在於，學期過後可以免費參加LabVIEW的認證考試。\n\n因為我接觸程式語言沒幾個月，小考因為沒聽過窮舉所以被電到，但工作就用\nLabVIEW，所以還算跟得上。\n平常向電資學霸大佬們學習，fly168、layu19920414、yu00928、wl02227976、\nGeniusPuddin。\n他們偶爾教我寫演算法，我對軟硬體互動有興趣，所以我對寫程式也不排斥。\n\n前面相當枯燥，因為跟學其他語言一樣在打基礎。\n後面開始飆車，因為LabVIEW的應用太廣，老師也不好詳細介紹太多例子，其實\n應用的部分收穫有限，\n但真的用到麥克風等硬體實作真的很好玩，期末專題也可以做這相關的題目。\n\n一整學期下來，雖然作業小難又不少，平常常被大佬電，但最後可以真的寫出軟\n硬體互動的程式。\n至於前面提到的免費考的CLAD認證，因為主辦方發生些意外導致這學期變最後一\n屆免費考。\n好好跟老師上課進度跟助教寄的補充資料就過了，雖然有說以後考試的難度有提\n升，但我沒感覺...不過教授說往年都有七成通過率。\n通過與否因為考試是40題選擇題，所以交卷瞬間後就知道了，雖然我不知道它的\n具體功能，但也就累積經驗。\n\nhttps://i.imgur.com/PzMVnzE.png\nhttps://i.imgur.com/qIBkxox.png\nhttps://i.imgur.com/Z00kNFc.png\n\n--\n\n原文網址: https://www.ptt.cc/bbs/NTUcourse/M.1564569023.A.53C.html""}]"
風力發電機原理,江茂雄,工程科學及海洋工程學系、工程科學及海洋工程學研究所,3,114-2,24101,ESOE5132,4.0,4.0,3.0,3.0,"[""[User07987 | 113-2]: 很多不同老師上不同內容，包含葉片材料、空氣動力學、發電機原理、控制系統等，有點像導論的加深版。在後半學期有請業界的人來演講，不像導論的業界演講只有單純介紹的感覺，會加入一些背後原理。\n老師投影片\n1. 葉片設計作業(老師會教怎麼做，但還是需要花時間，我是外系生所以花更多時間，善用chatgpt，可以問他怎麼做，可是如果只想靠他沒有自己思考應該很難做出來)\n\n2.演講心得3篇(12號字，一倍行距，寫3頁約A-)\n\n3.隨堂學習單2份(答案幾乎都在投影片上，講師也會提示答案在哪裡)\n\n4.期末報告，選一個跟課程相關的題目(如:葉片材料、葉片空氣動力學)，錄影片講再上傳\n\n沒有考試\n1.2.3.總共占60%\n期末報告30%\n在演講發言提問10%\n在課堂上上課很輕鬆，真心想學東西會覺得課程內容豐富。葉片設計作業對我來說非常有挑戰性，因為我是外系學生。跟著老師提供的指引，不斷思考與嘗試直到最後設計出葉片，真的非常有成就感，雖然曾經埋怨為何要出這個作業，但真的完成後又覺得我真的有從課程中帶走一些東西。""]","[{""User_ID"": ""User07987"", ""Semester"": ""113-2"", ""Rating_Quality"": null, ""Rating_Sweet"": null, ""Rating_Easy"": null, ""Rating_Rich"": null, ""Comment"": ""很多不同老師上不同內容，包含葉片材料、空氣動力學、發電機原理、控制系統等，有點像導論的加深版。在後半學期有請業界的人來演講，不像導論的業界演講只有單純介紹的感覺，會加入一些背後原理。\n老師投影片\n1. 葉片設計作業(老師會教怎麼做，但還是需要花時間，我是外系生所以花更多時間，善用chatgpt，可以問他怎麼做，可是如果只想靠他沒有自己思考應該很難做出來)\n\n2.演講心得3篇(12號字，一倍行距，寫3頁約A-)\n\n3.隨堂學習單2份(答案幾乎都在投影片上，講師也會提示答案在哪裡)\n\n4.期末報告，選一個跟課程相關的題目(如:葉片材料、葉片空氣動力學)，錄影片講再上傳\n\n沒有考試\n1.2.3.總共占60%\n期末報告30%\n在演講發言提問10%\n在課堂上上課很輕鬆，真心想學東西會覺得課程內容豐富。葉片設計作業對我來說非常有挑戰性，因為我是外系學生。跟著老師提供的指引，不斷思考與嘗試直到最後設計出葉片，真的非常有成就感，雖然曾經埋怨為何要出這個作業，但真的完成後又覺得我真的有從課程中帶走一些東西。""}]"
離岸浮動式平台之繫泊系統,馬開東,工程科學及海洋工程學系、工程科學及海洋工程學研究所,3,114-2,30426,ESOE5137,,,,,"[""無評價""]",[]
微積分4,蔡雅如,物理學系、地質科學系、工程科學及海洋工程學系、材料科學與工程學系、生物環境系統工程學系、生物機電工程學系、資訊管理學系、電機工程學系、資訊工程學系,2,114-2,38570,MATH4009,,,,,"[""無評價""]",[]
"普通物理學甲下
A7",胡德邦,物理學系、化學系、地質科學系、機械工程學系、材料科學與工程學系、資訊工程學系,3,114-2,33768,Phys1007,5.0,2.0,2.0,5.0,"[""[User46015 | 113-2]: 主要是電磁學跟量子物理\n實體課，但老師會有錄影\n老師手寫筆記\n期中三次作業，期末一次作業。期中期末都是實體考試\n分成作業、期中、期末，這三個裡面最高分佔40%，第二高佔35%、最低佔25%\n非常紮實，期中期末大約有20分左右是從作業裡出的，但其他的部分就要靠認真上課努力消化吸收了⋯""]","[{""User_ID"": ""User46015"", ""Semester"": ""113-2"", ""Rating_Quality"": null, ""Rating_Sweet"": null, ""Rating_Easy"": null, ""Rating_Rich"": null, ""Comment"": ""主要是電磁學跟量子物理\n實體課，但老師會有錄影\n老師手寫筆記\n期中三次作業，期末一次作業。期中期末都是實體考試\n分成作業、期中、期末，這三個裡面最高分佔40%，第二高佔35%、最低佔25%\n非常紮實，期中期末大約有20分左右是從作業裡出的，但其他的部分就要靠認真上課努力消化吸收了⋯""}]"
程式設計,陳俊杉,材料科學與工程學系,3,114-2,24496,MSE1010,4.0,5.0,4.0,4.0,"[""[User68408 | 110-2]: 110-2期中期末都出超過100，題目不會太難，對有認真的學生而言，給分十分大方\n但題目偶爾會有bug\n（從syllabus複製）\nLab 實作：10%\nHW 作業：15%\nQuiz 小考：15%(兩次，每次 7.5%)\nMidterm exam 期中考：30%\nFinal exam 期末考：30%\nFinal project (optional)：5% Bonus\n材料系必修的程式設計\n\n主要是給沒有程式基礎的人學習，教的是python，上課進度適中，作業不會很難，對於沒有基礎的人上完一學期後，應該能對python有基本認識，但對有學過的人而言這門課會變得有點無趣""]","[{""User_ID"": ""User68408"", ""Semester"": ""110-2"", ""Rating_Quality"": null, ""Rating_Sweet"": null, ""Rating_Easy"": null, ""Rating_Rich"": null, ""Comment"": ""110-2期中期末都出超過100，題目不會太難，對有認真的學生而言，給分十分大方\n但題目偶爾會有bug\n（從syllabus複製）\nLab 實作：10%\nHW 作業：15%\nQuiz 小考：15%(兩次，每次 7.5%)\nMidterm exam 期中考：30%\nFinal exam 期末考：30%\nFinal project (optional)：5% Bonus\n材料系必修的程式設計\n\n主要是給沒有程式基礎的人學習，教的是python，上課進度適中，作業不會很難，對於沒有基礎的人上完一學期後，應該能對python有基本認識，但對有學過的人而言這門課會變得有點無趣""}]"
材料熱力學二,高振宏,材料科學與工程學系,3,114-2,58850,MSE3001,,,,,"[""無評價""]",[]
合成有機化學,趙基揚,材料科學與工程學系,3,114-2,23606,MSE5027,,,,,"[""無評價""]",[]
高分子材料概論,蔡豐羽,材料科學與工程學系、工學院院學士學位,3,114-2,44670,MSE2010,,,,,"[""[PTT | 104-1]: 轉載自 PTT 作者 ID: hsnuoscar (Oscarchen)\n哪一學年度修課： 104-1\n\nψ 授課教師 (若為多人合授請寫開課教師，以方便收錄)\n\n蔡豐羽\n\nλ 開課系所與授課對象 (是否為必修或通識課 / 內容是否與某些背景相關)\n\n材料系 四選三必修\n\nδ 課程大概內容\n\n高分子材料的介紹\n\n高分子聚合方法\n\n高分子分子量鑑定\n\n高分子材料的物理、化學、機械性質\n\n\nΩ 私心推薦指數(以五分計)\n\n\n★★★★★\n\n\nη 上課用書(影印講義或是指定教科書)\n\n老師自編投影片\n\n\nμ 上課方式(投影片、團體討論、老師教學風格)\n\n上課就用自編投影片，每週都會印好發給大家\n\n前面會把材料科學導論上過的高分子部分迅速介紹過一次\n\n所以沒修過材導可能會覺得有點快，但不難\n\n這門課內容很多所以老師講得非常快\n\n很多數學推導老師覺得簡單就會跳過請大家自己看\n\n\nσ 評分方式(給分甜嗎？是紮實分？)\n\n兩次期中一次期末，應該是30、30、40％吧\n\n儘管講義裡有七成都是數學推導，但三次考試幾乎沒考過\n\n每次講義後都有附習題，但也是完全沒考過\n\n大多是觀念題，每次都會有蠻生活化的題目\n\n最後等第還沒出來，但兩次期中感覺平均都會高於80\n\n\nρ 考題型式、作業方式\n\n考題幾乎都是觀念題\n\n把講義念熟即可，不會考作業或是數學推導\n\n但是各種平均分子量的推導要會\n\n\nω 其它(是否注重出席率？如果為外系選修，需先有什麼基礎較好嗎？老師個性？\n加簽習慣？嚴禁遲到等…)\n\n加簽應該是全簽\n\n不會點名\n\n\nΨ 總結\n\n這門課內容有點多且雜，\n\n最後幾堂課的內容（高分子現象模型）感覺實用性不大\n\n比較希望可以多介紹不同的高分子材料的用途\n\n但老師還是教的非常好，而且肌肉很大\n\n\n--\n\n原文網址: https://www.ptt.cc/bbs/NTUcourse/M.1454210434.A.017.html""]","[{""User_ID"": ""PTT"", ""Semester"": ""104-1"", ""Rating_Quality"": null, ""Rating_Sweet"": null, ""Rating_Easy"": null, ""Rating_Rich"": null, ""Comment"": ""轉載自 PTT 作者 ID: hsnuoscar (Oscarchen)\n哪一學年度修課： 104-1\n\nψ 授課教師 (若為多人合授請寫開課教師，以方便收錄)\n\n蔡豐羽\n\nλ 開課系所與授課對象 (是否為必修或通識課 / 內容是否與某些背景相關)\n\n材料系 四選三必修\n\nδ 課程大概內容\n\n高分子材料的介紹\n\n高分子聚合方法\n\n高分子分子量鑑定\n\n高分子材料的物理、化學、機械性質\n\n\nΩ 私心推薦指數(以五分計)\n\n\n★★★★★\n\n\nη 上課用書(影印講義或是指定教科書)\n\n老師自編投影片\n\n\nμ 上課方式(投影片、團體討論、老師教學風格)\n\n上課就用自編投影片，每週都會印好發給大家\n\n前面會把材料科學導論上過的高分子部分迅速介紹過一次\n\n所以沒修過材導可能會覺得有點快，但不難\n\n這門課內容很多所以老師講得非常快\n\n很多數學推導老師覺得簡單就會跳過請大家自己看\n\n\nσ 評分方式(給分甜嗎？是紮實分？)\n\n兩次期中一次期末，應該是30、30、40％吧\n\n儘管講義裡有七成都是數學推導，但三次考試幾乎沒考過\n\n每次講義後都有附習題，但也是完全沒考過\n\n大多是觀念題，每次都會有蠻生活化的題目\n\n最後等第還沒出來，但兩次期中感覺平均都會高於80\n\n\nρ 考題型式、作業方式\n\n考題幾乎都是觀念題\n\n把講義念熟即可，不會考作業或是數學推導\n\n但是各種平均分子量的推導要會\n\n\nω 其它(是否注重出席率？如果為外系選修，需先有什麼基礎較好嗎？老師個性？\n加簽習慣？嚴禁遲到等…)\n\n加簽應該是全簽\n\n不會點名\n\n\nΨ 總結\n\n這門課內容有點多且雜，\n\n最後幾堂課的內容（高分子現象模型）感覺實用性不大\n\n比較希望可以多介紹不同的高分子材料的用途\n\n但老師還是教的非常好，而且肌肉很大\n\n\n--\n\n原文網址: https://www.ptt.cc/bbs/NTUcourse/M.1454210434.A.017.html""}]"
學士專題研究二,劉振良,材料科學與工程學系,2,114-2,50165,MSE5008,,,,,"[""無評價""]",[]
學士專題研究二,郭錦龍,材料科學與工程學系,2,114-2,48471,MSE5008,,,,,"[""無評價""]",[]
學士專題研究二,謝宗霖,材料科學與工程學系,2,114-2,46246,MSE5008,,,,,"[""無評價""]",[]
學士專題研究二,薛人愷,材料科學與工程學系,2,114-2,44388,MSE5008,,,,,"[""無評價""]",[]
學士專題研究二,顏鴻威,材料科學與工程學系,2,114-2,44052,MSE5008,,,,,"[""無評價""]",[]
學士專題研究二,羅世強,材料科學與工程學系,2,114-2,23068,MSE5008,,,,,"[""無評價""]",[]
學士專題研究二,段維新,材料科學與工程學系,2,114-2,42856,MSE5008,,,,,"[""無評價""]",[]
學士專題研究二,林新智,材料科學與工程學系,2,114-2,28952,MSE5008,,,,,"[""無評價""]",[]
學士專題研究二,林招松,材料科學與工程學系,2,114-2,23088,MSE5008,,,,,"[""無評價""]",[]
學士專題研究二,高振宏,材料科學與工程學系,2,114-2,58033,MSE5008,,,,,"[""無評價""]",[]
學士專題研究二,蔡豐羽,材料科學與工程學系,2,114-2,17822,MSE5008,,,,,"[""無評價""]",[]
學士專題研究二,陳敏璋,材料科學與工程學系,2,114-2,18795,MSE5008,,,,,"[""無評價""]",[]
學士專題研究二,趙基揚,材料科學與工程學系,2,114-2,44234,MSE5008,,,,,"[""無評價""]",[]
學士專題研究二,陳學禮,材料科學與工程學系,2,114-2,34868,MSE5008,,,,,"[""無評價""]",[]
學士專題研究二,陳俊維,材料科學與工程學系,2,114-2,59438,MSE5008,,,,,"[""無評價""]",[]
學士專題研究二,薛景中,材料科學與工程學系,2,114-2,59684,MSE5008,,,,,"[""無評價""]",[]
學士專題研究二,林峰輝,材料科學與工程學系,2,114-2,32205,DBME4001,,,,,"[""無評價""]",[]
學士專題研究二,陳志軒,材料科學與工程學系,2,114-2,21561,MSE5008,,,,,"[""無評價""]",[]
學士專題研究二,陳俊杉,材料科學與工程學系,2,114-2,44601,MSE5008,,,,,"[""無評價""]",[]
學士專題研究二,蘇德徵,材料科學與工程學系,2,114-2,44068,MSE5008,,,,,"[""無評價""]",[]
電化學概論,羅世強,材料科學與工程學系、材料科學與工程學研究所,3,114-2,15148,MSE5052,,,,,"[""無評價""]",[]
能源材料,陳俊維,材料科學與工程學系、材料科學與工程學研究所、分子科學與技術國際研究生博士學位學程,3,114-2,34387,MSE5035,,,,,"[""無評價""]",[]
學士專題研究四,劉振良,材料科學與工程學系,2,114-2,12126,MSE5010,,,,,"[""無評價""]",[]
學士專題研究四,陳俊維,材料科學與工程學系,2,114-2,23343,MSE5010,,,,,"[""無評價""]",[]
學士專題研究四,林招松,材料科學與工程學系,2,114-2,47155,MSE5010,,,,,"[""無評價""]",[]
學士專題研究四,高振宏,材料科學與工程學系,2,114-2,46693,MSE5010,,,,,"[""無評價""]",[]
學士專題研究四,羅世強,材料科學與工程學系,2,114-2,36364,MSE5010,,,,,"[""無評價""]",[]
學士專題研究四,林新智,材料科學與工程學系,2,114-2,14459,MSE5010,,,,,"[""無評價""]",[]
學士專題研究四,顏鴻威,材料科學與工程學系,2,114-2,27736,MSE5010,,,,,"[""無評價""]",[]
學士專題研究四,蔡豐羽,材料科學與工程學系,2,114-2,15934,MSE5010,,,,,"[""無評價""]",[]
學士專題研究四,段維新,材料科學與工程學系,2,114-2,44048,MSE5010,,,,,"[""無評價""]",[]
學士專題研究四,陳學禮,材料科學與工程學系,2,114-2,57313,MSE5010,,,,,"[""無評價""]",[]
學士專題研究四,趙基揚,材料科學與工程學系,2,114-2,23995,MSE5010,,,,,"[""無評價""]",[]
學士專題研究四,謝宗霖,材料科學與工程學系,2,114-2,48078,MSE5010,,,,,"[""無評價""]",[]
學士專題研究四,陳敏璋,材料科學與工程學系,2,114-2,11632,MSE5010,,,,,"[""無評價""]",[]
學士專題研究四,郭錦龍,材料科學與工程學系,2,114-2,12263,MSE5010,,,,,"[""無評價""]",[]
學士專題研究四,薛景中,材料科學與工程學系,2,114-2,11591,MSE5010,,,,,"[""無評價""]",[]
學士專題研究四,薛人愷,材料科學與工程學系,2,114-2,52967,MSE5010,,,,,"[""無評價""]",[]
學士專題研究四,陳俊杉,材料科學與工程學系,2,114-2,58593,MSE5010,,,,,"[""無評價""]",[]
學士專題研究四,蘇德徵,材料科學與工程學系,2,114-2,59486,MSE5010,,,,,"[""無評價""]",[]
散射原理與應用,曹正熙,材料科學與工程學系、材料科學與工程學研究所,3,114-2,51012,MSE5049,,,,,"[""[PTT | 105-2]: 轉載自 PTT 作者 ID: penguin828 (BB)\n哪一學年度修課：\n105-2\n\nψ 授課教師 (若為多人合授請寫開課教師，以方便收錄)\n曹正熙\nλ 開課系所與授課對象 (是否為必修或通識課 / 內容是否與某些背景相關)\n材料系/所 選修\nδ 課程大概內容\n主要為小角度散射SAXS 前幾周在講原理、數學模型以及分析方式\n(例如 球形、柱狀、碟狀 的I(Q)、Guinier approximation, Kratky-Porod plot\n(例如 球形、柱狀、碟狀 的I(Q)、Guinier approximation, Kratky-Porod plot\nPorod invariant, auto correlation function..... )\n後面全部在講paper實際案例示範上課內容如何使用\n最後介紹GI(GISAXS, GIWAXS)、XRR以及動態散射\n可參考課程網\nΩ 私心推薦指數(以五分計) ★★★★★\nη 上課用書(影印講義或是指定教科書)\n講義\n\nμ 上課方式(投影片、團體討論、老師教學風格)\n投影片\n下課老師都會關心有沒有聽懂，需不需要下節課再講一遍\nσ 評分方式(給分甜嗎？是紮實分？)\n期末98 最後給A+ (全班最低是A)\nρ 考題型式、作業方式\n只有期末考，範圍為前幾周的原理部分\n作業要利用上課會提供的軟體做實際數據的分析(上課會教如何使用)，\n(會分組，主要是會用軟體的研究生配幾個大學部)\n\n\n作業內容也會在期末出現\n另外還要交一份報告，自己找有用到SAXS分析的paper\nω 其它(是否注重出席率？如果為外系選修，需先有什麼基礎較好嗎？老師個性？\n加簽習慣？嚴禁遲到等…)\n應該也不用特別的基礎吧，不過有點倒空間的概念應該不錯\n說不定大二就可以修了，這樣5070大三的繞射可以銜接?\n也不用擔心大學部修研究所的課會聽不懂，老師很照顧大學部的學習狀況\nΨ 總結\n這個大推，應該也是5070要修過的一門\n\n\n--\n\n原文網址: https://www.ptt.cc/bbs/NTUcourse/M.1498228193.A.447.html""]","[{""User_ID"": ""PTT"", ""Semester"": ""105-2"", ""Rating_Quality"": null, ""Rating_Sweet"": null, ""Rating_Easy"": null, ""Rating_Rich"": null, ""Comment"": ""轉載自 PTT 作者 ID: penguin828 (BB)\n哪一學年度修課：\n105-2\n\nψ 授課教師 (若為多人合授請寫開課教師，以方便收錄)\n曹正熙\nλ 開課系所與授課對象 (是否為必修或通識課 / 內容是否與某些背景相關)\n材料系/所 選修\nδ 課程大概內容\n主要為小角度散射SAXS 前幾周在講原理、數學模型以及分析方式\n(例如 球形、柱狀、碟狀 的I(Q)、Guinier approximation, Kratky-Porod plot\n(例如 球形、柱狀、碟狀 的I(Q)、Guinier approximation, Kratky-Porod plot\nPorod invariant, auto correlation function..... )\n後面全部在講paper實際案例示範上課內容如何使用\n最後介紹GI(GISAXS, GIWAXS)、XRR以及動態散射\n可參考課程網\nΩ 私心推薦指數(以五分計) ★★★★★\nη 上課用書(影印講義或是指定教科書)\n講義\n\nμ 上課方式(投影片、團體討論、老師教學風格)\n投影片\n下課老師都會關心有沒有聽懂，需不需要下節課再講一遍\nσ 評分方式(給分甜嗎？是紮實分？)\n期末98 最後給A+ (全班最低是A)\nρ 考題型式、作業方式\n只有期末考，範圍為前幾周的原理部分\n作業要利用上課會提供的軟體做實際數據的分析(上課會教如何使用)，\n(會分組，主要是會用軟體的研究生配幾個大學部)\n\n\n作業內容也會在期末出現\n另外還要交一份報告，自己找有用到SAXS分析的paper\nω 其它(是否注重出席率？如果為外系選修，需先有什麼基礎較好嗎？老師個性？\n加簽習慣？嚴禁遲到等…)\n應該也不用特別的基礎吧，不過有點倒空間的概念應該不錯\n說不定大二就可以修了，這樣5070大三的繞射可以銜接?\n也不用擔心大學部修研究所的課會聽不懂，老師很照顧大學部的學習狀況\nΨ 總結\n這個大推，應該也是5070要修過的一門\n\n\n--\n\n原文網址: https://www.ptt.cc/bbs/NTUcourse/M.1498228193.A.447.html""}]"
半導體製程技術,陳學禮,材料科學與工程學系、材料科學與工程學研究所、綠色永續材料與精密元件博士學位學程,3,114-2,31822,MSE5013,,,,,"[""[PTT | 106-2]: 轉載自 PTT 作者 ID: bredsox04 (egg001)\n哪一學年度修課：\n\n106-2\n\nψ 授課教師 (若為多人合授請寫開課教師，以方便收錄)\n\n陳學禮\n\nλ 開課系所與授課對象 (是否為必修或通識課 / 內容是否與某些背景相關)\n\n材料系 材料所\n\nδ 課程大概內容\n\n半導體製程相關\n\nΩ 私心推薦指數(以五分計) ★★★★★\n\n0顆星\n\nη 上課用書(影印講義或是指定教科書)\n\n老師自編講議，十本左右課外參考書(不用看)\n\nμ 上課方式(投影片、團體討論、老師教學風格)\n\n老師自編投影片，字體非常小常常看不到字，沒有什麼重點，都是零散的知識，\n把三本課本不同的東西都放在投影片中，學期初說會教的大綱，但是實際上老師只上到\n一半的課程，說是半導體製程技術，我覺得這門課根本一半時間在介紹EUV，老師語調平\n穩容易讓人睡著，上課沒什麼重點，考試內容又很細，常常考的不是半導體製程的核心\n內容，期中後要兩人分組報告，上課會延後下課..\n\nσ 評分方式(給分甜嗎？是紮實分？)\n\n完全不知道期中期末考幾分!!!\n老師不開ceiba，寄信詢問也杳無音訊\n期末也沒有開放閱卷，不知道給分標準，個人覺得非常不甜\n要修還是到電機系修半導體製程 或 積體電路工程 比較知道自己分數怎麼來的\n最後拿A-\n\nρ 考題型式、作業方式\n\n沒有作業，考題很細，很難準備\n\nω 其它(是否注重出席率？如果為外系選修，需先有什麼基礎較好嗎？老師個性？\n加簽習慣？嚴禁遲到等…)\n\n不注重出席率\n\nΨ 總結\n\n我覺得這門課浪費我一學期的時光，能不碰就不碰...\n\n--\n\n原文網址: https://www.ptt.cc/bbs/NTUcourse/M.1531216268.A.BB5.html""]","[{""User_ID"": ""PTT"", ""Semester"": ""106-2"", ""Rating_Quality"": null, ""Rating_Sweet"": null, ""Rating_Easy"": null, ""Rating_Rich"": null, ""Comment"": ""轉載自 PTT 作者 ID: bredsox04 (egg001)\n哪一學年度修課：\n\n106-2\n\nψ 授課教師 (若為多人合授請寫開課教師，以方便收錄)\n\n陳學禮\n\nλ 開課系所與授課對象 (是否為必修或通識課 / 內容是否與某些背景相關)\n\n材料系 材料所\n\nδ 課程大概內容\n\n半導體製程相關\n\nΩ 私心推薦指數(以五分計) ★★★★★\n\n0顆星\n\nη 上課用書(影印講義或是指定教科書)\n\n老師自編講議，十本左右課外參考書(不用看)\n\nμ 上課方式(投影片、團體討論、老師教學風格)\n\n老師自編投影片，字體非常小常常看不到字，沒有什麼重點，都是零散的知識，\n把三本課本不同的東西都放在投影片中，學期初說會教的大綱，但是實際上老師只上到\n一半的課程，說是半導體製程技術，我覺得這門課根本一半時間在介紹EUV，老師語調平\n穩容易讓人睡著，上課沒什麼重點，考試內容又很細，常常考的不是半導體製程的核心\n內容，期中後要兩人分組報告，上課會延後下課..\n\nσ 評分方式(給分甜嗎？是紮實分？)\n\n完全不知道期中期末考幾分!!!\n老師不開ceiba，寄信詢問也杳無音訊\n期末也沒有開放閱卷，不知道給分標準，個人覺得非常不甜\n要修還是到電機系修半導體製程 或 積體電路工程 比較知道自己分數怎麼來的\n最後拿A-\n\nρ 考題型式、作業方式\n\n沒有作業，考題很細，很難準備\n\nω 其它(是否注重出席率？如果為外系選修，需先有什麼基礎較好嗎？老師個性？\n加簽習慣？嚴禁遲到等…)\n\n不注重出席率\n\nΨ 總結\n\n我覺得這門課浪費我一學期的時光，能不碰就不碰...\n\n--\n\n原文網址: https://www.ptt.cc/bbs/NTUcourse/M.1531216268.A.BB5.html""}]"
工程力學,呂東武,醫學工程學系,3,114-2,39048,DBME1005,,,,,"[""無評價""]",[]
計算機概論,吳文超,醫學工程學系,3,114-2,16619,DBME1007,,,,,"[""無評價""]",[]
電路學暨實驗,趙福杉,醫學工程學系,3,114-2,24312,DBME1009,,,,,"[""無評價""]",[]
細胞與分子生物學,趙本秀,醫學工程學系,3,114-2,43492,DBME2011,5.0,3.5,3.5,4.5,"[""[User42914 | 113-2]: Basic understanding of cell and molecular biology with a particular emphasis on engineering techniques. You go through most of all the processes in the body and the\nMC each week, and the teacher is really interesting! She makes a powerpoint based on thhe book, very detailled but she explains everthing thoroughly and easily.\nPowerpoints, a book, videos\nProject at the end of the semester, 3 exams during the semester (no midterm and final)\n5/5\nGreat course to take a first step into the field of cell biology.""]","[{""User_ID"": ""User42914"", ""Semester"": ""113-2"", ""Rating_Quality"": null, ""Rating_Sweet"": null, ""Rating_Easy"": null, ""Rating_Rich"": null, ""Comment"": ""Basic understanding of cell and molecular biology with a particular emphasis on engineering techniques. You go through most of all the processes in the body and the\nMC each week, and the teacher is really interesting! She makes a powerpoint based on thhe book, very detailled but she explains everthing thoroughly and easily.\nPowerpoints, a book, videos\nProject at the end of the semester, 3 exams during the semester (no midterm and final)\n5/5\nGreat course to take a first step into the field of cell biology.""}]"
材料科學概論,林峰輝,醫學工程學系,3,114-2,22779,DBME2014,,,,,"[""無評價""]",[]
資料結構,陳中明,醫學工程學系,3,114-2,25546,DBME2021,,,,,"[""無評價""]",[]
醫療器材創新設計,王兆麟,醫學工程學系,3,114-2,30583,DBME3002,,,,,"[""無評價""]",[]
生物醫學材料概論,林峰輝,醫學工程學系、工學院院學士學位、醫學工程學研究所、醫學工程學研究所、綠色永續材料與精密元件博士學位學程,3,114-2,44168,DBME5001,3.0,5.0,5.0,3.0,"[""[User42914 | 113-2]: Technologies used with biomaterials in surgery for example\nMC each week\nPowerpoints and books extracts\nMidterm and final\n3.5/5\nThe course is a bit desorganized, even if the teacher seems passionated, he reads his notes most of the time. The subject is very interesting but the class could benefit a bit of improvement.""]","[{""User_ID"": ""User42914"", ""Semester"": ""113-2"", ""Rating_Quality"": null, ""Rating_Sweet"": null, ""Rating_Easy"": null, ""Rating_Rich"": null, ""Comment"": ""Technologies used with biomaterials in surgery for example\nMC each week\nPowerpoints and books extracts\nMidterm and final\n3.5/5\nThe course is a bit desorganized, even if the teacher seems passionated, he reads his notes most of the time. The subject is very interesting but the class could benefit a bit of improvement.""}]"
電腦輔助設計與製造,施博仁,醫學工程學系、醫學工程學研究所、醫學工程學研究所,3,114-2,36555,DBME5016,,,,,"[""無評價""]",[]
人工智慧工程應用專題討論,陳俊杉,土木工程學研究所,1,114-2,59027,CIE7206,,,,,"[""無評價""]",[]
大地工程專題討論,卿建業,大地工程組,1,114-2,19265,CIE7231,,,,,"[""無評價""]",[]
大地地震工程,郭安妮,大地工程組,3,114-2,43046,CIE7030,,,,,"[""無評價""]",[]
基礎設計與分析,邱俊翔,大地工程組,3,114-2,54262,CIE7208,,,,,"[""無評價""]",[]
大地工程之數值分析法,王泰典,大地工程組,3,114-2,20487,CIE5004,,,,,"[""無評價""]",[]
有限元素法,吳東諭,結構工程組、電腦輔助工程組,3,114-2,14201,CIE7017,,,,,"[""無評價""]",[]
智慧型結構系統,張家銘,結構工程組,3,114-2,13045,CIE7143,,,,,"[""無評價""]",[]
重力水波學,詹益齊,水利工程組,3,114-2,43932,CIE8019,,,,,"[""無評價""]",[]
序率泥砂運動學,蔡宛珊,水利工程組,3,114-2,11636,CIE7199,,,,,"[""無評價""]",[]
管路水力設計,許勝田,水利工程組,3,114-2,47234,CIE7211,,,,,"[""無評價""]",[]
水利工程實務,龔誠山,水利工程組,3,114-2,49164,CIE5126,,,,,"[""無評價""]",[]
運輸工程專題討論,許聿廷,交通工程組,1,114-2,10060,CIE7009,,,,,"[""無評價""]",[]
運輸工程特論,朱致遠,交通工程組,3,114-2,41540,CIE7204,,,,,"[""無評價""]",[]
學術英文寫作,邱崇賢,電腦輔助工程組、生物環境系統工程學系、生物科技研究所、健康數據拓析統計研究所、生命科學院、植物科學研究所、分子與細胞生物學研究所、生態學與演化生物學研究所、漁業科學研究所、基因體與系統生物學學位學程,3,114-2,32793,CLS5004,,,,,"[""無評價""]",[]
跨領域聯合專題討論,曾惠斌,土木工程學研究所、營建工程與管理組,1,114-2,25090,CIE7186,,,,,"[""無評價""]",[]
工程契約與規範,曾大仁,營建工程與管理組,2,114-2,42998,CIE7113,,,,,"[""無評價""]",[]
計量研究與應用,荷世平,營建工程與管理組,2,114-2,49151,CIE7135,,,,,"[""無評價""]",[]
物業管理實務,黃世孟,營建工程與管理組,2,114-2,27574,CIE7184,,,,,"[""無評價""]",[]
營建財務,曾惠斌,營建工程與管理組,3,114-2,36347,CIE7054,,,,,"[""無評價""]",[]
營建業國際化與策略理論,荷世平,營建工程與管理組,3,114-2,17479,CIE7163,,,,,"[""無評價""]",[]
衛星大地測量學,韓仁毓,測量及空間資訊組,3,114-2,34874,CIE7140,,,,,"[""無評價""]",[]
衛星大地測量學特論,韓仁毓,測量及空間資訊組,3,114-2,32986,CIE7144,,,,,"[""無評價""]",[]
碩士專題研究,陳希立,機械工程學研究所,1,114-2,24797,ME7105,,,,,"[""無評價""]",[]
碩士專題研究,陳炳煇,機械工程學研究所,1,114-2,40424,ME7105,,,,,"[""無評價""]",[]
碩士專題研究,黃美嬌,機械工程學研究所,1,114-2,15586,ME7105,,,,,"[""無評價""]",[]
碩士專題研究,潘國隆,機械工程學研究所,1,114-2,27843,ME7105,,,,,"[""無評價""]",[]
碩士專題研究,孫珍理,機械工程學研究所,1,114-2,51399,ME7105,,,,,"[""無評價""]",[]
碩士專題研究,呂明璋,機械工程學研究所,1,114-2,53917,ME7105,,,,,"[""無評價""]",[]
碩士專題研究,楊馥菱,機械工程學研究所,1,114-2,10591,ME7105,,,,,"[""無評價""]",[]
碩士專題研究,許麗,機械工程學研究所,1,114-2,47549,ME7105,,,,,"[""無評價""]",[]
碩士專題研究,黃信富,機械工程學研究所,1,114-2,41085,ME7105,,,,,"[""無評價""]",[]
碩士專題研究,張鈞棣,機械工程學研究所,1,114-2,59601,ME7105,,,,,"[""無評價""]",[]
碩士專題研究,蔡協澄,機械工程學研究所,1,114-2,40366,ME7105,,,,,"[""無評價""]",[]
碩士專題研究,單秋成,機械工程學研究所,1,114-2,55430,ME7105,,,,,"[""無評價""]",[]
碩士專題研究,盧中仁,機械工程學研究所,1,114-2,15011,ME7105,,,,,"[""無評價""]",[]
碩士專題研究,莊嘉揚,機械工程學研究所,1,114-2,55873,ME7105,,,,,"[""無評價""]",[]
碩士專題研究,黃育熙,機械工程學研究所,1,114-2,54597,ME7105,,,,,"[""無評價""]",[]
碩士專題研究,劉建豪,機械工程學研究所,1,114-2,22691,ME7105,,,,,"[""無評價""]",[]
碩士專題研究,王建凱,機械工程學研究所,1,114-2,21553,ME7105,,,,,"[""無評價""]",[]
碩士專題研究,黃光裕,機械工程學研究所,1,114-2,57889,ME7105,,,,,"[""無評價""]",[]
碩士專題研究,陳達仁,機械工程學研究所,1,114-2,13473,ME7105,,,,,"[""無評價""]",[]
碩士專題研究,李志中,機械工程學研究所,1,114-2,46206,ME7105,,,,,"[""無評價""]",[]
碩士專題研究,陳湘鳳,機械工程學研究所,1,114-2,54096,ME7105,,,,,"[""無評價""]",[]
碩士專題研究,詹魁元,機械工程學研究所,1,114-2,31876,ME7105,,,,,"[""無評價""]",[]
碩士專題研究,廖先順,機械工程學研究所,1,114-2,54364,ME7105,,,,,"[""無評價""]",[]
碩士專題研究,徐冠倫,機械工程學研究所,1,114-2,26772,ME7105,,,,,"[""無評價""]",[]
碩士專題研究,陳亮嘉,機械工程學研究所,1,114-2,38764,ME7105,,,,,"[""無評價""]",[]
碩士專題研究,蔡孟勳,機械工程學研究所,1,114-2,28228,ME7105,,,,,"[""無評價""]",[]
碩士專題研究,蔡曜陽,機械工程學研究所,1,114-2,30290,ME7105,,,,,"[""無評價""]",[]
碩士專題研究,楊燿州,機械工程學研究所,1,114-2,39373,ME7105,,,,,"[""無評價""]",[]
碩士專題研究,李貫銘,機械工程學研究所,1,114-2,39871,ME7105,,,,,"[""無評價""]",[]
碩士專題研究,鄭憶中,機械工程學研究所,1,114-2,16073,ME7105,,,,,"[""無評價""]",[]
碩士專題研究,陳志軒,機械工程學研究所,1,114-2,38320,ME7105,,,,,"[""無評價""]",[]
碩士專題研究,黃漢邦,機械工程學研究所,1,114-2,23334,ME7105,,,,,"[""無評價""]",[]
碩士專題研究,蕭浩明,機械工程學研究所,1,114-2,28520,ME7105,,,,,"[""無評價""]",[]
碩士專題研究,王富正,機械工程學研究所,1,114-2,48352,ME7105,,,,,"[""無評價""]",[]
碩士專題研究,林沛群,機械工程學研究所,1,114-2,48372,ME7105,,,,,"[""無評價""]",[]
碩士專題研究,林峻永,機械工程學研究所,1,114-2,46891,ME7105,,,,,"[""無評價""]",[]
碩士專題研究,楊士進,機械工程學研究所,1,114-2,53334,ME7105,,,,,"[""無評價""]",[]
博士專題研究,陳希立,機械工程學研究所,1,114-2,47490,ME8005,,,,,"[""無評價""]",[]
博士專題研究,陳炳煇,機械工程學研究所,1,114-2,36489,ME8005,,,,,"[""無評價""]",[]
博士專題研究,黃美嬌,機械工程學研究所,1,114-2,29543,ME8005,,,,,"[""無評價""]",[]
博士專題研究,潘國隆,機械工程學研究所,1,114-2,31817,ME8005,,,,,"[""無評價""]",[]
博士專題研究,孫珍理,機械工程學研究所,1,114-2,30152,ME8005,,,,,"[""無評價""]",[]
博士專題研究,呂明璋,機械工程學研究所,1,114-2,31511,ME8005,,,,,"[""無評價""]",[]
博士專題研究,楊馥菱,機械工程學研究所,1,114-2,14979,ME8005,,,,,"[""無評價""]",[]
博士專題研究,許麗,機械工程學研究所,1,114-2,35574,ME8005,,,,,"[""無評價""]",[]
博士專題研究,黃信富,機械工程學研究所,1,114-2,16808,ME8005,,,,,"[""無評價""]",[]
博士專題研究,張鈞棣,機械工程學研究所,1,114-2,54373,ME8005,,,,,"[""無評價""]",[]
博士專題研究,蔡協澄,機械工程學研究所,1,114-2,36457,ME8005,,,,,"[""無評價""]",[]
博士專題研究,單秋成,機械工程學研究所,1,114-2,41079,ME8005,,,,,"[""無評價""]",[]
博士專題研究,盧中仁,機械工程學研究所,1,114-2,10404,ME8005,,,,,"[""無評價""]",[]
博士專題研究,莊嘉揚,機械工程學研究所,1,114-2,13839,ME8005,,,,,"[""無評價""]",[]
博士專題研究,黃育熙,機械工程學研究所,1,114-2,53193,ME8005,,,,,"[""無評價""]",[]
博士專題研究,劉建豪,機械工程學研究所,1,114-2,13967,ME8005,,,,,"[""無評價""]",[]
博士專題研究,王建凱,機械工程學研究所,1,114-2,29656,ME8005,,,,,"[""無評價""]",[]
博士專題研究,黃光裕,機械工程學研究所,1,114-2,28485,ME8005,,,,,"[""無評價""]",[]
博士專題研究,陳達仁,機械工程學研究所、工業工程學研究所,1,114-2,30523,ME8005,,,,,"[""無評價""]",[]
博士專題研究,陳湘鳳,機械工程學研究所,1,114-2,39884,ME8005,,,,,"[""無評價""]",[]
博士專題研究,詹魁元,機械工程學研究所、工業工程學研究所,1,114-2,20363,ME8005,,,,,"[""無評價""]",[]
博士專題研究,廖先順,機械工程學研究所,1,114-2,13416,ME8005,,,,,"[""無評價""]",[]
博士專題研究,徐冠倫,機械工程學研究所,1,114-2,57721,ME8005,,,,,"[""無評價""]",[]
博士專題研究,陳亮嘉,機械工程學研究所,1,114-2,30326,ME8005,,,,,"[""無評價""]",[]
博士專題研究,蔡孟勳,機械工程學研究所,1,114-2,33874,ME8005,,,,,"[""無評價""]",[]
博士專題研究,蔡曜陽,機械工程學研究所,1,114-2,39617,ME8005,,,,,"[""無評價""]",[]
博士專題研究,楊燿州,機械工程學研究所,1,114-2,53047,ME8005,,,,,"[""無評價""]",[]
博士專題研究,李貫銘,機械工程學研究所,1,114-2,18566,ME8005,,,,,"[""無評價""]",[]
博士專題研究,鄭憶中,機械工程學研究所,1,114-2,37020,ME8005,,,,,"[""無評價""]",[]
博士專題研究,陳志軒,機械工程學研究所,1,114-2,43478,ME8005,,,,,"[""無評價""]",[]
博士專題研究,黃漢邦,機械工程學研究所、工業工程學研究所,1,114-2,39068,ME8005,,,,,"[""無評價""]",[]
博士專題研究,顏家鈺,機械工程學研究所,1,114-2,26897,ME8005,,,,,"[""無評價""]",[]
博士專題研究,蕭浩明,機械工程學研究所,1,114-2,38537,ME8005,,,,,"[""無評價""]",[]
博士專題研究,王富正,機械工程學研究所,1,114-2,20445,ME8005,,,,,"[""無評價""]",[]
博士專題研究,林沛群,機械工程學研究所,1,114-2,45325,ME8005,,,,,"[""無評價""]",[]
博士專題研究,林峻永,機械工程學研究所,1,114-2,57504,ME8005,,,,,"[""無評價""]",[]
博士專題研究,楊士進,機械工程學研究所,1,114-2,11587,ME8005,,,,,"[""無評價""]",[]
半導體檢測技術,傅尉恩,機械工程學系、機械工程學研究所,3,114-2,57069,ME5051,,,,,"[""無評價""]",[]
統計管制與最佳化方法概論,陳正剛,機械工程學系、工學院院學士學位、機械工程學研究所、工業工程學研究所、統計碩士學位學程,3,114-2,58730,IE5049,5.0,2.0,1.0,5.0,"[""[User15082 | 113-2]: 詳見課程網\n- 第一部分講基礎的統計與機率\n- 第二部分關於 process control，有 control chart、process capability index 等等\n- 第三部分關於 design of experiment、回歸、ANOVA\n單純老師講課\n講義\n- 這學期有 13 次作業，也就是機乎每週都有\n- 一次期中考、一次期末報告 （跟課程的不一樣）\n- 期末報告要摺紙飛機（30架），實驗設計、回歸、ANOVA，滿花時間\n各 1/3\n如果對這些內容有興趣，值得一修，老師都會教到，教的非常認真，但是真的要花非常多時間。""]","[{""User_ID"": ""User15082"", ""Semester"": ""113-2"", ""Rating_Quality"": null, ""Rating_Sweet"": null, ""Rating_Easy"": null, ""Rating_Rich"": null, ""Comment"": ""詳見課程網\n- 第一部分講基礎的統計與機率\n- 第二部分關於 process control，有 control chart、process capability index 等等\n- 第三部分關於 design of experiment、回歸、ANOVA\n單純老師講課\n講義\n- 這學期有 13 次作業，也就是機乎每週都有\n- 一次期中考、一次期末報告 （跟課程的不一樣）\n- 期末報告要摺紙飛機（30架），實驗設計、回歸、ANOVA，滿花時間\n各 1/3\n如果對這些內容有興趣，值得一修，老師都會教到，教的非常認真，但是真的要花非常多時間。""}]"
博士專題研究,吳乃立,化學工程學研究所,1,114-2,40544,ChemE8001,,,,,"[""無評價""]",[]
博士專題研究,陳誠亮,化學工程學研究所,1,114-2,22829,ChemE8001,,,,,"[""無評價""]",[]
博士專題研究,陳立仁,化學工程學研究所,1,114-2,48931,ChemE8001,,,,,"[""無評價""]",[]
博士專題研究,呂宗昕,化學工程學研究所、綠色永續材料與精密元件博士學位學程,1,114-2,33301,ChemE8001,,,,,"[""無評價""]",[]
博士專題研究,藍崇文,化學工程學研究所,1,114-2,46629,ChemE8001,,,,,"[""無評價""]",[]
博士專題研究,陳文章,化學工程學研究所,1,114-2,54965,ChemE8001,,,,,"[""無評價""]",[]
博士專題研究,吳紀聖,化學工程學研究所,1,114-2,35006,ChemE8001,,,,,"[""無評價""]",[]
博士專題研究,王大銘,化學工程學研究所,1,114-2,13560,ChemE8001,,,,,"[""無評價""]",[]
博士專題研究,謝學真,化學工程學研究所,1,114-2,19511,ChemE8001,,,,,"[""無評價""]",[]
博士專題研究,諶玉真,化學工程學研究所,1,114-2,54085,ChemE8001,,,,,"[""無評價""]",[]
博士專題研究,蔡偉博,化學工程學研究所、綠色永續材料與精密元件博士學位學程,1,114-2,10889,ChemE8001,,,,,"[""無評價""]",[]
博士專題研究,戴子安,化學工程學研究所,1,114-2,21018,ChemE8001,,,,,"[""無評價""]",[]
博士專題研究,王勝仕,化學工程學研究所,1,114-2,34161,ChemE8001,,,,,"[""無評價""]",[]
博士專題研究,林祥泰,化學工程學研究所,1,114-2,48434,ChemE8001,,,,,"[""無評價""]",[]
博士專題研究,徐振哲,化學工程學研究所,1,114-2,51046,ChemE8001,,,,,"[""無評價""]",[]
博士專題研究,吳嘉文,化學工程學研究所、綠色永續材料與精密元件博士學位學程,1,114-2,56159,ChemE8001,,,,,"[""無評價""]",[]
博士專題研究,吳哲夫,化學工程學研究所,1,114-2,41693,ChemE8001,,,,,"[""無評價""]",[]
博士專題研究,謝之真,化學工程學研究所,1,114-2,20737,ChemE8001,,,,,"[""無評價""]",[]
博士專題研究,廖英志,化學工程學研究所,1,114-2,41983,ChemE8001,,,,,"[""無評價""]",[]
博士專題研究,陳賢燁,化學工程學研究所,1,114-2,56608,ChemE8001,,,,,"[""無評價""]",[]
博士專題研究,游佳欣,化學工程學研究所、綠色永續材料與精密元件博士學位學程,1,114-2,50492,ChemE8001,,,,,"[""無評價""]",[]
博士專題研究,康敦彥,化學工程學研究所,1,114-2,59366,ChemE8001,,,,,"[""無評價""]",[]
博士專題研究,闕居振,化學工程學研究所,1,114-2,26881,ChemE8001,,,,,"[""無評價""]",[]
博士專題研究,游文岳,化學工程學研究所,1,114-2,33903,ChemE8001,,,,,"[""無評價""]",[]
博士專題研究,李奕霈,化學工程學研究所,1,114-2,34914,ChemE8001,,,,,"[""無評價""]",[]
博士專題研究,郭修伯,化學工程學研究所,1,114-2,32628,ChemE8001,,,,,"[""無評價""]",[]
博士專題研究,陳嘉晉,化學工程學研究所,1,114-2,57068,ChemE8001,,,,,"[""無評價""]",[]
高等化工熱力學,康敦彥,化學工程學研究所、分子科學與技術國際研究生博士學位學程、永續化學科技國際研究生博士學位學程,3,114-2,53376,ChemE7003,,,,,"[""無評價""]",[]
高等化工熱力學,闕居振,化學工程學研究所、永續化學科技國際研究生博士學位學程,3,114-2,38384,ChemE7003,,,,,"[""無評價""]",[]
電腦輔助程序設計,錢義隆,化學工程學系、化學工程學研究所,3,114-2,18339,ChemE7012,,,,,"[""無評價""]",[]
碩士專題研究二,吳乃立,化學工程學研究所,1,114-2,30400,ChemE7025,,,,,"[""無評價""]",[]
碩士專題研究二,陳誠亮,化學工程學研究所,1,114-2,17389,ChemE7025,,,,,"[""無評價""]",[]
碩士專題研究二,陳立仁,化學工程學研究所,1,114-2,24917,ChemE7025,,,,,"[""無評價""]",[]
碩士專題研究二,呂宗昕,化學工程學研究所、綠色永續材料與精密元件博士學位學程,1,114-2,38878,ChemE7025,,,,,"[""無評價""]",[]
碩士專題研究二,藍崇文,化學工程學研究所,1,114-2,44220,ChemE7025,,,,,"[""無評價""]",[]
碩士專題研究二,何國川,化學工程學研究所,1,114-2,33894,PSE7024,,,,,"[""無評價""]",[]
碩士專題研究二,陳文章,化學工程學研究所,1,114-2,17826,ChemE7025,,,,,"[""無評價""]",[]
碩士專題研究二,吳紀聖,化學工程學研究所,1,114-2,36542,ChemE7025,,,,,"[""無評價""]",[]
碩士專題研究二,王大銘,化學工程學研究所,1,114-2,46007,ChemE7025,,,,,"[""無評價""]",[]
碩士專題研究二,謝學真,化學工程學研究所,1,114-2,52940,ChemE7025,,,,,"[""無評價""]",[]
碩士專題研究二,諶玉真,化學工程學研究所,1,114-2,32509,ChemE7025,,,,,"[""無評價""]",[]
碩士專題研究二,蔡偉博,化學工程學研究所,1,114-2,14701,ChemE7025,,,,,"[""無評價""]",[]
碩士專題研究二,戴子安,化學工程學研究所,1,114-2,41536,ChemE7025,,,,,"[""無評價""]",[]
碩士專題研究二,王勝仕,化學工程學研究所,1,114-2,35521,ChemE7025,,,,,"[""無評價""]",[]
碩士專題研究二,林祥泰,化學工程學研究所,1,114-2,21719,ChemE7025,,,,,"[""無評價""]",[]
碩士專題研究二,徐振哲,化學工程學研究所,1,114-2,58438,ChemE7025,,,,,"[""無評價""]",[]
碩士專題研究二,吳嘉文,化學工程學研究所、綠色永續材料與精密元件博士學位學程,1,114-2,47749,ChemE7025,,,,,"[""無評價""]",[]
碩士專題研究二,吳哲夫,化學工程學研究所,1,114-2,40678,ChemE7025,,,,,"[""無評價""]",[]
碩士專題研究二,謝之真,化學工程學研究所,1,114-2,46666,ChemE7025,,,,,"[""無評價""]",[]
碩士專題研究二,廖英志,化學工程學研究所,1,114-2,34425,ChemE7025,,,,,"[""無評價""]",[]
碩士專題研究二,陳賢燁,化學工程學研究所,1,114-2,24662,ChemE7025,,,,,"[""無評價""]",[]
碩士專題研究二,游佳欣,化學工程學研究所,1,114-2,51916,ChemE7025,,,,,"[""無評價""]",[]
碩士專題研究二,康敦彥,化學工程學研究所,1,114-2,31584,ChemE7025,,,,,"[""無評價""]",[]
碩士專題研究二,闕居振,化學工程學研究所,1,114-2,54868,ChemE7025,,,,,"[""無評價""]",[]
碩士專題研究二,游文岳,化學工程學研究所,1,114-2,46437,ChemE7025,,,,,"[""無評價""]",[]
碩士專題研究二,李奕霈,化學工程學研究所,1,114-2,33730,ChemE7025,,,,,"[""無評價""]",[]
碩士專題研究二,郭修伯,化學工程學研究所,1,114-2,31755,ChemE7025,,,,,"[""無評價""]",[]
碩士專題研究二,陳嘉晉,化學工程學研究所,1,114-2,20442,ChemE7025,,,,,"[""無評價""]",[]
碩士專題研究四,吳乃立,化學工程學研究所,1,114-2,24971,ChemE7027,,,,,"[""無評價""]",[]
碩士專題研究四,陳誠亮,化學工程學研究所,1,114-2,12671,ChemE7027,,,,,"[""無評價""]",[]
碩士專題研究四,陳立仁,化學工程學研究所,1,114-2,25678,ChemE7027,,,,,"[""無評價""]",[]
碩士專題研究四,呂宗昕,化學工程學研究所,1,114-2,13676,ChemE7027,,,,,"[""無評價""]",[]
碩士專題研究四,藍崇文,化學工程學研究所,1,114-2,54048,ChemE7027,,,,,"[""無評價""]",[]
碩士專題研究四,陳文章,化學工程學研究所,1,114-2,21498,ChemE7027,,,,,"[""無評價""]",[]
碩士專題研究四,吳紀聖,化學工程學研究所,1,114-2,44665,ChemE7027,,,,,"[""無評價""]",[]
碩士專題研究四,王大銘,化學工程學研究所,1,114-2,44722,ChemE7027,,,,,"[""無評價""]",[]
碩士專題研究四,謝學真,化學工程學研究所,1,114-2,23516,ChemE7027,,,,,"[""無評價""]",[]
碩士專題研究四,諶玉真,化學工程學研究所,1,114-2,23287,ChemE7027,,,,,"[""無評價""]",[]
碩士專題研究四,蔡偉博,化學工程學研究所,1,114-2,53081,ChemE7027,,,,,"[""無評價""]",[]
碩士專題研究四,戴子安,化學工程學研究所,1,114-2,13340,ChemE7027,,,,,"[""無評價""]",[]
碩士專題研究四,王勝仕,化學工程學研究所,1,114-2,18474,ChemE7027,,,,,"[""無評價""]",[]
碩士專題研究四,林祥泰,化學工程學研究所,1,114-2,56291,ChemE7027,,,,,"[""無評價""]",[]
碩士專題研究四,徐振哲,化學工程學研究所,1,114-2,41093,ChemE7027,,,,,"[""無評價""]",[]
碩士專題研究四,吳嘉文,化學工程學研究所,1,114-2,51790,ChemE7027,,,,,"[""無評價""]",[]
碩士專題研究四,吳哲夫,化學工程學研究所,1,114-2,29270,ChemE7027,,,,,"[""無評價""]",[]
碩士專題研究四,謝之真,化學工程學研究所,1,114-2,33735,ChemE7027,,,,,"[""無評價""]",[]
碩士專題研究四,廖英志,化學工程學研究所,1,114-2,20937,ChemE7027,,,,,"[""無評價""]",[]
碩士專題研究四,陳賢燁,化學工程學研究所,1,114-2,51357,ChemE7027,,,,,"[""無評價""]",[]
碩士專題研究四,游佳欣,化學工程學研究所,1,114-2,10215,ChemE7027,,,,,"[""無評價""]",[]
碩士專題研究四,康敦彥,化學工程學研究所,1,114-2,24357,ChemE7027,,,,,"[""無評價""]",[]
碩士專題研究四,闕居振,化學工程學研究所,1,114-2,49497,ChemE7027,,,,,"[""無評價""]",[]
碩士專題研究四,游文岳,化學工程學研究所,1,114-2,34303,ChemE7027,,,,,"[""無評價""]",[]
碩士專題研究四,李奕霈,化學工程學研究所,1,114-2,58589,ChemE7027,,,,,"[""無評價""]",[]
碩士專題研究四,郭修伯,化學工程學研究所,1,114-2,42832,ChemE7027,,,,,"[""無評價""]",[]
碩士專題研究四,陳嘉晉,化學工程學研究所,1,114-2,20035,ChemE7027,,,,,"[""無評價""]",[]
數位影像分析,張恆華,工程科學及海洋工程學系、工程科學及海洋工程學研究所,3,114-2,30079,ESOE7033,,,,,"[""無評價""]",[]
細胞微機電及微流體導論,許聿翔,工程科學及海洋工程學研究所、應用力學研究所、分子科學與技術國際研究生博士學位學程、奈米工程與科學碩士學位學程、奈米工程與科學博士學位學程,3,114-2,30862,AM7166,,,,,"[""無評價""]",[]
壓電系統設計與製造,李世光,工程科學及海洋工程學系、工程科學及海洋工程學研究所、應用力學研究所、奈米工程與科學碩士學位學程、奈米工程與科學博士學位學程,3,114-2,19665,AM7171,,,,,"[""無評價""]",[]
博士專題研究,謝宗霖,材料科學與工程學研究所,1,114-2,19611,MSE8001,,,,,"[""無評價""]",[]
博士專題研究,劉振良,材料科學與工程學研究所,1,114-2,58967,MSE8001,,,,,"[""無評價""]",[]
博士專題研究,段維新,材料科學與工程學研究所,1,114-2,42187,MSE8001,,,,,"[""無評價""]",[]
博士專題研究,林新智,材料科學與工程學研究所,1,114-2,12820,MSE8001,,,,,"[""無評價""]",[]
博士專題研究,高振宏,材料科學與工程學研究所,1,114-2,45403,MSE8001,,,,,"[""無評價""]",[]
博士專題研究,林招松,材料科學與工程學研究所,1,114-2,25489,MSE8001,,,,,"[""無評價""]",[]
博士專題研究,薛人愷,材料科學與工程學研究所,1,114-2,55503,MSE8001,,,,,"[""無評價""]",[]
博士專題研究,陳俊維,材料科學與工程學研究所,1,114-2,27409,MSE8001,,,,,"[""無評價""]",[]
博士專題研究,陳學禮,材料科學與工程學研究所、綠色永續材料與精密元件博士學位學程,1,114-2,49453,MSE8001,,,,,"[""無評價""]",[]
博士專題研究,趙基揚,材料科學與工程學研究所,1,114-2,19488,MSE8001,,,,,"[""無評價""]",[]
博士專題研究,陳敏璋,材料科學與工程學研究所,1,114-2,43119,MSE8001,,,,,"[""無評價""]",[]
博士專題研究,蔡豐羽,材料科學與工程學研究所,1,114-2,59367,MSE8001,,,,,"[""無評價""]",[]
博士專題研究,郭錦龍,材料科學與工程學研究所,1,114-2,59415,MSE8001,,,,,"[""無評價""]",[]
博士專題研究,薛景中,材料科學與工程學研究所,1,114-2,47366,MSE8001,,,,,"[""無評價""]",[]
博士專題研究,顏鴻威,材料科學與工程學研究所,1,114-2,19802,MSE8001,,,,,"[""無評價""]",[]
碩士專題研究,羅世強,材料科學與工程學研究所,1,114-2,47922,MSE7001,,,,,"[""無評價""]",[]
碩士專題研究,蘇德徵,材料科學與工程學研究所,1,114-2,12382,MSE7001,,,,,"[""無評價""]",[]
碩士專題研究,劉振良,材料科學與工程學研究所,1,114-2,13732,MSE7001,,,,,"[""無評價""]",[]
碩士專題研究,郭錦龍,材料科學與工程學研究所,1,114-2,21914,MSE7001,,,,,"[""無評價""]",[]
碩士專題研究,趙基揚,材料科學與工程學研究所,1,114-2,55867,MSE7001,,,,,"[""無評價""]",[]
碩士專題研究,林峰輝,材料科學與工程學研究所,1,114-2,26276,MSE7001,,,,,"[""無評價""]",[]
碩士專題研究,段維新,材料科學與工程學研究所,1,114-2,10828,MSE7001,,,,,"[""無評價""]",[]
碩士專題研究,林新智,材料科學與工程學研究所,1,114-2,39240,MSE7001,,,,,"[""無評價""]",[]
碩士專題研究,高振宏,材料科學與工程學研究所,1,114-2,18779,MSE7001,,,,,"[""無評價""]",[]
碩士專題研究,林招松,材料科學與工程學研究所,1,114-2,43821,MSE7001,,,,,"[""無評價""]",[]
碩士專題研究,薛人愷,材料科學與工程學研究所,1,114-2,55902,MSE7001,,,,,"[""無評價""]",[]
碩士專題研究,陳俊維,材料科學與工程學研究所,1,114-2,51108,MSE7001,,,,,"[""無評價""]",[]
碩士專題研究,陳學禮,材料科學與工程學研究所,1,114-2,48858,MSE7001,,,,,"[""無評價""]",[]
碩士專題研究,薛景中,材料科學與工程學研究所,1,114-2,59338,MSE7001,,,,,"[""無評價""]",[]
碩士專題研究,謝宗霖,材料科學與工程學研究所,1,114-2,27959,MSE7001,,,,,"[""無評價""]",[]
碩士專題研究,陳敏璋,材料科學與工程學研究所,1,114-2,57305,MSE7001,,,,,"[""無評價""]",[]
碩士專題研究,蔡豐羽,材料科學與工程學研究所,1,114-2,49576,MSE7001,,,,,"[""無評價""]",[]
碩士專題研究,顏鴻威,材料科學與工程學研究所,1,114-2,58827,MSE7001,,,,,"[""無評價""]",[]
鋼鐵製程專論,楊哲人,材料科學與工程學研究所,3,114-2,45726,MSE7005,,,,,"[""[PTT | 104-2]: 轉載自 PTT 作者 ID: s5813802 (嘿)\n哪一學年度修課：\n\n104學年度第二學期\n\nψ 授課教師 (若為多人合授請寫開課教師，以方便收錄)\n\n楊哲人 老師 (講師為眾中鋼研究員)\n\nλ 開課系所與授課對象 (是否為必修或通識課 / 內容是否與某些背景相關)\n\n材料所選修\n\nδ 課程大概內容\n\n2/24 課程概論 黃議興 處長\n3/2 鋼鐵產品種類與應用 張恆碩 研究員\n3/9 鋼鐵產品組織控制技術與原理 王元聰 研究員\n3/16 軋延冶金技術概論 黃慶淵 組長\n3/23 鋼鐵產品之二、三次加工技術 王世衛 研究員\n3/30 工模具鋼與特殊合金 潘永村 研究員\n4/6 鋼鐵產品之防蝕技術 羅亦旋 工程師\n4/13 煉焦及燒結製程 蕭嘉賢 研究員\n4/20 期中考(沒期中也沒上課)\n4/27 高爐製程 蕭嘉賢 研究員\n5/4 轉爐煉鋼製程 劉永章 研究員\n5/11 連鑄製程 蘇彥豪 研究員\n5/18 軋延製程技術概論 胡毓仁 組長\n5/25 鋼材生產製程之加熱與冷卻技術 王朝華 研究員\n6/1 鋼鐵生產製程中之自動化技術 陳彥廷 研究員\n6/8 工廠參觀 楊復財 工程師\n6/15 鋼鐵冶金之節能減碳 陳俊達 組長\n6/22 期末考\n\nΩ 私心推薦指數(以五分計)\n★★★+0.5★ 各講師風格不一不好打分數\n\nη 上課用書(影印講義或是指定教科書)\n\n影印講義，第一堂課會問大家要不要買\n\n通常跟前幾年差異不大，拿學長姐的即可，私以為不會有人回家看XD\n\nμ 上課方式(投影片、團體討論、老師教學風格)\n\n投影片\n\n沒有團體討論，課後會開放問題，但不一定會有時間\n\n有一次沒什麼問題，卻剩太多時間，講師還不下課跟同學互望，整個超尷尬-.-\n\n有講師幾句話就抓住學生注意力，也有講師讓人整堂想睡\n\n尤其是下午午休時間~\n\nσ 評分方式(給分甜嗎？是紮實分？)\n\n專題書面報告、中鋼參訪心得、期末考\n\n忘記占分，但往年給的甜\n\n由於這堂成大和清大都有開課\n\n期末考以往靠學長姐流傳的大補帖就夠了，但今年老師改革QQ\n\n這次考題大概只有六成考古吧\n\nρ 考題型式、作業方式\n\n專題書面報告(1000~1200字)、中鋼參訪心得(800~1000字)、期末考(50題選擇)\n\nω 其它(是否注重出席率？如果為外系選修，需先有什麼基礎較好嗎？老師個性？\n加簽習慣？嚴禁遲到等…)\n\n沒到一次扣三分，睡覺、滑手機好像會被扣分\n\n外系的人比想像中多，應該可以加簽\n\n不需要基礎吧，前幾堂會講材料基礎知識(本科系或許會覺得這幾堂很無聊)\n\nΨ 總結\n\n如果對中鋼有興趣了解的人可以來修，整個鋼鐵製程大致上都提了\n\n\n對了，工廠參訪那天是一大早坐遊覽車下高雄 (所以整天要空下來！)\n\n中午吃員工餐廳，下午參訪熱軋場跟產品展示中心，傍晚就返回台北\n\n參訪時間不長，之後也不會延長，因為中鋼四點半就下班了~\n\n--\n\n原文網址: https://www.ptt.cc/bbs/NTUcourse/M.1466756810.A.191.html""]","[{""User_ID"": ""PTT"", ""Semester"": ""104-2"", ""Rating_Quality"": null, ""Rating_Sweet"": null, ""Rating_Easy"": null, ""Rating_Rich"": null, ""Comment"": ""轉載自 PTT 作者 ID: s5813802 (嘿)\n哪一學年度修課：\n\n104學年度第二學期\n\nψ 授課教師 (若為多人合授請寫開課教師，以方便收錄)\n\n楊哲人 老師 (講師為眾中鋼研究員)\n\nλ 開課系所與授課對象 (是否為必修或通識課 / 內容是否與某些背景相關)\n\n材料所選修\n\nδ 課程大概內容\n\n2/24 課程概論 黃議興 處長\n3/2 鋼鐵產品種類與應用 張恆碩 研究員\n3/9 鋼鐵產品組織控制技術與原理 王元聰 研究員\n3/16 軋延冶金技術概論 黃慶淵 組長\n3/23 鋼鐵產品之二、三次加工技術 王世衛 研究員\n3/30 工模具鋼與特殊合金 潘永村 研究員\n4/6 鋼鐵產品之防蝕技術 羅亦旋 工程師\n4/13 煉焦及燒結製程 蕭嘉賢 研究員\n4/20 期中考(沒期中也沒上課)\n4/27 高爐製程 蕭嘉賢 研究員\n5/4 轉爐煉鋼製程 劉永章 研究員\n5/11 連鑄製程 蘇彥豪 研究員\n5/18 軋延製程技術概論 胡毓仁 組長\n5/25 鋼材生產製程之加熱與冷卻技術 王朝華 研究員\n6/1 鋼鐵生產製程中之自動化技術 陳彥廷 研究員\n6/8 工廠參觀 楊復財 工程師\n6/15 鋼鐵冶金之節能減碳 陳俊達 組長\n6/22 期末考\n\nΩ 私心推薦指數(以五分計)\n★★★+0.5★ 各講師風格不一不好打分數\n\nη 上課用書(影印講義或是指定教科書)\n\n影印講義，第一堂課會問大家要不要買\n\n通常跟前幾年差異不大，拿學長姐的即可，私以為不會有人回家看XD\n\nμ 上課方式(投影片、團體討論、老師教學風格)\n\n投影片\n\n沒有團體討論，課後會開放問題，但不一定會有時間\n\n有一次沒什麼問題，卻剩太多時間，講師還不下課跟同學互望，整個超尷尬-.-\n\n有講師幾句話就抓住學生注意力，也有講師讓人整堂想睡\n\n尤其是下午午休時間~\n\nσ 評分方式(給分甜嗎？是紮實分？)\n\n專題書面報告、中鋼參訪心得、期末考\n\n忘記占分，但往年給的甜\n\n由於這堂成大和清大都有開課\n\n期末考以往靠學長姐流傳的大補帖就夠了，但今年老師改革QQ\n\n這次考題大概只有六成考古吧\n\nρ 考題型式、作業方式\n\n專題書面報告(1000~1200字)、中鋼參訪心得(800~1000字)、期末考(50題選擇)\n\nω 其它(是否注重出席率？如果為外系選修，需先有什麼基礎較好嗎？老師個性？\n加簽習慣？嚴禁遲到等…)\n\n沒到一次扣三分，睡覺、滑手機好像會被扣分\n\n外系的人比想像中多，應該可以加簽\n\n不需要基礎吧，前幾堂會講材料基礎知識(本科系或許會覺得這幾堂很無聊)\n\nΨ 總結\n\n如果對中鋼有興趣了解的人可以來修，整個鋼鐵製程大致上都提了\n\n\n對了，工廠參訪那天是一大早坐遊覽車下高雄 (所以整天要空下來！)\n\n中午吃員工餐廳，下午參訪熱軋場跟產品展示中心，傍晚就返回台北\n\n參訪時間不長，之後也不會延長，因為中鋼四點半就下班了~\n\n--\n\n原文網址: https://www.ptt.cc/bbs/NTUcourse/M.1466756810.A.191.html""}]"
材料機械性能,顏鴻威,材料科學與工程學研究所、分子科學與技術國際研究生博士學位學程、元件材料與異質整合碩士學位學程、元件材料與異質整合博士學位學程,3,114-2,42308,MSE7014,,,,,"[""無評價""]",[]
智慧陶瓷材料,謝宗霖,材料科學與工程學研究所,3,114-2,43236,MSE7042,,,,,"[""無評價""]",[]
材料動力學,蘇德徵,材料科學與工程學研究所,3,114-2,55329,MSE5063,,,,,"[""無評價""]",[]
離子與探針分析技術,薛景中,材料科學與工程學研究所、元件材料與異質整合碩士學位學程、元件材料與異質整合博士學位學程,3,114-2,36281,MSE5059,,,,,"[""無評價""]",[]
軟性電子材料與元件,劉振良,材料科學與工程學研究所,3,114-2,16214,MSE5040,,,,,"[""無評價""]",[]
高分子物理化學,童世煌,材料科學與工程學研究所、高分子科學與工程學研究所、綠色永續材料與精密元件博士學位學程,3,114-2,28014,PSE7006,,,,,"[""無評價""]",[]
專題研究,林峰輝,醫學工程學研究所、醫學工程學研究所,1,114-2,35624,DBME7002,,,,,"[""無評價""]",[]
專題研究,楊台鴻,醫學工程學研究所、醫學工程學研究所,1,114-2,57586,DBME7002,,,,,"[""無評價""]",[]
專題研究,王兆麟,醫學工程學研究所、醫學工程學研究所,1,114-2,47994,DBME7002,,,,,"[""無評價""]",[]
專題研究,林啟萬,醫學工程學研究所、醫學工程學研究所、生醫電子與資訊學研究所、生醫電子與資訊學研究所、生醫電子與資訊學研究所、生醫電子與資訊學研究所、生醫電子與資訊學研究所、生醫電子與資訊學研究所、生醫電子與資訊學研究所、生醫電子與資訊學研究所、奈米工程與科學碩士學位學程、奈米工程與科學碩士學位學程、奈米工程與科學碩士學位學程、奈米工程與科學碩士學位學程、奈米工程與科學碩士學位學程、奈米工程與科學碩士學位學程、奈米工程與科學碩士學位學程、奈米工程與科學碩士學位學程、奈米工程與科學博士學位學程、奈米工程與科學博士學位學程、奈米工程與科學博士學位學程、奈米工程與科學博士學位學程、奈米工程與科學博士學位學程、奈米工程與科學博士學位學程、奈米工程與科學博士學位學程、奈米工程與科學博士學位學程,1,114-2,35129,DBME7002,,,,,"[""無評價""]",[]
專題研究,趙福杉,醫學工程學研究所、醫學工程學研究所,1,114-2,46756,DBME7002,,,,,"[""無評價""]",[]
專題研究,陳中明,醫學工程學研究所、醫學工程學研究所,1,114-2,36948,DBME7002,,,,,"[""無評價""]",[]
專題研究,林頌然,醫學工程學研究所、醫學工程學研究所,1,114-2,14445,DBME7002,,,,,"[""無評價""]",[]
專題研究,趙本秀,醫學工程學研究所、醫學工程學研究所,1,114-2,23134,DBME7002,,,,,"[""無評價""]",[]
專題研究,施博仁,醫學工程學研究所、醫學工程學研究所,1,114-2,26064,DBME7002,,,,,"[""無評價""]",[]
專題研究,梁祥光,醫學工程學研究所、醫學工程學研究所,1,114-2,42793,DBME7002,,,,,"[""無評價""]",[]
高分子材料分析,楊台鴻,醫學工程學研究所、醫學工程學研究所,3,114-2,31824,DBME7009,,,,,"[""無評價""]",[]
醫學影像分析,鄒奇軒,醫學工程學系、醫學工程學研究所、醫學工程學研究所,3,114-2,53458,DBME5030,,,,,"[""無評價""]",[]
醫用電子系統設計,趙福杉,醫學工程學系、醫學工程學研究所、醫學工程學研究所,3,114-2,30576,DBME5032,,,,,"[""無評價""]",[]
感覺神經生理,趙福杉,醫學工程學系、醫學工程學研究所、醫學工程學研究所,3,114-2,42460,DBME5025,,,,,"[""無評價""]",[]
微機電系統在細胞組織生理之應用,趙本秀,醫學工程學系、醫學工程學研究所、醫學工程學研究所,3,114-2,26093,DBME5036,,,,,"[""無評價""]",[]
疾病導向之臨床與基礎科學跨領域課程,梁祥光,醫學工程學系、醫學工程學研究所、醫學工程學研究所,3,114-2,11763,DBME5008,,,,,"[""無評價""]",[]
博士專題研究,林峰輝,醫學工程學研究所、醫學工程學研究所,1,114-2,31934,DBME8001,,,,,"[""無評價""]",[]
博士專題研究,楊台鴻,醫學工程學研究所、醫學工程學研究所,1,114-2,23261,DBME8001,,,,,"[""無評價""]",[]
博士專題研究,王兆麟,醫學工程學研究所、醫學工程學研究所,1,114-2,53916,DBME8001,,,,,"[""無評價""]",[]
博士專題研究,呂東武,醫學工程學研究所、醫學工程學研究所,1,114-2,19759,DBME8001,,,,,"[""無評價""]",[]
博士專題研究,林啟萬,醫學工程學研究所、醫學工程學研究所,1,114-2,29363,DBME8001,,,,,"[""無評價""]",[]
博士專題研究,趙福杉,醫學工程學研究所、醫學工程學研究所,1,114-2,30237,DBME8001,,,,,"[""無評價""]",[]
博士專題研究,陳中明,醫學工程學研究所、醫學工程學研究所,1,114-2,27833,DBME8001,,,,,"[""無評價""]",[]
博士專題研究,林頌然,醫學工程學研究所、醫學工程學研究所,1,114-2,15536,DBME8001,,,,,"[""無評價""]",[]
博士專題研究,趙本秀,醫學工程學研究所、醫學工程學研究所,1,114-2,44314,DBME8001,,,,,"[""無評價""]",[]
博士專題研究,施博仁,醫學工程學研究所、醫學工程學研究所,1,114-2,48347,DBME8001,,,,,"[""無評價""]",[]
博士專題研究,梁祥光,醫學工程學研究所、醫學工程學研究所,1,114-2,31873,DBME8001,,,,,"[""無評價""]",[]
高等醫學工程專題討論,林頌然,醫學工程學研究所、醫學工程學研究所,1,114-2,28795,DBME8002,,,,,"[""無評價""]",[]
生理與解剖在醫工之應用二,林頌然,醫學工程學研究所、醫學工程學研究所,3,114-2,21991,DBME7094,,,,,"[""無評價""]",[]
環境數學,駱尚廉,環境工程學研究所,3,114-2,47925,EnvE7008,,,,,"[""無評價""]",[]
環境生態學,童心欣,環境工程學研究所,3,114-2,50626,EnvE7012,,,,,"[""無評價""]",[]
粒狀物控制理論,蕭大智,環境工程學研究所,3,114-2,18935,EnvE7019,,,,,"[""無評價""]",[]
環境工程單元操作,林逸彬,環境工程學研究所,3,114-2,55425,EnvE7076,,,,,"[""無評價""]",[]
空氣污染概論,丁育頡,土木工程學系、環境工程學研究所,3,114-2,35395,EnvE7081,,,,,"[""無評價""]",[]
環境污染物分析,林郁真,環境工程學研究所,3,114-2,15253,EnvE7084,,,,,"[""無評價""]",[]
生物處理方法,于昌平,環境工程學研究所,3,114-2,25283,EnvE7032,,,,,"[""無評價""]",[]
生態工法概論,林鎮洋,土木工程學系、環境工程學研究所,3,114-2,11480,EnvE7048,,,,,"[""無評價""]",[]
"綠色生產與消費
A5,7",駱尚廉,環境工程學研究所,2,114-2,53791,EnvE5007,,,,,"[""[PTT | 109-2]: 轉載自 PTT 作者 ID: iammg (金魚腦)\n哪一學年度修課： 109-2\n\nψ 授課教師 (若為多人合授請寫開課教師，以方便收錄)\n\n駱尚廉教授 蔣本基教授、闕蓓德教授、于昌平教授、袁美華教授\n\nλ 開課系所與授課對象 (是否為必修或通識課 / 內容是否與某些背景相關)\n\n環工所 兼通識A57\n\nδ 課程大概內容\n\n第一週 永續發展導論（駱尚廉）\n第二週 自然資源管理與利用（袁美華）\n第三週 土地管理（袁美華）\n第四週 永續農業與糧食（袁美華）\n第五週 永續能源與策略（于昌平）\n第六週 溫書假\n第七週 永續水資源與調適（駱尚廉）\n第八週 循環經濟理論與實踐（蔣本基）\n第九週 綠色化學原則與發展（蔣本基）\n第十週 生產消費與環境污染（駱尚廉）\n第十一週 期中考\n第十二週 綠色消費與綠色標章（駱尚廉）\n第十三週 永續物料管理（袁美華）\n第十四週 廢棄物減量與資源回收技術（闕蓓德）\n第十五週 生態工業園區（蔣本基）\n第十六週 循環經濟案例（袁美華）\n第十七週 永續綠建築（袁美華）\n\nΩ 私心推薦指數(以五分計) ★★★★★\n\n總結來說 ★★\n關心環境永續議題的人 ★★★\n想從課堂學到很多東西的人 ★★\n討厭寫作業、點名的人 ★\n\nη 上課用書(影印講義或是指定教科書)\n\n每個老師會自編每週的投影片\n\nμ 上課方式(投影片、團體討論、老師教學風格)\n\n當初我不信邪，看了109-1的評價文想說上課應該不會太慘吧，結果真的大部分都在唸經==\n除了袁美華老師上課的時候會帶討論，其他基本上不知道在幹嘛，但袁很喜歡讓大家分組\n，不管是作業還是課堂討論都要分，然後場面就一度很尷尬。\n\nσ 評分方式(給分甜嗎？是紮實分？)\n\n期中考 30%\n期末考 40%\n課堂參與（點名）、作業 30%\n\n期中考老師上課的時候好像有說級距但我忘了(￣▽￣)\n考不好有沒有關係我不知道，不過老師會調分\n今年的調法是全體一起加分，然後讓最高分的人加到100分為止，所以我們期中大家都加了\n10分還12分的樣子\n啊期末就不知道會不會調\n至於總分現在還不知道 之後成績出來再補\nρ 考題型式、作業方式\n\n期中考跟期末考各50題選擇題，考題的內容超雜你都不知道在投影片的哪裡看過==\n而且又考很細，很喜歡考法條第幾條、SDGs的第幾項那種，意義不大\n\n作業通常是一到兩題簡答，老師有特別說喜歡大家交手寫，所以基本上只要手寫超過半頁\nA4作業成績就滿高了，但每個禮拜都有作業，討厭寫作業的人會很煩躁。\n\nω 其它(是否注重出席率？如果為外系選修，需先有什麼基礎較好嗎？老師個性？\n加簽習慣？嚴禁遲到等…)\n\n每週都會上課傳簽到表點名，不喜歡來上課的人慎選。如果期待可以從課堂中學到很多知\n識內容的就不要考慮這堂，大部分都在討論枯燥乏味的法規。\n加簽的話先寫信，老師會給你一個順序號碼可以先領授權碼。\n\nΨ 總結\n\n不推\n我自認還算是關心環保議題的人，但來上這堂課收穫並不大，大部分都是在介紹現行的\n法條，或者是原則性的東西，有的時候反而會有環境保育離我們生活很遠的感覺。本身是\n農院生的話可以考慮修一下，可能會跟其他的必修課有點連結性，其他人就看個人意願。\n而且每堂課都要點名、交手寫的作業，去了之後坐在那邊學到的東西也不多，有的時候還\n要分組討論或分組寫作業，我是覺得cp值滿低的。\n\n--\n\n原文網址: https://www.ptt.cc/bbs/NTUcourse/M.1624887629.A.8E0.html""]","[{""User_ID"": ""PTT"", ""Semester"": ""109-2"", ""Rating_Quality"": null, ""Rating_Sweet"": null, ""Rating_Easy"": null, ""Rating_Rich"": null, ""Comment"": ""轉載自 PTT 作者 ID: iammg (金魚腦)\n哪一學年度修課： 109-2\n\nψ 授課教師 (若為多人合授請寫開課教師，以方便收錄)\n\n駱尚廉教授 蔣本基教授、闕蓓德教授、于昌平教授、袁美華教授\n\nλ 開課系所與授課對象 (是否為必修或通識課 / 內容是否與某些背景相關)\n\n環工所 兼通識A57\n\nδ 課程大概內容\n\n第一週 永續發展導論（駱尚廉）\n第二週 自然資源管理與利用（袁美華）\n第三週 土地管理（袁美華）\n第四週 永續農業與糧食（袁美華）\n第五週 永續能源與策略（于昌平）\n第六週 溫書假\n第七週 永續水資源與調適（駱尚廉）\n第八週 循環經濟理論與實踐（蔣本基）\n第九週 綠色化學原則與發展（蔣本基）\n第十週 生產消費與環境污染（駱尚廉）\n第十一週 期中考\n第十二週 綠色消費與綠色標章（駱尚廉）\n第十三週 永續物料管理（袁美華）\n第十四週 廢棄物減量與資源回收技術（闕蓓德）\n第十五週 生態工業園區（蔣本基）\n第十六週 循環經濟案例（袁美華）\n第十七週 永續綠建築（袁美華）\n\nΩ 私心推薦指數(以五分計) ★★★★★\n\n總結來說 ★★\n關心環境永續議題的人 ★★★\n想從課堂學到很多東西的人 ★★\n討厭寫作業、點名的人 ★\n\nη 上課用書(影印講義或是指定教科書)\n\n每個老師會自編每週的投影片\n\nμ 上課方式(投影片、團體討論、老師教學風格)\n\n當初我不信邪，看了109-1的評價文想說上課應該不會太慘吧，結果真的大部分都在唸經==\n除了袁美華老師上課的時候會帶討論，其他基本上不知道在幹嘛，但袁很喜歡讓大家分組\n，不管是作業還是課堂討論都要分，然後場面就一度很尷尬。\n\nσ 評分方式(給分甜嗎？是紮實分？)\n\n期中考 30%\n期末考 40%\n課堂參與（點名）、作業 30%\n\n期中考老師上課的時候好像有說級距但我忘了(￣▽￣)\n考不好有沒有關係我不知道，不過老師會調分\n今年的調法是全體一起加分，然後讓最高分的人加到100分為止，所以我們期中大家都加了\n10分還12分的樣子\n啊期末就不知道會不會調\n至於總分現在還不知道 之後成績出來再補\nρ 考題型式、作業方式\n\n期中考跟期末考各50題選擇題，考題的內容超雜你都不知道在投影片的哪裡看過==\n而且又考很細，很喜歡考法條第幾條、SDGs的第幾項那種，意義不大\n\n作業通常是一到兩題簡答，老師有特別說喜歡大家交手寫，所以基本上只要手寫超過半頁\nA4作業成績就滿高了，但每個禮拜都有作業，討厭寫作業的人會很煩躁。\n\nω 其它(是否注重出席率？如果為外系選修，需先有什麼基礎較好嗎？老師個性？\n加簽習慣？嚴禁遲到等…)\n\n每週都會上課傳簽到表點名，不喜歡來上課的人慎選。如果期待可以從課堂中學到很多知\n識內容的就不要考慮這堂，大部分都在討論枯燥乏味的法規。\n加簽的話先寫信，老師會給你一個順序號碼可以先領授權碼。\n\nΨ 總結\n\n不推\n我自認還算是關心環保議題的人，但來上這堂課收穫並不大，大部分都是在介紹現行的\n法條，或者是原則性的東西，有的時候反而會有環境保育離我們生活很遠的感覺。本身是\n農院生的話可以考慮修一下，可能會跟其他的必修課有點連結性，其他人就看個人意願。\n而且每堂課都要點名、交手寫的作業，去了之後坐在那邊學到的東西也不多，有的時候還\n要分組討論或分組寫作業，我是覺得cp值滿低的。\n\n--\n\n原文網址: https://www.ptt.cc/bbs/NTUcourse/M.1624887629.A.8E0.html""}]"
水庫及河口生態系統管理,吳先琪,環境工程學研究所,3,114-2,58175,EnvE5004,,,,,"[""無評價""]",[]
空氣污染化學,丁育頡,環境工程學研究所,3,114-2,54082,EnvE8018,,,,,"[""無評價""]",[]
專題研究,沈弘俊,應用力學研究所,0,114-2,31214,AM7003,,,,,"[""無評價""]",[]
專題研究,吳光鐘,應用力學研究所,0,114-2,54207,AM7003,,,,,"[""無評價""]",[]
專題研究,張建成,應用力學研究所,0,114-2,59649,AM7003,,,,,"[""無評價""]",[]
專題研究,陳發林,應用力學研究所,0,114-2,29751,AM7003,,,,,"[""無評價""]",[]
專題研究,李世光,應用力學研究所,0,114-2,39073,ESOE7002,,,,,"[""無評價""]",[]
專題研究,劉佩玲,應用力學研究所,0,114-2,23781,AM7003,,,,,"[""無評價""]",[]
專題研究,胡文聰,應用力學研究所,0,114-2,25700,AM7003,,,,,"[""無評價""]",[]
專題研究,王立昇,應用力學研究所,0,114-2,22893,AM7003,,,,,"[""無評價""]",[]
專題研究,張培仁,應用力學研究所,0,114-2,34266,AM7003,,,,,"[""無評價""]",[]
專題研究,王安邦,應用力學研究所,0,114-2,32903,AM7003,,,,,"[""無評價""]",[]
專題研究,舒貽忠,應用力學研究所、奈米工程與科學碩士學位學程、奈米工程與科學博士學位學程、奈米工程與科學博士學位學程、奈米工程與科學博士學位學程、奈米工程與科學博士學位學程、奈米工程與科學博士學位學程、奈米工程與科學博士學位學程、奈米工程與科學博士學位學程、奈米工程與科學博士學位學程,0,114-2,54108,AM7003,,,,,"[""無評價""]",[]
專題研究,陳國慶,應用力學研究所,0,114-2,34581,AM7003,,,,,"[""無評價""]",[]
專題研究,趙聖德,應用力學研究所,0,114-2,30979,AM7003,,,,,"[""無評價""]",[]
專題研究,陳瑞琳,應用力學研究所,0,114-2,27326,AM7003,,,,,"[""無評價""]",[]
專題研究,陳建彰,應用力學研究所、奈米工程與科學碩士學位學程、奈米工程與科學博士學位學程、奈米工程與科學博士學位學程、奈米工程與科學博士學位學程、奈米工程與科學博士學位學程、奈米工程與科學博士學位學程、奈米工程與科學博士學位學程、奈米工程與科學博士學位學程、奈米工程與科學博士學位學程,0,114-2,37713,AM7003,,,,,"[""無評價""]",[]
專題研究,周逸儒,應用力學研究所,0,114-2,51956,AM7003,,,,,"[""無評價""]",[]
專題研究,江宏仁,應用力學研究所,0,114-2,37735,AM7003,,,,,"[""無評價""]",[]
專題研究,陳建甫,應用力學研究所、奈米工程與科學碩士學位學程、奈米工程與科學博士學位學程、奈米工程與科學博士學位學程、奈米工程與科學博士學位學程、奈米工程與科學博士學位學程、奈米工程與科學博士學位學程、奈米工程與科學博士學位學程、奈米工程與科學博士學位學程、奈米工程與科學博士學位學程,0,114-2,10154,AM7003,,,,,"[""無評價""]",[]
專題研究,許聿翔,應用力學研究所、奈米工程與科學碩士學位學程、奈米工程與科學博士學位學程、奈米工程與科學博士學位學程、奈米工程與科學博士學位學程、奈米工程與科學博士學位學程、奈米工程與科學博士學位學程、奈米工程與科學博士學位學程、奈米工程與科學博士學位學程、奈米工程與科學博士學位學程,0,114-2,35084,AM7003,,,,,"[""無評價""]",[]
專題研究,李尉彰,應用力學研究所、奈米工程與科學碩士學位學程、奈米工程與科學博士學位學程、奈米工程與科學博士學位學程、奈米工程與科學博士學位學程、奈米工程與科學博士學位學程、奈米工程與科學博士學位學程、奈米工程與科學博士學位學程、奈米工程與科學博士學位學程、奈米工程與科學博士學位學程,0,114-2,19104,AM7003,,,,,"[""無評價""]",[]
專題研究,陳志鴻,應用力學研究所,0,114-2,37897,AM7003,,,,,"[""無評價""]",[]
專題研究,林哲宇,應用力學研究所,0,114-2,27700,AM7003,,,,,"[""無評價""]",[]
專題研究,周佳靚,應用力學研究所,0,114-2,49292,AM7003,,,,,"[""無評價""]",[]
應用數學一,吳光鐘,應用力學研究所,3,114-2,18814,AM7006,3.0,3.0,3.0,3.0,"[""[User56574 | 114-1]: Cartesian tensor, ODE, PDE\nLecture based\nHandout pdfs\ntotal 11 HWs. One midterm and one final\nNot yet\nGood""]","[{""User_ID"": ""User56574"", ""Semester"": ""114-1"", ""Rating_Quality"": null, ""Rating_Sweet"": null, ""Rating_Easy"": null, ""Rating_Rich"": null, ""Comment"": ""Cartesian tensor, ODE, PDE\nLecture based\nHandout pdfs\ntotal 11 HWs. One midterm and one final\nNot yet\nGood""}]"
工程科學數值方法,周逸儒,應用力學研究所,3,114-2,57785,AM7008,3.3,1.3,1.7,5.0,"[""[User09445 | 113-2]: The course content was well-structured, and the lectures were clear and informative. We covered and applied many aspects of numerical methods to solve a variety of engineering mathematical problems. While the material was valuable, the workload was quite heavy—perhaps a bit too much at times. I would have appreciated the opportunity to focus more deeply on certain methods rather than covering so many in a limited time. The same applies to the homework, which was extensive.\n\nThat said, the instructor was excellent. His explanations were clear and made even complex topics easy to understand. If you're planning to take this course, be prepared to work hard—but you'll benefit from a highly effective and engaging teacher.\n\nOne suggestion: please avoid changing the exam format (e.g., from open book to closed book) so close to the exam date. Such changes can be quite stressful and make it difficult to prepare properly.""]","[{""User_ID"": ""User09445"", ""Semester"": ""113-2"", ""Rating_Quality"": null, ""Rating_Sweet"": null, ""Rating_Easy"": null, ""Rating_Rich"": null, ""Comment"": ""The course content was well-structured, and the lectures were clear and informative. We covered and applied many aspects of numerical methods to solve a variety of engineering mathematical problems. While the material was valuable, the workload was quite heavy—perhaps a bit too much at times. I would have appreciated the opportunity to focus more deeply on certain methods rather than covering so many in a limited time. The same applies to the homework, which was extensive.\n\nThat said, the instructor was excellent. His explanations were clear and made even complex topics easy to understand. If you're planning to take this course, be prepared to work hard—but you'll benefit from a highly effective and engaging teacher.\n\nOne suggestion: please avoid changing the exam format (e.g., from open book to closed book) so close to the exam date. Such changes can be quite stressful and make it difficult to prepare properly.""}]"
應用力學實驗一,沈弘俊,應用力學研究所,3,114-2,44899,AM7012,,,,,"[""無評價""]",[]
動力學,陳志鴻,工學院院學士學位、應用力學研究所,3,114-2,16700,AM7021,,,,,"[""無評價""]",[]
電磁學,陳建彰,應用力學研究所、奈米工程與科學碩士學位學程、奈米工程與科學博士學位學程,3,114-2,55474,AM7034,,,,,"[""無評價""]",[]
彈性力學一,劉佩玲,應用力學研究所,3,114-2,26324,AM7050,,,,,"[""無評價""]",[]
奈米科技導論,陳建甫,應用力學研究所、奈米工程與科學碩士學位學程、奈米工程與科學博士學位學程,3,114-2,15804,AM7183,2.0,2.0,3.0,5.0,"[""[User90086 | 113-2]: To give students a comprehensive understanding of nanotechnology in history, theories, and various practical applications.\nLesson in english in person.\nLectures Notes\nMidterm and final exams + Experimental reports (3)\nMidterm and final exams (30% and 40%) + Experimental reports (30%)\nGood introduction to the world of Nanotechnology but all the experiments are in Chinese (whereas the course is conducted in English).""]","[{""User_ID"": ""User90086"", ""Semester"": ""113-2"", ""Rating_Quality"": null, ""Rating_Sweet"": null, ""Rating_Easy"": null, ""Rating_Rich"": null, ""Comment"": ""To give students a comprehensive understanding of nanotechnology in history, theories, and various practical applications.\nLesson in english in person.\nLectures Notes\nMidterm and final exams + Experimental reports (3)\nMidterm and final exams (30% and 40%) + Experimental reports (30%)\nGood introduction to the world of Nanotechnology but all the experiments are in Chinese (whereas the course is conducted in English).""}]"
壓電振動能量擷取導論,舒貽忠,應用力學研究所、奈米工程與科學碩士學位學程、奈米工程與科學博士學位學程,3,114-2,43835,AM5007,,,,,"[""無評價""]",[]
環境規劃設計實習一下,陳良治,建築與城鄉研究所,6,114-2,10561,BP7017,,,,,"[""無評價""]",[]
空間的社會分析,王志弘,建築與城鄉研究所,3,114-2,44383,BP7138,,,,,"[""無評價""]",[]
都市聚落與地景,康旻杰,建築與城鄉研究所,3,114-2,44033,BP7155,,,,,"[""無評價""]",[]
現代主義與戰後台灣建築,賴仕堯,建築與城鄉研究所,3,114-2,40379,BP7163,,,,,"[""無評價""]",[]
當代亞洲的後殖民空間再現,林家暉,建築與城鄉研究所,3,114-2,38115,BP7221,,,,,"[""無評價""]",[]
建築設計 (四),林家暉,建築與城鄉研究所,4,114-2,25853,BP5053,,,,,"[""無評價""]",[]
影像戰鬥營,吳米森,建築與城鄉研究所、創新設計學院、創新領域學士學位學程,3,114-2,51204,DS5639,,,,,"[""無評價""]",[]
博士專題研究,陳正剛,工業工程學研究所,1,114-2,20713,IE8001,,,,,"[""無評價""]",[]
博士專題研究,洪一薰,工業工程學研究所,1,114-2,27038,IE8001,,,,,"[""無評價""]",[]
博士專題研究,吳政鴻,工業工程學研究所,1,114-2,18147,IE8001,,,,,"[""無評價""]",[]
博士專題研究,藍俊宏,工業工程學研究所,1,114-2,52230,IE8001,,,,,"[""無評價""]",[]
博士專題研究,黃奎隆,工業工程學研究所,1,114-2,21593,IE8001,,,,,"[""無評價""]",[]
專題研究,陳正剛,工業工程學研究所,1,114-2,57660,IE7004,,,,,"[""無評價""]",[]
專題研究,詹魁元,工業工程學研究所,1,114-2,36962,IE7004,,,,,"[""無評價""]",[]
專題研究,黃漢邦,工業工程學研究所,1,114-2,22673,IE7004,,,,,"[""無評價""]",[]
專題研究,藍俊宏,工業工程學研究所、奈米工程與科學碩士學位學程、奈米工程與科學博士學位學程、奈米工程與科學博士學位學程、奈米工程與科學博士學位學程、奈米工程與科學博士學位學程、奈米工程與科學博士學位學程、奈米工程與科學博士學位學程、奈米工程與科學博士學位學程、奈米工程與科學博士學位學程,1,114-2,22479,IE7004,,,,,"[""無評價""]",[]
專題研究,郭瑞祥,工業工程學研究所,1,114-2,59924,IE7004,,,,,"[""無評價""]",[]
專題研究,陳達仁,工業工程學研究所,1,114-2,48718,IE7004,,,,,"[""無評價""]",[]
專題研究,吳政鴻,工業工程學研究所,1,114-2,27207,IE7004,,,,,"[""無評價""]",[]
專題研究,洪一薰,工業工程學研究所,1,114-2,15522,IE7004,,,,,"[""無評價""]",[]
專題研究,黃奎隆,工業工程學研究所,1,114-2,26480,IE7004,,,,,"[""無評價""]",[]
專題研究,林智仁,工業工程學研究所、資訊網路與多媒體研究所、資訊網路與多媒體研究所、資訊網路與多媒體研究所、資訊網路與多媒體研究所、資訊網路與多媒體研究所、資訊網路與多媒體研究所、資訊網路與多媒體研究所、資訊網路與多媒體研究所,1,114-2,45188,CSIE3512,,,,,"[""無評價""]",[]
資料分析方法,藍俊宏,工學院、工學院院學士學位、工業工程學研究所、統計碩士學位學程、奈米工程與科學碩士學位學程、奈米工程與科學博士學位學程,3,114-2,51699,IE5054,4.5,4.0,3.0,4.5,"[""[Comsa2022 | 111-2]: Data analytics is becoming the fashion in all domains. Related buzzwords, such as data mining, big data, artificial intelligence, machine learning, and deep learning, are floating around in all kinds of media. Through this course, we will study both the fundamental definitions of all buzzwords as well as common techniques, such as multivariate statistical inference and unsupervised and supervised learning algorithms. R or Python will be used throughout this course in order to analyze, compare, and link the different techniques to the practical world.\n\nDA course is now designed in a blended learning format, which includes: asynchronous video learning; face-to-face discussion; homework exercises; and the final project collaboration.\n\n(For those who would like to enroll in this course, you are strongly encouraged to attend the first lecture and see if the course eventually fits your interest. The registration code will be distributed after you sign up for the first lecture.)\nStudents from this course shall learn to:\n\n1. understand the data characteristics and the fitness of different algorithms;\n2. pretreat and clean the data;\n3. extract and select significant features;\n4. explain the analytical results;\n5. use R/Python for quick data analytics.\n線上遠距，助教和老師會在不同的時間開放問問題，很自主彈性。\n老師自編的教材足以，他會給其他的補充參考資料，但是沒有到很重要就是了，只需要專心看影片，期中考的分數應該不算太難拿，平均71我考86。\n• Strang, G. (2006). Linear Algebra and Its Applications\n• Montgomery, D. C., & Runger, G. C. (2014). Applied Statistics and Probability for Engineers\n• Rencher, A. C., & Christensen, W. F. (2012). Methods of Multivariate Analysis\n• Johnson, R., & Wichern D. (2014). Applied Multivariate Statistical Analysis\n• Izenman A. J., 1st edition, Modern Multivariate Statistical Techniques\n• James, G., Witten, D., Hastie, T., & Tibshirani, R. (2017). An Introduction to Statistical Learning\n• Goodfellow, I., Bengio, Y., & Courville, A. (2016). Deep Learning\n作業有8次，集中在前半學期，Loading以管院生的角度來說不算輕，但是有做出東西的話給分很甜。\n只有期中考沒有期末考，期中考考到維度縮減，包含很多手寫的證明，但是允許帶一張雙面的A4大鈔，有了大鈔之後我可以掰出蠻多題的答案的，我有考古，可以問我。\nteam project是後半學期的重頭戲，主要就是KKTV給了我們一筆raw data，藉由觀看資料和類型，想辦法求初某個觀眾在未來某段時間，他開啟該app的機率有多少，這樣KKTV就可以在用戶上線的時候投射廣告就可以了，其中20%是看kaggle private排名(我們是8/17，拿到15分)，presentation(口頭報告9mins+問問題2mins，我們是9.5/12分)，slides(將簡報內容視為報告一環，但是我們報告最後懶得再加上細節，所以只拿到最低分3分/5分)，前兩個東西都剛好在班上的中間，簡報的部分偏低分，最後加權平均，我們在這個challenge的表現是74分，老實說有點偏低，如果表現前面一點的話，最高可以到85分左右\n最後3%是送分，另外還有一個小遊戲，抓到課程內容錯誤的話就可以加分，有找到就加一分以上，最多兩分。\n最後我的功課平均是99.5分(他真的給很甜，只要有東西跑出來，不要跟真實結果相差太遠的話基本上就滿分，而且有許多加分的機會，只需要多給一些註解和想法就可以獲得額外的分數)，考試86、期末74，勘誤+1.5，原始成績83.多，加上三分後總成績為A，我認為跟管院比起來可能沒那麼涼，但是管院就是混子院一點都不准，以中立的角度來說，loading應該算是剛好。\nHomework (25%), Mid-term Exam (35%), Team Project (37%), Participation (3%)\n管理學院來碰工工所的課程，老師非常熱心、熱情，也很樂意解決我們遇到的問題，雖然大部分時間都是線上非同步遠距，對於習慣上實體課的同學來說可能會覺得有點無趣，但是老師的影片說明得很清楚，老師在上課時間也會到班上讓我們問問題，我都會去找他聊天XD\n在課程本身的部分，我覺得她很完整的、有系統地介紹了有關於資料分析之中的數學邏輯和應用方法，其中包含多重線性回歸，統計性質和計算、維度縮減，以及後半段的各種分類器以及深度學習的原理等，對於管院生來說，雖然我已經修過了類似的課，也了解了那些觀念的眉頭，但是管院的缺點就是不談理論只會搞實戰應用，但是這時管院的往往會只著重於看跑出來的結果想辦法讓accuracy弄到最高，卻不懂他們實際上都對數據資料進行了哪樣子的操左，只知道這樣做好像可以，但是實際上發生了甚麼事情，進行了哪樣子的變換與縮減，卻是一無所知，這門課很剛好的解決了這個問題，對我來說是我在111-2學年度之中，學到最多，最有收穫的一門課""]","[{""User_ID"": ""Comsa2022"", ""Semester"": ""111-2"", ""Rating_Quality"": null, ""Rating_Sweet"": null, ""Rating_Easy"": null, ""Rating_Rich"": null, ""Comment"": ""Data analytics is becoming the fashion in all domains. Related buzzwords, such as data mining, big data, artificial intelligence, machine learning, and deep learning, are floating around in all kinds of media. Through this course, we will study both the fundamental definitions of all buzzwords as well as common techniques, such as multivariate statistical inference and unsupervised and supervised learning algorithms. R or Python will be used throughout this course in order to analyze, compare, and link the different techniques to the practical world.\n\nDA course is now designed in a blended learning format, which includes: asynchronous video learning; face-to-face discussion; homework exercises; and the final project collaboration.\n\n(For those who would like to enroll in this course, you are strongly encouraged to attend the first lecture and see if the course eventually fits your interest. The registration code will be distributed after you sign up for the first lecture.)\nStudents from this course shall learn to:\n\n1. understand the data characteristics and the fitness of different algorithms;\n2. pretreat and clean the data;\n3. extract and select significant features;\n4. explain the analytical results;\n5. use R/Python for quick data analytics.\n線上遠距，助教和老師會在不同的時間開放問問題，很自主彈性。\n老師自編的教材足以，他會給其他的補充參考資料，但是沒有到很重要就是了，只需要專心看影片，期中考的分數應該不算太難拿，平均71我考86。\n• Strang, G. (2006). Linear Algebra and Its Applications\n• Montgomery, D. C., & Runger, G. C. (2014). Applied Statistics and Probability for Engineers\n• Rencher, A. C., & Christensen, W. F. (2012). Methods of Multivariate Analysis\n• Johnson, R., & Wichern D. (2014). Applied Multivariate Statistical Analysis\n• Izenman A. J., 1st edition, Modern Multivariate Statistical Techniques\n• James, G., Witten, D., Hastie, T., & Tibshirani, R. (2017). An Introduction to Statistical Learning\n• Goodfellow, I., Bengio, Y., & Courville, A. (2016). Deep Learning\n作業有8次，集中在前半學期，Loading以管院生的角度來說不算輕，但是有做出東西的話給分很甜。\n只有期中考沒有期末考，期中考考到維度縮減，包含很多手寫的證明，但是允許帶一張雙面的A4大鈔，有了大鈔之後我可以掰出蠻多題的答案的，我有考古，可以問我。\nteam project是後半學期的重頭戲，主要就是KKTV給了我們一筆raw data，藉由觀看資料和類型，想辦法求初某個觀眾在未來某段時間，他開啟該app的機率有多少，這樣KKTV就可以在用戶上線的時候投射廣告就可以了，其中20%是看kaggle private排名(我們是8/17，拿到15分)，presentation(口頭報告9mins+問問題2mins，我們是9.5/12分)，slides(將簡報內容視為報告一環，但是我們報告最後懶得再加上細節，所以只拿到最低分3分/5分)，前兩個東西都剛好在班上的中間，簡報的部分偏低分，最後加權平均，我們在這個challenge的表現是74分，老實說有點偏低，如果表現前面一點的話，最高可以到85分左右\n最後3%是送分，另外還有一個小遊戲，抓到課程內容錯誤的話就可以加分，有找到就加一分以上，最多兩分。\n最後我的功課平均是99.5分(他真的給很甜，只要有東西跑出來，不要跟真實結果相差太遠的話基本上就滿分，而且有許多加分的機會，只需要多給一些註解和想法就可以獲得額外的分數)，考試86、期末74，勘誤+1.5，原始成績83.多，加上三分後總成績為A，我認為跟管院比起來可能沒那麼涼，但是管院就是混子院一點都不准，以中立的角度來說，loading應該算是剛好。\nHomework (25%), Mid-term Exam (35%), Team Project (37%), Participation (3%)\n管理學院來碰工工所的課程，老師非常熱心、熱情，也很樂意解決我們遇到的問題，雖然大部分時間都是線上非同步遠距，對於習慣上實體課的同學來說可能會覺得有點無趣，但是老師的影片說明得很清楚，老師在上課時間也會到班上讓我們問問題，我都會去找他聊天XD\n在課程本身的部分，我覺得她很完整的、有系統地介紹了有關於資料分析之中的數學邏輯和應用方法，其中包含多重線性回歸，統計性質和計算、維度縮減，以及後半段的各種分類器以及深度學習的原理等，對於管院生來說，雖然我已經修過了類似的課，也了解了那些觀念的眉頭，但是管院的缺點就是不談理論只會搞實戰應用，但是這時管院的往往會只著重於看跑出來的結果想辦法讓accuracy弄到最高，卻不懂他們實際上都對數據資料進行了哪樣子的操左，只知道這樣做好像可以，但是實際上發生了甚麼事情，進行了哪樣子的變換與縮減，卻是一無所知，這門課很剛好的解決了這個問題，對我來說是我在111-2學年度之中，學到最多，最有收穫的一門課""}]"
動態規劃與應用,吳政鴻,工學院院學士學位、工業工程學研究所,3,114-2,23607,IE5038,,,,,"[""無評價""]",[]
生產與作業排程,黃奎隆,工學院、工學院院學士學位、工業工程學研究所,3,114-2,32117,IE5041,,,,,"[""無評價""]",[]
數值方法,林智仁,工業工程學研究所、資訊工程學系、資訊工程學研究所、資訊網路與多媒體研究所,3,114-2,41472,CSIE5123,,,,,"[""無評價""]",[]
碩士專題研究一,徐善慧,高分子科學與工程學研究所,1,114-2,34032,PSE7023,,,,,"[""無評價""]",[]
碩士專題研究二,劉貴生,高分子科學與工程學研究所,1,114-2,13414,PSE7024,,,,,"[""無評價""]",[]
碩士專題研究二,黃慶怡,高分子科學與工程學研究所,1,114-2,11402,PSE7024,,,,,"[""無評價""]",[]
碩士專題研究二,徐善慧,高分子科學與工程學研究所、綠色永續材料與精密元件博士學位學程,1,114-2,57585,PSE7024,,,,,"[""無評價""]",[]
碩士專題研究二,童世煌,高分子科學與工程學研究所,1,114-2,22438,PSE7024,,,,,"[""無評價""]",[]
碩士專題研究二,鄭如忠,高分子科學與工程學研究所,1,114-2,13633,PSE7024,,,,,"[""無評價""]",[]
碩士專題研究二,葉伊純,高分子科學與工程學研究所,1,114-2,37386,PSE7024,,,,,"[""無評價""]",[]
碩士專題研究二,賴育英,高分子科學與工程學研究所,1,114-2,28477,PSE7024,,,,,"[""無評價""]",[]
碩士專題研究三,徐善慧,高分子科學與工程學研究所,1,114-2,46064,PSE7025,,,,,"[""無評價""]",[]
博士專題研究二,徐善慧,高分子科學與工程學研究所、綠色永續材料與精密元件博士學位學程,1,114-2,29271,PSE8002,,,,,"[""無評價""]",[]
博士專題研究二,童世煌,高分子科學與工程學研究所,1,114-2,11041,PSE8002,,,,,"[""無評價""]",[]
博士專題研究二,鄭如忠,高分子科學與工程學研究所,1,114-2,29535,PSE8002,,,,,"[""無評價""]",[]
博士專題研究二,賴育英,高分子科學與工程學研究所,1,114-2,56299,PSE8002,,,,,"[""無評價""]",[]
博士專題研究四,徐善慧,高分子科學與工程學研究所、綠色永續材料與精密元件博士學位學程,1,114-2,30937,PSE8004,,,,,"[""無評價""]",[]
博士專題研究四,童世煌,高分子科學與工程學研究所,1,114-2,47676,PSE8004,,,,,"[""無評價""]",[]
博士專題研究四,鄭如忠,高分子科學與工程學研究所,1,114-2,26735,PSE8004,,,,,"[""無評價""]",[]
博士專題研究四,賴育英,高分子科學與工程學研究所,1,114-2,35075,PSE8004,,,,,"[""無評價""]",[]
高分子形態學,黃慶怡,高分子科學與工程學研究所,3,114-2,40433,PSE7004,,,,,"[""無評價""]",[]
高分子奈米複合材料的生醫應用,葉伊純,高分子科學與工程學研究所,3,114-2,50169,PSE7039,,,,,"[""無評價""]",[]
分子科學與技術專題研究,陳俊維,分子科學與技術國際研究生博士學位學程,1,114-2,24385,MST8005,,,,,"[""無評價""]",[]
專題討論,陳俊維,分子科學與技術國際研究生博士學位學程,1,114-2,54039,MST8007,,,,,"[""無評價""]",[]
書報討論,余慈顏,分子科學與技術國際研究生博士學位學程,1,114-2,50618,MST8008,,,,,"[""無評價""]",[]
有機化學實驗,羅禮強,醫學系、農藝學系、動物科學技術學系、生命科學系、生化科技學系,1,114-2,45919,Chem2035,,,,,"[""無評價""]",[]
作物生產概論,莊汶博,農藝學系,3,114-2,14265,Agron1005,,,,,"[""無評價""]",[]
統計學,蔡欣甫,農藝學系、昆蟲學系,3,114-2,16231,Agron2002,,,,,"[""無評價""]",[]
普通植物學實驗,陳香君,農藝學系、園藝暨景觀學系、植物病理與微生物學系,1,114-2,43221,LS1019,,,,,"[""無評價""]",[]
遺傳學,陳凱儀,農藝學系,3,114-2,51666,Agron2001,,,,,"[""無評價""]",[]
遺傳學,董致韡,農藝學系、生物科技與食品營養學士學位學程,3,114-2,50332,Agron2001,,,,,"[""無評價""]",[]
遺傳學實驗,陳凱儀,農藝學系,1,114-2,41726,Agron2009,,,,,"[""無評價""]",[]
現代農業體驗一,林淑怡,生物資源暨農學院、農藝學系、生物環境系統工程學系、農業化學系、森林環境暨資源學系、動物科學技術學系、園藝暨景觀學系、獸醫學系、生物產業傳播暨發展學系、生物機電工程學系、植物病理與微生物學系,1,114-2,37399,Agron1010,3.0,5.0,3.0,2.0,"[""[User03216 | 111-1]: 學習種植蔬菜\n每一組約有五個人\n實習的小菜園有三塊\n第一塊種植菜苗\n第二塊種子植播\n第三塊種植扦插苗\n分別會在不同的週次操作\n期末會有料理比賽\n主要用自己栽培的蔬菜作物當素材\n\n然後有期中報告和期末報告\n期中報告是每個人選定一樣蔬菜作物\n製作簡報與紙本講義並進行約五分鐘的口頭報告\n期末報告則是以圖文並茂的方式繳交一份課程紀錄\n因此建議平常上課的時候多多拍照\n因為有栽培作物所以需要有人來澆水\n一週七天每天都要排人澆水\n要跟自己組員協商\n菜園旁邊有放小筆記本\n必須寫下自己澆水時順便的觀察紀錄\n園藝分場自製教材\n期中報告\n期末報告\n每次上課簽到\n每週小筆記本簽名次數\n但這門課定位就是營養學分\n很容易拿到好分數的\n現代農業體驗蔬菜組(單週上課)""]","[{""User_ID"": ""User03216"", ""Semester"": ""111-1"", ""Rating_Quality"": null, ""Rating_Sweet"": null, ""Rating_Easy"": null, ""Rating_Rich"": null, ""Comment"": ""學習種植蔬菜\n每一組約有五個人\n實習的小菜園有三塊\n第一塊種植菜苗\n第二塊種子植播\n第三塊種植扦插苗\n分別會在不同的週次操作\n期末會有料理比賽\n主要用自己栽培的蔬菜作物當素材\n\n然後有期中報告和期末報告\n期中報告是每個人選定一樣蔬菜作物\n製作簡報與紙本講義並進行約五分鐘的口頭報告\n期末報告則是以圖文並茂的方式繳交一份課程紀錄\n因此建議平常上課的時候多多拍照\n因為有栽培作物所以需要有人來澆水\n一週七天每天都要排人澆水\n要跟自己組員協商\n菜園旁邊有放小筆記本\n必須寫下自己澆水時順便的觀察紀錄\n園藝分場自製教材\n期中報告\n期末報告\n每次上課簽到\n每週小筆記本簽名次數\n但這門課定位就是營養學分\n很容易拿到好分數的\n現代農業體驗蔬菜組(單週上課)""}]"
現代農業體驗一,莊汶博,生物資源暨農學院、農藝學系、生物環境系統工程學系、農業化學系、森林環境暨資源學系、動物科學技術學系、園藝暨景觀學系、獸醫學系、生物產業傳播暨發展學系、生物機電工程學系、植物病理與微生物學系,1,114-2,16832,Agron1010,,,,,"[""[PTT | 109-1]: 轉載自 PTT 作者 ID: tim1415926 (叮叮咚咚)\n哪一學年度修課：109學年度\n\nψ 授課教師 (若為多人合授請寫開課教師，以方便收錄)\n莊汶博\n\nλ 開課系所與授課對象 (是否為必修或通識課 / 內容是否與某些背景相關)\n開課系所：農藝系\n授課對象：生農學院學生（非生農學院學生所修之同一門課課名叫做「田園生活體驗一」）\n\nδ 課程大概內容\n作物繁殖技術為現代農業經營上極為重要的一環，使修習學生暸解並親身體驗作物的各種繁殖技術，以為經營農業重要必備的基本技術。本課程之主要內容如下：\n1. 種子繁殖法介紹及操作\n2. 營養繁殖法介紹及操作\n(1) 分割繁殖法介紹及操作\n(2) 扦插繁殖法介紹及操作\n(3) 壓條繁殖法介紹及操作\n(4) 接木繁殖法介紹及操作\n\n以上是CEIBA上面老師所寫的「課程目標」。\n\n課程分成兩個part——繁殖課與種田。繁殖課教大家常見的作物繁殖方法，這學期課堂上提到的有實生、扦插、分株、嫁接、高壓、組織培養；種田的部分，每個人會分得台大農場裡面的一小塊田，這部分簡單來說就是做中學。\n\nΩ 私心推薦指數(以五分計) ★★★★★\n想要修涼課：★★★★★\n非常喜歡種植物：★★★★★\n想在台大裡面種田：★★★★★\n想修甜涼課又學到東西：★★★★★\n\nη 上課用書(影印講義或是指定教科書)\n老師上課以口述+示範為主，偶而會有上課PPT，沒有用到教科書。\n\nμ 上課方式(投影片、團體討論、老師教學風格)\n如同前面所述，這門課主要可分成兩個部分——上繁殖課與種田。\n\n繁殖課主要是在教室上課，有時候老師會帶大家親手做，這學期有學到扦插、高壓法的練習，嫁接則是只有練習切枝。扦插法會生產出不少小盆栽，待繁殖成功後可以帶走，扦插的植物素材以上課教室附近的為主，老師會帶大家到農場附近找尋自己想要扦插的植物，過程中老師會講解介紹適合扦插繁殖的植物。高壓法與嫁接法練習則是在台大農場附近的溫室進行，大概就是練習流程而已。\n\n種田的部分，這學期每個人分得一條1公尺*25公尺的田，基本上想種什麼老師不太會干涉，學期初老師會請大家去買種苗，上課也會提供一部分的菜苗與種子，因此大部分的同學都是種菜為主，少部分的人也種了一些觀賞用植物，以我自己來說，我總共種了高麗菜、青花菜（綠花椰菜）、蘿蔓、萵苣、紅蘿蔔、毛豆、草莓、薄荷、...。因為這學期遇到連日陰雨與寒流，所以很多菜都不是長得非常好，照老師的說法，如果天氣好的話，到學期末會有吃不完的菜！\n\nσ 評分方式(給分甜嗎？是紮實分？)\n田地分數 50%\n期末筆試 50%\n\n田地分數以菜（不是被視為雜草的植物）和雜草的比例為依據，老師用目視給分數，基本上菜不要太少且有勤於除草，田地分數都不至於拿太低。有些同學到期末評分前一週才除草，最後也拿了不錯的成績，不過因為雜草會搶養分，所以建議還是平時就要除草。\n\n期末筆試則是考25種植物的繁殖法，共25題，滿分100分。老師會用投影機依序放出25種植物的照片，要寫出這些植物的主要繁殖法(3%)與一種次要繁殖法(1%)，假如寫的兩個方法都不是該植物的主要繁殖法，那該題就只會拿到1+1=2分。這部分不會太難，上課有聽課的話不太會卡關，考的內容大部分都是老師上課有一再重複的重點。\n\nρ 考題型式、作業方式\n期末筆試的考題型式是簡答題，一張A4紙單面。\n\n沒有作業，平時要做的就是不定期去田間澆水和除雜草。澆水很快，10分鐘就可以完成，建議每週至少澆一次；除草的部分則是視勤勞程度、除草方法和天氣，有可能忙了一個下午都還弄不完。\n\nω 其它(是否注重出席率？如果為外系選修，需先有什麼基礎較好嗎？老師個性？\n加簽習慣？嚴禁遲到等…)\n不會非常重視出席率，上課沒有點過名，但老師上課蠻有趣的，課程內容也不會無聊，不去上課是自己的損失。\n\n「現代農業體驗」或「田園生活體驗」為體驗課程，不太需要基礎，具備想要親近大自然的心即可。\n\n此門課加選方式為2類加選，於第一堂課拿授權碼，人數似乎沒有滿，有到場加選都會上，老師的說法是越多人來選，大家能種田的空間會越少，因為田就那麼大，越多分母每個人分得的土地就越少，而會修這門課的人很多都是會了種田而來，所以...嗯...XD。\n\nΨ 總結\n如果你本身就很喜歡種植植物，這門課很適合你。\n如果你想輕鬆學習植物繁殖，這門課可以做到。\n如果你想體驗種田的樂趣，很推薦這門課。\n如果你很想在臺北市大安區種田，這是一個難得的機會。\n如果你想要修涼課，這門課也會是不錯的選擇，不過把這門課單純當涼課修的話蠻可惜的。\n\n結論，好課大推啦！\n\n--\n\n原文網址: https://www.ptt.cc/bbs/NTUcourse/M.1612078631.A.88C.html""]","[{""User_ID"": ""PTT"", ""Semester"": ""109-1"", ""Rating_Quality"": null, ""Rating_Sweet"": null, ""Rating_Easy"": null, ""Rating_Rich"": null, ""Comment"": ""轉載自 PTT 作者 ID: tim1415926 (叮叮咚咚)\n哪一學年度修課：109學年度\n\nψ 授課教師 (若為多人合授請寫開課教師，以方便收錄)\n莊汶博\n\nλ 開課系所與授課對象 (是否為必修或通識課 / 內容是否與某些背景相關)\n開課系所：農藝系\n授課對象：生農學院學生（非生農學院學生所修之同一門課課名叫做「田園生活體驗一」）\n\nδ 課程大概內容\n作物繁殖技術為現代農業經營上極為重要的一環，使修習學生暸解並親身體驗作物的各種繁殖技術，以為經營農業重要必備的基本技術。本課程之主要內容如下：\n1. 種子繁殖法介紹及操作\n2. 營養繁殖法介紹及操作\n(1) 分割繁殖法介紹及操作\n(2) 扦插繁殖法介紹及操作\n(3) 壓條繁殖法介紹及操作\n(4) 接木繁殖法介紹及操作\n\n以上是CEIBA上面老師所寫的「課程目標」。\n\n課程分成兩個part——繁殖課與種田。繁殖課教大家常見的作物繁殖方法，這學期課堂上提到的有實生、扦插、分株、嫁接、高壓、組織培養；種田的部分，每個人會分得台大農場裡面的一小塊田，這部分簡單來說就是做中學。\n\nΩ 私心推薦指數(以五分計) ★★★★★\n想要修涼課：★★★★★\n非常喜歡種植物：★★★★★\n想在台大裡面種田：★★★★★\n想修甜涼課又學到東西：★★★★★\n\nη 上課用書(影印講義或是指定教科書)\n老師上課以口述+示範為主，偶而會有上課PPT，沒有用到教科書。\n\nμ 上課方式(投影片、團體討論、老師教學風格)\n如同前面所述，這門課主要可分成兩個部分——上繁殖課與種田。\n\n繁殖課主要是在教室上課，有時候老師會帶大家親手做，這學期有學到扦插、高壓法的練習，嫁接則是只有練習切枝。扦插法會生產出不少小盆栽，待繁殖成功後可以帶走，扦插的植物素材以上課教室附近的為主，老師會帶大家到農場附近找尋自己想要扦插的植物，過程中老師會講解介紹適合扦插繁殖的植物。高壓法與嫁接法練習則是在台大農場附近的溫室進行，大概就是練習流程而已。\n\n種田的部分，這學期每個人分得一條1公尺*25公尺的田，基本上想種什麼老師不太會干涉，學期初老師會請大家去買種苗，上課也會提供一部分的菜苗與種子，因此大部分的同學都是種菜為主，少部分的人也種了一些觀賞用植物，以我自己來說，我總共種了高麗菜、青花菜（綠花椰菜）、蘿蔓、萵苣、紅蘿蔔、毛豆、草莓、薄荷、...。因為這學期遇到連日陰雨與寒流，所以很多菜都不是長得非常好，照老師的說法，如果天氣好的話，到學期末會有吃不完的菜！\n\nσ 評分方式(給分甜嗎？是紮實分？)\n田地分數 50%\n期末筆試 50%\n\n田地分數以菜（不是被視為雜草的植物）和雜草的比例為依據，老師用目視給分數，基本上菜不要太少且有勤於除草，田地分數都不至於拿太低。有些同學到期末評分前一週才除草，最後也拿了不錯的成績，不過因為雜草會搶養分，所以建議還是平時就要除草。\n\n期末筆試則是考25種植物的繁殖法，共25題，滿分100分。老師會用投影機依序放出25種植物的照片，要寫出這些植物的主要繁殖法(3%)與一種次要繁殖法(1%)，假如寫的兩個方法都不是該植物的主要繁殖法，那該題就只會拿到1+1=2分。這部分不會太難，上課有聽課的話不太會卡關，考的內容大部分都是老師上課有一再重複的重點。\n\nρ 考題型式、作業方式\n期末筆試的考題型式是簡答題，一張A4紙單面。\n\n沒有作業，平時要做的就是不定期去田間澆水和除雜草。澆水很快，10分鐘就可以完成，建議每週至少澆一次；除草的部分則是視勤勞程度、除草方法和天氣，有可能忙了一個下午都還弄不完。\n\nω 其它(是否注重出席率？如果為外系選修，需先有什麼基礎較好嗎？老師個性？\n加簽習慣？嚴禁遲到等…)\n不會非常重視出席率，上課沒有點過名，但老師上課蠻有趣的，課程內容也不會無聊，不去上課是自己的損失。\n\n「現代農業體驗」或「田園生活體驗」為體驗課程，不太需要基礎，具備想要親近大自然的心即可。\n\n此門課加選方式為2類加選，於第一堂課拿授權碼，人數似乎沒有滿，有到場加選都會上，老師的說法是越多人來選，大家能種田的空間會越少，因為田就那麼大，越多分母每個人分得的土地就越少，而會修這門課的人很多都是會了種田而來，所以...嗯...XD。\n\nΨ 總結\n如果你本身就很喜歡種植植物，這門課很適合你。\n如果你想輕鬆學習植物繁殖，這門課可以做到。\n如果你想體驗種田的樂趣，很推薦這門課。\n如果你很想在臺北市大安區種田，這是一個難得的機會。\n如果你想要修涼課，這門課也會是不錯的選擇，不過把這門課單純當涼課修的話蠻可惜的。\n\n結論，好課大推啦！\n\n--\n\n原文網址: https://www.ptt.cc/bbs/NTUcourse/M.1612078631.A.88C.html""}]"
現代農業體驗二,林雅芬,生物資源暨農學院、農藝學系、生物環境系統工程學系、農業化學系、森林環境暨資源學系、動物科學技術學系、園藝暨景觀學系、獸醫學系、生物產業傳播暨發展學系、生物機電工程學系、植物病理與微生物學系,1,114-2,43011,Agron1011,5.0,5.0,2.0,1.0,"[""[User71150 | 110-1]: 老師上課會介紹一些植物的種植用途，然後實際體驗可以拿那些作物做些什麼\n今年具體來說做了茶樹精油乾洗手、精油手工皂、米飯品嘗、植物染小吊飾、精油香膏\n聽說往年會做比較多吃的，但疫情影響取消了\n課程資訊說的開農機其實只是讓你坐上去發動然後前進後退體驗一下\n\n另外整個學期每個人會分到一塊田地可以種你想種的東西（期初會發菜苗，但也可以自己帶）\n平常最好自己去隔幾天去澆水（主要是撐過前期，後來就不太會死了），學期末採收可以帶走\n\n大部分的時候可以提早下課\n田間實習操作：40％\n共八堂課，一堂課到課12.5分，請假請透過台大請假系統，獲准假後才算請假成功；事假請事先提出申請，病假須提出證明。上課集合時間：14:30，遲到10分鐘以內，扣3分；遲到超過10分鐘，扣6分。\n\n田間管理：10％\n每個人分到的那塊田\n\n期末考：10%\n倒數第二堂課每個人去摘一種植物，期末考就是辨認它們（配合題）\n\n分組現地導覽：20%\n每人５分鐘的口頭報告，從指定數種作物中挑兩種介紹\n表面上有分組，但其實同組只是同一天報告類似的作物，準備、報告和評分都是個人的\n\n分組書面報告：10%\n把現地導覽的稿子和資料來源跟組員的貼在一起就可以了\n\n個人期末心得報告：10%\n其實就是課程回饋，問你對哪個部分最有印象、有什麼課程建議之類\n是一門很可愛的課！\n上課內容很輕鬆，像是每兩週去休閒農場體驗一樣\n有好吃的好玩的還可以把做的東西帶回家\n老師人很好\n但是每次上課都要簽到，出席率算很重\n不建議想翹課或想要學很多東西的人來修\n跟田園生活體驗二是一樣的課，只是課名和授課對象不同""]","[{""User_ID"": ""User71150"", ""Semester"": ""110-1"", ""Rating_Quality"": null, ""Rating_Sweet"": null, ""Rating_Easy"": null, ""Rating_Rich"": null, ""Comment"": ""老師上課會介紹一些植物的種植用途，然後實際體驗可以拿那些作物做些什麼\n今年具體來說做了茶樹精油乾洗手、精油手工皂、米飯品嘗、植物染小吊飾、精油香膏\n聽說往年會做比較多吃的，但疫情影響取消了\n課程資訊說的開農機其實只是讓你坐上去發動然後前進後退體驗一下\n\n另外整個學期每個人會分到一塊田地可以種你想種的東西（期初會發菜苗，但也可以自己帶）\n平常最好自己去隔幾天去澆水（主要是撐過前期，後來就不太會死了），學期末採收可以帶走\n\n大部分的時候可以提早下課\n田間實習操作：40％\n共八堂課，一堂課到課12.5分，請假請透過台大請假系統，獲准假後才算請假成功；事假請事先提出申請，病假須提出證明。上課集合時間：14:30，遲到10分鐘以內，扣3分；遲到超過10分鐘，扣6分。\n\n田間管理：10％\n每個人分到的那塊田\n\n期末考：10%\n倒數第二堂課每個人去摘一種植物，期末考就是辨認它們（配合題）\n\n分組現地導覽：20%\n每人５分鐘的口頭報告，從指定數種作物中挑兩種介紹\n表面上有分組，但其實同組只是同一天報告類似的作物，準備、報告和評分都是個人的\n\n分組書面報告：10%\n把現地導覽的稿子和資料來源跟組員的貼在一起就可以了\n\n個人期末心得報告：10%\n其實就是課程回饋，問你對哪個部分最有印象、有什麼課程建議之類\n是一門很可愛的課！\n上課內容很輕鬆，像是每兩週去休閒農場體驗一樣\n有好吃的好玩的還可以把做的東西帶回家\n老師人很好\n但是每次上課都要簽到，出席率算很重\n不建議想翹課或想要學很多東西的人來修\n跟田園生活體驗二是一樣的課，只是課名和授課對象不同""}]"
現代農業體驗二,賴喜美,生物資源暨農學院、農藝學系、生物環境系統工程學系、農業化學系、森林環境暨資源學系、動物科學技術學系、園藝暨景觀學系、獸醫學系、生物產業傳播暨發展學系、生物機電工程學系、植物病理與微生物學系,1,114-2,40052,Agron1011,4.0,4.0,,2.0,"[""[User36646 | 108-1]: 整個麵包(蛋糕)從原料到製作出來的所有知識\n前半是實做麵包 後半是老師上課\n老師自備\n只有期末考\n期末考跟出席分數而已\n老師上課很催眠 不過能學到東西 實做麵包也很好玩助教很有趣\n期末考基本上從檢定出的可以參考""]","[{""User_ID"": ""User36646"", ""Semester"": ""108-1"", ""Rating_Quality"": null, ""Rating_Sweet"": null, ""Rating_Easy"": null, ""Rating_Rich"": null, ""Comment"": ""整個麵包(蛋糕)從原料到製作出來的所有知識\n前半是實做麵包 後半是老師上課\n老師自備\n只有期末考\n期末考跟出席分數而已\n老師上課很催眠 不過能學到東西 實做麵包也很好玩助教很有趣\n期末考基本上從檢定出的可以參考""}]"
現代農業體驗二,廖國基,生物資源暨農學院、農藝學系、生物環境系統工程學系、農業化學系、森林環境暨資源學系、動物科學技術學系、園藝暨景觀學系、獸醫學系、生物產業傳播暨發展學系、生物機電工程學系、植物病理與微生物學系,1,114-2,38332,Agron1011,,,,,"[""無評價""]",[]
現代農業體驗二,蔡明哲,生物資源暨農學院、農藝學系、生物環境系統工程學系、農業化學系、森林環境暨資源學系、動物科學技術學系、園藝暨景觀學系、獸醫學系、生物產業傳播暨發展學系、生物機電工程學系、植物病理與微生物學系,1,114-2,13696,Agron1011,5.0,5.0,2.5,4.0,"[""[呱啦 | 110-1]: 一、組名：森林組\n二、指導教師：蔡明哲\n三、上課地點：溪頭、和社 、水里、鳳凰茶園\n四、名額限制：每學期20人\n五、課程簡介：\n主要目的：認識台灣的森林、林學實習包括之領域。由森林生態系的組成、構造，其間之相互關係了解森林的演替過程。體會大自然的奧妙及維護一片健康森林的重要及心血。進一步由介紹森林涵養水源、淨化空氣、景觀遊憩、森林保健（森林浴）、水土保持（治山防洪─集水區經營）等將自有人類以來，與人類生存、文明息息相關的「森林」讓同學們有機會親身體驗。\n\n主要內容如下：\n1. 人工林之介紹及調查\n2. 天然林之調查、分析\n3. 造床、播種、扞插\n4. 除草、修枝、間伐\n5. 拜訪森林─森林浴之體驗\n6. 921地震之震撼─認識震後之山林\n7. 自然保護區之介紹、調查\n8. 森林療育\n校外教學～\n有一本手冊\n每天的課後心得\n1. 正課表現及出缺席 20%\n2. 野外每日心得討論（4張A4）40%\n3. 野外表現 40%\n簡單來說就是旅遊團ＸＤ 助教就是領隊，會帶同學到臺大在南投的各個園區參訪，在期末考週一結束晚上就馬上出發，先到溪頭睡一覺隔天再開始行程～然後行前會請大家帶四張A4紙用來寫每天的心得（每天住的地方都有階梯教室給大家寫再回房間休息）每天行程都滿剛好的不會太緊湊或鬆散，吃好住好（當然不是五星級不過我覺得很OK！）""]","[{""User_ID"": ""呱啦"", ""Semester"": ""110-1"", ""Rating_Quality"": null, ""Rating_Sweet"": null, ""Rating_Easy"": null, ""Rating_Rich"": null, ""Comment"": ""一、組名：森林組\n二、指導教師：蔡明哲\n三、上課地點：溪頭、和社 、水里、鳳凰茶園\n四、名額限制：每學期20人\n五、課程簡介：\n主要目的：認識台灣的森林、林學實習包括之領域。由森林生態系的組成、構造，其間之相互關係了解森林的演替過程。體會大自然的奧妙及維護一片健康森林的重要及心血。進一步由介紹森林涵養水源、淨化空氣、景觀遊憩、森林保健（森林浴）、水土保持（治山防洪─集水區經營）等將自有人類以來，與人類生存、文明息息相關的「森林」讓同學們有機會親身體驗。\n\n主要內容如下：\n1. 人工林之介紹及調查\n2. 天然林之調查、分析\n3. 造床、播種、扞插\n4. 除草、修枝、間伐\n5. 拜訪森林─森林浴之體驗\n6. 921地震之震撼─認識震後之山林\n7. 自然保護區之介紹、調查\n8. 森林療育\n校外教學～\n有一本手冊\n每天的課後心得\n1. 正課表現及出缺席 20%\n2. 野外每日心得討論（4張A4）40%\n3. 野外表現 40%\n簡單來說就是旅遊團ＸＤ 助教就是領隊，會帶同學到臺大在南投的各個園區參訪，在期末考週一結束晚上就馬上出發，先到溪頭睡一覺隔天再開始行程～然後行前會請大家帶四張A4紙用來寫每天的心得（每天住的地方都有階梯教室給大家寫再回房間休息）每天行程都滿剛好的不會太緊湊或鬆散，吃好住好（當然不是五星級不過我覺得很OK！）""}]"
茶作學,邱垂豐,農藝學系,2,114-2,26468,Agron4003,,,,,"[""無評價""]",[]
專題研究二,廖振鐸,農藝學系,2,114-2,51963,Agron4014,,,,,"[""無評價""]",[]
專題研究二,常玉強,農藝學系,2,114-2,24737,Agron4014,,,,,"[""無評價""]",[]
專題研究二,黃文達,農藝學系,2,114-2,34614,Agron4014,,,,,"[""無評價""]",[]
專題研究二,王淑珍,農藝學系,2,114-2,34227,Agron4014,,,,,"[""無評價""]",[]
專題研究二,劉力瑜,農藝學系,2,114-2,12780,Agron4014,,,,,"[""無評價""]",[]
專題研究二,陳凱儀,農藝學系,2,114-2,29923,Agron4014,,,,,"[""無評價""]",[]
專題研究二,林彥蓉,農藝學系,2,114-2,10853,Agron4014,,,,,"[""無評價""]",[]
專題研究二,蔡政安,農藝學系,2,114-2,33774,Agron4014,,,,,"[""無評價""]",[]
專題研究二,董致韡,農藝學系,2,114-2,10556,Agron4014,,,,,"[""無評價""]",[]
專題研究二,蔡育彰,農藝學系,2,114-2,36677,Agron4014,,,,,"[""無評價""]",[]
專題研究二,莊汶博,農藝學系,2,114-2,17673,Agron4014,,,,,"[""無評價""]",[]
專題研究二,黃永芬,農藝學系,2,114-2,40360,Agron4014,,,,,"[""無評價""]",[]
專題研究二,蔡欣甫,農藝學系,2,114-2,45999,Agron4014,,,,,"[""無評價""]",[]
專題研究二,林雅芬,農藝學系,2,114-2,19644,Agron4014,,,,,"[""無評價""]",[]
專題研究二,林維怡,農藝學系,2,114-2,29946,Agron4014,,,,,"[""無評價""]",[]
專題研究二,邱春火,農藝學系,2,114-2,17435,Agron4014,,,,,"[""無評價""]",[]
專題研究二,陳虹諺,農藝學系,2,114-2,39238,Agron4014,,,,,"[""無評價""]",[]
應用線性代數,邱春火,農藝學系,3,114-2,26999,Agron4023,,,,,"[""無評價""]",[]
高等生物統計法二,蔡政安,農藝學系、生物統計學組、統計碩士學位學程,3,114-2,34592,Agron5003,,,,,"[""無評價""]",[]
農藝學統計方法,廖振鐸,農藝學系、作物科學組、生物統計學組,3,114-2,25532,Agron5074,,,,,"[""無評價""]",[]
牧草管理與實務,黃永芬,農藝學系、作物科學組,3,114-2,18923,Agron5085,,,,,"[""無評價""]",[]
作物抗病育種實務,王肇芬,農藝學系、作物科學組,1,114-2,11297,Agron5104,,,,,"[""無評價""]",[]
生物化學乙下,管永恕,農藝學系、動物科學技術學系、園藝暨景觀學系、獸醫學系、昆蟲學系、植物病理與微生物學系、生命科學系,2,114-2,35288,BChem3008,5.0,3.0,3.0,5.0,"[""[User97419 | 113-2]: 主要內容是糖類、脂質、含氮化合物（氨基酸、核苷酸）的代謝。\n每週二早八兩堂課，教學過程會錄影並上傳到NTU COOL。\nBiochemistry, 2015, by Mary K.Campbell and Shawn O. Farrell\n管老師的部分有佈置課後習題，但是不需要繳交作業，只需要在期中考試前多加複習。陳老師的部分沒有課後作業。\n兩次考試（期中、期末）各佔50%，期中考試有簡答題，期末考試都是選擇題。\n兩位老師都講得蠻好的，生化乙難度並不高，只是需要課後多加複習，熟悉主要的代謝途徑。平時沒有課後作業要交所以還蠻輕鬆的，對於起床困難症的me來說全程錄影真的很友好。""]","[{""User_ID"": ""User97419"", ""Semester"": ""113-2"", ""Rating_Quality"": null, ""Rating_Sweet"": null, ""Rating_Easy"": null, ""Rating_Rich"": null, ""Comment"": ""主要內容是糖類、脂質、含氮化合物（氨基酸、核苷酸）的代謝。\n每週二早八兩堂課，教學過程會錄影並上傳到NTU COOL。\nBiochemistry, 2015, by Mary K.Campbell and Shawn O. Farrell\n管老師的部分有佈置課後習題，但是不需要繳交作業，只需要在期中考試前多加複習。陳老師的部分沒有課後作業。\n兩次考試（期中、期末）各佔50%，期中考試有簡答題，期末考試都是選擇題。\n兩位老師都講得蠻好的，生化乙難度並不高，只是需要課後多加複習，熟悉主要的代謝途徑。平時沒有課後作業要交所以還蠻輕鬆的，對於起床困難症的me來說全程錄影真的很友好。""}]"
生物化學甲下,余榮熾,農藝學系、農業化學系、生命科學系,4,114-2,26732,BChem3013,,,,,"[""無評價""]",[]
生態學,任秀慧,生物環境系統工程學系、生命科學院,3,114-2,22106,BSE2029,,,,,"[""無評價""]",[]
工程數學二,胡明哲,生物環境系統工程學系,3,114-2,40335,BSE2004,,,,,"[""無評價""]",[]
空間資訊,余化龍,生物環境系統工程學系,3,114-2,52667,BSE2009,,,,,"[""無評價""]",[]
流體力學試驗,許少瑜,生物環境系統工程學系,1,114-2,20291,BSE2016,,,,,"[""無評價""]",[]
水資源工程,江莉琦,生物環境系統工程學系,3,114-2,47314,BSE3002,,,,,"[""無評價""]",[]
土壤力學試驗,蔡瑞彬,生物環境系統工程學系,1,114-2,31773,BSE3006,,,,,"[""無評價""]",[]
水土保持工程,廖國偉,生物環境系統工程學系、生物環境系統工程學研究所,3,114-2,49003,BSE5064,,,,,"[""無評價""]",[]
專題研究二,廖國偉,生物環境系統工程學系,2,114-2,36275,BSE4002,,,,,"[""無評價""]",[]
專題研究二,江莉琦,生物環境系統工程學系,2,114-2,24119,BSE4002,,,,,"[""無評價""]",[]
專題研究二,吳富春,生物環境系統工程學系,2,114-2,19310,BSE4002,,,,,"[""無評價""]",[]
專題研究二,潘述元,生物環境系統工程學系,2,114-2,20011,BSE4002,,,,,"[""無評價""]",[]
專題研究二,張倉榮,生物環境系統工程學系,2,114-2,49493,BSE4002,,,,,"[""無評價""]",[]
專題研究二,林裕彬,生物環境系統工程學系,2,114-2,49395,BSE4002,,,,,"[""無評價""]",[]
專題研究二,蔡瑞彬,生物環境系統工程學系,2,114-2,53098,BSE4002,,,,,"[""無評價""]",[]
專題研究二,蕭友晉,生物環境系統工程學系,2,114-2,54666,BSE4002,,,,,"[""無評價""]",[]
專題研究二,任秀慧,生物環境系統工程學系,2,114-2,47815,BSE4002,,,,,"[""無評價""]",[]
專題研究二,童慶斌,生物環境系統工程學系,2,114-2,10011,BSE4002,,,,,"[""無評價""]",[]
專題研究二,謝正義,生物環境系統工程學系,2,114-2,20333,BSE4002,,,,,"[""無評價""]",[]
專題研究二,廖秀娟,生物環境系統工程學系,2,114-2,14524,BSE4002,,,,,"[""無評價""]",[]
專題研究二,余化龍,生物環境系統工程學系,2,114-2,53373,BSE4002,,,,,"[""無評價""]",[]
專題研究二,胡明哲,生物環境系統工程學系,2,114-2,11313,BSE4002,,,,,"[""無評價""]",[]
專題研究二,黃國倉,生物環境系統工程學系,2,114-2,10074,BSE4002,,,,,"[""無評價""]",[]
專題研究二,范致豪,生物環境系統工程學系,2,114-2,11662,BSE4002,,,,,"[""無評價""]",[]
專題研究二,許少瑜,生物環境系統工程學系,2,114-2,52383,BSE4002,,,,,"[""無評價""]",[]
農業與環境,潘述元,生物環境系統工程學系、生物環境系統工程學研究所,3,114-2,29317,BSE7032,,,,,"[""無評價""]",[]
濕地生態與工程,蕭友晉,生物環境系統工程學系、生物環境系統工程學研究所,3,114-2,30375,BSE5025,,,,,"[""無評價""]",[]
生物流體力學,張倉榮,生物環境系統工程學系,3,114-2,26759,BSE5017,,,,,"[""無評價""]",[]
環境工程二,范致豪,生物環境系統工程學系,3,114-2,22350,BSE5004,,,,,"[""無評價""]",[]
微氣候學,謝正義,生物環境系統工程學系、生物環境系統工程學研究所,3,114-2,11773,BSE5094,,,,,"[""無評價""]",[]
河川形貌與棲地復育,吳富春,生物環境系統工程學系,3,114-2,21121,BSE5095,,,,,"[""無評價""]",[]
水庫環境與泥砂,賴進松,生物環境系統工程學系、生物環境系統工程學研究所,2,114-2,22646,BSE5216,,,,,"[""無評價""]",[]
地下水流數值模擬,蔡瑞彬,生物環境系統工程學系、生物環境系統工程學研究所,3,114-2,17299,BSE5163,,,,,"[""無評價""]",[]
流域分析與模擬,江莉琦,生物環境系統工程學系、生物環境系統工程學研究所,3,114-2,24442,BSE5164,,,,,"[""無評價""]",[]
普通物理學乙下,陳銘堯,農業化學系、生化科技學系,3,114-2,46739,Phys1010,,,,,"[""無評價""]",[]
普通生物學乙下,陳香君,農業化學系、昆蟲學系,2,114-2,57828,LS1008,,,,,"[""無評價""]",[]
普通微生物學,吳蕙芬,農業化學系,3,114-2,18496,AC2005,,,,,"[""無評價""]",[]
普通微生物學實驗,羅凱尹,農業化學系,1,114-2,25078,AC2008,,,,,"[""無評價""]",[]
環境化學,陳佩貞,農業化學系,2,114-2,51792,AC5103,,,,,"[""無評價""]",[]
食品化學二,蘇南維,農業化學系、農業化學研究所,2,114-2,24544,AC5007,,,,,"[""無評價""]",[]
植物營養學,洪傳揚,農業化學系,2,114-2,19093,AC3035,,,,,"[""無評價""]",[]
植物營養學實驗,洪傳揚,農業化學系,1,114-2,16900,AC3036,,,,,"[""無評價""]",[]
微生物遺傳學,吳蕙芬,農業化學系、農業化學研究所,2,114-2,46944,AC5064,,,,,"[""無評價""]",[]
專題研究二,顏瑞泓,農業化學系、農業化學研究所,2,114-2,32893,AC4013,,,,,"[""無評價""]",[]
專題研究二,賴喜美,農業化學系、農業化學研究所、生物科技研究所、生化科技學系,2,114-2,38944,AC4013,,,,,"[""無評價""]",[]
專題研究二,蘇南維,農業化學系、農業化學研究所、生物科技研究所、生化科技學系,2,114-2,21049,AC4013,,,,,"[""無評價""]",[]
專題研究二,王尚禮,農業化學系、農業化學研究所,2,114-2,39209,AC4013,,,,,"[""無評價""]",[]
專題研究二,施養信,農業化學系、農業化學研究所,2,114-2,21303,AC4013,,,,,"[""無評價""]",[]
專題研究二,許正一,農業化學系、農業化學研究所,2,114-2,53712,AC8003,,,,,"[""無評價""]",[]
專題研究二,洪傳揚,農業化學系、農業化學研究所,2,114-2,24767,AC4013,,,,,"[""無評價""]",[]
專題研究二,徐駿森,農業化學系、農業化學研究所,2,114-2,51470,AC4013,,,,,"[""無評價""]",[]
專題研究二,吳蕙芬,農業化學系、農業化學研究所、生化科技學系,2,114-2,15154,AC4013,,,,,"[""無評價""]",[]
專題研究二,林乃君,農業化學系、農業化學研究所,2,114-2,27071,AC4013,,,,,"[""無評價""]",[]
專題研究二,陳佩貞,農業化學系、農業化學研究所,2,114-2,15279,AC4013,,,,,"[""無評價""]",[]
專題研究二,羅凱尹,農業化學系、農業化學研究所,2,114-2,56865,AC4013,,,,,"[""無評價""]",[]
專題研究二,盧毅,農業化學系、農業化學研究所,2,114-2,31697,AC4013,,,,,"[""無評價""]",[]
穀物原料及加工,賴喜美,農業化學系、農業化學研究所,3,114-2,38810,AC5034,,,,,"[""無評價""]",[]
森林生態與育林學概論,曲芳華,森林環境暨資源學系,3,114-2,34725,Forest2045,,,,,"[""無評價""]",[]
普通動物學實驗,吳高逸,森林環境暨資源學系,1,114-2,33087,LS1018,,,,,"[""無評價""]",[]
森林土壤學,鄭智馨,森林環境暨資源學系,2,114-2,34780,Forest2039,,,,,"[""無評價""]",[]
森林土壤學實驗,鄭智馨,森林環境暨資源學系,1,114-2,13354,Forest2040,,,,,"[""無評價""]",[]
森林水文學,梁偉立,森林環境暨資源學系,3,114-2,39771,Forest3040,5.0,4.0,2.0,5.0,"[""[Merry | 112-2]: 序論、森林水文學之演進、樹冠結構與水文學...以下省略，詳細內容可以上過課後了解\n引用梁老師自己寫的內容：\n1. 森林水文循環過程及各個項目的特性。\n2. 自然/人為干擾、森林經營對水文反應之影響。\n3. 森林與水之議論（議題思考討論）。\n老師自編簡報與議題補充\n1. 閱讀與討論 　10% 問題討論（NTUCOOL討論區）\n2. 內容導讀 　10% 教科書內容導讀、同學們的疑問回覆與討論。\n3. 隨堂測驗 10% 隨堂測驗（NTUCOOL線上測驗區）\n4. 期中考、期末考 70% 實體筆試（名詞解釋、問答題）\n1. 閱讀與討論 　10% 問題討論（NTUCOOL討論區）\n2. 內容導讀 　10% 教科書內容導讀、同學們的疑問回覆與討論。\n3. 隨堂測驗 10% 隨堂測驗（NTUCOOL線上測驗區）\n4. 期中考、期末考 70% 實體筆試（名詞解釋、問答題）\n他人很好，不要去踩踏他底線。最不能接受作業遲交！如果要請假請先事先說，請事先來信溝通。還有，千萬｢不要上課趴下來｣，老師最不能接受這件事。""]","[{""User_ID"": ""Merry"", ""Semester"": ""112-2"", ""Rating_Quality"": null, ""Rating_Sweet"": null, ""Rating_Easy"": null, ""Rating_Rich"": null, ""Comment"": ""序論、森林水文學之演進、樹冠結構與水文學...以下省略，詳細內容可以上過課後了解\n引用梁老師自己寫的內容：\n1. 森林水文循環過程及各個項目的特性。\n2. 自然/人為干擾、森林經營對水文反應之影響。\n3. 森林與水之議論（議題思考討論）。\n老師自編簡報與議題補充\n1. 閱讀與討論 　10% 問題討論（NTUCOOL討論區）\n2. 內容導讀 　10% 教科書內容導讀、同學們的疑問回覆與討論。\n3. 隨堂測驗 10% 隨堂測驗（NTUCOOL線上測驗區）\n4. 期中考、期末考 70% 實體筆試（名詞解釋、問答題）\n1. 閱讀與討論 　10% 問題討論（NTUCOOL討論區）\n2. 內容導讀 　10% 教科書內容導讀、同學們的疑問回覆與討論。\n3. 隨堂測驗 10% 隨堂測驗（NTUCOOL線上測驗區）\n4. 期中考、期末考 70% 實體筆試（名詞解釋、問答題）\n他人很好，不要去踩踏他底線。最不能接受作業遲交！如果要請假請先事先說，請事先來信溝通。還有，千萬｢不要上課趴下來｣，老師最不能接受這件事。""}]"
木材物理學及實驗,林法勤,森林環境暨資源學系,3,114-2,28397,Forest3008,,,,,"[""無評價""]",[]
"森林生物多樣性概論
A8",丁宗蘇,森林環境暨資源學系,3,114-2,13671,Forest3031,3.0,4.0,,2.5,"[""[User83870 | 107-2]: 實體上課的內容有點淺，不過野外課遇到的老師都蠻有料的，推薦外系同學來修，作為交朋友的課還不錯。""]","[{""User_ID"": ""User83870"", ""Semester"": ""107-2"", ""Rating_Quality"": null, ""Rating_Sweet"": null, ""Rating_Easy"": null, ""Rating_Rich"": null, ""Comment"": ""實體上課的內容有點淺，不過野外課遇到的老師都蠻有料的，推薦外系同學來修，作為交朋友的課還不錯。""}]"
林木生理生態學及實習,鹿兒陽,森林環境暨資源學系,3,114-2,33136,Forest3039,,,,,"[""無評價""]",[]
陸域生物地球化學概論,鄭智馨,森林環境暨資源學系、森林環境暨資源學研究所,3,114-2,26297,Forest5024,,,,,"[""無評價""]",[]
土壤物理學,梁偉立,森林環境暨資源學系、森林環境暨資源學研究所,3,114-2,15338,Forest5031,,,,,"[""無評價""]",[]
人文與自然資源,盧道杰,森林環境暨資源學系、森林環境暨資源學研究所,3,114-2,18111,Forest5061,,,,,"[""無評價""]",[]
森林生物技術概論,曲芳華,森林環境暨資源學系、森林環境暨資源學研究所,3,114-2,44661,Forest5062,,,,,"[""無評價""]",[]
森林生態水文學,中井太郎,森林環境暨資源學系、森林環境暨資源學研究所,3,114-2,39819,Forest5063,,,,,"[""無評價""]",[]
專題討論二,丁宗蘇,森林環境暨資源學系,1,114-2,51640,Forest4022,,,,,"[""無評價""]",[]
社區保育的議題與個案,盧道杰,森林環境暨資源學系、森林環境暨資源學研究所、生物多樣性國際碩士學位學程,3,114-2,21045,Forest5013,,,,,"[""無評價""]",[]
森林環境物理學,中井太郎,森林環境暨資源學系、森林環境暨資源學研究所,3,114-2,32782,Forest5027,,,,,"[""無評價""]",[]
木質產品設計與製作,林法勤,森林環境暨資源學系、森林環境暨資源學研究所,2,114-2,20632,Forest5046,,,,,"[""無評價""]",[]
"人文與科技的對話
A4,7",袁孝維,森林環境暨資源學系,2,114-2,11992,LibEdu1115,3.4,5.0,3.8,1.0,"[""[User02544 | 111-2]: 這門課程旨在透過一系列來自不同背景的講者演講，展示人文學科與科技如何相互影響、對話及共同進步。學生將有機會聽取來自學術界、科技業、藝術領域等多方面專家的見解，從而獲得關於當前科技如何塑造我們文化、社會及日常生活的深刻理解。\n演講\n各個講者的投影片。\n課程相對輕鬆，主要聚焦於聽取和反思演講。並且在課堂後回答問題。""]","[{""User_ID"": ""User02544"", ""Semester"": ""111-2"", ""Rating_Quality"": null, ""Rating_Sweet"": null, ""Rating_Easy"": null, ""Rating_Rich"": null, ""Comment"": ""這門課程旨在透過一系列來自不同背景的講者演講，展示人文學科與科技如何相互影響、對話及共同進步。學生將有機會聽取來自學術界、科技業、藝術領域等多方面專家的見解，從而獲得關於當前科技如何塑造我們文化、社會及日常生活的深刻理解。\n演講\n各個講者的投影片。\n課程相對輕鬆，主要聚焦於聽取和反思演講。並且在課堂後回答問題。""}]"
"探索臺灣:自然環境與資源
A7",袁孝維,森林環境暨資源學系、森林環境暨資源學研究所、生物多樣性國際碩士學位學程,2,114-2,16897,Forest5035,4.1,3.9,3.7,3.2,"[""[User47199 | 114-1]: Several assignments, a group project and presentation, a single final exam (no midterm), quizzes right after a lecture, possibility to earn extra credit.\nAn interesting class, but grading is not very clear for the students. The quizzes all give a different amount of points, correct answers are not made visible after, assignments are not graded that quickly. It is difficult to grasp how well you are doing in this class. Extra credit is available and the group project includes you grading the work quality of your fellow group mates to avoid unfair treatment, which is nice. The final exam was surprisingly easy in the end, even though it was very difficult to prepare and decide what to study given the large amount of information in the whole semester.""]","[{""User_ID"": ""User47199"", ""Semester"": ""114-1"", ""Rating_Quality"": null, ""Rating_Sweet"": null, ""Rating_Easy"": null, ""Rating_Rich"": null, ""Comment"": ""Several assignments, a group project and presentation, a single final exam (no midterm), quizzes right after a lecture, possibility to earn extra credit.\nAn interesting class, but grading is not very clear for the students. The quizzes all give a different amount of points, correct answers are not made visible after, assignments are not graded that quickly. It is difficult to grasp how well you are doing in this class. Extra credit is available and the group project includes you grading the work quality of your fellow group mates to avoid unfair treatment, which is nice. The final exam was surprisingly easy in the end, even though it was very difficult to prepare and decide what to study given the large amount of information in the whole semester.""}]"
"探索臺灣：自然資源保育與經營管理
A8",劉奇璋,森林環境暨資源學系、森林環境暨資源學研究所、生物多樣性國際碩士學位學程,2,114-2,14028,Forest5071,4.1,4.4,4.0,2.3,"[""[User78263 | 114-1]: Student learn from a broad perspective about the unique issues and diversity of Taiwanese nature, climate, animals, fish, and insects.\nEach session features a different guest lecturer who will use PowerPoint presentations to talk about the topics they're researching. After the guest lecture, students take a quiz to review the contents od the day's lecture. Very good method.\nPowerPoint presentations created by each guedt lecturer incorporating all the information they researched. The materials were very clear and interesting.\nStudents were supposed to write two field trip reports, which was a good opportunity to reflect on my experience.\nGrading is fair.\nI learned a lot from each guest lecturer and gained a deeper understanding of Taiwan's natural environment and conservation from multiple perspectives.""]","[{""User_ID"": ""User78263"", ""Semester"": ""114-1"", ""Rating_Quality"": null, ""Rating_Sweet"": null, ""Rating_Easy"": null, ""Rating_Rich"": null, ""Comment"": ""Student learn from a broad perspective about the unique issues and diversity of Taiwanese nature, climate, animals, fish, and insects.\nEach session features a different guest lecturer who will use PowerPoint presentations to talk about the topics they're researching. After the guest lecture, students take a quiz to review the contents od the day's lecture. Very good method.\nPowerPoint presentations created by each guedt lecturer incorporating all the information they researched. The materials were very clear and interesting.\nStudents were supposed to write two field trip reports, which was a good opportunity to reflect on my experience.\nGrading is fair.\nI learned a lot from each guest lecturer and gained a deeper understanding of Taiwan's natural environment and conservation from multiple perspectives.""}]"
動物育種學,林恩仲,動物科學技術學系,3,114-2,42220,AniSci2022,,,,,"[""無評價""]",[]
生物化學實驗,張世宗,動物科學技術學系、獸醫學系、植物病理與微生物學系,2,114-2,39159,Prog3014,,,,,"[""無評價""]",[]
乳牛學,王佩華,動物科學技術學系,3,114-2,52167,AniSci3013,,,,,"[""無評價""]",[]
動物資源經營學,蘇忠楨,動物科學技術學系,3,114-2,58401,AniSci4008,,,,,"[""無評價""]",[]
豬營養學甲,魏恒巍,動物科學技術學系,3,114-2,36576,AniSci2014,,,,,"[""無評價""]",[]
蛋品加工學,王聖耀,動物科學技術學系,2,114-2,31395,AniSci3035,,,,,"[""無評價""]",[]
家禽營養學,林原佑,動物科學技術學系,3,114-2,18569,AniSci3006,5.0,5.0,5.0,5.0,"[""[User01695 | 113-2]: 老師超棒！""]","[{""User_ID"": ""User01695"", ""Semester"": ""113-2"", ""Rating_Quality"": null, ""Rating_Sweet"": null, ""Rating_Easy"": null, ""Rating_Rich"": null, ""Comment"": ""老師超棒！""}]"
飼料學,魏恒巍,動物科學技術學系,3,114-2,42232,AniSci3045,,,,,"[""無評價""]",[]
專題研究,陳明汝,動物科學技術學系,1,114-2,53650,AniSci4018,,,,,"[""無評價""]",[]
專題研究,丁詩同,動物科學技術學系,1,114-2,26526,AniSci4018,,,,,"[""無評價""]",[]
專題研究,邱智賢,動物科學技術學系,1,114-2,50936,AniSci4018,,,,,"[""無評價""]",[]
專題研究,王佩華,動物科學技術學系,1,114-2,58743,AniSci4018,,,,,"[""無評價""]",[]
專題研究,吳信志,動物科學技術學系,1,114-2,35746,AniSci4018,,,,,"[""無評價""]",[]
專題研究,朱有田,動物科學技術學系,1,114-2,46261,AniSci4018,,,,,"[""無評價""]",[]
專題研究,陳靜宜,動物科學技術學系,1,114-2,38407,AniSci4018,,,,,"[""無評價""]",[]
專題研究,王翰聰,動物科學技術學系,1,114-2,43522,AniSci4018,,,,,"[""無評價""]",[]
專題研究,蘇忠楨,動物科學技術學系,1,114-2,30310,AniSci4018,,,,,"[""無評價""]",[]
專題研究,林恩仲,動物科學技術學系、全球農業科技與基因體科學碩士學位學程,1,114-2,30848,AniSci4018,,,,,"[""無評價""]",[]
專題研究,魏恒巍,動物科學技術學系,1,114-2,11808,AniSci4018,,,,,"[""無評價""]",[]
專題研究,王聖耀,動物科學技術學系,1,114-2,24288,AniSci4018,,,,,"[""無評價""]",[]
專題研究,林原佑,動物科學技術學系,1,114-2,38031,AniSci4018,,,,,"[""無評價""]",[]
專題討論下,陳明汝,動物科學技術學系,1,114-2,25883,AniSci4020,,,,,"[""無評價""]",[]
專題討論下,丁詩同,動物科學技術學系,1,114-2,26282,AniSci4020,,,,,"[""無評價""]",[]
專題討論下,邱智賢,動物科學技術學系,1,114-2,16600,AniSci4020,,,,,"[""無評價""]",[]
專題討論下,王佩華,動物科學技術學系,1,114-2,10756,AniSci4020,,,,,"[""無評價""]",[]
專題討論下,吳信志,動物科學技術學系,1,114-2,36183,AniSci4020,,,,,"[""無評價""]",[]
專題討論下,朱有田,動物科學技術學系,1,114-2,58765,AniSci4020,,,,,"[""無評價""]",[]
專題討論下,陳靜宜,動物科學技術學系,1,114-2,53036,AniSci4020,,,,,"[""無評價""]",[]
專題討論下,王翰聰,動物科學技術學系,1,114-2,20590,AniSci4020,,,,,"[""無評價""]",[]
專題討論下,蘇忠楨,動物科學技術學系,1,114-2,15981,AniSci4020,,,,,"[""無評價""]",[]
專題討論下,林恩仲,動物科學技術學系,1,114-2,19793,AniSci4020,,,,,"[""無評價""]",[]
專題討論下,魏恒巍,動物科學技術學系,1,114-2,50197,AniSci4020,,,,,"[""無評價""]",[]
專題討論下,王聖耀,動物科學技術學系,1,114-2,50372,AniSci4020,,,,,"[""無評價""]",[]
專題討論下,林原佑,動物科學技術學系,1,114-2,48187,AniSci4020,,,,,"[""無評價""]",[]
生物資料處理與分析,辛坤鎰,動物科學技術學系、動物科學技術學研究所,2,114-2,39438,AniSci5036,,,,,"[""無評價""]",[]
作物學甲,常玉強,農業經濟學系、昆蟲學系,3,114-2,11747,Agron2004,,,,,"[""無評價""]",[]
中國經濟,羅竹平,農業經濟學系、農業經濟學研究所,3,114-2,38645,AGEC4017,,,,,"[""[PTT | 108-1]: 轉載自 PTT 作者 ID: aquariuschi (億載金城武)\n哪一學年度修課：\n\n108-1\n\nψ 授課教師 (若為多人合授請寫開課教師，以方便收錄)\n\n羅竹平\n\nλ 開課系所與授課對象 (是否為必修或通識課 / 內容是否與某些背景相關)\n\n農經系選修\n\nδ 課程大概內容\n\n中國的改革開放\n中國經濟發展的機遇與挑戰\n中國近代衰弱之謎\n中國的農業\n龍象之爭\n中國的工業\n國有企業\n可持續發展\n中國的一帶一路\n\nΩ 私心推薦指數(以五分計) ★★★★★\n\n兩顆星\n\nη 上課用書(影印講義或是指定教科書)\n\n無用書，老師會用簡報上課，之後也會放在CEIBA上\n\nμ 上課方式(投影片、團體討論、老師教學風格)\n\n老師會根據當周主題講解三個小時，無討論課\n教學風格見仁見智，有些人可以狂做筆記，不過不見得每個人都能接受\n基本上老師不用麥克風，所以後排聲音會較小\n\nσ 評分方式(給分甜嗎？是紮實分？)\n\n可以不來上課，但不來上課會漏聽一點老師的額外補充\n這些通常會出現在考題中，所以不是特別甜\n只憑簡報來考試成績不會太好\n\nρ 考題型式、作業方式\n\n期中期末各50%，20題簡答題，無作業\n\nω 其它(是否注重出席率？如果為外系選修，需先有什麼基礎較好嗎？老師個性？\n加簽習慣？嚴禁遲到等…)\n\n不須基礎，一類加簽\n老實說準備考試想拿高分，除了複習簡報以外\n其實最好都照著上課內容按部就班地回答\n寫了不少自己的想法，基本上不太會給分\n\nΨ 總結\n\n這堂課的政治立場蠻明顯的\n想拿分的話在考卷上最好得寫出「有中國特色」的政治正確的答案\n比較適合給從未接觸過中國經貿與歷史的白紙同學來修\n或許會覺得收穫良多\n不然如果平常有在關注時事的話(而且不是特定媒體，比如中時)\n應該得盡量忍住吐槽的衝動才行\n不過如果願意配合的話，我相信分數應該會還不錯\n\n--\n\n原文網址: https://www.ptt.cc/bbs/NTUcourse/M.1578907943.A.C8B.html""]","[{""User_ID"": ""PTT"", ""Semester"": ""108-1"", ""Rating_Quality"": null, ""Rating_Sweet"": null, ""Rating_Easy"": null, ""Rating_Rich"": null, ""Comment"": ""轉載自 PTT 作者 ID: aquariuschi (億載金城武)\n哪一學年度修課：\n\n108-1\n\nψ 授課教師 (若為多人合授請寫開課教師，以方便收錄)\n\n羅竹平\n\nλ 開課系所與授課對象 (是否為必修或通識課 / 內容是否與某些背景相關)\n\n農經系選修\n\nδ 課程大概內容\n\n中國的改革開放\n中國經濟發展的機遇與挑戰\n中國近代衰弱之謎\n中國的農業\n龍象之爭\n中國的工業\n國有企業\n可持續發展\n中國的一帶一路\n\nΩ 私心推薦指數(以五分計) ★★★★★\n\n兩顆星\n\nη 上課用書(影印講義或是指定教科書)\n\n無用書，老師會用簡報上課，之後也會放在CEIBA上\n\nμ 上課方式(投影片、團體討論、老師教學風格)\n\n老師會根據當周主題講解三個小時，無討論課\n教學風格見仁見智，有些人可以狂做筆記，不過不見得每個人都能接受\n基本上老師不用麥克風，所以後排聲音會較小\n\nσ 評分方式(給分甜嗎？是紮實分？)\n\n可以不來上課，但不來上課會漏聽一點老師的額外補充\n這些通常會出現在考題中，所以不是特別甜\n只憑簡報來考試成績不會太好\n\nρ 考題型式、作業方式\n\n期中期末各50%，20題簡答題，無作業\n\nω 其它(是否注重出席率？如果為外系選修，需先有什麼基礎較好嗎？老師個性？\n加簽習慣？嚴禁遲到等…)\n\n不須基礎，一類加簽\n老實說準備考試想拿高分，除了複習簡報以外\n其實最好都照著上課內容按部就班地回答\n寫了不少自己的想法，基本上不太會給分\n\nΨ 總結\n\n這堂課的政治立場蠻明顯的\n想拿分的話在考卷上最好得寫出「有中國特色」的政治正確的答案\n比較適合給從未接觸過中國經貿與歷史的白紙同學來修\n或許會覺得收穫良多\n不然如果平常有在關注時事的話(而且不是特定媒體，比如中時)\n應該得盡量忍住吐槽的衝動才行\n不過如果願意配合的話，我相信分數應該會還不錯\n\n--\n\n原文網址: https://www.ptt.cc/bbs/NTUcourse/M.1578907943.A.C8B.html""}]"
專題研究二,雷立芬,農業經濟學系,2,114-2,51808,AGEC5035,,,,,"[""無評價""]",[]
專題研究二,陳郁蕙,農業經濟學系,2,114-2,18219,AGEC5035,,,,,"[""無評價""]",[]
專題研究二,張宏浩,農業經濟學系,2,114-2,39552,AGEC5035,,,,,"[""無評價""]",[]
專題研究二,劉鋼,農業經濟學系,2,114-2,39877,AGEC5035,,,,,"[""無評價""]",[]
專題研究二,羅竹平,農業經濟學系,2,114-2,17201,AGEC5035,,,,,"[""無評價""]",[]
專題研究二,楊豐安,農業經濟學系,2,114-2,44361,AGEC5035,,,,,"[""無評價""]",[]
專題研究二,石曜合,農業經濟學系,2,114-2,50726,AGEC5035,,,,,"[""無評價""]",[]
專題研究二,何率慈,農業經濟學系,2,114-2,28913,AGEC5035,,,,,"[""無評價""]",[]
全球環境與資源安全,楊之遠,農業經濟學系,2,114-2,17036,AGEC5037,,,,,"[""[PTT | 109-2]: 轉載自 PTT 作者 ID: Cheng0708 (圍城)\n哪一學年度修課：\n\n109-2\n\nψ 授課教師 (若為多人合授請寫開課教師，以方便收錄)\n\n楊之遠\n\nλ 開課系所與授課對象 (是否為必修或通識課 / 內容是否與某些背景相關)\n\n農經系選修\n\nδ 課程大概內容\n\n第一章 人口與地球乘載力\n第二章 各國資源安全戰略\n第三章 各國環境安全戰略\n第四章 各國氣候安全戰略\n第五章 各國糧食安全戰略\n第六章 各國能源安全戰略\n\n(以上參考老師的課本)\n\nΩ 私心推薦指數(以五分計) ★★★★★\n\n想要賺錢：★★★★★\n想要認真學習：★★★★\n想要涼甜的課：爆表\n想要聽老師嘴砲：爆表\n討厭寫報告：★\n\nη 上課用書(影印講義或是指定教科書)\n\n楊之遠-全球環境與資源安全\n\n課本是老師自己寫的，學期開始前幾個禮拜老師會一直勸大家買，\n但看起來是不算強迫買。一本$230的樣子\n\n時不時會請農經系辦幫忙影印老師自己寫的報導\n\nμ 上課方式(投影片、團體討論、老師教學風格)\n\n老師會用投影片，內容基本上跟課本幾乎一模一樣\n\n課堂的氣氛算是很輕鬆，老師希望大家認真學習，並且自己多多涉略各種資料\n\n上課的時候老師會有許多可以讓大家舉手發言的機會，或者老師會點人\n通常點前面幾排的人比較多，被點到的人通常會被問是什麼系的，\n然後老師會寒暄幾句，回答完問題後通常老師會發錢，$20~數百元不等\n老師還有說如果覺得課本很貴就多多舉手發言就賺回來了\n\n課程內容基本上算是比較廣，但不深\n有一部分都是高三文組地理的內容，但還是會有一些平常不會接觸到的議題\n(ex.全球稀土、世界條約)\n\n也可以從課堂上聽到老師精彩的經歷，\n還有一些老師獨特的政治見解、人生觀念\n加上時不時出現的嘴砲\n\n後半學期老師會錄線上課程放到NTU cool\n也沒有強迫大家要看，只是期末報告的通知會穿插在各堂課之內\n\n而整學期也順利將整本課本講完，進度抓得還不錯\n\nσ 評分方式(給分甜嗎？是紮實分？)\n\n未知，但我猜是甜，周圍的人都沒有非A字頭的\n\n我期中報告90 期末報告沒公佈 最後A+\n\nρ 考題型式、作業方式\n\n沒有考試，只有期中期末報告\n\n這學期期中報告的題目是「為什麼會發生天然資源(關鍵材料)爭奪？」\n期末報告則是「新冠肺炎與國家安全」\n\n老師說他寫文章就算最廉價的稿費也會寫到5000字左右\n所以要高分最好報告要寫5000字以上\n\n而課堂時不時會有一些要大家上網查的名詞解釋，但可能類似點名的功能而已\n根據助教說的是不用準時交也沒關係，只要最後有交就好\n\n期中期末的報告類似小小小小的論文，老師會幫大家擬定好建議題綱\n基本上照著做就好，需要的資料都能在網路上查到\n老師有說他主要要培養大家查資料學習的能力才這麼做的\n字數差不多，內容不要太空泛基本上分數都不差\n我私下去跟老師要分數時，老師有特別說到他通常只會在乎感想與結論的部分\n只要有寫出自己的想法就會高分\n\n但要特別注意的是期中報告老師有要求要買一本書來寫，要自己去買\n本來期末報告也有書，但老師好像忘了，所以改成不用書的題目\n(我一開始就買好期末報告的書了，噴錢QQ)\n\nω 其它(是否注重出席率？如果為外系選修，需先有什麼基礎較好嗎？老師個性？\n加簽習慣？嚴禁遲到等…)\n\n出席率有點神秘，老師常常拿點名簿出來念某些特定的系\n但我覺得應該只是念身體健康的？\n\n基礎的話是完全不用，因為內容說實在不深，通常相關資料都能查到\n\n加簽的話，這門課是1類加選，有填有上\n\n不過印象中老師好像不太喜歡大家拿出3C產品的樣子\n\nΨ 總結\n\n這門課負擔不重，上課也輕鬆，適合想稍微涉略這個議題的人來修\n\n也建議大一來修，可以當作銜接\n\n老師人也很好，還很好笑，正常來說可以很快樂的修完\n\n而且上課還可以小賺錢，聽老師聊天\n\n唯一的缺點是評分方式沒有公佈而已\n\n\n\n\n\n\n\n\n--\n\n原文網址: https://www.ptt.cc/bbs/NTUcourse/M.1625389493.A.0E7.html""]","[{""User_ID"": ""PTT"", ""Semester"": ""109-2"", ""Rating_Quality"": null, ""Rating_Sweet"": null, ""Rating_Easy"": null, ""Rating_Rich"": null, ""Comment"": ""轉載自 PTT 作者 ID: Cheng0708 (圍城)\n哪一學年度修課：\n\n109-2\n\nψ 授課教師 (若為多人合授請寫開課教師，以方便收錄)\n\n楊之遠\n\nλ 開課系所與授課對象 (是否為必修或通識課 / 內容是否與某些背景相關)\n\n農經系選修\n\nδ 課程大概內容\n\n第一章 人口與地球乘載力\n第二章 各國資源安全戰略\n第三章 各國環境安全戰略\n第四章 各國氣候安全戰略\n第五章 各國糧食安全戰略\n第六章 各國能源安全戰略\n\n(以上參考老師的課本)\n\nΩ 私心推薦指數(以五分計) ★★★★★\n\n想要賺錢：★★★★★\n想要認真學習：★★★★\n想要涼甜的課：爆表\n想要聽老師嘴砲：爆表\n討厭寫報告：★\n\nη 上課用書(影印講義或是指定教科書)\n\n楊之遠-全球環境與資源安全\n\n課本是老師自己寫的，學期開始前幾個禮拜老師會一直勸大家買，\n但看起來是不算強迫買。一本$230的樣子\n\n時不時會請農經系辦幫忙影印老師自己寫的報導\n\nμ 上課方式(投影片、團體討論、老師教學風格)\n\n老師會用投影片，內容基本上跟課本幾乎一模一樣\n\n課堂的氣氛算是很輕鬆，老師希望大家認真學習，並且自己多多涉略各種資料\n\n上課的時候老師會有許多可以讓大家舉手發言的機會，或者老師會點人\n通常點前面幾排的人比較多，被點到的人通常會被問是什麼系的，\n然後老師會寒暄幾句，回答完問題後通常老師會發錢，$20~數百元不等\n老師還有說如果覺得課本很貴就多多舉手發言就賺回來了\n\n課程內容基本上算是比較廣，但不深\n有一部分都是高三文組地理的內容，但還是會有一些平常不會接觸到的議題\n(ex.全球稀土、世界條約)\n\n也可以從課堂上聽到老師精彩的經歷，\n還有一些老師獨特的政治見解、人生觀念\n加上時不時出現的嘴砲\n\n後半學期老師會錄線上課程放到NTU cool\n也沒有強迫大家要看，只是期末報告的通知會穿插在各堂課之內\n\n而整學期也順利將整本課本講完，進度抓得還不錯\n\nσ 評分方式(給分甜嗎？是紮實分？)\n\n未知，但我猜是甜，周圍的人都沒有非A字頭的\n\n我期中報告90 期末報告沒公佈 最後A+\n\nρ 考題型式、作業方式\n\n沒有考試，只有期中期末報告\n\n這學期期中報告的題目是「為什麼會發生天然資源(關鍵材料)爭奪？」\n期末報告則是「新冠肺炎與國家安全」\n\n老師說他寫文章就算最廉價的稿費也會寫到5000字左右\n所以要高分最好報告要寫5000字以上\n\n而課堂時不時會有一些要大家上網查的名詞解釋，但可能類似點名的功能而已\n根據助教說的是不用準時交也沒關係，只要最後有交就好\n\n期中期末的報告類似小小小小的論文，老師會幫大家擬定好建議題綱\n基本上照著做就好，需要的資料都能在網路上查到\n老師有說他主要要培養大家查資料學習的能力才這麼做的\n字數差不多，內容不要太空泛基本上分數都不差\n我私下去跟老師要分數時，老師有特別說到他通常只會在乎感想與結論的部分\n只要有寫出自己的想法就會高分\n\n但要特別注意的是期中報告老師有要求要買一本書來寫，要自己去買\n本來期末報告也有書，但老師好像忘了，所以改成不用書的題目\n(我一開始就買好期末報告的書了，噴錢QQ)\n\nω 其它(是否注重出席率？如果為外系選修，需先有什麼基礎較好嗎？老師個性？\n加簽習慣？嚴禁遲到等…)\n\n出席率有點神秘，老師常常拿點名簿出來念某些特定的系\n但我覺得應該只是念身體健康的？\n\n基礎的話是完全不用，因為內容說實在不深，通常相關資料都能查到\n\n加簽的話，這門課是1類加選，有填有上\n\n不過印象中老師好像不太喜歡大家拿出3C產品的樣子\n\nΨ 總結\n\n這門課負擔不重，上課也輕鬆，適合想稍微涉略這個議題的人來修\n\n也建議大一來修，可以當作銜接\n\n老師人也很好，還很好笑，正常來說可以很快樂的修完\n\n而且上課還可以小賺錢，聽老師聊天\n\n唯一的缺點是評分方式沒有公佈而已\n\n\n\n\n\n\n\n\n--\n\n原文網址: https://www.ptt.cc/bbs/NTUcourse/M.1625389493.A.0E7.html""}]"
應用選擇資料分析,石曜合,農業經濟學系、農業經濟學研究所、生物多樣性國際碩士學位學程,3,114-2,36177,AGEC7144,,,,,"[""無評價""]",[]
普通化學實驗,劉如熹,機械工程學系、園藝暨景觀學系、公共衛生學系、電機工程學系,1,114-2,51386,Chem1010,,,,,"[""無評價""]",[]
造園學,鄭佳昆,園藝暨景觀學系,2,114-2,39171,HORT1012,,,,,"[""無評價""]",[]
造園學實習,鄭佳昆,園藝暨景觀學系,1,114-2,39136,HORT1013,,,,,"[""無評價""]",[]
果樹學,李國譚,園藝暨景觀學系、植物醫學碩士學位學程,2,114-2,35609,HORT1014,3.5,4.0,5.0,4.0,"[""[User32784 | 113-2]: It was interesting.\nRead the presentation\nGood\nIt was interesting.\nQuick\nGood"", ""[User73621 | 113-2]: We spend time discussing fruit science and fruit production, providing students with in depth explanations of the physiological mechanisms of fruit trees and proper management practices.\nLectures and quizzes\nNTU Cool and several books\nWe have several quiz style homework assignments and two major exams (midterm and final)\nGrading is fair\nGood class and easy to navigate as an exchange student""]","[{""User_ID"": ""User32784"", ""Semester"": ""113-2"", ""Rating_Quality"": null, ""Rating_Sweet"": null, ""Rating_Easy"": null, ""Rating_Rich"": null, ""Comment"": ""It was interesting.\nRead the presentation\nGood\nIt was interesting.\nQuick\nGood""}, {""User_ID"": ""User73621"", ""Semester"": ""113-2"", ""Rating_Quality"": null, ""Rating_Sweet"": null, ""Rating_Easy"": null, ""Rating_Rich"": null, ""Comment"": ""We spend time discussing fruit science and fruit production, providing students with in depth explanations of the physiological mechanisms of fruit trees and proper management practices.\nLectures and quizzes\nNTU Cool and several books\nWe have several quiz style homework assignments and two major exams (midterm and final)\nGrading is fair\nGood class and easy to navigate as an exchange student""}]"
果樹學實習,李國譚,園藝暨景觀學系,1,114-2,55257,HORT1015,,,,,"[""無評價""]",[]
花卉學實習,葉德銘,園藝暨景觀學系,1,114-2,55143,HORT2017,,,,,"[""無評價""]",[]
園產品加工學實習,吳思節,園藝暨景觀學系,1,114-2,23400,HORT2019,,,,,"[""無評價""]",[]
景觀設計及實習一,林寶秀,園藝暨景觀學系,4,114-2,37824,HORT2020,,,,,"[""無評價""]",[]
景觀學,陳惠美,園藝暨景觀學系,2,114-2,56234,HORT2008,,,,,"[""無評價""]",[]
景觀設計及實習三,張伯茹,園藝暨景觀學系,4,114-2,12925,HORT3028,,,,,"[""無評價""]",[]
學士專題研究二,張育森,園藝暨景觀學系,1,114-2,38548,HORT3032,,,,,"[""無評價""]",[]
學士專題研究二,葉德銘,園藝暨景觀學系,1,114-2,23794,HORT3032,,,,,"[""無評價""]",[]
學士專題研究二,張俊彥,園藝暨景觀學系,1,114-2,53798,HORT3032,,,,,"[""無評價""]",[]
學士專題研究二,張耀乾,園藝暨景觀學系,1,114-2,13234,HORT3032,,,,,"[""無評價""]",[]
學士專題研究二,楊雯如,園藝暨景觀學系,1,114-2,40093,HORT3032,,,,,"[""無評價""]",[]
學士專題研究二,杜宜殷,園藝暨景觀學系,1,114-2,25992,HORT3032,,,,,"[""無評價""]",[]
學士專題研究二,陳惠美,園藝暨景觀學系,1,114-2,23131,HORT3032,,,,,"[""無評價""]",[]
學士專題研究二,李國譚,園藝暨景觀學系,1,114-2,46369,HORT3032,,,,,"[""無評價""]",[]
學士專題研究二,鄭佳昆,園藝暨景觀學系,1,114-2,32294,HORT3032,,,,,"[""無評價""]",[]
學士專題研究二,林寶秀,園藝暨景觀學系,1,114-2,24621,HORT3032,,,,,"[""無評價""]",[]
學士專題研究二,林淑怡,園藝暨景觀學系,1,114-2,22330,HORT3032,,,,,"[""無評價""]",[]
學士專題研究二,許富鈞,園藝暨景觀學系,1,114-2,16294,HORT3032,,,,,"[""無評價""]",[]
學士專題研究二,林書妍,園藝暨景觀學系,1,114-2,23706,HORT3032,,,,,"[""無評價""]",[]
學士專題研究二,張伯茹,園藝暨景觀學系,1,114-2,21556,HORT3032,,,,,"[""無評價""]",[]
學士專題實作二,張育森,園藝暨景觀學系,1,114-2,19981,HORT3034,,,,,"[""無評價""]",[]
學士專題實作二,葉德銘,園藝暨景觀學系,1,114-2,31112,HORT3034,,,,,"[""無評價""]",[]
學士專題實作二,張俊彥,園藝暨景觀學系,1,114-2,57560,HORT3034,,,,,"[""無評價""]",[]
學士專題實作二,張耀乾,園藝暨景觀學系,1,114-2,16726,HORT3034,,,,,"[""無評價""]",[]
學士專題實作二,楊雯如,園藝暨景觀學系,1,114-2,52858,HORT3034,,,,,"[""無評價""]",[]
學士專題實作二,杜宜殷,園藝暨景觀學系,1,114-2,40111,HORT3034,,,,,"[""無評價""]",[]
學士專題實作二,陳惠美,園藝暨景觀學系,1,114-2,59554,HORT3034,,,,,"[""無評價""]",[]
學士專題實作二,李國譚,園藝暨景觀學系,1,114-2,32482,HORT3034,,,,,"[""無評價""]",[]
學士專題實作二,鄭佳昆,園藝暨景觀學系,1,114-2,37448,HORT3034,,,,,"[""無評價""]",[]
學士專題實作二,林寶秀,園藝暨景觀學系,1,114-2,49863,HORT3034,,,,,"[""無評價""]",[]
學士專題實作二,林淑怡,園藝暨景觀學系,1,114-2,43753,HORT3034,,,,,"[""無評價""]",[]
學士專題實作二,許富鈞,園藝暨景觀學系,1,114-2,48429,HORT3034,,,,,"[""無評價""]",[]
學士專題實作二,林書妍,園藝暨景觀學系,1,114-2,14157,HORT3034,,,,,"[""無評價""]",[]
學士專題實作二,張伯茹,園藝暨景觀學系,1,114-2,21752,HORT3034,,,,,"[""無評價""]",[]
景觀工程學及實習二,鄭佳昆,園藝暨景觀學系,3,114-2,47605,HORT3016,,,,,"[""無評價""]",[]
園藝作物育種學,許富鈞,園藝暨景觀學系,3,114-2,32982,HORT3021,,,,,"[""無評價""]",[]
園藝作物育種學實習,許富鈞,園藝暨景觀學系,1,114-2,11716,HORT3022,,,,,"[""無評價""]",[]
專題討論下,杜宜殷,園藝暨景觀學系,1,114-2,13928,HORT4006,,,,,"[""無評價""]",[]
專題討論下,官彥州,園藝暨景觀學系,1,114-2,43802,HORT4006,,,,,"[""無評價""]",[]
畢業設計二,陳惠美,園藝暨景觀學系,2,114-2,45929,HORT4008,,,,,"[""無評價""]",[]
畢業設計二,鄭佳昆,園藝暨景觀學系,2,114-2,47279,HORT4008,,,,,"[""無評價""]",[]
畢業設計二,林寶秀,園藝暨景觀學系,2,114-2,19302,HORT4008,,,,,"[""無評價""]",[]
畢業設計二,張伯茹,園藝暨景觀學系,2,114-2,54569,HORT4008,,,,,"[""無評價""]",[]
景觀生態學,林寶秀,園藝暨景觀學系,3,114-2,55485,HORT5050,,,,,"[""無評價""]",[]
學士專題研究二,吳俊達,園藝暨景觀學系,1,114-2,15598,HORT3032,,,,,"[""無評價""]",[]
學士專題研究二,吳思節,園藝暨景觀學系,1,114-2,26805,HORT3032,,,,,"[""無評價""]",[]
學士專題研究二,官彥州,園藝暨景觀學系,1,114-2,22641,HORT3032,,,,,"[""無評價""]",[]
學士專題實作二,吳俊達,園藝暨景觀學系,1,114-2,53348,HORT3034,,,,,"[""無評價""]",[]
學士專題實作二,吳思節,園藝暨景觀學系,1,114-2,55941,HORT3034,,,,,"[""無評價""]",[]
學士專題實作二,官彥州,園藝暨景觀學系,1,114-2,40946,HORT3034,,,,,"[""無評價""]",[]
落葉果樹二,李國譚,園藝暨景觀學系,3,114-2,28891,HORT5097,,,,,"[""無評價""]",[]
專業實習二,張育森,園藝暨景觀學系,2,114-2,31382,HORT4014,,,,,"[""無評價""]",[]
專業實習二,葉德銘,園藝暨景觀學系,2,114-2,13367,HORT4014,,,,,"[""無評價""]",[]
專業實習二,張俊彥,園藝暨景觀學系,2,114-2,33999,HORT4014,,,,,"[""無評價""]",[]
專業實習二,張耀乾,園藝暨景觀學系,2,114-2,42693,HORT4014,,,,,"[""無評價""]",[]
專業實習二,楊雯如,園藝暨景觀學系,2,114-2,58059,HORT4014,,,,,"[""無評價""]",[]
專業實習二,杜宜殷,園藝暨景觀學系,2,114-2,42824,HORT4014,,,,,"[""無評價""]",[]
專業實習二,吳俊達,園藝暨景觀學系,2,114-2,26803,HORT4014,,,,,"[""無評價""]",[]
專業實習二,陳惠美,園藝暨景觀學系,2,114-2,30324,HORT4014,,,,,"[""無評價""]",[]
專業實習二,李國譚,園藝暨景觀學系,2,114-2,59428,HORT4014,,,,,"[""無評價""]",[]
專業實習二,鄭佳昆,園藝暨景觀學系,2,114-2,52163,HORT4014,,,,,"[""無評價""]",[]
專業實習二,林寶秀,園藝暨景觀學系,2,114-2,18299,HORT4014,,,,,"[""無評價""]",[]
專業實習二,吳思節,園藝暨景觀學系,2,114-2,12026,HORT4014,,,,,"[""無評價""]",[]
專業實習二,林淑怡,園藝暨景觀學系,2,114-2,26872,HORT4014,,,,,"[""無評價""]",[]
專業實習二,許富鈞,園藝暨景觀學系,2,114-2,22420,HORT4014,,,,,"[""無評價""]",[]
專業實習二,林書妍,園藝暨景觀學系,2,114-2,16270,HORT4014,,,,,"[""無評價""]",[]
專業實習二,張伯茹,園藝暨景觀學系,2,114-2,51003,HORT4014,,,,,"[""無評價""]",[]
專業實習二,官彥州,園藝暨景觀學系,2,114-2,12434,HORT4014,,,,,"[""無評價""]",[]
茶葉栽培與生產,林書妍,園藝暨景觀學系、園藝作物組,2,114-2,35465,HORT5089,,,,,"[""無評價""]",[]
植物分子生物學,杜宜殷,園藝暨景觀學系、生物科技與食品營養學士學位學程、園藝作物組、園產品處理及利用組、生物科技研究所,3,114-2,54042,HORT5014,,,,,"[""無評價""]",[]
重組DNA技術,杜宜殷,園藝暨景觀學系、園藝作物組,3,114-2,17992,HORT5031,,,,,"[""無評價""]",[]
園產品處理技術,吳俊達,園藝暨景觀學系、園產品處理及利用組,3,114-2,12918,HORT5046,,,,,"[""無評價""]",[]
健康景觀設計及實習,張俊彥,園藝暨景觀學系、園藝暨景觀學研究所、景觀暨休憩組,3,114-2,57283,HORT5070,,,,,"[""無評價""]",[]
園產品採收後生化學,官彥州,園藝暨景觀學系、園產品處理及利用組,3,114-2,35578,HORT5095,,,,,"[""無評價""]",[]
胚胎學,蕭逸澤,獸醫學系,2,114-2,12057,VM2005,,,,,"[""無評價""]",[]
獸醫解剖學及實習下,蕭逸澤,獸醫學系,4,114-2,19146,VM2010,,,,,"[""無評價""]",[]
獸醫細菌學及實習,周崇熙,獸醫學系,3,114-2,52964,VM2004,,,,,"[""無評價""]",[]
獸醫生理學下,王家琪,獸醫學系,3,114-2,18844,VM2016,,,,,"[""無評價""]",[]
獸醫生理學實習,廖泰慶,獸醫學系,2,114-2,39910,VM2017,,,,,"[""無評價""]",[]
獸醫病毒學及實習,陳慧文,獸醫學系,3,114-2,11990,VM3008,,,,,"[""無評價""]",[]
獸醫病理學及實習下,黃威翔,獸醫學系,4,114-2,26887,VM3003,,,,,"[""無評價""]",[]
獸醫臨床病理學,蘇璧伶,獸醫學系,3,114-2,27024,VM4002,,,,,"[""無評價""]",[]
獸醫臨床病理學實習,蘇璧伶,獸醫學系,1,114-2,56247,VM4003,,,,,"[""無評價""]",[]
小動物外科手術及實習,武敬和,獸醫學系,2,114-2,36960,VM3006,,,,,"[""無評價""]",[]
獸醫繁殖障礙及產科,蔡沛學,獸醫學系,4,114-2,55045,VM4005,,,,,"[""無評價""]",[]
小動物外科學,武敬和,獸醫學系,3,114-2,50691,VM4012,,,,,"[""無評價""]",[]
小動物內科學,王儷蒨,獸醫學系,4,114-2,17378,VM4013,,,,,"[""無評價""]",[]
獸醫流行病學,楊文淵,獸醫學系,2,114-2,44530,VM5096,,,,,"[""無評價""]",[]
屍體解剖二,張惠雯,獸醫學系,1,114-2,48255,VM5012,,,,,"[""無評價""]",[]
專題研究下,林中天,獸醫學系,1,114-2,19384,VM4018,,,,,"[""無評價""]",[]
專題研究下,蘇璧伶,獸醫學系,1,114-2,54329,VM4018,,,,,"[""無評價""]",[]
專題研究下,詹東榮,獸醫學系,1,114-2,17700,VM4018,,,,,"[""無評價""]",[]
專題研究下,萬灼華,獸醫學系,1,114-2,53201,VM4018,,,,,"[""無評價""]",[]
專題研究下,張芳嘉,獸醫學系,1,114-2,45319,VM4018,,,,,"[""無評價""]",[]
專題研究下,周崇熙,獸醫學系,1,114-2,17942,VM4018,,,,,"[""無評價""]",[]
專題研究下,張雅珮,獸醫學系,1,114-2,38264,VM4018,,,,,"[""無評價""]",[]
專題研究下,廖泰慶,獸醫學系,1,114-2,37104,VM4018,,,,,"[""無評價""]",[]
專題研究下,葉光勝,獸醫學系,1,114-2,55982,VM4018,,,,,"[""無評價""]",[]
專題研究下,林辰栖,獸醫學系,1,114-2,19971,VM4018,,,,,"[""無評價""]",[]
專題研究下,王儷蒨,獸醫學系,1,114-2,41294,VM4018,,,,,"[""無評價""]",[]
專題研究下,李雅珍,獸醫學系,1,114-2,41967,VM4018,,,,,"[""無評價""]",[]
專題研究下,陳慧文,獸醫學系,1,114-2,28300,VM4018,,,,,"[""無評價""]",[]
專題研究下,武敬和,獸醫學系,1,114-2,34160,VM4018,,,,,"[""無評價""]",[]
專題研究下,蔡沛學,獸醫學系,1,114-2,44398,VM4018,,,,,"[""無評價""]",[]
專題研究下,張惠雯,獸醫學系,1,114-2,23622,VM4018,,,,,"[""無評價""]",[]
專題研究下,余品奐,獸醫學系,1,114-2,10490,VM4018,,,,,"[""無評價""]",[]
專題研究下,林翰佑,獸醫學系,1,114-2,30010,VM4018,,,,,"[""無評價""]",[]
專題研究下,蕭逸澤,獸醫學系,1,114-2,13413,VM4018,,,,,"[""無評價""]",[]
專題研究下,江逸凡,獸醫學系,1,114-2,18879,VM4018,,,,,"[""無評價""]",[]
專題研究下,王尚麟,獸醫學系,1,114-2,11423,VM4018,,,,,"[""無評價""]",[]
專題研究下,楊瑋誠,獸醫學系,1,114-2,23890,VM4018,,,,,"[""無評價""]",[]
專題研究下,王家琪,獸醫學系,1,114-2,11831,VM4018,,,,,"[""無評價""]",[]
專題研究下,黃威翔,獸醫學系,1,114-2,45765,VM4018,,,,,"[""無評價""]",[]
專題研究下,張晏禎,獸醫學系,1,114-2,33093,VM4018,,,,,"[""無評價""]",[]
專題研究下,楊文淵,獸醫學系,1,114-2,33876,VM4018,,,,,"[""無評價""]",[]
專題研究下,吳乃慧,獸醫學系,1,114-2,26388,VM4018,,,,,"[""無評價""]",[]
關懷生命愛護動物實習二,武敬和,獸醫學系,2,114-2,26489,VM5111,,,,,"[""無評價""]",[]
流浪動物醫學及實習,劉以立,獸醫學系,2,114-2,46046,VM6009,,,,,"[""無評價""]",[]
保育醫學概論,楊瑋誠,獸醫學系,2,114-2,26498,VM6013,,,,,"[""無評價""]",[]
人畜共同傳染病,周崇熙,獸醫學系,2,114-2,42995,VM5029,,,,,"[""無評價""]",[]
穿透式電顯及實習,江逸凡,獸醫學系、獸醫學研究所,4,114-2,14382,VM5035,,,,,"[""無評價""]",[]
獸醫針灸學,劉金鳴,獸醫學系,2,114-2,21577,VM5088,,,,,"[""無評價""]",[]
獸醫臨床微生物學,葉光勝,獸醫學系、獸醫學研究所、分子暨比較病理生物學研究所,2,114-2,51881,VM5100,,,,,"[""無評價""]",[]
小動物臨床呼吸醫學,林中惠,獸醫學系、臨床動物醫學研究所,1,114-2,30239,VCS5008,,,,,"[""無評價""]",[]
實驗動物醫學,萬灼華,獸醫學系、獸醫學研究所、分子暨比較病理生物學研究所,2,114-2,29733,MCP5009,,,,,"[""無評價""]",[]
媒介概論,許詩嫺,生物產業傳播暨發展學系,3,114-2,58526,BICD1021,,,,,"[""無評價""]",[]
鄉村農業體驗（二）,闕河嘉,生物產業傳播暨發展學系,2,114-2,45368,BICD1031,,,,,"[""無評價""]",[]
專題研究二,李明道,生物產業傳播暨發展學系,2,114-2,31255,BICD4017,,,,,"[""無評價""]",[]
專題研究二,岳修平,生物產業傳播暨發展學系、生物產業傳播暨發展學研究所,2,114-2,51118,BICD4017,,,,,"[""無評價""]",[]
專題研究二,陳玉華,生物產業傳播暨發展學系、生物產業傳播暨發展學研究所,2,114-2,27917,BICD4017,,,,,"[""無評價""]",[]
專題研究二,王俊豪,生物產業傳播暨發展學系、生物產業傳播暨發展學研究所,2,114-2,30259,BICD4017,,,,,"[""無評價""]",[]
專題研究二,闕河嘉,生物產業傳播暨發展學系、生物產業傳播暨發展學研究所,2,114-2,50427,BICD4017,,,,,"[""無評價""]",[]
專題研究二,黃麗君,生物產業傳播暨發展學系、生物產業傳播暨發展學研究所,2,114-2,40088,BICD4017,,,,,"[""無評價""]",[]
專題研究二,邱玉蟬,生物產業傳播暨發展學系、生物產業傳播暨發展學研究所,2,114-2,37024,BICD8011,,,,,"[""無評價""]",[]
專題研究二,王淑美,生物產業傳播暨發展學系、生物產業傳播暨發展學研究所,2,114-2,43212,BICD4017,,,,,"[""無評價""]",[]
專題研究二,彭立沛,生物產業傳播暨發展學系、生物產業傳播暨發展學研究所,2,114-2,10582,BICD4017,,,,,"[""無評價""]",[]
專題研究二,許詩嫺,生物產業傳播暨發展學系、生物產業傳播暨發展學研究所,2,114-2,21127,BICD4017,,,,,"[""無評價""]",[]
專題研究二,王俊傑,生物產業傳播暨發展學系、生物產業傳播暨發展學研究所,2,114-2,17657,BICD4017,,,,,"[""無評價""]",[]
專題研究二,王驥懋,生物產業傳播暨發展學系、生物產業傳播暨發展學研究所,2,114-2,34591,BICD4017,,,,,"[""無評價""]",[]
專題研究二,郭蕙如,生物產業傳播暨發展學系、生物產業傳播暨發展學研究所,2,114-2,15134,BICD4017,,,,,"[""無評價""]",[]
人口與發展,陳玉華,生物產業傳播暨發展學系,3,114-2,34407,BICD2025,,,,,"[""無評價""]",[]
地理資訊系統與全球糧食經濟視覺化分析,王驥懋,生物產業傳播暨發展學系,3,114-2,15412,BICD6001,5.0,4.5,2.0,4.5,"[""[呱啦 | 110-2]: 第1週 課程說明\n第2週 課程主題：製圖、文本與權力地理資訊系統與Infographic系統簡介 實習課：(1) 請安裝好QGIS作業系統至個人筆電；(2)請下載並使用全年度圖資；(3)Qgis操作界面簡介。\n第3週 課程主題：跟隨食物(1)--肉(雞) 實習課：投影座標及影像校正\n第4週 課程主題：跟隨食物(2)--香蕉 實習課：影像數化及地理資料格式\n第5週 課程主題：跟隨食物(3)--豰物 (戰爭、物流與豰物) 實習課：Join的實作與分層設色地圖 (一) 向量資料的裁切與使用、出圖設計\n第6週 課程主題：氣候變遷與低碳飲食 實習課：統計地圖的製作(圓餅圖、長條圖)\n第7週 學校調整放假(溫書假)\n第8週 課程主題：另類農糧網絡(Alternative Food Networks) 實習課：點子圖、泡泡圖的製作與使用\n第9週 課程主題：海洋以及海洋水產的枯竭--勞動人權與自然資源 實習課：環域分析、空間疊合分析\n第10週 課程主題：全球糧食貿易與烏俄戰爭對全球經濟的影響 實習課：政府開放資料及線上圖磚使用(WMTS)、QGIS插件(QuickMap Service)、製作數值高程地形渲染圖、土壤液化潛勢圖\n第11週 開放資料的使用與WebGIS 政府開放資料使用與分析 WebGIS簡介與空間資料展示：熱區圖與點位圖。\n第12週 開放資料與空間資料分析：WebGIS圖資使用。 Cartodb與Flourish的操作與使用。\n第13週 專案實作\n第14週 專案實作\n第15週 專案成果發表(一)\n第16週 專案成果發表(二)\n第17週 繳交期末報告\nPPT、老師手把手教學\nQGIS\n沒有考試，就是平常的練習作業跟期末專題報告\n課堂參與 10%\n平時作業 40% 幾乎各週都有上機實作作業\n期末專案報告（含上台及書面）50%\n收穫滿滿的一堂課！每週第一節課會講述一種農牧產品的相關報導分析，讓大家腦力激盪、訓練批判性思考（老師非常強調！）；而實習課老師會手把手地教我們怎麼使用QGIS出圖，每堂課會教一到三個新功能，然後再利用其完成作業（在課堂上就可以完成！）""]","[{""User_ID"": ""呱啦"", ""Semester"": ""110-2"", ""Rating_Quality"": null, ""Rating_Sweet"": null, ""Rating_Easy"": null, ""Rating_Rich"": null, ""Comment"": ""第1週 課程說明\n第2週 課程主題：製圖、文本與權力地理資訊系統與Infographic系統簡介 實習課：(1) 請安裝好QGIS作業系統至個人筆電；(2)請下載並使用全年度圖資；(3)Qgis操作界面簡介。\n第3週 課程主題：跟隨食物(1)--肉(雞) 實習課：投影座標及影像校正\n第4週 課程主題：跟隨食物(2)--香蕉 實習課：影像數化及地理資料格式\n第5週 課程主題：跟隨食物(3)--豰物 (戰爭、物流與豰物) 實習課：Join的實作與分層設色地圖 (一) 向量資料的裁切與使用、出圖設計\n第6週 課程主題：氣候變遷與低碳飲食 實習課：統計地圖的製作(圓餅圖、長條圖)\n第7週 學校調整放假(溫書假)\n第8週 課程主題：另類農糧網絡(Alternative Food Networks) 實習課：點子圖、泡泡圖的製作與使用\n第9週 課程主題：海洋以及海洋水產的枯竭--勞動人權與自然資源 實習課：環域分析、空間疊合分析\n第10週 課程主題：全球糧食貿易與烏俄戰爭對全球經濟的影響 實習課：政府開放資料及線上圖磚使用(WMTS)、QGIS插件(QuickMap Service)、製作數值高程地形渲染圖、土壤液化潛勢圖\n第11週 開放資料的使用與WebGIS 政府開放資料使用與分析 WebGIS簡介與空間資料展示：熱區圖與點位圖。\n第12週 開放資料與空間資料分析：WebGIS圖資使用。 Cartodb與Flourish的操作與使用。\n第13週 專案實作\n第14週 專案實作\n第15週 專案成果發表(一)\n第16週 專案成果發表(二)\n第17週 繳交期末報告\nPPT、老師手把手教學\nQGIS\n沒有考試，就是平常的練習作業跟期末專題報告\n課堂參與 10%\n平時作業 40% 幾乎各週都有上機實作作業\n期末專案報告（含上台及書面）50%\n收穫滿滿的一堂課！每週第一節課會講述一種農牧產品的相關報導分析，讓大家腦力激盪、訓練批判性思考（老師非常強調！）；而實習課老師會手把手地教我們怎麼使用QGIS出圖，每堂課會教一到三個新功能，然後再利用其完成作業（在課堂上就可以完成！）""}]"
微控制器原理與應用-機電整合(一),郭彥甫,生物機電工程學系,3,114-2,24949,BME1107,,,,,"[""無評價""]",[]
應用力學上,陳世芳,生物機電工程學系,2,114-2,43328,BME2105,,,,,"[""無評價""]",[]
工程數學二,江昭皚,生物機電工程學系,3,114-2,51409,BME2104,4.5,4.5,5.0,4.0,"[""[BiME Boy | 110-2]: Ch0. Review\nCh1. Orthogonal Function and Fourier Series\nCh2. Fourier Transform and Its Applications\nCh3. Boundary Value Problem: Sturm-Liouville Problem\nCh4. Partial Differential Equation\nCh5. Linear Algebra: Matrix, Determinant, and Theory of Eigenvalue and Eigenfunction\nCh6. Systems of Differential Equations, Phase Plane, and Qualitative Methods\nCh7. Vector Differential Calculus Gradient, Divergence, and Curl\nCh8. Vector Integral Calculus Integral Theorems\n(僅供參考)\n用自編講義投影上課，較複雜的題目會親自演算給學生看，基本上講解滿清楚的，仔細聽一定可以懂，當然數學這科回家一定要勤奮練習\n教科書：\n1. 講義\n2. Erwin Kreyszig, Advanced Engineering Mathematics, 8th ed., 1999. (John Wiley &amp;amp; Sons)\n3. Dennis G. Zill and Michael R. Cullen, Advanced Engineering Mathematics, 2nd ed., 2000. (Jones and Bartlett)\n4. Peter V. O’Neil, Advanced Engineering Mathematics, 5th ed.,2003.(PWS-Kent)\n\n主要參考書：\n1. Wylie and Barrett, Advanced Engineering Mathematics, 6th ed., 1995. (McGraw Hill)\n2. Peter V. O’Neil, Advanced Engineering Mathematics, 4th ed., 1995.(PWS-Kent)\n3. Francis B. Hildebrand, Advanced Calculus for Applications, 2nd ed., 1976. (Prentice-Hall)\n4. Michael D. Greenberg, Advanced Engineering Mathematics, 2nd ed., 1998. (Prentice- Hall)\n5. Allen Jeffrey, Advanced Engineering Mathematics, 2002. (Harcourt Academic Press)\n作業有寫準時繳交都直接給滿分，字太潦草、寫太少或是連抄答案都不想抄，當然不會拿到滿分，而考試跟作業助教都給分很寬鬆，有認真寫作業，上課不會的地方都有弄懂，考試一定都還不錯。考試時間不定期，教授經常有研討會不能上課，就會拿來考一次Exam，教到哪就考到哪，要準時跟上進度，教授建議每週二晚上是固定複習數學的工數之夜。\nExam1 + Exam2 + Exam3：75%\nHW：15%\nOthers：10%\n(參考用，基本上還是會調分)\n本人三次Exam總分265，應該算相對高分，最後A+\n我只看得到A+比例：27.5%\n不點名，畢竟是數學，自己得多花一些時間讀書，教授給分滿寬鬆的，原則上不會當人，雖然拿A+滿容易的，不過如果想多學東西的話，教授其實有很多招，自編講義是中文，很好自學，自己認真寫題目一定可以有很多收穫！""]","[{""User_ID"": ""BiME Boy"", ""Semester"": ""110-2"", ""Rating_Quality"": null, ""Rating_Sweet"": null, ""Rating_Easy"": null, ""Rating_Rich"": null, ""Comment"": ""Ch0. Review\nCh1. Orthogonal Function and Fourier Series\nCh2. Fourier Transform and Its Applications\nCh3. Boundary Value Problem: Sturm-Liouville Problem\nCh4. Partial Differential Equation\nCh5. Linear Algebra: Matrix, Determinant, and Theory of Eigenvalue and Eigenfunction\nCh6. Systems of Differential Equations, Phase Plane, and Qualitative Methods\nCh7. Vector Differential Calculus Gradient, Divergence, and Curl\nCh8. Vector Integral Calculus Integral Theorems\n(僅供參考)\n用自編講義投影上課，較複雜的題目會親自演算給學生看，基本上講解滿清楚的，仔細聽一定可以懂，當然數學這科回家一定要勤奮練習\n教科書：\n1. 講義\n2. Erwin Kreyszig, Advanced Engineering Mathematics, 8th ed., 1999. (John Wiley &amp;amp; Sons)\n3. Dennis G. Zill and Michael R. Cullen, Advanced Engineering Mathematics, 2nd ed., 2000. (Jones and Bartlett)\n4. Peter V. O’Neil, Advanced Engineering Mathematics, 5th ed.,2003.(PWS-Kent)\n\n主要參考書：\n1. Wylie and Barrett, Advanced Engineering Mathematics, 6th ed., 1995. (McGraw Hill)\n2. Peter V. O’Neil, Advanced Engineering Mathematics, 4th ed., 1995.(PWS-Kent)\n3. Francis B. Hildebrand, Advanced Calculus for Applications, 2nd ed., 1976. (Prentice-Hall)\n4. Michael D. Greenberg, Advanced Engineering Mathematics, 2nd ed., 1998. (Prentice- Hall)\n5. Allen Jeffrey, Advanced Engineering Mathematics, 2002. (Harcourt Academic Press)\n作業有寫準時繳交都直接給滿分，字太潦草、寫太少或是連抄答案都不想抄，當然不會拿到滿分，而考試跟作業助教都給分很寬鬆，有認真寫作業，上課不會的地方都有弄懂，考試一定都還不錯。考試時間不定期，教授經常有研討會不能上課，就會拿來考一次Exam，教到哪就考到哪，要準時跟上進度，教授建議每週二晚上是固定複習數學的工數之夜。\nExam1 + Exam2 + Exam3：75%\nHW：15%\nOthers：10%\n(參考用，基本上還是會調分)\n本人三次Exam總分265，應該算相對高分，最後A+\n我只看得到A+比例：27.5%\n不點名，畢竟是數學，自己得多花一些時間讀書，教授給分滿寬鬆的，原則上不會當人，雖然拿A+滿容易的，不過如果想多學東西的話，教授其實有很多招，自編講義是中文，很好自學，自己認真寫題目一定可以有很多收穫！""}]"
材料力學,陳世芳,生物機電工程學系,3,114-2,14865,BME2108,,,,,"[""無評價""]",[]
熱傳學,黃振康,生物機電工程學系、生物機電工程學研究所,3,114-2,54725,BME5013,,,,,"[""無評價""]",[]
學士專題二,郭彥甫,生物機電工程學系,1,114-2,33642,BME4103,,,,,"[""無評價""]",[]
專題研究,江昭皚,生物機電工程學系,2,114-2,44250,BME4201,,,,,"[""無評價""]",[]
專題研究,陳倩瑜,生物機電工程學系,2,114-2,38993,BME4201,,,,,"[""無評價""]",[]
專題研究,陳林祈,生物機電工程學系,2,114-2,41310,BME4201,,,,,"[""無評價""]",[]
專題研究,周呈霙,生物機電工程學系,2,114-2,44560,BME4201,,,,,"[""無評價""]",[]
專題研究,盧彥文,生物機電工程學系,2,114-2,36267,BME4201,,,,,"[""無評價""]",[]
專題研究,顏炳郎,生物機電工程學系、全球農業科技與基因體科學碩士學位學程,2,114-2,16731,BME4201,,,,,"[""無評價""]",[]
專題研究,陳洵毅,生物機電工程學系,2,114-2,58216,BME4201,,,,,"[""無評價""]",[]
專題研究,謝博全,生物機電工程學系,2,114-2,36015,BME4201,,,,,"[""無評價""]",[]
專題研究,陳世芳,生物機電工程學系、全球農業科技與基因體科學碩士學位學程,2,114-2,16000,BME4201,,,,,"[""無評價""]",[]
生物微機電技術與實務,盧彥文,生物機電工程學系、生物機電工程學研究所,1,114-2,49339,BME4670,5.0,5.0,2.0,5.0,"[""[User73132 | 114-1]: 本課程為密集型訓練課程，透過實務操作與系上相關製程儀器（如曝光機、反應性離子蝕刻機、蒸鍍機等）的實際應用，讓學生深入了解微奈米製程的基本原理與步驟。課程著重於訓練學生製作生物微機電晶片、微流道晶片以及組織生物晶片的基礎元件，從光罩設計、薄膜沉積、圖案轉移到蝕刻成形，逐步建立完整的實作經驗。同時，課程也將結合理論講授與案例分享，協助學生理解各項製程在生物醫學與跨領域應用中的價值，並培養未來進行晶片開發與研究所需的基礎能力。\n彈性密集課程，第一堂課會先上理論。第二堂課至第四堂課皆為無塵室實務操作(全部課程皆務必實體出席)。\n自編講義和教材\n出席、期末報告\n出席(50%)、期末報告(50%)\n即便完全在無塵室作業或是對積體電路沒有背景的理工科系學生，這堂課程是非常棒的入門課程，不僅學到理論也學到實務。期末報告必須閱讀指定書籍(例如:晶片戰爭)，並製作一頁簡報進行錄影報告(約五到八分鐘)，分數的部分全部A+(100%)。""]","[{""User_ID"": ""User73132"", ""Semester"": ""114-1"", ""Rating_Quality"": null, ""Rating_Sweet"": null, ""Rating_Easy"": null, ""Rating_Rich"": null, ""Comment"": ""本課程為密集型訓練課程，透過實務操作與系上相關製程儀器（如曝光機、反應性離子蝕刻機、蒸鍍機等）的實際應用，讓學生深入了解微奈米製程的基本原理與步驟。課程著重於訓練學生製作生物微機電晶片、微流道晶片以及組織生物晶片的基礎元件，從光罩設計、薄膜沉積、圖案轉移到蝕刻成形，逐步建立完整的實作經驗。同時，課程也將結合理論講授與案例分享，協助學生理解各項製程在生物醫學與跨領域應用中的價值，並培養未來進行晶片開發與研究所需的基礎能力。\n彈性密集課程，第一堂課會先上理論。第二堂課至第四堂課皆為無塵室實務操作(全部課程皆務必實體出席)。\n自編講義和教材\n出席、期末報告\n出席(50%)、期末報告(50%)\n即便完全在無塵室作業或是對積體電路沒有背景的理工科系學生，這堂課程是非常棒的入門課程，不僅學到理論也學到實務。期末報告必須閱讀指定書籍(例如:晶片戰爭)，並製作一頁簡報進行錄影報告(約五到八分鐘)，分數的部分全部A+(100%)。""}]"
生物化學概論,陳力騏,生物機電工程學系、生物機電工程學研究所,3,114-2,17637,BME5925,,,,,"[""無評價""]",[]
生物系統模擬與分析,林達德,生物機電工程學系、生物機電工程學研究所,3,114-2,49729,BME5113,,,,,"[""無評價""]",[]
醫療器材設計概念,鄭宗記,生物機電工程學系、生物機電工程學研究所,3,114-2,30638,BME5416,,,,,"[""無評價""]",[]
普通昆蟲學下,蔡志偉,昆蟲學系,2,114-2,17256,ENT1010,,,,,"[""無評價""]",[]
普通昆蟲學實習下,蔡志偉,昆蟲學系,1,114-2,18665,ENT1012,5.0,5.0,2.0,2.0,"[""[User38290 | 109-2]: 操作實習、標本觀察、昆蟲解剖、野外採集、研究專題與專題報告等。\n投影片為主，偶有影片為輔，助教或教授偶爾會在旁邊補充內容。之後就是個人的實際操作。一次去成功高中蝴蝶宮參訪，另一次是去五峰旗校外教學。\n自編講義及投影片。\n作業：\n每週基本上都有作業。要善用拉線標注，這學期主要著重於不同昆蟲的型態比對。\n\n考試：\n沒有期中考，但有期末跑台，上課有認真聽講、考前有複習就很簡單。有上學期的基礎基本上都沒問題。助教出的題目都很佛心。\n\n報告：\n小組的專題報告，要設計實驗OuO\n實習作業：40%\n專題報告：20%\n標本 20 種：10%\n期末跑檯：30%""]","[{""User_ID"": ""User38290"", ""Semester"": ""109-2"", ""Rating_Quality"": null, ""Rating_Sweet"": null, ""Rating_Easy"": null, ""Rating_Rich"": null, ""Comment"": ""操作實習、標本觀察、昆蟲解剖、野外採集、研究專題與專題報告等。\n投影片為主，偶有影片為輔，助教或教授偶爾會在旁邊補充內容。之後就是個人的實際操作。一次去成功高中蝴蝶宮參訪，另一次是去五峰旗校外教學。\n自編講義及投影片。\n作業：\n每週基本上都有作業。要善用拉線標注，這學期主要著重於不同昆蟲的型態比對。\n\n考試：\n沒有期中考，但有期末跑台，上課有認真聽講、考前有複習就很簡單。有上學期的基礎基本上都沒問題。助教出的題目都很佛心。\n\n報告：\n小組的專題報告，要設計實驗OuO\n實習作業：40%\n專題報告：20%\n標本 20 種：10%\n期末跑檯：30%""}]"
昆蟲分類學下,蕭旭峰,昆蟲學系,2,114-2,28888,ENT3011,,,,,"[""無評價""]",[]
昆蟲分類學實習下,蕭旭峰,昆蟲學系,1,114-2,41267,ENT3013,,,,,"[""無評價""]",[]
農業藥劑學,黃榮南,昆蟲學系、植物醫學碩士學位學程,3,114-2,49636,ENT3007,,,,,"[""無評價""]",[]
蟲害管理,許如君,昆蟲學系、植物醫學碩士學位學程,3,114-2,24495,ENT4013,,,,,"[""無評價""]",[]
專題研究,蕭旭峰,昆蟲學系,2,114-2,37549,ENT4010,,,,,"[""無評價""]",[]
專題研究,張俊哲,昆蟲學系,2,114-2,17519,ENT4010,,,,,"[""無評價""]",[]
專題研究,黃榮南,昆蟲學系,2,114-2,56513,ENT4010,,,,,"[""無評價""]",[]
專題研究,許如君,昆蟲學系,2,114-2,17009,ENT4010,,,,,"[""無評價""]",[]
專題研究,奧山利規,昆蟲學系,2,114-2,41761,ENT4010,,,,,"[""無評價""]",[]
專題研究,蔡志偉,昆蟲學系,2,114-2,30013,ENT4010,,,,,"[""無評價""]",[]
專題研究,吳岳隆,昆蟲學系,2,114-2,44946,ENT4010,,,,,"[""無評價""]",[]
專題研究,薛馬坦,昆蟲學系,2,114-2,27661,ENT4010,,,,,"[""無評價""]",[]
專題研究,曾惠芸,昆蟲學系,2,114-2,34790,ENT4010,,,,,"[""無評價""]",[]
分子昆蟲學及實習,吳岳隆,昆蟲學系,3,114-2,26390,ENT5067,,,,,"[""無評價""]",[]
科學研究計畫管理,張俊哲,昆蟲學系、昆蟲學研究所、生物科技研究所、生命科學院、基因體與系統生物學學位學程,2,114-2,24414,ENT5045,4.5,4.5,4.0,1.5,"[""[User90639 | 113-1]: 書籍: 科學之路\n期末考，寫考卷，需熟讀科學之路這本書，及上課老師講的重點\n適合從事實驗室工作的同學，更適合在實驗中遇到困難想要心靈雞湯的人，老師授課就像聊天，心裡會很療育，但若頻道跟老師對不上會有點難理解老師的用心，我覺得期末考是一整本書範圍很大難準備，甚至還考名言佳句填空，但最後還是有拿到A+""]","[{""User_ID"": ""User90639"", ""Semester"": ""113-1"", ""Rating_Quality"": null, ""Rating_Sweet"": null, ""Rating_Easy"": null, ""Rating_Rich"": null, ""Comment"": ""書籍: 科學之路\n期末考，寫考卷，需熟讀科學之路這本書，及上課老師講的重點\n適合從事實驗室工作的同學，更適合在實驗中遇到困難想要心靈雞湯的人，老師授課就像聊天，心裡會很療育，但若頻道跟老師對不上會有點難理解老師的用心，我覺得期末考是一整本書範圍很大難準備，甚至還考名言佳句填空，但最後還是有拿到A+""}]"
生態研究法,奧山利規,昆蟲學系、昆蟲學研究所,3,114-2,36529,ENT5053,3.0,2.0,4.0,3.0,"[""[User76906 | 113-2]: Fun class""]","[{""User_ID"": ""User76906"", ""Semester"": ""113-2"", ""Rating_Quality"": null, ""Rating_Sweet"": null, ""Rating_Easy"": null, ""Rating_Rich"": null, ""Comment"": ""Fun class""}]"
"食用昆蟲學
A8",薛馬坦,昆蟲學系,2,114-2,39285,ENT5069,4.8,4.8,4.3,2.3,"[""[User39372 | 114-1]: Discussion + Attendance + 1 report + 1 project\nInteresting topic, the teacher is trying to make discussion between the students so everyone can share their thoughts. Don't need to have a lot of knowledge, just need to attend to the class and share your thought.""]","[{""User_ID"": ""User39372"", ""Semester"": ""114-1"", ""Rating_Quality"": null, ""Rating_Sweet"": null, ""Rating_Easy"": null, ""Rating_Rich"": null, ""Comment"": ""Discussion + Attendance + 1 report + 1 project\nInteresting topic, the teacher is trying to make discussion between the students so everyone can share their thoughts. Don't need to have a lot of knowledge, just need to attend to the class and share your thought.""}]"
昆蟲–微生物相互作用,薛馬坦,昆蟲學系、昆蟲學研究所,2,114-2,27648,ENT5071,,,,,"[""無評價""]",[]
昆蟲學概論下,薛馬坦,昆蟲學系、昆蟲學研究所,2,114-2,42265,ENT5073,,,,,"[""無評價""]",[]
遺傳學,陳穎練,植物病理與微生物學系,3,114-2,52379,PPM3016,,,,,"[""無評價""]",[]
植病研究法,鍾嘉綾,植物病理與微生物學系,2,114-2,27840,PPM2005,,,,,"[""無評價""]",[]
植病研究法實驗,鍾嘉綾,植物病理與微生物學系,1,114-2,50430,PPM3008,,,,,"[""無評價""]",[]
應用微生物學,沈湯龍,植物病理與微生物學系,3,114-2,45231,PPM3015,,,,,"[""無評價""]",[]
植病防治學,鍾嘉綾,植物病理與微生物學系,3,114-2,43434,PPM4001,,,,,"[""無評價""]",[]
非傳染性病害,孫岩章,植物病理與微生物學系、植物醫學碩士學位學程,2,114-2,33728,PPM5022,,,,,"[""無評價""]",[]
專題研究下,陳昭瑩,植物病理與微生物學系,2,114-2,50164,PPM5010,,,,,"[""無評價""]",[]
專題研究下,沈偉強,植物病理與微生物學系,2,114-2,21305,PPM5010,,,,,"[""無評價""]",[]
專題研究下,洪挺軒,植物病理與微生物學系,2,114-2,32241,PPM5010,,,,,"[""無評價""]",[]
專題研究下,沈湯龍,植物病理與微生物學系,2,114-2,24358,PPM5010,,,,,"[""無評價""]",[]
專題研究下,鍾嘉綾,植物病理與微生物學系,2,114-2,53398,PPM5010,,,,,"[""無評價""]",[]
專題研究下,陳穎練,植物病理與微生物學系,2,114-2,11007,PPM5010,,,,,"[""無評價""]",[]
專題研究下,歐海仁,植物病理與微生物學系,2,114-2,54178,PPM5010,,,,,"[""無評價""]",[]
專題研究下,張皓巽,植物病理與微生物學系,2,114-2,14369,PPM5010,,,,,"[""無評價""]",[]
植物病害與診斷,鍾嘉綾,植物病理與微生物學系,3,114-2,59603,PPM5013,,,,,"[""無評價""]",[]
真菌採集與鑑定,朱宇敏,植物病理與微生物學系、植物病理與微生物學研究所,3,114-2,55744,PPM5076,,,,,"[""無評價""]",[]
細胞生物學,沈湯龍,植物病理與微生物學系,3,114-2,28783,PPM5001,1.0,2.0,5.0,0.5,"[""[User54965 | 109-2]: The cell\nPpt\n好幾年都沒更新的ppt\n期中期末開書考\n記得要畫圖\n期中/期末：50/50""]","[{""User_ID"": ""User54965"", ""Semester"": ""109-2"", ""Rating_Quality"": null, ""Rating_Sweet"": null, ""Rating_Easy"": null, ""Rating_Rich"": null, ""Comment"": ""The cell\nPpt\n好幾年都沒更新的ppt\n期中期末開書考\n記得要畫圖\n期中/期末：50/50""}]"
真菌分類、類緣及演化,歐海仁,植物病理與微生物學系,3,114-2,20832,PPM5075,,,,,"[""無評價""]",[]
專題研究,廖振鐸,農藝學研究所,2,114-2,59859,Agron8001,,,,,"[""無評價""]",[]
專題研究,常玉強,農藝學研究所,2,114-2,22696,Agron8001,,,,,"[""無評價""]",[]
專題研究,黃文達,農藝學研究所,2,114-2,26490,Agron8001,,,,,"[""無評價""]",[]
專題研究,王淑珍,農藝學研究所、全球農業科技與基因體科學碩士學位學程,2,114-2,48790,Agron8001,,,,,"[""無評價""]",[]
專題研究,劉力瑜,農藝學研究所、全球農業科技與基因體科學碩士學位學程,2,114-2,56585,Agron8001,,,,,"[""無評價""]",[]
專題研究,陳凱儀,農藝學研究所,2,114-2,43036,Agron8001,,,,,"[""無評價""]",[]
專題研究,林彥蓉,農藝學研究所,2,114-2,43064,Agron8001,,,,,"[""無評價""]",[]
專題研究,蔡政安,農藝學研究所,2,114-2,35712,Agron8001,,,,,"[""無評價""]",[]
專題研究,董致韡,農藝學研究所、全球農業科技與基因體科學碩士學位學程,2,114-2,38903,Agron8001,,,,,"[""無評價""]",[]
專題研究,蔡育彰,農藝學研究所,2,114-2,17318,Agron8001,,,,,"[""無評價""]",[]
專題研究,莊汶博,農藝學研究所,2,114-2,52523,Agron8001,,,,,"[""無評價""]",[]
專題研究,黃永芬,農藝學研究所,2,114-2,21309,Agron8001,,,,,"[""無評價""]",[]
專題研究,蔡欣甫,農藝學研究所,2,114-2,54961,Agron8001,,,,,"[""無評價""]",[]
專題研究,林雅芬,農藝學研究所,2,114-2,25969,Agron8001,,,,,"[""無評價""]",[]
專題研究,林維怡,農藝學研究所,2,114-2,20159,Agron8001,,,,,"[""無評價""]",[]
專題研究,邱春火,農藝學研究所,2,114-2,25282,Agron8001,,,,,"[""無評價""]",[]
專題研究,陳虹諺,農藝學研究所,2,114-2,26336,Agron8001,,,,,"[""無評價""]",[]
高等作物育種學,黃永芬,作物科學組,3,114-2,38586,Agron7005,,,,,"[""無評價""]",[]
專題討論,陳虹諺,生物統計學組,1,114-2,20454,Agron8002,,,,,"[""無評價""]",[]
專題討論,廖國偉,生物環境系統工程學系、生物環境系統工程學研究所,1,114-2,38120,BSE8001,,,,,"[""無評價""]",[]
專題討論,蕭友晉,生物環境系統工程學系、生物環境系統工程學研究所,1,114-2,11699,BSE7001,,,,,"[""無評價""]",[]
書報研讀二,江莉琦,生物環境系統工程學系、生物環境系統工程學研究所,2,114-2,45567,BSE7003,,,,,"[""無評價""]",[]
書報研讀二,潘述元,生物環境系統工程學系、生物環境系統工程學研究所,2,114-2,40758,BSE7003,,,,,"[""無評價""]",[]
書報研讀二,吳富春,生物環境系統工程學系、生物環境系統工程學研究所,2,114-2,21272,BSE7003,,,,,"[""無評價""]",[]
書報研讀二,蔡瑞彬,生物環境系統工程學系、生物環境系統工程學研究所,2,114-2,32054,BSE7003,,,,,"[""無評價""]",[]
書報研讀二,蕭友晉,生物環境系統工程學系、生物環境系統工程學研究所,2,114-2,27627,BSE7003,,,,,"[""無評價""]",[]
書報研讀二,廖秀娟,生物環境系統工程學系、生物環境系統工程學研究所,2,114-2,28463,BSE7003,,,,,"[""無評價""]",[]
書報研讀二,童慶斌,生物環境系統工程學系、生物環境系統工程學研究所,2,114-2,21440,BSE7003,,,,,"[""無評價""]",[]
書報研讀二,張倉榮,生物環境系統工程學系、生物環境系統工程學研究所,2,114-2,33979,BSE7003,,,,,"[""無評價""]",[]
書報研讀二,林裕彬,生物環境系統工程學系、生物環境系統工程學研究所,2,114-2,18709,BSE7003,,,,,"[""無評價""]",[]
書報研讀二,謝正義,生物環境系統工程學系、生物環境系統工程學研究所,2,114-2,13050,BSE7003,,,,,"[""無評價""]",[]
書報研讀二,余化龍,生物環境系統工程學系、生物環境系統工程學研究所,2,114-2,39614,BSE7003,,,,,"[""無評價""]",[]
書報研讀二,任秀慧,生物環境系統工程學系、生物環境系統工程學研究所,2,114-2,48967,BSE7003,,,,,"[""無評價""]",[]
書報研讀二,胡明哲,生物環境系統工程學系、生物環境系統工程學研究所,2,114-2,16664,BSE7003,,,,,"[""無評價""]",[]
書報研讀二,黃國倉,生物環境系統工程學系、生物環境系統工程學研究所,2,114-2,28958,BSE7003,,,,,"[""無評價""]",[]
書報研讀二,范致豪,生物環境系統工程學系、生物環境系統工程學研究所,2,114-2,47599,BSE7003,,,,,"[""無評價""]",[]
書報研讀二,許少瑜,生物環境系統工程學系、生物環境系統工程學研究所,2,114-2,26136,BSE7003,,,,,"[""無評價""]",[]
書報研讀二,廖國偉,生物環境系統工程學系、生物環境系統工程學研究所,2,114-2,57636,BSE7003,,,,,"[""無評價""]",[]
環境有機化學二,施養信,農業化學研究所,2,114-2,39200,AC7031,,,,,"[""無評價""]",[]
土壤物理化學,王尚禮,農業化學系、農業化學研究所,2,114-2,46397,AC5054,,,,,"[""無評價""]",[]
專題研究四,顏瑞泓,農業化學研究所,2,114-2,43436,AC8005,,,,,"[""無評價""]",[]
專題研究四,蘇南維,農業化學研究所,2,114-2,38720,AC8005,,,,,"[""無評價""]",[]
專題研究四,王尚禮,農業化學研究所,2,114-2,40980,AC8005,,,,,"[""無評價""]",[]
專題研究四,施養信,農業化學研究所,2,114-2,57914,AC8005,,,,,"[""無評價""]",[]
專題研究四,許正一,農業化學研究所,2,114-2,33670,AC8005,,,,,"[""無評價""]",[]
專題研究四,洪傳揚,農業化學研究所,2,114-2,30362,AC8005,,,,,"[""無評價""]",[]
專題研究四,徐駿森,農業化學研究所,2,114-2,44326,AC8005,,,,,"[""無評價""]",[]
專題研究四,吳蕙芬,農業化學研究所,2,114-2,14802,AC8005,,,,,"[""無評價""]",[]
專題研究四,林乃君,農業化學研究所,2,114-2,21375,AC8005,,,,,"[""無評價""]",[]
專題研究四,陳佩貞,農業化學研究所,2,114-2,14303,AC8005,,,,,"[""無評價""]",[]
專題研究四,羅凱尹,農業化學研究所,2,114-2,53983,AC8005,,,,,"[""無評價""]",[]
專題討論,羅凱尹,農業化學研究所,1,114-2,20763,AC8001,,,,,"[""無評價""]",[]
專題討論,吳蕙芬,農業化學研究所,1,114-2,30258,AC7001,,,,,"[""無評價""]",[]
專題討論,袁孝維,森林環境暨資源學研究所,1,114-2,48869,Forest8000,,,,,"[""無評價""]",[]
專題討論,柯淳涵,森林環境暨資源學研究所,1,114-2,56997,Forest8000,,,,,"[""無評價""]",[]
專題研究,袁孝維,森林環境暨資源學研究所、生物多樣性國際碩士學位學程,1,114-2,10960,Forest7001,,,,,"[""無評價""]",[]
專題研究,蔡明哲,森林環境暨資源學研究所,1,114-2,14699,Forest7001,,,,,"[""無評價""]",[]
專題研究,柯淳涵,森林環境暨資源學研究所,1,114-2,34204,Forest7001,,,,,"[""無評價""]",[]
專題研究,盧道杰,森林環境暨資源學研究所、生物多樣性國際碩士學位學程,1,114-2,26496,Forest7001,,,,,"[""無評價""]",[]
專題研究,丁宗蘇,森林環境暨資源學研究所、生物多樣性國際碩士學位學程,1,114-2,22362,Forest7001,,,,,"[""無評價""]",[]
專題研究,曲芳華,森林環境暨資源學研究所,1,114-2,36323,Forest7001,,,,,"[""無評價""]",[]
專題研究,張惠婷,森林環境暨資源學研究所,1,114-2,51873,Forest7001,,,,,"[""無評價""]",[]
專題研究,林法勤,森林環境暨資源學研究所,1,114-2,52369,Forest7001,,,,,"[""無評價""]",[]
專題研究,鄭智馨,森林環境暨資源學研究所,1,114-2,50291,Forest7001,,,,,"[""無評價""]",[]
專題研究,鍾國芳,森林環境暨資源學研究所,1,114-2,22312,Forest7001,,,,,"[""無評價""]",[]
專題研究,梁偉立,森林環境暨資源學研究所,1,114-2,56406,Forest7001,,,,,"[""無評價""]",[]
專題研究,張豐丞,森林環境暨資源學研究所,1,114-2,39502,Forest7001,,,,,"[""無評價""]",[]
專題研究,余家斌,森林環境暨資源學研究所,1,114-2,19019,Forest7001,,,,,"[""無評價""]",[]
專題研究,劉奇璋,森林環境暨資源學研究所、生物多樣性國際碩士學位學程,1,114-2,53585,Forest7001,,,,,"[""無評價""]",[]
專題研究,鄭舒婷,森林環境暨資源學研究所,1,114-2,37132,Forest7001,,,,,"[""無評價""]",[]
專題研究,中井太郎,森林環境暨資源學研究所,1,114-2,22132,Forest7001,,,,,"[""無評價""]",[]
專題研究,羅南德,森林環境暨資源學研究所,1,114-2,19598,Forest7001,,,,,"[""無評價""]",[]
森林食植行為,鹿兒陽,森林環境暨資源學研究所,3,114-2,56161,Forest7018,,,,,"[""無評價""]",[]
木質環境學,蔡明哲,森林環境暨資源學研究所,2,114-2,57017,Forest7022,,,,,"[""無評價""]",[]
生物材料物性研究分析,張豐丞,森林環境暨資源學研究所,3,114-2,26205,Forest7059,,,,,"[""無評價""]",[]
環境教育特論,劉奇璋,森林環境暨資源學研究所,3,114-2,25957,Forest7066,,,,,"[""無評價""]",[]
動態決策支援系統研究法,鄭舒婷,森林環境暨資源學研究所,3,114-2,48902,Forest7076,,,,,"[""無評價""]",[]
不完全菌之多樣性,羅南德,森林環境暨資源學研究所,3,114-2,45761,Forest7077,,,,,"[""無評價""]",[]
森林微氣象研究特論,中井太郎,森林環境暨資源學研究所,3,114-2,30894,Forest7079,,,,,"[""無評價""]",[]
專題討論,蔡明哲,森林環境暨資源學研究所,1,114-2,37933,Forest8000,,,,,"[""無評價""]",[]
專題討論,曲芳華,森林環境暨資源學研究所,1,114-2,44728,Forest7000,,,,,"[""無評價""]",[]
自然保護區的議題與研究,盧道杰,森林環境暨資源學研究所,3,114-2,54811,Forest7010,,,,,"[""無評價""]",[]
專題討論,陳明汝,動物科學技術學研究所,1,114-2,10979,AniSci8002,,,,,"[""無評價""]",[]
專題討論,王佩華,動物科學技術學研究所,1,114-2,41859,AniSci7001,,,,,"[""無評價""]",[]
專題討論,吳信志,動物科學技術學研究所,1,114-2,19656,AniSci7001,,,,,"[""無評價""]",[]
專題討論,朱有田,動物科學技術學研究所,1,114-2,43305,AniSci7001,,,,,"[""無評價""]",[]
專題討論,陳靜宜,動物科學技術學研究所,1,114-2,46133,AniSci8002,,,,,"[""無評價""]",[]
專題討論,王翰聰,動物科學技術學研究所,1,114-2,31060,AniSci7001,,,,,"[""無評價""]",[]
專題討論,蘇忠楨,動物科學技術學研究所,1,114-2,10884,AniSci7001,,,,,"[""無評價""]",[]
專題討論,林恩仲,動物科學技術學研究所,1,114-2,27296,AniSci8002,,,,,"[""無評價""]",[]
專題討論,魏恒巍,動物科學技術學研究所,1,114-2,22738,AniSci7001,,,,,"[""無評價""]",[]
專題討論,王聖耀,動物科學技術學研究所,1,114-2,49905,AniSci7001,,,,,"[""無評價""]",[]
專題討論,林原佑,動物科學技術學研究所,1,114-2,43597,AniSci7001,,,,,"[""無評價""]",[]
幹細胞學,吳信志,動物科學技術學研究所,3,114-2,37912,AniSci7024,3.5,5.0,2.0,2.0,"[""[User64874 | 110-2]: 每週會看一篇論文，老師會請每個人輪流一段一段翻譯。\n一些論文\n最後要報一個論文，寫一份書面報告。\n人很少，基本上讓老師記得你就可以拿高分。\n上課人數很少，老師應該單純用課堂參與度評分。""]","[{""User_ID"": ""User64874"", ""Semester"": ""110-2"", ""Rating_Quality"": null, ""Rating_Sweet"": null, ""Rating_Easy"": null, ""Rating_Rich"": null, ""Comment"": ""每週會看一篇論文，老師會請每個人輪流一段一段翻譯。\n一些論文\n最後要報一個論文，寫一份書面報告。\n人很少，基本上讓老師記得你就可以拿高分。\n上課人數很少，老師應該單純用課堂參與度評分。""}]"
專題研究,陳億乘,動物科學技術學研究所、全球農業科技與基因體科學碩士學位學程,1,114-2,54831,ATGS7210,,,,,"[""無評價""]",[]
動物之代謝調節,陳靜宜,動物科學技術學研究所,3,114-2,54202,AniSci7008,,,,,"[""無評價""]",[]
動物生理學特論,邱智賢,動物科學技術學研究所,3,114-2,55901,AniSci8019,,,,,"[""無評價""]",[]
專題研究四,雷立芬,農業經濟學研究所,2,114-2,29676,AGEC7070,,,,,"[""無評價""]",[]
專題研究四,張宏浩,農業經濟學研究所,2,114-2,10814,AGEC7070,,,,,"[""無評價""]",[]
專題研究四,劉鋼,農業經濟學研究所,2,114-2,13617,AGEC7070,,,,,"[""無評價""]",[]
專題研究四,羅竹平,農業經濟學研究所,2,114-2,57674,AGEC7070,,,,,"[""無評價""]",[]
專題研究四,楊豐安,農業經濟學研究所,2,114-2,24885,AGEC7070,,,,,"[""無評價""]",[]
專題研究四,石曜合,農業經濟學研究所,2,114-2,42899,AGEC7070,,,,,"[""無評價""]",[]
專題研究四,何率慈,農業經濟學研究所,2,114-2,29796,AGEC7070,,,,,"[""無評價""]",[]
專題研究四,陳暐,農業經濟學研究所,2,114-2,19193,AGEC7070,,,,,"[""無評價""]",[]
應用統計學,陳郁蕙,農業經濟學研究所,3,114-2,32750,AGEC7126,,,,,"[""無評價""]",[]
專題研究四,陳郁蕙,農業經濟學研究所,1,114-2,10329,AGEC7070,,,,,"[""無評價""]",[]
專題研究二,徐源泰,園藝暨景觀學研究所,1,114-2,10137,HORT7014,,,,,"[""無評價""]",[]
專題研究二,張育森,園藝暨景觀學研究所,1,114-2,32128,HORT8022,,,,,"[""無評價""]",[]
專題研究二,葉德銘,園藝暨景觀學研究所,1,114-2,57275,HORT8022,,,,,"[""無評價""]",[]
專題研究二,張俊彥,園藝暨景觀學研究所,1,114-2,17115,HORT8022,,,,,"[""無評價""]",[]
專題研究二,張耀乾,園藝暨景觀學研究所,1,114-2,54537,HORT8022,,,,,"[""無評價""]",[]
專題研究二,楊雯如,園藝暨景觀學研究所,1,114-2,56701,HORT8022,,,,,"[""無評價""]",[]
專題研究二,杜宜殷,園藝暨景觀學研究所,1,114-2,44262,HORT8022,,,,,"[""無評價""]",[]
專題研究二,吳俊達,園藝暨景觀學研究所,1,114-2,58370,HORT8022,,,,,"[""無評價""]",[]
專題研究二,陳惠美,園藝暨景觀學研究所,1,114-2,40045,HORT8022,,,,,"[""無評價""]",[]
專題研究二,李國譚,園藝暨景觀學研究所,1,114-2,22551,HORT8022,,,,,"[""無評價""]",[]
專題研究二,鄭佳昆,園藝暨景觀學研究所,1,114-2,29350,HORT8022,,,,,"[""無評價""]",[]
專題研究二,林寶秀,園藝暨景觀學研究所,1,114-2,20803,HORT8022,,,,,"[""無評價""]",[]
專題研究二,吳思節,園藝暨景觀學研究所,1,114-2,38468,HORT8022,,,,,"[""無評價""]",[]
專題研究二,林淑怡,園藝暨景觀學研究所,1,114-2,54752,HORT8022,,,,,"[""無評價""]",[]
專題研究二,許富鈞,園藝暨景觀學研究所,1,114-2,18170,HORT8022,,,,,"[""無評價""]",[]
專題研究二,林書妍,園藝暨景觀學研究所,1,114-2,58900,HORT8022,,,,,"[""無評價""]",[]
專題研究二,張伯茹,園藝暨景觀學研究所,1,114-2,10392,HORT8022,,,,,"[""無評價""]",[]
專題研究二,官彥州,園藝暨景觀學研究所,1,114-2,29414,HORT8022,,,,,"[""無評價""]",[]
專題研究四,徐源泰,園藝暨景觀學研究所,1,114-2,15424,HORT7016,,,,,"[""無評價""]",[]
專題研究四,張育森,園藝暨景觀學研究所,1,114-2,50183,HORT8024,,,,,"[""無評價""]",[]
專題研究四,葉德銘,園藝暨景觀學研究所,1,114-2,51428,HORT8024,,,,,"[""無評價""]",[]
專題研究四,張俊彥,園藝暨景觀學研究所,1,114-2,34454,HORT8024,,,,,"[""無評價""]",[]
專題研究四,張耀乾,園藝暨景觀學研究所,1,114-2,19474,HORT8024,,,,,"[""無評價""]",[]
專題研究四,楊雯如,園藝暨景觀學研究所,1,114-2,21844,HORT8024,,,,,"[""無評價""]",[]
專題研究四,杜宜殷,園藝暨景觀學研究所,1,114-2,26397,HORT8024,,,,,"[""無評價""]",[]
專題研究四,吳俊達,園藝暨景觀學研究所,1,114-2,27797,HORT8024,,,,,"[""無評價""]",[]
專題研究四,陳惠美,園藝暨景觀學研究所,1,114-2,21677,HORT8024,,,,,"[""無評價""]",[]
專題研究四,李國譚,園藝暨景觀學研究所,1,114-2,56138,HORT8024,,,,,"[""無評價""]",[]
專題研究四,鄭佳昆,園藝暨景觀學研究所,1,114-2,19902,HORT8024,,,,,"[""無評價""]",[]
專題研究四,林寶秀,園藝暨景觀學研究所,1,114-2,52033,HORT8024,,,,,"[""無評價""]",[]
專題研究四,吳思節,園藝暨景觀學研究所,1,114-2,59796,HORT8024,,,,,"[""無評價""]",[]
專題研究四,林淑怡,園藝暨景觀學研究所,1,114-2,15408,HORT8024,,,,,"[""無評價""]",[]
專題研究四,許富鈞,園藝暨景觀學研究所,1,114-2,34016,HORT8024,,,,,"[""無評價""]",[]
專題研究四,林書妍,園藝暨景觀學研究所,1,114-2,18413,HORT8024,,,,,"[""無評價""]",[]
專題研究四,張伯茹,園藝暨景觀學研究所,1,114-2,21551,HORT8024,,,,,"[""無評價""]",[]
專題研究四,官彥州,園藝暨景觀學研究所,1,114-2,19273,HORT8024,,,,,"[""無評價""]",[]
專題討論一,許富鈞,園藝暨景觀學研究所、園藝作物組,1,114-2,42929,HORT8001,,,,,"[""無評價""]",[]
專題討論一,葉德銘,園藝暨景觀學研究所、園藝作物組,1,114-2,51158,HORT8001,,,,,"[""無評價""]",[]
專題討論一,吳俊達,園藝暨景觀學研究所、園藝作物組,1,114-2,46663,HORT8001,,,,,"[""無評價""]",[]
專題討論一,吳思節,園藝暨景觀學研究所、園產品處理及利用組,1,114-2,38289,HORT8001,,,,,"[""無評價""]",[]
專題討論二,許富鈞,園藝暨景觀學研究所、園藝作物組,1,114-2,25818,HORT8002,,,,,"[""無評價""]",[]
專題討論二,葉德銘,園藝暨景觀學研究所、園藝作物組,1,114-2,40325,HORT8002,,,,,"[""無評價""]",[]
專題討論二,吳俊達,園藝暨景觀學研究所、園藝作物組,1,114-2,40198,HORT8002,,,,,"[""無評價""]",[]
專題討論二,吳思節,園藝暨景觀學研究所、園產品處理及利用組,1,114-2,45913,HORT8002,,,,,"[""無評價""]",[]
書報研讀二,杜宜殷,園藝暨景觀學研究所、園藝作物組,1,114-2,19550,HORT8004,,,,,"[""無評價""]",[]
高級果樹學一,李國譚,園藝作物組,3,114-2,11113,HORT7003,,,,,"[""無評價""]",[]
高級蔬菜學,林淑怡,園藝作物組,3,114-2,28237,HORT7005,,,,,"[""無評價""]",[]
高級花卉學,張耀乾,園藝作物組,3,114-2,38096,HORT7006,,,,,"[""無評價""]",[]
園藝學研究法二,吳俊達,園藝作物組、園產品處理及利用組,3,114-2,26012,HORT7024,,,,,"[""無評價""]",[]
作物栽培特論,李國譚,園藝暨景觀學系、園藝作物組、植物醫學碩士學位學程,3,114-2,14740,HORT5065,,,,,"[""無評價""]",[]
園產品鑑別技術特論二,曾文聖,園產品處理及利用組,3,114-2,19690,HORT7028,,,,,"[""無評價""]",[]
農產加工產業實務特論二,吳思節,園產品處理及利用組,2,114-2,19587,HORT7036,,,,,"[""無評價""]",[]
高級造園學,陳惠美,園藝暨景觀學研究所、景觀暨休憩組,3,114-2,59355,HORT7009,,,,,"[""無評價""]",[]
景觀研究計量方法,鄭佳昆,園藝暨景觀學研究所、景觀暨休憩組,3,114-2,45875,HORT7017,,,,,"[""無評價""]",[]
專題研究二,詹東榮,獸醫學研究所,1,114-2,55748,VM8006,,,,,"[""無評價""]",[]
專題研究二,張芳嘉,獸醫學研究所,1,114-2,43616,VM8006,,,,,"[""無評價""]",[]
專題研究二,周崇熙,獸醫學研究所,1,114-2,14271,VM8006,,,,,"[""無評價""]",[]
專題研究二,廖泰慶,獸醫學研究所,1,114-2,56788,VM8006,,,,,"[""無評價""]",[]
專題研究二,葉光勝,獸醫學研究所,1,114-2,37208,VM8006,,,,,"[""無評價""]",[]
專題研究二,林辰栖,獸醫學研究所,1,114-2,45133,VM8006,,,,,"[""無評價""]",[]
專題研究二,陳慧文,獸醫學研究所,1,114-2,14702,VM8006,,,,,"[""無評價""]",[]
專題研究二,蔡沛學,獸醫學研究所,1,114-2,27554,VM8006,,,,,"[""無評價""]",[]
專題研究二,林翰佑,獸醫學研究所,1,114-2,27735,VM8006,,,,,"[""無評價""]",[]
專題研究二,蕭逸澤,獸醫學研究所,1,114-2,20448,VM8006,,,,,"[""無評價""]",[]
專題研究二,楊瑋誠,獸醫學研究所,1,114-2,17570,VM8006,,,,,"[""無評價""]",[]
專題研究二,王家琪,獸醫學研究所,1,114-2,36768,VM8006,,,,,"[""無評價""]",[]
專題研究二,楊文淵,獸醫學研究所,1,114-2,26514,VM8006,,,,,"[""無評價""]",[]
專題研究二,吳乃慧,獸醫學研究所,1,114-2,29330,VM8006,,,,,"[""無評價""]",[]
專題研究四,詹東榮,獸醫學研究所,1,114-2,30059,VM8008,,,,,"[""無評價""]",[]
專題研究四,張芳嘉,獸醫學研究所,1,114-2,25688,VM8008,,,,,"[""無評價""]",[]
專題研究四,周崇熙,獸醫學研究所,1,114-2,20274,VM8008,,,,,"[""無評價""]",[]
專題研究四,廖泰慶,獸醫學研究所,1,114-2,13113,VM8008,,,,,"[""無評價""]",[]
專題研究四,葉光勝,獸醫學研究所,1,114-2,19482,VM7008,,,,,"[""無評價""]",[]
專題研究四,林辰栖,獸醫學研究所,1,114-2,41643,VM8008,,,,,"[""無評價""]",[]
專題研究四,陳慧文,獸醫學研究所,1,114-2,17699,VM8008,,,,,"[""無評價""]",[]
專題研究四,蔡沛學,獸醫學研究所,1,114-2,11272,VM8008,,,,,"[""無評價""]",[]
專題研究四,林翰佑,獸醫學研究所,1,114-2,44792,VM8008,,,,,"[""無評價""]",[]
專題研究四,蕭逸澤,獸醫學研究所,1,114-2,38753,VM8008,,,,,"[""無評價""]",[]
專題研究四,楊瑋誠,獸醫學研究所,1,114-2,10349,VM7008,,,,,"[""無評價""]",[]
專題研究四,王家琪,獸醫學研究所,1,114-2,23107,VM8008,,,,,"[""無評價""]",[]
專題研究四,楊文淵,獸醫學研究所,1,114-2,18256,VM7008,,,,,"[""無評價""]",[]
專題研究四,吳乃慧,獸醫學研究所,1,114-2,22548,VM8008,,,,,"[""無評價""]",[]
公衛組專題討論二,周崇熙,獸醫學研究所,1,114-2,18136,VM7022,,,,,"[""無評價""]",[]
公衛組專題討論四,周崇熙,獸醫學研究所,1,114-2,21989,VM7024,,,,,"[""無評價""]",[]
高等獸醫細菌學一下,周崇熙,獸醫學研究所,1,114-2,27767,VM7033,,,,,"[""無評價""]",[]
免疫毒理學特論,詹東榮,獸醫學研究所,2,114-2,37800,VM7093,,,,,"[""無評價""]",[]
保育醫學特論,楊瑋誠,獸醫學研究所,2,114-2,18151,VM7100,,,,,"[""無評價""]",[]
動物園與野生動物疾病學,余品奐,獸醫學研究所,2,114-2,11593,VM5043,,,,,"[""無評價""]",[]
癌症生物及免疫學特論,林辰栖,獸醫學研究所,2,114-2,55041,VM5058,,,,,"[""無評價""]",[]
小動物行為醫學特論,王儷蒨,獸醫學系、獸醫學研究所、臨床動物醫學研究所、分子暨比較病理生物學研究所,2,114-2,15196,VM5098,,,,,"[""無評價""]",[]
小動物超音波影像學,李雅珍,獸醫學系、獸醫學研究所,1,114-2,57331,VM5107,,,,,"[""無評價""]",[]
獸醫輻射生物及腫瘤學,李繼忠,獸醫學系、獸醫學研究所、臨床動物醫學研究所、分子暨比較病理生物學研究所,2,114-2,27790,VCS5006,,,,,"[""無評價""]",[]
專題研究二,林中天,獸醫學研究所、臨床動物醫學研究所,1,114-2,32313,VM8006,,,,,"[""無評價""]",[]
專題研究二,蘇璧伶,獸醫學研究所、臨床動物醫學研究所,1,114-2,54339,VM8006,,,,,"[""無評價""]",[]
專題研究二,萬灼華,獸醫學研究所、分子暨比較病理生物學研究所,1,114-2,12898,VM8006,,,,,"[""無評價""]",[]
專題研究二,王儷蒨,獸醫學研究所、臨床動物醫學研究所,1,114-2,53920,VM8006,,,,,"[""無評價""]",[]
專題研究二,李雅珍,獸醫學研究所、臨床動物醫學研究所,1,114-2,43930,VM8006,,,,,"[""無評價""]",[]
專題研究二,武敬和,獸醫學研究所、臨床動物醫學研究所,1,114-2,30491,VM8006,,,,,"[""無評價""]",[]
專題研究二,張惠雯,獸醫學研究所、分子暨比較病理生物學研究所,1,114-2,15388,VM8006,,,,,"[""無評價""]",[]
專題研究二,余品奐,獸醫學研究所、臨床動物醫學研究所,1,114-2,41051,VM8006,,,,,"[""無評價""]",[]
專題研究二,江逸凡,獸醫學研究所、分子暨比較病理生物學研究所,1,114-2,15344,VM8006,,,,,"[""無評價""]",[]
專題研究二,王尚麟,獸醫學研究所、臨床動物醫學研究所,1,114-2,55566,VM8006,,,,,"[""無評價""]",[]
專題研究二,黃威翔,獸醫學研究所、分子暨比較病理生物學研究所,1,114-2,57884,VM8006,,,,,"[""無評價""]",[]
專題研究二,張晏禎,獸醫學研究所、分子暨比較病理生物學研究所,1,114-2,21344,VM8006,,,,,"[""無評價""]",[]
專題研究四,林中天,獸醫學研究所、臨床動物醫學研究所,1,114-2,58167,VM8008,,,,,"[""無評價""]",[]
專題研究四,李雅珍,獸醫學研究所、臨床動物醫學研究所,1,114-2,32107,VCS7004,,,,,"[""無評價""]",[]
專題研究四,張惠雯,獸醫學研究所、分子暨比較病理生物學研究所,1,114-2,32178,VM8008,,,,,"[""無評價""]",[]
專題研究二,梁朝雲,生物產業傳播暨發展學系、生物產業傳播暨發展學研究所,2,114-2,38566,BICD8011,,,,,"[""無評價""]",[]
農業智財策略及研究方法,王俊傑,生物產業傳播暨發展學研究所,3,114-2,30080,BICD7150,,,,,"[""無評價""]",[]
農業生態與永續性,郭蕙如,生物產業傳播暨發展學系、生物產業傳播暨發展學研究所,3,114-2,47545,BICD5083,,,,,"[""無評價""]",[]
專題研究,陳力騏,生物機電工程學研究所,2,114-2,54478,BME4201,,,,,"[""無評價""]",[]
專題研究,鄭宗記,生物機電工程學研究所,2,114-2,32736,BME4201,,,,,"[""無評價""]",[]
專題研究,黃振康,生物機電工程學研究所,2,114-2,43166,BME4201,,,,,"[""無評價""]",[]
專題研究,廖國基,生物機電工程學研究所,2,114-2,39937,BME4201,,,,,"[""無評價""]",[]
專題研究,郭彥甫,生物機電工程學研究所,2,114-2,43465,BME4201,,,,,"[""無評價""]",[]
專題研究,侯詠德,生物機電工程學研究所,2,114-2,35995,BME4201,,,,,"[""無評價""]",[]
生物微機電工程之外國文獻導讀 一,盧彥文,生物機電工程學研究所,1,114-2,11322,BME7910,,,,,"[""無評價""]",[]
試驗設計之工程應用,周呈霙,生物機電工程學研究所、統計碩士學位學程,3,114-2,55162,BME7902,,,,,"[""無評價""]",[]
專題研究,林達德,生物機電工程學系、生物機電工程學系、生物機電工程學系、生物機電工程學系、生物機電工程學系、生物機電工程學系、生物機電工程學系、生物機電工程學系、生物機電工程學研究所、生物機電工程學研究所、生物機電工程學研究所、生物機電工程學研究所、生物機電工程學研究所、生物機電工程學研究所、生物機電工程學研究所、生物機電工程學研究所、生物機電工程學研究所、生物機電工程學研究所,2,114-2,19495,BME4201,,,,,"[""無評價""]",[]
無線感測器網路技術特論,江昭皚,生物機電工程學研究所,3,114-2,29934,BME8403,,,,,"[""無評價""]",[]
植物病理與微生物學專論下,陳昭瑩,植物病理與微生物學系、植物病理與微生物學研究所,2,114-2,54826,PPM7014,,,,,"[""無評價""]",[]
植物病理與微生物學專論下,沈偉強,植物病理與微生物學系、植物病理與微生物學研究所,2,114-2,41363,PPM7014,,,,,"[""無評價""]",[]
植物病理與微生物學專論下,洪挺軒,植物病理與微生物學系、植物病理與微生物學研究所,2,114-2,52196,PPM7014,,,,,"[""無評價""]",[]
植物病理與微生物學專論下,沈湯龍,植物病理與微生物學系、植物病理與微生物學研究所,2,114-2,33232,PPM7014,,,,,"[""無評價""]",[]
植物病理與微生物學專論下,鍾嘉綾,植物病理與微生物學系、植物病理與微生物學研究所,2,114-2,37638,PPM7014,,,,,"[""無評價""]",[]
植物病理與微生物學專論下,陳穎練,植物病理與微生物學系、植物病理與微生物學研究所,2,114-2,55463,PPM7014,,,,,"[""無評價""]",[]
植物病理與微生物學專論下,歐海仁,植物病理與微生物學系、植物病理與微生物學研究所,2,114-2,27828,PPM7014,,,,,"[""無評價""]",[]
植物病理與微生物學專論下,張皓巽,植物病理與微生物學系、植物病理與微生物學研究所,2,114-2,36994,PPM7014,,,,,"[""無評價""]",[]
專題研究二,鄭光成,食品科技研究所,1,114-2,11001,FOOD8003,,,,,"[""無評價""]",[]
專題研究二,丁俞文,食品科技研究所,1,114-2,32510,FOOD8003,,,,,"[""無評價""]",[]
專題研究二,陳宏彰,食品科技研究所,1,114-2,11998,FOOD8003,,,,,"[""無評價""]",[]
專題研究二,潘敏雄,食品科技研究所,1,114-2,16494,FOOD8003,,,,,"[""無評價""]",[]
專題研究二,陳時欣,食品科技研究所,1,114-2,10560,FOOD8003,,,,,"[""無評價""]",[]
專題研究二,沈立言,食品科技研究所,1,114-2,18739,FOOD8003,,,,,"[""無評價""]",[]
專題研究二,呂廷璋,食品科技研究所,1,114-2,46567,FOOD8003,,,,,"[""無評價""]",[]
專題研究二,羅翊禎,食品科技研究所,1,114-2,51522,FOOD8003,,,,,"[""無評價""]",[]
專題研究二,謝淑貞,食品科技研究所,1,114-2,19389,FOOD8003,,,,,"[""無評價""]",[]
食品物性學,陳時欣,食品科技研究所,2,114-2,40626,FOOD7207,,,,,"[""無評價""]",[]
食品細胞分子生物方法學,謝淑貞,食品科技研究所,2,114-2,25860,FOOD7410,,,,,"[""無評價""]",[]
微生物醱酵工程,鄭光成,食品科技研究所、生物科技研究所,2,114-2,54927,FOOD7104,4.0,5.0,5.0,4.0,"[""[User90639 | 113-2]: 發酵產業\n微生物系統，代謝生物化學，生物反應器設計與生產方式以及下游產品之回收方法\nPPT授課、工廠參觀、參加研討會可加5分\n期中考 40%、期末考 30%(可帶A4大抄)\n、期末報告 20%(團體報paper)、課程出席與參與 10%\n甜涼不點名，可以實際看到發酵的過程及實體參觀，有基礎微生物觀念就很適合上""]","[{""User_ID"": ""User90639"", ""Semester"": ""113-2"", ""Rating_Quality"": null, ""Rating_Sweet"": null, ""Rating_Easy"": null, ""Rating_Rich"": null, ""Comment"": ""發酵產業\n微生物系統，代謝生物化學，生物反應器設計與生產方式以及下游產品之回收方法\nPPT授課、工廠參觀、參加研討會可加5分\n期中考 40%、期末考 30%(可帶A4大抄)\n、期末報告 20%(團體報paper)、課程出席與參與 10%\n甜涼不點名，可以實際看到發酵的過程及實體參觀，有基礎微生物觀念就很適合上""}]"
臨床營養與食療學,鄭金寶,食品科技研究所,2,114-2,36833,FOOD7411,,,,,"[""無評價""]",[]
食品安全衛生管理法規,鄭維智,食品科技研究所、食品安全與健康研究所,2,114-2,53612,FOOD7107,,,,,"[""無評價""]",[]
質譜技術於食品科技之應用,陳宏彰,食品科技研究所,2,114-2,29920,FOOD7211,,,,,"[""無評價""]",[]
氣相層析質譜分析方法,周繼中,食品科技研究所,1,114-2,17753,FOOD7213,,,,,"[""無評價""]",[]
食品檢驗的品質管制與認證,周繼中,食品科技研究所,2,114-2,55466,FOOD7214,,,,,"[""無評價""]",[]
食品添加物,許庭禎,食品科技研究所,2,114-2,13869,FOOD5201,,,,,"[""無評價""]",[]
食品工廠管理,陳勁初,食品科技研究所,2,114-2,12517,FOOD5310,,,,,"[""無評價""]",[]
食品包裝學,陳政雄,食品科技研究所,2,114-2,51560,FOOD5311,,,,,"[""無評價""]",[]
專題研究四,鄭光成,食品科技研究所,1,114-2,22379,FOOD8005,,,,,"[""無評價""]",[]
專題研究四,丁俞文,食品科技研究所,1,114-2,39752,FOOD8005,,,,,"[""無評價""]",[]
專題研究四,陳宏彰,食品科技研究所,1,114-2,49404,FOOD8005,,,,,"[""無評價""]",[]
專題研究四,潘敏雄,食品科技研究所,1,114-2,35352,FOOD8005,,,,,"[""無評價""]",[]
專題研究四,陳時欣,食品科技研究所,1,114-2,28504,FOOD8005,,,,,"[""無評價""]",[]
專題研究四,沈立言,食品科技研究所,1,114-2,53094,FOOD8005,,,,,"[""無評價""]",[]
專題研究四,呂廷璋,食品科技研究所,1,114-2,16682,FOOD8005,,,,,"[""無評價""]",[]
專題研究四,羅翊禎,食品科技研究所,1,114-2,17794,FOOD8005,,,,,"[""無評價""]",[]
專題研究四,謝淑貞,食品科技研究所,1,114-2,21180,FOOD8005,,,,,"[""無評價""]",[]
食品多醣特論,呂廷璋,食品科技研究所,2,114-2,52453,FOOD8201,,,,,"[""無評價""]",[]
食品科技教學實務,鄭光成,食品科技研究所,2,114-2,31587,FOOD8502,,,,,"[""無評價""]",[]
食品科技教學實務,丁俞文,食品科技研究所,2,114-2,33027,FOOD8502,,,,,"[""無評價""]",[]
食品科技教學實務,陳宏彰,食品科技研究所,2,114-2,48097,FOOD8502,,,,,"[""無評價""]",[]
食品科技教學實務,潘敏雄,食品科技研究所,2,114-2,19640,FOOD8502,,,,,"[""無評價""]",[]
食品科技教學實務,陳時欣,食品科技研究所,2,114-2,18311,FOOD8502,,,,,"[""無評價""]",[]
食品科技教學實務,呂廷璋,食品科技研究所,2,114-2,49043,FOOD8502,,,,,"[""無評價""]",[]
食品科技教學實務,羅翊禎,食品科技研究所,2,114-2,47449,FOOD8502,,,,,"[""無評價""]",[]
食品科技教學實務,謝淑貞,食品科技研究所,2,114-2,22011,FOOD8502,,,,,"[""無評價""]",[]
植物病毒學與生物技術新知,林詩舜,生物科技研究所,2,114-2,19800,Biot7007,,,,,"[""無評價""]",[]
生物科技進階實務 2,林詩舜,生物科技研究所,3,114-2,12248,Biot7011,,,,,"[""無評價""]",[]
生物科技管理與產業分析,孫智麗,生物科技研究所,2,114-2,25622,Biot7013,,,,,"[""無評價""]",[]
專題討論,蔡孟勳,生物科技研究所,1,114-2,36585,Biot8009,,,,,"[""無評價""]",[]
專題討論,林劭品,生物科技研究所,1,114-2,24195,Biot8009,,,,,"[""無評價""]",[]
專題討論,陳仁治,生物科技研究所,1,114-2,12651,Biot8009,,,,,"[""無評價""]",[]
專題討論,宋麗英,生物科技研究所,1,114-2,27717,Biot8009,,,,,"[""無評價""]",[]
專題討論,林詩舜,生物科技研究所,1,114-2,43532,Biot8009,,,,,"[""無評價""]",[]
專題討論,劉啟德,生物科技研究所,1,114-2,40944,Biot8009,,,,,"[""無評價""]",[]
專題討論,游舒涵,生物科技研究所,1,114-2,34315,Biot8009,,,,,"[""無評價""]",[]
專題討論,鄭光成,生物科技研究所,1,114-2,12478,Biot8009,,,,,"[""無評價""]",[]
胚胎顯微操作與應用,宋麗英,生物科技研究所,3,114-2,24704,Biot7022,,,,,"[""無評價""]",[]
免疫腫瘤學新知,游舒涵,生物科技研究所,2,114-2,52769,Biot7028,,,,,"[""無評價""]",[]
營養添加物與植物藥物之研發特論,徐麗芬,生物科技研究所、生化科技學系,2,114-2,44353,BST5022,,,,,"[""無評價""]",[]
植物生物技術學特論,陳仁治,生物科技研究所,3,114-2,32831,Biot8006,,,,,"[""無評價""]",[]
專題研究,蔡孟勳,生物科技研究所,1,114-2,47565,Biot8008,,,,,"[""無評價""]",[]
專題研究,林劭品,生物科技研究所,1,114-2,55105,Biot8008,,,,,"[""無評價""]",[]
專題研究,陳仁治,生物科技研究所、全球農業科技與基因體科學碩士學位學程,1,114-2,26332,Biot8008,,,,,"[""無評價""]",[]
專題研究,宋麗英,生物科技研究所,1,114-2,50303,Biot8008,,,,,"[""無評價""]",[]
專題研究,林詩舜,生物科技研究所,1,114-2,39598,Biot8008,,,,,"[""無評價""]",[]
專題研究,劉啟德,生物科技研究所,1,114-2,33516,Biot8008,,,,,"[""無評價""]",[]
專題研究,游舒涵,生物科技研究所,1,114-2,45564,Biot8008,,,,,"[""無評價""]",[]
專題研究,鄭光成,生物科技研究所,1,114-2,49353,Biot8008,,,,,"[""無評價""]",[]
高等食品微生物學特論,鄭光成,生物科技研究所,3,114-2,13243,Biot8024,,,,,"[""無評價""]",[]
專題研究二,劉以立,獸醫學研究所、臨床動物醫學研究所,1,114-2,25878,VM8006,,,,,"[""無評價""]",[]
專題研究二,張雅珮,獸醫學研究所、臨床動物醫學研究所,1,114-2,10142,VM8006,,,,,"[""無評價""]",[]
專題研究四,蘇璧伶,獸醫學研究所、臨床動物醫學研究所,1,114-2,52397,VM8008,,,,,"[""無評價""]",[]
專題研究四,王儷蒨,獸醫學研究所、臨床動物醫學研究所,1,114-2,53558,VM8008,,,,,"[""無評價""]",[]
專題研究四,武敬和,獸醫學研究所、臨床動物醫學研究所,1,114-2,10536,VCS7004,,,,,"[""無評價""]",[]
專題研究四,張雅珮,臨床動物醫學研究所,1,114-2,40281,VCS7004,,,,,"[""無評價""]",[]
專題研究四,余品奐,獸醫學研究所、臨床動物醫學研究所,1,114-2,23125,VCS7004,,,,,"[""無評價""]",[]
專題研究四,王尚麟,獸醫學研究所、臨床動物醫學研究所,1,114-2,14279,VCS7004,,,,,"[""無評價""]",[]
專題討論二,林中天,臨床動物醫學研究所,1,114-2,10438,VCS7006,,,,,"[""無評價""]",[]
專題討論四,林中天,臨床動物醫學研究所,1,114-2,29775,VCS7008,,,,,"[""無評價""]",[]
伴侶動物診療實習二,林中天,臨床動物醫學研究所,4,114-2,38628,VCS7012,,,,,"[""無評價""]",[]
伴侶動物診療實習四,林中天,臨床動物醫學研究所,4,114-2,38029,VCS7014,,,,,"[""無評價""]",[]
大動物及野生動物組診療二,余品奐,臨床動物醫學研究所,4,114-2,10838,VCS7016,,,,,"[""無評價""]",[]
大動物及野生動物組診療四,余品奐,臨床動物醫學研究所,4,114-2,37770,VCS7018,,,,,"[""無評價""]",[]
小動物急診加護專題討論二,王尚麟,臨床動物醫學研究所,1,114-2,33798,VCS7020,,,,,"[""無評價""]",[]
小動物急診加護專題討論四,王尚麟,臨床動物醫學研究所,1,114-2,44336,VCS7022,,,,,"[""無評價""]",[]
脊髓及周邊神經學專題研討,張雅珮,臨床動物醫學研究所,1,114-2,20347,VCS7029,,,,,"[""無評價""]",[]
小動物軟組織外科及麻醉學專題研討一,張雅珮,臨床動物醫學研究所,1,114-2,54560,VCS7026,,,,,"[""無評價""]",[]
小動物軟組織外科及麻醉學專題研討二,張雅珮,臨床動物醫學研究所,1,114-2,34903,VCS7027,,,,,"[""無評價""]",[]
專題研究四,江逸凡,獸醫學研究所、分子暨比較病理生物學研究所,1,114-2,34077,MCP7009,,,,,"[""無評價""]",[]
專題研究四,黃威翔,獸醫學研究所、分子暨比較病理生物學研究所,1,114-2,52198,VM8008,,,,,"[""無評價""]",[]
專題研究四,張晏禎,獸醫學研究所、分子暨比較病理生物學研究所,1,114-2,36447,VM8008,,,,,"[""無評價""]",[]
組織病理診斷學四,張晏禎,分子暨比較病理生物學研究所,2,114-2,24278,MCP7015,,,,,"[""無評價""]",[]
獸醫診斷病理學二,張惠雯,分子暨比較病理生物學研究所,3,114-2,47021,MCP7017,,,,,"[""無評價""]",[]
獸醫診斷病理學四,張惠雯,分子暨比較病理生物學研究所,3,114-2,36538,MCP7019,,,,,"[""無評價""]",[]
全球行銷與談判技巧,凱達西,管理學院、工商管理學系、會計學系、國際企業學系、會計學研究所、國際企業學研究所、商學研究所,3,114-2,30373,MGT5001,4.2,4.5,4.4,2.6,"[""[User10652 | 114-2]: The course consists of: lectures by the professor on negotiation theory, negotiation simulation, presentations by students and a guest lecture\nIn the beginning the professor held lectures on theory about negotiations followed by negotiation simulations in groups of the students.\nlecture slides, simulation software\neach week students have to take an online quiz, there is no final or midterm exam\nresearch presentation, weekly quizzes, performance in negotiations, short final video\nthe grading is very transperant, negotiations simulation is practise oriented, theory lectures can be quite monotonous""]","[{""User_ID"": ""User10652"", ""Semester"": ""114-2"", ""Rating_Quality"": null, ""Rating_Sweet"": null, ""Rating_Easy"": null, ""Rating_Rich"": null, ""Comment"": ""The course consists of: lectures by the professor on negotiation theory, negotiation simulation, presentations by students and a guest lecture\nIn the beginning the professor held lectures on theory about negotiations followed by negotiation simulations in groups of the students.\nlecture slides, simulation software\neach week students have to take an online quiz, there is no final or midterm exam\nresearch presentation, weekly quizzes, performance in negotiations, short final video\nthe grading is very transperant, negotiations simulation is practise oriented, theory lectures can be quite monotonous""}]"
供應鏈管理,蔣明晃,工商管理學系,3,114-2,56729,BA3006,,,,,"[""無評價""]",[]
智慧財產權法,何愛文,工商管理學系、商學研究所,3,114-2,23436,MBA5086,5.0,5.0,4.5,5.0,"[""[User77175 | 109-2]: 商標法、專利法、著作權法、營業秘密法及相關審理法\n參觀智財法院（疫情取消）\n兩次業師演講關於營業秘密在實務上的運作\n愛文老師是台北律師事務所的理事長，有很多訴訟的經驗\n老師會照投影片講解智慧財產法的概念、並以案件輔助講解，不時會請同學念法條跟回答問題，上課的氛圍很輕鬆又不無聊，對於想要了解智財法的人是很推薦的課。\n大家也可以了解重要的不是法條，而是整部法背後的權衡機制。\n上課投影片\n參考書目：\n「智慧財產權之理論基礎」，謝銘洋著。\n「智慧財產權法導讀」，鄭中人著。\n「專利法」，蔡明誠著。\n「商標法」，陳昭華著。\n「著作權法解讀」，謝銘洋著。\n小組報告：1~3人組成報告，可以自己找案例或是老師指定案件，報告約30~40分鐘（看30頁以上的判決，強烈建議提早準備）。\n期末考：因應疫情遠距考試，因此10題申論，線上打字回傳。\n課堂表現：10%\n分組報告：50 % (針對智慧財產案件之判決分組於課堂上提出報告)\n期 末 考：40 % (採開書申論題之方式)。\n加簽？開放外系修課\n是否注重出席率？有用唸法條的方式點名，所以要記得請假\n建議先備知識？民法概要（我知道大多數人沒在上課）/找個法律系高年級的朋友惡補""]","[{""User_ID"": ""User77175"", ""Semester"": ""109-2"", ""Rating_Quality"": null, ""Rating_Sweet"": null, ""Rating_Easy"": null, ""Rating_Rich"": null, ""Comment"": ""商標法、專利法、著作權法、營業秘密法及相關審理法\n參觀智財法院（疫情取消）\n兩次業師演講關於營業秘密在實務上的運作\n愛文老師是台北律師事務所的理事長，有很多訴訟的經驗\n老師會照投影片講解智慧財產法的概念、並以案件輔助講解，不時會請同學念法條跟回答問題，上課的氛圍很輕鬆又不無聊，對於想要了解智財法的人是很推薦的課。\n大家也可以了解重要的不是法條，而是整部法背後的權衡機制。\n上課投影片\n參考書目：\n「智慧財產權之理論基礎」，謝銘洋著。\n「智慧財產權法導讀」，鄭中人著。\n「專利法」，蔡明誠著。\n「商標法」，陳昭華著。\n「著作權法解讀」，謝銘洋著。\n小組報告：1~3人組成報告，可以自己找案例或是老師指定案件，報告約30~40分鐘（看30頁以上的判決，強烈建議提早準備）。\n期末考：因應疫情遠距考試，因此10題申論，線上打字回傳。\n課堂表現：10%\n分組報告：50 % (針對智慧財產案件之判決分組於課堂上提出報告)\n期 末 考：40 % (採開書申論題之方式)。\n加簽？開放外系修課\n是否注重出席率？有用唸法條的方式點名，所以要記得請假\n建議先備知識？民法概要（我知道大多數人沒在上課）/找個法律系高年級的朋友惡補""}]"
視覺化與現代資料科學,郭耀仁,工商管理學系,3,114-2,40482,BA4009,4.0,3.0,5.0,2.0,"[""[User99085 | 113-2]: Tableau Python 關聯式資料庫\n線上\n線上視頻\n-\n-\n-""]","[{""User_ID"": ""User99085"", ""Semester"": ""113-2"", ""Rating_Quality"": null, ""Rating_Sweet"": null, ""Rating_Easy"": null, ""Rating_Rich"": null, ""Comment"": ""Tableau Python 關聯式資料庫\n線上\n線上視頻\n-\n-\n-""}]"
判斷與管理決策,劉怡靖,工商管理學系、商學研究所,3,114-2,48379,MBA5082,4.8,3.8,3.4,4.0,"[""[User63145 | 113-2]: Very interesting course covering the topics related to biases, decision making and debasing techniques. Overall very practical with lots of cases presented through the semester. Taught me a lot about different methods and frameworks to improve decision making.""]","[{""User_ID"": ""User63145"", ""Semester"": ""113-2"", ""Rating_Quality"": null, ""Rating_Sweet"": null, ""Rating_Easy"": null, ""Rating_Rich"": null, ""Comment"": ""Very interesting course covering the topics related to biases, decision making and debasing techniques. Overall very practical with lots of cases presented through the semester. Taught me a lot about different methods and frameworks to improve decision making.""}]"
大數據與商業分析,楊立偉,工商管理學系、資訊管理學系、資訊管理學研究所、商學研究所,3,114-2,30020,IM5047,,,,,"[""[PTT | 109-2]: 轉載自 PTT 作者 ID: hahaismela (哈哈是我啦)\n哪一學年度修課：\n\n109-2\n\nψ 授課教師 (若為多人合授請寫開課教師，以方便收錄)\n\n楊立偉\n\nλ 開課系所與授課對象 (是否為必修或通識課 / 內容是否與某些背景相關)\n\n資管系、工管系選修\n\nδ 課程大概內容\n\nText-mining、Python實作股票預測、商業數據分析實作\n\nΩ 私心推薦指數(以五分計) ★★★★★\n\n甜 ★★★★★\n涼 ★★★ ~ ★★★★★\n(看你的基礎與想要拿到的成績)\n自己一個人去修課又不夠強 ★\n跟一個認識的人去修課 ★★★\n結伴修課湊成一組 ★★★★★\n自己一個人去修課而且是電神 ★★★★★\n\nη 上課用書(影印講義或是指定教科書)\n\n教授自編講義、91APP自編講義\n\nμ 上課方式(投影片、團體討論、老師教學風格)\n\n教授有先錄好影片，大概把一些像是 K-means Clustering 、 SVM 的原理講過\n一遍\n，太艱深的數學證明是沒有滴。不過我覺得這門課很吃自學，因為教授雖然教學\n品質不錯\n同學問問題也會也有耐心回答，但畢竟上課只上理論，最重要的實作還是需要自\n己\n\n\n這門課其實還有一個很重要的地方，如果你真的想學東西，上台報告的同學\n分享要認真看。很多組別都做出了我覺得蠻厲害的東西，所以我覺得上台報告\n也是這門課學習的重點之一吧\n\n\n另外每幾個禮拜需要到教室討論專題\n\n\n\nσ 評分方式(給分甜嗎？是紮實分？)\n\n- 作業及互動表現 (40%)\n- 期中報告及互評 (30%)\n- 期末報告及互評 (30%)\n\n\n很甜吧，不過不太確定分組作業的評分標準，我個人作業 87 分，\n另外我們這組期中專案被叫上台報告但期末沒有，最後拿 A+。\n不過我覺得很多組做的都很厲害，所以不知道教授是不是利用互評讓\n每組的每個成員的分數不同(不過教授說互評占分不重就是了)\n\n\nρ 考題型式、作業方式\n\n本來好像有兩次個人作業，不過後來因為疫情取消了作業二，\n只剩作業一，主要是利用 TF-IDF 、卡方值等指標查找關鍵詞，\n不過作業一只是讓你玩玩看文字探勘平常是怎麼用的，所以爬蟲拉、\n計算這些數值拉，教授都幫你準備好了，你只需要利用 Excel看看法\n比較數值，按照自己的感覺找出關鍵詞即可\n\n\n期中專題是用教授收集的各大新聞網以及財經版的新聞，自己選一隻股來\n預測發生這些新聞後隔天是看漲還是看跌\n\n\n\n期末專題是與91APP合作，利用他們提供的真實數據集做數據分析。\n這幾乎沒有限制，可以想各種方法利用這些資料生出實際價值\n他們也會先講述目前它們公司的作法，可以大致了解電商生態，還算不錯\n不過這邊可能需要一些商業概念，不然也做不太出來，題目也想不太到\n\nω 其它(是否注重出席率？如果為外系選修，需先有什麼基礎較好嗎？老師個性？\n加簽習慣？嚴禁遲到等…)\n\n\n加簽是抽學生證，資管系、工管系、外系各有名額，若資管系、工管系的學生\n也可以把自己的學生證丟到外系的地方，自己估算怎麼樣比較會上\n\n\n\n基礎的部分據老師所說是不會寫 Python 也沒關係，去網路上找一本\n「快快樂樂寫python」在期中之前看完就好，不過我持懷疑態度。\n我應該還算有點基礎，都覺得自己應該能夠多練習AI實作之後再來修這門課，\n不知道那些毫無基礎的同學是怎麼想的，看到可以幫我補充一下感想><\n\n\n不點名\n\n\n這門課最讓我火大的地方就是組員惹，因為我是外系的，分組的時候都不認識\n只能請助教幫忙分組。最後六個人一組，一個好像期中專題做開始\n還是做到一半才停修，另外有兩個通常不做事，其中一個在做期末專題的時候\n甚至完全沒出現也不參與討論。所以我才說這門課不適合自己去修。但我後來\n想想，也有可能是我自己不夠厲害，要是我一些朋友身處這些環境，就算一個人\n也可以做出好的成果，更何況我還有兩個願意努力一起做的組員，所以我也沒有\n甚麼好抱怨的了，順便在這邊謝謝我那兩位組員!!!!\n\nΨ 總結\n\n\n以我大二的程度來說，我覺得這是一門商業數據分析入門的好課，可以認識到很\n多\n新的東西，但內容可以再加深一點會更好。\n\n\n--\n\n原文網址: https://www.ptt.cc/bbs/NTUcourse/M.1629105255.A.06C.html""]","[{""User_ID"": ""PTT"", ""Semester"": ""109-2"", ""Rating_Quality"": null, ""Rating_Sweet"": null, ""Rating_Easy"": null, ""Rating_Rich"": null, ""Comment"": ""轉載自 PTT 作者 ID: hahaismela (哈哈是我啦)\n哪一學年度修課：\n\n109-2\n\nψ 授課教師 (若為多人合授請寫開課教師，以方便收錄)\n\n楊立偉\n\nλ 開課系所與授課對象 (是否為必修或通識課 / 內容是否與某些背景相關)\n\n資管系、工管系選修\n\nδ 課程大概內容\n\nText-mining、Python實作股票預測、商業數據分析實作\n\nΩ 私心推薦指數(以五分計) ★★★★★\n\n甜 ★★★★★\n涼 ★★★ ~ ★★★★★\n(看你的基礎與想要拿到的成績)\n自己一個人去修課又不夠強 ★\n跟一個認識的人去修課 ★★★\n結伴修課湊成一組 ★★★★★\n自己一個人去修課而且是電神 ★★★★★\n\nη 上課用書(影印講義或是指定教科書)\n\n教授自編講義、91APP自編講義\n\nμ 上課方式(投影片、團體討論、老師教學風格)\n\n教授有先錄好影片，大概把一些像是 K-means Clustering 、 SVM 的原理講過\n一遍\n，太艱深的數學證明是沒有滴。不過我覺得這門課很吃自學，因為教授雖然教學\n品質不錯\n同學問問題也會也有耐心回答，但畢竟上課只上理論，最重要的實作還是需要自\n己\n\n\n這門課其實還有一個很重要的地方，如果你真的想學東西，上台報告的同學\n分享要認真看。很多組別都做出了我覺得蠻厲害的東西，所以我覺得上台報告\n也是這門課學習的重點之一吧\n\n\n另外每幾個禮拜需要到教室討論專題\n\n\n\nσ 評分方式(給分甜嗎？是紮實分？)\n\n- 作業及互動表現 (40%)\n- 期中報告及互評 (30%)\n- 期末報告及互評 (30%)\n\n\n很甜吧，不過不太確定分組作業的評分標準，我個人作業 87 分，\n另外我們這組期中專案被叫上台報告但期末沒有，最後拿 A+。\n不過我覺得很多組做的都很厲害，所以不知道教授是不是利用互評讓\n每組的每個成員的分數不同(不過教授說互評占分不重就是了)\n\n\nρ 考題型式、作業方式\n\n本來好像有兩次個人作業，不過後來因為疫情取消了作業二，\n只剩作業一，主要是利用 TF-IDF 、卡方值等指標查找關鍵詞，\n不過作業一只是讓你玩玩看文字探勘平常是怎麼用的，所以爬蟲拉、\n計算這些數值拉，教授都幫你準備好了，你只需要利用 Excel看看法\n比較數值，按照自己的感覺找出關鍵詞即可\n\n\n期中專題是用教授收集的各大新聞網以及財經版的新聞，自己選一隻股來\n預測發生這些新聞後隔天是看漲還是看跌\n\n\n\n期末專題是與91APP合作，利用他們提供的真實數據集做數據分析。\n這幾乎沒有限制，可以想各種方法利用這些資料生出實際價值\n他們也會先講述目前它們公司的作法，可以大致了解電商生態，還算不錯\n不過這邊可能需要一些商業概念，不然也做不太出來，題目也想不太到\n\nω 其它(是否注重出席率？如果為外系選修，需先有什麼基礎較好嗎？老師個性？\n加簽習慣？嚴禁遲到等…)\n\n\n加簽是抽學生證，資管系、工管系、外系各有名額，若資管系、工管系的學生\n也可以把自己的學生證丟到外系的地方，自己估算怎麼樣比較會上\n\n\n\n基礎的部分據老師所說是不會寫 Python 也沒關係，去網路上找一本\n「快快樂樂寫python」在期中之前看完就好，不過我持懷疑態度。\n我應該還算有點基礎，都覺得自己應該能夠多練習AI實作之後再來修這門課，\n不知道那些毫無基礎的同學是怎麼想的，看到可以幫我補充一下感想><\n\n\n不點名\n\n\n這門課最讓我火大的地方就是組員惹，因為我是外系的，分組的時候都不認識\n只能請助教幫忙分組。最後六個人一組，一個好像期中專題做開始\n還是做到一半才停修，另外有兩個通常不做事，其中一個在做期末專題的時候\n甚至完全沒出現也不參與討論。所以我才說這門課不適合自己去修。但我後來\n想想，也有可能是我自己不夠厲害，要是我一些朋友身處這些環境，就算一個人\n也可以做出好的成果，更何況我還有兩個願意努力一起做的組員，所以我也沒有\n甚麼好抱怨的了，順便在這邊謝謝我那兩位組員!!!!\n\nΨ 總結\n\n\n以我大二的程度來說，我覺得這是一門商業數據分析入門的好課，可以認識到很\n多\n新的東西，但內容可以再加深一點會更好。\n\n\n--\n\n原文網址: https://www.ptt.cc/bbs/NTUcourse/M.1629105255.A.06C.html""}]"
國際市場管理,劉佳玲,工商管理學系、商學研究所,3,114-2,36816,MBA5075,4.3,3.7,3.8,2.8,"[""[User52915 | 113-2]: It was good to know a lot of actual examples of global marketing in class. The teacher is passionate and gives students a lot of opportunities to talk among calss.""]","[{""User_ID"": ""User52915"", ""Semester"": ""113-2"", ""Rating_Quality"": null, ""Rating_Sweet"": null, ""Rating_Easy"": null, ""Rating_Rich"": null, ""Comment"": ""It was good to know a lot of actual examples of global marketing in class. The teacher is passionate and gives students a lot of opportunities to talk among calss.""}]"
高科技產業趨勢與策略分析,詹文男,工商管理學系、商學研究所、電機工程學研究所,3,114-2,58757,MBA5014,,,,,"[""無評價""]",[]
創新與創業管理,陳忠仁,工商管理學系、商學研究所,3,114-2,29240,MBA5016,,,,,"[""無評價""]",[]
組織變革與創新,陳家聲,工商管理學系、商學研究所,3,114-2,52013,MBA5024,,,,,"[""無評價""]",[]
"總體經濟學原理
A5",吳中書,企業管理組、科技管理組,3,114-2,14195,ECON1023,3.0,5.0,5.0,3.0,"[""[bjcoffee | 109-2]: 通識A5兼工管、政治系選修\n\nChapter 23~33\n23. Measuring a Nation's Income\n24. Measuring the Cost of Living\n25. Production and Growth\n26. Saving, Investment and the Financial System\n27. The Basic Tools of Finance\n28. Unemployment\n29. The Monetary System\n30. Money Growth and Inflation\n31. Open Economy Macroeconomics : Basic Concepts\n32. A Macroeconomic Theory of the Open Economy\n33. Aggregate Demand and Aggregate Supply\n以ppt，應該是原文書附的簡報，寫的內容跟原文書完全一模一樣，老師也幾乎全部照著講\n老師幾乎按照mankiw的課本內容講，極少部分會引進一些台灣近年的情況，內容整體十分簡單\n老師語速十分緩慢，遠距時調成1.5倍速跟正常講話一樣，還沒遠距時上課進度十分緩慢，三節課教一章\n如果真的想學到東西，還是建議上經濟系的4學分經原，這堂課就是極涼、學不到什麼額外東西\n沒有助教課\nPrinciples of Economics 9/e, Mankiw\nChapter 23~33\n同上\n作業(共4次)10%\n期中考(30題選擇題) 45%\n期末考(30題選擇題) 45%""]","[{""User_ID"": ""bjcoffee"", ""Semester"": ""109-2"", ""Rating_Quality"": null, ""Rating_Sweet"": null, ""Rating_Easy"": null, ""Rating_Rich"": null, ""Comment"": ""通識A5兼工管、政治系選修\n\nChapter 23~33\n23. Measuring a Nation's Income\n24. Measuring the Cost of Living\n25. Production and Growth\n26. Saving, Investment and the Financial System\n27. The Basic Tools of Finance\n28. Unemployment\n29. The Monetary System\n30. Money Growth and Inflation\n31. Open Economy Macroeconomics : Basic Concepts\n32. A Macroeconomic Theory of the Open Economy\n33. Aggregate Demand and Aggregate Supply\n以ppt，應該是原文書附的簡報，寫的內容跟原文書完全一模一樣，老師也幾乎全部照著講\n老師幾乎按照mankiw的課本內容講，極少部分會引進一些台灣近年的情況，內容整體十分簡單\n老師語速十分緩慢，遠距時調成1.5倍速跟正常講話一樣，還沒遠距時上課進度十分緩慢，三節課教一章\n如果真的想學到東西，還是建議上經濟系的4學分經原，這堂課就是極涼、學不到什麼額外東西\n沒有助教課\nPrinciples of Economics 9/e, Mankiw\nChapter 23~33\n同上\n作業(共4次)10%\n期中考(30題選擇題) 45%\n期末考(30題選擇題) 45%""}]"
企業管理,朱文儀,企業管理組、科技管理組,3,114-2,15802,BA1010,,,,,"[""無評價""]",[]
管理科學模式,廖振男,企業管理組、科技管理組,3,114-2,59413,MBA7025,,,,,"[""無評價""]",[]
作業管理,郭佳瑋,企業管理組、科技管理組,3,114-2,28234,BA2005,,,,,"[""無評價""]",[]
作業管理,陳家麟,企業管理組、科技管理組,3,114-2,10597,BA2005,4.6,4.2,4.6,2.4,"[""[User92824 | 113-2]: This course goes over how operations for businesses work.\nThis is a lecture-based course. There are opprortunities to ask questions and answer questions.\nThere is a textbook as well as the case studies. All of the class slides and case studies were printed out and given as handouts.\nThere were two assignments, a presentation, and a final. The assignments could be done with a partner, and the presentation was done in groups. The groups were assigned.\nThe two assignments are graded as well as the group project and partner rating and final. Participation and attendance.\nI did enjoy this course. I would be sure to read all of the handouts and course materials. As well as study any formulas outside of class.""]","[{""User_ID"": ""User92824"", ""Semester"": ""113-2"", ""Rating_Quality"": null, ""Rating_Sweet"": null, ""Rating_Easy"": null, ""Rating_Rich"": null, ""Comment"": ""This course goes over how operations for businesses work.\nThis is a lecture-based course. There are opprortunities to ask questions and answer questions.\nThere is a textbook as well as the case studies. All of the class slides and case studies were printed out and given as handouts.\nThere were two assignments, a presentation, and a final. The assignments could be done with a partner, and the presentation was done in groups. The groups were assigned.\nThe two assignments are graded as well as the group project and partner rating and final. Participation and attendance.\nI did enjoy this course. I would be sure to read all of the handouts and course materials. As well as study any formulas outside of class.""}]"
組織行為學,劉怡靖,企業管理組、科技管理組,3,114-2,18190,BA2006,5.0,4.0,1.0,4.5,"[""[User29175 | 109-2]: W2 What is Organizational Behavior?\nW3 Attitudes and Job Satisfaction (1)\nW4 Attitudes and Job Satisfaction (2)\nW5 Emotions and Moods\nW6 Personality and Values\nW8 Perception and Individual Decision Making\nW9 Motivation Concepts\nW12 Motivation: From Concepts to Applications\nW13 Foundations of Group Behavior\nW14 Understanding Work Teams\nW15 Leadership by Guest Speaker\nW16 Conflict and Negotiation\nW17 Organizational Culture\n上課前要預習一個章節的原文書 (所以以管院的課來說真的不涼)，上課一開始會有簡單的一題小測驗，上課過程中老師會快速統整這個章節的內容，補充許多例子跟理論，還會搭配有趣的小遊戲跟實驗。上課參與戰成績比重超級重，所以每堂課要有發言、參與才會有分數。每次上課的最後一堂會是小組報告。\n\n老師真的很認真準備每堂課的內容。認真跟著每堂課會學到很多跟組織行為學相關的知識，對於未來找工作或工作的時候，也會比較知道有文化的企業在找怎麼樣的人，為什麼制度要這樣設計，也能去辨別哪些是可能的好企業。總之，大推！\nOrganizational Behavior by Stephen P. Robbins & Timothy A. Judge (18th edition)\n* 小組總共有兩份大報告，一份是組織行為學結合生活，另一份是要訪問 or 調查真實世界的組織\n* 每堂課前有一題小考\n* 期中期末考：以選擇題為主，不排除有問答題，難度適中 有認真聽課應該有 80，細讀課本拿剩下的 20\n“Jeopardy” questions (課前小測驗): 15%\nClass participation: 10%\nMid-term exam: 20 %\nFinal exam: 20%\nGroup project:\na.OB in your life: 10%\nb.OB in a real organization: 25%""]","[{""User_ID"": ""User29175"", ""Semester"": ""109-2"", ""Rating_Quality"": null, ""Rating_Sweet"": null, ""Rating_Easy"": null, ""Rating_Rich"": null, ""Comment"": ""W2 What is Organizational Behavior?\nW3 Attitudes and Job Satisfaction (1)\nW4 Attitudes and Job Satisfaction (2)\nW5 Emotions and Moods\nW6 Personality and Values\nW8 Perception and Individual Decision Making\nW9 Motivation Concepts\nW12 Motivation: From Concepts to Applications\nW13 Foundations of Group Behavior\nW14 Understanding Work Teams\nW15 Leadership by Guest Speaker\nW16 Conflict and Negotiation\nW17 Organizational Culture\n上課前要預習一個章節的原文書 (所以以管院的課來說真的不涼)，上課一開始會有簡單的一題小測驗，上課過程中老師會快速統整這個章節的內容，補充許多例子跟理論，還會搭配有趣的小遊戲跟實驗。上課參與戰成績比重超級重，所以每堂課要有發言、參與才會有分數。每次上課的最後一堂會是小組報告。\n\n老師真的很認真準備每堂課的內容。認真跟著每堂課會學到很多跟組織行為學相關的知識，對於未來找工作或工作的時候，也會比較知道有文化的企業在找怎麼樣的人，為什麼制度要這樣設計，也能去辨別哪些是可能的好企業。總之，大推！\nOrganizational Behavior by Stephen P. Robbins & Timothy A. Judge (18th edition)\n* 小組總共有兩份大報告，一份是組織行為學結合生活，另一份是要訪問 or 調查真實世界的組織\n* 每堂課前有一題小考\n* 期中期末考：以選擇題為主，不排除有問答題，難度適中 有認真聽課應該有 80，細讀課本拿剩下的 20\n“Jeopardy” questions (課前小測驗): 15%\nClass participation: 10%\nMid-term exam: 20 %\nFinal exam: 20%\nGroup project:\na.OB in your life: 10%\nb.OB in a real organization: 25%""}]"
商事法,蕭富山,企業管理組,3,114-2,15574,BA2010,,,,,"[""[PTT | 105-2]: 轉載自 PTT 作者 ID: David0620 (debeer)\n哪一學年度修課：\n\n105-2\n\nψ 授課教師 (若為多人合授請寫開課教師，以方便收錄)\n\n蕭富山 律師\n\nλ 開課系所與授課對象 (是否為必修或通識課 / 內容是否與某些背景相關)\n\n工管系企管組 大二必修\n\nδ 課程大概內容\n\n1. 基本訴訟制度\n\n2. 民法之法律行為與債之概說\n\n3. 商事法架構與種類\n\n4. 公司法基本概要\n\n5. 票據法基本概要\n\n6. 海商法基本概要\n\n7. 保險法基本概要\n\n8. 智慧財產法與商業策略\n\nΩ 私心推薦指數(以五分計) ★★★★★\n\n不想晚上上課： (律師每週都會隨機點名，掰掰)\n\n涼度：★★★★★\n\n甜度：★★★★ (管院中算一般偏不甜)\n\n想知道較多法律本身的知識：★★★ (律師難的不會教)\n\n想了解許多案例：★★★★★ (絕對推！！)\n\n習慣性翹課：★\n\nη 上課用書(影印講義或是指定教科書)\n\n無，律師上課簡報即足夠\n\nμ 上課方式(投影片、團體討論、老師教學風格)\n\n律師考量到我們不是法律系的學生，所以不會講太多法理上的知識以及法條。每當上課\n\n碰到案例時會抽點同學回答順便點名，雖然律師的簡報上都有答案，但很明顯律師是想要\n\n聽你怎麼去分析案例，如果邏輯不大通老師可能會繼續追問你，但不會因為你對錯而扣分\n\n。聽說如果回答的很有條理或讓律師有印象的話會在學期成績加分，平均一個人一個學期\n\n都會點到2~3次，如果缺席的話老師會做記號，據說還滿傷等第的就是了。\n\n\n律師已經執業快25年了，所以上課會講述許多法院上發生過的案例，有時候也會把自己打\n\n的官司拿出來跟我們講解，而且律師有時候自己也會講的很高亢激昂，所以上課三不五時\n\n會班上有歡笑，對於想聽案例的同學來說滿吃香的。\n\nσ 評分方式(給分甜嗎？是紮實分？)\n\n學期成績 = (期中+期末) / 2 + 律師的印象分數\n\n開學第一週即說明期中考期末考成績不公布，考卷也不會發回來。\n\n律師的印象分數包含點名出席，案例分析等等。律師自己說很主觀，還打了比喻說考試89\n\n因為沒到亂答所以變69；或是考試69答的很好都有出席變89之類的，總而言之還滿重要的\n\n就是了，對於不在行考試的人來說滿吃香的，但不愛上課的就......請左轉吧！\n\n\nρ 考題型式、作業方式\n\n沒有作業。\n\n考題就是四題申論題，律師規定要用三段論法回答，考試可以帶任何書面資料。考題內容\n\n都是律師上課講過的內容，但只會考基本的概念而已不會刁難學生，每一小題大概都只會\n\n引到1~2條法律而已，但是寫三段論法手會有點痠就是了。\n\n\nω 其它(是否注重出席率？如果為外系選修，需先有什麼基礎較好嗎？老師個性？\n加簽習慣？嚴禁遲到等…)\n\n要加簽的同學律師會在第一週要求大家寫一份加簽動機，在下一週準時交到講桌上，基本\n\n上有繳交的同學都有加簽到。基礎的話，雖然修課規定有說要修過民法概要，但律師還是\n\n會回頭講民法的內容所以我倒覺得沒有也不會太吃力。\n\n\n\nΨ 總結\n\n本魯加簽期間也聽過3~4班的商事法，但只有蕭律師的課比較對Tone，其他班我自己覺得\n\n都上得滿無聊的有時候就直接睡下去。老師講課自己也講得滿爽的，有時候幹話也滿多的\n\n，講案例的時候還會把8點檔的角色融入，最後一週還利用德川家康的故事講解商業上如\n\n何做出最好的策略，啊本魯就賣個關子修過就會聽到啦！此外律師的課也不重，又是開書\n\n考的緣故，所以我考試前只有把簡報內容掃過一遍了解有什麼內容就去考試，最後也拿到\n\nA+，只要都有去上課，應該算是一門涼甜課！\n\n--\n\n原文網址: https://www.ptt.cc/bbs/NTUcourse/M.1499259190.A.25A.html""]","[{""User_ID"": ""PTT"", ""Semester"": ""105-2"", ""Rating_Quality"": null, ""Rating_Sweet"": null, ""Rating_Easy"": null, ""Rating_Rich"": null, ""Comment"": ""轉載自 PTT 作者 ID: David0620 (debeer)\n哪一學年度修課：\n\n105-2\n\nψ 授課教師 (若為多人合授請寫開課教師，以方便收錄)\n\n蕭富山 律師\n\nλ 開課系所與授課對象 (是否為必修或通識課 / 內容是否與某些背景相關)\n\n工管系企管組 大二必修\n\nδ 課程大概內容\n\n1. 基本訴訟制度\n\n2. 民法之法律行為與債之概說\n\n3. 商事法架構與種類\n\n4. 公司法基本概要\n\n5. 票據法基本概要\n\n6. 海商法基本概要\n\n7. 保險法基本概要\n\n8. 智慧財產法與商業策略\n\nΩ 私心推薦指數(以五分計) ★★★★★\n\n不想晚上上課： (律師每週都會隨機點名，掰掰)\n\n涼度：★★★★★\n\n甜度：★★★★ (管院中算一般偏不甜)\n\n想知道較多法律本身的知識：★★★ (律師難的不會教)\n\n想了解許多案例：★★★★★ (絕對推！！)\n\n習慣性翹課：★\n\nη 上課用書(影印講義或是指定教科書)\n\n無，律師上課簡報即足夠\n\nμ 上課方式(投影片、團體討論、老師教學風格)\n\n律師考量到我們不是法律系的學生，所以不會講太多法理上的知識以及法條。每當上課\n\n碰到案例時會抽點同學回答順便點名，雖然律師的簡報上都有答案，但很明顯律師是想要\n\n聽你怎麼去分析案例，如果邏輯不大通老師可能會繼續追問你，但不會因為你對錯而扣分\n\n。聽說如果回答的很有條理或讓律師有印象的話會在學期成績加分，平均一個人一個學期\n\n都會點到2~3次，如果缺席的話老師會做記號，據說還滿傷等第的就是了。\n\n\n律師已經執業快25年了，所以上課會講述許多法院上發生過的案例，有時候也會把自己打\n\n的官司拿出來跟我們講解，而且律師有時候自己也會講的很高亢激昂，所以上課三不五時\n\n會班上有歡笑，對於想聽案例的同學來說滿吃香的。\n\nσ 評分方式(給分甜嗎？是紮實分？)\n\n學期成績 = (期中+期末) / 2 + 律師的印象分數\n\n開學第一週即說明期中考期末考成績不公布，考卷也不會發回來。\n\n律師的印象分數包含點名出席，案例分析等等。律師自己說很主觀，還打了比喻說考試89\n\n因為沒到亂答所以變69；或是考試69答的很好都有出席變89之類的，總而言之還滿重要的\n\n就是了，對於不在行考試的人來說滿吃香的，但不愛上課的就......請左轉吧！\n\n\nρ 考題型式、作業方式\n\n沒有作業。\n\n考題就是四題申論題，律師規定要用三段論法回答，考試可以帶任何書面資料。考題內容\n\n都是律師上課講過的內容，但只會考基本的概念而已不會刁難學生，每一小題大概都只會\n\n引到1~2條法律而已，但是寫三段論法手會有點痠就是了。\n\n\nω 其它(是否注重出席率？如果為外系選修，需先有什麼基礎較好嗎？老師個性？\n加簽習慣？嚴禁遲到等…)\n\n要加簽的同學律師會在第一週要求大家寫一份加簽動機，在下一週準時交到講桌上，基本\n\n上有繳交的同學都有加簽到。基礎的話，雖然修課規定有說要修過民法概要，但律師還是\n\n會回頭講民法的內容所以我倒覺得沒有也不會太吃力。\n\n\n\nΨ 總結\n\n本魯加簽期間也聽過3~4班的商事法，但只有蕭律師的課比較對Tone，其他班我自己覺得\n\n都上得滿無聊的有時候就直接睡下去。老師講課自己也講得滿爽的，有時候幹話也滿多的\n\n，講案例的時候還會把8點檔的角色融入，最後一週還利用德川家康的故事講解商業上如\n\n何做出最好的策略，啊本魯就賣個關子修過就會聽到啦！此外律師的課也不重，又是開書\n\n考的緣故，所以我考試前只有把簡報內容掃過一遍了解有什麼內容就去考試，最後也拿到\n\nA+，只要都有去上課，應該算是一門涼甜課！\n\n--\n\n原文網址: https://www.ptt.cc/bbs/NTUcourse/M.1499259190.A.25A.html""}]"
企業管理,林博文,會計學系、財務金融學系,3,114-2,44971,Fin3003,2.5,2.0,5.0,2.5,"[""[User13205 | 109-2]: 出自課本的ppt\n\n札實度給2.5是因為打著台大名義出去參訪這件事，可以在過程中學到滿多的！覺得很難得！因為企業是自己找的~\n老師會準備ppt，一頁一頁講，第三堂是小組報告，講對企管相關書籍的新知。\n上課實在沒內容，上課又很無聊。\n很少點名，點名的時間也很隨機，會傳一張紙下去簽名，代簽也查不到。\n\n轉線上後同步一周就變成非同步了，我都關靜音放著做自己的事。\nRobbins and Coulter (2017), Management, Global Edition (14/E), Pearson.\n統一購買，但不用買，完全不會用到\n期中考前一週老師會用一堂課重點提示，CEIBA上也會有檔案，但課堂上的版本會再精簡。因為會考名詞解釋所以其實有點難，出題範圍很廣，可能出一個理論你要把內容都列出來。\n課堂參與 (含出席+分組報告) 30%\n期中考 30%\n小組企業訪談 10%\n期末報告 (=期末考) 30%\n\n學期成績好像基本上是期中考決定的。\n所有報告的組員是一樣的，15人左右，超級沒效率，躺分仔一堆，大家的分數又一樣，好氣。\n加簽方式：寄信就一定簽的到，但還是幾乎全簽吧。\n\n15人分組報告真的很無語，而且沒有小組互評，有人躺分也沒辦法，特別註明或告狀.....對他們的分數好像傷害不大。問過老師為什麼要這樣，他說，要我們練習這種職場上也會遇到的狀況.....:)傻爆眼，總而言之想拿高分的秘訣：\n1. 期中考好好念\n2. 遇到好組員""]","[{""User_ID"": ""User13205"", ""Semester"": ""109-2"", ""Rating_Quality"": null, ""Rating_Sweet"": null, ""Rating_Easy"": null, ""Rating_Rich"": null, ""Comment"": ""出自課本的ppt\n\n札實度給2.5是因為打著台大名義出去參訪這件事，可以在過程中學到滿多的！覺得很難得！因為企業是自己找的~\n老師會準備ppt，一頁一頁講，第三堂是小組報告，講對企管相關書籍的新知。\n上課實在沒內容，上課又很無聊。\n很少點名，點名的時間也很隨機，會傳一張紙下去簽名，代簽也查不到。\n\n轉線上後同步一周就變成非同步了，我都關靜音放著做自己的事。\nRobbins and Coulter (2017), Management, Global Edition (14/E), Pearson.\n統一購買，但不用買，完全不會用到\n期中考前一週老師會用一堂課重點提示，CEIBA上也會有檔案，但課堂上的版本會再精簡。因為會考名詞解釋所以其實有點難，出題範圍很廣，可能出一個理論你要把內容都列出來。\n課堂參與 (含出席+分組報告) 30%\n期中考 30%\n小組企業訪談 10%\n期末報告 (=期末考) 30%\n\n學期成績好像基本上是期中考決定的。\n所有報告的組員是一樣的，15人左右，超級沒效率，躺分仔一堆，大家的分數又一樣，好氣。\n加簽方式：寄信就一定簽的到，但還是幾乎全簽吧。\n\n15人分組報告真的很無語，而且沒有小組互評，有人躺分也沒辦法，特別註明或告狀.....對他們的分數好像傷害不大。問過老師為什麼要這樣，他說，要我們練習這種職場上也會遇到的狀況.....:)傻爆眼，總而言之想拿高分的秘訣：\n1. 期中考好好念\n2. 遇到好組員""}]"
中級會計學下,王全三,會計學系,3,114-2,49646,Acc2019,,,,,"[""無評價""]",[]
高等會計學下,許文馨,會計學系,3,114-2,20243,Acc3002,,,,,"[""[PTT | 104-2]: 轉載自 PTT 作者 ID: trusturself (想長高的人)\n哪一學年度修課：104學年\nψ 授課教師 (若為多人合授請寫開課教師，以方便收錄)\n許文馨\nλ 開課系所與授課對象 (是否為必修或通識課 / 內容是否與某些背景相關)\n會計學系 大三必修(修過初會、中會就可修~)\nδ 課程大概內容\nOwnership change and special issues\nIndirect and mutual holdings\nPreferred Stocks\nSubsidiary preferred stock, EPS\nJoint Venture\nForeign currency financial statements\nDerivatives and hedge\nSegment reporting\nΩ 私心推薦指數(以五分計) ★★★★\nη 上課用書(影印講義或是指定教科書)\nAdvanced Accounting Beams 12ed (老師會自己印講義給大家，個人是根本沒\n看幾次課本==)\nμ 上課方式(投影片、團體討論、老師教學風格)\n老師用pdf檔上課，是講的滿清楚的，但偶爾還是可能想睡覺。缺點其實就在那\n個pdf檔，老師有時候跳來跳去，你根本不知道跑到哪一頁了，不知道能不能建議老師用\nppt上課(至少去年都還是用ppt!)每堂課老師都會複習前一堂課的內容，一方面可能等遲\n到的同學，一方面也讓大家清醒一下，refresh上一周教的內容，這點我個人大推!觀念\n會不斷被加強也會印象更深刻。另外老師很重視大家對每個章節的大致概念(老師都說\n要有picture)所以都會大處著眼，讓你有個大方向後才會講細的內容。期末會有報告4-\n6人一組，上學期是選一家公司，看他的合併報表和個別報表的差異，下學期(這學期)\n是選一篇會計的國外論文研讀(老師有五十篇給你選)上台要summarize給全班聽，不難，\n只要你能清楚傳達讓大家理解你們讀的那篇在講什麼就ok，老師沒有要你多了解那論文的\n內容，大概懂應該就差不多~\nσ 評分方式(給分甜嗎？是紮實分？)\n會計這種東西，應該就札實吧哈哈，不過老師人很nice，考題幾乎都是上課講\n義題目或課本習題改編，考前還會有溫馨的email提醒你那些不會考、哪些會考! 分數上\n，個人期中82/103(平均76)期末105/105(平均83) 拿A+ (朋友期中72期末105，A+)\nρ 考題型式、作業方式\n講義課本做熟就好~~~\nω 其它(是否注重出席率？如果為外系選修，需先有什麼基礎較好嗎？老師個性？\n加簽習慣？嚴禁遲到等…)\n不點名，也不會偷點名\nΨ 總結\n好課!成績上也不差，不過就是要花很多時間寫高會題目就是了...合併報表\n又臭又長==\n\n--\n\n原文網址: https://www.ptt.cc/bbs/NTUcourse/M.1467456846.A.92C.html""]","[{""User_ID"": ""PTT"", ""Semester"": ""104-2"", ""Rating_Quality"": null, ""Rating_Sweet"": null, ""Rating_Easy"": null, ""Rating_Rich"": null, ""Comment"": ""轉載自 PTT 作者 ID: trusturself (想長高的人)\n哪一學年度修課：104學年\nψ 授課教師 (若為多人合授請寫開課教師，以方便收錄)\n許文馨\nλ 開課系所與授課對象 (是否為必修或通識課 / 內容是否與某些背景相關)\n會計學系 大三必修(修過初會、中會就可修~)\nδ 課程大概內容\nOwnership change and special issues\nIndirect and mutual holdings\nPreferred Stocks\nSubsidiary preferred stock, EPS\nJoint Venture\nForeign currency financial statements\nDerivatives and hedge\nSegment reporting\nΩ 私心推薦指數(以五分計) ★★★★\nη 上課用書(影印講義或是指定教科書)\nAdvanced Accounting Beams 12ed (老師會自己印講義給大家，個人是根本沒\n看幾次課本==)\nμ 上課方式(投影片、團體討論、老師教學風格)\n老師用pdf檔上課，是講的滿清楚的，但偶爾還是可能想睡覺。缺點其實就在那\n個pdf檔，老師有時候跳來跳去，你根本不知道跑到哪一頁了，不知道能不能建議老師用\nppt上課(至少去年都還是用ppt!)每堂課老師都會複習前一堂課的內容，一方面可能等遲\n到的同學，一方面也讓大家清醒一下，refresh上一周教的內容，這點我個人大推!觀念\n會不斷被加強也會印象更深刻。另外老師很重視大家對每個章節的大致概念(老師都說\n要有picture)所以都會大處著眼，讓你有個大方向後才會講細的內容。期末會有報告4-\n6人一組，上學期是選一家公司，看他的合併報表和個別報表的差異，下學期(這學期)\n是選一篇會計的國外論文研讀(老師有五十篇給你選)上台要summarize給全班聽，不難，\n只要你能清楚傳達讓大家理解你們讀的那篇在講什麼就ok，老師沒有要你多了解那論文的\n內容，大概懂應該就差不多~\nσ 評分方式(給分甜嗎？是紮實分？)\n會計這種東西，應該就札實吧哈哈，不過老師人很nice，考題幾乎都是上課講\n義題目或課本習題改編，考前還會有溫馨的email提醒你那些不會考、哪些會考! 分數上\n，個人期中82/103(平均76)期末105/105(平均83) 拿A+ (朋友期中72期末105，A+)\nρ 考題型式、作業方式\n講義課本做熟就好~~~\nω 其它(是否注重出席率？如果為外系選修，需先有什麼基礎較好嗎？老師個性？\n加簽習慣？嚴禁遲到等…)\n不點名，也不會偷點名\nΨ 總結\n好課!成績上也不差，不過就是要花很多時間寫高會題目就是了...合併報表\n又臭又長==\n\n--\n\n原文網址: https://www.ptt.cc/bbs/NTUcourse/M.1467456846.A.92C.html""}]"
商業應用軟體,王春笙,會計學系,3,114-2,16315,Acc2012,,,,,"[""[PTT | 105-1]: 轉載自 PTT 作者 ID: beambean (Chelsea)\n哪一學年度修課：105-1\n\nψ 授課教師 (若為多人合授請寫開課教師，以方便收錄)\n王春笙老師\n\nλ 開課系所與授課對象 (是否為必修或通識課 / 內容是否與某些背景相關)\n會計系必修\n\nδ 課程大概內容\nword 跟 excel\n還有一點點VBA\n\nΩ 私心推薦指數(以五分計) ★★★★★五顆星\n\nη 上課用書(影印講義或是指定教科書)\n沒有書\n\nμ 上課方式(投影片、團體討論、老師教學風格)\n切螢幕\n講課\n實作（大概講到一個段落老師會讓我們開始做，免得全忘光）\n下課\n\nσ 評分方式(給分甜嗎？是紮實分？)\n超甜\n刷GPA靠它了\n有好好做作業、考試，A+穩穩拿\n\nρ 考題型式、作業方式\n考word跟excel的小技巧\n如 excel怎麼固定窗格\n如 word怎麼弄16號字體、藍字、加粗斜體\n\n每堂課的作業就大概是考試內容\n所以作業要好好做\n\nω 其它(是否注重出席率？如果為外系選修，需先有什麼基礎較好嗎？老師個性？\n加簽習慣？嚴禁遲到等…)\n不點名\n作業是用老師架設的網站上傳繳交的\n所以可以在家做\n考試記得去考\n\nΨ 總結\n這堂課就又甜又涼\n可以帶自己的電腦去\n建議考試的時候自備筆電\n管一大電腦教室有幾個電腦會當機...\n當機就要全部重做...\n\n--\n\n原文網址: https://www.ptt.cc/bbs/NTUcourse/M.1501747935.A.AD7.html""]","[{""User_ID"": ""PTT"", ""Semester"": ""105-1"", ""Rating_Quality"": null, ""Rating_Sweet"": null, ""Rating_Easy"": null, ""Rating_Rich"": null, ""Comment"": ""轉載自 PTT 作者 ID: beambean (Chelsea)\n哪一學年度修課：105-1\n\nψ 授課教師 (若為多人合授請寫開課教師，以方便收錄)\n王春笙老師\n\nλ 開課系所與授課對象 (是否為必修或通識課 / 內容是否與某些背景相關)\n會計系必修\n\nδ 課程大概內容\nword 跟 excel\n還有一點點VBA\n\nΩ 私心推薦指數(以五分計) ★★★★★五顆星\n\nη 上課用書(影印講義或是指定教科書)\n沒有書\n\nμ 上課方式(投影片、團體討論、老師教學風格)\n切螢幕\n講課\n實作（大概講到一個段落老師會讓我們開始做，免得全忘光）\n下課\n\nσ 評分方式(給分甜嗎？是紮實分？)\n超甜\n刷GPA靠它了\n有好好做作業、考試，A+穩穩拿\n\nρ 考題型式、作業方式\n考word跟excel的小技巧\n如 excel怎麼固定窗格\n如 word怎麼弄16號字體、藍字、加粗斜體\n\n每堂課的作業就大概是考試內容\n所以作業要好好做\n\nω 其它(是否注重出席率？如果為外系選修，需先有什麼基礎較好嗎？老師個性？\n加簽習慣？嚴禁遲到等…)\n不點名\n作業是用老師架設的網站上傳繳交的\n所以可以在家做\n考試記得去考\n\nΨ 總結\n這堂課就又甜又涼\n可以帶自己的電腦去\n建議考試的時候自備筆電\n管一大電腦教室有幾個電腦會當機...\n當機就要全部重做...\n\n--\n\n原文網址: https://www.ptt.cc/bbs/NTUcourse/M.1501747935.A.AD7.html""}]"
稅務法規應用,林世銘,會計學系,3,114-2,23605,Acc4007,,,,,"[""無評價""]",[]
政府會計,陳慶財,會計學系,3,114-2,54625,Acc3008,,,,,"[""無評價""]",[]
全球化趨勢下之會計專業新視界,于紀隆,氣候變遷與永續發展國際學位學程、會計學系、會計學研究所,3,114-2,45450,Acc5043,,,,,"[""無評價""]",[]
計量導論,王衍智,財務金融學系,3,114-2,45104,Fin2016,,,,,"[""[PTT | 107-2]: 轉載自 PTT 作者 ID: iambastine (巴斯提恩)\n哪一學年度修課：\n107-2\nψ 授課教師 (若為多人合授請寫開課教師，以方便收錄)\n王衍智\nλ 開課系所與授課對象 (是否為必修或通識課 / 內容是否與某些背景相關)\n財金系大二必修\nδ 課程大概內容\n期中考：變異數分析+簡單線性回歸\n期末考：多重線性回歸+幾個計量的小主題(最大概似法、加權最小平方法、異質變異數、\n虛擬變數、邏輯回歸、測量誤差、固定樣本分析等等)\nΩ 私心推薦指數(以五分計) ★★★★★\n★★★★\nη 上課用書(影印講義或是指定教科書)\n管中閔 統計學：觀念與方法 (二版)->第9章~第12章\nWooldridge, Introductory Econometrics: A Modern Approach, 5th Edition->CH6~CH9\nμ 上課方式(投影片、團體討論、老師教學風格)\n投影片上課，速度適中，個人認為講解還算清楚，若大家看起來快睡著，老師會放鳥類影\n片。需要推導證明時會用板書，速度會突然加快，如果跟不上可以和老師反應:)\nσ 評分方式(給分甜嗎？是紮實分？)\n40% 期中考\n40% 期末考\n10% 小考(3次左右)\n10% 作業(4次R作業+2次複習作業)\n甜，個人認為甜的原因是考試難度不高，但大考爆炸就可能沒救...\nρ 考題型式、作業方式\n期中考和期末考型式相同，有選擇題、計算題(會斟酌過程部份給分)和證明題。\n證明題基本上都是上課證過，或是非常類似的題目，所以有背有理解就好了。\nR作業是使用R做一些簡單的迴歸分析，每次佔總成績1%。\n複習作業是考前助教出的一些習題，可以2個人交同一份作業，每次佔總成績3%。\nP.S.複習作業極為重要，一定要好好寫並且弄懂，對大考很有用，價值絕對大於3%成績。\nω 其它(是否注重出席率？如果為外系選修，需先有什麼基礎較好嗎？老師個性？\n加簽習慣？嚴禁遲到等…)\n不看出席，不過如果一開始被老師記住，之後可能會被抽點，不在就很尷尬了XD\n基礎是微積分和統計學一上，雙主修的同學如果統計學是修外系的，建議要借財金系的筆\n記看一下，因為相對於管院其他系，財金系的統計證明推導的部分稍多。\nΨ 總結\n財金系最近幾年把統計學一下改成計量導論，拿掉傳統上統計學會上到的卡方檢定等內容\n(管中閔第12章以後的章節)，多了一些計量模型的探討。個人認為這些探討其實都在挑戰\n迴歸模型的古典假設，世界並沒有我們想像中的美好，同質變異數、i.i.d.並不是隨處\n可得，了解這些假設鬆動後，模型會出現怎樣的偏誤，對於未來從事研究是很有幫助的事\n情。這門課小小的缺憾大概就是時間上的不足，所以許多主題只能淺嘗輒止。而有些概念\n性的東西，在準備考試上沒有給明確的方向，所以有一些無所適從(謝謝老師手下留情了)\n。最後感謝兩位超厲害超認真又超帥的助教，這一年的統計和計導有你們真好QAQ\n\n--\n\n原文網址: https://www.ptt.cc/bbs/NTUcourse/M.1567093213.A.A16.html""]","[{""User_ID"": ""PTT"", ""Semester"": ""107-2"", ""Rating_Quality"": null, ""Rating_Sweet"": null, ""Rating_Easy"": null, ""Rating_Rich"": null, ""Comment"": ""轉載自 PTT 作者 ID: iambastine (巴斯提恩)\n哪一學年度修課：\n107-2\nψ 授課教師 (若為多人合授請寫開課教師，以方便收錄)\n王衍智\nλ 開課系所與授課對象 (是否為必修或通識課 / 內容是否與某些背景相關)\n財金系大二必修\nδ 課程大概內容\n期中考：變異數分析+簡單線性回歸\n期末考：多重線性回歸+幾個計量的小主題(最大概似法、加權最小平方法、異質變異數、\n虛擬變數、邏輯回歸、測量誤差、固定樣本分析等等)\nΩ 私心推薦指數(以五分計) ★★★★★\n★★★★\nη 上課用書(影印講義或是指定教科書)\n管中閔 統計學：觀念與方法 (二版)->第9章~第12章\nWooldridge, Introductory Econometrics: A Modern Approach, 5th Edition->CH6~CH9\nμ 上課方式(投影片、團體討論、老師教學風格)\n投影片上課，速度適中，個人認為講解還算清楚，若大家看起來快睡著，老師會放鳥類影\n片。需要推導證明時會用板書，速度會突然加快，如果跟不上可以和老師反應:)\nσ 評分方式(給分甜嗎？是紮實分？)\n40% 期中考\n40% 期末考\n10% 小考(3次左右)\n10% 作業(4次R作業+2次複習作業)\n甜，個人認為甜的原因是考試難度不高，但大考爆炸就可能沒救...\nρ 考題型式、作業方式\n期中考和期末考型式相同，有選擇題、計算題(會斟酌過程部份給分)和證明題。\n證明題基本上都是上課證過，或是非常類似的題目，所以有背有理解就好了。\nR作業是使用R做一些簡單的迴歸分析，每次佔總成績1%。\n複習作業是考前助教出的一些習題，可以2個人交同一份作業，每次佔總成績3%。\nP.S.複習作業極為重要，一定要好好寫並且弄懂，對大考很有用，價值絕對大於3%成績。\nω 其它(是否注重出席率？如果為外系選修，需先有什麼基礎較好嗎？老師個性？\n加簽習慣？嚴禁遲到等…)\n不看出席，不過如果一開始被老師記住，之後可能會被抽點，不在就很尷尬了XD\n基礎是微積分和統計學一上，雙主修的同學如果統計學是修外系的，建議要借財金系的筆\n記看一下，因為相對於管院其他系，財金系的統計證明推導的部分稍多。\nΨ 總結\n財金系最近幾年把統計學一下改成計量導論，拿掉傳統上統計學會上到的卡方檢定等內容\n(管中閔第12章以後的章節)，多了一些計量模型的探討。個人認為這些探討其實都在挑戰\n迴歸模型的古典假設，世界並沒有我們想像中的美好，同質變異數、i.i.d.並不是隨處\n可得，了解這些假設鬆動後，模型會出現怎樣的偏誤，對於未來從事研究是很有幫助的事\n情。這門課小小的缺憾大概就是時間上的不足，所以許多主題只能淺嘗輒止。而有些概念\n性的東西，在準備考試上沒有給明確的方向，所以有一些無所適從(謝謝老師手下留情了)\n。最後感謝兩位超厲害超認真又超帥的助教，這一年的統計和計導有你們真好QAQ\n\n--\n\n原文網址: https://www.ptt.cc/bbs/NTUcourse/M.1567093213.A.A16.html""}]"
中級會計學下,劉心才,財務金融學系,3,114-2,12932,Fin2015,,,,,"[""無評價""]",[]
商事法,陳俊元,財務金融學系,3,114-2,45255,Fin2011,3.5,3.5,3.5,3.0,"[""[Comsa2022 | 110-2]: 課程內容：\n（1）緒論\n（2）總則：公司治理、CSR、捐贈、公司國籍、一人公司⋯\n（3）股份有限公司：公司設立、資本三原則、創立會⋯\n（4）有限公司\n上課方式：\n用老師的自編簡報上課，內容編排整體跟劉老師用書順序差不多，但老師有補充其他爭點，然後他大同案講的非常細，看老師講義可以學蠻多的。\n因為這學期一半遠距，後面開始有錄影上傳🆒，考前會有不定時（不確定哪堂課）小公布考試要點，然後只有一次期末考，所以準備的量蠻大的。\n課本：劉連煜（2021）。現代公司法 (增訂第16版)。新學林出版社。\n考試方式:\n申論題、實例題。\n大概都是考課本跟講義爭點，考前可以猜個爭點，寫一下課本每章節第一頁的題目。\n8. 評分方式：\n期末考90%、出席成績10%\n1. 課程名稱：商事法\n2. 課程類別：財金系必修(六選四)\n3. 授課教師：陳俊元\n4. 修課學期：110-2\n5. 上課時間：四ABC\n6. 推薦指數(滿分5顆星)&適合修課的族群：\n7. 課程心得：\n本來這門課程的心得文打到一半，發現有人已經寫好這門課程的心得文，那就來補充一下xd\n1. 老師基本上會6:25~9:05上好上滿，雖然中間還是會有休息時間，但是在晚上上知識量豐沛的商事法，加上老師流暢的口條，真的是一大挑戰。\n2. 老師是商事法、保險法方面的佼佼者，這堂課算是公司法的重點精華，但沒有講到全部，也可惜沒有講到票據法或是老師最擅長的保險法，但是針對這次的保單之亂，老師也有在上課稍微提到，但是補充最多的，就是大同案以及台新彰銀案，非常鉅細靡遺。\n老師真的有料!\n3. 關於期末的部分，確實需要相當的打字量，但是如果事先就有在電腦裡面擬答好的話，就有部分的題目可以直接複製貼上，如果有幸找到考古題就更好了>< 我自己在考試前就打了數萬字的擬答，考試時五題有三題可以無情複製貼上，開心。\n我不確定這樣的考法算不算法律系的常態，但是如果事先沒有擬答的話，真的會變成打字大賽。如果商管學院的朋友想要輕鬆獲得商事法學分的話，可以左轉國企系林麗真老師的商事法，分期中期末然後只要考選擇題，水分稍微多一些。\n4. 實體的時候上課只會留PPT，線上之後會留存直播檔案，PPT是指定課本的精華，基本上囊括大部分的考試範圍，只是字還是很多，爭點一堆積起來，再加上只有期末考，要讀的量還是很多，算是我這學期修到最硬的課。\n5. 第一次上課真的會爆滿，擠得水洩不通，最後加簽釋迦到教室座位坐滿，但是到學期中大概只剩下一半。\n上課時二氧化碳濃度很高xd\n大概是這樣，期末考前的涼度可以到四或五顆星，但是準備期末考時，各種爭點會看到懷疑人生，甜度不確定，等A+比例出來之後再看看吧(感覺今年的A+人數有變多)。\nPS. 考試要點真的很重要\n\n---\n其他同學的意見：\n\n我覺得期末考試要給差評，用打字上傳Ntu cool，真的有點太趕了，考了5-6題申論，光找法典就要花一些時間，比起一個法律考試更像是打字比賽，雖然最後A+，但真的非常不愉快，很多爭點有想到，還沒翻到法條就因為時間放棄寫上去了。\n但除此之外，老師是個用心的人，可以問他問題，也因為這門課是管院的，他會跳過一些瑣碎的爭點，但他說有問題還是可以問。\n\n我覺得修完課對公司法（還有一點企併跟證交法）比較熟悉，因為考前也把一整本劉連煜啃完，老師講義跟課也看了一遍。如果想要對現行公司法制有所了解的，這是一門很棒的入門課，但打字不夠快的要三思。""]","[{""User_ID"": ""Comsa2022"", ""Semester"": ""110-2"", ""Rating_Quality"": null, ""Rating_Sweet"": null, ""Rating_Easy"": null, ""Rating_Rich"": null, ""Comment"": ""課程內容：\n（1）緒論\n（2）總則：公司治理、CSR、捐贈、公司國籍、一人公司⋯\n（3）股份有限公司：公司設立、資本三原則、創立會⋯\n（4）有限公司\n上課方式：\n用老師的自編簡報上課，內容編排整體跟劉老師用書順序差不多，但老師有補充其他爭點，然後他大同案講的非常細，看老師講義可以學蠻多的。\n因為這學期一半遠距，後面開始有錄影上傳🆒，考前會有不定時（不確定哪堂課）小公布考試要點，然後只有一次期末考，所以準備的量蠻大的。\n課本：劉連煜（2021）。現代公司法 (增訂第16版)。新學林出版社。\n考試方式:\n申論題、實例題。\n大概都是考課本跟講義爭點，考前可以猜個爭點，寫一下課本每章節第一頁的題目。\n8. 評分方式：\n期末考90%、出席成績10%\n1. 課程名稱：商事法\n2. 課程類別：財金系必修(六選四)\n3. 授課教師：陳俊元\n4. 修課學期：110-2\n5. 上課時間：四ABC\n6. 推薦指數(滿分5顆星)&適合修課的族群：\n7. 課程心得：\n本來這門課程的心得文打到一半，發現有人已經寫好這門課程的心得文，那就來補充一下xd\n1. 老師基本上會6:25~9:05上好上滿，雖然中間還是會有休息時間，但是在晚上上知識量豐沛的商事法，加上老師流暢的口條，真的是一大挑戰。\n2. 老師是商事法、保險法方面的佼佼者，這堂課算是公司法的重點精華，但沒有講到全部，也可惜沒有講到票據法或是老師最擅長的保險法，但是針對這次的保單之亂，老師也有在上課稍微提到，但是補充最多的，就是大同案以及台新彰銀案，非常鉅細靡遺。\n老師真的有料!\n3. 關於期末的部分，確實需要相當的打字量，但是如果事先就有在電腦裡面擬答好的話，就有部分的題目可以直接複製貼上，如果有幸找到考古題就更好了>< 我自己在考試前就打了數萬字的擬答，考試時五題有三題可以無情複製貼上，開心。\n我不確定這樣的考法算不算法律系的常態，但是如果事先沒有擬答的話，真的會變成打字大賽。如果商管學院的朋友想要輕鬆獲得商事法學分的話，可以左轉國企系林麗真老師的商事法，分期中期末然後只要考選擇題，水分稍微多一些。\n4. 實體的時候上課只會留PPT，線上之後會留存直播檔案，PPT是指定課本的精華，基本上囊括大部分的考試範圍，只是字還是很多，爭點一堆積起來，再加上只有期末考，要讀的量還是很多，算是我這學期修到最硬的課。\n5. 第一次上課真的會爆滿，擠得水洩不通，最後加簽釋迦到教室座位坐滿，但是到學期中大概只剩下一半。\n上課時二氧化碳濃度很高xd\n大概是這樣，期末考前的涼度可以到四或五顆星，但是準備期末考時，各種爭點會看到懷疑人生，甜度不確定，等A+比例出來之後再看看吧(感覺今年的A+人數有變多)。\nPS. 考試要點真的很重要\n\n---\n其他同學的意見：\n\n我覺得期末考試要給差評，用打字上傳Ntu cool，真的有點太趕了，考了5-6題申論，光找法典就要花一些時間，比起一個法律考試更像是打字比賽，雖然最後A+，但真的非常不愉快，很多爭點有想到，還沒翻到法條就因為時間放棄寫上去了。\n但除此之外，老師是個用心的人，可以問他問題，也因為這門課是管院的，他會跳過一些瑣碎的爭點，但他說有問題還是可以問。\n\n我覺得修完課對公司法（還有一點企併跟證交法）比較熟悉，因為考前也把一整本劉連煜啃完，老師講義跟課也看了一遍。如果想要對現行公司法制有所了解的，這是一門很棒的入門課，但打字不夠快的要三思。""}]"
總體經濟學,劉憶如,財務金融學系,3,114-2,24019,Fin2006,5.0,5.0,5.0,3.0,"[""[User89010 | 113-2]: Very interesting and easy A subject""]","[{""User_ID"": ""User89010"", ""Semester"": ""113-2"", ""Rating_Quality"": null, ""Rating_Sweet"": null, ""Rating_Easy"": null, ""Rating_Rich"": null, ""Comment"": ""Very interesting and easy A subject""}]"
財務報告分析,陳明賢,財務金融學系,3,114-2,31021,Fin3002,,,,,"[""無評價""]",[]
財務報告分析,吳瑞萱,財務金融學系,3,114-2,18918,Fin3002,,,,,"[""無評價""]",[]
財金學術研究入門,姜堯民,財務金融學系,3,114-2,11749,Fin4003,,,,,"[""無評價""]",[]
稅務爭訟專題,蕭忠仁,財務金融學系、財務金融學研究所,3,114-2,42827,Fin5070,,,,,"[""[PTT | 106-2]: 轉載自 PTT 作者 ID: Hirugashuowl (及喀爾度)\n哪一學年度修課：\n\n106-2\n\nψ 授課教師 (若為多人合授請寫開課教師，以方便收錄)\n\n蕭忠仁 現職為台北高等行政法院法官\n\nλ 開課系所與授課對象 (是否為必修或通識課 / 內容是否與某些背景相關)\n\n財金系大學部與研究所選修\n\nδ 課程大概內容\n\n前兩週：老師講解行政救濟制度基礎觀念\n\n第三週開始：同學輪流上台導讀指定文章，內容包括學者論著、\n大法官釋字(705與746號)以及法院判決\n\n\nΩ 私心推薦指數(以五分計) ★★★★★\n\n對法律有概念，想進一步理解稅務訴訟者：★★★★★\n\n沒修過管院的課，想藉機沾染ELITE氣息者：★★★★\n\n習慣單純聽講，不喜歡討論與互動者：★★★ (每個人都至少要報告一次)\n\n口才欠佳或上台容易緊張者：★★ (同學會提出非常有深度的問題)\n\n重視夜間娛樂生活或需要長時間通勤者：★ (課開在晚上，21:30才下課)\n\nη 上課用書(影印講義或是指定教科書)\n\n無，會印製各週指定閱讀文獻\n\nμ 上課方式(投影片、團體討論、老師教學風格)\n\n通常是老師先開場講解本週主題重點觀念約1小時，接著由當週負責同學\n報告1~1.5小時，剩下的時間由老師主持開放所有同學自由討論。\n\nσ 評分方式(給分甜嗎？是紮實分？)\n\n甜到翻天，只要讓老師感覺到你有用心學習，分數都不會是問題\n\nρ 考題型式、作業方式\n\n口頭報告、平時上課討論以及期末5頁以上的小論文(主題不限，與稅法有關即可)\n個別比重不清楚\n\nω 其它(是否注重出席率？如果為外系選修，需先有什麼基礎較好嗎？老師個性？\n加簽習慣？嚴禁遲到等…)\n\n班上人數不多，沒來很容易察覺，若不克出席最好事先請假。\n\n第一堂課老師會先調查同學學識背景，非管院或法學院者會被柔性勸退，目的是\n希望修課同學有基本的法律知識，不然閱讀文獻會有困難。如果是法學院同學若\n能具備經濟或會計概念更佳。\n\n原則上禁止旁聽，但這次有一位之前修過老師在管院大學部開的必修，且去年\n考上司法官的學姊破例允許參與，不過必須跟其他同學一起上台報告以及撰寫\n期末論文。\n\n\nΨ 總結\n\n老師知識淵博且溫文儒雅，若能耐得住性子專心聽講會學到很多東西，且不只\n是法學專業，也常常分享過去求學以及準備國家考試的經驗，很適合有志從事\n法律實務工作者修習聆聽。\n\n\n\n--\n╭ 這篇文章讓你覺得？═════════════════════════╮\n║ by ycat ║y\n║ ──+ ︵ ︵ . .！ ˇ ˇ ╲ ╱ ˇˇ || ◣ ◢║c\n║￣﹀￣ ￣▽￣ ▄ ▇△▇ ≧﹏≦b ￣︶￣y ￣–￣ 皿 ║a\n║ 新奇 溫馨 誇張 難過 實用 高興 無聊 生氣 ║t\n╰══════════════════════════════════ ╯\n\n--\n\n原文網址: https://www.ptt.cc/bbs/NTUcourse/M.1530891944.A.2CC.html""]","[{""User_ID"": ""PTT"", ""Semester"": ""106-2"", ""Rating_Quality"": null, ""Rating_Sweet"": null, ""Rating_Easy"": null, ""Rating_Rich"": null, ""Comment"": ""轉載自 PTT 作者 ID: Hirugashuowl (及喀爾度)\n哪一學年度修課：\n\n106-2\n\nψ 授課教師 (若為多人合授請寫開課教師，以方便收錄)\n\n蕭忠仁 現職為台北高等行政法院法官\n\nλ 開課系所與授課對象 (是否為必修或通識課 / 內容是否與某些背景相關)\n\n財金系大學部與研究所選修\n\nδ 課程大概內容\n\n前兩週：老師講解行政救濟制度基礎觀念\n\n第三週開始：同學輪流上台導讀指定文章，內容包括學者論著、\n大法官釋字(705與746號)以及法院判決\n\n\nΩ 私心推薦指數(以五分計) ★★★★★\n\n對法律有概念，想進一步理解稅務訴訟者：★★★★★\n\n沒修過管院的課，想藉機沾染ELITE氣息者：★★★★\n\n習慣單純聽講，不喜歡討論與互動者：★★★ (每個人都至少要報告一次)\n\n口才欠佳或上台容易緊張者：★★ (同學會提出非常有深度的問題)\n\n重視夜間娛樂生活或需要長時間通勤者：★ (課開在晚上，21:30才下課)\n\nη 上課用書(影印講義或是指定教科書)\n\n無，會印製各週指定閱讀文獻\n\nμ 上課方式(投影片、團體討論、老師教學風格)\n\n通常是老師先開場講解本週主題重點觀念約1小時，接著由當週負責同學\n報告1~1.5小時，剩下的時間由老師主持開放所有同學自由討論。\n\nσ 評分方式(給分甜嗎？是紮實分？)\n\n甜到翻天，只要讓老師感覺到你有用心學習，分數都不會是問題\n\nρ 考題型式、作業方式\n\n口頭報告、平時上課討論以及期末5頁以上的小論文(主題不限，與稅法有關即可)\n個別比重不清楚\n\nω 其它(是否注重出席率？如果為外系選修，需先有什麼基礎較好嗎？老師個性？\n加簽習慣？嚴禁遲到等…)\n\n班上人數不多，沒來很容易察覺，若不克出席最好事先請假。\n\n第一堂課老師會先調查同學學識背景，非管院或法學院者會被柔性勸退，目的是\n希望修課同學有基本的法律知識，不然閱讀文獻會有困難。如果是法學院同學若\n能具備經濟或會計概念更佳。\n\n原則上禁止旁聽，但這次有一位之前修過老師在管院大學部開的必修，且去年\n考上司法官的學姊破例允許參與，不過必須跟其他同學一起上台報告以及撰寫\n期末論文。\n\n\nΨ 總結\n\n老師知識淵博且溫文儒雅，若能耐得住性子專心聽講會學到很多東西，且不只\n是法學專業，也常常分享過去求學以及準備國家考試的經驗，很適合有志從事\n法律實務工作者修習聆聽。\n\n\n\n--\n╭ 這篇文章讓你覺得？═════════════════════════╮\n║ by ycat ║y\n║ ──+ ︵ ︵ . .！ ˇ ˇ ╲ ╱ ˇˇ || ◣ ◢║c\n║￣﹀￣ ￣▽￣ ▄ ▇△▇ ≧﹏≦b ￣︶￣y ￣–￣ 皿 ║a\n║ 新奇 溫馨 誇張 難過 實用 高興 無聊 生氣 ║t\n╰══════════════════════════════════ ╯\n\n--\n\n原文網址: https://www.ptt.cc/bbs/NTUcourse/M.1530891944.A.2CC.html""}]"
國際企業導論,吳政衛,國際企業學系,3,114-2,28612,IB1006,,,,,"[""無評價""]",[]
統計學一下,游孝元,國際企業學系,3,114-2,36111,MGT2002,,,,,"[""無評價""]",[]
行銷管理,謝明慧,國際企業學系,3,114-2,26794,IB2008,3.0,3.0,4.0,4.0,"[""[User19757 | 111-2]: 以團體作業為主，所以很吃組員。老師是很有想法的人，但是在跟老師對話的時候常感覺她有點先入為主，不允許你反駁的感覺。""]","[{""User_ID"": ""User19757"", ""Semester"": ""111-2"", ""Rating_Quality"": null, ""Rating_Sweet"": null, ""Rating_Easy"": null, ""Rating_Rich"": null, ""Comment"": ""以團體作業為主，所以很吃組員。老師是很有想法的人，但是在跟老師對話的時候常感覺她有點先入為主，不允許你反駁的感覺。""}]"
國際企業管理,連勇智,國際企業學系、國際企業學研究所,3,114-2,16235,IB2010,,,,,"[""[PTT | 108-2]: 轉載自 PTT 作者 ID: hlyduck (鴨)\n哪一學年度修課：\n108-2\nψ 授課教師 (若為多人合授請寫開課教師，以方便收錄)\n連勇智\nλ 開課系所與授課對象 (是否為必修或通識課 / 內容是否與某些背景相關)\n國企系大二必修\nδ 課程大概內容\nCh1 Globalization\nCh2 Understanding Politics, Laws, and Economics\nCh3 Culture, Ethics, and Norms\nCh4 Leveraging Capabilities Globally\nCh5 International Trade\nCh6 Investing Abroad FDI\nCh9 Entrepreneurial Firms\nCh10 Enter Foreign Markets\nCh11 Global Competitive Dynamics\nCh12 Alliance & Acquisitions\nCh13 Strategy and Structure\nCh15 Marketing & Supply Chain Management\nΩ 私心推薦指數(以五分計) ★★★★★\n★★★★★ ……吧？\nη 上課用書(影印講義或是指定教科書)\nGlobal Business, 4th edition, Mike Peng\nμ 上課方式(投影片、團體討論、老師教學風格)\n老師會印出投影片發下來做為上課講義。\n上課時可以感覺到老師有很豐富的知識及見聞，不過老師不太擅長掌握上課氛圍和節奏的樣子。課程進行到後半學期時老師的廢話比例有稍微上升，接著發現進度有點落後又開啟趕課模式。\n課程最後20分鐘是每週輪流的小組closing case報告及提問。\nσ 評分方式(給分甜嗎？是紮實分？)\n10% 課堂表現\n35% 小組報告\n25% 期中考\n30% 期末考\n根據原始成績的分布，經過常態分配轉換產生最後成績，個人覺得算是紮實甜\nρ 考題型式、作業方式\n期中考滿分100，選擇60分、問答40分。期末考滿分100，選擇80分、問答20分。\n投影片和個案有讀有分數！考試不會考範圍外或很難的延伸，上課內容讀熟就能拿高分。\n作業的話，老師每週會發個案文章，小組內討論後寫一份A4雙面以內的心得，包括文章簡述、問題回答及延伸討論。\n小組報告的內容是課本裡的closing case，過程也是文章簡述、問題回答及延伸討論。除了每週的報告組以外，老師也會指定提問組。\nω 其它(是否注重出席率？如果為外系選修，需先有什麼基礎較好嗎？老師個性？\n加簽習慣？嚴禁遲到等…)\n除了當週的報告組和提問組要出席以外，老師應該不太在意出席或遲到早退。\n廢話的比例有一點偏高，老師會講跟課程無關的他的人生故事。\n老師常常上課講到一半在不太重要的地方停下來問「是不是？同學是不是這樣？」但是都沒有人回答他……\nΨ 總結\n其實課程內容本身算滿有趣的，只是自己讀比較不浪費時間就是了。\n\n--\n\n--\n\n原文網址: https://www.ptt.cc/bbs/NTUcourse/M.1594402209.A.186.html""]","[{""User_ID"": ""PTT"", ""Semester"": ""108-2"", ""Rating_Quality"": null, ""Rating_Sweet"": null, ""Rating_Easy"": null, ""Rating_Rich"": null, ""Comment"": ""轉載自 PTT 作者 ID: hlyduck (鴨)\n哪一學年度修課：\n108-2\nψ 授課教師 (若為多人合授請寫開課教師，以方便收錄)\n連勇智\nλ 開課系所與授課對象 (是否為必修或通識課 / 內容是否與某些背景相關)\n國企系大二必修\nδ 課程大概內容\nCh1 Globalization\nCh2 Understanding Politics, Laws, and Economics\nCh3 Culture, Ethics, and Norms\nCh4 Leveraging Capabilities Globally\nCh5 International Trade\nCh6 Investing Abroad FDI\nCh9 Entrepreneurial Firms\nCh10 Enter Foreign Markets\nCh11 Global Competitive Dynamics\nCh12 Alliance & Acquisitions\nCh13 Strategy and Structure\nCh15 Marketing & Supply Chain Management\nΩ 私心推薦指數(以五分計) ★★★★★\n★★★★★ ……吧？\nη 上課用書(影印講義或是指定教科書)\nGlobal Business, 4th edition, Mike Peng\nμ 上課方式(投影片、團體討論、老師教學風格)\n老師會印出投影片發下來做為上課講義。\n上課時可以感覺到老師有很豐富的知識及見聞，不過老師不太擅長掌握上課氛圍和節奏的樣子。課程進行到後半學期時老師的廢話比例有稍微上升，接著發現進度有點落後又開啟趕課模式。\n課程最後20分鐘是每週輪流的小組closing case報告及提問。\nσ 評分方式(給分甜嗎？是紮實分？)\n10% 課堂表現\n35% 小組報告\n25% 期中考\n30% 期末考\n根據原始成績的分布，經過常態分配轉換產生最後成績，個人覺得算是紮實甜\nρ 考題型式、作業方式\n期中考滿分100，選擇60分、問答40分。期末考滿分100，選擇80分、問答20分。\n投影片和個案有讀有分數！考試不會考範圍外或很難的延伸，上課內容讀熟就能拿高分。\n作業的話，老師每週會發個案文章，小組內討論後寫一份A4雙面以內的心得，包括文章簡述、問題回答及延伸討論。\n小組報告的內容是課本裡的closing case，過程也是文章簡述、問題回答及延伸討論。除了每週的報告組以外，老師也會指定提問組。\nω 其它(是否注重出席率？如果為外系選修，需先有什麼基礎較好嗎？老師個性？\n加簽習慣？嚴禁遲到等…)\n除了當週的報告組和提問組要出席以外，老師應該不太在意出席或遲到早退。\n廢話的比例有一點偏高，老師會講跟課程無關的他的人生故事。\n老師常常上課講到一半在不太重要的地方停下來問「是不是？同學是不是這樣？」但是都沒有人回答他……\nΨ 總結\n其實課程內容本身算滿有趣的，只是自己讀比較不浪費時間就是了。\n\n--\n\n--\n\n原文網址: https://www.ptt.cc/bbs/NTUcourse/M.1594402209.A.186.html""}]"
國際企業管理,何筱文,國際企業學系、國際企業學研究所,3,114-2,50898,IB2010,5.0,4.0,5.0,2.0,"[""[User83252 | 114-1]: This course is designed to provide a comprehensive understanding of how to plan, organize, lead, and control business operations across national borders. It combines core business functions with the complexities of the global environment.\nLectures, In-class Discussions, Roleplay\nTextbook, PPT Slides\nDeal Negotiation Roleplay, Group Presentation\nThis course was highly valuable, offering a strong mix of practical and theoretical knowledge on global business complexities. The instructor was excellent, delivering challenging concepts with clarity and enthusiasm. Crucially, the workload felt perfectly matched to the class flow, making it a well-paced and manageable learning journey. The standout roleplay assignment provided crucial practical experience in cross-cultural dynamics and negotiation, significantly deepening my understanding of theoretical frameworks.""]","[{""User_ID"": ""User83252"", ""Semester"": ""114-1"", ""Rating_Quality"": null, ""Rating_Sweet"": null, ""Rating_Easy"": null, ""Rating_Rich"": null, ""Comment"": ""This course is designed to provide a comprehensive understanding of how to plan, organize, lead, and control business operations across national borders. It combines core business functions with the complexities of the global environment.\nLectures, In-class Discussions, Roleplay\nTextbook, PPT Slides\nDeal Negotiation Roleplay, Group Presentation\nThis course was highly valuable, offering a strong mix of practical and theoretical knowledge on global business complexities. The instructor was excellent, delivering challenging concepts with clarity and enthusiasm. Crucially, the workload felt perfectly matched to the class flow, making it a well-paced and manageable learning journey. The standout roleplay assignment provided crucial practical experience in cross-cultural dynamics and negotiation, significantly deepening my understanding of theoretical frameworks.""}]"
財務管理,盧秋玲,國際企業學系、國際企業學研究所,3,114-2,44420,IB2012,4.5,4.5,3.0,5.0,"[""[User78492 | 111-1]: 會從公司治理開始教，會是比較基礎的內容，但都是很實用的，上課的舉例蠻生活化的！\n老師自己的投影片、兩個個案\n以老師的上傳的投影片為主即可！\n個案作業分數、期中跟期末考（忘了有沒有出席成績了）\n老師人真的很和善親切，教學也很扎實、不會趕課，考試難易度也適中！""]","[{""User_ID"": ""User78492"", ""Semester"": ""111-1"", ""Rating_Quality"": null, ""Rating_Sweet"": null, ""Rating_Easy"": null, ""Rating_Rich"": null, ""Comment"": ""會從公司治理開始教，會是比較基礎的內容，但都是很實用的，上課的舉例蠻生活化的！\n老師自己的投影片、兩個個案\n以老師的上傳的投影片為主即可！\n個案作業分數、期中跟期末考（忘了有沒有出席成績了）\n老師人真的很和善親切，教學也很扎實、不會趕課，考試難易度也適中！""}]"
商事法,洪瑞燦,國際企業學系,3,114-2,16451,IB2013,4.5,3.5,2.0,4.5,"[""[bjcoffee | 110-2]: 公司法(~8堂課)、證券交易法(4堂課)、票據法(~3堂課)\n個人認為不太需要先修民法概要，雖然有一些總則跟債總的觀念會比較好\n演講課\n老師上課的方式蠻嚴謹，雖然比較少跟同學一來一往的互動，不過偶爾還是會走下來問同學對某個判決/法條的看法\n另外，不知道是不是因為教室設備或麥克風的關係，有時候老師講課的聲音有點小聲，某些字詞可能聽不太清楚，學期後半段用遠距上課就沒有該情形\n下課問老師問題他會很詳細的解釋，推\n老師的投影片 (內容充實) 會印成講義放在教室前面\n要自備小六法，但個人認為法規資料庫網站比較實用\n參考書籍: 個人認為元照出版的商事法(第八版)不錯，編排跟老師上課的內容差不多\n無作業\n考試: 期中考(選擇、簡答、申論) + 期末考(形式未知, 110-2未考)\n課程網上: 期中考1/3；期末考1/3；平時成績1/3\n教授: max{(期中考成績, 期末考成績)}*2/3 + min{(期中考成績, 期末考成績)}*1/3\n110-2實際: 取消期末考，由期中考成績換算調分\n推，沒有想像中的硬，雖然應該是管院的法律課程中比較扎實的\n個人覺得可能是因為商事法本身性質的關係，老師講解實例的機會較民法概要少，有些可惜""]","[{""User_ID"": ""bjcoffee"", ""Semester"": ""110-2"", ""Rating_Quality"": null, ""Rating_Sweet"": null, ""Rating_Easy"": null, ""Rating_Rich"": null, ""Comment"": ""公司法(~8堂課)、證券交易法(4堂課)、票據法(~3堂課)\n個人認為不太需要先修民法概要，雖然有一些總則跟債總的觀念會比較好\n演講課\n老師上課的方式蠻嚴謹，雖然比較少跟同學一來一往的互動，不過偶爾還是會走下來問同學對某個判決/法條的看法\n另外，不知道是不是因為教室設備或麥克風的關係，有時候老師講課的聲音有點小聲，某些字詞可能聽不太清楚，學期後半段用遠距上課就沒有該情形\n下課問老師問題他會很詳細的解釋，推\n老師的投影片 (內容充實) 會印成講義放在教室前面\n要自備小六法，但個人認為法規資料庫網站比較實用\n參考書籍: 個人認為元照出版的商事法(第八版)不錯，編排跟老師上課的內容差不多\n無作業\n考試: 期中考(選擇、簡答、申論) + 期末考(形式未知, 110-2未考)\n課程網上: 期中考1/3；期末考1/3；平時成績1/3\n教授: max{(期中考成績, 期末考成績)}*2/3 + min{(期中考成績, 期末考成績)}*1/3\n110-2實際: 取消期末考，由期中考成績換算調分\n推，沒有想像中的硬，雖然應該是管院的法律課程中比較扎實的\n個人覺得可能是因為商事法本身性質的關係，老師講解實例的機會較民法概要少，有些可惜""}]"
國際企業經營策略,莊正民,國際企業學系,3,114-2,22319,IB3008,,,,,"[""[PTT | 104-1]: 轉載自 PTT 作者 ID: joeykim (嚇壞寶寶了)\n哪一學年度修課：\n104-1\n\nψ 授課教師 (若為多人合授請寫開課教師，以方便收錄)\n莊正民 教授\n\nλ 開課系所與授課對象 (是否為必修或通識課 / 內容是否與某些背景相關)\n台大國企所，碩二課程，但也有看到大學部來修，\n老師第一堂課會極力勸退非碩二的學生，但個人覺得這是一個\n入門國際企業管理的好課程\n但記住組員真得是世界重要，因為主要是討論個案，所以組員擺爛就完蛋！\n\nδ 課程大概內容\n國際企業管理(個案式教學)\n國際企業涵蓋營利、非營利\n大致上跟著課本、個案走\n\nΩ 私心推薦指數(以五分計) ★★★★★\n個人極推薦 ★★★★★★★\n純粹想當涼課 ★\n\nη 上課用書(影印講義或是指定教科書)\n指定用書為 Barlett的 Transnational Management:\nText,Cases,and readings in cross-Broader Management 7th，\n另外老師也建議可以買一本已經絕版的無國界管理，\n也是指定用書作者所寫的，基本上可以當作是課本的中譯本來讀了，\n老師上課也會發非常非常多指定閱讀資料，\n有時上課也會發ppt，總體來說是個超過3學分的閱讀量\n，但不見得每個人都會唸完就是了XD，但對我來說不是涼課，但是良課！\n\nμ 上課方式(投影片、團體討論、老師教學風格)\n教學風格會先自己講述上禮拜閱讀資料的重點，\n然後再請各組利用一節課左右時間上台報告負責的個案\n（互動式的個案討論，但老師有時也會下海），\n最後一堂課老師可能會花30分鐘帶個案。\n\nσ 評分方式(給分甜嗎？是紮實分？)\n的確是扎實分！但強者還是可以拿到A+啦！\n\nρ 考題型式、作業方式\n考試為申論題(申論+小個案)，申論鑽石模型等上課提及的概念。\n作業形式為幾乎每週都要交的write up ，以及小組逐字稿，\n反正就是每週崩潰的write up。\n\nω 其它(是否注重出席率？如果為外系選修，需先有什麼基礎較好嗎？老師個性？\n加簽習慣？嚴禁遲到等…)\n出席好像沒有想像中重要，雖然後期助教有希望大家不要缺席，\n但缺席很多次的人也沒被當掉！\n老師個性比較感覺難以親近，但是他說的字字珠璣，\n讓我對於國際企業管理有很深的感觸，\n還有建議在準備報告上，可以尋找學長姐或老師給予意見，\n不然會覺得孤立無援，然後在台上被老師釘！\n\nΨ 總結\n是我這學期最喜歡的課！\n雖然每週在繳交write up前覺得很崩潰，但也對於國際企業有更深刻的理解！\n\n--\n\n原文網址: https://www.ptt.cc/bbs/NTUcourse/M.1454413053.A.DE2.html""]","[{""User_ID"": ""PTT"", ""Semester"": ""104-1"", ""Rating_Quality"": null, ""Rating_Sweet"": null, ""Rating_Easy"": null, ""Rating_Rich"": null, ""Comment"": ""轉載自 PTT 作者 ID: joeykim (嚇壞寶寶了)\n哪一學年度修課：\n104-1\n\nψ 授課教師 (若為多人合授請寫開課教師，以方便收錄)\n莊正民 教授\n\nλ 開課系所與授課對象 (是否為必修或通識課 / 內容是否與某些背景相關)\n台大國企所，碩二課程，但也有看到大學部來修，\n老師第一堂課會極力勸退非碩二的學生，但個人覺得這是一個\n入門國際企業管理的好課程\n但記住組員真得是世界重要，因為主要是討論個案，所以組員擺爛就完蛋！\n\nδ 課程大概內容\n國際企業管理(個案式教學)\n國際企業涵蓋營利、非營利\n大致上跟著課本、個案走\n\nΩ 私心推薦指數(以五分計) ★★★★★\n個人極推薦 ★★★★★★★\n純粹想當涼課 ★\n\nη 上課用書(影印講義或是指定教科書)\n指定用書為 Barlett的 Transnational Management:\nText,Cases,and readings in cross-Broader Management 7th，\n另外老師也建議可以買一本已經絕版的無國界管理，\n也是指定用書作者所寫的，基本上可以當作是課本的中譯本來讀了，\n老師上課也會發非常非常多指定閱讀資料，\n有時上課也會發ppt，總體來說是個超過3學分的閱讀量\n，但不見得每個人都會唸完就是了XD，但對我來說不是涼課，但是良課！\n\nμ 上課方式(投影片、團體討論、老師教學風格)\n教學風格會先自己講述上禮拜閱讀資料的重點，\n然後再請各組利用一節課左右時間上台報告負責的個案\n（互動式的個案討論，但老師有時也會下海），\n最後一堂課老師可能會花30分鐘帶個案。\n\nσ 評分方式(給分甜嗎？是紮實分？)\n的確是扎實分！但強者還是可以拿到A+啦！\n\nρ 考題型式、作業方式\n考試為申論題(申論+小個案)，申論鑽石模型等上課提及的概念。\n作業形式為幾乎每週都要交的write up ，以及小組逐字稿，\n反正就是每週崩潰的write up。\n\nω 其它(是否注重出席率？如果為外系選修，需先有什麼基礎較好嗎？老師個性？\n加簽習慣？嚴禁遲到等…)\n出席好像沒有想像中重要，雖然後期助教有希望大家不要缺席，\n但缺席很多次的人也沒被當掉！\n老師個性比較感覺難以親近，但是他說的字字珠璣，\n讓我對於國際企業管理有很深的感觸，\n還有建議在準備報告上，可以尋找學長姐或老師給予意見，\n不然會覺得孤立無援，然後在台上被老師釘！\n\nΨ 總結\n是我這學期最喜歡的課！\n雖然每週在繳交write up前覺得很崩潰，但也對於國際企業有更深刻的理解！\n\n--\n\n原文網址: https://www.ptt.cc/bbs/NTUcourse/M.1454413053.A.DE2.html""}]"
國際企業經營策略,邱宏仁,國際企業學系、國際企業學研究所,3,114-2,12222,IB5059,3.5,4.3,4.4,2.6,"[""[User10652 | 114-2]: Every week the professor gives a broad topic for which he has prepared a slide deck, a written case from the real world as well as some additional material. In the lessons he discusses those materials, afterwards students can participate in an online discussion forum.\nThe teacher goes through the mentioned material, sometimes asking questions to students.\nslide decks for each topic with theoretical knowledge, written case from the real world, additional material (videos, articles...)\nstudents can participate in online discussions, every student has to hold one presentation in a group, the final exam consists of 4 question related to topics from the semester\nfinal exam, presentation, in class participation, participation in online forum\nI liked how the professor used real world examples and cases. The professor often jumped around different materials which made it often hard to follow in class.""]","[{""User_ID"": ""User10652"", ""Semester"": ""114-2"", ""Rating_Quality"": null, ""Rating_Sweet"": null, ""Rating_Easy"": null, ""Rating_Rich"": null, ""Comment"": ""Every week the professor gives a broad topic for which he has prepared a slide deck, a written case from the real world as well as some additional material. In the lessons he discusses those materials, afterwards students can participate in an online discussion forum.\nThe teacher goes through the mentioned material, sometimes asking questions to students.\nslide decks for each topic with theoretical knowledge, written case from the real world, additional material (videos, articles...)\nstudents can participate in online discussions, every student has to hold one presentation in a group, the final exam consists of 4 question related to topics from the semester\nfinal exam, presentation, in class participation, participation in online forum\nI liked how the professor used real world examples and cases. The professor often jumped around different materials which made it often hard to follow in class.""}]"
總體經濟學,趙捷謙,國際企業學系、國際企業學研究所,3,114-2,40640,IB5005,,,,,"[""無評價""]",[]
金融計算,王之彥,國際企業學系、國際企業學研究所,3,114-2,34985,IB5017,5.0,3.0,2.0,5.0,"[""[User45221 | 109-2]: 金融商品的一些基礎和四種常見評價方式\n一般授課，也會提供課程的錄影\n疫情期間老師則是改為NTU COOL撥放課程影片\n老師自編教材\n沒有考試，但有5次作業+3次Extra Bonus\n每份作業都有Basic Requirement(80%)和Bonus(10-15%)，單次作業成績滿分會<100\n嚴格禁止抄襲，所以要拿捏好跟同學組隊寫作業討論的分寸喔\n\n作業都一定會給兩周的期限，第二份作業一定是從前一份作業Demo完後開始再計兩週，以這點來說非常佛心\n如果作業都有好好寫，Extra Bonus不用全做也是可能成績破表的\n\n程式語言老師會以VBA為準，但不局限於此，只要可以code出來老師其實都接受的\n5次常規程式作業(92%)\nExtra Bonus(10-15%)\n課程參與(+2-3%)\n\n課程參與是指老師會不定期點名，有在的話就會加分\n老師授課非常的深入淺出，人也很好，各種policy都可以看出來老師很體諒學生\n如果對產品定價好奇的話可以上上看，確定自己對這個方向有沒有興趣。但對於之前沒有概念的人來說剛開始會有點辛苦\n記得上這門課要留夠多的時間，因為作業都是coding，滿花時間的，加上Extra Bonus的Demo時間跟最後一次作業很接近，想成績好看一點的人最好要注意一下時間規劃""]","[{""User_ID"": ""User45221"", ""Semester"": ""109-2"", ""Rating_Quality"": null, ""Rating_Sweet"": null, ""Rating_Easy"": null, ""Rating_Rich"": null, ""Comment"": ""金融商品的一些基礎和四種常見評價方式\n一般授課，也會提供課程的錄影\n疫情期間老師則是改為NTU COOL撥放課程影片\n老師自編教材\n沒有考試，但有5次作業+3次Extra Bonus\n每份作業都有Basic Requirement(80%)和Bonus(10-15%)，單次作業成績滿分會<100\n嚴格禁止抄襲，所以要拿捏好跟同學組隊寫作業討論的分寸喔\n\n作業都一定會給兩周的期限，第二份作業一定是從前一份作業Demo完後開始再計兩週，以這點來說非常佛心\n如果作業都有好好寫，Extra Bonus不用全做也是可能成績破表的\n\n程式語言老師會以VBA為準，但不局限於此，只要可以code出來老師其實都接受的\n5次常規程式作業(92%)\nExtra Bonus(10-15%)\n課程參與(+2-3%)\n\n課程參與是指老師會不定期點名，有在的話就會加分\n老師授課非常的深入淺出，人也很好，各種policy都可以看出來老師很體諒學生\n如果對產品定價好奇的話可以上上看，確定自己對這個方向有沒有興趣。但對於之前沒有概念的人來說剛開始會有點辛苦\n記得上這門課要留夠多的時間，因為作業都是coding，滿花時間的，加上Extra Bonus的Demo時間跟最後一次作業很接近，想成績好看一點的人最好要注意一下時間規劃""}]"
國際併購與重組管理,邱宏仁,國際企業學系、國際企業學研究所,3,114-2,45803,IB5063,3.4,4.4,4.2,2.5,"[""[User78148 | 114-1]: Although the Prof seems very knowledgeable in this field, his way of teaching is definitely not for everyone. It is pretty much a course for self-study since it is highly difficult to follow anything the prof is trying to say in class.""]","[{""User_ID"": ""User78148"", ""Semester"": ""114-1"", ""Rating_Quality"": null, ""Rating_Sweet"": null, ""Rating_Easy"": null, ""Rating_Rich"": null, ""Comment"": ""Although the Prof seems very knowledgeable in this field, his way of teaching is definitely not for everyone. It is pretty much a course for self-study since it is highly difficult to follow anything the prof is trying to say in class.""}]"
大數據行銷,任立中,國際企業學系、國際企業學研究所、統計碩士學位學程,3,114-2,11523,IB5082,5.0,4.0,4.5,3.8,"[""[金賀 | 111-2]: 都是影片教學，但是完全可以學到東西，助教的影片也非常仔細\n但學到的東西就比較偏應用面，數學相關的推導都不會需要理解\n算是體驗最簡單的行銷數據應用課程""]","[{""User_ID"": ""金賀"", ""Semester"": ""111-2"", ""Rating_Quality"": null, ""Rating_Sweet"": null, ""Rating_Easy"": null, ""Rating_Rich"": null, ""Comment"": ""都是影片教學，但是完全可以學到東西，助教的影片也非常仔細\n但學到的東西就比較偏應用面，數學相關的推導都不會需要理解\n算是體驗最簡單的行銷數據應用課程""}]"
知識經濟與人力分析,盧信昌,國際企業學系、國際企業學研究所,3,114-2,23095,IB5053,,,,,"[""無評價""]",[]
創業家思維與創業實務管理,林益全,國際企業學系、國際企業學研究所,3,114-2,47133,IB5088,,,,,"[""無評價""]",[]
統計學一下,陳靜枝,資訊管理學系,3,114-2,41870,MGT2002,,,,,"[""無評價""]",[]
作業系統,陳建錦,資訊管理學系,3,114-2,17476,IM2003,,,,,"[""無評價""]",[]
資管專題一,莊裕澤,資訊管理學系,2,114-2,15445,IM3009,,,,,"[""無評價""]",[]
資管專題一,曹承礎,資訊管理學系,2,114-2,41611,IM3009,,,,,"[""無評價""]",[]
資管專題一,林永松,資訊管理學系,2,114-2,39738,IM3009,,,,,"[""無評價""]",[]
資管專題一,蔡益坤,資訊管理學系,2,114-2,10343,IM3009,,,,,"[""無評價""]",[]
資管專題一,魏志平,資訊管理學系,2,114-2,39698,IM3009,,,,,"[""無評價""]",[]
資管專題一,盧信銘,資訊管理學系,2,114-2,10787,IM3009,,,,,"[""無評價""]",[]
資管專題一,孔令傑,資訊管理學系,2,114-2,20949,IM3009,,,,,"[""無評價""]",[]
資管專題一,李家岩,資訊管理學系,2,114-2,24050,IM3009,,,,,"[""無評價""]",[]
計算理論,蔡益坤,資訊管理學系,3,114-2,55970,IM3006,,,,,"[""無評價""]",[]
作業研究,孔令傑,資訊管理學系,3,114-2,17595,IM2010,,,,,"[""[PTT | 108-2]: 轉載自 PTT 作者 ID: unmolk (UJ)\n哪一學年度修課：\n\n108-2\n\nψ 授課教師 (若為多人合授請寫開課教師，以方便收錄)\n\n孔令傑\n\nλ 開課系所與授課對象 (是否為必修或通識課 / 內容是否與某些背景相關)\n\n資管系選修\n\nδ 課程大概內容\n\n根據syllabus依各週進度條列：\n1. Overview and quiz\n2. Linear programming (LP)\n3. The simplex method\n4. Linearization technique & optimization software\n5. No class\n6. LP duality\n7. Integer programming (IP)\n8. Applications of IP\n9. Single-variate nonlinear programming (NLP)\n10. Multi-variate NLP: analysis\n11. Multi-variate NLP: algorithms\n12. Dynamic programming (DP)\n13. Applicaitons of DP\n14. Final Exam\n16. Advanced topics\n16. Final project presentations\n\nΩ 私心推薦指數(以五分計) ★★★★★\n\n★★★★☆\n\nη 上課用書(影印講義或是指定教科書)\n\nIntroduction to Operations Research ny Hillier and Lieberman, tenth edition, McGraw Hill.\nReference:\nIntroduction to Management Science: A modeling and Case Studies Approach with Spread-sheets\nby Hillier and Hillier.\nOperations Research: Applications and Algorithms by Winston\n管理科學：作業研究與電腦應用，陳文賢，陳靜枝\n\n老師會提供講義，書我自己有找到電子書，偶爾有想看更仔細的地方會去翻，不過基本上不用買，老師的講\n義已經夠清楚了。\n\nμ 上課方式(投影片、團體討論、老師教學風格)\n\n翻轉教室，上課前先看完當週影片後老師會在課堂上帶討論跟講解。不過這學期因為疫情的關係就取消實體\n講課的部分，只要看完影片並完成pre-lecture problems就好，我覺得滿可惜的。\n\n本堂課是英文授課，不過老師英文講得很清楚，開兩倍速也還是聽得懂，而且講義設計的也頗具脈絡。基本\n上小傑的課應該不會有教不好的情況發生ＸＤ上過小傑3.5門課覺得小傑的教學品質真的很有保障。\n\nσ 評分方式(給分甜嗎？是紮實分？)\n\n根據syllabus：\nLecture problems: 10%\nHomework: 15%\nCase assignments: 20%\nFinal exam: 25%\nFinal project: 30%\n\nLecture problem就是每週的小作業，每週大概會需要從10來題中選兩三題作答，有認真讀完應該不會花太\n多時間在上面，頂多有一兩次可能比較複雜，但我覺得滿簡單的，不要亂寫的話分數很好拿滿。\n\nHomework就是比較困難的Lecture problem，題目很活，頗吃觀念，要讀熟才不會寫不出來，不過寫完每次\n的homework對於該次作業的範圍（共有三次homework）都會有更清楚的了解。我自己每次homework大概都會\n花6-8小時完成，出來的分數也都近百，除了第一次我有一題漏寫ＸＤ所以應該也還算簡單。\n\nCase assignments有三次，這學期的做法是給一個固定的個案題目（這學期是做排班問題），每次的要求\n都會應用到截至目前為止的課程內容，是經過精良設計的作業，比較麻煩一點，不過有認真上課、有跟組員\n討論或是遇到問題提出來問的話應該都寫得出來。值得一提的是assignment 1是開課第一還第二週就出了，\n我猜老師應該沒有預期我們寫出多有insight的報告，但一開始看到的話的確會有點卻步，畢竟什麼都還沒\n學就要做作業可能有些人會被嚇退ＸＤ\n（補充：Case assignment是團體作業，每組3-5人。）\n\nFinal Exam的話，由於今年因為疫情關係改為遠端考試，所以出題方向跟之前不太一樣。先前的考試比較注\n重在計算上，我自己有刷一些考古，基本上lecture problem跟homework都有好好寫的話考個8、90應該不難\n，但今年考題風格大變ＸＤ觀念考很重，幾乎沒有瑣碎的計算，多半都是考某個方法或是理論背後的觀念以\n及為什麼會這樣，當然也會出情境題要你列出目標式跟限制式，但沒有要算的部分。\n\nFinal project也是團體作業，每組6-8人，要選一個作業研究能做的題目寫出完整的報告，並且提出具體的\n解決方法。有人做排班規劃問題、有人做Ubike的規劃、有人做午餐選擇障礙的解決方案，反正主題很多元\n，但是老師說題目要足夠重要，並且有足夠高的動機去說服他這個題目是重要且值得做的。\n\n筆者Lecture problem近滿、homework拿個9x、Case assignment拿85/100左右，期末考6x，專案分數好像不\n不錯，最後拿Ａ，覺得算甜（因為不難拿分）但不涼（作業有點多）。\n\nρ 考題型式、作業方式\n\n上面不小心寫完了ＸＤ那給一些分數百分比好了。\n每週的Lecture Problem的平均分數大約都落在4~6/10左右，三次homework的平均分別是77、85.9、58.5 /\n100，三次Case assignment是79.7、95.8、99.4/100，期末考的平均是52.4，最高與最低分是86、15。\n\nHomework的平均比我想得低一點，我以為會更高（？）期末考就跟我想的差不多，因為真的有點難，但也有\n可能是我太廢，嗚嗚。\n\nω 其它(是否注重出席率？如果為外系選修，需先有什麼基礎較好嗎？老師個性？\n加簽習慣？嚴禁遲到等…)\n\n需要有微積分跟線性代數的基礎，統計的話可能要一些初步的概念，不過因為只會在DP那邊用到機率函數而\n已，所以沒有其實我覺得也沒差。我自己是覺得線性代數觀念好的話會比較吃香，因為滿多地方都可以用線\n代的觀點去看，而且用線代去思考的話我覺得覺得會比較清楚。\n\n加簽全簽，不過第一堂課有不計分小考讓學生評估自己能不能負擔這門課。\n\n老師人很好～有上過小傑課應該就會知道老師的教學是很好的，而且課程設計也很有邏輯，基本上小傑的課\n就是品質保證，而且有什麼問題去問他都會清楚回答，真的痛哭流涕。\n\nΨ 總結\n\n課程規劃與教學上都不錯，想知道最佳化以及最佳化的應用的話可以來修。但我自己是覺得課程內容有點太\n簡單，第一堂課老師有放歷年的課程回饋，有人說很難他幾乎每週都花超多時間在這門課上，我自己是覺得\n不至於如此啦，不過作業有點多倒是真的。\n\n感覺這門課比較像是作業研究入門，你會知道LP IP DP在幹嘛，以及他能夠用在什麼地方（老師的講義會有\n個案舉例我覺得很棒，能夠知道這個算法能夠真的被應用在哪裡），但難度我真的覺得有點太簡單（？）做\n為大二以上的選修感覺可以再難一點，但也許現在的版本是老師調整過後覺得最平衡的狀態吧。不過這門課\n我修的很開心就是了哈哈，理論跟實務的應用都能學到，算是滿充實的，之後應該也會再修凸函數最佳化跟\n小傑的資訊經濟或是平台策略之類的～\n\n另外值得一提的是，這門課需雖然說不需要寫code，就算要處理最佳化問題的話也有現成的處理OR問題的語\n言（AMPL）可以處理，但我覺得會寫python或c++再import gurobi（也是一個處理最佳化的套件）的話在處\n理期末專案可能會比較好。不過ＡＭＰＬ滿簡單的，要整堂課都用ＡＭＰＬ處理也不是不行。\n\n最後，因為這門課是英語授課，會有三校聯盟的外籍生來修，會有跟外籍生同組的機會。跟外籍生同組的好\n處是可以練英文跟瞭解外國文化，但這學期依我的觀察，外籍生都很雷，至少他們在做事跟處理團體作業的\n能力應該是遠不如台灣學生，加上團體作業其實滿麻煩的，所以要慎選組員，不過我自己是滿喜歡跟外國人\n聊天所以就還好，但要有負擔比較多loading的心理準備。\n\n技術總結：不喜歡作業研究的人可以不要修，喜歡的人可以修。\n\n--\n\n原文網址: https://www.ptt.cc/bbs/NTUcourse/M.1594171103.A.E23.html""]","[{""User_ID"": ""PTT"", ""Semester"": ""108-2"", ""Rating_Quality"": null, ""Rating_Sweet"": null, ""Rating_Easy"": null, ""Rating_Rich"": null, ""Comment"": ""轉載自 PTT 作者 ID: unmolk (UJ)\n哪一學年度修課：\n\n108-2\n\nψ 授課教師 (若為多人合授請寫開課教師，以方便收錄)\n\n孔令傑\n\nλ 開課系所與授課對象 (是否為必修或通識課 / 內容是否與某些背景相關)\n\n資管系選修\n\nδ 課程大概內容\n\n根據syllabus依各週進度條列：\n1. Overview and quiz\n2. Linear programming (LP)\n3. The simplex method\n4. Linearization technique & optimization software\n5. No class\n6. LP duality\n7. Integer programming (IP)\n8. Applications of IP\n9. Single-variate nonlinear programming (NLP)\n10. Multi-variate NLP: analysis\n11. Multi-variate NLP: algorithms\n12. Dynamic programming (DP)\n13. Applicaitons of DP\n14. Final Exam\n16. Advanced topics\n16. Final project presentations\n\nΩ 私心推薦指數(以五分計) ★★★★★\n\n★★★★☆\n\nη 上課用書(影印講義或是指定教科書)\n\nIntroduction to Operations Research ny Hillier and Lieberman, tenth edition, McGraw Hill.\nReference:\nIntroduction to Management Science: A modeling and Case Studies Approach with Spread-sheets\nby Hillier and Hillier.\nOperations Research: Applications and Algorithms by Winston\n管理科學：作業研究與電腦應用，陳文賢，陳靜枝\n\n老師會提供講義，書我自己有找到電子書，偶爾有想看更仔細的地方會去翻，不過基本上不用買，老師的講\n義已經夠清楚了。\n\nμ 上課方式(投影片、團體討論、老師教學風格)\n\n翻轉教室，上課前先看完當週影片後老師會在課堂上帶討論跟講解。不過這學期因為疫情的關係就取消實體\n講課的部分，只要看完影片並完成pre-lecture problems就好，我覺得滿可惜的。\n\n本堂課是英文授課，不過老師英文講得很清楚，開兩倍速也還是聽得懂，而且講義設計的也頗具脈絡。基本\n上小傑的課應該不會有教不好的情況發生ＸＤ上過小傑3.5門課覺得小傑的教學品質真的很有保障。\n\nσ 評分方式(給分甜嗎？是紮實分？)\n\n根據syllabus：\nLecture problems: 10%\nHomework: 15%\nCase assignments: 20%\nFinal exam: 25%\nFinal project: 30%\n\nLecture problem就是每週的小作業，每週大概會需要從10來題中選兩三題作答，有認真讀完應該不會花太\n多時間在上面，頂多有一兩次可能比較複雜，但我覺得滿簡單的，不要亂寫的話分數很好拿滿。\n\nHomework就是比較困難的Lecture problem，題目很活，頗吃觀念，要讀熟才不會寫不出來，不過寫完每次\n的homework對於該次作業的範圍（共有三次homework）都會有更清楚的了解。我自己每次homework大概都會\n花6-8小時完成，出來的分數也都近百，除了第一次我有一題漏寫ＸＤ所以應該也還算簡單。\n\nCase assignments有三次，這學期的做法是給一個固定的個案題目（這學期是做排班問題），每次的要求\n都會應用到截至目前為止的課程內容，是經過精良設計的作業，比較麻煩一點，不過有認真上課、有跟組員\n討論或是遇到問題提出來問的話應該都寫得出來。值得一提的是assignment 1是開課第一還第二週就出了，\n我猜老師應該沒有預期我們寫出多有insight的報告，但一開始看到的話的確會有點卻步，畢竟什麼都還沒\n學就要做作業可能有些人會被嚇退ＸＤ\n（補充：Case assignment是團體作業，每組3-5人。）\n\nFinal Exam的話，由於今年因為疫情關係改為遠端考試，所以出題方向跟之前不太一樣。先前的考試比較注\n重在計算上，我自己有刷一些考古，基本上lecture problem跟homework都有好好寫的話考個8、90應該不難\n，但今年考題風格大變ＸＤ觀念考很重，幾乎沒有瑣碎的計算，多半都是考某個方法或是理論背後的觀念以\n及為什麼會這樣，當然也會出情境題要你列出目標式跟限制式，但沒有要算的部分。\n\nFinal project也是團體作業，每組6-8人，要選一個作業研究能做的題目寫出完整的報告，並且提出具體的\n解決方法。有人做排班規劃問題、有人做Ubike的規劃、有人做午餐選擇障礙的解決方案，反正主題很多元\n，但是老師說題目要足夠重要，並且有足夠高的動機去說服他這個題目是重要且值得做的。\n\n筆者Lecture problem近滿、homework拿個9x、Case assignment拿85/100左右，期末考6x，專案分數好像不\n不錯，最後拿Ａ，覺得算甜（因為不難拿分）但不涼（作業有點多）。\n\nρ 考題型式、作業方式\n\n上面不小心寫完了ＸＤ那給一些分數百分比好了。\n每週的Lecture Problem的平均分數大約都落在4~6/10左右，三次homework的平均分別是77、85.9、58.5 /\n100，三次Case assignment是79.7、95.8、99.4/100，期末考的平均是52.4，最高與最低分是86、15。\n\nHomework的平均比我想得低一點，我以為會更高（？）期末考就跟我想的差不多，因為真的有點難，但也有\n可能是我太廢，嗚嗚。\n\nω 其它(是否注重出席率？如果為外系選修，需先有什麼基礎較好嗎？老師個性？\n加簽習慣？嚴禁遲到等…)\n\n需要有微積分跟線性代數的基礎，統計的話可能要一些初步的概念，不過因為只會在DP那邊用到機率函數而\n已，所以沒有其實我覺得也沒差。我自己是覺得線性代數觀念好的話會比較吃香，因為滿多地方都可以用線\n代的觀點去看，而且用線代去思考的話我覺得覺得會比較清楚。\n\n加簽全簽，不過第一堂課有不計分小考讓學生評估自己能不能負擔這門課。\n\n老師人很好～有上過小傑課應該就會知道老師的教學是很好的，而且課程設計也很有邏輯，基本上小傑的課\n就是品質保證，而且有什麼問題去問他都會清楚回答，真的痛哭流涕。\n\nΨ 總結\n\n課程規劃與教學上都不錯，想知道最佳化以及最佳化的應用的話可以來修。但我自己是覺得課程內容有點太\n簡單，第一堂課老師有放歷年的課程回饋，有人說很難他幾乎每週都花超多時間在這門課上，我自己是覺得\n不至於如此啦，不過作業有點多倒是真的。\n\n感覺這門課比較像是作業研究入門，你會知道LP IP DP在幹嘛，以及他能夠用在什麼地方（老師的講義會有\n個案舉例我覺得很棒，能夠知道這個算法能夠真的被應用在哪裡），但難度我真的覺得有點太簡單（？）做\n為大二以上的選修感覺可以再難一點，但也許現在的版本是老師調整過後覺得最平衡的狀態吧。不過這門課\n我修的很開心就是了哈哈，理論跟實務的應用都能學到，算是滿充實的，之後應該也會再修凸函數最佳化跟\n小傑的資訊經濟或是平台策略之類的～\n\n另外值得一提的是，這門課需雖然說不需要寫code，就算要處理最佳化問題的話也有現成的處理OR問題的語\n言（AMPL）可以處理，但我覺得會寫python或c++再import gurobi（也是一個處理最佳化的套件）的話在處\n理期末專案可能會比較好。不過ＡＭＰＬ滿簡單的，要整堂課都用ＡＭＰＬ處理也不是不行。\n\n最後，因為這門課是英語授課，會有三校聯盟的外籍生來修，會有跟外籍生同組的機會。跟外籍生同組的好\n處是可以練英文跟瞭解外國文化，但這學期依我的觀察，外籍生都很雷，至少他們在做事跟處理團體作業的\n能力應該是遠不如台灣學生，加上團體作業其實滿麻煩的，所以要慎選組員，不過我自己是滿喜歡跟外國人\n聊天所以就還好，但要有負擔比較多loading的心理準備。\n\n技術總結：不喜歡作業研究的人可以不要修，喜歡的人可以修。\n\n--\n\n原文網址: https://www.ptt.cc/bbs/NTUcourse/M.1594171103.A.E23.html""}]"
軟體開發方法,蔡益坤,資訊管理學系、資訊管理學研究所,3,114-2,15680,IM5027,,,,,"[""無評價""]",[]
軟體專案管理,陳仲儼,資訊管理學系、資訊管理學研究所,3,114-2,13482,IM5028,,,,,"[""[PTT | 108-2]: 轉載自 PTT 作者 ID: heyimeow (heyi)\n哪一學年度修課： 108-2\n\nψ 授課教師 (若為多人合授請寫開課教師，以方便收錄)\n\n陳仲儼\n\nλ 開課系所與授課對象 (是否為必修或通識課 / 內容是否與某些背景相關)\n\n資管系 選修\n\nδ 課程大概內容\n\n第1週 課程介紹\n第2週 軟體專案管理方法論\n第3週 醞釀階段: 發展BC與MOV\n第4週 規劃階段: 建立專案基礎建設\n第5週 國定假日放假\n第6週 實務演講\n第7週 專案範圍管理與工作規劃\n第8週 專案時程規劃\n第9週 期中考\n第10週 專案成本管理與軟體成本預估\n第11週 軟體專案風險與管理\n第12週 軟體專案關鍵人員與溝通管理\n第13週 軟體與專案品質管理\n第14週 專案領導統御與道德\n第15週 系統上線、衝擊與變革、專案結案\n第16週 敏捷發展與管理 & 期末報告\n\n(取自ceiba)\n\nΩ 私心推薦指數(以五分計) ★★★★★\n\n★★★★☆ 四星半\n\nη 上課用書(影印講義或是指定教科書)\n\n老師的PPT，通常會在上課前兩天給PDF檔，可以自行評估要不要去印（上課要在講義上填空）\n\nμ 上課方式(投影片、團體討論、老師教學風格)\n\n用老師的PPT上課，PPT上的重點需要同學自己抄在講義上\n由於每次上完課後都有針對該次上課的小考，所以要邊抄邊記\n\n每週上課基本上就是 老師上課+小考\n期中前後就會開始每週小組報告，小組報告的內容就是該週老師上課的內容\n所以每週上課就會變成 老師上課+小組報告+小考\n\n中間的兩次下課都只有10分鐘，而且不一定是照鐘聲，有時是看老師講的進度決定\n但最後幾乎都會提早10分鐘下課，除非小組報告拖到時間\n\n老師上課會舉不少例子，包含貼近生活的範例或老師在企業中遇到的案例\n同時老師也非常歡迎同學提出問題或回答問題（有加分)\n\n課程是先講專案管理流程的overview，再開始細講每個步驟\n所以上到後半學期時，老師常常會問大家記不記得前面講overview時提到的東西\n\n整體來說，老師上課還滿井然有序(?)的\n一方面，老師會顧及學生的吸收能力而舉不少例子，也會以問問題的方式確認是否理解\n另一方面，老師又能抓好教學節奏，上課也幾乎不講多餘的廢話\n然後還能讓大家提早下課\n\n雖然稱不上是有趣的課，但這的確是能理解專案管理在幹嘛的一門課\n\nσ 評分方式(給分甜嗎？是紮實分？)\n\n甜，不涼\n\n期中考 25%\n期末考 25% → 後來改成期末報告\n小考 20%\n團體報告 20% → 每週會找一組報告的那個\n出席 10%\n\n老師很重視準不準時這件事，所以第一節課有時候會登記遲到的同學\n繳交報告&上台報告的時間也是，遲交或報告拖時間都會扣分\n不過上台報告拖一點點時間，老師是不至於直接叫人下台啦\n\nρ 考題型式、作業方式\n\n期中考是跟中央同時考（老師也在中央開一樣的課）\n所以期中考的時間是平日晚上（有事先調查兩班同學最有空的時段）\n考題以填空、計算為主，個人覺得不難\n\n報告是3或4人的小組（因為這門課修的人不多）\n助教會開估狗試算表，讓大家在上面填小組組員（也可以順便宣傳你想找組員）\n同時上面也已經排定每週的報告主題，基本上是先填先贏\n\n期末報告是要做一份模擬服務建議書&上台報告\n這次的主題是要建置一個資安系統\n個人覺得這個主題很難，尤其我這組全部都是文組外系生（包含我）\n所以做報告時還滿需要查找資料的能力\n\n每週的團體報告，老師會先給下週報告的小組他上課用的PPT，所以可以先預習\n報告內容主要是找補充資料\n可以是網路上找到的案例，也可以是同學實習遇到的相關經驗\n總之跟該週的主題有關就好\n然後要出題（大概4題），老師會從裡面抽1-2題來當小考題目\n\n小考的話全部都是填空，包含老師剛剛的上課內容和小組報告內容\n而且老師上課時就會說哪邊會考，所以真的不難\n每次大概2-4題\n\nω 其它(是否注重出席率？如果為外系選修，需先有什麼基礎較好嗎？老師個性？\n加簽習慣？嚴禁遲到等…)\n\n因為人數不多所以這次是全簽\n選課結束後會請大家填座位表，之後都要坐固定位置\n方便老師點人喊名字&記人\n\n不太需要什麼基礎，這門課也不寫程式，就是教軟體的專案管理\n\nΨ 總結\n\n老師人很好，不僅注重同學的意見，上課節奏也很好，也確實會學到東西\n不過專案管理這個領域還是以做中學為主，\n但這門課沒辦法給你什麼實務經驗，\n所以這門課大概就是給同學一些入門的基本概念\n\n--\n\n原文網址: https://www.ptt.cc/bbs/NTUcourse/M.1597909441.A.9C2.html""]","[{""User_ID"": ""PTT"", ""Semester"": ""108-2"", ""Rating_Quality"": null, ""Rating_Sweet"": null, ""Rating_Easy"": null, ""Rating_Rich"": null, ""Comment"": ""轉載自 PTT 作者 ID: heyimeow (heyi)\n哪一學年度修課： 108-2\n\nψ 授課教師 (若為多人合授請寫開課教師，以方便收錄)\n\n陳仲儼\n\nλ 開課系所與授課對象 (是否為必修或通識課 / 內容是否與某些背景相關)\n\n資管系 選修\n\nδ 課程大概內容\n\n第1週 課程介紹\n第2週 軟體專案管理方法論\n第3週 醞釀階段: 發展BC與MOV\n第4週 規劃階段: 建立專案基礎建設\n第5週 國定假日放假\n第6週 實務演講\n第7週 專案範圍管理與工作規劃\n第8週 專案時程規劃\n第9週 期中考\n第10週 專案成本管理與軟體成本預估\n第11週 軟體專案風險與管理\n第12週 軟體專案關鍵人員與溝通管理\n第13週 軟體與專案品質管理\n第14週 專案領導統御與道德\n第15週 系統上線、衝擊與變革、專案結案\n第16週 敏捷發展與管理 & 期末報告\n\n(取自ceiba)\n\nΩ 私心推薦指數(以五分計) ★★★★★\n\n★★★★☆ 四星半\n\nη 上課用書(影印講義或是指定教科書)\n\n老師的PPT，通常會在上課前兩天給PDF檔，可以自行評估要不要去印（上課要在講義上填空）\n\nμ 上課方式(投影片、團體討論、老師教學風格)\n\n用老師的PPT上課，PPT上的重點需要同學自己抄在講義上\n由於每次上完課後都有針對該次上課的小考，所以要邊抄邊記\n\n每週上課基本上就是 老師上課+小考\n期中前後就會開始每週小組報告，小組報告的內容就是該週老師上課的內容\n所以每週上課就會變成 老師上課+小組報告+小考\n\n中間的兩次下課都只有10分鐘，而且不一定是照鐘聲，有時是看老師講的進度決定\n但最後幾乎都會提早10分鐘下課，除非小組報告拖到時間\n\n老師上課會舉不少例子，包含貼近生活的範例或老師在企業中遇到的案例\n同時老師也非常歡迎同學提出問題或回答問題（有加分)\n\n課程是先講專案管理流程的overview，再開始細講每個步驟\n所以上到後半學期時，老師常常會問大家記不記得前面講overview時提到的東西\n\n整體來說，老師上課還滿井然有序(?)的\n一方面，老師會顧及學生的吸收能力而舉不少例子，也會以問問題的方式確認是否理解\n另一方面，老師又能抓好教學節奏，上課也幾乎不講多餘的廢話\n然後還能讓大家提早下課\n\n雖然稱不上是有趣的課，但這的確是能理解專案管理在幹嘛的一門課\n\nσ 評分方式(給分甜嗎？是紮實分？)\n\n甜，不涼\n\n期中考 25%\n期末考 25% → 後來改成期末報告\n小考 20%\n團體報告 20% → 每週會找一組報告的那個\n出席 10%\n\n老師很重視準不準時這件事，所以第一節課有時候會登記遲到的同學\n繳交報告&上台報告的時間也是，遲交或報告拖時間都會扣分\n不過上台報告拖一點點時間，老師是不至於直接叫人下台啦\n\nρ 考題型式、作業方式\n\n期中考是跟中央同時考（老師也在中央開一樣的課）\n所以期中考的時間是平日晚上（有事先調查兩班同學最有空的時段）\n考題以填空、計算為主，個人覺得不難\n\n報告是3或4人的小組（因為這門課修的人不多）\n助教會開估狗試算表，讓大家在上面填小組組員（也可以順便宣傳你想找組員）\n同時上面也已經排定每週的報告主題，基本上是先填先贏\n\n期末報告是要做一份模擬服務建議書&上台報告\n這次的主題是要建置一個資安系統\n個人覺得這個主題很難，尤其我這組全部都是文組外系生（包含我）\n所以做報告時還滿需要查找資料的能力\n\n每週的團體報告，老師會先給下週報告的小組他上課用的PPT，所以可以先預習\n報告內容主要是找補充資料\n可以是網路上找到的案例，也可以是同學實習遇到的相關經驗\n總之跟該週的主題有關就好\n然後要出題（大概4題），老師會從裡面抽1-2題來當小考題目\n\n小考的話全部都是填空，包含老師剛剛的上課內容和小組報告內容\n而且老師上課時就會說哪邊會考，所以真的不難\n每次大概2-4題\n\nω 其它(是否注重出席率？如果為外系選修，需先有什麼基礎較好嗎？老師個性？\n加簽習慣？嚴禁遲到等…)\n\n因為人數不多所以這次是全簽\n選課結束後會請大家填座位表，之後都要坐固定位置\n方便老師點人喊名字&記人\n\n不太需要什麼基礎，這門課也不寫程式，就是教軟體的專案管理\n\nΨ 總結\n\n老師人很好，不僅注重同學的意見，上課節奏也很好，也確實會學到東西\n不過專案管理這個領域還是以做中學為主，\n但這門課沒辦法給你什麼實務經驗，\n所以這門課大概就是給同學一些入門的基本概念\n\n--\n\n原文網址: https://www.ptt.cc/bbs/NTUcourse/M.1597909441.A.9C2.html""}]"
平臺策略,孔令傑,資訊管理學系、資訊管理學研究所、管理學院企業管理碩士專班(GMBA)、創業創新管理碩士在職專班,2,114-2,56895,GMBA7129,5.0,5.0,2.0,5.0,"[""[User43581 | 113-2]: 很紮實\n很親切\n很專業\n團隊\n95/100\n很喜歡""]","[{""User_ID"": ""User43581"", ""Semester"": ""113-2"", ""Rating_Quality"": null, ""Rating_Sweet"": null, ""Rating_Easy"": null, ""Rating_Rich"": null, ""Comment"": ""很紮實\n很親切\n很專業\n團隊\n95/100\n很喜歡""}]"
會計實證研究二,劉啟群,會計學研究所,3,114-2,11141,Acc8002,,,,,"[""無評價""]",[]
會計學專題研究討論二,尤琳蕙,會計學研究所,1,114-2,32214,Acc8007,,,,,"[""無評價""]",[]
會計學專題研究討論四,尤琳蕙,會計學研究所,1,114-2,42920,Acc8009,,,,,"[""無評價""]",[]
商業智慧與數據分析企業實作,劉順仁,會計學研究所,3,114-2,35360,Acc7015,,,,,"[""無評價""]",[]
風險管理,蔡志鴻,會計學研究所,3,114-2,16743,Fin5011,,,,,"[""無評價""]",[]
信用風險專題研討,廖咸興,財務金融學研究所,3,114-2,34084,Fin7019,,,,,"[""無評價""]",[]
行為財務學,張晏誠,財務金融學研究所,3,114-2,36634,Fin7066,,,,,"[""無評價""]",[]
利率衍生性商品市場,李賢源,財務金融學研究所,3,114-2,47369,Fin7065,,,,,"[""無評價""]",[]
保險財務管理,林姿婷,財務金融學研究所,3,114-2,45333,Fin5007,,,,,"[""無評價""]",[]
財務金融研討,曾俊凱,財務金融學研究所,3,114-2,43085,Fin8002,,,,,"[""無評價""]",[]
公司理財一,張景宏,財務金融學研究所,3,114-2,52461,Fin8052,,,,,"[""無評價""]",[]
計量經濟學二,陳宜廷,統計與數據科學研究所、財務金融學研究所,3,114-2,57115,Fin8037,,,,,"[""無評價""]",[]
計量經濟學,陳聿宏,國際企業學研究所、統計碩士學位學程,3,114-2,17211,IB8063,,,,,"[""無評價""]",[]
國際經濟學,黃志典,國際企業學研究所,3,114-2,28441,IB7012,,,,,"[""無評價""]",[]
國際經濟學,盧信昌,國際企業學研究所,3,114-2,41430,IB7012,,,,,"[""無評價""]",[]
國際企業經營策略,吳政衛,國際企業學研究所,3,114-2,12529,IB7018,,,,,"[""無評價""]",[]
隨機定價模型,許耀文,國際企業學研究所、統計碩士學位學程,3,114-2,50151,IB7032,,,,,"[""無評價""]",[]
商業解析與研究方法,許耀文,國際企業學研究所、統計碩士學位學程,3,114-2,55968,IB7092,,,,,"[""無評價""]",[]
行銷管理研討一,黃恆獎,國際企業學研究所,3,114-2,15087,IB8025,,,,,"[""無評價""]",[]
產業經濟學,盧信昌,國際企業學研究所,3,114-2,25918,IB8042,3.5,3.5,2.8,4.5,"[""[User43581 | 113-2]: 涉及面很廣\n很好\n專業度高\n很好\n95/100\n很喜歡""]","[{""User_ID"": ""User43581"", ""Semester"": ""113-2"", ""Rating_Quality"": null, ""Rating_Sweet"": null, ""Rating_Easy"": null, ""Rating_Rich"": null, ""Comment"": ""涉及面很廣\n很好\n專業度高\n很好\n95/100\n很喜歡""}]"
組織理論與策略決策研討,陳俊忠,國際企業學研究所,3,114-2,33883,IB8047,,,,,"[""無評價""]",[]
策略專題研究一,吳學良,國際企業學研究所,3,114-2,33227,IB8050,,,,,"[""無評價""]",[]
資訊科技與競爭策略,翁崇雄,資訊管理學研究所,3,114-2,57645,IM7009,,,,,"[""無評價""]",[]
全球企業分析,劉佳玲,工商管理學系、商學研究所,3,114-2,21760,MBA7083,,,,,"[""無評價""]",[]
電子化企業與供應鏈管理,蔣明晃,商學研究所,3,114-2,49415,MBA7021,,,,,"[""無評價""]",[]
管理科學模式,余峻瑜,企業管理組、企業管理組、企業管理組、企業管理組、科技管理組、科技管理組、科技管理組、商學研究所,3,114-2,59135,BA2007,,,,,"[""無評價""]",[]
行銷研究,柯冠州,工商管理學系、商學研究所,3,114-2,35228,MBA7028,,,,,"[""無評價""]",[]
創業與創新,曹承礎,管理學院企業管理碩士專班(GMBA),3,114-2,25291,GMBA7032,4.0,4.0,5.0,3.0,"[""[User17961 | 113-2]: A great course that provided hands-on experience in developing a comprehensive business strategy. It was both practical and engaging.""]","[{""User_ID"": ""User17961"", ""Semester"": ""113-2"", ""Rating_Quality"": null, ""Rating_Sweet"": null, ""Rating_Easy"": null, ""Rating_Rich"": null, ""Comment"": ""A great course that provided hands-on experience in developing a comprehensive business strategy. It was both practical and engaging.""}]"
策略管理,韓廷允,管理學院企業管理碩士專班(GMBA),3,114-2,57870,GMBA7100,,,,,"[""無評價""]",[]
全球觀點之策略結盟管理,韓廷允,管理學院企業管理碩士專班(GMBA),3,114-2,14489,GMBA7113,,,,,"[""無評價""]",[]
賽局理論與商業決策,馮勃翰,管理學院企業管理碩士專班(GMBA),2,114-2,24891,GMBA7130,5.0,5.0,2.0,5.0,"[""[User43581 | 113-2]: 很紮實\n很好\n很專業\n很合適\n99/100\n很喜歡""]","[{""User_ID"": ""User43581"", ""Semester"": ""113-2"", ""Rating_Quality"": null, ""Rating_Sweet"": null, ""Rating_Easy"": null, ""Rating_Rich"": null, ""Comment"": ""很紮實\n很好\n很專業\n很合適\n99/100\n很喜歡""}]"
ESG投資,堯里昂,管理學院企業管理碩士專班(GMBA),3,114-2,44645,GMBA7152,,,,,"[""無評價""]",[]
危機處理,堯里昂,管理學院企業管理碩士專班(GMBA),3,114-2,18487,GMBA7132,4.7,4.3,3.7,4.3,"[""[User59906 | 113-2]: This course focuses on many concepts and frameworks that allow students to understand how the real world works (e.g. an organisation may be a real victim in a crisis, but the way they communicate needs to be framed properly, as the public may not think the same way). There's lots of real life examples of crisis that has happened to big organisations over the years, some dating to many years back because of its huge impact.\nIn-person.\nSlides, news articles and readings.\nI personally feel the workload is pretty high but if your group is cooperative it shouldn't be a problem.\n- 3 group assignments (2 regarding a particular company facing a crisis, and the last one was relating to the final project).\n- The mid-term project on a company of your choice to discuss about a potential crisis they are likely to face and the final project is a press conference simulation\n- No exams\nI would say Prof Leon is pretty lenient in his grading in my opinion. Be sure to ensure class concepts/frameworks taught and make sure your citations exist as he will check. Attendance is also a huge part of the grading of this course, so you can't miss too many lessons.\nIf you're interested in learning about how to handle crisis, this is a pretty good course, as the Prof is very chill.""]","[{""User_ID"": ""User59906"", ""Semester"": ""113-2"", ""Rating_Quality"": null, ""Rating_Sweet"": null, ""Rating_Easy"": null, ""Rating_Rich"": null, ""Comment"": ""This course focuses on many concepts and frameworks that allow students to understand how the real world works (e.g. an organisation may be a real victim in a crisis, but the way they communicate needs to be framed properly, as the public may not think the same way). There's lots of real life examples of crisis that has happened to big organisations over the years, some dating to many years back because of its huge impact.\nIn-person.\nSlides, news articles and readings.\nI personally feel the workload is pretty high but if your group is cooperative it shouldn't be a problem.\n- 3 group assignments (2 regarding a particular company facing a crisis, and the last one was relating to the final project).\n- The mid-term project on a company of your choice to discuss about a potential crisis they are likely to face and the final project is a press conference simulation\n- No exams\nI would say Prof Leon is pretty lenient in his grading in my opinion. Be sure to ensure class concepts/frameworks taught and make sure your citations exist as he will check. Attendance is also a huge part of the grading of this course, so you can't miss too many lessons.\nIf you're interested in learning about how to handle crisis, this is a pretty good course, as the Prof is very chill.""}]"
創意與設計思考,郭瑞祥,創業創新管理碩士在職專班,3,114-2,27705,EiMBA7003,,,,,"[""無評價""]",[]
資訊科技與應用,莊裕澤,創業創新管理碩士在職專班,3,114-2,55690,EiMBA7004,,,,,"[""無評價""]",[]
創業財務,胡星陽,創業創新管理碩士在職專班,3,114-2,53428,EiMBA7009,,,,,"[""無評價""]",[]
領導與組織,陳俊忠,創業創新管理碩士在職專班,3,114-2,16481,EiMBA7012,,,,,"[""無評價""]",[]
商業數據分析導論,孔令傑,創業創新管理碩士在職專班,2,114-2,38516,EiMBA7017,,,,,"[""無評價""]",[]
社群媒體分析,魏志平,資訊管理學系、資訊管理學研究所,3,114-2,49262,IM5060,,,,,"[""無評價""]",[]
生物統計學一,李文宗,公共衛生學系、流行病學與預防醫學研究所,3,114-2,37216,PH2005,,,,,"[""無評價""]",[]
慢性病流行病學,簡國龍,公共衛生學系,2,114-2,17344,PH3014,,,,,"[""無評價""]",[]
公共衛生法,吳全峰,公共衛生學系,2,114-2,31917,PH3045,,,,,"[""無評價""]",[]
環境與職業毒理學概論,林靖愉,公共衛生學系,2,114-2,35444,PH3039,,,,,"[""無評價""]",[]
勞動與健康政策,鄭雅文,公共衛生學系、健康政策與管理研究所,2,114-2,30506,HPM5030,,,,,"[""無評價""]",[]
健康保險學,董鈺琪,公共衛生學系、健康政策與管理研究所,2,114-2,27240,HPM5020,,,,,"[""無評價""]",[]
臨床流行病學,方啟泰,醫學系、公共衛生學系、流行病學與預防醫學研究所、統計碩士學位學程,2,114-2,25356,EPM5040,,,,,"[""無評價""]",[]
傳染病流行病學數理模式,方啟泰,公共衛生學系、流行病學與預防醫學研究所、健康數據拓析統計研究所、統計碩士學位學程,2,114-2,51156,EPM5044,4.5,4.5,3.5,4.0,"[""[bjcoffee | 110-2]: 第1週 Introduction to Modeling in Infectious Diseases（溫在弘） The Role of Model （方啟泰）\n第2週 SIR Model and R0（方啟泰）\n第3週 Simulating SIR Epidemics（溫在弘）\n第4週 Latent Period and Carrier State: SEIR Model (1)（方啟泰）\n第5週 Latent Period and Carrier State: SEIR Model (2)（溫在弘）\n第6週 Modeling Realistic Epidemic – Infection-related Mortality, Immunity Waning, and Risk-Structure（方啟泰）\n第7週 Parameter Estimation and Sensitivity Analyses（林先和）\n第8週 Modeling Realistic Epidemic and Sensitivity Analyses（溫在弘）\n第9週 Mid-term Exam (Take Home)\n第10週 Mid-term Exam Discussion (溫在弘/方啟泰)\n第11週 Modeling Age-Structure and Stochastic Dynamics (1)（方啟泰）\n第12週 Modeling Age-Structure and Stochastic Dynamics (2)（溫在弘）\n第13週 Controlling Infectious Diseases: Vaccination and Isolation（方啟泰）\n第14週 Model Calibration（溫在弘）\n第15週 Special Lecture: Spatiotemporal modeling of infectious diseases（余化龍）\n第16週 Journal reading and presentation（溫在弘/方啟泰）\n第17週 Journal reading and presentation（溫在弘/方啟泰）\n大約兩個禮拜為一個主題\n第一週是方老師的演講課，先介紹傳染病模型的基本原理與組成\n第二週是溫老師的建模實作，順便也會複習一些上禮拜講的基本原理和公式\n個人覺得課程安排的由淺至深，對初學者也很友善，建模的部分也講得很清楚\n如果原本就對傳染病模型(SIR等)有一些了解的人可能會覺得課程前半有些基礎\n不過在期中考時也就比較能發揮自己學過的流病知識把模型做得更好\n期中考後的課程內容比較深一點，應該也能學到不少東西\n兩位教授的投影片\n建模實作軟體: Stella Architect\n參考書籍: Keeling, M.J. and Rohani, P. (2008) Modeling Infectious Diseases in Humans\nand Animals. Princeton University Press. 為主，但不需要購買\n作業: 溫教授的實作課課後，會有兩個禮拜的時間，繳交當週教過的模型，很簡單的作業\n\n期中考: 分組報告形式，題目給一些假設，需要建出含有使用者介面的Stella模型、撰寫書面報告和口頭簡報，有大約三週的時間可以做。達到題目的基本要求不難，但是班上還是很多強者針對題目中比較開放性的面向有很多討論。期中考週後的口頭報告個人覺得還蠻精華的，能學到不少東西。\n\n期末報告: 分組報告形式，每組分配到一篇論文，口頭簡報論文的摘要\nHomework 40%\nMid-Term Exam 30%\nTerm presentation 30%\n雖然是傳染病學程的必修課，但很推薦醫學院和公衛學院大學部的同學來選修，\n是一門不太需要什麼基礎，但是又能學到很多東西的入門課程\n給分甜，只要有達到基本要求就能A+，但是又留有很多空間和材料學好傳染病模型概念和建好模型\n很實用的一堂課，對於疫情的走向能有更多知識面向的了解""]","[{""User_ID"": ""bjcoffee"", ""Semester"": ""110-2"", ""Rating_Quality"": null, ""Rating_Sweet"": null, ""Rating_Easy"": null, ""Rating_Rich"": null, ""Comment"": ""第1週 Introduction to Modeling in Infectious Diseases（溫在弘） The Role of Model （方啟泰）\n第2週 SIR Model and R0（方啟泰）\n第3週 Simulating SIR Epidemics（溫在弘）\n第4週 Latent Period and Carrier State: SEIR Model (1)（方啟泰）\n第5週 Latent Period and Carrier State: SEIR Model (2)（溫在弘）\n第6週 Modeling Realistic Epidemic – Infection-related Mortality, Immunity Waning, and Risk-Structure（方啟泰）\n第7週 Parameter Estimation and Sensitivity Analyses（林先和）\n第8週 Modeling Realistic Epidemic and Sensitivity Analyses（溫在弘）\n第9週 Mid-term Exam (Take Home)\n第10週 Mid-term Exam Discussion (溫在弘/方啟泰)\n第11週 Modeling Age-Structure and Stochastic Dynamics (1)（方啟泰）\n第12週 Modeling Age-Structure and Stochastic Dynamics (2)（溫在弘）\n第13週 Controlling Infectious Diseases: Vaccination and Isolation（方啟泰）\n第14週 Model Calibration（溫在弘）\n第15週 Special Lecture: Spatiotemporal modeling of infectious diseases（余化龍）\n第16週 Journal reading and presentation（溫在弘/方啟泰）\n第17週 Journal reading and presentation（溫在弘/方啟泰）\n大約兩個禮拜為一個主題\n第一週是方老師的演講課，先介紹傳染病模型的基本原理與組成\n第二週是溫老師的建模實作，順便也會複習一些上禮拜講的基本原理和公式\n個人覺得課程安排的由淺至深，對初學者也很友善，建模的部分也講得很清楚\n如果原本就對傳染病模型(SIR等)有一些了解的人可能會覺得課程前半有些基礎\n不過在期中考時也就比較能發揮自己學過的流病知識把模型做得更好\n期中考後的課程內容比較深一點，應該也能學到不少東西\n兩位教授的投影片\n建模實作軟體: Stella Architect\n參考書籍: Keeling, M.J. and Rohani, P. (2008) Modeling Infectious Diseases in Humans\nand Animals. Princeton University Press. 為主，但不需要購買\n作業: 溫教授的實作課課後，會有兩個禮拜的時間，繳交當週教過的模型，很簡單的作業\n\n期中考: 分組報告形式，題目給一些假設，需要建出含有使用者介面的Stella模型、撰寫書面報告和口頭簡報，有大約三週的時間可以做。達到題目的基本要求不難，但是班上還是很多強者針對題目中比較開放性的面向有很多討論。期中考週後的口頭報告個人覺得還蠻精華的，能學到不少東西。\n\n期末報告: 分組報告形式，每組分配到一篇論文，口頭簡報論文的摘要\nHomework 40%\nMid-Term Exam 30%\nTerm presentation 30%\n雖然是傳染病學程的必修課，但很推薦醫學院和公衛學院大學部的同學來選修，\n是一門不太需要什麼基礎，但是又能學到很多東西的入門課程\n給分甜，只要有達到基本要求就能A+，但是又留有很多空間和材料學好傳染病模型概念和建好模型\n很實用的一堂課，對於疫情的走向能有更多知識面向的了解""}]"
重複測量統計分析,林菀俞,公共衛生學系、公共衛生碩士學位學程、流行病學與預防醫學研究所、健康數據拓析統計研究所、統計碩士學位學程,2,114-2,23058,HDAS5002,,,,,"[""無評價""]",[]
傳染病防治: 倫理與法律實務II,詹珮君,公共衛生學系、流行病學與預防醫學研究所、法律學系、法律研究所,1,114-2,43384,EPM5014,,,,,"[""無評價""]",[]
傳染病分子流行病學,范怡琴,公共衛生學系、流行病學與預防醫學研究所,2,114-2,56047,EPM5024,,,,,"[""無評價""]",[]
青少年健康及健康行為,張齡尹,公共衛生學系、健康行為與社區科學研究所,2,114-2,50300,HBCS5006,,,,,"[""無評價""]",[]
作業環境測定二,黃耀輝,公共衛生學系、環境與職業健康科學研究所,2,114-2,50322,EOHS7025,,,,,"[""無評價""]",[]
醫學昆蟲學,蔡坤憲,公共衛生學系、環境與職業健康科學研究所,2,114-2,21826,EOHS5002,,,,,"[""無評價""]",[]
生物偵測,蔡詩偉,公共衛生學系、環境與職業健康科學研究所,2,114-2,44479,EOHS5005,,,,,"[""無評價""]",[]
蚊蟲生物學特論,蔡坤憲,公共衛生學系、環境與職業健康科學研究所,1,114-2,53435,EOHS5009,,,,,"[""無評價""]",[]
公共衛生專題研究,程蘊菁,公共衛生學系,3,114-2,38383,PH4008,,,,,"[""無評價""]",[]
通報傳染病之檢驗實務,施惟量,醫學檢驗暨生物技術學系、醫學檢驗暨生物技術學研究所、公共衛生學系、流行病學與預防醫學研究所,2,114-2,38907,EPM5043,,,,,"[""無評價""]",[]
老化及老人流行病學,程蘊菁,公共衛生學系、流行病學與預防醫學研究所、運動設施與健康管理碩士學位學程,2,114-2,13095,EPM5020,,,,,"[""無評價""]",[]
全球衛生資訊處理實務,謝珍玲,公共衛生學系、全球衛生碩士學位學程、全球衛生博士學位學程,1,114-2,56723,MGH7023,,,,,"[""無評價""]",[]
衛生統計實務解析,江淑瓊,公共衛生碩士學位學程,2,114-2,30644,MPH5007,,,,,"[""無評價""]",[]
健康照護機構品質管理,鍾國彪,公共衛生碩士學位學程、健康政策與管理研究所,2,114-2,40888,HPM7087,,,,,"[""無評價""]",[]
健康產業與政策發展,張睿詒,公共衛生碩士學位學程、健康政策與管理研究所,3,114-2,22845,HPM7043,,,,,"[""無評價""]",[]
社區健康營造,陳端容,公共衛生碩士學位學程、健康行為與社區科學研究所,3,114-2,44775,HBCS7016,,,,,"[""無評價""]",[]
公共衛生質性研究,官晨怡,公共衛生碩士學位學程、健康行為與社區科學研究所,3,114-2,48595,HBCS7021,,,,,"[""無評價""]",[]
長期照護體系與政策,陳雅美,健康政策與管理研究所,2,114-2,18750,HPM7084,,,,,"[""無評價""]",[]
健康照護財務管理,張睿詒,健康政策與管理研究所,2,114-2,24006,HPM7086,,,,,"[""無評價""]",[]
健康政策分析:理論與實務,鄭守夏,健康政策與管理研究所,2,114-2,17239,HPM7101,,,,,"[""無評價""]",[]
健康產業財務分析與決策,張睿詒,健康政策與管理研究所,2,114-2,10657,HPM7104,,,,,"[""無評價""]",[]
醫療照護支付制度,郭年真,健康政策與管理研究所,2,114-2,25787,HPM7061,,,,,"[""無評價""]",[]
健康政策與管理獨立研究,鄭守夏,健康政策與管理研究所,2,114-2,22082,HPM8006,,,,,"[""無評價""]",[]
健康政策與管理獨立研究,張睿詒,健康政策與管理研究所,2,114-2,35655,HPM8006,,,,,"[""無評價""]",[]
健康政策與管理獨立研究,鍾國彪,健康政策與管理研究所,2,114-2,38691,HPM8006,,,,,"[""無評價""]",[]
健康政策與管理獨立研究,鄭雅文,健康政策與管理研究所,2,114-2,59707,HPM8006,,,,,"[""無評價""]",[]
健康政策與管理獨立研究,董鈺琪,健康政策與管理研究所,2,114-2,45995,HPM8006,,,,,"[""無評價""]",[]
健康政策與管理獨立研究,陳雅美,健康政策與管理研究所,2,114-2,28683,HPM8006,,,,,"[""無評價""]",[]
健康政策與管理獨立研究,郭年真,健康政策與管理研究所,2,114-2,40090,HPM8006,,,,,"[""無評價""]",[]
健康政策與管理獨立研究,張弘潔,健康政策與管理研究所,2,114-2,10665,HPM8006,,,,,"[""無評價""]",[]
健康政策與管理獨立研究,葉明叡,健康政策與管理研究所,2,114-2,43742,HPM8006,,,,,"[""無評價""]",[]
健康政策與管理獨立研究,李柏翰,健康政策與管理研究所,2,114-2,46122,HPM8006,,,,,"[""無評價""]",[]
健康政策與管理獨立研究,陳端容,健康政策與管理研究所,2,114-2,50240,HPM8006,,,,,"[""無評價""]",[]
健康政策與管理獨立研究,張書森,健康政策與管理研究所,2,114-2,21945,HPM8006,,,,,"[""無評價""]",[]
健康政策與管理獨立研究,張齡尹,健康政策與管理研究所,2,114-2,50943,HPM8006,,,,,"[""無評價""]",[]
健康政策與管理獨立研究,官晨怡,健康政策與管理研究所,2,114-2,56230,HPM8006,,,,,"[""無評價""]",[]
應用隨機過程二,陳秀熙,流行病學與預防醫學研究所、全球衛生碩士學位學程、全球衛生博士學位學程、健康數據拓析統計研究所、統計碩士學位學程,2,114-2,43013,EPM8091,,,,,"[""無評價""]",[]
癌症流行病學,于明暉,流行病學與預防醫學研究所,2,114-2,39181,EPM7142,,,,,"[""無評價""]",[]
緊急救護與災害應變系統,馬惠明,公共衛生學系、流行病學與預防醫學研究所,2,114-2,33784,EPM7168,,,,,"[""無評價""]",[]
臨床試驗,簡國龍,流行病學與預防醫學研究所、健康數據拓析統計研究所、統計碩士學位學程,2,114-2,41981,EPM7169,,,,,"[""無評價""]",[]
疾病篩檢統計,陳秀熙,公共衛生學系、流行病學與預防醫學研究所、健康數據拓析統計研究所、統計碩士學位學程,2,114-2,38700,EPM7189,,,,,"[""無評價""]",[]
流行病學議題回顧,方啟泰,流行病學研究所、流預所流行病學組,2,114-2,23123,EPM8071,,,,,"[""無評價""]",[]
統計與機器學習,王彥雯,流行病學與預防醫學研究所、流預所生物醫學統計組、健康數據拓析統計研究所、統計碩士學位學程,3,114-2,41767,HDAS7004,,,,,"[""無評價""]",[]
預防醫學實務討論,簡國龍,流預所預防醫學組,2,114-2,12733,EPM7180,,,,,"[""無評價""]",[]
專題研究,程蘊菁,流預所預防醫學組,1,114-2,14484,EPM7162,,,,,"[""無評價""]",[]
專題研究,簡國龍,流預所預防醫學組,1,114-2,52238,EPM7162,,,,,"[""無評價""]",[]
高等預防醫學專題討論二,簡國龍,流預所預防醫學組,1,114-2,38621,EPM8057,,,,,"[""無評價""]",[]
高等預防醫學專題討論四,簡國龍,流預所預防醫學組,1,114-2,50661,EPM8059,,,,,"[""無評價""]",[]
高等預防醫學理論,簡國龍,流預所預防醫學組,2,114-2,47406,EPM7011,,,,,"[""無評價""]",[]
多階層研究方法與設計,陳端容,健康行為與社區科學研究所,2,114-2,34443,HBCS7006,,,,,"[""無評價""]",[]
食品功效性暨安全性評估,魏嘉徵,公共衛生學系、食品安全與健康研究所,2,114-2,52165,Ifsh7006,,,,,"[""無評價""]",[]
食品微生物實驗,魏嘉徵,公共衛生學系、食品安全與健康研究所,2,114-2,19524,Ifsh7012,,,,,"[""無評價""]",[]
微生物生物技術與風險評估,王如邦,公共衛生學系、食品安全與健康研究所,2,114-2,58390,IFSH7022,,,,,"[""無評價""]",[]
生物感測科技,王如邦,公共衛生學系、食品安全與健康研究所,2,114-2,16678,IFSH7017,,,,,"[""無評價""]",[]
健康風險評估實務,吳焜裕,公共衛生學系、食品安全與健康研究所、環境與職業健康科學研究所,2,114-2,20473,EOHS7031,,,,,"[""無評價""]",[]
風險管理與溝通,吳焜裕,公共衛生學系、食品安全與健康研究所、環境與職業健康科學研究所,2,114-2,19692,IFSH7021,,,,,"[""無評價""]",[]
暴露評估,吳章甫,公共衛生學系、環境與職業健康科學研究所,2,114-2,47709,EOHS7007,,,,,"[""無評價""]",[]
人因工程,黃耀輝,公共衛生學系、環境與職業健康科學研究所,2,114-2,11393,EOHS7030,,,,,"[""無評價""]",[]
毒理基因體學特論,林靖愉,公共衛生學系、環境與職業健康科學研究所,2,114-2,35516,EOHS7037,,,,,"[""無評價""]",[]
職業病個案研究二,杜宗禮,環境與職業健康科學研究所,1,114-2,56364,EOHS7043,,,,,"[""無評價""]",[]
健康與疾病發展起源下,陳保中,環境與職業健康科學研究所,2,114-2,24688,EOHS7046,,,,,"[""無評價""]",[]
環境職業性肺病研究專題討論二,楊孝友,環境與職業健康科學研究所,1,114-2,44744,EOHS7054,,,,,"[""無評價""]",[]
生殖危害專題討論下,陳保中,環境與職業健康科學研究所,1,114-2,47120,EOHS7061,,,,,"[""無評價""]",[]
氣膠儀器分析,黃盛修,公共衛生學系、環境與職業健康科學研究所,2,114-2,34068,EOHS7062,,,,,"[""無評價""]",[]
環境與職業醫學專題討論二,郭育良,環境與職業健康科學研究所,2,114-2,41324,EOHS7068,,,,,"[""無評價""]",[]
水質管理,王根樹,公共衛生學系、環境與職業健康科學研究所,2,114-2,22200,EOHS5003,,,,,"[""無評價""]",[]
環境變遷與公共衛生,龍世俊,公共衛生學系、環境與職業健康科學研究所,2,114-2,43122,EOHS5004,,,,,"[""無評價""]",[]
實證全球衛生政策,李柏翰,全球衛生碩士學位學程、全球衛生博士學位學程,2,114-2,35690,MGH7005,,,,,"[""無評價""]",[]
量性研究方法於全球衛生之應用,張慶國,公共衛生學系、全球衛生碩士學位學程、全球衛生博士學位學程,2,114-2,33169,DGH8002,,,,,"[""無評價""]",[]
質性研究方法於全球衛生之應用,李柏翰,公共衛生學系、全球衛生碩士學位學程、全球衛生博士學位學程,2,114-2,20715,DGH8003,,,,,"[""無評價""]",[]
微積分3,齊震宇,材料科學與工程學系、資訊管理學系、電機工程學系、資訊工程學系,2,114-2,55996,MATH4008,,,,,"[""無評價""]",[]
微積分4,齊震宇,材料科學與工程學系、資訊管理學系、電機工程學系、資訊工程學系,2,114-2,21080,MATH4009,,,,,"[""無評價""]",[]
電路學實驗,李泰成,電機工程學系,1,114-2,54038,EE1005,,,,,"[""無評價""]",[]
電資工程入門設計與實作,陳士元,電機工程學系,3,114-2,23814,EE1006,,,,,"[""無評價""]",[]
電資工程入門設計與實作,林坤佑,電機工程學系,3,114-2,31771,EE1006,,,,,"[""無評價""]",[]
電路學,吳忠幟,電機工程學系,3,114-2,14771,EE2004,,,,,"[""[PTT | 106-1]: 轉載自 PTT 作者 ID: jexus (pytorch)\n哪一學年度修課： 106-1\n\nψ 授課教師 (若為多人合授請寫開課教師，以方便收錄)\n吳忠幟教授\n\nλ 開課系所與授課對象 (是否為必修或通識課 / 內容是否\n與某些背景相關)\n電機系 大二必修(下學期要變大一必修惹)\n\nδ 課程大概內容\n\n1. Circuit Variables and Laws (1.4, 1.5)\n2. Properties of Resistive Circuits (2.3, 2.4, 2.5)\n3. Applications of Resistive Circuits (3.2)\n\n前三章只是介紹一些基本概念，像克希荷夫，戴維寧、諾頓等效電路\n\n4. Systematic Analysis Methods (4.1, 4.2, 4.3)\n\n教Node 跟 Mesh Analysis\n** 第一次小考(DC analysis, week 6, 10/18)\n\n(介紹部份5.1, 5.2內容,但不列入考試範圍)\n5. Dynamic Circuits (5.3)\n9. Transient Response (9.1, 9.3, 9.4)\n\n根據電感電容的微分特性寫下電路的微分方程直接求解\n但在之後教完s-domain分析之後就會覺得這章的算法很累沒必要XD\n期末考就都用s-domain分析來做了，不會考這兩章\n** 第二次小考(Time-domain analysis , week 9, 11/8)\n\n6. AC Circuits (6.1, 6.2, 6.3)\n7. AC Power (7.1, 7.2)\n\n前面講的都是DC，這邊開始介紹AC，引入複數觀點\n(電容與電感的阻抗可表示成1/sC及sL)，並且用phasor來表示\n一個AC信號的資訊(phasor => amplitude & phase, 頻率不重要)，\n且運用phasor也可以用一模一樣的方式做前面DC的node跟mesh分析，\n十分方便。\n\n第7章則用剛剛教的phasor來算功率，\n而功率實際上可分為實部的Real power跟虛部的Reactive power，\nReal power才是你真正transfer過去的功率，所以我們在電路中適當地\n加上電容來抵銷Reactive power，以提升能量使用的效率\n** 第三次小考(AC analysis , week 12, 11/29)\n\n(介紹部份10.1, 10.2, 10.4內容,但不列入考試範圍)\n11. Frequency Response and Filters (11.1, 11.2, 11.4)\n\n介紹頻率響應，filter，畫波德圖，很多複數計算\n** 第四次小考(Frequency-domain analysis , week 15, 12/20)\n\n13. Laplace Transform Analysis (13.1, 13.2, 13.3)\n14. Two-Port Networks (14.1, 14.2, 14.3) (視進度而定)\n8. Transformer and mutual inductance (8.1, 8.2, 8.3) (視進度而定)\n\n直接運用微方所教的Laplace Transform來解電路問題，\n將原本time domain的微分方程問題，轉化為s-domain的問題。\n\n最後只教到14.1\n\nTwo Port network就是指，有兩個input兩個output的電路，\n可以使用矩陣來描述他，當你有了該電路的矩陣，可以用一個簡單的電路model\n來模擬原本的電路。\nΩ 私心推薦指數(以五分計) ★★★★★\n★★★★★\nη 上課用書(影印講義或是指定教科書)\n\n課本會寫習題，不用交，自己練習，但會跟小考有點像\nA.B. Carlson, “Circuits - Engineering concepts and analysis of\nlinear electric circuits”\nBrooks/Cole.\n\nμ 上課方式(投影片、團體討論、老師教學風格)\n\n精美的投影片上課\n忠幟是講話非常斯文的教授\n長的有點像李開復(誤\n上課效率高，冗言贅字少\n十分鐘就可以講很多東西\n是個會讓你覺得認真聽課會比自己讀省很多時間的老師\n建議上課時集中精神捕捉老師說的每一個字句\n再分解吸收到大腦裡(signal processing?)\n效果不錯\n(老師其實是做光電的強者教授\n\n\nσ 評分方式(給分甜嗎？是紮實分？)\n\n平時考: 60% (四次小考，選三次最高分計算學期成績)\n期末考: 40% (全部或重點選考, 但加重未小考過部份)\n\n最後會調分，好像是都往上調一個等第\n我原本總平均成績82，最後拿A\n考試要小心計算錯誤\n尤其後面很多複數計算\n然後不小心就被扣爆\n不過有提醒好像也沒用QQ\n\n\nρ 考題型式、作業方式\n\n無作業\n\nω 其它(是否注重出席率？如果為外系選修，需先有什麼基礎較好嗎？老師個性？\n加簽習慣？嚴禁遲到等…)\nΨ 總結\n\n忠幟好老師一枚~讚!!\n\n\n--\n\n原文網址: https://www.ptt.cc/bbs/NTUcourse/M.1516791823.A.FDD.html""]","[{""User_ID"": ""PTT"", ""Semester"": ""106-1"", ""Rating_Quality"": null, ""Rating_Sweet"": null, ""Rating_Easy"": null, ""Rating_Rich"": null, ""Comment"": ""轉載自 PTT 作者 ID: jexus (pytorch)\n哪一學年度修課： 106-1\n\nψ 授課教師 (若為多人合授請寫開課教師，以方便收錄)\n吳忠幟教授\n\nλ 開課系所與授課對象 (是否為必修或通識課 / 內容是否\n與某些背景相關)\n電機系 大二必修(下學期要變大一必修惹)\n\nδ 課程大概內容\n\n1. Circuit Variables and Laws (1.4, 1.5)\n2. Properties of Resistive Circuits (2.3, 2.4, 2.5)\n3. Applications of Resistive Circuits (3.2)\n\n前三章只是介紹一些基本概念，像克希荷夫，戴維寧、諾頓等效電路\n\n4. Systematic Analysis Methods (4.1, 4.2, 4.3)\n\n教Node 跟 Mesh Analysis\n** 第一次小考(DC analysis, week 6, 10/18)\n\n(介紹部份5.1, 5.2內容,但不列入考試範圍)\n5. Dynamic Circuits (5.3)\n9. Transient Response (9.1, 9.3, 9.4)\n\n根據電感電容的微分特性寫下電路的微分方程直接求解\n但在之後教完s-domain分析之後就會覺得這章的算法很累沒必要XD\n期末考就都用s-domain分析來做了，不會考這兩章\n** 第二次小考(Time-domain analysis , week 9, 11/8)\n\n6. AC Circuits (6.1, 6.2, 6.3)\n7. AC Power (7.1, 7.2)\n\n前面講的都是DC，這邊開始介紹AC，引入複數觀點\n(電容與電感的阻抗可表示成1/sC及sL)，並且用phasor來表示\n一個AC信號的資訊(phasor => amplitude & phase, 頻率不重要)，\n且運用phasor也可以用一模一樣的方式做前面DC的node跟mesh分析，\n十分方便。\n\n第7章則用剛剛教的phasor來算功率，\n而功率實際上可分為實部的Real power跟虛部的Reactive power，\nReal power才是你真正transfer過去的功率，所以我們在電路中適當地\n加上電容來抵銷Reactive power，以提升能量使用的效率\n** 第三次小考(AC analysis , week 12, 11/29)\n\n(介紹部份10.1, 10.2, 10.4內容,但不列入考試範圍)\n11. Frequency Response and Filters (11.1, 11.2, 11.4)\n\n介紹頻率響應，filter，畫波德圖，很多複數計算\n** 第四次小考(Frequency-domain analysis , week 15, 12/20)\n\n13. Laplace Transform Analysis (13.1, 13.2, 13.3)\n14. Two-Port Networks (14.1, 14.2, 14.3) (視進度而定)\n8. Transformer and mutual inductance (8.1, 8.2, 8.3) (視進度而定)\n\n直接運用微方所教的Laplace Transform來解電路問題，\n將原本time domain的微分方程問題，轉化為s-domain的問題。\n\n最後只教到14.1\n\nTwo Port network就是指，有兩個input兩個output的電路，\n可以使用矩陣來描述他，當你有了該電路的矩陣，可以用一個簡單的電路model\n來模擬原本的電路。\nΩ 私心推薦指數(以五分計) ★★★★★\n★★★★★\nη 上課用書(影印講義或是指定教科書)\n\n課本會寫習題，不用交，自己練習，但會跟小考有點像\nA.B. Carlson, “Circuits - Engineering concepts and analysis of\nlinear electric circuits”\nBrooks/Cole.\n\nμ 上課方式(投影片、團體討論、老師教學風格)\n\n精美的投影片上課\n忠幟是講話非常斯文的教授\n長的有點像李開復(誤\n上課效率高，冗言贅字少\n十分鐘就可以講很多東西\n是個會讓你覺得認真聽課會比自己讀省很多時間的老師\n建議上課時集中精神捕捉老師說的每一個字句\n再分解吸收到大腦裡(signal processing?)\n效果不錯\n(老師其實是做光電的強者教授\n\n\nσ 評分方式(給分甜嗎？是紮實分？)\n\n平時考: 60% (四次小考，選三次最高分計算學期成績)\n期末考: 40% (全部或重點選考, 但加重未小考過部份)\n\n最後會調分，好像是都往上調一個等第\n我原本總平均成績82，最後拿A\n考試要小心計算錯誤\n尤其後面很多複數計算\n然後不小心就被扣爆\n不過有提醒好像也沒用QQ\n\n\nρ 考題型式、作業方式\n\n無作業\n\nω 其它(是否注重出席率？如果為外系選修，需先有什麼基礎較好嗎？老師個性？\n加簽習慣？嚴禁遲到等…)\nΨ 總結\n\n忠幟好老師一枚~讚!!\n\n\n--\n\n原文網址: https://www.ptt.cc/bbs/NTUcourse/M.1516791823.A.FDD.html""}]"
電路學,金藝璘,電機工程學系、國際半導體學士學位學程,3,114-2,11331,EE2004,5.0,4.0,2.0,4.0,"[""[BettyCheng | 111-2]: 據說是翻轉教學\n老師的PPT\n沒有作業。\n四次小考+期末\n統一考試。\n四次小考各15%\n期末考40%\n一開始是吳班沒上才到金班，但現在再讓我選一次的話我會選金班。\n星期四的一節課是上課，禮拜五的兩節課是習題課。\n上課的部分，雖然超級趕但很有趣，有上課小問答和漂亮小卡(沒錯，小卡就是精隨)。\n星期五不是提早半小時離開就是整個中午被困住，但助教人很好，有問題也可以直接問其他人，這樣就不用另外自己寫題目，我覺得還不錯。\n一開始還可以把計算內容和電路怎麼運作連結在一起，但到後面我直接算式和電路分離，很難想像算式代表的電路運作。最後一堂課結束後我跟金說我只會解題，不知道電路到底在幹嘛。她跟我說沒辦法，考試就是這個樣子 (Sad)。我覺得很可惜，但這也有可能是我會寫題目之後就沒有想多用心去體會電路導致的。""]","[{""User_ID"": ""BettyCheng"", ""Semester"": ""111-2"", ""Rating_Quality"": null, ""Rating_Sweet"": null, ""Rating_Easy"": null, ""Rating_Rich"": null, ""Comment"": ""據說是翻轉教學\n老師的PPT\n沒有作業。\n四次小考+期末\n統一考試。\n四次小考各15%\n期末考40%\n一開始是吳班沒上才到金班，但現在再讓我選一次的話我會選金班。\n星期四的一節課是上課，禮拜五的兩節課是習題課。\n上課的部分，雖然超級趕但很有趣，有上課小問答和漂亮小卡(沒錯，小卡就是精隨)。\n星期五不是提早半小時離開就是整個中午被困住，但助教人很好，有問題也可以直接問其他人，這樣就不用另外自己寫題目，我覺得還不錯。\n一開始還可以把計算內容和電路怎麼運作連結在一起，但到後面我直接算式和電路分離，很難想像算式代表的電路運作。最後一堂課結束後我跟金說我只會解題，不知道電路到底在幹嘛。她跟我說沒辦法，考試就是這個樣子 (Sad)。我覺得很可惜，但這也有可能是我會寫題目之後就沒有想多用心去體會電路導致的。""}]"
電子學（二）,鍾孝文,電機工程學系,4,114-2,58016,EE2023,,,,,"[""[PTT | 109-2]: 轉載自 PTT 作者 ID: Inglenook (城市苦守)\n哪一學年度修課：\n109-2\nψ 授課教師 (若為多人合授請寫開課教師，以方便收錄)\n鍾孝文\nλ 開課系所與授課對象 (是否為必修或通識課 / 內容是否與某些背景相關)\n電機系大二必修\nδ 課程大概內容\nDifferential and multistage amplifiers\nFrequency response\nFeedback\nOutput stage\nOperational amplifier circuits\nSignal generators\nCMOS digital circuits\nMemory circuits\n(節自呂班課程網)\n\n簡單來說就是課本的Ch 8~12、14~15、17\n\nΩ 私心推薦指數(以五分計) ★★★★★\n實體上課：4星\n疫情後遠距：3.5星\n第17章的影片:3星\n\nη 上課用書(影印講義或是指定教科書)\nMicroelectronics Circuits 7th edition by Sedra/Smith\nμ 上課方式(投影片、團體討論、老師教學風格)\n除了第17章外都是純版書，教新單元時往往會快速地講過大觀念，之後再開始畫電路詳細\n地解釋，雖然老師的版書蠻難整理的，但個人認為只要上課有跟住，基本上複習筆記或看\n課本都蠻快的。\nσ 評分方式(給分甜嗎？是紮實分？)\n期中考35%\n期末考36%\n作業5%\n小考24%\n\n電機系統一教學統一考試統一調分，今年期中考平均48.4，期末平均 77.4(老師大放送，\n應該不是常態)\n\nρ 考題型式、作業方式\n\n作業就是上課進度的習題，助教還蠻認真改的，過程中的計算錯誤也有被抓到過XD，總之\n雖然算分很少，但是每週寫作業對學習跟考試都很有幫助。\n\n小考就是作業題，有寫(有背)基本上就會安然度過。\n\n期中期末考就蠻難準備的，但因為電子二的概念跟計算都比電子一難上不少，所以其實都\n會有一定程度的例題等級題目當基本分，尤其今年的期末考8成以上的題目都是課本出現\n過的，而且助教給分也蠻佛的XD。\n\n因為期末考大家普遍考蠻高，所以調分程度應該沒有往常高(有認識幾個同學不調分就A+\n了)，老師有講過調分公式是他寫的，所以有興趣的人也可以去問老師。\n\nω 其它(是否注重出席率？如果為外系選修，需先有什麼基礎較好嗎？老師個性？\n加簽習慣？嚴禁遲到等…)\n\n開學為了怕人數分配不均所以有勸退，但似乎留到最後的人都有簽到了，最後印象中應該\n是80人上下。\n\n但在電機系的統一教學模式下選哪班差別實在不大，想去聽哪個老師的課都不會有人管你\n。\n\nΨ 總結\n\n雖然老師是電子二老師中唯一不是電子所的，但是畢竟多年的教學經驗擺在那邊，整授課\n還是蠻流暢的，而且老師上課也會抱怨課本，例如：「我也不知道他這邊為甚麼要這樣寫\n。」、「雖然不是很重要，但既然課本有寫我們就提過去。」，以學生的角度來說非常有\n親切感。\n\n老師不管是上課下課還是在cool上都很歡迎同學問問題，每次的解答也都很用心很詳盡。\n即使上課不小心睡著了下課跑去問，老師也會很有耐心地再講一次(或好幾次)。\n\n因此遠距上課我個人就覺得不太適合這門課，因為用打字的方式問問題還是蠻沒效率的。\n我也想偷偷抱怨第17章的影片都只有截到投影片的一半，而且上課的滑鼠游標常常滑一滑\n就不見，上了幾分鐘就不太知道老師在講哪裡了，所以這部分只給3星。\n\n總之，姑且不論電子二作為必修的必要性，我認為老師上課蠻優質的，也會鼓勵我們翹課去做\n更重要的事(例如電夜跟某25學分的必修)，真的很親切。\n\nBtw，我認為電機系裝弱風氣的興盛，老師可能要負部分責任。\n\n\n--\n\n原文網址: https://www.ptt.cc/bbs/NTUcourse/M.1626239903.A.253.html""]","[{""User_ID"": ""PTT"", ""Semester"": ""109-2"", ""Rating_Quality"": null, ""Rating_Sweet"": null, ""Rating_Easy"": null, ""Rating_Rich"": null, ""Comment"": ""轉載自 PTT 作者 ID: Inglenook (城市苦守)\n哪一學年度修課：\n109-2\nψ 授課教師 (若為多人合授請寫開課教師，以方便收錄)\n鍾孝文\nλ 開課系所與授課對象 (是否為必修或通識課 / 內容是否與某些背景相關)\n電機系大二必修\nδ 課程大概內容\nDifferential and multistage amplifiers\nFrequency response\nFeedback\nOutput stage\nOperational amplifier circuits\nSignal generators\nCMOS digital circuits\nMemory circuits\n(節自呂班課程網)\n\n簡單來說就是課本的Ch 8~12、14~15、17\n\nΩ 私心推薦指數(以五分計) ★★★★★\n實體上課：4星\n疫情後遠距：3.5星\n第17章的影片:3星\n\nη 上課用書(影印講義或是指定教科書)\nMicroelectronics Circuits 7th edition by Sedra/Smith\nμ 上課方式(投影片、團體討論、老師教學風格)\n除了第17章外都是純版書，教新單元時往往會快速地講過大觀念，之後再開始畫電路詳細\n地解釋，雖然老師的版書蠻難整理的，但個人認為只要上課有跟住，基本上複習筆記或看\n課本都蠻快的。\nσ 評分方式(給分甜嗎？是紮實分？)\n期中考35%\n期末考36%\n作業5%\n小考24%\n\n電機系統一教學統一考試統一調分，今年期中考平均48.4，期末平均 77.4(老師大放送，\n應該不是常態)\n\nρ 考題型式、作業方式\n\n作業就是上課進度的習題，助教還蠻認真改的，過程中的計算錯誤也有被抓到過XD，總之\n雖然算分很少，但是每週寫作業對學習跟考試都很有幫助。\n\n小考就是作業題，有寫(有背)基本上就會安然度過。\n\n期中期末考就蠻難準備的，但因為電子二的概念跟計算都比電子一難上不少，所以其實都\n會有一定程度的例題等級題目當基本分，尤其今年的期末考8成以上的題目都是課本出現\n過的，而且助教給分也蠻佛的XD。\n\n因為期末考大家普遍考蠻高，所以調分程度應該沒有往常高(有認識幾個同學不調分就A+\n了)，老師有講過調分公式是他寫的，所以有興趣的人也可以去問老師。\n\nω 其它(是否注重出席率？如果為外系選修，需先有什麼基礎較好嗎？老師個性？\n加簽習慣？嚴禁遲到等…)\n\n開學為了怕人數分配不均所以有勸退，但似乎留到最後的人都有簽到了，最後印象中應該\n是80人上下。\n\n但在電機系的統一教學模式下選哪班差別實在不大，想去聽哪個老師的課都不會有人管你\n。\n\nΨ 總結\n\n雖然老師是電子二老師中唯一不是電子所的，但是畢竟多年的教學經驗擺在那邊，整授課\n還是蠻流暢的，而且老師上課也會抱怨課本，例如：「我也不知道他這邊為甚麼要這樣寫\n。」、「雖然不是很重要，但既然課本有寫我們就提過去。」，以學生的角度來說非常有\n親切感。\n\n老師不管是上課下課還是在cool上都很歡迎同學問問題，每次的解答也都很用心很詳盡。\n即使上課不小心睡著了下課跑去問，老師也會很有耐心地再講一次(或好幾次)。\n\n因此遠距上課我個人就覺得不太適合這門課，因為用打字的方式問問題還是蠻沒效率的。\n我也想偷偷抱怨第17章的影片都只有截到投影片的一半，而且上課的滑鼠游標常常滑一滑\n就不見，上了幾分鐘就不太知道老師在講哪裡了，所以這部分只給3星。\n\n總之，姑且不論電子二作為必修的必要性，我認為老師上課蠻優質的，也會鼓勵我們翹課去做\n更重要的事(例如電夜跟某25學分的必修)，真的很親切。\n\nBtw，我認為電機系裝弱風氣的興盛，老師可能要負部分責任。\n\n\n--\n\n原文網址: https://www.ptt.cc/bbs/NTUcourse/M.1626239903.A.253.html""}]"
電子學（二）,呂良鴻,電機工程學系,4,114-2,24066,EE2023,,,,,"[""無評價""]",[]
電子學實驗(二),劉宗德,電機工程學系,1,114-2,56694,EE2025,,,,,"[""無評價""]",[]
機率與統計,謝宏昀,電機工程學系,3,114-2,55449,EE2007,5.0,1.0,3.0,5.0,"[""[User03172 | 110-2]: Experiments, Models, and Probabilities\nRandom Variables (I)\nRandom Variables (II)\nPair of Random Variables\nSums of Random Variables\nHypothesis Testing\nParameter Estimation\n主要偏向機率，只有後面兩個章節講統計。是一門數學課，需要用到大量微積分，跟其他學院的統計學有很大差異，不可混為一談。\n謝班最特別的應該就是上課方式了。每週上課前，教授會把課程投影片，以及預錄好的預習影片（這學期新加的）放在COOL上。然後大家要去看預習影片或是投影片，並且可以在討論區發問，或回答其他人提出的問題。看完預習影片或投影片後，要完成預習作業。預習作業每週固定出5題，其中一題是「你對於本週預習的心得與想法」，所以實際上是4題，其中部分題目是複習上周的課程內容，部分題目則是預習的內容。難度算是中等，會有很簡單的基本題，也有很具挑戰性的題目（通常是考古題）。\n因為教授會假設你事先有預習過了，所以實際上課時，主要會以講解例題、補充進階內容為主。如果目標只是通過考試，看預習影片其實就可以學到基礎的內容。但是正課時會講到一些比較深入的觀念，想要學到更多東西的話還是要上一下正課比較好。\n疫情爆發後改成遠距，以Google Meet授課。\n投影片、預錄影片\n見前二項所述\n（抱歉我懶，部分內容直接抄王班評價文）\n這堂課的評分方式比較特殊，方法如下：\n(1) 先統計三班所有(撐到最後的)人的期中和期末加總起來，按照(2)中的比例分布決定要給A+、A、A-給各班多少名額。\n(2) A+前6%，A前1/6，A-前1/3，剩下的分數mapping到B+以下。\n(3) 各班再按照自己班的規則所算出來的分數和分配到的名額給等第，謝班的分數計算如下\n20% 作業（三班共同作業、謝班預習作業，總量非常多）（每次段考有三次共同作業，寫其中兩次就好）\n10% 課程參與（主要看討論區上你發言的踴躍程度）\n10% 小考（期中考了一次，期末因疫情調整，改成課堂作業）\n30% 期中\n30% 期末\n期中平均56.28，期末平均53.64，以電機系給分來說算是中規中矩。段考考3個小時，而且真的要3個小時才寫得完，如果週四第10節有課會卡到。\n整體來說還滿推的，教授很關心學生的學習狀況，也試著營造大家共同討論的學習氣氛。教授還會很認真地看完大家在討論區或預習心得給的回饋，並在上課時給予回覆。此外，可以感受到教授對於學生學習的過程有很完整的規劃，只要跟著教授的腳步走，一定會有收穫，適合習慣跟著課堂進度、穩扎穩打學習的學生。教授也會補充一些進階的內容，加深課程的豐富度。\n（以下是一些個人想法）\n很多人說機統是最難的必修課，不過我覺得這樣子是太概括化問題了──每個人擅長的領域並不一樣，電機系大二下的四門必修（電子二、電磁二、信號、機統）都相當有難度，對不同的人來說，最難的科目也不會一樣，聽別人的評價不見得準確（我個人學機統還相對順手，電子電磁超爛）\n許多人都大一修機統。我個人是大二修，覺得有了微積分三、微積分四的基礎再來修課，學習上會順暢很多。如果連多變數積分都搞不懂，修這門課會是一場災難。因此我覺得應該評估自己的學習狀況之後，再決定要不要大一修，不要人云亦云，最後還得去停修。當然大神不在此限啦，但是如果你跟我一樣是個在電機系掙扎浮沉的普通人，建議思考後再做決定。\n上學期在這個社團發評價文，都是瘋狂砲轟。今年口業造太多了，決定發個好評文看能不能改個運。本來是想發陳宏銘信號，但是被搶了，所以發這篇。PS.陳宏銘信號超級推！""]","[{""User_ID"": ""User03172"", ""Semester"": ""110-2"", ""Rating_Quality"": null, ""Rating_Sweet"": null, ""Rating_Easy"": null, ""Rating_Rich"": null, ""Comment"": ""Experiments, Models, and Probabilities\nRandom Variables (I)\nRandom Variables (II)\nPair of Random Variables\nSums of Random Variables\nHypothesis Testing\nParameter Estimation\n主要偏向機率，只有後面兩個章節講統計。是一門數學課，需要用到大量微積分，跟其他學院的統計學有很大差異，不可混為一談。\n謝班最特別的應該就是上課方式了。每週上課前，教授會把課程投影片，以及預錄好的預習影片（這學期新加的）放在COOL上。然後大家要去看預習影片或是投影片，並且可以在討論區發問，或回答其他人提出的問題。看完預習影片或投影片後，要完成預習作業。預習作業每週固定出5題，其中一題是「你對於本週預習的心得與想法」，所以實際上是4題，其中部分題目是複習上周的課程內容，部分題目則是預習的內容。難度算是中等，會有很簡單的基本題，也有很具挑戰性的題目（通常是考古題）。\n因為教授會假設你事先有預習過了，所以實際上課時，主要會以講解例題、補充進階內容為主。如果目標只是通過考試，看預習影片其實就可以學到基礎的內容。但是正課時會講到一些比較深入的觀念，想要學到更多東西的話還是要上一下正課比較好。\n疫情爆發後改成遠距，以Google Meet授課。\n投影片、預錄影片\n見前二項所述\n（抱歉我懶，部分內容直接抄王班評價文）\n這堂課的評分方式比較特殊，方法如下：\n(1) 先統計三班所有(撐到最後的)人的期中和期末加總起來，按照(2)中的比例分布決定要給A+、A、A-給各班多少名額。\n(2) A+前6%，A前1/6，A-前1/3，剩下的分數mapping到B+以下。\n(3) 各班再按照自己班的規則所算出來的分數和分配到的名額給等第，謝班的分數計算如下\n20% 作業（三班共同作業、謝班預習作業，總量非常多）（每次段考有三次共同作業，寫其中兩次就好）\n10% 課程參與（主要看討論區上你發言的踴躍程度）\n10% 小考（期中考了一次，期末因疫情調整，改成課堂作業）\n30% 期中\n30% 期末\n期中平均56.28，期末平均53.64，以電機系給分來說算是中規中矩。段考考3個小時，而且真的要3個小時才寫得完，如果週四第10節有課會卡到。\n整體來說還滿推的，教授很關心學生的學習狀況，也試著營造大家共同討論的學習氣氛。教授還會很認真地看完大家在討論區或預習心得給的回饋，並在上課時給予回覆。此外，可以感受到教授對於學生學習的過程有很完整的規劃，只要跟著教授的腳步走，一定會有收穫，適合習慣跟著課堂進度、穩扎穩打學習的學生。教授也會補充一些進階的內容，加深課程的豐富度。\n（以下是一些個人想法）\n很多人說機統是最難的必修課，不過我覺得這樣子是太概括化問題了──每個人擅長的領域並不一樣，電機系大二下的四門必修（電子二、電磁二、信號、機統）都相當有難度，對不同的人來說，最難的科目也不會一樣，聽別人的評價不見得準確（我個人學機統還相對順手，電子電磁超爛）\n許多人都大一修機統。我個人是大二修，覺得有了微積分三、微積分四的基礎再來修課，學習上會順暢很多。如果連多變數積分都搞不懂，修這門課會是一場災難。因此我覺得應該評估自己的學習狀況之後，再決定要不要大一修，不要人云亦云，最後還得去停修。當然大神不在此限啦，但是如果你跟我一樣是個在電機系掙扎浮沉的普通人，建議思考後再做決定。\n上學期在這個社團發評價文，都是瘋狂砲轟。今年口業造太多了，決定發個好評文看能不能改個運。本來是想發陳宏銘信號，但是被搶了，所以發這篇。PS.陳宏銘信號超級推！""}]"
機率與統計,葉丙成,電機工程學系、臺灣大專院校人工智慧學程聯盟,3,114-2,31501,EE2007,,,,,"[""[PTT | 107-2]: 轉載自 PTT 作者 ID: rumrumrum (：）)\n哪一學年度修課：\n107-2\n\nψ 授課教師 (若為多人合授請寫開課教師，以方便收錄)\n葉丙成\nλ 開課系所與授課對象 (是否為必修或通識課 / 內容是否與某些背景相關)\n電機系大二必修，但很多大一的學生\nδ 課程大概內容\n1. Experiments, Models, and Probabilities\n2. Discrete Random Variables\n3. Continuous Random Variables\n4. Pairs of Random Variables\n5. Random Vectors\n6. Sums of Random Variables\n7. Parameter Estimation Using the Sample Mean\n8. Hypothesis Testing\nΩ 私心推薦指數(以五分計) ★★★★★\n4.5顆\nη 上課用書(影印講義或是指定教科書)\n老師有講義和預錄的影片\n課本是 Probability and Stochastic Processes - A Friendly\nIntroduction for Electrical and Computer Engineers, Second Edition\n但不太會用到，可以不用買。\nμ 上課方式(投影片、團體討論、老師教學風格)\n翻轉教學\n課程分成14關，\n每周回去要看影片，\n填講義空白，\n並寫大約8題的檢驗題，\n上課一開始會補充一些比較難的觀念，\n再開始分組寫題目，\n每周大約寫8題。\nσ 評分方式(給分甜嗎？是紮實分？)\n35%期中考試\n35%期末考試\n30%的部分比較複雜，\n但整學期會有一個分數累加的活動，\n像是每周破完有7分，\n前18寫完的再加２分，\n當小助教可以加２分，\n還有上課寫的題目寫對的可以拿分數。\n最後把總積分排名前五名平時100分，\n後面的就把你的積分/第五名的積分*100\n筆者乖乖按照進度沒有做特別的事大概拿90分左右。\nρ 考題型式、作業方式\n統一考試，\n今年期中滿簡單的，\n期末就滿慘的，\n像是這次期末考一些很延伸的觀念像是poisson process等，\n雖然延伸但是還是可以用現階段知識推敲出來。\n葉丙成班不用寫共同作業\nω 其它(是否注重出席率？如果為外系選修，需先有什麼基礎較好嗎？老師個性？\n加簽習慣？嚴禁遲到等…)\n出席的話不點名，\n但如果沒去的話基本上會拿不到分數，\n而且會雷到隊友，\n所以盡量去比較好，\n加簽看起來都簽。\n大一修的話可能需要自己念一些二重積分比較好。\nΨ 總結\n這堂課因為是翻轉教學所以需要強大的自制力比較好，\n像是每周的作業如果沒有在該周寫完，\n上課寫題目就不會寫，\n會有點失去翻轉教學的意義。\n因為都到大學了老師也不可能強制要寫完，\n所以建議要修的話要看自己適不適合。\n還有我覺得修這門課的好處是可以練習到很多題目。\n想要練習題目的很適合修。\n\n最後我給4.5顆星是覺得說老師的教材到後面有點雜亂\n期末複習時念到很煩QQ\n\n--\n\n原文網址: https://www.ptt.cc/bbs/NTUcourse/M.1562159147.A.FF8.html""]","[{""User_ID"": ""PTT"", ""Semester"": ""107-2"", ""Rating_Quality"": null, ""Rating_Sweet"": null, ""Rating_Easy"": null, ""Rating_Rich"": null, ""Comment"": ""轉載自 PTT 作者 ID: rumrumrum (：）)\n哪一學年度修課：\n107-2\n\nψ 授課教師 (若為多人合授請寫開課教師，以方便收錄)\n葉丙成\nλ 開課系所與授課對象 (是否為必修或通識課 / 內容是否與某些背景相關)\n電機系大二必修，但很多大一的學生\nδ 課程大概內容\n1. Experiments, Models, and Probabilities\n2. Discrete Random Variables\n3. Continuous Random Variables\n4. Pairs of Random Variables\n5. Random Vectors\n6. Sums of Random Variables\n7. Parameter Estimation Using the Sample Mean\n8. Hypothesis Testing\nΩ 私心推薦指數(以五分計) ★★★★★\n4.5顆\nη 上課用書(影印講義或是指定教科書)\n老師有講義和預錄的影片\n課本是 Probability and Stochastic Processes - A Friendly\nIntroduction for Electrical and Computer Engineers, Second Edition\n但不太會用到，可以不用買。\nμ 上課方式(投影片、團體討論、老師教學風格)\n翻轉教學\n課程分成14關，\n每周回去要看影片，\n填講義空白，\n並寫大約8題的檢驗題，\n上課一開始會補充一些比較難的觀念，\n再開始分組寫題目，\n每周大約寫8題。\nσ 評分方式(給分甜嗎？是紮實分？)\n35%期中考試\n35%期末考試\n30%的部分比較複雜，\n但整學期會有一個分數累加的活動，\n像是每周破完有7分，\n前18寫完的再加２分，\n當小助教可以加２分，\n還有上課寫的題目寫對的可以拿分數。\n最後把總積分排名前五名平時100分，\n後面的就把你的積分/第五名的積分*100\n筆者乖乖按照進度沒有做特別的事大概拿90分左右。\nρ 考題型式、作業方式\n統一考試，\n今年期中滿簡單的，\n期末就滿慘的，\n像是這次期末考一些很延伸的觀念像是poisson process等，\n雖然延伸但是還是可以用現階段知識推敲出來。\n葉丙成班不用寫共同作業\nω 其它(是否注重出席率？如果為外系選修，需先有什麼基礎較好嗎？老師個性？\n加簽習慣？嚴禁遲到等…)\n出席的話不點名，\n但如果沒去的話基本上會拿不到分數，\n而且會雷到隊友，\n所以盡量去比較好，\n加簽看起來都簽。\n大一修的話可能需要自己念一些二重積分比較好。\nΨ 總結\n這堂課因為是翻轉教學所以需要強大的自制力比較好，\n像是每周的作業如果沒有在該周寫完，\n上課寫題目就不會寫，\n會有點失去翻轉教學的意義。\n因為都到大學了老師也不可能強制要寫完，\n所以建議要修的話要看自己適不適合。\n還有我覺得修這門課的好處是可以練習到很多題目。\n想要練習題目的很適合修。\n\n最後我給4.5顆星是覺得說老師的教材到後面有點雜亂\n期末複習時念到很煩QQ\n\n--\n\n原文網址: https://www.ptt.cc/bbs/NTUcourse/M.1562159147.A.FF8.html""}]"
電磁學二,吳瑞北,電機工程學系,3,114-2,40936,EE3004,,,,,"[""[PTT | 109-2]: 轉載自 PTT 作者 ID: Inglenook (城市苦守)\n哪一學年度修課：\n109-2\nψ 授課教師 (若為多人合授請寫開課教師，以方便收錄)\n吳瑞北\nλ 開課系所與授課對象 (是否為必修或通識課 / 內容是否與某些背景相關)\n電機系大二必修\nδ 課程大概內容\n1. Topics for circuits and systems\n2. Transmission-line essentials for digital electronics\n3. Transmission lines for communications\n4. Guided wave principles for electronics and optoelectronics\n5. Several topics for electronics and photonics\n6. Principles of radiation and antennas\n(節自CEIBA)\n\nΩ 私心推薦指數(以五分計) ★★★★★\n★★★\nη 上課用書(影印講義或是指定教科書)\nNannapaneni Narayana Rao, Elements of Engineering Electromagnetics, Sixth\nEdition, 2004.\nμ 上課方式(投影片、團體討論、老師教學風格)\n投影片加版書推導，但有時候投影片的符號跟課本的會不一樣，需要特別注意。\nσ 評分方式(給分甜嗎？是紮實分？)\n\n期中考40%\n期末考40%\n作業及其他10%\n小考10%\n電磁能力測驗 按比例額外加5%(但今年因為疫情，改成用期末考最低分的一題計算)\n\n電機系統一教學統一考試統一調分，今年期中考平均65.35，標準差22.89；期末平均\n52.37 ，標準差15.76 。\n\n期中考個人認為跟考古題難度相近，期末比考古難上一點，主要是出題偏向證明，有些措\n手不及。\n\nρ 考題型式、作業方式\n\n作業就是奇數章節奇數題、偶數章節偶數題，從第七章之後解題步驟越來越多，計算也越\n來越繁瑣，建議盡早開始寫。\n\n小考就是電磁學習平台上面的題目，數字也不會改，有寫(有背)就會拿到分數。但不得不\n說上面的題目品質真的落差很大，解答也常會有錯，希望能認真維護。\n\n期中期末考就蠻難準備的，作業題是一定要把握的，但是其他的變化跟證明題就只能各憑\n本事了，期末考的證明題真的是觀念要讀通才寫的完整，只背公式沒什麼用。\n\n\nω 其它(是否注重出席率？如果為外系選修，需先有什麼基礎較好嗎？老師個性？\n加簽習慣？嚴禁遲到等…)\n\n印象中是接近全簽，學期初人還多到要坐在雨傘架上，但人數隨時間成指數遞減，根據觀\n察，一直有跟上老師腳步的人可能只有一二排的同學，其他人(包含我)基本上都在做自己\n的事情\n\nΨ 總結\n\n經歷了電磁一自己啃Rao的痛苦之後，我原本打算這學期要認真上課，但在多方作業的摧\n殘之下，還是漸漸跟不上老師進度了，加上老師講的數學又比課本難上不少(雖然回頭來\n看對期末考可能很有幫助？)，我後來還是大部分都自己讀課本了。\n\n先不論電磁二作為必修的必要性，我認為Rao後半本內容寫得比前半本好，雖然typo還是\n蠻多的，但是有越讀越快的趨勢。\n\n電磁二的公式比起電磁一多上許多，而且大部分是那種推導過程繁複的公式(雖然有傳言\n說某強者曾宣稱期末考只有五個公式需要背)，但其實TE、TM太複雜的公式也不太會考，\n所以不需要自己嚇自己。(當然該背的還是要背啦)\n\n\n--\n\n原文網址: https://www.ptt.cc/bbs/NTUcourse/M.1626246375.A.7ED.html""]","[{""User_ID"": ""PTT"", ""Semester"": ""109-2"", ""Rating_Quality"": null, ""Rating_Sweet"": null, ""Rating_Easy"": null, ""Rating_Rich"": null, ""Comment"": ""轉載自 PTT 作者 ID: Inglenook (城市苦守)\n哪一學年度修課：\n109-2\nψ 授課教師 (若為多人合授請寫開課教師，以方便收錄)\n吳瑞北\nλ 開課系所與授課對象 (是否為必修或通識課 / 內容是否與某些背景相關)\n電機系大二必修\nδ 課程大概內容\n1. Topics for circuits and systems\n2. Transmission-line essentials for digital electronics\n3. Transmission lines for communications\n4. Guided wave principles for electronics and optoelectronics\n5. Several topics for electronics and photonics\n6. Principles of radiation and antennas\n(節自CEIBA)\n\nΩ 私心推薦指數(以五分計) ★★★★★\n★★★\nη 上課用書(影印講義或是指定教科書)\nNannapaneni Narayana Rao, Elements of Engineering Electromagnetics, Sixth\nEdition, 2004.\nμ 上課方式(投影片、團體討論、老師教學風格)\n投影片加版書推導，但有時候投影片的符號跟課本的會不一樣，需要特別注意。\nσ 評分方式(給分甜嗎？是紮實分？)\n\n期中考40%\n期末考40%\n作業及其他10%\n小考10%\n電磁能力測驗 按比例額外加5%(但今年因為疫情，改成用期末考最低分的一題計算)\n\n電機系統一教學統一考試統一調分，今年期中考平均65.35，標準差22.89；期末平均\n52.37 ，標準差15.76 。\n\n期中考個人認為跟考古題難度相近，期末比考古難上一點，主要是出題偏向證明，有些措\n手不及。\n\nρ 考題型式、作業方式\n\n作業就是奇數章節奇數題、偶數章節偶數題，從第七章之後解題步驟越來越多，計算也越\n來越繁瑣，建議盡早開始寫。\n\n小考就是電磁學習平台上面的題目，數字也不會改，有寫(有背)就會拿到分數。但不得不\n說上面的題目品質真的落差很大，解答也常會有錯，希望能認真維護。\n\n期中期末考就蠻難準備的，作業題是一定要把握的，但是其他的變化跟證明題就只能各憑\n本事了，期末考的證明題真的是觀念要讀通才寫的完整，只背公式沒什麼用。\n\n\nω 其它(是否注重出席率？如果為外系選修，需先有什麼基礎較好嗎？老師個性？\n加簽習慣？嚴禁遲到等…)\n\n印象中是接近全簽，學期初人還多到要坐在雨傘架上，但人數隨時間成指數遞減，根據觀\n察，一直有跟上老師腳步的人可能只有一二排的同學，其他人(包含我)基本上都在做自己\n的事情\n\nΨ 總結\n\n經歷了電磁一自己啃Rao的痛苦之後，我原本打算這學期要認真上課，但在多方作業的摧\n殘之下，還是漸漸跟不上老師進度了，加上老師講的數學又比課本難上不少(雖然回頭來\n看對期末考可能很有幫助？)，我後來還是大部分都自己讀課本了。\n\n先不論電磁二作為必修的必要性，我認為Rao後半本內容寫得比前半本好，雖然typo還是\n蠻多的，但是有越讀越快的趨勢。\n\n電磁二的公式比起電磁一多上許多，而且大部分是那種推導過程繁複的公式(雖然有傳言\n說某強者曾宣稱期末考只有五個公式需要背)，但其實TE、TM太複雜的公式也不太會考，\n所以不需要自己嚇自己。(當然該背的還是要背啦)\n\n\n--\n\n原文網址: https://www.ptt.cc/bbs/NTUcourse/M.1626246375.A.7ED.html""}]"
電磁學二,吳宗霖,電機工程學系,3,114-2,40718,EE3004,4.5,4.0,3.0,4.5,"[""[User91191 | 111-2]: 傳輸線、波導、天線\n投影片\nRao (一個全名大家都不會唸的人)\n作業：NTU Cool繳交\n小考：電磁平台上考試\n期考：實體考試，考試時間2小時，共6題，一題20分，取5題最高的計算\n期中考 40%\n期末考 40%\n小考 10%\n作業 10%\n電磁能力測驗 5%\n老師把傳輸線、波導、天線背後的物理概念\n用淺顯易懂的方式講得很清楚\n讓我們理解(或背誦)一堆公式時省力很多\n上課最好是要去，而且要認真聽，把基本概念弄懂\n否則回家自己從頭讀課本會看不懂\n\n作業要認真寫，不要只會抄作業\n然後考古題很重要，重複率極高\n\n大家很喜歡把電磁二妖魔化，但其實沒那麼可怕\n基本概念清楚+作業跟考古題弄熟，就可以考很好\n\n唯一缺點就是投影片排版不是很好""]","[{""User_ID"": ""User91191"", ""Semester"": ""111-2"", ""Rating_Quality"": null, ""Rating_Sweet"": null, ""Rating_Easy"": null, ""Rating_Rich"": null, ""Comment"": ""傳輸線、波導、天線\n投影片\nRao (一個全名大家都不會唸的人)\n作業：NTU Cool繳交\n小考：電磁平台上考試\n期考：實體考試，考試時間2小時，共6題，一題20分，取5題最高的計算\n期中考 40%\n期末考 40%\n小考 10%\n作業 10%\n電磁能力測驗 5%\n老師把傳輸線、波導、天線背後的物理概念\n用淺顯易懂的方式講得很清楚\n讓我們理解(或背誦)一堆公式時省力很多\n上課最好是要去，而且要認真聽，把基本概念弄懂\n否則回家自己從頭讀課本會看不懂\n\n作業要認真寫，不要只會抄作業\n然後考古題很重要，重複率極高\n\n大家很喜歡把電磁二妖魔化，但其實沒那麼可怕\n基本概念清楚+作業跟考古題弄熟，就可以考很好\n\n唯一缺點就是投影片排版不是很好""}]"
電磁學二,李翔傑,電機工程學系,3,114-2,13116,EE3004,,,,,"[""無評價""]",[]
電磁學二,毛紹綱,電機工程學系,3,114-2,37645,EE3004,,,,,"[""[PTT | 107-2]: 轉載自 PTT 作者 ID: Ruin0019 (Ruin0019)\n哪一學年度修課： 107-2\n\nψ 授課教師 (若為多人合授請寫開課教師，以方便收錄)\n毛紹綱\nλ 開課系所與授課對象 (是否為必修或通識課 / 內容是否與某些背景相關)\n電機系大二必修\nδ 課程大概內容\nChap.5 Electromagnetics Potentials and Topics for Circuits and Systems\n(Secs5.4-5.5)\nChap.6 Transmission-Line Essentials for Digital Electronics\n(Secs6.1-6.7 6.5 excluded)\nChap.7 Transmission Lines for Communications\n(Secs7.1-7.6)\nChap.8 Guided Wave Principles for Electronics and Optoelectronics\n(Secs8.1-8.5)\nChap.9 Several Topics for Electronics and Photonics\n(Secs9.1,9.3)\nChap.10 Principles of Radiation and Antennas\n(Secs10.1-10.2)\nΩ 私心推薦指數(以五分計) ★★★★★\n教授 ★★★★★\n助教 ★\nη 上課用書(影印講義或是指定教科書)\n看過都嫌爛 Rao的\nElements of Engineering Electromagnetics Sixth Edition\nμ 上課方式(投影片、團體討論、老師教學風格)\n投影片 但筆記會延遲\n老師還會放一些影片幫助同學理解 只是那個畫面真的是卡到不行\nσ 評分方式(給分甜嗎？是紮實分？)\n電磁學最好是會甜喔 騙誰啊\nρ 考題型式、作業方式\n作業-課本習題 奇數章節寫奇數題號 偶數章節寫偶數題號\n\n小考-需自備筆電 沒有的要跟助教說\n有練習題庫 但這東西奇爛\n會出現「答錯了 你的答案：a 正確答案：A」 這種情況\n所以我後來都不刷題庫了 浪費時間\nω 其它(是否注重出席率？如果為外系選修，需先有什麼基礎較好嗎？老師個性？\n加簽習慣？嚴禁遲到等…)\n可參加iempt中高級測驗 加分\n如果你電磁一都忘記了 那考這個會甲賽\n\n助教雷 簡單舉例\n1.閱卷要是先寄信約時間\n2.期中考期末考 考前幾分鐘才進考場\n3.期中考答案給錯\n4.期末考考卷缺圖\n5.期末考不能跳大題\n如果是不能跳小題 同一大題的子題要寫在同一個地方 那我可以接受\n但是規定大題不能跳著寫 就只是想方便自己批改而已\n\n但老師很不錯 雖然慣性晚下課 考前的周末還加課\n但能感受到老師很關心學生\n\n像是因有人反應公式太多 所以老師們討論後 期末考可以帶大抄\n以及有人反應期中閱卷太搞人 所以有再開放閱卷\n\nΨ 總結\n必修課逃不掉的 只能祝你遇到好助教\n李班的助教就不錯\n\n--\n\n原文網址: https://www.ptt.cc/bbs/NTUcourse/M.1561202585.A.8D3.html""]","[{""User_ID"": ""PTT"", ""Semester"": ""107-2"", ""Rating_Quality"": null, ""Rating_Sweet"": null, ""Rating_Easy"": null, ""Rating_Rich"": null, ""Comment"": ""轉載自 PTT 作者 ID: Ruin0019 (Ruin0019)\n哪一學年度修課： 107-2\n\nψ 授課教師 (若為多人合授請寫開課教師，以方便收錄)\n毛紹綱\nλ 開課系所與授課對象 (是否為必修或通識課 / 內容是否與某些背景相關)\n電機系大二必修\nδ 課程大概內容\nChap.5 Electromagnetics Potentials and Topics for Circuits and Systems\n(Secs5.4-5.5)\nChap.6 Transmission-Line Essentials for Digital Electronics\n(Secs6.1-6.7 6.5 excluded)\nChap.7 Transmission Lines for Communications\n(Secs7.1-7.6)\nChap.8 Guided Wave Principles for Electronics and Optoelectronics\n(Secs8.1-8.5)\nChap.9 Several Topics for Electronics and Photonics\n(Secs9.1,9.3)\nChap.10 Principles of Radiation and Antennas\n(Secs10.1-10.2)\nΩ 私心推薦指數(以五分計) ★★★★★\n教授 ★★★★★\n助教 ★\nη 上課用書(影印講義或是指定教科書)\n看過都嫌爛 Rao的\nElements of Engineering Electromagnetics Sixth Edition\nμ 上課方式(投影片、團體討論、老師教學風格)\n投影片 但筆記會延遲\n老師還會放一些影片幫助同學理解 只是那個畫面真的是卡到不行\nσ 評分方式(給分甜嗎？是紮實分？)\n電磁學最好是會甜喔 騙誰啊\nρ 考題型式、作業方式\n作業-課本習題 奇數章節寫奇數題號 偶數章節寫偶數題號\n\n小考-需自備筆電 沒有的要跟助教說\n有練習題庫 但這東西奇爛\n會出現「答錯了 你的答案：a 正確答案：A」 這種情況\n所以我後來都不刷題庫了 浪費時間\nω 其它(是否注重出席率？如果為外系選修，需先有什麼基礎較好嗎？老師個性？\n加簽習慣？嚴禁遲到等…)\n可參加iempt中高級測驗 加分\n如果你電磁一都忘記了 那考這個會甲賽\n\n助教雷 簡單舉例\n1.閱卷要是先寄信約時間\n2.期中考期末考 考前幾分鐘才進考場\n3.期中考答案給錯\n4.期末考考卷缺圖\n5.期末考不能跳大題\n如果是不能跳小題 同一大題的子題要寫在同一個地方 那我可以接受\n但是規定大題不能跳著寫 就只是想方便自己批改而已\n\n但老師很不錯 雖然慣性晚下課 考前的周末還加課\n但能感受到老師很關心學生\n\n像是因有人反應公式太多 所以老師們討論後 期末考可以帶大抄\n以及有人反應期中閱卷太搞人 所以有再開放閱卷\n\nΨ 總結\n必修課逃不掉的 只能祝你遇到好助教\n李班的助教就不錯\n\n--\n\n原文網址: https://www.ptt.cc/bbs/NTUcourse/M.1561202585.A.8D3.html""}]"
信號與系統,陳宏銘,電機工程學系,3,114-2,46650,EE2011,4.3,2.0,2.3,4.3,"[""[Wayne P. | 110-2]: 1. LTI Systems\n2. Fourier Series\n3. Filtering\n4. Continuous-Time Fourier Transform\n5. Discrete-Time Fourier Transform\n[Midterm]\n6. Time/Frequency Characterization of Signals/Systems & Filters\n7. Sampling & Sampling Theorem\n8. Laplace Transform\n9. Z-Transform\n[Final]\n搭配教授準備之簡報授課，課程並無錄影。\n課程中會叫同學上台來解題或解釋概念，上課時有時也會複習之前的內容方便融會貫通。\n此外，其他人在回答時也可以自己思考一下，便於之後複習且增強自己對於此刻的直覺。\n參考書目：Signals and Systems, Alan V. Oppenheim et al.\n教授有自己的授課講義。\n\n看教授的講義就可以了，但是記得搭配上課，不然會看不懂。然後Oppenheim的這本算是信號與系統的聖經吧！寫得非常詳細，如果有空也是十分值得一閱的。\n手寫作業共8次，為課程內容的理論計算。\nMATLAB作業共4次，為信號理論之模擬，今年的內容依次為convolution、Fourier Transform of sinc function、butterworth filter、Z Transform。\n\n考試為手寫，題目數量約15題，計算量甚大且題目需要較長的思考時間，建議刷考古題練習速度。但是常出現未曾見過之題型。\np.s. 期中平均52.7/100，標準差16.8；期末平均29.8/100，標準差13.3\n手寫作業10%(8次)\nMATLAB作業20%(4次)\n期中31.5%\n期末38.5%\n非常不甜也不涼的課，外系對於內容沒興趣的別嘗試。\n對於電機系的學生則是必修，內容十分充實，因此建議在大二修之前，可以先在大一將機率與統計修掉以減輕負荷。另外，若能先修過工程複變，對於其中的一些公式也會較得心應手。\n此外，數學含量巨大，要做好心理準備投注較多時間於此課程中。""]","[{""User_ID"": ""Wayne P."", ""Semester"": ""110-2"", ""Rating_Quality"": null, ""Rating_Sweet"": null, ""Rating_Easy"": null, ""Rating_Rich"": null, ""Comment"": ""1. LTI Systems\n2. Fourier Series\n3. Filtering\n4. Continuous-Time Fourier Transform\n5. Discrete-Time Fourier Transform\n[Midterm]\n6. Time/Frequency Characterization of Signals/Systems & Filters\n7. Sampling & Sampling Theorem\n8. Laplace Transform\n9. Z-Transform\n[Final]\n搭配教授準備之簡報授課，課程並無錄影。\n課程中會叫同學上台來解題或解釋概念，上課時有時也會複習之前的內容方便融會貫通。\n此外，其他人在回答時也可以自己思考一下，便於之後複習且增強自己對於此刻的直覺。\n參考書目：Signals and Systems, Alan V. Oppenheim et al.\n教授有自己的授課講義。\n\n看教授的講義就可以了，但是記得搭配上課，不然會看不懂。然後Oppenheim的這本算是信號與系統的聖經吧！寫得非常詳細，如果有空也是十分值得一閱的。\n手寫作業共8次，為課程內容的理論計算。\nMATLAB作業共4次，為信號理論之模擬，今年的內容依次為convolution、Fourier Transform of sinc function、butterworth filter、Z Transform。\n\n考試為手寫，題目數量約15題，計算量甚大且題目需要較長的思考時間，建議刷考古題練習速度。但是常出現未曾見過之題型。\np.s. 期中平均52.7/100，標準差16.8；期末平均29.8/100，標準差13.3\n手寫作業10%(8次)\nMATLAB作業20%(4次)\n期中31.5%\n期末38.5%\n非常不甜也不涼的課，外系對於內容沒興趣的別嘗試。\n對於電機系的學生則是必修，內容十分充實，因此建議在大二修之前，可以先在大一將機率與統計修掉以減輕負荷。另外，若能先修過工程複變，對於其中的一些公式也會較得心應手。\n此外，數學含量巨大，要做好心理準備投注較多時間於此課程中。""}]"
信號與系統,王鈺強,電機工程學系,3,114-2,41864,EE2011,5.0,3.0,4.0,4.5,"[""[User51593 | 109-2]: 課名是信號與系統，但其中95%是數學課，只有在最後一週第8章Communication System才會稍微提到一些實際的應用，時間很趕所以相當淺，課程圍繞在Convolution、LTI system、Fourier Transform、Sampling、Laplace Transform、Z-transform、Modulation，整堂課在時域和頻域之間不停轉換。\n實體授課，PPT為主，全程錄影。疫情後改線上Google meet同步教學，同時也會錄影。\n期末考改線上後難度偏難，兩小時有13大題，每大題又有好多好多小題，總共43小題，時間明顯不足，平均(42/115)偏低。個人期中73、期末59，最後B+給各位參考。\n期中期末可以帶一張A4雙面大抄\n作業30% (10次手寫各*1%、4次MATLAB各*5%)、期中31.5%、期末38.5%。 期中平均66，標準差15；期末平均42(滿分115)，標準差14。\n會想同時修大二下的機率和信號這兩門硬課的初衷是讓二下輕鬆一點，但真正支撐我度過的是那份想挑戰的感覺。這學期期初腦袋一熱亂選了27學分，也不管軟硬就通通都來，搞到自己很累，卻也很享受塞各種知識在腦袋中的感覺，機率和信號讓我學到很多過去沒碰過的內容，非常充實。 回首過往講得輕鬆，但每天都不能睡覺一直讀書的當下很幹就是了。\n\n跟老師拿授權碼，全簽。其實這堂課是我誤打誤撞簽的課，我目前一年級，電機系有個小默契是大一下通常會挑一門大二下必修上 (大多數人選機率)，這樣二下會輕鬆很多。在開學第一週的星期四下午，我本來有689三節課，中間第7節空著就在電二亂晃，隨便挑了一間教室進去坐著休息，看著這課好像很有趣就簽了。((皺眉，亂簽課這習慣真糟糕\n\n先備基礎：微積分，此課經常使用到複數與瑕積分。看NTUcourse上有人說需要用到線代，不過我還沒修過線代所以不知道會不會用到，還是其實有用到我也不知道XD (求幫補充)，但我覺得微積分應該足以應付這門課了。未來如果有大一的學弟妹看到這篇還在猶豫要不要選這門課的時候，除了有點辛苦之外，這門課可以讓你看到更多電機系的世界，如果大一只是乖乖地跟著大家一起普物微積分那就太無趣了XDD。不過還是要自行斟酌一下啦，修課之餘也要預留一些時間休息！哦對修完信號之後回頭看大一電路學期末Laplace Transform範圍，只花一天半讀就80幾，電路學好快樂。\n\n順便推教授的教授(李琳山)的「信號與人生」\n教授相當親切，我每堂下課都去前面問一些笨問題，但教授很有耐心地提點我的觀念哪裡不對，教授也時常會放同學問的問題在PPT上和大家一起討論。此外教授講話節奏不快，咬字清晰，會經常recall前一堂課的內容讓大家回憶。有時候推導跳太快也可以舉手請教授重複說一遍，整體上課感受相當舒服!!!!! 大推王鈺強教授!!\n\n不想起床去上課：★★★★\n課程全程錄影，包含PPT、教授手寫筆記，和實體上課沒什麼區別。教授基本不點名，偶爾心血來潮的點名是bonus，當你在及格邊緣的時候可以救你。實體大約只點兩次，改線上同步上課後可能也有兩三次...吧。((我不太確定XD\n如果你很忙：★★\n這堂課有總共10次手寫+4次Matlab作業，此外也要花相當多時間讀懂上課內容，電機系不得不修就算了，外系的話盡量不要和太多太硬的課一起修。((大神的話請忽略這行\n每份1%的手寫作業難度：★★★\n每次三到四題，大多從課本出題，不過有些題目要花很多時間想，我自己寫每份作業時間從3~10幾小時都有，邊複習邊寫作業，但占比好低QQ。\n每份5%的Matlab作業難度：★★\n一步一步教你用，不太需要基礎，每份作業4~5小時即可，分數給很寬鬆。\n不想背公式：★★★★ 期中期末可以帶一張A4雙面大抄""]","[{""User_ID"": ""User51593"", ""Semester"": ""109-2"", ""Rating_Quality"": null, ""Rating_Sweet"": null, ""Rating_Easy"": null, ""Rating_Rich"": null, ""Comment"": ""課名是信號與系統，但其中95%是數學課，只有在最後一週第8章Communication System才會稍微提到一些實際的應用，時間很趕所以相當淺，課程圍繞在Convolution、LTI system、Fourier Transform、Sampling、Laplace Transform、Z-transform、Modulation，整堂課在時域和頻域之間不停轉換。\n實體授課，PPT為主，全程錄影。疫情後改線上Google meet同步教學，同時也會錄影。\n期末考改線上後難度偏難，兩小時有13大題，每大題又有好多好多小題，總共43小題，時間明顯不足，平均(42/115)偏低。個人期中73、期末59，最後B+給各位參考。\n期中期末可以帶一張A4雙面大抄\n作業30% (10次手寫各*1%、4次MATLAB各*5%)、期中31.5%、期末38.5%。 期中平均66，標準差15；期末平均42(滿分115)，標準差14。\n會想同時修大二下的機率和信號這兩門硬課的初衷是讓二下輕鬆一點，但真正支撐我度過的是那份想挑戰的感覺。這學期期初腦袋一熱亂選了27學分，也不管軟硬就通通都來，搞到自己很累，卻也很享受塞各種知識在腦袋中的感覺，機率和信號讓我學到很多過去沒碰過的內容，非常充實。 回首過往講得輕鬆，但每天都不能睡覺一直讀書的當下很幹就是了。\n\n跟老師拿授權碼，全簽。其實這堂課是我誤打誤撞簽的課，我目前一年級，電機系有個小默契是大一下通常會挑一門大二下必修上 (大多數人選機率)，這樣二下會輕鬆很多。在開學第一週的星期四下午，我本來有689三節課，中間第7節空著就在電二亂晃，隨便挑了一間教室進去坐著休息，看著這課好像很有趣就簽了。((皺眉，亂簽課這習慣真糟糕\n\n先備基礎：微積分，此課經常使用到複數與瑕積分。看NTUcourse上有人說需要用到線代，不過我還沒修過線代所以不知道會不會用到，還是其實有用到我也不知道XD (求幫補充)，但我覺得微積分應該足以應付這門課了。未來如果有大一的學弟妹看到這篇還在猶豫要不要選這門課的時候，除了有點辛苦之外，這門課可以讓你看到更多電機系的世界，如果大一只是乖乖地跟著大家一起普物微積分那就太無趣了XDD。不過還是要自行斟酌一下啦，修課之餘也要預留一些時間休息！哦對修完信號之後回頭看大一電路學期末Laplace Transform範圍，只花一天半讀就80幾，電路學好快樂。\n\n順便推教授的教授(李琳山)的「信號與人生」\n教授相當親切，我每堂下課都去前面問一些笨問題，但教授很有耐心地提點我的觀念哪裡不對，教授也時常會放同學問的問題在PPT上和大家一起討論。此外教授講話節奏不快，咬字清晰，會經常recall前一堂課的內容讓大家回憶。有時候推導跳太快也可以舉手請教授重複說一遍，整體上課感受相當舒服!!!!! 大推王鈺強教授!!\n\n不想起床去上課：★★★★\n課程全程錄影，包含PPT、教授手寫筆記，和實體上課沒什麼區別。教授基本不點名，偶爾心血來潮的點名是bonus，當你在及格邊緣的時候可以救你。實體大約只點兩次，改線上同步上課後可能也有兩三次...吧。((我不太確定XD\n如果你很忙：★★\n這堂課有總共10次手寫+4次Matlab作業，此外也要花相當多時間讀懂上課內容，電機系不得不修就算了，外系的話盡量不要和太多太硬的課一起修。((大神的話請忽略這行\n每份1%的手寫作業難度：★★★\n每次三到四題，大多從課本出題，不過有些題目要花很多時間想，我自己寫每份作業時間從3~10幾小時都有，邊複習邊寫作業，但占比好低QQ。\n每份5%的Matlab作業難度：★★\n一步一步教你用，不太需要基礎，每份作業4~5小時即可，分數給很寬鬆。\n不想背公式：★★★★ 期中期末可以帶一張A4雙面大抄""}]"
電工實驗(網路與多媒體),林宗男,電機工程學系,2,114-2,16765,EE3002,,,,,"[""無評價""]",[]
電工實驗(電磁波),盧信嘉,電機工程學系,2,114-2,39079,EE3006,,,,,"[""無評價""]",[]
電工實驗(電力電子),陳耀銘,電機工程學系,2,114-2,32285,EE3022,,,,,"[""無評價""]",[]
演算法,江蕙如,電機工程學系,3,114-2,27812,EE4033,,,,,"[""[PTT | 107-2]: 轉載自 PTT 作者 ID: QNPX (qnpx)\n哪一學年度修課： 107-2\n\n\nψ 授課教師 (若為多人合授請寫開課教師，以方便收錄)\n江蕙如 教授\n\nλ 開課系所與授課對象 (是否為必修或通識課 / 內容是否與某些背景相關)\n電機工程學系 B05以前: 選修\nB06以後: 必修\n\nδ 課程大概內容\n演算法簡介與一些重要的演算法\n\n詳細如下：\n1.Basic of Algorithm\n2.Graphs\n3.Devide & conquer\n--(期中)--\n4.Dynamic programming\n5.Network flow\n6.Amortized analysis\n7.NP completeness\n--(期末)--\n\nΩ 私心推薦指數(以五分計) ★★★★ (我的標準中5顆星是留給神課的)\n\nη 上課用書(影印講義或是指定教科書)\nJ. Kleinberg and E. Tardos, Algorithm Design, Addison Wesley, 2006\n不需要買，看老師的投影片就夠了\n\nμ 上課方式(投影片、團體討論、老師教學風格)\n使用投影片上課。\n老師會把演算法流程講得很清楚詳細，\n但偶爾會詳細到有點令人不耐煩。\n\n投影片有點雜，自己看會有點吃力，\n但因為內容並不難，想自修也是可以的。\n\n另外推老師跟助教人超好，有問題都可以問。\n\nσ 評分方式(給分甜嗎？是紮實分？)\n手寫作業 ×4 10%\n程式作業 ×2 20%\nProject 20%\nMidterm exam 25%\nFinal exam 25%\n\nρ 考題型式、作業方式\n段考：\n期中考比較注重在演算法的設計(所以頭腦要清醒)，\n期末考只要照著上課講過的演算法做就好，題目都不會太刁鑽。\n有的題目會跟手寫作業相似，要看熟。\n另外，考試時可以攜帶一張手抄A4大抄，但用不太到。\n\n手寫作業：\n每次有3~5題習題，要你設計演算法之類的，不消一兩天就能寫完。\n\n程式作業：\n會一點c++的STL再照著上課介紹的演算法就可以寫得出來。\n作業1很簡單，半天就能生出來了。\n作業2比較複雜，我個人花了好幾天，但相信程式好手只要1天即可。\n\nTerm Project：\n兩人一組\n題目則是出自教育部的ICCAD contest\n(http://iccad-contest.org/2019/tw/index.html)\n除了繳交程式外，還要在最後一堂課向老師口頭報告自己的演算法。\n原定死線是在學期結束前(後來配合競賽死線延後到暑假開始後一周)，\n所以建議盡早開始。\n\nω 其它(是否注重出席率？如果為外系選修，需先有什麼基礎較好嗎？老師個性？\n加簽習慣？嚴禁遲到等…)\n開學時老師希望大家先修過資料結構或離散數學，\n但因為老師會從很基本的部分講起，所以沒修過也沒關係，\n只要會寫c++就很夠了。\n\nΨ 總結\n重點整理：\n1. 課程內容中規中矩\n2. 老師助教人超好，有問題都可以問\n3. 考試、功課不會太重\n4. 不需要先備知識，會一點寫c++的STL即可。\n\n--\n\n原文網址: https://www.ptt.cc/bbs/NTUcourse/M.1563898634.A.6DA.html""]","[{""User_ID"": ""PTT"", ""Semester"": ""107-2"", ""Rating_Quality"": null, ""Rating_Sweet"": null, ""Rating_Easy"": null, ""Rating_Rich"": null, ""Comment"": ""轉載自 PTT 作者 ID: QNPX (qnpx)\n哪一學年度修課： 107-2\n\n\nψ 授課教師 (若為多人合授請寫開課教師，以方便收錄)\n江蕙如 教授\n\nλ 開課系所與授課對象 (是否為必修或通識課 / 內容是否與某些背景相關)\n電機工程學系 B05以前: 選修\nB06以後: 必修\n\nδ 課程大概內容\n演算法簡介與一些重要的演算法\n\n詳細如下：\n1.Basic of Algorithm\n2.Graphs\n3.Devide & conquer\n--(期中)--\n4.Dynamic programming\n5.Network flow\n6.Amortized analysis\n7.NP completeness\n--(期末)--\n\nΩ 私心推薦指數(以五分計) ★★★★ (我的標準中5顆星是留給神課的)\n\nη 上課用書(影印講義或是指定教科書)\nJ. Kleinberg and E. Tardos, Algorithm Design, Addison Wesley, 2006\n不需要買，看老師的投影片就夠了\n\nμ 上課方式(投影片、團體討論、老師教學風格)\n使用投影片上課。\n老師會把演算法流程講得很清楚詳細，\n但偶爾會詳細到有點令人不耐煩。\n\n投影片有點雜，自己看會有點吃力，\n但因為內容並不難，想自修也是可以的。\n\n另外推老師跟助教人超好，有問題都可以問。\n\nσ 評分方式(給分甜嗎？是紮實分？)\n手寫作業 ×4 10%\n程式作業 ×2 20%\nProject 20%\nMidterm exam 25%\nFinal exam 25%\n\nρ 考題型式、作業方式\n段考：\n期中考比較注重在演算法的設計(所以頭腦要清醒)，\n期末考只要照著上課講過的演算法做就好，題目都不會太刁鑽。\n有的題目會跟手寫作業相似，要看熟。\n另外，考試時可以攜帶一張手抄A4大抄，但用不太到。\n\n手寫作業：\n每次有3~5題習題，要你設計演算法之類的，不消一兩天就能寫完。\n\n程式作業：\n會一點c++的STL再照著上課介紹的演算法就可以寫得出來。\n作業1很簡單，半天就能生出來了。\n作業2比較複雜，我個人花了好幾天，但相信程式好手只要1天即可。\n\nTerm Project：\n兩人一組\n題目則是出自教育部的ICCAD contest\n(http://iccad-contest.org/2019/tw/index.html)\n除了繳交程式外，還要在最後一堂課向老師口頭報告自己的演算法。\n原定死線是在學期結束前(後來配合競賽死線延後到暑假開始後一周)，\n所以建議盡早開始。\n\nω 其它(是否注重出席率？如果為外系選修，需先有什麼基礎較好嗎？老師個性？\n加簽習慣？嚴禁遲到等…)\n開學時老師希望大家先修過資料結構或離散數學，\n但因為老師會從很基本的部分講起，所以沒修過也沒關係，\n只要會寫c++就很夠了。\n\nΨ 總結\n重點整理：\n1. 課程內容中規中矩\n2. 老師助教人超好，有問題都可以問\n3. 考試、功課不會太重\n4. 不需要先備知識，會一點寫c++的STL即可。\n\n--\n\n原文網址: https://www.ptt.cc/bbs/NTUcourse/M.1563898634.A.6DA.html""}]"
電工實驗(數位電路),楊家驤,電機工程學系,2,114-2,36148,EE3016,,,,,"[""無評價""]",[]
電工實驗(半導體),劉致為,電機工程學系,2,114-2,13629,EE3017,,,,,"[""無評價""]",[]
電工實驗(自動控制),陳永耀,電機工程學系,2,114-2,35358,EE3019,,,,,"[""[PTT | 109-2]: 轉載自 PTT 作者 ID: heng31029 (俺是耕田的)\n哪一學年度修課：109-2\n\nψ 授課教師 (若為多人合授請寫開課教師，以方便收錄)：陳永耀\n\nλ 開課系所與授課對象 (是否為必修或通識課 / 內容是否與某些背景相關)\n電機系10選2實驗，但我機械系，只是加簽小麻煩\n\nδ 課程大概內容\n4個實驗：處理器系統、Encoder、致動器、系統識別\n1個期末專題：原為倒單擺車實作，今年因疫情只使用Matlab模擬\n\nΩ 私心推薦指數(以五分計) ★★★★★\n0，誰說要修我她媽打斷鼻樑\n\nη 上課用書(影印講義或是指定教科書)\n助教會把實驗講義放在課程網頁，但不是Ceiba，至今我仍然不懂邏輯在哪\n\nμ 上課方式(投影片、團體討論、老師教學風格)\n教授講解原理→助教講解實驗→做實驗→約兩個禮拜後上台報告進度\n\nσ 評分方式(給分甜嗎？是紮實分？)\n應該算紮實分，4次實驗報告60%、期末專題報告30%、出席10%，\n不過完全是看助教和老師評分，幾乎沒有任何客觀評分標準\n\nρ 考題型式、作業方式\n每次上台報告前要先交報告投影片，只有期末專題需要Demo。\n雖然每次報告架構相同，但助教的範本劃分很奇妙，所以自己想架構會比較快\n\n每次實驗都有問題討論，但問題通常意義不明，問助教也常答非所問，進入奇妙\n的鬼打牆輪迴，不過最後感覺聽報告的教授事先也不知道問題的內容。\n\n\nω 其它(是否注重出席率？如果為外系選修，需先有什麼基礎較好嗎？老師個性？\n加簽習慣？嚴禁遲到等…)\n規定須先修過電機系的控制系統，機械系的自動控制也可。\n\n最好是先學過LabVIEW，因為課堂會用到但上課完全不會教，\n(反觀機械系的機電系統原理與實驗，助教手把手教到會，還有更多器材可以玩)\n\n最好也有很多空堂，因為事前完全不會規劃實驗時間，加簽當天才會宣布需要\n大家配合，但她媽課都選完了還要我怎麼生時間。\n\nΨ 總結\n簡單的說就是一門奇妙的實驗課，完全整個實作為王，理論基礎教授和助教都不\n會帶太深，甚至可以說是潦草的程度，講解完直接放牛吃草，做不出來完全自己\n想辦法，不過也是這樣觀察到任何現象都會很興奮，只是在這之前通常是程式寫\n不出來在頭痛啦。\n\n寫LabVIEW最痛苦就是接線的方塊型程式碼，不過也有他方便的地方，前端程式可\n以自由撰寫，利用圖表或顯示器觀測數值很直觀，我個人其實還蠻喜歡這個語言\n。只是存檔通常會有些小問題，助教也通常不會提，讓你自己去撞牆或通靈。最\n麻煩的是實驗室用的LabVIEW版本是2016，計中只有提供到2014，所以代表所有事\n情都只能用實驗室的電腦做，雖說版本可以向下相容，但只要離開實驗室，程式\n都會變成一個封印的狀態。\n\n好不容易做完實驗收集完數據，做報告還要面對意義不明的問題跟報告架構，因\n此，每次做實驗之前一定都要先問助教這次題目在問甚麼，要收集甚麼資料。\n\n上台報告其實壓力不會很大，只是教授通常會在中途插話，雖然常常是糾正報告\n中很基礎的問題，但我懷疑教授事前可能其實不清楚這次實驗問題或實驗安排。\n\n期末專題因為疫情加上隊友太強，我整個躺到發慌，只是助教一開始的說明真的\n不太清楚，報告當天還有同學不知道模型架構和他報告的其實不同，我跟隊友整\n個傻爆眼。\n\n最後就是隊友真的很重要，通常是兩個人一組，最好是找認識的人一起去，不然\n這麼痛苦的課還遇到雷隊友我真的是不敢想像。另外班上的人雖然大部分是電機\n系，但我必須說隊友真的要慎選，沒冒犯的意思但真的不要太相信不認識的隊友\n。然後學期中我整個很對不起隊友，因為當初我把他拉來這門破課，真的是每天\n都在想當初為甚麼不停修。\n\n最後我只想重複一件事：快跑，不要修！(去修機械系機電系統原理與實驗就好)\n\n\n--\n\n原文網址: https://www.ptt.cc/bbs/NTUcourse/M.1625239893.A.68D.html""]","[{""User_ID"": ""PTT"", ""Semester"": ""109-2"", ""Rating_Quality"": null, ""Rating_Sweet"": null, ""Rating_Easy"": null, ""Rating_Rich"": null, ""Comment"": ""轉載自 PTT 作者 ID: heng31029 (俺是耕田的)\n哪一學年度修課：109-2\n\nψ 授課教師 (若為多人合授請寫開課教師，以方便收錄)：陳永耀\n\nλ 開課系所與授課對象 (是否為必修或通識課 / 內容是否與某些背景相關)\n電機系10選2實驗，但我機械系，只是加簽小麻煩\n\nδ 課程大概內容\n4個實驗：處理器系統、Encoder、致動器、系統識別\n1個期末專題：原為倒單擺車實作，今年因疫情只使用Matlab模擬\n\nΩ 私心推薦指數(以五分計) ★★★★★\n0，誰說要修我她媽打斷鼻樑\n\nη 上課用書(影印講義或是指定教科書)\n助教會把實驗講義放在課程網頁，但不是Ceiba，至今我仍然不懂邏輯在哪\n\nμ 上課方式(投影片、團體討論、老師教學風格)\n教授講解原理→助教講解實驗→做實驗→約兩個禮拜後上台報告進度\n\nσ 評分方式(給分甜嗎？是紮實分？)\n應該算紮實分，4次實驗報告60%、期末專題報告30%、出席10%，\n不過完全是看助教和老師評分，幾乎沒有任何客觀評分標準\n\nρ 考題型式、作業方式\n每次上台報告前要先交報告投影片，只有期末專題需要Demo。\n雖然每次報告架構相同，但助教的範本劃分很奇妙，所以自己想架構會比較快\n\n每次實驗都有問題討論，但問題通常意義不明，問助教也常答非所問，進入奇妙\n的鬼打牆輪迴，不過最後感覺聽報告的教授事先也不知道問題的內容。\n\n\nω 其它(是否注重出席率？如果為外系選修，需先有什麼基礎較好嗎？老師個性？\n加簽習慣？嚴禁遲到等…)\n規定須先修過電機系的控制系統，機械系的自動控制也可。\n\n最好是先學過LabVIEW，因為課堂會用到但上課完全不會教，\n(反觀機械系的機電系統原理與實驗，助教手把手教到會，還有更多器材可以玩)\n\n最好也有很多空堂，因為事前完全不會規劃實驗時間，加簽當天才會宣布需要\n大家配合，但她媽課都選完了還要我怎麼生時間。\n\nΨ 總結\n簡單的說就是一門奇妙的實驗課，完全整個實作為王，理論基礎教授和助教都不\n會帶太深，甚至可以說是潦草的程度，講解完直接放牛吃草，做不出來完全自己\n想辦法，不過也是這樣觀察到任何現象都會很興奮，只是在這之前通常是程式寫\n不出來在頭痛啦。\n\n寫LabVIEW最痛苦就是接線的方塊型程式碼，不過也有他方便的地方，前端程式可\n以自由撰寫，利用圖表或顯示器觀測數值很直觀，我個人其實還蠻喜歡這個語言\n。只是存檔通常會有些小問題，助教也通常不會提，讓你自己去撞牆或通靈。最\n麻煩的是實驗室用的LabVIEW版本是2016，計中只有提供到2014，所以代表所有事\n情都只能用實驗室的電腦做，雖說版本可以向下相容，但只要離開實驗室，程式\n都會變成一個封印的狀態。\n\n好不容易做完實驗收集完數據，做報告還要面對意義不明的問題跟報告架構，因\n此，每次做實驗之前一定都要先問助教這次題目在問甚麼，要收集甚麼資料。\n\n上台報告其實壓力不會很大，只是教授通常會在中途插話，雖然常常是糾正報告\n中很基礎的問題，但我懷疑教授事前可能其實不清楚這次實驗問題或實驗安排。\n\n期末專題因為疫情加上隊友太強，我整個躺到發慌，只是助教一開始的說明真的\n不太清楚，報告當天還有同學不知道模型架構和他報告的其實不同，我跟隊友整\n個傻爆眼。\n\n最後就是隊友真的很重要，通常是兩個人一組，最好是找認識的人一起去，不然\n這麼痛苦的課還遇到雷隊友我真的是不敢想像。另外班上的人雖然大部分是電機\n系，但我必須說隊友真的要慎選，沒冒犯的意思但真的不要太相信不認識的隊友\n。然後學期中我整個很對不起隊友，因為當初我把他拉來這門破課，真的是每天\n都在想當初為甚麼不停修。\n\n最後我只想重複一件事：快跑，不要修！(去修機械系機電系統原理與實驗就好)\n\n\n--\n\n原文網址: https://www.ptt.cc/bbs/NTUcourse/M.1625239893.A.68D.html""}]"
電工實驗(嵌入式系統),王勝德,電機工程學系,2,114-2,37313,EE3021,2.0,3.3,3.8,2.8,"[""[User95315 | 111-2]: 1. ARM architecture overview\n2. Mbed OS API, synchronization mechanisms: semaphore, mutex, message queue, condition variables, event queue\n3. BSP sensors, serial communication: UART, SPI and I2C socket programming, STM32CubeIDE Introduction\n4. Bluetooth Introduction\n5. BLE GATT server using Mbed OS on stm32 IoT node\n6. PWM concepts and Hardware, Lab and Waveform Observation by using Logic Analyzer\n7. One-wire protocol, interrupt-driven IO, programming IO (polling IO), Industrial IO kernel module\n8. CMSIS, DSP Programming\n9. ARM AArch32 Assembly Language\n10. JTAG, SWD, and Debugging Tool\n\nLabs\n1. Mbed OS Semaphore and Button/LED IO\n2. Socket Programming and Data Visualization\n3. BLE Central Programming\n4. Mbed BLE programming - Peripheral in mbed-os (stm32) and Central in Python (RPi)\n5. PWM and Logic Analyzer\n6. DHT11 one-wire serial protocol and device drivers\n7. Mbed-DSP programming\n前 2 個小時上課，後 1 小時到實驗室做實驗（可以帶回家做）\nLab：兩到三人一組，完成後寫報告交程式碼／GitHub 連結\nExam：11 題，5 題選擇（多選），6 題簡答。考上課教的東西，平均八十出頭。\nFinal Project：跟 Lab 分組一樣。主要著重在\n1. Multithread Program Design and RTOS API\n2. Sensor Data: Collection, Processing (DSP), and Communication\n3. Program Design Optimization: fixed-point computation, multithreading, and power saving\nLab x 7 : 30%\nFinal Project : 30%\nExam : 30%\nCourse Participation : 10%\n老師教得不好，沒有嵌入式相關的經驗會很難受，上課大部分都聽不懂。\n\n建議先修：\n● 計算機網路、作業系統\n體感上網路用得比作業系統還多。我沒修過網路，藍芽、WIFI 那段幾乎聽不懂。\n● 計算機結構\n考試會考組合語言。\n● C/C++、python、Linux\n程式能力沒有很要求，實驗都會給 sample code。Linux 不會再上網查就行。\n\n實驗主要是用 Mbed Studio 這個 IDE 寫 C++。\n\n甜度：中位數 A-"", ""[gting | 111-1]: 1. ARM Architecture Overview\n\n2. Introduction to ARM Mbed OS\nLab: Mbed Studio, LED blinky and Synchronization\n\n3. STM32 Iot Node Onboard Sensors\nSerial Communication: UART, SPI and I2C\nSocket Programming\nLab: IoT node networking - wifi\n\n4. Development Environment for Embedded System using RPi\nBLE Introduction\nLab: BLE programming – BLE Central\n\n5. Mbed OS BLE programming – BLE peripheral\nMbed OS Event and EventQueue\nMbed CLI Build Tools\nDocker Containers\n\n6. STM32 timers and PWM\n\n7. Lab: STM32 PWM and Logic Analyzer\n\n8. Introduction to Raspberry Pi/Linux GPIO\nIoT device connection via one-wire Serial Interface\nLinux Device Driver Example: IIO Kernel Drivers\nInterrupt Driven IO and Polling IO\n\n9. Using Jetson Nano and Embedded Intelligence\n\n10. CMSIS and Mbed CMSIS DSP programming\n\n11. ARM Assembly Programming\n\n12. Final Projects (Development Boards: STM32L4 IoT node and Raspberry Pi 3/4, Nvidia Nano\n老師自製投影片\n每周會有一個 LAB，三人一組，完成後寫報告即可\n給分很甜，基本上報告有寫就會拿到 90 或 95 分\n\n期末會有一個考試，大約十題選擇題，就考投影片的內容，這部份也沒有很刁難。\n\n期末專題給分不確定，但應該有做出成品就沒問題了。\n\n基本上作業有交、考試有到、專題不是屍體，就會 A+ 了。\n應該是偏向導論的課程，學到的東西有限，當初看到授課內容涵蓋很多東西，覺得應該不錯，卻每一項都點到為止 (如我猜測是想教 ARM Assembly和SIMD Instruction，但卻只教了最基本的，秀了兩三頁投影片範例，讓大家知道 add x1, x1, x2 是甚麼這樣而已)，詳細的 NEON的應用、怎麼用都沒有說，所以聽完之後你仍然對這些東西的用法一點了解都沒有，唯一知道的大概就是新聽到一些新名詞，可以自己再查。另外教授口條似乎不太好，常常講一講完全沒人知道他在幹嘛，可以看出他想講的很多東西 (如講 timer 的時候會細到講到 transistor?)，但這些東西聽完就忘了，投影片上也顯得不夠清楚，會變成坐在那邊浪費了三小時 (不過這有可能和我自己沒有和教授對到頻率有關，如有冒犯到教授非常抱歉)。\n\n助教很糟是讓這堂課品質下降的主要原因，上述課程內容偏導論、教授頻率對不到可能都因人而異，但助教課程鐵定是很糟糕的。這堂課的設計是通常前兩節教授會講解原理，然後最後一節會到明達館嵌入式系統實驗室來進行實驗。實驗設計多半非常簡單，稍微更改一下範例的程式就可以得出結果，但有兩個主要問題：\n\n1. 助教漫不經心：在前幾周的時候，助教連這禮拜要做甚麼都不知道，助教也不會上台講課或告訴大家要做甚麼，基本上前兩堂的教授講完之後，就丟我們到實驗室自己看實驗要做甚麼，自己通靈。而前幾周碰到很多問題都不是自己通靈能快速解決的（如新舊版子不相容等），這些如果助教有在課前自己試過一次就會知道不可行，但助教卻選擇坐在教室後方不知道在幹嘛。另外題目敘述也很不清楚，常常讓人不知道報告要寫甚麼。\n\n2. 硬體設備不OK，線、STM32 board、Blue tooth 等等模組很多都是壞掉的，也不知道，而 MBED Studio 的 Compile 動輒都十分鐘，有時候根本不知道是程式壞掉還是硬體壞掉，有些人會聲稱這是嵌入式系統的必經之路（甚麼抵硬體的 Bug 之類），但我覺得這根本就是可以避免的。\n\n最後的期末專題，讓大家結合所學做一個東西出來，算是有學到一些東西，因為可以結合 STM32、網路知識、藍芽知識來做出一些嵌入式的應用 (如很多人做用手勢控制智慧家庭等，不得不說電機系的同學很厲害)\n\n但助教在期末專題的秩序上讓人困惑：不先公布報告順序、不規定報告要講幾分鐘，所以在 checkpoint 和最後 present 的時候都花了超過五小時，讓人問號。""]","[{""User_ID"": ""User95315"", ""Semester"": ""111-2"", ""Rating_Quality"": null, ""Rating_Sweet"": null, ""Rating_Easy"": null, ""Rating_Rich"": null, ""Comment"": ""1. ARM architecture overview\n2. Mbed OS API, synchronization mechanisms: semaphore, mutex, message queue, condition variables, event queue\n3. BSP sensors, serial communication: UART, SPI and I2C socket programming, STM32CubeIDE Introduction\n4. Bluetooth Introduction\n5. BLE GATT server using Mbed OS on stm32 IoT node\n6. PWM concepts and Hardware, Lab and Waveform Observation by using Logic Analyzer\n7. One-wire protocol, interrupt-driven IO, programming IO (polling IO), Industrial IO kernel module\n8. CMSIS, DSP Programming\n9. ARM AArch32 Assembly Language\n10. JTAG, SWD, and Debugging Tool\n\nLabs\n1. Mbed OS Semaphore and Button/LED IO\n2. Socket Programming and Data Visualization\n3. BLE Central Programming\n4. Mbed BLE programming - Peripheral in mbed-os (stm32) and Central in Python (RPi)\n5. PWM and Logic Analyzer\n6. DHT11 one-wire serial protocol and device drivers\n7. Mbed-DSP programming\n前 2 個小時上課，後 1 小時到實驗室做實驗（可以帶回家做）\nLab：兩到三人一組，完成後寫報告交程式碼／GitHub 連結\nExam：11 題，5 題選擇（多選），6 題簡答。考上課教的東西，平均八十出頭。\nFinal Project：跟 Lab 分組一樣。主要著重在\n1. Multithread Program Design and RTOS API\n2. Sensor Data: Collection, Processing (DSP), and Communication\n3. Program Design Optimization: fixed-point computation, multithreading, and power saving\nLab x 7 : 30%\nFinal Project : 30%\nExam : 30%\nCourse Participation : 10%\n老師教得不好，沒有嵌入式相關的經驗會很難受，上課大部分都聽不懂。\n\n建議先修：\n● 計算機網路、作業系統\n體感上網路用得比作業系統還多。我沒修過網路，藍芽、WIFI 那段幾乎聽不懂。\n● 計算機結構\n考試會考組合語言。\n● C/C++、python、Linux\n程式能力沒有很要求，實驗都會給 sample code。Linux 不會再上網查就行。\n\n實驗主要是用 Mbed Studio 這個 IDE 寫 C++。\n\n甜度：中位數 A-""}, {""User_ID"": ""gting"", ""Semester"": ""111-1"", ""Rating_Quality"": null, ""Rating_Sweet"": null, ""Rating_Easy"": null, ""Rating_Rich"": null, ""Comment"": ""1. ARM Architecture Overview\n\n2. Introduction to ARM Mbed OS\nLab: Mbed Studio, LED blinky and Synchronization\n\n3. STM32 Iot Node Onboard Sensors\nSerial Communication: UART, SPI and I2C\nSocket Programming\nLab: IoT node networking - wifi\n\n4. Development Environment for Embedded System using RPi\nBLE Introduction\nLab: BLE programming – BLE Central\n\n5. Mbed OS BLE programming – BLE peripheral\nMbed OS Event and EventQueue\nMbed CLI Build Tools\nDocker Containers\n\n6. STM32 timers and PWM\n\n7. Lab: STM32 PWM and Logic Analyzer\n\n8. Introduction to Raspberry Pi/Linux GPIO\nIoT device connection via one-wire Serial Interface\nLinux Device Driver Example: IIO Kernel Drivers\nInterrupt Driven IO and Polling IO\n\n9. Using Jetson Nano and Embedded Intelligence\n\n10. CMSIS and Mbed CMSIS DSP programming\n\n11. ARM Assembly Programming\n\n12. Final Projects (Development Boards: STM32L4 IoT node and Raspberry Pi 3/4, Nvidia Nano\n老師自製投影片\n每周會有一個 LAB，三人一組，完成後寫報告即可\n給分很甜，基本上報告有寫就會拿到 90 或 95 分\n\n期末會有一個考試，大約十題選擇題，就考投影片的內容，這部份也沒有很刁難。\n\n期末專題給分不確定，但應該有做出成品就沒問題了。\n\n基本上作業有交、考試有到、專題不是屍體，就會 A+ 了。\n應該是偏向導論的課程，學到的東西有限，當初看到授課內容涵蓋很多東西，覺得應該不錯，卻每一項都點到為止 (如我猜測是想教 ARM Assembly和SIMD Instruction，但卻只教了最基本的，秀了兩三頁投影片範例，讓大家知道 add x1, x1, x2 是甚麼這樣而已)，詳細的 NEON的應用、怎麼用都沒有說，所以聽完之後你仍然對這些東西的用法一點了解都沒有，唯一知道的大概就是新聽到一些新名詞，可以自己再查。另外教授口條似乎不太好，常常講一講完全沒人知道他在幹嘛，可以看出他想講的很多東西 (如講 timer 的時候會細到講到 transistor?)，但這些東西聽完就忘了，投影片上也顯得不夠清楚，會變成坐在那邊浪費了三小時 (不過這有可能和我自己沒有和教授對到頻率有關，如有冒犯到教授非常抱歉)。\n\n助教很糟是讓這堂課品質下降的主要原因，上述課程內容偏導論、教授頻率對不到可能都因人而異，但助教課程鐵定是很糟糕的。這堂課的設計是通常前兩節教授會講解原理，然後最後一節會到明達館嵌入式系統實驗室來進行實驗。實驗設計多半非常簡單，稍微更改一下範例的程式就可以得出結果，但有兩個主要問題：\n\n1. 助教漫不經心：在前幾周的時候，助教連這禮拜要做甚麼都不知道，助教也不會上台講課或告訴大家要做甚麼，基本上前兩堂的教授講完之後，就丟我們到實驗室自己看實驗要做甚麼，自己通靈。而前幾周碰到很多問題都不是自己通靈能快速解決的（如新舊版子不相容等），這些如果助教有在課前自己試過一次就會知道不可行，但助教卻選擇坐在教室後方不知道在幹嘛。另外題目敘述也很不清楚，常常讓人不知道報告要寫甚麼。\n\n2. 硬體設備不OK，線、STM32 board、Blue tooth 等等模組很多都是壞掉的，也不知道，而 MBED Studio 的 Compile 動輒都十分鐘，有時候根本不知道是程式壞掉還是硬體壞掉，有些人會聲稱這是嵌入式系統的必經之路（甚麼抵硬體的 Bug 之類），但我覺得這根本就是可以避免的。\n\n最後的期末專題，讓大家結合所學做一個東西出來，算是有學到一些東西，因為可以結合 STM32、網路知識、藍芽知識來做出一些嵌入式的應用 (如很多人做用手勢控制智慧家庭等，不得不說電機系的同學很厲害)\n\n但助教在期末專題的秩序上讓人困惑：不先公布報告順序、不規定報告要講幾分鐘，所以在 checkpoint 和最後 present 的時候都花了超過五小時，讓人問號。""}]"
積體電路設計實驗,闕志達,電機工程學系,2,114-2,24254,EE4003,,,,,"[""無評價""]",[]
計算機概論,陳銘憲,電機工程學系,3,114-2,11525,EE2027,,,,,"[""[PTT | 108-2]: 轉載自 PTT 作者 ID: fxckingKevin (百濕不得騎姊)\n哪一學年度修課：\n108-2\nψ 授課教師 (若為多人合授請寫開課教師，以方便收錄)\n陳銘憲\nλ 開課系所與授課對象 (是否為必修或通識課 / 內容是否與某些背景相關)\n電機系選修\nδ 課程大概內容\n1. Fundamentals: Data storage\n2. Systems: Machine architecture, Operating system, Networking\n3. Science: Algorithms, Programming languages\n4. Areas in CS: Software engineering, Data abstraction, Database systems.\n5. Data Types and Expressions\n6. Arrays, Strings, Addresses, and Pointers\n7. Artificial Intelligence\n\n(節錄自CEIBA)\n\nΩ 私心推薦指數(以五分計) ★★★★★\n3星\nη 上課用書(影印講義或是指定教科書)\nJ. Glenn Brookshear, Computer Science -- An Overview, 12th edition.\n\n課本內容不深，不建議買。而且老師的投影片大多follow課本，所以投影片已足夠，若是\n投影片內容看不懂的話，但課本幫助也不大，上網查比較快。\n\nμ 上課方式(投影片、團體討論、老師教學風格)\n照著投影片上課，偶爾輔以板書(手寫板)。\nσ 評分方式(給分甜嗎？是紮實分？)\n作業65%\n期末考35%\n(這學期因為疫情，取消期中考)\n\nρ 考題型式、作業方式\n作業一：課本習題\n作業二：python 語法練習\n作業三：寫personal homepage（By html）\n作業四：實作binary insertion sort\n作業五：tree 的遍歷和程式實作\n作業六：SQL\n作業七：Simple CNN\n\n跟于班的作業相比應該是和譪許多，認真寫分數全拿應該不是太困難，另外有些題目也可\n以見到助教的巧思。\n\n期末考就是上課內容的問答題，考前會發考古題（沒答案），跟正式考題非常相像，考古\n題一定要寫完然後跟同學對答案。\n\nω 其它(是否注重出席率？如果為外系選修，需先有什麼基礎較好嗎？老師個性？\n加簽習慣？嚴禁遲到等…)\n我是初選就選到的，所以加簽部分可能要請其他人幫忙補充，加上今年因為疫情的關係，\n加簽狀況也比較特別一點。\n\n老師是CS領域著名的強者，經歷也很豐富，感覺知道很多秘辛XDDD\n但是上課內容就比較枯燥一點了，難度也偏易，有點照本宣科的感覺。我認為老師上課精\n彩的地方在於課本沒提到的部分，例如AI和Data Mining，其他部分就普普。\n\n另外不知道為甚麼老師的線上教學都要給ppsx檔，需要先匯出成mp4才可以用2倍速觀看和\n暫停抄筆記，有點不方便。\n\nΨ 總結\n如果只是想大致了解CS領域的名詞，不想花太多心力的話，可以選這門課。\n但如果想要學紮實的計概的話，可能要去于班或是資工系了。\n\n\n--\n\n原文網址: https://www.ptt.cc/bbs/NTUcourse/M.1596546589.A.168.html"", ""[PTT | 109-2]: 轉載自 PTT 作者 ID: unmolk (UJ)\n哪一學年度修課：\n\n109-2\n\nψ 授課教師 (若為多人合授請寫開課教師，以方便收錄)\n\n陳銘憲\n\nλ 開課系所與授課對象 (是否為必修或通識課 / 內容是否與某些背景相關)\n\n電機系選修\n\nδ 課程大概內容\n\nCh0. Introduction\nCh1. Data Storage\nCh2. Data Manipulation\nCh2.5 Introduction to Python (covered by Prof. Ming-ling Lo)\nCh3. Operating Systems\nCh4. Networks and the Internet\nCh5. Algorithms\nCh6. Programming Languages\nCh7. Software Engineering\nCh8. Data Abstractions\nCh9. Database Systems\nCh10. Computer Graphics (not covered in this class)\nCh11. Artificial Intelligence (and more)\nCh12. Theory of Computation\n\nΩ 私心推薦指數(以五分計) ★★★★★\n\n想知道計算機在幹嘛與有什麼領域：★★★★\n紮實地學計概：★★★\n缺學分：★★★★★\n這學期很忙：★★★★☆\n\nη 上課用書(影印講義或是指定教科書)\n\nComputer Science: An overview, twelfth Edition, by J. Glenn Brookshear\n\nμ 上課方式(投影片、團體討論、老師教學風格)\n\n投影片佐以筆記，會在上課前上傳到Ceiba。我只去聽過幾門課，老師語調與語速算平淡\n，又是早上的課，應該滿容易睡著的...\n\nσ 評分方式(給分甜嗎？是紮實分？)\n\n（疫情前）\nHomework: 35%\nMidterm: 30%\nFinal: 35%\nClass Performance: +- 0~3%\n\n疫情後取消期末考，怎麼改配分我就不清楚了，但多了兩份作業。\n\nρ 考題型式、作業方式\n\n考試：選擇填充問答等，助教會給參考考題，寫一寫上課有讀應該就能考得不錯。\n作業：每次都不太一樣，這學期的作業內容如下：\nhw1: Data Storage （手寫，就資料儲存操作的一些內容，上網應該找得到答案...）\nhw2: Python\nhw3: Web\nhw4: Algorithm\nhw5: SQL\nhw6: Neural Network\nhw7: Image Classification\n\n就是各領域的基礎介紹＋操作，作為一門概論課難度算適中合理。\n\nω 其它(是否注重出席率？如果為外系選修，需先有什麼基礎較好嗎？老師個性？\n加簽習慣？嚴禁遲到等…)\n\n偶爾會點名，但我幾乎沒去過。\n選修不需要基礎，有電腦能跑程式就夠了。\n\nΨ 總結\n\n啊...我也忘記為什麼我學期初要選這門課不去修其他課了...\n給大一修的話好像還是滿有趣的，但如果是修過OS Algorithm DB ML Network之類的人，\n上課應該會覺得很無聊，所以如果已經不是大一的話建議缺學分再來修...不然就會跟我\n一樣不知道整學期在幹嘛...\n\nbtw 助教人很好><\n\n--\n\n原文網址: https://www.ptt.cc/bbs/NTUcourse/M.1625474830.A.48E.html""]","[{""User_ID"": ""PTT"", ""Semester"": ""108-2"", ""Rating_Quality"": null, ""Rating_Sweet"": null, ""Rating_Easy"": null, ""Rating_Rich"": null, ""Comment"": ""轉載自 PTT 作者 ID: fxckingKevin (百濕不得騎姊)\n哪一學年度修課：\n108-2\nψ 授課教師 (若為多人合授請寫開課教師，以方便收錄)\n陳銘憲\nλ 開課系所與授課對象 (是否為必修或通識課 / 內容是否與某些背景相關)\n電機系選修\nδ 課程大概內容\n1. Fundamentals: Data storage\n2. Systems: Machine architecture, Operating system, Networking\n3. Science: Algorithms, Programming languages\n4. Areas in CS: Software engineering, Data abstraction, Database systems.\n5. Data Types and Expressions\n6. Arrays, Strings, Addresses, and Pointers\n7. Artificial Intelligence\n\n(節錄自CEIBA)\n\nΩ 私心推薦指數(以五分計) ★★★★★\n3星\nη 上課用書(影印講義或是指定教科書)\nJ. Glenn Brookshear, Computer Science -- An Overview, 12th edition.\n\n課本內容不深，不建議買。而且老師的投影片大多follow課本，所以投影片已足夠，若是\n投影片內容看不懂的話，但課本幫助也不大，上網查比較快。\n\nμ 上課方式(投影片、團體討論、老師教學風格)\n照著投影片上課，偶爾輔以板書(手寫板)。\nσ 評分方式(給分甜嗎？是紮實分？)\n作業65%\n期末考35%\n(這學期因為疫情，取消期中考)\n\nρ 考題型式、作業方式\n作業一：課本習題\n作業二：python 語法練習\n作業三：寫personal homepage（By html）\n作業四：實作binary insertion sort\n作業五：tree 的遍歷和程式實作\n作業六：SQL\n作業七：Simple CNN\n\n跟于班的作業相比應該是和譪許多，認真寫分數全拿應該不是太困難，另外有些題目也可\n以見到助教的巧思。\n\n期末考就是上課內容的問答題，考前會發考古題（沒答案），跟正式考題非常相像，考古\n題一定要寫完然後跟同學對答案。\n\nω 其它(是否注重出席率？如果為外系選修，需先有什麼基礎較好嗎？老師個性？\n加簽習慣？嚴禁遲到等…)\n我是初選就選到的，所以加簽部分可能要請其他人幫忙補充，加上今年因為疫情的關係，\n加簽狀況也比較特別一點。\n\n老師是CS領域著名的強者，經歷也很豐富，感覺知道很多秘辛XDDD\n但是上課內容就比較枯燥一點了，難度也偏易，有點照本宣科的感覺。我認為老師上課精\n彩的地方在於課本沒提到的部分，例如AI和Data Mining，其他部分就普普。\n\n另外不知道為甚麼老師的線上教學都要給ppsx檔，需要先匯出成mp4才可以用2倍速觀看和\n暫停抄筆記，有點不方便。\n\nΨ 總結\n如果只是想大致了解CS領域的名詞，不想花太多心力的話，可以選這門課。\n但如果想要學紮實的計概的話，可能要去于班或是資工系了。\n\n\n--\n\n原文網址: https://www.ptt.cc/bbs/NTUcourse/M.1596546589.A.168.html""}, {""User_ID"": ""PTT"", ""Semester"": ""109-2"", ""Rating_Quality"": null, ""Rating_Sweet"": null, ""Rating_Easy"": null, ""Rating_Rich"": null, ""Comment"": ""轉載自 PTT 作者 ID: unmolk (UJ)\n哪一學年度修課：\n\n109-2\n\nψ 授課教師 (若為多人合授請寫開課教師，以方便收錄)\n\n陳銘憲\n\nλ 開課系所與授課對象 (是否為必修或通識課 / 內容是否與某些背景相關)\n\n電機系選修\n\nδ 課程大概內容\n\nCh0. Introduction\nCh1. Data Storage\nCh2. Data Manipulation\nCh2.5 Introduction to Python (covered by Prof. Ming-ling Lo)\nCh3. Operating Systems\nCh4. Networks and the Internet\nCh5. Algorithms\nCh6. Programming Languages\nCh7. Software Engineering\nCh8. Data Abstractions\nCh9. Database Systems\nCh10. Computer Graphics (not covered in this class)\nCh11. Artificial Intelligence (and more)\nCh12. Theory of Computation\n\nΩ 私心推薦指數(以五分計) ★★★★★\n\n想知道計算機在幹嘛與有什麼領域：★★★★\n紮實地學計概：★★★\n缺學分：★★★★★\n這學期很忙：★★★★☆\n\nη 上課用書(影印講義或是指定教科書)\n\nComputer Science: An overview, twelfth Edition, by J. Glenn Brookshear\n\nμ 上課方式(投影片、團體討論、老師教學風格)\n\n投影片佐以筆記，會在上課前上傳到Ceiba。我只去聽過幾門課，老師語調與語速算平淡\n，又是早上的課，應該滿容易睡著的...\n\nσ 評分方式(給分甜嗎？是紮實分？)\n\n（疫情前）\nHomework: 35%\nMidterm: 30%\nFinal: 35%\nClass Performance: +- 0~3%\n\n疫情後取消期末考，怎麼改配分我就不清楚了，但多了兩份作業。\n\nρ 考題型式、作業方式\n\n考試：選擇填充問答等，助教會給參考考題，寫一寫上課有讀應該就能考得不錯。\n作業：每次都不太一樣，這學期的作業內容如下：\nhw1: Data Storage （手寫，就資料儲存操作的一些內容，上網應該找得到答案...）\nhw2: Python\nhw3: Web\nhw4: Algorithm\nhw5: SQL\nhw6: Neural Network\nhw7: Image Classification\n\n就是各領域的基礎介紹＋操作，作為一門概論課難度算適中合理。\n\nω 其它(是否注重出席率？如果為外系選修，需先有什麼基礎較好嗎？老師個性？\n加簽習慣？嚴禁遲到等…)\n\n偶爾會點名，但我幾乎沒去過。\n選修不需要基礎，有電腦能跑程式就夠了。\n\nΨ 總結\n\n啊...我也忘記為什麼我學期初要選這門課不去修其他課了...\n給大一修的話好像還是滿有趣的，但如果是修過OS Algorithm DB ML Network之類的人，\n上課應該會覺得很無聊，所以如果已經不是大一的話建議缺學分再來修...不然就會跟我\n一樣不知道整學期在幹嘛...\n\nbtw 助教人很好><\n\n--\n\n原文網址: https://www.ptt.cc/bbs/NTUcourse/M.1625474830.A.48E.html""}]"
電力電子概論,陳耀銘,電機工程學系,3,114-2,56727,EE4010,,,,,"[""無評價""]",[]
通信原理,蘇炫榮,電機工程學系,3,114-2,20933,EE3007,,,,,"[""無評價""]",[]
電腦網路導論,黃寶儀,電機工程學系,3,114-2,15382,EE4020,5.0,4.0,4.8,3.5,"[""[User23204 | 113-2]: Internet, Internet layers and protocols. It starts with a general definition of the internet and it starts delving deeper on each protocol\nYoutube streams and videos in her channel\nSlides and didactic videos\n3 exams and 9 programming assignments, several in class quizzes\n•Programming Assignments: 35%\n• Quizzes: 30%\n• Exams: 30%\n• Participation: 5%\n(Graded on a curve)\nPolly Huang is one of the best instructors out there! She is really interested in making everyone learn from her class and her daily quizzes really help in terms of making you pay attention to class. Her knowledge about each topic is also specially good and she'll always answer any question you have, and her material is very easy to follow and understand, which is key while studying for her exams. I would recommend"", ""[User85195 | 113-2]: computer networks\nonline through live video calls and discord\nhas slides for reference\nquizzes, programming assignments and 3 exams\nstraightforward grading\ngreat teacher, very great class.""]","[{""User_ID"": ""User23204"", ""Semester"": ""113-2"", ""Rating_Quality"": null, ""Rating_Sweet"": null, ""Rating_Easy"": null, ""Rating_Rich"": null, ""Comment"": ""Internet, Internet layers and protocols. It starts with a general definition of the internet and it starts delving deeper on each protocol\nYoutube streams and videos in her channel\nSlides and didactic videos\n3 exams and 9 programming assignments, several in class quizzes\n•Programming Assignments: 35%\n• Quizzes: 30%\n• Exams: 30%\n• Participation: 5%\n(Graded on a curve)\nPolly Huang is one of the best instructors out there! She is really interested in making everyone learn from her class and her daily quizzes really help in terms of making you pay attention to class. Her knowledge about each topic is also specially good and she'll always answer any question you have, and her material is very easy to follow and understand, which is key while studying for her exams. I would recommend""}, {""User_ID"": ""User85195"", ""Semester"": ""113-2"", ""Rating_Quality"": null, ""Rating_Sweet"": null, ""Rating_Easy"": null, ""Rating_Rich"": null, ""Comment"": ""computer networks\nonline through live video calls and discord\nhas slides for reference\nquizzes, programming assignments and 3 exams\nstraightforward grading\ngreat teacher, very great class.""}]"
生醫工程概論,黃念祖,電機工程學系,3,114-2,24585,EE3009,,,,,"[""無評價""]",[]
電子設計自動化導論,江介宏,電機工程學系,3,114-2,18281,EE3012,,,,,"[""無評價""]",[]
半導體工程,林致廷,電機工程學系,3,114-2,14082,EE4032,4.5,3.0,4.0,4.5,"[""[ynt | 113-2]: 2/21 Introduction Ch2\n2/28 Holiday\n3/07 Semiconductor Basics Ch3\n3/14 Wafer Manufacturing Ch4\n3/21 Thermal Process Ch5\n3/28 Thermal Process Ch5\n4/04 Holiday\n4/11 Photolithography Ch6\n4/18 Photolithography Ch6\n4/25 Plasma Basics Ch7\n5/02 Etch Ch8\n5/09 Etch Ch9\n5/16 Chemical Vapor Deposition Ch9\n5/23 Physical Vapor Deposition Ch10\n5/30 Holiday\n6/06 Final\n老師講投影片，有時會在黑板上畫圖補充\n不會放課程影片在ntu cool上\n老師自編講義\n作業佔30%，有5次作業和1次加分作業，取這6次作業前五高算分(1次作業佔總成績6分)\n期末考佔35%，範圍是整學期上課內容(非常多)\n期末報告是選擇任一有關半導體製程技術的主題報告，篇幅8~10頁(不含reference)，如果直接使用生成式AI內容會扣分\nHomework: 30%\nTerm Report: 35%\nFinals: 35%\n*如果記憶力不好，選課前請三思*\n這堂課的內容是講解半導體的製造工序，內容很多老師也講得非常詳細，在課堂上老師會提醒有哪些地方可能會考或必考，因此強烈建議不要翹課(因為期末範圍非常多)\n作業大概每上完兩章就會出一次，大概花個兩小時可以寫完，只要有寫到重點就能拿到分\n\n期末考範圍是整學期內容，由於內容非常多(大概有650頁左右的PPT)，建議平時上完課後就要複習以建立觀念，準備期末考才不會那麼痛苦(儘管我寫作業前都有把講義看過一遍期末考還是讀得很痛苦QQ)，可能是因為範圍太多很多人記不起來，期末考平均有點慘烈只有58分\n\n期末報告如果寫到規定的篇幅，並且不用生成式AI撰寫就能拿到80分以上\n小弟作業成績拿滿、期末考和期末報告各比平均高9分，總成績有微調但不多，學期成績84.多被老師救到A，在此感謝教授撈撈\n總的來說如果想往奈米電子組發展又擅長記憶，這門課很適合你"", ""[User43710 | 113-2]: learning about overview of semiconductor engineering\non site lecture\nlecturer's slides\n5 homeworks\n1 final exam\n1 term report\n5 homeworks 30%\n1 final exam 35%\n1 term report 35%\nLecturer is good, sharing own experience rather than talking everything on the slides""]","[{""User_ID"": ""ynt"", ""Semester"": ""113-2"", ""Rating_Quality"": null, ""Rating_Sweet"": null, ""Rating_Easy"": null, ""Rating_Rich"": null, ""Comment"": ""2/21 Introduction Ch2\n2/28 Holiday\n3/07 Semiconductor Basics Ch3\n3/14 Wafer Manufacturing Ch4\n3/21 Thermal Process Ch5\n3/28 Thermal Process Ch5\n4/04 Holiday\n4/11 Photolithography Ch6\n4/18 Photolithography Ch6\n4/25 Plasma Basics Ch7\n5/02 Etch Ch8\n5/09 Etch Ch9\n5/16 Chemical Vapor Deposition Ch9\n5/23 Physical Vapor Deposition Ch10\n5/30 Holiday\n6/06 Final\n老師講投影片，有時會在黑板上畫圖補充\n不會放課程影片在ntu cool上\n老師自編講義\n作業佔30%，有5次作業和1次加分作業，取這6次作業前五高算分(1次作業佔總成績6分)\n期末考佔35%，範圍是整學期上課內容(非常多)\n期末報告是選擇任一有關半導體製程技術的主題報告，篇幅8~10頁(不含reference)，如果直接使用生成式AI內容會扣分\nHomework: 30%\nTerm Report: 35%\nFinals: 35%\n*如果記憶力不好，選課前請三思*\n這堂課的內容是講解半導體的製造工序，內容很多老師也講得非常詳細，在課堂上老師會提醒有哪些地方可能會考或必考，因此強烈建議不要翹課(因為期末範圍非常多)\n作業大概每上完兩章就會出一次，大概花個兩小時可以寫完，只要有寫到重點就能拿到分\n\n期末考範圍是整學期內容，由於內容非常多(大概有650頁左右的PPT)，建議平時上完課後就要複習以建立觀念，準備期末考才不會那麼痛苦(儘管我寫作業前都有把講義看過一遍期末考還是讀得很痛苦QQ)，可能是因為範圍太多很多人記不起來，期末考平均有點慘烈只有58分\n\n期末報告如果寫到規定的篇幅，並且不用生成式AI撰寫就能拿到80分以上\n小弟作業成績拿滿、期末考和期末報告各比平均高9分，總成績有微調但不多，學期成績84.多被老師救到A，在此感謝教授撈撈\n總的來說如果想往奈米電子組發展又擅長記憶，這門課很適合你""}, {""User_ID"": ""User43710"", ""Semester"": ""113-2"", ""Rating_Quality"": null, ""Rating_Sweet"": null, ""Rating_Easy"": null, ""Rating_Rich"": null, ""Comment"": ""learning about overview of semiconductor engineering\non site lecture\nlecturer's slides\n5 homeworks\n1 final exam\n1 term report\n5 homeworks 30%\n1 final exam 35%\n1 term report 35%\nLecturer is good, sharing own experience rather than talking everything on the slides""}]"
近代物理,吳志毅,電機工程學系,3,114-2,39436,EE3015,2.5,4.0,5.0,3.0,"[""[ynt | 112-1]: 1. Particle Properties of Waves\n2. Wave Properties of Particles\n3. Atomic Structure\n4. Quantum Mechanics\n5. Quantum Theory of the Hydrogen Atom\n6. Many-Electron Atoms\n7. Statistical Mechanics\n8. Solid State Physics\n老師不會點名，上課方式以老師講解PPT為主，上課內容會錄影但期中、期末考前一個星期才會上傳至NTU COOL，老師有時候也會講期中期末出題的方向，所以建議不要翹課。需要注意的是講義幾乎都是中文書寫，但考試時用英文考，因此要知道一些專有名詞的英文\n以講義為主\n課本：Quantum Physics of Atoms, Molecules, Solids, Nuclei, and Particles by Eisberg and Resnick, Wiley, 1985\n一共有8次手寫作業，一次約有5題，只接受紙本繳交，有兩次作業是僅供練習不計分\n期中跟期末考各有10題，每題10分滿分100，會從作業跟考古題出，當然也會有新的題目，準備方式是把講義上的內容、作業跟考古題看熟，有時候會考一些專有名詞解釋，例如螢光和磷光的差異等等，需要特別留意\nMidterm : 30%\nFinal : 40%\nHomework : 30%\n整體而言偏甜偏涼，期中平均85，期末平均73，應該是沒有調分\n但上課講義內容寫得不是很詳細，要看課本才能對一些公式和概念有更全面的了解。"", ""[PTT | 108-1]: 轉載自 PTT 作者 ID: NTUFD5thpres (嘴賤海豹君)\n哪一學年度修課： 108-1\n\nψ 授課教師 (若為多人合授請寫開課教師，以方便收錄)\n\n吳志毅\n\nλ 開課系所與授課對象 (是否為必修或通識課 / 內容是否與某些背景相關)\n\n電機工程學系/選修\n\nδ 課程大概內容\n\nIntroduction\nParticle Properties of Waves\nWave Properties of Particles\nAtomic Structure\nQuantum Mechanics\n----------Midterm----------\nQuantum Theory of the Hydrogen Atom\nMany-Electron Atoms\nMolecules\nStatistical Mechanics\nSolid State Physics\n----------Final Exam----------\nRelativity\n（以上資料來自課程Syllabus）\n\nΩ 私心推薦指數(以五分計) ★★★★\n\n爽爽拿高分：★★★★★\n想學習更深入的量子力學或相對論：★\n\nη 上課用書(影印講義或是指定教科書)\n\nText book:\nConcepts of Modern Physics, Arthur Beiser and Kok Wai Cheah\nReferences:\nModern Physics, 6th Ed, Paul A. Tipler and Raulph A. Llewellyn\n\n老師也會定期將上課用的講義更新在CEIBA上\n上課講義基本上就是上課用的投影片\n內容跟text book相去無多\n應該可以不要買課本或不用印講義擇一\n\nμ 上課方式(投影片、團體討論、老師教學風格)\n\n老師上課主要以投影片為主，\n幾乎不用版書，\n內容多半是跟投影片一模一樣，\n老師的口條很清晰，\n不過內容上並不那麼深入，\n作為量子力學與相對論的入門是很不錯的，\n不過如果想要更深入的了解，\n這門課或許就沒那麼有幫助了，\n另外老師對於期中期末考的範圍和日期等，\n給了我們很大的討論空間，\n（也就是很隨性啦ＸＤ）\n這讓這門課的loading小上許多，\n或許也是很重要的優點吧！\n\nσ 評分方式(給分甜嗎？是紮實分？)\n\nHomework: 30%\nMid-term: 30%\nFinal: 40%\n\n我認為這門課應該算是甜吧，\n沒花太多時間就能拿到令人滿意的成績。\n\nρ 考題型式、作業方式\n\n作業的部分是從第二章之後每章都有勾習題，\n當該章節教完之後的兩週就要交作業，\n作業內容不算太難，\n甚至大多數的習題網路上都找得到答案。\n考試內容不算難，\n不會超出上課的範圍，\n其中也會考幾題習題，\n要拿到一定程度的分數絕對不是問題。\n\nω 其它(是否注重出席率？如果為外系選修，需先有什麼基礎較好嗎？老師個性？\n加簽習慣？嚴禁遲到等…)\n\n不重視出席率，\n作業有交考試有來就好，\n基本上只要是理工科應該都可以輕鬆上手，\n不需要有其他基礎，\n甚至我覺得即使是非理工科，\n只要稍微多花點時間也不是問題，\n可以當通識來修，\n加簽印象裡好像全簽吧。\n\nΨ 總結\n\n近代物理算是一門滿重要的學問，\n是作為量子物理與相對論的入門，\n這門課好就好在簡單易上手，\n不會讓人一開始就害怕的裹足不前，\n但因為也不太深入，\n沒有接觸到更多深入且有用的內容，\n實屬可惜。\n\n\n--\n\n原文網址: https://www.ptt.cc/bbs/NTUcourse/M.1596471418.A.856.html""]","[{""User_ID"": ""ynt"", ""Semester"": ""112-1"", ""Rating_Quality"": null, ""Rating_Sweet"": null, ""Rating_Easy"": null, ""Rating_Rich"": null, ""Comment"": ""1. Particle Properties of Waves\n2. Wave Properties of Particles\n3. Atomic Structure\n4. Quantum Mechanics\n5. Quantum Theory of the Hydrogen Atom\n6. Many-Electron Atoms\n7. Statistical Mechanics\n8. Solid State Physics\n老師不會點名，上課方式以老師講解PPT為主，上課內容會錄影但期中、期末考前一個星期才會上傳至NTU COOL，老師有時候也會講期中期末出題的方向，所以建議不要翹課。需要注意的是講義幾乎都是中文書寫，但考試時用英文考，因此要知道一些專有名詞的英文\n以講義為主\n課本：Quantum Physics of Atoms, Molecules, Solids, Nuclei, and Particles by Eisberg and Resnick, Wiley, 1985\n一共有8次手寫作業，一次約有5題，只接受紙本繳交，有兩次作業是僅供練習不計分\n期中跟期末考各有10題，每題10分滿分100，會從作業跟考古題出，當然也會有新的題目，準備方式是把講義上的內容、作業跟考古題看熟，有時候會考一些專有名詞解釋，例如螢光和磷光的差異等等，需要特別留意\nMidterm : 30%\nFinal : 40%\nHomework : 30%\n整體而言偏甜偏涼，期中平均85，期末平均73，應該是沒有調分\n但上課講義內容寫得不是很詳細，要看課本才能對一些公式和概念有更全面的了解。""}, {""User_ID"": ""PTT"", ""Semester"": ""108-1"", ""Rating_Quality"": null, ""Rating_Sweet"": null, ""Rating_Easy"": null, ""Rating_Rich"": null, ""Comment"": ""轉載自 PTT 作者 ID: NTUFD5thpres (嘴賤海豹君)\n哪一學年度修課： 108-1\n\nψ 授課教師 (若為多人合授請寫開課教師，以方便收錄)\n\n吳志毅\n\nλ 開課系所與授課對象 (是否為必修或通識課 / 內容是否與某些背景相關)\n\n電機工程學系/選修\n\nδ 課程大概內容\n\nIntroduction\nParticle Properties of Waves\nWave Properties of Particles\nAtomic Structure\nQuantum Mechanics\n----------Midterm----------\nQuantum Theory of the Hydrogen Atom\nMany-Electron Atoms\nMolecules\nStatistical Mechanics\nSolid State Physics\n----------Final Exam----------\nRelativity\n（以上資料來自課程Syllabus）\n\nΩ 私心推薦指數(以五分計) ★★★★\n\n爽爽拿高分：★★★★★\n想學習更深入的量子力學或相對論：★\n\nη 上課用書(影印講義或是指定教科書)\n\nText book:\nConcepts of Modern Physics, Arthur Beiser and Kok Wai Cheah\nReferences:\nModern Physics, 6th Ed, Paul A. Tipler and Raulph A. Llewellyn\n\n老師也會定期將上課用的講義更新在CEIBA上\n上課講義基本上就是上課用的投影片\n內容跟text book相去無多\n應該可以不要買課本或不用印講義擇一\n\nμ 上課方式(投影片、團體討論、老師教學風格)\n\n老師上課主要以投影片為主，\n幾乎不用版書，\n內容多半是跟投影片一模一樣，\n老師的口條很清晰，\n不過內容上並不那麼深入，\n作為量子力學與相對論的入門是很不錯的，\n不過如果想要更深入的了解，\n這門課或許就沒那麼有幫助了，\n另外老師對於期中期末考的範圍和日期等，\n給了我們很大的討論空間，\n（也就是很隨性啦ＸＤ）\n這讓這門課的loading小上許多，\n或許也是很重要的優點吧！\n\nσ 評分方式(給分甜嗎？是紮實分？)\n\nHomework: 30%\nMid-term: 30%\nFinal: 40%\n\n我認為這門課應該算是甜吧，\n沒花太多時間就能拿到令人滿意的成績。\n\nρ 考題型式、作業方式\n\n作業的部分是從第二章之後每章都有勾習題，\n當該章節教完之後的兩週就要交作業，\n作業內容不算太難，\n甚至大多數的習題網路上都找得到答案。\n考試內容不算難，\n不會超出上課的範圍，\n其中也會考幾題習題，\n要拿到一定程度的分數絕對不是問題。\n\nω 其它(是否注重出席率？如果為外系選修，需先有什麼基礎較好嗎？老師個性？\n加簽習慣？嚴禁遲到等…)\n\n不重視出席率，\n作業有交考試有來就好，\n基本上只要是理工科應該都可以輕鬆上手，\n不需要有其他基礎，\n甚至我覺得即使是非理工科，\n只要稍微多花點時間也不是問題，\n可以當通識來修，\n加簽印象裡好像全簽吧。\n\nΨ 總結\n\n近代物理算是一門滿重要的學問，\n是作為量子物理與相對論的入門，\n這門課好就好在簡單易上手，\n不會讓人一開始就害怕的裹足不前，\n但因為也不太深入，\n沒有接觸到更多深入且有用的內容，\n實屬可惜。\n\n\n--\n\n原文網址: https://www.ptt.cc/bbs/NTUcourse/M.1596471418.A.856.html""}]"
電子電路設計,李泰成,電機工程學系,3,114-2,29558,EE4036,,,,,"[""[PTT | 108-2]: 轉載自 PTT 作者 ID: ymiexd (你們這樣我都害羞了)\n哪一學年度修課：\n108-2\n\nψ 授課教師 (若為多人合授請寫開課教師，以方便收錄)\n李泰成\n\nλ 開課系所與授課對象 (是否為必修或通識課 / 內容是否與某些背景相關)\n電機系複選必修 元件與電路整合系統類\n\nδ 課程大概內容\n1. Basic MOS Device Physics\n2. Single-stage Amplifiers\n3. Differential Amplifiers\n4. Passive and active Current Mirrors\n5. Frequency Response of Amplifiers\n6. Noise\n7. Feedback\n8. Operational Amplifiers\n9. Stability and Frequency Compensation\n10.Nanometer Design Studies\n\n另外還有simulation tool (Cadence Virtuoso)的教學\n\nΩ 私心推薦指數(以五分計) ★★★★★\n電子學沒有放推的人 ★★★★★\n\nη 上課用書(影印講義或是指定教科書)\nDesign of Analog CMOS Integrated Circuits, 2nd edition” by Behzad Razavi,\nMcGraw-Hill, 2017\n\nμ 上課方式(投影片、團體討論、老師教學風格)\n使用投影片，投影片上都有挖空，建議印下來然後上課時抄下來把空格填滿\n\n大部分內容Razavi課本上都有，不過老師有時會補充對應的BJT設計，這部分比較沒出現\n在課本上\n\n在作業有需要用到新的模擬軟體或一些技巧的時候，助教會到班上來講解\n\nσ 評分方式(給分甜嗎？是紮實分？)\nHomework (20%) + Midterm (40%)+ Project (40%)\n\n上述全部都有認真寫並繳交的人，大部分應該都拿得到A\n\nρ 考題型式、作業方式\n只在第12週考了一次考試，考題跟電子學的形式差不多，不過比較深入，專心聽課還是比\n較拿得到分\n\n整學期有四次作業，都是有課本習題、老師自己出的題目和模擬電路\n\n第四次作業和期末專題除了模擬以外還要自己畫layout並做post-sim\n\nBtw，期末專題可以兩個人一組，要做書面報告和上台報告，內容是自己設計一個有OTA的\n電路（不過也有強者同學自己一個人一組）\n\nω 其它(是否注重出席率？如果為外系選修，需先有什麼基礎較好嗎？老師個性？\n加簽習慣？嚴禁遲到等…)\n需要電子二的基礎，不過這學期有兩個學弟同時修這門課加電子二，他們看起來算吸收得\n還可以，所以同時修的話以進度來看是不會有太大的落差(?)\n\n老師上課不點名，不過不來聽課自己啃課本可能會有一點小吃力。根據我的觀察期中考後\n大部分同學也都還是有來聽課\n\n老師說明年的教學內容會有一點小改變，似乎是會加入一些應用相關的內容，這個留待明\n年修課的同學補充囉～\n\nΨ 總結\n這門課算是銜接電子學和類比積體電路的課程吧，會提到一些Sedra/Smith裡面沒提過或\n輕描淡寫過去的主題（例如雜訊之類的設計時的考量）\n\n也因為這門課很多時候還是在講運算放大器，電子學沒有學好的人還請小心服用XD\n\n--\n\n原文網址: https://www.ptt.cc/bbs/NTUcourse/M.1594478016.A.437.html""]","[{""User_ID"": ""PTT"", ""Semester"": ""108-2"", ""Rating_Quality"": null, ""Rating_Sweet"": null, ""Rating_Easy"": null, ""Rating_Rich"": null, ""Comment"": ""轉載自 PTT 作者 ID: ymiexd (你們這樣我都害羞了)\n哪一學年度修課：\n108-2\n\nψ 授課教師 (若為多人合授請寫開課教師，以方便收錄)\n李泰成\n\nλ 開課系所與授課對象 (是否為必修或通識課 / 內容是否與某些背景相關)\n電機系複選必修 元件與電路整合系統類\n\nδ 課程大概內容\n1. Basic MOS Device Physics\n2. Single-stage Amplifiers\n3. Differential Amplifiers\n4. Passive and active Current Mirrors\n5. Frequency Response of Amplifiers\n6. Noise\n7. Feedback\n8. Operational Amplifiers\n9. Stability and Frequency Compensation\n10.Nanometer Design Studies\n\n另外還有simulation tool (Cadence Virtuoso)的教學\n\nΩ 私心推薦指數(以五分計) ★★★★★\n電子學沒有放推的人 ★★★★★\n\nη 上課用書(影印講義或是指定教科書)\nDesign of Analog CMOS Integrated Circuits, 2nd edition” by Behzad Razavi,\nMcGraw-Hill, 2017\n\nμ 上課方式(投影片、團體討論、老師教學風格)\n使用投影片，投影片上都有挖空，建議印下來然後上課時抄下來把空格填滿\n\n大部分內容Razavi課本上都有，不過老師有時會補充對應的BJT設計，這部分比較沒出現\n在課本上\n\n在作業有需要用到新的模擬軟體或一些技巧的時候，助教會到班上來講解\n\nσ 評分方式(給分甜嗎？是紮實分？)\nHomework (20%) + Midterm (40%)+ Project (40%)\n\n上述全部都有認真寫並繳交的人，大部分應該都拿得到A\n\nρ 考題型式、作業方式\n只在第12週考了一次考試，考題跟電子學的形式差不多，不過比較深入，專心聽課還是比\n較拿得到分\n\n整學期有四次作業，都是有課本習題、老師自己出的題目和模擬電路\n\n第四次作業和期末專題除了模擬以外還要自己畫layout並做post-sim\n\nBtw，期末專題可以兩個人一組，要做書面報告和上台報告，內容是自己設計一個有OTA的\n電路（不過也有強者同學自己一個人一組）\n\nω 其它(是否注重出席率？如果為外系選修，需先有什麼基礎較好嗎？老師個性？\n加簽習慣？嚴禁遲到等…)\n需要電子二的基礎，不過這學期有兩個學弟同時修這門課加電子二，他們看起來算吸收得\n還可以，所以同時修的話以進度來看是不會有太大的落差(?)\n\n老師上課不點名，不過不來聽課自己啃課本可能會有一點小吃力。根據我的觀察期中考後\n大部分同學也都還是有來聽課\n\n老師說明年的教學內容會有一點小改變，似乎是會加入一些應用相關的內容，這個留待明\n年修課的同學補充囉～\n\nΨ 總結\n這門課算是銜接電子學和類比積體電路的課程吧，會提到一些Sedra/Smith裡面沒提過或\n輕描淡寫過去的主題（例如雜訊之類的設計時的考量）\n\n也因為這門課很多時候還是在講運算放大器，電子學沒有學好的人還請小心服用XD\n\n--\n\n原文網址: https://www.ptt.cc/bbs/NTUcourse/M.1594478016.A.437.html""}]"
積體電路設計,盧奕璋,電機工程學系,3,114-2,17970,EE3020,,,,,"[""無評價""]",[]
控制系統,蔡坤諭,電機工程學系,3,114-2,52796,EE3024,3.0,3.0,5.0,4.0,"[""[User94751 | 113-2]: Ch. 1. Overview and History of Control\nCh. 2. Dynamic Models\nCh. 3. Dynamic Responses\nCh. 4. Basic Properties of Feedback\nCh. 5. Root Locus Techniques\nCh. 6. Frequency Response Methods\nCh. 7. State-Space Methodes\nVideoconference course with PPt support\nOnline course. PDF on NTU cool.\n1 final exam or final study report\n1 final project\n1 bonus project\nFinal exam : 50%\nFinal project : 50%\nBonus project : 20%\nThis is a personal opinion, but I find it not easy to take a course that takes place 100% online. We can switch off quickly.\nI think it would have been good to put more emphasis on the matlab/simulink software. We have used this software very little.\nDespite these small opportunities for improvement, the course is complete and covers a lot of notions but not too much either."", ""[PTT | 105-1]: 轉載自 PTT 作者 ID: yangchris11 (歪彥)\n哪一學年度修課： 105-1\n\nψ 授課教師 (若為多人合授請寫開課教師，以方便收錄)\n\n蔡坤諭\n\nδ 課程大概內容\n\nCh. 1. Overview and History of Control\nCh. 2. Dynamic Models\nCh. 3. Dynamic Responses\nCh. 4. Basic Properties of Feedback\nCh. 5. Root Locus Techniques\nCh. 6. Frequency Response Methods\nCh. 7. State-Space Methodes\n\nΩ 私心推薦指數(以五分計) ★★★★★\n\n★ >> 這顆是因為自動控制實驗擋修..................\n\nη 上課用書(影印講義或是指定教科書)\n\n1. [Dorf] R. C. Dorf, Modern Control Systems, 12th ed., 2010\n2. [FPE] G. F. Franklin, J. D. Powell, and A. Emami-Naeini, Feedback Control of\nDynamic Systems, 6th ed., 2010, or 7th ed., 2015\n\nμ 上課方式(投影片、團體討論、老師教學風格)\n\n連上兩個半小時..........用的是老師的投影片\n基本上是 95%英文 5%中文\nㄏㄏㄏㄏㄏㄏㄏㄏ 珍惜生命 遠離控制\n\nσ 評分方式(給分甜嗎？是紮實分？)\n\n期末考 50%\nProject 50%\n(Bonus Project up to 20%)\n\nρ 考題型式、作業方式\n\n今年只考一題100%...................\n考design一個compensator.................\n還真的不知道他要怎麼改.................\n\nω 其它(是否注重出席率？如果為外系選修，需先有什麼基礎較好嗎？老師個性？\n加簽習慣？嚴禁遲到等…)\n\n全簽，反正自學，基礎越多越好..................\n\nΨ 總結\n\n好課，個屁。\n\n--\n\n原文網址: https://www.ptt.cc/bbs/NTUcourse/M.1484293373.A.591.html""]","[{""User_ID"": ""User94751"", ""Semester"": ""113-2"", ""Rating_Quality"": null, ""Rating_Sweet"": null, ""Rating_Easy"": null, ""Rating_Rich"": null, ""Comment"": ""Ch. 1. Overview and History of Control\nCh. 2. Dynamic Models\nCh. 3. Dynamic Responses\nCh. 4. Basic Properties of Feedback\nCh. 5. Root Locus Techniques\nCh. 6. Frequency Response Methods\nCh. 7. State-Space Methodes\nVideoconference course with PPt support\nOnline course. PDF on NTU cool.\n1 final exam or final study report\n1 final project\n1 bonus project\nFinal exam : 50%\nFinal project : 50%\nBonus project : 20%\nThis is a personal opinion, but I find it not easy to take a course that takes place 100% online. We can switch off quickly.\nI think it would have been good to put more emphasis on the matlab/simulink software. We have used this software very little.\nDespite these small opportunities for improvement, the course is complete and covers a lot of notions but not too much either.""}, {""User_ID"": ""PTT"", ""Semester"": ""105-1"", ""Rating_Quality"": null, ""Rating_Sweet"": null, ""Rating_Easy"": null, ""Rating_Rich"": null, ""Comment"": ""轉載自 PTT 作者 ID: yangchris11 (歪彥)\n哪一學年度修課： 105-1\n\nψ 授課教師 (若為多人合授請寫開課教師，以方便收錄)\n\n蔡坤諭\n\nδ 課程大概內容\n\nCh. 1. Overview and History of Control\nCh. 2. Dynamic Models\nCh. 3. Dynamic Responses\nCh. 4. Basic Properties of Feedback\nCh. 5. Root Locus Techniques\nCh. 6. Frequency Response Methods\nCh. 7. State-Space Methodes\n\nΩ 私心推薦指數(以五分計) ★★★★★\n\n★ >> 這顆是因為自動控制實驗擋修..................\n\nη 上課用書(影印講義或是指定教科書)\n\n1. [Dorf] R. C. Dorf, Modern Control Systems, 12th ed., 2010\n2. [FPE] G. F. Franklin, J. D. Powell, and A. Emami-Naeini, Feedback Control of\nDynamic Systems, 6th ed., 2010, or 7th ed., 2015\n\nμ 上課方式(投影片、團體討論、老師教學風格)\n\n連上兩個半小時..........用的是老師的投影片\n基本上是 95%英文 5%中文\nㄏㄏㄏㄏㄏㄏㄏㄏ 珍惜生命 遠離控制\n\nσ 評分方式(給分甜嗎？是紮實分？)\n\n期末考 50%\nProject 50%\n(Bonus Project up to 20%)\n\nρ 考題型式、作業方式\n\n今年只考一題100%...................\n考design一個compensator.................\n還真的不知道他要怎麼改.................\n\nω 其它(是否注重出席率？如果為外系選修，需先有什麼基礎較好嗎？老師個性？\n加簽習慣？嚴禁遲到等…)\n\n全簽，反正自學，基礎越多越好..................\n\nΨ 總結\n\n好課，個屁。\n\n--\n\n原文網址: https://www.ptt.cc/bbs/NTUcourse/M.1484293373.A.591.html""}]"
數位系統設計,吳安宇,電機工程學系,3,114-2,43042,EE4041,,,,,"[""無評價""]",[]
奈米電子導論,吳肇欣,電機工程學系,3,114-2,49220,EE4043,,,,,"[""[PTT | 108-2]: 轉載自 PTT 作者 ID: chun10396974 (娜嗲希摳老公)\n哪一學年度修課：108-2\n\nψ 授課教師 (若為多人合授請寫開課教師，以方便收錄)\n吳肇欣與林浩雄、管傑雄、吳忠幟、毛明華、蔡坤諭、黃念祖、李峻霣、林致廷\n、林時彥、潘正聖合授\n\nλ 開課系所與授課對象 (是否為必修或通識課 / 內容是否與某些背景相關)\n電機工程學系選修\n\nδ 課程大概內容\n基本上就是每個老師講自己的研究領域，實為GIEE NE組的專題說明會集合\n\nΩ 私心推薦指數(以五分計) ★★★★★\n★★★★★\n\nη 上課用書(影印講義或是指定教科書)\n各教授自己的投影片\n\nμ 上課方式(投影片、團體討論、老師教學風格)\n投影片\n\nσ 評分方式(給分甜嗎？是紮實分？)\n期中考35%\n期末考35%\n期末報告30%\n\nρ 考題型式、作業方式\n考試就是上課講過的東西，期中考潘教授的部分則是在期中考周前繳交摩爾定律\n那篇論文的心得，可以攜帶上課的投影片(印出來)\n\nω 其它(是否注重出席率？如果為外系選修，需先有什麼基礎較好嗎？老師個性？\n加簽習慣？嚴禁遲到等…)\n3類加簽，全簽\n\nΨ 總結\n期中考還蠻簡單的，因為每個教授都有說哪邊會考，不過期末考就只有一、兩個\n教授有提點，所以比期中略難，期末報告則是規定格式的論文閱讀心得，內容四\n頁，其中至多兩頁圖片，Ref額外附上，字體行距有固定規範，原本是期末考周\n前一周考試，期末考周是報告死線，後來改為期末考周後一周。缺電機系選修可\n以考慮這門課\n\n--\nHer sword shines, a dream that all warriors scattered in battle, past\npresent, and future, hold and mournfully exalt as their final moments approach.\nShe carries their will as her pride, bidding them to remain steadfast in their\nloyalty. Now the undefeated king sings aloud the name of the miracle she\nholds in her hands. Its name is...—Irisviel von Einzbern《Fate/Zero》\nhttps://imgur.com/dk95fnl\n\n--\n\n原文網址: https://www.ptt.cc/bbs/NTUcourse/M.1592994710.A.E48.html"", ""[PTT | 106-1]: 轉載自 PTT 作者 ID: NTUFD5thpres (嘴賤海豹君)\n哪一學年度修課： 106-1\n\nψ 授課教師 (若為多人合授請寫開課教師，以方便收錄)\n\n吳肇欣\n\nλ 開課系所與授課對象 (是否為必修或通識課 / 內容是否與某些背景相關)\n\n電機工程學系/選修\n\nδ 課程大概內容\n\nFundamental of Nanoelectronics\nThe Magic Element Making Everything Smart- Transistor and Its One-going Amazing Story\nIC Fabrication and Process Technology\nNanolithography\nDisplay Technology\nMore Than Moore in Bio Electronics Applications\nSilicon Photonics and Photonic Integrated Circuits\n----------Midterm----------\nIntroductions to BioMEMS and Microfluidics\nMicrocavity Light Emitting Device and Quantum Dot Lasers\nApplications of Atomic Layer Deposition(ALD) on Nanoelectronics\nApplication of Nano Structure on Semiconductor Optoelectronic Devices\nGrowth and Application of 2-D Materials\nIntroduction to Quantum Electronic Devices\nSpintronics and Quantum Computing\n----------Final Exam----------\n(以上資訊來自CEIBA)\n\nΩ 私心推薦指數(以五分計) ★★★★★\n\n想大致暸解電子所NE組的研究領域：★★★★★\n想深入探討奈米電子相關理論：★★\n喜歡聽故事：★★★★★\n\nη 上課用書(影印講義或是指定教科書)\n\n沒有\n但每個老師的上課投影片會放上CEIBA\n建議影印下來抄筆記\n因為期中考和期末考能帶講義\n\nμ 上課方式(投影片、團體討論、老師教學風格)\n\n每個老師都會準備投影片上課\n有些老師在部分觀念時也會使用板書(不過很少)\n上課風格也是因老師而異\n完全都不一樣\n另外，黃念祖老師的微流道系統時有要求上課分組討論\n下課時交一份小組討論的內容\n但具體而言對分數的作用不清楚\n似乎只是希望讓大家討論\n不影響分數\n\nσ 評分方式(給分甜嗎？是紮實分？)\n\n1. Midterm: 35%\n2. Final: 35%\n3. Final Project Report: 30%\n------------------------------\nTotal: 100%\n\n我想大概很甜吧\n畢竟期中考和期末考都可以開書了\n\nρ 考題型式、作業方式\n\n期中考和期末考都是每個老師各出幾題\n題型不一定\n可能是選擇題或申論題\n可以打開上課的講義找答案\n但除了上課講義以外的課本似乎不行\n但基本上投影片都找得到答案\n期末有兩大題比較特別的是會在考前兩天發兩份paper\n考試時要寫出paper的大概內容\n期中考滿分75分\n有25分是潘正聖處長的口試分數\n期末滿分100分\n\n口試的部分\n是會發Gordon E. Moore的paper(就是Moore's Law的那篇)\n要跟老師報告心得\n或是有不懂的地方在口試時問老師\n老師也會問他在上課時有哪些部分還有不懂\n或是對哪部分特別有興趣，他會跟你聊\n簡單的說就是跟老師聊天啦XD\n口試是自己約時間\n老師會建議在期中考前\n因為期中考後老師似乎要出國的樣子\n每個人的口試時間是30分鐘\n但我是當天最後一個\n老師一開心就跟我聊了一個多小時XP\n\n期末報告是要讀paper做paper review\n中英文不拘\n限制四面\n字體大小12pt\n字型要求Times New Roman或標楷體\n單行行高\n頁緣間距2.5\n圖片不可超過2面\n其實需要寫的內容不多\n但評分標準不確定(成績還沒出來)\n\nω 其它(是否注重出席率？如果為外系選修，需先有什麼基礎較好嗎？老師個性？\n加簽習慣？嚴禁遲到等…)\n\n完全不重視出席率\n不點名\n每週換老師所以也不會記得人\n完全不需要基礎\n畢竟內容主要就是老師在介紹自己的研究領域\n有點像一整學期的專題說名會\n加簽是1類加簽\n選了就上\n\nΨ 總結\n\n基本上這門課就是電子所NE組在招生\n讓學生初步了解NE組在做什麼\n因為是導論課所以不會太難\n內容很多很雜不得不開書\n滿推薦想了解奈電在做什麼的人\n但如果真的要深入了解理論\n這門課似乎無法達到這個需求\n\n\n--\n\n原文網址: https://www.ptt.cc/bbs/NTUcourse/M.1516935458.A.323.html""]","[{""User_ID"": ""PTT"", ""Semester"": ""108-2"", ""Rating_Quality"": null, ""Rating_Sweet"": null, ""Rating_Easy"": null, ""Rating_Rich"": null, ""Comment"": ""轉載自 PTT 作者 ID: chun10396974 (娜嗲希摳老公)\n哪一學年度修課：108-2\n\nψ 授課教師 (若為多人合授請寫開課教師，以方便收錄)\n吳肇欣與林浩雄、管傑雄、吳忠幟、毛明華、蔡坤諭、黃念祖、李峻霣、林致廷\n、林時彥、潘正聖合授\n\nλ 開課系所與授課對象 (是否為必修或通識課 / 內容是否與某些背景相關)\n電機工程學系選修\n\nδ 課程大概內容\n基本上就是每個老師講自己的研究領域，實為GIEE NE組的專題說明會集合\n\nΩ 私心推薦指數(以五分計) ★★★★★\n★★★★★\n\nη 上課用書(影印講義或是指定教科書)\n各教授自己的投影片\n\nμ 上課方式(投影片、團體討論、老師教學風格)\n投影片\n\nσ 評分方式(給分甜嗎？是紮實分？)\n期中考35%\n期末考35%\n期末報告30%\n\nρ 考題型式、作業方式\n考試就是上課講過的東西，期中考潘教授的部分則是在期中考周前繳交摩爾定律\n那篇論文的心得，可以攜帶上課的投影片(印出來)\n\nω 其它(是否注重出席率？如果為外系選修，需先有什麼基礎較好嗎？老師個性？\n加簽習慣？嚴禁遲到等…)\n3類加簽，全簽\n\nΨ 總結\n期中考還蠻簡單的，因為每個教授都有說哪邊會考，不過期末考就只有一、兩個\n教授有提點，所以比期中略難，期末報告則是規定格式的論文閱讀心得，內容四\n頁，其中至多兩頁圖片，Ref額外附上，字體行距有固定規範，原本是期末考周\n前一周考試，期末考周是報告死線，後來改為期末考周後一周。缺電機系選修可\n以考慮這門課\n\n--\nHer sword shines, a dream that all warriors scattered in battle, past\npresent, and future, hold and mournfully exalt as their final moments approach.\nShe carries their will as her pride, bidding them to remain steadfast in their\nloyalty. Now the undefeated king sings aloud the name of the miracle she\nholds in her hands. Its name is...—Irisviel von Einzbern《Fate/Zero》\nhttps://imgur.com/dk95fnl\n\n--\n\n原文網址: https://www.ptt.cc/bbs/NTUcourse/M.1592994710.A.E48.html""}, {""User_ID"": ""PTT"", ""Semester"": ""106-1"", ""Rating_Quality"": null, ""Rating_Sweet"": null, ""Rating_Easy"": null, ""Rating_Rich"": null, ""Comment"": ""轉載自 PTT 作者 ID: NTUFD5thpres (嘴賤海豹君)\n哪一學年度修課： 106-1\n\nψ 授課教師 (若為多人合授請寫開課教師，以方便收錄)\n\n吳肇欣\n\nλ 開課系所與授課對象 (是否為必修或通識課 / 內容是否與某些背景相關)\n\n電機工程學系/選修\n\nδ 課程大概內容\n\nFundamental of Nanoelectronics\nThe Magic Element Making Everything Smart- Transistor and Its One-going Amazing Story\nIC Fabrication and Process Technology\nNanolithography\nDisplay Technology\nMore Than Moore in Bio Electronics Applications\nSilicon Photonics and Photonic Integrated Circuits\n----------Midterm----------\nIntroductions to BioMEMS and Microfluidics\nMicrocavity Light Emitting Device and Quantum Dot Lasers\nApplications of Atomic Layer Deposition(ALD) on Nanoelectronics\nApplication of Nano Structure on Semiconductor Optoelectronic Devices\nGrowth and Application of 2-D Materials\nIntroduction to Quantum Electronic Devices\nSpintronics and Quantum Computing\n----------Final Exam----------\n(以上資訊來自CEIBA)\n\nΩ 私心推薦指數(以五分計) ★★★★★\n\n想大致暸解電子所NE組的研究領域：★★★★★\n想深入探討奈米電子相關理論：★★\n喜歡聽故事：★★★★★\n\nη 上課用書(影印講義或是指定教科書)\n\n沒有\n但每個老師的上課投影片會放上CEIBA\n建議影印下來抄筆記\n因為期中考和期末考能帶講義\n\nμ 上課方式(投影片、團體討論、老師教學風格)\n\n每個老師都會準備投影片上課\n有些老師在部分觀念時也會使用板書(不過很少)\n上課風格也是因老師而異\n完全都不一樣\n另外，黃念祖老師的微流道系統時有要求上課分組討論\n下課時交一份小組討論的內容\n但具體而言對分數的作用不清楚\n似乎只是希望讓大家討論\n不影響分數\n\nσ 評分方式(給分甜嗎？是紮實分？)\n\n1. Midterm: 35%\n2. Final: 35%\n3. Final Project Report: 30%\n------------------------------\nTotal: 100%\n\n我想大概很甜吧\n畢竟期中考和期末考都可以開書了\n\nρ 考題型式、作業方式\n\n期中考和期末考都是每個老師各出幾題\n題型不一定\n可能是選擇題或申論題\n可以打開上課的講義找答案\n但除了上課講義以外的課本似乎不行\n但基本上投影片都找得到答案\n期末有兩大題比較特別的是會在考前兩天發兩份paper\n考試時要寫出paper的大概內容\n期中考滿分75分\n有25分是潘正聖處長的口試分數\n期末滿分100分\n\n口試的部分\n是會發Gordon E. Moore的paper(就是Moore's Law的那篇)\n要跟老師報告心得\n或是有不懂的地方在口試時問老師\n老師也會問他在上課時有哪些部分還有不懂\n或是對哪部分特別有興趣，他會跟你聊\n簡單的說就是跟老師聊天啦XD\n口試是自己約時間\n老師會建議在期中考前\n因為期中考後老師似乎要出國的樣子\n每個人的口試時間是30分鐘\n但我是當天最後一個\n老師一開心就跟我聊了一個多小時XP\n\n期末報告是要讀paper做paper review\n中英文不拘\n限制四面\n字體大小12pt\n字型要求Times New Roman或標楷體\n單行行高\n頁緣間距2.5\n圖片不可超過2面\n其實需要寫的內容不多\n但評分標準不確定(成績還沒出來)\n\nω 其它(是否注重出席率？如果為外系選修，需先有什麼基礎較好嗎？老師個性？\n加簽習慣？嚴禁遲到等…)\n\n完全不重視出席率\n不點名\n每週換老師所以也不會記得人\n完全不需要基礎\n畢竟內容主要就是老師在介紹自己的研究領域\n有點像一整學期的專題說名會\n加簽是1類加簽\n選了就上\n\nΨ 總結\n\n基本上這門課就是電子所NE組在招生\n讓學生初步了解NE組在做什麼\n因為是導論課所以不會太難\n內容很多很雜不得不開書\n滿推薦想了解奈電在做什麼的人\n但如果真的要深入了解理論\n這門課似乎無法達到這個需求\n\n\n--\n\n原文網址: https://www.ptt.cc/bbs/NTUcourse/M.1516935458.A.323.html""}]"
專題研究,李琳山,電機工程學系、電機工程學研究所、資訊工程學研究所、電信工程學研究所、資訊網路與多媒體研究所,1,114-2,20418,CSIE8990,,,,,"[""無評價""]",[]
專題研究,許源浴,電機工程學系、電機工程學研究所,1,114-2,48594,EE8002,,,,,"[""無評價""]",[]
專題研究,胡振國,電機工程學系、電子工程學研究所、元件材料與異質整合碩士學位學程、元件材料與異質整合博士學位學程,1,114-2,30916,EEE8002,,,,,"[""無評價""]",[]
專題研究,吳瑞北,電機工程學系、電信工程學研究所、元件材料與異質整合碩士學位學程、元件材料與異質整合博士學位學程,1,114-2,29785,EE4049,,,,,"[""無評價""]",[]
專題研究,王勝德,電機工程學系、電機工程學研究所,1,114-2,33725,EE4049,,,,,"[""無評價""]",[]
專題研究,傅立成,電機工程學系、電機工程學研究所、資訊工程學研究所、資訊網路與多媒體研究所,1,114-2,13163,EE4049,,,,,"[""無評價""]",[]
專題研究,顏嗣鈞,電機工程學系、電機工程學研究所,1,114-2,56473,EE4049,,,,,"[""無評價""]",[]
專題研究,林浩雄,電機工程學系、電子工程學研究所、元件材料與異質整合碩士學位學程、元件材料與異質整合博士學位學程,1,114-2,53525,EE4049,,,,,"[""無評價""]",[]
專題研究,林茂昭,電機工程學系、電信工程學研究所,1,114-2,29894,CommE7002,,,,,"[""無評價""]",[]
專題研究,郭斯彥,電機工程學系、電機工程學研究所、電子工程學研究所、積體電路設計與自動化碩士學位學程、積體電路設計與自動化博士學位學程,1,114-2,51718,EE8002,,,,,"[""無評價""]",[]
專題研究,闕志達,電機工程學系、電子工程學研究所、積體電路設計與自動化碩士學位學程、積體電路設計與自動化博士學位學程,1,114-2,34910,EE4049,,,,,"[""無評價""]",[]
專題研究,雷欽隆,電機工程學系、電機工程學研究所,1,114-2,32194,EE8002,,,,,"[""無評價""]",[]
專題研究,蔡志宏,電機工程學系、電信工程學研究所,1,114-2,11051,CommE7002,,,,,"[""無評價""]",[]
專題研究,陳銘憲,電機工程學系、電機工程學研究所、電信工程學研究所、資料科學碩士學位學程,1,114-2,17314,EE4049,,,,,"[""無評價""]",[]
專題研究,林清富,電機工程學系、電子工程學研究所、元件材料與異質整合碩士學位學程、元件材料與異質整合博士學位學程,1,114-2,18204,EE4049,,,,,"[""無評價""]",[]
專題研究,劉深淵,電機工程學系、電子工程學研究所、積體電路設計與自動化碩士學位學程、積體電路設計與自動化博士學位學程,1,114-2,43675,EE4049,,,,,"[""無評價""]",[]
專題研究,陳永耀,電機工程學系、電機工程學研究所,1,114-2,29227,EE4049,,,,,"[""無評價""]",[]
專題研究,江簡富,電機工程學系、電信工程學研究所,1,114-2,26594,CommE8001,,,,,"[""無評價""]",[]
專題研究,陳志宏,電機工程學系、生醫電子與資訊學研究所,1,114-2,53383,EE4049,,,,,"[""無評價""]",[]
專題研究,劉致為,電機工程學系、電子工程學研究所、元件材料與異質整合碩士學位學程、元件材料與異質整合博士學位學程,1,114-2,12705,EE4049,,,,,"[""無評價""]",[]
專題研究,劉志文,電機工程學系、電機工程學研究所,1,114-2,41606,EE4049,,,,,"[""無評價""]",[]
專題研究,孫啟光,電機工程學系、生醫電子與資訊學研究所,1,114-2,37346,EE4049,,,,,"[""無評價""]",[]
專題研究,彭隆瀚,電機工程學系,2,114-2,54083,EE4049,,,,,"[""無評價""]",[]
專題研究,李百祺,電機工程學系、生醫電子與資訊學研究所、精準健康碩士學位學程、精準健康博士學位學程,1,114-2,44304,EE4049,,,,,"[""無評價""]",[]
專題研究,陳宏銘,電機工程學系、電信工程學研究所,1,114-2,28880,EE4049,,,,,"[""無評價""]",[]
專題研究,鍾孝文,電機工程學系、生醫電子與資訊學研究所,1,114-2,27991,EE4049,,,,,"[""無評價""]",[]
專題研究,張耀文,電機工程學系、電機工程學研究所、電子工程學研究所、資料科學碩士學位學程、積體電路設計與自動化碩士學位學程、積體電路設計與自動化博士學位學程,1,114-2,23453,EE4049,,,,,"[""無評價""]",[]
專題研究,廖婉君,電機工程學系、電機工程學研究所、電信工程學研究所、資料科學碩士學位學程、智慧聯網國際研究生博士學位學程,1,114-2,54865,EE4049,,,,,"[""無評價""]",[]
專題研究,吳安宇,電機工程學系、電子工程學研究所、積體電路設計與自動化碩士學位學程、積體電路設計與自動化博士學位學程,1,114-2,48892,EE4049,,,,,"[""無評價""]",[]
專題研究,鐘嘉德,電機工程學系、電信工程學研究所,1,114-2,27672,EE4049,,,,,"[""無評價""]",[]
專題研究,黃升龍,電機工程學系,2,114-2,41390,EE4049,,,,,"[""無評價""]",[]
專題研究,馮世邁,電機工程學系、電信工程學研究所,1,114-2,23208,EE4049,,,,,"[""無評價""]",[]
專題研究,吳忠幟,電機工程學系、電子工程學研究所、元件材料與異質整合碩士學位學程、元件材料與異質整合博士學位學程,1,114-2,48233,EE4049,,,,,"[""無評價""]",[]
專題研究,吳宗霖,電機工程學系、電信工程學研究所、資料科學碩士學位學程、元件材料與異質整合碩士學位學程、元件材料與異質整合博士學位學程,1,114-2,11403,EE4049,,,,,"[""無評價""]",[]
專題研究,林恭如,電機工程學系,2,114-2,45840,EE4049,,,,,"[""無評價""]",[]
專題研究,黃天偉,電機工程學系、電信工程學研究所,1,114-2,38591,EE4049,,,,,"[""無評價""]",[]
專題研究,呂良鴻,電機工程學系、電信工程學研究所、電子工程學研究所、積體電路設計與自動化碩士學位學程、積體電路設計與自動化博士學位學程,1,114-2,46893,EE4049,,,,,"[""無評價""]",[]
專題研究,陳中平,電機工程學系、電子工程學研究所、生醫電子與資訊學研究所、積體電路設計與自動化碩士學位學程、積體電路設計與自動化博士學位學程,1,114-2,40240,EE4049,,,,,"[""無評價""]",[]
專題研究,莊曜宇,電機工程學系、生醫電子與資訊學研究所,1,114-2,29691,EE4049,,,,,"[""無評價""]",[]
專題研究,林宗男,電機工程學系、電機工程學研究所、電信工程學研究所、資料科學碩士學位學程,1,114-2,19195,EE4049,,,,,"[""無評價""]",[]
專題研究,李泰成,電機工程學系、電子工程學研究所、積體電路設計與自動化碩士學位學程、積體電路設計與自動化博士學位學程,1,114-2,57156,EE4049,,,,,"[""無評價""]",[]
專題研究,黃寶儀,電機工程學系、電機工程學研究所、電信工程學研究所,1,114-2,26126,EE4049,,,,,"[""無評價""]",[]
專題研究,吳志毅,電機工程學系、電子工程學研究所、元件材料與異質整合碩士學位學程、元件材料與異質整合博士學位學程,1,114-2,12814,EE4049,,,,,"[""無評價""]",[]
專題研究,黃建璋,電機工程學系,2,114-2,52833,EE4049,,,,,"[""無評價""]",[]
專題研究,李君浩,電機工程學系,2,114-2,54751,EE4049,,,,,"[""無評價""]",[]
專題研究,林宗賢,電機工程學系、電子工程學研究所、積體電路設計與自動化碩士學位學程、積體電路設計與自動化博士學位學程,1,114-2,13642,EE4049,,,,,"[""無評價""]",[]
專題研究,李致毅,電機工程學系、電子工程學研究所、積體電路設計與自動化碩士學位學程、積體電路設計與自動化博士學位學程,1,114-2,16382,EE4049,,,,,"[""無評價""]",[]
專題研究,陳耀銘,電機工程學系、電機工程學研究所,1,114-2,30390,EE4049,,,,,"[""無評價""]",[]
專題研究,蘇炫榮,電機工程學系、電信工程學研究所、智慧聯網國際研究生博士學位學程,1,114-2,34308,EE4049,,,,,"[""無評價""]",[]
專題研究,陳怡然,電機工程學系、電信工程學研究所、電子工程學研究所、積體電路設計與自動化碩士學位學程、積體電路設計與自動化博士學位學程,1,114-2,17618,EE4049,,,,,"[""無評價""]",[]
專題研究,簡韶逸,電機工程學系、電子工程學研究所、積體電路設計與自動化碩士學位學程、積體電路設計與自動化博士學位學程,1,114-2,39345,EE4049,,,,,"[""無評價""]",[]
專題研究,林晃巖,電機工程學系,2,114-2,52390,EE4049,,,,,"[""無評價""]",[]
專題研究,毛紹綱,電機工程學系、電信工程學研究所,1,114-2,52611,EE4049,,,,,"[""無評價""]",[]
專題研究,連豊力,電機工程學系、電機工程學研究所,1,114-2,20208,EE4049,,,,,"[""無評價""]",[]
專題研究,林怡成,電機工程學系、電信工程學研究所,1,114-2,52081,EE4049,,,,,"[""無評價""]",[]
專題研究,江介宏,電機工程學系、電子工程學研究所、資料科學碩士學位學程、積體電路設計與自動化碩士學位學程、積體電路設計與自動化博士學位學程,1,114-2,13685,EE4049,,,,,"[""無評價""]",[]
專題研究,邱奕鵬,電機工程學系、電信工程學研究所,1,114-2,18899,EE4049,,,,,"[""無評價""]",[]
專題研究,李建模,電機工程學系、電子工程學研究所、積體電路設計與自動化碩士學位學程、積體電路設計與自動化博士學位學程,1,114-2,15559,EE4049,,,,,"[""無評價""]",[]
專題研究,蔡睿哲,電機工程學系,2,114-2,46568,EE4049,,,,,"[""無評價""]",[]
專題研究,陳士元,電機工程學系、電信工程學研究所,1,114-2,45668,EE4049,,,,,"[""無評價""]",[]
專題研究,黃俊郎,電機工程學系、電機工程學研究所、電信工程學研究所、電子工程學研究所、資料科學碩士學位學程、積體電路設計與自動化碩士學位學程、積體電路設計與自動化博士學位學程,1,114-2,57942,EE4049,,,,,"[""無評價""]",[]
專題研究,蘇國棟,電機工程學系,2,114-2,47940,EE4049,,,,,"[""無評價""]",[]
專題研究,魏宏宇,電機工程學系、電機工程學研究所、電信工程學研究所、智慧聯網國際研究生博士學位學程,1,114-2,21630,EE4049,,,,,"[""無評價""]",[]
專題研究,葉丙成,電機工程學系、電信工程學研究所,1,114-2,18668,EE4049,,,,,"[""無評價""]",[]
專題研究,周錫增,電機工程學系、電信工程學研究所,1,114-2,11489,EE4049,,,,,"[""無評價""]",[]
專題研究,謝宏昀,電機工程學系、電機工程學研究所、電信工程學研究所、資料科學碩士學位學程、智慧聯網國際研究生博士學位學程,1,114-2,38442,EE4049,,,,,"[""無評價""]",[]
專題研究,陳信樹,電機工程學系、電子工程學研究所、積體電路設計與自動化碩士學位學程、積體電路設計與自動化博士學位學程,1,114-2,52807,EE4049,,,,,"[""無評價""]",[]
專題研究,黃鐘揚,電機工程學系、電機工程學研究所、電子工程學研究所、積體電路設計與自動化碩士學位學程、積體電路設計與自動化博士學位學程,1,114-2,40927,EE4049,,,,,"[""無評價""]",[]
專題研究,陳奕君,電機工程學系,2,114-2,13821,EE4049,,,,,"[""無評價""]",[]
專題研究,吳育任,電機工程學系,2,114-2,40426,EE4049,,,,,"[""無評價""]",[]
專題研究,林致廷,電機工程學系、電子工程學研究所、生醫電子與資訊學研究所、元件材料與異質整合碩士學位學程、元件材料與異質整合博士學位學程,1,114-2,57650,EE4049,,,,,"[""無評價""]",[]
專題研究,丁建均,電機工程學系、電信工程學研究所,1,114-2,52463,EE4049,,,,,"[""無評價""]",[]
專題研究,江蕙如,電機工程學系、電子工程學研究所、資料科學碩士學位學程、積體電路設計與自動化碩士學位學程、積體電路設計與自動化博士學位學程,1,114-2,15127,EE4049,,,,,"[""無評價""]",[]
專題研究,曾雪峰,電機工程學系,2,114-2,28720,EE4049,,,,,"[""無評價""]",[]
專題研究,楊家驤,電機工程學系、電子工程學研究所、積體電路設計與自動化碩士學位學程、積體電路設計與自動化博士學位學程,1,114-2,43416,EE4049,,,,,"[""無評價""]",[]
專題研究,王鈺強,電機工程學系、電信工程學研究所、資料科學碩士學位學程,1,114-2,49652,EE4049,,,,,"[""無評價""]",[]
專題研究,盧奕璋,電機工程學系、電子工程學研究所、積體電路設計與自動化碩士學位學程、積體電路設計與自動化博士學位學程,1,114-2,41110,EE4049,,,,,"[""無評價""]",[]
專題研究,吳肇欣,電機工程學系、電子工程學研究所、元件材料與異質整合碩士學位學程、元件材料與異質整合博士學位學程,1,114-2,59831,EE4049,,,,,"[""無評價""]",[]
專題研究,劉浩澧,醫學工程學研究所、醫學工程學研究所、醫學工程學研究所、醫學工程學研究所、醫學工程學研究所、醫學工程學研究所、醫學工程學研究所、電機工程學系、電機工程學研究所、生醫電子與資訊學研究所,1,114-2,37296,DBME7002,,,,,"[""無評價""]",[]
專題研究,林坤佑,電機工程學系、電信工程學研究所,1,114-2,29690,EE4049,,,,,"[""無評價""]",[]
專題研究,黃定洧,電機工程學系,2,114-2,29153,EE4049,,,,,"[""無評價""]",[]
專題研究,盧信嘉,電機工程學系、電信工程學研究所、電子工程學研究所、積體電路設計與自動化碩士學位學程、積體電路設計與自動化博士學位學程,1,114-2,31335,EE4049,,,,,"[""無評價""]",[]
專題研究,蔡坤諭,電機工程學系、電機工程學研究所、電子工程學研究所,1,114-2,56176,EE4049,,,,,"[""無評價""]",[]
專題研究,宋孔彬,電機工程學系、生醫電子與資訊學研究所、精準健康碩士學位學程、精準健康博士學位學程,1,114-2,36246,EE4049,,,,,"[""無評價""]",[]
專題研究,于天立,電機工程學系、電機工程學研究所,1,114-2,40764,EE4049,,,,,"[""無評價""]",[]
專題研究,周俊廷,電機工程學系、電信工程學研究所,1,114-2,14149,EE4049,,,,,"[""無評價""]",[]
專題研究,郭柏齡,電機工程學系、生醫電子與資訊學研究所,1,114-2,58632,EE4049,,,,,"[""無評價""]",[]
專題研究,陳和麟,電機工程學系、電機工程學研究所,1,114-2,10169,EE4049,,,,,"[""無評價""]",[]
專題研究,蘇柏青,電機工程學系、電信工程學研究所,1,114-2,49574,EE4049,,,,,"[""無評價""]",[]
專題研究,李峻霣,電機工程學系、電子工程學研究所、元件材料與異質整合碩士學位學程、元件材料與異質整合博士學位學程,1,114-2,15169,EE4049,,,,,"[""無評價""]",[]
專題研究,黃念祖,電機工程學系、生醫電子與資訊學研究所,1,114-2,50134,EE4049,,,,,"[""無評價""]",[]
專題研究,王奕翔,電機工程學系、電信工程學研究所、資料科學碩士學位學程,1,114-2,48261,EE4049,,,,,"[""無評價""]",[]
專題研究,金藝璘,電機工程學系、電機工程學研究所,1,114-2,23744,EE4049,,,,,"[""無評價""]",[]
專題研究,陳景然,電機工程學系、電機工程學研究所、電子工程學研究所、積體電路設計與自動化碩士學位學程、積體電路設計與自動化博士學位學程,1,114-2,26139,EE4049,,,,,"[""無評價""]",[]
專題研究,蔡永傑,電機工程學系,2,114-2,52835,EE4049,,,,,"[""無評價""]",[]
專題研究,劉宗德,電機工程學系、電機工程學研究所、電子工程學研究所、積體電路設計與自動化碩士學位學程、積體電路設計與自動化博士學位學程,1,114-2,19895,EE4049,,,,,"[""無評價""]",[]
專題研究,李俊興,電機工程學系、電信工程學研究所、電子工程學研究所、積體電路設計與自動化碩士學位學程、積體電路設計與自動化博士學位學程,1,114-2,51710,EE4049,,,,,"[""無評價""]",[]
專題研究,胡璧合,電機工程學系、電子工程學研究所、元件材料與異質整合碩士學位學程、元件材料與異質整合博士學位學程,1,114-2,51878,EE4049,,,,,"[""無評價""]",[]
專題研究,魏安祺,電機工程學系、生醫電子與資訊學研究所,1,114-2,52257,EE4049,,,,,"[""無評價""]",[]
專題研究,李翔傑,電機工程學系,2,114-2,52935,EE4049,,,,,"[""無評價""]",[]
專題研究,吳沛遠,電機工程學系、電機工程學研究所、電信工程學研究所、資料科學碩士學位學程,1,114-2,50143,EE4049,,,,,"[""無評價""]",[]
專題研究,張子璿,電機工程學系、電子工程學研究所、元件材料與異質整合碩士學位學程、元件材料與異質整合博士學位學程,1,114-2,39440,EE4049,,,,,"[""無評價""]",[]
專題研究,劉俊麟,電機工程學系、電信工程學研究所,1,114-2,47817,EE4049,,,,,"[""無評價""]",[]
專題研究,楊東霖,電機工程學系、生醫電子與資訊學研究所,1,114-2,26251,EE4049,,,,,"[""無評價""]",[]
專題研究,鄭宇翔,電機工程學系、電信工程學研究所,1,114-2,40284,EE4049,,,,,"[""無評價""]",[]
專題研究,鄭皓中,電機工程學系、電信工程學研究所、資料科學碩士學位學程,1,114-2,50947,EE4049,,,,,"[""無評價""]",[]
專題研究,簡俊超,電機工程學系、電子工程學研究所、積體電路設計與自動化碩士學位學程、積體電路設計與自動化博士學位學程,1,114-2,33461,EEE7002,,,,,"[""無評價""]",[]
平面顯示技術通論,黃建璋,電機工程學系,3,114-2,13603,EE4056,,,,,"[""無評價""]",[]
"普通物理學甲下
A7",呂榮祥,數學系、大氣科學系、資訊工程學系,3,114-2,36228,Phys1007,,,,,"[""無評價""]",[]
資料結構與演算法,林軒田,社會科學院院學士學位、資訊工程學系,3,114-2,24828,CSIE1212,4.7,1.5,0.8,5.0,"[""[User98536 | 113-2]: 各類Sorting ，BST，Red Black tree ，btree， AVL， heap，hash，linear，graph，disjoint set， linked list，stack，queue，enqueue，KMP，BT，BFS，DFS\n線下都會有錄影（會有用Slido來做互動），線上NTU Cool\nNTU Cool，老師簡報，還有各類其他網上有的資源\n作業有程式作業（有分大作業跟小作業）、手寫作業（有分大作業跟課堂作業）\n\n程式作業\n- 大作業：每一個大作業每兩個星期交一次，總共有4個大作業。大作業裏面有2大題的程式作業跟2大題手寫題； 一個學期會有8個金牌可以利用在這裏，一個金牌抵用一天。如果遲交，然後沒有用金牌的情況，扣分制度是遲交一天就扣20%，遲交5天就是沒分。\n\n- 小作業： 每個星期都會出一個，截止日期是第二/四個大作業一起收（也就是期中收6個minihw 一次，期末收另6個minihw 一次）； 總共是 8個HW0 + 12 mini-HW（小作業）\n\n手寫作業\n- 跟程式的一樣：每一個大作業每兩個星期交一次，總共有4個大作業。大作業裏面有2大題的程式作業跟2大題手寫題\n- 課堂作業： 每個星期課堂結束會出一題，在下一次上課前截止\n\n考試：\n- 都是手寫，總共包含小題目至少會有10題以上。只看大題目的話就是5-6題左右（裏面的小題目就是有2-3題）\n程式:手寫:活動:期中:期末=20:20:10:25:25\n\n程式題目算法為這樣：\nprog = min(20, (total - min(hw1 prog, hw2 prog, ..., hw4 prog, fundamental)) / 800 * 20)\n（甜度跟涼度不能0，差評）\n但我的評比就是會很扎實5，涼度0，甜度0，品質5\n\n你會C語言最好，你有朋友是加分，你原本就會DSA那就基本上很棒，這樣分數可能就會有C了。\n\n會有很多TA幫忙。但是你沒朋友可以討論也是很容易死。\n但這裏蠻容易交到朋友的，因爲期中的時候會有課外團康活動，在那邊就能教到朋友。但是你前期就是要靠TA hour，看看能不能認識到可以一起討論的朋友。啊如果被當掉還能下一個學期一起修。\n\n反正基本上很容易被當，沒朋友會更慘（對我説的是碩班要補課的孤立學奴們）。\n加油""]","[{""User_ID"": ""User98536"", ""Semester"": ""113-2"", ""Rating_Quality"": null, ""Rating_Sweet"": null, ""Rating_Easy"": null, ""Rating_Rich"": null, ""Comment"": ""各類Sorting ，BST，Red Black tree ，btree， AVL， heap，hash，linear，graph，disjoint set， linked list，stack，queue，enqueue，KMP，BT，BFS，DFS\n線下都會有錄影（會有用Slido來做互動），線上NTU Cool\nNTU Cool，老師簡報，還有各類其他網上有的資源\n作業有程式作業（有分大作業跟小作業）、手寫作業（有分大作業跟課堂作業）\n\n程式作業\n- 大作業：每一個大作業每兩個星期交一次，總共有4個大作業。大作業裏面有2大題的程式作業跟2大題手寫題； 一個學期會有8個金牌可以利用在這裏，一個金牌抵用一天。如果遲交，然後沒有用金牌的情況，扣分制度是遲交一天就扣20%，遲交5天就是沒分。\n\n- 小作業： 每個星期都會出一個，截止日期是第二/四個大作業一起收（也就是期中收6個minihw 一次，期末收另6個minihw 一次）； 總共是 8個HW0 + 12 mini-HW（小作業）\n\n手寫作業\n- 跟程式的一樣：每一個大作業每兩個星期交一次，總共有4個大作業。大作業裏面有2大題的程式作業跟2大題手寫題\n- 課堂作業： 每個星期課堂結束會出一題，在下一次上課前截止\n\n考試：\n- 都是手寫，總共包含小題目至少會有10題以上。只看大題目的話就是5-6題左右（裏面的小題目就是有2-3題）\n程式:手寫:活動:期中:期末=20:20:10:25:25\n\n程式題目算法為這樣：\nprog = min(20, (total - min(hw1 prog, hw2 prog, ..., hw4 prog, fundamental)) / 800 * 20)\n（甜度跟涼度不能0，差評）\n但我的評比就是會很扎實5，涼度0，甜度0，品質5\n\n你會C語言最好，你有朋友是加分，你原本就會DSA那就基本上很棒，這樣分數可能就會有C了。\n\n會有很多TA幫忙。但是你沒朋友可以討論也是很容易死。\n但這裏蠻容易交到朋友的，因爲期中的時候會有課外團康活動，在那邊就能教到朋友。但是你前期就是要靠TA hour，看看能不能認識到可以一起討論的朋友。啊如果被當掉還能下一個學期一起修。\n\n反正基本上很容易被當，沒朋友會更慘（對我説的是碩班要補課的孤立學奴們）。\n加油""}]"
資料結構與演算法,蔡欣穆,社會科學院院學士學位、資訊工程學系,3,114-2,14016,CSIE1212,,,,,"[""[PTT | 108-2]: 轉載自 PTT 作者 ID: NTUmaki (西木野真姬)\n哪一學年度修課：\n108-2\nψ 授課教師 (若為多人合授請寫開課教師，以方便收錄)\n蔡欣穆\nλ 開課系所與授課對象 (是否為必修或通識課 / 內容是否與某些背景相關)\n資工系大一必修\nδ 課程大概內容\nStacks and Queues\nPerformance Evaluation\nLinked Lists\nString Matching\nSorting\nTree\nHeap\nHashing\nDisjoint Sets\nGraph\nAdvanced Search Trees (Red-Black Trees, B-Trees)\nSmall Software Engineering Topics\nΩ 私心推薦指數(以五分計) ★★★★★\n★★★★★\nη 上課用書(影印講義或是指定教科書)\nIntroduction to Algorithm (CLRS 楓葉本)\nμ 上課方式(投影片、團體討論、老師教學風格)\n疫情關係，除了最後一堂課玩大地遊戲以外都線上看影片+上課時段直播\nσ 評分方式(給分甜嗎？是紮實分？)\n32% 4 Homework assignments (3/17, 3/31, 5/5, 5/26)\n33% In-class performance (in-class quizzes + activities)\n15% Midterm exam (programming + analysis)\n20% Final exam (programming + analysis)\n大概是我進台大以來修過最硬的課==\n我作業分數93.15 、 期中67.5、期末103、還有其他哩哩摳摳的分數\n最後拿A，我個人覺得是可以拿A+的 主要敗在上課的活動 只要遇到寫code都是直接0分..（寫不出來） 所以我課堂活動的分數頗低\nρ 考題型式、作業方式\n作業都是40分程式60分手寫\n期中期末也是手寫+程式，但是總分都超過100分\nω 其它(是否注重出席率？如果為外系選修，需先有什麼基礎較好嗎？老師個性？\n加簽習慣？嚴禁遲到等…)\n我是外系生，只會C，應該不用其他基礎(?)\nΨ 總結\n外系生第一次修資工系的課，才知道什麼叫硬課...本系的魔王科目都沒這麼硬\n(老實說這門課比我這學期其他必修加起來都還硬...)\n\n1. 考試方面:\n\n期中期末連程式題都沒看，手寫寫完就差不多到時間了..題目量太大，而且不容易檢查對錯\n但是到後面就已經釋懷了，把會寫的寫完就好...\n\n2. 作業方面\n\n慶幸的是TA hour都沒什麼人(不知道是今年剛好這樣還是?)，每次去都只有我一個，可以盡情地問(?)\n不過硬歸硬，真的學到了很多東西，coding能力進步了不少(雖然還是爛)\n\n每次作業剛出來就有人馬上AC 真的崩潰\n不過題目沒有到非常刁難(據說有比前幾年簡單)，認真寫的話最後還是有辦法AC\n唯一飲恨是某次作業有一題最後一個測資一直TLE...分數一直卡在39分，不然這學期作業就全AC了\n\n然後每次看到榜上的人程式一天比一天快..就覺得WTF...自己每次想嘗試優化結果越跑越慢==\n\n外系生修的話大概把主力放在作業，考試就隨緣。應該不至於被當，TA人都很好，而且沒什麼人去\n\n\n--\n\n原文網址: https://www.ptt.cc/bbs/NTUcourse/M.1594473274.A.63B.html""]","[{""User_ID"": ""PTT"", ""Semester"": ""108-2"", ""Rating_Quality"": null, ""Rating_Sweet"": null, ""Rating_Easy"": null, ""Rating_Rich"": null, ""Comment"": ""轉載自 PTT 作者 ID: NTUmaki (西木野真姬)\n哪一學年度修課：\n108-2\nψ 授課教師 (若為多人合授請寫開課教師，以方便收錄)\n蔡欣穆\nλ 開課系所與授課對象 (是否為必修或通識課 / 內容是否與某些背景相關)\n資工系大一必修\nδ 課程大概內容\nStacks and Queues\nPerformance Evaluation\nLinked Lists\nString Matching\nSorting\nTree\nHeap\nHashing\nDisjoint Sets\nGraph\nAdvanced Search Trees (Red-Black Trees, B-Trees)\nSmall Software Engineering Topics\nΩ 私心推薦指數(以五分計) ★★★★★\n★★★★★\nη 上課用書(影印講義或是指定教科書)\nIntroduction to Algorithm (CLRS 楓葉本)\nμ 上課方式(投影片、團體討論、老師教學風格)\n疫情關係，除了最後一堂課玩大地遊戲以外都線上看影片+上課時段直播\nσ 評分方式(給分甜嗎？是紮實分？)\n32% 4 Homework assignments (3/17, 3/31, 5/5, 5/26)\n33% In-class performance (in-class quizzes + activities)\n15% Midterm exam (programming + analysis)\n20% Final exam (programming + analysis)\n大概是我進台大以來修過最硬的課==\n我作業分數93.15 、 期中67.5、期末103、還有其他哩哩摳摳的分數\n最後拿A，我個人覺得是可以拿A+的 主要敗在上課的活動 只要遇到寫code都是直接0分..（寫不出來） 所以我課堂活動的分數頗低\nρ 考題型式、作業方式\n作業都是40分程式60分手寫\n期中期末也是手寫+程式，但是總分都超過100分\nω 其它(是否注重出席率？如果為外系選修，需先有什麼基礎較好嗎？老師個性？\n加簽習慣？嚴禁遲到等…)\n我是外系生，只會C，應該不用其他基礎(?)\nΨ 總結\n外系生第一次修資工系的課，才知道什麼叫硬課...本系的魔王科目都沒這麼硬\n(老實說這門課比我這學期其他必修加起來都還硬...)\n\n1. 考試方面:\n\n期中期末連程式題都沒看，手寫寫完就差不多到時間了..題目量太大，而且不容易檢查對錯\n但是到後面就已經釋懷了，把會寫的寫完就好...\n\n2. 作業方面\n\n慶幸的是TA hour都沒什麼人(不知道是今年剛好這樣還是?)，每次去都只有我一個，可以盡情地問(?)\n不過硬歸硬，真的學到了很多東西，coding能力進步了不少(雖然還是爛)\n\n每次作業剛出來就有人馬上AC 真的崩潰\n不過題目沒有到非常刁難(據說有比前幾年簡單)，認真寫的話最後還是有辦法AC\n唯一飲恨是某次作業有一題最後一個測資一直TLE...分數一直卡在39分，不然這學期作業就全AC了\n\n然後每次看到榜上的人程式一天比一天快..就覺得WTF...自己每次想嘗試優化結果越跑越慢==\n\n外系生修的話大概把主力放在作業，考試就隨緣。應該不至於被當，TA人都很好，而且沒什麼人去\n\n\n--\n\n原文網址: https://www.ptt.cc/bbs/NTUcourse/M.1594473274.A.63B.html""}]"
機率,林守德,資訊工程學系,3,114-2,19160,CSIE2121,,,,,"[""無評價""]",[]
機率,洪一平,資訊工程學系,3,114-2,39279,CSIE2121,3.2,4.5,4.8,2.2,"[""[User63642 | 113-2]: 課本 1~5 章\n實體，課後才放簡報，但不是很美觀所以建議直接看課本。\nProbability and Statistical Inference\nQuiz 10%\nCH1，基本都是高中的內容\n期中 20%\nCH1~3，只到單變數但比起往年上了不少強度。\n期末 40%\nCH1~5，跟期中一樣，歷屆基本無法參考。\n作業 25%\n課本習題。\n出席 5%\n2 次拿考卷就有 2 分，其他三次要回答問題\nNFT 加分 5%\n一樣是若水獎，做完至少加 2 分\nQuiz 10%\n期中 20%\n期末 40%\n作業 25%\n出席 5%\nNFT 加分 5%\n水到會忘記它的存在的一堂課。期中被歷屆詐騙只被了分佈公式結果不會積分；期末有再認真讀過才拿到第一頁的基本分，沒有的話就真的得靠加分撈了，尤其期中只佔 20%，因此期末考爆其實不太能靠期中來救。""]","[{""User_ID"": ""User63642"", ""Semester"": ""113-2"", ""Rating_Quality"": null, ""Rating_Sweet"": null, ""Rating_Easy"": null, ""Rating_Rich"": null, ""Comment"": ""課本 1~5 章\n實體，課後才放簡報，但不是很美觀所以建議直接看課本。\nProbability and Statistical Inference\nQuiz 10%\nCH1，基本都是高中的內容\n期中 20%\nCH1~3，只到單變數但比起往年上了不少強度。\n期末 40%\nCH1~5，跟期中一樣，歷屆基本無法參考。\n作業 25%\n課本習題。\n出席 5%\n2 次拿考卷就有 2 分，其他三次要回答問題\nNFT 加分 5%\n一樣是若水獎，做完至少加 2 分\nQuiz 10%\n期中 20%\n期末 40%\n作業 25%\n出席 5%\nNFT 加分 5%\n水到會忘記它的存在的一堂課。期中被歷屆詐騙只被了分佈公式結果不會積分；期末有再認真讀過才拿到第一頁的基本分，沒有的話就真的得靠加分撈了，尤其期中只佔 20%，因此期末考爆其實不太能靠期中來救。""}]"
作業系統,施吉昇,資訊工程學系,3,114-2,58039,CSIE3310,5.0,3.5,1.5,4.5,"[""[User63642 | 113-2]: Process\nThread\nMemory system\nScheduling\nMass Storage and I/O systems\nFile Systems\nSynchronization\n實體但有錄影，課上不完就會塞一堆影片所以看影片就好。\n簡報\n作業 44%\nMP0 4%\nMP1~4 10%\n都是在改 xv6\nMP0 是實作 tree\nMP1 是 thread，跟 SP 的基本差不多\nMP2 是實作 slab，還滿有趣的但其中改了超多次加分\nMP3 是 scheduling，實作各種排程演算法\nMP4 是實作 access control 和 RAID1，前者就很通靈但只佔了 40%，要改到一堆像 ls、open 等等東西，當初卡了三天。\n期中 28% CH 1~4, CH 9~10\n期末 28% CH 5~7, CH 11~15\n作業 44%\nMP0 4%\nMP1~4 10%\n期中 28%\n期末 28%\n期中期末考前一週讀簡報應該就差不多了，重點還是在作業。整體還是停留在改 xv6，沒有那種「OS 是 CS 學生最硬的課」的感覺，比起 SP 差了一點。但期中期末的內容還是很有用的啦，只是滿容易考完就忘的。"", ""[User05476 | 112-2]: 1. Introduction to Operating Systems\n2. Process\n3. Thread\n4. Memory system\n5. Scheduling\n6. Mass Storage and I/O systems\n7. File Systems\n8. Synchronization\n有課程錄影，也有實體上課。\n“Xv6, a simple Unix-like teaching operating system” by R. Cox, M.F. Kaashoek, & R. Morris, 2011, https://pdos.csail.mit.edu/6.S081/2020/xv6.html.\n“Advanced Programming in the Unix Environment” third edition by W. Richard Stevens and Stephen A. Rago, Addison-Wesley, 2013. It is distributed by 開發圖書有限公司.\nUnderstanding Unix/Linux Programming: A Guide to Theory and Practice, Molay, Prentice Hall, ISBN: 0130083968\n作業(MP)的形式是，助教會給你xv6原始碼，在其中標幾處todo，並提供一份說明文件描述需要新增的作業系統功能，之後我們就根據這些去修改xv6原始碼以完成該功能。\n我一開始做MP時很挫折，因為原始碼感覺好可怕、且各種函數不確定如何使用，但後來好好看過xv6課本與trace過原始碼後，發現每個MP事實上都不難，都是200行之內就能完成的。NTU cool discussion、TA hour、與同儕討論都是不錯的寫MP方式。另外要提的是，有時MP題目會有bug，所以可以等真強者們幫忙助教debug完後再開始寫MP(?)\n考試的部分，真的是背多分，有名詞解釋、概念說明、演算法演示、原始碼分析等等，主要都是老師簡報內的東西，好像不要特別去看課本(?)。我自己是考前周末把簡報讀過一遍、前一天再溫習一遍，將各種名詞與概念背熟再去考試，考試時時間還蠻充裕的，有沒有知道題目概念才是關鍵。\nMidterm 28%\nFinal 28%\nMP0 4%\nMP1-MP4 40%\n我自己是外系來修課，沒有修過SP，本來很擔心會不會MP都不會寫，結果發現根本沒甚麼差XD，基本上花一定時間都寫得出來MP，即便有用到SP的東西，寫MP時學也沒問題，我感覺主要是xv6的課本要讀過比較重要。我最後MP趨近於滿分，搭配上兩次期考平均85左右，獲得學期成績91，成功拿到A+~\n感覺loading大概是DSA的1/3到1/2吧"", ""[PTT | 109-2]: 轉載自 PTT 作者 ID: starsstars (starrysky)\n哪一學年度修課：\n109-2\n\nψ 授課教師 (若為多人合授請寫開課教師，以方便收錄)\n資訊系 施吉昇 林忠緯 教授\n\nλ 開課系所與授課對象 (是否為必修或通識課 / 內容是否與某些背景相關)\n資訊系大二下必修\n\nδ 課程大概內容\nCovered Topics:\nProcess\nThread\nMemory Systems\nInput and Output\nInterrupt\nScheduling\nMass Storage\nFile Systems\nSynchronization\n\nΩ 私心推薦指數(以五分計) ★★★★★\n4.5 星\n\nη 上課用書(影印講義或是指定教科書)\nOperating system concepts by “Galvin, Peter B., Greg Gagne, and\nAbraham Silberschatz, John Wiley and Sons, ISBN978-1-118-06333-0.\n\nμ 上課方式(投影片、團體討論、老師教學風格)\n教授用投影片講課\n學期一開始是線上和實體都有\n疫情後就改成全部線上授課\n兩位教授都會錄課堂影片 所以可以看兩次\n或選喜歡的教授去聽\n\n兩位教授的投影片都做得很清楚\n配著上課應該都能聽得懂\n\n\nσ 評分方式(給分甜嗎？是紮實分？)\n期中考 30 %\n期末考 30 %\n程式作業 6 % * 1, 11 % * 4\n直接照分數給等第\n\n五次程式作業都要寫一陣子\n通常都跟 MIT xv6 的 Lab 一模一樣\n不會寫的話可以參考國人的寫法\n但可能還是拿不到分\n個人認為算是扎實的課吧\n但寫完這些作業確實能更瞭解上課教的OS概念是如何實作的\n\n期中考平均大概 60\n期末考平均大概 50\n但由於學期滿分有 110 所以其實還是不會到不甜\n\n只要作業分數都拿到\n學期要 A 以上不會太難\n\n\nρ 考題型式、作業方式\n期中考多數是上課有講的內容\n包含名詞解釋、觀念題、計算題\n\n期末考線上 開書開電腦考試\n教授好像卯起來出\n出了不少課外題 以及程式證明題\n就算開書還是時間內寫不太完\n\n作業如上所述 大部分是 MIT xv6 Lab\n有興趣可以去查一下\n\nω 其它(是否注重出席率？如果為外系選修，需先有什麼基礎較好嗎？老師個性？\n加簽習慣？嚴禁遲到等…)\n不點名\n外系選修建議修過 SP (系統程式設計\n以及要有 C 的基礎 (程式作業都用 C\n\n加簽第一堂課填表單\n會有一個順位 就照著簽\n\n倒是 作業分數拿不到可以和助教討論\n有不少次比較激烈的討論完\n就拿到分數了\n嘻嘻\n\nΨ 總結\n學 OS 實作的好課\n無論是觀念或實作都有教到\n分數也不會太難拿\n推推\n\n--\n\n原文網址: https://www.ptt.cc/bbs/NTUcourse/M.1625547889.A.846.html""]","[{""User_ID"": ""User63642"", ""Semester"": ""113-2"", ""Rating_Quality"": null, ""Rating_Sweet"": null, ""Rating_Easy"": null, ""Rating_Rich"": null, ""Comment"": ""Process\nThread\nMemory system\nScheduling\nMass Storage and I/O systems\nFile Systems\nSynchronization\n實體但有錄影，課上不完就會塞一堆影片所以看影片就好。\n簡報\n作業 44%\nMP0 4%\nMP1~4 10%\n都是在改 xv6\nMP0 是實作 tree\nMP1 是 thread，跟 SP 的基本差不多\nMP2 是實作 slab，還滿有趣的但其中改了超多次加分\nMP3 是 scheduling，實作各種排程演算法\nMP4 是實作 access control 和 RAID1，前者就很通靈但只佔了 40%，要改到一堆像 ls、open 等等東西，當初卡了三天。\n期中 28% CH 1~4, CH 9~10\n期末 28% CH 5~7, CH 11~15\n作業 44%\nMP0 4%\nMP1~4 10%\n期中 28%\n期末 28%\n期中期末考前一週讀簡報應該就差不多了，重點還是在作業。整體還是停留在改 xv6，沒有那種「OS 是 CS 學生最硬的課」的感覺，比起 SP 差了一點。但期中期末的內容還是很有用的啦，只是滿容易考完就忘的。""}, {""User_ID"": ""User05476"", ""Semester"": ""112-2"", ""Rating_Quality"": null, ""Rating_Sweet"": null, ""Rating_Easy"": null, ""Rating_Rich"": null, ""Comment"": ""1. Introduction to Operating Systems\n2. Process\n3. Thread\n4. Memory system\n5. Scheduling\n6. Mass Storage and I/O systems\n7. File Systems\n8. Synchronization\n有課程錄影，也有實體上課。\n“Xv6, a simple Unix-like teaching operating system” by R. Cox, M.F. Kaashoek, & R. Morris, 2011, https://pdos.csail.mit.edu/6.S081/2020/xv6.html.\n“Advanced Programming in the Unix Environment” third edition by W. Richard Stevens and Stephen A. Rago, Addison-Wesley, 2013. It is distributed by 開發圖書有限公司.\nUnderstanding Unix/Linux Programming: A Guide to Theory and Practice, Molay, Prentice Hall, ISBN: 0130083968\n作業(MP)的形式是，助教會給你xv6原始碼，在其中標幾處todo，並提供一份說明文件描述需要新增的作業系統功能，之後我們就根據這些去修改xv6原始碼以完成該功能。\n我一開始做MP時很挫折，因為原始碼感覺好可怕、且各種函數不確定如何使用，但後來好好看過xv6課本與trace過原始碼後，發現每個MP事實上都不難，都是200行之內就能完成的。NTU cool discussion、TA hour、與同儕討論都是不錯的寫MP方式。另外要提的是，有時MP題目會有bug，所以可以等真強者們幫忙助教debug完後再開始寫MP(?)\n考試的部分，真的是背多分，有名詞解釋、概念說明、演算法演示、原始碼分析等等，主要都是老師簡報內的東西，好像不要特別去看課本(?)。我自己是考前周末把簡報讀過一遍、前一天再溫習一遍，將各種名詞與概念背熟再去考試，考試時時間還蠻充裕的，有沒有知道題目概念才是關鍵。\nMidterm 28%\nFinal 28%\nMP0 4%\nMP1-MP4 40%\n我自己是外系來修課，沒有修過SP，本來很擔心會不會MP都不會寫，結果發現根本沒甚麼差XD，基本上花一定時間都寫得出來MP，即便有用到SP的東西，寫MP時學也沒問題，我感覺主要是xv6的課本要讀過比較重要。我最後MP趨近於滿分，搭配上兩次期考平均85左右，獲得學期成績91，成功拿到A+~\n感覺loading大概是DSA的1/3到1/2吧""}, {""User_ID"": ""PTT"", ""Semester"": ""109-2"", ""Rating_Quality"": null, ""Rating_Sweet"": null, ""Rating_Easy"": null, ""Rating_Rich"": null, ""Comment"": ""轉載自 PTT 作者 ID: starsstars (starrysky)\n哪一學年度修課：\n109-2\n\nψ 授課教師 (若為多人合授請寫開課教師，以方便收錄)\n資訊系 施吉昇 林忠緯 教授\n\nλ 開課系所與授課對象 (是否為必修或通識課 / 內容是否與某些背景相關)\n資訊系大二下必修\n\nδ 課程大概內容\nCovered Topics:\nProcess\nThread\nMemory Systems\nInput and Output\nInterrupt\nScheduling\nMass Storage\nFile Systems\nSynchronization\n\nΩ 私心推薦指數(以五分計) ★★★★★\n4.5 星\n\nη 上課用書(影印講義或是指定教科書)\nOperating system concepts by “Galvin, Peter B., Greg Gagne, and\nAbraham Silberschatz, John Wiley and Sons, ISBN978-1-118-06333-0.\n\nμ 上課方式(投影片、團體討論、老師教學風格)\n教授用投影片講課\n學期一開始是線上和實體都有\n疫情後就改成全部線上授課\n兩位教授都會錄課堂影片 所以可以看兩次\n或選喜歡的教授去聽\n\n兩位教授的投影片都做得很清楚\n配著上課應該都能聽得懂\n\n\nσ 評分方式(給分甜嗎？是紮實分？)\n期中考 30 %\n期末考 30 %\n程式作業 6 % * 1, 11 % * 4\n直接照分數給等第\n\n五次程式作業都要寫一陣子\n通常都跟 MIT xv6 的 Lab 一模一樣\n不會寫的話可以參考國人的寫法\n但可能還是拿不到分\n個人認為算是扎實的課吧\n但寫完這些作業確實能更瞭解上課教的OS概念是如何實作的\n\n期中考平均大概 60\n期末考平均大概 50\n但由於學期滿分有 110 所以其實還是不會到不甜\n\n只要作業分數都拿到\n學期要 A 以上不會太難\n\n\nρ 考題型式、作業方式\n期中考多數是上課有講的內容\n包含名詞解釋、觀念題、計算題\n\n期末考線上 開書開電腦考試\n教授好像卯起來出\n出了不少課外題 以及程式證明題\n就算開書還是時間內寫不太完\n\n作業如上所述 大部分是 MIT xv6 Lab\n有興趣可以去查一下\n\nω 其它(是否注重出席率？如果為外系選修，需先有什麼基礎較好嗎？老師個性？\n加簽習慣？嚴禁遲到等…)\n不點名\n外系選修建議修過 SP (系統程式設計\n以及要有 C 的基礎 (程式作業都用 C\n\n加簽第一堂課填表單\n會有一個順位 就照著簽\n\n倒是 作業分數拿不到可以和助教討論\n有不少次比較激烈的討論完\n就拿到分數了\n嘻嘻\n\nΨ 總結\n學 OS 實作的好課\n無論是觀念或實作都有教到\n分數也不會太難拿\n推推\n\n--\n\n原文網址: https://www.ptt.cc/bbs/NTUcourse/M.1625547889.A.846.html""}]"
專題研究,吳家麟,資訊工程學系、資訊網路與多媒體研究所、資訊網路與多媒體研究所、資訊網路與多媒體研究所、資訊網路與多媒體研究所、資訊網路與多媒體研究所、資訊網路與多媒體研究所、資訊網路與多媒體研究所、資訊網路與多媒體研究所,2,114-2,25262,CSIE3512,,,,,"[""無評價""]",[]
專題研究,陳信希,資訊工程學系、資訊網路與多媒體研究所、資訊網路與多媒體研究所、資訊網路與多媒體研究所、資訊網路與多媒體研究所、資訊網路與多媒體研究所、資訊網路與多媒體研究所、資訊網路與多媒體研究所、資訊網路與多媒體研究所、資料科學碩士學位學程,2,114-2,12924,CSIE3512,,,,,"[""無評價""]",[]
專題研究,歐陽彥正,資訊工程學系、資訊網路與多媒體研究所、資訊網路與多媒體研究所、資訊網路與多媒體研究所、資訊網路與多媒體研究所、資訊網路與多媒體研究所、資訊網路與多媒體研究所、資訊網路與多媒體研究所、資訊網路與多媒體研究所、生醫電子與資訊學研究所、生醫電子與資訊學研究所、生醫電子與資訊學研究所、生醫電子與資訊學研究所、生醫電子與資訊學研究所、生醫電子與資訊學研究所、生醫電子與資訊學研究所、生醫電子與資訊學研究所,2,114-2,13765,CSIE3512,,,,,"[""無評價""]",[]
專題研究,傅楸善,資訊工程學系、資訊網路與多媒體研究所、資訊網路與多媒體研究所、資訊網路與多媒體研究所、資訊網路與多媒體研究所、資訊網路與多媒體研究所、資訊網路與多媒體研究所、資訊網路與多媒體研究所、資訊網路與多媒體研究所、生醫電子與資訊學研究所、生醫電子與資訊學研究所、生醫電子與資訊學研究所、生醫電子與資訊學研究所、生醫電子與資訊學研究所、生醫電子與資訊學研究所、生醫電子與資訊學研究所、生醫電子與資訊學研究所,2,114-2,27690,CSIE3512,,,,,"[""無評價""]",[]
專題研究,呂育道,資訊工程學系、資訊網路與多媒體研究所、資訊網路與多媒體研究所、資訊網路與多媒體研究所、資訊網路與多媒體研究所、資訊網路與多媒體研究所、資訊網路與多媒體研究所、資訊網路與多媒體研究所、資訊網路與多媒體研究所,2,114-2,29193,CSIE3512,,,,,"[""無評價""]",[]
專題研究,楊佳玲,資訊工程學系、電子工程學研究所、電子工程學研究所、電子工程學研究所、電子工程學研究所、電子工程學研究所、電子工程學研究所、電子工程學研究所、電子工程學研究所、資訊網路與多媒體研究所、資訊網路與多媒體研究所、資訊網路與多媒體研究所、資訊網路與多媒體研究所、資訊網路與多媒體研究所、資訊網路與多媒體研究所、資訊網路與多媒體研究所、資訊網路與多媒體研究所、積體電路設計與自動化碩士學位學程、積體電路設計與自動化碩士學位學程、積體電路設計與自動化碩士學位學程、積體電路設計與自動化碩士學位學程、積體電路設計與自動化碩士學位學程、積體電路設計與自動化碩士學位學程、積體電路設計與自動化碩士學位學程、積體電路設計與自動化碩士學位學程、積體電路設計與自動化博士學位學程、積體電路設計與自動化博士學位學程、積體電路設計與自動化博士學位學程、積體電路設計與自動化博士學位學程、積體電路設計與自動化博士學位學程、積體電路設計與自動化博士學位學程、積體電路設計與自動化博士學位學程、積體電路設計與自動化博士學位學程,2,114-2,54739,CSIE3512,,,,,"[""無評價""]",[]
專題研究,洪一平,資訊工程學系、資訊網路與多媒體研究所、資訊網路與多媒體研究所、資訊網路與多媒體研究所、資訊網路與多媒體研究所、資訊網路與多媒體研究所、資訊網路與多媒體研究所、資訊網路與多媒體研究所、資訊網路與多媒體研究所,2,114-2,48246,CSIE3512,,,,,"[""無評價""]",[]
專題研究,周承復,資訊工程學系、資訊網路與多媒體研究所、資訊網路與多媒體研究所、資訊網路與多媒體研究所、資訊網路與多媒體研究所、資訊網路與多媒體研究所、資訊網路與多媒體研究所、資訊網路與多媒體研究所、資訊網路與多媒體研究所,2,114-2,16625,CSIE3512,,,,,"[""無評價""]",[]
專題研究,逄愛君,資訊工程學系、資訊網路與多媒體研究所、資訊網路與多媒體研究所、資訊網路與多媒體研究所、資訊網路與多媒體研究所、資訊網路與多媒體研究所、資訊網路與多媒體研究所、資訊網路與多媒體研究所、資訊網路與多媒體研究所、智慧聯網國際研究生博士學位學程、智慧聯網國際研究生博士學位學程、智慧聯網國際研究生博士學位學程、智慧聯網國際研究生博士學位學程、智慧聯網國際研究生博士學位學程,2,114-2,52970,CSIE3512,,,,,"[""無評價""]",[]
專題研究,施吉昇,資訊工程學系、資訊網路與多媒體研究所、資訊網路與多媒體研究所、資訊網路與多媒體研究所、資訊網路與多媒體研究所、資訊網路與多媒體研究所、資訊網路與多媒體研究所、資訊網路與多媒體研究所、資訊網路與多媒體研究所、精準健康碩士學位學程、精準健康碩士學位學程、精準健康碩士學位學程、精準健康碩士學位學程、精準健康碩士學位學程、精準健康博士學位學程、精準健康博士學位學程、精準健康博士學位學程、精準健康博士學位學程、精準健康博士學位學程、精準健康博士學位學程,2,114-2,35853,CSIE3512,,,,,"[""無評價""]",[]
專題研究,莊永裕,資訊工程學系、資訊網路與多媒體研究所、資訊網路與多媒體研究所、資訊網路與多媒體研究所、資訊網路與多媒體研究所、資訊網路與多媒體研究所、資訊網路與多媒體研究所、資訊網路與多媒體研究所、資訊網路與多媒體研究所,2,114-2,51317,CSIE3512,,,,,"[""無評價""]",[]
專題研究,洪士灝,資訊工程學系、資訊網路與多媒體研究所、資訊網路與多媒體研究所、資訊網路與多媒體研究所、資訊網路與多媒體研究所、資訊網路與多媒體研究所、資訊網路與多媒體研究所、資訊網路與多媒體研究所、資訊網路與多媒體研究所、資料科學碩士學位學程、精準健康碩士學位學程、精準健康碩士學位學程、精準健康碩士學位學程、精準健康碩士學位學程、精準健康碩士學位學程、精準健康博士學位學程、精準健康博士學位學程、精準健康博士學位學程、精準健康博士學位學程、精準健康博士學位學程、精準健康博士學位學程,2,114-2,21413,CSIE3512,,,,,"[""無評價""]",[]
專題研究,呂學一,資訊工程學系、資訊網路與多媒體研究所、資訊網路與多媒體研究所、資訊網路與多媒體研究所、資訊網路與多媒體研究所、資訊網路與多媒體研究所、資訊網路與多媒體研究所、資訊網路與多媒體研究所、資訊網路與多媒體研究所,2,114-2,23732,CSIE3512,,,,,"[""無評價""]",[]
專題研究,張瑞峰,資訊工程學系、資訊網路與多媒體研究所、資訊網路與多媒體研究所、資訊網路與多媒體研究所、資訊網路與多媒體研究所、資訊網路與多媒體研究所、資訊網路與多媒體研究所、資訊網路與多媒體研究所、資訊網路與多媒體研究所、生醫電子與資訊學研究所、生醫電子與資訊學研究所、生醫電子與資訊學研究所、生醫電子與資訊學研究所、生醫電子與資訊學研究所、生醫電子與資訊學研究所、生醫電子與資訊學研究所、生醫電子與資訊學研究所,2,114-2,52635,CSIE3512,,,,,"[""無評價""]",[]
專題研究,鄭卜壬,資訊工程學系、資訊網路與多媒體研究所、資訊網路與多媒體研究所、資訊網路與多媒體研究所、資訊網路與多媒體研究所、資訊網路與多媒體研究所、資訊網路與多媒體研究所、資訊網路與多媒體研究所、資訊網路與多媒體研究所、資料科學碩士學位學程,2,114-2,40329,CSIE3512,,,,,"[""無評價""]",[]
專題研究,林守德,資訊工程學系、資訊網路與多媒體研究所、資訊網路與多媒體研究所、資訊網路與多媒體研究所、資訊網路與多媒體研究所、資訊網路與多媒體研究所、資訊網路與多媒體研究所、資訊網路與多媒體研究所、資訊網路與多媒體研究所、資料科學碩士學位學程,2,114-2,38122,CSIE3512,,,,,"[""無評價""]",[]
專題研究,李明穗,資訊工程學系、資訊網路與多媒體研究所、資訊網路與多媒體研究所、資訊網路與多媒體研究所、資訊網路與多媒體研究所、資訊網路與多媒體研究所、資訊網路與多媒體研究所、資訊網路與多媒體研究所、資訊網路與多媒體研究所,2,114-2,37483,CSIE3512,,,,,"[""無評價""]",[]
專題研究,徐宏民,資訊工程學系、資訊網路與多媒體研究所、資訊網路與多媒體研究所、資訊網路與多媒體研究所、資訊網路與多媒體研究所、資訊網路與多媒體研究所、資訊網路與多媒體研究所、資訊網路與多媒體研究所、資訊網路與多媒體研究所,2,114-2,44630,CSIE3512,,,,,"[""無評價""]",[]
專題研究,林軒田,資訊工程學系、資訊網路與多媒體研究所、資訊網路與多媒體研究所、資訊網路與多媒體研究所、資訊網路與多媒體研究所、資訊網路與多媒體研究所、資訊網路與多媒體研究所、資訊網路與多媒體研究所、資訊網路與多媒體研究所,2,114-2,29366,CSIE3512,,,,,"[""無評價""]",[]
專題研究,蔡欣穆,資訊工程學系、資訊網路與多媒體研究所、資訊網路與多媒體研究所、資訊網路與多媒體研究所、資訊網路與多媒體研究所、資訊網路與多媒體研究所、資訊網路與多媒體研究所、資訊網路與多媒體研究所、資訊網路與多媒體研究所、智慧聯網國際研究生博士學位學程、智慧聯網國際研究生博士學位學程、智慧聯網國際研究生博士學位學程、智慧聯網國際研究生博士學位學程、智慧聯網國際研究生博士學位學程、智慧聯網國際研究生博士學位學程、智慧聯網國際研究生博士學位學程、智慧聯網國際研究生博士學位學程,2,114-2,21097,CSIE3512,,,,,"[""無評價""]",[]
專題研究,陳彥仰,資訊工程學系、資訊網路與多媒體研究所、資訊網路與多媒體研究所、資訊網路與多媒體研究所、資訊網路與多媒體研究所、資訊網路與多媒體研究所、資訊網路與多媒體研究所、資訊網路與多媒體研究所、資訊網路與多媒體研究所,2,114-2,29251,CSIE3512,,,,,"[""無評價""]",[]
專題研究,李允中,資訊工程學系、資訊網路與多媒體研究所、資訊網路與多媒體研究所、資訊網路與多媒體研究所、資訊網路與多媒體研究所、資訊網路與多媒體研究所、資訊網路與多媒體研究所、資訊網路與多媒體研究所、資訊網路與多媒體研究所,2,114-2,14987,CSIE3512,,,,,"[""無評價""]",[]
專題研究,蕭旭君,資訊工程學系、資訊網路與多媒體研究所、資訊網路與多媒體研究所、資訊網路與多媒體研究所、資訊網路與多媒體研究所、資訊網路與多媒體研究所、資訊網路與多媒體研究所、資訊網路與多媒體研究所、資訊網路與多媒體研究所,2,114-2,30901,CSIE3512,,,,,"[""無評價""]",[]
專題研究,陳縕儂,資訊工程學系、資訊網路與多媒體研究所、資訊網路與多媒體研究所、資訊網路與多媒體研究所、資訊網路與多媒體研究所、資訊網路與多媒體研究所、資訊網路與多媒體研究所、資訊網路與多媒體研究所、資訊網路與多媒體研究所、資料科學碩士學位學程,2,114-2,27815,CSIE3512,,,,,"[""無評價""]",[]
專題研究,林忠緯,資訊工程學系、資訊網路與多媒體研究所、資訊網路與多媒體研究所、資訊網路與多媒體研究所、資訊網路與多媒體研究所、資訊網路與多媒體研究所、資訊網路與多媒體研究所、資訊網路與多媒體研究所、資訊網路與多媒體研究所,2,114-2,22157,CSIE3512,,,,,"[""無評價""]",[]
專題研究,陳祝嵩,資訊工程學系、資訊網路與多媒體研究所、資訊網路與多媒體研究所、資訊網路與多媒體研究所、資訊網路與多媒體研究所、資訊網路與多媒體研究所、資訊網路與多媒體研究所、資訊網路與多媒體研究所、資訊網路與多媒體研究所、資料科學碩士學位學程,2,114-2,17863,CSIE3512,,,,,"[""無評價""]",[]
進階網路管理與系統管理,蔡欣穆,資訊工程學系,2,114-2,16748,CSIE5371,5.0,5.0,1.0,5.0,"[""[User63642 | 113-2]: 大家一起來做點東西\n真正要出面的只有期中期末，都會在考完後一週。其他時間有進度，報告時生得出東西來就好。\n無\n期中期末報告 + demo\n日常工作參與 20%\n跟組長做事，組長評分\n回信機器人 10%\nslack 上的機器人，它發訊息給你你要在 24 小時之內回覆\n期中報告 25%\n事前拍影片介紹做了什麼，報告給教授看進度，回答問題\n期末報告 25%\n同上，加上災害演練\n會議參與 10%\n每週三的 NA/SA 週/月會要點名，到不了要對當週內容提問\nRepo 10%\n把最後東西寫成文件給教授評\n做中學，頂著幹。今年的任務是建一個 slurm hpc。16 個人直接分成 8 組做事。我們就是每個能提到的都去研究一點，都有些成果應該就可以了。同時教授很注重 HA (high availability)，所以還特別設定了災害演練來確保服務不會下線。其實後來確實也有被外部人士打過 ssh。\n\n但 100% A+ 率也不是假的就是了。你可以看到評分每一項都拿滿然後拿了個 100 分的 A+。""]","[{""User_ID"": ""User63642"", ""Semester"": ""113-2"", ""Rating_Quality"": null, ""Rating_Sweet"": null, ""Rating_Easy"": null, ""Rating_Rich"": null, ""Comment"": ""大家一起來做點東西\n真正要出面的只有期中期末，都會在考完後一週。其他時間有進度，報告時生得出東西來就好。\n無\n期中期末報告 + demo\n日常工作參與 20%\n跟組長做事，組長評分\n回信機器人 10%\nslack 上的機器人，它發訊息給你你要在 24 小時之內回覆\n期中報告 25%\n事前拍影片介紹做了什麼，報告給教授看進度，回答問題\n期末報告 25%\n同上，加上災害演練\n會議參與 10%\n每週三的 NA/SA 週/月會要點名，到不了要對當週內容提問\nRepo 10%\n把最後東西寫成文件給教授評\n做中學，頂著幹。今年的任務是建一個 slurm hpc。16 個人直接分成 8 組做事。我們就是每個能提到的都去研究一點，都有些成果應該就可以了。同時教授很注重 HA (high availability)，所以還特別設定了災害演練來確保服務不會下線。其實後來確實也有被外部人士打過 ssh。\n\n但 100% A+ 率也不是假的就是了。你可以看到評分每一項都拿滿然後拿了個 100 分的 A+。""}]"
數位系統與實驗,林忠緯,資訊工程學系,3,114-2,19743,CSIE2344,4.0,3.0,5.0,2.0,"[""[User63642 | 113-2]: Week 1 2/17 ======== In-Person Lecture + Videos ========\n[LEC-00] Course Introduction\n======== Videos Only ========\n[LEC-01] Number Systems and Conversion\n[DIS-01] Number Systems and Conversion\nWeek 2 2/24 ======== Videos Only ========\n[LEC-02] Boolean Algebra\n[LEC-03] Boolean Algebra (Continued)\nWeek 3 3/3 ======== Videos Only ========\n[LEC-04] Applications of Boolean Algebra\n[LEC-05] Karnaugh Maps\nWeek 4 3/10 ======== In-Person Lecture + Videos ========\n[DIS-02] Boolean Algebra\n[DIS-03] Boolean Algebra (Continued)\n[DIS-04] Applications of Boolean Algebra\n[DIS-05] Karnaugh Maps\nWeek 5 3/17 ======== Videos Only ========\n[LEC-06] Quine-McCluskey Method\n[LEC-07A] Multi-Level Gate Circuits\nWeek 6 3/24 ======== Videos Only ========\n[LEC-07B] Multi-Level Gate Circuits\n[LEC-08] Combinational Circuit Design\nWeek 7 3/31 ======== In-Person Lecture + Videos ========\n[DIS-06] Quine-McCluskey Method\n[DIS-07] Multi-Level Gate Circuits\n[DIS-08] Combinational Circuit Design\nWeek 8 4/7 ======== In-Person Exam ========\nMidterm\nWeek 9 4/14 ======== Videos Only ========\n[LAB-01] Combinational Circuit Design\n[LEC-09] Multiplexers, Decoders, and Programmable Logic Devices\n[DIS-09] Multiplexers, Decoders, and Programmable Logic Devices\nWeek 10 4/21 ======== Videos Only ========\n[LEC-11] Latches and Flip-Flops\n[LEC-12A] Registers and Counters\nWeek 11 4/28 ======== Videos Only ========\n[LEC-12B] Registers and Counters\n[LEC-13] Analysis of Clocked Sequential Circuits\nWeek 12 5/5 ======== In-Person Lecture + Videos ========\n[LAB-02] Sequential Circuit Design\n[DIS-11] Latches and Flip-Flops\n[DIS-12] Registers and Counters\n[DIS-13] Analysis of Clocked Sequential Circuits\nWeek 13 5/12 ======== Videos Only ========\n[LEC-14] Derivation of State Graphs and Tables\n[LEC-15] Reduction of State Tables\nWeek 14 5/19 ======== Videos Only ========\n[LEC-16] Sequential Circuit Design\n[LEC-21] Course Summary\nWeek 15 5/26 ======== In-Person Lecture + Videos ========\n[DIS-14] Derivation of State Graphs and Tables\n[DIS-15] Reduction of State Tables\n[DIS-16] Sequential Circuit Design\nWeek 16 6/2 ======== In-Person Exam ========\nFinal Exam\n基本都是線上，實體考試。\n簡報\n手寫、Lab 寫一點 verilog\nHW1 4%\nHW2 4%\nMidterm 40%\nHW3 + Lab1 6%\nHW4 + Lab2 6%\nFinal 40%\n作業跟之前有十分甚至九分的相似。今年的期中期末則是「稍稍」變難了一點，但應該還算得上是水學分的課？\n也是水到差點忘記它的存在。期中只讀作業內容被暗算，期末在稍微出力的部份差點拿到被全扣就吃 A- 了。先找找自己的問題吧。依舊是資訊系硬體的好課，就是不能太大意了。"", ""[PTT | 109-2]: 轉載自 PTT 作者 ID: fshjlin (不會寫程式)\n哪一學年度修課：\n109-2\n\nψ 授課教師 (若為多人合授請寫開課教師，以方便收錄)\n林忠緯 教授\n\nλ 開課系所與授課對象 (是否為必修或通識課 / 內容是否與某些背景相關)\n資工系選修\n\nδ 課程大概內容\n教授自己的說法是跟電機系交電邏設差不多\n\nNumber System and Conversion\nBoolean Algebra\nApplications of Boolean Algebra\nKamaugh Maps\nQuire-McCluskey Method\nCombinational Circuit Design\nMultipexers, Decoders, Programmable Logic Devices\n-----Midterm-----\nLatches and Flip-Flops\nRegisters and Counters\nAnalysis of Clocked Sequential Circuits\nDerivation of State Graphs and Tables\nReduction of State Tables\nSequential Circuit Design\n-----Final-------\n\nΩ 私心推薦指數(以五分計) ★★★★★\n想學基礎邏輯與記憶元件知識:★★★★★\n效率:★★★★★\n\nη 上課用書(影印講義或是指定教科書)\nμ 上課方式(投影片、團體討論、老師教學風格)\n疫情前是實體上課，通常老師會講一段之後會發題目讓大家練習(所以上課步調其\n實不快)，同時cool會放上108錄的影片讓大家可以自己念。\n疫情後就轉影片為主，原上課時間會開office hour讓大家問問題，方式好像跟\n108差不多的樣子。\n\nσ 評分方式(給分甜嗎？是紮實分？)\nHomework/Lab: 20%\nMidterm: 40%\nFinal: 40%\n等第線應該是教授自己切，自己原始約89調到A+\nepo上顯示的A+數據15%，不知道有沒有人有A的數據\n\nρ 考題型式、作業方式\n\n總共有4次手寫作業，內容基本上大概會比上課提到的題目難一點點，手寫部分基\n本上能在一小時內完成。後兩次的作業會有一半的分數來自lab。第一次的lab是關於加法\n器加速、第二次的lab是在做乘法器pipeline，都是寫verilog，做法都寫得滿詳細的。\n(連怎麼裝IDE都有教好佛(X))做完之後上傳source code和根據結果寫幾題手寫就能收工。\n\n考試形式是看遠距與否，這次有幸兩者都體驗到\n\n疫情前採實體考試，可以攜帶單頁A4小抄，題目會有漸進難度但基本分滿好拿\n考試結果平均84、中位88\n\n疫情後採線上開書考，教授的說法是為了避免我們做壞壞的事，每個人的答案會\n依據學號而有所不同，而且會盡量讓我們寫不完QQ。較難的題目會標難題，教授會在這裡\n提醒你就算不寫難題這門課也會過(?)，但實測結果可能不是難，是考試時間來不及寫到這\n些題目(。\n考試結果中位和平均都在65。\n\n不管作業還是考試都是上傳到gradescope做批改。\n\nω 其它(是否注重出席率？如果為外系選修，需先有什麼基礎較好嗎？老師個性？\n加簽習慣？嚴禁遲到等…)\n\n加簽模式時隔久遠有點小忘，但基本上本系似乎不難簽。這個學期是採cool提供\n的登記意願表。\n\n修過cyy計概的話這門課到State Machine之前都可以吃老本(ㄟ\n\n教授人很nice，但不太喜歡有人去吵一個題目做到哪裡可以拿幾分這種事情，所\n以regrade太多次失敗的話會有倒扣機制(但其實很夠)，能成功regrade的好像大部分是關\n於答案是正解的另一種寫法、做法和正解一樣好的這種。\n\n記憶點很深的就是這堂課效率奇高\nhttps://i.imgur.com/cvdN0m0.jpg\n前兩次作業大概截止兩分鐘後就公布成績了，後兩次有lab的壓線上傳的人比較多\n，大概在當天會出來；期中期末就沒辦法先改，大概要等到隔天晚上會有成績，好慢(價\n值觀錯亂)。\n\nΨ 總結\n\n這堂課根據教授自述算是資工系的硬體入門課。\n課程內容可以學到之後計算機結構所使用的元件的原理，也可以先稍微學一點\nverilog，個人覺得算是滿實用的選修。\n\n雖然現在選課都結束了(ry，還是推薦周一下午沒課又想要學一些酷酷的基本元件\n設計的話可以去cool意願登記簽簽~\n\n\n--\n\n原文網址: https://www.ptt.cc/bbs/NTUcourse/M.1644586730.A.634.html"", ""[PTT | 108-2]: 轉載自 PTT 作者 ID: Lyu7 (永遠的初學者)\n哪一學年度修課：108-2\n\nψ 授課教師 (若為多人合授請寫開課教師，以方便收錄)\n\n林忠緯教授\n\n\nλ 開課系所與授課對象 (是否為必修或通識課 / 內容是否與某些背景相關)\n\n資訊系選修\n\n\nδ 課程大概內容\n\nNumber Systems and Conversion\n\nBoolean Algebra\n\nBoolean Algebra (Continued)\n\nApplications of Boolean Algebra\n\nKarnaugh Maps\n\nQuine-McCluskey Method\n\nMulti-Level Gate Circuits\n\nCombinational Circuit Design\n\nMultiplexers, Decoders, and Programmable Logic Devices\n\n===== Midterm Exam =====\n\nLatches and Flip-Flops\n\nRegisters and Counters\n\nAnalysis of Clocked Sequential Circuits\n\nDerivation of State Graphs and Tables\n\nReduction of State Tables\n\nSequential Circuit Design\n\n===== Final Exam =====\nΩ 私心推薦指數(以五分計) ★★★★★\n\n簡單入門「邏輯」與「硬體」：★★★★★\n\n> Learn fundamental knowledge of logic and hardware\n\n-- 取自課程投影片\n\n教授的講解思路：★★★★★\nη 上課用書(影印講義或是指定教科書)\n\nC. H. Roth, Jr. and L. L. Kinney, Fundamentals of Logic Design, 7th Edition\n\n沒有一定要買，除非結束整學期的課程後想更深入這些內容，\n\n否則投影片已經非常足夠。\n\n\nμ 上課方式(投影片、團體討論、老師教學風格)\n\n因為疫情影響，整學期都是線上上課，\n\n除了最後一堂課是請人來演講一段時間及總結課程為實體上課。\n\n教授會事先上傳影片，所以可以挑自己有空的時間看，\n\n我自己是盡量在正課的時間前看完。\n\n正課時間當成 office hour ，\n\n教授會用 Google Meet 讓同學問問題。\n\n\n教授有說他還是傾向在實體課程和同學互動，\n\n因此往後除非出差及其它必要，應該不會採影片授課。\n\n\n每週三堂課中，其中一堂課安排讓同學練習相關題目（不算分），\n\n因此課程影片也含有題目講解，\n\n對於熟悉課程內容還蠻有效的。\n\n\nσ 評分方式(給分甜嗎？是紮實分？)\n\n* (20%) Homework / Lab\n\n- (4%) Homework 1\n\n- (4%) Homework 2\n\n- (6%) Homework 3 + Lab 1\n\n- (6%) Homework 4 + Lab 2\n\n* (40%) Midterm Exam\n\n* (40%) Final Exam\n\n最後應該是有調分。\n\n\nρ 考題型式、作業方式\n<作業>\n\n題目不會太難，作業三和四各包含一個 lab ，\n\nlab 是寫個簡單的 Verilog ，\n\n大部分內容助教都已經寫好，\n\n只要根據要求把剩下的補完即可，\n\n也有相關問題，極少數可能比較困難的題目。\n\n時長會給兩星期，不得遲交。\n\n\n<期中考>\n\n個人認為前兩次偏簡單的作業，會誤判期中考的難度，\n\n即使教授已經表示題目量可能讓大部分的人都寫不完。\n\n（不過我的問題似乎不是寫不完……）\n\n有算是基礎的送分題，也有非常需要思考的題目。\n\n\n因疫情採線上考試（可翻書、查資料，不能通訊），\n\n為了防作弊，有設計學號尾號不同寫不同題目，\n\n但教授還是有抓到作弊的同學。\n\n\n<期末考>\n\n疫情趨緩採實體考試（可用電子設備查資料，但不能通訊），\n\n難度也低了不少。\n\n\n作業，考試是使用 Gradescope 系統批改，\n\n作業因為內容不會太複雜，幾個小時內就改好了。\n\n考試因為每個人寫的東西都蠻不一樣的，\n\n會改比較久，不過一天內能解決。\n\n（學生約百人）\n\n\nω 其它(是否注重出席率？如果為外系選修，需先有什麼基礎較好嗎？老師個性？\n加簽習慣？嚴禁遲到等…)\n\n沒有出席分數，個人認為應該也不需要什麼基礎，\n\n不清楚加簽順序為何。\n\n\n個人私心認為教授對於課程非常投入，人也很好，\n\n投影片做得簡潔又清楚，覺得這也反映出教授的用心程度。\n\n期中考大家的分數似乎都不太好看，\n\n不過教授有說這個分數不是絕對的，\n\n還稱讚大家基本題幾乎都有掌握到，已經很棒了！\n\n而且期末還開了蠻多 office hour ，\n\n不管是要問課程還是其它東西都可以，雖然我都沒去……\n\n\nΨ 總結\n\n雖然好像很多人都是為了系選修學分數而修課（我好像也是 QQ），\n\n不過在這堂課還是有學到一些東西，\n\n也得知了 EDA 這個領域（和這堂課相關）。\n\n\n最後說個和這堂課不相關的，\n\n之後教授會去教系上的必修課程「作業系統」，\n\n很期待之後的課程，雖然我已經修過不能再修 QQ\n\n--\n\n原文網址: https://www.ptt.cc/bbs/NTUcourse/M.1598524939.A.F42.html""]","[{""User_ID"": ""User63642"", ""Semester"": ""113-2"", ""Rating_Quality"": null, ""Rating_Sweet"": null, ""Rating_Easy"": null, ""Rating_Rich"": null, ""Comment"": ""Week 1 2/17 ======== In-Person Lecture + Videos ========\n[LEC-00] Course Introduction\n======== Videos Only ========\n[LEC-01] Number Systems and Conversion\n[DIS-01] Number Systems and Conversion\nWeek 2 2/24 ======== Videos Only ========\n[LEC-02] Boolean Algebra\n[LEC-03] Boolean Algebra (Continued)\nWeek 3 3/3 ======== Videos Only ========\n[LEC-04] Applications of Boolean Algebra\n[LEC-05] Karnaugh Maps\nWeek 4 3/10 ======== In-Person Lecture + Videos ========\n[DIS-02] Boolean Algebra\n[DIS-03] Boolean Algebra (Continued)\n[DIS-04] Applications of Boolean Algebra\n[DIS-05] Karnaugh Maps\nWeek 5 3/17 ======== Videos Only ========\n[LEC-06] Quine-McCluskey Method\n[LEC-07A] Multi-Level Gate Circuits\nWeek 6 3/24 ======== Videos Only ========\n[LEC-07B] Multi-Level Gate Circuits\n[LEC-08] Combinational Circuit Design\nWeek 7 3/31 ======== In-Person Lecture + Videos ========\n[DIS-06] Quine-McCluskey Method\n[DIS-07] Multi-Level Gate Circuits\n[DIS-08] Combinational Circuit Design\nWeek 8 4/7 ======== In-Person Exam ========\nMidterm\nWeek 9 4/14 ======== Videos Only ========\n[LAB-01] Combinational Circuit Design\n[LEC-09] Multiplexers, Decoders, and Programmable Logic Devices\n[DIS-09] Multiplexers, Decoders, and Programmable Logic Devices\nWeek 10 4/21 ======== Videos Only ========\n[LEC-11] Latches and Flip-Flops\n[LEC-12A] Registers and Counters\nWeek 11 4/28 ======== Videos Only ========\n[LEC-12B] Registers and Counters\n[LEC-13] Analysis of Clocked Sequential Circuits\nWeek 12 5/5 ======== In-Person Lecture + Videos ========\n[LAB-02] Sequential Circuit Design\n[DIS-11] Latches and Flip-Flops\n[DIS-12] Registers and Counters\n[DIS-13] Analysis of Clocked Sequential Circuits\nWeek 13 5/12 ======== Videos Only ========\n[LEC-14] Derivation of State Graphs and Tables\n[LEC-15] Reduction of State Tables\nWeek 14 5/19 ======== Videos Only ========\n[LEC-16] Sequential Circuit Design\n[LEC-21] Course Summary\nWeek 15 5/26 ======== In-Person Lecture + Videos ========\n[DIS-14] Derivation of State Graphs and Tables\n[DIS-15] Reduction of State Tables\n[DIS-16] Sequential Circuit Design\nWeek 16 6/2 ======== In-Person Exam ========\nFinal Exam\n基本都是線上，實體考試。\n簡報\n手寫、Lab 寫一點 verilog\nHW1 4%\nHW2 4%\nMidterm 40%\nHW3 + Lab1 6%\nHW4 + Lab2 6%\nFinal 40%\n作業跟之前有十分甚至九分的相似。今年的期中期末則是「稍稍」變難了一點，但應該還算得上是水學分的課？\n也是水到差點忘記它的存在。期中只讀作業內容被暗算，期末在稍微出力的部份差點拿到被全扣就吃 A- 了。先找找自己的問題吧。依舊是資訊系硬體的好課，就是不能太大意了。""}, {""User_ID"": ""PTT"", ""Semester"": ""109-2"", ""Rating_Quality"": null, ""Rating_Sweet"": null, ""Rating_Easy"": null, ""Rating_Rich"": null, ""Comment"": ""轉載自 PTT 作者 ID: fshjlin (不會寫程式)\n哪一學年度修課：\n109-2\n\nψ 授課教師 (若為多人合授請寫開課教師，以方便收錄)\n林忠緯 教授\n\nλ 開課系所與授課對象 (是否為必修或通識課 / 內容是否與某些背景相關)\n資工系選修\n\nδ 課程大概內容\n教授自己的說法是跟電機系交電邏設差不多\n\nNumber System and Conversion\nBoolean Algebra\nApplications of Boolean Algebra\nKamaugh Maps\nQuire-McCluskey Method\nCombinational Circuit Design\nMultipexers, Decoders, Programmable Logic Devices\n-----Midterm-----\nLatches and Flip-Flops\nRegisters and Counters\nAnalysis of Clocked Sequential Circuits\nDerivation of State Graphs and Tables\nReduction of State Tables\nSequential Circuit Design\n-----Final-------\n\nΩ 私心推薦指數(以五分計) ★★★★★\n想學基礎邏輯與記憶元件知識:★★★★★\n效率:★★★★★\n\nη 上課用書(影印講義或是指定教科書)\nμ 上課方式(投影片、團體討論、老師教學風格)\n疫情前是實體上課，通常老師會講一段之後會發題目讓大家練習(所以上課步調其\n實不快)，同時cool會放上108錄的影片讓大家可以自己念。\n疫情後就轉影片為主，原上課時間會開office hour讓大家問問題，方式好像跟\n108差不多的樣子。\n\nσ 評分方式(給分甜嗎？是紮實分？)\nHomework/Lab: 20%\nMidterm: 40%\nFinal: 40%\n等第線應該是教授自己切，自己原始約89調到A+\nepo上顯示的A+數據15%，不知道有沒有人有A的數據\n\nρ 考題型式、作業方式\n\n總共有4次手寫作業，內容基本上大概會比上課提到的題目難一點點，手寫部分基\n本上能在一小時內完成。後兩次的作業會有一半的分數來自lab。第一次的lab是關於加法\n器加速、第二次的lab是在做乘法器pipeline，都是寫verilog，做法都寫得滿詳細的。\n(連怎麼裝IDE都有教好佛(X))做完之後上傳source code和根據結果寫幾題手寫就能收工。\n\n考試形式是看遠距與否，這次有幸兩者都體驗到\n\n疫情前採實體考試，可以攜帶單頁A4小抄，題目會有漸進難度但基本分滿好拿\n考試結果平均84、中位88\n\n疫情後採線上開書考，教授的說法是為了避免我們做壞壞的事，每個人的答案會\n依據學號而有所不同，而且會盡量讓我們寫不完QQ。較難的題目會標難題，教授會在這裡\n提醒你就算不寫難題這門課也會過(?)，但實測結果可能不是難，是考試時間來不及寫到這\n些題目(。\n考試結果中位和平均都在65。\n\n不管作業還是考試都是上傳到gradescope做批改。\n\nω 其它(是否注重出席率？如果為外系選修，需先有什麼基礎較好嗎？老師個性？\n加簽習慣？嚴禁遲到等…)\n\n加簽模式時隔久遠有點小忘，但基本上本系似乎不難簽。這個學期是採cool提供\n的登記意願表。\n\n修過cyy計概的話這門課到State Machine之前都可以吃老本(ㄟ\n\n教授人很nice，但不太喜歡有人去吵一個題目做到哪裡可以拿幾分這種事情，所\n以regrade太多次失敗的話會有倒扣機制(但其實很夠)，能成功regrade的好像大部分是關\n於答案是正解的另一種寫法、做法和正解一樣好的這種。\n\n記憶點很深的就是這堂課效率奇高\nhttps://i.imgur.com/cvdN0m0.jpg\n前兩次作業大概截止兩分鐘後就公布成績了，後兩次有lab的壓線上傳的人比較多\n，大概在當天會出來；期中期末就沒辦法先改，大概要等到隔天晚上會有成績，好慢(價\n值觀錯亂)。\n\nΨ 總結\n\n這堂課根據教授自述算是資工系的硬體入門課。\n課程內容可以學到之後計算機結構所使用的元件的原理，也可以先稍微學一點\nverilog，個人覺得算是滿實用的選修。\n\n雖然現在選課都結束了(ry，還是推薦周一下午沒課又想要學一些酷酷的基本元件\n設計的話可以去cool意願登記簽簽~\n\n\n--\n\n原文網址: https://www.ptt.cc/bbs/NTUcourse/M.1644586730.A.634.html""}, {""User_ID"": ""PTT"", ""Semester"": ""108-2"", ""Rating_Quality"": null, ""Rating_Sweet"": null, ""Rating_Easy"": null, ""Rating_Rich"": null, ""Comment"": ""轉載自 PTT 作者 ID: Lyu7 (永遠的初學者)\n哪一學年度修課：108-2\n\nψ 授課教師 (若為多人合授請寫開課教師，以方便收錄)\n\n林忠緯教授\n\n\nλ 開課系所與授課對象 (是否為必修或通識課 / 內容是否與某些背景相關)\n\n資訊系選修\n\n\nδ 課程大概內容\n\nNumber Systems and Conversion\n\nBoolean Algebra\n\nBoolean Algebra (Continued)\n\nApplications of Boolean Algebra\n\nKarnaugh Maps\n\nQuine-McCluskey Method\n\nMulti-Level Gate Circuits\n\nCombinational Circuit Design\n\nMultiplexers, Decoders, and Programmable Logic Devices\n\n===== Midterm Exam =====\n\nLatches and Flip-Flops\n\nRegisters and Counters\n\nAnalysis of Clocked Sequential Circuits\n\nDerivation of State Graphs and Tables\n\nReduction of State Tables\n\nSequential Circuit Design\n\n===== Final Exam =====\nΩ 私心推薦指數(以五分計) ★★★★★\n\n簡單入門「邏輯」與「硬體」：★★★★★\n\n> Learn fundamental knowledge of logic and hardware\n\n-- 取自課程投影片\n\n教授的講解思路：★★★★★\nη 上課用書(影印講義或是指定教科書)\n\nC. H. Roth, Jr. and L. L. Kinney, Fundamentals of Logic Design, 7th Edition\n\n沒有一定要買，除非結束整學期的課程後想更深入這些內容，\n\n否則投影片已經非常足夠。\n\n\nμ 上課方式(投影片、團體討論、老師教學風格)\n\n因為疫情影響，整學期都是線上上課，\n\n除了最後一堂課是請人來演講一段時間及總結課程為實體上課。\n\n教授會事先上傳影片，所以可以挑自己有空的時間看，\n\n我自己是盡量在正課的時間前看完。\n\n正課時間當成 office hour ，\n\n教授會用 Google Meet 讓同學問問題。\n\n\n教授有說他還是傾向在實體課程和同學互動，\n\n因此往後除非出差及其它必要，應該不會採影片授課。\n\n\n每週三堂課中，其中一堂課安排讓同學練習相關題目（不算分），\n\n因此課程影片也含有題目講解，\n\n對於熟悉課程內容還蠻有效的。\n\n\nσ 評分方式(給分甜嗎？是紮實分？)\n\n* (20%) Homework / Lab\n\n- (4%) Homework 1\n\n- (4%) Homework 2\n\n- (6%) Homework 3 + Lab 1\n\n- (6%) Homework 4 + Lab 2\n\n* (40%) Midterm Exam\n\n* (40%) Final Exam\n\n最後應該是有調分。\n\n\nρ 考題型式、作業方式\n<作業>\n\n題目不會太難，作業三和四各包含一個 lab ，\n\nlab 是寫個簡單的 Verilog ，\n\n大部分內容助教都已經寫好，\n\n只要根據要求把剩下的補完即可，\n\n也有相關問題，極少數可能比較困難的題目。\n\n時長會給兩星期，不得遲交。\n\n\n<期中考>\n\n個人認為前兩次偏簡單的作業，會誤判期中考的難度，\n\n即使教授已經表示題目量可能讓大部分的人都寫不完。\n\n（不過我的問題似乎不是寫不完……）\n\n有算是基礎的送分題，也有非常需要思考的題目。\n\n\n因疫情採線上考試（可翻書、查資料，不能通訊），\n\n為了防作弊，有設計學號尾號不同寫不同題目，\n\n但教授還是有抓到作弊的同學。\n\n\n<期末考>\n\n疫情趨緩採實體考試（可用電子設備查資料，但不能通訊），\n\n難度也低了不少。\n\n\n作業，考試是使用 Gradescope 系統批改，\n\n作業因為內容不會太複雜，幾個小時內就改好了。\n\n考試因為每個人寫的東西都蠻不一樣的，\n\n會改比較久，不過一天內能解決。\n\n（學生約百人）\n\n\nω 其它(是否注重出席率？如果為外系選修，需先有什麼基礎較好嗎？老師個性？\n加簽習慣？嚴禁遲到等…)\n\n沒有出席分數，個人認為應該也不需要什麼基礎，\n\n不清楚加簽順序為何。\n\n\n個人私心認為教授對於課程非常投入，人也很好，\n\n投影片做得簡潔又清楚，覺得這也反映出教授的用心程度。\n\n期中考大家的分數似乎都不太好看，\n\n不過教授有說這個分數不是絕對的，\n\n還稱讚大家基本題幾乎都有掌握到，已經很棒了！\n\n而且期末還開了蠻多 office hour ，\n\n不管是要問課程還是其它東西都可以，雖然我都沒去……\n\n\nΨ 總結\n\n雖然好像很多人都是為了系選修學分數而修課（我好像也是 QQ），\n\n不過在這堂課還是有學到一些東西，\n\n也得知了 EDA 這個領域（和這堂課相關）。\n\n\n最後說個和這堂課不相關的，\n\n之後教授會去教系上的必修課程「作業系統」，\n\n很期待之後的課程，雖然我已經修過不能再修 QQ\n\n--\n\n原文網址: https://www.ptt.cc/bbs/NTUcourse/M.1598524939.A.F42.html""}]"
"現代科學與心靈科學
A4",歐陽彥正,資訊工程學系,3,114-2,45267,CSIE1923,2.5,4.7,5.0,2.0,"[""[User30317 | 113-1]: 實體上課 (不錄影)\n期中考、期末考都是申論題\n期末報告是一份關於上課內容的30頁PPT\n品質：2 (不便評價)\n甜度：5 (不能再甜)\n涼度：5 (整學期只需要去兩次)\n扎實：1 (背投影片即可)\n\n上課內容我不便評價 因為我第一堂覺得不知所云就走了\n後來整學期只有去第一堂 期中考和期末考\n考試基本上都是從投影片上面出 很少有上課限定的東西 考前讀一讀就好\n真的沒背到也可以試著自由發揮 老師給分很甜的""]","[{""User_ID"": ""User30317"", ""Semester"": ""113-1"", ""Rating_Quality"": null, ""Rating_Sweet"": null, ""Rating_Easy"": null, ""Rating_Rich"": null, ""Comment"": ""實體上課 (不錄影)\n期中考、期末考都是申論題\n期末報告是一份關於上課內容的30頁PPT\n品質：2 (不便評價)\n甜度：5 (不能再甜)\n涼度：5 (整學期只需要去兩次)\n扎實：1 (背投影片即可)\n\n上課內容我不便評價 因為我第一堂覺得不知所云就走了\n後來整學期只有去第一堂 期中考和期末考\n考試基本上都是從投影片上面出 很少有上課限定的東西 考前讀一讀就好\n真的沒背到也可以試著自由發揮 老師給分很甜的""}]"
專題討論,陳景然,電機工程學研究所,0,114-2,31229,EE8001,,,,,"[""無評價""]",[]
專題討論,林宗男,電機工程學研究所,0,114-2,17900,EE8001,,,,,"[""無評價""]",[]
適應控制系統,江明理,生物機電工程學系、生物機電工程學研究所、電機工程學研究所,3,114-2,31170,BME5430,,,,,"[""無評價""]",[]
基因晶片方法與數據分析,莊曜宇,電機工程學研究所、生醫電子與資訊學研究所,3,114-2,34574,EE7012,,,,,"[""無評價""]",[]
專題演講,陳景然,電機工程學研究所,1,114-2,30183,EE7017,,,,,"[""無評價""]",[]
數位訊號處理,鐘嘉德,電機工程學研究所、電信工程學研究所、生醫電子與資訊學研究所,3,114-2,16541,EE5004,3.5,4.0,5.0,4.0,"[""[User95315 | 110-2]: 1. Introduction\n2. Discrete-Time Signals and Systems (Sections 2.0-2.9)\n3. The z-Transform (Sections 3.0-3.8)\n4. Sampling of Continuous-Time Signals (Sections 4.0-4.7)\n5. Transform Analysis of Linear Time-Invariant Systems (Sections 5.0-5.7)\n6. Structures for Discrete-Time Systems (Sections 6.0-6.6)\n7. Filter Design Techniques (Sections 7.0-7.6)\n8. The Discrete Fourier Transform (Sections 8.0-8.7)\n9. Computation of the Discrete Fourier Transform (Sections 9.0-9.3)\n教授用觸控筆在講義上說明\n實體、直播、會錄影\n教授自編講義，不附圖所以需要課本輔助。\n六次作業，每次 5 ~ 10 題，幾乎都是課本的題目。\n教授說不能用鉛筆，要用規定的紙寫，過程還要寫的很詳細（用到哪個定理）\n但其實改考卷的是助教，助教人很好，只要寫得清楚助教看得懂就行。\n有時候過程寫的不夠詳細助教也只是在旁邊提醒，沒有扣分。\n期中期末可以帶大抄。\nHomework: 30%\nMidterm: 30%\nFinal: 40%\n理論課，應用的部分講很少，也不用寫程式。\n需要信號與系統的基礎。\n分數部分算扎實分，總分幾分就幾分，不過題目都不難所以還算甜。\n期中期末考可以悠閒地寫完，不會像信號與系統那樣平均三四十。""]","[{""User_ID"": ""User95315"", ""Semester"": ""110-2"", ""Rating_Quality"": null, ""Rating_Sweet"": null, ""Rating_Easy"": null, ""Rating_Rich"": null, ""Comment"": ""1. Introduction\n2. Discrete-Time Signals and Systems (Sections 2.0-2.9)\n3. The z-Transform (Sections 3.0-3.8)\n4. Sampling of Continuous-Time Signals (Sections 4.0-4.7)\n5. Transform Analysis of Linear Time-Invariant Systems (Sections 5.0-5.7)\n6. Structures for Discrete-Time Systems (Sections 6.0-6.6)\n7. Filter Design Techniques (Sections 7.0-7.6)\n8. The Discrete Fourier Transform (Sections 8.0-8.7)\n9. Computation of the Discrete Fourier Transform (Sections 9.0-9.3)\n教授用觸控筆在講義上說明\n實體、直播、會錄影\n教授自編講義，不附圖所以需要課本輔助。\n六次作業，每次 5 ~ 10 題，幾乎都是課本的題目。\n教授說不能用鉛筆，要用規定的紙寫，過程還要寫的很詳細（用到哪個定理）\n但其實改考卷的是助教，助教人很好，只要寫得清楚助教看得懂就行。\n有時候過程寫的不夠詳細助教也只是在旁邊提醒，沒有扣分。\n期中期末可以帶大抄。\nHomework: 30%\nMidterm: 30%\nFinal: 40%\n理論課，應用的部分講很少，也不用寫程式。\n需要信號與系統的基礎。\n分數部分算扎實分，總分幾分就幾分，不過題目都不難所以還算甜。\n期中期末考可以悠閒地寫完，不會像信號與系統那樣平均三四十。""}]"
通訊積體電路設計,李致毅,電機工程學研究所、電子工程學研究所、生醫電子與資訊學研究所、積體電路設計與自動化碩士學位學程、積體電路設計與自動化博士學位學程,3,114-2,44727,EE5036,,,,,"[""無評價""]",[]
高等數位訊號處理,丁建均,電機工程學研究所、電信工程學研究所、生醫電子與資訊學研究所,3,114-2,52450,EE5163,4.0,5.0,5.0,1.5,"[""[User95315 | 110-2]: (1) Introduction\n(2) Digital Filter Design\n(3) Homomorphic Signal Processing\n(4) Acoustics\n(5) Data Compression\n(6) Fast Algorithm\n(7) Walsh Transform\n(8) Number Theoretic Transform\n(9) OFDM, CDMA\n用PPT上課，下課後會上傳影片和上課的筆記。\n老師自編的PPT\n每次作業都有程式題 (MATLAB / Python)\nTerm Paper 形式有五種：\n(1) 書面報告\n(2) Tutorial\n(3) 口頭報告\n(4) 編輯 Wikipedia\n(5) 編寫程式以協助建立程式資料庫\nHomework (5 times) : 60% , Term Paper : 25% , Basic : 15%\n這堂課應該改叫做數位訊號處理的應用（Applied Digital Signal Processing）\n主要以介紹應用為主，而且每個主題都只有簡簡單單的帶過\n超級甜，loading 又很輕，缺學分 GPA 的很推""]","[{""User_ID"": ""User95315"", ""Semester"": ""110-2"", ""Rating_Quality"": null, ""Rating_Sweet"": null, ""Rating_Easy"": null, ""Rating_Rich"": null, ""Comment"": ""(1) Introduction\n(2) Digital Filter Design\n(3) Homomorphic Signal Processing\n(4) Acoustics\n(5) Data Compression\n(6) Fast Algorithm\n(7) Walsh Transform\n(8) Number Theoretic Transform\n(9) OFDM, CDMA\n用PPT上課，下課後會上傳影片和上課的筆記。\n老師自編的PPT\n每次作業都有程式題 (MATLAB / Python)\nTerm Paper 形式有五種：\n(1) 書面報告\n(2) Tutorial\n(3) 口頭報告\n(4) 編輯 Wikipedia\n(5) 編寫程式以協助建立程式資料庫\nHomework (5 times) : 60% , Term Paper : 25% , Basic : 15%\n這堂課應該改叫做數位訊號處理的應用（Applied Digital Signal Processing）\n主要以介紹應用為主，而且每個主題都只有簡簡單單的帶過\n超級甜，loading 又很輕，缺學分 GPA 的很推""}]"
電腦輔助分析與最佳化,陳中平,電機工程學研究所、電子工程學研究所、生醫電子與資訊學研究所、積體電路設計與自動化碩士學位學程、積體電路設計與自動化博士學位學程,3,114-2,53158,EE5043,,,,,"[""無評價""]",[]
資料庫系統-從SQL到NoSQL,駱明凌,電機工程學研究所,3,114-2,19535,EE5178,,,,,"[""無評價""]",[]
機器學習,李宏毅,電機工程學研究所、電信工程學研究所、生醫電子與資訊學研究所、資料科學碩士學位學程、智慧醫療與健康資訊碩士學位學程,4,114-2,26696,EE5184,5.0,5.0,4.2,4.0,"[""[User63642 | 113-2]: 實體但錄影都會上傳 yt，不過沒看影片也能寫作業所以就算學期結束拿到學分了還是不太清楚他教了什麼。\n10 次作業各 10%\n\n有加分作業，90 分 A+\n傳說中的大金 ML。作業是大部份調參和一些讀論文，調參就很看運氣，調得好一次就過，調不好就可能多幾個帳號的 quota 才過得了了。比較需要注意的應該是繳交的格式吧，畢竟有七百多份作業要改，可能自動重現結果的 script 沒有寫得很好，格式錯誤就是 4 分沒了。""]","[{""User_ID"": ""User63642"", ""Semester"": ""113-2"", ""Rating_Quality"": null, ""Rating_Sweet"": null, ""Rating_Easy"": null, ""Rating_Rich"": null, ""Comment"": ""實體但錄影都會上傳 yt，不過沒看影片也能寫作業所以就算學期結束拿到學分了還是不太清楚他教了什麼。\n10 次作業各 10%\n\n有加分作業，90 分 A+\n傳說中的大金 ML。作業是大部份調參和一些讀論文，調參就很看運氣，調得好一次就過，調不好就可能多幾個帳號的 quota 才過得了了。比較需要注意的應該是繳交的格式吧，畢竟有七百多份作業要改，可能自動重現結果的 script 沒有寫得很好，格式錯誤就是 4 分沒了。""}]"
網路攻防實習,林宗男,電機工程學研究所、電信工程學研究所,3,114-2,30475,EE5188,,,,,"[""無評價""]",[]
切換式電源供應器,陳景然,電機工程學研究所、電子工程學研究所、積體電路設計與自動化碩士學位學程、積體電路設計與自動化博士學位學程,3,114-2,34709,EE5066,,,,,"[""無評價""]",[]
天線專題,周錫增,電機工程學研究所、電信工程學研究所,3,114-2,14644,EE5094,,,,,"[""無評價""]",[]
電磁理論,林怡成,電機工程學研究所、電信工程學研究所、生醫電子與資訊學研究所,3,114-2,43466,EE5095,,,,,"[""無評價""]",[]
積體電路工程,吳肇欣,電機工程學研究所、光電工程學研究所、電子工程學研究所、生醫電子與資訊學研究所、元件材料與異質整合碩士學位學程、元件材料與異質整合博士學位學程,3,114-2,59533,EE5114,,,,,"[""無評價""]",[]
光電半導體技術,林浩雄,電機工程學研究所、光電工程學研究所、電子工程學研究所、元件材料與異質整合碩士學位學程、元件材料與異質整合博士學位學程,3,114-2,28760,EE5115,,,,,"[""無評價""]",[]
積體光學,黃定洧,電機工程學研究所、光電工程學研究所,3,114-2,44283,EE5118,,,,,"[""無評價""]",[]
傅氏轉換與傅氏光學,鄭宇翔,電機工程學研究所、光電工程學研究所、電信工程學研究所,3,114-2,11619,EE5136,,,,,"[""無評價""]",[]
光電電磁學,林晃巖,電機工程學研究所、光電工程學研究所、生醫電子與資訊學研究所,3,114-2,49435,EE5137,,,,,"[""無評價""]",[]
電力電子與積體電路控制,陳景然,電機工程學研究所、電子工程學研究所、生醫電子與資訊學研究所、積體電路設計與自動化碩士學位學程、積體電路設計與自動化博士學位學程,3,114-2,18676,EE5174,,,,,"[""無評價""]",[]
生物物理,郭柏齡,電機工程學研究所、生醫電子與資訊學研究所,3,114-2,26913,EE5149,,,,,"[""無評價""]",[]
半導體光學,彭隆瀚,電機工程學研究所、光電工程學研究所、生醫電子與資訊學研究所,3,114-2,13422,OE5004,,,,,"[""無評價""]",[]
光通訊元件導論,林恭如,電機工程學研究所、光電工程學研究所、生醫電子與資訊學研究所,3,114-2,37588,OE5008,,,,,"[""無評價""]",[]
雷射導論,蔡睿哲,電機工程學研究所、光電工程學研究所,3,114-2,27756,OE5016,,,,,"[""無評價""]",[]
顯示技術導論,李君浩,電機工程學研究所、光電工程學研究所,3,114-2,22572,OE5025,,,,,"[""無評價""]",[]
液晶顯示器技術,蔡永傑,電機工程學研究所、光電工程學研究所,3,114-2,31332,OE5034,,,,,"[""無評價""]",[]
光電元件程式模擬,吳育任,電機工程學研究所、光電工程學研究所,3,114-2,29078,OE5060,,,,,"[""無評價""]",[]
多速率信號處理,馮世邁,電機工程學研究所、電信工程學研究所,3,114-2,10542,CommE7004,,,,,"[""無評價""]",[]
微波積體電路專題,林坤佑,電機工程學研究所、電信工程學研究所,3,114-2,14436,CommE5002,,,,,"[""無評價""]",[]
物聯網應用系統專題,賴怡吉,電機工程學研究所、電信工程學研究所,3,114-2,17981,CommE5048,,,,,"[""無評價""]",[]
工程數學特論,丁建均,電機工程學研究所、電信工程學研究所,3,114-2,45518,CommE5055,,,,,"[""[PTT | 109-2]: 轉載自 PTT 作者 ID: alfa871212 (阿呆)\n哪一學年度修課：\n109-2\nψ 授課教師 (若為多人合授請寫開課教師，以方便收錄)\n丁建均\nλ 開課系所與授課對象 (是否為必修或通識課 / 內容是否與某些背景相關)\n電機所電信所選修（可當電機系系定選修）\nδ 課程大概內容\n節錄自http://djj.ee.ntu.edu.tw/EM.htm\n(A) Differential Equation\n\n(1) Numerical method and nonlinear DE\n\n(2) Partial Differential Equations\n\n(3) Function Approximation\n\n(B) Fourier Analysis\n\n(1) Fourier Analysis\n\n(2) 2D FT and Discrete FT\n\n(C) Linear Algebra\n\n(1) Advanced Linear Algebra\n\n(2) Generalized Norm and Optimization\n\n(3) Discrete Function Approximate\n\n(4) SVD and Principal Component Analysis (PCA)\n\n(D) Probability and Statistics\n\n(1) Probability Model, Entropy, and KL Divergence\n\n(2) Random Process, Independent Component Analysis\n\n\nΩ 私心推薦指數(以五分計) ★★★★★\n想複習一下工數 ★★★★★\n\n甜、涼 ★★★★★\n\n不喜歡證明 ★★★★★\n\n\nη 上課用書(影印講義或是指定教科書)\n教授投影片，其他參考用書在課程網站都有，主要是電機系各門數學課課本\n\nμ 上課方式(投影片、團體討論、老師教學風格)\n投影片為主，教授會用手寫筆在上面講解，課後會上傳筆跡檔在網站\n（貼心），本學期上課都有上傳錄影到NTU COOL上，所以沒有受疫情\n影響。教學風格是一貫的Djj Style，就是把講義一步步講解，不會亂\n跳或是突然進度很趕，算是很好適應的風格。\nσ 評分方式(給分甜嗎？是紮實分？)\n紮實甜\n\n每三週出一次作業，共五次\n（含4~6大題手寫＋程式作業 w python or Matlab）各13%\n\n期末考因疫情open everything，原訂open book\n（考試時間13:30~21:00超級充足）35%\n\n\nρ 考題型式、作業方式\n作業跟考試十分接近，大部分都是講義例題稍微改動，照著步驟做應該\n不會到太難，而且三週時間很充裕。程式作業都是用python或是matlab\n實作解題（用電腦幫你算你原本手算的東西），沒有基礎也沒問題，稍\n微查一些用法應該30行內搞定\nω 其它(是否注重出席率？如果為外系選修，需先有什麼基礎較好嗎？老師個性？\n加簽習慣？嚴禁遲到等…)\n從Syllabus可以知道這門課幾乎就是電機系數學課的延伸（微方，線代，\n信號，機率），不過教授想培養的是如何解這些問題的方法，所以難度\n應該比上面的課相對容易一些。基礎應該就是工數（ODE ，eigenvalue，\nFourier），不過教授會全部帶你練習，即使不熟練應該也可以聽懂。完\n全不注重出席率，不過有些東西可以現場問老師還是好一點。加簽方式\n不太清楚，不過應該是全簽。\nΨ 總結\n這門課涵蓋了電機系大學部的工數部分，如果研究所在準備考試有用到\n應該多少可以當成複習。只要好好寫作業，教授一般不會刁難同學，作\n業考試和上課內容是十分吻合，如果有缺甜選修可以參考看看。另外我\n把這學期我自己寫的作業還有程式作業放在github\nhttps://github.com/alfa871212/Engineering_mathematic\n可能有誤，請斟酌使用。\n\n--\n\n原文網址: https://www.ptt.cc/bbs/NTUcourse/M.1625332627.A.B6D.html"", ""[PTT | 108-2]: 轉載自 PTT 作者 ID: CupidError (消失)\n哪一學年度修課：108-2\n\nψ 授課教師 (若為多人合授請寫開課教師，以方便收錄)\n丁建均教授\n\nλ 開課系所與授課對象 (是否為必修或通識課 / 內容是否與某些背景相關)\n電機所、電信所選修\n\nδ 課程大概內容\n分成四個大主題：微分方程、傅立葉分析、線性代數、機率與統計，以下章節順序是老師自己編排的。\n\n一、微分方程\nChapter 1 Numerical Methods and Nonlinear Differential Equations\nChapter 2 Partial Differential Equations\nChapter 3 Function Approximation\n(用 Orthogonal Basis 來近似函數在某一區間上的行為、Gram-Schmidt process、Legendre Polynomial)\n\n二、傅立葉分析\nChapter 4 Fourier Analysis\nChapter 5 Sampling and Discrete Fourier Transform\n\n三、線性代數\nChapter 6 Advanced Linear Algebra\n(Kroneker Product、Jordan Canonical Form、矩陣版本的 Exponential, sine, cosine 函數、Markov Model)\nChapter 7 Discrete Basis Approximation\n(Chapter 3的離散版本、矩陣的 Pseudo Inverse)\nChapter 8 Component Analysis\n(奇異值分解(SVD)、主成份分析(PCA))\n\n四、機率與統計\nChapter 9 Advanced Probability\n(Moment, Correlation, Entropy, KL Divergence, 獨立成份分析(ICA))\n\nΩ 私心推薦指數(以五分計) ★★★★★\n輕鬆舒服的數學課 ★★★★★\n\nη 上課用書(影印講義或是指定教科書)\n主要是老師自編的投影片，非常詳細。參考用書有以下：（我是完全沒用到）\n\n[1] D. G. Zill and Michael R. Cullen, Differential Equations-with\nBoundary-Value Problem (metric version), 9th edition, Cengage Learning, 2017.\n[2] D. G. Zill, W. S. Wright, and J. J. Ding, Engineering Mathematics, Metric\nEdition, Cengage Learning, Taipei, Taiwan, 2019.\n[3] R. N. Bracewell, The Fourier Transform and Its Applications, 3rd ed.,\nMcGraw Hill, Boston, 2000.\n[4] L. E. Spence, A. J. Insel, and S. H. Friedberg, Elementary Linear Algebra\n- A Matrix Approach, 3rd ed., 2014.\n[5] R. D. Yates and D. J. Goodman, Probability and Stochastic Processes, 3rd\nEdition, John Wiley and Sons, 2015.\n[6] A. Papoulis and S.U. Pillai, Probability, Random Variables, and\nStochastic Processes, 4th edition, Mcgraw-Hill, 2002.\n\nμ 上課方式(投影片、團體討論、老師教學風格)\n投影片上課。因為疫情關係老師會錄影傳到 NTU Cool 上，所以可以依自己喜歡多複習幾次。\n不過因為老師是第一次開這門課，所以投影片都是新寫的，上面打錯滿多東西，老師下課後會上傳筆跡檔，上面會有各種修改痕跡。所以推薦上課前印投影片然後直接手改（也可以下載之後用電腦改，但很花時間）。千萬不要考前一天才把投影片全印下來，難保期末考的時候抄到有 typo 的公式。不過下次開課可能就會改善許多。\n\nσ 評分方式(給分甜嗎？是紮實分？)\n作業 13% ×5\n期末考 35%\n\n甜到不行。還沒公佈分布，猜測會有一堆A+。\n\nρ 考題型式、作業方式\n作業和考試都和課堂投影片的範例類似，期末考 Open Book，基本上不會刁難同學。計算題老師會事先算過，盡量避免那種數字醜積分要積一小時的題目。每次作業會有一題程式題，把教過的演算法用 Matlab 或 Python 實作一遍，不難，半小時內都可以寫完。\n\nω 其它(是否注重出席率？如果為外系選修，需先有什麼基礎較好嗎？老師個性？\n加簽習慣？嚴禁遲到等…)\n用到很多積分。其他像微分方程、線性代數、機率統計最前面老師都會簡單複習一次，零基礎也可以來。\n老師人很好，下課可以問他問題，他通常會整節下課都在回答同學的問題。這整個學期多達 700 頁的投影片都是他自己做的，真是非常敬佩老師。\n\nΨ 總結\n一門輕鬆舒服的數學課。老師主要是要補充電機系大學部工程數學沒教到但他覺得比較常用的部分，要是上到一半突然教到你研究需要的數學工具那當然更好。我正好複習到了早就忘光的 Sampling Theorem ，滿好的。可以當作補充一些常識，也不錯。\n\n--\n\n原文網址: https://www.ptt.cc/bbs/NTUcourse/M.1596951035.A.7AF.html""]","[{""User_ID"": ""PTT"", ""Semester"": ""109-2"", ""Rating_Quality"": null, ""Rating_Sweet"": null, ""Rating_Easy"": null, ""Rating_Rich"": null, ""Comment"": ""轉載自 PTT 作者 ID: alfa871212 (阿呆)\n哪一學年度修課：\n109-2\nψ 授課教師 (若為多人合授請寫開課教師，以方便收錄)\n丁建均\nλ 開課系所與授課對象 (是否為必修或通識課 / 內容是否與某些背景相關)\n電機所電信所選修（可當電機系系定選修）\nδ 課程大概內容\n節錄自http://djj.ee.ntu.edu.tw/EM.htm\n(A) Differential Equation\n\n(1) Numerical method and nonlinear DE\n\n(2) Partial Differential Equations\n\n(3) Function Approximation\n\n(B) Fourier Analysis\n\n(1) Fourier Analysis\n\n(2) 2D FT and Discrete FT\n\n(C) Linear Algebra\n\n(1) Advanced Linear Algebra\n\n(2) Generalized Norm and Optimization\n\n(3) Discrete Function Approximate\n\n(4) SVD and Principal Component Analysis (PCA)\n\n(D) Probability and Statistics\n\n(1) Probability Model, Entropy, and KL Divergence\n\n(2) Random Process, Independent Component Analysis\n\n\nΩ 私心推薦指數(以五分計) ★★★★★\n想複習一下工數 ★★★★★\n\n甜、涼 ★★★★★\n\n不喜歡證明 ★★★★★\n\n\nη 上課用書(影印講義或是指定教科書)\n教授投影片，其他參考用書在課程網站都有，主要是電機系各門數學課課本\n\nμ 上課方式(投影片、團體討論、老師教學風格)\n投影片為主，教授會用手寫筆在上面講解，課後會上傳筆跡檔在網站\n（貼心），本學期上課都有上傳錄影到NTU COOL上，所以沒有受疫情\n影響。教學風格是一貫的Djj Style，就是把講義一步步講解，不會亂\n跳或是突然進度很趕，算是很好適應的風格。\nσ 評分方式(給分甜嗎？是紮實分？)\n紮實甜\n\n每三週出一次作業，共五次\n（含4~6大題手寫＋程式作業 w python or Matlab）各13%\n\n期末考因疫情open everything，原訂open book\n（考試時間13:30~21:00超級充足）35%\n\n\nρ 考題型式、作業方式\n作業跟考試十分接近，大部分都是講義例題稍微改動，照著步驟做應該\n不會到太難，而且三週時間很充裕。程式作業都是用python或是matlab\n實作解題（用電腦幫你算你原本手算的東西），沒有基礎也沒問題，稍\n微查一些用法應該30行內搞定\nω 其它(是否注重出席率？如果為外系選修，需先有什麼基礎較好嗎？老師個性？\n加簽習慣？嚴禁遲到等…)\n從Syllabus可以知道這門課幾乎就是電機系數學課的延伸（微方，線代，\n信號，機率），不過教授想培養的是如何解這些問題的方法，所以難度\n應該比上面的課相對容易一些。基礎應該就是工數（ODE ，eigenvalue，\nFourier），不過教授會全部帶你練習，即使不熟練應該也可以聽懂。完\n全不注重出席率，不過有些東西可以現場問老師還是好一點。加簽方式\n不太清楚，不過應該是全簽。\nΨ 總結\n這門課涵蓋了電機系大學部的工數部分，如果研究所在準備考試有用到\n應該多少可以當成複習。只要好好寫作業，教授一般不會刁難同學，作\n業考試和上課內容是十分吻合，如果有缺甜選修可以參考看看。另外我\n把這學期我自己寫的作業還有程式作業放在github\nhttps://github.com/alfa871212/Engineering_mathematic\n可能有誤，請斟酌使用。\n\n--\n\n原文網址: https://www.ptt.cc/bbs/NTUcourse/M.1625332627.A.B6D.html""}, {""User_ID"": ""PTT"", ""Semester"": ""108-2"", ""Rating_Quality"": null, ""Rating_Sweet"": null, ""Rating_Easy"": null, ""Rating_Rich"": null, ""Comment"": ""轉載自 PTT 作者 ID: CupidError (消失)\n哪一學年度修課：108-2\n\nψ 授課教師 (若為多人合授請寫開課教師，以方便收錄)\n丁建均教授\n\nλ 開課系所與授課對象 (是否為必修或通識課 / 內容是否與某些背景相關)\n電機所、電信所選修\n\nδ 課程大概內容\n分成四個大主題：微分方程、傅立葉分析、線性代數、機率與統計，以下章節順序是老師自己編排的。\n\n一、微分方程\nChapter 1 Numerical Methods and Nonlinear Differential Equations\nChapter 2 Partial Differential Equations\nChapter 3 Function Approximation\n(用 Orthogonal Basis 來近似函數在某一區間上的行為、Gram-Schmidt process、Legendre Polynomial)\n\n二、傅立葉分析\nChapter 4 Fourier Analysis\nChapter 5 Sampling and Discrete Fourier Transform\n\n三、線性代數\nChapter 6 Advanced Linear Algebra\n(Kroneker Product、Jordan Canonical Form、矩陣版本的 Exponential, sine, cosine 函數、Markov Model)\nChapter 7 Discrete Basis Approximation\n(Chapter 3的離散版本、矩陣的 Pseudo Inverse)\nChapter 8 Component Analysis\n(奇異值分解(SVD)、主成份分析(PCA))\n\n四、機率與統計\nChapter 9 Advanced Probability\n(Moment, Correlation, Entropy, KL Divergence, 獨立成份分析(ICA))\n\nΩ 私心推薦指數(以五分計) ★★★★★\n輕鬆舒服的數學課 ★★★★★\n\nη 上課用書(影印講義或是指定教科書)\n主要是老師自編的投影片，非常詳細。參考用書有以下：（我是完全沒用到）\n\n[1] D. G. Zill and Michael R. Cullen, Differential Equations-with\nBoundary-Value Problem (metric version), 9th edition, Cengage Learning, 2017.\n[2] D. G. Zill, W. S. Wright, and J. J. Ding, Engineering Mathematics, Metric\nEdition, Cengage Learning, Taipei, Taiwan, 2019.\n[3] R. N. Bracewell, The Fourier Transform and Its Applications, 3rd ed.,\nMcGraw Hill, Boston, 2000.\n[4] L. E. Spence, A. J. Insel, and S. H. Friedberg, Elementary Linear Algebra\n- A Matrix Approach, 3rd ed., 2014.\n[5] R. D. Yates and D. J. Goodman, Probability and Stochastic Processes, 3rd\nEdition, John Wiley and Sons, 2015.\n[6] A. Papoulis and S.U. Pillai, Probability, Random Variables, and\nStochastic Processes, 4th edition, Mcgraw-Hill, 2002.\n\nμ 上課方式(投影片、團體討論、老師教學風格)\n投影片上課。因為疫情關係老師會錄影傳到 NTU Cool 上，所以可以依自己喜歡多複習幾次。\n不過因為老師是第一次開這門課，所以投影片都是新寫的，上面打錯滿多東西，老師下課後會上傳筆跡檔，上面會有各種修改痕跡。所以推薦上課前印投影片然後直接手改（也可以下載之後用電腦改，但很花時間）。千萬不要考前一天才把投影片全印下來，難保期末考的時候抄到有 typo 的公式。不過下次開課可能就會改善許多。\n\nσ 評分方式(給分甜嗎？是紮實分？)\n作業 13% ×5\n期末考 35%\n\n甜到不行。還沒公佈分布，猜測會有一堆A+。\n\nρ 考題型式、作業方式\n作業和考試都和課堂投影片的範例類似，期末考 Open Book，基本上不會刁難同學。計算題老師會事先算過，盡量避免那種數字醜積分要積一小時的題目。每次作業會有一題程式題，把教過的演算法用 Matlab 或 Python 實作一遍，不難，半小時內都可以寫完。\n\nω 其它(是否注重出席率？如果為外系選修，需先有什麼基礎較好嗎？老師個性？\n加簽習慣？嚴禁遲到等…)\n用到很多積分。其他像微分方程、線性代數、機率統計最前面老師都會簡單複習一次，零基礎也可以來。\n老師人很好，下課可以問他問題，他通常會整節下課都在回答同學的問題。這整個學期多達 700 頁的投影片都是他自己做的，真是非常敬佩老師。\n\nΨ 總結\n一門輕鬆舒服的數學課。老師主要是要補充電機系大學部工程數學沒教到但他覺得比較常用的部分，要是上到一半突然教到你研究需要的數學工具那當然更好。我正好複習到了早就忘光的 Sampling Theorem ，滿好的。可以當作補充一些常識，也不錯。\n\n--\n\n原文網址: https://www.ptt.cc/bbs/NTUcourse/M.1596951035.A.7AF.html""}]"
太赫茲積體電路與系統,李俊興,電機工程學研究所、電信工程學研究所、電子工程學研究所、生醫電子與資訊學研究所、積體電路設計與自動化碩士學位學程、積體電路設計與自動化博士學位學程,3,114-2,22734,CommE5062,,,,,"[""無評價""]",[]
積體電路測試,李建模,電機工程學研究所、電子工程學研究所、積體電路設計與自動化碩士學位學程、積體電路設計與自動化博士學位學程,3,114-2,54126,EEE5001,,,,,"[""無評價""]",[]
系統晶片驗證,黃鐘揚,電機工程學研究所、電子工程學研究所、積體電路設計與自動化碩士學位學程、積體電路設計與自動化博士學位學程,3,114-2,12612,EEE5023,,,,,"[""無評價""]",[]
奈米積體電路實體設計,張耀文,電機工程學研究所、電子工程學研究所、積體電路設計與自動化碩士學位學程、積體電路設計與自動化博士學位學程,3,114-2,43294,EEE5026,,,,,"[""無評價""]",[]
電腦視覺,簡韶逸,電機工程學研究所、電子工程學研究所、生醫電子與資訊學研究所、積體電路設計與自動化碩士學位學程、積體電路設計與自動化博士學位學程,3,114-2,45935,EEE5053,,,,,"[""無評價""]",[]
半導體電子產品工程,潘正聖,電機工程學研究所、電子工程學研究所,3,114-2,58764,EEE5054,4.0,3.0,5.0,4.0,"[""[User23377 | 113-2]: Everything Semiconductor product related. The course starts with simple passive and active parts, and continues through more complex structures and every stage of the product design.\n\nThe Slides are in English but the Professor talks in Chinese!\nHowever he can speak very good English and can answer every question.\nMostly Monologe of and Explaining the Slides.\nmostly based on the Book: DIGITAL INTEGRATED CIRCUITS\nA DESIGN PERSPECTIVE 2nd EDITION by Jan M. Rabaey\nMidterms: Oral exam about the Topics up until this point.\nFinal: Report and Presentation about a Semiconductor related topic. (you choose yourself)\nMidterm ~40%\nFinal ~60%\nFor everyone who whats to work in the Semiconductor product industry, this course is very nice to refresh some things but also learn some new stuff. It's not a problem when you don't understand the professor, you can always ask questions or read the Book.""]","[{""User_ID"": ""User23377"", ""Semester"": ""113-2"", ""Rating_Quality"": null, ""Rating_Sweet"": null, ""Rating_Easy"": null, ""Rating_Rich"": null, ""Comment"": ""Everything Semiconductor product related. The course starts with simple passive and active parts, and continues through more complex structures and every stage of the product design.\n\nThe Slides are in English but the Professor talks in Chinese!\nHowever he can speak very good English and can answer every question.\nMostly Monologe of and Explaining the Slides.\nmostly based on the Book: DIGITAL INTEGRATED CIRCUITS\nA DESIGN PERSPECTIVE 2nd EDITION by Jan M. Rabaey\nMidterms: Oral exam about the Topics up until this point.\nFinal: Report and Presentation about a Semiconductor related topic. (you choose yourself)\nMidterm ~40%\nFinal ~60%\nFor everyone who whats to work in the Semiconductor product industry, this course is very nice to refresh some things but also learn some new stuff. It's not a problem when you don't understand the professor, you can always ask questions or read the Book.""}]"
薄膜可撓性電子,張子璿,電機工程學研究所、電子工程學研究所、元件材料與異質整合碩士學位學程、元件材料與異質整合博士學位學程,3,114-2,16261,EEE5055,3.5,5.0,5.0,4.0,"[""[User50952 | 111-1]: 半導體物理、介紹能階能帶運算、要稍微懂得Matlab\nppt\n作業、期中開書考、期末口頭和紙本報告\n只要撐過去就是你的！""]","[{""User_ID"": ""User50952"", ""Semester"": ""111-1"", ""Rating_Quality"": null, ""Rating_Sweet"": null, ""Rating_Easy"": null, ""Rating_Rich"": null, ""Comment"": ""半導體物理、介紹能階能帶運算、要稍微懂得Matlab\nppt\n作業、期中開書考、期末口頭和紙本報告\n只要撐過去就是你的！""}]"
特用化半導體元件技術,魏拯華,電機工程學研究所、電子工程學研究所,3,114-2,41481,EEE5056,5.0,5.0,5.0,4.0,"[""[電子所帥哥 | 111-1]: 期中考前為磁性材料，期末考後為碳化矽相關知識\n實體授課，會將上課螢幕錄影檔上傳至NTU COOL\n自編PPT\n期中考的時候會有一個關於MRAM的作業，期末考當天交即可，\n期中考考MARM，期末考考SiC相關內容\n期中考及期末考皆Open Book 都可以找到答案!\n期中考50% 期末考40% 作業10%\n\n不調分\n超級值得修的一門課! 老師人超好也超專業""]","[{""User_ID"": ""電子所帥哥"", ""Semester"": ""111-1"", ""Rating_Quality"": null, ""Rating_Sweet"": null, ""Rating_Easy"": null, ""Rating_Rich"": null, ""Comment"": ""期中考前為磁性材料，期末考後為碳化矽相關知識\n實體授課，會將上課螢幕錄影檔上傳至NTU COOL\n自編PPT\n期中考的時候會有一個關於MRAM的作業，期末考當天交即可，\n期中考考MARM，期末考考SiC相關內容\n期中考及期末考皆Open Book 都可以找到答案!\n期中考50% 期末考40% 作業10%\n\n不調分\n超級值得修的一門課! 老師人超好也超專業""}]"
生醫微機電與微流道系統,黃念祖,電機工程學研究所、生醫電子與資訊學研究所,3,114-2,13707,BEBI5005,,,,,"[""無評價""]",[]
技術創新與科技創業,林宗男,電機工程學研究所、電信工程學研究所,3,114-2,47973,BEBI5010,,,,,"[""無評價""]",[]
技術創新與科技創業,李光斌,工業工程學研究所、電機工程學研究所、生醫電子與資訊學研究所,3,114-2,20147,BEBI5010,,,,,"[""無評價""]",[]
超解析顯微技術,楊東霖,電機工程學研究所、生醫電子與資訊學研究所,3,114-2,25796,BEBI5014,,,,,"[""無評價""]",[]
醫用超音波專題,劉浩澧,電機工程學研究所、電機工程學研究所、電機工程學研究所、電機工程學研究所、生醫電子與資訊學研究所,3,114-2,59371,EE7015,,,,,"[""無評價""]",[]
專題研究,劉邦鋒,資訊工程學研究所、資訊網路與多媒體研究所、智慧聯網國際研究生博士學位學程,1,114-2,37392,CSIE3512,,,,,"[""無評價""]",[]
專題研究,趙坤茂,資訊工程學研究所、資訊網路與多媒體研究所、生醫電子與資訊學研究所,1,114-2,21716,CSIE3512,,,,,"[""無評價""]",[]
專題研究,薛智文,資訊工程學研究所、資訊網路與多媒體研究所,1,114-2,43238,CSIE3512,,,,,"[""無評價""]",[]
專題研究,陳炳宇,資訊工程學研究所、資訊網路與多媒體研究所,1,114-2,55440,CSIE8990,,,,,"[""無評價""]",[]
專題研究,李彥寰,資訊工程學研究所、資訊網路與多媒體研究所、資料科學碩士學位學程,1,114-2,38782,CSIE3512,,,,,"[""無評價""]",[]
專題研究,鄭龍磻,資訊工程學研究所、資訊網路與多媒體研究所,1,114-2,14601,CSIE3512,,,,,"[""無評價""]",[]
專題討論,張瑞峰,資訊工程學研究所,1,114-2,32785,CSIE8000,,,,,"[""無評價""]",[]
演算法的數學解析,陳文進,資訊工程學系、資訊工程學研究所,3,114-2,37150,CSIE7008,,,,,"[""[PTT | 104-2]: 轉載自 PTT 作者 ID: kevin1ptt (蟻姨椅yee)\n哪一學年度修課：104-2\n\nψ 授課教師 (若為多人合授請寫開課教師，以方便收錄)\n\n陳文進\n\nλ 開課系所與授課對象 (是否為必修或通識課 / 內容是否與某些背景相關)\n\n資工系 選修\n\nδ 課程大概內容\n\n1. Recurrences\n2. Sums\n3. Integer Functions\n4. Elementary Number Theory\n5. Binomial Coefficients, Hypergeometric Functions\n6. Special Numbers\n7. Generating Functions\n8. Discrete Probability\n9. Asymptotics\n10. Mathematical Analysis of Fundamental Algorithms\n\nΩ 私心推薦指數(以五分計) ★★★★★\n\n熱愛數學 ∩ 每週都有一定的時間寫作業 ★★★★★\n\n不愛數學 ∪ 時間不多 ∪ 不喜歡很多作業 ★\nη 上課用書(影印講義或是指定教科書)\n\nGraham, Knuth, and Patashnik:\nConcrete Mathematics: A Foundation for Computer Science,\n2nd Ed., Addison-Wesley, 1994\n\n這算是一本離散數學+演算法的小聖經吧，作者之一Knuth也是個大神！\n也因為這本課本的名字，這門課或這本書通常都被稱為水泥數學XD\n\nμ 上課方式(投影片、團體討論、老師教學風格)\n\n老師基本上都是板書，除了有一兩次因為公式實在太長所以用投影片播放。\n（老師還有真正的「投影片」，塑膠透明的那種！）\n\n基本上上課就是很穩重平凡的那種氣氛，有時候會有點乾，\n不過後來老師可能有感覺到，於是偶爾會閒聊一些休閒的課外話題XD\n像是有提過幾個數學天才的奇聞軼事，或是一些邏輯小故事，\n還有一次講到很多科系的英文名字都有Science，\n那Computer Science到底算不算是Science等等的 XD\n\nσ 評分方式(給分甜嗎？是紮實分？)\n\n老師說以前是每週作業 + 期中期末，不過後來好像考試太慘烈，\n於是就改成只有每週作業，分數也都來自作業（不點名）。\n我作業大概都拿八九成的分數，最後拿了A，算扎實微甜吧。\n\nρ 考題型式、作業方式\n\n每週的作業大概是4~6題，前幾題幾乎都是課本習題（數學題），\n偶爾會有老師自己出的題目（也是數學題）。\n課本很貼心地在最後的附錄附上每一題的提示或答案，\n如果想不到可以參考一下，不過老實說很多題目是看了也沒有幫助的...\n\n最後一題都是老師自己出的演算法分析問題，\n通常都會是分成幾個小題循序漸進，也會有提示，\n乖乖照做加上一些課本技巧通常都還行。\n\n每週大概就花個固定的幾小時寫作業吧，畢竟分數都來自這裡呀.....\n寫不出來真的很崩潰Q_____Q\n\n然後如前述，這次開課沒有考試。\n\nω 其它(是否注重出席率？如果為外系選修，需先有什麼基礎較好嗎？老師個性？\n加簽習慣？嚴禁遲到等…)\n\n老師不注重出席，不過如果人很少通常會等一下，\n人多一點之後再開始上課，蠻貼心的。\n\n外系的話最好有一些離散數學的基礎，不過課本其實內容很完善，\n我想沒有基礎應該也是可以通通搞懂的。\n\n開學那時候因為人蠻少的所以全簽，不過後來老師說沒有預期這麼多人，\n好像比較希望小班教學。\n\nΨ 總結\n\n有一點沒提到的事，就是這門課沒有助教，\n所以沒有人可以問問題，也因此作業是輪流互相批改。\n每個禮拜都選兩個人出來幫其他人改作業，不過其實也還好，\n就只是某個禮拜除了寫作業還要改之前的作業有點煩就是了QQ\n\n假設只管上課的話其實挺不錯的，我覺得老師的進度蠻剛好，\n整學期下來大致上是把整本課本重要的地方都講過了，\n也有另外補充一些有趣的東西。\n\n不過負擔真的是算重的（很多數學課可能都是這樣），\n除了每個禮拜的作業之外，我是都還會儘量把課本追到進度，\n所以算是整學期都在跟老師賽跑......\n但相對的我覺得收穫蠻多的，學到很多好用的技巧，\n也欣賞到很多純數學與數論的美妙之處。\n\n不怕課本的厚度(690頁)與作業量的話，就來挑戰看看吧！\n\n高德納(Knuth)：「我把所有水泥都放在那裡了，想要的話，\n就來修水泥數學吧！」\n\n--\n\n原文網址: https://www.ptt.cc/bbs/NTUcourse/M.1469548818.A.D94.html""]","[{""User_ID"": ""PTT"", ""Semester"": ""104-2"", ""Rating_Quality"": null, ""Rating_Sweet"": null, ""Rating_Easy"": null, ""Rating_Rich"": null, ""Comment"": ""轉載自 PTT 作者 ID: kevin1ptt (蟻姨椅yee)\n哪一學年度修課：104-2\n\nψ 授課教師 (若為多人合授請寫開課教師，以方便收錄)\n\n陳文進\n\nλ 開課系所與授課對象 (是否為必修或通識課 / 內容是否與某些背景相關)\n\n資工系 選修\n\nδ 課程大概內容\n\n1. Recurrences\n2. Sums\n3. Integer Functions\n4. Elementary Number Theory\n5. Binomial Coefficients, Hypergeometric Functions\n6. Special Numbers\n7. Generating Functions\n8. Discrete Probability\n9. Asymptotics\n10. Mathematical Analysis of Fundamental Algorithms\n\nΩ 私心推薦指數(以五分計) ★★★★★\n\n熱愛數學 ∩ 每週都有一定的時間寫作業 ★★★★★\n\n不愛數學 ∪ 時間不多 ∪ 不喜歡很多作業 ★\nη 上課用書(影印講義或是指定教科書)\n\nGraham, Knuth, and Patashnik:\nConcrete Mathematics: A Foundation for Computer Science,\n2nd Ed., Addison-Wesley, 1994\n\n這算是一本離散數學+演算法的小聖經吧，作者之一Knuth也是個大神！\n也因為這本課本的名字，這門課或這本書通常都被稱為水泥數學XD\n\nμ 上課方式(投影片、團體討論、老師教學風格)\n\n老師基本上都是板書，除了有一兩次因為公式實在太長所以用投影片播放。\n（老師還有真正的「投影片」，塑膠透明的那種！）\n\n基本上上課就是很穩重平凡的那種氣氛，有時候會有點乾，\n不過後來老師可能有感覺到，於是偶爾會閒聊一些休閒的課外話題XD\n像是有提過幾個數學天才的奇聞軼事，或是一些邏輯小故事，\n還有一次講到很多科系的英文名字都有Science，\n那Computer Science到底算不算是Science等等的 XD\n\nσ 評分方式(給分甜嗎？是紮實分？)\n\n老師說以前是每週作業 + 期中期末，不過後來好像考試太慘烈，\n於是就改成只有每週作業，分數也都來自作業（不點名）。\n我作業大概都拿八九成的分數，最後拿了A，算扎實微甜吧。\n\nρ 考題型式、作業方式\n\n每週的作業大概是4~6題，前幾題幾乎都是課本習題（數學題），\n偶爾會有老師自己出的題目（也是數學題）。\n課本很貼心地在最後的附錄附上每一題的提示或答案，\n如果想不到可以參考一下，不過老實說很多題目是看了也沒有幫助的...\n\n最後一題都是老師自己出的演算法分析問題，\n通常都會是分成幾個小題循序漸進，也會有提示，\n乖乖照做加上一些課本技巧通常都還行。\n\n每週大概就花個固定的幾小時寫作業吧，畢竟分數都來自這裡呀.....\n寫不出來真的很崩潰Q_____Q\n\n然後如前述，這次開課沒有考試。\n\nω 其它(是否注重出席率？如果為外系選修，需先有什麼基礎較好嗎？老師個性？\n加簽習慣？嚴禁遲到等…)\n\n老師不注重出席，不過如果人很少通常會等一下，\n人多一點之後再開始上課，蠻貼心的。\n\n外系的話最好有一些離散數學的基礎，不過課本其實內容很完善，\n我想沒有基礎應該也是可以通通搞懂的。\n\n開學那時候因為人蠻少的所以全簽，不過後來老師說沒有預期這麼多人，\n好像比較希望小班教學。\n\nΨ 總結\n\n有一點沒提到的事，就是這門課沒有助教，\n所以沒有人可以問問題，也因此作業是輪流互相批改。\n每個禮拜都選兩個人出來幫其他人改作業，不過其實也還好，\n就只是某個禮拜除了寫作業還要改之前的作業有點煩就是了QQ\n\n假設只管上課的話其實挺不錯的，我覺得老師的進度蠻剛好，\n整學期下來大致上是把整本課本重要的地方都講過了，\n也有另外補充一些有趣的東西。\n\n不過負擔真的是算重的（很多數學課可能都是這樣），\n除了每個禮拜的作業之外，我是都還會儘量把課本追到進度，\n所以算是整學期都在跟老師賽跑......\n但相對的我覺得收穫蠻多的，學到很多好用的技巧，\n也欣賞到很多純數學與數論的美妙之處。\n\n不怕課本的厚度(690頁)與作業量的話，就來挑戰看看吧！\n\n高德納(Knuth)：「我把所有水泥都放在那裡了，想要的話，\n就來修水泥數學吧！」\n\n--\n\n原文網址: https://www.ptt.cc/bbs/NTUcourse/M.1469548818.A.D94.html""}]"
腦理論,劉長遠,資訊工程學系、資訊工程學研究所,3,114-2,57937,CSIE7434,,,,,"[""無評價""]",[]
軟體工程,李允中,資訊工程學系、資訊工程學研究所、資訊網路與多媒體研究所,3,114-2,41735,CSIE5040,,,,,"[""無評價""]",[]
自然語言處理,陳信希,資訊工程學系、資訊工程學研究所、資訊網路與多媒體研究所,3,114-2,10508,CSIE5042,5.0,3.0,5.0,2.0,"[""[User69752 | 113-2]: The midterm and final are in an interesting format that helped ensure I learned important topics taught in the lecture. Also I really appreciated the freedom in the final project and paper survey.\nI really enjoyed my time in this course. The class is conducted entirely in Mandarin, and was updated to include a lot of very relevant information with recent advancements in LLMs. I am very glad that I took this course.""]","[{""User_ID"": ""User69752"", ""Semester"": ""113-2"", ""Rating_Quality"": null, ""Rating_Sweet"": null, ""Rating_Easy"": null, ""Rating_Rich"": null, ""Comment"": ""The midterm and final are in an interesting format that helped ensure I learned important topics taught in the lecture. Also I really appreciated the freedom in the final project and paper survey.\nI really enjoyed my time in this course. The class is conducted entirely in Mandarin, and was updated to include a lot of very relevant information with recent advancements in LLMs. I am very glad that I took this course.""}]"
軟體工程設計,李允中,資訊工程學系、資訊工程學研究所、資訊網路與多媒體研究所,3,114-2,42529,CSIE5734,5.0,3.0,3.0,5.0,"[""[User50377 | 113-2]: 相較於我在大學修過的偏重理論的資工課，這堂課強調實作，讓我能真正理解設計模式的應用。雖然一開始完全不熟 Spring，專案初期也看不太懂程式碼，但隨著學期進行、設計模式越學越熟，慢慢就能理解整個 Spring Framework 的運作方式。每週作業雖然讓課業負擔變重了一點，但真的幫助我掌握了課堂內容。"", ""[PTT | 106-1]: 轉載自 PTT 作者 ID: dav1a1223 (Lai_can)\n哪一學年度修課：\nψ 授課教師 (若為多人合授請寫開課教師，以方便收錄)\n李允中\nλ 開課系所與授課對象 (是否為必修或通識課 / 內容是否與某些背景相關)\n資工所選修\nδ 課程大概內容\nΩ 私心推薦指數(以五分計) ★★★★★\n4.5顆星\nη 上課用書(影印講義或是指定教科書)\n投影片為主\nμ 上課方式(投影片、團體討論、老師教學風格)\n從軟體開發的概念、專案管理開始介紹，開始進到這堂課的精髓：物件導向程式設計和De\nsign pattern，每次上課都有很多事情要做，每次要做的也不太一樣，主要分成幾類：\n1. 上課\n2. 各組報告程式作業的design\n3. 各組報告open source讀code進度\n4. 現場小組做設計、寫code\n會說不太一樣是因為通常會根據狀況和進度調整，有時候open source報很久，有時候寫c\node寫比較久，也有時候兩個design pattern在十分鐘就講完\n\n\n是很注重小組團隊合作的課，因為整個學期下來每個禮拜都要約討論作業design和projec\nt，老師也鼓勵不同科系背景組隊，想法比較多元\n\n\n教學風格上老師有時候蠻好笑的，都會和學生互動，上課氣氛大致不錯，但是也有時候對\n於自己堅持的點很莫名，這學期有個同學比較低調但是很認真，學期末報告是老師就咬住\n他對這位同學沒印象，一直懷疑他是不是都沒來上課很混\n\nσ 評分方式(給分甜嗎？是紮實分？)\n據老師的說法是只要該做的都有做不用擔心成績的問題\nρ 考題型式、作業方式\n作業從學期1/3後周周都有\n都是給1-2篇文字需求，然後各組做架構設計並且寫code每週至少花2-3小時要和小組聚會\n討論做作業（不太可能線上）\n\n學期project是小組閱讀一個open source\n每個人至少要讀10000行，並且每兩三週就要上台報進度給老師聽（class diagram），通\n常老師會問很多問題，一定得準備齊全，最後就是要大報告，找出open source裡面用到\n的design pattern和畫出系統架構\n\n有期中期末考，也是給一個文字需求小組做設計，今年期中考是個人寫扣，期末是小組寫\n扣，通常會考很久...期中考了五個小時，期末考了八個小時.....下午一點進教室晚上九\n點半出來，還要自己帶晚餐進去\nω 其它(是否注重出席率？如果為外系選修，需先有什麼基礎較好嗎？老師個性？\n加簽習慣？嚴禁遲到等…)\n不點名但是一定要讓老師有印象\n建議要稍微會Java或是其他OO的語言基礎（但是課堂是規定一定要用Java）\n\n第一堂課老師會極力勸退不是真心想修的同學，會說內容很重啊什麼的，的確不是算輕鬆\n的課，每週都要花時間討論作業和看open source\n\n今年選修的重要有資工所 資管所 電機系還有十個左右臺大醫院資訊室的人\n人數會控制在40人左右，因為這樣的教學方式不可能太多人\nΨ 總結\n想要學好軟體設計一定要懂些design pattern，而老師算是台灣軟工界很知名的學者，和\n老師討論都能對這些pattern有更深入的認識\n會扣0.5顆星是因為老師有時候很主觀（指上面提到咬住同學沒來這件事）有時候時間倉\n促就會快速帶過上課的pattern介紹，還是只能自己看再去跟老師或同學討論\n但是整體來說學到軟體設計和用一學期讀一個open source都學習到很多\n\n不過據說接下來一年半老師不會開課\n\n--\n\n原文網址: https://www.ptt.cc/bbs/NTUcourse/M.1515904218.A.E15.html""]","[{""User_ID"": ""User50377"", ""Semester"": ""113-2"", ""Rating_Quality"": null, ""Rating_Sweet"": null, ""Rating_Easy"": null, ""Rating_Rich"": null, ""Comment"": ""相較於我在大學修過的偏重理論的資工課，這堂課強調實作，讓我能真正理解設計模式的應用。雖然一開始完全不熟 Spring，專案初期也看不太懂程式碼，但隨著學期進行、設計模式越學越熟，慢慢就能理解整個 Spring Framework 的運作方式。每週作業雖然讓課業負擔變重了一點，但真的幫助我掌握了課堂內容。""}, {""User_ID"": ""PTT"", ""Semester"": ""106-1"", ""Rating_Quality"": null, ""Rating_Sweet"": null, ""Rating_Easy"": null, ""Rating_Rich"": null, ""Comment"": ""轉載自 PTT 作者 ID: dav1a1223 (Lai_can)\n哪一學年度修課：\nψ 授課教師 (若為多人合授請寫開課教師，以方便收錄)\n李允中\nλ 開課系所與授課對象 (是否為必修或通識課 / 內容是否與某些背景相關)\n資工所選修\nδ 課程大概內容\nΩ 私心推薦指數(以五分計) ★★★★★\n4.5顆星\nη 上課用書(影印講義或是指定教科書)\n投影片為主\nμ 上課方式(投影片、團體討論、老師教學風格)\n從軟體開發的概念、專案管理開始介紹，開始進到這堂課的精髓：物件導向程式設計和De\nsign pattern，每次上課都有很多事情要做，每次要做的也不太一樣，主要分成幾類：\n1. 上課\n2. 各組報告程式作業的design\n3. 各組報告open source讀code進度\n4. 現場小組做設計、寫code\n會說不太一樣是因為通常會根據狀況和進度調整，有時候open source報很久，有時候寫c\node寫比較久，也有時候兩個design pattern在十分鐘就講完\n\n\n是很注重小組團隊合作的課，因為整個學期下來每個禮拜都要約討論作業design和projec\nt，老師也鼓勵不同科系背景組隊，想法比較多元\n\n\n教學風格上老師有時候蠻好笑的，都會和學生互動，上課氣氛大致不錯，但是也有時候對\n於自己堅持的點很莫名，這學期有個同學比較低調但是很認真，學期末報告是老師就咬住\n他對這位同學沒印象，一直懷疑他是不是都沒來上課很混\n\nσ 評分方式(給分甜嗎？是紮實分？)\n據老師的說法是只要該做的都有做不用擔心成績的問題\nρ 考題型式、作業方式\n作業從學期1/3後周周都有\n都是給1-2篇文字需求，然後各組做架構設計並且寫code每週至少花2-3小時要和小組聚會\n討論做作業（不太可能線上）\n\n學期project是小組閱讀一個open source\n每個人至少要讀10000行，並且每兩三週就要上台報進度給老師聽（class diagram），通\n常老師會問很多問題，一定得準備齊全，最後就是要大報告，找出open source裡面用到\n的design pattern和畫出系統架構\n\n有期中期末考，也是給一個文字需求小組做設計，今年期中考是個人寫扣，期末是小組寫\n扣，通常會考很久...期中考了五個小時，期末考了八個小時.....下午一點進教室晚上九\n點半出來，還要自己帶晚餐進去\nω 其它(是否注重出席率？如果為外系選修，需先有什麼基礎較好嗎？老師個性？\n加簽習慣？嚴禁遲到等…)\n不點名但是一定要讓老師有印象\n建議要稍微會Java或是其他OO的語言基礎（但是課堂是規定一定要用Java）\n\n第一堂課老師會極力勸退不是真心想修的同學，會說內容很重啊什麼的，的確不是算輕鬆\n的課，每週都要花時間討論作業和看open source\n\n今年選修的重要有資工所 資管所 電機系還有十個左右臺大醫院資訊室的人\n人數會控制在40人左右，因為這樣的教學方式不可能太多人\nΨ 總結\n想要學好軟體設計一定要懂些design pattern，而老師算是台灣軟工界很知名的學者，和\n老師討論都能對這些pattern有更深入的認識\n會扣0.5顆星是因為老師有時候很主觀（指上面提到咬住同學沒來這件事）有時候時間倉\n促就會快速帶過上課的pattern介紹，還是只能自己看再去跟老師或同學討論\n但是整體來說學到軟體設計和用一學期讀一個open source都學習到很多\n\n不過據說接下來一年半老師不會開課\n\n--\n\n原文網址: https://www.ptt.cc/bbs/NTUcourse/M.1515904218.A.E15.html""}]"
計算機圖形,歐陽明,資訊工程學系、資訊工程學研究所、資訊網路與多媒體研究所,3,114-2,22295,CSIE5085,4.5,4.5,4.5,3.0,"[""[User50377 | 113-2]: 即使我一開始對電腦圖學幾乎沒有背景知識，透過老師的講解與作業的實作，還是能一步步建立起對圖學概念的理解。課程從理論介紹到 WebGL 實作，涵蓋非常多元，包括 3D 幾何轉換、光照模型、體積顯像等，還有機會做出屬於自己的期末專案。雖然過程中會需要花不少時間查資料、補基礎，但只要願意投入，是一門可以讓人快速成長的課。老師真的非常親切，喜歡與學生互動，即使遇到卡關也不會感到壓力太大。很推薦給對電腦圖學感興趣、想動手實作的同學，即使是初學者也能從中獲得很多。""]","[{""User_ID"": ""User50377"", ""Semester"": ""113-2"", ""Rating_Quality"": null, ""Rating_Sweet"": null, ""Rating_Easy"": null, ""Rating_Rich"": null, ""Comment"": ""即使我一開始對電腦圖學幾乎沒有背景知識，透過老師的講解與作業的實作，還是能一步步建立起對圖學概念的理解。課程從理論介紹到 WebGL 實作，涵蓋非常多元，包括 3D 幾何轉換、光照模型、體積顯像等，還有機會做出屬於自己的期末專案。雖然過程中會需要花不少時間查資料、補基礎，但只要願意投入，是一門可以讓人快速成長的課。老師真的非常親切，喜歡與學生互動，即使遇到卡關也不會感到壓力太大。很推薦給對電腦圖學感興趣、想動手實作的同學，即使是初學者也能從中獲得很多。""}]"
密碼學與資訊安全,蕭旭君,資訊工程學系、資訊工程學研究所、資訊網路與多媒體研究所、生醫電子與資訊學研究所,3,114-2,36426,CSIE7190,5.0,4.2,3.0,4.3,"[""[User73597 | 113-2]: Good course""]","[{""User_ID"": ""User73597"", ""Semester"": ""113-2"", ""Rating_Quality"": null, ""Rating_Sweet"": null, ""Rating_Easy"": null, ""Rating_Rich"": null, ""Comment"": ""Good course""}]"
數位視覺效果,莊永裕,資訊工程學系、資訊工程學研究所、資訊網路與多媒體研究所,3,114-2,41232,CSIE7694,,,,,"[""無評價""]",[]
多媒體安全,吳家麟,資訊工程學系、資訊工程學研究所、資訊網路與多媒體研究所,3,114-2,45024,CSIE5135,5.0,5.0,3.5,5.0,"[""[xyz | 110-1]: 各種資安的技術，包含浮水印、視覺密碼、雲端加密、AI機敏資料運算、元宇宙資安\n從宏觀的角度去了解資訊科學資安部分的架構及可能遇到的問題，前面老師會自己講，後面有些是播放之前的錄影或之前學生做不錯的成果並在結束後補述。\n老師自編的投影片\n內容大概是經典及有影響力的paper\n期中作業是兩篇survey paper，針對你有興趣的主題\nmid 40% final 60%\n很適合研究生修的課，老師會講解思路。"", ""[PTT | 109-2]: 轉載自 PTT 作者 ID: s3131212 (Allen Chou)\n哪一學年度修課：\n109-2\n\nψ 授課教師 (若為多人合授請寫開課教師，以方便收錄)\n吳家麟\n\nλ 開課系所與授課對象 (是否為必修或通識課 / 內容是否與某些背景相關)\n資工系選修\n\nδ 課程大概內容\n\n課程網版本：\n1. INTRODUCTION\n2. DIGITAL WATERMARKING\n3. STEGANOGRAPHY AND STEGANALYSIS\n4. CRYPTOGRAPHY IN DRM\n5. REAL-WORLD DRM STANDARDS AND SOLUTIONS\n6. BIOMETRICS AND AUTHENTICATION\n7. FORENSICS\n\n實際版本：\n1. Introdution\n2. Security Science and Engineering Over IOT\n3. Basic Cryptography and Homomorphic Encryption, Yao's garbled circuits,\nSecure MPC\n4. Signal & Image Process in Encrypt domain\n5. Searchable encryption, privacy preserving search\n6. Chaos-based Crypto\n7. A Joint Compression and Encryption Framework\n8. Functional Encryption\n9. Pairing-based Cryptography\n11. Querying encrypted data from Cloud\n12. FHE in cryptography\n13. Security and Privacy Issues of Websites or Social Networks\n\n\nΩ 私心推薦指數(以五分計) ★★★★★\n\n想要學課綱上的東西 ★★\n想要學應用密碼學 ★★★★★\n想要學廣泛的資安議題 ★★★★★\n不想去上課 想看錄影 ★★★★★\n甜涼 ★★★★★\n\n\nη 上課用書(影印講義或是指定教科書)\n\n無，只有簡報\n\nμ 上課方式(投影片、團體討論、老師教學風格)\n\n只有老師講課，老師語速很慢，所以上課有點乾，不過講課很清楚\n有兩三次老師直接放之前的上課錄音，因為他覺得他現在沒辦法講得跟之前一樣好（？）\n\n\nσ 評分方式(給分甜嗎？是紮實分？)\n\n期中作業：\nA brief survey report about any security issue 15%\nA brief survey report about any technique 25 %\n\n期末小組報告 60%\n報告不要亂做都會有不錯的分數，最後 57% A+\n\n\nρ 考題型式、作業方式\n\n期中作業如前述，就介紹一個資安的議題與技術各一篇，至少四頁，中英文不限，主題還蠻自由的，只要能跟資安扯到邊都會給過。\n\n期末報告是 1~3 人一組，要 30 min 的口頭報告加上一篇 report，去年是錄影繳交，類型要 implementation 還是 survey 都可以，主題一樣是跟資安扯上邊就可以了。\n\n\nω 其它(是否注重出席率？如果為外系選修，需先有什麼基礎較好嗎？老師個性？\n加簽習慣？嚴禁遲到等…)\n\n上課完全不點名，作業又不需要上課也能寫出來，然後有錄影，所以出席率有點低。\n去年是一類加選，但今年不是。\n\n應該不太需要基礎或先修什麼課，許多重要的基礎知識都會在上課時快速帶過。若真要說，有點離散跟密碼學基礎應該會輕鬆不少。\n\n老師上課偶而會抱怨一下現在的學界或學生能力，或自誇一下自己的成就。我是覺得還好，反正聽聽別人意見也沒什麼不好的，況且沒影響上課品質，但我猜也許有些人會不那麼喜歡。\n\n\nΨ 總結\n\n這門課我是覺得定位上還蠻尷尬的，雖然課程名稱是「多媒體安全」，課綱上也有許多與多媒體有關的內容，但實質上這門課更像是各種應用密碼學與 privacy enhancing technologies 的經典論文或技術的介紹，只是偶而與多媒體有關。\n\n作為資安課，這門課著重的面向和密碼學與資訊安全（CNS）不太一樣，CNS 更像是典型的資安課，總之看課表應該就會了解為什麼說面向不一樣了。\n\n整體而言是有趣的課，也學到不少東西，就只是學到的東西和原本預期的不太一樣而已。\n\n考慮到 110-2 又有開這門課，而且拿課名丟 Google 搜到的那篇評價文和去年這門課的樣貌有不小的落差（現在課程幾乎不講浮水印了...），所以想說寫個評價文給想修這門課的人看。\n\n--\n\n原文網址: https://www.ptt.cc/bbs/NTUcourse/M.1642319792.A.D57.html""]","[{""User_ID"": ""xyz"", ""Semester"": ""110-1"", ""Rating_Quality"": null, ""Rating_Sweet"": null, ""Rating_Easy"": null, ""Rating_Rich"": null, ""Comment"": ""各種資安的技術，包含浮水印、視覺密碼、雲端加密、AI機敏資料運算、元宇宙資安\n從宏觀的角度去了解資訊科學資安部分的架構及可能遇到的問題，前面老師會自己講，後面有些是播放之前的錄影或之前學生做不錯的成果並在結束後補述。\n老師自編的投影片\n內容大概是經典及有影響力的paper\n期中作業是兩篇survey paper，針對你有興趣的主題\nmid 40% final 60%\n很適合研究生修的課，老師會講解思路。""}, {""User_ID"": ""PTT"", ""Semester"": ""109-2"", ""Rating_Quality"": null, ""Rating_Sweet"": null, ""Rating_Easy"": null, ""Rating_Rich"": null, ""Comment"": ""轉載自 PTT 作者 ID: s3131212 (Allen Chou)\n哪一學年度修課：\n109-2\n\nψ 授課教師 (若為多人合授請寫開課教師，以方便收錄)\n吳家麟\n\nλ 開課系所與授課對象 (是否為必修或通識課 / 內容是否與某些背景相關)\n資工系選修\n\nδ 課程大概內容\n\n課程網版本：\n1. INTRODUCTION\n2. DIGITAL WATERMARKING\n3. STEGANOGRAPHY AND STEGANALYSIS\n4. CRYPTOGRAPHY IN DRM\n5. REAL-WORLD DRM STANDARDS AND SOLUTIONS\n6. BIOMETRICS AND AUTHENTICATION\n7. FORENSICS\n\n實際版本：\n1. Introdution\n2. Security Science and Engineering Over IOT\n3. Basic Cryptography and Homomorphic Encryption, Yao's garbled circuits,\nSecure MPC\n4. Signal & Image Process in Encrypt domain\n5. Searchable encryption, privacy preserving search\n6. Chaos-based Crypto\n7. A Joint Compression and Encryption Framework\n8. Functional Encryption\n9. Pairing-based Cryptography\n11. Querying encrypted data from Cloud\n12. FHE in cryptography\n13. Security and Privacy Issues of Websites or Social Networks\n\n\nΩ 私心推薦指數(以五分計) ★★★★★\n\n想要學課綱上的東西 ★★\n想要學應用密碼學 ★★★★★\n想要學廣泛的資安議題 ★★★★★\n不想去上課 想看錄影 ★★★★★\n甜涼 ★★★★★\n\n\nη 上課用書(影印講義或是指定教科書)\n\n無，只有簡報\n\nμ 上課方式(投影片、團體討論、老師教學風格)\n\n只有老師講課，老師語速很慢，所以上課有點乾，不過講課很清楚\n有兩三次老師直接放之前的上課錄音，因為他覺得他現在沒辦法講得跟之前一樣好（？）\n\n\nσ 評分方式(給分甜嗎？是紮實分？)\n\n期中作業：\nA brief survey report about any security issue 15%\nA brief survey report about any technique 25 %\n\n期末小組報告 60%\n報告不要亂做都會有不錯的分數，最後 57% A+\n\n\nρ 考題型式、作業方式\n\n期中作業如前述，就介紹一個資安的議題與技術各一篇，至少四頁，中英文不限，主題還蠻自由的，只要能跟資安扯到邊都會給過。\n\n期末報告是 1~3 人一組，要 30 min 的口頭報告加上一篇 report，去年是錄影繳交，類型要 implementation 還是 survey 都可以，主題一樣是跟資安扯上邊就可以了。\n\n\nω 其它(是否注重出席率？如果為外系選修，需先有什麼基礎較好嗎？老師個性？\n加簽習慣？嚴禁遲到等…)\n\n上課完全不點名，作業又不需要上課也能寫出來，然後有錄影，所以出席率有點低。\n去年是一類加選，但今年不是。\n\n應該不太需要基礎或先修什麼課，許多重要的基礎知識都會在上課時快速帶過。若真要說，有點離散跟密碼學基礎應該會輕鬆不少。\n\n老師上課偶而會抱怨一下現在的學界或學生能力，或自誇一下自己的成就。我是覺得還好，反正聽聽別人意見也沒什麼不好的，況且沒影響上課品質，但我猜也許有些人會不那麼喜歡。\n\n\nΨ 總結\n\n這門課我是覺得定位上還蠻尷尬的，雖然課程名稱是「多媒體安全」，課綱上也有許多與多媒體有關的內容，但實質上這門課更像是各種應用密碼學與 privacy enhancing technologies 的經典論文或技術的介紹，只是偶而與多媒體有關。\n\n作為資安課，這門課著重的面向和密碼學與資訊安全（CNS）不太一樣，CNS 更像是典型的資安課，總之看課表應該就會了解為什麼說面向不一樣了。\n\n整體而言是有趣的課，也學到不少東西，就只是學到的東西和原本預期的不太一樣而已。\n\n考慮到 110-2 又有開這門課，而且拿課名丟 Google 搜到的那篇評價文和去年這門課的樣貌有不小的落差（現在課程幾乎不講浮水印了...），所以想說寫個評價文給想修這門課的人看。\n\n--\n\n原文網址: https://www.ptt.cc/bbs/NTUcourse/M.1642319792.A.D57.html""}]"
高等人機互動介面,陳彥仰,資訊工程學系、資訊工程學研究所、資訊網路與多媒體研究所,3,114-2,53298,CSIE7644,,,,,"[""無評價""]",[]
高等電腦視覺,傅楸善,資訊工程學系、資訊工程學研究所、資訊網路與多媒體研究所、生醫電子與資訊學研究所,3,114-2,14278,CSIE7421,,,,,"[""無評價""]",[]
巨量資料系統,廖世偉,資訊工程學系、資訊工程學研究所、資訊網路與多媒體研究所,3,114-2,18468,CSIE5322,,,,,"[""無評價""]",[]
高等互動科技,鄭龍磻,資訊工程學系、資訊工程學研究所、資訊網路與多媒體研究所,3,114-2,13444,CSIE7645,4.5,3.0,4.0,4.5,"[""[User01305 | 113-2]: Multiple assignments during the semester and a big final project\nGreat course, definitely one of my favourites in my degree. The professor is very passionate and we were able to learn a lot from him.""]","[{""User_ID"": ""User01305"", ""Semester"": ""113-2"", ""Rating_Quality"": null, ""Rating_Sweet"": null, ""Rating_Easy"": null, ""Rating_Rich"": null, ""Comment"": ""Multiple assignments during the semester and a big final project\nGreat course, definitely one of my favourites in my degree. The professor is very passionate and we were able to learn a lot from him.""}]"
深度學習於醫學影像,張瑞峰,資訊工程學系、資訊工程學研究所、資訊網路與多媒體研究所、生醫電子與資訊學研究所,3,114-2,34993,CSIE5743,,,,,"[""無評價""]",[]
現代密碼學的理論基礎,鐘楷閔,資訊工程學系、資訊工程學研究所、資訊網路與多媒體研究所,3,114-2,30202,CSIE5037,,,,,"[""無評價""]",[]
專題討論,林清富,光電工程學研究所,0,114-2,32405,OE8002,,,,,"[""無評價""]",[]
專題討論,彭隆瀚,光電工程學研究所,0,114-2,47119,OE8002,,,,,"[""無評價""]",[]
專題討論,黃升龍,光電工程學研究所,0,114-2,41930,OE8002,,,,,"[""無評價""]",[]
專題討論,孫啟光,光電工程學研究所,0,114-2,40848,OE8002,,,,,"[""無評價""]",[]
專題討論,林晃巖,光電工程學研究所,0,114-2,16197,OE8002,,,,,"[""無評價""]",[]
專題討論,林恭如,光電工程學研究所,0,114-2,55860,OE8002,,,,,"[""無評價""]",[]
專題討論,吳志毅,光電工程學研究所,0,114-2,32428,OE8002,,,,,"[""無評價""]",[]
專題討論,邱奕鵬,光電工程學研究所,0,114-2,24914,OE8002,,,,,"[""無評價""]",[]
專題討論,曾雪峰,光電工程學研究所,0,114-2,31244,OE8002,,,,,"[""無評價""]",[]
專題討論,蘇國棟,光電工程學研究所,0,114-2,16266,OE8002,,,,,"[""無評價""]",[]
專題討論,李君浩,光電工程學研究所,0,114-2,46640,OE8002,,,,,"[""無評價""]",[]
專題討論,黃建璋,光電工程學研究所,0,114-2,10958,OE8002,,,,,"[""無評價""]",[]
專題討論,陳奕君,光電工程學研究所,0,114-2,55851,OE8002,,,,,"[""無評價""]",[]
專題討論,蔡睿哲,光電工程學研究所,0,114-2,28498,OE8002,,,,,"[""無評價""]",[]
專題討論,吳育任,光電工程學研究所,0,114-2,49163,OE8002,,,,,"[""無評價""]",[]
專題討論,黃定洧,光電工程學研究所,0,114-2,16632,OE8002,,,,,"[""無評價""]",[]
專題討論,蔡永傑,光電工程學研究所,0,114-2,20569,OE8002,,,,,"[""無評價""]",[]
專題討論,李翔傑,光電工程學研究所,0,114-2,38421,OE8002,,,,,"[""無評價""]",[]
專題討論,吳肇欣,光電工程學研究所、元件材料與異質整合碩士學位學程、元件材料與異質整合博士學位學程,0,114-2,14809,OE8002,,,,,"[""無評價""]",[]
專題討論,劉致為,光電工程學研究所、電子工程學研究所,0,114-2,12497,OE8002,,,,,"[""無評價""]",[]
專題討論,吳忠幟,光電工程學研究所,0,114-2,20548,OE8002,,,,,"[""無評價""]",[]
專題討論,林浩雄,光電工程學研究所,0,114-2,10420,OE8002,,,,,"[""無評價""]",[]
專題演講,李翔傑,光電工程學研究所,1,114-2,15593,OE7003,,,,,"[""無評價""]",[]
專題研究,賴怡吉,電信工程學研究所,1,114-2,21877,CommE7002,,,,,"[""無評價""]",[]
專題研究,曹恒偉,電信工程學研究所、電子工程學研究所,1,114-2,56634,EEE8002,,,,,"[""無評價""]",[]
專題研究,陳光禎,電信工程學研究所,1,114-2,21455,CommE8001,,,,,"[""無評價""]",[]
專題研究,瞿大雄,電信工程學研究所,1,114-2,18020,CommE8001,,,,,"[""無評價""]",[]
專題演講,魏宏宇,電信工程學研究所,3,114-2,28797,CommE7001,,,,,"[""無評價""]",[]
專題研究,黃筱鈞,電子工程學研究所,1,114-2,37660,EEE8002,,,,,"[""無評價""]",[]
應用電學,林冠中,生醫電子與資訊學研究所,4,114-2,21857,EE3040,,,,,"[""無評價""]",[]
專題研究,王偉仲,資料科學碩士學位學程,1,114-2,55280,Data8002,,,,,"[""無評價""]",[]
專題研究,崔茂培,資料科學碩士學位學程,1,114-2,45148,Data8002,,,,,"[""無評價""]",[]
專題研究,王振男,資料科學碩士學位學程,1,114-2,33283,Data8002,,,,,"[""無評價""]",[]
專題研究,林太家,資料科學碩士學位學程,1,114-2,13623,Data8002,,,,,"[""無評價""]",[]
專題研究,沈俊嚴,資料科學碩士學位學程,1,114-2,45374,Data8002,,,,,"[""無評價""]",[]
專題研究,夏俊雄,資料科學碩士學位學程,1,114-2,54031,Data8002,,,,,"[""無評價""]",[]
專題研究,陳逸昆,資料科學碩士學位學程,1,114-2,29099,Data8002,,,,,"[""無評價""]",[]
專題討論,張原豪,資料科學碩士學位學程、智慧聯網國際研究生博士學位學程,0,114-2,12978,TPAIoT8000,,,,,"[""無評價""]",[]
高等作業系統,薛智文,資訊工程學系、資訊工程學研究所、資訊網路與多媒體研究所,3,114-2,32885,CSIE7010,,,,,"[""無評價""]",[]
科技英文寫作,朱浩華,資訊工程學系、資訊工程學研究所、資訊網路與多媒體研究所,2,114-2,10848,CSIE5016,,,,,"[""無評價""]",[]
計算機概論,張傑帆,法律學系、科際整合法律學研究所,2,114-2,44413,LAW5328,,,,,"[""無評價""]",[]
財務會計(二),繆文娟,法律學系、法律研究所、科際整合法律學研究所,2,114-2,12666,LAW5439,,,,,"[""無評價""]",[]
財務管理,黃承祖,法律學系、法律研究所、科際整合法律學研究所,2,114-2,30905,LAW5494,,,,,"[""無評價""]",[]
日文法學名著選讀一,謝煜偉,法律學系,2,114-2,24647,LAW4011,,,,,"[""無評價""]",[]
日文法學名著選讀二,徐婉寧,法律學系,2,114-2,26791,LAW4012,,,,,"[""無評價""]",[]
德文法學名著選讀一,蘇慧婕,法律學系,2,114-2,36616,LAW4015,,,,,"[""無評價""]",[]
德文法學名著選讀二,蘇慧婕,法律學系,2,114-2,20532,LAW4016,,,,,"[""無評價""]",[]
德文法學名著選讀三,蘇慧婕,法律學系,2,114-2,59813,LAW4017,,,,,"[""無評價""]",[]
德文法學名著選讀四,蘇慧婕,法律學系,2,114-2,37270,LAW4018,,,,,"[""無評價""]",[]
票據及支付工具法,邵慶平,法律學系、科際整合法律學研究所,2,114-2,22035,LAW2087,,,,,"[""無評價""]",[]
勞工法專題討論一,王能君,法律學系、科際整合法律學研究所,2,114-2,36416,LAW3185,,,,,"[""[PTT | 104-1]: 轉載自 PTT 作者 ID: a031405 (a031405)\n哪一學年度修課：\n104-1\n\nψ 授課教師 (若為多人合授請寫開課教師，以方便收錄)\n王能君\nλ 開課系所與授課對象 (是否為必修或通識課 / 內容是否與某些背景相關)\n法律學系選修\nδ 課程大概內容\n第一節課每個禮拜有位同學報告當週案件，第二節課討論，沒啥好討論教授就會分享勞動\n\n法上的一些趣聞，今年是以勞資調解委員會怪現狀為主。\nΩ 私心推薦指數(以五分計) ★★★★★\n★★★★★　想鬼混或想認真都五顆\nη 上課用書(影印講義或是指定教科書)\n沒有，每個禮拜同學報告\nμ 上課方式(投影片、團體討論、老師教學風格)\n同學報告當週案件\nσ 評分方式(給分甜嗎？是紮實分？)\n給分應該蠻甜的，老師自己也有說，拿A-不用太開心，說不定很多人拿A，同理拿A也是，\n\n說不定一堆人A+，老師說只要最後有交評釋都A-起跳，個人拿A。\nρ 考題型式、作業方式\n1 期末書面報告 30% 判決評釋6000-10000字於2016年1月12日（二）15:00以前，以電子\n檔傳送給授課教師，並於1月13日（三）12:00以前將紙本送達院辦公室之信箱。\n2 上課發言、討論 40%\n3 上課口頭報告 30%\n\n沒考試\nω 其它(是否注重出席率？如果為外系選修，需先有什麼基礎較好嗎？老師個性？\n加簽習慣？嚴禁遲到等…)\n不需要什麼基礎吧！有沒有修過勞動法覺得也沒差，重點是聽報告、討論跟自己做的出報\n\n告。法律系大二應該就可以修了～\nΨ 總結\n\n老師人很好，蠻推薦這門課的，想鬼混的．．．．．．教授應該也不會說什麼，我就看到\n\n有些人後期都在睡覺或開電腦、看自己的東西，沒什麼在聽同學報告。\n\n想認真的，專心聽同學報告＆討論發言，不敢說一定有多少收穫（畢竟同學報告也是有大\n\n好大壞之分）但至少在上課發言有一點分數哈哈，也可以跟教授聊到天。\n\n都是大學生了，應該對自己負責才是。\n\n報告要早點做比較好，當初做到火燒眉毛，最好做完報告還保有記憶就寫完評釋（可以提\n\n早交），期末會輕鬆很多。整體上覺得是門輕鬆的課，做完報告寫完評釋就沒事，要做到\n\n怎樣的程度端視你的付出跟良心了．．．．．．大部分同學都做的很好，獲得不少收穫。\n\n老師說這學期我們這班討論的積極度歷來最低，所以他只能多說點話，老師也會提醒少發\n\n言的同學發言賺點分數～不過聽老師分享趣聞真的很好笑阿～推薦，不過常常會一再重複\n\n，跟勞動法講過的也很常重複。\n\n\n課前準備也是，想鬼混就不看判決（有放上CEIBA），直接來聽同學報告；認真的可以看完\n\n判決後想一些問題問，更認真的同學會去找文章來看，會有更多東西可以討論。\n\n個人課前會看完判決（有個太長兩百多頁就沒看完了），偶爾太忙就不看，特別有興趣的\n\n會再去找文章來看，大家的事前準備說不定就是這學期討論積極度不太夠的原因。\n\n\n總而言之蠻推薦這門課給想要試看看討論課的同學，當然跟其他課比起來可能負擔不重．\n\n但收穫不會比較少喔～～\n\n--\n\n原文網址: https://www.ptt.cc/bbs/NTUcourse/M.1453284260.A.515.html""]","[{""User_ID"": ""PTT"", ""Semester"": ""104-1"", ""Rating_Quality"": null, ""Rating_Sweet"": null, ""Rating_Easy"": null, ""Rating_Rich"": null, ""Comment"": ""轉載自 PTT 作者 ID: a031405 (a031405)\n哪一學年度修課：\n104-1\n\nψ 授課教師 (若為多人合授請寫開課教師，以方便收錄)\n王能君\nλ 開課系所與授課對象 (是否為必修或通識課 / 內容是否與某些背景相關)\n法律學系選修\nδ 課程大概內容\n第一節課每個禮拜有位同學報告當週案件，第二節課討論，沒啥好討論教授就會分享勞動\n\n法上的一些趣聞，今年是以勞資調解委員會怪現狀為主。\nΩ 私心推薦指數(以五分計) ★★★★★\n★★★★★　想鬼混或想認真都五顆\nη 上課用書(影印講義或是指定教科書)\n沒有，每個禮拜同學報告\nμ 上課方式(投影片、團體討論、老師教學風格)\n同學報告當週案件\nσ 評分方式(給分甜嗎？是紮實分？)\n給分應該蠻甜的，老師自己也有說，拿A-不用太開心，說不定很多人拿A，同理拿A也是，\n\n說不定一堆人A+，老師說只要最後有交評釋都A-起跳，個人拿A。\nρ 考題型式、作業方式\n1 期末書面報告 30% 判決評釋6000-10000字於2016年1月12日（二）15:00以前，以電子\n檔傳送給授課教師，並於1月13日（三）12:00以前將紙本送達院辦公室之信箱。\n2 上課發言、討論 40%\n3 上課口頭報告 30%\n\n沒考試\nω 其它(是否注重出席率？如果為外系選修，需先有什麼基礎較好嗎？老師個性？\n加簽習慣？嚴禁遲到等…)\n不需要什麼基礎吧！有沒有修過勞動法覺得也沒差，重點是聽報告、討論跟自己做的出報\n\n告。法律系大二應該就可以修了～\nΨ 總結\n\n老師人很好，蠻推薦這門課的，想鬼混的．．．．．．教授應該也不會說什麼，我就看到\n\n有些人後期都在睡覺或開電腦、看自己的東西，沒什麼在聽同學報告。\n\n想認真的，專心聽同學報告＆討論發言，不敢說一定有多少收穫（畢竟同學報告也是有大\n\n好大壞之分）但至少在上課發言有一點分數哈哈，也可以跟教授聊到天。\n\n都是大學生了，應該對自己負責才是。\n\n報告要早點做比較好，當初做到火燒眉毛，最好做完報告還保有記憶就寫完評釋（可以提\n\n早交），期末會輕鬆很多。整體上覺得是門輕鬆的課，做完報告寫完評釋就沒事，要做到\n\n怎樣的程度端視你的付出跟良心了．．．．．．大部分同學都做的很好，獲得不少收穫。\n\n老師說這學期我們這班討論的積極度歷來最低，所以他只能多說點話，老師也會提醒少發\n\n言的同學發言賺點分數～不過聽老師分享趣聞真的很好笑阿～推薦，不過常常會一再重複\n\n，跟勞動法講過的也很常重複。\n\n\n課前準備也是，想鬼混就不看判決（有放上CEIBA），直接來聽同學報告；認真的可以看完\n\n判決後想一些問題問，更認真的同學會去找文章來看，會有更多東西可以討論。\n\n個人課前會看完判決（有個太長兩百多頁就沒看完了），偶爾太忙就不看，特別有興趣的\n\n會再去找文章來看，大家的事前準備說不定就是這學期討論積極度不太夠的原因。\n\n\n總而言之蠻推薦這門課給想要試看看討論課的同學，當然跟其他課比起來可能負擔不重．\n\n但收穫不會比較少喔～～\n\n--\n\n原文網址: https://www.ptt.cc/bbs/NTUcourse/M.1453284260.A.515.html""}]"
勞工法專題討論二,王能君,法律學系、科際整合法律學研究所,2,114-2,53252,LAW3186,,,,,"[""無評價""]",[]
海商法,汪信君,法律學系,2,114-2,42448,LAW3308,,,,,"[""無評價""]",[]
海商法,蔡英欣,法律學系、科際整合法律學研究所,2,114-2,42628,LAW3308,,,,,"[""無評價""]",[]
法律實習二,陳瑋佑,法律學系,2,114-2,50542,LAW4282,,,,,"[""無評價""]",[]
法律實習三,陳瑋佑,法律學系,2,114-2,35618,LAW4283,,,,,"[""無評價""]",[]
法律實習一下,林明鏘,法律學系,2,114-2,52862,LAW3402,,,,,"[""無評價""]",[]
法律實習一下,陳瑋佑,法律學系,2,114-2,19661,LAW3402,,,,,"[""無評價""]",[]
法律實習專題討論,陳瑋佑,法律學系,2,114-2,40947,LAW4116,,,,,"[""無評價""]",[]
家事事件法,沈冠伶,法律學系、法律研究所、科際整合法律學研究所,2,114-2,51048,LAW5224,3.5,3.0,5.0,3.5,"[""[User22432 | 111-1]: 本課程以2012年新制訂施行之家事事件法為講授內容，授課重點為家事事件法之總論及程序法理、家事調解程序、家事訴訟程序、家事非訟程序。\n老師口述輔以ppt\n老師會上傳ppt\n期末考\n期末100%\n不清楚其他同學狀況如何，就我而言，上課時除了有些民訴已經上過的概念(因為比較熟悉所以聽得懂)外，都有點混亂抓不太到重點，後來考試前看了老師很多的文章後才比較理解一點上課內容，如果之後有跟我一樣上課常常因為抓不到重點飄走的人，可以去找老師的文章來看唷~\n分數的部分，期末考五題裡面我有一題因為來不及寫的比較隨便，最後拿了A-，不知道算不算甜......""]","[{""User_ID"": ""User22432"", ""Semester"": ""111-1"", ""Rating_Quality"": null, ""Rating_Sweet"": null, ""Rating_Easy"": null, ""Rating_Rich"": null, ""Comment"": ""本課程以2012年新制訂施行之家事事件法為講授內容，授課重點為家事事件法之總論及程序法理、家事調解程序、家事訴訟程序、家事非訟程序。\n老師口述輔以ppt\n老師會上傳ppt\n期末考\n期末100%\n不清楚其他同學狀況如何，就我而言，上課時除了有些民訴已經上過的概念(因為比較熟悉所以聽得懂)外，都有點混亂抓不太到重點，後來考試前看了老師很多的文章後才比較理解一點上課內容，如果之後有跟我一樣上課常常因為抓不到重點飄走的人，可以去找老師的文章來看唷~\n分數的部分，期末考五題裡面我有一題因為來不及寫的比較隨便，最後拿了A-，不知道算不算甜......""}]"
比較公司法專題討論,蔡英欣,法律學系、法律研究所、科際整合法律學研究所,2,114-2,20025,LAW5600,,,,,"[""無評價""]",[]
最高法院裁判與民法理論發展,詹森林,法律學系、法律學系、法律學系、法律研究所、科際整合法律學研究所、科際整合法律學研究所,2,114-2,43334,LAW5564,,,,,"[""[PTT | 106-1]: 轉載自 PTT 作者 ID: SudaPeter (同棲しよう、有村さん)\n哪一學年度修課：106-1\n\nψ 授課教師 (若為多人合授請寫開課教師，以方便收錄)\n\n詹森林 (大法官)\n\nλ 開課系所與授課對象 (是否為必修或通識課 / 內容是否與某些背景相關)\n\n法律系選修\n\nδ 課程大概內容\n\n1. 借名登記契約\n\n2. 預售屋\n\n3. 消保法22條：廣告\n\n4. 損害與實際損害\n\n5. 純粹經濟上損失\n\n6. 契約責任與侵權責任競合\n\nΩ 私心推薦指數(以五分計) ★★★★★\n\n大四準備研究所國考：5\n\n大三把以前學的都忘光光了：3\n\n討厭晚下課晚吃飯：1\n\n對民法真心有愛：5\n\n討厭上課進度拖拖拉拉：1\n\nη 上課用書(影印講義或是指定教科書)\n\n無指定用書。\n\n但有投影片，不過也只是裝飾用。\n\n上面只有案例和和判決內容，所以老師通常也懶得換頁。\n\nμ 上課方式(投影片、團體討論、老師教學風格)\n\n老師丟出投影片上的案例，從請求權基礎開始，一一與大家討論。\n\n通常會有老師熟識的科法所同學回答，不過也常因此陷入聊天狀態，偏離主題。\n\n老師不會直接講解爭點，一個主題會講兩三次上課，也沒什麼計畫性，就是很開放性的讓大\n家一起動腦思考，然後一步步解決問題。\n\n如上所述，因為常常和同學對話，所以討論主題常常開花，老師心血來潮也會跳開講同學稍\n微帶到或有疑問的議題。\n\n不過因為不是必修課，沒啥進度壓力，所以不致影響太大。\n\nσ 評分方式(給分甜嗎？是紮實分？)\n\n尚未收到成績。\n\n不過太愛五木了，所以先行評價。\n\nρ 考題型式、作業方式\n\n大學部期末考，兩題實例題。\n\n考試範圍，嗯基本上就是，民法財產法全部。\n\n研究所報告一篇。\n\nω 其它(是否注重出席率？如果為外系選修，需先有什麼基礎較好嗎？老師個性？\n加簽習慣？嚴禁遲到等…)\n\n完全不鳥出席率。\n\n大四準備好可以考研究所或國考的狀態，真的是爽賺學分。\n\n但因為課程內容及於民總到物權，特別著重於債編部分，大三以下，以前學的忘光光，可能\n要自求多福。\n\n不過期末考的確都是上課有提到過的內容就是了。\n\nΨ 總結\n\n的確如上有稍稍論及，老師問答式、討論式的教學，讓課程有點冗長。\n\n而且會偷下課時間，往往前一個半小時都是喇賽，最後半小時衝一下當日進度做個了結，然\n後七點半才下課。(下課後118店都打烊了，建議先吃飯再上課......)\n\n當然完全不上課也不會有影響的。但一整學期下來，覺得缺課的話，實在太可惜了。\n\n因為老師雖然常常講有的沒的，偏離上課內容討論其他問題，不過每堂課總是會意外聽到一\n些從沒想過、或有小疑惑的爭點或概念。\n\n那一瞬間，覺得自己體內深處某個難以明白的癥結，瞬間被找到和解開，超級爽快。覺得浪\n費兩小時坐在那，聽到這兩分鐘就完全值得。\n\n綜合來說，這堂課認真參與，雖稍嫌冗長，但可以感受到老師操作法條的細膩和強大，還有\n背後邏輯思想上的善良與溫柔。\n\n而且每週花兩小時認真投入其中，和老師一起思考，對於民法請求權體系的掌握度越來越高\n，思考上、涵攝上的飽滿度也將大幅提升，必須承認，對考試答題有莫大的幫助。\n\n最後，因為非必修課，所以課程內容更貼近實務和生活，所以絕對是僅此於忠五，民法少數\n又溫暖又貼近人心的課程。希望大家有機會也能感受大法官的風采。\n\n還有靠北的講話方式哈哈哈。\n\n\n--\n\n原文網址: https://www.ptt.cc/bbs/NTUcourse/M.1515519476.A.B14.html""]","[{""User_ID"": ""PTT"", ""Semester"": ""106-1"", ""Rating_Quality"": null, ""Rating_Sweet"": null, ""Rating_Easy"": null, ""Rating_Rich"": null, ""Comment"": ""轉載自 PTT 作者 ID: SudaPeter (同棲しよう、有村さん)\n哪一學年度修課：106-1\n\nψ 授課教師 (若為多人合授請寫開課教師，以方便收錄)\n\n詹森林 (大法官)\n\nλ 開課系所與授課對象 (是否為必修或通識課 / 內容是否與某些背景相關)\n\n法律系選修\n\nδ 課程大概內容\n\n1. 借名登記契約\n\n2. 預售屋\n\n3. 消保法22條：廣告\n\n4. 損害與實際損害\n\n5. 純粹經濟上損失\n\n6. 契約責任與侵權責任競合\n\nΩ 私心推薦指數(以五分計) ★★★★★\n\n大四準備研究所國考：5\n\n大三把以前學的都忘光光了：3\n\n討厭晚下課晚吃飯：1\n\n對民法真心有愛：5\n\n討厭上課進度拖拖拉拉：1\n\nη 上課用書(影印講義或是指定教科書)\n\n無指定用書。\n\n但有投影片，不過也只是裝飾用。\n\n上面只有案例和和判決內容，所以老師通常也懶得換頁。\n\nμ 上課方式(投影片、團體討論、老師教學風格)\n\n老師丟出投影片上的案例，從請求權基礎開始，一一與大家討論。\n\n通常會有老師熟識的科法所同學回答，不過也常因此陷入聊天狀態，偏離主題。\n\n老師不會直接講解爭點，一個主題會講兩三次上課，也沒什麼計畫性，就是很開放性的讓大\n家一起動腦思考，然後一步步解決問題。\n\n如上所述，因為常常和同學對話，所以討論主題常常開花，老師心血來潮也會跳開講同學稍\n微帶到或有疑問的議題。\n\n不過因為不是必修課，沒啥進度壓力，所以不致影響太大。\n\nσ 評分方式(給分甜嗎？是紮實分？)\n\n尚未收到成績。\n\n不過太愛五木了，所以先行評價。\n\nρ 考題型式、作業方式\n\n大學部期末考，兩題實例題。\n\n考試範圍，嗯基本上就是，民法財產法全部。\n\n研究所報告一篇。\n\nω 其它(是否注重出席率？如果為外系選修，需先有什麼基礎較好嗎？老師個性？\n加簽習慣？嚴禁遲到等…)\n\n完全不鳥出席率。\n\n大四準備好可以考研究所或國考的狀態，真的是爽賺學分。\n\n但因為課程內容及於民總到物權，特別著重於債編部分，大三以下，以前學的忘光光，可能\n要自求多福。\n\n不過期末考的確都是上課有提到過的內容就是了。\n\nΨ 總結\n\n的確如上有稍稍論及，老師問答式、討論式的教學，讓課程有點冗長。\n\n而且會偷下課時間，往往前一個半小時都是喇賽，最後半小時衝一下當日進度做個了結，然\n後七點半才下課。(下課後118店都打烊了，建議先吃飯再上課......)\n\n當然完全不上課也不會有影響的。但一整學期下來，覺得缺課的話，實在太可惜了。\n\n因為老師雖然常常講有的沒的，偏離上課內容討論其他問題，不過每堂課總是會意外聽到一\n些從沒想過、或有小疑惑的爭點或概念。\n\n那一瞬間，覺得自己體內深處某個難以明白的癥結，瞬間被找到和解開，超級爽快。覺得浪\n費兩小時坐在那，聽到這兩分鐘就完全值得。\n\n綜合來說，這堂課認真參與，雖稍嫌冗長，但可以感受到老師操作法條的細膩和強大，還有\n背後邏輯思想上的善良與溫柔。\n\n而且每週花兩小時認真投入其中，和老師一起思考，對於民法請求權體系的掌握度越來越高\n，思考上、涵攝上的飽滿度也將大幅提升，必須承認，對考試答題有莫大的幫助。\n\n最後，因為非必修課，所以課程內容更貼近實務和生活，所以絕對是僅此於忠五，民法少數\n又溫暖又貼近人心的課程。希望大家有機會也能感受大法官的風采。\n\n還有靠北的講話方式哈哈哈。\n\n\n--\n\n原文網址: https://www.ptt.cc/bbs/NTUcourse/M.1515519476.A.B14.html""}]"
最高法院裁判與民法理論發展二,詹森林,法律學系、法律研究所、科際整合法律學研究所,1,114-2,42341,LAW5565,,,,,"[""無評價""]",[]
財稅法,葛克昌,法律學系、科際整合法律學研究所,2,114-2,40157,LAW3085,,,,,"[""[PTT | 105-2]: 轉載自 PTT 作者 ID: ntuwwwhth (廢宅)\n哪一學年度修課：105-2\n\nψ 授課教師 (若為多人合授請寫開課教師，以方便收錄)\n\n葛克昌\n\nλ 開課系所與授課對象 (是否為必修或通識課 / 內容是否與某些背景相關)\n\n法律系選修，限法律系學生，但印象中課堂上不乏有外系、外校的學生修習本課程。\n\nδ 課程大概內容\n\n老師在期中週以前會上課，期中週以後是同學分組報告，模式是第一節課報告，並於下課前由評論組問報告組問題，第二節課報告組回答問題，再由老師就報告內容做補充。但到後來常常老師只剩下二十分鐘或是更少時間補充。\n\n老實說，我並不是很清楚老師上課的脈絡，可能是我初次接觸財稅法這個領域，並不能很全面地掌握老師上課所想表達的內涵，但感覺老師上課常常針對幾個重要的核心概念做說明，比較像是補充說明式的授課方式，比較沒有一個主要依循的大架構。\n\nΩ 私心推薦指數(以五分計) ★★★★★\n\n4顆星\n\nη 上課用書(影印講義或是指定教科書)\n\n所得稅法與憲法(三版)，葛克昌\n\nμ 上課方式(投影片、團體討論、老師教學風格)\n\n老師上課主要是口頭授課，輔以板書，不使用PPT。但後半學期主要是以同學報告為主，多使用PPT報告。\n\nσ 評分方式(給分甜嗎？是紮實分？)\n\n極甜，修這門課基本上完全不用擔心成績的事，期中口頭報告認真準備，期末報告不要亂寫都會有很好的成績。\n\nρ 考題型式、作業方式\n\n一個期中分組報告，一個期末個人報告，沒有期中期末考。兩個報告的配分比例未知。\n\n期中報告是以口頭報告為主，並不需要交紙本報告，老師會在學期中差不多的時間，上傳題目數題(我們這班好像總共有八題還是九題)，大家就在某一次的課堂結束後，在黑板上自己喜歡的題目編號下寫下自己的名字，這就是期中報告的題目。並在期中週後依題目編號依序上台報告。\n\n題目是一個案例事實，必須分析爭點，把解題過程在課堂上呈現給大家。\n\n並且老師會安排評論組，在報告組同學報告完之後提出問題。有沒有列入評分不得而知。\n\n期末報告主題不拘，只要是跟財稅法相關的題目都可以，舉凡最高行政法院的判決、決議，或是財稅法的學說爭議，甚至期中報告的所有題目，包括自己期中報告負責的題目，都可以更加深入撰寫都可以當作期末報告。\n\n\n\nω 其它(是否注重出席率？如果為外系選修，需先有什麼基礎較好嗎？老師個性？\n加簽習慣？嚴禁遲到等…)\n\n老師講話非常緩慢而小聲，並且會在奇怪的地方停頓許久，據說是跟老師之前的身體因素有關，並不可考。\n\n老師就像是一個親切和藹的老伯伯，非常可愛，但在談論專業內容時，卻又變得尖銳犀利，常常把報告的學生問得不知所措，老師雖然說，把你逼到懸崖，你的潛能才能激發出來，但仍然看得出來老師問問題的脈絡，是在一步一步引導學生，並不像是某些評論組同學是為了問倒台上的同學而問。\n\n老師不點名，從來都沒來上過課也沒關係，因為期中報告十個人一組，要寄生非常容易(聽教授說我們這班選課人數爆多，有70幾人，以前可能通常都30幾人一班)，期末報告隨便寫要湊千字也不是難事，而且給分極甜，是一堂缺學分的同學可以趕快來修的課。\n\n老實說，我也不清楚究竟在這一個學期我學了什麼，很難講出一個具體的成效，但我想，老師教導我們的，是一個法律的精神，細節或技術性的東西也許沒有交給我們，但卻以量能原則等等基本原則為主地，確切傳達了作為一個法律人、法官應該要有的精神，雖然並不知道老師每堂課確切教了哪些內容，但我卻很少缺席這堂課，上這門課就好像是感受一個老學者，對一門專業的熱情，感受他所傳達的溫暖，身為學生，坐在底下聽講十分享受。\n\n講得很八股，也可能有很多人不以為然，每個人會有不同的感受，去聽聽看就知道自己喜不喜歡了。\n\nΨ 總結\n\n老師除了上課之外，對於行政的東西基本上完全不管，對於課堂規定也都講得不太清楚，也是經過多次詢問之後才大概知道老師的報告主要是如何進行等等，為了使以後修課的同學不會再一頭霧水，才寫了此篇評價。\n\n要確實學到財稅法的相關能力，這堂課可能不會是你的首選，但如果想要了解財稅法的精神，這堂課會是你很輕鬆的入門。\n\n\n\n--\n\n原文網址: https://www.ptt.cc/bbs/NTUcourse/M.1503133083.A.25B.html""]","[{""User_ID"": ""PTT"", ""Semester"": ""105-2"", ""Rating_Quality"": null, ""Rating_Sweet"": null, ""Rating_Easy"": null, ""Rating_Rich"": null, ""Comment"": ""轉載自 PTT 作者 ID: ntuwwwhth (廢宅)\n哪一學年度修課：105-2\n\nψ 授課教師 (若為多人合授請寫開課教師，以方便收錄)\n\n葛克昌\n\nλ 開課系所與授課對象 (是否為必修或通識課 / 內容是否與某些背景相關)\n\n法律系選修，限法律系學生，但印象中課堂上不乏有外系、外校的學生修習本課程。\n\nδ 課程大概內容\n\n老師在期中週以前會上課，期中週以後是同學分組報告，模式是第一節課報告，並於下課前由評論組問報告組問題，第二節課報告組回答問題，再由老師就報告內容做補充。但到後來常常老師只剩下二十分鐘或是更少時間補充。\n\n老實說，我並不是很清楚老師上課的脈絡，可能是我初次接觸財稅法這個領域，並不能很全面地掌握老師上課所想表達的內涵，但感覺老師上課常常針對幾個重要的核心概念做說明，比較像是補充說明式的授課方式，比較沒有一個主要依循的大架構。\n\nΩ 私心推薦指數(以五分計) ★★★★★\n\n4顆星\n\nη 上課用書(影印講義或是指定教科書)\n\n所得稅法與憲法(三版)，葛克昌\n\nμ 上課方式(投影片、團體討論、老師教學風格)\n\n老師上課主要是口頭授課，輔以板書，不使用PPT。但後半學期主要是以同學報告為主，多使用PPT報告。\n\nσ 評分方式(給分甜嗎？是紮實分？)\n\n極甜，修這門課基本上完全不用擔心成績的事，期中口頭報告認真準備，期末報告不要亂寫都會有很好的成績。\n\nρ 考題型式、作業方式\n\n一個期中分組報告，一個期末個人報告，沒有期中期末考。兩個報告的配分比例未知。\n\n期中報告是以口頭報告為主，並不需要交紙本報告，老師會在學期中差不多的時間，上傳題目數題(我們這班好像總共有八題還是九題)，大家就在某一次的課堂結束後，在黑板上自己喜歡的題目編號下寫下自己的名字，這就是期中報告的題目。並在期中週後依題目編號依序上台報告。\n\n題目是一個案例事實，必須分析爭點，把解題過程在課堂上呈現給大家。\n\n並且老師會安排評論組，在報告組同學報告完之後提出問題。有沒有列入評分不得而知。\n\n期末報告主題不拘，只要是跟財稅法相關的題目都可以，舉凡最高行政法院的判決、決議，或是財稅法的學說爭議，甚至期中報告的所有題目，包括自己期中報告負責的題目，都可以更加深入撰寫都可以當作期末報告。\n\n\n\nω 其它(是否注重出席率？如果為外系選修，需先有什麼基礎較好嗎？老師個性？\n加簽習慣？嚴禁遲到等…)\n\n老師講話非常緩慢而小聲，並且會在奇怪的地方停頓許久，據說是跟老師之前的身體因素有關，並不可考。\n\n老師就像是一個親切和藹的老伯伯，非常可愛，但在談論專業內容時，卻又變得尖銳犀利，常常把報告的學生問得不知所措，老師雖然說，把你逼到懸崖，你的潛能才能激發出來，但仍然看得出來老師問問題的脈絡，是在一步一步引導學生，並不像是某些評論組同學是為了問倒台上的同學而問。\n\n老師不點名，從來都沒來上過課也沒關係，因為期中報告十個人一組，要寄生非常容易(聽教授說我們這班選課人數爆多，有70幾人，以前可能通常都30幾人一班)，期末報告隨便寫要湊千字也不是難事，而且給分極甜，是一堂缺學分的同學可以趕快來修的課。\n\n老實說，我也不清楚究竟在這一個學期我學了什麼，很難講出一個具體的成效，但我想，老師教導我們的，是一個法律的精神，細節或技術性的東西也許沒有交給我們，但卻以量能原則等等基本原則為主地，確切傳達了作為一個法律人、法官應該要有的精神，雖然並不知道老師每堂課確切教了哪些內容，但我卻很少缺席這堂課，上這門課就好像是感受一個老學者，對一門專業的熱情，感受他所傳達的溫暖，身為學生，坐在底下聽講十分享受。\n\n講得很八股，也可能有很多人不以為然，每個人會有不同的感受，去聽聽看就知道自己喜不喜歡了。\n\nΨ 總結\n\n老師除了上課之外，對於行政的東西基本上完全不管，對於課堂規定也都講得不太清楚，也是經過多次詢問之後才大概知道老師的報告主要是如何進行等等，為了使以後修課的同學不會再一頭霧水，才寫了此篇評價。\n\n要確實學到財稅法的相關能力，這堂課可能不會是你的首選，但如果想要了解財稅法的精神，這堂課會是你很輕鬆的入門。\n\n\n\n--\n\n原文網址: https://www.ptt.cc/bbs/NTUcourse/M.1503133083.A.25B.html""}]"
國際法專題討論一,姜皇池,法律學系、法律研究所、科際整合法律學研究所,2,114-2,42767,LAW5392,,,,,"[""無評價""]",[]
國際法專題討論二,姜皇池,法律學系、法律研究所、科際整合法律學研究所,2,114-2,13646,LAW5393,,,,,"[""無評價""]",[]
社會安全制度與法律,孫迺翊,法律學系、法律研究所、科際整合法律學研究所,2,114-2,41371,LAW4069,,,,,"[""無評價""]",[]
英美法導論,張文貞,法律學系、科際整合法律學研究所,2,114-2,45500,LAW2120,,,,,"[""[PTT | 107-2]: 轉載自 PTT 作者 ID: k498072083 (楷呼)\n哪一學年度修課：\n107-2\nψ 授課教師 (若為多人合授請寫開課教師，以方便收錄)\n張文貞\nλ 開課系所與授課對象 (是否為必修或通識課 / 內容是否與某些背景相關)\n法律學院/ 法律系大二選修\nδ 課程大概內容\n1. Introduction: The beginning of modern judicial review\n*Marbury v. Madison, 5 U.S. (1 Cranch) 137 (1803).\n2. Common law, equity & the development of the Anglo-American judicial system\n3. Judicial process of modern American courts\n*Flast v. Cohen, 392 U.S. 83 (1968)\n*Lujan v. Defender of Wildlife, 504 U.S. 555 (1992)\n4. The impacts of court decisions on the society: Watershed cases of the U.S.\nSupreme Court\n*Brown v. Board of Education, 347 U.S. 483 (1954)\n*Griswold v. Connecticut, 381 U.S. 479 (1965)\nΩ 私心推薦指數(以五分計) ★★★★★\n★★★★★\nη 上課用書(影印講義或是指定教科書)\n老師會在Ceiba上傳一份自編講義，大約兩百多頁\nμ 上課方式(投影片、團體討論、老師教學風格)\n全英文授課，老師蠻喜歡和學生討論，也會放慢講話速度，語言能力我覺得只要願意表達\n，應該不會有太大的問題，說不出來，老師也不會為難。\nσ 評分方式(給分甜嗎？是紮實分？)\nClass participation & reflection: 35%\nMidterm exam: 35%\nFinal exam: 30%\n相較於法律系其他課程，應該算甜。只要上課認真聽，課前預習，考試不會很難。\nρ 考題型式、作業方式\n考試題型包含選擇、簡答、申論題\n作業：3篇case brief 、1篇scenario case\nω 其它(是否注重出席率？如果為外系選修，需先有什麼基礎較好嗎？老師個性？\n加簽習慣？嚴禁遲到等…)\n老師沒有點過名，不過有座位表，同學出席率蠻高的。\nΨ 總結\n整堂課大概延續老師憲法上課的風格，喜歡讓學生彼此在議題上進行討論，可以感覺得到\n老師會試著讓兩造的討論更激烈，很多時候蠻有啟發性的。\n\n推薦對於英美法有興趣的人修，這是一門相較之下不會很重，但修完可以大致理解英美法\n體系的課程。建議大家上課前可以把閱讀進度看完，大多在20頁上下，每個禮拜花一點時\n間，後續考試就會輕鬆許多（我每個禮拜都跟著進度念，期中期末爆肝，所以只有在考前\n看一下考古題跟寫的作業，就去考試了）。考試跟作業老師不會吝嗇給分，作業分別是A+\n、A-、A、A，期中93、期末未知。最後總成績是A+～\n\n--\n\n原文網址: https://www.ptt.cc/bbs/NTUcourse/M.1565018821.A.AA3.html""]","[{""User_ID"": ""PTT"", ""Semester"": ""107-2"", ""Rating_Quality"": null, ""Rating_Sweet"": null, ""Rating_Easy"": null, ""Rating_Rich"": null, ""Comment"": ""轉載自 PTT 作者 ID: k498072083 (楷呼)\n哪一學年度修課：\n107-2\nψ 授課教師 (若為多人合授請寫開課教師，以方便收錄)\n張文貞\nλ 開課系所與授課對象 (是否為必修或通識課 / 內容是否與某些背景相關)\n法律學院/ 法律系大二選修\nδ 課程大概內容\n1. Introduction: The beginning of modern judicial review\n*Marbury v. Madison, 5 U.S. (1 Cranch) 137 (1803).\n2. Common law, equity & the development of the Anglo-American judicial system\n3. Judicial process of modern American courts\n*Flast v. Cohen, 392 U.S. 83 (1968)\n*Lujan v. Defender of Wildlife, 504 U.S. 555 (1992)\n4. The impacts of court decisions on the society: Watershed cases of the U.S.\nSupreme Court\n*Brown v. Board of Education, 347 U.S. 483 (1954)\n*Griswold v. Connecticut, 381 U.S. 479 (1965)\nΩ 私心推薦指數(以五分計) ★★★★★\n★★★★★\nη 上課用書(影印講義或是指定教科書)\n老師會在Ceiba上傳一份自編講義，大約兩百多頁\nμ 上課方式(投影片、團體討論、老師教學風格)\n全英文授課，老師蠻喜歡和學生討論，也會放慢講話速度，語言能力我覺得只要願意表達\n，應該不會有太大的問題，說不出來，老師也不會為難。\nσ 評分方式(給分甜嗎？是紮實分？)\nClass participation & reflection: 35%\nMidterm exam: 35%\nFinal exam: 30%\n相較於法律系其他課程，應該算甜。只要上課認真聽，課前預習，考試不會很難。\nρ 考題型式、作業方式\n考試題型包含選擇、簡答、申論題\n作業：3篇case brief 、1篇scenario case\nω 其它(是否注重出席率？如果為外系選修，需先有什麼基礎較好嗎？老師個性？\n加簽習慣？嚴禁遲到等…)\n老師沒有點過名，不過有座位表，同學出席率蠻高的。\nΨ 總結\n整堂課大概延續老師憲法上課的風格，喜歡讓學生彼此在議題上進行討論，可以感覺得到\n老師會試著讓兩造的討論更激烈，很多時候蠻有啟發性的。\n\n推薦對於英美法有興趣的人修，這是一門相較之下不會很重，但修完可以大致理解英美法\n體系的課程。建議大家上課前可以把閱讀進度看完，大多在20頁上下，每個禮拜花一點時\n間，後續考試就會輕鬆許多（我每個禮拜都跟著進度念，期中期末爆肝，所以只有在考前\n看一下考古題跟寫的作業，就去考試了）。考試跟作業老師不會吝嗇給分，作業分別是A+\n、A-、A、A，期中93、期末未知。最後總成績是A+～\n\n--\n\n原文網址: https://www.ptt.cc/bbs/NTUcourse/M.1565018821.A.AA3.html""}]"
刑事政策,謝煜偉,法律學系、科際整合法律學研究所,2,114-2,23321,LAW3230,,,,,"[""[PTT | 109-2]: 轉載自 PTT 作者 ID: dormant (千)\n哪一學年度修課：\n109-2\nψ 授課教師 (若為多人合授請寫開課教師，以方便收錄)\n謝煜偉\nλ 開課系所與授課對象 (是否為必修或通識課 / 內容是否與某些背景相關)\n法律系選修\nδ 課程大概內容\n課程雖然名為刑事政策，但內容涵蓋作為犯罪學、刑事法學和政策學三方面，\n惟刑事法學的部分著墨較少。\n\n犯罪學的部分主要介紹各家針對犯罪原因所提出的理論，\n例如：犯罪生物學、犯罪社會學、批判犯罪學等等，下面各有一些分支理論。\n\n政策學則講述了包含：\n刑事預防政策、刑事立法政策、刑事司法政策、刑事處遇理論。\nΩ 私心推薦指數(以五分計) ★★★★★\n五顆星\nη 上課用書(影印講義或是指定教科書)\n老師自製投影片\n雖然無指定教科書，但老師在學期初時推薦四本參考書目，分別是：\n《懲罰與現代社會》、《控制的文化》、《失控的懲罰》和《懲罰的三大思辨》\n另外學期中還推薦了《誰都可以，就是想殺人》和《倫理的腦》\nμ 上課方式(投影片、團體討論、老師教學風格)\n課前觀看去年錄製之教學影片，老師鼓勵我們踴躍提出問題，\n課中老師會針對我們的問題進行回覆與補充。\nσ 評分方式(給分甜嗎？是紮實分？)\n期末考70%+作業及上課表現30%\n紮實甜\nρ 考題型式、作業方式\n期末考為申論題，\n上述作業及上課表現則係指針對課前教學影片的提問多寡與品質。\nω 其它(是否注重出席率？如果為外系選修，需先有什麼基礎較好嗎？老師個性？\n加簽習慣？嚴禁遲到等…)\n雖然沒有擋修規定，但課程大綱上建議先修畢刑分和刑訴，\n並且強烈建議修畢刑總再來。\nΨ 總結\n雖然老師說過這門課主要是推廣性質，各個理論沒辦法介紹太深入，\n但跟隨老師介紹鳥瞰犯罪原因論的流變和不同時期美國刑事政策的轉向很有趣，\n總而言之，是一門發人深省的課程。\n\n\n--\n\n原文網址: https://www.ptt.cc/bbs/NTUcourse/M.1625329568.A.254.html""]","[{""User_ID"": ""PTT"", ""Semester"": ""109-2"", ""Rating_Quality"": null, ""Rating_Sweet"": null, ""Rating_Easy"": null, ""Rating_Rich"": null, ""Comment"": ""轉載自 PTT 作者 ID: dormant (千)\n哪一學年度修課：\n109-2\nψ 授課教師 (若為多人合授請寫開課教師，以方便收錄)\n謝煜偉\nλ 開課系所與授課對象 (是否為必修或通識課 / 內容是否與某些背景相關)\n法律系選修\nδ 課程大概內容\n課程雖然名為刑事政策，但內容涵蓋作為犯罪學、刑事法學和政策學三方面，\n惟刑事法學的部分著墨較少。\n\n犯罪學的部分主要介紹各家針對犯罪原因所提出的理論，\n例如：犯罪生物學、犯罪社會學、批判犯罪學等等，下面各有一些分支理論。\n\n政策學則講述了包含：\n刑事預防政策、刑事立法政策、刑事司法政策、刑事處遇理論。\nΩ 私心推薦指數(以五分計) ★★★★★\n五顆星\nη 上課用書(影印講義或是指定教科書)\n老師自製投影片\n雖然無指定教科書，但老師在學期初時推薦四本參考書目，分別是：\n《懲罰與現代社會》、《控制的文化》、《失控的懲罰》和《懲罰的三大思辨》\n另外學期中還推薦了《誰都可以，就是想殺人》和《倫理的腦》\nμ 上課方式(投影片、團體討論、老師教學風格)\n課前觀看去年錄製之教學影片，老師鼓勵我們踴躍提出問題，\n課中老師會針對我們的問題進行回覆與補充。\nσ 評分方式(給分甜嗎？是紮實分？)\n期末考70%+作業及上課表現30%\n紮實甜\nρ 考題型式、作業方式\n期末考為申論題，\n上述作業及上課表現則係指針對課前教學影片的提問多寡與品質。\nω 其它(是否注重出席率？如果為外系選修，需先有什麼基礎較好嗎？老師個性？\n加簽習慣？嚴禁遲到等…)\n雖然沒有擋修規定，但課程大綱上建議先修畢刑分和刑訴，\n並且強烈建議修畢刑總再來。\nΨ 總結\n雖然老師說過這門課主要是推廣性質，各個理論沒辦法介紹太深入，\n但跟隨老師介紹鳥瞰犯罪原因論的流變和不同時期美國刑事政策的轉向很有趣，\n總而言之，是一門發人深省的課程。\n\n\n--\n\n原文網址: https://www.ptt.cc/bbs/NTUcourse/M.1625329568.A.254.html""}]"
刑事訴訟法專題討論一,林鈺雄,法律學系、法律研究所、科際整合法律學研究所,2,114-2,48828,LAW5324,,,,,"[""無評價""]",[]
刑事訴訟法專題討論二,林鈺雄,法律學系、法律研究所、科際整合法律學研究所,2,114-2,33582,LAW5325,,,,,"[""無評價""]",[]
刑法總則二,周漾沂,法學組、司法組、財法組、科際整合法律學研究所,3,114-2,24261,LAW2054,,,,,"[""無評價""]",[]
刑法總則二,謝煜偉,法學組、司法組、財法組、科際整合法律學研究所,3,114-2,18338,LAW2054,,,,,"[""無評價""]",[]
民法物權,黃詩淳,法學組、司法組、財法組、科際整合法律學研究所,3,114-2,23729,LAW1077,4.8,3.8,4.2,4.5,"[""[User43987 | 113-2]: 民法物權。\n一週三節課。\n老師自己編寫的物權教材，會印發紙質版並上傳電子版至ntu cool.\n僅有期末考試，選擇題30%+論述題70%。\n只有期末考，課堂中會點人讀法條來加分。\n老師人很好，北海道故事有意思。不會有出勤、作業的壓力，但代價是期末壓力蠻大的。""]","[{""User_ID"": ""User43987"", ""Semester"": ""113-2"", ""Rating_Quality"": null, ""Rating_Sweet"": null, ""Rating_Easy"": null, ""Rating_Rich"": null, ""Comment"": ""民法物權。\n一週三節課。\n老師自己編寫的物權教材，會印發紙質版並上傳電子版至ntu cool.\n僅有期末考試，選擇題30%+論述題70%。\n只有期末考，課堂中會點人讀法條來加分。\n老師人很好，北海道故事有意思。不會有出勤、作業的壓力，但代價是期末壓力蠻大的。""}]"
民法債編總論二,張譯文,法學組、司法組、財法組、科際整合法律學研究所,3,114-2,32403,LAW2069,,,,,"[""[PTT | 109-2]: 轉載自 PTT 作者 ID: wuliiii (葡萄糖安)\n哪一學年度修課：\n109-2\nψ 授課教師 (若為多人合授請寫開課教師，以方便收錄)\n張譯文\nλ 開課系所與授課對象 (是否為必修或通識課 / 內容是否與某些背景相關)\n法律系必修\nδ 課程大概內容\n法定之債（無因管理、不當得利、侵權行為）以及損害賠償法\nΩ 私心推薦指數(以五分計) ★★★★★ 五顆星推推\n\nη 上課用書(影印講義或是指定教科書)\n老師會印自編講義給大家，Ceiba上有課程相關推薦用書（如下），我自己是都沒買（也\n沒時間看），只有看講義。\n1. 王澤鑑，不當得利\n2. 王澤鑑，侵權行為\n3. 王澤鑑，債法原理；基本理論\n4. 王澤鑑，損害賠償\n5. 林誠二，債法總論新解—體系化解說（上）\n6. 邱聰智、姚志明，新訂民法債編通則（上）\n7. 姚志明，侵權行為法\n8. 姚志明，無因管理與不當得利\n9. 孫森焱，民法債編總論（上）\n10. 陳聰富，侵權行為法原理\n11. 黃立，民法債編總論\n12. 黃茂榮，不當得利\n13. 楊芳賢，不當得利\n14. 楊芳賢，民法債編總論（上）\n15. 鄭冠宇，民法債編總論\n16. 劉春堂，民法債編通則（下）\nμ 上課方式(投影片、團體討論、老師教學風格)\n上課方式以板書為主，每講新的單元時就會畫樹狀圖，按著樹狀圖的順序來教，主要會透\n過大量的實務判決來深入講解課程，也會講各家學說的見解跟老師個人的看法。講義內容\n大多是滿滿的判決節錄，我個人還滿喜歡這點的，比較容易去理解課程內容，對於寫實例\n題也頗有幫助的。另外，老師很鼓勵同學在課堂上發問，上課氣氛滿輕鬆愉快的，轉線上\n後也會在NTU COOL影片留言處回答同學的問題。\nσ 評分方式(給分甜嗎？是紮實分？)\n期中考40%、期末考60%\n期末因為轉線上，變成可以寫三天的期末報告（？）\n紮實分，甜度應該是還好。然後似乎是因為這次期中沒有考得很好，所以期末有另外出加\n分題（25分），考題大多是老師上課講過的案例再做一些變化。\nρ 考題型式、作業方式\n申論題\nω 其它(是否注重出席率？如果為外系選修，需先有什麼基礎較好嗎？老師個性？\n加簽習慣？嚴禁遲到等…)\n不點名\nCeiba上是建議修過民總、債總一，也會列為加簽的參考因素。我個人也是覺得有修過會\n更好理解老師在說什麼，但是沒修過應該也不至於聽不懂，不用太擔心。\n加簽的話，老師直接表明先寄信不會有優勢，簽到教室坐滿，會參酌修課情形等等各種因\n素\nΨ 總結\n老師是去年新進的老師，看課程版都還沒有什麼評價文，所以來這邊推薦一下老師！\n分享個趣事，線上後老師有次螢幕錄影忘記錄聲音，非常崩潰，重新再錄一次之後，除了\n有聲版的之外，連無聲版的也一併上傳，還有隔壁棚顏老師的螢幕錄製教學，跟同學們討\n拍XDDDD\n\n--\n\n原文網址: https://www.ptt.cc/bbs/NTUcourse/M.1625465731.A.D31.html""]","[{""User_ID"": ""PTT"", ""Semester"": ""109-2"", ""Rating_Quality"": null, ""Rating_Sweet"": null, ""Rating_Easy"": null, ""Rating_Rich"": null, ""Comment"": ""轉載自 PTT 作者 ID: wuliiii (葡萄糖安)\n哪一學年度修課：\n109-2\nψ 授課教師 (若為多人合授請寫開課教師，以方便收錄)\n張譯文\nλ 開課系所與授課對象 (是否為必修或通識課 / 內容是否與某些背景相關)\n法律系必修\nδ 課程大概內容\n法定之債（無因管理、不當得利、侵權行為）以及損害賠償法\nΩ 私心推薦指數(以五分計) ★★★★★ 五顆星推推\n\nη 上課用書(影印講義或是指定教科書)\n老師會印自編講義給大家，Ceiba上有課程相關推薦用書（如下），我自己是都沒買（也\n沒時間看），只有看講義。\n1. 王澤鑑，不當得利\n2. 王澤鑑，侵權行為\n3. 王澤鑑，債法原理；基本理論\n4. 王澤鑑，損害賠償\n5. 林誠二，債法總論新解—體系化解說（上）\n6. 邱聰智、姚志明，新訂民法債編通則（上）\n7. 姚志明，侵權行為法\n8. 姚志明，無因管理與不當得利\n9. 孫森焱，民法債編總論（上）\n10. 陳聰富，侵權行為法原理\n11. 黃立，民法債編總論\n12. 黃茂榮，不當得利\n13. 楊芳賢，不當得利\n14. 楊芳賢，民法債編總論（上）\n15. 鄭冠宇，民法債編總論\n16. 劉春堂，民法債編通則（下）\nμ 上課方式(投影片、團體討論、老師教學風格)\n上課方式以板書為主，每講新的單元時就會畫樹狀圖，按著樹狀圖的順序來教，主要會透\n過大量的實務判決來深入講解課程，也會講各家學說的見解跟老師個人的看法。講義內容\n大多是滿滿的判決節錄，我個人還滿喜歡這點的，比較容易去理解課程內容，對於寫實例\n題也頗有幫助的。另外，老師很鼓勵同學在課堂上發問，上課氣氛滿輕鬆愉快的，轉線上\n後也會在NTU COOL影片留言處回答同學的問題。\nσ 評分方式(給分甜嗎？是紮實分？)\n期中考40%、期末考60%\n期末因為轉線上，變成可以寫三天的期末報告（？）\n紮實分，甜度應該是還好。然後似乎是因為這次期中沒有考得很好，所以期末有另外出加\n分題（25分），考題大多是老師上課講過的案例再做一些變化。\nρ 考題型式、作業方式\n申論題\nω 其它(是否注重出席率？如果為外系選修，需先有什麼基礎較好嗎？老師個性？\n加簽習慣？嚴禁遲到等…)\n不點名\nCeiba上是建議修過民總、債總一，也會列為加簽的參考因素。我個人也是覺得有修過會\n更好理解老師在說什麼，但是沒修過應該也不至於聽不懂，不用太擔心。\n加簽的話，老師直接表明先寄信不會有優勢，簽到教室坐滿，會參酌修課情形等等各種因\n素\nΨ 總結\n老師是去年新進的老師，看課程版都還沒有什麼評價文，所以來這邊推薦一下老師！\n分享個趣事，線上後老師有次螢幕錄影忘記錄聲音，非常崩潰，重新再錄一次之後，除了\n有聲版的之外，連無聲版的也一併上傳，還有隔壁棚顏老師的螢幕錄製教學，跟同學們討\n拍XDDDD\n\n--\n\n原文網址: https://www.ptt.cc/bbs/NTUcourse/M.1625465731.A.D31.html""}]"
國際公法,姜皇池,法學組、司法組、財法組、科際整合法律學研究所,2,114-2,46145,LAW2090,,,,,"[""[PTT | 107-2]: 轉載自 PTT 作者 ID: cullen91329 (realycl)\n是\n哪一學年度修課：107-2\nψ 授課教師 (若為多人合授請寫開課教師，以方便收錄)\n姜皇池\n\nλ 開課系所與授課對象 (是否為必修或通識課 / 內容是否與某些背景相關)\n法律系大二必修\nδ 課程大概內容\n國際公法\nΩ 私心推薦指數(以五分計) ★★★★★\n涼度：五星以上\n喜歡背單字：滿天星\n討厭英文或拉丁文：一星\n甜度：筆者認為至少3-4星\n\nη 上課用書(影印講義或是指定教科書)\n姜皇池 國際公法導論\n\nμ 上課方式(投影片、團體討論、老師教學風格)\n筆者以盡量客觀的角度評價，大家理性一點哦～～\n上課都是用投影片，內容大約是上課用書的精簡版\n老師台語很溜，用台語念條約內容真的很好笑\n我覺得政治笑話也滿好笑的啦，老師有個人立場，不喜歡的就不要上\n之前評價都說老師教的很爛，但我覺得其實不會到非常差\n如果你上課有記筆記，每章的大致概念會有\n但老師語速偏快又有點含糊，要很認真聽\n\nσ 評分方式(給分甜嗎？是紮實分？)\n期中考：皇池英檢跟皇池拉丁檢\n期末考：皇池英檢與皇池拉丁檢+申論二擇一\n老師說申論只要寫一題，寫兩題的以低分計算XD\n今年申論據說一樣是考古，是國家的要件以及國際社會成員的承認問題（另一題我忘了）\n英檢拉丁檢就是上到哪考到哪\n期末大多集中在最後一兩章，可以賭一把只背後面的\n\nρ 考題型式、作業方式\n不小心把考試形式打在上面了，如上述\n期中期末各佔50%\n沒有作業\n\nω 其它(是否注重出席率？如果為外系選修，需先有什麼基礎較好嗎？老師個性？\n加簽習慣？嚴禁遲到等…)\n出席率超級低，很多人都沒來上課\n老師自己都遲到，所以遲到沒關係\n加簽就是有來就簽\n每年都考英文或拉丁文，筆者承認考這個真的沒什麼意義\n大家都考前瘋狂背\n但單論上課內容而言我覺得是普通沒有到很爛\n論教學內容筆者認為至少有60分以上啦\n如果你想學非常紮實的國際公法那就不建議修XD\n\nΨ 總結\n除非你真的很不會背單字，不然還是可以修啦\n聽一些老師在世界各地開會的故事，或是嘴砲一下政治\n其實也滿有趣的\n據說最後會調分，依筆者感覺應該是有調XD\n想對國際公法有個輪廓概念、喜歡涼課者\n都可以修皇池的課哦～～\n\n--\n\n原文網址: https://www.ptt.cc/bbs/NTUcourse/M.1561611437.A.D3F.html""]","[{""User_ID"": ""PTT"", ""Semester"": ""107-2"", ""Rating_Quality"": null, ""Rating_Sweet"": null, ""Rating_Easy"": null, ""Rating_Rich"": null, ""Comment"": ""轉載自 PTT 作者 ID: cullen91329 (realycl)\n是\n哪一學年度修課：107-2\nψ 授課教師 (若為多人合授請寫開課教師，以方便收錄)\n姜皇池\n\nλ 開課系所與授課對象 (是否為必修或通識課 / 內容是否與某些背景相關)\n法律系大二必修\nδ 課程大概內容\n國際公法\nΩ 私心推薦指數(以五分計) ★★★★★\n涼度：五星以上\n喜歡背單字：滿天星\n討厭英文或拉丁文：一星\n甜度：筆者認為至少3-4星\n\nη 上課用書(影印講義或是指定教科書)\n姜皇池 國際公法導論\n\nμ 上課方式(投影片、團體討論、老師教學風格)\n筆者以盡量客觀的角度評價，大家理性一點哦～～\n上課都是用投影片，內容大約是上課用書的精簡版\n老師台語很溜，用台語念條約內容真的很好笑\n我覺得政治笑話也滿好笑的啦，老師有個人立場，不喜歡的就不要上\n之前評價都說老師教的很爛，但我覺得其實不會到非常差\n如果你上課有記筆記，每章的大致概念會有\n但老師語速偏快又有點含糊，要很認真聽\n\nσ 評分方式(給分甜嗎？是紮實分？)\n期中考：皇池英檢跟皇池拉丁檢\n期末考：皇池英檢與皇池拉丁檢+申論二擇一\n老師說申論只要寫一題，寫兩題的以低分計算XD\n今年申論據說一樣是考古，是國家的要件以及國際社會成員的承認問題（另一題我忘了）\n英檢拉丁檢就是上到哪考到哪\n期末大多集中在最後一兩章，可以賭一把只背後面的\n\nρ 考題型式、作業方式\n不小心把考試形式打在上面了，如上述\n期中期末各佔50%\n沒有作業\n\nω 其它(是否注重出席率？如果為外系選修，需先有什麼基礎較好嗎？老師個性？\n加簽習慣？嚴禁遲到等…)\n出席率超級低，很多人都沒來上課\n老師自己都遲到，所以遲到沒關係\n加簽就是有來就簽\n每年都考英文或拉丁文，筆者承認考這個真的沒什麼意義\n大家都考前瘋狂背\n但單論上課內容而言我覺得是普通沒有到很爛\n論教學內容筆者認為至少有60分以上啦\n如果你想學非常紮實的國際公法那就不建議修XD\n\nΨ 總結\n除非你真的很不會背單字，不然還是可以修啦\n聽一些老師在世界各地開會的故事，或是嘴砲一下政治\n其實也滿有趣的\n據說最後會調分，依筆者感覺應該是有調XD\n想對國際公法有個輪廓概念、喜歡涼課者\n都可以修皇池的課哦～～\n\n--\n\n原文網址: https://www.ptt.cc/bbs/NTUcourse/M.1561611437.A.D3F.html""}]"
民法身分法,陳韻如,法學組、司法組、財法組、科際整合法律學研究所,3,114-2,31576,LAW3282,,,,,"[""[PTT | 110-2]: 轉載自 PTT 作者 ID: beccaria0711 (寇莉)\n哪一學年度修課：\nψ 授課教師 (若為多人合授請寫開課教師，以方便收錄)\n陳韻如\nλ 開課系所與授課對象 (是否為必修或通識課 / 內容是否與某些背景相關)\n法律系大二必修\nδ 課程大概內容\n\n本課程以教師講授為主，上課點名與小組討論為輔，介紹親屬法與繼承法之基本架構、法\n律解釋、實務見解與理論政策。 除了傳統法釋義學的操作訓練，授課教師將介紹相關法\n社會學、法律史與美國批判法學的研究成果，引導同學們檢視現存現行法框架，思考法律\n改革的方向。（取自cool）\n\nΩ 私心推薦指數(以五分計) ★★★★★\n想聽老師分享法律史觀點的身分法：★★★★★\n不喜歡寫課後習題：★\n喜歡跟老師互動：★★★★★\n想要很紮實的學好身分法：★★★\n老師本人：滿天星\nη 上課用書(影印講義或是指定教科書)\n【親屬編】 陳棋炎、黃宗樂、郭振恭《民法親屬新論》 。 林秀雄《親屬法講義》。\n戴炎輝、戴東雄、戴瑀如《親屬法》\n【繼承編】 陳棋炎、黃宗樂、郭振恭，《民法繼承新論》 林秀雄，《繼承法講義》 戴\n炎輝、戴東雄、戴瑀如，《繼承法》\n【跨領域與方法論】 王泰升《台灣法律史概論》 Halley, Janet &amp; Rittich, Kerr\ny (2010). Critical Directions in Comparative Family Law: Genealogies and Conte\nmporary Studies of Family Law Exceptionalism. American Journal of Comparative\nLaw, 58, 753-776. Mnookin, Robert H. &amp; Kornhauser, Lewis (1979). Bargaini\nng in the Shadow of the Law: The Case of Divorce. The Yale Law Journal, 88(5),\n950-997.\n\n但基本上不買也沒關係（？）畢竟老師的投影片寫得很清楚ㄌ\n上課要帶法條（老師會點人念）\nμ 上課方式(投影片、團體討論、老師教學風格)\n【課堂注意事項】 1.上課自備小六法或法條。 2.上課同學請自行準備大字體名牌（可使\n用A4紙摺疊放在桌上），以利教師認識修課同學以及抽點。\n\n主要以老師用ＰＰＴ講授為主，每週會有課後習題作為加分的來源之一（加分方式後詳）\n，下一週的上課一開始會請助教講解習題。期中週後有請老師的兩個同學來演講（一個是\n家事法院的法官，另一個是家事專業的律師），因爲疫情的關係改成線上講座（老師在開\n始前一直跟同學敘舊超可愛）。\n\n上課中會有一些思考題的時間，老師會給個幾分鐘跟旁邊同學討論之後點人回答。老師每\n次都會請助教點名所以還是要來啦（有人整學期都沒來），特別是雖然有名牌但是老師還\n是按照名單來，而且如果上禮拜都點法學組改成司法或財法、科法（很常會有某一組的人\n一整排都沒來），很多人不喜歡被點名（或是回答問題）就直接左轉刑訴ㄌ。\n\n儘管這學期變成16週，而且還有一次拿來做演講，但老師還是把親屬和繼承上完，而且在\n考前一週放了溫書假，雖然後期因為疫情的關係變成錄影片，但上課的速度真的是宛若跑\n車，筆者後期影片要多看幾次才能把某個概念弄懂。尚且不只是身分法的釋義學授課，前\n面有說到老師會補充很多法律史的部分，覺得在了解某個制度如何形成的很有幫助，尤其\n在我國身分法受到不少傳統觀念的影響下，釐清數十年來的修法變化對於學好身分法有一\n定的重要性。\n\n老師本人超可愛，而且還會分享一些以前在美國和日本生活的生活或教學經驗，像是105\n年那篇文說的老師會真的murmur一些日文。\n\nσ 評分方式(給分甜嗎？是紮實分？)\n期末考因為改成線上，故在COOL上考\n個人全勤+習題只有一題忘了寫，期末還滿簡單寫好寫滿，最後A+\n某位同學據說未曾在法律系拿過A+：最後拿A+\nρ 考題型式、作業方式\n分為選擇題和申論題\n\n選擇題共15題，45分。\n\n申論題55%＋加分題5%（加分題即寫一下這學期對於這堂課的感想或是可以改善的地方）\n\nω 其它(是否注重出席率？如果為外系選修，需先有什麼基礎較好嗎？老師個性？\n加簽習慣？嚴禁遲到等…)\n會點名已如前述，基本上有民法總則的基礎會好一點（尤其是某ㄍ學者很喜歡回到民總債\n總的規定）但是老師的課會盡量講得很清楚，也不會文鄒鄒，老師本人超nice，雖然會叫\n人唸法條或回答問題但你不回答其實老師也不會兇你。\n加簽本來是抽學生證，但是後來全簽（老師說於心不忍大家只有個位數學分）\nΨ 總結\n本人是韻如腦粉，上韻如的課是我每個禮拜二來學校的動力，而且坐第一排老師其實就不\n太會點我們（因為太吵ㄌ？），所以本人從未被點來唸法條（某次被點到，老師說：「我\n確定你有來我還是點別人好了」）。\n但實話實說如果真的想要把身分法學好，要自己把老師上課的內容整理起來，據說老師的\n投影片就是詩淳老師上課講義且經本人借來比較後發現真的是一樣的沒錯。但個人覺得最\n讚的方式是去跟另一班借講義然後對照著看，老師也會補充除了詩淳老師的內容外自己的\n一些想法，尤其在對於現行法的反思與思考修法方向、法制史的演變等等。老師也樂於回\n答大家的問題，筆者下課偶爾去問問題時已經要排個隊（但也沒那麼多），只是有次我小\n跑步去老師還模仿我小跑步ㄉ動作（超好笑）。\n閒聊ㄉ部分老師也不吝分享自己的喜好，如：有同學要結婚送喜餅的時候不要送甜的，老\n師喜歡吃鹹的、有豬肉的等等（筆記筆記）\n但評價文就是看看就好，身邊還是有人不喜歡老師的上課方式，總而言之還是來上個課就\n知道了，不要整學期不來上課然後說老師教得很爛。\n\n--\n\n原文網址: https://www.ptt.cc/bbs/NTUcourse/M.1657466116.A.101.html""]","[{""User_ID"": ""PTT"", ""Semester"": ""110-2"", ""Rating_Quality"": null, ""Rating_Sweet"": null, ""Rating_Easy"": null, ""Rating_Rich"": null, ""Comment"": ""轉載自 PTT 作者 ID: beccaria0711 (寇莉)\n哪一學年度修課：\nψ 授課教師 (若為多人合授請寫開課教師，以方便收錄)\n陳韻如\nλ 開課系所與授課對象 (是否為必修或通識課 / 內容是否與某些背景相關)\n法律系大二必修\nδ 課程大概內容\n\n本課程以教師講授為主，上課點名與小組討論為輔，介紹親屬法與繼承法之基本架構、法\n律解釋、實務見解與理論政策。 除了傳統法釋義學的操作訓練，授課教師將介紹相關法\n社會學、法律史與美國批判法學的研究成果，引導同學們檢視現存現行法框架，思考法律\n改革的方向。（取自cool）\n\nΩ 私心推薦指數(以五分計) ★★★★★\n想聽老師分享法律史觀點的身分法：★★★★★\n不喜歡寫課後習題：★\n喜歡跟老師互動：★★★★★\n想要很紮實的學好身分法：★★★\n老師本人：滿天星\nη 上課用書(影印講義或是指定教科書)\n【親屬編】 陳棋炎、黃宗樂、郭振恭《民法親屬新論》 。 林秀雄《親屬法講義》。\n戴炎輝、戴東雄、戴瑀如《親屬法》\n【繼承編】 陳棋炎、黃宗樂、郭振恭，《民法繼承新論》 林秀雄，《繼承法講義》 戴\n炎輝、戴東雄、戴瑀如，《繼承法》\n【跨領域與方法論】 王泰升《台灣法律史概論》 Halley, Janet &amp; Rittich, Kerr\ny (2010). Critical Directions in Comparative Family Law: Genealogies and Conte\nmporary Studies of Family Law Exceptionalism. American Journal of Comparative\nLaw, 58, 753-776. Mnookin, Robert H. &amp; Kornhauser, Lewis (1979). Bargaini\nng in the Shadow of the Law: The Case of Divorce. The Yale Law Journal, 88(5),\n950-997.\n\n但基本上不買也沒關係（？）畢竟老師的投影片寫得很清楚ㄌ\n上課要帶法條（老師會點人念）\nμ 上課方式(投影片、團體討論、老師教學風格)\n【課堂注意事項】 1.上課自備小六法或法條。 2.上課同學請自行準備大字體名牌（可使\n用A4紙摺疊放在桌上），以利教師認識修課同學以及抽點。\n\n主要以老師用ＰＰＴ講授為主，每週會有課後習題作為加分的來源之一（加分方式後詳）\n，下一週的上課一開始會請助教講解習題。期中週後有請老師的兩個同學來演講（一個是\n家事法院的法官，另一個是家事專業的律師），因爲疫情的關係改成線上講座（老師在開\n始前一直跟同學敘舊超可愛）。\n\n上課中會有一些思考題的時間，老師會給個幾分鐘跟旁邊同學討論之後點人回答。老師每\n次都會請助教點名所以還是要來啦（有人整學期都沒來），特別是雖然有名牌但是老師還\n是按照名單來，而且如果上禮拜都點法學組改成司法或財法、科法（很常會有某一組的人\n一整排都沒來），很多人不喜歡被點名（或是回答問題）就直接左轉刑訴ㄌ。\n\n儘管這學期變成16週，而且還有一次拿來做演講，但老師還是把親屬和繼承上完，而且在\n考前一週放了溫書假，雖然後期因為疫情的關係變成錄影片，但上課的速度真的是宛若跑\n車，筆者後期影片要多看幾次才能把某個概念弄懂。尚且不只是身分法的釋義學授課，前\n面有說到老師會補充很多法律史的部分，覺得在了解某個制度如何形成的很有幫助，尤其\n在我國身分法受到不少傳統觀念的影響下，釐清數十年來的修法變化對於學好身分法有一\n定的重要性。\n\n老師本人超可愛，而且還會分享一些以前在美國和日本生活的生活或教學經驗，像是105\n年那篇文說的老師會真的murmur一些日文。\n\nσ 評分方式(給分甜嗎？是紮實分？)\n期末考因為改成線上，故在COOL上考\n個人全勤+習題只有一題忘了寫，期末還滿簡單寫好寫滿，最後A+\n某位同學據說未曾在法律系拿過A+：最後拿A+\nρ 考題型式、作業方式\n分為選擇題和申論題\n\n選擇題共15題，45分。\n\n申論題55%＋加分題5%（加分題即寫一下這學期對於這堂課的感想或是可以改善的地方）\n\nω 其它(是否注重出席率？如果為外系選修，需先有什麼基礎較好嗎？老師個性？\n加簽習慣？嚴禁遲到等…)\n會點名已如前述，基本上有民法總則的基礎會好一點（尤其是某ㄍ學者很喜歡回到民總債\n總的規定）但是老師的課會盡量講得很清楚，也不會文鄒鄒，老師本人超nice，雖然會叫\n人唸法條或回答問題但你不回答其實老師也不會兇你。\n加簽本來是抽學生證，但是後來全簽（老師說於心不忍大家只有個位數學分）\nΨ 總結\n本人是韻如腦粉，上韻如的課是我每個禮拜二來學校的動力，而且坐第一排老師其實就不\n太會點我們（因為太吵ㄌ？），所以本人從未被點來唸法條（某次被點到，老師說：「我\n確定你有來我還是點別人好了」）。\n但實話實說如果真的想要把身分法學好，要自己把老師上課的內容整理起來，據說老師的\n投影片就是詩淳老師上課講義且經本人借來比較後發現真的是一樣的沒錯。但個人覺得最\n讚的方式是去跟另一班借講義然後對照著看，老師也會補充除了詩淳老師的內容外自己的\n一些想法，尤其在對於現行法的反思與思考修法方向、法制史的演變等等。老師也樂於回\n答大家的問題，筆者下課偶爾去問問題時已經要排個隊（但也沒那麼多），只是有次我小\n跑步去老師還模仿我小跑步ㄉ動作（超好笑）。\n閒聊ㄉ部分老師也不吝分享自己的喜好，如：有同學要結婚送喜餅的時候不要送甜的，老\n師喜歡吃鹹的、有豬肉的等等（筆記筆記）\n但評價文就是看看就好，身邊還是有人不喜歡老師的上課方式，總而言之還是來上個課就\n知道了，不要整學期不來上課然後說老師教得很爛。\n\n--\n\n原文網址: https://www.ptt.cc/bbs/NTUcourse/M.1657466116.A.101.html""}]"
行政救濟法,李建良,法學組、司法組、財法組、科際整合法律學研究所,2,114-2,55303,LAW3161,,,,,"[""無評價""]",[]
刑事訴訟法,林鈺雄,法學組、司法組、財法組、科際整合法律學研究所,4,114-2,27079,LAW3260,,,,,"[""無評價""]",[]
民事訴訟法甲下,陳瑋佑,法學組、司法組、財法組,3,114-2,34616,LAW3272,,,,,"[""無評價""]",[]
民事訴訟法甲下,沈冠伶,法學組、司法組、財法組,3,114-2,45611,LAW3272,,,,,"[""無評價""]",[]
法律實習專題研究一,林明鏘,法律研究所,2,114-2,11462,LAW7037,,,,,"[""無評價""]",[]
警察法專題研究一,林明鏘,法律研究所、科際整合法律學研究所,2,114-2,21740,LAW7209,,,,,"[""無評價""]",[]
警察法專題研究二,林明鏘,法律研究所、科際整合法律學研究所,2,114-2,15334,LAW7210,,,,,"[""無評價""]",[]
基本人權專題研究一,蘇慧婕,法律研究所、科際整合法律學研究所,2,114-2,31360,LAW5538,,,,,"[""無評價""]",[]
基本人權專題研究二,蘇慧婕,法律研究所、科際整合法律學研究所,2,114-2,20394,LAW5539,,,,,"[""無評價""]",[]
基本人權專題研究三,蘇慧婕,法律研究所、科際整合法律學研究所,2,114-2,36859,LAW7349,,,,,"[""無評價""]",[]
基本人權專題研究四,蘇慧婕,法律研究所、科際整合法律學研究所,2,114-2,18294,LAW7350,,,,,"[""無評價""]",[]
經濟法專題研究一,廖義男,法律研究所、科際整合法律學研究所,2,114-2,12407,LAW7141,,,,,"[""無評價""]",[]
經濟法專題研究二,廖義男,法律研究所、科際整合法律學研究所,2,114-2,48801,LAW7142,,,,,"[""無評價""]",[]
保險法專題研究一,汪信君,法律研究所、科際整合法律學研究所,2,114-2,33800,LAW5147,,,,,"[""[PTT | 104-2]: 轉載自 PTT 作者 ID: BHliang (BH良)\n哪一學年度修課：\n\n104-2\n\nψ 授課教師 (若為多人合授請寫開課教師，以方便收錄)\n\n汪信君 教授\n\nλ 開課系所與授課對象 (是否為必修或通識課 / 內容是否與某些背景相關)\n\n限學士班三年級以上，大學部修過保險法亦可選修。\n\n法律系的「XXX專題研究」原則上都是研究生的課，\n「XXX專題討論」才是大學部畢業學分規定中要修的\n\n選課的時候一時不察，以為是專題討論就選上了\n第一次去上課才知道選錯，就硬著頭皮繼續上\n\nδ 課程大概內容\n\n前幾周老師講解近幾年司律國考保險法的題目\n\n中間兩周是分組報告原文的保險法文章\n\n之後都是個人報告，老師期初就有大概規定範圍(健康險和傷害險)\n在範圍內自行決定題目，會輪流口頭報告自己選擇的題目與其內容，\n等每個人都口頭報告完的隔周交書面報告，交完就放假\n\nΩ 私心推薦指數(以五分計) ★★★★★\n\n(以下以大學部角度評價之：)\n\n想要深入探討保險法的細部相關問題：★★★★★\n\n想練習閱讀原文文獻能力：★★★★★\n\n想要練習深入地準備保險法相關的口頭報告、書面報告：★★★★★\n\n想要見見世面，看清楚自己和研究生實力差距之大：★★★★★+\n\n想要學習保險法的體系架構、法理和常見爭點：走錯班了，請洽「保險法」課程\n\n\nη 上課用書(影印講義或是指定教科書)\n\n無\n\nμ 上課方式(投影片、團體討論、老師教學風格)\n\n前三周老師會討論國考題目，會先輪流點頭學問說這題你怎麼看，\n等同學講完後再行講解，講解遇到爭點時會再次詢問大家的想法，\n讓大家發表意見、一起討論。\n\n因為是老師和修課學生們一同進行的討論，\n討論內容的深度和廣度都會比一般教科書或是解題書多很多。\n\n開學前老師就會把要報告的原文文獻寄給修課同學，\n第一周會分組選定文獻(依文獻長短分配人數)。\n\n報告原文文獻時，老師會拿著原文和該報告地投影片跟著報告的同學看，\n有不清楚或是需要補充的地方老師會問或是自行講解。\n\n個人報告每個人原則是報告一節課，視討論的熱烈程度上修。\n老師會拿著報告同學的投影片，邊聽邊問。\n和前面帶國考題目一樣，遇到爭點或是疑義處，老師會問大家的意見，\n讓大家一起進行討論。如果內容有需要特別補充的時候，\n老師會請同學下禮拜繼續報告補充。\n\n等最後一位同學報告完後，隔週去教室交書面報告即可\n(這學期因為人少，5/31就報告完，6/7交完報告就放假了~)\n\n下課時間不太固定，老師覺得討論到一個段落或是事情做完，\n就會直接宣布下課XD(有一周老師分配完個人報告順序後，\n講了一個時事(因台南地震而引起的未成年人保險的修法討論)\n講完就下課了\n\nσ 評分方式(給分甜嗎？是紮實分？)\n\n因為全班只有我一個大學生@@ 老師對大學生的標準感覺比較低，\n分數給得很不錯~\n\nρ 考題型式、作業方式\n\n期末書面報告老師沒有限定字數，同學們閒聊討論大概是8000字上下，\n應該就是把自己選的主題寫清楚就好\n\nω 其它(是否注重出席率？如果為外系選修，需先有什麼基礎較好嗎？老師個性？\n加簽習慣？嚴禁遲到等…)\n\n沒有明文規定，但大家請假都會和寫信和助教說(助教是同堂課的學姊)\n因為人數不多(10個左右)，老師貌似認得每個人\n每次上課都會問助教出席狀況(有沒有人請假)\n如果太常沒來老師會記住，而且會因此不太高興，衷心建議不要缺席\n\n個人報告一個人要報告一節課，所以一定要做好完全的準備\n老師很用心，準備的越多老師和同學們給的回饋會越多\n\nΨ 總結\n\n汪老師上課很用心，每個個人報告時老師都會很仔細地看你的報告、\n針對內容提問、帶領討論、補充，課堂的節奏很快、資訊量很大但不會太嚴肅。\n\n剛開始因為我和研究所的學長姐們程度差很多，\n討論時通常跟不太上老師和學長姐們討論的速度，\n但大有增廣見聞的裨益(討論的範圍遠遠超過一般教科書或是參考書所及)\n在找資料、寫報告的過程中也學到許多。\n\n如果對保險法有興趣+想要增廣見聞，蠻建議大學部的同學修這門課\n(當然如果有專題研究修專題研究就好XD)\n可以見識到研究生的實力+學到如何有系統且深入地去整理問題、探討問題\n\n\n--\n\n原文網址: https://www.ptt.cc/bbs/NTUcourse/M.1467311561.A.1A3.html""]","[{""User_ID"": ""PTT"", ""Semester"": ""104-2"", ""Rating_Quality"": null, ""Rating_Sweet"": null, ""Rating_Easy"": null, ""Rating_Rich"": null, ""Comment"": ""轉載自 PTT 作者 ID: BHliang (BH良)\n哪一學年度修課：\n\n104-2\n\nψ 授課教師 (若為多人合授請寫開課教師，以方便收錄)\n\n汪信君 教授\n\nλ 開課系所與授課對象 (是否為必修或通識課 / 內容是否與某些背景相關)\n\n限學士班三年級以上，大學部修過保險法亦可選修。\n\n法律系的「XXX專題研究」原則上都是研究生的課，\n「XXX專題討論」才是大學部畢業學分規定中要修的\n\n選課的時候一時不察，以為是專題討論就選上了\n第一次去上課才知道選錯，就硬著頭皮繼續上\n\nδ 課程大概內容\n\n前幾周老師講解近幾年司律國考保險法的題目\n\n中間兩周是分組報告原文的保險法文章\n\n之後都是個人報告，老師期初就有大概規定範圍(健康險和傷害險)\n在範圍內自行決定題目，會輪流口頭報告自己選擇的題目與其內容，\n等每個人都口頭報告完的隔周交書面報告，交完就放假\n\nΩ 私心推薦指數(以五分計) ★★★★★\n\n(以下以大學部角度評價之：)\n\n想要深入探討保險法的細部相關問題：★★★★★\n\n想練習閱讀原文文獻能力：★★★★★\n\n想要練習深入地準備保險法相關的口頭報告、書面報告：★★★★★\n\n想要見見世面，看清楚自己和研究生實力差距之大：★★★★★+\n\n想要學習保險法的體系架構、法理和常見爭點：走錯班了，請洽「保險法」課程\n\n\nη 上課用書(影印講義或是指定教科書)\n\n無\n\nμ 上課方式(投影片、團體討論、老師教學風格)\n\n前三周老師會討論國考題目，會先輪流點頭學問說這題你怎麼看，\n等同學講完後再行講解，講解遇到爭點時會再次詢問大家的想法，\n讓大家發表意見、一起討論。\n\n因為是老師和修課學生們一同進行的討論，\n討論內容的深度和廣度都會比一般教科書或是解題書多很多。\n\n開學前老師就會把要報告的原文文獻寄給修課同學，\n第一周會分組選定文獻(依文獻長短分配人數)。\n\n報告原文文獻時，老師會拿著原文和該報告地投影片跟著報告的同學看，\n有不清楚或是需要補充的地方老師會問或是自行講解。\n\n個人報告每個人原則是報告一節課，視討論的熱烈程度上修。\n老師會拿著報告同學的投影片，邊聽邊問。\n和前面帶國考題目一樣，遇到爭點或是疑義處，老師會問大家的意見，\n讓大家一起進行討論。如果內容有需要特別補充的時候，\n老師會請同學下禮拜繼續報告補充。\n\n等最後一位同學報告完後，隔週去教室交書面報告即可\n(這學期因為人少，5/31就報告完，6/7交完報告就放假了~)\n\n下課時間不太固定，老師覺得討論到一個段落或是事情做完，\n就會直接宣布下課XD(有一周老師分配完個人報告順序後，\n講了一個時事(因台南地震而引起的未成年人保險的修法討論)\n講完就下課了\n\nσ 評分方式(給分甜嗎？是紮實分？)\n\n因為全班只有我一個大學生@@ 老師對大學生的標準感覺比較低，\n分數給得很不錯~\n\nρ 考題型式、作業方式\n\n期末書面報告老師沒有限定字數，同學們閒聊討論大概是8000字上下，\n應該就是把自己選的主題寫清楚就好\n\nω 其它(是否注重出席率？如果為外系選修，需先有什麼基礎較好嗎？老師個性？\n加簽習慣？嚴禁遲到等…)\n\n沒有明文規定，但大家請假都會和寫信和助教說(助教是同堂課的學姊)\n因為人數不多(10個左右)，老師貌似認得每個人\n每次上課都會問助教出席狀況(有沒有人請假)\n如果太常沒來老師會記住，而且會因此不太高興，衷心建議不要缺席\n\n個人報告一個人要報告一節課，所以一定要做好完全的準備\n老師很用心，準備的越多老師和同學們給的回饋會越多\n\nΨ 總結\n\n汪老師上課很用心，每個個人報告時老師都會很仔細地看你的報告、\n針對內容提問、帶領討論、補充，課堂的節奏很快、資訊量很大但不會太嚴肅。\n\n剛開始因為我和研究所的學長姐們程度差很多，\n討論時通常跟不太上老師和學長姐們討論的速度，\n但大有增廣見聞的裨益(討論的範圍遠遠超過一般教科書或是參考書所及)\n在找資料、寫報告的過程中也學到許多。\n\n如果對保險法有興趣+想要增廣見聞，蠻建議大學部的同學修這門課\n(當然如果有專題研究修專題研究就好XD)\n可以見識到研究生的實力+學到如何有系統且深入地去整理問題、探討問題\n\n\n--\n\n原文網址: https://www.ptt.cc/bbs/NTUcourse/M.1467311561.A.1A3.html""}]"
民法專題研究一財產法,顏佑紘,法律研究所,2,114-2,42868,LAW7191,,,,,"[""無評價""]",[]
民法專題研究二財產法,顏佑紘,法律研究所,2,114-2,53616,LAW7192,,,,,"[""無評價""]",[]
民法專題研究三財產法,顏佑紘,法律研究所,2,114-2,44542,LAW7193,,,,,"[""無評價""]",[]
民法專題研究四財產法,顏佑紘,法律研究所,2,114-2,23272,LAW7194,,,,,"[""無評價""]",[]
保險法專題研究二,汪信君,法律研究所、科際整合法律學研究所,2,114-2,13075,LAW5148,,,,,"[""無評價""]",[]
當代國際金融法制專題研究三,楊岳平,法律研究所、科際整合法律學研究所,2,114-2,49680,LAW5241,,,,,"[""無評價""]",[]
當代國際金融法制專題研究四,楊岳平,法律研究所、科際整合法律學研究所,2,114-2,26029,LAW5242,,,,,"[""無評價""]",[]
當代國際金融法制專題研究一,楊岳平,法律研究所、科際整合法律學研究所,2,114-2,53146,LAW7625,,,,,"[""無評價""]",[]
當代國際金融法制專題研究二,楊岳平,法律研究所、科際整合法律學研究所,2,114-2,22687,LAW7626,,,,,"[""無評價""]",[]
刑事法學專題研究一,謝煜偉,法律研究所、科際整合法律學研究所,2,114-2,49134,LAW7325,,,,,"[""無評價""]",[]
刑事法學專題研究二,謝煜偉,法律研究所、科際整合法律學研究所,2,114-2,22791,LAW7326,,,,,"[""無評價""]",[]
刑事法學專題研究三,謝煜偉,法律研究所、科際整合法律學研究所,2,114-2,51930,LAW7327,,,,,"[""無評價""]",[]
刑事法學專題研究四,謝煜偉,法律研究所、科際整合法律學研究所,2,114-2,32070,LAW7328,,,,,"[""無評價""]",[]
企業暨金融法專題研究一,楊岳平,法律研究所、科際整合法律學研究所,2,114-2,17770,LAW7024,,,,,"[""無評價""]",[]
企業暨金融法專題研究二,楊岳平,法律研究所、科際整合法律學研究所,2,114-2,58613,LAW7468,,,,,"[""無評價""]",[]
心智科學與法律專題研究二,吳建昌,法律研究所、科際整合法律學研究所,2,114-2,21222,LawILS7007,,,,,"[""無評價""]",[]
心智科學與法律專題研究三,吳建昌,法律研究所、科際整合法律學研究所,2,114-2,45388,LawILS7008,,,,,"[""無評價""]",[]
法律實習專題研究,陳瑋佑,科際整合法律學研究所,2,114-2,52991,LawILS7000,,,,,"[""無評價""]",[]
民事訴訟法下,陳瑋佑,科際整合法律學研究所,3,114-2,16576,LawILS7062,,,,,"[""無評價""]",[]
民事訴訟法下,沈冠伶,科際整合法律學研究所,3,114-2,19446,LawILS7062,,,,,"[""無評價""]",[]
冤罪救援實務,羅秉成,法律研究所、科際整合法律學研究所,3,114-2,19347,LAW7422,,,,,"[""無評價""]",[]
大學國文：文學鑑賞與寫作（二）,李文鈺,,3,114-2,01003,CHIN8013,,,,,"[""[PTT | 109-2]: 轉載自 PTT 作者 ID: wsc891211 (我是一杯忘情水)\n哪一學年度修課： 109-2\n\nψ 授課教師 (若為多人合授請寫開課教師，以方便收錄) 李文鈺\n\nλ 開課系所與授課對象 (是否為必修或通識課 / 內容是否與某些背景相關)\n共同必修\n\nδ 課程大概內容\n參考自老師發下的課程進度表\n2/26 課程說明；寫作指導一：何謂詞？\n3/05 詞學概說\n3/12 詞學概說\n3/19 詞學概說\n3/26 詞學概說；寫作指導二：如何解讀一闋詞\n4/09 風月情濃\n4/16 風月情濃\n4/23 風月情濃\n4/30 期中考\n5/07 物態風光\n5/14 物態風光\n5/21 似水年華\n5/28 似水年華\n6/04 自我書寫；寫作指導三：歷史之我與詞中之我\n6/11 自我書寫\n6/18 自我書寫\n6/25 期末考\n\n\nΩ 私心推薦指數(以五分計) ★★★★★\n\n對唐宋詞有興趣者：滿天星\n覺得國文課老師如果不活潑很痛苦者：滿天星\n想跟著老師遨遊於文學世界者：滿天星\n翹課仔：直接勸退（理由將於下方說明）\n\nη 上課用書(影印講義或是指定教科書)\n\n老師自編的影印講義\n\nμ 上課方式(投影片、團體討論、老師教學風格)\n\n基本上就是跟國高中國文課一樣，老師在台上講解，學生在台下聽講認真抄筆記。\n整學期也沒有分組報告，唯一的一次分組是老師叫我們去思索某一首詞想表達的意義\n然後比較內向的人也不用擔心分組方式，老師會先隨機點人當組長然後上台，剩下的\n同學就自己選想去哪一組然後站在那個組長後面就好。\n一開始以為老師就是標準的高中國文老師樣貌，沒想到上過一兩堂之後老師的本性似乎\n有藏不住的感覺XDDD？？常常上課上到一半會爆出驚人之語，然後也很喜歡跟大家講他\n的愛情觀之類bla bla bla的，上課時偶爾會在黑板上畫示意圖，那個揮筆下手之\n感有如畢卡索再世般抽象呢！（笑）\n老師的聲音算是蠻輕柔的，但我個人覺得反而不會讓人想睡覺，而是更讓人能夠融入\n詩詞的文學世界！另外，文鈺老師感覺是個很多愁善感的人XD，常常國文課上到快結尾\n時就會望著普通204外面那顆喜樹發表他的感觸，總而言之，老師的上課風格相較於其他\n國文老師算是別有一番風味，我個人非常喜歡老師的風格！\n\nσ 評分方式(給分甜嗎？是紮實分？)\n\n寫作30%，一學期三篇。\n期中考20%，期中考前老師上過的所有詞作任選五首默寫。\n期末考50%，申論題，開書考。\n上課表現跟出缺席狀況老師會參酌狀況看是否調整成績。\n\n基本上寫作不要太離題拿A或A+不會太難，期中考背默寫就是大送分的概念\n錯一個中文字扣2分，個人最後期中拿96分（錯兩個字QQ）\n期末考的話因為改成線上考試，老師最後也沒給我們知道期末考真正的成績\n但我寫作有兩篇其實寫的不算太好，最後還是拿到A，個人猜測期末也是有拉不少分數啦\n整題而言在國文課當中算偏甜的！\n\nρ 考題型式、作業方式\n\n請參照上方評分方式那一欄。\n\nω 其它(是否注重出席率？如果為外系選修，需先有什麼基礎較好嗎？老師個性？\n加簽習慣？嚴禁遲到等…)\n\n老師常常會心血來潮來個突擊點名，而且老師記人名的功力超 級 強！！ 基本上上完第\n二節課就能記住全班快一半以上的人的名字，超級可怕，所以建議還是不要亂翹課比較好\n就算老師沒點名他也大致上能看的出來誰沒來上課，這也是為甚麼我在上方評價欄寫說\n翹課仔我會直接勸退的原因XD，但老師人真的很好，很可愛，上課內容很豐富，我自己是\n覺得班上沒什麼人在翹課啦~加簽習慣的話，我記得好像有先寄信跟老師講或者之前有上\n過老師國文課的人可以優先拿授權碼。\n\nΨ 總結\n\n文鈺老師的國文課真的是我進入大學這一年以來上過最棒的課了吧，雖然我個人不是很\n喜歡國文，但文鈺老師的國文課真的讓我重拾對文學的熱情。老師上課時也能讓我們感受\n到她真的對文學很有熱忱、詩詞文人背景這些對文鈺老師而言都是到背如流的東西，完全\n不用看自己的小抄就能全部寫在黑板上給我們看...真的超厲害。\n老師也很喜歡上課瘋狂cue人，不一定是要點人問問題，但有幾個人真的很常被老師cue\n起來開一點小玩笑XD，那些人已經被點到我都記得他們的名字了，班上上課氣氛個人覺得\n非常融洽，老師很有熱情學生也願意聽課，而且文鈺老師大概是我上大學以來看過最關心\n學生的老師了...我有同學在作業裡面只是稍微藉由作業吐一點生活上的苦水，居然還被\n老師叫出去聊一聊問說有沒有什麼需要幫忙的地方，真的超溫暖...\n總而言之，如果你已經是對文學快要失去熱忱的人，不彷選文鈺老師的國文課，或許你會\n發現新世界也說不定喔！\n\n--\n\n原文網址: https://www.ptt.cc/bbs/NTUcourse/M.1626007270.A.B26.html""]","[{""User_ID"": ""PTT"", ""Semester"": ""109-2"", ""Rating_Quality"": null, ""Rating_Sweet"": null, ""Rating_Easy"": null, ""Rating_Rich"": null, ""Comment"": ""轉載自 PTT 作者 ID: wsc891211 (我是一杯忘情水)\n哪一學年度修課： 109-2\n\nψ 授課教師 (若為多人合授請寫開課教師，以方便收錄) 李文鈺\n\nλ 開課系所與授課對象 (是否為必修或通識課 / 內容是否與某些背景相關)\n共同必修\n\nδ 課程大概內容\n參考自老師發下的課程進度表\n2/26 課程說明；寫作指導一：何謂詞？\n3/05 詞學概說\n3/12 詞學概說\n3/19 詞學概說\n3/26 詞學概說；寫作指導二：如何解讀一闋詞\n4/09 風月情濃\n4/16 風月情濃\n4/23 風月情濃\n4/30 期中考\n5/07 物態風光\n5/14 物態風光\n5/21 似水年華\n5/28 似水年華\n6/04 自我書寫；寫作指導三：歷史之我與詞中之我\n6/11 自我書寫\n6/18 自我書寫\n6/25 期末考\n\n\nΩ 私心推薦指數(以五分計) ★★★★★\n\n對唐宋詞有興趣者：滿天星\n覺得國文課老師如果不活潑很痛苦者：滿天星\n想跟著老師遨遊於文學世界者：滿天星\n翹課仔：直接勸退（理由將於下方說明）\n\nη 上課用書(影印講義或是指定教科書)\n\n老師自編的影印講義\n\nμ 上課方式(投影片、團體討論、老師教學風格)\n\n基本上就是跟國高中國文課一樣，老師在台上講解，學生在台下聽講認真抄筆記。\n整學期也沒有分組報告，唯一的一次分組是老師叫我們去思索某一首詞想表達的意義\n然後比較內向的人也不用擔心分組方式，老師會先隨機點人當組長然後上台，剩下的\n同學就自己選想去哪一組然後站在那個組長後面就好。\n一開始以為老師就是標準的高中國文老師樣貌，沒想到上過一兩堂之後老師的本性似乎\n有藏不住的感覺XDDD？？常常上課上到一半會爆出驚人之語，然後也很喜歡跟大家講他\n的愛情觀之類bla bla bla的，上課時偶爾會在黑板上畫示意圖，那個揮筆下手之\n感有如畢卡索再世般抽象呢！（笑）\n老師的聲音算是蠻輕柔的，但我個人覺得反而不會讓人想睡覺，而是更讓人能夠融入\n詩詞的文學世界！另外，文鈺老師感覺是個很多愁善感的人XD，常常國文課上到快結尾\n時就會望著普通204外面那顆喜樹發表他的感觸，總而言之，老師的上課風格相較於其他\n國文老師算是別有一番風味，我個人非常喜歡老師的風格！\n\nσ 評分方式(給分甜嗎？是紮實分？)\n\n寫作30%，一學期三篇。\n期中考20%，期中考前老師上過的所有詞作任選五首默寫。\n期末考50%，申論題，開書考。\n上課表現跟出缺席狀況老師會參酌狀況看是否調整成績。\n\n基本上寫作不要太離題拿A或A+不會太難，期中考背默寫就是大送分的概念\n錯一個中文字扣2分，個人最後期中拿96分（錯兩個字QQ）\n期末考的話因為改成線上考試，老師最後也沒給我們知道期末考真正的成績\n但我寫作有兩篇其實寫的不算太好，最後還是拿到A，個人猜測期末也是有拉不少分數啦\n整題而言在國文課當中算偏甜的！\n\nρ 考題型式、作業方式\n\n請參照上方評分方式那一欄。\n\nω 其它(是否注重出席率？如果為外系選修，需先有什麼基礎較好嗎？老師個性？\n加簽習慣？嚴禁遲到等…)\n\n老師常常會心血來潮來個突擊點名，而且老師記人名的功力超 級 強！！ 基本上上完第\n二節課就能記住全班快一半以上的人的名字，超級可怕，所以建議還是不要亂翹課比較好\n就算老師沒點名他也大致上能看的出來誰沒來上課，這也是為甚麼我在上方評價欄寫說\n翹課仔我會直接勸退的原因XD，但老師人真的很好，很可愛，上課內容很豐富，我自己是\n覺得班上沒什麼人在翹課啦~加簽習慣的話，我記得好像有先寄信跟老師講或者之前有上\n過老師國文課的人可以優先拿授權碼。\n\nΨ 總結\n\n文鈺老師的國文課真的是我進入大學這一年以來上過最棒的課了吧，雖然我個人不是很\n喜歡國文，但文鈺老師的國文課真的讓我重拾對文學的熱情。老師上課時也能讓我們感受\n到她真的對文學很有熱忱、詩詞文人背景這些對文鈺老師而言都是到背如流的東西，完全\n不用看自己的小抄就能全部寫在黑板上給我們看...真的超厲害。\n老師也很喜歡上課瘋狂cue人，不一定是要點人問問題，但有幾個人真的很常被老師cue\n起來開一點小玩笑XD，那些人已經被點到我都記得他們的名字了，班上上課氣氛個人覺得\n非常融洽，老師很有熱情學生也願意聽課，而且文鈺老師大概是我上大學以來看過最關心\n學生的老師了...我有同學在作業裡面只是稍微藉由作業吐一點生活上的苦水，居然還被\n老師叫出去聊一聊問說有沒有什麼需要幫忙的地方，真的超溫暖...\n總而言之，如果你已經是對文學快要失去熱忱的人，不彷選文鈺老師的國文課，或許你會\n發現新世界也說不定喔！\n\n--\n\n原文網址: https://www.ptt.cc/bbs/NTUcourse/M.1626007270.A.B26.html""}]"
大學國文：文學鑑賞與寫作（二）,潘少瑜,,3,114-2,01010,CHIN8013,,,,,"[""無評價""]",[]
大學國文：文學鑑賞與寫作（二）,葉叡宸,,3,114-2,01027,CHIN8013,,,,,"[""無評價""]",[]
大學國文：文學鑑賞與寫作（二）,蔡瑩瑩,,3,114-2,01007,CHIN8013,,,,,"[""無評價""]",[]
大學國文：文學鑑賞與寫作（二）,楊芳燕,,3,114-2,01023,CHIN8013,,,,,"[""無評價""]",[]
大學國文：文學鑑賞與寫作（二）,陳建男,,3,114-2,01008,CHIN8013,,,,,"[""無評價""]",[]
大學國文：文學鑑賞與寫作（二）,李存智,,3,114-2,01012,CHIN8013,,,,,"[""無評價""]",[]
大學國文：文學鑑賞與寫作（二）,張麗麗,,3,114-2,01019,CHIN8013,,,,,"[""無評價""]",[]
大學國文：文學鑑賞與寫作（二）,吳佩熏,,3,114-2,01006,CHIN8013,,,,,"[""無評價""]",[]
大學國文：文學鑑賞與寫作（二）,張斯翔,,3,114-2,01029,CHIN8013,,,,,"[""無評價""]",[]
大學國文：文學鑑賞與寫作（二）,張宇衛,,3,114-2,01005,CHIN8013,,,,,"[""無評價""]",[]
大學國文：文學鑑賞與寫作（二）,佘筠珺,,3,114-2,01026,CHIN8013,,,,,"[""無評價""]",[]
大學國文：文化思想與寫作（二）,黃奕珍,,3,114-2,01030,CHIN8015,,,,,"[""無評價""]",[]
大學國文：文化思想與寫作（二）,曹美秀,,3,114-2,01033,CHIN8015,,,,,"[""無評價""]",[]
大學國文：文化思想與寫作（二）,巫雪如,,3,114-2,01041,CHIN8015,,,,,"[""無評價""]",[]
大學國文：文化思想與寫作（二）,姜義泰,,3,114-2,01032,CHIN8015,,,,,"[""無評價""]",[]
大學國文：文化思想與寫作（二）,黃啟書,,3,114-2,01037,CHIN8015,5.0,4.0,0.5,4.5,"[""[User72864 | 110-2]: 易經\nPPT上課，而且PPT不會放在cool上，所以記得拍下來，或者抄下來。\n《周易本義》(臺北：大安出版社，1989年)\n作業是八篇100字上課心得，內容隨意，考試為申論題。\n作業\n40%\n期中考\n25%\n期末考\n35%\n如果你對易經沒興趣或者想找涼的國文課，請左轉離開，但如果你希望上點不一樣的國文課，而且不排斥抄筆記，確實蠻適合的。""]","[{""User_ID"": ""User72864"", ""Semester"": ""110-2"", ""Rating_Quality"": null, ""Rating_Sweet"": null, ""Rating_Easy"": null, ""Rating_Rich"": null, ""Comment"": ""易經\nPPT上課，而且PPT不會放在cool上，所以記得拍下來，或者抄下來。\n《周易本義》(臺北：大安出版社，1989年)\n作業是八篇100字上課心得，內容隨意，考試為申論題。\n作業\n40%\n期中考\n25%\n期末考\n35%\n如果你對易經沒興趣或者想找涼的國文課，請左轉離開，但如果你希望上點不一樣的國文課，而且不排斥抄筆記，確實蠻適合的。""}]"
大學國文：文化思想與寫作（二）,羅鈴沛,,3,114-2,01040,CHIN8015,,,,,"[""無評價""]",[]
大學國文：文化思想與寫作（二）,林永勝,,3,114-2,01035,CHIN8015,,,,,"[""無評價""]",[]
大學國文：文化思想與寫作（二）,史甄陶,,3,114-2,01043,CHIN8015,5.0,4.0,1.0,3.5,"[""[User47886 | 108-2]: 內容主要環繞在唐宋八大家（其實沒講曾鞏）的散文作品，偶爾輔以相關文章補充，例如講王安石的⟨伯夷⟩和韓愈的⟨伯夷頌⟩時，還加進魯迅的短篇小說⟨采薇⟩。\n老師會用投影片講課，講義則只有文言文和注釋，要自己勤做筆記。老師會一邊帶我們翻譯一邊解讀文本結構與寫作意旨，很多觀點都蠻引人深思，而這種時候老師通常就會稍微停下來，用zuvio跟大家互動，或是直接抽人回答問題，問題都蠻開放的不用壓力太大，只是增加同學交流的機會，也算藉機點名。大約第三、四週開始會在第三節課時讓同學報告，每次兩組，組員跟主題第一週就會確定。\n教師自編講義，開學向同學收費統一印製。\n期中期末是簡答與申論，大約55%是針對文本詮釋，有認真上課做筆記就不難掌握，剩下45%是開放性問題，沒什麼竅門，盡情闡述自己的想法吧！老師給分很大方的。\n兩次報告會由同學互評和老師給分，主題通常都跟當週文本有關。舉例來說，如果你們組分配到的週次進度是歐陽脩的⟨朋黨論⟩，或許可以考慮以「朋友」當報告題目，當然也可以有更多創意發想。108-2那學期有一組遇到韓愈的⟨祭鱷魚文⟩，一位動科系同學上臺分析韓愈遇到的鱷魚是什麼品種，有夠酷炫，我直接滿分給好給滿。\n作文就比較制式啦，題目開學就訂好了，期限前上繳就好。老師真的會看，還會認真給回饋，雖然題目有限制，但內容充滿彈性，放鬆但用心寫就對了。\n期中考 20%\n期末考 30%\n作文二篇20%（每篇10%）\n分組報告（口頭+期末書面報告）10%+10%\n平時成績：出缺席、上課討論 10%（Zuvio作答率是重要參考指標）\n算是作業偏多的國文課，但上課氛圍很輕鬆，分數也不刁難，分組順利的話能認識優秀的新同學，老師本人又nice到不行，不能不推啊！""]","[{""User_ID"": ""User47886"", ""Semester"": ""108-2"", ""Rating_Quality"": null, ""Rating_Sweet"": null, ""Rating_Easy"": null, ""Rating_Rich"": null, ""Comment"": ""內容主要環繞在唐宋八大家（其實沒講曾鞏）的散文作品，偶爾輔以相關文章補充，例如講王安石的⟨伯夷⟩和韓愈的⟨伯夷頌⟩時，還加進魯迅的短篇小說⟨采薇⟩。\n老師會用投影片講課，講義則只有文言文和注釋，要自己勤做筆記。老師會一邊帶我們翻譯一邊解讀文本結構與寫作意旨，很多觀點都蠻引人深思，而這種時候老師通常就會稍微停下來，用zuvio跟大家互動，或是直接抽人回答問題，問題都蠻開放的不用壓力太大，只是增加同學交流的機會，也算藉機點名。大約第三、四週開始會在第三節課時讓同學報告，每次兩組，組員跟主題第一週就會確定。\n教師自編講義，開學向同學收費統一印製。\n期中期末是簡答與申論，大約55%是針對文本詮釋，有認真上課做筆記就不難掌握，剩下45%是開放性問題，沒什麼竅門，盡情闡述自己的想法吧！老師給分很大方的。\n兩次報告會由同學互評和老師給分，主題通常都跟當週文本有關。舉例來說，如果你們組分配到的週次進度是歐陽脩的⟨朋黨論⟩，或許可以考慮以「朋友」當報告題目，當然也可以有更多創意發想。108-2那學期有一組遇到韓愈的⟨祭鱷魚文⟩，一位動科系同學上臺分析韓愈遇到的鱷魚是什麼品種，有夠酷炫，我直接滿分給好給滿。\n作文就比較制式啦，題目開學就訂好了，期限前上繳就好。老師真的會看，還會認真給回饋，雖然題目有限制，但內容充滿彈性，放鬆但用心寫就對了。\n期中考 20%\n期末考 30%\n作文二篇20%（每篇10%）\n分組報告（口頭+期末書面報告）10%+10%\n平時成績：出缺席、上課討論 10%（Zuvio作答率是重要參考指標）\n算是作業偏多的國文課，但上課氛圍很輕鬆，分數也不刁難，分組順利的話能認識優秀的新同學，老師本人又nice到不行，不能不推啊！""}]"
大學國文：閱讀與寫作（二）,魏千鈞,,3,114-2,01049,CHIN8017,,,,,"[""無評價""]",[]
英文(附一小時英聽)二,陶漢威,社會科學院、材料科學與工程學系、生物資源暨農學院、管理學院、電機資訊學院、生命科學院、國際體育運動事務學士學位學程,3,114-2,03001,FL1008,,,,,"[""[PTT | 108-2]: 轉載自 PTT 作者 ID: unmolk (UJ)\n哪一學年度修課：\n\n108-2\n\nψ 授課教師 (若為多人合授請寫開課教師，以方便收錄)\n\n陶漢威\n\nλ 開課系所與授課對象 (是否為必修或通識課 / 內容是否與某些背景相關)\n\n外文系、大一必修\n\nδ 課程大概內容\n\n這學期是教莎士比亞詩集與劇本，也會上寫作相關內容，但好像每個班略有差異。\n\nΩ 私心推薦指數(以五分計) ★★★★★\n\n★★★★★\nLoading很輕、幾乎不點名、老師人又帥又溫柔又好講話、給分又甜、上課內容也是有料的，我找不到不推\n這門課的原因。\n\nη 上課用書(影印講義或是指定教科書)\n\n無，老師自製講義。\n\nμ 上課方式(投影片、團體討論、老師教學風格)\n\n老師會導讀莎士比亞的作品，並以板書補充，另外上課常常會放影片輔助教學。\n\nσ 評分方式(給分甜嗎？是紮實分？)\n\nOral Presentation：20％\nMidterm Exam：40％\nFinal Project or Exam：40％\n\n期中跟口頭報告的比重不確定有沒有顛倒，不過總之是40:40:20，另外缺席一兩次被點名到不會怎樣，但再\n多會不會扣分就不確定了。\n\n甜滋滋><我期中跟口頭報告都8x~90，期末99，拿分真的不難。\n\nρ 考題型式、作業方式\n\n期中考：選擇+Take home essay\n期末專案：拍影片演戲\n期末考：我沒考我不知道\n\n有規定要交一份英文作文，但如果期中的Take home essay用英文寫的話就不用額外交。\n\nω 其它(是否注重出席率？如果為外系選修，需先有什麼基礎較好嗎？老師個性？\n加簽習慣？嚴禁遲到等…)\n\n依人數上限決定加簽名額，老師不希望一班超過40人，大一不給加簽也不會給你大四威能，全部抽籤決定。\n遲到沒差，無需基礎。老師人超好超溫柔，什麼事情都好溝通，佛心教授佛心教授。\n\nΨ 總結\n\n不選可惜。\n\n--\n\n原文網址: https://www.ptt.cc/bbs/NTUcourse/M.1592840435.A.62C.html""]","[{""User_ID"": ""PTT"", ""Semester"": ""108-2"", ""Rating_Quality"": null, ""Rating_Sweet"": null, ""Rating_Easy"": null, ""Rating_Rich"": null, ""Comment"": ""轉載自 PTT 作者 ID: unmolk (UJ)\n哪一學年度修課：\n\n108-2\n\nψ 授課教師 (若為多人合授請寫開課教師，以方便收錄)\n\n陶漢威\n\nλ 開課系所與授課對象 (是否為必修或通識課 / 內容是否與某些背景相關)\n\n外文系、大一必修\n\nδ 課程大概內容\n\n這學期是教莎士比亞詩集與劇本，也會上寫作相關內容，但好像每個班略有差異。\n\nΩ 私心推薦指數(以五分計) ★★★★★\n\n★★★★★\nLoading很輕、幾乎不點名、老師人又帥又溫柔又好講話、給分又甜、上課內容也是有料的，我找不到不推\n這門課的原因。\n\nη 上課用書(影印講義或是指定教科書)\n\n無，老師自製講義。\n\nμ 上課方式(投影片、團體討論、老師教學風格)\n\n老師會導讀莎士比亞的作品，並以板書補充，另外上課常常會放影片輔助教學。\n\nσ 評分方式(給分甜嗎？是紮實分？)\n\nOral Presentation：20％\nMidterm Exam：40％\nFinal Project or Exam：40％\n\n期中跟口頭報告的比重不確定有沒有顛倒，不過總之是40:40:20，另外缺席一兩次被點名到不會怎樣，但再\n多會不會扣分就不確定了。\n\n甜滋滋><我期中跟口頭報告都8x~90，期末99，拿分真的不難。\n\nρ 考題型式、作業方式\n\n期中考：選擇+Take home essay\n期末專案：拍影片演戲\n期末考：我沒考我不知道\n\n有規定要交一份英文作文，但如果期中的Take home essay用英文寫的話就不用額外交。\n\nω 其它(是否注重出席率？如果為外系選修，需先有什麼基礎較好嗎？老師個性？\n加簽習慣？嚴禁遲到等…)\n\n依人數上限決定加簽名額，老師不希望一班超過40人，大一不給加簽也不會給你大四威能，全部抽籤決定。\n遲到沒差，無需基礎。老師人超好超溫柔，什麼事情都好溝通，佛心教授佛心教授。\n\nΨ 總結\n\n不選可惜。\n\n--\n\n原文網址: https://www.ptt.cc/bbs/NTUcourse/M.1592840435.A.62C.html""}]"
英文(附一小時英聽)二,陳逸軒,理學院、工學院、管理學院、公共衛生學院、電機資訊學院、法律學院、生命科學院、國際半導體學士學位學程,3,114-2,03003,FL1008,,,,,"[""無評價""]",[]
英文(附一小時英聽)二,翁家傑,文學院,3,114-2,03008,FL1008,,,,,"[""無評價""]",[]
英文(附一小時英聽)二,廖彥棻,文學院、理學院、公共衛生學院,3,114-2,03014,FL1008,,,,,"[""無評價""]",[]
日文下,曾寶儀,文學院、管理學院、生命科學院,3,114-2,02008,JpnL1002,,,,,"[""無評價""]",[]
英文(附一小時英聽)二,黃馨瑩,理學院、公共衛生學院,3,114-2,03013,FL1008,,,,,"[""無評價""]",[]
英文二,劉威辰,社會科學院、材料科學與工程學系、生物資源暨農學院、電機資訊學院、國際體育運動事務學士學位學程,3,114-2,03041,FL1004,,,,,"[""無評價""]",[]
英文(附一小時英聽)二,蔡自青,社會科學院,3,114-2,03020,FL1008,,,,,"[""無評價""]",[]
英文(附一小時英聽)二,廖勇超,社會科學院,3,114-2,03021,FL1008,,,,,"[""無評價""]",[]
英文(附二小時英聽)二,高照明,社會科學院、醫學院、醫學院、工學院、生物資源暨農學院、生物資源暨農學院、生物資源暨農學院、電機資訊學院、電機資訊學院、電機資訊學院、電機資訊學院、電機資訊學院,3,114-2,03029,FL1010,,,,,"[""無評價""]",[]
英文二,王寶祥,醫學院,3,114-2,03023,FL1004,,,,,"[""無評價""]",[]
英文(附一小時英聽)二,許以心,醫學院,3,114-2,03025,FL1008,,,,,"[""無評價""]",[]
英文(附一小時英聽)二,劉威辰,醫學院、生物資源暨農學院、電機資訊學院,3,114-2,03027,FL1008,3.5,5.0,5.0,1.0,"[""[User60788 | 111-2]: 無期考、評分中2.3.5.是平時作業，6.只需學期繳交一次即可\n1. In-Class Activity Sheets 24%（上課講義拍照上傳）\n2. Prepared Answers 20%（每週寫一篇字數不限的作文）\n3. TV Transcripts 20%（空耳翻譯老師上傳的一分鐘影片）\n4. Reader’s Theater (A&B) 16%（學期中有2次請同學上臺演1分鐘的短劇）\n5. Expression Quizzes 10%（在家回答COOL的考試，考試內容是影劇中的字詞且老師會放在COOL上）\n6. My Favorite Show 10% （像5.一樣找其中一集影劇的20個expressions）\n一10AB 醫學院時段\n超甜涼！！（雖然我還沒拿到成績🙃（0620更新：不意外的A+）），雖然說下面的評分標準看起來很多，不過每週份量少，這點倒是不用擔心（小聲說：如果真的很忙甚至可以期末考完一拖拉褲把欠的一次交給助教應該也是沒問題）\n學期的主題是從影劇中學英文，Roger會推薦很多影劇，我自己很喜歡這種學習方式，上課的方式是上半節課學一些英文小技巧，下半節課是看影劇填挖空的空格，難度頗低好上手（沒在狀況也沒關係，只要跟同學借答案就好😅），想精進英文程度的需慎入。\n只能說大一英文每個教授的教法真的差很多，我這學期轉到這班，上學期的班注重口頭分享，這學期Roger班整體上課氛圍輕鬆，對於幾乎滿學分的我是個救贖😇""]","[{""User_ID"": ""User60788"", ""Semester"": ""111-2"", ""Rating_Quality"": null, ""Rating_Sweet"": null, ""Rating_Easy"": null, ""Rating_Rich"": null, ""Comment"": ""無期考、評分中2.3.5.是平時作業，6.只需學期繳交一次即可\n1. In-Class Activity Sheets 24%（上課講義拍照上傳）\n2. Prepared Answers 20%（每週寫一篇字數不限的作文）\n3. TV Transcripts 20%（空耳翻譯老師上傳的一分鐘影片）\n4. Reader’s Theater (A&B) 16%（學期中有2次請同學上臺演1分鐘的短劇）\n5. Expression Quizzes 10%（在家回答COOL的考試，考試內容是影劇中的字詞且老師會放在COOL上）\n6. My Favorite Show 10% （像5.一樣找其中一集影劇的20個expressions）\n一10AB 醫學院時段\n超甜涼！！（雖然我還沒拿到成績🙃（0620更新：不意外的A+）），雖然說下面的評分標準看起來很多，不過每週份量少，這點倒是不用擔心（小聲說：如果真的很忙甚至可以期末考完一拖拉褲把欠的一次交給助教應該也是沒問題）\n學期的主題是從影劇中學英文，Roger會推薦很多影劇，我自己很喜歡這種學習方式，上課的方式是上半節課學一些英文小技巧，下半節課是看影劇填挖空的空格，難度頗低好上手（沒在狀況也沒關係，只要跟同學借答案就好😅），想精進英文程度的需慎入。\n只能說大一英文每個教授的教法真的差很多，我這學期轉到這班，上學期的班注重口頭分享，這學期Roger班整體上課氛圍輕鬆，對於幾乎滿學分的我是個救贖😇""}]"
英文二,張小虹,工學院、電機資訊學院、法律學院,3,114-2,03034,FL1004,,,,,"[""無評價""]",[]
英文二,劉亮雅,工學院、電機資訊學院、法律學院,3,114-2,03031,FL1004,,,,,"[""無評價""]",[]
英文二,朱偉誠,工學院、電機資訊學院、法律學院,3,114-2,03032,FL1004,,,,,"[""無評價""]",[]
英文(附一小時英聽)二,簡瑞碧,工學院、生物資源暨農學院、管理學院、電機資訊學院、法律學院、生命科學院,3,114-2,03048,FL1008,3.0,5.0,4.0,2.0,"[""[3688 | 112-2]: 英文寫作+英文聽力+英文報告\n老師會準備課文，邊講解邊點人念，有時候會問同學的看法。上完一課後會請大家寫作。\n老師準備的ppt\n一學期報告兩次，兩次都是兩人一組，第一次是針對課文進行約3分鐘的對話，第二次是針對之前的對話提出一個問題並製作ppt來探討問題。兩次報告皆可看著電子檔念，完全不用擔心背不起來的問題。期中期末考的前一週的課堂上要進行限時寫作，內容要包含老師給的問題，期中期末週會考選擇題。\n期中+期末15%.ppt報告15%.限時寫作20%.課堂寫作30%.出席20%\n期中期末的選擇題考題比高中還簡單：）））想輕鬆拿學分直接選下去，但想學英文的可能要先pass嘍。但要注意的是盡量別被老師記住，老師很常講課講一講就會開始追問被他記住的同學的看法，或是你偷偷翹課他下次會問你為什麼上週沒來。點名都是課後簽到，幫別人代簽不要太明顯基本上不會有事，但老師常提早下課且課堂可以做自己的事所以沒有急事的話還是可以去上個課給老師捧場一下啦！"", ""[PTT | 107-2]: 轉載自 PTT 作者 ID: cullen91329 (realycl)\n哪一學年度修課：107-2\nψ 授課教師 (若為多人合授請寫開課教師，以方便收錄)\n簡瑞碧\nλ 開課系所與授課對象 (是否為必修或通識課 / 內容是否與某些背景相關)\n大一英文必修\nδ 課程大概內容\n英文寫作+英文上台報告\nΩ 私心推薦指數(以五分計) ★★★★★\n\n喜歡涼課者五星\n想學東西的 可以不用看下去了\n甜度大概四星吧\nη 上課用書(影印講義或是指定教科書)\nSkills for success4 reading and writing\n出版中心有賣，一本好像500左右\n\nμ 上課方式(投影片、團體討論、老師教學風格)\n主要是用投影片講課本的課文還有一些些單字，一整年用同一本\n除了你被老師記住以外，不太會被點，但他會看點名單點人問問題，不會也不會怎樣啦\n睡覺跟用筆電都沒事，反而用手機有時會被叫\n\nσ 評分方式(給分甜嗎？是紮實分？)\nAttendance 15%\nOutlines 20%\nPresentation 15%\nFinal exam 15%\nTimed writings 20%\nPeer reviews 15%\n\nρ 考題型式、作業方式\n一學期三次作業 各一篇outlines\n還有一次上台報告 2-3人一組 上台約6分鐘\n只有期末考 範圍是課文的單字、文法還有閱測\n期末考內容跟高中英文差不多（甚至更簡單）\n\nω 其它(是否注重出席率？如果為外系選修，需先有什麼基礎較好嗎？老師個性？\n加簽習慣？嚴禁遲到等…)\n非常涼！\n每週點名，有計分，如上面評分方式\n下課前簽到，可以晚到但最好還是來簽到啦，很常提早下課\n一學期上三課，每課上完就有一次timed writing\n老師的點有點奇怪，每次寫作的重點都很迷，有時候說要中立，有時候又說要有立場，讓\n人不知道要怎麼寫\n但老師不兇 就是有點怪而已XD\n通常點人回答問題都是固定幾個，所以不要被老師記住就好XD\n老師很常問助教問題，助教超辛苦的～但助教人非常好！\n這學期加簽的有來都全簽\n\nΨ 總結\n你想爽拿三學分的話就可以上\n甜度我覺得還可以，上學期筆者A+，這學期A\n這學期的確是我寫作還有報告沒那麼好所以A\n這個是筆者個人問題><\n英文寫作很強的人歡迎修這門課！\n\n\n--\n\n原文網址: https://www.ptt.cc/bbs/NTUcourse/M.1561471321.A.1D6.html""]","[{""User_ID"": ""3688"", ""Semester"": ""112-2"", ""Rating_Quality"": null, ""Rating_Sweet"": null, ""Rating_Easy"": null, ""Rating_Rich"": null, ""Comment"": ""英文寫作+英文聽力+英文報告\n老師會準備課文，邊講解邊點人念，有時候會問同學的看法。上完一課後會請大家寫作。\n老師準備的ppt\n一學期報告兩次，兩次都是兩人一組，第一次是針對課文進行約3分鐘的對話，第二次是針對之前的對話提出一個問題並製作ppt來探討問題。兩次報告皆可看著電子檔念，完全不用擔心背不起來的問題。期中期末考的前一週的課堂上要進行限時寫作，內容要包含老師給的問題，期中期末週會考選擇題。\n期中+期末15%.ppt報告15%.限時寫作20%.課堂寫作30%.出席20%\n期中期末的選擇題考題比高中還簡單：）））想輕鬆拿學分直接選下去，但想學英文的可能要先pass嘍。但要注意的是盡量別被老師記住，老師很常講課講一講就會開始追問被他記住的同學的看法，或是你偷偷翹課他下次會問你為什麼上週沒來。點名都是課後簽到，幫別人代簽不要太明顯基本上不會有事，但老師常提早下課且課堂可以做自己的事所以沒有急事的話還是可以去上個課給老師捧場一下啦！""}, {""User_ID"": ""PTT"", ""Semester"": ""107-2"", ""Rating_Quality"": null, ""Rating_Sweet"": null, ""Rating_Easy"": null, ""Rating_Rich"": null, ""Comment"": ""轉載自 PTT 作者 ID: cullen91329 (realycl)\n哪一學年度修課：107-2\nψ 授課教師 (若為多人合授請寫開課教師，以方便收錄)\n簡瑞碧\nλ 開課系所與授課對象 (是否為必修或通識課 / 內容是否與某些背景相關)\n大一英文必修\nδ 課程大概內容\n英文寫作+英文上台報告\nΩ 私心推薦指數(以五分計) ★★★★★\n\n喜歡涼課者五星\n想學東西的 可以不用看下去了\n甜度大概四星吧\nη 上課用書(影印講義或是指定教科書)\nSkills for success4 reading and writing\n出版中心有賣，一本好像500左右\n\nμ 上課方式(投影片、團體討論、老師教學風格)\n主要是用投影片講課本的課文還有一些些單字，一整年用同一本\n除了你被老師記住以外，不太會被點，但他會看點名單點人問問題，不會也不會怎樣啦\n睡覺跟用筆電都沒事，反而用手機有時會被叫\n\nσ 評分方式(給分甜嗎？是紮實分？)\nAttendance 15%\nOutlines 20%\nPresentation 15%\nFinal exam 15%\nTimed writings 20%\nPeer reviews 15%\n\nρ 考題型式、作業方式\n一學期三次作業 各一篇outlines\n還有一次上台報告 2-3人一組 上台約6分鐘\n只有期末考 範圍是課文的單字、文法還有閱測\n期末考內容跟高中英文差不多（甚至更簡單）\n\nω 其它(是否注重出席率？如果為外系選修，需先有什麼基礎較好嗎？老師個性？\n加簽習慣？嚴禁遲到等…)\n非常涼！\n每週點名，有計分，如上面評分方式\n下課前簽到，可以晚到但最好還是來簽到啦，很常提早下課\n一學期上三課，每課上完就有一次timed writing\n老師的點有點奇怪，每次寫作的重點都很迷，有時候說要中立，有時候又說要有立場，讓\n人不知道要怎麼寫\n但老師不兇 就是有點怪而已XD\n通常點人回答問題都是固定幾個，所以不要被老師記住就好XD\n老師很常問助教問題，助教超辛苦的～但助教人非常好！\n這學期加簽的有來都全簽\n\nΨ 總結\n你想爽拿三學分的話就可以上\n甜度我覺得還可以，上學期筆者A+，這學期A\n這學期的確是我寫作還有報告沒那麼好所以A\n這個是筆者個人問題><\n英文寫作很強的人歡迎修這門課！\n\n\n--\n\n原文網址: https://www.ptt.cc/bbs/NTUcourse/M.1561471321.A.1D6.html""}]"
英文(附一小時英聽)二,許文僊,社會科學院、工學院、生物資源暨農學院、電機資訊學院、法律學院,3,114-2,03018,FL1008,,,,,"[""無評價""]",[]
英文(附二小時英聽)二,胥嘉陵,工學院、電機資訊學院、電機資訊學院、電機資訊學院、電機資訊學院、法律學院、法律學院、法律學院、法律學院,3,114-2,03040,FL1010,,,,,"[""無評價""]",[]
英文二,傅友祥,工學院、生物資源暨農學院、電機資訊學院、法律學院,3,114-2,03030,FL1004,,,,,"[""無評價""]",[]
英文二,李鴻瓊,管理學院、生命科學院,3,114-2,03053,FL1004,,,,,"[""無評價""]",[]
英文(附一小時英聽)二,黃恆綜,理學院、管理學院、公共衛生學院、生命科學院,3,114-2,03058,FL1008,,,,,"[""無評價""]",[]
日文下,黃意婷,管理學院、生命科學院,3,114-2,02007,JpnL1002,,,,,"[""無評價""]",[]
大學國文：文學鑑賞與寫作（二）,汪詩珮,土木工程學系,3,114-2,01018,CHIN8013,,,,,"[""無評價""]",[]
"人文科技的交響：新趨勢與新素養（二）
A1,7",鄭毓瑜,中國文學系,3,114-2,33291,CHIN1100,,,,,"[""無評價""]",[]
"東坡詞
A1",劉少雄,中國文學系,3,114-2,33466,CHIN4096,4.8,4.8,3.7,4.5,"[""[User21917 | 113-2]: 非常喜歡的一門課。依照東坡的生平分期進行的詞作賞析，劉老師選擇的文本非常好，能夠很有代表性地表現出東坡作品在線性時間及平面空間中的流動與複雜性、藝術性。劉老師的賞析也非常精彩，細緻入微，既有文學的學術解析也有情感深化。大推。""]","[{""User_ID"": ""User21917"", ""Semester"": ""113-2"", ""Rating_Quality"": null, ""Rating_Sweet"": null, ""Rating_Easy"": null, ""Rating_Rich"": null, ""Comment"": ""非常喜歡的一門課。依照東坡的生平分期進行的詞作賞析，劉老師選擇的文本非常好，能夠很有代表性地表現出東坡作品在線性時間及平面空間中的流動與複雜性、藝術性。劉老師的賞析也非常精彩，細緻入微，既有文學的學術解析也有情感深化。大推。""}]"
"海峽兩岸關係史二
A2",李君山,,2,114-2,16960,Hist1537,4.7,4.0,2.7,4.3,"[""[User51575 | 113-2]: 因爲學期時間問題實際上只到第四講\n第一講 兩次臺海危機\n第二講 共和國初期外交與對臺統戰\n第三講 1960 年代臺灣外交軍事發展\n第四講 中（共）美蘇關係的變化\n第五講 外交失利與臺灣民主化\n第六講 鄧小平改革和兩岸往來恢復\n老師口述爲主\n板書爲主，君山老師會給一些推薦書籍。佳威助教總結的筆記很有幫助。\n1) 平時成績 (30％)：依出席率及上課表現評定之；主要是三次點名簽到結果\n(2)期末考 (40％)：於學期最後一週舉行之。範圍包含教材內容、上課筆記\n與所發講義；據説是主要總分依據\n(3)期中報告 (30％)：選擇與本課程相關之題材，撰寫 2,500-3,000 字（正文\n部份）報告一份，於學期第十週繳交。大家分數都在85左右\n據説主要總分依據是期末考\n助教說不是一個甜涼課，但是實際下來感覺老師和助教都特別好。君山老師很有意思，内容特別扎實。可能之後就要換助教了，不知道佳威大哥的筆記還會不會流傳。""]","[{""User_ID"": ""User51575"", ""Semester"": ""113-2"", ""Rating_Quality"": null, ""Rating_Sweet"": null, ""Rating_Easy"": null, ""Rating_Rich"": null, ""Comment"": ""因爲學期時間問題實際上只到第四講\n第一講 兩次臺海危機\n第二講 共和國初期外交與對臺統戰\n第三講 1960 年代臺灣外交軍事發展\n第四講 中（共）美蘇關係的變化\n第五講 外交失利與臺灣民主化\n第六講 鄧小平改革和兩岸往來恢復\n老師口述爲主\n板書爲主，君山老師會給一些推薦書籍。佳威助教總結的筆記很有幫助。\n1) 平時成績 (30％)：依出席率及上課表現評定之；主要是三次點名簽到結果\n(2)期末考 (40％)：於學期最後一週舉行之。範圍包含教材內容、上課筆記\n與所發講義；據説是主要總分依據\n(3)期中報告 (30％)：選擇與本課程相關之題材，撰寫 2,500-3,000 字（正文\n部份）報告一份，於學期第十週繳交。大家分數都在85左右\n據説主要總分依據是期末考\n助教說不是一個甜涼課，但是實際下來感覺老師和助教都特別好。君山老師很有意思，内容特別扎實。可能之後就要換助教了，不知道佳威大哥的筆記還會不會流傳。""}]"
"臺灣歷史與人物
A2,3",歐素瑛,,2,114-2,24289,Hist1541,,,,,"[""無評價""]",[]
"資訊資源與圖書館
A5",羅思嘉,,2,114-2,47693,LIS1019,,,,,"[""無評價""]",[]
"中國書法史
A1,2",盧慧紋,,3,114-2,56688,ARHY1009,,,,,"[""無評價""]",[]
"藝術經典
A1",陳韻如,,3,114-2,47018,ARHY1022,,,,,"[""無評價""]",[]
臺灣語言與社會,江文瑜,,3,114-2,13347,LING5410,5.0,4.5,1.0,4.5,"[""[User93459 | 111-1]: 【A25 通識】\n大致可分為上下學期兩個脈絡：上學期主要教授語言學相關理論與知識（譬喻理論、語言相對論、構詞學、聲音、臺語文字化等）；下學期教授語言社會學（雙言、語族活力、溝通調節理論等），並與臺灣社會作連結，講述日治與國民黨時期的兩次「國語」運動、2030雙語國家政策的謬誤等主題。\n老師講述課程內容，非常鼓勵同學發問與表達自己的想法。\n老師自己的ppt\n學期初助教會分組（每5人一組），小組會一起完成四次分組作業與期末創意成品。\n\n四次分組作業：作業與授課主題相連貫\n期末創意成品：形式由同學自行發揮（桌遊、小說、詩、影片等）\n\ntake-home exam: 這堂課唯一的「考試」，發下題目後兩週後繳交，可以查閱所有的資料，但是不能與他人討論題目\n上課出席 10% (在cool上簽到，需要回答助教出的小問題，題目有認真上課都能回答出來！)\n四次分組作業 40%\ntake-home exam 25%\n創意成品發表 25%\n這是一堂非常值得修的通識課！這學期用華語授課（111-2用臺語授課）。課程紮實，老師每次上課都會準備很多頁的ppt，教學中間會穿插一些影片娛樂，認真學習可以收穫很多，並且開始思考一些議題，不論是語言或歷史相關的。另外，很喜歡老師有時會從課程內容中延伸傳達正面能量。""]","[{""User_ID"": ""User93459"", ""Semester"": ""111-1"", ""Rating_Quality"": null, ""Rating_Sweet"": null, ""Rating_Easy"": null, ""Rating_Rich"": null, ""Comment"": ""【A25 通識】\n大致可分為上下學期兩個脈絡：上學期主要教授語言學相關理論與知識（譬喻理論、語言相對論、構詞學、聲音、臺語文字化等）；下學期教授語言社會學（雙言、語族活力、溝通調節理論等），並與臺灣社會作連結，講述日治與國民黨時期的兩次「國語」運動、2030雙語國家政策的謬誤等主題。\n老師講述課程內容，非常鼓勵同學發問與表達自己的想法。\n老師自己的ppt\n學期初助教會分組（每5人一組），小組會一起完成四次分組作業與期末創意成品。\n\n四次分組作業：作業與授課主題相連貫\n期末創意成品：形式由同學自行發揮（桌遊、小說、詩、影片等）\n\ntake-home exam: 這堂課唯一的「考試」，發下題目後兩週後繳交，可以查閱所有的資料，但是不能與他人討論題目\n上課出席 10% (在cool上簽到，需要回答助教出的小問題，題目有認真上課都能回答出來！)\n四次分組作業 40%\ntake-home exam 25%\n創意成品發表 25%\n這是一堂非常值得修的通識課！這學期用華語授課（111-2用臺語授課）。課程紮實，老師每次上課都會準備很多頁的ppt，教學中間會穿插一些影片娛樂，認真學習可以收穫很多，並且開始思考一些議題，不論是語言或歷史相關的。另外，很喜歡老師有時會從課程內容中延伸傳達正面能量。""}]"
"古琴音樂欣賞與實習【一】
A1",李孔元,,2,114-2,40160,Music3007,,,,,"[""無評價""]",[]
"華語劇場與文化批評
A1",汪俊彥,,3,114-2,44929,PTCSL7930,5.0,4.5,2.0,4.5,"[""[User88244 | 112-1]: 該學期教授指定的劇場內容，以及劇場精神、解讀、劇評書寫。\n\n以劇場研究與文化研究做為方法，在歷史與全球脈絡中，就劇場性、跨語際、歷史畫批判性思考華語劇場的形式與內涵。以劇場分析與討論為課程軸心，透過問題意識，以及劇場作品實際討論種種相關理論及現象，培養大學生人文的基礎能力\n教授互動式演講，有時候全部人圍成一圈坐，真的非常有意思，聽到同學對於劇場和自己有如此不同的理解，經常會被大家的聰明嚇到\n教授在期初會指定我們看三個劇場，上課時就劇場內容討論延伸，可以說教材就是教授的知識精華加上《機械複製時代的藝術作品：班雅明精選集》\n整個學期要繳交三篇劇評，1000字左右\n課堂分組討論及課堂參與50%\n學期觀賞劇場作品之評論三篇50%\n真的是我整個學期唯一會想要準時出現在教室的課，教授講話超級無敵有魅力，每次下課都覺得自己腦子開發到了許多。徹底顛覆原先對劇場粗淺而自以為是的理解，非常推薦，超級超級！！！！來念台大不上這門課真的會很可惜""]","[{""User_ID"": ""User88244"", ""Semester"": ""112-1"", ""Rating_Quality"": null, ""Rating_Sweet"": null, ""Rating_Easy"": null, ""Rating_Rich"": null, ""Comment"": ""該學期教授指定的劇場內容，以及劇場精神、解讀、劇評書寫。\n\n以劇場研究與文化研究做為方法，在歷史與全球脈絡中，就劇場性、跨語際、歷史畫批判性思考華語劇場的形式與內涵。以劇場分析與討論為課程軸心，透過問題意識，以及劇場作品實際討論種種相關理論及現象，培養大學生人文的基礎能力\n教授互動式演講，有時候全部人圍成一圈坐，真的非常有意思，聽到同學對於劇場和自己有如此不同的理解，經常會被大家的聰明嚇到\n教授在期初會指定我們看三個劇場，上課時就劇場內容討論延伸，可以說教材就是教授的知識精華加上《機械複製時代的藝術作品：班雅明精選集》\n整個學期要繳交三篇劇評，1000字左右\n課堂分組討論及課堂參與50%\n學期觀賞劇場作品之評論三篇50%\n真的是我整個學期唯一會想要準時出現在教室的課，教授講話超級無敵有魅力，每次下課都覺得自己腦子開發到了許多。徹底顛覆原先對劇場粗淺而自以為是的理解，非常推薦，超級超級！！！！來念台大不上這門課真的會很可惜""}]"
"普通心理學
A5,8",郭柏呈,,3,114-2,55623,Psy1007,,,,,"[""無評價""]",[]
"普通心理學
A5,8",葉俊毅,政治理論組、藥學系、生物產業傳播暨發展學系,3,114-2,55657,Psy1007,3.0,5.0,5.0,3.5,"[""[User50909 | 111-1]: 都是很概論式的講解，這學期的內容包含心理學研究方法、神經的運作、感覺與知覺、記憶力、學習...等，幾乎就是《心理學》這本課本的編排。由於老師的專業似乎是在神經知覺這個領域，這部分的講解較為深入與充實。\n老師有自行製作的PPT，會完全依照PPT去講解；當中除了條列式地介紹心理學的內容外，亦會在課堂中穿插一些實驗的影片甚至現場帶同學做些心理學小實驗\n老師自行準備的PPT，每周課前都會上傳至NTU COOL。不過章節安排大致按照「心理學─身體、心靈與文化的整合」一書，內容大概也有7成重疊。\n期中、期末考試各一次。考試時可以攜帶一張A4雙面的大抄進去考試，考試內容是40題選擇和6選4的申論或是簡答題。\n心理學作業3份都不難，約1頁A4就好，內容是紀錄生活中的心理學現象，詳細內容要看老師指定甚麼\n期中考：30%\n期末考：30%\n3份心理學作業：25%\n課堂討論參與 (ZUVIO)：15%\n額外加分(最多加總成績5分)\n參與心理實驗 (每1小時心理學實驗加總成績1分)\n或撰寫心理學相關科普書/文獻心得(每1篇加總成績1分)\n學習成果：由於是通識性的課程，不容易期待在課堂上學得多深入；老師會趕課，但如果有額外的問題，老師會非常用心地替你解惑\n出席：點名方式就是在ZUVIO上回答老師出的問題，每次到班率大概過一半而已\n考試準備：建議大家平時就隨進度準備普心大抄，考試內容就是完全按照上課教的，甚至沒什麼活用題\n我的學習成果：因為上課速度很快，我都聽不太懂；但因為有大抄的關係，考試分數都能高於平均10幾分；普心作業遲交，但分數都在90左右；參加一次心理學實驗，額外加1分，意外跨過90分門檻，最終成績為A+\n總評：確實甜涼，至於能不能是好課，看你願不願意學習""]","[{""User_ID"": ""User50909"", ""Semester"": ""111-1"", ""Rating_Quality"": null, ""Rating_Sweet"": null, ""Rating_Easy"": null, ""Rating_Rich"": null, ""Comment"": ""都是很概論式的講解，這學期的內容包含心理學研究方法、神經的運作、感覺與知覺、記憶力、學習...等，幾乎就是《心理學》這本課本的編排。由於老師的專業似乎是在神經知覺這個領域，這部分的講解較為深入與充實。\n老師有自行製作的PPT，會完全依照PPT去講解；當中除了條列式地介紹心理學的內容外，亦會在課堂中穿插一些實驗的影片甚至現場帶同學做些心理學小實驗\n老師自行準備的PPT，每周課前都會上傳至NTU COOL。不過章節安排大致按照「心理學─身體、心靈與文化的整合」一書，內容大概也有7成重疊。\n期中、期末考試各一次。考試時可以攜帶一張A4雙面的大抄進去考試，考試內容是40題選擇和6選4的申論或是簡答題。\n心理學作業3份都不難，約1頁A4就好，內容是紀錄生活中的心理學現象，詳細內容要看老師指定甚麼\n期中考：30%\n期末考：30%\n3份心理學作業：25%\n課堂討論參與 (ZUVIO)：15%\n額外加分(最多加總成績5分)\n參與心理實驗 (每1小時心理學實驗加總成績1分)\n或撰寫心理學相關科普書/文獻心得(每1篇加總成績1分)\n學習成果：由於是通識性的課程，不容易期待在課堂上學得多深入；老師會趕課，但如果有額外的問題，老師會非常用心地替你解惑\n出席：點名方式就是在ZUVIO上回答老師出的問題，每次到班率大概過一半而已\n考試準備：建議大家平時就隨進度準備普心大抄，考試內容就是完全按照上課教的，甚至沒什麼活用題\n我的學習成果：因為上課速度很快，我都聽不太懂；但因為有大抄的關係，考試分數都能高於平均10幾分；普心作業遲交，但分數都在90左右；參加一次心理學實驗，額外加1分，意外跨過90分門檻，最終成績為A+\n總評：確實甜涼，至於能不能是好課，看你願不願意學習""}]"
天氣與氣候,吳明進,,2,114-2,44122,AtmSci1007,,,,,"[""無評價""]",[]
"全球通識講座-決策者的危機處理機制
A5",徐斯勤,,2,114-2,16110,PS4644,3.8,3.7,1.2,3.7,"[""[User73655 | 110-2]: 第1週 社會科學視角下的危機管理\n第2週 領導者面對危機的決策力\n第3週 決策者與危機概論綜合討論\n第4週 全球變遷的理性與感性\n第5週 中美貿易戰與世界大變局\n第6週 高齡社會的應對策略\n第7週 世界視野與內政治理綜合討論\n第8週 期中考放假\n第9週 疫災的防治：以COVID-19之經驗為例\n第10週 災害預警之重要性\n第11週 台灣人口變遷與高教發展\n第12週 自然災害與社會發展綜合討論\n第13週 政府面對食安事件之危機處理\n第14週 氣候變遷的因應與調適 - 大學的社會責任\n第15週 全球環境趨勢與台灣能源安全\n第16週 能源與國家安全綜合討論\n每周會邀請不同講師演講，內容可以參考投影片，但是有時候會遇到內容太多講不完的情況。因為疫情遠距後變成講師錄影放在ntu cool上觀看。分組討論原則上每次都不同分組，需要在課堂時間內討論完畢繳交討論結果至ntu cool上的討論區，因此需要有人攜帶筆電。\n教師自編投影片以及課程影片(因疫情遠距)\n每次演講後到下此上課的一周內需要撰寫一篇300-1000字的心得上傳到ntu cool，心得格式有規定(三個演講重點(60%)、個人感想(20%)、獨特創見(20%))，想要得到高分數就需要盡量寫到1000字。\n簽到在實體課時實施方法為上課前掃螢幕上的QR code簽到，遠距後不實施。\n綜合討論大約8-10人一組，討論內容為講師在討論區中公布的題目，需要選出組長(負責上傳討論內容至討論區)，組長可以加分，學期末需要回報討論中的情況(例如誰不參與討論等等)。\n第八周公布指定書單，可以自由選擇是否要閱讀撰寫心得。\n每周演講課程心得 70%\n每周簽到 10%\n綜合討論 20% (四次每次5%)\n組長額外加分 3%\n指定書籍閱讀心得額外加分 6%\nA5通識課程\n上課時間 四 34\n推薦給不喜歡考試喜歡寫心得報告還有分組的同學，依據助教期末所言，有45%的修課學生拿到A+。""]","[{""User_ID"": ""User73655"", ""Semester"": ""110-2"", ""Rating_Quality"": null, ""Rating_Sweet"": null, ""Rating_Easy"": null, ""Rating_Rich"": null, ""Comment"": ""第1週 社會科學視角下的危機管理\n第2週 領導者面對危機的決策力\n第3週 決策者與危機概論綜合討論\n第4週 全球變遷的理性與感性\n第5週 中美貿易戰與世界大變局\n第6週 高齡社會的應對策略\n第7週 世界視野與內政治理綜合討論\n第8週 期中考放假\n第9週 疫災的防治：以COVID-19之經驗為例\n第10週 災害預警之重要性\n第11週 台灣人口變遷與高教發展\n第12週 自然災害與社會發展綜合討論\n第13週 政府面對食安事件之危機處理\n第14週 氣候變遷的因應與調適 - 大學的社會責任\n第15週 全球環境趨勢與台灣能源安全\n第16週 能源與國家安全綜合討論\n每周會邀請不同講師演講，內容可以參考投影片，但是有時候會遇到內容太多講不完的情況。因為疫情遠距後變成講師錄影放在ntu cool上觀看。分組討論原則上每次都不同分組，需要在課堂時間內討論完畢繳交討論結果至ntu cool上的討論區，因此需要有人攜帶筆電。\n教師自編投影片以及課程影片(因疫情遠距)\n每次演講後到下此上課的一周內需要撰寫一篇300-1000字的心得上傳到ntu cool，心得格式有規定(三個演講重點(60%)、個人感想(20%)、獨特創見(20%))，想要得到高分數就需要盡量寫到1000字。\n簽到在實體課時實施方法為上課前掃螢幕上的QR code簽到，遠距後不實施。\n綜合討論大約8-10人一組，討論內容為講師在討論區中公布的題目，需要選出組長(負責上傳討論內容至討論區)，組長可以加分，學期末需要回報討論中的情況(例如誰不參與討論等等)。\n第八周公布指定書單，可以自由選擇是否要閱讀撰寫心得。\n每周演講課程心得 70%\n每周簽到 10%\n綜合討論 20% (四次每次5%)\n組長額外加分 3%\n指定書籍閱讀心得額外加分 6%\nA5通識課程\n上課時間 四 34\n推薦給不喜歡考試喜歡寫心得報告還有分組的同學，依據助教期末所言，有45%的修課學生拿到A+。""}]"
"社會學
A5",李令儀,人類學系、心理學系、醫學系、職能治療學系,3,114-2,27618,Soc1027,4.4,4.4,4.4,2.4,"[""[Yirdream | 113-2]: 我們多數人的一生都生活在社會之中，依賴他人、依賴社會而生存。在這堂社會學的入門課中，我們將一起探討什麼是社會、社會如何運作、社會之於個人的作用與意義、社會關係對人的影響等議題。這門課將引介同學以社會學的視野、社會學的想像力看見社會、瞭解社會的運作，並探索個體在社會中的角色。我們將一起思考和討論發生在你我身邊的社會議題和現象，包括，#me too運動反映了哪些社會結構的問題？公私立大學的學雜費差距是否會強化教育不平等？又可能會發生在哪些層面？讓我們在想像力和好奇心之外，以更系統卻更有趣的方式，一起觀察社會世界，也解釋社會世界。\n\n課程主軸包括「文化、規範與社會控制」、「社會結構與不平等」、「社會體制及其改造」三大單元，循序漸進引介社會學的重要概念及思考方式。--以上複製自syllabus\n如果有買課本的話大概就跟課本上提到的內容差不多。\n老師上課講解簡報，偶爾會有一些問題讓我們討論，但課程實際的效果很取決於個人，因為這堂課上課中講得所有東西何時計算分的項目其實有些差距。\n主要是老師的簡報，主要參考書為《見樹又見林：社會學作為一種生活、實踐與允諾》（Forest and the Trees: Sociology as Life, Practice and Practice. Allan Johnson著，成令方、林鶴玲、吳嘉苓譯，2001 年群學出版）。但不買也沒差，因為其實也不會用到。\n課堂表現與出席（佔總成績 10％）老師其實不點名，但每次課後要寫一份50字-100字的心得，老師說他會挑其中8 次最言之有物的內容計分\n討論課的表現與出席（共佔 15％）每次的第三節課是討論課，但這就會點名了，老師在syllabus中提到「討論課缺席一次，扣總成績 3 分。有四次（含四次）以上未到或嚴重遲到，該項成績不給分。」\n個人作業（25%）有兩次作業，一次是寫中學時期的回憶(1000字)，一次是寫家族史(1500字)\n分組作業（50％）：請在第五、第六週時尋找其他同學，組成人數五到七人的小組（跨科系為佳），共同完成兩次小組作業，包括作業 III「勞動調查」（參見第六週作業），及期末三週的「願景工作坊」活動。\n勞動調查有點小累，要去訪問一個職業的工作者，然後在某一次的討論課報告還要繳交一份書面報告，這可能滿花時間的，也取決於小組選擇什麼職業來訪問。\n願景工作坊是每個小組要舉出一個你們覺得需要改變的社會現象，從社會學的觀點討論，並提出改善這一現象或痛點的行動提案。討論重點包括：\n1) 目前針對這個現象目前已經有哪些運動或討論，誰提出來的，它們是結構性還是個人式的解決方案？\n2)什麼可能是造成這些現象的結構性因素，為什麼？\n3)請你們共同提出一個「非個人性」及符合「照護的邏輯」的解決方案和行動\n提案。\n要手繪一個海報然後在最後一次上課要展示自己那組的海報跟其他同學解說，也要去聽其他組別的解說。\n同上\n課本身我認為沒什麼好挑剔的，老師上課的風格算是相當有趣，講課也算是非常好；助教人也都挺不錯的，對我們的作業都很關心，也願意提出許多改進的建議以及幫助。但最後那兩個分組作業著實有點累，勞動調查的訪問我覺得其實非常費時，從決定要訪問什麼到訪鋼製作最後到訪問+整理訪問的結果，時間其實蠻有限的，如果又選了一些偏怪的職業那就自求多福；願景工作坊只是提案比較困難一點，但只要有做出來都不是什麼大問題，分數也都不大難看。不過(這個不過相當重要)要找好組員，我在這堂課遇到幾乎所有的問題都來自組員不怎麼配合，要說那一兩位躺分是有點過分了，但中間真的有很多不怎麼愉快的交流。\n另外其實我不太清楚我們作業到底評分標準是什麼，畢竟我是在學期成績公告後一天才看到我每項拿了幾分。""]","[{""User_ID"": ""Yirdream"", ""Semester"": ""113-2"", ""Rating_Quality"": null, ""Rating_Sweet"": null, ""Rating_Easy"": null, ""Rating_Rich"": null, ""Comment"": ""我們多數人的一生都生活在社會之中，依賴他人、依賴社會而生存。在這堂社會學的入門課中，我們將一起探討什麼是社會、社會如何運作、社會之於個人的作用與意義、社會關係對人的影響等議題。這門課將引介同學以社會學的視野、社會學的想像力看見社會、瞭解社會的運作，並探索個體在社會中的角色。我們將一起思考和討論發生在你我身邊的社會議題和現象，包括，#me too運動反映了哪些社會結構的問題？公私立大學的學雜費差距是否會強化教育不平等？又可能會發生在哪些層面？讓我們在想像力和好奇心之外，以更系統卻更有趣的方式，一起觀察社會世界，也解釋社會世界。\n\n課程主軸包括「文化、規範與社會控制」、「社會結構與不平等」、「社會體制及其改造」三大單元，循序漸進引介社會學的重要概念及思考方式。--以上複製自syllabus\n如果有買課本的話大概就跟課本上提到的內容差不多。\n老師上課講解簡報，偶爾會有一些問題讓我們討論，但課程實際的效果很取決於個人，因為這堂課上課中講得所有東西何時計算分的項目其實有些差距。\n主要是老師的簡報，主要參考書為《見樹又見林：社會學作為一種生活、實踐與允諾》（Forest and the Trees: Sociology as Life, Practice and Practice. Allan Johnson著，成令方、林鶴玲、吳嘉苓譯，2001 年群學出版）。但不買也沒差，因為其實也不會用到。\n課堂表現與出席（佔總成績 10％）老師其實不點名，但每次課後要寫一份50字-100字的心得，老師說他會挑其中8 次最言之有物的內容計分\n討論課的表現與出席（共佔 15％）每次的第三節課是討論課，但這就會點名了，老師在syllabus中提到「討論課缺席一次，扣總成績 3 分。有四次（含四次）以上未到或嚴重遲到，該項成績不給分。」\n個人作業（25%）有兩次作業，一次是寫中學時期的回憶(1000字)，一次是寫家族史(1500字)\n分組作業（50％）：請在第五、第六週時尋找其他同學，組成人數五到七人的小組（跨科系為佳），共同完成兩次小組作業，包括作業 III「勞動調查」（參見第六週作業），及期末三週的「願景工作坊」活動。\n勞動調查有點小累，要去訪問一個職業的工作者，然後在某一次的討論課報告還要繳交一份書面報告，這可能滿花時間的，也取決於小組選擇什麼職業來訪問。\n願景工作坊是每個小組要舉出一個你們覺得需要改變的社會現象，從社會學的觀點討論，並提出改善這一現象或痛點的行動提案。討論重點包括：\n1) 目前針對這個現象目前已經有哪些運動或討論，誰提出來的，它們是結構性還是個人式的解決方案？\n2)什麼可能是造成這些現象的結構性因素，為什麼？\n3)請你們共同提出一個「非個人性」及符合「照護的邏輯」的解決方案和行動\n提案。\n要手繪一個海報然後在最後一次上課要展示自己那組的海報跟其他同學解說，也要去聽其他組別的解說。\n同上\n課本身我認為沒什麼好挑剔的，老師上課的風格算是相當有趣，講課也算是非常好；助教人也都挺不錯的，對我們的作業都很關心，也願意提出許多改進的建議以及幫助。但最後那兩個分組作業著實有點累，勞動調查的訪問我覺得其實非常費時，從決定要訪問什麼到訪鋼製作最後到訪問+整理訪問的結果，時間其實蠻有限的，如果又選了一些偏怪的職業那就自求多福；願景工作坊只是提案比較困難一點，但只要有做出來都不是什麼大問題，分數也都不大難看。不過(這個不過相當重要)要找好組員，我在這堂課遇到幾乎所有的問題都來自組員不怎麼配合，要說那一兩位躺分是有點過分了，但中間真的有很多不怎麼愉快的交流。\n另外其實我不太清楚我們作業到底評分標準是什麼，畢竟我是在學期成績公告後一天才看到我每項拿了幾分。""}]"
"朝鮮王朝的建立與發展
A2,3",姜智恩,,2,114-2,37651,NtlDev1084,4.2,3.0,3.3,4.0,"[""[User20457 | 111-1]: 講義搭配PPT，偶爾會播歷史劇片段\n每節課都有一張A4講義 有時候內容比較多會是兩張\n完全沒作業，真的很涼，就去聽課就好。這個學期的考試是用線上的方式，有選擇、簡答、一題申論，個人覺得有點難度，會考講過的文言文內容，讓你簡答某個詞語的意思，雖然線上考試可以偷看一下講義，但是時間滿緊迫的，而且如果沒有認真聽講、複習，翻講義也無效。\n演講心得6%\n出席率24%\n期末考70%\n我覺得這是一門紮實甜的涼課！點名大概有6次，用掃碼GOOGLE表單的方式(一般是中堂下課時)，自己有缺課大概三次，很幸運剛好都沒點名的樣子，到後來一直瘋狂遲到中堂才到課，早八真的好痛苦，但我還是有自己把講義讀一讀畫重點，跟隔壁同學借筆記抄。上課不用到全神貫注就能吸收老師講授的知識，因為老師是韓國人，講中文會比較慢，有時候聽課我也會邊做自己的事情，不用做報告、不用寫作業(只有一次演講心得要寫而已)，真的很涼很涼，不過也真的要好好讀講義好好上課，要不然期末會炸掉。另外，每週老師都會在NTUCOOL上傳思考問題，可以在下方回覆自己的提問或想法，完全是社恐救星......我回了三四次，總分被加兩分，期末考59.5/70，最後壓線A+""]","[{""User_ID"": ""User20457"", ""Semester"": ""111-1"", ""Rating_Quality"": null, ""Rating_Sweet"": null, ""Rating_Easy"": null, ""Rating_Rich"": null, ""Comment"": ""講義搭配PPT，偶爾會播歷史劇片段\n每節課都有一張A4講義 有時候內容比較多會是兩張\n完全沒作業，真的很涼，就去聽課就好。這個學期的考試是用線上的方式，有選擇、簡答、一題申論，個人覺得有點難度，會考講過的文言文內容，讓你簡答某個詞語的意思，雖然線上考試可以偷看一下講義，但是時間滿緊迫的，而且如果沒有認真聽講、複習，翻講義也無效。\n演講心得6%\n出席率24%\n期末考70%\n我覺得這是一門紮實甜的涼課！點名大概有6次，用掃碼GOOGLE表單的方式(一般是中堂下課時)，自己有缺課大概三次，很幸運剛好都沒點名的樣子，到後來一直瘋狂遲到中堂才到課，早八真的好痛苦，但我還是有自己把講義讀一讀畫重點，跟隔壁同學借筆記抄。上課不用到全神貫注就能吸收老師講授的知識，因為老師是韓國人，講中文會比較慢，有時候聽課我也會邊做自己的事情，不用做報告、不用寫作業(只有一次演講心得要寫而已)，真的很涼很涼，不過也真的要好好讀講義好好上課，要不然期末會炸掉。另外，每週老師都會在NTUCOOL上傳思考問題，可以在下方回覆自己的提問或想法，完全是社恐救星......我回了三四次，總分被加兩分，期末考59.5/70，最後壓線A+""}]"
"醫學與生活
A8",楊榮森,,2,114-2,34380,MD&PH5007,3.8,4.2,4.2,3.1,"[""[ynt | 113-2]: 第1週 02/19 醫學與生活(01)課程說明、維生素D與健康-楊榮森（骨科）\n第2週 02/26 2.人工植牙面面觀-李正喆（牙醫學系）\n第3週 03/05 3.肺炎與疫苗可預防疾病-盤松青（內科）\n第4週 03/12 4.肝病三部曲-梁嘉德（內科）\n第5週 03/19 5.視覺、眼科與生活-何子昌（眼科）\n第6週 03/26 6.健康飲食的秘訣-賴聖如（營養部）\n第7週 04/02 7.千金難買早知道-談癌症篩檢-程劭儀（家庭醫學科）\n第8週 04/09 8.從安寧療護談生與死-姚建安（家庭醫學科）\n第9週 04/16 9.認識日常生活中的精神病-劉震鐘（精神科）\n第10週 04/23 10.長期照護簡介-彭仁奎（家庭醫學科）\n第11週 04/30 11.心臟血管的保健-紀乃新（外科）\n第12週 05/07 12.解除皮膚黑色危機-廖怡華（皮膚科）\n第13週 05/14 13.小藥丸 大學問-蕭斐元（臨床藥學研究所）\n第14週 05/21 14.下背痛的西醫學防治──從人類直立演化到現代醫療-楊宗翰（骨科）\n第15週 05/28 15.泌尿道與健康-呂育全（泌尿科）\n第16週 06/04 期末考試-楊榮森（骨科）\n每個醫師講解各自的PPT\n博物館參訪是在週末選擇一個時段去台大醫學院博物館參訪，會有醫學系的學長當博物館解說員\n每個醫師提供的講義\n作業只有學期心得報告，包含課程內容心得和博物館參訪心得，兩個部分都要寫1000字以上\n期末考試是單選題共60題，全都是講義內容\n期末考試: 50%，實體考試(單選題)\n學期心得報告: 50%\n出席: 0%，加分(點名2次)抽點+1次博物館共計3次(加幾分老師決定)\n這堂課會有兩次不定期點名，而且有些老師會在上課時提示可能會考的內容，所以還是建議來上課比較好\n考試內容大概有一半是可以依靠常識判斷的，另一半則是上課內容\n我是在考試前幾個小時把所有內容大致看過一遍，把看起來可能會考和老師提示的地方看熟\n點名都有到，課程心得和參訪心得各寫1500字左右\n都不會在ntu cool上公布成績，最後拿A+，供參""]","[{""User_ID"": ""ynt"", ""Semester"": ""113-2"", ""Rating_Quality"": null, ""Rating_Sweet"": null, ""Rating_Easy"": null, ""Rating_Rich"": null, ""Comment"": ""第1週 02/19 醫學與生活(01)課程說明、維生素D與健康-楊榮森（骨科）\n第2週 02/26 2.人工植牙面面觀-李正喆（牙醫學系）\n第3週 03/05 3.肺炎與疫苗可預防疾病-盤松青（內科）\n第4週 03/12 4.肝病三部曲-梁嘉德（內科）\n第5週 03/19 5.視覺、眼科與生活-何子昌（眼科）\n第6週 03/26 6.健康飲食的秘訣-賴聖如（營養部）\n第7週 04/02 7.千金難買早知道-談癌症篩檢-程劭儀（家庭醫學科）\n第8週 04/09 8.從安寧療護談生與死-姚建安（家庭醫學科）\n第9週 04/16 9.認識日常生活中的精神病-劉震鐘（精神科）\n第10週 04/23 10.長期照護簡介-彭仁奎（家庭醫學科）\n第11週 04/30 11.心臟血管的保健-紀乃新（外科）\n第12週 05/07 12.解除皮膚黑色危機-廖怡華（皮膚科）\n第13週 05/14 13.小藥丸 大學問-蕭斐元（臨床藥學研究所）\n第14週 05/21 14.下背痛的西醫學防治──從人類直立演化到現代醫療-楊宗翰（骨科）\n第15週 05/28 15.泌尿道與健康-呂育全（泌尿科）\n第16週 06/04 期末考試-楊榮森（骨科）\n每個醫師講解各自的PPT\n博物館參訪是在週末選擇一個時段去台大醫學院博物館參訪，會有醫學系的學長當博物館解說員\n每個醫師提供的講義\n作業只有學期心得報告，包含課程內容心得和博物館參訪心得，兩個部分都要寫1000字以上\n期末考試是單選題共60題，全都是講義內容\n期末考試: 50%，實體考試(單選題)\n學期心得報告: 50%\n出席: 0%，加分(點名2次)抽點+1次博物館共計3次(加幾分老師決定)\n這堂課會有兩次不定期點名，而且有些老師會在上課時提示可能會考的內容，所以還是建議來上課比較好\n考試內容大概有一半是可以依靠常識判斷的，另一半則是上課內容\n我是在考試前幾個小時把所有內容大致看過一遍，把看起來可能會考和老師提示的地方看熟\n點名都有到，課程心得和參訪心得各寫1500字左右\n都不會在ntu cool上公布成績，最後拿A+，供參""}]"
"醫學與生活
A8",江鴻生,,2,114-2,44050,MD&PH5007,5.0,5.0,0.5,5.0,"[""[東條希 | 111-2]: 醫療人員演講\n講題印象深刻，很實用的課程!""]","[{""User_ID"": ""東條希"", ""Semester"": ""111-2"", ""Rating_Quality"": null, ""Rating_Sweet"": null, ""Rating_Easy"": null, ""Rating_Rich"": null, ""Comment"": ""醫療人員演講\n講題印象深刻，很實用的課程!""}]"
"心理健康促進與自殺防治
A5",吳佳儀,,3,114-2,32910,MD&PH5078,3.8,3.5,2.3,3.8,"[""[User96486 | 111-2]: 第1週 2/22 心理健康促進暨自殺防治總論\n第2週 3/1 [主題1]壓力三部曲\n第3週 3/8 [主題2]心情溫度你我他：談心理健康與壓力管理\n第4週 3/15 [主題3]檢視壓力、疾病與自殺\n第5週 3/22 [主題4]翻轉自殺迷思\n第6週 3/29 [主題5]柳暗花明又一村：探討心理健康求助歷程\n第7週 4/5 民族掃墓節放假\n第8週 4/12 [主題6]跨出成功的第一步：如何溝通自殺議題\n第9週 4/19 [心情交流站]優良作業觀摩+病友分享會\n第10週 4/26 [主題7]人人都是珍愛生命守門人: MR虛擬實境案例體驗討論I\n第11週 5/3 [主題8]人人都是珍愛生命守門人: MR虛擬實境案例體驗討論II\n第12週 5/10 [主題9]心情急救站：談精神科醫療服務與心理疾病污名化\n第13週 5/17 [主題10]媒體與自殺\n第14週 5/24 [主題11]正向心理的威力\n第15週 5/31 [主題12]一夜安穩到天明：談安眠、心理健康促進與正念減壓\n第16週 6/7 [期末成果發表]微電影+期末評值\n老師上課+討論課+上台報告\n課前閱讀，PPT\n每週課前閱讀，課前測驗，課後500字心得\n還有三次心情溫度計使用\n期末分組拍攝微電影，沒有考試\n1.課堂參與及討論35%：評分內容包含學生出席情形(10%)、討論課表現(15%)及課前測驗(10%)等。\n2.作業45%：包含課後心得回饋(25%)、心情溫度計測量(15%)及特色課程作業(5%)。請依作業期限準時繳交作業。\n3.期末分組報告20%：各組微電影評分依據如下：\n1.題材符合課程相關主題 (凸顯守門人角色功能)\n2.劇情創新性\n3.拍攝技巧與手法\n4.專業知識傳達\n共三節，通常第一節老師上課，第二節討論課，第三節各組報告討論課結果，一般上當天不是你報告第三節可以不去\n討論課真的可以得到很多不同的想法\n但是我很常忘記寫課後心得就是了，逾期心得作業區不會關閉，看助教會不會扣分""]","[{""User_ID"": ""User96486"", ""Semester"": ""111-2"", ""Rating_Quality"": null, ""Rating_Sweet"": null, ""Rating_Easy"": null, ""Rating_Rich"": null, ""Comment"": ""第1週 2/22 心理健康促進暨自殺防治總論\n第2週 3/1 [主題1]壓力三部曲\n第3週 3/8 [主題2]心情溫度你我他：談心理健康與壓力管理\n第4週 3/15 [主題3]檢視壓力、疾病與自殺\n第5週 3/22 [主題4]翻轉自殺迷思\n第6週 3/29 [主題5]柳暗花明又一村：探討心理健康求助歷程\n第7週 4/5 民族掃墓節放假\n第8週 4/12 [主題6]跨出成功的第一步：如何溝通自殺議題\n第9週 4/19 [心情交流站]優良作業觀摩+病友分享會\n第10週 4/26 [主題7]人人都是珍愛生命守門人: MR虛擬實境案例體驗討論I\n第11週 5/3 [主題8]人人都是珍愛生命守門人: MR虛擬實境案例體驗討論II\n第12週 5/10 [主題9]心情急救站：談精神科醫療服務與心理疾病污名化\n第13週 5/17 [主題10]媒體與自殺\n第14週 5/24 [主題11]正向心理的威力\n第15週 5/31 [主題12]一夜安穩到天明：談安眠、心理健康促進與正念減壓\n第16週 6/7 [期末成果發表]微電影+期末評值\n老師上課+討論課+上台報告\n課前閱讀，PPT\n每週課前閱讀，課前測驗，課後500字心得\n還有三次心情溫度計使用\n期末分組拍攝微電影，沒有考試\n1.課堂參與及討論35%：評分內容包含學生出席情形(10%)、討論課表現(15%)及課前測驗(10%)等。\n2.作業45%：包含課後心得回饋(25%)、心情溫度計測量(15%)及特色課程作業(5%)。請依作業期限準時繳交作業。\n3.期末分組報告20%：各組微電影評分依據如下：\n1.題材符合課程相關主題 (凸顯守門人角色功能)\n2.劇情創新性\n3.拍攝技巧與手法\n4.專業知識傳達\n共三節，通常第一節老師上課，第二節討論課，第三節各組報告討論課結果，一般上當天不是你報告第三節可以不去\n討論課真的可以得到很多不同的想法\n但是我很常忘記寫課後心得就是了，逾期心得作業區不會關閉，看助教會不會扣分""}]"
"毒道之處～看不見的危機!
A7,8",姜至剛,,2,114-2,22154,Tox5009,,,,,"[""無評價""]",[]
"能源科學故事(二)：化石與再生能源
A3,7",陳發林,,3,114-2,49710,AM5035,,,,,"[""無評價""]",[]
"食品與健康
A8",沈立言,,2,114-2,44803,FOOD1001,3.5,2.5,1.0,1.0,"[""[User95315 | 111-1]: 期中期末都選擇題，題目一半在考古題找得到。\n這學期出了 2 次作業，要到圖書館看規定的書、寫報告（大概半小時內看得完）\n出席率 20%，期中考 40%，期末考 40%\n不涼不甜，但 loading 很輕的課。教的內容在日常生活蠻實用的。""]","[{""User_ID"": ""User95315"", ""Semester"": ""111-1"", ""Rating_Quality"": null, ""Rating_Sweet"": null, ""Rating_Easy"": null, ""Rating_Rich"": null, ""Comment"": ""期中期末都選擇題，題目一半在考古題找得到。\n這學期出了 2 次作業，要到圖書館看規定的書、寫報告（大概半小時內看得完）\n出席率 20%，期中考 40%，期末考 40%\n不涼不甜，但 loading 很輕的課。教的內容在日常生活蠻實用的。""}]"
"遺傳工程概論
A8",鄭貽生,,2,114-2,40541,LS1028,,,,,"[""無評價""]",[]
"食品營養概論
A8",林璧鳳,生化科技學系,2,114-2,17208,BST1006,,,,,"[""無評價""]",[]
"微生物學下
A8",黃慶璨,生化科技學系,2,114-2,11930,BST2007,,,,,"[""無評價""]",[]
"鋼琴作品與演奏欣賞
A1",張欽全,,2,114-2,49491,LibEdu1020,3.7,5.0,5.0,3.0,"[""[ynt | 113-1]: 巴哈、莫札特、貝多芬等作曲家的生平和作品\n實體上課，用投影片講解，有時候會彈鋼琴、放影片和講述自己的學琴經驗\n老師的投影片\n只要交期末報告，寫聽音樂會的心得\n期末報告：100%\n老師上課很有趣，會分享很多自己在學鋼琴遇到過的趣事，期末報告用心寫就會有好的成績，推！""]","[{""User_ID"": ""ynt"", ""Semester"": ""113-1"", ""Rating_Quality"": null, ""Rating_Sweet"": null, ""Rating_Easy"": null, ""Rating_Rich"": null, ""Comment"": ""巴哈、莫札特、貝多芬等作曲家的生平和作品\n實體上課，用投影片講解，有時候會彈鋼琴、放影片和講述自己的學琴經驗\n老師的投影片\n只要交期末報告，寫聽音樂會的心得\n期末報告：100%\n老師上課很有趣，會分享很多自己在學鋼琴遇到過的趣事，期末報告用心寫就會有好的成績，推！""}]"
"邏輯
A4",傅皓政,,2,114-2,58156,LibEdu1021,4.9,4.4,4.2,2.9,"[""[ynt | 113-2]: 第1週 2025/02/17 導論：什麼是邏輯？\n第2週 2025/02/24 命題與論證\n第3週 2025/03/03 命題邏輯語言\n第4週 2025/03/10 古典邏輯語意學\n第5週 2025/03/17 真值表法、函映完備性\n第6週 2025/03/24 真值樹法\n第7週 2025/03/31 公理法\n第8週 2025/04/07 期中考\n第9週 2025/04/14 自然演繹法\n第10週 2025/04/21 傳統語詞邏輯\n第11週 2025/04/28 述詞邏輯語言\n第12週 2025/05/05 日常語言與邏輯語言\n第13週 2025/05/12 真值樹法 (述詞邏輯)\n第14週 2025/05/19 自然演繹法 (述詞邏輯)\n第15週 2025/05/26 期末考\n第16週 2025/06/02 常見的謬誤\n老師講解課程講義(PPT)，不會錄影但是有開放式課程可以看\n課程講義\n作業共5次，每次作業都有答案可以對，基本上準時交就會有分，但由於作業是用等第制(A+、A、A-...)給分，所以每次作業的8分中最多只能拿A+(7.6分)，這部分好像是今年的新規定要注意一下\n期中考跟期末考的題型跟作業類似，助教在考前一週都會發公告提醒可能會考的地方\n作業: 40%，本學期預計指派5份作業，每份作業占8%\n期中考: 30%\n期末考: 30%\n加分: 8%，上課有與老師互動就會加分\n之前聽說這門課甜涼就選了，今年有些變動，作業因為採等第制給分滿分40最多只能拿38\n再加上期中考跟期末考的平均都不是很高(期中平均79，期末平均66)而且最後不調分，導致有些人覺得這門課不甜\n\n個人認為期中考和期末考只要把作業都好好寫過，再去找考古題寫個一兩回就可以拿高分\n其實A+不難拿但感覺很多人低估這堂課了才導致期考平均低""]","[{""User_ID"": ""ynt"", ""Semester"": ""113-2"", ""Rating_Quality"": null, ""Rating_Sweet"": null, ""Rating_Easy"": null, ""Rating_Rich"": null, ""Comment"": ""第1週 2025/02/17 導論：什麼是邏輯？\n第2週 2025/02/24 命題與論證\n第3週 2025/03/03 命題邏輯語言\n第4週 2025/03/10 古典邏輯語意學\n第5週 2025/03/17 真值表法、函映完備性\n第6週 2025/03/24 真值樹法\n第7週 2025/03/31 公理法\n第8週 2025/04/07 期中考\n第9週 2025/04/14 自然演繹法\n第10週 2025/04/21 傳統語詞邏輯\n第11週 2025/04/28 述詞邏輯語言\n第12週 2025/05/05 日常語言與邏輯語言\n第13週 2025/05/12 真值樹法 (述詞邏輯)\n第14週 2025/05/19 自然演繹法 (述詞邏輯)\n第15週 2025/05/26 期末考\n第16週 2025/06/02 常見的謬誤\n老師講解課程講義(PPT)，不會錄影但是有開放式課程可以看\n課程講義\n作業共5次，每次作業都有答案可以對，基本上準時交就會有分，但由於作業是用等第制(A+、A、A-...)給分，所以每次作業的8分中最多只能拿A+(7.6分)，這部分好像是今年的新規定要注意一下\n期中考跟期末考的題型跟作業類似，助教在考前一週都會發公告提醒可能會考的地方\n作業: 40%，本學期預計指派5份作業，每份作業占8%\n期中考: 30%\n期末考: 30%\n加分: 8%，上課有與老師互動就會加分\n之前聽說這門課甜涼就選了，今年有些變動，作業因為採等第制給分滿分40最多只能拿38\n再加上期中考跟期末考的平均都不是很高(期中平均79，期末平均66)而且最後不調分，導致有些人覺得這門課不甜\n\n個人認為期中考和期末考只要把作業都好好寫過，再去找考古題寫個一兩回就可以拿高分\n其實A+不難拿但感覺很多人低估這堂課了才導致期考平均低""}]"
"當代基督教歷史與文化
A3",鄭仰恩,,3,114-2,15557,LibEdu1044,5.0,4.0,3.0,5.0,"[""[User51575 | 113-2]: 探討基督教與當代世界文明的互動關係，希望幫助同學認識當代世界的本質、價值體系、思想脈動，以及她對基督教的衝擊與影響，同時培養兼具欣賞力(appreciative)及批判性(critical)的獨立思考態\n度、寬容開放的心胸、對人的基本價值與尊嚴的體認，以及對所處時代及其社會\n價值觀的判斷能力。本課程也藉此了解當代基督教的特質，以及她在面對當代世\n界的挑戰時所做出的不同回應。在課程的相關部份也會以微視(microscopic)的觀\n點針對當代基督教所面臨的各種新興運動或潮流做概略性的介紹，並予以評價。\n本課程採用多元教學法，結合大堂講授、文本閱讀、影片觀賞、小組討論與校外參訪，培養其批判性與同理心兼具的宗教社會觀。\n\n每週前三小時課程的前兩小時為教師講授時間\n\n教師透過講義、PPT及影片，系統性講解主題內容\n\n同時對當週指定閱讀資料作重點提示與解說\n\n第三小時為分組討論課，每組約20–25人\n\n由助教根據每週主題、影片或閱讀資料提供討論提綱\n\n學生在小組中發表意見、交流觀點，鼓勵批判性與連結現實的對話\n每節課都有老師的講義以及slides，還有一個每周的推薦閲讀書單\n期中作業、期末作業與課堂表現\n期中作業 30% 二篇讀書報告，分別於第7週與第12週繳交\n期末作業 40% Take-home essay（自行作答申論題）\n課堂表現 30% 包含出席、參與討論、小組互動等\n不是一個涼課，助教每周討論課都會點名，但是老師不會管上課幹嘛。老師講的内容包含社會的各個面向，認真聼下來會特別有收穫。期末考試考的主要是對各個議題批判的理解。加簽會特別困難，老師和助教會嚴格控制人數，開學第一節課會發佈加簽問卷表明緣由擇優錄取。""]","[{""User_ID"": ""User51575"", ""Semester"": ""113-2"", ""Rating_Quality"": null, ""Rating_Sweet"": null, ""Rating_Easy"": null, ""Rating_Rich"": null, ""Comment"": ""探討基督教與當代世界文明的互動關係，希望幫助同學認識當代世界的本質、價值體系、思想脈動，以及她對基督教的衝擊與影響，同時培養兼具欣賞力(appreciative)及批判性(critical)的獨立思考態\n度、寬容開放的心胸、對人的基本價值與尊嚴的體認，以及對所處時代及其社會\n價值觀的判斷能力。本課程也藉此了解當代基督教的特質，以及她在面對當代世\n界的挑戰時所做出的不同回應。在課程的相關部份也會以微視(microscopic)的觀\n點針對當代基督教所面臨的各種新興運動或潮流做概略性的介紹，並予以評價。\n本課程採用多元教學法，結合大堂講授、文本閱讀、影片觀賞、小組討論與校外參訪，培養其批判性與同理心兼具的宗教社會觀。\n\n每週前三小時課程的前兩小時為教師講授時間\n\n教師透過講義、PPT及影片，系統性講解主題內容\n\n同時對當週指定閱讀資料作重點提示與解說\n\n第三小時為分組討論課，每組約20–25人\n\n由助教根據每週主題、影片或閱讀資料提供討論提綱\n\n學生在小組中發表意見、交流觀點，鼓勵批判性與連結現實的對話\n每節課都有老師的講義以及slides，還有一個每周的推薦閲讀書單\n期中作業、期末作業與課堂表現\n期中作業 30% 二篇讀書報告，分別於第7週與第12週繳交\n期末作業 40% Take-home essay（自行作答申論題）\n課堂表現 30% 包含出席、參與討論、小組互動等\n不是一個涼課，助教每周討論課都會點名，但是老師不會管上課幹嘛。老師講的内容包含社會的各個面向，認真聼下來會特別有收穫。期末考試考的主要是對各個議題批判的理解。加簽會特別困難，老師和助教會嚴格控制人數，開學第一節課會發佈加簽問卷表明緣由擇優錄取。""}]"
"你所不知道的昆蟲學
A8",曹順成,,3,114-2,45645,LibEdu1067,4.6,4.2,4.2,3.0,"[""[User79057 | 114-1]: really fun, got to explore taiwan's insect life!""]","[{""User_ID"": ""User79057"", ""Semester"": ""114-1"", ""Rating_Quality"": null, ""Rating_Sweet"": null, ""Rating_Easy"": null, ""Rating_Rich"": null, ""Comment"": ""really fun, got to explore taiwan's insect life!""}]"
協調溝通與衝突管理,徐顯國,,2,114-2,21750,LibEdu1104,3.7,5.0,2.7,2.3,"[""[User02544 | 112-2]: 1) 02/27 導論與領導力概論\n2) 03/12 衝突管理\n3) 03/19 衝突管理、問卷\n4) 03/26 溝通管理 – 成為溝通高手\n5) 04/02 溝通管理 – 克服溝通障礙\n6) 04/09 期中考週停課 – 預備專題報告\n7) 04/16 溝通管理與性格管理\n8) 04/23 性格管理\n9) 04/30 性格特色口頭報告、Q&A\n10)05/07 性格特色口頭報告、Q&A\n11)05/14 情緒管理\n12)05/21 情緒管理（實體上課）\n1. 性格特色 DISC與溝通模式分析 (35分)\n- 口述 5 min + Q&A + ppt(大綱 /10 天)\n2.專題報告 (50分)\n擇一題目research →書面報告(1000-\n1500字)，務必word，否則退回重交\n3. 課堂表現 (15分)\na. 全勤8 分，往下扣缺席、遲到分\nb. 課堂發言，發問、回答與參與 line\n討論 - 次數與內容 = 計分\n老師會分享許多他的經驗以及故事，\n但是有時候對於老師的故事以及想表達的事情不太認同，\n有時候也覺得聽過去卻沒記得什麼東西。\n\n另外，\n會有兩週的上課完全是在聽大家的個人報告，\n稍微顯得較長。""]","[{""User_ID"": ""User02544"", ""Semester"": ""112-2"", ""Rating_Quality"": null, ""Rating_Sweet"": null, ""Rating_Easy"": null, ""Rating_Rich"": null, ""Comment"": ""1) 02/27 導論與領導力概論\n2) 03/12 衝突管理\n3) 03/19 衝突管理、問卷\n4) 03/26 溝通管理 – 成為溝通高手\n5) 04/02 溝通管理 – 克服溝通障礙\n6) 04/09 期中考週停課 – 預備專題報告\n7) 04/16 溝通管理與性格管理\n8) 04/23 性格管理\n9) 04/30 性格特色口頭報告、Q&A\n10)05/07 性格特色口頭報告、Q&A\n11)05/14 情緒管理\n12)05/21 情緒管理（實體上課）\n1. 性格特色 DISC與溝通模式分析 (35分)\n- 口述 5 min + Q&A + ppt(大綱 /10 天)\n2.專題報告 (50分)\n擇一題目research →書面報告(1000-\n1500字)，務必word，否則退回重交\n3. 課堂表現 (15分)\na. 全勤8 分，往下扣缺席、遲到分\nb. 課堂發言，發問、回答與參與 line\n討論 - 次數與內容 = 計分\n老師會分享許多他的經驗以及故事，\n但是有時候對於老師的故事以及想表達的事情不太認同，\n有時候也覺得聽過去卻沒記得什麼東西。\n\n另外，\n會有兩週的上課完全是在聽大家的個人報告，\n稍微顯得較長。""}]"
"職場倫理與職場精神
A4",洪英正,,3,114-2,57608,LibEdu1106,3.8,5.0,2.8,2.0,"[""[大笨鳥 | 112-1]: 1.職場倫理與職場精神的綜合理論說明\n2.道德認知與道德哲學的反思與討論。\n3.當代職場新興議題的討論與實踐架構。\n4.重要的職場倫理應用範疇之探究：工作、領導、勞工、服務、消費、環保、網路及跨文化等等\n5.自我成長中的體悟與內、外在生命關係的洞察與昇華\n6.藉由心理測驗的自我反饋與洞察，來增進自我的理解與超越。\n7.實務個案之分析與發現重要命題，以轉化並落實於真實生命經驗之中。\n每堂課都會有討論，但不會分組，隨機找旁邊的同學\n主要以老師講課為主，會輔以電影和個案幫學生理解概念\n老師自己編的ppt\n沒有作業，只有測驗點名\n期中期末考都是選擇題60分，手寫題大概四題左右，不會很難，也不用準備很久\n想上甜涼課的選這個就對了！""]","[{""User_ID"": ""大笨鳥"", ""Semester"": ""112-1"", ""Rating_Quality"": null, ""Rating_Sweet"": null, ""Rating_Easy"": null, ""Rating_Rich"": null, ""Comment"": ""1.職場倫理與職場精神的綜合理論說明\n2.道德認知與道德哲學的反思與討論。\n3.當代職場新興議題的討論與實踐架構。\n4.重要的職場倫理應用範疇之探究：工作、領導、勞工、服務、消費、環保、網路及跨文化等等\n5.自我成長中的體悟與內、外在生命關係的洞察與昇華\n6.藉由心理測驗的自我反饋與洞察，來增進自我的理解與超越。\n7.實務個案之分析與發現重要命題，以轉化並落實於真實生命經驗之中。\n每堂課都會有討論，但不會分組，隨機找旁邊的同學\n主要以老師講課為主，會輔以電影和個案幫學生理解概念\n老師自己編的ppt\n沒有作業，只有測驗點名\n期中期末考都是選擇題60分，手寫題大概四題左右，不會很難，也不用準備很久\n想上甜涼課的選這個就對了！""}]"
C,"C++程式設計
A6",,3,114-2,36124,CSIE1928,4.5,4.8,4.0,3.5,"[""[User61664 | 112-1]: 第一章：C語言入門 - 資料型態、變數與基本輸入輸出\n第二章：流程控制敘述 - 判斷式與迴圈\n第三章：陣列 - 一維陣列二維陣列\n第四章：字元與字串\n第五章：指標\n第六章：函式\n第七章：結構與檔案處理\n第八章：導入C++ - 物件的使用、參考型態、重載函式\n第九章：C++: 物件導向程式設計\n第十章：C++: 類別的朋友關係、重載運算子與繼承\n自行觀看 NTU COOL 上的教學影片，隔週會有實體課，實體課會講解作業的難題或是補充一些影片中沒有的內容，但是一樣會錄影上傳到 NTU COOL。\n教授自製講義\n作業：\n共 4 次，每次約 20 題，每次的繳交時間都蠻長的。\n教授好像會依據每次作答的狀況調整下一次作業的難度，零基礎只聽教授上課的話，每次作業大概會有 5 題是需要想久一點的。\n\n期末考：\n共 5 題，1 題 20 分，考試時間 180 分鐘，難度是簡單*2 + 中等*2 + 困難*1。\n形式是線上考試，可以查閱任何紙本及網路資料，但不能和同學一起寫或是問別人。\n作業 40%\n期末考 60%\n加分 ?%（偶爾會在實體課堂出題目，只要在課堂時間內寫出來就會加分）\n\n會調分\n沒選過其他的程式課程所以有點難以評斷教授上的怎麼樣，不過身為初學者都聽得懂！\n寫作業會花一些時間，所以涼的部分僅限於不用出席，不喜歡寫作業又沒學過 C 的不要修。\n成績的話，自己是初學者，作業平均 90 分，期末滿分，三次的課堂加分都沒拿到，最後 A+，供參！\n（順帶一提，教授不排斥同學使用 AI，所以作業和期末考不會寫的部分可以請 ChatGPT 教你）""]","[{""User_ID"": ""User61664"", ""Semester"": ""112-1"", ""Rating_Quality"": null, ""Rating_Sweet"": null, ""Rating_Easy"": null, ""Rating_Rich"": null, ""Comment"": ""第一章：C語言入門 - 資料型態、變數與基本輸入輸出\n第二章：流程控制敘述 - 判斷式與迴圈\n第三章：陣列 - 一維陣列二維陣列\n第四章：字元與字串\n第五章：指標\n第六章：函式\n第七章：結構與檔案處理\n第八章：導入C++ - 物件的使用、參考型態、重載函式\n第九章：C++: 物件導向程式設計\n第十章：C++: 類別的朋友關係、重載運算子與繼承\n自行觀看 NTU COOL 上的教學影片，隔週會有實體課，實體課會講解作業的難題或是補充一些影片中沒有的內容，但是一樣會錄影上傳到 NTU COOL。\n教授自製講義\n作業：\n共 4 次，每次約 20 題，每次的繳交時間都蠻長的。\n教授好像會依據每次作答的狀況調整下一次作業的難度，零基礎只聽教授上課的話，每次作業大概會有 5 題是需要想久一點的。\n\n期末考：\n共 5 題，1 題 20 分，考試時間 180 分鐘，難度是簡單*2 + 中等*2 + 困難*1。\n形式是線上考試，可以查閱任何紙本及網路資料，但不能和同學一起寫或是問別人。\n作業 40%\n期末考 60%\n加分 ?%（偶爾會在實體課堂出題目，只要在課堂時間內寫出來就會加分）\n\n會調分\n沒選過其他的程式課程所以有點難以評斷教授上的怎麼樣，不過身為初學者都聽得懂！\n寫作業會花一些時間，所以涼的部分僅限於不用出席，不喜歡寫作業又沒學過 C 的不要修。\n成績的話，自己是初學者，作業平均 90 分，期末滿分，三次的課堂加分都沒拿到，最後 A+，供參！\n（順帶一提，教授不排斥同學使用 AI，所以作業和期末考不會寫的部分可以請 ChatGPT 教你）""}]"
"Python 計算機程式設計
A6",張傑帆,,3,114-2,42196,CSIE1929,,,,,"[""無評價""]",[]
"程式設計與網路資料搜集
A6",魏聖倫,,3,114-2,54273,GenEdu5010,4.5,2.8,4.8,5.0,"[""[User88244 | 111-1]: 就是從python很簡單的邏輯運算到class等等我無法掌握的東西\n自己看影片，老師上課講解，但主要還是自己去問助教\n預錄影片和老師當場演講\n每週都有一份作業（一開始非常簡單，接著就迅速變得難以理解嗚嗚嗚～）\n考試是帶自己的筆電到教室考，會有五題左右，前三題比較簡單，後面兩題真的是難以形容的痛，哈哈哈哈。時間為三節課整整。\n期末四個人以下組成一組，做出一份專案，上台報告就會發現自己和大神的差距。\n老師非常認真，上課時間還有兩位助教坐鎮，有問必答！\n但是對於程式新手來說真的需要考慮一下～畢竟是三學分的課，課程內容真的有點多，老實說和商管程式設計大同小異，只是沒有加入那麼多商的元素罷了（商管程給分很甜很甜，大推）\n平常的作業真的難到爆，至少對我來說嗚嗚，總共有五題，我可能假日花一整天都寫不出半題，好多次砸了假日卻依舊換來慘澹分數，如果有擅長程式的朋友再修吧！""]","[{""User_ID"": ""User88244"", ""Semester"": ""111-1"", ""Rating_Quality"": null, ""Rating_Sweet"": null, ""Rating_Easy"": null, ""Rating_Rich"": null, ""Comment"": ""就是從python很簡單的邏輯運算到class等等我無法掌握的東西\n自己看影片，老師上課講解，但主要還是自己去問助教\n預錄影片和老師當場演講\n每週都有一份作業（一開始非常簡單，接著就迅速變得難以理解嗚嗚嗚～）\n考試是帶自己的筆電到教室考，會有五題左右，前三題比較簡單，後面兩題真的是難以形容的痛，哈哈哈哈。時間為三節課整整。\n期末四個人以下組成一組，做出一份專案，上台報告就會發現自己和大神的差距。\n老師非常認真，上課時間還有兩位助教坐鎮，有問必答！\n但是對於程式新手來說真的需要考慮一下～畢竟是三學分的課，課程內容真的有點多，老實說和商管程式設計大同小異，只是沒有加入那麼多商的元素罷了（商管程給分很甜很甜，大推）\n平常的作業真的難到爆，至少對我來說嗚嗚，總共有五題，我可能假日花一整天都寫不出半題，好多次砸了假日卻依舊換來慘澹分數，如果有擅長程式的朋友再修吧！""}]"
"日本外交探討
A2",何思慎,,2,114-2,43703,Prog3002,,,,,"[""無評價""]",[]
中文學術寫作入門,李冠穎,共同教育組,2,114-2,27028,GenEdu1009,,,,,"[""無評價""]",[]
設計你的人生,朱士維,創新設計學院、創新領域學士學位學程,3,114-2,11914,DS5623,5.0,4.0,4.0,4.0,"[""[Comsa2022 | 110-1]: 設計人生，是一套奠基在設計思考架構上，用以人為本的思維角度出發，將「自己」作為「使用者」與 「設計師」來規劃自己人生的一套方法。\n\n\n\n同理 Empathize：將設計思考之同理概念運用至自我覺察與探索，學員將藉由回顧過往生命經驗、覺察此時此刻的狀態，來更了解自己是什麼樣的人、有什麼性格、對什麼感到熱情、重視哪些人與事。\n\n\n\n定義 Define：以不同角度定義問題往往能帶來創新洞見。面對人生，單一角度的單一詮釋將會限縮許多美好可能;學員將學習藉由設計思考重擬人生問題，不再只是想「以後要做什麼」，而是進一步探討「什麼對你重要?」「以後想成為什麼樣的人?」\n\n\n\n發想 Ideate：要有好的點子，必須先有很多點子，創意發想將能避免單一思路而有所侷限的風險，藉由心智圖、限制法等不同創意發想方法，學員將學習以設計思考的破框思維發想出更多不同可能性。\n\n原型 Prototype：設計思考強調想法行動偏好（bias toward actions），有好的點子不該只停在想，而是要進一步「做」。學員將學習把最小可行（minimal viable）的原型思維套用在人生上。\n\n\n\n測試 Test：設計思考是不斷迭代的過程，藉由測試來搜集回饋，並利用回饋來驗證與修正設計。人生是永遠的測試版，學員將藉由行動實踐出獨一無二的人生 ，並在失敗中學習與優化。\n主要以小組進行課程，在學期初會依據表單內容、學系等去做分組，之後課前的 check in（每週不同主題的聊天話題）、作業分享、課堂討論等都會以組內分享為主，課程後段也會增加和其他組的組員交流的機會。課程內容會依據每週主題進行，型式很多元，像是有一週主題為「留白」，該週則會預留一段時間給學員在走廊、教室等各自沉靜思考，之後再以文字書寫的方式整理那段時間的思緒，也有邀請講者、過去畢業的學員等，每一週的元素都是由設計思考團隊精心準備，甚至有一週是離開教室到草原上上課，算是撇開傳統上課型式的創新課程。\n每一次上課都會有PPT，但內容都以當周主題、對話、討論上周作業成果為主， 也不會有考試。\n這門課沒有考試，作業則是會依據當週主題設計，含有大量「為自己設計」的作業，例如習慣養成、行動計畫，有些作業會需要花額外 3、4 小時的時間（看你自己想要做甚麼），因此建議修課前要有心理準備需要多花一些時間做作業。我很喜歡為自己設計的作業，也有很多人因此做到過去想做但沒有達成的事（拍 Vlog、開帳號分享興趣），就算沒有做到也可以從他人的分享中獲得激勵，甚至是注意到那些「因為現實考量而被自己遺忘的興趣」。 這學期因疫情所以 D-DAY 改成線上，以排班制的方式為他人導覽課程，但期末發表則是實體進行，會安排一些小活動和餐盒，並要求學員邀請身邊的重要他 人（家長、朋友）來見證這學期自己的課堂收穫。「重要他人見證自己的成長」是我非常喜歡的部分，因為大部分的學生通常很少會和家人聊到太內心的話題， 因此當天有許多同學有藉此和重要他人拉近距離，算是學期課程以外的收穫。\n這門課只有分成通過和不通過，我認為這樣可以比較放鬆地去看待這門課（沒有那種想要拿到好成績的壓力）。\n\n\n\n務必出席之活動，缺席則以不通過計算。\n\nD - DAY ，12/25(六)，下午一點到四點。\n\n期末發表，0108(六)，早上九點至十二點半。\n\n\n\n出勤與作業：出勤與作業採累積計點制，滿二十點即採計為不通過。\n\n遲到：採計三點，於第二週開始後，9 : 10 準時統計遲到名單。\n\n缺席：採計九點，無經教練群認可之缺席、當周三分之一以上時間不在即採計缺席。 （婚喪公假、重大傷病有出示證明者不在此限內，另可請一次病假，原則上不接受事假）\n\n作業遲交：採計四點，於教練規定之繳交期限內無正確繳交者（以cool上傳時間為準）\n\n作業缺交：採計九點，於當週上課前，仍無繳交前一週作業 者，視為缺交。 （作業通過認定以符合作業檢核標準為原則，若不符合標準，並經教練提醒仍無修改，在期限內亦算遲交、缺交）\n*此篇為代轉，原文刊自管院學生會官網COMSA Database*\n網址：\nhttps://sites.google.com/view/comsadatabase/%E8%B3%87%E6%96%99%E5%BA%AB-%E8%AA%B2%E7%A8%8B/%E9%A0%98%E5%B0%8E%E5%AD%B8%E7%A8%8B-%E5%89%B5%E5%89%B5%E5%AD%B8%E7%A8%8B/110-1-%E8%A8%AD%E8%A8%88%E4%BD%A0%E7%9A%84%E4%BA%BA%E7%94%9F-%E6%9C%B1%E5%A3%AB%E7%B6%AD?authuser=0\n\n\n喜歡和人互動、討論：5 分+++（整個課程就是一直和不同人對話）\n\n不喜歡分享個人的經驗或故事：1 分（課程的主軸之一就是要從回顧過去、整理現在去認識自己，過程中會有大量的時間和不同的學員分享）\n\n不喜歡心靈感受成長的課程：2 分\n\n不喜歡考試：5 分\n\n早九起不來：1 分（很重視出席率）\n\n想要認識很多特別、不同背景的朋友：5 分 +++（課程中的組員背景很多元）\n\n學期有很多活動的人：2分（每週都會有需要額外花時間的作業，如果沒有足夠的時間去完成的話會很可惜，此外也要額外花週末時間出席D-DAY、期末發表）\n\n出席率：從上面的計分細項就可以看的出來很重視出席，印象中很少看到有人缺席，而且課程通常都滿準時開始的，所以也建議盡量不要遲到。\n\n加簽：這門課不開放初選，想要修課的同學要在期限內填表單，表單內容不難， 主要是要讓大家在修課之前有要付出一定心力的準備吧(?\n\n是否甜涼：沒有分數計算，但這門課是一定不涼，建議一定要全程出席，因為課程內容和當周作業連貫型很高，上一周和下一周的作業通常也有關連，因此缺席可能會造成一部份的損失或是需要後續詢問當周課程細項才能進行。\n\n其實第一次看到這門課的名字的時候會覺得有點荒謬，但真的實際體驗過後真的覺得很喜歡這堂課打造的環境 -「不批評、不打斷、保持好奇心」，不用擔心自己的想法沒被聽見，也不用在意太多外界的眼光。 這門課是我第一次接觸創創學程的課程，也讓我逐漸破除過去對於「思考」的固有框架，也因為每一週都有大量和身邊學員交流互動的機會，讓我交到許多有想法、和我一樣陷入人生迷惘的朋友。 此外，雖然學期課程主要是由教學團隊設計，但老師偶爾會擔任課程結尾的結語角色，我還滿喜歡老師對於人生有很多有趣的比喻，以及會提及我們常有的 迷思，讓我對於某些「理所當然」產生反思。 整體而言，很推薦想要破除現實框架，喜歡反思和結交朋友的人來！""]","[{""User_ID"": ""Comsa2022"", ""Semester"": ""110-1"", ""Rating_Quality"": null, ""Rating_Sweet"": null, ""Rating_Easy"": null, ""Rating_Rich"": null, ""Comment"": ""設計人生，是一套奠基在設計思考架構上，用以人為本的思維角度出發，將「自己」作為「使用者」與 「設計師」來規劃自己人生的一套方法。\n\n\n\n同理 Empathize：將設計思考之同理概念運用至自我覺察與探索，學員將藉由回顧過往生命經驗、覺察此時此刻的狀態，來更了解自己是什麼樣的人、有什麼性格、對什麼感到熱情、重視哪些人與事。\n\n\n\n定義 Define：以不同角度定義問題往往能帶來創新洞見。面對人生，單一角度的單一詮釋將會限縮許多美好可能;學員將學習藉由設計思考重擬人生問題，不再只是想「以後要做什麼」，而是進一步探討「什麼對你重要?」「以後想成為什麼樣的人?」\n\n\n\n發想 Ideate：要有好的點子，必須先有很多點子，創意發想將能避免單一思路而有所侷限的風險，藉由心智圖、限制法等不同創意發想方法，學員將學習以設計思考的破框思維發想出更多不同可能性。\n\n原型 Prototype：設計思考強調想法行動偏好（bias toward actions），有好的點子不該只停在想，而是要進一步「做」。學員將學習把最小可行（minimal viable）的原型思維套用在人生上。\n\n\n\n測試 Test：設計思考是不斷迭代的過程，藉由測試來搜集回饋，並利用回饋來驗證與修正設計。人生是永遠的測試版，學員將藉由行動實踐出獨一無二的人生 ，並在失敗中學習與優化。\n主要以小組進行課程，在學期初會依據表單內容、學系等去做分組，之後課前的 check in（每週不同主題的聊天話題）、作業分享、課堂討論等都會以組內分享為主，課程後段也會增加和其他組的組員交流的機會。課程內容會依據每週主題進行，型式很多元，像是有一週主題為「留白」，該週則會預留一段時間給學員在走廊、教室等各自沉靜思考，之後再以文字書寫的方式整理那段時間的思緒，也有邀請講者、過去畢業的學員等，每一週的元素都是由設計思考團隊精心準備，甚至有一週是離開教室到草原上上課，算是撇開傳統上課型式的創新課程。\n每一次上課都會有PPT，但內容都以當周主題、對話、討論上周作業成果為主， 也不會有考試。\n這門課沒有考試，作業則是會依據當週主題設計，含有大量「為自己設計」的作業，例如習慣養成、行動計畫，有些作業會需要花額外 3、4 小時的時間（看你自己想要做甚麼），因此建議修課前要有心理準備需要多花一些時間做作業。我很喜歡為自己設計的作業，也有很多人因此做到過去想做但沒有達成的事（拍 Vlog、開帳號分享興趣），就算沒有做到也可以從他人的分享中獲得激勵，甚至是注意到那些「因為現實考量而被自己遺忘的興趣」。 這學期因疫情所以 D-DAY 改成線上，以排班制的方式為他人導覽課程，但期末發表則是實體進行，會安排一些小活動和餐盒，並要求學員邀請身邊的重要他 人（家長、朋友）來見證這學期自己的課堂收穫。「重要他人見證自己的成長」是我非常喜歡的部分，因為大部分的學生通常很少會和家人聊到太內心的話題， 因此當天有許多同學有藉此和重要他人拉近距離，算是學期課程以外的收穫。\n這門課只有分成通過和不通過，我認為這樣可以比較放鬆地去看待這門課（沒有那種想要拿到好成績的壓力）。\n\n\n\n務必出席之活動，缺席則以不通過計算。\n\nD - DAY ，12/25(六)，下午一點到四點。\n\n期末發表，0108(六)，早上九點至十二點半。\n\n\n\n出勤與作業：出勤與作業採累積計點制，滿二十點即採計為不通過。\n\n遲到：採計三點，於第二週開始後，9 : 10 準時統計遲到名單。\n\n缺席：採計九點，無經教練群認可之缺席、當周三分之一以上時間不在即採計缺席。 （婚喪公假、重大傷病有出示證明者不在此限內，另可請一次病假，原則上不接受事假）\n\n作業遲交：採計四點，於教練規定之繳交期限內無正確繳交者（以cool上傳時間為準）\n\n作業缺交：採計九點，於當週上課前，仍無繳交前一週作業 者，視為缺交。 （作業通過認定以符合作業檢核標準為原則，若不符合標準，並經教練提醒仍無修改，在期限內亦算遲交、缺交）\n*此篇為代轉，原文刊自管院學生會官網COMSA Database*\n網址：\nhttps://sites.google.com/view/comsadatabase/%E8%B3%87%E6%96%99%E5%BA%AB-%E8%AA%B2%E7%A8%8B/%E9%A0%98%E5%B0%8E%E5%AD%B8%E7%A8%8B-%E5%89%B5%E5%89%B5%E5%AD%B8%E7%A8%8B/110-1-%E8%A8%AD%E8%A8%88%E4%BD%A0%E7%9A%84%E4%BA%BA%E7%94%9F-%E6%9C%B1%E5%A3%AB%E7%B6%AD?authuser=0\n\n\n喜歡和人互動、討論：5 分+++（整個課程就是一直和不同人對話）\n\n不喜歡分享個人的經驗或故事：1 分（課程的主軸之一就是要從回顧過去、整理現在去認識自己，過程中會有大量的時間和不同的學員分享）\n\n不喜歡心靈感受成長的課程：2 分\n\n不喜歡考試：5 分\n\n早九起不來：1 分（很重視出席率）\n\n想要認識很多特別、不同背景的朋友：5 分 +++（課程中的組員背景很多元）\n\n學期有很多活動的人：2分（每週都會有需要額外花時間的作業，如果沒有足夠的時間去完成的話會很可惜，此外也要額外花週末時間出席D-DAY、期末發表）\n\n出席率：從上面的計分細項就可以看的出來很重視出席，印象中很少看到有人缺席，而且課程通常都滿準時開始的，所以也建議盡量不要遲到。\n\n加簽：這門課不開放初選，想要修課的同學要在期限內填表單，表單內容不難， 主要是要讓大家在修課之前有要付出一定心力的準備吧(?\n\n是否甜涼：沒有分數計算，但這門課是一定不涼，建議一定要全程出席，因為課程內容和當周作業連貫型很高，上一周和下一周的作業通常也有關連，因此缺席可能會造成一部份的損失或是需要後續詢問當周課程細項才能進行。\n\n其實第一次看到這門課的名字的時候會覺得有點荒謬，但真的實際體驗過後真的覺得很喜歡這堂課打造的環境 -「不批評、不打斷、保持好奇心」，不用擔心自己的想法沒被聽見，也不用在意太多外界的眼光。 這門課是我第一次接觸創創學程的課程，也讓我逐漸破除過去對於「思考」的固有框架，也因為每一週都有大量和身邊學員交流互動的機會，讓我交到許多有想法、和我一樣陷入人生迷惘的朋友。 此外，雖然學期課程主要是由教學團隊設計，但老師偶爾會擔任課程結尾的結語角色，我還滿喜歡老師對於人生有很多有趣的比喻，以及會提及我們常有的 迷思，讓我對於某些「理所當然」產生反思。 整體而言，很推薦想要破除現實框架，喜歡反思和結交朋友的人來！""}]"
職場英文寫作與口語表達,陳巧玲,寫作教學中心,3,114-2,16463,Write5018,,,,,"[""[PTT | 105-1]: 轉載自 PTT 作者 ID: njj1314 (njj1314)\n哪一學年度修課：105-1\n\nψ 授課教師 (若為多人合授請寫開課教師，以方便收錄)\n陳巧玲\n\nλ 開課系所與授課對象 (是否為必修或通識課 / 內容是否與某些背景相關)\n寫作教學中心及基本能力課程\n\nδ 課程大概內容\n1. Resumes & CV\n2. Cover Lettters\n3. Effective Email Communication\n4. Interview Skills\n5. Short Reports\n6. Oral presentation Skills\n\nΩ 私心推薦指數(以五分計) ★★★★★\n準備踏入職場 ★★★★★\n想知道如何準備面試 ★★★★★\n想翹課 ★★\n\nη 上課用書(影印講義或是指定教科書)\n老師上課用投影片再搭配講義，沒有任何教科書\n討論課會用講義\n\nμ 上課方式(投影片、團體討論、老師教學風格)\n上課除了有投影片，也有不同的面試影片給我們看\n課程大綱中提到的內容，老師都有大量的sample讓我們參考\n\nσ 評分方式(給分甜嗎？是紮實分？)\nWriting Assignments 30%\nOral Presentation 15%\nLearning Task 20%\nSimulation Interview 20%\nParticipation & Attendance 15%\n\n105-1有舉行期中考，但每個同學應該都是90分以上，不過106-1好像沒有\n每次舉手回答問題有加分！（不過加分效果我就不知道）\nOral Presentation 是以組做單位！\n如果你們組派出去的人很厲害，你的成績不會差到哪裡去\nInterview 要自己錄影片並上傳到Youtube\n這門課有不少分組的活動（因為有討論課），不喜歡分工的人不要選\n建議不要翹課（特別是討論課），會影響到同組同學的分工\n\n成績甜不甜我不確定，我們全班30人（班次01），但拿到A+只有兩個人\n不過最後的成績我很滿意\n\nρ 考題型式、作業方式\n期中考超級容易，上課聽講解及考前複習一下都能拿到95以上\n作業大部分是以組為單位，做完後請一位同學上傳就好\n作業loading不重，前提是大家把分工做好\nOral Presentation派組內最強的人出去，這是確保好分數的唯一方法\n\nω 其它(是否注重出席率？如果為外系選修，需先有什麼基礎較好嗎？老師個性？\n加簽習慣？嚴禁遲到等…)\n非常適合準備要踏入職場的同學！\n老師的課提供了很多Resume和CV的範本讓我們參考\n老師會針對每個人的Resume做點評給意見，非常用心！\n如果同學需要更多意見，下課休息時可以去問老師，老師很願意回答問題！\n我們interview的影片，老師每個影片都會看！\n雖然無法逐一點評 （班上人接近100人），但可以私底下問老師意見！\n老師應該是不考慮加簽，因為選課方式是3，主要看你運氣！\n\n\nΨ 總結\n個人認為老師的課很棒！\n不止學到寫CV、面試技巧，老師也會分享一些個人經驗給同學參考！\n老師的課有兩個優點：\n低年級同學認知CV的重要性及如何讓CV更豐富\n高年級同學學到進入職場要用的面試和寫作技巧\n\n--\n\n原文網址: https://www.ptt.cc/bbs/NTUcourse/M.1504087006.A.3FD.html""]","[{""User_ID"": ""PTT"", ""Semester"": ""105-1"", ""Rating_Quality"": null, ""Rating_Sweet"": null, ""Rating_Easy"": null, ""Rating_Rich"": null, ""Comment"": ""轉載自 PTT 作者 ID: njj1314 (njj1314)\n哪一學年度修課：105-1\n\nψ 授課教師 (若為多人合授請寫開課教師，以方便收錄)\n陳巧玲\n\nλ 開課系所與授課對象 (是否為必修或通識課 / 內容是否與某些背景相關)\n寫作教學中心及基本能力課程\n\nδ 課程大概內容\n1. Resumes & CV\n2. Cover Lettters\n3. Effective Email Communication\n4. Interview Skills\n5. Short Reports\n6. Oral presentation Skills\n\nΩ 私心推薦指數(以五分計) ★★★★★\n準備踏入職場 ★★★★★\n想知道如何準備面試 ★★★★★\n想翹課 ★★\n\nη 上課用書(影印講義或是指定教科書)\n老師上課用投影片再搭配講義，沒有任何教科書\n討論課會用講義\n\nμ 上課方式(投影片、團體討論、老師教學風格)\n上課除了有投影片，也有不同的面試影片給我們看\n課程大綱中提到的內容，老師都有大量的sample讓我們參考\n\nσ 評分方式(給分甜嗎？是紮實分？)\nWriting Assignments 30%\nOral Presentation 15%\nLearning Task 20%\nSimulation Interview 20%\nParticipation & Attendance 15%\n\n105-1有舉行期中考，但每個同學應該都是90分以上，不過106-1好像沒有\n每次舉手回答問題有加分！（不過加分效果我就不知道）\nOral Presentation 是以組做單位！\n如果你們組派出去的人很厲害，你的成績不會差到哪裡去\nInterview 要自己錄影片並上傳到Youtube\n這門課有不少分組的活動（因為有討論課），不喜歡分工的人不要選\n建議不要翹課（特別是討論課），會影響到同組同學的分工\n\n成績甜不甜我不確定，我們全班30人（班次01），但拿到A+只有兩個人\n不過最後的成績我很滿意\n\nρ 考題型式、作業方式\n期中考超級容易，上課聽講解及考前複習一下都能拿到95以上\n作業大部分是以組為單位，做完後請一位同學上傳就好\n作業loading不重，前提是大家把分工做好\nOral Presentation派組內最強的人出去，這是確保好分數的唯一方法\n\nω 其它(是否注重出席率？如果為外系選修，需先有什麼基礎較好嗎？老師個性？\n加簽習慣？嚴禁遲到等…)\n非常適合準備要踏入職場的同學！\n老師的課提供了很多Resume和CV的範本讓我們參考\n老師會針對每個人的Resume做點評給意見，非常用心！\n如果同學需要更多意見，下課休息時可以去問老師，老師很願意回答問題！\n我們interview的影片，老師每個影片都會看！\n雖然無法逐一點評 （班上人接近100人），但可以私底下問老師意見！\n老師應該是不考慮加簽，因為選課方式是3，主要看你運氣！\n\n\nΨ 總結\n個人認為老師的課很棒！\n不止學到寫CV、面試技巧，老師也會分享一些個人經驗給同學參考！\n老師的課有兩個優點：\n低年級同學認知CV的重要性及如何讓CV更豐富\n高年級同學學到進入職場要用的面試和寫作技巧\n\n--\n\n原文網址: https://www.ptt.cc/bbs/NTUcourse/M.1504087006.A.3FD.html""}]"
創意與寫作表達,蘇虹菱,寫作教學中心,3,114-2,49989,Write5017,3.0,3.0,1.0,2.0,"[""[NatsumiKing | 112-2]: 老師會用他的簡報講一些內容，課程中穿插一些分組互動，基本上都是跟附近的人分組，助教也有時候會上台發表或者準備一些講題。\n五感體驗我覺得比較不明確一點，助教在上課時是說，去從事一個活動，然後去真實地評論他，但我其實一直搞不太清楚他是要寫成高中作文那種詞藻很華麗的形式，還是只是單純當作體驗的紀錄。看助教挑選的優良作品裡面，大部分還是有在用字上雕琢的，另外一部分就是主題很有趣，像是去體驗情趣用品店玩具的觸感、實驗煮麵煮多久會變多軟⋯⋯等。\n\n小說的部分，建議不要寫長篇的開頭，或是自己構築一個大世界觀的其中一個小部分，因為老師和同學可能會get不到你的世界觀，而且要濃縮內容也很困難。我當時寫小說時，想寫的是很細節的對話和情感描述，用這些對話把人物角色塑造出來，但是由於整個世界觀的關係，沒辦法在短短6000字內寫完，就連寫超過之後也還是有很多沒描述到的部分，因此拿到了不是很好的分數。\n額外提醒，也不要寫成散文，雖然看起來文字是很優美，但是那有點偏離作業主題。\n\n小組刊物，可以自訂主題，我們這年有人寫和流行音樂相關的，有人選擇歌劇主題，有人選珍珠奶茶，有人選電玩相關介紹。不過具體評分方式我不確定，因為得到分數後沒拿到評語。\n\n課堂討論參與，我猜想應該是包含每次上課分組時的加分，只要組內有一個人舉手主動回答、分享想法，全組就可以加分。我其實不太喜歡這種制度，因為一個內向的人一定是找附近的人分組，也可能分組的人裡面全都是內向的人，這樣大家都不敢舉手發表，就跟別組差了很多分，而且發表的多半是那幾個人。\n個人習作 30%（小說 4000-6000字）\n小組作業 30%（製作刊物 6000-8000字，一組約3~5人，一人平均1500字即可）\n平時表現 40%（討論參與20%、五感體驗20%）\n我認為就上課內容而言，在這堂課不算很有收穫，我不覺得自己的寫作能力有變強，只能說想要強化自己的寫作能力的話，平常就要多看多寫。這堂課多半是叫你一直產出，然後跟同學分享你的想法、聽他們的想法和經歷，雖然我有認真參與討論，但是似乎仍然收穫不大，而且遇到個性和話題不太合的同學可能容易陷入尷尬，內向者不推這門課。\n\n另外，老師和助教都會記得所有同學的名字和臉，不喜歡和他人有那麼深的交流，或者只想要自己做自己的事的人，不太適合這門課。\n\n如果說要追求A+，這門課的loading算重，因為你每個報告都要花很多時間，寫完還要反覆確認用字和順暢性才能拿到高分。就連五感體驗中的5篇體驗也需要花很多時間去寫，精確地說，你就是要額外撥一些時間去做一些體驗，像是旅遊、做實驗⋯⋯等，不然如果從事一些比較無趣的事情，就只能努力雕琢文字，課很多很重的人真的不建議修。\n\n額外提一點，上課中常常會要同學投票表決誰的最好，然後幫他們加分、送禮物，我個人不太喜歡這種制度，因為作品好壞不是可以透過多數決表示的，甚至你作品在跟別人用這種方式比較的時候，難免都會覺得很失落（看到自己沒有任何得票數，別人都有1~2票以上甚至更多時），無論是針對課程中小組討論出的作品，還是針對我們自己寫的小說，我都討厭這種投票機制，畢竟寫出的作品都是每個人各自的心血。""]","[{""User_ID"": ""NatsumiKing"", ""Semester"": ""112-2"", ""Rating_Quality"": null, ""Rating_Sweet"": null, ""Rating_Easy"": null, ""Rating_Rich"": null, ""Comment"": ""老師會用他的簡報講一些內容，課程中穿插一些分組互動，基本上都是跟附近的人分組，助教也有時候會上台發表或者準備一些講題。\n五感體驗我覺得比較不明確一點，助教在上課時是說，去從事一個活動，然後去真實地評論他，但我其實一直搞不太清楚他是要寫成高中作文那種詞藻很華麗的形式，還是只是單純當作體驗的紀錄。看助教挑選的優良作品裡面，大部分還是有在用字上雕琢的，另外一部分就是主題很有趣，像是去體驗情趣用品店玩具的觸感、實驗煮麵煮多久會變多軟⋯⋯等。\n\n小說的部分，建議不要寫長篇的開頭，或是自己構築一個大世界觀的其中一個小部分，因為老師和同學可能會get不到你的世界觀，而且要濃縮內容也很困難。我當時寫小說時，想寫的是很細節的對話和情感描述，用這些對話把人物角色塑造出來，但是由於整個世界觀的關係，沒辦法在短短6000字內寫完，就連寫超過之後也還是有很多沒描述到的部分，因此拿到了不是很好的分數。\n額外提醒，也不要寫成散文，雖然看起來文字是很優美，但是那有點偏離作業主題。\n\n小組刊物，可以自訂主題，我們這年有人寫和流行音樂相關的，有人選擇歌劇主題，有人選珍珠奶茶，有人選電玩相關介紹。不過具體評分方式我不確定，因為得到分數後沒拿到評語。\n\n課堂討論參與，我猜想應該是包含每次上課分組時的加分，只要組內有一個人舉手主動回答、分享想法，全組就可以加分。我其實不太喜歡這種制度，因為一個內向的人一定是找附近的人分組，也可能分組的人裡面全都是內向的人，這樣大家都不敢舉手發表，就跟別組差了很多分，而且發表的多半是那幾個人。\n個人習作 30%（小說 4000-6000字）\n小組作業 30%（製作刊物 6000-8000字，一組約3~5人，一人平均1500字即可）\n平時表現 40%（討論參與20%、五感體驗20%）\n我認為就上課內容而言，在這堂課不算很有收穫，我不覺得自己的寫作能力有變強，只能說想要強化自己的寫作能力的話，平常就要多看多寫。這堂課多半是叫你一直產出，然後跟同學分享你的想法、聽他們的想法和經歷，雖然我有認真參與討論，但是似乎仍然收穫不大，而且遇到個性和話題不太合的同學可能容易陷入尷尬，內向者不推這門課。\n\n另外，老師和助教都會記得所有同學的名字和臉，不喜歡和他人有那麼深的交流，或者只想要自己做自己的事的人，不太適合這門課。\n\n如果說要追求A+，這門課的loading算重，因為你每個報告都要花很多時間，寫完還要反覆確認用字和順暢性才能拿到高分。就連五感體驗中的5篇體驗也需要花很多時間去寫，精確地說，你就是要額外撥一些時間去做一些體驗，像是旅遊、做實驗⋯⋯等，不然如果從事一些比較無趣的事情，就只能努力雕琢文字，課很多很重的人真的不建議修。\n\n額外提一點，上課中常常會要同學投票表決誰的最好，然後幫他們加分、送禮物，我個人不太喜歡這種制度，因為作品好壞不是可以透過多數決表示的，甚至你作品在跟別人用這種方式比較的時候，難免都會覺得很失落（看到自己沒有任何得票數，別人都有1~2票以上甚至更多時），無論是針對課程中小組討論出的作品，還是針對我們自己寫的小說，我都討厭這種投票機制，畢竟寫出的作品都是每個人各自的心血。""}]"
科學說人話：科普寫作,蘇虹菱,寫作教學中心,3,114-2,35271,Write5025,,,,,"[""無評價""]",[]
"日本美術鑑賞
A1",蔡家丘,國立臺灣師範大學,2,114-2,70005,TA10610001,,,,,"[""無評價""]",[]
"音樂與戲劇
A1",王望舒,國立臺灣師範大學,2,114-2,70006,TA10720002,,,,,"[""無評價""]",[]
"臺灣流行文化
A1",莊佳穎,國立臺灣師範大學,2,114-2,70008,TA10310193,,,,,"[""無評價""]",[]
"星星月亮太陽－天文漫談
A7",橋本康,國立臺灣師範大學,2,114-2,70044,TA10310220,4.5,5.0,5.0,1.5,"[""[User02544 | 111-1]: 投影片\n有兩次作業，\n幾乎都是看投影片就可以作答的。\n\n考試也差不多。\n是英語授課，\n但是老師講得都很簡單。\n\n內容大部分都是高中地科稍微廣一點點再淺一點點。\n\n加簽是先寄信給老師填表單，\n第一次上課抽籤。""]","[{""User_ID"": ""User02544"", ""Semester"": ""111-1"", ""Rating_Quality"": null, ""Rating_Sweet"": null, ""Rating_Easy"": null, ""Rating_Rich"": null, ""Comment"": ""投影片\n有兩次作業，\n幾乎都是看投影片就可以作答的。\n\n考試也差不多。\n是英語授課，\n但是老師講得都很簡單。\n\n內容大部分都是高中地科稍微廣一點點再淺一點點。\n\n加簽是先寄信給老師填表單，\n第一次上課抽籤。""}]"
"宇宙中的生命與太空環境
A7",橋本康,國立臺灣師範大學,2,114-2,70046,TA10710001,,,,,"[""無評價""]",[]
"博物館探索
A2",黃玫瑄,國立臺灣師範大學,2,114-2,70050,TA10310260,,,,,"[""無評價""]",[]
"大數據與程式設計導論
A6",李啟龍,國立臺灣科技大學,2,114-2,71318,TB10620040,,,,,"[""無評價""]",[]
"科技倫理
A5",劉啟民,國立臺灣師範大學,2,114-2,70016,TA10310214,,,,,"[""無評價""]",[]
"時事漫談智慧財產與科技法
A5",Richar,國立臺灣科技大學,2,114-2,71231,TB10810028,,,,,"[""無評價""]",[]
"東南亞文化與歷史專題
A2",廖弘民,國立臺灣師範大學,2,114-2,70014,TA10920009,,,,,"[""無評價""]",[]
"舞蹈鑑賞
A1",王宏豪,國立臺灣師範大學,3,114-2,70432,TA10918811,,,,,"[""無評價""]",[]
"臺灣小說選讀
A1",林淑慧,國立臺灣師範大學,2,114-2,70003,TA10310171,,,,,"[""無評價""]",[]
"邏輯思考與應用
A4",王銀國,國立臺灣師範大學,2,114-2,41808,LibEdu1119,2.0,5.0,3.5,0.5,"[""[User04736 | 109-2]: 照搬夏季學院與課程網的課程大綱\n\n第1週：第一章 緒論\n\n什麼是邏輯學；思維、語言和邏輯；邏輯學的性質和作用；學習邏輯的方法與意義。\n\n第2週：第二章 概念與定義\n\n什麼是概念；概念的內涵和外延；概念的種類；概念外延間的關係。\n\n第3週：第二章 概念與定義\n\n概念的概括和限制；定義的種類和方法；劃分的種類和方法。\n\n第4週：第三章 命題邏輯（複合命題及其推理）\n\n命題和推理概述（句子、語句、命題；命題的形式及其種類；推理的形式、種類及其判定；複合命題的基本聯結詞）；聯言、選言命題及其推理（聯言命題及其推理；選言命題及其推理）\n\n第5週：第三章 命題邏輯（複合命題及其推理）\n\n假言命題及其推理（充分條件命題及其推理；必要條件命題及其推理；充要條件命題及其推理；常見的假言命題推理）；否定命題及其推理（基本否定命題及其推理；否定複合命題的等值推理）。\n\n第6週：第三章 命題邏輯（複合命題及其推理）\n\n複合命題的其他推理（二難推理；反三段論與歸謬式推理）。第四章 命題邏輯之有效性判定演繹推理的意義及特性；前提、結論與推理的關係。\n\n第7週：第四章 命題邏輯之有效性判定\n\n重言式及其判定方法（真值形式與真值函數；重言式與推理有效的判定）；命題邏輯的有效論證判定方法（真值表方法；歸謬賦值法）\n\n第8週：第四章 命題邏輯之有效性判定\n\n命題邏輯的有效論證判定方法：自然演繹法簡介（直接證法；條件證法；歸謬證法）；期中考預習考題的討論與演練\n\n第9週：期中考2小時（第一章～第四章）\n\n第10週：第五章 邏輯的基本規律\n\n同一律（同一律的要求與日常應用）；矛盾律（矛盾律的日常應用及其「悖論」）；排中律（排中律的要求與日常應用）；充足理由律（日常應用要求與作用，理由與原因）；邏輯基本規律間的關係。\n\n第11週：第六章 詞項邏輯（簡單命題及其推理）\n\n引言（詞項邏輯與命題邏輯）；直言命題（直言命題的結構與類型；直言命題中詞項的外延性）；直言命題間的對當關係。\n\n第12週：第六章 詞項邏輯（簡單命題及其推理）\n\n直言命題的直接推理（對當關係直接推理；命題變形直接推理）；直言命題的三段論（三段論的定義、結構及其公理；三段論的規則）。\n\n第13週：第六章 詞項邏輯（簡單命題及其推理）\n\n直言命題的三段論（三段論的格與式；三段論的非標準形式）；關係命題及其推理（關係命題及其種類；關係命題的推理）。詞謂邏輯簡介。\n\n第14週：第七章 模態邏輯與模糊邏輯簡介\n\n對模態邏輯與模糊邏輯的基本概念作簡單的介紹。並簡單戰事模態邏輯的幾個公理化系統：K S4 S5。\n\n第15週：第八章 歸納與類比推理\n\n歸納邏輯概述；歸納推理（簡單枚舉法；科學歸納法；概率歸納與統計歸納推理）；探求因果聯繫的邏輯方法（因果關係的特點；求因果聯繫五法）。\n\n第16週：第八章 歸納與類比推理\n\n類比推理（類比推理概述；類比推理的特性與作用）。第九章謬誤概述；謬誤概述及其種類；非形式謬誤簡介；不清晰謬誤（語詞歧義謬誤；語句歧義謬誤；斷章取義謬誤；非黑即白謬誤；分舉謬誤；合舉謬誤；稻草人謬誤）\n\n第17週：第九章謬誤概述\n\n不充分謬誤（以全蓋偏謬誤；以偏蓋全謬誤；因果的謬誤；統計歸納的謬誤；滑坡謬誤）；不真確謬誤（內定結論的謬論；複雜問語謬論；強詞奪理、胡攪蠻纏的謬誤）；不相干謬誤（轉移論點謬誤；訴諸無知的謬誤；訴諸強力謬誤；訴諸人身謬誤；訴諸情感謬誤；訴諸成見的謬誤；訴諸眾人謬誤；訴諸權威的謬誤；）；謬誤的避免\n上課內容：其實算是把PPT帶過一遍而已，偶爾補充更多的例子，或者針對PPT較簡略的部分講完整版。\n課堂用書：老師會將講義PDF、上課用PPT丟在NTU Cool 供下載。基本PPT就是講義的精簡版（搭配華國美學版面），共有9個章節。\n無作業，有課後補充習題可自行下載練習～\n\n考試方式請參考評分占比那\n此為109 - 3學期，夏季學院的評分方式，不代表日後必定如此喔！\n\n期中考 40% 、期末考 50%，總分皆120\n- 考古題有上傳到NTU Cool，基本上有練有背的話，考高分很簡單，因為有一半左右都考古題，老師自己出的也不會很難。課堂中（甚至寄來的信）都有洩題的可能。\n- 剛上課時有說A+30%、當掉25%，但最後結果是A+65%，我猜這就是線上與實體課的差別ㄅ！\n\n影片心得 10%\n- 在鏡頭前，自己講上課心得 3 分鐘，沒拍一定當。\n注意！這是109 - 3 學期，夏季學院的線上課程，開學後不盡然如此喔！\n\n總結：\n我覺得如果將這門課作為認識「邏輯學」的開始，心態上會好很多。畢竟在大學前，似乎也很少聽到有哪堂課有脈絡的介紹邏輯。但要想獲取更多知識，只聽課和看PPT不太夠。建議就要認真讀PDF講義，並且自己多查文獻多看書，練習老師額外提供的邏輯題目深入思考，會更有成效。\n這門課簡單來說就是\n1、邏輯學的歷史：起源、流變到發展完全\n2、將很多生活上的例子與應用，以嚴格的定義與符號呈現\n3、講解關於看似合理的語言陷阱、話術等為何有邏輯上的謬誤\n4、如何正確的推論和判斷語句、命題\n等等\n\n老師不會看NTU Cool的討論區，所以有問題要反應、討論都要直接寄信給老師。\n\n關於評價\n甜度：看評分方式就知道其實很佛，如果你只想拿分數可以只看PPT，應付考試很夠了。\n涼度：這次是依照有沒有看完影片來確定出席，但基本上你掛機老師也不知道，所以以線上課程來說打5顆\n紮實度：沒功課，進度自己看都可以\n性別和政治笑話：這為人詬病已久，且課堂間偶爾有髒話，對這些比較敏感的可能會感到不舒服。\n\n新生第一次寫這ㄍ，有問題請留言告訴我我會盡快更正～\n感謝大家～""]","[{""User_ID"": ""User04736"", ""Semester"": ""109-2"", ""Rating_Quality"": null, ""Rating_Sweet"": null, ""Rating_Easy"": null, ""Rating_Rich"": null, ""Comment"": ""照搬夏季學院與課程網的課程大綱\n\n第1週：第一章 緒論\n\n什麼是邏輯學；思維、語言和邏輯；邏輯學的性質和作用；學習邏輯的方法與意義。\n\n第2週：第二章 概念與定義\n\n什麼是概念；概念的內涵和外延；概念的種類；概念外延間的關係。\n\n第3週：第二章 概念與定義\n\n概念的概括和限制；定義的種類和方法；劃分的種類和方法。\n\n第4週：第三章 命題邏輯（複合命題及其推理）\n\n命題和推理概述（句子、語句、命題；命題的形式及其種類；推理的形式、種類及其判定；複合命題的基本聯結詞）；聯言、選言命題及其推理（聯言命題及其推理；選言命題及其推理）\n\n第5週：第三章 命題邏輯（複合命題及其推理）\n\n假言命題及其推理（充分條件命題及其推理；必要條件命題及其推理；充要條件命題及其推理；常見的假言命題推理）；否定命題及其推理（基本否定命題及其推理；否定複合命題的等值推理）。\n\n第6週：第三章 命題邏輯（複合命題及其推理）\n\n複合命題的其他推理（二難推理；反三段論與歸謬式推理）。第四章 命題邏輯之有效性判定演繹推理的意義及特性；前提、結論與推理的關係。\n\n第7週：第四章 命題邏輯之有效性判定\n\n重言式及其判定方法（真值形式與真值函數；重言式與推理有效的判定）；命題邏輯的有效論證判定方法（真值表方法；歸謬賦值法）\n\n第8週：第四章 命題邏輯之有效性判定\n\n命題邏輯的有效論證判定方法：自然演繹法簡介（直接證法；條件證法；歸謬證法）；期中考預習考題的討論與演練\n\n第9週：期中考2小時（第一章～第四章）\n\n第10週：第五章 邏輯的基本規律\n\n同一律（同一律的要求與日常應用）；矛盾律（矛盾律的日常應用及其「悖論」）；排中律（排中律的要求與日常應用）；充足理由律（日常應用要求與作用，理由與原因）；邏輯基本規律間的關係。\n\n第11週：第六章 詞項邏輯（簡單命題及其推理）\n\n引言（詞項邏輯與命題邏輯）；直言命題（直言命題的結構與類型；直言命題中詞項的外延性）；直言命題間的對當關係。\n\n第12週：第六章 詞項邏輯（簡單命題及其推理）\n\n直言命題的直接推理（對當關係直接推理；命題變形直接推理）；直言命題的三段論（三段論的定義、結構及其公理；三段論的規則）。\n\n第13週：第六章 詞項邏輯（簡單命題及其推理）\n\n直言命題的三段論（三段論的格與式；三段論的非標準形式）；關係命題及其推理（關係命題及其種類；關係命題的推理）。詞謂邏輯簡介。\n\n第14週：第七章 模態邏輯與模糊邏輯簡介\n\n對模態邏輯與模糊邏輯的基本概念作簡單的介紹。並簡單戰事模態邏輯的幾個公理化系統：K S4 S5。\n\n第15週：第八章 歸納與類比推理\n\n歸納邏輯概述；歸納推理（簡單枚舉法；科學歸納法；概率歸納與統計歸納推理）；探求因果聯繫的邏輯方法（因果關係的特點；求因果聯繫五法）。\n\n第16週：第八章 歸納與類比推理\n\n類比推理（類比推理概述；類比推理的特性與作用）。第九章謬誤概述；謬誤概述及其種類；非形式謬誤簡介；不清晰謬誤（語詞歧義謬誤；語句歧義謬誤；斷章取義謬誤；非黑即白謬誤；分舉謬誤；合舉謬誤；稻草人謬誤）\n\n第17週：第九章謬誤概述\n\n不充分謬誤（以全蓋偏謬誤；以偏蓋全謬誤；因果的謬誤；統計歸納的謬誤；滑坡謬誤）；不真確謬誤（內定結論的謬論；複雜問語謬論；強詞奪理、胡攪蠻纏的謬誤）；不相干謬誤（轉移論點謬誤；訴諸無知的謬誤；訴諸強力謬誤；訴諸人身謬誤；訴諸情感謬誤；訴諸成見的謬誤；訴諸眾人謬誤；訴諸權威的謬誤；）；謬誤的避免\n上課內容：其實算是把PPT帶過一遍而已，偶爾補充更多的例子，或者針對PPT較簡略的部分講完整版。\n課堂用書：老師會將講義PDF、上課用PPT丟在NTU Cool 供下載。基本PPT就是講義的精簡版（搭配華國美學版面），共有9個章節。\n無作業，有課後補充習題可自行下載練習～\n\n考試方式請參考評分占比那\n此為109 - 3學期，夏季學院的評分方式，不代表日後必定如此喔！\n\n期中考 40% 、期末考 50%，總分皆120\n- 考古題有上傳到NTU Cool，基本上有練有背的話，考高分很簡單，因為有一半左右都考古題，老師自己出的也不會很難。課堂中（甚至寄來的信）都有洩題的可能。\n- 剛上課時有說A+30%、當掉25%，但最後結果是A+65%，我猜這就是線上與實體課的差別ㄅ！\n\n影片心得 10%\n- 在鏡頭前，自己講上課心得 3 分鐘，沒拍一定當。\n注意！這是109 - 3 學期，夏季學院的線上課程，開學後不盡然如此喔！\n\n總結：\n我覺得如果將這門課作為認識「邏輯學」的開始，心態上會好很多。畢竟在大學前，似乎也很少聽到有哪堂課有脈絡的介紹邏輯。但要想獲取更多知識，只聽課和看PPT不太夠。建議就要認真讀PDF講義，並且自己多查文獻多看書，練習老師額外提供的邏輯題目深入思考，會更有成效。\n這門課簡單來說就是\n1、邏輯學的歷史：起源、流變到發展完全\n2、將很多生活上的例子與應用，以嚴格的定義與符號呈現\n3、講解關於看似合理的語言陷阱、話術等為何有邏輯上的謬誤\n4、如何正確的推論和判斷語句、命題\n等等\n\n老師不會看NTU Cool的討論區，所以有問題要反應、討論都要直接寄信給老師。\n\n關於評價\n甜度：看評分方式就知道其實很佛，如果你只想拿分數可以只看PPT，應付考試很夠了。\n涼度：這次是依照有沒有看完影片來確定出席，但基本上你掛機老師也不知道，所以以線上課程來說打5顆\n紮實度：沒功課，進度自己看都可以\n性別和政治笑話：這為人詬病已久，且課堂間偶爾有髒話，對這些比較敏感的可能會感到不舒服。\n\n新生第一次寫這ㄍ，有問題請留言告訴我我會盡快更正～\n感謝大家～""}]"
法文一下,達力安,,3,114-2,34693,FL2014,,,,,"[""無評價""]",[]
法文一下,謝艾米,,3,114-2,24127,FL2014,,,,,"[""[PTT | 109-2]: 轉載自 PTT 作者 ID: tobylin1998 (偷比)\n哪一學年度修課：109-2\n\nψ 授課教師 (若為多人合授請寫開課教師，以方便收錄) 謝艾米 Emilie\n\nλ 開課系所與授課對象 (是否為必修或通識課 / 內容是否與某些背景相關)\n\n外文系開課，全校皆可修。\n\nδ 課程大概內容\nΩ 私心推薦指數(以五分計) ★★★★★\n\n喜歡有趣的法文課 ★★★★★\n\n想要有足夠的口說練習 ★★★★★\nη 上課用書(影印講義或是指定教科書)\n\n課本：Amical 1 (次要)\n\n講義：Compagnon A1 (主要)\n\nμ 上課方式(投影片、團體討論、老師教學風格)\n\n每課會先上單字，單字投影片有示意圖。下次上課前5分鐘會用該課學到的單字兩兩一組進行對話。\n單字講解完後會進行課文聽力的練習，大概聽2~3次左右，並回答講義上的問題。回答完後老師會帶大家\n讀課文+和旁邊的同學練習唸課文。\n老師在這個時候會注意大家的發音、語調和斷句之類的細節，但不會針對課文內容著墨太多。\n接著會根據講義的內容進行課程，包括文法講解、利用短片和歌曲進行聽力練習、寫作練習、練習動詞\n變化等等。\n有時候會有一些額外的活動，通常都是玩遊戲練習口說，或用Kahoot問答複習單字、文法。\n遇到比較複雜的文法觀念，老師也會詳細地解釋，並搭配例句讓大家比較容易進入狀況。\n\n基本上老師上課很少講中文(但老師的中文很讚！)，通常會用簡單的法文回答大家的問題，逼不得已才\n會講中文。\n上課很喜歡和同學互動，很常抽點大家回答問題。如果答不出來或是答錯，老師也會慢慢引導，不用有\n太大的壓力。\n而且老師非常有活力，每次上課幾乎都是笑容滿面(早八也是如此)，讓法文課的氣氛非常愉快。\n\n上課用的教材是兩位法文老師(Emilie + Max)自編的講義，學期初會統一購買。\n由於Emilie和Max會一起備課，所以兩班法文課的內容應該相去不遠。\n\nσ 評分方式(給分甜嗎？是紮實分？)\n\n作文、期中考試、期末考試，比例未知但給分應該很大方。\n\nρ 考題型式、作業方式\n\n作業：一學期要寫6篇作文，篇幅、題材不限，繳交時間自訂，但會規定死線，超過不收。\n每次只能繳交一篇，試圖防止大家期末才趕進度。\n\n考試：兩人一組，非紙筆測驗。會有數個大題，彼此之間具有若干連貫性。聽、說、讀、寫都會用到，\n相當多元。\n不會直接考單字或文法，比較像是實力測驗，要能夠把上課學到的內容融會貫通。\n考試的方式蠻有趣，但是有些微的時間壓力，在某個部分卡關太久會容易做不完。\n而且我覺得考完試的疲倦程度不亞於紙筆測驗，但優點是考前不用苦讀(因為讀了效果也不大)。\n\nω 其它(是否注重出席率？如果為外系選修，需先有什麼基礎較好嗎？老師個性？\n加簽習慣？嚴禁遲到等…)\n\n老師貌似不太在乎遲到，但缺課太多會被注意，畢竟老師都會記得大家的名字。\n班級人數上限40人，這學期由於加簽人數不多，所以全簽。如果加簽人數太多，會抽簽決定，可以不用\n事先寄信。\n\n\nΨ 總結\n\n如果想要輕鬆愉快學法文，大推Emilie的法文課。\n老師很親切，課堂氛圍愉快，課前和下課都會放法文歌。\n另外，擁有實力堅強的同伴在課堂的口語練習和考試時都會很有幫助。\n\n--\n\n原文網址: https://www.ptt.cc/bbs/NTUcourse/M.1625508859.A.A67.html""]","[{""User_ID"": ""PTT"", ""Semester"": ""109-2"", ""Rating_Quality"": null, ""Rating_Sweet"": null, ""Rating_Easy"": null, ""Rating_Rich"": null, ""Comment"": ""轉載自 PTT 作者 ID: tobylin1998 (偷比)\n哪一學年度修課：109-2\n\nψ 授課教師 (若為多人合授請寫開課教師，以方便收錄) 謝艾米 Emilie\n\nλ 開課系所與授課對象 (是否為必修或通識課 / 內容是否與某些背景相關)\n\n外文系開課，全校皆可修。\n\nδ 課程大概內容\nΩ 私心推薦指數(以五分計) ★★★★★\n\n喜歡有趣的法文課 ★★★★★\n\n想要有足夠的口說練習 ★★★★★\nη 上課用書(影印講義或是指定教科書)\n\n課本：Amical 1 (次要)\n\n講義：Compagnon A1 (主要)\n\nμ 上課方式(投影片、團體討論、老師教學風格)\n\n每課會先上單字，單字投影片有示意圖。下次上課前5分鐘會用該課學到的單字兩兩一組進行對話。\n單字講解完後會進行課文聽力的練習，大概聽2~3次左右，並回答講義上的問題。回答完後老師會帶大家\n讀課文+和旁邊的同學練習唸課文。\n老師在這個時候會注意大家的發音、語調和斷句之類的細節，但不會針對課文內容著墨太多。\n接著會根據講義的內容進行課程，包括文法講解、利用短片和歌曲進行聽力練習、寫作練習、練習動詞\n變化等等。\n有時候會有一些額外的活動，通常都是玩遊戲練習口說，或用Kahoot問答複習單字、文法。\n遇到比較複雜的文法觀念，老師也會詳細地解釋，並搭配例句讓大家比較容易進入狀況。\n\n基本上老師上課很少講中文(但老師的中文很讚！)，通常會用簡單的法文回答大家的問題，逼不得已才\n會講中文。\n上課很喜歡和同學互動，很常抽點大家回答問題。如果答不出來或是答錯，老師也會慢慢引導，不用有\n太大的壓力。\n而且老師非常有活力，每次上課幾乎都是笑容滿面(早八也是如此)，讓法文課的氣氛非常愉快。\n\n上課用的教材是兩位法文老師(Emilie + Max)自編的講義，學期初會統一購買。\n由於Emilie和Max會一起備課，所以兩班法文課的內容應該相去不遠。\n\nσ 評分方式(給分甜嗎？是紮實分？)\n\n作文、期中考試、期末考試，比例未知但給分應該很大方。\n\nρ 考題型式、作業方式\n\n作業：一學期要寫6篇作文，篇幅、題材不限，繳交時間自訂，但會規定死線，超過不收。\n每次只能繳交一篇，試圖防止大家期末才趕進度。\n\n考試：兩人一組，非紙筆測驗。會有數個大題，彼此之間具有若干連貫性。聽、說、讀、寫都會用到，\n相當多元。\n不會直接考單字或文法，比較像是實力測驗，要能夠把上課學到的內容融會貫通。\n考試的方式蠻有趣，但是有些微的時間壓力，在某個部分卡關太久會容易做不完。\n而且我覺得考完試的疲倦程度不亞於紙筆測驗，但優點是考前不用苦讀(因為讀了效果也不大)。\n\nω 其它(是否注重出席率？如果為外系選修，需先有什麼基礎較好嗎？老師個性？\n加簽習慣？嚴禁遲到等…)\n\n老師貌似不太在乎遲到，但缺課太多會被注意，畢竟老師都會記得大家的名字。\n班級人數上限40人，這學期由於加簽人數不多，所以全簽。如果加簽人數太多，會抽簽決定，可以不用\n事先寄信。\n\n\nΨ 總結\n\n如果想要輕鬆愉快學法文，大推Emilie的法文課。\n老師很親切，課堂氛圍愉快，課前和下課都會放法文歌。\n另外，擁有實力堅強的同伴在課堂的口語練習和考試時都會很有幫助。\n\n--\n\n原文網址: https://www.ptt.cc/bbs/NTUcourse/M.1625508859.A.A67.html""}]"
德文一下,蔡嘉穎,,3,114-2,52906,FL2016,,,,,"[""無評價""]",[]
西班牙文一下,劉姿妤,,3,114-2,53413,FL2018,,,,,"[""無評價""]",[]
法文二下,歐德尼,,3,114-2,24369,FL3012,,,,,"[""無評價""]",[]
法文二下,林湘漪,外國語文學系,3,114-2,53342,FL3012,,,,,"[""無評價""]",[]
德文二下,吳沃剛,,3,114-2,43913,FL3014,,,,,"[""無評價""]",[]
西班牙文二下,劉姿妤,,3,114-2,37765,FL3016,,,,,"[""無評價""]",[]
日文一下,李欣倫,,3,114-2,30358,JpnL2018,5.0,4.0,0.5,3.5,"[""[YuzuPepper | 111-2]: ■下學期\n7. 雙主句（好惡、比較級等）\n8.‘有’字句（擁有、助數詞、期間等）\n9.‘想’字句（願望、移動的目的等）\n10. 進行句（動作的進行、狀態、結果的存續等）\n11.‘請’字句（動作的順序、指示、輕微的命令、請託等）\n12.‘必’字句（義務、必要性等）\n實體，會錄影給請假的人\n《來學日本語 初級1 改訂版》尚昂文化\n課堂講義\n作業是練習卷，不一定要寫，但是有寫有加分\n考試有小考(主要考單字，可能還有一些文法之類的)和期中期末，都是實體考試\n期中期末考會有單字、文法、改錯、翻譯、閱讀、聽力等等\n平時成績40%，期中考30%，期末考30%\n老師會用平易近人的方式來帶大家了解日文的文法，而且還會在下課的時候播一些影片/音樂，用這些方法來介紹日常中的日文，我自己是覺得學得相當有效果。不過因為學校規定的關係進度蠻趕的，平常可能要複習，尤其是期末考會全部東西整個壓下來很可怕QQ\n老師出的題目通常不會太難，也會給我們很多加分的機會。要注意的是上課要記得出現就是了。""]","[{""User_ID"": ""YuzuPepper"", ""Semester"": ""111-2"", ""Rating_Quality"": null, ""Rating_Sweet"": null, ""Rating_Easy"": null, ""Rating_Rich"": null, ""Comment"": ""■下學期\n7. 雙主句（好惡、比較級等）\n8.‘有’字句（擁有、助數詞、期間等）\n9.‘想’字句（願望、移動的目的等）\n10. 進行句（動作的進行、狀態、結果的存續等）\n11.‘請’字句（動作的順序、指示、輕微的命令、請託等）\n12.‘必’字句（義務、必要性等）\n實體，會錄影給請假的人\n《來學日本語 初級1 改訂版》尚昂文化\n課堂講義\n作業是練習卷，不一定要寫，但是有寫有加分\n考試有小考(主要考單字，可能還有一些文法之類的)和期中期末，都是實體考試\n期中期末考會有單字、文法、改錯、翻譯、閱讀、聽力等等\n平時成績40%，期中考30%，期末考30%\n老師會用平易近人的方式來帶大家了解日文的文法，而且還會在下課的時候播一些影片/音樂，用這些方法來介紹日常中的日文，我自己是覺得學得相當有效果。不過因為學校規定的關係進度蠻趕的，平常可能要複習，尤其是期末考會全部東西整個壓下來很可怕QQ\n老師出的題目通常不會太難，也會給我們很多加分的機會。要注意的是上課要記得出現就是了。""}]"
日文一下,江佩璇,,3,114-2,48168,JpnL2018,,,,,"[""無評價""]",[]
日文一下,劉伊涵,,3,114-2,18203,JpnL2018,5.0,5.0,3.0,5.0,"[""[ynt | 113-2]: 7. 雙主句（好惡、比較級等）\n8.‘有’字句（擁有、助數詞、期間等）\n9.‘想’字句（願望、移動的目的等）\n10. 進行句（動作的進行、狀態、結果的存續等）\n11.‘請’字句（動作的順序、指示、輕微的命令、請託等）\n12.‘必’字句（義務、必要性等）\n以日文課本和老師自編的講義為主，講義有每個單元的文法概念介紹和單字補充\n《來學日本語 初級1 改訂版》尚昂文化\n課堂講義\n無作業，寫練習卷可以加分\n考試有4次小考、期中考和期末考\n平時成績40%，期中考30%，期末考30%\n平時成績中小考佔30%每次10%，取4次小考中前3高的成績算分，有寫練習卷可以加在小考成績裡\n小考比期中和期末難，所以只要平常小考好好讀，準備期中和期末就不會負擔太重\n幸好有寫練習卷這加分機制，不然平時小考我認真讀也很難考到90以上...(不排除我太菜)\n只要把單字背熟和文法讀熟，要拿A+應該不難\n總結扎實甜""]","[{""User_ID"": ""ynt"", ""Semester"": ""113-2"", ""Rating_Quality"": null, ""Rating_Sweet"": null, ""Rating_Easy"": null, ""Rating_Rich"": null, ""Comment"": ""7. 雙主句（好惡、比較級等）\n8.‘有’字句（擁有、助數詞、期間等）\n9.‘想’字句（願望、移動的目的等）\n10. 進行句（動作的進行、狀態、結果的存續等）\n11.‘請’字句（動作的順序、指示、輕微的命令、請託等）\n12.‘必’字句（義務、必要性等）\n以日文課本和老師自編的講義為主，講義有每個單元的文法概念介紹和單字補充\n《來學日本語 初級1 改訂版》尚昂文化\n課堂講義\n無作業，寫練習卷可以加分\n考試有4次小考、期中考和期末考\n平時成績40%，期中考30%，期末考30%\n平時成績中小考佔30%每次10%，取4次小考中前3高的成績算分，有寫練習卷可以加在小考成績裡\n小考比期中和期末難，所以只要平常小考好好讀，準備期中和期末就不會負擔太重\n幸好有寫練習卷這加分機制，不然平時小考我認真讀也很難考到90以上...(不排除我太菜)\n只要把單字背熟和文法讀熟，要拿A+應該不難\n總結扎實甜""}]"
日文一下,曾寶儀,,3,114-2,20319,JpnL2018,,,,,"[""無評價""]",[]
日文一下,彭誼芝,,3,114-2,48725,JpnL2018,4.0,4.5,4.0,3.5,"[""[Comsa2022 | 110-2]: 7. 雙主句（好惡、比較級等）\n8.‘有’字句（擁有、助數詞、期間等）\n9.‘想’字句（願望、移動的目的等）\n10. 進行句（動作的進行、狀態、結果的存續等）\n11.‘請’字句（動作的順序、指示、輕微的命令、請託等）\n12.‘必’字句（義務、必要性等）\n實體(疫情前，在共同307) →線上(GOOGLE MEET)\n《來學日本語 初級1 改訂版》尚昂文化\n課堂講義\n平時成績包含小考(考單字，本來說要考句型但是後來沒考)、作業(非常簡單，就是生出一些小作文WITH超級多範例，或是念某篇課文之類的)、出席(但是不點名)、疫情後有課程觀看比例(NTU COOL全都顯示100%就加分)、還有在cool上考一個n5模擬測驗(隨便答就好)\n期考在上面\n平時成績40%，期中考30%，期末考30%。\n老師人很好，對學生和藹可親，常常會問同學有沒有問題，講解文法也很詳細，考前會不厭其煩地幫同學複習。上課過程中若經常補充關於日本文化的小知識，下課也會撥放日文歌，在課程結束前還會放日本綜藝或短片給同學看，這是我最喜歡這門課的地方。強力推薦給喜歡日本文化的同學，想快樂學日文或想了解日本的同學也會修得很快樂！\n幾乎沒功課(小聲)，而且不小心遲交還可以無償補交(更小聲)\n這堂課的特點就是會話很多，除了課本上的內容以外，老師還自己準備了一些講義來練習口說。\n順帶一提，老師對日本是真的蠻熱愛的，她上課時會提到很多老師去日本玩的經驗，還有一些日本的冷知識、習俗等等，補充的部分真的很多很有趣xd\n除了一下的期末考以外，其他三次期考都是手寫考卷，難度的話我覺得普通，需要複習那種，包含單字、文法填空、問答、翻譯、抓出錯誤並改正等等，但是除了上學期期中考以外都不考聽力。\n最後遠距的時候是用口說問答來進行考試，包含50分的自我介紹演講(可以擬稿)、25分的單字+動詞變化(老師出題，學生寫在一張紙上給老師看)，20分的問答和五分的口頭翻譯。\n總之推推誼芝，他真的很暖很棒。""]","[{""User_ID"": ""Comsa2022"", ""Semester"": ""110-2"", ""Rating_Quality"": null, ""Rating_Sweet"": null, ""Rating_Easy"": null, ""Rating_Rich"": null, ""Comment"": ""7. 雙主句（好惡、比較級等）\n8.‘有’字句（擁有、助數詞、期間等）\n9.‘想’字句（願望、移動的目的等）\n10. 進行句（動作的進行、狀態、結果的存續等）\n11.‘請’字句（動作的順序、指示、輕微的命令、請託等）\n12.‘必’字句（義務、必要性等）\n實體(疫情前，在共同307) →線上(GOOGLE MEET)\n《來學日本語 初級1 改訂版》尚昂文化\n課堂講義\n平時成績包含小考(考單字，本來說要考句型但是後來沒考)、作業(非常簡單，就是生出一些小作文WITH超級多範例，或是念某篇課文之類的)、出席(但是不點名)、疫情後有課程觀看比例(NTU COOL全都顯示100%就加分)、還有在cool上考一個n5模擬測驗(隨便答就好)\n期考在上面\n平時成績40%，期中考30%，期末考30%。\n老師人很好，對學生和藹可親，常常會問同學有沒有問題，講解文法也很詳細，考前會不厭其煩地幫同學複習。上課過程中若經常補充關於日本文化的小知識，下課也會撥放日文歌，在課程結束前還會放日本綜藝或短片給同學看，這是我最喜歡這門課的地方。強力推薦給喜歡日本文化的同學，想快樂學日文或想了解日本的同學也會修得很快樂！\n幾乎沒功課(小聲)，而且不小心遲交還可以無償補交(更小聲)\n這堂課的特點就是會話很多，除了課本上的內容以外，老師還自己準備了一些講義來練習口說。\n順帶一提，老師對日本是真的蠻熱愛的，她上課時會提到很多老師去日本玩的經驗，還有一些日本的冷知識、習俗等等，補充的部分真的很多很有趣xd\n除了一下的期末考以外，其他三次期考都是手寫考卷，難度的話我覺得普通，需要複習那種，包含單字、文法填空、問答、翻譯、抓出錯誤並改正等等，但是除了上學期期中考以外都不考聽力。\n最後遠距的時候是用口說問答來進行考試，包含50分的自我介紹演講(可以擬稿)、25分的單字+動詞變化(老師出題，學生寫在一張紙上給老師看)，20分的問答和五分的口頭翻譯。\n總之推推誼芝，他真的很暖很棒。""}]"
日文一下,池田晶子,,3,114-2,17821,JpnL2018,,,,,"[""[PTT | 109-2]: 轉載自 PTT 作者 ID: trainkrt (trainkrt)\n哪一學年度修課：109\n\nψ 授課教師 (若為多人合授請寫開課教師，以方便收錄)池田晶子\n\nλ 開課系所與授課對象 (是否為必修或通識課 / 內容是否與某些背景相關) 外文領域\n\nδ 課程大概內容五十音+大家來學日本語第一冊 一到十二課\n\nΩ 私心推薦指數(以五分計)\n想聽日本人口音 ★ ★ ★ ★ ★\n想要扎實考試 ★ ★ ★ ★ ★\n有點程度不想寫作業 ★ ★ ★ ★ ★\n有點程度想輕鬆賺學分 （有這個想法的人其實選誰的日文課都無所為，但因為期中期末扎實所以是） ★★★★\n完全沒基礎，需要文法教學 （拜託別選）\n\nη 上課用書(影印講義或是指定教科書)\n大家來學日本語第一冊\nμ 上課方式(投影片、團體討論、老師教學風格)\n板書、些許簡報\nσ 評分方式(給分甜嗎？是紮實分？)\n扎實\nρ 考題型式、作業方式\n無檢查作業（我是沒寫啦）\n單字、翻譯、填空、問答、自由使用所學回答（一下期末包含寫作）、聽力\nω 其它(是否注重出席率？如果為外系選修，需先有什麼基礎較好嗎？老師個性？\n加簽習慣？嚴禁遲到等…)\n基本上有位置全簽，極度重視出席率，課前點名，好像三次就沒學分？手機嚴禁\nΨ 總結\n很明顯老師是日本人，對於時間要求極為嚴格（我是指下課），正常情況一分不差，每節考前有小考，五題單字課本翻譯。對於喜歡日本人發音或就是要日本人教日文可以選。我大二因為課衝堂關係選其他老師的日文課，才發現池田先生的考試是真的硬，如果是完全沒有基礎（五十音念不出來）會比較累，建議去選台灣老師畢竟他們有機會比較有同理心？\n我個人看動畫、追holo、youtube全是日本人，基本上真正讀課本時間只有小考前15分鐘和期末考前半天(最後A，A+魔人別砲我)，所以對日文沒有極大興趣，懶得自己研究文法的人，極度建議別選。來聽池田老師上課，我是抱持著補充課外知識和文法的心態來的，但沒基礎別輕易嘗試，期中期末翻譯40分，一半課本一半靠自己能力翻譯，這種訓練我蠻喜歡的。總結來說，上課方式正常，沒有統整文法、補充奇怪日本知識、鐵道迷（很少提及）、頗扎實期中期末、練發音好去處，以上。\n\nここまで読んでくだっさて、ありがとうございます、まったまたね～\n[TW]たまこ\n\n--\n\n原文網址: https://www.ptt.cc/bbs/NTUcourse/M.1636287623.A.37F.html""]","[{""User_ID"": ""PTT"", ""Semester"": ""109-2"", ""Rating_Quality"": null, ""Rating_Sweet"": null, ""Rating_Easy"": null, ""Rating_Rich"": null, ""Comment"": ""轉載自 PTT 作者 ID: trainkrt (trainkrt)\n哪一學年度修課：109\n\nψ 授課教師 (若為多人合授請寫開課教師，以方便收錄)池田晶子\n\nλ 開課系所與授課對象 (是否為必修或通識課 / 內容是否與某些背景相關) 外文領域\n\nδ 課程大概內容五十音+大家來學日本語第一冊 一到十二課\n\nΩ 私心推薦指數(以五分計)\n想聽日本人口音 ★ ★ ★ ★ ★\n想要扎實考試 ★ ★ ★ ★ ★\n有點程度不想寫作業 ★ ★ ★ ★ ★\n有點程度想輕鬆賺學分 （有這個想法的人其實選誰的日文課都無所為，但因為期中期末扎實所以是） ★★★★\n完全沒基礎，需要文法教學 （拜託別選）\n\nη 上課用書(影印講義或是指定教科書)\n大家來學日本語第一冊\nμ 上課方式(投影片、團體討論、老師教學風格)\n板書、些許簡報\nσ 評分方式(給分甜嗎？是紮實分？)\n扎實\nρ 考題型式、作業方式\n無檢查作業（我是沒寫啦）\n單字、翻譯、填空、問答、自由使用所學回答（一下期末包含寫作）、聽力\nω 其它(是否注重出席率？如果為外系選修，需先有什麼基礎較好嗎？老師個性？\n加簽習慣？嚴禁遲到等…)\n基本上有位置全簽，極度重視出席率，課前點名，好像三次就沒學分？手機嚴禁\nΨ 總結\n很明顯老師是日本人，對於時間要求極為嚴格（我是指下課），正常情況一分不差，每節考前有小考，五題單字課本翻譯。對於喜歡日本人發音或就是要日本人教日文可以選。我大二因為課衝堂關係選其他老師的日文課，才發現池田先生的考試是真的硬，如果是完全沒有基礎（五十音念不出來）會比較累，建議去選台灣老師畢竟他們有機會比較有同理心？\n我個人看動畫、追holo、youtube全是日本人，基本上真正讀課本時間只有小考前15分鐘和期末考前半天(最後A，A+魔人別砲我)，所以對日文沒有極大興趣，懶得自己研究文法的人，極度建議別選。來聽池田老師上課，我是抱持著補充課外知識和文法的心態來的，但沒基礎別輕易嘗試，期中期末翻譯40分，一半課本一半靠自己能力翻譯，這種訓練我蠻喜歡的。總結來說，上課方式正常，沒有統整文法、補充奇怪日本知識、鐵道迷（很少提及）、頗扎實期中期末、練發音好去處，以上。\n\nここまで読んでくだっさて、ありがとうございます、まったまたね～\n[TW]たまこ\n\n--\n\n原文網址: https://www.ptt.cc/bbs/NTUcourse/M.1636287623.A.37F.html""}]"
日文一下,張鈞竹,,3,114-2,39276,JpnL2018,,,,,"[""無評價""]",[]
日文一下,林姿妙,外國語文學系,3,114-2,45271,JpnL2018,,,,,"[""無評價""]",[]
日文一下,黃意婷,,3,114-2,11859,JpnL2018,,,,,"[""[PTT | 104-2]: 轉載自 PTT 作者 ID: sjes (史)\n哪一學年度修課：\n\n104-2\n\nψ 授課教師 (若為多人合授請寫開課教師，以方便收錄)\n\n黃意婷\n\nλ 開課系所與授課對象 (是否為必修或通識課 / 內容是否與某些背景相關)\n\n日文系課程\n\n日籍或以日語為母語之學生請勿選修\n限非日文系學生選修\n已取得學分者請勿重複修習\n\nδ 課程大概內容\n\n■上學期\n0. 字母發音。（數字、日常生活招呼語、教室內用語等）\n1. 名詞句一（自我介紹、指示詞等）\n2. 名詞句二（問路、所在位置、價格等）\n3. 動詞句（時刻、星期、日常動作等）\n4. 動詞句（日期、移動動詞、動作的手段等）\n5. 動詞句（他動詞、助詞de的用法、邀約等）\n6. 形容詞句（人事物的特點、比較級等）\n7. 雙主句（好惡、比較級等）\n\n■下學期\n8.‘有’字句（存在、擁有、助數詞、期間等）\n9.‘想’字句（願望、移動的目的等）\n10. 進行句（動作的進行、狀態、結果的存續等）\n11.‘請’字句（動作的順序、指示、輕微的命令、請託等）\n12.‘必’字句（義務、必要性等）\n13.‘可’字句（允許、容許等）\n14.‘給’字句（物品、行為的授受表現等）\n\nΩ 私心推薦指數(以五分計) ★★★★★\n\n★★★★★\n\nη 上課用書(影印講義或是指定教科書)\n\n《來學日本語 初級1》尚昂文化、老師自己編的紙本講義\n\n配合課本的單字講義要自己去日文系網站下載列印~\n\nμ 上課方式(投影片、團體討論、老師教學風格)\n\n每個單元一開始，老師會先帶大家唸一遍單字，\n然後老師會用她自己的紙本講義教大家動詞(有空格，可以自行練行動詞變化)，\n之後會進入課本的文法教學，老師會先講解文法的用法、帶大家一起唸例句，\n再請大家自己/分組練習下面的句子/對話，練習完之後老師會再強調或延伸比較\n需要注意的地方\n(補充一下，紙本講義裡也有文法的解析跟練習題~)\n\n進度不趕的時候，老師會放日劇或動畫給我們看，\n有時候放的內容甚至跟教學內容有關，我覺得挺不錯的，\n就算無關也都很好笑(像是草彅剛挑戰杯緣子動作的影片XD)，\n就算下課了我也捨不得離開教室(要裝水或上廁所都用衝的XDD)；\n老師也放過流行歌跟動漫主題曲，同時會印一張有空格的日文歌詞跟中文翻譯，\n可以順練習一下聽力~\n\n老師也常常讓同學練習課本以外的對話，\n讓我印象最深刻的一次，是老師印給我們去摩斯點餐會出現的對話(內用or外帶、\n要點什麼餐、要找多少錢...)，\n同時附上一張摩斯菜單(當然是日文的)，讓同學練習數量詞跟比較複雜的數字，\n那次的練習真的有讓人置身日本的感覺TAT\n\n老師會不時跟大家介紹日本文化，而且介紹之餘，她還會帶她的收藏給我們看，\n像是3月3日雛祭り(女兒節)的時候，她就帶了人形娃娃的立體卡片給大家看；\n還有最後一堂日文課，考完期末考後，老師跟助教也向大家示範浴衣的穿法；\n另外，老師跟助教常常分享她們去日本旅遊或留學的經驗，讓我超級嚮往的QQ\n\nσ 評分方式(給分甜嗎？是紮實分？)\n\n出席率與平時考40%，期中考30%，期末考30%\n\n無故曠課達3次者，則不給予學分\n\n我覺得給分應該是紮實分吧，\n不過因為我在遇到這個老師之後，學習日文的熱情又被點燃了，\n所以應該算是蠻認真複習跟寫作業的，最後拿A+，覺得蠻開心的，\n不過我真的覺得老師出的作業跟考試都不難，只要願意花時間，分數都會很不錯\n\nρ 考題型式、作業方式\n\n平時考是上完一個單元考一次，除非進度來不及，才會兩個單元併在一起考；\n題目都是20題單字+10題以內的文法填空，難度不高\n\n大考的話也是20題單字跟文法填空，再加上一些變化題，\n例如助詞填空、對話填空，也有仿日檢文句排序的題型(選擇題)，\n也會考翻譯(老師考前會發翻譯練習，大考好像是從練習題裡挑4、5題出來考)；\n另外還有聽力部分，這部分比較可怕一點，畢竟平常練習機會比較少(其實老師也\n會在CEIBA放聽力練習，但我沒練過QQ)\n\n至於作業，只能說老師出的作業都超可愛，我超喜歡做作業的><\n老師出的作業真的變化多端，\n有比較中規中矩的作文練習(題目是「我的房間」，300字，還有範文可以參考)；\n有聽力填空練習(一次是Zootopia的日文預告片，另外一次是麥當當的徵才CM，都\n是很可愛的影片!!)；\n有對話練習(老師印了附有抑揚頓挫的腔調的講義，照著唸會很有fu，練習後去找\n老師或助教驗收)；\n有日文短文翻譯(內容是晴天娃娃的製作方法XD)...，\n總之作業真的都很可愛，雖然老師大概都會給兩個禮拜的充裕時間讓你回家有空\n再做，但我每次都是迫不及待的完成它們；\n作業至少要交三次，多交的就算加分~~~\n\nω 其它(是否注重出席率？如果為外系選修，需先有什麼基礎較好嗎？老師個性？\n加簽習慣？嚴禁遲到等…)\n\n這堂課遲到一下都不會怎樣，\n而且我的班級上課時間是567，老師12:30才會開始上課，時間上不會太趕；\n另外，帶午餐去課堂上吃也沒問題~\n\n老師從來沒點過名，但是她會記得每個學生的臉跟名字，所以無故缺課可能會被\n注意到XDDD\n(不過必須提一下的是，老師這學期有五個班，如果你某個禮拜剛好有事，沒辦法\n配合上課時間的話，她開放讓同學自由換班補課，\n不過我沒這個經驗，不確定是否需要事先知會老師，\n然後大考不接受換班考試~)\n\n基礎就是日文一上的課程囉~\n\n加簽習慣的話，上學期的狀況我不清楚，\n我個人是上學期選到自己不怎麼喜歡的老師，所以下學期決定換班，\n本來要去加簽一個超熱門的老師，不料一進教室就發現人太多了、加簽無望，\n所以立刻退了出來轉戰這個班，結果加簽的人數剛好還在上限內，所以就全簽啦~~~\n\nΨ 總結\n\n總而言之就是，這個老師超！可！愛！的！\n上課常常會莫名其妙講出呆呆的話，譬如說她會看著課本裡常吃三明治的角色說\n：「他真的很喜歡吃三明治欸~」\n很稀鬆平常，但聽到她講出內心的OS，就會覺得老師好可愛XD(灑花)\n\n老師今年好像是第一年當老師(之前是助教)，是很有教學熱忱的新手老師，\n大概是因為學生時代剛結束不久，所以常點出大家比較有疑問的文法或單字，\n我覺得對概念的釐清蠻有幫助的\n\n然後我們班的助教也很可愛，長得很可愛，講話也很可愛，\n改考卷的時候，在打分數之餘，還會蓋可愛的印章(有蓋過懶懶熊跟Snoopy><)；\n常常會在同學提出疑問的時候幫忙老師解答；\n而且她跟老師的互動很溫馨(去買飲料跟點心的時候還會幫老師順便帶一份XD)\n可惜她今年大學畢業，不知道以後會不會繼續當助教嗚嗚\n(最後一堂課拍合照的時候，助教戴學士帽超級可愛的啦>////<)\n\n反正我很推這個老師，希望她會繼續開日文二，讓我有機會繼續追隨她!!!\n\n--\n\n原文網址: https://www.ptt.cc/bbs/NTUcourse/M.1467570903.A.585.html""]","[{""User_ID"": ""PTT"", ""Semester"": ""104-2"", ""Rating_Quality"": null, ""Rating_Sweet"": null, ""Rating_Easy"": null, ""Rating_Rich"": null, ""Comment"": ""轉載自 PTT 作者 ID: sjes (史)\n哪一學年度修課：\n\n104-2\n\nψ 授課教師 (若為多人合授請寫開課教師，以方便收錄)\n\n黃意婷\n\nλ 開課系所與授課對象 (是否為必修或通識課 / 內容是否與某些背景相關)\n\n日文系課程\n\n日籍或以日語為母語之學生請勿選修\n限非日文系學生選修\n已取得學分者請勿重複修習\n\nδ 課程大概內容\n\n■上學期\n0. 字母發音。（數字、日常生活招呼語、教室內用語等）\n1. 名詞句一（自我介紹、指示詞等）\n2. 名詞句二（問路、所在位置、價格等）\n3. 動詞句（時刻、星期、日常動作等）\n4. 動詞句（日期、移動動詞、動作的手段等）\n5. 動詞句（他動詞、助詞de的用法、邀約等）\n6. 形容詞句（人事物的特點、比較級等）\n7. 雙主句（好惡、比較級等）\n\n■下學期\n8.‘有’字句（存在、擁有、助數詞、期間等）\n9.‘想’字句（願望、移動的目的等）\n10. 進行句（動作的進行、狀態、結果的存續等）\n11.‘請’字句（動作的順序、指示、輕微的命令、請託等）\n12.‘必’字句（義務、必要性等）\n13.‘可’字句（允許、容許等）\n14.‘給’字句（物品、行為的授受表現等）\n\nΩ 私心推薦指數(以五分計) ★★★★★\n\n★★★★★\n\nη 上課用書(影印講義或是指定教科書)\n\n《來學日本語 初級1》尚昂文化、老師自己編的紙本講義\n\n配合課本的單字講義要自己去日文系網站下載列印~\n\nμ 上課方式(投影片、團體討論、老師教學風格)\n\n每個單元一開始，老師會先帶大家唸一遍單字，\n然後老師會用她自己的紙本講義教大家動詞(有空格，可以自行練行動詞變化)，\n之後會進入課本的文法教學，老師會先講解文法的用法、帶大家一起唸例句，\n再請大家自己/分組練習下面的句子/對話，練習完之後老師會再強調或延伸比較\n需要注意的地方\n(補充一下，紙本講義裡也有文法的解析跟練習題~)\n\n進度不趕的時候，老師會放日劇或動畫給我們看，\n有時候放的內容甚至跟教學內容有關，我覺得挺不錯的，\n就算無關也都很好笑(像是草彅剛挑戰杯緣子動作的影片XD)，\n就算下課了我也捨不得離開教室(要裝水或上廁所都用衝的XDD)；\n老師也放過流行歌跟動漫主題曲，同時會印一張有空格的日文歌詞跟中文翻譯，\n可以順練習一下聽力~\n\n老師也常常讓同學練習課本以外的對話，\n讓我印象最深刻的一次，是老師印給我們去摩斯點餐會出現的對話(內用or外帶、\n要點什麼餐、要找多少錢...)，\n同時附上一張摩斯菜單(當然是日文的)，讓同學練習數量詞跟比較複雜的數字，\n那次的練習真的有讓人置身日本的感覺TAT\n\n老師會不時跟大家介紹日本文化，而且介紹之餘，她還會帶她的收藏給我們看，\n像是3月3日雛祭り(女兒節)的時候，她就帶了人形娃娃的立體卡片給大家看；\n還有最後一堂日文課，考完期末考後，老師跟助教也向大家示範浴衣的穿法；\n另外，老師跟助教常常分享她們去日本旅遊或留學的經驗，讓我超級嚮往的QQ\n\nσ 評分方式(給分甜嗎？是紮實分？)\n\n出席率與平時考40%，期中考30%，期末考30%\n\n無故曠課達3次者，則不給予學分\n\n我覺得給分應該是紮實分吧，\n不過因為我在遇到這個老師之後，學習日文的熱情又被點燃了，\n所以應該算是蠻認真複習跟寫作業的，最後拿A+，覺得蠻開心的，\n不過我真的覺得老師出的作業跟考試都不難，只要願意花時間，分數都會很不錯\n\nρ 考題型式、作業方式\n\n平時考是上完一個單元考一次，除非進度來不及，才會兩個單元併在一起考；\n題目都是20題單字+10題以內的文法填空，難度不高\n\n大考的話也是20題單字跟文法填空，再加上一些變化題，\n例如助詞填空、對話填空，也有仿日檢文句排序的題型(選擇題)，\n也會考翻譯(老師考前會發翻譯練習，大考好像是從練習題裡挑4、5題出來考)；\n另外還有聽力部分，這部分比較可怕一點，畢竟平常練習機會比較少(其實老師也\n會在CEIBA放聽力練習，但我沒練過QQ)\n\n至於作業，只能說老師出的作業都超可愛，我超喜歡做作業的><\n老師出的作業真的變化多端，\n有比較中規中矩的作文練習(題目是「我的房間」，300字，還有範文可以參考)；\n有聽力填空練習(一次是Zootopia的日文預告片，另外一次是麥當當的徵才CM，都\n是很可愛的影片!!)；\n有對話練習(老師印了附有抑揚頓挫的腔調的講義，照著唸會很有fu，練習後去找\n老師或助教驗收)；\n有日文短文翻譯(內容是晴天娃娃的製作方法XD)...，\n總之作業真的都很可愛，雖然老師大概都會給兩個禮拜的充裕時間讓你回家有空\n再做，但我每次都是迫不及待的完成它們；\n作業至少要交三次，多交的就算加分~~~\n\nω 其它(是否注重出席率？如果為外系選修，需先有什麼基礎較好嗎？老師個性？\n加簽習慣？嚴禁遲到等…)\n\n這堂課遲到一下都不會怎樣，\n而且我的班級上課時間是567，老師12:30才會開始上課，時間上不會太趕；\n另外，帶午餐去課堂上吃也沒問題~\n\n老師從來沒點過名，但是她會記得每個學生的臉跟名字，所以無故缺課可能會被\n注意到XDDD\n(不過必須提一下的是，老師這學期有五個班，如果你某個禮拜剛好有事，沒辦法\n配合上課時間的話，她開放讓同學自由換班補課，\n不過我沒這個經驗，不確定是否需要事先知會老師，\n然後大考不接受換班考試~)\n\n基礎就是日文一上的課程囉~\n\n加簽習慣的話，上學期的狀況我不清楚，\n我個人是上學期選到自己不怎麼喜歡的老師，所以下學期決定換班，\n本來要去加簽一個超熱門的老師，不料一進教室就發現人太多了、加簽無望，\n所以立刻退了出來轉戰這個班，結果加簽的人數剛好還在上限內，所以就全簽啦~~~\n\nΨ 總結\n\n總而言之就是，這個老師超！可！愛！的！\n上課常常會莫名其妙講出呆呆的話，譬如說她會看著課本裡常吃三明治的角色說\n：「他真的很喜歡吃三明治欸~」\n很稀鬆平常，但聽到她講出內心的OS，就會覺得老師好可愛XD(灑花)\n\n老師今年好像是第一年當老師(之前是助教)，是很有教學熱忱的新手老師，\n大概是因為學生時代剛結束不久，所以常點出大家比較有疑問的文法或單字，\n我覺得對概念的釐清蠻有幫助的\n\n然後我們班的助教也很可愛，長得很可愛，講話也很可愛，\n改考卷的時候，在打分數之餘，還會蓋可愛的印章(有蓋過懶懶熊跟Snoopy><)；\n常常會在同學提出疑問的時候幫忙老師解答；\n而且她跟老師的互動很溫馨(去買飲料跟點心的時候還會幫老師順便帶一份XD)\n可惜她今年大學畢業，不知道以後會不會繼續當助教嗚嗚\n(最後一堂課拍合照的時候，助教戴學士帽超級可愛的啦>////<)\n\n反正我很推這個老師，希望她會繼續開日文二，讓我有機會繼續追隨她!!!\n\n--\n\n原文網址: https://www.ptt.cc/bbs/NTUcourse/M.1467570903.A.585.html""}]"
日文一下,洪淑娟,,3,114-2,15722,JpnL2018,,,,,"[""無評價""]",[]
日文一下,賴建樺,,3,114-2,10439,JpnL2018,,,,,"[""無評價""]",[]
日文二下,守時愛里,,3,114-2,44944,JpnL3048,,,,,"[""無評價""]",[]
日文二下,江佩璇,,3,114-2,21820,JpnL3048,,,,,"[""無評價""]",[]
日文二下,劉伊涵,,3,114-2,47606,JpnL3048,,,,,"[""[PTT | 106-2]: 轉載自 PTT 作者 ID: Languager004 (文心理身)\n哪一學年度修課： 106-2\n\nψ 授課教師 (若為多人合授請寫開課教師，以方便收錄) 劉伊涵\n\nλ 開課系所與授課對象 (是否為必修或通識課 / 內容是否與某些背景相關)\n限非日文系學生修習\n\nδ 課程大概內容\n來學日本語 初級2 第23~28課\n\nΩ 私心推薦指數(以五分計) ★★★★★\n★★★★★\n\nη 上課用書(影印講義或是指定教科書)\n來學日本語 初級2 (綠色封皮)\n\nμ 上課方式(投影片、團體討論、老師教學風格)\n基本上是就是使用課本教，搭配影印講義\n每新的一課開始前會先寫文法&句型的板書\n講解完課本文法和額外補充的相似句型後\n會帶大家看課本的例句並加以補充和解釋\n像是裡面出現的動詞慣用法、相似的名詞\n以及衍生的俗諺、常用句型......等等\n\n老師都會點人回答句子(按照名單順序)\n也會讓大家倆倆練習對話或是課本句型\n所以可以不用擔心沒機會練到日文口說\n\n除了會上課本之外老師也會發補充講義\n可能是句型的加強或是相似用法的比較\n有些是當作業有些則直接上課練習講解\n偶爾也會發些還蠻新奇有趣的東西!?\n(今年是發2001~2017的日本流行語XDD)\n\n老師人很溫柔，在教學上也很有耐心\n不用擔心因為學的比較慢而有壓力~~~\n(重點是老師年輕又漂亮又貼心不來嗎)\n\nσ 評分方式(給分甜嗎？是紮實分？)\n20% 小考(5取4平均)\n10% 出席情況\n10% 口試成績\n30% 期中考試\n30% 期末考試\n\n應該跟一般日文班一樣扎實偏甜吧\n語言類課程投入時間會有回報的~~\n小的小考期中期末應該都9字頭，A+\n\nρ 考題型式、作業方式\n小考:共三大題\n第一大題是用該課單字填空，動詞要看前後填用法\n第二大題是動詞與慣用助詞的填空(動詞會給在後面)\n第三大題是中翻日，就是用該課文法句型來寫句子\n\n期中&期末:共五大題\n第一大題是聽力測驗\n第二大題是單字\n第三大題是動詞助詞填空(同小考)\n第四大題是中翻日(同小考)\n第五大題是閱讀測驗\n\n口說:似乎是日文系的新政策(也因此進度被砍了2課)\n我們是用學到的句型，自己原創編一則故事\n或是介紹日本文化，長度至少要5分鐘以上\n\n總體來說都不會太難，有準備基本上不會太差的^_^\n\nω 其它(是否注重出席率？如果為外系選修，需先有什麼基礎較好嗎？老師個性？\n加簽習慣？嚴禁遲到等…)\n出席率是日文系列的基本了(3次無故未到即無學分)\n但老師很寬容，有事要先離開或請假跟老師報備就好\n\n基礎就是日文一或是JLPT的N5吧(雖然現在日文一教好少...)\n加簽不確定(因為我們中途換老師，人數不多所以有選有上)\n\nΨ 總結\n真的很推很推伊涵老師>_<\n雖然第一學期來教但教學經驗不少\n老師也對學生們非常體貼\n上課的氣氛也還蠻融洽的\n(口說有些組別的內容真的很搞笑www)\n是節奏很舒服的一堂日文\n(老師時不時會說我們是同個年代的吧超可愛XD)\n\n老師能來臺大教真的是一大福音~~\n暑修沒上到老師日文一的下學期趕快選一波XDD\n\n--\n\n原文網址: https://www.ptt.cc/bbs/NTUcourse/M.1530719625.A.515.html""]","[{""User_ID"": ""PTT"", ""Semester"": ""106-2"", ""Rating_Quality"": null, ""Rating_Sweet"": null, ""Rating_Easy"": null, ""Rating_Rich"": null, ""Comment"": ""轉載自 PTT 作者 ID: Languager004 (文心理身)\n哪一學年度修課： 106-2\n\nψ 授課教師 (若為多人合授請寫開課教師，以方便收錄) 劉伊涵\n\nλ 開課系所與授課對象 (是否為必修或通識課 / 內容是否與某些背景相關)\n限非日文系學生修習\n\nδ 課程大概內容\n來學日本語 初級2 第23~28課\n\nΩ 私心推薦指數(以五分計) ★★★★★\n★★★★★\n\nη 上課用書(影印講義或是指定教科書)\n來學日本語 初級2 (綠色封皮)\n\nμ 上課方式(投影片、團體討論、老師教學風格)\n基本上是就是使用課本教，搭配影印講義\n每新的一課開始前會先寫文法&句型的板書\n講解完課本文法和額外補充的相似句型後\n會帶大家看課本的例句並加以補充和解釋\n像是裡面出現的動詞慣用法、相似的名詞\n以及衍生的俗諺、常用句型......等等\n\n老師都會點人回答句子(按照名單順序)\n也會讓大家倆倆練習對話或是課本句型\n所以可以不用擔心沒機會練到日文口說\n\n除了會上課本之外老師也會發補充講義\n可能是句型的加強或是相似用法的比較\n有些是當作業有些則直接上課練習講解\n偶爾也會發些還蠻新奇有趣的東西!?\n(今年是發2001~2017的日本流行語XDD)\n\n老師人很溫柔，在教學上也很有耐心\n不用擔心因為學的比較慢而有壓力~~~\n(重點是老師年輕又漂亮又貼心不來嗎)\n\nσ 評分方式(給分甜嗎？是紮實分？)\n20% 小考(5取4平均)\n10% 出席情況\n10% 口試成績\n30% 期中考試\n30% 期末考試\n\n應該跟一般日文班一樣扎實偏甜吧\n語言類課程投入時間會有回報的~~\n小的小考期中期末應該都9字頭，A+\n\nρ 考題型式、作業方式\n小考:共三大題\n第一大題是用該課單字填空，動詞要看前後填用法\n第二大題是動詞與慣用助詞的填空(動詞會給在後面)\n第三大題是中翻日，就是用該課文法句型來寫句子\n\n期中&期末:共五大題\n第一大題是聽力測驗\n第二大題是單字\n第三大題是動詞助詞填空(同小考)\n第四大題是中翻日(同小考)\n第五大題是閱讀測驗\n\n口說:似乎是日文系的新政策(也因此進度被砍了2課)\n我們是用學到的句型，自己原創編一則故事\n或是介紹日本文化，長度至少要5分鐘以上\n\n總體來說都不會太難，有準備基本上不會太差的^_^\n\nω 其它(是否注重出席率？如果為外系選修，需先有什麼基礎較好嗎？老師個性？\n加簽習慣？嚴禁遲到等…)\n出席率是日文系列的基本了(3次無故未到即無學分)\n但老師很寬容，有事要先離開或請假跟老師報備就好\n\n基礎就是日文一或是JLPT的N5吧(雖然現在日文一教好少...)\n加簽不確定(因為我們中途換老師，人數不多所以有選有上)\n\nΨ 總結\n真的很推很推伊涵老師>_<\n雖然第一學期來教但教學經驗不少\n老師也對學生們非常體貼\n上課的氣氛也還蠻融洽的\n(口說有些組別的內容真的很搞笑www)\n是節奏很舒服的一堂日文\n(老師時不時會說我們是同個年代的吧超可愛XD)\n\n老師能來臺大教真的是一大福音~~\n暑修沒上到老師日文一的下學期趕快選一波XDD\n\n--\n\n原文網址: https://www.ptt.cc/bbs/NTUcourse/M.1530719625.A.515.html""}]"
日文二下,林姿妙,,3,114-2,47818,JpnL3048,,,,,"[""無評價""]",[]
日文二下,彭誼芝,,3,114-2,23559,JpnL3048,,,,,"[""無評價""]",[]
日文二下,許惠晴,,3,114-2,51282,JpnL3048,5.0,5.0,2.0,5.0,"[""[User02743 | 109-2]: 日文二下，1～6課\n偏文法的的老師（相比語感），特別注重造句，上老師的課造句能力會大幅提升，但非常的詳細，上課速度穩定且中速，只要自己不要睡覺就一定跟得上。\n每課先將文法，再用練習卷練習，回家主要練習造句和中翻日句子。\n每週考試，8成單字和2成老師上週覺得重要的文法。\n課本和自製講義（很豐富，多到你不需要其他東西）（還是不怎麼用課本）\n會有作業但不強制，主要是每周考單字（除了考動詞的那周以外，只要有背好都很好拿分）。\n動詞會是考卷中的最大且為一的困難，準備時一定要再三注意。\n忘了，但有段考，小考，出席，期末口語活動\n著重基本功的老師，非常注重動詞和造句，想要加強這塊的一定要修。人認真又好，也會一直鼓勵大家去考日檢，推推。\n對了會點名，只是來拿學分已經是日文大師的各位可以去別班。\n口語活動是由老師給很多文章，選一個後最簡單的5分鐘發表（全日文），可以只照著文章講，也可以加一點點補充，文章都是類似科普（不一定是科學的科普，ㄝ就是像吃壽司挖撒比要不要放在醬油裡那種），一人發表沒問題，但強烈建議隨便找周圍的一個人組隊，大家都一樣缺隊友，先搶先贏。""]","[{""User_ID"": ""User02743"", ""Semester"": ""109-2"", ""Rating_Quality"": null, ""Rating_Sweet"": null, ""Rating_Easy"": null, ""Rating_Rich"": null, ""Comment"": ""日文二下，1～6課\n偏文法的的老師（相比語感），特別注重造句，上老師的課造句能力會大幅提升，但非常的詳細，上課速度穩定且中速，只要自己不要睡覺就一定跟得上。\n每課先將文法，再用練習卷練習，回家主要練習造句和中翻日句子。\n每週考試，8成單字和2成老師上週覺得重要的文法。\n課本和自製講義（很豐富，多到你不需要其他東西）（還是不怎麼用課本）\n會有作業但不強制，主要是每周考單字（除了考動詞的那周以外，只要有背好都很好拿分）。\n動詞會是考卷中的最大且為一的困難，準備時一定要再三注意。\n忘了，但有段考，小考，出席，期末口語活動\n著重基本功的老師，非常注重動詞和造句，想要加強這塊的一定要修。人認真又好，也會一直鼓勵大家去考日檢，推推。\n對了會點名，只是來拿學分已經是日文大師的各位可以去別班。\n口語活動是由老師給很多文章，選一個後最簡單的5分鐘發表（全日文），可以只照著文章講，也可以加一點點補充，文章都是類似科普（不一定是科學的科普，ㄝ就是像吃壽司挖撒比要不要放在醬油裡那種），一人發表沒問題，但強烈建議隨便找周圍的一個人組隊，大家都一樣缺隊友，先搶先贏。""}]"
日文二下,張鈞竹,,3,114-2,59256,JpnL3048,,,,,"[""無評價""]",[]
日文二下,曾寶儀,,3,114-2,16940,JpnL3048,,,,,"[""無評價""]",[]
日文二下,李欣倫,,3,114-2,20995,JpnL3048,,,,,"[""無評價""]",[]
日文二下,賴建樺,,3,114-2,24018,JpnL3048,,,,,"[""無評價""]",[]
日文二下,洪淑娟,,3,114-2,50132,JpnL3048,,,,,"[""無評價""]",[]
日文二下,池田晶子,,3,114-2,30925,JpnL3048,,,,,"[""無評價""]",[]
日文三下,黃意婷,,3,114-2,37308,JpnL4030,5.0,4.5,2.0,4.0,"[""[User09911 | 109-2]: 第35課：授受的敬語表現\n第36課：尊敬語、特殊尊敬表現\n第37課：謙讓語、特殊謙讓表現\n第38課：內容說明表現\n第39課：使役表現\n第40課：使役被動表現、全書總複習\n其他指定範圍\n老師有額外印文法的講義，課本的練習會需要兩兩一組對話，有時候會有額外補充的內容（例如鮭魚之亂的時候老師就放了日本介紹鮭魚之亂的節目影片XD）\n\n因為第40課是總複習，老師在教完課本之後還會教額外的講義內容，也會列入期末考範圍～～\n\n日文三的口語活動是分組給影片配音，老師有挑幾組放給大家看，非常歡樂～\n\n開始遠距教學之後經過幾個禮拜的嘗試，最後是用Discord搭配NTU COOL上課，一樣會分組對話練習。\n來學日本語初級2（尚昂出版）、講義、投影片、教師自選教材\n小考通常都是考單字翻譯加上文法的選擇或配合題，\n\n期中考的題型和其他老師的應該都沒有差很多，給分也不會刁難，翻譯題如果有練習講義的題目都不難拿分。\n\n遠距的期末考是用NTU COOL線上測驗，題型是聽力、助詞、文意選填為單選題，改錯題與翻譯題為填空題，會用到日文輸入法。聽力是要在很短的時間內自己去點音檔來聽，其他部分開書考但時間不長，還是建議要先好好複習完XD\n小考、作業與上課表現 40%\n期中考 25%\n期末考 25%\n口語發表 10%\n加簽是純抽籤（必須修過日文三上），不過日文三下比較好抽，有毅力幾乎都排得到。\n\n好像也不需要多說什麼，總之Eating先生的課是一來就會愛上的那種！！""]","[{""User_ID"": ""User09911"", ""Semester"": ""109-2"", ""Rating_Quality"": null, ""Rating_Sweet"": null, ""Rating_Easy"": null, ""Rating_Rich"": null, ""Comment"": ""第35課：授受的敬語表現\n第36課：尊敬語、特殊尊敬表現\n第37課：謙讓語、特殊謙讓表現\n第38課：內容說明表現\n第39課：使役表現\n第40課：使役被動表現、全書總複習\n其他指定範圍\n老師有額外印文法的講義，課本的練習會需要兩兩一組對話，有時候會有額外補充的內容（例如鮭魚之亂的時候老師就放了日本介紹鮭魚之亂的節目影片XD）\n\n因為第40課是總複習，老師在教完課本之後還會教額外的講義內容，也會列入期末考範圍～～\n\n日文三的口語活動是分組給影片配音，老師有挑幾組放給大家看，非常歡樂～\n\n開始遠距教學之後經過幾個禮拜的嘗試，最後是用Discord搭配NTU COOL上課，一樣會分組對話練習。\n來學日本語初級2（尚昂出版）、講義、投影片、教師自選教材\n小考通常都是考單字翻譯加上文法的選擇或配合題，\n\n期中考的題型和其他老師的應該都沒有差很多，給分也不會刁難，翻譯題如果有練習講義的題目都不難拿分。\n\n遠距的期末考是用NTU COOL線上測驗，題型是聽力、助詞、文意選填為單選題，改錯題與翻譯題為填空題，會用到日文輸入法。聽力是要在很短的時間內自己去點音檔來聽，其他部分開書考但時間不長，還是建議要先好好複習完XD\n小考、作業與上課表現 40%\n期中考 25%\n期末考 25%\n口語發表 10%\n加簽是純抽籤（必須修過日文三上），不過日文三下比較好抽，有毅力幾乎都排得到。\n\n好像也不需要多說什麼，總之Eating先生的課是一來就會愛上的那種！！""}]"
日文三下,守時愛里,,3,114-2,18095,JpnL4030,,,,,"[""無評價""]",[]
微生物學,林乃君,生物科技與食品營養學士學位學程、生命科學院,3,114-2,53936,CBA5051,,,,,"[""無評價""]",[]
田園生活體驗一,林淑怡,,1,114-2,40981,Agron1013,,,,,"[""[PTT | 105-2]: 轉載自 PTT 作者 ID: JDholder (FSINSASKHE)\n哪一學年度修課： 105-2\n\nψ 授課教師 (若為多人合授請寫開課教師，以方便收錄)\n林淑怡 鍾秀媚\n\nλ 開課系所與授課對象 (是否為必修或通識課 / 內容是否與某些背景相關)\n\n限非生農學院學生選修\n\nδ 課程大概內容\n1. 蔬菜認識與分類\n2. 蔬菜生產技術：播種、育苗、整地、施肥、移植、及其他管理作業與採收\n3. 家庭蔬菜栽培\n4. 土壤與栽培介質、蔬菜養分需求\n5. 野菜認識與蔬菜採收品嚐\n\nΩ 私心推薦指數(以五分計) ★★★★★\n\n個人覺得輕鬆修課 ★★★★★\n\nη 上課用書(影印講義或是指定教科書)\n\n沒什麼用書，只有同學報告時候準備的講義\n\nμ 上課方式(投影片、團體討論、老師教學風格)\n\n在園藝分場（芳蘭路）上課，先報告＆講解，再下田。\n每兩個禮拜上一次課，學期初會讓大家選擇要報告的蔬菜，然後學期間一週一組\n報告，不過是個人報告。 之後就是老師講解當週要做什麼，前幾次上課大概就\n是整地、播種、施肥，到後半學期作物長的差不多，就會有一次小收成，助教有\n準備吐司、一些罐頭和沙拉，配從田裡拔出來的萵苣吃。最後一次上課算是總收\n成和成果展示吧，我們要用種好的作物煮出幾道菜，當然不夠的食材可以自己再\n買，不過一個人好像只補助三十還五十。也可以問老師園藝分場有沒有其他作物\n可以提供。總之，就是在上課時間內煮出一桌菜，再讓同學們、助教、老師評\n分。老師好像看大家都很用心煮，給的分數都很不錯。\n\nσ 評分方式(給分甜嗎？是紮實分？)\n\n算有點甜吧？ 下面這些評比都有達到就蠻ok的\n\n期末書面報告 25％\n期中各論口頭報告 20％\n栽培成果 20％\n出席率 15％\n參與度 20％\n\nρ 考題型式、作業方式\n\n就只有一分口頭報告和期末書面報告。\n對了，這門課的參與度主要是指在上課時間外，到農場澆水、除草。會有一個留\n言簿，去的時候可以寫一些紀錄自己做了什麼、作物長得怎樣之類的。所以住男\n宿其實蠻方便的，沒事就走過去澆個水除個草，其實還蠻抒壓的。\n\n\nω 其它(是否注重出席率？如果為外系選修，需先有什麼基礎較好嗎？老師個性？\n加簽習慣？嚴禁遲到等…)\n\n兩週上一次課，所以出席率應該要把握個。\n那時候加簽好像快30人抽3吧，我應該是人品爆發才抽中ㄉ。\n\nΨ 總結\n\n如果平常有種東西的興趣，我覺得這是門不錯的課，可以看著作物從種子到開花\n結果，順便還可以知道怎麼料理XD。喔對了，在後半學期，田都種得差不多的時\n候，老師會帶我們導覽一下園藝分場，還有做一隻草頭寶寶。\n總的來說，其實課程蠻豐富的。\n\n--\n\n原文網址: https://www.ptt.cc/bbs/NTUcourse/M.1516632031.A.3F7.html""]","[{""User_ID"": ""PTT"", ""Semester"": ""105-2"", ""Rating_Quality"": null, ""Rating_Sweet"": null, ""Rating_Easy"": null, ""Rating_Rich"": null, ""Comment"": ""轉載自 PTT 作者 ID: JDholder (FSINSASKHE)\n哪一學年度修課： 105-2\n\nψ 授課教師 (若為多人合授請寫開課教師，以方便收錄)\n林淑怡 鍾秀媚\n\nλ 開課系所與授課對象 (是否為必修或通識課 / 內容是否與某些背景相關)\n\n限非生農學院學生選修\n\nδ 課程大概內容\n1. 蔬菜認識與分類\n2. 蔬菜生產技術：播種、育苗、整地、施肥、移植、及其他管理作業與採收\n3. 家庭蔬菜栽培\n4. 土壤與栽培介質、蔬菜養分需求\n5. 野菜認識與蔬菜採收品嚐\n\nΩ 私心推薦指數(以五分計) ★★★★★\n\n個人覺得輕鬆修課 ★★★★★\n\nη 上課用書(影印講義或是指定教科書)\n\n沒什麼用書，只有同學報告時候準備的講義\n\nμ 上課方式(投影片、團體討論、老師教學風格)\n\n在園藝分場（芳蘭路）上課，先報告＆講解，再下田。\n每兩個禮拜上一次課，學期初會讓大家選擇要報告的蔬菜，然後學期間一週一組\n報告，不過是個人報告。 之後就是老師講解當週要做什麼，前幾次上課大概就\n是整地、播種、施肥，到後半學期作物長的差不多，就會有一次小收成，助教有\n準備吐司、一些罐頭和沙拉，配從田裡拔出來的萵苣吃。最後一次上課算是總收\n成和成果展示吧，我們要用種好的作物煮出幾道菜，當然不夠的食材可以自己再\n買，不過一個人好像只補助三十還五十。也可以問老師園藝分場有沒有其他作物\n可以提供。總之，就是在上課時間內煮出一桌菜，再讓同學們、助教、老師評\n分。老師好像看大家都很用心煮，給的分數都很不錯。\n\nσ 評分方式(給分甜嗎？是紮實分？)\n\n算有點甜吧？ 下面這些評比都有達到就蠻ok的\n\n期末書面報告 25％\n期中各論口頭報告 20％\n栽培成果 20％\n出席率 15％\n參與度 20％\n\nρ 考題型式、作業方式\n\n就只有一分口頭報告和期末書面報告。\n對了，這門課的參與度主要是指在上課時間外，到農場澆水、除草。會有一個留\n言簿，去的時候可以寫一些紀錄自己做了什麼、作物長得怎樣之類的。所以住男\n宿其實蠻方便的，沒事就走過去澆個水除個草，其實還蠻抒壓的。\n\n\nω 其它(是否注重出席率？如果為外系選修，需先有什麼基礎較好嗎？老師個性？\n加簽習慣？嚴禁遲到等…)\n\n兩週上一次課，所以出席率應該要把握個。\n那時候加簽好像快30人抽3吧，我應該是人品爆發才抽中ㄉ。\n\nΨ 總結\n\n如果平常有種東西的興趣，我覺得這是門不錯的課，可以看著作物從種子到開花\n結果，順便還可以知道怎麼料理XD。喔對了，在後半學期，田都種得差不多的時\n候，老師會帶我們導覽一下園藝分場，還有做一隻草頭寶寶。\n總的來說，其實課程蠻豐富的。\n\n--\n\n原文網址: https://www.ptt.cc/bbs/NTUcourse/M.1516632031.A.3F7.html""}]"
田園生活體驗一,莊汶博,,1,114-2,46255,Agron1013,,,,,"[""無評價""]",[]
田園生活體驗二,林雅芬,,1,114-2,31256,Agron1014,5.0,5.0,,1.0,"[""[User71150 | 110-1]: 老師上課會介紹一些植物的種植用途，然後實際體驗可以拿那些作物做些什麼\n今年具體來說做了茶樹精油乾洗手、精油手工皂、米飯品嘗、植物染小吊飾、精油香膏\n聽說往年會做比較多吃的，但疫情影響取消了\n課程資訊說的開農機其實只是讓你坐上去發動然後前進後退體驗一下\n\n另外整個學期每個人會分到一塊田地可以種你想種的東西（期初會發菜苗，但也可以自己帶）\n平常最好自己去隔幾天去澆水（主要是撐過前期，後來就不太會死了），學期末採收可以帶走\n\n大部分的時候可以提早下課\n田間實習操作：40％\n共八堂課，一堂課到課12.5分，請假請透過台大請假系統，獲准假後才算請假成功；事假請事先提出申請，病假須提出證明。上課集合時間：14:30，遲到10分鐘以內，扣3分；遲到超過10分鐘，扣6分。\n\n田間管理：10％\n每個人分到的那塊田\n\n期末考：10%\n倒數第二堂課每個人去摘一種植物，期末考就是辨認它們（配合題）\n\n分組現地導覽：20%\n每人５分鐘的口頭報告，從指定數種作物中挑兩種介紹\n表面上有分組，但其實同組只是同一天報告類似的作物，準備、報告和評分都是個人的\n\n分組書面報告：10%\n把現地導覽的稿子和資料來源跟組員的貼在一起就可以了\n\n個人期末心得報告：10%\n其實就是課程回饋，問你對哪個部分最有印象、有什麼課程建議之類\n是一門很可愛的課！\n上課內容很輕鬆，像是每兩週去休閒農場體驗一樣\n有好吃的好玩的還可以把做的東西帶回家\n老師人很好\n但是每次上課都要簽到，出席率算很重\n不建議想翹課或想要學很多東西的人來修\n跟現代農業體驗二是一樣的課，只是課名和授課對象不同""]","[{""User_ID"": ""User71150"", ""Semester"": ""110-1"", ""Rating_Quality"": null, ""Rating_Sweet"": null, ""Rating_Easy"": null, ""Rating_Rich"": null, ""Comment"": ""老師上課會介紹一些植物的種植用途，然後實際體驗可以拿那些作物做些什麼\n今年具體來說做了茶樹精油乾洗手、精油手工皂、米飯品嘗、植物染小吊飾、精油香膏\n聽說往年會做比較多吃的，但疫情影響取消了\n課程資訊說的開農機其實只是讓你坐上去發動然後前進後退體驗一下\n\n另外整個學期每個人會分到一塊田地可以種你想種的東西（期初會發菜苗，但也可以自己帶）\n平常最好自己去隔幾天去澆水（主要是撐過前期，後來就不太會死了），學期末採收可以帶走\n\n大部分的時候可以提早下課\n田間實習操作：40％\n共八堂課，一堂課到課12.5分，請假請透過台大請假系統，獲准假後才算請假成功；事假請事先提出申請，病假須提出證明。上課集合時間：14:30，遲到10分鐘以內，扣3分；遲到超過10分鐘，扣6分。\n\n田間管理：10％\n每個人分到的那塊田\n\n期末考：10%\n倒數第二堂課每個人去摘一種植物，期末考就是辨認它們（配合題）\n\n分組現地導覽：20%\n每人５分鐘的口頭報告，從指定數種作物中挑兩種介紹\n表面上有分組，但其實同組只是同一天報告類似的作物，準備、報告和評分都是個人的\n\n分組書面報告：10%\n把現地導覽的稿子和資料來源跟組員的貼在一起就可以了\n\n個人期末心得報告：10%\n其實就是課程回饋，問你對哪個部分最有印象、有什麼課程建議之類\n是一門很可愛的課！\n上課內容很輕鬆，像是每兩週去休閒農場體驗一樣\n有好吃的好玩的還可以把做的東西帶回家\n老師人很好\n但是每次上課都要簽到，出席率算很重\n不建議想翹課或想要學很多東西的人來修\n跟現代農業體驗二是一樣的課，只是課名和授課對象不同""}]"
田園生活體驗二,賴喜美,,1,114-2,21839,Agron1014,,,,,"[""無評價""]",[]
田園生活體驗二,廖國基,,1,114-2,59496,Agron1014,,,,,"[""無評價""]",[]
田園生活體驗二,蔡明哲,,1,114-2,49500,Agron1014,,,,,"[""[PTT | 107-2]: 轉載自 PTT 作者 ID: wwwh0225 (SeaWave)\n哪一學年度修課：\n107-2\nψ 授課教師 (若為多人合授請寫開課教師，以方便收錄)\n蔡明哲 （雖然他好像都沒有出現過）\nλ 開課系所與授課對象 (是否為必修或通識課 / 內容是否與某些背景相關)\n\n森林系\n\nδ 課程大概內容\n就是可以出校總區的課啦～雖然到了南投還是校內教學就是\n這門課爽度其實好比森多概，或甚至有過之而無不及，不過缺點就是只有一學分\n\n課程大概進行如下\n\nㄧ、溪頭自然教育園區\n林木調查、疏伐實務體驗、森林生態效益\n\n親自進入森林內披荊斬棘，並砍下一棵大樹（也就是疏伐），並可以鋸一段木頭\n帶回家留念，同時整理林木數據，進行蓄積量的回歸統計和樹高估計\n\n二、鳳凰自然教育園區\n茶的栽培(嫁接)、品茶體驗、茶文化 、茶花品系、除草修枝 精油製作解說\n\n在這裡有做手工肥皂，還有喝台大自己種的茶，相當有趣\n\n三、水里教育中心\n木材檢尺、乾燥、木材加工、竹材加工、木工DIY、參觀實習工廠、木雕館\n\n在這裡會自己做一個小板凳帶回家，而參觀車床時，賴神師傅還直接搞\n了三隻棒球棒、一隻桿麵棍送大家，師傅的技藝真的相當驚人\n\n四、和社自然教育園區\n整地、造床、播種/移植與施肥(容器育苗)、林木病蟲害、攀樹實習\n\n在這裡最好玩的就是攀樹，是用繩索機關來做攀爬，最高的話應該有\n爬超過三、四層樓高吧。然後這邊會有兩家鹹酥雞，以及便利商店、\n雜貨店，給予晚上酒水良好供給\n\n這次的野外實習時間是：2019/6/21~6/26\n第一天(6/21)是期末考週星期五晚上六點發車前往溪頭\n\n在事前有繳交保證金一千元，沒來就拿不回來，之後的總費用為四千元\n\n\nΩ 私心推薦指數(以五分計) ★★★★★\n★★★★★★★★★★★★★★★★★★★★★★★★★\nη 上課用書(影印講義或是指定教科書)\n沒有這種東西\nμ 上課方式(投影片、團體討論、老師教學風格)\n在學期間會有一個週末要去學校上課前課，雖然去野外時會再跟\n大家說要如何操作，但提早有個觀念是不錯的啦，授課老師皆是\n台大實驗林的大學長姐們，在出野外時也會與他們再相遇\n\nσ 評分方式(給分甜嗎？是紮實分？)\n有認真參與就甜，真的甜，但你中間無故翹課就直接當掉（但這次因為沒\n有特別宣導，所以助教說從寬，但應該成績會有很大的影響）\n\n\nρ 考題型式、作業方式\n每天晚上寫一面A4的心得，就寫自己學到什麼、體驗了什麼即可\n會有時間給大家寫\n\nω 其它(是否注重出席率？如果為外系選修，需先有什麼基礎較好嗎？老師個性？\n加簽習慣？嚴禁遲到等…)\n這個是屬於體驗課程不需要基礎，也是「現代農業體驗」和「田園生活體驗」\n一起上課。開學在網路上有線上表單加簽，第一週好像也有課程說明會，\n我是在批踢踢上看到，然後就抽中的，爽\n\n\n\nΨ 總結\n\n這門課真的蠻推，不只可以交到很多外系的朋友，最後成績也不錯，同時也能\n了解到森林系到底平常都在做什麼，在期末爆炸後，出外踏青、吸收芬多精完\n全是人生一大享受（而這門課在期末後，故也不用像森多概一樣請假）。最後，\n我們在那幾天瘋狂玩狼人殺，大家的心機都好深啊啊啊啊\n\n助教跟同學們都很棒棒，推推\n\n\n\n\n\n\n--\n\n原文網址: https://www.ptt.cc/bbs/NTUcourse/M.1561822805.A.E1D.html""]","[{""User_ID"": ""PTT"", ""Semester"": ""107-2"", ""Rating_Quality"": null, ""Rating_Sweet"": null, ""Rating_Easy"": null, ""Rating_Rich"": null, ""Comment"": ""轉載自 PTT 作者 ID: wwwh0225 (SeaWave)\n哪一學年度修課：\n107-2\nψ 授課教師 (若為多人合授請寫開課教師，以方便收錄)\n蔡明哲 （雖然他好像都沒有出現過）\nλ 開課系所與授課對象 (是否為必修或通識課 / 內容是否與某些背景相關)\n\n森林系\n\nδ 課程大概內容\n就是可以出校總區的課啦～雖然到了南投還是校內教學就是\n這門課爽度其實好比森多概，或甚至有過之而無不及，不過缺點就是只有一學分\n\n課程大概進行如下\n\nㄧ、溪頭自然教育園區\n林木調查、疏伐實務體驗、森林生態效益\n\n親自進入森林內披荊斬棘，並砍下一棵大樹（也就是疏伐），並可以鋸一段木頭\n帶回家留念，同時整理林木數據，進行蓄積量的回歸統計和樹高估計\n\n二、鳳凰自然教育園區\n茶的栽培(嫁接)、品茶體驗、茶文化 、茶花品系、除草修枝 精油製作解說\n\n在這裡有做手工肥皂，還有喝台大自己種的茶，相當有趣\n\n三、水里教育中心\n木材檢尺、乾燥、木材加工、竹材加工、木工DIY、參觀實習工廠、木雕館\n\n在這裡會自己做一個小板凳帶回家，而參觀車床時，賴神師傅還直接搞\n了三隻棒球棒、一隻桿麵棍送大家，師傅的技藝真的相當驚人\n\n四、和社自然教育園區\n整地、造床、播種/移植與施肥(容器育苗)、林木病蟲害、攀樹實習\n\n在這裡最好玩的就是攀樹，是用繩索機關來做攀爬，最高的話應該有\n爬超過三、四層樓高吧。然後這邊會有兩家鹹酥雞，以及便利商店、\n雜貨店，給予晚上酒水良好供給\n\n這次的野外實習時間是：2019/6/21~6/26\n第一天(6/21)是期末考週星期五晚上六點發車前往溪頭\n\n在事前有繳交保證金一千元，沒來就拿不回來，之後的總費用為四千元\n\n\nΩ 私心推薦指數(以五分計) ★★★★★\n★★★★★★★★★★★★★★★★★★★★★★★★★\nη 上課用書(影印講義或是指定教科書)\n沒有這種東西\nμ 上課方式(投影片、團體討論、老師教學風格)\n在學期間會有一個週末要去學校上課前課，雖然去野外時會再跟\n大家說要如何操作，但提早有個觀念是不錯的啦，授課老師皆是\n台大實驗林的大學長姐們，在出野外時也會與他們再相遇\n\nσ 評分方式(給分甜嗎？是紮實分？)\n有認真參與就甜，真的甜，但你中間無故翹課就直接當掉（但這次因為沒\n有特別宣導，所以助教說從寬，但應該成績會有很大的影響）\n\n\nρ 考題型式、作業方式\n每天晚上寫一面A4的心得，就寫自己學到什麼、體驗了什麼即可\n會有時間給大家寫\n\nω 其它(是否注重出席率？如果為外系選修，需先有什麼基礎較好嗎？老師個性？\n加簽習慣？嚴禁遲到等…)\n這個是屬於體驗課程不需要基礎，也是「現代農業體驗」和「田園生活體驗」\n一起上課。開學在網路上有線上表單加簽，第一週好像也有課程說明會，\n我是在批踢踢上看到，然後就抽中的，爽\n\n\n\nΨ 總結\n\n這門課真的蠻推，不只可以交到很多外系的朋友，最後成績也不錯，同時也能\n了解到森林系到底平常都在做什麼，在期末爆炸後，出外踏青、吸收芬多精完\n全是人生一大享受（而這門課在期末後，故也不用像森多概一樣請假）。最後，\n我們在那幾天瘋狂玩狼人殺，大家的心機都好深啊啊啊啊\n\n助教跟同學們都很棒棒，推推\n\n\n\n\n\n\n--\n\n原文網址: https://www.ptt.cc/bbs/NTUcourse/M.1561822805.A.E1D.html""}]"
體適能(一),蔡秀華,,1,114-2,,,,,,,"[""無評價""]",[]
適應體育(生理班),黃英哲,,1,114-2,97003,PE1007,,,,,"[""無評價""]",[]
土風舞,魏豐閔,,1,114-2,97005,PE2025,5.0,5.0,3.0,3.0,"[""[User75188 | 109-2]: 第1週 課程簡介與討論、農夫之妻1\n第2週 和平紀念日遇假日補假\n第3週 木鞋舞2、拉丁美洲之夜3、花之舞4\n第4週 小馬群5、珠曼阿鐵克6及複習\n第5週 栗樹舞7、手足情深8及複習(3/27校園馬拉松)\n第6週 快樂水手9、阿露娜10及華爾滋基本舞步\n第7週 民族掃墓節遇例假日補假\n第8週 歡樂舞11、巴尼魯12及複習\n第9週 塔塔魯其卡13、販子舞14及複習(期中考週)\n第10週 鞋匠舞15、蝴蝶舞16及複習\n第11週 七步舞17、水舞18及複習\n第12週 田納西華爾滋19與複習\n第13週 農民舞20與複習\n第14週 維州之音21與複習\n第15週 期末土風舞展演(自評)\n第16週 期末技能測驗(他評)\n老師會一一示範舞蹈動作，會有分解動作+口訣幫助學習，學完舞步再加上音樂一起跳\n無\n自評：因為疫情沒有舉辦，播音樂，會的人就跳，最後自評\n他評：因為疫情沒有舉辦，老師指定曲目，輪流上去考試\n作業：心得一份，這學期的心得、學到的東西\n土風舞專題一份，研究一個台灣原住民舞蹈，分析其動作\n加分：參加校園馬拉松，出示參賽的證明或照片，並且繳交心得\n出席率：30%\n15周自評：10%\n16周測驗：30%\n作業：30%\n加分：5%\n涼度3分是因為有出席分30%，上課是很輕鬆的\n老師人非常好，很親切，有點可愛又好笑的大叔，常常提早上完會提早下課，就算我們把舞步忘光光也不會生氣。\n室內體育課不怕颳風下雨，還可以吹冷氣，不需要體能或舞蹈基礎，基本上除了幾首歌以外都很輕鬆。\n土風舞非常有趣也可以認識新朋友，但是如果你非常排斥肢體接觸就不推薦，因為上課會需要換舞伴、牽手跳舞。""]","[{""User_ID"": ""User75188"", ""Semester"": ""109-2"", ""Rating_Quality"": null, ""Rating_Sweet"": null, ""Rating_Easy"": null, ""Rating_Rich"": null, ""Comment"": ""第1週 課程簡介與討論、農夫之妻1\n第2週 和平紀念日遇假日補假\n第3週 木鞋舞2、拉丁美洲之夜3、花之舞4\n第4週 小馬群5、珠曼阿鐵克6及複習\n第5週 栗樹舞7、手足情深8及複習(3/27校園馬拉松)\n第6週 快樂水手9、阿露娜10及華爾滋基本舞步\n第7週 民族掃墓節遇例假日補假\n第8週 歡樂舞11、巴尼魯12及複習\n第9週 塔塔魯其卡13、販子舞14及複習(期中考週)\n第10週 鞋匠舞15、蝴蝶舞16及複習\n第11週 七步舞17、水舞18及複習\n第12週 田納西華爾滋19與複習\n第13週 農民舞20與複習\n第14週 維州之音21與複習\n第15週 期末土風舞展演(自評)\n第16週 期末技能測驗(他評)\n老師會一一示範舞蹈動作，會有分解動作+口訣幫助學習，學完舞步再加上音樂一起跳\n無\n自評：因為疫情沒有舉辦，播音樂，會的人就跳，最後自評\n他評：因為疫情沒有舉辦，老師指定曲目，輪流上去考試\n作業：心得一份，這學期的心得、學到的東西\n土風舞專題一份，研究一個台灣原住民舞蹈，分析其動作\n加分：參加校園馬拉松，出示參賽的證明或照片，並且繳交心得\n出席率：30%\n15周自評：10%\n16周測驗：30%\n作業：30%\n加分：5%\n涼度3分是因為有出席分30%，上課是很輕鬆的\n老師人非常好，很親切，有點可愛又好笑的大叔，常常提早上完會提早下課，就算我們把舞步忘光光也不會生氣。\n室內體育課不怕颳風下雨，還可以吹冷氣，不需要體能或舞蹈基礎，基本上除了幾首歌以外都很輕鬆。\n土風舞非常有趣也可以認識新朋友，但是如果你非常排斥肢體接觸就不推薦，因為上課會需要換舞伴、牽手跳舞。""}]"
太極劍,游添燈,,1,114-2,97007,PE2034,2.8,3.5,4.5,2.8,"[""[User01004 | 111-1]: 楊氏太極劍\n老師＆助教動作示範\n老師示範＆yt上的影片\n報告是寫一個關於太極劍的心得（700字以上），期末就是考整套劍法，有兩次機會，然後也要拍影片\n紙本期末書面報告 10%\n出席 30%\n期末考 60%\n上課大致的流程就是前15分鐘先自己練之前教的動作（不能閒著，老師會看），再來老師教一點新動作，然後坐下聽老師閒聊，老師再教一點新動作，然後再坐下聽老師閒聊，就這樣反覆到下課。老實說我覺得上課大概有一半的時間在聽老師閒聊，剛學完的動作聽完閒聊就忘得差不多了，其實還蠻水的（但還是能學完整套劍法啦）所以上課是真的很涼，因為都沒作業也沒考試，但期末要考整套劍法而且還要拍影片，所以接近期末的時候就要趕快開始狂練動作（0.5的涼度扣在這裡）\n總而言之並不是一堂太推薦的體育課，因為真的又水又不甜（記得A+不到10%，A多一點）但如果跟我一樣只是不想曬太陽，那這堂體育課我覺得還是可以稍微參考一下""]","[{""User_ID"": ""User01004"", ""Semester"": ""111-1"", ""Rating_Quality"": null, ""Rating_Sweet"": null, ""Rating_Easy"": null, ""Rating_Rich"": null, ""Comment"": ""楊氏太極劍\n老師＆助教動作示範\n老師示範＆yt上的影片\n報告是寫一個關於太極劍的心得（700字以上），期末就是考整套劍法，有兩次機會，然後也要拍影片\n紙本期末書面報告 10%\n出席 30%\n期末考 60%\n上課大致的流程就是前15分鐘先自己練之前教的動作（不能閒著，老師會看），再來老師教一點新動作，然後坐下聽老師閒聊，老師再教一點新動作，然後再坐下聽老師閒聊，就這樣反覆到下課。老實說我覺得上課大概有一半的時間在聽老師閒聊，剛學完的動作聽完閒聊就忘得差不多了，其實還蠻水的（但還是能學完整套劍法啦）所以上課是真的很涼，因為都沒作業也沒考試，但期末要考整套劍法而且還要拍影片，所以接近期末的時候就要趕快開始狂練動作（0.5的涼度扣在這裡）\n總而言之並不是一堂太推薦的體育課，因為真的又水又不甜（記得A+不到10%，A多一點）但如果跟我一樣只是不想曬太陽，那這堂體育課我覺得還是可以稍微參考一下""}]"
太極拳初級,游添燈,,1,114-2,97008,PE2036,2.8,2.5,4.2,2.8,"[""[User28150 | 114-1]: 學會楊式太極拳的前半部分\n看老師的動作+聽老師講話+大家一起練習動作\n在NTUCOOL上有整套拳配樂的mp3與影片的mp4，可幫助學生課外複習。課本是《太極拳修煉的理體與方向》游添燈，不強制購買。\n無期中考，只有期末考試與期末報告，期末報告不是必繳的，但如果不繳只能拿到最高A的成績。\n期末考：45%\n出席：25%\n期中考：20%\n期末作業：10%\n作為一個留學生，太極拳不單單是體驗中華文化的一個好機會，還給我帶來維持健康的效果。雖然太極拳的動作看似慢悠悠的，但如果按照老師指導的樣子打拳，會發現其實它要求一定程度的肌肉量和體力。打完後不會打喘吁吁，但會感覺到全身發熱，像泡在溫泉裡一樣的舒服。很推薦天天讀書用腦的人，打太極拳會讓你放鬆，減輕心理壓力。\n老師為人善良，非常歡迎大家提問題，每當到考試期間就會叫大家不要勉強上課等等。""]","[{""User_ID"": ""User28150"", ""Semester"": ""114-1"", ""Rating_Quality"": null, ""Rating_Sweet"": null, ""Rating_Easy"": null, ""Rating_Rich"": null, ""Comment"": ""學會楊式太極拳的前半部分\n看老師的動作+聽老師講話+大家一起練習動作\n在NTUCOOL上有整套拳配樂的mp3與影片的mp4，可幫助學生課外複習。課本是《太極拳修煉的理體與方向》游添燈，不強制購買。\n無期中考，只有期末考試與期末報告，期末報告不是必繳的，但如果不繳只能拿到最高A的成績。\n期末考：45%\n出席：25%\n期中考：20%\n期末作業：10%\n作為一個留學生，太極拳不單單是體驗中華文化的一個好機會，還給我帶來維持健康的效果。雖然太極拳的動作看似慢悠悠的，但如果按照老師指導的樣子打拳，會發現其實它要求一定程度的肌肉量和體力。打完後不會打喘吁吁，但會感覺到全身發熱，像泡在溫泉裡一樣的舒服。很推薦天天讀書用腦的人，打太極拳會讓你放鬆，減輕心理壓力。\n老師為人善良，非常歡迎大家提問題，每當到考試期間就會叫大家不要勉強上課等等。""}]"
太極拳初級,施登堯,,1,114-2,97011,PE2036,,,,,"[""無評價""]",[]
太極拳中級,游添燈,,1,114-2,97013,PE2037,,,,,"[""無評價""]",[]
柔道初級,黃國恩,,1,114-2,97014,PE2041,4.5,4.7,1.3,1.5,"[""[User02544 | 112-1]: 本課程旨在向學生介紹柔道的基礎技巧和概念，以建立學生對這項運動的初步了解和興趣。課程內容涵蓋了一系列的基本動作和技巧，包括但不限於：\n\n護身倒法：學習如何在被投擲時正確地落地，以減少受傷的風險。\n龍蝦動作\n反龍蝦動作\n大外割：一種投擲技巧，目的是利用腳部動作使對手失去平衡並摔倒。\n掃腿：學習如何有效使用腿部動作來攻擊對手的下半身，使對方失去平衡\n課程採取實踐教學方式，由黃國恩老師和助教共同示範每一項技巧，之後讓學生在指導下進行實際操作。\n黃國恩老師的教學方式極為有效，通過詳細的示範和耐心的指導，使學生能夠基礎地了解並練習柔道。老師及助教人都不錯，遇到學得比較慢的，也會好好指導。\n\n即使是完全沒有柔道經驗的學生，也能在這門課程中學到護身倒法等自我防衛技能。老師的課程設計注重基礎，讓學生能夠在堅實的基礎上進一步探索和深入這項運動。\n\n總之，這是一門適合所有沒有基礎但是了解想要柔道基礎的學生的課程，無論是體育愛好者還是尋求提高自身防衛能力的人士，都能從中獲益。""]","[{""User_ID"": ""User02544"", ""Semester"": ""112-1"", ""Rating_Quality"": null, ""Rating_Sweet"": null, ""Rating_Easy"": null, ""Rating_Rich"": null, ""Comment"": ""本課程旨在向學生介紹柔道的基礎技巧和概念，以建立學生對這項運動的初步了解和興趣。課程內容涵蓋了一系列的基本動作和技巧，包括但不限於：\n\n護身倒法：學習如何在被投擲時正確地落地，以減少受傷的風險。\n龍蝦動作\n反龍蝦動作\n大外割：一種投擲技巧，目的是利用腳部動作使對手失去平衡並摔倒。\n掃腿：學習如何有效使用腿部動作來攻擊對手的下半身，使對方失去平衡\n課程採取實踐教學方式，由黃國恩老師和助教共同示範每一項技巧，之後讓學生在指導下進行實際操作。\n黃國恩老師的教學方式極為有效，通過詳細的示範和耐心的指導，使學生能夠基礎地了解並練習柔道。老師及助教人都不錯，遇到學得比較慢的，也會好好指導。\n\n即使是完全沒有柔道經驗的學生，也能在這門課程中學到護身倒法等自我防衛技能。老師的課程設計注重基礎，讓學生能夠在堅實的基礎上進一步探索和深入這項運動。\n\n總之，這是一門適合所有沒有基礎但是了解想要柔道基礎的學生的課程，無論是體育愛好者還是尋求提高自身防衛能力的人士，都能從中獲益。""}]"
柔道初級,蘇玫尹,,1,114-2,97017,PE2041,,,,,"[""[PTT | 105-2]: 轉載自 PTT 作者 ID: yankees9499 (噗希男孩)\n哪一學年度修課：105-2\n\nψ 授課教師 (若為多人合授請寫開課教師，以方便收錄)\n\n蘇玫尹\n\nλ 開課系所與授課對象 (是否為必修或通識課 / 內容是否與某些背景相關)\n\n無限制\n\nδ 課程大概內容\n\n柔道規則講解\n\n柔道比賽影片觀摩\n\n基本體能訓練\n\n護身倒法\n\n足技：大外割\n\n腰技：大腰\n\n壓制與掙脫\n\nΩ 私心推薦指數(以五分計) ★★★★★\n\n喜歡美麗溫柔有耐心的老師：5\n\n享受摔人和被摔的汗水淋漓暢快感：5\n\n想要交朋友：5\n\n討厭和人近距離肢體接觸：3\n\n討厭運動、體力不堪負荷：1\n\nη 上課用書(影印講義或是指定教科書)\n\n無\n\nμ 上課方式(投影片、團體討論、老師教學風格)\n\n1. 熱身、做操\n\n2. 基本體能練習 (隨機，看老師心情)\na. 前滾翻、後滾翻、側翻\nb. 龍蝦、反龍蝦\nc. 臂力加強訓練\n\n3. 護身倒法\n\n4. 技巧逐步講解、分組練習\n\n5. 收操\n\n\nσ 評分方式(給分甜嗎？是紮實分？)\n\n出席率 50%\n\n書面心得 10%\n\n期末測驗 40%\n\n原po 缺席一次，期末測驗零零落落，最後A+\n\nρ 考題型式、作業方式\n\n期末測驗包含綁柔道帶、護身倒法、壓制，以及大外割大腰二擇一\n\n與partner兩人一組，一起考試\n\n\nω 其它(是否注重出席率？如果為外系選修，需先有什麼基礎較好嗎？老師個性？\n加簽習慣？嚴禁遲到等…)\n\n帶著一顆快樂願意接受磨練的心......\n\nΨ 總結\n\n玫尹老師真的又漂亮又溫柔\n\n上課都戀愛一百次\n\n被他示範被他摔都覺得超幸福(也超俐落...\n\n老師能在短時間就記起全班的名字\n\n記得有次週末在溫州街吃飯遇到老師\n\n他還主動叫我名字和我打招呼\n\n這時又融化一次。\n\n進入正題\n\n老師講解和指導都超級有耐心\n\n上課會得到很多很多的鼓勵\n\n也很關心每個同學進步和學習的狀況\n\n有些基本訓練和技巧比較困難\n\n老師也不會強迫大家都非得完成\n\n總是告訴大家做自己能夠做的就好\n\n雖然很累會爆汗\n\n但心理上不會有任何壓力負擔。\n\n綜上所述，\n\n想要好好體驗使用身體\n\n感受撞擊的猛烈和翻騰的溫柔\n\n一定要試試這堂課\n\n你不一定會愛上柔道\n\n但一定會交到和你共患難一學期的朋友\n\n還有愛上台大最正的體育老師\n\n--\n\n原文網址: https://www.ptt.cc/bbs/NTUcourse/M.1499147433.A.2C6.html""]","[{""User_ID"": ""PTT"", ""Semester"": ""105-2"", ""Rating_Quality"": null, ""Rating_Sweet"": null, ""Rating_Easy"": null, ""Rating_Rich"": null, ""Comment"": ""轉載自 PTT 作者 ID: yankees9499 (噗希男孩)\n哪一學年度修課：105-2\n\nψ 授課教師 (若為多人合授請寫開課教師，以方便收錄)\n\n蘇玫尹\n\nλ 開課系所與授課對象 (是否為必修或通識課 / 內容是否與某些背景相關)\n\n無限制\n\nδ 課程大概內容\n\n柔道規則講解\n\n柔道比賽影片觀摩\n\n基本體能訓練\n\n護身倒法\n\n足技：大外割\n\n腰技：大腰\n\n壓制與掙脫\n\nΩ 私心推薦指數(以五分計) ★★★★★\n\n喜歡美麗溫柔有耐心的老師：5\n\n享受摔人和被摔的汗水淋漓暢快感：5\n\n想要交朋友：5\n\n討厭和人近距離肢體接觸：3\n\n討厭運動、體力不堪負荷：1\n\nη 上課用書(影印講義或是指定教科書)\n\n無\n\nμ 上課方式(投影片、團體討論、老師教學風格)\n\n1. 熱身、做操\n\n2. 基本體能練習 (隨機，看老師心情)\na. 前滾翻、後滾翻、側翻\nb. 龍蝦、反龍蝦\nc. 臂力加強訓練\n\n3. 護身倒法\n\n4. 技巧逐步講解、分組練習\n\n5. 收操\n\n\nσ 評分方式(給分甜嗎？是紮實分？)\n\n出席率 50%\n\n書面心得 10%\n\n期末測驗 40%\n\n原po 缺席一次，期末測驗零零落落，最後A+\n\nρ 考題型式、作業方式\n\n期末測驗包含綁柔道帶、護身倒法、壓制，以及大外割大腰二擇一\n\n與partner兩人一組，一起考試\n\n\nω 其它(是否注重出席率？如果為外系選修，需先有什麼基礎較好嗎？老師個性？\n加簽習慣？嚴禁遲到等…)\n\n帶著一顆快樂願意接受磨練的心......\n\nΨ 總結\n\n玫尹老師真的又漂亮又溫柔\n\n上課都戀愛一百次\n\n被他示範被他摔都覺得超幸福(也超俐落...\n\n老師能在短時間就記起全班的名字\n\n記得有次週末在溫州街吃飯遇到老師\n\n他還主動叫我名字和我打招呼\n\n這時又融化一次。\n\n進入正題\n\n老師講解和指導都超級有耐心\n\n上課會得到很多很多的鼓勵\n\n也很關心每個同學進步和學習的狀況\n\n有些基本訓練和技巧比較困難\n\n老師也不會強迫大家都非得完成\n\n總是告訴大家做自己能夠做的就好\n\n雖然很累會爆汗\n\n但心理上不會有任何壓力負擔。\n\n綜上所述，\n\n想要好好體驗使用身體\n\n感受撞擊的猛烈和翻騰的溫柔\n\n一定要試試這堂課\n\n你不一定會愛上柔道\n\n但一定會交到和你共患難一學期的朋友\n\n還有愛上台大最正的體育老師\n\n--\n\n原文網址: https://www.ptt.cc/bbs/NTUcourse/M.1499147433.A.2C6.html""}]"
手球中級,黃欽永,,1,114-2,97019,PE5002,,,,,"[""[PTT | 107-2]: 轉載自 PTT 作者 ID: tryptochan (= =)\n哪一學年度修課：107-2\n\nψ 授課教師 (若為多人合授請寫開課教師，以方便收錄)\n黃欽永 教授\nλ 開課系所與授課對象 (是否為必修或通識課 / 內容是否與某些背景相關)\n專項體育(大家的必修課)，無基礎可！\nδ 課程大概內容\n當今國際手球競賽都在室內舉行，手球技術的表現會因在室內或戶外而有很大\n的差異，也因此演繹出不同的基本技術，在室內比賽所使用的技術更能激起觀\n眾的熱情與讚賞。但由於本校體育課程使用室內場地有其條件限制，「手球初\n級」無法使用室內場地上課，為了讓同學體驗在室內從事手球運動，故開設「\n手球中級」。\n本課程仍針對初學者設計，都由基本技術入門，所以無須具備手球初級能力。\n當然會稍微有別於在戶外上課的「手球初級」課程，主要差異為室內的地板動\n作，如射門後的保護滑行動作。本學期課程內容如下：\n1.手球的輔助遊戲\n2.個人技術：晉階傳接球技術、定位射門、假動作、射門保護動作、\n個人防守技術。\n3.小組技術：小組攻擊、小組快攻、陣地攻防。\n4. 比賽：參加新生盃手球賽。\n(本課程必須參加新生盃手球賽，參賽時間即為上課時間，預賽大多在週一\n～週五的12:20到13:10，決賽在週一或週三晚上1730～2000)\n\n(以上複製自課程網頁 https://0rz.tw/sjCyI )\n\nΩ 私心推薦指數(以五分計)\n★★★★★\nη 上課用書(影印講義或是指定教科書)\n無(應該啦#\nμ 上課方式(投影片、團體討論、老師教學風格)\n每堂課暖身完會開始兩兩練習丟球(?)，\n接著可能會教新動作，然後分球門練習射門、閃切、滑行等不同動作，\n最後會分組比賽，組別基本上是學期初分好的。\n其他組就在旁觀賽(也是可以做自己的事啦)。\n老師人很好，講解也很細心，而且會有手球隊的助教進行示範和協助教學。\n\nσ 評分方式(給分甜嗎？是紮實分？)\n1.專項體能(10%)：\n長距離擲準（距離：男生19公尺、女生15公尺，10球）\n2.基本技術(30%)：\n定位射門（左翼、右翼射門；中間假動作射門+滑行）\n3.綜合技術(30%)：\n參加臺大盃手球賽(完成預賽80分，完成複賽90分，四強95分，金牌100分)\n4.學習與實踐(30%)：\n全勤未遲到且上課認真並遵守服儀等規定者，給基本分---總分27分。\n加分：技術顯著進步、擔任組長、參加全校運動會加1-3分。\n扣分：遲到、請假或未遵守上課規定者自基本分總分27分開始扣分。\n遲到、上課或服儀未依照規定者，一次扣總分1分計。\n公假每1小時扣總分1分計。最多計至4小時，超出部分以請假計算。\n請假(事假、病假....等)合計4小時內，每1小時扣總分2分計。\n請假合計超過4小時部分，每1小時扣總分5分計。\n(以上複製自課程網頁)\n\n雖然上面落落長好像很嚇人(?)，但基本上是很好拿分的，\n遲到不要太久基本上老師都會通融，考試也不會太刁難，\n所以不用太擔心(?)\n最後A+有27.87%\n\nρ 考題型式、作業方式\n基本上除了新生盃(視比賽勝負決定比的場數XD)\n跟1次期末考(上面評分的1和2)外，\n只有一次50~200字(超佛心字數w)的比賽影片觀看心得，\n而且學期初就公布，期末才收，基本上完全無壓力。\nω 其它(是否注重出席率？如果為外系選修，需先有什麼基礎較好嗎？老師個性？\n加簽習慣？嚴禁遲到等…)\n基本上手球是類似用手丟的足球的運動，\n因此有打籃球(丟球?)習慣的人應該會比較吃香(反正我是沒有啦#\n還有就是協調性好的話學各項動作也會比較快(廢話\n不過沒基礎基本上也能玩得蠻開心的啦\n另外個人認為滑行很好玩 推薦大家來體驗XDDD\n\n加簽的部分因為第一周會分隊，所以一定要出席，\n人數基本上是女生比較有機會簽(要組滿2隊)，\n男生則是看老師當下決定分成幾隊(我們這學期好像是分了6隊)決定簽的人數。\nΨ 總結\n雖然當初是抱持著不要修主流運動(O)的心情來修的，\n但真心好玩，推推\n\n--\n\n原文網址: https://www.ptt.cc/bbs/NTUcourse/M.1598160804.A.98C.html""]","[{""User_ID"": ""PTT"", ""Semester"": ""107-2"", ""Rating_Quality"": null, ""Rating_Sweet"": null, ""Rating_Easy"": null, ""Rating_Rich"": null, ""Comment"": ""轉載自 PTT 作者 ID: tryptochan (= =)\n哪一學年度修課：107-2\n\nψ 授課教師 (若為多人合授請寫開課教師，以方便收錄)\n黃欽永 教授\nλ 開課系所與授課對象 (是否為必修或通識課 / 內容是否與某些背景相關)\n專項體育(大家的必修課)，無基礎可！\nδ 課程大概內容\n當今國際手球競賽都在室內舉行，手球技術的表現會因在室內或戶外而有很大\n的差異，也因此演繹出不同的基本技術，在室內比賽所使用的技術更能激起觀\n眾的熱情與讚賞。但由於本校體育課程使用室內場地有其條件限制，「手球初\n級」無法使用室內場地上課，為了讓同學體驗在室內從事手球運動，故開設「\n手球中級」。\n本課程仍針對初學者設計，都由基本技術入門，所以無須具備手球初級能力。\n當然會稍微有別於在戶外上課的「手球初級」課程，主要差異為室內的地板動\n作，如射門後的保護滑行動作。本學期課程內容如下：\n1.手球的輔助遊戲\n2.個人技術：晉階傳接球技術、定位射門、假動作、射門保護動作、\n個人防守技術。\n3.小組技術：小組攻擊、小組快攻、陣地攻防。\n4. 比賽：參加新生盃手球賽。\n(本課程必須參加新生盃手球賽，參賽時間即為上課時間，預賽大多在週一\n～週五的12:20到13:10，決賽在週一或週三晚上1730～2000)\n\n(以上複製自課程網頁 https://0rz.tw/sjCyI )\n\nΩ 私心推薦指數(以五分計)\n★★★★★\nη 上課用書(影印講義或是指定教科書)\n無(應該啦#\nμ 上課方式(投影片、團體討論、老師教學風格)\n每堂課暖身完會開始兩兩練習丟球(?)，\n接著可能會教新動作，然後分球門練習射門、閃切、滑行等不同動作，\n最後會分組比賽，組別基本上是學期初分好的。\n其他組就在旁觀賽(也是可以做自己的事啦)。\n老師人很好，講解也很細心，而且會有手球隊的助教進行示範和協助教學。\n\nσ 評分方式(給分甜嗎？是紮實分？)\n1.專項體能(10%)：\n長距離擲準（距離：男生19公尺、女生15公尺，10球）\n2.基本技術(30%)：\n定位射門（左翼、右翼射門；中間假動作射門+滑行）\n3.綜合技術(30%)：\n參加臺大盃手球賽(完成預賽80分，完成複賽90分，四強95分，金牌100分)\n4.學習與實踐(30%)：\n全勤未遲到且上課認真並遵守服儀等規定者，給基本分---總分27分。\n加分：技術顯著進步、擔任組長、參加全校運動會加1-3分。\n扣分：遲到、請假或未遵守上課規定者自基本分總分27分開始扣分。\n遲到、上課或服儀未依照規定者，一次扣總分1分計。\n公假每1小時扣總分1分計。最多計至4小時，超出部分以請假計算。\n請假(事假、病假....等)合計4小時內，每1小時扣總分2分計。\n請假合計超過4小時部分，每1小時扣總分5分計。\n(以上複製自課程網頁)\n\n雖然上面落落長好像很嚇人(?)，但基本上是很好拿分的，\n遲到不要太久基本上老師都會通融，考試也不會太刁難，\n所以不用太擔心(?)\n最後A+有27.87%\n\nρ 考題型式、作業方式\n基本上除了新生盃(視比賽勝負決定比的場數XD)\n跟1次期末考(上面評分的1和2)外，\n只有一次50~200字(超佛心字數w)的比賽影片觀看心得，\n而且學期初就公布，期末才收，基本上完全無壓力。\nω 其它(是否注重出席率？如果為外系選修，需先有什麼基礎較好嗎？老師個性？\n加簽習慣？嚴禁遲到等…)\n基本上手球是類似用手丟的足球的運動，\n因此有打籃球(丟球?)習慣的人應該會比較吃香(反正我是沒有啦#\n還有就是協調性好的話學各項動作也會比較快(廢話\n不過沒基礎基本上也能玩得蠻開心的啦\n另外個人認為滑行很好玩 推薦大家來體驗XDDD\n\n加簽的部分因為第一周會分隊，所以一定要出席，\n人數基本上是女生比較有機會簽(要組滿2隊)，\n男生則是看老師當下決定分成幾隊(我們這學期好像是分了6隊)決定簽的人數。\nΨ 總結\n雖然當初是抱持著不要修主流運動(O)的心情來修的，\n但真心好玩，推推\n\n--\n\n原文網址: https://www.ptt.cc/bbs/NTUcourse/M.1598160804.A.98C.html""}]"
手球中級,許君恆,,1,114-2,97020,PE5002,,,,,"[""無評價""]",[]
手球初級,許君恆,,1,114-2,97021,PE2050,,,,,"[""[PTT | 105-2]: 轉載自 PTT 作者 ID: yummy8765 (tsuyoku)\n哪一學年度修課： 105-2\n\nψ 授課教師 (若為多人合授請寫開課教師，以方便收錄)\n許君恆\n\nλ 開課系所與授課對象 (是否為必修或通識課 / 內容是否與某些背景相關)\n專項運動學群，無特別限制\n\nδ 課程大概內容\n第一次上課：發課程大綱，用手球正式比賽影片講解規則\nCEIBA裡面寫得滿多的，不過這學期體育課放掉一堆，所以真正上到的大概有\n傳接球、射門、閃切：每次上課都會練習\n防守基本技巧、兩人快攻互傳、三對三攻防、不同位置射門：每項大概只上過1~2次\n期末考前有做幾次擲遠，因為這是期末考項目之一\n印象中這學期滿多課因為下雨改室內，室內的話上防守技巧比較多\n\nΩ 私心推薦指數(以五分計)\n整體而言：★★★★☆\n不太會打球單純來運動的：★★★★\n不想打台大盃或中午通常很忙：★★★\n\nη 上課用書(影印講義或是指定教科書)\n無\n\nμ 上課方式(投影片、團體討論、老師教學風格)\n一開始傳接球，再來練射門和閃切(期末考會考)，之後看老師要教什麼\n通常最後40分鐘會讓大家做分組比賽(照台大盃的分組)\n除了上課以外，需要參加台大盃，不一定要打進複賽，但有一次缺席就會扣分\n\nσ 評分方式(給分甜嗎？是紮實分？)\n出席率25%，參加台大盃25%，課堂態度20%，期末考30%\n期中額外有一個「全大運觀賽心得」(任一運動都可以)，加分10%\n個人覺得紮實偏甜，出席+台大盃50%只要沒曠都會全給\n但課堂態度我不知道老師怎麼算的...\n老師開學的時候有說「只要你沒有太常表現出不想打的心情就好」\n個人是翹課1次(有先報備)，期末考拿25分，台大盃沒翹過，有交心得，最後A+\n\nρ 考題型式、作業方式\n期末考：擲遠，射門，閃切，各10分\n擲遠部分，男生丟大概0.8個足球場滿分，女生丟半個足球場滿分\n射門和閃切則是老師用動作流暢度判斷，滿多人拿8分的\n\nω 其它(是否注重出席率？如果為外系選修，需先有什麼基礎較好嗎？老師個性？\n加簽習慣？嚴禁遲到等…)\n儘量不要翹課，老師說翹課扣得滿重的，翹課比率依照學校規定當人\n真的沒辦法的話就先報備，好像會扣得比較少\n另外，老師會把事假和病假都視為翹課，只有公假才不算\n基礎的話...擲準真的滿吃臂力和技巧的\n不過射門和閃切每堂課都會練，所以也還好\n\n加簽會依照台大盃分組來決定是否加簽\n通常女生是全簽，男生只要組員夠了就不簽\n\n另外，之前會因為要參加台大盃的關係\n最後2~3個禮拜不上課(大概15-16周期末考)\n只是今年因為放太多，期末考到18周...\n\nΨ 總結\n一開始純粹是想修一個新的球類才選手球，也很排斥打台大盃\n老師第一堂課也說「你們修完這學期後，大概也不會再接觸手球了吧」\n不過，大概也是因為台大盃讓我認識手球的\n雖然要多花好幾個中午和晚上來打球\n不過真的會學到很多關於手球，以及非手球的知識\n另外，手球滿重視團隊默契的，尤其是2人快傳的部分\n如果跟認識的人一起來修的話，可能會更好玩也說不定\n\n\n--\n\n原文網址: https://www.ptt.cc/bbs/NTUcourse/M.1501096446.A.B3B.html""]","[{""User_ID"": ""PTT"", ""Semester"": ""105-2"", ""Rating_Quality"": null, ""Rating_Sweet"": null, ""Rating_Easy"": null, ""Rating_Rich"": null, ""Comment"": ""轉載自 PTT 作者 ID: yummy8765 (tsuyoku)\n哪一學年度修課： 105-2\n\nψ 授課教師 (若為多人合授請寫開課教師，以方便收錄)\n許君恆\n\nλ 開課系所與授課對象 (是否為必修或通識課 / 內容是否與某些背景相關)\n專項運動學群，無特別限制\n\nδ 課程大概內容\n第一次上課：發課程大綱，用手球正式比賽影片講解規則\nCEIBA裡面寫得滿多的，不過這學期體育課放掉一堆，所以真正上到的大概有\n傳接球、射門、閃切：每次上課都會練習\n防守基本技巧、兩人快攻互傳、三對三攻防、不同位置射門：每項大概只上過1~2次\n期末考前有做幾次擲遠，因為這是期末考項目之一\n印象中這學期滿多課因為下雨改室內，室內的話上防守技巧比較多\n\nΩ 私心推薦指數(以五分計)\n整體而言：★★★★☆\n不太會打球單純來運動的：★★★★\n不想打台大盃或中午通常很忙：★★★\n\nη 上課用書(影印講義或是指定教科書)\n無\n\nμ 上課方式(投影片、團體討論、老師教學風格)\n一開始傳接球，再來練射門和閃切(期末考會考)，之後看老師要教什麼\n通常最後40分鐘會讓大家做分組比賽(照台大盃的分組)\n除了上課以外，需要參加台大盃，不一定要打進複賽，但有一次缺席就會扣分\n\nσ 評分方式(給分甜嗎？是紮實分？)\n出席率25%，參加台大盃25%，課堂態度20%，期末考30%\n期中額外有一個「全大運觀賽心得」(任一運動都可以)，加分10%\n個人覺得紮實偏甜，出席+台大盃50%只要沒曠都會全給\n但課堂態度我不知道老師怎麼算的...\n老師開學的時候有說「只要你沒有太常表現出不想打的心情就好」\n個人是翹課1次(有先報備)，期末考拿25分，台大盃沒翹過，有交心得，最後A+\n\nρ 考題型式、作業方式\n期末考：擲遠，射門，閃切，各10分\n擲遠部分，男生丟大概0.8個足球場滿分，女生丟半個足球場滿分\n射門和閃切則是老師用動作流暢度判斷，滿多人拿8分的\n\nω 其它(是否注重出席率？如果為外系選修，需先有什麼基礎較好嗎？老師個性？\n加簽習慣？嚴禁遲到等…)\n儘量不要翹課，老師說翹課扣得滿重的，翹課比率依照學校規定當人\n真的沒辦法的話就先報備，好像會扣得比較少\n另外，老師會把事假和病假都視為翹課，只有公假才不算\n基礎的話...擲準真的滿吃臂力和技巧的\n不過射門和閃切每堂課都會練，所以也還好\n\n加簽會依照台大盃分組來決定是否加簽\n通常女生是全簽，男生只要組員夠了就不簽\n\n另外，之前會因為要參加台大盃的關係\n最後2~3個禮拜不上課(大概15-16周期末考)\n只是今年因為放太多，期末考到18周...\n\nΨ 總結\n一開始純粹是想修一個新的球類才選手球，也很排斥打台大盃\n老師第一堂課也說「你們修完這學期後，大概也不會再接觸手球了吧」\n不過，大概也是因為台大盃讓我認識手球的\n雖然要多花好幾個中午和晚上來打球\n不過真的會學到很多關於手球，以及非手球的知識\n另外，手球滿重視團隊默契的，尤其是2人快傳的部分\n如果跟認識的人一起來修的話，可能會更好玩也說不定\n\n\n--\n\n原文網址: https://www.ptt.cc/bbs/NTUcourse/M.1501096446.A.B3B.html""}]"
游泳初級,林謙如,,1,114-2,97025,PE2053,5.0,4.0,5.0,5.0,"[""[User20466 | 113-2]: 游泳基礎，蛙式，自由式\n在岸上先練習基本動作才入水練習\n無，教授和助教會示範\n三個考試，第一個是四方打水，第二是蛙式，第三是自由式\n是個有要求的老師，要努力達到他的要求才可以拿到好分數\n林教授是一個很有責任心且擁有自己的教學方式的好教授\n他很有耐心，也會特地關照一些游泳基礎較差的同學，以及給予我們很多很多的鼓勵""]","[{""User_ID"": ""User20466"", ""Semester"": ""113-2"", ""Rating_Quality"": null, ""Rating_Sweet"": null, ""Rating_Easy"": null, ""Rating_Rich"": null, ""Comment"": ""游泳基礎，蛙式，自由式\n在岸上先練習基本動作才入水練習\n無，教授和助教會示範\n三個考試，第一個是四方打水，第二是蛙式，第三是自由式\n是個有要求的老師，要努力達到他的要求才可以拿到好分數\n林教授是一個很有責任心且擁有自己的教學方式的好教授\n他很有耐心，也會特地關照一些游泳基礎較差的同學，以及給予我們很多很多的鼓勵""}]"
游泳初級,吳明翰,,1,114-2,97026,PE2053,4.0,4.5,0.8,3.5,"[""[NatsumiKing | 111-2]: 首先學習適應水性，包括水中走路、站立，悶氣，韻律呼吸，水母漂，水中遊戲，進而學習其他游泳技能首先學習適應水性，包括水中走路、站立，悶氣，韻律呼吸，水母漂，水中遊戲，進而學習其他游泳技能\n缺席必須要以游泳額外練習補（游40min up or 500m up），需要出示照片或收據證明，另外，老師第一堂的時候沒講，但也可以期末考先到場先考，現場補游缺課的量\n\n期中考是自由式25m，不看姿勢，游過去就好\n期末考為自由式、蛙式50m，看姿勢\n35%出席率\n60％期中期末\n5%心得\n\n雖然課程資訊這樣寫，但是我不記得心得的部分。\n我認為是一堂很棒的課，特別是已經學過游泳的人應該很輕鬆，（我會自由式，並且自學蛙式），而且還可以把錯誤動作矯正到正確（我蛙腳姿勢不太正確，因此游蛙式常常很吃力），最後拿到A+。\n但未學過游泳的人，需要在課程自我練習時間找老師幫你看姿勢，或者請老師教你、陪你練習，會需要花比別人更多時間。""]","[{""User_ID"": ""NatsumiKing"", ""Semester"": ""111-2"", ""Rating_Quality"": null, ""Rating_Sweet"": null, ""Rating_Easy"": null, ""Rating_Rich"": null, ""Comment"": ""首先學習適應水性，包括水中走路、站立，悶氣，韻律呼吸，水母漂，水中遊戲，進而學習其他游泳技能首先學習適應水性，包括水中走路、站立，悶氣，韻律呼吸，水母漂，水中遊戲，進而學習其他游泳技能\n缺席必須要以游泳額外練習補（游40min up or 500m up），需要出示照片或收據證明，另外，老師第一堂的時候沒講，但也可以期末考先到場先考，現場補游缺課的量\n\n期中考是自由式25m，不看姿勢，游過去就好\n期末考為自由式、蛙式50m，看姿勢\n35%出席率\n60％期中期末\n5%心得\n\n雖然課程資訊這樣寫，但是我不記得心得的部分。\n我認為是一堂很棒的課，特別是已經學過游泳的人應該很輕鬆，（我會自由式，並且自學蛙式），而且還可以把錯誤動作矯正到正確（我蛙腳姿勢不太正確，因此游蛙式常常很吃力），最後拿到A+。\n但未學過游泳的人，需要在課程自我練習時間找老師幫你看姿勢，或者請老師教你、陪你練習，會需要花比別人更多時間。""}]"
游泳初級,許君恆,,1,114-2,97028,PE2053,,,,,"[""[PTT | 108-2]: 轉載自 PTT 作者 ID: aristoIris ()\n哪一學年度修課：\n\n108-2\n\n\nψ 授課教師 (若為多人合授請寫開課教師，以方便收錄)\n\n許君恆\n\n\nλ 開課系所與授課對象 (是否為必修或通識課 / 內容是否與某些背景相關)\n\n專項運動學群\n\n\nδ 課程大概內容\n\n原先未受疫情打亂的課程大綱：\n（擷取至老師於第一週發下的課程大綱）\n\n- 第一週：課程介紹、處理加簽事宜（花約一堂課的時間講解完就下課）\n- 第二週：水性適應：抽筋自解、蹬牆漂浮、蹬牆打水、仰漂\n- 第三週：捷泳：腿部動作介紹及練習\n- 第四週：捷泳：側踢、划手動作介紹\n- 第五週：換氣及划手配合、聯合動作練習\n- 第六週：綜合長泳練習與姿勢修正\n- 第七週：大專盃（老師請公假）\n- 第八週：期中測驗：四方打水 25 公尺\n\n- 第九週：蛙式踢腿練習\n- 第十週：大運會（老師請公假）\n- 第十一週：蛙式划手練習、換氣練習\n- 第十二週：聯合動作練習、蛙式蹬牆大滑手\n- 第十三週：綜合長泳練習及姿勢修正\n- 第十四週：仰式動作技巧與聯合動作\n- 第十五週：期末測驗：捷泳 50 公尺\n- 第十六週：期末測驗：蛙式 50 公尺\n- 第十七週：彈性教學（如果要補考的話就是在這週）\n\n\n被疫情打亂之後的課程內容：\n※ 因為疫情的關係，教育部來函要求從第五週開始停止下水QQ...於是課程內容就變得和大一體適能差不多了。一直到第十二週因應疫情趨緩才回到戶外泳池。\n\n- 第五週：說明後續課程事宜\n- 第六週：定向越野（其實就是跑校園）\n- 第七週：水中抽筋自解的動作\n- 第八週：健身房\n- 第九週：騎腳踏車（沿著河濱公園往政大方向）\n- 第十週：捷泳泳姿練習（滑手、擺腳）\n- 第十一週：蛙式泳姿練習（滑手、踢腿）\n\n因為疫情的關係無法下水，導致老師也不知道要怎麼上課，後續的測驗以及評分也都無法按照原先的規定進行。受影響最大的還是課程的進度，畢竟沒有下水的話很難學習「遊泳」這件事情。老師自己也說有一種「混一週是一週」的感覺xD，所以先警告不會游泳的同學可能要選擇停修。也因此後續有繼續修的人，就我觀察下來大部分都是本身已經會游泳的xD。\n\n\nΩ 私心推薦指數(以五分計) ★★★★★\n\n- 愛翹課的人：千萬別來修啊啊啊\n- 完全不會游泳、只想混學分的人：★★★\n- 完全不會游泳、但願意用課外時間自己練習的人：★★★★\n- 本身會游泳的人：★★★★★\nη 上課用書(影印講義或是指定教科書)\n\n無。\n\n\nμ 上課方式(投影片、團體討論、老師教學風格)\n\n大班制教學（據老師說一個班通常有 40~50 人左右）\n\n老師會先帶大家做操，接著在岸上講解今天要學的動作（大概 30 分鐘左右），再讓同學下水去操作。入水後，老師會發號施令讓大家依序練習今天教的動作，全部都練習完之後會進自由時間，這時候看要先上岸或是在水裡繼續練習都是自己的選擇。\n\n因為我修的是下學期（3月~6月），老師本來計畫前幾週先在新體的溫水游泳池上課（長度只有 25M）。學期的後半段，在同學們對水性熟悉以及天氣變熱後，再轉到戶外游泳池教學。\n\n但後來學期中因為疫情的關係而打亂了XD。\n\n\nσ 評分方式(給分甜嗎？是紮實分？)\n\n受疫情影響前：\n\n- 出席狀況（20%）\n- 課堂參與度（20%）\n- 學習與執行能力（60%）\n\n\n受疫情影響後：\n\n- 出席狀況（60%）\n- 期末報告（20%）\n- 期末測驗（20%）\n\n老師很注重出缺席。\n在疫情影響前缺席一次會扣總分 6 分，且若是曠課 3 次以上的話便會不及格。\n事假、病假的部分一次則是扣總分 2 分，公、喪假則是不扣分。\n至於受疫情影響之後，從分數占比上可以看出：出缺席的部分更被注重，每缺席一次可能會被扣更多的分數。\n個人是沒有缺席。感覺給分算甜，只要該做的有做，各項分數應該都可以拿好拿滿。\n\n\nρ 考題型式、作業方式\n\n期末測驗的 50M 不會計時，但會觀察你的泳姿是否標準來給分。\n給分的標準我也不知道xD。\n\n至於因應疫情影響而多出的期末報告，主題只要和有氧運動相關皆可，並限 4 頁以內。\n不過以後在有正常上課的前提之下，應該是不會指派這樣的作業，所以就不多做說明。\n\n\nω 其它(是否注重出席率？如果為外系選修，需先有什麼基礎較好嗎？老師個性？\n加簽習慣？嚴禁遲到等…)\n\n如同前面提到的：請千萬要記得出席。\n\n老師個性很好，上課會期待和學生之間能夠互動，也能接受小小的遲到。\n但在上陸上課程的時候不得不提的是：老師有個小小的壞習慣，就是上課的 Email 都會很晚才寄xD，常常都要上課前半小時才能得知上課地點。\n但回歸正常的下水課程後就沒有這個問題了。老師很體貼，會選上課鐘響後的 10 分鐘作為集合時間，算是給大家預留 10 分鐘的更衣時間，這點不得不推一下老師的細心。\n\n\nΨ 總結\n\n對於本來就會游泳的人來說，這堂課大概就是讓你每周可以免費進游泳池練習的機會。\n\n對於不會游泳的人來說，雖然老師的教學可以讓你踏入游泳的學習之路上，但這條路還是需要靠你自己每週額外的練習才會前進。選了這門課很難讓一個完全不會游泳的人的泳技進步到能游 50m 的地步，因此若是沒有時間自己好好練習的話，考量到原先預訂的期末測驗是考捷泳、蛙泳的 50m ，慎選。\n\n\n--\n\n原文網址: https://www.ptt.cc/bbs/NTUcourse/M.1591877934.A.1C9.html""]","[{""User_ID"": ""PTT"", ""Semester"": ""108-2"", ""Rating_Quality"": null, ""Rating_Sweet"": null, ""Rating_Easy"": null, ""Rating_Rich"": null, ""Comment"": ""轉載自 PTT 作者 ID: aristoIris ()\n哪一學年度修課：\n\n108-2\n\n\nψ 授課教師 (若為多人合授請寫開課教師，以方便收錄)\n\n許君恆\n\n\nλ 開課系所與授課對象 (是否為必修或通識課 / 內容是否與某些背景相關)\n\n專項運動學群\n\n\nδ 課程大概內容\n\n原先未受疫情打亂的課程大綱：\n（擷取至老師於第一週發下的課程大綱）\n\n- 第一週：課程介紹、處理加簽事宜（花約一堂課的時間講解完就下課）\n- 第二週：水性適應：抽筋自解、蹬牆漂浮、蹬牆打水、仰漂\n- 第三週：捷泳：腿部動作介紹及練習\n- 第四週：捷泳：側踢、划手動作介紹\n- 第五週：換氣及划手配合、聯合動作練習\n- 第六週：綜合長泳練習與姿勢修正\n- 第七週：大專盃（老師請公假）\n- 第八週：期中測驗：四方打水 25 公尺\n\n- 第九週：蛙式踢腿練習\n- 第十週：大運會（老師請公假）\n- 第十一週：蛙式划手練習、換氣練習\n- 第十二週：聯合動作練習、蛙式蹬牆大滑手\n- 第十三週：綜合長泳練習及姿勢修正\n- 第十四週：仰式動作技巧與聯合動作\n- 第十五週：期末測驗：捷泳 50 公尺\n- 第十六週：期末測驗：蛙式 50 公尺\n- 第十七週：彈性教學（如果要補考的話就是在這週）\n\n\n被疫情打亂之後的課程內容：\n※ 因為疫情的關係，教育部來函要求從第五週開始停止下水QQ...於是課程內容就變得和大一體適能差不多了。一直到第十二週因應疫情趨緩才回到戶外泳池。\n\n- 第五週：說明後續課程事宜\n- 第六週：定向越野（其實就是跑校園）\n- 第七週：水中抽筋自解的動作\n- 第八週：健身房\n- 第九週：騎腳踏車（沿著河濱公園往政大方向）\n- 第十週：捷泳泳姿練習（滑手、擺腳）\n- 第十一週：蛙式泳姿練習（滑手、踢腿）\n\n因為疫情的關係無法下水，導致老師也不知道要怎麼上課，後續的測驗以及評分也都無法按照原先的規定進行。受影響最大的還是課程的進度，畢竟沒有下水的話很難學習「遊泳」這件事情。老師自己也說有一種「混一週是一週」的感覺xD，所以先警告不會游泳的同學可能要選擇停修。也因此後續有繼續修的人，就我觀察下來大部分都是本身已經會游泳的xD。\n\n\nΩ 私心推薦指數(以五分計) ★★★★★\n\n- 愛翹課的人：千萬別來修啊啊啊\n- 完全不會游泳、只想混學分的人：★★★\n- 完全不會游泳、但願意用課外時間自己練習的人：★★★★\n- 本身會游泳的人：★★★★★\nη 上課用書(影印講義或是指定教科書)\n\n無。\n\n\nμ 上課方式(投影片、團體討論、老師教學風格)\n\n大班制教學（據老師說一個班通常有 40~50 人左右）\n\n老師會先帶大家做操，接著在岸上講解今天要學的動作（大概 30 分鐘左右），再讓同學下水去操作。入水後，老師會發號施令讓大家依序練習今天教的動作，全部都練習完之後會進自由時間，這時候看要先上岸或是在水裡繼續練習都是自己的選擇。\n\n因為我修的是下學期（3月~6月），老師本來計畫前幾週先在新體的溫水游泳池上課（長度只有 25M）。學期的後半段，在同學們對水性熟悉以及天氣變熱後，再轉到戶外游泳池教學。\n\n但後來學期中因為疫情的關係而打亂了XD。\n\n\nσ 評分方式(給分甜嗎？是紮實分？)\n\n受疫情影響前：\n\n- 出席狀況（20%）\n- 課堂參與度（20%）\n- 學習與執行能力（60%）\n\n\n受疫情影響後：\n\n- 出席狀況（60%）\n- 期末報告（20%）\n- 期末測驗（20%）\n\n老師很注重出缺席。\n在疫情影響前缺席一次會扣總分 6 分，且若是曠課 3 次以上的話便會不及格。\n事假、病假的部分一次則是扣總分 2 分，公、喪假則是不扣分。\n至於受疫情影響之後，從分數占比上可以看出：出缺席的部分更被注重，每缺席一次可能會被扣更多的分數。\n個人是沒有缺席。感覺給分算甜，只要該做的有做，各項分數應該都可以拿好拿滿。\n\n\nρ 考題型式、作業方式\n\n期末測驗的 50M 不會計時，但會觀察你的泳姿是否標準來給分。\n給分的標準我也不知道xD。\n\n至於因應疫情影響而多出的期末報告，主題只要和有氧運動相關皆可，並限 4 頁以內。\n不過以後在有正常上課的前提之下，應該是不會指派這樣的作業，所以就不多做說明。\n\n\nω 其它(是否注重出席率？如果為外系選修，需先有什麼基礎較好嗎？老師個性？\n加簽習慣？嚴禁遲到等…)\n\n如同前面提到的：請千萬要記得出席。\n\n老師個性很好，上課會期待和學生之間能夠互動，也能接受小小的遲到。\n但在上陸上課程的時候不得不提的是：老師有個小小的壞習慣，就是上課的 Email 都會很晚才寄xD，常常都要上課前半小時才能得知上課地點。\n但回歸正常的下水課程後就沒有這個問題了。老師很體貼，會選上課鐘響後的 10 分鐘作為集合時間，算是給大家預留 10 分鐘的更衣時間，這點不得不推一下老師的細心。\n\n\nΨ 總結\n\n對於本來就會游泳的人來說，這堂課大概就是讓你每周可以免費進游泳池練習的機會。\n\n對於不會游泳的人來說，雖然老師的教學可以讓你踏入游泳的學習之路上，但這條路還是需要靠你自己每週額外的練習才會前進。選了這門課很難讓一個完全不會游泳的人的泳技進步到能游 50m 的地步，因此若是沒有時間自己好好練習的話，考量到原先預訂的期末測驗是考捷泳、蛙泳的 50m ，慎選。\n\n\n--\n\n原文網址: https://www.ptt.cc/bbs/NTUcourse/M.1591877934.A.1C9.html""}]"
游泳初級,陳逸杰,,1,114-2,97031,PE2053,4.5,5.0,1.0,4.0,"[""[我真的會謝 | 111-2]: （內容來源：NTU COOL）\n2/20 課程介紹，規定事項\n第2週 228連假(停課一日)\n第3週 適應水性、韻律呼吸、漂浮、水母漂、蹬牆漂浮\n第4週 捷泳：自由式打水技巧、腿部動作介紹與練習、打水練習(長泳400M)\n第5週 捷泳：腿部動作練習、划手動作介紹與練習、打水練習(長泳400M)\n第6週 捷泳：腿部、划手及換氣練習、打水練習(長泳500M)\n第7週 清明假期(停課一日)\n第8週 捷泳聯合動作練習及觸壁轉身介紹與練習(長泳500M)\n第9週 期中測驗：捷泳4方打水50M不停\n第10週 蛙泳:蛙式踢腿技巧介紹及練習(長泳600M)\n第11週 大運會決賽(停課一次)\n第12週 蛙泳:蛙式划手介紹練習(長泳600M)\n第13週 蛙泳:動作練習、姿勢練習(長泳700M)\n第14週 捷泳、蛙泳綜合練習(長泳800M)\n第15週 期末測驗（捷、蛙泳50M）\n因為是早八所以老師會等到8.20才開始熱身，熱身完才點名，所以關於遲到只要不要太久應該都沒有問題，不過也沒有看到有人利用這點故意遲到很久。\n\n老師超帥人也很好，基本上會花一段時間複習前一節上課的內容。但由於需要扣除前後換裝跟熱身的時間，能夠上課的時間也才一個小時多一些，絕對是需要回去練習。老師本身也很重視回去自主練習，有一個5000公尺的長泳練習作業，就是希望同學能夠利用課餘時間練習（因為規定表格一次最高填800公尺，如果有基礎的練習填這個表單挺憋屈，但我是覺得這個限制剛好能夠強迫我去游泳的次數多一點，挺好）\n無\n學習精神 30% 曠課1次-5分，事假-3分，病假-2分\n自由式打水50公尺 20%\n捷式50公尺 20%\n蛙式50公尺 20%\n課外長泳5000公尺 5%\n學習心得與建議 5%\n老師人很帥，也能感受到非常用心地進行授課，而且會提前預留時間供學生上岸洗漱所以不用怕下一堂課趕不上。\n但因為授課比較面向沒有游泳基礎的人，所以有一定游泳基礎的人可能會覺得有點無聊。\n給分應該算甜，因為期中期末考不算特別難，只要5000公尺有練習完的基本上應該都能穩過。 也因為老師的專業其實是桌球，所以對於姿勢的要求可能會比較沒那麼嚴格。\n涼度的部分，跟大部分體育課應該差不多，每堂都點名，曠課-5、事假-3、病假-2""]","[{""User_ID"": ""我真的會謝"", ""Semester"": ""111-2"", ""Rating_Quality"": null, ""Rating_Sweet"": null, ""Rating_Easy"": null, ""Rating_Rich"": null, ""Comment"": ""（內容來源：NTU COOL）\n2/20 課程介紹，規定事項\n第2週 228連假(停課一日)\n第3週 適應水性、韻律呼吸、漂浮、水母漂、蹬牆漂浮\n第4週 捷泳：自由式打水技巧、腿部動作介紹與練習、打水練習(長泳400M)\n第5週 捷泳：腿部動作練習、划手動作介紹與練習、打水練習(長泳400M)\n第6週 捷泳：腿部、划手及換氣練習、打水練習(長泳500M)\n第7週 清明假期(停課一日)\n第8週 捷泳聯合動作練習及觸壁轉身介紹與練習(長泳500M)\n第9週 期中測驗：捷泳4方打水50M不停\n第10週 蛙泳:蛙式踢腿技巧介紹及練習(長泳600M)\n第11週 大運會決賽(停課一次)\n第12週 蛙泳:蛙式划手介紹練習(長泳600M)\n第13週 蛙泳:動作練習、姿勢練習(長泳700M)\n第14週 捷泳、蛙泳綜合練習(長泳800M)\n第15週 期末測驗（捷、蛙泳50M）\n因為是早八所以老師會等到8.20才開始熱身，熱身完才點名，所以關於遲到只要不要太久應該都沒有問題，不過也沒有看到有人利用這點故意遲到很久。\n\n老師超帥人也很好，基本上會花一段時間複習前一節上課的內容。但由於需要扣除前後換裝跟熱身的時間，能夠上課的時間也才一個小時多一些，絕對是需要回去練習。老師本身也很重視回去自主練習，有一個5000公尺的長泳練習作業，就是希望同學能夠利用課餘時間練習（因為規定表格一次最高填800公尺，如果有基礎的練習填這個表單挺憋屈，但我是覺得這個限制剛好能夠強迫我去游泳的次數多一點，挺好）\n無\n學習精神 30% 曠課1次-5分，事假-3分，病假-2分\n自由式打水50公尺 20%\n捷式50公尺 20%\n蛙式50公尺 20%\n課外長泳5000公尺 5%\n學習心得與建議 5%\n老師人很帥，也能感受到非常用心地進行授課，而且會提前預留時間供學生上岸洗漱所以不用怕下一堂課趕不上。\n但因為授課比較面向沒有游泳基礎的人，所以有一定游泳基礎的人可能會覺得有點無聊。\n給分應該算甜，因為期中期末考不算特別難，只要5000公尺有練習完的基本上應該都能穩過。 也因為老師的專業其實是桌球，所以對於姿勢的要求可能會比較沒那麼嚴格。\n涼度的部分，跟大部分體育課應該差不多，每堂都點名，曠課-5、事假-3、病假-2""}]"
游泳中級,林謙如,,1,114-2,97034,PE2054,,,,,"[""[PTT | 105-2]: 轉載自 PTT 作者 ID: tomtooy (tomtooy)\n哪一學年度修課：\n\n105-2\n\nψ 授課教師 (若為多人合授請寫開課教師，以方便收錄)\n\n林謙如\n\nλ 開課系所與授課對象 (是否為必修或通識課 / 內容是否與某些背景相關)\n\n體育選修\n\nδ 課程大概內容\n\n這堂課的名稱依然是「游泳中級」,但內容其實應該要算是「游泳高級」,基本上\n是接續游泳中級的內容\n\n期中前：自仰蛙蝶四式進階姿勢解說與練習\n期中後：游泳速耐力（速度距離兼顧）、速度、心肺訓練（長距離）\n\n不過這學期假多+全大運,課程有被縮減,以後的學期內容可能更豐富\n\nΩ 私心推薦指數(以五分計) ★★★★★\n\n不翹課、有游泳基礎、想精進游泳姿勢：滿分！！！\n\nμ 上課方式(投影片、團體討論、老師教學風格)\n\n一次兩堂課。\n\n第一堂會在室內岸上先做伸展以及核心運動（躺姿抬腳仰臥起坐、伏地挺身等）,\n老師說因為是進階班,所以想透過訓練核心肌群增強大家的游泳能力。做完是真的\n會喘會流汗XD\n\n第二堂課才是正式下水。102學年度曾經修過老師的游泳中級,當時老師是自己下\n水,但近幾年似乎因為有請到助教,所以下水示範都由助教實行。基本上助教游得\n非常優美標準,個人是認為沒什麼差啦XD\n下水後會有大概400公尺的熱身,通常是四式都會輪替著游。\n熱身完後會開始進行當周菜單,看課程內容是什麼,期中考前是姿勢的拆解練習\n（例如側身游自由式、抬頭捷、蛙式划手不踢水etc.）,期中考後則是直接計時or\n規定趟數後直接游。整堂課的游泳趟數大概會在750~1250公尺之間（看課程內容）\n剛開始幾週常常游完覺得腰痠背痛,但真的學到很多,糾正許多游泳姿勢,獲益\n良多。\n\nσ 評分方式(給分甜嗎？是紮實分？)\n\n期末檢測項目-2 15% 100公尺自由式計時測驗\n期末檢測項目-1 25% 1500公尺計時測驗\n期中檢測項目 20% 200公尺四式連續游\n學期長泳單 10% 學期規定課外長泳20000公尺\n課程參與 30% 全勤滿分,未請假第一次扣10分,第二次扣15分\n全學期缺課不得超過三次（包含病假事假）\n女生生理期岸上跟課不算缺席,只是需另外長泳補課\n\n我是覺得很甜,不過因為個人算是有一定游泳基礎（有修過泳中,小學上過三年課\n）,所以不算太費力。基本上只要能跟上進度,我覺得老師給分都還不錯\n\nρ 考題型式、作業方式\n\n泳中進階班的長泳是20000公尺,算是回家作業,期末考時交成果,基本上就是看有\n完成多少算幾分。\n\n期中考是四式各五十公尺的考試,不計時,看姿勢給分,然後每個式的轉身與出發都\n有考。\n\n期末考是一千五百公尺長泳計時,以及五十公尺短泳衝刺計時,應該是看時間給分。\n\n\nω 其它(是否注重出席率？如果為外系選修，需先有什麼基礎較好嗎？老師個性？\n加簽習慣？嚴禁遲到等…)\n\n這門課是設計給修過游泳中級的學生選修,可以說是「游泳高級」,但好像學校不給\n開泳高,所以課程名稱還是泳中,只是點開課程說明會發現跟一般泳中（老師這學期\n開了一班進階班兩班普通中泳）不一樣。這學期的課程說明好像是開學前幾天才改\n的,老師開學前有寄信給選上的同學,課程當天也有請大家慎重思考能力與負擔,後來\n修課人數三十幾個（上限四十）,算是有排加簽的都有簽到。\n個人是認為,誠心建議有中泳程度（四式都要會,蝶式要能連續二十五米,其他四式連\n續五十米,而且至少能12分鐘內能自由式連續游300M）再來修課。如果只是蝶式不會\n,或許可以這個學期認真好好學一下追進度,但如果是不太能游長距離的（也就是游\n泳對你來說還是個非常辛苦的運動）,真心覺得先修中泳普通班就好,不然會被海放\n\n個人因為算是有一定基礎,修起來覺得非常開心,學習到了比中泳教的更細緻的動作\n,蝶式方面也可以游完完整一趟室外泳池（五十公尺不停）,覺得感動。\n其實修這門課很多人好像都不是為了體育學分而純粹是想督促自己XD\n\nΨ 總結\n\n老師這門課是想要開給「有志將游泳變成一生的運動」的人,在上完之後,的確每\n一式的姿勢都更加熟練優美,進步很多,另外學期後半的肌肉與心肺訓練,也有種回\n到小學時期游泳魔鬼訓練班的感覺XD\n總之,若有一定基礎,且想更精進游泳姿勢的人,強烈推薦這門中泳進階班！！老師\n真的是教得非常好！！覺得大學能修到這門課真的很難得。\n\n\n\n--\n\n原文網址: https://www.ptt.cc/bbs/NTUcourse/M.1498923121.A.BDD.html""]","[{""User_ID"": ""PTT"", ""Semester"": ""105-2"", ""Rating_Quality"": null, ""Rating_Sweet"": null, ""Rating_Easy"": null, ""Rating_Rich"": null, ""Comment"": ""轉載自 PTT 作者 ID: tomtooy (tomtooy)\n哪一學年度修課：\n\n105-2\n\nψ 授課教師 (若為多人合授請寫開課教師，以方便收錄)\n\n林謙如\n\nλ 開課系所與授課對象 (是否為必修或通識課 / 內容是否與某些背景相關)\n\n體育選修\n\nδ 課程大概內容\n\n這堂課的名稱依然是「游泳中級」,但內容其實應該要算是「游泳高級」,基本上\n是接續游泳中級的內容\n\n期中前：自仰蛙蝶四式進階姿勢解說與練習\n期中後：游泳速耐力（速度距離兼顧）、速度、心肺訓練（長距離）\n\n不過這學期假多+全大運,課程有被縮減,以後的學期內容可能更豐富\n\nΩ 私心推薦指數(以五分計) ★★★★★\n\n不翹課、有游泳基礎、想精進游泳姿勢：滿分！！！\n\nμ 上課方式(投影片、團體討論、老師教學風格)\n\n一次兩堂課。\n\n第一堂會在室內岸上先做伸展以及核心運動（躺姿抬腳仰臥起坐、伏地挺身等）,\n老師說因為是進階班,所以想透過訓練核心肌群增強大家的游泳能力。做完是真的\n會喘會流汗XD\n\n第二堂課才是正式下水。102學年度曾經修過老師的游泳中級,當時老師是自己下\n水,但近幾年似乎因為有請到助教,所以下水示範都由助教實行。基本上助教游得\n非常優美標準,個人是認為沒什麼差啦XD\n下水後會有大概400公尺的熱身,通常是四式都會輪替著游。\n熱身完後會開始進行當周菜單,看課程內容是什麼,期中考前是姿勢的拆解練習\n（例如側身游自由式、抬頭捷、蛙式划手不踢水etc.）,期中考後則是直接計時or\n規定趟數後直接游。整堂課的游泳趟數大概會在750~1250公尺之間（看課程內容）\n剛開始幾週常常游完覺得腰痠背痛,但真的學到很多,糾正許多游泳姿勢,獲益\n良多。\n\nσ 評分方式(給分甜嗎？是紮實分？)\n\n期末檢測項目-2 15% 100公尺自由式計時測驗\n期末檢測項目-1 25% 1500公尺計時測驗\n期中檢測項目 20% 200公尺四式連續游\n學期長泳單 10% 學期規定課外長泳20000公尺\n課程參與 30% 全勤滿分,未請假第一次扣10分,第二次扣15分\n全學期缺課不得超過三次（包含病假事假）\n女生生理期岸上跟課不算缺席,只是需另外長泳補課\n\n我是覺得很甜,不過因為個人算是有一定游泳基礎（有修過泳中,小學上過三年課\n）,所以不算太費力。基本上只要能跟上進度,我覺得老師給分都還不錯\n\nρ 考題型式、作業方式\n\n泳中進階班的長泳是20000公尺,算是回家作業,期末考時交成果,基本上就是看有\n完成多少算幾分。\n\n期中考是四式各五十公尺的考試,不計時,看姿勢給分,然後每個式的轉身與出發都\n有考。\n\n期末考是一千五百公尺長泳計時,以及五十公尺短泳衝刺計時,應該是看時間給分。\n\n\nω 其它(是否注重出席率？如果為外系選修，需先有什麼基礎較好嗎？老師個性？\n加簽習慣？嚴禁遲到等…)\n\n這門課是設計給修過游泳中級的學生選修,可以說是「游泳高級」,但好像學校不給\n開泳高,所以課程名稱還是泳中,只是點開課程說明會發現跟一般泳中（老師這學期\n開了一班進階班兩班普通中泳）不一樣。這學期的課程說明好像是開學前幾天才改\n的,老師開學前有寄信給選上的同學,課程當天也有請大家慎重思考能力與負擔,後來\n修課人數三十幾個（上限四十）,算是有排加簽的都有簽到。\n個人是認為,誠心建議有中泳程度（四式都要會,蝶式要能連續二十五米,其他四式連\n續五十米,而且至少能12分鐘內能自由式連續游300M）再來修課。如果只是蝶式不會\n,或許可以這個學期認真好好學一下追進度,但如果是不太能游長距離的（也就是游\n泳對你來說還是個非常辛苦的運動）,真心覺得先修中泳普通班就好,不然會被海放\n\n個人因為算是有一定基礎,修起來覺得非常開心,學習到了比中泳教的更細緻的動作\n,蝶式方面也可以游完完整一趟室外泳池（五十公尺不停）,覺得感動。\n其實修這門課很多人好像都不是為了體育學分而純粹是想督促自己XD\n\nΨ 總結\n\n老師這門課是想要開給「有志將游泳變成一生的運動」的人,在上完之後,的確每\n一式的姿勢都更加熟練優美,進步很多,另外學期後半的肌肉與心肺訓練,也有種回\n到小學時期游泳魔鬼訓練班的感覺XD\n總之,若有一定基礎,且想更精進游泳姿勢的人,強烈推薦這門中泳進階班！！老師\n真的是教得非常好！！覺得大學能修到這門課真的很難得。\n\n\n\n--\n\n原文網址: https://www.ptt.cc/bbs/NTUcourse/M.1498923121.A.BDD.html""}]"
水球,黃英哲,,1,114-2,97039,PE2055,4.5,5.0,4.5,2.5,"[""[User82391 | 109-2]: 基本水球技巧 遠距的時候會看比賽\n在新體游泳池\n老師會準備\n正常是會要考射門，但這這次是分交簡單的報告，或是拍各種傳球的影片．\n全勤就一定Ａ＋\n好課值得一修再修""]","[{""User_ID"": ""User82391"", ""Semester"": ""109-2"", ""Rating_Quality"": null, ""Rating_Sweet"": null, ""Rating_Easy"": null, ""Rating_Rich"": null, ""Comment"": ""基本水球技巧 遠距的時候會看比賽\n在新體游泳池\n老師會準備\n正常是會要考射門，但這這次是分交簡單的報告，或是拍各種傳球的影片．\n全勤就一定Ａ＋\n好課值得一修再修""}]"
羽球初級,李坤培,,1,114-2,97064,PE2064,4.0,5.0,5.0,3.0,"[""[User63642 | 113-2]: 每週做操、教一下進度、和組員練習，老師會在這個時間點名，可以補點。到了後半學期才會讓我們打比賽，但真想打的話可以下課打，雖然是早八但換堂時間有 20 分鐘。進度是高遠球、平抽球、網邊短球、挑球、切球、殺球。\n出席、期末考高遠球、單打發球。\n感覺就是規規矩矩的羽球課，老師教的就是從基礎重新打好這樣。我們這組有兩個比較厲害的，就可以靠他們去多練一點像切球、殺球或走位等老師比較顧不來的東西。自覺有被練到，但實力提升多少就不好說了。""]","[{""User_ID"": ""User63642"", ""Semester"": ""113-2"", ""Rating_Quality"": null, ""Rating_Sweet"": null, ""Rating_Easy"": null, ""Rating_Rich"": null, ""Comment"": ""每週做操、教一下進度、和組員練習，老師會在這個時間點名，可以補點。到了後半學期才會讓我們打比賽，但真想打的話可以下課打，雖然是早八但換堂時間有 20 分鐘。進度是高遠球、平抽球、網邊短球、挑球、切球、殺球。\n出席、期末考高遠球、單打發球。\n感覺就是規規矩矩的羽球課，老師教的就是從基礎重新打好這樣。我們這組有兩個比較厲害的，就可以靠他們去多練一點像切球、殺球或走位等老師比較顧不來的東西。自覺有被練到，但實力提升多少就不好說了。""}]"
羽球初級,黃欽永,,1,114-2,97048,PE2064,4.0,3.5,3.5,4.0,"[""[User94938 | 114-1]: Competitions (group and individual) and a running drill test.\nDemonstrates in person and gives time to practice.\nN/A\nCompetitions (group and individual) and a running drill test.\nYou have to make sure you are following the proper technique to be able to score well. However, the teacher is very helpful if you ask for their feedback.\nGood class.""]","[{""User_ID"": ""User94938"", ""Semester"": ""114-1"", ""Rating_Quality"": null, ""Rating_Sweet"": null, ""Rating_Easy"": null, ""Rating_Rich"": null, ""Comment"": ""Competitions (group and individual) and a running drill test.\nDemonstrates in person and gives time to practice.\nN/A\nCompetitions (group and individual) and a running drill test.\nYou have to make sure you are following the proper technique to be able to score well. However, the teacher is very helpful if you ask for their feedback.\nGood class.""}]"
羽球初級,黃國恩,,1,114-2,97051,PE2064,,,,,"[""無評價""]",[]
羽球初級,呂碧琴,,1,114-2,97055,PE2064,4.5,4.0,3.2,3.0,"[""[User01763 | 113-2]: Beginner Badminton course. Teaching the basics of badminton to finally playing matches\nMostly practice with explanation/demonstration rounds by the teacher\nVery good course that teaches the basics of badminton in a good way. The teacher is very nice.""]","[{""User_ID"": ""User01763"", ""Semester"": ""113-2"", ""Rating_Quality"": null, ""Rating_Sweet"": null, ""Rating_Easy"": null, ""Rating_Rich"": null, ""Comment"": ""Beginner Badminton course. Teaching the basics of badminton to finally playing matches\nMostly practice with explanation/demonstration rounds by the teacher\nVery good course that teaches the basics of badminton in a good way. The teacher is very nice.""}]"
羽球初級,連家瑩,,1,114-2,97053,PE2064,4.6,3.6,3.2,1.0,"[""[User16142 | 114-2]: Learn badminton basics and play with your friends.\nThe teacher explains the fundamentals of the game, after which students practice.\nN/A\nTests:\nOverhead clear, long-serve, and footwork, and a single-game tournament.\n\nAssignment:\nBadminton Involvement Report\n- Footwork (20%)\n- Long Serve (20%)\n- Overhead Clear (20%)\n- Single Game (30%)\n- Play badminton in a tournament or watch an on-site tournament and write a Reflective Report. (10%)\nSuper fun!""]","[{""User_ID"": ""User16142"", ""Semester"": ""114-2"", ""Rating_Quality"": null, ""Rating_Sweet"": null, ""Rating_Easy"": null, ""Rating_Rich"": null, ""Comment"": ""Learn badminton basics and play with your friends.\nThe teacher explains the fundamentals of the game, after which students practice.\nN/A\nTests:\nOverhead clear, long-serve, and footwork, and a single-game tournament.\n\nAssignment:\nBadminton Involvement Report\n- Footwork (20%)\n- Long Serve (20%)\n- Overhead Clear (20%)\n- Single Game (30%)\n- Play badminton in a tournament or watch an on-site tournament and write a Reflective Report. (10%)\nSuper fun!""}]"
羽球初級,洪巧菱,,1,114-2,97058,PE2064,5.0,5.0,5.0,5.0,"[""[User20244 | 113-1]: 羽球初級\n老師指導\n自編講義\n表現+考試\n20+80\n非常好""]","[{""User_ID"": ""User20244"", ""Semester"": ""113-1"", ""Rating_Quality"": null, ""Rating_Sweet"": null, ""Rating_Easy"": null, ""Rating_Rich"": null, ""Comment"": ""羽球初級\n老師指導\n自編講義\n表現+考試\n20+80\n非常好""}]"
羽球中級,陳志一,,1,114-2,97066,PE2065,4.4,4.2,2.2,2.7,"[""[User70115 | 114-1]: Was very focused on the upper body part of badminton, how to specifically use your racket and hit the ball\nVery nicely constructed exercises, that were fun and engaging, and helped one learn the fundamentals\nWe did smash exercises, drop, and clear primarily\nNo assignments, exams by doing a number of correct repetitions of an exercise in one minute + Group play scores\nVery nice course, I did not speak Chinese, even though this is a Chinese course, but both the TA and the teacher was very friendly and helpful.\nNo negative feedback""]","[{""User_ID"": ""User70115"", ""Semester"": ""114-1"", ""Rating_Quality"": null, ""Rating_Sweet"": null, ""Rating_Easy"": null, ""Rating_Rich"": null, ""Comment"": ""Was very focused on the upper body part of badminton, how to specifically use your racket and hit the ball\nVery nicely constructed exercises, that were fun and engaging, and helped one learn the fundamentals\nWe did smash exercises, drop, and clear primarily\nNo assignments, exams by doing a number of correct repetitions of an exercise in one minute + Group play scores\nVery nice course, I did not speak Chinese, even though this is a Chinese course, but both the TA and the teacher was very friendly and helpful.\nNo negative feedback""}]"
羽球中級,連家瑩,,1,114-2,97069,PE2065,,,,,"[""[PTT | 104-1]: 轉載自 PTT 作者 ID: csieme (資工米)\n哪一學年度修課： 104-1\n\nψ 授課教師 (若為多人合授請寫開課教師，以方便收錄) 連家瑩\n\nδ 課程大概內容\n\n切挑 切放 單打 雙打\n\nΩ 私心推薦指數(以五分計) ★★★★★\nη 上課用書(影印講義或是指定教科書) 無\n\nμ 上課方式(投影片、團體討論、老師教學風格)\n\n暖身跑米字步 之後2/3/4人一組看練甚麼\n\n學期中後段也會練習單打跟雙打配合\n\n練習的時候老師會巡 有問題也可以直接問\n\nσ 評分方式(給分甜嗎？是紮實分？)\n\n印象中是40%出席+20%單打+20%雙打+10%切球+10%比賽/觀賽\n\nρ 考題型式、作業方式\n\n單雙打比賽各20分 看排名給分\n\n不負責任印象好像是分成三個等第16/18/20\n\n比賽方式是單打雙淘汰 雙打是分組循環再分組循環再分組循環\n\n各比兩個禮拜擇優\n\n倒數最後二周有切球測驗 滿分十分 無限補考\n\nω 其它(是否注重出席率？如果為外系選修，需先有什麼基礎較好嗎？老師個性？\n加簽習慣？嚴禁遲到等…)\n\n出席扣很重 無法保持請三思\n\n老師會要同學去比賽 學期中也會告知比賽訊息\n\n真的無法也可以觀賽寫兩篇心得(網路也可)\n\n加簽因為沒滿所以是全簽\n\n基礎的話我覺得會打就可以了\n\n個人只有修過羽初 這學期分數應該是全拿 也是目前唯一一個A+ QAQ*\n\nΨ 總結\n\n老師人很好 實力就算跟不上根據上面的算法只要全勤應該還是有A以上\n\n上一學期課 沒有額外練習 還是感覺進步很多\n\n爬得起來 摸過羽球 就可以來修了~\n\n--\n\n原文網址: https://www.ptt.cc/bbs/NTUcourse/M.1453441862.A.AC5.html""]","[{""User_ID"": ""PTT"", ""Semester"": ""104-1"", ""Rating_Quality"": null, ""Rating_Sweet"": null, ""Rating_Easy"": null, ""Rating_Rich"": null, ""Comment"": ""轉載自 PTT 作者 ID: csieme (資工米)\n哪一學年度修課： 104-1\n\nψ 授課教師 (若為多人合授請寫開課教師，以方便收錄) 連家瑩\n\nδ 課程大概內容\n\n切挑 切放 單打 雙打\n\nΩ 私心推薦指數(以五分計) ★★★★★\nη 上課用書(影印講義或是指定教科書) 無\n\nμ 上課方式(投影片、團體討論、老師教學風格)\n\n暖身跑米字步 之後2/3/4人一組看練甚麼\n\n學期中後段也會練習單打跟雙打配合\n\n練習的時候老師會巡 有問題也可以直接問\n\nσ 評分方式(給分甜嗎？是紮實分？)\n\n印象中是40%出席+20%單打+20%雙打+10%切球+10%比賽/觀賽\n\nρ 考題型式、作業方式\n\n單雙打比賽各20分 看排名給分\n\n不負責任印象好像是分成三個等第16/18/20\n\n比賽方式是單打雙淘汰 雙打是分組循環再分組循環再分組循環\n\n各比兩個禮拜擇優\n\n倒數最後二周有切球測驗 滿分十分 無限補考\n\nω 其它(是否注重出席率？如果為外系選修，需先有什麼基礎較好嗎？老師個性？\n加簽習慣？嚴禁遲到等…)\n\n出席扣很重 無法保持請三思\n\n老師會要同學去比賽 學期中也會告知比賽訊息\n\n真的無法也可以觀賽寫兩篇心得(網路也可)\n\n加簽因為沒滿所以是全簽\n\n基礎的話我覺得會打就可以了\n\n個人只有修過羽初 這學期分數應該是全拿 也是目前唯一一個A+ QAQ*\n\nΨ 總結\n\n老師人很好 實力就算跟不上根據上面的算法只要全勤應該還是有A以上\n\n上一學期課 沒有額外練習 還是感覺進步很多\n\n爬得起來 摸過羽球 就可以來修了~\n\n--\n\n原文網址: https://www.ptt.cc/bbs/NTUcourse/M.1453441862.A.AC5.html""}]"
足球初級,楊裕隆,,1,114-2,97072,PE2071,,,,,"[""無評價""]",[]
足球中級,楊裕隆,,1,114-2,97074,PE2072,,,,,"[""無評價""]",[]
桌球初級,林信甫,,1,114-2,97075,PE2074,,,,,"[""無評價""]",[]
桌球初級,呂宛蓁,,1,114-2,97077,PE2074,5.0,4.6,1.5,2.8,"[""[User41252 | 113-1]: Table Tennis course for beginners.\nHighly recommended. Great class and great teachers.""]","[{""User_ID"": ""User41252"", ""Semester"": ""113-1"", ""Rating_Quality"": null, ""Rating_Sweet"": null, ""Rating_Easy"": null, ""Rating_Rich"": null, ""Comment"": ""Table Tennis course for beginners.\nHighly recommended. Great class and great teachers.""}]"
桌球初級,陳逸杰,,1,114-2,97079,PE2074,5.0,5.0,2.8,1.5,"[""[User43710 | 113-2]: Table tennis\nOn site playing table tennis\nNA\nmidterm and final testing basic table tennis skills\nattendance, self-practice records, midterm and final\nvery chill mod which students can enjoy learning and playing table tennis""]","[{""User_ID"": ""User43710"", ""Semester"": ""113-2"", ""Rating_Quality"": null, ""Rating_Sweet"": null, ""Rating_Easy"": null, ""Rating_Rich"": null, ""Comment"": ""Table tennis\nOn site playing table tennis\nNA\nmidterm and final testing basic table tennis skills\nattendance, self-practice records, midterm and final\nvery chill mod which students can enjoy learning and playing table tennis""}]"
桌球初級,王傑賢,,1,114-2,97081,PE2074,,,,,"[""無評價""]",[]
桌球中級,陳逸杰,,1,114-2,97084,PE2075,5.0,5.0,3.0,4.0,"[""[User99027 | 111-1]: 技術測驗中前兩項為期中考內容、後兩項為期末考內容，平常有在上課應該沒啥問題，就算沒考過老師也會給不少補考機會，不用太擔心！\n比賽成績為期中後的團體賽分數，運氣成分偏高，但對成績影響不大，畢竟其它分數都非常好拿\n技術測驗 40% 正手連續拉、餵多球、推側撲、發球\n學習精神 30% 曠課1次-5分，事假-3分，病假-2分，遲到-1（對，只要沒來上課就會扣分）\n比賽成績 15% 比賽綜合成績\n課外練習 10% 課外練習10小時\n書面報告 5% 學習心得與建議\n如果想拿滿出席分，每堂課就都要出席。上課通常不是打比賽就是練球，其實會消耗不少體力，所以不算特別涼。\n老師人很好，上起課來很愉快，雖然是中級班，但班上也是有不少剛學不久的同學，所以只學過一點點也不用怕跟不上大家 吧。\n就是一堂蠻不錯的體育課，有稍微訓練到桌球實力，loading也不重，給分又大方，蠻讚的。""]","[{""User_ID"": ""User99027"", ""Semester"": ""111-1"", ""Rating_Quality"": null, ""Rating_Sweet"": null, ""Rating_Easy"": null, ""Rating_Rich"": null, ""Comment"": ""技術測驗中前兩項為期中考內容、後兩項為期末考內容，平常有在上課應該沒啥問題，就算沒考過老師也會給不少補考機會，不用太擔心！\n比賽成績為期中後的團體賽分數，運氣成分偏高，但對成績影響不大，畢竟其它分數都非常好拿\n技術測驗 40% 正手連續拉、餵多球、推側撲、發球\n學習精神 30% 曠課1次-5分，事假-3分，病假-2分，遲到-1（對，只要沒來上課就會扣分）\n比賽成績 15% 比賽綜合成績\n課外練習 10% 課外練習10小時\n書面報告 5% 學習心得與建議\n如果想拿滿出席分，每堂課就都要出席。上課通常不是打比賽就是練球，其實會消耗不少體力，所以不算特別涼。\n老師人很好，上起課來很愉快，雖然是中級班，但班上也是有不少剛學不久的同學，所以只學過一點點也不用怕跟不上大家 吧。\n就是一堂蠻不錯的體育課，有稍微訓練到桌球實力，loading也不重，給分又大方，蠻讚的。""}]"
桌球中級,王傑賢,,1,114-2,97087,PE2075,5.0,5.0,5.0,4.0,"[""[User95586 | 113-2]: 打球\n教正反手拉弧圈球\n正手撥球\n等其他較難的技術\n親口說明+叫我朋友上來幫忙做球或示範，偶爾有一些老人廢話\n球拍與桌球\n球拍會附，但都在中級了自己準備一個順手的球拍比較好\n期中和期末的個人賽，依排名區間算分(佔比較大)\n2分鐘內正手、反手、左推右攻對打\n期末團體賽(好像只佔10%)\n給分很寬鬆，排名賽有前8有A+，打得最爛的也有B-\n基本上是快樂打球，照表操課，完成後就可以自己亂打\n我排名賽拿到第一好爽""]","[{""User_ID"": ""User95586"", ""Semester"": ""113-2"", ""Rating_Quality"": null, ""Rating_Sweet"": null, ""Rating_Easy"": null, ""Rating_Rich"": null, ""Comment"": ""打球\n教正反手拉弧圈球\n正手撥球\n等其他較難的技術\n親口說明+叫我朋友上來幫忙做球或示範，偶爾有一些老人廢話\n球拍與桌球\n球拍會附，但都在中級了自己準備一個順手的球拍比較好\n期中和期末的個人賽，依排名區間算分(佔比較大)\n2分鐘內正手、反手、左推右攻對打\n期末團體賽(好像只佔10%)\n給分很寬鬆，排名賽有前8有A+，打得最爛的也有B-\n基本上是快樂打球，照表操課，完成後就可以自己亂打\n我排名賽拿到第一好爽""}]"
排球初級,陳志一,,1,114-2,97090,PE2080,,,,,"[""[PTT | 107-2]: 轉載自 PTT 作者 ID: zeus840703 (ZZeus)\n哪一學年度修課：\n\n107-2\n\nψ 授課教師 (若為多人合授請寫開課教師，以方便收錄)\n\n陳志一\n\nλ 開課系所與授課對象 (是否為必修或通識課 / 內容是否與某些背景相關)\n\n專項運動學群\n\nδ 課程大概內容\n\n高、低手墊球與發球\n一點點攻擊動作\n\nΩ 私心推薦指數(以五分計) ★★★★★\n\n打好基礎 ☆\n了解排球規則 ☆\n想曬黑 ★★★★★\n\nη 上課用書(影印講義或是指定教科書)\n\n無\n\nμ 上課方式(投影片、團體討論、老師教學風格)\n\n集合點名後跑排球場三圈，然後再集合(意義不明？)，接著分組熱身(隔網拋球\n、發球、墊球)。\n\n熱身大概15~25分左右，之後會講一下當週要練習哪些動作，請同學上去示範，\n然後一樣分組練習。\n\n最後就是分組打比賽，總共有7隊，整學期下來每隊都會互打到一場。\n\nσ 評分方式(給分甜嗎？是紮實分？)\n\n我只有發球哪個項目少過一顆，最後A+，但其他人從A到A-都有，不甜。\n\nρ 考題型式、作業方式\n\n期中考：高、低手對空墊球各30下，發球8顆(高、低手皆可，但不能交換)\n期末考：兩人隔網墊球，「每人」高、低手各15下\n\n此外老師會要各隊平常自己約出來練習，期末去登記次數。\n\nω 其它(是否注重出席率？如果為外系選修，需先有什麼基礎較好嗎？老師個性？\n加簽習慣？嚴禁遲到等…)\n\n沒記錯的話第一堂課有去就全簽，整班大概60人左右。\n\n先說結論，這是一堂相當不推薦的課，理由如下：\n\n雖然是排球「初級」，但老師對於動作的教學可說是幾乎沒有，以最基本的高\n、低手來說，就只是叫同學上去示範一下，沒有針對細部動作做講解。前幾堂\n課還要每組圍成一個圈來墊球，非常沒有效率的一個項目，說是要培養默契，\n我還以為在玩團康遊戲。到了學期後半讓大家練習攻擊，但攻擊步也沒教，只\n說最後一步要有一個停頓的動作，就直接開始練習，是當大家都練武奇才？排\n球規則也「完全沒有」講解，就讓大家開始打play，我認為非常不妥。\n\n另外就是天氣的問題，下學期會越上越熱，有時候難免會到樹蔭下躲太陽，然\n後老師就會叫大家不要躲太陽，學期初就跟大家提醒過blablabla。\n\n最後引用某位同學的話：\n\nhttps://i.imgur.com/xyRMG2E.jpg\n\nΨ 總結\n\n對排球有興趣的人，最好不要修這門課，只會浪費時間，搞不好還會越上越討厭\n排球。\n\n總之這門課，我覺得不行。\n\n\n--\n\n原文網址: https://www.ptt.cc/bbs/NTUcourse/M.1562252955.A.DA0.html"", ""[PTT | 106-2]: 轉載自 PTT 作者 ID: Hirugashuowl (及喀爾度)\n哪一學年度修課：\n\n106-2\n\nψ 授課教師 (若為多人合授請寫開課教師，以方便收錄)\n\n陳志一\n\nλ 開課系所與授課對象 (是否為必修或通識課 / 內容是否與某些背景相關)\n\n專項運動學群，不限科系\n\nδ 課程大概內容\n\n排球基本動作：低手/高手擊球與傳球、扣球、接球\n\n六人制分組比賽：共兩輪，也就是任兩組都要打兩場\n\n\nΩ 私心推薦指數(以五分計) ★★★★★\n\n\n不擅長運動但夢想體育課學得開心又拿到高分：★★★★★\n\n對排球不排斥且希望多交朋友：★★★★\n\n稍有排球基礎期待更加精進：★★★\n\n具備系隊等級程度並盼望與勢均力敵的對手切磋：★★\n\n重視肌膚保養或對陽光過敏或容易中暑者：★\n\n\nη 上課用書(影印講義或是指定教科書)\n\n無\n\nμ 上課方式(投影片、團體討論、老師教學風格)\n\n先點名後慢跑排球場兩圈，然後進行熱身(拋球過網)並複習先前講過的動作，\n接著講授當週進度並分組練習，最後則是分組比賽。\n\n如果當週有測驗，則熱身完畢後要測驗的組別進行測驗，其他組別分組比賽。\n\n老師講解都只是很簡單的示範，技巧與細節通常要靠小組隊員指導，因此\n一開學的分組真‧的‧超‧級‧無‧敵‧重‧要，遇到系隊成員或運動天才是\n常做善事累積的功德，請多加珍惜。\n\n對於程度不錯的同學，這門課與其說是在精進「球技」，不如說是訓練「口才」\n，很多時候必須仰賴有經驗者傳授，一組能有一位兼具解說與技術的夥伴誠可謂\n天降甘霖，滋潤與緩和入門者惴慄不安的焦慮。\n\n\nσ 評分方式(給分甜嗎？是紮實分？)\n\n甜到作夢都會笑！(嚴重懷疑全班A+~)\n不誇張，個人排球基礎趨近於零、期中期末測驗都沒有達標尚且如此，\n遑論其他更厲害的同學。\n\n老師重視學生的學習態度勝過測驗表現，平常都是和氣親切，與學生談笑風生，\n唯二在課堂上面露慍色，是因為同學有些不太合宜的舉動，讓老師覺得不受尊重\n或違反運動家精神。\n\n至於測驗成績從來不是會讓老師動怒的原因，沒有達標也都願意再給機會補考\n或用其他方式代替，只要不是缺考都有機會給到最好。\n\n\nρ 考題型式、作業方式\n\n評分項目：出席率、平時參與、課後練習、期中測驗(低手/高手自拋自接各50下)\n期末測驗(低手/高手兩人對傳各15下)\n\n\nω 其它(是否注重出席率？如果為外系選修，需先有什麼基礎較好嗎？老師個性？\n加簽習慣？嚴禁遲到等…)\n\n要加簽務必出席第一堂課，原則上只要場地允許都會接納。\n因為一敲鐘就點名，遲到要找老師補點，次數一多印象分數可能會打折扣。\n\n理論上「初級」應該是不需要任何基礎，但只要上了幾堂就會發現同學的平均\n水準一點都不初級...這不只是這門課的問題，所有體育課都有類似的情況，從\n初學者到系隊都有，或許也讓老師在教學上產生困擾。\n\n更直接的影響會在分組比賽中呈現出來，原則上分組是隨機安排，各組程度理應\n不致有太大落差，但現實往往就是殘酷。合理推測無論是揪團去修或是巧遇，熟\n識的人往往會「調整」成同一組，強強聚集的結果使得各組間實力有明顯落差。\n而排球這種團體運動都如此，更不用說像羽球這樣上場人數少的比賽，真正的初\n學者必須有著強大的挫折忍受力，在萌芽階段就要接受狂風暴雨的襲擊，雨過天\n晴後迎向天際的彩虹。\n\n\nΨ 總結\n\n如果真的是運動苦手且懼怕單獨面對強者但又渴望認識新朋友的人，這門課\n絕對是最好的選擇。唯一本質上的缺陷就是「太陽」，4-6月的陽光具有融\n化鋼鐵意志的威力，有一次還真的太熱而去借新體的室內場地，也許秋冬來\n修會比較理想，但上學期老師要開大一體適能，不見得有多餘的學分可以開\n排球，若真的有開就請把握機會。\n\n\n\n\n\n\n\n\n\n--\n╭ 這篇文章讓你覺得？═════════════════════════╮\n║ by ycat ║y\n║ ──+ ︵ ︵ . .！ ˇ ˇ ╲ ╱ ˇˇ || ◣ ◢║c\n║￣﹀￣ ￣▽￣ ▄ ▇△▇ ≧﹏≦b ￣︶￣y ￣–￣ 皿 ║a\n║ 新奇 溫馨 誇張 難過 實用 高興 無聊 生氣 ║t\n╰══════════════════════════════════ ╯\n\n--\n\n原文網址: https://www.ptt.cc/bbs/NTUcourse/M.1531155874.A.135.html""]","[{""User_ID"": ""PTT"", ""Semester"": ""107-2"", ""Rating_Quality"": null, ""Rating_Sweet"": null, ""Rating_Easy"": null, ""Rating_Rich"": null, ""Comment"": ""轉載自 PTT 作者 ID: zeus840703 (ZZeus)\n哪一學年度修課：\n\n107-2\n\nψ 授課教師 (若為多人合授請寫開課教師，以方便收錄)\n\n陳志一\n\nλ 開課系所與授課對象 (是否為必修或通識課 / 內容是否與某些背景相關)\n\n專項運動學群\n\nδ 課程大概內容\n\n高、低手墊球與發球\n一點點攻擊動作\n\nΩ 私心推薦指數(以五分計) ★★★★★\n\n打好基礎 ☆\n了解排球規則 ☆\n想曬黑 ★★★★★\n\nη 上課用書(影印講義或是指定教科書)\n\n無\n\nμ 上課方式(投影片、團體討論、老師教學風格)\n\n集合點名後跑排球場三圈，然後再集合(意義不明？)，接著分組熱身(隔網拋球\n、發球、墊球)。\n\n熱身大概15~25分左右，之後會講一下當週要練習哪些動作，請同學上去示範，\n然後一樣分組練習。\n\n最後就是分組打比賽，總共有7隊，整學期下來每隊都會互打到一場。\n\nσ 評分方式(給分甜嗎？是紮實分？)\n\n我只有發球哪個項目少過一顆，最後A+，但其他人從A到A-都有，不甜。\n\nρ 考題型式、作業方式\n\n期中考：高、低手對空墊球各30下，發球8顆(高、低手皆可，但不能交換)\n期末考：兩人隔網墊球，「每人」高、低手各15下\n\n此外老師會要各隊平常自己約出來練習，期末去登記次數。\n\nω 其它(是否注重出席率？如果為外系選修，需先有什麼基礎較好嗎？老師個性？\n加簽習慣？嚴禁遲到等…)\n\n沒記錯的話第一堂課有去就全簽，整班大概60人左右。\n\n先說結論，這是一堂相當不推薦的課，理由如下：\n\n雖然是排球「初級」，但老師對於動作的教學可說是幾乎沒有，以最基本的高\n、低手來說，就只是叫同學上去示範一下，沒有針對細部動作做講解。前幾堂\n課還要每組圍成一個圈來墊球，非常沒有效率的一個項目，說是要培養默契，\n我還以為在玩團康遊戲。到了學期後半讓大家練習攻擊，但攻擊步也沒教，只\n說最後一步要有一個停頓的動作，就直接開始練習，是當大家都練武奇才？排\n球規則也「完全沒有」講解，就讓大家開始打play，我認為非常不妥。\n\n另外就是天氣的問題，下學期會越上越熱，有時候難免會到樹蔭下躲太陽，然\n後老師就會叫大家不要躲太陽，學期初就跟大家提醒過blablabla。\n\n最後引用某位同學的話：\n\nhttps://i.imgur.com/xyRMG2E.jpg\n\nΨ 總結\n\n對排球有興趣的人，最好不要修這門課，只會浪費時間，搞不好還會越上越討厭\n排球。\n\n總之這門課，我覺得不行。\n\n\n--\n\n原文網址: https://www.ptt.cc/bbs/NTUcourse/M.1562252955.A.DA0.html""}, {""User_ID"": ""PTT"", ""Semester"": ""106-2"", ""Rating_Quality"": null, ""Rating_Sweet"": null, ""Rating_Easy"": null, ""Rating_Rich"": null, ""Comment"": ""轉載自 PTT 作者 ID: Hirugashuowl (及喀爾度)\n哪一學年度修課：\n\n106-2\n\nψ 授課教師 (若為多人合授請寫開課教師，以方便收錄)\n\n陳志一\n\nλ 開課系所與授課對象 (是否為必修或通識課 / 內容是否與某些背景相關)\n\n專項運動學群，不限科系\n\nδ 課程大概內容\n\n排球基本動作：低手/高手擊球與傳球、扣球、接球\n\n六人制分組比賽：共兩輪，也就是任兩組都要打兩場\n\n\nΩ 私心推薦指數(以五分計) ★★★★★\n\n\n不擅長運動但夢想體育課學得開心又拿到高分：★★★★★\n\n對排球不排斥且希望多交朋友：★★★★\n\n稍有排球基礎期待更加精進：★★★\n\n具備系隊等級程度並盼望與勢均力敵的對手切磋：★★\n\n重視肌膚保養或對陽光過敏或容易中暑者：★\n\n\nη 上課用書(影印講義或是指定教科書)\n\n無\n\nμ 上課方式(投影片、團體討論、老師教學風格)\n\n先點名後慢跑排球場兩圈，然後進行熱身(拋球過網)並複習先前講過的動作，\n接著講授當週進度並分組練習，最後則是分組比賽。\n\n如果當週有測驗，則熱身完畢後要測驗的組別進行測驗，其他組別分組比賽。\n\n老師講解都只是很簡單的示範，技巧與細節通常要靠小組隊員指導，因此\n一開學的分組真‧的‧超‧級‧無‧敵‧重‧要，遇到系隊成員或運動天才是\n常做善事累積的功德，請多加珍惜。\n\n對於程度不錯的同學，這門課與其說是在精進「球技」，不如說是訓練「口才」\n，很多時候必須仰賴有經驗者傳授，一組能有一位兼具解說與技術的夥伴誠可謂\n天降甘霖，滋潤與緩和入門者惴慄不安的焦慮。\n\n\nσ 評分方式(給分甜嗎？是紮實分？)\n\n甜到作夢都會笑！(嚴重懷疑全班A+~)\n不誇張，個人排球基礎趨近於零、期中期末測驗都沒有達標尚且如此，\n遑論其他更厲害的同學。\n\n老師重視學生的學習態度勝過測驗表現，平常都是和氣親切，與學生談笑風生，\n唯二在課堂上面露慍色，是因為同學有些不太合宜的舉動，讓老師覺得不受尊重\n或違反運動家精神。\n\n至於測驗成績從來不是會讓老師動怒的原因，沒有達標也都願意再給機會補考\n或用其他方式代替，只要不是缺考都有機會給到最好。\n\n\nρ 考題型式、作業方式\n\n評分項目：出席率、平時參與、課後練習、期中測驗(低手/高手自拋自接各50下)\n期末測驗(低手/高手兩人對傳各15下)\n\n\nω 其它(是否注重出席率？如果為外系選修，需先有什麼基礎較好嗎？老師個性？\n加簽習慣？嚴禁遲到等…)\n\n要加簽務必出席第一堂課，原則上只要場地允許都會接納。\n因為一敲鐘就點名，遲到要找老師補點，次數一多印象分數可能會打折扣。\n\n理論上「初級」應該是不需要任何基礎，但只要上了幾堂就會發現同學的平均\n水準一點都不初級...這不只是這門課的問題，所有體育課都有類似的情況，從\n初學者到系隊都有，或許也讓老師在教學上產生困擾。\n\n更直接的影響會在分組比賽中呈現出來，原則上分組是隨機安排，各組程度理應\n不致有太大落差，但現實往往就是殘酷。合理推測無論是揪團去修或是巧遇，熟\n識的人往往會「調整」成同一組，強強聚集的結果使得各組間實力有明顯落差。\n而排球這種團體運動都如此，更不用說像羽球這樣上場人數少的比賽，真正的初\n學者必須有著強大的挫折忍受力，在萌芽階段就要接受狂風暴雨的襲擊，雨過天\n晴後迎向天際的彩虹。\n\n\nΨ 總結\n\n如果真的是運動苦手且懼怕單獨面對強者但又渴望認識新朋友的人，這門課\n絕對是最好的選擇。唯一本質上的缺陷就是「太陽」，4-6月的陽光具有融\n化鋼鐵意志的威力，有一次還真的太熱而去借新體的室內場地，也許秋冬來\n修會比較理想，但上學期老師要開大一體適能，不見得有多餘的學分可以開\n排球，若真的有開就請把握機會。\n\n\n\n\n\n\n\n\n\n--\n╭ 這篇文章讓你覺得？═════════════════════════╮\n║ by ycat ║y\n║ ──+ ︵ ︵ . .！ ˇ ˇ ╲ ╱ ˇˇ || ◣ ◢║c\n║￣﹀￣ ￣▽￣ ▄ ▇△▇ ≧﹏≦b ￣︶￣y ￣–￣ 皿 ║a\n║ 新奇 溫馨 誇張 難過 實用 高興 無聊 生氣 ║t\n╰══════════════════════════════════ ╯\n\n--\n\n原文網址: https://www.ptt.cc/bbs/NTUcourse/M.1531155874.A.135.html""}]"
排球初級,胡林煥,,1,114-2,97093,PE2080,,,,,"[""[PTT | 105-2]: 轉載自 PTT 作者 ID: egg1127 (egg1127)\n哪一學年度修課：105-2\n\nψ 授課教師 (若為多人合授請寫開課教師，以方便收錄)\n\n胡林煥\n\nλ 開課系所與授課對象 (是否為必修或通識課 / 內容是否與某些背景相關)\n\n專項體育課程\n\nδ 課程大概內容\n\n課程簡介、上課須知、基本資料填寫\n低手傳接球基本動作介紹與演練\n高手傳接球基本動作介紹與演練\n綜合演練\n發球、接發球動作介紹與演練\n舉球動作介紹與演練\n扣球動作介紹與演練\n隊形講解、分組比賽\n\nΩ 私心推薦指數(以五分計)\n\n有排球基礎 ★★★★★\n有心學好動作 ★★★★★\n願意花時間練習 ★★★★★\n怕曬太陽 ★\n想混體育學分 ★\n\nη 上課用書(影印講義或是指定教科書)\n\n無\n\nμ 上課方式(投影片、團體討論、老師教學風格)\n\n老師會先集合大家講解今天要上的內容，再讓大家分開兩兩練習。課間也會再\n集合一兩次講解別的動作。下課前集合點名。\n\n老師是校男排的教練，動作標準、講解清楚，上課非常認真，在各自練習的時\n候老師也會巡視整個球場，修正大家的動作，私底下有問題也會很有耐心的教，甚至是幫\n你看非課堂進度的動作XD\n\nσ 評分方式(給分甜嗎？是紮實分？)\n\n發球（10球）20%\n觀賽報告 10%\n期中考--個人對空連續擊球（低手、高手各40下）10%\n期末考--雙人連續擊球（低手、高手各40下，會看動作正確性與流暢度）30%\n課堂表現 10%\n出缺席 20%\n\n算是紮實分吧！考多少算多少，因此如果個人比較弱的就要自己花時間練習，\n畢竟考試項目都是不難卻需要練習的動作，如果是系排或是有一定基礎的其實不太需要另\n外準備。\n\n不過考試可以重考，老師人很好只要時間許可，基本上能一直重考XD 有看到老\n師下課留下來補考。\n\n老師相當注重出席，第一堂就有強調，如果是喜歡遲到還有缺課的人還是不要\n修比較好。\n\nρ 考題型式、作業方式\n\n觀賽報告顧名思義就是要去看正式比賽，校內的不算，像是老師介紹我們去看U\nVL，不會很難寫，主要著重在觀察隊伍模式以及某位選手個人表現即可。\n\nω 其它(是否注重出席率？如果為外系選修，需先有什麼基礎較好嗎？老師個性？\n加簽習慣？嚴禁遲到等…)\n\n第一週不要遲到，只要老師手上的加簽碼夠，就會全簽（老師認為願意來曬太\n陽運動就是好事XD)\n\n老師是位認真的人，期末成績非常快就送到，適合想要趕快得到成績的人。\n\nΨ 總結\n\n雖然是排初，但班上大部分的同學都有一定程度，老師可能會按照狀況調整課\n程內容（考試項目不變），如果是完全初學的同學可能要加強心理素質不要覺得太挫敗，\n否則在練對空的時候看到隔壁場有人在打攻擊會嚇到XD\n\n我們這學期因為遇到老師要帶校隊比賽以及一些放假，真正上到課只有10週左\n右，在課程進度上或練習上都有點趕，扣球、舉球其實沒什麼練習到，雨天也不能出去打\n球，實際上到的課沒有太多，不過期末也因此少考了高手對打。\n\n結論：好課，推！\n\n--\n\n原文網址: https://www.ptt.cc/bbs/NTUcourse/M.1499062133.A.BE3.html""]","[{""User_ID"": ""PTT"", ""Semester"": ""105-2"", ""Rating_Quality"": null, ""Rating_Sweet"": null, ""Rating_Easy"": null, ""Rating_Rich"": null, ""Comment"": ""轉載自 PTT 作者 ID: egg1127 (egg1127)\n哪一學年度修課：105-2\n\nψ 授課教師 (若為多人合授請寫開課教師，以方便收錄)\n\n胡林煥\n\nλ 開課系所與授課對象 (是否為必修或通識課 / 內容是否與某些背景相關)\n\n專項體育課程\n\nδ 課程大概內容\n\n課程簡介、上課須知、基本資料填寫\n低手傳接球基本動作介紹與演練\n高手傳接球基本動作介紹與演練\n綜合演練\n發球、接發球動作介紹與演練\n舉球動作介紹與演練\n扣球動作介紹與演練\n隊形講解、分組比賽\n\nΩ 私心推薦指數(以五分計)\n\n有排球基礎 ★★★★★\n有心學好動作 ★★★★★\n願意花時間練習 ★★★★★\n怕曬太陽 ★\n想混體育學分 ★\n\nη 上課用書(影印講義或是指定教科書)\n\n無\n\nμ 上課方式(投影片、團體討論、老師教學風格)\n\n老師會先集合大家講解今天要上的內容，再讓大家分開兩兩練習。課間也會再\n集合一兩次講解別的動作。下課前集合點名。\n\n老師是校男排的教練，動作標準、講解清楚，上課非常認真，在各自練習的時\n候老師也會巡視整個球場，修正大家的動作，私底下有問題也會很有耐心的教，甚至是幫\n你看非課堂進度的動作XD\n\nσ 評分方式(給分甜嗎？是紮實分？)\n\n發球（10球）20%\n觀賽報告 10%\n期中考--個人對空連續擊球（低手、高手各40下）10%\n期末考--雙人連續擊球（低手、高手各40下，會看動作正確性與流暢度）30%\n課堂表現 10%\n出缺席 20%\n\n算是紮實分吧！考多少算多少，因此如果個人比較弱的就要自己花時間練習，\n畢竟考試項目都是不難卻需要練習的動作，如果是系排或是有一定基礎的其實不太需要另\n外準備。\n\n不過考試可以重考，老師人很好只要時間許可，基本上能一直重考XD 有看到老\n師下課留下來補考。\n\n老師相當注重出席，第一堂就有強調，如果是喜歡遲到還有缺課的人還是不要\n修比較好。\n\nρ 考題型式、作業方式\n\n觀賽報告顧名思義就是要去看正式比賽，校內的不算，像是老師介紹我們去看U\nVL，不會很難寫，主要著重在觀察隊伍模式以及某位選手個人表現即可。\n\nω 其它(是否注重出席率？如果為外系選修，需先有什麼基礎較好嗎？老師個性？\n加簽習慣？嚴禁遲到等…)\n\n第一週不要遲到，只要老師手上的加簽碼夠，就會全簽（老師認為願意來曬太\n陽運動就是好事XD)\n\n老師是位認真的人，期末成績非常快就送到，適合想要趕快得到成績的人。\n\nΨ 總結\n\n雖然是排初，但班上大部分的同學都有一定程度，老師可能會按照狀況調整課\n程內容（考試項目不變），如果是完全初學的同學可能要加強心理素質不要覺得太挫敗，\n否則在練對空的時候看到隔壁場有人在打攻擊會嚇到XD\n\n我們這學期因為遇到老師要帶校隊比賽以及一些放假，真正上到課只有10週左\n右，在課程進度上或練習上都有點趕，扣球、舉球其實沒什麼練習到，雨天也不能出去打\n球，實際上到的課沒有太多，不過期末也因此少考了高手對打。\n\n結論：好課，推！\n\n--\n\n原文網址: https://www.ptt.cc/bbs/NTUcourse/M.1499062133.A.BE3.html""}]"
排球初級,呂宛蓁,,1,114-2,97091,PE2080,4.5,4.5,4.0,2.5,"[""[User64309 | 113-2]: 可以學到最基本的排球知識又可以讓我們體驗到競賽的感覺，遺憾的是經常下雨令練習時間減短了"", ""[User07249 | 113-1]: Beginning Volleyball skills.\nHands-on and fun-focused with intensity.\nHitting and serving exams.\nBased on hitting scores\nGreat class, one of my favorites at NTU""]","[{""User_ID"": ""User64309"", ""Semester"": ""113-2"", ""Rating_Quality"": null, ""Rating_Sweet"": null, ""Rating_Easy"": null, ""Rating_Rich"": null, ""Comment"": ""可以學到最基本的排球知識又可以讓我們體驗到競賽的感覺，遺憾的是經常下雨令練習時間減短了""}, {""User_ID"": ""User07249"", ""Semester"": ""113-1"", ""Rating_Quality"": null, ""Rating_Sweet"": null, ""Rating_Easy"": null, ""Rating_Rich"": null, ""Comment"": ""Beginning Volleyball skills.\nHands-on and fun-focused with intensity.\nHitting and serving exams.\nBased on hitting scores\nGreat class, one of my favorites at NTU""}]"
排球中級,胡林煥,,1,114-2,97096,PE2081,5.0,5.0,3.0,3.0,"[""[User94081 | 113-1]: There is one short film that each team has to make and present and as \""final\"" each player individually has to do 10 serves in a small square.\nThe grading consists of 5 components:\n1. The film\n2. In-class performance\n3. Attendance\n4. Hitting 10 serves\n5. In-class tournament ranking\nThis course, as its name suggests, is not for beginners. I genuinely mean that. You need quite a bit of volleyball experience to attend this course. It is expected that you have a basic understanding of positioning, runner systems, and be proficient in all techniques. I was surprised by the high skill level of the students in an intermediate course. Overall, it was a great course. It wasn’t too demanding, and there was no homework except for the short film. However, I wouldn’t necessarily recommend this course to non-Chinese speakers because it is fully taught in Chinese. Fortunately, I had supportive teammates who translated the most important information for me. Great people, great lecturer, learned alot, can recommend this course!""]","[{""User_ID"": ""User94081"", ""Semester"": ""113-1"", ""Rating_Quality"": null, ""Rating_Sweet"": null, ""Rating_Easy"": null, ""Rating_Rich"": null, ""Comment"": ""There is one short film that each team has to make and present and as \""final\"" each player individually has to do 10 serves in a small square.\nThe grading consists of 5 components:\n1. The film\n2. In-class performance\n3. Attendance\n4. Hitting 10 serves\n5. In-class tournament ranking\nThis course, as its name suggests, is not for beginners. I genuinely mean that. You need quite a bit of volleyball experience to attend this course. It is expected that you have a basic understanding of positioning, runner systems, and be proficient in all techniques. I was surprised by the high skill level of the students in an intermediate course. Overall, it was a great course. It wasn’t too demanding, and there was no homework except for the short film. However, I wouldn’t necessarily recommend this course to non-Chinese speakers because it is fully taught in Chinese. Fortunately, I had supportive teammates who translated the most important information for me. Great people, great lecturer, learned alot, can recommend this course!""}]"
籃球初級,林聯喜,,1,114-2,97100,PE2084,5.0,4.0,2.0,4.0,"[""[User86431 | 112-2]: 籃球基本動作、全場站位觀念、兩人或三人的配合戰術\n老師示範後會給大家練習時間，每節課最後打練習賽（但老師會指定要練習什麼戰術或動作）。\n來回運球上籃和運球投籃都會有一次補考的機會。比賽分則是老師會觀察大家的觀念，以及是否練習到上課所學的戰術等等而定，並非得分與否。\n（複製自課程網）\n1. 技能測驗 40%\n全場來回運球上籃(15%) 2、運球投籃(15%) 3、比賽(10%)\n2. 上課狀況 50%\n含出缺席及上課參與狀況。上課未達總上課時數2/3以上,則給於F。 點名未到但有請假者第三次起扣本項分數10分。第四次扣20分，第五次扣40分，第六次扣80分。第七次以上扣100分。 累計二次遲到或早退等於一次請假。\n3. 運動參與報告 10%\n現場觀賞台大盃、HBL、UBA或職業籃球賽後，撰寫500字左右之觀賽報告，並附上一張有自己在現場的照片。\n這堂課比筆者想像的要更有收穫，沒有想到在籃球初級就可以很系統性的學到全場站位觀念和戰術（前幾周會有一點帶球的體能訓練），也有相當的練習時間，很適合想要好好學習籃球的人。不過老師在技能測驗的要求有一定難度，不論是來回運球上籃或運球投籃都要求補到進，因此「補籃」的把握度很重要。雖然如此，老師本人非常親切，練習時有任何問題都可以馬上詢問老師，老師除了重新示範以外也會幫你看動作，基礎不好的人不用太擔心。\n（雖然聽到技能測驗的標準時會有點害怕，不過因為占比不高，只要肯出席和多練習補籃，還是能夠拿到A+）""]","[{""User_ID"": ""User86431"", ""Semester"": ""112-2"", ""Rating_Quality"": null, ""Rating_Sweet"": null, ""Rating_Easy"": null, ""Rating_Rich"": null, ""Comment"": ""籃球基本動作、全場站位觀念、兩人或三人的配合戰術\n老師示範後會給大家練習時間，每節課最後打練習賽（但老師會指定要練習什麼戰術或動作）。\n來回運球上籃和運球投籃都會有一次補考的機會。比賽分則是老師會觀察大家的觀念，以及是否練習到上課所學的戰術等等而定，並非得分與否。\n（複製自課程網）\n1. 技能測驗 40%\n全場來回運球上籃(15%) 2、運球投籃(15%) 3、比賽(10%)\n2. 上課狀況 50%\n含出缺席及上課參與狀況。上課未達總上課時數2/3以上,則給於F。 點名未到但有請假者第三次起扣本項分數10分。第四次扣20分，第五次扣40分，第六次扣80分。第七次以上扣100分。 累計二次遲到或早退等於一次請假。\n3. 運動參與報告 10%\n現場觀賞台大盃、HBL、UBA或職業籃球賽後，撰寫500字左右之觀賽報告，並附上一張有自己在現場的照片。\n這堂課比筆者想像的要更有收穫，沒有想到在籃球初級就可以很系統性的學到全場站位觀念和戰術（前幾周會有一點帶球的體能訓練），也有相當的練習時間，很適合想要好好學習籃球的人。不過老師在技能測驗的要求有一定難度，不論是來回運球上籃或運球投籃都要求補到進，因此「補籃」的把握度很重要。雖然如此，老師本人非常親切，練習時有任何問題都可以馬上詢問老師，老師除了重新示範以外也會幫你看動作，基礎不好的人不用太擔心。\n（雖然聽到技能測驗的標準時會有點害怕，不過因為占比不高，只要肯出席和多練習補籃，還是能夠拿到A+）""}]"
籃球初級,曾郁嫻,,1,114-2,97099,PE2084,2.5,,,5.0,"[""[User97738 | 110-1]: 標諄很高，考試不只考規則""]","[{""User_ID"": ""User97738"", ""Semester"": ""110-1"", ""Rating_Quality"": null, ""Rating_Sweet"": null, ""Rating_Easy"": null, ""Rating_Rich"": null, ""Comment"": ""標諄很高，考試不只考規則""}]"
籃球初級,李永祥,,1,114-2,97104,PE2084,,,,,"[""無評價""]",[]
籃球中級,曾郁嫻,,1,114-2,97108,PE2085,,,,,"[""無評價""]",[]
高爾夫初級,簡坤鐘,,1,114-2,97112,PE2088,4.5,5.0,2.0,4.0,"[""[User21934 | 109-1]: 1.運動健康的基本慨念。\n2.高爾夫運動由來。\n3.高爾夫器材、場地、裝備、禮儀、規則、賽別說明。\n4.高爾夫周邊產業、發展現況簡介。\n5.高爾夫揮桿基本動作（握桿、站姿、上、下桿、收桿）。\n6.半揮桿、全揮桿、切擊球、推桿動作操作演練。\n7.高爾夫比賽影片欣賞。\n1. 高爾夫球及體育知識講授：一開始會先花30-50分鐘的時間，講解一些運動健康基本概念，或是高爾夫球有關的知識（如：器材、場地、裝備、禮儀、規則、賽別）\n2. 熱身：講解之後會先跑醫體兩圈，然後老師會開始帶操，不過期中之後老師就會開始要求大家分組唯圈做操，老師就不會再帶操了\n3. 肌力訓練：老師每堂課大概會挑3-5個肌力訓練動作，每次訓練的次數和強度會慢慢增加\n4. 揮桿基本動作練習：老師會先示範，讓大家練習動作，練幾堂課後才會拿草皮和塑膠球練習打球，會教到的動作包括半揮桿、全揮桿、切擊球、推桿。\n無\n沒有期中考，只有期末考，考半揮桿和全揮桿，考試時間大概是兩、三周，在這期間，全部人都考過第一次之後，就可以無限次的重考，老師每次也會告訴你有哪些地方需要修正。\n1.期末半揮桿測驗 50%\n2.期末全揮桿測驗 10%\n3.出席情況 40%\n非常重視出席，每堂課都會點名，但未到者下次上課可以補講原因，補請假\n老師明說全勤就會A以上，然後應該打得還行（可能打得到球）就會A+了！\n因為我修的課是在醫體上課，所以就沒有到景新練習場實際練球，不過老師有鼓勵大家去總區的高爾夫球場練習。""]","[{""User_ID"": ""User21934"", ""Semester"": ""109-1"", ""Rating_Quality"": null, ""Rating_Sweet"": null, ""Rating_Easy"": null, ""Rating_Rich"": null, ""Comment"": ""1.運動健康的基本慨念。\n2.高爾夫運動由來。\n3.高爾夫器材、場地、裝備、禮儀、規則、賽別說明。\n4.高爾夫周邊產業、發展現況簡介。\n5.高爾夫揮桿基本動作（握桿、站姿、上、下桿、收桿）。\n6.半揮桿、全揮桿、切擊球、推桿動作操作演練。\n7.高爾夫比賽影片欣賞。\n1. 高爾夫球及體育知識講授：一開始會先花30-50分鐘的時間，講解一些運動健康基本概念，或是高爾夫球有關的知識（如：器材、場地、裝備、禮儀、規則、賽別）\n2. 熱身：講解之後會先跑醫體兩圈，然後老師會開始帶操，不過期中之後老師就會開始要求大家分組唯圈做操，老師就不會再帶操了\n3. 肌力訓練：老師每堂課大概會挑3-5個肌力訓練動作，每次訓練的次數和強度會慢慢增加\n4. 揮桿基本動作練習：老師會先示範，讓大家練習動作，練幾堂課後才會拿草皮和塑膠球練習打球，會教到的動作包括半揮桿、全揮桿、切擊球、推桿。\n無\n沒有期中考，只有期末考，考半揮桿和全揮桿，考試時間大概是兩、三周，在這期間，全部人都考過第一次之後，就可以無限次的重考，老師每次也會告訴你有哪些地方需要修正。\n1.期末半揮桿測驗 50%\n2.期末全揮桿測驗 10%\n3.出席情況 40%\n非常重視出席，每堂課都會點名，但未到者下次上課可以補講原因，補請假\n老師明說全勤就會A以上，然後應該打得還行（可能打得到球）就會A+了！\n因為我修的課是在醫體上課，所以就沒有到景新練習場實際練球，不過老師有鼓勵大家去總區的高爾夫球場練習。""}]"
棒球初級,康正男,,1,114-2,97117,PE2097,3.5,2.0,3.5,3.5,"[""[User53773 | 111-1]: 老師上課的時候會教大家打擊(T座)、守備、投球等棒球基礎，期末會有分組比賽，據說贏的那一隊可以加5分\n無\n無\nNA\n算是很不甜的體育課，即使你很會打棒球也不見得可以拿A+；期末會考傳接球，而且評分標準還蠻嚴格的\n但如果喜歡棒球還是可以來上，每次上課的後半段都可以打比賽""]","[{""User_ID"": ""User53773"", ""Semester"": ""111-1"", ""Rating_Quality"": null, ""Rating_Sweet"": null, ""Rating_Easy"": null, ""Rating_Rich"": null, ""Comment"": ""老師上課的時候會教大家打擊(T座)、守備、投球等棒球基礎，期末會有分組比賽，據說贏的那一隊可以加5分\n無\n無\nNA\n算是很不甜的體育課，即使你很會打棒球也不見得可以拿A+；期末會考傳接球，而且評分標準還蠻嚴格的\n但如果喜歡棒球還是可以來上，每次上課的後半段都可以打比賽""}]"
網球初級,連玉輝,,1,114-2,97125,PE2102,5.0,4.5,4.5,3.5,"[""[User28448 | 114-1]: Most classes consisted of teaching / demonstrating the technique, and then self practice with the coach rotating around groups to assist\nPassing checkpoints based on skill level and efforts (may very by semester)\nI love this professor. Always very encouraging and willing to offer help. His advice and corrections are sharp and his experience is very clear. It was a joy every morning to be able to learn from him!""]","[{""User_ID"": ""User28448"", ""Semester"": ""114-1"", ""Rating_Quality"": null, ""Rating_Sweet"": null, ""Rating_Easy"": null, ""Rating_Rich"": null, ""Comment"": ""Most classes consisted of teaching / demonstrating the technique, and then self practice with the coach rotating around groups to assist\nPassing checkpoints based on skill level and efforts (may very by semester)\nI love this professor. Always very encouraging and willing to offer help. His advice and corrections are sharp and his experience is very clear. It was a joy every morning to be able to learn from him!""}]"
網球初級,趙曉涵,,1,114-2,97127,PE2102,,,,,"[""[PTT | 109-1]: 轉載自 PTT 作者 ID: awenla124 (阿蚊)\n哪一學年度修課：109-1\n\nψ 授課教師 (若為多人合授請寫開課教師，以方便收錄) 趙曉涵 老師\n\nλ 開課系所與授課對象 (是否為必修或通識課 / 內容是否與某些背景相關)\nδ 課程大概內容\n9/16 課程介紹\n9/23 [截擊] 基本動作講解與介紹；揮拍及定點擊球練習\n[發球] 基本動作講解與介紹；揮拍及發球練習\n9/30 [正拍] 基本動作講解與介紹；揮拍及定點擊球練習；原地送球練習\n10/7 [複習正拍] 揮拍及定點擊球練習\n[正拍移位] 腳步介紹、練習、移位定點餵球練習\n10/14 [反拍] 基本動作講解與介紹；揮拍及定點擊球練習；對牆擊球練習\n10/21 [複習反拍] 揮拍及定點擊球練習\n[反拍移位] 腳步介紹、練習、移位定點餵球練習\n10/28 全國大專運動會(課程調整)\n11/04 [複習發球] 揮拍與發球練習\n[複習正拍、反拍] 揮拍\n[正、反拍左右腳移位] 腳步複習、移位定點擊球練習\n11/11 [複習發球] 揮拍與發球練習\n[複習正反拍] 揮拍\n[隔網擊球] 講解與介紹；正、反拍隔網擊球練習\n11/18 [複習發球] 揮拍與發球練習\n[複習正反拍] 揮拍\n[隔網擊球] 正、反拍隔網擊球練習\n11/25 [複習發球] 揮拍與發球練習\n[複習正反拍] 揮拍\n[複習] 正、反拍隔網餵球練習\n[複習] 正、反拍左右移位\n12/02 期中測驗\n12/09 [複習發球] 發球練習\n[複習截擊] 截擊練習\n[正反拍抽球上網截擊] 腳步講解與介紹；上網截擊練習\n12/16 截擊擊球練習\n[接發球] 基本動作講解與介紹與練習\n發球/接發球練習\n對打初體驗\n12/23 正、反拍抽球上網截擊練習\n發球/接發球練習\n對打練習\n趣味小比賽\n12/30 期末測驗\n1/6 期末測驗(雨備或比賽)\n1/13 補考\n\n\nΩ 私心推薦指數(以五分計) ★★★★★★★★★★\n\n我自己完全不會打網球、完全沒概念的那種。老師會很詳細的教\n學和說明，簡單好懂。而且分組練習的時候老師和助教都會來調\n整動作，真的有學到東西、也不會很有壓力的讚讚網球課!大推!\n也不用擔心組員好或不好，因為考試組員只幫忙丟球和撿球哈哈\n期末考老師會自己餵球，大家幫忙撿球就好~\n\nη 上課用書(影印講義或是指定教科書)\nμ 上課方式(投影片、團體討論、老師教學風格)\n\n第一堂通常一開始就會處理加簽(抽學生證)，老師說會趕快抽完\n讓沒抽到的人趕快去別堂體育課XD 之後就會開始四人一組分組，\n基本上照著老師教的訣竅和注意事項練習，期中期末都不會太難\n真的是有在學網球、也不會壓力山大的體育課\n上課地點在網球場，個人覺得上學期修比較不怕曬和熱哈哈，如\n果下雨的話就會進新體。我們這學期考完期中之後幾乎都在室內\n有點可惜，因為室內球打起來不好玩。甚至因為在室內太久老師\n還有考慮調整期末考的評分方式。不過最後兩堂很幸運的放晴了\n考試也沒有因此受影響。\n\nσ 評分方式(給分甜嗎？是紮實分？)\n\n期中期末50%\n作業(期末有一個上課心得建議10%；平常上課有動作檢核表10%)\n出席30%\n我是覺得老師人真的超好，沒事不要翹課、作業有交就滿分、測驗\n也沒很難(但隨便考考的心態老師還是看得出來的)\n\n全勤+考試有在認真練習+作業有寫有交，A+\n\nρ 考題型式、作業方式\nω 其它(是否注重出席率？如果為外系選修，需先有什麼基礎較好嗎？老師個性？\n加簽習慣？嚴禁遲到等…)\nΨ 總結\n\n好課哪次不推\n\n--\n\n原文網址: https://www.ptt.cc/bbs/NTUcourse/M.1610975246.A.544.html""]","[{""User_ID"": ""PTT"", ""Semester"": ""109-1"", ""Rating_Quality"": null, ""Rating_Sweet"": null, ""Rating_Easy"": null, ""Rating_Rich"": null, ""Comment"": ""轉載自 PTT 作者 ID: awenla124 (阿蚊)\n哪一學年度修課：109-1\n\nψ 授課教師 (若為多人合授請寫開課教師，以方便收錄) 趙曉涵 老師\n\nλ 開課系所與授課對象 (是否為必修或通識課 / 內容是否與某些背景相關)\nδ 課程大概內容\n9/16 課程介紹\n9/23 [截擊] 基本動作講解與介紹；揮拍及定點擊球練習\n[發球] 基本動作講解與介紹；揮拍及發球練習\n9/30 [正拍] 基本動作講解與介紹；揮拍及定點擊球練習；原地送球練習\n10/7 [複習正拍] 揮拍及定點擊球練習\n[正拍移位] 腳步介紹、練習、移位定點餵球練習\n10/14 [反拍] 基本動作講解與介紹；揮拍及定點擊球練習；對牆擊球練習\n10/21 [複習反拍] 揮拍及定點擊球練習\n[反拍移位] 腳步介紹、練習、移位定點餵球練習\n10/28 全國大專運動會(課程調整)\n11/04 [複習發球] 揮拍與發球練習\n[複習正拍、反拍] 揮拍\n[正、反拍左右腳移位] 腳步複習、移位定點擊球練習\n11/11 [複習發球] 揮拍與發球練習\n[複習正反拍] 揮拍\n[隔網擊球] 講解與介紹；正、反拍隔網擊球練習\n11/18 [複習發球] 揮拍與發球練習\n[複習正反拍] 揮拍\n[隔網擊球] 正、反拍隔網擊球練習\n11/25 [複習發球] 揮拍與發球練習\n[複習正反拍] 揮拍\n[複習] 正、反拍隔網餵球練習\n[複習] 正、反拍左右移位\n12/02 期中測驗\n12/09 [複習發球] 發球練習\n[複習截擊] 截擊練習\n[正反拍抽球上網截擊] 腳步講解與介紹；上網截擊練習\n12/16 截擊擊球練習\n[接發球] 基本動作講解與介紹與練習\n發球/接發球練習\n對打初體驗\n12/23 正、反拍抽球上網截擊練習\n發球/接發球練習\n對打練習\n趣味小比賽\n12/30 期末測驗\n1/6 期末測驗(雨備或比賽)\n1/13 補考\n\n\nΩ 私心推薦指數(以五分計) ★★★★★★★★★★\n\n我自己完全不會打網球、完全沒概念的那種。老師會很詳細的教\n學和說明，簡單好懂。而且分組練習的時候老師和助教都會來調\n整動作，真的有學到東西、也不會很有壓力的讚讚網球課!大推!\n也不用擔心組員好或不好，因為考試組員只幫忙丟球和撿球哈哈\n期末考老師會自己餵球，大家幫忙撿球就好~\n\nη 上課用書(影印講義或是指定教科書)\nμ 上課方式(投影片、團體討論、老師教學風格)\n\n第一堂通常一開始就會處理加簽(抽學生證)，老師說會趕快抽完\n讓沒抽到的人趕快去別堂體育課XD 之後就會開始四人一組分組，\n基本上照著老師教的訣竅和注意事項練習，期中期末都不會太難\n真的是有在學網球、也不會壓力山大的體育課\n上課地點在網球場，個人覺得上學期修比較不怕曬和熱哈哈，如\n果下雨的話就會進新體。我們這學期考完期中之後幾乎都在室內\n有點可惜，因為室內球打起來不好玩。甚至因為在室內太久老師\n還有考慮調整期末考的評分方式。不過最後兩堂很幸運的放晴了\n考試也沒有因此受影響。\n\nσ 評分方式(給分甜嗎？是紮實分？)\n\n期中期末50%\n作業(期末有一個上課心得建議10%；平常上課有動作檢核表10%)\n出席30%\n我是覺得老師人真的超好，沒事不要翹課、作業有交就滿分、測驗\n也沒很難(但隨便考考的心態老師還是看得出來的)\n\n全勤+考試有在認真練習+作業有寫有交，A+\n\nρ 考題型式、作業方式\nω 其它(是否注重出席率？如果為外系選修，需先有什麼基礎較好嗎？老師個性？\n加簽習慣？嚴禁遲到等…)\nΨ 總結\n\n好課哪次不推\n\n--\n\n原文網址: https://www.ptt.cc/bbs/NTUcourse/M.1610975246.A.544.html""}]"
網球中級(一),趙曉涵,,1,114-2,97130,PE2103,5.0,5.0,4.0,1.0,"[""[User27593 | 114-1]: There are two tests - service and rally.\nGreat class! Teacher was very accomodating to international students. My tennis skills definitely improved after enrolling in this class. Would recommend.""]","[{""User_ID"": ""User27593"", ""Semester"": ""114-1"", ""Rating_Quality"": null, ""Rating_Sweet"": null, ""Rating_Easy"": null, ""Rating_Rich"": null, ""Comment"": ""There are two tests - service and rally.\nGreat class! Teacher was very accomodating to international students. My tennis skills definitely improved after enrolling in this class. Would recommend.""}]"
保齡球,洪巧菱,,1,114-2,97138,PE2111,4.8,5.0,2.5,3.3,"[""[bjcoffee | 110-2]: 保齡球\n直球為主，如果是第二次修課同學會教曲球/飛碟球\n老師每堂課花最多十分鐘講解一些基本動作以及要求\n剩下的一個多小時讓同學自己打球，一次上課打三局\n教學方式蠻自由的，畢竟重點是自己打球，老師有時會到旁邊看你打球，矯正一下動作\n無\n期中考跟平常一樣打三局，但每個frame有打中head pin就算滿分10分，沒有打中head pin就算該frame的實際分數，取三局中最高的當分數\n期末考因為遠距，沒有打球\n技術測驗 40% : 期中測驗 (10%) 線上課程 (20%) 期末測驗(5%)\n出席率與學習態度 50%\n課程心得(期末) 10%\n臺大最讚的體育課，耶\n適合跟朋友一起來修，一個人來修也ok\n打球氣氛很好，算少數(?能交到新朋友的體育課\n老師很nice，上完課之後保齡球技術能提升不少\n純粹打直球也能打到平均135+，高的甚至可以接近200，很有成就感\n\n唯一比較不方便的就是上課地點在三重E7需要自行前往，另外每次上課要交100元入場費\n不過每次上課打完應該會覺得蠻值得""]","[{""User_ID"": ""bjcoffee"", ""Semester"": ""110-2"", ""Rating_Quality"": null, ""Rating_Sweet"": null, ""Rating_Easy"": null, ""Rating_Rich"": null, ""Comment"": ""保齡球\n直球為主，如果是第二次修課同學會教曲球/飛碟球\n老師每堂課花最多十分鐘講解一些基本動作以及要求\n剩下的一個多小時讓同學自己打球，一次上課打三局\n教學方式蠻自由的，畢竟重點是自己打球，老師有時會到旁邊看你打球，矯正一下動作\n無\n期中考跟平常一樣打三局，但每個frame有打中head pin就算滿分10分，沒有打中head pin就算該frame的實際分數，取三局中最高的當分數\n期末考因為遠距，沒有打球\n技術測驗 40% : 期中測驗 (10%) 線上課程 (20%) 期末測驗(5%)\n出席率與學習態度 50%\n課程心得(期末) 10%\n臺大最讚的體育課，耶\n適合跟朋友一起來修，一個人來修也ok\n打球氣氛很好，算少數(?能交到新朋友的體育課\n老師很nice，上完課之後保齡球技術能提升不少\n純粹打直球也能打到平均135+，高的甚至可以接近200，很有成就感\n\n唯一比較不方便的就是上課地點在三重E7需要自行前往，另外每次上課要交100元入場費\n不過每次上課打完應該會覺得蠻值得""}]"
瑜珈,蘇玫尹,,1,114-2,97141,PE2112,5.0,5.0,0.5,3.0,"[""[User28403 | 111-1]: 單元1 呼吸練習:橫膈膜呼吸\n單元2 關節與腺體運動\n單元3-1 體位法練習:拜日式 (Surya Namaskar)\n單元3-2 體位法練習:流動拜日式\n單元4 系統放鬆練習\n單元5 冥想\n單元6 整合練習\n老師會先示範動作後，再帶大家一起練習\n老師會把文本放在NTU COOL上面\n沒有段考。\n有幾週需要填寫作業區的問題，有時候是課後心得，有時候是文本閱讀心得。\n出缺席率與學習態度 60%\n課後學習 40%\n如同PTT往年的心得，是非常重視出席率的課程。\n但如果老師要求的課堂小作業都有寫，基本上都可以拿到不錯的分數。\n想要選擇沒那麼激烈又能夠紓解壓力的體育課的話，瑜珈課是一個好選擇！""]","[{""User_ID"": ""User28403"", ""Semester"": ""111-1"", ""Rating_Quality"": null, ""Rating_Sweet"": null, ""Rating_Easy"": null, ""Rating_Rich"": null, ""Comment"": ""單元1 呼吸練習:橫膈膜呼吸\n單元2 關節與腺體運動\n單元3-1 體位法練習:拜日式 (Surya Namaskar)\n單元3-2 體位法練習:流動拜日式\n單元4 系統放鬆練習\n單元5 冥想\n單元6 整合練習\n老師會先示範動作後，再帶大家一起練習\n老師會把文本放在NTU COOL上面\n沒有段考。\n有幾週需要填寫作業區的問題，有時候是課後心得，有時候是文本閱讀心得。\n出缺席率與學習態度 60%\n課後學習 40%\n如同PTT往年的心得，是非常重視出席率的課程。\n但如果老師要求的課堂小作業都有寫，基本上都可以拿到不錯的分數。\n想要選擇沒那麼激烈又能夠紓解壓力的體育課的話，瑜珈課是一個好選擇！""}]"
重量訓練,蔡秀華,,1,114-2,97151,PE2124,4.0,5.0,2.0,1.0,"[""[User31977 | 113-1]: Beginner stretching and bodyweight exercises each class. Teacher also goes over the muscle groups and healthy habits.\nTA or teacher demonstrates and we follow. Mostly taught in the dance room. A few times, we went to the weight room. Students also form small groups to focus on a specific muscle group and train together outside of class.\nWater bottle\nMultiple sit up and push up tests. Keeping an exercise log.\nTesting performance and attendance\nIf you're an int. student looking for a beginner exercising class (i.e. learn how to do a plank), would recommend! No prior skill needed (although the class is taught in Chinese).""]","[{""User_ID"": ""User31977"", ""Semester"": ""113-1"", ""Rating_Quality"": null, ""Rating_Sweet"": null, ""Rating_Easy"": null, ""Rating_Rich"": null, ""Comment"": ""Beginner stretching and bodyweight exercises each class. Teacher also goes over the muscle groups and healthy habits.\nTA or teacher demonstrates and we follow. Mostly taught in the dance room. A few times, we went to the weight room. Students also form small groups to focus on a specific muscle group and train together outside of class.\nWater bottle\nMultiple sit up and push up tests. Keeping an exercise log.\nTesting performance and attendance\nIf you're an int. student looking for a beginner exercising class (i.e. learn how to do a plank), would recommend! No prior skill needed (although the class is taught in Chinese).""}]"
重量訓練,連家瑩,,1,114-2,97150,PE2124,4.0,5.0,5.0,3.0,"[""[ynt | 112-1]: 1. 了解Free weight(啞鈴及槓鈴)和機械的優缺點。\n2. 讓同學實際肌力、肌耐力及爆發力的的訓練發法。\n3. 讓同學設計一套屬於自己的重量訓練課程。\n前期課程會以介紹機械式器材使用、重量訓練目的以及對應的訓練方法\n之後的課程要規劃自己的重訓計畫表，然後在新體重訓室訓練\n老師自己做的講義\n這堂課沒有考試只有作業，唯一的作業是在期末繳交個人重量訓練計畫表跟記錄表\n遲到、曠課、早退都會扣分\n個人重訓計畫書及記錄表：100%\n可以了解重量訓練的目的及方法，只要上課不遲到、早退跟曠課，在期末繳交重訓計畫表跟記錄表就會有好的成績""]","[{""User_ID"": ""ynt"", ""Semester"": ""112-1"", ""Rating_Quality"": null, ""Rating_Sweet"": null, ""Rating_Easy"": null, ""Rating_Rich"": null, ""Comment"": ""1. 了解Free weight(啞鈴及槓鈴)和機械的優缺點。\n2. 讓同學實際肌力、肌耐力及爆發力的的訓練發法。\n3. 讓同學設計一套屬於自己的重量訓練課程。\n前期課程會以介紹機械式器材使用、重量訓練目的以及對應的訓練方法\n之後的課程要規劃自己的重訓計畫表，然後在新體重訓室訓練\n老師自己做的講義\n這堂課沒有考試只有作業，唯一的作業是在期末繳交個人重量訓練計畫表跟記錄表\n遲到、曠課、早退都會扣分\n個人重訓計畫書及記錄表：100%\n可以了解重量訓練的目的及方法，只要上課不遲到、早退跟曠課，在期末繳交重訓計畫表跟記錄表就會有好的成績""}]"
有氧+塑身,林謙如,,1,114-2,97156,PE2136,5.0,5.0,2.0,3.0,"[""[NatsumiKing | 112-2]: 授課內容包含戰鬥有氧、階梯體能、肌力訓練。\n老師上課時會帶我們隨著音樂去打拳（前半）、做階梯運動（後半），另外過程中會教我們一些正確的運動姿勢，包含伏地挺身、仰臥起坐、登山跑⋯⋯等，最後下課前都會收操，做拉伸動作。\n老師會提供她自己錄製的影片，讓同學可以回家參考動作，不過考試動作以上課教的為主，影片會有些不太一樣的地方。\n愛運動作業，每週會有菜單可以讓同學選擇要鍛鍊哪裡的肌肉，基本上每天都要做一點訓練。\n\n期中考是考戰鬥有氧，會有一首歌讓同學去跳，同學需要記得每個動作，然後整個前半段都會不斷複習期中考試內容，考試注重姿勢正確性以及有無跟上節奏。\n\n期末考包含肌力測驗以及階梯有氧。前者會是平常愛運動作業的內容，基本上就是在老師面前做完全部動作，姿勢正確、穩定是評分的依據。後者和期中一樣會有一首歌，裡面有一些動作，不過他比期中的做起來更累，強調動作正確性，有沒有跟上節奏沒有那麼重要。\n1. 出席表現 25%\n- 全學期全勤者（無遲到、早退、請假記錄者），分數以30分計。\n- 學期間參與全校馬拉松者額外加分。\n- 因病假、事假請假者，第一次扣學期成績2分，第二次扣學期成績3分；遲到或早退者1次扣1分；缺席者第一次扣10分，第二次扣15分。\n- 全學期缺席次數勿超過3次（包含病、事假，公假不在此限），事假請務必於上課時間前告知，病假事後須補看診假單，否則以缺席分數計。\n\n2. 課外愛運動 15%，每週固定設置『課外愛運動』作業單，同學須於每週繳交運動紀錄與心得。\n\n3. 期中測驗-戰鬥有氧綜合動作 20%，上半學期會以戰鬥有氧的教學動作為主，會有一套指定動作，請同學鍊熟，於期中測驗。\n\n4. 期末地板體能 20%，以學期教授的徒手體能動作擇取10項作為考試動作。\n\n5. 期末測驗-階梯綜合體能訓練 20%，階梯綜合體能動作，會有一套指定動作與難度動作，請同學鍊熟，於期末測驗。\n我覺得老師人很好、很親切，另外我在階梯考試中雖然有一些動作錯誤，但還是拿到好成績(A+)。\n這門課讓我認識了一個新的健身領域，結合了節奏感跟肌耐力的訓練，我覺得收穫滿滿，而且過程中非常享受！\n這門課比較多女生修，像我之前是沒有運動習慣的人，我依然可以好好的修這門課，只是說上課中如果有跟不上的部分，特別是在後半階梯的部分，要自己調慢速度，讓強度是適合自己的！""]","[{""User_ID"": ""NatsumiKing"", ""Semester"": ""112-2"", ""Rating_Quality"": null, ""Rating_Sweet"": null, ""Rating_Easy"": null, ""Rating_Rich"": null, ""Comment"": ""授課內容包含戰鬥有氧、階梯體能、肌力訓練。\n老師上課時會帶我們隨著音樂去打拳（前半）、做階梯運動（後半），另外過程中會教我們一些正確的運動姿勢，包含伏地挺身、仰臥起坐、登山跑⋯⋯等，最後下課前都會收操，做拉伸動作。\n老師會提供她自己錄製的影片，讓同學可以回家參考動作，不過考試動作以上課教的為主，影片會有些不太一樣的地方。\n愛運動作業，每週會有菜單可以讓同學選擇要鍛鍊哪裡的肌肉，基本上每天都要做一點訓練。\n\n期中考是考戰鬥有氧，會有一首歌讓同學去跳，同學需要記得每個動作，然後整個前半段都會不斷複習期中考試內容，考試注重姿勢正確性以及有無跟上節奏。\n\n期末考包含肌力測驗以及階梯有氧。前者會是平常愛運動作業的內容，基本上就是在老師面前做完全部動作，姿勢正確、穩定是評分的依據。後者和期中一樣會有一首歌，裡面有一些動作，不過他比期中的做起來更累，強調動作正確性，有沒有跟上節奏沒有那麼重要。\n1. 出席表現 25%\n- 全學期全勤者（無遲到、早退、請假記錄者），分數以30分計。\n- 學期間參與全校馬拉松者額外加分。\n- 因病假、事假請假者，第一次扣學期成績2分，第二次扣學期成績3分；遲到或早退者1次扣1分；缺席者第一次扣10分，第二次扣15分。\n- 全學期缺席次數勿超過3次（包含病、事假，公假不在此限），事假請務必於上課時間前告知，病假事後須補看診假單，否則以缺席分數計。\n\n2. 課外愛運動 15%，每週固定設置『課外愛運動』作業單，同學須於每週繳交運動紀錄與心得。\n\n3. 期中測驗-戰鬥有氧綜合動作 20%，上半學期會以戰鬥有氧的教學動作為主，會有一套指定動作，請同學鍊熟，於期中測驗。\n\n4. 期末地板體能 20%，以學期教授的徒手體能動作擇取10項作為考試動作。\n\n5. 期末測驗-階梯綜合體能訓練 20%，階梯綜合體能動作，會有一套指定動作與難度動作，請同學鍊熟，於期末測驗。\n我覺得老師人很好、很親切，另外我在階梯考試中雖然有一些動作錯誤，但還是拿到好成績(A+)。\n這門課讓我認識了一個新的健身領域，結合了節奏感跟肌耐力的訓練，我覺得收穫滿滿，而且過程中非常享受！\n這門課比較多女生修，像我之前是沒有運動習慣的人，我依然可以好好的修這門課，只是說上課中如果有跟不上的部分，特別是在後半階梯的部分，要自己調慢速度，讓強度是適合自己的！""}]"
跆拳道初級,吳明翰,,1,114-2,97158,PE2138,4.6,4.5,3.0,3.7,"[""[User74457 | 113-2]: Learning basic punches, kicks, and defensive moves in Taekwondo for those with no experience.\nPractical exercises and demonstrations\nNone\nMidterm and Final Exam\nFair\nThis class was well taught. The instructor was very understanding and patient in the instruction of techniques that is new and difficult for beginners, particularly who do not have any physical training background.""]","[{""User_ID"": ""User74457"", ""Semester"": ""113-2"", ""Rating_Quality"": null, ""Rating_Sweet"": null, ""Rating_Easy"": null, ""Rating_Rich"": null, ""Comment"": ""Learning basic punches, kicks, and defensive moves in Taekwondo for those with no experience.\nPractical exercises and demonstrations\nNone\nMidterm and Final Exam\nFair\nThis class was well taught. The instructor was very understanding and patient in the instruction of techniques that is new and difficult for beginners, particularly who do not have any physical training background.""}]"
跆拳道初級,陳君鳳,,1,114-2,97162,PE2138,,,,,"[""[PTT | 107-2]: 轉載自 PTT 作者 ID: kso22o (kso22o)\n哪一學年度修課： 107-2\n\nψ 授課教師 (若為多人合授請寫開課教師，以方便收錄)\n\n陳君鳳\n\nλ 開課系所與授課對象 (是否為必修或通識課 / 內容是否與某些背景相關)\n\n體育\n\nδ 課程大概內容\n\n跆拳道基礎動作，大略上有：正拳、上步下壓、前踢、後踢、旋踢 等\n\nΩ 私心推薦指數(以五分計) ★★★★★\n\n五顆星\n\nη 上課用書(影印講義或是指定教科書)\n\n無\n\nμ 上課方式(投影片、團體討論、老師教學風格)\n\n會先點名、讓大家繞柔道場跑六圈，然後帶操，再進入課程\n教動作的時候老師會先示範，有時候也會請學過的同學來示範，再讓我們自己做\n大部分的動作都是要兩個人一組，一人拿靶一人做動作來完成的\n\nσ 評分方式(給分甜嗎？是紮實分？)\n\n出席40%，好像最多只能缺席三堂或四堂（不太確定）\n期末考試60%\n\nρ 考題型式、作業方式\n\n原本有說要期中考，不過好像說大家很認真就沒有考了xd（看以前的評價好像也是這樣xd）\n期末考的時候要兩個人登記為一組來考試，雖然不會全部人一起考但也不會單獨考，壓力不會很大！\n考試前一週老師會告訴大家要考什麼動作，然後帶著我們練習，所以考試前一週滿重要的，最好不要缺席～\n這個學期一共考了五個動作，會依動作的不同要做的次數不同，不過基本上做2~4次，不會讓我們太累\n\n在練習的老師有說平常拿靶拿錯沒關係，但考試的時候就會扣分\n這次考試有人拿錯老師都會糾正，不太確定有沒有因為拿錯靶被扣分\n然後會預留一週作為補考，不過補考的那週標準就會比期末考週高（因為多了一週）\n老師這學期期末考完有點一些人讓他們下星期補考，但老師也說是希望大家分數高一點才會這樣做～\n老師不會公佈成績，如果自己覺得做得不好也可以去補考，不過如果老師覺得成績很高了就會不給補考xd\n\nω 其它(是否注重出席率？如果為外系選修，需先有什麼基礎較好嗎？老師個性？\n加簽習慣？嚴禁遲到等…)\n\n我覺得老師加簽滿多人的，而且人滿好的，這學期初有人來幫別人簽老師也沒說什麼\n原本好像說簽20個，但最後好像是簽到27個（不確定）\n雖然還是滿多人沒簽到但也大概簽了來加簽人數的一半了，老師人真的滿好的！\n\nΨ 總結\n\n我自己不太愛運動但還滿喜歡這門課的，不會到太累但是會讓我流汗的課，會有真的運動到的感覺！\n老師偶爾也會跟我們閒聊，真的覺得老師滿有趣滿可愛的！推推～～\n\n--\n\n原文網址: https://www.ptt.cc/bbs/NTUcourse/M.1561431693.A.BD2.html""]","[{""User_ID"": ""PTT"", ""Semester"": ""107-2"", ""Rating_Quality"": null, ""Rating_Sweet"": null, ""Rating_Easy"": null, ""Rating_Rich"": null, ""Comment"": ""轉載自 PTT 作者 ID: kso22o (kso22o)\n哪一學年度修課： 107-2\n\nψ 授課教師 (若為多人合授請寫開課教師，以方便收錄)\n\n陳君鳳\n\nλ 開課系所與授課對象 (是否為必修或通識課 / 內容是否與某些背景相關)\n\n體育\n\nδ 課程大概內容\n\n跆拳道基礎動作，大略上有：正拳、上步下壓、前踢、後踢、旋踢 等\n\nΩ 私心推薦指數(以五分計) ★★★★★\n\n五顆星\n\nη 上課用書(影印講義或是指定教科書)\n\n無\n\nμ 上課方式(投影片、團體討論、老師教學風格)\n\n會先點名、讓大家繞柔道場跑六圈，然後帶操，再進入課程\n教動作的時候老師會先示範，有時候也會請學過的同學來示範，再讓我們自己做\n大部分的動作都是要兩個人一組，一人拿靶一人做動作來完成的\n\nσ 評分方式(給分甜嗎？是紮實分？)\n\n出席40%，好像最多只能缺席三堂或四堂（不太確定）\n期末考試60%\n\nρ 考題型式、作業方式\n\n原本有說要期中考，不過好像說大家很認真就沒有考了xd（看以前的評價好像也是這樣xd）\n期末考的時候要兩個人登記為一組來考試，雖然不會全部人一起考但也不會單獨考，壓力不會很大！\n考試前一週老師會告訴大家要考什麼動作，然後帶著我們練習，所以考試前一週滿重要的，最好不要缺席～\n這個學期一共考了五個動作，會依動作的不同要做的次數不同，不過基本上做2~4次，不會讓我們太累\n\n在練習的老師有說平常拿靶拿錯沒關係，但考試的時候就會扣分\n這次考試有人拿錯老師都會糾正，不太確定有沒有因為拿錯靶被扣分\n然後會預留一週作為補考，不過補考的那週標準就會比期末考週高（因為多了一週）\n老師這學期期末考完有點一些人讓他們下星期補考，但老師也說是希望大家分數高一點才會這樣做～\n老師不會公佈成績，如果自己覺得做得不好也可以去補考，不過如果老師覺得成績很高了就會不給補考xd\n\nω 其它(是否注重出席率？如果為外系選修，需先有什麼基礎較好嗎？老師個性？\n加簽習慣？嚴禁遲到等…)\n\n我覺得老師加簽滿多人的，而且人滿好的，這學期初有人來幫別人簽老師也沒說什麼\n原本好像說簽20個，但最後好像是簽到27個（不確定）\n雖然還是滿多人沒簽到但也大概簽了來加簽人數的一半了，老師人真的滿好的！\n\nΨ 總結\n\n我自己不太愛運動但還滿喜歡這門課的，不會到太累但是會讓我流汗的課，會有真的運動到的感覺！\n老師偶爾也會跟我們閒聊，真的覺得老師滿有趣滿可愛的！推推～～\n\n--\n\n原文網址: https://www.ptt.cc/bbs/NTUcourse/M.1561431693.A.BD2.html""}]"
室內五人制足球初級,楊裕隆,,1,114-2,97165,PE2142,,,,,"[""[PTT | 108-1]: 轉載自 PTT 作者 ID: j2c3 (j2c3)\n哪一學年度修課：\n108-1\n\nψ 授課教師 (若為多人合授請寫開課教師，以方便收錄)\n楊裕隆\n\nλ 開課系所與授課對象 (是否為必修或通識課 / 內容是否與某些背景相關)\n體育課\n\nδ 課程大概內容\n第1週 9/12 課程介紹、規則簡介\n第2週 9/19 分組、傳球、控球\n第3週 9/26 運球射門\n第4週 10/3 基本戰術\n第5週 10/10 國慶日停課\n第6週 10/17 小組戰術（一）\n第7週 10/24 小組戰術（二）\n第8週 10/31 小組戰術（三）\n第9週 11/7 邊線球戰術\n第10週 11/14 角球戰術\n第11週 11/21 球門球戰術\n第12週 11/28 自由球戰術\n第13週 12/5 標準場地比賽\n第14週 12/12 標準場地比賽\n第15週 12/19 期末測驗\n第16週 12/26 期末測驗\n第17週 1/2 比賽\n\nΩ 私心推薦指數(以五分計) ★★★★★\n想運動一下★★★★★\n足球基礎很好★★★★★\n想學到基本足球概念★★★★\n\n女生★★★★★\n\nη 上課用書(影印講義或是指定教科書)\n沒ㄝ\n\nμ 上課方式(投影片、團體討論、老師教學風格)\n\n上課前半節課先由帶一下基本戰術跟傳導\n後半堂就是分隊比賽，一對十來個人，就自己安排上場順序\n老師人還不錯，都很和善\n\nσ 評分方式(給分甜嗎？是紮實分？)\n\n平常會點名，期末的時候會有過角錐盤測時間，當作計分方式\n\nρ 考題型式、作業方式\n\n同上，男女的時間標準不太依樣，然後可以重考\n\nω 其它(是否注重出席率？如果為外系選修，需先有什麼基礎較好嗎？老師個性？\n加簽習慣？嚴禁遲到等…)\n加簽的話女生全簽，但是男生好像是抽學生證還是啥阿，機率比女生低很多；不過這很合\n理，因為就算全簽了男女比例還是非常失衡XDDDD\n不需要基礎，反正來了之後會對比賽規則稍微有點了解。\n\n\nΨ 總結\n這堂課給你一個機會去運動，不過課程內的男女比例極為失調，我們對12個人，只有四個\n女生，調整輪替是還蠻麻煩的\n這堂課會有蠻多的港澳或華僑，也有一些外國人，也有一些校隊的來電人(??)\n期末考試練一下分數就不會太低。\n最後分數還蠻甜的我自己足球基礎很爛但是有拿到A+\n歐順便一提~老師還蠻喜歡找女同學講笑話XDDDDDD\n也不會特別強迫女同學要踢，還蠻自由的\n\n--\n\n原文網址: https://www.ptt.cc/bbs/NTUcourse/M.1628867159.A.7BA.html""]","[{""User_ID"": ""PTT"", ""Semester"": ""108-1"", ""Rating_Quality"": null, ""Rating_Sweet"": null, ""Rating_Easy"": null, ""Rating_Rich"": null, ""Comment"": ""轉載自 PTT 作者 ID: j2c3 (j2c3)\n哪一學年度修課：\n108-1\n\nψ 授課教師 (若為多人合授請寫開課教師，以方便收錄)\n楊裕隆\n\nλ 開課系所與授課對象 (是否為必修或通識課 / 內容是否與某些背景相關)\n體育課\n\nδ 課程大概內容\n第1週 9/12 課程介紹、規則簡介\n第2週 9/19 分組、傳球、控球\n第3週 9/26 運球射門\n第4週 10/3 基本戰術\n第5週 10/10 國慶日停課\n第6週 10/17 小組戰術（一）\n第7週 10/24 小組戰術（二）\n第8週 10/31 小組戰術（三）\n第9週 11/7 邊線球戰術\n第10週 11/14 角球戰術\n第11週 11/21 球門球戰術\n第12週 11/28 自由球戰術\n第13週 12/5 標準場地比賽\n第14週 12/12 標準場地比賽\n第15週 12/19 期末測驗\n第16週 12/26 期末測驗\n第17週 1/2 比賽\n\nΩ 私心推薦指數(以五分計) ★★★★★\n想運動一下★★★★★\n足球基礎很好★★★★★\n想學到基本足球概念★★★★\n\n女生★★★★★\n\nη 上課用書(影印講義或是指定教科書)\n沒ㄝ\n\nμ 上課方式(投影片、團體討論、老師教學風格)\n\n上課前半節課先由帶一下基本戰術跟傳導\n後半堂就是分隊比賽，一對十來個人，就自己安排上場順序\n老師人還不錯，都很和善\n\nσ 評分方式(給分甜嗎？是紮實分？)\n\n平常會點名，期末的時候會有過角錐盤測時間，當作計分方式\n\nρ 考題型式、作業方式\n\n同上，男女的時間標準不太依樣，然後可以重考\n\nω 其它(是否注重出席率？如果為外系選修，需先有什麼基礎較好嗎？老師個性？\n加簽習慣？嚴禁遲到等…)\n加簽的話女生全簽，但是男生好像是抽學生證還是啥阿，機率比女生低很多；不過這很合\n理，因為就算全簽了男女比例還是非常失衡XDDDD\n不需要基礎，反正來了之後會對比賽規則稍微有點了解。\n\n\nΨ 總結\n這堂課給你一個機會去運動，不過課程內的男女比例極為失調，我們對12個人，只有四個\n女生，調整輪替是還蠻麻煩的\n這堂課會有蠻多的港澳或華僑，也有一些外國人，也有一些校隊的來電人(??)\n期末考試練一下分數就不會太低。\n最後分數還蠻甜的我自己足球基礎很爛但是有拿到A+\n歐順便一提~老師還蠻喜歡找女同學講笑話XDDDDDD\n也不會特別強迫女同學要踢，還蠻自由的\n\n--\n\n原文網址: https://www.ptt.cc/bbs/NTUcourse/M.1628867159.A.7BA.html""}]"
室內五人制足球中級,楊裕隆,,1,114-2,97167,PE2143,4.5,5.0,5.0,2.0,"[""[User47305 | 113-2]: Each class we got to scrimmage other teams from our class.\nCoaching, explaining drills.\nShoes appropriate for running/soccer.\nSkills test at the end of the semester. Super chill!\nGrading is not too harsh.\nThoroughly enjoyed the course and the people I met in the class.""]","[{""User_ID"": ""User47305"", ""Semester"": ""113-2"", ""Rating_Quality"": null, ""Rating_Sweet"": null, ""Rating_Easy"": null, ""Rating_Rich"": null, ""Comment"": ""Each class we got to scrimmage other teams from our class.\nCoaching, explaining drills.\nShoes appropriate for running/soccer.\nSkills test at the end of the semester. Super chill!\nGrading is not too harsh.\nThoroughly enjoyed the course and the people I met in the class.""}]"
壁球初級,林聯喜,,1,114-2,97170,PE5001,,,,,"[""無評價""]",[]
壁球中級,林聯喜,,1,114-2,97172,PE5006,,,,,"[""[PTT | 107-2]: 轉載自 PTT 作者 ID: kevin1ptt (蟻姨椅yee)\n哪一學年度修課：107-2\n\nψ 授課教師 (若為多人合授請寫開課教師，以方便收錄)\n林聯喜\n\nλ 開課系所與授課對象 (是否為必修或通識課 / 內容是否與某些背景相關)\n專項運動，限修過初級或具初級能力者\n（第一週會有個連續擊球測驗，沒打過的話應該會直接被抓到）\n\nδ 課程大概內容\n直線球、斜線球、側牆球、短球、高吊球、米字跑位等等\n\nΩ 私心推薦指數(以五分計) ★★★★★\n★★★★★\n\nη 上課用書(影印講義或是指定教科書)\n無\n\nμ 上課方式(投影片、團體討論、老師教學風格)\n一開始會先讓大家自己熱身、對牆打，然後會叫大家到一間裡面聽講解，\n一週主要就是一種動作或是觀念，講解完後就各自練習（兩人或三人）。\n練習中老師會到各間去巡視，看到動作不對就會馬上個別指導，\n如果出現很多問題就會再叫大家集合統一講一下大家剛剛哪裡可以改進。\n練習一定時間後就會讓大家找人對打，最終會跟每個人都有對戰紀錄。\n也可以找老師打，老師好像會看情況斟酌拿出多少實力XD\n\nσ 評分方式(給分甜嗎？是紮實分？)\n不太確定，基本上應該是根據對戰成績和六月初的一次考試。\n我應該算是裡面數一數二爛的，幾乎跟所有人打過只贏過一兩個人，\n考試也有一些沒有做得很好，不過最後有A，本來覺得A-也合理。\n\nρ 考題型式、作業方式\n考試就是讓大家輪流打各個動作，老師會在整間裡面擺一些矮圓錐，\n除了姿勢會看之外也要打進圓錐圈出的範圍，有點難度。\n而且考試當天才公布考法，\n所以在其他人考給老師看的時候，我跟一些人會趁機在其他間臨時抱佛腳，\n事實證明非常有效。\n\nω 其它(是否注重出席率？如果為外系選修，需先有什麼基礎較好嗎？老師個性？\n加簽習慣？嚴禁遲到等…)\n雖然看似沒有點名，不過照理說體育課應該都很注重出席率，\n而這班最後大概才十幾個人，不知道老師有沒有偷偷記人。\n\n老師個性算是滿好的，我自己很常動作不標準或是忘記前幾週教的，\n老師都會不厭其煩地一直修正，覺得到學期末真的有改善一些姿勢，\n打起來也比較順暢、省力。\n\n不過下學期(XXX-2)的課有個小缺點，\n老師好像都會帶隊去比賽，\n所以學期剛開始好像就停課三四次（還有一次是連假），\n覺得有點可惜。\n\nΨ 總結\n\n喜歡壁球的人都可以來修！\n每個禮拜都可以打到很累也很爽！\n\n--\n\n原文網址: https://www.ptt.cc/bbs/NTUcourse/M.1561482111.A.18B.html""]","[{""User_ID"": ""PTT"", ""Semester"": ""107-2"", ""Rating_Quality"": null, ""Rating_Sweet"": null, ""Rating_Easy"": null, ""Rating_Rich"": null, ""Comment"": ""轉載自 PTT 作者 ID: kevin1ptt (蟻姨椅yee)\n哪一學年度修課：107-2\n\nψ 授課教師 (若為多人合授請寫開課教師，以方便收錄)\n林聯喜\n\nλ 開課系所與授課對象 (是否為必修或通識課 / 內容是否與某些背景相關)\n專項運動，限修過初級或具初級能力者\n（第一週會有個連續擊球測驗，沒打過的話應該會直接被抓到）\n\nδ 課程大概內容\n直線球、斜線球、側牆球、短球、高吊球、米字跑位等等\n\nΩ 私心推薦指數(以五分計) ★★★★★\n★★★★★\n\nη 上課用書(影印講義或是指定教科書)\n無\n\nμ 上課方式(投影片、團體討論、老師教學風格)\n一開始會先讓大家自己熱身、對牆打，然後會叫大家到一間裡面聽講解，\n一週主要就是一種動作或是觀念，講解完後就各自練習（兩人或三人）。\n練習中老師會到各間去巡視，看到動作不對就會馬上個別指導，\n如果出現很多問題就會再叫大家集合統一講一下大家剛剛哪裡可以改進。\n練習一定時間後就會讓大家找人對打，最終會跟每個人都有對戰紀錄。\n也可以找老師打，老師好像會看情況斟酌拿出多少實力XD\n\nσ 評分方式(給分甜嗎？是紮實分？)\n不太確定，基本上應該是根據對戰成績和六月初的一次考試。\n我應該算是裡面數一數二爛的，幾乎跟所有人打過只贏過一兩個人，\n考試也有一些沒有做得很好，不過最後有A，本來覺得A-也合理。\n\nρ 考題型式、作業方式\n考試就是讓大家輪流打各個動作，老師會在整間裡面擺一些矮圓錐，\n除了姿勢會看之外也要打進圓錐圈出的範圍，有點難度。\n而且考試當天才公布考法，\n所以在其他人考給老師看的時候，我跟一些人會趁機在其他間臨時抱佛腳，\n事實證明非常有效。\n\nω 其它(是否注重出席率？如果為外系選修，需先有什麼基礎較好嗎？老師個性？\n加簽習慣？嚴禁遲到等…)\n雖然看似沒有點名，不過照理說體育課應該都很注重出席率，\n而這班最後大概才十幾個人，不知道老師有沒有偷偷記人。\n\n老師個性算是滿好的，我自己很常動作不標準或是忘記前幾週教的，\n老師都會不厭其煩地一直修正，覺得到學期末真的有改善一些姿勢，\n打起來也比較順暢、省力。\n\n不過下學期(XXX-2)的課有個小缺點，\n老師好像都會帶隊去比賽，\n所以學期剛開始好像就停課三四次（還有一次是連假），\n覺得有點可惜。\n\nΨ 總結\n\n喜歡壁球的人都可以來修！\n每個禮拜都可以打到很累也很爽！\n\n--\n\n原文網址: https://www.ptt.cc/bbs/NTUcourse/M.1561482111.A.18B.html""}]"
定向越野,莊珮琪,,1,114-2,97177,PE5014,5.0,4.5,0.5,4.5,"[""[User72622 | 110-2]: 非常吃出席率，老師設計課程相當用心，期末有分組活動設計，每週都要跑一趟定向，給分扎實甜""]","[{""User_ID"": ""User72622"", ""Semester"": ""110-2"", ""Rating_Quality"": null, ""Rating_Sweet"": null, ""Rating_Easy"": null, ""Rating_Rich"": null, ""Comment"": ""非常吃出席率，老師設計課程相當用心，期末有分組活動設計，每週都要跑一趟定向，給分扎實甜""}]"
氣功(選修體育),黃欽永,,1,114-2,97192,PE7002,,,,,"[""[PTT | 109-1]: 轉載自 PTT 作者 ID: ntultamwc (我是誰我在哪我在幹嘛)\n哪一學年度修課：\nψ 授課教師 (若為多人合授請寫開課教師，以方便收錄)\n黃欽永\nλ 開課系所與授課對象 (是否為必修或通識課 / 內容是否與某些背景相關)\n選修體育\nδ 課程大概內容\n參見網站：\nhomepage.ntu.edu.tw/~hwangcy/qi.htm\nΩ 私心推薦指數(以五分計) ★★★★★\n五星\nη 上課用書(影印講義或是指定教科書)\n無 可參考網站上之課程講義\nμ 上課方式(投影片、團體討論、老師教學風格)\n實際帶領學生團練，詳述於下\nσ 評分方式(給分甜嗎？是紮實分？)\n出席狀況、期末書面心得與口頭分享、期末術科、期末筆試綜合評斷，比例有點不太確定\n。\nρ 考題型式、作業方式\n作業：\n1.可以選擇撰寫練功日誌或練功心得，並在口頭分享獲得老師與同學的反饋之後增補於作\n業中。\n2.回家自行練習功法。\nω 其它(是否注重出席率？如果為外系選修，需先有什麼基礎較好嗎？老師個性？\n加簽習慣？嚴禁遲到等…)\n本門課為小班制團練課（本學期修課人數約13人），老師注重實際出席參與，基本上都會\n記得每個人的臉跟名字，所以最好不要遲到或曠課，合先敘明。\n\n老師是手球隊教練，除了開設手球羽球課程外，基於興趣也開設氣功課，也是金丹社的指\n導老師，流派隸屬於全真派龍門宗，臺北市丹道文化研究會。\n\n第一堂課除了簡介氣功的歷史源流之外會教兩個功法，其中「開闔太極」此一功法能讓練\n功者實際感受到「氣」，是個非常神奇的體驗。接下來的課堂中會分別教授各種功法，學\n期間也會去大安森林公園跟醉月湖練功，移地修煉。之後則會進行感氣的實驗，讓修課學\n生能再次驗證氣的存在。\n\n期末作業如上述，期末考則是筆試與術科考試，施展幾項顯功（與靜功相對），依據正確\n程度評分。\n\n本門課的修課學生由一些對氣功有濃厚興趣的人所組成，有因為體弱多病與改善身體者，\n也有對中醫有所涉獵故嘗試接觸氣功者（如筆者）。雖然氣功常被視為虛構，但老師曾數\n次以實驗實證並發表學術論著，也曾與李嗣聞前校長共同進行研究。個人則可以感受到修\n煉對身心帶來的益處，惟難以付諸筆墨呈現，請親自體驗即知。\n\n老師的功力深厚，能幫人探氣感應氣息滯留的氣結並疏導通順，甚至能感應他人病位。修\n煉到期末也會發現修課學生也是各種神奇，例如能感知特定人的氣息者；能感應氣場良窳\n者；以及數個對中醫有興趣的人，互相把脈、討論方劑、練習傷科手法等，對一個學期下\n來也有所精進。\n\nΨ 總結\n這是一門毫無負擔還能放鬆身心並認識各種神奇同學的選修體育（O）氣功與中醫暨民俗\n交流研討會（X）。好課不修嗎？\n\n若有任何與課程相關的疑問，歡迎提問，筆者會盡快為您解惑！\n\n--\n\n原文網址: https://www.ptt.cc/bbs/NTUcourse/M.1610536162.A.80F.html""]","[{""User_ID"": ""PTT"", ""Semester"": ""109-1"", ""Rating_Quality"": null, ""Rating_Sweet"": null, ""Rating_Easy"": null, ""Rating_Rich"": null, ""Comment"": ""轉載自 PTT 作者 ID: ntultamwc (我是誰我在哪我在幹嘛)\n哪一學年度修課：\nψ 授課教師 (若為多人合授請寫開課教師，以方便收錄)\n黃欽永\nλ 開課系所與授課對象 (是否為必修或通識課 / 內容是否與某些背景相關)\n選修體育\nδ 課程大概內容\n參見網站：\nhomepage.ntu.edu.tw/~hwangcy/qi.htm\nΩ 私心推薦指數(以五分計) ★★★★★\n五星\nη 上課用書(影印講義或是指定教科書)\n無 可參考網站上之課程講義\nμ 上課方式(投影片、團體討論、老師教學風格)\n實際帶領學生團練，詳述於下\nσ 評分方式(給分甜嗎？是紮實分？)\n出席狀況、期末書面心得與口頭分享、期末術科、期末筆試綜合評斷，比例有點不太確定\n。\nρ 考題型式、作業方式\n作業：\n1.可以選擇撰寫練功日誌或練功心得，並在口頭分享獲得老師與同學的反饋之後增補於作\n業中。\n2.回家自行練習功法。\nω 其它(是否注重出席率？如果為外系選修，需先有什麼基礎較好嗎？老師個性？\n加簽習慣？嚴禁遲到等…)\n本門課為小班制團練課（本學期修課人數約13人），老師注重實際出席參與，基本上都會\n記得每個人的臉跟名字，所以最好不要遲到或曠課，合先敘明。\n\n老師是手球隊教練，除了開設手球羽球課程外，基於興趣也開設氣功課，也是金丹社的指\n導老師，流派隸屬於全真派龍門宗，臺北市丹道文化研究會。\n\n第一堂課除了簡介氣功的歷史源流之外會教兩個功法，其中「開闔太極」此一功法能讓練\n功者實際感受到「氣」，是個非常神奇的體驗。接下來的課堂中會分別教授各種功法，學\n期間也會去大安森林公園跟醉月湖練功，移地修煉。之後則會進行感氣的實驗，讓修課學\n生能再次驗證氣的存在。\n\n期末作業如上述，期末考則是筆試與術科考試，施展幾項顯功（與靜功相對），依據正確\n程度評分。\n\n本門課的修課學生由一些對氣功有濃厚興趣的人所組成，有因為體弱多病與改善身體者，\n也有對中醫有所涉獵故嘗試接觸氣功者（如筆者）。雖然氣功常被視為虛構，但老師曾數\n次以實驗實證並發表學術論著，也曾與李嗣聞前校長共同進行研究。個人則可以感受到修\n煉對身心帶來的益處，惟難以付諸筆墨呈現，請親自體驗即知。\n\n老師的功力深厚，能幫人探氣感應氣息滯留的氣結並疏導通順，甚至能感應他人病位。修\n煉到期末也會發現修課學生也是各種神奇，例如能感知特定人的氣息者；能感應氣場良窳\n者；以及數個對中醫有興趣的人，互相把脈、討論方劑、練習傷科手法等，對一個學期下\n來也有所精進。\n\nΨ 總結\n這是一門毫無負擔還能放鬆身心並認識各種神奇同學的選修體育（O）氣功與中醫暨民俗\n交流研討會（X）。好課不修嗎？\n\n若有任何與課程相關的疑問，歡迎提問，筆者會盡快為您解惑！\n\n--\n\n原文網址: https://www.ptt.cc/bbs/NTUcourse/M.1610536162.A.80F.html""}]"
羽球中級（選修體育）,陳志一,,1,114-2,97193,PE7007,5.0,5.0,4.0,2.0,"[""[User35392 | 113-2]: Midterm 30% : Drives (Forehand and backhand)\nFinal 40% : Drops and Smashes\nSingles and Doubles tournament scores 30%\nI really enjoyed this course and highly recommend this class to anyone with some prior experience with badminton. The teacher makes it very clear on the first day of class to take some time and figure out if you have the necessary skills and determination for this class. The midterm and final tests are not difficult if you practice regularly. This class is a great way to improve your badminton skills.""]","[{""User_ID"": ""User35392"", ""Semester"": ""113-2"", ""Rating_Quality"": null, ""Rating_Sweet"": null, ""Rating_Easy"": null, ""Rating_Rich"": null, ""Comment"": ""Midterm 30% : Drives (Forehand and backhand)\nFinal 40% : Drops and Smashes\nSingles and Doubles tournament scores 30%\nI really enjoyed this course and highly recommend this class to anyone with some prior experience with badminton. The teacher makes it very clear on the first day of class to take some time and figure out if you have the necessary skills and determination for this class. The midterm and final tests are not difficult if you practice regularly. This class is a great way to improve your badminton skills.""}]"
運動與體重管理（選修體育）,蔡秀華,,1,114-2,97194,PE7005,,,,,"[""無評價""]",[]
女手球校隊,許君恆,,1,114-2,97023,PE2051,,,,,"[""無評價""]",[]
男手球校隊,黃欽永,,1,114-2,97024,PE2052,,,,,"[""無評價""]",[]
男游泳校隊,林謙如,,1,114-2,97041,PE2059,,,,,"[""無評價""]",[]
女羽球校隊,連家瑩,,1,114-2,97070,PE2068,,,,,"[""無評價""]",[]
男羽球校隊,陳志一,,1,114-2,97071,PE2069,,,,,"[""無評價""]",[]
女桌球校隊,陳逸杰,,1,114-2,97088,PE2077,,,,,"[""無評價""]",[]
男桌球校隊,林信甫,,1,114-2,97089,PE2079,,,,,"[""無評價""]",[]
女排球校隊,呂宛蓁,,1,114-2,97097,PE2082,,,,,"[""無評價""]",[]
男排球校隊,胡林煥,,1,114-2,97098,PE2083,,,,,"[""無評價""]",[]
女籃球校隊,曾郁嫻,,1,114-2,97109,PE2086,,,,,"[""無評價""]",[]
男籃球校隊,林聯喜,,1,114-2,97110,PE2087,,,,,"[""無評價""]",[]
高爾夫校隊,洪巧菱,,1,114-2,97114,PE2091,,,,,"[""無評價""]",[]
女壘球校隊,呂碧琴,,1,114-2,97115,PE2095,,,,,"[""無評價""]",[]
男壘球校隊,康正男,,1,114-2,97116,PE2096,,,,,"[""無評價""]",[]
女軟網校隊,莊泰源,,1,114-2,97123,PE2100,,,,,"[""無評價""]",[]
男軟網校隊,莊泰源,,1,114-2,97124,PE2101,,,,,"[""無評價""]",[]
女網球校隊,趙曉涵,,1,114-2,97131,PE2105,,,,,"[""無評價""]",[]
男網球校隊,連玉輝,,1,114-2,97132,PE2106,,,,,"[""無評價""]",[]
國術校隊,游添燈,,1,114-2,97148,PE2121,,,,,"[""無評價""]",[]
男子跆拳校隊,吳明翰,,1,114-2,97173,PE5008,,,,,"[""無評價""]",[]
男子柔道校隊,黃國恩,,1,114-2,97175,PE5010,,,,,"[""無評價""]",[]
女子柔道校隊,蘇玫尹,,1,114-2,97176,PE5011,,,,,"[""無評價""]",[]
全民國防教育軍事訓練課程－國防政策,余宗基,,0,114-2,93001,MilTr1007,3.0,3.0,5.0,1.0,"[""[嗚嗚 | 112-2]: 全民國防與外交\n簡報\n無\n期中一份期中計畫書，期末把這份計劃書做成簡報\n出席30%、期中計畫書30%、期末簡報40%\n點名會用zuvio定位點名，所以要到，上課愛不愛聽是另一回事，作業不會花到太多時間，loading算輕，還能抵兵役，不錯""]","[{""User_ID"": ""嗚嗚"", ""Semester"": ""112-2"", ""Rating_Quality"": null, ""Rating_Sweet"": null, ""Rating_Easy"": null, ""Rating_Rich"": null, ""Comment"": ""全民國防與外交\n簡報\n無\n期中一份期中計畫書，期末把這份計劃書做成簡報\n出席30%、期中計畫書30%、期末簡報40%\n點名會用zuvio定位點名，所以要到，上課愛不愛聽是另一回事，作業不會花到太多時間，loading算輕，還能抵兵役，不錯""}]"
全民國防教育軍事訓練課程－國際情勢,劉鐵軍,,0,114-2,93005,MilTr1009,,,,,"[""無評價""]",[]
全民國防教育軍事訓練課程－國防科技,劉鐵軍,,0,114-2,93007,MilTr1010,,,,,"[""[PTT | 107-1]: 轉載自 PTT 作者 ID: Languager004 (文心理身)\n哪一學年度修課： 107-1\n\nψ 授課教師 (若為多人合授請寫開課教師，以方便收錄)\n\n劉鐵軍\n\nλ 開課系所與授課對象 (是否為必修或通識課 / 內容是否與某些背景相關)\n\n全校學生\n\nδ 課程大概內容\n\n課程內容(內容節錄自CEIBA網頁)\n第1周 課程概述、加退選/加簽事宜\n第2周 戰爭緣起與演變、歷史重大戰役及其影響\n第3周 中秋節放假\n第4周 各兵種介紹\n第5周 冷/熱兵器緣起與介紹\n第6周 陸戰軍備介紹\n第7周 海戰軍備介紹\n第8周 空戰軍備介紹\n第9周 期中周(繳交期中報告)\n\n第10周 資訊作戰\n第11周 資訊安全防護/案例分析\n第12周 C4ISR作戰運用與介紹\n第13周 核生化武器介紹與防護\n第14周 AI人工智慧作戰運用與介紹\n第15周 未來戰爭武器運用與介紹\n第16周 總結-國防科技對國家安全的影響\n第17周 元旦放假\n第18周 期末考試\n\nΩ 私心推薦指數(以五分計) ★★★★★\n\n只想躺著過完全不想準備 ★★★\n不想出席(國防都點名吧) ★★★\n不喜歡有考試/書面報告 ★★★★\n上課時想自由運用時間 ★★★★★\nη 上課用書(影印講義或是指定教科書)\n\n沒有用紙本教材\n老師會上傳上課ppt(期末前兩周)\n\nμ 上課方式(投影片、團體討論、老師教學風格)\n\n每周上課前老師會分享上週國際新聞\n簡單介紹事件並提出觀點和同學討論\n講完接下來就會上正課介紹該周主題\n偶爾也會搭配相關影片或電影做搭配\n學期中有一周有請人來做經歷分享的演講\n老師說下學期會請相關人士來做專題演講\n\n上課步調算是蠻輕鬆的\nppt內容也不會太過艱澀\n但老師希望上課不要睡覺\n真的不舒服可以跟老師說~\n\nσ 評分方式(給分甜嗎？是紮實分？)\n\n30% 平時成績(出席率)\n30% 期中報告(紙本繳交)\n40% 期末筆試\n\n乖乖出席30分基本上穩拿\n期中報告有交應該也不差\n期末簡答不會至少申論有筆墨分\n\n(1/18補充)\n出席100(全勤)，報告82，期末89，最後拿A+\n基本上算是扎實分，但國防其實及格就好(?)\n\nρ 考題型式、作業方式\n\n期中報告:\n\n開學老師就會一直提醒大家，要自己寫一篇國防科技的報告\n在第7周前要把題目寄給老師，在第9周繳交紙本報告給老師\n老師對題目選擇還蠻彈性的，不過題目內容是先搶先贏的\n太晚寄信被搶走只能換題目，且老師絕不接受遲交的信\n所以請不要遲交題目，書面報告也是一樣必須準時繳交\n另外老師會抓抄襲，是真的會把你的報告內容丟網路查\n被抓到會扣分(依程度而言)，所以你要抄也別抄太多(誤)\n\n期末筆試:\n\n分成簡答題(6題)+申論題(2題)\n簡答(60%)->\n基本上就是老師ppt裡面的內容\n題目大部分都是考一些大標題\n都有標準答案，所以沒看沒分\n申論(40%)->\n是根據上課ppt內容作延伸討論\n像是C4ISR、AI人工智慧...等等\n開放式問答所以沒有標準答案~~\n\n注意:\n老師說國防課不代表不當人\n再怎麼忙請至少交期中報告\n期末花一點時間瀏覽(抱佛腳1小時也很夠了)\n看到有人期末幾乎都不會寫就交卷orz\n別坐了一整學期結果沒抵到兵役阿www\n\nω 其它(是否注重出席率？如果為外系選修，需先有什麼基礎較好嗎？老師個性？\n加簽習慣？嚴禁遲到等…)\n\n出席率:\n每周必點，請不要心存僥倖不來上課\n也非每次都下課點(開始、中間都點過)\n太晚到老師會請下課找他(不知道幹啥)\n不能來要請假，老師幾乎都批准(酌扣)\n還有請假理由麻煩寫合理一點的wwwww\n\n加簽:\n基本上就是第一周去試試運氣吧\n或是等加退選看能不能分發選到\n\nΨ 總結\n\n老師整體上課氛圍還算是蠻輕鬆的\n老師也不硬性強迫不能做自己的事\n真的太忙你默默念書做報告也還好\n\n其實關於討論時事的部分蠻有趣的\n很適合平常懶得特別關注的人聽聽\n上完課也可以對國防科技有大概的理解\n但如果你外務多或很愛翹課就別來了ww\n\n--\n\n原文網址: https://www.ptt.cc/bbs/NTUcourse/M.1547296221.A.656.html""]","[{""User_ID"": ""PTT"", ""Semester"": ""107-1"", ""Rating_Quality"": null, ""Rating_Sweet"": null, ""Rating_Easy"": null, ""Rating_Rich"": null, ""Comment"": ""轉載自 PTT 作者 ID: Languager004 (文心理身)\n哪一學年度修課： 107-1\n\nψ 授課教師 (若為多人合授請寫開課教師，以方便收錄)\n\n劉鐵軍\n\nλ 開課系所與授課對象 (是否為必修或通識課 / 內容是否與某些背景相關)\n\n全校學生\n\nδ 課程大概內容\n\n課程內容(內容節錄自CEIBA網頁)\n第1周 課程概述、加退選/加簽事宜\n第2周 戰爭緣起與演變、歷史重大戰役及其影響\n第3周 中秋節放假\n第4周 各兵種介紹\n第5周 冷/熱兵器緣起與介紹\n第6周 陸戰軍備介紹\n第7周 海戰軍備介紹\n第8周 空戰軍備介紹\n第9周 期中周(繳交期中報告)\n\n第10周 資訊作戰\n第11周 資訊安全防護/案例分析\n第12周 C4ISR作戰運用與介紹\n第13周 核生化武器介紹與防護\n第14周 AI人工智慧作戰運用與介紹\n第15周 未來戰爭武器運用與介紹\n第16周 總結-國防科技對國家安全的影響\n第17周 元旦放假\n第18周 期末考試\n\nΩ 私心推薦指數(以五分計) ★★★★★\n\n只想躺著過完全不想準備 ★★★\n不想出席(國防都點名吧) ★★★\n不喜歡有考試/書面報告 ★★★★\n上課時想自由運用時間 ★★★★★\nη 上課用書(影印講義或是指定教科書)\n\n沒有用紙本教材\n老師會上傳上課ppt(期末前兩周)\n\nμ 上課方式(投影片、團體討論、老師教學風格)\n\n每周上課前老師會分享上週國際新聞\n簡單介紹事件並提出觀點和同學討論\n講完接下來就會上正課介紹該周主題\n偶爾也會搭配相關影片或電影做搭配\n學期中有一周有請人來做經歷分享的演講\n老師說下學期會請相關人士來做專題演講\n\n上課步調算是蠻輕鬆的\nppt內容也不會太過艱澀\n但老師希望上課不要睡覺\n真的不舒服可以跟老師說~\n\nσ 評分方式(給分甜嗎？是紮實分？)\n\n30% 平時成績(出席率)\n30% 期中報告(紙本繳交)\n40% 期末筆試\n\n乖乖出席30分基本上穩拿\n期中報告有交應該也不差\n期末簡答不會至少申論有筆墨分\n\n(1/18補充)\n出席100(全勤)，報告82，期末89，最後拿A+\n基本上算是扎實分，但國防其實及格就好(?)\n\nρ 考題型式、作業方式\n\n期中報告:\n\n開學老師就會一直提醒大家，要自己寫一篇國防科技的報告\n在第7周前要把題目寄給老師，在第9周繳交紙本報告給老師\n老師對題目選擇還蠻彈性的，不過題目內容是先搶先贏的\n太晚寄信被搶走只能換題目，且老師絕不接受遲交的信\n所以請不要遲交題目，書面報告也是一樣必須準時繳交\n另外老師會抓抄襲，是真的會把你的報告內容丟網路查\n被抓到會扣分(依程度而言)，所以你要抄也別抄太多(誤)\n\n期末筆試:\n\n分成簡答題(6題)+申論題(2題)\n簡答(60%)->\n基本上就是老師ppt裡面的內容\n題目大部分都是考一些大標題\n都有標準答案，所以沒看沒分\n申論(40%)->\n是根據上課ppt內容作延伸討論\n像是C4ISR、AI人工智慧...等等\n開放式問答所以沒有標準答案~~\n\n注意:\n老師說國防課不代表不當人\n再怎麼忙請至少交期中報告\n期末花一點時間瀏覽(抱佛腳1小時也很夠了)\n看到有人期末幾乎都不會寫就交卷orz\n別坐了一整學期結果沒抵到兵役阿www\n\nω 其它(是否注重出席率？如果為外系選修，需先有什麼基礎較好嗎？老師個性？\n加簽習慣？嚴禁遲到等…)\n\n出席率:\n每周必點，請不要心存僥倖不來上課\n也非每次都下課點(開始、中間都點過)\n太晚到老師會請下課找他(不知道幹啥)\n不能來要請假，老師幾乎都批准(酌扣)\n還有請假理由麻煩寫合理一點的wwwww\n\n加簽:\n基本上就是第一周去試試運氣吧\n或是等加退選看能不能分發選到\n\nΨ 總結\n\n老師整體上課氛圍還算是蠻輕鬆的\n老師也不硬性強迫不能做自己的事\n真的太忙你默默念書做報告也還好\n\n其實關於討論時事的部分蠻有趣的\n很適合平常懶得特別關注的人聽聽\n上完課也可以對國防科技有大概的理解\n但如果你外務多或很愛翹課就別來了ww\n\n--\n\n原文網址: https://www.ptt.cc/bbs/NTUcourse/M.1547296221.A.656.html""}]"
