流水號,開課系所,課程概述,課程目標,課程要求,評量方式,預期學習時數
17067,農業化學系,,,,,
52063,農業化學系,,,,,
18496,農業化學系,,,,,
25078,農業化學系,,,,,
10972,農業化學系,,,,,
40033,農業化學系,,,,,
12308,農業化學系,,,,,
43291,農業化學系,,,,,
24985,農業化學系,,,,,
19493,農業化學系,,,,,
38055,農業化學系,,,,,
59608,農業化學系,,,,,
17856,農業化學系,,,,,
38944,農業化學系,,,,,
39209,農業化學系,,,,,
21303,農業化學系,,,,,
51470,農業化學系,,,,,
31697,農業化學系,,,,,
38930,農業化學系,,,,,
46482,農業化學系,,,,,
19897,農業化學系,,,,,
47795,農業化學系,,,,,
20754,農業化學系,,,,,
46944,,,,,,
53312,農業化學研究所,,,,,
12626,農業化學研究所,,,,,
30258,農業化學研究所,,,,,
14703,農業化學研究所,,,,,
36840,農業化學研究所,,,,,
33184,農業化學研究所,,,,,
31676,農業化學研究所,,,,,
16946,農業化學研究所,,,,,
24557,農業化學研究所,,,,,
53377,農業化學研究所,,,,,
25156,農業化學研究所,,,,,
49458,農業化學研究所,,,,,
58724,農業化學研究所,,,,,
36066,農業化學研究所,,,,,
25470,農業化學研究所,,,,,
20763,農業化學研究所,,,,,
44486,農業化學研究所,,,,,
53712,農業化學研究所,,,,,
39791,農業化學研究所,,,,,
57292,農業化學研究所,,,,,
37409,農業化學研究所,,,,,
33670,農業化學研究所,,,,,
30362,農業化學研究所,,,,,
21375,農業化學研究所,,,,,
53983,農業化學研究所,,,,,
23323,農業化學研究所,,,,,
10765,農業化學研究所,,,,,
37229,經濟學系 / 會計專業與永續職涯學分學程 / 台灣大學遠距教學課程,本課程為會計學的入門課程的第二學期，因以中文授課，請使用中文學習有困難的同學不要修課。Please refrain from taking this course if you are not proficient in learning in Chinese.,上學期課程已經先介紹會計基本流程、收入認列以及現金、存貨、應收帳款等會計項目，本學期課程將繼續介紹不動產廠房機器設備、投資、負債、股東權益等會計項目以及現金流量和財報分析等相關內容。,待補,,6小時以上
39580,會計學系,,,,,
20243,會計學系,,,,,
54625,會計學系,,,,,
29735,會計學系 / 會計學研究所,,,,,
10218,會計學研究所,,,,,
35360,會計學研究所 / 商業資料分析學分學程,"The main purpose of Capstone course is to provide students with an opportunity to integrate and apply the algorithms, methods and tools they have learned throughout the program to solve real-world data analysis problems that have an interdisciplinary nature.","Students will conduct a team-based project that involves the main aspects of the data analytics process, and will submit a consolidated report and give a presentation at the conclusion of the project. Students get experience in working as teams, participating in project planning and scheduling, writing reports, giving presentations, interpreting results, and provide suggested solutions.","本課程為會研所必修課，欲加選此課的同學，必須能配合團隊合作，並且具備基本會計及程式設計常識，切勿消極應對。
若能配合及符合上述說明的同學，請寄信給劉順仁教授(szliu@ntu.edu.tw)並副本給顏均竹助教(chunchu@ntu.edu.tw)說明想修課的原因、會計及程式語言的學習背景，以便教授審核加選資格。",,
29925,會計學研究所,"This graduate-level seminar explores the intersection of Accounting Information Systems, data analytics, and emerging artificial intelligence technologies within accounting and auditing contexts. The course is structured as a research-oriented seminar emphasizing critical discussion and analytical engagement with academic literature.

The seminar covers topics including eXtensible Business Reporting Language (XBRL), text mining, data visualization, and AIS literature reading that addresses machine learning, artificial intelligence, and large language models. A central objective of the AIS-DA Seminar is to guide students in learning how to read and interpret accounting, auditing, and AIS-related research papers, become familiar with academic writing conventions, and explore potential directions for their master’s thesis. Through sustained engagement with selected studies, students will develop the ability to understand research motivation, evaluate empirical design choices, and reflect on how technological developments shape new research opportunities.","The AIS serial courses, Accounting Information Systems with Data Analytics at the undergraduate level and Seminar on Accounting Information Systems and Data Analytics at the graduate level, are designed to connect emerging technological developments with both professional practice and academic research in accounting and auditing. The graduate seminar places particular emphasis on cultivating students’ capacity to critically interpret and evaluate both foundational and contemporary research in the field.

Through sustained engagement with research addressing areas such as XBRL, textual analysis, data visualization, machine learning, and generative artificial intelligence, students will examine how technological change influences financial reporting, assurance processes, and the broader information environment. Rather than focusing solely on technical implementation, the seminar encourages careful analysis of theoretical motivation, research design, and identification logic. Students are guided to consider how evolving technologies open new avenues for inquiry while also raising new methodological questions.

By the conclusion of the semester, students should demonstrate greater confidence in analytical reading, more sophisticated participation in scholarly discussion, and a clearer sense of how to formulate research questions relevant to their own thesis development.",待補,"35%	

Class Participation


20%	

Questions to the Assigned Papers


20%	

Paper Presentation (Group-based)


20%	

Tableau Case (Group-based)


5%	

Assignments

本校尚無訂定 A+ 比例上限。
本校採用等第制評定成績，學生成績評量辦法中的百分制分數區間與單科成績對照表僅供參考，授課教師可依等第定義調整分數區間。詳見 學習評量專區。",At least six to eight hours to read the assigned papers weekly.
10856,會計學研究所,,,,,
53725,會計學研究所,,,,,
32214,會計學研究所,,,,,
42920,會計學研究所,,,,,
50831,會計學研究所,,,,,
31925,無授課對象,,,,,
13351,無授課對象,本課程會以韓語應用為主，教導學生對於各式場合的應用模式，同時搭配影片教學與實際對話的方式，從食衣住行切入，深入了解韓國的生活習俗與大眾文化。課程中會以簡單、實用、對答的方式進行生活語言的練習，以達到流暢表達韓語的基本能力。,"1. 本課程著重在韓語的聽、說、讀、寫。
2. 學習韓文基本字彙與文法。
3. 主題式的基礎日常課程。",按時出席、準時繳交作業、積極練習對話。,"30%	

出席、作業、小考成績


30%	

期中考試（筆試/口試）


40%	

期末考試（筆試/口試）

本校尚無訂定 A+ 比例上限。
本校採用等第制評定成績，學生成績評量辦法中的百分制分數區間與單科成績對照表僅供參考，授課教師可依等第定義調整分數區間。詳見 學習評量專區。",預期每週課前或/與課後學習時數：每一學分授課時數為一小時，應有一小時之課堂外學習時數 (包含課前與課後學習)；也就是一學分的授課時數：(課前+課後學習時數) = 1 : 1。
52634,農業經濟學系,,,,,
14282,農業經濟學系,,,,,
21271,農業經濟學系,,,,,
35095,農業經濟學系,,,,,
19747,農業經濟學系,,,,,
51808,農業經濟學系,,,,,
44313,農業經濟學系,,,,,
27268,農業經濟學系,,,,,
39552,農業經濟學系,,,,,
39877,農業經濟學系,,,,,
44361,農業經濟學系,,,,,
50726,農業經濟學系,,,,,
28913,農業經濟學系,,,,,
10734,生物多樣性國際碩士學位學程 / 農業經濟學系,,,,,
36846,農業經濟學系 / 農業經濟學研究所,,,,,
31285,農業經濟學研究所,,,,,
59249,農業經濟學研究所,,,,,
42739,農業經濟學研究所,,,,,
21635,農業經濟學研究所,,,,,
29676,農業經濟學研究所,,,,,
38274,農業經濟學研究所,,,,,
10814,農業經濟學研究所,,,,,
29796,農業經濟學研究所,,,,,
19193,農業經濟學研究所,,,,,
15342,農業經濟學研究所,,,,,
45176,農業經濟學研究所,,,,,
37863,農業經濟學研究所,,,,,
10903,農業經濟學研究所,,,,,
33519,農業經濟學研究所,,,,,
32896,農業經濟學研究所,,,,,
14961,農業經濟學研究所,,,,,
30554,農業經濟學研究所,,,,,
43324,農業經濟學研究所,,,,,
24241,農業經濟學研究所,,,,,
58616,農業經濟學研究所,,,,,
57932,農業經濟學研究所,,,,,
44022,農業經濟學研究所,,,,,
42890,農業經濟學研究所,,,,,
29694,農業經濟學研究所,,,,,
36177,農業經濟學研究所,,,,,
18329,農業經濟學研究所,,,,,
95135,農業經濟學研究所,,,,,
31899,農業經濟學研究所,,,,,
50268,農業經濟學研究所,,,,,
47390,農業經濟學研究所,,,,,
27764,農業經濟學研究所,,,,,
13084,農藝學系,,,,,
42704,生物資源暨農學院 / 植物病理與微生物學系 / 生物機電工程學系 / 生物產業傳播暨發展學系 / 獸醫學系 / 園藝暨景觀學系 / 動物科學技術學系 / 森林環境暨資源學系 / 農業化學系 / 農藝學系,,,,,
53043,,,,,,
11410,生物資源暨農學院 / 植物病理與微生物學系 / 生物機電工程學系 / 生物產業傳播暨發展學系 / 獸醫學系 / 園藝暨景觀學系 / 動物科學技術學系 / 森林環境暨資源學系 / 農業化學系 / 農藝學系,,,,,
38380,,,,,,
44543,,,,,,
47917,無授課對象,,,,,
39691,無授課對象,,,,,
19027,無授課對象,環境信託基地自然谷一日遊、彰化地區汙染小旅行 (一日遊),待補,"目前人數已達參訪限制，但考量大家還會考慮時間、行程、預算，可能會有人退選，若有興趣加簽可以寄信至助教信箱進行候補，助教會再寄信通知授權碼。

助教信箱：r14627001@ntu.edu.tw",,
21839,無授課對象,,,,,
16932,無授課對象,,,,,
42784,農藝學系,,,,,
10054,農藝學系,,,,,
44704,農藝學系,,,,,
26468,農藝學系,"1.	茶樹原產地：Original habitat of tea
2.	臺灣茶產業介紹：Introduction of Taiwan tea production industry
3.	 茶樹栽培氣候土宜：Introduction of tea plant cultivated environment
4.	 茶園開墾與種植：Reclamation and planting of tea garden
5.	 茶樹形態：Tea plant morphology
6.	 茶樹育種：Tea plant breeding 
7.	  茶樹品種介紹：Introduction of tea varieties  
8.	 茶樹繁殖：Tea plant propagation
9.	 茶樹營養與施肥：Nutrition and fertilization of tea plant
10.	 茶園機械：Tea garden machinery
11.	 茶樹修剪：Tea plant pruning
12.	 茶樹栽培管理：Tea plant cultivation and management
13.	 茶樹病蟲害與防治：Tea plant pests and control
14.	 茶葉採摘 ：Tea plucking
15.	臺灣特色茶之介紹：Introduction of Taiwan characteristic teas",1.讓學生瞭解 茶樹起源、茶樹品種、栽培環境及栽培管理的重要性。,理論與實作並進。,,每週課前30分或/與課後學習時數30分鐘
51963,農藝學系,,,,,
12780,農藝學系,,,,,
10556,農藝學系,,,,,
17673,農藝學系,了解作物抗蟲研究趨勢及參與相關研究,"1.學習如何整理相關文獻
2.了解作物抗蟲最新抗蟲研究
3.學習如何設計實驗、執行實驗(包括植物種植及昆蟲飼養)以及分析數據",,,課後3小時
27739,農藝學系,,,,,
11341,農藝學系,,,,,
40080,農藝學系,,,,,
55823,農藝學系,,,,,
12828,農藝學研究所,,,,,
51169,農藝學研究所,,,,,
50340,農藝學研究所,,,,,
33532,農藝學研究所,,,,,
45019,農藝學研究所,,,,,
27909,農藝學研究所,,,,,
36939,作物科學組 / 生物統計學組,,,,,
43036,農藝學研究所,,,,,
43064,農藝學研究所,,,,,
25969,農藝學研究所,,,,,
35601,作物科學組 / 生物統計學組,,,,,
12166,臺灣大專院校人工智慧學程聯盟,,,,,
17554,臺灣大專院校人工智慧學程聯盟,,,,,
16142,臺灣大專院校人工智慧學程聯盟,,,,,
41055,臺灣大專院校人工智慧學程聯盟,,,,,
27326,應用力學研究所,,,,,
54207,應用力學研究所,,,,,
23781,應用力學研究所,,,,,
25700,應用力學研究所,,,,,
22893,應用力學研究所,,,,,
31214,應用力學研究所,,,,,
34266,應用力學研究所,,,,,
32903,應用力學研究所,,,,,
54108,應用力學研究所,,,,,
34581,應用力學研究所,,,,,
30979,應用力學研究所,,,,,
37713,應用力學研究所,,,,,
51956,應用力學研究所,,,,,
10154,應用力學研究所,,,,,
37735,應用力學研究所,,,,,
35084,應用力學研究所,,,,,
19104,應用力學研究所,,,,,
37897,應用力學研究所,,,,,
27700,應用力學研究所,,,,,
49292,應用力學研究所,,,,,
15054,應用力學研究所,,,,,
33494,應用力學研究所,,,,,
15681,應用力學研究所,,,,,
32654,應用力學研究所,"This is an advanced laboratory course in analog, digital, and mixed-signal electronic circuits, intended for students who have already completed the Electronics Laboratory course and wish to deepen both their theoretical understanding and practical skills. The course emphasizes rigorous circuit analysis, systematic design, careful implementation, and high-quality experimental verification. 
Throughout the semester, students will be expected to connect device-level behavior with system-level performance, quantify non-idealities (noise, distortion, finite bandwidth, quantization, etc.), and document their findings in professional-style technical reports. The course is suitable only for students who are seriously interested in electronic circuit design and measurement and are prepared to invest significant time on labs outside of scheduled lectures (self-paced).
Grading: Midterm 35%, Final 35%, Lab & project 30%
The tentative weekly syllabus:
1.	Advanced Lab practices and review
2.	Op-amp non-idealities & precision amplifiers
3.	Op-amp noise
4.	Signal conditioning for data acquisition
5.	Feedback, stability, and compensation
6.	Advanced oscillation circuits, timing jitter and stability
7.	Regulators & buck converters
8.	Midterm Exam
9.	Power management and PSRR, power noise
10.	Digital logic families, timing, and signal integrity
11.	Data converters and practical sampling issues
12.	Digital interfaces & MCU
13.	Low-noise interfaces
14.	Project I: design proposal for sensor nodes with ADC + MCU + communication interface
15.	Project II: Implementation & presentation
16.	Final Exam","By the end of this course, students should be able to:
1.	Apply advanced circuit theory to the analysis and design of analog and digital building blocks, including precision amplifiers, active filters, oscillators, comparators, and digital logic subsystems.
2.	Design, implement, and debug moderately complex analog, digital, and mixed-signal circuits that meet specified performance targets, using both simulation tools (e.g., SPICE) and hardware prototypes.
3.	Characterize circuit performance experimentally, including gain, bandwidth, stability, distortion, noise, propagation delay, and power consumption, and relate measured results to analytical and simulated predictions.
4.	Evaluate and manage non-ideal effects such as parasitics, loading, biasing errors, power-supply limitations, signal integrity issues, and measurement uncertainty in practical laboratory environments.",Completion of Experiments on Electronics (電子學實驗AM7011) and familiar with SPICE-based circuit simulation.,,
11224,應用力學研究所,,,,,
17467,應用力學研究所,,,,,
41584,解剖學暨細胞生物學研究所,"一、授課目標：導入VR 3D Organon教學及大體老師模擬手術，提升學生腹部臨床解剖學的知識及團隊合作學習的能力。
二、授課對象：醫學院學生，以醫學系3~6年級、護理系2年級以上 、學士後護理系1年級以上學生優先。
三、修課人數上限18人。
四、學分數：1學分
五、上課時間：每學年下學期3-5月，一個月一次，一次上課6小時
10:00~17:00。",,成績與,"1.出席情況
2.學習評量，參與情形
3.學習心得報告
預期每週課前或/與課後學習時數
Office Hour
指定閱讀
參考書目
評量方式
本校尚無訂定 A+ 比例上限。
本校採用等第制評定成績，學生成績評量辦法中的百分制分數區間與單科成績對照表僅供參考，授課教師可依等第定義調整分數區間。詳見 學習評量專區。",
28923,解剖學暨細胞生物學研究所,所有研究生由各指導教授選定一篇最近的有關解剖學、細胞生物學或神經生物學完整期刊論文，經研究生研讀並查詢相關參考文獻，將內容重新整理後，製作powerpoint file，公開發表並討論。,訓練研究生(1)獨立查詢資料(2)研讀論文(3)整理資料(4)語言表達及發表論文之能力。,待補,,
20838,解剖學暨細胞生物學研究所,本所的共通性課程有人體解剖學、顯微解剖學、人體發生學及神經解剖學等，課程相互關係密切；研究部分，基礎課程使研究生了解基本器官之組織細胞結構，加強研究生本身的研究學理根基，同時佐以各種形態學基本技術之課程，作為同學對各研究主題探討之基礎,,,,
53627,解剖學暨細胞生物學研究所,以專題演講及討論方式了解當代神經科學重要研究課題。專題內容包含(1)神經退化疾病病理機制(2)中樞與周圍神經塑性與再生形態(3)神經傳導系統形態與功能。,透過研讀、演講及討論，使學生學習神經科學重要研究發現及研究方法。,修課學生應具備基本生物學或神經生物學背景。,,
34700,解剖學暨細胞生物學研究所,以專題演講及討論方式，由師生共同研討報告細胞生物學最新進展及當代之重要研究主題。專題內容包含(1)味蕾(2)細胞之再生與凋亡(3)心肌細胞及癌細胞黏附接合組合之訊息機制(4)心血管疾病的形態觀察及動脈硬化和血管再狹窄之形成機制(5)神經細胞骨架之分子細胞生物學(6)癌症細胞生物學及血管細胞生物學(7)心肌細胞黏附分子與細胞接合之功能及調控等等主題。,透過研讀、演講及討論，使學生學習特定組織或細胞的細胞生物學研究方法及成果，並探討可能之機制。,修課學生應先修習基本生物學及細胞生物學。,,
38098,解剖學暨細胞生物學研究所 / 神經生物與認知科學學程,神經解剖學是解剖學中一個研究神經系統相關解剖構造的分支。在脊椎動物中，無數神經自腦往身體各部位（或稱為周邊）連通的路徑和腦本身的內部構造都相當地複雜。雖然神經解剖學仍屬於神經科學的一項，但其相關的研究已獨自發展成一門特殊的學問。腦部構造和區域分佈的描述在研究其運作方式佔了相當重要的地位。舉例而言，許多神經學家藉由觀察腦部特定區域的傷害或病灶影響行為或是其他神經功能而獲得許多知識。,待補,待補,,
38850,解剖學暨細胞生物學研究所,"This course is designed for graduate students, and deals with several general cell biology techniques. It includes 2 hour lecture on the theories and 2 hour laboratory work. The contents cover primary tissue culture and cell line culture, staining for organelles, generation of polyclonal and monoclonal antibodies, localization of protein and mRNA in cells (immunocytochemistry and in situ hybridization), transfer of small and large molecules such as antibodies and siRNA by microinjection, scrape loading, and transfection, purification of DNA and RNA, real-time polymerase chain reaction, microarray, calcium imaging, proteomics, and electrophoretic mobility shift assay.",待補,待補,,
45752,解剖學暨細胞生物學研究所,"This course, aimed at graduate students, offers an introduction to cell biology with consideration of its applications on related research. Through this course, students will not only increase their basic knowledge of cell biology, but also enhance their scientific research skills.",待補,待補,,
18350,解剖學暨細胞生物學研究所,,,,,
31135,解剖學暨細胞生物學研究所,,,,,
15432,解剖學暨細胞生物學研究所,待補,待補,待補,,
53994,解剖學暨細胞生物學研究所,"臨床腹腔手術解剖學-教學大綱
一、授課目標：導入VR 3D Organon 教學及大體老師模擬手術，提升學生腹部臨床解剖學的知識及團隊合作學習的能力。
二、授課對象：醫學院學生，以醫學系3~6年級學生、護理系2年級以上、學士後護理系1年級以上優先
三、修課人數上限：18人 
四、學分數：1學分
五、上課時間：每學年下學期3-5月，一個月一次，一次上課6小時，10:00~17:00。",,,,
47363,動物科學技術學系,,,,,
53650,動物科學技術學系,,,,,
58743,動物科學技術學系,,,,,
10756,動物科學技術學系,,,,,
50372,動物科學技術學系,,,,,
25019,動物科學技術學系,,,,,
39438,動物科學技術學系 / 動物科學技術學研究所,,,,,
14500,動物科學技術學研究所,,,,,
36556,動物科學技術學研究所,,,,,
41859,動物科學技術學研究所,,,,,
19656,動物科學技術學研究所,,,,,
43305,動物科學技術學研究所,,,,,
34893,動物科學技術學研究所,,,,,
31060,動物科學技術學研究所,整理文獻及試驗結果進行口頭報告。,訓練學生統整文獻與試驗結果的能力，並練習中英文口頭報告的技巧。,需每週參與報告討論並擔任一次主講人。,,4-8小時／週
10884,動物科學技術學研究所,整理文獻及試驗結果進行口頭報告。,訓練學生統整文獻與試驗結果的能力，並練習中英文口頭報告的技巧。,需每週參與報告討論並擔任一次主講人。,,
57180,動物科學技術學研究所,,,,,
22738,動物科學技術學研究所,,,,,
49905,動物科學技術學研究所,,,,,
43597,動物科學技術學研究所,,,,,
52535,動物科學技術學研究所,動物科學技術學研究所的專題討論課程，每周會有2-5位研究生倫依據當學期的設定目標完成報告，並於報告後與同學及老師討論並改進。,"碩士及博士班皆須修滿四學期始可畢業，博士班提出資格考學期於此課程安排公開演講。
依據時程，碩一上需充分精讀與碩士論文題目相關文獻並提出統整性的報告進行討論；碩一下需有初步研究成果並提出完整論文計畫報告；碩二上要求以全英文進行碩士論文題目相關文獻的演講；碩二下則進行碩士論文主要的成果報告及討論。",,,
22973,動物科學技術學研究所,,,,,
54202,動物科學技術學研究所,"1. 整合生物化學所學之碳水化合物,脂肪, 蛋白質分解及代謝之相關機制 
2. 藉由動物體內各器官對碳水化合物, 脂肪, 蛋白質的分解與利用, 對基礎代謝有整體之認識",各器官與組織之代謝機制的整體瞭解。,修過生物化學,,
46734,國際三校農業生技與健康醫療碩士學位學程 / 動物科學技術學研究所,,,,,
37912,動物科學技術學研究所 / 幹細胞與再生醫學學程,本課程將由幹細胞之基本概念開始介紹，再引入哺乳動物來源之各種幹細胞之分離及其特性，並將幹細胞、組織工程與再生醫學結合，最後進入產業化應用之前，就倫理、道德、宗教及法令之考量進行討論。於期中考後將由同學蒐集幹細胞領域之最新發展資料進行報告及討論。,加強同學對動物幹細胞之分離、增殖及分化等特性之了解，並強調在幹細胞產業化應用方面之潛力及應考量之重點。此外，將可訓練碩班學生對幹細胞領域最新研究報告之閱讀及表達能力。,報告閱讀及撰寫。,"40%	

Oral presentation


40%	

Final report


20%	

Participation

本校尚無訂定 A+ 比例上限。
本校採用等第制評定成績，學生成績評量辦法中的百分制分數區間與單科成績對照表僅供參考，授課教師可依等第定義調整分數區間。詳見 學習評量專區。",
42779,動物科學技術學研究所,"This course will investigate the microflora, spoilage and pathogen microorganisms in animal products, as well as implication of new microbial biotechnology in animal products.",The principles of this course are to provide a critical evaluation of the current state of knowledge concerning microbiology of animal products.,無,,
35461,動物科學技術學研究所,了解動物科學研究所需要的技術及方法,本課程針對研究方法規劃一系列的課程，協助學生提昇對動物科學研究的概念及基礎。,,,
43887,動物科學技術學研究所,介紹國內外畜牧產業有關動物生產之智慧化與自動化技術設備、原理及應用，課程講師將涵蓋動科系及生機系專業教授及國內智慧化畜牧生產設備廠商，課程內容包括基礎機電原理及觀念、Arduino智慧控制、物聯網(IoT)原理與實際應用、區塊鏈技術原理與其在畜牧生產之應用、大數據收集與分析應用、智慧環控畜舍設備與管理、智慧化畜牧場廢水處理系統、再生能源生產設備及智慧化畜牧生產相關應用產業介紹等。,智慧化畜牧業4.0為目前世界趨勢，學生應具備相關之基礎知識與觀念，以因應未來產業發展趨勢，藉由教授智慧化與自動化基礎原理到產業實際應用情況，配合邀請產業菁英來校教學及校外教學，同時引導學生分組以期末競賽方式，學生透過實際競賽模式，將智慧化控制技術實作與課程內容融合，可使學生對於本課程具較深入化學習效果。,課程核心內容包括一般簡易電工實做、Arduino智慧控制相關技術、大數據收集與分析應用等課程及校外教學等，要求修課學生必須要全程參與，以獲得完整之課程資訊與訓練。,"30%	

出席率(20)及上課態度(10)


30%	

期中考


40%	

期末書面報告(20)及專題比賽(20)

本校尚無訂定 A+ 比例上限。
本校採用等第制評定成績，學生成績評量辦法中的百分制分數區間與單科成績對照表僅供參考，授課教師可依等第定義調整分數區間。詳見 學習評量專區。",
57158,動物科學技術學研究所,"待補本課程旨在提供學生對維生素在動物生理中扮演角色的深度進階認知。不同於基礎營養學，本特論將焦點放在維生素與基因表達、免疫調節及肉質改善之間的分子層次互動。
課程內容涵蓋脂溶性與水溶性維生素的化學結構、消化吸收路徑、以及在不同經濟動物（如單胃動物、反芻動物）中的特殊代謝差異。","課程目標：
1. 深度掌握分子生化機制透徹理解各類維生素作為輔酶 (Coenzymes) 或激素 (Hormones) 的生化功能。
2. 評估生物利用率與物種差異辨析不同化學型態
3. 研究文獻的批判性分析具備閱讀並分析動物營養領域最新國際期刊的能力。
4. 學會如何設計實驗來檢測維生素的缺乏症或毒性反應，並判讀血清與組織中的營養指標並解決實際產業問題",期中期末考及文獻閱讀報告,"50%	

期中考

問答題與文獻報告


50%	

期末考

問答題與文獻報告

本校尚無訂定 A+ 比例上限。
本校採用等第制評定成績，學生成績評量辦法中的百分制分數區間與單科成績對照表僅供參考，授課教師可依等第定義調整分數區間。詳見 學習評量專區。",
13074,動物科學技術學研究所,本課程旨在探討活細胞如何維持內在平衡、處理與整合資訊、產生機械力，並適應不斷變化的環境。本課程將分為兩個部分。第一部分建立現代細胞生理學的核心概念，強調不同細胞反應如何在時間與空間上被協調與整合。第二部分則介紹用於探究細胞生理機制的細胞生物學研究技術。,"在修畢本課程後，學生將能夠：
1.	理解支持細胞生理運作的核心原則。
2.	整合細胞膜、胞器、代謝、訊號傳遞與機械性調控的相關知識。
3.	具批判性地閱讀細胞生理相關的研究文獻。
4.	運用現代細胞生物學研究技術來檢驗以細胞生理問題為導向的假說。",,,
55266,動物科學技術學研究所,,,,,
10979,動物科學技術學研究所,,,,,
46133,動物科學技術學研究所,,,,,
27296,動物科學技術學研究所,,,,,
10360,人類學系,,,,,
39250,人類學系,,,,,
38199,人類學研究所,,,,,
35520,人類學研究所,,,,,
41126,人類學研究所,,,,,
95012,人類學研究所,,,,,
44138,人類學研究所,,,,,
21903,人類學研究所,,,,,
55980,人類學研究所,,,,,
16630,人類學研究所,,,,,
34631,應用物理學研究所,,,,,
28510,應用物理學研究所,,,,,
22567,應用物理學研究所,,,,,
44736,應用物理學研究所,,,,,
23143,,,,,,
42656,藝術史研究所,,,,,
37174,藝術史研究所,,,,,
54919,藝術史研究所,,,,,
40217,藝術史研究所,,,,,
37626,藝術史研究所,"文化交流不論在博物館展覽或者學術研究上都是重要議題，絲路上的文化交流尤其引人入勝。本課程將由西元一至八世紀的東亞遺址和遺物出發，追索其與中亞、北亞相似遺址的關係，以探討絲路上的文化交流。課程包含授課教師講授、課堂討論，以及個人口頭與書面報告。

課程分為三個單元。第一單元為「緒論」（第一到第四週），首先在第一週介紹絲路研究背景、目前各大博物館的收藏及其他研究資源，也將一起思考文物歸屬議題。在第二和三週，以今阿富汗以及新疆地區的尼雅遺址作為實例，說明前一週所介紹的博物館藏品的部分出土地，同時介紹如何閱讀發掘報告。第三週則討論文化交流研究方法。目前討論文化交流的理論多由近現代世界文化交流出發，因此將在第三週簡介各理論並探討其在絲路文化交流上的適用性。也希望在整門課中，同學能時刻留意近現代文化交流與本課程所處的一到八世紀文化交流的異同，並嘗試尋找更合適的研究方法、取徑與理論。

第二單元為「遺物與遺址」從第五到第十三週，以大家相對熟悉的中國遺址與遺物出發，討論這些遺跡和絲路上其他地區的交流。第二單元的每堂課有兩個","。首先是對遺址和遺物基本資訊的掌握，包含熟悉各遺址出土的遺物類型和風格、遺址重要性，以及學者針對這些遺址與遺物提出的問題與解決問題的方法。其次，針對各週介紹的遺物進行視覺分析。

第三單元為「專題討論」，從第十四週開始，每週以一類物質或主題進行跨越地理區域的討論，探討圖像、紋飾與技術在長距離交流上的可能媒介、動力與可能造成的意義轉變。
課程目標
期待課程結束後，學生能夠達到以下目標：
1.認識本課程討論之遺址與遺物和其所處的歷史與社會背景、了解目前學界研究成果，並且從中提出新的研究問題。
2.掌握文化交流研究方法，並且有能力洞察學者討論文化交流時的前提假設。在本學期中以每週的實例思考各理論與研究方法的適用性與限制，並拓展其他可能性。
3.學習分析、比較遺物與遺址的能力。要能探討是獨立發明，或者可能有文化交流，並清楚解釋自己如何判別。
4.增進口頭與書面報告能力。
5.學習搜集與閱讀考古報告，從中取得需要的資訊，以在期末報告中回答自己提出的研究問題。
6.掌握國際學界對絲路研究的動向，並拓展國際視野。",課程進行方式以同學報告和討論為主，教師講授為輔。前四週由教師導讀，從第五週開始，每堂課由同學或教師導讀一到兩篇當週,,8 hrs
52366,藝術史研究所,,,,,
25051,藝術史研究所,,,,,
29195,天文物理研究所,,,,,
19921,天文物理研究所,,,,,
58267,天文物理研究所,,,,,
55580,天文物理研究所,,,,,
41388,物理學研究所 / 天文物理研究所,,,,,
23723,天文物理研究所,,,,,
57261,全球農業科技與基因體科學碩士學位學程,,,,,
95111,大氣科學系,,,,,
95112,大氣科學系,,,,,
14320,大氣科學系,,,,,
15685,大氣科學系,,,,,
26691,大氣科學系 / 大氣科學研究所,,,,,
22771,大氣科學研究所,,,,,
17210,大氣科學研究所,,,,,
57664,大氣科學研究所,,,,,
41174,大氣科學系 / 大氣科學研究所,,,,,
54612,大氣科學研究所,,,,,
27942,大氣科學研究所,,,,,
35682,大氣科學研究所,,,,,
24418,大氣科學研究所,,,,,
39256,大氣科學系 / 大氣科學研究所,見「文件」—> 「20260222_114(2)_颱風動力_日程.pdf」,待補,,"100%	

見「文件」—> 「20260222_114(2)_颱風動力_日程.pdf」

本校尚無訂定 A+ 比例上限。
本校採用等第制評定成績，學生成績評量辦法中的百分制分數區間與單科成績對照表僅供參考，授課教師可依等第定義調整分數區間。詳見 學習評量專區。",
53688,大氣科學研究所,,,,,
36877,大氣科學研究所,,,,,
25811,大氣科學研究所,,,,,
11522,大氣科學研究所,,,,,
95128,大氣科學研究所,,,,,
24210,大氣科學研究所,,,,,
29979,科技管理組,,,,,
50176,科技管理組,,,,,
35944,科技管理組,,,,,
25315,科技管理組,,,,,
16794,科技管理組,,,,,
13827,科技管理組,,,,,
28234,企業管理組 / 科技管理組,,,,,
10597,企業管理組 / 科技管理組,,,,,
25871,科技管理組,,,,,
52744,生化科學研究所,,,,,
48178,生化科學研究所,,,,,
37611,生化科學研究所,,,,,
46128,永續化學科技國際研究生博士學位學程 / 生化科學研究所,,,,,
12202,生化科學研究所,,,,,
13776,生化科學研究所,,,,,
12779,生化科學研究所,,,,,
42567,,,,,,
10445,生化科學研究所,,,,,
48206,生化科學研究所,,,,,
25711,生化科學研究所,,,,,
59296,生化科學研究所,,,,,
29943,生化科學研究所,,,,,
38357,生化科學研究所,,,,,
54033,生化科學研究所,,,,,
31176,生化科學研究所,,,,,
16546,生化科學研究所,,,,,
29176,生化科學研究所,,,,,
18124,生化科學研究所,,,,,
20533,生化科學研究所,,,,,
31780,生化科學研究所,,,,,
37571,生化科學研究所,,,,,
31238,生化科學研究所,,,,,
23608,生化科學研究所,,,,,
35169,生化科學研究所,,,,,
57740,永續化學科技國際研究生博士學位學程 / 生化科學研究所,"This course aims to teach the fundamentals and applications of glycobiology in the broader context of functional glycomics, based on the recently updated textbook “essentials of glycobiology 2nd edition”, which is freely available on the ncbi bookshelf, and other web materials on the nature functional glycomics gateway. From the cause and consequences of onco-developmental changes in glycosylation to proteins that recognize, bind and mediate the functions of glycans, students are introduced to essential concepts and recent developments in the field. Current pursue in both basic research and medical applications, including the historical development of neuraminidase inhibitors (e.g. tamiflu) and glycans involved in viral infections are discussed in the context of what chemical approaches are available to glycobiologists for diagnostics and therapeutics. Seminars are organized for students in groups to present and discuss key original research papers, which together with following up written report, will constitute the principal course work and assessment.","本課程旨在讓學生了解醣科學的基礎概論，包含醣生物學與醣化學的層面，進而使他們能夠：1）自信地深度閱讀此領域的文獻，2）為以後深入此領域的研究做好準備。 
Goals: This course intends to give students an overview of the fundamental aspects of glycoscience, including both glycobiology and chemistry, enabling them to: 1) read literature in this area with confidence and 2) be prepared for future more in-depth study of the area.","學生將依學期末的口頭報告被評分。此外，學生必須出席所有的課程，包括其他同學的報告。曠課超過兩節課的學生，其等第被降低的細節如下：三次曠課–降低三分之一個等第（如A–至B+）；四次曠課–降低一個完整的等第（如A–至B–）；五次曠課–降低兩個等第（如A–至C–）；六次或以上曠課–課程不及格。 
Assessment: Students will be evaluated on the basis of a presentation at the end of the semester. In addition, attendance in all classes, including student presentations, is required. Students who miss more than two classes will have their grades reduced as follows: three absences – reduction of one-third a letter grade (e.g., A– to B+); four absences – reduction of a full letter grade (e.g., A– to B–); five absences – reduction of two letter grades (e.g., A– to C–); six or more absences – failure in course.",,"課後學習時數1-2。​
如有特別指定作業​(要先讀某篇 paper​)及最後兩週的報告​，課前需要花較多時間準備​。報告結束課後 0.5 小時回顧同學報告的相關討論。"
27364,生化科學研究所,,,,,
48474,生化科學研究所,,,,,
16340,生化科學研究所,,,,,
36136,生化科學研究所,,,,,
24455,生化科學研究所,,,,,
39593,生化科學研究所,,,,,
16801,生化科學研究所,,,,,
57302,生化科學研究所,,,,,
53789,生化科學研究所,,,,,
56304,生化科學研究所,,,,,
56528,生化科學研究所,,,,,
18389,生化科學研究所,,,,,
43239,生化科學研究所,,,,,
13746,生化科學研究所,,,,,
36370,生化科學研究所,,,,,
45600,生化科學研究所,,,,,
28165,生化科學研究所,,,,,
29139,生化科學研究所,,,,,
37079,生化科學研究所,,,,,
43450,生化科學研究所,,,,,
36041,生化科學研究所,,,,,
27509,生化科學研究所,,,,,
49688,生化科學研究所,,,,,
13917,生化科學研究所,,,,,
53238,生化科學研究所,,,,,
33557,永續化學科技國際研究生博士學位學程 / 生化科學研究所,,,,,
38991,生化科學研究所,,,,,
28123,生化科學研究所,,,,,
25796,電機工程學研究所 / 生醫電子與資訊學研究所,,,,,
15894,電機工程學研究所 / 生醫電子與資訊學研究所,,,,,
21864,生醫電子與資訊學研究所,,,,,
31993,生醫電子與資訊學研究所,,,,,
18693,生醫電子與資訊學研究所,,,,,
32423,生醫電子與資訊學研究所,,,,,
16362,生醫電子與資訊學研究所,,,,,
36567,生醫電子與資訊學研究所,,,,,
21217,,,,,,
31908,生醫電子與資訊學研究所,,,,,
45289,生醫電子與資訊學研究所,,,,,
54974,生醫電子與資訊學研究所,,,,,
26847,生醫電子與資訊學研究所,,,,,
33909,生醫電子與資訊學研究所,,,,,
48409,生醫電子與資訊學研究所,,,,,
20060,生醫電子與資訊學研究所,"自動光學檢測 (AOI: Automatic Optical Inspection) 
電腦視覺 (Computer Vision) 
數位影像處理 (Digital Image Processing) 
數位相機 (Digital Camera)","1. Color Interpolation (Bayer Pattern) 
2. Auto Exposure (Shutter Speed, Aperture Diameter, Gain) 
3. Auto Focus (High Frequency Component, Passive, Active) 
4. Auto White Balance (Incandescent Light, Fluorescent Light) 
5. Color Calibration (xRite ColorChecker) 
6. Color Management (Original, LCD, Projector, Laser Printer) 
7. Defect Inspection (Automatic Optical Inspection) 
8. Surveillance Camera 
9. Big Data Partitioning for Cloud Computing 
10. AI: Artificial Intelligence 
11. Chatbot 
12. Deep Learning",待補,,
14272,,,,,,
25420,生醫電子與資訊學研究所,,,,,
56002,生醫電子與資訊學研究所,,,,,
47163,生醫電子與資訊學研究所,,,,,
18086,生醫電子與資訊學研究所,,,,,
25660,生醫電子與資訊學研究所,,,,,
31427,生醫電子與資訊學研究所,,,,,
54431,生醫電子與資訊學研究所,,,,,
39801,生醫電子與資訊學研究所,,,,,
18742,生醫電子與資訊學研究所,,,,,
56417,生醫電子與資訊學研究所,,,,,
53963,生醫電子與資訊學研究所,,,,,
41753,生醫電子與資訊學研究所,,,,,
50892,生醫電子與資訊學研究所,,,,,
13438,生醫電子與資訊學研究所,,,,,
42141,生醫電子與資訊學研究所,,,,,
10035,生醫電子與資訊學研究所,,,,,
53434,生醫電子與資訊學研究所,,,,,
48218,生醫電子與資訊學研究所,,,,,
13184,生醫電子與資訊學研究所,,,,,
53032,生醫電子與資訊學研究所,,,,,
53731,生醫電子與資訊學研究所,,,,,
33940,生醫電子與資訊學研究所,,,,,
35927,生物科技與食品營養學士學位學程,,,,,
42147,生物科技與食品營養學士學位學程,,,,,
52065,生物科技與食品營養學士學位學程,,,,,
39891,生物科技與食品營養學士學位學程,,,,,
14454,生物科技與食品營養學士學位學程,,,,,
46604,生物科技與食品營養學士學位學程,,,,,
48161,生物科技與食品營養學士學位學程,,,,,
31292,生物科技與食品營養學士學位學程,,,,,
15157,生物科技與食品營養學士學位學程,,,,,
10366,生物科技與食品營養學士學位學程,,,,,
45653,生物科技與食品營養學士學位學程,,,,,
33191,生物科技與食品營養學士學位學程,,,,,
20814,生物產業傳播暨發展學系,,,,,
34486,生物產業傳播暨發展學系 / 傳播學程,,,,,
10582,生物產業傳播暨發展學系,,,,,
50427,生物產業傳播暨發展學系,,,,,
31255,生物產業傳播暨發展學系,,,,,
47545,生物產業傳播暨發展學系 / 生物產業傳播暨發展學研究所,"綠色革命以來，全球農業發展已多聚焦於探討近代農業工業化、規模化、市場化與生產集中化所產生的後果，對生態環境、鄉村發展、社會文化、經濟安全所造成的影響。在這些有關探討農業發展的論述中，「農業生態學」提供了一個完整的理論架構，讓我們了解構成農業生態系統（agroecosystem）的結構脈絡。儘管農業生態學在早期主要應用於作物生產與農業生態，致力於研究、診斷、和提出一個有別於慣行農業典範的另類管理方法。但在最近的幾十年中，「農業生態學」被社會科學整合性的概念和方法所豐富，因此這個領域隨後演變成為一個立基於系統性的、跨學科的多維途徑，以幫助我們更好地理解獨特的社會和文化背景下出現的農業複雜性。
當我們將農業發展放在農業生態系統的架構與脈絡下，這個概念不僅為理解農業系統的各個組成部分之間的相互作用和關係提供了基礎，它的全系統（whole-systems）方法和動態平衡（dynamic equilibrium）視野更為「永續性」（sustainability）的討論提供了理論基礎。換言之，當我們試圖尋求一個另類的農業典範，除了永續發展的原則以及生態完整性，經濟活力和社會平等的相互依存關係可以幫助我們進行了解必要的變革，意即在生態、經濟、與社會的永續發展基礎下，建立並打造一個「韌性社會」為目標。",(1)了解農業生態學與永續農業的核心概念與理論內容；(2)了解發生在當代農業典範中，相關於環境、經濟、與社會永續發展的問題和辯論，以及這些變化和趨勢對未來農業發展有什麼影響；(3)透過研究論文、科普文章、以及課程討論與分享，希望同學們逐漸拓展對於農業生態系統與永續化發展目標的分析、詮釋、與批判性思考。,,"30%	

每週文本思考筆記

針對每週閱讀材料寫下筆記、反思、與見解，書寫1-2 頁的篇幅（12 字元、單行間距、標準邊界），並在課堂當天上傳至課程系統。


30%	

團體書評報告+文本導讀討論

在參考書單當中挑選一本書籍，閱讀並分享書評。「書評」需根據課程的讀本與討論，探討書中的主要論點，提出對該議題的分析與詮釋。書評內容可試圖探索並回答以下問題：作者想知道什麼？這個議題值得探索的理由是什麼？你同意或不同意書中提出的特定論點？（為什麼？）作者的主要貢獻是什麼？（為什麼？）作者提出的特定論點，和讀本中的理論觀點，有什麼共同之處？或分歧之處？口頭報告時間約為30 分鐘，報告日期將依據所選書目內容，分派於特定週次。「文本導讀討論」為根據當週文本內容（或／以及書評內容），準備相關問題帶領討論，討論時間約為20 分鐘。


10%	

期末報告 (口頭報告)

（大學部）利用臺灣或其他國家的公務統計資料，以農業生態學的理論基礎為架構，建構地區性或國家層級的永續性指標，書寫研究方法與分析結果及發現。
（研究生）構思一個有可能發展的研究主題，並以以下形式擇一書寫：（1）碩（博）士論文研究計畫書；（2）碩（博）士論文的文獻回顧章節；（3）可發展成一篇實證研究的構想或初探。


30%	

期末報告 (書面報告)

（大學部）利用臺灣或其他國家的公務統計資料，以農業生態學的理論基礎為架構，建構地區性或國家層級的永續性指標，書寫研究方法與分析結果及發現。
（研究生）構思一個有可能發展的研究主題，並以以下形式擇一書寫：（1）碩（博）士論文研究計畫書；（2）碩（博）士論文的文獻回顧章節；（3）可發展成一篇實證研究的構想或初探。

本校尚無訂定 A+ 比例上限。
本校採用等第制評定成績，學生成績評量辦法中的百分制分數區間與單科成績對照表僅供參考，授課教師可依等第定義調整分數區間。詳見 學習評量專區。",2-4小時
38367,生物產業傳播暨發展學系,"聲音在當前的數位媒體環境中，已成為極為重要且具說服力的敘事形式。本學期的「數位傳播專題一」課程，將專注於「Podcast 製作與聲音敘事」。課程將探討聲音作為公共溝通之媒介角色，並結合新聞事實與敘事創意表達，引導學生以Podcast為載體，探索真實議題、人物故事與文化經驗現象。課程透過講授、工作坊與實作訓練，使學生們同時具備聲音節目規劃、錄製、剪輯與發布的技術與敘事能力。

In the digital media era, sound has re-emerged as one of the most intimate and persuasive storytelling forms. This course, offered under the series Audiovisual Media Topics, focuses this semester on Podcast Production and Audio Storytelling. It examines how sound functions as a medium for public communication and creative journalism. Students will explore how to combine journalistic accuracy with narrative imagination, using podcasts as a platform to convey real-world issues, human experiences, and cultural stories.
Through lectures, workshops, and hands-on production, students will gain both technical and creative skills in podcast planning, recording, editing, and publishing.","修課學生預期能夠：
1.	理解 Podcast 與聲音敘事的媒介特性、社會功能與文化意涵。
2.	能從現實議題中發掘主題，設計敘事結構並完成具公共性的聲音節目。
3.	熟悉採訪、錄音、剪輯與混音等製作流程，掌握 Podcast 節目製作的基本技術能力。
4.	培養媒體倫理意識與公共表達責任，理解聲音作為公共溝通工具的角色。
5.	產出可於系所或公開平台播出的專業 Podcast 節目，展現結合理論與實作的整合能力。

By the end of the course, students will be able to:
1.	Understand the media characteristics, social functions, and cultural significance of podcasting and audio storytelling.
2.	Identify real-world issues and transform them into structured and engaging narrative audio programs.
3.	Develop technical proficiency in interviewing, recording, editing, and mixing to produce professional podcast content.
4.	Cultivate media ethics and a sense of public responsibility in using sound as a form of civic communication.
5.	Produce a professional-level podcast suitable for publication on institutional or public platforms, demonstrating the integration of theory and creative practice.","需準時出席與積極參與
先下載Audacity",,
22395,生物產業傳播暨發展學系,聲音在當前的數位媒體環境中，已成為極為重要且具說服力的敘事形式。本學期的「視聽傳播專題一」課程，將專注於「Podcast 製作與聲音敘事」。課程將探討聲音作為公共溝通之媒介角色，並結合新聞事實與敘事創意表達，引導學生以Podcast為載體，探索真實議題、人物故事與文化經驗現象。課程透過講授、工作坊與實作訓練，使學生們同時具備聲音節目規劃、錄製、剪輯與發布的技術與敘事能力。,"1.	理解 Podcast 與聲音敘事的媒介特性、社會功能與文化意涵。
2.	能從現實議題中發掘主題，設計敘事結構並完成具公共性的聲音節目。
3.	熟悉採訪、錄音、剪輯與混音等製作流程，掌握 Podcast 節目製作的基本技術能力。
4.	培養媒體倫理意識與公共表達責任，理解聲音作為公共溝通工具的角色。
5.	產出可於系所或公開平台播出的專業 Podcast 節目，展現結合理論與實作的整合能力。",,"20%	

課堂討論與參與

含出席率、積極參與度、回饋品質與小組互評。


35%	

期中作品

新聞導向聲音報導：主題公共性、內容事實準確、聲音品質與敘事流暢度。


35%	

期末作品

創意敘事 Podcast：敘事結構完整、聲音層次、創意表現與技術成熟度。


10%	

期末反思報告

對新聞倫理、創意表達、敘事責任與團隊合作的反思深度。

本校尚無訂定 A+ 比例上限。
本校採用等第制評定成績，學生成績評量辦法中的百分制分數區間與單科成績對照表僅供參考，授課教師可依等第定義調整分數區間。詳見 學習評量專區。",
15412,生物產業傳播暨發展學系 / 人口學程,地理資訊系統以及Infographic 軟體在近年來已經是社會、空間以及公衛相關領域的重要分析工具。本課程旨在提供基礎的地理資訊系統導論以及如何使用地理資訊系統來對於全球糧食經濟議題進行分析。每週的課程進行主要可以分為二大部分：地理資訊系統概念、內函及應用介紹；以及學生上機操作實習。課程主要的操作實習以開放軟體(如QGIS、Google Earth)、WebGIS以及線上Infographic軟體為主。透過這些軟體的操作，課程將引領學生利用國內外開放資料(政府開放資料、FAO、OECD、經濟學人(The Economist)等線上資料庫)來進行空間分析以及展示，並指導學生如何利用上述的這些資料，進行全球跨地理/時間尺度的經濟資料分析。課程並將包含學生自提專案發表，而這也是本門課程最重要的作業展示。,"1、讓學生能夠透過各種不同糧食經濟的視覺化資料，理解臺灣在全球複雜的農業經濟分工的角色及位置。
2、學習GIS基本操作技能和基本知識。",本課程為大學部課程，主要學習操作地理資訊系統及線上Web GIS以及Infographic系統，而將全球糧食經濟視覺化。除了每週上機實作的作業外，期末的成果報告是最重要的成果，也是考評重要基礎。,"50%	

期末專案報告(含上台及書面)


40%	

平時作業

幾乎各週都有上機實作作業


10%	

課堂參與

本校尚無訂定 A+ 比例上限。
本校採用等第制評定成績，學生成績評量辦法中的百分制分數區間與單科成績對照表僅供參考，授課教師可依等第定義調整分數區間。詳見 學習評量專區。",
38128,生物產業傳播暨發展學研究所,,,,,
25030,生物產業傳播暨發展學研究所,,,,,
29880,生物產業傳播暨發展學研究所,,,,,
43734,生物產業傳播暨發展學研究所,,,,,
15482,生物產業傳播暨發展學研究所,,,,,
54655,生物產業傳播暨發展學研究所,,,,,
41600,生物產業傳播暨發展學研究所,,,,,
33858,生物產業傳播暨發展學研究所,,,,,
30859,生物產業傳播暨發展學研究所,本課程旨在協助學生完成一個完整的學術研究的流程，並產出一篇可以投稿期刊的論文。,產出一篇可以投稿期刊的論文，並完成投稿。,,"40%	

期中報告

緒論、文獻回顧、研究法


60%	

期末報告

調查結果、分析與討論、結論、提交期刊

本校尚無訂定 A+ 比例上限。
本校採用等第制評定成績，學生成績評量辦法中的百分制分數區間與單科成績對照表僅供參考，授課教師可依等第定義調整分數區間。詳見 學習評量專區。",10小時
40148,生物產業傳播暨發展學研究所,,,,,
39969,生物產業傳播暨發展學研究所,,,,,
47614,生物產業傳播暨發展學研究所,本課程旨在培養研究生的研究興趣與實作能力。課程內容聚焦於量化研究計畫的撰寫、資料蒐集與分析，以及成果發表的能力，為未來的學術研究或專業發展奠定基礎。,"1.培養學生研究問題意識與計畫書撰寫能力。
2.指導學生掌握研究設計、資料蒐集與分析的基本方法。
3.培養學生研究成果發表與報告撰寫之表達能力。",,,
18125,生物產業傳播暨發展學研究所,詳如臺大課程網,待補,待補,,
14858,生物產業傳播暨發展學研究所,,,,,
27490,生物產業傳播暨發展學研究所,"1.如何讓農業幸福轉型是全球共同面對重大議題。體驗經濟蓬勃的趨勢之下，以一級農業為基礎，結合二級工業及三級服務業之農業價值連再造的六級產業化，成為許多國家協助農業升級的重大政策措施。
2.六級產業發展的最終目的即是要發展農業品牌，農業品牌有異於工業品牌的特性與發展模式，將於本課程當中探討。
3.本課程將採取課堂教學及見學旅行並行的授課模式，讓同學在課堂中了解六級產業的營運模式、執行要素及成功案例後，透過參訪行程實地觀察六級產業的多樣性，感受體驗經濟的真實價值。","1.本課程企圖協助同學理解農業品牌與六級產業的營運模式、全球發展、執行要素與案例體驗。
2.透過參訪應證理論，強化學術與產業的聯結。","1.第一次上課請務必出席，以了解課程規劃，未出席者將無法修課。
2.見學旅行是重要課程，係利用學期中間，出發到現地考察，修課者需考量是否影響其他課程的上課時間。
3.本課程之見學旅行需由同學負擔個人成本，詳細行程及費用將因每次參訪地點而有差異。
4.本課程需閱讀外文資料並撰寫讀書報告。",,
30080,生物產業傳播暨發展學研究所,本課程專為碩士班學生設計，旨在建立農業智慧財產權領域的宏觀策略思維，並結合資訊計量學（Informetrics）作為核心研究方法。課程將聚焦於每週的學術論文導讀與深度討論，引導學生系統性地探討資訊計量學在農業科技、智慧財產權策略、期刊論文及專利文獻分析上的應用。學生將學習如何運用量化數據分析工具，從龐大的文獻資料中挖掘技術創新趨勢、辨識關鍵研究機構與核心技術，並最終形成具有實證基礎的智財策略建議。本課程強調理論與實務的結合，旨在培養學生獨立進行研究、分析與策略規劃的能力。,"本課程旨在透過論文導讀、案例解析與實作報告，使學生達成以下學習目標：
1.	理論知識：深入理解資訊計量學的基本概念、方法論，並掌握專利與期刊論文的計量分析技術，同時建立對農業領域智慧財產權制度與全球創新趨勢的完整認識。
2.	實踐技能：熟練運用專業資料庫（如 Web of Science, Scopus, Google Patents）進行文獻檢索，並能操作資訊計量軟體（如 VOSviewer, CiteSpace）進行數據可視化與知識圖譜分析，最終能撰寫出專業的研究分析報告。
3.	批判性思維：能夠深入分析智慧財產權制度對農業創新的雙重影響，準確評估農業技術的發展趨勢與潛在機會，並能提出基於數據洞察的獨到策略觀點。
4.	研究能力：培養獨立設計與執行研究專題的能力，能有效整合多源數據進行綜合分析，並將研究發現轉化為對產業或政策具有參考價值的具體建議。","1. 學生應完成每週指定的論文閱讀，並積極參與課堂討論。
2. 尊重課堂智慧財產權，引用資料須註明出處。
3. 所有課程材料下載及作業繳交均在COOL平台操作。
4. 學生請假應依學校規定進行線上請假程序。","10%	

課堂參與

包含出缺席、課堂討論、提問。


30%	

期末Proposal

探討議題、公開資料收集來源、量化研究方法


60%	

論文導讀

本校尚無訂定 A+ 比例上限。
本校採用等第制評定成績，學生成績評量辦法中的百分制分數區間與單科成績對照表僅供參考，授課教師可依等第定義調整分數區間。詳見 學習評量專區。",6小時
13951,生物產業傳播暨發展學研究所,,,,,
35457,生物產業傳播暨發展學研究所,,,,,
21664,生物產業傳播暨發展學研究所,在全球數位科技快發展(包含人工智慧)、氣候變遷、跨境人口流動及跨境人畜共通疾病的快速流通下，何謂鄉村？何謂都市？已經成為地理學、社會學以及人類學的重要論辯。而數位基礎設施，包含海底電䌫、低軌衛星、資料中心、物流中心、社交媒體的快速發展，進一步挑戰了都市/鄉村這樣的傳統劃界。也因此，本課程主要為從鄉村視角出發，來看到在數位科技快速發展下，我們如何界定鄉村和都市的新型態關係。因此，本課程主要分要二大部份：第一部份主要聚焦在近年來都市和鄉村關係的論辯，包含了行星都市化(Planetary urbanization)、鄉村化(ruralization)以及行星鄉村地理學等；而這一部份，也包含了晚近關於「領域」(territory)、邊界(border)以及區域(region)等的論辯。而第二部份的焦點則放在新型態的數位基礎護施的發展，如何複雜化了都市和鄉村的分界。包含了海底電纜、資料中心、人工智慧晶片製造、數位媒體等，如何重塑都市和鄉村關係。,"1、增加學生理解國際當前國際學術前沿的廣度。
2、提升掌握學生學術文獻論點的能力。",本課程各週都有一定的指定專書、期刊閱讀，且需固定繳交批判性閱讀摘要，是閱讀、討論密集的課程。所有參與的同學都需盡到上述這些責任。,,
53679,生物產業傳播暨發展學研究所,,,,,
15430,生物產業傳播暨發展學研究所,"本課程為學年課程。本學期課程內容將含括邀請產、官、學專家進行學術演講，分享其學術研究成果；期初－研究初探分享；期中－研究議題進度報告；期末－研究成果報告。

【作業繳交規定】
※第一部分：專家學術演講
1).每兩位同學一組，需負責一位專家前來演講的所有事前準備、事後整理、報導撰寫，報導請於課後周四中午12點前寄給明心助教。
2).每次演講後，繳交心得一篇。繳交時間為每場演講後的周四中午12點前上傳CEIBA；主旨：【專討演講心得報告】－學號－姓名，逾期視為缺交。請以WORD軟體繕打心得，字級限12級字，細明體，行距單行，字數不限。 

※第二部分：期中－研究議題進度報告
1).以PPT報告方式進行，上台口頭報告時之課程時間將延長。基本上碩士生一人報告15分鐘，問答6分鐘；博士生一人報告20分鐘，問答10分鐘（可能依修課人數有所調整）。報告順序請至公佈欄查詢。
2).5月5日中午12點前繳交，至少1,000字報告書及PPT至CEIBA。未準時繳交，視為遲交。內容須含括：本學期研究議題與構想、計畫摘要或接續上學期專題討論課程研究計畫之進度。
3).5月6日繳交書面（報告書、PPT檔）資料給任課教師與助教。內容須含括：本學期研究議題與構想、計畫摘要或接續上學期專題討論課程研究計畫之進度。


※第三部分：期末－研究成果報告
1).以PPT報告方式進行，9:30開始上課，碩士生一人報告20分鐘，問答7分鐘；博士生一人報告25分鐘，問答12分鐘（可能依修課人數有所調整）。
2).6月16日中午12點前繳交，至少5,000字報告書（含背景、動機、目的、重要性、文獻回顧、研究設計、研究成果、參考文獻書目並符合APA格式，若未達到要求，視為缺交）及PPT至CEIBA。未準時繳交，視為遲交。
3).6月17日繳交書面（報告書、PPT檔）資料給任課教師與修課同學。內容須含括：鼓勵以完整研究進行報告，若未完成須提出至研究設計階段；若未達到要求，視同缺交作業。

附註說明：
1).請同學與指導教授進行討論，並以個人可能研究方向做準備。  
2).同學們的期中與期末口頭報告，分兩週報告（未上台報告者，仍需到課聆聽），口頭報告時之課程時間將延長（視同學修課人數而定）。 
3).口頭報告當天需撰寫評論回應綜合摘要，並視為一次作業繳交；報告隔日中午12點前上傳CEIBA。","1. 培養學生對相關領域之學術認知與專業視野。 
2. 培養學生個人學術研究能力、批判思考與專業評論能力。 
3. 培養學生瞭解學術社群運作與專業論文發表能力。","1.若需請假，請事前親自或以email向所有授課老師與TA請假。 
2.每一階段作業皆需按時繳交，遲交一次扣期末總成績10分。 
3.本學期必定不通過本課程的狀況如下： 
（1）無故缺席三次者 
（2）未如期上台報告者 
（3）未遵守規定撰寫提問與評論回應者",,
48080,生物產業傳播暨發展學研究所,,,,,
52571,生物產業傳播暨發展學研究所,,,,,
34548,建築與城鄉研究所 / 生物產業傳播暨發展學研究所,,,,,
58184,生物產業傳播暨發展學研究所,,,,,
19800,生物科技研究所,,,,,
12248,生物科技研究所,,,,,
13850,生物科技研究所,,,,,
36902,生物科技研究所,,,,,
22008,生物科技研究所,,,,,
20864,生物科技研究所,,,,,
53264,生物科技研究所,,,,,
24704,生物科技研究所,,,,,
50342,生物科技研究所,,,,,
17858,生物科技研究所,,,,,
32831,生物科技研究所,,,,,
19258,生物科技研究所,,,,,
50724,生物科技研究所,,,,,
47565,生物科技研究所,,,,,
55105,生物科技研究所,,,,,
26332,生物科技研究所,,,,,
50303,生物科技研究所,,,,,
39598,生物科技研究所,,,,,
33516,生物科技研究所,,,,,
45564,生物科技研究所,,,,,
49353,生物科技研究所,,,,,
22380,生物科技研究所,,,,,
36585,生物科技研究所,,,,,
24195,生物科技研究所,,,,,
12651,生物科技研究所,,,,,
27717,生物科技研究所,,,,,
43532,生物科技研究所,,,,,
40944,生物科技研究所,,,,,
34315,生物科技研究所,,,,,
12478,生物科技研究所,,,,,
13243,生物科技研究所,"前沿檢測技術： 探討次世代定序（NGS）與全基因組定序（WGS）在食品溯源與爆發監測中的關鍵角色，以及 CRISPR 系統在病原菌精準偵測的應用。

系統生物學應用： 解析如何利用蛋白質組學與代謝組學，動態監測食品發酵過程或腐敗菌的生化路徑。

智慧化食品安全： 介紹大數據與 AI 模型如何預測微生物生長動力學，並結合物聯網（IoT）達成食品供應鏈的即時監控。

未來趨勢： 研討合成生物學在機能性益生菌開發中的潛力，以及減碳趨勢下的新型食品防腐技術。",本課程旨在引領修課同學跳脫傳統微生物培養的框架，深入探索食品微生物學的數位化與精準化轉型。隨著科技迭代，現代食微研究已進入「多體學（Omics）」與「人工智慧」並行的時代。本課程不僅提供知識的更新，更著重於培養學生將創新科技轉化為產業解決方案的能力。透過國內外最新文獻研討，學子將能掌握未來十年食品產業在微生物品質控管與機能開發的核心競爭力。,對於食品科技與微生物應用需有相關背景知識。,,課前閱讀與課後複習，各2小時/周。
18333,生物科技研究所,,,,,
17908,生物機電工程學系,,,,,
43328,生物機電工程學系,,,,,
47732,生物機電工程學系,,,,,
47834,生物機電工程學系,,,,,
95141,生物機電工程學系,,,,,
95144,生物機電工程學系,,,,,
33642,生物機電工程學系,,,,,
48893,生物機電工程學系,,,,,
19495,生物機電工程學系 / 神經生物與認知科學學程,,,,,
44250,生物機電工程學系,,,,,
38993,生物機電工程學系,,,,,
41310,生物機電工程學系,,,,,
16731,生物機電工程學系,,,,,
43465,生物機電工程學系,,,,,
35995,生物機電工程學系,,,,,
16000,生物機電工程學系,,,,,
59310,生物機電工程學系,,,,,
21132,生物機電工程學系,,,,,
17637,生物機電工程學系 / 生物機電工程學研究所,,,,,
47713,生物機電工程學系 / 生物機電工程學研究所,,,,,
39744,生物機電工程學研究所,,,,,
57806,生物機電工程學研究所,,,,,
10045,生物機電工程學研究所,,,,,
59783,生物機電工程學研究所,,,,,
12998,生物機電工程學研究所,,,,,
51291,生物機電工程學研究所,,,,,
41043,生物機電工程學研究所,,,,,
18568,生物機電工程學研究所,,,,,
31166,生物機電工程學研究所,,,,,
53223,生物機電工程學研究所,,,,,
34524,生物機電工程學研究所,,,,,
47755,生物機電工程學研究所,待補,專題方向為食品安全檢驗及分析，針對食安議題，以簡易電化學法或光譜法、亦可搭配機電整合技術，致力於發展快篩式或半定量式的檢測平台系統。,待補,,
21709,生物機電工程學研究所,,,,,
11321,生物機電工程學研究所,,,,,
55162,生物機電工程學研究所 / 統計碩士學位學程 / 生物統計學程,,,,,
33055,生物機電工程學研究所,,,,,
44518,生物機電工程學研究所,,,,,
52492,生物機電工程學研究所,,,,,
20435,生物機電工程學研究所,,,,,
11634,生物機電工程學研究所,,,,,
28561,生物機電工程學研究所,,,,,
55274,生物機電工程學研究所,,,,,
34179,生物機電工程學研究所,,,,,
58591,生物機電工程學研究所,,,,,
35576,生物機電工程學研究所,,,,,
56583,生物機電工程學研究所,,,,,
20489,生物機電工程學研究所,,,,,
23925,生物機電工程學研究所,,,,,
38502,生物機電工程學研究所,,,,,
48524,生物機電工程學研究所,,,,,
59489,生物機電工程學研究所,,,,,
34782,生物機電工程學研究所,,,,,
29934,生物機電工程學研究所,,,,,
18535,建築與城鄉研究所,,,,,
43615,建築與城鄉研究所,,,,,
48000,建築與城鄉研究所,,,,,
48874,建築與城鄉研究所,,,,,
25401,國際體育運動事務學士學位學程,"1.課程介紹、運動設施經營基本概念
2.運動設施規劃設計，建造、品質管理
3.運動設施服務功能與管理需求
4.運動賽會設施規劃與管理
5.個案研討","本課程主要探討國內外運動休閒場館發展趨勢現況，藉由議題演講討論及個案參訪運動設施經營管理基本概念與應用，培養學生對運動場館經營管理之實務及研究能力
1.瞭解各類運動場館之規劃設計與經營管理原則
2.瞭解各類運動場館之規劃設計與經營管理重要性
3.瞭解各類運動場館經營管理策略與趨勢",,,
95087,國際體育運動事務學士學位學程,本課程目的為協助學生了解運動場域中的性別議題，藉由課程講授、專題講座及討論等方式提供學生論述與實務經驗的連結，並透過自我經驗反思、運動歷史與運動時事的評析培養學生對體育運動中性別不平等現況的覺察能力，提升性別意識並建立批判及獨立思考能力。藉由課程講授、運動時事討論、專題講演等形式，逐步培養學生在運動參與過程中的性別敏銳度。,"1.	透過不同主題及運動時事引導學生進行運動參與經驗時的反思。
2.	藉由實際事例與討論引導學生覺察體育運動中性別不平等現況/事件。
3.	協助學生習得性別概念、提昇性別意識、發展問題解決策略，以培養學生破除運動性別意識形態的能力。","1.	準時出席課程，並積極參與課程活動及小組討論
2.	於規定時限內繳交規定作業及報告","30%	

出缺席與課程參與

	準時出席課程。若因故未能到課，請依學校請假程序完成線上請假。
	該學期無故缺席3次或請假次數達5次（包含缺席），不給予出席成績。缺席一次扣5分，請假一次扣2分，遲到一次扣1分。
	每學期有二次請假不扣分，請各位同學謹慎評估請假需求。


30%	

課程指定閱讀與心得 

•	挑選3週課程閱讀資料進行閱讀摘要與心得撰寫。
•	字數以800-1,200字為限。
•	於每週上課前一天下午5點以前上傳。


25%	

小組報告 

	口頭報告佔10%、書面報告佔10%、組內互評5%
	報告時間為15分鐘，隨後進行5分鐘討論。
	最終書面報告的繳交必須包含口頭報告提問的回應。
	書面報告以10,000-12,000字為限。
	繳交期限為6月10日17:00。


15%	

個人作業：運動經驗省思

	從個人生活中的運動參與經驗出發，將課程中所提及的概念應用到運動參與經驗的詮釋與分析，描述該場域中的性別文化並提出反思，或可能的因應行動。
	報告字數以3,000-5,000字為限，並於6月10日17:00以前上傳至作業區。

本校尚無訂定 A+ 比例上限。
本校採用等第制評定成績，學生成績評量辦法中的百分制分數區間與單科成績對照表僅供參考，授課教師可依等第定義調整分數區間。詳見 學習評量專區。",
40546,生物環境系統工程學系,,,,,
52667,生物環境系統工程學系,,,,,
25412,生物環境系統工程學系,,,,,
22106,,,,,,
36275,生物環境系統工程學系,,,,,
41479,生物環境系統工程學系,,,,,
58990,生物環境系統工程學系,,,,,
11313,生物環境系統工程學系,,,,,
20011,生物環境系統工程學系,,,,,
49493,生物環境系統工程學系,,,,,
10011,生物環境系統工程學系,,,,,
53098,生物環境系統工程學系,,,,,
22655,生物環境系統工程學系,待補,待補,待補,,
40272,生物環境系統工程學系,,,,,
47815,生物環境系統工程學系,,,,,
20333,生物環境系統工程學系,,,,,
14524,生物環境系統工程學系,,,,,
53373,生物環境系統工程學系,,,,,
10074,生物環境系統工程學系,,,,,
11662,生物環境系統工程學系,,,,,
52383,生物環境系統工程學系,Seminar for Ph.D. students in BSE,Presentation practices,,,
26759,生物環境系統工程學系 / 生物環境系統工程學研究所,,,,,
33504,生物環境系統工程學研究所,,,,,
11011,生物環境系統工程學系 / 統計碩士學位學程 / 生物環境系統工程學研究所,,,,,
11439,生物環境系統工程學系 / 生物環境系統工程學研究所,,,,,
54301,生物環境系統工程學系 / 生物環境系統工程學研究所,,,,,
54743,生物環境系統工程學系 / 統計碩士學位學程 / 生物環境系統工程學研究所,,,,,
11699,生物環境系統工程學研究所,,,,,
40206,生物環境系統工程學研究所,,,,,
28372,生物環境系統工程學研究所,,,,,
40758,生物環境系統工程學研究所,,,,,
28463,生物環境系統工程學研究所,,,,,
39614,生物環境系統工程學研究所,,,,,
48967,生物環境系統工程學研究所,,,,,
32054,生物環境系統工程學研究所,,,,,
27627,生物環境系統工程學研究所,,,,,
58682,生物環境系統工程學研究所,,,,,
57219,生物環境系統工程學研究所,,,,,
21440,生物環境系統工程學研究所,,,,,
33979,生物環境系統工程學研究所,,,,,
18709,生物環境系統工程學研究所,,,,,
58485,生物環境系統工程學研究所,,,,,
13050,生物環境系統工程學研究所,,,,,
16664,生物環境系統工程學研究所,,,,,
28958,生物環境系統工程學研究所,,,,,
57636,生物環境系統工程學研究所,,,,,
55024,生物環境系統工程學研究所,,,,,
38120,生物環境系統工程學研究所,Seminar for Ph.D. students in BSE,Presentation practices,,,
28379,生物環境系統工程學研究所,,,,,
17008,生物環境系統工程學研究所,,,,,
25894,生物環境系統工程學研究所,,,,,
58603,學士後護理學系,,,,,
22081,學士後護理學系,"學 分 數：3 學分，本課程每梯次實習 120 小時，依假期安排微調整個時程。
實習時間：分兩梯次實習，第一梯次為115年05月19日-115年06月12日。第二梯次為115年06月15日-115年07月10日。每梯次實習120 小時，於每週二、三、四、五全天實習(8:00-16:30)，詳細病房實習時間見各梯次安排的實習計畫表單。
實習場所：台大醫院(雲林分院)精神醫學部急性病房、門診、日間病房、社區居家訪視。","一、實習目標
    (一)確認臨床常見的精神疾病症狀，並熟悉相關的治療。
    (二)運用溝通技巧及人際關係理論與病患及家屬建立治療性關係。
    (三)學習以生理、心理、智能、社會及靈性五大層面評估與確立病患的護理問題。   
    (四)瞭解不同病情階段病患的護理需求，應用護理過程，訂定計劃並執行有效之
        護理措施。
    (五)學習與醫療團隊成員建立協同合作關係。
    (六)運用危機治療、團體治療、環境治療及個別心理治療的概念護理個案及家屬。  
    (七)運用精神衛生護理相關法律議題與倫理考量於個案護理。
    (八)促進自我了解與自我成長。","考核方式與作業
   (一) 臨床實習考核 65 %：考核標準見【附件一實習成績考核表】。
   (二) 其他作業15%
         1.週心得 5 %：實習反思紀錄與心得(包括每週臨床實習經驗的感受想法與學習之成長，參訪或見習學習心得、預計下週精進之處)。
         2. 會談分析10 %：學生安排與病人正式會談，事前與老師討論會談主題，現場由老師參與觀察會談情形，會談後予以評析討論。學生統整學習經驗完成一份會談分 析。【附件二】
         3. 團體活動計畫書: 全組交一份團體活動計畫書，包含活動帶領紀錄與檢討【附件三】。                          
（三）讀書報告 5 %：3 人一組，讀書報告文獻請自行找尋與臨床個案照護或治療相關的文獻，在報告前與老師討論內容並確認後精讀，製作 ppt用以當天呈現口頭報告20 分鐘，並整理一張 A4 重點大綱（包括以 APA 第七版標示出文獻出處），於報告時給團體成員，並提出至少一個 
             文獻相關問題引導討論 10 分鐘。請報告前一周星期四繳報告的PPT及一張 A4 重點大綱，請寄至孫凡軻老師的電子郵 件。第一週星期四請找近五年三篇精神科護理英文期刊文章，請寄至孫凡軻老師的電子郵 件。
              精神科護理英文期刊
             1.International Journal of Mental Health Nursing
             2.Journal of Psychiatric and Mental Health Nursing 
             3.ARCHIVES OF PSYCHIATRIC NURSING
            4.PERSPECTIVES IN PSYCHIATRIC CARE
            5.Journal of the American Psychiatric Nurses Association
           6.Issues in Mental Health Nursing
           7.JOURNAL OF PSYCHOSOCIAL NURSING AND MENTAL HEALTH SERVICES
          8.Journal of Addictions Nursing
 (四) 案例分析 15   %：為使同學能順利繳交作業，故規劃每週護理過程的進展為：
                第一週評估個案及家庭、發病與治療經過、症狀、診斷；
                第二和三週精神狀態評估、治療與反應、身心社會靈性需求評估、和學習和執行護理過程；
               第四週重要健康問題確認與照護計畫落實及評值等【附件四】，並針對臨床照護個案的核心問題，進行文獻查證與討論結論，繳交一份案例分析。【附件五】",,
50803,學士後護理學系,,,,,
34033,生化科技學系,,,,,
15909,生化科技學系,,,,,
14899,生化科技學系,,,,,
58255,生化科技學系,,,,,
17537,生化科技學系 / 生命科學院院學士學位,,,,,
45012,生命科學院院學士學位 / 生化科技學系,,,,,
47153,生命科學院院學士學位 / 生化科技學系,,,,,
41552,生化科技學系,,,,,
37359,生化科技學系,,,,,
30581,生化科技學系,,,,,
42065,生化科技學系,,,,,
29200,生化科技學系,,,,,
47287,生化科技學系,,,,,
35658,生化科技學系,,,,,
16734,,,,,,
42676,生化科技學系 / 生化科技研究所,,,,,
35087,生命科學院院學士學位 / 生化科技研究所 / 生命科學所,,,,,
40726,生化科技研究所 / 生命科學院院學士學位 / 生化科技學系,,,,,
19451,生化科技研究所,,,,,
24761,生化科技研究所,,,,,
33708,生化科技研究所,,,,,
11174,生化科技研究所,,,,,
14940,生化科技研究所,,,,,
57489,生化科技研究所,,,,,
57007,生化科技研究所,,,,,
43206,生化科技研究所,,,,,
20285,生化科技研究所,,,,,
22880,生化科技研究所,,,,,
46882,生化科技研究所,,,,,
21643,生化科技研究所,,,,,
19822,生化科技研究所,,,,,
26905,生化科技研究所,,,,,
14580,生化科技研究所,,,,,
17522,生化科技研究所,,,,,
14383,生化科技研究所,,,,,
58210,生化科技研究所,,,,,
23016,生化科技研究所,,,,,
43739,生化科技研究所,,,,,
22024,生化科技研究所,,,,,
50750,生化科技研究所,,,,,
14257,生化科技研究所,,,,,
95044,生化科技研究所,,,,,
22310,生化科技研究所,,,,,
54254,生化科技研究所,,,,,
50840,生化科技研究所,,,,,
14356,生化科技研究所,,,,,
51613,生化科技研究所,,,,,
43440,生化科技研究所,,,,,
52530,生化科技研究所,,,,,
53936,,,,,,
58557,無授課對象,,,,,
45467,臨床牙醫學研究所,,,,,
12594,臨床牙醫學研究所 / 神經生物與認知科學學程,,,,,
17340,臨床牙醫學研究所,,,,,
36527,臨床牙醫學研究所,,,,,
30204,臨床牙醫學研究所,,,,,
21911,臨床牙醫學研究所,,,,,
23394,臨床牙醫學研究所,,,,,
23692,臨床牙醫學研究所,,,,,
52364,臨床牙醫學研究所,,,,,
37920,臨床牙醫學研究所,,,,,
44160,臨床牙醫學研究所,,,,,
18174,臨床牙醫學研究所,,,,,
17056,臨床牙醫學研究所,,,,,
25597,臨床牙醫學研究所,,,,,
45862,臨床牙醫學研究所,,,,,
52410,臨床牙醫學研究所,,,,,
39697,臨床牙醫學研究所,,,,,
25681,臨床牙醫學研究所,,,,,
25995,臨床牙醫學研究所,,,,,
52850,臨床牙醫學研究所,,,,,
14503,臨床牙醫學研究所,,,,,
52319,臨床牙醫學研究所,,,,,
37693,臨床牙醫學研究所,,,,,
31970,臨床牙醫學研究所,,,,,
58767,臨床牙醫學研究所,,,,,
17114,臨床牙醫學研究所,,,,,
38541,臨床牙醫學研究所,,,,,
57037,臨床牙醫學研究所,,,,,
17490,臨床牙醫學研究所,,,,,
33135,臨床牙醫學研究所,,,,,
16185,臨床牙醫學研究所,,,,,
22563,臨床牙醫學研究所,,,,,
39261,臨床牙醫學研究所,,,,,
15966,臨床牙醫學研究所,,,,,
33951,臨床牙醫學研究所,,,,,
49479,臨床牙醫學研究所,,,,,
59177,臨床牙醫學研究所,,,,,
57173,臨床牙醫學研究所,,,,,
53055,臨床牙醫學研究所,,,,,
56370,臨床牙醫學研究所,,,,,
47349,臨床牙醫學研究所,,,,,
14191,臨床牙醫學研究所,,,,,
26931,臨床牙醫學研究所,,,,,
12302,臨床牙醫學研究所,,,,,
32709,臨床牙醫學研究所,,,,,
16429,臨床牙醫學研究所,,,,,
23994,臨床牙醫學研究所,,,,,
20634,臨床牙醫學研究所,,,,,
25150,臨床牙醫學研究所,,,,,
18905,臨床牙醫學研究所,,,,,
56388,臨床牙醫學研究所,,,,,
27630,臨床牙醫學研究所,,,,,
36919,臨床牙醫學研究所,,,,,
39699,臨床牙醫學研究所,,,,,
21007,臨床牙醫學研究所,,,,,
44608,臨床牙醫學研究所,,,,,
18904,臨床牙醫學研究所,,,,,
56197,臨床牙醫學研究所,,,,,
43255,臨床牙醫學研究所,,,,,
41105,化學系,,,,,
28529,化學系,,,,,
38252,化學系,,,,,
19804,化學工程學系,"本實驗課程包含計量化學、酸鹼平衡與滴定、氧化還原反應與滴定、熱化學、動力學、電化學、合成與分析化學、材料化學等相關之實驗。 
General Chemistry Laboratory course includes stoichiometry, thermochemistry, acid-base, equilibrium, buffer solution, titration, electrochemistry, chemical kinetics, coordination compounds, spectroscopy, and material sciences.","配合普通化學課程內容與目標，學生經由實作實驗印證化學原理定則，學習科學研究過程及精神，練習實驗基礎技能及資料收集、數據整理及報告彙整等基礎科學研究能力。 
General Chemistry Laboratory is a course to demonstrate the principles of chemistry, teach the students various techniques used in the lab, and train the students to familiar with scientific methods.","每次實驗課時間為 3 小時，學生需課前書寫實驗預習報告，遵守實驗室安全規定，熟悉各項實驗技能操作，準時繳交實驗報告。
 Preview the experiment before class. Follow the safety guidelines of Lab. Be Familiar with Lab skills. Hand in reports on time.",,"課前學習時數：1小時
課後學習時數：0.5小時"
35033,化學工程學系,"本實驗課程包含計量化學、酸鹼平衡與滴定、氧化還原反應與滴定、熱化學、動力學、電化學、合成與分析化學、材料化學等相關之實驗。 
 General Chemistry Laboratory course includes stoichiometry, thermochemistry, acid-base, equilibrium, buffer solution, titration, electrochemistry, chemical kinetics, coordination compounds, spectroscopy, and material sciences.","配合普通化學課程內容與目標，學生經由實作實驗印證化學原理定則，學習科學研究過程及精神，練習實驗基礎技能及資料收集、數據整理及報告彙整等基礎科學研究能力。 
 General Chemistry Laboratory is a course to demonstrate the principles of chemistry, teach the students various techniques used in the lab, and train the students to familiar with scientific methods.","每次實驗課時間為 3 小時，學生需課前書寫實驗預習報告，遵守實驗室安全規定，熟悉各項實驗技能操作，準時繳交實驗報告。
 Preview the experiment before class. Follow the safety guidelines of Lab. Be Familiar with Lab skills. Hand in reports on time.",,"課前學習時數：1小時
課後學習時數：0.5小時"
53541,,,,,,
16725,,,,,,
59499,,,,,,
56983,動物科學技術學系 / 農藝學系,,,,,
27922,生化科技學系,,,,,
43414,牙醫學系,,,,,
51155,化學系,,,,,
30201,化學系,,,,,
27876,化學系,,,,,
35606,化學系,,,,,
31007,化學系,,,,,
35062,化學系,,,,,
26578,化學系,,,,,
18450,化學系,,,,,
34535,化學系,,,,,
46660,化學系,,,,,
13135,化學系,,,,,
30530,化學系,,,,,
33527,化學系,,,,,
53530,化學系,,,,,
34325,化學系,,,,,
58368,化學系,,,,,
20028,化學系,,,,,
17955,化學系,,,,,
17988,化學系,,,,,
19409,化學系,,,,,
49543,化學系,,,,,
48973,化學系,,,,,
52042,化學系,,,,,
48842,化學系,,,,,
17326,化學系,,,,,
43682,化學系,,,,,
34639,化學系,,,,,
23834,化學系,,,,,
18467,化學系,,,,,
16780,化學系,,,,,
36778,化學系,,,,,
42712,化學系,,,,,
52092,化學系,,,,,
36553,化學系,,,,,
47678,化學系,,,,,
54051,化學系,,,,,
55506,化學系,,,,,
56533,化學系,,,,,
48175,化學系,,,,,
20523,化學系,,,,,
11166,化學系,,,,,
45177,化學系,,,,,
28089,化學系,,,,,
16938,化學系,,,,,
37442,化學系,,,,,
37461,化學系,,,,,
45796,化學所化學組 / 分子科學與技術國際研究生博士學位學程,,,,,
20348,化學系 / 化學所化學生物學組 / 化學所化學組,,,,,
43976,化學系 / 化學所化學生物學組 / 化學所化學組,,,,,
52930,化學系,,,,,
45914,化學所化學組,,,,,
16422,化學所化學組,,,,,
32861,化學所化學組,,,,,
54687,化學所化學組,,,,,
45155,化學所化學組,,,,,
35549,化學所化學組,,,,,
41214,化學所化學組,,,,,
18786,化學所化學組,,,,,
32666,化學所化學組,,,,,
54383,化學所化學組,,,,,
50467,化學所化學組,,,,,
51861,化學所化學組,,,,,
10782,化學所化學組,,,,,
32769,化學所化學組,,,,,
42939,化學所化學組,,,,,
27666,化學所化學組,,,,,
27832,化學所化學組,,,,,
51226,化學所化學組,,,,,
19346,化學所化學組,,,,,
45819,化學所化學組,,,,,
41849,化學所化學組,,,,,
22549,化學所化學組,,,,,
59658,化學所化學組,,,,,
36493,化學所化學組,,,,,
36631,化學所化學組,,,,,
40079,化學所化學組,,,,,
55728,化學所化學組,,,,,
27986,化學所化學組,,,,,
49010,化學所化學組,,,,,
45203,化學所化學組,,,,,
57263,化學所化學組,,,,,
11764,化學所化學組,,,,,
57148,化學所化學組,,,,,
22274,化學所化學生物學組,,,,,
47405,化學所化學生物學組,,,,,
13964,化學所化學生物學組,,,,,
27511,化學所化學生物學組,,,,,
27625,化學所化學生物學組,,,,,
57850,化學所化學生物學組,,,,,
49716,化學所化學生物學組,,,,,
32236,化學所化學生物學組,,,,,
33962,化學所化學生物學組,,,,,
19169,化學所化學生物學組,,,,,
31254,化學所化學生物學組,,,,,
15584,化學所化學生物學組,,,,,
52820,化學所化學生物學組,,,,,
18846,化學所化學生物學組,,,,,
95017,化學研究所,,,,,
25034,化學所化學組 / 化學所化學生物學組,,,,,
50330,化學所化學組 / 化學所化學生物學組,,,,,
11796,化學所化學組 / 化學所化學生物學組,,,,,
34758,化學所化學組 / 化學所化學生物學組,,,,,
54425,化學所化學組 / 化學所化學生物學組,,,,,
42374,化學所化學組 / 化學所化學生物學組,,,,,
16755,化學所化學組 / 化學所化學生物學組,,,,,
43379,化學所化學組 / 化學所化學生物學組,,,,,
47456,化學所化學組 / 化學所化學生物學組,,,,,
20747,化學所化學組 / 化學所化學生物學組,,,,,
47315,化學所化學組 / 化學所化學生物學組,,,,,
21662,化學所化學組 / 化學所化學生物學組,,,,,
18473,化學所化學組 / 化學所化學生物學組,,,,,
46157,化學所化學組 / 化學所化學生物學組,,,,,
10837,化學所化學組 / 化學所化學生物學組,,,,,
37823,化學所化學組 / 化學所化學生物學組,,,,,
44418,化學所化學組 / 化學所化學生物學組,,,,,
35782,化學所化學組 / 化學所化學生物學組,,,,,
46647,化學所化學組 / 化學所化學生物學組,,,,,
14577,化學所化學組 / 化學所化學生物學組,,,,,
24906,化學所化學組 / 化學所化學生物學組,,,,,
35494,化學所化學組 / 化學所化學生物學組,,,,,
35005,化學所化學組 / 化學所化學生物學組,,,,,
33778,化學所化學組 / 化學所化學生物學組,,,,,
56540,化學所化學組 / 化學所化學生物學組,,,,,
30744,化學所化學組,,,,,
24938,,,,,,
28122,化學所化學生物學組,,,,,
11867,化學所化學組 / 化學所化學生物學組,,,,,
56595,化學所化學組 / 化學所化學生物學組,,,,,
12440,化學所化學組,,,,,
48098,化學所化學組,,,,,
26199,化學所化學組,,,,,
19849,化學所化學組,,,,,
35957,化學所化學組,,,,,
13091,化學所化學組,,,,,
37029,化學所化學組,,,,,
58911,化學所化學組,,,,,
49016,化學所化學組,,,,,
49806,化學所化學組,,,,,
45126,化學所化學組,,,,,
37339,化學所化學組,,,,,
55001,化學所化學組,,,,,
50202,化學所化學組,,,,,
17218,化學所化學組,,,,,
55770,化學所化學組,,,,,
54682,化學所化學組,,,,,
23017,化學所化學組,,,,,
40921,化學所化學組,,,,,
55532,化學所化學組,,,,,
57602,化學所化學組,,,,,
43885,化學所化學組,,,,,
20179,化學所化學組,,,,,
13762,化學所化學生物學組,,,,,
25805,化學所化學生物學組,,,,,
43764,化學所化學生物學組,,,,,
46249,化學所化學生物學組,,,,,
10811,化學所化學生物學組,,,,,
95051,化學所化學生物學組,,,,,
42678,化學所化學組 / 化學所化學生物學組,,,,,
13860,化學所化學組 / 化學所化學生物學組,,,,,
23871,化學所化學組 / 化學所化學生物學組,,,,,
17689,化學所化學組 / 化學所化學生物學組,,,,,
43094,化學所化學組 / 化學所化學生物學組,,,,,
27933,化學所化學組 / 化學所化學生物學組,,,,,
47725,化學所化學組 / 化學所化學生物學組,,,,,
50857,化學所化學組 / 化學所化學生物學組,,,,,
14950,化學所化學組 / 化學所化學生物學組,,,,,
29622,化學所化學組 / 化學所化學生物學組,,,,,
40488,化學所化學組 / 化學所化學生物學組,,,,,
55089,化學所化學組 / 化學所化學生物學組,,,,,
46443,化學所化學組 / 化學所化學生物學組,,,,,
25189,化學所化學組 / 化學所化學生物學組,,,,,
20154,化學所化學組 / 化學所化學生物學組,,,,,
14898,化學所化學組 / 化學所化學生物學組,,,,,
39899,化學所化學組 / 化學所化學生物學組,,,,,
33692,化學所化學組,,,,,
53908,化學所化學組,,,,,
22922,,,,,,
43422,化學所化學組 / 永續化學科技國際研究生博士學位學程 / 分子科學與技術國際研究生博士學位學程,,,,,
34330,化學所化學組 / 永續化學科技國際研究生博士學位學程 / 分子科學與技術國際研究生博士學位學程,,,,,
28963,化學所化學組,,,,,
39397,化學所化學組 / 化學所化學生物學組,"本課程為因應同學的興趣以及實際課程安排情形，課程內容分為協助課務、實驗進行兩方面：
1.實驗：
本課程教材是以本系所編纂的實驗教材(包含普通化學實驗、有機化學實驗、分析化學實驗、物理化學實驗)為主，搭配本系專任助教及教學約用幹事們的說明指導，於學期開始前進行實驗課程的預作及助理助教說明會，講解安全注意事項與教學技巧。
修習本課程之碩博士生，將於學期中擔任實驗課程助理助教，將所學習得的知識技能作實際印證，包括協助指導實驗課程內容、協助準備實驗器材與藥品，使實驗過程可以順利進行。此外，每週規劃有每週進行助教會議，實際檢討當週實驗進行，並預習下週實驗，有效促進教學學習。
2.課程：
本課程指導教師即為課程授課老師，課程教材及教學方法部分由各開課老師擇選安排。會於開學前舉辦課務教學助理說明會，邀請本系資深助教與會，經驗分享。
修習本課程之碩博士生，將於學期中擔任課程教學助理，透過協助教師課程準備、習題講解、考卷批改等訓練，除複習大學所學專業知識外，更培養學生表達溝通的能力。

表現優異的同學，將獲頒學年度特優助理助教/優良助理助教獎項。

碩士生修習「化學教學法與實習」課程，畢業後10年內進入本所博士班就讀者，可依本系辦法申請抵免研究所「化學教學法與實習」課程。","1.	藉由本課程的訓練，使同學對於化學有更深的認識，透過指導大學部學生的過程，提升自我表達協調等能力。
2.	培育本校化學實驗/化學課程教學助理人才。","實驗：
1.	參與期初助理助教說明會。
2.	開學前參與實驗預作。
3.	參與每週助教會議。
課程：
1.	 參與期初課務助教說明會。
2.	 協助教師教學交辦事項。",,2-4小時
47235,化學所化學組 / 化學所化學生物學組,,,,,
42281,化學工程學系,,,,,
31613,化學工程學系,,,,,
10720,化學工程學系,,,,,
57534,化學工程學系,,,,,
50875,化學工程學系,,,,,
52711,化學工程學系,,,,,
15534,化學工程學系,,,,,
21105,化學工程學系,,,,,
49821,化學工程學系,,,,,
23884,化學工程學系,,,,,
57207,化學工程學系,,,,,
34092,化學工程學系,,,,,
32790,化學工程學系,,,,,
56261,化學工程學系,,,,,
38145,化學工程學系,,,,,
16151,化學工程學系,,,,,
44460,化學工程學系,,,,,
46320,化學工程學系,,,,,
58226,化學工程學系,,,,,
56305,化學工程學系,,,,,
38891,化學工程學系,,,,,
44252,化學工程學系,,,,,
33082,化學工程學系,,,,,
33083,化學工程學系,,,,,
53410,化學工程學系,,,,,
22528,化學工程學系,,,,,
52867,化學工程學系,,,,,
56536,化學工程學系,,,,,
29150,化學工程學系,,,,,
11864,化學工程學系,,,,,
24628,化學工程學系 / 化學工程學研究所,,,,,
29079,化學工程學系 / 化學工程學研究所,,,,,
46200,化學工程學系 / 化學工程學研究所,,,,,
48848,化學工程學系 / 化學工程學研究所,,,,,
30400,化學工程學研究所,,,,,
17389,化學工程學研究所,,,,,
38878,化學工程學研究所,,,,,
44220,化學工程學研究所,,,,,
17826,化學工程學研究所,,,,,
36542,化學工程學研究所,"研究主題請點選網頁，
http://homepage.ntu.edu.tw/~cswu/",用科學實驗的驗証方法，網路搜尋科技文獻，熟悉科技報告的寫作和口頭報告技巧，進行實驗完成碩士論文。,依據研究計畫的進度進行。,,
41536,化學工程學研究所,,,,,
35521,化學工程學研究所,,,,,
21719,化學工程學研究所,,,,,
58438,化學工程學研究所,,,,,
47749,化學工程學研究所,,,,,
40678,化學工程學研究所,,,,,
46666,化學工程學研究所,,,,,
34425,化學工程學研究所,,,,,
24662,化學工程學研究所,,,,,
51916,化學工程學研究所,,,,,
43843,化學工程學研究所,,,,,
31584,化學工程學研究所,,,,,
47697,化學工程學研究所,,,,,
54868,化學工程學研究所,,,,,
46437,化學工程學研究所,,,,,
33730,化學工程學研究所,,,,,
31755,化學工程學研究所,,,,,
20442,化學工程學研究所,,,,,
25176,化學工程學研究所,,,,,
29067,化學工程學研究所,,,,,
59426,化學工程學研究所,,,,,
10643,化學工程學研究所,,,,,
51541,化學工程學研究所,,,,,
34176,化學工程學研究所,,,,,
56798,化學工程學研究所,,,,,
24971,化學工程學研究所,,,,,
12671,化學工程學研究所,,,,,
54048,化學工程學研究所,,,,,
21498,化學工程學研究所,,,,,
44722,化學工程學研究所,,,,,
23516,化學工程學研究所,,,,,
23287,化學工程學研究所,,,,,
53081,化學工程學研究所,,,,,
13340,化學工程學研究所,,,,,
56291,化學工程學研究所,,,,,
41093,化學工程學研究所,,,,,
51790,化學工程學研究所,,,,,
29270,化學工程學研究所,,,,,
33735,化學工程學研究所,,,,,
20937,化學工程學研究所,,,,,
51357,化學工程學研究所,,,,,
10215,化學工程學研究所,,,,,
45189,化學工程學研究所,,,,,
24357,化學工程學研究所,,,,,
57449,化學工程學研究所,,,,,
49497,化學工程學研究所,,,,,
34303,化學工程學研究所,,,,,
58589,化學工程學研究所,,,,,
42832,化學工程學研究所,,,,,
20035,化學工程學研究所,,,,,
53569,化學工程學研究所,,,,,
30026,化學工程學研究所,,,,,
59281,化學工程學研究所,,,,,
17396,化學工程學研究所,,,,,
27489,化學工程學系 / 化學工程學研究所,,,,,
55230,化學工程學研究所,,,,,
40544,化學工程學研究所,,,,,
48931,化學工程學研究所,,,,,
33301,化學工程學研究所,,,,,
46629,化學工程學研究所,,,,,
54965,化學工程學研究所,,,,,
13560,化學工程學研究所,,,,,
54085,化學工程學研究所,,,,,
10889,化學工程學研究所,,,,,
21018,化學工程學研究所,,,,,
48434,化學工程學研究所,,,,,
51046,化學工程學研究所,,,,,
56159,化學工程學研究所 / 綠色永續材料與精密元件博士學位學程,,,,,
41693,化學工程學研究所,,,,,
20737,化學工程學研究所,,,,,
41983,化學工程學研究所,,,,,
56608,化學工程學研究所,,,,,
50492,化學工程學研究所,,,,,
14920,化學工程學研究所,,,,,
59366,化學工程學研究所,,,,,
37567,化學工程學研究所,,,,,
26881,化學工程學研究所,,,,,
33903,化學工程學研究所,,,,,
34914,化學工程學研究所,,,,,
46180,化學工程學研究所,,,,,
42568,化學工程學研究所,,,,,
35982,化學工程學研究所,,,,,
50655,化學工程學研究所,,,,,
59898,中國文學系 / 中國文學系國際學生學士班,,,,,
17563,中國文學系 / 中國文學系國際學生學士班,,,,,
10471,中國文學系,本,"有二： 
（一）	介紹文字學面對的材料與處理的問題。包括：
（1）	以古文字為中心的文字學材料介紹：
依序介紹殷商文字、西周春秋文字、六國文字、秦文字 等；
（2）	以《說文》為中心的文字學議題：
優先介紹傳統六書說、其他漢字分類法，另及小學的名義、「文字學」的來由、文字創造的傳說（倉頡造字說等）、文字創造年代的推測（陶文或陶符）、「文」「字」的名義與演變等；《說文》之版本、說解條例、文字學理論、文字學在歷代的變化等，視進度而定。
（3）	文字學理論與術語：
文字演變的各項規律（繁化、簡化、類化、異化、聲化）、相關術語（累增字、分化字、古今字、異體字、同形字、繁簡字、同源詞、右文說、同義換讀）、文字現象（分化與合併、形義關係）等。
以上內容，分為上、下兩學期講授，如下：
上學期：Ch01文字形成的過程～Ch04形體的演變（上）：古文字階段的漢字
下學期：Ch06漢字基本類型的劃分～Ch13漢字的整理和簡化
課程目標
1.介紹文字學面對的材料與處理的問題。
2.使同學至少擁有講課講義中古文字，以及常見表意字古文字的辨識及書寫能力。","1.按時繳交作業，參加小考。 
2.完成分組(作業、課堂流程)。",,2
20161,中國文學系,文字學主要涉及文字概念、文字演變，與演變過程中產生相關規律與特點。本課程試著從「文∕字」的概念著手，逐一介紹中國出土文字的現況，進而能對相關載體與其文字特點有初步的認識，並藉由書寫習作幫助分析與瞭解文字形體構成，方能對中國文字組成有更全面的概念。 傳世文字部分則以講授《說文》體例與六書理論為主，從中了解到文字分類的依據與局限，同樣藉由書寫練習以認識並歸納文字演變過程中的特點與規律，以及對中國文字在使用過程中產生相關的術語具備基本的觀念。此外，配合課程內容需要也試著融入相關工具書與網路資料之簡介。,"本課程目標有二：
一. 對於文字學的面向具有初步的認識，並瞭解文字演變歷程。
（1）文字學概論；（2）古文字材料與載體介紹； （3）《說文》體例與六書簡介；（4）文字演變的規律與特色；（5）文字學領域的重要術語；
二. 嘗試書寫小篆以及古文字體，藉此熟悉文字書寫、形體結構等。 上述課程將分為二學期講授","（1）上課時勤做筆記
（2）作業需用心書寫
（3）融入課堂討論","30%	

期中考


30%	

期末考


15%	

分組報告


20%	

作業小考


5%	

課堂表現

本校尚無訂定 A+ 比例上限。
本校採用等第制評定成績，學生成績評量辦法中的百分制分數區間與單科成績對照表僅供參考，授課教師可依等第定義調整分數區間。詳見 學習評量專區。",
35134,文學院院學士學位 / 中國文學系,"History of Chinese Literature

This course is designed for students to understand the basic knowledge of the history of  Chinese literature. The discussion topics are according to the dynasty and the main genres. 

Grading system
       Homework  20%
       Mid-term Exam 20%
       Final Exam  20%
       Oral Performance  20%
       Paper  20%",待補,待補,,
53031,文學院院學士學位 / 中國文學系,"中國文學史課程旨在引導同學認識中國文學之演進歷程、各文體之興衰流變，以及重要作家之創作成就、經典作品的美感特質。上學期範圍為先秦至唐初，下學期為唐代至清初。
本學期不按照時代先後，將先講授唐至清代之敘事文學，再講授唐宋詩文與明清文學批評。
課程以教師講授為主，配合","一、	認識文學史作為一門學科之特性、研究範疇與方法論基礎，理解文學史並非單純作品羅列，而是對文學現象的問題化與詮釋過程。
二、	培養學生掌握文學史一手文獻的能力，能知道歷代重要作品的保存與編選情形，並能進行文本細讀，分析作品特色。
三、	使學生能在閱讀文學史敘述時主動提出研究問題，並透過文本分析、史料梳理、文獻研究等方法加以分析與回應，強化論述能力。","1.如期完成各項作業。
2.積極參與課堂活動。
3.對文學作品抱持好奇的心。","25%	

預習小考

預習指定範圍，並自行於線上作答。


25%	

分組讀劇

就指定之唐傳奇、宋元話本、元明雜劇、明清傳奇作品改編，於課堂上讀劇。


10%	

提出研究課題

就本學期範圍提出研究課題，與教師面談。


40%	

期末評量

筆試或小論文。

本校尚無訂定 A+ 比例上限。
本校採用等第制評定成績，學生成績評量辦法中的百分制分數區間與單科成績對照表僅供參考，授課教師可依等第定義調整分數區間。詳見 學習評量專區。",3-5小時。
22429,中國文學系,"本課程以中國歷代古典散文為講授範圍，承接先秦兩漢文，以魏晉至明清諸代辭賦文章為主軸。
古典散文與文人生活密不可分，涉及時代語境的種種變化，不僅可作為政治語彙的操作，也可視為個人情意感知的具體呈顯。然而，古典散文之文體成規也是我們在解讀文本時不可忽略之問題，分類是我們面對古典散文時不可迴避之學術課題，何種文體在怎樣的社會語境中佔據了我們的視野，同時也意味著文人核心關懷的座落之處。
本課程為一年課程，主要依循時代脈絡規劃範圍，各時代關懷主題的變化則是課程規劃的第二項考量。除了具體的文學文本之外，本課程亦將藉由不同的學術論著協助各位掌握學界研究脈絡。","1.訓練學生精讀與分析文本的能力。
2.掌握古典散文之生成語境及衍生議題。
3.理解學術研究之基本規範與討論方式。。
4.藉由文本細讀與分析，深掘文本內涵，進一步建構文體發展之軌跡。","1.本課程重視文本預習，課程講授以了解相關主題、學術研究的關懷旨趣，上課前請務必閱讀該週文本。
2.本課程除了期中、期末考之外，另有兩次習作。","25%	

期中考


25%	

期末考


30%	

作業


10%	

出席率

1.出席率佔10%，全勤為滿分，採遞減制，無故缺席按比例扣除分數。
2.根據臺大學則，請假次數超過全學期1/3（5堂課），成績為X等第。


10%	

課堂討論與發言

討論參與度佔10%，全學期無發言、討論、提問者為0分。採得分制，每次針對課程內容之導讀、發言、提問皆按照一定比例得分，發言紀錄可在課堂line群中確認。

本校尚無訂定 A+ 比例上限。
本校採用等第制評定成績，學生成績評量辦法中的百分制分數區間與單科成績對照表僅供參考，授課教師可依等第定義調整分數區間。詳見 學習評量專區。",4
15248,中國文學系,"本課程為中文系二年級必修課程。我們將接續先秦兩漢文（即中文系一年級本系國文所授），陸續講解魏晉唐宋明清諸朝代的辭賦和文章。
案自兩漢以來、歷經魏晉南朝隋唐，在各級政府擔任掾屬職位的文人集團形成後，「文」便同「詩」般坐穩首要文體的位置。且正因文家掌秘書職司的緣故，「文」的品種遂環繞官場諸多情狀展開：從鋪敘朝章典儀的頌讚、箴戒當權毋荒淫懈怠的諷諫，到發揮勸慰勵志、瀉懣或解嘲功能的騷賦，還有流通諸公、私領域，左右諸人際關係的形色文章；又隨著重學問、崇典籍、尚雅麗工整，追求得體、妥當等秘書文化的逐步成熟，對辭語、章句、典故、對仗、用韻等的要求遂一一確立，培訓、揀擇人才乃至文壇品評的標準盡在其中。凡此種種，我們將於前半學期透過諸篇選文，解說這些浸染掾屬文化色彩的辭賦和文章該怎麼讀、怎麼理解，又當如何鑒賞。
到了下半學期，我們將討論唐宋古文運動，還有綿延宋元明清諸朝的文章學。透過揭示前者的核心主張，若「學文養氣」：亦即藉諷詠聖賢遺文好涵濡性情、擴充胸次氣象以待吐辭垂訓的論述，還有剖析後者大力發展的，重點在編選所謂的大家文文集且施以評註、圈點，好開發文脈錯綜接合論述的學問，我們非但能進入從前那自開蒙即勤練文章、終生仕途亦唯憑斯藝的時代，漸次了解諸文派所以更相迭代，諸文家又多有理學或心學背景的道理；更重要的是，我們將擺脫白話文運動的偏見，重新學會品味、評論諸作品自民族精神到卓越技藝的多面價值。總之，藉下半學期諸選文及其施諸其上的評點的講解，我們或能較公允地評述古文文化的相關成就。","1.學習解讀並鑒賞掾屬文化的詞章。
2.學習解讀並鑒賞古文運動後的詞章。",,"50%	

計2次單元申論作業


50%	

計2次習作

本校尚無訂定 A+ 比例上限。
本校採用等第制評定成績，學生成績評量辦法中的百分制分數區間與單科成績對照表僅供參考，授課教師可依等第定義調整分數區間。詳見 學習評量專區。",每週課前1小時/課後2小時
54936,中國文學系,"透過形式與韻律，詩人將抽象卻真實的情感以文字定形，而情感的發生，可能來自外物的觸動、人情的感知、事件的衝擊、社會現象的觀察或個人處境際遇的盤桓思索。因此讀詩的過程，也正是一個興、觀、群、怨的交感過程，引領讀者以新的心眼，觀看世界、體察人情、認知自我，並從中習得如何筆補造化，將漫漶的情感、缺憾的現實，以詩精煉而節制、超越而圓滿的體現。
    詩選及習作為中文系必修課程，課綱規畫以時代為經，詩歌形式與題材為緯，依序閱讀中國詩歌史上的經典名篇，藉此建構中國詩歌發展歷程的整體認知，同時透過文本的精密閱讀、創作背景的考察，品味詩歌節奏韻律與形式結構之美，體察詩人寄寓於詩歌的情感經驗、際遇思索、人性體會。讀詩之外，課程並訓練古典詩歌寫作，上下學期分別進行古體詩及近體詩習作。
    本學期接續上學期進度，繼續選讀魏晉、南北朝及唐代名家詩歌。","1、	透過詩歌文本精密解讀，深入詩歌世界，與詩心交遊，涵養共情同理的本能與悲憫襟懷。
2、	經由課程引導，探索中國詩歌形式、題材的開展歷程，建構詩學基礎認知。
3、	在古典詩的習作中，體驗詩人寫詩的用心及過程，嘗試發掘個人創作天賦與熱情。","1、	詩歌不僅是供人閱讀的文字，更是生命與情感的載體，要求用心傾聽、理解、思考與感受。
2、	應理解教室為學習場所，能自我要求，認真投入課程，參與討論。
3、	避免缺課、遲到、早退，如需請假，一律上學校請假系統辦理，事假須留意事由之合理性，病假應附證明。不接受課後補請。
4、	為避免影響課程進行及同學聽講，上課期間請勿飲食、走動、擅自離席進出教室。","20%	

期中考


20%	

習作


60%	

期末考


0%	

上課表現

視出席狀況及課堂參與，得調整學期成績一至二等第

本校尚無訂定 A+ 比例上限。
本校採用等第制評定成績，學生成績評量辦法中的百分制分數區間與單科成績對照表僅供參考，授課教師可依等第定義調整分數區間。詳見 學習評量專區。",3小時
23150,中國文學系,,,,,
35701,中國文學系,"詞之為體，鏗鏘曼妙，是配合音樂而能歌唱的詩。詞人所代表的是一種細膩、敏感的生命型態。追憶往事，流連光景，對於男女相思之情、風物年華之變化，詞人多出之以輕靈細緻的筆觸，寫入哀感，賦以真情，最能動人心魂，予人隱約淒迷之感。而詞的體製，如樂律章節之重複節奏、文辭句法的平衡對稱，更強化了這種婉轉低回、留連反覆的情感質性。
詞的世界，是一個有情的世界。唐宋詞以長歌短調、清辭麗句，抒發人間情誼，表現為沉重的或輕淡的、溫柔的或熱情的姿貌，既具古典美，又富浪漫情，值得細細吟詠。
古人，因時感事而作詞；今我，緣情興感而讀詞─古往今來，牽繫著彼此的就是變化人生之中那不變的情誼。以今情讀古詞，讀的不只是唐宋名家的情意，其實更能讀到一己的內在情思。如是，時空交感，彼此同心，我們的情感天地顯得深美、更渾厚、更寬廣。
本課程以選讀唐宋名家詞為主，希望透過對不同時代、題材、風格、流派的作品之研讀，了解詞的演進發展，欣賞詞體之美、人情之美，豐富我們對傳統抒情美典的認識。同時，在賞讀之餘，學習詞的寫作，以體察古人之用心，加強一己對中國文字聲情之美的體認。","(一) 辨體以識情─教導同學以統合內外緣因素、兼顧內容與形式的完整文體觀，充分體察詞作為獨特的抒情文體的「辭」「情」特質。
(二) 同情與共感─以一種「以情感喚起情感」的解讀方式，帶領同學藉由生命情調的分享，加深對人文精神的體認，及對一己內在心靈世界的感知。
(三) 意義的探尋─從詞人創作的歷程、文體的抉擇、風格的轉變，以及詞體與時運的關聯等方面，對詞體本身的美學與倫理意涵作批判性的理解，並探問其現代意義。","(一) 修課學生最好對古典文學有興趣，並願意嘗試不同的閱讀和思考方式。
(二) 課前需預習每週講題內容，課後也要廣泛涉獵相關資料。
(三) 平常作業與學期報告需準時繳交，愈時則不予計分。
(四) 切勿隨意遲到、早退及曠課。如需請假，請務必於課前上學校系統登記。請假規定 詳見學務處公告：https://advisory.ntu.edu.tw/CMS/Page/44","30%	

讀詞心得

撰作二篇。每篇1500–2000字。


20%	

詞的習作

令詞與長調的填寫。


25%	

期中考試

測驗文本的評析能力。


25%	

期末考試

考核比較分析的能力


0%	

注意事項

本課程採不定期點名。曠課一次，扣學期總成績三分。曠課三次(含)以上者，本科成績以不及格論。請假達三次者，降學期成績一等第；達四次者，降學期成績二等第；達五次者，本科成績以不及格論。

本校尚無訂定 A+ 比例上限。
本校採用等第制評定成績，學生成績評量辦法中的百分制分數區間與單科成績對照表僅供參考，授課教師可依等第定義調整分數區間。詳見 學習評量專區。",4小時
38634,中國文學系,本課程依據中國古典小說發展的特質，分文言小說和白話小說兩個系統於上下學期講授。關於文言小說的範疇主要按照小說發展的脈絡，擇取六朝志怪志人小說、唐代傳奇和明清筆記具代表性的作品研讀，藉以闡述其孳生背景、文類特質和其間的傳承關係。而白話小說的部分則以宋元話本、明代擬話本為講授主體，分別由其所納含的主題，例如命運、情欲、性別等，探討相關的佳作，進而彰顯文本思維的社會和個體之意義。,本課程的上課目標為藉由古典小說經典文本的閱讀，理解中國小說發展的脈絡，和各種小說體裁與題材及其交涉之關係。並透過深入的分析詮釋，掌握小說文本涉及的歷史背景因素，以及文化思維。上課的方式為講授和討論並重，即希望經由多人精讀、討論，闡釋文本的深刻意涵，以呈現出中國古典小說多元而豐富的面向。,"一、	務請準時出席課程，參與聽講與分組討論。無故缺席一次扣總成績二分，達五次者取消上課資格。 

二、分組討論、作業

       分組討論：根據文本設定議題，分組討論，並分享討論成果。
                   
       作業:學期報告（6月11日）","40%	

期末成績考


40%	

平時成績（課堂參與討論）


20%	

作業成績


0%	

無故缺席一次扣總成績二分，達五次者取消上課資格

本校尚無訂定 A+ 比例上限。
本校採用等第制評定成績，學生成績評量辦法中的百分制分數區間與單科成績對照表僅供參考，授課教師可依等第定義調整分數區間。詳見 學習評量專區。",二至三小時
55969,中國文學系,本課程為學年課，下學期以「明傳奇」為教授範圍。中國戲劇史上，明代是「戲文-傳奇」體製形成、發展、達至顛峰的重要階段，彼時劇作家輩出、作品數量繁多、演出興盛、各地腔調劇種紛立；劇本文學與劇場藝術皆呈現出多元而日趨精緻的面貌。本課程內容以「明傳奇」為主，研讀重點為湯顯祖《牡丹亭》，初步勾勒傳奇與崑劇表裡依傍的輪廓。,授課內容以「劇本賞析」為主體，為使同學對於戲劇的形式、內容有全面性的認知，重要劇作將閱讀「全本」，部分經典則以「選折」方式精解。透過對「文本」的研讀，理解傳統文人或伶人的「編劇技法」與「人物塑造」。時而配合相關內容的演出欣賞，以領略戲劇的重要本質：劇場與表演藝術。影片欣賞可感受當代演員、編劇、導演的「二度詮釋」，理解如何活化經典，進而明白傳統可透過當代意識更新與創發。希望同學們體會「案頭」與「場上」並重、「文學」與「劇場」兼美的意義。,課前預習、課堂討論、分組報告、測驗或個人報告。,"25%	

出席率

每學期允許一次事前請假，一次事後補假。病假請附證明。缺席一次扣5分。全學期無故缺席三次，本項目以零分計。
如遇重大特殊情況，可與老師商議。
心理假、生理假、文化假或其他重大事由，不計入缺席。
鼓勵課堂發言、提問、提出見解，將斟酌加分。
另，若有不定期小考時，亦列入計分。


25%	

小組報告

小組報告於第十四週進行，每組皆以白先勇《遊園驚夢》文本為範圍，從對《牡丹亭》的深度認識解讀《遊園驚夢》，每組報告時間為15分鐘以內。詳情開學第一週與同學於課堂議定。


20%	

課堂小考

不定期舉行課堂小考，確認同學有複習文本內容與思考。


30%	

期末考

於課堂上進行。


0%	

觀劇心得

期末加分：自由選擇任一齣當代戲曲作品前往觀賞，附上票根（可拍照）與觀劇心得繳交，以1000字為下限。心得可包括（但不限）：踏入劇場的感受、該戲的劇情或內容評析、演員表演或導演手法評述、音樂燈光或舞臺布景的配搭、延伸感想與啟發等。若有額外多看戲及寫心得，依書寫狀況酌情適度加分。

本校尚無訂定 A+ 比例上限。
本校採用等第制評定成績，學生成績評量辦法中的百分制分數區間與單科成績對照表僅供參考，授課教師可依等第定義調整分數區間。詳見 學習評量專區。",2-3
19584,中國文學系,《尚書》為《六經》之一，記載了唐、虞、三代的政治事蹟。其性質極為多元，既是經書，也是中國最早的散文集，同時也是歷史著作，是故閱讀的進路可以很多元。另一方面，由於《尚書》產生的時代很早，文詞不易識讀，往往使人望而卻步。本課程希望經由詳密的闡說，使學生明瞭書中大義，同時也配合歷代各家的注釋，介紹不同的詮解途徑及其背後的用意，欲使學生對《尚書》具一定程度的認識，對於有志學術研究者，則希冀引發其探究《尚書》在古代文化傳承中的重要性。,"一、能讀懂上課講解過的《尚書》篇章
二、能對中國古史有基本的認知
三、能對中國經學有基礎的認識
四、能對中國經學的思想有基本的概念","準時上課,不使用3C產品。","50%	

期中考


50%	

期末考

本校尚無訂定 A+ 比例上限。
本校採用等第制評定成績，學生成績評量辦法中的百分制分數區間與單科成績對照表僅供參考，授課教師可依等第定義調整分數區間。詳見 學習評量專區。",
32876,中國文學系,"《詩經》有經學的一面，也有文學的一面，隨著各朝代的潮流與學者的性格，呈顯出許多不同的面向、多元的解讀。
本課程採精讀策略，一方面帶領同學認識傳統注疏如何看待《詩經》，另一方面也希望同學體會現代學者對《詩經》的各種歧異解讀，各有何見地與侷限，更期待同學從凝固的詩作中，開採出一己的創見或觸發。","1. 認識古今《詩經》解釋。
2.培養同學思考、辨析能力。","本課程採小班教學，限制修課人數，修課同學須能踴躍加入討論。
本系同學須能自行閱讀《毛詩注疏》，並進行報告。",,
28600,中國文學系,五經之中，禮學凡有《儀禮》、《周官》、《禮記》鼎立為三。《禮記》早期固以詮釋、補充《儀禮》(經)之記的角色存在。但因其內容兼攝禮文與禮意，復有多篇論述儒家思想精髓，堪稱古代禮學之總匯。故自隋唐以下，其重要性日增。朱熹甚而摘取〈學〉〈庸〉以成《四書》。足見無論研治三禮或儒學思想，《禮記》尤為重中之重。,今本《禮記》出於戴聖所選。各篇體例不一，篇目編次亦顯雜亂。本課程在前人所歸類分析的基礎上，就通論、佐經、廣禮、時政等數類，各選講2-4篇不等，在課程始終，則再加以綜述禮文禮意與禮學研究路徑等，以求貫通。既奠定同學閱讀禮學經典的基礎知識，進而引發同學對於禮學、禮俗與儒學思想之研究興趣。,"本課程為全學年課程，第一學期安排禮儀活動體驗；第二學期將有專題製作，請同學努力以赴。
※※授課教師如需出國參與會議，相關課程調整方式將與選課同學商議後變更。※※
禮記、三禮、儀禮、禮俗",,
30397,中國文學系,"1、《左傳》概說：簡介《左傳》與《春秋》的關係、《左傳》的名稱、來歷、作者、著成時代、性質、傳授等相關問題。
2、《左傳》選讀：先分別由「經學」、「史學」、「文學」、「文化史」、「敘事學」等觀點精讀部分傳文；再依同學興趣選讀。
3、「左傳學」概說：簡介《左傳》與《公羊》、《穀梁》的異同及其與《國語》、《史記》的關係，並略述歷代「左傳學」的特色。",《左傳》乃了解《春秋》與春秋時代最重要的經學與史學典籍，也是不朽的古典文學名作。本課程旨在透過對《左傳》的仔細研讀，以達到經學、史學、文學、敘事學四者結合的目標。,上課前務須預習,"50%	

期中考


50%	

期末報告

本校尚無訂定 A+ 比例上限。
本校採用等第制評定成績，學生成績評量辦法中的百分制分數區間與單科成績對照表僅供參考，授課教師可依等第定義調整分數區間。詳見 學習評量專區。",3:3
54644,中國文學系,《史記》是一部紀傳體通史，是以人物為主的歷史敘事文，有「歷史的人物畫廊」之稱。這個課程旨在閱讀《史記》，藉以引導學生釋放歷史的想像能力，進行一場廣闊的時空旅行，「尚友」歷史上的奇偉人物，從而培養讀史的興趣，增長思考人事的能力。課程之進行，分為若干單元，每一單元選讀若干篇章，逐步深化對「《史記》」的瞭解。各專題選讀之篇章，或講授，或由學生提出報告。講授方面，著重閱讀方法，使知其事、識其人，並能深入了解歷史人物的心靈、思維，進而觸及「歷史／人」的課題。報告方面，著重培養學生書面或口頭表達的能力，學習提問、評論、抒發己見。,"1.掌握《史記》的體例、內容、宗旨及其價值等特點。
2.分別就《史記》五體選讀著名篇章。
3.依主題思考司馬遷敘事寫人的史筆與史識。","1.課堂講授注重精讀，配合課後自行閱讀，撰寫報告。
2.書面報告1-2篇。
3.準時出席及繳交報告。","10%	

平時表現

平時出席及討論等表現。


30%	

劄記3篇

每月配合授課進度撰寫劄記1-2篇。


40%	

讀書報告

1.就&#34;秦楚之際風雲&#34;單元, 撰寫讀書報告一篇。
2.第二篇讀書報告題目另訂。


20%	

期末評量

就&#34;漢武帝時代&#34;單元作期末評量。(佔分比例將與讀書報告、劄記斟酌調整)

本校尚無訂定 A+ 比例上限。
本校採用等第制評定成績，學生成績評量辦法中的百分制分數區間與單科成績對照表僅供參考，授課教師可依等第定義調整分數區間。詳見 學習評量專區。",3
50049,中國文學系,本課程期望透過對莊子文本的閱讀與思考，使修課學生能對中國人文傳統有深度的認識，熟悉人文思維的程序與方法，並將《莊子》的智慧落實活用於生活。課程的安排依照通行本莊子的選篇進行討論。參與本課程的同學都必須準備，並講解各篇章中的一段文本，從文義的解析出發，並且說明該本文對自己的意義，以及其可能的延伸問題。每篇閱讀與討論完畢後必須繳交作業一份，作業的形式不一，可以是一篇小論文，也可以分享文本對自己人生經歷的啟發，或者說明文本可能延伸的問題與嘗試性的回應。,"本課程之目的主要可以概括如下： 
一、經由代表性作品的選讀，使學生對中國的人文傳統有深一層的認識。 
二、經由對經典性文獻的研討分析過程，使學生熟悉人文思維的程序與方法。 
三、經由口頭討論與寫作練習，一方面增長學生的思考以及文字的表達能力，一方面促進學生對於一己生命的自覺，而導向成熟人生觀的建立。","一、上課方式以討論為主，每位同學都要參與報告和討論。
二、每篇閱讀與討論結束後，需要繳交作業一份，最少必須12號字體一頁。","20%	

課堂


50%	

期中


30%	

論文

本校尚無訂定 A+ 比例上限。
本校採用等第制評定成績，學生成績評量辦法中的百分制分數區間與單科成績對照表僅供參考，授課教師可依等第定義調整分數區間。詳見 學習評量專區。",
34726,中國文學系,先秦時期為中國思想與文化的原創時期，一方面歷經從原始宗教到哲學思想的演進，另一方面也發展出宇宙論、心性論、美學與政治哲學的多元領域。荀子為此一時期思想上具有原創性與總結性的思想大家，被稱為集大成者。本課擬通過對原典的研讀與相關問題的討論，帶領學生認識荀子思想的精髓。,本課擬通過對原典的研讀與相關問題的討論，帶領學生認識荀子思想的精髓。除培養學生閱讀原典的能力，也希望加強學生的思辨能力。,出席上課，參與討論。上課時間不得使用3C用品。,"30%	

期中考


40%	

期末考


30%	

平時

含出席和堂上報告

本校尚無訂定 A+ 比例上限。
本校採用等第制評定成績，學生成績評量辦法中的百分制分數區間與單科成績對照表僅供參考，授課教師可依等第定義調整分數區間。詳見 學習評量專區。",1小時/2小時
23717,中國文學系,《楚辭》為流傳二千多年的經典之作，然其創造性與藝術性究竟何在？本課程將逐篇細讀〈離騷〉、〈九歌〉、〈天問〉、〈九章〉、二〈招〉等，理解文本的意蘊，進而掌握作者的思想與作品的美感。 全年課程分為上下兩部分，上學期主要研讀〈九歌〉、〈九章〉、〈招魂〉，下學期則研讀屈原〈離騷〉〈天問〉等，並導讀宋玉〈九辯〉及淮南小山〈招隱士〉等文。,"一、	引導學生認識屈原生平，楚國歷史地理、思想文化等時代背景；對楚辭之背景知識有一定程度的認識，並且知道如何蒐集文獻，辨識資料的可信度。
二、	學習理解、賞析楚辭文辭，掌握楚辭的意象、抒情方式等藝術特質。包含能解讀楚辭體的古典文學作品；並嘗試將其中的美感與文化精神，以當代讀者可理解、可共鳴的形式重新表達，或進行改寫與再創作。
三、	探討楚辭如何與一己生命、所處時代產生觸發與對應。深化對屈原自我意識、生命意義與政治處境之理解，並考察不同時代讀者的解讀，思考其對個體與時代關係的啟發，使經典不只是文本知識，也是反思當代的參照。","1.保持好奇的心，積極參與課堂討論。 
2.將作業視為挑戰，激發自己的潛能。 
3.不無故遲到或缺席，準時完成作業。","25%	

期中考

以〈離騷〉為主要範圍進行開書筆試。


30%	

期末考

以期中考之後的範圍進行開書筆試。


20%	

作業

明清有數部屈原主題之戲曲(尤侗、張堅、胡盍朋等)，作業可選擇評析劇本或改編劇本。


25%	

課堂活動

配合",2-3小時
40470,中國文學系,園林作為人們參與改造形成的第二自然，在唐宋以降文人手中逐步凝塑出一貫相承的理想特質，成為中國古典園林的主要美學型態。這種理想特質表現在對相關物質的認識、選擇與操作上，表現在景象結構的創建手法與意境營造上，更表現在園林居遊的生活經營與價值實踐上。園主構築園林，營造一個可居可遊的人文活動空間，在園林易於頹敗的自覺中，通過詩文藝術彰顯審美經驗、人地關係，從中寄寓襟懷，綜合性地體現傳統文化長期積澱的人文精神。本課程結合中國園林史的脈絡，選讀歷朝具代表性的案例，觀察園林文學與美學的特質，同時也訪尋文人們居遊園林空間的經驗與感受，期能有助於學習者體認其中蘊含的人文精神，並聯結自我經驗，進行當代性與在地性的思考與轉化。,"1、解讀中國園林文學文本，觀察文人對存在空間的體認與思索。
2、瞭解中國古典園林藝術的審美特質及其背後的文化投影。
3、關懷所處的時空環境，培養轉化知識或經驗的論述和表達能力。","1.	懷抱興趣，主動學習，與同儕討論交流，從中體認人生之缺憾與美好。
2.	對人與空間的關係感到興趣，並願意用心對待生活環境。","20%	

平時成績

資訊分享、課程參與、交流討論


30%	

 實作作業

園林體驗紀錄，詳見作業區


50%	

期末考試

本校尚無訂定 A+ 比例上限。
本校採用等第制評定成績，學生成績評量辦法中的百分制分數區間與單科成績對照表僅供參考，授課教師可依等第定義調整分數區間。詳見 學習評量專區。",平均約6 小時
50818,中國文學系,魏晉南北朝時期，在文學與思想方面，都具有特殊的呈現。文學方面，駢體文盛行，文學批評理論發達，《文心雕龍》、《昭明文選》可為代表。思想方面，清談玄學流衍，佛教「格義」之學興起，建構了學術思想史的一個高峰。《世說新語》可說是此一時期最重要的史料與紀錄，對於研究魏晉之文學、思想都有極高的價值。《世說新語》是南朝宋臨川王劉義慶與門客合編，凡三卷，分為三十六門，每一門類皆是表現魏晉士人品質或生活的一個方面。各門綜合而觀，便可勾勒出魏晉一代士人的精神風貌。是故研讀本書，有助於理解中國思想史，文化史，乃至社會史。至於言語雋永，情趣佳妙，則是本書另一大長處。本課程將選讀其中與人物及思想有關的重要篇章，以了解當時的人物逸事、哲學思想，提供研究漢魏六朝學術的參考。,"1、引導學生分析認識魏晉南北朝之歷史環境
2、引導學生研讀思考《世說新語》重要篇章
3、引導學生學習具備玄學及清談之相關知識",無,"30%	

平時考核


30%	

期中作業


40%	

期末報告

本校尚無訂定 A+ 比例上限。
本校採用等第制評定成績，學生成績評量辦法中的百分制分數區間與單科成績對照表僅供參考，授課教師可依等第定義調整分數區間。詳見 學習評量專區。",4 hr
49644,中國文學系,辛棄疾，自號稼軒居士，是忠義奮發、功名慷慨之士，也是南宋詞壇的巨擘，豪放派的代表作家。稼軒詞六百多首，根源於他一生動蕩的身世、鬱勃的懷抱，所以能夠深厚雄闊，蒼渾沉鬱，於剪紅刻翠之外，屹然別立一宗，與蘇軾並稱蘇辛，影響至為深遠。他的成就不盡由於他才大氣雄，學識淵博，更重要的是他所處的時與地。北人南渡，臨事操切的個性與當時江南風氣不合，頗為當路所忌，屢黜屢起，未盡其才，遂形成其詞沉鬱頓挫、欲飛還斂的特色。他所寫的都是個人的壯慨之懷，鬱勃之氣，與夫退居時的閒而不適之情，看似粗豪，實則堅實沉著，豪而不粗。,稼軒詞，或弔古傷時、詠物述懷，或談禪說理、寄情山水，題材相當廣泛；或莊或諧，既婉且豪，風格頗為多變。本課程旨在帶領同學賞讀稼軒詞，兼顧體性與時序、情感與形式等多重詮釋面向，深入體察稼軒的情意世界及其詞的美感特質。,"(一) 修課學生對文學要有興趣，尤其喜歡詩詞，並願意嘗試不同的閱讀和思考方式。
(二) 學生需須切實於課前預習將講授的詞篇，課後閱讀相關論著。
(三) 平常作業需準時繳交，愈時則不予計分。
(四) 切勿隨意遲到、早退及曠課。如需請假，請務必於課前上學校系統登記。請假規定詳見學務處公告：https://advisory.ntu.edu.tw/CMS/Page/44","30%	

 心得寫作


35%	

期中考試


35%	

期末考試


0%	

出席狀況

另須注意：本課程採不定期點名。曠課一次，扣學期總成績三分。曠課三次(含)以上者，本科成績以不及格論。請假達三次者，降學期成績一等第；達四次者，降學期成績二等第；達五次者，本科成績以不及格論。

本校尚無訂定 A+ 比例上限。
本校採用等第制評定成績，學生成績評量辦法中的百分制分數區間與單科成績對照表僅供參考，授課教師可依等第定義調整分數區間。詳見 學習評量專區。",4-6小時
57221,中國文學系,中國歷代圖書文獻的蒐集、典藏，對於學術文化的影響甚為巨大，其中尤其以歷代藏書家的貢獻為多。本課程即是介紹歷代公、私藏書的情形，並分析藏書事業的文化意義，以做為進一步研究古籍版本學、中國目錄學的基礎。,"1、引導學生認識歷代官方藏書之概況。
2、引導學生了解歷代私家藏書的史實。
3、引導學生建立研究書籍文化的基礎。",無,"30%	

平時考核


30%	

期中作業


40%	

期末測驗

本校尚無訂定 A+ 比例上限。
本校採用等第制評定成績，學生成績評量辦法中的百分制分數區間與單科成績對照表僅供參考，授課教師可依等第定義調整分數區間。詳見 學習評量專區。",4 hr
49849,中國文學系國際學生學士班,本課程為中文系國際班學生三年級必修課程。本學期以中國經學基本常識以及十三經概說為主要授課內容。「十三經」為《周易》、《尚書》、《詩經》、《周禮》、《儀禮》、《禮記》、《左傳》、《公羊傳》、《穀梁傳》、《孝經》、《爾雅》、《論語》、《孟子》十三部儒家經典。,"一、能說明「十三經」基本常識。
二、認識「十三經」主要讀本。
三、能分析兩漢經學概況。
四、能解釋課程相關文言文內容。","1. 出席率：根據《國立臺灣大學學則》第四章第三十三至第三十條規定。請假次數一律按照學校系統請假計算。
2. 考試測驗：手寫試卷，不可有任何作弊行為，包括討論、抄襲等，作弊者該試卷以0分計。",,2小時
27802,中國文學系,"本課乃在介紹《老子》的智慧。嘗試闡發老子的人生智慧，而主從符號（名）與自我（身，包含身體）的角度切入探索，瞭解自我在思想、感官和欲望上的問題，以助實踐完滿幸福的人生。

依照《老子》通行本〈道經〉與〈德經〉的編法，分成兩部份進行：
1. 前部份以〈道經〉三十七章為主進行教學，主在由形下而形上、由事而道的進行理解。
2. 後部份以〈德經〉四十四章為主進行教學，主在針對行為操作，由形上而形下、由上德以至於禮的進行理解。
各部份之章節，則以「節點」閱讀法為之。","目標主從文本解讀著手，分為理論與實踐兩方面去認識：
1. 理論方面。包括歷代注解、現代詮釋及同學討論等等。
2. 實踐方面。包括歷史故事、小說及同學事例。","學生當培養基本的思考與反省實事的能力，是以要求如下：
1. 背誦《老子》：隨課背誦《老子》本文。
2. 闡發《老子》：針對《老子》對自己的啟發，自行書寫筆記。","50%	

期中考


50%	

期末考

本校尚無訂定 A+ 比例上限。
本校採用等第制評定成績，學生成績評量辦法中的百分制分數區間與單科成績對照表僅供參考，授課教師可依等第定義調整分數區間。詳見 學習評量專區。",課前一小時，課後一小時
47050,外國語文學系,本課程分為（一）抒情傳統（二）敘事傳統，獨立選修。上學期講授抒情傳統，下學期講授敘事傳統。中國文學大致可以歸納為四種重要的文類：詩歌、散文（含賦體）、小說、戲曲。本課程原應依照文學史課本的編排，隨著歷史的進程逐章講解。但是為了滿足外文系學生對中國文學四大類文學作品的閱讀欣賞，故設計兩大系統進行閱讀。抒情傳統包括詩經、楚辭、漢詩、魏晉詩、南北朝詩、唐詩、宋詞等韻文學。敘事傳統包括唐傳奇、宋話本、明清章回小說、元雜劇、明清傳奇（指戲曲）等敘事文學。在兩大文學傳統中，可以掌握每個時代文學如何各自在抒情與敘事的體系中傳承與開展，由此掌握文學史縱向與橫向的發展軌跡。,在下學期的課程當中，學生必須大量閱讀唐至明清各時代重要的敘事文類作品。經由作品之閱讀，勾勒出中國敘事文學的歷史演變與繼承發展。,"一、修課學生必須準時出席。因故無法出席者，需上網請假，並以三次為限。曠課達三次(含)以上者，無法通過本課程。
二、修課學生需事先完成","20%	

出席與課堂討論 


30%	

閱讀回應

兩篇。每篇1000字。


10%	

觀戲學習單  


10%	

學期報告摘要與口頭報告 


30%	

  學期報告 

至少5000字。

本校尚無訂定 A+ 比例上限。
本校採用等第制評定成績，學生成績評量辦法中的百分制分數區間與單科成績對照表僅供參考，授課教師可依等第定義調整分數區間。詳見 學習評量專區。",2h
21667,,"本課程限定中文系國際學生學士班選修。課程擬探討十九世紀以降臺灣社會與文化蓬勃多元的發展生態。本課程將從三個單元綜觀臺灣文學所涵蓋的族群、歷史、性別、政治、都市等議題，透過對作家和文本世界的發掘，進而認識和想像臺灣。
   「家國歷史與創傷記憶」單元選擇臺灣歷史上動盪記憶與傷痕印記：從大航海時代、日治到戰後臺灣的變遷，突出臺灣文學對歷史變遷與創傷記憶的深沈銘刻，以及在家國意識的徘徊和辯證。
   「族群政治與性別想像」單元透過外省、本省、原住民及新住民等族群議題的文本，揭示文學如何遊走臺灣的不同歷史階段，見證族群意識的變遷和族群政治的衝突與矛盾。另外，1980年以降崛起的性別意識，不但改變了臺灣社會的面貌，也進一步改變了臺灣對兩性關係和性別自覺的寫作，成為認識臺灣文學不能略過的文學風景。
   「都市空間與日常政治」透過飲食、街道連動地方歷史，打開文學進入都市的文化路徑，展現日常的身份敘事和庶民空間。","一、培養學生語文表達與文學知識的掌握能力，加強對現代文學及語文材料的應用與鑑賞。
二、藉由分組討論及上臺報告，訓練學生資料收集、解讀、獨立思考與表述的能力。 
三、透過各類現代中文素材的閱讀和討論，擴大學生對臺灣社會存續的中華與本土文化的認識。",參與分組研讀和討論，進行口頭報告和參加考試,"30%	

期中考

申論題


30%	

期末考 

申論題


40%	

課堂參與與討論

此項評分將曠課情形及課堂表現納入考量

本校尚無訂定 A+ 比例上限。
本校採用等第制評定成績，學生成績評量辦法中的百分制分數區間與單科成績對照表僅供參考，授課教師可依等第定義調整分數區間。詳見 學習評量專區。",2小時
36978,中國文學系,,,,,
16212,中國文學系,,,,,
38063,中國文學系,,,,,
40672,中國文學研究所,,,,,
47541,中國文學研究所,,,,,
49464,中國文學研究所,,,,,
95126,中國文學研究所,,,,,
33011,中國文學研究所,,,,,
26419,中國文學研究所,,,,,
40028,中國文學研究所,,,,,
18818,中國文學研究所,,,,,
28764,中國文學研究所,,,,,
56664,中國文學研究所,,,,,
23220,中國文學研究所,,,,,
13021,中國文學研究所,,,,,
57528,中國文學研究所,,,,,
23625,中國文學研究所,,,,,
35931,中國文學研究所,,,,,
26249,中國文學研究所,,,,,
20745,中國文學研究所,,,,,
27946,中國文學研究所,本課程以主題式討論探察有關宋代文學之重要議題，藉由精讀文本、廣涉相關成果，論辨擇思等步驟，引領學生深究宋代文學於中國文學史之承繼新變處，從而抉發可續加研究之空間。,"1、增進對宋代文學之認識
2、開拓觀看視域之深廣度
3、培養發現問題之洞察力
4、訓練思辨論證之縝密力","1.課前預習指定資料
2.認真參與課堂討論
3.繳交一篇專題報告","60%	

期末報告


5%	

平時成績

1.	出缺席情形
2.	認真程度
3.	額外加分


35%	

課堂討論

1.	預習狀況
2.	發言表現(內容、風度、次數….)

本校尚無訂定 A+ 比例上限。
本校採用等第制評定成績，學生成績評量辦法中的百分制分數區間與單科成績對照表僅供參考，授課教師可依等第定義調整分數區間。詳見 學習評量專區。",6小時
49897,中國文學研究所,,,,,
51039,中國文學研究所,,,,,
58281,土木工程學系 / 工學院院學士學位 / 智慧工程科技全英語學士學位學程,,,,,
54402,土木工程學系,,,,,
47647,土木工程學系,,,,,
55973,土木工程學系,,,,,
39306,土木工程學系,,,,,
50695,土木工程學系 / 工學院院學士學位,,,,,
44864,土木工程學系 / 工學院院學士學位,,,,,
46253,土木工程學系,,,,,
95015,智慧工程科技全英語學士學位學程,,,,,
20119,土木工程學系 / 工學院院學士學位,"本課程為流體力學之基礎課程，重點介紹不可壓縮流體相關之基本理論。課程內容包含流體性質、流體靜力學、流體運動學與流體動力學，以及相關分析方法。課程亦涵蓋流體性質與流速之量測方法。

本課程預計講授之章節如下：
‧ 緒論與流體性質（第 1 章）
‧ 流體靜力學（第 2 章）
‧ 基礎流體動力學（第 3 章）
‧ 流體運動學（第 4 章）
‧ 控制體積（第 5 章）
‧ 微分分析（第 6 章）
‧ 相似性與因次分析（第 7 章）
‧ 層流與紊流（第 8 章）

本課程為 EMI（英語授課）課程。","修習本課程後，學生應能：
‧ 辨識並說明日常生活中各種流動現象背後之基本流體力學原理
‧ 計算靜止流體與流動流體所產生之力與力矩，並應用於各類實務工程問題
‧ 解析與詮釋於現地或實驗室中量測之資料（如流速與壓力）背後之物理意義",Engineering Math.,"30%	

期中考


30%	

期末考


15%	

課程參與（討論與習作）


15%	

課前預習


10%	

出席率

本校尚無訂定 A+ 比例上限。
本校採用等第制評定成績，學生成績評量辦法中的百分制分數區間與單科成績對照表僅供參考，授課教師可依等第定義調整分數區間。詳見 學習評量專區。",6小時
21125,土木工程學系,,,,,
34920,土木工程學系,,,,"20%	

作業


40%	

期中考


40%	

期末考

本校尚無訂定 A+ 比例上限。
本校採用等第制評定成績，學生成績評量辦法中的百分制分數區間與單科成績對照表僅供參考，授課教師可依等第定義調整分數區間。詳見 學習評量專區。",
42172,土木工程學系,,,,,
33278,土木工程學系,,,,,
20573,,,,,,
35107,土木工程學系,,,,,
38119,土木工程學系,,,,,
53061,土木工程學系,,,,,
10357,土木工程學系,,,,,
26644,土木工程學系,,,,,
48837,土木工程學系,,,,,
24825,土木工程學系,,,,,
52070,土木工程學系,,,,,
42596,土木工程學系,,,,,
39418,土木工程學系,,,,,
30757,土木工程學系,,,,,
41435,土木工程學系,,,,,
29415,土木工程學系,,,,,
17899,土木工程學系,,,,,
55297,土木工程學系,,,,,
52528,土木工程學系,,,,,
20487,大地工程組,,,,,
95032,土木工程學系 / 交通工程組,,,,,
59247,土木工程學系,介紹岩石邊坡特性、穩定影響因素、分析方法，以及邊坡保護工法。課程內容含有理論介紹、案例說明、練習以及野外教學。,使學生對岩石邊坡工程之調查、分析、設計、施工、監測及維護等之理論與應用，有一貫性之瞭解。,,"25%	

課堂練習及作業(含課堂參與)


15%	

野外教學心得報告


15%	

小組進度報告


20%	

小組期中報告


25%	

小組期末報告

本校尚無訂定 A+ 比例上限。
本校採用等第制評定成績，學生成績評量辦法中的百分制分數區間與單科成績對照表僅供參考，授課教師可依等第定義調整分數區間。詳見 學習評量專區。",
39613,土木工程學系 / 交通工程組,,,,,
59800,大地工程組,,,,,
17712,土木工程學系 / 工學院院學士學位 / 電腦輔助工程組,,,,,
20956,水利工程組,,,,,
10060,交通工程組,,,,,
52823,結構工程組,,,,,
16114,營建工程與管理組,,,,,
57429,電腦輔助工程組,,,,,
25162,土木工程學研究所,,,,,
42998,營建工程與管理組,,,,,
34763,營建工程與管理組,,,,,
49151,營建工程與管理組,,,,,
13045,結構工程組,,,,,
53582,水利工程組,,,,,
11636,水利工程組,,,,,
59027,土木工程學研究所,,,,,
19265,大地工程組,,,,,
27429,大地工程組 / 測量及空間資訊組 / 營建工程與管理組 / 電腦輔助工程組 / 交通工程組 / 水利工程組 / 結構工程組,,,,,
20188,水利工程組,,,,,
14636,醫學檢驗暨生物技術學系,,,,,
95107,醫學檢驗暨生物技術學系,,,,,
32258,,,,,,
30410,醫學檢驗暨生物技術學系 / 醫學檢驗暨生物技術學研究所,本課程提供醫技系大學部4年級或研究所學生修習。修課學生將分組加入本校醫學系四年級病理藥理小組討論課程參與討論。,本課程提供一個醫技系學生與醫學系學生跨科系討論平台，主要目標是讓醫技系學生深入了解檢驗醫學對病人整體醫療照顧上的應用價值，學習與醫學不同專業領域的溝通能力，同時在討論中提供本系專業知識，以激發更為深層的討論。,醫技系四年級學生及研究所所生,,
42305,醫學檢驗暨生物技術學研究所,,,,,
13179,醫學檢驗暨生物技術學研究所,,,,,
29047,臨床醫學研究所 臨床試驗組,自112學年起為必修課程，需修滿四學期。限本系所學生(含輔系、雙修生)。,碩士在職專班臨床試驗組學生必修，畢業前須通過四次論文進度報告。,"碩二：參與3月舉辦之春季論文進度報告
碩一：繳交指導教授核准之論文進度報告",,2小時
47356,電機工程學研究所 / 生醫電子與資訊學研究所 / 電子工程學研究所,,,,,
28797,電信工程學研究所,,,,,
39375,電信工程學研究所,,,,,
32001,電信工程學研究所,,,,,
44919,電信工程學研究所,,,,,
49357,電信工程學研究所,,,,,
52123,電信工程學研究所,,,,,
26364,電信工程學研究所,,,,,
48642,電信工程學研究所,,,,,
35717,電信工程學研究所,,,,,
25835,電信工程學研究所,,,,,
33908,電信工程學研究所,,,,,
58761,電信工程學研究所,,,,,
43127,電信工程學研究所,,,,,
56218,電信工程學研究所,,,,,
48768,電信工程學研究所,,,,,
59787,電信工程學研究所,,,,,
13356,電信工程學研究所,,,,,
56302,電信工程學研究所,,,,,
42039,電信工程學研究所,,,,,
39742,電信工程學研究所,,,,,
20815,電信工程學研究所,,,,,
45348,電信工程學研究所,,,,,
35223,電信工程學研究所,,,,,
18380,電信工程學研究所,,,,,
10223,電信工程學研究所,,,,,
49289,電信工程學研究所,,,,,
17879,電信工程學研究所,,,,,
50452,電信工程學研究所,,,,,
29420,電信工程學研究所,,,,,
47723,電信工程學研究所,,,,,
34288,電信工程學研究所,,,,,
35309,電信工程學研究所,,,,,
46593,電信工程學研究所,,,,,
57344,電信工程學研究所,,,,,
22355,電信工程學研究所,,,,,
10913,電信工程學研究所,,,,,
29894,電信工程學研究所,,,,,
11051,電信工程學研究所,,,,,
21877,電信工程學研究所,,,,,
27217,電信工程學研究所,,,,,
56105,電信工程學研究所,,,,,
31362,電信工程學研究所,,,,,
26990,電機工程學研究所 / 電信工程學研究所,"This course addresses privacy-preserving techniques in machine learning, including, Differential privacy techniques, Privacy for frequency or mean estimation, Naive Bayes classifier, and deep learning, Compressive privacy for machine learning, Privacy-preserving synthetic data generation approaches and Privacy-enhancing technologies for data mining and database applications.","Understanding of basic issues, concepts, principles, and mechanisms in privacy-preserving techniques in machine learning. Be able to determine appropriate mechanisms to protect privacy in various machine learning algorithms. Understanding of the latest research results in privacy preservation techniques.","Grading
Homework Assignments 20% 
Quiz 10%
Two Exams 40% 
Projects 30%
Course content
1.	Privacy considerations in Machine learning
2.	Differential Privacy for Machine learning
3.	Local Differential Privacy for Machine learning 
4.	Privacy-preserving Synthetic Data Generation
5.	Privacy-preserving Data Mining and Management Techniques
6.	Compressive Privacy for Machine learning
7.	Putting It All Together: Designing a Privacy-enhanced Platform for Research Data Protection and Sharing (DataHub)",,3 hours
40694,電信工程學研究所,,,,,
36968,電信工程學研究所,,,,,
24030,電信工程學研究所,,,,,
13153,電信工程學研究所,,,,,
47934,電信工程學研究所,,,,,
34781,電信工程學研究所,,,,,
43225,電信工程學研究所,,,,,
23587,電信工程學研究所,,,,,
27423,電信工程學研究所,,,,,
58984,電信工程學研究所,,,,,
58618,電信工程學研究所,,,,,
42962,電信工程學研究所,,,,,
39435,電信工程學研究所,,,,,
17785,電信工程學研究所,,,,,
52121,電信工程學研究所,,,,,
47575,電信工程學研究所,,,,,
27328,電信工程學研究所,,,,,
15453,電信工程學研究所,,,,,
53235,電信工程學研究所,,,,,
18754,電信工程學研究所,,,,,
54651,電信工程學研究所,,,,,
48744,電信工程學研究所,,,,,
15030,電信工程學研究所,,,,,
24077,電信工程學研究所,,,,,
26509,電信工程學研究所,,,,,
32756,電信工程學研究所,,,,,
30995,電信工程學研究所,,,,,
14785,電信工程學研究所,,,,,
35659,電信工程學研究所,,,,,
46239,電信工程學研究所,,,,,
22443,電信工程學研究所,,,,,
38963,電信工程學研究所,,,,,
26594,電信工程學研究所,,,,,
18020,電信工程學研究所,,,,,
21455,電信工程學研究所,,,,,
24286,電信工程學研究所,,,,,
35742,電信工程學研究所,,,,,
39000,電信工程學研究所,,,,,
32297,電信工程學研究所,,,,,
95076,社會科學院,"本課程主要在配合本校「堉璘臺大人才培育計畫」而開設。本校與堉璘基金會合作辦理人才培育計畫，已進入第九屆。堉璘基金會投入相當高額的經費，由本校設計多階段的人才培育規畫。本屆計畫由本校社科院負責規劃與執行。為使參與本計畫之學員有更完整之學習經驗，以及充分之出國研習準備，特開設此課程。同時，本課程亦將適度開放給非參與「堉璘臺大人才培育計畫」之學生，讓更多對本課程有興趣之學生都能參與學習。
本課程的內容，主要分為方案管理與評估、社會服務相關議題、以及個人實踐與成長等三大面向。同時，因修課學生將來自不同學院與學系，為避免修課學生衝堂的問題，本課程將採週末上課之方式，分八週進行，均為週六下午時段上課。","1.	修課學生能瞭解如何對服務方案做行銷及系統性的方案評估，並對自身設計之公益方案設計可行的評估方式
2.	修課學生能瞭解非營利組織推行公益服務之相關重要議題，包含組織溝通、文化敏感度、歧視與微歧視等
3.	修課學生更清楚參與國外公益服務對自我效能與自我實現之意義","1.	需實體參與每次課程，並準備兩次書面報告與口頭分享（主題分別為「方案行銷與資源勸募規畫」及「方案評估構想」）
2.	需對其他同學之課堂報告給予回饋","50%	

課堂參與

修課同學需實體參與課程，並踴躍參與課堂討論


50%	

書面報告與口頭分享

本學期將由同學進行2次主題分享，每次分享之書面報告與口頭報告均列為評分範圍

本校尚無訂定 A+ 比例上限。
本校採用等第制評定成績，學生成績評量辦法中的百分制分數區間與單科成績對照表僅供參考，授課教師可依等第定義調整分數區間。詳見 學習評量專區。",3/3
14016,,,,,,
95055,資訊工程學系,,,,,
95056,資訊工程學系,,,,,
95057,資訊工程學系,,,,,
95058,資訊工程學系,,,,,
95059,資訊工程學系,,,,,
95060,資訊工程學系,,,,,
95061,資訊工程學系,,,,,
95062,資訊工程學系,,,,,
95063,資訊工程學系,,,,,
95064,資訊工程學系,,,,,
37153,資訊工程學系,,,,,
12924,資訊工程學系,,,,,
29193,資訊工程學系,,,,,
45188,資訊工程學系,,,,,
54739,資訊工程學系,,,,,
48246,資訊工程學系,,,,,
52970,資訊工程學系,,,,,
35853,資訊工程學系,,,,,
51317,資訊工程學系,,,,,
43238,資訊工程學系,,,,,
14612,,,,,,
38122,資訊工程學系,,,,,
37483,資訊工程學系,,,,,
21097,資訊工程學系,,,,,
29251,資訊工程學系,,,,,
14987,資訊工程學系,,,,,
30901,資訊工程學系,,,,,
27815,資訊工程學系,,,,,
22157,資訊工程學系,,,,,
38782,資訊工程學系,,,,,
58945,資訊工程學系,,,,,
17863,資訊工程學系,,,,,
42735,資訊工程學系,,,,,
29182,資訊工程學系,,,,,
51222,資訊工程學系,,,,,
23497,資訊工程學系,,,,,
38076,資訊工程學系,,,,,
55942,資訊工程學系,,,,,
23991,資訊工程學系,,,,,
35224,資訊工程學系,,,,,
31542,資訊工程學系,,,,,
10848,資訊工程學系 / 資訊網路與多媒體研究所 / 資訊工程學研究所,,,,,
48414,資訊工程學系 / 資訊網路與多媒體研究所 / 資訊工程學研究所,"We (including you) will introduce the design principles or realization practice of distributed systems in distributed OS, middlewares, distributed file systems, applications including blockchain, or even metaverse. By new consensus technologies, distributed systems can be operated as a single coherent synchronized system. Welcome those who would like to discuss, learn, and practice more in realization of (y/our) new features on distributed systems.","* Understand basic concepts of distributed systems.
* Understand how to design and realize new features of distributed systems.
* Lecuring wth dicssion and student presentation.

Course Outline
* Introduction
　Design Goals
　Characterization of Distributed Systems
* Communication
　Networking and Internetworking
　Interprocess Communication
* Distributed Operating Systems
　Scheduling
　Case Studies
* Distributed File Systems
　Model, Name Services
　Case Studies
* Distributed Synchronization
　Timing and Coordination
　Concurrency Control
* Distributed Transactions
　Shared Data
　DeadLocks
* Distributed Shared Memory
* Replication, Recovery and Fault Tolerance
* Security","* Prerequisite: OS but not necessary.
* Basic understanding of distributed systems.
* Active participation in class.
* Add more requests in Lecture Notes if any.","100%	

Please refer to course main page.

本校尚無訂定 A+ 比例上限。
本校採用等第制評定成績，學生成績評量辦法中的百分制分數區間與單科成績對照表僅供參考，授課教師可依等第定義調整分數區間。詳見 學習評量專區。",2-8 hours.
18420,資訊工程學系 / 資訊網路與多媒體研究所 / 資訊工程學研究所,,,,,
41472,資訊工程學系 / 資訊網路與多媒體研究所 / 資訊工程學研究所,,,,,
59419,資訊工程學系 / 資訊網路與多媒體研究所 / 資訊工程學研究所,,,,,
32945,資訊工程學系 / 資訊網路與多媒體研究所 / 資訊工程學研究所,,,,,
29767,資訊工程學研究所,,,,,
20880,資訊工程學研究所,,,,,
27042,資訊工程學系 / 資訊網路與多媒體研究所 / 資訊工程學研究所,,,,,
59784,資訊工程學系 / 資訊網路與多媒體研究所 / 資訊工程學研究所,,,,,
26131,資訊工程學研究所,,,,,
12317,資訊工程學研究所,,,,,
31065,資訊工程學研究所,,,,,
25706,資訊工程學研究所,,,,,
52303,資訊工程學研究所,,,,,
19785,資訊工程學研究所,,,,,
25013,資訊工程學研究所,,,,,
53626,資訊工程學研究所,,,,,
10111,資訊工程學研究所,,,,,
29822,資訊工程學研究所,,,,,
11362,,,,,,
32726,資訊工程學研究所,,,,,
28024,資訊工程學研究所,,,,,
54912,資訊工程學研究所,,,,,
10433,資訊工程學研究所,,,,,
18235,資訊工程學研究所,,,,,
18227,資訊工程學研究所,,,,,
27285,資訊工程學研究所,,,,,
10088,資訊工程學研究所,,,,,
11556,資訊工程學研究所,,,,,
17517,資訊工程學研究所,,,,,
31994,資訊工程學研究所,,,,,
51550,資訊工程學研究所,,,,,
20958,資訊工程學研究所,,,,,
26133,資訊工程學研究所,,,,,
58970,資訊工程學研究所,,,,,
22833,資訊工程學研究所,,,,,
28910,資訊工程學研究所,,,,,
33993,資訊工程學研究所,,,,,
21324,資訊工程學研究所,,,,,
22699,資訊工程學研究所,,,,,
26277,資訊工程學研究所,,,,,
52654,資訊工程學研究所,,,,,
46851,資訊工程學研究所,,,,,
34594,資訊工程學研究所,,,,,
45783,資訊工程學研究所,,,,,
35207,資訊工程學研究所,,,,,
52542,資訊工程學研究所,,,,,
24922,資訊工程學研究所,,,,,
35711,資訊工程學研究所,,,,,
20418,資訊工程學研究所,,,,,
15523,資訊工程學研究所,,,,,
25107,資訊工程學研究所,,,,,
29798,資訊工程學研究所,,,,,
54600,資訊工程學研究所,"自動光學檢測 (AOI: Automatic Optical Inspection) 
電腦視覺 (Computer Vision) 
數位影像處理 (Digital Image Processing) 
數位相機 (Digital Camera)","1. Color Interpolation (Bayer Pattern) 
2. Auto Exposure (Shutter Speed, Aperture Diameter, Gain) 
3. Auto Focus (High Frequency Component, Passive, Active) 
4. Auto White Balance (Incandescent Light, Fluorescent Light) 
5. Color Calibration (xRite ColorChecker) 
6. Color Management (Original, LCD, Projector, Laser Printer) 
7. Defect Inspection (Automatic Optical Inspection) 
8. Surveillance Camera 
9. Big Data Partitioning for Cloud Computing 
10. AI: Artificial Intelligence 
11. Chatbot 
12. Deep Learning",待補,,
23380,資訊工程學研究所,,,,,
37772,資訊工程學研究所,,,,,
13196,資訊工程學研究所,,,,,
42201,資訊工程學研究所,,,,,
30125,資訊工程學研究所,,,,,
42533,資訊工程學研究所,,,,,
23344,資訊工程學研究所,,,,,
23419,資訊工程學研究所,,,,,
40269,資訊工程學研究所,,,,,
32688,資訊工程學研究所,,,,,
13176,資訊工程學研究所,,,,,
39123,資訊工程學研究所,,,,,
41328,資訊工程學研究所,,,,,
14959,資訊工程學研究所,,,,,
32307,資訊工程學研究所,,,,,
31418,資訊工程學研究所,,,,,
39897,資訊工程學研究所,,,,,
51171,資訊工程學研究所,,,,,
34336,資訊工程學研究所,,,,,
16883,資訊工程學研究所,,,,,
35263,資訊工程學研究所,,,,,
27678,資訊工程學研究所,,,,,
15604,資訊工程學研究所,,,,,
29955,資訊工程學研究所,,,,,
26142,資料科學碩士學位學程,,,,,
58020,資料科學碩士學位學程,,,,,
55115,資料科學碩士學位學程,,,,,
18484,資料科學碩士學位學程,,,,,
53718,資料科學碩士學位學程,,,,,
56629,資料科學碩士學位學程,,,,,
49390,資料科學碩士學位學程,,,,,
52724,資料科學碩士學位學程,,,,,
57281,資料科學碩士學位學程,,,,,
56175,資料科學碩士學位學程,,,,,
31660,資料科學碩士學位學程,,,,,
55280,資料科學碩士學位學程,,,,,
45148,資料科學碩士學位學程,,,,,
45374,資料科學碩士學位學程,,,,,
38940,資料科學碩士學位學程,,,,,
58435,資料科學碩士學位學程,,,,,
15810,資料科學碩士學位學程,,,,,
11254,資料科學碩士學位學程,,,,,
55148,資料科學碩士學位學程,,,,,
37133,資料科學碩士學位學程,,,,,
11507,資料科學碩士學位學程,,,,,
10892,資料科學碩士學位學程,,,,,
23448,資料科學碩士學位學程,,,,,
43004,醫學工程學系,"上課教室依各週課表所列地點。
讓授課學生認識醫學工程領域發展之現況與未來趨勢
課程評分方式 
1.	每堂上課點名，曠課一次扣總分5分，請假至多2次。 請假需事先繳交請假單 (請見課表附件一)，假單請繳交至永齡館513室或MAIL至suchiu@ntu.edu.tw。若請假超過2次，每次扣總分1分。 
2.	點名須在教室內完成，課後不可補點，抽點不到者視同曠課。代點名者視同偽造文書，當事人雙方本科目以不及格計算，並逕送教規會懲處。 
3.	依授課教師教案完成課前預習，學期成績由完成15次醫工實驗指定作業所得評分計算。",讓授課學生認識醫學工程領域發展之現況與未來趨勢，認識學系之課程內容。由每個實驗室教師設計一個簡單醫工實驗（實驗教案及報告格式，內容包含實驗題目、內容概述及評分說明），學生每週至各實驗室進行實驗並完成教師指定之作業。,由每個實驗室教師設計一個簡單醫工實驗（實驗教案及報告格式，內容包含實驗題目、內容概述及評分說明），學生每週至各實驗室進行實驗並完成教師指定之作業。,,30分鐘/1小時
37829,,,,,,
19619,醫學工程學系,,,,,
28410,醫學工程學系,,,,,
28768,醫學工程學系,,,,,
36785,醫學工程學系,,,,,
54820,醫學工程學系,,,,,
13000,醫學工程學系,,,,,
51794,醫學工程學系,,,,,
39838,醫學工程學系,,,,,
28066,醫學工程學系,,,,,
41523,醫學工程學系,,,,,
35043,醫學工程學系,,,,,
48234,醫學工程學系,,,,,
55938,醫學工程學系,,,,,
46912,醫學工程學系,,,,,
56270,醫學工程學系,,,,,
41009,醫學工程學系,,,,,
32842,醫學工程學系 / 醫學工程學研究所,,,,,
30576,醫學工程學系 / 醫學工程學研究所,,,,,
58345,醫學工程學系 / 醫學工程學研究所,,,,,
56714,醫學工程學系 / 醫學工程學研究所,,,,,
47994,醫學工程學研究所,,,,,
36948,醫學工程學研究所,,,,,
14445,醫學工程學研究所,,,,,
54412,,本課程安排學生實際參與並完成指定之專題，從過程中驗證理論，學習醫用機器學習與人工智慧的研究方法。,使學生具備機器學習與人工智慧的醫學應用實作經驗。,"1. 碩、博士班學生，並經授課教師同意。
2. 網路初選不開放，以授權碼加選。",,
24990,醫學工程學研究所,,,,,
37296,,,,,,
41176,醫學工程學研究所,,,,,
28626,醫學工程學研究所,,,,,
52576,醫學工程學研究所,,,,,
35588,醫學工程學研究所,,,,,
53916,醫學工程學研究所,,,,,
27833,醫學工程學研究所,,,,,
15536,醫學工程學研究所,,,,,
44314,醫學工程學研究所,,,,,
21478,醫學工程學研究所,,,,,
59440,醫學工程學研究所,,,,,
45163,醫學工程學研究所,,,,,
10679,醫學工程學研究所,,,,,
57091,牙醫學系,,,,,
46291,牙醫學系,,,,,
15595,牙醫學系,"一、台大牙科部口腔病理暨診斷科每年為新任實習醫學生舉辦實習前指導課程共計八小時：（參見本科編製「口腔診斷臨床實習須知」）
課程內容包括：
(一)牙科臨床禮儀及舉止
(二)台大牙科臨床口腔診斷、各科照會流程
(三)臨床口腔檢查技巧
(四)病歷記載
二、以牙醫系五年級學生為本科臨床教學對象，每位實習醫學生在本科均係實際接觸台大牙科部口腔診斷暨病理科病患並依照前述所學為病患完成口腔檢查及診斷。其中步驟包括：叫號、確認、詢問病史、臨床檢查、病歷記載、臨床診斷、指導醫師複查、建立診斷與治療計劃、病人教育與溝通、完成電腦指令處理與轉送台大牙科部其他各部門。",使學生具備基本問診，臨床口腔檢查及病歷記載能力。,"1. 每個病患皆需完成基本問診，臨床口腔檢查及病歷記載。
2. 學期末將以兩個教學病歷評分。
3. 初診病歷數，問診病歷記載品質及跟診態度為加扣分的依據。",,
45469,牙醫學系,,,,,
34002,牙醫學系,,,,,
11846,全球衛生博士學位學程,,,,,
23468,全球衛生博士學位學程,,,,,
59525,元件材料與異質整合碩士學位學程,,,,,
58821,元件材料與異質整合碩士學位學程,,,,,
26409,元件材料與異質整合碩士學位學程,,,,,
37030,元件材料與異質整合碩士學位學程,,,,,
58714,元件材料與異質整合碩士學位學程,,,,,
17174,元件材料與異質整合碩士學位學程,,,,,
33190,元件材料與異質整合碩士學位學程,,,,,
40081,元件材料與異質整合碩士學位學程,,,,,
16346,元件材料與異質整合碩士學位學程,,,,,
27915,元件材料與異質整合碩士學位學程,,,,,
11683,元件材料與異質整合碩士學位學程,,,,,
37114,元件材料與異質整合碩士學位學程,,,,,
38250,元件材料與異質整合碩士學位學程,,,,,
20462,元件材料與異質整合碩士學位學程,,,,,
49244,元件材料與異質整合碩士學位學程,,,,,
40769,元件材料與異質整合碩士學位學程,,,,,
56502,元件材料與異質整合碩士學位學程,,,,,
17506,元件材料與異質整合碩士學位學程,,,,,
40183,元件材料與異質整合博士學位學程,,,,,
45445,元件材料與異質整合博士學位學程,,,,,
35194,元件材料與異質整合博士學位學程,,,,,
44936,元件材料與異質整合博士學位學程,,,,,
17580,元件材料與異質整合博士學位學程,,,,,
40728,元件材料與異質整合博士學位學程,,,,,
48186,元件材料與異質整合博士學位學程,,,,,
52394,元件材料與異質整合博士學位學程,,,,,
12027,元件材料與異質整合博士學位學程,,,,,
48425,元件材料與異質整合博士學位學程,,,,,
54151,元件材料與異質整合博士學位學程,,,,,
40213,元件材料與異質整合博士學位學程,,,,,
23999,經濟學系,,,,,
18217,經濟學系,,,,,
20567,經濟學系,,,,,
54808,經濟學系,,,,,
35314,經濟學系,,,,,
21715,經濟學系,,,,,
32975,經濟學系,,,,,
26524,,,,,,
54747,,,,,,
46838,,,,,,
18731,,,,,,
27066,經濟學系 / 社會科學院院學士學位,,,,,
13205,,,,,,
46920,經濟學系,,,,,
26543,經濟學系,,,,,
19112,經濟學系,,,,,
39372,經濟學系,,,,,
43135,經濟學系 / 經濟學研究所,,,,,
39141,經濟學系 / 社會科學院院學士學位 / 經濟學研究所,待補,"1.	Generalized Least Squares (GLS)
(1)	Autocorrelation : 
Gujarati: Chapter 12; 
Johnston and DiNardo, Chapter 6,
Greene: Chapter 12.)
(2)	Heteroscedasticity: 
Gujarati: Chapter 11,
                Johnston and DiNardo, Chapter 6,
                Greene: Chapter 11)
(3)	Panel data: Random Effect Model:
  Gujarati: Chapter 16,
  Johnston and DiNardo, Chapter 13,
  Greene: Chapter 13.
(4)	Seemingly Unrelated Regression (SURE)
  Johnston and DiNardo, Chapter 9 (Appendix 9.1)

2.	Autoregressive and Distributed-Lag Models 		  
Gujarati: Chapter 17
Wooldridge: Chapter 18,
Greene: Chapter 19.

3.	Time Series Econometrics: Stationary and Nonstationary time series data		

Gujarati: Chapter 21, 
Wooldridge: Chapter 10-11,
Greene: Chapter 20.

4.	Simultaneous Equation Models, Instrumental Variable Method, Identification Condition: Rank and Order conditions

Gujarati: Chapter 18-20,
Wooldridge: Chapter 15-16,
Stock and Watson: Chapter 10,
Greene: Chapter 15.

5.	Maximum Likelihood Method, Likelihood Ratio, Wald and LM tests
Johnston and DiNardo, Chapter 5

6.	Nonlinear Regression Models					  
Gujarati: Chapter 14,
Maddala: Chapter 2,
Greene: Chapter 9.

7.	Discrete Choice Model: 
Linear Probability model, Logit, Probit, Multinominal Logit, Conditional Logit Model, Ordered Probit, Possion model.

Gujarati: Chapter 15,
Wooldridge: Chapter 17, 
Maddala: Chapter 2-3, 
Greene: Chapter 21

8.		Limited Dependent Variable Model: 
Censored and Truncated Models, Sample selection model, Endogenous Switching model.

Gujarati: Chapter 15, 
Wooldridge: Chapter 17, 
Maddala: Chapter 6,
Johnston and Dinardo, Chapter 12,
Greene: Chapter 22.

9.	Meta Regression
Stanley and Jarrell (1989), “Meta-Regression Analysis: A Quantitative Method of Literature Survey,” J. of Economic Surveys, 3(2),161-170.

Viscusi and Aldy (2003), “The Value of a Statistical Life: A Critical Review of Market Estimates Throughout the World,” J. of Risk and Uncertainty, 27(1), 5-76.
Smith and Huang (1995), “Can Market Value Air Quality? A Meta-Analysis of Hedonic Property Value Models,” J. of Political Economy, 103(1), 209-227.

10.	Quantile Regression
Ani Katchova, Econometrics Academy: Quantile Regression
Angrist and Pischke, Ch. 7

11.	Survival Model
  Ani Katchova, Econometrics Academy: Survival Analysis


12.	Causal Effect Models: 
Instrumental Variable Method (IV), Difference-in-Differences (DiD), Regression Discontinuity Design (RD).

Angrist and Pischke (2009). Ch. 4-6

A.	 Matthew Alan Masten, Duke University, Duke Mod. U
           (Causal Inference Bootcamp)
          Introduction, Experiments, Regression and Causality
          IV, Panel data, RD, Modeling, and Conclusion
B.	 Richard Gallenstein: (Youtube) 
    Ch. 10 Randomization
   Ch. 11 Propensity score matching
   Ch. 12 Natural Experiment and IV
   Ch. 13 Panel data
  Ch. 14 Difference-in-Differences
  Ch. 15 Regression Discontinuity","平時作業   （20％）
期中考       （30％），Open Book Test 
期末考       （30％），Open Book Test 
學期實証報告  (25%),  Empirical research paper (Team members: 1-2人)
           3/6 : Term paper topic, check data first.
           3/27 : Literature Survey ( at least 5 pages)           
           5/1: Empirical Model, Basic Statistics, Results
           6/13: 12:00 noon, 完整報告紙本交至
經濟系辦公室 三樓系上 Jin-Tan Liu的信箱.",,
20710,經濟學系 / 經濟學研究所,,,,,
48519,經濟學系 / 經濟學研究所,,,,,
12324,經濟學系 / 經濟學研究所,,,,,
49266,經濟學系 / 經濟學研究所,,,,,
23388,經濟學研究所,,,,,
43429,經濟學研究所,,,,,
54275,經濟學系 / 經濟學研究所,,,,,
49615,經濟學研究所,"In this course, I will introduce theoretical and empirical analysis of social networks. Reflected by the rapidly growing number of network studies in different economic fields, such as in labor, health, development, international, and financial economics, social (or economic) networks have now become attractive and must-know subjects for graduate students in economics, particularly when data become widely available in this big data era.   
 
We will begin this course by learning the characterization of networks. Then we will visit the theoretical literature on games on networks. Next, we will discuss various empirical approaches for network data, including network sampling, community (cluster) detection, modeling network (spillover) effects, network formation, etc. Before the end of this course, we will discuss policy implications from a few classic network studies.","After completing this course, students should be:
1.	Acquainted with basic terminologies in social and economic network analysis.
2.	Familiar with the theoretical development of network games
3.	Able to perform econometric regressions on network data and provide economic interpretations.
4.	Able to use software R to collect data and conduct network analysis.",,,
34516,經濟學研究所,,,,,
59359,經濟學研究所,,,,,
39499,經濟學研究所,,,,,
11945,經濟學研究所,,,,,
17924,經濟學研究所,,,,,
31789,經濟學研究所,,,,,
30118,經濟學研究所,,,,,
34206,經濟學研究所,,,,,
27115,經濟學研究所,,,,,
29754,經濟學研究所,,,,,
18858,經濟學研究所,The primary goal of this course is to familiarize students with econometric analysis of cross session and panel data.,"After briefly discussing non-parametric identification issues, we will introduce the general results of M-estimation. Then we will focus on two commonly used estimation approaches in general nonlinear models: Maximum Likelihood Estimation (MLE) and Generalized Method of Moments (GMM). These methods are commonly applied in structural estimation of empirical research.","There is no formal prerequisite. However, you are expected to have known the basic asymptotic theories, such as the Law of Large Numbers and the Central Limit Theorem.

Grades will be determined by problem sets (20%) and a final exam (80%). 

Please read the syllabus for details:  
https://homepage.ntu.edu.tw/~chingihuang/teaching/Metrics2026/index.htm",,3-5 hours
43827,經濟學研究所,"This course will cover concepts and methods that are widely used in contemporary econometrics.  Basic panel data models and limited dependent variables models are covered.  The focus of the course will be on both theoretical methods and empirical practices.  Familiarity with probability, statistics and basic linear algebra is assumed.",The intention of the course is to provide a foundation for applied research in economics and finance.,待補,,
54002,經濟學研究所,,,,,
29803,中等學校教育學程,"一、時間：週五下午13:20-15:30
二、地點：新聞所302教室（四次教高中生皆至和平高中上課）
三、緣起與目的：108新課綱強調（跨）領域/科目統整，本課程配合新課綱旨在培養師資生設計跨領域/群科/科目課程、教學及評量，並實際為和平高中學生開設微課程，以應用所學。
四、","（一）依據課程綱要/大綱、課程理論及教學原理，以規劃素養導向課程、教學及評量。
（二）依據課程綱要/大綱、課程理論及教學原理，以協同發展跨領域/群科/科目課程、教學及評量。
（三）探究與實作。
五、教學方法：以新課綱為核心，從中學生最欠缺的素養切入，以十九項議題相關的現象為素材，設計現象本位學習的課程，並引導中學生從現象中找出自己有興趣的問題，進行探究。
課程目標
（一）依據課程綱要/大綱、課程理論及教學原理，以規劃素養導向課程、教學及評量。
（二）依據課程綱要/大綱、課程理論及教學原理，以協同發展跨領域/群科/科目課程、教學及評量。
（三）探究與實作。",,"20%	

平時表現


30%	

探究成果報告


50%	

微課程設計、教學與實踐成果報告

本校尚無訂定 A+ 比例上限。
本校採用等第制評定成績，學生成績評量辦法中的百分制分數區間與單科成績對照表僅供參考，授課教師可依等第定義調整分數區間。詳見 學習評量專區。",3-4小時
43182,中等學校教育學程,"【警語：務必第一週課程說明時至班上進行修課生篩選，請考量通勤到永平高中時間是否能全勤。篩選12位同學順位如下：(a) 大六或碩四優先、(b)修畢「分科教學實習」、(c)修畢「分科教材教法」、(d)本學期同時正在修習「教材教法、教學實習」、(e)已修畢「課發」或「教原」、(f)同資格者抽籤決定】

本課程單週於「台大師培中心」進行共備、雙週於「永平高中」進行微課程教學（8-9次，週三下午1:15-3:15），請欲修此課同學確保週三下午此段時間能通勤至永和進行教學。

本課程為實踐課，目的是讓師資生提早進入中學現場。此高中端微課程為期九週，課程主題為「媒體識讀：人文與自然的思辨與探究 」（媒體識讀＋探究與實作的概念），歡迎來自不同學科的師資生修習。將以「假訊息」為各組課程設計目標，以假訊息為起點，帶給高中生們對於人文或科學識讀的思辨與理解。例如，網傳生酮飲食的好處，然而真的對人體有益嗎？亦或大家都說徐志摩是渣男、韓愈死於花柳病、大麻應該除罪化，這是真的嗎？

師資生們過程中透過高中生日常接觸到的謠言、迷思、偽知識、學科懸案、內容農場等資訊，每組設計兩週之完整課程，並且於高中端實習。單週於臺大則進行「預試教」以演練下週高中端的教學內容，其他組同學可以給予回饋。","1. 銜接大學端與中學端教育現場
2. 幫助師資生瞭解與增加中學教學經驗
3.師資生瞭解中學生學習情況與學校生活
4. 從媒體中發現假訊息，以人文或科學識讀的視角，藉由探究的教學方式增進中學生思辨素養
5. 增進中學生對於媒體識讀與探究式學習的認識","務必「單週台大共備日」與「雙週高中端教學」全程到課，否則切勿修習。
請確認每週三下午1:15-3:15能通勤永和，不會於本課程要求早退。
若高中端微課程結束時，台大仍已開始放寒暑假，仍須至高中端完成最後一堂微課程。","30%	

課堂參與

永平高中微課程教學非不可抗力因素不得請假


30%	

觀課心得與回饋

觀其他小組教學完，上傳回饋單於共享資料夾（每人給予教學小組至少一次觀課回饋）


40%	

教案設計與實施

各組教案撰寫連同ppt與學期單上傳共享資料夾

本校尚無訂定 A+ 比例上限。
本校採用等第制評定成績，學生成績評量辦法中的百分制分數區間與單科成績對照表僅供參考，授課教師可依等第定義調整分數區間。詳見 學習評量專區。",組內共備視各組狀況而定。
45868,中等學校教育學程,【上課時間】以週六 13：30～16：30為主(日期如「,"（一）能設計素養導向的課程、教學及評量
（二）能透過小組共備，實施跨領域、議題融入的課程
（三）對於社會情緒學習等教育政策、法令有所掌握
（四）熟悉營隊行政，發揮團隊合作能力","（一）完成個人以及小組教案設計，積極參與營隊籌備
（二）出席
1.時數：營隊籌備及增能課程時數合計23小時以上。(以下「","30%	

個人：素養導向教案設計

所負責之學科課教案(20%)、世界咖啡館表現(10%)。


20%	

個人：出席表現

出席營隊籌備、增能課程合計至少23小時，可透過參加教育學程講座或營隊其他增能課程補足。時數每不足一小時扣1%。


25%	

小組：行動劇教案設計

議題探討與教學活動規畫(20%)、組內互評(3%)、世界咖啡館互評(2%)。


25%	

小組：行政工作

「導師組」：完成度(各16%)、團隊互評(各6%)、口頭報告(各4%)。
「行政+活動組」：完成度(各8%)、團隊互評(各3%)、口頭報告(各2%)。

本校尚無訂定 A+ 比例上限。
本校採用等第制評定成績，學生成績評量辦法中的百分制分數區間與單科成績對照表僅供參考，授課教師可依等第定義調整分數區間。詳見 學習評量專區。",4
44692,中等學校教育學程,本課程配合本中心教育部核定之澳洲教育見習計畫，提供參與師資生行前培訓，包括：認識澳洲環境與社會概況、初步了解澳洲教育概況與制度、思考與準備教育見習探究主題，以增進參與師資生對教育見習的準備度。,"1. 認識澳洲環境與社會概況
2. 初步了解澳洲教育概況與制度
3. 準備教育見習探究主題",1.需全程參與課程,,各一至二小時
10690,中等學校教育學程,"Practicum in English is one of the foundational courses for those who are interested in English language teaching. It builds on Teaching Methods and Materials in English, and is a prerequisite course for your six-month internship, which together will help you prepare for your future language teaching career.

The syllabus presented here is a tentative schedule for the spring semester. The course will be divided into three parts: 1) lectures and workshops, 2) school visits, and 3) the English Enhancement Program (EEP) teaching practicum. See more details below.

1)	Lectures and workshops
This part will mostly be facilitated by Professor Giles Witton-Davies from W1 to W8. Please refer to the weekly schedule.

2)	School visits
Six school visits will be arranged between W9 and W14 (the time of the visits, however, will depend on the availability of the teachers, which means that it could be during any time of the week; if a school visit is arranged that week, there is no need to meet on Tuesday evening). This is a wonderful opportunity to observe how secondary school teachers teach. You are expected to attend at least four visits.

3)	EEP teaching practicum
The EEP teaching practicum, running from mid-March to the end of May, will be primarily arranged by the Center for Bilingual Education. Each person will be teaching twice; please refer to your selected time slot here: https://docs.google.com/document/d/17YG-zpmBdMtv50ErRFJB7XTJ_loa3n4jgSRqJ8tQ8S0/edit?tab=t.0","By the end of this course, you will:
•	Become more aware of the everyday realities of teaching.
•	Enhance your skills in lesson planning, course design, and teaching.
•	Continue engaging in dialogues that deal with the tensions between theory and practice.","Be professional. In the spring semester, you will go through a major identity transformation: from being a student to being an early career teacher. This transformation can be quite overwhelming, but see it as an invaluable opportunity to develop your professional identity as a teacher.

Being professional in the teaching context means being on time, wearing proper clothing (e.g., no sandals; avoid jeans; shirt with collar always best), taking your work seriously (e.g., plan, practice, reflect, and revise), engaging in teaching conversations (e.g., ask questions and share what you know), and seeking continuous growth (e.g., find inspirations from observing, reading, attending workshops).

For all school visits, please also:
•	Bring a notebook to take notes with a pen (refrain from using electronic devices when visiting schools, especially during observation and post-observation discussion)
•	Prepare questions to ask the teachers during post-observation discussion","30%	

Attendance, weekly assignments, and participation

If you will not be able to attend a class, please e-mail the instructor (Giles in W1-W8 giles@ntu.edu.tw; Cindy in W9-W16 sinyichang@ntu.edu.tw) at least two days in advance and make sure your leave is officially recorded in the NTU system. 

Weekly assignments may involve preparing an activity or teaching plan. Active participation in pair, group, and class discussions is highly encouraged. Critically engaging in various forms of discussion will help you think deeper about diverse issues related to teaching.


30%	

EEP teaching practicum

You are asked to video-record your classes, and send one video of your instruction (at least 20 minutes long) to Cindy by the end of the semester. Grading will be based on the same rubrics we used for the final teaching demonstration in the fall semester.


20%	

Observation analysis

You are asked to choose one area to systematically focus on in every observation, including the EEP course (when you are the TA) and the school visits. The area could be teacher-student and student-student interactions; design and implementation of pedagogical activities; the use of technology in teaching; classroom management; teaching speaking, listening, reading, or writing; teaching grammar and vocabulary; or assessment (it would be a good idea to have another area in mind, just in case the area you’ve chosen does not “appear” in the observed classes). During the observations, you may take notes of whatever you find most meaningful, but please pay special attention to the specific area that you’ve chosen. For the observation report, you are asked to write, in English, a three-page analysis that includes the following: 1) why you’ve selected the particular area to zoom into; 2) how this area was manifested in at least four of the observed classes; and 3) which teacher(s) you think handled that area exceptionally well and why. The due date of the observation report is 5/31.


20%	

Written final

The two-hour written exam will focus on lesson planning and designing a syllabus for a course. You will be expected to incorporate various elements of what you’ve learned this semester and the previous one into your planning and designing.

本校尚無訂定 A+ 比例上限。
本校採用等第制評定成績，學生成績評量辦法中的百分制分數區間與單科成績對照表僅供參考，授課教師可依等第定義調整分數區間。詳見 學習評量專區。",Average 1-2 hour(s)
21596,中等學校教育學程,本課程目的在於介紹目前常見的教育心理學基礎知識。本課程將鼓勵學生對於課堂中所提到的主題，透過自己過去的學習及教學經驗加以反思，以期更瞭解自己對於教學與學習的假設與概念，並在未來教學的現場上，能夠將課堂內的理論與實際情況連結。,具體而言，本課程對學生有以下的期望：(1)認識學習者的心理發展階段(2)認識學習理論(3)認識學習者多樣性(4)反思教心理論在教學上的應用。,"1. 課前預習，課中參與，課後反思
2. 對學生發展、學習與個別差異具有興趣與熱忱
3. 積極參與課程活動與討論
4. 準時完成繳交規定作業
＊選課同學及欲加簽者必須出席第一週課程。因不可抗拒因素無法出席第一堂課者，請寄信向老師請假。已選上同學未出席且未請假視為退選。","40%	

課前預習單

共10份，每份4%。


20%	

期中報告：動機論教學演示

教學演示：理論說明、活動設計與帶領。
繳交期限：所屬組別演示當週以前。


30%	

期末作品：我的教心反思與報告

反思短片15%。
線上同儕回饋共5份，每份1%、至少200字。
期末書面報告10%。


10%	

課堂參與

每次上課須簽到，每次無故曠課扣總成績2分。
若請病假或因其他重要因素需請假者，請於課前或課後以email告知助教及老師，則當次缺課不扣分。


0%	

Bonus

積極參與課堂討論者視情況酌予加分，以茲鼓勵。

本校尚無訂定 A+ 比例上限。
本校採用等第制評定成績，學生成績評量辦法中的百分制分數區間與單科成績對照表僅供參考，授課教師可依等第定義調整分數區間。詳見 學習評量專區。",1~2 小時以內
32413,中等學校教育學程,"教育社會學是教育三大基礎學之ㄧ，旨在探討教育與社會（包括社會的鉅觀及教室內的微觀）之間的關係，並運用社會學理論來分析教育現象。本課程以社經背景造成教育機會不均的現象切入，接著引進教育社會學理論，而後應用理論延伸分析族群、性別等造成教育機會不均的現象，以增加師資生對社會或教室內教育機會不均的敏感度，並思考如何協助弱勢學生翻轉人生。

另108課綱強調「探究與實作」，師資職前教育課程基準強調師資生須具備「探究與實作的設計與實施」之教師專業素養。修課者以課堂所學觀察到的教育現象切入，親自走過提出問題→建立假設→驗證假設→形成結論→分享結果等完整的探究實作過程，以培養發展溝通（讀寫）、問題解決（探究）的教師素養，並為未來引導中學生探究與實作奠定紮實的基礎。

【第一週即有作業，請第一週起勿缺課。各週課程環環相扣，如加選者眾，以加選前均出席者優先。】","（一）學會教育社會學巨觀與微觀的主要理論，並應用所學進行探究。
（二）敏銳覺察社會環境對學生學習影響，以利教育機會均等。
（三）透過探究學習，以發展溝通（讀寫）、問題解決（探究）的教師專業素養。","1. 缺課者一律上校方線上系統請假。
2. 事假者需事先繳交作業，病假者請假一週內繳交，逾期不收。
3. 請依時程繳交正確作業，繳交錯誤者逾期不得補繳。
4.  所有報告均需上傳至NTUCOOL。
5. 其他作業繳交相關事宜請洽助教。

• 作業應由自己撰寫，畢竟最終需要通過教師資格考試。課程目標是學生在沒有AI輔助的情況下，也可以自己完成五次探究作業。
• AI僅能用來翻譯英文閱讀材料，不得用來撰寫作業，且應留意前後文脈絡。如AI翻譯有誤，致使作業扣分，作者應自行負責。
• 會用Turnitin 及 AI detector檢測作業。每個人必須對自己的作業負責，且僅可使用中文作答。","40%	

預習作業

請確認各週應繳交之作業勿繳錯，亦不收遲交作業，以示公平。課堂參與包括出席、討論表現加減預習作業分數。

內容包含：
（1）邏輯結構。
（2）Summary 旨在確認是否讀懂他人傳達的訊息。
（3）Comments 旨在檢驗自己的評析能力。
（4）Question 旨在檢驗自己提出問題意識的能力。

• 各面向評分細項請見課程大綱


20%	

延伸練習

探究能力非一蹴可幾，利用延伸練習，習慣探究的思維邏輯，內化所學理論，探索期末作業可能的題目。

延伸練習旨在提早為期末作業做準備，不必擔心無法完成期末作業，迄今尚無無法完成期末作業者。


40%	

期末探究與反思作業

針對「從生活周遭的教育現象，找出有興趣的研究問題，並應用所學理論推論假設，進行探究，以培養探究能力」之學習成果，撰寫一篇探究研究報告及反思作業。

1. 探究作業（書面+口頭）：正文不超過3000字為原則，其他資料放附件。針對課堂所學的理論與觀察到的現象（教師專業素養1-2）， 提出問題→建立假設→驗證假設→結論，以5分鐘報告競賽分享，並撰寫一篇探究研究報告（教師專業素養5-3）。

2. 反思作業：不超過2頁A4，不納入評分，旨在了解學習過程，以供改進本課程的參考。

• 各面向評分細項請見課程大綱

本校尚無訂定 A+ 比例上限。
本校採用等第制評定成績，學生成績評量辦法中的百分制分數區間與單科成績對照表僅供參考，授課教師可依等第定義調整分數區間。詳見 學習評量專區。",3~4小時
19322,中等學校教育學程,本課程將專注於教育哲學與現場教學實務之連結，包括教師專業相關知識。因此本課程除了理論基礎外，亦討論重要教育議題和教育思想，不僅從教育的社會與文化脈絡方面進行討論，也從不同角度，如教育行政與政策、課程與教學等領域，進行詳細的思辨。,"本課程之課程目標如下：
1. 了解教育哲學的意義和發展脈絡。
2. 認識教育哲學的相關派別和重要思潮。
3. 思辨教育議題，以所學為基礎進行討論。","1. 準時出席並積極參與課程討論。
2. 課程規定非為教育學程學生人數上限為7人，若選上課程者超過7人，將抽籤決定。",,各一至二小時。
16675,,本課程目的在培養未來中學教師基本輔導素養，課程內容包括四大部分：(1)心靈的分析師：介紹基本諮商理論並進行反思；(2)青少年的心靈補手：探討青少年輔導議題；(3)生命的傾聽者：認識與嘗試基本助人技巧；(4)亦師亦友的導師：規劃發展性班級輔導活動。課程兼顧理論與實務，透過影片欣賞、技巧練習、議題探討、個案討論、專題演講、方案設計，俾使修習者掌握輔導的核心理念與策略，培養有效協助未來學生發展潛能、預防及矯治學生不適應行為的能力。,"1. 理解基本諮商理論內涵進行反思 (心靈的分析師)
2. 探討青少年輔導議題 (青少年的心靈捕手)
3. 認識與嘗試基本助人技巧 (生命的傾聽者)
4. 規劃發展性班級輔導活動 (亦師亦友的導師)","***選課同學及欲加簽者必須出席第一週課程***
若因不可抗力之因素未能出席第一週課程，請事先寄信向老師及助教請假（主要收件者給老師，副本給助教）。若未出席亦未請假則視為放棄選課，老師將視情況遞補加簽者。
老師信箱：wanghs109@gmail.com 王秀槐教授
助教信箱：b11305047@ntu.edu.tw 社會四劉芸孜

本課程適合具備以下特質的學生修習：
(1)對青少年輔導具有興趣與熱誠
(2)積極參與課程活動、討論及小組合作
(3)準時繳交規定作業
本課程於期中期末皆有小組成員互評，作為個人成績評量標準，請修課同學務必認真參與小組合作。","41%	

個人

1.  諮商理論反思 (24%)
2. 同理技巧運用或自我受輔心得報告 (15%)
3. 心靈捕手電影回顧表單 (2%)


50%	

小組

1. 期中：青少年輔導議題探討 (20%) (包括組內互評)
2. 期末：班級輔導活動設計與演示 (30%) (包括組內互評)


9%	

課堂

1. 為鼓勵與肯定學生準時出席上課，每次上課須簽到。
2. 積極參與課堂討論者視情況酌予加分，以茲鼓勵。

本校尚無訂定 A+ 比例上限。
本校採用等第制評定成績，學生成績評量辦法中的百分制分數區間與單科成績對照表僅供參考，授課教師可依等第定義調整分數區間。詳見 學習評量專區。",1～2小時
36883,中等學校教育學程,本課程介紹班級經營的主要概念與理論，先以教育哲學觀切入讓準教師們反思班級經營的本質意義，鑑於學生對於實務經驗較為欠缺，此課程企圖幫助建立班務處理的概念，俾益為來教學現場所直接面對的教師、學生與家長之間互動衍生的議題。,當前教育部在各中小學推行的「教師專業發展評鑑」中，班級經營指標占有重要的比例（6-1.營造良好互動的班級氣氛、6-2.營造安全且有助於學習的情境、6-3.建立有助於生學習的班級常規等），其中各分項指標又強調班級願景、常規、凝聚力、正向溝通、學習環境、偶發事件處理、尊重與差異化的輔導能力。本課程先由班級經營的哲學觀切入，教育的理念潛在地影響了教師們班級事務處理的不同處置作法，理念確定再加上經驗的累積，能使一位教師替班級、學生與家長做出適切的建議，為班級培養正向的氛圍。,"一、課堂參與、表達、反思
二、預複習、報告撰寫
三、教師教學經驗訪談能力","20%	

課堂參與

詳見第一週課堂說明powerpoint


40%	

期中考

詳見第一週課堂說明powerpoint


40%	

期末報告

詳見第一週課堂說明powerpoint

本校尚無訂定 A+ 比例上限。
本校採用等第制評定成績，學生成績評量辦法中的百分制分數區間與單科成績對照表僅供參考，授課教師可依等第定義調整分數區間。詳見 學習評量專區。",4
32528,電機工程學系,打掃電機系的四個館舍(電機二館、博理館、明達館和學新館)的周遭環境,"透過館舍的清潔工作，使同學
1.熟悉館舍配置及促進與其他同學的活動
2.養成環境清潔習慣及認真負責的態度
3.理解社會的高度分工進而尊重感恩在各個不同崗位的工作者","1. 出席:需出席8次或以上的服務學習。
2.作業:需準時繳交並完成期中反思心得、期末反思心得及演講影片心得等三份作業。",,
38721,電機工程學系,,,,,
46899,電機工程學系,,,,,
54038,電機工程學系,,,,,
55874,電機工程學系,,,,"40%	

Midterm


40%	

Final


10%	

Homework


10%	

Quiz

本校尚無訂定 A+ 比例上限。
本校採用等第制評定成績，學生成績評量辦法中的百分制分數區間與單科成績對照表僅供參考，授課教師可依等第定義調整分數區間。詳見 學習評量專區。",
24066,電機工程學系,"This course will discuss the fundamentals of signals, solid-state devices, and circuit analysis/applications. Most of the lectures will refer to the chapters (1~7) of the textbook. The slides used for the class are posted and can be downloaded from NTU COOL. Reading assignments are essential for this class, and students are supposed to finish the assigned reading before the next class meeting.","1. Circuit theory and analysis techniques
2. Fundamental knowledge and operation principles of solid-state devices
3. Op-amp closed-loop circuit analysis and applications
4. Diode models and circuits
5. MOSFET models and amplifier circuits
6. BJT models and amplifier circuits
7. IC building blocks including gain cells and current mirrors","Lectures, reading assignments, quizzes, and exams","30%	

小考


35%	

期中考


35%	

期末考


0%	

評分方式說明

教師得依自訂標準將學生原始分數轉換為等第制(等第制成績並非直接由原始分數轉換)，以維持等第分布的合理性。

本校尚無訂定 A+ 比例上限。
本校採用等第制評定成績，學生成績評量辦法中的百分制分數區間與單科成績對照表僅供參考，授課教師可依等第定義調整分數區間。詳見 學習評量專區。",4~8 hours
58016,電機工程學系,"電子二的課程包括教科書之Ch. 8 - Ch. 16 Ch. 8: Differential and multistage amplifiers Ch. 9: Frequency response Ch. 10: Feedback Ch. 12: OPAMP circuits Ch. 13: Filters and oscillators Ch. 14: CMOS digital logic circuits Ch. 15: Digital design: power, speed, and area Ch. 16: Memory and clocking circuits",1. 學習進階之類比電路系統 2. 學習CMOS邏輯電路 3. 介紹記憶體晶片及相關電路設計,,,1. 預期每週課前預習時數: 1 小時 2. 預期每週課後學習時數: 4 小時
50988,電機工程學系,"電子二的課程包括教科書之Ch. 8 - Ch. 16
Ch. 8: Differential and multistage amplifiers 
Ch. 9: Frequency response 
Ch. 10: Feedback
Ch. 12: OPAMP circuits
Ch. 13: Filters and oscillators
Ch. 14: CMOS digital logic circuits
Ch. 15: Digital design: power, speed, and area
Ch. 16: Memory and clocking circuits","1.  學習進階之類比電路系統
2.  學習CMOS邏輯電路
3.  介紹記憶體晶片及相關電路設計",,,"1. 預期每週課前預習時數: 1 小時
2. 預期每週課後學習時數: 4 小時"
56694,電機工程學系,,,,,
11525,電機工程學系,,,,,
16765,電機工程學系,,,,,
40936,電機工程學系,學習時變馬克斯威爾方程式所衍生出來的基礎電磁波傳輸及傳播原理、傳輸線理論及應用、基本導波理論、及天線原理。,熟悉電磁學原理，建立電機工程學生的基本物理基礎，俾可進一步學習電機的相關進階知識及工程應用。,,,課前2小時，課後3小時。
40718,電機工程學系,學習時變馬克斯威爾方程式所衍生出來的基礎電磁波傳輸及傳播原理、傳輸線理論及應用、基本導波理論、及天線原理。,熟悉電磁學原理，建立電機工程學生的基本物理基礎，俾可進一步學習電機的相關進階知識及工程應用。,修習過電磁一,,課前2小時，課後3小時。
13116,電機工程學系,,,,,
37645,電機工程學系,學習時變馬克斯威爾方程式所衍生出來的基礎電磁波傳輸及傳播原理、傳輸線理論及應用、基本導波理論、及天線原理。,熟悉電磁學原理，建立電機工程學生的基本物理基礎，俾可進一步學習電機的相關進階知識及工程應用。,課前2小時，課後3小時。,,"教科書：N. N. Rao, Elements of Engineering Electro-magnetics, Prentice Hall Inc., 6th ed., 2004"
50269,電機工程學系,,,,,
39079,電機工程學系,"幫助同學藉由動手及十項實驗過程，了解電磁學課程所敘述之電磁波特性
單元一、微波基本量測實驗
 實驗一：電壓駐波比及波長與阻抗量測
 實驗二：阻抗量測與阻抗匹配
 實驗三：功率計使用，天線與微波傳播
單元二、網路分析儀實驗
 實驗四：網路分析儀 反射及穿透係數量測
 實驗五：微帶線設計與量測
 實驗六：微帶線阻抗匹配
 實驗七：多埠網路穿透係數量測
單元三、系統應用實驗
 實驗八：方向耦合器，反射係數與穿透係數量測
 實驗九：頻譜分析儀與無線定位”獵狐”
 實驗十：無線影音傳送","幫助同學藉由動手及十項實驗過程，了解電磁學課程所敘述之電磁波特性
訓練同學使用微波基本量測儀器
進而引發同學對微波工程之興趣",電磁學 1及2,,(課前+課後學習時數) = 1 : 2
20933,電機工程學系,"Principle of Communications is the first course to communication systems for undergraduate students, and it aims to uncover how a communication system works and the underlying beautiful theoretical principles. It builds the foundations for students to explore more advanced topics related to communications, ranging from theoretical development to practical implementation, such as wireless communications, wireless networks, Internet of Things, etc.. Lectures are developed to answer the following key question: how to reliably deliver information over an unreliable physical medium?

Towards answering this question, we begin with the interface between the cyber and the physical world and explain how to convert from digital to analog and vice versa. Next, we introduce a first statistical model, the additive noise channel, that captures the unreliable feature of physical medium, and develop the principle for optimal reconstruction based on statistical decision theory. Some concepts of compressing analog and digital information will be introduced for communicating or storing information on capacity limited medium. Then, we will introduce the key concept of coding in order to achieve reliable communication. These principles are extended to further channel models, namely, wireline (telephone) channel and wireless channel, where additional challenges such as inter-symbol interference (ISI) need to be tackled. Some system design concepts to counter or take advantage of the channel effects.

Instructor: 蘇炫榮 Hsuan-Jung Su
Office: BL-512
Phone: 33663600
Email: hjs@ntu.edu.tw

Topics to cover 
1.	Introduction
2.	Review of Signals and Systems
3.	Analog Modulation
4.	Probability and Random Process
5.	The Effect of Noise
6.	Information Sources and Source Coding
7.	Digital Modulation
8.	Digital Transmission through Bandlimited Channels
9.	Channel Capacity and Error Control Coding","1) 介紹通訊系統的基本原理
2) 建立扎實基礎，以進一步探索通訊領域中從理論發展到實務應用的進階主題
3) 培養以理論為導向的系統設計思維與直覺
4) 利用電腦模擬實現所學的系統設計概念，並理解實際實作中可能面臨的問題","Prerequisites: Linear Algebra, Probability and Statistics, Signals and Systems.
Grading: Homework assignments including Matlab exercises (40%), midterm exam (30%), final exam (30%).",,6
46464,電機工程學系,,,,,
53176,電機工程學系,,,,,
29785,電機工程學系,,,,,
33725,電機工程學系,,,,,
13163,電機工程學系,,,,,
53525,電機工程學系,,,,,
34910,電機工程學系,,,,,
43675,電機工程學系,,,,,
16954,電機工程學系,,,,,
12705,電機工程學系,,,,,
54083,電機工程學系,,,,,
28880,電機工程學系,,,,,
23453,電機工程學系,,,,,
54865,電機工程學系,,,,,
48892,電機工程學系,,,,,
11403,電機工程學系,,,,,
38591,電機工程學系,,,,,
19195,電機工程學系,,,,,
57156,電機工程學系,,,,,
26126,電機工程學系,,,,,
52833,電機工程學系,,,,,
13642,電機工程學系,,,,,
39345,電機工程學系,,,,,
52390,電機工程學系,,,,,
52081,電機工程學系,,,,,
13685,電機工程學系,,,,,
40927,電機工程學系,,,,,
40426,電機工程學系,,,,,
57650,電機工程學系,,,,,
52463,電機工程學系,,,,,
15127,電機工程學系,,,,,
43416,電機工程學系,,,,,
49652,電機工程學系,,,,,
41110,電機工程學系,,,,,
59831,電機工程學系,,,,,
27305,電機工程學系,,,,,
15169,電機工程學系,,,,,
50134,電機工程學系,,,,,
48261,電機工程學系,,,,,
54579,電機工程學系,,,,,
31335,電機工程學系,,,,,
18948,電機工程學系,,,,,
26139,電機工程學系,,,,,
19895,電機工程學系,,,,,
20691,電機工程學系,,,,,
10169,電機工程學系,,,,,
23744,電機工程學系,,,,,
51710,電機工程學系,,,,,
51878,電機工程學系,,,,,
29690,電機工程學系,,,,,
40764,電機工程學系,,,,,
58632,電機工程學系 / 神經生物與認知科學學程,,,,,
28224,電機工程學系,,,,,
47817,電機工程學系,,,,,
48602,電機工程學系,"Explore how algorithms decode life. This project course pairs machine learning with computational biology to analyze biological data, build predictive models, and design reproducible pipelines. Teams tackle real-world datasets, present findings clearly, and practice ethical research.","- Frame bio questions as ML problems
- Clean, visualize, integrate biological data
- Train, tune, evaluate models
- Interpret results; assess bias
- Communicate via papers, demos",待補,,5 hours/week
45314,電機工程學系,,,,,
40284,電機工程學系,,,,,
34063,電機工程學系,,,,,
46500,電機工程學系,,,,,
56587,電機工程學系,,,,,
43690,電機工程學系,,,,,
56712,電機工程學系,,,,,
19735,電機工程學系,,,,,
44727,電機工程學研究所 / 積體電路設計與自動化博士學位學程 / 積體電路設計與自動化碩士學位學程 / 生醫電子與資訊學研究所 / 電子工程學研究所,,,,,
53158,電機工程學研究所 / 積體電路設計與自動化碩士學位學程 / 積體電路設計與自動化博士學位學程 / 生醫電子與資訊學研究所 / 電子工程學研究所,,,,,
48085,電機工程學研究所,,,,,
14644,電機工程學研究所 / 電信工程學研究所,"(1) Review of Antenna Radiation Characteristic Parameters
(2) Basic Antenna Elements-- Dipole antennas
(3) Basic antenna elements- Microstrip Antennas
(4) Basic theory of phased antennas
(5) Numerical Simulation Training
(6) Antenna measurement training
(7) Synthesis of Phased array of antennas
(8) Special Applications -- Base Station Antennas
(9) Special Applications--Smart Antennas
(10) Special Applications-- MIMO","The primary objective of this course is to provide graduate students and senior undergraduates with a comprehensive introduction to advanced subjects within the field of phased array antennas. Designed as a pivotal step for those aiming to pursue high-level research or specialized careers in antenna engineering, the curriculum meticulously bridges the gap between complex theoretical concepts and their practical implementations. Throughout the semester, students will not only master the fundamental theories governing array synthesis and beamforming but will also survey current and emerging applications in modern wireless systems. Prerequisite knowledge in electromagnetics and basic antenna theory is essential for success in this module. Upon completion, students will be fully equipped with the analytical background and technical insight needed to explore and innovate within the rapidly evolving landscape of antenna technologies.",預修科目: 電磁學((一)及二) Electromagnetic I and II,,3 hours
43466,電機工程學研究所 / 生醫電子與資訊學研究所 / 電信工程學研究所,,,,,
59533,,,,,,
49435,電機工程學研究所 / 生醫電子與資訊學研究所 / 光電工程學研究所,,,,,
26913,電機工程學研究所 / 生醫電子與資訊學研究所,,,,,
22487,電機工程學研究所,,,,,
23006,電機工程學研究所,,,,,
11503,電機工程學研究所,,,,,
40688,電機工程學研究所,,,,,
23879,電機工程學研究所,,,,,
29122,電機工程學研究所,,,,,
49231,電機工程學研究所,,,,,
33531,電機工程學研究所,,,,,
22232,電機工程學研究所,,,,,
17716,電機工程學研究所,,,,,
12742,電機工程學研究所,,,,,
23657,電機工程學研究所,,,,,
41129,電機工程學研究所,,,,,
49628,電機工程學研究所,,,,,
46577,電機工程學研究所,,,,,
35031,電機工程學研究所,,,,,
50829,電機工程學研究所,,,,,
17896,電機工程學研究所,,,,,
13478,電機工程學研究所,,,,,
31619,電機工程學研究所,,,,,
16465,電機工程學研究所,,,,,
18416,電機工程學研究所,,,,,
14128,電機工程學研究所,,,,,
50308,電機工程學研究所,,,,,
30379,電機工程學研究所,,,,,
17967,電機工程學研究所,,,,,
11238,電機工程學研究所,,,,,
51157,電機工程學研究所,,,,,
51957,電機工程學研究所,,,,,
30183,電機工程學研究所,,,,,
31229,電機工程學研究所,,,,,
25958,電機工程學研究所,,,,,
17900,電機工程學研究所,,,,,
58278,電機工程學研究所,,,,,
13764,電機工程學研究所,,,,,
48594,電機工程學研究所,,,,,
47536,電機工程學研究所,,,,,
30821,電機工程學研究所,,,,,
39264,電機工程學研究所,,,,,
49475,電機工程學研究所,,,,,
26165,電機工程學研究所,,,,,
51718,電機工程學研究所,,,,,
32194,電機工程學研究所,,,,,
30651,電機工程學研究所,,,,,
58309,電機工程學研究所,,,,,
23161,電機工程學研究所,,,,,
47367,電機工程學研究所,,,,,
53482,電機工程學研究所,,,,,
45978,電機工程學研究所,,,,,
22152,電機工程學研究所,,,,,
35296,電機工程學研究所,,,,,
11229,電機工程學研究所,,,,,
57405,電機工程學研究所,,,,,
28471,電機工程學研究所,,,,,
15763,生命科學院院學士學位 / 生態學與演化生物學研究所,,,,,
45522,生態學與演化生物學研究所 / 生物多樣性學分學程,,,,,
29859,生態學與演化生物學研究所,,,,,
17727,生態學與演化生物學研究所,,,,,
20012,生態學與演化生物學研究所,,,,,
17070,生態學與演化生物學研究所,,,,,
42964,生態學與演化生物學研究所,,,,,
42363,生態學與演化生物學研究所,,,,,
29814,生態學與演化生物學研究所,,,,,
21968,生態學與演化生物學研究所,,,,,
43288,生態學與演化生物學研究所,,,,,
33414,生態學與演化生物學研究所,,,,,
32212,生態學與演化生物學研究所,,,,,
38834,生態學與演化生物學研究所,,,,,
16735,生態學與演化生物學研究所,,,,,
42128,生態學與演化生物學研究所,,,,,
11863,生態學與演化生物學研究所,,,,,
59481,生態學與演化生物學研究所,,,,,
16199,生態學與演化生物學研究所,,,,,
59892,生態學與演化生物學研究所,,,,,
27046,生態學與演化生物學研究所,,,,,
36544,生態學與演化生物學研究所,,,,,
52147,生態學與演化生物學研究所,,,,,
17312,生態學與演化生物學研究所,,,,,
31396,生態學與演化生物學研究所,,,,,
13524,生態學與演化生物學研究所,,,,,
28796,生態學與演化生物學研究所,,,,,
43583,生態學與演化生物學研究所,,,,,
35992,生態學與演化生物學研究所,,,,,
54664,生態學與演化生物學研究所,,,,,
17372,電機工程學研究所 / 積體電路設計與自動化博士學位學程 / 積體電路設計與自動化碩士學位學程 / 生醫電子與資訊學研究所 / 電子工程學研究所,,,,,
43294,電機工程學研究所 / 積體電路設計與自動化碩士學位學程 / 積體電路設計與自動化博士學位學程 / 電子工程學研究所,,,,,
45935,電機工程學研究所 / 積體電路設計與自動化博士學位學程 / 智慧醫療學分學程 / 積體電路設計與自動化碩士學位學程 / 生醫電子與資訊學研究所 / 電子工程學研究所,,,,,
16261,電機工程學研究所 / 元件材料與異質整合博士學位學程 / 元件材料與異質整合碩士學位學程 / 奈米科技學程 / 電子工程學研究所,"This course will broadly review the current progress of flexible/wearable electronics. Provide the background and essential knowledge to understand the related skills and ability to identify ,renovate, and even create new applications.","1. Understand the current development and marketing of flexible/wearable electronics.
2. Ability to identify the critical technology/information/integration of flexible/wearable electronics.
3. Be able to design a flexible/wearable electronics based on self-oriented experience/expertise.
4. Ability to integrate multiple discipline technology.",,,
27754,電機工程學研究所 / 積體電路設計與自動化博士學位學程 / 積體電路設計與自動化碩士學位學程 / 電子工程學研究所,人們對計算能力的需求，加上半導體摩爾時代已接近尾聲，開啟了計算典範創新的契機。量子電腦是基於量子力學的新計算典範，能提供遠超過傳統電腦的計算能力，因此近年來進步迅速。在朝實用化之路邁進的過程，如同傳統的電腦的發展歷程，自動化設計工具是關鍵技術，可大幅降低量子電腦系統與應用的開發門檻。本課程不同於現有之量子計算導論、量子演算法等課程，涵蓋的層面較接近於量子電腦的系統軟體（system software），希望帶領學生探討當前量子電腦系統與應用設計者所需面對的實務問題，以及如何研發相關的自動化工具來輔助設計者。本課程首先介紹量子電腦的基本原理、計算架構、系統軟體、應用開發，接著探討開發量子系統和程式所需的模擬、編譯、優化、測試等自動化設計技術與工具。學生於期中提出專題計畫，期末將探索心得整理之後提出專題報告。,"●認識量子計算系統的基礎：量子力學、量子電路、雜訊、計算架構、系統軟體等。
●探討當前量子電腦系統與應用設計者所需面對的實務問題，以及如何研發相關的自動化工具來輔助設計者，包括最新的量子電路模擬、編譯、優化、測試、錯誤處理等技術。
●閱讀最新的論文，並且以期末專題做深入探討。
●成為未來量子電腦時代的系統和應用開發人才。",,"30%	

Assignment and Quiz

Tentative, to be decided based on the number of students


30%	

Midterm Exam

Tentative, to be decided based on the number of students


40%	

Final Project

Tentative, to be decided based on the number of students

本校尚無訂定 A+ 比例上限。
本校採用等第制評定成績，學生成績評量辦法中的百分制分數區間與單科成績對照表僅供參考，授課教師可依等第定義調整分數區間。詳見 學習評量專區。",
58407,電機工程學研究所 / 電子工程學研究所,"Contents 
- Semiconductor Scaling Landscape/roadmap
- What is inside the chip; building blocks
- Advanced CMOS Transistors
- Planar; FinFET; GAA/nanosheet/nanowires; 3D Stacking/CFETs, UTB/2D-Material Channel FET
- Device design and electrical parameters 101
- SCE Lg; low-K Sp/Epi, Gate stack/Vt tuning, and contact resistance 
- Device and process variability; Layout Effects
- Reliability and thermal modeling
- Advanced Interconnect including EUV, airgap, and material improvement
- Digital Logic Lib
- SRAM
- Analog, Mixed Signals and RF
- Diode (Thermal and ESD), MIMCAP, Precision Resistor, MCAP, Varactors
- PDK SPICE Model, IP core in Semiconductors
- DTCO; Ground Rules; and PPAC
- 3DIC and System Integration","- To develop a sound understanding of leading-edge semiconductor device and technology
- To develop the general skills for analyzing and designing semiconductor devices",圖解MOS元件 Schematic MOS Devices (DMHI5001) or equivalent(固態電子學、半導體元件物理之類。),,
20020,電機工程學研究所 / 電子工程學研究所,"Course Outline/課程大綱
- Electrons and Holes in Semiconductors, E(k) Band Structure
- Drift and Diffusion of Electrons and Holes
- Metal–Semiconductor Junctions: ohmic contact of S/D, depletion region, tunneling
- MOS Capacitor: Draw the band diagram at flat band, accumulation, weak inversion, and strong inversion. Vt tuning by flat band
- MOS Transistor:  planar/SOI/FinFET/Nanosheets/CFET/transistor stacking and drain current/delay/power equations (PPA)
- MOSFETs in ICs: Scaling, Leakage, SS
- High Mobility (strain/SiGe), High K, and nanosheet/FinFET will be embedded in relevant chapters

This course will be taught in Chinese during the first semester and in English during the second semester (if any).

To strengthen students’ foundational knowledge of advanced semiconductor devices, particularly three-dimensional transistors, and prepare them for a smooth transition into industry after graduation. Transistor concepts are taught in a clear and accessible manner, thereby reducing the gap between academic learning and practical application.
增加先進製程元件知識上的基本知識，以三維電晶體為主，以利為學生畢業後與業界銜接。用淺顯易懂的方式教學生電晶體知識，降低學用落差。
Unlike conventional device physics courses, this course does not emphasize rigorous derivation of complex physical equations. It focuses on building a solid understanding of fundamental physics and chemistry through intuitive methods, such as simple graphical analysis (e.g., band diagrams), using visual explanations to convey various physical and chemical phenomena.
與尋常的元件物理課不同，本課程並不強求學生推導複雜的物理公式，而是著重掌握基礎物理與化學及簡單的作圖，例如band diagram，以圖解的方式講授諸多物理及化學現象。
During winter and summer breaks, students are guided to study short courses from leading conferences such as IEDM and VLSI, allowing them to engage with cutting-edge research in state-of-the-art semiconductor processes and broaden their perspectives. Participation is optional.
寒暑假期間更帶領學生閱讀頂級會議（IEDM/VLSI）的短課程（short course），欣賞世界領先製程的研究成果，開拓學生眼界。學生可自由選擇是否參加。

Requirements: Homework/Midterm Report (ppt)/Final (close book examination)","- To understand device physics by making a schematic
- To develop the comprehension of state-of-the-art semiconductor devices",-Physics of semiconductor device or equivalent course,,
19947,電機工程學研究所 / 電子工程學研究所,"https://ntu-moti-course.vercel.app/

課程包括四大部分，即科技創新管理的基本原理，創新科技基礎知識，前沿科技創新，和產品創新實踐。

第一部分：科技創新管理基本原理
創新的源頭和類型，創新動態的基礎，主導設計概念，創新產品切入時機，合作方式，創新智財保護，實現科技創新。

第二部分：創新科技基礎知識
信息安全，產品可靠度，信號及系統，無線電話標準和演進, 硬件和軟件設計原理，集成電路設計與生產，等等。

第三部分：前沿創新科技
人工智慧，物聯網，量子計算，集成電路前沿創新技術，比特幣，區塊鏈，等等。

第四部分：產品創新實踐
運用用戶體驗，設計思考，精簡初創，敏捷軟件開發，藍海策略等概念，實際演練產品創新的過程。",課程將為管理、金融或工程等方向的學生系統的講述科技創新管理的基本原理，以及介紹創新科技所需具備的基礎知識，與目前和未來的前沿創新科技，同時運用用戶體驗，設計思考，精益創業，敏捷軟件開發等概念，實際演練產品創新的過程。,"無

2個月密集課程，每週4小時，8週共計32小時。
成績","作業20%、期中考20%、分組期末專題50%、出席率10%
預期每週課前或/與課後學習時數
Office Hour
指定閱讀
教科書
Strategic Management of Technological Innovation by Melissa Schilling, McGraw-Hill
課程網站：https://ntu-moti-course.vercel.app/
參考書目
延伸閱讀
Build Better Products by Laura Klein
Innovation by Design by Lockwood and Papke
Blue Ocean Strategy by Kim and Mauborgne
Lean Startup by Ries
Agile Methodology
評量方式
10%	

Class Participation


20%	

Homework


20%	

Quiz


50%	

Final Project

本校尚無訂定 A+ 比例上限。
本校採用等第制評定成績，學生成績評量辦法中的百分制分數區間與單科成績對照表僅供參考，授課教師可依等第定義調整分數區間。詳見 學習評量專區。",
20451,電機工程學研究所 / 積體電路設計與自動化碩士學位學程 / 積體電路設計與自動化博士學位學程 / 生醫電子與資訊學研究所 / 電子工程學研究所,本課程為前瞻製程設計課程，將使用16nm ADFP 標準元件庫與相關矽智財，帶領學生從硬體架構設計、前端合成、至後端實體設計完成先進製程數位電路與系統設計。,"修課學生將透過此課程熟悉FinFET標準元件庫數位電路設計流程:
1. 說明並解決FinFET數位電路設計挑戰
2. 熟悉低功耗設計、多時脈設計、設計測試考量等進階數位設計技巧
3. 熟練EDA工具，並能夠獨立完成前端到後端的完整數位電路設計流程
透過系統晶片設計範例、作業練習、與期末專題，讓學生掌握先進製程設計流程與完成大型數位系統晶片設計。",修課學生為研究所與大學部大三大四學生，熟悉硬體描述語言與修過 Computer-Aided VLSI System Design (CVSD)。,"5%	

課堂參與


30%	

作業


30%	

期中專題


35%	

期末專題


0%	

說明

教師得自訂標準將學生原始分數轉為等第制

本校尚無訂定 A+ 比例上限。
本校採用等第制評定成績，學生成績評量辦法中的百分制分數區間與單科成績對照表僅供參考，授課教師可依等第定義調整分數區間。詳見 學習評量專區。","課程需完成以下項目:
- 7次Lab 實作
- 4次Homework 
- Midterm Project 與 Final Project 
預期投入時數為每週9小時，但依數位 IC 設計背景與 EDA 工作熟悉程度而異。"
30828,電機工程學研究所 / 積體電路設計與自動化博士學位學程 / 積體電路設計與自動化碩士學位學程 / 電子工程學研究所,"本研究所專題導向課程探討如何運用機器學習（ML）技術來解決電子設計自動化（EDA）中的 NP-complete 最佳化問題。學生將學習如何將典型的 EDA 問題建模為馬可夫決策過程（MDP），並開發可取代或輔助傳統啟發式方法的學習型解決方案。課程強調以實作為主，學生將以小組專題的方式，針對真實的 EDA 挑戰提出方法，例如 SAT 求解、技術映射、布局（placement），以及用於電路模擬的稀疏矩陣排序等問題。

課程內容包含：
機器學習基礎講授、領域專家介紹最先進的可在指數級搜尋空間中進行啟發式探索的 EDA 演算法，以及相關文獻的論文導讀。

課程的主要重點將放在小組專題。課堂中將安排專題提案、進度報告與期末成果發表等環節。
修課學生將能夠：
將 EDA 最佳化問題表述為機器學習任務，並選擇合適的方法與模型。
分析傳統啟發式演算法，找出可由學習方法取代或增強的決策點。
設計並實作適用於指數級組合搜尋空間之最佳化問題的強化學習方法。
評估學習型方法與傳統啟發式在解品質、計算成本與泛化能力等面向的權衡。
使用標準測資（ICCAD CAD Contest、ISPD、IWLS、SAT/QBF Competition）進行實驗評估。
批判性閱讀並分析近期機器學習與設計自動化交叉領域的研究文獻。","提供機器學習的理論基礎，並說明其在各類 EDA 主題中的適用性。
激發研究生階段的新研究方向：包含新的研究專題或現有專題的延伸方向。
讓學生熟悉機器學習的開發環境。","建議先修課程：
電子設計自動化導論、機器學習

評分方式： 課程參與（25%）、專題報告與成果（75%）
專題小組需於課堂上進行提案簡報、中期進度報告與期末成果發表。
此外，學生也需報告與其專題相關的論文評論。",,
32220,電子工程學研究所,,,,,
26565,電子工程學研究所,,,,,
10682,電子工程學研究所,,,,,
31329,電子工程學研究所,"1. 論文研讀 : 說明研究問題,文獻現有解決方法與其技術
2. 書報討論: 提出新想法,解決研究問題
3. 碩論進度報告: 電路說明, 電路模擬,電路佈局,量測考量
4. 其他事項討論","1. 訓練學生能了解研究問題,提出新想法與文獻現有解決方法加以比較
2. 完成晶片設計與量測
3. 發表論文",,,
15848,電子工程學研究所,,,,,
44558,電子工程學研究所,,,,,
27897,電子工程學研究所,,,,,
33923,電子工程學研究所,,,,,
16488,電子工程學研究所,,,,,
31604,電子工程學研究所,,,,,
52567,電子工程學研究所,,,,,
52893,電子工程學研究所,,,,,
13344,電子工程學研究所,,,,,
37629,電子工程學研究所,,,,,
50119,電子工程學研究所,,,,,
29201,電子工程學研究所,,,,,
44555,電子工程學研究所,,,,,
24015,電子工程學研究所,,,,,
22010,電子工程學研究所,,,,,
45588,電子工程學研究所,,,,,
23941,電子工程學研究所,,,,,
18993,電子工程學研究所,,,,,
29432,電子工程學研究所,,,,,
54036,電子工程學研究所,,,,,
41426,電子工程學研究所,,,,,
26304,電子工程學研究所,,,,,
38351,電子工程學研究所,,,,,
30528,電子工程學研究所,,,,,
11672,電子工程學研究所,,,,,
10424,電子工程學研究所,,,,,
20248,電子工程學研究所,,,,,
31213,電子工程學研究所,,,,,
57296,電子工程學研究所,,,,,
42202,電子工程學研究所,,,,,
32141,電子工程學研究所,,,,,
30916,電子工程學研究所,,,,,
25129,電子工程學研究所,,,,,
58218,電子工程學研究所,,,,,
12565,電子工程學研究所,,,,,
27116,電子工程學研究所,,,,,
47231,電子工程學研究所,,,,,
27463,電子工程學研究所,,,,,
18829,電子工程學研究所,,,,,
37840,電子工程學研究所,,,,,
41970,電子工程學研究所,,,,,
53287,電子工程學研究所,,,,,
39676,電子工程學研究所,,,,,
15159,電子工程學研究所,,,,,
10709,電子工程學研究所,,,,,
54154,電子工程學研究所,,,,,
11718,電子工程學研究所,,,,,
50778,電子工程學研究所,,,,,
20728,電子工程學研究所,,,,,
43951,電子工程學研究所,,,,,
49515,電子工程學研究所,,,,,
37510,電子工程學研究所,,,,,
36912,電子工程學研究所,,,,,
50349,電子工程學研究所,,,,,
29712,電子工程學研究所,,,,,
24981,創業創新管理碩士在職專班,,,,,
17404,昆蟲學系,,,,,
23065,昆蟲學系,,,,,
39197,昆蟲學系,"昆蟲分類學下
認識各目昆蟲科級分類系統及其形態、生態、行為等分類相關內容；並簡介系統分類學入門課題。實習課程配合講演進度及內容，認識各目昆蟲重要的科及其標本採集、保存和製作技術，並安排野外採集或參訪。（上課週數16週，演講每週2小時，共32小時；實習每週3小時，共48小時。共計3學分）（先修科目：基礎昆蟲學）","1. 認識各目昆蟲
2. 昆蟲分類系統
3. 分類學方法與原理",期中及期末考核,,
28888,昆蟲學系,"昆蟲分類學下
認識各目昆蟲科級分類系統及其形態、生態、行為等分類相關內容；並簡介系統分類學入門課題。實習課程配合講演進度及內容，認識各目昆蟲重要的科及其標本採集、保存和製作技術，並安排野外採集或參訪。（上課週數18週，演講每週2小時，共36小時；實習每週三小時，共54小時。共計3學分）（先修科目：基礎昆蟲學）","認識各目昆蟲
昆蟲分類系統
分類學方法與原理",期中及期末考核,,
30013,昆蟲學系,,,,,
44946,昆蟲學系,,,,,
34790,昆蟲學系,,,,,
12534,昆蟲學系,,,,,
33536,昆蟲學系,,,,,
14933,昆蟲學系,,,,,
47086,昆蟲學系,,,,,
15174,昆蟲學系,,,,,
41844,昆蟲學系,,,,,
45272,昆蟲學系,,,,,
15010,昆蟲學研究所,"This course will meet weekly in a formal seminar format. Each week, a leading scientist will present his or her ongoing research (approximately 50 min, but can be longer). After each presentation, a Q&A session will be held.

Students take this course on a pass/fail basis. This course has no exams, and thus the grade is solely determined by the attendance. Two or more absences will result in an F (fail). Students who must miss a seminar may consult with the course instructor prior to the absence, but it is unlikely that an absence is excused. A tardiness of 10 min or more is treated as an absence.

In addition to the attendance, students are required to submit a report immediately after each seminar. Forms are distributed prior to a seminar. Students must write the evaluation/critique of a seminar. A report that is too rough/vague (including blank report) should not be submitted.","- To learn cutting edge research conducted (mostly) in Taiwan
- To experience how scientific information is transmitted (the 50-min presentation style is one of the main modes of scientific presentation)
- To learn how to gain most out of seminars
- To develop an own idea about what a good seminar is",,,
24386,昆蟲學研究所,,,,,
23413,昆蟲學研究所,,,,,
18935,環境工程學研究所,,,,,
12321,環境工程學研究所 / 離岸風力發電學分學程 / 能源科技學程,,,,,
25283,環境工程學研究所,,,,,
35395,土木工程學系 / 環境工程學研究所,,,,,
54082,環境工程學研究所,,,,,
47062,環境工程學研究所,,,,,
21826,公共衛生學系 / 傳染病學學程 / 環境與職業健康科學研究所,,,,,
22200,公共衛生學系 / 環境與職業健康科學研究所,,,,,
12108,環境與職業健康科學研究所,,,,,
47864,公共衛生學系 / 環境與職業健康科學研究所,,,,,
47120,環境與職業健康科學研究所,,,,,
34983,公共衛生學系 / 環境與職業健康科學研究所,,,,,
41207,環境與職業健康科學研究所,,,,,
95142,環境與職業健康科學研究所,,,,,
45951,環境與職業健康科學研究所,,,,,
46498,環境與職業健康科學研究所,,,,,
10190,流行病學與預防醫學研究所,,,,,
52238,流預所預防醫學組,,,,,
14484,流預所預防醫學組,"本課程希望能藉由文獻回顧,讓學生從假說的建立,統計的實務分析,一直到文章的撰寫,有一個完整的訊練.",希望在課程結束後能將所寫的文章投稿並發表在國際或國內的期刊上.,"文獻搜尋,流行病學,預防醫學,生物統計及英文寫作的基本能力.",,
33784,流行病學與預防醫學研究所,緊急救護與災害應變系統,"本課程設置的目的係為緊急醫療，公共衛生，緊急應變, 災難管理相關領域背景的學生，提供緊急救護與災難應變體系之跨領域理論知識與實務經驗。
課程實施方式包括講演，參訪，案例討論與報告。評估方式包括課堂參與及專題討論。","1.課程參與與討論 
2.實際參訪 
3.期末計畫與報告",,
50293,流行病學與預防醫學研究所,,,,,
45137,流預所流行病學組,,,,,
12625,流預所流行病學組,,,,,
49207,流行病學與預防醫學研究所,,,,,
39241,地球系統科學國際研究生博士學位學程,,,,,
37500,地球系統科學國際研究生博士學位學程,,,,,
27465,地球系統科學國際研究生博士學位學程,,,,,
27449,地球系統科學國際研究生博士學位學程,,,,,
13954,地球系統科學國際研究生博士學位學程,,,,,
45210,地球系統科學國際研究生博士學位學程,,,,,
58421,地球系統科學國際研究生博士學位學程,,,,,
13446,地球系統科學國際研究生博士學位學程,,,,,
19623,地球系統科學國際研究生博士學位學程,,,,,
13065,地球系統科學國際研究生博士學位學程,,,,,
10895,工程科學及海洋工程學系,,,,,
35643,工程科學及海洋工程學系,"本課程第二學期將學習半導體元件及簡單的電子電路，並進一步使用簡單的電子電路組合成運算放大器電路。

本課程含實驗課，因實驗器材有限，原則上不加簽外系學生。",學習基本電子電路之分析及設計方法。,已修過微積分、普通物理學及電子電路一。,"50%	

期中考


50%	

期末考

本校尚無訂定 A+ 比例上限。
本校採用等第制評定成績，學生成績評量辦法中的百分制分數區間與單科成績對照表僅供參考，授課教師可依等第定義調整分數區間。詳見 學習評量專區。",
44140,工程科學及海洋工程學系,介紹複變函數的基礎理論及其應用,使學生能認識複變數，了解其理論基礎與操作方式，並能將其應用於學術研究中。,認真聽講，按時學習及繳交作業,,至少3小時
29886,工程科學及海洋工程學系,,,,,
45175,工程科學及海洋工程學系,,,,,
12172,工程科學及海洋工程學系,,,,,
40189,工程科學及海洋工程學系,,,,,
38842,工程科學及海洋工程學系,,,,,
43569,工程科學及海洋工程學系,,,,,
12240,工程科學及海洋工程學系,,,,,
46235,工程科學及海洋工程學系,,,,,
43214,工程科學及海洋工程學系,,,,,
48295,工程科學及海洋工程學系,,,,,
26153,工程科學及海洋工程學系,,,,,
24110,工程科學及海洋工程學系,,,,,
21319,工程科學及海洋工程學系,,,,,
57131,工程科學及海洋工程學系,,,,,
95133,工程科學及海洋工程學系,,,,,
14875,工程科學及海洋工程學系,,,,,
32371,工程科學及海洋工程學系 / 海洋科學學程 / 離岸風力發電學分學程 / 工程科學及海洋工程學研究所,,,,"20%	

Homework


40%	

Mid-term 


40%	

Final exam 

本校尚無訂定 A+ 比例上限。
本校採用等第制評定成績，學生成績評量辦法中的百分制分數區間與單科成績對照表僅供參考，授課教師可依等第定義調整分數區間。詳見 學習評量專區。",
58554,工程科學及海洋工程學系 / 工程科學及海洋工程學研究所,,,,,
41762,工程科學及海洋工程學系 / 工程科學及海洋工程學研究所,,,,,
36135,工程科學及海洋工程學系 / 工程科學及海洋工程學研究所,,,,,
39646,工程科學及海洋工程學系,,,,,
58982,工程科學及海洋工程學系 / 離岸風力發電學分學程 / 工程科學及海洋工程學研究所,,,,,
24101,工程科學及海洋工程學系 / 離岸風力發電學分學程 / 工程科學及海洋工程學研究所,,,,,
48350,工程科學及海洋工程學系 / 工程科學及海洋工程學研究所,,,,,
95139,工程科學及海洋工程學研究所,,,,,
43051,工程科學及海洋工程學研究所,,,,,
39073,工程科學及海洋工程學研究所,,,,,
33146,工程科學及海洋工程學研究所,,,,,
23656,工程科學及海洋工程學研究所,,,,,
10238,工程科學及海洋工程學研究所,,,,,
16257,工程科學及海洋工程學研究所,,,,,
19639,工程科學及海洋工程學研究所,,,,,
50196,工程科學及海洋工程學研究所,碩士班專題研究,碩士班專題研究,No requirement!,,6~9
43106,工程科學及海洋工程學研究所,,,,,
43309,工程科學及海洋工程學研究所,,,,,
48704,工程科學及海洋工程學研究所,,,,,
17003,工程科學及海洋工程學研究所,,,,,
56003,工程科學及海洋工程學研究所,,,,,
58109,工程科學及海洋工程學研究所,,,,,
30417,工程科學及海洋工程學研究所,,,,,
31459,工程科學及海洋工程學研究所,,,,,
30079,工程科學及海洋工程學系 / 工程科學及海洋工程學研究所,,,,,
31790,工程科學及海洋工程學系 / 工程科學及海洋工程學研究所,,,,,
21693,工程科學及海洋工程學研究所,,,,,
59343,工程科學及海洋工程學研究所,,,,,
59015,工程科學及海洋工程學研究所,,,,,
42555,工程科學及海洋工程學研究所,,,,,
52726,工程科學及海洋工程學研究所,,,,,
11687,工程科學及海洋工程學研究所,,,,,
49279,工程科學及海洋工程學研究所,,,,,
50054,工程科學及海洋工程學研究所,,,,,
48759,工程科學及海洋工程學研究所,,,,,
26032,工程科學及海洋工程學研究所,,,,,
24177,工程科學及海洋工程學研究所,,,,,
12932,財務金融學系,,,,,
32095,財務金融學系,,,,,
45333,財務金融學研究所,,,,,
21845,財務金融學系 / 領導學程 / 財務金融學研究所,"職場素養與菁英力 Professionalism
2026春
學分數：2學分

第一講 認識『職場素養』
- 職場的本質
- 職場素養的內涵
- 自覺式人才培育
- 練技與煉心
- 培育「自我領導力」的入手方法


第二講 鍛鍊『溝通能力』上
- 講究「完整溝通流程」
- 研磨溝通力，理解「認知差異」
- 成功的表達
- 商業溝通力的基本功
-「信任」的建立

第三講 鍛鍊『溝通能力』下
- 職場常見的「溝通困惑」
-「提問」的要領
- 聲相與肢體語言
- 職場及社交場合溝通規則

第四講 強化『心緒智能』
- 念頭與專注心
- 情緒與小我
- 心力的強大
- 成功與選擇

第五講 建構『專業形象』
- 成見是人際交往的必然
- 「專業形象」的提升
- 「刻板印象」與「印象管理」
- 形象管理實務操作

第六講 培育『人文素養』
- 「人文素養」的內涵
- 關於「教養」
- 提升「人文素養」
- 期勉與結語","1. 本課為兩岸首創，講授主軸以探討「面對不確定未來的職場素養與領導力」展開論述，探討多數行業可適用之基礎素養。課程內容根據陳教授三十年任職國際專業機構及管理經驗為主幹，參酌實際情境案例，闡述「成事：解決問題的能力」與「為人：自我領導力」的原理，並以「練技」與「煉心」實踐之。

2. 課程以介紹國際職場素養標竿與自我領導力的內涵，提供具體方略，培育學生應有的視野及專業能力，助益同學順利融入高端職場環境，發揮個人能力、成就領導才幹。

3. 課程涵蓋五個講題：認識『職場素養』、鍛鍊『溝通能力』、強化『心緒智能』、建構『專業形象』，及培育『人文素養』。授課過程涵蓋互動討論、實境點評、主題研究與報告提交等，要求學生認真參與，實踐團隊協作及展現個人能力。除此，指導學生籌辦實作活動，引領學生領略『做中學、學中覺』的課程精神。","1. 課程 2 學分，開學第二週開始 2026/3/3~3/31，每週二、五 13:20~17:20，共計八堂。（請留意 3/6 (五) 老師出差，停課一次。）
2. 修課人數上限為65位，限大三以上學生，無相關預備知識要求，其
中開放 8 位台師大、台科大學生修習。旁聽須取得老師事前核准。
3. 另開放隨班附讀，以「畢業七年以內校友」為限，開放3位。相關報名規定請詳閱「台灣大學進修推廣學院」官方網站之報名簡章。
4. 本課程不開放網路系統選課，請於申請截止日前填寫申請表單。
表單鏈接：https://forms.gle/iNc4nMhVMf2WNTyc8
5. 修課同學需於 5/22(五) 23:59前繳交個人期末報告，題目為「提升菁英力——我未來一年的行動方案」，全文約 3,000字。",,2小時
47865,財務金融學研究所,,,,,
42389,財務金融學研究所,,,,,
26226,財務金融學研究所,,,,,
11703,財務金融學研究所,,,,,
10079,財務金融學研究所,,,,,
33575,財務金融學研究所,,,,,
13548,財務金融學研究所,,,,,
55678,財務金融學研究所,,,,,
24579,財務金融學研究所,,,,,
46607,財務金融學研究所,,,,,
34084,財務金融學研究所,,,,,
40779,財務金融學研究所,,,,,
41591,財務金融學研究所,,,,,
22961,,,,,,
32475,漁業科學研究所,,,,,
46816,漁業科學研究所,,,,,
17881,漁業科學研究所,,,,,
57852,漁業科學研究所,,,,,
36383,漁業科學研究所,,,,,
50489,漁業科學研究所,,,,,
58851,漁業科學研究所,,,,,
43072,漁業科學研究所,,,,,
50816,漁業科學研究所,,,,,
34155,漁業科學研究所,,,,,
16318,漁業科學研究所,,,,,
35164,外國語文學系,,,,,
49542,外國語文學系,,,,,
03030,工學院 / 法律學院 / 電機資訊學院,,,,,
03008,文學院,"***This course does not accept new students. Please seek out other Freshman English sections. 
本課程不接受加簽，請詢問其他大一英文班級。

This section of Freshman English stresses language production and creative expression through exposure to diverse forms of writing and speech. Readings will be drawn from personal essays and contemporary journalism in the first semester; in the second semester, we will venture into short stories, poetry, and mythology. Frequent writing exercises are designed to relate the course material to your own experience and engage your powers of critical thinking. Individual and group presentations will develop your fluency and confidence in English. Through weekly group discussions, there will also be plenty of opportunity to practice your speaking proficiency. The course is taught in an English-speaking environment.","Besides developing greater proficiency in language skills, students will explore the rich and multifaceted cultural landscape to which English offers access, and engage the language in some of its most complex and challenging forms of expression. Students will develop the following core competencies: 
•	Cultural and Global Understanding 
•	Artistic Appreciation and Aesthetic Literacy 
•	Media Literacy 
•	Logical Thinking and Problem Solving 
•	Planning, Execution, Innovation, and Adaptation
•	Interpersonal Relationships and Teamwork","Three written essays
Individual and group presentations
Attendance and participation
Final assessment",,Carnegie Rule建議，每一學分授課時數為一小時，應有兩小時之課堂外學習時數 (包含課前與課後學習)；也就是一學分的授課時數：(課前+課後學習時數) = 3 : 6。
03009,文學院,"This course is designed to help students develop their English listening, reading, speaking, and writing skills through the exploration of different topics of interest to them. It also aims to cultivate students’ fundamental core abilities and prepare them for future EMI (English as a Medium of Instruction) courses. A variety of task-based activities and communicative activities and exercises, such as class discussions, dialogues, role plays, essay writing, and speeches, are designed to motivate students to speak confidently and help them acquire greater fluency in spoken English. The course will also focus on the development of listening comprehension, critical thinking, and analyzing skills, as well as the ability to use language accurately and effectively. Weekly vocabulary working sheets, writing assignments and conversation practices will also enable the students to establish writing and speaking concepts and advance their lexico-grammatical knowledge.","Specific course objectives include: (1) developing an aural and oral language ability to understand conversations, lectures, news reports, TV/radio programs, and to carry on conversations in social settings; (2) enhancing comprehension in written information, newspapers, magazines, and general documents; (3) enhancing oral fluency and accuracy; (4) developing students’ critical thinking and analyzing skills to help them develop and organize their ideas while writing; (5) equipping students to take on both personal and professional writing tasks they may face in social occasions.","1. You have to come to class on time and actively participate in all class activities.
2. You should finish weekly homework and preview the assigned readings before class. Late papers/assignments are unacceptable. No credit will be awarded to papers/assignments coming in one (or longer) week late.
3. You have to review what has been taught in class and do more listening and reading exercises after class.
4. You are required to work closely with your group members to do all group assignments.
5. Please keep your cell phone off during the class meeting.",,3 hours
03010,文學院,,,,,
03022,社會科學院,,,,,
03049,生物資源暨農學院 / 電機資訊學院,,,,,
03040,工學院 / 法律學院 / 電機資訊學院,,,,,
03050,生物資源暨農學院 / 電機資訊學院,"本課程與傳統的英語課程不同，提供教師設計的人工智慧電腦輔助英語網路練習系統，上課以網路單字，句型寫作，聽力，閱讀, 翻譯練習及口說練習為主，透過網路練習進行英語聽說讀寫翻譯（口譯）能力的整合的訓練。教學內容取材自Youtube影片，報章雜誌或部落格文章。網路練習系統使用人工智慧技術。本課程難度接近托福測驗，涵蓋不同領域的學術英文。所有練習過程都收錄在電腦學習歷程檔案當中。大約一半的練習在課堂中完成，另一半則在課外完成。第一節課著重閱讀及網路練習，第二節課由助教帶領口說及聽力練習，第三節課則是口說報告。

1.	閱讀策略: Scanning, Skimming, Graphic Organizer, Vocabulary Log, Making Inferences, Using chunking to improve reading speed 
2.	聽力策略: Top-down prediction, 
3.	口語訓練: 矯正發音並訓練流暢度
4.    字彙：學術詞彙（Academic Word List)，詞串及其功能（lexical bundles)，搭配詞（collocations)，同義詞，相反詞，源自於拉丁文及希臘文的字根","課程目標
本課程訓練學生整合英文聽，說，讀，寫四種語言能力。目標是2學期的訓練後能達到下列能力指標。聽：可以聽懂TED 90％以上。說：能夠在有準備的情形下不看草稿做某一主題的簡報。讀：能夠不查字典看懂紐約時報90％的內容，並能掌握文章主旨脈絡。寫：能夠利用各種辭典（英英辭典，搭配語辭典）網路資源及Word文書處理器寫出通順而沒有嚴重文法錯誤的句子，並能夠注意搭配語的用法。字彙：掌握最常用的學術詞彙 Academic Word List。","課程要求
上課方式：(1) 登入線上系統做聽說讀寫的練習（2）課文講解 （3）分組討論 （4）每人輪流報告及回答問題 （5）即席寫作與報告。以上全部以英文進行。除了課堂上的練習，學生必須於課後自行連上本課程教學網頁及e-Learning系統訓練英文聽力與字彙與翻譯。每2-3週有小考。","20%	

作業及網路練習


20%	

作文

作文3次（包含更正）


40%	

 口語訓練


10%	

Project Presentation


10%	

小考

2-3次階段複習小考

本校尚無訂定 A+ 比例上限。
本校採用等第制評定成績，學生成績評量辦法中的百分制分數區間與單科成績對照表僅供參考，授課教師可依等第定義調整分數區間。詳見 學習評量專區。",課前或/與課後學習時數各一小時
03051,生物資源暨農學院,"This course primarily consists of teacher-led instruction and listening training. The instructional materials include news articles, literary works, film reviews, and other short texts selected by the teacher. The listening training involves watching television series and listening exercises. The selected readings cover topics such as gender and interpersonal relationships, social media, consumer culture, and other subjects, with a focus on animal ethics, which is the teacher's area of expertise. The course aims to be more than just a language training class; it also hopes to encourage students to deeply contemplate important issues that are relevant to their lives, similar to a general education course. The listening training involves quizzing students on important vocabulary and phrases they have learned through watching a Mandarin-subtitled television series, followed by playing the English version for them to review again. Listening exercises are designed around themes to provide students with opportunities for oral practice.","This course aims to assist students in developing fundamental English reading and composition skills to meet the language requirements of academic institutions. In addition, it is designed to help students learn effective listening strategies and enhance their speaking abilities. Besides the course textbook, materials such as films and television programs (e.g., Friends) will be provided for discussion and listening tests.","Regular attendance and active participation in class

*Students must attend all classes in the first week to enroll in the course.
*Students have to preview the assigned readings and finish assignments before class to be able to participate fully in class discussion. Active participation and attendance on time in all class activities are required. Students are required to apply for a leave at the myNTU system for their absence.  Students with three unexcused absences will not be allowed to take the final exam. Accumulating four excused absences—which constitutes one-fourth of the semester—will disqualify a student from receiving any grade in the A range.


**（This course is conducted bilingually. Due to the fast pace of instruction, non-Chinese-speaking foreign students are advised not to enroll.）

(成績評量標準補充說明)
三次無故未到將不得參加期末考，請假達四次成績將不會列於A等(A-，A，A+)
期中考與期末考各佔百分之三十，其餘百分之四十分配如下：
口頭報告佔百分之二十：本課程英聽訓練以英語進行，文本講解的部分為雙語授課。由於課程目標如前所述，除英語訓練外亦希望如通識課程般，引領同學深度思考與己身相關的各種議題，故口頭報告以中文報告與英文報告各佔百分之十的方式評分，中文報告的目的是鼓勵同學充分討論，不因議題較困難、口語表達能力不足，影響討論深度，於結束一至兩個單元後公布主題。英文報告則配合英聽教材，於學期中公布主題。
作業佔百分之十：以看影集之後的全學期小考成績為評量標準；期末可選擇繳交看影集時自己做的筆記、摘錄的單字片語，作為加分的參考
平時成績佔百分之十：以英聽教材進行聽力與口說練習時，鼓勵同學兩兩對話或分小組討論，再以自願方式上台表演，作為平時成績之參考；上課主動唸課文、回答問題、出缺席率，也列入平時成績考量。)

**中英雙語授課，完全不諳中文者請勿選課","30%	

Midterm


30%	

Final Exam


10%	

Assignments


20%	

Oral Presentation


10%	

General Performance

本校尚無訂定 A+ 比例上限。
本校採用等第制評定成績，學生成績評量辦法中的百分制分數區間與單科成績對照表僅供參考，授課教師可依等第定義調整分數區間。詳見 學習評量專區。","Before class, students are required to prepare for the English listening quiz or the assigned group presentation content, which is estimated to take about 1–2 hours. Post-class study time is self-determined.
課前須準備英聽小考或指定之分組報告內容，估計約1-2小時。課後學習時數自主決定。"
46928,,,,,,
34610,外國語文學系,,,,,
36327,外國語文學系,,,,,
35268,外國語文學系,"This course aims to acquaint students with essential writing skills. This semester, the course will focus on developing students’ knowledge in essay writing. Four writing modes will be introduced. Students will also need to participate in other writing-related activities, such as reading, discussion, peer review, and pair/group work.","•Learn the basic structure of an academic essay;
•Understand formal outlining, essay writing, essay presenting, and techniques; 
• Improve English vocabulary;
•Develop critical-reading skills;
• Review others’ writings for structure, content, and language.",待補,,
36175,外國語文學系,,,,,
19049,外國語文學系,"This course aims to acquaint students with essential writing skills. This semester, the course will focus on developing students’ knowledge in essay writing. Four writing modes will be introduced. Students will also need to participate in other writing-related activities, such as reading, discussion, peer review, and pair/group work.","•Learn the basic structure of an academic essay;
•Understand formal outlining, essay writing, essay presenting, and techniques; 
• Improve English vocabulary;
•Develop critical-reading skills;
• Review others’ writings for structure, content, and language.",待補,,
10184,外國語文學系,,,,,
55569,外國語文學系,,,,,
38945,外國語文學系,,,,,
22838,,,,,,
37731,,"第一節上課可以填加簽單，請不用再寫信給教師，謝謝!

This course introduces students to the development of English literature,1603-1785. At the centre of this course lies a balanced outlook on this period as one of political and religious conflicts, of intellectual and scientific developments, and of literary and cultural sophistication. Students will read from a wide range of genres/writers and will be encouraged, simultaneously, to consider the intrinsic merits of texts and to read a given text in relation to its historical and social contexts. *Please note that the language of instruction of this course is mainly Chinese.","By the end of this course, students will gain a basic understanding of the main genres and the larger thematic concerns of literature produced in this period.




Course Description
This course introduces students to the development of English literature,1603-1785. At the centre of this course lies a balanced outlook on this period as one of political and religious conflicts, of intellectual and scientific developments, and of literary and cultural sophistication. Students will read from a wide range of genres/writers and will be encouraged, simultaneously, to consider the intrinsic merits of texts and to read a given text in relation to its historical and social contexts. By the end of this course, students will gain a basic understanding of the main genres and the larger thematic concerns of literature produced in this period.

Evaluation:
Attendance and in-class discussions 20%.
Presentation: 20% 
Midterm exam: 30%
Final exam: 30%

Students should request leave permission via “Student Leave Management” available from myNTU. Absences of more than five times without permission will result in failure of the course. Absences of more than two times (albeit with permission) will result in deduction of attendance grade. For more information, please refer to “NATIONAL TAIWAN UNIVERSITY Regulations Governing Student Leave Requests” available from NTU Cool. An attendance record of more than five absences will result in failure of this course.

Weekly Schedule
Week 1: Class Overview
Introduction; Petrarchan Sonnets; John Donne, “Anatomy of the world,” “The Flea”
Week 2: Seventeenth-Century Poetry: Metaphysical Poets I
John Donne: “The Canonization,” “The Sun Rising,” Love’s Alchemy,” “A Valediction: Forbidding Mourning,” “The Good Morrow,” “Sonnet 10”
Week 3: Seventeenth-Century Poetry: Metaphysical Poets II
George Herbert: “The Altar,” “Easter Wings,” “Prayer (I),” “Virtue,” “The Pulley,” “Love (3)”                
Richard Crashaw: “To the Infant Martyrs,” “Non Vi”
Andrew Marvell: “To His Coy Mistress”
Week 4: Country House Poems; The English Civil War and the Cavalier Poets
Ben Jonson: “On My First Son,” “To Penshurst,” “Inviting a Friend to Supper”
Robert Herrick: “To the Virgins, to Make Much of Time”                
Richard Lovelace: “To Lucasta,” “To Althea”
Week 5: Seventeenth-Century Prose: Crisis of Authority; Liberty
Robert Filmer: Patriarcha; Thomas Hobbes: Leviathan; John Locke: Two Treatises of Government
Week 6: John Milton (I): Poems
John Milton: Introduction
Poems: “On the Morning of Christ’s Nativity,” L’Allegro, Il Penseroso, Lycidas, “When I Consider How My Light is Spent,” “Methought I Saw My Late Espoused Saint”
Week 7: John Milton (II): Areopagitica & Paradise Lost 1
Poems continued; Areopagitica; Paradise Lost: Introduction and selected readings from Book 1
Week8: John Milton (III): Paradise Lost 2
Paradise Lost: selected readings from Books 3 and 4
Week 9: John Milton (IV): Paradise Lost 3
Paradise Lost: selected readings from Books 8, 9, and 12
Week 10: Midterm Exam
Week 11: The Restoration and the Eighteenth Century; John Dryden
The Restoration and the eighteenth-century; 
John Dryden: An Essay of Dramatic Poesy; “Mac Flecknoe,” “Absalom and Achitophel,” Alexander’s Feast
Week 12: Aphra Behn
Oroonoko, or The Royal Slave 
Week 13: Swift (I)
Gulliver’s Travels 1
Week 14: Swift (II)
Gulliver’s Travels 2; A Modest Proposal
Week 15: Pope
The Rape of the Lock
Week 16: Final Exam
Weeks 17 and 18: Additional Reading Weeks; Student Presentations Due (Online)

*Week 1 homework: Norton Introduction to C17

Supplementary Course Policies
Safety Measures: All participants of this course are required to wear facemasks during the class. In our weekly discussions and weekly dialogues, the extra use of plastic face shields is recommended. Further details regarding health and safety measures will be adjusted in the needs arise.
Attendance Policy: Students must request leave of absence via “Student Leave Management” available from myNTU. Each student is allowed to apply for a leave of absence twice without point deductions. Please contact the instructor as well as the TA if you plan to be absent form the class. ATTN: More than five times of absence will result in failure of the course. Please refer to https://www.aca.ntu.edu.tw/WebUPD/aca/UAADRules/%E5%AD%B8%E5%89%87.pdf as our principal guideline.
Late-submission: Any assignments submitted later than the deadline will receive a 20% deduction and must be re-submitted within five working days after the deadline. Online Exam Late-Submission: If the course is moved online due to further Covid outbreaks, exams might be administered online. After the portal closes, students can submit their answers by emailing the instructor within 15 minutes after the deadline, with 20% deduction. No later submissions will be accepted, regardless the reasons. Please leave ample time at the submission stage.
Make-up exams: Make-up exams are not permitted. If your absence on the exam day is due to medical reasons, extenuating circumstances, or an official leave, you should produce relevant supporting documents such as a medical diagnosis by a physician. Make-up exams will be administered with a partially different version and should be done no later than five working days after the designated exam date. Make-up exams also results in 20% deduction of test scores.
Misconducts: The instructor, the TA, and the students jointly bear responsibilities for creating a fair and healthy learning environment for students. This course observes NTU’s policies regarding classroom misconduct. Please refer to 國立臺灣大學學則-111.01.14 as our principal guideline. The following behavioral incidents will constitute cheating in this classroom, including but not limited to significant plagiarism (a similarity of >20%), cheating while sitting in an exam (in-class or online), copying and pasting from external sources in an online exam, or discussing with peers during exams that are not open-book.
Plagiarism: Using others’ works, sentences, or ideas as your own without proper acknowledgement or citation will be viewed as plagiarism. Failures to give credit to the materials you use in essay questions, projects, or presentations will result in a score of zero for that assignment. If plagiarism is noted multiple times, your departmental office will be contacted for further action.
Cheating: *Cheating will result in the failure of this course. Guidelines for actions against cheating outlined in the following document will be observed in this class. Please refer to NATIONAL TAIWAN UNIVERSITY Regulations for Individual Student Rewards and Penalties as our principal guideline. For more information, please access https://advisory.ntu.edu.tw/CMS/Page/206.","Attendance, quiz, and in-class discussion 20%
Project: 20%
Mid-term exam: 30%
Final exam: 30%",,
47853,外國語文學系,"＊已選上之同學，請務必出席第一堂課(2/23)，缺席者視同退選本課程。
＊由於本系之英文作文課程為小班教學的實作課程，考量教室大小和課程品質，除非有同學退選，否則原則上不開放加簽，請同學們見諒。（仍欲登記順序等待加簽候補者，可另外寄信給我 yichengweng@ntu.edu.tw，謝謝）

＊This course will be conducted in both English and Mandarin.

Sophomore Composition is a one-year foundation course that helps students advance their writing skills, and prepares them for college writing. For this semester (second semester), we will focus on argumentative essays, before we turn to writing a short research paper.","Sophomore Composition is a one-year foundation course that helps students advance their writing skills, and prepares them for college writing.

For this semester (second semester), we will focus on argumentative essays, before we turn to writinga short research paper.","＊This course will be conducted in both English and Mandarin.

Students are responsible for submitting their work on time. Due dates for writing assignment are announced in class and also provided on NTU COOL website. This means that assignments are due on those days.
 
However, I recognise that sometimes laptops/computers can go on strike. In these instances, please email your assignment directly to me 24 hours of the due date. Please note that in this case, your work will only be eligible for 80% of the maximum number of points.

Assignments submitted more than 24 hours after the due date will not be accepted, unless reasonable excuse is provided beforehand (for sick leave, official medical report should be presented). You will not receive a grade/ comments for this assignment.","50%	

Attendance + Participation in class

Due to the nature of this course, students are expected to attend all classes unless they have a reasonable excuse for their absence.

Students are expected to participate actively in in-class activities. Students are also given the opportunity to review and edit their own and other’s written work in class.


10%	

Research plan

Always remember to submit assignments on time. Please refer to Late/Make-up policy for more details.


5%	

Individual meeting

Individual conferences will also be held in class throughout the semester. These are designed to give students the opportunity to discuss their own writing with the instructor individually.

Each student needs to register a time slot a week before individual meeting and show up on time! More information will be provided in class.


35%	

Final research paper

Students are expected to submit one short research paper. Please refer to Late/Make-up policy for more details.

本校尚無訂定 A+ 比例上限。
本校採用等第制評定成績，學生成績評量辦法中的百分制分數區間與單科成績對照表僅供參考，授課教師可依等第定義調整分數區間。詳見 學習評量專區。",3 hrs/ 5 hrs
41262,外國語文學系,"Composition II is a year-long course that focuses on writing full-length essays. In the previous semester, we closely examined four important writing skills: summarizing, evaluating, synthesizing, and arguing. These together set the core foundation for academic writing. In this semester, we will continue practicing these skills by going deeper into the “They say – I say” dialogue. A range of templates will be shared to help you formulate more complex sentences, which is essential for building nuanced, insightful, and contextually-sensitive arguments. Towards the end of the semester, we will also go through some forms of writing that many of you will encounter when applying for graduate school or short-term study abroad programs.

One additional area that we will be exploring this semester is the role of AI in academic writing. Specifically, we will be having several rounds of in-depth conversations on this topic, including: 1) how college students frequently use (and misuse) AI in writing, 2) what principles are usually highlighted in institutional AI policies, 3) in what ways can AI-assisted technologies be ethically incorporated into our writing, and finally 4) to what extent can human potential and human agency be enhanced – or undermined – in the process of working with AI.","By the end of this course you will:

•	Be more confident in engaging with – and responding to – different academic texts and debates
•	Advance your skills in summarizing, evaluating, synthesizing, and arguing
•	Continue applying these skills in writing full-length essays
•	Responsibly incorporate the use of AI in writing
•	Critically engage in discussions on the role of AI in writing
•	Understand the basic principles for writing a strong curriculum vitae (CV) and statement of purpose (SOP)",待補,"20%	

Attendance, assignments, and participation

Attendance is mandatory, and active participation in pair, group, and class discussions is highly encouraged. The weekly assignments, mostly involving pre-class reading or small writing tasks, are meant to prepare you for these discussions, which in turn should help you build stronger arguments in writing full-length essays. You are asked to be reflective of your own perspectives, responsive to critiques, and respectful of others’ opinions/experiences/life stories during discussion.


60%	

Compositions

You are required to write two argumentative essays in the spring semester, each between 1200-1500 words. The guidelines for the two compositions, however, are different.

The 1st composition: For the 1st composition, you will be asked to conduct your own research on a topic you find interesting and relevant. You are expected to look for and prepare materials for your writing before class and share them during class discussions. Essay writing for the first composition is divided into three stages (please refer to the course schedule). You will have time to write different parts of your essay in class (Week 4 and Week 5) and polish them between classes before putting everything together in a written draft (Week 6). You are encouraged to hand in an edited and revised version of your essay (Week 7). Since there will be opportunities to explore how AI can be incorporated into research and essay writing in the second half of the semester, the use of any AI tools is not allowed for the first composition. You must be your own content generator and proofreader.

The 2nd composition: In the 2nd composition, writing will be divided into three stages: pre-writing, during-writing, and post-writing. The topic to focus on will be collectively decided by the entire class. In each stage, you will start by doing the groundwork by yourself before you invite AI to push your work to another level (e.g., pre-writing: you create the reference list and the outline of your own composition first --> interact with AI; during-writing: you write the original draft first --> interact with AI; post-writing: you edit and revise your work first --> interact with AI). How to interact with AI will be an area we will discuss further in class, but the key rule is to be aware of inaccuracies, biases, and incomplete perspectives, which means that fact-checking, consulting multiple sources, and keeping humans in the loop are strongly advised. All interactions with AI will have to be recorded in a transparency report, and any decision made will need to be disclosed (e.g., to what extent AI responses are accepted and why). For this assignment, you are encouraged to explore how to use AI in ways that work most effectively for you, while at the same time being able to stand firm on the ground that you are the sole author of the composition. In other words, AI cannot be listed as a co-author.


20%	

CV &amp;amp;amp;amp; SOP

(This will be explained later in the semester)

本校尚無訂定 A+ 比例上限。
本校採用等第制評定成績，學生成績評量辦法中的百分制分數區間與單科成績對照表僅供參考，授課教師可依等第定義調整分數區間。詳見 學習評量專區。",Average 1-2 hour(s)
49124,外國語文學系,"This semester, the English Composition II course will continue to develop students' skills in writing academic essays.  In particular, students will be further introduced to the strategies that are essential in acdemic writing: ways to understand others' opinions and develop self opinion in response to writing audience and fit in writing purposes.","By the end of this course, students will be able to develop independent writing skills through the step-by-step writing process strategies.  Students will also compose genres of writing when different topics are provided.",,"20%	

Attendance & participation

Students need to come to class on weekly basis.  Good learning attitudes mainly include arriving classes on time and engage actively in various activities.


40%	

Writing assignments

Students will compose four writing assignments based on the writing topics of the textbook.


10%	

Student-led writing session

Students will sign up on and lead one writing session based on one textbook chapter.


30%	

In-class activities

Students will complete weekly in-class activities alongside the chapter topics presented in the textbook.

本校尚無訂定 A+ 比例上限。
本校採用等第制評定成績，學生成績評量辦法中的百分制分數區間與單科成績對照表僅供參考，授課教師可依等第定義調整分數區間。詳見 學習評量專區。",
46932,外國語文學系,"＊已選上之同學，請務必出席第一堂課(2/24)，缺席者視同退選本課程。
＊由於本系之英文作文課程為小班教學的實作課程，考量教室大小和課程品質，除非有同學退選，否則原則上不開放加簽，請同學們見諒。（仍欲登記順序等待加簽候補者，可另外寄信給我 yichengweng@ntu.edu.tw，謝謝）

＊This course will be conducted in both English and Mandarin.

Sophomore Composition is a one-year foundation course that helps students advance their writing skills, and prepares them for college writing. For this semester (second semester), we will focus on argumentative essays, before we turn to writing a short research paper.","Sophomore Composition is a one-year foundation course that helps students advance their writing skills, and prepares them for college writing.

For this semester (second semester), we will focus on argumentative essays, before we turn to writing a short research paper.","＊This course will be conducted in both English and Mandarin.

Students are responsible for submitting their work on time. Due dates for writing assignment are announced in class and also provided on NTU COOL website. This means that assignments are due on those days.
 
However, I recognise that sometimes laptops/computers can go on strike. In these instances, please email your assignment directly to me 24 hours of the due date. Please note that in this case, your work will only be eligible for 80% of the maximum number of points.

Assignments submitted more than 24 hours after the due date will not be accepted, unless reasonable excuse is provided beforehand (for sick leave, official medical report should be presented). You will not receive a grade/ comments for this assignment.","50%	

Attendance + Participation in class

Due to the nature of this course, students are expected to attend all classes unless they have a reasonable excuse for their absence.

Students are expected to participate actively in in-class activities. Students are also given the opportunity to review and edit their own and other’s written work in class.


10%	

Research plan

Always remember to submit assignments on time. Please refer to Late/Make-up policy for more details.


5%	

Individual meeting

Individual conferences will also be held in class throughout the semester. These are designed to give students the opportunity to discuss their own writing with the instructor individually.

Each student needs to register a time slot a week before individual meeting and show up on time! More information will be provided in class.


35%	

Final research paper

Students are expected to submit one short research paper. Please refer to Late/Make-up policy for more details.

本校尚無訂定 A+ 比例上限。
本校採用等第制評定成績，學生成績評量辦法中的百分制分數區間與單科成績對照表僅供參考，授課教師可依等第定義調整分數區間。詳見 學習評量專區。",3 hrs/ 5 hrs
50459,外國語文學系,see syllabus,see syllabus,see syllabus,,課前與課後學習時數 6 小時
28426,外國語文學系,"This semester, the English Composition II course will continue to develop students' skills in academic writing.  In particular, students will be further introduced to strategies that are essential in writing academic essays:  ways to understand others' words and develop self opinions in response to writing audience and fit in writing purposes.","By the end of this course, students will be able to develop independent writing skills through the step-by-step writing process strategies.  Students will also compose genres of writing when different topics are provided.",,"20%	

Attendance & participation

Students need to come to each class session and engage actively in various writing-related activities.  Good learning attitudes include arriving class on time and engage actively in communicative activities.


40%	

Writing assignments

Studens will compose four writing assignments based on the  writing topics of the textbook.


10%	

Student-led writing session

Students will sign up on and lead one writing session on one reading topic in the textbook.


30%	

In-class activities

Students will complete weekly in-class activities alongside the chapter topics presented in the textbook.

本校尚無訂定 A+ 比例上限。
本校採用等第制評定成績，學生成績評量辦法中的百分制分數區間與單科成績對照表僅供參考，授課教師可依等第定義調整分數區間。詳見 學習評量專區。",
23217,外國語文學系,"Composition II is a year-long course that focuses on writing full-length essays. In the previous semester, we closely examined four important writing skills: summarizing, evaluating, synthesizing, and arguing. These together set the core foundation for academic writing. In this semester, we will continue practicing these skills by going deeper into the “They say – I say” dialogue. A range of templates will be shared to help you formulate more complex sentences, which is essential for building nuanced, insightful, and contextually-sensitive arguments. Towards the end of the semester, we will also go through some forms of writing that many of you will encounter when applying for graduate school or short-term study abroad programs.

One additional area that we will be exploring this semester is the role of AI in academic writing. Specifically, we will be having several rounds of in-depth conversations on this topic, including: 1) how college students frequently use (and misuse) AI in writing, 2) what principles are usually highlighted in institutional AI policies, 3) in what ways can AI-assisted technologies be ethically incorporated into our writing, and finally 4) to what extent can human potential and human agency be enhanced – or undermined – in the process of working with AI.","By the end of this course you will:

•	Be more confident in engaging with – and responding to – different academic texts and debates
•	Advance your skills in summarizing, evaluating, synthesizing, and arguing
•	Continue applying these skills in writing full-length essays
•	Responsibly incorporate the use of AI in writing
•	Critically engage in discussions on the role of AI in writing
•	Understand the basic principles for writing a strong curriculum vitae (CV) and statement of purpose (SOP)",待補,"20%	

Attendance, assignments, and participation

Attendance is mandatory, and active participation in pair, group, and class discussions is highly encouraged. The weekly assignments, mostly involving pre-class reading or small writing tasks, are meant to prepare you for these discussions, which in turn should help you build stronger arguments in writing full-length essays. You are asked to be reflective of your own perspectives, responsive to critiques, and respectful of others’ opinions/experiences/life stories during discussion.


60%	

Compositions

You are required to write two argumentative essays in the spring semester, each between 1200-1500 words. The guidelines for the two compositions, however, are different.

The 1st composition: For the first composition, writing will be divided into three stages: pre-writing research, writing, and post-writing analysis. For this essay, the topic will be parasocial relationships. You are free to argue whether you believe parasocial relationships provide mostly positive or negative outcomes. For the pre-writing research, we will read Horton and Wohl’s article “Mass Communication and Para-Social Interaction: Observations on Intimacy at a Distance.” Following this, I will allocate the remaining class time for students to perform their own research into the phenomenon and formulate a position that they wish to argue. When grading, I will place an emphasis on the clarity with which students illustrate the position that others have adopted. Furthermore, as with composition II, I will pay close attention to the writing’s content, structure and language usage. 

The 2nd composition: In the 2nd composition, writing will be divided into three stages: pre-writing, during-writing, and post-writing. The topic to focus on will be collectively decided by the entire class. In each stage, you will start by doing the groundwork by yourself before you invite AI to push your work to another level (e.g., pre-writing: you create the reference list and the outline of your own composition first --> interact with AI; during-writing: you write the original draft first --> interact with AI; post-writing: you edit and revise your work first --> interact with AI). How to interact with AI will be an area we will discuss further in class, but the key rule is to be aware of inaccuracies, biases, and incomplete perspectives, which means that fact-checking, consulting multiple sources, and keeping humans in the loop are strongly advised. All interactions with AI will have to be recorded in a transparency report, and any decision made will need to be disclosed (e.g., to what extent AI responses are accepted and why). For this assignment, you are encouraged to explore how to use AI in ways that work most effectively for you, while at the same time being able to stand firm on the ground that you are the sole author of the composition. In other words, AI cannot be listed as a co-author.


20%	

CV &amp;amp;amp;amp;amp; SOP

(This will be explained later in the semester)

本校尚無訂定 A+ 比例上限。
本校採用等第制評定成績，學生成績評量辦法中的百分制分數區間與單科成績對照表僅供參考，授課教師可依等第定義調整分數區間。詳見 學習評量專區。",Average 1-2 hour(s)
46120,外國語文學系,,,,,
13834,外國語文學系,,,,,
26279,外國語文學系,,,,,
21385,外國語文學系,"This course is designed to offer an environment favorable for developing students’ communicative competence in the target language, viz., English. Towards this end, it provides various communicative activities in which students would need to speak strategically to achieve different purposes in realistic situations; additionally, it offers optimal opportunities for students to plan and deliver individual presentations as well as to organize and participate in semi-formal debates.","Three objectives are established for this yearlong course. Upon completion, students can expect to have developed the skills necessary: 
(1)	to interact with ease with interlocutors, listeners, and audiences, change elements of their presentation (such as the level of formality or abstraction) if those elements seem to be pitched wrongly, and deal with questions and other forms of feedback from their listeners,
(2)	to give accounts of complex issues of current societal and academic importance, and
(3)	to verbalize well-informed opinions on such issues, sustained by arguments and evidence that are the results of thoughtful engagement and relevant research.","1.	Two instances of unauthorized absence will result in a zero mark for the component of attendance and participation. 
2.	Repeated tardiness will lead to deduction of attendance scores (3 tardy days = 1 unauthorized absence).","30%	

Attendance and participation


15%	

Mid-term exam


15%	

Final exam


20%	

Digital storytelling project


20%	

Grand debate and exercises

本校尚無訂定 A+ 比例上限。
本校採用等第制評定成績，學生成績評量辦法中的百分制分數區間與單科成績對照表僅供參考，授課教師可依等第定義調整分數區間。詳見 學習評量專區。",1-2 hours
10736,外國語文學系,,,,,
38164,外國語文學系,"This course provides an immersive English-speaking environment where second-year DFLL students express ideas and opinions about complex issues. In this semester, students will further their oral training in reflecting and analyzing information, and learn to extend and expand conversation with sharpened delivery and thoughtfulness. Building on what they have practiced in the last semester, students will cultivate an advanced level of oral presentation with the help of visual information. In addition, students will acquire a more nuanced method of responding and facilitating discussions.","By the end of the semester, students will:
Be more confident in delivering critical thoughts in English;
Be able to prepare formal presentations alongside proper visual aids;
Develop skills in conducting topical discussions in different contexts and environments.",待補,"20%	

Attendance and participation


40%	

Individual presentation

2 times


10%	

Question facilitation


30%	

Group final project

本校尚無訂定 A+ 比例上限。
本校採用等第制評定成績，學生成績評量辦法中的百分制分數區間與單科成績對照表僅供參考，授課教師可依等第定義調整分數區間。詳見 學習評量專區。",3-4 hours of weekly study hours for the oral training course.
37732,外國語文學系,"This course aims to establish the foundation for English-major students to deliver public speeches in English. Students learn to select topics, collect essential information, analyze the audience, organize materials, improve delivery skills, distinguish different types of speeches, and further to evaluate their own and others’ speeches.","This course aims to provide students with an overview of the spread of the English language around the world, the emergence of World Englishes/ Global Englishes, and the development of the popularization of English as a world lingua franca. It examines the various concepts and theories developed in academia to account for the unprecedented global expansion of English. Through readings and class discussion, this course will look at key sociolinguistic, cultural, politico-economic and educational issues arising from the spread of English as well as the current issues and debates surrounding World Englishes/ Global Englishes. Students will be encouraged to conduct original research on or detailed analysis of the implications of English as the international language.",TBA,,-
17172,外國語文學系,"English Oral Training II continues to train students to think and speak about a wide range of topics (Unit 6, 8, 9, and 10).  Each student will prepare and give one discussion-based speech of their own interest based on one Unit topic.   Also, they will collaborate on a variety of speaking tasks in a pair or small groups.  As an integral part of the course, students will attend and engage in weekly class activities guided by the instructor.","By the end of the course, students will be able to (1) present about a topic in a semi-structured format; (2) share their opinions about a certain topic; (3) sharpen critical thinking through speaking tasks, and (4) carry out individual and collaborative speaking activities.",,"30%	

Class participation

Students need to come to each class session and engage actively in various speaking-related activities.  Good learning attitudes include arriving class on time and engage actively in communicative activities.


10%	

Topic presentation

Each student will prepare and give one individual speech about one 
relevant topic we are studying in the course.  Sign up on a date under a Chapter of your own interest.


10%	

News report

Students in a pair will select and collect news of an issue of interest.  Students will practice summarizing the information and expressing their opinions about the issue.


10%	

Role play

In a group of three, students will design and act out one show based on the 
course topics.  Students are expected to collaborate and practice well before they demonstrate to the class.


30%	

Midterm and Final assessment

To evaluate students’ speech outcomes, a semi-structured speaking assessment will be conducted during Midterm (Week 8) and final’s (Weel16) weeks.  Details to be distributed.


10%	

Self-evaluations

Students will record and reflect on their oral  performance using an instructor-designed evaluation form.

本校尚無訂定 A+ 比例上限。
本校採用等第制評定成績，學生成績評量辦法中的百分制分數區間與單科成績對照表僅供參考，授課教師可依等第定義調整分數區間。詳見 學習評量專區。",
12287,外國語文學系,,,,,
51969,外國語文學系,"This course aims to establish the foundation for English-major students to deliver public speeches in English. Students learn to select topics, collect essential information, analyze the audience, organize materials, improve delivery skills, distinguish different types of speeches, and further to evaluate their own and others’ speeches.","This course aims to provide students with an overview of the spread of the English language around the world, the emergence of World Englishes/ Global Englishes, and the development of the popularization of English as a world lingua franca. It examines the various concepts and theories developed in academia to account for the unprecedented global expansion of English. Through readings and class discussion, this course will look at key sociolinguistic, cultural, politico-economic and educational issues arising from the spread of English as well as the current issues and debates surrounding World Englishes/ Global Englishes. Students will be encouraged to conduct original research on or detailed analysis of the implications of English as the international language.",TBA,,-
58897,外國語文學系,"The course is designed to help students improve their speaking skills in English, and focuses on building students' confidence, fluency, and accuracy in spoken English through a variety of interactive activities and exercises. The second semester of this year-long course also aims to train students' advanced discussion skills, such as information synthesis, elaboration, summarization, etc. Students will work as individuals and in groups to give presentations and lead discussions.
The instructor will provide individualized feedback and guidance to help students improve their speaking skills. Students will also have opportunities to practice with their peers in a supportive and collaborative learning environment. By the end of the course, students are expected to be able to speak English with greater confidence and fluency, and will have developed the skills and strategies necessary for effective communication.","This course is designed to help students improve proficiency in English speaking by providing them with guidance and practice in the development of English oral skills. It is specifically designed for students enrolled in the second year of the Dept. of Foreign Languages and Literatures. Students' oral skills are developed through classroom interaction & lectures, assignments, presentations, and various video and audio clips designed to enhance learners' skills in understanding both formal and informal speech styles of English.","The course requires active participation and engagement from students. Students are expected to attend all classes and actively participate in class activities, such as discussions, presentations, and group work. In addition, students are expected to practice their oral skills outside of class, such as by engaging in conversations with (native) English speakers. Students are also expected to complete all assignments on time. Finally, students should be open to feedback and constructive criticism from the instructor and their peers in order to continue to develop their oral communication skills.","30%	

Attendance and Participation


25%	

Assignments


25%	

Presentations

Current Topic Discussion 15%, Interview 10%


20%	

Finalized Interview Presentation Recording

本校尚無訂定 A+ 比例上限。
本校採用等第制評定成績，學生成績評量辦法中的百分制分數區間與單科成績對照表僅供參考，授課教師可依等第定義調整分數區間。詳見 學習評量專區。",1-2
34693,無授課對象 / 歐洲暨歐盟研究學程,,,,,
20202,無授課對象,,,,,
40386,無授課對象,,,,,
24127,無授課對象,"The course follows the progression of the Compagnon A1 manual designed expressly for Taiwanese students by the French teaching team of National Taiwan University. The Amical 1 manual is also a central support for this course.
The content is divided into six units over the year:

Unit 1 - Salut, ca va
Unit 2 - Des gouts et des couleurs
Unit 3 - C’est mon projet
Unit 4 - Au jour le jour
Unit 5 - Metro, boulot… Ciao !
Unit 6 - Des histoires et des Hommes

Le cours suit la progression du manuel Compagnon A1 concu expressement pour les etudiants taiwanais par l’equipe pedagogique de francais de l’Universite nationale de Taiwan. Le manuel Amical 1 est egalement un support central de ce cours.

Le contenu pedagogique est decoupe en six unites sur l’annee :
Unite 1 - Salut, ca va
Unite 2 - Des gouts et des couleurs
Unite 3 - C’est mon projet
Unite 4 - Au jour le jour
Unite 5 - Metro, boulot… Ciao !
Unite 6 - Des histoires et des Hommes","The objective of this course is to bring the learners, through multiple and varied activities and a strong interaction between all the actors of the class, to acquire the skills required for level A1 of the Common European Framework of Reference, namely be able to communicate on familiar subjects, usual tasks as well as the immediate environment.

L’objectif de ce cours est d’amener les apprenants, a travers des activites multiples et variees et une forte interaction entre tous les acteurs de la classe, a acquerir les competences requises pour le niveau A1 du Cadre europeen commun de reference, a savoir etre capable de communiquer sur des sujets familiers, des taches habituelles ainsi que sur l’environnement immediat.","Everybody can attend this course.
An assiduous presence and active participation are required.

Tout le monde peut assister a ce cours.
Il est demande une presence assidue et une participation active.","30%	

Parcours d'évaluation n°3


30%	

Parcours d'évaluation n°3


15%	

Activités en classe


10%	

Fiche du mois


5%	

Abécédaire


5%	

Par coeur


5%	

Blabla

本校尚無訂定 A+ 比例上限。
本校採用等第制評定成績，學生成績評量辦法中的百分制分數區間與單科成績對照表僅供參考，授課教師可依等第定義調整分數區間。詳見 學習評量專區。","One lesson studied per week.

Une leçon travaillée par semaine."
51770,外國語文學系,"法文一課程藉由教材Amical 1循序漸進，逐步介紹法語發音、文法概念、詞彙，引導認識法國文化，建立基礎法語聽、說、讀、寫等溝通能力。
Ce cours de français 1 suit la progression proposée par la méthode de français Amical 1. Seront abordés des notions élémentaires sur la prononciation, la grammaire et le vocabulaire français. Certains aspects de la culture française seront également présentes, de manières explicite ou implicite. Les compétences communicatives langagières prévues pour le niveau A1 du CECR sont visées.","預期在一學年的課程之後，法文一的學生能夠達到「歐洲語言共同參考架構」（Cadre européen commun de référence）所訂定之法語 A1 程度，即具有法語最基本之簡易互動能力，能自我介紹並描述切身之週遭環境事物；並對法國文化有基本的了解。
A la fin de l'année, les élèves devront atteindre le niveau A1 défini dans le CECR : ils devront pouvoir « comprendre et utiliser des expressions familières et quotidiennes ainsi que des énoncés très simples qui visent à satisfaire des besoins concrets », « se présenter ou présenter quelqu'un et poser à une personne des questions la concernant - par exemple, sur son lieu d'habitation, ses relations, ce qui lui appartient, etc. » et pouvoir « répondre au même type de questions » ; ils devront pouvoir « communiquer de façon simple si l'interlocuteur parle lentement et distinctement et se montre coopératif ».","1.【想加選的同學請注意】本課程為第二類加選方式，開學後再向老師索取授權碼即可。

2.請已選上或是想加選的同學，如果還沒有填過本班的個人資料表(上學期已經填過就不需再填)，請盡量在2/25開學第一堂課前先填妥，連結如下：
https://t.ly/vg6q2

3.關於教材，請見下方「","60%	

Examens


16%	

Exercices


15%	

Tests


9%	

Mon journal de bord

本校尚無訂定 A+ 比例上限。
本校採用等第制評定成績，學生成績評量辦法中的百分制分數區間與單科成績對照表僅供參考，授課教師可依等第定義調整分數區間。詳見 學習評量專區。","課前學習時數：1小時
課後學習時數：2～3小時
註：本學習時數僅供參考，同學們可以按照自己的時間安排與學習步調來規劃學習時數。"
49392,無授課對象,"課程概述 Course Description
法文一，此課程將著重正確的發音練習，基本的文法概念及日常生活的法文溝通能力：聽說讀寫四個部份；主題部份，則涵蓋自我介紹、商店購物、旅遊問路等等

進度 Syllabus
上學期第一單元到第五單元
下學期第六單元到第十單元","課程目標 Course Objectives
接觸法國文化
基礎法文溝通能力
學習法語的樂趣與動機","課程要求 Requirements
課前預習
課後複習及作業
準時上課","10%	

小考


30%	

作業


20%	

期中考


20%	

期末口試


20%	

期末筆試

本校尚無訂定 A+ 比例上限。
本校採用等第制評定成績，學生成績評量辦法中的百分制分數區間與單科成績對照表僅供參考，授課教師可依等第定義調整分數區間。詳見 學習評量專區。","課前預習30分鐘，預習單字
課後複習一個小時,可上youtube ou Insta聽音樂或看短片三十分鐘"
12493,無授課對象,"課程概述 Course Description
法文一，此課程將著重正確的發音練習，基本的文法概念及日常生活的法文溝通能力：聽說讀寫四個部份；主題部份，則涵蓋自我介紹、商店購物、旅遊問路等等

進度 Syllabus
上學期第一單元到第五單元
下學期第六單元到第十單元","課程目標 Course Objectives
接觸法國文化
基礎法文溝通能力
學習法語的樂趣與動機","課前預習
課後複習及作業
準時上課","10%	

小考


30%	

作業


20%	

期中考


20%	

期末筆試


20%	

期末口試

本校尚無訂定 A+ 比例上限。
本校採用等第制評定成績，學生成績評量辦法中的百分制分數區間與單科成績對照表僅供參考，授課教師可依等第定義調整分數區間。詳見 學習評量專區。","課前預習30分鐘，預習單字
課後複習一個小時,可上youtube ou Insta聽音樂或看短片三十分鐘"
17038,無授課對象,"The course follows the progression of the Companion A1 textbook designed for Taiwanese students by the French teaching team at National Taiwan University. The Amical 1 manual is also a central support for this course.
The content is divided into six units over the year:

Unite 1 ? Salut, ca va
Unite 2 ? Des gouts et des couleurs
Unite 3 ? C’est mon projet
Unite 4 ? Au jour le jour
Unite 5 ? Metro, boulot… Ciao !
Unite 6 ? Des histoires et des Hommes

Le cours suit la progression du manuel Compagnon A1 concu expressement pour les etudiants taiwanais par l’equipe pedagogique de francais de l’Universite nationale de Taiwan. Le manuel Amical 1 est egalement un support central de ce cours.

Le contenu pedagogique est decoupe en six unites sur l’annee :
Unite 1 ? Salut, ca va
Unite 2 ? Des gouts et des couleurs
Unite 3 ? C’est mon projet
Unite 4 ? Au jour le jour
Unite 5 ? Metro, boulot… Ciao !
Unite 6 ? Des histoires et des Hommes","The objective of this course is to bring the learners, through multiple and varied activities and a strong interaction between all the actors of the class, to acquire the skills required for level A1 of the Common European Framework of Reference, namely be able to communicate on familiar subjects, usual tasks as well as the immediate environment.

L’objectif de ce cours est d’amener les apprenants, a travers des activites multiples et variees et une forte interaction entre tous les acteurs de la classe, a acquerir les competences requises pour le niveau A1 du Cadre europeen commun de reference, a savoir etre capable de communiquer sur des sujets familiers, des taches habituelles ainsi que sur l’environnement immediat.","Everybody can attend this course.
An assiduous presence and active participation are required.

Tout le monde peut assister a ce cours.
Il est demande une presence assidue et une participation active.",,
53472,,本課程主要透過兩條軸線：法文文法以及法語教材Inspire 1，一方面打下法語架構的地基，另一方面透過聽說讀寫來增加學生對於法國文化的認識和法語之應用。上課過程中主要透過教師與學生及學生間之互動來加強法語之使用以及興趣。,於一學年之課程中學習到歐洲語言共同參考架構(CECRL)中A1程度之基礎法語，即可用簡單的法語表達自己、溝通、聽懂簡易的與自己相關的主題、看懂簡單的小段簡介、寫出簡短的文字例如明信片、表格中的個人資料等。,"注意：欲修習本課程者必需聽過第一堂課之課程大綱，否則不予選修。 
1. 對學習法文有強烈動機。 
2. 上課態度嚴謹，切勿隨意遲到早退及曠課。 
3. 願意花時間學習/預習/複習。 
4. 本課程所有要求皆無補救方案，如補點名、補考、補交功課等。因病補考須有診斷證明。 
5. 下學期不收新生。 
6. 本課程不收旁聽生。","30%	

期中考


30%	

期末考


20%	

平時成績

注意：四次點名未到學期成績即為不及格，請病假從第三次起即須附上就診證明，否則以曠課論。且若有請假情事，須自行找同學補課，不可以請假為由不完成課堂交待功課事項。 

—20%（出席率、指定功課、上課表現、上課態度、與老師及同學於課程練習中互動等） 

曠課（-10/次）注意：無補點名，因遲到點名未到一概以曠課論。 

公事病喪假未出席（-2/次）注意：請假皆須透過「學生請假系統」申請才算完成請假手續。公事喪假須附上證明，病假從第三次起即須附上就診證明，否則以曠課論。 

上課抽點及指定功課、上課表現、上課態度、與老師及同學於課程練習中互動等未及格（-2/次）


20%	

平時小考

所有小考成績平均x20%

本校尚無訂定 A+ 比例上限。
本校採用等第制評定成績，學生成績評量辦法中的百分制分數區間與單科成績對照表僅供參考，授課教師可依等第定義調整分數區間。詳見 學習評量專區。",
37131,,,,,,
58441,,,,,,
28108,,,,,,
50608,外國語文學系,"This course explores the timeless journey of coming of age through a diverse selection of literary works, ranging from classic novels to contemporary fiction and short stories. By examining these texts, students will delve into the emotional, social, and cultural challenges faced by characters as they navigate the transition from youth to adulthood. Through close reading and class discussions, we will explore how themes like identity, relationships, societal expectations, and self-discovery are reflected and reimagined across different historical periods, cultural contexts, and narrative styles.

The course begins with two short stories—James Joyce’s “Araby” and Amy Tan’s “Rules of the Game”—which provide insights into the nuanced experiences of adolescence and early self-realization. We then move to a study of four novels: Sally Rooney’s Normal People, a contemporary exploration of complex relationships and emotional growth; Charlotte Bronte’s Jane Eyre, a classic narrative of resilience and self-definition within the constraints of Victorian society; Kazuo Ishiguro’s Never Let Me Go, a poignant reflection on identity and purpose within an unsettling dystopian world; and Ocean Vuong’s On Earth We’re Briefly Gorgeous, a poetic and deeply personal tale of memory, heritage, and becoming.

By engaging with these texts, students will develop critical reading and analytical skills while considering the universal and diverse aspects of growing up. Discussions will focus on how the coming-of-age experience is shaped by gender, class, culture, and historical context. Assignments will encourage students to connect the texts to their own experiences and the broader world around them, fostering both literary appreciation and personal reflection. 

* Non-major students interested in the course might need to wait until the semester begins to enroll, as they may not be able to register online.

**International students are welcome to join if they are interested in reading the assigned texts.

 If you have any questions, feel free to contact the instructor: brucehuang@ntu.edu.tw","1.	Develop Literary Analysis Skills: Students will develop essential skills for literary analysis and generate pertinent questions about the text, its contexts, and its implications, enabling them to approach other literary works independently.

2.	Familiarity with Major Themes: Students will become familiar with major themes and issues in coming-of-age narratives, such as identity formation, personal growth, societal expectations, and the complexities of relationships.

3.	Craft and Articulate Interpretations: Students will craft and articulate original interpretations of literature, supporting their arguments with solid evidence from the texts.

4.	Explore Cultural and Historical Contexts: Students will gain insights into how coming-of-age experiences are shaped by cultural, historical, and social factors, examining perspectives from diverse time periods, settings, and voices.

5.	Enhance Communication and Collaboration: Students will improve their critical thinking, written, and oral communication skills through participation in discussions, group activities, and storytelling projects. Collaborative assignments will also foster teamwork and peer engagement.","Discussion Questions: As part of the pre-class effort, each student should write two general questions (around 120 words each but no more than 150) about the reading of the week and submit them as an assignment on NTUCOOL (due Sunday at noon). The instructor will sort the questions and post those to be used for discussion in class the next day. Good questions will demonstrate the students’ deep engagement with the texts.

Participation: Students are required to come to class meetings prepared to discuss the assigned texts and actively participate in group discussions. Each group, consisting of 4-5 members, will provide in-depth answers to one of the week’s discussion questions. After class, students must fill out an online survey (via Google Forms, by Tuesday midnight) to rate the performance of each group member. 

Group Presentation: After discussion, each group will present its ideas for 5 minutes (and no more). A good presentation will have a concise central idea, supported by details from the texts. All members will receive the same presentation grade. Students should listen carefully to the presentations and mark fairly on the grading sheet.

Response Papers: Students will write three response papers (800–900 words each). The first paper must be on Normal People. Of the other three novels, submit papers on any two; if all three are submitted, the two highest scores will count. Each paper has its designated deadline; late submissions will not be accepted retroactively. Response papers should focus on a central issue or topic that is clearly connected to the course—such as themes discussed in class, questions raised in group work, or topics addressed in presentations. The aim is for students to engage deeply with the text in relation to the course content and to articulate their analysis of key themes and elements.

Story-Telling Project: For this project, students will work individually or in groups to create a story that relates to the course content and extends their understanding coming-of-age themes. The format is flexible and can include any medium, such as a video, podcast, creative writing piece, comics, or music. 

Project Exhibition: In the final class meeting, students will showcase their story-telling projects through a poster exhibition. Each group or individual will present their project, providing an opportunity for peers to engage with and appreciate the diverse ways in which coming-of-age can be interpreted and represented.","20%	

Discussion Questions


25%	

Participation

5% by instructor, 20% by group peers


15%	

Group Presentation

3% by instructor, 12% by classmates


20%	

Response Papers

6% Normal People, 14% the other two


5%	

Project Exhibition

Graded by classmates


15%	

Story-Telling Project

本校尚無訂定 A+ 比例上限。
本校採用等第制評定成績，學生成績評量辦法中的百分制分數區間與單科成績對照表僅供參考，授課教師可依等第定義調整分數區間。詳見 學習評量專區。",Approximately 5–6 hours per week; actual time spent may vary significantly depending on individual differences.
20083,外國語文學系,,,,,
31969,,,,,,
28542,,,,,,
26903,外國語文學系 / 歐洲暨歐盟研究學程,,,,,
21858,外國語文學系 / 中英翻譯學程,"Course Description
The course is a discussion-based seminar with a topic or an issue covered every two weeks.","Course Objectives 
Help students learn how the news is shaped by culture and media. Also, prompt students to think critically.","Requirements:
Attendance, active contribution, and reports.",,
28117,外國語文學系 / 中英翻譯學程,,,,,
13516,外國語文學系,,,,,
46618,,,,,,
55669,,,,,,
43303,中英翻譯學程 / 外國語文學系,,,,,
46165,外國語文學系,,,,,
35371,外國語文學系,,,,,
29023,,,,,,
52759,,,,,,
57419,外國語文學系,"This course provides a comprehensive introduction to the theory, research, and practice of language teaching, establishing a methodological foundation for future language educators. It explores current foreign language teaching approaches, fundamental principles of language learning and teaching, and their application in diverse instructional contexts. Beyond theoretical understanding, the course equips prospective teachers with practical teaching strategies and techniques aligned with established pedagogical principles. Through interactive activities and hands-on teaching experiences, students will examine effective instructional methods and learning resources, fostering their teaching competencies and professional growth.",本課程提供語言教學理論、研究與實踐的全面介紹，為未來語言教育工作者奠定方法論基礎。課程內容涵蓋當前外語教學方法、語言學習與教學的核心原則， 以及其在多元教學情境中的應用。除理論理解之外，課程亦培養學生掌握符合既定教學原則的實用教學策略與技巧。透過互動式學習活動與實作教學經驗， 學生將探討有效的教學方法與學習資源，以提升其教學能力並促進專業成長。,"1. Reading Reports and Class Discussion (閱讀報告與課堂討論)
Students will deliver brief team-based presentations on assigned textbook chapters and facilitate short discussions.

2. Micro-Teaching Demonstration (小組微型教學演示)
After one group presents a reading report that introduces key principles and techniques, another group will conduct a micro-teaching session lasting 20 to 25 minutes on the same topic.

3. Lesson Plan and Teaching Demonstration (教案設計與教學演示)
Each group will create a lesson plan and present a teaching demonstration lasting 20 to 30 minutes later in the semester.

4. Reflection on Learning (學習反思)
Students will be guided to reflect at the end of class on their reading, group discussions, or class activities. 

5. Self and Peer Evaluation (自評互評)
Students will evaluate their own teaching practices, as well as those of their peers, using the provided rubric.

6. Attendance and Class Participation (課堂參與)
Consistent attendance and active participation are vital for achieving success in this course. Arriving more than 30 minutes late or leaving early may be recorded as an absence. If you need to request time off, please notify the instructor and submit your leave request through the NTU Online Leave Request System. Please be aware that excessive unexcused absences can negatively impact your final grade.
修課學生請準時上課，充分準備並積極參與討論及課程活動。未能上課者，請依規定使用本校學生請假系統請假。 未經准假或假期已滿而缺課者，以曠課論，曠課一小時，以請假五小時論。平時請假達學期授課時數五分之一者，降該科學期成績一等第為原則，達四分之一者，降該科學期成績二等第為原則， 請假達三分之一者，成績以X等第（百分制零分）登錄。 (請參照國立臺灣大學學則).","30%	

Reading Reports and Reflections


15%	

Early Micro-teaching


35%	

Final Project: Lesson Plan and Demo


15%	

Self and Peer Evaluation


5%	

Attendance and Participation

本校尚無訂定 A+ 比例上限。
本校採用等第制評定成績，學生成績評量辦法中的百分制分數區間與單科成績對照表僅供參考，授課教師可依等第定義調整分數區間。詳見 學習評量專區。",3~6 hours
24553,歐洲暨歐盟研究學程 / 外國語文學系,,,,,
59483,外國語文學系,,,,,
53555,歐洲暨歐盟研究學程 / 外國語文學系,,,,,
39441,,,,,,
32496,外國語文學系 / 歐洲暨歐盟研究學程,,,,,
17731,,,,,,
40429,外國語文學系 / 中英翻譯學程,,,,,
24474,外國語文學系 / 中英翻譯學程,,,,,
49713,外國語文學系 / 中英翻譯學程,,,,,
37390,外國語文學系 / 中英翻譯學程,,,,,
54581,外國語文學研究所,,,,,
27674,外國語文學研究所,,,,,
44272,外國語文學研究所,,,,,
56407,外國語文學研究所,,,,,
27075,外國語文學研究所 / 婦女與性別研究學程,,,,,
12174,外國語文學研究所,,,,,
10185,外國語文學研究所,,,,,
40506,外國語文學研究所 / 西洋古典學學分學程,,,,,
16910,外國語文學研究所,,,,,
25587,外國語文學研究所,,,,,
12100,外國語文學研究所,,,,,
56739,外國語文學研究所,,,,,
12517,食品科技研究所 / 中草藥學程 / 食品科技學程,使學生了解經營環境與工廠管理重點，熟悉工廠管理工具，有能力遵照法規，比較競爭優勢，面向品質、成本、時效的管理目標，充分發揮能力，以利潤為中心做好工廠管理。,期望學生將來踏入社會，不論被派任為工廠生產管理幹部、品質管理幹部、研發幹部、廠長、或自行創業經營工廠，在工作上皆能勝任愉快。,"期中成績50％(期中考+平時成績:課堂回答問題,可加分)
期末成績50％(隨堂小考 30% + 作業 20% + 期末考 50%)",,
51560,食品科技研究所,"Materials, techniques, and applications of food packaging","1.	To familiarize with the current packaging materials 
2.	To apply a working knowledge of packaging techniques to food systems
3.	To comprehend packaging application in food products
4.	To provide the interrelationship of product-package-environment systems.",attendance is required,"50%	

Mid-term Exam

Group Project Assignment


50%	

Final Exam

Group Project Presentation

本校尚無訂定 A+ 比例上限。
本校採用等第制評定成績，學生成績評量辦法中的百分制分數區間與單科成績對照表僅供參考，授課教師可依等第定義調整分數區間。詳見 學習評量專區。",
18243,食品科技研究所,,,,,
27408,食品科技研究所,,,,,
22671,食品科技研究所,,,,,
14122,食品科技研究所,,,,,
19116,食品科技研究所,,,,,
36253,食品科技研究所,,,,,
43213,食品科技研究所,,,,,
55529,食品科技研究所,,,,,
27395,食品科技研究所,,,,,
25695,食品科技研究所,,,,,
32368,食品科技研究所,,,,,
51987,食品科技研究所,,,,,
25077,食品科技研究所,,,,,
31640,食品科技研究所,,,,,
23734,食品科技研究所,麥當勞為Interbrand 2025全球100大最佳品牌第9名。本課程以麥當勞企業運營為案例，邀請領域講師進行分週授課，透過品牌實際運作與實踐，提供學生瞭解有關食品安全與企業永續發展的策略架構與管理，相關內容架構於食品科學、風險分析、企業管理、品牌行銷以及永續經營的手法。,透過國際連鎖餐飲品牌的運營，具體提供迎合趨勢的食品安全與企業永續發展的策略架構與管理模式，期望透過本課程的修習，學生除了掌握目前市場趨勢，也能夠依據所學理論，結合產業實務的應用與考量觀點，探尋創新及宏觀的思維，進而能夠從容應對未來的就業準備或職涯規劃。,在品牌經營的分享下，能夠發掘實務執行的考量與執行重點，持續內化知識學習，並轉化成為選擇日後就業的選擇與準備參考,,1/2
51702,國際三校農業生技與健康醫療碩士學位學程 / 保健營養學程 / 台灣大學遠距教學課程 / 食品科技研究所,,,,,
16494,食品科技研究所,,,,,
46567,食品科技研究所,,,,,
18739,食品科技研究所,,,,,
40115,食品科技研究所,,,,,
22379,食品科技研究所,,,,,
35352,食品科技研究所,,,,,
17794,食品科技研究所,,,,,
28504,食品科技研究所,,,,,
39752,食品科技研究所,,,,,
38630,食品科技研究所,,,,,
52453,食品科技研究所,,,,,
49028,食品科技研究所,,,,,
28460,食品科技研究所,,,,,
34679,食品科技研究所,,,,,
46270,森林環境暨資源學系,,,,,
27550,森林環境暨資源學系,,,,,
46449,森林環境暨資源學系,選定主題後進行文獻與資料收集及分析，於期末繳交書面報告並準備投影片，於指定日期上台口頭報告,"本課程主要目的在訓練學生針對特定主題，在指導教授的指導下收集文獻與資料，將所收集的資料整理分析，製作海報，並進行口頭報告，報告同學認有必要可提供書面資料。
本課程目標在培養學生獨立收集資料、應對問題、簡報與製作海報傳達訊息的能力。",修課同學（個人或分組）在本學群專任老師中選定指導老師（不限一位），決定專題討論主題，並在指導教授指導下完成海報與相關文本。,,
38329,森林環境暨資源學系,待森林生物領域 本課程為統整課程，要求學生於過去在森林系的訓練與學得之知識中，找一個主題，能清楚地問出問題，並利用文獻蒐集和閱讀來回答所要問的問題。回答時應考慮不同的面向與科學證據，以及如何有邏輯性地組合所蒐集到的資訊和證據來說服讀者和聽眾。同時亦訓練學生科學報告所要求的細節及嚴謹度，並練習撰寫科學報告、發表和討論。,"內容之豐富齊備度
報告之正確清晰度
簡報之清楚生動度
主題的掌握了解度",,,
45451,森林環境暨資源學系,,,,,
21045,,,,,,
26297,,,,,,
32782,,,,,,
18111,,,,,,
39819,,,,,,
36334,森林環境暨資源學系,,,,,
47183,森林環境暨資源學系 / 森林環境暨資源學研究所,,,,,
24281,,,,,,
17292,森林環境暨資源學系 / 森林環境暨資源學研究所,本課程以培養學生熟練溫室氣體自願減量專案之各林業類型減量方法內容與如何撰寫專案計畫書的實務為課程核心。,其目標係讓參與授課學生瞭解森林碳匯知識與量化評估方法、林業類型減量方法與申請註冊程序與專案計畫書的內容，進而訓練學生能夠獨立撰寫專案計畫書能力。,上課專心、作業及報告(含書面及口頭報告)按時繳交及參與課堂討論。,"60%	

作業及報告

作業及報告(含書面及口頭)


20%	

課堂討論

課堂討論與互動


20%	

其他

如出席率及期末考等

本校尚無訂定 A+ 比例上限。
本校採用等第制評定成績，學生成績評量辦法中的百分制分數區間與單科成績對照表僅供參考，授課教師可依等第定義調整分數區間。詳見 學習評量專區。",4
10408,森林環境暨資源學研究所,本課程為生物學群專題討論A班，由林政道老師主授，袁孝維老師與丁宗蘇老師合授，欲修課者請先找三位老師討論,1. 學習者能有效地搜尋森林生態、生物、生態保育與資源管理相關領域相關領域的文獻，並能分析、整合並批判性地評價研究論文，展現出能對相關主題的研究發展與趨勢有深度的理解。2. 學習者能獨立地進行森林生態、生物、生態保育與資源管理領域的相關資料分析，並能理解與解釋其分析結果，適當地將結果與理論和現有文獻連結。3. 學習者能夠撰寫結構完整、邏輯清晰並引用適當的報告，並能有效地在研究室或公開場合中，進行口頭報告和與同儕討論。,"1. 需先取得指導老師同意
2. 課程將安排研討會形式報告，預計於五月週末辦理","80%	

專題討論書面與口頭報告


20%	

出席與討論

本校尚無訂定 A+ 比例上限。
本校採用等第制評定成績，學生成績評量辦法中的百分制分數區間與單科成績對照表僅供參考，授課教師可依等第定義調整分數區間。詳見 學習評量專區。",8
10960,森林環境暨資源學研究所,,,,,
14699,森林環境暨資源學研究所,,,,,
34204,森林環境暨資源學研究所,,,,,
36323,森林環境暨資源學研究所,,,,,
51873,森林環境暨資源學研究所,,,,,
50291,森林環境暨資源學研究所,,,,,
39502,森林環境暨資源學研究所,,,,,
19019,森林環境暨資源學研究所,,,,,
37132,森林環境暨資源學研究所,,,,,
22132,森林環境暨資源學研究所,,,,,
19598,森林環境暨資源學研究所,,,,,
59632,森林環境暨資源學研究所,,,,,
28843,森林環境暨資源學研究所,,,,,
95118,森林環境暨資源學研究所,,,,,
56161,森林環境暨資源學研究所,,,,,
57017,森林環境暨資源學研究所,,,,,
42185,森林環境暨資源學研究所,".緒論
.再生性木質纖維資源之來源與特性
.木質纖維資源之前處理
.木質纖維資源的醣化處理
.由木質纖維資源轉換為生質能
.木質纖維資源之熱性質與炭化
.由木材與樹皮抽出物製造保存藥劑
.由木質纖維資源萃取保健醫療用途之天然物
.其他轉換與特殊加工利用",本課程之目標在講解木質纖維資源利用的原理與技術，教授木質纖維資源之組成特性與化學利用，包括基本化學性質、前處理、醣化、生質能開發、保存藥劑以及保健醫療用途天然物之開發，使木質纖維資源成為高效率與高機能之生物材料。,平時成績 (50%)、報告 (50%)。,,
26205,森林環境暨資源學研究所,,,,,
19014,森林環境暨資源學研究所,,,,,
14557,森林環境暨資源學研究所,,,,,
48869,森林環境暨資源學研究所,,,,,
37933,森林環境暨資源學研究所,,,,,
24350,森林環境暨資源學研究所,,,,,
56448,森林環境暨資源學研究所,,,,,
53987,森林環境暨資源學研究所,,,,,
19290,森林環境暨資源學研究所,,,,,
51722,法醫學研究所,,,,,
13599,法醫學研究所,,,,,
11780,法醫學研究所,,,,,
42290,法醫學研究所,,,,,
13114,法醫學研究所,,,,,
32077,法醫學研究所,,,,,
34088,法醫學研究所,,,,,
42179,法醫學研究所,,,,,
25088,共同教育組,本課程以幫助新生了解大學學習與生活為開端，延伸至圓滿人生之引導。課程內容包含三大主題【（嗨！新鮮人）、（課業與生活）、（圓滿人生）】，每週依各大主題設計相關子題，在特別挑選的地點中營造出輕鬆的氛圍，鼓勵學生自在無慮地參與討論、發表想法、腦力激盪。針對每週子題，教師將事先提供相關基本資料。教師負責數週主持，多數週次由跨系學生分組主持、設計活動內容。主持組學生亦需於課前蒐集並閱讀更多輔助資料，以利進行分組口頭報告與分組討論、自由討論、互相切磋。另需繳交該學期規定之作業與心得等。,"(一) 幫助新生適應大學的學習方式與生活型態。
(二) 培養學生自我學習、溝通表達、獨立思考及批判反省的能力。
(三) 引導學生探索自我，思考未來的人生方向。",選修學生需積極參與課程之所有活動，亦鼓勵在課外時間與教師密切聯繫。,"30%	

 作業/報告


30%	

參與討論


20%	

 主持表現


20%	

出席率

本校尚無訂定 A+ 比例上限。
本校採用等第制評定成績，學生成績評量辦法中的百分制分數區間與單科成績對照表僅供參考，授課教師可依等第定義調整分數區間。詳見 學習評量專區。",課前1小時/課後1小時
51281,共同教育組,,,,,
21692,,"本課程預計透過「樂動」；即「音樂的動態行動」之概念，探索台灣的近代社會。我們將試圖體會在這個島嶼上，歷史和當代的人們經由各種樂舞活動所創造的共同意義和其影響。我們的目標是透過仔細聆聽和樂動參與，對過去150年來塑造台灣的社會組織和變遷，產生反思性、身體性、與情感性的不同觀點與新理解。我們會接觸各式各樣的傳統與當代樂種，包括儀式樂舞、社群樂舞、具政治性的樂舞、與大眾流行音樂。然而我們不求定義「台灣音樂」是什麼，也不力圖全面認識所有在台灣的樂種；反之，我們將藉由不同議題的探索—包括社群凝聚、移民與人權、墾殖、殖民現代性、政治與經濟、族群身分、多元文化與原住民主權、性別與性向、空間與環境、社會運動等—嘗試理解住在這塊土地上的原住民、漢人、新住民、及訪客，如何透過不同類型的音樂和舞蹈發聲與行動。

＊本課程將以英語進行，通常有許多國際交換生修課，歡迎本地同學來修課交流，課程著重於課堂小組分組討論、分組報告及小組合作寫作。
＊第一階段未選上的同學歡迎來旁聽第一堂課。本課程採用第三類（線上系統自動）加選，不發放加簽碼。","1)	基礎認識台灣各族群的不同傳統與當代音樂(與舞蹈)

2)	透過聆聽、發聲、舞動、表演等媒介反思自己與台灣歷史和社會的關係和所在位置

3)	應用「樂動」的概念，理解音樂表演在社會中扮演的動態角色，並發展批判思考能力，以分析多樣樂種與塑造社群、身分認同、政治經濟、與社會運動之關係。","1.	聆聽討論：本課程不需要任何音樂知識背景。然而，學生需在課前閱讀或觀看指定文章或影片，並在課堂上積極參與小組的聆聽討論。
2.	反思寫作：學生需撰寫每週預備討論的短作業，並完成三篇反思日誌，以整合跨週模組中的所學內容。任何明顯由生成式AI撰寫且未標註出處的寫作，將依據AI檢測結果大幅扣分。
3.	小組閱讀報告：學生將隨機分組，於第六至十三週間報告","15%	

每週團體討論 

1) 參與課堂間的小組討論，討論每週的閱讀和講課延伸問題；每週將新分討論小組及組內角色以促進討論。學生若需請假應在上課前透過NTU COOL信箱與助教聯繫以取得批准；無故缺席將累計扣分。

2) 每週以8/10的基本分起算，積極表現（例如主動提問互動，與小組建立良好討論氣氛，主動與全班分享討論等）將加分；被動參與或不當行為（例如有害言論、從未參與閱讀註解討論等）將扣分。


25%	

閱讀與反思作業

上課前完成當週的指定閱讀及相關作業；部分作業與閱讀以及討論相關，部分反思內容將配合課堂內容於上課期間公布。


15%	

分組閱讀報告

學生將被分成小組，於第6-13週之間報告該週的閱讀文章。評分將參考全班聽眾的回饋。


10%	

期中團體口頭報告

學生將被分成小組，合作介紹一個在台灣的指定樂器（或樂團形式），並編輯一則與此樂器相關的英文維基百科頁面。


20%	

期中團體書面報告

每組將團體報告撰寫成書面報告；每個組員並分別繳交自己的貢獻心得。報告需沒有拼音文法錯誤，最後文稿不得僅以AI生成複製，並遵循芝加哥手冊風格的引用規則，不得以任何形式抄襲。


15%	

期末團體報告

學生將自組4-5人之小組，將大稻埕走讀的創意觀察剪輯成影片報告。

本校尚無訂定 A+ 比例上限。
本校採用等第制評定成績，學生成績評量辦法中的百分制分數區間與單科成績對照表僅供參考，授課教師可依等第定義調整分數區間。詳見 學習評量專區。",2-3小時
25586,共同教育組,,,,,
26779,共同教育組,"This course develops students’ academic English proficiency in the Social Sciences domain through a structured progression from academic writing to oral communication.

The first part of the course focuses on foundational academic writing skills necessary for producing a structured social science report. Students learn how to formulate clear thesis statements, distinguish claims from opinions, integrate academic sources, develop analytical paragraphs, construct policy recommendations, and revise for clarity and coherence. The midterm assessment requires students to submit an evidence-based written report.

The second part of the course emphasizes oral communication in academic and professional contexts. Students practice persuasive speaking, academic presentations, data explanation, networking, interviews, and group facilitation. The final assessment requires students to present their written report orally, demonstrating structured argumentation, confident delivery, and effective audience engagement.

Through a task-based and skills-oriented approach, the course prepares students to communicate ideas clearly, critically, and confidently in English across academic and professional social science settings.","By the end of this course, students will be able to:

	Construct a structured academic report that presents a clear thesis, integrates relevant sources, develops coherent analysis, and offers reasoned recommendations.
	Apply essential academic writing skills, including summarizing and paraphrasing, citation integration, logical organization, and revision for clarity and precision.
	Deliver structured and persuasive oral presentations based on written academic work, demonstrating effective organization, delivery techniques, and audience awareness.
	Communicate professionally in academic and workplace contexts, including networking, interviews, team discussions, and persuasive exchanges.
	Demonstrate academic integrity and responsible use of AI tools in both written and oral assignments.",,"20%	

Attendance and participation


25%	

Midterm 

Written Report


25%	

Final 

Oral Presentation


10%	

Peer-bonding


15%	

Assignments


5%	

Oral Practice with TA

本校尚無訂定 A+ 比例上限。
本校採用等第制評定成績，學生成績評量辦法中的百分制分數區間與單科成績對照表僅供參考，授課教師可依等第定義調整分數區間。詳見 學習評量專區。",2-3 hours
48649,共同教育組,"This course supports students from the College of Science and the College of Engineering in developing the linguistic tools to communicate scientific ideas with clarity, accuracy and confidence. It welcomes students from all STEM disciplines, including those currently studying STEM through English or those who plan to do so in the future. Students will develop their ability to engage in meaningful academic discussions, present complex ideas clearly and collaborate efficiently in multicultural environments. Students will also enhance their teamwork, leadership and oral communication skills for future academic and professional success.","By the end of this course, students will be able to:

1. Identify key points and summarise complex ideas from multimodal STEM sources.
2. Explain scientific workflows and logic using clear visual representations and STEM terminology. 
3. Collaborate effectively in team settings to ensure a productive workflow and the professional exchange of ideas.
4. Participate in conference-style discussions by using cautious language to signal stance and manage rebuttals.
5. Justify feasible technical solutions by integrating evidence and assessing impact and scalability.
6. Deliver concise, audience-focused presentations and defend arguments during Q&A sessions.
7. Confidently engage in academic discussions with international scholars.",,"40%	

Exams

Midterm and final exams (20% each)


40%	

Individual Assignments

Students are required to complete homework tasks designed to build core skills. Students are also required to develop a Reflective Journal.


20%	

Attendance and Participation

Students are evaluated based on their active contributions to class discussions, collaborative efforts in group projects and the quality of in-class tasks.

本校尚無訂定 A+ 比例上限。
本校採用等第制評定成績，學生成績評量辦法中的百分制分數區間與單科成績對照表僅供參考，授課教師可依等第定義調整分數區間。詳見 學習評量專區。",2-3 hours
53939,共同教育組,,,,,
33722,,"讀劇，是劇場藝術工作至為關鍵的環節，戲劇藝術表現人類文明傑出的語言成就，劇本文字為呈現語言而備，紙上文字要轉譯為台上語言，讀劇是導演、演員等詮釋者交換意見、統一藝術表現的樞紐。
馮翊綱以四十年的劇場實務經驗，設計適宜初學者的課目。期望通過學習，使學生親近劇本文學、冶煉口語表達、培養人文品味。",部分進度為課堂講授，大部分週次，學生需選擇講義教材中的獨白、對白各一個段落，於課堂呈現，並欣賞其他同學的呈現與聽取授課者的現場評量。課程全以中文授課，須於課堂上公開朗讀，必具備閱讀與主動的語言表達能力。,學生需選擇講義教材中的獨白、對白各一個段落，於課堂呈現，學期成績來自於兩次的課堂呈現（90%），以及出席紀錄（10%，缺席三次以上不評學分）。無需書面報告與筆試。,"90%	

學生需選擇講義教材中的獨白、對白各一個段落，於課堂呈現，學期成績來自於兩次的課堂呈現 


10%	

出席紀錄（缺席三次以上不評學分）。無需書面報告與筆試。 

本校尚無訂定 A+ 比例上限。
本校採用等第制評定成績，學生成績評量辦法中的百分制分數區間與單科成績對照表僅供參考，授課教師可依等第定義調整分數區間。詳見 學習評量專區。",2
12313,共同教育組,"In this course, students will enhance their English proficiency and disciplinary literacy through the dynamic lens of agriculture and bioresource sciences. This course aims to equip students with the linguistic tools necessary for academic success in English-medium environments, particularly in fields related to agriculture and bioresources. By integrating content-based instruction with practical language applications, students will develop crucial skills in reading complex texts, engaging in scientific discourse, taking effective notes, and exercising critical thinking. This course is designed to foster not only language competence but also confidence in using English in their future academic and professional careers. Upon completion, students will be better prepared to tackle advanced studies and contribute to global discussions in their fields.

To achieve these goals, the course is structured around several thematic units, each designed to focus on specific integrated language skills tailored to contexts in agriculture and bioresources. These units will explore topics such as sustainable farming practices, food and society, and environmental impacts of agricultural development. Within each unit, students will practice and refine their reading comprehension through analysis of scientific articles, enhance their spoken English during class discussions and presentations, and develop their writing and note-taking skills by summarizing key information and arguments. This integrated approach ensures that students not only learn English in an applied manner but also gain a deep understanding of important issues facing the agricultural sector today, preparing them for real-life applications and further specialized studies.

Note: This course will be conducted entirely in English.","Upon completion of this course, students will be able to demonstrate the following Core Competencies (CC):

CC1: Advanced Vocabulary Acquisition
Mastery of specialized terminology and phrases pertinent to bioresources and agriculture.

CC2: Reading Comprehension
Ability to critically analyze and understand a variety of texts, including textbooks, popular writing, and scientific research, related to agriculture and bioresource sciences.

CC3: Oral Communication Skills
Proficiency in discussing and presenting on topics related to agriculture, engaging in academic discourse, and articulating arguments and insights in a clear, organized manner.

CC4: Writing and Note-Taking Proficiency
Skills in writing coherent, structured texts such as summaries and essays, as well as taking thorough and useful notes during lectures and from reading materials.

CC5: Critical Thinking and Analysis
Capacity to evaluate and synthesize information from various sources, critically assess arguments, and contribute thoughtfully to discussion on agricultural and bioresource issues.

CC6: Communicative and Team Skills
Ability to communicate effectively with team members in order to organize ideas and workflow.",,"10%	

Attendance


30%	

Participation


20%	

Quizzes & Assignments


20%	

Mid-term


20%	

Final

本校尚無訂定 A+ 比例上限。
本校採用等第制評定成績，學生成績評量辦法中的百分制分數區間與單科成績對照表僅供參考，授課教師可依等第定義調整分數區間。詳見 學習評量專區。",The estimated out-of-class learning hours are 2 hours per week.
38614,共同教育組,"This course is tailored for Business Management students aiming to elevate their English proficiency, with a particular focus on oral communication and career preparation. Serving as a bridge to English as a Medium of Instruction (EMI) courses, this ESAP course equips students with the linguistic and communicative skills needed for advanced academic and professional environments. Students will practice summarizing key points, facilitating group discussions, and asking clarifying questions—essential skills for success in EMI courses.

In addition to oral skills, the course offers an in-depth analysis of the language structures used in business case studies and proposals. It also covers crucial career preparation topics such as resume writing and interview skills, empowering students to effectively present themselves in both academic and professional contexts.","By the end of this course, students will be able to:

Enhance Oral Communication: Improve oral English proficiency through targeted practice in speaking, listening, and interactive communication, particularly in business-related scenarios.

Prepare for EMI Courses: Develop key skills necessary for success in EMI courses, including summarizing academic content, facilitating discussions, and asking effective clarifying questions.

Analyze Language Structures: Identify and apply the specific language structures used in writing business case studies and proposals, improving their ability to produce clear and persuasive academic and professional documents.

Master Career Preparation: Develop strong resume writing and interview skills, enabling students to effectively showcase their qualifications and confidently navigate the job application process.

Engage in Academic and Professional Discussions: Actively participate in discussions, utilizing appropriate language and strategies to express ideas, ask questions, and engage with peers in both academic and professional settings.

Bridge Academic and Professional English: Integrate academic language skills with practical business communication, preparing for both academic success and professional effectiveness in the field of Business Management.",,"20%	

Attendance and participation

Attendance, punctuality, attentativeness, active participation, voluntary responses, extra effort


20%	

Midterm (mock interview)


5%	

Midterm (integrated speaking activity)


30%	

Final exam 

Writting proposal: 30%
Group oral presentation: 70%


10%	

Assignements 

Resume, integrated speaking activity + Peer Review (NTU COOL)


10%	

Peer-bonding activity


5%	

Business Pitch 

Individual

本校尚無訂定 A+ 比例上限。
本校採用等第制評定成績，學生成績評量辦法中的百分制分數區間與單科成績對照表僅供參考，授課教師可依等第定義調整分數區間。詳見 學習評量專區。",2-3 hours
17150,基因體暨蛋白體醫學研究所,"本課程將從各角度介紹癌症生物學，包括癌細胞內的遺傳物質，癌細
胞間的溝通，癌細胞與微環境的互動，以及傳統和前沿癌症的研究方
法學","提供修課學生一個全面性對癌症的理解，進而協助學生往特殊的領域
精進",無,"20%	

出席率


40%	

期中考


40%	

期末考

本校尚無訂定 A+ 比例上限。
本校採用等第制評定成績，學生成績評量辦法中的百分制分數區間與單科成績對照表僅供參考，授課教師可依等第定義調整分數區間。詳見 學習評量專區。",
11589,基因體暨蛋白體醫學研究所,待補,待補,待補,,
29022,基因體暨蛋白體醫學研究所,待補,待補,待補,,
26061,基因體暨蛋白體醫學研究所,課程中將以書報討論方式，探討基因體與蛋白體醫學之應用與進展，以瞭解基因體與蛋白體醫學研究領域目前世界上發展趨勢，並討論國內目前之研究現況，使學生能了解各領域之發展，以期增加學生跨領域之整合能力。,整合基因體與蛋白體醫學的基本知識，並結合當前基因體與蛋白體疾病與致病機轉之研究探討，使學生能夠了解基因體與蛋白體科學之最新發展。,修課同學必須輪流報告論文，積極參與討論。,,
27683,基因體暨蛋白體醫學研究所,待補,待補,待補,,
11640,基因體與系統生物學學位學程,,,,,
10488,基因體與系統生物學學位學程 / 生命科學院院學士學位,,,,,
25309,,"本課程將介紹生物資訊學在日常生活中的應用。我們將探索DNA和基因的功能、人類基因組的定序及定序技術的進步。接著我們將了解DNA突變如何導致遺傳疾病，並進一步討論生物資訊學在個人化精準醫療和癌症治療中的應用。我們也將介紹液體活檢和產前檢測在檢測基因突變和疾病中的診斷潛力。此外，我們將討論生物資料庫和全基因組關聯研究（GWAS）在偵測致病基因中的應用，以及與臨床基因組數據的倫理及個人隱私相關問題。我們還將審視生物資訊分析如何揭示家族史及人類群體的遺傳多樣性。

在整個課程中，我們將透過觀看影片並進行小組討論，以加深對課程主題的理解。

本課程「不接受」期中停修。分組將在第二週進行。",學生應對生物資訊領域及其於現代社會中的應用有基本的瞭解。,本課程要求出席與主動參與討論。,,
15400,基因體與系統生物學學位學程,,,,,
17638,基因體與系統生物學學位學程,,,,,
28675,基因體與系統生物學學位學程,,,,,
55254,基因體與系統生物學學位學程,,,,,
20598,基因體與系統生物學學位學程,,,,,
54470,基因體與系統生物學學位學程,,,,,
20356,基因體與系統生物學學位學程,,,,,
51441,基因體與系統生物學學位學程,,,,,
34026,基因體與系統生物學學位學程,,,,,
26736,基因體與系統生物學學位學程,,,,,
15668,基因體與系統生物學學位學程,"Style：Progress report

(1) Please submit your abstract to the teaching assistant one week before your progress report, and the teaching assistant will forward it to all teachers and classmates.
Presentation time is within 60 minutes for a student (45 minutes of presentation, 15 minutes of questions). The other students (audience) need to fill out the feedback and score sheet, as shown in Appendix. This course is progress report in English. When preparing your report, please consider students and teachers from different backgrounds.


(2) Grading rules:
2.1. Speech performance: including slide contents, oral expression, time control, questions and answers, and presentation style
2.2. The final grade is the sum of the student's average grade (40%), and the teacher's average grade (60%). Scores should be in the 70-95 range as much as acceptable. If the score is higher than 95 or lower than 70, the reasons must be explained.
2.3. Bonus: Attendance rate, score sheets, and the frequency of asking questions as the bonus points (For the bonus part, the total number of questions asked is 1 point for more than 5 times and 2 points for more than 10 times; full attendance and no missed submissions add up to 2 points.)",待補,,"60%	

teacher's average grade


40%	

 student's average grade 


0%	

Bouns

(For the bonus part, the total number of questions asked is 1 point for more than 5 times and 2 points for more than 10 times; full attendance and no missed submissions add up to 2 points.)

本校尚無訂定 A+ 比例上限。
本校採用等第制評定成績，學生成績評量辦法中的百分制分數區間與單科成績對照表僅供參考，授課教師可依等第定義調整分數區間。詳見 學習評量專區。",
51294,基因體與系統生物學學位學程,,,,,
17029,基因體與系統生物學學位學程,,,,,
30696,基因體與系統生物學學位學程,,,,,
47992,基因體與系統生物學學位學程,,,,,
18171,基因體與系統生物學學位學程,,,,,
26367,基因體與系統生物學學位學程,,,,,
95086,基因體與系統生物學學位學程,,,,,
95108,基因體與系統生物學學位學程,,,,,
30092,基因體與系統生物學學位學程,,,,,
27406,基因體與系統生物學學位學程,,,,,
25183,基因體與系統生物學學位學程,,,,,
17539,基因體與系統生物學學位學程,,,,,
13343,基因體與系統生物學學位學程,,,,,
48923,基因體與系統生物學學位學程,,,,,
43337,基因體與系統生物學學位學程,,,,,
43925,地質科學系,"Learn about Taiwan’s geology and how the island has formed on this four-day excursion to the beautiful Hengchun Peninsula in southern Taiwan. During the course, you will see million-years old rock formations, search for fossilized shells in the jungle, and explore the spectacular landscape of uplifted ancient coral reefs. On our way, we will stop at the earthquake museum in Wufeng, and we will also visit Moon World where you can explore a landscape that looks as if it were from another planet.
This course is designed for non-geology students, which gives a general geological introduction to Hengchun Peninsula, Southern Taiwan. Students will learn how to observe the field and take geological surveys to understand surface geology. This course includes one indoor class, one rock identification class, a four-day field excursion with daily assignments, and the final exam.
The field excursion involves some challenging physical activities, such as climbing sharp coral reefs and hiking through a gorge. If you are interested in learning about geology while getting sweaty and dirty in the process, then this course is perfect for you.

The course will be taught in English and is specially designed for international students.
***本課程使用英文授課、英文作業及試卷，旨在協助非中文母語人士瞭解台灣及地質相關知識，該課另有多個以中文形式授課的課程，建議中文母語學生以選修中文課程為優先。
To ensure that as many students as possible have the opportunity to take this course, priority will be given to those who are only staying in Taiwan for a short time (i.e., exchange students).
***未報到視同自願退選，開學前的兩階段初選，皆僅開放國際生選修；開學後的報到及現場加簽，開放本國之外系生索取加簽碼選課。
Non-international students can sign up in person in the first week of the semester.","1. Fundamental knowledge of concepts and theories in Geosciences
2. Practical training and knowledge for making geological surveys in the field
3. Experimental skills and knowledge","To successfully register for the course, please enroll online and finish the in-person registration during the first week of the semester.

================= In-person Registration & Sign-up ===========================
Date: Tue., Feb. 24, 2026
Location: Basement Lecture Room, Department of Geosciences, NTU
Time: 
  -Registration: 12:45–13:15 
  -Sign-up: 13:15–13:45 

Notice: 
(1) Please come in person and fill out the insurance information (passport number will be required). 
(2) Participants need to pay NT$5,500 to cover most of the expenses for the excursion.
(3) For those who, unfortunately, need to withdraw from the course after registering, a handling fee of NT$3,000 will be charged. Starting one week before the indoor class, the full excursion fee will become non-refundable.

***For those who haven’t enrolled in the online system but still want to join the class, the sign-up process is held on the same day after registration. 
(1) Number cards will be handed out starting from 12:30 (this will be done on a FIRST-COME, FIRST-SERVED basis). 
(2) After calculating the number of available spots, those eligible to sign up can start the registration process at 13:15. Authorization codes for the course will be distributed once registration is complete. 

================= Indoor Lesson & Pre-Excursion Training ================== 
Date: Sat., Mar. 21, 2026
Time: 9:20–12:20; 13:20–16:00 
Location: Basement Lecture Room, Department of Geosciences, NTU
Content: 
(1) Introduction of the background geology of Hengchun and field survey
(2) Fieldwork grouping and roll call 
(3) Introduction of stratigraphic column, rock identification, and quiz 

============================ Field Excursion ============================ 
Date: Fri., Mar. 27 to Mon., Mar. 30, 2026
Time: Depart at 7:00 on March 27 and return to campus around 18:00 on March 30. 

=========================== Final Examination ============================ 
Date: Sat., Apr. 11, 2026
Time: 10:00–12:00 
Location: Basement Lecture Room, Department of Geosciences, NTU

***If you have any questions, please feel free to contact TA—Yi-Jen Lee (Jane); yjlee331@ntu.edu.tw","20%	

Indoor lesson &amp;amp; Pre-excursion Training

Students are required to join the indoor lesson and work in groups to finish the pre-excursion training assignment.


50%	

Field excursion

Students are required to work in groups to finish the daily exercises and assignments.


30%	

Final examination

The final exam is an individual test with no reference materials or notes allowed.

本校尚無訂定 A+ 比例上限。
本校採用等第制評定成績，學生成績評量辦法中的百分制分數區間與單科成績對照表僅供參考，授課教師可依等第定義調整分數區間。詳見 學習評量專區。",
17047,地質科學系,,,,,
41917,地質科學系,,,,,
49459,地質科學系,,,,,
23623,地質科學系 / 離岸風力發電學分學程,,,,,
49171,地質科學系,,,,,
95089,地質科學系,,,,,
95149,地質科學系,,,,,
11894,地質科學系 / 能源科技學程 / 理學院院學士學位 / 地質科學研究所,,,,,
95120,地質科學系 / 地質科學研究所,,,,,
57799,地質科學系 / 地質科學研究所,,,,,
53386,地質科學系 / 地質科學研究所,,,,,
21882,地質科學系,"本課程主要針對地質系大學部高年級學生，以及過去未曾接觸沉積學相關課程之研究所學生，介紹沉積學的各種基本原理，包括有：
1.沉積作用
2.組織與構造
3.組成與岩性
4.陸域沉積
5.海岸沉積
6.海域沉積
7.生物沉積
8.火山沉積
9.沉積學的應用
本課程每週上課前會發給修課同學相關之授課綱要及閱讀文獻。老師鼓勵同學積極發問並參與討論。除了課堂授課外，本課程計畫安排一次北海岸的野外考察。如果狀況許可，有可能另加一次恆春半島的考察。
本課程之目標為提供同學沉積作用與沉積環境的基本概念，以及沉積岩層的主要特性，並介紹如何利用沉積學的知識從事資源探勘和環境變遷的研究。修課同學需具備基礎的地質學知識。",待補,待補,"30%	

Homework report


30%	

Homework presentation


40%	

Final exam

本校尚無訂定 A+ 比例上限。
本校採用等第制評定成績，學生成績評量辦法中的百分制分數區間與單科成績對照表僅供參考，授課教師可依等第定義調整分數區間。詳見 學習評量專區。",
25986,地質科學系 / 地質科學研究所,"Geothermic origin is related to the mechanisms of planet formation. The distribution and amount of geothermal heat flux can influence the activity degree of plate tectonics and human living environment. This course plans to make students (1) understand the heat source of the Earth and the geothermal influences to the Earth and human future, (2) learn the knowledge and research methodology of modern geothermics, (3) cultivate the optimal litheracy of concreting abstract concepts and coexistence of human being and natural resource, (4) comprehend and practice sustainable development by learning case studies of geothermal exploration and development.

01 緒論，地熱學&地熱資源
02 熱學方程式
03 地熱儲集層
04 地熱系統概念
05 簡單定量模型
06 地球物理探勘
07 地球化學調查
08 地熱地質調查
09 數值模擬&地熱地質概念模型
10 戶外教學
11 井下測量
12 完井& 產能測試
13 生產管理
14 案例分析
15 期末報告
16 期末書面報告

01 Introduction, Geothermics and geothermal Resource
02 Heat Equations
03 Geothermal Reservoirs
04 Concepts of Geothermal Systems
05 Simple Quantitative Models
06 Geophysical Exploration
07 Geochemical Survey
08 Geological Investigation
09 Simulation & Conceptual Geothermal Geological Model
10 Field Trip 
11 Downhole Measurement
12 Well Completion & Production Test
13 Field Management
14 Case Study
15 Final Presentation
16 Final Report",,,,
49658,地質科學系 / 地質科學研究所,"地震層析成像的板塊構造重建（Tomotectonic plate reconstruction）為新興之大地構造重建方法。利用地球物理的資料，將已經隱沒之海洋板塊重新復原並作為大地構造重建之制約。本課程會簡介地震層析成像的原理，解析度與使用限制，並介紹如何將地幔板塊構造與地表地質證據相關聯。

本課程使用SKUA GOCAD軟體為地幔板塊三維建模工具，並於國立臺灣大學計算機及資訊網路中心上課。兩小時的課程包含第一節教師授課與軟體使用教學，第二節則為學生實際操作，並完成指定作業。

SKUA GOCAD廣泛應用於地質工程、地球物理勘探、礦業開發、水利工程等領域。熟悉該軟體操作可作為未來進入相關領域工作的準備。

上課時間: 星期二 6,7(13:20~15:10)
上課地點: 臺大計算機中心 206教室

第1週 地震層析成像的解析度與使用限制。Introduction to tomographic imaging and resolution limitations.
第2週 三維板塊建模與解釋。3D subsurface mapping and interpretation from tomography.
第3週 課堂練習Exercise 
第4週 課堂練習Exercise & 期末專題介紹Final project intro
第5週 課堂練習Exercise &繳交課堂練習作業
第6週 3.31 Gocad於地熱碳封存與防災的應用(邀請演講，地質213教室)  
第7週 期末專題Case study
第8週 期末專題Case study
第9週 期末專題Case study
第10週 期中口頭報告Mid-project review
第11週 期末專題Case study
第12週 開源向量編輯軟體Inkscape簡介 Introduction to Inkscape
第13週 期末專題與海報製作Case study and drafting a poster
第14週 期末海報預覽  Final project poster previews
第15週 6.2 期末海報報告（未來教室共同103）Final project poster session
第16週 期末報告意見回覆 Poster session comment & reply","1.	可以正確操作SKUA GOCAD軟體，並進行三維板塊構造建模。
2.	可以解釋構建之板塊特徵並與地表地質紀錄相關聯。","課堂練習書面 20%
期中口頭報告 25%
期末海報報告 40%
期末報告意見與回覆 15%
期末海報報告使用共同103未來教室。海報的製作建議用向量編輯軟體如Adobe Illustrator，或開源軟體Inkscape。亦可使用Powerpoint。第12週會簡介開源軟體Inkscape的使用。",,
20742,地質科學系 / 地質科學研究所,"化石因年代久遠，發現時容易脆化。透過清理修復及復原骨架，讓化石看起來更完整。這堂實習課程包含課程簡介及實驗儀器操作安全須知，其餘的時間讓學生自主學習，清修標本，復原化石骨骼標本及製作化石薄片。因空間及器材有限，本課程採取小班制。
本實習課程的上課時間為2/28（星期六）全天，上午9：00開始在系館後方鐵皮屋的磨片室集合。請各位出席時記得繳交1500元材料費。若要加簽的同學要出席這次講習。
課程內容分為化石清修、復原模型製作、薄片製作三部分，因為這些內容都會盡量在一天內講完，且屆時有作業內容是記錄製作流程，所以建議各位做好筆記。",實際操作並正確使用儀器及化學溶劑來完成化石清修、復原與薄片製作等任務。,自主學習時間占比高,"5%	

行前課

要參與課程80%以上者得100%；80%-50%以上者得70%；50%以下不給分


30%	

化石清修

A： 兩面都修出來並具有學術研究價值
B： 只修出完整一面


20%	

化石模型

A： 復原細部輪廓、及上色區分特徵或還原化石顏色(以假亂真)
B ：氣泡洞少、硬化成功(不掉屑)


25%	

化石薄片

A： 無氣泡、具有學術價值
B ：無崩落、在顯微鏡下可以觀察


20%	

期末報告

A： 符合學術規範，可用來當教學範本
B ：有記錄上課重點，圖例說明三種化石薄片構造上的差異至少五點

本校尚無訂定 A+ 比例上限。
本校採用等第制評定成績，學生成績評量辦法中的百分制分數區間與單科成績對照表僅供參考，授課教師可依等第定義調整分數區間。詳見 學習評量專區。",
46853,地質科學系 / 地質科學研究所,「板塊構造運動」不僅是關於地球表面如何移動的學說，它也提供了一個理解地球在漫長地質歷史中是如何被塑造和演化的理論框架。從深邃的海溝到巍峨的山脈，板塊構造一直是地球主要地貌的塑造者，並且是地震、火山活動以及大陸與海洋的生成和分布的關鍵驅動力。本課程將深入探討板塊運動如何影響地球的演化，特別是在板塊邊界上的地質作用。此外，課程也將通過實際操作來理解板塊運動的量化描述方法，以及如何進一步重建地球的板塊運動歷史。,"1. 學生可以明確指出板塊邊界的種類，以及各種邊界上重要的地質作用。
2. 學生能夠說明板塊運動的存在對地球構造演化的影響。
3. 學生能夠說明板塊運動歷史重建模型的運作方式。",,"50%	

平時作業


25%	

期中考


25%	

期末考

本校尚無訂定 A+ 比例上限。
本校採用等第制評定成績，學生成績評量辦法中的百分制分數區間與單科成績對照表僅供參考，授課教師可依等第定義調整分數區間。詳見 學習評量專區。",
95121,地質科學系 / 地質科學研究所,,,,,
37379,地質科學研究所,"本課程旨在培養研究生在科學溝通與學術討論方面的能力。課程重點在於學術研究口頭報告的準備與呈現，包括清楚表述研究問題、有效展示資料與研究結果、設計簡報投影片，以及在學術討論與問答環節中做出專業回應。

修課學生需就其研究主題進行口頭報告，並參與同儕討論與互評。透過以上活動，學生將學習如何在研討會、學術會議及論文口試等正式學術場合中，有效地傳達研究成果並進行學術交流。","1. 清楚表述研究問題與研究背景。
2. 在限定時間內完成結構完整且適合正式學術場合的研究報告。
3. 設計清楚且有效的學術簡報投影片。
4. 在問答環節中進行專業且具建設性的學術討論。
5. 主持學術報告並引導討論與時間管理。","1. 口頭報告：學生應以自身研究成果為基礎進行口頭報告。
2. 出席：須正常出席課程。缺席超過兩次可能導致成績扣分。
3. 課堂參與：學生應積極參與課堂中的問答與討論。",,
14986,地質科學研究所,,,,,
95143,地質科學研究所,,,,,
29401,地質科學研究所,"Course description:	This course is given to graduate students of the Dept. of Geosciences, whose research issues are related to development of geochemical analytical techniques and their application to earth sciences.  The topics include (1) sampling methods for different geochemical samples;  (2) theoretical and practical aspects of chemical procedures and mass spectrometries; (3) instrumental techniques for high precision determination of trace metals and isotopes; (4) development of frontier analytical methods; and (5) application of analytical techniques to researches of global change and environmental variation.  Weekly paper reading, discussion and presentation will play essential roles in class.  After taking this class, students will be capable of performing their own thesis research and preparing scientific articles.

Text materials: papers, class handouts.
Grading:	Report and presentation, 70%; Final, 30%.

Syllabus:
1.	Introduction.
2.	Chemical procedure for trace metals in carbonates.
3.	Chemical procedure for trace metals in sediments.
4.	Chemical procedure for U-series in geochemical samples.
5.	Trace metal analysis on Q-ICPMS.
6.	Sr isotope analysis on MC-ICPMS.
7.	U-Th isotopic compositions on Q-ICPMS.
8.	U-Th isotopic compositions on MC-ICPMS.
9.	Sr/Ca in corals and Mg/Ca in foraminifera.
10.	Ba/Ca and Pb/Ca in corals.
11.	230Th dating on coral samples.
12.	230Th dating on speleothems.
13.	230Th/232Th vs. 234U/232Th isochron technique for carbonates.
14.	Application of trace metal and isotopic records in carbonates to climatic and enrivornmental change.
15.	Final exam.",,,,
43040,地質科學研究所,"本課程旨在培養研究生在科學溝通與學術討論方面的能力。課程重點在於學術研究口頭報告的準備與呈現，包括清楚表述研究問題、有效展示資料與研究結果、設計簡報投影片，以及在學術討論與問答環節中做出專業回應。
修課學生需就其研究主題進行口頭報告，並參與同儕討論與互評。透過這些活動，學生將學習如何在研討會、學術會議及論文口試等正式學術場合中，有效地傳達研究成果並進行學術交流。","1. 清楚表述研究問題與研究背景。
2. 在限定時間內完成結構完整且適合正式學術場合的研究報告。
3. 設計清楚且有效的學術簡報投影片。
4. 在問答環節中進行專業且具建設性的學術討論。
5. 主持學術報告並引導討論與時間管理。","1. 口頭報告：學生應以自身研究成果為基礎進行口頭報告。
2. 出席：須正常出席課程。缺席超過兩次可能導致成績扣分。
3. 課堂參與：學生應積極參與課堂中的問答與討論。","70%	

Oral Presentation


15%	

Participation

Participation in Q&A sessions.


15%	

Attendance

本校尚無訂定 A+ 比例上限。
本校採用等第制評定成績，學生成績評量辦法中的百分制分數區間與單科成績對照表僅供參考，授課教師可依等第定義調整分數區間。詳見 學習評量專區。",
29944,地質科學研究所,,,,,
48131,地質科學研究所,,,,,
40757,地質科學研究所,,,,,
58701,地質科學研究所,,,,,
10975,地質科學研究所,,,,,
31438,地質科學研究所,,,,,
17366,,"地圖是地理學的語言，其研究內容涵蓋地理資料的收集、處理、分析、展示。地理資訊系統是一套用以收集、處理、分析與展示地理資訊的系統。本課程結合理論與實務，介紹地圖和地理資訊的相關理論，強化學生空間思考，培養學生利用地理資訊探究地理議題的能力。上課方式結合課堂講演、討論、實習操作。課堂講演部分將於本系305教室進行，實習操作部分則在305與電腦教室同步進行。

本學期課程開放給本系學生，以及雙主修或輔系地理系之學生。符合資格且要加簽之學生，請於3/6第二週上課時，至305教室登記索取授權碼。","培育學生下列的基本知識和技能：
1.瞭解地圖學的基本理論與概念。
2.學習地圖的判讀和分析技能；
3.瞭解地理資訊系統的組成與功能。
4.使用地理資訊系統以匯整地理資訊並進行分析與展示。","1.每週實習課程都有現場作業，學生必須參與實習
2.本課程結合地圖學及地理資訊系統，課程知識系統龐大，學生必須有心理準備，能有效結合課前預習及課後複習。","20%	

期中考


25%	

期末考


30%	

小考、實習與作業


25%	

期末團體報告

本校尚無訂定 A+ 比例上限。
本校採用等第制評定成績，學生成績評量辦法中的百分制分數區間與單科成績對照表僅供參考，授課教師可依等第定義調整分數區間。詳見 學習評量專區。",
16172,,"The course provides basic concepts of coding, from variables and conditional execution, to iterations and function declaration, including the use of popular Python libraries for advanced data analysis. The first part of the course introduces the standard elements of programming, aiming to deliver an overall practical understanding of the Python coding environment; the second part focuses on data-oriented applications of computer programming, especially related to data processing and data visualization.","The course focuses on the logic of programming, aiming to help students develop essential coding skills for future digital-oriented geo-related problems. At the end of the course, students are expected to be able to master advanced data processing tools for building automatic workflows and extracting information from complex digital systems.","Students are required to complete designated assignments. Note that the syntaxes that are not taught in the class are not allowed, and plagiarism is strictly prohibited (including the plagiarizing from any AI tools).","15%	

Assignment


50%	

Midterm Exam


35%	

Final Exam

本校尚無訂定 A+ 比例上限。
本校採用等第制評定成績，學生成績評量辦法中的百分制分數區間與單科成績對照表僅供參考，授課教師可依等第定義調整分數區間。詳見 學習評量專區。",2 hours
34624,,"Climatology is the scientific study of Earth’s climate, commonly defined as the long-term average of weather conditions. As a core subfield of physical geography and atmospheric science, it focuses on describing climatic patterns and explaining the processes that drive climatic variability and change, as well as their real-world impacts. This course provides undergraduate students in geography and earth sciences with a solid foundation in climatological concepts and emphasizes how climate interacts with other components of the Earth system—including hydrology, geomorphology, ecology, and geology—within the broader framework of physical geography and Earth system science.","Assist undergraduate geography students in developing a solid understanding of fundamental climatological concepts, including the key variables, processes, and patterns that shape climate across spatial and temporal scales. The course also emphasizes how climate interacts with other components of the Earth system—such as hydrology, geomorphology, ecology, and geology—by influencing water and energy fluxes, landform development, ecosystem dynamics, and surface–atmosphere exchanges. Through this integrative perspective, students will learn to connect climatological principles to broader questions in physical geography and Earth system science and to appreciate the role of climate in explaining environmental variability and change.","Assignments: 30 % 
Mid-term exam 35%
Final exam 35﹪","40%	

Assignment


30%	

Mid-term Exam


30%	

Final Exam

本校尚無訂定 A+ 比例上限。
本校採用等第制評定成績，學生成績評量辦法中的百分制分數區間與單科成績對照表僅供參考，授課教師可依等第定義調整分數區間。詳見 學習評量專區。",
11027,地理環境資源學系,本課程旨在教授人文地理學的基礎概念，尤其從文化地理學的理論視角，切入幾個重要的研究主題，涵蓋後殖民、性別、階級、自然與都市等。除了引導修課學生對人文地理學有初步認識之外，本課程亦試圖透過文獻研讀與討論，梳理文化地理學的發展歷程及其所介入的重要爭辯。在課程設計上共分四單元。首先從文化作為地理學的研究課題開始，介紹1980年代地理學的文化轉向，從中說明視覺研究的重要性。文化轉向不僅影響了地理學的方法論，更讓地理學重思構成地景的權力關係。接著引介的是有關權力關係的討論，包括後殖民、性別與階級等議題，例如日本時代所拍攝的紀錄片中所再現的台灣，或者早期百貨公司的性別政治等。第三單元則聚焦社會與自然之間的關係，將探討動物地理學以及生態觀光等相關研究。最後，都市是當前人類主要的活動地區，本課程將在第四單元中介紹「漫遊者」、縉紳化以及公共空間的政治，深入都市日常生活的肌理。,本課程將引導修課學生培養人文地理學的基本素養，目標有三。首先，認識文化地理學的發展脈絡，並理解其如何介入既有議題的討論；其次，理解文化、社會與自然如何作為地理學關切的重要議題；最後，學習以地理學的觀點批判性地檢視日常生活的現象。,"1.平時課堂出席與參與 (15%)
2.小組報告 (25%)
3.期末考 (60%)",,
40222,,本課程屬於地理系大學部的地理資訊科學領域進階課程，先修科目應包括：統計學、程式設計、地圖學與地理資訊系統等相關課程。課程目的在於介紹空間資料分析方法、應用並深化資料分析的實作能力等，使其瞭解各種分析方法運用的時機、模式分析與報表解讀等，並補充實證研究論文的導讀，說明在空間分析研究上的實用性，提供地理系或相關系所同學能運用適當的空間分析方法，進行地理學相關議題的研究。本學期的授課主題包括：地理空間視覺化（geospatial visualization）、地理數據處理（geo-processing）、點型態分析（point pattern analysis）、空間自相關（spatial autocorrelation）、熱區分析（hot spot analysis）等；輔以導讀地理空間觀點的實證論文，理解各種方法的延伸應用。本課程將使用R程式及其空間分析套件，培養同學對於空間資料分析的實作能力。,本課程將介紹空間分析方法的理論觀念，將以統計學、程式設計、地圖學與地理資訊系統等相關課程為先修基礎，進一步從機率與推論統計的觀點，深化各種空間分析方法的理論基礎，提供同學進階的地理資訊分析能力。本課程將提供同學了解空間分析方法的基本觀念與理論，並透過各種領域的應用實例，瞭解空間分析作為一種跨學科應用的潛在可能。,課程參與討論、電腦實習與作業、論文研讀,,
16365,地理環境資源學系,"區域地理（Regional Geography）為地理學的重要研究領域，概可分為「區域研究與地理 （regional studies and geography)」與「國際區域地理 (world regional geography)」兩大取徑。

前者強調發生在都市與區域空間下，人文、經濟、交通、聚落、政治等空間環境規劃議題；後者則是從帝國擴張、現代國家概念，到二戰之後的殖民地獨立與後殖民思潮等時間軸線，如何看待不同世界區域下之所謂國家內部與國際間發展差異，進而提供更整體且立體的地理空間觀點。

本課程以「國際區域地理」為設計核心，旨在介紹國際發展理論與其重要議題，包括：傳統主流發展觀、馬克思主義發展觀、反發展與後發展論、貧窮理論、發展倫理等；並延伸至若干與SDGs相關的實務操作與未來挑戰，如國際援助、債務、NGO、環境、貿易，以及美國變數及中國崛起等議題。

修課學生需選定一個「非OECD國家」作為研究對象，深入掌握上述理論脈絡，進一步蒐集並分析該國具體發生的相關新聞與政策辯論，透過案例與文本的對讀，建立批判性的理解與對話。","1. 認識發展理論關鍵概念。
2. 了解國際發展實務重要議題與未來挑戰。
3. 熟悉全球南方國家發展多重面向。
4. 學習全球北方援助國與新興援助國在國際發展作為。
5. 探索與 AI 共存下正向循環之教與學可能性。",,,
20521,地理環境資源學系 / 地球系統科學學程 / 環境社會治理學分學程 / 會計專業與永續職涯學分學程,"本課程是以地理系學生為主要授課對象，其他凡對環境生態問題有興趣之學生也是授課
對象。
上課時間為星期三下午二點二十分至五點二十分，為一學期三學分之課程。

課程前半學期是以介紹基本生態觀念及在處理環境問題所應用的生態原則為主，後半學期則
是討論當前世界與台灣重要的環境生態問題。

上課內容大致可分為下列主題:簡介環境生態、生物與環境、族群生態學、群落生態學、生
態系統的構造與機能、生態系統種類及特色、臭氧層破壞、溫室效應、酸雨、空氣污染問
題、水污染問題、土壤污染、固體廢棄物處理問題、核廢料處理問題、森林減少、沙漠化、
野生動植物棲地破壞及種歧異度減少等。
The course covers topics in the areas of individual, population, community, and ecosystem ecology, as well as humanity’s effect on natural systems. This course gives students an introduction to the main principles of ecology covers population, community and ecosystem ecology of plants and animals.  It focuses on the interactions of organisms with each other and with their abiotic environment. In addition, we will also consider the relationships between basic ecological science and current environmental problems.","本課程主要有四個目的:1)介紹處理環境問題所需之基本生態觀念及原則；2)了解當前全球
與台灣重要的環境生態問題；3)應用課堂所討論之生態概念來連結環境問題；及4)學習如何進行生態調查及呈現調查的結果

1) understand the basic concepts of population, community and ecosystem ecology
2) know the current important environmental issues
3) apply the ecological concepts you learn in class relate to current environmental problems
4) be able to design an ecological study that addresses relevant questions and interpret and present your study to your peers","Students of the class are expected to do before-class preparations and all the
assignments given after every class. There will be writing tests for the midterm
and the final. Also there will be short writing exercises to be done at home. As
the reading materials will either be uploaded to the class webpage or
distributed to the individual e-mail box, it is expected that all students have
proper computing equipments and essential operating skills to get the class work
going. The class are also expected to keep close attention to the announcements
on the bulletinboard to be well informed of what-to-dos and how-to-dos for the
course. 

1.  實習作業以pdf繳交為準，不接受email。
3. 實習作業若有抄襲其他同學，該作業以零分計算。而且整個實習總分再打６折計算。
4.  事假請事先告知助教或老師，病假請依照學校請假規則辦理。",,
26859,地理環境資源學系,"這選修課程原則上提供大學部三、四年級學生修習。
上學期已釐清研究問題與撰寫計畫書為主。
上學期後半、寒假、下學期上半以進行獨立研究為主。
下學期後半，以撰寫報告書為主。",培養學生剖析研究課題並進行獨立研究來訓練學生解決未知問題的能力,"至少每隔週討論一次，上課時間依實際討論狀況決定。
整年課程要求三項作業：
1. 計畫書
2. 結果與討論報告
3. 完整報告",,
18483,地理環境資源學系,,,,,
52593,地理環境資源學系,,,,,
18849,地理環境資源學系,,,,,
26073,地理環境資源學系 / 地理環境資源學研究所,課程架構可分為1)相關醫學地理、疾病生態學、流行病學基本概念介紹；2)傳染病與環境變遷；3)慢性非傳染性疾病與環境變遷; 4)整合自然環境、生態、社會與文化討論健康問題,"1) 整合不同生態、社會及環境觀點分析討論人與疾病關係
2)了解人與環境互動對於疾病發生及分布的直接或間接之影響
3) 分析當前重要的環境變遷議題與人體健康關係","作業/課堂報告:	55 %
期末報告:			35 %
上課參與及出席    10 %","55%	

作業/課堂報告


35%	

期末報告


10%	

上課參與及出席 

本校尚無訂定 A+ 比例上限。
本校採用等第制評定成績，學生成績評量辦法中的百分制分數區間與單科成績對照表僅供參考，授課教師可依等第定義調整分數區間。詳見 學習評量專區。",3
57600,地理環境資源學研究所,,,,,
11899,地理環境資源學研究所,,,,,
17375,地理環境資源學研究所,,,,,
52995,地理環境資源學研究所,,,,,
52695,,"This seminar will primarily be for institute students to present updates and latest findings on their research projects. The focus will be on the three core disciplines of the institute: 1) Cognitive, 2) Clinical, and 3) Neurobiological Neuroscience.","1) To provide students with experience in scientific presentation. 
2) To provide exposure to current interdisciplinary research conducted in the field of neuroscience.","110學年度第二學期腦與心智專題討論規則：
1. 本學期報告時間調整。每周安排 2 或 3 位同學報告，?位同學將報告時間控制在 20 分鐘左右，並
有 5 分鐘進行問與答，(提醒鈴聲將於 19.20.25 分鐘響起)。報告順序如之前所辦公告。
2. 每一位同學需在本學期的課堂內，總共發問六個以上的問題。無法達成此要求者，將無法拿到本
學期的書報討論學分。請於發問完後，向助教登記提問的次數。
3. 每週上課前會發下評分表給每一位同學，每個人均需要對每一位講者進行評分，並給予評語，並
於該講者結束後立即回收。評分者的出席情況將依此作為評斷標準，講者的得分也將以此計算。
4. 若無法出席，請於上課之前(亦即當日上午 10:20 之前)寄信向黃憲松老師請假，不接受課後請假。
無故缺課三次者，將無法拿到本學期的書報討論學分。
5. 每位學生將可在報告完後，隔週上課時拿到所有的評語與評分。
6. 請講者於報告前一週的週五下午五點前將英文摘要寄給助教，助教會上傳 NTU COOL。所有所上的成
員包含學生與專任或是合聘老師，都將於當週的週一收到隔天報告的講者資訊。
7. 指導學生報告當週，指導老師請務必出席。
Rules for the course “Brain and Mind Issues Seminar” (Spring, 2022)
1. Seminar class will have adjustments in time schedule. Please note that “Each student has 20 minutes for
presentation and 5 minutes for Q&A”. (ringtones for reminding at 19.20.25 minutes) The order of
presentation has been announced with reference in NTUGIBMS email.
2. Every student needs to ask more than six questions throughout this course in order to get the credit of this
course. Please report the number of questions you ask to the teaching assistant.
3. Every student needs to fill in the evaluation form for each speaker. The evaluation form will be used as a
record for your attendance.
4. If you can not attend the class, you must send email to Dr. Hsien-Sung Huang before the start of the class
(10:20 am). You will not get the credit of this course if you fail to inform your absence more than three times.
5. Every student needs to submit the abstract to the teaching assistant in the week before your presentation,
specifically before 5pm on Friday.
6. Every student will get the comments/scores of his presentation in the week after his presentation.
7. Every student must invite his thesis advisor to join his presentation.",,
49401,腦與心智科學研究所,,,,,
59474,腦與心智科學研究所 / 神經生物與認知科學學程,,,,,
13315,腦與心智科學研究所 / 神經生物與認知科學學程,,,,,
14161,腦與心智科學研究所 / 神經生物與認知科學學程,"Optogenetics, chosen as the ""Method of the Year"" in 2010 by Nature Methods and highlighted in the article on “Breakthroughs of the Decade” in Science, has revolutionized the way neuroscientists study the function of neural circuits underlying behaviors. Optogenetic approach is a powerful research approach to map neural circuits and study their functional roles. It is the combination of genetic and optical methods to allow reversibly control neuronal activity in targeted cells or circuits of living brain in the millisecond timescale. The field of optogenetics has made remarkable progress in mapping functional neural circuits and shown tremendous impact on behavioral neuroscience research. The course aims to enable students to understand the concepts of research questions, methodology and experimental designs through reading important optogenetic research literature focusing on the neurophysiology as well as behavioral functions of neural circuits.","The primary goal of the course is to provide students with a broad understanding of how to employ optogenetics in mouse model system to investigate neural circuits function, and help students develop an appreciation of the neural basis of complex behaviors.",Preparation and participation: students taking this course will be required to do a considerable amount of literature readings each week and take an active part in classroom discussions.,,
55375,腦與心智科學研究所,"This course aims to enable students to present and appreciate recent advances and new vistas on chosen neuroscience research topics, such as memory, chronic pain, negative emotions and so forth, mainly focusing on underlying circuitry mechanisms of specific brain function.",The primary goal of the course is to learn from outstanding researches from top research journals and think about what a good research is composed of and how to advance one’s research to the similar level.,"Preparation and participation: Given it is an advanced course, students taking this course will have to obtain instructor’s approval to take this course. In addition, every student needs to have an ongoing research project related to neural circuits and brain function. Student must do assigned literature reading each week; to present assigned literature; and take an active part in classroom discussions.",,
30656,腦與心智科學研究所,請見英文版。,請見英文版。,,,
11466,腦與心智科學研究所,"課程討論主題包括：1. Studies of human and animal cerebellum neuroanatomy, 2. Cellular and molecular mechanisms of the cerebellum, 3. Understanding cerebellum-relevant dysfunctions, disorders and potential interventions。",了解小腦的神經迴路、功能與其相關的神經疾患，包含小腦相關的運動和非運動(認知、情緒、社會)行為。,論文選讀與報告。,"20%	

出席率

上課出席率。


20%	

參與度

提問、回答問題、課堂活動參與。


30%	

期中報告

期末口頭報告。


30%	

期末報告

期末口頭報告。

本校尚無訂定 A+ 比例上限。
本校採用等第制評定成績，學生成績評量辦法中的百分制分數區間與單科成績對照表僅供參考，授課教師可依等第定義調整分數區間。詳見 學習評量專區。",1-2小時。
35195,腦與心智科學研究所 / 神經生物與認知科學學程,"課程討論主題包括：1. Studies of human and animal aging, 2. Molecular mechanism of aging and neurodegenerative diseases, 3. Development of Anti-aging interventions。",本課程目標在引導學生理解老化與神經退化相關疾病之分子機轉，並學習抗老化藥物研發的流程與最新進展。課前由修課學生與授課教師共同選讀具代表性的研究論文，課堂中針對其重要研究問題、實驗設計與關鍵結果進行深入討論與批判性分析，以提升學生對老化分子生物學的認識。,參與論文選讀及報告。,,課前預習及課後學習需至少1小時。
14390,腦與心智科學研究所 / 神經生物與認知科學學程,"This seminar will primarily be for institute students to present updates and latest findings on their research projects. The focus will be on the three core disciplines of the institute: 1) Cognitive, 2) Clinical, and 3) Neurobiological Neuroscience.","1) To provide students with experience in scientific presentation. 
2) To provide exposure to current interdisciplinary research conducted in the field of neuroscience.",,,
22137,腦與心智科學研究所 / 神經生物與認知科學學程,"This class will provide basic training in experimental skills and scientific presentation for doing research in the field of neuroscience. Students will perform their assigned research project, join weekly lab meeting, present up-to-date research article and be involved in scientific discussion with the instructor and his lab colleagues.",待補,待補,,
42094,腦與心智科學研究所 / 神經生物與認知科學學程,,,,,
27337,政治學系 / 公共事務研究所 / 政治學研究所,"This course will introduce basic health care systems and discuss health policy issues and their impacts from policy perspectives. The course is structured each week by topic. The course topics cover private and public health care systems (including the health care systems in the U.S. and Taiwan), global health issues, health care reforms (such as the Affordable Care Act in the U.S.), long-term care systems, health behaviors and conditions (including smoking, drinking, and other risky health behaviors), and medication.
This course will also discuss several health policy issues and how to solve the issues through public policies. In this course, students will also learn to conduct health policy research by finishing their final projects.","By the end of the course, students will:
‧ have concepts of what policy is, the formation of a policy, and policy impacts.
‧ have developed a good understanding of health care systems;
‧ be familiar with health behaviors and health policy issues;
‧ learn to conduct their own health policy research.","Participation & Reading Memos, Midterm Exam, Research Project",,3 hours a week
19530,公共事務研究所,,,,,
18919,國際三校農業生技與健康醫療碩士學位學程,,,,,
38665,管理學院企業管理碩士專班(GMBA),"Have you ever wondered how to get the right Angel investment for your start-up idea or Series A/B fundings for a fast growing company? Or you have an admiration to become a Venture Capitalist that will discover and help grow the next Unicorn like Airb&b, Uber, Ant Financial, Robinhood etc? If so, the Global Entrepreneurial Finance: Venture Capital and Private Equity is an introductory course into the creative and mysterious world of the venture capital (VC) and private equity(PE) investments. This course will bring in the latest and most used VC/PE investment methodologies and practical tools from Silicon Valley, the heart of the global VC/PE industry.   “Entrepreneurship” is a popular focus of discussion among businesspeople, financiers, economists, and policymakers. At a macro level, economists and policymakers have increased their attention to entrepreneurial enterprise because of its importance to economic growth, the significance of entrepreneurial businesses in job creation, and the role of business owners in aggregate saving and wealth accumulation. Today on the demand side, many M.B.A. students want to start their own businesses or be part of emerging businesses, while on the supply side, other M.B.A.s are interested in participating directly in the growth of venture capital and private equity sector.   What, then, is “entrepreneurial finance”? The second term is easier to define. We know that Finance studies encompass valuation and the allocation of resources, risk, liquidity, and information. Indeed, topics in finance related to valuing cash flows, assessing the cost of capital, choosing among suppliers of funds, and aligning incentives for value maximization are at least as important for entrepreneurial firms as for more established firms. In particular, new and growing firms likely face “financing constraints” on growth and difficult decisions about financial contracting; while present-day financial decisions may have a profound influence on the available range of future options and choices.   Defining entrepreneurship is less straightforward. Consistent with many popular characterizations of entrepreneurs, the noted Harvard economist Joseph Schumpeter summarized an entrepreneur as follows:   “To act with confidence beyond the range of familiar beacons and to overcome that [social] resistance requires aptitudes that are present only in a small fraction of the population and that define the entrepreneurial type...” (Capitalism, Socialism, and Democracy, New York: Harper and Row, 1942, page 132.)   Actually studying entrepreneurship requires a narrower focus. The economic concept corresponding most to topics we discuss in this course as “entrepreneurial finance” was articulated by Chicago economist Frank Knight who argued that entrepreneurs must address problems of raising capital and bearing risk in addition to identifying and pursuing opportunity. [Frank H. Knight, Risk, Uncertainty, and Profit, New York: Houghton Mifflin, 1921.] Throughout the course, we will emphasize such financial management decisions of entrepreneurial firms.   We define an entrepreneur as the person who puts the pieces together, identifies the new opportunity and/or market imperfection, connects the dots, and brings about change. Entrepreneurship may take place in small start-ups as well as large established firms. The entrepreneur may be the inventor, the financier, the manager, or somebody else entirely.   The capital market for financing such entrepreneurs – and private equity investing more generally – differs fundamentally from capital markets considered in standard corporate finance: First, start-ups are young, mostly unprofitable companies, with short operating histories and little capital. Young firms face exceptionally high degrees of uncertainty, constraining financing and creating difficult decisions about financial contracting, keeping in mind that today’s financial decisions may have implications for future opportunities and choices. Second, capital markets for privately held companies are predominantly “deal markets” where terms and valuations are negotiated on a case-by-case basis, where investors can add value and are actively involved with the companies they finance. Throughout the course, we emphasize financial opportunities and decisions of entrepreneurs and private equity investors investing in these entrepreneurs.","We will start with investigating the overall ecosystem and relationship between start-ups, VC’s, and Fund of Funds; then we will pick up the practical tools on the legal framework, organizational structures, funding channels and types, pre and post-money valuation methodologies, and pipeline generation. Later in the course we will deep dive into the exiting strategies including M&A, roadshow preparation, IPO, (Leveraged) Buyout, secondary market sales, and final LP/GP distributions. Throughout the course, students will be tracking the current start ups and VC/PE funding rounds as they happen and cross-reference these real life deals with the tools and methodologies delivered in this course.",Basic understanding of managerial accounting and corporate finance is ideal but not a must; some experiences with start-ups would be a plus. A Keen interest in how private investment and alternative investment works in the context of macro and micro economics and capital market performances.,"34%	

Final Exam (Take Home)

A take home final exam that will utilize the overall PE/VC lessons learned throughout the course


29%	

Project Group presentation(s) including Mid-term presentation and Weekly Weblink Submission

Group oral presentation(s) and weekly VC/PE/StartUps industry news sharing & discussions


22%	

Homework Assignments

Various homework assignments depending on the weekly topics


15%	

Class participation

Actively engage and participate with all class oral discussions and in-class group projects

本校尚無訂定 A+ 比例上限。
本校採用等第制評定成績，學生成績評量辦法中的百分制分數區間與單科成績對照表僅供參考，授課教師可依等第定義調整分數區間。詳見 學習評量專區。",approx. 4-6 hours
49014,管理學院企業管理碩士專班(GMBA),,,,,
30822,管理學院企業管理碩士專班(GMBA),,,,,
27062,管理學院企業管理碩士專班(GMBA),,,,,
11114,翻譯碩士學位學程 / 中英翻譯學程,,,,,
28361,中英翻譯學程 / 翻譯碩士學位學程,,,,,
10806,翻譯碩士學位學程 / 中英翻譯學程,,,,,
46070,翻譯碩士學位學程,,,,,
43785,翻譯碩士學位學程,,,,,
52874,翻譯碩士學位學程,,,,,
43582,翻譯碩士學位學程,,,,,
39353,翻譯碩士學位學程,,,,,
16728,翻譯碩士學位學程,,,,,
40338,翻譯碩士學位學程,This is a seminar course that introduces various aspects of the T&I profession and industry. Each instructor will invite speakers to talk about their experiences in their respective areas of expertise.,"Students should be able to gain a better understanding of the real world and reflect on their own learning experiences. These reflections should help them set better goals, regardless of whether they are related to the T&I profession.",Instructors and guest speakers will deliver talks and lead discussions. Students are expected to actively participate in discussion by tapping into their observations and reflections about T&I practices. Each instructor will delineate their individual course requirements.,,Students will likely spend up to 3 hours to write feedback reports.
27047,翻譯碩士學位學程,,,,,
29272,翻譯碩士學位學程,,,,,
50227,翻譯碩士學位學程,,,,,
41169,翻譯碩士學位學程,,,,,
15748,翻譯碩士學位學程,,,,,
36694,翻譯碩士學位學程,,,,,
53516,翻譯碩士學位學程,,,,,
39309,翻譯碩士學位學程,,,,,
56553,翻譯碩士學位學程,,,,,
51540,翻譯碩士學位學程,,,,,
46686,翻譯碩士學位學程,,,,,
31895,翻譯碩士學位學程,,,,,
45241,翻譯碩士學位學程,,,,,
42996,翻譯碩士學位學程,,,,,
10813,翻譯碩士學位學程,,,,,
50300,公共衛生學系 / 健康政策與社會研究學分學程 / 健康行為與社區科學研究所,"青少年階段是生命歷程中的重要關鍵時期，在此時期的健康及行為發展將對後續的健康結果造成極大的影響。這門課旨在透過發展及社會脈絡的觀點來瞭解青少年的健康及健康行為，以探討青少年健康及行為相關之現況、決定因素及相關介入措施。課程中將涵蓋國內外重要青少年健康議題，包括：睡眠、肥胖、暴力行為、物質使用及心理問題。課程內容將包括以下三個部分：1) 青少年健康及發展理論, 2) 影響青少年健康及健康行為之成因及機轉，並涉及家庭、同儕、學校、社區及社會環境的影響, 3) 促進青少年健康及健康行為之預防及介入措施。
課程的授課方式除了傳統之教師授課外，將混合運用翻轉教學，結合學生帶領課程 (student-led class) 以及專題討論的方式，讓學生對青少年健康及健康行為議題有更深入及主動的瞭解。","課程結束之後，學生將能：
1.	瞭解國內及國際間重要的青少年健康議題
2.	具備青少年健康及行為發展相關之理論基礎
3.	剖析影響青少年健康及健康行為之成因及機轉
4.	描述青少年健康促進相關之預防及介入措施","學生必須要：
‧	在課前完成","15%	

出席及課程參與


20%	

個人期中報告

截止日： 4/19 (日) 23:59


30%	

小組帶領課程

● 3/22 繳交帶領主題
● 於4/20及 4/27 舉行


20%	

政策/介入提案：口頭報告

報告日期：5/25及6/1


15%	

政策/介入提案：文獻回顧

截止日：6/14 (日) 23:59

本校尚無訂定 A+ 比例上限。
本校採用等第制評定成績，學生成績評量辦法中的百分制分數區間與單科成績對照表僅供參考，授課教師可依等第定義調整分數區間。詳見 學習評量專區。",
13090,健康行為與社區科學研究所,,,,,
58568,健康數據拓析統計研究所,,,,,
22634,,"＊初選已選上者，前二週務必出席，否則逕予退選。欲加簽者，第一週務必出席，但可否加簽需視已選課人數是否仍有餘額。加簽或課程問題可聯繫助教柯采元 r13123009@ntu.edu.tw。  

莎士比亞的劇作中，有一類被稱為「歷史劇」，歷史劇中包含三種不同時空場景的作品：（1）以古羅馬為背景、（2）以古代及中古不列顛為背景、（3）以中古與近代早期英格蘭國王為主題的歷史劇。這些劇作形塑了許多人對古羅馬、蘇格蘭或英格蘭歷史人物的理解，也展現莎士比亞本人的政治與歷史觀點。本課程將結合歷史與文學，透過莎士比亞的英格蘭歷史劇，共同漫遊中古至近代早期英格蘭的歷史。","本課程的目標有四：
1.	瞭解莎士比亞的時代。
2.	瞭解莎士比亞歷史劇所書寫的時代。
3.	比較莎士比亞的歷史敘述與歷史觀點，與現代史家的敘述及觀點有何差異。
4.	幫助學生以戲劇的方式呈現自己的歷史詮釋。
簡言之，這是一個讓學生跟隨莎士比亞、又試圖脫離莎士比亞的課程。
再者，本課程可培養學生以下幾項核心能力： 
1.	說故事的能力。
2.	表演的能力。
3.	團隊合作的能力。
4.	欣賞歷史與文學作品的能力。","1.	本課程第一週就正式上課。
2.	劇本閱讀：莎士比亞的英格蘭歷史劇共有10齣，修課學生須依照組別安排，並依","請見下方）。另請注意：上課請準時到達教室，超過15分鐘未到者視為遲到；遲到3次視同缺席1次。
4.	劇本改編與演出：本課程將依修課學生數量適當分組，各組共同改編一齣莎士比亞歷史劇並演出。相關規範如下：
（1）	劇本改編內容應盡量以歷史史實為基礎，並展現各組同學對歷史人物或事件的理解及詮釋。劇本場景可在過去，也可在現代，地點亦不限，可呼應當代政治、社會、文化等議題者尤佳。
（2）	應依規定時間繳交劇本，劇本內容須包含：創作理念與構想（300~500字）、工作分配與演員表、演出腳本。
（3）	各組演出時間以30分鐘為限，請事先彩排，並完成燈光、音樂、服裝、道具⋯⋯等各項配置。
5.	課程循序漸進，請帶著信心與愛心，和同學一起成長、互相配合，如遇困難，請適時向老師反映。
預期每週課前或/與課後學習時數
2~3小時
Office Hour
指定閱讀
本課程指定閱讀書籍包括：
1.	史蒂芬．葛林布萊，宋美瑩譯，《大師為你說莎士比亞：戲劇之王的誕生》，台北：貓頭鷹，2020。
2.	莎士比亞歷史劇中文版：威廉．莎士比亞 ，《約翰王》、《理查二世》、《亨利四世上篇》、《亨利四世下篇》、《亨利五世》、《亨利六世上篇》、《亨利六世中篇》、《亨利六世下篇》、《理查三世》、《亨利八世》，新北市：木馬文化，2002。
3.	莎士比亞歷史劇英文版：Richard II, Henry IV, Part 1, Henry IV, Part 2, Henry V, Henry VI, Part 1, Henry VI, Part 2, Henry VI, Part 3, Richard III, in The Arden Shakespeare Complete Works, eds. Richard Proudfoot, Ann Thompson and David Scott Kastan (London: Arden Shakespeare, 2002).
4.	莎士比亞歷史劇網路版：https://shakespeare.folger.edu/shakespeares-works/
(劇本可選擇中文版閱讀)
5. Michael Hattaway ed. The Cambridge Companion to Shakespeare's History Plays (Cambridge: Cambridge University Press, 2002). 線上版：https://www.cambridge.org/core/books/cambridge-companion-to-shakespeares-history-plays/6713283AD41DFA62BDBD6E2CC78B5595
參考書目
詳細參考書目待開始上課後提供；各週指定閱讀範圍，請見每週",2~3小時
13392,,,"本課程為歷史系學生選修之中國史群組課程，預期以一學期的時間探討存在於十世紀至十三世紀的三個政權：遼、宋、金，而以宋代的歷史為授課主體。教學內容上以政治史為基礎，進而涵蓋經濟、社會、思想、文化等諸層面。教學的目標在使修課同學對宋、遼、金三代的歷史有所理解，並分析學者如何探討和詮釋此一時期的歷史。希望有助於修課同學熟悉相關史料及研究方法，培養分析和思考問題的能力，為獨立進行中國古代史研究奠定基礎。
在教學上方法上，教學方法以講授為主，史料閱讀為輔。
課程目標
協助修課同學熟悉宋遼金史相關知識，並培養分析和思考問題的能力，為獨立進行歷史研究奠定基礎。",閱讀指定讀物，參與課堂討論，完成期中作業，準時參加期末考。,"15%	

平時成績

出席率、參與課堂討論


40%	

期中作業

一篇書評（字數3500-5000），作業缺繳，總成績不予通過。


45%	

期末考

本校尚無訂定 A+ 比例上限。
本校採用等第制評定成績，學生成績評量辦法中的百分制分數區間與單科成績對照表僅供參考，授課教師可依等第定義調整分數區間。詳見 學習評量專區。",
22458,歷史學系,,,,,
20429,歷史學系,,,,,
19415,歷史學系,,,,,
20253,歷史學系,,,,,
34946,歷史學系,,,,,
56468,歷史學系,,,,,
95100,歷史學系,,,,,
56782,歷史學系,,,,,
30168,歷史學研究所,,,,,
36873,歷史學研究所,,,,,
44157,歷史學研究所,,,,,
31385,歷史學研究所,,,,,
41855,歷史學研究所,,,,,
37362,歷史學研究所,,,,,
29387,歷史學研究所,,,,,
28008,歷史學研究所,,,,,
56344,歷史學研究所,,,,,
52440,歷史學研究所,,,,,
15243,歷史學研究所,,,,,
59954,歷史學研究所,,,,,
34256,歷史學研究所,,,,,
45990,歷史學研究所,,,,,
15814,歷史學研究所,,,,,
10328,歷史學研究所,本課程旨在提供研究生個別指導，尤其歡迎對中國古代史、中國中古史、政治文化史以及思想史學感興趣的同學。,根據修課同學興趣，建立對相關領域的總體認識，規劃學位論文方向，完成論文。,大量閱讀與定期完成進度,,
54648,歷史學研究所,,,,,
12284,歷史學研究所,,,,,
26164,歷史學研究所,,,,,
10776,歷史學研究所,,,,,
27320,歷史學研究所,,,,,
16924,歷史學研究所 / 臺灣研究學程,,,,,
28671,歷史學研究所,,,,,
10511,歷史學研究所,,,,,
28555,歷史學研究所,,,,,
18597,歷史學研究所,,,,,
56821,歷史學研究所,,,,,
52484,歷史學研究所,,,,,
15705,歷史學研究所,,,,,
40382,歷史學研究所,,,,,
58294,歷史學研究所,,,,,
38647,歷史學研究所,,,,,
25032,歷史學研究所,,,,,
25020,歷史學研究所,,,,,
28264,歷史學研究所,,,,,
56486,歷史學研究所,,,,,
35609,園藝暨景觀學系 / 植物醫學碩士學位學程,,,,,
23400,,,,,,
38548,園藝暨景觀學系,,,,,
23794,園藝暨景觀學系,,,,,
13234,園藝暨景觀學系,,,,,
46369,園藝暨景觀學系,,,,,
24621,園藝暨景觀學系,,,,,
26805,園藝暨景觀學系,,,,,
32294,園藝暨景觀學系,,,,,
23706,園藝暨景觀學系,,,,,
22641,園藝暨景觀學系,,,,,
19981,園藝暨景觀學系,,,,,
31112,園藝暨景觀學系,,,,,
14157,園藝暨景觀學系,,,,,
13928,,,,,,
37163,,,,,,
47279,,,,,,
19302,,,,,,
54569,,,,,,
52163,,,,,,
28891,,,,,,
48146,,,,,,
25128,,,,,,
19359,,,,,,
51912,,"1.	安排相關專題演講，協助同學進一步瞭解當前的發展動態及挑戰。 
2.	本組同學之專題報告，溝通與討論的經驗成果交流。 
3.	本組應屆畢業研究生之論文宣讀，作為正式口試的預演機會。 
4.	其他學術活動之參加，拓展專業智能的視野及深度。",本課程目的在訓練學生界定、分析問題及資料收集、整理分析之能力、寫作能力、口語表達能力、批判思考、反應機智及開放自主學習，進而促進研究生逐漸養成獨立研究的作業經驗與基本能力。,"（一）專題演講
   專題演講事先邀請專家學者排定時間，全體研究生應出席參加聽講。
（二）專題報告
1.	題目繳交：同學應事先與指導教授商訂專題報告題目，並於2025/03/05（三）中午12點前繳交（開學後第三週），並排訂時間依序報告，題目經排定後即不得修改。
2.	摘要繳交：專題報告摘要檔案（課程標題、研究題目、指導教授、作者、摘要、關鍵字、內容大綱、引用文獻）必須於該次上台報告7日前以電子郵件方式傳送至所有老師與修課同學的信箱（不得延遲、不得更換版本），並上傳至NTU COOL。
3.	專題報告分口頭報告及書面報告兩部分。
4.	口頭報告：專題報告當日，請製作PPT簡報於報告當天投影進行口頭報告，並列印PPT簡報分別給授課老師、主持人及兩位講評人，博士班研究生之專題簡報圖文檔一律要求以英文撰述，碩士班研究生則可依自願原則自行決定之。同時事先由助教排定一位學生擔任主持人，以及兩位講評人（研一、研二或博士班各一位）。每位同學報告時間共計50分鐘，含口頭簡報15分鐘、講評10分鐘（每位講評5分鐘）、提問答詢10分鐘、老師綜合討論15分鐘；帶當週所有同學報告完後，綜合討論30分鐘。上台報告請注意服裝儀容，專業形象。報告同學應於報告前日午夜12點前將簡報圖文檔上傳NTU COOL。
5.	書面報告：應依口頭報告講述內容及師生補充評論，撰寫期末報告書，並於2025年6月11日中午12點前繳交全文電子檔供評定成績。報告書格式以符合國內學術期刊徵文格式為原則。
（三）校外活動
    每位修課同學每學期應經常主動參加校外或外系舉辦之相關學術演講、研討會或參觀活動，充實個人各方面之學識智能。於2025年6月11日中午12點前需具名於討論區發表500字心得至少一次。",,
21441,,,,,,
22335,,,,,,
44800,,,,,,
58044,,,,,,
37051,,,,,,
31233,,,,,,
37451,,,,,,
16622,,,,,,
44109,,,,,,
35475,,,,,,
28970,,,,,,
48257,,,,,,
57657,,,,,,
32479,,,,,,
43896,,,,,,
58051,,,,,,
29854,,,,,,
39687,,,,,,
32706,,,,,,
22306,,,,,,
32642,,,,,,
40125,,,,,,
50826,,,,,,
54810,園藝暨景觀學研究所,,,,,
28280,園藝暨景觀學研究所,,,,,
55933,園藝暨景觀學研究所,,,,,
29128,園藝暨景觀學研究所,,,,,
19690,園產品處理及利用組,,,,,
19587,園產品處理及利用組,,,,,
47046,園藝作物組 / 景觀暨休憩組 / 園產品處理及利用組,,,,,
42929,園藝暨景觀學研究所,,,,,
51158,園藝暨景觀學研究所,,,,,
53230,園藝暨景觀學研究所,,,,,
19779,園藝暨景觀學研究所,,,,,
40325,園藝暨景觀學研究所,,,,,
45913,園藝暨景觀學研究所,,,,,
19550,園藝作物組,,,,,
32128,園藝暨景觀學研究所,,,,,
57275,園藝暨景觀學研究所,,,,,
44262,園藝暨景觀學研究所,,,,,
51428,園藝暨景觀學研究所,,,,,
34454,園藝暨景觀學研究所,,,,,
56138,園藝暨景觀學研究所,,,,,
59796,園藝暨景觀學研究所,,,,,
15422,園藝暨景觀學研究所,,,,,
18996,健康政策與管理研究所,本課程為EMHA的選修課程，屬於綜整型的課程，在於驗收同學們對於健康照護體系中健康政策的制定、運作與評估之過程與經驗；健康照護機構管理經營之各種問題、應用與挑戰；大健康產業之過去經驗、現況與趨勢發展等。以邀請產官學各領域具有實務經驗與重量級的演講者來專題演講，分享學理應用、實務經驗以及個人心得感想，並與同學對話與互動交流，以深化學習。並會穿插歷屆學長姐的學習經驗與工作及相關產業內容的分享討論。,"1. 了解健康照護體系與健康政策的應用、挑戰與未來發展
2. 了解健康照護機構的管理經營的實務與經驗
3. 了解大健康產業現況與發展趨勢",包含在健康政策、健康管理以及健康產業三大部分，邀請具有實務經驗的講者，專題演講。如有提供相關參考資料，學生需在課前預讀指定的內容或文章，課後繳交聽講重點和提問討論的心得感想。,"20%	

課程參與討論


50%	

期中、期末心得報告


30%	

小組報告

本校尚無訂定 A+ 比例上限。
本校採用等第制評定成績，學生成績評量辦法中的百分制分數區間與單科成績對照表僅供參考，授課教師可依等第定義調整分數區間。詳見 學習評量專區。",
18750,健康政策與管理研究所 / 老人與長期照護學程 / 健康政策與社會研究學分學程,"發展多樣化、跨領域整合的長期照護體系以因應急速增加的老年族群照護需求是已開發國家的普遍目標。本課程經由授課與討論來探討國際長期照護體系的經驗，進而探討台灣目前與未來長期照護體系的發展。本課程期望透過國際不同類型的長期照護服務體系介紹與優缺利弊的探討，培養學生對國內長照現況與問題的瞭解與對未來台灣長期照護體系與產業發展的空間想像，進而拓展學生對台灣長期照護體系發展的視野與經營管理的能力。
長期照護體系發展的視野與經營管理的能力。課程分為兩大部分：
Part I：介紹國際不同長期照護服務體系並討論優缺點
Part II：介紹國內長期照護體系目前與未來發展","修習此課程後，學生能：
(1)	了解國際不同長期照護產業的的種類以及優缺利弊
(2)	將所學習到的國際經驗應用在未來台灣長期照護的發展上",（見評分標準）,"15%	

課堂參與

(非常鼓勵)


15%	

參訪心得

1. 輔具展心得 ：個人繳交，屬於 extra point
2. 機構參訪：小組繳交，15%


15%	

演講心得

一頁A4


20%	

小考

共兩次


35%	

團體報告

1. 期中：資源盤點 （僅需繳交簡報），20%
2. 期末（AI 協作）：口頭報告 + 繳交報告後評論修正版簡報，繳交書面報告加分，15%

本校尚無訂定 A+ 比例上限。
本校採用等第制評定成績，學生成績評量辦法中的百分制分數區間與單科成績對照表僅供參考，授課教師可依等第定義調整分數區間。詳見 學習評量專區。",2-4 小時
24006,健康政策與管理研究所,"本課程關注在健康服務機構部門管理最重要的會計與財務管理原理與觀念，課堂講授、案例分析與指定作業為主要學習工具。本課程之學習效益將與學生對課程投入程度(課業準備與參與)有直接的關聯。
本課程探討影響健康照護組織之基本會計與財務管理原理包括:
會計基礎、財務報表與分析、營運資金管理、成本管理與決策、預算與績效管理、獎酬制度、時間價值與基本資本預算、風險與資本預算。

This course focuses on the most important accounting and financial management principles and concepts relevant to management of health services organizations and health related business. Lectures, cases, and assignments are the primary learning tools. The benefits you receive from this course are directly related to your class preparation and participation, i.e., to the effort you put into the course.
This course examines basic accounting and financial management concepts affecting health care organizations, including:
Accounting Basics: double entry, GAAP, FASB, notes to statements, auditing
Financial Statements: Income Statement, Balance Sheet, Cash Flow Statement
Financial Analysis: Ratio Analysis
Working Capital management/managing financial operations
Cost Management and Decision Making
Budgeting and Performance Management,
Reward System and Compensation
Time value and Capital budgeting basics
Risk and Capital Budgeting","課程目標	在修完本課程，學生應具備完成下列事項知能力：
1. 瞭解財務會計原理並能夠解讀財務報表(損益表、資產負債表與現金流量表)
2. 瞭解並能分析機構之財務狀況與經營績效
3. 能分析長、短期方案之財務影響並制訂決策
4. 正確應用時間價值觀念，並熟練折現分析方法
5. 瞭解預算制度與績效管理


On completion of this course, students will be able to do the following:
1. Understand the principles of financial accounting and be able to read and understand an income statement, balance sheet, and statement of cash flow.
2. Understand and be able to use financial ratios as an aid in determining the company's financial condition and performance.
3. Be able to analyze short term and long term financial alternatives and make decisions.
4. Understand budgeting and performance management currently adopted in Taiwan's health service organization.
5. Understand the process of capital raising for biomed/health innovative business.","1. 學術誠實行為必須被遵守，任何形式違反誠實將會導致未能通過此課程之評量。
2. 課前預習、上課出席與作業準時繳交是被期待的。
3. 課堂討論參與及上課出席均影響課堂參與分數。
4. 須參與並提出期末實務專案分析。
5. 團隊報告須註明個人貢獻。

1. Academic dishonesty in any form will not be tolerated. Violations of these rules will result in receiving a failing grade for the course. 
2. Students are expected to preview subject materials before they attend class, and case discussion will be held on the subject previewed. Attendance for all classroom sessions and on-time submission of assignment are also expected. 
3. Class discussion and attendance are the criteria to evaluate the performance of student participation grade.
4. Students are required to complete a financial analysis project as a team based on a real-world case. 
5. Individual contributions should be specified in the team work.","40%	

期中報告


40%	

期末報告


20%	

課堂表現

本校尚無訂定 A+ 比例上限。
本校採用等第制評定成績，學生成績評量辦法中的百分制分數區間與單科成績對照表僅供參考，授課教師可依等第定義調整分數區間。詳見 學習評量專區。",2
40888,健康政策與管理研究所,"本課程主要在介紹全面品質管理的原理原則，相關的管理演進與方法，及其在健康照護機構的實際應用，內容包含從品管圈、專案改善到服務品質模式、標竿學習、各種品質管理的模式，以及加入品質管理之實際運用的各種工具、手法及進階的應用，以及國內外健康照護機構與企業界的個案討論。
The purpose of this course is designed to introduce basic principles, theories and applications of total quality management in health care organization including topic of quality control circle, project improvement, service quality model, benchmarking and implementation model as well as tools, techniques and advanced applications in health care organization and other industries.","1.  能敘述健康照護組織與(品質)管理之重要概念與理論。
2.  希望將品管之理論與實務相配合，將品管工具與技巧，應用到健康照護機構
1.   Describe the key concepts and theories of health care organizations and quality management. 
2.  To combine quality management theories, tools, and techniques with field practice and apply to health care organizations.",健管所碩博士班研究生及其他有興趣參與之學生。,"30%	

個案報告

小組 (1次)


30%	

作業練習\ 課堂參與討論

個人 (3 次)+鼎泰豐個案


40%	

期末考

小組 + 個人  (口頭\書面)

本校尚無訂定 A+ 比例上限。
本校採用等第制評定成績，學生成績評量辦法中的百分制分數區間與單科成績對照表僅供參考，授課教師可依等第定義調整分數區間。詳見 學習評量專區。",
20583,健康政策與管理研究所,本課程係為在職專班學員規劃，隔週上課四小時。透過講授和專題實作，有系統的介紹計劃與評估健康服務時所需具備之知識與技能，所引用的實例以衛生行政或醫院管理為主。,使學生具備規劃與評估健康服務之知識，熟悉規劃與評估健康服務時需使用之方法與資料，並期藉由個案演練使學生獲得健康服務之計劃與評估之實務經驗。,講授為主，討論與實作為輔。學生需依照教學進度參與課堂作業，並分組自選主題撰擬專案。分組專案須先以口頭報告，再根據討論結果修改後繳交之。,"10%	

個人作業


20%	

課堂出席


70%	

小組報告

本校尚無訂定 A+ 比例上限。
本校採用等第制評定成績，學生成績評量辦法中的百分制分數區間與單科成績對照表僅供參考，授課教師可依等第定義調整分數區間。詳見 學習評量專區。",
15688,健康政策與管理研究所,"藉由醫院評鑑來確保醫院的醫療品質與病人安全是一種國際趨勢，病人安全也成為已開發國家醫療政策的重要議題。本課程的設計目的在於介紹台灣和各國醫院評鑑的歷史、現況情形、以病人為焦點的方法學，醫院評鑑對醫療照護體系的影響、JCIA的醫院案例，以及未來發展趨勢等。再加上醫療錯誤與病人安全的定義、原因、理論、分類、常用方法與工具(RCA, FMEA)、個案討論、國內外發展趨勢等。
Hospital accreditation is a worldwide trend to assure hospital quality and patient safety. Patient safety is also an important issue in health policy for most developed countries. This course will cover major topics for hospital accreditation and patient safety including the history, current status, and its impact on Taiwan and around the world as well as future perspective. The patient-focus method and Joint Commission International Accreditation (JCIA) will be covered.  Definition, classification, reporting system, tools, and measures in patient safety will be included, too.","1. 能轉譯與應用各種醫院評鑑與病人安全的管理知識與模型，改善組織的績效
2. 能了解醫院評鑑與病人安全的基本原理、測量、應用現況與發展趨勢。

1. To be able to translate and apply the knowledge and models of management to improve the performance of an organization.

2.  to introduce the basic definition, principles, measures, applications and trend in hospital accreditation and patient safety to those interested students for better understanding.","學生應於每堂上課前，事先閱讀放在NTU  COOL平台之指定文章以及(或)相關內容；學生應參與部分的課前報告以及個案討論；期末由小組以特定主題進行報告之準備。
All students are required to read the assigned material before class. Course material will be provided in CEIBA for reference. Students need to join pre-class reports and case discussions by assignment. The final report is based on a group project for a special topic.","40%	

課堂參與及個案討論

以個人方式進行


60%	

期末考

小組口頭報告

本校尚無訂定 A+ 比例上限。
本校採用等第制評定成績，學生成績評量辦法中的百分制分數區間與單科成績對照表僅供參考，授課教師可依等第定義調整分數區間。詳見 學習評量專區。",
25852,健康政策與管理研究所,培養修課同學具備健康服務研究所需之相關知識，包含研究基本原理、架構與實驗設計，進行資料收集的方法與技巧，以及後續的資料分析和報告撰寫。,修課同學須全程出席、參與課程討論、繳交各項作業，並於期末完成研究構想書。,,,
38598,,本課程之設計，旨在介紹健康政策原理的基本概念與方法。課程中將以一般政策分析的原理著手，並佐以台灣健康政策的實例做解說。課程內容將以政策過程五階段為架構，逐次探討政策問題的形成與感知、政策規劃、政策合法化、政策執行及政策評估。透過文獻的閱讀、課堂的講解與討論，再加上分組進行政策分析的實作練習，希望能充實同學對健康相關政策的瞭解，並提昇政策分析的能力。,"學生在修習完此課程後，應可具備以下能力：
1.	能瞭解台灣當前重要的健康政策議題 
2.	能敘述政策制訂的重要概念及過程
3.	能運用政策模型與技術來分析一個健康政策或議題",同學應於課前閱讀指定教材，積極參與課堂討論，並完成指定的個人與小組作業。學期間，將會實施三次不定期隨堂測驗。,"20%	

個人小作業(2 次)

兩頁 A4 以內 (不含文獻)


20%	

政策說帖

兩頁 A4 以內 (不含文獻)


15%	

隨堂測驗(3 次)

不定期實施


15%	

課前閱讀與課堂參與

就指定閱讀與案例閱讀內容進行點名問答


10%	

分組案例導讀

每組 20 分鐘以內


20%	

分組政策委託分析報告

每組 50 分鐘以內

本校尚無訂定 A+ 比例上限。
本校採用等第制評定成績，學生成績評量辦法中的百分制分數區間與單科成績對照表僅供參考，授課教師可依等第定義調整分數區間。詳見 學習評量專區。",
17239,健康政策與管理研究所,"本課程旨在介紹公共政策分析的基本概念與方法，並著重於臺灣全民健保與醫療體系的分析。
以一般政策分析的原理著手，並佐以健康政策的實例。 課程內容將以流程分析為架構，逐次探討政策問題形成與感知、政策規劃、政策合法化、政策執行及評估。
全民健保部分則從保險理論及收入面與支出面的設計著手，接續分析臺灣全民健保的重要議題。
透過文獻的閱讀、課堂的講解與討論，再加上政策專題分析的實作練習，希望能充實同學對醫療保健政策的瞭解，並提昇政策分析與評論的能力。","能確認台灣健康照護體系的主要議題與因子(核心能力A)
能敘述政策制訂的重要概念及過程，以促進全民健康(核心
能力B)
快速搜尋與彙整資料、邏輯推理、口頭與書面呈現的能力",,"40%	

個人期中作業(2次)


30%	

小組專題口頭報告(同學評分)


30%	

個人期末書面報告

本校尚無訂定 A+ 比例上限。
本校採用等第制評定成績，學生成績評量辦法中的百分制分數區間與單科成績對照表僅供參考，授課教師可依等第定義調整分數區間。詳見 學習評量專區。",
10657,健康政策與管理研究所,"本課程關注在健康服務機構部門管理最重要的會計與財務管理原理與觀念，課堂講授、案例分析與指定作業為主要學習工具。本課程之學習效益將與學生對課程投入程度(課業準備與參與)有直接的關聯。
本課程探討影響健康照護組織之基本會計與財務管理原理包括:
會計基礎、財務報表與分析、成本管理與利潤分析、時間價值與資本預算、非營利健康照護機構財務決策。
This course focuses on the most important accounting and financial management principles and concepts relevant to management of healthcare organizations and health related business. Lectures, cases, and projects are the primary learning tools. The benefits you receive from this course are directly related to your class preparation and participation, i.e., to the effort you put into the course.
This course examines basic accounting and financial management concepts affecting health care organizations, including:
Accounting Basics: account, double entry, debit/credit, GAAP/IFRS
Financial reports and analysis: Income Statement, Balance Sheet, Cash Flow Statement
Cost Management and Profit analysis
Time value and Capital budgeting
Financial decision making in non-profit healthcare organization","在修完本課程，學生應具備完成下列事項知能力：
1. 瞭解財務會計原理並能夠解讀財務報表(損益表、資產負債表與現金流量表)
2. 瞭解並能分析機構之財務狀況與經營績效
3. 能分析長、短期方案之財務影響並制訂決策
4. 瞭解非營利機構財務決策之考量

On completion of this course, students will be able to do the following:
1. Understand the principles of financial accounting and be able to read and understand an income statement, balance sheet, and statement of cash flow.
2. Understand and be able to use financial ratios as an aid in determining the company's financial condition and performance.
3. Be able to analyze short term and long term financial alternatives and make decisions.
4. Understand the issues of financial decision making in non-profit healthcare organization.","學術誠實行為必須被遵守，任何形式違反誠實將會導致未能通過此課程之評量。上課出席與作業準時繳交是被期待的，缺席二次(含)以上的課程與任一作業繳交將影響課堂參與作業的分數。

Academic dishonesty in any form will not be tolerated. Violations of these rules will result in receiving a failing grade for the course. Attendance for all classroom sessions and on-time submission of assignment are expected. Missing two in class sessions and any assignment will seriously affect the grade.","30%	

課堂參與 


35%	

期中報告


35%	

期末報告 

本校尚無訂定 A+ 比例上限。
本校採用等第制評定成績，學生成績評量辦法中的百分制分數區間與單科成績對照表僅供參考，授課教師可依等第定義調整分數區間。詳見 學習評量專區。",
39725,健康政策與管理研究所,本課程接續健康產業財務分析與決策的理論基礎，除了部份理論講解的課堂學習，將注入更多的實務參訪，強化與實務聯結與對話，將前往醫院、租賃企業、健康科技企業參訪。,"在修完本課程，學生應具備完成下列事項知能力：
1. 瞭解不同評價模型與差異比較
2. 瞭解併購綜效
3. 能分析長、短期方案之財務影響並制訂決策
4. 瞭解非營利機構財務決策之考量","學術誠實行為必須被遵守，任何形式違反誠實將會導致未能通過此課程之評量。上課出席與作業準時繳交是被期待的，缺席二次(含)以上的課程與任一作業繳交將影響課堂參與作業的分數。

Academic dishonesty in any form will not be tolerated. Violations of these rules will result in receiving a failing grade for the course. Attendance for all classroom sessions and on-time submission of assignment are expected. Missing two in class sessions and any assignment will seriously affect the grade.",,
55732,健康政策與管理研究所,,,,,
19973,健康政策與管理研究所,,,,,
34643,健康政策與管理研究所,,,,,
58917,健康政策與管理研究所,,,,,
47307,健康政策與管理研究所,,,,,
47687,健康政策與管理研究所,,,,,
39716,健康政策與管理研究所,,,,,
17806,健康政策與管理研究所,,,,,
53570,健康政策與管理研究所,,,,,
28683,健康政策與管理研究所,,,,,
51766,健康政策與管理研究所,,,,,
43742,健康政策與管理研究所,,,,,
25350,健康政策與管理研究所,,,,,
50943,健康政策與管理研究所,,,,,
56156,健康政策與管理研究所,,,,,
37157,應用數學科學研究所,,,,,
12164,國際企業學系,,,,,
26794,國際企業學系,,,,,
50898,國際企業學系,,,,,
16451,國際企業學系,傳統的商事法以公司法、票據法、海商法及保險法為主要內容。但在企業經營上，證券交易法、企業併購法、金融控股公司法及商業登記法也占了重要地位，但因時間限制，本課程講授重點在於公司法，並論述其與證券交易法、企業併購法及金融控股公司法之差異，使修課同學了解企業組織之架構、形成及變動；另在公司法課程結束後，對證券交易法重要條文及實務案例作介紹，使同學完整了解商業組織的運作及能作策略性的思考。最後為票據法，主要授課內容為票據之意義、應用、使用方式及注意事項。,本課程考量修課同學為商管學院之學生，故不要求法律條文之背誦與理論之探討，而著重於個案之說明與討論，同時經由個案之討論使同學對商事法律有所了解，並有足夠的判斷能力，以因應日常生活及將來進入職場所需。本課程雖有參考教材，但上課講解內容以講義為主，並討論實際案例，同時補充與企業活動有關的法律問題及注意事項，且將適時討論新聞事件，以加強同學印象及上課之參與程度。原則上，考試以上課討論過的內容為主。,評分標準：期中考、期末考及平時成績各三分之一,,
11646,國際企業學系 / 國際企業學研究所,,,,,
28890,國際企業學系 / 品牌與顧客經營學分學程 / 國際企業學研究所,,,,,
52292,國際企業學系 / 國際企業學研究所,,,,,
41430,國際企業學研究所,,,,,
15502,國際企業學研究所,,,,,
50022,國際企業學系 / 國際企業學研究所,,,,,
53108,國際企業學研究所 / 品牌與顧客經營學分學程,"［全球品牌管理］課程公告

本課程將於 115/3/5（四） 進行第一堂課程，請同學當日準時到課。
115/2/26（四）當日不上課，請同學留意。

欲加簽之外系同學，亦請於 115/3/5（四） 全程出席當天課程，老師將於課堂中說明加簽方式，同學屆時再依規定申請加簽即可。

如有其他課程相關問題，請直接聯繫助教：
f08724069@ntu.edu.tw","The purpose of this course is to (1) provide students an understanding of the role and importance of marketing in a firm as a managerial challenge; (2) familiarize students with marketing related knowledge from conceptual, theoretical, practical and analytical perspectives; (3) help students developing skills required in organizing effective marketing strategies and activities; (4) enable students to improve the ability of working out problems, cases and projects as a team; and (5) prepare students to be future managers in different fields with great marketing sense and knowledge for the evolving digital era.
Lectures, class participation, group discussion, case discussions and group projects are designed to help students LEARN as more as possible in FUN and INTERESTING ways.",,,
31267,國際企業學研究所,SEE THE ENGLISH VERSION.,待補,待補,,
95097,國際企業學研究所,,,,,
53418,國際企業學研究所,,,,,
95098,國際企業學研究所,,,,,
25918,國際企業學研究所,,,,,
33227,國際企業學研究所,,,,,
15532,國際企業學研究所,,,,,
44829,國際企業學研究所,,,,,
32755,國際企業學研究所,,,,,
14081,國際企業學研究所,,,,,
55796,積體電路設計與自動化碩士學位學程,,,,,
40819,積體電路設計與自動化碩士學位學程,,,,,
51370,積體電路設計與自動化碩士學位學程,,,,,
21148,積體電路設計與自動化碩士學位學程,,,,,
24086,積體電路設計與自動化碩士學位學程,,,,,
22928,積體電路設計與自動化碩士學位學程,,,,,
46116,積體電路設計與自動化碩士學位學程,,,,,
14868,積體電路設計與自動化碩士學位學程,,,,,
33625,積體電路設計與自動化碩士學位學程,,,,,
21427,積體電路設計與自動化碩士學位學程,,,,,
16696,積體電路設計與自動化碩士學位學程,,,,,
22388,積體電路設計與自動化碩士學位學程,,,,,
28308,積體電路設計與自動化碩士學位學程,,,,,
46674,積體電路設計與自動化碩士學位學程,,,,,
53336,積體電路設計與自動化碩士學位學程,,,,,
24482,積體電路設計與自動化碩士學位學程,,,,,
35482,積體電路設計與自動化碩士學位學程,,,,,
18043,積體電路設計與自動化碩士學位學程,,,,,
43537,積體電路設計與自動化碩士學位學程,,,,,
31114,積體電路設計與自動化碩士學位學程,,,,,
27689,積體電路設計與自動化碩士學位學程,,,,,
53600,積體電路設計與自動化碩士學位學程,,,,,
41060,積體電路設計與自動化碩士學位學程,,,,,
23387,積體電路設計與自動化博士學位學程,,,,,
12362,積體電路設計與自動化博士學位學程,,,,,
38679,積體電路設計與自動化博士學位學程,,,,,
48366,積體電路設計與自動化博士學位學程,,,,,
13160,積體電路設計與自動化博士學位學程,,,,,
56808,積體電路設計與自動化博士學位學程,,,,,
42255,積體電路設計與自動化博士學位學程,,,,,
51872,積體電路設計與自動化博士學位學程,,,,,
23607,工業工程學研究所 / 工學院院學士學位,,,,,
32117,,,,,,
58677,工業工程學研究所,,,,,
57660,工業工程學研究所,,,,,
22479,工業工程學研究所,,,,,
27696,工業工程學研究所,,,,,
59924,工業工程學研究所,,,,,
37662,工業工程學研究所,,,,,
27207,工業工程學研究所,,,,,
15522,工業工程學研究所,,,,,
26480,工業工程學研究所,,,,,
95005,工業工程學研究所,,,,,
39526,工業工程學研究所,,,,,
36180,工業工程學研究所,,,,,
56546,工業工程學研究所,,,,,
19401,工業工程學研究所,,,,,
20713,工業工程學研究所,,,,,
27038,工業工程學研究所,,,,,
18147,工業工程學研究所,,,,,
52230,工業工程學研究所,,,,,
39798,工業工程學研究所,,,,,
95004,工業工程學研究所,,,,,
38338,智慧工程科技全英語學士學位學程,,,,,
34046,智慧工程科技全英語學士學位學程,,,,,
41393,智慧工程科技全英語學士學位學程,,,,,
43140,智慧工程科技全英語學士學位學程,,,,,
35836,智慧工程科技全英語學士學位學程,,,,,
51425,智慧工程科技全英語學士學位學程,,,,,
46435,智慧工程科技全英語學士學位學程,,,,,
56932,智慧工程科技全英語學士學位學程,,,,,
44082,智慧工程科技全英語學士學位學程,,,,,
40021,食品安全與健康研究所,,,,,
19692,,,,,,
48210,食品安全與健康研究所,,,,,
38390,資訊管理學系,,,,,
48269,資訊管理學系,,,,,
17476,資訊管理學系,,,,,
20068,,"Drawing on studies in psychology, management, and communication, this course covers various topics (e.g., identity, motivation, and interpersonal relationships) from a cross-cultural perspective. The first half of the course starts with an introduction to culture and cross-cultural communication and proceeds to map world cultures along the dimensions of value systems and how such systems affect individuals in terms of development and communication. The second half of the course applies knowledge to different settings and elaborates on how the differences impact conflict management and relational maintenance in various contexts, such as tourism, business, education, and health care.","This course aims to aid the students in understanding the importance of culture in individual, group, and organizational settings to enhance communication and effectively manage cultural differences.
Upon finishing this course, students are expected to be able to:

1. Recognize the impact of cultural value systems on human motivation, behaviors, emotions, and interpersonal relationships.
2. Acquire both theoretical and practical knowledge of cross-cultural communication.

3. Cultivate competence in oral, written, and interpersonal communication and collaboration skills through the group project.

4. Develop a culture-sensitive perspective to understand the cultural differences in various contexts and address their challenges.","Enrollment
Anyone interested in enrolling in this course should be physically present for the first lecture to see if the course is for you. If it is, fill in the request form for authorization codes in class. I will not be responding to any emails before the first week.

Preparation and attendance
You are expected to prepare for each class by reading or watching assigned materials. You may be called on to summarize the major arguments of the assigned materials and/or provide your interpretation or critique of them. Regular attendance is expected. Failure to attend regularly and be prepared will be grounds for a grade reduction at the professor’s discretion. Accumulating five absences will result in an automatic failing grade (F) for the course. 

Professionalism and active participation
You should come to the class prepared to listen and participate. Your level of engagement with the materials is part of your grade. You are expected to contribute your thoughts and opinions during class discussions and group presentations.

Respect
All individuals in the class are expected to maintain mutual respect in the learning environment.

Laptop/tablet/cell phone policy
You are allowed to use laptops or tablets in class to take notes. You should, however, refrain from using the cell phone during class, especially when your classmates are presenting their work.

Generative AI policy
Generative AI is encouraged for use in all class-related activities, including discussions, assignments, and ideation, except for the final exam, which will be closed-book. You are welcome to explore its potential to support your learning and creativity. However, you must not read directly from AI-generated text during class presentations. All work presented must reflect your own understanding and synthesis.","10%	

Attendance

Per school policy, everyone is allowed 3 absences, but failure to attend classes (excluding the exam, if any) 5 times or more will result in a fail in the final grade.


15%	

Participation

Active class participation is highly encouraged. Although the class is in English, you may participate in the class discussion in Mandarin or any other language your instructor understands (unfortunately, currently, it’s just English and Mandarin, but I’m working on it). The TA will take note of those who have spoken in class and the participation grade will largely be based on it. Please ensure the TA records your contribution before you leave the classroom. We do not verify or credit participation claims made after the session concludes.


40%	

Final exam

This exam covers topics discussed before the exam and consists of 20 multiple-choice questions and 4 or 5 short-answer questions.


35%	

Group project

Students are expected to form groups of 3-5 persons and collaborate on a project relevant to cross-cultural communication and management and the team members’ shared interests. The course instructors will grade 30% (15% for the written report, 10% for the presentation, and 5% for the AI integration log), and your peer members will grade 5%. Please note that if you fail to submit the peer review before the deadline, all the group members who have submitted the review on time will get full points of 10 automatically.

本校尚無訂定 A+ 比例上限。
本校採用等第制評定成績，學生成績評量辦法中的百分制分數區間與單科成績對照表僅供參考，授課教師可依等第定義調整分數區間。詳見 學習評量專區。",1 - 2 hours
15445,資訊管理學系,,,,,
41611,資訊管理學系,,,,,
41478,資訊管理學系,,,,,
10343,資訊管理學系,,,,,
40998,資訊管理學系,,,,,
41683,資訊管理學系,,,,,
39738,資訊管理學系,,,,,
39698,資訊管理學系,,,,,
10787,資訊管理學系,,,,,
20949,資訊管理學系,,,,,
24050,資訊管理學系,,,,,
25169,資訊管理學系,,,,,
13443,資訊管理學系,,,,,
47276,資訊管理學系,"This class is designed to introduce students to important topics in Information Management and Computer Technology. Experts, managers, and researchers in both private and public sectors related to this field are invited to give a speech and conduct a discussion session. Students are encouraged to participate in the discussion and ask any questions.",Acquire advanced knowledge and skills as preparation for managerial jobs or entering higher levels of academic disciplines,"The class is divided into three sessions and within each, three topics are introduced. After each session, students need to turn in a one-to-five-page review that summarizes the speeches and discussions as well as the thoughts and the comments. Upload the review to the NTU COOL course website. Any review delivered after 14:20 will not be counted.
To encourage the students to ask good questions, TA will record and give the students some extra bonuses.
Some of the reviews can be those of the talks held at other departments or schools, but your advisor should notice Prof. Robin Chen or Prof. Ching-Chin Chern first. Otherwise, those reviews will not be counted.
Do not be late to the seminar room. Anyone who comes to the seminar room after 14:20 will not be allowed to enter the room. Students are required to attend all the classes and will be failed for 2 or more absences.","40%	

Participation

Do not be late to the seminar room. Anyone who comes to the seminar room after 14:20 will not be allowed to enter the room. Students are required to attend all the classes and will be failed for 2 or more absences.  To encourage the students to ask good questions, TA will record and give the students some extra bonuses.


60%	

Review Report

The class is divided into three sessions and within each, three topics are introduced. After each session, students need to turn in a one-to-five-page review that summarizes the speeches and discussions as well as the thoughts and the comments. Upload the review to the NTU COOL course website. Any review uploaded after 14:20 will not be counted.  Some of the reviews can be those of the talks held at other departments or schools, but your advisor should notice Prof. Robin Chen or Prof. Ching-Chin Chern first. Otherwise, those reviews will not be counted.

本校尚無訂定 A+ 比例上限。
本校採用等第制評定成績，學生成績評量辦法中的百分制分數區間與單科成績對照表僅供參考，授課教師可依等第定義調整分數區間。詳見 學習評量專區。",
15680,資訊管理學系 / 資訊管理學研究所,"This course introduces a selection of theories and practices that, we believe, will enhance the student's ability in developing correct and high-quality software. Its goal is to acquaint the students with some of the well-used methods and tools for practical software development as well as some fundamentals of software verification, so as to prepare them for a career in software development. The view taken here is that of an engineer (programmer, software engineer, or software architect) and hence the focus of the course is primarily on the technical aspects of software development process. We will start with an overview of the typical software development process and relevant issues and then study in greater details some fundamental elements of software modeling, design, and verification, along with several software productivity tools and development practices. To practice applying these methods and tools, we will carry out a term project that involves the development of a large Web application. We will also study Web application programming techniques and security, to better prepare for the project.","The goal of this course is to acquaint the students with some of the well-used methods and tools for practical software development as well as some fundamentals of software verification, so as to prepare them for a career in software development.",The students are assumed to have taken Object-Oriented Programming and Database Management.,"30%	

Final Exam


50%	

Term Project

Details will be provided on the course wiki site: http://im.ntu.edu.tw/~tsay/dokuwiki/doku.php?id=courses:sdm2023:main


10%	

Participation


10%	

Homework

There are five homework assignments.

本校尚無訂定 A+ 比例上限。
本校採用等第制評定成績，學生成績評量辦法中的百分制分數區間與單科成績對照表僅供參考，授課教師可依等第定義調整分數區間。詳見 學習評量專區。",
13482,資訊管理學系 / 資訊管理學研究所,軟體開發的管理是目前資訊產業的一個重要課題。其除了軟體本身及專案導向的發展內容外，尚包括了來自組織的管理支援，以及組織學習的專案開發經驗。由於軟體開發的不確定性、複雜性與再利用性，使得流程專注與知識管理成為軟體開發成功之重要關鍵。軟體開發的管理是目前資訊產業的一個重要課題。其除了軟體本身及專案導向的發展內容外，尚包括了來自組織的管理支援，以及組織學習的專案開發經驗。由於軟體開發的不確定性、複雜性與再利用性，使得流程專注與知識管理成為軟體開發成功之重要關鍵。因此本課程將專注在軟體開發的流程與專案管理，介紹軟體發展與專案管理十大知識體系(PMBOK)以及目前實務上的採用的方法論如敏捷發展(Agile development)與極致開發(eXtreme programming)，來具體帶出軟體專案在醞釀、規劃、執行、監控與結案過程中的技術與管理方法；並且介紹現今人工智慧在軟體開發管理的角色與協助。課程教學內容除了教師的投影片外，尚包括企業輔導的個案以求在實務上與理論之融會貫通。,本課程目標在於讓學生充分了解資訊系統開發的軟體流程與專案管理的方法，並進一步培養學生具有解決資訊制度與新系統導入對組織所造成的衝擊之能力,學生已修過程式設計、系統分析設計等課程較適合,"25%	

課程參與

含出席演講與撰寫心得報告、擔任期末報告同儕評審


50%	

期末專題


25%	

小組報告

本校尚無訂定 A+ 比例上限。
本校採用等第制評定成績，學生成績評量辦法中的百分制分數區間與單科成績對照表僅供參考，授課教師可依等第定義調整分數區間。詳見 學習評量專區。",
53068,資訊管理學系 / 資訊管理學研究所,資通訊技術的興起和普及，無疑是將人類賴以溝通的科技引領到一個全然不同的嶄新境界，相對地，討論「資訊社會」的國內外相關文獻，也幾乎可以用汗牛充棟這樣的說法來形容。然而，由於近數十年來資通技術運算能力、資訊儲存及處理能力的大幅提升，關於個人資訊隱私權、智慧財產權保護、資訊自由、言論自由以及各種憲法基本權利的保護，就順勢成為眾所關切的議題，而且也成為大數據與人工智慧時代的問題焦點所在。本學期之課程內容，將以上述議題所涉及的資訊法與資訊政策爭議（尤其是聚焦於人工智慧）為對象，探討其在倫理、人權、憲法和法律等層面的真正樣貌。,本課程的主要目的，乃是希望提供一個衡平的知識分析架構，探討資通科技所引發的法律與社會間的互動關係，深入瞭解科技發展尤其是人工智慧可能衍生的社會及倫理爭議、以及法律如何在科技與社會演進過程中扮演適當的角色。待補,導讀所負責之各週讀本內容、出席並參與課程討論、繳交期中和期末報告,"50%	

課堂報告與討論

視實際情形綜合考量


50%	

期中與期末報告

視實際情形粽合考量

本校尚無訂定 A+ 比例上限。
本校採用等第制評定成績，學生成績評量辦法中的百分制分數區間與單科成績對照表僅供參考，授課教師可依等第定義調整分數區間。詳見 學習評量專區。",課前3小時/課後1-2小時
30020,資訊管理學系 / 商業資料分析學分學程 / 資訊管理學研究所,請參考 https://homepage.ntu.edu.tw/~wyang/bda2026/index.html,請參考 https://homepage.ntu.edu.tw/~wyang/bda2026/index.html,,,
20134,資訊管理學系 / 資訊管理學研究所,This course equips students with the skills needed to conduct research on information systems planning and strategy.,"Upon successful completion of this course, students will be able to:
--- Translate practical and theoretical problems into well-defined research topics and research questions.
--- Formulate testable hypotheses and develop rigorous and logically sound arguments to support them.
--- Design empirical studies that demonstrate appropriate forms of validity and support effective and rigorous research.",待補,"30%	

Class Participation 

Thirty percent of the final grade is based on the quality of students’ participation, including the quality of questions, contributions to discussions, and overall engagement throughout the semester.


70%	

Final Work

This course includes a research project in which students develop a research model. The project consists of a written proposal, an oral presentation, and a final report.

本校尚無訂定 A+ 比例上限。
本校採用等第制評定成績，學生成績評量辦法中的百分制分數區間與單科成績對照表僅供參考，授課教師可依等第定義調整分數區間。詳見 學習評量專區。",3 hours
50755,資訊管理學系 / 商業資料分析學分學程 / 資訊管理學研究所,"MDS course supports students learning how to apply artificial intelligence (AI), machine learning, data science (DS) techniques to improve the effectiveness and efficiency of the manufacturing systems. MDS integrates the knowledge domains of the information, engineering, and management. Encourage students to solve the real problem systematically using the design of analytics, from descriptive, diagnostic, predictive, prescriptive to automating, for successfully enhancing decision quality.","Learn the statistical learning and optimization methodologies for intelligent manufacturing systems
Create a prototype model to solve the problem in real setting related to manufacturing or service systems
Develop the research skills and prepare a analytic project report","It&#39;s better to have prerequisite courses: (1) probability and statistics; (2) operations research
Python programming skills
Students need to read literature and develop analytical model for term project","50%	

Assignments


30%	

Project Presentation


10%	

Attendance &amp; Participation


10%	

Expert Speech

本校尚無訂定 A+ 比例上限。
本校採用等第制評定成績，學生成績評量辦法中的百分制分數區間與單科成績對照表僅供參考，授課教師可依等第定義調整分數區間。詳見 學習評量專區。",
49262,資訊管理學系 / 商業資料分析學分學程 / 資訊管理學研究所,"Since the advent of Web 2.0 and online social networking, social media platforms, establishing and fostering general-purpose or interest-based communities that give their users the power to actively create and contribute user-generated contents and connect and interact with others, have exploded in popularity. As a result, social media has become one unique, novel source of big data, providing great opportunities and magnificent potential for research to analyze and understand human behavioral patterns or to develop advanced analytics techniques that analyze social media data for business decision support or more effective social media management. For example, individuals increasingly share on social media platforms their experiences with, preferences for, and opinions about a wide range of products, entities (e.g., organizations, celebrities, politicians), emerging events, public policies, and so on. Organizations increasingly rely on these user reviews to answer such questions as: What do customers say about us and about our competitors? What do they like or dislike about our products? What causes customers to become dissatisfied?","Social media analytics (SMA) refers to “the process and methods of collecting and analyzing data gathered from social media channels to support business decisions.” The objective of this course is to help students understand commonly discussed topics and their corresponding analytics methods related to social media analytics. This course is structured into three modules: SMA essentials, network-based SMA methods, and text-based SMA methods. Technically speaking, social media analytics is a confluence of research in data mining, text mining, and social network analysis. Thus, in the “SMA essentials” module, we will cover these fundamental building blocks of social media analytics, including 1) data mining essentials, 2) text mining essentials, and 3) social network analysis and link prediction. The “network-based SMA methods” module will cover the topics that heavily rely on the structural analysis of social networks to support the analysis of social media. They include 1) community detection, 2) influence modeling, and 3) opinion leader detection. In the “text- based SMA methods” module, we will discuss the methods and applications that predominantly exploit the texts (user-generated contents) shared on social media platforms. They include 1) sentiment analysis, 2) social media for marketing intelligence, 3) user profiling, and 4) fake review detection.",,,
14352,資訊管理學系 / 知識管理學程 / 資訊管理學研究所,"商業模式 (Business Model) 是企業創造、傳遞及獲取價值的核心邏輯。透過系統性地解構商業模式的關鍵要素，企業得以清楚界定自身的市場定位與競爭策略，進而實現可持續的價值創造。自1990年代末期電子商務興起以來，資訊科技持續驅動商業模式的演進，並在行動網路時代催生了AirBnB、Uber等共享經濟代表性企業，深刻改變既有產業結構。
隨著生成式AI (Generative AI) 的爆發性發展，我們正處於新一波產業革命的浪潮。本課程將透過經典與前沿的新創案例，探討資訊科技如何推動商業模式創新；除分析過往成功的平台與數位經濟模式外，本學期亦將新增「生成式AI」單元，深入探討企業如何運用 AI 重塑價值鏈、改變內容生產與服務提供方式，並創造全新的使用者互動與商業模式。
在案例分析過程中，我們將剖析資訊科技如何帶來新的價值主張、計價收費機制、服務設計與通路模式。然而，我們必須提醒創新者：多數商業模式是可以模仿的，除非擁有難以複製的競爭優勢（如Google的關鍵字廣告結合其強大的搜尋引擎技術），否則創新只能帶來短暫的領先。本課程的核心目標，即在於引導學員思考如何從這短暫的優勢中建構競爭壁壘，有效防禦後進者的威脅。

A business model is the core logic through which a firm creates, delivers, and captures value. By systematically deconstructing the key elements of a business model, firms can clearly define their market positioning and competitive strategy, thereby achieving sustainable value creation. Since the rise of e-commerce in the late 1990s, information technology has continuously driven the evolution of business models. In the era of mobile networks, it has given rise to emblematic sharing-economy companies such as Airbnb and Uber, profoundly reshaping existing industry structures.
With the explosive development of generative AI, we are now entering a new wave of industrial transformation. Through both classic and cutting-edge startup cases, this course examines how information technology drives business model innovation. In addition to analyzing successful platform and digital-economy models from the past, the course introduces a dedicated Generative AI module this semester. This module explores how firms leverage AI to reconfigure value chains, transform content production and service delivery, and create entirely new forms of user interaction and business models.
Throughout the case analyses, we will dissect how information technology enables new value propositions, pricing and revenue mechanisms, service designs, and distribution channels. At the same time, innovators must be reminded that most business models are inherently imitable. Unless a firm possesses hard-to-replicate competitive advantages—such as Google’s keyword advertising integrated with its powerful search engine technology—innovation typically delivers only temporary leadership. The core objective of this course is therefore to guide participants in thinking about how to build durable competitive moats from such transient advantages and effectively defend against latecomers.","個案分析能力、創意思考、競爭策略與創新創業精神 
如何運用資訊科技驅動商業模式創新

Case analysis skills, creative thinking, competitive strategies, and entrepreneurialship.
How to leverage information technology to drive business model innovation.","具備基本的資訊科技知識
積極的學習態度
對於新科技的好奇
Possessing fundamental knowledge of information technology.
Maintaining a proactive learning attitude.
Displaying curiosity towards new technologies.","10%	

課程參與


35%	

期中報告

小組


35%	

期末報告

小組


20%	

期末考

本校尚無訂定 A+ 比例上限。
本校採用等第制評定成績，學生成績評量辦法中的百分制分數區間與單科成績對照表僅供參考，授課教師可依等第定義調整分數區間。詳見 學習評量專區。",2 hr
46713,資訊管理學系 / 資訊管理學研究所,,,,,
30313,資訊管理學系 / 資訊管理學研究所,"於 2026/2/23 更新：

因為目前看起來有很多人想要修課，在上課第一天 2/24 週二，我們改去「管院一館一樓104教室」，這個教室比較大，比較不用擔心第一天原教室坐不下。當天在原教室也會貼公告註明換到管一 104。請看到公告的大家 2/24 直接去管一 104，也請大家幫忙跟自己的親朋好友（特別是還沒選到課的朋友）說。

另外，如課程大綱所述，第一天上課就有小考，而且這個小考是要被算進學期成績的（除非它是你四次小考中考最低分的一次）。









====================

於 2026/1/19 更新：

114-2 的課程大綱在 https://www.dropbox.com/scl/fi/4nza6reorsfiq9zjqpwqu/IE114-2_syllabus260119.pdf?rlkey=k9nkl4hgiqo0t9vqdtgfnmbtw&dl=0。

 If you would like to request for a registration code for enrolling in this course in 114-2, or if you want to audit this course and want to access the course materials, please come to the first class on February 24, 2026. As long as there are still seats, all junior-or-above students are welcome.","By the end of this course, students may expect themselves to be able to:
(1) Analyze a given static or dynamic game to derive the equilibrium outcome.
(2) Interpret a given equilibrium to obtain economic intuitions and managerial insights.
(3) Formulate a game-theoretic model for a system with multiple decision makers that can be used to explain some phenomenon.
(4) Add constraints into a game-theoretic model to incorporate the information asymmetry faced by a decision maker.
(5) Conduct academic research in business and management using analytical modeling.",參見課程大綱,,10 小時（不含正課時間的 3 小時，包含看課前影片的約 1.5 小時）
44280,資訊管理學系 / 資訊管理學研究所,"2026/2/23 更新
1. 本學期課程介紹與第一週教材：
https://drive.google.com/file/d/19RGm30HEk7WztJdbZItAucEEqIRV23ZL/view?usp=sharing

2. 欲加簽的同學請於2026/2/27 23:59前填寫加簽申請單
https://docs.google.com/forms/d/e/1FAIpQLScDfPDUEGpy1Gw7IkvBn71nTzRneCjNCQWY025yJPgKra6sOA/viewform?usp=dialog

3. 本日課堂錄影影片
https://www.youtube.com/playlist?list=PLCGdg-V2_I4jBr7dxeVgNUE_XGogLWn7Y


------------------------------------------------
本課程內容涵蓋網頁設計、前端、後端資料庫和網頁轉化成手機APP等基本概念及其運用，例如：HTML5、CSS3、JavaScript、React、Vue、jQuery、jQuery Mobile、SQL、NoSQL以及Cordova等。
在整個課程中，藉由以某個領域為主題搭配專案管理之手段，以解決真實問題為目標之專案製作，進一步達到學習之目的，提升同學學習成效。藉由分組討論與專案報告讓同學們分享解決問題的過程以及反思，進而提升的學習效果。","以解決真實問題為導向，熟練 Web App 開發所需之技巧和專案管理概念，包括 HTML, CSS3, JavaScript, React, Vue, jQuery Mobile, SQL, NoSQL 與 Cordova 等。",團隊合作(必備)、程式設計能力(若學過較佳),,
21516,資訊管理學系 / 資訊管理學研究所,"Human-computer interaction (HCI) is a critical and almost ubiquitous process that impacts our daily activities and changes how we experience the world, social relationships, and our lives. It is concerned with optimizing the interaction between human users and computer systems, be it a cell phone, an actual computer, or an embedded interface (such as ChatGPT and Gemini). It is interdisciplinary by nature, as it stands at the intersection of computer science, behavioral science, and social science.","This course aims to deepen your understanding of human-computer interaction and cultivate the ability to discover, evaluate, and critique research and designs related to HCI. This goal can be further broken into the following sub-goals:

1. Get a feel for the breadth of work around HCI, especially work that is concerned with understanding, designing for, and evaluating individuals’ behaviors using technologies.

2. Learn to read and critique HCI literature.

3. Learn to apply ideas from the readings and critiques to your design and research projects, whether HCI-related or not.

4. Explore different methods for doing research and work around HCI.

5. Make connections between HCI and the disciplines it commonly draws from, including but not limited to psychology, computer science, information science, and anthropology.

6. Get experience in conducting interdisciplinary and group research in HCI.

This is a work- and reading-intensive course. You will do plenty of readings, regular reactions to and analysis of the readings, and design ideas inspired by them. You will also need to collaborate closely with your group members on not only your group project, but weekly in-class discussion as well.","Enrollment
Anyone interested in enrolling in this course should be physically present for the first lecture to see if the course is for you. If you think it is, fill in the request form in class to ask for the access code. I will not be responding to any emails before the first week.

Preparation and attendance
You are expected to prepare for each class by reading or watching assigned materials. You may be called on to summarize the major arguments of the assigned materials and/or give your interpretation or critique of them. Regular attendance is expected. Failure to attend regularly and be prepared will be grounds for a grade reduction at the professor’s discretion.

Professionalism and active participation
You should come to the class prepared to listen and participate. Your level of engagement with the materials is part of your grade. You are expected to contribute your thoughts and opinions during class discussions and group presentations.

Respect
All individuals in the class are expected to maintain mutual respect in the learning environment.

Laptop/tablets/cell phone policy
You are allowed to use laptops or tablets in class to take notes. You should, however, refrain from using the cell phone during class, especially when your classmates are presenting their work","10%	

Attendance

Per school policy, everyone is allowed 3 absences, but failure to attend classes 5 times or more will result in a straight F in the final grade.


15%	

Class participation

Active class participation is highly encouraged. Although the class is in English, you may participate in the class discussion in Mandarin or any other language your instructor understands (unfortunately, currently, it’s just English and Mandarin, but I’m working on it). The TA will take note of those who have spoken in class and the participation grade will largely be based on it. Please ensure the TA records your contribution before you leave the classroom. We do not verify or credit participation claims made after the session concludes.


25%	

Assignments

Assignments are short reflective essays on the HCI-related topics we discussed in class. You have 5 assignments throughout the semester, each reflecting on one topic in the last two weeks or so and accounting for 5% of the total grade.


50%	

Group project

The course instructor will grade 40%, and your peer members will grade 10%.

本校尚無訂定 A+ 比例上限。
本校採用等第制評定成績，學生成績評量辦法中的百分制分數區間與單科成績對照表僅供參考，授課教師可依等第定義調整分數區間。詳見 學習評量專區。",3 hours
38223,資訊管理學系 / 資訊管理學研究所,"你是不是很好奇，市面上的軟體都是如何開發出來的？
你是不是有很多的想法，但是卻不知道該如何實踐？
你開發了一個網路應用服務，但是不知道如何可以給更多人使用？

這門課希望能夠帶給你一個網路雲端原生應用程式開發完整的流程。藉由這些緊緊相連的課程，一步步帶你從一個新概念的發想、使用者訪談、軟體服務設計思考、系統架構及服務開發、網路服務規劃及負載設計、容器化的應用，最後運用觸手可及的雲端網路服務，分享給全世界。

過程中，你會了解如何運用開源（open source）軟體、軟體版本控制、持續整合（CI）、持續佈署這些觀念及常用工具，讓你的雲端服務系統開發可以更新既及時、但也更有品質。業界講師的分享及經驗談，也可以協助你更接近市場，對於日後要前進企業、或是自行創業都會是很好的指引。

【備註】
1.本課程由台積電IT部門協助合作授課。
2.第二階段選課結束，不開放加簽；建議有實作經驗者修課。","本課程的目標在於讓修課同學：
瞭解並熟悉雲端原生服務的概念、實踐及應用
協助學生透過以人為本的設計思考，為使用者尋求創新解決方案
引導學生熟悉雲端應用程式開發，DevOps 方法及工具使用，及企業的實際案例分享 
為學生跟業界講師，建立一個互相溝通及分享的管道","1. 基本能力要求：
　(a) 計算機網路概論、資料結構、演算法
　(b) 須懂 Git 基本操作、須具備基礎 App 專案開發經驗，前、後端擇一可
2. 修課同學需按規定繳交個人作業、團體專案作業，並完成末成果發表","15%	

HW1 

基於專案之 Persona/User story


20%	

HW2

基於專案之軟體/系統架構設計


15%	

HW3

測試專案


15%	

HW4

基於 HW3 專案之布署作業


30%	

分組專案

1. 以組為單位進行指定題目軟體專案開發
2. 以組為單位進行專案報告，並繳交專案程式碼


5%	

貢獻度互評

1. 各小組內以 DevOps Team 團隊模式進行分工
2. 期末報告結束後，各組每一位成員皆須填寫自己以外成員的貢獻分數及原因

本校尚無訂定 A+ 比例上限。
本校採用等第制評定成績，學生成績評量辦法中的百分制分數區間與單科成績對照表僅供參考，授課教師可依等第定義調整分數區間。詳見 學習評量專區。",課前預習：2 小時；課後學習：2 小時
33732,資訊管理學研究所,,,,,
37724,資訊管理學研究所,,,,,
29019,資訊管理學研究所,,,,,
27171,資訊管理學研究所,,,,,
30773,資訊管理學研究所,,,,,
37486,資訊管理學研究所,,,,,
53106,資訊管理學研究所,,,,,
57415,資訊管理學研究所,,,,,
95119,資訊管理學研究所,,,,,
46242,資訊管理學研究所,,,,,
14218,資訊管理學研究所,,,,,
36482,資訊管理學研究所,,,,,
25161,,請參考,"- 利用醫學院與電資學院互補之專長整合醫學應用與電機資訊技術
- 增進兩院交流、促進未來合作機會",,,
55418,統計碩士學位學程,,,,,
24387,氣候變遷與永續發展國際學位學程,,,,,
22871,氣候變遷與永續發展國際學位學程,,,,,
42250,氣候變遷與永續發展國際學位學程,,,,,
52190,氣候變遷與永續發展國際學位學程,,,,,
43141,,,,,,
18103,氣候變遷與永續發展國際學位學程,,,,,
52279,氣候變遷與永續發展國際學位學程,,,,,
34056,氣候變遷與永續發展國際學位學程,,,,,
42577,氣候變遷與永續發展國際學位學程,,,,,
15950,氣候變遷與永續發展國際學位學程,,,,,
95075,氣候變遷與永續發展國際學位學程,,,,,
10876,氣候變遷與永續發展國際學位學程,,,,,
95074,氣候變遷與永續發展國際學位學程,,,,,
17934,,,,,,
15720,新聞研究所 / 傳播學程,,,,,
31600,新聞研究所,,,,,
13312,新聞研究所,,,,,
41672,新聞研究所,,,,,
54411,文學院院學士學位 / 日本語文學系,,,待補,,
13513,日本語文學研究所,,,,,
19437,法律學系,"使學生能了解刑法分則各個法益與條文內容之關連性。課程教學主軸，不僅期望學生能夠習慣刑法高度抽象與邏輯性的犯罪審查過程，還必須深切地體悟刑罰之施與是一種高度的國家強制行為，在個案犯罪刑事責任的判定過程中，必須嚴守最後手段性與罪刑法定主義的基本要求，以求將刑罰的施用範疇壓抑至最低，以期學生於在學期間，培養我國刑法犯罪成立與刑罰制度的基礎觀念，養成足夠的批判能力，對我國現行刑法理論與立法動向進行反省與思考，將來進入實務工作後，也能夠謹慎地運用刑法的論理與解釋方法，能夠在未來應對實務個案時，有效且合理地限制刑罰。 

由於刑法分則的授課時間有限，因此自本學年開始，每學年第二學期開由刑法中心老師輪流開設本課程，以補強有關「社會法益與國家法益」的犯罪，授課教師將盡最大努力，依循每週教學進度循序討論、講解，也因此，個別罪名中過度細瑣的問題必須煩請同學自行研析。這勢必加重修課同學的自行研讀負擔，請有意願選修者自行斟酌個人時間安排狀況，再決定是否選修。 

選課後未選上本課程，並有意加選的同學，請於第一次上課時出席，屆時將視教室容量決定是否加簽，如人數過多，將抽籤決定；另請勿來信詢問加簽，將統一於第一次上課時處理。","1、掌握刑法分則涉及社會法益與國家法益罪名的基本概念，進而應用於具體實務案例。 
2、分析研討上述兩類罪名的保護法益，並以保護法益為中心，合理地解釋條文中的構成要件要素。 
3、建構刑法學理的批判性觀點，再以之檢討既有學說、實務的各項爭議，提出具有說服力的個人意見。","1、本課程不點名，期待同學上課參與，但不計入評分。 
2、成績評定為期末考100分。 
3、本學期內容預計講授：社會法益重要罪名與國家法益重要罪名。","100%	

期末考

實例題一題，可參閱無註記的小六法。

本校尚無訂定 A+ 比例上限。
本校採用等第制評定成績，學生成績評量辦法中的百分制分數區間與單科成績對照表僅供參考，授課教師可依等第定義調整分數區間。詳見 學習評量專區。",
46145,財法組 / 法學組 / 司法組,,,,,
25390,法律學系 / 科際整合法律學研究所,,,,,
22381,法學組 / 司法組 / 財法組,,,,,
41575,法學組 / 司法組 / 財法組,,,,,
42448,法律學系,,,,,
52862,法律學系,,,,,
19661,法律學系,,,,,
35618,法律學系,,,,,
33800,法律研究所 / 科際整合法律學研究所,,,,,
13075,科際整合法律學研究所 / 法律研究所,,,,,
59938,法律研究所,,,,,
49680,科際整合法律學研究所 / 法律研究所,,,,,
41073,科際整合法律學研究所 / 法律研究所,"本學期課程以「公法學及其方法論之深層結構」為核心問題意識，嘗試將公法方法論理解為一套嵌入於法治國權力配置之中的制度性語言，而非中立的解釋或適用技術。課程以德國公法學的歷史發展為主要分析脈絡，探討在不同法治國型態下，立法、行政與司法三者之間的權力分工，如何透過公法方法論被具體化、穩定化，並在制度條件變遷時產生張力與轉移。

課程內容將自德意志帝制時期與威瑪共和的法學發展出發，延伸至基本法時期的憲法實踐，分析議會保留、比例原則、行政判斷餘地、程序化與司法審查密度等核心方法論概念，如何回應立法能力、行政專業化與司法角色擴張等制度現實。課程特別著重於「價值決定權」與「事後評價權」之區分與互動，並以此作為理解公法學內部權力結構的重要分析工具，並用以反思我國處境與面臨之共同問題。

課程亦將與同學報告主題分工，探討民主法治國當前所面臨的關鍵難題，包括立法空洞化、行政負載過重、法院擴權，以及刑事程序、風險治理等高度張力領域中所浮現的制度極限。本課程希望引領同學對公法學之結構性理解能力，使修課同學能辨識公法方法論何以在特定制度前提下運作，又何以在前提動搖時承受過度負載，進而引發法治國內部的緊張與調整。","修課同學應能透過此課程，掌握以下知識與思辯能力：
1. 藉助德國法學發展史，理解公法方法論背後所預設的權力結構
2. 認識立法、行政、法院在不同法治國型態中的角色轉變
3.分析「價值決定權」與「事後評價權」之法學權力分配與制衡關係
4. 批判性思考民主法治國家法律失靈、行政失能與法院擴權之危機與轉機",修課同學應積極參與課程主題之學習與思考，並選定我國制度運作相關問題提出口頭與書面報告,"100%	

口頭與書面報告

修課同學應選定主題，進行口頭與書面報告

本校尚無訂定 A+ 比例上限。
本校採用等第制評定成績，學生成績評量辦法中的百分制分數區間與單科成績對照表僅供參考，授課教師可依等第定義調整分數區間。詳見 學習評量專區。",4小時
27583,法律研究所,,,,,
42767,法律研究所 / 科際整合法律學研究所 / 法律學系,,,,,
12666,法律學系 / 法律研究所 / 科際整合法律學研究所,,,,,
20394,法律研究所 / 科際整合法律學研究所,,,,,
38175,法律研究所,,,,,
34573,科際整合法律學研究所 / 法律研究所,本課程先研讀以台灣，而非西方世界或中華民國，作為歷史軸線，探究法學知識之建構的既有論著，並討論各論著的議題設定、研究視角與方法，以及參考文獻。包括但不限於將特定時空下法學知識的建構，與同時空的實證法秩 序內涵、整個政治社會的情勢、或法學者個人的學經歷等一併觀察。接著由學 生依自己的興趣甚或學位論文之需，選定某個法學領域、某項法學議題或概念，進行知識史的溯源與省思，除了在課堂上為口頭報告及討論，期末須提出完整的書面報告。法律史研究首重解析相關的史料(含法學論述的文本)，以歸納出經驗事實的實作，倒非汲汲於援用各種與法相關的理論或詮釋，本課程強調的是就是「動手做做看」。授課老師個人網頁內所附論著目錄，屬於論文者之全文，以及史料介紹等，均可供參考或作為本課程指定教材: http://homepage.ntu.edu.tw/~tswang/index.html。,理解某個法學領域、某項法學議題或概念，整個知識發展的歷程，以省思其應有怎樣的調整，或運用於法之制訂或適用的實踐評價。,課程要求：上課時先由一人(或兩人一組)，就標記「*」的,"課堂上出席及報告或討論的情形，佔 50%，期末書面報告的內容，佔 50%。

參考書目：
列於「課程內容及進度」中。

第一階段：2/21、2/28放假、3/6、3/13、3/20、3/27

一、緒論及課程說明2/21
王泰升，《建構台灣法學：歐美日中知識的彙整》（台北：臺大出版中心，    2022年），「緒論」部分。

二、從屬於日本並繼受自西方的日治台灣法學知識（1895-1945）3/6
王泰升，《臺灣法律現代化歷程：從「內地延長」到「自主繼受」》（台北：中央研究院臺灣史研究所、臺大出版中心，2022年），第一章第一至三節。
＊王泰升，《建構台灣法學：歐美日中知識的彙整》，第一章、第四章第三節、第五章第一節、第六章第一節。
＊曾維翎，〈臺灣社會法的知識史考察〉（2023年台大法律系碩士論文），第二章。

參考文獻：
王泰升，〈論岡松參太郎的舊慣法學：政治僅一時、學問才是永恆〉，《台灣法律人》，第22期（2023年4月），頁1-27。
林政佑，〈殖民地帝國大學公法學者的殖民地認識〉，《輔大法學》，第65期（2023年6月），頁387-476。
陳宛妤，〈探尋臺灣財產法秩序的變遷－臺灣財產法史研究的現狀與課題〉，《中研院法學期刊》，2019年特刊1，頁199-251。

三、戰後初期民國中國法學經驗的移植（1945-1949）3/13
王泰升，《臺灣法律現代化歷程：從「內地延長」到「自主繼受」》，第一章第四至五節。
＊王泰升，《建構台灣法學：歐美日中知識的彙整》，第二章、第四章第四節、第五章第二節、第六章第二節。
＊曾維翎，〈臺灣社會法的知識史考察〉，第三章。

參考文獻：
王泰升，〈清末及民國時代中國與西式法院的初次接觸－以法院制度及其設置為中心〉，《中研院法學期刊》，第1期（2007年9月），頁105-162。
王泰升，〈國民黨在中國的「黨治」經驗－民主憲政的助力或阻力？〉，《中研院法學期刊》，第5期（2009年9月），頁69-228。
王泰升，〈臺灣司法官社群文化中的中國因素：從清末民國時代中國追溯起〉，《政大法學評論》，第142期（2015年9月），頁1-51。

四、威權走向民主下的台灣法學（1949年迄今）3/20、3/27
＊王泰升，《建構台灣法學：歐美日中知識的彙整》，第三章；王泰升，《臺灣法律現代化歷程：從「內地延長」到「自主繼受」》，第四章。
＊王泰升，《建構台灣法學：歐美日中知識的彙整》，第四章第五節、第五章第三至四節。
＊王泰升，〈成文法與不成文法概念及用語的檢討和對策──兼對書評的回  應〉，《中研院法學期刊》，第34期，即將刊出。
－－－
＊王泰升，《建構台灣法學：歐美日中知識的彙整》，第六章第三至六節。
＊曾維翎，〈臺灣社會法的知識史考察〉，第四章。

參考文獻：
王泰升，《臺灣法律現代化歷程：從「內地延長」到「自主繼受」》，第二至三章。
顏厥安，〈分析的轉向與實用主義──戰後台灣法理學發展史初探〉，收於台灣法學會台灣法學史編輯委員會編，《戰後台灣法學史，上冊》（台北：元照，2012），頁67-123。
黃昭元，〈台灣戰後憲法學說史概論－研究方法及架構的初步分析〉，收於台灣法學會台灣法學史編輯委員會編，《戰後台灣法學史，上冊》（台北：元照，2012），頁125-157。
陳忠五，〈戰後台灣財產法學說變遷〉，收於台灣法學會台灣法學史編輯委員會編，《戰後台灣法學史，上冊》（台北：元照，2012），頁191-254。
陳忠五，〈台灣法學的未來—評王泰升著《建構台灣法學—歐美日中知識的彙整》〉、顏厥安，〈在這些神聖殿堂內〉、張嘉尹，〈打開台灣法學史的月光寶盒—對《建構台灣法學》一書的幾點反思〉、陳宛妤，〈歷史思維法學的美麗與哀愁—評王泰升教授《建構台灣法學—歐美日中知識的彙整》〉、李建良，〈語言、法源與法系—《建構台灣法學》的知識論與方法論〉，收於《中研院法學期刊》，第33期（2023年9月），頁223-345。
林政佑，〈近三十年來臺灣刑事司法史研究的回顧與展望〉，《中研院法學期刊》，2019年特刊1，頁253-317。
吳俊瑩，〈臺灣法律專業社群的研究史回顧〉，《中研院法學期刊》，2019年特刊1，頁319-   370。

第二階段
4/3、4/10不上課，搜尋相關的參考資料及撰寫報告
4/17、4/24、5/1、5/8、5/15、5/22、5/29：學生在課堂上報告，報告順序於3/27依抽籤決定。
6/14下午5時之前須繳交期末書面報告。
預期每週課前或/與課後學習時數
Office Hour
指定閱讀
參考書目
評量方式
本校尚無訂定 A+ 比例上限。
本校採用等第制評定成績，學生成績評量辦法中的百分制分數區間與單科成績對照表僅供參考，授課教師可依等第定義調整分數區間。詳見 學習評量專區。",
59037,法律研究所 / 科際整合法律學研究所,,,,,
16153,法律研究所 / 科際整合法律學研究所,,,,,
15334,法律研究所,,,,,
37042,法律研究所 / 法律學系,,,,,
49108,科際整合法律學研究所 / 法律研究所,,,,,
32350,科際整合法律學研究所 / 法律研究所,,,,,
22791,法律研究所 / 科際整合法律學研究所,,,,,
19347,法律研究所 / 科際整合法律學研究所,"冤案於古今中外之人類社會皆為相當受矚目之議題，近年因蘇建和案、徐自強案、邱和順案、鄭性澤案及江國慶案等案件，使台灣社會逐漸開始關注冤案。透過冤案檢視刑事司法程序中的錯誤，並透過重回訴訟程序的實際模擬，是避免錯誤及增進刑事辯護策略與技術的最好方法。

本課程以真實的刑事個案為基礎，透過個案的模擬實作，學習刑事案件的策略思維、案件理論、書類撰狀、交互詰問、言詞辯論等辯護人應具備之基本技能及其專業倫理。

本課程將與台灣冤獄平反協會(Taiwan Innocence Project, TIP, http://twinnocenceproject.org/)合作，修課學生將參與研究真實案件的卷證、整理判決、訴訟卷宗，釐清案情重點，擬定辯護策略並實際演練，使同學對刑事辯護人的角色及功能有基本的認識、學習刑事辯護人的基本專業技能與專業倫理、經由「真案實作」的訓練方式，提升法律學習的熱情。",認識刑事辯護人於冤罪救援之角色與功能，培訓刑事實務能力。,"1.	律師、司法官考試及格者優先，欲修課者請先寄出履歷並出席第一次課程。
2.	修課同學需自備筆電、平板等電子閱讀工具。
3.	本課程強調「從做中學」，課程多以實作模擬為主要內容，期待修課同學扮演刑事辯護人的角色，進而學習冤罪救援的辯護能力與技巧。","60%	

法庭演練


40%	

課程作業

本校尚無訂定 A+ 比例上限。
本校採用等第制評定成績，學生成績評量辦法中的百分制分數區間與單科成績對照表僅供參考，授課教師可依等第定義調整分數區間。詳見 學習評量專區。",約5小時
22687,法律研究所 / 科際整合法律學研究所,,,,,
20572,法律研究所,,,,,
55723,法律研究所,,,,,
23396,科際整合法律學研究所,,,,,
38358,科際整合法律學研究所,本課程以債編各論的基礎內容為核心，並輔以案例的解說與討論，說明我國重要契約類型的內容，提供同學由淺入深的學習與認識。,"1.使同學瞭解民法債編各論的基礎內容與規範架構，增進其專業知識。
2.藉由實務案例的討論與分析，培養同學對於法律問題的思考與分析能力。","1.本課程以教師自編講義授課，惟因課程時間限制，無法完整講述部分案例之判決內容，請同學於課後自行閱讀複習。
2.因債各內容浩瀚繁複，上課時無法全部講完，建議同學挑選適合自己的教科書閱讀以強化基礎，並補充上課講述之不足之處。","100%	

期末考

本校尚無訂定 A+ 比例上限。
本校採用等第制評定成績，學生成績評量辦法中的百分制分數區間與單科成績對照表僅供參考，授課教師可依等第定義調整分數區間。詳見 學習評量專區。",2小時
49356,科際整合法律學研究所,民法物權編近年連續修正後，已呈現出全新的面貌。本課程僅有一學期三學分的時間限制之故，主要講授重點，以通則、所有權、占有、抵押權為主，若時間允許，再針對用益物權加以說明。,"1. 學生能辨認特定事實關係中，物權相關的爭點。
2. 學生能比較相關爭點的不同見解，分析異同與優劣。","1.上課應攜帶法條。
2.加簽方式：欲加簽者請逕於第一週至教室領取授權碼，事先毋庸寄信給老師。原則上開放加簽至教室預定座位數為止。 授權碼取得之優先順序為：本系（含雙主修）高至低年級→外系所高至低年級。
3. 第一週2/17、第四週3/10教師出國請假，將安排在3/15週六補課。",,
23659,科際整合法律學研究所,,,,,
18458,科際整合法律學研究所,,,,,
34010,科際整合法律學研究所,,,,,
28035,,"本課程針對非工程背景同學, 以深入淺出的方式介紹半導體製程與相關技術，內容涵蓋從矽砂原料至高階晶片的製造流程，說明微影、蝕刻、薄膜沉積等核心技術及其背後的物理與化學原理。課程亦將融入產業應用與趨勢，介紹AI伺服器晶片、先進封裝等熱門領域，幫助同學建立對半導體製程的基本認識與跨領域理解。","本課程的目的, 是協助非理工背景同學了解半導體產業與製程, 課程目標如下:
1. 建立學生對半導體製程流程的基本認識。
2. 說明製程中各項關鍵技術及其理論基礎。
3. 探討半導體產業最新趨勢與實務應用。
4. 提供非工程背景學生跨領域的學習機會與產業視野
5.培養學生對半導體相關主題具備足夠理解，能提出關鍵問題、與 AI 協作，並判斷其合理性的能力。","課程包括講授、原理展示、討論、口頭與書面報告等內容。
1. 出席課程, 參與討論與報告
2. 繳交報告
3. 參與考試
評分包括出席、課程參與、作業與考試",,平均每週1.5小時以內
27685,語言學研究所 / 神經生物與認知科學學程,,,,,
11106,語言學研究所,,,,,
10046,語言學研究所 / 神經生物與認知科學學程,,,,,
47233,語言學研究所 / 神經生物與認知科學學程,,,,,
30264,語言學研究所,,,,,
37224,語言學研究所 / 神經生物與認知科學學程,,,,,
49756,語言學研究所,,,,,
27007,語言學研究所,,,,,
45698,圖書資訊學系,,,,,
10868,圖書資訊學系,,,,,
58023,圖書資訊學系 / 文學院院學士學位,本課程係以文學院圖書資訊學系一年級同學為授課對象，教導學生電腦的基本知識，讓日常生活與電腦結合。此外，讓學生瞭解電腦系統應用各種場合的必要性，並使學生能夠運用電腦簡化工作、解決問題。,"1. 瞭解電腦的基本功能，以及各種電腦的分野
2. 瞭解作業系統的主要功能
3. 瞭解程式語言的功用
4. 認識電腦與圖書館的關係
5. 理解基本的資料結構","課程評分方式如下，因此同學們需準備針對數字系統的一次小考，此外課程參與對於理解課程內容很重要，請同學有問題儘速提出。
15% Quiz 
35% Mid-Term Exam. 
40% Final Exam. 
10% In-class Response","10%	

課程參與


15%	

小考


35%	

期中考


40%	

期末考

本校尚無訂定 A+ 比例上限。
本校採用等第制評定成績，學生成績評量辦法中的百分制分數區間與單科成績對照表僅供參考，授課教師可依等第定義調整分數區間。詳見 學習評量專區。",同學約需6小時預習與複習當週課程
43152,圖書資訊學系,,,,,
45756,圖書資訊學系,,,,,
25393,圖書資訊學系,,,,,
46672,圖書資訊學系,,,,,
28191,圖書資訊學系,,,,,
22110,,,,,,
19752,圖書資訊學系 / 傳播學程 / 文學院院學士學位,,,,,
46336,圖書資訊學系 / 文學院院學士學位,,,,,
38984,圖書資訊學系 / 文學院院學士學位,,,,,
58809,,,,,,
33664,圖書資訊學研究所,,,,,
20329,,,,,,
50765,,,,,,
27569,,,,,,
15132,圖書資訊學研究所,,,,,
58272,圖書資訊學研究所,,,,,
10796,圖書資訊學研究所,,,,,
54384,圖書資訊學研究所,,,,,
22640,圖書資訊學研究所,,,,,
25119,圖書資訊學研究所,,,,,
15641,圖書資訊學研究所,,,,,
33091,圖書資訊學研究所,,,,,
41906,圖書資訊學研究所,,,,,
51067,圖書資訊學研究所,,,,,
51473,圖書資訊學研究所,,,,,
37484,圖書資訊學研究所,,,,,
44636,圖書資訊學研究所,,,,,
20414,圖書資訊學研究所,,,,,
25362,圖書資訊學研究所,,,,,
36671,圖書資訊學研究所,,,,,
42150,圖書資訊學研究所,,,,,
21994,圖書資訊學研究所,,,,,
29649,圖書資訊學研究所,,,,,
41139,圖書資訊學研究所,,,,,
42464,圖書資訊學研究所,,,,,
32788,圖書資訊學研究所,為進行博士論文同學，就其研究議題、研究議題以及論文撰寫給予個別指導，做更深入探討。,"課程目的為協助學生就其研究興趣訂定研究議題，透過深入討論與實作，強化學生獨立研究的能力，達成其研究目標。依照研究生研究進度完成下列研究任務。

1. 討論研究議題與學習計畫
2. 訂定學習進度表
3. 進行文獻蒐集
4. 文獻研讀與討論
5. 專題報告
6. 繳交報告",,,
40224,圖書資訊學研究所,,,,,
49509,圖書資訊學研究所,,,,,
39933,圖書資訊學研究所,,,,,
33087,森林環境暨資源學系,"動物學是一門探討生命現象中著重於動物領域的科學，必須藉實驗課程將正課介紹的觀念具體化，使學生由親自動手操作的過程中，學習動物學的基本實驗技術、印證生命科學的基本理論，更重要的是從中體會科學研究的方法與精神。
實驗課程以本系所編寫之「普通動物學實驗指導」為講義，講義皆由本系多位教授共同編寫，總共規畫有近三十個實驗，涵括動物學的重要領域。如細胞與組織、器官和各系統的結構與作用、動物的生理機制、生命的延續、動物的分類及演化、動物的行為以及生態等。本課程以此講義為依據，先以講演的方式，配合投影片和短片，將每一實驗所根據之基本理論及實驗內容，作具體而微、深入淺出的介紹。繼而令修習之學生親手操作，完成該實驗並討論之。","期望藉由本實驗課程的訓練，使學生對動物學有一基礎認知，並擁有動物學的基本實驗技術以及正確且良好的生物實驗態度，同時藉由多樣的實驗引發學生對生命科學的興趣。
修習本課程後，學生應：
1. 能正確辨別動物從細胞到器官的各個層級的生理構造，並了解其功能及特徵。
2. 能辨識不同種類的動物，並了解其生理特徵或功能的差異。
3. 具備能正確使用顯微鏡、解剖用具、微量吸管等生物實驗器材的能力。",學生必須事先預習該次實驗之內容，上課時必須實際親自動手操作，按時完成實驗後的報告、作業或科學繪圖。,,"課前講解影片：約1小時。
課後學習時數：約1-2小時。"
32201,生命科學系 / 生命科學院院學士學位,,,,,
12887,,,,,,
50530,生命科學系,,,,,
15644,生命科學系,,,,,
25307,,,,,,
36060,,,,,,
18909,生命科學系,,,,,
55863,生命科學系,,,,,
19564,,,,,,
13480,生命科學系,,,,,
30676,生命科學系,,,,,
27244,生命科學系,,,,,
27655,,,,,,
29776,生命科學系,,,,,
20446,生命科學系,,,,,
14746,,,,,,
32681,生命科學系,,,,,
15370,生命科學系,,,,,
18223,生命科學系,,,,,
46758,生命科學系,,,,,
57403,生命科學系,,,,,
36753,生命科學系,,,,,
35486,生物多樣性學分學程 / 生命科學系 / 生命科學所 / 生態學與演化生物學研究所,保育植物多樣性是台灣自然資源永續發展的重大議題。本課程藉由學生暑假密集在辜嚴倬雲植物保種中心，與蒐藏經理實地參與熱帶植物異地活體保存策略；並透過實習期間植物溫室植物換盆栽培實作，了解物種之經營管理方針。台灣位居亞熱帶及熱帶交界，加上地形變化大，生態棲位豐富、植物相特有種比例極高。在現今人為活動大量干擾森林生態系完整性的情況下，保育熱帶植物遂成為刻不容緩的議題。位於屏東縣高樹鄉的保種中心，已成功復育出3萬4千種來自世界各地的熱帶植物，是台灣最大的熱帶活體植物收藏與研究中心，也是亞洲規模第一。學生參與此課程將可實際參與保育重要熱帶植物，獲得熱帶植物主要分類群認識鑑定能力、練習照料植物之栽培管理、觀察比較不同熱帶植物生長環境異同及參與原生物種保育計畫。修課學生未來將能實際應用這些方法、技術及觀念，投入業界植物栽培技術研發或應用於物種保育研究課題。,1.修課學生將可藉此課程實際訓練植物栽培技術，學生將習得世界各大重要熱帶植物如蘭科、鳳梨科、天南星科、薑科、芭蕉科、赫蕉科、棕櫚科、竹芋科、苦苣苔科、芸香科、秋海棠科、山茶科、蘚苔及蕨類。針對物種分類、多樣性、栽培生長型及人工繁殖策略，親身體驗了解熱帶植物保種復育的策略與作法。 2.本學科所得之實做知識可應用於植物園經營，原生物種保育、園藝育種及生技業界溫室管理，提供學生未來職涯規劃經驗。其實務經驗並可延伸至參與公職考試中生物多樣性及保育生物學學門。,由於保種中心住宿空間有限，欲修課同學需先繳交一份見習計畫書給老師同意後再選課(leafy@ntu.edu.tw)，內容包括：個人簡歷、相關修課經歷、申請緣由、欲學習之類群。 為了讓同學能夠實地體驗植物保種工作，本課程於暑假期間（七月份大約四周)，住宿屏東辜嚴倬雲植物保種中心密集上課，獲亦可選擇所參訪的政府或民間機構實習。第1週為該中心蒐藏之熱帶植物類群概述及蒐藏現況課程，之後由同學選取有興趣的植物類別，進行1週見習課程。見習課程將包含植物辨認、植物栽培及照護、溫室管理維護等課程。並且可與蒐藏經理做研究專題，見習課程結束前須報告專題或見習成果。學生修課評量原則上也包含見習操作與專題報告(口頭+文字)。 評分方式以學期中三、四次上課老師介紹重要植物類群特徵，學生上台報告自己興趣類群的期刊文章保育策略。 保種中心提供宿舍，並有可供學員自行料理之膳食廚房。,"40%	

實習


20%	

作業


20%	

上課討論


20%	

學生上台報告

學生報告自己興趣類群的期刊文章保育策略

本校尚無訂定 A+ 比例上限。
本校採用等第制評定成績，學生成績評量辦法中的百分制分數區間與單科成績對照表僅供參考，授課教師可依等第定義調整分數區間。詳見 學習評量專區。",3 小時
24348,生命科學系 / 生命科學所 / 生命科學院院學士學位,"Genomics has fundamentally changed the landscape of 21st-century science. Since the completion of the human genome, novel technologies have unlocked the ability to decipher genome structure and function at an unprecedented scale. This course provides undergraduates with a comprehensive overview of this rapidly evolving field, bridging basic knowledge with cutting-edge applications. Key topics include sequencing technologies, genetic variation, transcriptomics, proteomics, and functional genomics, extending to specialized areas such as epigenomics.","1. Comprehend how genetic variations (SNPs, CNVs) are identified and linked to phenotypes through GWAS and QTL analysis.
2. Differentiate between Transcriptomics and Proteomics and understand their respective roles in gene regulation.
3. Apply the concepts of Systems Biology to interpret biological networks and understand the power of Single Cell Analysis in resolving cellular heterogeneity.
4. Trace the history from the Human Genome Project to modern Next-Generation Sequencing (NGS) and Third-Generation Sequencing technologies.
5. Gain familiarity with the computational tools and databases used for gene annotation and functional analysis.","A fundamental understanding of Genetics and Molecular Biology is strongly recommended. Students should be familiar with the Central Dogma to fully engage with the course materials. If you do not have a background in life sciences, please consult the instructor before enrolling.",,5-10hr
11226,生命科學所 / 生命科學院院學士學位 / 生命科學系,,,,,
41982,生命科學所,,,,,
47058,生命科學所,,,,,
33097,生命科學所,,,,,
41633,生命科學所,,,,,
31722,生命科學所,,,,,
15636,生命科學所,,,,,
39874,生命科學所 / 神經生物與認知科學學程,,,,,
44795,生命科學所,,,,,
52130,生命科學系,,,,,
29743,生命科學所,,,,,
10549,生命科學所,,,,,
30945,生命科學所,,,,,
45261,生命科學所,,,,,
42289,神經生物與認知科學學程 / 生命科學所,,,,,
43969,生命科學所,,,,,
47769,生命科學所,,,,,
30221,生命科學所,,,,,
58705,生命科學所,,,,,
59621,生命科學所,,,,,
11309,生命科學所,,,,,
36427,生命科學所,,,,,
55750,數學系,,,,,
49112,數學系,,,,,
35204,數學系,,,,,
95101,數學系,,,,,
50720,數學系,,,,,
95151,數學系,,,,,
95152,數學系,,,,,
95153,數學系,,,,,
13558,數學系,"This is a continuation of Analysis (I). In this semester, we will first cover basic measure theory. After that, we will talk about some advanced topics in analysis. Tentative topics include fractal geometry and ergodic theory.","Develop abstract and logical thinking
Write rigorous mathematical statements and proofs",Analysis (I),"30%	

Homework


40%	

Midterm

4/28, written exam


30%	

Final

Oral exam

本校尚無訂定 A+ 比例上限。
本校採用等第制評定成績，學生成績評量辦法中的百分制分數區間與單科成績對照表僅供參考，授課教師可依等第定義調整分數區間。詳見 學習評量專區。",More than 8 hours
30242,數學系 / 數學研究所,"數學沙龍與生涯探索(Mathematics and Career Exploration)活動在中華民國數學會、國科會自然科學及永續研究推展中心數學組、國立臺灣大學數學系，以及教育部學特司高中資優生適性轉銜計畫的支持下，邀請各領域擁有獨特宏觀性、重要學術成就的老師擔任講座講者，並由台大數學系夏俊雄教授擔任活動主持，透過展示不同的專業領域學養以及進行職業生涯的經驗分享，希望能為學生開ㄧ扇窗，讓他們看見生涯發展的不同可能性。過去的講師包括國泰金控程淑芬投資長、群聯電子創辦人潘建成執行長、Google台灣馬大康董事長、旺宏電子吳敏求董事長，以及友達光電柯富仁總經理等與業界發展有著重要影響力的人物。

本課程，只有在有安排講座的日期上課。本學期預計在三月初至五月中安排 6到 7 場的講座，講座時間為星期三下午，活動規劃如下：

講座安排在星期三下午
15:30 - 16:40 演講
16:40  ~              QA   

目前已經 confirmed 的演講與活動規劃如下 ：（如有講者遇偶發需要緊急處理的狀況，演講日期有可能產生異動。）

3/11   13:20 - 17:00  由國泰人壽團隊辦理國泰精算工作坊  
                                              因此活動時間較長並有人數限制，此活動需另外報名。
                                              報名表單會在開學前寄給有修課的同學。 

3/25  15:30 - 17:00  台灣大學生命科學系  鄭貽生  主任

4/1   15:30 - 17:00    清華大學生命科學暨醫學院  羅中泉  副院長

4/15 15:30 - 17:00  群聯電子  潘健成  執行長

5/6  15:30 - 17:00    成功大學數學系 舒宇宸 副教授 

5/13   15:30 - 17:00    成功大學藝術研究所  馬薇茜  副教授",透過講者的分享展示不同的專業領域學養以及進行職業生涯的經驗分享，希望能為學生開ㄧ扇窗，讓他們看見生涯發展的不同可能性。而從數學沙龍講座開辦的這幾年收到學生的反饋來看，除了增進對各種產業的了解，更多時候，我們的學生是從講者的一些人生經驗裡學到一些做事哲學與面對困境的生活態度，在不同的講者身上領略生命的風采與向前行的生命動力。,期末心得報告,,
22439,數學系 / 數學研究所,,,,,
39062,數學研究所,,,,,
51225,數學研究所,,,,,
57118,數學研究所 / 應用數學科學研究所,,,,,
95090,數學研究所 / 應用數學科學研究所,,,,,
95091,數學研究所,,,,,
40046,數學研究所 / 應用數學科學研究所,,,,,
25663,數學研究所,,,,,
29240,商學研究所,,,,,
25749,工商管理學系,,,,,
36816,工商管理學系 / 商學研究所,"Business today is by all measures -- global. No business or industry of any size is immune from the global environment. Understanding the global economy, therefore, is important for all people engaged in business regardless of the size or type of business. This course will consist of the basic areas of global market management. The course explores the interrelation of government and business across borders and the economic dynamics between countries/regions, including a general overview of global business environment, foreign direct investment and entry strategies. The class will also discuss the management of global market and review several cases studies that epitomize the issues involved in today’s global world. In general, the major topics of global business will be discussed to give students a basic level of knowledge and skills involved in today’s global business environment. This is an introductory course about global market management and, therefore, a significant portion of the class will be taught through lectures, but we also will include guest speakers, video clips, class discussion and readings on current issues. The students, therefore, must keep up with readings and participate to the extent able with general discussions on the theories and material presented in class.待補","1. To give students the knowledge and understanding of the unique aspects involved doing 
     business internationally on a business, legal and political level.

2. To understand strategies used by business in the international market on a
      competitive basis.

3. To understand the cultural effect on business and to analyze the ethics involved in cross border 
     transactions 

4. To learn and apply skills learned in the class to current on-going issues involved in today’s global 
      market.

5. The students will learn the issues involved in entering foreign markets, global
      production and outsourcing as well as logistics and supply chain issues.

6. To understand the issues involved in developing economies and the business
     and political issues surrounding the business and market dynamics.

7. Most importantly, the students hopefully will create a general awareness of global issues that 
     will allow them deeper insight in world issues and will allow them to keep on top of issues that 
     may affect them as individuals and as part of a larger entity.",,,
48379,工商管理學系 / 商學研究所,,,,,
34659,商學研究所,,,,,
52267,商學研究所,,,,,
49415,商學研究所,,,,,
59413,商學研究所 / 商業資料分析學分學程,,,,,
35228,商學研究所,,,,,
40703,商學研究所,,,,,
28849,商學研究所,,,,,
23239,商學研究所,,,,,
95150,商學研究所,,,,,
11567,商學研究所,,,,,
52224,商學研究所,,,,,
59239,商學研究所,,,,,
54417,商學研究所,,,,,
50891,分子與細胞生物學研究所,,,,,
59029,分子與細胞生物學研究所,,,,,
11788,分子與細胞生物學研究所,"十二年國教自然科學領域課程重視並貫徹「探究與實作」的精神與方法，尤其強調跨學科領域的整合與運用。本課程依據該理念，以培養師資生具備自然科學跨學科領域探究與實作之教學知能及課程發展素養。除師資生外，本課程亦適合非師資生之大學部學生和研究生修習，以建立自然科學跨學科領域合作的基本素養，符合現今科學研究趨勢。
課程由董桂書副教授主授，搭配臺北市立建國高級中學生物科劉翠華教師合授，並由國教署探究與實作推動中心(北區)教師團隊或其他科別的優秀高中教師支援。董桂書老師具20年師資培育課程教學經驗，帶過的師資生目前擔任國、高中專任教師的超過30位，個人曾3度榮獲校教學傑出獎。劉翠華老師為國立臺灣師範大學科學教育博士，曾獲教育部師鐸獎，擔任過臺北市教育局課程督學、國教署探究與實作研究教師，是高中課程發展與設計的專家。
本課程之內容規劃分為二部分，理論及實務並重、並行，相互驗證。
第一部分，引導修課學生理解探究與實作的內涵，內容包括：自然科學的本質和研究方法、探究與實作課程的理論架構、探究與實作的課程設計，並觀摩各科或跨科探究與實作課程的實施和教學。
第二部分，透過自然科學領域的探究與實作的體驗活動與科學探究歷程的理論相互驗證。修課學生將分組，各組成員合作對探究與實作之課程發展、教學與評量等進行設計與實作，並辦理成果發表進行交流討論。","1. 提升修課學生對自然科學探究與實作的素養。
2. 理解十二年國教中對自然科學探究與實作的理念與學習重點。
3. 提升統整跨領域知識之能力，培養溝通表達技巧與團隊合作精神。
4. 培養探究與實作之教學設計及課程發展能力。
5. 增進反思和分析探究與實作課程及跨領域議題之能力。
6. 培養社會關懷和守護自然之價值觀與行動力。","預修課程 (任一)：
1. 普通生物學
2. 普通化學
3. 普通物理學",,4/4
43660,分子與細胞生物學研究所,"(1) 安排校內外教師專題演講。
(2) 研究生進度報告。
(3) 選擇分子與細胞生物學重要文獻做專題報告，並與教師和同學討論。為鼓勵Peer Learning、跨領域學習、及促進各實驗室人員互動交流，本學期 Seminar以『小組報告』的方式進行。",訓練同學使其具備文獻閱讀、組織、報告和討論的基本能力。,"(1)	小組報告以3-4人一組為原則，各組選定以中文或英文報告，問答討論不限語言。
(2)	各組依照教師研究專長領域，自行尋找本所教師為Seminar指導老師，並在該老師指導下選擇主題及報告之文章。學生與指導老師確認報告文章後，須於 2025/2/17前寄給王老師上傳至NTU-COOL。
(3)	學生於正式報告前，需完成預講。預講時，需邀請指導老師到場。
(4)  碩班Project報告: 每位同學12 min and 5 min Q/A。",,
19103,,,,,,
59237,分子與細胞生物學研究所,,,,,
17391,分子與細胞生物學研究所,,,,,
52117,,,,,,
58367,分子與細胞生物學研究所,,,,,
37966,分子與細胞生物學研究所,,,,,
27454,分子與細胞生物學研究所,,,,,
12830,分子與細胞生物學研究所,,,,,
32961,分子與細胞生物學研究所,根據教師研究範疇與學生興趣進行植物相關領域主題研究，研究範疇包括植物分子遺傳、生理時鐘、基因轉錄調控網絡等。,養成學生具備正確實驗態度與深入培養實驗設計與熟捻技術，並能對植物光訊息與生理時鐘相關研究有良好基礎；能利用所學撰寫科學論文之基本能力。,待補,,
27048,,,,,,
33029,分子與細胞生物學研究所,,,,,
59278,分子與細胞生物學研究所,,,,,
48157,分子與細胞生物學研究所,,,,,
19297,,"此課程著重於系統生物學相關知識的獲得, 培養學生邏輯思考與表達能力","學會系統生物學相關知識
訓練學生資料統整和組織及演講技巧","每位同學必須在每周一前，將要報告的檔案寄給阮雪芬老師或上傳dropbox。
報告時請利用 PowerPoint 檔案輔助演講，字體和圖表均以清晰簡明為原則。
檢查實驗記錄本","100%	

學期成績，以專題論文和進度報告之準備、現場之表現為主，出席、聽講、發問、及隨堂討論亦將列入考量。

本校尚無訂定 A+ 比例上限。
本校採用等第制評定成績，學生成績評量辦法中的百分制分數區間與單科成績對照表僅供參考，授課教師可依等第定義調整分數區間。詳見 學習評量專區。",兩小時
21502,分子與細胞生物學研究所,,,,,
20278,分子與細胞生物學研究所,,,,,
35402,分子與細胞生物學研究所,,,,,
23142,分子與細胞生物學研究所,討論分子生物學研究論文，學習新的研究發現與技術，練習口說表達學術成果。,增進邏輯思考能力與統整最新研究的成果，提升博士班學生追求與探知新知的能力，與學習批判與討論學術論述的方法。,,,
32010,分子與細胞生物學研究所,,,,,
10620,分子與細胞生物學研究所,,,,,
26629,分子與細胞生物學研究所,,,,,
23463,分子與細胞生物學研究所,,,,,
51434,分子與細胞生物學研究所,,,,,
54627,分子與細胞生物學研究所,,,,,
47942,分子與細胞生物學研究所,根據教師研究範疇與學生興趣進行植物相關領域主題研究，研究範疇包括植物分子遺傳、生理時鐘、基因轉錄調控網絡等。,養成學生具備正確實驗態度與培養基礎實驗設計與熟捻實驗技術，並能對植物光訊息與生理時鐘相關研究有良好基礎；能利用所學探討生命科學領域相關課題，具備回答、解決問題之能力，培養撰寫科學論文之進階能力。,待補,,
24198,分子與細胞生物學研究所,,,,,
34515,分子暨比較病理生物學研究所 / 獸醫學研究所 / 獸醫學系,,,,,
58553,分子暨比較病理生物學研究所 / 獸醫學研究所,,,,,
41797,分子暨比較病理生物學研究所 / 獸醫學研究所,,,,,
11069,分子暨比較病理生物學研究所,,,,,
54635,分子暨比較病理生物學研究所,,,,,
41816,分子暨比較病理生物學研究所,,,,,
28055,分子暨比較病理生物學研究所,,,,,
13112,分子暨比較病理生物學研究所,,,,,
20491,分子暨比較病理生物學研究所,,,,,
46171,分子暨比較病理生物學研究所,,,,,
15711,分子暨比較病理生物學研究所,,,,,
53059,分子暨比較病理生物學研究所,,,,,
54471,分子暨比較病理生物學研究所,,,,,
20517,分子暨比較病理生物學研究所,,,,,
24278,分子暨比較病理生物學研究所,,,,,
47021,分子暨比較病理生物學研究所,,,,,
36538,分子暨比較病理生物學研究所,,,,,
38905,醫學院暨公共衛生學院共同課程 / 智慧醫療學分學程 / 生理學研究所,本課程將討論生物資訊學基本原理及實際應用，以使修習同學能充分掌握如何運用電腦的處理能力，有效解決生醫研究上資料分析，生物醫學資料庫應用分析，以及生物分子結構分析與功能預測。,本課程將討論生物資訊學基本原理及實際應用，以使修習同學能充分掌握如何運用電腦的處理能力，有效解決生醫研究上資料分析，生物醫學資料庫應用分析，以及生物分子結構分析與功能預測。,,"36%	

Midterm 1

筆試測驗


32%	

Midterm 2

筆試測驗


22%	

Final Exam

筆試測驗


10%	

NotebookLM心得繳交

使用課後建立的NotebookLM進行複習，製作成心得，繳交回Ntu Cool

本校尚無訂定 A+ 比例上限。
本校採用等第制評定成績，學生成績評量辦法中的百分制分數區間與單科成績對照表僅供參考，授課教師可依等第定義調整分數區間。詳見 學習評量專區。",
37175,醫學院暨公共衛生學院共同課程 / 腫瘤醫學研究所,"02/18	Introduction: the promise and challenges of translational medicine	
02/25	Clinical development of new drugs or biologics	
03/04  Pharmacokinetics/ pharmacodynamics for molecular biologics
03/11	新藥與新治療技術上市前的法規考量
03/18	Drug formulation, delivery systems
03/25  Basic pharmacology and preclinical development of new compounds
04/01	Immunology for clinical trialists
04/08 The title ""Real World Evidence and Medical Product?Development"" is self-explanatory
04/15	Re-imaging clinical trials (1) from phase 0 to phase 3	
04/22	Re-imaging clinical trials (2) pragmatic trials
04/29	Development of novel therapeutics (1) antibody-drug conjugate
05/06 Development of novel therapeutics (2) nucleic acid medicine
05/13 Pathology without boundaries
05/20	大數據與臨床試驗: biomarker exploration
05/27	AI in translational medicine
06/03 期末回饋與討論","教學目標：
本課程對象為醫學院學習基礎研究的碩博士生，主要學習目標為了解基礎醫學研究的結果如何應用到臨床及如何將基礎研究的結果開發上市。課程包括臨床醫學藥學之簡介、臨床前研究之設計、臨床試驗之設計及判讀、上市後之研究及相關轉譯醫學概念。",待補,,
32910,,本課程旨在說明心理健康與疾病之關聯，以及壓力對身心疾病的影響，課程目的在促進大學生自我省思身心健康議題，學習自我照顧，並能發揮關懷他人的力量達到社會關懷的目的。介紹之內容將涵蓋失眠、焦慮、憂鬱乃至於自殺的成因與處置的簡介，並強化學生對壓力管理與心理健康促進之概念。此外，課程內容將強調個人省思自殺迷思對自身之影響、認識自己的壓力與健康促進需求、了解自殺防治守門人的角色功能、心理健康溝通技巧及其對自殺防治的重要性，其中守門人如何運用篩檢工具辨識需要幫助者之需求、如何與高危險群溝通及回應以利後續轉介醫療體系或進一步處置，將藉由自我學習、團體討論、同儕互動學習與教師講授等方法，促進學習成效。,"1. 增進學生自我覺察與省思的能力
2. 促進學生對於心理疾病與心身症成因之了解
3. 熟稔心理健康促進之理念與技巧
4. 學習自殺防治守門人訓練之概念與內容
5. 探討壓力、疾病與健康之關聯和預防
6. 增進學生關懷社會的能力
7. 實踐自殺防治推廣並宣導守門人之重要性","請於每週主題課程前自行完成下列課前閱讀，並完成下列兩項作業。
同學亦可自行上網搜尋本課程於台灣通識網與台大開放課程網之預錄影片，自行觀賞。
(1)每週二課程開始前，請完成NTU COOL”課前閱讀”
(2)課後於每週五中午12點前完成主題週心得回饋，並自行上傳NTU COOL作業區。",,
35793,醫療器材與醫學影像研究所,,,,,
49676,醫療器材與醫學影像研究所,,,,,
12296,醫療器材與醫學影像研究所 / 精準健康博士學位學程 / 精準健康碩士學位學程 / 神經生物與認知科學學程,,,,,
42497,醫療器材與醫學影像研究所,,,,,
28905,醫療器材與醫學影像研究所,,,,,
29239,醫療器材與醫學影像研究所,,,,,
50873,醫療器材與醫學影像研究所,,,,,
53970,醫療器材與醫學影像研究所,,,,,
45221,醫療器材與醫學影像研究所,,,,,
24551,醫療器材與醫學影像研究所,,,,,
12956,醫療器材與醫學影像研究所,,,,,
10969,,,,,,
22367,醫療器材與醫學影像研究所,,,,,
11529,醫療器材與醫學影像研究所,,,,,
44535,醫療器材與醫學影像研究所,,,,,
13706,醫療器材與醫學影像研究所,,,,,
21625,醫療器材與醫學影像研究所,,,,,
38784,醫療器材與醫學影像研究所,,,,,
19050,防災減害與韌性碩士學位學程,本課程以「社會參與」為主軸，系統性介紹防災理論與名詞、國際趨勢（如仙台架構、SDGs）、多國防災體系（台灣、日本、美國、印尼），以及台灣重大災害案例（921地震、莫拉克颱風、2024花蓮地震、馬太鞍堰塞湖）。課程並探討防災科技（如地震速報、公共警報系統、遙測與大數據）、NGO/NPO 的角色與協作模式，最後回到台灣對區域防災的貢獻與治理啟示。採案例分析、專題簡報與情境演練，累積跨域治理與韌性治理的實作能力。,"修課完成後，學生將能：
1.說明防災理論、名詞與全球趨勢；
2.比較台、日、美、印尼之防災治理體系與運作；
3.解析台灣重大災害事件的風險成因、應變作為與復原治理；
4.評估防災科技在監測、預警與決策支援中的角色與限制；
5.說明 NGO/NPO 在備災、應變與復原各階段之功能與協作；
6.擬定具體的「區域合作與社會參與」導向之政策建議。",-課前閱讀與課堂參與：每週,"Grading and Assessment】:

-課堂參與與出勤 Participation & Attendance：15%
-心得報告（8 次，擇優計）Weekly Reflections (8 best)：15%
-小組案例簡報（含海報）Group Case Presentation & Poster：15%
-期中小考（名詞與體系比較）Midterm Quiz (terms & systems)：10%
-技術應用作業（EEW/PWS/遙測資料讀解）Tech Application Assignment：10%
-情境演練（SOP 與角色）Scenario Drill (SOP & roles)：10%
-期末政策備忘錄（含口頭）Final Policy Memo & Briefing：25%
預期每週課前或/與課後學習時數
Office Hour
指定閱讀
參考書目
Dennis Mileti (1999).  Disasters by Design: A Reassessment of Natural Hazards in the United States (Natural Hazards and Disasters) 
UNDRR (2015). Sendai Framework for Disaster Risk Reduction 2015–2030.
ISO 22320/22324/22327（危機管理、公共警報、地震速報相關） / (Emergency management, public warning, EEW).
Comfort, L., et al. (2019). The Dynamics of Risk: Changing Technologies and Collective Action in Seismic Events.
評量方式
本校尚無訂定 A+ 比例上限。
本校採用等第制評定成績，學生成績評量辦法中的百分制分數區間與單科成績對照表僅供參考，授課教師可依等第定義調整分數區間。詳見 學習評量專區。",
19227,防災減害與韌性碩士學位學程,"This course introduces the basics of natural hazard and environmental risk assessment, and some methods and techniques of geoinformatics, including geographical information system, remote sensing, and data analysis methods. This course focuses upon the importance and applications of geoinformatics techniques in the process of risk assessment.","1.Understand the natural hazard and environmental risk assessment.
2.Learn the roles of geoinformatics methods and techniques in risk assessment. 
3.Review and discuss selected cases in the real world that apply geoinformatics methods in natural hazard and environmental risk assessment.",,,
19870,防災減害與韌性碩士學位學程,"“Thesis (M.S.)” is a one-semester course. It is limited to the students in the MDR3 program.
0 credit.","A thesis is required for all MDR3 students. The objectives are applying the following skills in a real work issue:
1. Scientific thinking
2. Experimental design
3. Data analyses
4. Scientific writing",,,
31356,機械工程學系,,,,,
31023,機械工程學系,,,,,
56131,機械工程學系,,,,,
25261,機械工程學系,,,,,
12712,機械工程學系,,,,,
31188,機械工程學系,,,,,
36485,機械工程學系,,,,,
32618,機械工程學系,,針對機械系大三學生，推動總整課程(Capstone course)並安排上課、與參觀實驗室，使其能夠(一)了解機械工程現況與發展趨勢，以利爾後生涯規劃；(二)認識機械工程與其他先關研究所之研究主題與方向，提供學生畢業後繼續深造之參考；(三)藉由工程實務與測試競賽，統合三年必選修課程所學之知識與設計、分析、製造與組裝測試完成機械作品，並參加期末測試與競賽，藉由實作方式呈現台大機械系學生系統整合、團隊合作、學理應用與創新發想的能力。,,,
23765,機械工程學系,,針對機械系大三學生，推動總整課程(Capstone course)並安排上課、與參觀實驗室，使其能夠(一)了解機械工程現況與發展趨勢，以利爾後生涯規劃；(二)認識機械工程與其他先關研究所之研究主題與方向，提供學生畢業後繼續深造之參考；(三)藉由工程實務與測試競賽，統合三年必選修課程所學之知識與設計、分析、製造與組裝測試完成機械作品，並參加期末測試與競賽，藉由實作方式呈現台大機械系學生系統整合、團隊合作、學理應用與創新發想的能力。,,,
29204,機械工程學系,,針對機械系大三學生，推動總整課程(Capstone course)並安排上課、與參觀實驗室，使其能夠(一)了解機械工程現況與發展趨勢，以利爾後生涯規劃；(二)認識機械工程與其他先關研究所之研究主題與方向，提供學生畢業後繼續深造之參考；(三)藉由工程實務與測試競賽，統合三年必選修課程所學之知識與設計、分析、製造與組裝測試完成機械作品，並參加期末測試與競賽，藉由實作方式呈現台大機械系學生系統整合、團隊合作、學理應用與創新發想的能力。,,,
24126,機械工程學系 / 工學院院學士學位 / 智慧工程科技全英語學士學位學程,,,,,
13616,機械工程學系 / 工學院院學士學位,"1. General Introduction 
2. Metal-Casting Processes 
3. Forming and Shaping Processes and Equipment 
4. Fundamental of Metal Cutting 
5. Material-Removal Processes and Machines 
6. Abrasive Processes and Finishing Operations 
7. Joining Processes 
8. Fabrication of Microelectronic Devices 
9. Forming and Shaping Plastics and Composite Materials","1. 本課程主要介紹各種製程的特性、限制並比較個別製程的優缺點；甚至從 
工程及經濟方面的著眼點分析如何選擇適當或最佳的製程。相關程所使用 
的設備、儀器也有粗略的涵說C 
2. 本課程為機械製造工程師必須修習的基本領域內容廣泛，由於修習學分由4 
學分縮減為3學分，故課堂解說只能擇要而以廣度為著眼點，讓學習者有多 
方面的涉獵基本的了解。針對製造有進一步興趣的同學，可繼續選修下列 
課程 - 製造原理、工具機原理等。 
3. 本課程以課堂講授為主，另配合實體模型、專業錄影帶或選擇適當時機參 
觀機械展覽以提高學習興趣與效率。",待補,,
48890,機械工程學系,"本課程之目的為訓練工程科系的學生如何使用C及C++程式語言以解決工程問題。首先介紹C及C++語言之基本及進階程式元件，本課程使用Microsoft公司之Visual C++(6.0, .NET, .NET 2003, .NET 2005, .NET 2008, VS2012, VS2015, VS2019, …)整合發展環境以撰寫程式。接著將說明解析一些工程問題之程式發展過程，也會介紹利用Microsoft公司MFC類別程式庫以撰寫對話框程式之技巧。最後修本課程之每一位學生需要交一份有關撰寫C/C++程式以解決任何工程問題之期末報告。","本科目教學目標： 
1. 熟悉C程式撰寫。 
2.  熟悉C++程式撰寫。
3. 熟悉MicroSoft Visual C++程式發展環境、對話框程式設計技巧。
4. 熟悉利用C/C++解決基本工程計算問題。","1.	Home works 12%. About 10~15 homeworks & 3 quizzes
2.	Test 1 25%. Test on the C language 
3.	Test 2 25%. Test on the C++ language 
4.	Test 3 25%. Final test on C/C++ languages and engineering applications 
5.	Final report & presentation 13%. Report about any engineering application using C/C++ language",,
18560,機械工程學系,,,,,
56323,機械工程學系 / 機械工程學研究所,,,,,
38081,機械工程學系 / 奈米工程與科學碩士學位學程 / 奈米工程與科學博士學位學程 / 機械工程學研究所,"This course focuses on the fundamentals and applications of heat transfer involving phase-change processes. Topics include the thermodynamics of phase change, wetting phenomena, interfacial transport, nucleation, boiling, evaporation, and condensation.","The primary goal is to develop a mechanistic understanding of liquid-vapor phase-change heat transfer, including boiling, condensation, evaporation, and the interfacial phenomena governing these processes. Through this course, students will learn the fundamental physical principles and transport mechanisms underlying phase-change phenomena and evaluate experimental and practical designs.
This course also serves as a foundational introduction to electronic cooling technologies that utilize phase-change processes, such as boiling, evaporation, and condensation, which are essential in advanced thermal management of microelectronic and power devices.","Thermodynamics, Heat Transfer, Fluid Mechanics","30%	

Homework

The late homework submitted within one day after the due date will be 20% deducted from the original score. The homework submitted beyond one day after the due date will not be accepted.


35%	

Midterm


35%	

Final projct

The final project is a two-student team project. The grade of the final project will be judged based on the content, presentation, and the written report.

本校尚無訂定 A+ 比例上限。
本校採用等第制評定成績，學生成績評量辦法中的百分制分數區間與單科成績對照表僅供參考，授課教師可依等第定義調整分數區間。詳見 學習評量專區。",2 hours
34808,,,,,,
12200,機械工程學系 / 機械工程學研究所,本課程從循環經濟與能源轉型兩大永續核心議題出發，介紹系統性的理論基礎、政策工具與產業應用範例。內容涵蓋循環商業模式、永續設計方法、循環效益評估、能源轉型趨勢、低碳電力系統、永續交通與產業減碳策略，協助學生理解資源循環與能源系統在淨零目標下的關聯性。課程採用案例討論、分組專題與業師分享的方式，讓學生從跨領域視角分析永續挑戰並設計具可行性的解決方案。,本課程旨在培養學生理解循環經濟與能源轉型的系統觀，掌握產品、企業與社會層級的永續策略。完成課程後，學生應能：1) 解釋循環經濟之核心概念與商業模式；2) 應用循環設計方法分析產品與系統的永續效益；3) 理解能源轉型的技術、政策與環境衝擊；4) 評估低碳電力、運輸與產業減碳策略之可行性；5) 整合跨領域知識提出永續設計與政策建議。課程強調實務連結與問題導向學習，訓練學生以科學證據支持永續決策。,學生須具備主動學習與參與討論的態度，並完成,,
95033,機械工程學系 / 機械工程學研究所,,,,,
23031,機械工程學系,,,,,
24031,機械工程學系,,,,,
22069,機械工程學系,,,,,
13093,機械工程學系,,,,,
41038,機械工程學系,,,,,
11243,機械工程學系,,,,,
33849,機械工程學系,,,,,
54441,機械工程學系,,,,,
11192,機械工程學系,,,,,
13099,機械工程學系,,,,,
56716,機械工程學系,,,,,
26499,機械工程學系,,,,,
40267,機械工程學系,,,,,
34447,機械工程學系,,,,,
14440,機械工程學系,,,,,
51433,機械工程學系,,,,,
43167,機械工程學系,,,,,
34615,機械工程學系,,,,,
47948,機械工程學系,,,,,
44407,機械工程學系,,,,,
16824,機械工程學系,,,,,
30649,機械工程學系,,,,,
45971,機械工程學系,,,,,
41264,機械工程學系,,,,,
35768,機械工程學系,,,,,
43620,機械工程學系,,,,,
44281,機械工程學系,,,,,
29437,機械工程學系,,,,,
29594,機械工程學系,,,,,
23085,機械工程學系,,,,,
32847,機械工程學系,,,,,
44444,機械工程學系,,,,,
17274,機械工程學系,,,,,
31853,機械工程學系 / 機械工程學研究所,,,,,
33648,機械工程學系 / 工學院院學士學位 / 機械工程學研究所,"The course will introduce four electronic components—diodes, operational amplifiers, field-effect transistors (FETs), and bipolar junction transistors (BJTs)—covering their characteristics and related applications.","Students will learn the characteristics and applications of four key electronic components: the diode, operational amplifier, BJT, and MOSFET.　The lab sessions will help students understand the instrument operation, measurement, and the applications of electronic components. 

Lab outlines:
Introduction to lab equipment
Diode circuits
Op-amp-based voltage-controlled oscillator
BJT amplifiers
MOSFET applications
Pulse-width modulation and motor speed control","Quiz x 2 25% 
Lab Attendance & Report 25% (5 Group reports: Lab 2 – Lab 6, each absence will result in a 2% deduction)
Midterm Exam 25% 
Final Exam 25%",,
46432,機械工程學系 / 工學院院學士學位 / 機械工程學研究所,本課程將採用翻轉教學的形式授課。同學們需於課前先完成線上課程與作業練習，課堂上將以小組為單位進行進階的課堂演練，課後時間安排為小組討論時段，授課老師與助教將和同學們一起討論專題方向。,本課程除了讓學生學習Inventor的基本操作外，也希望同學能利用Inventor進行分析，將軟體、實務、理論三者做結合。此外，本課程希望透過整學期的小組討論，讓學生透過溝通與磨合達到學習團隊合作目標。,需自備安裝Inventor的筆電。,,
95131,機械工程學系,,,,,
41115,機械工程學研究所,,,,,
24797,機械工程學研究所,,,,,
40424,機械工程學研究所,,,,,
15586,機械工程學研究所,,,,,
27843,機械工程學研究所,,,,,
51399,機械工程學研究所,,,,,
10591,機械工程學研究所,,,,,
53917,機械工程學研究所,,,,,
41085,機械工程學研究所,,,,,
27997,機械工程學研究所,,,,,
59601,機械工程學研究所,,,,,
47549,機械工程學研究所,,,,,
40366,機械工程學研究所,,,,,
12586,機械工程學研究所,,,,,
55430,機械工程學研究所,,,,,
22691,機械工程學研究所,,,,,
21553,機械工程學研究所,,,,,
27056,機械工程學研究所,,,,,
44541,機械工程學研究所,,,,,
40860,機械工程學研究所,,,,,
45555,機械工程學研究所,,,,,
13473,機械工程學研究所,,,,,
46206,機械工程學研究所,,,,,
54096,機械工程學研究所,,,,,
31876,機械工程學研究所,,,,,
54364,機械工程學研究所,,,,,
10492,機械工程學研究所,,,,,
26772,機械工程學研究所,,,,,
24776,機械工程學研究所,,,,,
30102,機械工程學研究所,,,,,
39373,機械工程學研究所,,,,,
38764,機械工程學研究所,,,,,
28228,機械工程學研究所,,,,,
20894,機械工程學研究所,,,,,
39871,機械工程學研究所,,,,,
30290,機械工程學研究所,,,,,
38320,機械工程學研究所,,,,,
16073,機械工程學研究所,,,,,
28867,機械工程學研究所,,,,,
26363,機械工程學研究所,,,,,
23334,機械工程學研究所,,,,,
54502,機械工程學研究所,,,,,
53334,機械工程學研究所,,,,,
59231,機械工程學研究所,,,,,
46891,機械工程學研究所,,,,,
20574,機械工程學研究所,,,,,
58024,機械工程學系 / 機械工程學研究所,,,,,
50921,機械工程學研究所,,,,,
47490,機械工程學研究所,,,,,
36489,機械工程學研究所,,,,,
29543,機械工程學研究所,,,,,
31817,機械工程學研究所,,,,,
30152,機械工程學研究所,,,,,
14979,機械工程學研究所,,,,,
31511,機械工程學研究所,,,,,
16808,機械工程學研究所,,,,,
17738,機械工程學研究所,,,,,
41079,機械工程學研究所,,,,,
13839,機械工程學研究所,,,,,
53193,機械工程學研究所,,,,,
25236,機械工程學研究所,,,,,
30523,機械工程學研究所,,,,,
39884,機械工程學研究所,,,,,
13416,機械工程學研究所,,,,,
57721,機械工程學研究所,,,,,
28696,機械工程學研究所,,,,,
30326,機械工程學研究所,,,,,
10986,機械工程學研究所,,,,,
18566,機械工程學研究所,,,,,
39617,機械工程學研究所,,,,,
21340,機械工程學研究所,,,,,
18335,機械工程學研究所,,,,,
39068,機械工程學研究所,,,,,
20445,機械工程學研究所,,,,,
45325,機械工程學研究所,,,,,
36985,機械工程學研究所,,,,,
11587,機械工程學研究所,,,,,
56196,機械工程學研究所,,,,,
57504,機械工程學研究所,,,,,
42399,機械工程學研究所,,,,,
26897,機械工程學研究所,,,,,
52191,機械工程學研究所,,,,,
11366,醫學系,,,,,
38715,護理學系 / 學士後護理學系,教導學生有關藥物在人體之作用、作用機轉、臨床用途及不良作用和藥物交互作用等。,教導有關藥物之基本作用機轉、副作用、臨床用途等，建構學生藥理專業知識。,待補,,
15184,護理學系,本實驗課程主要是藉由動物實驗使學生了解藥物在動物或離體動物器官之作用及作用機轉。,使學生了解藥物在動物或離體動物器官之作用及作用機轉,待補,,
54551,,,,,,
13978,,,,,,
28423,公共衛生學系 / 護理學系,,,,,
31040,醫學檢驗暨生物技術學系,,,,,
29570,,,,,,
36153,,,,,,
44461,,,,,,
13925,醫學系 / 法醫學研究所,,,,,
39684,醫學系 / 老人與長期照護學程 / 物理治療學系,老年醫學是一門以周全性評估為基礎的跨領域專業學科，主要針對老年人的身體、心理、社會及功能，提供全方位的照護，以處置老年人的健康問題，並改善老年人的功能及生活品質為目標。本課以增進醫學院學生對老年醫學之瞭解，希冀同學於未來照顧老年病患時能運用相關知能。,增進醫學院學生對老年醫學之瞭解，希冀同學於未來照顧老年病患時能運用相關知能。,,"80%	

期中/期末

考試


20%	

出席率

本校尚無訂定 A+ 比例上限。
本校採用等第制評定成績，學生成績評量辦法中的百分制分數區間與單科成績對照表僅供參考，授課教師可依等第定義調整分數區間。詳見 學習評量專區。",
58762,,"延續上學期的病理學課程，本學期病理學繼續以各個器官系統為單元（女性生殖、泌尿生殖、內分泌系統、血液病理學、神經系統、骨骼、軟組織、皮膚、眼、耳等）的課程並包含各器官系統常見的疾病、發炎、良性腫瘤和惡性腫瘤。
為了讓學生易於入門及加深印象，本課程在Micro teaching、Gross teaching配合下進行，必要時也盡量加入臨床醫學概念，俾使達到更完美的教學效果。",本課程希望同學透過豐富奧妙的病理學，瞭解各種疾病之致病機轉、特性及其伴隨之併發症等，奠定好基礎、融會貫通後以致用於臨床。,,"67%	

LECTURE

(L1+L1+L2+L3+L4+L5)/(68+24+24+24+44)*100


33%	

LAB

(3次Micro+Gross跑檯+Gross加減分)/4

本校尚無訂定 A+ 比例上限。
本校採用等第制評定成績，學生成績評量辦法中的百分制分數區間與單科成績對照表僅供參考，授課教師可依等第定義調整分數區間。詳見 學習評量專區。",
32987,,,,,,
27888,,"1.全班分為21小組進行小組討論，由附設醫院主治醫師擔任小班老師。
2.共14個單元進行討論。",借由小組討論的學習方式，協助醫學生培養獨立學習能力，使其在五年級以後之臨床各科輪流見習能夠發揮理想之效果，並為日後之專業執行奠立良好之基礎。,藉小組成員互動，促進同儕相互學習的成效。,,4
48699,,,,,,
49577,,,,,,
37268,醫學系,了解耳鼻喉科有那些重要的疾病以及如何處置。耳鼻喉科的門診、病房及急診病人的種類都不太一樣，要充分體會。為使更多醫學生了解耳鼻喉醫學的內容，以作將來選科之參考，將6年級實習也等同7年級，同為實習醫師課程，故每人至多只來一次即可。,實習醫師來本科實習的目的是參與本科臨床及學術活動，從觀察及在指導下實際操作，於門診、住院、手術、急診病例處理及討論中，以實證醫學的精神來印證他（她）們書上所學；在學習中發現問題，再回到書上或文獻中尋求答案。另一方面，從實習中了解自己的性向，作為將來選科的參考。,,,
38926,醫學系,"醫學院麻醉科
麻醉學及實習
40162000

I.教學目標:
1.選修課程內容目的在於啟發學生學習動機與興趣,進而訓練急救
  與心肺復甦術之能力.
2.經由臨床麻醉之實習,提昇學生對一般及危急病患術前,中,後之
  評估,並學習有關生命徵象之監測,緊急應變及處理之能力.
3.經由小組教學及配合臨床實習之訓練,使醫學系六年級對臨床麻
  醉之基本概念及麻醉工作有進一步瞭解.

II.教學內容:
一.麻醉學基礎概論:小組教學及見習(第一,二,三週)
   原則:每天指定課程由主治醫師負責小組教學,臨床見習則由資
        深住院醫師及總醫師負責教學操作,並由當日麻醉主治醫
        師指導.
課程內容:
1. 臨床麻醉學綜論及各次專科簡介.
2. 心肺復甦術新論.
3. 麻醉前會診及病人危險因子之評估.
4. 手術中監測及麻醉全程之掌控.
5. 吸入性麻醉劑藥理學及其臨床應用.
6. 靜脈麻醉劑藥理學及其臨床應用.
7. 肌肉鬆弛劑藥理學及其臨床應用.
8. 類嗎啡藥理學及其臨床應用.
9. 心臟脈管手術之麻醉.
10.神經外科手術之麻醉.
11.產科之手術麻醉.
12.小兒外科手術之麻醉.
13.恢復室及加護病房之照顧.
14.術間輸液之處理.
15.麻醉之併發症.
二.臨床麻醉學各論:小組書報討論及實習(第四,五,六週)
   原則:每天一課題由學生查讀指定資料,並提出報告後,由各分
        科主治醫師輪流主持小組書報討論;臨床見習,由資深住院
        醫師及總醫師負責教學操作,並由主治醫師指導.
課程內容:
1.小組書報討論主題綱要:
  a.疼痛機轉及治療之原則
  b.左心室功能不全及監測
  c.新型吸入性麻醉劑之特性
  d.低壓麻醉使用之時機與禁忌
  e.失血性休克及輸血處理
  f.電解質失調及心律不整
  g.神經肌肉連絡之臨床監測
  h.誘發電位於麻醉麻醉中之應用
  i.凝血機制於手術中之監測
  j.新生兒外科急症及處理
  k.無痛分娩之新趨勢
  l.鈣離子阻斷劑與麻醉之關係
  m.一氧化氮與信號傳遞
  n.移植醫學之麻醉
  o.麻醉藥物之測定與藥物動力學
2.臨床實習內容:
  a.每週二,三,四上午7:20參加全科晨讀會
  b.每週一至五輪流參與疼痛門診之見習
  c.每日於主治醫師及住院醫師之指導下,進行麻醉中之操作實習",,,,
31405,醫學系,,,,,
38443,醫學系,,,,,
45308,醫學系,,,,,
28949,醫學系,,,,,
35869,醫學系,,,,,
24816,醫學系,,,,,
33753,醫學系,,,,,
95018,醫學系,,,,,
95019,醫學系,,,,,
95021,醫學系,,,,,
95022,醫學系,,,,,
95023,醫學系,,,,,
95024,醫學系,,,,,
95025,醫學系,,,,,
95026,醫學系,,,,,
95027,醫學系,,,,,
95028,醫學系,,,,,
95029,醫學系,,,,,
95053,醫學系,,,,,
30504,全球衛生碩士學位學程,,,,,
35690,,"Understanding the processes and actors involved in policy development and relevant decision-making is crucial for public health researchers and practitioners to be effective in any setting, especially in low- and middle-income countries. In this regard, this course:

-	Overviews political and theoretical frameworks related to policy development and practical perspectives on their application to global health, with a focus on international institutions and low- and middle-income countries;
-	Provides analytical tools to understand the political economy of health policy, namely, how the political environments, national contexts and economies, and planning systems come together to influence the process of health policy development;
-	Introduces the main actors, processes, and contextual features that are typical of or relevant to policy development, especially in the context of global and regional health programmes;
-	Discusses the different dimensions of health programmes, strategies, and policies, such as health system strengthening, gender inequalities, human rights impacts, monitoring and evaluation (M&E), human resources for health, and so forth; and
-	Reflects on the issues, such as national policy and planning frameworks, relationships with aid donors, policy networks (and civil society organisations), policy implementers and their roles in shaping policy development, and mechanisms for global health governance.","At the end of the course, the students are expected to:
-	Explain the critical importance of evidence in advancing public health knowledge (D17-6);
-	Analyse the roles, relationships, and resources of the entities influencing global health (GH-1);
-	Apply ethical approaches in global health research and practice (GH-2);
-	Apply monitoring and evaluation techniques to global health programs, policies, and outcomes (GH-3);
-	Propose sustainable and evidence-based multi-sectoral interventions, considering the social determinants of health specific to the local area (GH-4);
-	Design sustainable workforce development strategies for resource-limited settings (GH-5);
-	Display critical self-reflection, cultural humility, and ongoing learning in global health (GH-6);
-	Design, implement, and evaluate theory-informed and evidence-based research programs in an academia or practice setting (DGH-3).","Students must read assigned readings and watch pre-class videos before the lectures.

The course is primarily assessed through various in-class activities tailored for different sessions and the final group presentation on ‘A critical analysis of the application of evidence-informed policy, practice, and advocacy in global health’ (with a chosen area of interest). Students will select an area of policy, programme, and implementation research in global health and discuss it concerning the themes of the course.","60%	

Participation & course works

All lecturers assess the activities and assignments instructed in class.


5%	

Midterm project synopsis

2-page synopsis of final group presentations of any chosen topic of interest.


35%	

Final group presentation

4-person presentation on the chosen topic regarding relevant policies, actors, events, and issues involved and the role of ‘evidence’ has played (a 20-minute presentation, followed by a 5-minute Q&A).

本校尚無訂定 A+ 比例上限。
本校採用等第制評定成績，學生成績評量辦法中的百分制分數區間與單科成績對照表僅供參考，授課教師可依等第定義調整分數區間。詳見 學習評量專區。",
54897,,,,,,
56723,公共衛生學系 / 全球衛生博士學位學程 / 全球衛生碩士學位學程,"本課程旨在向學生介紹一系列可用於全球衛生領域相關的處理數據處理的實用工具。 學習本課程不需要具備任何數據處理經驗，我們將從基礎開始。本課程分為三個部分，涵蓋數據搜集過程、基礎數據清理和操作，最終將數據視覺化。

(1)	REDCap數據採集：這部分課程將介紹REDCap的使用。REDCap是一被國際研究界廣泛使用的電子數據採集（EDC）工具。課程將會講解如何建立一個REDCap project、設計數據收集工具、REDCap 中的數據管理功能、測試工具、最後實際使用手機或平板進行數據。課程中會穿插練習時間，為學生提供實踐經驗。

(2)	R 中的數據清理和操作：這部分課程旨在介紹 R軟體在數據整理上的應用。修習本課程不需要編碼方面的知識。我們將從 R 中的基本功能和概念開始介紹。學生將學習閱讀、清理和操作數據集的基礎知識。課程中，我們將討論常見的雜亂數據類型以及整理它們的方法。課程中會穿插編寫 R 代碼和準備分析數據的小練習。

(3)	數據視覺化：本節將介紹數據視覺話的原理和各種方法，以及構建有效且引人注目的視覺效果的關鍵步驟。學生將學習如何將數據轉化為各種受眾易於理解的信息。我們將介紹一些學生可以用於數據可視化目的的工具/資源。","Upon completion of the course, students should be able to:
‧	have a baseline competency in REDCap (D17-3, GH-2, DGH-3)  
‧	create and design a data collection form or case reporting form in REDCap (D17-3, GH-2, DGH-3)  
‧	perform data entry online using the web-based tool and offline using the REDCap mobile app (D17-3, GH-2, DGH-3)  
‧	set up surveys and perform data quality checks in REDCap (D17-3, GH-2, DGH-3)  
‧	understand how to use REDCap for different study designs (e.g. cross-sectional, longitudinal etc.) (D17-3, GH-2, DGH-3)  
‧	design, use, and maintain a custom-made redcap database for research studies (D17-3, GH-2, DGH-3) 
‧	manage basic data types in R calculations (D17-3, DGH-3)  
‧	conduct basic computation with matrices and data frames in R (D17-3, DGH-3)  
‧	identify and tidy messy data to prepare for analysis using R (D17-3, DGH-3)  
‧	understand the importance of data visualization as a communication strategy (D17-3, DGH-3)  
‧	understand the principles and key elements that make up an effective visual (D17-3, DGH-3)  
‧	understand the tools and resources available to visualize data (D17-3, DGH-3)",The slides of each lecture will be available on the course for students to download. Students should attend classes and submit assignments on time. 本課程不錄影。,"45%	

Assignment1

Redcap assignment.


45%	

Assignment2

R assignment.


10%	

Class attendance

Active participate in class

本校尚無訂定 A+ 比例上限。
本校採用等第制評定成績，學生成績評量辦法中的百分制分數區間與單科成績對照表僅供參考，授課教師可依等第定義調整分數區間。詳見 學習評量專區。",
57577,,,,,,
15071,全球衛生碩士學位學程,,,,,
40566,會計學系,,,,,
42086,管理學院,"This course is a theoretical and practical introduction to Green Marketing, which concerns the marketing of products, services, and practices that are environmentally and socially responsible. The course examines how sustainability principles can be incorporated into business strategy, measured through credible indicators, and communicated with accuracy and transparency. Students will study both conceptual foundations and applied methods, focusing on how organizations can align profitability with long-term environmental and social value.
The course progresses from core ideas in sustainability and corporate strategy to applied topics such as supply chain management, measurement and reporting, and communication design. Later sessions explore data-driven sustainability communication, consumer behavior, and establishing trust. Students will participate in discussions, case analyses, and creative workshops that connect academic theory to practical marketing and management contexts.
The structure allows for deep analysis, interdisciplinary perspectives, and strong emphasis on communication and research skills. By the end of the course, students will understand how effective green marketing integrates strategic intent, measurable impact, and credible communication.","This course is targeted at achieving the following objectives:
1. To provide students with a comprehensive understanding of sustainability concepts and their application in marketing, strategy, and corporate management.  
2. To develop the ability to integrate environmental and social considerations into strategic marketing planning and organizational decision-making.  
3. To equip students with analytical and ethical skills for identifying, assessing, and preventing misleading or exaggerated sustainability claims.  
4. To strengthen students’ competence in measuring and reporting sustainability performance using recognized frameworks and data-driven approaches.  
5. To enhance students’ capacity to design and communicate credible, research-informed green marketing strategies that build trust and long-term stakeholder value.","The final grade consists of:

1.	Attendance & Participation 20%
2.	Class presentations 20%
3.	Mid-term project 25%
4.	Final project",,
32588,智慧醫療與健康資訊碩士學位學程,"This course is open for the students of Smart-MHI program. The main purpose of this internship program is to let students have the opportunities to participate in the healthcare industry.

1. Students need to fill out the application form and the agreement form with their supervising professor, and rank their internship preferences. If there is a company they aim to intern at, they should inform and submit the application to the office two months before the start of the semester. The course instructor will contact the company, but there is no guarantee that students will be able to intern there.

2. The internship organizations will be updated annually.

3. Please download and fill out the internship application form and the agreement form from the Smart MHI website, and submit them to the office. The office will coordinate with the companies according to the student’s internship preferences.

4. A written and oral report is required at the end of the semester, with no specific format or word limit.

5.Please refer to the following website for more details: https://smartmhi.ntu.edu.tw/current/internships.",To realize the real situation of the healthcare industry and how to apply his/her knowledge to improve it.,"Each student has to survey the company he/she wants to join at least 2 months before the beginning of the course.

Grading and Assessment:
50% from the supervisor of that company and 50% from the final report at the end of the internship.",,
15341,智慧醫療與健康資訊碩士學位學程,"This course is open for the students of Smart-MHI program. The main purpose of this internship program is to let students have the opportunities to participate in the healthcare industry.

1. Students need to fill out the application form and the agreement form with their supervising professor, and rank their internship preferences. If there is a company they aim to intern at, they should inform and submit the application to the office two months before the start of the semester. The course instructor will contact the company, but there is no guarantee that students will be able to intern there.

2. The internship organizations will be updated annually.

3. Please download and fill out the internship application form and the agreement form from the Smart MHI website, and submit them to the office. The office will coordinate with the companies according to the student’s internship preferences.

4. A written and oral report is required at the end of the semester, with no specific format or word limit.

5.Please refer to the following website for more details: https://smartmhi.ntu.edu.tw/current/internships.",To realize the real situation of the healthcare industry and how to apply his/her knowledge to improve it.,"Each student has to survey the company he/she wants to join at least 2 months before the beginning of the course.

Grading and Assessment:
50% from the supervisor of that company and 50% from the final report at the end of the internship.",,
11504,智慧醫療與健康資訊碩士學位學程,"This course provides in-depth training in the computational analysis of spatial omics data, focusing on transcriptomics and proteomics. Students will explore both imaging- and sequencing-based platforms, and apply statistical, image-based, and graph-based methods to understand tissue organization, cell niches, and intercellular communication. The course includes lectures, hands-on coding labs, and a final project using real or simulated datasets.","Students completing this course will be able to:
1.Understand spatial omics platforms and data structures
2.Apply segmentation-free and image-based methods for spatial data preprocessing
3.Use graph-based models to infer tissue architecture and spatial domains
4.Perform deconvolution and integration with scRNA-seq references
5.Apply spatial statistics and identify cell-cell communication patterns
6.Design and execute reproducible analysis workflows","‧Prior exposure to Python programming
‧Basic understanding of molecular biology, NGS, and statistics
‧Students must bring a laptop with installation permissions",,
46346,微生物及免疫學組,,,,,
25608,微生物及免疫學組,,,,,
10164,微生物及免疫學組,,,,,
18422,微生物及免疫學組,,,,,
38069,微生物學研究所熱帶醫學暨寄生蟲學組,,,,,
11498,微生物及免疫學組,,,,,
16602,微生物及免疫學組,,,,,
11745,微生物學研究所 / 微生物及免疫學組,,,,,
41443,微生物及免疫學組,,,,,
56685,微生物學研究所熱帶醫學暨寄生蟲學組,,,,,
57991,微生物學研究所熱帶醫學暨寄生蟲學組,,,,,
20721,微生物學研究所熱帶醫學暨寄生蟲學組,,,,,
14603,微生物及免疫學組,,,,,
49769,微生物及免疫學組,,,,,
25504,微生物學研究所熱帶醫學暨寄生蟲學組,,,,,
34919,微生物及免疫學組 / 微生物學研究所熱帶醫學暨寄生蟲學組,,,,,
42707,微生物學研究所,,,,,
32165,微生物學研究所,,,,,
33076,微生物學研究所,,,,,
50246,分子醫學研究所,,,,,
19926,分子醫學研究所,,,,,
37551,分子醫學研究所,研究生與指導教授共同選定研究主題，進行實驗，收集數據資料加以分析，並建立假說。目的除了推進科學研究至知識的前言，也著重在建立研究生在科學邏輯與思辯上以及科學寫作表達上的能力。,,,,
32411,分子醫學研究所,,,,,
14421,建築與城鄉研究所 / 生物多樣性學分學程 / 生物多樣性國際碩士學位學程,"Identity is the most significant driving force transforming ourselves, our homes, our communities, our networks, our societies, our globe, and our meta-realities. In this class, we embark on an individual-group journey to evolve our sustainable placemaking identity. Sustainability is the most pressing concept we must integrate into our personal values to facilitate resource conservation for future generations. Identity and sustainability are deeply rooted in our ecological and cultural systems; as actors, we must take localized action to materialize them.

In this context, we conceptualize landscape identity as our interpretation of our connection to the environments we inhabit. This concept is pivotal in landscape studies, influencing our everyday interactions. Historically, civilizations evolved alongside natural landscapes, yet the 20th century introduced a ""new vernacular landscape"" of suburban and industrial man-made elements, as noted by J.B. Jackson in A Sense of Place, A Sense of Time.

As we navigate the 21st century—marked by global warming, biodiversity loss, and technological acceleration—our relationship with the planet has become paramount. To foster a landscape identity rooted in planetary consciousness, we will utilize Global Regional Eco-Friendly Certifications (Labels) as a critical lens. These labels—ranging from the Satoyama Initiative to Rainforest Alliance and Cradle to Cradle—serve as institutionalized identities that define how regions and industries commit to the Earth.

Course Structure
This course unfolds in three transformative stages:

Phase I: Energy & Global Vision An introduction to landscape identity and the ""energy"" of place. We will research Global Eco-Labels to understand how different cultures codify their ecological values into recognizable standards.

Phase II: Satoyama Preservation & Self-Awareness
A deep dive into personal lifestyles and the ethics of co-habitation. We will analyze how regional eco-certifications—specifically those rooted in the Satoyama Initiative and Biodiversity Labels—influence our identity as ""stewards"" rather than just ""consumers."" 

Phase III: Talent Mobility, Urban-Rural Dynamics & Local Practice Exploring the synergy between urban energy and rural resilience. We will focus on Regional Eco-Labels in the context of the tea industry, examining how local certification can empower community identity and sustainable talent mobility.

The Final Synthesis
The course culminates in “The Future Dialogue: The Future I Talk to Today’s I.” Participants will envision the decade from 2044 to 2054, engaging in a dialogue between their future selves and their present selves, reflecting on how the ecological identities and certifications adopted today have shaped the world of tomorrow.

Remark: 
We will plan fieldtrips to Pinglin teatown and maybe to Chiayi BuDai wetland.","1. Reconstruct Landscape Identity through Planetary Consciousness
2. Analyze and Apply Global Eco-Friendly Certifications
3. Quantify Personal Impact and Ethical Consumption
4. Engage in Sustainable Placemaking & Regional Revitalization5. Speculative Design and Future Dialogue","(1)Students have to participate in lectures, field studies, reading discussions, group activities, and project presentations.
(2)Students have to conduct and write individual documentary experiences and final reports. Participation and attending class is mandatory and it is critical for your grades. 
(3)	Fieldworks and workshops are essential in this class. They weight as important as traditional reading texts for us to understand diverse landscapes, lifestyles, as well as their identities. 
(4)	Most of the class materials will be in English or other major languages. This course will be delivered mainly in English format. Please do not hesitate to contact Prof. Chang, if you have any question. The contact info is: shenglin@g.ntu.edu.tw","10%	

Family Tree

Creating Visual and Textual Narratives to Illustrate One's Family History


20%	

Home Talk

Creating Visual and Textual Narratives to Illustrate One's favorite home landscapes


30%	

Sustainable Self

Fulfill four dimensions listed below:
Quality of Field Observations; Depth of Data Collection; Analytical Skills
Action Plan Development; Application of Theory to Practice; Engagement and Participation; Originality and Creativity; Ethical Considerations and Awareness


30%	

 Personal Sustainability Study

Fulfill four dimensions listed below:
Quality of Field Observations; Depth of Data Collection; Analytical Skills
Action Plan Development; Application of Theory to Practice; Engagement and Participation; Originality and Creativity; Ethical Considerations and Awareness


10%	

Participation

Engaging Enthusiastically in Courses and Workshops with Interactive Participation and Collaboration

本校尚無訂定 A+ 比例上限。
本校採用等第制評定成績，學生成績評量辦法中的百分制分數區間與單科成績對照表僅供參考，授課教師可依等第定義調整分數區間。詳見 學習評量專區。","in avarage, 4 hours per week; except the spring tea harvest season in May (Not April)"
39300,生物多樣性國際碩士學位學程,"This course is an academic writing and communication course designed for graduate students in the biodiversity sciences. It aims to cultivate rigorous scientific thinking while equipping students with the conceptual and practical skills required to communicate biodiversity research effectively to academic, professional, and societal audiences. Therefore, this course emphasizes training students to communicate effectively in the biodiversity sciences. 

The most notable foci are clear scientific thinking and the application of social science communication theory to more effective science communication in the biodiversity sciences. The course introduces students to key biodiversity topics of broad societal relevance—such as climate change and conservation decision-making—through an integrative lens that bridges the natural and social sciences. By engaging with both ecological evidence and social–psychological theories of communication, students will develop a deeper, interdisciplinary understanding of contemporary biodiversity challenges. 

In addition, the course's central focus is the development of academic writing proficiency. Students will receive systematic training in the structure and conventions of scholarly writing, including the IMRAD format, argument development, citation and referencing standards, and effective data visualization for scientific publications. More specifically, the course emphasizes reading, interpreting, and translating peer-reviewed articles, as well as adapting scientific messages to different audiences and contexts without compromising analytical rigor. Student evaluation will be based on oral presentations, class participation, and written assignments that reflect both conceptual understanding and academic writing competence.","1. Develop Academic Writing Skills: Become proficient in the structure of academic writing (IMRAD format), citation standards, and data visualization techniques.
2. Developing science communication skills for the general public: the ability to convey scientific knowledge in a clear and persuasive manner.
3. Foster Critical Thinking Abilities: Cultivate the ability to analyze and critique academic articles and provide constructive feedback.
4. Integrate Multidisciplinary Perspectives: Combine knowledge from natural and social sciences into effective science communication practices.","1. Assigned readings will complement lectures, courses, video content (pre-class or for flipped classroom setups), and classroom activities.
2. Attend classes punctually and engage actively with the course material.
3. Submit all assignments on time.
4. All tasks must be composed by the student independently; the AI serves solely as a grammatical aid, not a writing service.","20%	

Participation

Attend classes punctually, in class discussions, etc.
*If you need to take leave, such as sick leave, it must be requested following school policy, or it will be considered an absence.


60%	

Exercise

30% Peer review Workshop writing I: Exercise I
30% Peer review Workshop writing II: Exercise II


20%	

Final Presentation

20% Personal Poster Presentation
Bonus: What do you learn in class? 1-3 points (Personal reflection)

本校尚無訂定 A+ 比例上限。
本校採用等第制評定成績，學生成績評量辦法中的百分制分數區間與單科成績對照表僅供參考，授課教師可依等第定義調整分數區間。詳見 學習評量專區。",3-4hours
10064,生物多樣性國際碩士學位學程,"Human Perception, Behavior, and Biodiversity is an interdisciplinary course that explores the complex interactions between humans, behavior, ecology, and environments. The course introduces students to fundamental concepts, theories, and research methods from environmental psychology, ecopsychology, and human ecology, with a focus on the role of biodiversity in shaping human well-being and ecological health. Students will explore how human values, perceptions, and behaviors influence biodiversity and, in turn, how biodiversity impacts human mental and physical health. Emphasis is placed on reconnecting with nature, fostering sustainable and equitable environments, and preserving biodiversity to ensure ecological integrity and resilience.

Topics are divided into four sections:
1. Introduction to Theories: Foundational concepts and frameworks, including biodiversity and its psychological and ecological significance.
2. Method on analyzing: Techniques for analyzing psychological and behavioral processes in relation to biodiversity and human-environment interactions.
3. Application on projects: Practical strategies for incorporating biodiversity into environmental design and conservation projects.
4. Contemplate the past and look forward to the future

* Course content can be flexibly adjusted according to progress","1. Comprehensive Understanding: Develop foundational knowledge of the interplay between biodiversity, human perception, behavior, and well-being.
2. Biodiversity-Centered Analysis: Use interdisciplinary theories to analyze how human perceptions and behaviors impact biodiversity and how biodiversity supports human health and resilience.
3. Skill Development: Skills for exploring human-environment interactions, including biodiversity observation, behavioral analysis, and ecological evaluation.
4. Theory-Practice Integration: Apply knowledge of biodiversity and environmental principles to design spaces and systems that promote human well-being and ecological sustainability.

* Course content can be flexibly adjusted according to progress","1. Assigned readings will complement lectures, courses, video content (pre-class or for flipped classroom setups), and classroom activities.
2. Attend classes punctually and engage actively with the course material.
3. Submit all assignments on time.
4. All assignments must be written by the student themselves; the AI ​​is merely an grammar aid, not a writing service.","20%	

Participation

Attend classes punctually, In class Discussion, etc.
*If you need to take leave, such as sick leave, it must be requested following school policy, or it will be considered an absence


40%	

Midterm Exercise 

Personal midterm report and presentation


40%	

Final Report 

Proposal: Group Presentation
Bonus: What do you learn in class? 1-3 points (Personal reflection)

本校尚無訂定 A+ 比例上限。
本校採用等第制評定成績，學生成績評量辦法中的百分制分數區間與單科成績對照表僅供參考，授課教師可依等第定義調整分數區間。詳見 學習評量專區。",3-4 hours
29985,生物多樣性國際碩士學位學程,,,,,
50428,公共衛生碩士學位學程,,,,,
24496,材料科學與工程學系,,,,,
44670,材料科學與工程學系 / 工學院院學士學位,,,,,
44587,材料科學與工程學系,,,,,
47340,材料科學與工程學系,,,,,
49527,材料科學與工程學系 / 工學院院學士學位,,,,,
58850,材料科學與工程學系,,,,,
20093,材料科學與工程學系 / 奈米科技學程,,,,,
50165,材料科學與工程學系,,,,,
27539,材料科學與工程學系,,,,,
44052,材料科學與工程學系,,,,,
23068,材料科學與工程學系,,,,,
44609,材料科學與工程學系,,,,,
23088,材料科學與工程學系,,,,,
58033,材料科學與工程學系,,,,,
28952,材料科學與工程學系,,,,,
48471,材料科學與工程學系,,,,,
44068,材料科學與工程學系,,,,,
21561,材料科學與工程學系,,,,,
17822,材料科學與工程學系,,,,,
18795,材料科學與工程學系,,,,,
44234,材料科學與工程學系,,,,,
34868,材料科學與工程學系,,,,,
59438,材料科學與工程學系,,,,,
44601,材料科學與工程學系,,,,,
27974,材料科學與工程學系,,,,,
48078,材料科學與工程學系,,,,,
36364,材料科學與工程學系,,,,,
47155,材料科學與工程學系,,,,,
59486,材料科學與工程學系,,,,,
27736,材料科學與工程學系,,,,,
23343,材料科學與工程學系,,,,,
57313,材料科學與工程學系,,,,,
23995,材料科學與工程學系,,,,,
59025,材料科學與工程學系,,,,,
58593,材料科學與工程學系,,,,,
31822,材料科學與工程學系 / 綠色永續材料與精密元件博士學位學程 / 材料科學與工程學研究所,,,,,
23606,材料科學與工程學系,,,,,
34387,材料科學與工程學系 / 能源科技學程 / 離岸風力發電學分學程 / 材料科學與工程學研究所,,,,,
51012,材料科學與工程學系 / 奈米科技學程 / 材料科學與工程學研究所,,,,,
36281,材料科學與工程學研究所 / 元件材料與異質整合碩士學位學程 / 元件材料與異質整合博士學位學程,,,,,
49407,材料科學與工程學研究所,,,,,
35017,材料科學與工程學系,"This course will introduce modern computational methods for materials science, including artificial intelligence (AI), machine learning (ML) and density functional theory (DFT). Both AI/ML and DFT are becoming standard tools in chemistry, physics, and materials science. Deep learning specifically involves linking input data (features) with output data (labels) through a neural network. Neural networks are capable of approximating any function. A typical example is the relationship between a material's structure and its properties. Conversely, DFT is a computational method used to analyze the electronic structure of atoms, molecules, and materials. It is based on quantum mechanics and provides valuable insights into the properties and behavior of various materials. Both DFT and AI/ML have their own strengths and applications, and they can be combined. Depending on the engineering field and the specific problem, these methods can be relevant. Therefore, AI/ML and DFT are valuable tools for students who will become engineers and scientists.

Weekly Topics:
1	Introduce Python and install the computing environment.
2	Math review: Tensors and shapes
3	Introduction to machine learning (ML)
4	ML concepts: Regression, model assessment, classification, and kernel learning
5	Introduction to deep learning
6	Graph neural networks (GNN)
7	Equivariant neural networks
8	Mid-semester examination
9	Introduction to material science
10	Application of ML in material science
11	Introduction to density functional density (DFT) and Quantum ESPRESSO (QE)
12	Practical DFT with QE: Basic parameters
13	Practical DFT with QE: Advanced topics
14	Practical DFT with QE: Input generator
15	Combine DFT and ML
16	Final examination

Assessments:
* Mid-semester examination (50%): 3 hours
* Final examination (50%): 3 hours","1)Understanding the DFT and AI/ML concepts.
2)Can practice the DFT and AI/ML by using the open-source Quantum ESPRESSO, TensorFlow, and Pytorch.
3)Using the dataset from the Material Project.
Apply DFT and AL/ML for practical applications in material science, such as screening solar cell materials.",Need to bring your own laptop to class,,2 hours
47922,材料科學與工程學研究所,,,,,
12382,材料科學與工程學研究所,,,,,
23020,材料科學與工程學研究所,,,,,
28965,材料科學與工程學研究所,,,,,
13732,材料科學與工程學研究所,,,,,
21914,材料科學與工程學研究所,,,,,
55867,材料科學與工程學研究所,,,,,
58827,材料科學與工程學研究所,,,,,
47988,材料科學與工程學研究所,,,,,
10825,材料科學與工程學研究所,,,,,
10828,材料科學與工程學研究所,,,,,
58324,材料科學與工程學研究所,,,,,
36120,材料科學與工程學研究所,,,,,
39240,材料科學與工程學研究所,,,,,
18779,材料科學與工程學研究所,,,,,
43821,材料科學與工程學研究所,,,,,
55902,材料科學與工程學研究所,,,,,
51108,材料科學與工程學研究所,,,,,
48858,材料科學與工程學研究所,,,,,
27959,材料科學與工程學研究所,,,,,
57305,材料科學與工程學研究所,,,,,
49576,材料科學與工程學研究所,,,,,
45726,材料科學與工程學研究所,,,,,
42308,,,,,,
43236,材料科學與工程學研究所,"Provide the students with broad coverage of the physical properties, processing, and applications of ferroelectric materials.","Provide the students with broad coverage of the physical properties, processing, and applications of ferroelectric materials.","Lecture Hours: Thursday 2:20 to 5:20 pm
Lecture Room: 綜合教學館 601 (Zonghe Lecture Building 601)

Syllabus (topics to cover in this course):
1.	Introduction to smart materials
2.	Fundamental aspects of ferroelectrics
3.	Parameters for ferroelectric ceramics and their measurement
4.	Experimental hysteresis measurements
5.	Principal ferroelectric types and applications
6.	Multi-axial response of ferroelectrics under stress and electric field
7.	Processing aspects of ferroelectric ceramics
8.	Pyroelectricity and pyroelectric materials

Assessments:
*  Experimental work, depending on available time (10%)
*  Mid-semester examination (50%): Open book, 3 hours
*  Final examination (50%): Open book, 3 hours",,
36103,材料科學與工程學研究所,Fundamental knowledge of joining processes,"The purpose of this course is focused on special topics on metallic materials, especially for brazing and related knowledge.",期中考試(50%)、期末考試(50%),,
42853,材料科學與工程學研究所,,,,,
19802,材料科學與工程學研究所,,,,,
21227,材料科學與工程學研究所,,,,,
58967,材料科學與工程學研究所,,,,,
19488,材料科學與工程學研究所,,,,,
48608,材料科學與工程學研究所,,,,,
47366,材料科學與工程學研究所,,,,,
34117,材料科學與工程學研究所,,,,,
12820,材料科學與工程學研究所,,,,,
25489,材料科學與工程學研究所,,,,,
55503,材料科學與工程學研究所,,,,,
27409,材料科學與工程學研究所,,,,,
49453,材料科學與工程學研究所,,,,,
45838,材料科學與工程學研究所,,,,,
43119,材料科學與工程學研究所,,,,,
59367,材料科學與工程學研究所,,,,,
41980,材料科學與工程學研究所,,,,,
50845,材料科學與工程學研究所,,,,,
55454,材料科學與工程學研究所,,,,,
43964,植物醫學碩士學位學程,,,,,
54622,植物醫學碩士學位學程,,,,,
16116,植物醫學碩士學位學程,,,,,
38124,植物醫學碩士學位學程,,,,,
32359,植物醫學碩士學位學程,,,,,
95148,分子科學與技術國際研究生博士學位學程,,,,,
24385,分子科學與技術國際研究生博士學位學程,,,,,
54039,分子科學與技術國際研究生博士學位學程,,,,,
50618,分子科學與技術國際研究生博士學位學程,,,,,
19907,分子科學與技術國際研究生博士學位學程,,,,,
13454,音樂學研究所,,,,,
44088,音樂學研究所,,,,,
46798,音樂學研究所,,,,,
18851,國家理論科學研究中心,,,,,
10980,積體電路設計與自動化博士學位學程 / 奈米工程與科學博士學位學程 / 積體電路設計與自動化碩士學位學程 / 精準健康碩士學位學程 / 精準健康博士學位學程 / 奈米工程與科學碩士學位學程 / 元件材料與異質整合博士學位學程 / 元件材料與異質整合碩士學位學程,"Week1：
Transfer (1)
●Introduction to the functions and actions of EFEM Equipment Front End Module)
●Principles of robot action and correction
●Load port
Transfer (2)
●Types and evolution of FOUP (Front Opening Unified Pod)
●TSMC-Load port
●Vibration wafer sensor

Week2：
Gas/MFC
●MFC(Mass Flow Controller) introduction
●Gas filter
●MFC calibration implementation
Chemical
●Liquid pump introduction
●Types and principles of chemical filters
●Chemical material introduction
●Chemical valve

Week3：
Plasma
●Principle of PlasmaFormation
●Types and principles of plasma design
●Principle of DC bias
●Application of Plasma
Temperature
●Temperature effect and component types
●Chiller/ Heat-changer
●Types of Cooling chip/Coolant
●Introduction to the principle and function of ESC (Electrostatic Chuck)

Week4：
Specialty
●Coating techniques introduction
●OES (O ptical Emission Spectroscopy) principle and application
●e-Sensor
●Introduction to ionizer","協助學員在完成訓練後：
1.對半導體設備元件原理與作用有基礎的了解；
2.對半導體設備實務工作有初步的了解；
3.能結合學校所學理論與產業實務。",,,
21824,積體電路設計與自動化碩士學位學程 / 精準健康博士學位學程 / 奈米工程與科學博士學位學程 / 精準健康碩士學位學程 / 元件材料與異質整合碩士學位學程 / 積體電路設計與自動化博士學位學程 / 奈米工程與科學碩士學位學程 / 元件材料與異質整合博士學位學程,"Week 1：
1.System overview
2.Mainframe configuration
3.Process module
4.Utility connection
5.Sub-system
6.Safety
7.Tool on-site inspection

Week 2：
1.RF delivery system 
2.Gas delivery system 
3.Pressure servo system 
4.ESC system 
5.Backside He system 
6.Temperature system 
7.Chamber design evolution
8.EPD system introduction
9.Software operation overview

Week 3：
1.S/W operation main platform
2.S/W operation process module 
3.S/W operation data access
4.Mainframe outline
5.Mainframe service function
6.Mainframe maintenance
7.Maintenance practice and certification

Week 3：
Specialty
1.Chamber outline and PM preparation
2.Process kits disassembling
3.Process kits cleaning and inspection
4.Process kits installation
5.PM practice","協助學員在完成訓練後：
1.對半導體機台的設計原理、操作與預防保養有基礎的概念；
2.對半導體設備實務工作有初步的了解；
3.能結合學校所學理論與產業實務。",,,
23718,奈米工程與科學碩士學位學程,,,,,
24745,奈米工程與科學碩士學位學程,,,,,
18358,奈米工程與科學碩士學位學程,,,,,
58420,奈米工程與科學碩士學位學程,,,,,
47227,奈米工程與科學碩士學位學程,,,,,
10448,奈米工程與科學碩士學位學程,,,,,
19397,奈米工程與科學碩士學位學程,,,,,
55452,奈米工程與科學碩士學位學程,,,,,
52911,奈米工程與科學碩士學位學程,,,,,
16442,奈米工程與科學碩士學位學程,,,,,
23517,奈米工程與科學碩士學位學程,,,,,
22061,奈米工程與科學碩士學位學程,,,,,
52757,奈米工程與科學碩士學位學程,,,,,
20267,奈米工程與科學碩士學位學程,,,,,
17010,奈米工程與科學碩士學位學程,,,,,
44657,奈米工程與科學碩士學位學程,,,,,
18369,奈米工程與科學碩士學位學程,,,,,
42685,奈米工程與科學碩士學位學程,,,,,
16669,奈米工程與科學博士學位學程,,,,,
35124,奈米工程與科學博士學位學程,,,,,
37831,奈米工程與科學博士學位學程,,,,,
32395,奈米工程與科學博士學位學程,,,,,
34253,奈米工程與科學博士學位學程,,,,,
16981,奈米工程與科學博士學位學程,,,,,
15761,奈米工程與科學博士學位學程,,,,,
43025,奈米工程與科學博士學位學程,,,,,
19753,奈米工程與科學博士學位學程,,,,,
30902,奈米工程與科學博士學位學程,,,,,
39961,資訊網路與多媒體研究所,,,,,
25839,資訊網路與多媒體研究所,,,,,
40477,資訊網路與多媒體研究所,,,,,
18067,資訊網路與多媒體研究所,,,,,
14576,資訊網路與多媒體研究所,,,,,
30565,資訊網路與多媒體研究所,,,,,
11266,資訊網路與多媒體研究所,,,,,
49747,資訊網路與多媒體研究所,,,,,
35958,資訊網路與多媒體研究所,,,,,
45644,資訊網路與多媒體研究所,,,,,
24424,資訊網路與多媒體研究所,,,,,
28752,資訊網路與多媒體研究所,,,,,
41364,資訊網路與多媒體研究所,,,,,
31735,資訊網路與多媒體研究所,,,,,
53491,資訊網路與多媒體研究所,,,,,
41750,資訊網路與多媒體研究所,,,,,
18691,資訊網路與多媒體研究所,,,,,
42552,資訊網路與多媒體研究所,,,,,
53874,資訊網路與多媒體研究所,,,,,
18466,資訊網路與多媒體研究所,待補,待補,,,
56534,資訊網路與多媒體研究所,,,,,
58341,資訊網路與多媒體研究所,,,,,
14857,資訊網路與多媒體研究所,,,,,
33439,資訊網路與多媒體研究所,,,,,
48887,資訊網路與多媒體研究所,,,,,
15770,資訊網路與多媒體研究所,,,,,
35799,資訊網路與多媒體研究所,,,,,
27877,資訊網路與多媒體研究所,,,,,
29824,資訊網路與多媒體研究所,,,,,
50820,資訊網路與多媒體研究所,,,,,
20528,資訊網路與多媒體研究所,,,,,
55855,資訊網路與多媒體研究所,,,,,
35455,資訊網路與多媒體研究所,,,,,
54058,資訊網路與多媒體研究所,,,,,
46418,資訊網路與多媒體研究所,,,,,
29321,資訊網路與多媒體研究所,,,,,
27301,資訊網路與多媒體研究所,,,,,
39960,資訊網路與多媒體研究所,,,,,
31705,資訊網路與多媒體研究所,,,,,
46788,資訊網路與多媒體研究所,,,,,
26820,資訊網路與多媒體研究所,,,,,
30305,資訊網路與多媒體研究所,,,,,
18609,資訊網路與多媒體研究所,,,,,
35535,資訊網路與多媒體研究所,,,,,
48974,資訊網路與多媒體研究所,,,,,
32676,資訊網路與多媒體研究所,,,,,
55525,資訊網路與多媒體研究所,,,,,
53747,資訊網路與多媒體研究所,,,,,
47412,資訊網路與多媒體研究所,,,,,
11200,資訊網路與多媒體研究所,,,,,
21333,資訊網路與多媒體研究所,,,,,
37598,資訊網路與多媒體研究所,,,,,
31094,資訊網路與多媒體研究所,,,,,
32832,資訊網路與多媒體研究所,,,,,
35488,資訊網路與多媒體研究所,,,,,
35259,國家發展研究所 / 環境社會治理學分學程 / 歐洲暨歐盟研究學程,,,,,
45464,國家發展研究所,,,,,
44421,國家發展研究所,,,,,
25657,,,,,,
19499,國家發展研究所 / 東亞研究學分學程,,,,,
31453,國家發展研究所,,,,,
44206,國家發展研究所,傳統科技與政治之關係一方面聚焦在如何利用科學幫助公共政策的型構及執行，另一方面則關注如何透過特定政策促進科學發展。不過，本課程跳脫以上科學工具論及政府研發政策的「科學與政治間彼此分離」角度，而試圖分析及探索科技及政治之間更深層的相互型塑關係。本課程將先藉由深度閱讀若干政治社會學及科技研究的經典為起點，接著在幾個重要議題：如國族主義的建構、種族與族群的爭議、新興的社會運動（環境及醫療）、科技民主及政經制度的重構等，探討當代科技與政治之間的繁複關係。,熟悉科技與政治相關理論，並藉理論基礎延伸到科技政策相關實務議題，企圖同時培養學生理論深度、應用理論、及創新理論與實務的能力。本課程以科學及科技作為主要探索領域，希望幫助學生學習及實踐國際性、多樣性及跨領域性的研究途徑。此外，本課程應有助學生未來多元地探索台灣本土有關科技的政治社會性之政策議題。,課程參與及討論、心得報告、期末報告,"30%	

積極參與課程

包括：出席、閱讀文章、發問(至少帶著一個問題到課)、發言(至少帶著一個想法到課分享)、互相討論等。


60%	

6篇（1.5行距、12號字）批判性及關鍵性閱讀心得

	各週均可繳交，每週不得交2篇或以上之篇數。第8週前完成三篇，第16週前完成另三篇。
	每篇至少1,500字，不含書目，請在文末註明字數。
	心得內容須嘗試回答以下問題：文獻的目的何在？與那些文獻對話？對話結果為何？文獻爭論為何？研究設計、方法及資料為何？研究貢獻為何？理論及概念為何？延伸討論有何？等。強烈建議文獻摘要僅占1/3篇幅內。
	交出前，務請自己讀過第二遍，甚至三遍以上。有關基本編輯、偵錯、文句通順、段落適中(建議每段不超過10行)、架構清晰、格式體例(請參考國家發展研究期刊)等都需留意。
	可寫一篇期末報告(6千字，不含書目)，抵三篇心得，並在第10週前先與授課教師討論，並獲得同意，且14週(含)後逐週上傳寫作進度。內容須至少與其中一週文獻有關。
	若使用AI，請揭露內容及過程。


10%	

至少有2週引導課堂討論，各選一篇。

	不是報告摘要而已，而是要引起對話、討論、鎖定主題、設計活動、引發問題等。總長度在30分鐘內，全組最多12張投影片。
	若使用AI，請揭露內容及過程。

本校尚無訂定 A+ 比例上限。
本校採用等第制評定成績，學生成績評量辦法中的百分制分數區間與單科成績對照表僅供參考，授課教師可依等第定義調整分數區間。詳見 學習評量專區。",
35045,,本課程主要透過對日本和韓國的歷史、社會背景，進行綜合性考察，進而試圖從事跨文化對話，提昇同學的批判思考能力。修課同學批判性閲讀日本、韓國的研究文獻並進行討論。每人擔任導讀1次，報告1次。修課同學參與討論。,本課程使修課同學從觀察日韓的傳統差異來瞭解當代日韓文化差異的來源，並培養歷史思維能力及獨立思考的能力。進而引導修課同學提升對傳統歷史文化價值的認識。,"1.	出席上課（缺席超過3次者不及格）
2.	輪流導讀：
3.	輪流報告：對指定主題之考察。（需提交一份說明考察過程的報告，字數六千至一萬字）",,
54616,國家發展研究所 / 婦女與性別研究學程,科技與性別的關係，逐漸在科技與社會研究（STS）領域中受到重視，其所關注面向包括女性如何參與科技發展，科技如何影響性別的角色及關係等。本課程將以法律與管制為切入點，透過檢視資訊與健康科技的諸多法律議題，觀察性別與科技間的互動，並且試圖對於背後的權力結構進行探究。,"本課程在促進學生對下列議題的認識及思考：
1. 性別與科技如何相互形塑；
2. 重要的科技法律議題；
3. 從性別與科技的觀點檢視法律與管制。",閱讀指定文獻、準備課堂報告。於期末時提出符合學術撰寫格式且學術貢獻之報告。,"30%	

課堂報告、評論

1. 課堂報告：第三或四週開始，每週由修課研究生個別就指定英文文本，進行口頭報告20分鐘。大學部學生可選擇就當週主題，蒐集國內外文獻，進行口頭報告15分鐘。報告內容須於上課前24小時上傳投影片至課程網站，以不超過20張投影片為原則。  
2. 評論撰寫：第三或四週以後，研究生應該選擇負責導讀週以外的另一週，閱讀指定英文文本並且撰寫評論。「評論內容應該採取批判的觀點，提出對作者的不同意見或者質疑，長度應該在500~1000字之間」。一樣須於上課前24小時上傳至課程網站。


30%	

出席與參與

參與及出席：學生有積極參與課程的義務，課程出席與發言狀況會列入評分項目。教師會擇若干週次，請學生填寫課前問卷，學生有於期限內填答之義務。


40%	

期末報告

每位修課學生須撰寫期末報告：研究生8000字以上研究論文（非人文社會領域的研究生可與教師另行商議），以符合學術期刊要求之格式撰寫。大學部撰寫4000字以上的短篇評論或研究論文。 
修課學生需於第十三週上課以前提出報告大綱及參考文獻列表，並於第十三~十四週與教師約定面談時間。

本校尚無訂定 A+ 比例上限。
本校採用等第制評定成績，學生成績評量辦法中的百分制分數區間與單科成績對照表僅供參考，授課教師可依等第定義調整分數區間。詳見 學習評量專區。",估計6~8小時。
56642,國家發展研究所,,,,,
39600,國家發展研究所,"This syllabus is designed for a mini course for undergraduate and M.A. students. Over the course of the 8 sessions (two per day, once a week), students will investigate the international political economy of the People’s Republic of China. Once an exporter of socialist revolution and foreign aid during the Mao era, China is now a leading global power in trade, investment, and development finance. In this process of transformation, China is blurring boundaries between the state and business, challenging conventional ideas about development, and remaking international economic institutions. Topics covered include China’s trade, investment, development finance, participation in international institutions like the World Trade Organization and World Bank, and campaigns like the Belt and Road Initiative. The course will discuss the economics, politics, and ideas shaping China’s policy decisions, and critically consider their implications from the perspectives of domestic and international actors.","•Examine key topics in China’s international political economy 
•Understand the historical and domestic context of international economic behavior by Chinese actors
•Critically analyze key contemporary issues in China’s international political economy  
•Strengthen academic research and writing skills","Attendance and participation grades are based on class attendance, contributing to discussion based on the readings, and raising questions. There will be several short in-class activities; your participation in these activities will be a factor in your overall participation grade, but they will not be individually graded. 
Wikipedia audit. You will choose a topic from the course and identify a related Wikipedia entry. Next, you will read the entry carefully to identify its strengths and weaknesses (e.g. content accuracy, coverage, and potential biases), review its citations (e.g. sources, credibility), identify areas for improvement or gaps (e.g. adding new information, correcting inaccuracies, or expanding sections), and submit your edits to Wikipedia. Finally, you will submit a short summary (2 pages minimum, double-spaced) which includes information about the Wikipedia article you selected, what edits you made, the outcome, and reflections about your experience and the generation of knowledge on open-access platforms more broadly.","25%	

Attendance and participation


15%	

Wikipedia audit


20%	

Critical reading exercises


40%	

Research paper

本校尚無訂定 A+ 比例上限。
本校採用等第制評定成績，學生成績評量辦法中的百分制分數區間與單科成績對照表僅供參考，授課教師可依等第定義調整分數區間。詳見 學習評量專區。","You will choose 1 reading each week—academic journal articles and book chapters only—and complete a 1-page critical reading exercise for each. This assignment will ask you to summarize and critically analyze the content of each reading. A worksheet you will use to complete this assignment will be provided.
Research paper. This 10-page research paper will identify and analyze a policy or issue related to one of the class topics of your choice. You will be required to (1) explain why this policy was adopted; (2) trace the policy over time; (3) explain why the policy changed (or why it has stayed relatively constant); (4) discuss the key actors in this policy area (individuals and organizations); (5) analyze its economic, political, and/or social consequences."
28492,國家發展研究所,"本課程將貫穿以下兩大議題，每週搭配一個平台研究、政治經濟學、經濟社會學、或者人文地理學觀點，以及兩至三個專題討論問題：
I.	理論：帶領同學深入了解平台研究、政治經濟學、經濟社會學、資本市場研究、監管研究等關鍵理論、以及數位平台與金融科技議題分析的相關社會科學方法論
II.	數位平台、金融科技、與各國現況：引導同學以理論觀點，來批判性思考中國、台灣、東南亞、南亞與非洲地區數位平台與金融科技普及對該國政治、經濟、與社會發展的正面或負面衝擊。","本課程旨在，培養學生採取社會科學的視角，鑽研台灣與其他發展中國家數位平台與金融科技產品的能力。為了達到教學目標，每週課程將以講課與專題討論的方式引導學生，採用不同的社會科學理論視角，深度閱讀各國電子商務平台(Alibaba、Amazon, Pinduoduo, Temu, Shopee等)、共乘車平台(如Uber、Grab)、數位支付、數位貨幣(如CBDC)、保險科技、投資科技等數位平台與金融科技的學術研究著作、以及跨國商業顧問公司的市場分析報告。",閱讀所有必讀文獻、複習上課講課內容、製作導讀PPT,,
44047,國家發展研究所,,,,,
29365,國家發展研究所,本課程是從社會變遷與社會政策的導論角度，探討現代中國社會的發展經驗，重點集中討論1990年以後中國大陸政治經濟體制出現的變革及其產生的社會影響與問題。希望修課的同學對當前中國大陸的社會現況有一個更深入的認識，並能進一步瞭解中文與英文學界對這些問題的解釋觀點。,本課程將焦點集中於當代中國大陸內部的社會矛盾與衝突，深入探討後社會主義國家與社會發展的相關理論與現實意涵。因此上課同學應對1978年改革開放的背景，已有一定的認識。主要面向放在社會問題與社會政策的發展，從這兩個面向分別觀察近年來的政治、社會變遷以及相對應的政治、社會改革之間的關係。討論社會問題的焦點將留意其背後的政經制度脈絡，並由此理解社會政策的制度邏輯，相關議題包括改革開放後城鎮與農村的社會矛盾。此外，課程也注意近年來興起的公民組織，由此探討中國社會公民權的發展可能性。,"1.	上課參與討論：每週主題下列出必讀的閱讀文獻。上課時由老師帶領討論，並在課上指定同學做臨場的文獻報告或討論。
2.	同學應於上課前閱讀完該週指定讀物，並任選4週的文獻配合相關的時事新聞撰寫心得報告，同時提出討論問題給老師，在個別該週的星期一上課以前繳交。遲交或少交會影響該項部份的評分。
3.	學期測驗：範圍為第13週上課前的課堂文獻資料
4.	課堂口頭報告與期末報告：修課同學應選擇某一週的主題，在課堂上進行約40-50分鐘的口頭報告。期末報告部份則在此基礎上進行延伸性閱讀，發展為深入的研究報告，於1月9日下午6點之前以紙本與電子郵件繳交。",,
10210,國家發展研究所,,,,,
38106,護理學系,本學科著重護理專業觀念及護理技術的培養，協助學生理解照顧病人所需的基本護理知識與各項護理技術的原理、目的及操作程序，並透過技能中心及病房臨床實習以實際演練各項護理技術，並且學習初步評估病人生理、心理與社會的照顧需求。,"本學科的目的是在協助學生：
1. 認識基本護理知識與概念於評估病人生理、心理及社會之照顧需求。
2. 應用溝通理論、技巧與病人及家屬建立專業性人際關係。
3. 應用基本護理知識、概念與技術於病人之護理。
4. 初步運用護理過程以協助病人滿足其健康需求。
5. 增進對護理專業的瞭解與欣賞。
6. 培養護理專業態度。","1.課室教學：2 學分，採集中於星期一上午上課，學期第1-9週，每週上課 4 小時
上課地點：基醫303 教室
2. 實習：2 學分
*技能實習 – 時間：學期第 1-9週，每週一下午實習 4 小時。
地點：護理系館(一)一樓(簡報室、操作教室)、三樓(301, 302, 303, 304, 305、階梯教室)、四樓(會議室)、護理學系館二(未來教室、階梯教室)、第七講堂2樓電腦教室
*臨床病房實習 – 時間：學期第17 -18 週(6/9 - 6/19)，每日實習8 小時。
 地點：各實習病房",,
39649,護理學系,"This course provides demonstrations, supervision, and practice for the student to master fundamental nursing skills, and understand the basic professional nursing process through lecture and clinical practicum in which students practice basic nursing skills on each other or teaching model. The course is required for undergraduate students in the second year of study.","The aims of the course were as follows: 
1. To learn basic nursing concepts and knowledge to evaluate patients' biopsychosocial need of care 
2. To apply communication theories and techniques to establish therapeutic relationships with both the patients and the carers 
3. To apply fundamental nursing concepts and techniques in nursing care 
4. To initially utilise nursing process to help patients meet their need of care 
5. To enhance the understanding and acknowledgements toward nursing profession 
6. To formulate professional nursing attitudes","In-lab prcticum: 30%
Clinical practicum: 70%
實習：2 學分
*技能實習 – 時間：學期第 1-9週，每週一下午實習 4 小時。
地點：護理系館(一)一樓(簡報室、操作教室)、三樓(301, 302, 303, 304, 305、階梯教室)、四樓(會議室)、護理學系館二(未來教室、階梯教室)、第七講堂2樓電腦教室
*臨 床病房實習 – 時間：學期第17 -18 週(6/9 - 6/19)，每日實習8 小時。 地點：各實習病房",,
48204,護理學系 / 學士後護理學系,待補,待補,,,4
20595,護理學系,"內外科護理學分為一及二兩個獨立但相關之課程，整體目的為探討罹患疾病之成人，如何經歷健康─疾病之轉換階段，以及其住院期間之身心靈以及社會問題；漸進式重點如下：內外一著重於加強、整合並延續學生之基礎護理知識與技能，強調促進學生對成人各科之專業知識之了解與實際應用。此階段結束時，學生應(1)熟悉且能執行專業科別之照護重點及技術、(2)理解相關檢查及治療之意義、(3)識別病家之需求並設計及執行相對應之計畫。
護理的核心不僅在病人本身，亦在病人如何與醫護人員互動及建立關。因此，除延續內外一之重點，內外二進一步鼓勵學生反思自身之護理經驗、檢視醫護病關係、探討社會文化對病家之影響。此階段完成時，學生應(1)整合自身經驗，將自己之獨特思考融入專業照護、(2)對醫護病關係及社會文化問題具敏感度，可根據觀察到之狀況獨立執行以病人為中心之全人照護。","本學科的詳細目的有四：
1.	準備自己以了解病人(the preparation of the nurse for coming to know the other)：
a.	了解各科照護重點及護理技術
b.	了解健康─疾病轉換之要素與現象(change triggers)，如疾病種類、症狀表徵與其學理背景
2.	透過溝通、設身處地得了解病人(the nurse knowing the other intuitively)：
a.	建立溝通管道與治療性人際關係
b.	探索此疾病狀態對病家造成之需求影響(properties or patient call)，包括身心靈社會多方面之護理問題
3.	蒐集科學資料並做出判斷(the nurse knowing the other scientifically)：
a.	判讀相關檢驗報告
b.	執行護理評估
c.	熟悉找尋科學證據之資源與方式
d.	歸納護理問題及判斷其輕重緩急
4.	整合所學並歸納出對病人及專業的系統性知識(the nurse complimentarily synthesizing known others)：
a.	熟練執行護理技術
b.	規劃護理計畫(intervention or nurse response)","上課及臨床實習合計共8週，課室暨實習總行事曆請見附件一。
1. 內外科護理學(二)：3學分，約48小時，上課內容及時間請見附件二。
2. 內外科護理學實習(二)：3學分，總時數120小時，見習及實習內容與分組請見附件三。
**若遇颱風或天災，則依政府規定休假，但須另找時間補實習時數**
課前必修 (Pre-requisite Courses): 內外科護理學一及實習一。","100%	

學科成績

a. 期中、期末考各佔45% (共90%)
b. 課堂出席、提問、討論等參與度(5%)
c. PBL報告 (5%，報告簡報檔請於前一天上傳NTUCOOL)

本校尚無訂定 A+ 比例上限。
本校採用等第制評定成績，學生成績評量辦法中的百分制分數區間與單科成績對照表僅供參考，授課教師可依等第定義調整分數區間。詳見 學習評量專區。",
49183,護理學系,"內外科護理學分為一及二兩個獨立但相關之課程，整體目的為探討罹患疾病之成人，如何經歷健康─疾病之轉換階段，以及其住院期間之身心靈以及社會問題；漸進式重點如下：內外一著重於加強、整合並延續學生之基礎護理知識與技能，強調促進學生對成人各科之專業知識之了解與實際應用。此階段結束時，學生應(1)熟悉且能執行專業科別之照護重點及技術、(2)理解相關檢查及治療之意義、(3)識別病家之需求並設計及執行相對應之計畫。
護理的核心不僅在病人本身，亦在病人如何與醫護人員互動及建立關。因此，除延續內外一之重點，內外二進一步鼓勵學生反思自身之護理經驗、檢視醫護病關係、探討社會文化對病家之影響。此階段完成時，學生應(1)整合自身經驗，將自己之獨特思考融入專業照護、(2)對醫護病關係及社會文化問題具敏感度，可根據觀察到之狀況獨立執行以病人為中心之全人照護。","本學科的詳細目的有四：
1.	準備自己以了解病人(the preparation of the nurse for coming to know the other)：
a.	了解各科照護重點及護理技術
b.	了解健康─疾病轉換之要素與現象(change triggers)，如疾病種類、症狀表徵與其學理背景
2.	透過溝通、設身處地得了解病人(the nurse knowing the other intuitively)：
a.	建立溝通管道與治療性人際關係
b.	探索此疾病狀態對病家造成之需求影響(properties or patient call)，包括身心靈社會多方面之護理問題
3.	蒐集科學資料並做出判斷(the nurse knowing the other scientifically)：
a.	判讀相關檢驗報告
b.	執行護理評估
c.	熟悉找尋科學證據之資源與方式
d.	歸納護理問題及判斷其輕重緩急
4.	整合所學並歸納出對病人及專業的系統性知識(the nurse complimentarily synthesizing known others)：
a.	熟練執行護理技術
b.	規劃護理計畫(intervention or nurse response)","三、學分及時數 (Credits and Time Allotment):
上課及臨床實習合計共8週，課室暨實習總行事曆請見附件一。
1. 內外科護理學(二)：3學分，約48小時，上課內容及時間請見附件二。
2. 內外科護理學實習(二)：3學分，總時數120小時，見習及實習內容與分組請見附件三。
**若遇颱風或天災，則依政府規定休假，但須另找時間補實習時數**
四、課前必修 (Pre-requisite Courses): 內外科護理學一及實習一。",,
18074,護理學系,本課程以女性生命發展歷程中生殖階段的健康照護為重點，運用以家庭為中心的照護概念，使學生了解及評估女性在懷孕期、分娩期及產褥期的身心變化及健康需求，以及產後照顧新生兒的能力，以提供孕、產婦、新生兒及家庭成員適切的護理；同時針對高危險性妊娠具有基本的認識,"1.	應用課室教學內容，體認母嬰護理人員的角色及功能。(一般臨床護理技能;批判性思考能力)
2.	應用對婦女懷孕、生產及產褥期身、心變化的了解，參與照顧孕產婦。(生物醫學科學;一般臨床護理技能;溝通與關愛)
3.	觀察家庭成員之互動，了解懷孕及生產對家庭的影響。(生物醫學科學;溝通與關愛)
4.	了解文化與倫理、法律議題對於母嬰及其家庭之影響。(批判性思考能力;倫理素養與終身學習)
5.	具備照顧正常和高危險孕產婦、新生兒的知識及能力。(生物醫學科學;一般臨床護理技能;終身學習)
6.	以關懷的態度與母嬰及其家庭建立專業人際關係，並提供個別化照護。溝通與關愛;一般臨床護理技能)
7.	參與專業團隊之溝通、合作，提供婦女、新生兒及家庭適切的護理照護。(克盡職責;溝通與合作)
8.	應用課室教學內容，維護周產期母嬰及其家庭的安全、健康與權益。(批判性思考能力;克盡職責與倫理素養)
9.	運用溝通的能力，了解並協助婦女與其家人能充分表達自我及其經驗感受。(溝通與關愛)
10.	認識及省思周產期家庭及婦女之健康相關議題。(批判性思考能力與終身學習)",,,
30621,護理學系,本課程主要在協助學生瞭解護理專業發展與社會環境的關係， 本課程主要在協助學生瞭解護理專業發展與社會環境的關係， 從歷史、法律跨領域觀點， 從歷史、法律跨領域觀點， 從歷史、法律跨領域觀點， 從歷史、法律跨領域觀點， 從歷史、法律跨領域觀點， 從歷史、法律跨領域觀點， 領略護理專業的獨特性、與未來發展。藉由一系列講授課程討論以及訪談，協助 領略護理專業的獨特性、與未來發展。藉由一系列講授課程討論以及訪談，協助 領略護理專業的獨特性、與未來發展。藉由一系列講授課程討論以及訪談，協助 領略護理專業的獨特性、與未來發展。藉由一系列講授課程討論以及訪談，協助 領略護理專業的獨特性、與未來發展。,"1. 了解護理專業發展歷史
2. 體會 護理典範的念
3. 探究相關護理法律規定與倫範
4. 探究護理專業問題與未來發展的趨勢
5. 闡釋對護理專業之 想法與 未來規畫
6. 探討「優秀護理前輩」之相關心路歷程",講授、座談會、專題報告、CEIBA討論區提問與討論,,0.5小時
14965,護理學系,"本課程以批判與邏輯性思維方式、溝通概念與技巧及克盡職責的態度等建構教學之主要
概念，以協助學生瞭解臨床護理行政的理論及實務運作情形。
This course consists of key concepts, including critical and logical thinking, communication
concepts and techniques, and responsible attitudes. It aims to assist students in understanding
the theoretical and practical aspects of nursing administration.","1. 瞭解組織、領導統御等護理行政理論與實務（自我終身學習）
Understand the theory and practice of nursing organization, leadership, and
administration (Self-lifelong Learning).
2. 瞭解護理服務品質的管理（批判性及創新思維）
Understand the management of quality of nursing care (Critical, Logical, and Innovative
Thinking).
3. 瞭解護理行政主管及相關行政人員的溝通互動與合作情形（批判性思維、溝通與關
愛）
Understand the communication and interaction between the nursing executive and
relevant administrative personnel (Critical Thinking, Communication and Caring).
4. 瞭解病房醫療業務的運作及管理（倫理、溝通與協調）
Understand the operation and management of the ward medical business. (Ethics,
Communication, and Coordination)","學 分 數：2 學分，於本學期前八週授課
上課時間：前八週，114 年 2 月17 日至114 年4 月 11 日
教 室：系館(一)三樓階梯教室、系館(二)智能教室、醫學院教室 405",,
50008,護理學系,,,,,
28329,護理學系,,,,,
11204,護理學系,,,,,
22813,護理學研究所,,,,,
13307,護理學研究所,,,,,
46802,護理學研究所,,,,,
29858,護理學研究所,,,,,
33584,護理學研究所,,,,,
35380,護理學研究所,"This practicum program aims to cultivate Family Nurse Practitioners (FNPs) with advanced medical care knowledge and skills, enhancing their understanding of family nursing practice issues. Conducted within government-approved qualified training hospitals, this practicum provides students with direct experience in the development of a systematic methodology for identifying patients' needs for health care. The practicum focuses on assessment, risk/risk development, and the subsequent management of selected health problems. Emphasis is on critical thinking, clinical reasoning, and problem-solving. These skills are honed in clinical settings under guidance, showcasing students' progressive competence. Weekly discussions center on student-presented cases and relevant health topics. Through clinical practice, students acquire the necessary skills to provide advanced care in their role as Family Nurse Practitioners. Required for all Nurse Practitioner students in the second year of specialization with 9 clinical hours per week (3 credit hours).","Utilizes a scientific method to determine specialty patient needs for care.
2.  Designs therapeutic and nursing interventions for selected health problems.
3.  Relates clinical findings and conclusions in a systematic manner to ensure continuity of care.
4.  Develops the responsibilities inherent in the professional role.
A.	 Supports communications with documented data.
B.	Adapt approaches to promote effective communication with patients, nursing and medical colleagues, and others.
C.	 Functions effectively under stress and time constraints. 
D.	 Participates in educational/professional activities which promote career development.
E.	 Affirms professional values through appearance, behavior, and excellence in practice.",A total of 144 clinical practicum hours - 9 hours per week for 16 weeks.,,
44769,護理學研究所,,,,,
13664,護理學研究所,"This course aims to assist doctoral students in developing a comprehensive ability to integrate literature review, research methods, results analysis, and academic article writing for their proposed research topics during their doctoral research process.","1. To search, analyze, and synthesize relevant literature on the research topic of interest.
2. To compile and evaluate the reliability and validity of relevant measurement tools.
3. To develop a concrete and feasible research framework based on theoretical and empirical data.
4. To conduct empirical data surveys, perform quality assessments, and analyze the data.
5. To comment on the results of data analysis, verify them with theory, and write an academic paper.",,,
14359,護理學研究所,,,,,
36676,護理學研究所,,,,,
42982,護理學研究所,,,,,
50284,護理學研究所,,,,,
17468,護理學研究所,,,,,
43523,護理學研究所,,,,,
49822,護理學研究所,,,,,
95114,護理學研究所,,,,,
95115,護理學研究所,,,,,
53584,護理學研究所,,,,,
13403,護理學研究所,,,,,
49114,海洋生物及漁業組 / 海洋科學學程 / 地球系統科學學程 / 生物多樣性學分學程,,,,,
35147,海洋化學組 / 海洋科學學程,,,,,
27478,海洋地質及地球物理,,,,,
25904,海洋化學組,,,,,
50844,海洋生物及漁業組,"Course description: this course is designed to provide the student with a solid foundation in ecological concepts, techniques and experimental design in field research as applied to coral reef ecosystems. It consists in one-week field based research at a marine research station around Taiwan. To have attended Ocean 5097 is strongly recommended for joining this course. Alternatively, solid knowledge on coral reefs and the environmental challenges they are currently facing is requested. The course will begin with a general introduction of the coral reefs and how they are influenced by global and local factors. It will quickly narrow down to the context of Taiwan by introducing the local context: known diversity, past disturbances, and current research. The major reef biota will be discussed in terms of their ecological requirements, roles on the reef and overall impact. Methods in ecological monitoring and sampling will be discussed and examined directly on the field and will serve as a baseline for a future long-term ecological assessment. Data analysis will consist in examining and comparing structure of benthic assemblages among sites and depths (basic knowledge on R software is recommended). Students are asked to provide a final report and a poster (electronic format) of their work a maximum one month after the last day on the field. 


Additional information: a pre-course discussion on preparation for the field trip (?3 hr) will be arranged early in the semester. Field course: during spring break week from April 2nd, 2017 (Monday) to April 6th, 2017 (Friday). Working hours: daily 9H00 – 17H00. Daily schedule (subject to changes):  theoretical class in the morning and field preparation (9H00 – 12H00), field work in early afternoon (13H00-15H00) and sample (pictures) / data analysis in late afternoon (15H00-17H00).
There is a quota of 6 students for this course. This is an advanced course on coral reef ecology and students without a strong biological/ecological background will not be considered. Students will not be able to enroll in the course until they contacted the instructor of the course, and have been notified that their application has been approved. All hours are conducted at field station (Green Island Marine Research Station, Academia Sinica) with the exception of a few hours of pre-course discussion for the preparation for the field trip, and the final written assessment (research project report and poster) are written up, designed, and submitted after departing the marine station (one month maximum).
Students are asked to subscribe for individual insurance. Students will need to make their own way to and from the marine station, as well as to cover their living expense. This is a class on ecology, and students will be asked to reduce their carbon footprint when residing at the station. 
Students are invited to bring their personal computer. All enrolled students MUST know how to swim, and to be comfortable in staying in the water (sea) for a prolonged period of time. Snorkeling is a central part of this course, and all students are encouraged to participate (also snorkeling skills will be tested individually before joining field work); wetsuits and snorkeling gear are available for hire at a small charge from diving shop. Diving certification is not necessary; however, certified divers may have the priority for this class and be involved in deeper surveys (possibly at higher cost to cover rental of diving gear).
Approximate costs for your reference (tentative location Green Island): Return ticket train Taipei – Taitung (1,566 NT$), return ticket boat Taitung – Ludao (920 NT$), daily expense for food (400 NT$), 5-days basic insurance (233 NT$). Total: 3,119 NT$ + possible cost of diving equipment. In addition, students are strongly recommended to rent electric motorbikes for moving on the island. 
Further details will be available to enrolled students early in semester 2. 
For enrollment or any questions related to this course, please contact the instructor: Dr Vianney DENIS, vianney.denis@gmail.com.","By the end of this course, students are expected to be able to:
1)	Conceive, design and implement field monitoring in research on coral reefs
2)	Describe, analyze and compare benthic community structure among locations and depths
3)	Introduce background of research, present the methodology, highlight results, and discuss main findings and their implications.","Participation and motivation on the field: 50 %
Final report and poster (to send a maximum one month after return): 50%

The report should include title, abstract, introduction, methods, results and discussion. The scientific poster will summarize content of the report – different example will be provided during the course.",,
56043,海洋地質及地球物理 / 能源科技學程,透過原理介紹、解釋實作以及案例研究，了解並熟習震測資料解釋的方法,學習震測資料解釋的方法以及核心目標,先修課程：海洋地質學、沈積地層學、震測資料處理實務,,
50756,海洋生物及漁業組,,,,,
57421,海洋地質及地球物理,,,,,
59614,海洋地質及地球物理,,,,,
54558,海洋化學組,,,,,
23854,海洋化學組,,,,,
50887,海洋生物及漁業組,,,,,
56461,海洋物理組 / 海洋化學組 / 海洋地質及地球物理 / 海洋生物及漁業組,,,,,
32412,海洋研究所,,,,,
32881,海洋研究所,,,,,
49025,海洋研究所,,,,,
29132,海洋研究所,,,,,
40909,海洋研究所,,,,,
41260,海洋研究所,,,,,
43747,電機工程學研究所 / 奈米科技學程 / 生醫電子與資訊學研究所 / 電信工程學研究所 / 光電工程學研究所,本課程介紹光子晶體及相關週期性電磁結構之基礎理論與應用，涵蓋一維、二維與三維系統中的波動傳播，包括多層膜結構、週期性介電波導、光子晶體薄板與光子晶體光纖，以及實際元件之設計方法。視時間情況，亦將討論部分進階主題，例如電磁能隙結構及其他相關之週期性應用。,本課程旨在建立學生於光子晶體與週期性電磁結構方面之紮實理論基礎，並培養其分析與設計能力，使其能夠理解並運用基於週期性介質之波動現象與相關元件。,"預修: 電磁學、工程數學。
若修過 傅氏轉換與傅氏光學 及 光電電磁學 會有幫助。
工具: 程式語言(C/C++, Python, or Matlab) (部分作業)",,3-6
33781,,"1. Electrodynamics 
2. Material Dispersion
3. Multi-layer Interference
4. Optical interference and diffraction
5. Plasmonics and applications
6. Phonons: Optical and Accoustic phonons
7. Optical anisotropy
8. Semiconductor band structure 
9. Introduction of Lasers
10. Nonlinear optics","1. Electrodynamics 
2. Material Dispersion
3. Multi-layer Interference
4. Optical interference and diffraction
5. Plasmonics and applications
6. Phonons: Optical and Accoustic phonons
7. Optical anisotropy
8. Semiconductor band structure 
9. Introduction of Lasers
10. Nonlinear optics",Electromagnetics,,
22572,電機工程學研究所 / 光電工程學研究所,,,,,
29588,電機工程學研究所 / 生醫電子與資訊學研究所 / 光電工程學研究所,本課程的主要目標是提供設計光學系統所需的基本工具和知識。課程結束時，學生將能夠根據系統需求，選擇合適的組件和方案，創建可行的設計方案，並分析和最佳化其性能。,"學生將學習並運用標準光學設計工具，特別是光跡追踪，以及如何使用波動、偏振或高斯光束光學建模創建自訂系統模型。課程內容包括：

1) 幾何光學：基本設計技巧
2) 同介質中的波動光學
3) 光學儀器的設計概念：顯微鏡、望遠鏡、相機鏡頭和變焦鏡頭
4) 光學系統中的像差：實際問題
5) 如何選擇光學元件：透鏡、光纖、光源和偵測器
6) 光學 CAD 工具討論：ZEMAX 教育版",基礎物理,"35%	

Midterm

Close Book


25%	

Final

Close Book


10%	

HW1

CAD needed


10%	

HW2

CAD needed


20%	

Report

Written Report three days after the Final Exam

本校尚無訂定 A+ 比例上限。
本校採用等第制評定成績，學生成績評量辦法中的百分制分數區間與單科成績對照表僅供參考，授課教師可依等第定義調整分數區間。詳見 學習評量專區。",課前一小時及課後六小時
31332,電機工程學研究所 / 光電工程學研究所,,,,,
44025,電機工程學研究所 / 光電工程學研究所,,,,,
29078,電機工程學研究所 / 光電工程學研究所,,,,,
44380,光電工程學研究所,,,,,
33901,光電工程學研究所,,,,,
16973,光電工程學研究所,,,,,
31141,光電工程學研究所,,,,,
22644,光電工程學研究所,,,,,
32045,光電工程學研究所,,,,,
47410,光電工程學研究所,,,,,
18600,光電工程學研究所,,,,,
13886,光電工程學研究所,,,,,
57133,光電工程學研究所,,,,,
38222,光電工程學研究所,,,,,
34999,光電工程學研究所,,,,,
20009,光電工程學研究所,,,,,
56252,光電工程學研究所,,,,,
11832,光電工程學研究所,,,,,
54967,光電工程學研究所,,,,,
37679,光電工程學研究所,,,,,
57635,光電工程學研究所,,,,,
18696,光電工程學研究所,,,,,
55077,光電工程學研究所,,,,,
57515,光電工程學研究所,,,,,
31041,光電工程學研究所,,,,,
51954,光電工程學研究所,,,,,
49648,光電工程學研究所,,,,,
22958,光電工程學研究所,,,,,
15593,光電工程學研究所,,,,,
48875,光電工程學研究所,,,,,
25951,光電工程學研究所,,,,,
38154,光電工程學研究所,,,,,
56049,光電工程學研究所,,,,,
57994,光電工程學研究所,,,,,
18791,光電工程學研究所,,,,,
53512,光電工程學研究所,,,,,
39453,光電工程學研究所,,,,,
40255,光電工程學研究所,,,,,
57812,光電工程學研究所,,,,,
35952,光電工程學研究所,,,,,
30871,光電工程學研究所,,,,,
45682,光電工程學研究所,,,,,
32531,光電工程學研究所,,,,,
50798,光電工程學研究所,,,,,
53866,光電工程學研究所,,,,,
36915,光電工程學研究所,,,,,
28498,光電工程學研究所,,,,,
55851,光電工程學研究所,,,,,
10958,光電工程學研究所,,,,,
46640,光電工程學研究所,,,,,
16266,光電工程學研究所,,,,,
31244,光電工程學研究所,,,,,
16632,光電工程學研究所,,,,,
24914,光電工程學研究所,,,,,
32428,光電工程學研究所,,,,,
16197,光電工程學研究所,,,,,
40848,光電工程學研究所,,,,,
41930,光電工程學研究所,,,,,
47119,光電工程學研究所,,,,,
32405,光電工程學研究所,,,,,
39788,光電工程學研究所,,,,,
12497,光電工程學研究所,,,,,
20548,光電工程學研究所,,,,,
25966,光電工程學研究所,,,,,
14809,光電工程學研究所,,,,,
52704,光電工程學研究所,,,,,
21768,光電工程學研究所,,,,,
35145,光電工程學研究所,,,,,
42299,光電工程學研究所,,,,,
45247,口腔生物科學研究所,,,,,
40428,口腔生物科學研究所,,,,,
42321,口腔生物科學研究所,,,,,
34260,口腔生物科學研究所 / 神經生物與認知科學學程,,,,,
36240,口腔生物科學研究所,,,,,
36946,口腔生物科學研究所,,,,,
55033,口腔生物科學研究所,,,,,
20758,口腔生物科學研究所 / 幹細胞與再生醫學學程,,,,,
57816,口腔生物科學研究所,,,,,
57433,口腔生物科學研究所,,,,,
33976,口腔生物科學研究所,,,,,
37955,口腔生物科學研究所,,,,,
28408,職能治療學系,,,,,
55667,職能治療學系,"本科目之授課與實習比例為 1 : 2，主要課程內容描述如下：
1.	Review functional anatomy of the upper extremity.
2.	Introduce different types of splints and UE/LE orthoses & prostheses.
3.	Introduce checkout and training for the use of UE/LE prostheses.
4.	Introduce the principles of 3D printing design.
5.	Introduce the principles of splint fabrication.
6.	Practice splint fabrication techniques.","1.	Understand the functional anatomy of the upper extremity.
2.	Familiarize with different types of orthoses and prostheses for UE/LE.
3.	Master the checkout and training process for UE/LE prostheses.
4.	Understand the core principles of 3D printing design.
5.	Learn the principles of splint fabrication.
6.	Practice the techniques of splint fabrication.",,"40%	

Mid-term Examination


10%	

Book Reading


40%	

Final Examination


10%	

Participation

本校尚無訂定 A+ 比例上限。
本校採用等第制評定成績，學生成績評量辦法中的百分制分數區間與單科成績對照表僅供參考，授課教師可依等第定義調整分數區間。詳見 學習評量專區。",1小時
52485,職能治療學系,"本科目之授課與實習比例為 1 : 2，主要課程內容描述如下：
1.	Review functional anatomy of the upper extremity.
2.	Introduce different types of splints and UE/LE orthoses & prostheses.
3.	Introduce checkout and training for the use of UE/LE prostheses.
4.	Introduce the principles of 3D printing design.
5.	Introduce the principles of splint fabrication.
6.	Practice splint fabrication techniques.","1.	Understand the functional anatomy of the upper extremity.
2.	Familiarize with different types of orthoses and prostheses for UE/LE.
3.	Master the checkout and training process for UE/LE prostheses.
4.	Understand the core principles of 3D printing design.
5.	Learn the principles of splint fabrication.
6.	Practice the techniques of splint fabrication.",,"90%	

Practice exam and splint fabrication

Bandaging, UE prosthesis checkout, and Splint fabrication


10%	

Participation

本校尚無訂定 A+ 比例上限。
本校採用等第制評定成績，學生成績評量辦法中的百分制分數區間與單科成績對照表僅供參考，授課教師可依等第定義調整分數區間。詳見 學習評量專區。",1小時
18285,職能治療學系,,,,,
45882,職能治療學系,"課程大綱：
1.職能治療倫理學理論簡介
2.職能治療倫理介紹：職能治療倫理之概念介紹及臨床職能治療倫理問題之處理
3.藉由探討職能治療倫理問題，激發學生瞭解及解決職能治療倫理問題之能力。討論主題包含：生理疾病職能治療之倫理問題、心理疾病職能治療之倫理問題、小兒疾病職能治療之倫理問題、臨床研究之倫理問題。


預修課程：無","1. Introduce students to ethics, theories-, and principles-related to occupational therapy
2. Introduce students to basic core concepts of occupational therapy ethics and the clinical thinking process
3. Raise the students’ consciousness and awareness of ethical issues in occupational therapy
4. Stimulate development of the ethical decision-making process","* ZUVIO 課程參與--請加入課程代碼15102649//課程名稱學期 114-2 【OT倫理學】

*分組:上課第1週所有同學分成6組，各2組分別負責FIFE, SDM 與 ethical issues報告。

I. FIFE報告：前2組同學（第1組負責訪問成人生理個案/第2組為自閉症或注意力不足過動症孩童家屬）訪問/記錄FIFE四種信念：病人的感受（feeling）、病人的認知（ideas）、身體功能（functioning）及期待（expectations），於課堂上報告與討論。其它詳作業。

II. SDM 報告：第3&4組同學--（練習「短期目標」或「長期目標」之共享決策。），其它詳作業。

III. 倫理議題報告：第5&6組，每組同學由四類職能治療倫理事件 (ethical issues in adult physical disability practice, pediatric practice, mental health practice, and clinical research) 挑選一種主題，學生需就該主題於課堂報告，帶領同學及老師討論。

*本學期教學將導入 ChatGPT/Gemini等生成式AI，其可能協助事項如下：
1. 介紹與應用倫理學於職能治療
2. 釐清學生困惑
3. 扮演虛擬病人與虛擬專家，以讓同學諮詢、訪談或觀摩
4. 探究倫理議題(包含老師使用 AI 協助教學之倫理議題、學生使用AI之倫理議題等)
5. 協助學生準備/完成作業
6. 協助命題/訪談同學 
7. 協助提供回饋

*PPT之製作原則（歡迎使用生成式AI協助準備PPT，亦請參考以下原則，以提升可讀性）
1. 以綱要呈現，文字宜盡量精簡/洗鍊。勿以完整句子呈現，因為難以閱讀
2. 標題明確且與綱要呼應。勿呈現攏統標題(如討論議題I、II等)，聽眾將難以快速、明確掌握內容
3. 每個 slide 僅呈現一個主題，2~3個主題容易分散焦點
4. 每個 slide 8行以內，以提升可讀性
5. 字體大小至少18，以提升可讀性
6. 插入頁碼(字體大小至少16)，以利討論時指出特定投影片
7. 盡量增加圖示，以呈現概念/模式/結果，可協助讀者吸收
8. 提供明確的 summary (take-home message)。

*標題/綱要句尾無須標點符號(可略)
*插圖/動畫須避免讓讀者分心或與內容無關
*口頭報告時，游標或 pointer 之定位宜快速/明確，勿不斷重複劃圈圈，這會讓聽眾跟著團團轉
*歡迎使用AI以協助口頭報告","90%	

考試

1. 倫理理論與醫學倫理原則（前2堂課內容）30%（最終成績）
2. SDM 與 FIFE（第3&4堂課內容與演練）40%（最終成績）
3. 倫理議題/決策（含1＆2 與第7堂課內容）20%（最終成績）
*題目形式：包含選擇題與問答題
*可多次考試（考試時間--待確認//自行攜帶筆電）以最佳成績計算最後成績
*考試內容以課程講授重點為主以及 部分COOL 討論議題（老師會指定）

＊成績與回饋，於COOL通知（選擇題成績公布於此；e-mail通知問答題評分與回饋）。若通過4次考試[選擇題/不同主題]答對率超過80%；考試佔比成績必有B，但最高B＋。欲取得A級成績，必須回答問答題，且回答結果平均達到「尚可（6分）」。


10%	

參與/ZUVIO

分組報告以及虛擬情境練習。
分組報告包含FIFE、SDM以及倫理議題（內容詳課程內容之說明--4月10日與5月22日）
還有加分

本校尚無訂定 A+ 比例上限。
本校採用等第制評定成績，學生成績評量辦法中的百分制分數區間與單科成績對照表僅供參考，授課教師可依等第定義調整分數區間。詳見 學習評量專區。",2~3小時
13681,職能治療學系,"本課程帶領職能治療學系新生探索學術期刊文章中常見的統計分析方法。 透過課堂教學、討論與團體作業，學生將初步瞭解學術論文中提出的統計分析和結果解讀。 這些知識將為學生奠定閱讀期刊論文之基礎，使學生能在未來的期刊會報、專題討論或實證職能治療等課程中，讀懂期刊論文的分析方法、解釋結果並從文章中得出推論，進而將實證應用於職能治療臨床實務。
本課程涵蓋一系列常用的統計方法，包括：描述性統計、假設檢定、t 檢定、卡方檢定、變異數分析、相關性和迴歸分析、非參數統計和統合分析。","在本課程結束時，學生將能夠：
1. 瞭解期刊文章中使用了哪些統計方法以及為何使用這些方法。
2. 解釋圖表、表格和期刊文章中呈現的統計結果。
3. 依據期刊文章之統計結果綜理出職能治療實務的臨床意義。
4. 嘗試評析研究文章中統計方法的使用和適當性。",,,
30490,職能治療學系,"The purposes of the lecturing of the course is to guide the students to learn professional knowledge base, current trend of mental health practice, professional assessment practice, intervention strategies, and health care delivery related to mental health OT","The purposes of the lecturing of the course is to guide the students to learn professional knowledge base, current trend of mental health practice, professional assessment practice, intervention strategies, and health care delivery related to mental health OT","For the lecture part, midterm and final exam each count for 30% of the final grade of the lecture part; the participation part of the class counts for 30% of the grade; the final 10% will be for adjustment use",,
43943,職能治療學系,,,,,
25414,職能治療學系,本課程主要在探討職能治療對骨科個案的評估與介入，課程內容包含介紹基本解剖構造及功能、常見骨科個案的種類及問題、常用的物理因子媒介，職能治療對骨科個案之評估及主要之介入原則和方法，培養學生臨床實習時評估及治療骨科個案之能力。,"1. 使學生具備對功能性解剖構造及動作機轉的基本認識。
2. 學習並掌握相關的評估工具及介入方法。
3. 建立從事臨床職能治療所需的基礎能力。",,"40%	

期中考


40%	

期末考


10%	

個案報告

分組至臺大復健部見習手傷病人，或觀看影片，6/4口頭報告。報告的內容請在6/3之前先email給黃老師及毛老師，報告格式在課堂公告。


10%	

課堂參與

本校尚無訂定 A+ 比例上限。
本校採用等第制評定成績，學生成績評量辦法中的百分制分數區間與單科成績對照表僅供參考，授課教師可依等第定義調整分數區間。詳見 學習評量專區。",2小時
43246,職能治療學系,"In conjunction with the content of “OT for Physical Disabilities”, “OT for Psychiatric Conditions”, “OT for Pediatrics” and “Activities of Daily Living”, students are given opportunities to observe clinical pictures of patients with different diagnosis, and intervention procedures used in different situation, get acquainted with the clinical settings, modalities and professional procedures.  Students will also have chance to practice evaluation skills, set the goals, write treatment plans and implement treatment techniques to patients with different diagnosis.  In addition, the students will participate in problem-based learning (PBL) class with medical students for 2 sessions.  All the students of the class will be divided into three groups and rotate through clinics for physical disabilities, for psychiatric population and for developmental disabilities and sensory-integrative dysfunction.","After the course finished, the students will be able to
1)  administer standardized evaluations correctly in each field
 2)  identify patient’s chief problems based on theories and frames of reference 
3)  set proper goals relating to quality of life/ subjective well-being/ occupational satisfaction
4)  write occupation-based treatment plans based on theories and frames of reference
 5)  provide the clients with graded purposeful and meaningful activities safely to remediate the clients’ specific problems in one-to-one or group situation or with compensatory techniques, such as adaptive methods, assistive devices, environmental modifications, to accomplish the goals
 6)  demonstrate communication skills (i.e. intervening, teaching, consulting, educating) with the clients, families & team members",,,3 hours
45534,職能治療學系,,,,,
53208,職能治療學系,,,,,
14379,職能治療學系,,,,,
41792,職能治療學系,同學將至兒童、生理與心理領域學習治療方法。,學習治療方法並累積臨床實務經驗。,,,
34964,職能治療學系,"近來健康照護專業發展趨勢逐漸由醫療模式走向社會模式，強調社會參與之健康概念。本課程的目標為培養職能治療學生具備於社區與長期照護情境提供服務的知能。
    課程內容將包含介紹社區介入之理論基礎，公共衛生觀點的社區發展理念，法規與制度，社區服務方案的模式發展、評估與執行等，並介紹常見之職能治療社區服務，包含三大主題：1) 活躍老化主題：社區老人健康促進與生活型態再造、跌倒預防、高齡友善社區營造；2) 長期照護議題：包含居家職能治療服務、失智症照護、日間照護等；3) 身心障礙者生活自立議題：低視能、科技與環境介入、社區精神復健、弱勢兒童與青少年者議題等。
    上課方式將以講授與個案討論為主，並透過文獻閱讀、課堂討論、報告、期末方案分享等方式強化學生的知能與應用能力。另會配合社區職能治療實習課程安排各種老人及身心障礙社區服務方案之參訪，觀察或訪談個案，團體規劃與帶領、與經營者對談，以認識社區服務方案之執行運作。","課程結束後，學生應具備以下能力：
1.	瞭解社區職能治療之理念與理論
2.	能理解職能治療在社區與醫療體系執行模式的差異之處
3.	認識長期照顧、老人福利、身心障礙者權益保護、健康促進等相關法規制度
4.	瞭解職能治療於社區場域之功能與角色
5.	瞭解並具備執行個人層級與組織層級之需求評估與介入知能
6.	瞭解跨專業合作及專業溝通的重要性與執行方式
7.	瞭解各種社區健康照護場域（居家、社區據點、日間照護、非營利組織等）服務的特色，與各類型個案（高齡者、長照需求者、身心障礙者、兒童青少年特殊需求者）的特性","Lecture
1.	社區機構介紹報告 (10%)：實習單位之之介紹及分析報告。
2.	非藥物介入報告(10%)
3.	期中期末考試 (70%) 
4.	課程表現與參與(10%)

Practice
1.	案例報告(20%):選定一案例，搜尋相關資料提出為個案所做之服務計畫，及職能治療介入之問題分析、目標設定、服務內容、輔具建議，其他考量與心得等。
2.	團體活動或方案設計 (20%)
3.	方案執行或團體活動帶領* (40%)
4.	同學互評、課程表現與參與 (20%)","10%	

社區機構介紹報告

實習單位之之介紹及分析報告。


10%	

非藥物介入報告


70%	

期中期末考試


10%	

課程表現與參與

本校尚無訂定 A+ 比例上限。
本校採用等第制評定成績，學生成績評量辦法中的百分制分數區間與單科成績對照表僅供參考，授課教師可依等第定義調整分數區間。詳見 學習評量專區。",
35345,職能治療學系,"近來健康照護專業發展趨勢逐漸由醫療模式走向社會模式，強調社會參與之健康概念。本課程的目標為培養職能治療學生具備於社區與長期照護情境提供服務的知能。
    本課程將搭配社區職能治療課程，藉由演練及應用，強化學生其對於社區職能治療服務法規與制度的認識，社區服務方案的模式發展、評估與執行等之知能，並安排以下常見職能治療社區服務類型的參訪、個案研討、團體帶領、實務演練等，包含三大主題：1) 活躍老化主題：社區老人健康促進與生活型態再造、高齡駕駛、高齡再就業議題、高齡友善社區營造；2) 長期照護議題：包含居家職能治療服務、失智症照護、日間照護等；3) 身心障礙者生活自立議題：低視能、科技與環境介入、社區精神復健、弱勢兒童與青少年者議題等，使學生更能將所學之理論做實際的運用。

    課程進行將包含各種多元方式：如由實務工作者或個案分享與對談、機構參訪、與經營者對談、案例研討、小組討論。另安排每5~6人一組，各組學生至不同社區單位進行延續性三次進入社區機構實習，三次實習內容包含個案訪談與社區單位評估與介入、團體活動規劃與帶領等。並透過期末方案分享等等方式，強化學生的知能與應用能力，認識社區服務方案之執行運作。","實習結束後，學生應具備以下能力：
1.	能理解職能治療在社區與醫療體系執行模式的差異
2.	瞭解職能治療於社區場域之功能與角色
3.	瞭解並具備執行個人層級與組織層級之需求評估與介入知能
4.	瞭解跨專業合作及專業溝通的重要性與執行方式
5.	瞭解各種社區健康照護場域（居家、社區據點、日間照護、非營利組織等）服務的特色，與各類型個案（高齡者、長照需求者、身心障礙者、特殊需求者）的特性
6.    能執行社區方案規劃及團體活動帶領","Lecture
1.	社區機構介紹報告 (10%)：實習單位之之介紹及分析報告。
2.	非藥物介入報告(10%)
3.	期中期末考試 (70%) 
4.	課程表現與參與(10%)

Practice
1.	案例報告(20%):選定一案例，搜尋相關資料提出為個案所做之服務計畫，及職能治療介入之問題分析、目標設定、服務內容、輔具建議，其他考量與心得等。
2.	團體活動或方案設計 (20%)
3.	方案執行或團體活動帶領* (40%)
4.	同學互評、課程表現與參與 (20%)","20%	

案例報告

選定一案例，搜尋相關資料提出為個案所做之服務計畫，及職能治療介入之問題分析、目標設定、服務內容、輔具建議，其他考量與心得等。


20%	

團體活動或方案設計


40%	

方案執行或團體活動帶領*


20%	

同學互評、課程表現與參與

本校尚無訂定 A+ 比例上限。
本校採用等第制評定成績，學生成績評量辦法中的百分制分數區間與單科成績對照表僅供參考，授課教師可依等第定義調整分數區間。詳見 學習評量專區。",
43867,職能治療學系,,,,,
45829,職能治療學系,,,,,
23022,職能治療學系,本課程旨在介紹團體動力學理論、實務及臨床應用，以增進學生的團體動力學知識、團體經驗及其未來於臨床實務中的應用。,"1. 熟悉團體動力學理論
2. 熟悉團體動力學在臨床實務上的應用
3. 經驗團體及察覺自我在團體的角色","Lecture:
團體動力理論與實務知識

Practice:
團體企畫書
團體發展評量報告
角色分析報告","20%	

課程參與

課程結束一週內繳交心得，每份5分，拿滿20分為止。


8%	

出席率


12%	

團體帶領

拆成2小組，選定主題，依據計畫書帶領活動。帶領結束後，需繳交所有成員的貢獻度評分（0–10分）。
*團體分數由助教依整體帶領情形給分；個人分數則視貢獻度調整，計算公式為貢獻佔比*小組得分。例如，A組表現卓越，故小組分數為滿分12分。其中，A1成員平均貢獻為9.2分，對應佔比100%，故其個人分數即為12分；A2成員平均貢獻為5分，換算佔比為60%，故其個人分數為12 * 0.6 = 7.2分。


20%	

iii.	團體活動帶領演練歷程

個人，共2次，分別於初次上課後的一週內，以及實體團體帶領日當天繳交。（https://reurl.cc/Abe3zp，請將對話歷程輸出為PDF繳交。時間內可重複練習，並挑選最滿意者評分；如需專業帳號得找教師索取。）


40%	

考題演練

個人，一份考題，課程結束一週內繳交。

本校尚無訂定 A+ 比例上限。
本校採用等第制評定成績，學生成績評量辦法中的百分制分數區間與單科成績對照表僅供參考，授課教師可依等第定義調整分數區間。詳見 學習評量專區。",
22277,職能治療學系,本課程包含一學分演講與一學分實習，主在介紹常用於職能治療實務的理論、參考架構與治療模式，包含其發展背景、理論基礎、應用原則、適用對象、評估方法、介入方法等，使學生瞭解臨床實務背後的理論與模式，並有能力應用這些理論、架構及模式於臨床實務中。本課程分成二學期教授，第一學期內容著重各領域皆可應用的參考架構如行為理論、人/環境/職能模式等，心理領域常用的參考架構如人類職能模式、心理分析參考架構等及兒童領域常用的感覺統合理論。第二學期內容則著重職能科學、生理疾病領域常用的生物力學/復健參考架構、傳統神經發展治療、動作控制及學習參考架構，現代動作訓練參考架構及認知復健。,"1.	瞭解職能治療實務的執行模式、參考架構及背後的理論。
2.	瞭解理論如何影響職能治療實務。
3.	對理論發展有基本的認識，並瞭解其對職能治療的重要性。
4.	能瞭解各職能治療專業理論、模式或參考架構之理論基礎、原則、評估方法、介入手法及臨床應用。 
5.	能依據臨床問題，應用適切的理論、模式或參考架構進行評估與介入。
6.	能正確地實施各治療架構中各學派的評估方法及治療技術。",,"40%	

Midterm exam


40%	

Final exam


20%	

Participation

本校尚無訂定 A+ 比例上限。
本校採用等第制評定成績，學生成績評量辦法中的百分制分數區間與單科成績對照表僅供參考，授課教師可依等第定義調整分數區間。詳見 學習評量專區。",1小時
24398,職能治療學系,本課程包含一學分演講與一學分實習，主在介紹常用於職能治療實務的理論、參考架構與治療模式，包含其發展背景、理論基礎、應用原則、適用對象、評估方法、介入方法等，使學生瞭解臨床實務背後的理論與模式，並有能力應用這些理論、架構及模式於臨床實務中。本課程分成二學期教授，第一學期內容著重各領域皆可應用的參考架構如行為理論、人/環境/職能模式等，心理領域常用的參考架構如人類職能模式、心理分析參考架構等及兒童領域常用的感覺統合理論。第二學期內容則著重職能科學、生理疾病領域常用的生物力學/復健參考架構、傳統神經發展治療、動作控制及學習參考架構，現代動作訓練參考架構及認知復健。,"1.    瞭解職能治療實務的執行模式、參考架構及背後的理論。
2.	瞭解理論如何影響職能治療實務。
3.	對理論發展有基本的認識，並瞭解其對職能治療的重要性。
4.	能瞭解各職能治療專業理論、模式或參考架構之理論基礎、原則、評估方法、介入手法及臨床應用。 
5.	能依據臨床問題，應用適切的理論、模式或參考架構進行評估與介入。
6.	能正確地實施各治療架構中各學派的評估方法及治療技術。",,,1小時
19883,職能治療學系,"本實習課程在提供大四學生對急性期及復健期之生理障礙病患之臨床實習機會。急性期之病患來自神經內外科、內科、骨科、整形外科、燒傷科之成人患者為主。內科及神經內外科之病患以腦血管病變，中樞神經系統病變、腦腫瘤、頭部外傷、脊髓損傷為主。職能治療除提供疾病早期之處理，如預防關節僵硬、皮膚傷害、肌力退化、及一般神經肌肉、知覺認知、日常生活等訓練外，亦需擔任教育及諮詢病人的角色。骨科及整形外科之病患以手部外傷、骨折固定、人工關節置換及截肢手術後的患者為主。職能治療以手術後的副木製作及肢體訓練為主。燒傷科病患之職能治療則以製作副木、維持關節活動度等治療項目為主，此部份之實習以床邊治療方式進行之。

復健期之病患來自復健病房及復健部門診之成人病患。病人診斷以腦血管病變、腦傷、脊髓損傷病患為主，時有神經肌肉病變、肌肉骨骼系統問題、退化性疾病、截肢、手部外傷、關節炎.......等病患。職能治療根據本專業之哲學與治療精神提供病患完整的服務，由神經肌肉感覺知覺認知心理社會日常生活能力、到工作能力之加強，藉由個別治療及團體治療的方式達成。此部份之實習以在西址職能治療室進行治療。

所有學生皆需至東、西址之職能治療實習，由此可經驗不同診斷的病人，病患於不同時期職能治療的治療重點，及完整的治療程序，由接案之評估到病患將出院之輔具建議及相關準備工作。臨床之指導老師大多為資深之臨床治療師，學系之老師亦兼任醫院臨床工作及指導實習，各有專精，使學生更能將所學之理論做實際的運用。在十二週之實習過程中，除在指導老師的監督下實施評估治療病人外，每週亦安排有相關的演講、病人討論會及學生作業討論約八小時。為配合臨床實習之學習效果，特設計相關之實習作業計有七類：讀書報告、期刊閱讀、團體治療、活動分析、個案研究報告、治療器材或輔具介紹、家庭訪視報告，各有專人負責指導，相信更能豐富學生所學。","實習結束後，學生應具備以下能力：
1. 依理論正確評估個案的功能
2. 設立適當的治療目標
3. 正確設定治療計劃
4. 適當的執行治療
5. 提供適當的出院計畫及準備
6. 具備適當的專業溝通能力與倫理",詳細參考大四臨床實習學生手冊。,,10小時
34861,職能治療學系,"本實習課程在提供大四學生對急性期及復健期之生理障礙病患之臨床實習機會。急性期之病患來自神經內外科、內科、骨科、整形外科、燒傷科之成人患者為主。內科及神經內外科之病患以腦血管病變，中樞神經系統病變、腦腫瘤、頭部外傷、脊髓損傷為主。職能治療除提供疾病早期之處理，如預防關節僵硬、皮膚傷害、肌力退化、及一般神經肌肉、知覺認知、日常生活等訓練外，亦需擔任教育及諮詢病人的角色。骨科及整形外科之病患以手部外傷、骨折固定、人工關節置換及截肢手術後的患者為主。職能治療以手術後的副木製作及肢體訓練為主。燒傷科病患之職能治療則以製作副木、維持關節活動度等治療項目為主，此部份之實習以床邊治療之治療方式進行之。

復健期之病患來自復健病房及復健部門診之成人病患。病人診斷以腦血管病變、腦傷、脊髓損傷病患為主，時有神經肌肉病變、肌肉骨骼系統問題、退化性疾病、截肢、手部外傷、關節炎.......等病患。職能治療根據本專業之哲學與治療精神提供病患完整的服務，由神經肌肉感覺知覺認知心理社會日常生活能力、到工作能力之加強，藉由個別治療及團體治療的方式達成。此部份之實習以在西址職能治療室進行治療。

所有學生皆需至東、西址之職能治療實習，由此可經驗不同診斷的病人，病患於不同時期職能治療的治療重點，及完整的治療程序，由接案之評估到病患將出院之輔具建議及相關準備工作。臨床之指導老師大多為資深之臨床治療師，學系之老師亦兼任醫院臨床工作及指導實習，各有專精，使學生更能將所學之理論做實際的運用。在十三週之實習過程中，除在指導老師的監督下實施評估治療病人外，每週亦安排有相關的演講、病人討論會及學生作業討論約八小時。為配合臨床實習之學習效果，特設計相關之實習作業計有七類：讀書報告、期刊閱讀、團體治療、活動分析、個案研究報告、治療器材或輔具介紹、家庭訪視報告，各有專人負責指導，相信更能豐富學生所學。","課程結束後，學生應有以下能力：
1. 熟練地實施評估程序，並能依據個案狀況調整評估程序
2. 設定適當的治療目標與治療計劃
3. 安全地提供介入技巧及代償方法
4. 具備專業行為與溝通技巧",詳見大四職能治療臨床實習學生手冊。,,10小時
41114,職能治療學系,,,,,
34442,職能治療學系,全日臨床實習。,接受實習站之指導，以培養成為心理領域職能治療師必備的知識與技能。,,,
36487,職能治療學系,全日臨床實習。,接受實習站之指導，以培養成為心理領域職能治療師必備的知識與技能。,,,
20232,職能治療學系,,,,,
39490,職能治療學研究所,"本課程目的在於透過聆聽研究者分享的研究歷程，學習研究過程思辨與成果發表之能力。學生透過口頭報告的準備、分享、討論與回饋過程，形成自己研究的計畫、改善研究設計或修正精進研究成果，以提升研究能力、教學能力、專業能力與表達能力。口頭報告以英文分享為主。

授課方式包含：專家演講、學生報告與討論、教師講評。
本課程每學年第二學期開授，所有碩博班教師皆參與。博士班學生於就學期間，需修習2次（4學分）。碩士班學生於就學期間，需修習1次（2學分）。","一、碩班：透過口頭與書面報告及討論，培養學生學術發表與交流討論之能力，包括：
   1.「研究問題的形成」，藉由文獻回顧探討相關此研究問題的重要性。
   2.「針對研究問題提出研究方法」，藉著課堂上的討論，讓參與學生及教師給予意見，修正及補強，參與學生學習如何分析及解決問題。


二、博班：透過口頭報告及討論，培養學生學術口頭發表與交流討論之能力，以及針對自己的博士班研究內容，提出具體之思辨以及論證。可選擇之形式如下：
  1.  分享初步研究構想：研究問題的形成及此研究問題的重要性，並提出初步之研究計畫（tentative proposal）。
  2.  分享博士班研究計畫：可試著提出博士論文計畫書，預演博士論文計畫書審查，參與學生及教師可給予意見讓報告學生學習如何defense及知道自己如何修正及補強自己的計畫書，參與學生也可學習計畫書撰寫及不同思維之問題解決方式。
  3.  「pilot study」研究成果的呈現：學生試著將初步的研究成果呈現，試著討論結果，讓參與學生及教師給予意見，修正及補強研究方法、統計、結果呈現及討論，參與學生學習如何分析及解決問題。
  4.  「研究成果之發表」：學生試著將完整的研究結果呈現，投稿前的試金石，讓參與學生及教師給予意見，修正及補強文章內容，參與學生學習如何撰寫正式的研究文章。
報告形式:
口頭報告 - 必須以英文進行報告及討論。","1.	本學期預計安排4次特別演講，學生必須出席演講，不克出席者需事先請假，參與學生須於特別演講後繳交書面報告（記錄主題、講者、重點與心得）電子檔，內容約1-2頁A4。
2.	口頭報告：每次課程由2-3位學生報告，依據書面報告重點提出口頭報告，報告時間約為20~25分鐘，討論時間與教師講評約為20分鐘，所有參與學生必須針對講題以英文發問或給予意見。
3.	報告同學於報告一週前將摘要寄給所有修課同學及指導教師（
即當日主持教師），內容不超過二頁A4，以供大家參考。
4.	報告結束後，請將投影片轉成PDF檔，上傳到NTUCOOL的作業區。
5.	口頭報告的評分，將由所有上課同學及指導教師共同評分 (採所有人之平均)。","20%	

四次演講參與及筆記繳交

此為參與分數，不評等


60%	

英語口頭報告

由指導老師以及所有上課同學評分


20%	

課堂參與及表現

由指導/主持教師評分

本校尚無訂定 A+ 比例上限。
本校採用等第制評定成績，學生成績評量辦法中的百分制分數區間與單科成績對照表僅供參考，授課教師可依等第定義調整分數區間。詳見 學習評量專區。",
37243,職能治療學系 / 職能治療學研究所,課程聚焦於「社區兒童職能治療」，系統性介紹不同社區服務場域（如長照體系、發展中心、學校系統等），並結合理論基礎與臨床實務經驗，引導學生理解社區兒童及其家庭的多元需求。課程採循序漸進設計，前半段以概念建構與實務分享為主，後半段則強調方案設計、實際體驗與真實場域執行。透過討論、設計、體驗與反思，培養學生在社區情境中進行專業評估、介入規劃與跨場域應用之能力，強化其作為未來社區兒童職能治療師的專業整合與實務執行。,"1.	瞭解社區兒童職能治療之服務模式與相關理論
2.	瞭解社區兒童職能治療之服務對象與主要需求
3.	瞭解與探索社區兒童職能治療之臨床實務，並設計職能治療具體可行之治療計畫",待補,,
59190,職能治療學系 / 職能治療學研究所,增進學生自我情緒覺察的能力與學習紓壓技巧，進而從國際心理衛生發展趨勢與國內現況，學習如何將心理健康融入生活與政策，並在職能治療臨床及社區之運用。藉由自我學習、團體討論、同儕互動學習與教師講授等方法，促進學習成效。,"(1) 壓力之覺察與檢測及學習紓壓技巧
 (2) 如何提昇自我與社會的心理健康
 (3) 瞭解心理健康政策與相關法規
 (4) 知悉心理健康國際發展趨勢與我國現況
 (5) 職能治療在心理衛生與自殺防治之角色與功能 
(6) 瞭解各種急慢性病(含精神疾病)，身心障礙與心理健康關係
 (7) 如何發揮職能健康與職能正義以消除歧視與烙印 
(8) 如何翻轉不平等世界之心理健康
 (9) 瞭解多元文化（族群、性別、階級）的心理健康",出席與踴躍表達,,
54842,職能治療學系,,,,,
44308,職能治療學系,,,,,
39243,職能治療學系,,,,,
44504,職能治療學系,,,,,
18326,職能治療學系,,,,,
58052,職能治療學系,,,,,
49338,職能治療學系,,,,,
47145,職能治療學系,,,,,
32091,職能治療學系,,,,,
31389,職能治療學研究所,,,,,
44703,職能治療學研究所,,,,,
59948,職能治療學研究所,,,,,
25812,職能治療學研究所,,,,,
46781,職能治療學研究所,,,,,
42213,職能治療學研究所,,,,,
49668,職能治療學研究所,,,,,
23769,職能治療學研究所,,,,,
57146,職能治療學研究所,,,,,
16401,職能治療學研究所,,,,,
10409,職能治療學研究所,,,,,
58800,職能治療學研究所,,,,,
32000,職能治療學研究所,,,,,
52723,職能治療學研究所,,,,,
50493,職能治療學研究所,,,,,
24503,職能治療學研究所,,,,,
33521,職能治療學研究所,,,,,
58582,職能治療學研究所,,,,,
48265,職能治療學研究所,,,,,
45034,職能治療學研究所,,,,,
17107,職能治療學研究所,,,,,
26372,職能治療學研究所,,,,,
55820,職能治療學研究所,,,,,
54066,職能治療學研究所,,,,,
23686,職能治療學研究所,,,,,
53052,職能治療學研究所,,,,,
40622,職能治療學研究所,,,,,
17202,職能治療學研究所,,,,,
50193,職能治療學研究所,,,,,
41239,職能治療學研究所,,,,,
28236,職能治療學研究所,,,,,
12790,職能治療學研究所,,,,,
43775,病理學研究所,,,,,
42514,病理學研究所,,,,,
11793,病理學研究所,,,,,
30622,病理學研究所,,,,,
34494,病理學研究所,,,,,
20434,病理學研究所,,,,,
44076,病理學研究所,,,,,
32426,病理學研究所,,,,,
97011,體育室,,,,,
97012,體育室,,,,,
97023,體育室,,,,,
97032,體育室,"本課程適合尚未學會任一泳姿者；若已可使用2種泳姿不間斷完成100公尺，本課程將過於簡單。
本課程將幫助同學熟悉水性、學會自由式與蛙式的手腳配合技巧，並以能不間斷完成50公尺為目標。
★若欲加簽，課程前兩週請務必出席★
★上課集合地點：技擊室C ★","1. 熟悉與適應水性
2. 能不間斷完成50公尺自由式
3. 能不間斷完成50公尺蛙式
4. 培養自主練習游泳的習慣","1. 請準時於上課地點集合。
2. 上課請穿著輕便運動服，並請自備泳裝、泳帽、蛙鏡、毛巾。
3. 上課當日若有任何身體不適，請務必向老師反應，切勿勉強運動。
※課程內容得視學生學習狀況彈性調整","30%	

出席率與學習態度

(1)曠課：1次扣總分10分；曠課3次成績不及格 
(2)事假、病假(含心、生理假)：1次扣總分3分（病假第一次不扣分）
(3)遲到、早退：1次扣總分1分；遲到30分鐘視為曠課
(4)喪假、公假：不扣分 
(5)缺課次數達6次，學期成績以X等第計；缺課5次，學期成績下降兩等第；缺課4次，學期成績下降一等第。
※本課程會實施點名
※特殊情況請務必知會老師
※請假以myNTU學生請假系統記錄為準


20%	

期中測驗

期中測驗：25m四方打水


40%	

期末測驗

期末測驗：50m自由式(20%)、50m蛙式(20%)


10%	

課外長泳

課外長泳8000m

本校尚無訂定 A+ 比例上限。
本校採用等第制評定成績，學生成績評量辦法中的百分制分數區間與單科成績對照表僅供參考，授課教師可依等第定義調整分數區間。詳見 學習評量專區。",1.5小時
97033,體育室,"本課程適合尚未學會任一泳姿者；若已可使用2種泳姿不間斷完成100公尺，本課程將過於簡單。
本課程將幫助同學熟悉水性、學會自由式與蛙式的手腳配合技巧，並以能不間斷完成50公尺為目標。
★若欲加簽，課程前兩週請務必出席★
★上課集合地點：技擊室C ★","1. 熟悉與適應水性
2. 能不間斷完成50公尺自由式
3. 能不間斷完成50公尺蛙式
4. 培養自主練習游泳的習慣","1. 請準時於上課地點集合。
2. 上課請穿著輕便運動服，並請自備泳裝、泳帽、蛙鏡、毛巾。
3. 上課當日若有任何身體不適，請務必向老師反應，切勿勉強運動。
※課程內容得視學生學習狀況彈性調整","30%	

出席率與學習態度

(1)曠課：1次扣總分10分；曠課3次成績不及格 
(2)事假、病假(含心、生理假等)：1次扣總分3分（病假第一次不扣分）
(3)遲到、早退：1次扣總分1分；遲到30分鐘視為曠課
(4)喪假、公假：不扣分 
(5)缺課次數達6次，學期成績以X等第計；缺課5次，學期成績下降兩等第；缺課4次，學期成績下降一等第。
※本課程會實施點名
※特殊情況請務必知會老師
※請假以myNTU學生請假系統記錄為準 ""


20%	

期中測驗

期中測驗：25m四方打水


40%	

期末測驗

期末測驗：50m自由式(20%)、50m蛙式(20%)


10%	

課外長泳

課外長泳8000m

本校尚無訂定 A+ 比例上限。
本校採用等第制評定成績，學生成績評量辦法中的百分制分數區間與單科成績對照表僅供參考，授課教師可依等第定義調整分數區間。詳見 學習評量專區。",1.5小時
97040,體育室,,,,,
97041,體育室,,,,,
97053,體育室,,,,,
97054,體育室,,,,,
97062,體育室,"本課程主要是藉由羽球基本技巧的教學與簡易比賽，帶領初學者複習羽球運動。
1.基本技術：握拍、執球、熟悉球感、簡易步法、發球、正手高遠長球、平球、切球、網前小
球、挑球、撲球。
2.綜合技術：分組個人排名賽，雙打友誼賽，比賽可以增進基本技術的應用性，增加樂趣與
挑戰性。

歡迎對羽球運動有興趣者及初階學習者參加課程 ( 非初學者需多協助初學者 )。","1.認識初階羽球運動。
2.學習羽球初階基本技巧。
3.學習羽球初階基本技戰術應用單、雙打比賽練習。
4.享受打羽球運動、練習比賽、擔任裁判、啦啦隊...等樂趣與分責技巧練習。
5.交朋友。","本課程本學期將無進行公開抽籤加簽，不提供換班。視當天學生人數及場地情況自行彈加幾位，課中協商 (*114-2學期將不再公開抽學生證加簽(欲加簽同學請勿浪費時間)，保留加簽人數太多時，教師得以當天視情況決定)，選上課程者須身著運動服、室內球鞋(羽球鞋為最佳)、需自備球拍與自備1筒羽球上課必用)。教師同意加簽者當天給加簽授權碼，並請盡快於當天課程中完成登錄 (加選時請留下基本資料及確定有索取授權碼，並登記無誤)。加簽條件需有相當羽球經驗並有意願協助班級課務及餵球給初學者，亦需自備球拍與羽球，條件與前述同。已選上課程者第1次上課無故未出席(含遲到10分鐘以上)未告知緣由者視為退選(上課10分鐘後點名，無故未出席者視為退選名額，提供為當天候補名。因故無法參與第1堂課者，需事先請假，否則，視為退選。課程參與從第一周開始。敬請配合! !


請上課同學穿著運動服裝、室內球鞋(羽球鞋為最佳)、備好羽球球拍、羽球1筒(12顆)、水、毛巾...等，當天加簽的同學亦同。

一、 本體育課程上課注意事項：
1. 需填寫成績表（需照片乙張(可看出個人影像之生活照即可)，請於第一次、第二次上課帶來）。
2. 室內課程需著室內羽球鞋（或僅在室內穿著之室內運動鞋），禁止穿著高跟鞋、皮鞋或室外球鞋(請妥善處理)(綜合體育館規定)。
3. 教室內請勿飲食(綜合體育館規定)。
4. 上課請穿著吸汗棉質運動服裝、以專門服裝為佳，請勿穿著牛仔衣褲上課。
5. 請自行攜帶個人毛巾、水、保暖外套及換洗衣物。
6. 上課時(非必要時)請關手機，或轉成震動，以避免影響他人上課。
7. 本課程需要學生請保持上課場所清潔及良好學習態度(為要)。
8. 如遇缺課，請自行詢問同學當日課程訊息，以免影響自己課程順利進行。

二、基礎簡要要求*：
1.對羽球運動有興趣
2.請自備羽球拍與羽球 (1筒球)*
3.請準時上課 (可提早到場暖身為佳)
4.請穿著合適的運動服裝與室內球鞋 (羽球鞋為佳)
5.請學習態度良好 (能協助課程順利進行)
6.能與他人互助合作精神 (利他服務練習)","40%	

個人/個人技巧測驗*

*必需考試內容-

指定個人技巧測驗內容為：發球(雙打發球有效區)、高遠長球、Z字步5趟計時測驗：

1.發短球10%；發長球10%
2.高遠長球。10%
3.Z字步5趟計時。10%


30%	

個人/出席學習態度*	

*必需參與作業(每次上課皆現場點名，含早到、遲到，共14次)--

1.每次上課1-2分/總分 (包括服裝設備儀容)
2.無遲到、全勤、努力、明顯進步(初級程度)、學習態度良好(每次便可拿2分/總分)
3.同學互動、師 生互動 & 期末填寫課程學習回饋單 (視學生學習情況...)

註記：需留意缺課(含請假)請勿超過(含)5次，詳細請參考學則第四章，請假達三分之一者，該科成績以 X 等第登錄。


30%	

單雙打比賽練習：個人團體/單雙打排名賽練習*

*必需參與必賽練習-

比賽練習項目共有3項：

1.個人單打(全場)分組組內排名賽練習 (7、9、11分制 or...)
組內個人排名循環賽練習將於比賽前簡易說明...10%(2層(levels))

2.個人單打(全場)分組組間排名賽練習 (7、9、11分制 or... )：
A組(初學者) B組(有基礎或曾上過本校羽球初級課程者) /組間分組個人排名循環賽練習將於比賽前簡易說明...10%(3層(levels))課程關係需同學自己彼此互相擔任競賽組工作、球員、裁判、司線員...等服務工作。

3.團體雙打 (7、9、11分制 or... )：積極報隊參加課內團體比賽練習，含擔任競賽組工作、球員、裁判、司線員...等服務工作 指標 1.積極歡樂氛圍 2.分工合作情況 3.團體比賽成績...10%(3層(levels))


0%	

彈性加分

100分以外之(備用)6分

1.全校校園馬拉松賽、校運動會、游泳賽。 (增加全身性健康體適能力，以利羽球技巧控制與學習及比賽練習) 請檢附具體證明 (完成成績證明或一張現場比賽當下可紀念照片)，文件請存WORD檔。

2.台大盃、新生盃羽球賽、校內外各項羽球賽活動參與。(最多2項，請檢附具體證明，文件請存WORD檔)

繳交共1個檔案上傳，檔案名稱：113-2四67羽球_體育號碼_姓名。

(自己視情況彈性參與，此為非必要項目)

本校尚無訂定 A+ 比例上限。
本校採用等第制評定成績，學生成績評量辦法中的百分制分數區間與單科成績對照表僅供參考，授課教師可依等第定義調整分數區間。詳見 學習評量專區。",能自主練習為佳
97063,體育室,"本課程主要是藉由羽球基本技巧的教學與簡易比賽，帶領初學者複習羽球運動。
1.基本技術：握拍、執球、熟悉球感、簡易步法、發球、正手高遠長球、平球、切球、網前小
球、挑球、撲球。
2.綜合技術：分組個人排名賽，雙打友誼賽，比賽可以增進基本技術的應用性，增加樂趣與
挑戰性。

歡迎對羽球運動有興趣者及初階學習者參加課程 ( 非初學者需多協助初學者 )。","1.認識初階羽球運動。
2.學習羽球初階基本技巧。
3.學習羽球初階基本技戰術應用單、雙打比賽練習。
4.享受打羽球運動、練習比賽、擔任裁判、啦啦隊...等樂趣與分責技巧練習。
5.交朋友。","本課程本學期將無進行公開抽籤加簽，不提供換班。視當天學生人數及場地情況自行彈加幾位，課中協商 (*114-2學期將不再公開抽學生證加簽(欲加簽同學請勿浪費時間)，保留加簽人數太多時，教師得以當天視情況決定)，選上課程者須身著運動服、室內球鞋(羽球鞋為最佳)、需自備球拍與自備1筒羽球上課必用)。教師同意加簽者當天給加簽授權碼，並請盡快於當天課程中完成登錄 (加選時請留下基本資料及確定有索取授權碼，並登記無誤)。加簽條件需有相當羽球經驗並有意願協助班級課務及餵球給初學者，亦需自備球拍與羽球，條件與前述同。已選上課程者第1次上課無故未出席(含遲到10分鐘以上)未告知緣由者視為退選(上課10分鐘後點名，無故未出席者視為退選名額，提供為當天候補名。因故無法參與第1堂課者，需事先請假，否則，視為退選。課程參與從第一周開始。敬請配合! !


請上課同學穿著運動服裝、室內球鞋(羽球鞋為最佳)、備好羽球球拍、羽球1筒(12顆)、水、毛巾...等，當天加簽的同學亦同。

一、 本體育課程上課注意事項：
1. 需填寫成績表（需照片乙張(可看出個人影像之生活照即可)，請於第一次、第二次上課帶來）。
2. 室內課程需著室內羽球鞋（或僅在室內穿著之室內運動鞋），禁止穿著高跟鞋、皮鞋或室外球鞋(請妥善處理)(綜合體育館規定)。
3. 教室內請勿飲食(綜合體育館規定)。
4. 上課請穿著吸汗棉質運動服裝、以專門服裝為佳，請勿穿著牛仔衣褲上課。
5. 請自行攜帶個人毛巾、水、保暖外套及換洗衣物。
6. 上課時(非必要時)請關手機，或轉成震動，以避免影響他人上課。
7. 本課程需要學生請保持上課場所清潔及良好學習態度(為要)。
8. 如遇缺課，請自行詢問同學當日課程訊息，以免影響自己課程順利進行。

二、基礎簡要要求*：
1.對羽球運動有興趣
2.請自備羽球拍與羽球 (1筒球)*
3.請準時上課 (可提早到場暖身為佳)
4.請穿著合適的運動服裝與室內球鞋 (羽球鞋為佳)
5.請學習態度良好 (能協助課程順利進行)
6.能與他人互助合作精神 (利他服務練習)","40%	

個人/個人技巧測驗*

*必需考試內容-

指定個人技巧測驗內容為：發球(雙打發球有效區)、高遠長球、Z字步5趟計時測驗：

1.發短球10%；發長球10%
2.高遠長球。10%
3.Z字步5趟計時。10%


30%	

個人/出席學習態度*	

*必需參與作業(每次上課皆現場點名，含早到、遲到，共14次)--

1.每次上課1-2分/總分 (包括服裝設備儀容)
2.無遲到、全勤、努力、明顯進步(初級程度)、學習態度良好(每次便可拿2分/總分)
3.同學互動、師 生互動 & 期末填寫課程學習回饋單 (視學生學習情況...)

註記：需留意缺課(含請假)請勿超過(含)5次，詳細請參考學則第四章，請假達三分之一者，該科成績以 X 等第登錄。


30%	

單雙打比賽練習：個人團體/單雙打排名賽練習*

*必需參與必賽練習-

比賽練習項目共有3項：

1.個人單打(全場)分組組內排名賽練習 (7、9、11分制 or...)
組內個人排名循環賽練習將於比賽前簡易說明...10%(2層(levels))

2.個人單打(全場)分組組間排名賽練習 (7、9、11分制 or... )：
A組(初學者) B組(有基礎或曾上過本校羽球初級課程者) /組間分組個人排名循環賽練習將於比賽前簡易說明...10%(3層(levels))課程關係需同學自己彼此互相擔任競賽組工作、球員、裁判、司線員...等服務工作。

3.團體雙打 (7、9、11分制 or... )：積極報隊參加課內團體比賽練習，含擔任競賽組工作、球員、裁判、司線員...等服務工作 指標 1.積極歡樂氛圍 2.分工合作情況 3.團體比賽成績...10%(3層(levels))


0%	

彈性加分

100分以外之(備用)6分

1.全校校園馬拉松賽、校運動會、游泳賽。 (增加全身性健康體適能力，以利羽球技巧控制與學習及比賽練習) 請檢附具體證明 (完成成績證明或一張現場比賽當下可紀念照片)，文件請存WORD檔。

2.台大盃、新生盃羽球賽、校內外各項羽球賽活動參與。(最多2項，請檢附具體證明，文件請存WORD檔)

繳交共1個檔案上傳，檔案名稱：113-2四67羽球_體育號碼_姓名。

(自己視情況彈性參與，此為非必要項目)

本校尚無訂定 A+ 比例上限。
本校採用等第制評定成績，學生成績評量辦法中的百分制分數區間與單科成績對照表僅供參考，授課教師可依等第定義調整分數區間。詳見 學習評量專區。",能自主練習為佳
97064,體育室,,,,,
97065,體育室,,,,,
97081,體育室,,,,,
97087,體育室,,,,,
97092,體育室,增進對排球運動的認知與興趣，強化排球運動基本技術與實戰應用，促進人際互動及合作精神。,"修習完本課程，應具備：
1.正確的傳接球動作及觀念
2.有效運用發球技術與控制落點
3.可概略的說明扣球的動作
4.比賽的基本能力","1.請勿遲到早退，或經常性在旁觀看上課，本課程要求積極的課堂參與，如無法進行則請考慮退選。
2.各種誠實的請假理由均接受，請依學校規定辦理，並於課前至系統請假。
3.請著適合運動的服裝上課。
4.開學第一週上課開放加簽，人數以12人為上限，欲加簽的同學請於第一堂課攜帶學生證來上課地點抽籤，不接受代抽、轉讓、互換體育課程，第二周之後不開放加簽。研究生、體育課程已修滿之同學至多加簽2人。","40%	

技能部分

期中考：高手、低手對空擊球50顆（各10分，共20分）
期末考：高低手發球指定區域（10分）、雙人隔網擊球20下 (10分)


26%	

期末報告

期末報告含：
1. 校內外排球運動（或比賽）練習記錄（10分）
2. 學期心得與課程建議（5分）
3. 國內外排球賽觀看心得（5分）
4. 角色作業 (6分）


34%	

出席率及學習態度

※請假請上【台大myNTU/學生請假系統】線上申請！
1.出席率及學習態度：30分
(1) 曠課：1次扣總分6分；曠課達3次則成績不及格。
(2) 事假：1次扣總分2分。
(3) 病假：1次扣總分2分，生理假、心理假、防疫假依學校規定辦理，於合理範圍內不扣分，但也不計全勤。
(4) 遲到：1次扣總分0.5分，嚴重遲到扣1-1.5分，累計得加重扣分。
(5) 公假請於事後向助教申請銷假，公假須依學校規定辦理，不扣分但也不計全勤。
(6) 請假首次不扣分，但也不計全勤。
(7) 依臺大學則第35條規定， 學生平時請假達學期授課時數五分之一者，降該科學期成績一等第為原則，達四分之一者，降該科學期成績二等第為原則。一學期中某科目請假達三分之一者，該科成績以 X 等第登錄。

2.全勤且服裝合格（著牛仔褲、涼鞋等視同服裝不合格）：4分

本校尚無訂定 A+ 比例上限。
本校採用等第制評定成績，學生成績評量辦法中的百分制分數區間與單科成績對照表僅供參考，授課教師可依等第定義調整分數區間。詳見 學習評量專區。",1-2hr
97093,體育室,增進對排球運動的認知與興趣，強化排球運動基本技術與實戰應用，促進人際互動及合作精神。,"1.正確的傳接球動作及觀念
2.有效運用發球技術與控制落點
3.可概略的說明扣球的動作
4.比賽的基本能力",對排球運動有興趣者,"10%	

個人對空連續傳球

高、低手各40下，每下0.125分


10%	

雙人隔網傳球動作

傳球動作正確性與流暢性


20%	

雙人隔網連續傳球

高、低手各40下，每下0.25分


20%	

發球

2分鐘完成發球10次，目標區為1、5號位置（男生：4.5*4.5m；女生：6*4.5m），每球2分。


20%	

課程出缺席 

請假系統請假，公假、生理假、心理假不扣分。
曠課-5分，事假-3分，病假-2分，缺課(曠課、事假、病假)達三次，學期成績為F。


10%	

課堂表現


10%	

期末報告

現場觀賞/參加排球比賽報告（上傳NTUCOOL作業區，6/1，21：00截止，逾時不候）

本校尚無訂定 A+ 比例上限。
本校採用等第制評定成績，學生成績評量辦法中的百分制分數區間與單科成績對照表僅供參考，授課教師可依等第定義調整分數區間。詳見 學習評量專區。",4
97106,體育室,,,,,
97107,體育室,,,,,
97110,體育室,,,,,
97112,體育室,,,,,
97113,體育室,,,,,
97115,體育室,,,,,
97121,體育室,"棒球中級課會配合教學實踐計畫，會簽研究參與者同意書、打擊動作拍攝、個人數據收集、發表，所以同學有顧慮者，不建議選修。

待補透過本學期課程希望同學能夠認識目前國內棒球運動發展情形以及對於棒球知識、觀念和規則有更進一步的瞭解。同時，也能夠學習會棒球的基本技術、自己擁有欣賞正式棒球比賽的能力，並親身感受棒球運動的樂趣。更重要的是，棒球運動會提升自我的肌力及協調能力等，是一種非常適合健身的休閒活動。待補","1.棒球基本禮儀及規則的認識
2.學習基本動作，使學生有正確動作觀念，預防運動傷害
3.學習各種基本技術與概念
4.學習正確比賽規則
5.培養團隊精神及規律運動習慣","1.請準時到上課集合場地。
2.上課時請穿著運動服裝及運動鞋，另可自備筆記、飲水、毛巾、遮陽帽以及替換衣物。
3.踴躍參與體育活動。
4.若上課當日身體狀況不佳者，請務必於隨時告知老師，不要免強運動。
※課程內容及考試項目得視學生學習狀況彈性調整","50%	

技術測驗

打擊測驗


10%	

作業

心得報告


40%	

出席率

出席率及學習態度(至請假系統請假；除了病假與臨時急事外，須提前請假)
(1)曠課：1次總分6分；曠課3次成績不及格
(2)事假：1次總分4分；(3)病假：1次總分2分
※累計4次降一等第；5次降二等第；6次F等第
(4)遲到、服裝：1次扣總分2分

本校尚無訂定 A+ 比例上限。
本校採用等第制評定成績，學生成績評量辦法中的百分制分數區間與單科成績對照表僅供參考，授課教師可依等第定義調整分數區間。詳見 學習評量專區。",
97122,體育室,,,,,
97123,體育室,,,,,
97124,體育室,,,,,
97132,體育室,,,,,
97137,體育室,,,,,
97146,體育室,,,,,
97147,體育室,,,,,
97148,體育室,,,,,
97152,體育室,本課程介紹重量訓練之核心理論與實務操作。課程聚焦於肌肉收縮類型、肌力與肌肥大訓練原則、基礎動作力學、課表與週期化訓練，以及運動營養等關鍵知識，並透過理論與實作並行的教學方式，培養學生安全、有效且具備自主規劃能力的重量訓練能力，建立正確且可長期執行的運動習慣。,"1. 理解重量訓練中肌肉收縮類型與其實際應用方式
2. 分辨肌力訓練與肌肥大訓練之原則與差異
3. 應用基礎動作力學概念以提升動作品質與訓練安全
4. 規劃符合個人目標之基本重量訓練課表與簡易週期化安排
5. 了解運動營養之基本原則，並能應用於日常訓練中",1. 一定要穿運動服、鞋,"30%	

出席

每堂課點名，曠課1次扣3分；事病假 (每堂課多扣1分)，採漸進扣分制：第1堂扣1分、第二堂扣2分以此類推，生理假不扣。遲到第3次開始每次扣1分。


30%	

期中考


40%	

期末考

本校尚無訂定 A+ 比例上限。
本校採用等第制評定成績，學生成績評量辦法中的百分制分數區間與單科成績對照表僅供參考，授課教師可依等第定義調整分數區間。詳見 學習評量專區。",2
97153,體育室,本課程介紹重量訓練之核心理論與實務操作。課程聚焦於肌肉收縮類型、肌力與肌肥大訓練原則、基礎動作力學、課表與週期化訓練，以及運動營養等關鍵知識，並透過理論與實作並行的教學方式，培養學生安全、有效且具備自主規劃能力的重量訓練能力，建立正確且可長期執行的運動習慣。,"1. 理解重量訓練中肌肉收縮類型與其實際應用方式
2. 分辨肌力訓練與肌肥大訓練之原則與差異
3. 應用基礎動作力學概念以提升動作品質與訓練安全
4. 規劃符合個人目標之基本重量訓練課表與簡易週期化安排
5. 了解運動營養之基本原則，並能應用於日常訓練中",1. 一定要穿運動服、鞋,"30%	

出席

每堂課點名，曠課1次扣3分；事病假 (每堂課多扣1分)，採漸進扣分制：第1堂扣1分、第二堂扣2分以此類推，生理假不扣。遲到第3次開始每次扣1分。


30%	

期中考


40%	

期末考

本校尚無訂定 A+ 比例上限。
本校採用等第制評定成績，學生成績評量辦法中的百分制分數區間與單科成績對照表僅供參考，授課教師可依等第定義調整分數區間。詳見 學習評量專區。",
97164,體育室,,,,,
97187,體育室,,,,,
97188,體育室,,,,,
97189,體育室,,,,,
97020,體育室,本課程針對初學者設計，以手球基本動作為教學主軸，配合影片教學，觀摩手球比賽模式和規則，並實際運用到比賽中。,認識手球運動，學會操作個人基本動作，並在臺大盃加以運用。藉由手球運動的合作精神，加強團隊互動以建立良好的人際關係。感受手球運動的樂趣，同時透過運動促進身心健康。,無,"25%	

出席狀況 

※出席率算法：(1)曠課:1次總分6分，曠課3次以上成績不及格 (2)事、病假:1次總分2分；公、喪假不扣分 (3)請假次數不得超過學期上課1/3課程。


20%	

課堂參與度 

學習態度。


25%	

綜合運用

參加手球班盃。


30%	

學習與執行能力

本校尚無訂定 A+ 比例上限。
本校採用等第制評定成績，學生成績評量辦法中的百分制分數區間與單科成績對照表僅供參考，授課教師可依等第定義調整分數區間。詳見 學習評量專區。",0
97172,體育室,壁球運動是一種有趣又能快速達到運動效果的運動。運動者在比賽過程中不斷的在狹窄的空間來回穿梭，忽前忽後，忽左忽右，故壁球運動能在最短時間內充分達到運動效果。本課程主要對具有壁球基本能力的學生，在給於學習更高技術的機會，除了加強壁球正、反拍技術外，並藉由正、反手拍之交換，與不同角度、高度的擊球，體驗不同方式之移位，藉以體會壁球運動中牆的運用與對球的判斷，以培養敏捷性、無氧能力、肌力與速度，並使學生具有裁判與紀錄的能力。,"一、 認知方面
1. 瞭解壁球運動的簡史、規則與發展。
2. 瞭解壁球正、反手拍不同角度與不同高度的變化與比賽技術。
3. 瞭解壁球裁判與記錄法

二、技能方面
1. 學會壁球基本專項體能與動作。
2. 學會壁球比賽之能力。

三、情意方面
1. 培養對運動的興趣與欣賞技能的美感。
2.學會與他人溝通及聊天，學習群體生活及社交能力。","1.未能對牆擊球連續30次者（須在地發球線後擊球），請退選本課程。
2.壁球場為木質地板，上課請換穿平底室內鞋。
3.上課無法出席請利用學生請假系統請假。
4.上課請著運動服，褲子請穿著運動褲，勿穿牛仔褲、休閒褲。","60%	

技能測驗

1.比賽(20%)
2.雙人擊球測驗(40%)


40%	

出缺席及上課狀況

上課出席未達2/3者(公假不計缺席)，成績評為F。

本校尚無訂定 A+ 比例上限。
本校採用等第制評定成績，學生成績評量辦法中的百分制分數區間與單科成績對照表僅供參考，授課教師可依等第定義調整分數區間。詳見 學習評量專區。",
97173,體育室,本,"藉由跆拳道專項體能訓練與反覆練習，幫助提升學生身體各項能力指標與專項運動能力，並且藉由知識與經驗的傳承讓選手能夠靈活運用於比賽中，增進更好的運動表現。
課程目標
藉由跆拳道訓練了解應有禮儀及歷史
藉由跆拳道訓練鍛鍊強健體魄，達到簡易防身技能
學習跆拳道基本技術、使學生喜歡跆拳道運動
培養跆拳道攻防重點基本認知
促進身心發展及培養武道精神
爭取競賽佳績，為校爭光","參與專長訓練
參加運動競賽
協助校內體育活動","50%	

出席率

出席率與學習態度


50%	

2技能學習

(1)	課堂參與表現、進步幅度10%
(2)	期中期末測驗(期中20%、期末20%)

本校尚無訂定 A+ 比例上限。
本校採用等第制評定成績，學生成績評量辦法中的百分制分數區間與單科成績對照表僅供參考，授課教師可依等第定義調整分數區間。詳見 學習評量專區。",
13959,公共衛生學系,,,,,
35955,公共衛生學系,,,,,
52959,公共衛生學系,,,,,
31917,,"公共衛生法作為實踐公共衛生、保障民眾健康、平衡公共衛生介入手段中權利義務衝突之有效政策工具，有其重要性；同時，因公共衛生宏觀且內涵多元之特色，也使得公共衛生相關法律議題具有複雜性與前瞻性。為因應廣博且多樣之公共衛生事務法律議題，近年來公共衛生法已從傳統法律規範之副產品，逐漸發展成為一套具完整獨立理論體系之法律專業學門。

    詳言之，公共衛生法為融合公共衛生、醫療與法律之複合集體（collective），其間存在紛雜錯節之互動關係，除個別典範所應遵循之基本價值外，決策與應變間亦受關係人之態度與行為影響，而有不同對應之法律效果。因此，為使學生能充分認識公共衛生法，課程安排分為兩大單元：（1）基本理論架構介紹，包括法律基本概念、公共衛生與法律之交錯與基本意涵。（2）案例討論，藉此使同學實際了解基本法律原則在相關議題上之操作。就細部授課規劃，本課程將鳥瞰國內及國際重要之公共衛生法規，了解相關法規範之基本概念、重要內涵與實務操作，涵括公共衛生福祉、病人權利保障、醫事人員權責劃分、醫院管理運作、藥事管理、健康保險、傳染病及非傳染病（non-communicable diseases，NCDs）防制、食品安全、菸害防制、環境保護、國際健康人權之法規範等議題。其次，希望帶領同學從不同面向，分析探討科學技術進展與法律系統間之相互反饋，以瞭解社會在因應相關衝擊時，除嘗試在政治與經濟層面介入科學技術之發展外，亦積極藉由法律之演繹為基礎，反思正義（如生命之尊重）、法律安定性（如傳統之維持）、目的合理性（如生命科技之發展）之平衡與妥協，以重新建構或詮釋實定法對公共衛生之管制（regulation）或治理（governance）之指標。

Public health law has become an important policy tool to fulfill public health protection, promote citizens’ health and balance conflict between different human rights and responsibilities. However, the broad and diversified contents of public health law also made it extremely complicated. For example, theoretical and practical values of public health regulations are generally weighted unevenly nowadays and posed a serious challenge to this traditionally dichotomous value systems. The traditional view that the law only passively responds to public health crisis is not enough for modern society. To respond to the challenge, public health law has developed as an independent legal framework, rather than a by-product of contract law, tort law, or criminal law.  

Namely, instead of a pure legal framework, public health law has been regarded as a collective of different fields of expertise including public health, medicine, and law. Therefore, in addition to legal norms and policy makers’ and citizens’ attitudes and behaviors, which are the essential factors in the traditional legal framework, public health law is also deeply influenced by the complicated interactions between different expertise codes and values. 

The main purpose of this course is to lead students to explore the complex and interactive relationships among public health, medicine, and law as a collective with social implications, in the hope of covering two parts: a brief introduction to the legal framework and abstract theoretical analysis. To provide a comprehensive picture of public health law, this course is divided into two parts: (1) Introduction, focusing on introducing basic principles governing the regulation of public health affairs, and leading students to understand basic legal norms and concepts. (2) Case study, in-depth discussions of present important or controversial legal issues, so as to enable students to understand basic legal principles on related public health issues, including debates on the protection of patients’ rights, the scope of healthcare professionals’ responsibilities, the management of pharmaceutical products, health insurance, the control of communicable and non-communicable diseases, food safety, tobacco control, environmental protection, the right to health and etc.","在修習本課程後，學生能夠：

1.了解健康照護與公共衛生相關法規範之基本概念、重要內涵與實務操作。

2.獨立思考與分析公共衛生政策倫理考量。

3.以法律之演繹為基礎，反思正義、法律安定性、目的合理性之平衡與妥協，重新建構或詮釋實定法對公共衛生之管制（regulation）或治理（governance）之指標。

The goals of this course include:

1.Help students to understand legal norms and principles, contents, practices, and challenges of public health law. 

2.Help students to develop the ability to independently explore, assess, and resolve public health legal and ethical issues. 

3.Help students to understand the conflicts and the balance between healthcare justice, legal stability, and legitimacy of public health law when dealing with public health issues and policies, and eventually to be cable to rethink the normative framework of public health governance based upon legal principles and theories.","教學方式包括法規與理論講授、實務個案討論兩個部分。除指定參考書籍外，將預先發送講義及課程補充資料﹝請參考授課內容與教材﹞，由修課同學預習及於課堂中討論，並視授課需要及進度，由修課同學針對重要議題進行口頭報告或辯論。

This course is divided into two parts, introduction of basic legal principles governing public health affairs and case study. Students are required to read the designated reference papers/books and supplement reading materials sent before each class, to participate the discussion and the debate in the class, and to have class reports on assigned topics.","15%	

期中報告（Interim Report）1份

須事先閱讀課程指定資料與補充資料，並於該次授課前繳交（至少1,500字），逾期不接受。


20%	

期中考試（Midterm exam -take home）

申論題一題，字數不限，二周時間作答。


65%	

期末考試（Final exam -open book）

本校尚無訂定 A+ 比例上限。
本校採用等第制評定成績，學生成績評量辦法中的百分制分數區間與單科成績對照表僅供參考，授課教師可依等第定義調整分數區間。詳見 學習評量專區。",
17199,公共衛生學系,,,,,
53127,公共衛生學系,,,,,
52382,公共衛生學系,,,,,
44123,公共衛生學系,,,,,
38383,公共衛生學系,,,,,
39325,藥學系,,,,,
20659,藥學系,,,,,
21697,藥學系,,,,,
38920,藥學系,藥劑學實驗二配合藥劑學二課程之內容，使學生獲得實際製備劑型之操作經驗，進一步深化所學之知識，提升未來相關應用之能力。,此課程的目標是要讓學生能夠實際瞭解一些常用藥物劑型與分散系統之製備。,認真細心進行實驗、撰寫實驗報告、分組口頭報告、期末考。,"25%	

平時表現+成品


20%	

實驗報告


20%	

討論 (提問表現加分用)


20%	

期末筆試


15%	

組員互評

本校尚無訂定 A+ 比例上限。
本校採用等第制評定成績，學生成績評量辦法中的百分制分數區間與單科成績對照表僅供參考，授課教師可依等第定義調整分數區間。詳見 學習評量專區。",1小時。
10326,,"本草學是學習中草藥之基本課程，其目的是教導學習中草藥之淵源, 發展, 範圍，講述歷代之本草，如神農本草經、本草綱目、本草備要中之常見中國藥材與地方性藥材，如台灣本草藥材及辨別，依本草性能與疾病的關係效能加以分類，配合彩色中藥基源植物與藥材圖譜解說，增進學理之瞭解與實際藥材之應用。","1. 教育學生有關中藥知識
2. 中草藥學程的必修課程
3. 提供藥師從事中藥執業之基本課程",具植物及有機化學和生理相關知識,,
25793,藥學系,本課程目的為簡介公共衛生政策的基本概念、目前公衛體系的現況以及所執行的相關政策。除本院教師授課外，亦將安排衛福部各關單位之校外專家學者演講。希望透過理論與實務面的連結，能夠使藥學系學生了解臺灣公共衛生目前的發展與現況，以及藥師在公衛體系中所扮演的角色。,"1.培養同學對於公共衛生基本概念的認識。
2.了解公共衛生體系涵蓋範圍及其相關政策。
3.了解藥師/藥事服務在公共衛生體系中所(能)扮演的角色。",課程參與及討論，並準時完成作業。,"45%	

課程參與

含課程出席率 (26%)、課後問答(13%)、課堂發言(6%)。


55%	

心得報告

總共需繳交三次報告，包含兩次演講心得報告(各15%)以及一次期末報告(25%)。

本校尚無訂定 A+ 比例上限。
本校採用等第制評定成績，學生成績評量辦法中的百分制分數區間與單科成績對照表僅供參考，授課教師可依等第定義調整分數區間。詳見 學習評量專區。",1小時
54923,藥學系 / 中草藥學程,藥用植物學之總論介紹形態與分類、個論講述藥用被子植物之基源 (中名、學名、科名)、外觀特徵、使用部位及其醫藥用途等。,使學生對藥用植物之形態與分類，以及常見藥用植物之基源、外觀特徵、使用部位及其醫藥用途有所了解。,本課程修習者應先修生物學或植物學。,,
26618,,教導學生有關藥物在人體之作用、作用機轉、臨床用途及不良作用和藥物交互作用等。,教導有關藥物之基本作用機轉、副作用、臨床用途等，建構學生藥理專業知識。,待補,,
30740,藥學系,,,,,
12343,,"本課程於每學年度第二學期開課，為三學分課程。上課時間為每週四上午9:10至12:10時，是藥學系三年級同學必修課程。 

授課內容包括: 
1. 介紹藥品在体內之吸收、分佈、代謝、排除，以作為臨床投藥劑量與投藥頻率的參考，以期達到既安全又有效的治療效果。 
2. 藥動學分室模式之介紹，並在課堂上以實例讓學生練習。同時也介紹非分室模式藥動學及非線性藥動學。 
3. 探討生理因素對藥品在体內之吸收、分佈、代謝、排除之影響。 
4. 探討生物藥劑學於臨床上投藥控制之應用。",了解藥品在体內之吸收、分佈、代謝、排除，以作為臨床投藥劑量與投藥頻率的參考，以期達到既安全又有效的治療效果。,,"50%	

期中考


50%	

期末考

本校尚無訂定 A+ 比例上限。
本校採用等第制評定成績，學生成績評量辦法中的百分制分數區間與單科成績對照表僅供參考，授課教師可依等第定義調整分數區間。詳見 學習評量專區。",
58798,藥學系,"1. 增進學習者在社區藥事服務的認識，在實務操作與團體討論中有連貫漸進式的知識成長。教師從學生最缺乏的背景知識著手，結合多媒體影像教學法，建立學生統合理論知識與藥事實務的能力。
2. 藉由教師的課前指引說明，提供學生訂定漸進式的學習目標。學生在實習指導藥師的教導下，並依據實習場所的特色，完成對社區民眾或病人健康照護的相關活動。在實習結束後，學生應具備社區藥事執業的技能，並對提供社區健康促進有基本的認識。","使學生認識社區藥局事執業應有的基本概念。
1. 增進學習者在社區藥事服務的認識，在實務操作與團體討論中有連貫漸進式的知識成長。教師從學生最缺乏的背景知識著手，結合多媒體影像教學法，建立學生統合理論知識與藥事實務的能力。
2. 藉由教師的課前指引說明，提供學生訂定漸進式的學習目標。學生在實習指導藥師的教導下，並依據實習場所的特色，完成對社區民眾或病人健康照護的相關活動。在實習結束後，學生應具備社區藥事執業的技能，並對提供社區健康促進有基本的認識。",,"30%	

課程活動


10%	

課程參與度


60%	

個別書面報告

本校尚無訂定 A+ 比例上限。
本校採用等第制評定成績，學生成績評量辦法中的百分制分數區間與單科成績對照表僅供參考，授課教師可依等第定義調整分數區間。詳見 學習評量專區。",
25433,藥學系,"本課程主要介紹藥物的結構,藥物結構與作用間之關係(SAR),藥物的物性化性,代謝,治療標的及相關的作用機制.本學期以個論為主,內容包括drugs affecting CNS, cardiovascular system, and hormonal system等",待補,待補,"50%	

期中考


50%	

期末考

本校尚無訂定 A+ 比例上限。
本校採用等第制評定成績，學生成績評量辦法中的百分制分數區間與單科成績對照表僅供參考，授課教師可依等第定義調整分數區間。詳見 學習評量專區。",
55842,藥學系,"本課程將在""藥劑學- I""中的概述後，繼續介紹有關藥物分散系統的製備，並討論如何以物理化學的基本概念和理論，應用在藥劑學的層面上。課程主題主要將涵蓋分散系統的介紹，包括界面現象、親水性/疏水性膠體系統、凝膠、微脂體、噴霧劑與推進劑、藥物懸劑、乳劑和乳化劑、半固體製劑、軟膏、糊劑、與其他半固體製劑、高分子與控釋劑型等。在製備這些藥物劑型時，我們將特別著重於物理化學方面的穩定性原理，包括乳化，沉降，絮聚/絮凝，與控制分散系統穩定性的方法，同時也將討論相關流變學，牛頓和非牛頓流體的介紹、觸變性、聚合物的吸附特性、乳液體系、乳化劑的選擇、與親水親脂平衡 (HLB) 概念等，同時包括其所涉及製備藥物分散系統的基本科學原理等。",本課程的目標是在讓學生瞭解藥劑學中常用的基本藥物劑型，並特別著重在藥物分散系統，與其物理化學原理。,期中考與期末考。,"50%	

期中考


50%	

期末考

本校尚無訂定 A+ 比例上限。
本校採用等第制評定成績，學生成績評量辦法中的百分制分數區間與單科成績對照表僅供參考，授課教師可依等第定義調整分數區間。詳見 學習評量專區。",
14274,藥學系,"本課程以化學分類法,系統性的介紹廣為國際醫療界使用之天然藥物.內容包括生藥材特徵,產地,藥效成分之分析,分離,性狀,生物合成及基本藥理作用等.","使學生具備廣為國際醫療界使用之生藥之基本知識, 包括生物/化學/藥理等方面.",修習本課程學生須先具備生物/化學/生化等方面之基本知識.,,
34369,藥學系,實驗室專題研究,"希望學生透過加入實驗室，與學長姐共同學習如何執行研究題目，從基礎的實驗操作、實驗設計、實驗結果分析，到能有邏輯地與大家討論實驗成果。同時，培養以下能力與素養：
	1.	研究方法與思維建立
	•	理解並掌握科學研究的流程與邏輯，包括問題定義、假說提出、實驗規劃與數據驗證。
	•	學會使用合適的工具與技術，並能依據研究需求靈活調整。
	2.	團隊合作與溝通表達
	•	與實驗室成員密切合作，建立良好的工作默契。
	•	在實驗會議或討論中，能清楚、有條理地表達自己的觀點與研究發現，並能回應他人問題或建議。
	3.	問題解決與創新能力
	•	遇到實驗困難時，能分析問題來源，嘗試提出不同的解決策略。
	•	鼓勵從不同角度思考，培養創新的研究構想與方法。
	4.	學術倫理與專業態度
	•	理解並遵守研究倫理規範，包括數據真實性、引用來源與實驗安全。
	•	培養主動、負責與持續學習的專業態度。",,,5-10小時
43010,藥學系,"專題研究，提供學生以科學方法解決問題的機會。
在實驗室進行專題研究，與普化普生等實驗課之性質不同。課程中將由老師帶領學生從實驗室限定的範圍內找出問題，提出假說，設計實驗驗證假說，調整假說。如此反覆進行，學生將依自己的進度及時間安排完成實驗，並需於期末繳交一份報告。","1.初級目標:讓學生理解研究室生活的真貌
2.進階目標:為培養學生獨立思考、解決問題之能力","1.選課前需先與老師面談
2.定期進度報告
3.完成指導老師要求事項
4.期末報告",,
54603,藥學系,"論文實作課程
本課程涵蓋從基礎研究到臨床應用的多層次訓練，協助學生完成從文獻回顧、研究設計到實驗操作的完整學習流程。課程方向如下：
一、建立與優化脂肪幹細胞抗心肌細胞凋亡效能之研究平台
目標：探討脂肪幹細胞分泌因子對心肌細胞存活的影響。
核心技能：幹細胞培養、細胞凋亡檢測、分析細胞外囊泡（EV）特性。

二、發展幹細胞細胞外囊泡（EV）於心肌梗塞與化療藥物相關心臟衰竭之創新治療策略
目標：評估幹細胞衍生EV對因心肌梗塞（MI）或化療藥物引起的心肌細胞損傷之改善效果。
核心技能：EV分離與特性分析（NTA、Western blot、TEM）、心肌細胞存活測試（CCK-8  assay）。

三、心臟衰竭藥物流行病學研究與臨床藥效評估工具開發
目標：利用回溯性研究評估心臟衰竭治療藥物（如 SGLT2i、ARNI）對病人長期預後的影響。
核心技能：Cox 比例風險模型生存分析、臨床預測模型與視覺化工具開發。","選擇以下的研究主題進行文獻閱讀或研究設計、操作：
1、建立與優化脂肪幹細胞抗心肌細胞凋亡效能之平台
2、發展心肌梗塞或癌症藥品毒性續發心臟衰竭之幹細胞細胞外囊泡新穎治療策略
3、心臟衰竭藥物流行病學研究以開發臨床實用之藥效評估工具","基礎能力：需具備基礎生物醫學知識與閱讀英文文獻之能力，並熟悉細胞與分子生物學基本操作。
出席與參與：全程參與課程及實驗訓練，並於研究室會議發表意見與回饋。
實驗紀錄：須維護完整且即時更新之實驗紀錄本，確保數據可追溯性。
專題進度報告：需定期提交研究進度報告，包含數據分析、問題檢討及後續計畫。","10%	

參與研究室討論會


10%	

建立研究問題相關資料


20%	

閱讀相關資料，建立基本的觀念


30%	

研究報告(口頭)


30%	

撰寫心得(紙本)

本校尚無訂定 A+ 比例上限。
本校採用等第制評定成績，學生成績評量辦法中的百分制分數區間與單科成績對照表僅供參考，授課教師可依等第定義調整分數區間。詳見 學習評量專區。","課前：預計每週需 2–3 小時進行文獻閱讀、資料查找與預習實驗流程。

課後：預計每週需 4–6 小時進行數據整理、分析與撰寫實驗紀錄，並準備進度報告。

實際時數依研究進度與專題需求可能有所增加，特別是在實驗密集期或報告繳交前。"
95130,藥學系,,,,,
46390,藥學系,使學生了解社區藥師的執業範疇與其在非處方藥使用所負的責任，並能了解非處方藥的範圍及藥品管理、病人評估、藥品諮詢、轉介醫師的原則。上課方式包含演講、產品選購及角色扮演。產品選購及角色扮演每組20-30分鐘，全班分十二組，每組負責一類藥品。,學生上完此課程後，須能了解未來執業時如何正確判斷病人是否可以自行使用非處方藥或須轉介醫師處置，並能協助病人選擇正確的非處方藥。,"評估方式：期中考及期末考筆試 70%
產品選購及角色扮演 10%
產品報告書 20%
產品選購及角色扮演（一學期一次分組進行，每組20至30分鐘）
1. 學習如何選擇產品：使用非處方藥一書中各章的產品表為基礎，至各藥局瀏覽核對表格中的成份是否正確，並對這些產品依廠牌、品質、成份、含量、劑量加以調查、評估，作成書面報告，並在課堂上簡報。
2. 每一老師均會提供一個案例，請同學扮演角色中的案例，至藥局購藥，了解藥局對非處方藥處置的現況。在課堂上演出藥師實際處理狀況。
3. 依據學理，以老師提供的案例在課堂上扮演理想中的藥師，包括正確的病患之評估與諮詢、協助選擇正確的產品（說明選擇該類藥物之理由）及對民眾提供用藥教育。",,1 小時
15822,藥學系,每年從一月起至六月止，在醫院寒假每週實習十個半天，開學後每週實習七個半天。實習學生分成(A)、(B)、(C)、(D)，四大組。 實習項目包括住院調劑組 (UDD)、門診調劑組 (OPD)、無菌調劑組 (TPN)、化療調劑組 (CT)、藥品諮詢組 (DI)、藥品管理組 (IC)、兒醫調劑組 (PED)，分別於藥劑部各實習單位進行。,"學生透過此訓練過程學習：
● 應用已修習課程所獲得的知識：學習如何充份運用學校課程中所學的理論與知識，靈活地運用在醫院藥事服務中，透過醫院實習的訓練機制以培養藥學專業人才，從事與全民保健相關之藥事服務。
● 獲取與執業相關的新知：培養藥學生具備以問題為導向的學習態度，在實習期間完成各醫院藥局設定之學習目標。學習藥物資訊資料庫的查詢、評讀文獻、資料的整理與報告。
● 增加藥事執業所需技巧：讓藥學生瞭解實習醫院藥劑部各項作業流程，並且透過核心課程講授及實際操作的方式，學到如何運用專業知識於執行藥事服務中。在提供關於藥物諮詢、病人溝通、病人訪視與用藥指導的藥事服務中，學習如何以實證醫學的模式獲得最佳實證，以支持藥師作出最符合病人需求之照護決策。 
● 融合各種技巧及觀念於不同的執業環境：瞭解藥劑部各單位的作業程序，並且從實習過程，實際瞭解藥師在醫療照護體系中必須擔負的職責。演練藥師敬業負責精神，並學習如何與醫院其他部門進行業務之聯繫、協調及配合，以達成醫院交付的任務。

期望學生透過實習訓練之過程，能獨立發揮專業人員的角色，充實執業的經驗與能力。學生應認知專業能力的表現包括專業、技術部分，並以此為其學習目標。其中專業單元之訓練項目包括：1.專業技能的表現；2.有效的溝通；3.成為團隊中有效運作的成員；4.經營個人及專業的成長。技術單元之訓練項目包括：1.針對病人治療所需提供有效的服務；2.提供諮詢與指引服務。本實習以培養學生未來能成為具有七大核心能力的藥師為最終目標：
1. 以病人為中心的醫療照護 Providing Patient-centered Care
2. 醫療專業知識 Medical Knowledge
3. 以臨床工作為導向進行自我學習與改善 Practice-based Learning and Improvement
4. 人際間溝通技巧 Interpersonal and Communication skills
5. 專業素養 Professionalism
6. 團隊系統考量的臨床照護 System-based Practice/Working in Interdisciplinary Teams
7. 應用實證醫學/資訊學於臨床工作中 Employing Evidence-based Practice and Utilizing Informatics","實習之評估包括
‧專業項目：專業態度的表現、有效的溝通、成為團隊中積極的成員、經營個人及專業的成長
‧技術項目：各實習項目都有詳細評估項目
原則上由督導藥師分五面向評定之。
1. 實習表現：勤惰、專業態度、精確性等。
2. 藥學生實習須知測驗評估。
3. 實習報告。
4. 筆試成績。
5. 實務考試。
綜合各個實習單位之成績評定總成績。",,
54767,藥學研究所 / 中草藥學程 / 分子醫藥學程,,,,,
15730,藥學系,藥物治療學VII是為六年制Pharm.D.學生設計的藥物治療學8個modules之一，屬整合性課程，涵蓋病理生理、藥物治療與藥事照護。主題為各種常見化學治療與標靶治療藥物、腫瘤與血液疾病的病理生理、與藥事照護。,"上完這些課程後，學生須能了解並盡可能嫻熟：
1.常見化學治療與標靶治療藥物的藥理作用機轉、藥動學特性、使用原則與注意事項、劑量療程設計、療效與副作用監測、與療劑監測等。
2.常見腫瘤與血液疾病的病理生理、藥物治療與藥事照護。","教學方式：
演講 加 案例討論
案例討論
1.	於開課前將所有案例列冊，提供給學生，並針對每個案例學生應學習的重點，列出學生應討論的問題。
2.	學習大綱將提供每門課的參考書籍章節。
3.	案例每10-12位學生為一組，上課前需先閱讀參考書籍或指定之授課影片，並各自準備所有案例問題與學習重點。
4.	上課時，教師隨機逐題指定學生報告、請其他同學加入討論，並針對其報告給予評論，引導學生學習。

成績評核：
1. 筆試： 兩次考試共100%（每次小考所佔比例依照課程比例計算）
a.	第一次考試範圍：# 1-8,10,12
b.	第二次考試範圍：# 9,11, 14-15,17,19-22
2. 小組討論報告成績依照所佔課程比例加入成績計算",,
13588,藥學系,為六年制Pharm.D.學生設計的八個藥物治療學modules之一，涵蓋病理生理、藥物治療與藥事照護。主題包括：皮膚以及眼睛疾病課程。,"上完這些課程後，學生須能了解並學習日後如何應用於臨床實務。
1.	皮膚以及眼睛疾病病人的病理生理學。
2.	皮膚以及眼睛疾病病人的藥物治療學，包括藥物治療的選擇、劑量療程設計、療效與副作用監測與療程修正等。","案例討論：
1.	於開課前將所有案例列冊，提供給學生，並針每個案例學生應學習的重點，列出學生應討論的問題。
2.	學習大綱將提供每門課的參考書籍章節。
3.	上課前，需先閱讀參考書籍，並討論所有問題與學習重點。
4.	上課時，如時間許可，教師可以先讓學生進行組內討論；隨後逐題隨機指定學生上台報告，請其他同學加入討論，並針對其報告給予評論，協助學生學習。
5.	分組方式與報告繳交：
案例(一)：全班分為八組，每組討論1個案例。
案例(二)：全班分為三組，每組討論2個案例，評論2個案例。
案例(三)：全班分為八組，每組討論1個案例。
若為分組討論，每組同學繳交一份報告，並請於報告上註明組員分工；若不需分組討論，每位同學各自完成報告。檔案請於報告後一週上傳至NTU COOL作業區。",,1小時
44111,藥學系,"此課程為進階藥學實習（APPE）中的醫院藥學實習之一，主要是在加護病房進行臨床實習，每單位6學分。由藥師/醫師進行一對一或一對二教學指導。
藉由實習過程，培養學生具備藥師執業能力，訓練學生運用基本知識 (包括藥品物化性質、藥理、藥劑、調劑、藥動、臨床藥學及處理問題之原則)，與醫療團隊合作提供病人合理藥物治療，落實以病人為導向的藥事服務。","在完成實習後，學生應能具備下列能力：
1. 參與藥物治療時與醫師、藥師、護理師、病人及其他醫療人員溝通合作。
2. 能經由病人訪視、病歷、檢驗數據等辨認藥品相關問題，如療效、不良反應或藥品交互作用。
3. 經由臨床課程、病房教學、臨床迴診、案例報告、臨床研討會等，增加對合理藥物治療的知識，暸解如何選擇藥品及使用時機，認識治療學上的替代方案。
4. 能制定療劑監測計畫，尤其與藥動學相關者
5. 取得、評估及傳達針對個別病人或一般藥物問題之資料，提供正確藥品資訊。","基本實習事項
1. 參與病房晨會、迴診、上課及討論會。
2. 對於醫療上的任何建議，一定要經由臨床實習指導教師（preceptor）的確認。
3. 學習各病房病人常見疾病與治療。
4. 學習各病房常用藥物之用法及注意事項。
5. 建立新入院病人之用藥史，完成medication reconciliation。
6. 針對特殊藥品或毒劇藥品進行監測。
7. 依據病人之肝、腎功能調整藥品與劑量。
8. 依據病人個別狀況提出藥物治療計畫及建議。
9. 提供醫療相關資訊，包括回答藥品諮詢問題，應有效的溝通讓其他醫療人員知道，輔以書面參考資料，以協助醫療團隊對病人的照護。
10. 避免及偵測藥物交互作用，並提出改善方法。
11. 隨時報告不良反應病例，並提出處置方法。
12. 對移植病人、使用warfarin或吸入劑之病人給予用藥教育。
13. 對將出院病人做出院用藥指導。
14. 對於自己從事的任何藥事照顧應依現成記錄表加以記錄，做質與量的統計，以證明對病人用藥及醫療團隊的貢獻。
15. 完成實習單位所指定之工作。
16. 對臨床上常見的問題，構思解決的辦法，包括研究等。",,每天課前/課後各1hr
23847,藥學系,藥學研究(二),本課程主要為提供學生執行專題研究的機會，使其認識相關研究室或實驗室的研究工作，熟悉其研究原理、方法、設計、操作、技巧及應用，並藉由研究主題的實作來訓練相關的學識背景及研究技能。,"原則
1.本課程授課教師以藥學專業學院教師為主，以及有意願開課的臺大醫院藥師。
2.藥學研究教學內容可為「基礎研究」或「臨床藥學相關研究」，領域包含：
藥物研發
天然物化學及儀器分析
生物化學研究
分子生物學研究
藥物化學研究
藥物分析研究
藥劑學研究
藥物動力學研究
藥理學研究
藥物基因體學研究
藥物效果研究（包含藥物流行病學及藥物經濟學）
健康照護研究及其他臨床藥學相關研究
藥品管理、法規及政策研究
3.授課教師將根據需求來訂定學習目標、學習內容項目、學習要求、評量原則及建議研讀文獻。
4.實習規劃以3週（3學分）為1單元。依照各教師規劃之課程內容，得開設藥學研究(一)~(四)課程，每一門課程進行3週（3學分）。
5.學生欲修習本課程，須經由開課教師同意始得選修，修習時間亦需配合老師要求。選課分類為第二類「老師同意加簽選課」。
6.每年由開課教師提供教學計畫內容（包含課程概述、課程目標、課程要求、可提供教學名額及時段）作為學生選課之參考。",,
52972,藥學系,"藥學研究教學內容可為「基礎研究」或「臨床藥學相關研究」，領域包含：藥物研發、 天然物化學及儀器分析、生物化學研究、分子生物學研究、藥物化學研究、藥物分析研究、藥劑學研究、藥物動力學研究、 藥理學研究、藥物基因體學研究、藥物效果研究（包含藥物流行病學及藥物經濟學）、健康照護研究及其他臨床藥學相關研究、藥品管理、法規及政策研究。
授課教師將根據領域來訂定學習目標、學習內容項目、學習要求、評量原則及建議研讀文獻。
實習規劃以3週（3學分）為1單元。依照各教師規劃之課程內容，得開設藥學研究(一)~(六)課程，每一門課程進行3週（3學分）。",本課程主要為提供學生執行藥學研究的機會，使其認識相關研究室或實驗室的研究工作，熟悉其研究原理、方法、設計、操作、技巧及應用，並藉由研究主題的實作來訓練相關的學識背景及研究技能。,進入實驗室前應完成醫學院環安衛中心之新進人員講習，其他環安衛教育訓練課程請依指導老師規定修習。,,
29863,藥學系,"藥學研究教學內容可為「基礎研究」或「臨床藥學相關研究」，領域包含：藥物研發、 天然物化學及儀器分析、生物化學研究、分子生物學研究、藥物化學研究、藥物分析研究、藥劑學研究、藥物動力學研究、 藥理學研究、藥物基因體學研究、藥物效果研究（包含藥物流行病學及藥物經濟學）、健康照護研究及其他臨床藥學相關研究、藥品管理、法規及政策研究。
授課教師將根據領域來訂定學習目標、學習內容項目、學習要求、評量原則及建議研讀文獻。
實習規劃以3週（3學分）為1單元。依照各教師規劃之課程內容，得開設藥學研究(一)~(六)課程，每一門課程進行3週（3學分）。",本課程主要為提供學生執行藥學研究的機會，使其認識相關研究室或實驗室的研究工作，熟悉其研究原理、方法、設計、操作、技巧及應用，並藉由研究主題的實作來訓練相關的學識背景及研究技能。,進入實驗室前應完成醫學院環安衛中心之新進人員講習，其他環安衛教育訓練課程請依指導老師規定修習。,,
51478,藥學系,"藥學研究教學內容可為「基礎研究」或「臨床藥學相關研究」，領域包含：藥物研發、 天然物化學及儀器分析、生物化學研究、分子生物學研究、藥物化學研究、藥物分析研究、藥劑學研究、藥物動力學研究、 藥理學研究、藥物基因體學研究、藥物效果研究（包含藥物流行病學及藥物經濟學）、健康照護研究及其他臨床藥學相關研究、藥品管理、法規及政策研究。
授課教師將根據領域來訂定學習目標、學習內容項目、學習要求、評量原則及建議研讀文獻。
實習規劃以3週（3學分）為1單元。依照各教師規劃之課程內容，得開設藥學研究(一)~(六)課程，每一門課程進行3週（3學分）。",本課程主要為提供學生執行藥學研究的機會，使其認識相關研究室或實驗室的研究工作，熟悉其研究原理、方法、設計、操作、技巧及應用，並藉由研究主題的實作來訓練相關的學識背景及研究技能。,進入實驗室前應完成醫學院環安衛中心之新進人員講習，其他環安衛教育訓練課程請依指導老師規定修習。,,
22728,藥學系,"藥學研究教學內容可為「基礎研究」或「臨床藥學相關研究」，領域包含：藥物研發、 天然物化學及儀器分析、生物化學研究、分子生物學研究、藥物化學研究、藥物分析研究、藥劑學研究、藥物動力學研究、 藥理學研究、藥物基因體學研究、藥物效果研究（包含藥物流行病學及藥物經濟學）、健康照護研究及其他臨床藥學相關研究、藥品管理、法規及政策研究。
授課教師將根據領域來訂定學習目標、學習內容項目、學習要求、評量原則及建議研讀文獻。
實習規劃以3週（3學分）為1單元。依照各教師規劃之課程內容，得開設藥學研究(一)~(六)課程，每一門課程進行3週（3學分）。",本課程主要為提供學生執行藥學研究的機會，使其認識相關研究室或實驗室的研究工作，熟悉其研究原理、方法、設計、操作、技巧及應用，並藉由研究主題的實作來訓練相關的學識背景及研究技能。,進入實驗室前應完成醫學院環安衛中心之新進人員講習，其他環安衛教育訓練課程請依指導老師規定修習。,,
33292,藥學系,"藥學研究教學內容可為「基礎研究」或「臨床藥學相關研究」，領域包含：藥物研發、 天然物化學及儀器分析、生物化學研究、分子生物學研究、藥物化學研究、藥物分析研究、藥劑學研究、藥物動力學研究、 藥理學研究、藥物基因體學研究、藥物效果研究（包含藥物流行病學及藥物經濟學）、健康照護研究及其他臨床藥學相關研究、藥品管理、法規及政策研究。
授課教師將根據領域來訂定學習目標、學習內容項目、學習要求、評量原則及建議研讀文獻。
實習規劃以3週（3學分）為1單元。依照各教師規劃之課程內容，得開設藥學研究(一)~(六)課程，每一門課程進行3週（3學分）。",本課程主要為提供學生執行藥學研究的機會，使其認識相關研究室或實驗室的研究工作，熟悉其研究原理、方法、設計、操作、技巧及應用，並藉由研究主題的實作來訓練相關的學識背景及研究技能。,進入實驗室前應完成醫學院環安衛中心之新進人員講習，其他環安衛教育訓練課程請依指導老師規定修習。,,
50080,藥學系,"藥學研究教學內容可為「基礎研究」或「臨床藥學相關研究」，領域包含：藥物研發、 天然物化學及儀器分析、生物化學研究、分子生物學研究、藥物化學研究、藥物分析研究、藥劑學研究、藥物動力學研究、 藥理學研究、藥物基因體學研究、藥物效果研究（包含藥物流行病學及藥物經濟學）、健康照護研究及其他臨床藥學相關研究、藥品管理、法規及政策研究。
授課教師將根據領域來訂定學習目標、學習內容項目、學習要求、評量原則及建議研讀文獻。
實習規劃以3週（3學分）為1單元。依照各教師規劃之課程內容，得開設藥學研究(一)~(六)課程，每一門課程進行3週（3學分）。",本課程主要為提供學生執行藥學研究的機會，使其認識相關研究室或實驗室的研究工作，熟悉其研究原理、方法、設計、操作、技巧及應用，並藉由研究主題的實作來訓練相關的學識背景及研究技能。,進入實驗室前應完成醫學院環安衛中心之新進人員講習，其他環安衛教育訓練課程請依指導老師規定修習。,,
42846,藥學研究所,,,,,
95031,藥學研究所,,,,,
17891,藥學研究所,,,,,
51929,藥學研究所,,,,,
24577,藥學研究所,,,,,
26376,藥學研究所,,,,,
50505,藥學研究所,,,,,
27948,藥學研究所,,,,,
58159,藥學系博士班藥物科技組 / 藥學系博士班產學研發組 / 藥學系博士班分子醫藥組,,,,,
28656,藥學系博士班藥物科技組,,,,,
24345,藥學系博士班產學研發組,,,,,
42461,藥學系博士班產學研發組,,,,,
42744,藥學系博士班藥物科技組,,,,,
37457,藥學系博士班藥物科技組,,,,,
25141,藥學系博士班分子醫藥組,,,,,
21412,藥學系博士班藥物科技組,,,,,
14681,藥學系博士班藥物科技組,,,,,
53321,藥學系博士班分子醫藥組,,,,,
15441,藥學系博士班藥物科技組,,,,,
17253,藥學系博士班藥物科技組 / 藥學系博士班產學研發組 / 藥學系博士班分子醫藥組,,,,,
34563,精準健康碩士學位學程,,,,,
30833,精準健康碩士學位學程,,,,,
29358,精準健康碩士學位學程,,,,,
46021,精準健康碩士學位學程,,,,,
17119,精準健康碩士學位學程,,,,,
13462,精準健康碩士學位學程,,,,,
26033,精準健康碩士學位學程,,,,,
56451,精準健康碩士學位學程,,,,,
20649,精準健康碩士學位學程,,,,,
39643,精準健康碩士學位學程,,,,,
46982,精準健康碩士學位學程,,,,,
25016,精準健康碩士學位學程,,,,,
12268,精準健康碩士學位學程,,,,,
58942,精準健康博士學位學程,,,,,
39046,精準健康博士學位學程,,,,,
54201,精準健康博士學位學程,,,,,
40407,精準健康博士學位學程,,,,,
21054,精準健康博士學位學程,,,,,
29927,精準健康博士學位學程,,,,,
46560,精準健康博士學位學程,,,,,
44092,精準健康博士學位學程,,,,,
57996,精準健康博士學位學程,,,,,
49664,精準健康博士學位學程,,,,,
53433,精準健康博士學位學程,,,,,
30247,精準健康博士學位學程,,,,,
22289,,,,,,
33503,哲學系,,,,,
27246,哲學系,,,,,
39517,,黑格爾《精神現象學》的「序言」討論所謂「科學的認識」，認為真理的型態是「科學的系統」，並對當時「不科學」的哲學傾向提出批評；《精神現象學》的「導論」則對哲學向來把握真理的方法加以批評，另提「現象學」方法來建構其科學的系統。本課程以《精神現象學》的「序言」與「導論」為範圍，從黑格爾科學系統的真理型態入手，探討這部作品具有原創性與獨特性的方法論。,課程的近程目標在釐清黑格爾《精神現象學》的方法論，包括分辨「辯證法」與「現象學」，並且經由後者標定前者，從而把握兩者之關連；遠程目標則在更好地握黑格爾哲學。《精神現象學》是黑格爾哲學思想成熟之後首部作品；《精神現象學》的「序言」寫於《精神現象學》全書完成之後，「導論」則寫於撰寫全書之初。後者首先提出不同於黑格爾以前哲學家的方法論；《精神現象學》即以新的方法來進展黑格爾特有的哲學思路。理解《精神現象學》的「導論」，是理解黑格爾哲學進路的關鍵所在。至於「序言」，則隱藏有《精神現象學》與之後的《邏輯學》之間關聯的說明，是兩部作品關係的秘密所在。藉由「序言」，才能把握黑格爾整體的哲學。,修課學生最好已經獲得黑格爾精神現象學方法論上的學分。,"30%	

期末報告

就一學年來所讀文本有關《精神現象學》的「序言」與「導論」共89段的篇幅自行提出主題撰寫一篇報告，字數在三千字以內，不得用AI代寫


30%	

文本導讀報告與評論

每人每學期要做一次文本導讀的報告（含書面與口頭）與一次文本導讀的評論（僅口頭為之）


40%	

出席與上課表現

依據上課出缺席狀況，兼酌以上課表現

本校尚無訂定 A+ 比例上限。
本校採用等第制評定成績，學生成績評量辦法中的百分制分數區間與單科成績對照表僅供參考，授課教師可依等第定義調整分數區間。詳見 學習評量專區。",大約六小時。
24661,,規範倫理學是道德哲學的一個次研究領域，探討人們應該如何行動。道德上要求或允許什麼行動，取決於多個規範因素，例如促進好結果、不傷害、遵守承諾等，在不同情況裡可能有不同因素發揮作用。此外，規範倫理學有不同的基礎理論，它們的差別在於提出不同的規範因素清單、對各因素的道德相關性證成，以及如何解釋各因素之間的互動與關連。這門課程首先討論重要的規範因素，以及它們如何決定行為的道德性。而後將探討並分析基礎理論對規範因素提出的理據。,"1.透過研讀文獻，瞭解規範倫理學的規範因素和基礎理論，掌握其結構與內涵。
2.透過課前提問與課堂討論，提升論證分析與反思批判的能力。
3.透過撰寫學術性論文，提昇論證建構、批判與回應，以及延伸應用的學術研究能力。","1.本課程適合已具備倫理學基礎知識的碩博士生和大學部高年級學生選修。欲修課者第一週務必出席，瞭解課程性質和要求，並分配導讀和討論帶領之週次（若未出席，則不予修課）。
2.閱讀文本與提問：須於課前詳細閱讀各週指定的文本內容，掌握問題意識與理論主張，並提出自己的見解、疑問或批判。
3.課堂報告與討論：每週由一或兩人導讀該週指定文本之要點，一人帶領討論。所有學生皆須積極參與課堂討論。
4.撰寫期末報告：須針對授課內容，自選研究主題，撰寫一篇學術性論文。
5.鼓勵善用AI輔助學習，可用於翻譯和摘要文獻、潤飾文句、構思論點（須提供AI對話連結）。不可用於撰寫課前提問、導讀綱要和報告內文，應避免虛構的文獻。使用AI工具以及參考他人文字或觀點，務必正確標示引用出處。若有抄襲情事，成績以零分計算。","20%	

課前提問

課前須詳讀指定閱讀文本，而後提出(1)至少一個你認為最有說服力或印象最深刻的論點，簡要說明對該論點的理解；(2)至少一個疑問、論點評估、批判或延伸問題。課前提問須於每週二晚上22:00前，在NTU COOL課程網頁「討論區」，以發佈貼文的方式繳交（遲交會扣分）。


15%	

課堂參與

應準時出席，積極參與課堂討論，思考相關理論主張和詮釋之合理性。如果無法來上課，須事先向教師請假。


20%	

口頭導讀

每人選擇兩週主題做文本導讀。導讀者須提供綱要電子檔（每10頁文本1頁綱要），於每週二晚上22:00前，上傳至課程網頁「討論區」。
導讀綱要的內容包括：(1)要旨：核心問題意識為何？ (2)論證：有哪些重要論點？作者提出哪些理由、論據來支持這些論點？ (3)延伸思考：相關理論（參閱Suggested Readings和SEP）、值得進一步討論或應用層面的問題。


10%	

討論帶領

每人選擇兩週主題帶領問題討論。討論帶領者需於課前彙整同學們的提問，於課堂裡安排導讀和提問之順序，促進討論與意見交流。


35%	

期末報告

1.針對課程內容自選研究主題，除了指定閱讀文本，需蒐集並閱讀其他相關文獻，撰寫一篇具哲學性的學術論文。
2.第16週課前繳交論文大綱，於課堂輪流說明研究構想與初步觀點，並於6/23（週二）22:00前完成期末報告，繳交至課程網頁「作業區」（遲交會扣分）。
3.報告須以哲學學術論文的形式撰寫，務必依引註規定標明文獻出處（包括使用AI工具）。論文體例依據《國立臺灣大學哲學論評》的論文寫作格式。參閱https://ntuphr.cloud.ntu.edu.tw/web/notice/notice.jsp?cp_id=CP1687857210095&lang=tw
4.篇幅：大學生約5000字（英文3100字），碩士生約8000字（英文5000字），博士生約10,000字（英文6250字）。

本校尚無訂定 A+ 比例上限。
本校採用等第制評定成績，學生成績評量辦法中的百分制分數區間與單科成績對照表僅供參考，授課教師可依等第定義調整分數區間。詳見 學習評量專區。",6-8小時
42047,,"Ever since G. H. von Wright proposed the original idea of treating epistemic concepts, such as knowing and believing, as a kind of modal concepts in the 1950s, epistemic logic has flourished into a large family of logical systems. In particular, with the application of Kripke’s possible-worlds semantics, thanks to Jaakko Hinttikka (especially his seminal work Knowledge and Belief (1962)), numerous logical properties of related epistemic concepts can be characterized and clarified in epistemic logics. And sometimes, a well-established epistemic logic may provide a certain way of developing new philosophical views. Yet, at the moment we have already had a family of epistemic logics but the trouble is we are in no position to decide which is the correct, or the most appropriate, one insofar as a philosophical conception of knowledge/belief is concerned. Apart from this, some other misgivings remain, such as the problem of logical omniscience: The agent should know all logical consequences and all tautologies. It is thus somewhat interesting to examine the recent development of epistemic logic and to search for some treatment to deal with the problems epistemic logic may face.
    In this introductory course of epistemic logic, the construction of epistemic logic in general will be specified, including the language in use, the semantics and axiomatizations. Related topics are briefly mentioned, discussed, and dealt with. Of course, no such a course could exhaust all topics involved, let alone the depth of such an enquiry. In this course we shall only examine a variety of logical system concerning knowledge and belief and some related concepts, as shown in the contents, which are involved in the construction of logic at the elementary level, and their philosophical implications.","The main objectives of this course are:
1. To study the construction of epistemic logic in general, including the language in use, Kripke’s models and the semantics based on Kripke’s model, and some well-known axiomatizations of epistemic logic, including S5, S4, S4.2, S4.3, KB.
2. A historical survey of the development of epistemic logic and investigation into some main problems with the standard epistemic logic.
3. To study some variants of epistemic logic and their impact on related philosophical issues, such as doxastic logic, dynamic epistemic logic, information and belief revision, common knowledge and public knowledge, temporal logic, and justification logic,etc. 
4. To clarify the relationship and the interaction between epistemic logic and epistemology.
5. Some recent results.","Every week, a chapter in the text book, or an essay will be assigned. Students should hand in by email a summary (about 2-4 pages) of the weekly assigned essay. By the end of semester, a long essay (about 3000 words, i.e., 10-12 pages double space in A4 size) is required.",,
57926,哲學研究所,,,,,
16701,哲學研究所,,,,,
57556,,"Ch. 21 Electric Charge
Ch. 22 Electric Fields
Ch. 23 Gauss’ Law
Ch. 24 Electric Potential
Ch. 25 Capacitance
Ch. 26 Current and Resistance
Ch. 27 Circuits
Ch. 28 Magnetic Fields
Ch. 29 Magnetic Fields Due to Currents
Ch. 30 Induction and Inductance
Ch. 31 Electromagnetic Oscillations and Alternating Current
Ch. 32 Maxwell’s Equations; Magnetism of Matter
Ch. 33 Electromagnetic Waves
Ch. 34 Images
Ch. 35 Interference
Ch. 36 Diffraction
Ch. 37 Relativity
Ch. 38 Photons and Matter Waves","This course provides you the general physics knowledge at the university level, which will be useful for you to analyze physical problems you may encounter in the studies of Materials Engineering. The course emphasizes on conveying the physical concepts and aims to provide you the fundamental knowledge to further your studies in physics related topics in the future.

The first part of this class will focus on delivering the fundamental of Maxwell equations in solving the E&M problems. The second part of this course will focus on elaborating Maxwell equations on electromagnetic wave and light propagation. 

Part of the lecture notes will be given. To encourage discussion, part of the lecture will be delivered with onsite derivations and illustration with lecture note written on board. 

In this semester, students are encouraged to improve their physics learning using English as medium and an essay will be assigned.

In addition to the discussion in the lecture, students are encourage to make use of modern learning tools, including AI, wikipedia, references, to improve their understandings.","Assignment:  25% 
Literature review: 5%
mid-term and final exam: 70%",,You are advised to spend 3-4 hours per week to go through the lecture materials and other online relevant studies
51768,,"講授範圍涵蓋以下重要學門：電磁學、特殊相對論、量子論。
授課教師以工整的板書，逐步推導公式、講解理論，並在課堂中搭配小實
驗，以求聽講學生能漸進、紮實的認識物理學。

第一單元　電磁學：電學基礎
* 庫侖定律
* 高斯定律
* 高斯定律之應用 I
* 高斯定律之應用 II
* 靜電位能、電能與電容
* 電位函數及其應用
* 電場與能量

第二單元　電磁學：介電與導電性質
* 介電物質 I
* 介電物質 II
* 電阻與歐姆定律

第三單元　電磁學：磁學與對稱性
* 磁場
* 安培迴路定理及其應用
* 安培迴路定律與鏡面反射對稱 I
* 安培迴路定律與鏡面反射對稱 II
* 對稱性與宇稱不守恆

第四單元　電磁學：電磁感應與能量
* 法拉第電磁感應定律 I
* 法拉第電磁感應定律 II（特殊相對論之前奏）
* 法拉第感應定律
* 感應與電感（互感、自感、磁場儲存能量與能量密度）

第五單元　馬克斯威爾方程式與電磁波
* 馬克斯威爾方程式與電磁波
* 能量流與電磁場動量
* 電磁波的能量流向量、光壓、動量與角動量
* 加速電荷的電磁波輻射：Larmor 公式
* Let There Be Light

第六單元　特殊相對論
* 相對性原理
* 羅倫茲座標轉換
* 時間與距離的測量、同時性概念
* 質能關係：E = mc²
* 四維時空的概念
* 相對論的重要應用：Compton 效應、光的粒子性、De Broglie 物質波

第七單元　量子論導論
* 空腔輻射與黑體輻射能量分佈
* 普朗克公式與普朗克常數
* 光與物質的二相性（波動性與粒子性）","以重要物理思想、定律的建立和形成為主
以解決實際具體的問題為課程核心教材
必要的數學知識一併納入課程解說",,,
44457,,"This course will cover the following topics in physics: 
1. Mechanics Review of Newtonian mechanics: F=ma, spring, momentum, angular momentum, energy, conservation, diffusion, Brownian motion, membrane transport, and ultrasound. Principle of least action. Noether's theorem. 
2. Special and General Theory of Relativity Length contraction, time-dilation, anti-matter and positron emission tomography (PET). Equivalence principle. Space-time curvature. Einstein field equation. 
3. Electricity and Magnetism Classical electricity and mechanism. Defibrillator. Photodynamic therapy. Laser applications in biology and medicine. 
4. Optics and Microscopy Reflection, refraction, scattering, diffraction, Huygens-Fresnel Principle, total international reflection. Fiber optics. Structure of the eye. Bright field microscopy: applications to histology (hematoxylin and eosin/H&E imaging). Fluorescence microscopy: labelling of cellular organelles, antibody labeling, green fluorescent proteins. High throughput tissue cytometry and precision medicine. 
5. Quantum mechanics Wave-particle duality, Schrodinger equation, atomic structure. Molecular spectroscopy (absorption, emission, Raman) and applications. Spin, nuclear magnetic resonance (NMR) and magnetic resonance imaging (MRI).","This course intends to provide the students with an introduction of the basic concepts in physics. Classical mechanics, statistical physics, electromagnetism, and modern physics (including quantum physics) will be covered. Whenever appropriate, I will discuss how physical concepts are linked to the development in biology and medicine.",High school physics.,"75%	

Exams.

25% for each of the three exams.


25%	

Final exam

本校尚無訂定 A+ 比例上限。
本校採用等第制評定成績，學生成績評量辦法中的百分制分數區間與單科成績對照表僅供參考，授課教師可依等第定義調整分數區間。詳見 學習評量專區。",
30340,物理治療學系,以物理治療系之專業需求為核心而安排的普物課程。,以剛體力學為主，連體力學（彈性、流體等）為輔，佐以其他普物範圍之基本知識整理。特別強調生物力學所需的基本物理技巧。,出席（課堂有活動需參與）；準時完成線上作業及分組作業,,
46572,物理學系,這是物理系大二必修課電磁學。內容艱澀，不禁止但不建議外系學生選修。,幫助物理系大學部學生具備基本電磁學相關知識及解答相關問題之能力。以 Griffiths 課本內容為主。下學期課程包含 Sec. 7.3.4 起至全書結尾之內容。,參加期中、期末考，繳交作業。,,10 ~ 20 小時。
41654,物理學系,電磁學習題演練上,熟悉電磁學課程相關解題方法與練習,如國沒有同時修習物理系電磁學本課需要考試,,10 ~ 20 hrs
39688,物理學系,,,,,
32455,物理學研究所,,,,,
13288,物理學研究所,,,,,
95106,物理學研究所,,,,,
50802,物理學研究所,,,,,
16354,物理學研究所,"Topical research in 
&#9702; Quantum Computing and Quantum Information 
&#9702; Mesoscopic Physics and Quantum Transport 
&#9702; Theory of Open Quantum Systems 
&#9702; Nano-electromechanical Systems 
&#9702; Quantum Measurement Theory 
&#9702; Single charge and single spin detection 
&#9702; Quantum Optics","Topical research in 
&#9702; Quantum Computing and Quantum Information 
&#9702; Mesoscopic Physics and Quantum Transport 
&#9702; Theory of Open Quantum Systems 
&#9702; Nano-electromechanical Systems 
&#9702; Quantum Measurement Theory 
&#9702; Single charge and single spin detection 
&#9702; Quantum Optics",待補,,
42926,物理學研究所,,,,,
95122,物理學研究所,,,,,
95127,物理學研究所,,,,,
20073,物理學研究所,"本組致力於研究能適用於奈米系統（約含100~1,000,000個電子）的新量子理論，並應用其於開發新能源材料，如太陽能電池及儲氫材料等。","1. Kohn-Sham密度泛函理論 
Kohn-Sham Density Functional Theory (KS-DFT) 
A. 目標： 
a. 交換能密度泛函 Exchange Energy Density Functional 
b. 相關能密度泛函 Correlation Energy Density Functional 
c. 線性標度算法 Linear-Scaling Methods 
B. 方向： 
a. 自我作用誤差 Self-Interaction Error 
b. 非共價作用誤差 Noncovalent Interaction Error 
c. 靜態相關誤差 Static Correlation Error 
C. 適用系統: 
大約包含100~1,000個電子（薛丁格方程式及高精確量子理論，因計算量過大而不適用） 

2. 熱輔助佔據密度泛函理論 
Thermally-Assisted-Occupation Density Functional Theory (TAO-DFT) 
A. 密度泛函近似 Density Functional Approximations 
B. 虛擬溫度 Fictitious Temperature 
C. 基本性質 Fundamental Properties 
D. 擴展 Extensions 
E. 奈米尺度強相關電子系統 Strongly Correlated Electron Systems at the Nanoscale 

3. 無軌域密度泛函理論 
Orbital-Free Density Functional Theory 
A. 目標： 
a. 動能密度泛函 Kinetic Energy Density Functional 
b. 膺勢 Pseudopotentials 
B. 方向： 
a. 線性反應理論 Linear Response Theory 
b. 特殊動能密度泛函 KEDFs in Certain Situations 
c. 可轉移膺勢 Transferable Pseudopotentials 
C. 適用系統: 
大約包含1,000~1,000,000個電子（Kohn-Sham密度泛函理論，因計算量過大而不適用） 

4. 含時密度泛函理論 
Time-Dependent Density Functional Theory 
A. 交換相關作用量泛函 Exchange-Correlation Action Functional 
B. 激發態 Excited States 
C. 即時電子動力學 Real-Time Electron Dynamics 
D. 量子傳輸 Quantum Transport 
E. 量子流體力學 Quantum Hydrodynamics 

5. 新能源材料 
Materials for New Energy 
A. 有機太陽能電池 Organic Solar Cells 
B. 儲氫材料 Hydrogen Storage Materials",待補,,
38652,物理學研究所,,,,,
52802,物理學研究所,,,,,
46717,,,,,,
52142,,,,,,
50700,物理學研究所,,,,,
45612,物理學研究所,,,,,
22017,物理學研究所,,,,,
95105,物理學研究所,,,,,
23496,物理學研究所,,,,,
55153,物理學研究所,,,,,
95092,物理學研究所,,,,,
95140,物理學研究所,,,,,
11822,物理學研究所,,,,,
27810,物理學研究所,,,,,
16982,物理學研究所,,,,,
49239,物理學研究所,The Quantum Field Theory (QFT) course is divided into QFT I and QFT II. The aim of QFT I is to introduce fundamental concepts and principles of QFT to students at an introductory level. Renormalization (group) and other advanced topics including applications of QFT in condensed matter physics and particle physics will be covered in QFT II.,"· Second quantization and canonical quantization
· Quantum field with spin
· Perturbation theory and Feynman diagrams
· Quantum electrodynamics
· Aspects of QFT in condensed matter physics and particle physics","Electromagnetism, classical mechanics, and quantum physics at the undergraduate level","35%	

Homeworks

Penalty will apply to late submissions.


65%	

Final exam

本校尚無訂定 A+ 比例上限。
本校採用等第制評定成績，學生成績評量辦法中的百分制分數區間與單科成績對照表僅供參考，授課教師可依等第定義調整分數區間。詳見 學習評量專區。",
48270,物理學研究所,"This course provides an in-depth exploration of the fundamental principles and advanced topics in solid-state physics. It offers a comprehensive understanding of the behavior of solids through theoretical models and experimental insights, equipping students with the knowledge necessary to analyze the physical properties of various materials. Key topics covered include:

1. Crystal Structure: Examination of lattice structures, symmetry, and the basis for understanding material organization at the atomic scale.
2. One-Electron Approximation and Band Theory: Introduction to the electronic structure of solids, energy bands, and their implications for electrical and optical properties.
3. Application of Group Theory in Solids: Utilization of symmetry principles to simplify the analysis of electronic and vibrational properties in crystalline systems.
4. Second Quantization and Electron Gas: Advanced formulation of quantum mechanics applied to many-body systems and the physics of free electron gases.
5. Optical and Transport Properties in Metals: Study of conductivity, reflectivity, and other phenomena related to the interaction of metals with light and electrons.
6. Optical Properties in Insulators: Analysis of light-matter interactions in insulating materials, including absorption and luminescence.
7. Lattice Vibrations and Phonons: Exploration of vibrational modes in solids, their quantization, and the role of phonons in thermal and electronic properties.
8. Magnetism: Investigation of magnetic phenomena, including ferromagnetism, antiferromagnetism, and the quantum theory of magnetism.
9. Semiconductors: Comprehensive study of intrinsic and extrinsic semiconductors, carrier dynamics, and their technological applications.","By the end of the course, students will gain a robust theoretical foundation and analytical skills for understanding and predicting the physical behavior of various solid-state systems, laying the groundwork for advanced research or practical applications in material science, nanotechnology, and related fields.","Quantum Mechanics, Statistical Physics","40%	

Homework


20%	

Midterm


20%	

Final


20%	

Paper

本校尚無訂定 A+ 比例上限。
本校採用等第制評定成績，學生成績評量辦法中的百分制分數區間與單科成績對照表僅供參考，授課教師可依等第定義調整分數區間。詳見 學習評量專區。",20
13537,物理學研究所,,,,,
25144,物理學研究所,"Each week, we will invite two to three facutly members to introduce their research.   Students have to attend the class and ask questions.

This semester, all 1st year students have to give an oral presentation.","Each week, we will invite two to three facutly members to introduce their research.   Students have to attend the class and ask questions.

This semester, all 1st year students have to give an oral presentation.",待補,,
48176,物理學研究所,,,,,
17958,,,,,,
49074,,,,,,
15555,物理學研究所,微波基礎理論及實用,"理論,實用","課堂講解, 著重物理觀念. 為了使這種教學方式發揮最大效果, 請同學上課時務必細聽解說, 並記下心得 (心得如不記下一再複習, 很快就忘記). 讀講義及輔助教材時, 務必依照其上指引, 參閱Jackson及Collin 二書.待補",,5 hours
25632,物理學研究所 / 分子科學與技術國際研究生博士學位學程,,,,,
45721,物理學研究所 / 量子計算與資訊學程,"Quantum computing is an entirely new paradigm of computation. It leverages fundamental properties of quantum mechanics to process data, offering significant speedups across a variety of problems. Progress for this technology over the last few years has been rapid. This course, “Quantum Computing Experiment and Implementation,” combines both the laboratory and practical implementation components for quantum computing. It will introduce the physical systems of some quantum computing devices and discuss how they are operated. This course will enable students to measure key physical properties and implement simple quantum algorithms on quantum computing devices.","The course is a critical element for students to learn and understand both hardware and software components of quantum computing. Students in this course not only learn the theory but also perform experiments on real quantum computing machines. Students will gain hands-on experience in operating
(a) 2-qubit quantum computing device based on nitrogen-vacancy (NV) centers in diamond (like PC’s)
(b) 2-qubit quantum computing device based on Nuclear Magnetic Resonance (NMR) (like PC’s)
(c) IBM-Quantum multi-qubit quantum computers based on superconducting Josephson junction devices (remote access, like operating a mainframe computer)","The recommended prerequisite course for this course is ""Introduction to Quantum Computation and Information"" (offered in the Spring semester) because some content and quantum algorithms that had been taught in the Introductory course will not be repeated in the ""Quantum Computing Experiment and Implementation"" course, and students will be directly engaged in conducting the experiments and implementations.",,
35985,物理學研究所 / 永續化學科技國際研究生博士學位學程 / 分子科學與技術國際研究生博士學位學程,"In this course, students will learn the fundamental properties, synthesis methods and applications of various advanced materials, ranging from semiconductors, to quantum matters and low-dimensional nano-materials.
Start from Si technology, you will learn the thermodynamics and kinetics of bulk and thin film growth processes. Especially, the principles and development of the specific process and factors that control the material quality will be taught. In addition, some important issues like contact problem, doping and dielectric layer would be discussed. Besides Si, the second and third generation semiconductors, such as GaAs and GaN, would be introduced. Breakthroughs in synthesis of these materials have enabled or enhanced their unique properties, which can change our daily life.
After introducing the semiconductor properties and applications, we will take a step forward to a variety of materials, including ferroelectrics, oxide-based superconductor, spintronics materials, followed by energy materials such as thermoelectrics, batteries, perovskites, polymers and metal organic framework (MOF). Low-dimensional materials from 0D, 1D to 2D will be taught in the end of the course.

The course is held in Room212, 2F, CCMS(physics department building)","This multidisciplinary course will provide the knowledge of the physics and materials science of different advanced materials. Moreover, the course provides a comprehensive overview of a variety of growth methods, ranging from solution-based process, solid state synthesis, ball milling, to vapor phase deposition techniques such as sputtering, CVD, MOCVD, and MBE. 
The ultimate course objective is to enhance the critical and innovative thinking of students by in depth understanding the relationship between the growth/morphology/structure of the materials and the fundamental properties, which holds the key for realizing practical applications of these advanced materials and devices.",General physics and General chemistry,"15%	

Midterm Essay


15%	

Midterm Oral Presentation


15%	

Engagement in Class

(e.g., asking questions, etc.)


55%	

Final Exam

本校尚無訂定 A+ 比例上限。
本校採用等第制評定成績，學生成績評量辦法中的百分制分數區間與單科成績對照表僅供參考，授課教師可依等第定義調整分數區間。詳見 學習評量專區。",
44000,物理學研究所 / 量子計算與資訊學程,"This course will mainly focus on potential quantum computing algorithms and applications for noisy intermediate-scale quantum (NISQ) machines. After decades of efforts to build practical quantum computers, we are now in the so-called NISQ era without quantum error correction. It may still be a long way to go to realize a fully-functional error-corrected quantum computer. Thus, it is important to find quantum algorithms that achieve significant advantages or speedups for important problems of substantial size that are already hard for classical computation, yet can be implemented using NISQ devices with imperfect gates. In this course, we will introduce hybrid quantum-classical variational algorithms that leverage the strengths of both quantum and classical computation. In particular, we will investigate potential applications of these algorithms in quantum machine learning, quantum computational chemistry, and quantum optimization.","Equip students with the skills and abilities to understand and implement hybrid quantum-classical algorithms for potential quantum computing applications in quantum computational chemistry, quantum machine learning, and quantum optimization.",,"70%	

Homework


30%	

Project & Report

本校尚無訂定 A+ 比例上限。
本校採用等第制評定成績，學生成績評量辦法中的百分制分數區間與單科成績對照表僅供參考，授課教師可依等第定義調整分數區間。詳見 學習評量專區。",
46343,物理學研究所,"Learn the modern use of effective field theory (EFT) and its applications in particle physics, gravitational waves, and condensed matter theory. The concepts and applications will be introduced using the lens of scattering amplitudes.","1. understand the basic concepts of effective field theory
2. able to construct an effective field theory and determine the couplings from the full theory
3. apply scattering amplitudes to the construction of EFT
4. learn the formulations of popular EFTs and their applications to physics",At least one semester of quantum field theory and general relativity.,"10%	

In-class exercise sessions

Starting from week 2, the class will be divided into a 1.5 hour lecture and a 1 hour exercise session led by two students. (The problems will be posted a week before.)


40%	

In-class midterm

The midterm will be based on the exercise sessions


50%	

final presentation

Oral final presentation on a topic selected by the student

本校尚無訂定 A+ 比例上限。
本校採用等第制評定成績，學生成績評量辦法中的百分制分數區間與單科成績對照表僅供參考，授課教師可依等第定義調整分數區間。詳見 學習評量專區。",8 hours after the class
32199,物理學研究所,Modern applications and mathematical formulations of general relativity. The course aims for an advanced level to bridge the gap between research and textbook material,"1. Able to use the basic concepts of GR
2. understand the mathematical formulations of black holes and spherical stars
3. can apply physics in the curved background (flat/de Sitter/anti-de Sitter)
4. able to calculate the physics of (linearized) gravitational waves
5. able to formulate the cosmological perturbation theory",General Relativity,"10%	

In-class exercise session

Starting from lecture 2, the class will be divided into 1.5 hour lecture and a 1 hour exercise session led by students.


40%	

In-class midterm

The midterm will be mostly based on the problems in the exercise sessions.


50%	

Oral final presentation

The students will elect topics of their own choice and give a 30-min presentation on the black board.

本校尚無訂定 A+ 比例上限。
本校採用等第制評定成績，學生成績評量辦法中的百分制分數區間與單科成績對照表僅供參考，授課教師可依等第定義調整分數區間。詳見 學習評量專區。",8 hours after class
45227,物理學研究所 / 分子科學與技術國際研究生博士學位學程,,,,,
29794,物理學研究所 / 分子科學與技術國際研究生博士學位學程,"This graduate course introduces modern machine learning for advanced nanotechnology, including nanomaterials and nanobiotechnology, designed for STEM students without an EE/CS background. The course will build core intuition for neural networks, convolutional models, Transformers, and generative approaches (GANs, diffusion), and then pivot to applications in materials simulation (graph neural networks and machine?learned interatomic potentials), materials discovery, and the principles behind autonomous, closed?loop experimentation. Guest mini?modules covering biomedical imaging modeling and data?driven drug discovery will be included. Emphasis is on concepts, seminal papers, and scientific decision?making rather than coding.","By the end of the course, students will be able to interpret and critique foundational ML papers; explain when and why to use CNNs, Transformers, and generative models; frame materials property prediction and inverse?design problems; reason about accuracy, data efficiency, uncertainty, and constraints in scientific workflows; and outline the architecture of a self?driving laboratory. Students will also gain a high?level understanding of biomedical imaging pipelines and molecular modeling workflows and how these connect to materials discovery.","Prerequisites: undergraduate?level calculus, linear algebra, and probability/statistics; a STEM background. Prior programming experience is helpful but not required; minimal familiarity with Python is recommended",,
14840,物理學研究所,,,,,
42521,生理學研究所,"1. 內皮細胞之生理基本知識
2. 發炎反應對內皮細胞生理功能之影響
3. 內皮細胞中發炎反應相關之調控機轉",學習內皮細胞與發炎反應之關係及調控機轉。,學生須熟練有關內皮細胞之生理功能及在炎症反應時之調控機轉。,,
22245,生理學研究所 / 神經生物與認知科學學程,"課程簡介：了解離子通道之門閥開關以及離子通透的機制,並了解離子通道對細胞電生理性質之重要影響
1.Basic electricity and membrane potential
2.Voltage-gated ion channels
3.Ion permeation through ion channels
4.Molecular structure of ion channels
5.Ligand-gated ion channels
6.Modulation of ion channels and cellular discharges",,,,
58908,生理學研究所 / 分子醫學學分學程,"這是一門專為生醫研究新秀打造的「解密特訓班」。在基因體數據爆發的今天，看不懂基因體工具，研究之路就像出門沒帶地圖。

剛進實驗室的你，翻開《Nature》或《Science》等頂尖期刊，是否常被滿屏的 NGS、SNP 或表觀遺傳圖表搞得頭大，最後乾脆跳過方法直奔結果？面對自己的研究題目，是否也擔心選錯技術，白白浪費了寶貴的檢體與經費？

這門課不要求你背誦枯燥原理，而是要教你一套「研究生存工具箱」。我們將艱澀的基因體技術轉化為直覺易懂的邏輯，帶你拆解那些嚇人的高科技，讓你一眼看穿高分論文的實驗套路。

課程分為兩大階段：前 8 週扎穩工具基礎，帶你認識「武器」特性；後 8 週聚焦實戰策略，教你如何挑選最適合的工具來回答研究假說。

讓本課程帶領你跨越技術門檻，從底層邏輯理解各項基因體工具，教你如何像頂尖研究者一樣思考，將複雜的數據轉化為具備說服力的論文架構。",本課程主旨在透過課程講解，討論及期刊論文的研讀，使同學瞭解基因體技術在生物學上的應用及最新發展趨勢。,不遲到早退，積極參與課堂間的討論，正確繳交作業。,"40%	

作業

體學資料分析拆解練習，強化理解力。


30%	

出席狀況

鼓勵課堂參與，建立學術交流習慣。


30%	

口頭報告

主題文獻選讀與評論，鍛鍊邏輯整合與專業表達。

本校尚無訂定 A+ 比例上限。
本校採用等第制評定成績，學生成績評量辦法中的百分制分數區間與單科成績對照表僅供參考，授課教師可依等第定義調整分數區間。詳見 學習評量專區。",2小時
28748,生理學研究所,"THIS COURSE IS INTENDED FOR FURTHER IN-DEPTH STUDY OF THE GASTROINTESTINAL PHYSIOLOGY.  GRADUATE STUDENTS IN MEDICAL-RELATED STUDIES ARE ENCOURAGED TO TAKE THE COURSE.  THE COURSE IS OFFERED AS TWO CREDITS PER SCHOOL TERM. THE PHYSIOLOGY OF GASTROINTESTINAL TRACT INCLUDES MOTILITY, DIGESTION, ABSORPTION, SECRETION AND BARRIER FUNCTIONS. THE GASTROINTESTINAL TRACT PLAYS DOUBLE ROLES, SERVING AS THE FIRST LINE FOR NUTRIENT UPTAKE AND DEFENSE SYSTEM AGAINST MICROBIAL PATHOGENS. RECENT SCIENTIFIC STUDIES SUGGEST STRONG INTERACTION AMONG ENTERIC NERVOUS SYSTEM, IMMUNE SYSTEM AND THE GASTROINTESTINAL MUCOSA. THIS COURSE WILL BE IN THE FORMAT OF CRITICAL DISCUSSION OF SCIENTIFIC PAPERS IN THE FIELD OF GASTROINTESTINAL PHYSIOLOGY.","OUTLINES:
1. INTRODUCTION OF GASTROINTESTINAL ANATOMY AND HISTOLOGY	

MOTILITY:
2. DIGESTIVE TRACT MOTILITY
3. CONTROL OF MOTILITY: ENTERIC NERVOUS SYSTEM

SECRETION FUNCTION:
4. MALABSORPTIVE DIARRHEA
5. SECRETIVE DIARRHEA

DIGESTION:
6. PANCREATIC ENZYME ACTIVATION
7. EPITHELIAL ENZYME REGULATION

ABSORPTION:
8. GLUCOSE TRANSPORTERS
9. ION TRANSPORTERS

BARRIER FUNCTION:
10. PHYSICAL BARRIER FUNCTION: EPITHELIAL TIGHT JUNCTION
11. CHANGES IN EPITHELIAL PERMEABILITY 
12. CHEMICAL BARRIER FUNCTION: DEFENSIN AND CATHELICIDIN

EPITHELIAL CELL PROLIFERATION AND APOPTOSIS
13. CRYPT HYPERPLASIA
14. EPITHELIAL CELL APOPTOSIS AND SLOUGH OFF

INTERACTION BETWEEN IMMUNE SYSTEM, NERVOUS SYSTEM AND EPITHELIAL MUCOSA: 
15. MAST CELLS AND EPITHELIAL ION TRANSPORT
16. INTRAEPITHELIAL LYMPHOCYTES
17. ENTERIC NERVOUS TRANSMITTERS AND EFFECT ON EPITHELIAL FUNCTIONS","STUDENTS WILL BE GRADED BY PARTICIPATION IN CLASS (10 %), REPORTS (30 %), AND PRESENTATIONS (60 %).",,
27867,生理學研究所,"The lectures and seminars will focus on recent research (within 5 years) in the field of kidney, dialysis, and hypertension.  Students will be assigned relevant paper according to the topics listed below for discussion.
1. Chronic kidney disease, 2. Acute kidney injury, 3. Glomerular disease, 4. Tubular disorders, 5. Hereditary and congenital kidney diseases, 6. Hemodialysis and peritoneal dialysis, 7. Hypertension, 8. Kidney disease-related complications",本課程將以演講授課、論文研讀與報告、及團體討論方式進行。課程範圍包括最近在高品質的期刊發表的關於腎臟、透析、與高血壓的文獻。演講、報告、與討論的內容希望涉及相關疾病與併發症的病理、病態生理、分子機制以及治療等等。希望透過這門課程能讓學生對於與腎臟、透析、及高血壓相關的最新研究有一個概略的認識，並能激發對於臨床上尚未解決課題的研究動機與方法。,Graduate students in medicine and biology-related studies.,"50%	

課堂表現

參與課程與討論之表現


50%	

書面報告

經由了解授課老師或其他研究者最近在期刊發表的論文，透過簡短的回顧，並提出自己的看法與可能的解決方法 (1000字以內，不包含引用論文)。

本校尚無訂定 A+ 比例上限。
本校採用等第制評定成績，學生成績評量辦法中的百分制分數區間與單科成績對照表僅供參考，授課教師可依等第定義調整分數區間。詳見 學習評量專區。",
33262,生理學研究所,,,,,
11966,生理學研究所,,,,,
54032,生理學研究所,,,,,
14065,植物科學研究所,,,,,
30784,植物科學研究所,,,,,
43456,植物科學研究所,,,,,
19383,植物科學研究所,,,,,
45412,植物科學研究所,,,,,
44735,植物科學研究所,,,,,
44901,植物科學研究所,,,,,
22266,植物科學研究所,,,,,
37338,植物科學研究所,,,,,
25448,植物科學研究所,,,,,
44785,植物科學研究所,,,,,
38263,植物科學研究所,,,,,
57321,植物科學研究所,,,,,
57464,植物科學研究所,,,,,
59660,植物科學研究所,,,,,
50954,植物科學研究所,,,,,
44737,植物科學研究所,,,,,
37647,植物科學研究所,,,,,
44889,植物科學研究所 / 植物生物科技產學研發博士學位學程,,,,,
59515,植物科學研究所,,,,,
38086,植物科學研究所 / 植物生物科技產學研發博士學位學程,,,,,
45937,植物科學研究所,,,,,
51642,植物科學研究所,,,,,
13668,植物生物科技產學研發博士學位學程 / 植物科學研究所,,,,,
52609,植物科學研究所,,,,,
29189,植物科學研究所,,,,,
51054,植物科學研究所 / 植物生物科技產學研發博士學位學程,,,,,
40363,事業經營碩士在職學位學程,,,,,
59580,事業經營碩士在職學位學程,,,,,
44838,生物科技管理碩士在職學位學程,,,,,
33364,生物科技管理碩士在職學位學程,,,,,
95070,生物科技管理碩士在職學位學程,"隨著醫療科技、再生醫學、藥物輸送與醫材產業的快速發展，生醫材料已成為創新醫療產品與新型治療模式的核心。然而，生醫材料的研究與開發牽涉多種性質測試、生物反應分析、臨床前試驗、認證報告以及市場數據。如何正確解讀這些數據、辨識實驗設計的限制、評估其可信度，並將科學結果轉化為研發策略與管理決策，已成為生醫與醫材產業的重要能力。
本課程結合生醫材料科學、數據分析與管理決策三大面向，帶領學生理解生醫材料研究中常見的數據來源，包括材料性質、生物效應、藥物釋放與藥代動力學、醫材認證數據、CRO 技術文件、臨床研究數據與市場報告。課程將從統計思維、數據視覺化、科學敘事、跨部門溝通與商業化分析等角度切入，使學生能夠從多面向批判性判讀資訊。
透過案例分析、數據拆解、小組討論與實際演練，本課程協助學生培養跨領域溝通能力，並學會在面對 R&D 部門、CRO 報告、學術論文或臨床與市場資料時，能夠做出正確判斷，進而支持產品開發、策略規劃與管理決策。即使沒有理工背景，學生亦可透過課程架構掌握生醫材料的數據語言，提升在生醫產業中的分析力與競爭力。","1.	建立生醫材料數據的全貌與判讀框架，學生可以理解材料性質、生物反應、藥物釋放、認證與臨床數據的核心概念與應用場景。
2.	培養統計與實驗設計的批判性思維，學生應能判斷實驗設計是否合理、資料品質是否足夠、統計是否被誤用或錯用。
3.	能將複雜數據轉化為跨部門可理解的資訊
4.	培養科學敘事與數據視覺化能力，使用數據說故事，將材料或產品的價值清楚呈現。",,,6
95071,生物科技管理碩士在職學位學程,"隨著全球醫療科技的快速進展與人口結構的持續轉變，生醫材料已逐漸從基礎科學研究走向臨床導入與產業應用的新階段。高齡化、慢性疾病增加、再生醫學需求擴大，以及微創醫療與居家照護的興起，使得能夠兼具生物相容性、安全性與功能性的有機生醫材料，在醫療場域中扮演愈加關鍵的角色。同時，新興技術如 3D 列印、生醫影像導引、智慧醫材、奈米科技與藥物遞送平台的整合，也加速推動有機材料從傳統敷料與補片，進化至具反應性、可調控、可再生的智慧型應用。
本課程旨在系統性介紹有機生醫材料的核心概念、設計理念與臨床應用。內容涵蓋天然與合成材料，如膠原蛋白、透明質酸、明膠、PLA、PLGA 等，並延伸至其微觀結構、機械性質、降解行為、生物相容性與免疫反應等重要特性。同時，課程也將探討材料在皮膚、軟組織、骨骼、神經、眼科等不同臨床情境中的使用案例，包含組織再生工程、藥物與生長因子釋放、智慧傷口敷料、黏附性材料與功能性醫材之開發。
此外，面對法規標準、商品化策略與臨床需求的迅速變化，如何在材料科學與醫療管理、設計思維、使用者需求與臨床流程之間取得平衡，也成為生醫材料發展中不可或缺的課題。因此，本課程強調跨域整合思維，從科學、工程、醫療與產業角度全面理解材料選擇與產品設計的邏輯。課程中將透過文獻導讀、實際案例分析、小組討論與報告，引導學生掌握如何將材料特性與臨床挑戰相互對應，並洞察未來智慧醫材與再生醫學的發展趨勢。本課程適合對生醫產品開發有興趣之學員，即使非材料背景亦能從課程架構中獲得知識基礎與跨域整合能力。","1. 了解有機生醫材料的基本性質、分類及設計原則。
2. 探討其在組織修復、藥物遞送及臨床醫材上的實際應用。
3. 培養跨領域分析與解讀生醫材料文獻的能力。
4. 強化學生進行材料評估、臨床需求對接與產品策略規劃的素養。
5. 透過小組報告與期末展示，訓練團隊合作與科技溝通能力。",,,
23442,事業經營法務碩士在職學位學程,,,,,
54217,事業經營法務碩士在職學位學程,,,,,
46704,事業經營法務碩士在職學位學程,,,,,
27840,植物病理與微生物學系,,,,,
29514,植物病理與微生物學系,,,,,
52379,植物病理與微生物學系,,,,,
43434,植物病理與微生物學系,,,,,
28783,植物病理與微生物學系,,,,,
24358,植物病理與微生物學系,,,,,
53398,植物病理與微生物學系,,,,,
54178,植物病理與微生物學系,,,,,
14369,植物病理與微生物學系,,,,,
20178,植物病理與微生物學系,,,,,
44583,植物病理與微生物學系,,,,,
17932,植物病理與微生物學系 / 植物病理與微生物學研究所,,,,,
41363,植物病理與微生物學研究所,,,,,
33232,植物病理與微生物學研究所,,,,,
37638,植物病理與微生物學研究所,,,,,
55463,植物病理與微生物學研究所,,,,,
36994,植物病理與微生物學研究所,,,,,
27828,植物病理與微生物學研究所,,,,,
48096,植物病理與微生物學研究所,,,,,
15884,植物病理與微生物學研究所,,,,,
13109,植物病理與微生物學研究所,,,,,
49637,植物病理與微生物學研究所,,,,,
47187,生命教育學分學程,"本課程為生命教育學程與教育部臺大USR計畫「超高齡社會幸福學」合作課程。
由全班分組探究並企劃有生命教育意涵之跨領域行動專案，團隊探究與企劃執行過程中體悟生命教育本質內容，學習與高齡者互動及服務，並能反思與整合，發揮社會影響力。
修習本課程同學將依所提出之行動方案內容與時間規劃，實際至相關機構實習。實習時間待與機構和老師商議而定。

修課動機單：https://forms.gle/sDwkZcw5LmbQpbrM8
截止時間：2/2 (一) 23:59
課堂第一週發放授權碼。","1. 探究企劃：學習探究企劃，用於生活世界的探究與改善。
2. 團隊合作：透過團隊合作與自主行動學習，創造正向之社會影響力。
3. 反思整合：從實作經驗中學習反思與整合。
4. 服務領導：學習溝通同理，了解自己的領導風格並學習服務領導。","1. 準時出席課堂，若因故無法出席，請務必事先請假，或上課時間之前以EMAIL通知授課老師和助教。（助教信箱：lucywu@lec.ntu.edu.tw，若要請假請寄信給助教。）
2. 積極參與課程小組，並完成分配任務。
3. 於實習場域，能接受督導之指導，完成與服務對象之互動。
4. 完成課程作業要求。","30%	

個人作業

*個人作業1 (10%)：訪問一位65歲以上的長輩，了解他對「超高齡幸福學」的想法和挑戰等，可透過聆聽其人生經歷、生命中重要人事物、生命期望、給年輕人的建議等。繳交日期3/22。 
*個人作業2 (20%)：撰寫「指定閱讀」閱讀心得與學期學習心得，篇幅為三頁。


30%	

小組作業

小組口頭及書面期末報告，格式另訂


30%	

課程參與

課程出缺席與參與


10%	

組內互評

組內互評


0%	

額外加分

0-5%，對班級、小組或專案的貢獻

本校尚無訂定 A+ 比例上限。
本校採用等第制評定成績，學生成績評量辦法中的百分制分數區間與單科成績對照表僅供參考，授課教師可依等第定義調整分數區間。詳見 學習評量專區。",
57490,國際三校農業生技與健康醫療碩士學位學程 / 生物技術學程 / 植物病理與微生物學研究所 / 植物病理與微生物學系,,,,,
36749,,"#若打算加選或是旁聽本課程的同學，麻煩請於第一週到課，我們當天會開放填寫授權碼表單。原則是坐得下全簽。

在當前快速變遷的工作世界中，生成式人工智慧（GenAI）最深遠的影響，將體現在其如何被應用來重新構想與設計整個組織架構。這一深層次的變革預期將以去中心化與分散式的方式展開，由遍佈經濟各個角落的「創新者」與「創業家」共同推動。在這個前所未有的時代，創新與創業的能力顯得比以往任何時候都更加關鍵。

本課程旨在協助學生全面理解 GenAI 時代中所蘊含的創新與創業機遇，並掌握應對未知挑戰所必需的思維轉型。課程前半段將從探討 GenAI 在創新創業領域所帶來的挑戰切入，特別關注這項劃時代的通用技術所引發的顛覆性影響與不確定性，並系統性地討論相應的應對策略。當學生初步認識到 GenAI 時代的創新與創業藍圖後，自然會對未來產業中的創新趨勢與機遇產生疑問：在 GenAI 驅動的變革浪潮中，我們該如何抓住新興的發展契機？

未來的科技與產業發展將以「提供以人為本的前瞻性問題解決方案」為核心。過去，傳統產業或學科僅被視為構成解決方案的技術元件；而未來，跨領域的創新以及應對未知的能力將成為競爭力的重要指標。

這裡所謂的「未知」包含兩個層面：一方面，GenAI 的發展充滿不確定性；另一方面，人類能夠超越 GenAI 的關鍵在於我們應對未知挑戰的能力。創業家必須運用逆向思維來探索全新的需求與機遇，並藉由跨領域創新能力，打造真正具有顛覆性的商業模式。基於此，下半學期的課程將以跨領域創新為主軸，全面介紹涵蓋網際安全、大數據、人工智慧、物聯網、生物科技、醫療器材、APP 及元宇宙等領域的新創動態。

【講師】王崇智博士 (Gary Wang)
【經歷】
- 全球知名百大企業3Com總裁
- 矽谷臺灣天使群 (SVT Angels)主席團成員
- 美西及全球玉山科技協會會長
- 現任臺大創創學程教授
- 現任國家級加速器 TAcc+ 創辦人暨 CEO
- 現任銳企股份有限公司 CEO","這門課程是 「GenAI 世代領導者」的創新創業入門，專為希望在 GenAI 時代脫穎而出的未來領袖而設計。在 GenAI 驅動的快速變革中，跨領域創新與應對未知的能力是成為卓越領導者不可或缺的素養。本課程將幫助你掌握這些核心能力，並提供扎實的理論與實踐支持。
透過這門課程，你將能夠：

1. 掌握關鍵洞察力：深入理解 GenAI 的深遠影響，清晰辨識 GenAI 時代的核心問題與機會，並始終站在科技與產業變革的最前沿。
2. 培養創業思維：透過經驗分享、個案分析、實作訓練等方式，鍛鍊你的創新思維與問題解決能力，培養開創新事業的基礎。
3. 掌握跨領域趨勢：在課程後半段，你將深入探索大數據、人工智慧、物聯網、網路安全、生物科技、醫療器材、APP 等領域的最新發展，學會如何在這些先進科技領域中發掘創新機會。
4. 鍛鍊領導力與團隊協作能力：透過團隊合作與跨領域知識整合，學習如何建立具影響力的商業模式，並在競爭激烈的市場環境中 脫穎而出，成為推動產業變革的領袖。

本課程不僅提供創新創業知識與實戰經驗，更是你邁向 GenAI 時代領導者的關鍵跳板。無論你的目標是創業、產業創新或個人職涯突破，這門課都將為你提供強大的支持與無可取代的價值。",期中期末考、小組 Pitch Deck 及個案報告、出席與課堂參與,"20%	

平時出席

Zuvio 點名（需開 GPS）


20%	

期中考+期末考

教室實體考試，原則上以 NTU COOL 進行


20%	

Pitch Deck

小組發想創業題目，並撰寫出關於該主題之創業募資簡報（Pitch Deck）


20%	

個案研究

根據下半學期六大主題，進行口頭個案報告(2次)


20%	

課堂參與

課堂舉手發言、下課與教授互動

本校尚無訂定 A+ 比例上限。
本校採用等第制評定成績，學生成績評量辦法中的百分制分數區間與單科成績對照表僅供參考，授課教師可依等第定義調整分數區間。詳見 學習評量專區。",3 hr
34928,分子醫學學分學程,,,,,
38284,,"在日益變化快速的環境，我們需要不斷解決陌生問題，才能持續產生價值，持續自我驅動成長，追求熱情所在與成就。解決陌生問題需要強化5項領域的能力：
1 - 與人互動的能力：包括與決策者，利害關係人，以及共事團隊的互動效能
2 - 操作基本工具的能力：包括界定問題，邏輯樹，篩選項目，故事線，論證效果，論證效益，規劃落地
3 - 處理資訊的能力：包括訪談，問卷，實驗，二手資料蒐集，分析
4 - 基本思維的能力：包括架構思維，逆向思維，假說思維，量化思維，批判思維，經濟思維
5 - 運用AI提升解決問題效能
本門課核心為，讓6人小組，以一學期時間解決一家中小微企業所提供的真實待解問題。環繞此核心任務，提供22小時配合解題進度的課堂講授，11小時小組診斷，幫助解題小組學習與運用所學，並得到恰當回饋。本課程必須在2025.12.1前申請修課。有關課程詳細說明，請參閱臉書社團「解決問題理論與實務 CTPS」課程說明會錄影以及申請相關事宜。",藉由實際解決問題，提升學生基本方法論，核心工具，關鍵思維，資訊蒐集，以及人際互動的能力,"- 對合作的企業提出可行動，有效果，有效益，可落地的解決方案。並被接受
- 對團隊解決問題的努力，付出被認可的貢獻",,
95077,政治理論組 / 公共行政組 / 國際關係組,,,,,
95078,政治理論組 / 公共行政組 / 國際關係組,,,,,
95079,政治理論組 / 公共行政組 / 國際關係組,,,,,
95080,政治理論組 / 公共行政組 / 國際關係組,,,,,
23120,,,,,,
38746,,,,,,
54524,,,,,,
11684,,,,,,
29233,,"身為法治國家的主人翁，必須瞭解憲法—如何建構國家、律定群己（公私）關係的學問。本課程希望經由淺近通俗的語言、鮮活有趣的事例，引領學子一窺憲法學堂奧。
 
本課程授課將力求實踐以下兩項原則：

一、見樹亦見林。講授範圍將致力涵蓋憲法所有條文，並深入解析重要的大法官解釋（指標解釋），以期兼收（歐洲）大陸法系與英美法系的教學長處，兼顧教學廣度與深度。
 
二、講授並討論。為培養學生「主動學習」（active learning）的習慣及理性思辨（deliberation）的能力，授課將盡可能以問答方式進行，並注重相關時事的憲法分析，俾使憲法徹底融入社會生活中。","授課進度規劃：

2026/02/26	#16_活在憲政時代—自由民主憲政秩序與自我實現
湯德宗教授簡歷
大法官講堂_湯德宗教授YouTube影片清單
2026/03/05	#17_人權的概念與分類
2026/03/12	#18_人權的保障與限制
2026/03/19	#19_平等權真諦—合理的差別待遇
2026/03/26	#20_平等權指標案例演習—違憲審查基準體系建構
2026/04/02	#21_人身自由＆正當程序
2026/04/09	#22_人身自由指標案例演習—比例原則適用演習
2026/04/16	#23_不受軍事審判自由 & 居住遷徙自由
2026/04/23	#24_言論自由 ＆ #25_言論自由指標案例演習
2026/04/30	#26_秘密通訊、宗教信仰&集會結社自由
2026/05/07	#27_財產權
2026/05/14	#28_參政權
2026/05/21	#29_受益權
2026/05/28	#30_其他（未列舉）基本人權
2026/06/04	總複習
2026/06/11    期末考","本課程無期中考，以「學期考試」成績為基礎，按平時成績加、減分後，合計為學期成績。

平時成績包含：1. 出席紀錄；2. 課堂表現；3. 課外閱讀心得等。合計不超過10分。","90%	

學期考試


10%	

平時成績

1. 出席紀錄；2. 課堂表現；3. 課外閱讀心得等。

本校尚無訂定 A+ 比例上限。
本校採用等第制評定成績，學生成績評量辦法中的百分制分數區間與單科成績對照表僅供參考，授課教師可依等第定義調整分數區間。詳見 學習評量專區。",
17166,,,,,,
51115,,本學期將以人權為授課重心，並將加強司法案例之理解。課程包括傳統之自由權與爾後發展之社會權，對於新興基本權也會略為介紹。,對人權基本理念之瞭解，並理解我國人權體系及其救濟程序。熟悉我國大法官的違憲審查運作。,"課前預習並觀看開放式課程—中華民國憲法及政府（陳淳文）
網址連結：http://ocw.aca.ntu.edu.tw/ntu-ocw/ocw/cou/101S117
上課出席並參與討論
上課須備有大法官解釋、憲法法庭裁判之法典
準時繳交平時作業，並參與期末筆試","40%	

期末筆試


30%	

個人作業

約三到四份的課程作業，詳情於開學時說明。


30%	

平時上課參與及課堂表現

包含上課參與討論問答、每週填答最佳心得與出席狀況等。

本校尚無訂定 A+ 比例上限。
本校採用等第制評定成績，學生成績評量辦法中的百分制分數區間與單科成績對照表僅供參考，授課教師可依等第定義調整分數區間。詳見 學習評量專區。",課前學習時數3小時，課後學習時數3小時
14470,政治理論組 / 社會科學院院學士學位,,,,,
28829,政治理論組 / 公共行政組 / 國際關係組,,,,,
41627,國際關係組 / 社會科學院院學士學位,,,,,
31286,政治學系,,,,,
11959,國際關係組,,,,,
57696,國際關係組,,,,,
32518,國際關係組,,,,,
33508,,透過各種國際關係理論視角描述並解釋國際安全、國際政治經濟等議題，著重時事相關性，並邀請校外專家學者演講。,使學生掌握國際關係基礎概念與主要理論，能理解全球議題脈絡，培養跨文化視野、批判思考、國際溝通倫理素養與公民參與能力。,預習並複習參考書籍、課堂聽講、參與考試。,"45%	

期中考


45%	

期末考


10%	

課堂表現

本校尚無訂定 A+ 比例上限。
本校採用等第制評定成績，學生成績評量辦法中的百分制分數區間與單科成績對照表僅供參考，授課教師可依等第定義調整分數區間。詳見 學習評量專區。",一小時
16110,,「全球通識講座」為慈濟慈善事業基金會所贊助，課程目的是希望修課學生除了解自己的專業外，能多認識臺灣社會經濟、政治等方面的問題，提高學生的視野與宏觀，並對問題有正確的認識，以及可能的解決之道。本課程除了本校大學部與碩博士班學生可以選課外，亦擴大到臺師大、臺科大學生皆有部分選修名額，同時歡迎全校老師參與。本學期共有11次演講與4次綜合討論，綜合討論會由助教與十餘位慈濟師兄姊所設計帶領，一同將講座內容作為討論主題比起交流。本(114-2)學期將聘請我國曾經擔任政府重要決策的政務官員(層級包括行政院院長、部會首長、專案負責人或諮詢顧問)與業界知名企業家、學者專家擔任講座主講者，以力求授課內容同時兼顧資訊性和學術性。本課程在邀請講者時，也請演講者提供適當的閱讀材料，作為本課程的延伸閱讀，以加強修課者之相關知識深度與廣度。修課同學選擇延伸閱讀讀物，撰寫並繳交閱讀報告，將可獲得加分。,讓修課同學除本身的專業以外，能更廣泛以及更深入的認識臺灣社會在經濟、政治、社會等各種不同政策議題上面臨的問題和危機，提高學生的宏觀視野，以及正確了解決策者在面對這些危機和問題時，所考量的因素和決策邏輯，以及可能的解決之道。此種理解，將有助於讓修課同學跨出一般公民的個人層次，培養更為恢弘周延的思考邏輯和格局。,"1. 出席：10% (每次上課均需簽到，請假不得超過兩次。) 
2. 綜合討論：20% （於每次綜合討論以組別為單位將回答上傳至NTU COOL討論區，期末會由每組組長繳交討論報告作為評分要件。）
3. 書面報告：70% （每次演講各一篇心得，每篇至少600字，至多1200字。內容包含三個講座重點（60%）、心得感想（20%）、獨特創見（20%）。於每次演講結束後上傳NTU COOL作業區繳交，惟若上課老師有不同要求，則依老師之規定。請假亦需繳交書面報告，請特別注意！）",,
33836,,,,,,
51990,政治學系 / 政治學研究所,,,,,
25135,政治學系 / 政治學研究所,,,,,
28722,政治學系 / 日本研究學程 / 東亞研究學分學程 / 政治學研究所,,,,,
47552,政治學系 / 東亞研究學分學程 / 政治學研究所,,,,,
52836,政治學系 / 東亞研究學分學程 / 政治學研究所,,,,,
55134,政治學系 / 東亞研究學分學程 / 中國大陸研究學程 / 政治學研究所,,,,,
33704,政治學研究所,"ALERT:  This is a course taught in mandarin Chinese, but all readings assignments are in English. Enrolled students are expected to read between 100 and 250 pages of required readings and write a memo on them nearly EVERY WEEK.  To make sure that everyone will engage with discussions in every class, the class size is set to NO MORE THAN FIFVE. Nor is any request for auditing allowed.  Whoever would like to add this class, please send an email introducing yourself and your motivation of taking this class to the instructor at jasonkuo@ntu.edu.tw.  Approved requests of adding this seminar will be put on a waitlist.   


This is a field seminar on International Political Economy (IPE) designed for graduate students specializing in international relations. The course will guide students through the classic works and cutting-edge research in both the narrow and broad traditions of IPE. Required readings include the most influential theoretical and conceptual works; methodological debates concerning positivist and post-positivist research programs; and exemplary empirical and case studies, particularly those applying different research programs to analyze the most pressing contemporary issues.",See syllabus.,See syllabus.,"48%	

Write twelve weekly memos

Hand in a total of twelve two-page written memos (48% of the final course grade, 4% each) that review the weekly assigned readings critically at the beginning of each class meeting throughout the semester.


12%	

Lead four class discussions

Rotate in leading class discussions (12% of the final course grade, 3% each) on the weekly assigned readings during class.


10%	

Participate all weekly discussions on reading assignmnets

Participate in class discussions actively through substantive engagements of the weekly assigned readings during class (10% of the final course grade).


30%	

Submit and present a final paper

Submit and present a synthetic literature review that extends the themes of the course OR an empirical replication paper that replicates the research design of an assigned reading using new datasets, whether quantitative or qualitative, in the last class (30% of the final course grade).

本校尚無訂定 A+ 比例上限。
本校採用等第制評定成績，學生成績評量辦法中的百分制分數區間與單科成績對照表僅供參考，授課教師可依等第定義調整分數區間。詳見 學習評量專區。",8 -12 hours
12267,政治學研究所,公共政策研究為一科際整合的學科，本課程之設計把握下列三個方向：第一，由於本班同學皆為在職之專業人員，具有實務經驗，較缺乏者為理論建構與發展趨勢，因之在課程內容上將同學的業務專長與發展理論與趨勢結合起來，同時將我國當前政策面臨衝擊最大的課題提出討論。第二，在全球化的浪潮下，公共政策的場域從傳統的國內治理邁向全球治理。雖然國家仍是權力的中心，但這一權力已卻由公部門、私部門與第三部門分享。公共政策應從這個面向上作規劃、制定、執行及評估的依據。第三，政策研究之學術報告撰寫與提出也異於一般公務報告或新聞分析之寫法，因之從各同學的論文閱讀心得與評論，使之發展成一篇學術報告是本,公共政策研究為一科際整合的學科，本課程之設計把握下列三個方向：第一，由於本班同學皆為在職之專業人員，具有實務經驗，較缺乏者為理論建構與發展趨勢，因之在課程內容上將同學的業務專長與發展理論與趨勢結合起來，同時將我國當前政策面臨衝擊最大的課題提出討論。第二，在全球化的浪潮下，公共政策的場域從傳統的國內治理邁向全球治理。雖然國家仍是權力的中心，但這一權力已卻由公部門、私部門與第三部門分享。公共政策應從這個面向上作規劃、制定、執行及評估的依據。第三，政策研究之學術報告撰寫與提出也異於一般公務報告或新聞分析之寫法，因之從各同學的論文閱讀心得與評論，使之發展成一篇學術報告是本,"之一。
課程進行方式之一將採取文獻研讀與研究心得報告。由於本班為碩士學位專班，在英文學術文獻上亦要求同學能投入時間閱讀，提高外文閱讀能力，因之在講授專題外，同學應就指定的文獻，進行閱讀心得之寫作。
課程目標
公共政策研究為一科際整合的學科，本課程之設計把握下列三個方向：第一，由於本班同學皆為在職之專業人員，具有實務經驗，較缺乏者為理論建構與發展趨勢，因之在課程內容上將同學的業務專長與發展理論與趨勢結合起來，同時將我國當前政策面臨衝擊最大的課題提出討論。第二，在全球化的浪潮下，公共政策的場域從傳統的國內治理邁向全球治理。雖然國家仍是權力的中心，但這一權力已卻由公部門、私部門與第三部門分享。公共政策應從這個面向上作規劃、制定、執行及評估的依據。第三，政策研究之學術報告撰寫與提出也異於一般公務報告或新聞分析之寫法，因之從各同學的論文閱讀心得與評論，使之發展成一篇學術報告是本課程要求之一。
課程要求
1. 王宏文老師部分之評分標準 (33分)
(一)每週文獻預習作業 (12分)：在每次上課前，希望同學能看完該周指定的文獻或PPT，以有初步的概念，因此請各位同學在該周上課結束前，繳交當週指定文獻的預習報告紙本，報告的內容應包含四個部份，分別是：(1) What！這些資料或文獻的重點是什麼？請簡要說明；(2)舉例：請您舉出一些與這些文獻相關的台灣政策實例與簡短說明；(3) 疑惑、問題、或心得，也就是針對這些文獻，若有不甚了解的，有疑問的，請寫下您的想法與問題。每次報告以兩面為限，每次報告總分為4分。您總共有4次的寫作機會，我將採計最高的3次分數為你的每週報告成績。
(二)每周的課後作業 (21分)：本課程將在每一週的課程之後，寄發一份課後作業，請每一位同學針對作業裡的問題撰寫答案，你可以參考所有資料，也可以互相討論，然後在下一周的課程結束前繳交紙本答案。答案的總頁數不可超過3頁，字體不可以小於10。每次作業的總分為7分，我將採計最高的三次成績。
2. 孫煒老師部分的評分標準 (32分)
(一)每週文獻作業 (20分)：我在本學期共有四堂課，在每次上課前，同學能看完中文指定文獻，繳交當週指定文獻的閱讀報告，報告的內容應包含三個部份，分別是：(1) 這些文獻的重點整理；(2)您認為這些文獻相關的一些台灣政策實例與簡短說明；(3)疑惑、問題、或心得。每次報告以兩面為限，每次報告總分為5分。
(二) 英文指定文獻或課程參與(12分)：如果各位同學願意閱讀英文指定文獻，並繳交當週指定文獻的閱讀報告（兩頁為限），或是在課堂討論之中有明顯表現，將酌予給分。
3. 郭昱瑩老師部份的評分標準 (35分)
(1)課堂參與討論(5分)
(2)公共政策備忘錄(30分): 最多3位同學一組，就多屬性效用模型、決策樹或成本效益分析擇一應用，進行實際公共政策分析，並撰寫政策備忘錄，基本格式如下(詳細課程說明)：
政策： 
日期：
建議：
理由：
附錄：",,2-4小時
18060,政治學研究所,"待本課程培養學生對於現代民主立憲國家的政府運作與法治要求有初步的了解，除了理論與規範面的認識外，也要了解我國憲政實務上的具體運作情況，以及其所遭遇之問題。
課程分成兩大部分，第一部分由陳淳文教授負責，主要聚焦在當前的重大憲政議題與我國憲法的實際運作情況，計劃討論的主題包括法治主義與行政管制實務，憲法的意義與立憲主義精神，權力分立原則與獨立機關，轉型正義及司法權介入歷史所引發的憲政法治問題等。
第二部分由蔡季廷老師負責，蔡老師將聚焦於基本人權，授課目標在於讓同學們能夠掌握基本權的由來、種類及其實際運作問題",學習公法基本知識，掌握當前國家重大憲政爭議與公共政策議題，特別是由立憲主義與法治國理念的視角來看當前重大爭議或重要政策與法制之關係。,課前預習教科書相關內容與台大開放式課程中之「中華民國憲法與政府」課程，研讀相關大法官解釋，參與課程討論等。,"40%	

上課表現

出席，課前準備與上課參與等


60%	

期末筆試

本校尚無訂定 A+ 比例上限。
本校採用等第制評定成績，學生成績評量辦法中的百分制分數區間與單科成績對照表僅供參考，授課教師可依等第定義調整分數區間。詳見 學習評量專區。",課前預習3小時，課後複習3小時
45405,政治學研究所,台灣一向以「經濟奇蹟」與「政權和平轉型」為榮，但自1990年代台灣完成工業化與民主化之後面對到中國崛起與全球化帶來各種政治，經濟與社會的挑戰，讓許多人對台灣未來感到焦慮。這門課希望從比較政治經濟學的取向，與同學一起來探討，台灣政治經濟體制的特色與發展歷史，希望同學在修完這門課之後，能夠對相關問題發展出各自獨道的見解。,這學期的課程安排將分成兩大個部分：一，老師,(1)	選擇四週的,"40%	

四次memo

選擇四週的指定閱讀寫memos（3頁以內，每週日午夜之前上傳NTU COOL作業區，逾期不收）


20%	

一次導讀

選擇一週進行指定閱讀導讀。（導讀不得與memo重複，導讀該週上課前上傳PPT檔至NTU COOL作業區）


40%	

期末報告

05/13與老師討論、05/20、27口頭報告，06/03上傳繳交

本校尚無訂定 A+ 比例上限。
本校採用等第制評定成績，學生成績評量辦法中的百分制分數區間與單科成績對照表僅供參考，授課教師可依等第定義調整分數區間。詳見 學習評量專區。",10小時
23688,政治學研究所,"本課程宗旨為協助在職專班學生準備碩士論文大綱，瞭解論文架構、認識學術倫理、熟悉研究設計和方法實施流程。本學期總共上課八次，每隔兩週上課一次，分成論文寫作與研究方法兩部分。授課教師透過實作練習和分組活動，提供修課學生論文寫作的要領，分享運用方法的心得、指導論文的經驗，以利修課學生瞭解各種常見研究方法的使用方式、優缺點。此外，為因應生成式人工智慧(AI)之效益與衝擊，每週課程亦將融入探討AI之實用價值與風險。

開學第一週課堂，發放加簽授權碼與公布確切","1. 理解學術寫作的規範和要領。
2. 掌握理論運用與資料分析的技巧。
3. 完成初步論文大綱，以利與指導老師展開討論。",,"0%	

課堂出席

允許請假三次，每次缺席扣學期總成績一分。請假與無故缺席總計四次以上者，按本系規定將無法取得本課程學分。


35%	

課程參與

個人出席、發言、提問與分組參與的積極程度。


10%	

同儕評量

由同學評比同組成員的表現與貢獻程度。


20%	

文獻回顧

字數限制3,000-4,000字，5/17(日)晚間23:59截止。每遲交一天扣該項作業成績10分。


35%	

期末考試

研究設計期末考試，開書考試。但只能以答案卷手寫作答，並禁止使用AI輔助作答。

本校尚無訂定 A+ 比例上限。
本校採用等第制評定成績，學生成績評量辦法中的百分制分數區間與單科成績對照表僅供參考，授課教師可依等第定義調整分數區間。詳見 學習評量專區。",
51452,政治學研究所,,,,,
55687,政治學研究所,,,,,
50719,政治學研究所,,,,,
46762,政治學研究所,,,,,
44592,政治學研究所,,,,,
17152,政治學研究所,,,,,
13008,政治學研究所,,,,,
46183,政治學研究所,,,,,
19339,政治學研究所,,,,,
29087,政治學研究所,,,,,
40433,高分子科學與工程學研究所,,,,,
52929,高分子科學與工程學研究所,,,,,
34032,高分子科學與工程學研究所,,,,,
13414,高分子科學與工程學研究所,,,,,
11402,高分子科學與工程學研究所,,,,,
28477,高分子科學與工程學研究所,,,,,
45447,高分子科學與工程學研究所,,,,,
53930,高分子科學與工程學研究所,,,,,
14930,高分子科學與工程學研究所,,,,,
37227,高分子科學與工程學研究所,,,,,
32800,高分子科學與工程學研究所,,,,,
26066,高分子科學與工程學研究所,,,,,
46064,高分子科學與工程學研究所,,,,,
24372,高分子科學與工程學研究所,,,,,
95081,高分子科學與工程學研究所,,,,,
29271,高分子科學與工程學研究所,,,,,
11041,高分子科學與工程學研究所,,,,,
29535,高分子科學與工程學研究所,,,,,
56299,高分子科學與工程學研究所,,,,,
95082,高分子科學與工程學研究所,,,,,
30937,高分子科學與工程學研究所 / 綠色永續材料與精密元件博士學位學程,,,,,
47676,高分子科學與工程學研究所,,,,,
26735,高分子科學與工程學研究所,,,,,
15885,高分子科學與工程學研究所,,,,,
58770,心理學系,,,,,
34008,,,,,,
48045,,"This course is designed to introduce you to the diverse topics and key issues within the scientific field of psychology. Throughout the course, you will develop a fundamental understanding of influential theories and significant research related to essential aspects of psychology. By exploring the knowledge accumulated by psychologists, you will gain insights that can enhance your academic pursuits, interpersonal relationships, overall well-being, and other crucial areas of your life. 

*********************************************************************************************************
請勿來信要求加簽授權碼，若二階沒選上但想加簽，請填寫表單: If you have not enrolled but would like to add this class, please complete the form:
https://forms.gle/vCJxw1iE44o2w1xXA
*********************************************************************************************************","1. To acquire a foundational knowledge of various psychological theories and evidenced research studies.
2. To integrate information from multiple psychological perspectives and identify areas of consistency and inconsistency across theories.
3. To establish connections between psychological theories and personal values and goals.
4. To foster enthusiasm and curiosity for the subject matter of psychology, promoting an increased appreciation for psychology.","1. Lectures: Lectures will cover the material from the book chapters and additional supplementary material. The lectures are designed to enhance your understanding of what you’ve read and put it in context. Lecture slides and videos will be made available on NTU COOL, the course platform.
2. Exams: There will be two exams. The exams will consist of multiple-choice questions and will assess your knowledge of all the materials covered in the course. If you require special testing accommodations due to a learning disability or physical handicap, please inform the instructor in advance to facilitate appropriate arrangements.
3. Assignments: Students are expected to complete four written assignments throughout the course. All assignments must be submitted to NTU COOL. Any assignment that is emailed to the instructor or the TA instead of being submitted to the course website will result in a grade of zero.
4. Discussion/Participation: Active participation in class discussions is a vital component of the course. Students are encouraged to engage in thoughtful discussions, allowing for a deeper understanding and personal exploration of the course material. These discussions aim to facilitate critical thinking and meaningful experiences related to the subject matter.","35%	

Midterm Exam


35%	

Final Exam


20%	

Assignments


10%	

Discussion/Participation

本校尚無訂定 A+ 比例上限。
本校採用等第制評定成績，學生成績評量辦法中的百分制分數區間與單科成績對照表僅供參考，授課教師可依等第定義調整分數區間。詳見 學習評量專區。",每週課前1.5小時，課後4.5小時，課堂外學習時數共6小時
16413,,心理學是一門以科學方法研究人類行為與心智歷程的學問。本課程旨在簡介現代心理學的研究成果，課題包括人類行為的生物基礎、學習法則、重要認知能力與其歷程（如知覺、記憶、語言、推理等）、社會行為與社會認知、兒童發展、人格理論等。,"1. 使修課者對人類行為與心智歷程的運作機制有一概括且多元的認識
2. 使修課者對影響人類行為與心智歷程的因素有一概括且多元的瞭解
3. 提升修課者對自身的認識與日常生活的判斷",待補,"50%	

期中考


50%	

期末考


0%	

紅利加分

除了考試成績以外，總成績還能經由以下學習參與管道加分：
1. 參與在心理系公開徵求參與者的心理學研究。這些研究都通過研究倫理審查，每參與半小時，學期總成績加0.5分。最多可加四分。加分將依據學生實驗記錄卡之記錄或實驗者提供之普心實驗加分證明執行。(*須為2026/2/22~2025/6/13期間進行的普心實驗)
2. 參與課程網頁中與課程內容相關之議題的討論，每參與一「週」的議題討論，在規定的時限內（下週二上午9:00前）發言，且發言字數超過100字，學期總成績加0.5分。最多可加四分，加分將依據課程網頁討論版發言記錄執行。
     §每隔一或兩週會有討論議題，共八週。
     §若有參考資料，需確實列出資料來源（不列入發言字數計算）。
     §回應未切合議題主旨（例如：「請寫下觀看影片後的心得」→只整理該影片的大綱但沒寫心得），不予加分。
     §剽竊、抄襲他人發言內容，不予加分。
     §若發言內容經檢測為AI生成，不予加分。
※修課者可自由選擇其中一個加分管道，也可兩種都參加，但最多總共加四分。

本校尚無訂定 A+ 比例上限。
本校採用等第制評定成績，學生成績評量辦法中的百分制分數區間與單科成績對照表僅供參考，授課教師可依等第定義調整分數區間。詳見 學習評量專區。",3
44456,,,,,,
51256,心理學系,,,,,
46416,心理學研究所,,透過課堂報告、上課討論、文獻閱讀與報告及實驗室實際操作的過程，讓學生從課堂講授與實驗室實作中學習到行為神經科學的研究方法與應用，在課程中會教授一系列的小鼠動物實驗，從簡單的動物照顧、行為觀察、動物行為實驗與分析、藥物注射、腦部立體固定儀手術、腦切片、免疫染色、生化檢測、數據分析與影像處理等，透過實作的過程與課堂上的討論與引導，讓學生學習到實驗的精神與行為神經科學的原理與方法，奠定未來從事研究工作的基礎。,,,
95104,心理學研究所 / 心理學系,,,,,
37489,心理學研究所,,,,,
57623,心理學研究所,,,,,
32421,心理學系 / 神經生物與認知科學學程 / 心理學研究所,,,,,
31870,心理學研究所 / 心理學系,,,,,
12219,心理學研究所 / 心理學系,,,,,
29770,心理學系 / 心理學研究所,"課程簡介:
在AI日益影響我們生活的當代，你是否曾思考過：什麼才是真正屬於人類的價值？我們與冰冷的機器有何不同？
這門課將帶你深入探索人類的獨特性。我們將從心理學的角度出發，結合AI發展的最新趨勢，帶你進行一場自我覺察的旅程。透過演講、互動、實作和討論，你將：
•	了解AI的發展歷程與現況：從圖靈測試到生成式AI，一窺AI的演進歷程。
•	探索人類心智的奧秘：深入淺出地了解意識、情感、愛等人類獨有的特質。
•	反思人機關係：在AI時代，我們如何找到自我定位？如何與AI共存共榮？

課程特色:
•	理論與實踐並重：不只聽老師講課，更會透過實作、小組討論、角色扮演等方式，讓你體驗與做中學。
•	結合AI現況：將心理學理論與當今AI議題結合，讓你能更深刻地理解課程內容。
•	用心理學知識幫助你了解自我：基於心理學文獻，設計有關自我覺察、專注、情緒調節、與人連結等練習，幫助你探索自我並在生活中實踐。

 助教聯繫方式  *有任何課程規定等問題，請先連絡助教！ 
杜孫沛 r13227117@ntu.edu.tw  
李弘宇 r13227119@ntu.edu.tw","•	培養AI時代的思辨能力：面對AI帶來的挑戰與機會，能夠做出理性判斷。
•	提升自我覺察能力：更深入地了解自己的內心世界，找到人生的方向。
•	探索人機共存的未來：為AI時代做好準備，為人類的未來貢獻一份心力。","•	對心理學、AI、未來科技有興趣的同學
•	想更深入了解自我，探索人生意義的同學
•	希望在AI時代不迷惘的同學
歡迎加入我們，一起探索AI時代人類的獨特性！","12%	

課堂參與


24%	

每週練習


36%	

每週評量

每週上課第一節進行小考


28%	

期末報告

本校尚無訂定 A+ 比例上限。
本校採用等第制評定成績，學生成績評量辦法中的百分制分數區間與單科成績對照表僅供參考，授課教師可依等第定義調整分數區間。詳見 學習評量專區。",
31538,心理學系 / 神經生物與認知科學學程 / 心理學研究所,,,,,
95103,心理學研究所 / 心理學系,,,,,
25876,心理學研究所,,,,,
50993,心理學研究所,,,,,
44988,心理學研究所,,,,,
12039,心理學研究所,,,,,
30779,心理學研究所,,,,,
44853,心理學研究所,,,,,
95123,心理學研究所,,,,,
41464,心理學研究所,,,,,
58977,心理學研究所,,,,,
24819,心理學研究所,,,,,
21606,心理學研究所,,,,,
25399,心理學研究所,此為CHEN Lab的專題討論課程。如欲多了解CHEN Lab，請見實驗室網站：https://www.chenlaboratory.com/,進行計算互動腦科學的專題報告討論。,,,
48944,心理學研究所 / 神經生物與認知科學學程,此為CHEN Lab的專題研究課程。如欲多了解CHEN Lab，請見實驗室網站：https://www.chenlaboratory.com/,進行互動心智科學的專題研究。,,,
46542,心理學研究所 / 神經生物與認知科學學程,,,,,
19995,心理學研究所,,,,,
28788,心理學研究所,,,,,
29806,心理學研究所,,,,,
44251,心理學研究所,,,,,
19730,物理治療學系,課程目的：專業的論文選讀及文獻整理報告,"課程目標：
1. 培養閱讀與整理文獻之能力（專科知能、終身學習）。
2. 培養演講之能力 (專科知能、溝通能力、終身學習)。
3. 培養撰寫報告之能力（專科知能、溝通能力、終身學習）。","課程要求：
1.	口頭報告日期之前至少一個月以前需主動與指導老師聯絡討論，以訂定報告題目、大綱以及後續討論行程。與指導老師約定討論之時間不得無故延期或缺席。沒有事先與指導老師討論者不能進行口頭報告。
2.	口頭報告每位為 40分鐘，含報告25分鐘，討論 15 分鐘，非報告之同學需踴躍發問並給予建設性之建議，列為平常分數之評比。
3.	書面報告一份，以中文或英文書寫，格式請依臺灣物理治療學會雜誌之規定書寫，請以中文標楷體與英文Time New Norman 12號字體撰寫，參考文獻至少15篇。參考文獻請標示於內文和陳列於文後。報告內容禁止抄襲他人的文章，有引用的資料須註明出處，以免觸犯著作權。書面報告須以論文方式呈現，勿直接以PPT內容條列方式繳交。
4.	口頭和書面報告可以使用ChatGPT或AI相關軟體協助格式和英文修改，但勿用以製作報告內容，以維持同學對議題表達意見的原創性，並避免資訊被誤導。
5.	口頭報告結束後一週內繳交報告資料給指導老師，內容包含書面報告、ppt檔以及所有參考資料與圖表，另需上傳一份書面報告至NTU Cool網站，遲交者一律扣5分；經催交後每日扣2分。
6.	請假規定: 請依台大校方(https://advisory.ntu.edu.tw/CMS/Page/44)與本課程規定辦理，以遵循公平公正原則，也避免缺席被列為曠課，影響平時成績。
A.	心理健康假：得於當日email向授課老師請假，每學期至多三日。
B.	生理假：得於當日email向授課老師請假，每月一日。
C.	病假：3日內至學生請假系統提出申請，並附證明。
D.	事假：事假開始前3-7日，事先至學生請假系統提出申請，並附證明。
E.	公假：公假開始前7-10日，事先至學生請假系統提出申請，並附證明。請注意：隨台灣大學校隊出隊比賽的運動防護公假，每位同學本課程中只能申請一次。 
 
評分方法：口頭報告佔40%，書面報告佔40%，課堂參與表現佔20%
1.	口頭報告佔40% (各分項佔 8%, 優良:7~8, 可接受:3~6, 差:1~2)
	Preparation (time management)
	Quality of literature review
	Quality of slides
	Presentation skill
	Question handling
2.	書面報告佔40% (各分項佔 8%, 優良:7~8, 可接受:3~6, 差:1~2)
	Quality of the manuscript
	Quality of literature review
	Logic thinking process in the manuscript
	Cosmetics
	Time management
3.	課堂參與表現佔20% (各分項佔10%, 優良:8~10, 可接受:5~8, 差:1~5)
	Class attendance
	Participation",,
31161,物理治療學系,,,,,
28111,物理治療學系,,,,,
23409,物理治療學系,,,,,
29951,物理治療學系,,,,,
32439,物理治療學系,,,,,
23969,物理治療學系,,,,,
30367,物理治療學系,,,,,
23196,物理治療學系,,,,,
44166,物理治療學系,,,,,
10345,物理治療學系,,,,,
59042,物理治療學系,,,,,
36498,,,,,,
47502,物理治療學系,,,,,
12734,物理治療學系,,,,,
53820,物理治療學系,,,,,
31006,物理治療學系,,,,,
36402,物理治療學系,,,,,
38137,物理治療學系,,,,,
54459,物理治療學研究所,,,,,
58373,物理治療學研究所,,,,,
18022,物理治療學研究所,,,,,
45753,物理治療學研究所,,,,,
33792,物理治療學研究所,,,,,
39530,物理治療學研究所,,,,,
40074,物理治療學研究所,,,,,
38489,物理治療學研究所,,,,,
28106,物理治療學研究所,,,,,
13866,物理治療學研究所,,,,,
15664,物理治療學研究所,,,,,
30134,物理治療學研究所,,,,,
19162,物理治療學研究所,,,,,
43589,物理治療學研究所,,,,,
30767,物理治療學研究所,,,,,
13248,物理治療學研究所,,,,,
38654,物理治療學研究所,,,,,
13911,物理治療學研究所,,,,,
15490,物理治療學研究所,,,,,
49901,物理治療學研究所,,,,,
59706,物理治療學研究所,,,,,
57183,物理治療學研究所,,,,,
10559,物理治療學研究所,,,,,
22682,物理治療學研究所,,,,,
41619,物理治療學研究所,,,,,
40644,物理治療學研究所,,,,,
45056,物理治療學研究所,,,,,
37116,物理治療學研究所,,,,,
27438,物理治療學研究所,,,,,
48993,物理治療學研究所,,,,,
44950,物理治療學研究所,,,,,
54522,物理治療學研究所,,,,,
51206,物理治療學研究所,,,,,
19422,物理治療學研究所,,,,,
32951,物理治療學研究所,,,,,
12173,物理治療學研究所,,,,,
21840,物理治療學研究所,,,,,
58213,物理治療學研究所,,,,,
11194,物理治療學研究所,,,,,
15440,物理治療學研究所,,,,,
30919,物理治療學研究所,,,,,
56695,物理治療學研究所,,,,,
55237,物理治療學研究所,,,,,
22991,物理治療學研究所,,,,,
36173,物理治療學研究所,"課程概要： 本課程內容涵蓋：
1.	有關呼吸系統物理治療之評估與治療
2.	各類呼吸疾病之物理治療評估與治療計畫
3.	呼吸系統物理治療相關文獻之分析與評論","教學目標： 學生在本課程學習後，應具備以下能力：
1.	呼吸系統物理治療在各類疾病的應用
2.	評估和擬定各類疾病之呼吸循環系統物理治療之計劃
3.	分析和整合呼吸系統物理治療學相關文獻，撰寫總論報告","評分方法
1.	出席及課堂討論表現：30%
2.	課堂報告：40%
2.	期末報告：30%
*期末報告
選擇與本學期上課內容相關之題目提出口頭和書面的報告，預計每人口頭報告時間15分鐘，書面報告參考文獻至少5篇。書面報告應於期末口頭報告當日繳交，格式請依臺灣物理治療投稿規則。",,
14025,物理治療學研究所,課程概要：本課程主旨在介紹與探討當前皮膚系統物理治療技術應用於臨床常見之皮膚系統傷害、疾病或老化，以及與皮膚物理治療間跨領域之重要議題，以期上課同學能掌握最新的相關科學新知與研究方向，並探索與思考這些相關議題對提升或開發皮膚物理治療臨床(評估或介入)技術與擴展相關研究上之適用性與發展性。本課程是以講授、文獻研讀與討論、案例分析等方式進行，分別針對近年來在皮膚物理治療相關的進展進行研讀與討論。,"教學目標：學生在修習本課程後，應具備以下能力
1.	能說明皮膚系統構造、功能。
2.	能說明傷口之癒合復原的過程。
3.	熟悉常用於皮膚與感覺研究的客觀測量工具與方法。
4.	批判性分析皮膚物理治療相關研究之最近進展。
5.	設計並提出具跨領域特色的研究計畫。","課程評量：上課表現占10%、每主題報告各占30%、期末報告30%
期末書面報告：選擇一項評估或介入工具、或皮膚系統跨領域議題，探討其在患者目前之應用與限制性，並提出此評估或介入工具於未來研究之發展性。",,
56891,物理治療學研究所,,,,,
21741,華語教學碩士學位學程,,,,,
22731,華語教學碩士學位學程,,,,,
32036,華語教學碩士學位學程,"本課程適合未學過華語者(或學習華語時數每週未達6小時，且總時數未達100小時者)選修，使用的教材為《實用視聽華語一》(第一課~第六課)。
未曾學過中文的學生接觸中文，了解中文簡單的句式與用法，並用中文簡易描述。
另外從課文中，學習一些中華文化。
讓學生具備中文聽說讀寫(打)的基礎。","1.	學會使用漢語拼音和發音。 
To learn how to use HanYu pinyin and learn how to read pinyin pronunciation
2.	了解漢字的結構、筆順及寫法。 
To know the structures and stroke orders of Chinese characters and be able to write. 
3.	了解華語基本句型及語序、架構。
 To know basic Chinese grammars and phrases. 
4.	學會如何得體使用華語跟他人交流、溝通。 
To learn how to communicate with others in correct Chinese.","1.	課堂中請說中文。
Only “Chinese” in class.
2.	預習和複習上課內容。
Preview and review.
3.	作業準時繳交，繳交時間最多延長一週（如今天星期一應該繳交的作業，最晚可以下星期一繳交，之後再繳交就不收了），不收遲交過久的作業。
Please hand in your assignments on time. The submission deadline may be extended for up to one week (for example, if an assignment is due this Monday, the latest you may submit it is next Monday; submissions after that will not be accepted). Late assignments beyond this period will not be accepted. 
4.	所有的功課和考試都必須寫中國字。自己完成自己的作業，勿參考別人的功課。
Write Chinese characters in homework and test. And complete your own assignments and do not refer to other students’ work.
5.	小考會在第一節課開始考試，若遲到，無法延長時間也無法補考，請注意考試時間。Quizzes will begin at the start of the first period. If you arrive late, no additional time will be given and no make-up quiz will be allowed. Please be mindful of the exam time. If you have any questions, please come and discuss them with me.
6.	考試不可作弊。不論小考還是期中期末考，請專心寫自己的考卷，一旦被發現，每次的考試第一次老師會提醒你，第二次被發現，考試成績為零分。
Whether it is a quiz, midterm, or final exam, please focus on completing your own test. If you are found violating this rule, you will receive a warning the first time. If you are found a second time, your exam score will be recorded as zero.
7.	課堂中可以使用電子裝置看中文課的講義、簡報，做課堂筆記，但是請勿做無關上中文課的事情。
You may use electronic devices in class to view the Chinese course handouts and slides, and to take notes. However, please do not use them for activities unrelated to the Chinese class.
8.	上課專心聽講，勿聊天談話、吃東西。 
Listen attentively to the teacher in class, don't chat and eat in class.
9.	尊重同學的發言權和受教權。
Respect classmates’ right to speak and the right of learning.
10.	如果需要請假，請兩天前告知講師。（病假例外）如果當天不舒服，可以來信告訴老師一聲，讓老師知道你不能來上課的理由。
If students need to take a day off, please tell the instructor two days before. Except for sick leave. If you are not feeling well that day, you may send the teacher an email to let me know the reason why you are unable to attend class.
11.	需要選出一個班代跟老師聯絡，如果整班無法來上課或有一些情況，由班代告訴老師。
A class representative needs to be selected to communicate with the teacher. If the whole class is unable to attend or if any situations arise, the class representative should inform the teacher.","20%	

期中考 Midterm exam

實用視聽華語第一冊第一課~第三課（cannot make up）
Practical Audio-Visual Chinese 1 Lesson 1~3

期中考，期末考的時間已經確定，請記下時間，不能因為出遊或是其他不緊急的事情等理由提早或延後考試。若有問題，請來跟我討論。
The dates for midterms and finals have been set. Please remember the dates and do not postpone or bring forward the exams due to reasons such as going on a trip or other non-urgent matters. If you have any questions, please feel free to discuss them with me.


20%	

期末考 Final exam

實用視聽華語第四課~第六課（cannot make up）
Practical Audio-Visual Chinese 1 Lesson 4~6

期中考，期末考的時間已經確定，請記下時間，不能因為出遊或是其他不緊急的事情等理由提早或延後考試。若有問題，請來跟我討論。
The dates for midterms and finals have been set. Please remember the dates and do not postpone or bring forward the exams due to reasons such as going on a trip or other non-urgent matters. If you have any questions, please feel free to discuss them with me.


20%	

小考 Quiz & Test

＊每課有小考。
There is a quiz for each lesson.
＊如果錯過小考，不能補考。
There is no opportunity to retake a missed test or quiz.


20%	

作業與報告 Homework  & presentation

＊作業準時繳交，遲交不收。
Submit assignments on time. Late homework will not be accepted.


20%	

課堂參與 Attendance  & participation

本校尚無訂定 A+ 比例上限。
本校採用等第制評定成績，學生成績評量辦法中的百分制分數區間與單科成績對照表僅供參考，授課教師可依等第定義調整分數區間。詳見 學習評量專區。",
46600,華語教學碩士學位學程,"1.	本課程以《實用視聽華語一》為主要教材，搭配教師自編講義，旨在培養學習者聽說讀寫各方面的基本能力，並特別著重於基本發音、語法訓練，期望學習者在學完本課程後，能習得簡易的日常溝通能力。此外，盼能透過課堂上的師生互動與討論，使學習者了解華人與臺灣文化。
This elementary course aims to develop all four fundamental language skills with a special emphasis on basic pronunciation and grammar training. Upon completing this course, learners are expected to acquire basic communication abilities and confidently handle daily life tasks. Furthermore, students will have a deeper understanding of Chinese language and culture.  

2.	本課程授課語言以中文為主，英文為輔。
This course will be conducted mainly in Chinese. English will be used only when explaining basic grammar principles or clarifying key concepts.","1.	建立基本的聽說讀寫能力。
Build up the basic language skills of listening, speaking, reading, and writing.

2.	能以中文與他人進行簡易而基本的日常會話。
Understand and use simple Chinese words and phrases to meet basic needs for daily conversation.

3.	能讀懂課程範圍內的正體字，並能寫出至少一百字的短文表達個人想法。
Recognize traditional Chinese characters from the textbook and write a short essay of at least 100 characters to express opinions.","(1)	上課不可無故遲到或早退。遲到或早退超過二十分鐘，視同缺席一小時。
Students are expected to arrive on time. Arriving more than 20 minutes late or leaving 20 minutes early will be counted as a one-hour absence. 

(2)	每次上課皆須攜帶課本、講義。 
Students must bring all required materials to every class.

(3)	上課應積極參與課堂討論，不應從事與課程無關的活動。
Students are expected to participate in class discussions and activities. Working on other assignments or engaging in unrelated activities during class time is strictly prohibited.

(4)	上課請說中文，不說其他非中文語言。
Students are required to speak only Chinese during class.

(5)	上課可以喝飲料，但不能吃東西。
Beverages are permitted, but eating is not allowed in class.  

(6)	上課期間請將手機轉為震動或靜音模式。
Phones must be set on silent or vibrate mode during class.","15%	

出席 Attendance

(1)	每次上課皆應簽到。
Students must sign the attendance sheet to verify their presence.

(2)	上課不可無故遲到或早退。遲到或早退超過二十分鐘，視同缺席一小時。
Students are expected to arrive on time. Arriving more than 20 minutes late or leaving 20 minutes early will be counted as a one-hour absence. 

(3)	若因故無法出席，應在上課以前向老師請假。每學期至多可缺席九個小時（含遲到及早退），不扣分。超過九個小時，每小時扣出席成績1分。
 If you are unable to attend class, you must notify the instructor in advance. Students are allowed a maximum of 9 hours of absences (including tardiness and early departures) without penalty. Starting from the 10th hour, one point will be deducted from your attendance grade for each hour missed. 

(4)	缺課的人，應在下次上課前詢問同學當天上課的內容，以及作業和小考的範圍。
If you miss a class, you are responsible for asking a classmate about the material covered, assigned homework, and upcoming quiz before the next class.


15%	

課堂表現及參與 Performance & Participation

(1)	每次上課皆須攜帶課本、講義。 
Students must bring all required materials to every class.

(2)	上課應積極參與課堂討論，不應從事與課程無關的活動。
Students are expected to participate in class discussions and activities. Working on other assignments or engaging in unrelated activities during class time is strictly prohibited.

(3)	上課請說中文，不說其他非中文語言。
Students are required to speak only Chinese during class.

(4)	上課可以喝飲料，但不能吃東西。
Beverages are permitted, but eating is not allowed in class.  

(5)	上課期間請將手機轉為震動或靜音模式。
Phones must be set on silent or vibrate mode during class.

(6)	若違反以上規定，每次扣課堂表現成績一分。
One point will be deducted from your performance score for each violation of the above regulations.


15%	

作業 Homework

(1)	應準時繳交作業，遲交該份作業成績扣10分，且應在一周內補交，超過規定時間視同未交。
All assignments must be submitted on time. 10 points will be deducted for late homework. Assignments not received within one week after the deadline will receive a grade of zero.

(2)	若請假，則應提前繳交作業或請同學代交，否則視同未交。
If you are absent, you must submit your homework early or have a classmate submit it on your behalf; otherwise, it will receive a grade of zero.


15%	

聽寫與複習小考 Dictations and Review Tests

(1)	每次上課（期中考及期末考除外）都有聽寫小考。上課鐘響就考試，遲到、請假或缺席者不補考。聽寫成績中，最差的五次分數將不予計算。
A dictation quiz will be given at the start of every class (except during midterm and final exam weeks). No make-up quiz will be provided for late arrivals or absences. The lowest 5 quiz scores will be dropped. 

(2)	每上完一課會安排一次複習考，內容為筆試（含聽力測驗）。
A review test will be given at the end of every lesson.

(3)	如有作弊行為，當次考試以零分計算。
Any student caught cheating will receive a zero for the test.


20%	

期中考 Midterm Exam

(1)	包括筆試（含聽力測驗）及口試。
The final exam consists of a written section (including a listening comprehension component) and an oral section.

(2)	期中考將於指定日期舉行，不能補考。若因無法避免之因素無法參加考試，須提前告知老師並擇期補考，否則將以零分計算。 
The midterm exam will be held only on the assigned days. Make-up exams are not permitted except under unavoidable circumstances (e.g., serious illness or a family emergency). In such cases, you must notify the instructor in advance to arrange an alternative date; otherwise, you will receive a grade of zero.


20%	

期末考Final Exam

(1)	包括筆試（含聽力測驗）及口頭報告。
The final exam consists of a written section (including a listening comprehension component) and an oral presentation.

(2)	期末考將於指定日期舉行，不能補考。若因無法避免之因素無法參加考試，須提前告知老師並擇期補考，否則將以零分計算。 
The final exam will be held only on the assigned days. Make-up exams are not permitted except under unavoidable circumstances (e.g., serious illness or a family emergency). In such cases, you must notify the instructor in advance to arrange an alternative date; otherwise, you will receive a grade of zero.

本校尚無訂定 A+ 比例上限。
本校採用等第制評定成績，學生成績評量辦法中的百分制分數區間與單科成績對照表僅供參考，授課教師可依等第定義調整分數區間。詳見 學習評量專區。",
38437,華語教學碩士學位學程,"本課程適合未學過華語者(或學習華語時數每週未達6小時，且總時數未達100小時者)選修，使用的教材為《實用視聽華語一》(第一課~第六課)，盼學生能兼顧「聽說讀寫」四方面的語言能力，使學生生活不因語言不通而有障礙，並期望學生能透過課程進一步了解華語及台灣文化。
This course uses the textbook “Practical Audio-Visual Chinese I” (~chapter 6) to help students develop proficient language skills in listening, speaking, reading and writing that would enable them to communicate effectively in their daily lives. Through the course, students will further understand Taiwanese culture and language.","During the first two weeks, the course will focus on foundational skills (the pinyin system, tones, and the structure of Chinese characters). This stage is essential for progress in all aspects of language learning. Throughout the semester, students will learn how to greet others, introduce themselves, and manage basic social interactions, such as talking about themselves, their needs and preferences, and giving directions. The course aims to develop the following abilities:
1.	Learn to use Hanyu Pinyin.
2.	Understand the structure, stroke orders and writing method of Chinese characters.
3.	Understand basic Chinese sentence structure and word order.
4.	Capable of self-introduction and carrying on basic conversation.","1.Punctuality: Students should not arrive late or leave class early. If special circumstances arise, please inform the instructor in advance.

2.Language Use and Preparation: Students are expected to speak Chinese as much as possible during class and avoid using other languages. Please follow the course schedule by preparing before class and reviewing the material after class.

3.Classroom Conduct: Students should not engage in unrelated activities such as doing homework, chatting, or sleeping during class. Active participation in classroom activities, as well as listening to the instructor and classmates, is required.

4.Classroom Etiquette: Eating, drinking, and using mobile phones are not permitted during class. For any course-related questions, please consult the instructor and follow the instructor’s guidance.

5.Grading Standards: The grading criteria will be based on the syllabus and announcements posted on NTU COOL. Students are expected to read them carefully.","12%	

出缺席

-	遲到或早退20分鐘都以缺席1小時計。
-	每學期至多可缺席六個小時（含遲到及早退），不扣分。超過六個小時，每小時扣出席成績1分。
-	若因故無法出席，應在上課以前寫E-mail向老師請假，因病或公假須提出證明。


8%	

上課參與和表現

-	積極投入課程，完成課堂指定活動（分組討論）。


20%	

平時小考

-	平時小考包括：每堂課結束後的聽寫小考（第一週、期中考週和期末考週除外）以及每一課上完後的複習考。
-	每次聽寫小考在課堂的前十分鐘進行，遲到、請假或缺席者不得補考。最差的五次成績將不予計算。
-	如有作弊行為，當次成績以零分計算。


15%	

作業

-	應準時繳交作業，若遲交該份作業扣10分。
-	若遲交，應在一週內補交，超過規定時間視同未交。
-	若抄襲同學的答案或網路文章，或是找人代寫，經查證者，該份作業以零分計算。
-	若需請假，應提前繳交或請同學代交，否則視同未交。


20%	

期中考試

-	包括筆試（含聽力測驗）及口試。
-	無故缺席者不得補考。若因病或公假須提出證明並跟老師約時間補考。補考成績以原成績的90%計算。


20%	

期末考試

-	包括筆試（含聽力測驗）及口試。
-	無故缺席者不得補考。若因病或公假須提出證明並跟老師約時間補考。補考成績以原成績的90%計算。


5%	

語言任務

主題：介紹我喜愛的台灣小吃 / 在台灣點手搖飲的經驗
-	須繳交簡報檔案 (PowerPoint)。
-	簡報中必須包含該小吃或飲料的照片或短影片。
-	每位學生至少須說 10 句話，全程說中文。

本校尚無訂定 A+ 比例上限。
本校採用等第制評定成績，學生成績評量辦法中的百分制分數區間與單科成績對照表僅供參考，授課教師可依等第定義調整分數區間。詳見 學習評量專區。",4
31916,華語教學碩士學位學程,"1.	本課程適合未學過華語者（或學習華語時數每週未達 6 小時，且總時數未達 100 小時者）選修。
This course is designed for the beginners in Chinese Language, there’s no prerequisite for this course.

2.	本課程授課語言以中文為主，英文為輔。
This course will be conducted mainly in Chinese. English will be used only when referring to basic grammar principles and relevant key points.

3.	本課程使用的教材為：《實用視聽華語一》（第一課～第六課），盼學生能兼顧「聽說讀寫」四方面的語言能力，使學生不因語言不同而有障礙，並期望學生能透過課程，進一步了解華語及台灣文化。
This course uses the textbook “Practical Audio-Visual Chinese I” (~chapter 6) to help students acquire knowledge of spoken and written Chinese and to assist them in gaining proficiency and accuracy using these skills in real-life situations. The curriculum aims to help students develop the four skills (listening, speaking, reading and writing), which enable the learners to effectively communicate in daily conversations.","期望完成課程後，學生能具備以下能力：
After finishing the course, students can

1.	熟悉漢語拼音。
Be familiar with Hanyu Pinyin. 

2.	學生能讀、寫正體字，且聽、說兩項能力達到課程標準。
Be able to recognize and write traditional Chinese characters. Listening and speaking ability reach the level required.

3.	學生能學會得體地使用華語與他人溝通。
Use polite ways to respond to others under different circumstances, e.g., greet and introduce one another; discuss one another’s interests; be able to bargain with shopkeepers nicely; share their shopping experience with other friends after shopping.","1.	課前預習，課後複習。Students are expected to prepare before class and review after class.
2.	出缺席佔總成績10%，上課遲到20分鐘或提前20分鐘離開，計缺席一小時。缺席時數達30小時以上，依本校學則規定不核予成績。Attendance accounts for 10% of the final course grade. Being late for class by 20 minutes, or leaving class 20 minutes early, will be counted as one hour of absence. Students whose total absence exceeds 30 hours will receive no final grade, in accordance with university regulations. 
3.	請假不計入缺席時數，請病假需於一周內提供就醫證明，請公假需於事前提供相關證明文件，只有病假及公假不計入缺席時數。Only sick leave and official leave will not be counted toward absence hours. For sick leave, a medical certificate must be submitted within one week. For official leave, relevant documentation must be provided in advance.
4.	作業遲交扣分20%（病假除外，但需在一周內補交作業）。作業遲交一周以上，計零分。Late homework will receive a 20% deduction, except in cases of sick leave, provided the homework is submitted within one week. Homework submitted more than one week late will receive a score of zero.
5.	缺席考試，不予補考。若因公請假而缺席重要考試，請事先與教師討論。No make-up exam will be given for exam absence. If a student will miss an important exam due to official leave, they must discuss the situation with the instructor in advance.
6.	若作弊當次考試計零分。If a student is found cheating on an exam, the exam score will be zero.
7.	上課時可以喝飲料，但不能吃東西。請在休息時間進食。Drinks are allowed during class; however, eating is not permitted. Students are asked to eat during break time only.","10%	

出席率

Attendance


10%	

課堂表現

Performance


10%	

聽寫

Dictation


10%	

各課小考

Tests for each Chapter


20%	

作業

Homework (包含課堂分組活動成績Includes scores for classroom group activities)


20%	

期中考

Mid-term


20%	

期末考

Final Exam

本校尚無訂定 A+ 比例上限。
本校採用等第制評定成績，學生成績評量辦法中的百分制分數區間與單科成績對照表僅供參考，授課教師可依等第定義調整分數區間。詳見 學習評量專區。",6
35003,華語教學碩士學位學程,"1.	本課程適合未學過華語者(或學習華語時數每週未達6小時，且總時數未達100小時者)選修，使用的教材為《實用視聽華語一》(第一課~第六課)，盼學生能兼顧「聽說讀寫」四方面的語言能力，使學生生活不因語言不通而有障礙，並期望學生能透過課程進一步了解華語及台灣文化。
2.	本課程授課語言以中文為主，英文為輔。

1.	This course uses the textbook “Practical Audio-Visual Chinese I” (~chapter 6) to help students develop proficient language skills in listening, speaking, reading and writing that would enable them to communicate effectively in their daily lives. Through the course, students will further understand Taiwanese culture and language. This course is designed for those who have never taken Chinese, or those who have taken Chinese for less than 100 hrs. (6hrs/week).
2.	This course will be conducted mainly in Chinese. English might be used when necessary.","1.	學會使用漢語拼音。
2.	學會漢字的結構、筆順及寫法。
3.	了解華語基本句型及語序、架構。
4.	學會如何得體使用華語認識他人及介紹自我。

1.	Learn to use Hanyu Pinyin.
2.	Understand the structure, stroke orders and writing method of Chinese characters.
3.	Understand basic Chinese sentence structure and word order.
4.	Capable of self-introduction and carrying on basic conversation.","1.	上課時只能使用華語。
2.	依照課程要求課前準備、課後複習。
3.	準時上下課，如果請假，請提前告知老師，並在My NTU請假系統上請假。
4.	準時交作業，請勿使用翻譯軟體或人工智慧寫作業，使用翻譯軟體或人工智慧，該項作業分數為0分。

1.	Speak only Chinese in class. 
2.	Preview and review according to the class schedule.
3.	Attend class on time. If there is any reason that you cannot attend the class, please inform the instructor beforehand, and apply for leave on My NTU system.
4.	Hand in homework on time. DO NOT USE GOOGLE TRANSLATION OR CHATGPT FOR ANY ASSIGNMENT. The homework assignment would result in 0 point if google translation or chat GPT is used.","10%	

上課表現 Daily Performance

8-10 課前準備、認真上課、積極說華語
6-8  認真上課，可是沒有課前準備，上課沒有說華語
4-5  不認真上課，遲到、早退
1-3  上課玩手機、睡覺
0	沒有上課
   *如果你因為任何原因不能來上課，請給老師請假證明，沒有請假證明視同缺課，缺課5堂以上，你的期末成績會一堂課少三分。

Daily Performance 10%
   8-10 Prepared for the class, pay attention in the class, and participate actively with Chinese. 
   6-8 Pay attention in the class, but did not prepare for the class. Speak other languages that is not Chinese. 
   4-5 Did not pay attention in class. Being late to class or leave early. 
   1-3 Use cell phone in class, or sleep in class.
   0 Did not attend the class.
•	If you cannot come to class for any reason, please provide a written notice and apply for leave on My NTU. Leave without written notice is regarded as an unexcused absence. If you missed more than 5 classes, your final grade will be deducted for 3 points for each unexcused absence.


10%	

上課小考 Daily quizzes

每天開始上課時會小考，請在上課前準備好。小考不能補考，給老師請假證明後，當天小考不算分。

Daily Quizzes 10%
   Our class begins with a daily quiz. Please be prepared before coming to class. There is no make-up for quizzes. The grade will be dropped when you provide a written note for your leave.


10%	

作業 Homework

請準時交作業，遲交一個星期內的作業只有70%，遲交超過一個星期後的作業沒有分數。

Homework 10%
   Please submit your homework on time. Late homework will result in70% of the grade. The homework that is submitted later than one week will not be accepted.


25%	

課堂考試 Lesson Tests

上完每一課以後，我們會有一個考試，考試時間會提前告訴你，如果因為任何原因，你不能來考試，請跟老師請假，然後給老師請假證明。

Lesson Tests 25%
There will be a lesson test when we finish each lesson. The time of the test will be scheduled before each lesson. If you cannot come to the test, please inform the instructor beforehand, and apply for leave on My NTU.


15%	

分組影片 Film Project 

用第一課到第六課的主題、生詞和語法，做成一個7分鐘的影片。

Group Project 15%
   With your classmates, make a short film (7 minutes) with the grammar and vocabulary we have learned in this semester.


15%	

期中考試 Midterm Exam


15%	

期末考試 Final Exam

本校尚無訂定 A+ 比例上限。
本校採用等第制評定成績，學生成績評量辦法中的百分制分數區間與單科成績對照表僅供參考，授課教師可依等第定義調整分數區間。詳見 學習評量專區。",6小時
42282,華語教學碩士學位學程,,,,,
15194,轉譯醫學博士學位學程,,,,,
47511,轉譯醫學博士學位學程,,,,,
21184,永續化學科技國際研究生博士學位學程,,,,,
43776,永續化學科技國際研究生博士學位學程,,,,,
58563,永續化學科技國際研究生博士學位學程,,,,,
55702,永續化學科技國際研究生博士學位學程,,,,,
27618,,"＊＊＊ 
歡迎加入探索社會學的行列！想要加選本課程的同學，請至 ntu cool 平台填寫「選課意願」，老師會寄送授權碼給加選同學。
＊＊＊

我們多數人的一生都生活在社會之中，依賴他人、依賴社會而生存。在這堂社會學的入門課中，我們將一起探討什麼是社會、社會如何運作、社會之於個人的作用與意義、社會關係對人的影響等議題。這門課將引介同學以社會學的視野、社會學的想像力看見社會、瞭解社會的運作，並探索個體在社會中的角色。

我們將一起思考和討論發生在你我身邊的社會議題和現象，包括，#me too運動反映了哪些社會結構的問題？公私立大學的學雜費差距是否會強化教育不平等？又可能會發生在哪些層面？讓我們在想像力和好奇心之外，以更系統卻更有趣的方式，一起觀察社會世界，也解釋社會世界。

課程主軸包括「文化、規範與社會控制」、「社會結構與不平等」、「社會體制及其改造」三大單元，循序漸進引介社會學的重要概念及思考方式。",除了介紹社會學的基本概念，這門課也強調在地視角，以及激盪實作，希望藉由閱讀與討論、實際調查（勞動調查）與社會改革方案的發想（願景工作坊），探索台灣本土與國際上的社會現象，學習社會學、解讀社會萬象，並嘗試找到集體性的改變契機。,"課程要求與評分標準：

1. 課堂表現與出席（佔總成績10％）：課堂是師生協作的空間，也是共學的過程，你的參與和付出愈多，相信會有愈多收穫。尤其要深入瞭解一門學科領域，主動閱讀必不可少；上課前預讀教材，以及課後的延伸閱讀，將會幫助你更快領會社會學視野的獨到之處。老師也歡迎同學上課提問或發言，如果提出問題或有趣的觀點，會酌量加分。

2. 討論課的表現與出席（共佔 15％）：閱讀、討論和作業是這門課很重要學習方式，學期中有11次分組討論課（包含期末三週「願景工作坊」），會針對課程內容主題、或各次作業進行討論。討論課由助教帶領，並請同學輪流發言或記錄，助教會依討論課的投入程度、團隊合作、以及運用社會學能力等綜合表現給分。請假事宜請於上課前和負責帶領你討論課的助教聯繫。
【注意：討論課缺席一次，扣總成績3分。有四次（含四次）以上未到或嚴重遲到，該項成績不給分。】。

3. 個人作業（25%）：這門課共有兩次個人作業，詳細內容請參見第一週和第四週的作業Ｉ和作業II。

4. 分組作業（50％）：請在第五週時尋找其他同學，組成人數五到七人的小組（跨科系為佳），共同完成兩次小組作業，包括作業III「勞動調查」（參見第六週作業），及期末三週的「願景工作坊」活動。

作業評分將以資料的紮實和豐富性、以及對社會學知識的運用能力作為依據。建議搭配課堂講授的內容，","10%	

課堂表現與出席

詳見課程要求


15%	

討論課的表現與出席


25%	

個人作業


50%	

分組作業

本校尚無訂定 A+ 比例上限。
本校採用等第制評定成績，學生成績評量辦法中的百分制分數區間與單科成績對照表僅供參考，授課教師可依等第定義調整分數區間。詳見 學習評量專區。",
34229,,"我們多數人的一生都生活在社會之中，依賴他人、依賴社會而生存。在這堂社會學的入門課中，我們將一起探討什麼是社會、社會如何運作、社會之於個人的作用與意義、社會關係對人的影響等議題。這門課將引介同學以社會學的視野、社會學的想像力看見社會、瞭解社會的運作，並探索個體在社會中的角色。我們將一起思考和討論發生在你我身邊的社會議題和現象，包括，#me too運動反映了哪些社會結構的問題？公私立大學的學雜費差距是否會強化教育不平等？又可能會發生在哪些層面？讓我們在想像力和好奇心之外，以更系統卻更有趣的方式，一起觀察社會世界，也解釋社會世界。

課程主軸包括「文化、規範與社會控制」、「社會結構與不平等」、「社會體制及其改造」三大單元，循序漸進引介社會學的重要概念及思考方式。",除了介紹社會學的基本概念，這門課也強調在地視角，以及激盪實作，希望藉由閱讀與討論、實際調查（勞動調查）與社會改革方案的發想（願景工作坊），探索台灣本土與國際上的社會現象，學習社會學、解讀社會萬象，並嘗試找到集體性的改變契機。,"課程要求與評分標準：
1. 課堂表現與出席（佔總成績10％）：課堂是師生協作的空間，也是共學的過程，你的參與和付出愈多，相信會有愈多收穫。尤其要深入瞭解一門學科領域，主動閱讀必不可少；上課前預讀教材，以及課後的延伸閱讀，將會幫助你更快領會社會學視野的獨到之處。老師也歡迎同學上課提問或發言，如果提出問題或有趣的觀點，會酌量加分。

2. 討論課的表現與出席（共佔 15％）：閱讀、討論和作業是這門課很重要學習方式，學期中有11次分組討論課（包含期末三週「願景工作坊」），會針對課程內容主題、或各次作業進行討論。討論課由助教帶領，並請同學輪流發言或記錄，助教會依討論課的投入程度、團隊合作、以及運用社會學能力等綜合表現給分。請假事宜請於上課前和負責帶領你討論課的助教聯繫。
【注意：討論課缺席一次，扣總成績3分。有四次（含四次）以上未到或嚴重遲到，該項成績不給分。】。

3. 個人作業（25%）：這門課共有兩次個人作業，詳細內容請參見第一週和第四週的作業Ｉ和作業II。

4. 分組作業（50％）：請在第五週時尋找其他同學，組成人數五到七人的小組（跨科系為佳），共同完成兩次小組作業，包括作業III「勞動調查」（參見第六週作業），及期末三週的「願景工作坊」活動。

作業評分將以資料的紮實和豐富性、以及對社會學知識的運用能力作為依據。建議搭配課堂講授的內容，","10%	

課堂表現與出席

課堂是師生協作的空間，也是共學的過程，你的參與和付出愈多，相信會有愈多收穫。尤其要深入瞭解一門學科領域，主動閱讀必不可少；上課前預讀教材，以及課後的延伸閱讀，將會幫助你更快領會社會學視野的獨到之處。老師也歡迎同學上課提問或發言，如果提出問題或有趣的觀點，會酌量加分。
每週課程結束前，要請同學針對該週主題或老師課堂上的提問，寫memo回應（50~100字即可，會挑8次最言之有物的內容計分），這樣的反思有助於加強印象並釐清概念，也讓老師有機會知道你的想法。


15%	

討論課的表現與出席

閱讀、討論和作業是這門課很重要學習方式，學期中有12次分組討論課（包含期末三週「願景工作坊」），會針對課程內容主題、或各次作業進行討論。討論課由助教帶領，並請同學輪流發言或記錄，助教會依討論課的投入程度、團隊合作、以及運用社會學能力等綜合表現給分。請假事宜請於上課前和負責帶領你討論課的助教聯繫。
【注意：討論課缺席一次，扣總成績3分。有四次（含四次）以上未到或嚴重遲到，該項成績不給分。】。


25%	

個人作業

這門課共有兩次個人作業，詳細內容請參見第二週和第四週的作業Ｉ和作業II。


50%	

分組作業

請在第五、第六週時尋找其他同學，組成人數五到七人的小組（跨科系為佳），共同完成兩次小組作業，包括作業III「勞動調查」（參見第六週作業），及期末三週的「願景工作坊」活動。

本校尚無訂定 A+ 比例上限。
本校採用等第制評定成績，學生成績評量辦法中的百分制分數區間與單科成績對照表僅供參考，授課教師可依等第定義調整分數區間。詳見 學習評量專區。",
13418,社會學系 / 社會科學院院學士學位,,,,,
28784,社會學系,,,,,
48130,社會學系,,,,,
59619,社會學系 / 社會學研究所,,,,,
95113,社會學系,,,,,
46841,社會學系 / 社會學研究所,,,,,
34200,社會學系 / 婦女與性別研究學程 / 社會學研究所,,,,,
31133,社會學研究所,"這是一門談高等統計方法的課。本課程會教授實證研究必備的統計分析方法。大體上會包括下列列統計方法：

A.Simple Linear Regression
(1)Linear Regression and its inferences
(2)Diagnostics and Remedial Measures

B. Multiple Regression
(1)Introduction to Multivariate Relationships
(2)Multiple Regression Analysis: Basics
(3)Multiple Regression Analysis: General Linear Tests
(4)Multiple Regression Analysis: Multicollinearity
(5)Multiple Regression Analysis: Model Selection 

C.Regression on Dummy Variables and Analysis of Covariance 
(1) Regression on Dummy Variables: ANOVA model
(2) Regression on Dummy Variables: ANCOVA model

D. Logistic Regression and Other Regression Models of Qualitative Dependent Variable
(1) Logistic Regression: Basics
(2) Logistic Regression: Statistical Inference
(3) Logistic Regression: Advanced topics",本課程目的在讓學生瞭解常用的高等統計方法，培養對統計論證的批判態度，並奠定作實證研究之基礎。,學生必須上課聽講、研讀指定教材及補充講義，學習使用SPSS或Stata來做四份統計作業，並回答考試題目。,"45%	

期中考試


45%	

期末考試


10%	

平時成績

作業成績及課堂參與

本校尚無訂定 A+ 比例上限。
本校採用等第制評定成績，學生成績評量辦法中的百分制分數區間與單科成績對照表僅供參考，授課教師可依等第定義調整分數區間。詳見 學習評量專區。",5
58636,社會學研究所,"請注意，因應社會系館修繕作業，上課地點會進行彈性調整。請務必注意課堂相關公告。第一周改至社科研604上課。

寫論文是完成碩士訓練的最後一哩路，但也是很多研究生開始卡關、覺得最寸步難行的一段歷程。本課程是設計給已經蒐集了資料、開始嘗試組織觀點的研究生；以及已經撰寫出論文初稿，正準備將論文精煉、改寫為研討會、期刊論文或大眾科普文章的研究生。
這門課授課對象設定為實際進入寫作過程的研究生。考量到修課同學應已修過研究法、並早已蒐集了相當的研究資料，因此本課程將會著重在論文的分析寫作和架構規劃上，而不會花太多時間討論同學研究前期所遭遇的種種困擾（例如提問、研究設計、或是資料蒐集執行上的困擾等）。學期中會逐步安排一連串分項小作業，希望同學透過邊學邊寫、彼此互當讀者評論切磋。每周課堂都設計有「拆解觀摩」和「寫作時間」時間，一方面透過仿效、分析、評論論文的方式，來建立對寫作技法的觀察和敏感度，另一方面透過實際動手寫、同儕相互回饋修訂等練習過程，來持續累積論文寫作進度。希望可以到期末逐步完成一篇有頭有尾的論文初稿或或論文章節。","本課程將透過結合文本評析和實務練習，傳遞以下幾項論文寫作的重要訊息：

1.	寫論文沒有捷徑，每篇論文都是作者反覆修改、不斷精煉才完成。所以想要完成論文，一定得克服讓人動不起來的摩擦力，持續進行書寫、並且不畏修改。
2.	學術論文是一種特殊的文本，目的是讓作者和其他學術界的讀者溝通，並提出自己對經驗現象的獨到觀察或發現。也就是說，論文的目的是（和文獻也和讀者）「對話」，基本上還是必須符合學術社群認可的一般體例或組織方式；所以本課程會花一些時間討論如何組織論文架構，及如何清晰呈現你的論點，以進行更有效的溝通。我們也許沒有辦法一步就寫出廣為流傳的曠世巨作，但可以透過強化自己對於不簡潔、不夠精確等表達方式的警覺，來協助我們成為更能和讀者溝通的作者。
3.	寫論文是一個有機的過程，即使作者花了很長的時間分段撰寫，還是須透過事先規劃架構、過程中反覆修改，來釐清思考邏輯和論證的轉接等環節，以提高論文的整體性和連貫性。我們或許沒有辦法一步就寫出首尾一貫的論文，但還是可以透過掌握分析和舉證的要領，協助讀者理解我們的推論過程。

我很希望，這門課可以協助同學克服對寫論文的畏懼，幫助大家順利完成寫作這最後一哩路！","1.	每週同學須讀完指定讀本，並挑一個自己選的目標文本（可以維持一致，也可以每週或視情況更換，需上傳），準備到課堂上，以該周練習主題來針對該文本進行分析討論。
2.	每週都有小作業，希望同學都確實於上課前一夜（周一）晚上8:00前完成上傳至指定雲端檔案夾、以利課堂討論。我們希望同學都透過實際動手寫、以及彼此當讀者、相互評論切磋的過程來提昇自己的寫作能力。
3.	除了事前完成的小作業，我們也會在課堂上進行寫作練習/改寫與討論。請同學攜帶適合當場寫作的工具（電腦、平板或紙本都行）上課。","75%	

作業


15%	

討論與參與


10%	

出席

本校尚無訂定 A+ 比例上限。
本校採用等第制評定成績，學生成績評量辦法中的百分制分數區間與單科成績對照表僅供參考，授課教師可依等第定義調整分數區間。詳見 學習評量專區。",2hr/2hr
27394,社會學研究所,,,,,
24693,社會學研究所,,,,,
48511,氣候變遷與永續發展國際學位學程 / 環境社會治理學分學程 / 社會學研究所,,,,,
12239,社會學研究所,,,,,
41493,社會學研究所,,,,,
30582,社會學研究所,,,,,
50789,財金碩士學位學程,,,,,
54671,財金碩士學位學程,,,,,
10738,財金碩士學位學程,,,,,
38677,財金碩士學位學程,,,,,
34734,財金碩士學位學程,,,,,
54610,財金碩士學位學程,,,,,
48789,政治經濟碩士學位學程,,,,,
47189,政治經濟碩士學位學程,,,,,
14589,政治經濟碩士學位學程,,,,,
48596,政治經濟碩士學位學程,"-This course is designed for students who are interested in building basic knowledge about corporate governance and how to relate those concepts to a leadership role. 
Real world cases are used throughout the semester to illustrate relevant concepts.",same as above,課前研讀當週教案,,1-2 小時
28711,政治經濟碩士學位學程,,,,,
95045,政治經濟碩士學位學程,,,,,
52021,政治經濟碩士學位學程,,,,,
33616,運動設施與健康管理碩士學位學程,本「NBA 2K MyGM 運動管理實務」課程以 16 週為期，結合理論講授、遊戲情境與數據工具操作，帶領學生從零建構球隊經營思維。前 10 週透過目標設定、戰力選材、財務管理、品牌與社群行銷、票務與收益等主題，循序理解一支職業球隊在戰術、財務、人才與市場之間的權衡關係。第 11–15 週則以兩組對抗的期末團隊專案為主軸，學生分工扮演總經理、總教練、行銷與財務分析等角色，在 MyGM 模式中實際進行決策、紀錄過程並進行中期檢核與策略調整。第 16 週整合 Excel／Google Sheets、互動圖表、Canva 海報與 PowerPoint 流程圖或甘特圖等數位工具，完成個人球隊經營數據分析與小組期末成果簡報與反思，期望培養學生兼具運動管理知識、團隊協作與數位素養的實務能力。,"課程目標為以下：
1.建立學生對職業運動管理基本概念的理解，能說明球隊在戰績、財務、人力與行銷之間的關聯。
2.讓學生理解並實際運用資源基礎理論、團隊建設理論與收益管理等核心理論於球隊經營情境。
3.培養學生在 MyGM 模式下進行多面向決策的能力，能說明每項關鍵決策的理由與預期效果。
4.強化學生運用 Excel 或 Google Sheets 進行數據整理、統計計算與圖表視覺化的能力。
5.提升學生閱讀與解讀戰績、財務報表、票務與市場數據的能力，並能提出具體改善建議。
6.培養學生在小組中分工協作的能力，能明確扮演總經理、總教練、行銷或財務分析等角色並完成任務。
7.促進學生有效運用數位溝通與協作工具（雲端文件、試算表等），完整紀錄決策過程與討論結果。
8.訓練學生運用簡報、流程圖與甘特圖等工具，清楚呈現球隊經營策略與執行進度。
9.培養學生在面對賽季危機或限制條件時，能提出兼顧短期與長期的應變策略與風險評估。
10.引導學生在課程結束時進行自我與團隊反思，比較自己在運動管理知識與數位技能上課前與課後的成長。
11.利用 Excel／Google Sheets 呈現戰績、票務收益與市場趨勢、使用 Google Analytics 類型介面建置互動圖表、以 Canva 製作行銷海報，PowerPoint 結合流程圖或甘特圖展示策略變更與執行計畫。","1.尊重智慧財產權，請勿非法列印上課書籍。
2.請假及作業請按上課老師規定辦理。
3.請按繳交時間繳交作業，遲交作業以扣分方式計算。
4.課堂不定期繳交平時作業，列入課堂參與評量。
5.課程大綱將根據課堂需求進行滾動式調整。
6.本課程設計通過教育部教學實踐計畫，已獲臺灣大學研究倫理中心通過執行，學生同意參與本課程研究需填畢研究者知情同意書。","15%	

單元作業與作品

對應每週的重點任務，例如球員能力評估表、戰術圖表分析、情境應變紀錄、小型報告等。


30%	

期末整合成果

第 11–15 週形成一個整合作品，「數據驅動的球隊戰術設計報告」或「模擬球季管理企劃」。核心元素：球員評估、戰術組合比較、Excel 圖表、多場景策略設計與調整、策略設計是否有明確的數據支撐


15%	

課堂表現與參與

在遊戲操作、分組討論、數據實作、戰術討論時的參與程度與態度。​
評量重點：
是否主動參與討論，願意提出想法或回應同組同學的觀點。
在 NBA 2K 實作或模擬活動中，是否有投入觀察、嘗試調整戰術與輪替。
面對不同意見時是否能理性溝通、調整；在小組中是否有負責分工（例如：資料整理、記錄、發表）。


15%	

情境應變與即時決策表現

「情境管理」與「主力受傷／犯規麻煩」等模擬活動，強調的壓力情境下數據驅動決策能力。​
評量重點：
在限時情境中能否提出具體的換人、戰術或節奏調整方案。
調整時是否能清楚指出「哪一個數據」支持這個決策，例如效率值、犯規數、體力、對位失分等。
是否能說明自己的結果預期與決策信心來源。


10%	

反思與學習歷程檔案

1–16 週的作品與反思整理，並評估學生的自我檢視能力。​
評量重點：
是否完整整理課程中關鍵作品（例如：球員能力評估表、戰術圖表分析、情境應變紀錄、期末整合報告等）。
反思內容是否具體，能指出自己在數據分析、戰術思考、團隊溝通或壓力應變上的成長與不足。
版面與結構是否清楚，有利於教師看出學習脈絡與成果。


15%	

學生互評

於期末進行各組成員互評，確保各組成員皆能共同完成任務

本校尚無訂定 A+ 比例上限。
本校採用等第制評定成績，學生成績評量辦法中的百分制分數區間與單科成績對照表僅供參考，授課教師可依等第定義調整分數區間。詳見 學習評量專區。",至少3小時
13285,運動設施與健康管理碩士學位學程,運動感測科技（Sensor Technology in Sports; STS），必須先了解STS與運動使用者之間的相關知識，再觀察與研究運動的特性，並以運動使用者為中心來應用STS設備。運動感測科技的概念讓學生開始了解運動者的需求，在實際的STS應用環境中，探索可能（時程或能力等）的因素。課程中清楚釐清STS資訊，透過課程教學的管道獲得相關知識、經驗與敏銳的洞察力等，藉由STS專題相互交流學習，加強學生的創意、實用性，進而提昇專業與實務之間的成效。,"這門課程的核心在於建立一個以「人」為核心的技術應用架構。課程目標並非單純硬體操作，而是培育具備跨領域洞察力的專業人才，讓學生在掌握運動感測科技（Sensor Technology in Sports）的同時，能精準對接運動現場的實際需求。達到的目標有：
一、 從使用者出發，建立知識地圖
課程的首要目標是引導學生建立深厚的知識基礎。學生必須先釐清 STS與運動使用者之間的共生關係。這包括了解不同運動項目的生物力學特性，以及運動者在生理與心理層面的數據需求。透過觀察與研究運動的本質，學生將學會以「使用者中心」的角度出發，確保 STS設備的應用能真正解決痛點，而非僅是技術的堆砌。
二、 實務探索並連結理論與現實環境
在掌握基礎知識後，課程重點轉向實務環境的探索。運動科技的落地往往受限於現實因素，如設備的採樣頻率、運動者的體能極限或訓練時程的安排。課程旨在培養學生在複雜的 STS應用場景中，識別並評估這些影響因素的能力。透過實際操作，學生能學習如何將抽象的感測資訊轉化為具體的訓練指標，縮短科技理論與實務應用之間的鴻溝。
三、 專題交流以激發創意與洞察力
為了提升學生的專業廣度，課程設計了大量的專題交流環節。目標在透過系統化教學，獲得對感測數據的敏銳洞察力。藉由 STS專題的相互討論與學習，激盪出具備創意且具實用性的解決方案。最終強化學生在專業分析與現場執行之間的實務成效，使其能根據不同運動情境提供精準的技術支援。

本課程最終期待學生不僅能操作STS工具，更具備定義問題與解決問題的能力。透過科技的輔助，學生將學會如何提升運動表現、預防傷害，並在科技日新月異的運動產業中，展現具備實務深度的專業素養，達成科技與運動專業的完美整合。",自備3C設備，以便實際操作。,"100%	

專題及期末報告

實作討論:進行感測科技資料收集、分析，進行討論。
期末報告:期末成果簡報。

本校尚無訂定 A+ 比例上限。
本校採用等第制評定成績，學生成績評量辦法中的百分制分數區間與單科成績對照表僅供參考，授課教師可依等第定義調整分數區間。詳見 學習評量專區。",3:3
49699,運動設施與健康管理碩士學位學程,,,,,
53734,統計與數據科學研究所,,,,,
33634,統計與數據科學研究所,,,,,
33611,統計與數據科學研究所,,,,,
18273,統計與數據科學研究所,,,,,
15891,統計與數據科學研究所,,,,,
18225,統計與數據科學研究所,,,,,
30854,學務處課外活動組,,,,,
35153,學務處課外活動組,,,,,
41494,學務處課外活動組,,,,,
32602,學務處課外活動組,,,,,
10996,學務處課外活動組,,,,,
55904,學務處課外活動組,,,,,
51977,學務處課外活動組,,,,,
16787,學務處課外活動組,,,,,
39751,學務處課外活動組,,,,,
53572,學務處課外活動組,,,,,
12445,學務處課外活動組,,,,,
44473,學務處課外活動組,,,,,
14493,學務處課外活動組,,,,,
44980,學務處課外活動組,,,,,
27421,學務處課外活動組,,,,,
14166,學務處課外活動組,,,,,
34091,學務處課外活動組,,,,,
27194,學務處課外活動組,,,,,
26186,學務處課外活動組,,,,,
57688,學務處課外活動組,,,,,
29901,學務處課外活動組,,,,,
22846,學務處課外活動組,,,,,
10346,學務處課外活動組,,,,,
45304,學務處課外活動組,,,,,
28602,學務處課外活動組,,,,,
23128,,"因系館廁所修繕工程，本學期上課皆改至「社科院406教室」上課。

=============================================

本課程為社工系大學部入門必修課。旨在介紹社會工作專業的基本知識，初探社會工作專業的多元樣貌，使學生從此入門課對社會工作專業產生興趣，並培養社會工作專業價值的認同與對社會正義的敏感度。本學期的課程銜接「社會工作概論上」所介紹的基本「知識」、「價值」、「技巧」，延伸聚焦於探討社會工作實務的多元領域、服務對象、以及相關議題，以專科社工師五大分科為基礎：「醫務」、「心理衛生」、「兒童、少年、婦女及家庭」、「老人」、「身心障礙」，課程主題包括貧窮、兒童青少年、婦女與家庭、多元性別、學校社會工作、老人福利、身心障礙、心理衛生、醫務與健康照顧、少數族群（原住民族、新住民）、和其他社會工作領域和新興議題等，課程將著重於這些群體和議題所產生的「需求」，以及現行政府社會福利政策和社會服務制度如何回應需求，期待同學透過了解社會工作專業和社會福利制度的角色，對於社會工作參與多元議題有基礎認識。

社會工作概論課程著重在「思考」與「實踐」的訓練，強調自我探索與專業認同的發展，培養學生同時具備社會工作者的基本知能，助人工作者的專業價值與方法，以及批判性思考與運用科學實證的能力；並能了解自己價值體系的養成，以及對多元的實務領域有初步認識，引導學生進入社會工作的職涯選擇與準備。期待每位同學在修完本學期課程，能具備社工的「思考」與「實踐」能力，並萌發個人對社工實務特定領域的興趣。

=============================================

因系館廁所修繕工程，本學期上課皆改至「社科院406教室」上課。","本課程預計協助並期待學生達成以下目標，具備以下知能：
－了解社會工作多元專業領域的發展脈絡、政策立法與發展議題。
－認識社會工作多元專業領域中，社會工作者的角色與實務技巧。
－了解當代社會議題以及相對應的福利政策和工作服務領域。
－認識多元和弱勢族群，並了解社會變遷與結構對弱勢族群的影響，以及相關議題探討。
－探索個人價值與社會工作專業的認同。
－培養對社會正義的關懷和敏感度。
－培養批判性思考與獨立思辨能力。","社會工作教育著重在專業助人知識、技巧、價值、倫理的傳遞，同學在修課學習的同時，也在慢慢實踐社工相關的專業行為。因此，適當的課堂表現與互動方式須秉持社工專業價值與倫理，如積極參與課堂互動、開放態度自我探索、尊重多元與差異、正向且優勢觀點思考。

1. 討論課：除週二上午大堂正課外，同學須參與每週一次討論課，依學號單雙號分別排至週四和週三第5-6節（以12:20-13:40為基準，保留開始與結束時間彈性）。同學若排課有困難於開學第一週做調整，組別確認後不得調換，每週須穩定出席並完成相關作業。討論課由研究生助教帶領議題討論或活動；討論課形式由助教主導，老師協助。請同學務必準時出席，並積極參與。若須請假、遲到、早退，請依各組助教規定。

2. 課堂出席：請同學準時出席課堂，課堂間會不定期點名、抽點名。除點名外，老師與助教每次課後會記錄出席狀況。如需請假，臨時遲到或早退，請於上課當天8:00 am前email給老師（非課程助教），於學生請假系統中申請。

3. 課堂參與：課程（包括助教討論課）進行需要每位同學積極參與，包括自我分享、小組討論、課堂問答、互動活動，同學的參與可使課堂學習更豐富，也建立合作學習的氛圍。

4. 課前準備：請同學務必在課前完成","25%	

課程出席與參與（含助教討論課

請同學準時出席上課及助教討論課，課前閱讀各週指定閱讀教材，上課積極參與小組和課堂討論和活動，課後在網路討論版上分享交流。課程出席的評量會依據週二正課不定期點名，點名當下未到將扣出席成績1分。課程參與的評量會參考課堂發言率、小組討論積極度、網路討論版參與。討論課出席與參與會由助教評分，請同學務必配合助教要求。


10%	

指定閱讀提問與反思

同學於當週上課12⼩時前（即週一晚間9點前），於NTUCOOL討論版分享完成指定閱讀的提問與反思。可以以「想要在課堂上討論的題目」的方向思考，內容可以針對閱讀中看不懂的部分、從閱讀反思自己生命經驗的分享、延伸思考相關議題的批判、分享相關主題的新聞或社會事件並說明原因、針對即將課堂邀請演講的問題、或與同學的發文進行討論交流等等。每次發文的內容與長度不限，但需與閱讀內容和該週主題有相關。

本學期至少發文10次（即10週主題），每次1分，若逾時（系統時間超過週一晚間9:00 pm）不予計算該次分數。

鼓勵同學透過此方式整理自己對於指定閱讀的理解和相關議題的思考，並能夠透過討論版的交流，針對彼此的提問相互回應。留意發文的禮儀，勿有歧視用語，也尊重彼此的發文。


25%	

期中考試

期中考試範圍包含上半學期的主題，包括指定閱讀、課堂和討論課內容、課程簡報、課程演講、以及補充材料。考試形式待定。


15%	

期中個人作業：需求覺察和領域認識

此項作業請同學撰寫一份對於社會工作多元群體需求理解和自我價值覺察的反思，作業目的在於引導同學覺察自己對特定群體的想像與認識，檢視自己如何理解（或未能理解）該群體的需求和權利，以及這些理解從何而來，是否來自於自身相同身分認同的經驗、家庭互動與成長歷程，或長期累積的社會與文化影響，並反思其中是否隱含刻板印象或偏見，與課堂學習有何異同。同學可以上學期個人作業分享的價值體系建立為基礎，回顧自己從小到大，或在與家人對話互動過程中，或是在學校和媒體教育之下，如何逐步形塑對於特定群體的印象和理解。其中可以是自己長時間的接觸互動經驗，或特定事件帶來的感受和反思。所探討的群體和議題可以涵蓋性別、年齡、族群、身心健康、社經地位、教育程度、居住地、移民/移居史等部分，或是以課程各週主題為基礎，也可以交織各種群體和身分認同，再進一步探索、覺察、反思這些身分認同的交織如何影響個人處境和社會工作服務的需求。作業期待同學再次回顧自身價值體系的形成歷程，反思自己的視角和位置，深化對多元群體與身分交織議題的理解，並培養具文化敏感度與批判反思能力的專業觀點，了解社會工作專業如何做到多元身分交織下的需求回應和權利保障。

繳交期限為5/05（第11週），詳細說明和要求將於作業區補充。


5%	

期末個人作業：海報展學習與反思 

此項作業請同學根據期末參與海報報告展撰寫心得與反思，作業可先分享整體參與的經驗，並針對特定小組的海報內容和個人主題學習進行討論，同時檢視個人如何整合與思考整學期的課程學習和此活動的體驗。作業目的希望同學能積極參與各組海報報告，除專心聆聽與學習之外，能帶著「好奇心」去詢問、討論、甚至針對論述矛盾處進行挑戰各小組的內容。作業期待同學除了課程學習之外，能夠透過其他同學的資料整理和呈現，有觸及到課程未能詳盡介紹的社會工作領域，同時也對於社會議題和社會工作專業的多元性有所整合。 

繳交期限為6/09（第16週），此項作業不接受遲交/補交，逾期即以零分計算，詳細說明和要求將於作業區補充。


20%	

小組海報報告：社會議題探索與社會工作專業回應

同學於學期初分組（原則上6~8人），以本學期各週主題為基礎（但不限於課程介紹的主題），挑選一項小組有興趣的社會議題進行討論與分析，並嘗試整理和介紹目前臺灣社會哪個/哪些社會福利政策、社會服務制度、社會福利單位在嘗試回應該項議題。作業目的期待同學能從課程基礎了解社會議題的複雜性，針對有興趣的議題明確探索其定義、原因、影響，並透過批判性思考，探索社會工作專業如何回應多重複雜的議題，並嘗試思考新興領域的倡議或發聲。 期待小組探索該議題的計畫可以透過資料查找、學術期刊論文閱讀、參訪社福機構、訪談實務工作者、參與志願服務等方式來了解特定領域社會工作的運作。最終呈現將製作研討會海報形式。也期待其他組同學能藉此相互學習，探索課程中未提到的多元社會工作領域。故會再請各小組將海報上傳自討論區，分享予全班同學，同時透過線上交流討論。

 海報須至少包含以下內容（A0直式海報）： 
1. 主題和小組成員。
 2. 群體或議題的定義和需求描述。 
3. 專門領域社會工作專業或單位介紹和回應該議題方式。 
4. 小組延伸思考該議題需要多努力的部分（若臺灣尚未有專門政策、服務、單位回應相關議題）。
5. 小組探索該議題之行動計畫（附於第二頁）。 
6. 參考資料（附於第二頁）。

 為確認各組進度和主題探索，學期中需繳交五次進度報告： 
1. 分組名單（第3週）；
2. 主題設定與說明（第5週）；
3. 探索計畫（第7週）；
4. 初探結果（第12週）；
5. 海報設計（第14週） 。

（若有任何原因無法參與組成小組進行團體報告，可再與老師討論調整方式）

本校尚無訂定 A+ 比例上限。
本校採用等第制評定成績，學生成績評量辦法中的百分制分數區間與單科成績對照表僅供參考，授課教師可依等第定義調整分數區間。詳見 學習評量專區。",3-5小時
47492,,,,,,
32256,,本課程旨在以系統方式探討社會情境如何影響個人的想法與行為，關注他人與所處團體對個人的影響；藉由多元理論與研究取向的引介，提昇學習者對人類社會行為本質及成因的瞭解，進而增進其對自身及他人社會行為的理解。,"本課程期能透過課堂講授與討論，完成以下目標：
1.	介紹社會心理學的基本概念、理論與發展。
2.	探討個人於特定社會情境中的內在心理歷程。
3.	解析人與人互動行為的成因、過程與結果。
4.	瞭解團體發展的過程，以及團體對個人及其他團體的影響。
5.	學習以科學方法理解人類的社會行為，並將學習成果運用於社會工作專業服務。","1.授課方式以教師講授為主，同學須依進度事先閱讀指定教材，以利課堂討論。
2.隨堂作業：於課堂結束前統一繳回，或於24小時內補交。逾時24小時以內扣當次成績20%，之後每多逾一天多扣10%。
3.課後作業：須於指定期限內繳交。逾時24小時以內扣當次成績20%，之後每多逾一天多扣10%。
4.分析報告：(1)第10週繳交(4/27(一)12:00前)：任選一人為分析對象，檢視遺傳、性格、情境、環境、文化等因素對個人生涯之影響。(2)第14週繳交(5/25(一)12:00前)：以自己為分析對象，檢視遺傳、性格、情境、環境、文化等因素對個人生涯之影響。須於指定期限內繳交。逾時24小時以內扣當次成績20%，之後每多逾一天多扣10%。","30%	

期中考


30%	

期末考


20%	

平時作業（隨堂作業＋課後作業）


8%	

分析作業(1)


12%	

分析作業(2)

本校尚無訂定 A+ 比例上限。
本校採用等第制評定成績，學生成績評量辦法中的百分制分數區間與單科成績對照表僅供參考，授課教師可依等第定義調整分數區間。詳見 學習評量專區。",３
14976,社會工作學系,"【重要】今日(2/23)請改至社科院五樓503教室上課

「人在情境中」是社會工作實務重要基石，因為社工專業相信人類行為的模塑過程相當複雜，除了個人的因素外，亦受到其生理、心理及社會等因素的影響。社工從事助人的過程，有必要瞭解這些模塑個人的動態因素，作為其介入與服務的規劃依據。本課程將依據一個多元的知識架構來介紹有關人類行為與社會環境的內涵，及「生理心理社會」(bio-psycho-social)架構，並提供一個整合的取向來評量人類成長歷程及社會生活功能，進而建構社會工作實務中有關人類行為與社會環境的知識。",本課程的目標在協助學生熟悉生理、心理和社會的評估架構。本課程的進行將以課程講授和多媒體教學為主軸，輔以修課學生的小組討論、實例報告、書面作業等教學之方式，學習有關人類行為與社會環境的知識，以及其與社會工作實務之關係。,"期中個人報告 (30%)
期末小組報告 (50%)
出席(20%)",,
43034,,"！！重要公告：本週（3/05）課程改至社會科學院507教室！！

統計是認識社會現象的有效工具之一。本課程將提供社會統計的基礎訓練，協助修課學生瞭解基本的統計分析方法，並搭配論文期刊實例與軟體教學（R與SPSS）協助學生瞭解統計的基本概念、運用與詮釋。

本課程共有三大部份。首先介紹統計基本概念與描述性統計，接著介紹雙變數分析，最後為多變數分析。課程將注重與社工專業有關的實例應用與課堂練習，透過演講授課（搭配線上學習資料）與實習協助學生理解統計方法。本課程將聚焦統計方法背後的意涵與邏輯，培養學生理解量化數據與分析能力，並將所得的統計數字結果轉換成有意義的文字解釋。本課程亦將教導學生理解與解讀使用統計方法的實證文章，以及運用R和SPSS來執行統計運算。

課程將包含講授與實習。在講授部份，教師將講授統計分析方法的概念、原理與應用，輔以R與SPSS的軟體教學與程式碼撰寫。實習課由助教協助講解課程概念、習題解答、與使用R與SPSS進行統計分析。為達良好的學習效果，每週將配合","本課程目標為培養學生統計分析與資料詮釋的基本觀念，並運用統計軟體進行分析。學完本課程後，學生應能夠：
•	瞭解統計的基本假設、概念與應用。
•	運用R與SPSS進行所學到的統計方法。
•	解讀統計分析結果、報表解釋與資料詮釋。",課程大綱為本課程之教學契約，載明課程目標、教學安排、,"與修課規範。未完整閱讀或忽視課程大綱，可能對學習成效造成負面影響。授課教師預期學生應仔細閱讀並熟悉課程要求；本大綱亦作為本學期教學與行政執行之依據。

本課程將介紹R與SPSS軟體的運用，無使用R與SPSS統計軟體經驗者可修課，但需投入時間練習語法與上機操作

學生應準時上課、參與課堂活動與實習課程，並依照上課進度預習課程與繳交作業（包含平時作業與電腦實習作業）。課業上若遇問題，請隨時與授課教師與助教請益。

學生間可以討論作業，但不應彼此抄襲答案。若發現作業有抄襲的嫌疑，抄襲者與被抄襲者的分數以0分計算。所有作業（包含課堂作業與實習作業）請於指定日期前繳交。逾期則視為缺交並以0分計算。所有作業應呈現思考或計算過程；計算與思考過程將列出作業分數計算。

期中考與期末考不能攜帶任何參考資料。考試可使用計算機，但不能使用手機或電腦等具有計算功能的電子產品。

課程將於不同週次安排SPSS與R軟體練習（後稱Labs）與實習作業。Labs目的為幫助學生熟悉R與SPSS介面與語法，並使用軟體進行統計分析。請注意：
•	各週的Labs練習目的為協助同學瞭解統計分析。
•	同一種統計分析，可以運用不同的程式語法。本課程介紹的程式語法為教師慣用，歡迎學生自行探索不同的語法。
•	授課教師預期學生投入時間練習統計軟體操作；熟練度將直接影響作業與期中、期末考的狀況。
•	實習作業成績由助教訂定。


課堂請假政策與作業彈性安排
•	若學生有預期性的缺席（如公假、醫療回診等議題、家庭照顧等），請事先與教師請假，並備妥相關證明（或可先告知、後補證明，但需於教師指定期限內補齊）。
•	若因非預期/緊急事件無法出席（限醫療、家庭緊急或意外事件），請於當週週四 23:59前聯絡授課教師提出請假申請，並說明情況。
•	上述相關證明，預期性請假請提早提供；非預期/緊急請假：相關證明請於當週週日 12:00 前以電子郵件寄至授課教師。未依期限提供證明者，將以缺席計算。
•	注意：心理假與生理假不需檢附證明，但仍須依上述時程完成請假告知。另請注意：若請假當日遇到作業繳交期限，作業仍須按時繳交；如需因醫療因素申請作業補交，請依「作業繳交政策」辦理。
•	請假適逢期中考與期末考，若學生遭遇公假、醫療回診等議題、家庭照顧、意外事件等議題，待提出證明後，與授課教師約定時間後另行補考。非上述事件但缺席考試者不予補考。

作業繳交政策
•	每個作業的繳交時間不一，請於所定的期限內繳交。
•	若超過繳交期限，該作業以0分計算。若遲交原因為個人行程安排（如工作、家庭旅遊或其他私人原因）或個人疏失（如上傳錯誤檔案），仍以前述規則計算。
•	教師與助教接受因醫療、家庭照顧或公假等原因無法按時繳交作業。請見課堂請假政策繳交相關證明，並與教師約定時間後補交，其補交作業不扣分。

學生須依教學進度事先閱讀指定參考資料、定期複習並積極演練作業。主要作業以及評分標準見下：
•	期中考試 30%
•	期末考試 35%
•	實習課出席與參與 15%
•	實習課作業 20%

Email與教師請益政策
•	收信/回覆時間：授課教師與統計助教主要於工作日（週一至週五）9:00–17:00處理課程信件。於此時段以外寄出的信件，將視為下一個工作日收信與開始處理。
•	回覆時限：原則上2個工作日內回覆。若你在 2 個工作日內未收到回覆，請以同一封信回覆（reply）再次提醒，避免新增信件造成追蹤困難。
•	Email 受理範圍（重要）：Email 僅用於處理簡單、可快速確認的事務，例如：課程行政問題（繳交格式、期限確認）、預約/改約 office hour、請假與證明補交流程、作業規範釐清等。涉及模型設定、診斷、程式除錯、或需要看你的資料/輸出才能判斷的問題，恕不以Email詳細逐一解題。此類問題請改用Office Hour（教師請益時間），以保障你能獲得完整且有效的協助，也避免大量往返信件造成延誤。
•	請益（Office Hour）預約：每次諮詢時段為 15 分鐘。為求公平，每位同學本學期最多可預約2個時段（共 30 分鐘）。請事先以 email 向授課教師或統計助教預約。
•	額滿與改期：若當週預約已滿，請改約下週或改用 email 提問。
•	遲到規則：若已預約但遲到，諮詢仍以原訂結束時間結束（例如預約 11:00–11:15，11:08 到仍於 11:15 結束），請同學準時出席以保障自身權益。
•	寄信格式與收件人：與課程相關之信件請同時寄給授課教師並 CC 統計助教（或同時寄給兩位），以利資訊同步與加速回覆。信件主旨請清楚標示「課程名稱＋問題類型」（如：HW2／Lab／請假／預約 office hour），並在信件中提供姓名與學號。

上課政策
•	上課所有發言請尊重他人並保持專業水準。
•	課程中可以使用筆電做筆記；上網僅限於搜尋上課相關內容。請同學專注於討論、教師講授與 Labs。

學術倫理
學生應遵守大學學則(https://www.aca.ntu.edu.tw/WebUPD/aca/UAADRules/%E5%AD%B8%E5%89%87.pdf)。若有作弊、抄襲、偽造、或違反各種學術倫理事宜，以臺灣大學學則辦理。

生成式人工智慧（Generative AI）使用政策：
大學課程應遵守學術倫理，避免任何不當學術行為（包含但不限於：造假、變造、抄襲），並遵守研究倫理與受試者保護原則。本課程允許且鼓勵學生在合乎倫理的前提下妥善使用生成式AI工具，以促進學習與提升效率；但請注意，生成式AI不能取代你對統計概念與研究邏輯的理解。

生成式AI可能帶來兩類主要風險：
•	認知卸載（cognitive offloading）：將複雜思考外包後，容易產生「以為自己懂了」的錯覺，進而降低主動理解與創造力(1,2)。
•	錯誤資訊與學術風險：AI可能產生看似合理但實際錯誤的內容（AI幻覺），甚至虛構引文或參考文獻，導致學術倫理問題(3)。因此，本課程對生成式AI的期待與規範如下：

可接受的使用方式（鼓勵）
•	概念澄清與快速查核：例如釐清名詞、模型假設、輸出欄位的意思、如何解讀係數方向等。
•	程式與作業輔助：平時作業與程式編碼（如R或SPSS指令）可使用AI產生範例語法、除錯建議、或協助你理解錯誤訊息。
•	寫作輔助（以你為主體）：可用於改寫句子、提升表達清晰度、整理你已完成的重點（前提是內容與推論由你負責與確認）。
•	原則：瑣碎/程序性問題可交給AI；核心推理與研究判斷必須由你完成。

不建議或不允許的使用方式（避免）
•	把作業或報告「整份交給AI產出」，你只做貼上與微調。
•	未經查證直接引用AI產生的事實、數字、法規、或研究結論。
•	使用AI虛構資料、結果、或參考文獻；任何引用皆須可追溯、可驗證。
•	將含有個資、敏感資料或未公開研究資料直接上傳至AI工具（含受試者資訊、可辨識個人身分的資料欄位等）。

誠實揭露：若你在作業、程式碼、或報告中使用生成式AI請誠實揭露，至少包含：
•	你使用了哪一種工具（例如：ChatGPT、Claude、Gemini 等）
•	你用AI做了什麼（概念澄清／語法生成／除錯／文字改寫等）
•	你如何確認正確性（例如：以課本/課堂內容核對、重跑模型、逐行讀output等）

即使使用AI，你仍需對作業/報告的內容負完全責任：包括概念是否正確、模型是否合適、語法是否可重現、結果是否被正確詮釋、以及引用是否符合學術規範。AI的建議不構成正確性的保證。

參考資料
1 AI讓人變笨嗎？大腦活躍下降、測試成績變差。https://www.cw.com.tw/article/5136538 
2用AI大腦會萎縮？研究：學生成績下滑17%。https://www.cryptocity.tw/news/does-ai-learning-shrink-brain 
3 AI虛構參考文獻，二生碩士論文重寫。https://udn.com/news/story/6928/8826318
預期每週課前或/與課後學習時數
4-6
Office Hour
週三下午2至3點，請先以Email預約。每個諮詢為15分鐘。為求公平，每位請益時間以30分鐘為限。
*此 Office Hour 需要提前預約
指定閱讀
•	Pagano, R. R.著（Understanding Statistics in the Behavioral Sciences, 10/E）；趙碧華、潘中道、郭俊賢譯「行為科學統計學（中文版四版修訂版）」。2022年，臺北：雙葉書廊。注意：課程內容將以中文版第四版為主，若學生要使用更早期的版本，由於內容有所差異，請自行斟酌使用。
•	UCLA Advanced Research Computing for R: https://stats.oarc.ucla.edu/r/ 
•	UCLA Advanced Research Computing for SPSS: https://stats.oarc.ucla.edu/spss/
參考書目
•	邱皓政（2023）。量化研究與統計分析：SPSS與R資料分析範例解析（六版）。臺北：五南圖書出版公司。
•	Field, A., Field, Z., & Miles, J. (2012). Discovering Statistics using R. Sage Publication.
•	Wickham, H. & Grolemund, G. (2023). R for Data Science: Import, Tidy, Transform, Visualize, and Model Data. 2nd edition. (R4DS). O’Reilly Media, Inc. 
•	Salkind, N. J.、Bruce Frey著，莊文忠譯「愛上統計學：使用SPSS」，2021年，臺北：五南圖書出版公司。 
•	Salkind, N. J. & Leslie Shaw (2019). Statistics for people who (think they) hate statistics using R. Sage.
評量方式
30%	

期中考

考試範圍為1-7週，紙筆考試


35%	

期末考

考試範圍為1-15週，紙筆考試


15%	

實習課出席與參與

學生需出席實習課、簽到與練習助教給予的主題


20%	

課堂作業與實習課作業

請繳交課堂作業與實習課作業給助教；繳交時間與計分由助教訂定

本校尚無訂定 A+ 比例上限。
本校採用等第制評定成績，學生成績評量辦法中的百分制分數區間與單科成績對照表僅供參考，授課教師可依等第定義調整分數區間。詳見 學習評量專區。",4-6
41229,社會工作學系,"********本課程第二週(3/3)請改至社科院大樓404教室上課。*******************

在頻繁交錯的全球流動和多元認同運動之下，文化多樣性（cultural diversity）是地球公民必須具備的素養。人與人之間隱微的差異可能繫於性別、性取向、年齡、種族或族群、區域和社會階級等不同的文化面向，或鑲嵌於個人、家庭、社區或社群、社會或國家等層面，對於每個人的生活帶來不一而足的影響甚或壓迫。國際間對此展開了許多積極的回應，包括聯合國推動的兩公約，即公民與政治權利國際公約（The International Covenant on Civil and Political Rights，縮寫為ICCPR，1966年由聯合國第2200號決議通過），以及經濟社會文化權利國際公約（The International Covenant on Economic, Social and Cultural Rights，縮寫為ICESCR），還有針對兒童、身心障礙者及婦女等人群提出的國際法典約章，提出人類發展的願景目標。台灣在2009年通過兩公約施行法，開始有系統的評估、推動及追蹤相關人權的進展，政府及相關民間團體積極參與在多元平權的各項工作當中。

如何適切的回應文化多樣性，不只是社會工作者專業養成的必要基石，更是人們面對全球化之下社會變遷的核心公民素養。在美國，種族、階級、性別、性傾向等群體間的差異一直是美國社會關係張力的來源，人口移動、資訊科技、產業和家庭等結構面的快速變化、更迭，再加上不同世代、區域和治理體制之間的拉扯，高等教育的人文社會科學學系紛紛開設相關主題課程，鼓勵任何背景的大學生一起來選修。在台灣，過去的焦點往往集中在原住民族、閩南、客家等族群根源，以及政治主權認同的討論，晚近則更加關注於婦女、身心障礙者、新移民、移工、LGBTQ+等群體，而多元認同運動和相關國際公約的推展，更是促使研究、政策和實務轉向社群主體性的角度，追求平權和共融的實踐。

本課程為「多元平權」專長領域的入門課程，以及通識課程，鼓勵各系學生選修，目的在於啟發大學生對於多元文化的意識和回應，以提升台灣社會對於人權的信念和實踐。課程內容與學生作業包括下列三大部分：

［第一部分：身份認同的多樣性］
首先，帶領學生從自我覺察開始，在生活經驗當中辨識文化的面向、層次和多樣性，反思自身所牽涉的特權、（被）歧視、（被）壓迫等，進而發展出人我互動之中的文化敏感度；學習成果將以一篇富有文化多樣性的自我介紹，促使學生運用各週主題概念及閱讀文本，檢視自身的文化認同和身分，以及其層層交織所形成的優、劣勢。

［第二部分：人權及其實踐］
建立人權相關知能，理解人權相關國際公約的內涵，並從案例當中思辯其在真實情境下的意涵；在單週主題當中，未能在自己閱讀、同學討論和教師講授當中解惑的疑問，可以作為第二份個人作業的主題，與自己身份/認同異質的對象進行詢問和討論，記錄下自己探詢的過程和結果。

［第三部分：專題研討］
最後針對特定人權項目，連結到特定文化認同群體（如：兒童少年、LGBTQ+、移工、原住民族等），整合人權價值、政策制度及實務行動等面向，進行深入的專題討論。授講教師將依主題需要，邀請外部業師或準備好的當事人進入課堂，以及生涯發展階段相近的行動者分享親身經歷，開啟學生個人後續的學習和實踐的計劃，同時為專長領域內其他專題及實作課程開啟導論。這部分的作業即由學生，整理個人在課內外的相關學習內涵，提出人權相關的反思與行動計畫。","學生在完成本課程之後應能
1.	掌握文化多樣性及人權的意涵
2.	培養相關自我覺察的知能
3.	提升相關人我互動的素養
4.	促進多元平權相關社會改變的動能

對於社會工作學系學生來說，本課程針對的核心能力是「多元與自我覺察」。","基本要求： 
1.	在課前完成","30%	

 富有文化多樣性觀點的自我介紹

製作一份自我介紹，運用文化的多元層次及面向，說明自己的身分與認同。不限以文書或影音等方式。


30%	

人權提問、解答的過程記錄與反思

人權提問、解答的過程記錄與反思
針對此課程單元的內容設定一個有興趣的主題，找二至三個與自己身份認同異質的對象進行詢問和討論、摘要記錄談話內容、新的理解與仍待探詢的答案、此主題與自身和他人的關連。
格式要求：可以任何書面形式呈現。


30%	

反思與行動計畫

可以個人或者2至3 人一組(不可超過3人)，選取你們所關切的人權議題，不限於課程內容和各週主題。描述你們的理解（可能是透過課程學習、閱讀研究、參與觀察或行動實踐等)，與自己的生活或學習有何關連？提出後續如何自行探索或實踐的具體行動計畫（例如：閱讀、修課、志工、參加活動、就業準備等）？除了書面報告(不限格式)，每組須在課堂上進行三分鐘短講。


10%	

課程出席

依照出席簽到資料進行評分

本校尚無訂定 A+ 比例上限。
本校採用等第制評定成績，學生成績評量辦法中的百分制分數區間與單科成績對照表僅供參考，授課教師可依等第定義調整分數區間。詳見 學習評量專區。",2
39194,社會工作學系,"Group work is a fundamental aspect of social work practice. Through lectures, discussions, observations, and hands-on practices, students will deepen their understanding and application of group theories and techniques. As part of the course, students will participate in a small group project, allowing them to consolidate their knowledge and practical experience.","1. To familiarize the theories and relevant concepts of group work practice
2. To comprehend group dynamics and group leadership
3. To participate in the six stages of group work
4. To understand fundamental methods of group work
5. To gain skills to plan and execute a group
6. Gain personal insights into group experiences","* 準時出席並參與小組討論及演練
* 繳交課堂作業
* 上課期間請勿使用手機","15%	

Group Proposal  團體計畫書


30%	

Group Observations and Participation  團體觀察紀錄與參與心得回饋


10%	

Group Presentation  小組期末報告


10%	

Self and Peer Evaluation   小組自評與同儕互評


30%	

Midterms 期中考


5%	

Attendance and Participation 課程出席與參與

本校尚無訂定 A+ 比例上限。
本校採用等第制評定成績，學生成績評量辦法中的百分制分數區間與單科成績對照表僅供參考，授課教師可依等第定義調整分數區間。詳見 學習評量專區。",
23840,,"*3/6上課地點在社科院507教室。
*3/6要上課，下課時間受理加簽提供授權碼。
*本課程是教育部教學實踐研究計畫的一部分，3/6將簡介計畫內容，並邀請修課同學參與研究。本計畫已通過台大研究倫理審查。相關資訊亦將放在課程網。

本課程旨在協助學生入門性瞭解社會福利的意義、起源、理念、範疇與實質內容，本課程擬從三個面向來認識社會福利：社會福利的範圍(what)、社會福利的實施(how)、以及社會福利的價值與意識形態(why)。
首先，社會福利的定義和範圍包括社會問題的認定與社會福利的起源、社會福利的定義、性質與範圍等。國際普遍界定的社會福利範圍包括社會保險、社會津貼、社會救助、福利服務、醫療保健、教育、住宅、就業等單元，本課程將擇要介紹。
第二，社會福利的實施涉及社會福利的生產、組織與消費，可區分為社會福利的配置（給誰？）、供給（給什麼？）、輸送（由誰來給？）與財源籌措（誰出錢？）等層面。
第三，社會福利的價值與意識形態，包括需要、公平、正義、權利等價值與原則，以及支持或反對社會福利制度擴張之意識形態思潮等單元。值得注意的是，以上各面向相互關聯，因此期待同學融會貫通各面向的知識基礎。","(1)透過文獻閱讀、老師講授及測驗，學生得以熟悉社會福利基本概念。
(2)透過課堂討論和分組專題報告，學生得以連結課堂知識與現行社會福利相關議題，學習詮釋與分析社會福利制度。","(1)除第一週外，其餘各週應先自行觀看evercam單元介紹和閱讀文獻後，到教室參與討論或提問。
(2)學生應自行留意考試時間、考試形式和考試範圍，不做個別提醒。
(3)考試或作業有特殊方式需求者應於開學之初向老師提出。考前或作業期限之前才提出者，應依學校考試規範提出正式證明文件。
(4)定期完成","30%	

期中考

4/11(五)10:20-12:10在上課教室，若變動再公布。
(1)範圍3/6~3/20單元，含課堂簡報、閱讀文本、討論案例、討論題綱等。
(2)in-class, closed-book，有特定作答方式或英文出題等需求者，最遲應3/20告知老師，逾期提出應依學校規定並檢附正式證明文件。
(3)考題格式以選擇、填充、名詞解釋、簡答為原則。


30%	

期末考

6/06(五)10:20-12:10在上課教室，若變動再公布。
(1)範圍3/6~6/5單元，含課堂簡報、閱讀文本、討論案例、討論題綱，以及專題報告等。
(2)in-class, closed-book，有特定作答方式或英文出題等需求者，最遲應5/22告知老師，逾期提出應依學校規定並檢附正式證明文件。
(3)考題格式以名詞解釋、問答、申論為原則。


40%	

分組專題報告

(1)3/20之前繳交報告題目（含團隊名單、200字以內概述）。
(2)4/10 各組分享報告進度及預訂參訪地點或訪談對象
(3)5/8、5/15進行專題口頭報告
(4)5/22繳交個人心得作業（另附檢核表）。
(5)3/13~4/24期間，每組應至少與老師與業師分別討論兩次。
(6)本報告應以社會福利範圍為主題，以社會福利實施為架構，進行一個社會福利方案或政策的深入探討，並提出評估及改革建議。專題報告內容、架構、作業要求、評分原則等規定，詳見專題口頭報告指引。

本校尚無訂定 A+ 比例上限。
本校採用等第制評定成績，學生成績評量辦法中的百分制分數區間與單科成績對照表僅供參考，授課教師可依等第定義調整分數區間。詳見 學習評量專區。",6
43464,社會工作學系,"各位同學好：
本課程時間為每週二下午789節(14:20-17:00)；本學期上課地點更動至社工社會系館104教室。",待補,待補,,
58461,,本課程為社工系大學部必修課，亦屬於社工師考試科目之一。「方案」是社會服務領域的一個重要分析單位，也是社會政策轉化為社會服務的媒介；社會福利服務機構則藉由方案解決社區問題、實現其使命，並向外汲取資源；社會工作者藉由方案的設計來落實理念、滿足案主（團體）的需求。本課程旨在從機構為本、實證為本與效能為本的理念下，提供學習者基本的知識與工具，教導學生能針對特定的社會問題具批判性地進行需求評估，據以設計出具有創意的社會服務方案，並且能夠運用研究方法與技術進行方案評估，俾便學生進入社會服務機構之後，有能力撰寫出一份實證為本的、可以成功申請到經費補助、有效協助目標團體的服務企劃書。,"（一）建立學生紮實的知識基礎：大學部課程將介紹相關理論及方案操作程序，並搭配實務案例解說。
（二）訓練學生團隊合作的能力：，隨機組成6-7人工作團隊，以小組實作方式完成一個方案。由2名教學助理帶領小團體討論，於期中與期末繳交書面報告，並於期末分組口頭報告。
（三）培養學生結合理論與實作：為強化學習效果，教師將安排連結實作場域，以利學生結合理論與實作。","（一）準時出席課程。
（二）參與小組課堂討論，以及小組方案計畫執行。
（三）準時繳交作業。","25%	

平時分數	

（一）課堂表現─準時出席上課情形、課堂上參與討論之意願與能力（10％）。
（二）課堂小組導讀情況（5％）。
（三）各組應於每次小組討論之結論繳交於NTUCOOL討論區（10％）。
（四）此部份成績將由授課教師及討論助教共同評分。


30%	

期中成績

（一）以小組為單位進行課堂口頭報告並繳交紙本期中報告至NTUCOOL作業區，應包括與要做的方案相關的一個國外與一個國內方案實例介紹與分析。
（二）小組方案合作單位開放同學們自由選擇。


45%	

期末成績

（一）30％以小組為單位，於期末進行課堂海報展，並於指定期限內將小組方案詳細紙本計畫書繳交至NTUCOOL作業區，應於目錄上註明每一位成員主責的部分。
（二）15％期末個人學習心得與方案反思（2000字）。

本校尚無訂定 A+ 比例上限。
本校採用等第制評定成績，學生成績評量辦法中的百分制分數區間與單科成績對照表僅供參考，授課教師可依等第定義調整分數區間。詳見 學習評量專區。",
35220,社會工作學系,本課程為社會工作研究法上，旨在介紹社會工作研究的原理、方法與技術，內容強調結合社會科學研究概念與實際操作，使社會工作學系學生能以科學方法，有系統的對社會現象進行觀察，提出可能解釋，並於實證研究基礎上，發展出具體可行的改進策略。,"本課程期能達成以下目標:
1.	介紹社會科學研究的概念、特性與原理
2.	了解從事社會工作研究的步驟、方法與設計
3.	學習將社會工作研究應用於實務工作中，以具備撰寫、閱讀與分析社會工作研究結果之能力。","本課程教學方式主要包含三部分，其課程要求分別如下：
1.	演講：每週2-2.5小時，授課方式以教師講授為主，同學須依進度事先閱讀指定教材，以利課堂討論。
（1）	課堂討論及作業：每週課程規劃課堂討論或隨堂作業，同學應積極參與課堂討論，隨堂作業於當週練習時間結束時統一繳回或上傳NTU COOL，不得補交。
2.	實習課：每週2小時，由博碩士班研究生擔任教學助理，協助同學進行本年度研究報告，於每週實習課時解答課程問題、討論研究計畫，並於期末口頭報告週進行期末報告口試（個人）。
3.	學期口頭與書面報告：本學期研究報告包含口頭與書面報告，內容須包含質性與量化研究，研究報告具體內容如下：
（1）	研究報告繳交日期：6/11下午5點前
（2）	內容包含：研究問題、文獻探討、研究目的與假設、研究設計（質性與量化）、研究結果（質性與量化）、討論與建議
（3）	學期書面報告以60頁為原則（不含","10%	

課堂參與


10%	

課堂隨堂作業


10%	

實習課參與狀況


10%	

研究報告口頭發表


30%	

研究書面報告


20%	

期中考


10%	

實習課口試

本校尚無訂定 A+ 比例上限。
本校採用等第制評定成績，學生成績評量辦法中的百分制分數區間與單科成績對照表僅供參考，授課教師可依等第定義調整分數區間。詳見 學習評量專區。",
45064,社會工作學系,"【重要】今日(2/23)請改至社科院五樓503教室上課

本課程係針對具備社會工作與社會福利基礎學生規劃之進階課程，將行政學原理原則運用於社會福利服務領域，聚焦在社會服務在公部門中如何被形成、發展、輸送與監督，藉以凸顯其有別於私部門組織管理的獨特之處。
本課程內容包含四大主軸，首先引介中外社會福利行政組織的形成與環境脈絡；其次檢視社會福利與服務在公部門發展與執行過程中，各個相互關連的面向，包含社會福利的規劃、執行、服務網絡、財務管理、績效管理與溝通協調等；再者透過基層官僚視角，重新檢視社會福利行政操作的適當性；最後，透過整理當前重要社會福利行政改革趨勢與實例分享，以增進學生對社會福利行政實務的理解，並豐富學生對社會福利行政未來可能的想像。","本課程期能透過課堂講授、文獻閱讀、團體練習與案例討論，完成以下目標：
1.引介中外社會福利行政組織的形成與環境脈絡。
2.增進對社會福利與服務行政各個核心面向的瞭解。
3.檢視社會福利行政操作過程的適當性。
4.整理當前社會福利行政重要改革與發展趨勢。
5.提升學生對當前社會福利行政實務的理解，以供未來實務運用。",,"20%	

課堂參與與隨堂作業

請於當日上傳，若遲交不予以補交。


30%	

分組口頭報告

分組口頭報告：本課程要求修課同學每6-7人為一組，以現有政府社會福利施政為例子，選下面其中一個主題或其他自選主題，進行參與觀察、訪談或文獻分析，介紹該單位如何作為？為何選擇如此作為（限制、機會、資源等）？相關人員的立場與意見為何？各種作為的成效如何？如果你是主事者會有哪些更好的作為？於期末進行口頭報告。
參考的題目方向如下：
*政府溝通、宣導、行銷與公關
*政府跨部門合作
*重大計畫之規劃、推動、執行與評估
*參與式民主/預算
*服務創新
*危機處理

助教討論：修課同學以各組為單位，需分別於三月與四月底，與課程助教各進行1次討論，以20分鐘為原則，報告分組口頭報告主題、內容與進行方式之規劃。


25%	

期中考

缺考者以交報告替代，但滿分為60分。


25%	

期末考

缺考者以交報告替代，但滿分為60分。

本校尚無訂定 A+ 比例上限。
本校採用等第制評定成績，學生成績評量辦法中的百分制分數區間與單科成績對照表僅供參考，授課教師可依等第定義調整分數區間。詳見 學習評量專區。",
53646,社會工作學系,在快速社會經濟環境的變動下，透過就業相關體系的社會安全制度設計，並不盡然適用，失業問題的惡化會使貧窮問題凸顯出來，而且並不限於那些我們印象中的弱勢族群，甚至會往一般具有工作能力的人口群，乃至白領勞動力擴張，於是有了「新貧」（new poverty）概念的出現，意指依賴社會救助者數目的增加、失業及不確定就業情形的增長、單親家庭數目的增加以及遊民問題的惡化等。甚且，「新貧」的出現並不意即「舊貧」的消失，而會交互作用使得舊貧團體更加雪上加霜。影響所及乃逐漸被排除到社會主流之外，其效果並延伸至下一代，成為「底層階級（underclass）」的形成原因之一。隨著近幾年來失業與不穩定就業問題的惡化，連帶影響國民的所得水準以及在工作生涯期間累積其退休準備的可能性，更實質地衝擊了立基在「就業」基礎上所建構出來的各種社會安全措施。由此，也突顯出對貧窮問題本質與相應之各種社會安全制度改革的重要性。,教學目的將採學理講授、作業與業師並重的方式。在學理部分，針對當代貧窮問題的本質，我們亟需一套新的認識與思維，進而建構出新意義的社會安全體系，才能真正有助於舒緩新時代民眾的經濟不安全問題，我們將涵蓋以下諸多議：當代貧窮問題的本質、基本生活安全網的國際趨勢、現行社會安全與救助相關臨時方案的檢討、新環境下的新思維，藉此建立學生從貧窮問題分析一直到政策回應的一系列思辯能力。作業與業師部分將有兩個團體作業，協助同學盤點自己的生活支出與財務規劃，並針對業師所提供的個案，藉由新的AI經濟風險篩檢工具進行診斷，並提出財務社工處遇方案。,分配於一學期中講授完議題。其中兩次作業將以團體方式進行，以ppt繳交報告，藉以引導學生分析與思考台灣本地之貧窮問題、政策回應與財務社工處遇方式。,"40%	

完成指定作業

以ppt形式繳交分組團體作業2次


40%	

期末書面報告

2000字為原則，著重自身未來財務規劃的省思


20%	

學生出席課堂的情形

隨機至少點3次名

本校尚無訂定 A+ 比例上限。
本校採用等第制評定成績，學生成績評量辦法中的百分制分數區間與單科成績對照表僅供參考，授課教師可依等第定義調整分數區間。詳見 學習評量專區。",3
29334,社會工作學系,,,,,
53736,社會工作學系 / 社會工作學研究所,"台灣已於2025年進入超高齡社會，老年人口激增，各行各業的同仁都需要更瞭解老人。本課程乃學生瞭解高齡社會發展及未來進入職場服務老人最好的入門課程。
本課程歡迎所有對超高齡社會及老人領域有興趣的同學選修，由社工系楊培珊教授負責開課，課程內容將包括老人生理、心理、社會、靈性、生活輔具等面向，結合理論與實務的理解。
本課程屬於臺大「老人暨長照學分學程」之八門必修課程之一（共需完成7學分），歡迎長照學程同學修習本課程。社工系有修長照學程的同學修習本課程所獲得的三學分，可同時算為社工系選修及長照學程必修。
授課內容包括：宏觀的老人銀髮革命的探討，成功老化，老人常見的生理、心理疾病，慢性病相關問題，社會支援，社會適應，宗教與靈性，及死亡等等。授課方式包括主授老師授課、外部業師授課、課堂討論，文獻資料閱讀，機構參觀，及小組活動等。","（1）提供學生對老人學相關名詞、概念、現象及議題之瞭解
（2）協助其確立本身從事老人相關工作的價值觀和心理準備
（3）強化學生理論與實務結合的能力
（4）奠立學生繼續進修老人學相關碩、博士班的基礎","（1）老人訪談報告 20％：完成一位老人的「整合性評估」一份，以及質性訪談，並記錄過程內容以及自己的心得（3000字）。
（2）自選學習10％： 每位同學需自選學習一次，並撰寫學習心得報告（2000字）。
（3）小組行動報告 30％：3-4人為一小組，合作進行老人相關行動方案，並於課堂發表口頭報告及小組PPT電子檔。方案舉例：煮一餐適合老人牙口的色香味俱全的晚餐，並請老人家享用、設計一套適合中風老人穿著的衣物、參與老人工作實際服務老人等。評分內容包括行動議題說明、行動規劃、行動執行、與結果評估。
（4）期末考 30％：課堂紙筆考試
（5）課程參與 10％","10%	

課程參與


20%	

個案報告

完成一位老人的「整合性評估」一份，以及質性訪談（3000字為原則），並記錄過程內容以及自己的心得。


10%	

自選學習作業心得

自選學習一次，並撰寫學習心得報告（2000字）


30%	

小組報告

3-4人為一小組，合作進行老人相關「行動」方案，並於課堂發表口頭報告及小組PPT電子檔。


30%	

期末考

紙筆考試

本校尚無訂定 A+ 比例上限。
本校採用等第制評定成績，學生成績評量辦法中的百分制分數區間與單科成績對照表僅供參考，授課教師可依等第定義調整分數區間。詳見 學習評量專區。",
59899,社會工作學系 / 社會工作學研究所,本課程旨在透過課程講授與議題討論，檢視社會工作的價值內涵，以及社會工作價值如何影響專業的服務輸送過程。同時，藉由對於社會工作相關倫理問題、理論與決策模式的介紹，探討如何發展符合倫理要求的專業服務。期能藉由課程講授與案例討論，提昇學生對於自我價值信念內容的檢視，增進學生社會工作價值與倫理的實踐力和敏感度。,"1.本課程期能透過課堂講授、團體練習與案例討論，完成以下目標： 
說明社會工作的價值內涵，以及社會工作價值如何影響專業的服務輸送過程。 
2.引介社會工作倫理問題、理論與決策模式。
3.解析社會工作各領域常見之倫理議題，以及可能的倫理決策。
4.提升學生於社會工作倫理之敏感度與思辨力，以供未來實務運用。","1. 授課方式以教師講授為主，同學須依進度事先閱讀指定教材，以利課堂討 
  論。
2. 本課程依進度規劃課堂作業與報告，請準時繳交，遲交者扣該次作業分數20%，遲交逾一週以上不予計分。 
3. 案例分享說明：本課程要求每人需進行案例分享，從最近（2015年以後）出版之報紙、書籍、影片、電子媒體中，或自身及他人實習、工作經驗，自行選擇與本門課程相關之案例進行5-6分鐘分享，並引導討論，分享方式可以戲劇、簡報、活動帶領，或其他適當方式進行。
4. 期中讀書報告：以個人方式，於International Journal of Social Work Values and Ethics、Journal of social work values and ethics歷來期刊論文中，擇一整理成1,500字以內的書摘，並撰寫1,000字的個人心得報告，於4/21、4/28上課時繳交，並於同日進行8分鐘的簡報（含QA）。
5. 邀請演講心得：針對本學期邀請演講之內容，任選1場次，分別撰寫個人心得，內容包含500字演講內容摘要，與1,000字個人心得，繳交期限為6/9，請於當日下午5點前，將檔案上傳至NTU COOL作業區。
6. 期末報告：
（1）	每位學生選擇一個與本門課程相關之社會工作領域或爭議性課題撰寫報告，完整的報告以5,000字為原則，報告可涵蓋，但不限下列內容：A.陳述主題、動機與目的；B.涉及之社會工作價值與倫理面向之分析；C.可能的倫理決策方式。
（2）	期末報告繳交期限為6/9，請於當日下午5點前，將檔案上傳至NTU COOL作業區。
7. 使用AI輔助撰寫者，需於報告或作業後，以附錄方式將主要使用AI、 Prompt，以及使用者如何應用說明加入
8. 本課程各項作業與報告，請務必遵守引用規範，不當引用者計劃書以零分計
9. 本課程各項作業與報告，如使用AI輔助撰寫，皆須誠實揭露，且不得涉及個資或侵害他人智慧財產或著作權，如有違反，該次作業與報告以零分計

研究生增列課程要求
1.	研究生案例分享時間為10分鐘，除前述課程要求外，研究生於案例分享時，需提供至少5篇英文建議閱讀文獻，並撰寫3頁以內之書摘，於案例分享當日繳交。
2.	研究生期末報告以8,000字為原則，應包含兩個以上具可比較性之社會工作領域或爭議性課題，或於A.增加文獻檢閱與評述。","25%	

課堂參與及討論


25%	

期中讀書＆口頭報告


15%	

案例分享


10%	

邀請演講心得


25%	

期末報告

本校尚無訂定 A+ 比例上限。
本校採用等第制評定成績，學生成績評量辦法中的百分制分數區間與單科成績對照表僅供參考，授課教師可依等第定義調整分數區間。詳見 學習評量專區。",
40209,社會工作學系 / 社會工作學研究所,"因系館廁所修繕工程，本學期上課皆改至「社科院305教室」上課。

=============================================

本課程為大學部高年級及研究所的選修課程。目的在從兒童權利的觀點出發，介紹兒童替代性照顧 (家外安置) 體系之家庭寄養、機構安置、收出養、自立生活等相關議題，使同學對於兒童少年福利服務中的替代性服務有初步認識。本課程尤其著重檢視現行國際和國內兒童寄養安置的服務模式，從兒童權利及最佳利益概念探討其脈絡、價值以及執行現況。

本課程設計分為三個階段：第一階段，主要介紹基本兒少福利概念和福利服務理論，包括兒童權利公約、兒童最佳利益、兒少福利服務三級預防、兒童福利體系發展等。第二階段，介紹替代性兒童福利制度和服務，包括親屬安置、家庭寄養、安置機構、團體家庭、機構安置、類家庭、居家托育、短期治療型住宿服務、自立生活、國內與跨國境收出養等。第三階段，討論替代性照顧中兒童的相關議題，包括返家重聚/家庭重整、永久性計畫、安置中不當對待、安置兒少福祉、安置兒少復原力、安置常模化、多元文化認同與服務、兒少表意權實踐等。上課方式為教師授課為主，並搭配時事及案例討論，培養同學對於兒童福利服務相關議題的敏感度，並探索自我和專業價值的養成與議題的相關性。透過課堂和課後討論與反思，培養同學思辨能力，發展同學投入兒少福利、兒少保護、替代性照顧等服務領域工作的興趣、熱忱和行動力。

===== ก็ʕ•͡ᴥ•ʔก้ ===== ก็ʕ•͡ᴥ•ʔก้ ===== ก็ʕ•͡ᴥ•ʔก้ ===== ก็ʕ•͡ᴥ•ʔก้ ===== ก็ʕ•͡ᴥ•ʔก้

建議有興趣修課同學，預先修習過兒童少年福利與權利相關課程。 
提醒所有同學，課程開設在早九時段，請同學務必確認個人修課習慣再選課修課。


=============================================

因系館廁所修繕工程，本學期上課皆改至「社科院305教室」上課。","1. 學習從兒童權利和最佳利益的概念，探討替代性兒童福利服務 (家外安置體系) 的發展趨勢和理論基礎。
2. 了解替代性兒童福利服務 (家外安置體系) 的制度和服務模式。
3. 探討寄養、安置、收出養等照顧與服務的議題，以及檢視相關實證研究與文獻。
4. 培養分析和批判替代性兒童福利服務相關議題的能力。
5. 探索自我價值以及了解自我價值與寄養安置、收出養議題可能的衝突 。",1. 課前準備：請同學務必在課前完成,"20%	

課程出席與參與

課程的豐富度需要所有修課同學的積極參與。請同學務必準時出席上課，若需請假請於當週課程上午8時前寄信給老師。課前完成各週指定閱讀教材，上課時積極參與小組和課堂討論和活動，課後於NTUCOOL網路討論版上交流提問。課程參與評量會參考出席率、課堂發言率、小組討論積極度、網路討論版參與程度等。


15%	

指定閱讀提問與討論

請同學於當週上課12⼩時前（即週二晚間9點前），於NTUCOOL討論版上傳針對指定閱讀的提問，每次上傳⾄少2個具體問題。問題可針對文章內容、批判議題、連結國內外社會事件、或個⼈經驗差異等。學期第二週開始上傳閱讀提問，⼀學期⾄少上傳5次。碩士班同學另需嘗試回覆其他同學的提問，一學期至少上傳1次。鼓勵所有同學於課後針對彼此的提問互相回應與討論，深化學習和交流。


20%	

期中小作業：台灣的月亮不圓嗎？（國內服務和制度的誤解與偏見）

期中小作業主題為「台灣的月亮不圓嗎？」，請同學從成長經驗、日常生活、家庭對話、媒體報導，或其他課程學習與專業養成出發，討論國內替代性照顧服務與制度的印象與價值判斷，進一步這些概念和看法是否隱含誤解或偏見。

作業內容請具體回應以下三項主題：
(1) 描述：從自身經驗出發，描述自己、家人或社會大眾對於國內家外安置相關概念或制度的既有想法、質疑或偏見。例如：「兒童在家遭受虐待就一定要立刻安置」、「寄養家庭只是為了補助才參與」、「在育幼院生活很可憐」、「在育幼院長大的孩子較容易出現偏差行為」、「政府沒有好好保護受虐兒童」等（以上僅為舉例）。同學可回顧自己修課前的認知，或透過聊天詢問家人對替代性照顧或家外安置的印象，或閱讀新聞報導和社群媒體的討論和留言，整理說明這些一至二項印象的內容和來源。
(2) 分析：說明為什麼自己、家人或社會大眾會形成上述的認知或印象，並分析這些想法可能的形成原因和脈絡。例如：家庭經驗、教育或課程知識傳遞、社會文化價值、媒體呈現方式或渲染，政策語言的影響等（以上僅為舉例）。
(3) 論述：結合課程中所學的相關知識，包括制度的理解、統計數據、研究實證等，討論上述觀點或印象可能存在的誤解或偏見，並進一步說明這些印象對社會態度或制度發展可能造成的影響。再透過對國內替代性照顧服務與制度實際現況的說明，論證國內相關服務雖有仍待努力之處，但亦有已經建立的成效和發展。

作業篇幅以3-4頁、1.5倍行距（不含封面頁與參考資料頁）、新細明體或標楷體、最大12號字為限。作業須適當引用參考文獻，並附上封面頁與參考資料頁，引用格式請依APA格式撰寫。此外，請另附一頁「生成式AI工具使用說明」，若在作業過程中有使用生成式AI，需清楚說明使用方式與使用程度。作業請於第8週（4/15）前上傳至NTU COOL，繳交時間以系統時間戳記為準。請同學儘早完成並上傳，以避免系統問題影響繳交。遲交每週扣1分，不接受紙本或手寫作業。嚴禁抄襲、剽竊，或完全由AI生成作業內容。


25%	

期末大作業：外國的月亮比較圓？（國際模式和經驗的參考與檢視）

期末大作業主題為「外國的月亮比較圓？」，請同學閱讀《聯合國替代性照顧準則》和《兒童權利公約》國家報告國際審查結論性意見，在國際兒童權利倡議與家外安置政策發展的脈絡下，探討一項臺灣替代性照顧相關的政策制度困境，或一項國內替代性照顧實務現況未能妥善回應國際審查與準則要求的議題。並討論該議題能否透過參考國外經驗加以改善。

作業內容請具體回應以下三項主題：
(1) 國內替代性照顧制度或實務議題：選擇一項具體的政策制度或實務服務議題，說明其在臺灣現況中所面臨的主要困境。建議可聚焦於一項未能充分落實的兒童權利，或參考國際審查結論性意見中審查委員提出的質疑，亦可參考《替代性照顧政策》對國內現況的盤點，或自行研讀《聯合國替代性照顧準則》與《兒童權利公約》，分析你所認為的重要議題。
(2) 未能適當落實兒童權利的原因：探討此議題為何在國內發生，並檢視現行政策曾嘗試的調整與改革方向，進一步分析其原因，如：制度設計限制、資源缺乏、社會文化等因素。
(3) 國外經驗的參考或檢視：針對所選議題，蒐集並比較其他國家的實務經驗或服務模式，討論是否值得我國參考，以及在臺灣的適用性或限制。以此參考為基礎，提出可能的改革方向或政策建議。

作業篇幅以4-6頁、1.5倍行距（不含封面頁與參考資料頁）、新細明體或標楷體、最大12號字為限。作業須適當引用參考文獻，並附上封面頁與參考資料頁，引用格式請依APA格式撰寫。此外，請另附一頁「生成式AI工具使用說明」，若在作業過程中有使用生成式AI，需清楚說明使用方式與使用程度。作業請於第16週（6/10）前上傳至NTU COOL，繳交時間以系統時間戳記為準。請同學儘早完成並上傳，以避免系統問題影響繳交。遲交每週扣1分，若超過3週即以缺交計算。不接受紙本或手寫作業。嚴禁抄襲、剽竊，或完全由AI生成作業內容。


20%	

替代性照顧價值衝突討論/辯論（小組口頭報告）

同學於學期初分組，每組4-5人（視開學修課人數調整），於學期末帶領全班同學進行替代性照顧相關價值與實務兩難衝突的討論或辯論。小組將挑選一項替代性照顧相關主題，聚焦其在實務落實中可能出現的價值與實務衝突（小組可簡化理解為理想與現實的差距、理論與實務的落差、或是在多項兒童權利之間需要權衡取捨的情境，例如：去機構化 vs. 團體照顧需求、親屬安置優先原則 vs. 親屬為不穩定照顧者、兒少安全 vs. 過度保護、兒童表意權 vs. 實質照顧可行性、安置穩定 vs. 寄家轉機構的必要性、國內收養優先原則 vs. 跨國收養的需求、特殊需求兒童安置於成人機構 vs. 缺乏安置資源等等）。小組需設計並引導全班同學進行討論或辯論，盡量促進所有同學充分參與，並激發出不同觀點與論述。小組在討論完進行簡報報告，整合政策制度、研究實證、實務現況的理解和分析，分享小組對於該議題的結論，內容可包括相關價值如何被理解與排序、在何種情境下可能被調整或犧牲、現行制度是否有被重新檢視或挑戰的必要。學期初將與全班討論，是否額外安排小組討論時間，藉此提早確認各組報告主題和方向。小組須於報告前一天繳交報告簡報檔案。

每組報告30分鐘，原則上15分鐘討論（發揮創意讓所有同學充分參與），15分鐘報告（綜整雙方論點的數據/文獻/制度，分享自己小組整理的偏向）。

本校尚無訂定 A+ 比例上限。
本校採用等第制評定成績，學生成績評量辦法中的百分制分數區間與單科成績對照表僅供參考，授課教師可依等第定義調整分數區間。詳見 學習評量專區。",2-4小時
17084,社會工作學系 / 社會工作學研究所,"學習方式：
(1) 原則上實習以 17 週且每週 12 小時為原則。
(2) 每兩週於學校團體督導一次為原則，與老師、同學分享學習心得並繳交週誌，同時提出問題與意見、充分討論。一學期至少有六次團督。


實習時間：
實習總時數至少需達200小時。","課程目標：
(1)促使學生了解所實習領域的基本知識及其相關議題。
(2)培養學生結合理論與實務的能力，並能重視專業倫理，針對問題、提出具體可行解決方案。","評分方式：
一、機構督導評分50%
    參考與督導討論的協議書內容

二、學校老師評分50%
1. 6次團督出席情形、融入程度",,
20275,社會工作學系 / 社會工作學研究所,【重要】今日(2/23)請改至社科院七樓713上課！,待補,待補,,
95136,社會工作學系 / 社會工作學研究所,"密集式微學分課程，上課日期共計三日：
4/26(日) 10:00-12:00+ 13:00-17:00 課程理論(6小時)
5/09(六) 10:00-12:00+ 13:00-17:00 上午課程；下午小組討論+報告(6小時)
5/10(日) 10:00-12:00+ 13:00-17:00 上午課程；下午小組討論+報告(6小時)
上課地點：校總區社會社工系館三樓318B教室
由於本課程「上課日期為加退選日期之後」，請確認可配合上課型態再加選。
索取授權碼請填寫網路表單：https://forms.gle/PQR9z3HqqSJ72Nea6
本系將於3/06(五)統一寄出加選授權碼。

翁岳暄老師研究專長介紹：
https://ias.kyushu-u.ac.jp/staff/view.php?cId=775&divi=4

***本課程為微學分課程，不得列為五門系選的其中一門***

本課程從人機互動(Human-Robot Interaction, HRI)的獨特視角出發，探討智能機器人的倫理與法律議題以及國際AI倫理標準化活動。隨著AI技術逐漸融入日常生活，人類與智能系統的互動模式正在重塑社會規範與法律框架。另一方面，政府公部門制訂政策與修改法律的步調似乎難以企及AI技術的快速變遷，面對此“AI步調難題”其中受到廣泛關注的是NPO組織在AI倫理標準化活動的應用。
本課程將結合理論與實務，培養學生批判性思考AI發展中的倫理困境與法律挑戰。","課程強調實踐導向，透過授課、文獻導讀、小組討論、小組報告等多元教學方法，培養學生的批判性思維與問題解決能力，
學生將學會： 
(1) 理解人機互動的核心概念與機器人倫理基本原則，
(2) 分析人機互動情境中的倫理衝突與法律責任，
(3) 掌握國際AI治理框架與AI倫理標準化趨勢，
(4) 培養跨領域問題解決能力與倫理決策素養。",待補,"30%	

出席


20%	

參與討論


20%	

小組報告


30%	

心得報告

本校尚無訂定 A+ 比例上限。
本校採用等第制評定成績，學生成績評量辦法中的百分制分數區間與單科成績對照表僅供參考，授課教師可依等第定義調整分數區間。詳見 學習評量專區。",
32678,社會工作學研究所,本課程乃針對社會工作學系之碩士班學生所設計。本課程鼓勵學生結合其專業領域之興趣，發展實證研究之假設論述，並思考可行之方法與分析策略，設法於專業領域中找到理論問題或尋求問題解決的答案。本課程將著重在讓學生學習研究設計的相關議題，並能清楚論述其問題意識、使用正確研究設計，以及根據研究結果進行學術論述或倡議。,"學生修畢此課程後應可以達到以下學習目標：
1)熟悉社會科學界常用之社會科學研究方法之相關議題。
2)能適當的應用與詮釋社會科學相關之實證論文。
3)能運用並評析社會科學實證研究之結果。
4)能完成學位論文計畫書初稿。",上課以參與討論為主、講述為輔，修課學生需要針對下一週要上的課程進行預習工作，故當週所列文獻為下週上課討論之用；此外，也需準時並認真繳交平日作業。此外，授課教師將於課堂中提出相關實例引導討論，讓同學理解研究方法、設計等相關知識基礎與應用原則。,,
95013,社會工作學研究所,貧窮是古老的社會問題，但並未因人類經濟與科技的發展而消失，只是換了樣貌。社會福利的歷史開端，即是源於國家對貧窮議題的關注與介入。本課程將探討貧窮的理論、貧窮的影響、我國與主要國家社會救助制度的發展、以及所謂的脫貧策略。,"藉由本課程，讓修課學生能瞭解下列議題：
1.貧窮的不同理論
2.貧窮的肇因與影響
3.社會救助制度的運作
4.協助脫貧的不同策略","1.修課學生需事先閱讀指定讀物，並參與課堂討論
2.修課學生須完成學期報告，並做口頭分享
3.完成一份是社區脫貧方案設計，內容需含理論或實證基礎、介入設計、經費規畫、預期效益與評估方式等。","65%	

課堂參與

包含閱讀文獻摘要、課堂討論之參與等


35%	

學期報告

包含學期作業之書面報告(25%)及口頭分享活動之表現(10%)

本校尚無訂定 A+ 比例上限。
本校採用等第制評定成績，學生成績評量辦法中的百分制分數區間與單科成績對照表僅供參考，授課教師可依等第定義調整分數區間。詳見 學習評量專區。",5
33723,社會工作學研究所,"質性研究強調對於研究問題的深入探討，是在社會科學領域中常被使用的研究方法。為了促進同學對於質性研究之認識並累積實際運用的經驗，本課程設計採用循序漸進的方式引導同學認識質性研究。質性研究並非單一種研究方法，而是多數不同研究方法的統稱，為讓同學們能夠熟係特定質性研究方法的操作，本課程以紮根理論(Grounded theory)、論述分析(Discourse analysis)、建制民族誌（Institutional ethnography）、主題分析(Thematic analysis)為主要的學習取向，學習適合回答的研究問題，選取樣本，資料收集與資料分析等實際操作技術。本課程將訓練學生熟悉質性研究的不同取向與該取向之研究設計，做為同學日後撰寫碩、博士論文的研究方法之基礎。

因疫情居家隔離或檢疫、或尚未入境之同學，本週課程採實體及線上同步進行，方便因規定無法實體出席之同學共同參與課程，請參考線上連結：https://meet.google.com/nop-qggk-vdm","1.介紹質性研究及其歷史發展脈絡 
2.認識質性研究之多元典範、方法論與研究策略 
3.探討主題分析、論述和扎根理論分析理論概念、方法及其運用 
4.熟悉質性研究各種資料收集策略及其運用 
5.發展對多元社會議題與邊緣/弱勢人口族群之關懷 
6.瞭解如何詮釋文本與撰寫質性研究報告 
7.關注質性研究過程之研究倫理",課程開始前完成當週,"10%	

作業五：逐字稿初步分

請至少完成該份逐字稿第1頁至第4頁的編碼，並附上針對編碼的反思。


10%	

作業四：反身性與田野筆記

請同學針對參與者招募與訪談之過程進行田野紀錄，並進一步針對招募、訪談、逐字稿謄寫等過程進一步覺察自己的背景及所處的身份、位置(包含:局內人、局外人)如何影響研究進行與詮釋。報告頁數 2 頁以上，A4 為限，12 級字，1.5 倍行高。截止日期：6/12 (週五) 11:59pm。


5%	

作業三：逐字稿謄寫

請至少針對其中一位受訪者之錄音檔案，完成1/3逐字稿謄寫。


15%	

作業二：研究計畫書

請延續作業一之研究問題，進行文獻回顧，並詳細說明研究方法。報告頁數以8-12頁為主，A4為限，12 級字，1.5 倍行高。截止日期：3/31 (週二) 11:59pm。


5%	

作業一 ：研究背景與研究問題

請提出研究背景與問題。報告頁數以1-3頁為主，A4為限，12 級字，1.5 倍行高。截止日期：3/11 (週三) 11:59pm。


10%	

課堂參與

•	課堂參與 (10分)：同學務必於上課前完成指定閱讀，並將其應用於課堂的分組討論中。課堂中會抽點同學針對指定閱讀內容進行回答與討論。


25%	

作業六：完整之研究報告

請延續作業一至五，接續完成研究分析，提供研究發現，並針對研究發現提出討論與建議。一份完整之研究報告應包含：研究問題、文獻回顧、研究方法、研究分析、研究結果、討論（含研究限制）、建議與結論。報告頁數以不超過30頁為主(不包含文獻、逐字稿)，A4為限，12 級字，1.5 倍行高。截止日期：6/12 (週五) 11:59pm。


10%	

期中研究計畫書評論

請務必於評論前仔細閱讀被分配之研究計畫書（包含：研究背景、研究問題、文獻回顧與研究方法）。評論時請描述對於該研究計畫之理解，並提出具體的建議與回饋。每位同學評論時間為10分鐘。評論日期：4/08、4/15。


10%	

期末論文口頭發表

針對完成之質性研究進行壁報論文發表，壁報內容須包含：研究題目、研究背景、文獻回顧與研究方法、研究分析、研究成果、討論與研究建議。每位同學報告時間不超過15分鐘。

本校尚無訂定 A+ 比例上限。
本校採用等第制評定成績，學生成績評量辦法中的百分制分數區間與單科成績對照表僅供參考，授課教師可依等第定義調整分數區間。詳見 學習評量專區。",
95138,社會工作學研究所,"This course will be lectured by a visiting scholar from the Department of Social Work,NTU.
Dr. Gina Chowa is currently affiliated with The University of North Carolina at Chapel Hill, Social work school, Her Bio.: https://ssw.unc.edu/employees/gina-chowa/

Course time and location:
5/22 Fri. 14:00 ~ 17:00
5/23 Sat. 10:00 ~ 16:00 （including 1 hour of break time）
5/29 Fri. 14:00 ~ 17:00
5/30 Sat. 10:00 ~ 16:00 （including 1 hour of break time）
at Sociology X Social Work building, Room 318B (3rd floor)

※Course Description/ 課程概述※

This 1-credit graduate short course equips social work students with conceptual frameworks and practical, hands-on strategies for the design, adaptation, implementation, and evaluation of social interventions with vulnerable and marginalized populations across diverse global and local contexts. The course emphasizes the importance of contextual sensitivity, recognizing that effective programs must be grounded in the social, cultural, political, and institutional realities of the communities they serve.
Drawing on participatory and community-based approaches, students will learn methods for meaningful community engagement, including co-creation, stakeholder collaboration, and the integration of indigenous and local knowledge systems. Particular attention is given to ethical considerations, power dynamics, and reflexivity in cross-cultural and cross-sectoral practice. Through applied case studies and interactive exercises, students will critically examine how interventions can be adapted to different settings while maintaining fidelity to core values of social work, including social justice, equity, and respect for human dignity.

The course will cover following topics:
1 – Foundations of Context-Responsive Programming
2 – Participatory Design & Co-Creation
3 – Adapting Evidence-Based Interventions
4 – Implementation in Real-World, Low-Resource Settings
5 – Participatory & Culturally Grounded Evaluation

There will be following Class Actvities:
1. Community Mapping Activity: Indigenous Communities of Taiwan
2. Co-Creation Simulation: Working With Migrant Workers
3. Adaptation Workshop: Translating an Evidence-Based Intervention
4. Implementation Challenge Activity: Rural vs. Urban Taiwan
5. Participatory Evaluation Exercise

Case Study 1: Indigenous Youth Mental Health in Hualien
An Indigenous Atayal community reports rising school dropout and youth depression. Western interventions failed previously because they ignored:
• role of elders
• land-based healing practices
• community narratives about well-being
Students must design:
• A co-created intervention with tribal leaders
• Adaptations to protect cultural meaning
• A participatory evaluation using Indigenous indicators (ritual participation, identity strength)

Case Study 2: Supporting Migrant Domestic Workers in Taipei
A Filipino domestic worker NGO reports high burnout, isolation, and risk of exploitation.
Students must propose:
• a culturally resonant peer-support or empowerment model
• adaptations for language, schedules, employer restrictions
• digital tools feasible through mobile phones

Case Study 3: Older Adults in Rural Taiwan Facing Social Isolation
Taiwan’s aging population is one of the fastest-growing globally.
A rural township wants to implement a social connection program.
Students must:
• identify contextual barriers (transport, digital divide)
• propose intergenerational models used in Taiwanese communities
• adjust for cultural norms around family responsibility

Case Study 4: Disaster Preparedness in Typhoon-Prone Areas
Typhoon Morakot highlighted rural vulnerability, especially among Indigenous villages.
Students design:
• community-led resilience training
• Indigenous ecological knowledge integration
• rapid communication strategies in mountainous regions

Case Study 5: LGBTQ+ Youth Support in Kaohsiung
Although Taiwan legalized same-sex marriage, stigma persists in some areas.
Students must:
• design safe-space programs
• address family acceptance barriers
• adapt interventions for Confucian cultural norms and school system structures","Upon successful completion of this course, students will be able to:
1.	Apply participatory and co-creation approaches to the design of social work interventions, engaging community members, service users, and local stakeholders as active partners throughout the planning and decision-making process.
2.	Assess cultural, political, and economic contextual factors that shape social problems and service delivery, and analyze how power relations, governance structures, and resource distribution influence intervention feasibility and outcomes.
3.	Adapt evidence-informed interventions to address the specific needs, strengths, and priorities of diverse communities, balancing fidelity to core intervention principles with necessary contextual modifications.
4.	Integrate indigenous models and local knowledge systems into social work practice in culturally respectful and ethically grounded ways, recognizing their value in promoting relevance, legitimacy, and sustainability.
5.	Develop practical implementation strategies for resource-constrained settings, including approaches to prioritization, partnership building, capacity development, and incremental scaling.
6.	Identify and address ethical considerations when working with vulnerable and marginalized populations, with particular attention to issues of consent, participation, power asymmetries, and potential unintended consequences.
7.	Formulate participatory evaluation plans that incorporate culturally grounded indicators and community-defined outcomes, enabling ongoing learning, accountability, and practice improvement.","Assigned readings are to be read prior to class. Students should come to class prepared to discuss and apply knowledge obtained from the readings to the classroom discussions. Class discussion and attendance are highly valued in this course. Students are expected to attend all classes unless prevented by illness, urgent crisis or mishap. If you anticipate missing a class session, please let the instructor know in advance. If you are not able to let the instructor know in advance, please follow up with communication after the fact. For help in identifying and securing difficult to find articles, please consult with instructor.","20%	

Community Context Analysis


30%	

Intervention Adaptation Brief


40%	

Implementation &amp;amp;amp; Evaluation Plan


10%	

Participation &amp;amp;amp; Engagement

本校尚無訂定 A+ 比例上限。
本校採用等第制評定成績，學生成績評量辦法中的百分制分數區間與單科成績對照表僅供參考，授課教師可依等第定義調整分數區間。詳見 學習評量專區。",
18536,社會工作學研究所,,,,,
49996,社會工作學研究所,,,,,
51890,社會工作學研究所,,,,,
70059,國立臺灣師範大學,,,,,
71580,國立臺灣師範大學,,,,,
70061,國立臺灣師範大學,,,,,
70062,國立臺灣師範大學,,,,,
70063,國立臺灣師範大學,,,,,
70001,,,,,,
70002,,,,,,
70003,,,,,,
71505,國立臺灣師範大學,,,,,
70004,國立臺灣師範大學,,,,,
70008,,,,,,
70016,,,,,,
70017,,,,,,
70018,國立臺灣師範大學,,,,,
70044,,,,,,
70045,,,,,,
70889,國立臺灣師範大學,,,,,
71563,國立臺灣師範大學,,,,,
70892,國立臺灣師範大學,,,,,
70116,國立臺灣師範大學,,,,,
70121,國立臺灣師範大學,,,,,
70766,國立臺灣師範大學,,,,,
70607,國立臺灣師範大學,,,,,
70610,國立臺灣師範大學,,,,,
70611,國立臺灣師範大學,,,,,
70615,國立臺灣師範大學,,,,,
70616,國立臺灣師範大學,,,,,
70767,國立臺灣師範大學,,,,,
70771,國立臺灣師範大學,,,,,
70896,國立臺灣師範大學,,,,,
70133,國立臺灣師範大學,,,,,
70134,國立臺灣師範大學,,,,,
70138,國立臺灣師範大學,,,,,
70150,國立臺灣師範大學,,,,,
70988,國立臺灣師範大學,,,,,
70902,國立臺灣師範大學,,,,,
70903,國立臺灣師範大學,,,,,
70904,國立臺灣師範大學,,,,,
70905,國立臺灣師範大學,,,,,
70906,國立臺灣師範大學,,,,,
70777,國立臺灣師範大學,,,,,
70624,國立臺灣師範大學,,,,,
70913,國立臺灣師範大學,,,,,
70166,國立臺灣師範大學,,,,,
71473,國立臺灣師範大學,,,,,
70922,國立臺灣師範大學,,,,,
70923,國立臺灣師範大學,,,,,
71485,國立臺灣師範大學,,,,,
70925,國立臺灣師範大學,,,,,
70173,國立臺灣師範大學,,,,,
70177,國立臺灣師範大學,,,,,
70192,國立臺灣師範大學,,,,,
70799,國立臺灣師範大學,,,,,
70643,國立臺灣師範大學,,,,,
70644,國立臺灣師範大學,,,,,
70197,國立臺灣師範大學,,,,,
70204,國立臺灣師範大學,,,,,
70933,國立臺灣師範大學,,,,,
70217,國立臺灣師範大學,,,,,
70656,國立臺灣師範大學,,,,,
70242,國立臺灣師範大學,,,,,
70935,國立臺灣師範大學,,,,,
70814,國立臺灣師範大學,,,,,
70664,國立臺灣師範大學,,,,,
70264,國立臺灣師範大學,,,,,
70265,國立臺灣師範大學,,,,,
70267,國立臺灣師範大學,,,,,
70820,國立臺灣師範大學,,,,,
70944,國立臺灣師範大學,,,,,
70315,國立臺灣師範大學,,,,,
70317,國立臺灣師範大學,,,,,
70824,國立臺灣師範大學,,,,,
70949,國立臺灣師範大學,,,,,
70825,國立臺灣師範大學,,,,,
70952,國立臺灣師範大學,,,,,
70954,國立臺灣師範大學,,,,,
70828,國立臺灣師範大學,,,,,
70709,國立臺灣師範大學,,,,,
70454,國立臺灣師範大學,,,,,
70962,國立臺灣師範大學,,,,,
70722,國立臺灣師範大學,,,,,
70463,國立臺灣師範大學,,,,,
71570,國立臺灣師範大學,,,,,
70963,國立臺灣師範大學,,,,,
71541,國立臺灣師範大學,,,,,
70066,國立臺灣師範大學,,,,,
70590,國立臺灣師範大學,,,,,
70472,國立臺灣師範大學,,,,,
70482,國立臺灣師範大學,,,,,
70484,國立臺灣師範大學,,,,,
70495,國立臺灣師範大學,,,,,
70504,國立臺灣師範大學,,,,,
70967,國立臺灣師範大學,,,,,
70856,國立臺灣師範大學,,,,,
70731,國立臺灣師範大學,,,,,
70515,國立臺灣師範大學,,,,,
70084,國立臺灣師範大學,,,,,
70890,國立臺灣師範大學,,,,,
70600,國立臺灣師範大學,,,,,
70601,國立臺灣師範大學,,,,,
70769,國立臺灣師範大學,,,,,
70770,國立臺灣師範大學,,,,,
70132,國立臺灣師範大學,,,,,
70137,國立臺灣師範大學,,,,,
70990,國立臺灣師範大學,,,,,
70778,國立臺灣師範大學,,,,,
70779,國立臺灣師範大學,,,,,
70780,國立臺灣師範大學,,,,,
70781,國立臺灣師範大學,,,,,
70782,國立臺灣師範大學,,,,,
70783,國立臺灣師範大學,,,,,
70907,國立臺灣師範大學,,,,,
70908,國立臺灣師範大學,,,,,
70909,國立臺灣師範大學,,,,,
70910,國立臺灣師範大學,,,,,
70911,國立臺灣師範大學,,,,,
70912,國立臺灣師範大學,,,,,
70914,國立臺灣師範大學,,,,,
70625,國立臺灣師範大學,,,,,
70626,國立臺灣師範大學,,,,,
70785,國立臺灣師範大學,,,,,
70628,國立臺灣師範大學,,,,,
70786,國立臺灣師範大學,,,,,
70791,國立臺灣師範大學,,,,,
70792,國立臺灣師範大學,,,,,
70629,國立臺灣師範大學,,,,,
70630,國立臺灣師範大學,,,,,
70916,國立臺灣師範大學,,,,,
70917,國立臺灣師範大學,,,,,
70918,國立臺灣師範大學,,,,,
70634,國立臺灣師範大學,,,,,
70635,國立臺灣師範大學,,,,,
70636,國立臺灣師範大學,,,,,
71472,國立臺灣師範大學,,,,,
71474,國立臺灣師範大學,,,,,
71475,國立臺灣師範大學,,,,,
71476,國立臺灣師範大學,,,,,
70168,國立臺灣師範大學,,,,,
70798,國立臺灣師範大學,,,,,
70924,國立臺灣師範大學,,,,,
70926,國立臺灣師範大學,,,,,
70800,國立臺灣師範大學,,,,,
71564,國立臺灣師範大學,,,,,
70203,國立臺灣師範大學,,,,,
70808,國立臺灣師範大學,,,,,
70809,國立臺灣師範大學,,,,,
70254,國立臺灣師範大學,,,,,
70659,國立臺灣師範大學,,,,,
70660,國立臺灣師範大學,,,,,
70936,國立臺灣師範大學,,,,,
70938,國立臺灣師範大學,,,,,
70665,國立臺灣師範大學,,,,,
70666,國立臺灣師範大學,,,,,
70667,國立臺灣師範大學,,,,,
70669,國立臺灣師範大學,,,,,
70671,國立臺灣師範大學,,,,,
70821,國立臺灣師範大學,,,,,
70672,國立臺灣師範大學,,,,,
70822,國立臺灣師範大學,,,,,
70823,國立臺灣師範大學,,,,,
70277,國立臺灣師範大學,,,,,
71509,國立臺灣師範大學,,,,,
70284,國立臺灣師範大學,,,,,
70285,國立臺灣師範大學,,,,,
70320,國立臺灣師範大學,,,,,
70679,國立臺灣師範大學,,,,,
70374,國立臺灣師範大學,,,,,
70375,國立臺灣師範大學,,,,,
70376,國立臺灣師範大學,,,,,
70377,國立臺灣師範大學,,,,,
70380,國立臺灣師範大學,,,,,
70685,國立臺灣師範大學,,,,,
70686,國立臺灣師範大學,,,,,
70826,國立臺灣師範大學,,,,,
70827,國立臺灣師範大學,,,,,
70950,國立臺灣師範大學,,,,,
70951,國立臺灣師範大學,,,,,
70689,國立臺灣師範大學,,,,,
70829,國立臺灣師範大學,,,,,
70830,國立臺灣師範大學,,,,,
70831,國立臺灣師範大學,,,,,
70832,國立臺灣師範大學,,,,,
70833,國立臺灣師範大學,,,,,
70690,國立臺灣師範大學,,,,,
70691,國立臺灣師範大學,,,,,
70692,國立臺灣師範大學,,,,,
70693,國立臺灣師範大學,,,,,
70694,國立臺灣師範大學,,,,,
70695,國立臺灣師範大學,,,,,
70834,國立臺灣師範大學,,,,,
70835,國立臺灣師範大學,,,,,
70836,國立臺灣師範大學,,,,,
70837,國立臺灣師範大學,,,,,
70838,國立臺灣師範大學,,,,,
70696,國立臺灣師範大學,,,,,
70697,國立臺灣師範大學,,,,,
70698,國立臺灣師範大學,,,,,
70699,國立臺灣師範大學,,,,,
70700,國立臺灣師範大學,,,,,
70701,國立臺灣師範大學,,,,,
70702,國立臺灣師範大學,,,,,
70703,國立臺灣師範大學,,,,,
70704,國立臺灣師範大學,,,,,
70705,國立臺灣師範大學,,,,,
70392,國立臺灣師範大學,,,,,
70393,國立臺灣師範大學,,,,,
70396,國立臺灣師範大學,,,,,
70839,國立臺灣師範大學,,,,,
70398,國立臺灣師範大學,,,,,
70956,國立臺灣師範大學,,,,,
70957,國立臺灣師範大學,,,,,
70841,國立臺灣師範大學,,,,,
71448,國立臺灣師範大學,,,,,
70476,國立臺灣師範大學,,,,,
70483,國立臺灣師範大學,,,,,
71005,國立臺灣師範大學,,,,,
70493,國立臺灣師範大學,,,,,
70500,國立臺灣師範大學,,,,,
70501,國立臺灣師範大學,,,,,
70725,國立臺灣師範大學,,,,,
70526,國立臺灣師範大學,,,,,
70539,國立臺灣師範大學,,,,,
70550,國立臺灣師範大學,,,,,
70555,國立臺灣師範大學,,,,,
70556,國立臺灣師範大學,,,,,
70564,國立臺灣師範大學,,,,,
70090,國立臺灣師範大學,,,,,
70891,國立臺灣師範大學,,,,,
70139,國立臺灣師範大學,,,,,
70989,國立臺灣師範大學,,,,,
70212,國立臺灣師範大學,,,,,
70940,國立臺灣師範大學,,,,,
71496,國立臺灣師範大學,,,,,
70307,國立臺灣師範大學,,,,,
70310,國立臺灣師範大學,,,,,
70678,國立臺灣師範大學,,,,,
70378,國立臺灣師範大學,,,,,
70465,國立臺灣師範大學,,,,,
70467,國立臺灣師範大學,,,,,
70522,國立臺灣師範大學,,,,,
70527,國立臺灣師範大學,,,,,
70085,國立臺灣師範大學,,,,,
70088,國立臺灣師範大學,,,,,
70883,國立臺灣師範大學,,,,,
70591,國立臺灣師範大學,,,,,
70759,國立臺灣師範大學,,,,,
70762,國立臺灣師範大學,,,,,
70592,國立臺灣師範大學,,,,,
70593,國立臺灣師範大學,,,,,
70108,國立臺灣師範大學,,,,,
70619,國立臺灣師範大學,,,,,
70772,國立臺灣師範大學,,,,,
70131,國立臺灣師範大學,,,,,
70627,國立臺灣師範大學,,,,,
70915,國立臺灣師範大學,,,,,
70919,國立臺灣師範大學,,,,,
71484,國立臺灣師範大學,,,,,
70647,國立臺灣師範大學,,,,,
70229,國立臺灣師範大學,,,,,
70230,國立臺灣師範大學,,,,,
70655,國立臺灣師範大學,,,,,
70243,國立臺灣師範大學,,,,,
70255,國立臺灣師範大學,,,,,
70813,國立臺灣師範大學,,,,,
70268,國立臺灣師範大學,,,,,
70274,國立臺灣師範大學,,,,,
70819,國立臺灣師範大學,,,,,
70668,國立臺灣師範大學,,,,,
70941,國立臺灣師範大學,,,,,
70943,國立臺灣師範大學,,,,,
70999,國立臺灣師範大學,,,,,
71450,國立臺灣師範大學,,,,,
70302,國立臺灣師範大學,,,,,
70306,國立臺灣師範大學,,,,,
70309,國立臺灣師範大學,,,,,
70677,國立臺灣師範大學,,,,,
70390,國立臺灣師範大學,,,,,
70466,國立臺灣師範大學,,,,,
70486,國立臺灣師範大學,,,,,
70490,國立臺灣師範大學,,,,,
70492,國立臺灣師範大學,,,,,
71495,國立臺灣師範大學,,,,,
70519,國立臺灣師範大學,,,,,
70532,國立臺灣師範大學,,,,,
70548,國立臺灣師範大學,,,,,
70970,國立臺灣師範大學,,,,,
70086,國立臺灣師範大學,,,,,
70140,國立臺灣師範大學,,,,,
70206,國立臺灣師範大學,,,,,
70279,國立臺灣師範大學,,,,,
70521,國立臺灣師範大學,,,,,
70563,國立臺灣師範大學,,,,,
70223,國立臺灣師範大學,,,,,
70049,國立臺灣師範大學,,,,,
70106,國立臺灣師範大學,,,,,
70109,國立臺灣師範大學,,,,,
70122,國立臺灣師範大學,,,,,
70608,國立臺灣師範大學,,,,,
70612,國立臺灣師範大學,,,,,
70617,國立臺灣師範大學,,,,,
70618,國立臺灣師範大學,,,,,
70893,國立臺灣師範大學,,,,,
70620,國立臺灣師範大學,,,,,
70894,國立臺灣師範大學,,,,,
70895,國立臺灣師範大學,,,,,
70897,國立臺灣師範大學,,,,,
70774,國立臺灣師範大學,,,,,
70136,國立臺灣師範大學,,,,,
70631,國立臺灣師範大學,,,,,
70172,國立臺灣師範大學,,,,,
71483,國立臺灣師範大學,,,,,
70997,國立臺灣師範大學,,,,,
70221,國立臺灣師範大學,,,,,
70231,國立臺灣師範大學,,,,,
70240,國立臺灣師範大學,,,,,
70662,國立臺灣師範大學,,,,,
70663,國立臺灣師範大學,,,,,
70673,國立臺灣師範大學,,,,,
70313,國立臺灣師範大學,,,,,
70680,國立臺灣師範大學,,,,,
71594,國立臺灣師範大學,,,,,
70460,國立臺灣師範大學,,,,,
70471,國立臺灣師範大學,,,,,
70965,國立臺灣師範大學,,,,,
70726,國立臺灣師範大學,,,,,
70730,國立臺灣師範大學,,,,,
70969,國立臺灣師範大學,,,,,
70971,國立臺灣師範大學,,,,,
70531,國立臺灣師範大學,,,,,
70535,國立臺灣師範大學,,,,,
70540,國立臺灣師範大學,,,,,
70565,國立臺灣師範大學,,,,,
70464,國立臺灣師範大學,,,,,
70485,國立臺灣師範大學,,,,,
70867,國立臺灣師範大學,,,,,
70005,,,,,,
70214,國立臺灣師範大學,,,,,
70218,國立臺灣師範大學,,,,,
70549,國立臺灣師範大學,,,,,
70053,國立臺灣師範大學,,,,,
70054,國立臺灣師範大學,,,,,
70091,國立臺灣師範大學,,,,,
70092,國立臺灣師範大學,,,,,
70093,國立臺灣師範大學,,,,,
70112,國立臺灣師範大學,,,,,
70120,國立臺灣師範大學,,,,,
70768,國立臺灣師範大學,,,,,
70640,國立臺灣師範大學,,,,,
70165,國立臺灣師範大學,,,,,
70174,國立臺灣師範大學,,,,,
70180,國立臺灣師範大學,,,,,
70646,國立臺灣師範大學,,,,,
70648,國立臺灣師範大學,,,,,
70232,國立臺灣師範大學,,,,,
70241,國立臺灣師範大學,,,,,
70244,國立臺灣師範大學,,,,,
70670,國立臺灣師範大學,,,,,
70290,國立臺灣師範大學,,,,,
70311,國立臺灣師範大學,,,,,
70314,國立臺灣師範大學,,,,,
70391,國立臺灣師範大學,,,,,
70852,國立臺灣師範大學,,,,,
70499,國立臺灣師範大學,,,,,
70507,國立臺灣師範大學,,,,,
70557,國立臺灣師範大學,,,,,
70613,國立臺灣師範大學,,,,,
70614,國立臺灣師範大學,,,,,
70127,國立臺灣師範大學,,,,,
70982,國立臺灣師範大學,,,,,
70046,,,,,,
70602,國立臺灣師範大學,,,,,
70141,國立臺灣師範大學,,,,,
70142,國立臺灣師範大學,,,,,
70207,國立臺灣師範大學,,,,,
70225,國立臺灣師範大學,,,,,
71539,國立臺灣師範大學,,,,,
70336,國立臺灣師範大學,,,,,
70442,國立臺灣師範大學,,,,,
70446,國立臺灣師範大學,,,,,
70475,國立臺灣師範大學,,,,,
70494,國立臺灣師範大學,,,,,
70509,國立臺灣師範大學,,,,,
70530,國立臺灣師範大學,,,,,
70542,國立臺灣師範大學,,,,,
70107,國立臺灣師範大學,,,,,
70006,,,,,,
70885,國立臺灣師範大學,,,,,
70888,國立臺灣師範大學,,,,,
70802,國立臺灣師範大學,,,,,
70257,國立臺灣師範大學,,,,,
70942,國立臺灣師範大學,,,,,
70324,國立臺灣師範大學,,,,,
70325,國立臺灣師範大學,,,,,
70326,國立臺灣師範大學,,,,,
70327,國立臺灣師範大學,,,,,
70328,國立臺灣師範大學,,,,,
70329,國立臺灣師範大學,,,,,
70330,國立臺灣師範大學,,,,,
70331,國立臺灣師範大學,,,,,
70332,國立臺灣師範大學,,,,,
70335,國立臺灣師範大學,,,,,
70339,國立臺灣師範大學,,,,,
70340,國立臺灣師範大學,,,,,
70341,國立臺灣師範大學,,,,,
70342,國立臺灣師範大學,,,,,
70343,國立臺灣師範大學,,,,,
70344,國立臺灣師範大學,,,,,
70345,國立臺灣師範大學,,,,,
70346,國立臺灣師範大學,,,,,
70347,國立臺灣師範大學,,,,,
70348,國立臺灣師範大學,,,,,
70349,國立臺灣師範大學,,,,,
70356,國立臺灣師範大學,,,,,
70384,國立臺灣師範大學,,,,,
70406,國立臺灣師範大學,,,,,
71510,國立臺灣師範大學,,,,,
70427,國立臺灣師範大學,,,,,
70430,國立臺灣師範大學,,,,,
70966,國立臺灣師範大學,,,,,
70541,國立臺灣師範大學,,,,,
71482,國立臺灣師範大學,,,,,
70632,國立臺灣師範大學,,,,,
70013,,,,,,
70069,國立臺灣師範大學,,,,,
70269,國立臺灣師範大學,,,,,
70351,國立臺灣師範大學,,,,,
70352,國立臺灣師範大學,,,,,
70453,國立臺灣師範大學,,,,,
70502,國立臺灣師範大學,,,,,
70089,國立臺灣師範大學,,,,,
70143,國立臺灣師範大學,,,,,
70645,國立臺灣師範大學,,,,,
70213,國立臺灣師範大學,,,,,
70281,國立臺灣師範大學,,,,,
70533,國立臺灣師範大學,,,,,
70968,國立臺灣師範大學,,,,,
70859,國立臺灣師範大學,,,,,
70350,國立臺灣師範大學,,,,,
70095,國立臺灣師範大學,,,,,
70099,國立臺灣師範大學,,,,,
70603,國立臺灣師範大學,,,,,
70899,國立臺灣師範大學,,,,,
70182,國立臺灣師範大學,,,,,
70189,國立臺灣師範大學,,,,,
70803,國立臺灣師範大學,,,,,
70276,國立臺灣師範大學,,,,,
70280,國立臺灣師範大學,,,,,
71479,國立臺灣師範大學,,,,,
70294,國立臺灣師範大學,,,,,
70296,國立臺灣師範大學,,,,,
70681,國立臺灣師範大學,,,,,
70333,國立臺灣師範大學,,,,,
70357,國立臺灣師範大學,,,,,
70358,國立臺灣師範大學,,,,,
70381,國立臺灣師範大學,,,,,
70386,國立臺灣師範大學,,,,,
71000,國立臺灣師範大學,,,,,
70851,國立臺灣師範大學,,,,,
70449,國立臺灣師範大學,,,,,
70468,國立臺灣師範大學,,,,,
70473,國立臺灣師範大學,,,,,
70477,國立臺灣師範大學,,,,,
70479,國立臺灣師範大學,,,,,
70514,國立臺灣師範大學,,,,,
70727,國立臺灣師範大學,,,,,
70728,國立臺灣師範大學,,,,,
70858,國立臺灣師範大學,,,,,
71006,國立臺灣師範大學,,,,,
70520,國立臺灣師範大學,,,,,
70775,國立臺灣師範大學,,,,,
70806,國立臺灣師範大學,,,,,
71561,國立臺灣師範大學,,,,,
70431,國立臺灣師範大學,,,,,
71004,國立臺灣師範大學,,,,,
70068,國立臺灣師範大學,,,,,
70224,國立臺灣師範大學,,,,,
70228,國立臺灣師範大學,,,,,
70245,國立臺灣師範大學,,,,,
70258,國立臺灣師範大學,,,,,
70266,國立臺灣師範大學,,,,,
71490,國立臺灣師範大學,,,,,
70394,國立臺灣師範大學,,,,,
70503,國立臺灣師範大學,,,,,
70861,國立臺灣師範大學,,,,,
70517,國立臺灣師範大學,,,,,
70537,國立臺灣師範大學,,,,,
70862,國立臺灣師範大學,,,,,
70432,,,,,,
70717,國立臺灣師範大學,,,,,
70433,國立臺灣師範大學,,,,,
70014,,,,,,
70745,國立臺灣師範大學,,,,,
70589,國立臺灣師範大學,,,,,
70753,國立臺灣師範大學,,,,,
70754,國立臺灣師範大學,,,,,
71528,國立臺灣師範大學,,,,,
70758,國立臺灣師範大學,,,,,
70884,國立臺灣師範大學,,,,,
70621,國立臺灣師範大學,,,,,
70622,國立臺灣師範大學,,,,,
70160,國立臺灣師範大學,,,,,
70794,國立臺灣師範大學,,,,,
70795,國立臺灣師範大學,,,,,
70195,國立臺灣師範大學,,,,,
70649,國立臺灣師範大學,,,,,
70928,國立臺灣師範大學,,,,,
70993,國立臺灣師範大學,,,,,
71562,國立臺灣師範大學,,,,,
70931,國立臺灣師範大學,,,,,
70932,國立臺灣師範大學,,,,,
70235,國立臺灣師範大學,,,,,
70236,國立臺灣師範大學,,,,,
70256,國立臺灣師範大學,,,,,
70259,國立臺灣師範大學,,,,,
70273,國立臺灣師範大學,,,,,
70292,國立臺灣師範大學,,,,,
70353,國立臺灣師範大學,,,,,
70397,國立臺灣師範大學,,,,,
70444,國立臺灣師範大學,,,,,
70458,國立臺灣師範大學,,,,,
70478,國立臺灣師範大學,,,,,
70506,國立臺灣師範大學,,,,,
70523,國立臺灣師範大學,,,,,
70733,國立臺灣師範大學,,,,,
71531,國立臺灣師範大學,,,,,
71584,國立臺灣師範大學,,,,,
70505,國立臺灣師範大學,,,,,
70735,國立臺灣師範大學,,,,,
70845,國立臺灣師範大學,,,,,
70846,國立臺灣師範大學,,,,,
70847,國立臺灣師範大學,,,,,
70151,國立臺灣師範大學,,,,,
70152,國立臺灣師範大學,,,,,
70169,國立臺灣師範大學,,,,,
70184,國立臺灣師範大學,,,,,
70361,國立臺灣師範大學,,,,,
70734,國立臺灣師範大學,,,,,
70723,國立臺灣師範大學,,,,,
70110,國立臺灣師範大學,,,,,
70920,國立臺灣師範大學,,,,,
70181,國立臺灣師範大學,,,,,
70183,國立臺灣師範大學,,,,,
70939,國立臺灣師範大學,,,,,
70817,國立臺灣師範大學,,,,,
70998,國立臺灣師範大學,,,,,
70270,國立臺灣師範大學,,,,,
70947,國立臺灣師範大學,,,,,
70674,國立臺灣師範大學,,,,,
70948,國立臺灣師範大學,,,,,
70676,國立臺灣師範大學,,,,,
70682,國立臺灣師範大學,,,,,
70683,國立臺灣師範大學,,,,,
70354,國立臺灣師範大學,,,,,
70360,國立臺灣師範大學,,,,,
70379,國立臺灣師範大學,,,,,
70448,國立臺灣師範大學,,,,,
70456,國立臺灣師範大學,,,,,
70854,國立臺灣師範大學,,,,,
70511,國立臺灣師範大學,,,,,
70512,國立臺灣師範大學,,,,,
70513,國立臺灣師範大學,,,,,
70855,國立臺灣師範大學,,,,,
70857,國立臺灣師範大學,,,,,
70860,國立臺灣師範大學,,,,,
70516,國立臺灣師範大學,,,,,
70561,國立臺灣師範大學,,,,,
70578,國立臺灣師範大學,,,,,
70749,國立臺灣師範大學,,,,,
70751,國立臺灣師範大學,,,,,
70583,國立臺灣師範大學,,,,,
70584,國立臺灣師範大學,,,,,
70568,國立臺灣師範大學,,,,,
70569,國立臺灣師範大學,,,,,
70570,國立臺灣師範大學,,,,,
70552,國立臺灣師範大學,,,,,
70748,國立臺灣師範大學,,,,,
70872,國立臺灣師範大學,,,,,
70710,國立臺灣師範大學,,,,,
70412,國立臺灣師範大學,,,,,
70654,國立臺灣師範大學,,,,,
70104,國立臺灣師範大學,,,,,
70959,國立臺灣師範大學,,,,,
70407,國立臺灣師範大學,,,,,
70848,國立臺灣師範大學,,,,,
70434,國立臺灣師範大學,,,,,
70435,國立臺灣師範大學,,,,,
71451,國立臺灣師範大學,,,,,
70718,國立臺灣師範大學,,,,,
70849,國立臺灣師範大學,,,,,
70763,國立臺灣師範大學,,,,,
70125,國立臺灣師範大學,,,,,
70156,國立臺灣師範大學,,,,,
70157,國立臺灣師範大學,,,,,
70175,國立臺灣師範大學,,,,,
70238,國立臺灣師範大學,,,,,
70282,國立臺灣師範大學,,,,,
70286,國立臺灣師範大學,,,,,
70303,國立臺灣師範大學,,,,,
70364,國立臺灣師範大學,,,,,
70480,國立臺灣師範大學,,,,,
70436,國立臺灣師範大學,,,,,
71506,國立臺灣師範大學,,,,,
70113,國立臺灣師範大學,,,,,
70015,,,,,,
70064,國立臺灣師範大學,,,,,
70065,國立臺灣師範大學,,,,,
70900,國立臺灣師範大學,,,,,
70185,國立臺灣師範大學,,,,,
70641,國立臺灣師範大學,,,,,
70642,國立臺灣師範大學,,,,,
70650,國立臺灣師範大學,,,,,
70804,國立臺灣師範大學,,,,,
70198,國立臺灣師範大學,,,,,
70199,國立臺灣師範大學,,,,,
70200,國立臺灣師範大學,,,,,
70208,國立臺灣師範大學,,,,,
70994,國立臺灣師範大學,,,,,
70237,國立臺灣師範大學,,,,,
70657,國立臺灣師範大學,,,,,
70253,國立臺灣師範大學,,,,,
70262,國立臺灣師範大學,,,,,
70295,國立臺灣師範大學,,,,,
70684,國立臺灣師範大學,,,,,
70355,國立臺灣師範大學,,,,,
71583,國立臺灣師範大學,,,,,
70400,國立臺灣師範大學,,,,,
70401,國立臺灣師範大學,,,,,
70402,國立臺灣師範大學,,,,,
70422,國立臺灣師範大學,,,,,
70423,國立臺灣師範大學,,,,,
70424,國立臺灣師範大學,,,,,
70425,國立臺灣師範大學,,,,,
70461,國立臺灣師範大學,,,,,
70738,國立臺灣師範大學,,,,,
70865,國立臺灣師範大學,,,,,
70972,國立臺灣師範大學,,,,,
70973,國立臺灣師範大學,,,,,
70739,國立臺灣師範大學,,,,,
70740,國立臺灣師範大學,,,,,
70866,國立臺灣師範大學,,,,,
70741,國立臺灣師範大學,,,,,
70976,國立臺灣師範大學,,,,,
70977,國立臺灣師範大學,,,,,
70868,國立臺灣師範大學,,,,,
70869,國立臺灣師範大學,,,,,
70871,國立臺灣師範大學,,,,,
70978,國立臺灣師範大學,,,,,
70979,國立臺灣師範大學,,,,,
70873,國立臺灣師範大學,,,,,
70874,國立臺灣師範大學,,,,,
70875,國立臺灣師範大學,,,,,
70876,國立臺灣師範大學,,,,,
70742,國立臺灣師範大學,,,,,
70575,國立臺灣師範大學,,,,,
70576,國立臺灣師範大學,,,,,
71578,國立臺灣師範大學,,,,,
70579,國立臺灣師範大學,,,,,
70580,國立臺灣師範大學,,,,,
70750,國立臺灣師範大學,,,,,
70585,國立臺灣師範大學,,,,,
70420,國立臺灣師範大學,,,,,
71530,國立臺灣師範大學,,,,,
70881,國立臺灣師範大學,,,,,
70587,國立臺灣師範大學,,,,,
70588,國立臺灣師範大學,,,,,
70019,國立臺灣師範大學,,,,,
70020,國立臺灣師範大學,,,,,
70021,國立臺灣師範大學,,,,,
70022,國立臺灣師範大學,,,,,
70023,國立臺灣師範大學,,,,,
70024,國立臺灣師範大學,,,,,
70025,國立臺灣師範大學,,,,,
70026,國立臺灣師範大學,,,,,
70027,國立臺灣師範大學,,,,,
70850,國立臺灣師範大學,,,,,
71532,國立臺灣師範大學,,,,,
70719,國立臺灣師範大學,,,,,
70028,國立臺灣師範大學,,,,,
70029,國立臺灣師範大學,,,,,
70030,國立臺灣師範大學,,,,,
70036,國立臺灣師範大學,,,,,
70039,國立臺灣師範大學,,,,,
71438,國立臺灣師範大學,,,,,
70040,國立臺灣師範大學,,,,,
70983,國立臺灣師範大學,,,,,
70633,國立臺灣師範大學,,,,,
70222,國立臺灣師範大學,,,,,
70048,國立臺灣師範大學,,,,,
70031,國立臺灣師範大學,,,,,
70032,國立臺灣師範大學,,,,,
70033,國立臺灣師範大學,,,,,
70034,國立臺灣師範大學,,,,,
70037,國立臺灣師範大學,,,,,
70038,國立臺灣師範大學,,,,,
70067,國立臺灣師範大學,,,,,
70081,國立臺灣師範大學,,,,,
70128,國立臺灣師範大學,,,,,
70145,國立臺灣師範大學,,,,,
70793,國立臺灣師範大學,,,,,
70154,國立臺灣師範大學,,,,,
70171,國立臺灣師範大學,,,,,
70190,國立臺灣師範大學,,,,,
70194,國立臺灣師範大學,,,,,
70651,國立臺灣師範大學,,,,,
70995,國立臺灣師範大學,,,,,
70996,國立臺灣師範大學,,,,,
70233,國立臺灣師範大學,,,,,
70260,國立臺灣師範大學,,,,,
70271,國立臺灣師範大學,,,,,
70275,國立臺灣師範大學,,,,,
70319,國立臺灣師範大學,,,,,
70362,國立臺灣師範大學,,,,,
70840,國立臺灣師範大學,,,,,
70428,國立臺灣師範大學,,,,,
70440,國立臺灣師範大學,,,,,
70441,國立臺灣師範大學,,,,,
70455,國立臺灣師範大學,,,,,
70538,國立臺灣師範大學,,,,,
70562,國立臺灣師範大學,,,,,
70572,國立臺灣師範大學,,,,,
71007,國立臺灣師範大學,,,,,
70980,國立臺灣師範大學,,,,,
70877,國立臺灣師範大學,,,,,
70743,國立臺灣師範大學,,,,,
70744,國立臺灣師範大學,,,,,
70878,國立臺灣師範大學,,,,,
70981,國立臺灣師範大學,,,,,
70960,國立臺灣師範大學,,,,,
70528,國立臺灣師範大學,,,,,
70438,國立臺灣師範大學,,,,,
70880,國立臺灣師範大學,,,,,
70842,國立臺灣師範大學,,,,,
70843,國立臺灣師範大學,,,,,
70844,國立臺灣師範大學,,,,,
70581,國立臺灣師範大學,,,,,
70582,國立臺灣師範大學,,,,,
70752,國立臺灣師範大學,,,,,
70955,國立臺灣師範大學,,,,,
70711,國立臺灣師範大學,,,,,
70416,國立臺灣師範大學,,,,,
70418,國立臺灣師範大學,,,,,
70594,國立臺灣師範大學,,,,,
70595,國立臺灣師範大學,,,,,
70596,國立臺灣師範大學,,,,,
70764,國立臺灣師範大學,,,,,
70765,國立臺灣師範大學,,,,,
70987,國立臺灣師範大學,,,,,
70879,國立臺灣師範大學,,,,,
70757,國立臺灣師範大學,,,,,
70007,國立臺灣師範大學,,,,,
70042,國立臺灣師範大學,,,,,
70052,國立臺灣師範大學,,,,,
70055,國立臺灣師範大學,,,,,
70056,國立臺灣師範大學,,,,,
70984,國立臺灣師範大學,,,,,
70153,國立臺灣師範大學,,,,,
70675,國立臺灣師範大學,,,,,
70304,國立臺灣師範大學,,,,,
70305,國立臺灣師範大學,,,,,
70363,國立臺灣師範大學,,,,,
70035,國立臺灣師範大學,,,,,
70041,國立臺灣師範大學,,,,,
70043,國立臺灣師範大學,,,,,
70047,國立臺灣師範大學,,,,,
70057,國立臺灣師範大學,,,,,
70058,國立臺灣師範大學,,,,,
70060,國立臺灣師範大學,,,,,
70747,國立臺灣師範大學,,,,,
70604,國立臺灣師範大學,,,,,
70776,國立臺灣師範大學,,,,,
70623,國立臺灣師範大學,,,,,
70986,國立臺灣師範大學,,,,,
70921,國立臺灣師範大學,,,,,
70155,國立臺灣師範大學,,,,,
70170,國立臺灣師範大學,,,,,
70186,國立臺灣師範大學,,,,,
70187,國立臺灣師範大學,,,,,
70191,國立臺灣師範大學,,,,,
70805,國立臺灣師範大學,,,,,
70201,國立臺灣師範大學,,,,,
70202,國立臺灣師範大學,,,,,
70810,國立臺灣師範大學,,,,,
70239,國立臺灣師範大學,,,,,
70247,國立臺灣師範大學,,,,,
70248,國立臺灣師範大學,,,,,
70283,國立臺灣師範大學,,,,,
70293,國立臺灣師範大學,,,,,
70297,國立臺灣師範大學,,,,,
70298,國立臺灣師範大學,,,,,
70318,國立臺灣師範大學,,,,,
70321,國立臺灣師範大學,,,,,
70365,國立臺灣師範大學,,,,,
70367,國立臺灣師範大學,,,,,
71491,國立臺灣師範大學,,,,,
70389,國立臺灣師範大學,,,,,
70724,國立臺灣師範大學,,,,,
71452,國立臺灣師範大學,,,,,
70534,國立臺灣師範大學,,,,,
70571,國立臺灣師範大學,,,,,
70176,國立臺灣師範大學,,,,,
70658,國立臺灣師範大學,,,,,
70250,國立臺灣師範大學,,,,,
70560,國立臺灣師範大學,,,,,
70462,國立臺灣師範大學,,,,,
71560,國立臺灣師範大學,,,,,
70010,國立臺灣師範大學,,,,,
70756,國立臺灣師範大學,,,,,
70882,國立臺灣師範大學,,,,,
70597,國立臺灣師範大學,,,,,
70598,國立臺灣師範大學,,,,,
70599,國立臺灣師範大學,,,,,
70816,國立臺灣師範大學,,,,,
70105,國立臺灣師範大學,,,,,
70720,國立臺灣師範大學,,,,,
70439,國立臺灣師範大學,,,,,
70011,國立臺灣師範大學,,,,,
70371,國立臺灣師範大學,,,,,
70373,國立臺灣師範大學,,,,,
70488,國立臺灣師範大學,,,,,
70497,國立臺灣師範大學,,,,,
70009,國立臺灣師範大學,,,,,
71469,國立臺灣師範大學,,,,,
71470,國立臺灣師範大學,,,,,
71471,國立臺灣師範大學,,,,,
70755,國立臺灣師範大學,,,,,
70082,國立臺灣師範大學,,,,,
70083,國立臺灣師範大學,,,,,
70094,國立臺灣師範大學,,,,,
70096,國立臺灣師範大學,,,,,
70097,國立臺灣師範大學,,,,,
70100,國立臺灣師範大學,,,,,
70101,國立臺灣師範大學,,,,,
70102,國立臺灣師範大學,,,,,
70103,國立臺灣師範大學,,,,,
70886,國立臺灣師範大學,,,,,
70111,國立臺灣師範大學,,,,,
70115,國立臺灣師範大學,,,,,
70117,國立臺灣師範大學,,,,,
70605,國立臺灣師範大學,,,,,
70609,國立臺灣師範大學,,,,,
70985,國立臺灣師範大學,,,,,
70901,國立臺灣師範大學,,,,,
70144,國立臺灣師範大學,,,,,
70146,國立臺灣師範大學,,,,,
70147,國立臺灣師範大學,,,,,
70148,國立臺灣師範大學,,,,,
70149,國立臺灣師範大學,,,,,
70991,國立臺灣師範大學,,,,,
70797,國立臺灣師範大學,,,,,
70639,國立臺灣師範大學,,,,,
70162,國立臺灣師範大學,,,,,
70167,國立臺灣師範大學,,,,,
70178,國立臺灣師範大學,,,,,
70188,國立臺灣師範大學,,,,,
70196,國立臺灣師範大學,,,,,
70205,國立臺灣師範大學,,,,,
70209,國立臺灣師範大學,,,,,
70210,國立臺灣師範大學,,,,,
70211,國立臺灣師範大學,,,,,
70219,國立臺灣師範大學,,,,,
70220,國立臺灣師範大學,,,,,
70246,國立臺灣師範大學,,,,,
70811,國立臺灣師範大學,,,,,
70812,國立臺灣師範大學,,,,,
70249,國立臺灣師範大學,,,,,
70251,國立臺灣師範大學,,,,,
70252,國立臺灣師範大學,,,,,
70261,國立臺灣師範大學,,,,,
70263,國立臺灣師範大學,,,,,
70272,國立臺灣師範大學,,,,,
70818,國立臺灣師範大學,,,,,
70287,國立臺灣師範大學,,,,,
70288,國立臺灣師範大學,,,,,
70289,國立臺灣師範大學,,,,,
70366,國立臺灣師範大學,,,,,
70369,國立臺灣師範大學,,,,,
70370,國立臺灣師範大學,,,,,
70372,國立臺灣師範大學,,,,,
70383,國立臺灣師範大學,,,,,
70385,國立臺灣師範大學,,,,,
70388,國立臺灣師範大學,,,,,
70395,國立臺灣師範大學,,,,,
70405,國立臺灣師範大學,,,,,
70408,國立臺灣師範大學,,,,,
70409,國立臺灣師範大學,,,,,
70410,國立臺灣師範大學,,,,,
70411,國立臺灣師範大學,,,,,
70413,國立臺灣師範大學,,,,,
70419,國立臺灣師範大學,,,,,
70426,國立臺灣師範大學,,,,,
71001,國立臺灣師範大學,,,,,
71002,國立臺灣師範大學,,,,,
71003,國立臺灣師範大學,,,,,
70443,國立臺灣師範大學,,,,,
70447,國立臺灣師範大學,,,,,
70450,國立臺灣師範大學,,,,,
70451,國立臺灣師範大學,,,,,
70459,國立臺灣師範大學,,,,,
70481,國立臺灣師範大學,,,,,
70964,國立臺灣師範大學,,,,,
70518,國立臺灣師範大學,,,,,
70543,國立臺灣師範大學,,,,,
70545,國立臺灣師範大學,,,,,
70546,國立臺灣師範大學,,,,,
70547,國立臺灣師範大學,,,,,
70551,國立臺灣師範大學,,,,,
70863,國立臺灣師範大學,,,,,
70864,國立臺灣師範大學,,,,,
70567,國立臺灣師範大學,,,,,
70573,國立臺灣師範大學,,,,,
70577,國立臺灣師範大學,,,,,
71447,國立臺灣師範大學,,,,,
71462,國立臺灣師範大學,,,,,
71463,國立臺灣師範大學,,,,,
71466,國立臺灣師範大學,,,,,
71467,國立臺灣師範大學,,,,,
71477,國立臺灣師範大學,,,,,
71478,國立臺灣師範大學,,,,,
71480,國立臺灣師範大學,,,,,
71481,國立臺灣師範大學,,,,,
71489,國立臺灣師範大學,,,,,
71494,國立臺灣師範大學,,,,,
71497,國立臺灣師範大學,,,,,
71498,國立臺灣師範大學,,,,,
71524,國立臺灣師範大學,,,,,
71507,國立臺灣師範大學,,,,,
71508,國立臺灣師範大學,,,,,
71513,國立臺灣師範大學,,,,,
71529,國立臺灣師範大學,,,,,
71533,國立臺灣師範大學,,,,,
71553,國立臺灣師範大學,,,,,
71554,國立臺灣師範大學,,,,,
71555,國立臺灣師範大學,,,,,
71571,國立臺灣師範大學,,,,,
70721,國立臺灣師範大學,,,,,
70961,國立臺灣師範大學,,,,,
71579,國立臺灣師範大學,,,,,
71592,國立臺灣師範大學,,,,,
71581,國立臺灣師範大學,,,,,
71585,國立臺灣師範大學,,,,,
71586,國立臺灣師範大學,,,,,
71582,國立臺灣師範大學,,,,,
71597,國立臺灣師範大學,,,,,
71029,國立臺灣科技大學,,,,,
71499,國立臺灣科技大學,,,,,
71043,國立臺灣科技大學,,,,,
71044,國立臺灣科技大學,,,,,
71045,國立臺灣科技大學,,,,,
71051,國立臺灣科技大學,,,,,
71053,國立臺灣科技大學,,,,,
71565,國立臺灣科技大學,,,,,
71075,國立臺灣科技大學,,,,,
71515,國立臺灣科技大學,,,,,
71093,國立臺灣科技大學,,,,,
71104,國立臺灣科技大學,,,,,
71552,國立臺灣科技大學,,,,,
71598,國立臺灣科技大學,,,,,
71548,國立臺灣科技大學,,,,,
71143,國立臺灣科技大學,,,,,
71146,國立臺灣科技大學,,,,,
71153,國立臺灣科技大學,,,,,
71439,國立臺灣科技大學,,,,,
71158,國立臺灣科技大學,,,,,
71159,國立臺灣科技大學,,,,,
71461,國立臺灣科技大學,,,,,
71487,國立臺灣科技大學,,,,,
71194,國立臺灣科技大學,,,,,
71195,國立臺灣科技大學,,,,,
71196,國立臺灣科技大學,,,,,
71219,國立臺灣科技大學,,,,,
71220,國立臺灣科技大學,,,,,
71222,國立臺灣科技大學,,,,,
71223,國立臺灣科技大學,,,,,
71224,國立臺灣科技大學,,,,,
71245,國立臺灣科技大學,,,,,
71246,國立臺灣科技大學,,,,,
71248,國立臺灣科技大學,,,,,
71249,國立臺灣科技大學,,,,,
71252,國立臺灣科技大學,,,,,
71256,國立臺灣科技大學,,,,,
71257,國立臺灣科技大學,,,,,
71259,國立臺灣科技大學,,,,,
71282,國立臺灣科技大學,,,,,
71285,國立臺灣科技大學,,,,,
71292,國立臺灣科技大學,,,,,
71407,國立臺灣科技大學,,,,,
71413,國立臺灣科技大學,,,,,
71414,國立臺灣科技大學,,,,,
71418,國立臺灣科技大學,,,,,
71419,國立臺灣科技大學,,,,,
71420,國立臺灣科技大學,,,,,
71425,國立臺灣科技大學,,,,,
71426,國立臺灣科技大學,,,,,
71428,國立臺灣科技大學,,,,,
71432,國立臺灣科技大學,,,,,
71433,國立臺灣科技大學,,,,,
71435,國立臺灣科技大學,,,,,
71015,國立臺灣科技大學,,,,,
71018,國立臺灣科技大學,,,,,
71019,國立臺灣科技大學,,,,,
71024,國立臺灣科技大學,,,,,
71025,國立臺灣科技大學,,,,,
71027,國立臺灣科技大學,,,,,
71028,國立臺灣科技大學,,,,,
71030,國立臺灣科技大學,,,,,
71031,國立臺灣科技大學,,,,,
71032,國立臺灣科技大學,,,,,
71037,國立臺灣科技大學,,,,,
71041,國立臺灣科技大學,,,,,
71517,國立臺灣科技大學,,,,,
71116,國立臺灣科技大學,,,,,
71168,國立臺灣科技大學,,,,,
71169,國立臺灣科技大學,,,,,
71173,國立臺灣科技大學,,,,,
71174,國立臺灣科技大學,,,,,
71191,國立臺灣科技大學,,,,,
71569,國立臺灣科技大學,,,,,
71008,國立臺灣科技大學,,,,,
71009,國立臺灣科技大學,,,,,
71010,國立臺灣科技大學,,,,,
71117,國立臺灣科技大學,,,,,
71128,國立臺灣科技大學,,,,,
71576,國立臺灣科技大學,,,,,
71228,國立臺灣科技大學,,,,,
71301,國立臺灣科技大學,,,,,
71302,國立臺灣科技大學,,,,,
71303,國立臺灣科技大學,,,,,
71304,國立臺灣科技大學,,,,,
71305,國立臺灣科技大學,,,,,
71306,國立臺灣科技大學,,,,,
71308,國立臺灣科技大學,,,,,
71309,國立臺灣科技大學,,,,,
71406,國立臺灣科技大學,,,,,
71016,國立臺灣科技大學,,,,,
71017,國立臺灣科技大學,,,,,
71020,國立臺灣科技大學,,,,,
71055,國立臺灣科技大學,,,,,
71501,國立臺灣科技大學,,,,,
71098,國立臺灣科技大學,,,,,
71161,國立臺灣科技大學,,,,,
71163,國立臺灣科技大學,,,,,
71289,國立臺灣科技大學,,,,,
71291,國立臺灣科技大學,,,,,
71296,國立臺灣科技大學,,,,,
71297,國立臺灣科技大學,,,,,
71300,國立臺灣科技大學,,,,,
71310,國立臺灣科技大學,,,,,
71311,國立臺灣科技大學,,,,,
71294,國立臺灣科技大學,,,,,
71299,國立臺灣科技大學,,,,,
71011,國立臺灣科技大學,,,,,
71012,國立臺灣科技大學,,,,,
71202,國立臺灣科技大學,,,,,
71203,國立臺灣科技大學,,,,,
71204,國立臺灣科技大學,,,,,
71205,國立臺灣科技大學,,,,,
71206,國立臺灣科技大學,,,,,
71207,國立臺灣科技大學,,,,,
71208,國立臺灣科技大學,,,,,
71209,國立臺灣科技大學,,,,,
71211,國立臺灣科技大學,,,,,
71212,國立臺灣科技大學,,,,,
71213,國立臺灣科技大學,,,,,
71298,國立臺灣科技大學,,,,,
71313,國立臺灣科技大學,,,,,
71314,國立臺灣科技大學,,,,,
71315,國立臺灣科技大學,,,,,
71316,國立臺灣科技大學,,,,,
71317,國立臺灣科技大學,,,,,
71214,國立臺灣科技大學,,,,,
71215,國立臺灣科技大學,,,,,
71295,國立臺灣科技大學,,,,,
71109,國立臺灣科技大學,,,,,
71516,國立臺灣科技大學,,,,,
71141,國立臺灣科技大學,,,,,
71176,國立臺灣科技大學,,,,,
71200,國立臺灣科技大學,,,,,
71201,國立臺灣科技大學,,,,,
71048,國立臺灣科技大學,,,,,
71054,國立臺灣科技大學,,,,,
71486,國立臺灣科技大學,,,,,
71138,國立臺灣科技大學,,,,,
71172,國立臺灣科技大學,,,,,
71197,國立臺灣科技大學,,,,,
71216,國立臺灣科技大學,,,,,
71318,,,,,,
71319,國立臺灣科技大學,,,,,
71320,國立臺灣科技大學,,,,,
71321,國立臺灣科技大學,,,,,
71149,國立臺灣科技大學,,,,,
71323,國立臺灣科技大學,,,,,
71324,國立臺灣科技大學,,,,,
71022,國立臺灣科技大學,,,,,
71023,國立臺灣科技大學,,,,,
71036,國立臺灣科技大學,,,,,
71047,國立臺灣科技大學,,,,,
71099,國立臺灣科技大學,,,,,
71177,國立臺灣科技大學,,,,,
71189,國立臺灣科技大學,,,,,
71238,國立臺灣科技大學,,,,,
71239,國立臺灣科技大學,,,,,
71325,國立臺灣科技大學,,,,,
71033,國立臺灣科技大學,,,,,
71096,國立臺灣科技大學,,,,,
71097,國立臺灣科技大學,,,,,
71147,國立臺灣科技大學,,,,,
71522,國立臺灣科技大學,,,,,
71231,,,,,,
71293,國立臺灣科技大學,,,,,
71326,國立臺灣科技大學,,,,,
71327,國立臺灣科技大學,,,,,
71328,國立臺灣科技大學,,,,,
71329,國立臺灣科技大學,,,,,
71559,國立臺灣科技大學,,,,,
71038,國立臺灣科技大學,,,,,
71129,國立臺灣科技大學,,,,,
71144,國立臺灣科技大學,,,,,
71148,國立臺灣科技大學,,,,,
71453,國立臺灣科技大學,,,,,
71160,國立臺灣科技大學,,,,,
71549,國立臺灣科技大學,,,,,
71178,國立臺灣科技大學,,,,,
71179,國立臺灣科技大學,,,,,
71180,國立臺灣科技大學,,,,,
71181,國立臺灣科技大學,,,,,
71182,國立臺灣科技大學,,,,,
71183,國立臺灣科技大學,,,,,
71184,國立臺灣科技大學,,,,,
71270,國立臺灣科技大學,,,,,
71287,國立臺灣科技大學,,,,,
71330,國立臺灣科技大學,,,,,
71405,國立臺灣科技大學,,,,,
71408,國立臺灣科技大學,,,,,
71410,國立臺灣科技大學,,,,,
71411,國立臺灣科技大學,,,,,
71156,國立臺灣科技大學,,,,,
71152,國立臺灣科技大學,,,,,
71265,國立臺灣科技大學,,,,,
71035,國立臺灣科技大學,,,,,
71013,國立臺灣科技大學,,,,,
71014,國立臺灣科技大學,,,,,
71332,國立臺灣科技大學,,,,,
71535,國立臺灣科技大學,,,,,
71113,國立臺灣科技大學,,,,,
71150,國立臺灣科技大學,,,,,
71162,國立臺灣科技大學,,,,,
71445,國立臺灣科技大學,,,,,
71170,國立臺灣科技大學,,,,,
71187,國立臺灣科技大學,,,,,
71227,國立臺灣科技大學,,,,,
71288,國立臺灣科技大學,,,,,
71409,國立臺灣科技大學,,,,,
71102,國立臺灣科技大學,,,,,
71454,國立臺灣科技大學,,,,,
71456,國立臺灣科技大學,,,,,
71415,國立臺灣科技大學,,,,,
71258,國立臺灣科技大學,,,,,
71333,國立臺灣科技大學,,,,,
71334,國立臺灣科技大學,,,,,
71335,國立臺灣科技大學,,,,,
71336,國立臺灣科技大學,,,,,
71337,國立臺灣科技大學,,,,,
71338,國立臺灣科技大學,,,,,
71339,國立臺灣科技大學,,,,,
71080,國立臺灣科技大學,,,,,
71460,國立臺灣科技大學,,,,,
71190,國立臺灣科技大學,,,,,
71235,國立臺灣科技大學,,,,,
71236,國立臺灣科技大學,,,,,
71237,國立臺灣科技大學,,,,,
71551,國立臺灣科技大學,,,,,
71241,國立臺灣科技大學,,,,,
71242,國立臺灣科技大學,,,,,
71243,國立臺灣科技大學,,,,,
71244,國立臺灣科技大學,,,,,
71340,國立臺灣科技大學,,,,,
71341,國立臺灣科技大學,,,,,
71342,國立臺灣科技大學,,,,,
71434,國立臺灣科技大學,,,,,
71455,國立臺灣科技大學,,,,,
71493,國立臺灣科技大學,,,,,
71457,國立臺灣科技大學,,,,,
71458,國立臺灣科技大學,,,,,
71264,國立臺灣科技大學,,,,,
71542,國立臺灣科技大學,,,,,
71154,國立臺灣科技大學,,,,,
71441,國立臺灣科技大學,,,,,
71343,,,,,,
71344,國立臺灣科技大學,,,,,
71345,,,,,,
71346,,,,,,
71347,,,,,,
71266,國立臺灣科技大學,,,,,
71072,國立臺灣科技大學,,,,,
71151,國立臺灣科技大學,,,,,
71155,國立臺灣科技大學,,,,,
71166,國立臺灣科技大學,,,,,
71444,國立臺灣科技大學,,,,,
71550,國立臺灣科技大學,,,,,
71250,國立臺灣科技大學,,,,,
71273,國立臺灣科技大學,,,,,
71276,國立臺灣科技大學,,,,,
71278,國立臺灣科技大學,,,,,
71348,,,,,,
71349,,,,,,
71412,國立臺灣科技大學,,,,,
71416,國立臺灣科技大學,,,,,
71417,國立臺灣科技大學,,,,,
71421,國立臺灣科技大學,,,,,
71422,國立臺灣科技大學,,,,,
71427,國立臺灣科技大學,,,,,
71429,國立臺灣科技大學,,,,,
71430,國立臺灣科技大學,,,,,
71546,國立臺灣科技大學,,,,,
71350,,,,,,
71351,,,,,,
71192,國立臺灣科技大學,,,,,
71568,國立臺灣科技大學,,,,,
71094,國立臺灣科技大學,,,,,
71232,國立臺灣科技大學,,,,,
71251,國立臺灣科技大學,,,,,
71084,國立臺灣科技大學,,,,,
71137,國立臺灣科技大學,,,,,
71139,國立臺灣科技大學,,,,,
71440,國立臺灣科技大學,,,,,
71157,國立臺灣科技大學,,,,,
71459,國立臺灣科技大學,,,,,
71443,國立臺灣科技大學,,,,,
71175,國立臺灣科技大學,,,,,
71185,國立臺灣科技大學,,,,,
71186,國立臺灣科技大學,,,,,
71188,國立臺灣科技大學,,,,,
71261,國立臺灣科技大學,,,,,
71263,國立臺灣科技大學,,,,,
71355,,,,,,
71356,國立臺灣科技大學,,,,,
71357,國立臺灣科技大學,,,,,
71358,國立臺灣科技大學,,,,,
71359,國立臺灣科技大學,,,,,
71360,國立臺灣科技大學,,,,,
71361,國立臺灣科技大學,,,,,
71402,國立臺灣科技大學,,,,,
71403,國立臺灣科技大學,,,,,
71066,國立臺灣科技大學,,,,,
71067,國立臺灣科技大學,,,,,
71071,國立臺灣科技大學,,,,,
71514,國立臺灣科技大學,,,,,
71566,國立臺灣科技大學,,,,,
71226,國立臺灣科技大學,,,,,
71269,國立臺灣科技大學,,,,,
71284,國立臺灣科技大學,,,,,
71362,,,,,,
71363,國立臺灣科技大學,,,,,
71364,國立臺灣科技大學,,,,,
71365,國立臺灣科技大學,,,,,
71366,國立臺灣科技大學,,,,,
71367,國立臺灣科技大學,,,,,
71368,國立臺灣科技大學,,,,,
71369,國立臺灣科技大學,,,,,
71370,國立臺灣科技大學,,,,,
71371,國立臺灣科技大學,,,,,
71372,國立臺灣科技大學,,,,,
71373,國立臺灣科技大學,,,,,
71026,國立臺灣科技大學,,,,,
71049,國立臺灣科技大學,,,,,
71056,國立臺灣科技大學,,,,,
71065,國立臺灣科技大學,,,,,
71068,國立臺灣科技大學,,,,,
71070,國立臺灣科技大學,,,,,
71076,國立臺灣科技大學,,,,,
71088,國立臺灣科技大學,,,,,
71100,國立臺灣科技大學,,,,,
71101,國立臺灣科技大學,,,,,
71112,國立臺灣科技大學,,,,,
71132,國立臺灣科技大學,,,,,
71133,國立臺灣科技大學,,,,,
71134,國立臺灣科技大學,,,,,
71589,國立臺灣科技大學,,,,,
71274,國立臺灣科技大學,,,,,
71275,國立臺灣科技大學,,,,,
71277,國立臺灣科技大學,,,,,
71283,國立臺灣科技大學,,,,,
71286,國立臺灣科技大學,,,,,
71374,,,,,,
71375,,,,,,
71437,國立臺灣科技大學,,,,,
71059,國立臺灣科技大學,,,,,
71060,國立臺灣科技大學,,,,,
71061,國立臺灣科技大學,,,,,
71446,國立臺灣科技大學,,,,,
71095,國立臺灣科技大學,,,,,
71125,國立臺灣科技大學,,,,,
71504,國立臺灣科技大學,,,,,
71253,國立臺灣科技大學,,,,,
71537,國立臺灣科技大學,,,,,
71543,國立臺灣科技大學,,,,,
71092,國立臺灣科技大學,,,,,
71135,國立臺灣科技大學,,,,,
71136,國立臺灣科技大學,,,,,
71217,國立臺灣科技大學,,,,,
71378,,,,,,
71379,,,,,,
71380,,,,,,
71381,,,,,,
71382,國立臺灣科技大學,,,,,
71383,國立臺灣科技大學,,,,,
71384,國立臺灣科技大學,,,,,
71385,,,,,,
71386,,,,,,
71387,國立臺灣科技大學,,,,,
71388,國立臺灣科技大學,,,,,
71389,,,,,,
71390,國立臺灣科技大學,,,,,
71391,國立臺灣科技大學,,,,,
71392,,,,,,
71393,,,,,,
71394,,,,,,
71046,國立臺灣科技大學,,,,,
71052,國立臺灣科技大學,,,,,
71057,國立臺灣科技大學,,,,,
71058,國立臺灣科技大學,,,,,
71062,國立臺灣科技大學,,,,,
71063,國立臺灣科技大學,,,,,
71064,國立臺灣科技大學,,,,,
71069,國立臺灣科技大學,,,,,
71081,國立臺灣科技大學,,,,,
71082,國立臺灣科技大學,,,,,
71103,國立臺灣科技大學,,,,,
71108,國立臺灣科技大學,,,,,
71110,國立臺灣科技大學,,,,,
71120,國立臺灣科技大學,,,,,
71127,國立臺灣科技大學,,,,,
71140,國立臺灣科技大學,,,,,
71142,國立臺灣科技大學,,,,,
71164,國立臺灣科技大學,,,,,
71165,國立臺灣科技大學,,,,,
71167,國立臺灣科技大學,,,,,
71171,國立臺灣科技大學,,,,,
71199,國立臺灣科技大學,,,,,
71230,國立臺灣科技大學,,,,,
71240,國立臺灣科技大學,,,,,
71247,國立臺灣科技大學,,,,,
71254,國立臺灣科技大學,,,,,
71255,國立臺灣科技大學,,,,,
71260,國立臺灣科技大學,,,,,
71262,國立臺灣科技大學,,,,,
71271,國立臺灣科技大學,,,,,
71281,國立臺灣科技大學,,,,,
71290,國立臺灣科技大學,,,,,
71376,,,,,,
71395,,,,,,
71396,,,,,,
71397,國立臺灣科技大學,,,,,
71423,國立臺灣科技大學,,,,,
71424,國立臺灣科技大學,,,,,
71436,國立臺灣科技大學,,,,,
71442,國立臺灣科技大學,,,,,
71488,國立臺灣科技大學,,,,,
71492,國立臺灣科技大學,,,,,
71500,國立臺灣科技大學,,,,,
71502,國立臺灣科技大學,,,,,
71503,國立臺灣科技大學,,,,,
71518,國立臺灣科技大學,,,,,
71520,國立臺灣科技大學,,,,,
71521,國立臺灣科技大學,,,,,
71523,國立臺灣科技大學,,,,,
71534,國立臺灣科技大學,,,,,
71536,國立臺灣科技大學,,,,,
71544,國立臺灣科技大學,,,,,
71545,國立臺灣科技大學,,,,,
71547,國立臺灣科技大學,,,,,
71556,國立臺灣科技大學,,,,,
71557,國立臺灣科技大學,,,,,
71558,國立臺灣科技大學,,,,,
71567,國立臺灣科技大學,,,,,
71573,國立臺灣科技大學,,,,,
71574,國立臺灣科技大學,,,,,
71575,國立臺灣科技大學,,,,,
71577,國立臺灣科技大學,,,,,
71595,國立臺灣科技大學,,,,,
71596,國立臺灣科技大學,,,,,
59626,創新領域學士學位學程,"The course offers the students at TBD an in-depth field study experience, featuring international collaboration and field practices. Students will actively participate by collaborating with those from the School of Interdisciplinary Science and Innovation, Kyushu University as well as the International College of Innovation, National Cheng-Chi University. Through this unique course, we encourage students to form international teams, fostering a diverse and collaborative community.

Our course encourages students to think creatively and develop innovative solutions to pressing global challenges aligned with the United Nations Sustainable Development Goals. With access to mentorship and support from NTU, KU, and NCCU, our aim is for the students to gain rich experiences from the field study. This year, the main theme of the course is “sustainability + well-being.”

This field-study course serves as a catalyst for the formation of a new generation of social innovators, dedicated to driving positive change on a global as well as local scale. Students will draw upon academic training, local insights, personal reflections, and in-class discussions to guide these problem-solving efforts and other sociotechnical as well as civic education experiences. Our course embodies the D-School’s commitment to engaged scholarship, developing interdisciplinary approaches to social problems. Through the course, we hope the students can improve and make positive and lasting contributions to our communities.","•	Global Problem-Solving and Collaboration
o	Collaborate with international peers to tackle global challenges related to the course topic.
o	Learn how to work effectively in multidisciplinary and multicultural teams.
•	Personal Growth and Adaptability
o	Build resilience and adaptability while navigating unfamiliar environments and situations.
o	Cultivate a growth mindset and willingness to embrace new experiences.
•	Reflective Learning and Self-Awareness
o	Encourage reflective practices to process experiences and learning during the field study and international collaboration.
o	Develop self-awareness and recognize personal growth throughout the course.
•	Interdisciplinary Learning
o	Integrate knowledge from various disciplines to gain a holistic understanding of the course's subject matter.
o	Appreciate the interconnectedness of global issues and their complex nature.
•	Intercultural Project Management
o	Gain experience in planning, organizing, and executing projects that involve international collaborators and fieldwork.
o	Develop skills in project management and adaptability in diverse settings.
•	Cultural Awareness and Sensitivity
o	Develop an understanding of diverse cultures, traditions, and customs in the host country and/or field study location.
o	Foster empathy and open-mindedness when interacting with individuals from different cultural backgrounds.
o	Recognize and reflect on one's own cultural biases and assumptions.","III.	Course Structure Overview
The course consists of three tightly connected phases:
1.	Online Preparation Phase (Late January and Early February)
Concept formation, research framing, and methodological preparation.
2.	Onsite Fieldwork & Co-creation Phase (Late February – Early March)
Field research in Taiwan with visiting students from Kyushu University, including data collection, analysis, and prototype development.
3.	Integration & Presentation Phase (Mid–Late March)
Project refinement and two rounds of formal presentations.

IV.	Platforms & Communication
•	Submissions: A shared Google drive will be set up for all students and instructors to access. Announcements or additional information will be made available through respective school platform. 
o	Kyushu University students: Moodle (KU)
o	NTU students: NTU COOL
•	Course Coordination & Collaboration:
o	Miro board (shared workspace)
o	Zoom (online sessions)
o	LINE group (invitation link provided by instructor)
•	Announcements & Materials:
o	Posted on both KU and NTU platforms to ensure parity

V.	Requirements: Student Responsibilities and Grading:

A.	Participation and Attendance (30%): 
1.	In this course, we will have six mandatory online class meetings (one hour each) + 2 project presentations (3 hours each) (shaded gray in the syllabus below) dedicated to discussing the course material and project presentations. Followed by each online class meeting, each student will need to submit a short assignment (if you miss the class, you won’t be allowed to submit the assignment). Please see more details about the assignment in the schedule below or follow the instructions of the online class meetings. Announcement and descriptions will be given ahead of time to ensure clarity. 
2.	When the ISI students visit Taiwan, we will organize a field trip and a project clinic. If you are unable to attend due to prior commitments, please ensure to request a leave of absence in advance.

Active participation and consistent attendance are essential for every student. Constructive feedback and engagement with your peers' work are expected to foster a collaborative learning environment. Please note that failure to attend regularly and come prepared for class discussions may result in a grade reduction at the instructor's discretion. Your active involvement and commitment to the course will contribute significantly to your learning experience and overall success in the class. Peer evaluation will also be taken into consideration for grading.

B.	Final Presentation (40%): During the culmination of the course, each team will have the opportunity to showcase their project and present their results. 

The final presentations are conducted over two hybrid sessions (Sessions 7 and 8), each lasting three hours (13:00–16:00). In both sessions, each group is allocated a 30-minute presentation slot, designed to support iterative refinement through structured feedback.

1.	Prototype v.1 (20%): In Session 7, each group delivers an initial final presentation, consisting of a 10-minute presentation, followed by 5 minutes of student Q&A and 15 minutes of instructor feedback (provided live) along with peer feedback submitted via Miro. The presentation should clearly communicate the project’s overall narrative, including the project background and motivation, relevant literature or contextual review, research questions or problem framing, research methods and fieldwork approach, key findings or insights, and initial design concepts or prototype development. Following this session, groups are required to carefully review all instructor and peer feedback and revise their work accordingly.

2.	Prototype v.2 (20%): In Session 8, each group presents a revised version of the project within a 10-minute presentation, followed by 10 minutes of student Q&A and 10 minutes of instructor feedback along with peer feedback submitted via Miro. This presentation should demonstrate how feedback from Session 7 has been incorporated, showing clearer research framing, refined findings, strengthened design rationale, and more developed prototypes. Together, these two sessions emphasize iterative learning, professional academic communication, and the integration of research and design within an international and interdisciplinary learning environment.

C. Track records and final reflections (30 %):  (20%)

The final reflection consists of two complementary components designed to capture both the process and outcomes of students’ international and field-based learning experiences. While the overall structure is shared across participating institutions, specific requirements may vary depending on students’ roles in the onsite and international exchange components.

Part I: Process Documentation and Field Interaction Reflection
During the onsite fieldwork period in Taiwan, students are required to maintain a weekly reflective journal documenting their activities, observations, and interactions related to the project. These journal entries should focus on how planned research activities and collaboration strategies were implemented in practice, noting any adjustments, challenges, or unexpected developments encountered in the field.

This section should include a brief interaction log documenting communication and collaboration with international teammates (e.g., meetings, feedback exchanges, coordination efforts). Students are encouraged to reflect on how closely their actual collaboration and research activities aligned with the plans developed during the online preparation phase, and how these plans evolved in response to real-world constraints.

Part II: Integrative Reflection on International Collaboration (up to 3,000 words)
In no more than 3,000 words, students must submit a comprehensive reflective essay on their international collaboration experience. This reflection should critically examine how working within an international and cross-disciplinary team contributed to the development of both personal and professional capabilities. Students are encouraged to address themes such as cross-cultural communication, teamwork, problem-solving in diverse settings, and the challenges and rewards of international collaboration.

The reflection should also evaluate how the field study and collaborative project enhanced skills including leadership, adaptability, project coordination, and global awareness. Students are expected to support their analysis with concrete examples from their project work and interactions, and to reflect on how these experiences may influence their future academic paths or professional practice.
Together, these two components emphasize reflective learning as an integral part of the course, linking planning, action, collaboration, and critical self-assessment within an international educational context.

Note: TBD students need to participate departmental required activities.",,6
20579,創新領域學士學位學程,"移地學習是一個「把自己種進去」的過程，強調以「建立關係」（networking）為方法，讓學習者進入與專題相關的社群、組織或地方現場，理解他們如何做事、如何彼此連結。這不只是體驗式學習，更重要的是將現場經驗與自身專題進行對話與反思。移地學習（一）聚焦於探索現場：在尚未確定專題方向的階段，透過進入場域，練習觀察與分析自己與「人—物—境」的交互作用如何產生意義，從中發現可能的專題切入點。

更多說明，請參考移地學習工具箱裡的修課說明：https://reurl.cc/qKXK4N","1.培養「入境隨俗」的田野態度，理解他人的世界觀與行動邏輯
2.練習在現場中覺察現象、問題與自身定位
3.透過探索經驗，釐清自己對專題「現場」的好奇與困惑","定期討論：每月與授課教師至少 1–2 次固定討論，分享移地進度與探索過程中的發現和困惑，教師作為對話者給予回饋。
活動參與：包括「期中交流」，與修課同學分享移地題目與暫時發現；「成果發表」，向外界分享學習成果。
期末成果：包括「影片」，以視覺化呈現田野發現＋「報告」，用2000~3000的文字整理學習歷程。",,9
47674,創新領域學士學位學程,"「移地學習」是創新領域學士學位學程的必修課。
修課同學必須在學期開始前，在徵詢符合自身移地學習規劃需求的指導教師同意之後，向本學程提出移地學習申請書，相關申請規定請見本學程網站。

課程進行方式主要讓同學從自身關切課題出發，透過「移動」到校外場域，走進真實生活樣貌的「現場」，學習理解當地社會行為與互動模式背後的價值觀與思考脈絡，以開展出自身接觸與深化對於「專題實作」目標的認識與實踐路徑。進一步說明，移地學習是同學設計自己跨出舒適圈，強化自身跨域視野與連結力的旅程：

學生一方面要「把自己種進去」（意即深度參與）某個「現場」，來探究特定場域／某群人／某個議題背後的複雜脈絡，以獲得發展與調校專題實作方法所需的「在地」知識。另一方面，移動式學習來來回回之間，難免會遭逢各種文化衝擊、意料之外、挫折挑戰、焦慮不安的時刻。課程指導老師扮演對話者的角色，協助學生整理與反思這些探索的經驗感受，透過這堂課也讓學習者重新認識自己的優勢與侷限，藉此思考與理解專題強調跨域實作的意義與影響力。

「現場」所指的可以是一個實體存在的地方生活空間（例如：公司、學校、部落、社區、場館等等），也可以是因著某個事件／議題過去到現在的發展所涵蓋的範疇（例如：產業、族群、信仰、工藝、技術等等）。但無論前者後者，「移地」的關鍵是透過進入「現場」「把自己種進去」的過程， 以當下的身體感官經驗作為切入點，創造跨域跨境對話、產生關係，來探索與了解有助於自己發展專題的人事時地物。 移地學習可以有許多途徑，有時候會是先找到一個可以進入的實體地方來展開，但也可能是跟著一群人或是追溯某個產品生成的歷程，作為接觸點來進入所謂的「現場」，以下提出發展移地的一些可能路徑：
【路徑A】 獲得一個進入「場域」身分或角色（例如，實習生／志工／派遣工／工作夥伴／引導員／某人的親友等）
【路徑B】自己穿針引線，透過行動與實踐，慢慢成為串出一個移地場域的跨域連結者（例如，從自身專題所提出的問題意識出發的研究者，以進行多點(multi-site)的比較來了解或補足對於特定課題全貌觀的掌握）
【路徑C】在議題／專案導向的組織合作過程中，針對議題／專案聚焦與發生的「現場」，作為團隊成員，透過移地田野調查來協力深化對於議題真實情境的理解，以推進專案的演化（例如，個人或團隊進行使用者經驗研究，必須進入目標對象真實生活場域挖掘脈絡以釐清需求或驗證設計，深化專案的影響力） 移地學習不只是推進專題實作下一哩路的起點，也是在反覆對話過程中建立與裝備自身開創新領域所需的知識與技能工具箱的行動。

創新領域學士學位學程(以下簡稱TBD)的學生需藉由移地一與移地二兩次的修課過程來回探索與發展自身跨域專題實作的行動路徑。

修課同學可以依據移地規劃以及聚焦場域地點，在以下四個要素中排列組合來評估規劃與設計自己的移地學習路徑：
【自主規劃vs.課程合作】
自主移地：同學根據自身探索或深化專題領域相關知識技能的需求，規劃設計進入目標場域來蒐集與學習現場生活世界的種種，也為自己創造多元連結甚至建立對話社群，同時也藉此機會認識自身優勢與限制。
課程合作：同學修習由本學程老師以國際或國內跨地課程合作形式開設的移地學習，開展對於合作場域的認識與理解，透過進入課程框架的設計，增進移地交流體驗學習的技能，也建立自身跨域連結的網絡。
【國內蹲點vs.國際連結】
以國內某群人/組織、某個課題為作為移地「蹲點」的目的地
主要是連結國際作為移地學習的單一或多點場域",這堂課的目的，不單只是以觀察、參與觀察或訪談等體驗式學習模式，去認識或了解某群人、某個組織或某個地方生活世界，更重要的是，將這些沈浸在「現場」的經驗，跟自己以及自身要發展的專題進行連結、對話與反思，藉此調校專題實作的目標與方向。,"1. 與指導老師/業師定期meeting

每個人根據自身移地節奏，與指導老師發展出定期討論移地進度、發現、疑難雜症的工作方式。

（注意：考量國際移地可能涉及到他國必須面對更複雜多元的文化與環境課題，國際移地的同學，除了與指導老師/業師的定期meeting，也會有跟國際移地主授老師(Tina老師）的定期meeting時間，以確認異地生活狀況。）

2.參與課程學習經驗交流活動：

雖然每個人與指導老師發展出來的工作方式與移地發展進度不一，移地學習課程要求所有學生必須共同參與交流學習經驗的活動，作為課程成績評估重點。

**請各位同學務必預留時間，參加課程設計的共同活動，如果有問題請及早跟你的老師討論與反應狀況：**


3. 作為移地學習工具箱使用經驗回饋者

本課程在notion上建構並逐步發展TBD移地學習工具箱作為本課程師生的學習旅伴。而本課程修課學生的另一個重要任務，是作為本工具箱(BETA版)的使用者，給予經驗回饋。

4. 繳交期末學習報告（產出海報+學習心得報告2500-3000字）",,9
47534,創新領域學士學位學程,"「移地學習」是創新領域學士學位學程的必修課。
修課同學必須在學期開始前，在徵詢符合自身移地學習規劃需求的指導教師同意之後，向本學程提出移地學習申請書，相關申請規定請見本學程網站。

課程進行方式主要讓同學從自身關切課題出發，透過「移動」到校外場域，走進真實生活樣貌的「現場」，學習理解當地社會行為與互動模式背後的價值觀與思考脈絡，以開展出自身接觸與深化對於「專題實作」目標的認識與實踐路徑。進一步說明，移地學習是同學設計自己跨出舒適圈，強化自身跨域視野與連結力的旅程：

學生一方面要「把自己種進去」（意即深度參與）某個「現場」，來探究特定場域／某群人／某個議題背後的複雜脈絡，以獲得發展與調校專題實作方法所需的「在地」知識。另一方面，移動式學習來來回回之間，難免會遭逢各種文化衝擊、意料之外、挫折挑戰、焦慮不安的時刻。課程指導老師扮演對話者的角色，協助學生整理與反思這些探索的經驗感受，透過這堂課也讓學習者重新認識自己的優勢與侷限，藉此思考與理解專題強調跨域實作的意義與影響力。

「現場」所指的可以是一個實體存在的地方生活空間（例如：公司、學校、部落、社區、場館等等），也可以是因著某個事件／議題過去到現在的發展所涵蓋的範疇（例如：產業、族群、信仰、工藝、技術等等）。但無論前者後者，「移地」的關鍵是透過進入「現場」「把自己種進去」的過程， 以當下的身體感官經驗作為切入點，創造跨域跨境對話、產生關係，來探索與了解有助於自己發展專題的人事時地物。 移地學習可以有許多途徑，有時候會是先找到一個可以進入的實體地方來展開，但也可能是跟著一群人或是追溯某個產品生成的歷程，作為接觸點來進入所謂的「現場」，以下提出發展移地的一些可能路徑：
【路徑A】 獲得一個進入「場域」身分或角色（例如，實習生／志工／派遣工／工作夥伴／引導員／某人的親友等）
【路徑B】自己穿針引線，透過行動與實踐，慢慢成為串出一個移地場域的跨域連結者（例如，從自身專題所提出的問題意識出發的研究者，以進行多點(multi-site)的比較來了解或補足對於特定課題全貌觀的掌握）
【路徑C】在議題／專案導向的組織合作過程中，針對議題／專案聚焦與發生的「現場」，作為團隊成員，透過移地田野調查來協力深化對於議題真實情境的理解，以推進專案的演化（例如，個人或團隊進行使用者經驗研究，必須進入目標對象真實生活場域挖掘脈絡以釐清需求或驗證設計，深化專案的影響力） 移地學習不只是推進專題實作下一哩路的起點，也是在反覆對話過程中建立與裝備自身開創新領域所需的知識與技能工具箱的行動。

創新領域學士學位學程(以下簡稱TBD)的學生需藉由移地一與移地二兩次的修課過程來回探索與發展自身跨域專題實作的行動路徑。

修課同學可以依據移地規劃以及聚焦場域地點，在以下四個要素中排列組合來評估規劃與設計自己的移地學習路徑：
【自主規劃vs.課程合作】
自主移地：同學根據自身探索或深化專題領域相關知識技能的需求，規劃設計進入目標場域來蒐集與學習現場生活世界的種種，也為自己創造多元連結甚至建立對話社群，同時也藉此機會認識自身優勢與限制。
課程合作：同學修習由本學程老師以國際或國內跨地課程合作形式開設的移地學習，開展對於合作場域的認識與理解，透過進入課程框架的設計，增進移地交流體驗學習的技能，也建立自身跨域連結的網絡。
【國內蹲點vs.國際連結】
以國內某群人/組織、某個課題為作為移地「蹲點」的目的地
主要是連結國際作為移地學習的單一或多點場域",這堂課的目的，不單只是以觀察、參與觀察或訪談等體驗式學習模式，去認識或了解某群人、某個組織或某個地方生活世界，更重要的是，將這些沈浸在「現場」的經驗，跟自己以及自身要發展的專題進行連結、對話與反思，藉此調校專題實作的目標與方向。,"1. 與指導老師/業師定期meeting

每個人根據自身移地節奏，與指導老師發展出定期討論移地進度、發現、疑難雜症的工作方式。

（注意：考量國際移地可能涉及到他國必須面對更複雜多元的文化與環境課題，國際移地的同學，除了與指導老師/業師的定期meeting，也會有跟國際移地主授老師(Tina老師）的定期meeting時間，以確認異地生活狀況。）

2.參與課程學習經驗交流活動：

雖然每個人與指導老師發展出來的工作方式與移地發展進度不一，移地學習課程要求所有學生必須共同參與交流學習經驗的活動，作為課程成績評估重點。

**請各位同學務必預留時間，參加課程設計的共同活動，如果有問題請及早跟你的老師討論與反應狀況：**


3. 作為移地學習工具箱使用經驗回饋者

本課程在notion上建構並逐步發展TBD移地學習工具箱作為本課程師生的學習旅伴。而本課程修課學生的另一個重要任務，是作為本工具箱(BETA版)的使用者，給予經驗回饋。

4. 繳交期末學習報告（產出海報+學習心得報告2500-3000字）",,9
30225,創新領域學士學位學程,"The course offers the students at TBD an in-depth field study experience, featuring international collaboration and field practices. Students will actively participate by collaborating with those from the School of Interdisciplinary Science and Innovation, Kyushu University as well as the International College of Innovation, National Cheng-Chi University. Through this unique course, we encourage students to form international teams, fostering a diverse and collaborative community.

Our course encourages students to think creatively and develop innovative solutions to pressing global challenges aligned with the United Nations Sustainable Development Goals. With access to mentorship and support from NTU, KU, and NCCU, our aim is for the students to gain rich experiences from the field study. This year, the main theme of the course is “sustainability + well-being.”

This field-study course serves as a catalyst for the formation of a new generation of social innovators, dedicated to driving positive change on a global as well as local scale. Students will draw upon academic training, local insights, personal reflections, and in-class discussions to guide these problem-solving efforts and other sociotechnical as well as civic education experiences. Our course embodies the D-School’s commitment to engaged scholarship, developing interdisciplinary approaches to social problems. Through the course, we hope the students can improve and make positive and lasting contributions to our communities.","•	Global Problem-Solving and Collaboration
o	Collaborate with international peers to tackle global challenges related to the course topic.
o	Learn how to work effectively in multidisciplinary and multicultural teams.

•	Personal Growth and Adaptability
o	Build resilience and adaptability while navigating unfamiliar environments and situations.
o	Cultivate a growth mindset and willingness to embrace new experiences.

•	Reflective Learning and Self-Awareness
o	Encourage reflective practices to process experiences and learning during the field study and international collaboration.
o	Develop self-awareness and recognize personal growth throughout the course.

•	Interdisciplinary Learning
o	Integrate knowledge from various disciplines to gain a holistic understanding of the course's subject matter.
o	Appreciate the interconnectedness of global issues and their complex nature.

•	Intercultural Project Management
o	Gain experience in planning, organizing, and executing projects that involve international collaborators and fieldwork.
o	Develop skills in project management and adaptability in diverse settings.

•	Cultural Awareness and Sensitivity
o	Develop an understanding of diverse cultures, traditions, and customs in the host country and/or field study location.
o	Foster empathy and open-mindedness when interacting with individuals from different cultural backgrounds.
o	Recognize and reflect on one's own cultural biases and assumptions.","III.	Course Structure Overview

The course consists of three tightly connected phases:
1.	Online Preparation Phase (Late January and Early February)
Concept formation, research framing, and methodological preparation.
2.	Onsite Fieldwork & Co-creation Phase (Late February – Early March)
Field research in Taiwan with visiting students from Kyushu University, including data collection, analysis, and prototype development.
3.	Integration & Presentation Phase (Mid–Late March)
Project refinement and two rounds of formal presentations.

IV.	Platforms & Communication

•	Submissions: A shared Google drive will be set up for all students and instructors to access. Announcements or additional information will be made available through respective school platform. 
o	Kyushu University students: Moodle (KU)
o	NTU students: NTU COOL
•	Course Coordination & Collaboration:
o	Miro board (shared workspace)
o	Zoom (online sessions)
o	LINE group (invitation link provided by instructor)
•	Announcements & Materials:
o	Posted on both KU and NTU platforms to ensure parity

V.	Requirements: Student Responsibilities and Grading:

A.	Participation and Attendance (30%): 
1.	In this course, we will have six mandatory online class meetings (one hour each) + 2 project presentations (3 hours each) (shaded gray in the syllabus below) dedicated to discussing the course material and project presentations. Followed by each online class meeting, each student will need to submit a short assignment (if you miss the class, you won’t be allowed to submit the assignment). Please see more details about the assignment in the schedule below or follow the instructions of the online class meetings. Announcement and descriptions will be given ahead of time to ensure clarity. 
2.	When the ISI students visit Taiwan, we will organize a field trip and a project clinic. If you are unable to attend due to prior commitments, please ensure to request a leave of absence in advance.

Active participation and consistent attendance are essential for every student. Constructive feedback and engagement with your peers' work are expected to foster a collaborative learning environment. Please note that failure to attend regularly and come prepared for class discussions may result in a grade reduction at the instructor's discretion. Your active involvement and commitment to the course will contribute significantly to your learning experience and overall success in the class. Peer evaluation will also be taken into consideration for grading.

B.	Final Presentation (40%): During the culmination of the course, each team will have the opportunity to showcase their project and present their results. 

The final presentations are conducted over two hybrid sessions (Sessions 7 and 8), each lasting three hours (13:00–16:00). In both sessions, each group is allocated a 30-minute presentation slot, designed to support iterative refinement through structured feedback.

1.	Prototype v.1 (20%): In Session 7, each group delivers an initial final presentation, consisting of a 10-minute presentation, followed by 5 minutes of student Q&A and 15 minutes of instructor feedback (provided live) along with peer feedback submitted via Miro. The presentation should clearly communicate the project’s overall narrative, including the project background and motivation, relevant literature or contextual review, research questions or problem framing, research methods and fieldwork approach, key findings or insights, and initial design concepts or prototype development. Following this session, groups are required to carefully review all instructor and peer feedback and revise their work accordingly.

2.	Prototype v.2 (20%): In Session 8, each group presents a revised version of the project within a 10-minute presentation, followed by 10 minutes of student Q&A and 10 minutes of instructor feedback along with peer feedback submitted via Miro. This presentation should demonstrate how feedback from Session 7 has been incorporated, showing clearer research framing, refined findings, strengthened design rationale, and more developed prototypes. Together, these two sessions emphasize iterative learning, professional academic communication, and the integration of research and design within an international and interdisciplinary learning environment.

C. Track records and final reflections (30 %):  (20%)

The final reflection consists of two complementary components designed to capture both the process and outcomes of students’ international and field-based learning experiences. While the overall structure is shared across participating institutions, specific requirements may vary depending on students’ roles in the onsite and international exchange components.

Part I: Process Documentation and Field Interaction Reflection
During the onsite fieldwork period in Taiwan, students are required to maintain a weekly reflective journal documenting their activities, observations, and interactions related to the project. These journal entries should focus on how planned research activities and collaboration strategies were implemented in practice, noting any adjustments, challenges, or unexpected developments encountered in the field.

This section should include a brief interaction log documenting communication and collaboration with international teammates (e.g., meetings, feedback exchanges, coordination efforts). Students are encouraged to reflect on how closely their actual collaboration and research activities aligned with the plans developed during the online preparation phase, and how these plans evolved in response to real-world constraints.

Part II: Integrative Reflection on International Collaboration (up to 3,000 words)
In no more than 3,000 words, students must submit a comprehensive reflective essay on their international collaboration experience. This reflection should critically examine how working within an international and cross-disciplinary team contributed to the development of both personal and professional capabilities. Students are encouraged to address themes such as cross-cultural communication, teamwork, problem-solving in diverse settings, and the challenges and rewards of international collaboration.

The reflection should also evaluate how the field study and collaborative project enhanced skills including leadership, adaptability, project coordination, and global awareness. Students are expected to support their analysis with concrete examples from their project work and interactions, and to reflect on how these experiences may influence their future academic paths or professional practice.
Together, these two components emphasize reflective learning as an integral part of the course, linking planning, action, collaboration, and critical self-assessment within an international educational context.

Note: TBD students need to participate departmental required activities.",,6
12452,創新領域學士學位學程,"移地學習是一個「把自己種進去」的過程，強調以「建立關係」（networking）為方法，進入與專題相關的社群、組織或地方現場，理解他們如何做事，從而在推動自己專題時能起而效尤。移地學習（二）聚焦於連結專題：在已有專題方向的基礎上，有目的地拆解現場「人—物—境」的關係，作為重新組裝、建立與專題連結的對話路徑，直接服務於專題實作（二）的推進。

更詳細的說明請參考移地學習工具箱裡的修課說明：https://reurl.cc/qKXK4N","1.針對專題需求，有策略地觀察特定社群或組織的運作方式
2.拆解現場關係，轉化為可應用於專題的知識與方法
3.建立與專題相關的人脈網絡，為專題實作奠定基礎","定期討論：每月與授課教師至少 1–2 次固定討論，聚焦於移地經驗如何回饋專題設計，教師協助學生建立移地發現與專題之間的連結。
活動參與：包括「期中交流」，與修課同學分享移地發現如何影響專題方向；「成果發表」，向外界分享學習成果。
期末成果：包括「影片」，視覺化呈現田野發現與專題連結＋「報告」，用2500~3000的文字整理學習歷程，並說明對專題的具體貢獻。",,9
52233,創新領域學士學位學程,"「移地學習」是創新領域學士學位學程的必修課。
修課同學必須在學期開始前，在徵詢符合自身移地學習規劃需求的指導教師同意之後，向本學程提出移地學習申請書，相關申請規定請見本學程網站。

課程進行方式主要讓同學從自身關切課題出發，透過「移動」到校外場域，走進真實生活樣貌的「現場」，學習理解當地社會行為與互動模式背後的價值觀與思考脈絡，以開展出自身接觸與深化對於「專題實作」目標的認識與實踐路徑。進一步說明，移地學習是同學設計自己跨出舒適圈，強化自身跨域視野與連結力的旅程：

學生一方面要「把自己種進去」（意即深度參與）某個「現場」，來探究特定場域／某群人／某個議題背後的複雜脈絡，以獲得發展與調校專題實作方法所需的「在地」知識。另一方面，移動式學習來來回回之間，難免會遭逢各種文化衝擊、意料之外、挫折挑戰、焦慮不安的時刻。課程指導老師扮演對話者的角色，協助學生整理與反思這些探索的經驗感受，透過這堂課也讓學習者重新認識自己的優勢與侷限，藉此思考與理解專題強調跨域實作的意義與影響力。

「現場」所指的可以是一個實體存在的地方生活空間（例如：公司、學校、部落、社區、場館等等），也可以是因著某個事件／議題過去到現在的發展所涵蓋的範疇（例如：產業、族群、信仰、工藝、技術等等）。但無論前者後者，「移地」的關鍵是透過進入「現場」「把自己種進去」的過程， 以當下的身體感官經驗作為切入點，創造跨域跨境對話、產生關係，來探索與了解有助於自己發展專題的人事時地物。 移地學習可以有許多途徑，有時候會是先找到一個可以進入的實體地方來展開，但也可能是跟著一群人或是追溯某個產品生成的歷程，作為接觸點來進入所謂的「現場」，以下提出發展移地的一些可能路徑：
【路徑A】 獲得一個進入「場域」身分或角色（例如，實習生／志工／派遣工／工作夥伴／引導員／某人的親友等）
【路徑B】自己穿針引線，透過行動與實踐，慢慢成為串出一個移地場域的跨域連結者（例如，從自身專題所提出的問題意識出發的研究者，以進行多點(multi-site)的比較來了解或補足對於特定課題全貌觀的掌握）
【路徑C】在議題／專案導向的組織合作過程中，針對議題／專案聚焦與發生的「現場」，作為團隊成員，透過移地田野調查來協力深化對於議題真實情境的理解，以推進專案的演化（例如，個人或團隊進行使用者經驗研究，必須進入目標對象真實生活場域挖掘脈絡以釐清需求或驗證設計，深化專案的影響力） 移地學習不只是推進專題實作下一哩路的起點，也是在反覆對話過程中建立與裝備自身開創新領域所需的知識與技能工具箱的行動。

創新領域學士學位學程(以下簡稱TBD)的學生需藉由移地一與移地二兩次的修課過程來回探索與發展自身跨域專題實作的行動路徑。

移地二的學習強調在你拆解現場人-物-境關係，作為重新組裝、建立與專題連結的對話路徑。移地二所設定的場域：
思考專題實作的計畫會需要跟什麼樣的「現場」來對話：
以推進專題實作為出發點，想要透過蒐集現場資料，學習與補充專題實作所需知識、技術、關係的場域作為移地二的目的地
可以是專題發展過程中的其中一個關鍵節點的深入探究
也可以是產出專題實作原型設計的驗證點

修課同學可以依據移地規劃以及聚焦場域地點，在以下四個要素中排列組合來評估規劃與設計自己的移地學習路徑：
【自主規劃vs.課程合作】
自主移地：同學根據自身探索或深化專題領域相關知識技能的需求，規劃設計進入目標場域來蒐集與學習現場生活世界的種種，也為自己創造多元連結甚至建立對話社群，同時也藉此機會認識自身優勢與限制。
課程合作：同學修習由本學程老師以國際或國內跨地課程合作形式開設的移地學習，開展對於合作場域的認識與理解，透過進入課程框架的設計，增進移地交流體驗學習的技能，也建立自身跨域連結的網絡。
【國內蹲點vs.國際連結】
以國內某群人/組織、某個課題為作為移地「蹲點」的目的地
主要是連結國際作為移地學習的單一或多點場域","這堂課的目的，不單只是以觀察、參與觀察或訪談等體驗式學習模式，去認識或了解某群人、某個組織或某個地方生活世界，更重要的是，將這些沈浸在「現場」的經驗，跟自己以及自身要發展的專題進行連結、對話與反思，藉此調校專題實作的目標與方向。

移地二的學習重點：
學習帶著推進專題的問題進入現場，有意識的觀察與建立現場與自身發展專題的連結
學習增進自身蒐集、紀錄與分析現場經驗資料的方法：學習演練各種創造對話互動的方法，從比對各種多元觀點、互動觀察中分析人們賦予意義的方式與背後的脈絡，建構自學的創造性行動策略
學習透過移地來組裝與建構你推進專題設計所需要具備的知識、技術，經營並深化自身推進行動所需的支持網絡關係
學習定位自身角色與反思自身詮釋與理解人-物-境的過程，藉由「局內人/局外人」換位思考的演練，看見自身與觀察對象同中有異，異中求同的連結合作可能性。","1. 與指導老師/業師定期meeting

每個人根據自身移地節奏，與指導老師發展出定期討論移地進度、發現、疑難雜症的工作方式。

（注意：考量國際移地可能涉及到他國必須面對更複雜多元的文化與環境課題，國際移地的同學，除了與指導老師/業師的定期meeting，也會有跟國際移地主授老師(Tina老師）的定期meeting時間，以確認異地生活狀況。）

2.參與課程學習經驗交流活動：

雖然每個人與指導老師發展出來的工作方式與移地發展進度不一，移地學習課程要求所有學生必須共同參與交流學習經驗的活動，作為課程成績評估重點。

**請各位同學務必預留時間，參加課程設計的共同活動，如果有問題請及早跟你的老師討論與反應狀況：**


3. 作為移地學習工具箱使用經驗回饋者

本課程在notion上建構並逐步發展TBD移地學習工具箱作為本課程師生的學習旅伴。而本課程修課學生的另一個重要任務，是作為本工具箱(BETA版)的使用者，給予經驗回饋。

4. 繳交期末學習報告（產出海報+學習心得報告2500-3000字）",,9
14676,創新領域學士學位學程,"在「專題實作」的課程中，同學們將結合自身跨領域的知識與技能，在自己選擇的議題中，透過做中學一步步釐清問題、尋找合作、實作設計，同時反思自己的設計實踐所帶來的影響並適當地調整。
專題實作（ㄧ）和（二）的學生將共同上課，同學們透過分享各自實踐的經驗以互相學習。除了大班課，同學也要從研究、實務、創作三個分組課中，擇一修課，好在四次小組課程中，更進一步地針對自身專案所需的研究方法、行動策略、反身思考，做更深入的討論。","聚焦於探索與建構，透過研究或實務的方法，釐清問題並建立知識基礎。此階段著重於知識的探索性發展，幫助學生建立問題意識並確立專題的核心方向。並培養以下五種關鍵能力：
1. 培養學生的好奇心，並提升主動聆聽的能力；
2. 通過實作訓練學生的創新能力，使其能在突破與保守之間找到平衡；
3. 增進學生快速掌握不熟悉議題的能力，以資訊搜尋、理解和轉譯的技巧，促進跨域知識學習；
4. 強化跨學科溝通的能力，使學生能夠有效整合不同專業領域的理解差異，運用於實作中。",出席並參與課堂討論、定期與指導教授討論、完成各階段作業與報告、協助學期活動與策展，與不同領域交流、實作並實踐,,18
16864,創新領域學士學位學程,在「專題實作」的課程中，同學們將結合自身跨領域的知識與技能，在自己選擇的議題中，透過做中學一步步釐清問題、尋找合作、實作設計，同時反思自己的設計實踐所帶來的影響並適當地調整。專題實作（ㄧ）和（二）的學生將共同上課，同學們透過分享各自實踐的經驗以互相學習。除了大班課，同學也要從研究、實務、創作三個分組課中，擇一修課，好在四次小組課程中，更進一步地針對自身專案所需的研究方法、行動策略、反身思考，做更深入的討論。,"聚焦於深化與實現，運用專題一中累積的基礎，推動專題的實踐與成果的應用。此階段強調知識與行動的結合，幫助學生實現專題目標並創造具實質價值的成果。並培養以下五種關鍵能力：
1. 培養學生的好奇心，並提升主動聆聽的能力；
2. 通過實作訓練學生的創新能力，使其能在突破與保守之間找到平衡；
3. 增進學生快速掌握不熟悉議題的能力，以資訊搜尋、理解和轉譯的技巧，促進跨域知識學習；
4. 強化跨學科溝通的能力，使學生能夠有效整合不同專業領域的理解差異，運用於實作中。",出席並參與課堂討論、定期與指導教授討論、完成各階段作業與報告、協助學期活動與策展，與不同領域交流、實作並實踐,,18
32388,領導學程 / 創新領域學士學位學程,"本課程因應當代社會科技轉型衝擊下的學習方法創新。2023年生成式AI崛起後，AI技術改變學習方式，也開啟教育的多重可能。本課程立基於 AI-empowered PBL （AI賦能之議題導向學習方法與設計），課程設計初步以健康、永續、幸福感作為修課學生鎖定議題之最大公約數。關鍵在於此三議題構成臺灣剛剛邁入的超高齡社會、2050年需要面對的淨零轉型，以及少子化社會中充滿焦慮的年輕世代。授課團隊認為，這三大議題，應該是修課學生會關注的議題。教學團隊鼓勵學生自帶相關議題，也可以是此三大議題之外的議題。

目前課程設計上三大公共議題可能發展的架構如下，但不限於此三大議題。正式內容需視修課情況而調整：
A.	超高齡社會的健康促進
超高齡社會帶來了多重健康挑戰：失智症等神經退行性疾病 (McKhann et al. 2011)、社會支持與社區參與對健康老化至關重要 (Osawa et al. 2024)。健康促進策略應整合預防與健康促進、社區參與、多層面干預。課程中的「超高齡健康促進」議題應具有多維度的特性。

B.	青年幸福感的多維度理解
青年幸福感面臨多重威肅與機會。威肅因素包括社交媒體與網路文化的負面影響、學業與升學壓力、氣候焦慮與全球不確定性、經濟不穩定 (Marquez et al. 2024; UNICEF 2025)。保護因素包括社會支持與人際關係、社區參與與社會融合、教育與自我實現機會、地方認同與文化連結 (OECD 2024; Huang et al. 2012)。課程應幫助學生理解青年幸福感的複雜性，並設計能同時提升社區參與、地方認同與教育機會的干預方案。

C.	社區永續發展的整合框架
永續社區發展需要環境永續性、經濟永續性與社會永續性的三維度整合 (Roseland 2000)。根據台灣案例 (Chang & Kuo 2021; Huang et al. 2012) 與國際經驗，場所教育、知識交換與社區賯能是成功的關鍵。邊緣城市需要特別關注資源相對不足但發展潛力大、社會包容與公平性、教育與社區參與是關鍵機制 (UN-Habitat 2023)。課程應幫助學生發展具有社會責任感的解決方案。

課程進行採 PBL（Place/Problem/Project）方法，小組以「一議題一使用者族群」切入；以 AI 為協作工具，完成問題界定、證據彙整、解方原型與實作驗證。課程設計強調以真實情境為場域，學生將透過 AI 工具進行資料蒐集、模式探索與原型生成，並結合田野觀察與利害關係人訪談，推動以使用者為中心的方案發展。在健康面向，課程引導學生思考長壽社會的醫療與社會支持；在永續面向，則透過社區案例探索如何兼顧生態韌性與生活品質；在幸福感面向，強調青年的心理健康、社會參與與主觀福祉。

透過跨院系合作與 AI 的輔助，本課程不僅培養學生解決複雜問題的能力，更形塑其倫理意識、批判思維與創造力。最終目標是讓學生能以跨域方法論與 AI 技術，提出兼具專業深度與社會價值的創新解決方案，並在公開展評中檢驗其實踐性與影響力。","- 能以 PBL 原則設計並執行一個跨域專案；
 - 能正確、合宜地運用 AI 於研究、設計與評估流程（含來源註記與偏誤覺察）；
 - 能與健康、社區、地方與青年團體協作，提出可落地的健康與永續方案；
 - 養成反思能力與團隊協作習慣，完成公開展示與同儕評閱。","教學要求結合教學設計與規劃，本課程以「AI賦能PBL」為核心方法，整合課堂講授、專家工作坊、場域實作與團隊導師輔導。教學流程強調理論與實踐的循環，學生將以4-5人跨系所小組形式，完成一項完整的專案。

- 小組 4–5 人，跨系所混成；
 - 每週讀書札記（含 AI 使用紀錄與資料來源）；
 - 至少 1 次場域觀察＋2 位以上權益關係人訪談；
 - 期中原型測試、期末公開展評；
 - 嚴格遵守 AI 與研究倫理（資料保護、著作權、偏誤與侷限聲明）。","40%	

專題成果（小組）

問題分析深度、證據鏈、原型品質與可行性。評估學生是否能探索真實問題的複雜性，並提出具有實踐潛力的解決方案。


20%	

PBL發展（小組及個人）

田野訪談、資料蒐集、回饋修正、倫理合規。評估學生是否主動探索、不斷迭代改進，並嚴格遵守研究倫理。


30%	

期末報告（個人）

論述清晰度與回應能力。評估學生是否能清晰表達其思考過程，並對外部回饋進行有效回應。


10%	

課程參與（個人）

進度、資料品質、回饋採納。評估學生的主動性與對課程的承諾。

本校尚無訂定 A+ 比例上限。
本校採用等第制評定成績，學生成績評量辦法中的百分制分數區間與單科成績對照表僅供參考，授課教師可依等第定義調整分數區間。詳見 學習評量專區。",3小時
12971,華語教學碩士學位學程,課程將帶領學生閱讀會話教學相關概念以及思考會話教學的相關面向與議題。課程引導進行實作設計與教學，並在課外完成相關會話教學輔導活動。每週單元包含溝通與互動能力、會話能力會話的認知過程、口說會話需求分析與評量、言談行為與語類、會話教學模式（含會話任務與定式教學）等單元。,"1. 幫助學生建立會話教學的基本概念
2. 幫助學生辨識與分析言談行為與會話行為
3. 培養學生設計、完成、應用會話教學流程的能力。需自行採集與轉寫語料。","1. 不遲到早退，若無法上課需事先請假 
2. 上課前需預習該週上課內容
3. 準時繳交作業
4. 積極參與課堂討論 
5. 本課程將需在課外完成約5-6小時會話輔導相關活動（不含備課時間）。",,
12002,華語教學碩士學位學程,,,,,
19915,戲劇學系,落實品德教育，養成學生負責、自律、勤勞、服務與互助合作之美德，提供學生關懷社會實踐的機會培養公民意識及敬業精神。,為培養學生關懷校園環境之公德心，將安排學生協助系館教室及公共區域之清潔整理，學生能藉由親力親為的打掃過程理解製造髒亂對別人帶來的不便，進而提昇公民素質。,本課程嚴格要求出缺席，遲到兩次算一次缺曠，缺曠達三次以「不通過」論。助教將視當週系館及公共區域狀況安排清潔工作，指導並督促學生以負責態度完成。,"100%	

出缺席及上課態度 

本課程嚴格要求出缺席，遲到兩次算一次缺曠，缺曠達三次以「不通過」論。助教將視當週系館及公共區域狀況安排清潔工作，指導並督促學生以負責態度完成。

本校尚無訂定 A+ 比例上限。
本校採用等第制評定成績，學生成績評量辦法中的百分制分數區間與單科成績對照表僅供參考，授課教師可依等第定義調整分數區間。詳見 學習評量專區。",2
23983,戲劇學系,協助輔導戲劇製作一，從設計製作期到最後呈現的裝拆臺整個過程。,共同參與戲劇製作一的製作演出，從旁協助給予指導大一的學弟妹的第一個製作演出。透過執行增加自我本身的製作經驗外，進而增進與學弟妹關係並將合作製作的精神傳承。,,,每周不定時的與戲劇製作一劇組工作
21978,戲劇學系,"以中西重要的劇本為授課內容，讓同學學習劇本如何閱讀、分析，並搭配當代相關劇作的製作紀錄，體會劇本可以有多種詮釋的可能性，進而思考經典可以如何與當代對話。
歡迎外系生選修，第一堂課務必到課，以了解課程內容、","1. 帶領同學閱讀與認識經典劇目。
2. 了解戲劇構成的主要元素。
3. 鼓勵同學思考經典作品如何持續與當代對話並與我們產生連結。","與上課方式，確定有興趣之後再取授權碼。
課程目標
1. 帶領同學閱讀與認識經典劇目。
2. 了解戲劇構成的主要元素。
3. 鼓勵同學思考經典作品如何持續與當代對話並與我們產生連結。
課程要求
準時上課，不無故缺席，踴躍參與討論。","10%	

期末書面報告


15%	

期末讀劇


45%	

期中考


30%	

課堂參與

出缺席狀況、課堂討論、小考

本校尚無訂定 A+ 比例上限。
本校採用等第制評定成績，學生成績評量辦法中的百分制分數區間與單科成績對照表僅供參考，授課教師可依等第定義調整分數區間。詳見 學習評量專區。",6
20789,戲劇學系,本課程延續表演一上基礎，除了進一步鍛鍊呼吸、身體、聲音、想像力等表演基本功，並透過角色創造實作，引領學生逐步學習整合所知，領略寫實表演的基礎觀念與態度。,"1.  面對舞台表演需求，累積學生在呼吸、身體、聲音、想像等基本功的專注力、深度、彈性和投射能力。
2.  學習寫實表演所需的角色創造基礎。",,"30%	

課程出席


20%	

期中呈現


20%	

期末呈現


10%	

讀書心得 

1000-1500字


20%	

實踐報告

2000-2500字

本校尚無訂定 A+ 比例上限。
本校採用等第制評定成績，學生成績評量辦法中的百分制分數區間與單科成績對照表僅供參考，授課教師可依等第定義調整分數區間。詳見 學習評量專區。",4小時
28253,戲劇學系,本課程延續表演一上基礎，除了進一步鍛鍊呼吸、身體、聲音、想像力等表演基本功，並透過角色創造實作，引領學生逐步學習整合所知，領略寫實表演的基礎觀念與態度。,"1.  面對舞台表演需求，累積學生在呼吸、身體、聲音、想像等基本功的專注力、深度、彈性和投射能力。
2.  學習寫實表演所需的角色創造基礎。",,"20%	

實踐報告

2000-2500字


10%	

讀書心得 

1000-1500字


20%	

期末呈現


20%	

期中呈現


30%	

課程出席

本校尚無訂定 A+ 比例上限。
本校採用等第制評定成績，學生成績評量辦法中的百分制分數區間與單科成績對照表僅供參考，授課教師可依等第定義調整分數區間。詳見 學習評量專區。",4小時
17175,戲劇學系,"On class meeting time, under the guidance, students rehearse selected short contemporary plays and perform in class for mid-term. 
Students will rehearse selected scenes in class which will be performed in early June in order to complete the fulfillment of Production I. 
Outside of class meeting time for extra rehearsals will be taken place during the week of Run-Through.","develop rehearsal technique
develop cooperation skill
develop characters with specific vocal and movement patterns
develop vocal and physical flexibility","1.	Required Class Attendance
2.	Required Completion of Scene Work Assignment
3.	Required Completion of Crew Workshop Assignment
4.	Required Attending Assigned Production
5.	Following Required Safety Rules","30%	

Attendance & Participation


15%	

EP

Enthusiasm & Participation


5%	

TR

Theater Review


5%	

JA

Journal & Autobiography


15%	

Scoring 

(#1＝5%, #2＝10%)


15%	

Midterm

1st  Scene Performance


15%	

Final

2nd  Scene Performance

本校尚無訂定 A+ 比例上限。
本校採用等第制評定成績，學生成績評量辦法中的百分制分數區間與單科成績對照表僅供參考，授課教師可依等第定義調整分數區間。詳見 學習評量專區。",4小時
38107,戲劇學系,"On class meeting time, under the guidance, students rehearse selected short contemporary plays and perform in class for mid-term. 
Students will rehearse selected scenes in class which will be performed in early June in order to complete the fulfillment of Production I. 
Outside of class meeting time for extra rehearsals will be taken place during the week of Run-Through.","develop rehearsal technique
develop cooperation skill
develop characters with specific vocal and movement patterns
develop vocal and physical flexibility","1.	Required Class Attendance
2.	Required Completion of Scene Work Assignment
3.	Required Completion of Crew Workshop Assignment
4.	Required Attending Assigned Production
5.	Following Required Safety Rules","30%	

Attendance


15%	

EP

Enthusiasm & Participation


5%	

TR

Theater Review


5%	

JA

Journal & Autobiography


15%	

Scoring

(#1＝5%, #2＝10%)


15%	

Midterm

1st  Scene Performance


15%	

Final

2nd  Scene Performance

本校尚無訂定 A+ 比例上限。
本校採用等第制評定成績，學生成績評量辦法中的百分制分數區間與單科成績對照表僅供參考，授課教師可依等第定義調整分數區間。詳見 學習評量專區。",4小時
11211,戲劇學系,"與排演共同配合課程，讓同學能完整學習和經驗整個製作所必須的過程。包含所有的幕前和幕後的工作。 
演出製作的過程依戲劇製作流程為基礎並透過師長和學長姐的帶領，",藉由親身參與戲劇製作，學生能獲得寶貴的實際經驗，深入瞭解劇場藝術的多樣性與複雜性，對藝術的認知更加全面。,請詳閱製作相關規定：http://theatre.ntu.edu.tw/rules，並嚴格遵守。,"100%	

依據「國立臺灣大學戲劇學系製作課程評分辦法及規定」

http://theatre.ntu.edu.tw/downloads/production/ProductionCourceGrading.pdf

本校尚無訂定 A+ 比例上限。
本校採用等第制評定成績，學生成績評量辦法中的百分制分數區間與單科成績對照表僅供參考，授課教師可依等第定義調整分數區間。詳見 學習評量專區。",3-6小時
49786,,透過表演的遊戲跟練習實驗，學習探索及覺察自我，重新開啟意識跟身體的感知及直覺，結合身體工具、呼吸、聲音及想像，最終在排練實務中，學習轉化跟形塑角色的技巧。,"1. 學習表演做為覺察自我的工具。
2. 學習身體做為表演工具的探索與使用。
3. 基礎表演理論-文本分析及角色旅程。
4. 文本分析轉化為角色身體的技巧方法。",除課堂外，學生須額外花費時間排練、觀賞演出以繳交看戲報告。,"30%	

出缺席

兩次遲到視同缺席一次。缺席三次此項成績為零。


30%	

期末呈現


25%	

課堂參與


15%	

看戲報告

總共繳交三份看戲報告，並針對演出做出表演分析。

本校尚無訂定 A+ 比例上限。
本校採用等第制評定成績，學生成績評量辦法中的百分制分數區間與單科成績對照表僅供參考，授課教師可依等第定義調整分數區間。詳見 學習評量專區。",4小時
26163,戲劇學系 / 藝術設計學分學程,色彩為生活中之必要元素。本課程將引導學生觀察公共空間中環境色彩的視覺因子，透過系列課程的講述，讓學生了解色彩與材料及生活美學之關係（尤涉及視覺原理）、色彩理論，以及色彩意象之分析與應用，以提昇學生對公共藝術創作和環境美學的賞析能力。,"色彩在自然環境與人為環境中佔有重要的視覺與知覺地位，其涵蓋範圍相當廣泛，舉凡視覺藝術、工業設計、景觀設計、建築物與空間設計等，均與色彩息息相關，是為生活與公共空間中之必要元素介面。本課程期望透過探討公共藝術中色彩與環境美學之關係，讓學生習得環境色彩調查、色彩理論以及色彩意象之分析與應用，除了能應用在公共藝術創作外也，可應用於視覺傳達設計、創作與生活賞析。

修課學生可習得：
1. 公共藝術基本認知的能力。
2. 視覺藝術配色技法學習與環境呼應能力。
3. 公共藝術觀看欣賞與思辨的能力。
4. 具有跨領域及互動合作的基礎能力。","部分課程會有戶外實地觀察與體驗。

這門課因配合校外教學的需求時間較長，調整為隔週上課，若時間無法配合建議退選此門課。",,預估４小時
28661,戲劇學系 / 亞洲藝術學程 / 藝術設計學分學程 / 臺灣研究學程,本課程透過歌仔戲唱腔及身段之學習，以及經典選段之表演，讓同學瞭解、欣賞歌仔戲表演藝術，並對於歌仔戲的基本功有初步的認識與訓練。,"一、認識並學習歌仔戲唱腔與口白。
二、認識並學習歌仔戲身段基礎動作。
三、歌仔戲經典選段《山伯英台・遊西湖》表演。","1. 第一堂課未出席者，請勿選課。 
2. 上課請穿著便於活動的褲裝。 
3. 加選的同學請於第一堂課準備歌仔戲曲調【七字調】一首現場演唱。","20%	

平時成績（出席情況與學習態度）

平時成績（出席情況與學習態度）


30%	

期中成績

唱腔身段組合


40%	

期末成績

期末呈現


10%	

看戲報告 

1500字歌仔戲看戲報告

本校尚無訂定 A+ 比例上限。
本校採用等第制評定成績，學生成績評量辦法中的百分制分數區間與單科成績對照表僅供參考，授課教師可依等第定義調整分數區間。詳見 學習評量專區。",至少4小時
30816,戲劇學系,課程大致分為三部分，一、點光源架設及安裝，二、虛擬3D空間配置建立，三、實際現場練習及呈現。,本學期課程將利用燈光控制器之點像素控制功能，並架設安裝光源將戲夢空間作為展區，結合音樂與光點視覺畫面的練習。,"本學期1次期中虛擬3D呈現，以及1次期末實體呈現。
初選不開放，請來信chengweiteng@ntu.edu.tw說明選課意願，第一次上課3/6於116燈光研究室，未到請退選。
建議學士班三年級以上並修過燈光技術一，燈光設計一、二等課。
總人數上限：8人，將依照來信先後順序排定上課名單，若有特殊條件也請來信說明。","20%	

出席率


20%	

 參與討論及表現


30%	

 期中呈現


30%	

 期末作業呈現 

本校尚無訂定 A+ 比例上限。
本校採用等第制評定成績，學生成績評量辦法中的百分制分數區間與單科成績對照表僅供參考，授課教師可依等第定義調整分數區間。詳見 學習評量專區。",1:3
14354,戲劇學系 / 藝術設計學分學程,"本課程將帶領學生認識劇場音響系統與實務應用方法，內容包含：
1. 聲學概念
2. 基本音響系統認識與應用
3. 劇場聲音設計概念
4. 數位編曲軟體認識與應用",上半學期授課以前兩項為主，將依序介紹音響設備中麥克風、混音器、處理器、擴大機及喇叭等器材之使用原理及應用方式。後半學期則介紹劇場聲音設計概念及音效執行軟體Qlab與編曲軟體Apple Logic Pro基礎操作。,"課程以講演與示範為主，學生需於課前預習上課簡報、完成指派作業、資料查找，並於課後自主練習課程所教授之硬軟體器材與設備。

加簽事項：
本課程授課對象以本系與藝術設計學程生為主，為保障上課品質，加簽人數有限。
如欲加簽者，請於第一週上課前將「修課理由、個人簡歷」等資料email至：iggyhung@ntu.edu.tw
加選結果於第二週公布。","30%	

課堂表現

含出缺席、課堂作業與課上參與度（各10％)


30%	

期中考

含筆試與實作（各15％）


30%	

期末呈現

依下半學期所教授之DAW軟體完成指定內容之呈現


10%	

看戲報告

觀賞戲劇演出、並以聲音內容做描述與心得報告

本校尚無訂定 A+ 比例上限。
本校採用等第制評定成績，學生成績評量辦法中的百分制分數區間與單科成績對照表僅供參考，授課教師可依等第定義調整分數區間。詳見 學習評量專區。",1/4小時
35365,戲劇學系,"Artistic and Technical concerns as they apply to Costume Design will be addressed through lectures, discussions and critiques. The course will focus on the first half of the design process: research, direction and rendering of ideas. Special concentration will focus on character analysis and their physical manifestations. In-class critiques will help the student to identify and utilize the characteristics of good design.","1. 熟悉服裝設計的理論、模式、組織與評鑑。
2. 培養設計師應有的基礎能力，例如：繪製服裝設計稿、文本分析、角色分析。
3. 啟發學生的創意潛能，將理論知識轉化為實際創作，體驗設計過程的創新與延展。","本課程須經甄選，說明如下：

1-先修課程「服裝技術一」。
2-限本系所學生(含輔系、雙修生)。
3-第一階段Audition，請於2026年1月15日下午17：00前將服裝設計一audition資料寄至yiwang@g.ntu.edu.tw

服裝設計一Audition資料內容包括:
1-服裝技術一Portfolio精選  (檔案請勿大於5 MB)
2-學習計劃書(內文請以A4 用紙直式橫書、標楷體12 號字繕打1至2頁)
3-服裝設計相關設計圖稿或參考作品(Design Portfolio)

*請將上述資料壓縮為ZIP檔案。(檔案請勿大於5 MB)
*甄選資料需附上班級、姓名、聯絡電話與email。

審查項目與百分比:
1	服裝技術ㄧ Portfolio精選 25%
2	學習計劃書	25%
3	服裝技術或設計之相關參考作品集(Portfolio)精選	  50%","20%	

期中


20%	

期末


50%	

作業


10%	

課程參與

本校尚無訂定 A+ 比例上限。
本校採用等第制評定成績，學生成績評量辦法中的百分制分數區間與單科成績對照表僅供參考，授課教師可依等第定義調整分數區間。詳見 學習評量專區。",6小時
30270,,本課程以臺灣現當代具有代表性的重要劇本之選讀、評析與欣賞為主。臺灣自日治時期始有創作劇本留存，並作為臺灣現代劇場的遠祖，在此之前多為傳統地方戲曲的搬演紀錄。故本課程選讀日治時期到當代臺灣，在這塊土地上創作或演出，具有當地特色及影響力的劇本，包括新劇、京劇、歌仔戲、現代戲劇等各種戲劇類型的原創、改編及實驗劇作，希望透過劇本的導讀與評析，涉及劇場環境與社會文化影響，了解臺灣現當代戲劇的當地特色、發展概貌及因應文化現象產生的多元樣貌。,本課程透過臺灣戲劇名著選讀，培養學生以下能力： 1. 閱讀理解劇本的能力。 2. 評論賞析劇本的能力。 3. 了解臺灣戲劇發展的內外緣因素及歷史。 4. 了解現當代臺灣劇場的發展趨勢與多元樣態。,課前劇本閱讀，參與課堂討論。,"30%	

出席率


10%	

期末報告


30%	

期中考


30%	

期末考

本校尚無訂定 A+ 比例上限。
本校採用等第制評定成績，學生成績評量辦法中的百分制分數區間與單科成績對照表僅供參考，授課教師可依等第定義調整分數區間。詳見 學習評量專區。",2小時。
50161,,本課程將引領同學賞析西方自十九世紀現代戲劇開端到近代，包括挪威、瑞典、美國、英國、義大利、法國等國的經典戲劇作品。,"1.	認識西方所選現代經典名著與劇作家
2.	培養學生理解所選經典劇本的形式、主題等專業知能
3.	培養學生賞析西方劇本的學科能力
（註：雖是EMI授課，課程目標仍在增強戲劇系學生專業知能為主，而非改善英文能力為主。且考量戲劇系修課學生英文能力差異甚大，某些重要概念會用中文解釋）","1. 已選課的同學，以及欲加選此門課者，第一次上課務必出席，否則不予加簽，第一堂課建立師生契約，理解上課和測驗方式，極為重要。
2. 本課程為戲劇系規定EMI英文授課，教師大多使用英文(偶或使用中文解釋對同學困難的概念)，鼓勵同學小組討論和課堂發言儘量使用英 文，但亦可以使用中文回應。
3. 請務必帶指定的版本教材上課(翻譯版本品質差異甚大)，以利上課討論與讀劇進行；因是EMI課程，小考與期末考考試題目全部是英文。
4. 同學被期待上課前完成當週指定劇本的閱讀，帶來你的問題與觀察，積極參與課堂討論。
5. 請同學準時上課，課堂多數會有隨堂小考，確保同學在上課前完成閱讀，以利討論和吸收上課內容。
6. 小考只有於課堂完成者才於以計分，且沒有補考的機會。
7.學習困難或有任何問題，歡迎學期中與老師討論；不接受在最後一周才提出的任何請求。
8. 仔細課綱以第一節上課公布為準則，若有更動，在第一周同步在此修改。","35%	

期中考

1.內容包括所有指定閱讀及上課討論內容
2. 試卷題目為英文，同學可以選擇用中文或英文作答均可
3. 依照指定位置就座，紙筆作答


35%	

期末考

1.內容包括所有指定閱讀及上課討論內容
2. 試卷題目為英文，同學可以選擇用中文或英文作答均可
3. 依照指定位置就座，紙筆作答


20%	

小考(作業)

1.通常會先小考，限定於教室內作答才計算。目的為測試是否有閱讀完劇本，才能參與討論，題目約為五到十題的英文選擇題。
因為遲到無法小考該次小考零分，但請記得補點名。偶爾會有規定的作業。
2.  此部分乃依小考次數浮動，平均分配，例如若共有11次小考，則取十次(每個人可以刪 除最低分的一次 )


10%	

出缺席與參與討論

1. 課堂表現 : 　
　學生是否積極參與討論與帶來問題決定此部分成績的重要關鍵 ；

2. 出席情形:
Ａ）每節一定點名，有參與討論、讀劇和帶來問題者此部分才有可能得滿分，表現積極者可以加總分。
Ｂ）反之，遲到或缺課會扣分，嚴重缺課和慣性遲到者會扣總分。為不時之需，每個人有一次請假的機會（但若該次有小考，小考仍然沒有成 績），公假不列入次數計算，缺席請假達四次(含四次)，本門課將不及格。
Ｃ)補點名務必於當天完成，事後不受理。

本校尚無訂定 A+ 比例上限。
本校採用等第制評定成績，學生成績評量辦法中的百分制分數區間與單科成績對照表僅供參考，授課教師可依等第定義調整分數區間。詳見 學習評量專區。",4 小時
43181,戲劇學系,"An elected class for students who are highly interested in acting.  Course offers a cross-section of developing voice, movement, and rehearsal technique to acquaint the advanced acting student with acting basics.","The student will develop their:
1)	spontaneity & creativity
2)	strategies & tactics regarding character's objectives
3)	cooperation skill
4)	movement & vocal flexibility","Responsibilities of Student:	Required Class Attendance
								Required Completion of Assignment
								Following Required Safety Rules","20%	

Attendance 


10%	

EP

Enthusiasm & Participation


70%	

Presentation

In Class Works+ Homework

本校尚無訂定 A+ 比例上限。
本校採用等第制評定成績，學生成績評量辦法中的百分制分數區間與單科成績對照表僅供參考，授課教師可依等第定義調整分數區間。詳見 學習評量專區。",4小時以上
25829,戲劇學系,"This course is comprised of a series of introductory acting exercises designed to 

1) help students familiarize with Shakespeare&#39;s language, knowing the distinctions between prose, rhymed verse and unrhymed (blank) verse
2) provide students with different strategies to be used when speaking Shakespeare’s language.","This course aims to

(1) familiarise students with basic acting techniques s required for how to do Shakespeare. 
(2) Students will learn how to read Shakespeare’s text and how to build a character from there.
(3) Students will gain knowledge about the characteristic of Shakespeare&#39;s language.","本課程須經甄選，欲修課者需在甄選時表演一段莎士比亞的獨白，表演長度不得少於90a秒，並於2026/2/15前將以下資料email至poshenlu09@ntu.edu.tw，主旨註明莎士比亞甄選你的名字‧。
1. 請將你所挑選的soliloquy e or  long speech打下來，並請按照譯者的斷行來處理。
2. 所挑選的soliloquey or long speech，出自哪一個劇本，說話者是哪一個腳色，她在甚麼樣的情況底下說了這段話，她說這段話的目的為何?

請特別注意:
1. 中文譯本務必選用方平教授或彭鏡禧教授翻譯的中文譯本。
2. 你的soliloque or long speech請選自以下規定之劇本: 《羅密歐與茱麗葉》、《第十二夜》、《仲夏夜之夢》、《哈姆雷》、《威尼斯商人》、《馬克白&#39;\》、《暴風雨》、《皆大歡喜》、","20%	

Reading Repart 演員與標靶  (2篇)


50%	

Two Soliloquies


30%	

Two-person scenes


0%	

有關出席率說明

1. 上課遲到一次扣學期總成績一個等第，遲到超過15分鐘則視同缺課，缺課一次扣學期總成績兩個等第。
2. 遲到上限為2次，2次以上則學期總成績以零分(X)計算；缺課上限1次，2次以上者，學期總分以零分(X)計算。
3. 公假或事假需於每週上課前請假報備，病假則需於下次上課時檢附醫師證明。

本校尚無訂定 A+ 比例上限。
本校採用等第制評定成績，學生成績評量辦法中的百分制分數區間與單科成績對照表僅供參考，授課教師可依等第定義調整分數區間。詳見 學習評量專區。",6~9小時
45532,戲劇學系,"This course focuses on gaining the necessary practical tools in order to direct a playtext:  analysis of the text, composition of the theatrical elements, development of a directing strategy, method of working with the actors and the designers,  rehearsals planning and techniques. 


This course will run in two phases - the preparatory phase and the actual practical phase.

本課程將以莎\John Cariari 的《Almost, Maine》作為課堂共同的演練文本，引領學生進行該文本的劇本分析與創作構想，學生的期末作品創作，則需應用課堂上所學，逐步發展、型塑與實踐自身的導演創作構想。","1.Students will gain helpful practical tools and valuable tips for mounting a production. 
2. Students will acquire a reliable practical toolkit for creating a production in limited rehearsal time. 
3. Students will also acquire the understanding of how the professional director can develop a variety of relationships with all kind of professionals - designers, actors, audience, boards of management, etc.","甄選規定：

1.	必須已修過導演一，且四門「設計一」的課程，已修畢至少其中一門。
2.	請挑選兩齣你有強烈動機執導的劇本，但所挑選之劇本，宜多加考慮你做戲資源，包含演員、設計、能力、財力；時間等。
3.	請寫下兩齣劇本你讀完後的最初印象為何？(first impression)
4.     說明為何想要執導這兩齣劇本？以及在這次導二期末作品想要特別磨練自己甚麼藥的導
          演技藝？
5.	所挑選之劇本，最終演出長度以60分鐘為限。建議你可挑選獨幕劇或僅執導該劇本的前兩幕，要不然你就必須得自行裁減、濃縮。
6.	上述問題的回覆以及兩齣劇本的電子檔 (請給我全本，未經你刪減過的)，必須於2026/2/155前email至poshenlu09@ntu.edu.tw，主旨寫上：導二甄選—你的名字。","30%	

導演創作構想


70%	

期末作品呈現

本校尚無訂定 A+ 比例上限。
本校採用等第制評定成績，學生成績評量辦法中的百分制分數區間與單科成績對照表僅供參考，授課教師可依等第定義調整分數區間。詳見 學習評量專區。",9~12小時
19075,戲劇學研究所,,,,,
36167,戲劇學研究所,,,,,
17717,生物資訊學國際研究生學位學程,,,,,
17365,生物資訊學國際研究生學位學程,,,,,
15715,跨領域神經科學國際研究生博士學位學程,,,,,
26634,跨領域神經科學國際研究生博士學位學程,,,,,
10566,跨領域神經科學國際研究生博士學位學程,,,,,
37923,跨領域神經科學國際研究生博士學位學程,,,,,
55931,跨領域神經科學國際研究生博士學位學程,,,,,
28476,跨領域神經科學國際研究生博士學位學程,,,,,
16889,毒理學研究所,本課程授課對象為毒理所全體碩士班學生，於每週一下午2:30-3:20上課，為本所碩士班研究生必修之科目，學程半年，上下學期各1學分。課程中由各教師以其毒理學之專長就特定毒理學相關主題，以書報討論、綜合簡報方式做演講及討論。,使學生在課程中，對各種毒理問題之基本面進行基因層次之探索，讓學生們更進一步地從中學習研究毒理學的要領。,,,
42950,毒理學研究所,本課程以毒理所碩士班研究生及其他研究所之研究生為授課對象，於每週二上午9:10--12:00上課。為本所碩士班學生必修之課程，學程半年，下學期開課，學分為3學分。課程由本所各教師講授，由化學物致癌過程、系統毒理學、毒理學的運用都有詳盡的說明及討論，內容豐富。,使學生瞭解腎毒性、職業性毒理學、環境中干擾胚胎發育之重要毒物種類、神經毒性、基因毒理學、化學物致癌過程、健康風險危害評估、生態毒性、免疫毒性、呼吸系統毒性、肝毒性等。,,,
16949,毒理學研究所,,,,,
59389,毒理學研究所,,,,,
12978,智慧聯網國際研究生博士學位學程,,,,,
44536,智慧聯網國際研究生博士學位學程,,,,,
51798,智慧聯網國際研究生博士學位學程,,,,,
40941,智慧聯網國際研究生博士學位學程,,,,,
41756,智慧聯網國際研究生博士學位學程,,,,,
12630,智慧聯網國際研究生博士學位學程,,,,,
28907,智慧聯網國際研究生博士學位學程,,,,,
38663,智慧聯網國際研究生博士學位學程,,,,,
31695,智慧聯網國際研究生博士學位學程,,,,,
27160,臺灣文學研究所,,,,,
42594,臺灣文學研究所,,,,,
54710,臺灣文學研究所 / 臺灣研究學程,,,,,
51836,臺灣文學研究所,"本課程以佐藤春夫之文學生產與文化實踐為核心，嘗試從其多重且具有特殊時代意義的身分──包括翻譯者、文學競賽評審、跨文藝創作者──出發，觀察跨界創作行為與作家意識如何形構戰前日語文學的文化地景，並進一步思考其對當代文史轉譯實踐的啟發意義。在方法上，鬆動傳統影響論與比較文學框架，改以「作家論」作為分析核心：亦即將作家視為一種持續在不同場域中被建構、被詮釋、被轉譯的文化主體。透過此一視角，學生將能理解文學不僅是文本的集合，更是一種橫跨媒介、制度與世代的文化實踐。
佐藤春夫不僅被視為創作出台灣現代小說起點的重要作家之一，其形象與作品亦在二十一世紀被重新納入日本流行文化機制之中，成為文豪動漫與遊戲等文化產品的重要題材，展現出經典文學在當代媒介環境中的再生與轉化潛能。
課程將聚焦於1920年代與2020年代這兩個歷史時間端點之間，佐藤春夫其人與其作品在日本近代文化場域、台灣文學研究場域中所描繪出的思想軌跡與文化位置。透過細讀其詩作、與台灣相關之書寫（所謂「台灣物」）、以及翻譯實踐，課程將引導學生理解辨析大正期、昭和戰前期與戰後時期之間，日語表現、文化感性與文學觀念的差異。本課程將引導學生適度運用人工智慧工具，作為閱讀日文文獻與思考的輔助媒介。例如透過與 AI 協作進行日文文獻的段落解析、重點摘要與語感比較，以補充學生對日文原典的理解深度；並練習將文學內容轉化為適合不同媒介形式的敘事素材，如新媒體腳本、人物設定或文化介紹文本等。藉由這樣的實作訓練，學生不僅能強化文獻閱讀與整理能力，也能反思人文知識如何在當代技術環境中被重新組織與傳達。
透過對佐藤春夫案例的多層次分析與實作演練，本課程期望引導學生同時掌握文本細讀能力、歷史感知能力與敘事轉譯能力，進而探索文學研究在教育現場、文化推廣與公共溝通中的多元應用可能。","	掌握「作家論」研究方法
	掌握日語文獻與研究資源能力
	掌握理解古典文學與現代文學的過渡與交混現象的途徑
	對於「作者」在文學史、文學理論中的存在意義有深入認識
本課程希望能從作家的相關史料、文獻、創作、研究，來建立認知一個歷史主體的路徑，並訓練在當代描述這個歷史主體的書寫能力，以及分別從文學史、文化社會學的角度來觀看、思考「作家」這個身份與位置的學術研究潛能。","	具備台大「日文一」以上的日語能力
	參與課程討論、繳交AI實作作業
	繳交期末報告","50%	

課堂表現


50%	

期末報告

本校尚無訂定 A+ 比例上限。
本校採用等第制評定成績，學生成績評量辦法中的百分制分數區間與單科成績對照表僅供參考，授課教師可依等第定義調整分數區間。詳見 學習評量專區。","課前：2小時
課後：1小時"
56832,臺灣文學研究所,,,,,
55883,臺灣文學研究所,,,,,
47750,獸醫學研究所 / 臨床動物醫學研究所,,,,,
23130,臨床動物醫學研究所,,,,,
18364,臨床動物醫學研究所,,,,,
17835,臨床動物醫學研究所,,,,,
31638,臨床動物醫學研究所,,,,,
49436,臨床動物醫學研究所,,,,,
34862,臨床動物醫學研究所,,,,,
15589,臨床動物醫學研究所,,,,,
32107,臨床動物醫學研究所,,,,,
23125,臨床動物醫學研究所,,,,,
26534,臨床動物醫學研究所,,,,,
10438,臨床動物醫學研究所,,,,,
29775,臨床動物醫學研究所,,,,,
38628,臨床動物醫學研究所,,,,,
38029,臨床動物醫學研究所,,,,,
10838,臨床動物醫學研究所,,,,,
35105,臨床動物醫學研究所,,,,,
48634,獸醫學系,,,,,
24201,獸醫學系,協助系上環境清潔,協助系上環境清潔,,,
52964,獸醫學系,,,,,
32914,獸醫學系,,,,,
24694,獸醫學系,,,,,
26887,獸醫學系,,,,,
11990,獸醫學系,,,,,
25482,獸醫學系,,,,,
13194,獸醫學系,,,,,
19384,獸醫學系,,,,,
45319,獸醫學系 / 神經生物與認知科學學程,,,,,
17942,獸醫學系,,,,,
37104,獸醫學系,,,,,
41967,獸醫學系,,,,,
34160,獸醫學系,,,,,
35897,獸醫學系,,,,,
44398,獸醫學系,,,,,
23622,獸醫學系,,,,,
10490,獸醫學系,,,,,
23890,獸醫學系,,,,,
11831,獸醫學系,,,,,
45765,獸醫學系,,,,,
33093,獸醫學系,,,,,
33876,獸醫學系,,,,,
26388,獸醫學系,,,,,
45806,獸醫學系,,,,,
36514,獸醫學系,,,,,
26087,獸醫學系,,,,,
21960,獸醫學系,,,,,
47995,獸醫學系,,,,,
48132,獸醫學系,,,,,
59558,獸醫學系,待補,"將基礎與臨床課程（解剖、生理、病理、藥理等）整合應用
培養臨床診斷、治療與醫病溝通能力
熟悉臨床流程、醫療倫理與專業態度",待補,,1:2
20257,獸醫學系,,,,,
13341,獸醫學系,,,,,
48255,獸醫學系,,,,,
18312,獸醫學系,,,,,
42995,獸醫學系 / 傳染病學學程 / 動物福祉學分學程,,,,,
11593,獸醫學研究所,,,,,
55041,獸醫學研究所,,,,,
51523,分子暨比較病理生物學研究所 / 獸醫學研究所 / 獸醫學系,,,,,
57331,獸醫學系,,,,,
55705,獸醫學系,,,,,
55158,,,,,,
29563,獸醫學研究所,,,,,
16718,獸醫學研究所,,,,,
41311,獸醫學研究所,,,,,
33988,,,,,,
44298,獸醫學研究所,,,,,
55328,獸醫學研究所,,,,,
22264,獸醫學研究所,,,,,
49367,獸醫學研究所,,,,,
41687,,,,,,
28545,獸醫學研究所,,,,,
36193,獸醫學研究所,,,,,
40924,獸醫學研究所,,,,,
46264,獸醫學研究所,,,,,
18256,獸醫學研究所,,,,,
55519,獸醫學研究所,,,,,
11647,獸醫學研究所,,,,,
18136,獸醫學研究所,,,,,
21989,獸醫學研究所,,,,,
27767,獸醫學研究所,,,,,
30883,獸醫學研究所,,,,,
20448,獸醫學研究所,,,,,
57884,獸醫學研究所,,,,,
44792,獸醫學研究所,,,,,
23107,獸醫學研究所,,,,,
36447,獸醫學研究所,,,,,
38461,獸醫學研究所,,,,,
44664,寫作教學中心,,,,,
29583,寫作教學中心,"This course teaches fundamental yet important skills that enable students to write well-organized, clearly-reasoned, rhetorically effective, and grammatically correct essays. Topics to be covered are basic vocabulary and grammatical structures in academic English, techniques to construct an effective paragraph,  essay polishing and editing, mistakes in reasoning, and common patterns for essay writing.","This is a fundamentals course. You may not come out ready to write a dissertation, but hopefully you will
1. learn to read as a writer;
2. understand the nature and standard of academic writing;
3. gain a vocabulary of elements with which to analyze and write a paragraph or essay;
4. improve reasoning skills and minimize possible logical fallacies; and
5. develop a sense of vision for your own writing.

For those interested in moving up to the higher-level writing class—designed specifically to meet the needs of knowing how to write a research paper, thesis, or dissertation—these are important and rewarding preparatory tasks.","1. Class attendance is mandatory. Absences are excused only for good reasons.
(Note: First-week absentees will be viewed as going to drop this course.)
(第一週課程未到視同放棄選修)
2. Active participation in class discussions is required.
3. Quizzes and a comprehensive final exam are included in this course. No make-up quizzes/exam will be allowed.
4. Writing assignments are carefully scheduled as stages toward the fulfillment of the course’s objectives. Late assignments will be marked down.","15%	

Quiz

There are 11 quizzes throughout the semester.


10%	

Participation

Each member of the group grades each other’s involvement.


50%	

Writing Assignments

Weeks 2-7: There are three individual writing tasks.
Weeks 10-15: There are two writing assignments. Each contains an outline, a draft, and a revision. You will receive a grade on your revision.


20%	

Final Exam

The final exam is divided into four parts: vocabulary, grammar, essay analysis, and guided writing.


5%	

Independent Study

Take advantage of MEIC.

本校尚無訂定 A+ 比例上限。
本校採用等第制評定成績，學生成績評量辦法中的百分制分數區間與單科成績對照表僅供參考，授課教師可依等第定義調整分數區間。詳見 學習評量專區。",2-4 hours
