流水號,開課系所,課程概述,課程目標,課程要求,評量方式,預期學習時數
15338,農業化學系,,,,,
45451,農業化學系,,,,,
26526,農業化學系,,,,,
46261,農業化學系,,,,,
38407,農業化學系,,,,,
95085,農業化學系,,,,,
30848,農業化學系,,,,,
11808,農業化學系,,,,,
24288,農業化學系,,,,,
18874,農業化學系,,,,,
16600,農業化學系,,,,,
10756,農業化學系,,,,,
58765,農業化學系,,,,,
25574,農業化學系,,,,,
35748,農業化學系,,,,,
33403,農業化學系,,,,,
58401,農業化學系,,,,,
36576,農業化學系,,,,,
50372,農業化學系 / 農業化學研究所,,,,,
49341,農業化學研究所,,,,,
44022,農業化學研究所,,,,,
44865,農業化學研究所,,,,,
47390,農業化學研究所,,,,,
27025,農業化學研究所,,,,,
35840,農業化學研究所,,,,,
13151,農業化學研究所,,,,,
31899,農業化學研究所,,,,,
51785,農業化學研究所,,,,,
50268,農業化學研究所,,,,,
25229,農業化學研究所,,,,,
31285,農業化學研究所,,,,,
59249,農業化學研究所,,,,,
55846,農業化學研究所,,,,,
24277,農業化學研究所,,,,,
57932,農業化學研究所,,,,,
38274,農業化學研究所,,,,,
13617,農業化學研究所,,,,,
57674,農業化學研究所,,,,,
29796,農業化學研究所,,,,,
15342,農業化學研究所,,,,,
10903,農業化學研究所,,,,,
30020,會計學系,,,,,
20134,會計學系,,,,,
50755,會計學系,,,,,
49262,會計學系,,,,,
11141,會計學系 / 會計專業與永續職涯學分學程,,,,,
32214,會計學系 / 會計專業與永續職涯學分學程,,,,,
55690,會計學研究所 / 商業資料分析學分學程,,,,,
27705,會計學研究所,,,,,
49014,會計學研究所,,,,,
44645,會計學研究所,,,,,
14424,無授課對象,,,,,
49150,無授課對象,,,,,
15962,無授課對象,,,,,
12057,農業經濟學系,,,,,
52964,農業經濟學系,,,,,
39910,農業經濟學系,,,,,
18312,農業經濟學系 / 農業經濟學研究所,,,,,
55705,農業經濟學系,,,,,
19057,農業經濟學系,,,,,
47646,農業經濟學系,,,,,
13194,農業經濟學系,,,,,
36960,農業經濟學系,,,,,
50691,農業經濟學系,,,,,
17378,農業經濟學系,,,,,
44530,農業經濟學系,,,,,
59558,農業經濟學系,,,,,
20257,農業經濟學系,,,,,
19902,農業經濟學研究所,,,,,
15408,農業經濟學研究所,,,,,
34016,農業經濟學研究所,,,,,
47046,農業經濟學研究所,,,,,
12221,農業經濟學研究所,,,,,
25128,農業經濟學研究所,,,,,
34090,農業經濟學研究所,,,,,
52255,農業經濟學研究所,,,,,
25885,農業經濟學研究所,,,,,
11113,農業經濟學研究所,,,,,
19359,農業經濟學研究所,,,,,
59355,農業經濟學研究所,,,,,
17646,農業經濟學研究所,,,,,
55158,農業經濟學研究所,,,,,
52698,農業經濟學研究所,,,,,
31774,農業經濟學研究所,,,,,
14327,農業經濟學研究所,,,,,
16718,農業經濟學研究所,,,,,
17862,農業經濟學研究所,,,,,
43793,農業經濟學研究所,,,,,
95087,農業經濟學研究所,,,,,
22264,農業經濟學研究所,,,,,
27797,農業經濟學研究所,,,,,
51428,農業經濟學研究所,,,,,
34454,農業經濟學研究所,,,,,
19906,農業經濟學研究所,,,,,
26397,農業經濟學研究所,,,,,
21677,農業經濟學研究所,,,,,
56138,農業經濟學研究所,,,,,
59796,農業經濟學研究所,,,,,
19474,農業經濟學研究所,,,,,
21844,農業經濟學研究所,,,,,
20333,,,,,,
53373,,,,,,
10074,生物資源暨農學院 / 植物病理與微生物學系 / 生物機電工程學系 / 生物產業傳播暨發展學系 / 獸醫學系 / 園藝暨景觀學系 / 動物科學技術學系 / 森林環境暨資源學系 / 農業化學系 / 生物環境系統工程學系,,,,,
11662,生物資源暨農學院 / 植物病理與微生物學系 / 生物機電工程學系 / 生物產業傳播暨發展學系 / 獸醫學系 / 園藝暨景觀學系 / 動物科學技術學系 / 森林環境暨資源學系 / 農業化學系 / 生物環境系統工程學系,,,,,
13688,,,,,,
22350,,,,,,
53791,無授課對象,,,,,
55283,無授課對象,,,,,
24328,無授課對象,,,,,
58557,無授課對象,,,,,
40981,無授課對象,,,,,
58935,無授課對象,,,,,
34030,農藝學系,,,,,
18496,農藝學系,,,,,
17524,農藝學系,,,,,
38930,農藝學系,,,,,
51792,農藝學系,,,,,
22362,農藝學研究所,,,,,
36323,農藝學研究所,,,,,
52369,農藝學研究所,,,,,
19019,農藝學研究所,,,,,
53585,農藝學研究所,,,,,
19598,農藝學研究所,,,,,
37933,作物科學組 / 生物統計學組,,,,,
56161,農藝學研究所,,,,,
57017,農藝學研究所,,,,,
45761,農藝學研究所,,,,,
56448,生物統計學組,,,,,
21800,作物科學組 / 生物統計學組,,,,,
14441,臺灣大專院校人工智慧學程聯盟,,,,,
29188,臺灣大專院校人工智慧學程聯盟,,,,,
29760,臺灣大專院校人工智慧學程聯盟,,,,,
29535,應用力學研究所,,,,,
56299,應用力學研究所,,,,,
30937,應用力學研究所,,,,,
47676,應用力學研究所,,,,,
26735,應用力學研究所,,,,,
35075,應用力學研究所,,,,,
25467,應用力學研究所,,,,,
16472,應用力學研究所,,,,,
40433,應用力學研究所,,,,,
52929,應用力學研究所,,,,,
48427,應用力學研究所,,,,,
50169,應用力學研究所,,,,,
35937,應用力學研究所,,,,,
24385,應用力學研究所,,,,,
54039,應用力學研究所,,,,,
50618,應用力學研究所,,,,,
10195,應用力學研究所,,,,,
19907,應用力學研究所,,,,,
49790,應用力學研究所,,,,,
21184,應用力學研究所,,,,,
16273,應用力學研究所,,,,,
43776,應用力學研究所,,,,,
28411,應用力學研究所,,,,,
55702,應用力學研究所,,,,,
21657,應用力學研究所,,,,,
58563,應用力學研究所,,,,,
38380,應用力學研究所 / 奈米科技學程,,,,,
11041,應用力學研究所,,,,,
29271,應用力學研究所,,,,,
15885,應用力學研究所,,,,,
22107,解剖學暨細胞生物學研究所,,,,,
54611,解剖學暨細胞生物學研究所,,,,,
24867,解剖學暨細胞生物學研究所,,,,,
32482,動物科學技術學系,,,,,
47605,動物科學技術學系,,,,,
57283,,,,,,
22641,動物科學技術學系,,,,,
26803,動物科學技術學系,,,,,
22420,動物科學技術學系,,,,,
15424,動物科學技術學研究所,,,,,
15422,動物科學技術學研究所,,,,,
42929,動物科學技術學研究所,,,,,
51158,動物科學技術學研究所,,,,,
46663,動物科學技術學研究所,,,,,
53230,動物科學技術學研究所,,,,,
38289,動物科學技術學研究所,,,,,
19779,動物科學技術學研究所,,,,,
40325,動物科學技術學研究所,,,,,
40198,動物科學技術學研究所,,,,,
10395,動物科學技術學研究所,,,,,
45913,動物科學技術學研究所,,,,,
55572,動物科學技術學研究所,,,,,
32128,動物科學技術學研究所,,,,,
17115,動物科學技術學研究所,,,,,
13393,動物科學技術學研究所,,,,,
29128,動物科學技術學研究所,,,,,
58900,動物科學技術學研究所,,,,,
20803,動物科學技術學研究所,,,,,
95084,人類學研究所,,,,,
28264,人類學研究所,,,,,
58294,人類學研究所,,,,,
57926,人類學研究所,,,,,
40011,人類學研究所,,,,,
15209,物理學研究所 / 應用物理學研究所,,,,,
12446,應用物理學研究所,,,,,
55134,應用物理學研究所,,,,,
54919,藝術史研究所,,,,,
40217,藝術史研究所,,,,,
25798,藝術史研究所 / 亞洲藝術學程,,,,,
41866,藝術史研究所,,,,,
36167,藝術史研究所,,,,,
52879,藝術史研究所,,,,,
51990,天文物理研究所,,,,,
35053,天文物理研究所,,,,,
31286,天文物理研究所,,,,,
34056,大氣科學研究所,,,,,
20074,大氣科學研究所,,,,,
95053,大氣科學研究所,,,,,
22871,大氣科學研究所,,,,,
15555,大氣科學系 / 離岸風力發電學分學程 / 地球系統科學學程 / 大氣科學研究所,,,,,
95045,大氣科學研究所 / 大氣科學系,,,,,
31864,大氣科學研究所,,,,,
52190,大氣科學研究所,,,,,
48270,大氣科學系 / 大氣科學研究所,,,,,
95052,大氣科學研究所,,,,,
42250,大氣科學研究所,,,,,
17476,企業管理組,,,,,
49131,企業管理組,,,,,
38514,企業管理組,,,,,
20829,企業管理組,,,,,
41870,企業管理組,,,,,
38390,企業管理組,,,,,
15445,企業管理組 / 會計專業與永續職涯學分學程,,,,,
41611,,,,,,
24050,科技管理組,,,,,
25169,科技管理組,,,,,
16040,工商管理學系,,,,,
53098,永續化學科技國際研究生博士學位學程 / 生命科學院院學士學位 / 生化科學研究所,,,,,
20967,生化科學研究所,,,,,
26281,生化科學研究所,,,,,
10209,生化科學研究所,,,,,
11517,生化科學研究所,,,,,
30564,生化科學研究所,,,,,
57418,生化科學研究所,,,,,
26402,生化科學研究所,,,,,
32119,,,,,,
43516,生化科學研究所,,,,,
31808,生化科學研究所,,,,,
33361,生化科學研究所,,,,,
32609,生化科學研究所,,,,,
50297,生化科學研究所,,,,,
39206,生化科學研究所,,,,,
45946,生化科學研究所,,,,,
49699,生化科學研究所,,,,,
33616,生化科學研究所,,,,,
33035,生化科學研究所,,,,,
47785,生化科學研究所,,,,,
50128,生化科學研究所,,,,,
44893,生化科學研究所,,,,,
46499,生化科學研究所,,,,,
47453,生化科學研究所,,,,,
47467,生化科學研究所,,,,,
42885,生化科學研究所,,,,,
30987,生化科學研究所,,,,,
54831,生化科學研究所,,,,,
58105,生化科學研究所,,,,,
15610,生化科學研究所,,,,,
51488,生化科學研究所,,,,,
36898,生化科學研究所,,,,,
59380,生化科學研究所,,,,,
36889,生化科學研究所,,,,,
54377,生化科學研究所,,,,,
57872,生化科學研究所,,,,,
48004,生化科學研究所,,,,,
50494,生化科學研究所,,,,,
34828,生化科學研究所,,,,,
18671,生化科學研究所,,,,,
57261,生化科學研究所,,,,,
18391,生化科學研究所,,,,,
42447,生化科學研究所,,,,,
15059,生化科學研究所,,,,,
52213,生醫電子與資訊學研究所,,,,,
51048,生醫電子與資訊學研究所,,,,,
20025,生醫電子與資訊學研究所,,,,,
26013,生醫電子與資訊學研究所,,,,,
23390,,,,,,
27436,生醫電子與資訊學研究所,,,,,
43334,,,,,,
51023,生醫電子與資訊學研究所,,,,,
47670,,,,,,
27963,生醫電子與資訊學研究所,,,,,
25374,生醫電子與資訊學研究所,,,,,
51530,生醫電子與資訊學研究所,,,,,
21345,,,,,,
14491,生醫電子與資訊學研究所,,,,,
36142,生醫電子與資訊學研究所,,,,,
42767,生醫電子與資訊學研究所,,,,,
13646,生醫電子與資訊學研究所,,,,,
18304,,,,,,
41371,生醫電子與資訊學研究所,,,,,
37042,生醫電子與資訊學研究所,,,,,
30529,生醫電子與資訊學研究所,,,,,
45500,生醫電子與資訊學研究所,,,,,
19437,生醫電子與資訊學研究所,,,,,
23836,生醫電子與資訊學研究所,,,,,
23321,生醫電子與資訊學研究所,,,,,
48828,生醫電子與資訊學研究所,,,,,
25204,生醫電子與資訊學研究所,,,,,
16226,生醫電子與資訊學研究所,,,,,
43363,生醫電子與資訊學研究所,,,,,
58514,生醫電子與資訊學研究所,,,,,
41752,生醫電子與資訊學研究所,,,,,
11939,生醫電子與資訊學研究所,,,,,
24261,生醫電子與資訊學研究所,,,,,
18338,生醫電子與資訊學研究所,,,,,
37101,生醫電子與資訊學研究所,,,,,
45082,生醫電子與資訊學研究所,,,,,
32403,生醫電子與資訊學研究所,,,,,
42170,生醫電子與資訊學研究所,,,,,
50164,生物產業傳播暨發展學系,,,,,
53398,生物產業傳播暨發展學系,,,,,
55744,生物產業傳播暨發展學系,,,,,
39739,生物產業傳播暨發展學系,,,,,
50539,生物產業傳播暨發展學系,,,,,
14912,生物產業傳播暨發展學系,,,,,
23413,生物產業傳播暨發展學研究所,,,,,
41718,生物產業傳播暨發展學研究所,,,,,
52196,生物產業傳播暨發展學研究所,,,,,
41363,生物產業傳播暨發展學研究所,,,,,
54826,生物產業傳播暨發展學研究所,,,,,
27828,生物產業傳播暨發展學研究所,,,,,
31640,生物產業傳播暨發展學研究所,,,,,
25077,生物產業傳播暨發展學研究所,,,,,
12999,建築與城鄉研究所 / 生物產業傳播暨發展學研究所,,,,,
15884,生物產業傳播暨發展學研究所,,,,,
50234,生物產業傳播暨發展學研究所,,,,,
57672,生物產業傳播暨發展學研究所,,,,,
14122,生物產業傳播暨發展學研究所,,,,,
36253,生物產業傳播暨發展學研究所,,,,,
21652,生物產業傳播暨發展學研究所,,,,,
32165,生物化學暨分子生物學研究所,,,,,
57991,生物化學暨分子生物學研究所,,,,,
17952,生物科技研究所,,,,,
48637,生物科技研究所,,,,,
56729,生物科技研究所,,,,,
40482,生物科技研究所,,,,,
21760,生物科技研究所,,,,,
19159,生物科技研究所,,,,,
38124,生物科技研究所,,,,,
55499,生物科技研究所,,,,,
52013,生物科技研究所,,,,,
15152,生物科技研究所,,,,,
59129,生物科技研究所,,,,,
12082,生物科技研究所,,,,,
15802,生物科技研究所,,,,,
59135,生物科技研究所,,,,,
28234,生物科技研究所,,,,,
10597,生物科技研究所,,,,,
18190,生物科技研究所,,,,,
15574,生物科技研究所,,,,,
49495,生物科技研究所,,,,,
26470,生物科技研究所,,,,,
25315,生物科技研究所,,,,,
16794,生物科技研究所,,,,,
13827,生物科技研究所,,,,,
29049,生物科技研究所,,,,,
29979,生物科技研究所,,,,,
25871,生物科技研究所,The aim of this course is provide students a state of the art of the knowledge in early embryo development and pluripotent stem cells (i.e. embryonic stem cells and induced pluripotent stem cells) research and its applications. Students will be asked to present in particular topic they were assign.,Understand the early embryo development and modern reproductive biotechnologies,碩士班及博士班修習過生殖生理學、胚胎生物學、人數限制 3 人,,
10501,生物科技研究所,,,,,
33191,生物機電工程學系,,,,,
44959,生物機電工程學系,,,,,
55443,生物機電工程學系,,,,,
42769,生物機電工程學系,,,,,
50340,生物機電工程學系,,,,,
15263,生物機電工程學系,,,,,
45019,生物機電工程學系,,,,,
11710,生物機電工程學系,,,,,
19559,生物機電工程學系,,,,,
45544,生物機電工程學系,,,,,
48790,生物機電工程學系,,,,,
56585,生物機電工程學系,,,,,
43036,生物機電工程學系,,,,,
38903,生物機電工程學系,,,,,
17318,生物機電工程學系,,,,,
21309,生物機電工程學系,,,,,
95033,生物機電工程學研究所,,,,,
40395,生物機電工程學研究所,,,,,
23734,生物機電工程學研究所,,,,,
12517,生物機電工程學研究所,,,,,
51560,生物機電工程學研究所,,,,,
54706,生物機電工程學研究所,,,,,
34679,生物機電工程學研究所,,,,,
31253,生物機電工程學研究所,,,,,
14172,生物機電工程學研究所,,,,,
18739,生物機電工程學研究所,,,,,
51522,生物機電工程學研究所,,,,,
19389,生物機電工程學研究所,,,,,
10560,生物機電工程學研究所,,,,,
32510,生物機電工程學研究所,,,,,
53094,生物機電工程學研究所,,,,,
40115,生物機電工程學研究所,,,,,
29920,生物機電工程學研究所,,,,,
95031,生物機電工程學研究所,,,,,
95032,生物機電工程學研究所,,,,,
49028,生物機電工程學研究所,,,,,
52453,生物機電工程學研究所,,,,,
31587,生物機電工程學研究所,,,,,
19640,生物機電工程學研究所,,,,,
49043,生物機電工程學研究所,,,,,
47449,生物機電工程學研究所,,,,,
22011,生物機電工程學研究所,,,,,
18311,生物機電工程學研究所,,,,,
33027,生物機電工程學研究所,,,,,
37418,生物機電工程學研究所,,,,,
28460,生物機電工程學研究所,,,,,
17858,生物機電工程學研究所,,,,,
12248,生物機電工程學研究所,,,,,
17794,生物機電工程學研究所,,,,,
41726,建築與城鄉研究所 / 老人與長期照護學程,,,,,
16231,建築與城鄉研究所,,,,,
14265,建築與城鄉研究所,,,,,
34513,生物環境系統工程學系,,,,,
19493,生物環境系統工程學系,,,,,
11946,生物環境系統工程學系,,,,,
17856,生物環境系統工程學系,,,,,
34780,生物環境系統工程學系,,,,,
47581,,,,,,
51470,生物環境系統工程學系,,,,,
15154,生物環境系統工程學系,,,,,
27071,生物環境系統工程學系,,,,,
33252,生物環境系統工程學系,,,,,
20754,生物環境系統工程學系,,,,,
46397,生物環境系統工程學系,,,,,
41888,生物環境系統工程學系,,,,,
46270,生物環境系統工程學系 / 生物環境系統工程學研究所,,,,,
40584,生物環境系統工程學系 / 生物環境系統工程學研究所,,,,,
43939,生物環境系統工程學系 / 會計專業與永續職涯學分學程 / 環境社會治理學分學程 / 建築設計學分學程,,,,,
50535,生物環境系統工程學研究所 / 生物環境系統工程學系,,,,,
35484,生物環境系統工程學系 / 生物環境系統工程學研究所,,,,,
34697,生物環境系統工程學系 / 生物環境系統工程學研究所,,,,,
41859,生物環境系統工程學研究所,,,,,
43305,生物環境系統工程學研究所,,,,,
34893,生物環境系統工程學研究所,,,,,
31060,生物環境系統工程學研究所,,,,,
49905,生物環境系統工程學研究所,,,,,
54202,生物環境系統工程學研究所,,,,,
37912,生物環境系統工程學研究所,,,,,
42779,生物環境系統工程學研究所,,,,,
43887,生物環境系統工程學研究所,,,,,
14500,生物環境系統工程學研究所,,,,,
47919,生物環境系統工程學研究所,,,,,
53549,生物環境系統工程學研究所,,,,,
17186,生物環境系統工程學研究所,,,,,
19211,學士後護理學系,,,,,
45111,學士後護理學系,,,,,
41134,學士後護理學系,,,,,
24198,生化科技學系,,,,,
45296,生化科技學系,,,,,
47942,生化科技學系,,,,,
34275,生化科技學系,,,,,
59278,生化科技學系,,,,,
48157,生化科技學系,,,,,
20915,生化科技學系,,,,,
50891,生化科技學系,,,,,
24376,生化科技學系,,,,,
31747,生化科技學系,,,,,
23463,生化科技學系 / 生命科學院院學士學位,,,,,
46282,生化科技學系,,,,,
39075,生化科技學系,,,,,
11788,生化科技學系,,,,,
11863,生化科技學系,,,,,
42351,生化科技學系,,,,,
29859,生化科技學系,,,,,
12553,生化科技學系,,,,,
33806,生化科技學系,,,,,
17727,生化科技學系,,,,,
31039,,,,,,
46877,,,,,,
10620,,,,,,
16060,,,,,,
48497,,,,,,
45448,生化科技研究所,,,,,
40869,生化科技研究所,,,,,
50489,生化科技研究所,,,,,
34098,生化科技研究所,,,,,
22783,生化科技研究所,,,,,
39922,生化科技研究所,,,,,
42506,生化科技研究所,,,,,
34155,生化科技研究所,,,,,
46240,生化科技研究所,,,,,
56210,生化科技研究所,,,,,
39186,生化科技研究所,,,,,
20778,生化科技研究所,,,,,
12619,生化科技研究所,,,,,
46678,生化科技研究所,,,,,
52744,生化科技研究所,,,,,
50551,生化科技研究所,,,,,
47495,生化科技研究所,,,,,
95083,生化科技研究所,,,,,
54778,生化科技研究所,,,,,
39573,生化科技研究所,,,,,
25529,生化科技研究所,,,,,
38766,無授課對象,,,,,
14201,無授課對象,,,,,
17056,臨床牙醫學研究所,,,,,
45862,臨床牙醫學研究所,,,,,
52319,臨床牙醫學研究所,"422M1500
補綴用咬合器學（Articulators for dental prosthesis）
本課程之目的，在使補綴學組的研究生深入瞭解補綴用咬合器之功能、結構及使用適應情況。研究生於選擇指定之咬合器種類後，即作此咬合器之文獻搜尋，機械設計理念，使用步驟及限制等資料之回顧報告，然後選擇病人利用一種咬合器進行臨床應用之工作，並以幻燈片記錄使用過程，最後以完成之病例及補綴品說明如何使用該咬合器及有關之批判、檢討等之結論報告。本課程使用之咬合器為可調節式咬合器，如 Denar F5A，TMJ，及新型咬合器，如 Gnathomat，Condylator，Dentatus等。",,,,
55998,臨床牙醫學研究所,,,,,
56424,臨床牙醫學研究所,,,,,
30921,臨床牙醫學研究所,,,,,
17891,臨床牙醫學研究所,,,,,
33464,臨床牙醫學研究所,,,,,
26376,臨床牙醫學研究所,,,,,
33135,臨床牙醫學研究所,,,,,
45484,臨床牙醫學研究所,,,,,
38060,臨床牙醫學研究所,,,,,
38862,臨床牙醫學研究所,,,,,
22563,臨床牙醫學研究所,,,,,
55983,臨床牙醫學研究所,,,,,
59599,臨床牙醫學研究所,,,,,
50505,臨床牙醫學研究所,,,,,
30416,臨床牙醫學研究所,,,,,
15966,臨床牙醫學研究所,,,,,
49479,臨床牙醫學研究所,,,,,
95093,臨床牙醫學研究所,,,,,
25274,臨床牙醫學研究所,,,,,
15441,臨床牙醫學研究所,,,,,
57097,臨床牙醫學研究所,,,,,
37457,臨床牙醫學研究所,,,,,
36527,臨床牙醫學研究所,,,,,
18904,臨床牙醫學研究所,,,,,
22284,臨床牙醫學研究所,,,,,
16533,臨床牙醫學研究所,,,,,
13179,臨床牙醫學研究所,,,,,
38732,臨床牙醫學研究所,,,,,
13267,化學系,,,,,
30201,化學系,,,,,
50339,化學系,,,,,
19829,化學系,,,,,
41293,農業化學系 / 地質科學系,,,,,
27048,生化科技學系,,,,,
18450,化學系,,,,,
34535,化學系,,,,,
46660,化學系,,,,,
47861,化學系,,,,,
33527,化學系,,,,,
55738,化學系,,,,,
52785,化學系,,,,,
53530,化學系,,,,,
17955,化學系,,,,,
24659,化學系,,,,,
17988,化學系,,,,,
17356,化學系,,,,,
36519,化學系,,,,,
37184,化學系,,,,,
19409,化學系,,,,,
33485,化學系,,,,,
12051,化學系,,,,,
18042,化學系,,,,,
54228,化學系,,,,,
48973,化學系,,,,,
30120,化學系,,,,,
44140,化學工程學系,,,,,
43682,化學系,,,,,
55782,化學系,,,,,
23834,化學系,,,,,
59623,化學系,,,,,
16780,化學系,,,,,
11755,化學系,,,,,
42712,化學系,,,,,
59834,化學系,,,,,
47678,化學系,,,,,
31672,化學系,,,,,
36194,化學系,,,,,
54051,化學系,,,,,
55506,化學系,,,,,
54683,化學系,,,,,
26424,化學系,,,,,
27582,化學系,,,,,
48175,化學系,,,,,
20523,化學系,,,,,
39290,化學系,,,,,
28089,化學系,,,,,
23304,化學系,,,,,
53053,化學系,,,,,
16938,化學系,,,,,
45743,化學系,,,,,
22262,化學系,,,,,
23557,化學系,,,,,
58061,化學系,,,,,
20348,化學系,,,,,
47064,化學系,,,,,
47051,化學系,,,,,
55653,化學系,,,,,
33417,化學系 / 化學所化學生物學組 / 化學所化學組,,,,,
18753,化學所化學組,,,,,
33367,化學所化學組,,,,,
45587,化學所化學組,,,,,
30721,化學所化學組,,,,,
11867,化學所化學組,,,,,
47235,化學所化學組,,,,,
18270,化學所化學組,,,,,
12440,化學所化學組,,,,,
48098,化學所化學組,,,,,
26199,化學所化學組,,,,,
29311,化學所化學組,,,,,
42734,化學所化學組,,,,,
58635,化學所化學組,,,,,
19849,化學所化學組,,,,,
35957,化學所化學組,,,,,
13091,化學所化學組,,,,,
24212,化學所化學組,,,,,
37029,化學所化學組,,,,,
13753,化學所化學組,,,,,
54795,化學所化學組,,,,,
58911,化學所化學組,,,,,
49016,化學所化學組,,,,,
49806,化學所化學組,,,,,
45126,化學所化學組,,,,,
37339,化學所化學組,,,,,
55001,化學所化學組,,,,,
17218,化學所化學組,,,,,
49798,化學所化學組,,,,,
16545,化學所化學組,,,,,
55770,化學所化學組,,,,,
54682,化學所化學組,,,,,
23017,化學所化學組,,,,,
40757,化學所化學生物學組,,,,,
58701,化學所化學生物學組,,,,,
10975,化學所化學生物學組,,,,,
22315,化學所化學生物學組,,,,,
25399,化學所化學生物學組,,,,,
48944,化學所化學生物學組,,,,,
46542,化學所化學生物學組,,,,,
19995,化學所化學生物學組,,,,,
44988,化學所化學生物學組,,,,,
56657,化學所化學生物學組,,,,,
47583,化學所化學生物學組,,,,,
24819,化學所化學生物學組,,,,,
42629,化學所化學生物學組,,,,,
39981,化學所化學生物學組,,,,,
44853,化學所化學生物學組,,,,,
95012,化學所化學組,,,,,
40921,化學所化學組 / 化學所化學生物學組,,,,,
55532,化學所化學組 / 化學所化學生物學組,,,,,
57602,化學所化學組 / 化學所化學生物學組,,,,,
43885,化學所化學組 / 化學所化學生物學組,,,,,
15475,化學所化學組 / 化學所化學生物學組,,,,,
30429,化學所化學組 / 化學所化學生物學組,,,,,
20179,化學所化學組 / 化學所化學生物學組,,,,,
42678,化學所化學組 / 化學所化學生物學組,,,,,
40878,化學所化學組 / 化學所化學生物學組,,,,,
13860,化學所化學組 / 化學所化學生物學組,,,,,
13912,化學所化學組 / 化學所化學生物學組,,,,,
23871,化學所化學組 / 化學所化學生物學組,,,,,
17689,化學所化學組 / 化學所化學生物學組,,,,,
43094,化學所化學組 / 化學所化學生物學組,,,,,
33033,化學所化學組 / 化學所化學生物學組,,,,,
27933,化學所化學組 / 化學所化學生物學組,,,,,
28634,化學所化學組 / 化學所化學生物學組,,,,,
37844,化學所化學組 / 化學所化學生物學組,,,,,
47725,化學所化學組 / 化學所化學生物學組,,,,,
50857,化學所化學組 / 化學所化學生物學組,,,,,
42113,化學所化學組 / 化學所化學生物學組,,,,,
27950,化學所化學組 / 化學所化學生物學組,,,,,
14950,化學所化學組 / 化學所化學生物學組,,,,,
29622,化學所化學組 / 化學所化學生物學組,,,,,
40488,化學所化學組 / 化學所化學生物學組,,,,,
22558,化學所化學組 / 化學所化學生物學組,,,,,
38285,化學所化學組,,,,,
57623,化學所化學生物學組,"化學是一門除了知識上的學習外，更強調實際操作實驗、講習訓練的學科，故安排本系碩博士班學生修習「化學教學法與實習」課程，訓練學生複習大學部課程，學習實驗技能及基本理論，從協助指導大學生的過程中，培養個人表達專業知識及技能的能力。
本課程為因應同學的興趣以及實際課程安排情形，課程內容分為協助課務、實驗進行兩方面：
1.實驗：
本課程教材是以本系所編纂的實驗教材(包含普通化學實驗、有機化學實驗、分析化學實驗、物理化學實驗)為主，搭配本系專任助教及教學約用幹事們的說明指導，於學期開始前進行實驗課程的預作及助理助教說明會，講解安全注意事項與教學技巧。
修習本課程之碩博士生，將於學期中擔任實驗課程助理助教，將所學習得的知識技能作實際印證，包括協助指導實驗課程內容、協助準備實驗器材與藥品，使實驗過程可以順利進行。此外，每週規劃有每週進行助教會議，實際檢討當週實驗進行，並預習下週實驗，有效促進教學學習。
2.課程：
本課程指導教師即為課程授課老師，課程教材及教學方法部分由各開課老師擇選安排。會於開學前舉辦課務教學助理說明會，邀請本系資深助教與會，經驗分享。
修習本課程之碩博士生，將於學期中擔任課程教學助理，透過協助教師課程準備、習題講解、考卷批改等訓練，除複習大學所學專業知識外，更培養學生表達溝通的能力。

表現優異的同學，將獲頒學年度特優助理助教/優良助理助教獎項。

碩士生修習「化學教學法與實習」課程，畢業後10年內進入本所博士班就讀者，可依本系辦法申請抵免研究所「化學教學法與實習」課程。","1.	藉由本課程的訓練，使同學對於化學有更深的認識，透過指導大學部學生的過程，提升自我表達協調等能力。
2.	培育本校化學實驗/化學課程教學助理人才。","實驗：
1.	參與期初助理助教說明會。
2.	開學前參與實驗預作。
3.	參與每週助教會議。
課程：
1.	 參與期初課務助教說明會。
2.	 協助教師教學交辦事項。",,
10653,化學所化學組 / 化學所化學生物學組,,,,,
54212,化學所化學組 / 化學所化學生物學組,,,,,
53268,化學所化學組 / 化學所化學生物學組,,,,,
53908,化學所化學組,,,,,
47663,化學所化學組,,,,,
43422,化學所化學組,,,,,
34330,化學所化學組,,,,,
45796,化學所化學組,,,,,
22274,化學所化學組,,,,,
31784,化學所化學組,,,,,
47405,化學所化學組,,,,,
13964,化學所化學組,,,,,
27511,化學所化學組,,,,,
27625,化學所化學組,,,,,
57850,化學所化學組,,,,,
30411,化學所化學組,,,,,
54279,化學所化學組,,,,,
14194,化學所化學組,,,,,
49716,化學所化學組,,,,,
26781,化學所化學組,,,,,
21738,化學所化學組,,,,,
19169,化學所化學組,,,,,
21998,化學所化學組,,,,,
30121,化學所化學組,,,,,
42016,化學所化學組,,,,,
36561,化學所化學組,,,,,
19593,化學所化學生物學組,,,,,
29806,化學所化學生物學組,,,,,
17375,化學所化學生物學組,,,,,
54104,化學所化學生物學組,,,,,
24418,化學所化學生物學組,,,,,
11522,化學所化學生物學組,,,,,
41260,化學所化學生物學組,,,,,
32881,化學所化學生物學組,,,,,
31416,化學所化學生物學組,,,,,
40545,化學所化學組 / 化學所化學生物學組,,,,,
15584,化學所化學組 / 化學所化學生物學組,,,,,
56917,化學所化學組 / 化學所化學生物學組,,,,,
31597,化學所化學組 / 化學所化學生物學組,,,,,
27805,化學所化學組 / 化學所化學生物學組,,,,,
11744,化學所化學組 / 化學所化學生物學組,,,,,
35420,化學所化學組 / 化學所化學生物學組,,,,,
58976,化學所化學組 / 化學所化學生物學組,,,,,
27455,化學所化學組 / 化學所化學生物學組,,,,,
18356,化學所化學組 / 化學所化學生物學組,,,,,
38336,化學所化學組 / 化學所化學生物學組,,,,,
59427,化學所化學組 / 化學所化學生物學組,,,,,
41076,化學所化學組 / 化學所化學生物學組,,,,,
20602,化學所化學組 / 化學所化學生物學組,,,,,
34900,化學所化學組 / 化學所化學生物學組,,,,,
13762,化學所化學組 / 化學所化學生物學組,,,,,
35538,,,,,,
48999,化學所化學組,,,,,
41257,化學所化學組 / 化學所化學生物學組,,,,,
49186,化學工程學系,,,,,
32043,化學工程學系,,,,,
15137,化學工程學系,"- The Nature of Physical Chemistry
- The First Law of Thermodynamics
- The Second and Third Laws of Thermodynamics
- Chemical Equilibrium
- Phases and Solutions
- Phase Equilibria
- Solution of Electrolytes
- Electrochemical Cells
- Chemical Kinetics I. The Basic Ideas
- Chemical Kinetics II. Composite Mechanisms
- Surface Chemistry and Colloids","This course is designed to introduce students a range of fundamentals of Physical Chemistry including Laws of Thermodynamics, Phase Equilibrium, Chemical Equilibrium, Electrochemistry, Chemical kinetics, and Surface chemistry.",想加簽的同學，請先寄信給助教張任佑(r13524151@ntu.edu.tw)登記，並務必在第一天上課時來簽等候者名單。,"30%	

First Midterm Exam


30%	

Second Midterm Exam


30%	

Final Exam


10%	

Attendance

本校尚無訂定 A+ 比例上限。
本校採用等第制評定成績，學生成績評量辦法中的百分制分數區間與單科成績對照表僅供參考，授課教師可依等第定義調整分數區間。詳見 學習評量專區。",2 hours before/after class per week
23472,化學工程學系,,,,,
58554,化學工程學系,,,,,
56183,化學工程學系,,,,,
95055,化學工程學系,,,,,
24101,化學工程學系,,,,,
55996,化學工程學系,,,,,
12861,化學工程學系,,,,,
10515,化學工程學系,,,,,
44052,化學工程學系,,,,,
44609,化學工程學系,,,,,
58033,化學工程學系,,,,,
95056,化學工程學系,,,,,
21561,化學工程學系,,,,,
44234,化學工程學系,,,,,
34868,化學工程學系,,,,,
59438,化學工程學系,,,,,
44601,化學工程學系,,,,,
23118,化學工程學系,,,,,
44048,化學工程學系,,,,,
10825,化學工程學研究所,,,,,
10828,化學工程學研究所,,,,,
36120,化學工程學研究所,,,,,
39240,化學工程學研究所,,,,,
18779,化學工程學研究所,,,,,
43821,化學工程學研究所,,,,,
55902,化學工程學研究所,,,,,
51108,化學工程學研究所,,,,,
59338,化學工程學研究所,,,,,
26064,化學工程學研究所,,,,,
29659,化學工程學研究所,,,,,
54412,化學工程學研究所,,,,,
24990,化學工程學研究所,,,,,
37296,化學工程學研究所,,,,,
48235,化學工程學研究所,,,,,
41176,化學工程學研究所,,,,,
28626,化學工程學研究所,,,,,
52576,化學工程學研究所,,,,,
27873,化學工程學研究所,,,,,
30862,化學工程學研究所,,,,,
49480,化學工程學研究所,,,,,
46364,化學工程學研究所,,,,,
21321,化學工程學研究所,,,,,
41453,化學工程學研究所,,,,,
48759,化學工程學研究所,,,,,
26032,化學工程學研究所,,,,,
59015,化學工程學研究所,,,,,
43051,化學工程學研究所,,,,,
33146,化學工程學研究所,,,,,
50389,化學工程學研究所,,,,,
23656,化學工程學研究所,,,,,
10238,化學工程學研究所,,,,,
18519,化學工程學研究所,,,,,
16257,化學工程學研究所,,,,,
19639,化學工程學研究所,,,,,
50196,化學工程學研究所,,,,,
43106,化學工程學研究所,,,,,
21452,化學工程學研究所,,,,,
26423,化學工程學研究所,,,,,
43309,化學工程學研究所,,,,,
30493,化學工程學研究所,,,,,
48704,化學工程學研究所,,,,,
40023,化學工程學研究所,,,,,
17003,化學工程學研究所,,,,,
11757,化學工程學研究所,,,,,
56003,化學工程學研究所,,,,,
58109,化學工程學研究所,,,,,
31459,化學工程學研究所,,,,,
50054,化學工程學研究所,,,,,
28602,中國文學系 / 臺灣研究學程,,,,,
27802,中國文學系,,,,,
50049,中國文學系,,,,,
43220,中國文學研究所,,,,,
30685,中國文學研究所,,,,,
39866,中國文學研究所,,,,,
39271,中國文學研究所,,,,,
12195,中國文學研究所,,,,,
23787,中國文學研究所,,,,,
24661,中國文學研究所,,,,,
36731,中國文學研究所,,,,,
42047,中國文學研究所,,,,,
15887,中國文學研究所,,,,,
39517,中國文學研究所,,,,,
26860,中國文學研究所,,,,,
56590,中國文學研究所,,,,,
51039,中國文學研究所,,,,,
25829,中國文學研究所,,,,,
01008,無授課對象,本課程為「文學鑑賞與寫作」，屬於「古典文學」與「現代文學」的跨領域課程。若閱讀的過程是一趟華麗的冒險，這趟旅程中我們不斷在探索未知的星域，並留下深淺不一的足跡。文學可以是生活中的吉光片羽，也可以發作吶喊，更可能是綿遠傳過山丘的歌聲，直達每一顆跳動的心。本學期透過古典文學與現當代文學各種文類的主題式閱讀，帶領學生對於「古典文學的現代觀照」與「現代文學的古典觀照」能有進一步的認識，建構傳統與現代對話的模式。課堂進行的方式主要由教師講授與分組討論為主，並期待能啟迪學生的美感經驗，引領學生在學習中找到創作的動力。,"（一）藉由實作與討論，使學生能逐步掌握議論、說明、描寫、敘事或抒情等各種類型的寫作要點。
（二）訓練學生邏輯推理、議題分析的基本技能，熟悉轉化知識或日常經驗的論述和表逹能力。
（三）通過各種代表性文本的精讀、解析及詮釋，加強學生的人文思維與涵養。
（四）以議題為導向，充實文體知識，使學生熟習各類文篇之主題類型、篇章結構與修辭方法。

　　閱讀穿越生命，培養對居處的世界與文化的同理心，睜開關懷世界的眼光；書寫則穿越古今中外，貼近世界每一生命的律動。希望本課程能引領學生學習觀看的方式，培養鑑賞能力，並且善於運用書寫表達。","（一）準時上課，晚到請安靜找位置坐下，勿打擾其他同學的聽講。
（二）吃完早餐才有精神上課，若晚到又攜帶早餐來，請在不影響他人的情況下吃完，然後專心上課。
（三）手機請轉成靜音。
（四）本課程將自編講義，課堂無須使用筆電、平板，請同學於課前務必先預習，亦得參與分組報告。
（五）作業嚴禁抄襲（未註明使用AI者亦視為抄襲），並請按時繳交。
（六）盡量不缺課，若有萬不得已之情況，請上學校請假系統登錄或事先告知，並附上請假證明。
（七）開學第一週務必出席。","10%	

練習寫信


25%	

書寫自我


30%	

撰寫評論


35%	

課堂參與

出席與分組討論

本校尚無訂定 A+ 比例上限。
本校採用等第制評定成績，學生成績評量辦法中的百分制分數區間與單科成績對照表僅供參考，授課教師可依等第定義調整分數區間。詳見 學習評量專區。",
01039,無授課對象,"1.本課程的探討主題是「詮釋與記憶」，將以「《史記》與歷史敘事的筆法」為授課內容。主要探討：司馬遷的歷史書寫採用紀傳體裁呈現他所認識的歷史世界，這樣的呈現方式可能僅是歷史事實的客觀紀錄嗎？或者更可能的是司馬遷透過敘事的方法（包括：敘述主題的選擇、故事情節的編排、人物形象的塑造，以及某些筆法的細節等），其實已經將他對於歷史意義的理解與價值判斷的「一家之言」寓於其間？

2.本課程以《史記》篇章為主要閱讀材料，並輔以《戰國策》、《漢書》等史書的相關內容，經由比較《史記》與其他著作關於同一事件的不同敘事，探討歷史敘事的閱讀方法，以期認識歷史敘事的文類特色，並得以掌握歷史敘事的諸般筆法以及隱微旨趣。
◎閱讀篇目詳見","1.通過各種代表性文本的精讀、解析及詮釋，加強學生的人文思維與涵養。
2.訓練學生分析與思辨的基本能力，培養轉化知識或經驗的論述和表達能力。
3.藉由實作與討論，充實文類知識，使學生逐步掌握寫作要點。
4.經由主題寫作指導，培養人文學領域專題寫作的基礎能力。",1.本課程的上課方式兼採教師講授與討論，請依,"10%	

出席與課堂討論表現


30%	

主題寫作


30%	

期中考


30%	

期末考

本校尚無訂定 A+ 比例上限。
本校採用等第制評定成績，學生成績評量辦法中的百分制分數區間與單科成績對照表僅供參考，授課教師可依等第定義調整分數區間。詳見 學習評量專區。",4小時
01052,無授課對象,,,,,
45532,中國文學研究所,,,,,
17899,土木工程學系,,,,,
24126,土木工程學系,,,,,
48705,土木工程學系,,,,,
29941,土木工程學系,,,,,
37743,土木工程學系,,,,,
11584,土木工程學系,,,,,
31356,土木工程學系,,,,,
31023,土木工程學系,,,,,
56131,土木工程學系,,,,,
57471,土木工程學系,,,,,
27766,土木工程學系,,,,,
40001,土木工程學系,,,,,
58389,土木工程學系,,,,,
23031,土木工程學系,,,,,
22818,土木工程學系,,,,,
22069,土木工程學系,,,,,
44113,土木工程學系,,,,,
54441,土木工程學系,,,,,
20445,水利工程組,,,,,
31511,智慧工程科技全英語學士學位學程 / 營建工程與管理組,,,,,
39617,水利工程組,,,,,
38537,交通工程組,,,,,
33301,營建工程與管理組,,,,,
54965,測量及空間資訊組,To have a basic understanding of Digital Photogrammetry and its potential applications along with the integration trend with image processing and computer vision techniques.待補,"(1) Review of Photogrammetric Theories
(2) Introduction
(3) Fundamental of Digital Photogrammetry
(4) Applications of Digital Photogrammetry",,,
95018,營建工程與管理組,,,,,
42399,營建工程與管理組,,,,,
36457,營建工程與管理組 / 工學院院學士學位,,,,,
30326,結構工程組,,,,,
53193,土木工程學研究所,,,,,
21340,水利工程組,,,,,
13967,土木工程學研究所,,,,,
29656,土木工程學研究所,,,,,
26897,營建工程與管理組,,,,,
34923,大地工程組 / 測量及空間資訊組 / 營建工程與管理組 / 電腦輔助工程組 / 交通工程組 / 水利工程組 / 結構工程組,,,,,
43523,醫學檢驗暨生物技術學研究所,,,,,
41515,醫學檢驗暨生物技術學研究所,,,,,
18691,電信工程學研究所,,,,,
43951,電信工程學研究所,,,,,
15023,電信工程學研究所,,,,,
37510,電信工程學研究所,,,,,
52731,電信工程學研究所,,,,,
35725,電信工程學研究所,,,,,
48101,電信工程學研究所,,,,,
15159,電信工程學研究所,,,,,
59685,電信工程學研究所,,,,,
10709,電信工程學研究所,,,,,
36912,電信工程學研究所,,,,,
50349,電信工程學研究所,,,,,
11067,電信工程學研究所,,,,,
30988,電信工程學研究所,,,,,
23431,電信工程學研究所,,,,,
31713,電信工程學研究所,,,,,
54154,電信工程學研究所,,,,,
50553,電信工程學研究所,,,,,
35455,電信工程學研究所,,,,,
52674,電信工程學研究所,,,,,
11718,電信工程學研究所,,,,,
25839,電信工程學研究所,,,,,
40477,電信工程學研究所,,,,,
18067,電信工程學研究所,,,,,
14576,電信工程學研究所,,,,,
30565,電信工程學研究所,,,,,
55964,電信工程學研究所,,,,,
49747,電信工程學研究所,,,,,
12270,電信工程學研究所,,,,,
50778,電信工程學研究所,,,,,
45644,電信工程學研究所,,,,,
46883,電信工程學研究所,,,,,
16862,電信工程學研究所,,,,,
10006,電信工程學研究所,,,,,
28752,電信工程學研究所,,,,,
41364,電信工程學研究所,,,,,
31735,電信工程學研究所,,,,,
45527,電信工程學研究所,,,,,
37660,電信工程學研究所,,,,,
11142,電信工程學研究所,,,,,
53491,電信工程學研究所,,,,,
39676,電信工程學研究所,,,,,
53874,電信工程學研究所,,,,,
18466,電信工程學研究所,,,,,
56534,電信工程學研究所,,,,,
14857,電信工程學研究所,,,,,
33439,電信工程學研究所,,,,,
48887,電信工程學研究所,,,,,
15770,電信工程學研究所,,,,,
29824,電信工程學研究所,,,,,
50820,電信工程學研究所,,,,,
20528,電信工程學研究所,,,,,
12827,電信工程學研究所,,,,,
47479,電信工程學研究所,,,,,
55855,電信工程學研究所,,,,,
50742,電信工程學研究所,,,,,
41674,電信工程學研究所,,,,,
35488,電信工程學研究所,,,,,
46418,電信工程學研究所,,,,,
36319,電信工程學研究所,,,,,
27301,電信工程學研究所,,,,,
39960,電信工程學研究所,,,,,
46788,電信工程學研究所,,,,,
26808,電信工程學研究所,,,,,
56547,電信工程學研究所,,,,,
46352,電信工程學研究所,,,,,
18609,電信工程學研究所,,,,,
35535,電信工程學研究所,,,,,
44708,電信工程學研究所,,,,,
40316,電信工程學研究所,,,,,
23010,電信工程學研究所,,,,,
32676,電信工程學研究所,,,,,
54361,電信工程學研究所,,,,,
55525,電信工程學研究所,,,,,
12450,電信工程學研究所,,,,,
53747,電信工程學研究所,,,,,
24093,電信工程學研究所,,,,,
45496,電信工程學研究所,,,,,
42552,電信工程學研究所,,,,,
13478,資訊工程學系,,,,,
50308,資訊工程學系,,,,,
30379,資訊工程學系,,,,,
11238,資訊工程學系,,,,,
51157,資訊工程學系,,,,,
54322,資訊工程學系,,,,,
44727,資訊工程學系,,,,,
30025,資訊工程學系,,,,,
52450,資訊工程學系,,,,,
53158,資訊工程學系,,,,,
12636,資訊工程學系,,,,,
49496,資訊工程學系,,,,,
23418,資訊工程學系,,,,,
48085,資訊工程學系,,,,,
34709,,,,,,
52465,資訊工程學系,,,,,
14644,資訊工程學系,,,,,
43466,資訊工程學系,,,,,
59533,資訊工程學系,,,,,
14045,,,,,,
11619,資訊工程學系,,,,,
49435,資訊工程學系,,,,,
22487,資訊工程學系,,,,,
18676,資訊工程學系,,,,,
26913,資訊工程學系,,,,,
56622,資訊工程學系,,,,,
13422,資訊工程學系,,,,,
49006,資訊工程學系,,,,,
27756,資訊工程學系,,,,,
43747,資訊工程學系,,,,,
33781,資訊工程學系,,,,,
22572,資訊工程學系,,,,,
31332,資訊工程學系,,,,,
18966,資訊工程學系,,,,,
44025,資訊工程學系,,,,,
29078,資訊工程學系,,,,,
42030,資訊工程學系,,,,,
10542,資訊工程學系,,,,,
52310,資訊工程學系,,,,,
26990,資訊工程學系,,,,,
14436,資訊工程學系,,,,,
51247,資訊工程學系,,,,,
51457,資訊工程學系,,,,,
19785,資訊工程學系 / 智慧醫療學分學程 / 資訊網路與多媒體研究所 / 資訊工程學研究所,,,,,
35953,資訊工程學研究所,,,,,
56302,資訊工程學研究所,,,,,
12612,資訊工程學系 / 智慧醫療學分學程 / 資訊網路與多媒體研究所 / 資訊工程學研究所,,,,,
25796,資訊工程學系 / 資訊網路與多媒體研究所 / 資訊工程學研究所,,,,,
55860,資訊工程學研究所,,,,,
16197,資訊工程學研究所,,,,,
41930,資訊工程學研究所,,,,,
47119,資訊工程學研究所,,,,,
32405,資訊工程學研究所,,,,,
39788,資訊工程學研究所,,,,,
10420,資訊工程學研究所,,,,,
12497,資訊工程學研究所,,,,,
20548,,,,,,
25966,資訊工程學研究所,,,,,
14809,資訊工程學研究所,,,,,
52704,資訊工程學研究所,,,,,
34980,資訊工程學研究所,,,,,
21768,資訊工程學研究所,,,,,
15593,資訊工程學研究所,,,,,
39375,,,,,,
46590,資訊工程學研究所,,,,,
49357,資訊工程學研究所,,,,,
48642,資訊工程學研究所,,,,,
35717,資訊工程學研究所,,,,,
25835,資訊工程學研究所,,,,,
33908,資訊工程學研究所,,,,,
59787,資訊工程學研究所,,,,,
13356,資訊工程學研究所,,,,,
22534,資訊工程學研究所,,,,,
32551,資訊工程學研究所,,,,,
21877,資訊工程學研究所,,,,,
42644,資訊工程學研究所,,,,,
28797,資訊工程學研究所,,,,,
16236,資訊工程學研究所,,,,,
32001,資訊工程學研究所,,,,,
44919,資訊工程學研究所,,,,,
52123,資訊工程學研究所,,,,,
26364,資訊工程學研究所,,,,,
59546,資訊工程學研究所,,,,,
58761,資訊工程學研究所,,,,,
43127,資訊工程學研究所,,,,,
56218,資訊工程學研究所,,,,,
16632,資訊工程學研究所,,,,,
45348,資訊工程學研究所,,,,,
35223,資訊工程學研究所,,,,,
18380,資訊工程學研究所,,,,,
50900,資訊工程學研究所,,,,,
44933,資訊工程學研究所,,,,,
10223,資訊工程學研究所,,,,,
49289,資訊工程學研究所,,,,,
29420,資訊工程學研究所,,,,,
47723,資訊工程學研究所,,,,,
46593,資訊工程學研究所,,,,,
57344,資訊工程學研究所,,,,,
21931,資訊工程學研究所,,,,,
22355,資訊工程學研究所,,,,,
11051,資訊工程學研究所,,,,,
56105,資訊工程學研究所,,,,,
31362,資訊工程學研究所,,,,,
32297,資訊工程學研究所,,,,,
24030,資訊工程學研究所,,,,,
13153,資訊工程學研究所,,,,,
47934,資訊工程學研究所,,,,,
10957,資訊工程學研究所,,,,,
23587,資訊工程學研究所,,,,,
27423,資訊工程學研究所,,,,,
56551,資訊工程學研究所,,,,,
42962,資訊工程學研究所,,,,,
39435,資訊工程學研究所,,,,,
52121,資訊工程學研究所,,,,,
27328,資訊工程學研究所,,,,,
18754,資訊工程學研究所,,,,,
39742,資訊工程學研究所,,,,,
55303,資料科學碩士學位學程,,,,,
34616,資料科學碩士學位學程,,,,,
47970,資料科學碩士學位學程,,,,,
57949,資料科學碩士學位學程,,,,,
11462,資料科學碩士學位學程,,,,,
34573,資料科學碩士學位學程,,,,,
55551,資料科學碩士學位學程,,,,,
43607,資料科學碩士學位學程,,,,,
16479,資料科學碩士學位學程,,,,,
31576,資料科學碩士學位學程,,,,,
17978,資料科學碩士學位學程,,,,,
20655,資料科學碩士學位學程,,,,,
15334,資料科學碩士學位學程,,,,,
22449,資料科學碩士學位學程,,,,,
20394,資料科學碩士學位學程,,,,,
36859,資料科學碩士學位學程,,,,,
52525,資料科學碩士學位學程,,,,,
28496,資料科學碩士學位學程,,,,,
48801,資料科學碩士學位學程,,,,,
44288,資料科學碩士學位學程,,,,,
12212,資料科學碩士學位學程,,,,,
57566,醫學工程學系,,,,,
51860,醫學工程學系,,,,,
50221,醫學工程學系,,,,,
32438,醫學工程學系,,,,,
31417,醫學工程學系,,,,,
45359,醫學工程學系,,,,,
46062,醫學工程學系,,,,,
38483,醫學工程學系,,,,,
52823,醫學工程學系,,,,,
47921,,,,,,
52610,醫學工程學系,,,,,
42485,醫學工程學系,,,,,
47234,醫學工程學系,,,,,
31961,醫學工程學系 / 神經生物與認知科學學程 / 醫學工程學研究所,,,,,
55620,醫學工程學研究所,,,,,
44033,醫學工程學研究所,,,,,
12340,醫學工程學研究所,,,,,
38115,醫學工程學研究所,,,,,
36577,醫學工程學研究所,,,,,
43615,醫學工程學研究所,,,,,
53134,醫學工程學研究所,,,,,
11126,,,,,,
25853,醫學工程學研究所,,,,,
34548,醫學工程學研究所,,,,,
14421,醫學工程學研究所,,,,,
36180,醫學工程學研究所,,,,,
18147,醫學工程學研究所,,,,,
16740,醫學工程學研究所,,,,,
47768,醫學工程學研究所,,,,,
29720,醫學工程學研究所,,,,,
22673,醫學工程學研究所,,,,,
22479,醫學工程學研究所,,,,,
27696,醫學工程學研究所,,,,,
48718,醫學工程學研究所,,,,,
27207,醫學工程學研究所,,,,,
15522,醫學工程學研究所,,,,,
26480,醫學工程學研究所,,,,,
39526,醫學工程學研究所,,,,,
21593,醫學工程學研究所,,,,,
45309,牙醫學系,,,,,
46552,牙醫學系,,,,,
47940,全球衛生博士學位學程,,,,,
21630,全球衛生博士學位學程,,,,,
10602,元件材料與異質整合碩士學位學程,,,,,
56444,元件材料與異質整合碩士學位學程,,,,,
58193,元件材料與異質整合碩士學位學程,,,,,
43861,元件材料與異質整合碩士學位學程,,,,,
53184,元件材料與異質整合碩士學位學程,,,,,
56025,元件材料與異質整合碩士學位學程,,,,,
37447,元件材料與異質整合碩士學位學程,,,,,
52606,元件材料與異質整合碩士學位學程,,,,,
21699,元件材料與異質整合碩士學位學程,,,,,
51717,元件材料與異質整合碩士學位學程,,,,,
36476,元件材料與異質整合碩士學位學程,,,,,
55265,元件材料與異質整合碩士學位學程,,,,,
48632,元件材料與異質整合碩士學位學程,,,,,
34928,元件材料與異質整合碩士學位學程,,,,,
23332,元件材料與異質整合碩士學位學程,,,,,
30070,元件材料與異質整合碩士學位學程,,,,,
39204,元件材料與異質整合碩士學位學程,,,,,
39056,元件材料與異質整合碩士學位學程,,,,,
10513,元件材料與異質整合碩士學位學程,,,,,
45576,元件材料與異質整合博士學位學程,,,,,
38942,元件材料與異質整合博士學位學程,,,,,
10070,元件材料與異質整合博士學位學程,,,,,
11914,元件材料與異質整合博士學位學程,,,,,
53899,元件材料與異質整合博士學位學程,,,,,
34547,元件材料與異質整合博士學位學程,,,,,
49781,元件材料與異質整合博士學位學程,,,,,
42005,元件材料與異質整合博士學位學程,,,,,
27526,元件材料與異質整合博士學位學程,,,,,
23716,元件材料與異質整合博士學位學程,,,,,
51204,元件材料與異質整合博士學位學程,,,,,
12597,元件材料與異質整合博士學位學程,,,,,
57875,元件材料與異質整合博士學位學程,,,,,
30932,元件材料與異質整合博士學位學程,,,,,
57906,元件材料與異質整合博士學位學程,,,,,
48542,創新設計學院,,,,,
49565,經濟學系,,,,,
57182,經濟學系,,,,,
59108,經濟學系,,,,,
28784,經濟學系,,,,,
48130,經濟學系,,,,,
52353,經濟學系,,,,,
34200,經濟學系,,,,,
40294,經濟學系,,,,,
49482,經濟學系,,,,,
49348,,,,,,
33836,,,,,,
40331,,"總體經濟學(一、二) 課程大綱 (毛慶生)

本課程將從古典理論的角度探討總體經濟的波動與成長，主要目的在使學生掌握當代總體理論的基本架構、熟練經濟分析的思考模式，進而評估財政政策與貨幣政策的效果。課程的主要教科書有二：

	毛慶生：總體經濟學：古典新論(一), 2022
	Stephen Williamson: Macroeconomics, 2020.

課程的主要內容包括：

(1)	國民所得帳：實質產出及一般物價水準的衡量
(2)	景氣波動的定型特徵：美國及台灣
(3)	廠商的靜態選擇：勞動需求函數及商品供給函數
(4)	消費者的靜態選擇：消費需求函數及勞動供給函數
(5)	靜態模型的全面均衡：競爭均衡及柏拉圖最適狀態
(6)	靜態模型的均衡分析：需求面及供給面衝擊的均衡效果
(7)	靜態模型的政策分析：租稅政策及消費券的政策效果
(8)	消費及儲蓄的選擇：稟賦經濟下的費雪兩期模型
(9)	跨期稟賦經濟的應用分析：李嘉圖等值論及國民年金的福利效果
(10)	跨期消費及勞動的選擇：跨期消費函數及勞動供給函數
(11)	廠商的投資決策：投資需求函數
(12)	Ramsey模型：固定勞動供給下的動態均衡分析
(13)	實質循環模型：當代DGE模型的基本結構
(14)	實質循環模型的均衡分析：需求面及供給面衝擊的均衡效果
(15)	實質循環模型的政策分析：政府購買及扭曲性租稅的政策效果
(16)	Solow-Swan成長模型：新古典外生成長模型
(17)	內生成長模型：Malthus模型及AK模型
(18)	貨幣的供給及需求：基準貨幣需求函數
(19)	物價膨脹與貨幣政策：兼論公債管理與貨幣政策的關係
(20)	貨幣與景氣波動：新興古典模型與新興凱因斯模型的爭論",待補,,,
47492,經濟學系,,,,,
24828,經濟學系,,,,,
39194,經濟學系,,,,,
29334,經濟學系,,,,,
41229,經濟學系,,,,,
43464,經濟學系,,,,,
95062,經濟學系,,,,,
51215,經濟學系 / 經濟學研究所,,,,,
18943,經濟學系 / 經濟學研究所,,,,,
38273,經濟學系 / 經濟學研究所,,,,,
46183,經濟學系 / 經濟學研究所,,,,,
45405,經濟學系 / 經濟學研究所,,,,,
95027,經濟學研究所,,,,,
44132,經濟學研究所,,,,,
59895,經濟學研究所,,,,,
12267,經濟學系 / 經濟學研究所,,,,,
42409,經濟學研究所,,,,,
34750,經濟學研究所,,,,,
44047,經濟學研究所,,,,,
12216,經濟學研究所 / 國際企業學研究所,,,,,
28289,經濟學研究所 / 國際企業學研究所 / 財務金融學研究所,,,,,
26675,經濟學研究所 / 國際企業學研究所,,,,,
48336,經濟學研究所,,,,,
51900,中等學校教育學程,化學科教育實習是由學生申請，經師資培育中心安排實習學校，實習學生自每年八月一日至翌年一月底，各自到中學實習半年。教育實習內涵以教學實習及導師（班務）實習為主，行政實習及研習活動為輔。實習期間將配合參加師資培育中心安排之每月返校心得分享與研討會議，同時與實習指導教授座談討論實習相關事宜。由實習指導教授負責生活輔導及教學輔導，實習輔導學校安排實習輔導老師及教學、導師、行政、實習。實習指導教授並將配合學生在實習學校的時間和實習輔導老師協調安排到校觀摩實習情形。,"本課程之目標為讓本校完成修習教育學程之學生，藉由參加教育實習課程得以利用實習驗證學科、教育專業課程所學之理論；適應學校環境並發展教師所需之專業能力；探究發現教育問題，並以創新的方法解決問題。
培養學生核心能力：
A. 充實對教育理念與體制之認識
B. 培養課程、教學與評量之知能
C. 提升學生輔導與班級經營之能力
D. 具備任教學科專業之知能
E. 整合任教學科知識與教育理論之實踐能力
F. 增進多元創新與溝通領導之能力
G. 養成自省、敬業與關懷社會之態度",參加教育實習之學生應在實習學校指導安排下從事教學實習、導師實習、行政實習及研習活動，並應全程參與實習學校之各項教育活動。此外，參考師資培育中心教育實習手冊相關規定，定期繳交報到表、實習計畫書、實習工作報告表、實習檔案歷程。,,
43783,中等學校教育學程,"輔導師資培育中心學生赴國或高中進行教師實習,包含做為一位全職專任國或高中教師所須承擔的教學,導師,行政全面性業務.

與實習學校合作,輔導實習學生完成實習教師課程.","本課程之目標為讓本校完成修習教育學程之學生，藉由參加教育實習課程得以利用實習驗證學科、教育專業課程所學之理論；適應學校環境並發展教師所需之專業能力；探究發現教育問題，並以創新的方法解決問題。
培養學生核心能力：
1. 充實對教育理念與體制之認識
2. 培養課程、教學與評量之知能
3. 提升學生輔導與班級經營之能力
4. 具備任教學科專業之知能
5. 整合任教學科知識與教育理論之實踐能力
6. 增進多元創新與溝通領導之能力
7. 養成自省、敬業與關懷社會之態度",敬業樂群,,1
11206,電機工程學系,,,,,
20691,電機工程學系,The first course for Logic and Circuit Design,"Number Systems, Boolean Algebra, Application of Boolean Algebra, Karnaugh Maps, Multi-Level Gate Circuits, Combinational Circuit Design, Multiplexers/Decoders/PLDs, Latches/FFs, Registers/Counters, Analysis of Clocked Sequential Circuits, Derivation of State Graphs and Tables, Reduction of State Tables, Sequential Circuit Design","SCLD五班統一使用2025 Fall SCLD Signup Sheet 交電加簽表單 https://forms.gle/hwNL4doMtUhVJ2rD8 
Rule: - EE1 (限未選到課程學生) 、EE轉系生 (限未選到課程學生) > EE2 = EE3 = EE4 > 外系> 研究所 > (已選到課程學生) 
加選至各班人數上限
填寫截止時間 2025/09/06 23:59 - 結果公布 2025/09/08 23:59","6%	

Quiz 1


6%	

Quiz 2


6%	

Quiz 3


3%	

Lab 1


3%	

Lab 2


38%	

Midterm


38%	

Final

本校尚無訂定 A+ 比例上限。
本校採用等第制評定成績，學生成績評量辦法中的百分制分數區間與單科成績對照表僅供參考，授課教師可依等第定義調整分數區間。詳見 學習評量專區。",3～6 hours each week
14479,電機工程學系,,,,,
25262,電機工程學系,,,,,
12924,電機工程學系,,,,,
23744,電機工程學系,,,,,
10309,生醫電子與資訊學研究所,,,,,
58945,電機工程學系,,,,,
42735,電機工程學系,,,,,
51222,電機工程學系,,,,,
57934,電機工程學系,,,,,
23497,電機工程學系,,,,,
19743,電機工程學系,,,,,
28676,電機工程學系,,,,,
57937,電機工程學系,,,,,
41735,電機工程學系,,,,,
42529,電機工程學系,,,,,
41232,電機工程學系,,,,,
45024,電機工程學系,,,,,
14278,電機工程學系,,,,,
54952,電機工程學系,,,,,
27042,電機工程學系,,,,,
10848,電機工程學系,,,,,
24953,電機工程學系,,,,,
49132,電機工程學系,,,,,
18128,電機工程學系,,,,,
22044,電機工程學系,,,,,
28959,電機工程學系,,,,,
31046,電機工程學系,,,,,
31229,電機工程學系,,,,,
25958,電機工程學系,,,,,
17900,電機工程學系,,,,,
28982,電機工程學系,,,,,
25548,電機工程學系,,,,,
13764,電機工程學系,,,,,
47536,電機工程學系,,,,,
30821,電機工程學系,,,,,
39264,電機工程學系,,,,,
49475,電機工程學系 / 神經生物與認知科學學程,,,,,
46949,電機工程學系,,,,,
32194,電機工程學系,,,,,
30651,電機工程學系,,,,,
36618,電機工程學系,,,,,
58309,電機工程學系,,,,,
46477,電機工程學系,,,,,
47367,電機工程學系,,,,,
26752,電機工程學系,,,,,
45978,電機工程學系,,,,,
22152,電機工程學系,,,,,
11229,電機工程學系,,,,,
18138,電機工程學系,,,,,
34485,電機工程學系 / 神經生物與認知科學學程,,,,,
26729,電機工程學系,,,,,
29122,電機工程學系,,,,,
37106,電機工程學系,,,,,
17716,電機工程學系,,,,,
23657,電機工程學系,,,,,
41129,電機工程學系,,,,,
49628,電機工程學系,,,,,
57635,電機工程學研究所 / 積體電路設計與自動化碩士學位學程 / 積體電路設計與自動化博士學位學程 / 生醫電子與資訊學研究所 / 電子工程學研究所,,,,,
31041,電機工程學研究所,,,,,
16973,電機工程學研究所 / 智慧醫療學分學程 / 電信工程學研究所,,,,,
34999,電機工程學研究所,,,,,
37772,電機工程學研究所,,,,,
46876,電機工程學研究所,,,,,
57268,電機工程學研究所,,,,,
13196,電機工程學研究所,,,,,
42201,電機工程學研究所,,,,,
18934,電機工程學研究所,,,,,
42533,,,,,,
23344,電機工程學研究所,,,,,
23419,電機工程學研究所,,,,,
40269,電機工程學研究所,,,,,
32688,電機工程學研究所,,,,,
37290,電機工程學研究所,,,,,
13176,電機工程學研究所,,,,,
39123,電機工程學研究所,,,,,
41328,電機工程學研究所,,,,,
10785,電機工程學研究所,,,,,
32307,電機工程學研究所,,,,,
55440,電機工程學研究所,,,,,
31418,電機工程學研究所,,,,,
16785,電機工程學研究所,,,,,
11078,電機工程學研究所,,,,,
51171,電機工程學研究所,,,,,
34336,電機工程學研究所,,,,,
58962,電機工程學研究所,,,,,
48104,電機工程學研究所,,,,,
35263,電機工程學研究所,,,,,
15604,電機工程學研究所,,,,,
22800,電機工程學研究所,,,,,
29955,電機工程學研究所,,,,,
33660,電機工程學研究所,,,,,
23380,電機工程學研究所,,,,,
21078,電機工程學研究所,,,,,
22998,電機工程學研究所,,,,,
34388,電機工程學研究所,,,,,
18227,電機工程學研究所,,,,,
27285,電機工程學研究所,,,,,
10088,電機工程學研究所,,,,,
31994,電機工程學研究所,,,,,
20958,電機工程學研究所,,,,,
26133,電機工程學研究所,,,,,
58970,電機工程學研究所,,,,,
22833,電機工程學研究所,,,,,
28910,電機工程學研究所,,,,,
33993,電機工程學研究所,,,,,
21324,電機工程學研究所,,,,,
22699,電機工程學研究所,,,,,
26277,電機工程學研究所,,,,,
52654,電機工程學研究所,,,,,
34594,電機工程學研究所,,,,,
45783,電機工程學研究所,,,,,
52542,電機工程學研究所,,,,,
24922,電機工程學研究所,,,,,
30531,電機工程學研究所,,,,,
32785,電機工程學研究所,,,,,
15523,電機工程學研究所,,,,,
25107,電機工程學研究所,,,,,
31839,電機工程學研究所,,,,,
54664,生命科學院院學士學位 / 生態學與演化生物學研究所,,,,,
19182,生態學與演化生物學研究所 / 生命科學院院學士學位,,,,,
54470,生態學與演化生物學研究所,,,,,
41288,生態學與演化生物學研究所,,,,,
56497,生態學與演化生物學研究所,,,,,
34767,生態學與演化生物學研究所,,,,,
58440,生態學與演化生物學研究所,,,,,
30696,生態學與演化生物學研究所,,,,,
14607,生態學與演化生物學研究所,,,,,
18171,生態學與演化生物學研究所,,,,,
26367,生態學與演化生物學研究所,,,,,
30092,生態學與演化生物學研究所,,,,,
27406,生態學與演化生物學研究所,,,,,
25183,生態學與演化生物學研究所,,,,,
95025,生態學與演化生物學研究所,,,,,
55254,生態學與演化生物學研究所,,,,,
39065,生態學與演化生物學研究所,,,,,
26634,生態學與演化生物學研究所,,,,,
10566,生態學與演化生物學研究所,,,,,
37923,生態學與演化生物學研究所,,,,,
55931,生態學與演化生物學研究所,,,,,
48789,生態學與演化生物學研究所,,,,,
57035,生態學與演化生物學研究所,,,,,
47189,生態學與演化生物學研究所,,,,,
59987,生態學與演化生物學研究所,,,,,
37431,生態學與演化生物學研究所,,,,,
28711,生態學與演化生物學研究所,,,,,
52021,生態學與演化生物學研究所,,,,,
13343,生態學與演化生物學研究所,,,,,
21541,電機工程學研究所 / 積體電路設計與自動化碩士學位學程 / 量子計算與資訊學程 / 積體電路設計與自動化博士學位學程 / 電子工程學研究所,,,,,
28498,電機工程學研究所 / 電子工程學研究所,,,,,
20021,電子工程學研究所,,,,,
14854,電子工程學研究所,,,,,
25364,電子工程學研究所,,,,,
47412,電子工程學研究所,,,,,
11200,電子工程學研究所,,,,,
21333,電子工程學研究所,,,,,
49683,電子工程學研究所,,,,,
37598,電子工程學研究所,,,,,
13460,電子工程學研究所,,,,,
16280,電子工程學研究所,,,,,
31094,電子工程學研究所,,,,,
32832,電子工程學研究所,,,,,
18252,電子工程學研究所,,,,,
10107,電子工程學研究所,,,,,
54058,電子工程學研究所,,,,,
21857,電子工程學研究所,,,,,
56002,電子工程學研究所,,,,,
21864,電子工程學研究所,,,,,
31993,電子工程學研究所,,,,,
18693,電子工程學研究所,,,,,
32423,電子工程學研究所,,,,,
36567,電子工程學研究所,,,,,
21217,電子工程學研究所,,,,,
31908,電子工程學研究所,,,,,
45289,電子工程學研究所,,,,,
54974,電子工程學研究所,,,,,
26847,電子工程學研究所,,,,,
25143,電子工程學研究所,,,,,
23383,電子工程學研究所,,,,,
20060,電子工程學研究所,,,,,
42046,電子工程學研究所,,,,,
26184,電子工程學研究所,,,,,
56748,電子工程學研究所,,,,,
25420,電子工程學研究所,,,,,
25734,電子工程學研究所,,,,,
18086,電子工程學研究所,,,,,
25660,電子工程學研究所,,,,,
31427,電子工程學研究所,,,,,
39801,電子工程學研究所,,,,,
18742,電子工程學研究所,,,,,
56417,電子工程學研究所,,,,,
49195,電子工程學研究所,,,,,
53963,電子工程學研究所,,,,,
41753,電子工程學研究所,,,,,
42141,電子工程學研究所,,,,,
53434,電子工程學研究所,,,,,
42917,電子工程學研究所,,,,,
13184,電子工程學研究所,,,,,
53731,電子工程學研究所,,,,,
31660,電子工程學研究所,,,,,
26142,電子工程學研究所,,,,,
51547,電子工程學研究所,,,,,
31108,電子工程學研究所,,,,,
49382,電子工程學研究所,,,,,
33177,電子工程學研究所,,,,,
58020,電子工程學研究所,,,,,
55115,電子工程學研究所,,,,,
57798,電子工程學研究所,,,,,
56629,電子工程學研究所,,,,,
11404,電子工程學研究所,,,,,
47163,電子工程學研究所,,,,,
58917,創業創新管理碩士在職專班,,,,,
11699,昆蟲學系,,,,,
39614,昆蟲學系,,,,,
48967,昆蟲學系 / 神經生物與認知科學學程,,,,,
57219,昆蟲學系,,,,,
21440,昆蟲學系,,,,,
18709,昆蟲學系,,,,,
14703,昆蟲學系,,,,,
42403,昆蟲學系,,,,,
29975,昆蟲學系,,,,,
49458,昆蟲學系 / 昆蟲學研究所,,,,,
55633,昆蟲學系,"細胞是構成所有生命的基本單元，從1665年英國科學院的科學家虎克(Robert Hooke)首次以自製的顯微鏡，觀察取自已具次生組織樹株的木栓層薄片，看到許多蜂窩狀的小格子，將之命名為cellulae(小房間之意)，並成為日後生物學家命名細胞的字源，至今已逾三百多年，細胞學仍然方興未艾，並成為所有生命科學之基礎。所謂見微知著，瞭解基本生命單元--細胞之構造、功能，成為瞭解生命本質之基礎。
	因此，本門課程著重於提供學生瞭解-細胞之構造、功能、遺傳、及訊息傳遞調控之基礎，作為學生將來學習其他進階科目(細胞生物學、分子生物學)之磐石；此外，科學研究之發展，細胞學已應用於各領域當中，本課程最後將介紹細胞技術於各領域之研究與應用---包括基因工程、組織工程、細胞工程等領域之應用；期能使學生對細胞學，不論在基礎研究、或進階應用皆能有所瞭解。","瞭解各種細胞之基本構造及功能
瞭解細胞之分裂與遺傳基礎
瞭解細胞之訊息調控
瞭解細胞科學研究之應用",修課學生需具備基礎生物學之背景,"40%	

小考

本學期課程因為假日或運動會停課共有三週，為了避免耽誤",
16224,,,,,,
18792,昆蟲學研究所,,,,,
36902,昆蟲學研究所,,,,,
30649,土木工程學系 / 環境工程學研究所,,,,,
37227,環境工程學研究所,,,,,
47099,環境工程學研究所,,,,,
32800,環境工程學研究所,,,,,
34308,環境與職業健康科學研究所,,,,,
19195,環境與職業健康科學研究所,,,,,
17618,環境與職業健康科學研究所,,,,,
29691,環境與職業健康科學研究所,,,,,
52390,環境與職業健康科學研究所,,,,,
39345,環境與職業健康科學研究所,,,,,
50240,公共衛生學系 / 流行病學與預防醫學研究所,,,,,
52796,流預所流行病學組,,,,,
36158,流行病學與預防醫學研究所,,,,,
29558,流預所流行病學組,,,,,
17970,流預所流行病學組,,,,,
18281,流行病學與預防醫學研究所,,,,,
53387,地球系統科學國際研究生博士學位學程,,,,,
37229,地球系統科學國際研究生博士學位學程,,,,,
23999,地球系統科學國際研究生博士學位學程,,,,,
54586,地球系統科學國際研究生博士學位學程,,,,,
26292,地球系統科學國際研究生博士學位學程,,,,,
15148,工程科學及海洋工程學系,,,,,
31822,工程科學及海洋工程學系,,,,,
16254,工程科學及海洋工程學系,,,,,
36785,工程科學及海洋工程學系,,,,,
54820,工程科學及海洋工程學系,,,,,
13000,工程科學及海洋工程學系,,,,,
52620,工程科學及海洋工程學系,,,,,
26583,工程科學及海洋工程學系,,,,,
28066,工程科學及海洋工程學系,,,,,
41523,工程科學及海洋工程學系,,,,,
33402,工程科學及海洋工程學系,,,,,
37929,工程科學及海洋工程學系,,,,,
52664,工程科學及海洋工程學系,,,,,
53458,工程科學及海洋工程學系 / 工程科學及海洋工程學研究所,,,,,
26093,工程科學及海洋工程學系 / 工程科學及海洋工程學研究所,,,,,
21991,工程科學及海洋工程學研究所,,,,,
18386,工程科學及海洋工程學研究所,,,,,
47925,工程科學及海洋工程學研究所,,,,,
18935,工程科學及海洋工程學研究所,,,,,
28254,工程科學及海洋工程學研究所,,,,,
16078,工程科學及海洋工程學研究所,,,,,
15253,工程科學及海洋工程學研究所,,,,,
45228,工程科學及海洋工程學研究所,,,,,
30350,工程科學及海洋工程學研究所,,,,,
18616,工程科學及海洋工程學研究所,,,,,
23690,工程科學及海洋工程學研究所,,,,,
14180,工程科學及海洋工程學研究所,,,,,
47062,工程科學及海洋工程學研究所,,,,,
55746,工程科學及海洋工程學研究所,,,,,
54082,工程科學及海洋工程學研究所,,,,,
17467,工程科學及海洋工程學研究所,,,,,
28240,工程科學及海洋工程學研究所,,,,,
13966,工程科學及海洋工程學研究所,,,,,
31934,工程科學及海洋工程學研究所,,,,,
23261,工程科學及海洋工程學研究所,,,,,
53916,工程科學及海洋工程學研究所,,,,,
27833,工程科學及海洋工程學研究所,,,,,
59440,工程科學及海洋工程學研究所,,,,,
45163,工程科學及海洋工程學研究所,,,,,
56728,工程科學及海洋工程學研究所,,,,,
31824,工程科學及海洋工程學研究所,,,,,
24579,財務金融學系,,,,,
40876,財務金融學系,,,,,
36634,財務金融學系,,,,,
30506,財務金融學研究所,,,,,
52959,財務金融學研究所,,,,,
26648,財務金融學研究所,,,,,
40624,財務金融學研究所,,,,,
48499,財務金融學研究所,,,,,
17344,財務金融學研究所,,,,,
13306,財務金融學研究所,,,,,
46716,漁業科學研究所,,,,,
12052,漁業科學研究所,,,,,
54610,漁業科學研究所,,,,,
46901,漁業科學研究所,,,,,
48171,漁業科學研究所,,,,,
37810,漁業科學研究所,,,,,
40363,漁業科學研究所,,,,,
20752,漁業科學研究所,,,,,
34408,漁業科學研究所,,,,,
46404,漁業科學研究所,,,,,
34734,漁業科學研究所,,,,,
29301,漁業科學研究所,,,,,
46704,漁業科學研究所,,,,,
53472,外國語文學系,,,,,
20635,外國語文學系,,,,,
03023,醫學院,,,,"10%	

Attendance and participation


25%	

Quiz

Color (7%) / Action verbs (10%) / Number (8%)


15%	

Assignment


25%	

Mid-term


25%	

Final exam

本校尚無訂定 A+ 比例上限。
本校採用等第制評定成績，學生成績評量辦法中的百分制分數區間與單科成績對照表僅供參考，授課教師可依等第定義調整分數區間。詳見 學習評量專區。",
03007,文學院,"This EMI course covers four language skills: listening, speaking, reading, and writing. Authentic listening materials are employed to improve students’ communicative competence in real-life contexts. In an effort to enhance students’ fluency in spoken English, students will learn how to summarize discussions and how to effectively organize ideas and thoughts in the context of shared experience. With oral presentations and application activities, students are expected to better listening and speaking skills and gain confidence in using English. To develop their reading skills, they will read articles on a variety of topics and learn how texts are unfolded. Also imparted in this course is knowledge of grammar and rhetoric, which is essential to students’ capacity to revise and edit their own prose.",This course aims to prepare students for EMI courses in higher education. The goals of this course are to improve students’ holistic proficiency in English and to help students develop critical thinking as they engage in different English for Academic Purposes (EAP) genres.,see syllabus,,1 : 2
03040,工學院 / 法律學院 / 電機資訊學院,,,,,
47268,外國語文學系 / 文學院院學士學位,,,,,
36327,,,,,,
49064,,,,,,
12493,無授課對象,,,,,
52759,,,,,,
34610,,,"The aim of the course is to teach reading ancient Greek as quickly, thoroughly and enjoyably as possible, and to do so within the context of ancient Greek culture, without presupposing any knowledge at all of either the language or the culture. The passages that will be studied will be accompanied by narratives in English and illustrations drawn from ancient works of art, which will provide background information and deepen one`s understanding of some aspects of the history and culture of ancient Greece. Attention will also be paid to the influence of the Greek language to the vocabulary of English: so the takers of this course will also attain a better understanding of English, while their knowledge of English will be useful in learning Greek.

教材：
	M. Balme, G Lawall: Athenaze, Book I (Oxford University Press)
課程目標",,,
11717,外國語文學系,,,,,
12481,,,,,,
19341,,,,,,
59541,外國語文學系,,,,,
28426,外國語文學系,,,,,
39441,中英翻譯學程 / 外國語文學系,,,,,
28495,外國語文學系 / 中英翻譯學程,,,,,
46120,外國語文學系,,,,,
41069,西洋古典學學分學程 / 外國語文學系,,,,,
46165,中英翻譯學程 / 外國語文學系,,,,,
46932,外國語文學系,,,,,
12287,外國語文學系 / 文學院院學士學位,,,,,
57068,機械工程學研究所,,,,,
58329,機械工程學研究所,,,,,
56639,機械工程學研究所,,,,,
46180,機械工程學研究所,,,,,
22565,機械工程學研究所,,,,,
35982,機械工程學研究所,,,,,
54694,機械工程學研究所,,,,,
50564,機械工程學研究所,,,,,
53376,機械工程學研究所,,,,,
34585,機械工程學研究所,,,,,
10983,機械工程學研究所,,,,,
30400,機械工程學研究所,,,,,
17389,機械工程學研究所,,,,,
24917,機械工程學研究所,,,,,
38878,機械工程學研究所,,,,,
44220,機械工程學研究所,,,,,
17826,機械工程學研究所,,,,,
36542,機械工程學研究所,,,,,
46007,機械工程學研究所,,,,,
52940,機械工程學研究所,,,,,
32509,機械工程學研究所,,,,,
14701,機械工程學研究所,,,,,
41536,機械工程學研究所,,,,,
35521,機械工程學研究所,,,,,
34425,機械工程學研究所,,,,,
24662,機械工程學研究所,,,,,
51916,機械工程學研究所,,,,,
43843,機械工程學研究所,,,,,
31584,機械工程學研究所,,,,,
54868,機械工程學研究所,,,,,
46437,機械工程學研究所,,,,,
54085,機械工程學研究所,,,,,
31755,機械工程學研究所,,,,,
20442,機械工程學研究所,,,,,
25176,機械工程學研究所,,,,,
29067,機械工程學研究所,,,,,
59426,機械工程學研究所,,,,,
10643,機械工程學研究所,,,,,
51541,機械工程學研究所,,,,,
34176,機械工程學研究所,,,,,
11097,機械工程學研究所,,,,,
13676,機械工程學研究所,,,,,
54048,機械工程學研究所,,,,,
21498,機械工程學研究所,,,,,
44665,機械工程學研究所,,,,,
41093,機械工程學研究所,,,,,
29270,機械工程學研究所,,,,,
20937,機械工程學研究所,,,,,
10215,機械工程學研究所,,,,,
45189,機械工程學研究所,,,,,
24357,機械工程學研究所,,,,,
57449,機械工程學研究所,,,,,
34303,機械工程學研究所,,,,,
58589,機械工程學研究所,,,,,
20035,機械工程學研究所,,,,,
59281,機械工程學研究所,,,,,
17396,機械工程學研究所,,,,,
17630,機械工程學研究所,,,,,
35762,機械工程學研究所,,,,,
24177,機械工程學研究所,,,,,
31932,機械工程學研究所,,,,,
51323,機械工程學研究所,,,,,
56969,機械工程學研究所,,,,,
52726,機械工程學研究所,,,,,
33730,機械工程學研究所,,,,,
28872,醫學系,,,,,
40300,醫學系,,,,,
46291,醫學系,,,,,
38880,醫學系,,,,,
13879,醫學系,,,,,
25793,醫學系,,,,,
30740,醫學系,,,,,
35732,醫學系,,,,,
34369,醫學系,,,,,
29263,醫學系,,,,,
44457,醫學系,,,,,
21697,醫學系,,,,,
54923,醫學系,,,,,
38293,醫學系,,,,,
54603,醫學系,,,,,
58798,醫學系,,,,,
21812,醫學系,,,,,
42518,醫學系,,,,,
51102,醫學系,,,,,
35000,醫學系,,,,,
20208,全球衛生碩士學位學程,,,,,
18899,全球衛生碩士學位學程,,,,,
15559,全球衛生碩士學位學程,,,,,
57942,全球衛生碩士學位學程,,,,,
48269,企業管理組 / 科技管理組,,,,,
19926,微生物及免疫學組,,,,,
33897,微生物學研究所熱帶醫學暨寄生蟲學組,,,,,
37551,微生物學研究所熱帶醫學暨寄生蟲學組,,,,,
56254,微生物學研究所熱帶醫學暨寄生蟲學組,,,,,
55229,,,,,,
40236,微生物學研究所,,,,,
46909,微生物學研究所,,,,,
49488,微生物學研究所,,,,,
45848,微生物學研究所,,,,,
59389,微生物學研究所,,,,,
35971,分子醫學研究所,,,,,
58339,分子醫學研究所,,,,,
28524,分子醫學研究所,,,,,
13456,公共衛生碩士學位學程,,,,,
32528,公共衛生碩士學位學程,,,,,
23577,公共衛生碩士學位學程,,,,,
54787,公共衛生碩士學位學程,,,,,
10327,公共衛生碩士學位學程,,,,,
15425,公共衛生碩士學位學程,,,,,
21524,公共衛生碩士學位學程,,,,,
95035,公共衛生碩士學位學程,,,,,
95036,公共衛生碩士學位學程,,,,,
95077,公共衛生碩士學位學程,,,,,
95096,公共衛生碩士學位學程,,,,,
23468,公共衛生碩士學位學程,,,,,
20697,材料科學與工程學系,,,,,
25546,材料科學與工程學系,,,,,
18535,材料科學與工程學研究所,,,,,
38338,材料科學與工程學系,,,,,
11044,材料科學與工程學系,,,,,
40868,材料科學與工程學系,,,,,
58460,材料科學與工程學系,,,,,
50930,材料科學與工程學系,,,,,
29910,材料科學與工程學系,,,,,
27776,材料科學與工程學系,,,,,
43140,材料科學與工程學系,,,,,
35909,材料科學與工程學系,,,,,
33982,材料科學與工程學系,,,,,
46661,材料科學與工程學系,,,,,
18554,材料科學與工程學系,,,,,
39413,材料科學與工程學系,,,,,
45561,材料科學與工程學系,,,,,
54541,材料科學與工程學系,,,,,
35836,材料科學與工程學系,,,,,
40279,材料科學與工程學系,,,,,
15404,材料科學與工程學系,,,,,
37015,材料科學與工程學系,,,,,
51425,材料科學與工程學系,,,,,
22050,材料科學與工程學系,,,,,
54319,材料科學與工程學系,,,,,
41261,材料科學與工程學系,,,,,
46435,材料科學與工程學系,,,,,
34945,材料科學與工程學系,,,,,
33173,材料科學與工程學系 / 元件材料與異質整合碩士學位學程 / 元件材料與異質整合博士學位學程 / 材料科學與工程學研究所,,,,,
44200,材料科學與工程學系 / 材料科學與工程學研究所,,,,,
37897,材料科學與工程學研究所,,,,,
27700,材料科學與工程學研究所,,,,,
15681,材料科學與工程學研究所,,,,,
18814,材料科學與工程學研究所,,,,,
57785,材料科學與工程學研究所,,,,,
23000,材料科學與工程學研究所,,,,,
44899,材料科學與工程學研究所,,,,,
13774,材料科學與工程學研究所,,,,,
11267,材料科學與工程學研究所,,,,,
32654,材料科學與工程學研究所,,,,,
55474,材料科學與工程學研究所,,,,,
18081,材料科學與工程學研究所,,,,,
57187,材料科學與工程學研究所,,,,,
26324,材料科學與工程學研究所,,,,,
15001,材料科學與工程學研究所,,,,,
56911,材料科學與工程學研究所,,,,,
54531,材料科學與工程學研究所,,,,,
35137,材料科學與工程學研究所,,,,,
15804,材料科學與工程學研究所,,,,,
45893,材料科學與工程學研究所,,,,,
41977,材料科學與工程學研究所,,,,,
19104,材料科學與工程學研究所,,,,,
45831,材料科學與工程學研究所,,,,,
54207,材料科學與工程學研究所,,,,,
20393,材料科學與工程學研究所,,,,,
23781,材料科學與工程學研究所,,,,,
25700,材料科學與工程學研究所,,,,,
22893,材料科學與工程學研究所,,,,,
31214,材料科學與工程學研究所,,,,,
34266,材料科學與工程學研究所,,,,,
32903,材料科學與工程學研究所,,,,,
54108,材料科學與工程學研究所,,,,,
34581,材料科學與工程學研究所,,,,,
37713,材料科學與工程學研究所,,,,,
51956,材料科學與工程學研究所,,,,,
10154,材料科學與工程學研究所,,,,,
37735,材料科學與工程學研究所,,,,,
35084,材料科學與工程學研究所,,,,,
11224,材料科學與工程學研究所,,,,,
54472,植物醫學碩士學位學程,,,,,
24119,分子科學與技術國際研究生博士學位學程,,,,,
49395,分子科學與技術國際研究生博士學位學程,,,,,
11313,分子科學與技術國際研究生博士學位學程,,,,,
20011,分子科學與技術國際研究生博士學位學程,,,,,
95097,分子科學與技術國際研究生博士學位學程,,,,,
34044,音樂學研究所,,,,,
41246,音樂學研究所,,,,,
95040,國家理論科學研究中心,,,,,
95094,國家理論科學研究中心,,,,,
42307,奈米工程與科學碩士學位學程,,,,,
19439,奈米工程與科學碩士學位學程,,,,,
47187,奈米工程與科學碩士學位學程,,,,,
56144,奈米工程與科學碩士學位學程,,,,,
43054,奈米工程與科學碩士學位學程,,,,,
28403,奈米工程與科學碩士學位學程,,,,,
26026,奈米工程與科學碩士學位學程,,,,,
15498,奈米工程與科學碩士學位學程,,,,,
24396,奈米工程與科學碩士學位學程,,,,,
31442,奈米工程與科學碩士學位學程,,,,,
28048,奈米工程與科學碩士學位學程,,,,,
55661,奈米工程與科學碩士學位學程,,,,,
29879,奈米工程與科學碩士學位學程,,,,,
49697,奈米工程與科學碩士學位學程,,,,,
20724,奈米工程與科學碩士學位學程,,,,,
41587,奈米工程與科學碩士學位學程,,,,,
44664,奈米工程與科學碩士學位學程,,,,,
31337,奈米工程與科學碩士學位學程,,,,,
10449,奈米工程與科學碩士學位學程,,,,,
57306,奈米工程與科學博士學位學程,,,,,
24296,奈米工程與科學博士學位學程,,,,,
20158,奈米工程與科學博士學位學程,,,,,
28757,奈米工程與科學博士學位學程,,,,,
29508,奈米工程與科學博士學位學程,,,,,
48646,奈米工程與科學博士學位學程,,,,,
32390,奈米工程與科學博士學位學程,,,,,
29583,奈米工程與科學博士學位學程,,,,,
21965,奈米工程與科學博士學位學程,,,,,
52207,奈米工程與科學博士學位學程,,,,,
54886,奈米工程與科學博士學位學程,,,,,
35271,奈米工程與科學博士學位學程,,,,,
51798,資訊網路與多媒體研究所,,,,,
43138,資訊網路與多媒體研究所,,,,,
25217,資訊網路與多媒體研究所,,,,,
56175,資訊網路與多媒體研究所,,,,,
33283,資訊網路與多媒體研究所,,,,,
51830,資訊網路與多媒體研究所,,,,,
13623,資訊網路與多媒體研究所,,,,,
45148,資訊網路與多媒體研究所,,,,,
27748,資訊網路與多媒體研究所,,,,,
45374,資訊網路與多媒體研究所,,,,,
54031,資訊網路與多媒體研究所,,,,,
29099,資訊網路與多媒體研究所,,,,,
49582,資訊網路與多媒體研究所,,,,,
32921,資訊網路與多媒體研究所,,,,,
50555,資訊網路與多媒體研究所,,,,,
15810,資訊網路與多媒體研究所,,,,,
11254,資訊網路與多媒體研究所,,,,,
34188,資訊網路與多媒體研究所,,,,,
17285,資訊網路與多媒體研究所,,,,,
41113,資訊網路與多媒體研究所,,,,,
55148,資訊網路與多媒體研究所,,,,,
37133,資訊網路與多媒體研究所,,,,,
36113,資訊網路與多媒體研究所,,,,,
11507,資訊網路與多媒體研究所,,,,,
36717,資訊網路與多媒體研究所,,,,,
55660,資訊網路與多媒體研究所,,,,,
31081,資訊網路與多媒體研究所,,,,,
17717,資訊網路與多媒體研究所,,,,,
56836,資訊網路與多媒體研究所,,,,,
48925,資訊網路與多媒體研究所,,,,,
26145,資訊網路與多媒體研究所,,,,,
12978,資訊網路與多媒體研究所,,,,,
52724,資訊網路與多媒體研究所,,,,,
54337,資訊網路與多媒體研究所,,,,,
57326,資訊網路與多媒體研究所,,,,,
41756,資訊網路與多媒體研究所,,,,,
12630,資訊網路與多媒體研究所,,,,,
28907,資訊網路與多媒體研究所,,,,,
22098,資訊網路與多媒體研究所,,,,,
38663,資訊網路與多媒體研究所,,,,,
18205,資訊網路與多媒體研究所,,,,,
40798,資訊網路與多媒體研究所,,,,,
20365,資訊網路與多媒體研究所,,,,,
42059,資訊網路與多媒體研究所,,,,,
45817,資訊網路與多媒體研究所,,,,,
50542,資訊網路與多媒體研究所,,,,,
19661,資訊網路與多媒體研究所,,,,,
12666,資訊網路與多媒體研究所,,,,,
24647,資訊網路與多媒體研究所,,,,,
19375,資訊網路與多媒體研究所,,,,,
20532,資訊網路與多媒體研究所,,,,,
51936,資訊網路與多媒體研究所,,,,,
22035,資訊網路與多媒體研究所,,,,,
25390,資訊網路與多媒體研究所,,,,,
10645,,,,,,
27618,,,,,,
15308,,,,,,
27888,國家發展研究所,,,,,
30089,國家發展研究所 / 臺灣研究學程,,,,,
50967,國家發展研究所,,,,,
11818,,,,,,
29860,國家發展研究所,,,,,
21690,國家發展研究所 / 東亞研究學分學程,,,,,
59688,國家發展研究所,,,,,
36554,國家發展研究所,,,,,
23196,護理學系,"實習：
Practice:
本課程之目的在協助學生獲得社區衛生護理實務經驗，使學生能夠：
The purpose of this course is to assist students in gaining practical experience in community health nursing so that they can
1.由實務中瞭解社區衛生護理人員在初級、次級及三級預防中的角色及功能
1. Learn about the roles and functions of community health nurses in primary, secondary and tertiary prevention in practice
2.瞭解家庭及社區生活中與健康促進、健康維持及復健相關的健康及社會因素
2. Understand the health and social factors associated with health promotion, health maintenance and recovery in family and community life
3.發展對社區中個人、家庭、及群體健康狀況的評估能力，及規劃、執行護理措施以滿足其健康需要的能力。
3. Develop the capacity to assess the health status of individuals, families, and groups in the community and to plan and implement care to meet their health needs.
4.在衛生團隊中能有效發揮團隊成員的功能
4. Function effectively as a team member in the health team
5.瞭解持續照護(continuing care)的觀念
5. Understand the concept of continuing care
6.進一步發展溝通技巧
6. Further develop communication skills
7.在個人及專業能力上繼續成長
7. Continue to grow personally and professionally","實習：
Practice:
社區衛生護理實習活動包括：1.家庭訪視2.讀書報告3.團體衛教4.家庭護理報告5.社區評估
Community health nursing practicum activities include: 1. Home visit 2. Book reading report 3. Group health education 4. Home care report 5. Community assessment","1.家庭個案管理 15% 2.家庭護理(口頭)報告10% 3.團體衛教15% 4.社區評估45% 5.學習態度及責任感15%
1. Family case management 15% 2. Home care (oral) reports 10% 3. Group health education 15% 4. Community assessment 45% 5. Learning attitudes and responsibilities 15%",,
16795,護理學研究所,,,,,
36026,護理學研究所 / 台灣大學遠距教學課程,,,,,
48534,護理學研究所,,,,,
36711,護理學研究所,,,,,
42691,護理學研究所,,,,,
13904,護理學研究所,,,,,
48402,護理學研究所,,,,,
40511,護理學研究所,,,,,
55472,護理學研究所,,,,,
95091,護理學研究所,,,,,
15063,護理學研究所,,,,,
35954,護理學研究所,,,,,
95092,護理學研究所,,,,,
95048,護理學研究所,,,,,
48993,護理學研究所,,,,,
42627,,,,,,
36477,,,,,,
16354,海洋化學組 / 海洋科學學程 / 理學院院學士學位,,,,,
11893,海洋物理組,,,,,
32328,海洋地質及地球物理,,,,,
58421,海洋地質及地球物理,,,,,
36841,海洋生物及漁業組 / 地球系統科學學程 / 漁業科學研究所,,,,,
17800,海洋物理組,,,,,
26381,海洋生物及漁業組 / 漁業科學研究所,,,,,
59306,海洋地質及地球物理,,,,,
18225,海洋地質及地球物理,,,,,
24719,海洋化學組,,,,,
42395,海洋化學組,,,,,
21164,海洋物理組 / 海洋化學組 / 海洋地質及地球物理 / 海洋生物及漁業組,,,,,
24387,海洋研究所,,,,,
41957,海洋研究所,,,,,
55360,海洋研究所,,,,,
57994,電機工程學研究所 / 光電工程學研究所,,,,,
26509,光電工程學研究所,,,,,
38259,光電工程學研究所,,,,,
32756,光電工程學研究所,,,,,
39528,光電工程學研究所,,,,,
20346,光電工程學研究所,,,,,
17683,光電工程學研究所,,,,,
36656,光電工程學研究所,,,,,
41017,光電工程學研究所,,,,,
30995,光電工程學研究所,,,,,
14785,光電工程學研究所,,,,,
35659,光電工程學研究所,,,,,
46239,光電工程學研究所,,,,,
29147,光電工程學研究所,,,,,
16348,光電工程學研究所,,,,,
22443,光電工程學研究所,,,,,
18375,光電工程學研究所,,,,,
38963,光電工程學研究所,,,,,
26594,光電工程學研究所,,,,,
39000,光電工程學研究所,,,,,
32141,光電工程學研究所,,,,,
32220,光電工程學研究所,,,,,
10682,光電工程學研究所,,,,,
23026,光電工程學研究所,,,,,
53287,光電工程學研究所,,,,,
58154,光電工程學研究所,,,,,
44558,光電工程學研究所,,,,,
33923,光電工程學研究所,,,,,
16488,光電工程學研究所,,,,,
31604,光電工程學研究所,,,,,
52567,光電工程學研究所,,,,,
14204,光電工程學研究所,,,,,
37629,光電工程學研究所,,,,,
29201,光電工程學研究所,,,,,
24015,光電工程學研究所,,,,,
22010,光電工程學研究所,,,,,
23941,光電工程學研究所,,,,,
18993,光電工程學研究所,,,,,
39754,光電工程學研究所,,,,,
12797,光電工程學研究所,,,,,
29432,光電工程學研究所,,,,,
54036,光電工程學研究所,,,,,
41426,光電工程學研究所,,,,,
37464,光電工程學研究所,,,,,
49593,光電工程學研究所,,,,,
20248,光電工程學研究所,,,,,
33461,光電工程學研究所,,,,,
31213,光電工程學研究所,,,,,
33808,光電工程學研究所,,,,,
10351,光電工程學研究所,,,,,
57296,光電工程學研究所,,,,,
42202,光電工程學研究所,,,,,
51101,光電工程學研究所,,,,,
29712,光電工程學研究所,,,,,
30916,光電工程學研究所,,,,,
25129,光電工程學研究所,,,,,
58218,光電工程學研究所,,,,,
15955,光電工程學研究所,,,,,
14643,光電工程學研究所,,,,,
12565,光電工程學研究所,,,,,
27116,光電工程學研究所,,,,,
27463,光電工程學研究所,,,,,
18829,光電工程學研究所,,,,,
37840,光電工程學研究所,,,,,
25181,光電工程學研究所,,,,,
43397,光電工程學研究所,,,,,
50201,光電工程學研究所,,,,,
17665,光電工程學研究所,,,,,
31329,光電工程學研究所,,,,,
30656,口腔生物科學研究所,,,,,
35195,口腔生物科學研究所,,,,,
14390,口腔生物科學研究所,,,,,
52430,口腔生物科學研究所,,,,,
26061,口腔生物科學研究所,,,,,
52695,口腔生物科學研究所,,,,,
27683,口腔生物科學研究所,,,,,
34861,職能治療學系,,,,,
41792,職能治療學系,,,,,
30490,職能治療學系,,,,,
22936,職能治療學系,,,,,
57743,職能治療學系,,,,,
27458,職能治療學系,,,,,
40039,職能治療學系,,,,,
38905,職能治療學系,,,,,
34964,職能治療學系,本課程旨在探討職能治療研究常用之研究設計與其優劣分析，以提供學生參與學術研究所需之基礎知識/技能。本課程亦提供課堂練習，以加強學生實務應用之基礎能力。,"1. 瞭解職能治療相關研究常用之研究設計
2. 瞭解各研究設計之目的、優劣與可行性
3. 能解讀各類型職能治療研究之結果
4. 具備依據研究目的，挑選/設計適當研究設計方法之基礎能力",,"30%	

課程心得

個人作業，不超過雙面A4，內容需與當週課程主題相關，於下次授課前繳交，每份5分，拿滿為止。


20%	

課程練習與報告

1.	個人或團體，視修課人數決定。於4種文獻中挑選2種進行報告，報告時間不超過20分鐘，附帶30分鐘討論時間。


25%	

期末口頭報告

團體，組別自定。選定一種研究類型，實際完成研究設計、資料收集、資料分析與結果解讀後，與眾人分享。


25%	

期末書面報告

將前述內容彙整為書面報告，以不超過10頁A4為原則，於報告後1週內繳交。

本校尚無訂定 A+ 比例上限。
本校採用等第制評定成績，學生成績評量辦法中的百分制分數區間與單科成績對照表僅供參考，授課教師可依等第定義調整分數區間。詳見 學習評量專區。",
49039,職能治療學系,,,,,
55754,職能治療學系,,,,,
51037,職能治療學系,,,,,
58603,職能治療學系,,,,,
55322,職能治療學系,,,,,
21042,職能治療學系,,,,,
58426,職能治療學研究所,,,,,
58062,職能治療學研究所,,,,,
33371,職能治療學研究所,,,,,
23193,職能治療學研究所,,,,,
46172,職能治療學研究所,,,,,
30084,職能治療學研究所,,,,,
27867,職能治療學研究所,,,,,
17125,職能治療學研究所,,,,,
14598,職能治療學研究所,,,,,
48694,職能治療學研究所,,,,,
36146,職能治療學研究所,,,,,
58582,職能治療學研究所,,,,,
15074,職能治療學研究所,,,,,
36911,職能治療學研究所,,,,,
19874,職能治療學研究所,,,,,
33596,病理學研究所,,,,,
44962,病理學研究所,,,,,
12508,病理學研究所,,,,,
42950,病理學研究所,,,,,
16889,病理學研究所,,,,,
97031,體育室,,,,,
97032,體育室,,,,,
97033,體育室,,,,,
97034,體育室,,,,,
97037,體育室,"1.認識體適能。
2.培養運動興趣，建立運動習慣。
3.檢視自我身心狀態。
4.學習體育相關知識。","1.鍛練體魄，促進身心靈發展。
2.提高身體適應外在環境能力。
3.實踐運動家精神。
4.提升校內運動風氣。","1.請準時到指定上課集合場地。
2.請穿著運動服裝，另可自備個人筆記、飲用水、毛巾、防曬裝備以及替換衣物。
3.若上課當日身體狀況不佳者，請務必隨時向老師告知，千萬不可逞強進行運動。
4.嚴禁使用手機
※課程內容得視學生學習狀況彈性調整","40%	

學習精神

出席率及學習態度（以請假系統為準）；曠課1次-6分，事假-4分，病假-2分，遲到-1分


40%	

技能展現

基本體適能測驗(35%)；體能檢測(5%)


10%	

參與體育

校內外(際)體育活動之參與率


10%	

書面報告

學期作業、參與體育活動證明及記錄

本校尚無訂定 A+ 比例上限。
本校採用等第制評定成績，學生成績評量辦法中的百分制分數區間與單科成績對照表僅供參考，授課教師可依等第定義調整分數區間。詳見 學習評量專區。",
97053,體育室,,,,,
97067,體育室,,,,,
97068,體育室,,,,,
97085,體育室,,,,,
97104,體育室,,,,,
97141,體育室,,,,,
97151,體育室,,,,,
97153,體育室,,,,,
97154,體育室,,,,,
97161,體育室,待補透過本學期課程希望同學能夠認識目前國內棒球運動發展情形以及對於棒球知識、觀念和規則有更進一步的瞭解。同時，也能夠學習會棒球的基本技術、自己擁有欣賞正式棒球比賽的能力，並親身感受棒球運動的樂趣。更重要的是，棒球運動會提升自我的肌力及協調能力等，是一種非常適合健身的休閒活動。,"1.棒球基本禮儀及規則的認識
2.學習基本動作，使學生有正確動作觀念，預防運動傷害
3.學習各種基本技術與概念
4.學習正確比賽規則
5.培養團隊精神及規律運動習慣","1.請準時到上課集合場地。
2.上課時請穿著運動服裝及運動鞋，另可自備筆記、飲水、毛巾、遮陽帽以及替換衣物。
3.踴躍參與體育活動。
4.若上課當日身體狀況不佳者，請務必於隨時告知老師，不要免強運動。
※課程內容及考試項目得視學生學習狀況彈性調整","50%	

技術測驗

打擊測驗


10%	

作業

心得報告


40%	

出席率

出席率及學習態度(至請假系統請假；除了病假與臨時急事外，須提前請假)
(1)曠課：1次總分6分；曠課3次成績不及格
(2)事假：1次總分4分；(3)病假：1次總分2分
※累計4次降一等第；5次降二等第；6次F等第
(4)遲到、服裝：1次扣總分2分

本校尚無訂定 A+ 比例上限。
本校採用等第制評定成績，學生成績評量辦法中的百分制分數區間與單科成績對照表僅供參考，授課教師可依等第定義調整分數區間。詳見 學習評量專區。",
97162,體育室,,,,,
97163,體育室,,,,,
97164,體育室,,,,,
97166,體育室,,,,,
97171,體育室,,,,,
97175,體育室,,,,,
97180,體育室,,,,,
97181,體育室,,,,,
97182,體育室,,,,,
97183,體育室,,,,,
97186,體育室,,,,,
97192,體育室,,,,,
97213,體育室,,,,,
49622,,本課程主要涵蓋: (1) 微生物基本生理與對食品安全的影響 (2) 食品中微生物的控制與檢測 (3) 食品加工過程中透過微生物監測、各別物種基因改造與製程改良等方式減少有害物質的產生，便利生活與促進安全與健康 (4) 食品中化學物質的來源與毒性 (5) 新興食品安全議題,修課學生可習得食品從原料取得、加工與儲存期間，所衍生之食品安全問題其可能形成的原因與預防方式，並了解人與環境所扮演的重要角色。學生除了能初步獲得食品安全相關之學理知識外，亦能培養在面臨生活中食品安全議題時，更全面的判斷與思辨能力。,待補,"34%	

魏嘉徵

三位老師成績各佔總成績1/3


33%	

王如邦

三位老師成績各佔總成績1/3


33%	

陳玟伶

三位老師成績各佔總成績1/3

本校尚無訂定 A+ 比例上限。
本校採用等第制評定成績，學生成績評量辦法中的百分制分數區間與單科成績對照表僅供參考，授課教師可依等第定義調整分數區間。詳見 學習評量專區。","課前1小時
課後1小時"
47483,公共衛生學系,,,,,
45995,公共衛生學系,,,,,
28683,公共衛生學系,,,,,
16368,公共衛生學系,,,,,
47120,公共衛生學系,,,,,
33509,公共衛生學系,,,,,
46498,公共衛生學系,,,,,
30504,公共衛生學系,,,,,
21618,藥學系,,,,,
39248,藥學系,,,,,
24457,藥學系,,,,,
53432,藥學系,,,,,
54872,藥學系,,,,,
10948,藥學系,,,,,
12953,藥學系,,,,,
46323,藥學系,,,,,
20800,,"本課程講述藥物分析重要的技術，包括萃取法，滴定法，High performance liquid chromatography, gas chromatography, capillary electrophoresis...另外對於評估分析效能的分析方法確效也將完整講述。",了解藥物分析目的，熟悉藥物分析從樣品萃取到儀器分析有哪些重要技術，該如何依照藥品性質選擇適當分析方法與分析條件，並能執行分析方法確效以確保分析方法的效能。,"1. 學生需要先修習分析化學，才能有足夠的背景知識修習本課程
2. 本課程每堂課之間都有連貫性，不得隨意請假，才能有良好的學習效果
3. 學生應有積極的學習態度，嚴謹的邏輯思考",,
15323,藥學系,,,,,
13978,藥學系,,,,,
28423,藥學系,,,,,
31040,藥學系,,,,,
20595,藥學系,,,,,
49183,藥學系,,,,,
32018,藥學系,,,,,
20648,藥學系,,,,,
38106,藥學系,,,,,
39649,藥學系,,,,,
57634,藥學研究所,,,,,
48222,藥學研究所,,,,,
13307,藥學研究所,,,,,
10286,藥學研究所,,,,,
50914,藥學研究所,,,,,
46520,藥學研究所,,,,,
10155,藥學研究所,,,,,
14954,藥學研究所,,,,,
13772,藥學系博士班產學研發組,,,,,
42982,藥學系博士班產學研發組,,,,,
50284,藥學系博士班產學研發組,,,,,
35380,藥學系博士班藥物科技組,,,,,
42107,藥學系博士班藥物科技組,,,,,
14359,藥學系博士班藥物科技組,,,,,
41686,藥學系博士班藥物科技組,,,,,
23702,精準健康碩士學位學程,,,,,
43177,精準健康碩士學位學程,,,,,
30938,精準健康碩士學位學程,,,,,
18851,精準健康碩士學位學程,,,,,
42304,精準健康碩士學位學程,,,,,
23920,精準健康碩士學位學程,,,,,
47560,精準健康碩士學位學程,,,,,
58058,精準健康碩士學位學程,,,,,
59626,精準健康碩士學位學程,,,,,
20579,精準健康碩士學位學程,,,,,
47674,精準健康碩士學位學程,,,,,
30225,精準健康碩士學位學程,,,,,
52233,精準健康碩士學位學程,,,,,
30352,精準健康碩士學位學程,,,,,
59598,精準健康碩士學位學程,,,,,
20576,精準健康碩士學位學程,,,,,
50550,精準健康博士學位學程,,,,,
54294,精準健康博士學位學程,,,,,
47787,精準健康博士學位學程,,,,,
38661,精準健康博士學位學程,,,,,
45986,精準健康博士學位學程,,,,,
12204,精準健康博士學位學程,,,,,
41579,精準健康博士學位學程,,,,,
23630,精準健康博士學位學程,,,,,
53190,精準健康博士學位學程,,,,,
52992,精準健康博士學位學程,,,,,
46294,精準健康博士學位學程,,,,,
29831,哲學系,,,,,
56486,哲學研究所,,,,,
15705,哲學研究所,,,,,
95010,物理學系,,,,,
26297,農業化學系,,"本課程期待學生藉由實際的儀器操作與數據分析等學習經驗，得以領略科學探究的精神，
並熟稔實驗方法，為高等教育之精修和未來社會所需的研發、創造能力奠定基礎。",,,
45338,醫學系,,,,,
53820,物理治療學系 / 醫學工程學系,,"本課程期待學生藉由實際的儀器操作與數據分析等學習經驗，得以領略科學探究的精神，
並熟稔實驗方法，為高等教育之精修和未來社會所需的研發、創造能力奠定基礎。",,,
57485,土木工程學系,,,,,
17712,土木工程學系,,,,,
54425,物理學研究所,,,,,
16755,物理學研究所,,,,,
43379,物理學研究所,,,,,
47315,物理學研究所,,,,,
21662,物理學研究所,,,,,
37823,物理學研究所,,,,,
46647,物理學研究所,,,,,
95086,物理學研究所,,,,,
14577,物理學研究所,,,,,
13164,物理學研究所,,,,,
59604,物理學研究所,,,,,
33778,物理學研究所,,,,,
22344,物理學研究所,,,,,
39708,物理學研究所,,,,,
45155,物理學研究所,,,,,
35549,物理學研究所,,,,,
41214,物理學研究所,,,,,
51861,物理學研究所,,,,,
32769,物理學研究所,,,,,
21466,物理學研究所,,,,,
23424,物理學研究所,,,,,
27832,物理學研究所,,,,,
51226,物理學研究所,,,,,
36493,物理學研究所,,,,,
36631,物理學研究所 / 奈米科技學程 / 量子計算與資訊學程,,,,,
57263,物理學研究所,,,,,
32861,物理學研究所,,,,,
42514,生理學研究所,,,,,
11745,生理學研究所,,,,,
33414,生命科學院院學士學位 / 植物科學研究所 / 植物生物科技產學研發博士學位學程,,,,,
23946,植物科學研究所,,,,,
46093,植物科學研究所,,,,,
16950,植物科學研究所,,,,,
56509,植物科學研究所,,,,,
48216,植物科學研究所,,,,,
28138,植物科學研究所,,,,,
57362,植物科學研究所,,,,,
41615,植物科學研究所,,,,,
16546,植物科學研究所 / 植物生物科技產學研發博士學位學程,,,,,
53286,植物科學研究所,,,,,
34274,植物生物科技產學研發博士學位學程,,,,,
12202,植物科學研究所 / 植物生物科技產學研發博士學位學程,,,,,
12779,植物科學研究所 / 植物生物科技產學研發博士學位學程,,,,,
10445,植物科學研究所,,,,,
48206,植物科學研究所 / 植物生物科技產學研發博士學位學程,,,,,
25711,植物科學研究所,,,,,
59296,植物科學研究所,,,,,
29943,植物科學研究所 / 植物生物科技產學研發博士學位學程,,,,,
38357,植物科學研究所,,,,,
37611,,,,,,
24086,事業經營碩士在職學位學程,,,,,
22928,事業經營碩士在職學位學程,,,,,
14868,事業經營碩士在職學位學程,,,,,
10980,生物科技管理碩士在職學位學程,,,,,
21824,生物科技管理碩士在職學位學程,,,,,
51872,生物科技管理碩士在職學位學程,,,,,
46201,生物科技管理碩士在職學位學程,,,,,
53336,事業經營法務碩士在職學位學程,,,,,
24482,事業經營法務碩士在職學位學程,,,,,
18043,事業經營法務碩士在職學位學程,,,,,
53600,事業經營法務碩士在職學位學程,,,,,
20780,植物病理與微生物學系,,,,,
37409,植物病理與微生物學系,,,,,
43436,植物病理與微生物學系,,,,,
40980,植物病理與微生物學系,,,,,
40289,植物病理與微生物學系,,,,,
53264,植物病理與微生物學研究所,,,,,
52769,植物病理與微生物學研究所,,,,,
55105,植物病理與微生物學研究所,,,,,
14990,植物病理與微生物學研究所,,,,,
39598,植物病理與微生物學研究所,,,,,
45564,植物病理與微生物學研究所,,,,,
50303,植物病理與微生物學研究所,,,,,
95039,人口學程,,,,,
17205,政治理論組 / 公共行政組 / 國際關係組,,,,,
25624,政治理論組 / 公共行政組 / 國際關係組,,,,,
17545,政治理論組 / 公共行政組 / 國際關係組,,,,,
33327,政治理論組 / 公共行政組 / 國際關係組,,,,,
15131,,,,,,
16921,,,,,,
52314,國際關係組 / 社會科學院院學士學位,,,,,
43455,政治學系,,,,,
45718,國際關係組,,,,,
10574,國際關係組,,,,,
39986,公共行政組,,,,,
34008,,"PS 4202：國際政治理論
選課流水號：79432

本課程討論分析國際政治的核心概念與理論途徑。",本課程旨在訓練與培養學士班學生分析國際政治的獨立學術研究能力。,"修課學生成績由兩部份共同決定，包括：
(1)	實體期中考(50%）；
(2)	實體期末考(50%）。",,1
55727,政治理論組 / 社會科學院院學士學位 / 公共行政組 / 國際關係組,,,,,
58228,政治學系 / 政治學研究所,,,,,
59106,政治學系 / 東亞研究學分學程 / 政治學研究所,,,,,
53881,政治學系 / 政治學研究所,,,,,
26543,政治學系 / 政治學研究所,,,,,
19112,政治學研究所 / 東亞研究學分學程 / 中國大陸研究學程,,,,,
43606,政治學系 / 東亞研究學分學程 / 政治學研究所,,,,,
32796,政治學系 / 政治學研究所,,,,,
14444,政治學研究所,,,,,
45464,政治學研究所,,,,,
25657,政治學研究所,,,,,
19499,政治學研究所,,,,,
31453,政治學研究所,,,,,
30040,政治學研究所,,,,,
30715,高分子科學與工程學研究所,,,,,
27739,高分子科學與工程學研究所,,,,,
34592,高分子科學與工程學研究所,,,,,
33627,高分子科學與工程學研究所,,,,,
25532,高分子科學與工程學研究所,,,,,
16589,高分子科學與工程學研究所,,,,,
19336,高分子科學與工程學研究所,,,,,
43723,高分子科學與工程學研究所,,,,,
44179,高分子科學與工程學研究所,,,,,
17673,高分子科學與工程學研究所,,,,,
40335,高分子科學與工程學研究所,,,,,
49003,高分子科學與工程學研究所,,,,,
40546,高分子科學與工程學研究所,,,,,
12219,心理學系,,,,,
29770,心理學系,,,,,
44590,心理學系,,,,,
31538,心理學系,,,,,
49609,心理學系,,,,,
44839,心理學系,,,,,
27710,心理學系,,,,,
12467,心理學系,,,,,
23935,心理學系,,,,,
45097,,,,,,
28589,心理學系 / 神經生物與認知科學學程 / 心理學研究所,,,,,
21525,心理學系 / 神經生物與認知科學學程 / 心理學研究所,,,,,
51190,心理學系 / 神經生物與認知科學學程 / 心理學研究所,,,,,
49430,心理學研究所 / 心理學系,,,,,
53755,心理學系 / 神經生物與認知科學學程 / 心理學研究所,,,,,
20006,心理學研究所,,,,,
34170,心理學研究所,,,,,
49114,心理學研究所,,,,,
25114,心理學研究所,,,,,
19590,心理學研究所,,,,,
52548,心理學研究所 / 神經生物與認知科學學程,,,,,
11203,心理學研究所,,,,,
41052,心理學研究所,,,,,
27478,心理學研究所 / 神經生物與認知科學學程,,,,,
95090,心理學研究所,,,,,
55797,心理學研究所,,,,,
95013,心理學研究所,,,,,
39243,物理治療學系,,,,,
44504,物理治療學系,,,,,
54053,物理治療學系,,,,,
31407,物理治療學系,,,,,
10345,物理治療學系,,,,,
58678,物理治療學系,,,,,
52109,物理治療學系,,,,,
25888,物理治療學系,,,,,
37900,物理治療學系,,,,,
38938,物理治療學系,,,,,
55484,,,,,,
54842,物理治療學系,,,,,
11050,物理治療學系,,,,,
44308,物理治療學系,,,,,
59348,物理治療學系,,,,,
14542,物理治療學系,,,,,
10573,物理治療學系,,,,,
58052,物理治療學系,,,,,
14880,物理治療學系,,,,,
31772,物理治療學研究所,,,,,
32021,物理治療學研究所,,,,,
58408,物理治療學研究所,,,,,
11293,物理治療學研究所 / 神經生物與認知科學學程,,,,,
46747,物理治療學研究所 / 神經生物與認知科學學程,,,,,
42898,物理治療學研究所 / 神經生物與認知科學學程,,,,,
27586,物理治療學研究所,,,,,
51206,物理治療學研究所,,,,,
34011,物理治療學研究所,,,,,
36498,,"本課程為本所碩士班神經組學生之必選課程，博士班學生之專業選修課程，也是本系六年制學士班學生之「研究」及「運動與健康促進」領域兩個模組的選修課程。

物理治療師是動作科學的專家，物理治療專業中評估、分析、與治療各種不同疾病所導致之動作功能障礙是極重要之一環。深入瞭解動作控制之原理與理論，將有助於物理治療師用不同的角度，深入評估病患的動作問題、找出導致病患動作困難的主要原因、並針對問題原因設計出有效的治療，以促進病患動作功能之恢復。

本課程內容主要涵蓋四大面向﹕(一)動作控制之神經科學基礎;(二)動作控制之研究方法;(三)主要動作控制理論之介紹;(四)主要動作控制理論之臨床應用。","修習學生在結束本課程時，應能:
1. 瞭解動作控制的神經科學基礎與研究方法;
2. 瞭解主要之動作控制理論;
3. 瞭解主要動作控制之臨床應用;
4. 獨立閱讀並評論與統整動作控制之相關文獻;
5. 以團隊合作方式撰寫出探討動作控制理論或其應用的小組實驗計畫書。","請假規定
請依台大校方(https://advisory.ntu.edu.tw/CMS/Page/44)與本課程規定辦理，以遵循公平公正原則，也避免缺席被列為曠課，影響平時成績。
1.	心理健康假：得於當日email向授課老師請假，每學期至多三日。
2.	生理假：得於當日email向授課老師請假，每月一日。
3.	病假：3日內至學生請假系統提出申請，並附證明。
4.	事假：事假開始前3-7日，事先至學生請假系統提出申請，並附證明。
5.	公假：公假開始前7-10日，事先至學生請假系統提出申請，並附證明。請注意：隨台灣大學校隊出隊比賽的運動防護公假，每位同學本課程中只能申請一次。","10%	

課堂出席與參與討論


15%	

課堂報告

線上繳交截止日:口頭報告前一天


25%	

期中口頭報告

線上繳交截止日:11/11 noon


25%	

期末口頭報告

線上繳交截止日:口頭報告前一天


25%	

期末書面報告

線上繳交截止日:口頭報完一週內

本校尚無訂定 A+ 比例上限。
本校採用等第制評定成績，學生成績評量辦法中的百分制分數區間與單科成績對照表僅供參考，授課教師可依等第定義調整分數區間。詳見 學習評量專區。",
19422,物理治療學研究所,,,,,
54696,物理治療學研究所,,,,,
19710,物理治療學研究所,,,,,
59706,物理治療學研究所,,,,,
11506,物理治療學研究所,,,,,
27783,物理治療學研究所,,,,,
40644,物理治療學研究所,,,,,
29199,物理治療學研究所,,,,,
34974,物理治療學研究所,,,,,
48533,物理治療學研究所 / 神經生物與認知科學學程,,,,,
17273,物理治療學研究所,,,,,
59948,物理治療學研究所,,,,,
25812,物理治療學研究所,,,,,
59771,物理治療學研究所,,,,,
23769,物理治療學研究所,,,,,
49533,物理治療學研究所,,,,,
37398,物理治療學研究所,,,,,
34270,物理治療學研究所,,,,,
49901,物理治療學研究所,,,,,
42688,物理治療學研究所,,,,,
12816,物理治療學研究所,,,,,
23141,物理治療學研究所,,,,,
19529,物理治療學研究所,,,,,
31801,物理治療學研究所,,,,,
45888,物理治療學研究所,,,,,
17979,物理治療學研究所,,,,,
15664,物理治療學研究所,,,,,
19162,物理治療學研究所,,,,,
43481,物理治療學研究所,,,,,
20537,物理治療學研究所,,,,,
52342,物理治療學研究所,,,,,
12971,華語教學碩士學位學程,,,,,
21741,華語教學碩士學位學程,,,,,
43712,華語教學碩士學位學程,,,,,
24397,華語教學碩士學位學程 / 臺灣研究學程,,,,,
42282,華語教學碩士學位學程,,,,,
54897,轉譯醫學博士學位學程,,,,,
95028,永續化學科技國際研究生博士學位學程,,,,,
22655,永續化學科技國際研究生博士學位學程,,,,,
40272,永續化學科技國際研究生博士學位學程,,,,,
47815,永續化學科技國際研究生博士學位學程,,,,,
41900,,,,,,
42019,社會學系,,,,,
12239,社會學系 / 人口學程 / 社會學研究所,,,,,
95014,社會學系 / 社會學研究所,,,,,
36321,社會學系 / 社會學研究所,,,,,
19530,社會學研究所,,,,,
95046,社會學研究所,,,,,
95047,社會學研究所,,,,,
55861,社會學研究所,,,,,
40943,社會學系 / 社會學研究所,,,,,
35969,社會學研究所,,,,,
44764,社會學研究所,,,,,
12538,社會學研究所,,,,,
41060,財金碩士學位學程,,,,,
12613,財金碩士學位學程,,,,,
40819,財金碩士學位學程,,,,,
19227,政治經濟碩士學位學程,,,,,
19870,政治經濟碩士學位學程,,,,,
33942,政治經濟碩士學位學程,,,,,
43055,政治經濟碩士學位學程,,,,,
59525,運動設施與健康管理碩士學位學程,,,,,
39808,統計與數據科學研究所,,,,,
27066,統計與數據科學研究所,,,,,
13205,統計與數據科學研究所,,,,,
51174,統計與數據科學研究所,,,,,
33354,統計與數據科學研究所,,,,,
28189,學務處課外活動組,,,,,
17429,學務處課外活動組,,,,,
24115,學務處課外活動組,,,,,
39039,學務處課外活動組,,,,,
18096,學務處課外活動組,,,,,
30854,學務處課外活動組,,,,,
19842,學務處課外活動組,,,,,
36573,學務處課外活動組,,,,,
35153,學務處課外活動組,,,,,
41494,學務處課外活動組,,,,,
32602,學務處課外活動組,,,,,
51977,學務處課外活動組,,,,,
15007,學務處課外活動組,,,,,
16787,學務處課外活動組,,,,,
23160,社會工作學系 / 社會工作學研究所,,,,,
39448,社會工作學研究所,,,,,
95080,社會工作學研究所,,,,,
16311,社會工作學研究所,,,,,
18992,社會工作學研究所,,,,,
70061,國立臺灣師範大學,,,,,
71524,國立臺灣師範大學,,,,,
70002,,,,,,
70003,,,,,,
70004,,,,,,
70009,,,,,,
70014,,,,,,
70015,,,,,,
70016,國立臺灣師範大學,,,,,
70017,國立臺灣師範大學,,,,,
70047,,,,,,
71538,國立臺灣師範大學,,,,,
70052,,,,,,
70083,國立臺灣師範大學,,,,,
70706,國立臺灣師範大學,,,,,
70707,國立臺灣師範大學,,,,,
70708,國立臺灣師範大學,,,,,
70545,國立臺灣師範大學,,,,,
70104,國立臺灣師範大學,,,,,
71485,國立臺灣師範大學,,,,,
71527,國立臺灣師範大學,,,,,
70107,國立臺灣師範大學,,,,,
70711,國立臺灣師範大學,,,,,
70546,國立臺灣師範大學,,,,,
70547,國立臺灣師範大學,,,,,
70111,國立臺灣師範大學,,,,,
70550,國立臺灣師範大學,,,,,
70714,國立臺灣師範大學,,,,,
70553,國立臺灣師範大學,,,,,
70559,國立臺灣師範大學,,,,,
70120,國立臺灣師範大學,,,,,
70717,國立臺灣師範大學,,,,,
70866,國立臺灣師範大學,,,,,
70867,國立臺灣師範大學,,,,,
70720,國立臺灣師範大學,,,,,
70721,國立臺灣師範大學,,,,,
70562,國立臺灣師範大學,,,,,
70563,國立臺灣師範大學,,,,,
70868,國立臺灣師範大學,,,,,
70724,國立臺灣師範大學,,,,,
70725,國立臺灣師範大學,,,,,
70564,國立臺灣師範大學,,,,,
70128,國立臺灣師範大學,,,,,
70960,國立臺灣師範大學,,,,,
70961,國立臺灣師範大學,,,,,
70565,國立臺灣師範大學,,,,,
70873,國立臺灣師範大學,,,,,
70731,國立臺灣師範大學,,,,,
70874,國立臺灣師範大學,,,,,
70733,國立臺灣師範大學,,,,,
70734,國立臺灣師範大學,,,,,
70735,國立臺灣師範大學,,,,,
70736,國立臺灣師範大學,,,,,
70737,國立臺灣師範大學,,,,,
70876,國立臺灣師範大學,,,,,
70877,國立臺灣師範大學,,,,,
70881,國立臺灣師範大學,,,,,
70962,國立臺灣師範大學,,,,,
70738,國立臺灣師範大學,,,,,
70882,國立臺灣師範大學,,,,,
70963,國立臺灣師範大學,,,,,
70567,國立臺灣師範大學,,,,,
70568,國立臺灣師範大學,,,,,
70739,國立臺灣師範大學,,,,,
70570,國立臺灣師範大學,,,,,
70740,國立臺灣師範大學,,,,,
70741,國立臺灣師範大學,,,,,
70742,國立臺灣師範大學,,,,,
70743,國立臺灣師範大學,,,,,
70744,國立臺灣師範大學,,,,,
70745,國立臺灣師範大學,,,,,
70746,國立臺灣師範大學,,,,,
70964,國立臺灣師範大學,,,,,
70965,國立臺灣師範大學,,,,,
70966,國立臺灣師範大學,,,,,
70571,國立臺灣師範大學,,,,,
70572,國立臺灣師範大學,,,,,
70884,國立臺灣師範大學,,,,,
70885,國立臺灣師範大學,,,,,
70886,國立臺灣師範大學,,,,,
70579,國立臺灣師範大學,,,,,
70580,國立臺灣師範大學,,,,,
70581,國立臺灣師範大學,,,,,
70156,國立臺灣師範大學,,,,,
70158,國立臺灣師範大學,,,,,
70159,國立臺灣師範大學,,,,,
70161,國立臺灣師範大學,,,,,
70165,國立臺灣師範大學,,,,,
70756,國立臺灣師範大學,,,,,
70891,國立臺灣師範大學,,,,,
70892,國立臺灣師範大學,,,,,
70893,國立臺灣師範大學,,,,,
70168,國立臺灣師範大學,,,,,
71512,國立臺灣師範大學,,,,,
70183,國立臺灣師範大學,,,,,
70587,國立臺灣師範大學,,,,,
70588,國立臺灣師範大學,,,,,
70589,國立臺灣師範大學,,,,,
70757,國立臺灣師範大學,,,,,
70590,國立臺灣師範大學,,,,,
70759,國立臺灣師範大學,,,,,
70760,國立臺灣師範大學,,,,,
70596,國立臺灣師範大學,,,,,
70597,國立臺灣師範大學,,,,,
70764,國立臺灣師範大學,,,,,
70765,國立臺灣師範大學,,,,,
70899,國立臺灣師範大學,,,,,
70900,國立臺灣師範大學,,,,,
70901,國立臺灣師範大學,,,,,
70902,國立臺灣師範大學,,,,,
70766,國立臺灣師範大學,,,,,
70767,國立臺灣師範大學,,,,,
70195,國立臺灣師範大學,,,,,
70203,國立臺灣師範大學,,,,,
70205,國立臺灣師範大學,,,,,
70768,國立臺灣師範大學,,,,,
71486,國立臺灣師範大學,,,,,
71574,國立臺灣師範大學,,,,,
70769,國立臺灣師範大學,,,,,
70770,國立臺灣師範大學,,,,,
71528,國立臺灣師範大學,,,,,
71529,國立臺灣師範大學,,,,,
70213,國立臺灣師範大學,,,,,
70214,國立臺灣師範大學,,,,,
70216,國立臺灣師範大學,,,,,
70218,國立臺灣師範大學,,,,,
70225,國立臺灣師範大學,,,,,
70226,國立臺灣師範大學,,,,,
70228,國立臺灣師範大學,,,,,
70904,國立臺灣師範大學,,,,,
70600,國立臺灣師範大學,,,,,
70601,國立臺灣師範大學,,,,,
70602,國立臺灣師範大學,,,,,
70771,國立臺灣師範大學,,,,,
70773,國立臺灣師範大學,,,,,
70232,國立臺灣師範大學,,,,,
71578,國立臺灣師範大學,,,,,
70244,國立臺灣師範大學,,,,,
70245,國立臺灣師範大學,,,,,
70778,國立臺灣師範大學,,,,,
70605,國立臺灣師範大學,,,,,
70779,國立臺灣師範大學,,,,,
70780,國立臺灣師範大學,,,,,
70607,國立臺灣師範大學,,,,,
70608,國立臺灣師範大學,,,,,
70609,國立臺灣師範大學,,,,,
70610,國立臺灣師範大學,,,,,
70908,國立臺灣師範大學,,,,,
70909,國立臺灣師範大學,,,,,
71546,國立臺灣師範大學,,,,,
70611,國立臺灣師範大學,,,,,
70782,國立臺灣師範大學,,,,,
70910,國立臺灣師範大學,,,,,
70251,國立臺灣師範大學,,,,,
70783,國立臺灣師範大學,,,,,
70615,國立臺灣師範大學,,,,,
70616,國立臺灣師範大學,,,,,
70617,國立臺灣師範大學,,,,,
70618,國立臺灣師範大學,,,,,
70619,國立臺灣師範大學,,,,,
70784,國立臺灣師範大學,,,,,
70914,國立臺灣師範大學,,,,,
70915,國立臺灣師範大學,,,,,
70916,國立臺灣師範大學,,,,,
70787,國立臺灣師範大學,,,,,
70919,國立臺灣師範大學,,,,,
70621,國立臺灣師範大學,,,,,
70788,國立臺灣師範大學,,,,,
70622,國立臺灣師範大學,,,,,
70262,國立臺灣師範大學,,,,,
70279,國立臺灣師範大學,,,,,
70281,國立臺灣師範大學,,,,,
70624,國立臺灣師範大學,,,,,
70289,國立臺灣師範大學,,,,,
70290,國立臺灣師範大學,,,,,
70297,國立臺灣師範大學,,,,,
70789,國立臺灣師範大學,,,,,
70627,國立臺灣師範大學,,,,,
70628,國立臺灣師範大學,,,,,
70630,國立臺灣師範大學,,,,,
70353,國立臺灣師範大學,,,,,
70354,國立臺灣師範大學,,,,,
70355,國立臺灣師範大學,,,,,
70356,國立臺灣師範大學,,,,,
70357,國立臺灣師範大學,,,,,
70923,國立臺灣師範大學,,,,,
70924,國立臺灣師範大學,,,,,
70634,國立臺灣師範大學,,,,,
70635,國立臺灣師範大學,,,,,
70790,國立臺灣師範大學,,,,,
70791,國立臺灣師範大學,,,,,
70793,國立臺灣師範大學,,,,,
70927,國立臺灣師範大學,,,,,
70928,國立臺灣師範大學,,,,,
70636,國立臺灣師範大學,,,,,
70637,國立臺灣師範大學,,,,,
70638,國立臺灣師範大學,,,,,
70929,國立臺灣師範大學,,,,,
70639,國立臺灣師範大學,,,,,
70640,國立臺灣師範大學,,,,,
70641,國立臺灣師範大學,,,,,
70794,國立臺灣師範大學,,,,,
70795,國立臺灣師範大學,,,,,
70796,國立臺灣師範大學,,,,,
70797,國立臺灣師範大學,,,,,
70798,國立臺灣師範大學,,,,,
70642,國立臺灣師範大學,,,,,
70643,國立臺灣師範大學,,,,,
70644,國立臺灣師範大學,,,,,
70645,國立臺灣師範大學,,,,,
70646,國立臺灣師範大學,,,,,
70647,國立臺灣師範大學,,,,,
70799,國立臺灣師範大學,,,,,
70800,國立臺灣師範大學,,,,,
70801,國立臺灣師範大學,,,,,
70802,國立臺灣師範大學,,,,,
70803,國立臺灣師範大學,,,,,
70648,國立臺灣師範大學,,,,,
70652,國立臺灣師範大學,,,,,
70653,國立臺灣師範大學,,,,,
70654,國立臺灣師範大學,,,,,
70655,國立臺灣師範大學,,,,,
70656,國立臺灣師範大學,,,,,
70657,國立臺灣師範大學,,,,,
70658,國立臺灣師範大學,,,,,
70659,國立臺灣師範大學,,,,,
70660,國立臺灣師範大學,,,,,
70661,國立臺灣師範大學,,,,,
70375,國立臺灣師範大學,,,,,
70805,國立臺灣師範大學,,,,,
70806,國立臺灣師範大學,,,,,
71543,國立臺灣師範大學,,,,,
70388,國立臺灣師範大學,,,,,
70389,國立臺灣師範大學,,,,,
71439,國立臺灣師範大學,,,,,
71440,國立臺灣師範大學,,,,,
71441,國立臺灣師範大學,,,,,
70930,國立臺灣師範大學,,,,,
70391,國立臺灣師範大學,,,,,
71466,國立臺灣師範大學,,,,,
70392,國立臺灣師範大學,,,,,
71464,國立臺灣師範大學,,,,,
70807,國立臺灣師範大學,,,,,
70808,國立臺灣師範大學,,,,,
70393,國立臺灣師範大學,,,,,
71444,國立臺灣師範大學,,,,,
71445,國立臺灣師範大學,,,,,
70663,國立臺灣師範大學,,,,,
70931,國立臺灣師範大學,,,,,
70932,國立臺灣師範大學,,,,,
71526,國立臺灣師範大學,,,,,
71519,國立臺灣師範大學,,,,,
70809,國立臺灣師範大學,,,,,
70666,國立臺灣師範大學,,,,,
71446,國立臺灣師範大學,,,,,
71447,國立臺灣師範大學,,,,,
71449,國立臺灣師範大學,,,,,
71450,國立臺灣師範大學,,,,,
71451,國立臺灣師範大學,,,,,
71452,國立臺灣師範大學,,,,,
71453,國立臺灣師範大學,,,,,
71454,國立臺灣師範大學,,,,,
71455,國立臺灣師範大學,,,,,
71456,國立臺灣師範大學,,,,,
71457,國立臺灣師範大學,,,,,
70423,國立臺灣師範大學,,,,,
70425,國立臺灣師範大學,,,,,
70428,國立臺灣師範大學,,,,,
70432,國立臺灣師範大學,,,,,
70070,國立臺灣師範大學,,,,,
70074,國立臺灣師範大學,,,,,
70075,國立臺灣師範大學,,,,,
70704,國立臺灣師範大學,,,,,
70457,國立臺灣師範大學,,,,,
70458,國立臺灣師範大學,,,,,
70459,國立臺灣師範大學,,,,,
70460,國立臺灣師範大學,,,,,
70461,國立臺灣師範大學,,,,,
70462,國立臺灣師範大學,,,,,
71569,國立臺灣師範大學,,,,,
71482,國立臺灣師範大學,,,,,
71488,國立臺灣師範大學,,,,,
70465,國立臺灣師範大學,,,,,
70466,國立臺灣師範大學,,,,,
70471,國立臺灣師範大學,,,,,
70472,國立臺灣師範大學,,,,,
70833,國立臺灣師範大學,,,,,
70479,國立臺灣師範大學,,,,,
70484,國立臺灣師範大學,,,,,
70485,國立臺灣師範大學,,,,,
70834,國立臺灣師範大學,,,,,
70975,國立臺灣師範大學,,,,,
70838,國立臺灣師範大學,,,,,
70978,國立臺灣師範大學,,,,,
70839,國立臺灣師範大學,,,,,
70938,國立臺灣師範大學,,,,,
70486,國立臺灣師範大學,,,,,
71516,國立臺灣師範大學,,,,,
70488,國立臺灣師範大學,,,,,
70496,國立臺灣師範大學,,,,,
71514,國立臺灣師範大學,,,,,
70501,國立臺灣師範大學,,,,,
70504,國立臺灣師範大學,,,,,
70509,國立臺灣師範大學,,,,,
70519,國立臺灣師範大學,,,,,
70520,國立臺灣師範大學,,,,,
70521,國立臺灣師範大學,,,,,
70526,國立臺灣師範大學,,,,,
70527,國立臺灣師範大學,,,,,
70534,國立臺灣師範大學,,,,,
70695,國立臺灣師範大學,,,,,
70696,國立臺灣師範大學,,,,,
70697,國立臺灣師範大學,,,,,
70940,國立臺灣師範大學,,,,,
70941,國立臺灣師範大學,,,,,
70942,國立臺灣師範大學,,,,,
70945,國立臺灣師範大學,,,,,
70842,國立臺灣師範大學,,,,,
70843,國立臺灣師範大學,,,,,
70845,國立臺灣師範大學,,,,,
70846,國立臺灣師範大學,,,,,
70858,國立臺灣師範大學,,,,,
70086,國立臺灣師範大學,,,,,
70087,國立臺灣師範大學,,,,,
70089,國立臺灣師範大學,,,,,
70123,國立臺灣師範大學,,,,,
70888,國立臺灣師範大學,,,,,
70157,國立臺灣師範大學,,,,,
70162,國立臺灣師範大學,,,,,
70758,國立臺灣師範大學,,,,,
70187,國立臺灣師範大學,,,,,
70206,國立臺灣師範大學,,,,,
70781,國立臺灣師範大學,,,,,
70250,國立臺灣師範大學,,,,,
70269,國立臺灣師範大學,,,,,
70280,國立臺灣師範大學,,,,,
70282,國立臺灣師範大學,,,,,
70300,國立臺灣師範大學,,,,,
70378,國立臺灣師範大學,,,,,
71438,國立臺灣師範大學,,,,,
70452,國立臺灣師範大學,,,,,
70453,國立臺灣師範大學,,,,,
70513,國立臺灣師範大學,,,,,
70514,國立臺灣師範大學,,,,,
70084,國立臺灣師範大學,,,,,
70085,國立臺灣師範大學,,,,,
70088,國立臺灣師範大學,,,,,
70732,國立臺灣師範大學,,,,,
70875,國立臺灣師範大學,,,,,
70569,國立臺灣師範大學,,,,,
70883,國立臺灣師範大學,,,,,
70887,國立臺灣師範大學,,,,,
70894,國立臺灣師範大學,,,,,
70234,國立臺灣師範大學,,,,,
70606,國立臺灣師範大學,,,,,
70249,國立臺灣師範大學,,,,,
70258,國立臺灣師範大學,,,,,
70625,國立臺灣師範大學,,,,,
70451,國立臺灣師範大學,,,,,
70491,國立臺灣師範大學,,,,,
70529,國立臺灣師範大學,,,,,
70505,國立臺灣師範大學,,,,,
70844,國立臺灣師範大學,,,,,
70786,國立臺灣師範大學,,,,,
70069,國立臺灣師範大學,,,,,
70094,國立臺灣師範大學,,,,,
70730,國立臺灣師範大學,,,,,
70890,國立臺灣師範大學,,,,,
70154,國立臺灣師範大學,,,,,
70201,國立臺灣師範大學,,,,,
71474,國立臺灣師範大學,,,,,
70223,國立臺灣師範大學,,,,,
70233,國立臺灣師範大學,,,,,
70291,國立臺灣師範大學,,,,,
70626,國立臺灣師範大學,,,,,
70629,國立臺灣師範大學,,,,,
70633,國立臺灣師範大學,,,,,
70439,國立臺灣師範大學,,,,,
70936,國立臺灣師範大學,,,,,
70490,國立臺灣師範大學,,,,,
70512,國立臺灣師範大學,,,,,
70071,國立臺灣師範大學,,,,,
70566,國立臺灣師範大學,,,,,
70573,國立臺灣師範大學,,,,,
70747,國立臺灣師範大學,,,,,
70582,國立臺灣師範大學,,,,,
70167,國立臺灣師範大學,,,,,
70202,國立臺灣師範大學,,,,,
70220,國立臺灣師範大學,,,,,
70259,國立臺灣師範大學,,,,,
71542,國立臺灣師範大學,,,,,
70804,國立臺灣師範大學,,,,,
70473,國立臺灣師範大學,,,,,
70499,國立臺灣師範大學,,,,,
70508,國立臺灣師範大學,,,,,
70511,國立臺灣師範大學,,,,,
70812,國立臺灣師範大學,,,,,
70115,國立臺灣師範大學,,,,,
70956,國立臺灣師範大學,,,,,
70121,國立臺灣師範大學,,,,,
70723,國立臺灣師範大學,,,,,
70129,國立臺灣師範大學,,,,,
70224,國立臺灣師範大學,,,,,
70905,國立臺灣師範大學,,,,,
70772,國立臺灣師範大學,,,,,
70253,國立臺灣師範大學,,,,,
70631,國立臺灣師範大學,,,,,
70847,國立臺灣師範大學,,,,,
70440,國立臺灣師範大學,,,,,
70441,國立臺灣師範大學,,,,,
70005,,,,,,
70072,國立臺灣師範大學,,,,,
70870,國立臺灣師範大學,,,,,
70753,國立臺灣師範大學,,,,,
70754,國立臺灣師範大學,,,,,
70585,國立臺灣師範大學,,,,,
70586,國立臺灣師範大學,,,,,
70755,國立臺灣師範大學,,,,,
70160,國立臺灣師範大學,,,,,
70173,國立臺灣師範大學,,,,,
70219,國立臺灣師範大學,,,,,
70227,國立臺灣師範大學,,,,,
70246,國立臺灣師範大學,,,,,
70612,國立臺灣師範大學,,,,,
70613,國立臺灣師範大學,,,,,
70247,國立臺灣師範大學,,,,,
70614,國立臺灣師範大學,,,,,
70256,國立臺灣師範大學,,,,,
70785,國立臺灣師範大學,,,,,
70277,國立臺灣師範大學,,,,,
70358,國立臺灣師範大學,,,,,
70434,國立臺灣師範大學,,,,,
70442,國立臺灣師範大學,,,,,
70454,國立臺灣師範大學,,,,,
70073,國立臺灣師範大學,,,,,
70951,國立臺灣師範大學,,,,,
70813,國立臺灣師範大學,,,,,
70972,國立臺灣師範大學,,,,,
71433,國立臺灣師範大學,,,,,
71434,國立臺灣師範大學,,,,,
70712,國立臺灣師範大學,,,,,
70863,國立臺灣師範大學,,,,,
70864,國立臺灣師範大學,,,,,
70124,國立臺灣師範大學,,,,,
70130,國立臺灣師範大學,,,,,
70591,國立臺灣師範大學,,,,,
70238,國立臺灣師範大學,,,,,
70907,國立臺灣師範大學,,,,,
70372,國立臺灣師範大學,,,,,
70426,國立臺灣師範大學,,,,,
70445,國立臺灣師範大學,,,,,
70477,國立臺灣師範大學,,,,,
70048,,,,,,
71575,國立臺灣師範大學,,,,,
70544,國立臺灣師範大學,,,,,
70710,國立臺灣師範大學,,,,,
70114,國立臺灣師範大學,,,,,
70548,國立臺灣師範大學,,,,,
70560,國立臺灣師範大學,,,,,
70561,國立臺灣師範大學,,,,,
70188,國立臺灣師範大學,,,,,
70911,國立臺灣師範大學,,,,,
70255,國立臺灣師範大學,,,,,
70293,國立臺灣師範大學,,,,,
70970,國立臺灣師範大學,,,,,
70302,國立臺灣師範大學,,,,,
70303,國立臺灣師範大學,,,,,
70304,國立臺灣師範大學,,,,,
70305,國立臺灣師範大學,,,,,
70306,國立臺灣師範大學,,,,,
70307,國立臺灣師範大學,,,,,
70308,國立臺灣師範大學,,,,,
70309,國立臺灣師範大學,,,,,
70310,國立臺灣師範大學,,,,,
70312,國立臺灣師範大學,,,,,
70313,國立臺灣師範大學,,,,,
70317,國立臺灣師範大學,,,,,
70318,國立臺灣師範大學,,,,,
70319,國立臺灣師範大學,,,,,
70320,國立臺灣師範大學,,,,,
70321,國立臺灣師範大學,,,,,
70322,國立臺灣師範大學,,,,,
70323,國立臺灣師範大學,,,,,
70324,國立臺灣師範大學,,,,,
70325,國立臺灣師範大學,,,,,
70326,國立臺灣師範大學,,,,,
70327,國立臺灣師範大學,,,,,
70328,國立臺灣師範大學,,,,,
70419,國立臺灣師範大學,,,,,
71473,國立臺灣師範大學,,,,,
70463,國立臺灣師範大學,,,,,
70239,國立臺灣師範大學,,,,,
70006,,,,,,
70955,國立臺灣師範大學,,,,,
70549,國立臺灣師範大學,,,,,
70552,國立臺灣師範大學,,,,,
70718,國立臺灣師範大學,,,,,
70921,國立臺灣師範大學,,,,,
70294,國立臺灣師範大學,,,,,
70329,國立臺灣師範大學,,,,,
70359,國立臺灣師範大學,,,,,
70390,國立臺灣師範大學,,,,,
70455,國立臺灣師範大學,,,,,
70522,國立臺灣師範大學,,,,,
70860,國立臺灣師範大學,,,,,
70371,國立臺灣師範大學,,,,,
70012,國立臺灣師範大學,,,,,
70575,國立臺灣師範大學,,,,,
70212,國立臺灣師範大學,,,,,
70271,國立臺灣師範大學,,,,,
70272,國立臺灣師範大學,,,,,
70292,國立臺灣師範大學,,,,,
70330,國立臺灣師範大學,,,,,
70331,國立臺灣師範大學,,,,,
70335,國立臺灣師範大學,,,,,
70095,國立臺灣師範大學,,,,,
70556,國立臺灣師範大學,,,,,
70957,國立臺灣師範大學,,,,,
70131,國立臺灣師範大學,,,,,
70897,國立臺灣師範大學,,,,,
70286,國立臺灣師範大學,,,,,
70295,國立臺灣師範大學,,,,,
70404,國立臺灣師範大學,,,,,
70424,國立臺灣師範大學,,,,,
70689,國立臺灣師範大學,,,,,
70976,國立臺灣師範大學,,,,,
70977,國立臺灣師範大學,,,,,
70937,國立臺灣師範大學,,,,,
70311,國立臺灣師範大學,,,,,
70814,國立臺灣師範大學,,,,,
71463,國立臺灣師範大學,,,,,
70761,國立臺灣師範大學,,,,,
70896,國立臺灣師範大學,,,,,
70198,國立臺灣師範大學,,,,,
70204,國立臺灣師範大學,,,,,
70235,國立臺灣師範大學,,,,,
70236,國立臺灣師範大學,,,,,
70252,國立臺灣師範大學,,,,,
70254,國立臺灣師範大學,,,,,
70835,國立臺灣師範大學,,,,,
70836,國立臺灣師範大學,,,,,
70515,國立臺灣師範大學,,,,,
70076,國立臺灣師範大學,,,,,
71435,國立臺灣師範大學,,,,,
71436,國立臺灣師範大學,,,,,
70090,國立臺灣師範大學,,,,,
70119,國立臺灣師範大學,,,,,
70729,國立臺灣師範大學,,,,,
70574,國立臺灣師範大學,,,,,
70147,國立臺灣師範大學,,,,,
70751,國立臺灣師範大學,,,,,
70752,國立臺灣師範大學,,,,,
70170,國立臺灣師範大學,,,,,
70171,國立臺灣師範大學,,,,,
70172,國立臺灣師範大學,,,,,
70174,國立臺灣師範大學,,,,,
70184,國立臺灣師範大學,,,,,
70185,國立臺灣師範大學,,,,,
70186,國立臺灣師範大學,,,,,
70898,國立臺灣師範大學,,,,,
70592,國立臺灣師範大學,,,,,
70762,國立臺灣師範大學,,,,,
70969,國立臺灣師範大學,,,,,
70912,國立臺灣師範大學,,,,,
70920,國立臺灣師範大學,,,,,
70263,國立臺灣師範大學,,,,,
70273,國立臺灣師範大學,,,,,
70922,國立臺灣師範大學,,,,,
70447,國立臺灣師範大學,,,,,
70474,國立臺灣師範大學,,,,,
70502,國立臺灣師範大學,,,,,
70694,國立臺灣師範大學,,,,,
70516,國立臺灣師範大學,,,,,
70332,國立臺灣師範大學,,,,,
70336,國立臺灣師範大學,,,,,
70408,,,,,,
70933,國立臺灣師範大學,,,,,
70934,國立臺灣師範大學,,,,,
70935,國立臺灣師範大學,,,,,
70815,國立臺灣師範大學,,,,,
70816,國立臺灣師範大學,,,,,
70817,國立臺灣師範大學,,,,,
70818,國立臺灣師範大學,,,,,
70478,國立臺灣師範大學,,,,,
70531,國立臺灣師範大學,,,,,
71541,國立臺灣師範大學,,,,,
70700,國立臺灣師範大學,,,,,
70862,國立臺灣師範大學,,,,,
70264,國立臺灣師範大學,,,,,
71563,國立臺灣師範大學,,,,,
70339,國立臺灣師範大學,,,,,
70435,國立臺灣師範大學,,,,,
70837,國立臺灣師範大學,,,,,
70487,國立臺灣師範大學,,,,,
70944,國立臺灣師範大學,,,,,
70748,國立臺灣師範大學,,,,,
70576,國立臺灣師範大學,,,,,
70577,國立臺灣師範大學,,,,,
70578,國立臺灣師範大學,,,,,
70152,國立臺灣師範大學,,,,,
70153,國立臺灣師範大學,,,,,
70176,國立臺灣師範大學,,,,,
70895,國立臺灣師範大學,,,,,
70593,國立臺灣師範大學,,,,,
70191,國立臺灣師範大學,,,,,
70257,國立臺灣師範大學,,,,,
70623,國立臺灣師範大學,,,,,
70333,國立臺灣師範大學,,,,,
70379,國立臺灣師範大學,,,,,
70971,國立臺灣師範大學,,,,,
70418,國立臺灣師範大學,,,,,
70429,國立臺灣師範大學,,,,,
70449,國立臺灣師範大學,,,,,
70475,國立臺灣師範大學,,,,,
70939,國立臺灣師範大學,,,,,
70494,國立臺灣師範大學,,,,,
70498,國立臺灣師範大學,,,,,
70840,國立臺灣師範大學,,,,,
70841,國立臺灣師範大學,,,,,
70410,國立臺灣師範大學,,,,,
70819,國立臺灣師範大學,,,,,
70409,國立臺灣師範大學,,,,,
71487,國立臺灣師範大學,,,,,
70664,國立臺灣師範大學,,,,,
70665,國立臺灣師範大學,,,,,
70850,國立臺灣師範大學,,,,,
70537,國立臺灣師範大學,,,,,
70270,國立臺灣師範大學,,,,,
70848,國立臺灣師範大學,,,,,
70810,國立臺灣師範大學,,,,,
70822,國立臺灣師範大學,,,,,
70823,國立臺灣師範大學,,,,,
70146,國立臺灣師範大學,,,,,
70163,國立臺灣師範大學,,,,,
70175,國立臺灣師範大學,,,,,
70906,國立臺灣師範大學,,,,,
70913,國立臺灣師範大學,,,,,
70315,國立臺灣師範大學,,,,,
70316,國立臺灣師範大學,,,,,
70427,國立臺灣師範大學,,,,,
70450,國立臺灣師範大學,,,,,
70506,國立臺灣師範大學,,,,,
70869,國立臺灣師範大學,,,,,
70668,國立臺灣師範大學,,,,,
70831,國立臺灣師範大學,,,,,
71539,國立臺灣師範大學,,,,,
70824,國立臺灣師範大學,,,,,
70051,,,,,,
70952,國立臺灣師範大學,,,,,
70209,國立臺灣師範大學,,,,,
70774,國立臺灣師範大學,,,,,
70248,國立臺灣師範大學,,,,,
70265,國立臺灣師範大學,,,,,
70338,國立臺灣師範大學,,,,,
70364,國立臺灣師範大學,,,,,
70366,國立臺灣師範大學,,,,,
70382,國立臺灣師範大學,,,,,
70383,國立臺灣師範大學,,,,,
70384,國立臺灣師範大學,,,,,
70385,國立臺灣師範大學,,,,,
70399,國立臺灣師範大學,,,,,
70400,國立臺灣師範大學,,,,,
70401,國立臺灣師範大學,,,,,
70402,國立臺灣師範大學,,,,,
70438,國立臺灣師範大學,,,,,
70690,國立臺灣師範大學,,,,,
70500,國立臺灣師範大學,,,,,
70524,國立臺灣師範大學,,,,,
70532,國立臺灣師範大學,,,,,
70533,國立臺灣師範大學,,,,,
70682,國立臺灣師範大學,,,,,
70825,國立臺灣師範大學,,,,,
70826,國立臺灣師範大學,,,,,
70827,國立臺灣師範大學,,,,,
71458,國立臺灣師範大學,,,,,
71459,國立臺灣師範大學,,,,,
70667,國立臺灣師範大學,,,,,
70676,國立臺灣師範大學,,,,,
70677,國立臺灣師範大學,,,,,
70678,國立臺灣師範大學,,,,,
70679,國立臺灣師範大學,,,,,
70680,國立臺灣師範大學,,,,,
70054,國立臺灣師範大學,,,,,
70055,國立臺灣師範大學,,,,,
70954,國立臺灣師範大學,,,,,
70151,國立臺灣師範大學,,,,,
70674,國立臺灣師範大學,,,,,
70675,國立臺灣師範大學,,,,,
70681,國立臺灣師範大學,,,,,
70683,國立臺灣師範大學,,,,,
70684,國立臺灣師範大學,,,,,
70685,國立臺灣師範大學,,,,,
70686,國立臺灣師範大學,,,,,
70013,,,,,,
70062,國立臺灣師範大學,,,,,
70063,國立臺灣師範大學,,,,,
70068,國立臺灣師範大學,,,,,
70109,國立臺灣師範大學,,,,,
70113,國立臺灣師範大學,,,,,
70192,國立臺灣師範大學,,,,,
70968,國立臺灣師範大學,,,,,
70208,國立臺灣師範大學,,,,,
70260,國立臺灣師範大學,,,,,
70482,國立臺灣師範大學,,,,,
70018,國立臺灣師範大學,,,,,
70019,國立臺灣師範大學,,,,,
70020,國立臺灣師範大學,,,,,
70021,國立臺灣師範大學,,,,,
70022,國立臺灣師範大學,,,,,
70023,國立臺灣師範大學,,,,,
70024,國立臺灣師範大學,,,,,
70025,國立臺灣師範大學,,,,,
70026,國立臺灣師範大學,,,,,
70687,國立臺灣師範大學,,,,,
70011,國立臺灣師範大學,,,,,
70027,國立臺灣師範大學,,,,,
70028,國立臺灣師範大學,,,,,
70029,國立臺灣師範大學,,,,,
70030,國立臺灣師範大學,,,,,
70036,國立臺灣師範大學,,,,,
70039,國立臺灣師範大學,,,,,
70040,國立臺灣師範大學,,,,,
70041,國立臺灣師範大學,,,,,
70042,國立臺灣師範大學,,,,,
70856,國立臺灣師範大學,,,,,
70705,國立臺灣師範大學,,,,,
70859,國立臺灣師範大學,,,,,
70116,國立臺灣師範大學,,,,,
70726,國立臺灣師範大學,,,,,
70133,國立臺灣師範大學,,,,,
70274,國立臺灣師範大學,,,,,
70287,國立臺灣師範大學,,,,,
70301,國立臺灣師範大學,,,,,
70368,國立臺灣師範大學,,,,,
70415,國立臺灣師範大學,,,,,
70421,國立臺灣師範大學,,,,,
70430,國立臺灣師範大學,,,,,
70688,國立臺灣師範大學,,,,,
70832,國立臺灣師範大學,,,,,
70535,國立臺灣師範大學,,,,,
70946,國立臺灣師範大學,,,,,
70948,國立臺灣師範大學,,,,,
70949,國立臺灣師範大學,,,,,
70851,國立臺灣師範大學,,,,,
70698,國立臺灣師範大學,,,,,
70699,國立臺灣師範大學,,,,,
70853,國立臺灣師範大學,,,,,
70854,國立臺灣師範大學,,,,,
70411,國立臺灣師範大學,,,,,
70973,國立臺灣師範大學,,,,,
70974,國立臺灣師範大學,,,,,
70412,國立臺灣師範大學,,,,,
70413,國立臺灣師範大學,,,,,
70828,國立臺灣師範大學,,,,,
70829,國立臺灣師範大學,,,,,
71545,國立臺灣師範大學,,,,,
70380,國立臺灣師範大學,,,,,
70403,國立臺灣師範大學,,,,,
70811,國立臺灣師範大學,,,,,
70164,國立臺灣師範大學,,,,,
70669,國立臺灣師範大學,,,,,
70670,國立臺灣師範大學,,,,,
70849,國立臺灣師範大學,,,,,
70852,國立臺灣師範大學,,,,,
70049,國立臺灣師範大學,,,,,
70947,國立臺灣師範大學,,,,,
71481,國立臺灣師範大學,,,,,
70662,國立臺灣師範大學,,,,,
70007,,,,,,
70031,國立臺灣師範大學,,,,,
70032,國立臺灣師範大學,,,,,
70033,國立臺灣師範大學,,,,,
70034,國立臺灣師範大學,,,,,
70037,國立臺灣師範大學,,,,,
70038,國立臺灣師範大學,,,,,
70953,國立臺灣師範大學,,,,,
70099,國立臺灣師範大學,,,,,
70709,國立臺灣師範大學,,,,,
70102,國立臺灣師範大學,,,,,
70117,國立臺灣師範大學,,,,,
70594,國立臺灣師範大學,,,,,
70237,國立臺灣師範大學,,,,,
70275,國立臺灣師範大學,,,,,
70507,國立臺灣師範大學,,,,,
70046,國立臺灣師範大學,,,,,
70050,國立臺灣師範大學,,,,,
70056,國立臺灣師範大學,,,,,
70057,國立臺灣師範大學,,,,,
70058,國立臺灣師範大學,,,,,
70703,國立臺灣師範大學,,,,,
70098,國立臺灣師範大學,,,,,
70101,國立臺灣師範大學,,,,,
70103,國立臺灣師範大學,,,,,
70110,國立臺灣師範大學,,,,,
70551,國立臺灣師範大學,,,,,
70557,國立臺灣師範大學,,,,,
70716,國立臺灣師範大學,,,,,
70865,國立臺灣師範大學,,,,,
70719,國立臺灣師範大學,,,,,
70727,國立臺灣師範大學,,,,,
70728,國立臺灣師範大學,,,,,
70871,國立臺灣師範大學,,,,,
70959,國立臺灣師範大學,,,,,
70872,國立臺灣師範大學,,,,,
70134,國立臺灣師範大學,,,,,
70135,國立臺灣師範大學,,,,,
70889,國立臺灣師範大學,,,,,
70144,國立臺灣師範大學,,,,,
70967,國立臺灣師範大學,,,,,
70155,國立臺灣師範大學,,,,,
70166,國立臺灣師範大學,,,,,
70181,國立臺灣師範大學,,,,,
70193,國立臺灣師範大學,,,,,
70266,國立臺灣師範大學,,,,,
70314,國立臺灣師範大學,,,,,
70340,國立臺灣師範大學,,,,,
70342,國立臺灣師範大學,,,,,
70343,國立臺灣師範大學,,,,,
70344,國立臺灣師範大學,,,,,
70345,國立臺灣師範大學,,,,,
70352,國立臺灣師範大學,,,,,
70367,國立臺灣師範大學,,,,,
70373,國立臺灣師範大學,,,,,
70374,國立臺灣師範大學,,,,,
70387,國立臺灣師範大學,,,,,
70405,國立臺灣師範大學,,,,,
70406,國立臺灣師範大學,,,,,
70431,國立臺灣師範大學,,,,,
70464,國立臺灣師範大學,,,,,
70468,國立臺灣師範大學,,,,,
70469,國立臺灣師範大學,,,,,
70386,國立臺灣師範大學,,,,,
70903,國立臺灣師範大學,,,,,
71540,國立臺灣師範大學,,,,,
70523,國立臺灣師範大學,,,,,
70855,國立臺灣師範大學,,,,,
71480,國立臺灣師範大學,,,,,
71475,國立臺灣師範大學,,,,,
70059,國立臺灣師範大學,,,,,
70060,國立臺灣師範大學,,,,,
70064,國立臺灣師範大學,,,,,
70105,國立臺灣師範大學,,,,,
70713,國立臺灣師範大學,,,,,
70595,國立臺灣師範大學,,,,,
70346,國立臺灣師範大學,,,,,
70347,國立臺灣師範大學,,,,,
70001,國立臺灣師範大學,,,,,
70010,國立臺灣師範大學,,,,,
70043,國立臺灣師範大學,,,,,
70077,國立臺灣師範大學,,,,,
70078,國立臺灣師範大學,,,,,
70079,國立臺灣師範大學,,,,,
70080,國立臺灣師範大學,,,,,
70081,國立臺灣師範大學,,,,,
70082,國立臺灣師範大學,,,,,
70091,國立臺灣師範大學,,,,,
70092,國立臺灣師範大學,,,,,
70093,國立臺灣師範大學,,,,,
70096,國立臺灣師範大學,,,,,
70097,國立臺灣師範大學,,,,,
70861,國立臺灣師範大學,,,,,
70100,國立臺灣師範大學,,,,,
70106,國立臺灣師範大學,,,,,
70112,國立臺灣師範大學,,,,,
70118,國立臺灣師範大學,,,,,
70136,國立臺灣師範大學,,,,,
70137,國立臺灣師範大學,,,,,
70138,國立臺灣師範大學,,,,,
70749,國立臺灣師範大學,,,,,
70139,國立臺灣師範大學,,,,,
70140,國立臺灣師範大學,,,,,
70141,國立臺灣師範大學,,,,,
70750,國立臺灣師範大學,,,,,
70149,國立臺灣師範大學,,,,,
70150,國立臺灣師範大學,,,,,
70583,國立臺灣師範大學,,,,,
70584,國立臺灣師範大學,,,,,
70180,國立臺灣師範大學,,,,,
70182,國立臺灣師範大學,,,,,
70194,國立臺灣師範大學,,,,,
70210,國立臺灣師範大學,,,,,
70211,國立臺灣師範大學,,,,,
70221,國立臺灣師範大學,,,,,
70230,國立臺灣師範大學,,,,,
70231,國立臺灣師範大學,,,,,
70603,國立臺灣師範大學,,,,,
70604,國立臺灣師範大學,,,,,
70775,國立臺灣師範大學,,,,,
70776,國立臺灣師範大學,,,,,
70777,國立臺灣師範大學,,,,,
70261,國立臺灣師範大學,,,,,
70267,國立臺灣師範大學,,,,,
70283,國立臺灣師範大學,,,,,
70285,國立臺灣師範大學,,,,,
70288,國立臺灣師範大學,,,,,
70296,國立臺灣師範大學,,,,,
70298,國立臺灣師範大學,,,,,
70299,國立臺灣師範大學,,,,,
70337,國立臺灣師範大學,,,,,
70341,國立臺灣師範大學,,,,,
70348,國立臺灣師範大學,,,,,
70350,國立臺灣師範大學,,,,,
70351,國立臺灣師範大學,,,,,
70360,國立臺灣師範大學,,,,,
70361,國立臺灣師範大學,,,,,
70362,國立臺灣師範大學,,,,,
70369,國立臺灣師範大學,,,,,
70370,國立臺灣師範大學,,,,,
70376,國立臺灣師範大學,,,,,
70416,國立臺灣師範大學,,,,,
70420,國立臺灣師範大學,,,,,
70422,國立臺灣師範大學,,,,,
70456,國立臺灣師範大學,,,,,
70476,國立臺灣師範大學,,,,,
70693,國立臺灣師範大學,,,,,
70503,國立臺灣師範大學,,,,,
70517,國立臺灣師範大學,,,,,
70518,國立臺灣師範大學,,,,,
70530,國立臺灣師範大學,,,,,
70539,國立臺灣師範大學,,,,,
70540,國立臺灣師範大學,,,,,
70541,國立臺灣師範大學,,,,,
70414,國立臺灣師範大學,,,,,
71422,國立臺灣師範大學,,,,,
71432,國立臺灣師範大學,,,,,
71437,國立臺灣師範大學,,,,,
71442,國立臺灣師範大學,,,,,
71467,國立臺灣師範大學,,,,,
71462,國立臺灣師範大學,,,,,
71483,國立臺灣師範大學,,,,,
71493,國立臺灣師範大學,,,,,
71496,國立臺灣師範大學,,,,,
71497,國立臺灣師範大學,,,,,
71499,國立臺灣師範大學,,,,,
71579,國立臺灣師範大學,,,,,
71513,國立臺灣師範大學,,,,,
71525,國立臺灣師範大學,,,,,
71544,國立臺灣師範大學,,,,,
71551,國立臺灣師範大學,,,,,
71558,國立臺灣師範大學,,,,,
71568,國立臺灣師範大學,,,,,
70986,國立臺灣科技大學,,,,,
70987,國立臺灣科技大學,,,,,
70988,國立臺灣科技大學,,,,,
70989,國立臺灣科技大學,,,,,
70990,國立臺灣科技大學,,,,,
70997,國立臺灣科技大學,,,,,
70998,國立臺灣科技大學,,,,,
70999,國立臺灣科技大學,,,,,
71000,國立臺灣科技大學,,,,,
71001,國立臺灣科技大學,,,,,
71002,國立臺灣科技大學,,,,,
71003,國立臺灣科技大學,,,,,
71004,國立臺灣科技大學,,,,,
71005,國立臺灣科技大學,,,,,
71008,國立臺灣科技大學,,,,,
71009,國立臺灣科技大學,,,,,
71010,國立臺灣科技大學,,,,,
71012,國立臺灣科技大學,,,,,
71013,國立臺灣科技大學,,,,,
71014,國立臺灣科技大學,,,,,
71019,國立臺灣科技大學,,,,,
71030,國立臺灣科技大學,,,,,
71044,國立臺灣科技大學,,,,,
71045,國立臺灣科技大學,,,,,
71047,國立臺灣科技大學,,,,,
71051,國立臺灣科技大學,,,,,
71057,國立臺灣科技大學,,,,,
71061,國立臺灣科技大學,,,,,
71062,國立臺灣科技大學,,,,,
71063,國立臺灣科技大學,,,,,
71069,國立臺灣科技大學,,,,,
71072,國立臺灣科技大學,,,,,
71576,國立臺灣科技大學,,,,,
71423,國立臺灣科技大學,,,,,
71083,國立臺灣科技大學,,,,,
71532,國立臺灣科技大學,,,,,
71088,國立臺灣科技大學,,,,,
71092,國立臺灣科技大學,,,,,
71489,國立臺灣科技大學,,,,,
71096,國立臺灣科技大學,,,,,
71548,國立臺灣科技大學,,,,,
71100,國立臺灣科技大學,,,,,
71101,國立臺灣科技大學,,,,,
71533,國立臺灣科技大學,,,,,
71520,國立臺灣科技大學,,,,,
71571,國立臺灣科技大學,,,,,
71572,國立臺灣科技大學,,,,,
71534,國立臺灣科技大學,,,,,
71118,國立臺灣科技大學,,,,,
71424,國立臺灣科技大學,,,,,
71425,國立臺灣科技大學,,,,,
71468,國立臺灣科技大學,,,,,
71427,國立臺灣科技大學,,,,,
71469,國立臺灣科技大學,,,,,
71522,國立臺灣科技大學,,,,,
71476,國立臺灣科技大學,,,,,
71428,國立臺灣科技大學,,,,,
71124,國立臺灣科技大學,,,,,
71470,國立臺灣科技大學,,,,,
71128,國立臺灣科技大學,,,,,
71129,國立臺灣科技大學,,,,,
71130,國立臺灣科技大學,,,,,
71133,國立臺灣科技大學,,,,,
71135,國立臺灣科技大學,,,,,
71138,國立臺灣科技大學,,,,,
71142,國立臺灣科技大學,,,,,
71143,國立臺灣科技大學,,,,,
71144,國立臺灣科技大學,,,,,
71145,國立臺灣科技大學,,,,,
71146,國立臺灣科技大學,,,,,
71149,國立臺灣科技大學,,,,,
71150,國立臺灣科技大學,,,,,
71151,國立臺灣科技大學,,,,,
71152,國立臺灣科技大學,,,,,
71174,國立臺灣科技大學,,,,,
71175,國立臺灣科技大學,,,,,
71176,國立臺灣科技大學,,,,,
71200,國立臺灣科技大學,,,,,
71201,國立臺灣科技大學,,,,,
71203,國立臺灣科技大學,,,,,
71204,國立臺灣科技大學,,,,,
71205,國立臺灣科技大學,,,,,
71214,國立臺灣科技大學,,,,,
71215,國立臺灣科技大學,,,,,
71216,國立臺灣科技大學,,,,,
71217,國立臺灣科技大學,,,,,
71221,國立臺灣科技大學,,,,,
71222,國立臺灣科技大學,,,,,
71223,國立臺灣科技大學,,,,,
71224,國立臺灣科技大學,,,,,
71225,國立臺灣科技大學,,,,,
71226,國立臺灣科技大學,,,,,
71227,國立臺灣科技大學,,,,,
71228,國立臺灣科技大學,,,,,
71229,國立臺灣科技大學,,,,,
71230,國立臺灣科技大學,,,,,
71232,國立臺灣科技大學,,,,,
71234,國立臺灣科技大學,,,,,
71240,國立臺灣科技大學,,,,,
71241,國立臺灣科技大學,,,,,
71510,國立臺灣科技大學,,,,,
71511,國立臺灣科技大學,,,,,
71492,國立臺灣科技大學,,,,,
71550,國立臺灣科技大學,,,,,
71535,國立臺灣科技大學,,,,,
71255,國立臺灣科技大學,,,,,
71557,國立臺灣科技大學,,,,,
71262,國立臺灣科技大學,,,,,
71263,國立臺灣科技大學,,,,,
71267,國立臺灣科技大學,,,,,
71271,國立臺灣科技大學,,,,,
71380,國立臺灣科技大學,,,,,
71385,國立臺灣科技大學,,,,,
71392,國立臺灣科技大學,,,,,
71393,國立臺灣科技大學,,,,,
71394,國立臺灣科技大學,,,,,
71395,國立臺灣科技大學,,,,,
71396,國立臺灣科技大學,,,,,
71397,國立臺灣科技大學,,,,,
71398,國立臺灣科技大學,,,,,
71399,國立臺灣科技大學,,,,,
71407,國立臺灣科技大學,,,,,
71414,國立臺灣科技大學,,,,,
71416,國立臺灣科技大學,,,,,
71015,國立臺灣科技大學,,,,,
71084,國立臺灣科技大學,,,,,
71180,國立臺灣科技大學,,,,,
71181,國立臺灣科技大學,,,,,
71257,國立臺灣科技大學,,,,,
71259,國立臺灣科技大學,,,,,
71384,國立臺灣科技大學,,,,,
70979,國立臺灣科技大學,,,,,
70980,國立臺灣科技大學,,,,,
70981,國立臺灣科技大學,,,,,
70996,國立臺灣科技大學,,,,,
71031,國立臺灣科技大學,,,,,
71274,國立臺灣科技大學,,,,,
71275,國立臺灣科技大學,,,,,
71276,國立臺灣科技大學,,,,,
71277,國立臺灣科技大學,,,,,
71281,國立臺灣科技大學,,,,,
71282,國立臺灣科技大學,,,,,
71283,國立臺灣科技大學,,,,,
71284,國立臺灣科技大學,,,,,
71105,國立臺灣科技大學,,,,,
71273,國立臺灣科技大學,,,,,
71285,國立臺灣科技大學,,,,,
71418,國立臺灣科技大學,,,,,
71269,國立臺灣科技大學,,,,,
71272,國立臺灣科技大學,,,,,
71055,國立臺灣科技大學,,,,,
70982,國立臺灣科技大學,,,,,
70983,國立臺灣科技大學,,,,,
70991,國立臺灣科技大學,,,,,
71027,國立臺灣科技大學,,,,,
71077,國立臺灣科技大學,,,,,
71163,國立臺灣科技大學,,,,,
71178,國立臺灣科技大學,,,,,
71183,國立臺灣科技大學,,,,,
71184,國立臺灣科技大學,,,,,
71185,國立臺灣科技大學,,,,,
71186,國立臺灣科技大學,,,,,
71187,國立臺灣科技大學,,,,,
71188,國立臺灣科技大學,,,,,
71189,國立臺灣科技大學,,,,,
71190,國立臺灣科技大學,,,,,
71192,國立臺灣科技大學,,,,,
71286,國立臺灣科技大學,,,,,
71193,國立臺灣科技大學,,,,,
71209,國立臺灣科技大學,,,,,
71250,國立臺灣科技大學,,,,,
71287,國立臺灣科技大學,,,,,
71288,國立臺灣科技大學,,,,,
71196,國立臺灣科技大學,,,,,
71197,國立臺灣科技大學,,,,,
71270,國立臺灣科技大學,,,,,
70993,國立臺灣科技大學,,,,,
71024,國立臺灣科技大學,,,,,
71028,國立臺灣科技大學,,,,,
71103,國立臺灣科技大學,,,,,
71117,國立臺灣科技大學,,,,,
71131,國立臺灣科技大學,,,,,
71171,國立臺灣科技大學,,,,,
71179,國立臺灣科技大學,,,,,
71182,國立臺灣科技大學,,,,,
71289,國立臺灣科技大學,,,,,
71066,國立臺灣科技大學,,,,,
71140,國立臺灣科技大學,,,,,
71153,國立臺灣科技大學,,,,,
71165,國立臺灣科技大學,,,,,
71177,國立臺灣科技大學,,,,,
71290,,,,,,
71291,國立臺灣科技大學,,,,,
71293,國立臺灣科技大學,,,,,
71097,國立臺灣科技大學,,,,,
71099,國立臺灣科技大學,,,,,
71122,國立臺灣科技大學,,,,,
71260,國立臺灣科技大學,,,,,
71292,國立臺灣科技大學,,,,,
71295,國立臺灣科技大學,,,,,
71296,國立臺灣科技大學,,,,,
71297,,,,,,
71298,國立臺灣科技大學,,,,,
71506,國立臺灣科技大學,,,,,
71089,國立臺灣科技大學,,,,,
71173,國立臺灣科技大學,,,,,
71299,國立臺灣科技大學,,,,,
71382,國立臺灣科技大學,,,,,
71058,國立臺灣科技大學,,,,,
71059,國立臺灣科技大學,,,,,
71076,國立臺灣科技大學,,,,,
71078,國立臺灣科技大學,,,,,
71120,國立臺灣科技大學,,,,,
71154,國立臺灣科技大學,,,,,
71155,國立臺灣科技大學,,,,,
71156,國立臺灣科技大學,,,,,
71157,國立臺灣科技大學,,,,,
71158,國立臺灣科技大學,,,,,
71159,國立臺灣科技大學,,,,,
71160,國立臺灣科技大學,,,,,
71211,,,,,,
71302,國立臺灣科技大學,,,,,
71303,國立臺灣科技大學,,,,,
71500,國立臺灣科技大學,,,,,
71501,國立臺灣科技大學,,,,,
71404,國立臺灣科技大學,,,,,
71405,國立臺灣科技大學,,,,,
71406,國立臺灣科技大學,,,,,
71412,國立臺灣科技大學,,,,,
71067,國立臺灣科技大學,,,,,
71106,國立臺灣科技大學,,,,,
71566,國立臺灣科技大學,,,,,
71420,國立臺灣科技大學,,,,,
71119,國立臺灣科技大學,,,,,
70984,國立臺灣科技大學,,,,,
70985,國立臺灣科技大學,,,,,
71048,國立臺灣科技大學,,,,,
71050,國立臺灣科技大學,,,,,
71098,國立臺灣科技大學,,,,,
71127,國立臺灣科技大學,,,,,
71147,國立臺灣科技大學,,,,,
71265,國立臺灣科技大學,,,,,
71268,國立臺灣科技大學,,,,,
71304,國立臺灣科技大學,,,,,
71305,國立臺灣科技大學,,,,,
71306,國立臺灣科技大學,,,,,
71046,國立臺灣科技大學,,,,,
71503,國立臺灣科技大學,,,,,
71554,國立臺灣科技大學,,,,,
71029,國立臺灣科技大學,,,,,
71102,國立臺灣科技大學,,,,,
71208,國立臺灣科技大學,,,,,
71523,國立臺灣科技大學,,,,,
71022,國立臺灣科技大學,,,,,
71114,國立臺灣科技大學,,,,,
71125,國立臺灣科技大學,,,,,
71132,國立臺灣科技大學,,,,,
71213,國立臺灣科技大學,,,,,
71261,國立臺灣科技大學,,,,,
71308,,,,,,
71309,,,,,,
71310,國立臺灣科技大學,,,,,
71311,國立臺灣科技大學,,,,,
71312,國立臺灣科技大學,,,,,
71313,國立臺灣科技大學,,,,,
71314,國立臺灣科技大學,,,,,
71315,國立臺灣科技大學,,,,,
71547,國立臺灣科技大學,,,,,
71555,國立臺灣科技大學,,,,,
71210,國立臺灣科技大學,,,,,
71316,國立臺灣科技大學,,,,,
71400,國立臺灣科技大學,,,,,
71413,國立臺灣科技大學,,,,,
71531,國立臺灣科技大學,,,,,
71104,國立臺灣科技大學,,,,,
71319,,,,,,
71320,國立臺灣科技大學,,,,,
71401,國立臺灣科技大學,,,,,
71408,國立臺灣科技大學,,,,,
71410,國立臺灣科技大學,,,,,
71411,國立臺灣科技大學,,,,,
71426,國立臺灣科技大學,,,,,
71086,國立臺灣科技大學,,,,,
71006,國立臺灣科技大學,,,,,
71141,國立臺灣科技大學,,,,,
71549,國立臺灣科技大學,,,,,
71321,,,,,,
71134,國立臺灣科技大學,,,,,
71322,,,,,,
71323,,,,,,
71054,國立臺灣科技大學,,,,,
71091,國立臺灣科技大學,,,,,
71136,國立臺灣科技大學,,,,,
71148,國立臺灣科技大學,,,,,
71161,國立臺灣科技大學,,,,,
71162,國立臺灣科技大學,,,,,
71164,國立臺灣科技大學,,,,,
71172,國立臺灣科技大學,,,,,
71212,國立臺灣科技大學,,,,,
71556,國立臺灣科技大學,,,,,
71256,國立臺灣科技大學,,,,,
71324,,,,,,
71328,國立臺灣科技大學,,,,,
71329,國立臺灣科技大學,,,,,
71330,國立臺灣科技大學,,,,,
71331,國立臺灣科技大學,,,,,
71332,國立臺灣科技大學,,,,,
71333,國立臺灣科技大學,,,,,
71334,國立臺灣科技大學,,,,,
71387,國立臺灣科技大學,,,,,
71388,國立臺灣科技大學,,,,,
71390,國立臺灣科技大學,,,,,
71402,國立臺灣科技大學,,,,,
71403,國立臺灣科技大學,,,,,
71409,國立臺灣科技大學,,,,,
71431,國立臺灣科技大學,,,,,
71115,國立臺灣科技大學,,,,,
71116,國立臺灣科技大學,,,,,
71040,國立臺灣科技大學,,,,,
71041,國立臺灣科技大學,,,,,
71235,國立臺灣科技大學,,,,,
71238,國立臺灣科技大學,,,,,
71053,國立臺灣科技大學,,,,,
71471,國立臺灣科技大學,,,,,
71137,國立臺灣科技大學,,,,,
71167,國立臺灣科技大學,,,,,
71169,國立臺灣科技大學,,,,,
71335,,,,,,
71336,,,,,,
71052,國立臺灣科技大學,,,,,
71121,國立臺灣科技大學,,,,,
71207,國立臺灣科技大學,,,,,
71242,國立臺灣科技大學,,,,,
71244,國立臺灣科技大學,,,,,
71248,國立臺灣科技大學,,,,,
71251,國立臺灣科技大學,,,,,
71337,,,,,,
71338,國立臺灣科技大學,,,,,
71339,國立臺灣科技大學,,,,,
71340,國立臺灣科技大學,,,,,
71341,國立臺灣科技大學,,,,,
71342,國立臺灣科技大學,,,,,
71343,國立臺灣科技大學,,,,,
71344,國立臺灣科技大學,,,,,
71345,國立臺灣科技大學,,,,,
71346,國立臺灣科技大學,,,,,
71347,國立臺灣科技大學,,,,,
71348,國立臺灣科技大學,,,,,
71349,國立臺灣科技大學,,,,,
71350,國立臺灣科技大學,,,,,
71383,國立臺灣科技大學,,,,,
71430,國立臺灣科技大學,,,,,
71490,國立臺灣科技大學,,,,,
71552,國立臺灣科技大學,,,,,
71032,國立臺灣科技大學,,,,,
71039,國立臺灣科技大學,,,,,
71108,國立臺灣科技大學,,,,,
71109,國立臺灣科技大學,,,,,
71110,國立臺灣科技大學,,,,,
71233,國立臺灣科技大學,,,,,
71351,,,,,,
71352,,,,,,
71353,,,,,,
71033,國立臺灣科技大學,,,,,
71034,國立臺灣科技大學,,,,,
71035,國立臺灣科技大學,,,,,
71560,國立臺灣科技大學,,,,,
71095,國立臺灣科技大學,,,,,
71020,國立臺灣科技大學,,,,,
71021,國立臺灣科技大學,,,,,
71025,國立臺灣科技大學,,,,,
71026,國立臺灣科技大學,,,,,
71036,國立臺灣科技大學,,,,,
71037,國立臺灣科技大學,,,,,
71038,國立臺灣科技大學,,,,,
71060,國立臺灣科技大學,,,,,
71073,國立臺灣科技大學,,,,,
71074,國立臺灣科技大學,,,,,
71075,國立臺灣科技大學,,,,,
71080,國立臺灣科技大學,,,,,
71085,國立臺灣科技大學,,,,,
71087,國立臺灣科技大學,,,,,
71090,國立臺灣科技大學,,,,,
71123,國立臺灣科技大學,,,,,
71166,國立臺灣科技大學,,,,,
71168,國立臺灣科技大學,,,,,
71170,國立臺灣科技大學,,,,,
71198,國立臺灣科技大學,,,,,
71199,國立臺灣科技大學,,,,,
71206,國立臺灣科技大學,,,,,
71236,國立臺灣科技大學,,,,,
71237,國立臺灣科技大學,,,,,
71239,國立臺灣科技大學,,,,,
71243,國立臺灣科技大學,,,,,
71245,國立臺灣科技大學,,,,,
71246,國立臺灣科技大學,,,,,
71247,國立臺灣科技大學,,,,,
71249,國立臺灣科技大學,,,,,
71252,國立臺灣科技大學,,,,,
71253,國立臺灣科技大學,,,,,
71254,國立臺灣科技大學,,,,,
71258,國立臺灣科技大學,,,,,
71266,國立臺灣科技大學,,,,,
71354,,,,,,
71355,,,,,,
71356,,,,,,
71357,,,,,,
71358,,,,,,
71359,,,,,,
71360,,,,,,
71365,國立臺灣科技大學,,,,,
71366,國立臺灣科技大學,,,,,
71367,國立臺灣科技大學,,,,,
71368,,,,,,
71369,,,,,,
71370,國立臺灣科技大學,,,,,
71371,國立臺灣科技大學,,,,,
71372,,,,,,
71373,國立臺灣科技大學,,,,,
71374,國立臺灣科技大學,,,,,
71375,,,,,,
71376,國立臺灣科技大學,,,,,
71377,國立臺灣科技大學,,,,,
71378,,,,,,
71379,,,,,,
71421,國立臺灣科技大學,,,,,
71478,國立臺灣科技大學,,,,,
71479,國立臺灣科技大學,,,,,
71491,國立臺灣科技大學,,,,,
71494,國立臺灣科技大學,,,,,
71502,國立臺灣科技大學,,,,,
71505,國立臺灣科技大學,,,,,
71507,國立臺灣科技大學,,,,,
71508,國立臺灣科技大學,,,,,
71509,國立臺灣科技大學,,,,,
71521,國立臺灣科技大學,,,,,
71553,國立臺灣科技大學,,,,,
71559,國立臺灣科技大學,,,,,
71561,國立臺灣科技大學,,,,,
71565,國立臺灣科技大學,,,,,
71567,國立臺灣科技大學,,,,,
71570,國立臺灣科技大學,,,,,
71577,國立臺灣科技大學,,,,,
57967,創新領域學士學位學程,,,,,
51080,創新領域學士學位學程,,,,,
13781,創新領域學士學位學程,,,,,
19109,戲劇學研究所,,,,,
56580,戲劇學研究所,,,,,
49680,生物資訊學國際研究生學位學程,,,,,
10908,跨領域神經科學國際研究生博士學位學程,,,,,
57475,跨領域神經科學國際研究生博士學位學程 / 基因體與系統生物學學位學程,,,,,
27232,跨領域神經科學國際研究生博士學位學程,,,,,
11119,智慧聯網國際研究生博士學位學程,,,,,
49108,智慧聯網國際研究生博士學位學程,,,,,
28249,智慧聯網國際研究生博士學位學程,,,,,
53146,智慧聯網國際研究生博士學位學程,,,,,
16195,智慧聯網國際研究生博士學位學程,,,,,
32350,智慧聯網國際研究生博士學位學程,,,,,
37168,智慧聯網國際研究生博士學位學程,,,,,
33498,智慧聯網國際研究生博士學位學程,,,,,
95037,智慧聯網國際研究生博士學位學程,,,,,
55883,臺灣文學研究所,,,,,
54710,臺灣文學研究所,,,,,
32973,臨床動物醫學研究所,,,,,
13613,臨床動物醫學研究所,,,,,
40566,臨床動物醫學研究所,,,,,
49646,臨床動物醫學研究所,,,,,
20243,臨床動物醫學研究所,,,,,
57778,臨床動物醫學研究所,,,,,
54625,臨床動物醫學研究所,,,,,
25828,臨床動物醫學研究所,,,,,
12686,臨床動物醫學研究所,,,,,
15134,獸醫學系,,,,,
36015,獸醫學系,,,,,
16000,獸醫學系,,,,,
33642,獸醫學系 / 神經生物與認知科學學程,,,,,
47713,獸醫學系,,,,,
21070,獸醫學系,,,,,
29532,獸醫學系,,,,,
45666,獸醫學系,,,,,
49339,獸醫學系,,,,,
17637,獸醫學系,,,,,
49729,獸醫學系,,,,,
30638,獸醫學系,,,,,
38025,獸醫學系,,,,,
45320,獸醫學系,,,,,
28699,獸醫學系,,,,,
34302,獸醫學系,,,,,
16974,獸醫學系,,,,,
28888,獸醫學系,,,,,
41267,獸醫學系,,,,,
49636,獸醫學系,,,,,
24249,獸醫學系,,,,,
17519,獸醫學系,,,,,
17009,獸醫學系,,,,,
30013,獸醫學系,,,,,
33536,獸醫學系,,,,,
15174,獸醫學系,,,,,
26390,獸醫學系,,,,,
27648,分子暨比較病理生物學研究所 / 獸醫學研究所 / 獸醫學系,,,,,
42265,獸醫學系,,,,,
95054,分子暨比較病理生物學研究所 / 獸醫學研究所 / 獸醫學系,,,,,
33752,動物福祉學分學程 / 獸醫學系,,,,,
11322,獸醫學研究所,,,,,
50430,獸醫學系,,,,,
16731,獸醫學系,,,,,
32656,,,,,,
48080,獸醫學研究所,,,,,
52571,獸醫學研究所,,,,,
37024,獸醫學研究所,,,,,
50108,獸醫學研究所,,,,,
58087,獸醫學研究所,,,,,
28117,歐洲暨歐盟研究學程 / 外國語文學系,,,,,
29380,歐洲暨歐盟研究學程 / 外國語文學系,,,,,
26279,外國語文學系,,,,,
95002,外國語文學系,,,,,
31711,,,,,,
36830,,,,,,
59483,外國語文學系 / 中英翻譯學程,,,,,
50060,外國語文學系 / 中英翻譯學程,,,,,
53555,外國語文學系 / 中英翻譯學程,,,,,
32496,外國語文學系 / 中英翻譯學程,,,,,
40028,外國語文學研究所,,,,,
57528,外國語文學研究所,,,,,
29453,外國語文學研究所,,,,,
27946,外國語文學研究所,,,,,
23204,外國語文學研究所,,,,,
20745,外國語文學研究所,,,,,
15138,外國語文學研究所,,,,,
95004,外國語文學研究所,,,,,
95005,外國語文學研究所,,,,,
95006,外國語文學研究所,,,,,
16031,外國語文學研究所,,,,,
18818,外國語文學研究所,,,,,
56664,外國語文學研究所 / 西洋古典學學分學程,,,,,
49464,外國語文學研究所,,,,,
39293,外國語文學研究所,,,,,
35554,外國語文學研究所,,,,,
15589,食品科技研究所 / 保健營養學程,,,,,
27717,食品科技研究所,,,,,
43532,食品科技研究所,,,,,
34315,食品科技研究所,,,,,
35445,食品科技研究所,,,,,
22939,食品科技研究所,,,,,
15774,食品科技研究所,,,,,
34862,食品科技研究所,,,,,
38628,食品科技研究所,,,,,
10838,食品科技研究所,,,,,
37770,食品科技研究所,,,,,
54560,食品科技研究所,,,,,
41816,食品科技研究所,,,,,
32359,食品科技研究所,,,,,
53030,食品科技研究所,,,,,
26534,食品科技研究所,,,,,
27268,森林環境暨資源學系,,,,,
21271,森林環境暨資源學系,,,,,
15153,森林環境暨資源學系,,,,,
36846,森林環境暨資源學系,,,,,
39460,森林環境暨資源學系,,,,,
14938,森林環境暨資源學系,,,,,
40093,森林環境暨資源學系,,,,,
23131,森林環境暨資源學系,,,,,
57560,森林環境暨資源學系 / 森林環境暨資源學研究所,,,,,
29694,森林環境暨資源學研究所,,,,,
14961,森林環境暨資源學研究所,,,,,
39384,森林環境暨資源學研究所,,,,,
22335,森林環境暨資源學研究所,,,,,
44800,森林環境暨資源學研究所,,,,,
58044,森林環境暨資源學研究所,,,,,
31233,森林環境暨資源學研究所,,,,,
37451,森林環境暨資源學研究所,,,,,
44109,森林環境暨資源學研究所,,,,,
50668,森林環境暨資源學研究所,,,,,
27874,森林環境暨資源學研究所,,,,,
43896,森林環境暨資源學研究所,,,,,
29854,森林環境暨資源學研究所,,,,,
10137,森林環境暨資源學研究所,,,,,
39687,森林環境暨資源學研究所,,,,,
13797,森林環境暨資源學研究所,,,,,
42890,森林環境暨資源學研究所,,,,,
50826,森林環境暨資源學研究所,,,,,
54810,森林環境暨資源學研究所,,,,,
40125,森林環境暨資源學研究所,,,,,
37572,法醫學研究所,,,,,
12956,法醫學研究所,,,,,
44322,法醫學研究所,,,,,
27629,共同教育組,,,,,
41161,,,,,,
95078,基因體與系統生物學學位學程,,,,,
50355,基因體與系統生物學學位學程,,,,,
29084,基因體與系統生物學學位學程,,,,,
46351,基因體與系統生物學學位學程,,,,,
20890,基因體與系統生物學學位學程,,,,,
43316,基因體與系統生物學學位學程,,,,,
46027,基因體與系統生物學學位學程,,,,,
53171,基因體與系統生物學學位學程,,,,,
21422,基因體與系統生物學學位學程,,,,,
32588,基因體與系統生物學學位學程,,,,,
42591,基因體與系統生物學學位學程,,,,,
45375,基因體與系統生物學學位學程,,,,,
40037,基因體與系統生物學學位學程,,,,,
43477,基因體與系統生物學學位學程,,,,,
19078,基因體與系統生物學學位學程,,,,,
33597,基因體與系統生物學學位學程,,,,,
43766,基因體與系統生物學學位學程,,,,,
54175,基因體與系統生物學學位學程,,,,,
36891,基因體與系統生物學學位學程,,,,,
31247,基因體與系統生物學學位學程,,,,,
34107,基因體與系統生物學學位學程,,,,,
57799,地質科學系,,,,,
53386,地質科學系,,,,,
25986,地質科學系,,,,,
54679,地質科學系,,,,,
95079,地質科學研究所,,,,,
32358,地質科學系,,,,,
22553,地質科學系 / 地質科學研究所,,,,,
95043,地質科學系 / 地質科學研究所,,,,,
38135,地質科學研究所,,,,,
42369,地質科學研究所,,,,,
20054,地質科學研究所,,,,,
10330,地質科學研究所,,,,,
51319,地理環境資源學系,,,,,
41933,地理環境資源學系,,,,,
29214,地理環境資源學系,,,,,
51225,地理環境資源學系,,,,,
15937,地理環境資源學系,,,,,
58985,地理環境資源學系,,,,,
22887,地理環境資源學系,,,,,
59363,地理環境資源學系 / 人口學程 / 統計碩士學位學程 / 地理環境資源學研究所,,,,,
28510,地理環境資源學研究所,,,,,
29195,地理環境資源學研究所,,,,,
54575,腦與心智科學研究所,,,,,
36307,腦與心智科學研究所 / 神經生物與認知科學學程,,,,,
36720,公共事務研究所,,,,,
46383,管理學院企業管理碩士專班(GMBA),,,,,
16728,中英翻譯學程 / 翻譯碩士學位學程,,,,,
46413,翻譯碩士學位學程 / 中英翻譯學程,,,,,
43785,翻譯碩士學位學程,,,,,
45241,翻譯碩士學位學程,,,,,
41372,翻譯碩士學位學程,,,,,
42996,翻譯碩士學位學程,,,,,
10813,翻譯碩士學位學程,,,,,
53388,翻譯碩士學位學程,,,,,
24561,翻譯碩士學位學程,,,,,
23189,翻譯碩士學位學程,,,,,
11114,翻譯碩士學位學程,,,,,
28361,翻譯碩士學位學程,,,,,
10806,翻譯碩士學位學程,,,,,
40338,翻譯碩士學位學程,,,,,
25589,翻譯碩士學位學程,,,,,
24213,翻譯碩士學位學程,,,,,
56553,翻譯碩士學位學程,,,,,
34400,翻譯碩士學位學程,,,,,
18204,健康行為與社區科學研究所,,,,,
16954,健康行為與社區科學研究所,,,,,
53383,健康行為與社區科學研究所,,,,,
12705,健康行為與社區科學研究所,,,,,
23453,健康行為與社區科學研究所,,,,,
27672,健康行為與社區科學研究所,,,,,
48233,健康行為與社區科學研究所 / 台灣大學遠距教學課程,,,,,
11403,健康行為與社區科學研究所,,,,,
17314,健康行為與社區科學研究所,,,,,
18668,健康數據拓析統計研究所,,,,,
40429,歷史學系,,,,,
24474,歷史學系,,,,,
18367,歷史學系,,,,,
49713,歷史學系,,,,,
57337,歷史學系,,,,,
34256,歷史學研究所,,,,,
56407,歷史學研究所,,,,,
55695,歷史學研究所,,,,,
40506,歷史學研究所,,,,,
16910,歷史學研究所,,,,,
25587,歷史學研究所,,,,,
54581,歷史學研究所,,,,,
27674,歷史學研究所,,,,,
59379,歷史學研究所,,,,,
44272,歷史學研究所,,,,,
45768,歷史學研究所,,,,,
18585,歷史學研究所,,,,,
40555,歷史學研究所,,,,,
22202,歷史學研究所,,,,,
11438,歷史學研究所,,,,,
53141,歷史學研究所,,,,,
18758,歷史學研究所,,,,,
45288,歷史學研究所,,,,,
10511,歷史學研究所,,,,,
30168,歷史學研究所,,,,,
37362,歷史學研究所,這是一門討論中國思想史上若干專題的課程，採取的方法是平行研讀幾本具有代表性的中國思想史通貫著作，並且搭配晚近新出的作品。歡迎有興趣嚴肅閱讀、認真討論下面這些文獻與課題的同學參與本課程。研究討論課(seminar)本來就是教師與同學們的一場共同實驗與冒險，其學習效率與成果端賴於所有參與者的志願與磨合。,一方面為中國思想史的面的認識打下基礎，同時又能對若干專題性的點進行比較有突破性的探討。,"無期中考。期末作業是一篇6000-10000字書面報告，題目須事先諮詢教師同意，以電腦打印於A4紙張，字型不得小於11，兩倍行距，留有適當邊界以便教師眉批，其他格式則依循自選期刊論文慣例，以全篇一致為原則。
每次上課全體必讀《錢新祖集》，三位同學各自挑選一位其他書做比較研究報告，重點不只在於各家講了甚麼，還要顧及各家怎麼講的，不要急於評騭高下。
口頭報告與討論皆寧短勿長，以言之有物、不浪費聽眾時間為原則，切忌天馬行空。","60%	

課堂參與表現

含基本課堂要求如準時出席、遵守秩序、講義準備、詢答合度等


40%	

期末報告

本校尚無訂定 A+ 比例上限。
本校採用等第制評定成績，學生成績評量辦法中的百分制分數區間與單科成績對照表僅供參考，授課教師可依等第定義調整分數區間。詳見 學習評量專區。",7-9 hrs.
28008,歷史學研究所,本課程為本系地方社會研究教學平台之碩士班課程，主要目的在讓修課學生每週針對特定議題的學術史以及史料的系統討論後，能在學期末完成一篇專題研究論文或是學位論文研究計畫。,主要目的在讓修課學生每週針對特定議題的學術史以及史料的系統討論後，能在學期末完成一篇專題研究論文或是學位論文研究計畫。,"1.	課程參與 20 %
2.	課堂報告 40%
3.	期末專題論文 40%","20%	

課程參與


40%	

課堂報告


40%	

期末報告

本校尚無訂定 A+ 比例上限。
本校採用等第制評定成績，學生成績評量辦法中的百分制分數區間與單科成績對照表僅供參考，授課教師可依等第定義調整分數區間。詳見 學習評量專區。",4-8 小時
36571,歷史學研究所,,,,,
26164,歷史學研究所,,,,,
10776,歷史學研究所,,,,,
20441,歷史學研究所,,,,,
10845,歷史學研究所,,,,,
27320,歷史學研究所,,,,,
16924,歷史學研究所,,,,,
22455,歷史學研究所,,,,,
28671,歷史學研究所,,,,,
25722,歷史學研究所,,,,,
48368,歷史學研究所,,,,,
33334,歷史學研究所,,,,,
36108,歷史學研究所,,,,,
12284,歷史學研究所,,,,,
55982,園藝暨景觀學系,,,,,
41967,園藝暨景觀學系,"本課程旨在透過一系列的初階設計習作（Design Studio），激發初學者對環境設計的興趣（尤其是偏重景觀、空間與藝術交集的範疇），使同學們能從做中學習（Learning by doing），在習作中操作，體驗及認知到基本的設計原則（Design principle）、設計元素（Design element）的掌握與運用，並透過簡易、常見素材應用，製作圖面及模型習作，甚至在現場基地實作，力求真正覺知景觀空間形塑的過程。課程實施方式如下:
1、個別改圖、分組改圖分組討論，課堂貼圖之非正式評圖，由助教協助課堂實作。
2、總評為正式之評圖、展示符合習作題目要求尺寸之正圖或正模（作業繳交時間，詳見習作說明上之規定）。","1.培養、強化同學對於環境的敏感度及觀察能力。
2.鼓勵創意思考，啟發並刺激同學的想像及創造能力。
3.培養空間設計，熟悉創造過程，培養溝通、表現能力。
4.促使同學養成用眼觀察、用腦思考、用心體悟、用口表達、用手繪製的設計運作習慣。","1、準時按規定繳交設計習作成品。
2、彙整編排作品，作為本學期個人設計作品集。","30%	

Report I

每周活動10%+期初總評20%


30%	

Report II


30%	

Final report

每周活動10%+期末總評20%


10%	

In class participation

各階段參與與點名

本校尚無訂定 A+ 比例上限。
本校採用等第制評定成績，學生成績評量辦法中的百分制分數區間與單科成績對照表僅供參考，授課教師可依等第定義調整分數區間。詳見 學習評量專區。",
30010,園藝暨景觀學系,,,,,
18879,園藝暨景觀學系,,,,,
11831,園藝暨景觀學系,,,,,
45765,園藝暨景觀學系,,,,,
33093,園藝暨景觀學系,,,,,
33922,園藝暨景觀學系,,,,,
33876,園藝暨景觀學系,,,,,
48132,園藝暨景觀學系,,,,,
12570,園藝暨景觀學系,,,,,
19976,園藝暨景觀學系,,,,,
25426,園藝暨景觀學系,,,,,
42411,園藝暨景觀學系,,,,,
46266,園藝暨景觀學系,,,,,
34316,園藝暨景觀學系,,,,,
31593,園藝暨景觀學系,,,,,
14382,園藝暨景觀學系,,,,,
21577,園藝暨景觀學系,,,,,
42642,園藝暨景觀學系,,,,,
34783,園藝暨景觀學系,,,,,
40088,園藝暨景觀學系 / 園藝作物組,,,,,
34591,園藝暨景觀學系 / 園藝作物組,,,,,
22548,園藝作物組,,,,,
38128,園藝作物組,,,,,
25030,園藝作物組,,,,,
29880,園藝作物組,,,,,
36005,園產品處理及利用組,,,,,
49367,園藝暨景觀學研究所,,,,,
48911,園藝暨景觀學研究所,,,,,
19482,園藝暨景觀學研究所,,,,,
24124,園藝暨景觀學研究所,,,,,
36449,園藝暨景觀學研究所,a,,,,
11593,園藝暨景觀學研究所,,,,,
27490,園產品處理及利用組,,,,,
52198,園藝作物組 / 景觀暨休憩組 / 園產品處理及利用組,,,,,
32313,園藝暨景觀學研究所,,,,,
54339,園藝暨景觀學研究所,,,,,
14271,園藝暨景觀學研究所,,,,,
10142,園藝暨景觀學研究所,,,,,
56788,園藝暨景觀學研究所,,,,,
33858,園藝作物組,本課程為園藝系作物組博士生必選課程；僅限博士生選修。,增強園藝系作物組博士生園藝作物生理知識與邏輯思辨能力,由各授課教授自行規劃,"100%	

由各位授課教師分別評分

本校尚無訂定 A+ 比例上限。
本校採用等第制評定成績，學生成績評量辦法中的百分制分數區間與單科成績對照表僅供參考，授課教師可依等第定義調整分數區間。詳見 學習評量專區。",3小時
30859,園藝作物組,,,,,
30491,園藝暨景觀學研究所,,,,,
25878,園藝暨景觀學研究所,,,,,
20448,園藝暨景觀學研究所,,,,,
29330,園藝暨景觀學研究所,,,,,
44175,園藝暨景觀學研究所,,,,,
15144,園藝暨景觀學研究所,,,,,
25688,園藝暨景觀學研究所,,,,,
20274,園藝暨景觀學研究所,,,,,
41643,園藝暨景觀學研究所,,,,,
38753,園藝暨景觀學研究所,,,,,
10165,園藝暨景觀學研究所,,,,,
32594,健康政策與管理研究所,"介紹及討論健康照護組織策略管理的基本原理、概念及案例。  Introduce and discuss the basic principles, concepts and cases of strategic management of health care organizations.","1. 瞭解策略作為宏觀概念及其對健康照護產業的影響  Understand strategy as a macro concept and its impact on the health care industry.
2. 瞭解策略產業組織經濟學觀點  Understand the industrial organization economics view of strategy.
3. 熟悉各組織的策略選擇及執行  Be familiar with strategic selection and implementation of various health care organizations.",,"20%	

課堂參與


40%	

課堂報告


40%	

期末報告

本校尚無訂定 A+ 比例上限。
本校採用等第制評定成績，學生成績評量辦法中的百分制分數區間與單科成績對照表僅供參考，授課教師可依等第定義調整分數區間。詳見 學習評量專區。",
50988,健康政策與管理研究所,,,,,
31501,健康政策與管理研究所,,,,,
49379,健康政策與管理研究所,,,,,
19041,健康政策與管理研究所,,,,,
42099,健康政策與管理研究所,,,,,
13116,健康政策與管理研究所,,,,,
50269,健康政策與管理研究所,,,,,
41864,健康政策與管理研究所,,,,,
11331,健康政策與管理研究所,,,,,
13629,健康政策與管理研究所,,,,,
57127,健康政策與管理研究所,,,,,
24585,健康政策與管理研究所,,,,,
39079,健康政策與管理研究所,,,,,
54869,應用數學科學研究所,,,,,
44829,國際企業學系,,,,,
32755,國際企業學系,,,,,
36482,國際企業學系,,,,,
29019,品牌與顧客經營學分學程 / 國際企業學研究所 / 國際企業學系,,,,,
27171,國際企業學系 / 國際企業學研究所,,,,,
57415,國際企業學系 / 國際企業學研究所,,,,,
15020,國際企業學研究所,,,,,
16678,國際企業學研究所,,,,,
58390,國際企業學研究所,,,,,
56047,國際企業學研究所,,,,,
37490,國際企業學研究所,,,,,
34255,國際企業學研究所,,,,,
20715,國際企業學研究所,,,,,
39233,國際企業學研究所,,,,,
21557,國際企業學研究所,,,,,
44634,國際企業學研究所,,,,,
16142,積體電路設計與自動化碩士學位學程,,,,,
17554,積體電路設計與自動化碩士學位學程,,,,,
30247,積體電路設計與自動化碩士學位學程,,,,,
40407,積體電路設計與自動化碩士學位學程,,,,,
21054,積體電路設計與自動化碩士學位學程,,,,,
29927,積體電路設計與自動化碩士學位學程,,,,,
46560,積體電路設計與自動化碩士學位學程,,,,,
22190,積體電路設計與自動化碩士學位學程,,,,,
44092,積體電路設計與自動化碩士學位學程,,,,,
45266,積體電路設計與自動化碩士學位學程,,,,,
19084,積體電路設計與自動化碩士學位學程,,,,,
40604,積體電路設計與自動化碩士學位學程,,,,,
57996,積體電路設計與自動化碩士學位學程,,,,,
49664,積體電路設計與自動化碩士學位學程,,,,,
53876,積體電路設計與自動化碩士學位學程,,,,,
26004,積體電路設計與自動化碩士學位學程,,,,,
43100,積體電路設計與自動化碩士學位學程,,,,,
53433,積體電路設計與自動化碩士學位學程,,,,,
43365,積體電路設計與自動化碩士學位學程,,,,,
33236,積體電路設計與自動化碩士學位學程,,,,,
58942,積體電路設計與自動化碩士學位學程,,,,,
44007,積體電路設計與自動化碩士學位學程,,,,,
26823,積體電路設計與自動化碩士學位學程,,,,,
24884,積體電路設計與自動化碩士學位學程,,,,,
30194,積體電路設計與自動化碩士學位學程,,,,,
10690,積體電路設計與自動化博士學位學程,,,,,
24812,積體電路設計與自動化博士學位學程,,,,,
10245,積體電路設計與自動化博士學位學程,,,,,
18038,積體電路設計與自動化博士學位學程,,,,,
52318,積體電路設計與自動化博士學位學程,,,,,
31209,積體電路設計與自動化博士學位學程,,,,,
48604,積體電路設計與自動化博士學位學程,,,,,
21596,積體電路設計與自動化博士學位學程,,,,,
15518,工業工程學研究所,,,,,
28230,工業工程學研究所,,,,,
14254,工業工程學研究所,,,,,
40564,工業工程學研究所,,,,,
44704,工業工程學研究所,,,,,
24737,工業工程學研究所,,,,,
34614,工業工程學研究所,,,,,
34227,工業工程學研究所,,,,,
29923,工業工程學研究所,,,,,
34183,工業工程學研究所,,,,,
55823,工業工程學研究所,,,,,
16507,工業工程學研究所,,,,,
47055,工業工程學研究所,,,,,
47275,工業工程學研究所,,,,,
34912,工業工程學研究所,,,,,
47128,工業工程學研究所,,,,,
59733,工業工程學研究所,,,,,
54005,工業工程學研究所,,,,,
41540,智慧工程科技全英語學士學位學程 / 工學院院學士學位,,,,,
10492,智慧工程科技全英語學士學位學程,,,,,
38320,智慧工程科技全英語學士學位學程,,,,,
48372,智慧工程科技全英語學士學位學程,,,,,
40240,食品安全與健康研究所,,,,,
38591,食品安全與健康研究所,,,,,
54417,資訊管理學系,,,,,
28849,資訊管理學系,,,,,
53220,資訊管理學系,,,,,
11567,資訊管理學系,,,,,
34659,資訊管理學系,,,,,
49415,資訊管理學系,,,,,
59413,資訊管理學系,,,,,
35228,資訊管理學系,,,,,
23398,資訊管理學系,,,,,
25340,資訊管理學系,,,,,
21514,資訊管理學系,,,,,
16486,資訊管理學系 / 資訊管理學研究所,,,,,
43506,資訊管理學研究所,,,,,
47709,資訊管理學研究所,"The purpose of the course is to provide a seminar on leading issues in the area of distributed computing and systems. Some selected papers will be assigned to the students for presentation and discussions, hoping to stimulate new research ideas and directions.",,,,
34068,資訊管理學研究所,,,,,
35516,資訊管理學研究所,,,,,
38022,資訊管理學研究所,,,,,
13095,資訊管理學研究所,,,,,
47904,資訊管理學研究所,,,,,
95038,統計碩士學位學程,,,,,
11683,統計碩士學位學程,,,,,
38250,統計碩士學位學程,,,,,
20462,統計碩士學位學程,,,,,
37114,統計碩士學位學程,,,,,
20872,氣候變遷與永續發展國際學位學程,,,,,
11684,氣候變遷與永續發展國際學位學程,,,,,
12433,氣候變遷與永續發展國際學位學程,,,,,
26471,氣候變遷與永續發展國際學位學程,,,,,
39388,氣候變遷與永續發展國際學位學程,,,,,
29233,氣候變遷與永續發展國際學位學程,,,,,
16729,氣候變遷與永續發展國際學位學程,,,,,
38746,氣候變遷與永續發展國際學位學程,,,,,
38056,氣候變遷與永續發展國際學位學程,,,,,
27337,氣候變遷與永續發展國際學位學程,,,,,
23120,氣候變遷與永續發展國際學位學程,,,,,
41942,氣候變遷與永續發展國際學位學程,,,,,
56907,氣候變遷與永續發展國際學位學程,,,,,
95063,新聞研究所,,,,,
52225,新聞研究所,,,,,
19763,新聞研究所,,,,,
48154,新聞研究所,,,,,
57437,日本語文學研究所,,,,,
56371,,本,"在於讓同學瞭解環境問題背後的制度面因素及其如何影響環境現況與發展。課程名稱雖為「環境法」，但內容並不以法律為限，而是涵蓋環境問題的成因、因應制度及執行成效的評估與檢討，強調法律制度與環境問題的整體界面。課程內容結合生態、經濟、政策、科技等面向，作政策與法律的分析與探討，並以臺灣實際面臨的環境制度問題作為探討對象。本課程討論的主題包括：環境議題的發展歷程、環境權的論爭、環境立法、環境管制結構、環境影響評估、環境訴訟、環境責任，以及國際環境議題等。
課程目標
本課程的目標，在於讓同學瞭解環境問題背後的制度面因素及其如何影響環境上的現況。雖然是法律課程，但希望同學能知道法律制度背後的經濟社會與政治因素與考量。",本課程進行方式包括教師演講以及課堂討論。每週均有指定的閱讀進度，修課同學須於上課前事先閱讀。授課教師將於課堂中討論當週,,
21403,法律學系,,,,,
13590,科際整合法律學研究所 / 法律研究所 / 法律學系,,,,,
12805,科際整合法律學研究所 / 法律研究所,本專題研究選擇公司法重要議題，輔以相關之法院判決為教材，由修課同學個別報告後共同討論。學期中，擬邀請法律實務家，利用一到兩次之課堂時間，分享企業法制之實務經驗。,從司法判決之解析，檢討司法實務之趨勢是否符合立法目的，或針對司法實務見解不一致之情形，嘗試提出立法論之建言，藉此強化研究所同學對我國公司法議題之掌握。,修課同學除個別口頭報告外，期末尚須繳交一份書面報告。,"50%	

出席及個別口頭報告


50%	

期末書面報告

本校尚無訂定 A+ 比例上限。
本校採用等第制評定成績，學生成績評量辦法中的百分制分數區間與單科成績對照表僅供參考，授課教師可依等第定義調整分數區間。詳見 學習評量專區。",每位同學個別報告前，請詳盡準備報告內容。
15393,科際整合法律學研究所 / 法律研究所,,,,,
27655,法律研究所 / 科際整合法律學研究所,,,,,
32734,科際整合法律學研究所 / 法律研究所,,,,,
42144,法律研究所 / 科際整合法律學研究所,,,,,
49246,法律研究所,,,,,
34943,法律研究所,,,,,
27922,科際整合法律學研究所,,,,,
37266,科際整合法律學研究所,,,,,
12777,科際整合法律學研究所,,,,,
58255,科際整合法律學研究所,,,,,
27555,語言學研究所 / 神經生物與認知科學學程,,,,,
59870,,,,,,
27007,語言學研究所,,,,,
45124,神經生物與認知科學學程 / 語言學研究所,,,,,
21456,語言學研究所 / 神經生物與認知科學學程,,,,,
42082,語言學研究所,,,,,
50319,語言學研究所,,,,,
37626,語言學研究所,,,,,
35519,圖書資訊學系,,,,,
33505,圖書資訊學系,,,,,
38701,圖書資訊學系,,,,,
35344,圖書資訊學系,,,,,
21753,圖書資訊學系,,,,,
13514,,,,,,
95089,圖書資訊學系,,,,,
41906,圖書資訊學研究所,,,,,
25457,圖書資訊學研究所,,,,,
45772,圖書資訊學研究所,,,,,
34764,圖書資訊學研究所,,,,,
53932,圖書資訊學研究所,,,,,
44138,圖書資訊學研究所,,,,,
48454,圖書資訊學研究所,,,,,
35520,圖書資訊學研究所,,,,,
41126,圖書資訊學研究所,,,,,
57514,圖書資訊學研究所,,,,,
56296,圖書資訊學研究所,,,,,
36606,圖書資訊學研究所,,,,,
21994,圖書資訊學研究所,,,,,
40224,圖書資訊學研究所,,,,,
51859,圖書資訊學研究所,,,,,
50423,圖書資訊學研究所,,,,,
23541,圖書資訊學研究所,,,,,
48795,圖書資訊學研究所,,,,,
22664,圖書資訊學研究所,,,,,
54384,圖書資訊學研究所,,,,,
45536,圖書資訊學研究所,,,,,
52784,圖書資訊學研究所,,,,,
33664,圖書資訊學研究所,,,,,
15132,圖書資訊學研究所,,,,,
41644,圖書資訊學研究所,,,,,
25362,圖書資訊學研究所,,,,,
36671,圖書資訊學研究所,,,,,
18606,圖書資訊學研究所,,,,,
15136,森林環境暨資源學系,,,,,
47287,,,,,,
22880,,,,,,
53769,生命科學系,,,,,
55697,,,,,,
19822,,,,,,
26905,生命科學系,,,,,
27835,生命科學系,,,,,
31726,生命科學系,,,,,
22024,,,,,,
14257,生命科學系,,,,,
22310,生命科學系,,,,,
50840,生命科學系,,,,,
48152,生命科學系,,,,,
14065,生命科學系,,,,,
30784,生命科學系,,,,,
44901,生命科學系,,,,,
58698,生命科學系,,,,,
54100,生命科學系,,,,,
24275,生命科學系,,,,,
57321,生命科學系,,,,,
20285,生命科學系 / 生命科學院院學士學位,,,,,
47769,生命科學系,,,,,
54817,生命科學系,,,,,
12794,生命科學系,,,,,
50507,生命科學系,,,,,
58221,生命科學系,,,,,
59892,生命科學所,,,,,
48415,生命科學所,,,,,
52147,生命科學所 / 神經生物與認知科學學程,,,,,
17312,生命科學所,,,,,
59515,生命科學所 / 生命科學系,,,,,
31396,生命科學所,,,,,
13524,生命科學所,,,,,
17070,生命科學所 / 生命科學院院學士學位,,,,,
42964,生命科學所 / 生命科學院院學士學位,,,,,
29525,生命科學所,,,,,
36139,神經生物與認知科學學程 / 生命科學所,,,,,
28796,生命科學所,,,,,
42542,生命科學所,,,,,
43583,生命科學所,,,,,
32255,生命科學所,,,,,
27046,生命科學所,,,,,
13558,數學系,,,,,
95009,數學系,,,,,
95051,數學系,,,,,
95059,數學系,,,,,
45914,數學研究所,,,,,
23658,數學系 / 數學研究所,,,,,
16908,,,,,,
12895,數學研究所,,,,,
41388,數學研究所 / 應用數學科學研究所,,,,,
43576,數學研究所,,,,,
10390,數學研究所,,,,,
23095,工商管理學系 / 商學研究所,"Psychology is one of the major contributing disciplines to management. As a field of study, psychology builds its systematic knowledge upon both rigorous scientific methodology and deep humanistic concerns. With such a unique dual characteristic, psychological knowledge is easily applied to issues at work and problems of management, such as creativity and innovation, interpersonal influence and leadership, communication and motivation, personality assessment and talent development, interpersonal relationships at work, team collaboration and conflict management, occupational stress and work well-being, etc. It is hoped that students will have a fair grasp of basic theories and research in psychology, especially those closely related to the human aspects of various work and management issues. With such knowledge, students will be able to apply psychology to promote both productivity and well-being in their future work.","1. Appreciate the importance and implications of psychological knowledge.
2. Learn the basic concepts, theories, and research in the relevant subfields of psychology.
3. Learn to apply the systematic knowledge of psychological science at work.
4. Enhance self-awareness and practical social and teamwork skills in the business environment.","1. Attend every class and actively participate in classroom activities.
2. Participate in Work Group activities and contribute constructively to the Term Project.
3. Complete assignments on time.","20%	

出席及課堂活動參與

含課堂小組作業


20%	

個案討論

含個案報告


10%	

個人作業


50%	

期末報告

本校尚無訂定 A+ 比例上限。
本校採用等第制評定成績，學生成績評量辦法中的百分制分數區間與單科成績對照表僅供參考，授課教師可依等第定義調整分數區間。詳見 學習評量專區。",課前3，課後3
27240,財務金融學研究所,,,,,
44644,商學研究所,,,,,
27146,商學研究所,,,,,
55258,商學研究所,,,,,
20773,商學研究所,,,,,
95034,商學研究所,,,,,
57088,商學研究所,,,,,
44479,商學研究所,本課程將邀請科管領域不同教職發展路徑的教授前來課堂上與學生分享其個人經歷，提供科管組學生與學術界前輩交流的機會。,"1. 協助本所科技管理組博士生了解科技管理教職工作發展的不同路徑
2. 提供本所科技管理組博士生的學術交流機會
3. 啟發本所科技管理組博士生於教職發展之規劃想法",請務必於課堂前5~10分鐘抵達教室,,1 hour
21826,商學研究所,,,,,
15400,分子與細胞生物學研究所,,,,,
14743,分子與細胞生物學研究所,,,,,
37571,,,,,,
31238,分子與細胞生物學研究所,,,,,
23608,分子與細胞生物學研究所,,,,,
37146,,,,,,
35169,分子與細胞生物學研究所,,,,,
16340,分子與細胞生物學研究所,,,,,
24455,分子與細胞生物學研究所,,,,,
39593,分子與細胞生物學研究所,,,,,
57302,分子與細胞生物學研究所,,,,,
53789,分子與細胞生物學研究所,,,,,
29589,分子與細胞生物學研究所,,,,,
12047,分子與細胞生物學研究所,,,,,
18124,分子與細胞生物學研究所,,,,,
56528,分子與細胞生物學研究所,,,,,
36370,分子與細胞生物學研究所,,,,,
29139,分子與細胞生物學研究所,,,,,
37079,分子與細胞生物學研究所,,,,,
27509,分子與細胞生物學研究所,,,,,
13917,分子與細胞生物學研究所,,,,,
53238,分子與細胞生物學研究所,,,,,
22904,分子與細胞生物學研究所,,,,,
38991,分子與細胞生物學研究所,,,,,
56304,分子與細胞生物學研究所,,,,,
24358,獸醫學研究所 / 獸醫學系,,,,,
34210,分子暨比較病理生物學研究所 / 獸醫學研究所,,,,,
32589,分子暨比較病理生物學研究所 / 獸醫學研究所,,,,,
12932,分子暨比較病理生物學研究所,,,,,
31021,分子暨比較病理生物學研究所,,,,,
44971,分子暨比較病理生物學研究所,,,,,
22629,分子暨比較病理生物學研究所,,,,,
32095,分子暨比較病理生物學研究所,,,,,
45255,分子暨比較病理生物學研究所,,,,,
11749,分子暨比較病理生物學研究所,,,,,
19838,分子暨比較病理生物學研究所,,,,,
23543,醫療器材與醫學影像研究所,,,,,
11452,醫療器材與醫學影像研究所,,,,,
32904,醫療器材與醫學影像研究所,,,,,
38508,醫療器材與醫學影像研究所,,,,,
58763,醫療器材與醫學影像研究所,,,,,
22960,醫療器材與醫學影像研究所,,,,,
34920,醫療器材與醫學影像研究所,,,,,
29723,醫療器材與醫學影像研究所,,,,,
21335,醫療器材與醫學影像研究所,,,,,
41695,醫療器材與醫學影像研究所,,,,,
57372,醫療器材與醫學影像研究所,,,,,
48017,醫療器材與醫學影像研究所,,,,,
23942,醫療器材與醫學影像研究所,,,,,
20449,醫療器材與醫學影像研究所,,,,,
42172,醫療器材與醫學影像研究所,,,,,
39685,機械工程學系,,,,,
44172,機械工程學系,,,,,
12200,機械工程學系,,,,,
46155,機械工程學系,,,,,
36122,機械工程學系,,,,,
41264,,"工程圖為工程界之共同語言，一張好的工程圖必須能完整地表達與傳遞工程意念，製圖者與閱圖者必須能夠精準地掌握圖面的內涵，完成雙方概念的正確溝通。目前我們使用的語言是依CNS 3工程製圖國家標準所制定的。
工程圖學學習之主要目標，在於建立學生掌握與運用此項工程溝通的能力與培養學生的空間觀念，除能繪製基本工程圖外，還能迅速地識讀他人所繪之圖，並能檢查其是否正確。除了繪製閱讀工程圖外，也能熟悉物體在工程圖中之基本表達方式，並讓學生能對相關的電腦繪圖有一基本的認識與學會操作要領。
應用工程圖學之基礎，可以正確的判讀與繪製機械工程圖，以能進行必要的機械工程分析、設計與零件製作、組裝等工作。本課程與後續的電腦輔助機械製圖為一連貫課程，並且與機動學、機械設計原理、或是機械製造等各課程相關，可以應用到實際的機械設計與實務相關課程上。","1.瞭解基本投影幾何原理，
2.建立學生基本製圖（手繪與電腦製圖）與識圖能力。

課程內容區分為二個主要部份：
1.AutoCAD
2.3D CAD(Inventor)",,,
44254,機械工程學系,,,,,
32343,機械工程學系,,,,,
32215,機械工程學系,,,,,
17796,機械工程學系,,,,,
51214,機械工程學系,,,,,
30679,機械工程學系,,,,,
47825,機械工程學系,,,,,
17360,機械工程學系,,,,,
45942,機械工程學系,,,,,
15751,機械工程學系,,,,,
15534,機械工程學系,,,,,
45178,機械工程學系,,,,,
21105,機械工程學系,,,,,
45077,機械工程學系,,,,,
44256,機械工程學系,,,,,
23884,機械工程學系,,,,,
42677,機械工程學系,,,,,
14934,機械工程學系,,,,,
57207,機械工程學系,,,,,
13011,機械工程學系,,,,,
32790,機械工程學系,,,,,
56261,機械工程學系,,,,,
29497,機械工程學系,,,,,
38145,機械工程學系,,,,,
57859,機械工程學系,,,,,
44681,機械工程學系,,,,,
24803,機械工程學系,,,,,
56305,機械工程學系,,,,,
38891,機械工程學系,,,,,
47043,機械工程學系,,,,,
41652,機械工程學系,,,,,
56807,機械工程學系,,,,,
39253,機械工程學系,,,,,
40806,機械工程學系,,,,,
11559,機械工程學系,,,,,
28374,機械工程學系,,,,,
50906,機械工程學系 / 機械工程學研究所,"1.	A global view of  turbulence;
2.	How physical deductions were made; 
3.	Mathematical details to certain extent;
4.	Explanations of governing equations; 
5.	Information extracted from the governing equations;
6.	Modelling and predictions",教導學生建立紊流流場相關知識，包括認識紊流場特色、相關專業術語、紊流理論、平均流場分析、紊流模型等等。學生修完課後，預期應具備相關文獻及模擬資料之閱讀與理解能力。,修過流體力學,"80%	

閱讀報告

reading reports


20%	

課堂表現

出席與課堂討論參與情形

本校尚無訂定 A+ 比例上限。
本校採用等第制評定成績，學生成績評量辦法中的百分制分數區間與單科成績對照表僅供參考，授課教師可依等第定義調整分數區間。詳見 學習評量專區。",9hr
13574,機械工程學系,,,,,
56159,機械工程學研究所,,,,,
41693,機械工程學研究所,,,,,
20737,機械工程學研究所,,,,,
41983,機械工程學研究所,,,,,
56608,機械工程學研究所,,,,,
50492,機械工程學研究所,,,,,
14920,機械工程學研究所,,,,,
59366,機械工程學研究所,,,,,
37567,機械工程學研究所,,,,,
26881,機械工程學研究所,,,,,
32628,機械工程學研究所,,,,,
44103,藥學系 / 中草藥學程,,,,,
22468,藥學系,,,,,
24802,藥學系,,,,,
17200,藥學系,,,,,
27967,藥學系,,,,,
22822,藥學系,,,,,
22473,藥學系,,,,,
59735,藥學系,,,,,
45799,藥學系,,,,,
11298,藥學系,,,,,
51638,藥學系,,,,,
39879,藥學系,,,,,
43704,藥學系,,,,,
14636,藥學系,,,,,
44759,藥學系,,,,,
27528,藥學系,,,,,
31812,藥學系,,,,,
30410,藥學系,,,,,
32258,藥學系,,,,,
47947,藥學系,,,,,
23545,藥學系,,,,,
